time,value,flag
2024-01-01 01:00,0.68,0
2024-01-01 02:00,1.45,0
2024-01-01 03:00,2.22,0
2024-01-01 04:00,2.99,0
2024-01-01 05:00,3.59,0
2024-01-01 06:00,4.23,0
2024-01-01 07:00,4.73,0
2024-01-01 08:00,5.06,0
2024-01-01 09:00,5.22,0
2024-01-01 10:00,5.35,0
2024-01-01 11:00,5.59,0
2024-01-01 12:00,5.92,0
2024-01-01 13:00,6.16,0
2024-01-01 14:00,6.69,0
2024-01-01 15:00,7.18,0
2024-01-01 16:00,7.41,0
2024-01-01 17:00,7.62,0
2024-01-01 18:00,7.74,0
2024-01-01 19:00,7.85,0
2024-01-01 20:00,7.87,0
2024-01-01 21:00,7.95,0
2024-01-01 22:00,8.09,0
2024-01-01 23:00,8.28,0
2024-01-02 00:00,8.49,0
2024-01-02 01:00,8.57,0
2024-01-02 02:00,8.7,0
2024-01-02 03:00,8.75,0
2024-01-02 04:00,8.78,0
2024-01-02 05:00,8.82,0
2024-01-02 06:00,8.85,0
2024-01-02 07:00,8.89,0
2024-01-02 08:00,8.9,0
2024-01-02 09:00,8.93,0
2024-01-02 10:00,8.93,0
2024-01-02 11:00,8.94,0
2024-01-02 12:00,8.95,0
2024-01-02 13:00,8.95,0
2024-01-02 14:00,8.95,0
2024-01-02 15:00,8.95,0
2024-01-02 16:00,8.96,0
2024-01-02 17:00,8.99,0
2024-01-02 18:00,9.06,0
2024-01-02 19:00,9.17,0
2024-01-02 20:00,9.3,0
2024-01-02 21:00,9.38,0
2024-01-02 22:00,9.54,0
2024-01-02 23:00,9.65,0
2024-01-03 00:00,9.75,0
2024-01-03 01:00,9.91,0
2024-01-03 02:00,10.05,0
2024-01-03 03:00,10.13,0
2024-01-03 04:00,10.2,0
2024-01-03 05:00,10.24,0
2024-01-03 06:00,10.3,0
2024-01-03 07:00,10.31,0
2024-01-03 08:00,10.44,0
2024-01-03 09:00,10.57,0
2024-01-03 10:00,10.63,0
2024-01-03 11:00,10.72,0
2024-01-03 12:00,10.82,0
2024-01-03 13:00,10.9,0
2024-01-03 14:00,10.99,0
2024-01-03 15:00,11.13,0
2024-01-03 16:00,11.24,0
2024-01-03 17:00,11.36,0
2024-01-03 18:00,11.48,0
2024-01-03 19:00,11.59,0
2024-01-03 20:00,11.74,0
2024-01-03 21:00,11.86,0
2024-01-03 22:00,12.06,0
2024-01-03 23:00,12.18,0
2024-01-04 00:00,12.27,0
2024-01-04 01:00,12.32,0
2024-01-04 02:00,12.37,0
2024-01-04 03:00,12.49,0
2024-01-04 04:00,12.66,0
2024-01-04 05:00,12.91,0
2024-01-04 06:00,13.16,0
2024-01-04 07:00,13.38,0
2024-01-04 08:00,13.53,0
2024-01-04 09:00,13.79,0
2024-01-04 10:00,14.13,0
2024-01-04 11:00,14.36,0
2024-01-04 12:00,14.51,0
2024-01-04 13:00,14.57,0
2024-01-04 14:00,14.58,0
2024-01-04 15:00,14.6,0
2024-01-04 16:00,14.6,0
2024-01-04 17:00,14.61,0
2024-01-04 18:00,14.62,0
2024-01-04 19:00,14.63,0
2024-01-04 20:00,14.66,0
2024-01-04 21:00,14.7,0
2024-01-04 22:00,14.74,0
2024-01-04 23:00,14.78,0
2024-01-05 00:00,14.82,0
2024-01-05 01:00,14.86,0
2024-01-05 02:00,14.94,0
2024-01-05 03:00,15.01,0
2024-01-05 04:00,15.06,0
2024-01-05 05:00,15.15,0
2024-01-05 06:00,15.24,0
2024-01-05 07:00,15.36,0
2024-01-05 08:00,15.55,0
2024-01-05 09:00,15.73,0
2024-01-05 10:00,15.86,0
2024-01-05 11:00,16.03,0
2024-01-05 12:00,16.07,0
2024-01-05 13:00,16.08,0
2024-01-05 14:00,16.08,0
2024-01-05 15:00,16.08,0
2024-01-05 16:00,16.08,0
2024-01-05 17:00,16.08,0
2024-01-05 18:00,16.08,0
2024-01-05 19:00,16.08,0
2024-01-05 20:00,16.08,0
2024-01-05 21:00,16.08,0
2024-01-05 22:00,16.08,0
2024-01-05 23:00,16.08,0
2024-01-06 00:00,16.08,0
2024-01-06 01:00,16.09,0
2024-01-06 02:00,16.09,0
2024-01-06 03:00,16.09,0
2024-01-06 04:00,16.09,0
2024-01-06 05:00,16.15,0
2024-01-06 06:00,16.2,0
2024-01-06 07:00,16.24,0
2024-01-06 08:00,16.51,0
2024-01-06 09:00,16.62,0
2024-01-06 10:00,16.68,0
2024-01-06 11:00,16.71,0
2024-01-06 12:00,16.73,0
2024-01-06 13:00,17.14,0
2024-01-06 14:00,17.89,0
2024-01-06 15:00,18.63,0
2024-01-06 16:00,20.57,0
2024-01-06 17:00,22.49,0
2024-01-06 18:00,23.62,0
2024-01-06 19:00,24.34,0
2024-01-06 20:00,26.88,0
2024-01-06 21:00,28.59,0
2024-01-06 22:00,29.5,0
2024-01-06 23:00,30.21,0
2024-01-07 00:00,30.87,0
2024-01-07 01:00,31.69,0
2024-01-07 02:00,32.51,0
2024-01-07 03:00,33.2,0
2024-01-07 04:00,33.82,0
2024-01-07 05:00,34.68,0
2024-01-07 06:00,35.77,0
2024-01-07 07:00,37.32,0
2024-01-07 08:00,38.32,0
2024-01-07 09:00,39.57,0
2024-01-07 10:00,41.33,0
2024-01-07 11:00,43.95,0
2024-01-07 12:00,46.74,0
2024-01-07 13:00,49.42,0
2024-01-07 14:00,51.88,0
2024-01-07 15:00,53.97,0
2024-01-07 16:00,55.62,0
2024-01-07 17:00,56.82,0
2024-01-07 18:00,57.86,0
2024-01-07 19:00,58.77,0
2024-01-07 20:00,60.0,0
2024-01-07 21:00,61.22,0
2024-01-07 22:00,62.42,0
2024-01-07 23:00,63.86,0
2024-01-08 00:00,65.42,0
2024-01-08 01:00,66.99,0
2024-01-08 02:00,68.66,0
2024-01-08 03:00,70.38,0
2024-01-08 04:00,72.19,0
2024-01-08 05:00,74.22,0
2024-01-08 06:00,76.42,0
2024-01-08 07:00,78.67,0
2024-01-08 08:00,80.81,0
2024-01-08 09:00,82.19,0
2024-01-08 10:00,82.91,0
2024-01-08 11:00,83.22,0
2024-01-08 12:00,83.48,0
2024-01-08 13:00,83.67,0
2024-01-08 14:00,83.76,0
2024-01-08 15:00,83.92,0
2024-01-08 16:00,83.93,0
2024-01-08 17:00,83.95,0
2024-01-08 18:00,83.96,0
2024-01-08 19:00,83.98,0
2024-01-08 20:00,84.0,0
2024-01-08 21:00,84.03,0
2024-01-08 22:00,84.05,0
2024-01-08 23:00,84.07,0
2024-01-09 00:00,84.08,0
2024-01-09 01:00,84.1,0
2024-01-09 02:00,84.11,0
2024-01-09 03:00,84.12,0
2024-01-09 04:00,84.14,0
2024-01-09 05:00,84.15,0
2024-01-09 06:00,84.16,0
2024-01-09 07:00,84.16,0
2024-01-09 08:00,84.16,0
2024-01-09 09:00,84.16,0
2024-01-09 10:00,84.16,0
2024-01-09 11:00,84.16,0
2024-01-09 12:00,84.16,0
2024-01-09 13:00,84.16,0
2024-01-09 14:00,84.16,0
2024-01-09 15:00,84.16,0
2024-01-09 16:00,84.16,0
2024-01-09 17:00,84.16,0
2024-01-09 18:00,84.16,0
2024-01-09 19:00,84.16,0
2024-01-09 20:00,84.16,0
2024-01-09 21:00,84.16,0
2024-01-09 22:00,84.16,0
2024-01-09 23:00,84.16,0
2024-01-10 00:00,84.16,0
2024-01-10 01:00,84.16,0
2024-01-10 02:00,84.16,0
2024-01-10 03:00,84.16,0
2024-01-10 04:00,84.16,0
2024-01-10 05:00,84.16,0
2024-01-10 06:00,84.16,0
2024-01-10 07:00,84.16,0
2024-01-10 08:00,84.16,0
2024-01-10 09:00,84.16,0
2024-01-10 10:00,84.16,0
2024-01-10 11:00,84.16,0
2024-01-10 12:00,84.16,0
2024-01-10 13:00,84.16,0
2024-01-10 14:00,84.16,0
2024-01-10 15:00,84.16,0
2024-01-10 16:00,84.16,0
2024-01-10 17:00,84.16,0
2024-01-10 18:00,84.16,0
2024-01-10 19:00,84.17,0
2024-01-10 20:00,84.17,0
2024-01-10 21:00,84.17,0
2024-01-10 22:00,84.17,0
2024-01-10 23:00,84.17,0
2024-01-11 00:00,84.17,0
2024-01-11 01:00,84.19,0
2024-01-11 02:00,84.26,0
2024-01-11 03:00,84.36,0
2024-01-11 04:00,84.5,0
2024-01-11 05:00,84.67,0
2024-01-11 06:00,84.92,0
2024-01-11 07:00,85.31,0
2024-01-11 08:00,85.38,0
2024-01-11 09:00,85.39,0
2024-01-11 10:00,85.39,0
2024-01-11 11:00,85.39,0
2024-01-11 12:00,85.41,0
2024-01-11 13:00,85.42,0
2024-01-11 14:00,85.44,0
2024-01-11 15:00,85.49,0
2024-01-11 16:00,85.58,0
2024-01-11 17:00,85.6,0
2024-01-11 18:00,85.6,0
2024-01-11 19:00,85.6,0
2024-01-11 20:00,85.61,0
2024-01-11 21:00,85.61,0
2024-01-11 22:00,85.61,0
2024-01-11 23:00,85.61,0
2024-01-12 00:00,85.61,0
2024-01-12 01:00,85.61,0
2024-01-12 02:00,85.61,0
2024-01-12 03:00,85.61,0
2024-01-12 04:00,85.61,0
2024-01-12 05:00,85.61,0
2024-01-12 06:00,85.61,0
2024-01-12 07:00,85.61,0
2024-01-12 08:00,85.61,0
2024-01-12 09:00,85.61,0
2024-01-12 10:00,85.61,0
2024-01-12 11:00,85.61,0
2024-01-12 12:00,85.61,0
2024-01-12 13:00,85.61,0
2024-01-12 14:00,85.61,0
2024-01-12 15:00,85.61,0
2024-01-12 16:00,85.61,0
2024-01-12 17:00,85.61,0
2024-01-12 18:00,85.61,0
2024-01-12 19:00,85.61,0
2024-01-12 20:00,85.61,0
2024-01-12 21:00,85.61,0
2024-01-12 22:00,85.61,0
2024-01-12 23:00,85.61,0
2024-01-13 00:00,85.61,0
2024-01-13 01:00,85.61,0
2024-01-13 02:00,85.61,0
2024-01-13 03:00,85.61,0
2024-01-13 04:00,85.61,0
2024-01-13 05:00,85.61,0
2024-01-13 06:00,85.61,0
2024-01-13 07:00,85.61,0
2024-01-13 08:00,85.61,0
2024-01-13 09:00,85.61,0
2024-01-13 10:00,85.61,0
2024-01-13 11:00,85.61,0
2024-01-13 12:00,85.61,0
2024-01-13 13:00,85.61,0
2024-01-13 14:00,85.61,0
2024-01-13 15:00,85.61,0
2024-01-13 16:00,85.61,0
2024-01-13 17:00,85.61,0
2024-01-13 18:00,85.61,0
2024-01-13 19:00,85.61,0
2024-01-13 20:00,85.61,0
2024-01-13 21:00,85.61,0
2024-01-13 22:00,85.61,0
2024-01-13 23:00,85.61,0
2024-01-14 00:00,85.61,0
2024-01-14 01:00,85.61,0
2024-01-14 02:00,85.61,0
2024-01-14 03:00,85.61,0
2024-01-14 04:00,85.61,0
2024-01-14 05:00,85.62,0
2024-01-14 06:00,85.68,0
2024-01-14 07:00,85.94,0
2024-01-14 08:00,86.52,0
2024-01-14 09:00,87.06,0
2024-01-14 10:00,87.59,0
2024-01-14 11:00,87.94,0
2024-01-14 12:00,88.3,0
2024-01-14 13:00,88.47,0
2024-01-14 14:00,88.69,0
2024-01-14 15:00,89.04,0
2024-01-14 16:00,89.42,0
2024-01-14 17:00,89.77,0
2024-01-14 18:00,89.98,0
2024-01-14 19:00,90.06,0
2024-01-14 20:00,90.18,0
2024-01-14 21:00,90.25,0
2024-01-14 22:00,90.29,0
2024-01-14 23:00,90.3,0
2024-01-15 00:00,90.34,0
2024-01-15 01:00,90.38,0
2024-01-15 02:00,90.74,0
2024-01-15 03:00,91.85,0
2024-01-15 04:00,93.05,0
2024-01-15 05:00,94.28,0
2024-01-15 06:00,95.14,0
2024-01-15 07:00,96.03,0
2024-01-15 08:00,97.68,0
2024-01-15 09:00,99.23,0
2024-01-15 10:00,100.07,0
2024-01-15 11:00,100.34,0
2024-01-15 12:00,100.56,0
2024-01-15 13:00,100.88,0
2024-01-15 14:00,101.16,0
2024-01-15 15:00,101.76,0
2024-01-15 16:00,102.23,0
2024-01-15 17:00,102.46,0
2024-01-15 18:00,102.66,0
2024-01-15 19:00,102.86,0
2024-01-15 20:00,102.95,0
2024-01-15 21:00,103.06,0
2024-01-15 22:00,103.23,0
2024-01-15 23:00,103.4,0
2024-01-16 00:00,103.63,0
2024-01-16 01:00,103.73,0
2024-01-16 02:00,103.84,0
2024-01-16 03:00,103.91,0
2024-01-16 04:00,104.01,0
2024-01-16 05:00,104.08,0
2024-01-16 06:00,104.11,0
2024-01-16 07:00,104.15,0
2024-01-16 08:00,104.15,0
2024-01-16 09:00,104.16,0
2024-01-16 10:00,104.2,0
2024-01-16 11:00,104.4,0
2024-01-16 12:00,104.71,0
2024-01-16 13:00,104.9,0
2024-01-16 14:00,105.24,0
2024-01-16 15:00,105.6,0
2024-01-16 16:00,105.88,0
2024-01-16 17:00,106.1,0
2024-01-16 18:00,106.24,0
2024-01-16 19:00,106.3,0
2024-01-16 20:00,106.44,0
2024-01-16 21:00,106.56,0
2024-01-16 22:00,106.73,0
2024-01-16 23:00,106.94,0
2024-01-17 00:00,107.15,0
2024-01-17 01:00,107.44,0
2024-01-17 02:00,107.92,0
2024-01-17 03:00,108.4,0
2024-01-17 04:00,108.84,0
2024-01-17 05:00,109.16,0
2024-01-17 06:00,109.37,0
2024-01-17 07:00,109.71,0
2024-01-17 08:00,110.42,0
2024-01-17 09:00,111.43,0
2024-01-17 10:00,112.22,0
2024-01-17 11:00,112.73,0
2024-01-17 12:00,113.11,0
2024-01-17 13:00,113.6,0
2024-01-17 14:00,113.97,0
2024-01-17 15:00,114.4,0
2024-01-17 16:00,114.68,0
2024-01-17 17:00,114.95,0
2024-01-17 18:00,115.22,0
2024-01-17 19:00,115.26,0
2024-01-17 20:00,115.26,0
2024-01-17 21:00,115.26,0
2024-01-17 22:00,115.26,0
2024-01-17 23:00,115.26,0
2024-01-18 00:00,115.26,0
2024-01-18 01:00,115.4,0
2024-01-18 02:00,115.99,0
2024-01-18 03:00,115.99,0
2024-01-18 04:00,116.0,0
2024-01-18 05:00,116.01,0
2024-01-18 06:00,116.04,0
2024-01-18 07:00,116.05,0
2024-01-18 08:00,116.43,0
2024-01-18 09:00,116.84,0
2024-01-18 10:00,118.1,0
2024-01-18 11:00,119.52,0
2024-01-18 12:00,120.44,0
2024-01-18 13:00,120.74,0
2024-01-18 14:00,120.91,0
2024-01-18 15:00,121.56,0
2024-01-18 16:00,122.04,0
2024-01-18 17:00,122.21,0
2024-01-18 18:00,122.24,0
2024-01-18 19:00,122.28,0
2024-01-18 20:00,122.94,0
2024-01-18 21:00,123.52,0
2024-01-18 22:00,123.62,0
2024-01-18 23:00,123.7,0
2024-01-19 00:00,123.75,0
2024-01-19 01:00,123.81,0
2024-01-19 02:00,124.03,0
2024-01-19 03:00,124.27,0
2024-01-19 04:00,124.4,0
2024-01-19 05:00,124.5,0
2024-01-19 06:00,124.58,0
2024-01-19 07:00,124.64,0
2024-01-19 08:00,124.8,0
2024-01-19 09:00,124.9,0
2024-01-19 10:00,125.02,0
2024-01-19 11:00,125.09,0
2024-01-19 12:00,125.22,0
2024-01-19 13:00,125.38,0
2024-01-19 14:00,125.42,0
2024-01-19 15:00,125.49,0
2024-01-19 16:00,125.55,0
2024-01-19 17:00,125.73,0
2024-01-19 18:00,125.75,0
2024-01-19 19:00,125.75,0
2024-01-19 20:00,126.16,0
2024-01-19 21:00,126.44,0
2024-01-19 22:00,126.58,0
2024-01-19 23:00,126.93,0
2024-01-20 00:00,127.34,0
2024-01-20 01:00,128.17,0
2024-01-20 02:00,129.22,0
2024-01-20 03:00,130.41,0
2024-01-20 04:00,132.31,0
2024-01-20 05:00,135.11,0
2024-01-20 06:00,137.73,0
2024-01-20 07:00,140.22,0
2024-01-20 08:00,142.68,0
2024-01-20 09:00,144.75,0
2024-01-20 10:00,146.53,0
2024-01-20 11:00,147.77,0
2024-01-20 12:00,148.59,0
2024-01-20 13:00,149.36,0
2024-01-20 14:00,149.79,0
2024-01-20 15:00,149.96,0
2024-01-20 16:00,150.01,0
2024-01-20 17:00,150.02,0
2024-01-20 18:00,150.02,0
2024-01-20 19:00,150.02,0
2024-01-20 20:00,150.02,0
2024-01-20 21:00,150.02,0
2024-01-20 22:00,150.02,0
2024-01-20 23:00,150.02,0
2024-01-21 00:00,150.02,0
2024-01-21 01:00,150.02,0
2024-01-21 02:00,150.02,0
2024-01-21 03:00,150.02,0
2024-01-21 04:00,150.02,0
2024-01-21 05:00,150.02,0
2024-01-21 06:00,150.02,0
2024-01-21 07:00,150.02,0
2024-01-21 08:00,150.02,0
2024-01-21 09:00,150.02,0
2024-01-21 10:00,150.02,0
2024-01-21 11:00,150.02,0
2024-01-21 12:00,150.02,0
2024-01-21 13:00,150.02,0
2024-01-21 14:00,150.02,0
2024-01-21 15:00,150.02,0
2024-01-21 16:00,150.02,0
2024-01-21 17:00,150.02,0
2024-01-21 18:00,150.02,0
2024-01-21 19:00,150.02,0
2024-01-21 20:00,150.02,0
2024-01-21 21:00,150.02,0
2024-01-21 22:00,150.02,0
2024-01-21 23:00,150.02,0
2024-01-22 00:00,150.02,0
2024-01-22 01:00,150.02,0
2024-01-22 02:00,150.02,0
2024-01-22 03:00,150.02,0
2024-01-22 04:00,150.02,0
2024-01-22 05:00,150.02,0
2024-01-22 06:00,150.02,0
2024-01-22 07:00,150.02,0
2024-01-22 08:00,150.02,0
2024-01-22 09:00,150.02,0
2024-01-22 10:00,150.02,0
2024-01-22 11:00,150.02,0
2024-01-22 12:00,150.02,0
2024-01-22 13:00,150.02,0
2024-01-22 14:00,150.02,0
2024-01-22 15:00,150.02,0
2024-01-22 16:00,150.02,0
2024-01-22 17:00,150.02,0
2024-01-22 18:00,150.02,0
2024-01-22 19:00,150.02,0
2024-01-22 20:00,150.02,0
2024-01-22 21:00,150.02,0
2024-01-22 22:00,150.02,0
2024-01-22 23:00,150.02,0
2024-01-23 00:00,150.02,0
2024-01-23 01:00,150.02,0
2024-01-23 02:00,150.03,0
2024-01-23 03:00,150.04,0
2024-01-23 04:00,150.08,0
2024-01-23 05:00,150.09,0
2024-01-23 06:00,150.1,0
2024-01-23 07:00,150.11,0
2024-01-23 08:00,150.14,0
2024-01-23 09:00,150.38,0
2024-01-23 10:00,150.77,0
2024-01-23 11:00,151.08,0
2024-01-23 12:00,151.48,0
2024-01-23 13:00,152.05,0
2024-01-23 14:00,152.45,0
2024-01-23 15:00,152.57,0
2024-01-23 16:00,152.57,0
2024-01-23 17:00,152.57,0
2024-01-23 18:00,152.57,0
2024-01-23 19:00,152.57,0
2024-01-23 20:00,152.57,0
2024-01-23 21:00,152.57,0
2024-01-23 22:00,152.57,0
2024-01-23 23:00,152.57,0
2024-01-24 00:00,152.57,0
2024-01-24 01:00,152.57,0
2024-01-24 02:00,152.57,0
2024-01-24 03:00,152.57,0
2024-01-24 04:00,152.57,0
2024-01-24 05:00,152.57,0
2024-01-24 06:00,152.57,0
2024-01-24 07:00,152.57,0
2024-01-24 08:00,152.57,0
2024-01-24 09:00,152.57,0
2024-01-24 10:00,152.57,0
2024-01-24 11:00,152.57,0
2024-01-24 12:00,152.57,0
2024-01-24 13:00,152.57,0
2024-01-24 14:00,152.57,0
2024-01-24 15:00,152.57,0
2024-01-24 16:00,152.57,0
2024-01-24 17:00,152.57,0
2024-01-24 18:00,152.57,0
2024-01-24 19:00,152.57,0
2024-01-24 20:00,152.57,0
2024-01-24 21:00,152.57,0
2024-01-24 22:00,152.57,0
2024-01-24 23:00,152.57,0
2024-01-25 00:00,152.57,0
2024-01-25 01:00,152.57,0
2024-01-25 02:00,152.57,0
2024-01-25 03:00,152.57,0
2024-01-25 04:00,152.58,0
2024-01-25 05:00,152.59,0
2024-01-25 06:00,152.62,0
2024-01-25 07:00,152.63,0
2024-01-25 08:00,152.68,0
2024-01-25 09:00,152.82,0
2024-01-25 10:00,152.91,0
2024-01-25 11:00,152.96,0
2024-01-25 12:00,152.98,0
2024-01-25 13:00,152.99,0
2024-01-25 14:00,152.99,0
2024-01-25 15:00,152.99,0
2024-01-25 16:00,152.99,0
2024-01-25 17:00,152.99,0
2024-01-25 18:00,152.99,0
2024-01-25 19:00,152.99,0
2024-01-25 20:00,152.99,0
2024-01-25 21:00,152.99,0
2024-01-25 22:00,152.99,0
2024-01-25 23:00,152.99,0
2024-01-26 00:00,152.99,0
2024-01-26 01:00,152.99,0
2024-01-26 02:00,152.99,0
2024-01-26 03:00,152.99,0
2024-01-26 04:00,152.99,0
2024-01-26 05:00,152.99,0
2024-01-26 06:00,152.99,0
2024-01-26 07:00,152.99,0
2024-01-26 08:00,152.99,0
2024-01-26 09:00,152.99,0
2024-01-26 10:00,152.99,0
2024-01-26 11:00,152.99,0
2024-01-26 12:00,152.99,0
2024-01-26 13:00,152.99,0
2024-01-26 14:00,152.99,0
2024-01-26 15:00,152.99,0
2024-01-26 16:00,152.99,0
2024-01-26 17:00,152.99,0
2024-01-26 18:00,152.99,0
2024-01-26 19:00,152.99,0
2024-01-26 20:00,152.99,0
2024-01-26 21:00,152.99,0
2024-01-26 22:00,152.99,0
2024-01-26 23:00,152.99,0
2024-01-27 00:00,152.99,0
2024-01-27 01:00,153.0,0
2024-01-27 02:00,153.0,0
2024-01-27 03:00,153.0,0
2024-01-27 04:00,153.0,0
2024-01-27 05:00,153.0,0
2024-01-27 06:00,153.0,0
2024-01-27 07:00,153.01,0
2024-01-27 08:00,153.01,0
2024-01-27 09:00,153.01,0
2024-01-27 10:00,153.01,0
2024-01-27 11:00,153.01,0
2024-01-27 12:00,153.01,0
2024-01-27 13:00,153.01,0
2024-01-27 14:00,153.01,0
2024-01-27 15:00,153.01,0
2024-01-27 16:00,153.01,0
2024-01-27 17:00,153.01,0
2024-01-27 18:00,153.01,0
2024-01-27 19:00,153.01,0
2024-01-27 20:00,153.01,0
2024-01-27 21:00,153.01,0
2024-01-27 22:00,153.01,0
2024-01-27 23:00,153.01,0
2024-01-28 00:00,153.01,0
2024-01-28 01:00,153.01,0
2024-01-28 02:00,153.01,0
2024-01-28 03:00,153.01,0
2024-01-28 04:00,153.01,0
2024-01-28 05:00,153.01,0
2024-01-28 06:00,153.01,0
2024-01-28 07:00,153.01,0
2024-01-28 08:00,153.01,0
2024-01-28 09:00,153.01,0
2024-01-28 10:00,153.01,0
2024-01-28 11:00,153.01,0
2024-01-28 12:00,153.01,0
2024-01-28 13:00,153.01,0
2024-01-28 14:00,153.01,0
2024-01-28 15:00,153.01,0
2024-01-28 16:00,153.01,0
2024-01-28 17:00,153.01,0
2024-01-28 18:00,153.01,0
2024-01-28 19:00,153.01,0
2024-01-28 20:00,153.01,0
2024-01-28 21:00,153.01,0
2024-01-28 22:00,153.01,0
2024-01-28 23:00,153.01,0
2024-01-29 00:00,153.01,0
2024-01-29 01:00,153.01,0
2024-01-29 02:00,153.01,0
2024-01-29 03:00,153.01,0
2024-01-29 04:00,153.01,0
2024-01-29 05:00,153.01,0
2024-01-29 06:00,153.01,0
2024-01-29 07:00,153.01,0
2024-01-29 08:00,153.01,0
2024-01-29 09:00,153.01,0
2024-01-29 10:00,153.01,0
2024-01-29 11:00,153.01,0
2024-01-29 12:00,153.01,0
2024-01-29 13:00,153.01,0
2024-01-29 14:00,153.01,0
2024-01-29 15:00,153.01,0
2024-01-29 16:00,153.01,0
2024-01-29 17:00,153.01,0
2024-01-29 18:00,153.01,0
2024-01-29 19:00,153.01,0
2024-01-29 20:00,153.01,0
2024-01-29 21:00,153.01,0
2024-01-29 22:00,153.01,0
2024-01-29 23:00,153.01,0
2024-01-30 00:00,153.01,0
2024-01-30 01:00,153.01,0
2024-01-30 02:00,153.01,0
2024-01-30 03:00,153.01,0
2024-01-30 04:00,153.01,0
2024-01-30 05:00,153.01,0
2024-01-30 06:00,153.01,0
2024-01-30 07:00,153.01,0
2024-01-30 08:00,153.01,0
2024-01-30 09:00,153.01,0
2024-01-30 10:00,153.01,0
2024-01-30 11:00,153.01,0
2024-01-30 12:00,153.01,0
2024-01-30 13:00,153.01,0
2024-01-30 14:00,153.01,0
2024-01-30 15:00,153.01,0
2024-01-30 16:00,153.01,0
2024-01-30 17:00,153.01,0
2024-01-30 18:00,153.01,0
2024-01-30 19:00,153.01,0
2024-01-30 20:00,153.01,0
2024-01-30 21:00,153.01,0
2024-01-30 22:00,153.01,0
2024-01-30 23:00,153.01,0
2024-01-31 00:00,153.01,0
2024-01-31 01:00,153.01,0
2024-01-31 02:00,153.01,0
2024-01-31 03:00,153.01,0
2024-01-31 04:00,153.01,0
2024-01-31 05:00,153.01,0
2024-01-31 06:00,153.01,0
2024-01-31 07:00,153.01,0
2024-01-31 08:00,153.01,0
2024-01-31 09:00,153.01,0
2024-01-31 10:00,153.01,0
2024-01-31 11:00,153.01,0
2024-01-31 12:00,153.01,0
2024-01-31 13:00,153.01,0
2024-01-31 14:00,153.01,0
2024-01-31 15:00,153.01,0
2024-01-31 16:00,153.01,0
2024-01-31 17:00,153.01,0
2024-01-31 18:00,153.01,0
2024-01-31 19:00,153.01,0
2024-01-31 20:00,153.01,0
2024-01-31 21:00,153.01,0
2024-01-31 22:00,153.01,0
2024-01-31 23:00,153.01,0
2024-02-01 00:00,153.01,0
2024-02-01 01:00,153.01,0
2024-02-01 02:00,153.01,0
2024-02-01 03:00,153.01,0
2024-02-01 04:00,153.01,0
2024-02-01 05:00,153.01,0
2024-02-01 06:00,153.01,0
2024-02-01 07:00,153.01,0
2024-02-01 08:00,153.01,0
2024-02-01 09:00,153.01,0
2024-02-01 10:00,153.02,0
2024-02-01 11:00,153.03,0
2024-02-01 12:00,153.03,0
2024-02-01 13:00,153.04,0
2024-02-01 14:00,153.05,0
2024-02-01 15:00,153.05,0
2024-02-01 16:00,153.05,0
2024-02-01 17:00,153.07,0
2024-02-01 18:00,153.1,0
2024-02-01 19:00,153.12,0
2024-02-01 20:00,153.12,0
2024-02-01 21:00,153.12,0
2024-02-01 22:00,153.12,0
2024-02-01 23:00,153.12,0
2024-02-02 00:00,153.12,0
2024-02-02 01:00,153.12,0
2024-02-02 02:00,153.12,0
2024-02-02 03:00,153.12,0
2024-02-02 04:00,153.12,0
2024-02-02 05:00,153.12,0
2024-02-02 06:00,153.12,0
2024-02-02 07:00,153.12,0
2024-02-02 08:00,153.12,0
2024-02-02 09:00,153.12,0
2024-02-02 10:00,153.12,0
2024-02-02 11:00,153.12,0
2024-02-02 12:00,153.12,0
2024-02-02 13:00,153.12,0
2024-02-02 14:00,153.12,0
2024-02-02 15:00,153.12,0
2024-02-02 16:00,153.12,0
2024-02-02 17:00,153.12,0
2024-02-02 18:00,153.12,0
2024-02-02 19:00,153.12,0
2024-02-02 20:00,153.12,0
2024-02-02 21:00,153.12,0
2024-02-02 22:00,153.12,0
2024-02-02 23:00,153.12,0
2024-02-03 00:00,153.12,0
2024-02-03 01:00,153.12,0
2024-02-03 02:00,153.12,0
2024-02-03 03:00,153.12,0
2024-02-03 04:00,153.12,0
2024-02-03 05:00,153.12,0
2024-02-03 06:00,153.12,0
2024-02-03 07:00,153.12,0
2024-02-03 08:00,153.12,0
2024-02-03 09:00,153.12,0
2024-02-03 10:00,153.12,0
2024-02-03 11:00,153.12,0
2024-02-03 12:00,153.12,0
2024-02-03 13:00,153.12,0
2024-02-03 14:00,153.12,0
2024-02-03 15:00,153.12,0
2024-02-03 16:00,153.12,0
2024-02-03 17:00,153.12,0
2024-02-03 18:00,153.12,0
2024-02-03 19:00,153.12,0
2024-02-03 20:00,153.12,0
2024-02-03 21:00,153.12,0
2024-02-03 22:00,153.12,0
2024-02-03 23:00,153.12,0
2024-02-04 00:00,153.12,0
2024-02-04 01:00,153.12,0
2024-02-04 02:00,153.12,0
2024-02-04 03:00,153.12,0
2024-02-04 04:00,153.12,0
2024-02-04 05:00,153.12,0
2024-02-04 06:00,153.13,0
2024-02-04 07:00,153.13,0
2024-02-04 08:00,153.15,0
2024-02-04 09:00,153.17,0
2024-02-04 10:00,153.21,0
2024-02-04 11:00,153.27,0
2024-02-04 12:00,153.32,0
2024-02-04 13:00,153.34,0
2024-02-04 14:00,153.35,0
2024-02-04 15:00,153.35,0
2024-02-04 16:00,153.37,0
2024-02-04 17:00,153.4,0
2024-02-04 18:00,153.41,0
2024-02-04 19:00,153.43,0
2024-02-04 20:00,153.43,0
2024-02-04 21:00,153.43,0
2024-02-04 22:00,153.43,0
2024-02-04 23:00,153.43,0
2024-02-05 00:00,153.44,0
2024-02-05 01:00,153.44,0
2024-02-05 02:00,153.44,0
2024-02-05 03:00,153.44,0
2024-02-05 04:00,153.44,0
2024-02-05 05:00,153.44,0
2024-02-05 06:00,153.45,0
2024-02-05 07:00,153.45,0
2024-02-05 08:00,153.45,0
2024-02-05 09:00,153.46,0
2024-02-05 10:00,153.47,0
2024-02-05 11:00,153.47,0
2024-02-05 12:00,153.48,0
2024-02-05 13:00,153.49,0
2024-02-05 14:00,153.5,0
2024-02-05 15:00,153.5,0
2024-02-05 16:00,153.51,0
2024-02-05 17:00,153.56,0
2024-02-05 18:00,153.59,0
2024-02-05 19:00,153.65,0
2024-02-05 20:00,153.7,0
2024-02-05 21:00,153.74,0
2024-02-05 22:00,153.8,0
2024-02-05 23:00,153.85,0
2024-02-06 00:00,153.88,0
2024-02-06 01:00,153.89,0
2024-02-06 02:00,153.91,0
2024-02-06 03:00,153.92,0
2024-02-06 04:00,153.93,0
2024-02-06 05:00,153.94,0
2024-02-06 06:00,153.95,0
2024-02-06 07:00,153.95,0
2024-02-06 08:00,153.96,0
2024-02-06 09:00,153.96,0
2024-02-06 10:00,153.97,0
2024-02-06 11:00,153.99,0
2024-02-06 12:00,154.0,0
2024-02-06 13:00,154.03,0
2024-02-06 14:00,154.04,0
2024-02-06 15:00,154.05,0
2024-02-06 16:00,154.05,0
2024-02-06 17:00,154.06,0
2024-02-06 18:00,154.06,0
2024-02-06 19:00,154.06,0
2024-02-06 20:00,154.07,0
2024-02-06 21:00,154.07,0
2024-02-06 22:00,154.07,0
2024-02-06 23:00,154.07,0
2024-02-07 00:00,154.08,0
2024-02-07 01:00,154.09,0
2024-02-07 02:00,154.09,0
2024-02-07 03:00,154.09,0
2024-02-07 04:00,154.1,0
2024-02-07 05:00,154.11,0
2024-02-07 06:00,154.12,0
2024-02-07 07:00,154.12,0
2024-02-07 08:00,154.13,0
2024-02-07 09:00,154.14,0
2024-02-07 10:00,154.15,0
2024-02-07 11:00,154.16,0
2024-02-07 12:00,154.16,0
2024-02-07 13:00,154.17,0
2024-02-07 14:00,154.17,0
2024-02-07 15:00,154.17,0
2024-02-07 16:00,154.17,0
2024-02-07 17:00,154.18,0
2024-02-07 18:00,154.18,0
2024-02-07 19:00,154.18,0
2024-02-07 20:00,154.19,0
2024-02-07 21:00,154.2,0
2024-02-07 22:00,154.24,0
2024-02-07 23:00,154.27,0
2024-02-08 00:00,154.33,0
2024-02-08 01:00,154.38,0
2024-02-08 02:00,154.47,0
2024-02-08 03:00,154.6,0
2024-02-08 04:00,154.74,0
2024-02-08 05:00,154.86,0
2024-02-08 06:00,154.96,0
2024-02-08 07:00,155.03,0
2024-02-08 08:00,155.12,0
2024-02-08 09:00,155.34,0
2024-02-08 10:00,155.48,0
2024-02-08 11:00,155.65,0
2024-02-08 12:00,155.76,0
2024-02-08 13:00,155.9,0
2024-02-08 14:00,155.98,0
2024-02-08 15:00,156.09,0
2024-02-08 16:00,156.19,0
2024-02-08 17:00,156.25,0
2024-02-08 18:00,156.34,0
2024-02-08 19:00,156.41,0
2024-02-08 20:00,156.46,0
2024-02-08 21:00,156.49,0
2024-02-08 22:00,156.51,0
2024-02-08 23:00,156.52,0
2024-02-09 00:00,156.54,0
2024-02-09 01:00,156.6,0
2024-02-09 02:00,156.68,0
2024-02-09 03:00,156.77,0
2024-02-09 04:00,156.86,0
2024-02-09 05:00,156.98,0
2024-02-09 06:00,157.16,0
2024-02-09 07:00,157.5,0
2024-02-09 08:00,157.69,0
2024-02-09 09:00,157.92,0
2024-02-09 10:00,158.0,0
2024-02-09 11:00,158.02,0
2024-02-09 12:00,158.02,0
2024-02-09 13:00,158.02,0
2024-02-09 14:00,158.02,0
2024-02-09 15:00,158.02,0
2024-02-09 16:00,158.02,0
2024-02-09 17:00,158.02,0
2024-02-09 18:00,158.02,0
2024-02-09 19:00,158.02,0
2024-02-09 20:00,158.02,0
2024-02-09 21:00,158.02,0
2024-02-09 22:00,158.02,0
2024-02-09 23:00,158.02,0
2024-02-10 00:00,158.02,0
2024-02-10 01:00,158.02,0
2024-02-10 02:00,158.02,0
2024-02-10 03:00,158.02,0
2024-02-10 04:00,158.02,0
2024-02-10 05:00,158.07,0
2024-02-10 06:00,158.43,0
2024-02-10 07:00,158.79,0
2024-02-10 08:00,158.96,0
2024-02-10 09:00,159.11,0
2024-02-10 10:00,159.26,0
2024-02-10 11:00,159.45,0
2024-02-10 12:00,159.95,0
2024-02-10 13:00,161.44,0
2024-02-10 14:00,163.77,0
2024-02-10 15:00,166.17,0
2024-02-10 16:00,168.71,0
2024-02-10 17:00,170.88,0
2024-02-10 18:00,173.33,0
2024-02-10 19:00,175.73,0
2024-02-10 20:00,178.74,0
2024-02-10 21:00,182.77,0
2024-02-10 22:00,187.01,0
2024-02-10 23:00,190.46,0
2024-02-11 00:00,193.32,0
2024-02-11 01:00,196.55,0
2024-02-11 02:00,199.87,0
2024-02-11 03:00,203.5,0
2024-02-11 04:00,206.87,0
2024-02-11 05:00,210.06,0
2024-02-11 06:00,214.36,0
2024-02-11 07:00,218.45,0
2024-02-11 08:00,221.55,0
2024-02-11 09:00,224.4,0
2024-02-11 10:00,227.32,0
2024-02-11 11:00,228.75,0
2024-02-11 12:00,230.11,0
2024-02-11 13:00,231.22,0
2024-02-11 14:00,232.78,0
2024-02-11 15:00,234.62,0
2024-02-11 16:00,236.35,0
2024-02-11 17:00,238.9,0
2024-02-11 18:00,240.95,0
2024-02-11 19:00,243.2,0
2024-02-11 20:00,244.75,0
2024-02-11 21:00,246.11,0
2024-02-11 22:00,247.84,0
2024-02-11 23:00,249.49,0
2024-02-12 00:00,251.0,0
2024-02-12 01:00,252.61,0
2024-02-12 02:00,254.4,0
2024-02-12 03:00,255.94,0
2024-02-12 04:00,256.97,0
2024-02-12 05:00,257.31,0
2024-02-12 06:00,257.43,0
2024-02-12 07:00,257.49,0
2024-02-12 08:00,257.91,0
2024-02-12 09:00,258.19,0
2024-02-12 10:00,258.27,0
2024-02-12 11:00,258.3,0
2024-02-12 12:00,258.31,0
2024-02-12 13:00,258.33,0
2024-02-12 14:00,258.45,0
2024-02-12 15:00,258.62,0
2024-02-12 16:00,258.75,0
2024-02-12 17:00,258.82,0
2024-02-12 18:00,258.88,0
2024-02-12 19:00,258.98,0
2024-02-12 20:00,259.08,0
2024-02-12 21:00,259.32,0
2024-02-12 22:00,259.57,0
2024-02-12 23:00,259.74,0
2024-02-13 00:00,259.86,0
2024-02-13 01:00,259.91,0
2024-02-13 02:00,259.91,0
2024-02-13 03:00,259.91,0
2024-02-13 04:00,259.91,0
2024-02-13 05:00,259.91,0
2024-02-13 06:00,259.92,0
2024-02-13 07:00,259.92,0
2024-02-13 08:00,259.95,0
2024-02-13 09:00,259.95,0
2024-02-13 10:00,259.95,0
2024-02-13 11:00,259.96,0
2024-02-13 12:00,259.97,0
2024-02-13 13:00,259.99,0
2024-02-13 14:00,259.99,0
2024-02-13 15:00,260.06,0
2024-02-13 16:00,260.06,0
2024-02-13 17:00,260.14,0
2024-02-13 18:00,260.14,0
2024-02-13 19:00,260.14,0
2024-02-13 20:00,260.14,0
2024-02-13 21:00,260.14,0
2024-02-13 22:00,260.14,0
2024-02-13 23:00,260.14,0
2024-02-14 00:00,260.14,0
2024-02-14 01:00,260.14,0
2024-02-14 02:00,260.14,0
2024-02-14 03:00,260.14,0
2024-02-14 04:00,260.14,0
2024-02-14 05:00,260.14,0
2024-02-14 06:00,260.14,0
2024-02-14 07:00,260.14,0
2024-02-14 08:00,260.14,0
2024-02-14 09:00,260.14,0
2024-02-14 10:00,260.14,0
2024-02-14 11:00,260.14,0
2024-02-14 12:00,260.14,0
2024-02-14 13:00,260.14,0
2024-02-14 14:00,260.14,0
2024-02-14 15:00,260.14,0
2024-02-14 16:00,260.14,0
2024-02-14 17:00,260.14,0
2024-02-14 18:00,260.14,0
2024-02-14 19:00,260.14,0
2024-02-14 20:00,260.14,0
2024-02-14 21:00,260.14,0
2024-02-14 22:00,260.14,0
2024-02-14 23:00,260.14,0
2024-02-15 00:00,260.14,0
2024-02-15 01:00,260.14,0
2024-02-15 02:00,260.14,0
2024-02-15 03:00,260.14,0
2024-02-15 04:00,260.14,0
2024-02-15 05:00,260.14,0
2024-02-15 06:00,260.14,0
2024-02-15 07:00,260.14,0
2024-02-15 08:00,260.14,0
2024-02-15 09:00,260.14,0
2024-02-15 10:00,260.14,0
2024-02-15 11:00,260.14,0
2024-02-15 12:00,260.14,0
2024-02-15 13:00,260.14,0
2024-02-15 14:00,260.14,0
2024-02-15 15:00,260.14,0
2024-02-15 16:00,260.14,0
2024-02-15 17:00,260.14,0
2024-02-15 18:00,260.14,0
2024-02-15 19:00,260.14,0
2024-02-15 20:00,260.14,0
2024-02-15 21:00,260.14,0
2024-02-15 22:00,260.14,0
2024-02-15 23:00,260.14,0
2024-02-16 00:00,260.14,0
2024-02-16 01:00,260.14,0
2024-02-16 02:00,260.14,0
2024-02-16 03:00,260.14,0
2024-02-16 04:00,260.14,0
2024-02-16 05:00,260.14,0
2024-02-16 06:00,260.14,0
2024-02-16 07:00,260.14,0
2024-02-16 08:00,260.14,0
2024-02-16 09:00,260.14,0
2024-02-16 10:00,260.14,0
2024-02-16 11:00,260.14,0
2024-02-16 12:00,260.14,0
2024-02-16 13:00,260.14,0
2024-02-16 14:00,260.14,0
2024-02-16 15:00,260.14,0
2024-02-16 16:00,260.14,0
2024-02-16 17:00,260.14,0
2024-02-16 18:00,260.14,0
2024-02-16 19:00,260.14,0
2024-02-16 20:00,260.14,0
2024-02-16 21:00,260.14,0
2024-02-16 22:00,260.14,0
2024-02-16 23:00,260.14,0
2024-02-17 00:00,260.14,0
2024-02-17 01:00,260.14,0
2024-02-17 02:00,260.14,0
2024-02-17 03:00,260.14,0
2024-02-17 04:00,260.14,0
2024-02-17 05:00,260.14,0
2024-02-17 06:00,260.14,0
2024-02-17 07:00,260.14,0
2024-02-17 08:00,260.14,0
2024-02-17 09:00,260.14,0
2024-02-17 10:00,260.14,0
2024-02-17 11:00,260.14,0
2024-02-17 12:00,260.14,0
2024-02-17 13:00,260.14,0
2024-02-17 14:00,260.14,0
2024-02-17 15:00,260.14,0
2024-02-17 16:00,260.14,0
2024-02-17 17:00,260.14,0
2024-02-17 18:00,260.14,0
2024-02-17 19:00,260.14,0
2024-02-17 20:00,260.14,0
2024-02-17 21:00,260.14,0
2024-02-17 22:00,260.14,0
2024-02-17 23:00,260.14,0
2024-02-18 00:00,260.14,0
2024-02-18 01:00,260.14,0
2024-02-18 02:00,260.14,0
2024-02-18 03:00,260.14,0
2024-02-18 04:00,260.14,0
2024-02-18 05:00,260.14,0
2024-02-18 06:00,260.14,0
2024-02-18 07:00,260.14,0
2024-02-18 08:00,260.14,0
2024-02-18 09:00,260.14,0
2024-02-18 10:00,260.14,0
2024-02-18 11:00,260.14,0
2024-02-18 12:00,260.14,0
2024-02-18 13:00,260.14,0
2024-02-18 14:00,260.14,0
2024-02-18 15:00,260.14,0
2024-02-18 16:00,260.14,0
2024-02-18 17:00,260.14,0
2024-02-18 18:00,260.14,0
2024-02-18 19:00,260.14,0
2024-02-18 20:00,260.16,0
2024-02-18 21:00,260.18,0
2024-02-18 22:00,260.21,0
2024-02-18 23:00,260.25,0
2024-02-19 00:00,260.3,0
2024-02-19 01:00,260.36,0
2024-02-19 02:00,260.41,0
2024-02-19 03:00,260.48,0
2024-02-19 04:00,260.54,0
2024-02-19 05:00,260.61,0
2024-02-19 06:00,260.69,0
2024-02-19 07:00,260.77,0
2024-02-19 08:00,260.85,0
2024-02-19 09:00,260.91,0
2024-02-19 10:00,260.94,0
2024-02-19 11:00,260.96,0
2024-02-19 12:00,260.97,0
2024-02-19 13:00,261.0,0
2024-02-19 14:00,261.04,0
2024-02-19 15:00,261.09,0
2024-02-19 16:00,261.11,0
2024-02-19 17:00,261.12,0
2024-02-19 18:00,261.12,0
2024-02-19 19:00,261.12,0
2024-02-19 20:00,261.12,0
2024-02-19 21:00,261.13,0
2024-02-19 22:00,261.13,0
2024-02-19 23:00,261.14,0
2024-02-20 00:00,261.14,0
2024-02-20 01:00,261.14,0
2024-02-20 02:00,261.14,0
2024-02-20 03:00,261.17,0
2024-02-20 04:00,261.2,0
2024-02-20 05:00,261.21,0
2024-02-20 06:00,261.22,0
2024-02-20 07:00,261.23,0
2024-02-20 08:00,261.3,0
2024-02-20 09:00,261.41,0
2024-02-20 10:00,261.48,0
2024-02-20 11:00,261.5,0
2024-02-20 12:00,261.52,0
2024-02-20 13:00,261.52,0
2024-02-20 14:00,261.57,0
2024-02-20 15:00,261.58,0
2024-02-20 16:00,261.58,0
2024-02-20 17:00,261.58,0
2024-02-20 18:00,261.58,0
2024-02-20 19:00,261.58,0
2024-02-20 20:00,261.58,0
2024-02-20 21:00,261.58,0
2024-02-20 22:00,261.58,0
2024-02-20 23:00,261.58,0
2024-02-21 00:00,261.58,0
2024-02-21 01:00,261.58,0
2024-02-21 02:00,261.58,0
2024-02-21 03:00,261.58,0
2024-02-21 04:00,261.58,0
2024-02-21 05:00,261.58,0
2024-02-21 06:00,261.58,0
2024-02-21 07:00,261.58,0
2024-02-21 08:00,261.58,0
2024-02-21 09:00,261.58,0
2024-02-21 10:00,261.58,0
2024-02-21 11:00,261.58,0
2024-02-21 12:00,261.58,0
2024-02-21 13:00,261.58,0
2024-02-21 14:00,261.58,0
2024-02-21 15:00,261.58,0
2024-02-21 16:00,261.59,0
2024-02-21 17:00,261.59,0
2024-02-21 18:00,261.59,0
2024-02-21 19:00,261.59,0
2024-02-21 20:00,261.59,0
2024-02-21 21:00,261.59,0
2024-02-21 22:00,261.59,0
2024-02-21 23:00,261.59,0
2024-02-22 00:00,261.59,0
2024-02-22 01:00,261.59,0
2024-02-22 02:00,261.59,0
2024-02-22 03:00,261.59,0
2024-02-22 04:00,261.59,0
2024-02-22 05:00,261.59,0
2024-02-22 06:00,261.59,0
2024-02-22 07:00,261.59,0
2024-02-22 08:00,261.61,0
2024-02-22 09:00,261.67,0
2024-02-22 10:00,261.71,0
2024-02-22 11:00,261.74,0
2024-02-22 12:00,261.75,0
2024-02-22 13:00,261.75,0
2024-02-22 14:00,261.76,0
2024-02-22 15:00,261.76,0
2024-02-22 16:00,261.76,0
2024-02-22 17:00,261.76,0
2024-02-22 18:00,261.77,0
2024-02-22 19:00,261.77,0
2024-02-22 20:00,261.77,0
2024-02-22 21:00,261.77,0
2024-02-22 22:00,261.77,0
2024-02-22 23:00,261.77,0
2024-02-23 00:00,261.78,0
2024-02-23 01:00,261.81,0
2024-02-23 02:00,261.9,0
2024-02-23 03:00,262.02,0
2024-02-23 04:00,262.12,0
2024-02-23 05:00,262.29,0
2024-02-23 06:00,262.48,0
2024-02-23 07:00,262.61,0
2024-02-23 08:00,262.8,0
2024-02-23 09:00,263.02,0
2024-02-23 10:00,263.25,0
2024-02-23 11:00,263.43,0
2024-02-23 12:00,263.63,0
2024-02-23 13:00,263.73,0
2024-02-23 14:00,263.78,0
2024-02-23 15:00,263.82,0
2024-02-23 16:00,263.89,0
2024-02-23 17:00,263.95,0
2024-02-23 18:00,264.07,0
2024-02-23 19:00,264.28,0
2024-02-23 20:00,264.82,0
2024-02-23 21:00,266.03,0
2024-02-23 22:00,268.66,0
2024-02-23 23:00,272.49,0
2024-02-24 00:00,277.07,0
2024-02-24 01:00,280.21,0
2024-02-24 02:00,281.85,0
2024-02-24 03:00,282.73,0
2024-02-24 04:00,283.2,0
2024-02-24 05:00,283.62,0
2024-02-24 06:00,284.24,0
2024-02-24 07:00,285.17,0
2024-02-24 08:00,285.41,0
2024-02-24 09:00,285.74,0
2024-02-24 10:00,286.06,0
2024-02-24 11:00,286.27,0
2024-02-24 12:00,286.32,0
2024-02-24 13:00,286.36,0
2024-02-24 14:00,286.39,0
2024-02-24 15:00,286.41,0
2024-02-24 16:00,286.43,0
2024-02-24 17:00,286.46,0
2024-02-24 18:00,286.47,0
2024-02-24 19:00,286.48,0
2024-02-24 20:00,286.5,0
2024-02-24 21:00,286.51,0
2024-02-24 22:00,286.52,0
2024-02-24 23:00,286.52,0
2024-02-25 00:00,286.57,0
2024-02-25 01:00,286.8,0
2024-02-25 02:00,287.04,0
2024-02-25 03:00,287.36,0
2024-02-25 04:00,287.69,0
2024-02-25 05:00,288.04,0
2024-02-25 06:00,288.4,0
2024-02-25 07:00,288.93,0
2024-02-25 08:00,289.44,0
2024-02-25 09:00,289.98,0
2024-02-25 10:00,290.47,0
2024-02-25 11:00,290.68,0
2024-02-25 12:00,291.04,0
2024-02-25 13:00,291.37,0
2024-02-25 14:00,291.82,0
2024-02-25 15:00,291.93,0
2024-02-25 16:00,292.02,0
2024-02-25 17:00,292.06,0
2024-02-25 18:00,292.09,0
2024-02-25 19:00,292.11,0
2024-02-25 20:00,292.11,0
2024-02-25 21:00,292.11,0
2024-02-25 22:00,292.11,0
2024-02-25 23:00,292.11,0
2024-02-26 00:00,292.11,0
2024-02-26 01:00,292.11,0
2024-02-26 02:00,292.11,0
2024-02-26 03:00,292.11,0
2024-02-26 04:00,292.11,0
2024-02-26 05:00,292.11,0
2024-02-26 06:00,292.11,0
2024-02-26 07:00,292.11,0
2024-02-26 08:00,292.11,0
2024-02-26 09:00,292.11,0
2024-02-26 10:00,292.11,0
2024-02-26 11:00,292.11,0
2024-02-26 12:00,292.11,0
2024-02-26 13:00,292.11,0
2024-02-26 14:00,292.11,0
2024-02-26 15:00,292.11,0
2024-02-26 16:00,292.11,0
2024-02-26 17:00,292.11,0
2024-02-26 18:00,292.11,0
2024-02-26 19:00,292.11,0
2024-02-26 20:00,292.11,0
2024-02-26 21:00,292.11,0
2024-02-26 22:00,292.12,0
2024-02-26 23:00,292.12,0
2024-02-27 00:00,292.12,0
2024-02-27 01:00,292.12,0
2024-02-27 02:00,292.12,0
2024-02-27 03:00,292.12,0
2024-02-27 04:00,292.12,0
2024-02-27 05:00,292.12,0
2024-02-27 06:00,292.12,0
2024-02-27 07:00,292.12,0
2024-02-27 08:00,292.12,0
2024-02-27 09:00,292.12,0
2024-02-27 10:00,292.12,0
2024-02-27 11:00,292.12,0
2024-02-27 12:00,292.12,0
2024-02-27 13:00,292.12,0
2024-02-27 14:00,292.12,0
2024-02-27 15:00,292.12,0
2024-02-27 16:00,292.12,0
2024-02-27 17:00,292.12,0
2024-02-27 18:00,292.12,0
2024-02-27 19:00,292.12,0
2024-02-27 20:00,292.12,0
2024-02-27 21:00,292.12,0
2024-02-27 22:00,292.12,0
2024-02-27 23:00,292.12,0
2024-02-28 00:00,292.12,0
2024-02-28 01:00,292.12,0
2024-02-28 02:00,292.12,0
2024-02-28 03:00,292.12,0
2024-02-28 04:00,292.12,0
2024-02-28 05:00,292.12,0
2024-02-28 06:00,292.12,0
2024-02-28 07:00,292.12,0
2024-02-28 08:00,292.12,0
2024-02-28 09:00,292.12,0
2024-02-28 10:00,292.19,0
2024-02-28 11:00,292.21,0
2024-02-28 12:00,292.37,0
2024-02-28 13:00,292.67,0
2024-02-28 14:00,292.76,0
2024-02-28 15:00,292.93,0
2024-02-28 16:00,292.93,0
2024-02-28 17:00,292.93,0
2024-02-28 18:00,292.94,0
2024-02-28 19:00,292.94,0
2024-02-28 20:00,292.96,0
2024-02-28 21:00,292.97,0
2024-02-28 22:00,292.98,0
2024-02-28 23:00,293.05,0
2024-02-29 00:00,293.06,0
2024-02-29 01:00,293.35,0
2024-02-29 02:00,294.04,0
2024-02-29 03:00,295.62,0
2024-02-29 04:00,298.0,0
2024-02-29 05:00,300.57,0
2024-02-29 06:00,303.21,0
2024-02-29 07:00,305.36,0
2024-02-29 08:00,305.98,0
2024-02-29 09:00,306.04,0
2024-02-29 10:00,306.08,0
2024-02-29 11:00,306.1,0
2024-02-29 12:00,306.12,0
2024-02-29 13:00,306.23,0
2024-02-29 14:00,306.48,0
2024-02-29 15:00,307.07,0
2024-02-29 16:00,307.2,0
2024-02-29 17:00,307.33,0
2024-02-29 18:00,307.55,0
2024-02-29 19:00,307.68,0
2024-02-29 20:00,307.76,0
2024-02-29 21:00,307.91,0
2024-02-29 22:00,308.31,0
2024-02-29 23:00,309.21,0
2024-03-01 00:00,310.73,0
2024-03-01 01:00,312.49,0
2024-03-01 02:00,313.74,0
2024-03-01 03:00,314.95,0
2024-03-01 04:00,316.3,0
2024-03-01 05:00,317.96,0
2024-03-01 06:00,319.17,0
2024-03-01 07:00,320.76,0
2024-03-01 08:00,321.17,0
2024-03-01 09:00,321.51,0
2024-03-01 10:00,322.01,0
2024-03-01 11:00,322.66,0
2024-03-01 12:00,323.28,0
2024-03-01 13:00,323.56,0
2024-03-01 14:00,323.72,0
2024-03-01 15:00,323.76,0
2024-03-01 16:00,323.81,0
2024-03-01 17:00,324.46,0
2024-03-01 18:00,324.52,0
2024-03-01 19:00,324.56,0
2024-03-01 20:00,324.56,0
2024-03-01 21:00,324.57,0
2024-03-01 22:00,324.64,0
2024-03-01 23:00,324.88,0
2024-03-02 00:00,325.1,0
2024-03-02 01:00,325.32,0
2024-03-02 02:00,325.42,0
2024-03-02 03:00,325.5,0
2024-03-02 04:00,325.59,0
2024-03-02 05:00,325.64,0
2024-03-02 06:00,325.66,0
2024-03-02 07:00,325.76,0
2024-03-02 08:00,326.0,0
2024-03-02 09:00,326.21,0
2024-03-02 10:00,326.4,0
2024-03-02 11:00,326.67,0
2024-03-02 12:00,326.91,0
2024-03-02 13:00,327.25,0
2024-03-02 14:00,327.81,0
2024-03-02 15:00,328.09,0
2024-03-02 16:00,328.76,0
2024-03-02 17:00,328.97,0
2024-03-02 18:00,329.11,0
2024-03-02 19:00,329.16,0
2024-03-02 20:00,329.18,0
2024-03-02 21:00,329.21,0
2024-03-02 22:00,329.27,0
2024-03-02 23:00,329.33,0
2024-03-03 00:00,329.39,0
2024-03-03 01:00,329.44,0
2024-03-03 02:00,329.45,0
2024-03-03 03:00,329.45,0
2024-03-03 04:00,329.46,0
2024-03-03 05:00,329.46,0
2024-03-03 06:00,329.46,0
2024-03-03 07:00,329.46,0
2024-03-03 08:00,329.48,0
2024-03-03 09:00,329.51,0
2024-03-03 10:00,329.59,0
2024-03-03 11:00,329.62,0
2024-03-03 12:00,329.64,0
2024-03-03 13:00,329.64,0
2024-03-03 14:00,329.64,0
2024-03-03 15:00,329.64,0
2024-03-03 16:00,329.64,0
2024-03-03 17:00,329.64,0
2024-03-03 18:00,329.64,0
2024-03-03 19:00,329.64,0
2024-03-03 20:00,329.64,0
2024-03-03 21:00,329.71,0
2024-03-03 22:00,330.12,0
2024-03-03 23:00,331.21,0
2024-03-04 00:00,334.33,0
2024-03-04 01:00,336.15,0
2024-03-04 02:00,337.58,0
2024-03-04 03:00,339.51,0
2024-03-04 04:00,341.9,0
2024-03-04 05:00,343.89,0
2024-03-04 06:00,344.87,0
2024-03-04 07:00,346.12,0
2024-03-04 08:00,346.83,0
2024-03-04 09:00,348.04,0
2024-03-04 10:00,349.31,0
2024-03-04 11:00,350.48,0
2024-03-04 12:00,351.34,0
2024-03-04 13:00,351.88,0
2024-03-04 14:00,352.2,0
2024-03-04 15:00,352.38,0
2024-03-04 16:00,352.63,0
2024-03-04 17:00,352.66,0
2024-03-04 18:00,352.68,0
2024-03-04 19:00,352.69,0
2024-03-04 20:00,352.7,0
2024-03-04 21:00,352.7,0
2024-03-04 22:00,352.72,0
2024-03-04 23:00,352.76,0
2024-03-05 00:00,352.9,0
2024-03-05 01:00,352.99,0
2024-03-05 02:00,353.27,0
2024-03-05 03:00,353.49,0
2024-03-05 04:00,353.52,0
2024-03-05 05:00,353.58,0
2024-03-05 06:00,353.6,0
2024-03-05 07:00,353.61,0
2024-03-05 08:00,353.61,0
2024-03-05 09:00,353.61,0
2024-03-05 10:00,353.61,0
2024-03-05 11:00,353.62,0
2024-03-05 12:00,353.68,0
2024-03-05 13:00,353.73,0
2024-03-05 14:00,353.77,0
2024-03-05 15:00,353.81,0
2024-03-05 16:00,353.81,0
2024-03-05 17:00,353.81,0
2024-03-05 18:00,353.81,0
2024-03-05 19:00,353.81,0
2024-03-05 20:00,353.81,0
2024-03-05 21:00,353.81,0
2024-03-05 22:00,353.81,0
2024-03-05 23:00,353.83,0
2024-03-06 00:00,353.85,0
2024-03-06 01:00,353.91,0
2024-03-06 02:00,353.96,0
2024-03-06 03:00,354.04,0
2024-03-06 04:00,354.08,0
2024-03-06 05:00,354.22,0
2024-03-06 06:00,354.35,0
2024-03-06 07:00,354.44,0
2024-03-06 08:00,354.54,0
2024-03-06 09:00,354.67,0
2024-03-06 10:00,354.77,0
2024-03-06 11:00,354.89,0
2024-03-06 12:00,355.09,0
2024-03-06 13:00,355.13,0
2024-03-06 14:00,355.14,0
2024-03-06 15:00,355.14,0
2024-03-06 16:00,355.15,0
2024-03-06 17:00,355.16,0
2024-03-06 18:00,355.19,0
2024-03-06 19:00,355.3,0
2024-03-06 20:00,355.33,0
2024-03-06 21:00,355.76,0
2024-03-06 22:00,355.96,0
2024-03-06 23:00,356.17,0
2024-03-07 00:00,356.53,0
2024-03-07 01:00,356.68,0
2024-03-07 02:00,356.78,0
2024-03-07 03:00,356.83,0
2024-03-07 04:00,356.87,0
2024-03-07 05:00,356.96,0
2024-03-07 06:00,357.1,0
2024-03-07 07:00,357.22,0
2024-03-07 08:00,357.25,0
2024-03-07 09:00,357.27,0
2024-03-07 10:00,357.36,0
2024-03-07 11:00,357.55,0
2024-03-07 12:00,357.78,0
2024-03-07 13:00,357.9,0
2024-03-07 14:00,357.97,0
2024-03-07 15:00,357.99,0
2024-03-07 16:00,357.99,0
2024-03-07 17:00,358.0,0
2024-03-07 18:00,358.0,0
2024-03-07 19:00,358.0,0
2024-03-07 20:00,358.0,0
2024-03-07 21:00,358.0,0
2024-03-07 22:00,358.0,0
2024-03-07 23:00,358.0,0
2024-03-08 00:00,358.0,0
2024-03-08 01:00,358.0,0
2024-03-08 02:00,358.0,0
2024-03-08 03:00,358.0,0
2024-03-08 04:00,358.0,0
2024-03-08 05:00,358.0,0
2024-03-08 06:00,358.0,0
2024-03-08 07:00,358.0,0
2024-03-08 08:00,358.0,0
2024-03-08 09:00,358.0,0
2024-03-08 10:00,358.0,0
2024-03-08 11:00,358.0,0
2024-03-08 12:00,358.0,0
2024-03-08 13:00,358.0,0
2024-03-08 14:00,358.0,0
2024-03-08 15:00,358.0,0
2024-03-08 16:00,358.0,0
2024-03-08 17:00,358.0,0
2024-03-08 18:00,358.0,0
2024-03-08 19:00,358.01,0
2024-03-08 20:00,358.01,0
2024-03-08 21:00,358.13,0
2024-03-08 22:00,358.13,0
2024-03-08 23:00,358.25,0
2024-03-09 00:00,358.54,0
2024-03-09 01:00,359.05,0
2024-03-09 02:00,359.4,0
2024-03-09 03:00,359.56,0
2024-03-09 04:00,359.8,0
2024-03-09 05:00,360.31,0
2024-03-09 06:00,361.73,0
2024-03-09 07:00,364.09,0
2024-03-09 08:00,365.84,0
2024-03-09 09:00,367.78,0
2024-03-09 10:00,370.09,0
2024-03-09 11:00,372.48,0
2024-03-09 12:00,375.44,0
2024-03-09 13:00,378.0,0
2024-03-09 14:00,379.46,0
2024-03-09 15:00,380.44,0
2024-03-09 16:00,381.92,0
2024-03-09 17:00,383.44,0
2024-03-09 18:00,383.7,0
2024-03-09 19:00,383.84,0
2024-03-09 20:00,383.94,0
2024-03-09 21:00,383.96,0
2024-03-09 22:00,383.96,0
2024-03-09 23:00,383.96,0
2024-03-10 00:00,383.96,0
2024-03-10 01:00,383.96,0
2024-03-10 02:00,383.96,0
2024-03-10 03:00,383.96,0
2024-03-10 04:00,383.96,0
2024-03-10 05:00,383.96,0
2024-03-10 06:00,383.96,0
2024-03-10 07:00,383.96,0
2024-03-10 08:00,383.96,0
2024-03-10 09:00,383.96,0
2024-03-10 10:00,383.96,0
2024-03-10 11:00,383.96,0
2024-03-10 12:00,383.96,0
2024-03-10 13:00,383.96,0
2024-03-10 14:00,384.0,0
2024-03-10 15:00,384.11,0
2024-03-10 16:00,384.53,0
2024-03-10 17:00,385.0,0
2024-03-10 18:00,385.71,0
2024-03-10 19:00,386.85,0
2024-03-10 20:00,387.54,0
2024-03-10 21:00,388.31,0
2024-03-10 22:00,389.76,0
2024-03-10 23:00,391.31,0
2024-03-11 00:00,393.85,0
2024-03-11 01:00,397.84,0
2024-03-11 02:00,402.81,0
2024-03-11 03:00,406.16,0
2024-03-11 04:00,408.43,0
2024-03-11 05:00,409.83,0
2024-03-11 06:00,410.41,0
2024-03-11 07:00,410.84,0
2024-03-11 08:00,411.76,0
2024-03-11 09:00,413.26,0
2024-03-11 10:00,415.05,0
2024-03-11 11:00,416.71,0
2024-03-11 12:00,418.65,0
2024-03-11 13:00,419.88,0
2024-03-11 14:00,421.24,0
2024-03-11 15:00,423.85,0
2024-03-11 16:00,426.66,0
2024-03-11 17:00,430.0,0
2024-03-11 18:00,432.26,0
2024-03-11 19:00,433.65,0
2024-03-11 20:00,436.06,0
2024-03-11 21:00,437.12,0
2024-03-11 22:00,437.84,0
2024-03-11 23:00,438.81,0
2024-03-12 00:00,439.46,0
2024-03-12 01:00,439.75,0
2024-03-12 02:00,440.58,0
2024-03-12 03:00,442.66,0
2024-03-12 04:00,444.36,0
2024-03-12 05:00,445.53,0
2024-03-12 06:00,446.08,0
2024-03-12 07:00,446.75,0
2024-03-12 08:00,447.13,0
2024-03-12 09:00,448.1,0
2024-03-12 10:00,449.18,0
2024-03-12 11:00,449.86,0
2024-03-12 12:00,450.1,0
2024-03-12 13:00,450.22,0
2024-03-12 14:00,450.26,0
2024-03-12 15:00,450.33,0
2024-03-12 16:00,451.1,0
2024-03-12 17:00,452.39,0
2024-03-12 18:00,452.65,0
2024-03-12 19:00,452.69,0
2024-03-12 20:00,452.72,0
2024-03-12 21:00,452.72,0
2024-03-12 22:00,452.72,0
2024-03-12 23:00,452.72,0
2024-03-13 00:00,452.72,0
2024-03-13 01:00,452.72,0
2024-03-13 02:00,452.72,0
2024-03-13 03:00,452.72,0
2024-03-13 04:00,452.72,0
2024-03-13 05:00,452.72,0
2024-03-13 06:00,452.72,0
2024-03-13 07:00,452.72,0
2024-03-13 08:00,452.72,0
2024-03-13 09:00,452.72,0
2024-03-13 10:00,452.72,0
2024-03-13 11:00,452.77,0
2024-03-13 12:00,452.77,0
2024-03-13 13:00,452.78,0
2024-03-13 14:00,452.78,0
2024-03-13 15:00,452.79,0
2024-03-13 16:00,452.8,0
2024-03-13 17:00,452.81,0
2024-03-13 18:00,452.81,0
2024-03-13 19:00,452.81,0
2024-03-13 20:00,452.81,0
2024-03-13 21:00,452.81,0
2024-03-13 22:00,452.81,0
2024-03-13 23:00,452.81,0
2024-03-14 00:00,452.81,0
2024-03-14 01:00,452.81,0
2024-03-14 02:00,452.81,0
2024-03-14 03:00,452.81,0
2024-03-14 04:00,452.81,0
2024-03-14 05:00,452.81,0
2024-03-14 06:00,452.81,0
2024-03-14 07:00,452.81,0
2024-03-14 08:00,452.81,0
2024-03-14 09:00,452.81,0
2024-03-14 10:00,452.81,0
2024-03-14 11:00,452.81,0
2024-03-14 12:00,452.81,0
2024-03-14 13:00,452.81,0
2024-03-14 14:00,452.81,0
2024-03-14 15:00,452.81,0
2024-03-14 16:00,452.81,0
2024-03-14 17:00,452.81,0
2024-03-14 18:00,452.82,0
2024-03-14 19:00,452.82,0
2024-03-14 20:00,452.83,0
2024-03-14 21:00,452.83,0
2024-03-14 22:00,452.83,0
2024-03-14 23:00,452.84,0
2024-03-15 00:00,452.88,0
2024-03-15 01:00,452.9,0
2024-03-15 02:00,452.91,0
2024-03-15 03:00,452.92,0
2024-03-15 04:00,452.92,0
2024-03-15 05:00,452.93,0
2024-03-15 06:00,452.94,0
2024-03-15 07:00,452.96,0
2024-03-15 08:00,452.97,0
2024-03-15 09:00,452.98,0
2024-03-15 10:00,452.98,0
2024-03-15 11:00,452.99,0
2024-03-15 12:00,452.99,0
2024-03-15 13:00,452.99,0
2024-03-15 14:00,452.99,0
2024-03-15 15:00,452.99,0
2024-03-15 16:00,452.99,0
2024-03-15 17:00,452.99,0
2024-03-15 18:00,452.99,0
2024-03-15 19:00,452.99,0
2024-03-15 20:00,452.99,0
2024-03-15 21:00,452.99,0
2024-03-15 22:00,452.99,0
2024-03-15 23:00,452.99,0
2024-03-16 00:00,452.99,0
2024-03-16 01:00,453.0,0
2024-03-16 02:00,453.0,0
2024-03-16 03:00,453.0,0
2024-03-16 04:00,453.01,0
2024-03-16 05:00,453.02,0
2024-03-16 06:00,453.05,0
2024-03-16 07:00,453.09,0
2024-03-16 08:00,453.16,0
2024-03-16 09:00,453.3,0
2024-03-16 10:00,453.48,0
2024-03-16 11:00,453.66,0
2024-03-16 12:00,453.8,0
2024-03-16 13:00,453.94,0
2024-03-16 14:00,454.14,0
2024-03-16 15:00,454.38,0
2024-03-16 16:00,454.5,0
2024-03-16 17:00,454.85,0
2024-03-16 18:00,455.04,0
2024-03-16 19:00,455.16,0
2024-03-16 20:00,455.18,0
2024-03-16 21:00,455.18,0
2024-03-16 22:00,455.19,0
2024-03-16 23:00,455.2,0
2024-03-17 00:00,455.2,0
2024-03-17 01:00,455.21,0
2024-03-17 02:00,455.21,0
2024-03-17 03:00,455.21,0
2024-03-17 04:00,455.21,0
2024-03-17 05:00,455.21,0
2024-03-17 06:00,455.21,0
2024-03-17 07:00,455.21,0
2024-03-17 08:00,455.21,0
2024-03-17 09:00,455.21,0
2024-03-17 10:00,455.21,0
2024-03-17 11:00,455.21,0
2024-03-17 12:00,455.22,0
2024-03-17 13:00,455.22,0
2024-03-17 14:00,455.22,0
2024-03-17 15:00,455.22,0
2024-03-17 16:00,455.22,0
2024-03-17 17:00,455.22,0
2024-03-17 18:00,455.22,0
2024-03-17 19:00,455.22,0
2024-03-17 20:00,455.22,0
2024-03-17 21:00,455.22,0
2024-03-17 22:00,455.22,0
2024-03-17 23:00,455.22,0
2024-03-18 00:00,455.22,0
2024-03-18 01:00,455.22,0
2024-03-18 02:00,455.22,0
2024-03-18 03:00,455.22,0
2024-03-18 04:00,455.23,0
2024-03-18 05:00,455.24,0
2024-03-18 06:00,455.25,0
2024-03-18 07:00,455.27,0
2024-03-18 08:00,455.33,0
2024-03-18 09:00,455.39,0
2024-03-18 10:00,455.45,0
2024-03-18 11:00,455.51,0
2024-03-18 12:00,455.61,0
2024-03-18 13:00,455.73,0
2024-03-18 14:00,455.94,0
2024-03-18 15:00,456.14,0
2024-03-18 16:00,456.25,0
2024-03-18 17:00,456.3,0
2024-03-18 18:00,456.34,0
2024-03-18 19:00,456.41,0
2024-03-18 20:00,456.5,0
2024-03-18 21:00,456.66,0
2024-03-18 22:00,456.76,0
2024-03-18 23:00,456.92,0
2024-03-19 00:00,457.06,0
2024-03-19 01:00,457.23,0
2024-03-19 02:00,457.46,0
2024-03-19 03:00,457.59,0
2024-03-19 04:00,457.77,0
2024-03-19 05:00,457.94,0
2024-03-19 06:00,458.08,0
2024-03-19 07:00,458.2,0
2024-03-19 08:00,458.25,0
2024-03-19 09:00,458.28,0
2024-03-19 10:00,458.28,0
2024-03-19 11:00,458.28,0
2024-03-19 12:00,458.28,0
2024-03-19 13:00,458.28,0
2024-03-19 14:00,458.28,0
2024-03-19 15:00,458.28,0
2024-03-19 16:00,458.28,0
2024-03-19 17:00,458.28,0
2024-03-19 18:00,458.28,0
2024-03-19 19:00,458.28,0
2024-03-19 20:00,458.28,0
2024-03-19 21:00,458.28,0
2024-03-19 22:00,458.28,0
2024-03-19 23:00,458.28,0
2024-03-20 00:00,458.28,0
2024-03-20 01:00,458.28,0
2024-03-20 02:00,458.28,0
2024-03-20 03:00,458.28,0
2024-03-20 04:00,458.28,0
2024-03-20 05:00,458.28,0
2024-03-20 06:00,458.28,0
2024-03-20 07:00,458.28,0
2024-03-20 08:00,458.28,0
2024-03-20 09:00,458.28,0
2024-03-20 10:00,458.28,0
2024-03-20 11:00,458.28,0
2024-03-20 12:00,458.28,0
2024-03-20 13:00,458.28,0
2024-03-20 14:00,458.28,0
2024-03-20 15:00,458.28,0
2024-03-20 16:00,458.28,0
2024-03-20 17:00,458.28,0
2024-03-20 18:00,458.28,0
2024-03-20 19:00,458.28,0
2024-03-20 20:00,458.28,0
2024-03-20 21:00,458.28,0
2024-03-20 22:00,458.28,0
2024-03-20 23:00,458.28,0
2024-03-21 00:00,458.28,0
2024-03-21 01:00,458.28,0
2024-03-21 02:00,458.28,0
2024-03-21 03:00,458.28,0
2024-03-21 04:00,458.28,0
2024-03-21 05:00,458.28,0
2024-03-21 06:00,458.28,0
2024-03-21 07:00,458.28,0
2024-03-21 08:00,458.28,0
2024-03-21 09:00,458.28,0
2024-03-21 10:00,458.28,0
2024-03-21 11:00,458.28,0
2024-03-21 12:00,458.28,0
2024-03-21 13:00,458.28,0
2024-03-21 14:00,458.28,0
2024-03-21 15:00,458.28,0
2024-03-21 16:00,458.29,0
2024-03-21 17:00,458.29,0
2024-03-21 18:00,458.3,0
2024-03-21 19:00,458.3,0
2024-03-21 20:00,458.3,0
2024-03-21 21:00,458.3,0
2024-03-21 22:00,458.3,0
2024-03-21 23:00,458.3,0
2024-03-22 00:00,458.3,0
2024-03-22 01:00,458.3,0
2024-03-22 02:00,458.31,0
2024-03-22 03:00,458.31,0
2024-03-22 04:00,458.32,0
2024-03-22 05:00,458.41,0
2024-03-22 06:00,458.44,0
2024-03-22 07:00,458.49,0
2024-03-22 08:00,458.5,0
2024-03-22 09:00,458.5,0
2024-03-22 10:00,458.5,0
2024-03-22 11:00,458.52,0
2024-03-22 12:00,458.56,0
2024-03-22 13:00,458.56,0
2024-03-22 14:00,458.57,0
2024-03-22 15:00,458.7,0
2024-03-22 16:00,458.74,0
2024-03-22 17:00,458.75,0
2024-03-22 18:00,458.75,0
2024-03-22 19:00,458.75,0
2024-03-22 20:00,458.75,0
2024-03-22 21:00,458.75,0
2024-03-22 22:00,458.75,0
2024-03-22 23:00,458.75,0
2024-03-23 00:00,458.75,0
2024-03-23 01:00,458.75,0
2024-03-23 02:00,458.75,0
2024-03-23 03:00,458.75,0
2024-03-23 04:00,458.75,0
2024-03-23 05:00,458.75,0
2024-03-23 06:00,458.75,0
2024-03-23 07:00,458.75,0
2024-03-23 08:00,458.75,0
2024-03-23 09:00,458.75,0
2024-03-23 10:00,458.75,0
2024-03-23 11:00,458.77,0
2024-03-23 12:00,458.8,0
2024-03-23 13:00,458.83,0
2024-03-23 14:00,458.85,0
2024-03-23 15:00,458.86,0
2024-03-23 16:00,458.86,0
2024-03-23 17:00,458.88,0
2024-03-23 18:00,458.88,0
2024-03-23 19:00,458.88,0
2024-03-23 20:00,458.89,0
2024-03-23 21:00,458.95,0
2024-03-23 22:00,459.01,0
2024-03-23 23:00,459.1,0
2024-03-24 00:00,459.18,0
2024-03-24 01:00,459.31,0
2024-03-24 02:00,459.4,0
2024-03-24 03:00,459.54,0
2024-03-24 04:00,459.75,0
2024-03-24 05:00,460.03,0
2024-03-24 06:00,460.24,0
2024-03-24 07:00,460.51,0
2024-03-24 08:00,460.74,0
2024-03-24 09:00,460.76,0
2024-03-24 10:00,460.76,0
2024-03-24 11:00,460.76,0
2024-03-24 12:00,460.76,0
2024-03-24 13:00,460.76,0
2024-03-24 14:00,460.77,0
2024-03-24 15:00,460.77,0
2024-03-24 16:00,460.78,0
2024-03-24 17:00,460.78,0
2024-03-24 18:00,460.78,0
2024-03-24 19:00,460.79,0
2024-03-24 20:00,460.79,0
2024-03-24 21:00,460.8,0
2024-03-24 22:00,460.8,0
2024-03-24 23:00,460.8,0
2024-03-25 00:00,460.8,0
2024-03-25 01:00,460.8,0
2024-03-25 02:00,460.81,0
2024-03-25 03:00,460.83,0
2024-03-25 04:00,460.84,0
2024-03-25 05:00,460.86,0
2024-03-25 06:00,460.86,0
2024-03-25 07:00,460.86,0
2024-03-25 08:00,460.87,0
2024-03-25 09:00,460.87,0
2024-03-25 10:00,460.87,0
2024-03-25 11:00,460.87,0
2024-03-25 12:00,460.87,0
2024-03-25 13:00,460.87,0
2024-03-25 14:00,460.87,0
2024-03-25 15:00,460.87,0
2024-03-25 16:00,460.87,0
2024-03-25 17:00,460.87,0
2024-03-25 18:00,460.87,0
2024-03-25 19:00,460.87,0
2024-03-25 20:00,460.98,0
2024-03-25 21:00,461.22,0
2024-03-25 22:00,461.22,0
2024-03-25 23:00,461.22,0
2024-03-26 00:00,461.22,0
2024-03-26 01:00,461.22,0
2024-03-26 02:00,461.22,0
2024-03-26 03:00,461.22,0
2024-03-26 04:00,461.26,0
2024-03-26 05:00,461.33,0
2024-03-26 06:00,461.4,0
2024-03-26 07:00,461.68,0
2024-03-26 08:00,461.75,0
2024-03-26 09:00,461.89,0
2024-03-26 10:00,462.01,0
2024-03-26 11:00,462.09,0
2024-03-26 12:00,462.48,0
2024-03-26 13:00,463.57,0
2024-03-26 14:00,464.2,0
2024-03-26 15:00,464.28,0
2024-03-26 16:00,464.56,0
2024-03-26 17:00,465.12,0
2024-03-26 18:00,465.57,0
2024-03-26 19:00,465.77,0
2024-03-26 20:00,466.0,0
2024-03-26 21:00,466.13,0
2024-03-26 22:00,466.27,0
2024-03-26 23:00,466.43,0
2024-03-27 00:00,466.51,0
2024-03-27 01:00,466.56,0
2024-03-27 02:00,466.63,0
2024-03-27 03:00,466.7,0
2024-03-27 04:00,466.8,0
2024-03-27 05:00,466.88,0
2024-03-27 06:00,466.92,0
2024-03-27 07:00,466.93,0
2024-03-27 08:00,466.93,0
2024-03-27 09:00,467.04,0
2024-03-27 10:00,467.04,0
2024-03-27 11:00,467.04,0
2024-03-27 12:00,467.04,0
2024-03-27 13:00,467.56,0
2024-03-27 14:00,468.1,0
2024-03-27 15:00,469.37,0
2024-03-27 16:00,471.29,0
2024-03-27 17:00,473.48,0
2024-03-27 18:00,474.92,0
2024-03-27 19:00,475.99,0
2024-03-27 20:00,476.83,0
2024-03-27 21:00,477.53,0
2024-03-27 22:00,477.94,0
2024-03-27 23:00,478.44,0
2024-03-28 00:00,478.53,0
2024-03-28 01:00,478.59,0
2024-03-28 02:00,478.66,0
2024-03-28 03:00,478.73,0
2024-03-28 04:00,478.8,0
2024-03-28 05:00,478.8,0
2024-03-28 06:00,478.8,0
2024-03-28 07:00,478.8,0
2024-03-28 08:00,478.83,0
2024-03-28 09:00,478.95,0
2024-03-28 10:00,479.19,0
2024-03-28 11:00,479.58,0
2024-03-28 12:00,479.98,0
2024-03-28 13:00,480.68,0
2024-03-28 14:00,481.1,0
2024-03-28 15:00,481.32,0
2024-03-28 16:00,481.38,0
2024-03-28 17:00,481.39,0
2024-03-28 18:00,481.4,0
2024-03-28 19:00,481.42,0
2024-03-28 20:00,481.49,0
2024-03-28 21:00,481.58,0
2024-03-28 22:00,481.63,0
2024-03-28 23:00,481.65,0
2024-03-29 00:00,481.65,0
2024-03-29 01:00,481.65,0
2024-03-29 02:00,481.65,0
2024-03-29 03:00,481.65,0
2024-03-29 04:00,481.65,0
2024-03-29 05:00,481.65,0
2024-03-29 06:00,481.65,0
2024-03-29 07:00,481.65,0
2024-03-29 08:00,481.65,0
2024-03-29 09:00,481.65,0
2024-03-29 10:00,481.65,0
2024-03-29 11:00,481.65,0
2024-03-29 12:00,481.65,0
2024-03-29 13:00,481.65,0
2024-03-29 14:00,481.65,0
2024-03-29 15:00,481.65,0
2024-03-29 16:00,481.65,0
2024-03-29 17:00,481.65,0
2024-03-29 18:00,481.65,0
2024-03-29 19:00,481.65,0
2024-03-29 20:00,481.65,0
2024-03-29 21:00,481.65,0
2024-03-29 22:00,481.65,0
2024-03-29 23:00,481.65,0
2024-03-30 00:00,481.65,0
2024-03-30 01:00,481.65,0
2024-03-30 02:00,481.65,0
2024-03-30 03:00,481.65,0
2024-03-30 04:00,481.65,0
2024-03-30 05:00,481.65,0
2024-03-30 06:00,481.65,0
2024-03-30 07:00,481.65,0
2024-03-30 08:00,481.65,0
2024-03-30 09:00,481.65,0
2024-03-30 10:00,481.65,0
2024-03-30 11:00,481.65,0
2024-03-30 12:00,481.65,0
2024-03-30 13:00,481.65,0
2024-03-30 14:00,481.65,0
2024-03-30 15:00,481.65,0
2024-03-30 16:00,481.65,0
2024-03-30 17:00,481.65,0
2024-03-30 18:00,481.65,0
2024-03-30 19:00,481.65,0
2024-03-30 20:00,481.65,0
2024-03-30 21:00,481.65,0
2024-03-30 22:00,481.65,0
2024-03-30 23:00,481.65,0
2024-03-31 00:00,481.65,0
2024-03-31 01:00,481.65,0
2024-03-31 02:00,481.65,0
2024-03-31 03:00,481.65,0
2024-03-31 04:00,481.65,0
2024-03-31 05:00,481.65,0
2024-03-31 06:00,481.65,0
2024-03-31 07:00,481.65,0
2024-03-31 08:00,481.65,0
2024-03-31 09:00,481.65,0
2024-03-31 10:00,481.65,0
2024-03-31 11:00,481.65,0
2024-03-31 12:00,481.65,0
2024-03-31 13:00,481.65,0
2024-03-31 14:00,481.65,0
2024-03-31 15:00,481.65,0
2024-03-31 16:00,481.65,0
2024-03-31 17:00,481.65,0
2024-03-31 18:00,481.65,0
2024-03-31 19:00,481.65,0
2024-03-31 20:00,481.65,0
2024-03-31 21:00,481.65,0
2024-03-31 22:00,481.65,0
2024-03-31 23:00,481.65,0
2024-04-01 00:00,481.65,0
2024-04-01 01:00,481.65,0
2024-04-01 02:00,481.65,0
2024-04-01 03:00,481.65,0
2024-04-01 04:00,481.65,0
2024-04-01 05:00,481.65,0
2024-04-01 06:00,481.65,0
2024-04-01 07:00,481.65,0
2024-04-01 08:00,481.65,0
2024-04-01 09:00,481.65,0
2024-04-01 10:00,481.65,0
2024-04-01 11:00,481.65,0
2024-04-01 12:00,481.65,0
2024-04-01 13:00,481.65,0
2024-04-01 14:00,481.65,0
2024-04-01 15:00,481.65,0
2024-04-01 16:00,481.65,0
2024-04-01 17:00,481.65,0
2024-04-01 18:00,481.66,0
2024-04-01 19:00,481.82,0
2024-04-01 20:00,483.09,0
2024-04-01 21:00,483.77,0
2024-04-01 22:00,484.0,0
2024-04-01 23:00,484.0,0
2024-04-02 00:00,484.01,0
2024-04-02 01:00,484.06,0
2024-04-02 02:00,484.22,0
2024-04-02 03:00,484.52,0
2024-04-02 04:00,484.85,0
2024-04-02 05:00,485.0,0
2024-04-02 06:00,485.03,0
2024-04-02 07:00,485.04,0
2024-04-02 08:00,485.04,0
2024-04-02 09:00,485.04,0
2024-04-02 10:00,485.09,0
2024-04-02 11:00,485.19,0
2024-04-02 12:00,485.34,0
2024-04-02 13:00,485.4,0
2024-04-02 14:00,485.41,0
2024-04-02 15:00,485.43,0
2024-04-02 16:00,485.43,0
2024-04-02 17:00,485.43,0
2024-04-02 18:00,485.43,0
2024-04-02 19:00,485.43,0
2024-04-02 20:00,485.46,0
2024-04-02 21:00,485.51,0
2024-04-02 22:00,485.52,0
2024-04-02 23:00,485.53,0
2024-04-03 00:00,485.53,0
2024-04-03 01:00,485.54,0
2024-04-03 02:00,485.54,0
2024-04-03 03:00,485.54,0
2024-04-03 04:00,485.54,0
2024-04-03 05:00,485.54,0
2024-04-03 06:00,485.54,0
2024-04-03 07:00,485.55,0
2024-04-03 08:00,485.56,0
2024-04-03 09:00,485.6,0
2024-04-03 10:00,485.63,0
2024-04-03 11:00,485.68,0
2024-04-03 12:00,485.69,0
2024-04-03 13:00,485.69,0
2024-04-03 14:00,485.69,0
2024-04-03 15:00,485.69,0
2024-04-03 16:00,485.69,0
2024-04-03 17:00,485.7,0
2024-04-03 18:00,485.7,0
2024-04-03 19:00,485.7,0
2024-04-03 20:00,485.7,0
2024-04-03 21:00,485.7,0
2024-04-03 22:00,485.71,0
2024-04-03 23:00,485.72,0
2024-04-04 00:00,485.73,0
2024-04-04 01:00,485.74,0
2024-04-04 02:00,485.75,0
2024-04-04 03:00,485.75,0
2024-04-04 04:00,485.75,0
2024-04-04 05:00,485.75,0
2024-04-04 06:00,485.75,0
2024-04-04 07:00,485.76,0
2024-04-04 08:00,485.76,0
2024-04-04 09:00,485.76,0
2024-04-04 10:00,485.76,0
2024-04-04 11:00,485.76,0
2024-04-04 12:00,485.76,0
2024-04-04 13:00,485.76,0
2024-04-04 14:00,485.76,0
2024-04-04 15:00,485.76,0
2024-04-04 16:00,485.76,0
2024-04-04 17:00,485.76,0
2024-04-04 18:00,485.76,0
2024-04-04 19:00,485.76,0
2024-04-04 20:00,485.76,0
2024-04-04 21:00,485.76,0
2024-04-04 22:00,485.76,0
2024-04-04 23:00,485.76,0
2024-04-05 00:00,485.76,0
2024-04-05 01:00,485.76,0
2024-04-05 02:00,485.76,0
2024-04-05 03:00,485.76,0
2024-04-05 04:00,485.76,0
2024-04-05 05:00,485.76,0
2024-04-05 06:00,485.76,0
2024-04-05 07:00,485.76,0
2024-04-05 08:00,485.76,0
2024-04-05 09:00,485.76,0
2024-04-05 10:00,485.76,0
2024-04-05 11:00,485.76,0
2024-04-05 12:00,485.76,0
2024-04-05 13:00,485.76,0
2024-04-05 14:00,485.76,0
2024-04-05 15:00,485.76,0
2024-04-05 16:00,485.76,0
2024-04-05 17:00,485.76,0
2024-04-05 18:00,485.76,0
2024-04-05 19:00,485.76,0
2024-04-05 20:00,485.76,0
2024-04-05 21:00,485.76,0
2024-04-05 22:00,485.76,0
2024-04-05 23:00,485.76,0
2024-04-06 00:00,485.76,0
2024-04-06 01:00,485.76,0
2024-04-06 02:00,485.76,0
2024-04-06 03:00,485.76,0
2024-04-06 04:00,485.76,0
2024-04-06 05:00,485.76,0
2024-04-06 06:00,485.76,0
2024-04-06 07:00,485.76,0
2024-04-06 08:00,485.76,0
2024-04-06 09:00,485.76,0
2024-04-06 10:00,485.76,0
2024-04-06 11:00,485.76,0
2024-04-06 12:00,485.76,0
2024-04-06 13:00,485.76,0
2024-04-06 14:00,485.76,0
2024-04-06 15:00,485.76,0
2024-04-06 16:00,485.76,0
2024-04-06 17:00,485.76,0
2024-04-06 18:00,485.76,0
2024-04-06 19:00,485.76,0
2024-04-06 20:00,485.76,0
2024-04-06 21:00,485.76,0
2024-04-06 22:00,485.76,0
2024-04-06 23:00,485.76,0
2024-04-07 00:00,485.76,0
2024-04-07 01:00,485.76,0
2024-04-07 02:00,485.76,0
2024-04-07 03:00,485.76,0
2024-04-07 04:00,485.76,0
2024-04-07 05:00,485.76,0
2024-04-07 06:00,485.76,0
2024-04-07 07:00,485.76,0
2024-04-07 08:00,485.76,0
2024-04-07 09:00,485.76,0
2024-04-07 10:00,485.76,0
2024-04-07 11:00,485.76,0
2024-04-07 12:00,485.76,0
2024-04-07 13:00,485.76,0
2024-04-07 14:00,485.76,0
2024-04-07 15:00,485.76,0
2024-04-07 16:00,485.76,0
2024-04-07 17:00,485.76,0
2024-04-07 18:00,485.76,0
2024-04-07 19:00,485.76,0
2024-04-07 20:00,485.76,0
2024-04-07 21:00,485.76,0
2024-04-07 22:00,485.77,0
2024-04-07 23:00,485.77,0
2024-04-08 00:00,485.77,0
2024-04-08 01:00,485.77,0
2024-04-08 02:00,485.77,0
2024-04-08 03:00,485.77,0
2024-04-08 04:00,485.77,0
2024-04-08 05:00,485.77,0
2024-04-08 06:00,485.77,0
2024-04-08 07:00,485.77,0
2024-04-08 08:00,485.77,0
2024-04-08 09:00,485.77,0
2024-04-08 10:00,485.77,0
2024-04-08 11:00,485.77,0
2024-04-08 12:00,485.77,0
2024-04-08 13:00,485.77,0
2024-04-08 14:00,485.77,0
2024-04-08 15:00,485.77,0
2024-04-08 16:00,485.77,0
2024-04-08 17:00,485.77,0
2024-04-08 18:00,485.77,0
2024-04-08 19:00,485.77,0
2024-04-08 20:00,485.77,0
2024-04-08 21:00,485.77,0
2024-04-08 22:00,485.77,0
2024-04-08 23:00,485.77,0
2024-04-09 00:00,485.77,0
2024-04-09 01:00,485.77,0
2024-04-09 02:00,485.77,0
2024-04-09 03:00,485.77,0
2024-04-09 04:00,485.77,0
2024-04-09 05:00,485.77,0
2024-04-09 06:00,485.77,0
2024-04-09 07:00,485.77,0
2024-04-09 08:00,485.77,0
2024-04-09 09:00,485.77,0
2024-04-09 10:00,485.77,0
2024-04-09 11:00,485.77,0
2024-04-09 12:00,485.77,0
2024-04-09 13:00,485.77,0
2024-04-09 14:00,485.77,0
2024-04-09 15:00,485.77,0
2024-04-09 16:00,485.77,0
2024-04-09 17:00,485.77,0
2024-04-09 18:00,485.77,0
2024-04-09 19:00,485.77,0
2024-04-09 20:00,485.77,0
2024-04-09 21:00,485.77,0
2024-04-09 22:00,485.77,0
2024-04-09 23:00,485.77,0
2024-04-10 00:00,485.77,0
2024-04-10 01:00,485.77,0
2024-04-10 02:00,485.77,0
2024-04-10 03:00,485.78,0
2024-04-10 04:00,485.82,0
2024-04-10 05:00,485.93,0
2024-04-10 06:00,486.19,0
2024-04-10 07:00,486.57,0
2024-04-10 08:00,486.81,0
2024-04-10 09:00,486.98,0
2024-04-10 10:00,487.06,0
2024-04-10 11:00,487.09,0
2024-04-10 12:00,487.09,0
2024-04-10 13:00,487.09,0
2024-04-10 14:00,487.09,0
2024-04-10 15:00,487.09,0
2024-04-10 16:00,487.09,0
2024-04-10 17:00,487.09,0
2024-04-10 18:00,487.09,0
2024-04-10 19:00,487.09,0
2024-04-10 20:00,487.09,0
2024-04-10 21:00,487.09,0
2024-04-10 22:00,487.09,0
2024-04-10 23:00,487.09,0
2024-04-11 00:00,487.09,0
2024-04-11 01:00,487.09,0
2024-04-11 02:00,487.09,0
2024-04-11 03:00,487.09,0
2024-04-11 04:00,487.09,0
2024-04-11 05:00,487.09,0
2024-04-11 06:00,487.09,0
2024-04-11 07:00,487.09,0
2024-04-11 08:00,487.09,0
2024-04-11 09:00,487.09,0
2024-04-11 10:00,487.09,0
2024-04-11 11:00,487.09,0
2024-04-11 12:00,487.09,0
2024-04-11 13:00,487.09,0
2024-04-11 14:00,487.1,0
2024-04-11 15:00,487.14,0
2024-04-11 16:00,487.15,0
2024-04-11 17:00,487.15,0
2024-04-11 18:00,487.15,0
2024-04-11 19:00,487.15,0
2024-04-11 20:00,487.15,0
2024-04-11 21:00,487.15,0
2024-04-11 22:00,487.15,0
2024-04-11 23:00,487.15,0
2024-04-12 00:00,487.15,0
2024-04-12 01:00,487.15,0
2024-04-12 02:00,487.15,0
2024-04-12 03:00,487.15,0
2024-04-12 04:00,487.15,0
2024-04-12 05:00,487.15,0
2024-04-12 06:00,487.15,0
2024-04-12 07:00,487.15,0
2024-04-12 08:00,487.15,0
2024-04-12 09:00,487.15,0
2024-04-12 10:00,487.15,0
2024-04-12 11:00,487.15,0
2024-04-12 12:00,487.15,0
2024-04-12 13:00,487.15,0
2024-04-12 14:00,487.15,0
2024-04-12 15:00,487.16,0
2024-04-12 16:00,487.16,0
2024-04-12 17:00,487.16,0
2024-04-12 18:00,487.16,0
2024-04-12 19:00,487.16,0
2024-04-12 20:00,487.16,0
2024-04-12 21:00,487.16,0
2024-04-12 22:00,487.16,0
2024-04-12 23:00,487.16,0
2024-04-13 00:00,487.16,0
2024-04-13 01:00,487.16,0
2024-04-13 02:00,487.16,0
2024-04-13 03:00,487.16,0
2024-04-13 04:00,487.16,0
2024-04-13 05:00,487.16,0
2024-04-13 06:00,487.16,0
2024-04-13 07:00,487.16,0
2024-04-13 08:00,487.16,0
2024-04-13 09:00,487.16,0
2024-04-13 10:00,487.16,0
2024-04-13 11:00,487.16,0
2024-04-13 12:00,487.16,0
2024-04-13 13:00,487.16,0
2024-04-13 14:00,487.16,0
2024-04-13 15:00,487.16,0
2024-04-13 16:00,487.16,0
2024-04-13 17:00,487.16,0
2024-04-13 18:00,487.16,0
2024-04-13 19:00,487.16,0
2024-04-13 20:00,487.16,0
2024-04-13 21:00,487.16,0
2024-04-13 22:00,487.16,0
2024-04-13 23:00,487.16,0
2024-04-14 00:00,487.16,0
2024-04-14 01:00,487.16,0
2024-04-14 02:00,487.16,0
2024-04-14 03:00,487.16,0
2024-04-14 04:00,487.16,0
2024-04-14 05:00,487.16,0
2024-04-14 06:00,487.16,0
2024-04-14 07:00,487.16,0
2024-04-14 08:00,487.16,0
2024-04-14 09:00,487.16,0
2024-04-14 10:00,487.16,0
2024-04-14 11:00,487.16,0
2024-04-14 12:00,487.16,0
2024-04-14 13:00,487.16,0
2024-04-14 14:00,487.16,0
2024-04-14 15:00,487.16,0
2024-04-14 16:00,487.16,0
2024-04-14 17:00,487.16,0
2024-04-14 18:00,487.16,0
2024-04-14 19:00,487.16,0
2024-04-14 20:00,487.16,0
2024-04-14 21:00,487.16,0
2024-04-14 22:00,487.16,0
2024-04-14 23:00,487.16,0
2024-04-15 00:00,487.16,0
2024-04-15 01:00,487.16,0
2024-04-15 02:00,487.16,0
2024-04-15 03:00,487.16,0
2024-04-15 04:00,487.16,0
2024-04-15 05:00,487.16,0
2024-04-15 06:00,487.16,0
2024-04-15 07:00,487.16,0
2024-04-15 08:00,487.2,0
2024-04-15 09:00,487.22,0
2024-04-15 10:00,487.22,0
2024-04-15 11:00,487.22,0
2024-04-15 12:00,487.22,0
2024-04-15 13:00,487.22,0
2024-04-15 14:00,487.22,0
2024-04-15 15:00,487.22,0
2024-04-15 16:00,487.22,0
2024-04-15 17:00,487.22,0
2024-04-15 18:00,487.22,0
2024-04-15 19:00,487.22,0
2024-04-15 20:00,487.22,0
2024-04-15 21:00,487.22,0
2024-04-15 22:00,487.22,0
2024-04-15 23:00,487.22,0
2024-04-16 00:00,487.22,0
2024-04-16 01:00,487.22,0
2024-04-16 02:00,487.22,0
2024-04-16 03:00,487.22,0
2024-04-16 04:00,487.22,0
2024-04-16 05:00,487.22,0
2024-04-16 06:00,487.22,0
2024-04-16 07:00,487.22,0
2024-04-16 08:00,487.22,0
2024-04-16 09:00,487.22,0
2024-04-16 10:00,487.22,0
2024-04-16 11:00,487.22,0
2024-04-16 12:00,487.22,0
2024-04-16 13:00,487.22,0
2024-04-16 14:00,487.23,0
2024-04-16 15:00,487.31,0
2024-04-16 16:00,487.52,0
2024-04-16 17:00,487.94,0
2024-04-16 18:00,488.44,0
2024-04-16 19:00,489.17,0
2024-04-16 20:00,489.69,0
2024-04-16 21:00,490.25,0
2024-04-16 22:00,490.95,0
2024-04-16 23:00,491.91,0
2024-04-17 00:00,492.56,0
2024-04-17 01:00,492.83,0
2024-04-17 02:00,492.9,0
2024-04-17 03:00,492.92,0
2024-04-17 04:00,492.94,0
2024-04-17 05:00,492.96,0
2024-04-17 06:00,493.03,0
2024-04-17 07:00,493.09,0
2024-04-17 08:00,493.26,0
2024-04-17 09:00,493.38,0
2024-04-17 10:00,493.58,0
2024-04-17 11:00,493.74,0
2024-04-17 12:00,493.86,0
2024-04-17 13:00,494.02,0
2024-04-17 14:00,494.19,0
2024-04-17 15:00,494.37,0
2024-04-17 16:00,494.68,0
2024-04-17 17:00,495.68,0
2024-04-17 18:00,496.54,0
2024-04-17 19:00,496.64,0
2024-04-17 20:00,496.9,0
2024-04-17 21:00,496.93,0
2024-04-17 22:00,496.93,0
2024-04-17 23:00,496.93,0
2024-04-18 00:00,496.93,0
2024-04-18 01:00,496.93,0
2024-04-18 02:00,496.93,0
2024-04-18 03:00,496.93,0
2024-04-18 04:00,496.93,0
2024-04-18 05:00,496.93,0
2024-04-18 06:00,496.93,0
2024-04-18 07:00,496.94,0
2024-04-18 08:00,496.97,0
2024-04-18 09:00,497.24,0
2024-04-18 10:00,497.77,0
2024-04-18 11:00,498.14,0
2024-04-18 12:00,498.74,0
2024-04-18 13:00,498.84,0
2024-04-18 14:00,499.18,0
2024-04-18 15:00,499.56,0
2024-04-18 16:00,499.8,0
2024-04-18 17:00,500.38,0
2024-04-18 18:00,500.47,0
2024-04-18 19:00,500.6,0
2024-04-18 20:00,500.67,0
2024-04-18 21:00,500.73,0
2024-04-18 22:00,500.83,0
2024-04-18 23:00,501.2,0
2024-04-19 00:00,502.36,0
2024-04-19 01:00,503.43,0
2024-04-19 02:00,504.37,0
2024-04-19 03:00,505.67,0
2024-04-19 04:00,507.62,0
2024-04-19 05:00,509.1,0
2024-04-19 06:00,509.5,0
2024-04-19 07:00,509.52,0
2024-04-19 08:00,509.56,0
2024-04-19 09:00,509.71,0
2024-04-19 10:00,509.86,0
2024-04-19 11:00,510.05,0
2024-04-19 12:00,510.26,0
2024-04-19 13:00,510.32,0
2024-04-19 14:00,510.33,0
2024-04-19 15:00,510.33,0
2024-04-19 16:00,510.33,0
2024-04-19 17:00,510.33,0
2024-04-19 18:00,510.33,0
2024-04-19 19:00,510.33,0
2024-04-19 20:00,510.33,0
2024-04-19 21:00,510.33,0
2024-04-19 22:00,510.33,0
2024-04-19 23:00,510.33,0
2024-04-20 00:00,510.33,0
2024-04-20 01:00,510.33,0
2024-04-20 02:00,510.33,0
2024-04-20 03:00,510.33,0
2024-04-20 04:00,510.33,0
2024-04-20 05:00,510.33,0
2024-04-20 06:00,510.34,0
2024-04-20 07:00,510.34,0
2024-04-20 08:00,510.34,0
2024-04-20 09:00,510.35,0
2024-04-20 10:00,510.43,0
2024-04-20 11:00,510.61,0
2024-04-20 12:00,510.8,0
2024-04-20 13:00,510.97,0
2024-04-20 14:00,511.03,0
2024-04-20 15:00,511.16,0
2024-04-20 16:00,511.28,0
2024-04-20 17:00,511.34,0
2024-04-20 18:00,511.5,0
2024-04-20 19:00,512.15,0
2024-04-20 20:00,513.77,0
2024-04-20 21:00,515.68,0
2024-04-20 22:00,518.27,0
2024-04-20 23:00,519.69,0
2024-04-21 00:00,520.04,0
2024-04-21 01:00,520.22,0
2024-04-21 02:00,520.27,0
2024-04-21 03:00,520.28,0
2024-04-21 04:00,520.3,0
2024-04-21 05:00,520.38,0
2024-04-21 06:00,520.44,0
2024-04-21 07:00,520.47,0
2024-04-21 08:00,520.47,0
2024-04-21 09:00,520.47,0
2024-04-21 10:00,520.47,0
2024-04-21 11:00,520.47,0
2024-04-21 12:00,520.48,0
2024-04-21 13:00,520.49,0
2024-04-21 14:00,520.49,0
2024-04-21 15:00,520.49,0
2024-04-21 16:00,520.49,0
2024-04-21 17:00,520.49,0
2024-04-21 18:00,520.49,0
2024-04-21 19:00,520.49,0
2024-04-21 20:00,520.49,0
2024-04-21 21:00,520.49,0
2024-04-21 22:00,520.49,0
2024-04-21 23:00,520.49,0
2024-04-22 00:00,520.49,0
2024-04-22 01:00,520.49,0
2024-04-22 02:00,520.49,0
2024-04-22 03:00,520.49,0
2024-04-22 04:00,520.49,0
2024-04-22 05:00,520.5,0
2024-04-22 06:00,520.51,0
2024-04-22 07:00,520.53,0
2024-04-22 08:00,520.53,0
2024-04-22 09:00,520.53,0
2024-04-22 10:00,520.53,0
2024-04-22 11:00,520.53,0
2024-04-22 12:00,520.53,0
2024-04-22 13:00,520.53,0
2024-04-22 14:00,520.53,0
2024-04-22 15:00,520.53,0
2024-04-22 16:00,520.53,0
2024-04-22 17:00,520.53,0
2024-04-22 18:00,520.53,0
2024-04-22 19:00,520.53,0
2024-04-22 20:00,520.53,0
2024-04-22 21:00,520.53,0
2024-04-22 22:00,520.53,0
2024-04-22 23:00,520.53,0
2024-04-23 00:00,520.53,0
2024-04-23 01:00,520.53,0
2024-04-23 02:00,520.53,0
2024-04-23 03:00,520.53,0
2024-04-23 04:00,520.53,0
2024-04-23 05:00,520.54,0
2024-04-23 06:00,520.54,0
2024-04-23 07:00,520.54,0
2024-04-23 08:00,520.54,0
2024-04-23 09:00,520.54,0
2024-04-23 10:00,520.55,0
2024-04-23 11:00,520.59,0
2024-04-23 12:00,520.62,0
2024-04-23 13:00,520.62,0
2024-04-23 14:00,520.62,0
2024-04-23 15:00,520.62,0
2024-04-23 16:00,520.62,0
2024-04-23 17:00,520.62,0
2024-04-23 18:00,520.63,0
2024-04-23 19:00,520.64,0
2024-04-23 20:00,520.72,0
2024-04-23 21:00,520.78,0
2024-04-23 22:00,520.87,0
2024-04-23 23:00,520.9,0
2024-04-24 00:00,520.91,0
2024-04-24 01:00,520.92,0
2024-04-24 02:00,520.96,0
2024-04-24 03:00,521.05,0
2024-04-24 04:00,521.4,0
2024-04-24 05:00,521.56,0
2024-04-24 06:00,522.84,0
2024-04-24 07:00,523.7,0
2024-04-24 08:00,524.71,0
2024-04-24 09:00,524.93,0
2024-04-24 10:00,525.11,0
2024-04-24 11:00,525.3,0
2024-04-24 12:00,525.41,0
2024-04-24 13:00,525.5,0
2024-04-24 14:00,525.59,0
2024-04-24 15:00,525.74,0
2024-04-24 16:00,525.87,0
2024-04-24 17:00,526.57,0
2024-04-24 18:00,526.64,0
2024-04-24 19:00,527.32,0
2024-04-24 20:00,527.44,0
2024-04-24 21:00,527.62,0
2024-04-24 22:00,527.66,0
2024-04-24 23:00,527.67,0
2024-04-25 00:00,527.68,0
2024-04-25 01:00,527.68,0
2024-04-25 02:00,527.69,0
2024-04-25 03:00,527.69,0
2024-04-25 04:00,527.69,0
2024-04-25 05:00,527.7,0
2024-04-25 06:00,527.7,0
2024-04-25 07:00,527.72,0
2024-04-25 08:00,527.77,0
2024-04-25 09:00,527.84,0
2024-04-25 10:00,527.97,0
2024-04-25 11:00,528.1,0
2024-04-25 12:00,528.21,0
2024-04-25 13:00,528.45,0
2024-04-25 14:00,528.53,0
2024-04-25 15:00,528.61,0
2024-04-25 16:00,528.84,0
2024-04-25 17:00,529.05,0
2024-04-25 18:00,529.13,0
2024-04-25 19:00,529.17,0
2024-04-25 20:00,529.24,0
2024-04-25 21:00,529.29,0
2024-04-25 22:00,529.35,0
2024-04-25 23:00,529.39,0
2024-04-26 00:00,529.41,0
2024-04-26 01:00,529.43,0
2024-04-26 02:00,529.46,0
2024-04-26 03:00,529.47,0
2024-04-26 04:00,529.49,0
2024-04-26 05:00,529.52,0
2024-04-26 06:00,529.57,0
2024-04-26 07:00,529.76,0
2024-04-26 08:00,530.05,0
2024-04-26 09:00,530.42,0
2024-04-26 10:00,530.69,0
2024-04-26 11:00,530.84,0
2024-04-26 12:00,530.93,0
2024-04-26 13:00,531.04,0
2024-04-26 14:00,531.15,0
2024-04-26 15:00,531.22,0
2024-04-26 16:00,531.25,0
2024-04-26 17:00,531.27,0
2024-04-26 18:00,531.31,0
2024-04-26 19:00,531.31,0
2024-04-26 20:00,531.31,0
2024-04-26 21:00,531.31,0
2024-04-26 22:00,531.31,0
2024-04-26 23:00,531.31,0
2024-04-27 00:00,531.31,0
2024-04-27 01:00,531.31,0
2024-04-27 02:00,531.31,0
2024-04-27 03:00,531.31,0
2024-04-27 04:00,531.31,0
2024-04-27 05:00,531.31,0
2024-04-27 06:00,531.31,0
2024-04-27 07:00,531.31,0
2024-04-27 08:00,531.31,0
2024-04-27 09:00,531.31,0
2024-04-27 10:00,531.31,0
2024-04-27 11:00,531.31,0
2024-04-27 12:00,531.32,0
2024-04-27 13:00,531.32,0
2024-04-27 14:00,531.32,0
2024-04-27 15:00,531.32,0
2024-04-27 16:00,531.32,0
2024-04-27 17:00,531.32,0
2024-04-27 18:00,531.32,0
2024-04-27 19:00,531.32,0
2024-04-27 20:00,531.32,0
2024-04-27 21:00,531.32,0
2024-04-27 22:00,531.32,0
2024-04-27 23:00,531.33,0
2024-04-28 00:00,531.33,0
2024-04-28 01:00,531.33,0
2024-04-28 02:00,531.33,0
2024-04-28 03:00,531.33,0
2024-04-28 04:00,531.33,0
2024-04-28 05:00,531.33,0
2024-04-28 06:00,531.33,0
2024-04-28 07:00,531.33,0
2024-04-28 08:00,531.33,0
2024-04-28 09:00,531.33,0
2024-04-28 10:00,531.33,0
2024-04-28 11:00,531.33,0
2024-04-28 12:00,531.33,0
2024-04-28 13:00,531.33,0
2024-04-28 14:00,531.33,0
2024-04-28 15:00,531.33,0
2024-04-28 16:00,531.33,0
2024-04-28 17:00,531.33,0
2024-04-28 18:00,531.33,0
2024-04-28 19:00,531.33,0
2024-04-28 20:00,531.33,0
2024-04-28 21:00,531.33,0
2024-04-28 22:00,531.33,0
2024-04-28 23:00,531.33,0
2024-04-29 00:00,531.33,0
2024-04-29 01:00,531.33,0
2024-04-29 02:00,531.33,0
2024-04-29 03:00,531.33,0
2024-04-29 04:00,531.33,0
2024-04-29 05:00,531.33,0
2024-04-29 06:00,531.33,0
2024-04-29 07:00,531.33,0
2024-04-29 08:00,531.33,0
2024-04-29 09:00,531.33,0
2024-04-29 10:00,531.33,0
2024-04-29 11:00,531.33,0
2024-04-29 12:00,531.33,0
2024-04-29 13:00,531.33,0
2024-04-29 14:00,531.33,0
2024-04-29 15:00,531.33,0
2024-04-29 16:00,531.33,0
2024-04-29 17:00,531.33,0
2024-04-29 18:00,531.33,0
2024-04-29 19:00,531.33,0
2024-04-29 20:00,531.33,0
2024-04-29 21:00,531.33,0
2024-04-29 22:00,531.33,0
2024-04-29 23:00,531.33,0
2024-04-30 00:00,531.33,0
2024-04-30 01:00,531.33,0
2024-04-30 02:00,531.33,0
2024-04-30 03:00,531.33,0
2024-04-30 04:00,531.33,0
2024-04-30 05:00,531.33,0
2024-04-30 06:00,531.33,0
2024-04-30 07:00,531.33,0
2024-04-30 08:00,531.33,0
2024-04-30 09:00,531.33,0
2024-04-30 10:00,531.33,0
2024-04-30 11:00,531.33,0
2024-04-30 12:00,531.33,0
2024-04-30 13:00,531.33,0
2024-04-30 14:00,531.33,0
2024-04-30 15:00,531.33,0
2024-04-30 16:00,531.33,0
2024-04-30 17:00,531.33,0
2024-04-30 18:00,531.33,0
2024-04-30 19:00,531.33,0
2024-04-30 20:00,531.33,0
2024-04-30 21:00,531.33,0
2024-04-30 22:00,531.33,0
2024-04-30 23:00,531.33,0
2024-05-01 00:00,531.46,0
2024-05-01 01:00,531.46,0
2024-05-01 02:00,531.52,0
2024-05-01 03:00,531.6,0
2024-05-01 04:00,531.81,0
2024-05-01 05:00,531.86,0
2024-05-01 06:00,531.93,0
2024-05-01 07:00,532.08,0
2024-05-01 08:00,532.2,0
2024-05-01 09:00,532.68,0
2024-05-01 10:00,533.4,0
2024-05-01 11:00,534.78,0
2024-05-01 12:00,537.85,0
2024-05-01 13:00,540.95,0
2024-05-01 14:00,542.2,0
2024-05-01 15:00,543.14,0
2024-05-01 16:00,543.53,0
2024-05-01 17:00,544.23,0
2024-05-01 18:00,544.96,0
2024-05-01 19:00,545.53,0
2024-05-01 20:00,545.76,0
2024-05-01 21:00,545.95,0
2024-05-01 22:00,546.12,0
2024-05-01 23:00,546.38,0
2024-05-02 00:00,546.73,0
2024-05-02 01:00,547.05,0
2024-05-02 02:00,547.53,0
2024-05-02 03:00,547.76,0
2024-05-02 04:00,547.95,0
2024-05-02 05:00,548.21,0
2024-05-02 06:00,548.49,0
2024-05-02 07:00,548.82,0
2024-05-02 08:00,549.34,0
2024-05-02 09:00,549.8,0
2024-05-02 10:00,550.65,0
2024-05-02 11:00,552.85,0
2024-05-02 12:00,556.13,0
2024-05-02 13:00,559.28,0
2024-05-02 14:00,560.51,0
2024-05-02 15:00,561.34,0
2024-05-02 16:00,561.44,0
2024-05-02 17:00,561.7,0
2024-05-02 18:00,563.21,0
2024-05-02 19:00,566.15,0
2024-05-02 20:00,568.44,0
2024-05-02 21:00,570.38,0
2024-05-02 22:00,570.46,0
2024-05-02 23:00,570.51,0
2024-05-03 00:00,571.14,0
2024-05-03 01:00,571.3,0
2024-05-03 02:00,571.38,0
2024-05-03 03:00,571.48,0
2024-05-03 04:00,571.63,0
2024-05-03 05:00,571.69,0
2024-05-03 06:00,571.9,0
2024-05-03 07:00,572.3,0
2024-05-03 08:00,573.16,0
2024-05-03 09:00,574.46,0
2024-05-03 10:00,575.31,0
2024-05-03 11:00,575.62,0
2024-05-03 12:00,576.27,0
2024-05-03 13:00,577.66,0
2024-05-03 14:00,578.7,0
2024-05-03 15:00,579.32,0
2024-05-03 16:00,581.07,0
2024-05-03 17:00,581.33,0
2024-05-03 18:00,581.94,0
2024-05-03 19:00,582.29,0
2024-05-03 20:00,582.43,0
2024-05-03 21:00,582.47,0
2024-05-03 22:00,582.5,0
2024-05-03 23:00,582.51,0
2024-05-04 00:00,582.52,0
2024-05-04 01:00,582.53,0
2024-05-04 02:00,582.55,0
2024-05-04 03:00,582.56,0
2024-05-04 04:00,582.58,0
2024-05-04 05:00,582.58,0
2024-05-04 06:00,582.58,0
2024-05-04 07:00,582.58,0
2024-05-04 08:00,582.58,0
2024-05-04 09:00,582.58,0
2024-05-04 10:00,582.6,0
2024-05-04 11:00,582.6,0
2024-05-04 12:00,582.6,0
2024-05-04 13:00,582.6,0
2024-05-04 14:00,582.6,0
2024-05-04 15:00,582.6,0
2024-05-04 16:00,582.61,0
2024-05-04 17:00,582.61,0
2024-05-04 18:00,582.61,0
2024-05-04 19:00,582.61,0
2024-05-04 20:00,582.61,0
2024-05-04 21:00,582.61,0
2024-05-04 22:00,582.61,0
2024-05-04 23:00,582.61,0
2024-05-05 00:00,582.61,0
2024-05-05 01:00,582.61,0
2024-05-05 02:00,582.61,0
2024-05-05 03:00,582.61,0
2024-05-05 04:00,582.61,0
2024-05-05 05:00,582.61,0
2024-05-05 06:00,582.61,0
2024-05-05 07:00,582.62,0
2024-05-05 08:00,582.64,0
2024-05-05 09:00,582.65,0
2024-05-05 10:00,582.67,0
2024-05-05 11:00,582.72,0
2024-05-05 12:00,582.74,0
2024-05-05 13:00,582.75,0
2024-05-05 14:00,582.76,0
2024-05-05 15:00,582.76,0
2024-05-05 16:00,582.76,0
2024-05-05 17:00,582.77,0
2024-05-05 18:00,582.77,0
2024-05-05 19:00,582.77,0
2024-05-05 20:00,582.77,0
2024-05-05 21:00,582.77,0
2024-05-05 22:00,582.77,0
2024-05-05 23:00,582.77,0
2024-05-06 00:00,582.77,0
2024-05-06 01:00,582.77,0
2024-05-06 02:00,582.77,0
2024-05-06 03:00,582.77,0
2024-05-06 04:00,582.77,0
2024-05-06 05:00,582.78,0
2024-05-06 06:00,582.79,0
2024-05-06 07:00,582.79,0
2024-05-06 08:00,582.79,0
2024-05-06 09:00,582.79,0
2024-05-06 10:00,582.79,0
2024-05-06 11:00,582.79,0
2024-05-06 12:00,582.79,0
2024-05-06 13:00,582.79,0
2024-05-06 14:00,582.79,0
2024-05-06 15:00,582.79,0
2024-05-06 16:00,582.79,0
2024-05-06 17:00,582.79,0
2024-05-06 18:00,582.79,0
2024-05-06 19:00,582.79,0
2024-05-06 20:00,582.79,0
2024-05-06 21:00,582.79,0
2024-05-06 22:00,582.79,0
2024-05-06 23:00,582.79,0
2024-05-07 00:00,582.79,0
2024-05-07 01:00,582.79,0
2024-05-07 02:00,582.79,0
2024-05-07 03:00,582.79,0
2024-05-07 04:00,582.79,0
2024-05-07 05:00,582.79,0
2024-05-07 06:00,582.79,0
2024-05-07 07:00,582.79,0
2024-05-07 08:00,582.79,0
2024-05-07 09:00,582.79,0
2024-05-07 10:00,582.79,0
2024-05-07 11:00,582.79,0
2024-05-07 12:00,582.79,0
2024-05-07 13:00,582.79,0
2024-05-07 14:00,582.79,0
2024-05-07 15:00,582.79,0
2024-05-07 16:00,582.79,0
2024-05-07 17:00,582.79,0
2024-05-07 18:00,582.79,0
2024-05-07 19:00,582.79,0
2024-05-07 20:00,582.79,0
2024-05-07 21:00,582.79,0
2024-05-07 22:00,582.79,0
2024-05-07 23:00,582.79,0
2024-05-08 00:00,582.79,0
2024-05-08 01:00,582.79,0
2024-05-08 02:00,582.79,0
2024-05-08 03:00,582.79,0
2024-05-08 04:00,582.79,0
2024-05-08 05:00,582.79,0
2024-05-08 06:00,582.79,0
2024-05-08 07:00,582.79,0
2024-05-08 08:00,582.79,0
2024-05-08 09:00,582.79,0
2024-05-08 10:00,582.79,0
2024-05-08 11:00,582.79,0
2024-05-08 12:00,582.8,0
2024-05-08 13:00,582.91,0
2024-05-08 14:00,584.03,0
2024-05-08 15:00,585.42,0
2024-05-08 16:00,586.78,0
2024-05-08 17:00,588.31,0
2024-05-08 18:00,589.34,0
2024-05-08 19:00,589.98,0
2024-05-08 20:00,590.21,0
2024-05-08 21:00,590.34,0
2024-05-08 22:00,590.57,0
2024-05-08 23:00,591.07,0
2024-05-09 00:00,591.58,0
2024-05-09 01:00,591.78,0
2024-05-09 02:00,591.82,0
2024-05-09 03:00,591.82,0
2024-05-09 04:00,591.82,0
2024-05-09 05:00,591.82,0
2024-05-09 06:00,591.83,0
2024-05-09 07:00,591.83,0
2024-05-09 08:00,591.85,0
2024-05-09 09:00,591.92,0
2024-05-09 10:00,592.64,0
2024-05-09 11:00,593.11,0
2024-05-09 12:00,593.45,0
2024-05-09 13:00,594.1,0
2024-05-09 14:00,594.28,0
2024-05-09 15:00,594.43,0
2024-05-09 16:00,594.7,0
2024-05-09 17:00,594.84,0
2024-05-09 18:00,594.84,0
2024-05-09 19:00,594.84,0
2024-05-09 20:00,594.84,0
2024-05-09 21:00,594.84,0
2024-05-09 22:00,594.84,0
2024-05-09 23:00,594.84,0
2024-05-10 00:00,594.84,0
2024-05-10 01:00,594.84,0
2024-05-10 02:00,594.84,0
2024-05-10 03:00,594.84,0
2024-05-10 04:00,594.84,0
2024-05-10 05:00,594.84,0
2024-05-10 06:00,594.84,0
2024-05-10 07:00,594.84,0
2024-05-10 08:00,594.84,0
2024-05-10 09:00,594.84,0
2024-05-10 10:00,594.84,0
2024-05-10 11:00,594.86,0
2024-05-10 12:00,594.88,0
2024-05-10 13:00,594.91,0
2024-05-10 14:00,594.92,0
2024-05-10 15:00,594.93,0
2024-05-10 16:00,594.94,0
2024-05-10 17:00,594.94,0
2024-05-10 18:00,594.94,0
2024-05-10 19:00,594.94,0
2024-05-10 20:00,594.94,0
2024-05-10 21:00,594.94,0
2024-05-10 22:00,594.94,0
2024-05-10 23:00,594.94,0
2024-05-11 00:00,594.94,0
2024-05-11 01:00,594.94,0
2024-05-11 02:00,594.94,0
2024-05-11 03:00,594.94,0
2024-05-11 04:00,594.94,0
2024-05-11 05:00,594.94,0
2024-05-11 06:00,594.94,0
2024-05-11 07:00,594.94,0
2024-05-11 08:00,594.94,0
2024-05-11 09:00,594.95,0
2024-05-11 10:00,594.98,0
2024-05-11 11:00,595.0,0
2024-05-11 12:00,595.0,0
2024-05-11 13:00,595.0,0
2024-05-11 14:00,595.0,0
2024-05-11 15:00,595.0,0
2024-05-11 16:00,595.0,0
2024-05-11 17:00,595.0,0
2024-05-11 18:00,595.0,0
2024-05-11 19:00,595.0,0
2024-05-11 20:00,595.0,0
2024-05-11 21:00,595.0,0
2024-05-11 22:00,595.0,0
2024-05-11 23:00,595.0,0
2024-05-12 00:00,595.0,0
2024-05-12 01:00,595.0,0
2024-05-12 02:00,595.0,0
2024-05-12 03:00,595.0,0
2024-05-12 04:00,595.0,0
2024-05-12 05:00,595.0,0
2024-05-12 06:00,595.0,0
2024-05-12 07:00,595.0,0
2024-05-12 08:00,595.0,0
2024-05-12 09:00,595.0,0
2024-05-12 10:00,595.0,0
2024-05-12 11:00,595.02,0
2024-05-12 12:00,595.08,0
2024-05-12 13:00,595.14,0
2024-05-12 14:00,595.18,0
2024-05-12 15:00,595.2,0
2024-05-12 16:00,595.21,0
2024-05-12 17:00,595.21,0
2024-05-12 18:00,595.21,0
2024-05-12 19:00,595.21,0
2024-05-12 20:00,595.21,0
2024-05-12 21:00,595.21,0
2024-05-12 22:00,595.21,0
2024-05-12 23:00,595.21,0
2024-05-13 00:00,595.21,0
2024-05-13 01:00,595.21,0
2024-05-13 02:00,595.21,0
2024-05-13 03:00,595.21,0
2024-05-13 04:00,595.21,0
2024-05-13 05:00,595.21,0
2024-05-13 06:00,595.21,0
2024-05-13 07:00,595.21,0
2024-05-13 08:00,595.21,0
2024-05-13 09:00,595.21,0
2024-05-13 10:00,595.21,0
2024-05-13 11:00,595.21,0
2024-05-13 12:00,595.22,0
2024-05-13 13:00,595.23,0
2024-05-13 14:00,595.23,0
2024-05-13 15:00,595.23,0
2024-05-13 16:00,595.23,0
2024-05-13 17:00,595.23,0
2024-05-13 18:00,595.23,0
2024-05-13 19:00,595.23,0
2024-05-13 20:00,595.23,0
2024-05-13 21:00,595.23,0
2024-05-13 22:00,595.23,0
2024-05-13 23:00,595.23,0
2024-05-14 00:00,595.23,0
2024-05-14 01:00,595.23,0
2024-05-14 02:00,595.23,0
2024-05-14 03:00,595.23,0
2024-05-14 04:00,595.23,0
2024-05-14 05:00,595.23,0
2024-05-14 06:00,595.23,0
2024-05-14 07:00,595.23,0
2024-05-14 08:00,595.23,0
2024-05-14 09:00,595.23,0
2024-05-14 10:00,595.23,0
2024-05-14 11:00,595.23,0
2024-05-14 12:00,595.23,0
2024-05-14 13:00,595.23,0
2024-05-14 14:00,595.23,0
2024-05-14 15:00,595.23,0
2024-05-14 16:00,595.23,0
2024-05-14 17:00,595.23,0
2024-05-14 18:00,595.23,0
2024-05-14 19:00,595.23,0
2024-05-14 20:00,595.23,0
2024-05-14 21:00,595.23,0
2024-05-14 22:00,595.23,0
2024-05-14 23:00,595.23,0
2024-05-15 00:00,595.23,0
2024-05-15 01:00,595.23,0
2024-05-15 02:00,595.23,0
2024-05-15 03:00,595.23,0
2024-05-15 04:00,595.23,0
2024-05-15 05:00,595.23,0
2024-05-15 06:00,595.23,0
2024-05-15 07:00,595.23,0
2024-05-15 08:00,595.23,0
2024-05-15 09:00,595.26,0
2024-05-15 10:00,595.26,0
2024-05-15 11:00,595.26,0
2024-05-15 12:00,595.3,0
2024-05-15 13:00,595.3,0
2024-05-15 14:00,595.3,0
2024-05-15 15:00,595.3,0
2024-05-15 16:00,595.3,0
2024-05-15 17:00,595.3,0
2024-05-15 18:00,595.3,0
2024-05-15 19:00,595.3,0
2024-05-15 20:00,595.32,0
2024-05-15 21:00,595.32,0
2024-05-15 22:00,595.32,0
2024-05-15 23:00,595.32,0
2024-05-16 00:00,595.32,0
2024-05-16 01:00,595.32,0
2024-05-16 02:00,595.32,0
2024-05-16 03:00,595.32,0
2024-05-16 04:00,595.32,0
2024-05-16 05:00,595.32,0
2024-05-16 06:00,595.32,0
2024-05-16 07:00,595.32,0
2024-05-16 08:00,595.32,0
2024-05-16 09:00,595.32,0
2024-05-16 10:00,595.32,0
2024-05-16 11:00,595.32,0
2024-05-16 12:00,595.32,0
2024-05-16 13:00,595.32,0
2024-05-16 14:00,595.32,0
2024-05-16 15:00,595.32,0
2024-05-16 16:00,595.32,0
2024-05-16 17:00,595.32,0
2024-05-16 18:00,595.32,0
2024-05-16 19:00,595.32,0
2024-05-16 20:00,595.32,0
2024-05-16 21:00,595.32,0
2024-05-16 22:00,595.32,0
2024-05-16 23:00,595.33,0
2024-05-17 00:00,595.33,0
2024-05-17 01:00,595.33,0
2024-05-17 02:00,595.33,0
2024-05-17 03:00,595.33,0
2024-05-17 04:00,595.33,0
2024-05-17 05:00,595.33,0
2024-05-17 06:00,595.34,0
2024-05-17 07:00,595.35,0
2024-05-17 08:00,595.35,0
2024-05-17 09:00,595.35,0
2024-05-17 10:00,595.35,0
2024-05-17 11:00,595.35,0
2024-05-17 12:00,595.35,0
2024-05-17 13:00,595.35,0
2024-05-17 14:00,595.35,0
2024-05-17 15:00,595.35,0
2024-05-17 16:00,595.35,0
2024-05-17 17:00,595.35,0
2024-05-17 18:00,595.35,0
2024-05-17 19:00,595.35,0
2024-05-17 20:00,595.35,0
2024-05-17 21:00,595.35,0
2024-05-17 22:00,595.35,0
2024-05-17 23:00,595.35,0
2024-05-18 00:00,595.35,0
2024-05-18 01:00,595.35,0
2024-05-18 02:00,595.35,0
2024-05-18 03:00,595.35,0
2024-05-18 04:00,595.35,0
2024-05-18 05:00,595.35,0
2024-05-18 06:00,595.35,0
2024-05-18 07:00,595.35,0
2024-05-18 08:00,595.35,0
2024-05-18 09:00,595.35,0
2024-05-18 10:00,595.35,0
2024-05-18 11:00,595.36,0
2024-05-18 12:00,595.36,0
2024-05-18 13:00,595.36,0
2024-05-18 14:00,595.41,0
2024-05-18 15:00,595.82,0
2024-05-18 16:00,596.66,0
2024-05-18 17:00,597.78,0
2024-05-18 18:00,598.84,0
2024-05-18 19:00,598.96,0
2024-05-18 20:00,598.96,0
2024-05-18 21:00,598.96,0
2024-05-18 22:00,598.96,0
2024-05-18 23:00,598.96,0
2024-05-19 00:00,598.96,0
2024-05-19 01:00,598.96,0
2024-05-19 02:00,598.96,0
2024-05-19 03:00,598.96,0
2024-05-19 04:00,598.96,0
2024-05-19 05:00,598.96,0
2024-05-19 06:00,598.96,0
2024-05-19 07:00,598.96,0
2024-05-19 08:00,598.96,0
2024-05-19 09:00,598.96,0
2024-05-19 10:00,598.96,0
2024-05-19 11:00,599.01,0
2024-05-19 12:00,599.02,0
2024-05-19 13:00,599.08,0
2024-05-19 14:00,599.39,0
2024-05-19 15:00,599.54,0
2024-05-19 16:00,599.64,0
2024-05-19 17:00,599.64,0
2024-05-19 18:00,599.64,0
2024-05-19 19:00,599.64,0
2024-05-19 20:00,599.64,0
2024-05-19 21:00,599.64,0
2024-05-19 22:00,599.64,0
2024-05-19 23:00,599.64,0
2024-05-20 00:00,599.64,0
2024-05-20 01:00,599.64,0
2024-05-20 02:00,599.64,0
2024-05-20 03:00,599.64,0
2024-05-20 04:00,599.64,0
2024-05-20 05:00,599.64,0
2024-05-20 06:00,599.64,0
2024-05-20 07:00,599.64,0
2024-05-20 08:00,599.64,0
2024-05-20 09:00,599.64,0
2024-05-20 10:00,599.64,0
2024-05-20 11:00,599.64,0
2024-05-20 12:00,599.64,0
2024-05-20 13:00,599.64,0
2024-05-20 14:00,599.64,0
2024-05-20 15:00,599.64,0
2024-05-20 16:00,599.64,0
2024-05-20 17:00,599.64,0
2024-05-20 18:00,599.64,0
2024-05-20 19:00,599.64,0
2024-05-20 20:00,599.64,0
2024-05-20 21:00,599.64,0
2024-05-20 22:00,599.64,0
2024-05-20 23:00,599.64,0
2024-05-21 00:00,599.64,0
2024-05-21 01:00,599.64,0
2024-05-21 02:00,599.65,0
2024-05-21 03:00,599.67,0
2024-05-21 04:00,599.71,0
2024-05-21 05:00,599.84,0
2024-05-21 06:00,600.05,0
2024-05-21 07:00,600.77,0
2024-05-21 08:00,601.6,0
2024-05-21 09:00,602.28,0
2024-05-21 10:00,602.37,0
2024-05-21 11:00,602.45,0
2024-05-21 12:00,602.51,0
2024-05-21 13:00,602.56,0
2024-05-21 14:00,602.58,0
2024-05-21 15:00,602.64,0
2024-05-21 16:00,602.77,0
2024-05-21 17:00,602.92,0
2024-05-21 18:00,602.99,0
2024-05-21 19:00,603.07,0
2024-05-21 20:00,603.36,0
2024-05-21 21:00,603.6,0
2024-05-21 22:00,603.99,0
2024-05-21 23:00,604.16,0
2024-05-22 00:00,604.4,0
2024-05-22 01:00,604.53,0
2024-05-22 02:00,604.6,0
2024-05-22 03:00,604.65,0
2024-05-22 04:00,604.66,0
2024-05-22 05:00,604.67,0
2024-05-22 06:00,604.76,0
2024-05-22 07:00,604.93,0
2024-05-22 08:00,604.96,0
2024-05-22 09:00,605.01,0
2024-05-22 10:00,605.07,0
2024-05-22 11:00,605.12,0
2024-05-22 12:00,605.16,0
2024-05-22 13:00,605.43,0
2024-05-22 14:00,605.6,0
2024-05-22 15:00,605.68,0
2024-05-22 16:00,605.69,0
2024-05-22 17:00,605.69,0
2024-05-22 18:00,605.79,0
2024-05-22 19:00,605.95,0
2024-05-22 20:00,605.95,0
2024-05-22 21:00,605.96,0
2024-05-22 22:00,605.97,0
2024-05-22 23:00,605.97,0
2024-05-23 00:00,605.97,0
2024-05-23 01:00,605.97,0
2024-05-23 02:00,605.97,0
2024-05-23 03:00,605.97,0
2024-05-23 04:00,605.97,0
2024-05-23 05:00,605.97,0
2024-05-23 06:00,605.97,0
2024-05-23 07:00,605.97,0
2024-05-23 08:00,605.97,0
2024-05-23 09:00,605.97,0
2024-05-23 10:00,605.97,0
2024-05-23 11:00,605.97,0
2024-05-23 12:00,605.97,0
2024-05-23 13:00,605.97,0
2024-05-23 14:00,605.97,0
2024-05-23 15:00,605.97,0
2024-05-23 16:00,605.97,0
2024-05-23 17:00,605.97,0
2024-05-23 18:00,605.97,0
2024-05-23 19:00,605.97,0
2024-05-23 20:00,605.97,0
2024-05-23 21:00,605.97,0
2024-05-23 22:00,605.97,0
2024-05-23 23:00,605.97,0
2024-05-24 00:00,605.97,0
2024-05-24 01:00,605.97,0
2024-05-24 02:00,605.97,0
2024-05-24 03:00,605.97,0
2024-05-24 04:00,605.97,0
2024-05-24 05:00,605.97,0
2024-05-24 06:00,605.97,0
2024-05-24 07:00,605.97,0
2024-05-24 08:00,605.97,0
2024-05-24 09:00,605.97,0
2024-05-24 10:00,605.97,0
2024-05-24 11:00,605.97,0
2024-05-24 12:00,605.97,0
2024-05-24 13:00,605.97,0
2024-05-24 14:00,605.97,0
2024-05-24 15:00,605.97,0
2024-05-24 16:00,605.97,0
2024-05-24 17:00,605.97,0
2024-05-24 18:00,605.97,0
2024-05-24 19:00,605.97,0
2024-05-24 20:00,605.97,0
2024-05-24 21:00,605.97,0
2024-05-24 22:00,605.97,0
2024-05-24 23:00,605.97,0
2024-05-25 00:00,605.97,0
2024-05-25 01:00,605.97,0
2024-05-25 02:00,605.97,0
2024-05-25 03:00,605.97,0
2024-05-25 04:00,605.97,0
2024-05-25 05:00,605.99,0
2024-05-25 06:00,605.99,0
2024-05-25 07:00,606.42,0
2024-05-25 08:00,606.44,0
2024-05-25 09:00,606.48,0
2024-05-25 10:00,606.5,0
2024-05-25 11:00,606.52,0
2024-05-25 12:00,606.52,0
2024-05-25 13:00,606.52,0
2024-05-25 14:00,606.52,0
2024-05-25 15:00,606.56,0
2024-05-25 16:00,606.61,0
2024-05-25 17:00,606.66,0
2024-05-25 18:00,606.66,0
2024-05-25 19:00,606.67,0
2024-05-25 20:00,606.67,0
2024-05-25 21:00,606.67,0
2024-05-25 22:00,606.67,0
2024-05-25 23:00,606.67,0
2024-05-26 00:00,606.67,0
2024-05-26 01:00,606.67,0
2024-05-26 02:00,606.67,0
2024-05-26 03:00,606.67,0
2024-05-26 04:00,606.67,0
2024-05-26 05:00,606.67,0
2024-05-26 06:00,606.67,0
2024-05-26 07:00,606.67,0
2024-05-26 08:00,606.67,0
2024-05-26 09:00,606.67,0
2024-05-26 10:00,606.68,0
2024-05-26 11:00,606.69,0
2024-05-26 12:00,606.71,0
2024-05-26 13:00,606.77,0
2024-05-26 14:00,606.8,0
2024-05-26 15:00,606.84,0
2024-05-26 16:00,606.85,0
2024-05-26 17:00,606.85,0
2024-05-26 18:00,606.85,0
2024-05-26 19:00,606.85,0
2024-05-26 20:00,606.85,0
2024-05-26 21:00,606.86,0
2024-05-26 22:00,606.86,0
2024-05-26 23:00,606.87,0
2024-05-27 00:00,606.87,0
2024-05-27 01:00,606.87,0
2024-05-27 02:00,606.87,0
2024-05-27 03:00,606.87,0
2024-05-27 04:00,606.87,0
2024-05-27 05:00,606.87,0
2024-05-27 06:00,606.87,0
2024-05-27 07:00,606.87,0
2024-05-27 08:00,606.87,0
2024-05-27 09:00,606.9,0
2024-05-27 10:00,606.91,0
2024-05-27 11:00,606.92,0
2024-05-27 12:00,606.92,0
2024-05-27 13:00,606.92,0
2024-05-27 14:00,606.96,0
2024-05-27 15:00,606.96,0
2024-05-27 16:00,606.97,0
2024-05-27 17:00,607.03,0
2024-05-27 18:00,607.03,0
2024-05-27 19:00,607.03,0
2024-05-27 20:00,607.03,0
2024-05-27 21:00,607.03,0
2024-05-27 22:00,607.04,0
2024-05-27 23:00,607.04,0
2024-05-28 00:00,607.04,0
2024-05-28 01:00,607.04,0
2024-05-28 02:00,607.04,0
2024-05-28 03:00,607.06,0
2024-05-28 04:00,607.29,0
2024-05-28 05:00,607.46,0
2024-05-28 06:00,607.54,0
2024-05-28 07:00,607.62,0
2024-05-28 08:00,607.89,0
2024-05-28 09:00,607.9,0
2024-05-28 10:00,607.9,0
2024-05-28 11:00,607.92,0
2024-05-28 12:00,607.93,0
2024-05-28 13:00,607.94,0
2024-05-28 14:00,607.96,0
2024-05-28 15:00,608.03,0
2024-05-28 16:00,608.04,0
2024-05-28 17:00,608.04,0
2024-05-28 18:00,608.04,0
2024-05-28 19:00,608.04,0
2024-05-28 20:00,608.04,0
2024-05-28 21:00,608.04,0
2024-05-28 22:00,608.04,0
2024-05-28 23:00,608.04,0
2024-05-29 00:00,608.04,0
2024-05-29 01:00,608.04,0
2024-05-29 02:00,608.04,0
2024-05-29 03:00,608.04,0
2024-05-29 04:00,608.04,0
2024-05-29 05:00,608.04,0
2024-05-29 06:00,608.05,0
2024-05-29 07:00,608.05,0
2024-05-29 08:00,608.05,0
2024-05-29 09:00,608.05,0
2024-05-29 10:00,608.05,0
2024-05-29 11:00,608.09,0
2024-05-29 12:00,608.11,0
2024-05-29 13:00,608.11,0
2024-05-29 14:00,608.11,0
2024-05-29 15:00,608.11,0
2024-05-29 16:00,608.11,0
2024-05-29 17:00,608.11,0
2024-05-29 18:00,608.11,0
2024-05-29 19:00,608.12,0
2024-05-29 20:00,608.12,0
2024-05-29 21:00,608.12,0
2024-05-29 22:00,608.12,0
2024-05-29 23:00,608.12,0
2024-05-30 00:00,608.12,0
2024-05-30 01:00,608.12,0
2024-05-30 02:00,608.12,0
2024-05-30 03:00,608.12,0
2024-05-30 04:00,608.12,0
2024-05-30 05:00,608.12,0
2024-05-30 06:00,608.13,0
2024-05-30 07:00,608.14,0
2024-05-30 08:00,608.17,0
2024-05-30 09:00,608.2,0
2024-05-30 10:00,608.27,0
2024-05-30 11:00,608.35,0
2024-05-30 12:00,608.44,0
2024-05-30 13:00,608.5,0
2024-05-30 14:00,608.51,0
2024-05-30 15:00,608.52,0
2024-05-30 16:00,608.52,0
2024-05-30 17:00,608.52,0
2024-05-30 18:00,608.52,0
2024-05-30 19:00,608.52,0
2024-05-30 20:00,608.52,0
2024-05-30 21:00,608.52,0
2024-05-30 22:00,608.52,0
2024-05-30 23:00,608.52,0
2024-05-31 00:00,608.53,0
2024-05-31 01:00,608.56,0
2024-05-31 02:00,608.68,0
2024-05-31 03:00,608.82,0
2024-05-31 04:00,608.94,0
2024-05-31 05:00,609.06,0
2024-05-31 06:00,609.13,0
2024-05-31 07:00,609.25,0
2024-05-31 08:00,609.36,0
2024-05-31 09:00,609.43,0
2024-05-31 10:00,609.5,0
2024-05-31 11:00,609.6,0
2024-05-31 12:00,609.8,0
2024-05-31 13:00,610.19,0
2024-05-31 14:00,611.12,0
2024-05-31 15:00,612.07,0
2024-05-31 16:00,612.49,0
2024-05-31 17:00,613.13,0
2024-05-31 18:00,613.67,0
2024-05-31 19:00,613.88,0
2024-05-31 20:00,614.14,0
2024-05-31 21:00,614.33,0
2024-05-31 22:00,614.54,0
2024-05-31 23:00,614.71,0
2024-06-01 00:00,614.86,0
2024-06-01 01:00,615.0,0
2024-06-01 02:00,615.08,0
2024-06-01 03:00,615.18,0
2024-06-01 04:00,615.26,0
2024-06-01 05:00,615.38,0
2024-06-01 06:00,615.51,0
2024-06-01 07:00,615.69,0
2024-06-01 08:00,616.18,0
2024-06-01 09:00,616.55,0
2024-06-01 10:00,616.83,0
2024-06-01 11:00,616.89,0
2024-06-01 12:00,616.95,0
2024-06-01 13:00,617.0,0
2024-06-01 14:00,617.0,0
2024-06-01 15:00,617.0,0
2024-06-01 16:00,617.0,0
2024-06-01 17:00,617.0,0
2024-06-01 18:00,617.02,0
2024-06-01 19:00,617.02,0
2024-06-01 20:00,617.02,0
2024-06-01 21:00,617.02,0
2024-06-01 22:00,617.02,0
2024-06-01 23:00,617.02,0
2024-06-02 00:00,617.02,0
2024-06-02 01:00,617.02,0
2024-06-02 02:00,617.02,0
2024-06-02 03:00,617.02,0
2024-06-02 04:00,617.06,0
2024-06-02 05:00,617.06,0
2024-06-02 06:00,617.06,0
2024-06-02 07:00,617.06,0
2024-06-02 08:00,617.06,0
2024-06-02 09:00,617.06,0
2024-06-02 10:00,617.06,0
2024-06-02 11:00,617.06,0
2024-06-02 12:00,617.14,0
2024-06-02 13:00,617.14,0
2024-06-02 14:00,617.14,0
2024-06-02 15:00,617.14,0
2024-06-02 16:00,617.16,0
2024-06-02 17:00,617.16,0
2024-06-02 18:00,617.16,0
2024-06-02 19:00,617.21,0
2024-06-02 20:00,617.21,0
2024-06-02 21:00,617.21,0
2024-06-02 22:00,617.21,0
2024-06-02 23:00,617.21,0
2024-06-03 00:00,617.21,0
2024-06-03 01:00,617.22,0
2024-06-03 02:00,617.37,0
2024-06-03 03:00,617.48,0
2024-06-03 04:00,617.48,0
2024-06-03 05:00,617.48,0
2024-06-03 06:00,617.48,0
2024-06-03 07:00,617.48,0
2024-06-03 08:00,617.48,0
2024-06-03 09:00,617.49,0
2024-06-03 10:00,617.5,0
2024-06-03 11:00,617.5,0
2024-06-03 12:00,617.5,0
2024-06-03 13:00,617.5,0
2024-06-03 14:00,617.5,0
2024-06-03 15:00,617.5,0
2024-06-03 16:00,617.5,0
2024-06-03 17:00,617.5,0
2024-06-03 18:00,617.5,0
2024-06-03 19:00,617.5,0
2024-06-03 20:00,617.5,0
2024-06-03 21:00,617.51,0
2024-06-03 22:00,617.51,0
2024-06-03 23:00,617.51,0
2024-06-04 00:00,617.51,0
2024-06-04 01:00,617.51,0
2024-06-04 02:00,617.51,0
2024-06-04 03:00,617.51,0
2024-06-04 04:00,617.51,0
2024-06-04 05:00,617.52,0
2024-06-04 06:00,617.52,0
2024-06-04 07:00,617.52,0
2024-06-04 08:00,617.52,0
2024-06-04 09:00,617.52,0
2024-06-04 10:00,617.52,0
2024-06-04 11:00,617.52,0
2024-06-04 12:00,617.52,0
2024-06-04 13:00,617.52,0
2024-06-04 14:00,617.52,0
2024-06-04 15:00,617.52,0
2024-06-04 16:00,617.52,0
2024-06-04 17:00,617.52,0
2024-06-04 18:00,617.52,0
2024-06-04 19:00,617.52,0
2024-06-04 20:00,617.52,0
2024-06-04 21:00,617.52,0
2024-06-04 22:00,617.52,0
2024-06-04 23:00,617.52,0
2024-06-05 00:00,617.57,0
2024-06-05 01:00,617.58,0
2024-06-05 02:00,617.58,0
2024-06-05 03:00,617.58,0
2024-06-05 04:00,617.58,0
2024-06-05 05:00,617.58,0
2024-06-05 06:00,617.58,0
2024-06-05 07:00,617.58,0
2024-06-05 08:00,617.58,0
2024-06-05 09:00,617.58,0
2024-06-05 10:00,617.58,0
2024-06-05 11:00,617.58,0
2024-06-05 12:00,617.58,0
2024-06-05 13:00,617.58,0
2024-06-05 14:00,617.59,0
2024-06-05 15:00,617.59,0
2024-06-05 16:00,617.59,0
2024-06-05 17:00,617.59,0
2024-06-05 18:00,617.59,0
2024-06-05 19:00,617.59,0
2024-06-05 20:00,617.59,0
2024-06-05 21:00,617.59,0
2024-06-05 22:00,617.59,0
2024-06-05 23:00,617.59,0
2024-06-06 00:00,617.59,0
2024-06-06 01:00,617.59,0
2024-06-06 02:00,617.59,0
2024-06-06 03:00,617.59,0
2024-06-06 04:00,617.59,0
2024-06-06 05:00,617.59,0
2024-06-06 06:00,617.59,0
2024-06-06 07:00,617.59,0
2024-06-06 08:00,617.59,0
2024-06-06 09:00,617.59,0
2024-06-06 10:00,617.59,0
2024-06-06 11:00,617.59,0
2024-06-06 12:00,617.59,0
2024-06-06 13:00,617.59,0
2024-06-06 14:00,617.59,0
2024-06-06 15:00,617.59,0
2024-06-06 16:00,617.59,0
2024-06-06 17:00,617.59,0
2024-06-06 18:00,617.59,0
2024-06-06 19:00,617.59,0
2024-06-06 20:00,617.59,0
2024-06-06 21:00,617.59,0
2024-06-06 22:00,617.59,0
2024-06-06 23:00,617.59,0
2024-06-07 00:00,617.59,0
2024-06-07 01:00,617.59,0
2024-06-07 02:00,617.59,0
2024-06-07 03:00,617.59,0
2024-06-07 04:00,617.59,0
2024-06-07 05:00,617.59,0
2024-06-07 06:00,617.59,0
2024-06-07 07:00,617.59,0
2024-06-07 08:00,617.59,0
2024-06-07 09:00,617.59,0
2024-06-07 10:00,617.59,0
2024-06-07 11:00,617.59,0
2024-06-07 12:00,617.59,0
2024-06-07 13:00,617.59,0
2024-06-07 14:00,617.59,0
2024-06-07 15:00,617.59,0
2024-06-07 16:00,617.59,0
2024-06-07 17:00,617.59,0
2024-06-07 18:00,617.59,0
2024-06-07 19:00,617.59,0
2024-06-07 20:00,617.59,0
2024-06-07 21:00,617.59,0
2024-06-07 22:00,617.59,0
2024-06-07 23:00,617.59,0
2024-06-08 00:00,617.59,0
2024-06-08 01:00,617.59,0
2024-06-08 02:00,617.59,0
2024-06-08 03:00,617.59,0
2024-06-08 04:00,617.59,0
2024-06-08 05:00,617.59,0
2024-06-08 06:00,617.59,0
2024-06-08 07:00,617.59,0
2024-06-08 08:00,617.59,0
2024-06-08 09:00,617.59,0
2024-06-08 10:00,617.59,0
2024-06-08 11:00,617.59,0
2024-06-08 12:00,617.59,0
2024-06-08 13:00,617.59,0
2024-06-08 14:00,617.59,0
2024-06-08 15:00,617.59,0
2024-06-08 16:00,617.59,0
2024-06-08 17:00,617.59,0
2024-06-08 18:00,617.59,0
2024-06-08 19:00,617.59,0
2024-06-08 20:00,617.59,0
2024-06-08 21:00,617.59,0
2024-06-08 22:00,617.59,0
2024-06-08 23:00,617.59,0
2024-06-09 00:00,617.59,0
2024-06-09 01:00,617.59,0
2024-06-09 02:00,617.59,0
2024-06-09 03:00,617.59,0
2024-06-09 04:00,617.59,0
2024-06-09 05:00,617.59,0
2024-06-09 06:00,617.59,0
2024-06-09 07:00,617.59,0
2024-06-09 08:00,617.6,0
2024-06-09 09:00,617.6,0
2024-06-09 10:00,617.6,0
2024-06-09 11:00,617.6,0
2024-06-09 12:00,617.6,0
2024-06-09 13:00,617.6,0
2024-06-09 14:00,617.6,0
2024-06-09 15:00,617.6,0
2024-06-09 16:00,617.6,0
2024-06-09 17:00,617.6,0
2024-06-09 18:00,617.6,0
2024-06-09 19:00,617.6,0
2024-06-09 20:00,617.6,0
2024-06-09 21:00,617.61,0
2024-06-09 22:00,617.67,0
2024-06-09 23:00,617.72,0
2024-06-10 00:00,617.73,0
2024-06-10 01:00,617.77,0
2024-06-10 02:00,617.77,0
2024-06-10 03:00,617.77,0
2024-06-10 04:00,617.77,0
2024-06-10 05:00,617.77,0
2024-06-10 06:00,617.77,0
2024-06-10 07:00,617.77,0
2024-06-10 08:00,617.81,0
2024-06-10 09:00,617.86,0
2024-06-10 10:00,617.9,0
2024-06-10 11:00,617.94,0
2024-06-10 12:00,617.96,0
2024-06-10 13:00,617.98,0
2024-06-10 14:00,618.0,0
2024-06-10 15:00,618.0,0
2024-06-10 16:00,618.01,0
2024-06-10 17:00,618.02,0
2024-06-10 18:00,618.03,0
2024-06-10 19:00,618.05,0
2024-06-10 20:00,618.07,0
2024-06-10 21:00,618.13,0
2024-06-10 22:00,618.15,0
2024-06-10 23:00,618.18,0
2024-06-11 00:00,618.24,0
2024-06-11 01:00,618.27,0
2024-06-11 02:00,618.28,0
2024-06-11 03:00,618.29,0
2024-06-11 04:00,618.3,0
2024-06-11 05:00,618.3,0
2024-06-11 06:00,618.31,0
2024-06-11 07:00,618.31,0
2024-06-11 08:00,618.41,0
2024-06-11 09:00,618.52,0
2024-06-11 10:00,618.55,0
2024-06-11 11:00,618.58,0
2024-06-11 12:00,618.62,0
2024-06-11 13:00,618.62,0
2024-06-11 14:00,618.62,0
2024-06-11 15:00,618.62,0
2024-06-11 16:00,618.62,0
2024-06-11 17:00,618.62,0
2024-06-11 18:00,618.62,0
2024-06-11 19:00,618.62,0
2024-06-11 20:00,618.62,0
2024-06-11 21:00,618.62,0
2024-06-11 22:00,618.62,0
2024-06-11 23:00,618.62,0
2024-06-12 00:00,618.63,0
2024-06-12 01:00,618.63,0
2024-06-12 02:00,618.63,0
2024-06-12 03:00,618.64,0
2024-06-12 04:00,618.67,0
2024-06-12 05:00,618.67,0
2024-06-12 06:00,618.67,0
2024-06-12 07:00,618.67,0
2024-06-12 08:00,618.67,0
2024-06-12 09:00,618.67,0
2024-06-12 10:00,618.67,0
2024-06-12 11:00,618.67,0
2024-06-12 12:00,618.67,0
2024-06-12 13:00,618.67,0
2024-06-12 14:00,618.67,0
2024-06-12 15:00,618.67,0
2024-06-12 16:00,618.67,0
2024-06-12 17:00,618.67,0
2024-06-12 18:00,618.67,0
2024-06-12 19:00,618.67,0
2024-06-12 20:00,618.67,0
2024-06-12 21:00,618.67,0
2024-06-12 22:00,618.67,0
2024-06-12 23:00,618.67,0
2024-06-13 00:00,618.67,0
2024-06-13 01:00,618.67,0
2024-06-13 02:00,618.67,0
2024-06-13 03:00,618.67,0
2024-06-13 04:00,618.67,0
2024-06-13 05:00,618.67,0
2024-06-13 06:00,618.67,0
2024-06-13 07:00,618.67,0
2024-06-13 08:00,618.67,0
2024-06-13 09:00,618.67,0
2024-06-13 10:00,618.67,0
2024-06-13 11:00,618.67,0
2024-06-13 12:00,618.67,0
2024-06-13 13:00,618.67,0
2024-06-13 14:00,618.67,0
2024-06-13 15:00,618.67,0
2024-06-13 16:00,618.67,0
2024-06-13 17:00,618.67,0
2024-06-13 18:00,618.67,0
2024-06-13 19:00,618.67,0
2024-06-13 20:00,618.67,0
2024-06-13 21:00,618.67,0
2024-06-13 22:00,618.67,0
2024-06-13 23:00,618.67,0
2024-06-14 00:00,618.67,0
2024-06-14 01:00,618.67,0
2024-06-14 02:00,618.67,0
2024-06-14 03:00,618.67,0
2024-06-14 04:00,618.67,0
2024-06-14 05:00,618.67,0
2024-06-14 06:00,618.67,0
2024-06-14 07:00,618.67,0
2024-06-14 08:00,618.67,0
2024-06-14 09:00,618.67,0
2024-06-14 10:00,618.67,0
2024-06-14 11:00,618.67,0
2024-06-14 12:00,618.67,0
2024-06-14 13:00,618.67,0
2024-06-14 14:00,618.67,0
2024-06-14 15:00,618.67,0
2024-06-14 16:00,618.67,0
2024-06-14 17:00,618.67,0
2024-06-14 18:00,618.67,0
2024-06-14 19:00,618.67,0
2024-06-14 20:00,618.67,0
2024-06-14 21:00,618.67,0
2024-06-14 22:00,618.67,0
2024-06-14 23:00,618.67,0
2024-06-15 00:00,618.67,0
2024-06-15 01:00,618.67,0
2024-06-15 02:00,618.67,0
2024-06-15 03:00,618.67,0
2024-06-15 04:00,618.67,0
2024-06-15 05:00,618.67,0
2024-06-15 06:00,618.67,0
2024-06-15 07:00,618.67,0
2024-06-15 08:00,618.67,0
2024-06-15 09:00,618.67,0
2024-06-15 10:00,618.67,0
2024-06-15 11:00,618.67,0
2024-06-15 12:00,618.67,0
2024-06-15 13:00,618.67,0
2024-06-15 14:00,618.67,0
2024-06-15 15:00,618.67,0
2024-06-15 16:00,618.67,0
2024-06-15 17:00,618.68,0
2024-06-15 18:00,618.68,0
2024-06-15 19:00,618.68,0
2024-06-15 20:00,618.68,0
2024-06-15 21:00,618.68,0
2024-06-15 22:00,618.68,0
2024-06-15 23:00,618.68,0
2024-06-16 00:00,618.68,0
2024-06-16 01:00,618.68,0
2024-06-16 02:00,618.68,0
2024-06-16 03:00,618.68,0
2024-06-16 04:00,618.68,0
2024-06-16 05:00,618.68,0
2024-06-16 06:00,618.68,0
2024-06-16 07:00,618.68,0
2024-06-16 08:00,618.68,0
2024-06-16 09:00,618.68,0
2024-06-16 10:00,618.68,0
2024-06-16 11:00,618.68,0
2024-06-16 12:00,618.68,0
2024-06-16 13:00,618.68,0
2024-06-16 14:00,618.68,0
2024-06-16 15:00,618.68,0
2024-06-16 16:00,618.68,0
2024-06-16 17:00,618.68,0
2024-06-16 18:00,618.68,0
2024-06-16 19:00,618.68,0
2024-06-16 20:00,618.68,0
2024-06-16 21:00,618.68,0
2024-06-16 22:00,618.68,0
2024-06-16 23:00,618.68,0
2024-06-17 00:00,618.68,0
2024-06-17 01:00,618.68,0
2024-06-17 02:00,618.68,0
2024-06-17 03:00,618.68,0
2024-06-17 04:00,618.68,0
2024-06-17 05:00,618.68,0
2024-06-17 06:00,618.68,0
2024-06-17 07:00,618.68,0
2024-06-17 08:00,618.68,0
2024-06-17 09:00,618.68,0
2024-06-17 10:00,618.68,0
2024-06-17 11:00,618.68,0
2024-06-17 12:00,618.68,0
2024-06-17 13:00,618.68,0
2024-06-17 14:00,618.68,0
2024-06-17 15:00,618.68,0
2024-06-17 16:00,618.68,0
2024-06-17 17:00,618.68,0
2024-06-17 18:00,618.68,0
2024-06-17 19:00,618.68,0
2024-06-17 20:00,618.68,0
2024-06-17 21:00,618.68,0
2024-06-17 22:00,618.68,0
2024-06-17 23:00,618.68,0
2024-06-18 00:00,618.68,0
2024-06-18 01:00,618.68,0
2024-06-18 02:00,618.68,0
2024-06-18 03:00,618.68,0
2024-06-18 04:00,618.68,0
2024-06-18 05:00,618.68,0
2024-06-18 06:00,618.68,0
2024-06-18 07:00,618.68,0
2024-06-18 08:00,618.68,0
2024-06-18 09:00,618.68,0
2024-06-18 10:00,618.68,0
2024-06-18 11:00,618.68,0
2024-06-18 12:00,618.68,0
2024-06-18 13:00,618.68,0
2024-06-18 14:00,618.68,0
2024-06-18 15:00,618.68,0
2024-06-18 16:00,618.68,0
2024-06-18 17:00,618.68,0
2024-06-18 18:00,618.68,0
2024-06-18 19:00,618.68,0
2024-06-18 20:00,618.68,0
2024-06-18 21:00,618.68,0
2024-06-18 22:00,618.68,0
2024-06-18 23:00,618.68,0
2024-06-19 00:00,618.68,0
2024-06-19 01:00,618.68,0
2024-06-19 02:00,618.68,0
2024-06-19 03:00,618.68,0
2024-06-19 04:00,618.68,0
2024-06-19 05:00,618.68,0
2024-06-19 06:00,618.68,0
2024-06-19 07:00,618.68,0
2024-06-19 08:00,618.68,0
2024-06-19 09:00,618.68,0
2024-06-19 10:00,618.68,0
2024-06-19 11:00,618.68,0
2024-06-19 12:00,618.68,0
2024-06-19 13:00,618.68,0
2024-06-19 14:00,618.68,0
2024-06-19 15:00,618.68,0
2024-06-19 16:00,618.68,0
2024-06-19 17:00,618.68,0
2024-06-19 18:00,618.68,0
2024-06-19 19:00,618.68,0
2024-06-19 20:00,618.68,0
2024-06-19 21:00,618.68,0
2024-06-19 22:00,618.68,0
2024-06-19 23:00,618.68,0
2024-06-20 00:00,618.68,0
2024-06-20 01:00,618.68,0
2024-06-20 02:00,618.68,0
2024-06-20 03:00,618.68,0
2024-06-20 04:00,618.68,0
2024-06-20 05:00,618.68,0
2024-06-20 06:00,618.68,0
2024-06-20 07:00,618.68,0
2024-06-20 08:00,618.68,0
2024-06-20 09:00,618.68,0
2024-06-20 10:00,618.68,0
2024-06-20 11:00,618.68,0
2024-06-20 12:00,618.68,0
2024-06-20 13:00,618.69,0
2024-06-20 14:00,618.71,0
2024-06-20 15:00,618.72,0
2024-06-20 16:00,618.74,0
2024-06-20 17:00,618.74,0
2024-06-20 18:00,618.74,0
2024-06-20 19:00,618.74,0
2024-06-20 20:00,618.74,0
2024-06-20 21:00,618.74,0
2024-06-20 22:00,618.74,0
2024-06-20 23:00,618.74,0
2024-06-21 00:00,618.74,0
2024-06-21 01:00,618.74,0
2024-06-21 02:00,618.74,0
2024-06-21 03:00,618.74,0
2024-06-21 04:00,618.74,0
2024-06-21 05:00,618.74,0
2024-06-21 06:00,618.74,0
2024-06-21 07:00,618.74,0
2024-06-21 08:00,618.74,0
2024-06-21 09:00,618.74,0
2024-06-21 10:00,618.74,0
2024-06-21 11:00,618.74,0
2024-06-21 12:00,618.74,0
2024-06-21 13:00,618.74,0
2024-06-21 14:00,618.77,0
2024-06-21 15:00,618.77,0
2024-06-21 16:00,618.77,0
2024-06-21 17:00,618.77,0
2024-06-21 18:00,618.77,0
2024-06-21 19:00,618.77,0
2024-06-21 20:00,618.77,0
2024-06-21 21:00,618.77,0
2024-06-21 22:00,618.77,0
2024-06-21 23:00,618.77,0
2024-06-22 00:00,618.77,0
2024-06-22 01:00,618.77,0
2024-06-22 02:00,618.77,0
2024-06-22 03:00,618.77,0
2024-06-22 04:00,618.77,0
2024-06-22 05:00,618.77,0
2024-06-22 06:00,618.77,0
2024-06-22 07:00,618.77,0
2024-06-22 08:00,618.77,0
2024-06-22 09:00,618.77,0
2024-06-22 10:00,618.77,0
2024-06-22 11:00,618.77,0
2024-06-22 12:00,618.77,0
2024-06-22 13:00,618.77,0
2024-06-22 14:00,618.77,0
2024-06-22 15:00,618.77,0
2024-06-22 16:00,618.78,0
2024-06-22 17:00,618.78,0
2024-06-22 18:00,618.78,0
2024-06-22 19:00,618.78,0
2024-06-22 20:00,618.78,0
2024-06-22 21:00,618.78,0
2024-06-22 22:00,618.78,0
2024-06-22 23:00,618.78,0
2024-06-23 00:00,618.79,0
2024-06-23 01:00,618.8,0
2024-06-23 02:00,618.84,0
2024-06-23 03:00,618.89,0
2024-06-23 04:00,618.91,0
2024-06-23 05:00,618.95,0
2024-06-23 06:00,618.95,0
2024-06-23 07:00,618.96,0
2024-06-23 08:00,618.96,0
2024-06-23 09:00,618.96,0
2024-06-23 10:00,618.96,0
2024-06-23 11:00,618.96,0
2024-06-23 12:00,618.96,0
2024-06-23 13:00,618.96,0
2024-06-23 14:00,618.96,0
2024-06-23 15:00,618.96,0
2024-06-23 16:00,618.96,0
2024-06-23 17:00,618.96,0
2024-06-23 18:00,618.96,0
2024-06-23 19:00,618.96,0
2024-06-23 20:00,618.96,0
2024-06-23 21:00,618.96,0
2024-06-23 22:00,618.96,0
2024-06-23 23:00,618.96,0
2024-06-24 00:00,618.96,0
2024-06-24 01:00,618.96,0
2024-06-24 02:00,618.96,0
2024-06-24 03:00,618.96,0
2024-06-24 04:00,618.96,0
2024-06-24 05:00,618.96,0
2024-06-24 06:00,618.96,0
2024-06-24 07:00,618.96,0
2024-06-24 08:00,618.96,0
2024-06-24 09:00,618.96,0
2024-06-24 10:00,618.96,0
2024-06-24 11:00,618.96,0
2024-06-24 12:00,618.96,0
2024-06-24 13:00,618.96,0
2024-06-24 14:00,619.0,0
2024-06-24 15:00,619.02,0
2024-06-24 16:00,619.1,0
2024-06-24 17:00,619.1,0
2024-06-24 18:00,619.1,0
2024-06-24 19:00,619.1,0
2024-06-24 20:00,619.1,0
2024-06-24 21:00,619.1,0
2024-06-24 22:00,619.1,0
2024-06-24 23:00,619.1,0
2024-06-25 00:00,619.1,0
2024-06-25 01:00,619.1,0
2024-06-25 02:00,619.1,0
2024-06-25 03:00,619.1,0
2024-06-25 04:00,619.1,0
2024-06-25 05:00,619.1,0
2024-06-25 06:00,619.1,0
2024-06-25 07:00,619.1,0
2024-06-25 08:00,619.2,0
2024-06-25 09:00,619.28,0
2024-06-25 10:00,619.53,0
2024-06-25 11:00,620.19,0
2024-06-25 12:00,620.22,0
2024-06-25 13:00,620.37,0
2024-06-25 14:00,620.73,0
2024-06-25 15:00,621.43,0
2024-06-25 16:00,622.62,0
2024-06-25 17:00,623.66,0
2024-06-25 18:00,624.96,0
2024-06-25 19:00,626.43,0
2024-06-25 20:00,626.79,0
2024-06-25 21:00,627.7,0
2024-06-25 22:00,629.02,0
2024-06-25 23:00,630.27,0
2024-06-26 00:00,630.98,0
2024-06-26 01:00,631.11,0
2024-06-26 02:00,631.12,0
2024-06-26 03:00,631.12,0
2024-06-26 04:00,631.15,0
2024-06-26 05:00,631.2,0
2024-06-26 06:00,631.28,0
2024-06-26 07:00,631.3,0
2024-06-26 08:00,631.31,0
2024-06-26 09:00,631.34,0
2024-06-26 10:00,631.38,0
2024-06-26 11:00,631.38,0
2024-06-26 12:00,631.38,0
2024-06-26 13:00,631.4,0
2024-06-26 14:00,631.4,0
2024-06-26 15:00,631.4,0
2024-06-26 16:00,631.4,0
2024-06-26 17:00,631.4,0
2024-06-26 18:00,631.4,0
2024-06-26 19:00,631.4,0
2024-06-26 20:00,631.4,0
2024-06-26 21:00,631.4,0
2024-06-26 22:00,631.4,0
2024-06-26 23:00,631.4,0
2024-06-27 00:00,631.4,0
2024-06-27 01:00,631.41,0
2024-06-27 02:00,631.42,0
2024-06-27 03:00,631.43,0
2024-06-27 04:00,631.45,0
2024-06-27 05:00,631.46,0
2024-06-27 06:00,631.47,0
2024-06-27 07:00,631.49,0
2024-06-27 08:00,631.52,0
2024-06-27 09:00,631.53,0
2024-06-27 10:00,631.53,0
2024-06-27 11:00,631.53,0
2024-06-27 12:00,631.53,0
2024-06-27 13:00,631.53,0
2024-06-27 14:00,631.53,0
2024-06-27 15:00,631.53,0
2024-06-27 16:00,631.53,0
2024-06-27 17:00,631.53,0
2024-06-27 18:00,631.53,0
2024-06-27 19:00,631.53,0
2024-06-27 20:00,631.53,0
2024-06-27 21:00,631.53,0
2024-06-27 22:00,631.53,0
2024-06-27 23:00,631.53,0
2024-06-28 00:00,631.53,0
2024-06-28 01:00,631.53,0
2024-06-28 02:00,631.53,0
2024-06-28 03:00,631.53,0
2024-06-28 04:00,631.53,0
2024-06-28 05:00,631.53,0
2024-06-28 06:00,631.53,0
2024-06-28 07:00,631.53,0
2024-06-28 08:00,631.53,0
2024-06-28 09:00,631.53,0
2024-06-28 10:00,631.53,0
2024-06-28 11:00,631.53,0
2024-06-28 12:00,631.53,0
2024-06-28 13:00,631.53,0
2024-06-28 14:00,631.53,0
2024-06-28 15:00,631.53,0
2024-06-28 16:00,631.53,0
2024-06-28 17:00,631.53,0
2024-06-28 18:00,631.53,0
2024-06-28 19:00,631.53,0
2024-06-28 20:00,631.54,0
2024-06-28 21:00,631.54,0
2024-06-28 22:00,631.54,0
2024-06-28 23:00,631.54,0
2024-06-29 00:00,631.54,0
2024-06-29 01:00,631.54,0
2024-06-29 02:00,631.54,0
2024-06-29 03:00,631.54,0
2024-06-29 04:00,631.54,0
2024-06-29 05:00,631.54,0
2024-06-29 06:00,631.54,0
2024-06-29 07:00,631.54,0
2024-06-29 08:00,631.54,0
2024-06-29 09:00,631.54,0
2024-06-29 10:00,631.54,0
2024-06-29 11:00,631.54,0
2024-06-29 12:00,631.54,0
2024-06-29 13:00,631.54,0
2024-06-29 14:00,631.54,0
2024-06-29 15:00,631.54,0
2024-06-29 16:00,631.54,0
2024-06-29 17:00,631.54,0
2024-06-29 18:00,631.54,0
2024-06-29 19:00,631.54,0
2024-06-29 20:00,631.54,0
2024-06-29 21:00,631.54,0
2024-06-29 22:00,631.54,0
2024-06-29 23:00,631.54,0
2024-06-30 00:00,631.54,0
2024-06-30 01:00,631.54,0
2024-06-30 02:00,631.54,0
2024-06-30 03:00,631.54,0
2024-06-30 04:00,631.54,0
2024-06-30 05:00,631.54,0
2024-06-30 06:00,631.54,0
2024-06-30 07:00,631.54,0
2024-06-30 08:00,631.54,0
2024-06-30 09:00,631.54,0
2024-06-30 10:00,631.54,0
2024-06-30 11:00,631.54,0
2024-06-30 12:00,631.54,0
2024-06-30 13:00,631.54,0
2024-06-30 14:00,631.54,0
2024-06-30 15:00,631.54,0
2024-06-30 16:00,631.54,0
2024-06-30 17:00,631.54,0
2024-06-30 18:00,631.54,0
2024-06-30 19:00,631.54,0
2024-06-30 20:00,631.54,0
2024-06-30 21:00,631.54,0
2024-06-30 22:00,631.54,0
2024-06-30 23:00,631.55,0
2024-07-01 00:00,631.55,0
2024-07-01 01:00,631.56,0
2024-07-01 02:00,631.56,0
2024-07-01 03:00,631.57,0
2024-07-01 04:00,631.59,0
2024-07-01 05:00,631.6,0
2024-07-01 06:00,631.62,0
2024-07-01 07:00,631.63,0
2024-07-01 08:00,631.63,0
2024-07-01 09:00,631.63,0
2024-07-01 10:00,631.63,0
2024-07-01 11:00,631.63,0
2024-07-01 12:00,631.63,0
2024-07-01 13:00,631.63,0
2024-07-01 14:00,631.63,0
2024-07-01 15:00,631.63,0
2024-07-01 16:00,631.63,0
2024-07-01 17:00,631.63,0
2024-07-01 18:00,631.63,0
2024-07-01 19:00,631.63,0
2024-07-01 20:00,631.63,0
2024-07-01 21:00,631.63,0
2024-07-01 22:00,631.63,0
2024-07-01 23:00,631.64,0
2024-07-02 00:00,631.64,0
2024-07-02 01:00,631.64,0
2024-07-02 02:00,631.64,0
2024-07-02 03:00,631.64,0
2024-07-02 04:00,631.64,0
2024-07-02 05:00,631.64,0
2024-07-02 06:00,631.65,0
2024-07-02 07:00,631.67,0
2024-07-02 08:00,631.67,0
2024-07-02 09:00,631.67,0
2024-07-02 10:00,631.68,0
2024-07-02 11:00,631.86,0
2024-07-02 12:00,632.07,0
2024-07-02 13:00,632.12,0
2024-07-02 14:00,632.17,0
2024-07-02 15:00,632.22,0
2024-07-02 16:00,633.91,0
2024-07-02 17:00,634.53,0
2024-07-02 18:00,634.54,0
2024-07-02 19:00,634.54,0
2024-07-02 20:00,634.54,0
2024-07-02 21:00,634.54,0
2024-07-02 22:00,634.54,0
2024-07-02 23:00,634.54,0
2024-07-03 00:00,634.54,0
2024-07-03 01:00,634.54,0
2024-07-03 02:00,634.54,0
2024-07-03 03:00,634.54,0
2024-07-03 04:00,634.54,0
2024-07-03 05:00,634.54,0
2024-07-03 06:00,634.54,0
2024-07-03 07:00,634.54,0
2024-07-03 08:00,634.54,0
2024-07-03 09:00,634.54,0
2024-07-03 10:00,634.54,0
2024-07-03 11:00,634.54,0
2024-07-03 12:00,634.54,0
2024-07-03 13:00,634.54,0
2024-07-03 14:00,634.55,0
2024-07-03 15:00,634.66,0
2024-07-03 16:00,635.05,0
2024-07-03 17:00,635.3,0
2024-07-03 18:00,635.49,0
2024-07-03 19:00,636.05,0
2024-07-03 20:00,636.2,0
2024-07-03 21:00,636.43,0
2024-07-03 22:00,636.46,0
2024-07-03 23:00,636.48,0
2024-07-04 00:00,636.53,0
2024-07-04 01:00,636.57,0
2024-07-04 02:00,636.57,0
2024-07-04 03:00,636.58,0
2024-07-04 04:00,636.59,0
2024-07-04 05:00,636.59,0
2024-07-04 06:00,636.59,0
2024-07-04 07:00,636.59,0
2024-07-04 08:00,636.59,0
2024-07-04 09:00,636.64,0
2024-07-04 10:00,636.7,0
2024-07-04 11:00,636.76,0
2024-07-04 12:00,636.86,0
2024-07-04 13:00,636.97,0
2024-07-04 14:00,637.04,0
2024-07-04 15:00,637.06,0
2024-07-04 16:00,637.06,0
2024-07-04 17:00,637.06,0
2024-07-04 18:00,637.06,0
2024-07-04 19:00,637.06,0
2024-07-04 20:00,637.06,0
2024-07-04 21:00,637.06,0
2024-07-04 22:00,637.06,0
2024-07-04 23:00,637.06,0
2024-07-05 00:00,637.06,0
2024-07-05 01:00,637.06,0
2024-07-05 02:00,637.06,0
2024-07-05 03:00,637.06,0
2024-07-05 04:00,637.06,0
2024-07-05 05:00,637.06,0
2024-07-05 06:00,637.06,0
2024-07-05 07:00,637.06,0
2024-07-05 08:00,637.06,0
2024-07-05 09:00,637.06,0
2024-07-05 10:00,637.06,0
2024-07-05 11:00,637.06,0
2024-07-05 12:00,637.06,0
2024-07-05 13:00,637.06,0
2024-07-05 14:00,637.06,0
2024-07-05 15:00,637.06,0
2024-07-05 16:00,637.06,0
2024-07-05 17:00,637.06,0
2024-07-05 18:00,637.06,0
2024-07-05 19:00,637.07,0
2024-07-05 20:00,637.07,0
2024-07-05 21:00,637.07,0
2024-07-05 22:00,637.07,0
2024-07-05 23:00,637.07,0
2024-07-06 00:00,637.07,0
2024-07-06 01:00,637.07,0
2024-07-06 02:00,637.07,0
2024-07-06 03:00,637.07,0
2024-07-06 04:00,637.07,0
2024-07-06 05:00,637.07,0
2024-07-06 06:00,637.07,0
2024-07-06 07:00,637.07,0
2024-07-06 08:00,637.07,0
2024-07-06 09:00,637.07,0
2024-07-06 10:00,637.07,0
2024-07-06 11:00,637.07,0
2024-07-06 12:00,637.07,0
2024-07-06 13:00,637.07,0
2024-07-06 14:00,637.07,0
2024-07-06 15:00,637.07,0
2024-07-06 16:00,637.07,0
2024-07-06 17:00,637.07,0
2024-07-06 18:00,637.07,0
2024-07-06 19:00,637.07,0
2024-07-06 20:00,637.07,0
2024-07-06 21:00,637.07,0
2024-07-06 22:00,637.07,0
2024-07-06 23:00,637.07,0
2024-07-07 00:00,637.07,0
2024-07-07 01:00,637.07,0
2024-07-07 02:00,637.07,0
2024-07-07 03:00,637.07,0
2024-07-07 04:00,637.07,0
2024-07-07 05:00,637.07,0
2024-07-07 06:00,637.07,0
2024-07-07 07:00,637.07,0
2024-07-07 08:00,637.11,0
2024-07-07 09:00,637.11,0
2024-07-07 10:00,637.11,0
2024-07-07 11:00,637.11,0
2024-07-07 12:00,637.11,0
2024-07-07 13:00,637.11,0
2024-07-07 14:00,637.11,0
2024-07-07 15:00,637.11,0
2024-07-07 16:00,637.11,0
2024-07-07 17:00,637.11,0
2024-07-07 18:00,637.11,0
2024-07-07 19:00,637.11,0
2024-07-07 20:00,637.11,0
2024-07-07 21:00,637.11,0
2024-07-07 22:00,637.11,0
2024-07-07 23:00,637.11,0
2024-07-08 00:00,637.11,0
2024-07-08 01:00,637.11,0
2024-07-08 02:00,637.11,0
2024-07-08 03:00,637.11,0
2024-07-08 04:00,637.11,0
2024-07-08 05:00,637.11,0
2024-07-08 06:00,637.11,0
2024-07-08 07:00,637.11,0
2024-07-08 08:00,637.11,0
2024-07-08 09:00,637.11,0
2024-07-08 10:00,637.11,0
2024-07-08 11:00,637.11,0
2024-07-08 12:00,637.11,0
2024-07-08 13:00,637.11,0
2024-07-08 14:00,637.11,0
2024-07-08 15:00,637.11,0
2024-07-08 16:00,637.11,0
2024-07-08 17:00,637.11,0
2024-07-08 18:00,637.11,0
2024-07-08 19:00,637.11,0
2024-07-08 20:00,637.11,0
2024-07-08 21:00,637.11,0
2024-07-08 22:00,637.11,0
2024-07-08 23:00,637.11,0
2024-07-09 00:00,637.11,0
2024-07-09 01:00,637.12,0
2024-07-09 02:00,637.12,0
2024-07-09 03:00,637.12,0
2024-07-09 04:00,637.12,0
2024-07-09 05:00,637.12,0
2024-07-09 06:00,637.12,0
2024-07-09 07:00,637.12,0
2024-07-09 08:00,637.12,0
2024-07-09 09:00,637.12,0
2024-07-09 10:00,637.12,0
2024-07-09 11:00,637.12,0
2024-07-09 12:00,637.12,0
2024-07-09 13:00,637.12,0
2024-07-09 14:00,637.12,0
2024-07-09 15:00,637.12,0
2024-07-09 16:00,637.12,0
2024-07-09 17:00,637.12,0
2024-07-09 18:00,637.12,0
2024-07-09 19:00,637.12,0
2024-07-09 20:00,637.12,0
2024-07-09 21:00,637.12,0
2024-07-09 22:00,637.12,0
2024-07-09 23:00,637.12,0
2024-07-10 00:00,637.12,0
2024-07-10 01:00,637.12,0
2024-07-10 02:00,637.12,0
2024-07-10 03:00,637.12,0
2024-07-10 04:00,637.12,0
2024-07-10 05:00,637.12,0
2024-07-10 06:00,637.12,0
2024-07-10 07:00,637.12,0
2024-07-10 08:00,637.12,0
2024-07-10 09:00,637.12,0
2024-07-10 10:00,637.12,0
2024-07-10 11:00,637.12,0
2024-07-10 12:00,637.12,0
2024-07-10 13:00,637.12,0
2024-07-10 14:00,637.12,0
2024-07-10 15:00,637.12,0
2024-07-10 16:00,637.12,0
2024-07-10 17:00,637.12,0
2024-07-10 18:00,637.12,0
2024-07-10 19:00,637.12,0
2024-07-10 20:00,637.12,0
2024-07-10 21:00,637.12,0
2024-07-10 22:00,637.12,0
2024-07-10 23:00,637.12,0
2024-07-11 00:00,637.12,0
2024-07-11 01:00,637.12,0
2024-07-11 02:00,637.12,0
2024-07-11 03:00,637.12,0
2024-07-11 04:00,637.12,0
2024-07-11 05:00,637.12,0
2024-07-11 06:00,637.12,0
2024-07-11 07:00,637.12,0
2024-07-11 08:00,637.12,0
2024-07-11 09:00,637.12,0
2024-07-11 10:00,637.12,0
2024-07-11 11:00,637.12,0
2024-07-11 12:00,637.12,0
2024-07-11 13:00,637.12,0
2024-07-11 14:00,637.12,0
2024-07-11 15:00,637.12,0
2024-07-11 16:00,637.12,0
2024-07-11 17:00,637.12,0
2024-07-11 18:00,637.12,0
2024-07-11 19:00,637.12,0
2024-07-11 20:00,637.12,0
2024-07-11 21:00,637.12,0
2024-07-11 22:00,637.12,0
2024-07-11 23:00,637.12,0
2024-07-12 00:00,637.12,0
2024-07-12 01:00,637.12,0
2024-07-12 02:00,637.12,0
2024-07-12 03:00,637.12,0
2024-07-12 04:00,637.12,0
2024-07-12 05:00,637.12,0
2024-07-12 06:00,637.12,0
2024-07-12 07:00,637.12,0
2024-07-12 08:00,637.12,0
2024-07-12 09:00,637.12,0
2024-07-12 10:00,637.12,0
2024-07-12 11:00,637.12,0
2024-07-12 12:00,637.12,0
2024-07-12 13:00,637.12,0
2024-07-12 14:00,637.12,0
2024-07-12 15:00,637.12,0
2024-07-12 16:00,637.12,0
2024-07-12 17:00,637.12,0
2024-07-12 18:00,637.12,0
2024-07-12 19:00,637.12,0
2024-07-12 20:00,637.12,0
2024-07-12 21:00,637.12,0
2024-07-12 22:00,637.12,0
2024-07-12 23:00,637.12,0
2024-07-13 00:00,637.12,0
2024-07-13 01:00,637.12,0
2024-07-13 02:00,637.12,0
2024-07-13 03:00,637.12,0
2024-07-13 04:00,637.12,0
2024-07-13 05:00,637.12,0
2024-07-13 06:00,637.12,0
2024-07-13 07:00,637.12,0
2024-07-13 08:00,637.12,0
2024-07-13 09:00,637.12,0
2024-07-13 10:00,637.12,0
2024-07-13 11:00,637.12,0
2024-07-13 12:00,637.12,0
2024-07-13 13:00,637.12,0
2024-07-13 14:00,637.12,0
2024-07-13 15:00,637.12,0
2024-07-13 16:00,637.12,0
2024-07-13 17:00,637.12,0
2024-07-13 18:00,637.12,0
2024-07-13 19:00,637.12,0
2024-07-13 20:00,637.12,0
2024-07-13 21:00,637.12,0
2024-07-13 22:00,637.12,0
2024-07-13 23:00,637.12,0
2024-07-14 00:00,637.12,0
2024-07-14 01:00,637.12,0
2024-07-14 02:00,637.12,0
2024-07-14 03:00,637.12,0
2024-07-14 04:00,637.12,0
2024-07-14 05:00,637.12,0
2024-07-14 06:00,637.12,0
2024-07-14 07:00,637.12,0
2024-07-14 08:00,637.12,0
2024-07-14 09:00,637.12,0
2024-07-14 10:00,637.12,0
2024-07-14 11:00,637.12,0
2024-07-14 12:00,637.12,0
2024-07-14 13:00,637.12,0
2024-07-14 14:00,637.12,0
2024-07-14 15:00,637.12,0
2024-07-14 16:00,637.12,0
2024-07-14 17:00,637.12,0
2024-07-14 18:00,637.12,0
2024-07-14 19:00,637.12,0
2024-07-14 20:00,637.12,0
2024-07-14 21:00,637.12,0
2024-07-14 22:00,637.12,0
2024-07-14 23:00,637.12,0
2024-07-15 00:00,637.12,0
2024-07-15 01:00,637.12,0
2024-07-15 02:00,637.12,0
2024-07-15 03:00,637.12,0
2024-07-15 04:00,637.12,0
2024-07-15 05:00,637.12,0
2024-07-15 06:00,637.12,0
2024-07-15 07:00,637.12,0
2024-07-15 08:00,637.12,0
2024-07-15 09:00,637.12,0
2024-07-15 10:00,637.12,0
2024-07-15 11:00,637.12,0
2024-07-15 12:00,637.12,0
2024-07-15 13:00,637.12,0
2024-07-15 14:00,637.12,0
2024-07-15 15:00,637.12,0
2024-07-15 16:00,637.12,0
2024-07-15 17:00,637.12,0
2024-07-15 18:00,637.12,0
2024-07-15 19:00,637.12,0
2024-07-15 20:00,637.12,0
2024-07-15 21:00,637.12,0
2024-07-15 22:00,637.12,0
2024-07-15 23:00,637.12,0
2024-07-16 00:00,637.12,0
2024-07-16 01:00,637.12,0
2024-07-16 02:00,637.12,0
2024-07-16 03:00,637.12,0
2024-07-16 04:00,637.12,0
2024-07-16 05:00,637.12,0
2024-07-16 06:00,637.12,0
2024-07-16 07:00,637.12,0
2024-07-16 08:00,637.12,0
2024-07-16 09:00,637.12,0
2024-07-16 10:00,637.12,0
2024-07-16 11:00,637.12,0
2024-07-16 12:00,637.12,0
2024-07-16 13:00,637.12,0
2024-07-16 14:00,637.12,0
2024-07-16 15:00,637.12,0
2024-07-16 16:00,637.12,0
2024-07-16 17:00,637.12,0
2024-07-16 18:00,637.12,0
2024-07-16 19:00,637.12,0
2024-07-16 20:00,637.12,0
2024-07-16 21:00,637.12,0
2024-07-16 22:00,637.12,0
2024-07-16 23:00,637.12,0
2024-07-17 00:00,637.12,0
2024-07-17 01:00,637.12,0
2024-07-17 02:00,637.12,0
2024-07-17 03:00,637.12,0
2024-07-17 04:00,637.12,0
2024-07-17 05:00,637.12,0
2024-07-17 06:00,637.12,0
2024-07-17 07:00,637.12,0
2024-07-17 08:00,637.12,0
2024-07-17 09:00,637.12,0
2024-07-17 10:00,637.12,0
2024-07-17 11:00,637.12,0
2024-07-17 12:00,637.12,0
2024-07-17 13:00,637.12,0
2024-07-17 14:00,637.12,0
2024-07-17 15:00,637.12,0
2024-07-17 16:00,637.17,0
2024-07-17 17:00,637.17,0
2024-07-17 18:00,637.17,0
2024-07-17 19:00,637.17,0
2024-07-17 20:00,637.17,0
2024-07-17 21:00,637.17,0
2024-07-17 22:00,637.17,0
2024-07-17 23:00,637.17,0
2024-07-18 00:00,637.17,0
2024-07-18 01:00,637.17,0
2024-07-18 02:00,637.17,0
2024-07-18 03:00,637.17,0
2024-07-18 04:00,637.17,0
2024-07-18 05:00,637.17,0
2024-07-18 06:00,637.17,0
2024-07-18 07:00,637.17,0
2024-07-18 08:00,637.17,0
2024-07-18 09:00,637.17,0
2024-07-18 10:00,637.17,0
2024-07-18 11:00,637.17,0
2024-07-18 12:00,637.17,0
2024-07-18 13:00,637.17,0
2024-07-18 14:00,637.17,0
2024-07-18 15:00,637.17,0
2024-07-18 16:00,637.17,0
2024-07-18 17:00,637.17,0
2024-07-18 18:00,637.17,0
2024-07-18 19:00,637.17,0
2024-07-18 20:00,637.17,0
2024-07-18 21:00,637.17,0
2024-07-18 22:00,637.17,0
2024-07-18 23:00,637.17,0
2024-07-19 00:00,637.17,0
2024-07-19 01:00,637.17,0
2024-07-19 02:00,637.17,0
2024-07-19 03:00,637.17,0
2024-07-19 04:00,637.17,0
2024-07-19 05:00,637.17,0
2024-07-19 06:00,637.17,0
2024-07-19 07:00,637.17,0
2024-07-19 08:00,637.17,0
2024-07-19 09:00,637.17,0
2024-07-19 10:00,637.17,0
2024-07-19 11:00,637.17,0
2024-07-19 12:00,637.17,0
2024-07-19 13:00,637.17,0
2024-07-19 14:00,637.17,0
2024-07-19 15:00,637.17,0
2024-07-19 16:00,637.17,0
2024-07-19 17:00,637.17,0
2024-07-19 18:00,637.17,0
2024-07-19 19:00,637.17,0
2024-07-19 20:00,637.17,0
2024-07-19 21:00,637.17,0
2024-07-19 22:00,637.17,0
2024-07-19 23:00,637.17,0
2024-07-20 00:00,637.17,0
2024-07-20 01:00,637.17,0
2024-07-20 02:00,637.17,0
2024-07-20 03:00,637.17,0
2024-07-20 04:00,637.17,0
2024-07-20 05:00,637.18,0
2024-07-20 06:00,637.18,0
2024-07-20 07:00,637.19,0
2024-07-20 08:00,637.19,0
2024-07-20 09:00,637.19,0
2024-07-20 10:00,637.19,0
2024-07-20 11:00,637.19,0
2024-07-20 12:00,637.19,0
2024-07-20 13:00,637.19,0
2024-07-20 14:00,637.19,0
2024-07-20 15:00,637.19,0
2024-07-20 16:00,637.19,0
2024-07-20 17:00,637.19,0
2024-07-20 18:00,637.19,0
2024-07-20 19:00,637.19,0
2024-07-20 20:00,637.19,0
2024-07-20 21:00,637.19,0
2024-07-20 22:00,637.19,0
2024-07-20 23:00,637.19,0
2024-07-21 00:00,637.19,0
2024-07-21 01:00,637.19,0
2024-07-21 02:00,637.19,0
2024-07-21 03:00,637.19,0
2024-07-21 04:00,637.19,0
2024-07-21 05:00,637.19,0
2024-07-21 06:00,637.19,0
2024-07-21 07:00,637.19,0
2024-07-21 08:00,637.19,0
2024-07-21 09:00,637.19,0
2024-07-21 10:00,637.19,0
2024-07-21 11:00,637.19,0
2024-07-21 12:00,637.19,0
2024-07-21 13:00,637.19,0
2024-07-21 14:00,637.19,0
2024-07-21 15:00,637.19,0
2024-07-21 16:00,637.19,0
2024-07-21 17:00,637.19,0
2024-07-21 18:00,637.19,0
2024-07-21 19:00,637.19,0
2024-07-21 20:00,637.19,0
2024-07-21 21:00,637.19,0
2024-07-21 22:00,637.19,0
2024-07-21 23:00,637.19,0
2024-07-22 00:00,637.19,0
2024-07-22 01:00,637.19,0
2024-07-22 02:00,637.19,0
2024-07-22 03:00,637.19,0
2024-07-22 04:00,637.19,0
2024-07-22 05:00,637.19,0
2024-07-22 06:00,637.21,0
2024-07-22 07:00,637.33,0
2024-07-22 08:00,637.57,0
2024-07-22 09:00,637.66,0
2024-07-22 10:00,637.68,0
2024-07-22 11:00,637.7,0
2024-07-22 12:00,637.71,0
2024-07-22 13:00,638.63,0
2024-07-22 14:00,638.63,0
2024-07-22 15:00,638.63,0
2024-07-22 16:00,638.65,0
2024-07-22 17:00,639.11,0
2024-07-22 18:00,639.11,0
2024-07-22 19:00,639.11,0
2024-07-22 20:00,639.11,0
2024-07-22 21:00,639.11,0
2024-07-22 22:00,639.11,0
2024-07-22 23:00,639.12,0
2024-07-23 00:00,639.12,0
2024-07-23 01:00,639.12,0
2024-07-23 02:00,639.12,0
2024-07-23 03:00,639.12,0
2024-07-23 04:00,639.12,0
2024-07-23 05:00,639.12,0
2024-07-23 06:00,639.12,0
2024-07-23 07:00,639.12,0
2024-07-23 08:00,639.12,0
2024-07-23 09:00,639.12,0
2024-07-23 10:00,639.12,0
2024-07-23 11:00,639.12,0
2024-07-23 12:00,639.12,0
2024-07-23 13:00,639.12,0
2024-07-23 14:00,639.12,0
2024-07-23 15:00,639.12,0
2024-07-23 16:00,639.12,0
2024-07-23 17:00,639.12,0
2024-07-23 18:00,639.12,0
2024-07-23 19:00,639.12,0
2024-07-23 20:00,639.12,0
2024-07-23 21:00,639.12,0
2024-07-23 22:00,639.12,0
2024-07-23 23:00,639.12,0
2024-07-24 00:00,639.12,0
2024-07-24 01:00,639.12,0
2024-07-24 02:00,639.12,0
2024-07-24 03:00,639.12,0
2024-07-24 04:00,639.12,0
2024-07-24 05:00,639.12,0
2024-07-24 06:00,639.12,0
2024-07-24 07:00,639.12,0
2024-07-24 08:00,639.12,0
2024-07-24 09:00,639.12,0
2024-07-24 10:00,639.12,0
2024-07-24 11:00,639.12,0
2024-07-24 12:00,639.12,0
2024-07-24 13:00,639.12,0
2024-07-24 14:00,639.13,0
2024-07-24 15:00,639.29,0
2024-07-24 16:00,639.53,0
2024-07-24 17:00,639.54,0
2024-07-24 18:00,639.54,0
2024-07-24 19:00,639.54,0
2024-07-24 20:00,639.54,0
2024-07-24 21:00,639.54,0
2024-07-24 22:00,639.54,0
2024-07-24 23:00,639.7,0
2024-07-25 00:00,639.7,0
2024-07-25 01:00,639.71,0
2024-07-25 02:00,639.71,0
2024-07-25 03:00,639.71,0
2024-07-25 04:00,639.71,0
2024-07-25 05:00,639.71,0
2024-07-25 06:00,639.71,0
2024-07-25 07:00,639.71,0
2024-07-25 08:00,639.71,0
2024-07-25 09:00,639.71,0
2024-07-25 10:00,639.71,0
2024-07-25 11:00,639.71,0
2024-07-25 12:00,639.71,0
2024-07-25 13:00,639.71,0
2024-07-25 14:00,639.71,0
2024-07-25 15:00,639.71,0
2024-07-25 16:00,639.71,0
2024-07-25 17:00,639.71,0
2024-07-25 18:00,639.71,0
2024-07-25 19:00,639.71,0
2024-07-25 20:00,639.71,0
2024-07-25 21:00,639.71,0
2024-07-25 22:00,639.71,0
2024-07-25 23:00,639.71,0
2024-07-26 00:00,639.71,0
2024-07-26 01:00,639.71,0
2024-07-26 02:00,639.71,0
2024-07-26 03:00,639.71,0
2024-07-26 04:00,639.71,0
2024-07-26 05:00,639.71,0
2024-07-26 06:00,639.71,0
2024-07-26 07:00,639.71,0
2024-07-26 08:00,639.71,0
2024-07-26 09:00,639.71,0
2024-07-26 10:00,639.71,0
2024-07-26 11:00,639.71,0
2024-07-26 12:00,639.71,0
2024-07-26 13:00,639.71,0
2024-07-26 14:00,639.71,0
2024-07-26 15:00,639.71,0
2024-07-26 16:00,639.71,0
2024-07-26 17:00,639.71,0
2024-07-26 18:00,639.71,0
2024-07-26 19:00,639.71,0
2024-07-26 20:00,639.71,0
2024-07-26 21:00,639.71,0
2024-07-26 22:00,639.71,0
2024-07-26 23:00,639.71,0
2024-07-27 00:00,639.71,0
2024-07-27 01:00,639.71,0
2024-07-27 02:00,639.71,0
2024-07-27 03:00,639.71,0
2024-07-27 04:00,639.71,0
2024-07-27 05:00,639.71,0
2024-07-27 06:00,639.71,0
2024-07-27 07:00,639.71,0
2024-07-27 08:00,639.71,0
2024-07-27 09:00,639.71,0
2024-07-27 10:00,639.71,0
2024-07-27 11:00,639.71,0
2024-07-27 12:00,639.71,0
2024-07-27 13:00,639.71,0
2024-07-27 14:00,639.71,0
2024-07-27 15:00,639.71,0
2024-07-27 16:00,639.71,0
2024-07-27 17:00,639.71,0
2024-07-27 18:00,639.71,0
2024-07-27 19:00,639.71,0
2024-07-27 20:00,639.71,0
2024-07-27 21:00,639.71,0
2024-07-27 22:00,639.71,0
2024-07-27 23:00,639.71,0
2024-07-28 00:00,639.71,0
2024-07-28 01:00,639.71,0
2024-07-28 02:00,639.71,0
2024-07-28 03:00,639.71,0
2024-07-28 04:00,639.71,0
2024-07-28 05:00,639.71,0
2024-07-28 06:00,639.71,0
2024-07-28 07:00,639.71,0
2024-07-28 08:00,639.71,0
2024-07-28 09:00,639.71,0
2024-07-28 10:00,639.71,0
2024-07-28 11:00,639.71,0
2024-07-28 12:00,639.71,0
2024-07-28 13:00,639.71,0
2024-07-28 14:00,639.71,0
2024-07-28 15:00,639.71,0
2024-07-28 16:00,639.71,0
2024-07-28 17:00,639.71,0
2024-07-28 18:00,639.71,0
2024-07-28 19:00,639.71,0
2024-07-28 20:00,639.71,0
2024-07-28 21:00,639.71,0
2024-07-28 22:00,639.71,0
2024-07-28 23:00,639.71,0
2024-07-29 00:00,639.71,0
2024-07-29 01:00,639.71,0
2024-07-29 02:00,639.71,0
2024-07-29 03:00,639.71,0
2024-07-29 04:00,639.71,0
2024-07-29 05:00,639.71,0
2024-07-29 06:00,639.71,0
2024-07-29 07:00,639.71,0
2024-07-29 08:00,639.71,0
2024-07-29 09:00,639.71,0
2024-07-29 10:00,639.71,0
2024-07-29 11:00,639.71,0
2024-07-29 12:00,639.71,0
2024-07-29 13:00,639.71,0
2024-07-29 14:00,639.71,0
2024-07-29 15:00,639.71,0
2024-07-29 16:00,639.71,0
2024-07-29 17:00,639.71,0
2024-07-29 18:00,639.85,0
2024-07-29 19:00,639.85,0
2024-07-29 20:00,639.85,0
2024-07-29 21:00,639.85,0
2024-07-29 22:00,639.85,0
2024-07-29 23:00,639.85,0
2024-07-30 00:00,639.85,0
2024-07-30 01:00,639.85,0
2024-07-30 02:00,639.85,0
2024-07-30 03:00,639.85,0
2024-07-30 04:00,639.85,0
2024-07-30 05:00,639.85,0
2024-07-30 06:00,639.85,0
2024-07-30 07:00,639.85,0
2024-07-30 08:00,639.85,0
2024-07-30 09:00,639.85,0
2024-07-30 10:00,639.85,0
2024-07-30 11:00,639.85,0
2024-07-30 12:00,639.85,0
2024-07-30 13:00,639.85,0
2024-07-30 14:00,639.85,0
2024-07-30 15:00,639.85,0
2024-07-30 16:00,639.85,0
2024-07-30 17:00,639.85,0
2024-07-30 18:00,639.85,0
2024-07-30 19:00,639.85,0
2024-07-30 20:00,639.85,0
2024-07-30 21:00,639.85,0
2024-07-30 22:00,639.85,0
2024-07-30 23:00,639.85,0
2024-07-31 00:00,639.85,0
2024-07-31 01:00,639.85,0
2024-07-31 02:00,639.85,0
2024-07-31 03:00,639.85,0
2024-07-31 04:00,639.85,0
2024-07-31 05:00,639.85,0
2024-07-31 06:00,639.85,0
2024-07-31 07:00,639.85,0
2024-07-31 08:00,639.85,0
2024-07-31 09:00,639.86,0
2024-07-31 10:00,639.86,0
2024-07-31 11:00,639.86,0
2024-07-31 12:00,639.86,0
2024-07-31 13:00,639.86,0
2024-07-31 14:00,639.86,0
2024-07-31 15:00,639.86,0
2024-07-31 16:00,639.86,0
2024-07-31 17:00,639.86,0
2024-07-31 18:00,639.86,0
2024-07-31 19:00,639.86,0
2024-07-31 20:00,639.86,0
2024-07-31 21:00,639.86,0
2024-07-31 22:00,639.86,0
2024-07-31 23:00,639.86,0
2024-08-01 00:00,639.86,0
2024-08-01 01:00,639.86,0
2024-08-01 02:00,639.86,0
2024-08-01 03:00,639.86,0
2024-08-01 04:00,639.86,0
2024-08-01 05:00,639.86,0
2024-08-01 06:00,639.86,0
2024-08-01 07:00,639.86,0
2024-08-01 08:00,639.86,0
2024-08-01 09:00,639.86,0
2024-08-01 10:00,639.86,0
2024-08-01 11:00,639.86,0
2024-08-01 12:00,639.86,0
2024-08-01 13:00,639.86,0
2024-08-01 14:00,639.86,0
2024-08-01 15:00,639.87,0
2024-08-01 16:00,639.87,0
2024-08-01 17:00,639.87,0
2024-08-01 18:00,639.87,0
2024-08-01 19:00,639.87,0
2024-08-01 20:00,639.87,0
2024-08-01 21:00,639.87,0
2024-08-01 22:00,639.87,0
2024-08-01 23:00,639.87,0
2024-08-02 00:00,639.87,0
2024-08-02 01:00,639.87,0
2024-08-02 02:00,639.88,0
2024-08-02 03:00,639.88,0
2024-08-02 04:00,639.89,0
2024-08-02 05:00,639.9,0
2024-08-02 06:00,639.91,0
2024-08-02 07:00,639.92,0
2024-08-02 08:00,639.93,0
2024-08-02 09:00,639.93,0
2024-08-02 10:00,639.93,0
2024-08-02 11:00,639.93,0
2024-08-02 12:00,639.93,0
2024-08-02 13:00,639.93,0
2024-08-02 14:00,639.93,0
2024-08-02 15:00,639.93,0
2024-08-02 16:00,639.93,0
2024-08-02 17:00,639.93,0
2024-08-02 18:00,639.93,0
2024-08-02 19:00,639.93,0
2024-08-02 20:00,639.93,0
2024-08-02 21:00,639.93,0
2024-08-02 22:00,639.93,0
2024-08-02 23:00,639.93,0
2024-08-03 00:00,639.93,0
2024-08-03 01:00,639.93,0
2024-08-03 02:00,639.93,0
2024-08-03 03:00,639.93,0
2024-08-03 04:00,639.93,0
2024-08-03 05:00,639.93,0
2024-08-03 06:00,639.93,0
2024-08-03 07:00,639.93,0
2024-08-03 08:00,639.93,0
2024-08-03 09:00,639.93,0
2024-08-03 10:00,639.93,0
2024-08-03 11:00,639.93,0
2024-08-03 12:00,639.93,0
2024-08-03 13:00,639.93,0
2024-08-03 14:00,639.93,0
2024-08-03 15:00,639.93,0
2024-08-03 16:00,639.93,0
2024-08-03 17:00,639.93,0
2024-08-03 18:00,639.93,0
2024-08-03 19:00,639.93,0
2024-08-03 20:00,639.93,0
2024-08-03 21:00,639.93,0
2024-08-03 22:00,639.93,0
2024-08-03 23:00,639.93,0
2024-08-04 00:00,639.93,0
2024-08-04 01:00,639.93,0
2024-08-04 02:00,639.93,0
2024-08-04 03:00,639.93,0
2024-08-04 04:00,639.93,0
2024-08-04 05:00,639.93,0
2024-08-04 06:00,639.93,0
2024-08-04 07:00,639.93,0
2024-08-04 08:00,639.93,0
2024-08-04 09:00,639.93,0
2024-08-04 10:00,639.93,0
2024-08-04 11:00,639.93,0
2024-08-04 12:00,639.93,0
2024-08-04 13:00,639.93,0
2024-08-04 14:00,639.93,0
2024-08-04 15:00,639.94,0
2024-08-04 16:00,640.05,0
2024-08-04 17:00,640.05,0
2024-08-04 18:00,640.05,0
2024-08-04 19:00,640.05,0
2024-08-04 20:00,640.05,0
2024-08-04 21:00,640.05,0
2024-08-04 22:00,640.05,0
2024-08-04 23:00,640.05,0
2024-08-05 00:00,640.05,0
2024-08-05 01:00,640.05,0
2024-08-05 02:00,640.05,0
2024-08-05 03:00,640.05,0
2024-08-05 04:00,640.05,0
2024-08-05 05:00,640.05,0
2024-08-05 06:00,640.05,0
2024-08-05 07:00,640.05,0
2024-08-05 08:00,640.05,0
2024-08-05 09:00,640.05,0
2024-08-05 10:00,640.05,0
2024-08-05 11:00,640.05,0
2024-08-05 12:00,640.05,0
2024-08-05 13:00,640.05,0
2024-08-05 14:00,640.05,0
2024-08-05 15:00,640.05,0
2024-08-05 16:00,640.05,0
2024-08-05 17:00,640.05,0
2024-08-05 18:00,640.05,0
2024-08-05 19:00,640.05,0
2024-08-05 20:00,640.05,0
2024-08-05 21:00,640.05,0
2024-08-05 22:00,640.05,0
2024-08-05 23:00,640.05,0
2024-08-06 00:00,640.05,0
2024-08-06 01:00,640.05,0
2024-08-06 02:00,640.05,0
2024-08-06 03:00,640.05,0
2024-08-06 04:00,640.05,0
2024-08-06 05:00,640.05,0
2024-08-06 06:00,640.05,0
2024-08-06 07:00,640.05,0
2024-08-06 08:00,640.06,0
2024-08-06 09:00,640.06,0
2024-08-06 10:00,640.06,0
2024-08-06 11:00,640.07,0
2024-08-06 12:00,640.07,0
2024-08-06 13:00,640.07,0
2024-08-06 14:00,640.07,0
2024-08-06 15:00,640.07,0
2024-08-06 16:00,640.1,0
2024-08-06 17:00,640.1,0
2024-08-06 18:00,640.1,0
2024-08-06 19:00,640.1,0
2024-08-06 20:00,640.1,0
2024-08-06 21:00,640.1,0
2024-08-06 22:00,640.1,0
2024-08-06 23:00,640.1,0
2024-08-07 00:00,640.1,0
2024-08-07 01:00,640.1,0
2024-08-07 02:00,640.1,0
2024-08-07 03:00,640.1,0
2024-08-07 04:00,640.1,0
2024-08-07 05:00,640.1,0
2024-08-07 06:00,640.1,0
2024-08-07 07:00,640.1,0
2024-08-07 08:00,640.1,0
2024-08-07 09:00,640.1,0
2024-08-07 10:00,640.1,0
2024-08-07 11:00,640.1,0
2024-08-07 12:00,640.13,0
2024-08-07 13:00,640.15,0
2024-08-07 14:00,640.16,0
2024-08-07 15:00,640.16,0
2024-08-07 16:00,640.16,0
2024-08-07 17:00,640.16,0
2024-08-07 18:00,640.16,0
2024-08-07 19:00,640.16,0
2024-08-07 20:00,640.16,0
2024-08-07 21:00,640.16,0
2024-08-07 22:00,640.16,0
2024-08-07 23:00,640.16,0
2024-08-08 00:00,640.16,0
2024-08-08 01:00,640.16,0
2024-08-08 02:00,640.16,0
2024-08-08 03:00,640.16,0
2024-08-08 04:00,640.16,0
2024-08-08 05:00,640.16,0
2024-08-08 06:00,640.16,0
2024-08-08 07:00,640.16,0
2024-08-08 08:00,640.16,0
2024-08-08 09:00,640.16,0
2024-08-08 10:00,640.16,0
2024-08-08 11:00,640.16,0
2024-08-08 12:00,640.16,0
2024-08-08 13:00,640.16,0
2024-08-08 14:00,640.16,0
2024-08-08 15:00,640.16,0
2024-08-08 16:00,640.16,0
2024-08-08 17:00,640.16,0
2024-08-08 18:00,640.16,0
2024-08-08 19:00,640.16,0
2024-08-08 20:00,640.16,0
2024-08-08 21:00,640.16,0
2024-08-08 22:00,640.16,0
2024-08-08 23:00,640.16,0
2024-08-09 00:00,640.16,0
2024-08-09 01:00,640.16,0
2024-08-09 02:00,640.16,0
2024-08-09 03:00,640.16,0
2024-08-09 04:00,640.16,0
2024-08-09 05:00,640.16,0
2024-08-09 06:00,640.16,0
2024-08-09 07:00,640.16,0
2024-08-09 08:00,640.16,0
2024-08-09 09:00,640.16,0
2024-08-09 10:00,640.16,0
2024-08-09 11:00,640.16,0
2024-08-09 12:00,640.16,0
2024-08-09 13:00,640.16,0
2024-08-09 14:00,640.16,0
2024-08-09 15:00,640.17,0
2024-08-09 16:00,640.17,0
2024-08-09 17:00,640.2,0
2024-08-09 18:00,640.2,0
2024-08-09 19:00,640.2,0
2024-08-09 20:00,640.2,0
2024-08-09 21:00,640.2,0
2024-08-09 22:00,640.2,0
2024-08-09 23:00,640.2,0
2024-08-10 00:00,640.2,0
2024-08-10 01:00,640.2,0
2024-08-10 02:00,640.2,0
2024-08-10 03:00,640.2,0
2024-08-10 04:00,640.2,0
2024-08-10 05:00,640.2,0
2024-08-10 06:00,640.2,0
2024-08-10 07:00,640.2,0
2024-08-10 08:00,640.2,0
2024-08-10 09:00,640.2,0
2024-08-10 10:00,640.2,0
2024-08-10 11:00,640.2,0
2024-08-10 12:00,640.2,0
2024-08-10 13:00,640.2,0
2024-08-10 14:00,640.2,0
2024-08-10 15:00,640.2,0
2024-08-10 16:00,640.2,0
2024-08-10 17:00,640.2,0
2024-08-10 18:00,640.2,0
2024-08-10 19:00,640.2,0
2024-08-10 20:00,640.2,0
2024-08-10 21:00,640.2,0
2024-08-10 22:00,640.2,0
2024-08-10 23:00,640.2,0
2024-08-11 00:00,640.2,0
2024-08-11 01:00,640.2,0
2024-08-11 02:00,640.2,0
2024-08-11 03:00,640.2,0
2024-08-11 04:00,640.2,0
2024-08-11 05:00,640.2,0
2024-08-11 06:00,640.2,0
2024-08-11 07:00,640.2,0
2024-08-11 08:00,640.2,0
2024-08-11 09:00,640.2,0
2024-08-11 10:00,640.2,0
2024-08-11 11:00,640.2,0
2024-08-11 12:00,640.2,0
2024-08-11 13:00,640.2,0
2024-08-11 14:00,640.2,0
2024-08-11 15:00,640.2,0
2024-08-11 16:00,640.2,0
2024-08-11 17:00,640.2,0
2024-08-11 18:00,640.2,0
2024-08-11 19:00,640.2,0
2024-08-11 20:00,640.2,0
2024-08-11 21:00,640.2,0
2024-08-11 22:00,640.2,0
2024-08-11 23:00,640.2,0
2024-08-12 00:00,640.2,0
2024-08-12 01:00,640.2,0
2024-08-12 02:00,640.2,0
2024-08-12 03:00,640.2,0
2024-08-12 04:00,640.2,0
2024-08-12 05:00,640.2,0
2024-08-12 06:00,640.2,0
2024-08-12 07:00,640.2,0
2024-08-12 08:00,640.2,0
2024-08-12 09:00,640.2,0
2024-08-12 10:00,640.2,0
2024-08-12 11:00,640.2,0
2024-08-12 12:00,640.2,0
2024-08-12 13:00,640.2,0
2024-08-12 14:00,640.2,0
2024-08-12 15:00,640.2,0
2024-08-12 16:00,640.2,0
2024-08-12 17:00,640.2,0
2024-08-12 18:00,640.2,0
2024-08-12 19:00,640.2,0
2024-08-12 20:00,640.2,0
2024-08-12 21:00,640.2,0
2024-08-12 22:00,640.2,0
2024-08-12 23:00,640.2,0
2024-08-13 00:00,640.2,0
2024-08-13 01:00,640.2,0
2024-08-13 02:00,640.2,0
2024-08-13 03:00,640.2,0
2024-08-13 04:00,640.2,0
2024-08-13 05:00,640.2,0
2024-08-13 06:00,640.2,0
2024-08-13 07:00,640.2,0
2024-08-13 08:00,640.2,0
2024-08-13 09:00,640.2,0
2024-08-13 10:00,640.2,0
2024-08-13 11:00,640.2,0
2024-08-13 12:00,640.2,0
2024-08-13 13:00,640.2,0
2024-08-13 14:00,640.2,0
2024-08-13 15:00,640.2,0
2024-08-13 16:00,640.2,0
2024-08-13 17:00,640.2,0
2024-08-13 18:00,640.2,0
2024-08-13 19:00,640.2,0
2024-08-13 20:00,640.2,0
2024-08-13 21:00,640.2,0
2024-08-13 22:00,640.2,0
2024-08-13 23:00,640.2,0
2024-08-14 00:00,640.2,0
2024-08-14 01:00,640.2,0
2024-08-14 02:00,640.2,0
2024-08-14 03:00,640.2,0
2024-08-14 04:00,640.2,0
2024-08-14 05:00,640.2,0
2024-08-14 06:00,640.2,0
2024-08-14 07:00,640.2,0
2024-08-14 08:00,640.2,0
2024-08-14 09:00,640.2,0
2024-08-14 10:00,640.2,0
2024-08-14 11:00,640.2,0
2024-08-14 12:00,640.2,0
2024-08-14 13:00,640.2,0
2024-08-14 14:00,640.2,0
2024-08-14 15:00,640.2,0
2024-08-14 16:00,640.2,0
2024-08-14 17:00,640.2,0
2024-08-14 18:00,640.2,0
2024-08-14 19:00,640.2,0
2024-08-14 20:00,640.2,0
2024-08-14 21:00,640.2,0
2024-08-14 22:00,640.2,0
2024-08-14 23:00,640.2,0
2024-08-15 00:00,640.2,0
2024-08-15 01:00,640.2,0
2024-08-15 02:00,640.2,0
2024-08-15 03:00,640.2,0
2024-08-15 04:00,640.2,0
2024-08-15 05:00,640.2,0
2024-08-15 06:00,640.2,0
2024-08-15 07:00,640.2,0
2024-08-15 08:00,640.2,0
2024-08-15 09:00,640.2,0
2024-08-15 10:00,640.2,0
2024-08-15 11:00,640.2,0
2024-08-15 12:00,640.2,0
2024-08-15 13:00,640.2,0
2024-08-15 14:00,640.2,0
2024-08-15 15:00,640.2,0
2024-08-15 16:00,640.2,0
2024-08-15 17:00,640.2,0
2024-08-15 18:00,640.2,0
2024-08-15 19:00,640.2,0
2024-08-15 20:00,640.2,0
2024-08-15 21:00,640.2,0
2024-08-15 22:00,640.2,0
2024-08-15 23:00,640.2,0
2024-08-16 00:00,640.2,0
2024-08-16 01:00,640.2,0
2024-08-16 02:00,640.2,0
2024-08-16 03:00,640.2,0
2024-08-16 04:00,640.2,0
2024-08-16 05:00,640.2,0
2024-08-16 06:00,640.2,0
2024-08-16 07:00,640.2,0
2024-08-16 08:00,640.2,0
2024-08-16 09:00,640.2,0
2024-08-16 10:00,640.2,0
2024-08-16 11:00,640.2,0
2024-08-16 12:00,640.2,0
2024-08-16 13:00,640.2,0
2024-08-16 14:00,640.2,0
2024-08-16 15:00,640.2,0
2024-08-16 16:00,640.2,0
2024-08-16 17:00,640.2,0
2024-08-16 18:00,640.2,0
2024-08-16 19:00,640.2,0
2024-08-16 20:00,640.2,0
2024-08-16 21:00,640.2,0
2024-08-16 22:00,640.2,0
2024-08-16 23:00,640.2,0
2024-08-17 00:00,640.2,0
2024-08-17 01:00,640.2,0
2024-08-17 02:00,640.2,0
2024-08-17 03:00,640.2,0
2024-08-17 04:00,640.25,0
2024-08-17 05:00,640.25,0
2024-08-17 06:00,640.28,0
2024-08-17 07:00,640.28,0
2024-08-17 08:00,640.28,0
2024-08-17 09:00,640.28,0
2024-08-17 10:00,640.28,0
2024-08-17 11:00,640.28,0
2024-08-17 12:00,640.3,0
2024-08-17 13:00,640.32,0
2024-08-17 14:00,640.46,0
2024-08-17 15:00,640.46,0
2024-08-17 16:00,640.46,0
2024-08-17 17:00,640.46,0
2024-08-17 18:00,640.46,0
2024-08-17 19:00,640.46,0
2024-08-17 20:00,640.46,0
2024-08-17 21:00,640.46,0
2024-08-17 22:00,640.46,0
2024-08-17 23:00,640.46,0
2024-08-18 00:00,640.46,0
2024-08-18 01:00,640.46,0
2024-08-18 02:00,640.46,0
2024-08-18 03:00,640.46,0
2024-08-18 04:00,640.46,0
2024-08-18 05:00,640.46,0
2024-08-18 06:00,640.46,0
2024-08-18 07:00,640.46,0
2024-08-18 08:00,640.47,0
2024-08-18 09:00,640.47,0
2024-08-18 10:00,640.47,0
2024-08-18 11:00,640.47,0
2024-08-18 12:00,640.48,0
2024-08-18 13:00,640.49,0
2024-08-18 14:00,640.49,0
2024-08-18 15:00,640.66,0
2024-08-18 16:00,640.84,0
2024-08-18 17:00,641.8,0
2024-08-18 18:00,641.82,0
2024-08-18 19:00,641.82,0
2024-08-18 20:00,641.84,0
2024-08-18 21:00,641.84,0
2024-08-18 22:00,641.89,0
2024-08-18 23:00,641.89,0
2024-08-19 00:00,642.07,0
2024-08-19 01:00,643.64,0
2024-08-19 02:00,644.37,0
2024-08-19 03:00,645.53,0
2024-08-19 04:00,648.12,0
2024-08-19 05:00,648.5,0
2024-08-19 06:00,648.51,0
2024-08-19 07:00,648.58,0
2024-08-19 08:00,648.8,0
2024-08-19 09:00,648.82,0
2024-08-19 10:00,648.96,0
2024-08-19 11:00,649.02,0
2024-08-19 12:00,649.13,0
2024-08-19 13:00,649.47,0
2024-08-19 14:00,649.5,0
2024-08-19 15:00,649.51,0
2024-08-19 16:00,649.55,0
2024-08-19 17:00,649.8,0
2024-08-19 18:00,649.96,0
2024-08-19 19:00,650.11,0
2024-08-19 20:00,650.29,0
2024-08-19 21:00,650.37,0
2024-08-19 22:00,650.54,0
2024-08-19 23:00,650.92,0
2024-08-20 00:00,650.92,0
2024-08-20 01:00,650.92,0
2024-08-20 02:00,650.94,0
2024-08-20 03:00,650.94,0
2024-08-20 04:00,650.96,0
2024-08-20 05:00,651.02,0
2024-08-20 06:00,651.06,0
2024-08-20 07:00,651.09,0
2024-08-20 08:00,651.1,0
2024-08-20 09:00,651.1,0
2024-08-20 10:00,651.22,0
2024-08-20 11:00,651.25,0
2024-08-20 12:00,651.29,0
2024-08-20 13:00,651.36,0
2024-08-20 14:00,651.36,0
2024-08-20 15:00,651.42,0
2024-08-20 16:00,651.57,0
2024-08-20 17:00,651.69,0
2024-08-20 18:00,652.01,0
2024-08-20 19:00,652.05,0
2024-08-20 20:00,652.05,0
2024-08-20 21:00,652.05,0
2024-08-20 22:00,652.05,0
2024-08-20 23:00,652.05,0
2024-08-21 00:00,652.05,0
2024-08-21 01:00,652.06,0
2024-08-21 02:00,652.07,0
2024-08-21 03:00,652.07,0
2024-08-21 04:00,652.07,0
2024-08-21 05:00,652.07,0
2024-08-21 06:00,652.07,0
2024-08-21 07:00,652.07,0
2024-08-21 08:00,652.07,0
2024-08-21 09:00,652.07,0
2024-08-21 10:00,652.07,0
2024-08-21 11:00,652.11,0
2024-08-21 12:00,652.31,0
2024-08-21 13:00,652.57,0
2024-08-21 14:00,652.89,0
2024-08-21 15:00,652.97,0
2024-08-21 16:00,653.04,0
2024-08-21 17:00,653.06,0
2024-08-21 18:00,653.4,0
2024-08-21 19:00,653.5,0
2024-08-21 20:00,653.5,0
2024-08-21 21:00,653.5,0
2024-08-21 22:00,653.5,0
2024-08-21 23:00,653.5,0
2024-08-22 00:00,653.5,0
2024-08-22 01:00,653.5,0
2024-08-22 02:00,653.5,0
2024-08-22 03:00,653.5,0
2024-08-22 04:00,653.5,0
2024-08-22 05:00,653.5,0
2024-08-22 06:00,653.5,0
2024-08-22 07:00,653.5,0
2024-08-22 08:00,653.5,0
2024-08-22 09:00,653.5,0
2024-08-22 10:00,653.5,0
2024-08-22 11:00,653.5,0
2024-08-22 12:00,653.5,0
2024-08-22 13:00,653.5,0
2024-08-22 14:00,653.5,0
2024-08-22 15:00,653.5,0
2024-08-22 16:00,653.5,0
2024-08-22 17:00,653.5,0
2024-08-22 18:00,653.5,0
2024-08-22 19:00,653.5,0
2024-08-22 20:00,653.5,0
2024-08-22 21:00,653.5,0
2024-08-22 22:00,653.5,0
2024-08-22 23:00,653.5,0
2024-08-23 00:00,653.5,0
2024-08-23 01:00,653.5,0
2024-08-23 02:00,653.5,0
2024-08-23 03:00,653.5,0
2024-08-23 04:00,653.5,0
2024-08-23 05:00,653.5,0
2024-08-23 06:00,653.5,0
2024-08-23 07:00,653.5,0
2024-08-23 08:00,653.5,0
2024-08-23 09:00,653.5,0
2024-08-23 10:00,653.5,0
2024-08-23 11:00,653.5,0
2024-08-23 12:00,653.5,0
2024-08-23 13:00,653.5,0
2024-08-23 14:00,653.5,0
2024-08-23 15:00,653.64,0
2024-08-23 16:00,653.64,0
2024-08-23 17:00,653.64,0
2024-08-23 18:00,653.64,0
2024-08-23 19:00,653.64,0
2024-08-23 20:00,653.64,0
2024-08-23 21:00,653.64,0
2024-08-23 22:00,653.64,0
2024-08-23 23:00,653.64,0
2024-08-24 00:00,653.64,0
2024-08-24 01:00,653.64,0
2024-08-24 02:00,653.64,0
2024-08-24 03:00,653.64,0
2024-08-24 04:00,653.64,0
2024-08-24 05:00,653.64,0
2024-08-24 06:00,653.64,0
2024-08-24 07:00,653.64,0
2024-08-24 08:00,653.64,0
2024-08-24 09:00,653.64,0
2024-08-24 10:00,653.64,0
2024-08-24 11:00,653.65,0
2024-08-24 12:00,653.65,0
2024-08-24 13:00,653.83,0
2024-08-24 14:00,653.83,0
2024-08-24 15:00,653.85,0
2024-08-24 16:00,653.85,0
2024-08-24 17:00,653.85,0
2024-08-24 18:00,653.85,0
2024-08-24 19:00,653.85,0
2024-08-24 20:00,653.85,0
2024-08-24 21:00,653.85,0
2024-08-24 22:00,653.85,0
2024-08-24 23:00,653.85,0
2024-08-25 00:00,653.85,0
2024-08-25 01:00,653.85,0
2024-08-25 02:00,653.85,0
2024-08-25 03:00,653.85,0
2024-08-25 04:00,653.85,0
2024-08-25 05:00,653.85,0
2024-08-25 06:00,653.85,0
2024-08-25 07:00,653.85,0
2024-08-25 08:00,653.85,0
2024-08-25 09:00,653.85,0
2024-08-25 10:00,653.85,0
2024-08-25 11:00,653.85,0
2024-08-25 12:00,653.86,0
2024-08-25 13:00,653.86,0
2024-08-25 14:00,653.86,0
2024-08-25 15:00,653.86,0
2024-08-25 16:00,653.86,0
2024-08-25 17:00,653.86,0
2024-08-25 18:00,653.86,0
2024-08-25 19:00,653.86,0
2024-08-25 20:00,653.86,0
2024-08-25 21:00,653.86,0
2024-08-25 22:00,653.86,0
2024-08-25 23:00,653.86,0
2024-08-26 00:00,653.86,0
2024-08-26 01:00,653.86,0
2024-08-26 02:00,653.86,0
2024-08-26 03:00,653.86,0
2024-08-26 04:00,653.86,0
2024-08-26 05:00,653.86,0
2024-08-26 06:00,653.86,0
2024-08-26 07:00,653.86,0
2024-08-26 08:00,653.86,0
2024-08-26 09:00,653.86,0
2024-08-26 10:00,653.86,0
2024-08-26 11:00,653.86,0
2024-08-26 12:00,653.86,0
2024-08-26 13:00,653.86,0
2024-08-26 14:00,653.86,0
2024-08-26 15:00,653.86,0
2024-08-26 16:00,653.87,0
2024-08-26 17:00,653.87,0
2024-08-26 18:00,653.88,0
2024-08-26 19:00,653.88,0
2024-08-26 20:00,653.88,0
2024-08-26 21:00,653.88,0
2024-08-26 22:00,653.88,0
2024-08-26 23:00,653.88,0
2024-08-27 00:00,653.88,0
2024-08-27 01:00,653.88,0
2024-08-27 02:00,653.88,0
2024-08-27 03:00,653.88,0
2024-08-27 04:00,653.88,0
2024-08-27 05:00,653.88,0
2024-08-27 06:00,653.88,0
2024-08-27 07:00,653.88,0
2024-08-27 08:00,653.88,0
2024-08-27 09:00,653.88,0
2024-08-27 10:00,653.88,0
2024-08-27 11:00,653.9,0
2024-08-27 12:00,653.92,0
2024-08-27 13:00,653.94,0
2024-08-27 14:00,653.95,0
2024-08-27 15:00,654.35,0
2024-08-27 16:00,654.6,0
2024-08-27 17:00,654.6,0
2024-08-27 18:00,654.6,0
2024-08-27 19:00,654.6,0
2024-08-27 20:00,654.6,0
2024-08-27 21:00,654.6,0
2024-08-27 22:00,654.6,0
2024-08-27 23:00,654.6,0
2024-08-28 00:00,654.6,0
2024-08-28 01:00,654.6,0
2024-08-28 02:00,654.6,0
2024-08-28 03:00,654.6,0
2024-08-28 04:00,654.6,0
2024-08-28 05:00,654.6,0
2024-08-28 06:00,654.6,0
2024-08-28 07:00,654.6,0
2024-08-28 08:00,654.6,0
2024-08-28 09:00,654.6,0
2024-08-28 10:00,654.6,0
2024-08-28 11:00,654.61,0
2024-08-28 12:00,654.62,0
2024-08-28 13:00,654.62,0
2024-08-28 14:00,654.62,0
2024-08-28 15:00,654.63,0
2024-08-28 16:00,655.12,0
2024-08-28 17:00,655.15,0
2024-08-28 18:00,655.15,0
2024-08-28 19:00,655.15,0
2024-08-28 20:00,655.15,0
2024-08-28 21:00,655.15,0
2024-08-28 22:00,655.15,0
2024-08-28 23:00,655.15,0
2024-08-29 00:00,655.15,0
2024-08-29 01:00,655.15,0
2024-08-29 02:00,655.15,0
2024-08-29 03:00,655.15,0
2024-08-29 04:00,655.15,0
2024-08-29 05:00,655.15,0
2024-08-29 06:00,655.15,0
2024-08-29 07:00,655.15,0
2024-08-29 08:00,655.15,0
2024-08-29 09:00,655.15,0
2024-08-29 10:00,655.15,0
2024-08-29 11:00,655.16,0
2024-08-29 12:00,655.17,0
2024-08-29 13:00,655.18,0
2024-08-29 14:00,655.19,0
2024-08-29 15:00,655.93,0
2024-08-29 16:00,657.81,0
2024-08-29 17:00,658.04,0
2024-08-29 18:00,658.04,0
2024-08-29 19:00,658.04,0
2024-08-29 20:00,658.04,0
2024-08-29 21:00,658.04,0
2024-08-29 22:00,658.04,0
2024-08-29 23:00,658.04,0
2024-08-30 00:00,658.04,0
2024-08-30 01:00,658.04,0
2024-08-30 02:00,658.04,0
2024-08-30 03:00,658.04,0
2024-08-30 04:00,658.04,0
2024-08-30 05:00,658.04,0
2024-08-30 06:00,658.04,0
2024-08-30 07:00,658.04,0
2024-08-30 08:00,658.04,0
2024-08-30 09:00,658.04,0
2024-08-30 10:00,658.04,0
2024-08-30 11:00,658.04,0
2024-08-30 12:00,658.04,0
2024-08-30 13:00,658.04,0
2024-08-30 14:00,658.04,0
2024-08-30 15:00,658.04,0
2024-08-30 16:00,658.04,0
2024-08-30 17:00,658.04,0
2024-08-30 18:00,658.04,0
2024-08-30 19:00,658.04,0
2024-08-30 20:00,658.04,0
2024-08-30 21:00,658.04,0
2024-08-30 22:00,658.04,0
2024-08-30 23:00,658.04,0
2024-08-31 00:00,658.04,0
2024-08-31 01:00,658.04,0
2024-08-31 02:00,658.04,0
2024-08-31 03:00,658.04,0
2024-08-31 04:00,658.04,0
2024-08-31 05:00,658.04,0
2024-08-31 06:00,658.04,0
2024-08-31 07:00,658.04,0
2024-08-31 08:00,658.04,0
2024-08-31 09:00,658.04,0
2024-08-31 10:00,658.04,0
2024-08-31 11:00,658.05,0
2024-08-31 12:00,658.05,0
2024-08-31 13:00,658.05,0
2024-08-31 14:00,658.05,0
2024-08-31 15:00,658.05,0
2024-08-31 16:00,658.05,0
2024-08-31 17:00,658.05,0
2024-08-31 18:00,658.05,0
2024-08-31 19:00,658.05,0
2024-08-31 20:00,658.05,0
2024-08-31 21:00,658.05,0
2024-08-31 22:00,658.05,0
2024-08-31 23:00,658.05,0
2024-09-01 00:00,658.05,0
2024-09-01 01:00,658.05,0
2024-09-01 02:00,658.05,0
2024-09-01 03:00,658.05,0
2024-09-01 04:00,658.05,0
2024-09-01 05:00,658.05,0
2024-09-01 06:00,658.05,0
2024-09-01 07:00,658.05,0
2024-09-01 08:00,658.05,0
2024-09-01 09:00,658.05,0
2024-09-01 10:00,658.05,0
2024-09-01 11:00,658.05,0
2024-09-01 12:00,658.05,0
2024-09-01 13:00,658.05,0
2024-09-01 14:00,658.05,0
2024-09-01 15:00,658.05,0
2024-09-01 16:00,658.05,0
2024-09-01 17:00,658.05,0
2024-09-01 18:00,658.05,0
2024-09-01 19:00,658.05,0
2024-09-01 20:00,658.05,0
2024-09-01 21:00,658.05,0
2024-09-01 22:00,658.05,0
2024-09-01 23:00,658.05,0
2024-09-02 00:00,658.05,0
2024-09-02 01:00,658.05,0
2024-09-02 02:00,658.05,0
2024-09-02 03:00,658.05,0
2024-09-02 04:00,658.05,0
2024-09-02 05:00,658.05,0
2024-09-02 06:00,658.05,0
2024-09-02 07:00,658.05,0
2024-09-02 08:00,658.05,0
2024-09-02 09:00,658.05,0
2024-09-02 10:00,658.05,0
2024-09-02 11:00,658.05,0
2024-09-02 12:00,658.06,0
2024-09-02 13:00,658.07,0
2024-09-02 14:00,658.08,0
2024-09-02 15:00,658.1,0
2024-09-02 16:00,658.27,0
2024-09-02 17:00,658.27,0
2024-09-02 18:00,658.27,0
2024-09-02 19:00,658.27,0
2024-09-02 20:00,658.27,0
2024-09-02 21:00,658.27,0
2024-09-02 22:00,658.27,0
2024-09-02 23:00,658.27,0
2024-09-03 00:00,658.27,0
2024-09-03 01:00,658.27,0
2024-09-03 02:00,658.27,0
2024-09-03 03:00,658.27,0
2024-09-03 04:00,658.27,0
2024-09-03 05:00,658.31,0
2024-09-03 06:00,658.43,0
2024-09-03 07:00,658.51,0
2024-09-03 08:00,658.62,0
2024-09-03 09:00,659.41,0
2024-09-03 10:00,659.45,0
2024-09-03 11:00,659.75,0
2024-09-03 12:00,661.44,0
2024-09-03 13:00,662.77,0
2024-09-03 14:00,663.19,0
2024-09-03 15:00,664.41,0
2024-09-03 16:00,664.66,0
2024-09-03 17:00,664.67,0
2024-09-03 18:00,664.67,0
2024-09-03 19:00,664.67,0
2024-09-03 20:00,664.67,0
2024-09-03 21:00,664.67,0
2024-09-03 22:00,664.67,0
2024-09-03 23:00,664.67,0
2024-09-04 00:00,664.67,0
2024-09-04 01:00,664.67,0
2024-09-04 02:00,664.67,0
2024-09-04 03:00,664.67,0
2024-09-04 04:00,664.67,0
2024-09-04 05:00,664.67,0
2024-09-04 06:00,664.67,0
2024-09-04 07:00,664.67,0
2024-09-04 08:00,664.67,0
2024-09-04 09:00,664.67,0
2024-09-04 10:00,664.67,0
2024-09-04 11:00,664.67,0
2024-09-04 12:00,664.67,0
2024-09-04 13:00,664.68,0
2024-09-04 14:00,664.68,0
2024-09-04 15:00,664.82,0
2024-09-04 16:00,664.82,0
2024-09-04 17:00,664.82,0
2024-09-04 18:00,664.82,0
2024-09-04 19:00,664.82,0
2024-09-04 20:00,664.82,0
2024-09-04 21:00,664.82,0
2024-09-04 22:00,664.82,0
2024-09-04 23:00,664.82,0
2024-09-05 00:00,664.82,0
2024-09-05 01:00,664.82,0
2024-09-05 02:00,664.82,0
2024-09-05 03:00,664.82,0
2024-09-05 04:00,664.82,0
2024-09-05 05:00,664.82,0
2024-09-05 06:00,664.82,0
2024-09-05 07:00,664.82,0
2024-09-05 08:00,664.83,0
2024-09-05 09:00,664.83,0
2024-09-05 10:00,664.83,0
2024-09-05 11:00,664.83,0
2024-09-05 12:00,664.86,0
2024-09-05 13:00,664.92,0
2024-09-05 14:00,666.15,0
2024-09-05 15:00,666.72,0
2024-09-05 16:00,666.93,0
2024-09-05 17:00,669.48,0
2024-09-05 18:00,670.7,0
2024-09-05 19:00,670.7,0
2024-09-05 20:00,670.81,0
2024-09-05 21:00,670.82,0
2024-09-05 22:00,670.87,0
2024-09-05 23:00,671.14,0
2024-09-06 00:00,671.59,0
2024-09-06 01:00,671.95,0
2024-09-06 02:00,672.34,0
2024-09-06 03:00,672.68,0
2024-09-06 04:00,672.97,0
2024-09-06 05:00,673.16,0
2024-09-06 06:00,673.29,0
2024-09-06 07:00,673.42,0
2024-09-06 08:00,673.76,0
2024-09-06 09:00,674.01,0
2024-09-06 10:00,674.2,0
2024-09-06 11:00,674.26,0
2024-09-06 12:00,674.26,0
2024-09-06 13:00,674.26,0
2024-09-06 14:00,674.26,0
2024-09-06 15:00,674.26,0
2024-09-06 16:00,674.26,0
2024-09-06 17:00,674.26,0
2024-09-06 18:00,674.26,0
2024-09-06 19:00,674.26,0
2024-09-06 20:00,674.26,0
2024-09-06 21:00,674.26,0
2024-09-06 22:00,674.26,0
2024-09-06 23:00,674.26,0
2024-09-07 00:00,674.26,0
2024-09-07 01:00,674.26,0
2024-09-07 02:00,674.26,0
2024-09-07 03:00,674.26,0
2024-09-07 04:00,674.26,0
2024-09-07 05:00,674.26,0
2024-09-07 06:00,674.26,0
2024-09-07 07:00,674.26,0
2024-09-07 08:00,674.26,0
2024-09-07 09:00,674.26,0
2024-09-07 10:00,674.26,0
2024-09-07 11:00,674.26,0
2024-09-07 12:00,674.26,0
2024-09-07 13:00,674.26,0
2024-09-07 14:00,674.26,0
2024-09-07 15:00,674.26,0
2024-09-07 16:00,674.26,0
2024-09-07 17:00,674.26,0
2024-09-07 18:00,674.26,0
2024-09-07 19:00,674.26,0
2024-09-07 20:00,674.26,0
2024-09-07 21:00,674.26,0
2024-09-07 22:00,674.26,0
2024-09-07 23:00,674.26,0
2024-09-08 00:00,674.26,0
2024-09-08 01:00,674.26,0
2024-09-08 02:00,674.26,0
2024-09-08 03:00,674.26,0
2024-09-08 04:00,674.26,0
2024-09-08 05:00,674.26,0
2024-09-08 06:00,674.26,0
2024-09-08 07:00,674.26,0
2024-09-08 08:00,674.26,0
2024-09-08 09:00,674.26,0
2024-09-08 10:00,674.26,0
2024-09-08 11:00,674.26,0
2024-09-08 12:00,674.26,0
2024-09-08 13:00,674.26,0
2024-09-08 14:00,674.26,0
2024-09-08 15:00,674.26,0
2024-09-08 16:00,674.26,0
2024-09-08 17:00,674.26,0
2024-09-08 18:00,674.26,0
2024-09-08 19:00,674.26,0
2024-09-08 20:00,674.26,0
2024-09-08 21:00,674.26,0
2024-09-08 22:00,674.26,0
2024-09-08 23:00,674.26,0
2024-09-09 00:00,674.26,0
2024-09-09 01:00,674.26,0
2024-09-09 02:00,674.26,0
2024-09-09 03:00,674.32,0
2024-09-09 04:00,674.66,0
2024-09-09 05:00,675.17,0
2024-09-09 06:00,676.89,0
2024-09-09 07:00,680.89,0
2024-09-09 08:00,692.86,0
2024-09-09 09:00,700.66,0
2024-09-09 10:00,703.72,0
2024-09-09 11:00,707.49,0
2024-09-09 12:00,711.59,0
2024-09-09 13:00,713.8,0
2024-09-09 14:00,714.61,0
2024-09-09 15:00,715.14,0
2024-09-09 16:00,715.32,0
2024-09-09 17:00,715.35,0
2024-09-09 18:00,715.35,0
2024-09-09 19:00,715.37,0
2024-09-09 20:00,715.45,0
2024-09-09 21:00,715.52,0
2024-09-09 22:00,715.59,0
2024-09-09 23:00,715.64,0
2024-09-10 00:00,715.65,0
2024-09-10 01:00,715.65,0
2024-09-10 02:00,715.65,0
2024-09-10 03:00,715.65,0
2024-09-10 04:00,715.65,0
2024-09-10 05:00,715.66,0
2024-09-10 06:00,715.66,0
2024-09-10 07:00,715.66,0
2024-09-10 08:00,715.67,0
2024-09-10 09:00,715.67,0
2024-09-10 10:00,715.67,0
2024-09-10 11:00,715.7,0
2024-09-10 12:00,715.72,0
2024-09-10 13:00,715.73,0
2024-09-10 14:00,715.73,0
2024-09-10 15:00,715.73,0
2024-09-10 16:00,715.73,0
2024-09-10 17:00,715.73,0
2024-09-10 18:00,715.73,0
2024-09-10 19:00,715.73,0
2024-09-10 20:00,715.73,0
2024-09-10 21:00,715.73,0
2024-09-10 22:00,715.73,0
2024-09-10 23:00,715.73,0
2024-09-11 00:00,715.73,0
2024-09-11 01:00,715.73,0
2024-09-11 02:00,715.73,0
2024-09-11 03:00,715.73,0
2024-09-11 04:00,715.73,0
2024-09-11 05:00,715.73,0
2024-09-11 06:00,715.73,0
2024-09-11 07:00,715.73,0
2024-09-11 08:00,715.73,0
2024-09-11 09:00,715.73,0
2024-09-11 10:00,715.73,0
2024-09-11 11:00,715.73,0
2024-09-11 12:00,715.73,0
2024-09-11 13:00,715.73,0
2024-09-11 14:00,715.73,0
2024-09-11 15:00,715.73,0
2024-09-11 16:00,715.73,0
2024-09-11 17:00,715.73,0
2024-09-11 18:00,715.73,0
2024-09-11 19:00,715.73,0
2024-09-11 20:00,715.73,0
2024-09-11 21:00,715.74,0
2024-09-11 22:00,715.74,0
2024-09-11 23:00,715.75,0
2024-09-12 00:00,715.77,0
2024-09-12 01:00,715.85,0
2024-09-12 02:00,716.02,0
2024-09-12 03:00,716.21,0
2024-09-12 04:00,716.43,0
2024-09-12 05:00,716.74,0
2024-09-12 06:00,717.18,0
2024-09-12 07:00,717.6,0
2024-09-12 08:00,718.12,0
2024-09-12 09:00,718.54,0
2024-09-12 10:00,718.8,0
2024-09-12 11:00,719.17,0
2024-09-12 12:00,719.54,0
2024-09-12 13:00,720.01,0
2024-09-12 14:00,720.22,0
2024-09-12 15:00,720.36,0
2024-09-12 16:00,720.85,0
2024-09-12 17:00,721.1,0
2024-09-12 18:00,721.65,0
2024-09-12 19:00,721.87,0
2024-09-12 20:00,723.36,0
2024-09-12 21:00,726.58,0
2024-09-12 22:00,731.83,0
2024-09-12 23:00,737.23,0
2024-09-13 00:00,740.26,0
2024-09-13 01:00,740.69,0
2024-09-13 02:00,740.79,0
2024-09-13 03:00,740.84,0
2024-09-13 04:00,740.91,0
2024-09-13 05:00,740.98,0
2024-09-13 06:00,741.07,0
2024-09-13 07:00,741.2,0
2024-09-13 08:00,741.43,0
2024-09-13 09:00,741.62,0
2024-09-13 10:00,742.04,0
2024-09-13 11:00,742.52,0
2024-09-13 12:00,743.06,0
2024-09-13 13:00,743.38,0
2024-09-13 14:00,743.84,0
2024-09-13 15:00,744.13,0
2024-09-13 16:00,744.44,0
2024-09-13 17:00,744.74,0
2024-09-13 18:00,744.94,0
2024-09-13 19:00,745.1,0
2024-09-13 20:00,745.25,0
2024-09-13 21:00,745.27,0
2024-09-13 22:00,745.28,0
2024-09-13 23:00,745.33,0
2024-09-14 00:00,745.37,0
2024-09-14 01:00,745.41,0
2024-09-14 02:00,745.47,0
2024-09-14 03:00,745.53,0
2024-09-14 04:00,745.53,0
2024-09-14 05:00,745.53,0
2024-09-14 06:00,745.53,0
2024-09-14 07:00,745.53,0
2024-09-14 08:00,745.56,0
2024-09-14 09:00,745.56,0
2024-09-14 10:00,745.56,0
2024-09-14 11:00,745.56,0
2024-09-14 12:00,745.56,0
2024-09-14 13:00,745.56,0
2024-09-14 14:00,745.56,0
2024-09-14 15:00,745.57,0
2024-09-14 16:00,745.57,0
2024-09-14 17:00,745.57,0
2024-09-14 18:00,745.57,0
2024-09-14 19:00,745.57,0
2024-09-14 20:00,745.57,0
2024-09-14 21:00,745.57,0
2024-09-14 22:00,745.57,0
2024-09-14 23:00,745.57,0
2024-09-15 00:00,745.57,0
2024-09-15 01:00,745.57,0
2024-09-15 02:00,745.57,0
2024-09-15 03:00,745.57,0
2024-09-15 04:00,745.57,0
2024-09-15 05:00,745.57,0
2024-09-15 06:00,745.57,0
2024-09-15 07:00,745.57,0
2024-09-15 08:00,745.57,0
2024-09-15 09:00,745.57,0
2024-09-15 10:00,745.57,0
2024-09-15 11:00,745.57,0
2024-09-15 12:00,745.57,0
2024-09-15 13:00,745.57,0
2024-09-15 14:00,745.57,0
2024-09-15 15:00,745.57,0
2024-09-15 16:00,745.57,0
2024-09-15 17:00,745.57,0
2024-09-15 18:00,745.58,0
2024-09-15 19:00,745.58,0
2024-09-15 20:00,745.58,0
2024-09-15 21:00,745.58,0
2024-09-15 22:00,745.58,0
2024-09-15 23:00,745.58,0
2024-09-16 00:00,745.58,0
2024-09-16 01:00,745.58,0
2024-09-16 02:00,745.58,0
2024-09-16 03:00,745.58,0
2024-09-16 04:00,745.69,0
2024-09-16 05:00,745.73,0
2024-09-16 06:00,745.82,0
2024-09-16 07:00,745.84,0
2024-09-16 08:00,745.9,0
2024-09-16 09:00,745.91,0
2024-09-16 10:00,745.91,0
2024-09-16 11:00,745.96,0
2024-09-16 12:00,746.13,0
2024-09-16 13:00,746.41,0
2024-09-16 14:00,746.94,0
2024-09-16 15:00,747.76,0
2024-09-16 16:00,748.14,0
2024-09-16 17:00,748.34,0
2024-09-16 18:00,748.92,0
2024-09-16 19:00,749.63,0
2024-09-16 20:00,750.9,0
2024-09-16 21:00,751.44,0
2024-09-16 22:00,751.72,0
2024-09-16 23:00,752.19,0
2024-09-17 00:00,753.18,0
2024-09-17 01:00,753.91,0
2024-09-17 02:00,754.21,0
2024-09-17 03:00,754.26,0
2024-09-17 04:00,754.53,0
2024-09-17 05:00,755.13,0
2024-09-17 06:00,756.38,0
2024-09-17 07:00,758.24,0
2024-09-17 08:00,758.45,0
2024-09-17 09:00,758.92,0
2024-09-17 10:00,759.91,0
2024-09-17 11:00,760.48,0
2024-09-17 12:00,761.1,0
2024-09-17 13:00,762.02,0
2024-09-17 14:00,763.31,0
2024-09-17 15:00,763.51,0
2024-09-17 16:00,763.85,0
2024-09-17 17:00,765.54,0
2024-09-17 18:00,766.72,0
2024-09-17 19:00,767.54,0
2024-09-17 20:00,767.67,0
2024-09-17 21:00,767.92,0
2024-09-17 22:00,768.42,0
2024-09-17 23:00,768.74,0
2024-09-18 00:00,768.92,0
2024-09-18 01:00,769.12,0
2024-09-18 02:00,769.24,0
2024-09-18 03:00,769.35,0
2024-09-18 04:00,769.47,0
2024-09-18 05:00,769.5,0
2024-09-18 06:00,769.63,0
2024-09-18 07:00,769.75,0
2024-09-18 08:00,770.11,0
2024-09-18 09:00,770.53,0
2024-09-18 10:00,770.84,0
2024-09-18 11:00,771.01,0
2024-09-18 12:00,771.34,0
2024-09-18 13:00,773.11,0
2024-09-18 14:00,774.49,0
2024-09-18 15:00,774.77,0
2024-09-18 16:00,774.93,0
2024-09-18 17:00,775.02,0
2024-09-18 18:00,775.71,0
2024-09-18 19:00,775.95,0
2024-09-18 20:00,776.34,0
2024-09-18 21:00,776.39,0
2024-09-18 22:00,776.4,0
2024-09-18 23:00,776.54,0
2024-09-19 00:00,776.75,0
2024-09-19 01:00,777.8,0
2024-09-19 02:00,779.18,0
2024-09-19 03:00,780.77,0
2024-09-19 04:00,782.61,0
2024-09-19 05:00,783.64,0
2024-09-19 06:00,783.81,0
2024-09-19 07:00,783.98,0
2024-09-19 08:00,785.01,0
2024-09-19 09:00,785.7,0
2024-09-19 10:00,786.42,0
2024-09-19 11:00,787.37,0
2024-09-19 12:00,788.22,0
2024-09-19 13:00,789.2,0
2024-09-19 14:00,789.54,0
2024-09-19 15:00,789.76,0
2024-09-19 16:00,789.98,0
2024-09-19 17:00,790.19,0
2024-09-19 18:00,790.21,0
2024-09-19 19:00,790.28,0
2024-09-19 20:00,791.1,0
2024-09-19 21:00,792.37,0
2024-09-19 22:00,793.63,0
2024-09-19 23:00,793.81,0
2024-09-20 00:00,793.88,0
2024-09-20 01:00,793.9,0
2024-09-20 02:00,793.93,0
2024-09-20 03:00,793.96,0
2024-09-20 04:00,793.97,0
2024-09-20 05:00,793.98,0
2024-09-20 06:00,793.98,0
2024-09-20 07:00,793.98,0
2024-09-20 08:00,793.98,0
2024-09-20 09:00,793.98,0
2024-09-20 10:00,793.99,0
2024-09-20 11:00,794.03,0
2024-09-20 12:00,794.06,0
2024-09-20 13:00,794.06,0
2024-09-20 14:00,794.07,0
2024-09-20 15:00,794.07,0
2024-09-20 16:00,794.07,0
2024-09-20 17:00,794.07,0
2024-09-20 18:00,794.07,0
2024-09-20 19:00,794.08,0
2024-09-20 20:00,794.08,0
2024-09-20 21:00,794.08,0
2024-09-20 22:00,794.08,0
2024-09-20 23:00,794.08,0
2024-09-21 00:00,794.08,0
2024-09-21 01:00,794.08,0
2024-09-21 02:00,794.08,0
2024-09-21 03:00,794.08,0
2024-09-21 04:00,794.08,0
2024-09-21 05:00,794.08,0
2024-09-21 06:00,794.08,0
2024-09-21 07:00,794.08,0
2024-09-21 08:00,794.08,0
2024-09-21 09:00,794.08,0
2024-09-21 10:00,794.08,0
2024-09-21 11:00,794.08,0
2024-09-21 12:00,794.08,0
2024-09-21 13:00,794.08,0
2024-09-21 14:00,794.08,0
2024-09-21 15:00,794.08,0
2024-09-21 16:00,794.08,0
2024-09-21 17:00,794.08,0
2024-09-21 18:00,794.08,0
2024-09-21 19:00,794.08,0
2024-09-21 20:00,794.08,0
2024-09-21 21:00,794.08,0
2024-09-21 22:00,794.08,0
2024-09-21 23:00,794.08,0
2024-09-22 00:00,794.08,0
2024-09-22 01:00,794.08,0
2024-09-22 02:00,794.08,0
2024-09-22 03:00,794.08,0
2024-09-22 04:00,794.08,0
2024-09-22 05:00,794.08,0
2024-09-22 06:00,794.08,0
2024-09-22 07:00,794.08,0
2024-09-22 08:00,794.08,0
2024-09-22 09:00,794.08,0
2024-09-22 10:00,794.08,0
2024-09-22 11:00,794.08,0
2024-09-22 12:00,794.09,0
2024-09-22 13:00,794.09,0
2024-09-22 14:00,794.09,0
2024-09-22 15:00,794.09,0
2024-09-22 16:00,794.09,0
2024-09-22 17:00,794.09,0
2024-09-22 18:00,794.14,0
2024-09-22 19:00,794.14,0
2024-09-22 20:00,794.14,0
2024-09-22 21:00,794.15,0
2024-09-22 22:00,794.15,0
2024-09-22 23:00,794.2,0
2024-09-23 00:00,794.3,0
2024-09-23 01:00,794.45,0
2024-09-23 02:00,795.09,0
2024-09-23 03:00,797.09,0
2024-09-23 04:00,798.46,0
2024-09-23 05:00,798.79,0
2024-09-23 06:00,799.03,0
2024-09-23 07:00,799.45,0
2024-09-23 08:00,799.49,0
2024-09-23 09:00,799.49,0
2024-09-23 10:00,799.51,0
2024-09-23 11:00,799.57,0
2024-09-23 12:00,799.57,0
2024-09-23 13:00,799.58,0
2024-09-23 14:00,799.61,0
2024-09-23 15:00,799.62,0
2024-09-23 16:00,799.65,0
2024-09-23 17:00,799.7,0
2024-09-23 18:00,799.75,0
2024-09-23 19:00,799.84,0
2024-09-23 20:00,799.84,0
2024-09-23 21:00,799.84,0
2024-09-23 22:00,799.84,0
2024-09-23 23:00,800.16,0
2024-09-24 00:00,802.52,0
2024-09-24 01:00,806.54,0
2024-09-24 02:00,810.6,0
2024-09-24 03:00,813.38,0
2024-09-24 04:00,816.15,0
2024-09-24 05:00,818.21,0
2024-09-24 06:00,819.72,0
2024-09-24 07:00,820.3,0
2024-09-24 08:00,820.86,0
2024-09-24 09:00,821.4,0
2024-09-24 10:00,822.02,0
2024-09-24 11:00,822.39,0
2024-09-24 12:00,822.65,0
2024-09-24 13:00,822.81,0
2024-09-24 14:00,822.93,0
2024-09-24 15:00,822.99,0
2024-09-24 16:00,823.22,0
2024-09-24 17:00,823.39,0
2024-09-24 18:00,823.48,0
2024-09-24 19:00,823.48,0
2024-09-24 20:00,823.48,0
2024-09-24 21:00,823.48,0
2024-09-24 22:00,823.48,0
2024-09-24 23:00,823.48,0
2024-09-25 00:00,823.48,0
2024-09-25 01:00,823.48,0
2024-09-25 02:00,823.54,0
2024-09-25 03:00,823.72,0
2024-09-25 04:00,823.95,0
2024-09-25 05:00,824.19,0
2024-09-25 06:00,824.53,0
2024-09-25 07:00,825.11,0
2024-09-25 08:00,825.35,0
2024-09-25 09:00,825.39,0
2024-09-25 10:00,825.4,0
2024-09-25 11:00,825.55,0
2024-09-25 12:00,825.94,0
2024-09-25 13:00,826.24,0
2024-09-25 14:00,826.7,0
2024-09-25 15:00,827.56,0
2024-09-25 16:00,828.39,0
2024-09-25 17:00,829.26,0
2024-09-25 18:00,829.84,0
2024-09-25 19:00,830.49,0
2024-09-25 20:00,830.7,0
2024-09-25 21:00,830.8,0
2024-09-25 22:00,830.88,0
2024-09-25 23:00,830.95,0
2024-09-26 00:00,830.96,0
2024-09-26 01:00,831.0,0
2024-09-26 02:00,831.06,0
2024-09-26 03:00,831.17,0
2024-09-26 04:00,831.28,0
2024-09-26 05:00,831.39,0
2024-09-26 06:00,831.46,0
2024-09-26 07:00,831.57,0
2024-09-26 08:00,831.62,0
2024-09-26 09:00,831.72,0
2024-09-26 10:00,831.78,0
2024-09-26 11:00,831.9,0
2024-09-26 12:00,831.98,0
2024-09-26 13:00,832.07,0
2024-09-26 14:00,832.11,0
2024-09-26 15:00,832.14,0
2024-09-26 16:00,832.16,0
2024-09-26 17:00,832.2,0
2024-09-26 18:00,832.25,0
2024-09-26 19:00,832.32,0
2024-09-26 20:00,832.36,0
2024-09-26 21:00,832.4,0
2024-09-26 22:00,832.42,0
2024-09-26 23:00,832.45,0
2024-09-27 00:00,832.48,0
2024-09-27 01:00,832.5,0
2024-09-27 02:00,832.52,0
2024-09-27 03:00,832.54,0
2024-09-27 04:00,832.55,0
2024-09-27 05:00,832.55,0
2024-09-27 06:00,832.56,0
2024-09-27 07:00,832.57,0
2024-09-27 08:00,832.57,0
2024-09-27 09:00,832.58,0
2024-09-27 10:00,832.58,0
2024-09-27 11:00,832.58,0
2024-09-27 12:00,832.59,0
2024-09-27 13:00,832.6,0
2024-09-27 14:00,832.61,0
2024-09-27 15:00,832.64,0
2024-09-27 16:00,832.66,0
2024-09-27 17:00,832.68,0
2024-09-27 18:00,832.71,0
2024-09-27 19:00,832.72,0
2024-09-27 20:00,832.73,0
2024-09-27 21:00,832.73,0
2024-09-27 22:00,832.73,0
2024-09-27 23:00,832.73,0
2024-09-28 00:00,832.74,0
2024-09-28 01:00,832.74,0
2024-09-28 02:00,832.75,0
2024-09-28 03:00,832.75,0
2024-09-28 04:00,832.76,0
2024-09-28 05:00,832.76,0
2024-09-28 06:00,832.77,0
2024-09-28 07:00,832.8,0
2024-09-28 08:00,832.9,0
2024-09-28 09:00,833.12,0
2024-09-28 10:00,833.72,0
2024-09-28 11:00,835.18,0
2024-09-28 12:00,836.81,0
2024-09-28 13:00,838.35,0
2024-09-28 14:00,839.72,0
2024-09-28 15:00,839.92,0
2024-09-28 16:00,839.92,0
2024-09-28 17:00,839.92,0
2024-09-28 18:00,839.92,0
2024-09-28 19:00,839.92,0
2024-09-28 20:00,839.92,0
2024-09-28 21:00,839.93,0
2024-09-28 22:00,839.95,0
2024-09-28 23:00,839.99,0
2024-09-29 00:00,840.04,0
2024-09-29 01:00,840.15,0
2024-09-29 02:00,840.2,0
2024-09-29 03:00,840.21,0
2024-09-29 04:00,840.22,0
2024-09-29 05:00,840.22,0
2024-09-29 06:00,840.22,0
2024-09-29 07:00,840.22,0
2024-09-29 08:00,840.22,0
2024-09-29 09:00,840.22,0
2024-09-29 10:00,840.22,0
2024-09-29 11:00,840.22,0
2024-09-29 12:00,840.22,0
2024-09-29 13:00,840.22,0
2024-09-29 14:00,840.22,0
2024-09-29 15:00,840.22,0
2024-09-29 16:00,840.22,0
2024-09-29 17:00,840.22,0
2024-09-29 18:00,840.22,0
2024-09-29 19:00,840.22,0
2024-09-29 20:00,840.22,0
2024-09-29 21:00,840.22,0
2024-09-29 22:00,840.22,0
2024-09-29 23:00,840.22,0
2024-09-30 00:00,840.22,0
2024-09-30 01:00,840.22,0
2024-09-30 02:00,840.22,0
2024-09-30 03:00,840.22,0
2024-09-30 04:00,840.22,0
2024-09-30 05:00,840.22,0
2024-09-30 06:00,840.22,0
2024-09-30 07:00,840.22,0
2024-09-30 08:00,840.22,0
2024-09-30 09:00,840.22,0
2024-09-30 10:00,840.22,0
2024-09-30 11:00,840.22,0
2024-09-30 12:00,840.22,0
2024-09-30 13:00,840.22,0
2024-09-30 14:00,840.22,0
2024-09-30 15:00,840.22,0
2024-09-30 16:00,840.22,0
2024-09-30 17:00,840.22,0
2024-09-30 18:00,840.22,0
2024-09-30 19:00,840.22,0
2024-09-30 20:00,840.22,0
2024-09-30 21:00,840.22,0
2024-09-30 22:00,840.22,0
2024-09-30 23:00,840.22,0
2024-10-01 00:00,840.22,0
2024-10-01 01:00,840.22,0
2024-10-01 02:00,840.22,0
2024-10-01 03:00,840.22,0
2024-10-01 04:00,840.22,0
2024-10-01 05:00,840.22,0
2024-10-01 06:00,840.22,0
2024-10-01 07:00,840.22,0
2024-10-01 08:00,840.22,0
2024-10-01 09:00,840.22,0
2024-10-01 10:00,840.22,0
2024-10-01 11:00,840.22,0
2024-10-01 12:00,840.22,0
2024-10-01 13:00,840.22,0
2024-10-01 14:00,840.22,0
2024-10-01 15:00,840.22,0
2024-10-01 16:00,840.22,0
2024-10-01 17:00,840.22,0
2024-10-01 18:00,840.22,0
2024-10-01 19:00,840.22,0
2024-10-01 20:00,840.22,0
2024-10-01 21:00,840.22,0
2024-10-01 22:00,840.22,0
2024-10-01 23:00,840.22,0
2024-10-02 00:00,840.22,0
2024-10-02 01:00,840.22,0
2024-10-02 02:00,840.22,0
2024-10-02 03:00,840.22,0
2024-10-02 04:00,840.22,0
2024-10-02 05:00,840.22,0
2024-10-02 06:00,840.22,0
2024-10-02 07:00,840.23,0
2024-10-02 08:00,840.23,0
2024-10-02 09:00,840.23,0
2024-10-02 10:00,840.23,0
2024-10-02 11:00,840.23,0
2024-10-02 12:00,840.23,0
2024-10-02 13:00,840.24,0
2024-10-02 14:00,840.25,0
2024-10-02 15:00,840.26,0
2024-10-02 16:00,840.27,0
2024-10-02 17:00,840.37,0
2024-10-02 18:00,840.6,0
2024-10-02 19:00,840.72,0
2024-10-02 20:00,840.8,0
2024-10-02 21:00,840.94,0
2024-10-02 22:00,841.1,0
2024-10-02 23:00,841.16,0
2024-10-03 00:00,841.21,0
2024-10-03 01:00,841.3,0
2024-10-03 02:00,841.43,0
2024-10-03 03:00,841.68,0
2024-10-03 04:00,842.09,0
2024-10-03 05:00,842.38,0
2024-10-03 06:00,842.67,0
2024-10-03 07:00,842.85,0
2024-10-03 08:00,842.96,0
2024-10-03 09:00,843.26,0
2024-10-03 10:00,843.31,0
2024-10-03 11:00,843.34,0
2024-10-03 12:00,843.36,0
2024-10-03 13:00,843.39,0
2024-10-03 14:00,843.58,0
2024-10-03 15:00,843.93,0
2024-10-03 16:00,844.52,0
2024-10-03 17:00,845.88,0
2024-10-03 18:00,849.1,0
2024-10-03 19:00,851.24,0
2024-10-03 20:00,851.64,0
2024-10-03 21:00,852.83,0
2024-10-03 22:00,857.25,0
2024-10-03 23:00,862.62,0
2024-10-04 00:00,865.48,0
2024-10-04 01:00,866.6,0
2024-10-04 02:00,866.78,0
2024-10-04 03:00,866.95,0
2024-10-04 04:00,867.14,0
2024-10-04 05:00,867.5,0
2024-10-04 06:00,867.86,0
2024-10-04 07:00,868.14,0
2024-10-04 08:00,868.42,0
2024-10-04 09:00,868.56,0
2024-10-04 10:00,868.75,0
2024-10-04 11:00,869.0,0
2024-10-04 12:00,869.27,0
2024-10-04 13:00,869.57,0
2024-10-04 14:00,869.78,0
2024-10-04 15:00,869.97,0
2024-10-04 16:00,870.11,0
2024-10-04 17:00,870.23,0
2024-10-04 18:00,870.27,0
2024-10-04 19:00,870.34,0
2024-10-04 20:00,870.38,0
2024-10-04 21:00,870.43,0
2024-10-04 22:00,870.51,0
2024-10-04 23:00,870.58,0
2024-10-05 00:00,871.11,0
2024-10-05 01:00,871.97,0
2024-10-05 02:00,873.04,0
2024-10-05 03:00,873.77,0
2024-10-05 04:00,874.12,0
2024-10-05 05:00,874.42,0
2024-10-05 06:00,874.72,0
2024-10-05 07:00,874.94,0
2024-10-05 08:00,875.16,0
2024-10-05 09:00,875.32,0
2024-10-05 10:00,875.53,0
2024-10-05 11:00,875.84,0
2024-10-05 12:00,876.52,0
2024-10-05 13:00,877.02,0
2024-10-05 14:00,877.32,0
2024-10-05 15:00,877.5,0
2024-10-05 16:00,877.68,0
2024-10-05 17:00,878.07,0
2024-10-05 18:00,878.31,0
2024-10-05 19:00,878.41,0
2024-10-05 20:00,878.47,0
2024-10-05 21:00,878.56,0
2024-10-05 22:00,878.63,0
2024-10-05 23:00,878.67,0
2024-10-06 00:00,878.75,0
2024-10-06 01:00,878.86,0
2024-10-06 02:00,878.91,0
2024-10-06 03:00,878.94,0
2024-10-06 04:00,879.06,0
2024-10-06 05:00,879.2,0
2024-10-06 06:00,879.37,0
2024-10-06 07:00,879.51,0
2024-10-06 08:00,879.57,0
2024-10-06 09:00,879.61,0
2024-10-06 10:00,879.63,0
2024-10-06 11:00,879.64,0
2024-10-06 12:00,879.64,0
2024-10-06 13:00,879.64,0
2024-10-06 14:00,879.64,0
2024-10-06 15:00,879.64,0
2024-10-06 16:00,879.64,0
2024-10-06 17:00,879.64,0
2024-10-06 18:00,879.64,0
2024-10-06 19:00,879.64,0
2024-10-06 20:00,879.64,0
2024-10-06 21:00,879.64,0
2024-10-06 22:00,879.64,0
2024-10-06 23:00,879.64,0
2024-10-07 00:00,879.64,0
2024-10-07 01:00,879.64,0
2024-10-07 02:00,879.64,0
2024-10-07 03:00,879.64,0
2024-10-07 04:00,879.65,0
2024-10-07 05:00,879.65,0
2024-10-07 06:00,879.65,0
2024-10-07 07:00,879.65,0
2024-10-07 08:00,879.65,0
2024-10-07 09:00,879.65,0
2024-10-07 10:00,879.65,0
2024-10-07 11:00,879.65,0
2024-10-07 12:00,879.65,0
2024-10-07 13:00,879.65,0
2024-10-07 14:00,879.65,0
2024-10-07 15:00,879.65,0
2024-10-07 16:00,879.65,0
2024-10-07 17:00,879.65,0
2024-10-07 18:00,879.65,0
2024-10-07 19:00,879.65,0
2024-10-07 20:00,879.65,0
2024-10-07 21:00,879.65,0
2024-10-07 22:00,879.65,0
2024-10-07 23:00,879.65,0
2024-10-08 00:00,879.65,0
2024-10-08 01:00,879.65,0
2024-10-08 02:00,879.65,0
2024-10-08 03:00,879.65,0
2024-10-08 04:00,879.65,0
2024-10-08 05:00,879.65,0
2024-10-08 06:00,879.65,0
2024-10-08 07:00,879.65,0
2024-10-08 08:00,879.65,0
2024-10-08 09:00,879.65,0
2024-10-08 10:00,879.65,0
2024-10-08 11:00,879.65,0
2024-10-08 12:00,879.65,0
2024-10-08 13:00,879.65,0
2024-10-08 14:00,879.65,0
2024-10-08 15:00,879.65,0
2024-10-08 16:00,879.75,0
2024-10-08 17:00,880.48,0
2024-10-08 18:00,881.17,0
2024-10-08 19:00,882.74,0
2024-10-08 20:00,887.18,0
2024-10-08 21:00,892.42,0
2024-10-08 22:00,898.62,0
2024-10-08 23:00,905.93,0
2024-10-09 00:00,910.74,0
2024-10-09 01:00,912.67,0
2024-10-09 02:00,914.78,0
2024-10-09 03:00,916.56,0
2024-10-09 04:00,917.29,0
2024-10-09 05:00,917.73,0
2024-10-09 06:00,918.18,0
2024-10-09 07:00,918.64,0
2024-10-09 08:00,919.44,0
2024-10-09 09:00,919.87,0
2024-10-09 10:00,919.99,0
2024-10-09 11:00,920.03,0
2024-10-09 12:00,920.04,0
2024-10-09 13:00,920.06,0
2024-10-09 14:00,920.08,0
2024-10-09 15:00,920.09,0
2024-10-09 16:00,920.12,0
2024-10-09 17:00,920.15,0
2024-10-09 18:00,920.17,0
2024-10-09 19:00,920.2,0
2024-10-09 20:00,920.24,0
2024-10-09 21:00,920.28,0
2024-10-09 22:00,920.32,0
2024-10-09 23:00,920.36,0
2024-10-10 00:00,920.43,0
2024-10-10 01:00,920.51,0
2024-10-10 02:00,920.57,0
2024-10-10 03:00,920.6,0
2024-10-10 04:00,920.63,0
2024-10-10 05:00,920.67,0
2024-10-10 06:00,920.68,0
2024-10-10 07:00,920.68,0
2024-10-10 08:00,920.69,0
2024-10-10 09:00,920.7,0
2024-10-10 10:00,920.7,0
2024-10-10 11:00,920.7,0
2024-10-10 12:00,920.7,0
2024-10-10 13:00,920.7,0
2024-10-10 14:00,920.7,0
2024-10-10 15:00,920.7,0
2024-10-10 16:00,920.7,0
2024-10-10 17:00,920.7,0
2024-10-10 18:00,920.73,0
2024-10-10 19:00,920.78,0
2024-10-10 20:00,921.18,0
2024-10-10 21:00,921.88,0
2024-10-10 22:00,922.79,0
2024-10-10 23:00,923.49,0
2024-10-11 00:00,923.75,0
2024-10-11 01:00,923.76,0
2024-10-11 02:00,923.77,0
2024-10-11 03:00,923.77,0
2024-10-11 04:00,923.77,0
2024-10-11 05:00,923.77,0
2024-10-11 06:00,923.77,0
2024-10-11 07:00,923.8,0
2024-10-11 08:00,923.82,0
2024-10-11 09:00,923.88,0
2024-10-11 10:00,923.97,0
2024-10-11 11:00,924.03,0
2024-10-11 12:00,924.08,0
2024-10-11 13:00,924.11,0
2024-10-11 14:00,924.15,0
2024-10-11 15:00,924.2,0
2024-10-11 16:00,924.25,0
2024-10-11 17:00,924.27,0
2024-10-11 18:00,924.29,0
2024-10-11 19:00,924.31,0
2024-10-11 20:00,924.33,0
2024-10-11 21:00,924.34,0
2024-10-11 22:00,924.35,0
2024-10-11 23:00,924.35,0
2024-10-12 00:00,924.36,0
2024-10-12 01:00,924.36,0
2024-10-12 02:00,924.36,0
2024-10-12 03:00,924.37,0
2024-10-12 04:00,924.37,0
2024-10-12 05:00,924.37,0
2024-10-12 06:00,924.37,0
2024-10-12 07:00,924.37,0
2024-10-12 08:00,924.37,0
2024-10-12 09:00,924.37,0
2024-10-12 10:00,924.37,0
2024-10-12 11:00,924.37,0
2024-10-12 12:00,924.37,0
2024-10-12 13:00,924.37,0
2024-10-12 14:00,924.37,0
2024-10-12 15:00,924.37,0
2024-10-12 16:00,924.37,0
2024-10-12 17:00,924.37,0
2024-10-12 18:00,924.37,0
2024-10-12 19:00,924.37,0
2024-10-12 20:00,924.37,0
2024-10-12 21:00,924.37,0
2024-10-12 22:00,924.37,0
2024-10-12 23:00,924.37,0
2024-10-13 00:00,924.37,0
2024-10-13 01:00,924.37,0
2024-10-13 02:00,924.37,0
2024-10-13 03:00,924.37,0
2024-10-13 04:00,924.38,0
2024-10-13 05:00,924.38,0
2024-10-13 06:00,924.39,0
2024-10-13 07:00,924.4,0
2024-10-13 08:00,924.42,0
2024-10-13 09:00,924.44,0
2024-10-13 10:00,924.46,0
2024-10-13 11:00,924.46,0
2024-10-13 12:00,924.46,0
2024-10-13 13:00,924.46,0
2024-10-13 14:00,924.46,0
2024-10-13 15:00,924.46,0
2024-10-13 16:00,924.46,0
2024-10-13 17:00,924.46,0
2024-10-13 18:00,924.46,0
2024-10-13 19:00,924.46,0
2024-10-13 20:00,924.46,0
2024-10-13 21:00,924.46,0
2024-10-13 22:00,924.46,0
2024-10-13 23:00,924.46,0
2024-10-14 00:00,924.46,0
2024-10-14 01:00,924.46,0
2024-10-14 02:00,924.46,0
2024-10-14 03:00,924.46,0
2024-10-14 04:00,924.46,0
2024-10-14 05:00,924.46,0
2024-10-14 06:00,924.46,0
2024-10-14 07:00,924.46,0
2024-10-14 08:00,924.46,0
2024-10-14 09:00,924.46,0
2024-10-14 10:00,924.46,0
2024-10-14 11:00,924.46,0
2024-10-14 12:00,924.46,0
2024-10-14 13:00,924.46,0
2024-10-14 14:00,924.46,0
2024-10-14 15:00,924.46,0
2024-10-14 16:00,924.46,0
2024-10-14 17:00,924.46,0
2024-10-14 18:00,924.46,0
2024-10-14 19:00,924.46,0
2024-10-14 20:00,924.46,0
2024-10-14 21:00,924.46,0
2024-10-14 22:00,924.46,0
2024-10-14 23:00,924.46,0
2024-10-15 00:00,924.46,0
2024-10-15 01:00,924.46,0
2024-10-15 02:00,924.46,0
2024-10-15 03:00,924.46,0
2024-10-15 04:00,924.46,0
2024-10-15 05:00,924.46,0
2024-10-15 06:00,924.46,0
2024-10-15 07:00,924.47,0
2024-10-15 08:00,924.47,0
2024-10-15 09:00,924.47,0
2024-10-15 10:00,924.47,0
2024-10-15 11:00,924.47,0
2024-10-15 12:00,924.47,0
2024-10-15 13:00,924.47,0
2024-10-15 14:00,924.47,0
2024-10-15 15:00,924.47,0
2024-10-15 16:00,924.47,0
2024-10-15 17:00,924.47,0
2024-10-15 18:00,924.47,0
2024-10-15 19:00,924.47,0
2024-10-15 20:00,924.47,0
2024-10-15 21:00,924.47,0
2024-10-15 22:00,924.47,0
2024-10-15 23:00,924.47,0
2024-10-16 00:00,924.47,0
2024-10-16 01:00,924.47,0
2024-10-16 02:00,924.47,0
2024-10-16 03:00,924.47,0
2024-10-16 04:00,924.47,0
2024-10-16 05:00,924.47,0
2024-10-16 06:00,924.47,0
2024-10-16 07:00,924.47,0
2024-10-16 08:00,924.47,0
2024-10-16 09:00,924.47,0
2024-10-16 10:00,924.47,0
2024-10-16 11:00,924.47,0
2024-10-16 12:00,924.47,0
2024-10-16 13:00,924.47,0
2024-10-16 14:00,924.47,0
2024-10-16 15:00,924.47,0
2024-10-16 16:00,924.47,0
2024-10-16 17:00,924.59,0
2024-10-16 18:00,924.59,0
2024-10-16 19:00,924.59,0
2024-10-16 20:00,924.6,0
2024-10-16 21:00,924.6,0
2024-10-16 22:00,924.6,0
2024-10-16 23:00,924.84,0
2024-10-17 00:00,924.87,0
2024-10-17 01:00,924.89,0
2024-10-17 02:00,924.9,0
2024-10-17 03:00,924.9,0
2024-10-17 04:00,924.9,0
2024-10-17 05:00,924.9,0
2024-10-17 06:00,924.9,0
2024-10-17 07:00,924.9,0
2024-10-17 08:00,924.9,0
2024-10-17 09:00,924.9,0
2024-10-17 10:00,924.9,0
2024-10-17 11:00,924.9,0
2024-10-17 12:00,924.9,0
2024-10-17 13:00,924.9,0
2024-10-17 14:00,924.9,0
2024-10-17 15:00,924.9,0
2024-10-17 16:00,924.9,0
2024-10-17 17:00,924.9,0
2024-10-17 18:00,924.9,0
2024-10-17 19:00,924.9,0
2024-10-17 20:00,924.9,0
2024-10-17 21:00,924.9,0
2024-10-17 22:00,924.9,0
2024-10-17 23:00,925.31,0
2024-10-18 00:00,925.5,0
2024-10-18 01:00,925.66,0
2024-10-18 02:00,925.7,0
2024-10-18 03:00,925.7,0
2024-10-18 04:00,925.7,0
2024-10-18 05:00,925.71,0
2024-10-18 06:00,926.2,0
2024-10-18 07:00,927.19,0
2024-10-18 08:00,929.79,0
2024-10-18 09:00,932.14,0
2024-10-18 10:00,934.44,0
2024-10-18 11:00,936.2,0
2024-10-18 12:00,937.25,0
2024-10-18 13:00,937.79,0
2024-10-18 14:00,938.2,0
2024-10-18 15:00,938.58,0
2024-10-18 16:00,938.94,0
2024-10-18 17:00,939.21,0
2024-10-18 18:00,939.4,0
2024-10-18 19:00,939.63,0
2024-10-18 20:00,940.46,0
2024-10-18 21:00,941.0,0
2024-10-18 22:00,941.2,0
2024-10-18 23:00,941.21,0
2024-10-19 00:00,941.22,0
2024-10-19 01:00,941.24,0
2024-10-19 02:00,941.32,0
2024-10-19 03:00,941.41,0
2024-10-19 04:00,941.58,0
2024-10-19 05:00,942.37,0
2024-10-19 06:00,942.96,0
2024-10-19 07:00,944.05,0
2024-10-19 08:00,944.86,0
2024-10-19 09:00,945.78,0
2024-10-19 10:00,946.8,0
2024-10-19 11:00,948.27,0
2024-10-19 12:00,950.71,0
2024-10-19 13:00,953.99,0
2024-10-19 14:00,958.47,0
2024-10-19 15:00,965.0,0
2024-10-19 16:00,970.83,0
2024-10-19 17:00,975.47,0
2024-10-19 18:00,978.13,0
2024-10-19 19:00,979.74,0
2024-10-19 20:00,979.96,0
2024-10-19 21:00,979.99,0
2024-10-19 22:00,980.02,0
2024-10-19 23:00,980.03,0
2024-10-20 00:00,980.03,0
2024-10-20 01:00,980.04,0
2024-10-20 02:00,980.11,0
2024-10-20 03:00,980.25,0
2024-10-20 04:00,980.65,0
2024-10-20 05:00,981.43,0
2024-10-20 06:00,981.9,0
2024-10-20 07:00,982.21,0
2024-10-20 08:00,982.71,0
2024-10-20 09:00,982.77,0
2024-10-20 10:00,982.81,0
2024-10-20 11:00,982.91,0
2024-10-20 12:00,983.3,0
2024-10-20 13:00,983.88,0
2024-10-20 14:00,984.1,0
2024-10-20 15:00,984.12,0
2024-10-20 16:00,984.13,0
2024-10-20 17:00,984.13,0
2024-10-20 18:00,984.14,0
2024-10-20 19:00,984.16,0
2024-10-20 20:00,984.18,0
2024-10-20 21:00,984.18,0
2024-10-20 22:00,984.18,0
2024-10-20 23:00,984.2,0
2024-10-21 00:00,984.22,0
2024-10-21 01:00,984.22,0
2024-10-21 02:00,984.22,0
2024-10-21 03:00,984.22,0
2024-10-21 04:00,984.22,0
2024-10-21 05:00,984.23,0
2024-10-21 06:00,984.25,0
2024-10-21 07:00,984.34,0
2024-10-21 08:00,984.39,0
2024-10-21 09:00,984.43,0
2024-10-21 10:00,984.44,0
2024-10-21 11:00,984.44,0
2024-10-21 12:00,984.45,0
2024-10-21 13:00,984.47,0
2024-10-21 14:00,984.47,0
2024-10-21 15:00,984.47,0
2024-10-21 16:00,984.48,0
2024-10-21 17:00,984.5,0
2024-10-21 18:00,984.5,0
2024-10-21 19:00,984.5,0
2024-10-21 20:00,984.5,0
2024-10-21 21:00,984.5,0
2024-10-21 22:00,984.5,0
2024-10-21 23:00,984.5,0
2024-10-22 00:00,984.5,0
2024-10-22 01:00,984.52,0
2024-10-22 02:00,984.55,0
2024-10-22 03:00,984.6,0
2024-10-22 04:00,984.62,0
2024-10-22 05:00,984.64,0
2024-10-22 06:00,984.7,0
2024-10-22 07:00,984.75,0
2024-10-22 08:00,984.81,0
2024-10-22 09:00,984.9,0
2024-10-22 10:00,984.93,0
2024-10-22 11:00,984.99,0
2024-10-22 12:00,985.07,0
2024-10-22 13:00,985.46,0
2024-10-22 14:00,985.78,0
2024-10-22 15:00,986.91,0
2024-10-22 16:00,987.85,0
2024-10-22 17:00,988.26,0
2024-10-22 18:00,988.61,0
2024-10-22 19:00,988.96,0
2024-10-22 20:00,988.99,0
2024-10-22 21:00,988.99,0
2024-10-22 22:00,988.99,0
2024-10-22 23:00,988.99,0
2024-10-23 00:00,988.99,0
2024-10-23 01:00,988.99,0
2024-10-23 02:00,988.99,0
2024-10-23 03:00,988.99,0
2024-10-23 04:00,988.99,0
2024-10-23 05:00,988.99,0
2024-10-23 06:00,988.99,0
2024-10-23 07:00,988.99,0
2024-10-23 08:00,988.99,0
2024-10-23 09:00,988.99,0
2024-10-23 10:00,988.99,0
2024-10-23 11:00,988.99,0
2024-10-23 12:00,988.99,0
2024-10-23 13:00,988.99,0
2024-10-23 14:00,988.99,0
2024-10-23 15:00,988.99,0
2024-10-23 16:00,988.99,0
2024-10-23 17:00,988.99,0
2024-10-23 18:00,989.0,0
2024-10-23 19:00,989.01,0
2024-10-23 20:00,989.06,0
2024-10-23 21:00,989.06,0
2024-10-23 22:00,989.34,0
2024-10-23 23:00,989.68,0
2024-10-24 00:00,989.83,0
2024-10-24 01:00,990.02,0
2024-10-24 02:00,990.05,0
2024-10-24 03:00,990.05,0
2024-10-24 04:00,990.05,0
2024-10-24 05:00,990.05,0
2024-10-24 06:00,990.05,0
2024-10-24 07:00,990.05,0
2024-10-24 08:00,991.0,0
2024-10-24 09:00,991.85,0
2024-10-24 10:00,992.24,0
2024-10-24 11:00,992.34,0
2024-10-24 12:00,992.42,0
2024-10-24 13:00,992.53,0
2024-10-24 14:00,992.64,0
2024-10-24 15:00,992.79,0
2024-10-24 16:00,992.97,0
2024-10-24 17:00,993.21,0
2024-10-24 18:00,993.21,0
2024-10-24 19:00,993.21,0
2024-10-24 20:00,993.21,0
2024-10-24 21:00,993.21,0
2024-10-24 22:00,993.21,0
2024-10-24 23:00,993.21,0
2024-10-25 00:00,993.21,0
2024-10-25 01:00,993.21,0
2024-10-25 02:00,993.21,0
2024-10-25 03:00,993.21,0
2024-10-25 04:00,993.21,0
2024-10-25 05:00,993.21,0
2024-10-25 06:00,993.21,0
2024-10-25 07:00,993.22,0
2024-10-25 08:00,993.22,0
2024-10-25 09:00,993.22,0
2024-10-25 10:00,993.22,0
2024-10-25 11:00,993.22,0
2024-10-25 12:00,993.22,0
2024-10-25 13:00,993.22,0
2024-10-25 14:00,993.22,0
2024-10-25 15:00,993.22,0
2024-10-25 16:00,993.22,0
2024-10-25 17:00,993.22,0
2024-10-25 18:00,993.22,0
2024-10-25 19:00,993.22,0
2024-10-25 20:00,993.22,0
2024-10-25 21:00,993.22,0
2024-10-25 22:00,993.22,0
2024-10-25 23:00,993.22,0
2024-10-26 00:00,993.22,0
2024-10-26 01:00,993.22,0
2024-10-26 02:00,993.22,0
2024-10-26 03:00,993.22,0
2024-10-26 04:00,993.22,0
2024-10-26 05:00,993.22,0
2024-10-26 06:00,993.22,0
2024-10-26 07:00,993.22,0
2024-10-26 08:00,993.22,0
2024-10-26 09:00,993.22,0
2024-10-26 10:00,993.22,0
2024-10-26 11:00,993.22,0
2024-10-26 12:00,993.24,0
2024-10-26 13:00,993.26,0
2024-10-26 14:00,993.28,0
2024-10-26 15:00,993.29,0
2024-10-26 16:00,993.29,0
2024-10-26 17:00,993.29,0
2024-10-26 18:00,993.29,0
2024-10-26 19:00,993.3,0
2024-10-26 20:00,993.3,0
2024-10-26 21:00,993.3,0
2024-10-26 22:00,993.3,0
2024-10-26 23:00,993.3,0
2024-10-27 00:00,993.3,0
2024-10-27 01:00,993.31,0
2024-10-27 02:00,993.31,0
2024-10-27 03:00,993.31,0
2024-10-27 04:00,993.31,0
2024-10-27 05:00,993.31,0
2024-10-27 06:00,993.31,0
2024-10-27 07:00,993.31,0
2024-10-27 08:00,993.32,0
2024-10-27 09:00,993.32,0
2024-10-27 10:00,993.32,0
2024-10-27 11:00,993.32,0
2024-10-27 12:00,993.32,0
2024-10-27 13:00,993.32,0
2024-10-27 14:00,993.32,0
2024-10-27 15:00,993.32,0
2024-10-27 16:00,993.32,0
2024-10-27 17:00,993.32,0
2024-10-27 18:00,993.32,0
2024-10-27 19:00,993.32,0
2024-10-27 20:00,993.32,0
2024-10-27 21:00,993.32,0
2024-10-27 22:00,993.32,0
2024-10-27 23:00,993.32,0
2024-10-28 00:00,993.32,0
2024-10-28 01:00,993.32,0
2024-10-28 02:00,993.32,0
2024-10-28 03:00,993.32,0
2024-10-28 04:00,993.32,0
2024-10-28 05:00,993.32,0
2024-10-28 06:00,993.32,0
2024-10-28 07:00,993.32,0
2024-10-28 08:00,993.32,0
2024-10-28 09:00,993.32,0
2024-10-28 10:00,993.32,0
2024-10-28 11:00,993.32,0
2024-10-28 12:00,993.32,0
2024-10-28 13:00,993.32,0
2024-10-28 14:00,993.32,0
2024-10-28 15:00,993.32,0
2024-10-28 16:00,993.32,0
2024-10-28 17:00,993.32,0
2024-10-28 18:00,993.32,0
2024-10-28 19:00,993.32,0
2024-10-28 20:00,993.32,0
2024-10-28 21:00,993.32,0
2024-10-28 22:00,993.32,0
2024-10-28 23:00,993.32,0
2024-10-29 00:00,993.32,0
2024-10-29 01:00,993.32,0
2024-10-29 02:00,993.32,0
2024-10-29 03:00,993.32,0
2024-10-29 04:00,993.32,0
2024-10-29 05:00,993.32,0
2024-10-29 06:00,993.32,0
2024-10-29 07:00,993.32,0
2024-10-29 08:00,993.32,0
2024-10-29 09:00,993.32,0
2024-10-29 10:00,993.32,0
2024-10-29 11:00,993.32,0
2024-10-29 12:00,993.32,0
2024-10-29 13:00,993.32,0
2024-10-29 14:00,993.32,0
2024-10-29 15:00,993.32,0
2024-10-29 16:00,993.32,0
2024-10-29 17:00,993.32,0
2024-10-29 18:00,993.32,0
2024-10-29 19:00,993.32,0
2024-10-29 20:00,993.32,0
2024-10-29 21:00,993.32,0
2024-10-29 22:00,993.32,0
2024-10-29 23:00,993.32,0
2024-10-30 00:00,993.32,0
2024-10-30 01:00,993.32,0
2024-10-30 02:00,993.32,0
2024-10-30 03:00,993.32,0
2024-10-30 04:00,993.32,0
2024-10-30 05:00,993.32,0
2024-10-30 06:00,993.32,0
2024-10-30 07:00,993.32,0
2024-10-30 08:00,993.33,0
2024-10-30 09:00,993.33,0
2024-10-30 10:00,993.33,0
2024-10-30 11:00,993.33,0
2024-10-30 12:00,993.33,0
2024-10-30 13:00,993.33,0
2024-10-30 14:00,993.33,0
2024-10-30 15:00,993.33,0
2024-10-30 16:00,993.33,0
2024-10-30 17:00,993.33,0
2024-10-30 18:00,993.33,0
2024-10-30 19:00,993.33,0
2024-10-30 20:00,993.33,0
2024-10-30 21:00,993.33,0
2024-10-30 22:00,993.33,0
2024-10-30 23:00,993.33,0
2024-10-31 00:00,993.33,0
2024-10-31 01:00,993.33,0
2024-10-31 02:00,993.33,0
2024-10-31 03:00,993.33,0
2024-10-31 04:00,993.33,0
2024-10-31 05:00,993.33,0
2024-10-31 06:00,993.33,0
2024-10-31 07:00,993.33,0
2024-10-31 08:00,993.33,0
2024-10-31 09:00,993.33,0
2024-10-31 10:00,993.33,0
2024-10-31 11:00,993.33,0
2024-10-31 12:00,993.33,0
2024-10-31 13:00,993.33,0
2024-10-31 14:00,993.33,0
2024-10-31 15:00,993.33,0
2024-10-31 16:00,993.33,0
2024-10-31 17:00,993.33,0
2024-10-31 18:00,993.33,0
2024-10-31 19:00,993.33,0
2024-10-31 20:00,993.33,0
2024-10-31 21:00,993.33,0
2024-10-31 22:00,993.33,0
2024-10-31 23:00,993.33,0
2024-11-01 00:00,993.33,0
2024-11-01 01:00,993.33,0
2024-11-01 02:00,993.33,0
2024-11-01 03:00,993.33,0
2024-11-01 04:00,993.33,0
2024-11-01 05:00,993.33,0
2024-11-01 06:00,993.33,0
2024-11-01 07:00,993.33,0
2024-11-01 08:00,993.33,0
2024-11-01 09:00,993.33,0
2024-11-01 10:00,993.33,0
2024-11-01 11:00,993.33,0
2024-11-01 12:00,993.33,0
2024-11-01 13:00,993.33,0
2024-11-01 14:00,993.33,0
2024-11-01 15:00,993.33,0
2024-11-01 16:00,993.33,0
2024-11-01 17:00,993.33,0
2024-11-01 18:00,993.33,0
2024-11-01 19:00,993.33,0
2024-11-01 20:00,993.33,0
2024-11-01 21:00,993.33,0
2024-11-01 22:00,993.33,0
2024-11-01 23:00,993.33,0
2024-11-02 00:00,993.33,0
2024-11-02 01:00,993.33,0
2024-11-02 02:00,993.33,0
2024-11-02 03:00,993.33,0
2024-11-02 04:00,993.33,0
2024-11-02 05:00,993.33,0
2024-11-02 06:00,993.33,0
2024-11-02 07:00,993.33,0
2024-11-02 08:00,993.33,0
2024-11-02 09:00,993.33,0
2024-11-02 10:00,993.33,0
2024-11-02 11:00,993.33,0
2024-11-02 12:00,993.33,0
2024-11-02 13:00,993.33,0
2024-11-02 14:00,993.33,0
2024-11-02 15:00,993.33,0
2024-11-02 16:00,993.33,0
2024-11-02 17:00,993.33,0
2024-11-02 18:00,993.33,0
2024-11-02 19:00,993.33,0
2024-11-02 20:00,993.33,0
2024-11-02 21:00,993.33,0
2024-11-02 22:00,993.33,0
2024-11-02 23:00,993.33,0
2024-11-03 00:00,993.33,0
2024-11-03 01:00,993.33,0
2024-11-03 02:00,993.33,0
2024-11-03 03:00,993.33,0
2024-11-03 04:00,993.33,0
2024-11-03 05:00,993.33,0
2024-11-03 06:00,993.33,0
2024-11-03 07:00,993.33,0
2024-11-03 08:00,993.33,0
2024-11-03 09:00,993.33,0
2024-11-03 10:00,993.33,0
2024-11-03 11:00,993.33,0
2024-11-03 12:00,993.33,0
2024-11-03 13:00,993.33,0
2024-11-03 14:00,993.33,0
2024-11-03 15:00,993.33,0
2024-11-03 16:00,993.33,0
2024-11-03 17:00,993.33,0
2024-11-03 18:00,993.33,0
2024-11-03 19:00,993.33,0
2024-11-03 20:00,993.34,0
2024-11-03 21:00,993.34,0
2024-11-03 22:00,993.34,0
2024-11-03 23:00,993.34,0
2024-11-04 00:00,993.34,0
2024-11-04 01:00,993.34,0
2024-11-04 02:00,993.34,0
2024-11-04 03:00,993.34,0
2024-11-04 04:00,993.34,0
2024-11-04 05:00,993.34,0
2024-11-04 06:00,993.34,0
2024-11-04 07:00,993.34,0
2024-11-04 08:00,993.34,0
2024-11-04 09:00,993.34,0
2024-11-04 10:00,993.34,0
2024-11-04 11:00,993.34,0
2024-11-04 12:00,993.34,0
2024-11-04 13:00,993.34,0
2024-11-04 14:00,993.34,0
2024-11-04 15:00,993.34,0
2024-11-04 16:00,993.34,0
2024-11-04 17:00,993.34,0
2024-11-04 18:00,993.34,0
2024-11-04 19:00,993.34,0
2024-11-04 20:00,993.34,0
2024-11-04 21:00,993.34,0
2024-11-04 22:00,993.34,0
2024-11-04 23:00,993.34,0
2024-11-05 00:00,993.34,0
2024-11-05 01:00,993.34,0
2024-11-05 02:00,993.34,0
2024-11-05 03:00,993.34,0
2024-11-05 04:00,993.34,0
2024-11-05 05:00,993.34,0
2024-11-05 06:00,993.34,0
2024-11-05 07:00,993.34,0
2024-11-05 08:00,993.34,0
2024-11-05 09:00,993.34,0
2024-11-05 10:00,993.34,0
2024-11-05 11:00,993.34,0
2024-11-05 12:00,993.34,0
2024-11-05 13:00,993.34,0
2024-11-05 14:00,993.34,0
2024-11-05 15:00,993.34,0
2024-11-05 16:00,993.34,0
2024-11-05 17:00,993.34,0
2024-11-05 18:00,993.34,0
2024-11-05 19:00,993.34,0
2024-11-05 20:00,993.34,0
2024-11-05 21:00,993.34,0
2024-11-05 22:00,993.34,0
2024-11-05 23:00,993.34,0
2024-11-06 00:00,993.34,0
2024-11-06 01:00,993.34,0
2024-11-06 02:00,993.34,0
2024-11-06 03:00,993.34,0
2024-11-06 04:00,993.34,0
2024-11-06 05:00,993.34,0
2024-11-06 06:00,993.34,0
2024-11-06 07:00,993.34,0
2024-11-06 08:00,993.34,0
2024-11-06 09:00,993.34,0
2024-11-06 10:00,993.34,0
2024-11-06 11:00,993.34,0
2024-11-06 12:00,993.34,0
2024-11-06 13:00,993.34,0
2024-11-06 14:00,993.34,0
2024-11-06 15:00,993.34,0
2024-11-06 16:00,993.34,0
2024-11-06 17:00,993.34,0
2024-11-06 18:00,993.34,0
2024-11-06 19:00,993.34,0
2024-11-06 20:00,993.34,0
2024-11-06 21:00,993.34,0
2024-11-06 22:00,993.34,0
2024-11-06 23:00,993.34,0
2024-11-07 00:00,993.34,0
2024-11-07 01:00,993.34,0
2024-11-07 02:00,993.34,0
2024-11-07 03:00,993.34,0
2024-11-07 04:00,993.34,0
2024-11-07 05:00,993.34,0
2024-11-07 06:00,993.34,0
2024-11-07 07:00,993.34,0
2024-11-07 08:00,993.34,0
2024-11-07 09:00,993.34,0
2024-11-07 10:00,993.34,0
2024-11-07 11:00,993.34,0
2024-11-07 12:00,993.34,0
2024-11-07 13:00,993.34,0
2024-11-07 14:00,993.34,0
2024-11-07 15:00,993.34,0
2024-11-07 16:00,993.34,0
2024-11-07 17:00,993.34,0
2024-11-07 18:00,993.34,0
2024-11-07 19:00,993.34,0
2024-11-07 20:00,993.37,0
2024-11-07 21:00,993.37,0
2024-11-07 22:00,993.38,0
2024-11-07 23:00,993.39,0
2024-11-08 00:00,993.4,0
2024-11-08 01:00,993.4,0
2024-11-08 02:00,993.42,0
2024-11-08 03:00,993.42,0
2024-11-08 04:00,993.42,0
2024-11-08 05:00,993.44,0
2024-11-08 06:00,993.45,0
2024-11-08 07:00,993.45,0
2024-11-08 08:00,993.45,0
2024-11-08 09:00,993.45,0
2024-11-08 10:00,993.45,0
2024-11-08 11:00,993.45,0
2024-11-08 12:00,993.45,0
2024-11-08 13:00,993.45,0
2024-11-08 14:00,993.45,0
2024-11-08 15:00,993.45,0
2024-11-08 16:00,993.45,0
2024-11-08 17:00,993.45,0
2024-11-08 18:00,993.45,0
2024-11-08 19:00,993.45,0
2024-11-08 20:00,993.45,0
2024-11-08 21:00,993.45,0
2024-11-08 22:00,993.45,0
2024-11-08 23:00,993.45,0
2024-11-09 00:00,993.45,0
2024-11-09 01:00,993.45,0
2024-11-09 02:00,993.45,0
2024-11-09 03:00,993.45,0
2024-11-09 04:00,993.45,0
2024-11-09 05:00,993.45,0
2024-11-09 06:00,993.45,0
2024-11-09 07:00,993.45,0
2024-11-09 08:00,993.45,0
2024-11-09 09:00,993.45,0
2024-11-09 10:00,993.45,0
2024-11-09 11:00,993.45,0
2024-11-09 12:00,993.45,0
2024-11-09 13:00,993.45,0
2024-11-09 14:00,993.45,0
2024-11-09 15:00,993.45,0
2024-11-09 16:00,993.45,0
2024-11-09 17:00,993.45,0
2024-11-09 18:00,993.45,0
2024-11-09 19:00,993.45,0
2024-11-09 20:00,993.45,0
2024-11-09 21:00,993.45,0
2024-11-09 22:00,993.45,0
2024-11-09 23:00,993.45,0
2024-11-10 00:00,993.45,0
2024-11-10 01:00,993.45,0
2024-11-10 02:00,993.45,0
2024-11-10 03:00,993.45,0
2024-11-10 04:00,993.45,0
2024-11-10 05:00,993.46,0
2024-11-10 06:00,993.46,0
2024-11-10 07:00,993.46,0
2024-11-10 08:00,993.46,0
2024-11-10 09:00,993.46,0
2024-11-10 10:00,993.46,0
2024-11-10 11:00,993.46,0
2024-11-10 12:00,993.46,0
2024-11-10 13:00,993.46,0
2024-11-10 14:00,993.46,0
2024-11-10 15:00,993.46,0
2024-11-10 16:00,993.46,0
2024-11-10 17:00,993.46,0
2024-11-10 18:00,993.46,0
2024-11-10 19:00,993.46,0
2024-11-10 20:00,993.46,0
2024-11-10 21:00,993.46,0
2024-11-10 22:00,993.46,0
2024-11-10 23:00,993.46,0
2024-11-11 00:00,993.46,0
2024-11-11 01:00,993.46,0
2024-11-11 02:00,993.46,0
2024-11-11 03:00,993.46,0
2024-11-11 04:00,993.46,0
2024-11-11 05:00,993.46,0
2024-11-11 06:00,993.46,0
2024-11-11 07:00,993.46,0
2024-11-11 08:00,993.46,0
2024-11-11 09:00,993.46,0
2024-11-11 10:00,993.46,0
2024-11-11 11:00,993.46,0
2024-11-11 12:00,993.46,0
2024-11-11 13:00,993.46,0
2024-11-11 14:00,993.46,0
2024-11-11 15:00,993.46,0
2024-11-11 16:00,993.46,0
2024-11-11 17:00,993.46,0
2024-11-11 18:00,993.46,0
2024-11-11 19:00,993.46,0
2024-11-11 20:00,993.46,0
2024-11-11 21:00,993.46,0
2024-11-11 22:00,993.46,0
2024-11-11 23:00,993.46,0
2024-11-12 00:00,993.46,0
2024-11-12 01:00,993.46,0
2024-11-12 02:00,993.46,0
2024-11-12 03:00,993.46,0
2024-11-12 04:00,993.46,0
2024-11-12 05:00,993.46,0
2024-11-12 06:00,993.46,0
2024-11-12 07:00,993.46,0
2024-11-12 08:00,993.46,0
2024-11-12 09:00,993.46,0
2024-11-12 10:00,993.46,0
2024-11-12 11:00,993.46,0
2024-11-12 12:00,993.46,0
2024-11-12 13:00,993.46,0
2024-11-12 14:00,993.46,0
2024-11-12 15:00,993.46,0
2024-11-12 16:00,993.46,0
2024-11-12 17:00,993.46,0
2024-11-12 18:00,993.46,0
2024-11-12 19:00,993.46,0
2024-11-12 20:00,993.46,0
2024-11-12 21:00,993.46,0
2024-11-12 22:00,993.46,0
2024-11-12 23:00,993.46,0
2024-11-13 00:00,993.5,0
2024-11-13 01:00,993.5,0
2024-11-13 02:00,993.57,0
2024-11-13 03:00,993.57,0
2024-11-13 04:00,993.57,0
2024-11-13 05:00,993.57,0
2024-11-13 06:00,993.57,0
2024-11-13 07:00,993.61,0
2024-11-13 08:00,994.01,0
2024-11-13 09:00,994.4,0
2024-11-13 10:00,994.92,0
2024-11-13 11:00,995.58,0
2024-11-13 12:00,996.82,0
2024-11-13 13:00,998.82,0
2024-11-13 14:00,1001.04,0
2024-11-13 15:00,1003.1,0
2024-11-13 16:00,1004.83,0
2024-11-13 17:00,1005.94,0
2024-11-13 18:00,1007.39,0
2024-11-13 19:00,1009.25,0
2024-11-13 20:00,1010.6,0
2024-11-13 21:00,1012.19,0
2024-11-13 22:00,1013.61,0
2024-11-13 23:00,1015.33,0
2024-11-14 00:00,1017.14,0
2024-11-14 01:00,1019.26,0
2024-11-14 02:00,1020.72,0
2024-11-14 03:00,1021.14,0
2024-11-14 04:00,1021.26,0
2024-11-14 05:00,1021.32,0
2024-11-14 06:00,1021.32,0
2024-11-14 07:00,1021.32,0
2024-11-14 08:00,1021.33,0
2024-11-14 09:00,1021.33,0
2024-11-14 10:00,1021.33,0
2024-11-14 11:00,1021.33,0
2024-11-14 12:00,1021.33,0
2024-11-14 13:00,1021.33,0
2024-11-14 14:00,1021.33,0
2024-11-14 15:00,1021.34,0
2024-11-14 16:00,1021.37,0
2024-11-14 17:00,1021.59,0
2024-11-14 18:00,1022.17,0
2024-11-14 19:00,1023.44,0
2024-11-14 20:00,1023.92,0
2024-11-14 21:00,1024.13,0
2024-11-14 22:00,1024.33,0
2024-11-14 23:00,1024.37,0
2024-11-15 00:00,1024.37,0
2024-11-15 01:00,1024.37,0
2024-11-15 02:00,1024.37,0
2024-11-15 03:00,1024.37,0
2024-11-15 04:00,1024.37,0
2024-11-15 05:00,1024.37,0
2024-11-15 06:00,1024.37,0
2024-11-15 07:00,1024.37,0
2024-11-15 08:00,1024.37,0
2024-11-15 09:00,1024.38,0
2024-11-15 10:00,1024.38,0
2024-11-15 11:00,1024.39,0
2024-11-15 12:00,1024.39,0
2024-11-15 13:00,1024.39,0
2024-11-15 14:00,1024.39,0
2024-11-15 15:00,1024.39,0
2024-11-15 16:00,1024.39,0
2024-11-15 17:00,1024.39,0
2024-11-15 18:00,1024.39,0
2024-11-15 19:00,1024.39,0
2024-11-15 20:00,1024.39,0
2024-11-15 21:00,1024.39,0
2024-11-15 22:00,1024.39,0
2024-11-15 23:00,1024.39,0
2024-11-16 00:00,1024.39,0
2024-11-16 01:00,1024.39,0
2024-11-16 02:00,1024.39,0
2024-11-16 03:00,1024.39,0
2024-11-16 04:00,1024.39,0
2024-11-16 05:00,1024.39,0
2024-11-16 06:00,1024.39,0
2024-11-16 07:00,1024.39,0
2024-11-16 08:00,1024.39,0
2024-11-16 09:00,1024.39,0
2024-11-16 10:00,1024.39,0
2024-11-16 11:00,1024.39,0
2024-11-16 12:00,1024.39,0
2024-11-16 13:00,1024.39,0
2024-11-16 14:00,1024.39,0
2024-11-16 15:00,1024.39,0
2024-11-16 16:00,1024.39,0
2024-11-16 17:00,1024.39,0
2024-11-16 18:00,1024.39,0
2024-11-16 19:00,1024.39,0
2024-11-16 20:00,1024.39,0
2024-11-16 21:00,1024.39,0
2024-11-16 22:00,1024.39,0
2024-11-16 23:00,1024.39,0
2024-11-17 00:00,1024.39,0
2024-11-17 01:00,1024.39,0
2024-11-17 02:00,1024.39,0
2024-11-17 03:00,1024.39,0
2024-11-17 04:00,1024.39,0
2024-11-17 05:00,1024.39,0
2024-11-17 06:00,1024.39,0
2024-11-17 07:00,1024.39,0
2024-11-17 08:00,1024.39,0
2024-11-17 09:00,1024.39,0
2024-11-17 10:00,1024.39,0
2024-11-17 11:00,1024.4,0
2024-11-17 12:00,1024.41,0
2024-11-17 13:00,1024.41,0
2024-11-17 14:00,1024.41,0
2024-11-17 15:00,1024.41,0
2024-11-17 16:00,1024.41,0
2024-11-17 17:00,1024.41,0
2024-11-17 18:00,1024.41,0
2024-11-17 19:00,1024.41,0
2024-11-17 20:00,1024.42,0
2024-11-17 21:00,1024.45,0
2024-11-17 22:00,1024.49,0
2024-11-17 23:00,1024.55,0
2024-11-18 00:00,1024.59,0
2024-11-18 01:00,1024.61,0
2024-11-18 02:00,1024.62,0
2024-11-18 03:00,1024.65,0
2024-11-18 04:00,1024.68,0
2024-11-18 05:00,1024.68,0
2024-11-18 06:00,1024.7,0
2024-11-18 07:00,1024.75,0
2024-11-18 08:00,1024.78,0
2024-11-18 09:00,1024.79,0
2024-11-18 10:00,1024.8,0
2024-11-18 11:00,1024.93,0
2024-11-18 12:00,1025.15,0
2024-11-18 13:00,1025.4,0
2024-11-18 14:00,1025.54,0
2024-11-18 15:00,1025.9,0
2024-11-18 16:00,1026.23,0
2024-11-18 17:00,1026.48,0
2024-11-18 18:00,1026.76,0
2024-11-18 19:00,1026.91,0
2024-11-18 20:00,1027.16,0
2024-11-18 21:00,1027.39,0
2024-11-18 22:00,1027.65,0
2024-11-18 23:00,1027.88,0
2024-11-19 00:00,1028.06,0
2024-11-19 01:00,1028.25,0
2024-11-19 02:00,1028.43,0
2024-11-19 03:00,1028.63,0
2024-11-19 04:00,1029.12,0
2024-11-19 05:00,1029.87,0
2024-11-19 06:00,1030.75,0
2024-11-19 07:00,1031.58,0
2024-11-19 08:00,1032.05,0
2024-11-19 09:00,1032.38,0
2024-11-19 10:00,1032.66,0
2024-11-19 11:00,1033.06,0
2024-11-19 12:00,1033.57,0
2024-11-19 13:00,1034.12,0
2024-11-19 14:00,1034.5,0
2024-11-19 15:00,1034.99,0
2024-11-19 16:00,1035.35,0
2024-11-19 17:00,1035.62,0
2024-11-19 18:00,1035.9,0
2024-11-19 19:00,1036.23,0
2024-11-19 20:00,1036.58,0
2024-11-19 21:00,1037.23,0
2024-11-19 22:00,1037.45,0
2024-11-19 23:00,1037.56,0
2024-11-20 00:00,1037.76,0
2024-11-20 01:00,1037.96,0
2024-11-20 02:00,1038.22,0
2024-11-20 03:00,1038.51,0
2024-11-20 04:00,1038.63,0
2024-11-20 05:00,1038.79,0
2024-11-20 06:00,1038.93,0
2024-11-20 07:00,1039.1,0
2024-11-20 08:00,1039.53,0
2024-11-20 09:00,1041.16,0
2024-11-20 10:00,1043.67,0
2024-11-20 11:00,1045.9,0
2024-11-20 12:00,1047.32,0
2024-11-20 13:00,1048.08,0
2024-11-20 14:00,1048.4,0
2024-11-20 15:00,1049.49,0
2024-11-20 16:00,1051.44,0
2024-11-20 17:00,1054.17,0
2024-11-20 18:00,1055.96,0
2024-11-20 19:00,1056.61,0
2024-11-20 20:00,1057.62,0
2024-11-20 21:00,1057.85,0
2024-11-20 22:00,1057.92,0
2024-11-20 23:00,1057.99,0
2024-11-21 00:00,1058.1,0
2024-11-21 01:00,1058.18,0
2024-11-21 02:00,1058.27,0
2024-11-21 03:00,1058.32,0
2024-11-21 04:00,1058.34,0
2024-11-21 05:00,1058.34,0
2024-11-21 06:00,1058.34,0
2024-11-21 07:00,1058.34,0
2024-11-21 08:00,1058.34,0
2024-11-21 09:00,1058.35,0
2024-11-21 10:00,1058.35,0
2024-11-21 11:00,1058.35,0
2024-11-21 12:00,1058.35,0
2024-11-21 13:00,1058.35,0
2024-11-21 14:00,1058.35,0
2024-11-21 15:00,1058.36,0
2024-11-21 16:00,1058.4,0
2024-11-21 17:00,1058.43,0
2024-11-21 18:00,1058.44,0
2024-11-21 19:00,1058.46,0
2024-11-21 20:00,1058.46,0
2024-11-21 21:00,1058.54,0
2024-11-21 22:00,1058.97,0
2024-11-21 23:00,1060.06,0
2024-11-22 00:00,1061.84,0
2024-11-22 01:00,1062.9,0
2024-11-22 02:00,1063.82,0
2024-11-22 03:00,1064.58,0
2024-11-22 04:00,1065.45,0
2024-11-22 05:00,1066.21,0
2024-11-22 06:00,1066.8,0
2024-11-22 07:00,1067.02,0
2024-11-22 08:00,1067.43,0
2024-11-22 09:00,1067.87,0
2024-11-22 10:00,1068.26,0
2024-11-22 11:00,1069.84,0
2024-11-22 12:00,1072.75,0
2024-11-22 13:00,1074.46,0
2024-11-22 14:00,1074.8,0
2024-11-22 15:00,1074.86,0
2024-11-22 16:00,1074.97,0
2024-11-22 17:00,1075.03,0
2024-11-22 18:00,1075.04,0
2024-11-22 19:00,1075.04,0
2024-11-22 20:00,1075.04,0
2024-11-22 21:00,1075.04,0
2024-11-22 22:00,1075.04,0
2024-11-22 23:00,1075.04,0
2024-11-23 00:00,1075.04,0
2024-11-23 01:00,1075.04,0
2024-11-23 02:00,1075.04,0
2024-11-23 03:00,1075.04,0
2024-11-23 04:00,1075.04,0
2024-11-23 05:00,1075.04,0
2024-11-23 06:00,1075.04,0
2024-11-23 07:00,1075.04,0
2024-11-23 08:00,1075.04,0
2024-11-23 09:00,1075.04,0
2024-11-23 10:00,1075.04,0
2024-11-23 11:00,1075.04,0
2024-11-23 12:00,1075.04,0
2024-11-23 13:00,1075.04,0
2024-11-23 14:00,1075.04,0
2024-11-23 15:00,1075.04,0
2024-11-23 16:00,1075.04,0
2024-11-23 17:00,1075.04,0
2024-11-23 18:00,1075.04,0
2024-11-23 19:00,1075.04,0
2024-11-23 20:00,1075.04,0
2024-11-23 21:00,1075.04,0
2024-11-23 22:00,1075.04,0
2024-11-23 23:00,1075.04,0
2024-11-24 00:00,1075.04,0
2024-11-24 01:00,1075.04,0
2024-11-24 02:00,1075.04,0
2024-11-24 03:00,1075.04,0
2024-11-24 04:00,1075.04,0
2024-11-24 05:00,1075.04,0
2024-11-24 06:00,1075.04,0
2024-11-24 07:00,1075.04,0
2024-11-24 08:00,1075.04,0
2024-11-24 09:00,1075.04,0
2024-11-24 10:00,1075.04,0
2024-11-24 11:00,1075.04,0
2024-11-24 12:00,1075.04,0
2024-11-24 13:00,1075.04,0
2024-11-24 14:00,1075.04,0
2024-11-24 15:00,1075.04,0
2024-11-24 16:00,1075.04,0
2024-11-24 17:00,1075.04,0
2024-11-24 18:00,1075.04,0
2024-11-24 19:00,1075.04,0
2024-11-24 20:00,1075.04,0
2024-11-24 21:00,1075.04,0
2024-11-24 22:00,1075.04,0
2024-11-24 23:00,1075.04,0
2024-11-25 00:00,1075.04,0
2024-11-25 01:00,1075.04,0
2024-11-25 02:00,1075.04,0
2024-11-25 03:00,1075.04,0
2024-11-25 04:00,1075.04,0
2024-11-25 05:00,1075.04,0
2024-11-25 06:00,1075.04,0
2024-11-25 07:00,1075.04,0
2024-11-25 08:00,1075.04,0
2024-11-25 09:00,1075.05,0
2024-11-25 10:00,1075.05,0
2024-11-25 11:00,1075.05,0
2024-11-25 12:00,1075.05,0
2024-11-25 13:00,1075.05,0
2024-11-25 14:00,1075.05,0
2024-11-25 15:00,1075.05,0
2024-11-25 16:00,1075.05,0
2024-11-25 17:00,1075.05,0
2024-11-25 18:00,1075.05,0
2024-11-25 19:00,1075.05,0
2024-11-25 20:00,1075.05,0
2024-11-25 21:00,1075.05,0
2024-11-25 22:00,1075.05,0
2024-11-25 23:00,1075.05,0
2024-11-26 00:00,1075.06,0
2024-11-26 01:00,1075.06,0
2024-11-26 02:00,1075.06,0
2024-11-26 03:00,1075.06,0
2024-11-26 04:00,1075.06,0
2024-11-26 05:00,1075.08,0
2024-11-26 06:00,1075.18,0
2024-11-26 07:00,1075.34,0
2024-11-26 08:00,1075.6,0
2024-11-26 09:00,1075.73,0
2024-11-26 10:00,1075.95,0
2024-11-26 11:00,1076.14,0
2024-11-26 12:00,1076.42,0
2024-11-26 13:00,1076.75,0
2024-11-26 14:00,1077.08,0
2024-11-26 15:00,1077.55,0
2024-11-26 16:00,1077.86,0
2024-11-26 17:00,1077.99,0
2024-11-26 18:00,1078.1,0
2024-11-26 19:00,1078.17,0
2024-11-26 20:00,1078.33,0
2024-11-26 21:00,1078.37,0
2024-11-26 22:00,1078.44,0
2024-11-26 23:00,1078.49,0
2024-11-27 00:00,1078.57,0
2024-11-27 01:00,1078.65,0
2024-11-27 02:00,1078.76,0
2024-11-27 03:00,1078.88,0
2024-11-27 04:00,1079.01,0
2024-11-27 05:00,1079.17,0
2024-11-27 06:00,1079.3,0
2024-11-27 07:00,1079.42,0
2024-11-27 08:00,1079.68,0
2024-11-27 09:00,1079.98,0
2024-11-27 10:00,1080.33,0
2024-11-27 11:00,1080.49,0
2024-11-27 12:00,1080.67,0
2024-11-27 13:00,1080.89,0
2024-11-27 14:00,1081.06,0
2024-11-27 15:00,1081.16,0
2024-11-27 16:00,1081.21,0
2024-11-27 17:00,1081.27,0
2024-11-27 18:00,1081.32,0
2024-11-27 19:00,1081.34,0
2024-11-27 20:00,1081.35,0
2024-11-27 21:00,1081.37,0
2024-11-27 22:00,1081.39,0
2024-11-27 23:00,1081.4,0
2024-11-28 00:00,1081.43,0
2024-11-28 01:00,1081.46,0
2024-11-28 02:00,1081.6,0
2024-11-28 03:00,1081.71,0
2024-11-28 04:00,1081.84,0
2024-11-28 05:00,1081.91,0
2024-11-28 06:00,1081.94,0
2024-11-28 07:00,1081.97,0
2024-11-28 08:00,1082.1,0
2024-11-28 09:00,1082.37,0
2024-11-28 10:00,1082.75,0
2024-11-28 11:00,1083.06,0
2024-11-28 12:00,1083.37,0
2024-11-28 13:00,1083.94,0
2024-11-28 14:00,1084.28,0
2024-11-28 15:00,1084.64,0
2024-11-28 16:00,1085.08,0
2024-11-28 17:00,1085.48,0
2024-11-28 18:00,1085.9,0
2024-11-28 19:00,1086.29,0
2024-11-28 20:00,1086.77,0
2024-11-28 21:00,1087.11,0
2024-11-28 22:00,1087.58,0
2024-11-28 23:00,1087.81,0
2024-11-29 00:00,1088.11,0
2024-11-29 01:00,1088.45,0
2024-11-29 02:00,1088.69,0
2024-11-29 03:00,1088.85,0
2024-11-29 04:00,1088.93,0
2024-11-29 05:00,1089.01,0
2024-11-29 06:00,1089.07,0
2024-11-29 07:00,1089.11,0
2024-11-29 08:00,1089.14,0
2024-11-29 09:00,1089.24,0
2024-11-29 10:00,1089.54,0
2024-11-29 11:00,1090.16,0
2024-11-29 12:00,1091.28,0
2024-11-29 13:00,1092.48,0
2024-11-29 14:00,1093.62,0
2024-11-29 15:00,1094.22,0
2024-11-29 16:00,1094.53,0
2024-11-29 17:00,1094.58,0
2024-11-29 18:00,1094.58,0
2024-11-29 19:00,1094.58,0
2024-11-29 20:00,1094.58,0
2024-11-29 21:00,1094.58,0
2024-11-29 22:00,1094.58,0
2024-11-29 23:00,1094.58,0
2024-11-30 00:00,1094.58,0
2024-11-30 01:00,1094.58,0
2024-11-30 02:00,1094.58,0
2024-11-30 03:00,1094.58,0
2024-11-30 04:00,1094.58,0
2024-11-30 05:00,1094.58,0
2024-11-30 06:00,1094.58,0
2024-11-30 07:00,1094.58,0
2024-11-30 08:00,1094.58,0
2024-11-30 09:00,1094.59,0
2024-11-30 10:00,1094.59,0
2024-11-30 11:00,1094.6,0
2024-11-30 12:00,1094.6,0
2024-11-30 13:00,1094.6,0
2024-11-30 14:00,1094.65,0
2024-11-30 15:00,1094.65,0
2024-11-30 16:00,1094.66,0
2024-11-30 17:00,1094.66,0
2024-11-30 18:00,1094.66,0
2024-11-30 19:00,1094.66,0
2024-11-30 20:00,1094.66,0
2024-11-30 21:00,1094.66,0
2024-11-30 22:00,1094.66,0
2024-11-30 23:00,1094.66,0
2024-12-01 00:00,1094.66,0
2024-12-01 01:00,1094.66,0
2024-12-01 02:00,1094.66,0
2024-12-01 03:00,1094.66,0
2024-12-01 04:00,1094.66,0
2024-12-01 05:00,1094.66,0
2024-12-01 06:00,1094.66,0
2024-12-01 07:00,1094.66,0
2024-12-01 08:00,1094.66,0
2024-12-01 09:00,1094.66,0
2024-12-01 10:00,1094.66,0
2024-12-01 11:00,1094.66,0
2024-12-01 12:00,1094.67,0
2024-12-01 13:00,1094.68,0
2024-12-01 14:00,1094.69,0
2024-12-01 15:00,1094.69,0
2024-12-01 16:00,1094.69,0
2024-12-01 17:00,1094.69,0
2024-12-01 18:00,1094.69,0
2024-12-01 19:00,1094.69,0
2024-12-01 20:00,1094.69,0
2024-12-01 21:00,1094.69,0
2024-12-01 22:00,1094.69,0
2024-12-01 23:00,1094.7,0
2024-12-02 00:00,1094.7,0
2024-12-02 01:00,1094.7,0
2024-12-02 02:00,1094.7,0
2024-12-02 03:00,1094.7,0
2024-12-02 04:00,1094.7,0
2024-12-02 05:00,1094.7,0
2024-12-02 06:00,1094.7,0
2024-12-02 07:00,1094.7,0
2024-12-02 08:00,1094.7,0
2024-12-02 09:00,1094.7,0
2024-12-02 10:00,1094.7,0
2024-12-02 11:00,1094.7,0
2024-12-02 12:00,1094.7,0
2024-12-02 13:00,1094.7,0
2024-12-02 14:00,1094.7,0
2024-12-02 15:00,1094.7,0
2024-12-02 16:00,1094.7,0
2024-12-02 17:00,1094.7,0
2024-12-02 18:00,1094.7,0
2024-12-02 19:00,1094.7,0
2024-12-02 20:00,1094.7,0
2024-12-02 21:00,1094.7,0
2024-12-02 22:00,1094.7,0
2024-12-02 23:00,1094.7,0
2024-12-03 00:00,1094.7,0
2024-12-03 01:00,1094.7,0
2024-12-03 02:00,1094.7,0
2024-12-03 03:00,1094.7,0
2024-12-03 04:00,1094.7,0
2024-12-03 05:00,1094.7,0
2024-12-03 06:00,1094.7,0
2024-12-03 07:00,1094.71,0
2024-12-03 08:00,1094.71,0
2024-12-03 09:00,1094.73,0
2024-12-03 10:00,1094.74,0
2024-12-03 11:00,1094.75,0
2024-12-03 12:00,1094.79,0
2024-12-03 13:00,1094.89,0
2024-12-03 14:00,1094.96,0
2024-12-03 15:00,1095.02,0
2024-12-03 16:00,1095.04,0
2024-12-03 17:00,1095.18,0
2024-12-03 18:00,1095.31,0
2024-12-03 19:00,1095.64,0
2024-12-03 20:00,1096.14,0
2024-12-03 21:00,1096.46,0
2024-12-03 22:00,1096.57,0
2024-12-03 23:00,1096.62,0
2024-12-04 00:00,1096.93,0
2024-12-04 01:00,1097.29,0
2024-12-04 02:00,1097.86,0
2024-12-04 03:00,1098.47,0
2024-12-04 04:00,1099.15,0
2024-12-04 05:00,1099.44,0
2024-12-04 06:00,1099.57,0
2024-12-04 07:00,1099.7,0
2024-12-04 08:00,1099.84,0
2024-12-04 09:00,1099.95,0
2024-12-04 10:00,1100.11,0
2024-12-04 11:00,1100.28,0
2024-12-04 12:00,1100.49,0
2024-12-04 13:00,1100.79,0
2024-12-04 14:00,1101.01,0
2024-12-04 15:00,1101.19,0
2024-12-04 16:00,1101.45,0
2024-12-04 17:00,1101.83,0
2024-12-04 18:00,1102.15,0
2024-12-04 19:00,1102.6,0
2024-12-04 20:00,1102.96,0
2024-12-04 21:00,1103.21,0
2024-12-04 22:00,1103.4,0
2024-12-04 23:00,1103.56,0
2024-12-05 00:00,1103.7,0
2024-12-05 01:00,1103.83,0
2024-12-05 02:00,1104.05,0
2024-12-05 03:00,1104.29,0
2024-12-05 04:00,1104.44,0
2024-12-05 05:00,1104.5,0
2024-12-05 06:00,1104.52,0
2024-12-05 07:00,1104.53,0
2024-12-05 08:00,1104.59,0
2024-12-05 09:00,1104.66,0
2024-12-05 10:00,1104.73,0
2024-12-05 11:00,1104.8,0
2024-12-05 12:00,1104.89,0
2024-12-05 13:00,1104.99,0
2024-12-05 14:00,1105.07,0
2024-12-05 15:00,1105.13,0
2024-12-05 16:00,1105.2,0
2024-12-05 17:00,1105.29,0
2024-12-05 18:00,1105.37,0
2024-12-05 19:00,1105.44,0
2024-12-05 20:00,1105.47,0
2024-12-05 21:00,1105.48,0
2024-12-05 22:00,1105.48,0
2024-12-05 23:00,1105.48,0
2024-12-06 00:00,1105.48,0
2024-12-06 01:00,1105.48,0
2024-12-06 02:00,1105.48,0
2024-12-06 03:00,1105.48,0
2024-12-06 04:00,1105.48,0
2024-12-06 05:00,1105.48,0
2024-12-06 06:00,1105.48,0
2024-12-06 07:00,1105.48,0
2024-12-06 08:00,1105.48,0
2024-12-06 09:00,1105.48,0
2024-12-06 10:00,1105.48,0
2024-12-06 11:00,1105.48,0
2024-12-06 12:00,1105.48,0
2024-12-06 13:00,1105.48,0
2024-12-06 14:00,1105.48,0
2024-12-06 15:00,1105.48,0
2024-12-06 16:00,1105.48,0
2024-12-06 17:00,1105.5,0
2024-12-06 18:00,1105.51,0
2024-12-06 19:00,1105.51,0
2024-12-06 20:00,1105.51,0
2024-12-06 21:00,1105.51,0
2024-12-06 22:00,1105.51,0
2024-12-06 23:00,1105.56,0
2024-12-07 00:00,1105.67,0
2024-12-07 01:00,1105.91,0
2024-12-07 02:00,1106.2,0
2024-12-07 03:00,1106.57,0
2024-12-07 04:00,1107.05,0
2024-12-07 05:00,1107.55,0
2024-12-07 06:00,1107.77,0
2024-12-07 07:00,1107.88,0
2024-12-07 08:00,1107.98,0
2024-12-07 09:00,1108.0,0
2024-12-07 10:00,1108.0,0
2024-12-07 11:00,1108.0,0
2024-12-07 12:00,1108.0,0
2024-12-07 13:00,1108.0,0
2024-12-07 14:00,1108.0,0
2024-12-07 15:00,1108.0,0
2024-12-07 16:00,1108.0,0
2024-12-07 17:00,1108.0,0
2024-12-07 18:00,1108.0,0
2024-12-07 19:00,1108.0,0
2024-12-07 20:00,1108.0,0
2024-12-07 21:00,1108.0,0
2024-12-07 22:00,1108.0,0
2024-12-07 23:00,1108.0,0
2024-12-08 00:00,1108.0,0
2024-12-08 01:00,1108.02,0
2024-12-08 02:00,1108.07,0
2024-12-08 03:00,1108.78,0
2024-12-08 04:00,1111.24,0
2024-12-08 05:00,1115.08,0
2024-12-08 06:00,1120.64,0
2024-12-08 07:00,1124.96,0
2024-12-08 08:00,1129.38,0
2024-12-08 09:00,1131.79,0
2024-12-08 10:00,1133.78,0
2024-12-08 11:00,1136.42,0
2024-12-08 12:00,1137.88,0
2024-12-08 13:00,1139.47,0
2024-12-08 14:00,1141.2,0
2024-12-08 15:00,1144.24,0
2024-12-08 16:00,1146.5,0
2024-12-08 17:00,1148.96,0
2024-12-08 18:00,1151.66,0
2024-12-08 19:00,1154.63,0
2024-12-08 20:00,1156.56,0
2024-12-08 21:00,1158.46,0
2024-12-08 22:00,1160.35,0
2024-12-08 23:00,1161.44,0
2024-12-09 00:00,1162.7,0
2024-12-09 01:00,1163.62,0
2024-12-09 02:00,1165.03,0
2024-12-09 03:00,1166.24,0
2024-12-09 04:00,1167.45,0
2024-12-09 05:00,1168.35,0
2024-12-09 06:00,1168.7,0
2024-12-09 07:00,1168.96,0
2024-12-09 08:00,1169.52,0
2024-12-09 09:00,1170.2,0
2024-12-09 10:00,1171.26,0
2024-12-09 11:00,1173.1,0
2024-12-09 12:00,1175.04,0
2024-12-09 13:00,1176.99,0
2024-12-09 14:00,1177.95,0
2024-12-09 15:00,1178.88,0
2024-12-09 16:00,1179.94,0
2024-12-09 17:00,1181.53,0
2024-12-09 18:00,1182.67,0
2024-12-09 19:00,1183.81,0
2024-12-09 20:00,1185.61,0
2024-12-09 21:00,1186.23,0
2024-12-09 22:00,1187.09,0
2024-12-09 23:00,1188.53,0
2024-12-10 00:00,1189.34,0
2024-12-10 01:00,1189.6,0
2024-12-10 02:00,1189.78,0
2024-12-10 03:00,1190.23,0
2024-12-10 04:00,1190.88,0
2024-12-10 05:00,1191.47,0
2024-12-10 06:00,1192.02,0
2024-12-10 07:00,1192.97,0
2024-12-10 08:00,1193.2,0
2024-12-10 09:00,1193.48,0
2024-12-10 10:00,1193.77,0
2024-12-10 11:00,1194.06,0
2024-12-10 12:00,1194.28,0
2024-12-10 13:00,1194.39,0
2024-12-10 14:00,1194.54,0
2024-12-10 15:00,1194.61,0
2024-12-10 16:00,1194.66,0
2024-12-10 17:00,1194.71,0
2024-12-10 18:00,1194.91,0
2024-12-10 19:00,1195.27,0
2024-12-10 20:00,1195.92,0
2024-12-10 21:00,1196.34,0
2024-12-10 22:00,1196.98,0
2024-12-10 23:00,1197.67,0
2024-12-11 00:00,1198.16,0
2024-12-11 01:00,1198.53,0
2024-12-11 02:00,1198.8,0
2024-12-11 03:00,1198.95,0
2024-12-11 04:00,1199.09,0
2024-12-11 05:00,1199.24,0
2024-12-11 06:00,1199.4,0
2024-12-11 07:00,1199.59,0
2024-12-11 08:00,1199.84,0
2024-12-11 09:00,1200.12,0
2024-12-11 10:00,1200.49,0
2024-12-11 11:00,1200.9,0
2024-12-11 12:00,1201.89,0
2024-12-11 13:00,1203.08,0
2024-12-11 14:00,1204.0,0
2024-12-11 15:00,1204.69,0
2024-12-11 16:00,1205.12,0
2024-12-11 17:00,1205.55,0
2024-12-11 18:00,1206.22,0
2024-12-11 19:00,1206.62,0
2024-12-11 20:00,1206.73,0
2024-12-11 21:00,1206.98,0
2024-12-11 22:00,1207.17,0
2024-12-11 23:00,1207.36,0
2024-12-12 00:00,1207.62,0
2024-12-12 01:00,1207.91,0
2024-12-12 02:00,1208.11,0
2024-12-12 03:00,1208.26,0
2024-12-12 04:00,1208.34,0
2024-12-12 05:00,1208.35,0
2024-12-12 06:00,1208.36,0
2024-12-12 07:00,1208.36,0
2024-12-12 08:00,1208.37,0
2024-12-12 09:00,1208.37,0
2024-12-12 10:00,1208.37,0
2024-12-12 11:00,1208.37,0
2024-12-12 12:00,1208.37,0
2024-12-12 13:00,1208.37,0
2024-12-12 14:00,1208.37,0
2024-12-12 15:00,1208.37,0
2024-12-12 16:00,1208.37,0
2024-12-12 17:00,1208.37,0
2024-12-12 18:00,1208.37,0
2024-12-12 19:00,1208.37,0
2024-12-12 20:00,1208.37,0
2024-12-12 21:00,1208.37,0
2024-12-12 22:00,1208.37,0
2024-12-12 23:00,1208.37,0
2024-12-13 00:00,1208.39,0
2024-12-13 01:00,1208.57,0
2024-12-13 02:00,1208.81,0
2024-12-13 03:00,1208.83,0
2024-12-13 04:00,1208.83,0
2024-12-13 05:00,1208.92,0
2024-12-13 06:00,1208.99,0
2024-12-13 07:00,1209.25,0
2024-12-13 08:00,1209.33,0
2024-12-13 09:00,1209.45,0
2024-12-13 10:00,1209.51,0
2024-12-13 11:00,1209.74,0
2024-12-13 12:00,1209.8,0
2024-12-13 13:00,1210.11,0
2024-12-13 14:00,1210.19,0
2024-12-13 15:00,1210.35,0
2024-12-13 16:00,1210.52,0
2024-12-13 17:00,1210.67,0
2024-12-13 18:00,1210.9,0
2024-12-13 19:00,1211.33,0
2024-12-13 20:00,1211.48,0
2024-12-13 21:00,1212.13,0
2024-12-13 22:00,1213.3,0
2024-12-13 23:00,1214.64,0
2024-12-14 00:00,1215.39,0
2024-12-14 01:00,1216.27,0
2024-12-14 02:00,1218.73,0
2024-12-14 03:00,1221.58,0
2024-12-14 04:00,1224.03,0
2024-12-14 05:00,1225.98,0
2024-12-14 06:00,1227.33,0
2024-12-14 07:00,1227.96,0
2024-12-14 08:00,1228.07,0
2024-12-14 09:00,1228.11,0
2024-12-14 10:00,1228.12,0
2024-12-14 11:00,1228.12,0
2024-12-14 12:00,1228.16,0
2024-12-14 13:00,1228.25,0
2024-12-14 14:00,1228.44,0
2024-12-14 15:00,1228.63,0
2024-12-14 16:00,1228.87,0
2024-12-14 17:00,1229.53,0
2024-12-14 18:00,1230.4,0
2024-12-14 19:00,1231.15,0
2024-12-14 20:00,1231.98,0
2024-12-14 21:00,1232.56,0
2024-12-14 22:00,1232.97,0
2024-12-14 23:00,1233.5,0
2024-12-15 00:00,1234.11,0
2024-12-15 01:00,1234.34,0
2024-12-15 02:00,1234.38,0
2024-12-15 03:00,1234.47,0
2024-12-15 04:00,1234.66,0
2024-12-15 05:00,1234.84,0
2024-12-15 06:00,1234.91,0
2024-12-15 07:00,1234.92,0
2024-12-15 08:00,1235.38,0
2024-12-15 09:00,1235.39,0
2024-12-15 10:00,1235.39,0
2024-12-15 11:00,1235.43,0
2024-12-15 12:00,1235.46,0
2024-12-15 13:00,1235.48,0
2024-12-15 14:00,1235.5,0
2024-12-15 15:00,1235.51,0
2024-12-15 16:00,1235.52,0
2024-12-15 17:00,1235.52,0
2024-12-15 18:00,1235.52,0
2024-12-15 19:00,1235.52,0
2024-12-15 20:00,1235.52,0
2024-12-15 21:00,1235.52,0
2024-12-15 22:00,1235.52,0
2024-12-15 23:00,1235.52,0
2024-12-16 00:00,1235.52,0
2024-12-16 01:00,1235.52,0
2024-12-16 02:00,1235.52,0
2024-12-16 03:00,1235.52,0
2024-12-16 04:00,1235.52,0
2024-12-16 05:00,1235.52,0
2024-12-16 06:00,1235.52,0
2024-12-16 07:00,1235.52,0
2024-12-16 08:00,1235.52,0
2024-12-16 09:00,1235.52,0
2024-12-16 10:00,1235.52,0
2024-12-16 11:00,1235.52,0
2024-12-16 12:00,1235.52,0
2024-12-16 13:00,1235.52,0
2024-12-16 14:00,1235.52,0
2024-12-16 15:00,1235.52,0
2024-12-16 16:00,1235.52,0
2024-12-16 17:00,1235.52,0
2024-12-16 18:00,1235.52,0
2024-12-16 19:00,1235.52,0
2024-12-16 20:00,1235.52,0
2024-12-16 21:00,1235.52,0
2024-12-16 22:00,1235.52,0
2024-12-16 23:00,1235.52,0
2024-12-17 00:00,1235.52,0
2024-12-17 01:00,1235.52,0
2024-12-17 02:00,1235.52,0
2024-12-17 03:00,1235.52,0
2024-12-17 04:00,1235.52,0
2024-12-17 05:00,1235.52,0
2024-12-17 06:00,1235.52,0
2024-12-17 07:00,1235.52,0
2024-12-17 08:00,1235.52,0
2024-12-17 09:00,1235.52,0
2024-12-17 10:00,1235.52,0
2024-12-17 11:00,1235.52,0
2024-12-17 12:00,1235.52,0
2024-12-17 13:00,1235.52,0
2024-12-17 14:00,1235.52,0
2024-12-17 15:00,1235.52,0
2024-12-17 16:00,1235.52,0
2024-12-17 17:00,1235.52,0
2024-12-17 18:00,1235.52,0
2024-12-17 19:00,1235.52,0
2024-12-17 20:00,1235.52,0
2024-12-17 21:00,1235.52,0
2024-12-17 22:00,1235.52,0
2024-12-17 23:00,1235.52,0
2024-12-18 00:00,1235.52,0
2024-12-18 01:00,1235.52,0
2024-12-18 02:00,1235.52,0
2024-12-18 03:00,1235.52,0
2024-12-18 04:00,1235.52,0
2024-12-18 05:00,1235.52,0
2024-12-18 06:00,1235.52,0
2024-12-18 07:00,1235.52,0
2024-12-18 08:00,1235.52,0
2024-12-18 09:00,1235.53,0
2024-12-18 10:00,1235.54,0
2024-12-18 11:00,1235.55,0
2024-12-18 12:00,1235.55,0
2024-12-18 13:00,1235.56,0
2024-12-18 14:00,1235.56,0
2024-12-18 15:00,1235.56,0
2024-12-18 16:00,1235.56,0
2024-12-18 17:00,1235.56,0
2024-12-18 18:00,1235.56,0
2024-12-18 19:00,1235.56,0
2024-12-18 20:00,1235.56,0
2024-12-18 21:00,1235.56,0
2024-12-18 22:00,1235.56,0
2024-12-18 23:00,1235.56,0
2024-12-19 00:00,1235.56,0
2024-12-19 01:00,1235.57,0
2024-12-19 02:00,1235.57,0
2024-12-19 03:00,1235.59,0
2024-12-19 04:00,1235.59,0
2024-12-19 05:00,1235.59,0
2024-12-19 06:00,1235.59,0
2024-12-19 07:00,1235.6,0
2024-12-19 08:00,1235.6,0
2024-12-19 09:00,1235.6,0
2024-12-19 10:00,1235.62,0
2024-12-19 11:00,1235.69,0
2024-12-19 12:00,1235.76,0
2024-12-19 13:00,1235.81,0
2024-12-19 14:00,1235.85,0
2024-12-19 15:00,1235.92,0
2024-12-19 16:00,1235.99,0
2024-12-19 17:00,1236.21,0
2024-12-19 18:00,1236.58,0
2024-12-19 19:00,1236.85,0
2024-12-19 20:00,1237.14,0
2024-12-19 21:00,1237.29,0
2024-12-19 22:00,1237.45,0
2024-12-19 23:00,1237.7,0
2024-12-20 00:00,1238.19,0
2024-12-20 01:00,1238.8,0
2024-12-20 02:00,1239.69,0
2024-12-20 03:00,1240.75,0
2024-12-20 04:00,1242.39,0
2024-12-20 05:00,1244.61,0
2024-12-20 06:00,1246.73,0
2024-12-20 07:00,1247.98,0
2024-12-20 08:00,1248.28,0
2024-12-20 09:00,1248.31,0
2024-12-20 10:00,1248.31,0
2024-12-20 11:00,1248.31,0
2024-12-20 12:00,1248.65,0
2024-12-20 13:00,1249.16,0
2024-12-20 14:00,1249.45,0
2024-12-20 15:00,1250.3,0
2024-12-20 16:00,1251.07,0
2024-12-20 17:00,1251.51,0
2024-12-20 18:00,1252.32,0
2024-12-20 19:00,1253.02,0
2024-12-20 20:00,1253.4,0
2024-12-20 21:00,1253.42,0
2024-12-20 22:00,1253.43,0
2024-12-20 23:00,1253.62,0
2024-12-21 00:00,1253.87,0
2024-12-21 01:00,1254.07,0
2024-12-21 02:00,1254.22,0
2024-12-21 03:00,1254.29,0
2024-12-21 04:00,1254.31,0
2024-12-21 05:00,1254.32,0
2024-12-21 06:00,1254.32,0
2024-12-21 07:00,1254.32,0
2024-12-21 08:00,1254.32,0
2024-12-21 09:00,1254.32,0
2024-12-21 10:00,1254.32,0
2024-12-21 11:00,1254.32,0
2024-12-21 12:00,1254.32,0
2024-12-21 13:00,1254.32,0
2024-12-21 14:00,1254.32,0
2024-12-21 15:00,1254.32,0
2024-12-21 16:00,1254.32,0
2024-12-21 17:00,1254.32,0
2024-12-21 18:00,1254.32,0
2024-12-21 19:00,1254.32,0
2024-12-21 20:00,1254.32,0
2024-12-21 21:00,1254.32,0
2024-12-21 22:00,1254.32,0
2024-12-21 23:00,1254.32,0
2024-12-22 00:00,1254.32,0
2024-12-22 01:00,1254.32,0
2024-12-22 02:00,1254.32,0
2024-12-22 03:00,1254.32,0
2024-12-22 04:00,1254.32,0
2024-12-22 05:00,1254.32,0
2024-12-22 06:00,1254.32,0
2024-12-22 07:00,1254.32,0
2024-12-22 08:00,1254.32,0
2024-12-22 09:00,1254.32,0
2024-12-22 10:00,1254.32,0
2024-12-22 11:00,1254.32,0
2024-12-22 12:00,1254.32,0
2024-12-22 13:00,1254.32,0
2024-12-22 14:00,1254.32,0
2024-12-22 15:00,1254.34,0
2024-12-22 16:00,1254.42,0
2024-12-22 17:00,1254.52,0
2024-12-22 18:00,1254.86,0
2024-12-22 19:00,1256.11,0
2024-12-22 20:00,1257.66,0
2024-12-22 21:00,1260.47,0
2024-12-22 22:00,1264.73,0
2024-12-22 23:00,1267.89,0
2024-12-23 00:00,1269.87,0
2024-12-23 01:00,1272.55,0
2024-12-23 02:00,1275.88,0
2024-12-23 03:00,1278.36,0
2024-12-23 04:00,1280.76,0
2024-12-23 05:00,1282.26,0
2024-12-23 06:00,1283.23,0
2024-12-23 07:00,1284.12,0
2024-12-23 08:00,1284.71,0
2024-12-23 09:00,1285.8,0
2024-12-23 10:00,1287.78,0
2024-12-23 11:00,1288.86,0
2024-12-23 12:00,1290.15,0
2024-12-23 13:00,1291.0,0
2024-12-23 14:00,1291.57,0
2024-12-23 15:00,1291.78,0
2024-12-23 16:00,1291.95,0
2024-12-23 17:00,1292.09,0
2024-12-23 18:00,1292.21,0
2024-12-23 19:00,1292.34,0
2024-12-23 20:00,1292.39,0
2024-12-23 21:00,1292.4,0
2024-12-23 22:00,1292.4,0
2024-12-23 23:00,1292.42,0
2024-12-24 00:00,1292.49,0
2024-12-24 01:00,1292.61,0
2024-12-24 02:00,1292.82,0
2024-12-24 03:00,1292.99,0
2024-12-24 04:00,1293.12,0
2024-12-24 05:00,1293.31,0
2024-12-24 06:00,1293.47,0
2024-12-24 07:00,1293.65,0
2024-12-24 08:00,1293.69,0
2024-12-24 09:00,1293.71,0
2024-12-24 10:00,1293.74,0
2024-12-24 11:00,1293.8,0
2024-12-24 12:00,1293.89,0
2024-12-24 13:00,1293.98,0
2024-12-24 14:00,1294.03,0
2024-12-24 15:00,1294.07,0
2024-12-24 16:00,1294.1,0
2024-12-24 17:00,1294.18,0
2024-12-24 18:00,1294.26,0
2024-12-24 19:00,1294.39,0
2024-12-24 20:00,1294.49,0
2024-12-24 21:00,1294.53,0
2024-12-24 22:00,1294.6,0
2024-12-24 23:00,1294.63,0
2024-12-25 00:00,1294.68,0
2024-12-25 01:00,1294.73,0
2024-12-25 02:00,1294.76,0
2024-12-25 03:00,1294.77,0
2024-12-25 04:00,1294.78,0
2024-12-25 05:00,1294.8,0
2024-12-25 06:00,1294.81,0
2024-12-25 07:00,1294.82,0
2024-12-25 08:00,1294.82,0
2024-12-25 09:00,1294.82,0
2024-12-25 10:00,1294.82,0
2024-12-25 11:00,1294.82,0
2024-12-25 12:00,1294.82,0
2024-12-25 13:00,1294.84,0
2024-12-25 14:00,1294.85,0
2024-12-25 15:00,1294.85,0
2024-12-25 16:00,1294.85,0
2024-12-25 17:00,1294.85,0
2024-12-25 18:00,1294.85,0
2024-12-25 19:00,1294.85,0
2024-12-25 20:00,1294.85,0
2024-12-25 21:00,1294.85,0
2024-12-25 22:00,1294.85,0
2024-12-25 23:00,1294.85,0
2024-12-26 00:00,1294.85,0
2024-12-26 01:00,1294.85,0
2024-12-26 02:00,1294.86,0
2024-12-26 03:00,1294.86,0
2024-12-26 04:00,1294.86,0
2024-12-26 05:00,1294.86,0
2024-12-26 06:00,1294.86,0
2024-12-26 07:00,1294.86,0
2024-12-26 08:00,1294.88,0
2024-12-26 09:00,1295.04,0
2024-12-26 10:00,1295.04,0
2024-12-26 11:00,1295.04,0
2024-12-26 12:00,1295.04,0
2024-12-26 13:00,1295.04,0
2024-12-26 14:00,1295.04,0
2024-12-26 15:00,1295.04,0
2024-12-26 16:00,1295.04,0
2024-12-26 17:00,1295.04,0
2024-12-26 18:00,1295.04,0
2024-12-26 19:00,1295.04,0
2024-12-26 20:00,1295.04,0
2024-12-26 21:00,1295.04,0
2024-12-26 22:00,1295.04,0
2024-12-26 23:00,1295.04,0
2024-12-27 00:00,1295.04,0
2024-12-27 01:00,1295.04,0
2024-12-27 02:00,1295.04,0
2024-12-27 03:00,1295.04,0
2024-12-27 04:00,1295.04,0
2024-12-27 05:00,1295.04,0
2024-12-27 06:00,1295.04,0
2024-12-27 07:00,1295.04,0
2024-12-27 08:00,1295.04,0
2024-12-27 09:00,1295.04,0
2024-12-27 10:00,1295.04,0
2024-12-27 11:00,1295.04,0
2024-12-27 12:00,1295.04,0
2024-12-27 13:00,1295.04,0
2024-12-27 14:00,1295.04,0
2024-12-27 15:00,1295.04,0
2024-12-27 16:00,1295.04,0
2024-12-27 17:00,1295.04,0
2024-12-27 18:00,1295.04,0
2024-12-27 19:00,1295.04,0
2024-12-27 20:00,1295.04,0
2024-12-27 21:00,1295.04,0
2024-12-27 22:00,1295.04,0
2024-12-27 23:00,1295.04,0
2024-12-28 00:00,1295.04,0
2024-12-28 01:00,1295.04,0
2024-12-28 02:00,1295.04,0
2024-12-28 03:00,1295.04,0
2024-12-28 04:00,1295.04,0
2024-12-28 05:00,1295.04,0
2024-12-28 06:00,1295.04,0
2024-12-28 07:00,1295.04,0
2024-12-28 08:00,1295.04,0
2024-12-28 09:00,1295.04,0
2024-12-28 10:00,1295.04,0
2024-12-28 11:00,1295.04,0
2024-12-28 12:00,1295.04,0
2024-12-28 13:00,1295.04,0
2024-12-28 14:00,1295.04,0
2024-12-28 15:00,1295.04,0
2024-12-28 16:00,1295.04,0
2024-12-28 17:00,1295.04,0
2024-12-28 18:00,1295.04,0
2024-12-28 19:00,1295.04,0
2024-12-28 20:00,1295.04,0
2024-12-28 21:00,1295.04,0
2024-12-28 22:00,1295.04,0
2024-12-28 23:00,1295.04,0
2024-12-29 00:00,1295.04,0
2024-12-29 01:00,1295.04,0
2024-12-29 02:00,1295.04,0
2024-12-29 03:00,1295.04,0
2024-12-29 04:00,1295.04,0
2024-12-29 05:00,1295.04,0
2024-12-29 06:00,1295.04,0
2024-12-29 07:00,1295.04,0
2024-12-29 08:00,1295.04,0
2024-12-29 09:00,1295.04,0
2024-12-29 10:00,1295.04,0
2024-12-29 11:00,1295.04,0
2024-12-29 12:00,1295.04,0
2024-12-29 13:00,1295.04,0
2024-12-29 14:00,1295.04,0
2024-12-29 15:00,1295.04,0
2024-12-29 16:00,1295.04,0
2024-12-29 17:00,1295.04,0
2024-12-29 18:00,1295.04,0
2024-12-29 19:00,1295.04,0
2024-12-29 20:00,1295.04,0
2024-12-29 21:00,1295.05,0
2024-12-29 22:00,1295.05,0
2024-12-29 23:00,1295.05,0
2024-12-30 00:00,1295.05,0
2024-12-30 01:00,1295.05,0
2024-12-30 02:00,1295.05,0
2024-12-30 03:00,1295.05,0
2024-12-30 04:00,1295.05,0
2024-12-30 05:00,1295.05,0
2024-12-30 06:00,1295.05,0
2024-12-30 07:00,1295.05,0
2024-12-30 08:00,1295.05,0
2024-12-30 09:00,1295.05,0
2024-12-30 10:00,1295.05,0
2024-12-30 11:00,1295.05,0
2024-12-30 12:00,1295.05,0
2024-12-30 13:00,1295.05,0
2024-12-30 14:00,1295.05,0
2024-12-30 15:00,1295.05,0
2024-12-30 16:00,1295.05,0
2024-12-30 17:00,1295.05,0
2024-12-30 18:00,1295.05,0
2024-12-30 19:00,1295.05,0
2024-12-30 20:00,1295.05,0
2024-12-30 21:00,1295.05,0
2024-12-30 22:00,1295.05,0
2024-12-30 23:00,1295.05,0
2024-12-31 00:00,1295.05,0
2024-12-31 01:00,1295.05,0
2024-12-31 02:00,1295.05,0
2024-12-31 03:00,1295.05,0
2024-12-31 04:00,1295.05,0
2024-12-31 05:00,1295.05,0
2024-12-31 06:00,1295.05,0
2024-12-31 07:00,1295.05,0
2024-12-31 08:00,1295.05,0
2024-12-31 09:00,1295.05,0
2024-12-31 10:00,1295.05,0
2024-12-31 11:00,1295.05,0
2024-12-31 12:00,1295.05,0
2024-12-31 13:00,1295.05,0
2024-12-31 14:00,1295.05,0
2024-12-31 15:00,1295.05,0
2024-12-31 16:00,1295.05,0
2024-12-31 17:00,1295.05,0
2024-12-31 18:00,1295.05,0
2024-12-31 19:00,1295.05,0
2024-12-31 20:00,1295.05,0
2024-12-31 21:00,1295.05,0
2024-12-31 22:00,1295.05,0
2024-12-31 23:00,1295.05,0
