time,value,flag
2025-01-01 00:00,1209.66,1
2025-01-01 01:00,0.0,0
2025-01-01 02:00,0.0,0
2025-01-01 03:00,0.0,0
2025-01-01 04:00,0.0,0
2025-01-01 05:00,0.0,0
2025-01-01 06:00,0.0,0
2025-01-01 07:00,0.0,0
2025-01-01 08:00,0.0,0
2025-01-01 09:00,0.0,0
2025-01-01 10:00,0.0,0
2025-01-01 11:00,0.0,0
2025-01-01 12:00,0.0,0
2025-01-01 13:00,0.0,0
2025-01-01 14:00,0.0,0
2025-01-01 15:00,0.0,0
2025-01-01 16:00,0.0,0
2025-01-01 17:00,0.0,0
2025-01-01 18:00,0.0,0
2025-01-01 19:00,0.0,0
2025-01-01 20:00,0.0,0
2025-01-01 21:00,0.0,0
2025-01-01 22:00,0.0,0
2025-01-01 23:00,0.0,0
2025-01-02 00:00,0.0,0
2025-01-02 01:00,0.0,0
2025-01-02 02:00,0.0,0
2025-01-02 03:00,0.0,0
2025-01-02 04:00,0.0,0
2025-01-02 05:00,0.0,0
2025-01-02 06:00,0.0,0
2025-01-02 07:00,0.01,0
2025-01-02 08:00,0.02,0
2025-01-02 09:00,0.04,0
2025-01-02 10:00,0.04,0
2025-01-02 11:00,0.05,0
2025-01-02 12:00,0.05,0
2025-01-02 13:00,0.05,0
2025-01-02 14:00,0.06,0
2025-01-02 15:00,0.07,0
2025-01-02 16:00,0.09,0
2025-01-02 17:00,0.13,0
2025-01-02 18:00,0.18,0
2025-01-02 19:00,0.24,0
2025-01-02 20:00,0.27,0
2025-01-02 21:00,0.3,0
2025-01-02 22:00,0.38,0
2025-01-02 23:00,0.49,0
2025-01-03 00:00,0.55,0
2025-01-03 01:00,0.64,0
2025-01-03 02:00,0.76,0
2025-01-03 03:00,0.87,0
2025-01-03 04:00,1.07,0
2025-01-03 05:00,1.22,0
2025-01-03 06:00,1.39,0
2025-01-03 07:00,1.49,0
2025-01-03 08:00,1.65,0
2025-01-03 09:00,1.88,0
2025-01-03 10:00,2.14,0
2025-01-03 11:00,2.61,0
2025-01-03 12:00,3.62,0
2025-01-03 13:00,4.48,0
2025-01-03 14:00,5.1,0
2025-01-03 15:00,5.76,0
2025-01-03 16:00,6.34,0
2025-01-03 17:00,7.46,0
2025-01-03 18:00,8.38,0
2025-01-03 19:00,9.24,0
2025-01-03 20:00,10.16,0
2025-01-03 21:00,11.17,0
2025-01-03 22:00,12.34,0
2025-01-03 23:00,13.34,0
2025-01-04 00:00,14.46,0
2025-01-04 01:00,15.58,0
2025-01-04 02:00,16.5,0
2025-01-04 03:00,17.37,0
2025-01-04 04:00,18.2,0
2025-01-04 05:00,19.07,0
2025-01-04 06:00,19.35,0
2025-01-04 07:00,19.46,0
2025-01-04 08:00,19.48,0
2025-01-04 09:00,19.5,0
2025-01-04 10:00,19.54,0
2025-01-04 11:00,19.55,0
2025-01-04 12:00,19.55,0
2025-01-04 13:00,19.55,0
2025-01-04 14:00,19.55,0
2025-01-04 15:00,19.55,0
2025-01-04 16:00,19.55,0
2025-01-04 17:00,19.55,0
2025-01-04 18:00,19.55,0
2025-01-04 19:00,19.55,0
2025-01-04 20:00,19.56,0
2025-01-04 21:00,19.56,0
2025-01-04 22:00,19.57,0
2025-01-04 23:00,19.57,0
2025-01-05 00:00,19.58,0
2025-01-05 01:00,19.59,0
2025-01-05 02:00,19.6,0
2025-01-05 03:00,19.61,0
2025-01-05 04:00,19.64,0
2025-01-05 05:00,19.66,0
2025-01-05 06:00,19.7,0
2025-01-05 07:00,19.7,0
2025-01-05 08:00,19.72,0
2025-01-05 09:00,19.74,0
2025-01-05 10:00,19.75,0
2025-01-05 11:00,19.75,0
2025-01-05 12:00,19.75,0
2025-01-05 13:00,19.76,0
2025-01-05 14:00,19.76,0
2025-01-05 15:00,19.76,0
2025-01-05 16:00,19.76,0
2025-01-05 17:00,19.76,0
2025-01-05 18:00,19.76,0
2025-01-05 19:00,19.77,0
2025-01-05 20:00,19.79,0
2025-01-05 21:00,19.81,0
2025-01-05 22:00,19.84,0
2025-01-05 23:00,19.85,0
2025-01-06 00:00,19.89,0
2025-01-06 01:00,19.91,0
2025-01-06 02:00,19.93,0
2025-01-06 03:00,19.93,0
2025-01-06 04:00,19.94,0
2025-01-06 05:00,19.95,0
2025-01-06 06:00,19.97,0
2025-01-06 07:00,19.98,0
2025-01-06 08:00,19.98,0
2025-01-06 09:00,19.98,0
2025-01-06 10:00,19.98,0
2025-01-06 11:00,19.98,0
2025-01-06 12:00,19.98,0
2025-01-06 13:00,19.98,0
2025-01-06 14:00,19.98,0
2025-01-06 15:00,19.98,0
2025-01-06 16:00,19.98,0
2025-01-06 17:00,19.98,0
2025-01-06 18:00,19.98,0
2025-01-06 19:00,19.98,0
2025-01-06 20:00,19.98,0
2025-01-06 21:00,19.98,0
2025-01-06 22:00,19.98,0
2025-01-06 23:00,19.99,0
2025-01-07 00:00,20.0,0
2025-01-07 01:00,20.02,0
2025-01-07 02:00,20.03,0
2025-01-07 03:00,20.05,0
2025-01-07 04:00,20.08,0
2025-01-07 05:00,20.14,0
2025-01-07 06:00,20.2,0
2025-01-07 07:00,20.28,0
2025-01-07 08:00,20.35,0
2025-01-07 09:00,20.4,0
2025-01-07 10:00,20.49,0
2025-01-07 11:00,20.57,0
2025-01-07 12:00,20.72,0
2025-01-07 13:00,21.73,0
2025-01-07 14:00,22.8,0
2025-01-07 15:00,25.57,0
2025-01-07 16:00,27.85,0
2025-01-07 17:00,29.07,0
2025-01-07 18:00,29.62,0
2025-01-07 19:00,29.75,0
2025-01-07 20:00,30.03,0
2025-01-07 21:00,30.22,0
2025-01-07 22:00,30.35,0
2025-01-07 23:00,30.46,0
2025-01-08 00:00,30.57,0
2025-01-08 01:00,30.75,0
2025-01-08 02:00,30.85,0
2025-01-08 03:00,30.95,0
2025-01-08 04:00,31.12,0
2025-01-08 05:00,31.25,0
2025-01-08 06:00,31.32,0
2025-01-08 07:00,31.38,0
2025-01-08 08:00,31.48,0
2025-01-08 09:00,31.52,0
2025-01-08 10:00,31.54,0
2025-01-08 11:00,31.6,0
2025-01-08 12:00,31.63,0
2025-01-08 13:00,31.63,0
2025-01-08 14:00,31.64,0
2025-01-08 15:00,31.68,0
2025-01-08 16:00,31.74,0
2025-01-08 17:00,31.8,0
2025-01-08 18:00,31.86,0
2025-01-08 19:00,31.9,0
2025-01-08 20:00,31.91,0
2025-01-08 21:00,31.92,0
2025-01-08 22:00,31.92,0
2025-01-08 23:00,31.92,0
2025-01-09 00:00,31.92,0
2025-01-09 01:00,31.93,0
2025-01-09 02:00,31.93,0
2025-01-09 03:00,31.94,0
2025-01-09 04:00,31.98,0
2025-01-09 05:00,32.01,0
2025-01-09 06:00,32.04,0
2025-01-09 07:00,32.24,0
2025-01-09 08:00,32.61,0
2025-01-09 09:00,33.23,0
2025-01-09 10:00,33.83,0
2025-01-09 11:00,34.6,0
2025-01-09 12:00,35.2,0
2025-01-09 13:00,35.71,0
2025-01-09 14:00,36.06,0
2025-01-09 15:00,36.23,0
2025-01-09 16:00,36.31,0
2025-01-09 17:00,36.7,0
2025-01-09 18:00,36.98,0
2025-01-09 19:00,37.29,0
2025-01-09 20:00,37.55,0
2025-01-09 21:00,37.81,0
2025-01-09 22:00,38.07,0
2025-01-09 23:00,38.36,0
2025-01-10 00:00,38.63,0
2025-01-10 01:00,38.8,0
2025-01-10 02:00,38.94,0
2025-01-10 03:00,39.03,0
2025-01-10 04:00,39.08,0
2025-01-10 05:00,39.14,0
2025-01-10 06:00,39.24,0
2025-01-10 07:00,39.41,0
2025-01-10 08:00,39.59,0
2025-01-10 09:00,39.86,0
2025-01-10 10:00,40.14,0
2025-01-10 11:00,40.31,0
2025-01-10 12:00,40.4,0
2025-01-10 13:00,40.46,0
2025-01-10 14:00,40.5,0
2025-01-10 15:00,40.51,0
2025-01-10 16:00,40.52,0
2025-01-10 17:00,40.52,0
2025-01-10 18:00,40.52,0
2025-01-10 19:00,40.52,0
2025-01-10 20:00,40.52,0
2025-01-10 21:00,40.52,0
2025-01-10 22:00,40.53,0
2025-01-10 23:00,40.55,0
2025-01-11 00:00,40.58,0
2025-01-11 01:00,40.6,0
2025-01-11 02:00,40.61,0
2025-01-11 03:00,40.62,0
2025-01-11 04:00,40.7,0
2025-01-11 05:00,40.74,0
2025-01-11 06:00,40.8,0
2025-01-11 07:00,40.85,0
2025-01-11 08:00,40.88,0
2025-01-11 09:00,40.91,0
2025-01-11 10:00,40.94,0
2025-01-11 11:00,40.99,0
2025-01-11 12:00,41.18,0
2025-01-11 13:00,41.49,0
2025-01-11 14:00,42.33,0
2025-01-11 15:00,43.75,0
2025-01-11 16:00,45.02,0
2025-01-11 17:00,46.34,0
2025-01-11 18:00,47.77,0
2025-01-11 19:00,49.32,0
2025-01-11 20:00,52.75,0
2025-01-11 21:00,56.08,0
2025-01-11 22:00,58.83,0
2025-01-11 23:00,61.14,0
2025-01-12 00:00,63.16,0
2025-01-12 01:00,65.5,0
2025-01-12 02:00,68.18,0
2025-01-12 03:00,70.81,0
2025-01-12 04:00,74.07,0
2025-01-12 05:00,77.44,0
2025-01-12 06:00,81.01,0
2025-01-12 07:00,84.31,0
2025-01-12 08:00,87.19,0
2025-01-12 09:00,89.48,0
2025-01-12 10:00,91.41,0
2025-01-12 11:00,93.27,0
2025-01-12 12:00,94.67,0
2025-01-12 13:00,95.46,0
2025-01-12 14:00,95.92,0
2025-01-12 15:00,96.37,0
2025-01-12 16:00,96.9,0
2025-01-12 17:00,97.43,0
2025-01-12 18:00,97.91,0
2025-01-12 19:00,98.24,0
2025-01-12 20:00,98.45,0
2025-01-12 21:00,98.57,0
2025-01-12 22:00,98.62,0
2025-01-12 23:00,98.64,0
2025-01-13 00:00,98.64,0
2025-01-13 01:00,98.66,0
2025-01-13 02:00,98.72,0
2025-01-13 03:00,98.78,0
2025-01-13 04:00,98.86,0
2025-01-13 05:00,98.96,0
2025-01-13 06:00,99.04,0
2025-01-13 07:00,99.19,0
2025-01-13 08:00,99.22,0
2025-01-13 09:00,99.25,0
2025-01-13 10:00,99.28,0
2025-01-13 11:00,99.32,0
2025-01-13 12:00,99.34,0
2025-01-13 13:00,99.35,0
2025-01-13 14:00,99.36,0
2025-01-13 15:00,99.37,0
2025-01-13 16:00,99.38,0
2025-01-13 17:00,99.4,0
2025-01-13 18:00,99.41,0
2025-01-13 19:00,99.42,0
2025-01-13 20:00,99.44,0
2025-01-13 21:00,99.46,0
2025-01-13 22:00,99.47,0
2025-01-13 23:00,99.47,0
2025-01-14 00:00,99.48,0
2025-01-14 01:00,99.48,0
2025-01-14 02:00,99.48,0
2025-01-14 03:00,99.48,0
2025-01-14 04:00,99.49,0
2025-01-14 05:00,99.49,0
2025-01-14 06:00,99.49,0
2025-01-14 07:00,99.49,0
2025-01-14 08:00,99.49,0
2025-01-14 09:00,99.49,0
2025-01-14 10:00,99.49,0
2025-01-14 11:00,99.49,0
2025-01-14 12:00,99.49,0
2025-01-14 13:00,99.49,0
2025-01-14 14:00,99.49,0
2025-01-14 15:00,99.49,0
2025-01-14 16:00,99.49,0
2025-01-14 17:00,99.49,0
2025-01-14 18:00,99.49,0
2025-01-14 19:00,99.49,0
2025-01-14 20:00,99.49,0
2025-01-14 21:00,99.49,0
2025-01-14 22:00,99.49,0
2025-01-14 23:00,99.49,0
2025-01-15 00:00,99.49,0
2025-01-15 01:00,99.49,0
2025-01-15 02:00,99.49,0
2025-01-15 03:00,99.49,0
2025-01-15 04:00,99.49,0
2025-01-15 05:00,99.49,0
2025-01-15 06:00,99.49,0
2025-01-15 07:00,99.49,0
2025-01-15 08:00,99.49,0
2025-01-15 09:00,99.49,0
2025-01-15 10:00,99.49,0
2025-01-15 11:00,99.49,0
2025-01-15 12:00,99.49,0
2025-01-15 13:00,99.49,0
2025-01-15 14:00,99.49,0
2025-01-15 15:00,99.49,0
2025-01-15 16:00,99.49,0
2025-01-15 17:00,99.49,0
2025-01-15 18:00,99.49,0
2025-01-15 19:00,99.49,0
2025-01-15 20:00,99.49,0
2025-01-15 21:00,99.49,0
2025-01-15 22:00,99.49,0
2025-01-15 23:00,99.5,0
2025-01-16 00:00,99.53,0
2025-01-16 01:00,99.67,0
2025-01-16 02:00,99.9,0
2025-01-16 03:00,100.03,0
2025-01-16 04:00,100.06,0
2025-01-16 05:00,100.1,0
2025-01-16 06:00,100.36,0
2025-01-16 07:00,100.66,0
2025-01-16 08:00,100.81,0
2025-01-16 09:00,100.88,0
2025-01-16 10:00,100.88,0
2025-01-16 11:00,100.89,0
2025-01-16 12:00,100.89,0
2025-01-16 13:00,100.89,0
2025-01-16 14:00,100.89,0
2025-01-16 15:00,100.89,0
2025-01-16 16:00,100.89,0
2025-01-16 17:00,100.89,0
2025-01-16 18:00,100.89,0
2025-01-16 19:00,100.89,0
2025-01-16 20:00,100.89,0
2025-01-16 21:00,100.89,0
2025-01-16 22:00,100.89,0
2025-01-16 23:00,100.89,0
2025-01-17 00:00,100.89,0
2025-01-17 01:00,100.89,0
2025-01-17 02:00,100.89,0
2025-01-17 03:00,100.89,0
2025-01-17 04:00,100.89,0
2025-01-17 05:00,100.89,0
2025-01-17 06:00,100.89,0
2025-01-17 07:00,100.9,0
2025-01-17 08:00,100.9,0
2025-01-17 09:00,100.97,0
2025-01-17 10:00,100.97,0
2025-01-17 11:00,100.98,0
2025-01-17 12:00,100.99,0
2025-01-17 13:00,100.99,0
2025-01-17 14:00,101.05,0
2025-01-17 15:00,101.24,0
2025-01-17 16:00,101.36,0
2025-01-17 17:00,101.51,0
2025-01-17 18:00,101.57,0
2025-01-17 19:00,101.6,0
2025-01-17 20:00,101.63,0
2025-01-17 21:00,101.64,0
2025-01-17 22:00,101.96,0
2025-01-17 23:00,102.29,0
2025-01-18 00:00,102.59,0
2025-01-18 01:00,102.99,0
2025-01-18 02:00,103.43,0
2025-01-18 03:00,104.35,0
2025-01-18 04:00,105.39,0
2025-01-18 05:00,106.83,0
2025-01-18 06:00,109.22,0
2025-01-18 07:00,111.63,0
2025-01-18 08:00,112.38,0
2025-01-18 09:00,112.86,0
2025-01-18 10:00,113.21,0
2025-01-18 11:00,113.61,0
2025-01-18 12:00,113.91,0
2025-01-18 13:00,114.08,0
2025-01-18 14:00,114.16,0
2025-01-18 15:00,114.22,0
2025-01-18 16:00,114.25,0
2025-01-18 17:00,114.27,0
2025-01-18 18:00,114.27,0
2025-01-18 19:00,114.27,0
2025-01-18 20:00,114.27,0
2025-01-18 21:00,114.27,0
2025-01-18 22:00,114.27,0
2025-01-18 23:00,114.28,0
2025-01-19 00:00,114.28,0
2025-01-19 01:00,114.29,0
2025-01-19 02:00,114.29,0
2025-01-19 03:00,114.3,0
2025-01-19 04:00,114.3,0
2025-01-19 05:00,114.3,0
2025-01-19 06:00,114.3,0
2025-01-19 07:00,114.3,0
2025-01-19 08:00,114.3,0
2025-01-19 09:00,114.3,0
2025-01-19 10:00,114.3,0
2025-01-19 11:00,114.3,0
2025-01-19 12:00,114.3,0
2025-01-19 13:00,114.31,0
2025-01-19 14:00,114.36,0
2025-01-19 15:00,114.37,0
2025-01-19 16:00,114.42,0
2025-01-19 17:00,114.45,0
2025-01-19 18:00,114.45,0
2025-01-19 19:00,114.46,0
2025-01-19 20:00,114.46,0
2025-01-19 21:00,114.46,0
2025-01-19 22:00,114.46,0
2025-01-19 23:00,114.46,0
2025-01-20 00:00,114.46,0
2025-01-20 01:00,114.46,0
2025-01-20 02:00,114.46,0
2025-01-20 03:00,114.46,0
2025-01-20 04:00,114.46,0
2025-01-20 05:00,114.46,0
2025-01-20 06:00,114.46,0
2025-01-20 07:00,114.46,0
2025-01-20 08:00,114.46,0
2025-01-20 09:00,114.46,0
2025-01-20 10:00,114.46,0
2025-01-20 11:00,114.46,0
2025-01-20 12:00,114.46,0
2025-01-20 13:00,114.46,0
2025-01-20 14:00,114.47,0
2025-01-20 15:00,114.47,0
2025-01-20 16:00,114.47,0
2025-01-20 17:00,114.47,0
2025-01-20 18:00,114.48,0
2025-01-20 19:00,114.5,0
2025-01-20 20:00,114.66,0
2025-01-20 21:00,115.02,0
2025-01-20 22:00,115.48,0
2025-01-20 23:00,115.75,0
2025-01-21 00:00,115.98,0
2025-01-21 01:00,116.42,0
2025-01-21 02:00,116.7,0
2025-01-21 03:00,117.11,0
2025-01-21 04:00,117.36,0
2025-01-21 05:00,117.56,0
2025-01-21 06:00,117.68,0
2025-01-21 07:00,117.76,0
2025-01-21 08:00,118.01,0
2025-01-21 09:00,118.22,0
2025-01-21 10:00,118.31,0
2025-01-21 11:00,118.64,0
2025-01-21 12:00,119.29,0
2025-01-21 13:00,119.94,0
2025-01-21 14:00,120.32,0
2025-01-21 15:00,120.73,0
2025-01-21 16:00,120.99,0
2025-01-21 17:00,121.12,0
2025-01-21 18:00,121.19,0
2025-01-21 19:00,121.23,0
2025-01-21 20:00,121.24,0
2025-01-21 21:00,121.27,0
2025-01-21 22:00,121.29,0
2025-01-21 23:00,121.31,0
2025-01-22 00:00,121.32,0
2025-01-22 01:00,121.34,0
2025-01-22 02:00,121.38,0
2025-01-22 03:00,121.43,0
2025-01-22 04:00,121.49,0
2025-01-22 05:00,121.58,0
2025-01-22 06:00,121.6,0
2025-01-22 07:00,121.66,0
2025-01-22 08:00,121.7,0
2025-01-22 09:00,121.71,0
2025-01-22 10:00,121.72,0
2025-01-22 11:00,121.74,0
2025-01-22 12:00,121.8,0
2025-01-22 13:00,121.91,0
2025-01-22 14:00,122.17,0
2025-01-22 15:00,122.65,0
2025-01-22 16:00,122.69,0
2025-01-22 17:00,122.69,0
2025-01-22 18:00,122.69,0
2025-01-22 19:00,122.69,0
2025-01-22 20:00,122.69,0
2025-01-22 21:00,122.69,0
2025-01-22 22:00,122.69,0
2025-01-22 23:00,122.69,0
2025-01-23 00:00,122.69,0
2025-01-23 01:00,122.69,0
2025-01-23 02:00,122.69,0
2025-01-23 03:00,122.69,0
2025-01-23 04:00,122.69,0
2025-01-23 05:00,122.69,0
2025-01-23 06:00,122.69,0
2025-01-23 07:00,122.69,0
2025-01-23 08:00,122.69,0
2025-01-23 09:00,122.69,0
2025-01-23 10:00,122.69,0
2025-01-23 11:00,122.69,0
2025-01-23 12:00,122.69,0
2025-01-23 13:00,122.69,0
2025-01-23 14:00,122.69,0
2025-01-23 15:00,122.69,0
2025-01-23 16:00,122.69,0
2025-01-23 17:00,122.69,0
2025-01-23 18:00,122.69,0
2025-01-23 19:00,122.69,0
2025-01-23 20:00,122.69,0
2025-01-23 21:00,122.69,0
2025-01-23 22:00,122.69,0
2025-01-23 23:00,122.69,0
2025-01-24 00:00,122.69,0
2025-01-24 01:00,122.69,0
2025-01-24 02:00,122.69,0
2025-01-24 03:00,122.69,0
2025-01-24 04:00,122.69,0
2025-01-24 05:00,122.69,0
2025-01-24 06:00,122.69,0
2025-01-24 07:00,122.69,0
2025-01-24 08:00,122.73,0
2025-01-24 09:00,122.74,0
2025-01-24 10:00,122.76,0
2025-01-24 11:00,122.76,0
2025-01-24 12:00,122.76,0
2025-01-24 13:00,122.76,0
2025-01-24 14:00,122.76,0
2025-01-24 15:00,122.76,0
2025-01-24 16:00,122.76,0
2025-01-24 17:00,122.76,0
2025-01-24 18:00,122.76,0
2025-01-24 19:00,122.76,0
2025-01-24 20:00,122.76,0
2025-01-24 21:00,122.76,0
2025-01-24 22:00,122.76,0
2025-01-24 23:00,122.76,0
2025-01-25 00:00,122.76,0
2025-01-25 01:00,122.76,0
2025-01-25 02:00,122.77,0
2025-01-25 03:00,122.77,0
2025-01-25 04:00,122.78,0
2025-01-25 05:00,122.79,0
2025-01-25 06:00,122.8,0
2025-01-25 07:00,122.83,0
2025-01-25 08:00,122.85,0
2025-01-25 09:00,122.9,0
2025-01-25 10:00,122.95,0
2025-01-25 11:00,123.0,0
2025-01-25 12:00,123.06,0
2025-01-25 13:00,123.08,0
2025-01-25 14:00,123.08,0
2025-01-25 15:00,123.08,0
2025-01-25 16:00,123.08,0
2025-01-25 17:00,123.08,0
2025-01-25 18:00,123.08,0
2025-01-25 19:00,123.08,0
2025-01-25 20:00,123.08,0
2025-01-25 21:00,123.09,0
2025-01-25 22:00,123.09,0
2025-01-25 23:00,123.09,0
2025-01-26 00:00,123.1,0
2025-01-26 01:00,123.12,0
2025-01-26 02:00,123.15,0
2025-01-26 03:00,123.16,0
2025-01-26 04:00,123.16,0
2025-01-26 05:00,123.17,0
2025-01-26 06:00,123.17,0
2025-01-26 07:00,123.18,0
2025-01-26 08:00,123.2,0
2025-01-26 09:00,123.21,0
2025-01-26 10:00,123.22,0
2025-01-26 11:00,123.22,0
2025-01-26 12:00,123.25,0
2025-01-26 13:00,123.27,0
2025-01-26 14:00,123.29,0
2025-01-26 15:00,123.32,0
2025-01-26 16:00,123.34,0
2025-01-26 17:00,123.38,0
2025-01-26 18:00,123.42,0
2025-01-26 19:00,123.48,0
2025-01-26 20:00,123.54,0
2025-01-26 21:00,123.59,0
2025-01-26 22:00,123.62,0
2025-01-26 23:00,123.66,0
2025-01-27 00:00,123.69,0
2025-01-27 01:00,123.74,0
2025-01-27 02:00,123.76,0
2025-01-27 03:00,123.77,0
2025-01-27 04:00,123.78,0
2025-01-27 05:00,123.81,0
2025-01-27 06:00,123.84,0
2025-01-27 07:00,123.87,0
2025-01-27 08:00,123.91,0
2025-01-27 09:00,123.98,0
2025-01-27 10:00,124.06,0
2025-01-27 11:00,124.14,0
2025-01-27 12:00,124.18,0
2025-01-27 13:00,124.2,0
2025-01-27 14:00,124.2,0
2025-01-27 15:00,124.21,0
2025-01-27 16:00,124.21,0
2025-01-27 17:00,124.21,0
2025-01-27 18:00,124.22,0
2025-01-27 19:00,124.22,0
2025-01-27 20:00,124.22,0
2025-01-27 21:00,124.22,0
2025-01-27 22:00,124.22,0
2025-01-27 23:00,124.22,0
2025-01-28 00:00,124.22,0
2025-01-28 01:00,124.22,0
2025-01-28 02:00,124.22,0
2025-01-28 03:00,124.22,0
2025-01-28 04:00,124.22,0
2025-01-28 05:00,124.22,0
2025-01-28 06:00,124.22,0
2025-01-28 07:00,124.22,0
2025-01-28 08:00,124.23,0
2025-01-28 09:00,124.23,0
2025-01-28 10:00,124.23,0
2025-01-28 11:00,124.24,0
2025-01-28 12:00,125.03,0
2025-01-28 13:00,127.41,0
2025-01-28 14:00,131.51,0
2025-01-28 15:00,133.36,0
2025-01-28 16:00,134.64,0
2025-01-28 17:00,135.0,0
2025-01-28 18:00,135.03,0
2025-01-28 19:00,135.03,0
2025-01-28 20:00,135.03,0
2025-01-28 21:00,135.03,0
2025-01-28 22:00,135.03,0
2025-01-28 23:00,135.03,0
2025-01-29 00:00,135.03,0
2025-01-29 01:00,135.03,0
2025-01-29 02:00,135.03,0
2025-01-29 03:00,135.03,0
2025-01-29 04:00,135.03,0
2025-01-29 05:00,135.03,0
2025-01-29 06:00,135.03,0
2025-01-29 07:00,135.09,0
2025-01-29 08:00,135.14,0
2025-01-29 09:00,135.32,0
2025-01-29 10:00,135.61,0
2025-01-29 11:00,135.81,0
2025-01-29 12:00,136.11,0
2025-01-29 13:00,136.71,0
2025-01-29 14:00,137.3,0
2025-01-29 15:00,137.73,0
2025-01-29 16:00,137.99,0
2025-01-29 17:00,138.12,0
2025-01-29 18:00,138.18,0
2025-01-29 19:00,138.23,0
2025-01-29 20:00,138.23,0
2025-01-29 21:00,138.23,0
2025-01-29 22:00,138.24,0
2025-01-29 23:00,138.24,0
2025-01-30 00:00,138.24,0
2025-01-30 01:00,138.24,0
2025-01-30 02:00,138.24,0
2025-01-30 03:00,138.24,0
2025-01-30 04:00,138.24,0
2025-01-30 05:00,138.24,0
2025-01-30 06:00,138.24,0
2025-01-30 07:00,138.24,0
2025-01-30 08:00,138.24,0
2025-01-30 09:00,138.24,0
2025-01-30 10:00,138.24,0
2025-01-30 11:00,138.24,0
2025-01-30 12:00,138.24,0
2025-01-30 13:00,138.24,0
2025-01-30 14:00,138.24,0
2025-01-30 15:00,138.24,0
2025-01-30 16:00,138.24,0
2025-01-30 17:00,138.24,0
2025-01-30 18:00,138.24,0
2025-01-30 19:00,138.24,0
2025-01-30 20:00,138.24,0
2025-01-30 21:00,138.24,0
2025-01-30 22:00,138.24,0
2025-01-30 23:00,138.24,0
2025-01-31 00:00,138.24,0
2025-01-31 01:00,138.24,0
2025-01-31 02:00,138.24,0
2025-01-31 03:00,138.24,0
2025-01-31 04:00,138.24,0
2025-01-31 05:00,138.24,0
2025-01-31 06:00,138.24,0
2025-01-31 07:00,138.24,0
2025-01-31 08:00,138.24,0
2025-01-31 09:00,138.24,0
2025-01-31 10:00,138.24,0
2025-01-31 11:00,138.24,0
2025-01-31 12:00,138.24,0
2025-01-31 13:00,138.24,0
2025-01-31 14:00,138.24,0
2025-01-31 15:00,138.24,0
2025-01-31 16:00,138.24,0
2025-01-31 17:00,138.24,0
2025-01-31 18:00,138.24,0
2025-01-31 19:00,138.24,0
2025-01-31 20:00,138.24,0
2025-01-31 21:00,138.24,0
2025-01-31 22:00,138.24,0
2025-01-31 23:00,138.24,0
2025-02-01 00:00,138.24,0
2025-02-01 01:00,138.24,0
2025-02-01 02:00,138.24,0
2025-02-01 03:00,138.24,0
2025-02-01 04:00,138.24,0
2025-02-01 05:00,138.24,0
2025-02-01 06:00,138.24,0
2025-02-01 07:00,138.24,0
2025-02-01 08:00,138.24,0
2025-02-01 09:00,138.24,0
2025-02-01 10:00,138.24,0
2025-02-01 11:00,138.24,0
2025-02-01 12:00,138.24,0
2025-02-01 13:00,138.24,0
2025-02-01 14:00,138.24,0
2025-02-01 15:00,138.24,0
2025-02-01 16:00,138.24,0
2025-02-01 17:00,138.24,0
2025-02-01 18:00,138.24,0
2025-02-01 19:00,138.24,0
2025-02-01 20:00,138.24,0
2025-02-01 21:00,138.24,0
2025-02-01 22:00,138.24,0
2025-02-01 23:00,138.24,0
2025-02-02 00:00,138.24,0
2025-02-02 01:00,138.24,0
2025-02-02 02:00,138.24,0
2025-02-02 03:00,138.24,0
2025-02-02 04:00,138.24,0
2025-02-02 05:00,138.24,0
2025-02-02 06:00,138.24,0
2025-02-02 07:00,138.24,0
2025-02-02 08:00,138.24,0
2025-02-02 09:00,138.26,0
2025-02-02 10:00,138.36,0
2025-02-02 11:00,138.53,0
2025-02-02 12:00,138.96,0
2025-02-02 13:00,139.47,0
2025-02-02 14:00,139.94,0
2025-02-02 15:00,140.01,0
2025-02-02 16:00,140.04,0
2025-02-02 17:00,140.11,0
2025-02-02 18:00,140.12,0
2025-02-02 19:00,140.13,0
2025-02-02 20:00,140.14,0
2025-02-02 21:00,140.2,0
2025-02-02 22:00,140.25,0
2025-02-02 23:00,140.33,0
2025-02-03 00:00,140.39,0
2025-02-03 01:00,140.54,0
2025-02-03 02:00,140.75,0
2025-02-03 03:00,140.86,0
2025-02-03 04:00,140.96,0
2025-02-03 05:00,141.12,0
2025-02-03 06:00,141.21,0
2025-02-03 07:00,141.24,0
2025-02-03 08:00,141.3,0
2025-02-03 09:00,141.37,0
2025-02-03 10:00,141.49,0
2025-02-03 11:00,141.75,0
2025-02-03 12:00,142.56,0
2025-02-03 13:00,143.88,0
2025-02-03 14:00,145.2,0
2025-02-03 15:00,145.97,0
2025-02-03 16:00,146.45,0
2025-02-03 17:00,146.79,0
2025-02-03 18:00,147.08,0
2025-02-03 19:00,147.4,0
2025-02-03 20:00,147.49,0
2025-02-03 21:00,147.51,0
2025-02-03 22:00,147.51,0
2025-02-03 23:00,147.52,0
2025-02-04 00:00,147.52,0
2025-02-04 01:00,147.52,0
2025-02-04 02:00,147.52,0
2025-02-04 03:00,147.53,0
2025-02-04 04:00,147.53,0
2025-02-04 05:00,147.53,0
2025-02-04 06:00,147.53,0
2025-02-04 07:00,147.53,0
2025-02-04 08:00,147.53,0
2025-02-04 09:00,147.53,0
2025-02-04 10:00,147.53,0
2025-02-04 11:00,147.53,0
2025-02-04 12:00,147.53,0
2025-02-04 13:00,147.53,0
2025-02-04 14:00,147.53,0
2025-02-04 15:00,147.53,0
2025-02-04 16:00,147.53,0
2025-02-04 17:00,147.53,0
2025-02-04 18:00,147.53,0
2025-02-04 19:00,147.53,0
2025-02-04 20:00,147.53,0
2025-02-04 21:00,147.53,0
2025-02-04 22:00,147.53,0
2025-02-04 23:00,147.53,0
2025-02-05 00:00,147.53,0
2025-02-05 01:00,147.53,0
2025-02-05 02:00,147.53,0
2025-02-05 03:00,147.53,0
2025-02-05 04:00,147.53,0
2025-02-05 05:00,147.53,0
2025-02-05 06:00,147.53,0
2025-02-05 07:00,147.53,0
2025-02-05 08:00,147.53,0
2025-02-05 09:00,147.53,0
2025-02-05 10:00,147.53,0
2025-02-05 11:00,147.53,0
2025-02-05 12:00,147.53,0
2025-02-05 13:00,147.53,0
2025-02-05 14:00,147.53,0
2025-02-05 15:00,147.53,0
2025-02-05 16:00,147.53,0
2025-02-05 17:00,147.53,0
2025-02-05 18:00,147.53,0
2025-02-05 19:00,147.53,0
2025-02-05 20:00,147.53,0
2025-02-05 21:00,147.53,0
2025-02-05 22:00,147.53,0
2025-02-05 23:00,147.53,0
2025-02-06 00:00,147.53,0
2025-02-06 01:00,147.53,0
2025-02-06 02:00,147.53,0
2025-02-06 03:00,147.53,0
2025-02-06 04:00,147.53,0
2025-02-06 05:00,147.53,0
2025-02-06 06:00,147.53,0
2025-02-06 07:00,147.53,0
2025-02-06 08:00,147.53,0
2025-02-06 09:00,147.53,0
2025-02-06 10:00,147.53,0
2025-02-06 11:00,147.54,0
2025-02-06 12:00,147.54,0
2025-02-06 13:00,147.54,0
2025-02-06 14:00,147.54,0
2025-02-06 15:00,147.54,0
2025-02-06 16:00,147.54,0
2025-02-06 17:00,147.54,0
2025-02-06 18:00,147.54,0
2025-02-06 19:00,147.54,0
2025-02-06 20:00,147.54,0
2025-02-06 21:00,147.54,0
2025-02-06 22:00,147.54,0
2025-02-06 23:00,147.54,0
2025-02-07 00:00,147.54,0
2025-02-07 01:00,147.54,0
2025-02-07 02:00,147.54,0
2025-02-07 03:00,147.54,0
2025-02-07 04:00,147.54,0
2025-02-07 05:00,147.54,0
2025-02-07 06:00,147.54,0
2025-02-07 07:00,147.54,0
2025-02-07 08:00,147.54,0
2025-02-07 09:00,147.54,0
2025-02-07 10:00,147.54,0
2025-02-07 11:00,147.54,0
2025-02-07 12:00,147.54,0
2025-02-07 13:00,147.54,0
2025-02-07 14:00,147.54,0
2025-02-07 15:00,147.54,0
2025-02-07 16:00,147.54,0
2025-02-07 17:00,147.54,0
2025-02-07 18:00,147.54,0
2025-02-07 19:00,147.54,0
2025-02-07 20:00,147.54,0
2025-02-07 21:00,147.54,0
2025-02-07 22:00,147.54,0
2025-02-07 23:00,147.54,0
2025-02-08 00:00,147.54,0
2025-02-08 01:00,147.54,0
2025-02-08 02:00,147.54,0
2025-02-08 03:00,147.54,0
2025-02-08 04:00,147.54,0
2025-02-08 05:00,147.56,0
2025-02-08 06:00,147.66,0
2025-02-08 07:00,148.16,0
2025-02-08 08:00,148.23,0
2025-02-08 09:00,148.24,0
2025-02-08 10:00,148.25,0
2025-02-08 11:00,148.29,0
2025-02-08 12:00,148.46,0
2025-02-08 13:00,148.82,0
2025-02-08 14:00,149.09,0
2025-02-08 15:00,149.35,0
2025-02-08 16:00,149.51,0
2025-02-08 17:00,149.54,0
2025-02-08 18:00,149.55,0
2025-02-08 19:00,149.56,0
2025-02-08 20:00,149.57,0
2025-02-08 21:00,149.59,0
2025-02-08 22:00,149.62,0
2025-02-08 23:00,149.67,0
2025-02-09 00:00,149.7,0
2025-02-09 01:00,149.73,0
2025-02-09 02:00,149.75,0
2025-02-09 03:00,149.76,0
2025-02-09 04:00,149.76,0
2025-02-09 05:00,149.76,0
2025-02-09 06:00,149.77,0
2025-02-09 07:00,149.77,0
2025-02-09 08:00,149.77,0
2025-02-09 09:00,149.77,0
2025-02-09 10:00,149.77,0
2025-02-09 11:00,149.78,0
2025-02-09 12:00,149.79,0
2025-02-09 13:00,149.84,0
2025-02-09 14:00,149.86,0
2025-02-09 15:00,149.91,0
2025-02-09 16:00,149.95,0
2025-02-09 17:00,149.98,0
2025-02-09 18:00,149.98,0
2025-02-09 19:00,149.99,0
2025-02-09 20:00,149.99,0
2025-02-09 21:00,149.99,0
2025-02-09 22:00,149.99,0
2025-02-09 23:00,149.99,0
2025-02-10 00:00,149.99,0
2025-02-10 01:00,149.99,0
2025-02-10 02:00,149.99,0
2025-02-10 03:00,149.99,0
2025-02-10 04:00,149.99,0
2025-02-10 05:00,149.99,0
2025-02-10 06:00,149.99,0
2025-02-10 07:00,149.99,0
2025-02-10 08:00,149.99,0
2025-02-10 09:00,149.99,0
2025-02-10 10:00,149.99,0
2025-02-10 11:00,149.99,0
2025-02-10 12:00,149.99,0
2025-02-10 13:00,149.99,0
2025-02-10 14:00,149.99,0
2025-02-10 15:00,149.99,0
2025-02-10 16:00,149.99,0
2025-02-10 17:00,149.99,0
2025-02-10 18:00,149.99,0
2025-02-10 19:00,149.99,0
2025-02-10 20:00,149.99,0
2025-02-10 21:00,149.99,0
2025-02-10 22:00,149.99,0
2025-02-10 23:00,149.99,0
2025-02-11 00:00,149.99,0
2025-02-11 01:00,149.99,0
2025-02-11 02:00,149.99,0
2025-02-11 03:00,149.99,0
2025-02-11 04:00,149.99,0
2025-02-11 05:00,149.99,0
2025-02-11 06:00,149.99,0
2025-02-11 07:00,149.99,0
2025-02-11 08:00,149.99,0
2025-02-11 09:00,149.99,0
2025-02-11 10:00,149.99,0
2025-02-11 11:00,149.99,0
2025-02-11 12:00,149.99,0
2025-02-11 13:00,149.99,0
2025-02-11 14:00,149.99,0
2025-02-11 15:00,149.99,0
2025-02-11 16:00,149.99,0
2025-02-11 17:00,149.99,0
2025-02-11 18:00,149.99,0
2025-02-11 19:00,149.99,0
2025-02-11 20:00,149.99,0
2025-02-11 21:00,149.99,0
2025-02-11 22:00,149.99,0
2025-02-11 23:00,149.99,0
2025-02-12 00:00,149.99,0
2025-02-12 01:00,149.99,0
2025-02-12 02:00,149.99,0
2025-02-12 03:00,149.99,0
2025-02-12 04:00,150.06,0
2025-02-12 05:00,150.2,0
2025-02-12 06:00,150.24,0
2025-02-12 07:00,150.26,0
2025-02-12 08:00,150.37,0
2025-02-12 09:00,150.4,0
2025-02-12 10:00,150.54,0
2025-02-12 11:00,150.68,0
2025-02-12 12:00,150.73,0
2025-02-12 13:00,150.8,0
2025-02-12 14:00,150.85,0
2025-02-12 15:00,150.9,0
2025-02-12 16:00,150.9,0
2025-02-12 17:00,150.9,0
2025-02-12 18:00,150.9,0
2025-02-12 19:00,150.9,0
2025-02-12 20:00,150.9,0
2025-02-12 21:00,150.9,0
2025-02-12 22:00,150.9,0
2025-02-12 23:00,150.9,0
2025-02-13 00:00,150.98,0
2025-02-13 01:00,151.14,0
2025-02-13 02:00,151.21,0
2025-02-13 03:00,151.22,0
2025-02-13 04:00,151.22,0
2025-02-13 05:00,151.22,0
2025-02-13 06:00,151.23,0
2025-02-13 07:00,151.23,0
2025-02-13 08:00,151.23,0
2025-02-13 09:00,151.23,0
2025-02-13 10:00,151.23,0
2025-02-13 11:00,151.23,0
2025-02-13 12:00,151.25,0
2025-02-13 13:00,151.33,0
2025-02-13 14:00,151.46,0
2025-02-13 15:00,151.54,0
2025-02-13 16:00,151.58,0
2025-02-13 17:00,151.59,0
2025-02-13 18:00,151.59,0
2025-02-13 19:00,151.59,0
2025-02-13 20:00,151.72,0
2025-02-13 21:00,151.74,0
2025-02-13 22:00,151.76,0
2025-02-13 23:00,151.79,0
2025-02-14 00:00,151.81,0
2025-02-14 01:00,151.83,0
2025-02-14 02:00,151.92,0
2025-02-14 03:00,152.06,0
2025-02-14 04:00,152.21,0
2025-02-14 05:00,152.33,0
2025-02-14 06:00,152.42,0
2025-02-14 07:00,152.59,0
2025-02-14 08:00,153.59,0
2025-02-14 09:00,154.66,0
2025-02-14 10:00,156.0,0
2025-02-14 11:00,157.54,0
2025-02-14 12:00,159.34,0
2025-02-14 13:00,161.13,0
2025-02-14 14:00,163.29,0
2025-02-14 15:00,166.29,0
2025-02-14 16:00,168.92,0
2025-02-14 17:00,170.77,0
2025-02-14 18:00,172.27,0
2025-02-14 19:00,173.28,0
2025-02-14 20:00,175.58,0
2025-02-14 21:00,177.2,0
2025-02-14 22:00,178.65,0
2025-02-14 23:00,180.48,0
2025-02-15 00:00,182.22,0
2025-02-15 01:00,184.11,0
2025-02-15 02:00,185.74,0
2025-02-15 03:00,187.59,0
2025-02-15 04:00,189.39,0
2025-02-15 05:00,191.01,0
2025-02-15 06:00,192.3,0
2025-02-15 07:00,194.28,0
2025-02-15 08:00,196.77,0
2025-02-15 09:00,198.74,0
2025-02-15 10:00,200.47,0
2025-02-15 11:00,202.06,0
2025-02-15 12:00,203.14,0
2025-02-15 13:00,203.56,0
2025-02-15 14:00,204.04,0
2025-02-15 15:00,204.12,0
2025-02-15 16:00,204.43,0
2025-02-15 17:00,205.06,0
2025-02-15 18:00,205.11,0
2025-02-15 19:00,205.13,0
2025-02-15 20:00,205.13,0
2025-02-15 21:00,205.13,0
2025-02-15 22:00,205.13,0
2025-02-15 23:00,205.14,0
2025-02-16 00:00,205.16,0
2025-02-16 01:00,205.18,0
2025-02-16 02:00,205.19,0
2025-02-16 03:00,205.2,0
2025-02-16 04:00,205.2,0
2025-02-16 05:00,205.2,0
2025-02-16 06:00,205.2,0
2025-02-16 07:00,205.2,0
2025-02-16 08:00,205.2,0
2025-02-16 09:00,205.2,0
2025-02-16 10:00,205.2,0
2025-02-16 11:00,205.2,0
2025-02-16 12:00,205.21,0
2025-02-16 13:00,205.21,0
2025-02-16 14:00,205.21,0
2025-02-16 15:00,205.21,0
2025-02-16 16:00,205.21,0
2025-02-16 17:00,205.21,0
2025-02-16 18:00,205.21,0
2025-02-16 19:00,205.21,0
2025-02-16 20:00,205.21,0
2025-02-16 21:00,205.21,0
2025-02-16 22:00,205.21,0
2025-02-16 23:00,205.21,0
2025-02-17 00:00,205.21,0
2025-02-17 01:00,205.21,0
2025-02-17 02:00,205.21,0
2025-02-17 03:00,205.21,0
2025-02-17 04:00,205.21,0
2025-02-17 05:00,205.22,0
2025-02-17 06:00,205.22,0
2025-02-17 07:00,205.23,0
2025-02-17 08:00,205.26,0
2025-02-17 09:00,205.27,0
2025-02-17 10:00,205.3,0
2025-02-17 11:00,205.34,0
2025-02-17 12:00,205.36,0
2025-02-17 13:00,205.37,0
2025-02-17 14:00,205.38,0
2025-02-17 15:00,205.38,0
2025-02-17 16:00,205.38,0
2025-02-17 17:00,205.39,0
2025-02-17 18:00,205.4,0
2025-02-17 19:00,205.43,0
2025-02-17 20:00,205.46,0
2025-02-17 21:00,205.46,0
2025-02-17 22:00,205.46,0
2025-02-17 23:00,205.46,0
2025-02-18 00:00,205.46,0
2025-02-18 01:00,205.46,0
2025-02-18 02:00,205.46,0
2025-02-18 03:00,205.46,0
2025-02-18 04:00,205.46,0
2025-02-18 05:00,205.46,0
2025-02-18 06:00,205.46,0
2025-02-18 07:00,205.46,0
2025-02-18 08:00,205.46,0
2025-02-18 09:00,205.46,0
2025-02-18 10:00,205.46,0
2025-02-18 11:00,205.46,0
2025-02-18 12:00,205.46,0
2025-02-18 13:00,205.46,0
2025-02-18 14:00,205.46,0
2025-02-18 15:00,205.46,0
2025-02-18 16:00,205.46,0
2025-02-18 17:00,205.46,0
2025-02-18 18:00,205.46,0
2025-02-18 19:00,205.47,0
2025-02-18 20:00,205.5,0
2025-02-18 21:00,205.51,0
2025-02-18 22:00,205.52,0
2025-02-18 23:00,205.52,0
2025-02-19 00:00,205.52,0
2025-02-19 01:00,205.52,0
2025-02-19 02:00,205.52,0
2025-02-19 03:00,205.52,0
2025-02-19 04:00,205.52,0
2025-02-19 05:00,205.53,0
2025-02-19 06:00,205.54,0
2025-02-19 07:00,205.56,0
2025-02-19 08:00,205.56,0
2025-02-19 09:00,205.56,0
2025-02-19 10:00,205.56,0
2025-02-19 11:00,205.56,0
2025-02-19 12:00,205.56,0
2025-02-19 13:00,205.56,0
2025-02-19 14:00,205.56,0
2025-02-19 15:00,205.56,0
2025-02-19 16:00,205.56,0
2025-02-19 17:00,205.56,0
2025-02-19 18:00,205.56,0
2025-02-19 19:00,205.56,0
2025-02-19 20:00,205.56,0
2025-02-19 21:00,205.56,0
2025-02-19 22:00,205.56,0
2025-02-19 23:00,205.56,0
2025-02-20 00:00,205.56,0
2025-02-20 01:00,205.56,0
2025-02-20 02:00,205.56,0
2025-02-20 03:00,205.57,0
2025-02-20 04:00,205.57,0
2025-02-20 05:00,205.58,0
2025-02-20 06:00,205.6,0
2025-02-20 07:00,205.62,0
2025-02-20 08:00,205.63,0
2025-02-20 09:00,205.65,0
2025-02-20 10:00,205.66,0
2025-02-20 11:00,205.67,0
2025-02-20 12:00,205.68,0
2025-02-20 13:00,205.69,0
2025-02-20 14:00,205.71,0
2025-02-20 15:00,205.71,0
2025-02-20 16:00,205.71,0
2025-02-20 17:00,205.71,0
2025-02-20 18:00,205.71,0
2025-02-20 19:00,205.71,0
2025-02-20 20:00,205.71,0
2025-02-20 21:00,205.71,0
2025-02-20 22:00,205.71,0
2025-02-20 23:00,205.71,0
2025-02-21 00:00,205.71,0
2025-02-21 01:00,205.71,0
2025-02-21 02:00,205.71,0
2025-02-21 03:00,205.71,0
2025-02-21 04:00,205.71,0
2025-02-21 05:00,205.71,0
2025-02-21 06:00,205.71,0
2025-02-21 07:00,205.71,0
2025-02-21 08:00,205.71,0
2025-02-21 09:00,205.71,0
2025-02-21 10:00,205.71,0
2025-02-21 11:00,205.71,0
2025-02-21 12:00,205.71,0
2025-02-21 13:00,205.71,0
2025-02-21 14:00,205.71,0
2025-02-21 15:00,205.71,0
2025-02-21 16:00,205.71,0
2025-02-21 17:00,205.71,0
2025-02-21 18:00,205.71,0
2025-02-21 19:00,205.71,0
2025-02-21 20:00,205.71,0
2025-02-21 21:00,205.71,0
2025-02-21 22:00,205.71,0
2025-02-21 23:00,205.71,0
2025-02-22 00:00,205.71,0
2025-02-22 01:00,205.71,0
2025-02-22 02:00,205.71,0
2025-02-22 03:00,205.71,0
2025-02-22 04:00,205.71,0
2025-02-22 05:00,205.71,0
2025-02-22 06:00,205.71,0
2025-02-22 07:00,205.71,0
2025-02-22 08:00,205.71,0
2025-02-22 09:00,205.71,0
2025-02-22 10:00,205.71,0
2025-02-22 11:00,205.71,0
2025-02-22 12:00,205.71,0
2025-02-22 13:00,205.71,0
2025-02-22 14:00,205.71,0
2025-02-22 15:00,205.71,0
2025-02-22 16:00,205.71,0
2025-02-22 17:00,205.71,0
2025-02-22 18:00,205.71,0
2025-02-22 19:00,205.71,0
2025-02-22 20:00,205.71,0
2025-02-22 21:00,205.71,0
2025-02-22 22:00,205.71,0
2025-02-22 23:00,205.71,0
2025-02-23 00:00,205.71,0
2025-02-23 01:00,205.71,0
2025-02-23 02:00,205.71,0
2025-02-23 03:00,205.71,0
2025-02-23 04:00,205.71,0
2025-02-23 05:00,205.72,0
2025-02-23 06:00,205.72,0
2025-02-23 07:00,205.72,0
2025-02-23 08:00,205.72,0
2025-02-23 09:00,205.72,0
2025-02-23 10:00,205.72,0
2025-02-23 11:00,205.72,0
2025-02-23 12:00,205.72,0
2025-02-23 13:00,205.72,0
2025-02-23 14:00,205.72,0
2025-02-23 15:00,205.72,0
2025-02-23 16:00,205.72,0
2025-02-23 17:00,205.72,0
2025-02-23 18:00,205.72,0
2025-02-23 19:00,205.72,0
2025-02-23 20:00,205.72,0
2025-02-23 21:00,205.72,0
2025-02-23 22:00,205.72,0
2025-02-23 23:00,205.72,0
2025-02-24 00:00,205.72,0
2025-02-24 01:00,205.72,0
2025-02-24 02:00,205.72,0
2025-02-24 03:00,205.72,0
2025-02-24 04:00,205.72,0
2025-02-24 05:00,205.72,0
2025-02-24 06:00,205.72,0
2025-02-24 07:00,205.72,0
2025-02-24 08:00,205.74,0
2025-02-24 09:00,205.75,0
2025-02-24 10:00,205.8,0
2025-02-24 11:00,205.92,0
2025-02-24 12:00,206.05,0
2025-02-24 13:00,206.18,0
2025-02-24 14:00,206.36,0
2025-02-24 15:00,206.76,0
2025-02-24 16:00,207.11,0
2025-02-24 17:00,207.4,0
2025-02-24 18:00,207.56,0
2025-02-24 19:00,207.64,0
2025-02-24 20:00,207.67,0
2025-02-24 21:00,207.87,0
2025-02-24 22:00,208.85,0
2025-02-24 23:00,209.86,0
2025-02-25 00:00,211.12,0
2025-02-25 01:00,212.2,0
2025-02-25 02:00,213.22,0
2025-02-25 03:00,214.1,0
2025-02-25 04:00,214.78,0
2025-02-25 05:00,215.27,0
2025-02-25 06:00,215.74,0
2025-02-25 07:00,216.11,0
2025-02-25 08:00,216.72,0
2025-02-25 09:00,217.09,0
2025-02-25 10:00,217.5,0
2025-02-25 11:00,217.84,0
2025-02-25 12:00,218.13,0
2025-02-25 13:00,218.31,0
2025-02-25 14:00,218.51,0
2025-02-25 15:00,218.7,0
2025-02-25 16:00,218.85,0
2025-02-25 17:00,218.92,0
2025-02-25 18:00,219.03,0
2025-02-25 19:00,219.12,0
2025-02-25 20:00,219.38,0
2025-02-25 21:00,219.73,0
2025-02-25 22:00,220.34,0
2025-02-25 23:00,221.08,0
2025-02-26 00:00,221.84,0
2025-02-26 01:00,222.39,0
2025-02-26 02:00,222.83,0
2025-02-26 03:00,223.49,0
2025-02-26 04:00,224.0,0
2025-02-26 05:00,224.56,0
2025-02-26 06:00,225.38,0
2025-02-26 07:00,226.29,0
2025-02-26 08:00,227.56,0
2025-02-26 09:00,228.52,0
2025-02-26 10:00,229.3,0
2025-02-26 11:00,229.93,0
2025-02-26 12:00,230.89,0
2025-02-26 13:00,232.01,0
2025-02-26 14:00,233.59,0
2025-02-26 15:00,235.3,0
2025-02-26 16:00,237.32,0
2025-02-26 17:00,239.33,0
2025-02-26 18:00,241.12,0
2025-02-26 19:00,243.13,0
2025-02-26 20:00,246.02,0
2025-02-26 21:00,249.11,0
2025-02-26 22:00,251.67,0
2025-02-26 23:00,253.49,0
2025-02-27 00:00,254.38,0
2025-02-27 01:00,254.94,0
2025-02-27 02:00,255.17,0
2025-02-27 03:00,255.22,0
2025-02-27 04:00,255.23,0
2025-02-27 05:00,255.26,0
2025-02-27 06:00,255.26,0
2025-02-27 07:00,255.3,0
2025-02-27 08:00,255.3,0
2025-02-27 09:00,255.31,0
2025-02-27 10:00,255.32,0
2025-02-27 11:00,255.34,0
2025-02-27 12:00,255.35,0
2025-02-27 13:00,255.36,0
2025-02-27 14:00,255.36,0
2025-02-27 15:00,255.36,0
2025-02-27 16:00,255.36,0
2025-02-27 17:00,255.36,0
2025-02-27 18:00,255.36,0
2025-02-27 19:00,255.36,0
2025-02-27 20:00,255.36,0
2025-02-27 21:00,255.36,0
2025-02-27 22:00,255.36,0
2025-02-27 23:00,255.37,0
2025-02-28 00:00,255.37,0
2025-02-28 01:00,255.37,0
2025-02-28 02:00,255.37,0
2025-02-28 03:00,255.38,0
2025-02-28 04:00,255.42,0
2025-02-28 05:00,255.48,0
2025-02-28 06:00,255.54,0
2025-02-28 07:00,255.55,0
2025-02-28 08:00,255.59,0
2025-02-28 09:00,255.65,0
2025-02-28 10:00,255.7,0
2025-02-28 11:00,255.75,0
2025-02-28 12:00,255.76,0
2025-02-28 13:00,255.78,0
2025-02-28 14:00,255.83,0
2025-02-28 15:00,255.87,0
2025-02-28 16:00,255.89,0
2025-02-28 17:00,255.91,0
2025-02-28 18:00,255.92,0
2025-02-28 19:00,255.93,0
2025-02-28 20:00,255.95,0
2025-02-28 21:00,255.96,0
2025-02-28 22:00,255.97,0
2025-02-28 23:00,255.98,0
2025-03-01 00:00,255.98,0
2025-03-01 01:00,255.98,0
2025-03-01 02:00,255.99,0
2025-03-01 03:00,255.99,0
2025-03-01 04:00,255.99,0
2025-03-01 05:00,255.99,0
2025-03-01 06:00,255.99,0
2025-03-01 07:00,255.99,0
2025-03-01 08:00,255.99,0
2025-03-01 09:00,255.99,0
2025-03-01 10:00,255.99,0
2025-03-01 11:00,256.01,0
2025-03-01 12:00,256.03,0
2025-03-01 13:00,256.08,0
2025-03-01 14:00,256.23,0
2025-03-01 15:00,256.42,0
2025-03-01 16:00,256.84,0
2025-03-01 17:00,257.46,0
2025-03-01 18:00,257.68,0
2025-03-01 19:00,257.8,0
2025-03-01 20:00,257.8,0
2025-03-01 21:00,257.8,0
2025-03-01 22:00,257.8,0
2025-03-01 23:00,257.8,0
2025-03-02 00:00,257.8,0
2025-03-02 01:00,257.8,0
2025-03-02 02:00,257.8,0
2025-03-02 03:00,257.8,0
2025-03-02 04:00,257.8,0
2025-03-02 05:00,257.8,0
2025-03-02 06:00,257.8,0
2025-03-02 07:00,257.8,0
2025-03-02 08:00,257.8,0
2025-03-02 09:00,257.8,0
2025-03-02 10:00,257.8,0
2025-03-02 11:00,257.8,0
2025-03-02 12:00,257.81,0
2025-03-02 13:00,257.81,0
2025-03-02 14:00,257.81,0
2025-03-02 15:00,257.81,0
2025-03-02 16:00,257.81,0
2025-03-02 17:00,257.81,0
2025-03-02 18:00,257.81,0
2025-03-02 19:00,257.81,0
2025-03-02 20:00,257.81,0
2025-03-02 21:00,257.81,0
2025-03-02 22:00,257.81,0
2025-03-02 23:00,257.81,0
2025-03-03 00:00,257.81,0
2025-03-03 01:00,257.81,0
2025-03-03 02:00,257.81,0
2025-03-03 03:00,257.81,0
2025-03-03 04:00,257.81,0
2025-03-03 05:00,257.81,0
2025-03-03 06:00,257.81,0
2025-03-03 07:00,257.81,0
2025-03-03 08:00,257.81,0
2025-03-03 09:00,257.81,0
2025-03-03 10:00,257.81,0
2025-03-03 11:00,257.81,0
2025-03-03 12:00,257.81,0
2025-03-03 13:00,257.81,0
2025-03-03 14:00,257.81,0
2025-03-03 15:00,257.81,0
2025-03-03 16:00,257.81,0
2025-03-03 17:00,257.81,0
2025-03-03 18:00,257.81,0
2025-03-03 19:00,257.81,0
2025-03-03 20:00,257.81,0
2025-03-03 21:00,257.81,0
2025-03-03 22:00,257.81,0
2025-03-03 23:00,257.81,0
2025-03-04 00:00,257.81,0
2025-03-04 01:00,257.81,0
2025-03-04 02:00,257.81,0
2025-03-04 03:00,257.81,0
2025-03-04 04:00,257.81,0
2025-03-04 05:00,257.81,0
2025-03-04 06:00,257.81,0
2025-03-04 07:00,257.81,0
2025-03-04 08:00,257.81,0
2025-03-04 09:00,257.81,0
2025-03-04 10:00,257.81,0
2025-03-04 11:00,257.81,0
2025-03-04 12:00,257.81,0
2025-03-04 13:00,257.81,0
2025-03-04 14:00,257.81,0
2025-03-04 15:00,257.81,0
2025-03-04 16:00,257.81,0
2025-03-04 17:00,257.81,0
2025-03-04 18:00,257.81,0
2025-03-04 19:00,257.81,0
2025-03-04 20:00,257.81,0
2025-03-04 21:00,257.81,0
2025-03-04 22:00,257.81,0
2025-03-04 23:00,257.81,0
2025-03-05 00:00,257.81,0
2025-03-05 01:00,257.81,0
2025-03-05 02:00,257.81,0
2025-03-05 03:00,257.81,0
2025-03-05 04:00,257.81,0
2025-03-05 05:00,257.81,0
2025-03-05 06:00,257.81,0
2025-03-05 07:00,257.81,0
2025-03-05 08:00,257.81,0
2025-03-05 09:00,257.81,0
2025-03-05 10:00,257.81,0
2025-03-05 11:00,257.81,0
2025-03-05 12:00,257.81,0
2025-03-05 13:00,257.81,0
2025-03-05 14:00,257.81,0
2025-03-05 15:00,257.81,0
2025-03-05 16:00,257.81,0
2025-03-05 17:00,257.81,0
2025-03-05 18:00,257.81,0
2025-03-05 19:00,257.81,0
2025-03-05 20:00,257.81,0
2025-03-05 21:00,257.81,0
2025-03-05 22:00,257.81,0
2025-03-05 23:00,257.81,0
2025-03-06 00:00,257.81,0
2025-03-06 01:00,257.81,0
2025-03-06 02:00,257.81,0
2025-03-06 03:00,257.81,0
2025-03-06 04:00,257.81,0
2025-03-06 05:00,257.81,0
2025-03-06 06:00,257.81,0
2025-03-06 07:00,257.81,0
2025-03-06 08:00,257.81,0
2025-03-06 09:00,257.81,0
2025-03-06 10:00,257.81,0
2025-03-06 11:00,257.81,0
2025-03-06 12:00,257.81,0
2025-03-06 13:00,257.81,0
2025-03-06 14:00,257.81,0
2025-03-06 15:00,257.81,0
2025-03-06 16:00,257.81,0
2025-03-06 17:00,257.81,0
2025-03-06 18:00,257.81,0
2025-03-06 19:00,257.81,0
2025-03-06 20:00,257.81,0
2025-03-06 21:00,257.81,0
2025-03-06 22:00,257.81,0
2025-03-06 23:00,257.81,0
2025-03-07 00:00,257.81,0
2025-03-07 01:00,257.81,0
2025-03-07 02:00,257.81,0
2025-03-07 03:00,257.81,0
2025-03-07 04:00,257.81,0
2025-03-07 05:00,257.81,0
2025-03-07 06:00,257.81,0
2025-03-07 07:00,257.81,0
2025-03-07 08:00,257.81,0
2025-03-07 09:00,257.81,0
2025-03-07 10:00,257.81,0
2025-03-07 11:00,257.81,0
2025-03-07 12:00,257.81,0
2025-03-07 13:00,257.81,0
2025-03-07 14:00,257.81,0
2025-03-07 15:00,257.81,0
2025-03-07 16:00,257.81,0
2025-03-07 17:00,257.81,0
2025-03-07 18:00,257.81,0
2025-03-07 19:00,257.81,0
2025-03-07 20:00,257.83,0
2025-03-07 21:00,257.83,0
2025-03-07 22:00,257.83,0
2025-03-07 23:00,257.83,0
2025-03-08 00:00,257.83,0
2025-03-08 01:00,257.83,0
2025-03-08 02:00,257.83,0
2025-03-08 03:00,257.83,0
2025-03-08 04:00,257.83,0
2025-03-08 05:00,257.83,0
2025-03-08 06:00,257.83,0
2025-03-08 07:00,257.83,0
2025-03-08 08:00,257.83,0
2025-03-08 09:00,257.83,0
2025-03-08 10:00,257.83,0
2025-03-08 11:00,257.83,0
2025-03-08 12:00,257.83,0
2025-03-08 13:00,257.84,0
2025-03-08 14:00,257.85,0
2025-03-08 15:00,257.85,0
2025-03-08 16:00,257.85,0
2025-03-08 17:00,257.85,0
2025-03-08 18:00,257.85,0
2025-03-08 19:00,257.85,0
2025-03-08 20:00,257.85,0
2025-03-08 21:00,257.85,0
2025-03-08 22:00,257.85,0
2025-03-08 23:00,257.85,0
2025-03-09 00:00,257.85,0
2025-03-09 01:00,257.85,0
2025-03-09 02:00,257.85,0
2025-03-09 03:00,257.85,0
2025-03-09 04:00,257.85,0
2025-03-09 05:00,257.85,0
2025-03-09 06:00,257.85,0
2025-03-09 07:00,257.85,0
2025-03-09 08:00,257.85,0
2025-03-09 09:00,257.85,0
2025-03-09 10:00,257.85,0
2025-03-09 11:00,257.85,0
2025-03-09 12:00,257.85,0
2025-03-09 13:00,257.85,0
2025-03-09 14:00,257.85,0
2025-03-09 15:00,257.85,0
2025-03-09 16:00,257.85,0
2025-03-09 17:00,257.85,0
2025-03-09 18:00,257.85,0
2025-03-09 19:00,257.85,0
2025-03-09 20:00,257.85,0
2025-03-09 21:00,257.85,0
2025-03-09 22:00,257.85,0
2025-03-09 23:00,257.85,0
2025-03-10 00:00,257.85,0
2025-03-10 01:00,257.85,0
2025-03-10 02:00,257.85,0
2025-03-10 03:00,257.86,0
2025-03-10 04:00,257.87,0
2025-03-10 05:00,257.89,0
2025-03-10 06:00,257.89,0
2025-03-10 07:00,257.89,0
2025-03-10 08:00,257.9,0
2025-03-10 09:00,258.28,0
2025-03-10 10:00,258.89,0
2025-03-10 11:00,259.15,0
2025-03-10 12:00,259.48,0
2025-03-10 13:00,259.96,0
2025-03-10 14:00,260.48,0
2025-03-10 15:00,260.91,0
2025-03-10 16:00,261.2,0
2025-03-10 17:00,261.2,0
2025-03-10 18:00,261.54,0
2025-03-10 19:00,261.73,0
2025-03-10 20:00,261.74,0
2025-03-10 21:00,262.38,0
2025-03-10 22:00,262.96,0
2025-03-10 23:00,263.46,0
2025-03-11 00:00,263.48,0
2025-03-11 01:00,263.56,0
2025-03-11 02:00,264.33,0
2025-03-11 03:00,265.92,0
2025-03-11 04:00,268.05,0
2025-03-11 05:00,269.21,0
2025-03-11 06:00,269.85,0
2025-03-11 07:00,270.43,0
2025-03-11 08:00,270.72,0
2025-03-11 09:00,270.98,0
2025-03-11 10:00,271.6,0
2025-03-11 11:00,271.89,0
2025-03-11 12:00,272.12,0
2025-03-11 13:00,272.26,0
2025-03-11 14:00,272.3,0
2025-03-11 15:00,272.32,0
2025-03-11 16:00,272.33,0
2025-03-11 17:00,272.33,0
2025-03-11 18:00,272.33,0
2025-03-11 19:00,272.33,0
2025-03-11 20:00,272.33,0
2025-03-11 21:00,272.34,0
2025-03-11 22:00,272.35,0
2025-03-11 23:00,272.36,0
2025-03-12 00:00,272.4,0
2025-03-12 01:00,272.45,0
2025-03-12 02:00,272.54,0
2025-03-12 03:00,272.63,0
2025-03-12 04:00,272.71,0
2025-03-12 05:00,272.76,0
2025-03-12 06:00,272.83,0
2025-03-12 07:00,272.9,0
2025-03-12 08:00,272.96,0
2025-03-12 09:00,273.0,0
2025-03-12 10:00,273.01,0
2025-03-12 11:00,273.01,0
2025-03-12 12:00,273.04,0
2025-03-12 13:00,273.17,0
2025-03-12 14:00,273.33,0
2025-03-12 15:00,273.55,0
2025-03-12 16:00,273.7,0
2025-03-12 17:00,273.86,0
2025-03-12 18:00,274.12,0
2025-03-12 19:00,275.6,0
2025-03-12 20:00,277.58,0
2025-03-12 21:00,278.45,0
2025-03-12 22:00,279.58,0
2025-03-12 23:00,281.39,0
2025-03-13 00:00,282.82,0
2025-03-13 01:00,284.44,0
2025-03-13 02:00,286.09,0
2025-03-13 03:00,287.28,0
2025-03-13 04:00,287.92,0
2025-03-13 05:00,288.41,0
2025-03-13 06:00,288.83,0
2025-03-13 07:00,289.21,0
2025-03-13 08:00,289.34,0
2025-03-13 09:00,289.48,0
2025-03-13 10:00,289.92,0
2025-03-13 11:00,290.55,0
2025-03-13 12:00,290.81,0
2025-03-13 13:00,291.06,0
2025-03-13 14:00,291.26,0
2025-03-13 15:00,291.48,0
2025-03-13 16:00,292.05,0
2025-03-13 17:00,292.75,0
2025-03-13 18:00,293.31,0
2025-03-13 19:00,293.57,0
2025-03-13 20:00,293.71,0
2025-03-13 21:00,293.82,0
2025-03-13 22:00,293.88,0
2025-03-13 23:00,293.95,0
2025-03-14 00:00,293.99,0
2025-03-14 01:00,294.0,0
2025-03-14 02:00,294.02,0
2025-03-14 03:00,294.58,0
2025-03-14 04:00,295.78,0
2025-03-14 05:00,296.44,0
2025-03-14 06:00,296.89,0
2025-03-14 07:00,297.05,0
2025-03-14 08:00,297.41,0
2025-03-14 09:00,297.55,0
2025-03-14 10:00,297.57,0
2025-03-14 11:00,297.57,0
2025-03-14 12:00,297.7,0
2025-03-14 13:00,298.19,0
2025-03-14 14:00,298.45,0
2025-03-14 15:00,298.45,0
2025-03-14 16:00,298.45,0
2025-03-14 17:00,298.45,0
2025-03-14 18:00,298.45,0
2025-03-14 19:00,298.45,0
2025-03-14 20:00,298.45,0
2025-03-14 21:00,298.45,0
2025-03-14 22:00,298.45,0
2025-03-14 23:00,298.45,0
2025-03-15 00:00,298.45,0
2025-03-15 01:00,298.45,0
2025-03-15 02:00,298.45,0
2025-03-15 03:00,298.45,0
2025-03-15 04:00,298.45,0
2025-03-15 05:00,298.45,0
2025-03-15 06:00,298.45,0
2025-03-15 07:00,298.45,0
2025-03-15 08:00,298.45,0
2025-03-15 09:00,298.45,0
2025-03-15 10:00,298.45,0
2025-03-15 11:00,298.45,0
2025-03-15 12:00,298.45,0
2025-03-15 13:00,298.45,0
2025-03-15 14:00,298.46,0
2025-03-15 15:00,298.48,0
2025-03-15 16:00,298.48,0
2025-03-15 17:00,298.68,0
2025-03-15 18:00,298.68,0
2025-03-15 19:00,298.68,0
2025-03-15 20:00,298.68,0
2025-03-15 21:00,298.68,0
2025-03-15 22:00,298.68,0
2025-03-15 23:00,298.68,0
2025-03-16 00:00,298.68,0
2025-03-16 01:00,298.68,0
2025-03-16 02:00,298.76,0
2025-03-16 03:00,299.1,0
2025-03-16 04:00,299.48,0
2025-03-16 05:00,299.91,0
2025-03-16 06:00,300.04,0
2025-03-16 07:00,300.09,0
2025-03-16 08:00,300.15,0
2025-03-16 09:00,300.21,0
2025-03-16 10:00,300.26,0
2025-03-16 11:00,300.27,0
2025-03-16 12:00,300.28,0
2025-03-16 13:00,300.28,0
2025-03-16 14:00,300.28,0
2025-03-16 15:00,300.29,0
2025-03-16 16:00,300.31,0
2025-03-16 17:00,300.33,0
2025-03-16 18:00,300.35,0
2025-03-16 19:00,300.4,0
2025-03-16 20:00,300.44,0
2025-03-16 21:00,300.69,0
2025-03-16 22:00,300.79,0
2025-03-16 23:00,300.8,0
2025-03-17 00:00,300.88,0
2025-03-17 01:00,301.07,0
2025-03-17 02:00,301.16,0
2025-03-17 03:00,301.26,0
2025-03-17 04:00,301.31,0
2025-03-17 05:00,301.35,0
2025-03-17 06:00,301.36,0
2025-03-17 07:00,301.36,0
2025-03-17 08:00,301.37,0
2025-03-17 09:00,301.37,0
2025-03-17 10:00,301.38,0
2025-03-17 11:00,301.38,0
2025-03-17 12:00,301.38,0
2025-03-17 13:00,301.42,0
2025-03-17 14:00,301.5,0
2025-03-17 15:00,301.57,0
2025-03-17 16:00,301.67,0
2025-03-17 17:00,301.72,0
2025-03-17 18:00,301.76,0
2025-03-17 19:00,301.78,0
2025-03-17 20:00,301.79,0
2025-03-17 21:00,301.8,0
2025-03-17 22:00,301.82,0
2025-03-17 23:00,301.9,0
2025-03-18 00:00,301.92,0
2025-03-18 01:00,301.93,0
2025-03-18 02:00,301.93,0
2025-03-18 03:00,301.94,0
2025-03-18 04:00,301.94,0
2025-03-18 05:00,301.94,0
2025-03-18 06:00,301.94,0
2025-03-18 07:00,301.94,0
2025-03-18 08:00,301.94,0
2025-03-18 09:00,301.94,0
2025-03-18 10:00,301.94,0
2025-03-18 11:00,301.94,0
2025-03-18 12:00,301.94,0
2025-03-18 13:00,301.94,0
2025-03-18 14:00,301.94,0
2025-03-18 15:00,301.94,0
2025-03-18 16:00,301.94,0
2025-03-18 17:00,301.94,0
2025-03-18 18:00,301.94,0
2025-03-18 19:00,301.94,0
2025-03-18 20:00,301.94,0
2025-03-18 21:00,301.94,0
2025-03-18 22:00,301.94,0
2025-03-18 23:00,301.94,0
2025-03-19 00:00,301.94,0
2025-03-19 01:00,301.94,0
2025-03-19 02:00,301.94,0
2025-03-19 03:00,301.94,0
2025-03-19 04:00,301.94,0
2025-03-19 05:00,301.94,0
2025-03-19 06:00,301.94,0
2025-03-19 07:00,301.94,0
2025-03-19 08:00,301.94,0
2025-03-19 09:00,301.94,0
2025-03-19 10:00,301.94,0
2025-03-19 11:00,301.94,0
2025-03-19 12:00,301.94,0
2025-03-19 13:00,301.94,0
2025-03-19 14:00,301.94,0
2025-03-19 15:00,301.94,0
2025-03-19 16:00,301.94,0
2025-03-19 17:00,301.94,0
2025-03-19 18:00,301.94,0
2025-03-19 19:00,301.94,0
2025-03-19 20:00,301.94,0
2025-03-19 21:00,301.94,0
2025-03-19 22:00,301.94,0
2025-03-19 23:00,301.94,0
2025-03-20 00:00,301.94,0
2025-03-20 01:00,301.94,0
2025-03-20 02:00,301.94,0
2025-03-20 03:00,301.94,0
2025-03-20 04:00,301.94,0
2025-03-20 05:00,301.94,0
2025-03-20 06:00,301.94,0
2025-03-20 07:00,301.94,0
2025-03-20 08:00,301.94,0
2025-03-20 09:00,301.94,0
2025-03-20 10:00,301.94,0
2025-03-20 11:00,301.94,0
2025-03-20 12:00,301.94,0
2025-03-20 13:00,301.94,0
2025-03-20 14:00,301.94,0
2025-03-20 15:00,301.94,0
2025-03-20 16:00,301.94,0
2025-03-20 17:00,301.94,0
2025-03-20 18:00,301.94,0
2025-03-20 19:00,301.94,0
2025-03-20 20:00,301.94,0
2025-03-20 21:00,301.94,0
2025-03-20 22:00,301.94,0
2025-03-20 23:00,301.94,0
2025-03-21 00:00,301.94,0
2025-03-21 01:00,301.94,0
2025-03-21 02:00,301.94,0
2025-03-21 03:00,301.94,0
2025-03-21 04:00,301.94,0
2025-03-21 05:00,301.94,0
2025-03-21 06:00,301.94,0
2025-03-21 07:00,301.94,0
2025-03-21 08:00,301.94,0
2025-03-21 09:00,301.94,0
2025-03-21 10:00,301.94,0
2025-03-21 11:00,301.94,0
2025-03-21 12:00,301.94,0
2025-03-21 13:00,301.94,0
2025-03-21 14:00,301.94,0
2025-03-21 15:00,301.94,0
2025-03-21 16:00,301.94,0
2025-03-21 17:00,301.94,0
2025-03-21 18:00,301.94,0
2025-03-21 19:00,301.94,0
2025-03-21 20:00,301.94,0
2025-03-21 21:00,301.94,0
2025-03-21 22:00,301.94,0
2025-03-21 23:00,301.94,0
2025-03-22 00:00,301.94,0
2025-03-22 01:00,301.94,0
2025-03-22 02:00,301.94,0
2025-03-22 03:00,301.94,0
2025-03-22 04:00,301.94,0
2025-03-22 05:00,301.94,0
2025-03-22 06:00,301.94,0
2025-03-22 07:00,301.94,0
2025-03-22 08:00,302.03,0
2025-03-22 09:00,302.03,0
2025-03-22 10:00,302.03,0
2025-03-22 11:00,302.03,0
2025-03-22 12:00,302.03,0
2025-03-22 13:00,302.03,0
2025-03-22 14:00,302.03,0
2025-03-22 15:00,302.03,0
2025-03-22 16:00,302.03,0
2025-03-22 17:00,302.03,0
2025-03-22 18:00,302.03,0
2025-03-22 19:00,302.03,0
2025-03-22 20:00,302.03,0
2025-03-22 21:00,302.03,0
2025-03-22 22:00,302.03,0
2025-03-22 23:00,302.05,0
2025-03-23 00:00,302.06,0
2025-03-23 01:00,302.07,0
2025-03-23 02:00,302.09,0
2025-03-23 03:00,302.09,0
2025-03-23 04:00,302.09,0
2025-03-23 05:00,302.09,0
2025-03-23 06:00,302.14,0
2025-03-23 07:00,302.29,0
2025-03-23 08:00,302.32,0
2025-03-23 09:00,302.32,0
2025-03-23 10:00,302.32,0
2025-03-23 11:00,302.32,0
2025-03-23 12:00,302.32,0
2025-03-23 13:00,302.32,0
2025-03-23 14:00,302.32,0
2025-03-23 15:00,302.32,0
2025-03-23 16:00,302.32,0
2025-03-23 17:00,302.32,0
2025-03-23 18:00,302.32,0
2025-03-23 19:00,302.32,0
2025-03-23 20:00,302.32,0
2025-03-23 21:00,302.32,0
2025-03-23 22:00,302.32,0
2025-03-23 23:00,302.32,0
2025-03-24 00:00,302.32,0
2025-03-24 01:00,302.32,0
2025-03-24 02:00,302.32,0
2025-03-24 03:00,302.32,0
2025-03-24 04:00,302.32,0
2025-03-24 05:00,302.33,0
2025-03-24 06:00,302.36,0
2025-03-24 07:00,302.4,0
2025-03-24 08:00,302.4,0
2025-03-24 09:00,302.42,0
2025-03-24 10:00,302.42,0
2025-03-24 11:00,302.42,0
2025-03-24 12:00,302.42,0
2025-03-24 13:00,302.43,0
2025-03-24 14:00,302.43,0
2025-03-24 15:00,302.49,0
2025-03-24 16:00,302.52,0
2025-03-24 17:00,302.55,0
2025-03-24 18:00,302.57,0
2025-03-24 19:00,302.6,0
2025-03-24 20:00,302.65,0
2025-03-24 21:00,302.7,0
2025-03-24 22:00,302.71,0
2025-03-24 23:00,302.71,0
2025-03-25 00:00,302.72,0
2025-03-25 01:00,302.73,0
2025-03-25 02:00,302.74,0
2025-03-25 03:00,302.75,0
2025-03-25 04:00,302.77,0
2025-03-25 05:00,302.79,0
2025-03-25 06:00,302.8,0
2025-03-25 07:00,302.81,0
2025-03-25 08:00,302.84,0
2025-03-25 09:00,302.84,0
2025-03-25 10:00,302.84,0
2025-03-25 11:00,302.84,0
2025-03-25 12:00,302.85,0
2025-03-25 13:00,302.89,0
2025-03-25 14:00,302.97,0
2025-03-25 15:00,302.97,0
2025-03-25 16:00,302.97,0
2025-03-25 17:00,302.97,0
2025-03-25 18:00,302.97,0
2025-03-25 19:00,302.97,0
2025-03-25 20:00,303.17,0
2025-03-25 21:00,303.23,0
2025-03-25 22:00,303.46,0
2025-03-25 23:00,303.54,0
2025-03-26 00:00,303.54,0
2025-03-26 01:00,303.54,0
2025-03-26 02:00,303.54,0
2025-03-26 03:00,303.54,0
2025-03-26 04:00,303.58,0
2025-03-26 05:00,303.65,0
2025-03-26 06:00,303.77,0
2025-03-26 07:00,304.04,0
2025-03-26 08:00,304.1,0
2025-03-26 09:00,304.14,0
2025-03-26 10:00,304.19,0
2025-03-26 11:00,304.31,0
2025-03-26 12:00,304.53,0
2025-03-26 13:00,304.81,0
2025-03-26 14:00,305.54,0
2025-03-26 15:00,307.21,0
2025-03-26 16:00,308.43,0
2025-03-26 17:00,309.53,0
2025-03-26 18:00,310.39,0
2025-03-26 19:00,310.7,0
2025-03-26 20:00,310.74,0
2025-03-26 21:00,310.93,0
2025-03-26 22:00,311.08,0
2025-03-26 23:00,311.16,0
2025-03-27 00:00,311.26,0
2025-03-27 01:00,311.41,0
2025-03-27 02:00,311.41,0
2025-03-27 03:00,311.42,0
2025-03-27 04:00,311.42,0
2025-03-27 05:00,311.42,0
2025-03-27 06:00,311.44,0
2025-03-27 07:00,311.54,0
2025-03-27 08:00,311.59,0
2025-03-27 09:00,311.64,0
2025-03-27 10:00,311.76,0
2025-03-27 11:00,312.07,0
2025-03-27 12:00,312.97,0
2025-03-27 13:00,314.04,0
2025-03-27 14:00,315.23,0
2025-03-27 15:00,315.83,0
2025-03-27 16:00,316.43,0
2025-03-27 17:00,317.32,0
2025-03-27 18:00,318.4,0
2025-03-27 19:00,319.28,0
2025-03-27 20:00,319.51,0
2025-03-27 21:00,319.74,0
2025-03-27 22:00,319.94,0
2025-03-27 23:00,320.15,0
2025-03-28 00:00,320.3,0
2025-03-28 01:00,320.43,0
2025-03-28 02:00,320.57,0
2025-03-28 03:00,320.7,0
2025-03-28 04:00,320.76,0
2025-03-28 05:00,320.82,0
2025-03-28 06:00,320.86,0
2025-03-28 07:00,320.87,0
2025-03-28 08:00,320.89,0
2025-03-28 09:00,320.93,0
2025-03-28 10:00,320.97,0
2025-03-28 11:00,321.03,0
2025-03-28 12:00,321.03,0
2025-03-28 13:00,321.04,0
2025-03-28 14:00,321.06,0
2025-03-28 15:00,321.06,0
2025-03-28 16:00,321.57,0
2025-03-28 17:00,321.73,0
2025-03-28 18:00,321.79,0
2025-03-28 19:00,321.8,0
2025-03-28 20:00,321.81,0
2025-03-28 21:00,321.81,0
2025-03-28 22:00,321.83,0
2025-03-28 23:00,321.91,0
2025-03-29 00:00,322.04,0
2025-03-29 01:00,322.22,0
2025-03-29 02:00,322.33,0
2025-03-29 03:00,322.37,0
2025-03-29 04:00,322.39,0
2025-03-29 05:00,322.42,0
2025-03-29 06:00,322.48,0
2025-03-29 07:00,322.58,0
2025-03-29 08:00,323.14,0
2025-03-29 09:00,324.09,0
2025-03-29 10:00,325.1,0
2025-03-29 11:00,326.15,0
2025-03-29 12:00,327.44,0
2025-03-29 13:00,328.8,0
2025-03-29 14:00,330.03,0
2025-03-29 15:00,331.21,0
2025-03-29 16:00,332.22,0
2025-03-29 17:00,332.94,0
2025-03-29 18:00,333.37,0
2025-03-29 19:00,333.63,0
2025-03-29 20:00,334.21,0
2025-03-29 21:00,334.39,0
2025-03-29 22:00,334.49,0
2025-03-29 23:00,334.69,0
2025-03-30 00:00,334.86,0
2025-03-30 01:00,335.12,0
2025-03-30 02:00,335.31,0
2025-03-30 03:00,335.52,0
2025-03-30 04:00,336.01,0
2025-03-30 05:00,336.3,0
2025-03-30 06:00,336.51,0
2025-03-30 07:00,336.65,0
2025-03-30 08:00,336.72,0
2025-03-30 09:00,336.8,0
2025-03-30 10:00,336.9,0
2025-03-30 11:00,336.96,0
2025-03-30 12:00,337.03,0
2025-03-30 13:00,337.1,0
2025-03-30 14:00,337.12,0
2025-03-30 15:00,337.12,0
2025-03-30 16:00,337.13,0
2025-03-30 17:00,337.13,0
2025-03-30 18:00,337.14,0
2025-03-30 19:00,337.14,0
2025-03-30 20:00,337.14,0
2025-03-30 21:00,337.14,0
2025-03-30 22:00,337.14,0
2025-03-30 23:00,337.14,0
2025-03-31 00:00,337.14,0
2025-03-31 01:00,337.14,0
2025-03-31 02:00,337.14,0
2025-03-31 03:00,337.14,0
2025-03-31 04:00,337.14,0
2025-03-31 05:00,337.14,0
2025-03-31 06:00,337.15,0
2025-03-31 07:00,337.18,0
2025-03-31 08:00,337.69,0
2025-03-31 09:00,338.52,0
2025-03-31 10:00,339.39,0
2025-03-31 11:00,340.34,0
2025-03-31 12:00,341.01,0
2025-03-31 13:00,341.24,0
2025-03-31 14:00,341.26,0
2025-03-31 15:00,341.29,0
2025-03-31 16:00,341.32,0
2025-03-31 17:00,341.35,0
2025-03-31 18:00,341.43,0
2025-03-31 19:00,341.63,0
2025-03-31 20:00,341.69,0
2025-03-31 21:00,341.75,0
2025-03-31 22:00,341.81,0
2025-03-31 23:00,341.91,0
2025-04-01 00:00,342.12,0
2025-04-01 01:00,342.46,0
2025-04-01 02:00,342.94,0
2025-04-01 03:00,343.57,0
2025-04-01 04:00,344.31,0
2025-04-01 05:00,345.06,0
2025-04-01 06:00,345.71,0
2025-04-01 07:00,346.14,0
2025-04-01 08:00,346.19,0
2025-04-01 09:00,346.24,0
2025-04-01 10:00,346.35,0
2025-04-01 11:00,346.56,0
2025-04-01 12:00,346.96,0
2025-04-01 13:00,347.18,0
2025-04-01 14:00,347.36,0
2025-04-01 15:00,347.43,0
2025-04-01 16:00,347.45,0
2025-04-01 17:00,347.46,0
2025-04-01 18:00,347.46,0
2025-04-01 19:00,347.46,0
2025-04-01 20:00,347.47,0
2025-04-01 21:00,347.48,0
2025-04-01 22:00,347.48,0
2025-04-01 23:00,347.48,0
2025-04-02 00:00,347.48,0
2025-04-02 01:00,347.48,0
2025-04-02 02:00,347.58,0
2025-04-02 03:00,347.6,0
2025-04-02 04:00,347.75,0
2025-04-02 05:00,347.88,0
2025-04-02 06:00,347.94,0
2025-04-02 07:00,347.96,0
2025-04-02 08:00,347.96,0
2025-04-02 09:00,347.96,0
2025-04-02 10:00,347.97,0
2025-04-02 11:00,347.98,0
2025-04-02 12:00,348.03,0
2025-04-02 13:00,348.16,0
2025-04-02 14:00,348.38,0
2025-04-02 15:00,348.7,0
2025-04-02 16:00,348.9,0
2025-04-02 17:00,349.69,0
2025-04-02 18:00,349.75,0
2025-04-02 19:00,349.75,0
2025-04-02 20:00,349.75,0
2025-04-02 21:00,349.75,0
2025-04-02 22:00,349.75,0
2025-04-02 23:00,349.75,0
2025-04-03 00:00,349.75,0
2025-04-03 01:00,349.75,0
2025-04-03 02:00,349.75,0
2025-04-03 03:00,349.75,0
2025-04-03 04:00,349.75,0
2025-04-03 05:00,349.75,0
2025-04-03 06:00,349.75,0
2025-04-03 07:00,349.75,0
2025-04-03 08:00,349.75,0
2025-04-03 09:00,349.75,0
2025-04-03 10:00,349.75,0
2025-04-03 11:00,349.75,0
2025-04-03 12:00,349.76,0
2025-04-03 13:00,349.76,0
2025-04-03 14:00,349.76,0
2025-04-03 15:00,349.76,0
2025-04-03 16:00,349.76,0
2025-04-03 17:00,349.76,0
2025-04-03 18:00,349.76,0
2025-04-03 19:00,349.76,0
2025-04-03 20:00,349.76,0
2025-04-03 21:00,349.76,0
2025-04-03 22:00,349.76,0
2025-04-03 23:00,349.76,0
2025-04-04 00:00,349.76,0
2025-04-04 01:00,349.76,0
2025-04-04 02:00,349.76,0
2025-04-04 03:00,349.76,0
2025-04-04 04:00,349.76,0
2025-04-04 05:00,349.76,0
2025-04-04 06:00,349.76,0
2025-04-04 07:00,349.76,0
2025-04-04 08:00,349.76,0
2025-04-04 09:00,349.76,0
2025-04-04 10:00,349.76,0
2025-04-04 11:00,349.76,0
2025-04-04 12:00,349.76,0
2025-04-04 13:00,349.78,0
2025-04-04 14:00,349.8,0
2025-04-04 15:00,349.81,0
2025-04-04 16:00,349.82,0
2025-04-04 17:00,349.82,0
2025-04-04 18:00,349.82,0
2025-04-04 19:00,349.82,0
2025-04-04 20:00,349.82,0
2025-04-04 21:00,349.82,0
2025-04-04 22:00,349.82,0
2025-04-04 23:00,349.82,0
2025-04-05 00:00,349.82,0
2025-04-05 01:00,349.82,0
2025-04-05 02:00,349.82,0
2025-04-05 03:00,349.82,0
2025-04-05 04:00,349.82,0
2025-04-05 05:00,349.82,0
2025-04-05 06:00,349.82,0
2025-04-05 07:00,349.82,0
2025-04-05 08:00,349.82,0
2025-04-05 09:00,349.82,0
2025-04-05 10:00,349.82,0
2025-04-05 11:00,349.82,0
2025-04-05 12:00,349.83,0
2025-04-05 13:00,349.83,0
2025-04-05 14:00,349.83,0
2025-04-05 15:00,349.83,0
2025-04-05 16:00,349.83,0
2025-04-05 17:00,349.83,0
2025-04-05 18:00,349.83,0
2025-04-05 19:00,349.83,0
2025-04-05 20:00,349.83,0
2025-04-05 21:00,349.83,0
2025-04-05 22:00,349.83,0
2025-04-05 23:00,349.83,0
2025-04-06 00:00,349.83,0
2025-04-06 01:00,349.83,0
2025-04-06 02:00,349.85,0
2025-04-06 03:00,349.91,0
2025-04-06 04:00,349.98,0
2025-04-06 05:00,350.02,0
2025-04-06 06:00,350.03,0
2025-04-06 07:00,350.04,0
2025-04-06 08:00,350.04,0
2025-04-06 09:00,350.05,0
2025-04-06 10:00,350.06,0
2025-04-06 11:00,350.09,0
2025-04-06 12:00,350.11,0
2025-04-06 13:00,350.12,0
2025-04-06 14:00,350.19,0
2025-04-06 15:00,351.14,0
2025-04-06 16:00,351.55,0
2025-04-06 17:00,351.83,0
2025-04-06 18:00,351.94,0
2025-04-06 19:00,352.03,0
2025-04-06 20:00,352.2,0
2025-04-06 21:00,352.2,0
2025-04-06 22:00,352.2,0
2025-04-06 23:00,352.2,0
2025-04-07 00:00,352.2,0
2025-04-07 01:00,352.2,0
2025-04-07 02:00,352.2,0
2025-04-07 03:00,352.2,0
2025-04-07 04:00,352.2,0
2025-04-07 05:00,352.2,0
2025-04-07 06:00,352.2,0
2025-04-07 07:00,352.2,0
2025-04-07 08:00,352.2,0
2025-04-07 09:00,352.2,0
2025-04-07 10:00,352.2,0
2025-04-07 11:00,352.2,0
2025-04-07 12:00,352.2,0
2025-04-07 13:00,352.2,0
2025-04-07 14:00,352.2,0
2025-04-07 15:00,352.2,0
2025-04-07 16:00,352.2,0
2025-04-07 17:00,352.2,0
2025-04-07 18:00,352.2,0
2025-04-07 19:00,352.2,0
2025-04-07 20:00,352.2,0
2025-04-07 21:00,352.2,0
2025-04-07 22:00,352.2,0
2025-04-07 23:00,352.2,0
2025-04-08 00:00,352.2,0
2025-04-08 01:00,352.2,0
2025-04-08 02:00,352.2,0
2025-04-08 03:00,352.2,0
2025-04-08 04:00,352.2,0
2025-04-08 05:00,352.2,0
2025-04-08 06:00,352.2,0
2025-04-08 07:00,352.2,0
2025-04-08 08:00,352.2,0
2025-04-08 09:00,352.2,0
2025-04-08 10:00,352.2,0
2025-04-08 11:00,352.2,0
2025-04-08 12:00,352.2,0
2025-04-08 13:00,352.2,0
2025-04-08 14:00,352.2,0
2025-04-08 15:00,352.2,0
2025-04-08 16:00,352.2,0
2025-04-08 17:00,352.2,0
2025-04-08 18:00,352.2,0
2025-04-08 19:00,352.23,0
2025-04-08 20:00,352.23,0
2025-04-08 21:00,352.23,0
2025-04-08 22:00,352.23,0
2025-04-08 23:00,352.23,0
2025-04-09 00:00,352.23,0
2025-04-09 01:00,352.23,0
2025-04-09 02:00,352.23,0
2025-04-09 03:00,352.23,0
2025-04-09 04:00,352.23,0
2025-04-09 05:00,352.23,0
2025-04-09 06:00,352.23,0
2025-04-09 07:00,352.23,0
2025-04-09 08:00,352.23,0
2025-04-09 09:00,352.23,0
2025-04-09 10:00,352.23,0
2025-04-09 11:00,352.23,0
2025-04-09 12:00,352.23,0
2025-04-09 13:00,352.23,0
2025-04-09 14:00,352.23,0
2025-04-09 15:00,352.23,0
2025-04-09 16:00,352.23,0
2025-04-09 17:00,352.23,0
2025-04-09 18:00,352.23,0
2025-04-09 19:00,352.23,0
2025-04-09 20:00,352.23,0
2025-04-09 21:00,352.23,0
2025-04-09 22:00,352.23,0
2025-04-09 23:00,352.23,0
2025-04-10 00:00,352.23,0
2025-04-10 01:00,352.23,0
2025-04-10 02:00,352.23,0
2025-04-10 03:00,352.23,0
2025-04-10 04:00,352.23,0
2025-04-10 05:00,352.23,0
2025-04-10 06:00,352.23,0
2025-04-10 07:00,352.23,0
2025-04-10 08:00,352.23,0
2025-04-10 09:00,352.23,0
2025-04-10 10:00,352.23,0
2025-04-10 11:00,352.25,0
2025-04-10 12:00,352.26,0
2025-04-10 13:00,352.34,0
2025-04-10 14:00,352.47,0
2025-04-10 15:00,352.52,0
2025-04-10 16:00,352.52,0
2025-04-10 17:00,352.56,0
2025-04-10 18:00,352.56,0
2025-04-10 19:00,352.56,0
2025-04-10 20:00,352.56,0
2025-04-10 21:00,352.56,0
2025-04-10 22:00,352.56,0
2025-04-10 23:00,352.56,0
2025-04-11 00:00,352.56,0
2025-04-11 01:00,352.56,0
2025-04-11 02:00,352.56,0
2025-04-11 03:00,352.56,0
2025-04-11 04:00,352.56,0
2025-04-11 05:00,352.56,0
2025-04-11 06:00,352.56,0
2025-04-11 07:00,352.56,0
2025-04-11 08:00,352.56,0
2025-04-11 09:00,352.56,0
2025-04-11 10:00,352.56,0
2025-04-11 11:00,352.56,0
2025-04-11 12:00,352.56,0
2025-04-11 13:00,352.56,0
2025-04-11 14:00,352.56,0
2025-04-11 15:00,352.56,0
2025-04-11 16:00,352.56,0
2025-04-11 17:00,352.56,0
2025-04-11 18:00,352.56,0
2025-04-11 19:00,352.56,0
2025-04-11 20:00,352.56,0
2025-04-11 21:00,352.57,0
2025-04-11 22:00,352.58,0
2025-04-11 23:00,352.59,0
2025-04-12 00:00,352.59,0
2025-04-12 01:00,352.59,0
2025-04-12 02:00,352.59,0
2025-04-12 03:00,352.6,0
2025-04-12 04:00,352.61,0
2025-04-12 05:00,352.63,0
2025-04-12 06:00,352.66,0
2025-04-12 07:00,352.69,0
2025-04-12 08:00,352.7,0
2025-04-12 09:00,352.71,0
2025-04-12 10:00,352.71,0
2025-04-12 11:00,352.71,0
2025-04-12 12:00,352.71,0
2025-04-12 13:00,352.71,0
2025-04-12 14:00,352.71,0
2025-04-12 15:00,352.71,0
2025-04-12 16:00,352.71,0
2025-04-12 17:00,352.71,0
2025-04-12 18:00,352.71,0
2025-04-12 19:00,352.71,0
2025-04-12 20:00,352.71,0
2025-04-12 21:00,352.71,0
2025-04-12 22:00,352.71,0
2025-04-12 23:00,352.71,0
2025-04-13 00:00,352.71,0
2025-04-13 01:00,352.71,0
2025-04-13 02:00,352.71,0
2025-04-13 03:00,352.71,0
2025-04-13 04:00,352.71,0
2025-04-13 05:00,352.8,0
2025-04-13 06:00,352.81,0
2025-04-13 07:00,352.81,0
2025-04-13 08:00,352.81,0
2025-04-13 09:00,352.81,0
2025-04-13 10:00,352.81,0
2025-04-13 11:00,352.81,0
2025-04-13 12:00,352.81,0
2025-04-13 13:00,352.81,0
2025-04-13 14:00,352.81,0
2025-04-13 15:00,352.81,0
2025-04-13 16:00,352.81,0
2025-04-13 17:00,352.81,0
2025-04-13 18:00,352.81,0
2025-04-13 19:00,352.81,0
2025-04-13 20:00,352.81,0
2025-04-13 21:00,352.81,0
2025-04-13 22:00,352.81,0
2025-04-13 23:00,352.81,0
2025-04-14 00:00,352.81,0
2025-04-14 01:00,352.81,0
2025-04-14 02:00,352.81,0
2025-04-14 03:00,352.92,0
2025-04-14 04:00,353.16,0
2025-04-14 05:00,353.16,0
2025-04-14 06:00,353.16,0
2025-04-14 07:00,353.2,0
2025-04-14 08:00,353.2,0
2025-04-14 09:00,353.2,0
2025-04-14 10:00,353.32,0
2025-04-14 11:00,353.32,0
2025-04-14 12:00,353.32,0
2025-04-14 13:00,353.32,0
2025-04-14 14:00,353.32,0
2025-04-14 15:00,353.32,0
2025-04-14 16:00,353.34,0
2025-04-14 17:00,353.54,0
2025-04-14 18:00,353.85,0
2025-04-14 19:00,354.3,0
2025-04-14 20:00,354.34,0
2025-04-14 21:00,354.47,0
2025-04-14 22:00,355.18,0
2025-04-14 23:00,355.85,0
2025-04-15 00:00,356.53,0
2025-04-15 01:00,357.11,0
2025-04-15 02:00,358.1,0
2025-04-15 03:00,358.44,0
2025-04-15 04:00,358.82,0
2025-04-15 05:00,359.32,0
2025-04-15 06:00,359.56,0
2025-04-15 07:00,359.74,0
2025-04-15 08:00,359.77,0
2025-04-15 09:00,359.79,0
2025-04-15 10:00,359.79,0
2025-04-15 11:00,359.86,0
2025-04-15 12:00,359.86,0
2025-04-15 13:00,359.86,0
2025-04-15 14:00,359.86,0
2025-04-15 15:00,359.86,0
2025-04-15 16:00,359.86,0
2025-04-15 17:00,359.86,0
2025-04-15 18:00,359.86,0
2025-04-15 19:00,359.86,0
2025-04-15 20:00,359.86,0
2025-04-15 21:00,359.86,0
2025-04-15 22:00,359.86,0
2025-04-15 23:00,359.86,0
2025-04-16 00:00,359.86,0
2025-04-16 01:00,359.86,0
2025-04-16 02:00,359.86,0
2025-04-16 03:00,359.86,0
2025-04-16 04:00,359.86,0
2025-04-16 05:00,359.86,0
2025-04-16 06:00,359.86,0
2025-04-16 07:00,359.86,0
2025-04-16 08:00,359.86,0
2025-04-16 09:00,359.86,0
2025-04-16 10:00,359.86,0
2025-04-16 11:00,359.86,0
2025-04-16 12:00,359.86,0
2025-04-16 13:00,359.92,0
2025-04-16 14:00,360.19,0
2025-04-16 15:00,360.2,0
2025-04-16 16:00,360.2,0
2025-04-16 17:00,360.2,0
2025-04-16 18:00,360.2,0
2025-04-16 19:00,360.2,0
2025-04-16 20:00,360.45,0
2025-04-16 21:00,360.45,0
2025-04-16 22:00,360.46,0
2025-04-16 23:00,360.49,0
2025-04-17 00:00,360.49,0
2025-04-17 01:00,360.51,0
2025-04-17 02:00,360.67,0
2025-04-17 03:00,360.76,0
2025-04-17 04:00,361.08,0
2025-04-17 05:00,361.59,0
2025-04-17 06:00,362.46,0
2025-04-17 07:00,363.04,0
2025-04-17 08:00,363.82,0
2025-04-17 09:00,364.33,0
2025-04-17 10:00,364.64,0
2025-04-17 11:00,365.0,0
2025-04-17 12:00,365.27,0
2025-04-17 13:00,365.7,0
2025-04-17 14:00,367.0,0
2025-04-17 15:00,367.18,0
2025-04-17 16:00,368.03,0
2025-04-17 17:00,370.45,0
2025-04-17 18:00,373.06,0
2025-04-17 19:00,375.17,0
2025-04-17 20:00,375.65,0
2025-04-17 21:00,376.42,0
2025-04-17 22:00,377.12,0
2025-04-17 23:00,377.33,0
2025-04-18 00:00,377.38,0
2025-04-18 01:00,377.39,0
2025-04-18 02:00,377.48,0
2025-04-18 03:00,377.66,0
2025-04-18 04:00,378.02,0
2025-04-18 05:00,378.67,0
2025-04-18 06:00,379.27,0
2025-04-18 07:00,379.5,0
2025-04-18 08:00,379.61,0
2025-04-18 09:00,379.69,0
2025-04-18 10:00,379.75,0
2025-04-18 11:00,379.81,0
2025-04-18 12:00,379.86,0
2025-04-18 13:00,379.95,0
2025-04-18 14:00,380.0,0
2025-04-18 15:00,380.06,0
2025-04-18 16:00,380.08,0
2025-04-18 17:00,380.08,0
2025-04-18 18:00,380.09,0
2025-04-18 19:00,380.1,0
2025-04-18 20:00,380.1,0
2025-04-18 21:00,380.1,0
2025-04-18 22:00,380.1,0
2025-04-18 23:00,380.1,0
2025-04-19 00:00,380.1,0
2025-04-19 01:00,380.1,0
2025-04-19 02:00,380.1,0
2025-04-19 03:00,380.1,0
2025-04-19 04:00,380.1,0
2025-04-19 05:00,380.1,0
2025-04-19 06:00,380.1,0
2025-04-19 07:00,380.1,0
2025-04-19 08:00,380.1,0
2025-04-19 09:00,380.1,0
2025-04-19 10:00,380.1,0
2025-04-19 11:00,380.1,0
2025-04-19 12:00,380.1,0
2025-04-19 13:00,380.1,0
2025-04-19 14:00,380.1,0
2025-04-19 15:00,380.1,0
2025-04-19 16:00,380.1,0
2025-04-19 17:00,380.1,0
2025-04-19 18:00,380.1,0
2025-04-19 19:00,380.1,0
2025-04-19 20:00,380.1,0
2025-04-19 21:00,380.1,0
2025-04-19 22:00,380.1,0
2025-04-19 23:00,380.1,0
2025-04-20 00:00,380.1,0
2025-04-20 01:00,380.1,0
2025-04-20 02:00,380.1,0
2025-04-20 03:00,380.1,0
2025-04-20 04:00,380.1,0
2025-04-20 05:00,380.1,0
2025-04-20 06:00,380.1,0
2025-04-20 07:00,380.1,0
2025-04-20 08:00,380.1,0
2025-04-20 09:00,380.1,0
2025-04-20 10:00,380.1,0
2025-04-20 11:00,380.1,0
2025-04-20 12:00,380.1,0
2025-04-20 13:00,380.1,0
2025-04-20 14:00,380.1,0
2025-04-20 15:00,380.1,0
2025-04-20 16:00,380.1,0
2025-04-20 17:00,380.1,0
2025-04-20 18:00,380.1,0
2025-04-20 19:00,380.1,0
2025-04-20 20:00,380.1,0
2025-04-20 21:00,380.1,0
2025-04-20 22:00,380.1,0
2025-04-20 23:00,380.1,0
2025-04-21 00:00,380.1,0
2025-04-21 01:00,380.1,0
2025-04-21 02:00,380.1,0
2025-04-21 03:00,380.1,0
2025-04-21 04:00,380.1,0
2025-04-21 05:00,380.1,0
2025-04-21 06:00,380.1,0
2025-04-21 07:00,380.1,0
2025-04-21 08:00,380.1,0
2025-04-21 09:00,380.1,0
2025-04-21 10:00,380.1,0
2025-04-21 11:00,380.1,0
2025-04-21 12:00,380.12,0
2025-04-21 13:00,380.12,0
2025-04-21 14:00,380.12,0
2025-04-21 15:00,380.14,0
2025-04-21 16:00,380.14,0
2025-04-21 17:00,380.18,0
2025-04-21 18:00,380.28,0
2025-04-21 19:00,380.32,0
2025-04-21 20:00,380.32,0
2025-04-21 21:00,380.32,0
2025-04-21 22:00,380.32,0
2025-04-21 23:00,380.32,0
2025-04-22 00:00,380.32,0
2025-04-22 01:00,380.32,0
2025-04-22 02:00,380.32,0
2025-04-22 03:00,380.32,0
2025-04-22 04:00,380.32,0
2025-04-22 05:00,380.32,0
2025-04-22 06:00,380.32,0
2025-04-22 07:00,380.32,0
2025-04-22 08:00,380.32,0
2025-04-22 09:00,380.32,0
2025-04-22 10:00,380.32,0
2025-04-22 11:00,380.32,0
2025-04-22 12:00,380.32,0
2025-04-22 13:00,380.32,0
2025-04-22 14:00,380.32,0
2025-04-22 15:00,380.32,0
2025-04-22 16:00,380.32,0
2025-04-22 17:00,380.32,0
2025-04-22 18:00,380.32,0
2025-04-22 19:00,380.32,0
2025-04-22 20:00,380.32,0
2025-04-22 21:00,380.32,0
2025-04-22 22:00,380.32,0
2025-04-22 23:00,380.32,0
2025-04-23 00:00,380.32,0
2025-04-23 01:00,380.32,0
2025-04-23 02:00,380.34,0
2025-04-23 03:00,380.37,0
2025-04-23 04:00,380.41,0
2025-04-23 05:00,380.46,0
2025-04-23 06:00,380.51,0
2025-04-23 07:00,380.55,0
2025-04-23 08:00,380.56,0
2025-04-23 09:00,380.56,0
2025-04-23 10:00,380.57,0
2025-04-23 11:00,380.57,0
2025-04-23 12:00,380.57,0
2025-04-23 13:00,380.59,0
2025-04-23 14:00,380.69,0
2025-04-23 15:00,380.72,0
2025-04-23 16:00,380.95,0
2025-04-23 17:00,381.03,0
2025-04-23 18:00,381.03,0
2025-04-23 19:00,381.03,0
2025-04-23 20:00,381.03,0
2025-04-23 21:00,381.03,0
2025-04-23 22:00,381.05,0
2025-04-23 23:00,381.09,0
2025-04-24 00:00,381.12,0
2025-04-24 01:00,381.15,0
2025-04-24 02:00,381.22,0
2025-04-24 03:00,381.29,0
2025-04-24 04:00,381.37,0
2025-04-24 05:00,381.45,0
2025-04-24 06:00,381.56,0
2025-04-24 07:00,381.67,0
2025-04-24 08:00,381.7,0
2025-04-24 09:00,381.77,0
2025-04-24 10:00,382.01,0
2025-04-24 11:00,382.16,0
2025-04-24 12:00,382.6,0
2025-04-24 13:00,383.72,0
2025-04-24 14:00,385.1,0
2025-04-24 15:00,386.47,0
2025-04-24 16:00,386.89,0
2025-04-24 17:00,387.13,0
2025-04-24 18:00,387.2,0
2025-04-24 19:00,387.24,0
2025-04-24 20:00,387.27,0
2025-04-24 21:00,387.27,0
2025-04-24 22:00,387.27,0
2025-04-24 23:00,387.27,0
2025-04-25 00:00,387.27,0
2025-04-25 01:00,387.27,0
2025-04-25 02:00,387.27,0
2025-04-25 03:00,387.27,0
2025-04-25 04:00,387.27,0
2025-04-25 05:00,387.27,0
2025-04-25 06:00,387.27,0
2025-04-25 07:00,387.28,0
2025-04-25 08:00,387.28,0
2025-04-25 09:00,387.28,0
2025-04-25 10:00,387.28,0
2025-04-25 11:00,387.32,0
2025-04-25 12:00,387.38,0
2025-04-25 13:00,387.41,0
2025-04-25 14:00,387.45,0
2025-04-25 15:00,387.58,0
2025-04-25 16:00,387.75,0
2025-04-25 17:00,387.91,0
2025-04-25 18:00,388.0,0
2025-04-25 19:00,388.12,0
2025-04-25 20:00,388.18,0
2025-04-25 21:00,388.22,0
2025-04-25 22:00,388.25,0
2025-04-25 23:00,388.26,0
2025-04-26 00:00,388.27,0
2025-04-26 01:00,388.28,0
2025-04-26 02:00,388.29,0
2025-04-26 03:00,388.32,0
2025-04-26 04:00,388.35,0
2025-04-26 05:00,388.4,0
2025-04-26 06:00,388.58,0
2025-04-26 07:00,388.65,0
2025-04-26 08:00,388.66,0
2025-04-26 09:00,388.68,0
2025-04-26 10:00,388.74,0
2025-04-26 11:00,388.9,0
2025-04-26 12:00,389.0,0
2025-04-26 13:00,389.11,0
2025-04-26 14:00,389.19,0
2025-04-26 15:00,389.28,0
2025-04-26 16:00,389.3,0
2025-04-26 17:00,389.32,0
2025-04-26 18:00,389.34,0
2025-04-26 19:00,389.34,0
2025-04-26 20:00,389.35,0
2025-04-26 21:00,389.35,0
2025-04-26 22:00,389.35,0
2025-04-26 23:00,389.35,0
2025-04-27 00:00,389.35,0
2025-04-27 01:00,389.35,0
2025-04-27 02:00,389.35,0
2025-04-27 03:00,389.35,0
2025-04-27 04:00,389.35,0
2025-04-27 05:00,389.35,0
2025-04-27 06:00,389.35,0
2025-04-27 07:00,389.35,0
2025-04-27 08:00,389.35,0
2025-04-27 09:00,389.35,0
2025-04-27 10:00,389.35,0
2025-04-27 11:00,389.38,0
2025-04-27 12:00,389.43,0
2025-04-27 13:00,389.45,0
2025-04-27 14:00,389.49,0
2025-04-27 15:00,389.49,0
2025-04-27 16:00,389.49,0
2025-04-27 17:00,389.5,0
2025-04-27 18:00,389.64,0
2025-04-27 19:00,389.77,0
2025-04-27 20:00,389.96,0
2025-04-27 21:00,390.13,0
2025-04-27 22:00,390.14,0
2025-04-27 23:00,390.14,0
2025-04-28 00:00,390.14,0
2025-04-28 01:00,390.14,0
2025-04-28 02:00,390.14,0
2025-04-28 03:00,390.14,0
2025-04-28 04:00,390.14,0
2025-04-28 05:00,390.14,0
2025-04-28 06:00,390.14,0
2025-04-28 07:00,390.14,0
2025-04-28 08:00,390.14,0
2025-04-28 09:00,390.14,0
2025-04-28 10:00,390.15,0
2025-04-28 11:00,390.18,0
2025-04-28 12:00,390.23,0
2025-04-28 13:00,390.28,0
2025-04-28 14:00,390.45,0
2025-04-28 15:00,392.34,0
2025-04-28 16:00,392.75,0
2025-04-28 17:00,393.29,0
2025-04-28 18:00,393.32,0
2025-04-28 19:00,393.32,0
2025-04-28 20:00,393.82,0
2025-04-28 21:00,393.83,0
2025-04-28 22:00,393.83,0
2025-04-28 23:00,393.83,0
2025-04-29 00:00,393.83,0
2025-04-29 01:00,393.83,0
2025-04-29 02:00,393.83,0
2025-04-29 03:00,393.83,0
2025-04-29 04:00,393.83,0
2025-04-29 05:00,393.83,0
2025-04-29 06:00,393.83,0
2025-04-29 07:00,393.83,0
2025-04-29 08:00,393.83,0
2025-04-29 09:00,393.83,0
2025-04-29 10:00,393.83,0
2025-04-29 11:00,393.83,0
2025-04-29 12:00,393.84,0
2025-04-29 13:00,393.86,0
2025-04-29 14:00,393.88,0
2025-04-29 15:00,394.4,0
2025-04-29 16:00,394.74,0
2025-04-29 17:00,394.86,0
2025-04-29 18:00,394.86,0
2025-04-29 19:00,394.86,0
2025-04-29 20:00,394.86,0
2025-04-29 21:00,394.86,0
2025-04-29 22:00,394.86,0
2025-04-29 23:00,394.86,0
2025-04-30 00:00,394.86,0
2025-04-30 01:00,394.86,0
2025-04-30 02:00,394.86,0
2025-04-30 03:00,394.86,0
2025-04-30 04:00,394.86,0
2025-04-30 05:00,394.86,0
2025-04-30 06:00,394.86,0
2025-04-30 07:00,394.86,0
2025-04-30 08:00,394.86,0
2025-04-30 09:00,394.86,0
2025-04-30 10:00,394.86,0
2025-04-30 11:00,394.86,0
2025-04-30 12:00,394.86,0
2025-04-30 13:00,394.86,0
2025-04-30 14:00,394.86,0
2025-04-30 15:00,394.86,0
2025-04-30 16:00,394.86,0
2025-04-30 17:00,394.86,0
2025-04-30 18:00,394.86,0
2025-04-30 19:00,394.86,0
2025-04-30 20:00,394.86,0
2025-04-30 21:00,394.86,0
2025-04-30 22:00,394.86,0
2025-04-30 23:00,394.86,0
2025-05-01 00:00,394.86,0
2025-05-01 01:00,394.86,0
2025-05-01 02:00,394.86,0
2025-05-01 03:00,394.86,0
2025-05-01 04:00,394.86,0
2025-05-01 05:00,394.86,0
2025-05-01 06:00,394.86,0
2025-05-01 07:00,394.86,0
2025-05-01 08:00,394.86,0
2025-05-01 09:00,394.86,0
2025-05-01 10:00,394.86,0
2025-05-01 11:00,394.86,0
2025-05-01 12:00,394.86,0
2025-05-01 13:00,394.86,0
2025-05-01 14:00,394.86,0
2025-05-01 15:00,394.86,0
2025-05-01 16:00,394.86,0
2025-05-01 17:00,394.86,0
2025-05-01 18:00,394.86,0
2025-05-01 19:00,394.86,0
2025-05-01 20:00,394.86,0
2025-05-01 21:00,394.86,0
2025-05-01 22:00,394.86,0
2025-05-01 23:00,394.86,0
2025-05-02 00:00,394.86,0
2025-05-02 01:00,394.86,0
2025-05-02 02:00,394.86,0
2025-05-02 03:00,394.86,0
2025-05-02 04:00,394.86,0
2025-05-02 05:00,394.86,0
2025-05-02 06:00,394.86,0
2025-05-02 07:00,394.86,0
2025-05-02 08:00,394.86,0
2025-05-02 09:00,394.86,0
2025-05-02 10:00,394.86,0
2025-05-02 11:00,394.86,0
2025-05-02 12:00,394.86,0
2025-05-02 13:00,394.86,0
2025-05-02 14:00,394.86,0
2025-05-02 15:00,394.86,0
2025-05-02 16:00,394.86,0
2025-05-02 17:00,394.86,0
2025-05-02 18:00,394.86,0
2025-05-02 19:00,394.86,0
2025-05-02 20:00,394.86,0
2025-05-02 21:00,394.86,0
2025-05-02 22:00,394.86,0
2025-05-02 23:00,394.86,0
2025-05-03 00:00,394.86,0
2025-05-03 01:00,394.86,0
2025-05-03 02:00,394.86,0
2025-05-03 03:00,394.86,0
2025-05-03 04:00,394.86,0
2025-05-03 05:00,394.86,0
2025-05-03 06:00,394.86,0
2025-05-03 07:00,394.86,0
2025-05-03 08:00,394.86,0
2025-05-03 09:00,394.86,0
2025-05-03 10:00,394.86,0
2025-05-03 11:00,394.86,0
2025-05-03 12:00,394.86,0
2025-05-03 13:00,394.86,0
2025-05-03 14:00,394.86,0
2025-05-03 15:00,394.86,0
2025-05-03 16:00,394.86,0
2025-05-03 17:00,394.86,0
2025-05-03 18:00,394.86,0
2025-05-03 19:00,394.86,0
2025-05-03 20:00,394.86,0
2025-05-03 21:00,394.86,0
2025-05-03 22:00,394.86,0
2025-05-03 23:00,394.86,0
2025-05-04 00:00,394.86,0
2025-05-04 01:00,394.86,0
2025-05-04 02:00,394.86,0
2025-05-04 03:00,394.86,0
2025-05-04 04:00,394.86,0
2025-05-04 05:00,394.86,0
2025-05-04 06:00,394.86,0
2025-05-04 07:00,394.86,0
2025-05-04 08:00,394.86,0
2025-05-04 09:00,394.86,0
2025-05-04 10:00,394.86,0
2025-05-04 11:00,394.86,0
2025-05-04 12:00,394.86,0
2025-05-04 13:00,394.86,0
2025-05-04 14:00,394.86,0
2025-05-04 15:00,394.86,0
2025-05-04 16:00,394.86,0
2025-05-04 17:00,394.86,0
2025-05-04 18:00,395.08,0
2025-05-04 19:00,395.61,0
2025-05-04 20:00,395.76,0
2025-05-04 21:00,395.78,0
2025-05-04 22:00,395.78,0
2025-05-04 23:00,395.78,0
2025-05-05 00:00,395.78,0
2025-05-05 01:00,395.78,0
2025-05-05 02:00,395.78,0
2025-05-05 03:00,395.79,0
2025-05-05 04:00,395.8,0
2025-05-05 05:00,395.81,0
2025-05-05 06:00,395.81,0
2025-05-05 07:00,395.81,0
2025-05-05 08:00,395.81,0
2025-05-05 09:00,395.81,0
2025-05-05 10:00,395.81,0
2025-05-05 11:00,395.81,0
2025-05-05 12:00,395.82,0
2025-05-05 13:00,395.89,0
2025-05-05 14:00,396.05,0
2025-05-05 15:00,396.15,0
2025-05-05 16:00,396.23,0
2025-05-05 17:00,396.31,0
2025-05-05 18:00,396.37,0
2025-05-05 19:00,396.42,0
2025-05-05 20:00,396.44,0
2025-05-05 21:00,396.48,0
2025-05-05 22:00,396.59,0
2025-05-05 23:00,396.7,0
2025-05-06 00:00,396.8,0
2025-05-06 01:00,396.89,0
2025-05-06 02:00,396.98,0
2025-05-06 03:00,397.07,0
2025-05-06 04:00,397.12,0
2025-05-06 05:00,397.18,0
2025-05-06 06:00,397.23,0
2025-05-06 07:00,397.27,0
2025-05-06 08:00,397.58,0
2025-05-06 09:00,398.92,0
2025-05-06 10:00,400.35,0
2025-05-06 11:00,402.01,0
2025-05-06 12:00,402.41,0
2025-05-06 13:00,402.52,0
2025-05-06 14:00,402.62,0
2025-05-06 15:00,402.68,0
2025-05-06 16:00,402.74,0
2025-05-06 17:00,402.93,0
2025-05-06 18:00,403.06,0
2025-05-06 19:00,403.12,0
2025-05-06 20:00,403.13,0
2025-05-06 21:00,403.24,0
2025-05-06 22:00,403.25,0
2025-05-06 23:00,403.26,0
2025-05-07 00:00,403.27,0
2025-05-07 01:00,403.28,0
2025-05-07 02:00,403.28,0
2025-05-07 03:00,403.28,0
2025-05-07 04:00,403.28,0
2025-05-07 05:00,403.29,0
2025-05-07 06:00,403.3,0
2025-05-07 07:00,403.31,0
2025-05-07 08:00,403.32,0
2025-05-07 09:00,403.34,0
2025-05-07 10:00,403.48,0
2025-05-07 11:00,403.63,0
2025-05-07 12:00,403.87,0
2025-05-07 13:00,404.17,0
2025-05-07 14:00,404.21,0
2025-05-07 15:00,404.31,0
2025-05-07 16:00,404.44,0
2025-05-07 17:00,404.77,0
2025-05-07 18:00,405.22,0
2025-05-07 19:00,405.75,0
2025-05-07 20:00,406.12,0
2025-05-07 21:00,406.34,0
2025-05-07 22:00,406.54,0
2025-05-07 23:00,406.61,0
2025-05-08 00:00,406.63,0
2025-05-08 01:00,406.65,0
2025-05-08 02:00,406.65,0
2025-05-08 03:00,406.65,0
2025-05-08 04:00,406.65,0
2025-05-08 05:00,406.65,0
2025-05-08 06:00,406.65,0
2025-05-08 07:00,406.66,0
2025-05-08 08:00,406.66,0
2025-05-08 09:00,406.66,0
2025-05-08 10:00,406.66,0
2025-05-08 11:00,406.66,0
2025-05-08 12:00,406.7,0
2025-05-08 13:00,406.7,0
2025-05-08 14:00,406.7,0
2025-05-08 15:00,406.7,0
2025-05-08 16:00,406.7,0
2025-05-08 17:00,406.7,0
2025-05-08 18:00,406.7,0
2025-05-08 19:00,406.7,0
2025-05-08 20:00,406.7,0
2025-05-08 21:00,406.7,0
2025-05-08 22:00,406.7,0
2025-05-08 23:00,406.7,0
2025-05-09 00:00,406.7,0
2025-05-09 01:00,406.7,0
2025-05-09 02:00,406.7,0
2025-05-09 03:00,406.7,0
2025-05-09 04:00,406.7,0
2025-05-09 05:00,406.7,0
2025-05-09 06:00,406.7,0
2025-05-09 07:00,406.7,0
2025-05-09 08:00,406.7,0
2025-05-09 09:00,406.7,0
2025-05-09 10:00,406.7,0
2025-05-09 11:00,406.7,0
2025-05-09 12:00,406.7,0
2025-05-09 13:00,406.7,0
2025-05-09 14:00,406.7,0
2025-05-09 15:00,406.7,0
2025-05-09 16:00,406.7,0
2025-05-09 17:00,406.7,0
2025-05-09 18:00,406.7,0
2025-05-09 19:00,406.7,0
2025-05-09 20:00,406.7,0
2025-05-09 21:00,406.7,0
2025-05-09 22:00,406.7,0
2025-05-09 23:00,406.7,0
2025-05-10 00:00,406.7,0
2025-05-10 01:00,406.7,0
2025-05-10 02:00,406.7,0
2025-05-10 03:00,406.7,0
2025-05-10 04:00,406.7,0
2025-05-10 05:00,406.7,0
2025-05-10 06:00,406.7,0
2025-05-10 07:00,406.7,0
2025-05-10 08:00,406.7,0
2025-05-10 09:00,406.7,0
2025-05-10 10:00,406.7,0
2025-05-10 11:00,406.7,0
2025-05-10 12:00,406.7,0
2025-05-10 13:00,406.73,0
2025-05-10 14:00,406.74,0
2025-05-10 15:00,406.75,0
2025-05-10 16:00,406.75,0
2025-05-10 17:00,406.75,0
2025-05-10 18:00,406.75,0
2025-05-10 19:00,406.75,0
2025-05-10 20:00,406.75,0
2025-05-10 21:00,406.75,0
2025-05-10 22:00,406.75,0
2025-05-10 23:00,406.75,0
2025-05-11 00:00,406.75,0
2025-05-11 01:00,406.75,0
2025-05-11 02:00,406.75,0
2025-05-11 03:00,406.75,0
2025-05-11 04:00,406.83,0
2025-05-11 05:00,406.85,0
2025-05-11 06:00,406.86,0
2025-05-11 07:00,406.87,0
2025-05-11 08:00,406.89,0
2025-05-11 09:00,406.91,0
2025-05-11 10:00,407.03,0
2025-05-11 11:00,407.21,0
2025-05-11 12:00,407.89,0
2025-05-11 13:00,408.1,0
2025-05-11 14:00,408.23,0
2025-05-11 15:00,408.3,0
2025-05-11 16:00,408.37,0
2025-05-11 17:00,408.37,0
2025-05-11 18:00,408.38,0
2025-05-11 19:00,408.44,0
2025-05-11 20:00,408.44,0
2025-05-11 21:00,408.44,0
2025-05-11 22:00,408.44,0
2025-05-11 23:00,408.44,0
2025-05-12 00:00,408.45,0
2025-05-12 01:00,408.45,0
2025-05-12 02:00,408.45,0
2025-05-12 03:00,408.46,0
2025-05-12 04:00,408.46,0
2025-05-12 05:00,408.47,0
2025-05-12 06:00,408.48,0
2025-05-12 07:00,408.48,0
2025-05-12 08:00,408.48,0
2025-05-12 09:00,408.48,0
2025-05-12 10:00,408.48,0
2025-05-12 11:00,408.48,0
2025-05-12 12:00,408.48,0
2025-05-12 13:00,408.48,0
2025-05-12 14:00,408.49,0
2025-05-12 15:00,408.52,0
2025-05-12 16:00,408.52,0
2025-05-12 17:00,408.52,0
2025-05-12 18:00,408.53,0
2025-05-12 19:00,408.53,0
2025-05-12 20:00,408.53,0
2025-05-12 21:00,408.53,0
2025-05-12 22:00,408.53,0
2025-05-12 23:00,408.53,0
2025-05-13 00:00,408.53,0
2025-05-13 01:00,408.53,0
2025-05-13 02:00,408.53,0
2025-05-13 03:00,408.53,0
2025-05-13 04:00,408.54,0
2025-05-13 05:00,408.55,0
2025-05-13 06:00,408.56,0
2025-05-13 07:00,408.56,0
2025-05-13 08:00,408.59,0
2025-05-13 09:00,408.62,0
2025-05-13 10:00,408.73,0
2025-05-13 11:00,408.76,0
2025-05-13 12:00,408.8,0
2025-05-13 13:00,408.89,0
2025-05-13 14:00,409.38,0
2025-05-13 15:00,410.11,0
2025-05-13 16:00,410.28,0
2025-05-13 17:00,410.66,0
2025-05-13 18:00,411.14,0
2025-05-13 19:00,411.15,0
2025-05-13 20:00,411.15,0
2025-05-13 21:00,411.15,0
2025-05-13 22:00,411.15,0
2025-05-13 23:00,411.15,0
2025-05-14 00:00,411.15,0
2025-05-14 01:00,411.15,0
2025-05-14 02:00,411.15,0
2025-05-14 03:00,411.15,0
2025-05-14 04:00,411.15,0
2025-05-14 05:00,411.16,0
2025-05-14 06:00,411.16,0
2025-05-14 07:00,411.16,0
2025-05-14 08:00,411.16,0
2025-05-14 09:00,411.16,0
2025-05-14 10:00,411.19,0
2025-05-14 11:00,411.23,0
2025-05-14 12:00,411.26,0
2025-05-14 13:00,411.31,0
2025-05-14 14:00,411.42,0
2025-05-14 15:00,411.45,0
2025-05-14 16:00,411.48,0
2025-05-14 17:00,411.48,0
2025-05-14 18:00,411.48,0
2025-05-14 19:00,411.48,0
2025-05-14 20:00,411.48,0
2025-05-14 21:00,411.48,0
2025-05-14 22:00,411.48,0
2025-05-14 23:00,411.48,0
2025-05-15 00:00,411.48,0
2025-05-15 01:00,411.48,0
2025-05-15 02:00,411.54,0
2025-05-15 03:00,411.67,0
2025-05-15 04:00,411.72,0
2025-05-15 05:00,411.72,0
2025-05-15 06:00,411.72,0
2025-05-15 07:00,411.72,0
2025-05-15 08:00,411.72,0
2025-05-15 09:00,411.72,0
2025-05-15 10:00,411.72,0
2025-05-15 11:00,411.72,0
2025-05-15 12:00,411.96,0
2025-05-15 13:00,412.11,0
2025-05-15 14:00,412.32,0
2025-05-15 15:00,413.11,0
2025-05-15 16:00,413.89,0
2025-05-15 17:00,414.74,0
2025-05-15 18:00,417.0,0
2025-05-15 19:00,418.36,0
2025-05-15 20:00,418.79,0
2025-05-15 21:00,418.99,0
2025-05-15 22:00,419.09,0
2025-05-15 23:00,419.12,0
2025-05-16 00:00,419.14,0
2025-05-16 01:00,419.15,0
2025-05-16 02:00,419.16,0
2025-05-16 03:00,419.18,0
2025-05-16 04:00,419.21,0
2025-05-16 05:00,419.23,0
2025-05-16 06:00,419.24,0
2025-05-16 07:00,419.26,0
2025-05-16 08:00,419.35,0
2025-05-16 09:00,419.4,0
2025-05-16 10:00,419.47,0
2025-05-16 11:00,419.48,0
2025-05-16 12:00,419.49,0
2025-05-16 13:00,419.5,0
2025-05-16 14:00,419.5,0
2025-05-16 15:00,419.5,0
2025-05-16 16:00,419.5,0
2025-05-16 17:00,419.5,0
2025-05-16 18:00,419.5,0
2025-05-16 19:00,419.5,0
2025-05-16 20:00,419.52,0
2025-05-16 21:00,419.54,0
2025-05-16 22:00,419.55,0
2025-05-16 23:00,419.57,0
2025-05-17 00:00,419.57,0
2025-05-17 01:00,419.57,0
2025-05-17 02:00,419.57,0
2025-05-17 03:00,419.57,0
2025-05-17 04:00,419.57,0
2025-05-17 05:00,419.57,0
2025-05-17 06:00,419.57,0
2025-05-17 07:00,419.57,0
2025-05-17 08:00,419.57,0
2025-05-17 09:00,419.57,0
2025-05-17 10:00,419.57,0
2025-05-17 11:00,419.57,0
2025-05-17 12:00,419.57,0
2025-05-17 13:00,419.57,0
2025-05-17 14:00,419.57,0
2025-05-17 15:00,419.57,0
2025-05-17 16:00,419.57,0
2025-05-17 17:00,419.57,0
2025-05-17 18:00,419.57,0
2025-05-17 19:00,419.57,0
2025-05-17 20:00,419.57,0
2025-05-17 21:00,419.57,0
2025-05-17 22:00,419.57,0
2025-05-17 23:00,419.57,0
2025-05-18 00:00,419.57,0
2025-05-18 01:00,419.57,0
2025-05-18 02:00,419.57,0
2025-05-18 03:00,419.57,0
2025-05-18 04:00,419.57,0
2025-05-18 05:00,419.57,0
2025-05-18 06:00,419.57,0
2025-05-18 07:00,419.57,0
2025-05-18 08:00,419.67,0
2025-05-18 09:00,419.8,0
2025-05-18 10:00,419.86,0
2025-05-18 11:00,420.0,0
2025-05-18 12:00,420.2,0
2025-05-18 13:00,420.46,0
2025-05-18 14:00,420.81,0
2025-05-18 15:00,421.13,0
2025-05-18 16:00,421.46,0
2025-05-18 17:00,421.65,0
2025-05-18 18:00,421.89,0
2025-05-18 19:00,421.95,0
2025-05-18 20:00,422.0,0
2025-05-18 21:00,422.04,0
2025-05-18 22:00,422.06,0
2025-05-18 23:00,422.06,0
2025-05-19 00:00,422.08,0
2025-05-19 01:00,422.09,0
2025-05-19 02:00,422.09,0
2025-05-19 03:00,422.12,0
2025-05-19 04:00,422.15,0
2025-05-19 05:00,422.17,0
2025-05-19 06:00,422.2,0
2025-05-19 07:00,422.2,0
2025-05-19 08:00,422.2,0
2025-05-19 09:00,422.2,0
2025-05-19 10:00,422.2,0
2025-05-19 11:00,422.2,0
2025-05-19 12:00,422.2,0
2025-05-19 13:00,422.2,0
2025-05-19 14:00,422.2,0
2025-05-19 15:00,422.2,0
2025-05-19 16:00,422.2,0
2025-05-19 17:00,422.2,0
2025-05-19 18:00,422.2,0
2025-05-19 19:00,422.2,0
2025-05-19 20:00,422.2,0
2025-05-19 21:00,422.2,0
2025-05-19 22:00,422.2,0
2025-05-19 23:00,422.2,0
2025-05-20 00:00,422.21,0
2025-05-20 01:00,422.21,0
2025-05-20 02:00,422.21,0
2025-05-20 03:00,422.21,0
2025-05-20 04:00,422.27,0
2025-05-20 05:00,422.27,0
2025-05-20 06:00,422.27,0
2025-05-20 07:00,422.27,0
2025-05-20 08:00,422.27,0
2025-05-20 09:00,422.27,0
2025-05-20 10:00,422.27,0
2025-05-20 11:00,422.28,0
2025-05-20 12:00,422.28,0
2025-05-20 13:00,422.34,0
2025-05-20 14:00,422.36,0
2025-05-20 15:00,422.48,0
2025-05-20 16:00,422.51,0
2025-05-20 17:00,422.52,0
2025-05-20 18:00,422.53,0
2025-05-20 19:00,422.64,0
2025-05-20 20:00,422.64,0
2025-05-20 21:00,422.64,0
2025-05-20 22:00,422.65,0
2025-05-20 23:00,422.75,0
2025-05-21 00:00,422.75,0
2025-05-21 01:00,422.75,0
2025-05-21 02:00,422.77,0
2025-05-21 03:00,422.84,0
2025-05-21 04:00,423.09,0
2025-05-21 05:00,423.58,0
2025-05-21 06:00,424.25,0
2025-05-21 07:00,424.58,0
2025-05-21 08:00,424.77,0
2025-05-21 09:00,425.18,0
2025-05-21 10:00,425.57,0
2025-05-21 11:00,425.7,0
2025-05-21 12:00,426.36,0
2025-05-21 13:00,427.38,0
2025-05-21 14:00,427.93,0
2025-05-21 15:00,428.16,0
2025-05-21 16:00,428.78,0
2025-05-21 17:00,429.13,0
2025-05-21 18:00,429.57,0
2025-05-21 19:00,429.72,0
2025-05-21 20:00,429.86,0
2025-05-21 21:00,430.0,0
2025-05-21 22:00,430.12,0
2025-05-21 23:00,430.2,0
2025-05-22 00:00,430.26,0
2025-05-22 01:00,430.3,0
2025-05-22 02:00,430.37,0
2025-05-22 03:00,430.43,0
2025-05-22 04:00,430.52,0
2025-05-22 05:00,430.6,0
2025-05-22 06:00,430.69,0
2025-05-22 07:00,430.82,0
2025-05-22 08:00,430.97,0
2025-05-22 09:00,431.15,0
2025-05-22 10:00,431.33,0
2025-05-22 11:00,431.37,0
2025-05-22 12:00,431.45,0
2025-05-22 13:00,431.48,0
2025-05-22 14:00,431.48,0
2025-05-22 15:00,431.48,0
2025-05-22 16:00,431.48,0
2025-05-22 17:00,431.48,0
2025-05-22 18:00,431.48,0
2025-05-22 19:00,431.48,0
2025-05-22 20:00,431.52,0
2025-05-22 21:00,431.55,0
2025-05-22 22:00,431.6,0
2025-05-22 23:00,431.76,0
2025-05-23 00:00,431.95,0
2025-05-23 01:00,432.18,0
2025-05-23 02:00,432.44,0
2025-05-23 03:00,432.68,0
2025-05-23 04:00,432.98,0
2025-05-23 05:00,433.91,0
2025-05-23 06:00,435.36,0
2025-05-23 07:00,436.93,0
2025-05-23 08:00,439.48,0
2025-05-23 09:00,441.57,0
2025-05-23 10:00,443.06,0
2025-05-23 11:00,443.6,0
2025-05-23 12:00,443.74,0
2025-05-23 13:00,443.78,0
2025-05-23 14:00,443.81,0
2025-05-23 15:00,443.81,0
2025-05-23 16:00,443.81,0
2025-05-23 17:00,443.81,0
2025-05-23 18:00,443.81,0
2025-05-23 19:00,443.81,0
2025-05-23 20:00,443.81,0
2025-05-23 21:00,443.81,0
2025-05-23 22:00,443.81,0
2025-05-23 23:00,443.81,0
2025-05-24 00:00,443.81,0
2025-05-24 01:00,443.81,0
2025-05-24 02:00,443.81,0
2025-05-24 03:00,443.81,0
2025-05-24 04:00,443.81,0
2025-05-24 05:00,443.81,0
2025-05-24 06:00,443.81,0
2025-05-24 07:00,443.81,0
2025-05-24 08:00,443.81,0
2025-05-24 09:00,443.81,0
2025-05-24 10:00,443.81,0
2025-05-24 11:00,443.81,0
2025-05-24 12:00,443.81,0
2025-05-24 13:00,443.81,0
2025-05-24 14:00,443.81,0
2025-05-24 15:00,443.81,0
2025-05-24 16:00,443.81,0
2025-05-24 17:00,443.81,0
2025-05-24 18:00,443.81,0
2025-05-24 19:00,443.81,0
2025-05-24 20:00,443.81,0
2025-05-24 21:00,443.81,0
2025-05-24 22:00,443.81,0
2025-05-24 23:00,443.82,0
2025-05-25 00:00,443.82,0
2025-05-25 01:00,443.82,0
2025-05-25 02:00,443.82,0
2025-05-25 03:00,443.82,0
2025-05-25 04:00,443.82,0
2025-05-25 05:00,443.82,0
2025-05-25 06:00,443.82,0
2025-05-25 07:00,443.82,0
2025-05-25 08:00,443.82,0
2025-05-25 09:00,443.82,0
2025-05-25 10:00,443.82,0
2025-05-25 11:00,443.82,0
2025-05-25 12:00,443.82,0
2025-05-25 13:00,443.82,0
2025-05-25 14:00,443.82,0
2025-05-25 15:00,443.82,0
2025-05-25 16:00,443.82,0
2025-05-25 17:00,443.82,0
2025-05-25 18:00,443.82,0
2025-05-25 19:00,443.82,0
2025-05-25 20:00,443.82,0
2025-05-25 21:00,443.82,0
2025-05-25 22:00,443.82,0
2025-05-25 23:00,443.82,0
2025-05-26 00:00,443.82,0
2025-05-26 01:00,443.82,0
2025-05-26 02:00,443.82,0
2025-05-26 03:00,443.82,0
2025-05-26 04:00,443.82,0
2025-05-26 05:00,443.82,0
2025-05-26 06:00,443.82,0
2025-05-26 07:00,443.82,0
2025-05-26 08:00,443.82,0
2025-05-26 09:00,443.82,0
2025-05-26 10:00,443.82,0
2025-05-26 11:00,443.82,0
2025-05-26 12:00,443.82,0
2025-05-26 13:00,443.82,0
2025-05-26 14:00,443.82,0
2025-05-26 15:00,443.82,0
2025-05-26 16:00,443.82,0
2025-05-26 17:00,443.82,0
2025-05-26 18:00,443.82,0
2025-05-26 19:00,443.82,0
2025-05-26 20:00,443.82,0
2025-05-26 21:00,443.82,0
2025-05-26 22:00,443.82,0
2025-05-26 23:00,443.82,0
2025-05-27 00:00,443.82,0
2025-05-27 01:00,443.83,0
2025-05-27 02:00,443.83,0
2025-05-27 03:00,443.84,0
2025-05-27 04:00,443.84,0
2025-05-27 05:00,443.86,0
2025-05-27 06:00,443.86,0
2025-05-27 07:00,443.87,0
2025-05-27 08:00,443.88,0
2025-05-27 09:00,443.88,0
2025-05-27 10:00,443.88,0
2025-05-27 11:00,443.89,0
2025-05-27 12:00,443.89,0
2025-05-27 13:00,443.89,0
2025-05-27 14:00,443.89,0
2025-05-27 15:00,443.89,0
2025-05-27 16:00,443.89,0
2025-05-27 17:00,443.89,0
2025-05-27 18:00,443.89,0
2025-05-27 19:00,443.89,0
2025-05-27 20:00,443.89,0
2025-05-27 21:00,443.89,0
2025-05-27 22:00,443.89,0
2025-05-27 23:00,443.89,0
2025-05-28 00:00,443.89,0
2025-05-28 01:00,443.89,0
2025-05-28 02:00,443.89,0
2025-05-28 03:00,443.89,0
2025-05-28 04:00,443.89,0
2025-05-28 05:00,443.89,0
2025-05-28 06:00,443.89,0
2025-05-28 07:00,443.89,0
2025-05-28 08:00,443.89,0
2025-05-28 09:00,443.89,0
2025-05-28 10:00,443.92,0
2025-05-28 11:00,443.94,0
2025-05-28 12:00,443.98,0
2025-05-28 13:00,443.99,0
2025-05-28 14:00,444.0,0
2025-05-28 15:00,444.0,0
2025-05-28 16:00,444.0,0
2025-05-28 17:00,444.0,0
2025-05-28 18:00,444.0,0
2025-05-28 19:00,444.0,0
2025-05-28 20:00,444.0,0
2025-05-28 21:00,444.0,0
2025-05-28 22:00,444.0,0
2025-05-28 23:00,444.0,0
2025-05-29 00:00,444.0,0
2025-05-29 01:00,444.02,0
2025-05-29 02:00,444.05,0
2025-05-29 03:00,444.08,0
2025-05-29 04:00,444.13,0
2025-05-29 05:00,444.33,0
2025-05-29 06:00,444.42,0
2025-05-29 07:00,444.48,0
2025-05-29 08:00,445.24,0
2025-05-29 09:00,445.64,0
2025-05-29 10:00,445.72,0
2025-05-29 11:00,445.76,0
2025-05-29 12:00,445.81,0
2025-05-29 13:00,445.85,0
2025-05-29 14:00,445.86,0
2025-05-29 15:00,445.86,0
2025-05-29 16:00,445.86,0
2025-05-29 17:00,445.86,0
2025-05-29 18:00,445.86,0
2025-05-29 19:00,445.86,0
2025-05-29 20:00,445.86,0
2025-05-29 21:00,445.86,0
2025-05-29 22:00,445.86,0
2025-05-29 23:00,445.86,0
2025-05-30 00:00,445.86,0
2025-05-30 01:00,445.86,0
2025-05-30 02:00,445.86,0
2025-05-30 03:00,445.86,0
2025-05-30 04:00,445.86,0
2025-05-30 05:00,445.86,0
2025-05-30 06:00,445.86,0
2025-05-30 07:00,445.86,0
2025-05-30 08:00,445.86,0
2025-05-30 09:00,445.86,0
2025-05-30 10:00,445.86,0
2025-05-30 11:00,445.86,0
2025-05-30 12:00,445.86,0
2025-05-30 13:00,445.86,0
2025-05-30 14:00,445.86,0
2025-05-30 15:00,445.86,0
2025-05-30 16:00,445.86,0
2025-05-30 17:00,445.86,0
2025-05-30 18:00,445.86,0
2025-05-30 19:00,445.86,0
2025-05-30 20:00,445.86,0
2025-05-30 21:00,445.86,0
2025-05-30 22:00,445.86,0
2025-05-30 23:00,445.86,0
2025-05-31 00:00,445.86,0
2025-05-31 01:00,445.86,0
2025-05-31 02:00,445.86,0
2025-05-31 03:00,445.86,0
2025-05-31 04:00,445.86,0
2025-05-31 05:00,445.86,0
2025-05-31 06:00,445.86,0
2025-05-31 07:00,445.86,0
2025-05-31 08:00,445.86,0
2025-05-31 09:00,445.86,0
2025-05-31 10:00,445.86,0
2025-05-31 11:00,445.86,0
2025-05-31 12:00,445.86,0
2025-05-31 13:00,445.86,0
2025-05-31 14:00,445.86,0
2025-05-31 15:00,445.86,0
2025-05-31 16:00,445.86,0
2025-05-31 17:00,445.86,0
2025-05-31 18:00,445.86,0
2025-05-31 19:00,445.86,0
2025-05-31 20:00,445.86,0
2025-05-31 21:00,445.86,0
2025-05-31 22:00,445.86,0
2025-05-31 23:00,445.86,0
2025-06-01 00:00,445.86,0
2025-06-01 01:00,445.86,0
2025-06-01 02:00,445.86,0
2025-06-01 03:00,445.86,0
2025-06-01 04:00,445.86,0
2025-06-01 05:00,445.86,0
2025-06-01 06:00,445.86,0
2025-06-01 07:00,445.86,0
2025-06-01 08:00,445.86,0
2025-06-01 09:00,445.86,0
2025-06-01 10:00,445.86,0
2025-06-01 11:00,445.86,0
2025-06-01 12:00,445.86,0
2025-06-01 13:00,445.86,0
2025-06-01 14:00,445.86,0
2025-06-01 15:00,445.86,0
2025-06-01 16:00,445.86,0
2025-06-01 17:00,445.86,0
2025-06-01 18:00,445.86,0
2025-06-01 19:00,445.86,0
2025-06-01 20:00,445.86,0
2025-06-01 21:00,445.86,0
2025-06-01 22:00,445.86,0
2025-06-01 23:00,445.86,0
2025-06-02 00:00,445.87,0
2025-06-02 01:00,445.87,0
2025-06-02 02:00,445.87,0
2025-06-02 03:00,445.87,0
2025-06-02 04:00,445.89,0
2025-06-02 05:00,445.91,0
2025-06-02 06:00,445.92,0
2025-06-02 07:00,445.93,0
2025-06-02 08:00,445.94,0
2025-06-02 09:00,445.94,0
2025-06-02 10:00,445.94,0
2025-06-02 11:00,445.94,0
2025-06-02 12:00,445.94,0
2025-06-02 13:00,445.94,0
2025-06-02 14:00,445.94,0
2025-06-02 15:00,445.94,0
2025-06-02 16:00,445.94,0
2025-06-02 17:00,445.94,0
2025-06-02 18:00,445.94,0
2025-06-02 19:00,445.94,0
2025-06-02 20:00,445.94,0
2025-06-02 21:00,445.94,0
2025-06-02 22:00,445.94,0
2025-06-02 23:00,445.94,0
2025-06-03 00:00,445.94,0
2025-06-03 01:00,445.94,0
2025-06-03 02:00,445.94,0
2025-06-03 03:00,445.94,0
2025-06-03 04:00,445.94,0
2025-06-03 05:00,445.94,0
2025-06-03 06:00,445.94,0
2025-06-03 07:00,445.94,0
2025-06-03 08:00,445.94,0
2025-06-03 09:00,445.94,0
2025-06-03 10:00,445.95,0
2025-06-03 11:00,445.95,0
2025-06-03 12:00,445.95,0
2025-06-03 13:00,445.95,0
2025-06-03 14:00,445.95,0
2025-06-03 15:00,445.95,0
2025-06-03 16:00,445.95,0
2025-06-03 17:00,445.95,0
2025-06-03 18:00,445.95,0
2025-06-03 19:00,445.95,0
2025-06-03 20:00,445.95,0
2025-06-03 21:00,445.95,0
2025-06-03 22:00,445.95,0
2025-06-03 23:00,445.95,0
2025-06-04 00:00,445.95,0
2025-06-04 01:00,445.95,0
2025-06-04 02:00,445.95,0
2025-06-04 03:00,445.95,0
2025-06-04 04:00,445.95,0
2025-06-04 05:00,445.95,0
2025-06-04 06:00,445.95,0
2025-06-04 07:00,445.95,0
2025-06-04 08:00,445.95,0
2025-06-04 09:00,445.95,0
2025-06-04 10:00,445.95,0
2025-06-04 11:00,445.95,0
2025-06-04 12:00,445.95,0
2025-06-04 13:00,445.95,0
2025-06-04 14:00,445.95,0
2025-06-04 15:00,445.95,0
2025-06-04 16:00,445.95,0
2025-06-04 17:00,445.95,0
2025-06-04 18:00,445.95,0
2025-06-04 19:00,445.95,0
2025-06-04 20:00,445.95,0
2025-06-04 21:00,445.95,0
2025-06-04 22:00,445.95,0
2025-06-04 23:00,445.95,0
2025-06-05 00:00,445.95,0
2025-06-05 01:00,445.95,0
2025-06-05 02:00,445.95,0
2025-06-05 03:00,445.95,0
2025-06-05 04:00,445.95,0
2025-06-05 05:00,445.95,0
2025-06-05 06:00,445.95,0
2025-06-05 07:00,445.95,0
2025-06-05 08:00,445.95,0
2025-06-05 09:00,445.95,0
2025-06-05 10:00,445.95,0
2025-06-05 11:00,445.95,0
2025-06-05 12:00,445.95,0
2025-06-05 13:00,445.95,0
2025-06-05 14:00,445.95,0
2025-06-05 15:00,445.95,0
2025-06-05 16:00,445.95,0
2025-06-05 17:00,445.95,0
2025-06-05 18:00,445.95,0
2025-06-05 19:00,445.95,0
2025-06-05 20:00,445.95,0
2025-06-05 21:00,445.95,0
2025-06-05 22:00,445.95,0
2025-06-05 23:00,445.95,0
2025-06-06 00:00,445.95,0
2025-06-06 01:00,445.95,0
2025-06-06 02:00,445.95,0
2025-06-06 03:00,445.95,0
2025-06-06 04:00,445.95,0
2025-06-06 05:00,445.95,0
2025-06-06 06:00,445.95,0
2025-06-06 07:00,445.95,0
2025-06-06 08:00,445.95,0
2025-06-06 09:00,445.95,0
2025-06-06 10:00,445.95,0
2025-06-06 11:00,445.95,0
2025-06-06 12:00,445.95,0
2025-06-06 13:00,445.95,0
2025-06-06 14:00,445.95,0
2025-06-06 15:00,445.95,0
2025-06-06 16:00,445.95,0
2025-06-06 17:00,445.95,0
2025-06-06 18:00,445.95,0
2025-06-06 19:00,445.95,0
2025-06-06 20:00,445.95,0
2025-06-06 21:00,445.95,0
2025-06-06 22:00,445.95,0
2025-06-06 23:00,445.95,0
2025-06-07 00:00,445.95,0
2025-06-07 01:00,445.95,0
2025-06-07 02:00,445.95,0
2025-06-07 03:00,445.95,0
2025-06-07 04:00,445.95,0
2025-06-07 05:00,445.95,0
2025-06-07 06:00,445.95,0
2025-06-07 07:00,445.95,0
2025-06-07 08:00,445.95,0
2025-06-07 09:00,445.95,0
2025-06-07 10:00,445.95,0
2025-06-07 11:00,445.95,0
2025-06-07 12:00,445.95,0
2025-06-07 13:00,445.95,0
2025-06-07 14:00,445.95,0
2025-06-07 15:00,445.95,0
2025-06-07 16:00,445.95,0
2025-06-07 17:00,445.95,0
2025-06-07 18:00,445.95,0
2025-06-07 19:00,445.95,0
2025-06-07 20:00,445.95,0
2025-06-07 21:00,445.95,0
2025-06-07 22:00,445.95,0
2025-06-07 23:00,445.95,0
2025-06-08 00:00,445.95,0
2025-06-08 01:00,445.95,0
2025-06-08 02:00,445.95,0
2025-06-08 03:00,445.95,0
2025-06-08 04:00,445.95,0
2025-06-08 05:00,445.95,0
2025-06-08 06:00,445.95,0
2025-06-08 07:00,445.95,0
2025-06-08 08:00,445.95,0
2025-06-08 09:00,445.95,0
2025-06-08 10:00,445.95,0
2025-06-08 11:00,445.95,0
2025-06-08 12:00,445.95,0
2025-06-08 13:00,445.95,0
2025-06-08 14:00,445.95,0
2025-06-08 15:00,445.95,0
2025-06-08 16:00,445.95,0
2025-06-08 17:00,445.95,0
2025-06-08 18:00,445.95,0
2025-06-08 19:00,445.95,0
2025-06-08 20:00,445.95,0
2025-06-08 21:00,445.95,0
2025-06-08 22:00,445.95,0
2025-06-08 23:00,445.95,0
2025-06-09 00:00,445.96,0
2025-06-09 01:00,445.97,0
2025-06-09 02:00,445.98,0
2025-06-09 03:00,445.98,0
2025-06-09 04:00,445.98,0
2025-06-09 05:00,445.99,0
2025-06-09 06:00,445.99,0
2025-06-09 07:00,446.0,0
2025-06-09 08:00,446.0,0
2025-06-09 09:00,446.0,0
2025-06-09 10:00,446.0,0
2025-06-09 11:00,446.0,0
2025-06-09 12:00,446.01,0
2025-06-09 13:00,446.01,0
2025-06-09 14:00,446.02,0
2025-06-09 15:00,446.02,0
2025-06-09 16:00,446.02,0
2025-06-09 17:00,446.02,0
2025-06-09 18:00,446.02,0
2025-06-09 19:00,446.02,0
2025-06-09 20:00,446.02,0
2025-06-09 21:00,446.02,0
2025-06-09 22:00,446.02,0
2025-06-09 23:00,446.02,0
2025-06-10 00:00,446.02,0
2025-06-10 01:00,446.02,0
2025-06-10 02:00,446.02,0
2025-06-10 03:00,446.02,0
2025-06-10 04:00,446.02,0
2025-06-10 05:00,446.02,0
2025-06-10 06:00,446.02,0
2025-06-10 07:00,446.02,0
2025-06-10 08:00,446.02,0
2025-06-10 09:00,446.02,0
2025-06-10 10:00,446.02,0
2025-06-10 11:00,446.02,0
2025-06-10 12:00,446.02,0
2025-06-10 13:00,446.02,0
2025-06-10 14:00,446.02,0
2025-06-10 15:00,446.02,0
2025-06-10 16:00,446.02,0
2025-06-10 17:00,446.02,0
2025-06-10 18:00,446.02,0
2025-06-10 19:00,446.02,0
2025-06-10 20:00,446.02,0
2025-06-10 21:00,446.02,0
2025-06-10 22:00,446.02,0
2025-06-10 23:00,446.02,0
2025-06-11 00:00,446.02,0
2025-06-11 01:00,446.02,0
2025-06-11 02:00,446.02,0
2025-06-11 03:00,446.02,0
2025-06-11 04:00,446.02,0
2025-06-11 05:00,446.02,0
2025-06-11 06:00,446.02,0
2025-06-11 07:00,446.02,0
2025-06-11 08:00,446.02,0
2025-06-11 09:00,446.02,0
2025-06-11 10:00,446.02,0
2025-06-11 11:00,446.02,0
2025-06-11 12:00,446.02,0
2025-06-11 13:00,446.02,0
2025-06-11 14:00,446.02,0
2025-06-11 15:00,446.02,0
2025-06-11 16:00,446.02,0
2025-06-11 17:00,446.02,0
2025-06-11 18:00,446.02,0
2025-06-11 19:00,446.02,0
2025-06-11 20:00,446.02,0
2025-06-11 21:00,446.02,0
2025-06-11 22:00,446.02,0
2025-06-11 23:00,446.02,0
2025-06-12 00:00,446.02,0
2025-06-12 01:00,446.02,0
2025-06-12 02:00,446.02,0
2025-06-12 03:00,446.02,0
2025-06-12 04:00,446.02,0
2025-06-12 05:00,446.02,0
2025-06-12 06:00,446.02,0
2025-06-12 07:00,446.02,0
2025-06-12 08:00,446.02,0
2025-06-12 09:00,446.02,0
2025-06-12 10:00,446.02,0
2025-06-12 11:00,446.02,0
2025-06-12 12:00,446.02,0
2025-06-12 13:00,446.02,0
2025-06-12 14:00,446.02,0
2025-06-12 15:00,446.02,0
2025-06-12 16:00,446.02,0
2025-06-12 17:00,446.02,0
2025-06-12 18:00,446.02,0
2025-06-12 19:00,446.02,0
2025-06-12 20:00,446.02,0
2025-06-12 21:00,446.02,0
2025-06-12 22:00,446.02,0
2025-06-12 23:00,446.02,0
2025-06-13 00:00,446.02,0
2025-06-13 01:00,446.02,0
2025-06-13 02:00,446.02,0
2025-06-13 03:00,446.02,0
2025-06-13 04:00,446.02,0
2025-06-13 05:00,446.02,0
2025-06-13 06:00,446.02,0
2025-06-13 07:00,446.02,0
2025-06-13 08:00,446.02,0
2025-06-13 09:00,446.02,0
2025-06-13 10:00,446.02,0
2025-06-13 11:00,446.02,0
2025-06-13 12:00,446.02,0
2025-06-13 13:00,446.02,0
2025-06-13 14:00,446.02,0
2025-06-13 15:00,446.02,0
2025-06-13 16:00,446.02,0
2025-06-13 17:00,446.02,0
2025-06-13 18:00,446.02,0
2025-06-13 19:00,446.02,0
2025-06-13 20:00,446.02,0
2025-06-13 21:00,446.02,0
2025-06-13 22:00,446.02,0
2025-06-13 23:00,446.02,0
2025-06-14 00:00,446.02,0
2025-06-14 01:00,446.02,0
2025-06-14 02:00,446.02,0
2025-06-14 03:00,446.02,0
2025-06-14 04:00,446.02,0
2025-06-14 05:00,446.02,0
2025-06-14 06:00,446.02,0
2025-06-14 07:00,446.02,0
2025-06-14 08:00,446.02,0
2025-06-14 09:00,446.02,0
2025-06-14 10:00,446.02,0
2025-06-14 11:00,446.02,0
2025-06-14 12:00,446.02,0
2025-06-14 13:00,446.02,0
2025-06-14 14:00,446.02,0
2025-06-14 15:00,446.02,0
2025-06-14 16:00,446.02,0
2025-06-14 17:00,446.02,0
2025-06-14 18:00,446.02,0
2025-06-14 19:00,446.02,0
2025-06-14 20:00,446.02,0
2025-06-14 21:00,446.02,0
2025-06-14 22:00,446.02,0
2025-06-14 23:00,446.02,0
2025-06-15 00:00,446.02,0
2025-06-15 01:00,446.02,0
2025-06-15 02:00,446.02,0
2025-06-15 03:00,446.02,0
2025-06-15 04:00,446.02,0
2025-06-15 05:00,446.02,0
2025-06-15 06:00,446.02,0
2025-06-15 07:00,446.02,0
2025-06-15 08:00,446.02,0
2025-06-15 09:00,446.02,0
2025-06-15 10:00,446.02,0
2025-06-15 11:00,446.02,0
2025-06-15 12:00,446.02,0
2025-06-15 13:00,446.02,0
2025-06-15 14:00,446.02,0
2025-06-15 15:00,446.02,0
2025-06-15 16:00,446.02,0
2025-06-15 17:00,446.02,0
2025-06-15 18:00,446.02,0
2025-06-15 19:00,446.02,0
2025-06-15 20:00,446.02,0
2025-06-15 21:00,446.03,0
2025-06-15 22:00,446.03,0
2025-06-15 23:00,446.03,0
2025-06-16 00:00,446.03,0
2025-06-16 01:00,446.03,0
2025-06-16 02:00,446.03,0
2025-06-16 03:00,446.03,0
2025-06-16 04:00,446.04,0
2025-06-16 05:00,446.07,0
2025-06-16 06:00,446.11,0
2025-06-16 07:00,446.14,0
2025-06-16 08:00,446.15,0
2025-06-16 09:00,446.17,0
2025-06-16 10:00,446.17,0
2025-06-16 11:00,446.17,0
2025-06-16 12:00,446.17,0
2025-06-16 13:00,446.18,0
2025-06-16 14:00,446.2,0
2025-06-16 15:00,446.28,0
2025-06-16 16:00,446.29,0
2025-06-16 17:00,446.29,0
2025-06-16 18:00,446.3,0
2025-06-16 19:00,446.3,0
2025-06-16 20:00,446.33,0
2025-06-16 21:00,446.33,0
2025-06-16 22:00,446.33,0
2025-06-16 23:00,446.33,0
2025-06-17 00:00,446.33,0
2025-06-17 01:00,446.33,0
2025-06-17 02:00,446.33,0
2025-06-17 03:00,446.33,0
2025-06-17 04:00,446.33,0
2025-06-17 05:00,446.34,0
2025-06-17 06:00,446.34,0
2025-06-17 07:00,446.34,0
2025-06-17 08:00,446.34,0
2025-06-17 09:00,446.34,0
2025-06-17 10:00,446.34,0
2025-06-17 11:00,446.34,0
2025-06-17 12:00,446.34,0
2025-06-17 13:00,446.44,0
2025-06-17 14:00,446.44,0
2025-06-17 15:00,446.44,0
2025-06-17 16:00,446.46,0
2025-06-17 17:00,446.48,0
2025-06-17 18:00,446.63,0
2025-06-17 19:00,446.63,0
2025-06-17 20:00,446.63,0
2025-06-17 21:00,446.63,0
2025-06-17 22:00,446.63,0
2025-06-17 23:00,446.63,0
2025-06-18 00:00,446.64,0
2025-06-18 01:00,446.65,0
2025-06-18 02:00,446.71,0
2025-06-18 03:00,446.79,0
2025-06-18 04:00,446.85,0
2025-06-18 05:00,446.89,0
2025-06-18 06:00,446.89,0
2025-06-18 07:00,446.89,0
2025-06-18 08:00,446.94,0
2025-06-18 09:00,446.98,0
2025-06-18 10:00,447.02,0
2025-06-18 11:00,447.06,0
2025-06-18 12:00,447.1,0
2025-06-18 13:00,447.13,0
2025-06-18 14:00,447.17,0
2025-06-18 15:00,447.24,0
2025-06-18 16:00,447.34,0
2025-06-18 17:00,448.23,0
2025-06-18 18:00,448.96,0
2025-06-18 19:00,448.96,0
2025-06-18 20:00,448.96,0
2025-06-18 21:00,448.96,0
2025-06-18 22:00,448.96,0
2025-06-18 23:00,448.96,0
2025-06-19 00:00,448.96,0
2025-06-19 01:00,448.96,0
2025-06-19 02:00,448.96,0
2025-06-19 03:00,448.96,0
2025-06-19 04:00,448.96,0
2025-06-19 05:00,448.96,0
2025-06-19 06:00,448.96,0
2025-06-19 07:00,448.96,0
2025-06-19 08:00,448.96,0
2025-06-19 09:00,448.96,0
2025-06-19 10:00,448.96,0
2025-06-19 11:00,448.97,0
2025-06-19 12:00,448.98,0
2025-06-19 13:00,448.99,0
2025-06-19 14:00,449.0,0
2025-06-19 15:00,449.01,0
2025-06-19 16:00,449.28,0
2025-06-19 17:00,450.08,0
2025-06-19 18:00,450.54,0
2025-06-19 19:00,450.54,0
2025-06-19 20:00,450.54,0
2025-06-19 21:00,450.54,0
2025-06-19 22:00,450.54,0
2025-06-19 23:00,450.54,0
2025-06-20 00:00,450.54,0
2025-06-20 01:00,450.54,0
2025-06-20 02:00,450.54,0
2025-06-20 03:00,450.54,0
2025-06-20 04:00,450.54,0
2025-06-20 05:00,450.54,0
2025-06-20 06:00,450.54,0
2025-06-20 07:00,450.54,0
2025-06-20 08:00,450.54,0
2025-06-20 09:00,450.54,0
2025-06-20 10:00,450.54,0
2025-06-20 11:00,450.55,0
2025-06-20 12:00,450.57,0
2025-06-20 13:00,450.57,0
2025-06-20 14:00,450.57,0
2025-06-20 15:00,450.58,0
2025-06-20 16:00,450.6,0
2025-06-20 17:00,450.91,0
2025-06-20 18:00,450.91,0
2025-06-20 19:00,450.91,0
2025-06-20 20:00,450.91,0
2025-06-20 21:00,450.91,0
2025-06-20 22:00,450.91,0
2025-06-20 23:00,450.91,0
2025-06-21 00:00,450.91,0
2025-06-21 01:00,450.91,0
2025-06-21 02:00,450.91,0
2025-06-21 03:00,450.91,0
2025-06-21 04:00,450.91,0
2025-06-21 05:00,450.91,0
2025-06-21 06:00,450.91,0
2025-06-21 07:00,450.91,0
2025-06-21 08:00,450.91,0
2025-06-21 09:00,450.91,0
2025-06-21 10:00,450.91,0
2025-06-21 11:00,450.91,0
2025-06-21 12:00,450.91,0
2025-06-21 13:00,450.91,0
2025-06-21 14:00,450.91,0
2025-06-21 15:00,450.92,0
2025-06-21 16:00,450.92,0
2025-06-21 17:00,450.92,0
2025-06-21 18:00,450.92,0
2025-06-21 19:00,450.92,0
2025-06-21 20:00,450.92,0
2025-06-21 21:00,450.92,0
2025-06-21 22:00,450.92,0
2025-06-21 23:00,450.92,0
2025-06-22 00:00,450.92,0
2025-06-22 01:00,450.92,0
2025-06-22 02:00,450.92,0
2025-06-22 03:00,450.92,0
2025-06-22 04:00,450.92,0
2025-06-22 05:00,450.92,0
2025-06-22 06:00,450.92,0
2025-06-22 07:00,450.92,0
2025-06-22 08:00,450.92,0
2025-06-22 09:00,450.92,0
2025-06-22 10:00,450.92,0
2025-06-22 11:00,450.92,0
2025-06-22 12:00,450.92,0
2025-06-22 13:00,450.92,0
2025-06-22 14:00,450.92,0
2025-06-22 15:00,450.92,0
2025-06-22 16:00,450.93,0
2025-06-22 17:00,450.93,0
2025-06-22 18:00,450.93,0
2025-06-22 19:00,450.93,0
2025-06-22 20:00,450.93,0
2025-06-22 21:00,450.93,0
2025-06-22 22:00,450.93,0
2025-06-22 23:00,450.93,0
2025-06-23 00:00,450.93,0
2025-06-23 01:00,450.93,0
2025-06-23 02:00,450.93,0
2025-06-23 03:00,450.93,0
2025-06-23 04:00,450.93,0
2025-06-23 05:00,450.93,0
2025-06-23 06:00,450.93,0
2025-06-23 07:00,450.93,0
2025-06-23 08:00,450.93,0
2025-06-23 09:00,450.93,0
2025-06-23 10:00,450.93,0
2025-06-23 11:00,450.93,0
2025-06-23 12:00,450.93,0
2025-06-23 13:00,450.94,0
2025-06-23 14:00,451.16,0
2025-06-23 15:00,451.16,0
2025-06-23 16:00,451.16,0
2025-06-23 17:00,451.16,0
2025-06-23 18:00,451.16,0
2025-06-23 19:00,451.16,0
2025-06-23 20:00,451.16,0
2025-06-23 21:00,451.16,0
2025-06-23 22:00,451.16,0
2025-06-23 23:00,451.16,0
2025-06-24 00:00,451.16,0
2025-06-24 01:00,451.16,0
2025-06-24 02:00,451.16,0
2025-06-24 03:00,451.16,0
2025-06-24 04:00,451.16,0
2025-06-24 05:00,451.16,0
2025-06-24 06:00,451.16,0
2025-06-24 07:00,451.16,0
2025-06-24 08:00,451.16,0
2025-06-24 09:00,451.16,0
2025-06-24 10:00,451.16,0
2025-06-24 11:00,451.16,0
2025-06-24 12:00,451.16,0
2025-06-24 13:00,451.16,0
2025-06-24 14:00,451.16,0
2025-06-24 15:00,451.16,0
2025-06-24 16:00,451.16,0
2025-06-24 17:00,451.16,0
2025-06-24 18:00,451.16,0
2025-06-24 19:00,451.16,0
2025-06-24 20:00,451.16,0
2025-06-24 21:00,451.16,0
2025-06-24 22:00,451.16,0
2025-06-24 23:00,451.16,0
2025-06-25 00:00,451.16,0
2025-06-25 01:00,451.16,0
2025-06-25 02:00,451.16,0
2025-06-25 03:00,451.16,0
2025-06-25 04:00,451.16,0
2025-06-25 05:00,451.16,0
2025-06-25 06:00,451.16,0
2025-06-25 07:00,451.16,0
2025-06-25 08:00,451.16,0
2025-06-25 09:00,451.16,0
2025-06-25 10:00,451.16,0
2025-06-25 11:00,451.16,0
2025-06-25 12:00,451.16,0
2025-06-25 13:00,451.16,0
2025-06-25 14:00,451.16,0
2025-06-25 15:00,451.16,0
2025-06-25 16:00,451.16,0
2025-06-25 17:00,451.16,0
2025-06-25 18:00,451.16,0
2025-06-25 19:00,451.16,0
2025-06-25 20:00,451.16,0
2025-06-25 21:00,451.16,0
2025-06-25 22:00,451.16,0
2025-06-25 23:00,451.16,0
2025-06-26 00:00,451.16,0
2025-06-26 01:00,451.16,0
2025-06-26 02:00,451.16,0
2025-06-26 03:00,451.16,0
2025-06-26 04:00,451.16,0
2025-06-26 05:00,451.16,0
2025-06-26 06:00,451.16,0
2025-06-26 07:00,451.16,0
2025-06-26 08:00,451.16,0
2025-06-26 09:00,451.16,0
2025-06-26 10:00,451.16,0
2025-06-26 11:00,451.16,0
2025-06-26 12:00,451.16,0
2025-06-26 13:00,451.16,0
2025-06-26 14:00,451.16,0
2025-06-26 15:00,451.16,0
2025-06-26 16:00,451.16,0
2025-06-26 17:00,451.16,0
2025-06-26 18:00,451.16,0
2025-06-26 19:00,451.16,0
2025-06-26 20:00,451.16,0
2025-06-26 21:00,451.16,0
2025-06-26 22:00,451.16,0
2025-06-26 23:00,451.16,0
2025-06-27 00:00,451.16,0
2025-06-27 01:00,451.16,0
2025-06-27 02:00,451.16,0
2025-06-27 03:00,451.16,0
2025-06-27 04:00,451.16,0
2025-06-27 05:00,451.16,0
2025-06-27 06:00,451.16,0
2025-06-27 07:00,451.16,0
2025-06-27 08:00,451.16,0
2025-06-27 09:00,451.16,0
2025-06-27 10:00,451.16,0
2025-06-27 11:00,451.16,0
2025-06-27 12:00,451.16,0
2025-06-27 13:00,451.16,0
2025-06-27 14:00,451.16,0
2025-06-27 15:00,451.16,0
2025-06-27 16:00,451.16,0
2025-06-27 17:00,451.16,0
2025-06-27 18:00,451.16,0
2025-06-27 19:00,451.16,0
2025-06-27 20:00,451.16,0
2025-06-27 21:00,451.16,0
2025-06-27 22:00,451.16,0
2025-06-27 23:00,451.16,0
2025-06-28 00:00,451.16,0
2025-06-28 01:00,451.16,0
2025-06-28 02:00,451.16,0
2025-06-28 03:00,451.16,0
2025-06-28 04:00,451.16,0
2025-06-28 05:00,451.16,0
2025-06-28 06:00,451.16,0
2025-06-28 07:00,451.16,0
2025-06-28 08:00,451.16,0
2025-06-28 09:00,451.16,0
2025-06-28 10:00,451.16,0
2025-06-28 11:00,451.16,0
2025-06-28 12:00,451.16,0
2025-06-28 13:00,451.16,0
2025-06-28 14:00,451.16,0
2025-06-28 15:00,451.16,0
2025-06-28 16:00,451.16,0
2025-06-28 17:00,451.16,0
2025-06-28 18:00,451.16,0
2025-06-28 19:00,451.16,0
2025-06-28 20:00,451.16,0
2025-06-28 21:00,451.16,0
2025-06-28 22:00,451.16,0
2025-06-28 23:00,451.16,0
2025-06-29 00:00,451.16,0
2025-06-29 01:00,451.16,0
2025-06-29 02:00,451.16,0
2025-06-29 03:00,451.16,0
2025-06-29 04:00,451.16,0
2025-06-29 05:00,451.16,0
2025-06-29 06:00,451.16,0
2025-06-29 07:00,451.16,0
2025-06-29 08:00,451.16,0
2025-06-29 09:00,451.16,0
2025-06-29 10:00,451.16,0
2025-06-29 11:00,451.16,0
2025-06-29 12:00,451.16,0
2025-06-29 13:00,451.16,0
2025-06-29 14:00,451.16,0
2025-06-29 15:00,451.16,0
2025-06-29 16:00,451.16,0
2025-06-29 17:00,451.16,0
2025-06-29 18:00,451.16,0
2025-06-29 19:00,451.16,0
2025-06-29 20:00,451.16,0
2025-06-29 21:00,451.16,0
2025-06-29 22:00,451.16,0
2025-06-29 23:00,451.16,0
2025-06-30 00:00,451.16,0
2025-06-30 01:00,451.16,0
2025-06-30 02:00,451.16,0
2025-06-30 03:00,451.16,0
2025-06-30 04:00,451.16,0
2025-06-30 05:00,451.16,0
2025-06-30 06:00,451.16,0
2025-06-30 07:00,451.16,0
2025-06-30 08:00,451.16,0
2025-06-30 09:00,451.16,0
2025-06-30 10:00,451.16,0
2025-06-30 11:00,451.16,0
2025-06-30 12:00,451.16,0
2025-06-30 13:00,451.16,0
2025-06-30 14:00,451.16,0
2025-06-30 15:00,451.16,0
2025-06-30 16:00,451.16,0
2025-06-30 17:00,451.16,0
2025-06-30 18:00,451.16,0
2025-06-30 19:00,451.16,0
2025-06-30 20:00,451.16,0
2025-06-30 21:00,451.16,0
2025-06-30 22:00,451.16,0
2025-06-30 23:00,451.16,0
2025-07-01 00:00,451.16,0
2025-07-01 01:00,451.16,0
2025-07-01 02:00,451.16,0
2025-07-01 03:00,451.16,0
2025-07-01 04:00,451.16,0
2025-07-01 05:00,451.16,0
2025-07-01 06:00,451.16,0
2025-07-01 07:00,451.16,0
2025-07-01 08:00,451.16,0
2025-07-01 09:00,451.16,0
2025-07-01 10:00,451.16,0
2025-07-01 11:00,451.16,0
2025-07-01 12:00,451.16,0
2025-07-01 13:00,451.16,0
2025-07-01 14:00,451.16,0
2025-07-01 15:00,451.16,0
2025-07-01 16:00,451.16,0
2025-07-01 17:00,451.16,0
2025-07-01 18:00,451.16,0
2025-07-01 19:00,451.16,0
2025-07-01 20:00,451.16,0
2025-07-01 21:00,451.16,0
2025-07-01 22:00,451.16,0
2025-07-01 23:00,451.16,0
2025-07-02 00:00,451.16,0
2025-07-02 01:00,451.16,0
2025-07-02 02:00,451.16,0
2025-07-02 03:00,451.16,0
2025-07-02 04:00,451.16,0
2025-07-02 05:00,451.16,0
2025-07-02 06:00,451.16,0
2025-07-02 07:00,451.16,0
2025-07-02 08:00,451.16,0
2025-07-02 09:00,451.16,0
2025-07-02 10:00,451.16,0
2025-07-02 11:00,451.16,0
2025-07-02 12:00,451.16,0
2025-07-02 13:00,451.16,0
2025-07-02 14:00,451.16,0
2025-07-02 15:00,451.16,0
2025-07-02 16:00,451.16,0
2025-07-02 17:00,451.16,0
2025-07-02 18:00,451.16,0
2025-07-02 19:00,451.16,0
2025-07-02 20:00,451.16,0
2025-07-02 21:00,451.16,0
2025-07-02 22:00,451.16,0
2025-07-02 23:00,451.16,0
2025-07-03 00:00,451.16,0
2025-07-03 01:00,451.16,0
2025-07-03 02:00,451.16,0
2025-07-03 03:00,451.16,0
2025-07-03 04:00,451.16,0
2025-07-03 05:00,451.16,0
2025-07-03 06:00,451.16,0
2025-07-03 07:00,451.16,0
2025-07-03 08:00,451.16,0
2025-07-03 09:00,451.16,0
2025-07-03 10:00,451.16,0
2025-07-03 11:00,451.16,0
2025-07-03 12:00,451.16,0
2025-07-03 13:00,451.37,0
2025-07-03 14:00,451.7,0
2025-07-03 15:00,451.7,0
2025-07-03 16:00,451.7,0
2025-07-03 17:00,451.96,0
2025-07-03 18:00,451.96,0
2025-07-03 19:00,451.96,0
2025-07-03 20:00,451.96,0
2025-07-03 21:00,451.96,0
2025-07-03 22:00,451.96,0
2025-07-03 23:00,451.96,0
2025-07-04 00:00,451.96,0
2025-07-04 01:00,451.96,0
2025-07-04 02:00,451.96,0
2025-07-04 03:00,451.96,0
2025-07-04 04:00,451.96,0
2025-07-04 05:00,451.96,0
2025-07-04 06:00,451.96,0
2025-07-04 07:00,451.96,0
2025-07-04 08:00,451.96,0
2025-07-04 09:00,451.96,0
2025-07-04 10:00,451.96,0
2025-07-04 11:00,451.97,0
2025-07-04 12:00,451.97,0
2025-07-04 13:00,451.97,0
2025-07-04 14:00,451.97,0
2025-07-04 15:00,452.16,0
2025-07-04 16:00,452.16,0
2025-07-04 17:00,452.16,0
2025-07-04 18:00,452.16,0
2025-07-04 19:00,452.16,0
2025-07-04 20:00,452.16,0
2025-07-04 21:00,452.16,0
2025-07-04 22:00,452.16,0
2025-07-04 23:00,452.16,0
2025-07-05 00:00,452.16,0
2025-07-05 01:00,452.16,0
2025-07-05 02:00,452.16,0
2025-07-05 03:00,452.16,0
2025-07-05 04:00,452.16,0
2025-07-05 05:00,452.16,0
2025-07-05 06:00,452.16,0
2025-07-05 07:00,452.16,0
2025-07-05 08:00,452.16,0
2025-07-05 09:00,452.16,0
2025-07-05 10:00,452.16,0
2025-07-05 11:00,452.16,0
2025-07-05 12:00,452.16,0
2025-07-05 13:00,452.16,0
2025-07-05 14:00,452.16,0
2025-07-05 15:00,452.16,0
2025-07-05 16:00,452.16,0
2025-07-05 17:00,452.16,0
2025-07-05 18:00,452.16,0
2025-07-05 19:00,452.16,0
2025-07-05 20:00,452.16,0
2025-07-05 21:00,452.16,0
2025-07-05 22:00,452.16,0
2025-07-05 23:00,452.16,0
2025-07-06 00:00,452.16,0
2025-07-06 01:00,452.16,0
2025-07-06 02:00,452.16,0
2025-07-06 03:00,452.16,0
2025-07-06 04:00,452.16,0
2025-07-06 05:00,452.16,0
2025-07-06 06:00,452.16,0
2025-07-06 07:00,452.16,0
2025-07-06 08:00,452.16,0
2025-07-06 09:00,452.16,0
2025-07-06 10:00,452.16,0
2025-07-06 11:00,452.16,0
2025-07-06 12:00,452.16,0
2025-07-06 13:00,452.16,0
2025-07-06 14:00,452.16,0
2025-07-06 15:00,452.16,0
2025-07-06 16:00,452.16,0
2025-07-06 17:00,452.16,0
2025-07-06 18:00,452.16,0
2025-07-06 19:00,452.16,0
2025-07-06 20:00,452.16,0
2025-07-06 21:00,452.16,0
2025-07-06 22:00,452.16,0
2025-07-06 23:00,452.16,0
2025-07-07 00:00,452.16,0
2025-07-07 01:00,452.16,0
2025-07-07 02:00,452.16,0
2025-07-07 03:00,452.16,0
2025-07-07 04:00,452.17,0
2025-07-07 05:00,452.2,0
2025-07-07 06:00,452.34,0
2025-07-07 07:00,452.43,0
2025-07-07 08:00,453.23,0
2025-07-07 09:00,453.33,0
2025-07-07 10:00,453.45,0
2025-07-07 11:00,454.25,0
2025-07-07 12:00,456.03,0
2025-07-07 13:00,457.33,0
2025-07-07 14:00,457.85,0
2025-07-07 15:00,457.89,0
2025-07-07 16:00,457.9,0
2025-07-07 17:00,457.92,0
2025-07-07 18:00,457.92,0
2025-07-07 19:00,457.92,0
2025-07-07 20:00,457.92,0
2025-07-07 21:00,457.92,0
2025-07-07 22:00,457.92,0
2025-07-07 23:00,457.92,0
2025-07-08 00:00,457.92,0
2025-07-08 01:00,457.98,0
2025-07-08 02:00,458.15,0
2025-07-08 03:00,459.32,0
2025-07-08 04:00,462.56,0
2025-07-08 05:00,468.18,0
2025-07-08 06:00,471.96,0
2025-07-08 07:00,474.17,0
2025-07-08 08:00,474.89,0
2025-07-08 09:00,474.97,0
2025-07-08 10:00,475.1,0
2025-07-08 11:00,475.17,0
2025-07-08 12:00,475.2,0
2025-07-08 13:00,475.2,0
2025-07-08 14:00,475.21,0
2025-07-08 15:00,475.21,0
2025-07-08 16:00,475.21,0
2025-07-08 17:00,475.21,0
2025-07-08 18:00,475.21,0
2025-07-08 19:00,475.22,0
2025-07-08 20:00,475.24,0
2025-07-08 21:00,475.33,0
2025-07-08 22:00,475.49,0
2025-07-08 23:00,475.61,0
2025-07-09 00:00,475.74,0
2025-07-09 01:00,475.81,0
2025-07-09 02:00,475.84,0
2025-07-09 03:00,475.84,0
2025-07-09 04:00,475.84,0
2025-07-09 05:00,475.84,0
2025-07-09 06:00,475.85,0
2025-07-09 07:00,475.85,0
2025-07-09 08:00,475.85,0
2025-07-09 09:00,475.86,0
2025-07-09 10:00,475.86,0
2025-07-09 11:00,475.86,0
2025-07-09 12:00,475.86,0
2025-07-09 13:00,475.88,0
2025-07-09 14:00,475.88,0
2025-07-09 15:00,475.88,0
2025-07-09 16:00,475.88,0
2025-07-09 17:00,475.88,0
2025-07-09 18:00,475.88,0
2025-07-09 19:00,475.88,0
2025-07-09 20:00,475.88,0
2025-07-09 21:00,475.88,0
2025-07-09 22:00,475.88,0
2025-07-09 23:00,475.88,0
2025-07-10 00:00,475.88,0
2025-07-10 01:00,475.88,0
2025-07-10 02:00,475.88,0
2025-07-10 03:00,475.88,0
2025-07-10 04:00,475.88,0
2025-07-10 05:00,475.88,0
2025-07-10 06:00,475.88,0
2025-07-10 07:00,475.88,0
2025-07-10 08:00,475.88,0
2025-07-10 09:00,475.88,0
2025-07-10 10:00,475.88,0
2025-07-10 11:00,475.88,0
2025-07-10 12:00,475.88,0
2025-07-10 13:00,475.88,0
2025-07-10 14:00,475.88,0
2025-07-10 15:00,475.88,0
2025-07-10 16:00,475.88,0
2025-07-10 17:00,475.88,0
2025-07-10 18:00,475.88,0
2025-07-10 19:00,475.88,0
2025-07-10 20:00,475.88,0
2025-07-10 21:00,475.88,0
2025-07-10 22:00,475.88,0
2025-07-10 23:00,475.88,0
2025-07-11 00:00,475.88,0
2025-07-11 01:00,475.88,0
2025-07-11 02:00,475.88,0
2025-07-11 03:00,475.88,0
2025-07-11 04:00,475.88,0
2025-07-11 05:00,475.88,0
2025-07-11 06:00,475.88,0
2025-07-11 07:00,475.88,0
2025-07-11 08:00,475.88,0
2025-07-11 09:00,475.88,0
2025-07-11 10:00,475.88,0
2025-07-11 11:00,475.88,0
2025-07-11 12:00,475.88,0
2025-07-11 13:00,475.88,0
2025-07-11 14:00,475.88,0
2025-07-11 15:00,475.88,0
2025-07-11 16:00,475.88,0
2025-07-11 17:00,475.88,0
2025-07-11 18:00,475.88,0
2025-07-11 19:00,475.88,0
2025-07-11 20:00,475.88,0
2025-07-11 21:00,475.88,0
2025-07-11 22:00,475.88,0
2025-07-11 23:00,475.88,0
2025-07-12 00:00,475.88,0
2025-07-12 01:00,475.88,0
2025-07-12 02:00,475.88,0
2025-07-12 03:00,475.88,0
2025-07-12 04:00,475.88,0
2025-07-12 05:00,475.88,0
2025-07-12 06:00,475.88,0
2025-07-12 07:00,475.88,0
2025-07-12 08:00,475.88,0
2025-07-12 09:00,475.88,0
2025-07-12 10:00,475.88,0
2025-07-12 11:00,475.88,0
2025-07-12 12:00,475.88,0
2025-07-12 13:00,475.88,0
2025-07-12 14:00,475.88,0
2025-07-12 15:00,475.88,0
2025-07-12 16:00,475.88,0
2025-07-12 17:00,475.88,0
2025-07-12 18:00,475.88,0
2025-07-12 19:00,475.88,0
2025-07-12 20:00,475.88,0
2025-07-12 21:00,475.88,0
2025-07-12 22:00,475.88,0
2025-07-12 23:00,475.88,0
2025-07-13 00:00,475.88,0
2025-07-13 01:00,475.88,0
2025-07-13 02:00,475.88,0
2025-07-13 03:00,475.88,0
2025-07-13 04:00,475.88,0
2025-07-13 05:00,475.88,0
2025-07-13 06:00,475.88,0
2025-07-13 07:00,475.88,0
2025-07-13 08:00,475.88,0
2025-07-13 09:00,475.88,0
2025-07-13 10:00,475.88,0
2025-07-13 11:00,475.88,0
2025-07-13 12:00,475.88,0
2025-07-13 13:00,475.89,0
2025-07-13 14:00,475.92,0
2025-07-13 15:00,475.92,0
2025-07-13 16:00,476.01,0
2025-07-13 17:00,476.04,0
2025-07-13 18:00,476.04,0
2025-07-13 19:00,476.04,0
2025-07-13 20:00,476.04,0
2025-07-13 21:00,476.04,0
2025-07-13 22:00,476.04,0
2025-07-13 23:00,476.04,0
2025-07-14 00:00,476.04,0
2025-07-14 01:00,476.04,0
2025-07-14 02:00,476.04,0
2025-07-14 03:00,476.04,0
2025-07-14 04:00,476.04,0
2025-07-14 05:00,476.04,0
2025-07-14 06:00,476.04,0
2025-07-14 07:00,476.04,0
2025-07-14 08:00,476.04,0
2025-07-14 09:00,476.04,0
2025-07-14 10:00,476.04,0
2025-07-14 11:00,476.04,0
2025-07-14 12:00,476.04,0
2025-07-14 13:00,476.04,0
2025-07-14 14:00,476.04,0
2025-07-14 15:00,476.04,0
2025-07-14 16:00,476.04,0
2025-07-14 17:00,476.04,0
2025-07-14 18:00,476.04,0
2025-07-14 19:00,476.04,0
2025-07-14 20:00,476.04,0
2025-07-14 21:00,476.04,0
2025-07-14 22:00,476.04,0
2025-07-14 23:00,476.04,0
2025-07-15 00:00,476.04,0
2025-07-15 01:00,476.04,0
2025-07-15 02:00,476.04,0
2025-07-15 03:00,476.04,0
2025-07-15 04:00,476.04,0
2025-07-15 05:00,476.04,0
2025-07-15 06:00,476.04,0
2025-07-15 07:00,476.04,0
2025-07-15 08:00,476.04,0
2025-07-15 09:00,476.04,0
2025-07-15 10:00,476.04,0
2025-07-15 11:00,476.04,0
2025-07-15 12:00,476.04,0
2025-07-15 13:00,476.04,0
2025-07-15 14:00,476.04,0
2025-07-15 15:00,476.04,0
2025-07-15 16:00,476.04,0
2025-07-15 17:00,476.04,0
2025-07-15 18:00,476.04,0
2025-07-15 19:00,476.04,0
2025-07-15 20:00,476.04,0
2025-07-15 21:00,476.04,0
2025-07-15 22:00,476.04,0
2025-07-15 23:00,476.04,0
2025-07-16 00:00,476.04,0
2025-07-16 01:00,476.04,0
2025-07-16 02:00,476.04,0
2025-07-16 03:00,476.04,0
2025-07-16 04:00,476.04,0
2025-07-16 05:00,476.04,0
2025-07-16 06:00,476.04,0
2025-07-16 07:00,476.04,0
2025-07-16 08:00,476.04,0
2025-07-16 09:00,476.04,0
2025-07-16 10:00,476.04,0
2025-07-16 11:00,476.04,0
2025-07-16 12:00,476.04,0
2025-07-16 13:00,476.04,0
2025-07-16 14:00,476.04,0
2025-07-16 15:00,476.04,0
2025-07-16 16:00,476.04,0
2025-07-16 17:00,476.04,0
2025-07-16 18:00,476.04,0
2025-07-16 19:00,476.04,0
2025-07-16 20:00,476.04,0
2025-07-16 21:00,476.04,0
2025-07-16 22:00,476.04,0
2025-07-16 23:00,476.04,0
2025-07-17 00:00,476.05,0
2025-07-17 01:00,476.07,0
2025-07-17 02:00,476.1,0
2025-07-17 03:00,476.15,0
2025-07-17 04:00,476.19,0
2025-07-17 05:00,476.23,0
2025-07-17 06:00,476.27,0
2025-07-17 07:00,476.31,0
2025-07-17 08:00,476.32,0
2025-07-17 09:00,476.32,0
2025-07-17 10:00,476.32,0
2025-07-17 11:00,476.32,0
2025-07-17 12:00,476.32,0
2025-07-17 13:00,476.32,0
2025-07-17 14:00,476.32,0
2025-07-17 15:00,476.32,0
2025-07-17 16:00,476.46,0
2025-07-17 17:00,476.48,0
2025-07-17 18:00,476.48,0
2025-07-17 19:00,476.48,0
2025-07-17 20:00,476.48,0
2025-07-17 21:00,476.48,0
2025-07-17 22:00,476.48,0
2025-07-17 23:00,476.48,0
2025-07-18 00:00,476.48,0
2025-07-18 01:00,476.48,0
2025-07-18 02:00,476.48,0
2025-07-18 03:00,476.48,0
2025-07-18 04:00,476.48,0
2025-07-18 05:00,476.48,0
2025-07-18 06:00,476.48,0
2025-07-18 07:00,476.48,0
2025-07-18 08:00,476.48,0
2025-07-18 09:00,476.48,0
2025-07-18 10:00,476.48,0
2025-07-18 11:00,476.48,0
2025-07-18 12:00,476.48,0
2025-07-18 13:00,476.48,0
2025-07-18 14:00,476.48,0
2025-07-18 15:00,476.48,0
2025-07-18 16:00,476.48,0
2025-07-18 17:00,476.48,0
2025-07-18 18:00,476.48,0
2025-07-18 19:00,476.48,0
2025-07-18 20:00,476.48,0
2025-07-18 21:00,476.48,0
2025-07-18 22:00,476.48,0
2025-07-18 23:00,476.48,0
2025-07-19 00:00,476.48,0
2025-07-19 01:00,476.48,0
2025-07-19 02:00,476.48,0
2025-07-19 03:00,476.48,0
2025-07-19 04:00,476.48,0
2025-07-19 05:00,476.48,0
2025-07-19 06:00,476.48,0
2025-07-19 07:00,476.48,0
2025-07-19 08:00,476.48,0
2025-07-19 09:00,476.48,0
2025-07-19 10:00,476.48,0
2025-07-19 11:00,476.48,0
2025-07-19 12:00,476.48,0
2025-07-19 13:00,476.48,0
2025-07-19 14:00,476.48,0
2025-07-19 15:00,476.48,0
2025-07-19 16:00,476.48,0
2025-07-19 17:00,476.48,0
2025-07-19 18:00,476.48,0
2025-07-19 19:00,476.48,0
2025-07-19 20:00,476.48,0
2025-07-19 21:00,476.48,0
2025-07-19 22:00,476.48,0
2025-07-19 23:00,476.48,0
2025-07-20 00:00,476.48,0
2025-07-20 01:00,476.48,0
2025-07-20 02:00,476.48,0
2025-07-20 03:00,476.48,0
2025-07-20 04:00,476.48,0
2025-07-20 05:00,476.48,0
2025-07-20 06:00,476.48,0
2025-07-20 07:00,476.48,0
2025-07-20 08:00,476.48,0
2025-07-20 09:00,476.48,0
2025-07-20 10:00,476.48,0
2025-07-20 11:00,476.48,0
2025-07-20 12:00,476.48,0
2025-07-20 13:00,476.48,0
2025-07-20 14:00,476.48,0
2025-07-20 15:00,476.48,0
2025-07-20 16:00,476.48,0
2025-07-20 17:00,476.48,0
2025-07-20 18:00,476.48,0
2025-07-20 19:00,476.48,0
2025-07-20 20:00,476.48,0
2025-07-20 21:00,476.48,0
2025-07-20 22:00,476.48,0
2025-07-20 23:00,476.48,0
2025-07-21 00:00,476.48,0
2025-07-21 01:00,476.48,0
2025-07-21 02:00,476.48,0
2025-07-21 03:00,476.48,0
2025-07-21 04:00,476.49,0
2025-07-21 05:00,476.49,0
2025-07-21 06:00,476.49,0
2025-07-21 07:00,476.49,0
2025-07-21 08:00,476.49,0
2025-07-21 09:00,476.49,0
2025-07-21 10:00,476.49,0
2025-07-21 11:00,476.49,0
2025-07-21 12:00,476.49,0
2025-07-21 13:00,476.49,0
2025-07-21 14:00,476.49,0
2025-07-21 15:00,476.49,0
2025-07-21 16:00,476.49,0
2025-07-21 17:00,476.49,0
2025-07-21 18:00,476.49,0
2025-07-21 19:00,476.49,0
2025-07-21 20:00,476.49,0
2025-07-21 21:00,476.49,0
2025-07-21 22:00,476.49,0
2025-07-21 23:00,476.49,0
2025-07-22 00:00,476.49,0
2025-07-22 01:00,476.49,0
2025-07-22 02:00,476.49,0
2025-07-22 03:00,476.49,0
2025-07-22 04:00,476.49,0
2025-07-22 05:00,476.49,0
2025-07-22 06:00,476.49,0
2025-07-22 07:00,476.49,0
2025-07-22 08:00,476.49,0
2025-07-22 09:00,476.49,0
2025-07-22 10:00,476.49,0
2025-07-22 11:00,476.49,0
2025-07-22 12:00,476.49,0
2025-07-22 13:00,476.49,0
2025-07-22 14:00,476.49,0
2025-07-22 15:00,476.49,0
2025-07-22 16:00,476.49,0
2025-07-22 17:00,476.49,0
2025-07-22 18:00,476.49,0
2025-07-22 19:00,476.49,0
2025-07-22 20:00,476.49,0
2025-07-22 21:00,476.49,0
2025-07-22 22:00,476.49,0
2025-07-22 23:00,476.49,0
2025-07-23 00:00,476.49,0
2025-07-23 01:00,476.49,0
2025-07-23 02:00,476.49,0
2025-07-23 03:00,476.5,0
2025-07-23 04:00,476.5,0
2025-07-23 05:00,476.5,0
2025-07-23 06:00,476.51,0
2025-07-23 07:00,476.53,0
2025-07-23 08:00,476.53,0
2025-07-23 09:00,476.53,0
2025-07-23 10:00,476.54,0
2025-07-23 11:00,476.54,0
2025-07-23 12:00,476.54,0
2025-07-23 13:00,476.54,0
2025-07-23 14:00,476.54,0
2025-07-23 15:00,476.54,0
2025-07-23 16:00,476.54,0
2025-07-23 17:00,476.54,0
2025-07-23 18:00,476.54,0
2025-07-23 19:00,476.54,0
2025-07-23 20:00,476.54,0
2025-07-23 21:00,476.54,0
2025-07-23 22:00,476.54,0
2025-07-23 23:00,476.54,0
2025-07-24 00:00,476.54,0
2025-07-24 01:00,476.54,0
2025-07-24 02:00,476.54,0
2025-07-24 03:00,476.54,0
2025-07-24 04:00,476.54,0
2025-07-24 05:00,476.54,0
2025-07-24 06:00,476.54,0
2025-07-24 07:00,476.54,0
2025-07-24 08:00,476.54,0
2025-07-24 09:00,476.54,0
2025-07-24 10:00,476.54,0
2025-07-24 11:00,476.54,0
2025-07-24 12:00,476.54,0
2025-07-24 13:00,476.54,0
2025-07-24 14:00,476.54,0
2025-07-24 15:00,476.54,0
2025-07-24 16:00,476.54,0
2025-07-24 17:00,476.54,0
2025-07-24 18:00,476.54,0
2025-07-24 19:00,476.54,0
2025-07-24 20:00,476.54,0
2025-07-24 21:00,476.54,0
2025-07-24 22:00,476.54,0
2025-07-24 23:00,476.54,0
2025-07-25 00:00,476.54,0
2025-07-25 01:00,476.54,0
2025-07-25 02:00,476.54,0
2025-07-25 03:00,476.54,0
2025-07-25 04:00,476.54,0
2025-07-25 05:00,476.54,0
2025-07-25 06:00,476.54,0
2025-07-25 07:00,476.54,0
2025-07-25 08:00,476.54,0
2025-07-25 09:00,476.54,0
2025-07-25 10:00,476.54,0
2025-07-25 11:00,476.54,0
2025-07-25 12:00,476.54,0
2025-07-25 13:00,476.54,0
2025-07-25 14:00,476.54,0
2025-07-25 15:00,476.54,0
2025-07-25 16:00,476.54,0
2025-07-25 17:00,476.54,0
2025-07-25 18:00,476.54,0
2025-07-25 19:00,476.54,0
2025-07-25 20:00,476.54,0
2025-07-25 21:00,476.54,0
2025-07-25 22:00,476.54,0
2025-07-25 23:00,476.54,0
2025-07-26 00:00,476.54,0
2025-07-26 01:00,476.54,0
2025-07-26 02:00,476.54,0
2025-07-26 03:00,476.54,0
2025-07-26 04:00,476.54,0
2025-07-26 05:00,476.54,0
2025-07-26 06:00,476.54,0
2025-07-26 07:00,476.54,0
2025-07-26 08:00,476.54,0
2025-07-26 09:00,476.54,0
2025-07-26 10:00,476.54,0
2025-07-26 11:00,476.57,0
2025-07-26 12:00,476.62,0
2025-07-26 13:00,476.62,0
2025-07-26 14:00,476.62,0
2025-07-26 15:00,476.62,0
2025-07-26 16:00,476.62,0
2025-07-26 17:00,476.62,0
2025-07-26 18:00,476.62,0
2025-07-26 19:00,476.62,0
2025-07-26 20:00,476.62,0
2025-07-26 21:00,476.62,0
2025-07-26 22:00,476.62,0
2025-07-26 23:00,476.62,0
2025-07-27 00:00,476.62,0
2025-07-27 01:00,476.63,0
2025-07-27 02:00,476.64,0
2025-07-27 03:00,476.67,0
2025-07-27 04:00,476.7,0
2025-07-27 05:00,476.76,0
2025-07-27 06:00,476.79,0
2025-07-27 07:00,476.81,0
2025-07-27 08:00,476.81,0
2025-07-27 09:00,476.81,0
2025-07-27 10:00,476.81,0
2025-07-27 11:00,476.81,0
2025-07-27 12:00,476.81,0
2025-07-27 13:00,476.81,0
2025-07-27 14:00,476.81,0
2025-07-27 15:00,476.81,0
2025-07-27 16:00,476.81,0
2025-07-27 17:00,476.81,0
2025-07-27 18:00,476.81,0
2025-07-27 19:00,476.81,0
2025-07-27 20:00,476.82,0
2025-07-27 21:00,476.83,0
2025-07-27 22:00,476.84,0
2025-07-27 23:00,476.84,0
2025-07-28 00:00,476.84,0
2025-07-28 01:00,476.87,0
2025-07-28 02:00,476.88,0
2025-07-28 03:00,476.89,0
2025-07-28 04:00,476.92,0
2025-07-28 05:00,476.94,0
2025-07-28 06:00,476.97,0
2025-07-28 07:00,477.03,0
2025-07-28 08:00,478.01,0
2025-07-28 09:00,478.75,0
2025-07-28 10:00,479.01,0
2025-07-28 11:00,479.35,0
2025-07-28 12:00,480.65,0
2025-07-28 13:00,481.75,0
2025-07-28 14:00,482.82,0
2025-07-28 15:00,484.45,0
2025-07-28 16:00,485.84,0
2025-07-28 17:00,487.29,0
2025-07-28 18:00,487.5,0
2025-07-28 19:00,488.19,0
2025-07-28 20:00,488.26,0
2025-07-28 21:00,488.29,0
2025-07-28 22:00,488.45,0
2025-07-28 23:00,488.82,0
2025-07-29 00:00,488.99,0
2025-07-29 01:00,489.05,0
2025-07-29 02:00,489.09,0
2025-07-29 03:00,489.13,0
2025-07-29 04:00,489.17,0
2025-07-29 05:00,489.19,0
2025-07-29 06:00,489.24,0
2025-07-29 07:00,489.25,0
2025-07-29 08:00,489.25,0
2025-07-29 09:00,489.25,0
2025-07-29 10:00,489.26,0
2025-07-29 11:00,489.29,0
2025-07-29 12:00,489.4,0
2025-07-29 13:00,489.5,0
2025-07-29 14:00,489.56,0
2025-07-29 15:00,489.58,0
2025-07-29 16:00,489.58,0
2025-07-29 17:00,489.58,0
2025-07-29 18:00,489.58,0
2025-07-29 19:00,489.58,0
2025-07-29 20:00,489.58,0
2025-07-29 21:00,489.58,0
2025-07-29 22:00,489.58,0
2025-07-29 23:00,489.58,0
2025-07-30 00:00,489.58,0
2025-07-30 01:00,489.58,0
2025-07-30 02:00,489.58,0
2025-07-30 03:00,489.58,0
2025-07-30 04:00,489.58,0
2025-07-30 05:00,489.58,0
2025-07-30 06:00,489.58,0
2025-07-30 07:00,489.58,0
2025-07-30 08:00,489.58,0
2025-07-30 09:00,489.58,0
2025-07-30 10:00,489.58,0
2025-07-30 11:00,489.58,0
2025-07-30 12:00,489.58,0
2025-07-30 13:00,489.58,0
2025-07-30 14:00,489.58,0
2025-07-30 15:00,489.58,0
2025-07-30 16:00,489.58,0
2025-07-30 17:00,489.58,0
2025-07-30 18:00,489.59,0
2025-07-30 19:00,489.59,0
2025-07-30 20:00,489.59,0
2025-07-30 21:00,489.59,0
2025-07-30 22:00,489.59,0
2025-07-30 23:00,489.59,0
2025-07-31 00:00,489.59,0
2025-07-31 01:00,489.59,0
2025-07-31 02:00,489.59,0
2025-07-31 03:00,489.59,0
2025-07-31 04:00,489.59,0
2025-07-31 05:00,489.59,0
2025-07-31 06:00,489.59,0
2025-07-31 07:00,489.59,0
2025-07-31 08:00,489.59,0
2025-07-31 09:00,489.59,0
2025-07-31 10:00,489.59,0
2025-07-31 11:00,489.59,0
2025-07-31 12:00,489.59,0
2025-07-31 13:00,489.59,0
2025-07-31 14:00,489.59,0
2025-07-31 15:00,489.59,0
2025-07-31 16:00,489.59,0
2025-07-31 17:00,489.59,0
2025-07-31 18:00,489.59,0
2025-07-31 19:00,489.59,0
2025-07-31 20:00,489.59,0
2025-07-31 21:00,489.59,0
2025-07-31 22:00,489.59,0
2025-07-31 23:00,489.59,0
2025-08-01 00:00,489.59,0
2025-08-01 01:00,489.59,0
2025-08-01 02:00,489.59,0
2025-08-01 03:00,489.59,0
2025-08-01 04:00,489.59,0
2025-08-01 05:00,489.59,0
2025-08-01 06:00,489.59,0
2025-08-01 07:00,489.59,0
2025-08-01 08:00,489.59,0
2025-08-01 09:00,489.59,0
2025-08-01 10:00,489.6,0
2025-08-01 11:00,489.6,0
2025-08-01 12:00,489.61,0
2025-08-01 13:00,489.61,0
2025-08-01 14:00,489.61,0
2025-08-01 15:00,489.61,0
2025-08-01 16:00,489.61,0
2025-08-01 17:00,489.61,0
2025-08-01 18:00,489.61,0
2025-08-01 19:00,489.61,0
2025-08-01 20:00,489.61,0
2025-08-01 21:00,489.61,0
2025-08-01 22:00,489.61,0
2025-08-01 23:00,489.61,0
2025-08-02 00:00,489.61,0
2025-08-02 01:00,489.61,0
2025-08-02 02:00,489.61,0
2025-08-02 03:00,489.61,0
2025-08-02 04:00,489.61,0
2025-08-02 05:00,489.61,0
2025-08-02 06:00,489.61,0
2025-08-02 07:00,489.61,0
2025-08-02 08:00,489.61,0
2025-08-02 09:00,489.61,0
2025-08-02 10:00,489.61,0
2025-08-02 11:00,489.61,0
2025-08-02 12:00,489.61,0
2025-08-02 13:00,489.61,0
2025-08-02 14:00,489.63,0
2025-08-02 15:00,489.63,0
2025-08-02 16:00,489.63,0
2025-08-02 17:00,489.63,0
2025-08-02 18:00,489.63,0
2025-08-02 19:00,489.63,0
2025-08-02 20:00,489.63,0
2025-08-02 21:00,489.63,0
2025-08-02 22:00,489.63,0
2025-08-02 23:00,489.63,0
2025-08-03 00:00,489.63,0
2025-08-03 01:00,489.64,0
2025-08-03 02:00,489.65,0
2025-08-03 03:00,489.68,0
2025-08-03 04:00,489.71,0
2025-08-03 05:00,489.73,0
2025-08-03 06:00,489.75,0
2025-08-03 07:00,489.77,0
2025-08-03 08:00,489.83,0
2025-08-03 09:00,490.02,0
2025-08-03 10:00,490.21,0
2025-08-03 11:00,490.4,0
2025-08-03 12:00,490.56,0
2025-08-03 13:00,490.62,0
2025-08-03 14:00,490.62,0
2025-08-03 15:00,490.63,0
2025-08-03 16:00,490.63,0
2025-08-03 17:00,490.63,0
2025-08-03 18:00,490.63,0
2025-08-03 19:00,490.63,0
2025-08-03 20:00,490.63,0
2025-08-03 21:00,490.63,0
2025-08-03 22:00,490.63,0
2025-08-03 23:00,490.63,0
2025-08-04 00:00,490.63,0
2025-08-04 01:00,490.64,0
2025-08-04 02:00,490.66,0
2025-08-04 03:00,490.66,0
2025-08-04 04:00,490.66,0
2025-08-04 05:00,490.66,0
2025-08-04 06:00,490.66,0
2025-08-04 07:00,490.67,0
2025-08-04 08:00,490.74,0
2025-08-04 09:00,490.74,0
2025-08-04 10:00,490.74,0
2025-08-04 11:00,490.74,0
2025-08-04 12:00,490.75,0
2025-08-04 13:00,490.75,0
2025-08-04 14:00,490.8,0
2025-08-04 15:00,490.81,0
2025-08-04 16:00,490.82,0
2025-08-04 17:00,490.83,0
2025-08-04 18:00,490.83,0
2025-08-04 19:00,490.83,0
2025-08-04 20:00,490.83,0
2025-08-04 21:00,490.83,0
2025-08-04 22:00,490.83,0
2025-08-04 23:00,490.83,0
2025-08-05 00:00,490.83,0
2025-08-05 01:00,490.83,0
2025-08-05 02:00,490.83,0
2025-08-05 03:00,490.83,0
2025-08-05 04:00,490.83,0
2025-08-05 05:00,490.83,0
2025-08-05 06:00,490.83,0
2025-08-05 07:00,490.83,0
2025-08-05 08:00,490.83,0
2025-08-05 09:00,490.83,0
2025-08-05 10:00,490.83,0
2025-08-05 11:00,490.83,0
2025-08-05 12:00,490.86,0
2025-08-05 13:00,490.86,0
2025-08-05 14:00,490.86,0
2025-08-05 15:00,490.86,0
2025-08-05 16:00,490.86,0
2025-08-05 17:00,490.86,0
2025-08-05 18:00,490.86,0
2025-08-05 19:00,490.86,0
2025-08-05 20:00,490.86,0
2025-08-05 21:00,490.86,0
2025-08-05 22:00,490.86,0
2025-08-05 23:00,490.86,0
2025-08-06 00:00,490.86,0
2025-08-06 01:00,490.86,0
2025-08-06 02:00,490.86,0
2025-08-06 03:00,490.86,0
2025-08-06 04:00,490.86,0
2025-08-06 05:00,490.86,0
2025-08-06 06:00,490.86,0
2025-08-06 07:00,490.86,0
2025-08-06 08:00,490.86,0
2025-08-06 09:00,490.86,0
2025-08-06 10:00,490.86,0
2025-08-06 11:00,490.86,0
2025-08-06 12:00,490.86,0
2025-08-06 13:00,490.86,0
2025-08-06 14:00,490.86,0
2025-08-06 15:00,490.86,0
2025-08-06 16:00,490.86,0
2025-08-06 17:00,490.86,0
2025-08-06 18:00,490.86,0
2025-08-06 19:00,490.86,0
2025-08-06 20:00,490.86,0
2025-08-06 21:00,490.86,0
2025-08-06 22:00,490.86,0
2025-08-06 23:00,490.86,0
2025-08-07 00:00,490.86,0
2025-08-07 01:00,490.86,0
2025-08-07 02:00,490.86,0
2025-08-07 03:00,490.86,0
2025-08-07 04:00,490.86,0
2025-08-07 05:00,490.86,0
2025-08-07 06:00,490.86,0
2025-08-07 07:00,490.86,0
2025-08-07 08:00,490.86,0
2025-08-07 09:00,490.86,0
2025-08-07 10:00,490.86,0
2025-08-07 11:00,490.86,0
2025-08-07 12:00,490.86,0
2025-08-07 13:00,490.86,0
2025-08-07 14:00,490.86,0
2025-08-07 15:00,490.86,0
2025-08-07 16:00,490.86,0
2025-08-07 17:00,490.86,0
2025-08-07 18:00,490.86,0
2025-08-07 19:00,490.86,0
2025-08-07 20:00,490.86,0
2025-08-07 21:00,490.86,0
2025-08-07 22:00,490.86,0
2025-08-07 23:00,490.86,0
2025-08-08 00:00,490.86,0
2025-08-08 01:00,490.86,0
2025-08-08 02:00,490.86,0
2025-08-08 03:00,490.86,0
2025-08-08 04:00,490.86,0
2025-08-08 05:00,490.86,0
2025-08-08 06:00,490.86,0
2025-08-08 07:00,490.86,0
2025-08-08 08:00,490.86,0
2025-08-08 09:00,490.86,0
2025-08-08 10:00,490.86,0
2025-08-08 11:00,490.86,0
2025-08-08 12:00,490.86,0
2025-08-08 13:00,490.86,0
2025-08-08 14:00,490.86,0
2025-08-08 15:00,490.86,0
2025-08-08 16:00,490.86,0
2025-08-08 17:00,490.86,0
2025-08-08 18:00,490.86,0
2025-08-08 19:00,490.86,0
2025-08-08 20:00,490.86,0
2025-08-08 21:00,490.86,0
2025-08-08 22:00,490.86,0
2025-08-08 23:00,490.86,0
2025-08-09 00:00,490.86,0
2025-08-09 01:00,490.86,0
2025-08-09 02:00,490.86,0
2025-08-09 03:00,490.86,0
2025-08-09 04:00,490.86,0
2025-08-09 05:00,490.86,0
2025-08-09 06:00,490.86,0
2025-08-09 07:00,490.86,0
2025-08-09 08:00,490.86,0
2025-08-09 09:00,490.86,0
2025-08-09 10:00,490.86,0
2025-08-09 11:00,490.86,0
2025-08-09 12:00,490.86,0
2025-08-09 13:00,490.86,0
2025-08-09 14:00,490.86,0
2025-08-09 15:00,490.86,0
2025-08-09 16:00,490.86,0
2025-08-09 17:00,490.86,0
2025-08-09 18:00,490.86,0
2025-08-09 19:00,490.86,0
2025-08-09 20:00,490.86,0
2025-08-09 21:00,490.86,0
2025-08-09 22:00,490.86,0
2025-08-09 23:00,490.86,0
2025-08-10 00:00,490.86,0
2025-08-10 01:00,490.86,0
2025-08-10 02:00,490.86,0
2025-08-10 03:00,490.86,0
2025-08-10 04:00,490.86,0
2025-08-10 05:00,490.86,0
2025-08-10 06:00,490.86,0
2025-08-10 07:00,490.86,0
2025-08-10 08:00,490.86,0
2025-08-10 09:00,490.86,0
2025-08-10 10:00,490.86,0
2025-08-10 11:00,490.86,0
2025-08-10 12:00,490.86,0
2025-08-10 13:00,490.86,0
2025-08-10 14:00,490.86,0
2025-08-10 15:00,490.86,0
2025-08-10 16:00,490.86,0
2025-08-10 17:00,490.86,0
2025-08-10 18:00,490.86,0
2025-08-10 19:00,490.86,0
2025-08-10 20:00,490.86,0
2025-08-10 21:00,490.86,0
2025-08-10 22:00,490.86,0
2025-08-10 23:00,490.86,0
2025-08-11 00:00,490.86,0
2025-08-11 01:00,490.86,0
2025-08-11 02:00,490.86,0
2025-08-11 03:00,490.86,0
2025-08-11 04:00,490.86,0
2025-08-11 05:00,490.86,0
2025-08-11 06:00,490.86,0
2025-08-11 07:00,490.86,0
2025-08-11 08:00,490.86,0
2025-08-11 09:00,490.86,0
2025-08-11 10:00,490.86,0
2025-08-11 11:00,490.86,0
2025-08-11 12:00,490.86,0
2025-08-11 13:00,490.86,0
2025-08-11 14:00,490.86,0
2025-08-11 15:00,490.86,0
2025-08-11 16:00,490.87,0
2025-08-11 17:00,490.88,0
2025-08-11 18:00,490.88,0
2025-08-11 19:00,490.88,0
2025-08-11 20:00,490.88,0
2025-08-11 21:00,490.88,0
2025-08-11 22:00,490.88,0
2025-08-11 23:00,490.88,0
2025-08-12 00:00,490.88,0
2025-08-12 01:00,490.88,0
2025-08-12 02:00,490.88,0
2025-08-12 03:00,490.88,0
2025-08-12 04:00,490.88,0
2025-08-12 05:00,490.88,0
2025-08-12 06:00,490.88,0
2025-08-12 07:00,490.88,0
2025-08-12 08:00,490.88,0
2025-08-12 09:00,490.88,0
2025-08-12 10:00,490.88,0
2025-08-12 11:00,490.88,0
2025-08-12 12:00,490.88,0
2025-08-12 13:00,490.9,0
2025-08-12 14:00,491.76,0
2025-08-12 15:00,491.81,0
2025-08-12 16:00,491.86,0
2025-08-12 17:00,492.05,0
2025-08-12 18:00,492.14,0
2025-08-12 19:00,492.14,0
2025-08-12 20:00,492.14,0
2025-08-12 21:00,492.14,0
2025-08-12 22:00,492.14,0
2025-08-12 23:00,492.14,0
2025-08-13 00:00,492.14,0
2025-08-13 01:00,492.14,0
2025-08-13 02:00,492.14,0
2025-08-13 03:00,492.14,0
2025-08-13 04:00,492.14,0
2025-08-13 05:00,492.14,0
2025-08-13 06:00,492.14,0
2025-08-13 07:00,492.14,0
2025-08-13 08:00,492.14,0
2025-08-13 09:00,492.14,0
2025-08-13 10:00,492.14,0
2025-08-13 11:00,492.15,0
2025-08-13 12:00,492.15,0
2025-08-13 13:00,492.16,0
2025-08-13 14:00,492.17,0
2025-08-13 15:00,492.18,0
2025-08-13 16:00,492.48,0
2025-08-13 17:00,492.57,0
2025-08-13 18:00,492.72,0
2025-08-13 19:00,492.72,0
2025-08-13 20:00,492.72,0
2025-08-13 21:00,492.72,0
2025-08-13 22:00,492.72,0
2025-08-13 23:00,492.73,0
2025-08-14 00:00,492.73,0
2025-08-14 01:00,492.73,0
2025-08-14 02:00,492.73,0
2025-08-14 03:00,492.81,0
2025-08-14 04:00,492.91,0
2025-08-14 05:00,493.05,0
2025-08-14 06:00,493.09,0
2025-08-14 07:00,493.09,0
2025-08-14 08:00,493.21,0
2025-08-14 09:00,493.22,0
2025-08-14 10:00,493.24,0
2025-08-14 11:00,493.25,0
2025-08-14 12:00,493.26,0
2025-08-14 13:00,493.28,0
2025-08-14 14:00,493.3,0
2025-08-14 15:00,493.32,0
2025-08-14 16:00,493.56,0
2025-08-14 17:00,493.63,0
2025-08-14 18:00,493.65,0
2025-08-14 19:00,493.65,0
2025-08-14 20:00,493.65,0
2025-08-14 21:00,493.65,0
2025-08-14 22:00,493.65,0
2025-08-14 23:00,493.65,0
2025-08-15 00:00,493.65,0
2025-08-15 01:00,493.65,0
2025-08-15 02:00,493.65,0
2025-08-15 03:00,493.65,0
2025-08-15 04:00,493.65,0
2025-08-15 05:00,493.65,0
2025-08-15 06:00,493.65,0
2025-08-15 07:00,493.65,0
2025-08-15 08:00,493.65,0
2025-08-15 09:00,493.65,0
2025-08-15 10:00,493.65,0
2025-08-15 11:00,493.66,0
2025-08-15 12:00,493.67,0
2025-08-15 13:00,493.68,0
2025-08-15 14:00,493.69,0
2025-08-15 15:00,494.12,0
2025-08-15 16:00,494.73,0
2025-08-15 17:00,495.04,0
2025-08-15 18:00,495.14,0
2025-08-15 19:00,495.14,0
2025-08-15 20:00,495.16,0
2025-08-15 21:00,495.22,0
2025-08-15 22:00,495.27,0
2025-08-15 23:00,495.29,0
2025-08-16 00:00,495.29,0
2025-08-16 01:00,495.31,0
2025-08-16 02:00,495.31,0
2025-08-16 03:00,495.32,0
2025-08-16 04:00,495.32,0
2025-08-16 05:00,495.32,0
2025-08-16 06:00,495.32,0
2025-08-16 07:00,495.32,0
2025-08-16 08:00,495.32,0
2025-08-16 09:00,495.32,0
2025-08-16 10:00,495.32,0
2025-08-16 11:00,495.33,0
2025-08-16 12:00,495.34,0
2025-08-16 13:00,495.34,0
2025-08-16 14:00,495.44,0
2025-08-16 15:00,495.63,0
2025-08-16 16:00,495.99,0
2025-08-16 17:00,495.99,0
2025-08-16 18:00,495.99,0
2025-08-16 19:00,495.99,0
2025-08-16 20:00,495.99,0
2025-08-16 21:00,495.99,0
2025-08-16 22:00,495.99,0
2025-08-16 23:00,495.99,0
2025-08-17 00:00,495.99,0
2025-08-17 01:00,495.99,0
2025-08-17 02:00,495.99,0
2025-08-17 03:00,495.99,0
2025-08-17 04:00,495.99,0
2025-08-17 05:00,495.99,0
2025-08-17 06:00,495.99,0
2025-08-17 07:00,495.99,0
2025-08-17 08:00,495.99,0
2025-08-17 09:00,495.99,0
2025-08-17 10:00,495.99,0
2025-08-17 11:00,496.0,0
2025-08-17 12:00,496.01,0
2025-08-17 13:00,496.02,0
2025-08-17 14:00,496.79,0
2025-08-17 15:00,496.79,0
2025-08-17 16:00,496.79,0
2025-08-17 17:00,496.79,0
2025-08-17 18:00,496.79,0
2025-08-17 19:00,496.79,0
2025-08-17 20:00,496.79,0
2025-08-17 21:00,496.79,0
2025-08-17 22:00,496.79,0
2025-08-17 23:00,496.79,0
2025-08-18 00:00,496.79,0
2025-08-18 01:00,496.79,0
2025-08-18 02:00,496.79,0
2025-08-18 03:00,496.79,0
2025-08-18 04:00,496.79,0
2025-08-18 05:00,496.79,0
2025-08-18 06:00,496.79,0
2025-08-18 07:00,496.79,0
2025-08-18 08:00,496.79,0
2025-08-18 09:00,496.79,0
2025-08-18 10:00,496.79,0
2025-08-18 11:00,496.8,0
2025-08-18 12:00,496.8,0
2025-08-18 13:00,496.8,0
2025-08-18 14:00,496.81,0
2025-08-18 15:00,497.48,0
2025-08-18 16:00,497.56,0
2025-08-18 17:00,497.56,0
2025-08-18 18:00,497.56,0
2025-08-18 19:00,497.56,0
2025-08-18 20:00,497.56,0
2025-08-18 21:00,497.56,0
2025-08-18 22:00,497.56,0
2025-08-18 23:00,497.56,0
2025-08-19 00:00,497.56,0
2025-08-19 01:00,497.56,0
2025-08-19 02:00,497.56,0
2025-08-19 03:00,497.56,0
2025-08-19 04:00,497.56,0
2025-08-19 05:00,497.56,0
2025-08-19 06:00,497.56,0
2025-08-19 07:00,497.56,0
2025-08-19 08:00,497.56,0
2025-08-19 09:00,497.56,0
2025-08-19 10:00,497.56,0
2025-08-19 11:00,497.56,0
2025-08-19 12:00,497.56,0
2025-08-19 13:00,497.56,0
2025-08-19 14:00,497.57,0
2025-08-19 15:00,497.57,0
2025-08-19 16:00,497.57,0
2025-08-19 17:00,497.57,0
2025-08-19 18:00,497.57,0
2025-08-19 19:00,497.57,0
2025-08-19 20:00,497.57,0
2025-08-19 21:00,497.57,0
2025-08-19 22:00,497.57,0
2025-08-19 23:00,497.57,0
2025-08-20 00:00,497.57,0
2025-08-20 01:00,497.57,0
2025-08-20 02:00,497.57,0
2025-08-20 03:00,497.57,0
2025-08-20 04:00,497.57,0
2025-08-20 05:00,497.57,0
2025-08-20 06:00,497.57,0
2025-08-20 07:00,497.57,0
2025-08-20 08:00,497.62,0
2025-08-20 09:00,497.63,0
2025-08-20 10:00,497.63,0
2025-08-20 11:00,497.63,0
2025-08-20 12:00,497.63,0
2025-08-20 13:00,497.63,0
2025-08-20 14:00,497.63,0
2025-08-20 15:00,497.63,0
2025-08-20 16:00,497.63,0
2025-08-20 17:00,497.63,0
2025-08-20 18:00,497.63,0
2025-08-20 19:00,497.63,0
2025-08-20 20:00,497.63,0
2025-08-20 21:00,497.63,0
2025-08-20 22:00,497.63,0
2025-08-20 23:00,497.63,0
2025-08-21 00:00,497.63,0
2025-08-21 01:00,497.63,0
2025-08-21 02:00,497.63,0
2025-08-21 03:00,497.63,0
2025-08-21 04:00,497.66,0
2025-08-21 05:00,497.74,0
2025-08-21 06:00,497.98,0
2025-08-21 07:00,498.33,0
2025-08-21 08:00,498.84,0
2025-08-21 09:00,499.4,0
2025-08-21 10:00,499.93,0
2025-08-21 11:00,500.27,0
2025-08-21 12:00,500.84,0
2025-08-21 13:00,501.25,0
2025-08-21 14:00,501.67,0
2025-08-21 15:00,501.78,0
2025-08-21 16:00,501.9,0
2025-08-21 17:00,502.06,0
2025-08-21 18:00,502.15,0
2025-08-21 19:00,502.2,0
2025-08-21 20:00,502.22,0
2025-08-21 21:00,502.23,0
2025-08-21 22:00,502.23,0
2025-08-21 23:00,502.23,0
2025-08-22 00:00,502.27,0
2025-08-22 01:00,502.4,0
2025-08-22 02:00,502.5,0
2025-08-22 03:00,502.56,0
2025-08-22 04:00,503.4,0
2025-08-22 05:00,504.05,0
2025-08-22 06:00,504.23,0
2025-08-22 07:00,504.27,0
2025-08-22 08:00,504.32,0
2025-08-22 09:00,504.38,0
2025-08-22 10:00,504.51,0
2025-08-22 11:00,504.69,0
2025-08-22 12:00,504.86,0
2025-08-22 13:00,505.12,0
2025-08-22 14:00,505.34,0
2025-08-22 15:00,505.53,0
2025-08-22 16:00,505.65,0
2025-08-22 17:00,505.74,0
2025-08-22 18:00,505.79,0
2025-08-22 19:00,505.85,0
2025-08-22 20:00,505.9,0
2025-08-22 21:00,506.0,0
2025-08-22 22:00,506.13,0
2025-08-22 23:00,506.29,0
2025-08-23 00:00,506.48,0
2025-08-23 01:00,506.52,0
2025-08-23 02:00,506.66,0
2025-08-23 03:00,506.76,0
2025-08-23 04:00,506.8,0
2025-08-23 05:00,506.83,0
2025-08-23 06:00,506.91,0
2025-08-23 07:00,507.45,0
2025-08-23 08:00,507.55,0
2025-08-23 09:00,507.95,0
2025-08-23 10:00,508.43,0
2025-08-23 11:00,509.0,0
2025-08-23 12:00,509.05,0
2025-08-23 13:00,509.06,0
2025-08-23 14:00,509.07,0
2025-08-23 15:00,509.55,0
2025-08-23 16:00,509.61,0
2025-08-23 17:00,509.65,0
2025-08-23 18:00,509.67,0
2025-08-23 19:00,509.68,0
2025-08-23 20:00,509.68,0
2025-08-23 21:00,509.68,0
2025-08-23 22:00,509.68,0
2025-08-23 23:00,509.68,0
2025-08-24 00:00,509.68,0
2025-08-24 01:00,509.68,0
2025-08-24 02:00,509.68,0
2025-08-24 03:00,509.68,0
2025-08-24 04:00,509.69,0
2025-08-24 05:00,509.7,0
2025-08-24 06:00,509.71,0
2025-08-24 07:00,509.71,0
2025-08-24 08:00,509.71,0
2025-08-24 09:00,509.73,0
2025-08-24 10:00,509.79,0
2025-08-24 11:00,510.08,0
2025-08-24 12:00,510.28,0
2025-08-24 13:00,510.31,0
2025-08-24 14:00,510.37,0
2025-08-24 15:00,510.45,0
2025-08-24 16:00,510.53,0
2025-08-24 17:00,510.53,0
2025-08-24 18:00,510.53,0
2025-08-24 19:00,510.53,0
2025-08-24 20:00,510.53,0
2025-08-24 21:00,510.53,0
2025-08-24 22:00,510.53,0
2025-08-24 23:00,510.53,0
2025-08-25 00:00,510.53,0
2025-08-25 01:00,510.53,0
2025-08-25 02:00,510.53,0
2025-08-25 03:00,510.53,0
2025-08-25 04:00,510.53,0
2025-08-25 05:00,510.54,0
2025-08-25 06:00,510.54,0
2025-08-25 07:00,510.54,0
2025-08-25 08:00,510.54,0
2025-08-25 09:00,510.55,0
2025-08-25 10:00,510.55,0
2025-08-25 11:00,510.55,0
2025-08-25 12:00,510.55,0
2025-08-25 13:00,510.55,0
2025-08-25 14:00,510.55,0
2025-08-25 15:00,510.55,0
2025-08-25 16:00,510.56,0
2025-08-25 17:00,510.56,0
2025-08-25 18:00,510.56,0
2025-08-25 19:00,510.56,0
2025-08-25 20:00,510.57,0
2025-08-25 21:00,510.57,0
2025-08-25 22:00,510.57,0
2025-08-25 23:00,510.57,0
2025-08-26 00:00,510.57,0
2025-08-26 01:00,510.57,0
2025-08-26 02:00,510.58,0
2025-08-26 03:00,510.58,0
2025-08-26 04:00,510.58,0
2025-08-26 05:00,510.59,0
2025-08-26 06:00,510.61,0
2025-08-26 07:00,510.68,0
2025-08-26 08:00,510.74,0
2025-08-26 09:00,510.77,0
2025-08-26 10:00,510.81,0
2025-08-26 11:00,510.85,0
2025-08-26 12:00,510.88,0
2025-08-26 13:00,510.9,0
2025-08-26 14:00,510.93,0
2025-08-26 15:00,511.08,0
2025-08-26 16:00,511.1,0
2025-08-26 17:00,511.16,0
2025-08-26 18:00,511.26,0
2025-08-26 19:00,511.4,0
2025-08-26 20:00,511.41,0
2025-08-26 21:00,511.41,0
2025-08-26 22:00,511.41,0
2025-08-26 23:00,511.41,0
2025-08-27 00:00,511.41,0
2025-08-27 01:00,511.41,0
2025-08-27 02:00,511.41,0
2025-08-27 03:00,511.42,0
2025-08-27 04:00,511.42,0
2025-08-27 05:00,511.42,0
2025-08-27 06:00,511.42,0
2025-08-27 07:00,511.42,0
2025-08-27 08:00,511.42,0
2025-08-27 09:00,511.42,0
2025-08-27 10:00,511.42,0
2025-08-27 11:00,511.42,0
2025-08-27 12:00,511.42,0
2025-08-27 13:00,511.42,0
2025-08-27 14:00,511.42,0
2025-08-27 15:00,511.42,0
2025-08-27 16:00,511.42,0
2025-08-27 17:00,511.42,0
2025-08-27 18:00,511.42,0
2025-08-27 19:00,511.42,0
2025-08-27 20:00,511.42,0
2025-08-27 21:00,511.42,0
2025-08-27 22:00,511.42,0
2025-08-27 23:00,511.42,0
2025-08-28 00:00,511.42,0
2025-08-28 01:00,511.42,0
2025-08-28 02:00,511.42,0
2025-08-28 03:00,511.42,0
2025-08-28 04:00,511.42,0
2025-08-28 05:00,511.42,0
2025-08-28 06:00,511.42,0
2025-08-28 07:00,511.42,0
2025-08-28 08:00,511.42,0
2025-08-28 09:00,511.42,0
2025-08-28 10:00,511.42,0
2025-08-28 11:00,511.42,0
2025-08-28 12:00,511.42,0
2025-08-28 13:00,511.42,0
2025-08-28 14:00,511.42,0
2025-08-28 15:00,511.42,0
2025-08-28 16:00,511.42,0
2025-08-28 17:00,511.42,0
2025-08-28 18:00,511.42,0
2025-08-28 19:00,511.42,0
2025-08-28 20:00,511.44,0
2025-08-28 21:00,511.45,0
2025-08-28 22:00,511.45,0
2025-08-28 23:00,511.45,0
2025-08-29 00:00,511.45,0
2025-08-29 01:00,511.45,0
2025-08-29 02:00,511.45,0
2025-08-29 03:00,511.46,0
2025-08-29 04:00,511.46,0
2025-08-29 05:00,511.46,0
2025-08-29 06:00,511.46,0
2025-08-29 07:00,511.47,0
2025-08-29 08:00,511.58,0
2025-08-29 09:00,511.64,0
2025-08-29 10:00,511.65,0
2025-08-29 11:00,511.78,0
2025-08-29 12:00,513.18,0
2025-08-29 13:00,515.62,0
2025-08-29 14:00,517.67,0
2025-08-29 15:00,520.45,0
2025-08-29 16:00,523.28,0
2025-08-29 17:00,523.93,0
2025-08-29 18:00,524.24,0
2025-08-29 19:00,525.42,0
2025-08-29 20:00,526.4,0
2025-08-29 21:00,527.88,0
2025-08-29 22:00,528.02,0
2025-08-29 23:00,528.08,0
2025-08-30 00:00,528.17,0
2025-08-30 01:00,528.88,0
2025-08-30 02:00,530.95,0
2025-08-30 03:00,534.6,0
2025-08-30 04:00,537.21,0
2025-08-30 05:00,538.81,0
2025-08-30 06:00,541.24,0
2025-08-30 07:00,543.01,0
2025-08-30 08:00,544.78,0
2025-08-30 09:00,544.93,0
2025-08-30 10:00,545.08,0
2025-08-30 11:00,545.15,0
2025-08-30 12:00,545.17,0
2025-08-30 13:00,545.21,0
2025-08-30 14:00,545.26,0
2025-08-30 15:00,545.3,0
2025-08-30 16:00,546.0,0
2025-08-30 17:00,546.8,0
2025-08-30 18:00,547.5,0
2025-08-30 19:00,547.74,0
2025-08-30 20:00,547.79,0
2025-08-30 21:00,547.8,0
2025-08-30 22:00,547.8,0
2025-08-30 23:00,547.8,0
2025-08-31 00:00,547.8,0
2025-08-31 01:00,547.8,0
2025-08-31 02:00,547.8,0
2025-08-31 03:00,547.8,0
2025-08-31 04:00,547.8,0
2025-08-31 05:00,547.8,0
2025-08-31 06:00,547.8,0
2025-08-31 07:00,547.8,0
2025-08-31 08:00,547.8,0
2025-08-31 09:00,547.8,0
2025-08-31 10:00,547.8,0
2025-08-31 11:00,547.8,0
2025-08-31 12:00,547.81,0
2025-08-31 13:00,547.81,0
2025-08-31 14:00,547.81,0
2025-08-31 15:00,547.81,0
2025-08-31 16:00,547.81,0
2025-08-31 17:00,547.81,0
2025-08-31 18:00,547.81,0
2025-08-31 19:00,547.81,0
2025-08-31 20:00,547.81,0
2025-08-31 21:00,547.81,0
2025-08-31 22:00,547.81,0
2025-08-31 23:00,547.81,0
2025-09-01 00:00,547.81,0
2025-09-01 01:00,547.81,0
2025-09-01 02:00,547.81,0
2025-09-01 03:00,547.81,0
2025-09-01 04:00,547.81,0
2025-09-01 05:00,547.81,0
2025-09-01 06:00,547.81,0
2025-09-01 07:00,547.81,0
2025-09-01 08:00,547.81,0
2025-09-01 09:00,547.81,0
2025-09-01 10:00,547.81,0
2025-09-01 11:00,547.81,0
2025-09-01 12:00,547.81,0
2025-09-01 13:00,547.81,0
2025-09-01 14:00,547.81,0
2025-09-01 15:00,547.81,0
2025-09-01 16:00,547.81,0
2025-09-01 17:00,547.81,0
2025-09-01 18:00,547.81,0
2025-09-01 19:00,547.81,0
2025-09-01 20:00,547.81,0
2025-09-01 21:00,547.81,0
2025-09-01 22:00,547.81,0
2025-09-01 23:00,547.81,0
2025-09-02 00:00,547.81,0
2025-09-02 01:00,547.81,0
2025-09-02 02:00,547.81,0
2025-09-02 03:00,547.81,0
2025-09-02 04:00,547.81,0
2025-09-02 05:00,547.81,0
2025-09-02 06:00,547.81,0
2025-09-02 07:00,547.81,0
2025-09-02 08:00,547.83,0
2025-09-02 09:00,548.36,0
2025-09-02 10:00,549.85,0
2025-09-02 11:00,551.05,0
2025-09-02 12:00,552.66,0
2025-09-02 13:00,554.49,0
2025-09-02 14:00,555.94,0
2025-09-02 15:00,556.59,0
2025-09-02 16:00,557.37,0
2025-09-02 17:00,558.01,0
2025-09-02 18:00,558.54,0
2025-09-02 19:00,559.23,0
2025-09-02 20:00,559.41,0
2025-09-02 21:00,559.54,0
2025-09-02 22:00,559.59,0
2025-09-02 23:00,559.61,0
2025-09-03 00:00,559.62,0
2025-09-03 01:00,559.62,0
2025-09-03 02:00,559.62,0
2025-09-03 03:00,559.62,0
2025-09-03 04:00,559.63,0
2025-09-03 05:00,559.63,0
2025-09-03 06:00,559.63,0
2025-09-03 07:00,559.64,0
2025-09-03 08:00,559.64,0
2025-09-03 09:00,559.64,0
2025-09-03 10:00,559.64,0
2025-09-03 11:00,559.64,0
2025-09-03 12:00,559.64,0
2025-09-03 13:00,559.64,0
2025-09-03 14:00,559.64,0
2025-09-03 15:00,559.64,0
2025-09-03 16:00,559.64,0
2025-09-03 17:00,559.64,0
2025-09-03 18:00,559.64,0
2025-09-03 19:00,559.64,0
2025-09-03 20:00,559.64,0
2025-09-03 21:00,559.64,0
2025-09-03 22:00,559.64,0
2025-09-03 23:00,559.64,0
2025-09-04 00:00,559.64,0
2025-09-04 01:00,559.64,0
2025-09-04 02:00,559.64,0
2025-09-04 03:00,559.64,0
2025-09-04 04:00,559.64,0
2025-09-04 05:00,559.64,0
2025-09-04 06:00,559.64,0
2025-09-04 07:00,559.64,0
2025-09-04 08:00,559.64,0
2025-09-04 09:00,559.64,0
2025-09-04 10:00,559.64,0
2025-09-04 11:00,559.64,0
2025-09-04 12:00,559.64,0
2025-09-04 13:00,559.64,0
2025-09-04 14:00,559.64,0
2025-09-04 15:00,559.64,0
2025-09-04 16:00,559.64,0
2025-09-04 17:00,559.64,0
2025-09-04 18:00,559.64,0
2025-09-04 19:00,559.64,0
2025-09-04 20:00,559.64,0
2025-09-04 21:00,559.64,0
2025-09-04 22:00,559.64,0
2025-09-04 23:00,559.64,0
2025-09-05 00:00,559.64,0
2025-09-05 01:00,559.64,0
2025-09-05 02:00,559.64,0
2025-09-05 03:00,559.64,0
2025-09-05 04:00,559.64,0
2025-09-05 05:00,559.64,0
2025-09-05 06:00,559.64,0
2025-09-05 07:00,559.64,0
2025-09-05 08:00,559.64,0
2025-09-05 09:00,559.64,0
2025-09-05 10:00,559.64,0
2025-09-05 11:00,559.64,0
2025-09-05 12:00,559.64,0
2025-09-05 13:00,559.64,0
2025-09-05 14:00,559.64,0
2025-09-05 15:00,559.64,0
2025-09-05 16:00,559.64,0
2025-09-05 17:00,559.64,0
2025-09-05 18:00,559.64,0
2025-09-05 19:00,559.64,0
2025-09-05 20:00,559.64,0
2025-09-05 21:00,559.64,0
2025-09-05 22:00,559.64,0
2025-09-05 23:00,559.64,0
2025-09-06 00:00,559.64,0
2025-09-06 01:00,559.64,0
2025-09-06 02:00,559.64,0
2025-09-06 03:00,559.64,0
2025-09-06 04:00,559.64,0
2025-09-06 05:00,559.64,0
2025-09-06 06:00,559.64,0
2025-09-06 07:00,559.64,0
2025-09-06 08:00,559.64,0
2025-09-06 09:00,559.64,0
2025-09-06 10:00,559.64,0
2025-09-06 11:00,559.64,0
2025-09-06 12:00,559.65,0
2025-09-06 13:00,559.65,0
2025-09-06 14:00,559.65,0
2025-09-06 15:00,559.65,0
2025-09-06 16:00,559.65,0
2025-09-06 17:00,559.65,0
2025-09-06 18:00,559.65,0
2025-09-06 19:00,559.65,0
2025-09-06 20:00,559.65,0
2025-09-06 21:00,559.65,0
2025-09-06 22:00,559.65,0
2025-09-06 23:00,559.65,0
2025-09-07 00:00,559.65,0
2025-09-07 01:00,559.65,0
2025-09-07 02:00,559.65,0
2025-09-07 03:00,559.65,0
2025-09-07 04:00,559.65,0
2025-09-07 05:00,559.65,0
2025-09-07 06:00,559.65,0
2025-09-07 07:00,559.65,0
2025-09-07 08:00,559.65,0
2025-09-07 09:00,559.65,0
2025-09-07 10:00,559.65,0
2025-09-07 11:00,559.65,0
2025-09-07 12:00,559.65,0
2025-09-07 13:00,559.65,0
2025-09-07 14:00,559.65,0
2025-09-07 15:00,559.65,0
2025-09-07 16:00,559.65,0
2025-09-07 17:00,559.65,0
2025-09-07 18:00,559.65,0
2025-09-07 19:00,559.65,0
2025-09-07 20:00,559.65,0
2025-09-07 21:00,559.65,0
2025-09-07 22:00,559.65,0
2025-09-07 23:00,559.65,0
2025-09-08 00:00,559.65,0
2025-09-08 01:00,559.65,0
2025-09-08 02:00,559.65,0
2025-09-08 03:00,559.65,0
2025-09-08 04:00,559.65,0
2025-09-08 05:00,559.65,0
2025-09-08 06:00,559.65,0
2025-09-08 07:00,559.65,0
2025-09-08 08:00,559.65,0
2025-09-08 09:00,559.65,0
2025-09-08 10:00,559.65,0
2025-09-08 11:00,559.65,0
2025-09-08 12:00,559.65,0
2025-09-08 13:00,559.65,0
2025-09-08 14:00,559.65,0
2025-09-08 15:00,559.65,0
2025-09-08 16:00,559.65,0
2025-09-08 17:00,559.65,0
2025-09-08 18:00,559.65,0
2025-09-08 19:00,559.65,0
2025-09-08 20:00,559.65,0
2025-09-08 21:00,559.65,0
2025-09-08 22:00,559.65,0
2025-09-08 23:00,559.65,0
2025-09-09 00:00,559.65,0
2025-09-09 01:00,559.65,0
2025-09-09 02:00,559.65,0
2025-09-09 03:00,559.65,0
2025-09-09 04:00,559.65,0
2025-09-09 05:00,559.65,0
2025-09-09 06:00,559.65,0
2025-09-09 07:00,559.65,0
2025-09-09 08:00,559.65,0
2025-09-09 09:00,559.65,0
2025-09-09 10:00,559.65,0
2025-09-09 11:00,559.65,0
2025-09-09 12:00,559.65,0
2025-09-09 13:00,559.65,0
2025-09-09 14:00,559.65,0
2025-09-09 15:00,559.65,0
2025-09-09 16:00,559.65,0
2025-09-09 17:00,559.65,0
2025-09-09 18:00,559.65,0
2025-09-09 19:00,559.65,0
2025-09-09 20:00,559.65,0
2025-09-09 21:00,559.65,0
2025-09-09 22:00,559.65,0
2025-09-09 23:00,559.65,0
2025-09-10 00:00,559.67,0
2025-09-10 01:00,559.67,0
2025-09-10 02:00,559.78,0
2025-09-10 03:00,559.83,0
2025-09-10 04:00,559.83,0
2025-09-10 05:00,559.83,0
2025-09-10 06:00,559.91,0
2025-09-10 07:00,559.91,0
2025-09-10 08:00,559.91,0
2025-09-10 09:00,560.02,0
2025-09-10 10:00,560.2,0
2025-09-10 11:00,562.27,0
2025-09-10 12:00,564.36,0
2025-09-10 13:00,566.63,0
2025-09-10 14:00,570.95,0
2025-09-10 15:00,572.45,0
2025-09-10 16:00,573.0,0
2025-09-10 17:00,575.04,0
2025-09-10 18:00,577.22,0
2025-09-10 19:00,581.27,0
2025-09-10 20:00,583.6,0
2025-09-10 21:00,588.09,0
2025-09-10 22:00,594.2,0
2025-09-10 23:00,601.55,0
2025-09-11 00:00,609.12,0
2025-09-11 01:00,616.96,0
2025-09-11 02:00,620.59,0
2025-09-11 03:00,621.82,0
2025-09-11 04:00,621.89,0
2025-09-11 05:00,621.92,0
2025-09-11 06:00,621.93,0
2025-09-11 07:00,621.93,0
2025-09-11 08:00,621.93,0
2025-09-11 09:00,621.94,0
2025-09-11 10:00,621.96,0
2025-09-11 11:00,622.01,0
2025-09-11 12:00,622.09,0
2025-09-11 13:00,622.16,0
2025-09-11 14:00,622.2,0
2025-09-11 15:00,622.22,0
2025-09-11 16:00,622.25,0
2025-09-11 17:00,622.31,0
2025-09-11 18:00,622.33,0
2025-09-11 19:00,622.34,0
2025-09-11 20:00,622.36,0
2025-09-11 21:00,622.37,0
2025-09-11 22:00,622.39,0
2025-09-11 23:00,622.39,0
2025-09-12 00:00,622.39,0
2025-09-12 01:00,622.39,0
2025-09-12 02:00,622.39,0
2025-09-12 03:00,622.39,0
2025-09-12 04:00,622.39,0
2025-09-12 05:00,622.39,0
2025-09-12 06:00,622.39,0
2025-09-12 07:00,622.39,0
2025-09-12 08:00,622.39,0
2025-09-12 09:00,622.39,0
2025-09-12 10:00,622.39,0
2025-09-12 11:00,622.39,0
2025-09-12 12:00,622.39,0
2025-09-12 13:00,622.39,0
2025-09-12 14:00,622.39,0
2025-09-12 15:00,622.4,0
2025-09-12 16:00,622.41,0
2025-09-12 17:00,622.41,0
2025-09-12 18:00,622.41,0
2025-09-12 19:00,622.41,0
2025-09-12 20:00,622.41,0
2025-09-12 21:00,622.41,0
2025-09-12 22:00,622.41,0
2025-09-12 23:00,622.41,0
2025-09-13 00:00,622.41,0
2025-09-13 01:00,622.41,0
2025-09-13 02:00,622.41,0
2025-09-13 03:00,622.41,0
2025-09-13 04:00,622.41,0
2025-09-13 05:00,622.41,0
2025-09-13 06:00,622.41,0
2025-09-13 07:00,622.41,0
2025-09-13 08:00,622.41,0
2025-09-13 09:00,622.41,0
2025-09-13 10:00,622.41,0
2025-09-13 11:00,622.41,0
2025-09-13 12:00,622.41,0
2025-09-13 13:00,622.41,0
2025-09-13 14:00,622.41,0
2025-09-13 15:00,622.41,0
2025-09-13 16:00,622.41,0
2025-09-13 17:00,622.41,0
2025-09-13 18:00,622.41,0
2025-09-13 19:00,622.41,0
2025-09-13 20:00,622.41,0
2025-09-13 21:00,622.41,0
2025-09-13 22:00,622.41,0
2025-09-13 23:00,622.41,0
2025-09-14 00:00,622.41,0
2025-09-14 01:00,622.41,0
2025-09-14 02:00,622.41,0
2025-09-14 03:00,622.41,0
2025-09-14 04:00,622.41,0
2025-09-14 05:00,622.41,0
2025-09-14 06:00,622.41,0
2025-09-14 07:00,622.41,0
2025-09-14 08:00,622.41,0
2025-09-14 09:00,622.41,0
2025-09-14 10:00,622.41,0
2025-09-14 11:00,622.41,0
2025-09-14 12:00,622.41,0
2025-09-14 13:00,622.41,0
2025-09-14 14:00,622.41,0
2025-09-14 15:00,622.41,0
2025-09-14 16:00,622.41,0
2025-09-14 17:00,622.41,0
2025-09-14 18:00,622.41,0
2025-09-14 19:00,622.41,0
2025-09-14 20:00,622.41,0
2025-09-14 21:00,622.41,0
2025-09-14 22:00,622.41,0
2025-09-14 23:00,622.41,0
2025-09-15 00:00,622.41,0
2025-09-15 01:00,622.41,0
2025-09-15 02:00,622.41,0
2025-09-15 03:00,622.41,0
2025-09-15 04:00,622.41,0
2025-09-15 05:00,622.41,0
2025-09-15 06:00,622.41,0
2025-09-15 07:00,622.42,0
2025-09-15 08:00,622.43,0
2025-09-15 09:00,622.43,0
2025-09-15 10:00,622.43,0
2025-09-15 11:00,622.43,0
2025-09-15 12:00,622.43,0
2025-09-15 13:00,622.43,0
2025-09-15 14:00,622.43,0
2025-09-15 15:00,622.43,0
2025-09-15 16:00,622.43,0
2025-09-15 17:00,622.43,0
2025-09-15 18:00,622.43,0
2025-09-15 19:00,622.43,0
2025-09-15 20:00,622.43,0
2025-09-15 21:00,622.43,0
2025-09-15 22:00,622.43,0
2025-09-15 23:00,622.43,0
2025-09-16 00:00,622.43,0
2025-09-16 01:00,622.43,0
2025-09-16 02:00,622.43,0
2025-09-16 03:00,622.43,0
2025-09-16 04:00,622.43,0
2025-09-16 05:00,622.43,0
2025-09-16 06:00,622.43,0
2025-09-16 07:00,622.44,0
2025-09-16 08:00,622.44,0
2025-09-16 09:00,622.44,0
2025-09-16 10:00,622.44,0
2025-09-16 11:00,622.45,0
2025-09-16 12:00,622.45,0
2025-09-16 13:00,622.5,0
2025-09-16 14:00,622.52,0
2025-09-16 15:00,622.54,0
2025-09-16 16:00,622.56,0
2025-09-16 17:00,622.57,0
2025-09-16 18:00,622.57,0
2025-09-16 19:00,622.57,0
2025-09-16 20:00,622.57,0
2025-09-16 21:00,622.57,0
2025-09-16 22:00,622.57,0
2025-09-16 23:00,622.57,0
2025-09-17 00:00,622.57,0
2025-09-17 01:00,622.58,0
2025-09-17 02:00,622.59,0
2025-09-17 03:00,622.6,0
2025-09-17 04:00,622.62,0
2025-09-17 05:00,622.62,0
2025-09-17 06:00,622.64,0
2025-09-17 07:00,622.67,0
2025-09-17 08:00,622.69,0
2025-09-17 09:00,622.7,0
2025-09-17 10:00,622.71,0
2025-09-17 11:00,622.71,0
2025-09-17 12:00,622.71,0
2025-09-17 13:00,622.72,0
2025-09-17 14:00,622.72,0
2025-09-17 15:00,622.72,0
2025-09-17 16:00,622.72,0
2025-09-17 17:00,622.72,0
2025-09-17 18:00,622.72,0
2025-09-17 19:00,622.72,0
2025-09-17 20:00,622.72,0
2025-09-17 21:00,622.72,0
2025-09-17 22:00,622.72,0
2025-09-17 23:00,622.72,0
2025-09-18 00:00,622.72,0
2025-09-18 01:00,622.72,0
2025-09-18 02:00,622.72,0
2025-09-18 03:00,622.72,0
2025-09-18 04:00,622.72,0
2025-09-18 05:00,622.72,0
2025-09-18 06:00,622.72,0
2025-09-18 07:00,622.72,0
2025-09-18 08:00,622.72,0
2025-09-18 09:00,622.72,0
2025-09-18 10:00,622.72,0
2025-09-18 11:00,622.72,0
2025-09-18 12:00,622.72,0
2025-09-18 13:00,622.72,0
2025-09-18 14:00,622.72,0
2025-09-18 15:00,622.72,0
2025-09-18 16:00,622.72,0
2025-09-18 17:00,622.72,0
2025-09-18 18:00,622.72,0
2025-09-18 19:00,622.72,0
2025-09-18 20:00,622.72,0
2025-09-18 21:00,622.72,0
2025-09-18 22:00,622.72,0
2025-09-18 23:00,622.72,0
2025-09-19 00:00,622.72,0
2025-09-19 01:00,622.72,0
2025-09-19 02:00,622.72,0
2025-09-19 03:00,622.72,0
2025-09-19 04:00,622.72,0
2025-09-19 05:00,622.72,0
2025-09-19 06:00,622.72,0
2025-09-19 07:00,622.72,0
2025-09-19 08:00,622.72,0
2025-09-19 09:00,622.72,0
2025-09-19 10:00,622.72,0
2025-09-19 11:00,622.72,0
2025-09-19 12:00,622.72,0
2025-09-19 13:00,622.72,0
2025-09-19 14:00,622.72,0
2025-09-19 15:00,622.72,0
2025-09-19 16:00,622.72,0
2025-09-19 17:00,622.72,0
2025-09-19 18:00,622.72,0
2025-09-19 19:00,622.72,0
2025-09-19 20:00,622.72,0
2025-09-19 21:00,622.72,0
2025-09-19 22:00,622.72,0
2025-09-19 23:00,622.72,0
2025-09-20 00:00,622.72,0
2025-09-20 01:00,622.72,0
2025-09-20 02:00,622.72,0
2025-09-20 03:00,622.72,0
2025-09-20 04:00,622.72,0
2025-09-20 05:00,622.72,0
2025-09-20 06:00,622.72,0
2025-09-20 07:00,622.72,0
2025-09-20 08:00,622.72,0
2025-09-20 09:00,622.72,0
2025-09-20 10:00,622.72,0
2025-09-20 11:00,622.72,0
2025-09-20 12:00,622.72,0
2025-09-20 13:00,622.72,0
2025-09-20 14:00,622.72,0
2025-09-20 15:00,622.72,0
2025-09-20 16:00,622.72,0
2025-09-20 17:00,622.72,0
2025-09-20 18:00,622.72,0
2025-09-20 19:00,622.72,0
2025-09-20 20:00,622.72,0
2025-09-20 21:00,622.72,0
2025-09-20 22:00,622.72,0
2025-09-20 23:00,622.72,0
2025-09-21 00:00,622.72,0
2025-09-21 01:00,622.72,0
2025-09-21 02:00,622.72,0
2025-09-21 03:00,622.72,0
2025-09-21 04:00,622.72,0
2025-09-21 05:00,622.72,0
2025-09-21 06:00,622.72,0
2025-09-21 07:00,622.72,0
2025-09-21 08:00,622.72,0
2025-09-21 09:00,622.72,0
2025-09-21 10:00,622.72,0
2025-09-21 11:00,622.72,0
2025-09-21 12:00,622.72,0
2025-09-21 13:00,622.72,0
2025-09-21 14:00,622.72,0
2025-09-21 15:00,622.72,0
2025-09-21 16:00,622.72,0
2025-09-21 17:00,622.72,0
2025-09-21 18:00,622.72,0
2025-09-21 19:00,622.72,0
2025-09-21 20:00,622.72,0
2025-09-21 21:00,622.72,0
2025-09-21 22:00,622.72,0
2025-09-21 23:00,622.72,0
2025-09-22 00:00,622.72,0
2025-09-22 01:00,622.72,0
2025-09-22 02:00,622.72,0
2025-09-22 03:00,622.72,0
2025-09-22 04:00,622.72,0
2025-09-22 05:00,622.72,0
2025-09-22 06:00,622.72,0
2025-09-22 07:00,622.72,0
2025-09-22 08:00,622.73,0
2025-09-22 09:00,622.73,0
2025-09-22 10:00,622.73,0
2025-09-22 11:00,622.73,0
2025-09-22 12:00,622.73,0
2025-09-22 13:00,622.73,0
2025-09-22 14:00,622.73,0
2025-09-22 15:00,622.73,0
2025-09-22 16:00,622.73,0
2025-09-22 17:00,622.73,0
2025-09-22 18:00,622.73,0
2025-09-22 19:00,622.73,0
2025-09-22 20:00,622.73,0
2025-09-22 21:00,622.73,0
2025-09-22 22:00,622.73,0
2025-09-22 23:00,622.73,0
2025-09-23 00:00,622.73,0
2025-09-23 01:00,622.73,0
2025-09-23 02:00,622.73,0
2025-09-23 03:00,622.73,0
2025-09-23 04:00,622.73,0
2025-09-23 05:00,622.73,0
2025-09-23 06:00,622.73,0
2025-09-23 07:00,622.73,0
2025-09-23 08:00,622.74,0
2025-09-23 09:00,622.75,0
2025-09-23 10:00,622.81,0
2025-09-23 11:00,623.43,0
2025-09-23 12:00,623.83,0
2025-09-23 13:00,624.48,0
2025-09-23 14:00,624.62,0
2025-09-23 15:00,624.66,0
2025-09-23 16:00,624.78,0
2025-09-23 17:00,624.94,0
2025-09-23 18:00,625.02,0
2025-09-23 19:00,625.03,0
2025-09-23 20:00,625.03,0
2025-09-23 21:00,625.03,0
2025-09-23 22:00,625.03,0
2025-09-23 23:00,625.04,0
2025-09-24 00:00,625.28,0
2025-09-24 01:00,625.73,0
2025-09-24 02:00,626.48,0
2025-09-24 03:00,627.4,0
2025-09-24 04:00,628.81,0
2025-09-24 05:00,630.5,0
2025-09-24 06:00,631.58,0
2025-09-24 07:00,632.49,0
2025-09-24 08:00,634.12,0
2025-09-24 09:00,634.98,0
2025-09-24 10:00,635.78,0
2025-09-24 11:00,637.04,0
2025-09-24 12:00,638.14,0
2025-09-24 13:00,639.58,0
2025-09-24 14:00,641.89,0
2025-09-24 15:00,643.59,0
2025-09-24 16:00,644.71,0
2025-09-24 17:00,646.15,0
2025-09-24 18:00,647.03,0
2025-09-24 19:00,647.66,0
2025-09-24 20:00,648.28,0
2025-09-24 21:00,648.82,0
2025-09-24 22:00,649.09,0
2025-09-24 23:00,649.3,0
2025-09-25 00:00,649.56,0
2025-09-25 01:00,649.62,0
2025-09-25 02:00,649.62,0
2025-09-25 03:00,649.62,0
2025-09-25 04:00,649.62,0
2025-09-25 05:00,649.62,0
2025-09-25 06:00,649.62,0
2025-09-25 07:00,649.62,0
2025-09-25 08:00,649.62,0
2025-09-25 09:00,649.62,0
2025-09-25 10:00,649.62,0
2025-09-25 11:00,649.62,0
2025-09-25 12:00,649.62,0
2025-09-25 13:00,649.62,0
2025-09-25 14:00,649.62,0
2025-09-25 15:00,649.62,0
2025-09-25 16:00,649.62,0
2025-09-25 17:00,649.62,0
2025-09-25 18:00,649.62,0
2025-09-25 19:00,649.62,0
2025-09-25 20:00,649.62,0
2025-09-25 21:00,649.62,0
2025-09-25 22:00,649.62,0
2025-09-25 23:00,649.62,0
2025-09-26 00:00,649.62,0
2025-09-26 01:00,649.63,0
2025-09-26 02:00,649.63,0
2025-09-26 03:00,649.63,0
2025-09-26 04:00,649.63,0
2025-09-26 05:00,649.63,0
2025-09-26 06:00,649.63,0
2025-09-26 07:00,649.63,0
2025-09-26 08:00,649.63,0
2025-09-26 09:00,649.63,0
2025-09-26 10:00,649.63,0
2025-09-26 11:00,649.63,0
2025-09-26 12:00,649.63,0
2025-09-26 13:00,649.63,0
2025-09-26 14:00,649.63,0
2025-09-26 15:00,649.63,0
2025-09-26 16:00,649.63,0
2025-09-26 17:00,649.63,0
2025-09-26 18:00,649.63,0
2025-09-26 19:00,649.63,0
2025-09-26 20:00,649.63,0
2025-09-26 21:00,649.63,0
2025-09-26 22:00,649.63,0
2025-09-26 23:00,649.63,0
2025-09-27 00:00,649.63,0
2025-09-27 01:00,649.63,0
2025-09-27 02:00,649.63,0
2025-09-27 03:00,649.63,0
2025-09-27 04:00,649.63,0
2025-09-27 05:00,649.63,0
2025-09-27 06:00,649.63,0
2025-09-27 07:00,649.63,0
2025-09-27 08:00,649.63,0
2025-09-27 09:00,649.63,0
2025-09-27 10:00,649.63,0
2025-09-27 11:00,649.63,0
2025-09-27 12:00,649.63,0
2025-09-27 13:00,649.63,0
2025-09-27 14:00,649.63,0
2025-09-27 15:00,649.63,0
2025-09-27 16:00,649.63,0
2025-09-27 17:00,649.63,0
2025-09-27 18:00,649.63,0
2025-09-27 19:00,649.63,0
2025-09-27 20:00,649.63,0
2025-09-27 21:00,650.18,0
2025-09-27 22:00,650.38,0
2025-09-27 23:00,650.57,0
2025-09-28 00:00,650.57,0
2025-09-28 01:00,650.57,0
2025-09-28 02:00,650.57,0
2025-09-28 03:00,650.57,0
2025-09-28 04:00,650.57,0
2025-09-28 05:00,650.57,0
2025-09-28 06:00,650.57,0
2025-09-28 07:00,650.57,0
2025-09-28 08:00,650.57,0
2025-09-28 09:00,650.57,0
2025-09-28 10:00,650.57,0
2025-09-28 11:00,650.57,0
2025-09-28 12:00,650.62,0
2025-09-28 13:00,650.65,0
2025-09-28 14:00,650.66,0
2025-09-28 15:00,650.68,0
2025-09-28 16:00,650.8,0
2025-09-28 17:00,650.85,0
2025-09-28 18:00,650.9,0
2025-09-28 19:00,650.9,0
2025-09-28 20:00,650.9,0
2025-09-28 21:00,650.9,0
2025-09-28 22:00,650.9,0
2025-09-28 23:00,650.9,0
2025-09-29 00:00,650.9,0
2025-09-29 01:00,650.9,0
2025-09-29 02:00,650.9,0
2025-09-29 03:00,650.9,0
2025-09-29 04:00,650.9,0
2025-09-29 05:00,650.9,0
2025-09-29 06:00,650.9,0
2025-09-29 07:00,650.9,0
2025-09-29 08:00,650.9,0
2025-09-29 09:00,650.9,0
2025-09-29 10:00,650.9,0
2025-09-29 11:00,650.9,0
2025-09-29 12:00,650.9,0
2025-09-29 13:00,650.9,0
2025-09-29 14:00,650.9,0
2025-09-29 15:00,650.9,0
2025-09-29 16:00,650.9,0
2025-09-29 17:00,650.9,0
2025-09-29 18:00,650.9,0
2025-09-29 19:00,650.9,0
2025-09-29 20:00,650.91,0
2025-09-29 21:00,650.93,0
2025-09-29 22:00,650.93,0
2025-09-29 23:00,650.93,0
2025-09-30 00:00,650.93,0
2025-09-30 01:00,650.93,0
2025-09-30 02:00,650.93,0
2025-09-30 03:00,650.93,0
2025-09-30 04:00,650.93,0
2025-09-30 05:00,650.93,0
2025-09-30 06:00,650.93,0
2025-09-30 07:00,650.93,0
2025-09-30 08:00,650.93,0
2025-09-30 09:00,650.93,0
2025-09-30 10:00,650.93,0
2025-09-30 11:00,650.93,0
2025-09-30 12:00,650.93,0
2025-09-30 13:00,650.95,0
2025-09-30 14:00,650.99,0
2025-09-30 15:00,651.03,0
2025-09-30 16:00,651.06,0
2025-09-30 17:00,651.17,0
2025-09-30 18:00,651.17,0
2025-09-30 19:00,651.17,0
2025-09-30 20:00,651.17,0
2025-09-30 21:00,651.17,0
2025-09-30 22:00,651.17,0
2025-09-30 23:00,651.18,0
2025-10-01 00:00,651.18,0
2025-10-01 01:00,651.18,0
2025-10-01 02:00,651.18,0
2025-10-01 03:00,651.19,0
2025-10-01 04:00,651.29,0
2025-10-01 05:00,651.37,0
2025-10-01 06:00,651.4,0
2025-10-01 07:00,651.4,0
2025-10-01 08:00,651.45,0
2025-10-01 09:00,651.45,0
2025-10-01 10:00,651.49,0
2025-10-01 11:00,651.53,0
2025-10-01 12:00,651.65,0
2025-10-01 13:00,651.69,0
2025-10-01 14:00,651.74,0
2025-10-01 15:00,652.58,0
2025-10-01 16:00,655.24,0
2025-10-01 17:00,656.69,0
2025-10-01 18:00,657.08,0
2025-10-01 19:00,657.14,0
2025-10-01 20:00,657.15,0
2025-10-01 21:00,657.16,0
2025-10-01 22:00,657.16,0
2025-10-01 23:00,657.22,0
2025-10-02 00:00,657.3,0
2025-10-02 01:00,657.48,0
2025-10-02 02:00,657.55,0
2025-10-02 03:00,657.62,0
2025-10-02 04:00,657.63,0
2025-10-02 05:00,657.63,0
2025-10-02 06:00,657.63,0
2025-10-02 07:00,657.63,0
2025-10-02 08:00,657.63,0
2025-10-02 09:00,657.63,0
2025-10-02 10:00,657.63,0
2025-10-02 11:00,657.63,0
2025-10-02 12:00,657.63,0
2025-10-02 13:00,657.63,0
2025-10-02 14:00,657.63,0
2025-10-02 15:00,657.63,0
2025-10-02 16:00,657.64,0
2025-10-02 17:00,657.64,0
2025-10-02 18:00,657.64,0
2025-10-02 19:00,657.64,0
2025-10-02 20:00,657.64,0
2025-10-02 21:00,657.64,0
2025-10-02 22:00,657.64,0
2025-10-02 23:00,657.64,0
2025-10-03 00:00,657.64,0
2025-10-03 01:00,657.64,0
2025-10-03 02:00,657.64,0
2025-10-03 03:00,657.64,0
2025-10-03 04:00,657.64,0
2025-10-03 05:00,657.64,0
2025-10-03 06:00,657.64,0
2025-10-03 07:00,657.64,0
2025-10-03 08:00,657.64,0
2025-10-03 09:00,657.64,0
2025-10-03 10:00,657.64,0
2025-10-03 11:00,657.64,0
2025-10-03 12:00,657.64,0
2025-10-03 13:00,657.64,0
2025-10-03 14:00,657.64,0
2025-10-03 15:00,657.64,0
2025-10-03 16:00,657.64,0
2025-10-03 17:00,657.64,0
2025-10-03 18:00,657.64,0
2025-10-03 19:00,657.64,0
2025-10-03 20:00,657.64,0
2025-10-03 21:00,657.64,0
2025-10-03 22:00,657.64,0
2025-10-03 23:00,657.64,0
2025-10-04 00:00,657.64,0
2025-10-04 01:00,657.64,0
2025-10-04 02:00,657.64,0
2025-10-04 03:00,657.64,0
2025-10-04 04:00,657.64,0
2025-10-04 05:00,657.64,0
2025-10-04 06:00,657.64,0
2025-10-04 07:00,657.64,0
2025-10-04 08:00,657.64,0
2025-10-04 09:00,657.64,0
2025-10-04 10:00,657.64,0
2025-10-04 11:00,657.64,0
2025-10-04 12:00,657.64,0
2025-10-04 13:00,657.64,0
2025-10-04 14:00,657.64,0
2025-10-04 15:00,657.64,0
2025-10-04 16:00,657.64,0
2025-10-04 17:00,657.64,0
2025-10-04 18:00,657.64,0
2025-10-04 19:00,657.64,0
2025-10-04 20:00,657.64,0
2025-10-04 21:00,657.64,0
2025-10-04 22:00,657.64,0
2025-10-04 23:00,657.64,0
2025-10-05 00:00,657.64,0
2025-10-05 01:00,657.65,0
2025-10-05 02:00,657.67,0
2025-10-05 03:00,657.67,0
2025-10-05 04:00,657.67,0
2025-10-05 05:00,657.67,0
2025-10-05 06:00,657.7,0
2025-10-05 07:00,657.88,0
2025-10-05 08:00,658.09,0
2025-10-05 09:00,658.61,0
2025-10-05 10:00,659.55,0
2025-10-05 11:00,661.18,0
2025-10-05 12:00,663.55,0
2025-10-05 13:00,665.54,0
2025-10-05 14:00,668.1,0
2025-10-05 15:00,669.42,0
2025-10-05 16:00,669.8,0
2025-10-05 17:00,669.81,0
2025-10-05 18:00,669.84,0
2025-10-05 19:00,669.88,0
2025-10-05 20:00,669.94,0
2025-10-05 21:00,670.06,0
2025-10-05 22:00,670.29,0
2025-10-05 23:00,670.44,0
2025-10-06 00:00,670.46,0
2025-10-06 01:00,670.46,0
2025-10-06 02:00,670.47,0
2025-10-06 03:00,670.47,0
2025-10-06 04:00,670.47,0
2025-10-06 05:00,670.47,0
2025-10-06 06:00,670.47,0
2025-10-06 07:00,670.47,0
2025-10-06 08:00,670.47,0
2025-10-06 09:00,670.47,0
2025-10-06 10:00,670.47,0
2025-10-06 11:00,670.47,0
2025-10-06 12:00,670.47,0
2025-10-06 13:00,670.47,0
2025-10-06 14:00,670.47,0
2025-10-06 15:00,670.47,0
2025-10-06 16:00,670.47,0
2025-10-06 17:00,670.47,0
2025-10-06 18:00,670.47,0
2025-10-06 19:00,670.47,0
2025-10-06 20:00,670.47,0
2025-10-06 21:00,670.47,0
2025-10-06 22:00,670.47,0
2025-10-06 23:00,670.47,0
2025-10-07 00:00,670.47,0
2025-10-07 01:00,670.47,0
2025-10-07 02:00,670.47,0
2025-10-07 03:00,670.47,0
2025-10-07 04:00,670.47,0
2025-10-07 05:00,670.47,0
2025-10-07 06:00,670.47,0
2025-10-07 07:00,670.47,0
2025-10-07 08:00,670.47,0
2025-10-07 09:00,670.47,0
2025-10-07 10:00,670.47,0
2025-10-07 11:00,670.48,0
2025-10-07 12:00,670.48,0
2025-10-07 13:00,670.48,0
2025-10-07 14:00,670.48,0
2025-10-07 15:00,670.48,0
2025-10-07 16:00,670.48,0
2025-10-07 17:00,670.48,0
2025-10-07 18:00,670.48,0
2025-10-07 19:00,670.48,0
2025-10-07 20:00,670.48,0
2025-10-07 21:00,670.48,0
2025-10-07 22:00,670.48,0
2025-10-07 23:00,670.48,0
2025-10-08 00:00,670.48,0
2025-10-08 01:00,670.48,0
2025-10-08 02:00,670.48,0
2025-10-08 03:00,670.48,0
2025-10-08 04:00,670.48,0
2025-10-08 05:00,670.48,0
2025-10-08 06:00,670.48,0
2025-10-08 07:00,670.48,0
2025-10-08 08:00,670.48,0
2025-10-08 09:00,670.48,0
2025-10-08 10:00,670.48,0
2025-10-08 11:00,670.48,0
2025-10-08 12:00,670.48,0
2025-10-08 13:00,670.48,0
2025-10-08 14:00,670.48,0
2025-10-08 15:00,670.48,0
2025-10-08 16:00,670.48,0
2025-10-08 17:00,670.48,0
2025-10-08 18:00,670.48,0
2025-10-08 19:00,670.48,0
2025-10-08 20:00,670.48,0
2025-10-08 21:00,670.48,0
2025-10-08 22:00,670.48,0
2025-10-08 23:00,670.48,0
2025-10-09 00:00,670.48,0
2025-10-09 01:00,670.48,0
2025-10-09 02:00,670.48,0
2025-10-09 03:00,670.48,0
2025-10-09 04:00,670.48,0
2025-10-09 05:00,670.48,0
2025-10-09 06:00,670.48,0
2025-10-09 07:00,670.48,0
2025-10-09 08:00,670.48,0
2025-10-09 09:00,670.48,0
2025-10-09 10:00,670.48,0
2025-10-09 11:00,670.48,0
2025-10-09 12:00,670.48,0
2025-10-09 13:00,670.48,0
2025-10-09 14:00,670.48,0
2025-10-09 15:00,670.48,0
2025-10-09 16:00,670.48,0
2025-10-09 17:00,670.48,0
2025-10-09 18:00,670.48,0
2025-10-09 19:00,670.48,0
2025-10-09 20:00,670.48,0
2025-10-09 21:00,670.48,0
2025-10-09 22:00,670.48,0
2025-10-09 23:00,670.48,0
2025-10-10 00:00,670.48,0
2025-10-10 01:00,670.48,0
2025-10-10 02:00,670.48,0
2025-10-10 03:00,670.48,0
2025-10-10 04:00,670.48,0
2025-10-10 05:00,670.48,0
2025-10-10 06:00,670.48,0
2025-10-10 07:00,670.48,0
2025-10-10 08:00,670.48,0
2025-10-10 09:00,670.48,0
2025-10-10 10:00,670.48,0
2025-10-10 11:00,670.48,0
2025-10-10 12:00,670.48,0
2025-10-10 13:00,670.48,0
2025-10-10 14:00,670.48,0
2025-10-10 15:00,670.48,0
2025-10-10 16:00,670.48,0
2025-10-10 17:00,670.48,0
2025-10-10 18:00,670.48,0
2025-10-10 19:00,670.48,0
2025-10-10 20:00,670.48,0
2025-10-10 21:00,670.48,0
2025-10-10 22:00,670.48,0
2025-10-10 23:00,670.48,0
2025-10-11 00:00,670.48,0
2025-10-11 01:00,670.48,0
2025-10-11 02:00,670.48,0
2025-10-11 03:00,670.48,0
2025-10-11 04:00,670.48,0
2025-10-11 05:00,670.48,0
2025-10-11 06:00,670.48,0
2025-10-11 07:00,670.48,0
2025-10-11 08:00,670.48,0
2025-10-11 09:00,670.48,0
2025-10-11 10:00,670.48,0
2025-10-11 11:00,670.48,0
2025-10-11 12:00,670.48,0
2025-10-11 13:00,670.48,0
2025-10-11 14:00,670.48,0
2025-10-11 15:00,670.48,0
2025-10-11 16:00,670.48,0
2025-10-11 17:00,670.48,0
2025-10-11 18:00,670.48,0
2025-10-11 19:00,670.48,0
2025-10-11 20:00,670.48,0
2025-10-11 21:00,670.48,0
2025-10-11 22:00,670.48,0
2025-10-11 23:00,670.48,0
2025-10-12 00:00,670.48,0
2025-10-12 01:00,670.48,0
2025-10-12 02:00,670.48,0
2025-10-12 03:00,670.48,0
2025-10-12 04:00,670.48,0
2025-10-12 05:00,670.48,0
2025-10-12 06:00,670.48,0
2025-10-12 07:00,670.48,0
2025-10-12 08:00,670.48,0
2025-10-12 09:00,670.48,0
2025-10-12 10:00,670.48,0
2025-10-12 11:00,670.48,0
2025-10-12 12:00,670.48,0
2025-10-12 13:00,670.48,0
2025-10-12 14:00,670.48,0
2025-10-12 15:00,670.48,0
2025-10-12 16:00,670.48,0
2025-10-12 17:00,670.48,0
2025-10-12 18:00,670.48,0
2025-10-12 19:00,670.48,0
2025-10-12 20:00,670.48,0
2025-10-12 21:00,670.48,0
2025-10-12 22:00,670.48,0
2025-10-12 23:00,670.48,0
2025-10-13 00:00,670.48,0
2025-10-13 01:00,670.48,0
2025-10-13 02:00,670.48,0
2025-10-13 03:00,670.48,0
2025-10-13 04:00,670.48,0
2025-10-13 05:00,670.48,0
2025-10-13 06:00,670.48,0
2025-10-13 07:00,670.48,0
2025-10-13 08:00,670.48,0
2025-10-13 09:00,670.48,0
2025-10-13 10:00,670.48,0
2025-10-13 11:00,670.48,0
2025-10-13 12:00,670.48,0
2025-10-13 13:00,670.48,0
2025-10-13 14:00,670.48,0
2025-10-13 15:00,670.48,0
2025-10-13 16:00,670.48,0
2025-10-13 17:00,670.48,0
2025-10-13 18:00,670.48,0
2025-10-13 19:00,670.48,0
2025-10-13 20:00,670.48,0
2025-10-13 21:00,670.48,0
2025-10-13 22:00,670.48,0
2025-10-13 23:00,670.48,0
2025-10-14 00:00,670.48,0
2025-10-14 01:00,670.48,0
2025-10-14 02:00,670.48,0
2025-10-14 03:00,670.48,0
2025-10-14 04:00,670.48,0
2025-10-14 05:00,670.48,0
2025-10-14 06:00,670.49,0
2025-10-14 07:00,670.49,0
2025-10-14 08:00,670.49,0
2025-10-14 09:00,670.49,0
2025-10-14 10:00,670.49,0
2025-10-14 11:00,670.49,0
2025-10-14 12:00,670.49,0
2025-10-14 13:00,670.49,0
2025-10-14 14:00,670.49,0
2025-10-14 15:00,670.49,0
2025-10-14 16:00,670.49,0
2025-10-14 17:00,670.49,0
2025-10-14 18:00,670.49,0
2025-10-14 19:00,670.49,0
2025-10-14 20:00,670.49,0
2025-10-14 21:00,670.49,0
2025-10-14 22:00,670.49,0
2025-10-14 23:00,670.49,0
2025-10-15 00:00,670.49,0
2025-10-15 01:00,670.49,0
2025-10-15 02:00,670.49,0
2025-10-15 03:00,670.49,0
2025-10-15 04:00,670.49,0
2025-10-15 05:00,670.71,0
2025-10-15 06:00,670.78,0
2025-10-15 07:00,671.23,0
2025-10-15 08:00,671.23,0
2025-10-15 09:00,671.23,0
2025-10-15 10:00,671.23,0
2025-10-15 11:00,671.23,0
2025-10-15 12:00,671.24,0
2025-10-15 13:00,671.24,0
2025-10-15 14:00,671.3,0
2025-10-15 15:00,671.52,0
2025-10-15 16:00,672.1,0
2025-10-15 17:00,672.89,0
2025-10-15 18:00,673.66,0
2025-10-15 19:00,674.39,0
2025-10-15 20:00,675.91,0
2025-10-15 21:00,676.85,0
2025-10-15 22:00,677.3,0
2025-10-15 23:00,677.61,0
2025-10-16 00:00,677.87,0
2025-10-16 01:00,678.08,0
2025-10-16 02:00,678.86,0
2025-10-16 03:00,679.51,0
2025-10-16 04:00,679.99,0
2025-10-16 05:00,680.31,0
2025-10-16 06:00,680.54,0
2025-10-16 07:00,680.57,0
2025-10-16 08:00,682.64,0
2025-10-16 09:00,685.04,0
2025-10-16 10:00,687.59,0
2025-10-16 11:00,690.31,0
2025-10-16 12:00,692.98,0
2025-10-16 13:00,694.96,0
2025-10-16 14:00,696.58,0
2025-10-16 15:00,698.07,0
2025-10-16 16:00,698.55,0
2025-10-16 17:00,698.64,0
2025-10-16 18:00,698.67,0
2025-10-16 19:00,698.68,0
2025-10-16 20:00,698.79,0
2025-10-16 21:00,699.01,0
2025-10-16 22:00,699.28,0
2025-10-16 23:00,699.39,0
2025-10-17 00:00,699.58,0
2025-10-17 01:00,699.63,0
2025-10-17 02:00,699.66,0
2025-10-17 03:00,699.72,0
2025-10-17 04:00,699.75,0
2025-10-17 05:00,699.78,0
2025-10-17 06:00,699.79,0
2025-10-17 07:00,699.79,0
2025-10-17 08:00,699.82,0
2025-10-17 09:00,699.88,0
2025-10-17 10:00,699.92,0
2025-10-17 11:00,699.95,0
2025-10-17 12:00,699.97,0
2025-10-17 13:00,699.98,0
2025-10-17 14:00,699.98,0
2025-10-17 15:00,699.99,0
2025-10-17 16:00,699.99,0
2025-10-17 17:00,699.99,0
2025-10-17 18:00,699.99,0
2025-10-17 19:00,699.99,0
2025-10-17 20:00,700.0,0
2025-10-17 21:00,700.0,0
2025-10-17 22:00,700.0,0
2025-10-17 23:00,700.0,0
2025-10-18 00:00,700.0,0
2025-10-18 01:00,700.0,0
2025-10-18 02:00,700.02,0
2025-10-18 03:00,700.05,0
2025-10-18 04:00,700.15,0
2025-10-18 05:00,700.25,0
2025-10-18 06:00,700.31,0
2025-10-18 07:00,700.37,0
2025-10-18 08:00,700.78,0
2025-10-18 09:00,700.9,0
2025-10-18 10:00,700.99,0
2025-10-18 11:00,701.11,0
2025-10-18 12:00,701.29,0
2025-10-18 13:00,701.4,0
2025-10-18 14:00,701.44,0
2025-10-18 15:00,701.45,0
2025-10-18 16:00,701.46,0
2025-10-18 17:00,701.46,0
2025-10-18 18:00,701.47,0
2025-10-18 19:00,701.48,0
2025-10-18 20:00,701.48,0
2025-10-18 21:00,701.48,0
2025-10-18 22:00,701.48,0
2025-10-18 23:00,701.48,0
2025-10-19 00:00,701.48,0
2025-10-19 01:00,701.48,0
2025-10-19 02:00,701.48,0
2025-10-19 03:00,701.48,0
2025-10-19 04:00,701.48,0
2025-10-19 05:00,701.48,0
2025-10-19 06:00,701.48,0
2025-10-19 07:00,701.48,0
2025-10-19 08:00,701.48,0
2025-10-19 09:00,701.48,0
2025-10-19 10:00,701.48,0
2025-10-19 11:00,701.48,0
2025-10-19 12:00,701.48,0
2025-10-19 13:00,701.48,0
2025-10-19 14:00,701.48,0
2025-10-19 15:00,701.49,0
2025-10-19 16:00,701.49,0
2025-10-19 17:00,701.49,0
2025-10-19 18:00,701.49,0
2025-10-19 19:00,701.49,0
2025-10-19 20:00,701.49,0
2025-10-19 21:00,701.49,0
2025-10-19 22:00,701.49,0
2025-10-19 23:00,701.49,0
2025-10-20 00:00,701.49,0
2025-10-20 01:00,701.49,0
2025-10-20 02:00,701.49,0
2025-10-20 03:00,701.49,0
2025-10-20 04:00,701.49,0
2025-10-20 05:00,701.49,0
2025-10-20 06:00,701.49,0
2025-10-20 07:00,701.49,0
2025-10-20 08:00,701.52,0
2025-10-20 09:00,701.53,0
2025-10-20 10:00,701.53,0
2025-10-20 11:00,701.53,0
2025-10-20 12:00,701.53,0
2025-10-20 13:00,701.53,0
2025-10-20 14:00,701.53,0
2025-10-20 15:00,701.53,0
2025-10-20 16:00,701.55,0
2025-10-20 17:00,701.56,0
2025-10-20 18:00,701.58,0
2025-10-20 19:00,701.58,0
2025-10-20 20:00,701.58,0
2025-10-20 21:00,701.58,0
2025-10-20 22:00,701.58,0
2025-10-20 23:00,701.59,0
2025-10-21 00:00,701.63,0
2025-10-21 01:00,701.86,0
2025-10-21 02:00,702.02,0
2025-10-21 03:00,702.2,0
2025-10-21 04:00,702.35,0
2025-10-21 05:00,702.48,0
2025-10-21 06:00,702.51,0
2025-10-21 07:00,702.54,0
2025-10-21 08:00,702.6,0
2025-10-21 09:00,702.63,0
2025-10-21 10:00,702.75,0
2025-10-21 11:00,703.41,0
2025-10-21 12:00,705.06,0
2025-10-21 13:00,707.25,0
2025-10-21 14:00,708.94,0
2025-10-21 15:00,710.78,0
2025-10-21 16:00,712.76,0
2025-10-21 17:00,714.28,0
2025-10-21 18:00,715.67,0
2025-10-21 19:00,716.92,0
2025-10-21 20:00,717.47,0
2025-10-21 21:00,718.08,0
2025-10-21 22:00,718.64,0
2025-10-21 23:00,719.16,0
2025-10-22 00:00,719.56,0
2025-10-22 01:00,720.07,0
2025-10-22 02:00,720.28,0
2025-10-22 03:00,720.45,0
2025-10-22 04:00,720.54,0
2025-10-22 05:00,720.6,0
2025-10-22 06:00,720.66,0
2025-10-22 07:00,720.68,0
2025-10-22 08:00,720.72,0
2025-10-22 09:00,720.75,0
2025-10-22 10:00,720.84,0
2025-10-22 11:00,720.92,0
2025-10-22 12:00,720.95,0
2025-10-22 13:00,721.0,0
2025-10-22 14:00,721.03,0
2025-10-22 15:00,721.08,0
2025-10-22 16:00,721.32,0
2025-10-22 17:00,721.39,0
2025-10-22 18:00,721.49,0
2025-10-22 19:00,721.54,0
2025-10-22 20:00,721.58,0
2025-10-22 21:00,721.58,0
2025-10-22 22:00,721.59,0
2025-10-22 23:00,721.63,0
2025-10-23 00:00,721.7,0
2025-10-23 01:00,721.73,0
2025-10-23 02:00,721.76,0
2025-10-23 03:00,721.78,0
2025-10-23 04:00,721.79,0
2025-10-23 05:00,721.81,0
2025-10-23 06:00,721.85,0
2025-10-23 07:00,721.88,0
2025-10-23 08:00,721.9,0
2025-10-23 09:00,721.91,0
2025-10-23 10:00,721.94,0
2025-10-23 11:00,722.08,0
2025-10-23 12:00,722.46,0
2025-10-23 13:00,722.97,0
2025-10-23 14:00,723.67,0
2025-10-23 15:00,725.08,0
2025-10-23 16:00,726.04,0
2025-10-23 17:00,726.71,0
2025-10-23 18:00,727.6,0
2025-10-23 19:00,730.03,0
2025-10-23 20:00,734.75,0
2025-10-23 21:00,740.4,0
2025-10-23 22:00,740.83,0
2025-10-23 23:00,740.83,0
2025-10-24 00:00,740.86,0
2025-10-24 01:00,740.9,0
2025-10-24 02:00,740.94,0
2025-10-24 03:00,740.97,0
2025-10-24 04:00,740.99,0
2025-10-24 05:00,741.0,0
2025-10-24 06:00,741.01,0
2025-10-24 07:00,741.01,0
2025-10-24 08:00,741.01,0
2025-10-24 09:00,741.12,0
2025-10-24 10:00,741.19,0
2025-10-24 11:00,741.22,0
2025-10-24 12:00,741.22,0
2025-10-24 13:00,741.22,0
2025-10-24 14:00,741.22,0
2025-10-24 15:00,741.22,0
2025-10-24 16:00,741.22,0
2025-10-24 17:00,741.22,0
2025-10-24 18:00,741.22,0
2025-10-24 19:00,741.22,0
2025-10-24 20:00,741.22,0
2025-10-24 21:00,741.22,0
2025-10-24 22:00,741.22,0
2025-10-24 23:00,741.22,0
2025-10-25 00:00,741.22,0
2025-10-25 01:00,741.22,0
2025-10-25 02:00,741.23,0
2025-10-25 03:00,741.25,0
2025-10-25 04:00,741.38,0
2025-10-25 05:00,741.55,0
2025-10-25 06:00,741.61,0
2025-10-25 07:00,741.77,0
2025-10-25 08:00,741.83,0
2025-10-25 09:00,741.88,0
2025-10-25 10:00,741.99,0
2025-10-25 11:00,742.1,0
2025-10-25 12:00,742.12,0
2025-10-25 13:00,742.14,0
2025-10-25 14:00,742.2,0
2025-10-25 15:00,742.27,0
2025-10-25 16:00,742.31,0
2025-10-25 17:00,742.35,0
2025-10-25 18:00,742.46,0
2025-10-25 19:00,742.57,0
2025-10-25 20:00,743.23,0
2025-10-25 21:00,743.72,0
2025-10-25 22:00,744.08,0
2025-10-25 23:00,744.54,0
2025-10-26 00:00,746.63,0
2025-10-26 01:00,749.69,0
2025-10-26 02:00,752.8,0
2025-10-26 03:00,755.06,0
2025-10-26 04:00,756.92,0
2025-10-26 05:00,758.64,0
2025-10-26 06:00,760.08,0
2025-10-26 07:00,761.45,0
2025-10-26 08:00,763.15,0
2025-10-26 09:00,764.74,0
2025-10-26 10:00,765.44,0
2025-10-26 11:00,765.59,0
2025-10-26 12:00,765.61,0
2025-10-26 13:00,765.62,0
2025-10-26 14:00,765.62,0
2025-10-26 15:00,765.63,0
2025-10-26 16:00,765.63,0
2025-10-26 17:00,765.63,0
2025-10-26 18:00,765.64,0
2025-10-26 19:00,765.65,0
2025-10-26 20:00,765.78,0
2025-10-26 21:00,765.83,0
2025-10-26 22:00,765.9,0
2025-10-26 23:00,766.01,0
2025-10-27 00:00,766.26,0
2025-10-27 01:00,766.39,0
2025-10-27 02:00,766.44,0
2025-10-27 03:00,766.46,0
2025-10-27 04:00,766.5,0
2025-10-27 05:00,766.57,0
2025-10-27 06:00,766.72,0
2025-10-27 07:00,766.77,0
2025-10-27 08:00,766.79,0
2025-10-27 09:00,766.8,0
2025-10-27 10:00,766.8,0
2025-10-27 11:00,766.8,0
2025-10-27 12:00,766.81,0
2025-10-27 13:00,766.81,0
2025-10-27 14:00,766.81,0
2025-10-27 15:00,766.81,0
2025-10-27 16:00,766.81,0
2025-10-27 17:00,766.83,0
2025-10-27 18:00,766.88,0
2025-10-27 19:00,766.97,0
2025-10-27 20:00,767.1,0
2025-10-27 21:00,767.52,0
2025-10-27 22:00,768.05,0
2025-10-27 23:00,768.57,0
2025-10-28 00:00,768.83,0
2025-10-28 01:00,769.01,0
2025-10-28 02:00,769.08,0
2025-10-28 03:00,769.14,0
2025-10-28 04:00,769.14,0
2025-10-28 05:00,769.15,0
2025-10-28 06:00,769.15,0
2025-10-28 07:00,769.15,0
2025-10-28 08:00,769.15,0
2025-10-28 09:00,769.15,0
2025-10-28 10:00,769.15,0
2025-10-28 11:00,769.15,0
2025-10-28 12:00,769.15,0
2025-10-28 13:00,769.15,0
2025-10-28 14:00,769.15,0
2025-10-28 15:00,769.15,0
2025-10-28 16:00,769.15,0
2025-10-28 17:00,769.15,0
2025-10-28 18:00,769.15,0
2025-10-28 19:00,769.15,0
2025-10-28 20:00,769.15,0
2025-10-28 21:00,769.15,0
2025-10-28 22:00,769.15,0
2025-10-28 23:00,769.15,0
2025-10-29 00:00,769.16,0
2025-10-29 01:00,769.18,0
2025-10-29 02:00,769.19,0
2025-10-29 03:00,769.26,0
2025-10-29 04:00,769.3,0
2025-10-29 05:00,769.33,0
2025-10-29 06:00,769.35,0
2025-10-29 07:00,769.37,0
2025-10-29 08:00,769.38,0
2025-10-29 09:00,769.4,0
2025-10-29 10:00,769.44,0
2025-10-29 11:00,769.58,0
2025-10-29 12:00,769.73,0
2025-10-29 13:00,769.84,0
2025-10-29 14:00,769.89,0
2025-10-29 15:00,769.92,0
2025-10-29 16:00,769.94,0
2025-10-29 17:00,769.94,0
2025-10-29 18:00,769.95,0
2025-10-29 19:00,769.96,0
2025-10-29 20:00,769.96,0
2025-10-29 21:00,769.96,0
2025-10-29 22:00,769.96,0
2025-10-29 23:00,769.96,0
2025-10-30 00:00,769.96,0
2025-10-30 01:00,769.96,0
2025-10-30 02:00,769.96,0
2025-10-30 03:00,769.96,0
2025-10-30 04:00,769.97,0
2025-10-30 05:00,770.02,0
2025-10-30 06:00,770.1,0
2025-10-30 07:00,770.21,0
2025-10-30 08:00,770.32,0
2025-10-30 09:00,770.45,0
2025-10-30 10:00,770.61,0
2025-10-30 11:00,770.8,0
2025-10-30 12:00,770.91,0
2025-10-30 13:00,770.93,0
2025-10-30 14:00,770.93,0
2025-10-30 15:00,770.93,0
2025-10-30 16:00,770.93,0
2025-10-30 17:00,771.0,0
2025-10-30 18:00,771.07,0
2025-10-30 19:00,771.12,0
2025-10-30 20:00,771.18,0
2025-10-30 21:00,771.2,0
2025-10-30 22:00,771.2,0
2025-10-30 23:00,771.21,0
2025-10-31 00:00,771.38,0
2025-10-31 01:00,771.41,0
2025-10-31 02:00,771.43,0
2025-10-31 03:00,771.44,0
2025-10-31 04:00,771.44,0
2025-10-31 05:00,771.44,0
2025-10-31 06:00,771.44,0
2025-10-31 07:00,771.44,0
2025-10-31 08:00,771.44,0
2025-10-31 09:00,771.44,0
2025-10-31 10:00,771.44,0
2025-10-31 11:00,771.44,0
2025-10-31 12:00,771.44,0
2025-10-31 13:00,771.44,0
2025-10-31 14:00,771.44,0
2025-10-31 15:00,771.44,0
2025-10-31 16:00,771.44,0
2025-10-31 17:00,771.44,0
2025-10-31 18:00,771.44,0
2025-10-31 19:00,771.44,0
2025-10-31 20:00,771.44,0
2025-10-31 21:00,771.44,0
2025-10-31 22:00,771.44,0
2025-10-31 23:00,771.44,0
2025-11-01 00:00,771.44,0
2025-11-01 01:00,771.44,0
2025-11-01 02:00,771.44,0
2025-11-01 03:00,771.44,0
2025-11-01 04:00,771.44,0
2025-11-01 05:00,771.44,0
2025-11-01 06:00,771.44,0
2025-11-01 07:00,771.44,0
2025-11-01 08:00,771.44,0
2025-11-01 09:00,771.44,0
2025-11-01 10:00,771.44,0
2025-11-01 11:00,771.44,0
2025-11-01 12:00,771.44,0
2025-11-01 13:00,771.44,0
2025-11-01 14:00,771.44,0
2025-11-01 15:00,771.44,0
2025-11-01 16:00,771.44,0
2025-11-01 17:00,771.44,0
2025-11-01 18:00,771.44,0
2025-11-01 19:00,771.44,0
2025-11-01 20:00,771.44,0
2025-11-01 21:00,771.44,0
2025-11-01 22:00,771.44,0
2025-11-01 23:00,771.44,0
2025-11-02 00:00,771.44,0
2025-11-02 01:00,771.44,0
2025-11-02 02:00,771.44,0
2025-11-02 03:00,771.44,0
2025-11-02 04:00,771.44,0
2025-11-02 05:00,771.44,0
2025-11-02 06:00,771.44,0
2025-11-02 07:00,771.44,0
2025-11-02 08:00,771.45,0
2025-11-02 09:00,771.45,0
2025-11-02 10:00,771.45,0
2025-11-02 11:00,771.45,0
2025-11-02 12:00,771.45,0
2025-11-02 13:00,771.45,0
2025-11-02 14:00,771.45,0
2025-11-02 15:00,771.45,0
2025-11-02 16:00,771.46,0
2025-11-02 17:00,771.46,0
2025-11-02 18:00,771.48,0
2025-11-02 19:00,771.49,0
2025-11-02 20:00,771.6,0
2025-11-02 21:00,771.72,0
2025-11-02 22:00,771.9,0
2025-11-02 23:00,772.16,0
2025-11-03 00:00,772.34,0
2025-11-03 01:00,772.52,0
2025-11-03 02:00,772.74,0
2025-11-03 03:00,772.93,0
2025-11-03 04:00,773.14,0
2025-11-03 05:00,773.26,0
2025-11-03 06:00,773.39,0
2025-11-03 07:00,773.52,0
2025-11-03 08:00,773.92,0
2025-11-03 09:00,774.6,0
2025-11-03 10:00,775.27,0
2025-11-03 11:00,776.63,0
2025-11-03 12:00,778.37,0
2025-11-03 13:00,779.92,0
2025-11-03 14:00,780.89,0
2025-11-03 15:00,782.34,0
2025-11-03 16:00,783.03,0
2025-11-03 17:00,783.34,0
2025-11-03 18:00,783.51,0
2025-11-03 19:00,783.76,0
2025-11-03 20:00,784.05,0
2025-11-03 21:00,784.2,0
2025-11-03 22:00,784.24,0
2025-11-03 23:00,784.24,0
2025-11-04 00:00,784.24,0
2025-11-04 01:00,784.24,0
2025-11-04 02:00,784.24,0
2025-11-04 03:00,784.24,0
2025-11-04 04:00,784.24,0
2025-11-04 05:00,784.24,0
2025-11-04 06:00,784.24,0
2025-11-04 07:00,784.24,0
2025-11-04 08:00,784.24,0
2025-11-04 09:00,784.24,0
2025-11-04 10:00,784.24,0
2025-11-04 11:00,784.24,0
2025-11-04 12:00,784.24,0
2025-11-04 13:00,784.24,0
2025-11-04 14:00,784.24,0
2025-11-04 15:00,784.24,0
2025-11-04 16:00,784.24,0
2025-11-04 17:00,784.24,0
2025-11-04 18:00,784.24,0
2025-11-04 19:00,784.24,0
2025-11-04 20:00,784.24,0
2025-11-04 21:00,784.24,0
2025-11-04 22:00,784.24,0
2025-11-04 23:00,784.24,0
2025-11-05 00:00,784.24,0
2025-11-05 01:00,784.24,0
2025-11-05 02:00,784.24,0
2025-11-05 03:00,784.24,0
2025-11-05 04:00,784.24,0
2025-11-05 05:00,784.24,0
2025-11-05 06:00,784.24,0
2025-11-05 07:00,784.24,0
2025-11-05 08:00,784.24,0
2025-11-05 09:00,784.24,0
2025-11-05 10:00,784.24,0
2025-11-05 11:00,784.24,0
2025-11-05 12:00,784.24,0
2025-11-05 13:00,784.24,0
2025-11-05 14:00,784.24,0
2025-11-05 15:00,784.24,0
2025-11-05 16:00,784.24,0
2025-11-05 17:00,784.24,0
2025-11-05 18:00,784.24,0
2025-11-05 19:00,784.24,0
2025-11-05 20:00,784.24,0
2025-11-05 21:00,784.24,0
2025-11-05 22:00,784.24,0
2025-11-05 23:00,784.24,0
2025-11-06 00:00,784.24,0
2025-11-06 01:00,784.24,0
2025-11-06 02:00,784.24,0
2025-11-06 03:00,784.24,0
2025-11-06 04:00,784.24,0
2025-11-06 05:00,784.24,0
2025-11-06 06:00,784.24,0
2025-11-06 07:00,784.24,0
2025-11-06 08:00,784.24,0
2025-11-06 09:00,784.24,0
2025-11-06 10:00,784.24,0
2025-11-06 11:00,784.24,0
2025-11-06 12:00,784.24,0
2025-11-06 13:00,784.24,0
2025-11-06 14:00,784.24,0
2025-11-06 15:00,784.24,0
2025-11-06 16:00,784.24,0
2025-11-06 17:00,784.24,0
2025-11-06 18:00,784.24,0
2025-11-06 19:00,784.24,0
2025-11-06 20:00,784.24,0
2025-11-06 21:00,784.24,0
2025-11-06 22:00,784.24,0
2025-11-06 23:00,784.24,0
2025-11-07 00:00,784.24,0
2025-11-07 01:00,784.24,0
2025-11-07 02:00,784.24,0
2025-11-07 03:00,784.24,0
2025-11-07 04:00,784.25,0
2025-11-07 05:00,784.25,0
2025-11-07 06:00,784.25,0
2025-11-07 07:00,784.25,0
2025-11-07 08:00,784.26,0
2025-11-07 09:00,784.26,0
2025-11-07 10:00,784.26,0
2025-11-07 11:00,784.26,0
2025-11-07 12:00,784.26,0
2025-11-07 13:00,784.26,0
2025-11-07 14:00,784.3,0
2025-11-07 15:00,784.53,0
2025-11-07 16:00,785.32,0
2025-11-07 17:00,786.18,0
2025-11-07 18:00,786.45,0
2025-11-07 19:00,786.51,0
2025-11-07 20:00,786.53,0
2025-11-07 21:00,786.54,0
2025-11-07 22:00,786.54,0
2025-11-07 23:00,786.54,0
2025-11-08 00:00,786.54,0
2025-11-08 01:00,786.59,0
2025-11-08 02:00,786.61,0
2025-11-08 03:00,786.61,0
2025-11-08 04:00,786.65,0
2025-11-08 05:00,786.88,0
2025-11-08 06:00,787.18,0
2025-11-08 07:00,787.71,0
2025-11-08 08:00,787.86,0
2025-11-08 09:00,788.38,0
2025-11-08 10:00,789.18,0
2025-11-08 11:00,789.99,0
2025-11-08 12:00,790.83,0
2025-11-08 13:00,791.46,0
2025-11-08 14:00,792.02,0
2025-11-08 15:00,792.6,0
2025-11-08 16:00,793.05,0
2025-11-08 17:00,793.53,0
2025-11-08 18:00,793.95,0
2025-11-08 19:00,794.38,0
2025-11-08 20:00,795.28,0
2025-11-08 21:00,796.47,0
2025-11-08 22:00,797.75,0
2025-11-08 23:00,799.2,0
2025-11-09 00:00,801.75,0
2025-11-09 01:00,805.58,0
2025-11-09 02:00,809.48,0
2025-11-09 03:00,812.29,0
2025-11-09 04:00,813.79,0
2025-11-09 05:00,814.55,0
2025-11-09 06:00,814.95,0
2025-11-09 07:00,815.54,0
2025-11-09 08:00,815.94,0
2025-11-09 09:00,816.01,0
2025-11-09 10:00,816.02,0
2025-11-09 11:00,816.02,0
2025-11-09 12:00,816.02,0
2025-11-09 13:00,816.02,0
2025-11-09 14:00,816.03,0
2025-11-09 15:00,816.03,0
2025-11-09 16:00,816.04,0
2025-11-09 17:00,816.3,0
2025-11-09 18:00,816.55,0
2025-11-09 19:00,816.87,0
2025-11-09 20:00,816.89,0
2025-11-09 21:00,816.92,0
2025-11-09 22:00,816.92,0
2025-11-09 23:00,816.92,0
2025-11-10 00:00,816.92,0
2025-11-10 01:00,816.92,0
2025-11-10 02:00,816.93,0
2025-11-10 03:00,816.93,0
2025-11-10 04:00,816.93,0
2025-11-10 05:00,816.93,0
2025-11-10 06:00,816.93,0
2025-11-10 07:00,816.93,0
2025-11-10 08:00,816.93,0
2025-11-10 09:00,816.93,0
2025-11-10 10:00,816.93,0
2025-11-10 11:00,816.93,0
2025-11-10 12:00,816.93,0
2025-11-10 13:00,816.93,0
2025-11-10 14:00,816.94,0
2025-11-10 15:00,816.95,0
2025-11-10 16:00,816.99,0
2025-11-10 17:00,817.01,0
2025-11-10 18:00,817.06,0
2025-11-10 19:00,817.09,0
2025-11-10 20:00,817.1,0
2025-11-10 21:00,817.11,0
2025-11-10 22:00,817.11,0
2025-11-10 23:00,817.11,0
2025-11-11 00:00,817.12,0
2025-11-11 01:00,817.12,0
2025-11-11 02:00,817.12,0
2025-11-11 03:00,817.12,0
2025-11-11 04:00,817.12,0
2025-11-11 05:00,817.12,0
2025-11-11 06:00,817.12,0
2025-11-11 07:00,817.12,0
2025-11-11 08:00,817.12,0
2025-11-11 09:00,817.12,0
2025-11-11 10:00,817.13,0
2025-11-11 11:00,817.13,0
2025-11-11 12:00,817.13,0
2025-11-11 13:00,817.13,0
2025-11-11 14:00,817.13,0
2025-11-11 15:00,817.13,0
2025-11-11 16:00,817.13,0
2025-11-11 17:00,817.13,0
2025-11-11 18:00,817.13,0
2025-11-11 19:00,817.13,0
2025-11-11 20:00,817.13,0
2025-11-11 21:00,817.13,0
2025-11-11 22:00,817.13,0
2025-11-11 23:00,817.13,0
2025-11-12 00:00,817.13,0
2025-11-12 01:00,817.13,0
2025-11-12 02:00,817.13,0
2025-11-12 03:00,817.13,0
2025-11-12 04:00,817.13,0
2025-11-12 05:00,817.13,0
2025-11-12 06:00,817.13,0
2025-11-12 07:00,817.13,0
2025-11-12 08:00,817.13,0
2025-11-12 09:00,817.13,0
2025-11-12 10:00,817.13,0
2025-11-12 11:00,817.13,0
2025-11-12 12:00,817.13,0
2025-11-12 13:00,817.13,0
2025-11-12 14:00,817.13,0
2025-11-12 15:00,817.13,0
2025-11-12 16:00,817.13,0
2025-11-12 17:00,817.13,0
2025-11-12 18:00,817.13,0
2025-11-12 19:00,817.13,0
2025-11-12 20:00,817.13,0
2025-11-12 21:00,817.13,0
2025-11-12 22:00,817.13,0
2025-11-12 23:00,817.13,0
2025-11-13 00:00,817.13,0
2025-11-13 01:00,817.13,0
2025-11-13 02:00,817.13,0
2025-11-13 03:00,817.13,0
2025-11-13 04:00,817.13,0
2025-11-13 05:00,817.13,0
2025-11-13 06:00,817.13,0
2025-11-13 07:00,817.13,0
2025-11-13 08:00,817.13,0
2025-11-13 09:00,817.13,0
2025-11-13 10:00,817.13,0
2025-11-13 11:00,817.13,0
2025-11-13 12:00,817.13,0
2025-11-13 13:00,817.13,0
2025-11-13 14:00,817.13,0
2025-11-13 15:00,817.13,0
2025-11-13 16:00,817.13,0
2025-11-13 17:00,817.13,0
2025-11-13 18:00,817.13,0
2025-11-13 19:00,817.13,0
2025-11-13 20:00,817.13,0
2025-11-13 21:00,817.13,0
2025-11-13 22:00,817.13,0
2025-11-13 23:00,817.13,0
2025-11-14 00:00,817.13,0
2025-11-14 01:00,817.13,0
2025-11-14 02:00,817.13,0
2025-11-14 03:00,817.13,0
2025-11-14 04:00,817.13,0
2025-11-14 05:00,817.13,0
2025-11-14 06:00,817.13,0
2025-11-14 07:00,817.13,0
2025-11-14 08:00,817.13,0
2025-11-14 09:00,817.13,0
2025-11-14 10:00,817.13,0
2025-11-14 11:00,817.13,0
2025-11-14 12:00,817.13,0
2025-11-14 13:00,817.13,0
2025-11-14 14:00,817.13,0
2025-11-14 15:00,817.13,0
2025-11-14 16:00,817.13,0
2025-11-14 17:00,817.13,0
2025-11-14 18:00,817.13,0
2025-11-14 19:00,817.13,0
2025-11-14 20:00,817.13,0
2025-11-14 21:00,817.13,0
2025-11-14 22:00,817.13,0
2025-11-14 23:00,817.13,0
2025-11-15 00:00,817.13,0
2025-11-15 01:00,817.13,0
2025-11-15 02:00,817.13,0
2025-11-15 03:00,817.13,0
2025-11-15 04:00,817.13,0
2025-11-15 05:00,817.13,0
2025-11-15 06:00,817.13,0
2025-11-15 07:00,817.13,0
2025-11-15 08:00,817.13,0
2025-11-15 09:00,817.13,0
2025-11-15 10:00,817.13,0
2025-11-15 11:00,817.13,0
2025-11-15 12:00,817.13,0
2025-11-15 13:00,817.13,0
2025-11-15 14:00,817.13,0
2025-11-15 15:00,817.13,0
2025-11-15 16:00,817.13,0
2025-11-15 17:00,817.13,0
2025-11-15 18:00,817.13,0
2025-11-15 19:00,817.13,0
2025-11-15 20:00,817.13,0
2025-11-15 21:00,817.13,0
2025-11-15 22:00,817.13,0
2025-11-15 23:00,817.13,0
2025-11-16 00:00,817.13,0
2025-11-16 01:00,817.13,0
2025-11-16 02:00,817.13,0
2025-11-16 03:00,817.13,0
2025-11-16 04:00,817.13,0
2025-11-16 05:00,817.13,0
2025-11-16 06:00,817.13,0
2025-11-16 07:00,817.13,0
2025-11-16 08:00,817.13,0
2025-11-16 09:00,817.13,0
2025-11-16 10:00,817.13,0
2025-11-16 11:00,817.13,0
2025-11-16 12:00,817.13,0
2025-11-16 13:00,817.13,0
2025-11-16 14:00,817.13,0
2025-11-16 15:00,817.13,0
2025-11-16 16:00,817.13,0
2025-11-16 17:00,817.13,0
2025-11-16 18:00,817.13,0
2025-11-16 19:00,817.13,0
2025-11-16 20:00,817.13,0
2025-11-16 21:00,817.13,0
2025-11-16 22:00,817.13,0
2025-11-16 23:00,817.13,0
2025-11-17 00:00,817.13,0
2025-11-17 01:00,817.13,0
2025-11-17 02:00,817.13,0
2025-11-17 03:00,817.13,0
2025-11-17 04:00,817.13,0
2025-11-17 05:00,817.16,0
2025-11-17 06:00,817.2,0
2025-11-17 07:00,817.42,0
2025-11-17 08:00,817.67,0
2025-11-17 09:00,817.77,0
2025-11-17 10:00,817.83,0
2025-11-17 11:00,818.09,0
2025-11-17 12:00,818.56,0
2025-11-17 13:00,819.1,0
2025-11-17 14:00,819.7,0
2025-11-17 15:00,820.39,0
2025-11-17 16:00,820.71,0
2025-11-17 17:00,820.85,0
2025-11-17 18:00,821.05,0
2025-11-17 19:00,821.2,0
2025-11-17 20:00,821.31,0
2025-11-17 21:00,821.45,0
2025-11-17 22:00,821.53,0
2025-11-17 23:00,821.6,0
2025-11-18 00:00,821.74,0
2025-11-18 01:00,821.8,0
2025-11-18 02:00,821.99,0
2025-11-18 03:00,822.17,0
2025-11-18 04:00,822.37,0
2025-11-18 05:00,822.42,0
2025-11-18 06:00,822.5,0
2025-11-18 07:00,822.71,0
2025-11-18 08:00,825.62,0
2025-11-18 09:00,829.59,0
2025-11-18 10:00,832.73,0
2025-11-18 11:00,835.74,0
2025-11-18 12:00,838.81,0
2025-11-18 13:00,840.78,0
2025-11-18 14:00,842.84,0
2025-11-18 15:00,844.73,0
2025-11-18 16:00,846.02,0
2025-11-18 17:00,847.05,0
2025-11-18 18:00,848.88,0
2025-11-18 19:00,850.96,0
2025-11-18 20:00,852.94,0
2025-11-18 21:00,855.3,0
2025-11-18 22:00,857.05,0
2025-11-18 23:00,858.54,0
2025-11-19 00:00,860.45,0
2025-11-19 01:00,862.47,0
2025-11-19 02:00,863.66,0
2025-11-19 03:00,864.71,0
2025-11-19 04:00,865.3,0
2025-11-19 05:00,865.75,0
2025-11-19 06:00,866.33,0
2025-11-19 07:00,867.02,0
2025-11-19 08:00,867.2,0
2025-11-19 09:00,867.49,0
2025-11-19 10:00,867.77,0
2025-11-19 11:00,868.21,0
2025-11-19 12:00,868.74,0
2025-11-19 13:00,869.34,0
2025-11-19 14:00,869.81,0
2025-11-19 15:00,870.17,0
2025-11-19 16:00,870.49,0
2025-11-19 17:00,870.71,0
2025-11-19 18:00,870.92,0
2025-11-19 19:00,871.08,0
2025-11-19 20:00,871.18,0
2025-11-19 21:00,871.23,0
2025-11-19 22:00,871.34,0
2025-11-19 23:00,871.46,0
2025-11-20 00:00,871.54,0
2025-11-20 01:00,871.59,0
2025-11-20 02:00,871.65,0
2025-11-20 03:00,871.73,0
2025-11-20 04:00,871.76,0
2025-11-20 05:00,871.76,0
2025-11-20 06:00,871.78,0
2025-11-20 07:00,871.83,0
2025-11-20 08:00,871.96,0
2025-11-20 09:00,872.1,0
2025-11-20 10:00,872.43,0
2025-11-20 11:00,872.69,0
2025-11-20 12:00,873.24,0
2025-11-20 13:00,873.92,0
2025-11-20 14:00,874.68,0
2025-11-20 15:00,875.17,0
2025-11-20 16:00,876.72,0
2025-11-20 17:00,879.57,0
2025-11-20 18:00,881.68,0
2025-11-20 19:00,883.45,0
2025-11-20 20:00,886.09,0
2025-11-20 21:00,889.96,0
2025-11-20 22:00,893.19,0
2025-11-20 23:00,895.02,0
2025-11-21 00:00,896.01,0
2025-11-21 01:00,896.53,0
2025-11-21 02:00,896.68,0
2025-11-21 03:00,896.72,0
2025-11-21 04:00,896.78,0
2025-11-21 05:00,896.84,0
2025-11-21 06:00,897.08,0
2025-11-21 07:00,897.78,0
2025-11-21 08:00,898.54,0
2025-11-21 09:00,900.14,0
2025-11-21 10:00,902.51,0
2025-11-21 11:00,905.46,0
2025-11-21 12:00,908.97,0
2025-11-21 13:00,911.85,0
2025-11-21 14:00,913.97,0
2025-11-21 15:00,914.45,0
2025-11-21 16:00,914.46,0
2025-11-21 17:00,914.47,0
2025-11-21 18:00,914.48,0
2025-11-21 19:00,914.49,0
2025-11-21 20:00,914.67,0
2025-11-21 21:00,915.51,0
2025-11-21 22:00,918.46,0
2025-11-21 23:00,920.05,0
2025-11-22 00:00,921.16,0
2025-11-22 01:00,923.0,0
2025-11-22 02:00,924.88,0
2025-11-22 03:00,926.59,0
2025-11-22 04:00,928.64,0
2025-11-22 05:00,929.6,0
2025-11-22 06:00,929.69,0
2025-11-22 07:00,929.91,0
2025-11-22 08:00,930.69,0
2025-11-22 09:00,931.39,0
2025-11-22 10:00,933.12,0
2025-11-22 11:00,933.89,0
2025-11-22 12:00,934.13,0
2025-11-22 13:00,934.42,0
2025-11-22 14:00,936.14,0
2025-11-22 15:00,937.84,0
2025-11-22 16:00,938.41,0
2025-11-22 17:00,938.5,0
2025-11-22 18:00,938.52,0
2025-11-22 19:00,938.57,0
2025-11-22 20:00,939.2,0
2025-11-22 21:00,940.04,0
2025-11-22 22:00,940.72,0
2025-11-22 23:00,940.88,0
2025-11-23 00:00,940.92,0
2025-11-23 01:00,940.92,0
2025-11-23 02:00,940.93,0
2025-11-23 03:00,940.94,0
2025-11-23 04:00,940.95,0
2025-11-23 05:00,941.0,0
2025-11-23 06:00,941.09,0
2025-11-23 07:00,941.18,0
2025-11-23 08:00,941.2,0
2025-11-23 09:00,941.22,0
2025-11-23 10:00,941.22,0
2025-11-23 11:00,941.23,0
2025-11-23 12:00,941.26,0
2025-11-23 13:00,941.26,0
2025-11-23 14:00,941.26,0
2025-11-23 15:00,941.26,0
2025-11-23 16:00,941.26,0
2025-11-23 17:00,941.26,0
2025-11-23 18:00,941.26,0
2025-11-23 19:00,941.26,0
2025-11-23 20:00,941.26,0
2025-11-23 21:00,941.26,0
2025-11-23 22:00,941.26,0
2025-11-23 23:00,941.26,0
2025-11-24 00:00,941.26,0
2025-11-24 01:00,941.26,0
2025-11-24 02:00,941.26,0
2025-11-24 03:00,941.27,0
2025-11-24 04:00,941.33,0
2025-11-24 05:00,941.59,0
2025-11-24 06:00,941.92,0
2025-11-24 07:00,942.58,0
2025-11-24 08:00,943.56,0
2025-11-24 09:00,944.83,0
2025-11-24 10:00,945.74,0
2025-11-24 11:00,946.44,0
2025-11-24 12:00,947.73,0
2025-11-24 13:00,949.31,0
2025-11-24 14:00,952.53,0
2025-11-24 15:00,955.83,0
2025-11-24 16:00,959.3,0
2025-11-24 17:00,963.0,0
2025-11-24 18:00,965.52,0
2025-11-24 19:00,966.36,0
2025-11-24 20:00,967.59,0
2025-11-24 21:00,968.86,0
2025-11-24 22:00,969.92,0
2025-11-24 23:00,971.38,0
2025-11-25 00:00,972.62,0
2025-11-25 01:00,973.82,0
2025-11-25 02:00,974.88,0
2025-11-25 03:00,976.56,0
2025-11-25 04:00,978.42,0
2025-11-25 05:00,980.96,0
2025-11-25 06:00,983.72,0
2025-11-25 07:00,986.63,0
2025-11-25 08:00,988.16,0
2025-11-25 09:00,989.47,0
2025-11-25 10:00,991.72,0
2025-11-25 11:00,994.49,0
2025-11-25 12:00,998.23,0
2025-11-25 13:00,1002.06,0
2025-11-25 14:00,1006.83,0
2025-11-25 15:00,1012.82,0
2025-11-25 16:00,1019.15,0
2025-11-25 17:00,1024.85,0
2025-11-25 18:00,1029.38,0
2025-11-25 19:00,1034.02,0
2025-11-25 20:00,1038.16,0
2025-11-25 21:00,1042.39,0
2025-11-25 22:00,1045.09,0
2025-11-25 23:00,1046.22,0
2025-11-26 00:00,1046.66,0
2025-11-26 01:00,1048.04,0
2025-11-26 02:00,1048.27,0
2025-11-26 03:00,1048.4,0
2025-11-26 04:00,1048.46,0
2025-11-26 05:00,1048.57,0
2025-11-26 06:00,1048.72,0
2025-11-26 07:00,1048.87,0
2025-11-26 08:00,1049.01,0
2025-11-26 09:00,1049.19,0
2025-11-26 10:00,1049.38,0
2025-11-26 11:00,1049.77,0
2025-11-26 12:00,1050.02,0
2025-11-26 13:00,1051.16,0
2025-11-26 14:00,1051.18,0
2025-11-26 15:00,1051.4,0
2025-11-26 16:00,1052.85,0
2025-11-26 17:00,1053.35,0
2025-11-26 18:00,1053.69,0
2025-11-26 19:00,1054.5,0
2025-11-26 20:00,1056.15,0
2025-11-26 21:00,1057.1,0
2025-11-26 22:00,1057.78,0
2025-11-26 23:00,1058.35,0
2025-11-27 00:00,1058.61,0
2025-11-27 01:00,1058.65,0
2025-11-27 02:00,1058.68,0
2025-11-27 03:00,1058.74,0
2025-11-27 04:00,1058.78,0
2025-11-27 05:00,1058.81,0
2025-11-27 06:00,1058.85,0
2025-11-27 07:00,1058.9,0
2025-11-27 08:00,1058.95,0
2025-11-27 09:00,1058.98,0
2025-11-27 10:00,1059.05,0
2025-11-27 11:00,1059.17,0
2025-11-27 12:00,1059.22,0
2025-11-27 13:00,1059.25,0
2025-11-27 14:00,1059.38,0
2025-11-27 15:00,1059.53,0
2025-11-27 16:00,1059.59,0
2025-11-27 17:00,1059.75,0
2025-11-27 18:00,1059.92,0
2025-11-27 19:00,1060.14,0
2025-11-27 20:00,1060.17,0
2025-11-27 21:00,1060.19,0
2025-11-27 22:00,1060.19,0
2025-11-27 23:00,1060.19,0
2025-11-28 00:00,1060.19,0
2025-11-28 01:00,1060.19,0
2025-11-28 02:00,1060.19,0
2025-11-28 03:00,1060.19,0
2025-11-28 04:00,1060.19,0
2025-11-28 05:00,1060.19,0
2025-11-28 06:00,1060.19,0
2025-11-28 07:00,1060.19,0
2025-11-28 08:00,1060.19,0
2025-11-28 09:00,1060.19,0
2025-11-28 10:00,1060.19,0
2025-11-28 11:00,1060.19,0
2025-11-28 12:00,1060.19,0
2025-11-28 13:00,1060.19,0
2025-11-28 14:00,1060.2,0
2025-11-28 15:00,1060.2,0
2025-11-28 16:00,1060.2,0
2025-11-28 17:00,1060.2,0
2025-11-28 18:00,1060.2,0
2025-11-28 19:00,1060.2,0
2025-11-28 20:00,1060.2,0
2025-11-28 21:00,1060.2,0
2025-11-28 22:00,1060.2,0
2025-11-28 23:00,1060.2,0
2025-11-29 00:00,1060.2,0
2025-11-29 01:00,1060.2,0
2025-11-29 02:00,1060.2,0
2025-11-29 03:00,1060.2,0
2025-11-29 04:00,1060.2,0
2025-11-29 05:00,1060.2,0
2025-11-29 06:00,1060.2,0
2025-11-29 07:00,1060.2,0
2025-11-29 08:00,1060.2,0
2025-11-29 09:00,1060.2,0
2025-11-29 10:00,1060.2,0
2025-11-29 11:00,1060.2,0
2025-11-29 12:00,1060.2,0
2025-11-29 13:00,1060.2,0
2025-11-29 14:00,1060.2,0
2025-11-29 15:00,1060.2,0
2025-11-29 16:00,1060.2,0
2025-11-29 17:00,1060.2,0
2025-11-29 18:00,1060.2,0
2025-11-29 19:00,1060.2,0
2025-11-29 20:00,1060.2,0
2025-11-29 21:00,1060.2,0
2025-11-29 22:00,1060.2,0
2025-11-29 23:00,1060.2,0
2025-11-30 00:00,1060.2,0
2025-11-30 01:00,1060.2,0
2025-11-30 02:00,1060.2,0
2025-11-30 03:00,1060.2,0
2025-11-30 04:00,1060.2,0
2025-11-30 05:00,1060.2,0
2025-11-30 06:00,1060.2,0
2025-11-30 07:00,1060.21,0
2025-11-30 08:00,1060.21,0
2025-11-30 09:00,1060.21,0
2025-11-30 10:00,1060.21,0
2025-11-30 11:00,1060.21,0
2025-11-30 12:00,1060.21,0
2025-11-30 13:00,1060.21,0
2025-11-30 14:00,1060.21,0
2025-11-30 15:00,1060.21,0
2025-11-30 16:00,1060.21,0
2025-11-30 17:00,1060.21,0
2025-11-30 18:00,1060.21,0
2025-11-30 19:00,1060.21,0
2025-11-30 20:00,1060.21,0
2025-11-30 21:00,1060.21,0
2025-11-30 22:00,1060.21,0
2025-11-30 23:00,1060.21,0
2025-12-01 00:00,1060.21,0
2025-12-01 01:00,1060.21,0
2025-12-01 02:00,1060.21,0
2025-12-01 03:00,1060.21,0
2025-12-01 04:00,1060.21,0
2025-12-01 05:00,1060.21,0
2025-12-01 06:00,1060.21,0
2025-12-01 07:00,1060.21,0
2025-12-01 08:00,1060.21,0
2025-12-01 09:00,1060.21,0
2025-12-01 10:00,1060.21,0
2025-12-01 11:00,1060.21,0
2025-12-01 12:00,1060.21,0
2025-12-01 13:00,1060.22,0
2025-12-01 14:00,1060.3,0
2025-12-01 15:00,1060.42,0
2025-12-01 16:00,1060.52,0
2025-12-01 17:00,1060.56,0
2025-12-01 18:00,1060.61,0
2025-12-01 19:00,1060.66,0
2025-12-01 20:00,1060.73,0
2025-12-01 21:00,1060.77,0
2025-12-01 22:00,1060.93,0
2025-12-01 23:00,1061.43,0
2025-12-02 00:00,1062.14,0
2025-12-02 01:00,1062.99,0
2025-12-02 02:00,1063.76,0
2025-12-02 03:00,1064.49,0
2025-12-02 04:00,1065.14,0
2025-12-02 05:00,1066.02,0
2025-12-02 06:00,1066.78,0
2025-12-02 07:00,1067.96,0
2025-12-02 08:00,1068.22,0
2025-12-02 09:00,1068.45,0
2025-12-02 10:00,1068.74,0
2025-12-02 11:00,1069.11,0
2025-12-02 12:00,1069.84,0
2025-12-02 13:00,1071.25,0
2025-12-02 14:00,1072.85,0
2025-12-02 15:00,1075.02,0
2025-12-02 16:00,1077.75,0
2025-12-02 17:00,1080.5,0
2025-12-02 18:00,1083.11,0
2025-12-02 19:00,1085.4,0
2025-12-02 20:00,1086.81,0
2025-12-02 21:00,1087.32,0
2025-12-02 22:00,1087.5,0
2025-12-02 23:00,1087.63,0
2025-12-03 00:00,1088.09,0
2025-12-03 01:00,1088.49,0
2025-12-03 02:00,1088.85,0
2025-12-03 03:00,1089.09,0
2025-12-03 04:00,1089.26,0
2025-12-03 05:00,1089.36,0
2025-12-03 06:00,1089.4,0
2025-12-03 07:00,1089.41,0
2025-12-03 08:00,1089.42,0
2025-12-03 09:00,1089.42,0
2025-12-03 10:00,1089.42,0
2025-12-03 11:00,1089.42,0
2025-12-03 12:00,1089.42,0
2025-12-03 13:00,1089.42,0
2025-12-03 14:00,1089.42,0
2025-12-03 15:00,1089.42,0
2025-12-03 16:00,1089.42,0
2025-12-03 17:00,1089.42,0
2025-12-03 18:00,1089.42,0
2025-12-03 19:00,1089.42,0
2025-12-03 20:00,1089.42,0
2025-12-03 21:00,1089.42,0
2025-12-03 22:00,1089.42,0
2025-12-03 23:00,1089.42,0
2025-12-04 00:00,1089.42,0
2025-12-04 01:00,1089.42,0
2025-12-04 02:00,1089.42,0
2025-12-04 03:00,1089.43,0
2025-12-04 04:00,1089.43,0
2025-12-04 05:00,1089.46,0
2025-12-04 06:00,1089.49,0
2025-12-04 07:00,1089.52,0
2025-12-04 08:00,1089.61,0
2025-12-04 09:00,1089.8,0
2025-12-04 10:00,1089.92,0
2025-12-04 11:00,1090.0,0
2025-12-04 12:00,1090.01,0
2025-12-04 13:00,1090.02,0
2025-12-04 14:00,1090.02,0
2025-12-04 15:00,1090.02,0
2025-12-04 16:00,1090.02,0
2025-12-04 17:00,1090.06,0
2025-12-04 18:00,1090.07,0
2025-12-04 19:00,1090.1,0
2025-12-04 20:00,1090.83,0
2025-12-04 21:00,1091.82,0
2025-12-04 22:00,1092.31,0
2025-12-04 23:00,1092.6,0
2025-12-05 00:00,1092.95,0
2025-12-05 01:00,1093.4,0
2025-12-05 02:00,1094.16,0
2025-12-05 03:00,1094.65,0
2025-12-05 04:00,1095.01,0
2025-12-05 05:00,1095.47,0
2025-12-05 06:00,1096.17,0
2025-12-05 07:00,1096.89,0
2025-12-05 08:00,1098.06,0
2025-12-05 09:00,1099.33,0
2025-12-05 10:00,1100.14,0
2025-12-05 11:00,1100.46,0
2025-12-05 12:00,1100.56,0
2025-12-05 13:00,1100.58,0
2025-12-05 14:00,1100.59,0
2025-12-05 15:00,1100.6,0
2025-12-05 16:00,1100.62,0
2025-12-05 17:00,1100.68,0
2025-12-05 18:00,1100.7,0
2025-12-05 19:00,1100.7,0
2025-12-05 20:00,1100.7,0
2025-12-05 21:00,1100.7,0
2025-12-05 22:00,1100.71,0
2025-12-05 23:00,1100.71,0
2025-12-06 00:00,1100.71,0
2025-12-06 01:00,1100.71,0
2025-12-06 02:00,1100.71,0
2025-12-06 03:00,1100.71,0
2025-12-06 04:00,1100.71,0
2025-12-06 05:00,1100.71,0
2025-12-06 06:00,1100.71,0
2025-12-06 07:00,1100.71,0
2025-12-06 08:00,1100.71,0
2025-12-06 09:00,1100.71,0
2025-12-06 10:00,1100.71,0
2025-12-06 11:00,1100.71,0
2025-12-06 12:00,1100.71,0
2025-12-06 13:00,1100.71,0
2025-12-06 14:00,1100.71,0
2025-12-06 15:00,1100.71,0
2025-12-06 16:00,1100.71,0
2025-12-06 17:00,1100.71,0
2025-12-06 18:00,1100.71,0
2025-12-06 19:00,1100.71,0
2025-12-06 20:00,1100.71,0
2025-12-06 21:00,1100.71,0
2025-12-06 22:00,1100.71,0
2025-12-06 23:00,1100.71,0
2025-12-07 00:00,1100.71,0
2025-12-07 01:00,1100.71,0
2025-12-07 02:00,1100.71,0
2025-12-07 03:00,1100.71,0
2025-12-07 04:00,1100.71,0
2025-12-07 05:00,1100.71,0
2025-12-07 06:00,1100.71,0
2025-12-07 07:00,1100.71,0
2025-12-07 08:00,1100.71,0
2025-12-07 09:00,1100.71,0
2025-12-07 10:00,1100.71,0
2025-12-07 11:00,1100.71,0
2025-12-07 12:00,1100.71,0
2025-12-07 13:00,1100.71,0
2025-12-07 14:00,1100.71,0
2025-12-07 15:00,1100.71,0
2025-12-07 16:00,1100.71,0
2025-12-07 17:00,1100.71,0
2025-12-07 18:00,1100.71,0
2025-12-07 19:00,1100.71,0
2025-12-07 20:00,1100.71,0
2025-12-07 21:00,1100.71,0
2025-12-07 22:00,1100.71,0
2025-12-07 23:00,1100.71,0
2025-12-08 00:00,1100.71,0
2025-12-08 01:00,1100.71,0
2025-12-08 02:00,1100.71,0
2025-12-08 03:00,1100.71,0
2025-12-08 04:00,1100.71,0
2025-12-08 05:00,1100.71,0
2025-12-08 06:00,1100.71,0
2025-12-08 07:00,1100.71,0
2025-12-08 08:00,1100.71,0
2025-12-08 09:00,1100.71,0
2025-12-08 10:00,1100.71,0
2025-12-08 11:00,1100.71,0
2025-12-08 12:00,1100.71,0
2025-12-08 13:00,1100.71,0
2025-12-08 14:00,1100.71,0
2025-12-08 15:00,1100.71,0
2025-12-08 16:00,1100.71,0
2025-12-08 17:00,1100.71,0
2025-12-08 18:00,1100.71,0
2025-12-08 19:00,1100.71,0
2025-12-08 20:00,1100.71,0
2025-12-08 21:00,1100.71,0
2025-12-08 22:00,1100.71,0
2025-12-08 23:00,1100.71,0
2025-12-09 00:00,1100.71,0
2025-12-09 01:00,1100.71,0
2025-12-09 02:00,1100.71,0
2025-12-09 03:00,1100.71,0
2025-12-09 04:00,1100.71,0
2025-12-09 05:00,1100.71,0
2025-12-09 06:00,1100.71,0
2025-12-09 07:00,1100.71,0
2025-12-09 08:00,1100.71,0
2025-12-09 09:00,1100.71,0
2025-12-09 10:00,1100.71,0
2025-12-09 11:00,1100.71,0
2025-12-09 12:00,1100.71,0
2025-12-09 13:00,1100.71,0
2025-12-09 14:00,1100.71,0
2025-12-09 15:00,1100.71,0
2025-12-09 16:00,1100.71,0
2025-12-09 17:00,1100.71,0
2025-12-09 18:00,1100.71,0
2025-12-09 19:00,1100.71,0
2025-12-09 20:00,1100.71,0
2025-12-09 21:00,1100.71,0
2025-12-09 22:00,1100.71,0
2025-12-09 23:00,1100.71,0
2025-12-10 00:00,1100.71,0
2025-12-10 01:00,1100.71,0
2025-12-10 02:00,1100.71,0
2025-12-10 03:00,1100.71,0
2025-12-10 04:00,1100.71,0
2025-12-10 05:00,1100.71,0
2025-12-10 06:00,1100.71,0
2025-12-10 07:00,1100.71,0
2025-12-10 08:00,1100.71,0
2025-12-10 09:00,1100.71,0
2025-12-10 10:00,1100.71,0
2025-12-10 11:00,1100.71,0
2025-12-10 12:00,1100.71,0
2025-12-10 13:00,1100.71,0
2025-12-10 14:00,1100.71,0
2025-12-10 15:00,1100.71,0
2025-12-10 16:00,1100.71,0
2025-12-10 17:00,1100.71,0
2025-12-10 18:00,1100.71,0
2025-12-10 19:00,1100.71,0
2025-12-10 20:00,1100.71,0
2025-12-10 21:00,1100.71,0
2025-12-10 22:00,1100.71,0
2025-12-10 23:00,1100.71,0
2025-12-11 00:00,1100.71,0
2025-12-11 01:00,1100.71,0
2025-12-11 02:00,1100.71,0
2025-12-11 03:00,1100.71,0
2025-12-11 04:00,1100.71,0
2025-12-11 05:00,1100.71,0
2025-12-11 06:00,1100.71,0
2025-12-11 07:00,1100.71,0
2025-12-11 08:00,1100.71,0
2025-12-11 09:00,1100.71,0
2025-12-11 10:00,1100.71,0
2025-12-11 11:00,1100.71,0
2025-12-11 12:00,1100.71,0
2025-12-11 13:00,1100.71,0
2025-12-11 14:00,1100.71,0
2025-12-11 15:00,1100.71,0
2025-12-11 16:00,1100.71,0
2025-12-11 17:00,1100.71,0
2025-12-11 18:00,1100.71,0
2025-12-11 19:00,1100.71,0
2025-12-11 20:00,1100.71,0
2025-12-11 21:00,1100.71,0
2025-12-11 22:00,1100.71,0
2025-12-11 23:00,1100.71,0
2025-12-12 00:00,1100.71,0
2025-12-12 01:00,1100.71,0
2025-12-12 02:00,1100.71,0
2025-12-12 03:00,1100.71,0
2025-12-12 04:00,1100.71,0
2025-12-12 05:00,1100.71,0
2025-12-12 06:00,1100.71,0
2025-12-12 07:00,1100.71,0
2025-12-12 08:00,1100.71,0
2025-12-12 09:00,1100.71,0
2025-12-12 10:00,1100.71,0
2025-12-12 11:00,1100.71,0
2025-12-12 12:00,1100.71,0
2025-12-12 13:00,1100.71,0
2025-12-12 14:00,1100.71,0
2025-12-12 15:00,1100.71,0
2025-12-12 16:00,1100.71,0
2025-12-12 17:00,1100.71,0
2025-12-12 18:00,1100.71,0
2025-12-12 19:00,1100.71,0
2025-12-12 20:00,1100.71,0
2025-12-12 21:00,1100.71,0
2025-12-12 22:00,1100.71,0
2025-12-12 23:00,1100.71,0
2025-12-13 00:00,1100.71,0
2025-12-13 01:00,1100.71,0
2025-12-13 02:00,1100.71,0
2025-12-13 03:00,1100.71,0
2025-12-13 04:00,1100.71,0
2025-12-13 05:00,1100.71,0
2025-12-13 06:00,1100.71,0
2025-12-13 07:00,1100.71,0
2025-12-13 08:00,1100.71,0
2025-12-13 09:00,1100.71,0
2025-12-13 10:00,1100.71,0
2025-12-13 11:00,1100.71,0
2025-12-13 12:00,1100.71,0
2025-12-13 13:00,1100.71,0
2025-12-13 14:00,1100.71,0
2025-12-13 15:00,1100.71,0
2025-12-13 16:00,1100.71,0
2025-12-13 17:00,1100.71,0
2025-12-13 18:00,1100.71,0
2025-12-13 19:00,1100.71,0
2025-12-13 20:00,1100.71,0
2025-12-13 21:00,1100.71,0
2025-12-13 22:00,1100.71,0
2025-12-13 23:00,1100.71,0
2025-12-14 00:00,1100.71,0
2025-12-14 01:00,1100.71,0
2025-12-14 02:00,1100.71,0
2025-12-14 03:00,1100.71,0
2025-12-14 04:00,1100.71,0
2025-12-14 05:00,1100.71,0
2025-12-14 06:00,1100.71,0
2025-12-14 07:00,1100.71,0
2025-12-14 08:00,1100.71,0
2025-12-14 09:00,1100.71,0
2025-12-14 10:00,1100.71,0
2025-12-14 11:00,1100.71,0
2025-12-14 12:00,1100.71,0
2025-12-14 13:00,1100.71,0
2025-12-14 14:00,1100.71,0
2025-12-14 15:00,1100.71,0
2025-12-14 16:00,1100.71,0
2025-12-14 17:00,1100.71,0
2025-12-14 18:00,1100.71,0
2025-12-14 19:00,1100.71,0
2025-12-14 20:00,1100.71,0
2025-12-14 21:00,1100.71,0
2025-12-14 22:00,1100.71,0
2025-12-14 23:00,1100.71,0
2025-12-15 00:00,1100.71,0
2025-12-15 01:00,1100.71,0
2025-12-15 02:00,1100.71,0
2025-12-15 03:00,1100.71,0
2025-12-15 04:00,1100.71,0
2025-12-15 05:00,1100.71,0
2025-12-15 06:00,1100.71,0
2025-12-15 07:00,1100.71,0
2025-12-15 08:00,1100.71,0
2025-12-15 09:00,1100.71,0
2025-12-15 10:00,1100.71,0
2025-12-15 11:00,1100.72,0
2025-12-15 12:00,1100.72,0
2025-12-15 13:00,1100.72,0
2025-12-15 14:00,1100.72,0
2025-12-15 15:00,1100.72,0
2025-12-15 16:00,1100.72,0
2025-12-15 17:00,1100.72,0
2025-12-15 18:00,1100.72,0
2025-12-15 19:00,1100.72,0
2025-12-15 20:00,1100.72,0
2025-12-15 21:00,1100.72,0
2025-12-15 22:00,1100.72,0
2025-12-15 23:00,1100.72,0
2025-12-16 00:00,1100.72,0
2025-12-16 01:00,1100.72,0
2025-12-16 02:00,1100.72,0
2025-12-16 03:00,1100.72,0
2025-12-16 04:00,1100.72,0
2025-12-16 05:00,1100.72,0
2025-12-16 06:00,1100.72,0
2025-12-16 07:00,1100.72,0
2025-12-16 08:00,1100.73,0
2025-12-16 09:00,1100.73,0
2025-12-16 10:00,1100.73,0
2025-12-16 11:00,1100.73,0
2025-12-16 12:00,1100.73,0
2025-12-16 13:00,1100.73,0
2025-12-16 14:00,1100.73,0
2025-12-16 15:00,1100.74,0
2025-12-16 16:00,1100.83,0
2025-12-16 17:00,1101.11,0
2025-12-16 18:00,1101.45,0
2025-12-16 19:00,1101.68,0
2025-12-16 20:00,1102.36,0
2025-12-16 21:00,1102.72,0
2025-12-16 22:00,1103.93,0
2025-12-16 23:00,1104.97,0
2025-12-17 00:00,1106.45,0
2025-12-17 01:00,1108.37,0
2025-12-17 02:00,1110.76,0
2025-12-17 03:00,1112.42,0
2025-12-17 04:00,1113.72,0
2025-12-17 05:00,1114.37,0
2025-12-17 06:00,1114.82,0
2025-12-17 07:00,1115.41,0
2025-12-17 08:00,1115.76,0
2025-12-17 09:00,1116.02,0
2025-12-17 10:00,1116.28,0
2025-12-17 11:00,1116.46,0
2025-12-17 12:00,1116.55,0
2025-12-17 13:00,1116.66,0
2025-12-17 14:00,1116.71,0
2025-12-17 15:00,1116.74,0
2025-12-17 16:00,1116.76,0
2025-12-17 17:00,1116.77,0
2025-12-17 18:00,1116.77,0
2025-12-17 19:00,1116.77,0
2025-12-17 20:00,1116.77,0
2025-12-17 21:00,1116.77,0
2025-12-17 22:00,1116.77,0
2025-12-17 23:00,1116.77,0
2025-12-18 00:00,1116.77,0
2025-12-18 01:00,1116.77,0
2025-12-18 02:00,1116.77,0
2025-12-18 03:00,1116.77,0
2025-12-18 04:00,1116.77,0
2025-12-18 05:00,1116.77,0
2025-12-18 06:00,1116.77,0
2025-12-18 07:00,1116.77,0
2025-12-18 08:00,1116.77,0
2025-12-18 09:00,1116.77,0
2025-12-18 10:00,1116.77,0
2025-12-18 11:00,1116.77,0
2025-12-18 12:00,1116.77,0
2025-12-18 13:00,1116.77,0
2025-12-18 14:00,1116.77,0
2025-12-18 15:00,1116.77,0
2025-12-18 16:00,1116.77,0
2025-12-18 17:00,1116.77,0
2025-12-18 18:00,1116.77,0
2025-12-18 19:00,1116.77,0
2025-12-18 20:00,1116.77,0
2025-12-18 21:00,1116.77,0
2025-12-18 22:00,1116.77,0
2025-12-18 23:00,1116.77,0
2025-12-19 00:00,1116.77,0
2025-12-19 01:00,1116.77,0
2025-12-19 02:00,1116.77,0
2025-12-19 03:00,1116.77,0
2025-12-19 04:00,1116.77,0
2025-12-19 05:00,1116.77,0
2025-12-19 06:00,1116.77,0
2025-12-19 07:00,1116.77,0
2025-12-19 08:00,1116.77,0
2025-12-19 09:00,1116.77,0
2025-12-19 10:00,1116.77,0
2025-12-19 11:00,1116.77,0
2025-12-19 12:00,1116.77,0
2025-12-19 13:00,1116.77,0
2025-12-19 14:00,1116.77,0
2025-12-19 15:00,1116.77,0
2025-12-19 16:00,1116.77,0
2025-12-19 17:00,1116.77,0
2025-12-19 18:00,1116.77,0
2025-12-19 19:00,1116.78,0
2025-12-19 20:00,1116.78,0
2025-12-19 21:00,1116.78,0
2025-12-19 22:00,1116.78,0
2025-12-19 23:00,1116.78,0
2025-12-20 00:00,1116.78,0
2025-12-20 01:00,1116.78,0
2025-12-20 02:00,1116.78,0
2025-12-20 03:00,1116.78,0
2025-12-20 04:00,1116.78,0
2025-12-20 05:00,1116.78,0
2025-12-20 06:00,1116.78,0
2025-12-20 07:00,1116.78,0
2025-12-20 08:00,1116.78,0
2025-12-20 09:00,1116.78,0
2025-12-20 10:00,1116.78,0
2025-12-20 11:00,1116.78,0
2025-12-20 12:00,1116.78,0
2025-12-20 13:00,1116.78,0
2025-12-20 14:00,1116.78,0
2025-12-20 15:00,1116.78,0
2025-12-20 16:00,1116.78,0
2025-12-20 17:00,1116.78,0
2025-12-20 18:00,1116.78,0
2025-12-20 19:00,1116.78,0
2025-12-20 20:00,1116.78,0
2025-12-20 21:00,1116.78,0
2025-12-20 22:00,1116.78,0
2025-12-20 23:00,1116.78,0
2025-12-21 00:00,1116.78,0
2025-12-21 01:00,1116.78,0
2025-12-21 02:00,1116.78,0
2025-12-21 03:00,1116.78,0
2025-12-21 04:00,1116.78,0
2025-12-21 05:00,1116.78,0
2025-12-21 06:00,1116.78,0
2025-12-21 07:00,1116.78,0
2025-12-21 08:00,1116.78,0
2025-12-21 09:00,1116.78,0
2025-12-21 10:00,1116.78,0
2025-12-21 11:00,1116.78,0
2025-12-21 12:00,1116.78,0
2025-12-21 13:00,1116.78,0
2025-12-21 14:00,1116.78,0
2025-12-21 15:00,1116.78,0
2025-12-21 16:00,1116.78,0
2025-12-21 17:00,1116.78,0
2025-12-21 18:00,1116.78,0
2025-12-21 19:00,1116.78,0
2025-12-21 20:00,1116.8,0
2025-12-21 21:00,1116.8,0
2025-12-21 22:00,1116.8,0
2025-12-21 23:00,1116.8,0
2025-12-22 00:00,1116.8,0
2025-12-22 01:00,1116.8,0
2025-12-22 02:00,1116.8,0
2025-12-22 03:00,1116.8,0
2025-12-22 04:00,1116.8,0
2025-12-22 05:00,1116.8,0
2025-12-22 06:00,1116.8,0
2025-12-22 07:00,1116.8,0
2025-12-22 08:00,1116.8,0
2025-12-22 09:00,1116.8,0
2025-12-22 10:00,1116.8,0
2025-12-22 11:00,1116.8,0
2025-12-22 12:00,1116.8,0
2025-12-22 13:00,1116.8,0
2025-12-22 14:00,1116.8,0
2025-12-22 15:00,1116.8,0
2025-12-22 16:00,1116.8,0
2025-12-22 17:00,1116.8,0
2025-12-22 18:00,1116.81,0
2025-12-22 19:00,1116.81,0
2025-12-22 20:00,1116.83,0
2025-12-22 21:00,1116.83,0
2025-12-22 22:00,1116.83,0
2025-12-22 23:00,1116.83,0
2025-12-23 00:00,1116.84,0
2025-12-23 01:00,1116.84,0
2025-12-23 02:00,1116.84,0
2025-12-23 03:00,1116.84,0
2025-12-23 04:00,1116.86,0
2025-12-23 05:00,1116.88,0
2025-12-23 06:00,1116.92,0
2025-12-23 07:00,1117.0,0
2025-12-23 08:00,1117.1,0
2025-12-23 09:00,1117.3,0
2025-12-23 10:00,1117.5,0
2025-12-23 11:00,1117.76,0
2025-12-23 12:00,1118.19,0
2025-12-23 13:00,1118.62,0
2025-12-23 14:00,1119.28,0
2025-12-23 15:00,1119.68,0
2025-12-23 16:00,1120.29,0
2025-12-23 17:00,1120.77,0
2025-12-23 18:00,1121.14,0
2025-12-23 19:00,1121.85,0
2025-12-23 20:00,1123.14,0
2025-12-23 21:00,1124.6,0
2025-12-23 22:00,1127.17,0
2025-12-23 23:00,1129.26,0
2025-12-24 00:00,1130.65,0
2025-12-24 01:00,1132.53,0
2025-12-24 02:00,1134.84,0
2025-12-24 03:00,1137.04,0
2025-12-24 04:00,1139.64,0
2025-12-24 05:00,1142.31,0
2025-12-24 06:00,1145.34,0
2025-12-24 07:00,1146.54,0
2025-12-24 08:00,1148.54,0
2025-12-24 09:00,1150.33,0
2025-12-24 10:00,1152.24,0
2025-12-24 11:00,1155.09,0
2025-12-24 12:00,1157.9,0
2025-12-24 13:00,1160.42,0
2025-12-24 14:00,1162.86,0
2025-12-24 15:00,1165.53,0
2025-12-24 16:00,1168.13,0
2025-12-24 17:00,1169.3,0
2025-12-24 18:00,1170.11,0
2025-12-24 19:00,1170.38,0
2025-12-24 20:00,1171.32,0
2025-12-24 21:00,1172.16,0
2025-12-24 22:00,1172.59,0
2025-12-24 23:00,1172.71,0
2025-12-25 00:00,1172.94,0
2025-12-25 01:00,1173.2,0
2025-12-25 02:00,1173.78,0
2025-12-25 03:00,1174.14,0
2025-12-25 04:00,1174.24,0
2025-12-25 05:00,1174.25,0
2025-12-25 06:00,1174.25,0
2025-12-25 07:00,1174.25,0
2025-12-25 08:00,1174.25,0
2025-12-25 09:00,1174.25,0
2025-12-25 10:00,1174.25,0
2025-12-25 11:00,1174.25,0
2025-12-25 12:00,1174.25,0
2025-12-25 13:00,1174.25,0
2025-12-25 14:00,1174.25,0
2025-12-25 15:00,1174.25,0
2025-12-25 16:00,1174.25,0
2025-12-25 17:00,1174.25,0
2025-12-25 18:00,1174.25,0
2025-12-25 19:00,1174.25,0
2025-12-25 20:00,1174.25,0
2025-12-25 21:00,1174.25,0
2025-12-25 22:00,1174.25,0
2025-12-25 23:00,1174.25,0
2025-12-26 00:00,1174.25,0
2025-12-26 01:00,1174.25,0
2025-12-26 02:00,1174.25,0
2025-12-26 03:00,1174.25,0
2025-12-26 04:00,1174.25,0
2025-12-26 05:00,1174.25,0
2025-12-26 06:00,1174.25,0
2025-12-26 07:00,1174.25,0
2025-12-26 08:00,1174.25,0
2025-12-26 09:00,1174.25,0
2025-12-26 10:00,1174.25,0
2025-12-26 11:00,1174.25,0
2025-12-26 12:00,1174.25,0
2025-12-26 13:00,1174.25,0
2025-12-26 14:00,1174.25,0
2025-12-26 15:00,1174.25,0
2025-12-26 16:00,1174.25,0
2025-12-26 17:00,1174.25,0
2025-12-26 18:00,1174.25,0
2025-12-26 19:00,1174.25,0
2025-12-26 20:00,1174.25,0
2025-12-26 21:00,1174.25,0
2025-12-26 22:00,1174.25,0
2025-12-26 23:00,1174.25,0
2025-12-27 00:00,1174.25,0
2025-12-27 01:00,1174.25,0
2025-12-27 02:00,1174.25,0
2025-12-27 03:00,1174.25,0
2025-12-27 04:00,1174.25,0
2025-12-27 05:00,1174.25,0
2025-12-27 06:00,1174.25,0
2025-12-27 07:00,1174.25,0
2025-12-27 08:00,1174.25,0
2025-12-27 09:00,1174.25,0
2025-12-27 10:00,1174.26,0
2025-12-27 11:00,1174.26,0
2025-12-27 12:00,1174.26,0
2025-12-27 13:00,1174.26,0
2025-12-27 14:00,1174.26,0
2025-12-27 15:00,1174.26,0
2025-12-27 16:00,1174.26,0
2025-12-27 17:00,1174.26,0
2025-12-27 18:00,1174.26,0
2025-12-27 19:00,1174.26,0
2025-12-27 20:00,1174.26,0
2025-12-27 21:00,1174.26,0
2025-12-27 22:00,1174.26,0
2025-12-27 23:00,1174.26,0
2025-12-28 00:00,1174.26,0
2025-12-28 01:00,1174.26,0
2025-12-28 02:00,1174.26,0
2025-12-28 03:00,1174.26,0
2025-12-28 04:00,1174.26,0
2025-12-28 05:00,1174.26,0
2025-12-28 06:00,1174.26,0
2025-12-28 07:00,1174.26,0
2025-12-28 08:00,1174.26,0
2025-12-28 09:00,1174.26,0
2025-12-28 10:00,1174.26,0
2025-12-28 11:00,1174.26,0
2025-12-28 12:00,1174.26,0
2025-12-28 13:00,1174.26,0
2025-12-28 14:00,1174.26,0
2025-12-28 15:00,1174.26,0
2025-12-28 16:00,1174.26,0
2025-12-28 17:00,1174.26,0
2025-12-28 18:00,1174.26,0
2025-12-28 19:00,1174.26,0
2025-12-28 20:00,1174.26,0
2025-12-28 21:00,1174.26,0
2025-12-28 22:00,1174.26,0
2025-12-28 23:00,1174.26,0
2025-12-29 00:00,1174.26,0
2025-12-29 01:00,1174.26,0
2025-12-29 02:00,1174.26,0
2025-12-29 03:00,1174.26,0
2025-12-29 04:00,1174.26,0
2025-12-29 05:00,1174.26,0
2025-12-29 06:00,1174.26,0
2025-12-29 07:00,1174.26,0
2025-12-29 08:00,1174.26,0
2025-12-29 09:00,1174.26,0
2025-12-29 10:00,1174.26,0
2025-12-29 11:00,1174.26,0
2025-12-29 12:00,1174.26,0
2025-12-29 13:00,1174.26,0
2025-12-29 14:00,1174.26,0
2025-12-29 15:00,1174.26,0
2025-12-29 16:00,1174.26,0
2025-12-29 17:00,1174.26,0
2025-12-29 18:00,1174.26,0
2025-12-29 19:00,1174.26,0
2025-12-29 20:00,1174.26,0
2025-12-29 21:00,1174.26,0
2025-12-29 22:00,1174.26,0
2025-12-29 23:00,1174.28,0
2025-12-30 00:00,1174.34,0
2025-12-30 01:00,1174.41,0
2025-12-30 02:00,1174.46,0
2025-12-30 03:00,1174.47,0
2025-12-30 04:00,1174.49,0
2025-12-30 05:00,1174.51,0
2025-12-30 06:00,1174.57,0
2025-12-30 07:00,1174.64,0
2025-12-30 08:00,1174.69,0
2025-12-30 09:00,1174.74,0
2025-12-30 10:00,1174.79,0
2025-12-30 11:00,1174.81,0
2025-12-30 12:00,1174.81,0
2025-12-30 13:00,1174.81,0
2025-12-30 14:00,1174.81,0
2025-12-30 15:00,1174.81,0
2025-12-30 16:00,1174.81,0
2025-12-30 17:00,1174.81,0
2025-12-30 18:00,1174.81,0
2025-12-30 19:00,1174.81,0
2025-12-30 20:00,1174.81,0
2025-12-30 21:00,1174.81,0
2025-12-30 22:00,1174.81,0
2025-12-30 23:00,1174.81,0
2025-12-31 00:00,1174.82,0
2025-12-31 01:00,1174.82,0
2025-12-31 02:00,1174.82,0
2025-12-31 03:00,1174.82,0
2025-12-31 04:00,1174.82,0
2025-12-31 05:00,1174.82,0
2025-12-31 06:00,1174.82,0
2025-12-31 07:00,1174.82,0
2025-12-31 08:00,1174.82,0
2025-12-31 09:00,1174.82,0
2025-12-31 10:00,1174.82,0
2025-12-31 11:00,1174.82,0
2025-12-31 12:00,1174.82,0
2025-12-31 13:00,1174.82,0
2025-12-31 14:00,1174.82,0
2025-12-31 15:00,1174.82,0
2025-12-31 16:00,1174.82,0
2025-12-31 17:00,1174.82,0
2025-12-31 18:00,1174.82,0
2025-12-31 19:00,1174.82,0
2025-12-31 20:00,1174.82,0
2025-12-31 21:00,1174.82,0
2025-12-31 22:00,1174.82,0
2025-12-31 23:00,1174.82,0
