time,value,flag
2026-01-01 00:00,1174.82,0
2026-01-01 01:00,0.0,0
2026-01-01 02:00,0.0,0
2026-01-01 03:00,0.0,0
2026-01-01 04:00,0.0,0
2026-01-01 05:00,0.0,0
2026-01-01 06:00,0.0,0
2026-01-01 07:00,0.0,0
2026-01-01 08:00,0.0,0
2026-01-01 09:00,0.0,0
2026-01-01 10:00,0.0,0
2026-01-01 11:00,0.0,0
2026-01-01 12:00,0.0,0
2026-01-01 13:00,0.0,0
2026-01-01 14:00,0.0,0
2026-01-01 15:00,0.0,0
2026-01-01 16:00,0.0,0
2026-01-01 17:00,0.0,0
2026-01-01 18:00,0.0,0
2026-01-01 19:00,0.0,0
2026-01-01 20:00,0.0,0
2026-01-01 21:00,0.0,0
2026-01-01 22:00,0.0,0
2026-01-01 23:00,0.09,0
2026-01-02 00:00,0.76,0
2026-01-02 01:00,2.15,0
2026-01-02 02:00,3.94,0
2026-01-02 03:00,5.36,0
2026-01-02 04:00,6.93,0
2026-01-02 05:00,8.12,0
2026-01-02 06:00,9.44,0
2026-01-02 07:00,10.26,0
2026-01-02 08:00,10.82,0
2026-01-02 09:00,11.29,0
2026-01-02 10:00,11.49,0
2026-01-02 11:00,11.66,0
2026-01-02 12:00,11.79,0
2026-01-02 13:00,11.86,0
2026-01-02 14:00,11.97,0
2026-01-02 15:00,12.06,0
2026-01-02 16:00,12.14,0
2026-01-02 17:00,12.28,0
2026-01-02 18:00,12.54,0
2026-01-02 19:00,12.86,0
2026-01-02 20:00,13.35,0
2026-01-02 21:00,13.53,0
2026-01-02 22:00,13.72,0
2026-01-02 23:00,13.84,0
2026-01-03 00:00,13.98,0
2026-01-03 01:00,14.15,0
2026-01-03 02:00,14.62,0
2026-01-03 03:00,14.99,0
2026-01-03 04:00,15.3,0
2026-01-03 05:00,15.61,0
2026-01-03 06:00,15.78,0
2026-01-03 07:00,16.03,0
2026-01-03 08:00,16.36,0
2026-01-03 09:00,17.11,0
2026-01-03 10:00,18.17,0
2026-01-03 11:00,19.6,0
2026-01-03 12:00,21.2,0
2026-01-03 13:00,22.9,0
2026-01-03 14:00,24.39,0
2026-01-03 15:00,25.57,0
2026-01-03 16:00,26.72,0
2026-01-03 17:00,27.36,0
2026-01-03 18:00,27.64,0
2026-01-03 19:00,27.92,0
2026-01-03 20:00,28.27,0
2026-01-03 21:00,28.58,0
2026-01-03 22:00,28.83,0
2026-01-03 23:00,29.34,0
2026-01-04 00:00,29.81,0
2026-01-04 01:00,30.22,0
2026-01-04 02:00,30.59,0
2026-01-04 03:00,30.91,0
2026-01-04 04:00,31.25,0
2026-01-04 05:00,31.54,0
2026-01-04 06:00,31.72,0
2026-01-04 07:00,31.9,0
2026-01-04 08:00,32.82,0
2026-01-04 09:00,33.87,0
2026-01-04 10:00,34.33,0
2026-01-04 11:00,34.62,0
2026-01-04 12:00,34.9,0
2026-01-04 13:00,35.16,0
2026-01-04 14:00,35.52,0
2026-01-04 15:00,36.16,0
2026-01-04 16:00,37.12,0
2026-01-04 17:00,38.23,0
2026-01-04 18:00,39.17,0
2026-01-04 19:00,40.04,0
2026-01-04 20:00,40.76,0
2026-01-04 21:00,41.63,0
2026-01-04 22:00,42.36,0
2026-01-04 23:00,43.08,0
2026-01-05 00:00,43.9,0
2026-01-05 01:00,45.54,0
2026-01-05 02:00,47.14,0
2026-01-05 03:00,48.43,0
2026-01-05 04:00,49.52,0
2026-01-05 05:00,50.66,0
2026-01-05 06:00,51.17,0
2026-01-05 07:00,51.48,0
2026-01-05 08:00,51.86,0
2026-01-05 09:00,52.21,0
2026-01-05 10:00,52.42,0
2026-01-05 11:00,52.6,0
2026-01-05 12:00,52.69,0
2026-01-05 13:00,52.75,0
2026-01-05 14:00,52.9,0
2026-01-05 15:00,52.95,0
2026-01-05 16:00,52.97,0
2026-01-05 17:00,52.98,0
2026-01-05 18:00,53.02,0
2026-01-05 19:00,53.08,0
2026-01-05 20:00,53.25,0
2026-01-05 21:00,53.29,0
2026-01-05 22:00,53.32,0
2026-01-05 23:00,53.36,0
2026-01-06 00:00,53.38,0
2026-01-06 01:00,53.5,0
2026-01-06 02:00,53.76,0
2026-01-06 03:00,54.24,0
2026-01-06 04:00,55.24,0
2026-01-06 05:00,56.66,0
2026-01-06 06:00,57.99,0
2026-01-06 07:00,59.12,0
2026-01-06 08:00,60.82,0
2026-01-06 09:00,61.81,0
2026-01-06 10:00,62.08,0
2026-01-06 11:00,62.46,0
2026-01-06 12:00,63.0,0
2026-01-06 13:00,65.91,0
2026-01-06 14:00,67.74,0
2026-01-06 15:00,70.33,0
2026-01-06 16:00,73.59,0
2026-01-06 17:00,76.62,0
2026-01-06 18:00,80.18,0
2026-01-06 19:00,83.83,0
2026-01-06 20:00,86.51,0
2026-01-06 21:00,87.31,0
2026-01-06 22:00,87.86,0
2026-01-06 23:00,88.22,0
2026-01-07 00:00,88.37,0
2026-01-07 01:00,88.5,0
2026-01-07 02:00,88.59,0
2026-01-07 03:00,88.67,0
2026-01-07 04:00,88.72,0
2026-01-07 05:00,88.78,0
2026-01-07 06:00,88.86,0
2026-01-07 07:00,89.03,0
2026-01-07 08:00,89.37,0
2026-01-07 09:00,89.81,0
2026-01-07 10:00,90.64,0
2026-01-07 11:00,91.56,0
2026-01-07 12:00,92.38,0
2026-01-07 13:00,93.08,0
2026-01-07 14:00,93.72,0
2026-01-07 15:00,94.27,0
2026-01-07 16:00,94.96,0
2026-01-07 17:00,95.96,0
2026-01-07 18:00,97.09,0
2026-01-07 19:00,98.12,0
2026-01-07 20:00,98.79,0
2026-01-07 21:00,99.25,0
2026-01-07 22:00,100.38,0
2026-01-07 23:00,101.14,0
2026-01-08 00:00,101.67,0
2026-01-08 01:00,101.92,0
2026-01-08 02:00,102.0,0
2026-01-08 03:00,102.08,0
2026-01-08 04:00,102.14,0
2026-01-08 05:00,102.15,0
2026-01-08 06:00,102.15,0
2026-01-08 07:00,102.15,0
2026-01-08 08:00,102.15,0
2026-01-08 09:00,102.15,0
2026-01-08 10:00,102.15,0
2026-01-08 11:00,102.15,0
2026-01-08 12:00,102.15,0
2026-01-08 13:00,102.15,0
2026-01-08 14:00,102.15,0
2026-01-08 15:00,102.15,0
2026-01-08 16:00,102.15,0
2026-01-08 17:00,102.15,0
2026-01-08 18:00,102.15,0
2026-01-08 19:00,102.15,0
2026-01-08 20:00,102.15,0
2026-01-08 21:00,102.15,0
2026-01-08 22:00,102.17,0
2026-01-08 23:00,102.29,0
2026-01-09 00:00,102.61,0
2026-01-09 01:00,103.19,0
2026-01-09 02:00,103.87,0
2026-01-09 03:00,105.04,0
2026-01-09 04:00,106.1,0
2026-01-09 05:00,106.87,0
2026-01-09 06:00,107.45,0
2026-01-09 07:00,107.76,0
2026-01-09 08:00,107.94,0
2026-01-09 09:00,108.07,0
2026-01-09 10:00,108.49,0
2026-01-09 11:00,109.06,0
2026-01-09 12:00,109.42,0
2026-01-09 13:00,109.63,0
2026-01-09 14:00,109.91,0
2026-01-09 15:00,110.34,0
2026-01-09 16:00,111.01,0
2026-01-09 17:00,111.95,0
2026-01-09 18:00,112.72,0
2026-01-09 19:00,113.08,0
2026-01-09 20:00,113.42,0
2026-01-09 21:00,113.69,0
2026-01-09 22:00,114.37,0
2026-01-09 23:00,115.64,0
2026-01-10 00:00,118.03,0
2026-01-10 01:00,120.04,0
2026-01-10 02:00,121.76,0
2026-01-10 03:00,123.27,0
2026-01-10 04:00,125.42,0
2026-01-10 05:00,127.01,0
2026-01-10 06:00,128.61,0
2026-01-10 07:00,131.16,0
2026-01-10 08:00,133.94,0
2026-01-10 09:00,136.5,0
2026-01-10 10:00,138.64,0
2026-01-10 11:00,140.43,0
2026-01-10 12:00,142.09,0
2026-01-10 13:00,143.35,0
2026-01-10 14:00,144.3,0
2026-01-10 15:00,145.36,0
2026-01-10 16:00,146.42,0
2026-01-10 17:00,147.3,0
2026-01-10 18:00,148.15,0
2026-01-10 19:00,148.5,0
2026-01-10 20:00,148.69,0
2026-01-10 21:00,148.71,0
2026-01-10 22:00,148.71,0
2026-01-10 23:00,148.71,0
2026-01-11 00:00,148.71,0
2026-01-11 01:00,148.71,0
2026-01-11 02:00,148.71,0
2026-01-11 03:00,148.71,0
2026-01-11 04:00,148.71,0
2026-01-11 05:00,148.71,0
2026-01-11 06:00,148.71,0
2026-01-11 07:00,148.71,0
2026-01-11 08:00,148.71,0
2026-01-11 09:00,148.71,0
2026-01-11 10:00,148.71,0
2026-01-11 11:00,148.71,0
2026-01-11 12:00,148.71,0
2026-01-11 13:00,148.71,0
2026-01-11 14:00,148.71,0
2026-01-11 15:00,148.71,0
2026-01-11 16:00,148.71,0
2026-01-11 17:00,148.71,0
2026-01-11 18:00,148.71,0
2026-01-11 19:00,148.71,0
2026-01-11 20:00,148.71,0
2026-01-11 21:00,148.71,0
2026-01-11 22:00,148.71,0
2026-01-11 23:00,148.71,0
2026-01-12 00:00,148.71,0
2026-01-12 01:00,148.71,0
2026-01-12 02:00,148.71,0
2026-01-12 03:00,148.71,0
2026-01-12 04:00,148.71,0
2026-01-12 05:00,148.71,0
2026-01-12 06:00,148.71,0
2026-01-12 07:00,148.71,0
2026-01-12 08:00,148.71,0
2026-01-12 09:00,148.71,0
2026-01-12 10:00,148.71,0
2026-01-12 11:00,148.71,0
2026-01-12 12:00,148.71,0
2026-01-12 13:00,148.71,0
2026-01-12 14:00,148.71,0
2026-01-12 15:00,148.71,0
2026-01-12 16:00,148.71,0
2026-01-12 17:00,148.71,0
2026-01-12 18:00,148.71,0
2026-01-12 19:00,148.71,0
2026-01-12 20:00,148.71,0
2026-01-12 21:00,148.71,0
2026-01-12 22:00,148.71,0
2026-01-12 23:00,148.71,0
2026-01-13 00:00,148.71,0
2026-01-13 01:00,148.71,0
2026-01-13 02:00,148.71,0
2026-01-13 03:00,148.71,0
2026-01-13 04:00,148.71,0
2026-01-13 05:00,148.72,0
2026-01-13 06:00,148.72,0
2026-01-13 07:00,148.73,0
2026-01-13 08:00,148.73,0
2026-01-13 09:00,148.73,0
2026-01-13 10:00,148.74,0
2026-01-13 11:00,148.74,0
2026-01-13 12:00,148.75,0
2026-01-13 13:00,148.75,0
2026-01-13 14:00,148.75,0
2026-01-13 15:00,148.75,0
2026-01-13 16:00,148.76,0
2026-01-13 17:00,148.76,0
2026-01-13 18:00,148.76,0
2026-01-13 19:00,148.77,0
2026-01-13 20:00,148.77,0
2026-01-13 21:00,148.77,0
2026-01-13 22:00,148.78,0
2026-01-13 23:00,148.78,0
2026-01-14 00:00,148.78,0
2026-01-14 01:00,148.78,0
2026-01-14 02:00,148.78,0
2026-01-14 03:00,148.79,0
2026-01-14 04:00,148.79,0
2026-01-14 05:00,148.79,0
2026-01-14 06:00,148.79,0
2026-01-14 07:00,148.79,0
2026-01-14 08:00,148.79,0
2026-01-14 09:00,148.79,0
2026-01-14 10:00,148.79,0
2026-01-14 11:00,148.79,0
2026-01-14 12:00,148.79,0
2026-01-14 13:00,148.79,0
2026-01-14 14:00,148.79,0
2026-01-14 15:00,148.79,0
2026-01-14 16:00,148.79,0
2026-01-14 17:00,148.79,0
2026-01-14 18:00,148.79,0
2026-01-14 19:00,148.79,0
2026-01-14 20:00,148.79,0
2026-01-14 21:00,148.79,0
2026-01-14 22:00,148.79,0
2026-01-14 23:00,148.79,0
2026-01-15 00:00,148.79,0
2026-01-15 01:00,148.79,0
2026-01-15 02:00,148.79,0
2026-01-15 03:00,148.79,0
2026-01-15 04:00,148.79,0
2026-01-15 05:00,148.79,0
2026-01-15 06:00,148.79,0
2026-01-15 07:00,148.79,0
2026-01-15 08:00,148.79,0
2026-01-15 09:00,148.79,0
2026-01-15 10:00,148.79,0
2026-01-15 11:00,148.79,0
2026-01-15 12:00,148.79,0
2026-01-15 13:00,148.79,0
2026-01-15 14:00,148.79,0
2026-01-15 15:00,148.79,0
2026-01-15 16:00,148.79,0
2026-01-15 17:00,148.79,0
2026-01-15 18:00,148.79,0
2026-01-15 19:00,148.79,0
2026-01-15 20:00,148.79,0
2026-01-15 21:00,148.79,0
2026-01-15 22:00,148.79,0
2026-01-15 23:00,148.79,0
2026-01-16 00:00,148.79,0
2026-01-16 01:00,148.79,0
2026-01-16 02:00,148.79,0
2026-01-16 03:00,148.79,0
2026-01-16 04:00,148.79,0
2026-01-16 05:00,148.79,0
2026-01-16 06:00,148.79,0
2026-01-16 07:00,148.79,0
2026-01-16 08:00,148.79,0
2026-01-16 09:00,148.79,0
2026-01-16 10:00,148.79,0
2026-01-16 11:00,148.79,0
2026-01-16 12:00,148.79,0
2026-01-16 13:00,148.79,0
2026-01-16 14:00,148.79,0
2026-01-16 15:00,148.79,0
2026-01-16 16:00,148.79,0
2026-01-16 17:00,148.79,0
2026-01-16 18:00,148.79,0
2026-01-16 19:00,148.79,0
2026-01-16 20:00,148.79,0
2026-01-16 21:00,148.79,0
2026-01-16 22:00,148.79,0
2026-01-16 23:00,148.79,0
2026-01-17 00:00,148.79,0
2026-01-17 01:00,148.79,0
2026-01-17 02:00,148.79,0
2026-01-17 03:00,148.79,0
2026-01-17 04:00,148.79,0
2026-01-17 05:00,148.79,0
2026-01-17 06:00,148.79,0
2026-01-17 07:00,148.79,0
2026-01-17 08:00,148.79,0
2026-01-17 09:00,148.79,0
2026-01-17 10:00,148.79,0
2026-01-17 11:00,148.79,0
2026-01-17 12:00,148.79,0
2026-01-17 13:00,148.79,0
2026-01-17 14:00,148.79,0
2026-01-17 15:00,148.79,0
2026-01-17 16:00,148.79,0
2026-01-17 17:00,148.79,0
2026-01-17 18:00,148.8,0
2026-01-17 19:00,148.8,0
2026-01-17 20:00,148.8,0
2026-01-17 21:00,148.8,0
2026-01-17 22:00,148.8,0
2026-01-17 23:00,148.8,0
2026-01-18 00:00,148.8,0
2026-01-18 01:00,148.8,0
2026-01-18 02:00,148.8,0
2026-01-18 03:00,148.8,0
2026-01-18 04:00,148.8,0
2026-01-18 05:00,148.8,0
2026-01-18 06:00,148.8,0
2026-01-18 07:00,148.8,0
2026-01-18 08:00,148.8,0
2026-01-18 09:00,148.8,0
2026-01-18 10:00,148.8,0
2026-01-18 11:00,148.8,0
2026-01-18 12:00,148.8,0
2026-01-18 13:00,148.8,0
2026-01-18 14:00,148.8,0
2026-01-18 15:00,148.8,0
2026-01-18 16:00,148.81,0
2026-01-18 17:00,148.81,0
2026-01-18 18:00,148.81,0
2026-01-18 19:00,148.82,0
2026-01-18 20:00,149.15,0
2026-01-18 21:00,149.61,0
2026-01-18 22:00,150.21,0
2026-01-18 23:00,150.75,0
2026-01-19 00:00,151.31,0
2026-01-19 01:00,151.7,0
2026-01-19 02:00,152.06,0
2026-01-19 03:00,152.56,0
2026-01-19 04:00,153.22,0
2026-01-19 05:00,153.92,0
2026-01-19 06:00,154.43,0
2026-01-19 07:00,154.71,0
2026-01-19 08:00,155.05,0
2026-01-19 09:00,155.28,0
2026-01-19 10:00,155.54,0
2026-01-19 11:00,156.08,0
2026-01-19 12:00,156.91,0
2026-01-19 13:00,157.67,0
2026-01-19 14:00,158.21,0
2026-01-19 15:00,158.46,0
2026-01-19 16:00,158.54,0
2026-01-19 17:00,158.54,0
2026-01-19 18:00,158.54,0
2026-01-19 19:00,158.54,0
2026-01-19 20:00,158.54,0
2026-01-19 21:00,158.54,0
2026-01-19 22:00,158.54,0
2026-01-19 23:00,158.55,0
2026-01-20 00:00,158.55,0
2026-01-20 01:00,158.55,0
2026-01-20 02:00,158.55,0
2026-01-20 03:00,158.55,0
2026-01-20 04:00,158.55,0
2026-01-20 05:00,158.55,0
2026-01-20 06:00,158.55,0
2026-01-20 07:00,158.55,0
2026-01-20 08:00,158.55,0
2026-01-20 09:00,158.55,0
2026-01-20 10:00,158.55,0
2026-01-20 11:00,158.55,0
2026-01-20 12:00,158.55,0
2026-01-20 13:00,158.55,0
2026-01-20 14:00,158.55,0
2026-01-20 15:00,158.7,0
2026-01-20 16:00,158.93,0
2026-01-20 17:00,159.18,0
2026-01-20 18:00,159.52,0
2026-01-20 19:00,160.04,0
2026-01-20 20:00,160.41,0
2026-01-20 21:00,160.85,0
2026-01-20 22:00,161.38,0
2026-01-20 23:00,161.88,0
2026-01-21 00:00,162.22,0
2026-01-21 01:00,162.4,0
2026-01-21 02:00,162.47,0
2026-01-21 03:00,162.74,0
2026-01-21 04:00,163.44,0
2026-01-21 05:00,163.9,0
2026-01-21 06:00,163.97,0
2026-01-21 07:00,164.07,0
2026-01-21 08:00,164.15,0
2026-01-21 09:00,164.2,0
2026-01-21 10:00,164.21,0
2026-01-21 11:00,164.31,0
2026-01-21 12:00,164.35,0
2026-01-21 13:00,164.46,0
2026-01-21 14:00,164.57,0
2026-01-21 15:00,164.64,0
2026-01-21 16:00,164.76,0
2026-01-21 17:00,164.8,0
2026-01-21 18:00,164.84,0
2026-01-21 19:00,164.84,0
2026-01-21 20:00,164.84,0
2026-01-21 21:00,164.85,0
2026-01-21 22:00,164.85,0
2026-01-21 23:00,164.85,0
2026-01-22 00:00,164.86,0
2026-01-22 01:00,164.87,0
2026-01-22 02:00,164.9,0
2026-01-22 03:00,164.91,0
2026-01-22 04:00,164.91,0
2026-01-22 05:00,164.91,0
2026-01-22 06:00,164.91,0
2026-01-22 07:00,164.91,0
2026-01-22 08:00,164.92,0
2026-01-22 09:00,164.92,0
2026-01-22 10:00,164.92,0
2026-01-22 11:00,164.92,0
2026-01-22 12:00,164.92,0
2026-01-22 13:00,164.92,0
2026-01-22 14:00,164.92,0
2026-01-22 15:00,164.92,0
2026-01-22 16:00,164.92,0
2026-01-22 17:00,164.92,0
2026-01-22 18:00,164.92,0
2026-01-22 19:00,164.92,0
2026-01-22 20:00,165.01,0
2026-01-22 21:00,165.17,0
2026-01-22 22:00,165.38,0
2026-01-22 23:00,165.5,0
2026-01-23 00:00,165.54,0
2026-01-23 01:00,165.65,0
2026-01-23 02:00,165.72,0
2026-01-23 03:00,165.87,0
2026-01-23 04:00,165.98,0
2026-01-23 05:00,166.06,0
2026-01-23 06:00,166.11,0
2026-01-23 07:00,166.14,0
2026-01-23 08:00,166.16,0
2026-01-23 09:00,166.17,0
2026-01-23 10:00,166.17,0
2026-01-23 11:00,166.17,0
2026-01-23 12:00,166.17,0
2026-01-23 13:00,166.17,0
2026-01-23 14:00,166.17,0
2026-01-23 15:00,166.17,0
2026-01-23 16:00,166.17,0
2026-01-23 17:00,166.17,0
2026-01-23 18:00,166.17,0
2026-01-23 19:00,166.17,0
2026-01-23 20:00,166.17,0
2026-01-23 21:00,166.17,0
2026-01-23 22:00,166.17,0
2026-01-23 23:00,166.17,0
2026-01-24 00:00,166.18,0
2026-01-24 01:00,166.25,0
2026-01-24 02:00,166.4,0
2026-01-24 03:00,167.08,0
2026-01-24 04:00,168.22,0
2026-01-24 05:00,169.08,0
2026-01-24 06:00,169.62,0
2026-01-24 07:00,170.39,0
2026-01-24 08:00,171.62,0
2026-01-24 09:00,172.83,0
2026-01-24 10:00,174.65,0
2026-01-24 11:00,175.94,0
2026-01-24 12:00,177.25,0
2026-01-24 13:00,179.7,0
2026-01-24 14:00,181.78,0
2026-01-24 15:00,183.65,0
2026-01-24 16:00,184.9,0
2026-01-24 17:00,185.2,0
2026-01-24 18:00,185.38,0
2026-01-24 19:00,185.49,0
2026-01-24 20:00,185.49,0
2026-01-24 21:00,185.49,0
2026-01-24 22:00,185.56,0
2026-01-24 23:00,185.76,0
2026-01-25 00:00,185.82,0
2026-01-25 01:00,185.89,0
2026-01-25 02:00,185.96,0
2026-01-25 03:00,186.74,0
2026-01-25 04:00,187.08,0
2026-01-25 05:00,187.37,0
2026-01-25 06:00,187.84,0
2026-01-25 07:00,188.56,0
2026-01-25 08:00,190.79,0
2026-01-25 09:00,193.25,0
2026-01-25 10:00,195.38,0
2026-01-25 11:00,196.84,0
2026-01-25 12:00,197.81,0
2026-01-25 13:00,198.43,0
2026-01-25 14:00,198.77,0
2026-01-25 15:00,198.94,0
2026-01-25 16:00,199.34,0
2026-01-25 17:00,199.73,0
2026-01-25 18:00,200.16,0
2026-01-25 19:00,200.9,0
2026-01-25 20:00,201.83,0
2026-01-25 21:00,204.02,0
2026-01-25 22:00,207.12,0
2026-01-25 23:00,209.28,0
2026-01-26 00:00,211.02,0
2026-01-26 01:00,211.5,0
2026-01-26 02:00,211.78,0
2026-01-26 03:00,212.11,0
2026-01-26 04:00,212.57,0
2026-01-26 05:00,212.97,0
2026-01-26 06:00,213.99,0
2026-01-26 07:00,214.96,0
2026-01-26 08:00,215.03,0
2026-01-26 09:00,215.04,0
2026-01-26 10:00,215.05,0
2026-01-26 11:00,215.06,0
2026-01-26 12:00,215.07,0
2026-01-26 13:00,215.09,0
2026-01-26 14:00,215.12,0
2026-01-26 15:00,215.15,0
2026-01-26 16:00,215.25,0
2026-01-26 17:00,215.26,0
2026-01-26 18:00,215.26,0
2026-01-26 19:00,215.26,0
2026-01-26 20:00,215.36,0
2026-01-26 21:00,215.44,0
2026-01-26 22:00,215.48,0
2026-01-26 23:00,215.48,0
2026-01-27 00:00,215.48,0
2026-01-27 01:00,215.48,0
2026-01-27 02:00,215.48,0
2026-01-27 03:00,215.48,0
2026-01-27 04:00,215.48,0
2026-01-27 05:00,215.48,0
2026-01-27 06:00,215.48,0
2026-01-27 07:00,215.48,0
2026-01-27 08:00,215.48,0
2026-01-27 09:00,215.48,0
2026-01-27 10:00,215.48,0
2026-01-27 11:00,215.48,0
2026-01-27 12:00,215.48,0
2026-01-27 13:00,215.48,0
2026-01-27 14:00,215.48,0
2026-01-27 15:00,215.48,0
2026-01-27 16:00,215.49,0
2026-01-27 17:00,215.49,0
2026-01-27 18:00,215.49,0
2026-01-27 19:00,215.5,0
2026-01-27 20:00,215.51,0
2026-01-27 21:00,215.52,0
2026-01-27 22:00,215.53,0
2026-01-27 23:00,215.54,0
2026-01-28 00:00,215.55,0
2026-01-28 01:00,215.56,0
2026-01-28 02:00,215.56,0
2026-01-28 03:00,216.18,0
2026-01-28 04:00,216.34,0
2026-01-28 05:00,216.66,0
2026-01-28 06:00,217.13,0
2026-01-28 07:00,218.27,0
2026-01-28 08:00,219.79,0
2026-01-28 09:00,221.84,0
2026-01-28 10:00,224.59,0
2026-01-28 11:00,228.48,0
2026-01-28 12:00,231.29,0
2026-01-28 13:00,233.09,0
2026-01-28 14:00,235.11,0
2026-01-28 15:00,236.83,0
2026-01-28 16:00,238.03,0
2026-01-28 17:00,238.69,0
2026-01-28 18:00,239.37,0
2026-01-28 19:00,239.5,0
2026-01-28 20:00,239.73,0
2026-01-28 21:00,239.89,0
2026-01-28 22:00,240.18,0
2026-01-28 23:00,240.31,0
2026-01-29 00:00,240.5,0
2026-01-29 01:00,240.91,0
2026-01-29 02:00,241.34,0
2026-01-29 03:00,241.84,0
2026-01-29 04:00,242.7,0
2026-01-29 05:00,244.25,0
2026-01-29 06:00,246.01,0
2026-01-29 07:00,247.09,0
2026-01-29 08:00,248.16,0
2026-01-29 09:00,248.82,0
2026-01-29 10:00,249.73,0
2026-01-29 11:00,250.57,0
2026-01-29 12:00,250.66,0
2026-01-29 13:00,250.69,0
2026-01-29 14:00,250.76,0
2026-01-29 15:00,251.26,0
2026-01-29 16:00,251.94,0
2026-01-29 17:00,252.4,0
2026-01-29 18:00,252.79,0
2026-01-29 19:00,253.09,0
2026-01-29 20:00,253.38,0
2026-01-29 21:00,253.43,0
2026-01-29 22:00,253.46,0
2026-01-29 23:00,253.49,0
2026-01-30 00:00,253.51,0
2026-01-30 01:00,253.54,0
2026-01-30 02:00,253.54,0
2026-01-30 03:00,253.55,0
2026-01-30 04:00,253.55,0
2026-01-30 05:00,253.55,0
2026-01-30 06:00,253.56,0
2026-01-30 07:00,253.57,0
2026-01-30 08:00,253.57,0
2026-01-30 09:00,253.57,0
2026-01-30 10:00,253.57,0
2026-01-30 11:00,253.57,0
2026-01-30 12:00,253.59,0
2026-01-30 13:00,253.63,0
2026-01-30 14:00,253.73,0
2026-01-30 15:00,253.97,0
2026-01-30 16:00,254.27,0
2026-01-30 17:00,255.12,0
2026-01-30 18:00,256.2,0
2026-01-30 19:00,257.04,0
2026-01-30 20:00,257.32,0
2026-01-30 21:00,257.91,0
2026-01-30 22:00,258.67,0
2026-01-30 23:00,259.54,0
2026-01-31 00:00,259.81,0
2026-01-31 01:00,259.87,0
2026-01-31 02:00,259.87,0
2026-01-31 03:00,259.89,0
2026-01-31 04:00,259.91,0
2026-01-31 05:00,259.95,0
2026-01-31 06:00,259.99,0
2026-01-31 07:00,260.06,0
2026-01-31 08:00,260.46,0
2026-01-31 09:00,260.63,0
2026-01-31 10:00,260.81,0
2026-01-31 11:00,260.94,0
2026-01-31 12:00,261.05,0
2026-01-31 13:00,261.09,0
2026-01-31 14:00,261.13,0
2026-01-31 15:00,261.17,0
2026-01-31 16:00,261.2,0
2026-01-31 17:00,261.44,0
2026-01-31 18:00,261.45,0
2026-01-31 19:00,261.47,0
2026-01-31 20:00,261.47,0
2026-01-31 21:00,261.47,0
2026-01-31 22:00,261.47,0
2026-01-31 23:00,261.48,0
2026-02-01 00:00,261.48,0
2026-02-01 01:00,261.49,0
2026-02-01 02:00,261.49,0
2026-02-01 03:00,261.5,0
2026-02-01 04:00,261.5,0
2026-02-01 05:00,261.51,0
2026-02-01 06:00,261.51,0
2026-02-01 07:00,261.52,0
2026-02-01 08:00,261.52,0
2026-02-01 09:00,261.52,0
2026-02-01 10:00,261.52,0
2026-02-01 11:00,261.52,0
2026-02-01 12:00,261.52,0
2026-02-01 13:00,261.52,0
2026-02-01 14:00,261.52,0
2026-02-01 15:00,261.52,0
2026-02-01 16:00,261.52,0
2026-02-01 17:00,261.53,0
2026-02-01 18:00,261.53,0
2026-02-01 19:00,261.6,0
2026-02-01 20:00,261.6,0
2026-02-01 21:00,261.6,0
2026-02-01 22:00,261.6,0
2026-02-01 23:00,261.6,0
2026-02-02 00:00,261.6,0
2026-02-02 01:00,261.6,0
2026-02-02 02:00,261.6,0
2026-02-02 03:00,261.6,0
2026-02-02 04:00,261.61,0
2026-02-02 05:00,261.61,0
2026-02-02 06:00,261.61,0
2026-02-02 07:00,261.61,0
2026-02-02 08:00,261.61,0
2026-02-02 09:00,261.61,0
2026-02-02 10:00,261.61,0
2026-02-02 11:00,261.61,0
2026-02-02 12:00,261.61,0
2026-02-02 13:00,261.61,0
2026-02-02 14:00,261.61,0
2026-02-02 15:00,261.61,0
2026-02-02 16:00,261.61,0
2026-02-02 17:00,261.61,0
2026-02-02 18:00,261.61,0
2026-02-02 19:00,261.61,0
2026-02-02 20:00,261.62,0
2026-02-02 21:00,261.62,0
2026-02-02 22:00,261.66,0
2026-02-02 23:00,261.7,0
2026-02-03 00:00,261.71,0
2026-02-03 01:00,261.74,0
2026-02-03 02:00,261.79,0
2026-02-03 03:00,261.8,0
2026-02-03 04:00,261.81,0
2026-02-03 05:00,261.81,0
2026-02-03 06:00,261.81,0
2026-02-03 07:00,261.81,0
2026-02-03 08:00,261.81,0
2026-02-03 09:00,261.81,0
2026-02-03 10:00,261.81,0
2026-02-03 11:00,261.81,0
2026-02-03 12:00,261.81,0
2026-02-03 13:00,261.81,0
2026-02-03 14:00,261.81,0
2026-02-03 15:00,261.81,0
2026-02-03 16:00,261.81,0
2026-02-03 17:00,261.81,0
2026-02-03 18:00,261.81,0
2026-02-03 19:00,261.82,0
2026-02-03 20:00,261.84,0
2026-02-03 21:00,261.86,0
2026-02-03 22:00,261.87,0
2026-02-03 23:00,261.96,0
2026-02-04 00:00,262.05,0
2026-02-04 01:00,262.08,0
2026-02-04 02:00,262.1,0
2026-02-04 03:00,262.11,0
2026-02-04 04:00,262.11,0
2026-02-04 05:00,262.11,0
2026-02-04 06:00,262.11,0
2026-02-04 07:00,262.11,0
2026-02-04 08:00,262.11,0
2026-02-04 09:00,262.11,0
2026-02-04 10:00,262.22,0
2026-02-04 11:00,262.35,0
2026-02-04 12:00,262.93,0
2026-02-04 13:00,264.88,0
2026-02-04 14:00,266.7,0
2026-02-04 15:00,269.56,0
2026-02-04 16:00,274.83,0
2026-02-04 17:00,278.12,0
2026-02-04 18:00,280.27,0
2026-02-04 19:00,282.08,0
2026-02-04 20:00,283.64,0
2026-02-04 21:00,285.65,0
2026-02-04 22:00,288.16,0
2026-02-04 23:00,290.81,0
2026-02-05 00:00,293.45,0
2026-02-05 01:00,295.66,0
2026-02-05 02:00,297.25,0
2026-02-05 03:00,298.51,0
2026-02-05 04:00,299.69,0
2026-02-05 05:00,300.55,0
2026-02-05 06:00,301.08,0
2026-02-05 07:00,301.36,0
2026-02-05 08:00,302.0,0
2026-02-05 09:00,302.28,0
2026-02-05 10:00,302.4,0
2026-02-05 11:00,302.47,0
2026-02-05 12:00,302.67,0
2026-02-05 13:00,303.03,0
2026-02-05 14:00,303.45,0
2026-02-05 15:00,303.66,0
2026-02-05 16:00,303.77,0
2026-02-05 17:00,303.79,0
2026-02-05 18:00,303.79,0
2026-02-05 19:00,303.81,0
2026-02-05 20:00,303.82,0
2026-02-05 21:00,303.86,0
2026-02-05 22:00,303.93,0
2026-02-05 23:00,304.18,0
2026-02-06 00:00,304.94,0
2026-02-06 01:00,305.68,0
2026-02-06 02:00,307.24,0
2026-02-06 03:00,310.07,0
2026-02-06 04:00,315.89,0
2026-02-06 05:00,322.1,0
2026-02-06 06:00,326.24,0
2026-02-06 07:00,329.18,0
2026-02-06 08:00,330.63,0
2026-02-06 09:00,332.37,0
2026-02-06 10:00,334.44,0
2026-02-06 11:00,336.75,0
2026-02-06 12:00,337.3,0
2026-02-06 13:00,337.43,0
2026-02-06 14:00,337.86,0
2026-02-06 15:00,338.18,0
2026-02-06 16:00,338.36,0
2026-02-06 17:00,338.52,0
2026-02-06 18:00,338.67,0
2026-02-06 19:00,338.82,0
2026-02-06 20:00,339.0,0
2026-02-06 21:00,339.16,0
2026-02-06 22:00,339.34,0
2026-02-06 23:00,339.5,0
2026-02-07 00:00,339.68,0
2026-02-07 01:00,339.88,0
2026-02-07 02:00,340.21,0
2026-02-07 03:00,340.63,0
2026-02-07 04:00,340.84,0
2026-02-07 05:00,341.26,0
2026-02-07 06:00,341.48,0
2026-02-07 07:00,341.59,0
2026-02-07 08:00,341.59,0
2026-02-07 09:00,341.64,0
2026-02-07 10:00,341.7,0
2026-02-07 11:00,341.82,0
2026-02-07 12:00,341.87,0
2026-02-07 13:00,341.93,0
2026-02-07 14:00,341.98,0
2026-02-07 15:00,342.21,0
2026-02-07 16:00,343.71,0
2026-02-07 17:00,345.03,0
2026-02-07 18:00,347.13,0
2026-02-07 19:00,348.9,0
2026-02-07 20:00,350.15,0
2026-02-07 21:00,350.54,0
2026-02-07 22:00,350.79,0
2026-02-07 23:00,351.03,0
2026-02-08 00:00,351.17,0
2026-02-08 01:00,351.42,0
2026-02-08 02:00,352.18,0
2026-02-08 03:00,353.37,0
2026-02-08 04:00,354.53,0
2026-02-08 05:00,355.47,0
2026-02-08 06:00,356.0,0
2026-02-08 07:00,356.3,0
2026-02-08 08:00,356.4,0
2026-02-08 09:00,356.47,0
2026-02-08 10:00,356.54,0
2026-02-08 11:00,356.62,0
2026-02-08 12:00,356.78,0
2026-02-08 13:00,356.9,0
2026-02-08 14:00,357.14,0
2026-02-08 15:00,357.35,0
2026-02-08 16:00,357.59,0
2026-02-08 17:00,357.83,0
2026-02-08 18:00,358.11,0
2026-02-08 19:00,358.34,0
2026-02-08 20:00,358.52,0
2026-02-08 21:00,358.77,0
2026-02-08 22:00,359.02,0
2026-02-08 23:00,359.33,0
2026-02-09 00:00,359.77,0
2026-02-09 01:00,360.46,0
2026-02-09 02:00,361.4,0
2026-02-09 03:00,362.41,0
2026-02-09 04:00,363.53,0
2026-02-09 05:00,364.74,0
2026-02-09 06:00,365.95,0
2026-02-09 07:00,366.85,0
2026-02-09 08:00,367.64,0
2026-02-09 09:00,368.04,0
2026-02-09 10:00,368.17,0
2026-02-09 11:00,368.25,0
2026-02-09 12:00,368.37,0
2026-02-09 13:00,368.44,0
2026-02-09 14:00,368.54,0
2026-02-09 15:00,368.59,0
2026-02-09 16:00,368.6,0
2026-02-09 17:00,368.6,0
2026-02-09 18:00,368.61,0
2026-02-09 19:00,368.63,0
2026-02-09 20:00,368.65,0
2026-02-09 21:00,368.67,0
2026-02-09 22:00,368.78,0
2026-02-09 23:00,368.81,0
2026-02-10 00:00,368.85,0
2026-02-10 01:00,368.87,0
2026-02-10 02:00,368.95,0
2026-02-10 03:00,369.07,0
2026-02-10 04:00,369.15,0
2026-02-10 05:00,369.32,0
2026-02-10 06:00,369.54,0
2026-02-10 07:00,369.72,0
2026-02-10 08:00,369.82,0
2026-02-10 09:00,370.0,0
2026-02-10 10:00,370.38,0
2026-02-10 11:00,371.0,0
2026-02-10 12:00,371.77,0
2026-02-10 13:00,372.8,0
2026-02-10 14:00,373.75,0
2026-02-10 15:00,374.15,0
2026-02-10 16:00,374.62,0
2026-02-10 17:00,374.78,0
2026-02-10 18:00,375.02,0
2026-02-10 19:00,375.4,0
2026-02-10 20:00,375.67,0
2026-02-10 21:00,376.03,0
2026-02-10 22:00,376.33,0
2026-02-10 23:00,376.63,0
2026-02-11 00:00,377.02,0
2026-02-11 01:00,377.39,0
2026-02-11 02:00,377.76,0
2026-02-11 03:00,378.19,0
2026-02-11 04:00,378.63,0
2026-02-11 05:00,378.91,0
2026-02-11 06:00,379.06,0
2026-02-11 07:00,379.25,0
2026-02-11 08:00,380.11,0
2026-02-11 09:00,381.2,0
2026-02-11 10:00,382.73,0
2026-02-11 11:00,384.09,0
2026-02-11 12:00,385.48,0
2026-02-11 13:00,386.64,0
2026-02-11 14:00,388.07,0
2026-02-11 15:00,388.56,0
2026-02-11 16:00,388.94,0
2026-02-11 17:00,389.39,0
2026-02-11 18:00,389.63,0
2026-02-11 19:00,389.73,0
2026-02-11 20:00,389.79,0
2026-02-11 21:00,389.82,0
2026-02-11 22:00,389.87,0
2026-02-11 23:00,389.9,0
2026-02-12 00:00,389.93,0
2026-02-12 01:00,389.96,0
2026-02-12 02:00,390.02,0
2026-02-12 03:00,390.13,0
2026-02-12 04:00,390.25,0
2026-02-12 05:00,390.38,0
2026-02-12 06:00,390.52,0
2026-02-12 07:00,390.65,0
2026-02-12 08:00,391.71,0
2026-02-12 09:00,392.52,0
2026-02-12 10:00,393.3,0
2026-02-12 11:00,394.94,0
2026-02-12 12:00,397.56,0
2026-02-12 13:00,399.19,0
2026-02-12 14:00,399.58,0
2026-02-12 15:00,400.41,0
2026-02-12 16:00,401.98,0
2026-02-12 17:00,404.25,0
2026-02-12 18:00,405.03,0
2026-02-12 19:00,405.2,0
2026-02-12 20:00,405.21,0
2026-02-12 21:00,405.27,0
2026-02-12 22:00,405.41,0
2026-02-12 23:00,405.56,0
2026-02-13 00:00,405.65,0
2026-02-13 01:00,405.71,0
2026-02-13 02:00,405.76,0
2026-02-13 03:00,405.81,0
2026-02-13 04:00,405.82,0
2026-02-13 05:00,405.83,0
2026-02-13 06:00,405.87,0
2026-02-13 07:00,405.96,0
2026-02-13 08:00,405.97,0
2026-02-13 09:00,405.98,0
2026-02-13 10:00,405.98,0
2026-02-13 11:00,405.98,0
2026-02-13 12:00,405.98,0
2026-02-13 13:00,405.98,0
2026-02-13 14:00,405.98,0
2026-02-13 15:00,405.98,0
2026-02-13 16:00,405.98,0
2026-02-13 17:00,405.98,0
2026-02-13 18:00,405.98,0
2026-02-13 19:00,405.98,0
2026-02-13 20:00,405.98,0
2026-02-13 21:00,406.03,0
2026-02-13 22:00,406.18,0
2026-02-13 23:00,406.3,0
2026-02-14 00:00,406.35,0
2026-02-14 01:00,406.39,0
2026-02-14 02:00,406.64,0
2026-02-14 03:00,407.01,0
2026-02-14 04:00,407.31,0
2026-02-14 05:00,407.88,0
2026-02-14 06:00,408.91,0
2026-02-14 07:00,409.6,0
2026-02-14 08:00,409.83,0
2026-02-14 09:00,410.04,0
2026-02-14 10:00,410.22,0
2026-02-14 11:00,410.36,0
2026-02-14 12:00,410.52,0
2026-02-14 13:00,410.94,0
2026-02-14 14:00,412.07,0
2026-02-14 15:00,412.99,0
2026-02-14 16:00,413.8,0
2026-02-14 17:00,414.34,0
2026-02-14 18:00,414.64,0
2026-02-14 19:00,414.9,0
2026-02-14 20:00,414.99,0
2026-02-14 21:00,415.21,0
2026-02-14 22:00,416.06,0
2026-02-14 23:00,417.7,0
2026-02-15 00:00,418.78,0
2026-02-15 01:00,419.55,0
2026-02-15 02:00,420.66,0
2026-02-15 03:00,421.84,0
2026-02-15 04:00,422.44,0
2026-02-15 05:00,422.63,0
2026-02-15 06:00,422.71,0
2026-02-15 07:00,422.74,0
2026-02-15 08:00,423.73,0
2026-02-15 09:00,424.85,0
2026-02-15 10:00,425.42,0
2026-02-15 11:00,425.65,0
2026-02-15 12:00,425.92,0
2026-02-15 13:00,426.05,0
2026-02-15 14:00,426.07,0
2026-02-15 15:00,426.09,0
2026-02-15 16:00,426.09,0
2026-02-15 17:00,426.09,0
2026-02-15 18:00,426.09,0
2026-02-15 19:00,426.09,0
2026-02-15 20:00,426.09,0
2026-02-15 21:00,426.09,0
2026-02-15 22:00,426.09,0
2026-02-15 23:00,426.09,0
2026-02-16 00:00,426.09,0
2026-02-16 01:00,426.09,0
2026-02-16 02:00,426.09,0
2026-02-16 03:00,426.09,0
2026-02-16 04:00,426.09,0
2026-02-16 05:00,426.09,0
2026-02-16 06:00,426.09,0
2026-02-16 07:00,426.1,0
2026-02-16 08:00,426.1,0
2026-02-16 09:00,426.1,0
2026-02-16 10:00,426.1,0
2026-02-16 11:00,426.1,0
2026-02-16 12:00,426.13,0
2026-02-16 13:00,426.26,0
2026-02-16 14:00,426.5,0
2026-02-16 15:00,426.8,0
2026-02-16 16:00,427.16,0
2026-02-16 17:00,427.56,0
2026-02-16 18:00,428.11,0
2026-02-16 19:00,429.76,0
2026-02-16 20:00,432.43,0
2026-02-16 21:00,435.81,0
2026-02-16 22:00,438.92,0
2026-02-16 23:00,442.4,0
2026-02-17 00:00,444.24,0
2026-02-17 01:00,444.58,0
2026-02-17 02:00,444.65,0
2026-02-17 03:00,444.94,0
2026-02-17 04:00,445.07,0
2026-02-17 05:00,445.1,0
2026-02-17 06:00,445.13,0
2026-02-17 07:00,445.17,0
2026-02-17 08:00,445.17,0
2026-02-17 09:00,445.17,0
2026-02-17 10:00,445.19,0
2026-02-17 11:00,445.41,0
2026-02-17 12:00,445.55,0
2026-02-17 13:00,445.56,0
2026-02-17 14:00,445.56,0
2026-02-17 15:00,445.56,0
2026-02-17 16:00,445.58,0
2026-02-17 17:00,445.82,0
2026-02-17 18:00,445.82,0
2026-02-17 19:00,445.82,0
2026-02-17 20:00,445.82,0
2026-02-17 21:00,445.82,0
2026-02-17 22:00,445.82,0
2026-02-17 23:00,445.82,0
2026-02-18 00:00,445.82,0
2026-02-18 01:00,445.82,0
2026-02-18 02:00,445.82,0
2026-02-18 03:00,445.82,0
2026-02-18 04:00,445.82,0
2026-02-18 05:00,445.82,0
2026-02-18 06:00,445.82,0
2026-02-18 07:00,445.82,0
2026-02-18 08:00,445.82,0
2026-02-18 09:00,445.82,0
2026-02-18 10:00,445.82,0
2026-02-18 11:00,445.82,0
2026-02-18 12:00,445.82,0
2026-02-18 13:00,445.82,0
2026-02-18 14:00,445.82,0
2026-02-18 15:00,445.82,0
2026-02-18 16:00,445.82,0
2026-02-18 17:00,445.82,0
2026-02-18 18:00,445.82,0
2026-02-18 19:00,445.84,0
2026-02-18 20:00,445.92,0
2026-02-18 21:00,446.0,0
2026-02-18 22:00,446.1,0
2026-02-18 23:00,446.18,0
2026-02-19 00:00,446.22,0
2026-02-19 01:00,446.26,0
2026-02-19 02:00,446.28,0
2026-02-19 03:00,446.32,0
2026-02-19 04:00,446.37,0
2026-02-19 05:00,446.51,0
2026-02-19 06:00,446.74,0
2026-02-19 07:00,446.97,0
2026-02-19 08:00,447.14,0
2026-02-19 09:00,447.22,0
2026-02-19 10:00,447.24,0
2026-02-19 11:00,447.26,0
2026-02-19 12:00,447.32,0
2026-02-19 13:00,447.35,0
2026-02-19 14:00,447.38,0
2026-02-19 15:00,447.52,0
2026-02-19 16:00,448.17,0
2026-02-19 17:00,452.05,0
2026-02-19 18:00,456.85,0
2026-02-19 19:00,460.63,0
2026-02-19 20:00,464.53,0
2026-02-19 21:00,466.65,0
2026-02-19 22:00,467.41,0
2026-02-19 23:00,467.77,0
2026-02-20 00:00,469.0,0
2026-02-20 01:00,470.3,0
2026-02-20 02:00,470.9,0
2026-02-20 03:00,471.06,0
2026-02-20 04:00,471.12,0
2026-02-20 05:00,471.16,0
2026-02-20 06:00,471.23,0
2026-02-20 07:00,471.28,0
2026-02-20 08:00,471.38,0
2026-02-20 09:00,471.44,0
2026-02-20 10:00,471.46,0
2026-02-20 11:00,471.52,0
2026-02-20 12:00,471.65,0
2026-02-20 13:00,471.67,0
2026-02-20 14:00,471.69,0
2026-02-20 15:00,471.73,0
2026-02-20 16:00,471.74,0
2026-02-20 17:00,472.48,0
2026-02-20 18:00,473.17,0
2026-02-20 19:00,473.87,0
2026-02-20 20:00,473.93,0
2026-02-20 21:00,473.95,0
2026-02-20 22:00,473.98,0
2026-02-20 23:00,474.01,0
2026-02-21 00:00,474.01,0
2026-02-21 01:00,474.01,0
2026-02-21 02:00,474.02,0
2026-02-21 03:00,474.02,0
2026-02-21 04:00,474.02,0
2026-02-21 05:00,474.02,0
2026-02-21 06:00,474.02,0
2026-02-21 07:00,474.02,0
2026-02-21 08:00,474.02,0
2026-02-21 09:00,474.02,0
2026-02-21 10:00,474.02,0
2026-02-21 11:00,474.02,0
2026-02-21 12:00,474.02,0
2026-02-21 13:00,474.02,0
2026-02-21 14:00,474.02,0
2026-02-21 15:00,474.02,0
2026-02-21 16:00,474.02,0
2026-02-21 17:00,474.02,0
2026-02-21 18:00,474.02,0
2026-02-21 19:00,474.02,0
2026-02-21 20:00,474.02,0
2026-02-21 21:00,474.02,0
2026-02-21 22:00,474.02,0
2026-02-21 23:00,474.02,0
2026-02-22 00:00,474.02,0
2026-02-22 01:00,474.02,0
2026-02-22 02:00,474.02,0
2026-02-22 03:00,474.02,0
2026-02-22 04:00,474.02,0
2026-02-22 05:00,474.02,0
2026-02-22 06:00,474.02,0
2026-02-22 07:00,474.02,0
2026-02-22 08:00,474.02,0
2026-02-22 09:00,474.02,0
2026-02-22 10:00,474.02,0
2026-02-22 11:00,474.02,0
2026-02-22 12:00,474.02,0
2026-02-22 13:00,474.02,0
2026-02-22 14:00,474.02,0
2026-02-22 15:00,474.02,0
2026-02-22 16:00,474.02,0
2026-02-22 17:00,474.02,0
2026-02-22 18:00,474.02,0
2026-02-22 19:00,474.02,0
2026-02-22 20:00,474.02,0
2026-02-22 21:00,474.02,0
2026-02-22 22:00,474.02,0
2026-02-22 23:00,474.02,0
2026-02-23 00:00,474.02,0
2026-02-23 01:00,474.02,0
2026-02-23 02:00,474.02,0
2026-02-23 03:00,474.02,0
2026-02-23 04:00,474.02,0
2026-02-23 05:00,474.02,0
2026-02-23 06:00,474.02,0
2026-02-23 07:00,474.02,0
2026-02-23 08:00,474.02,0
2026-02-23 09:00,474.03,0
2026-02-23 10:00,474.04,0
2026-02-23 11:00,474.06,0
2026-02-23 12:00,474.08,0
2026-02-23 13:00,474.1,0
2026-02-23 14:00,474.11,0
2026-02-23 15:00,474.12,0
2026-02-23 16:00,474.14,0
2026-02-23 17:00,474.16,0
2026-02-23 18:00,474.18,0
2026-02-23 19:00,474.23,0
2026-02-23 20:00,474.27,0
2026-02-23 21:00,474.29,0
2026-02-23 22:00,474.29,0
2026-02-23 23:00,474.34,0
2026-02-24 00:00,474.4,0
2026-02-24 01:00,474.45,0
2026-02-24 02:00,474.48,0
2026-02-24 03:00,474.52,0
2026-02-24 04:00,474.6,0
2026-02-24 05:00,474.67,0
2026-02-24 06:00,474.72,0
2026-02-24 07:00,474.75,0
2026-02-24 08:00,474.76,0
2026-02-24 09:00,474.79,0
2026-02-24 10:00,474.82,0
2026-02-24 11:00,474.84,0
2026-02-24 12:00,474.84,0
2026-02-24 13:00,474.84,0
2026-02-24 14:00,474.84,0
2026-02-24 15:00,474.84,0
2026-02-24 16:00,474.84,0
2026-02-24 17:00,474.84,0
2026-02-24 18:00,474.85,0
2026-02-24 19:00,474.85,0
2026-02-24 20:00,474.85,0
2026-02-24 21:00,474.85,0
2026-02-24 22:00,474.85,0
2026-02-24 23:00,474.85,0
2026-02-25 00:00,474.85,0
2026-02-25 01:00,474.85,0
2026-02-25 02:00,474.85,0
2026-02-25 03:00,474.85,0
2026-02-25 04:00,474.85,0
2026-02-25 05:00,474.85,0
2026-02-25 06:00,474.85,0
2026-02-25 07:00,474.85,0
2026-02-25 08:00,474.85,0
2026-02-25 09:00,474.85,0
2026-02-25 10:00,474.85,0
2026-02-25 11:00,474.85,0
2026-02-25 12:00,474.85,0
2026-02-25 13:00,474.85,0
2026-02-25 14:00,474.85,0
2026-02-25 15:00,474.85,0
2026-02-25 16:00,474.85,0
2026-02-25 17:00,474.85,0
2026-02-25 18:00,474.85,0
2026-02-25 19:00,474.85,0
2026-02-25 20:00,474.85,0
2026-02-25 21:00,474.85,0
2026-02-25 22:00,474.85,0
2026-02-25 23:00,474.85,0
2026-02-26 00:00,474.85,0
2026-02-26 01:00,474.85,0
2026-02-26 02:00,474.85,0
2026-02-26 03:00,474.85,0
2026-02-26 04:00,474.85,0
2026-02-26 05:00,474.85,0
2026-02-26 06:00,474.85,0
2026-02-26 07:00,474.85,0
2026-02-26 08:00,474.85,0
2026-02-26 09:00,474.85,0
2026-02-26 10:00,474.85,0
2026-02-26 11:00,474.85,0
2026-02-26 12:00,474.85,0
2026-02-26 13:00,474.85,0
2026-02-26 14:00,474.85,0
2026-02-26 15:00,474.85,0
2026-02-26 16:00,474.85,0
2026-02-26 17:00,474.85,0
2026-02-26 18:00,474.85,0
2026-02-26 19:00,474.85,0
2026-02-26 20:00,474.85,0
2026-02-26 21:00,474.85,0
2026-02-26 22:00,474.85,0
2026-02-26 23:00,474.85,0
2026-02-27 00:00,474.85,0
2026-02-27 01:00,474.85,0
2026-02-27 02:00,474.85,0
2026-02-27 03:00,474.86,0
2026-02-27 04:00,474.87,0
2026-02-27 05:00,474.89,0
2026-02-27 06:00,474.9,0
2026-02-27 07:00,474.93,0
2026-02-27 08:00,474.94,0
2026-02-27 09:00,474.94,0
2026-02-27 10:00,474.94,0
2026-02-27 11:00,474.94,0
2026-02-27 12:00,474.94,0
2026-02-27 13:00,474.95,0
2026-02-27 14:00,474.95,0
2026-02-27 15:00,474.95,0
2026-02-27 16:00,474.95,0
2026-02-27 17:00,474.95,0
2026-02-27 18:00,474.95,0
2026-02-27 19:00,474.95,0
2026-02-27 20:00,474.95,0
2026-02-27 21:00,474.95,0
2026-02-27 22:00,474.95,0
2026-02-27 23:00,474.95,0
2026-02-28 00:00,474.95,0
2026-02-28 01:00,474.95,0
2026-02-28 02:00,474.95,0
2026-02-28 03:00,474.95,0
2026-02-28 04:00,474.96,0
2026-02-28 05:00,474.97,0
2026-02-28 06:00,474.98,0
2026-02-28 07:00,474.99,0
2026-02-28 08:00,474.99,0
2026-02-28 09:00,475.0,0
2026-02-28 10:00,475.0,0
2026-02-28 11:00,475.0,0
2026-02-28 12:00,475.0,0
2026-02-28 13:00,475.0,0
2026-02-28 14:00,475.0,0
2026-02-28 15:00,475.0,0
2026-02-28 16:00,475.0,0
2026-02-28 17:00,475.0,0
2026-02-28 18:00,475.0,0
2026-02-28 19:00,475.0,0
2026-02-28 20:00,475.0,0
2026-02-28 21:00,475.0,0
2026-02-28 22:00,475.0,0
2026-02-28 23:00,475.0,0
2026-03-01 00:00,475.0,0
2026-03-01 01:00,475.0,0
2026-03-01 02:00,475.0,0
2026-03-01 03:00,475.0,0
2026-03-01 04:00,475.0,0
2026-03-01 05:00,475.0,0
2026-03-01 06:00,475.0,0
2026-03-01 07:00,475.0,0
2026-03-01 08:00,475.01,0
2026-03-01 09:00,475.01,0
2026-03-01 10:00,475.01,0
2026-03-01 11:00,475.01,0
2026-03-01 12:00,475.01,0
2026-03-01 13:00,475.01,0
2026-03-01 14:00,475.01,0
2026-03-01 15:00,475.01,0
2026-03-01 16:00,475.01,0
2026-03-01 17:00,475.01,0
2026-03-01 18:00,475.01,0
2026-03-01 19:00,475.01,0
2026-03-01 20:00,475.01,0
2026-03-01 21:00,475.01,0
2026-03-01 22:00,475.01,0
2026-03-01 23:00,475.01,0
2026-03-02 00:00,475.01,0
2026-03-02 01:00,475.01,0
2026-03-02 02:00,475.02,0
2026-03-02 03:00,475.02,0
2026-03-02 04:00,475.02,0
2026-03-02 05:00,475.02,0
2026-03-02 06:00,475.02,0
2026-03-02 07:00,475.02,0
2026-03-02 08:00,475.03,0
2026-03-02 09:00,475.03,0
2026-03-02 10:00,475.03,0
2026-03-02 11:00,475.03,0
2026-03-02 12:00,475.03,0
2026-03-02 13:00,475.03,0
2026-03-02 14:00,475.03,0
2026-03-02 15:00,475.03,0
2026-03-02 16:00,475.03,0
2026-03-02 17:00,475.03,0
2026-03-02 18:00,475.03,0
2026-03-02 19:00,475.03,0
2026-03-02 20:00,475.03,0
2026-03-02 21:00,475.03,0
2026-03-02 22:00,475.03,0
2026-03-02 23:00,475.03,0
2026-03-03 00:00,475.03,0
2026-03-03 01:00,475.03,0
2026-03-03 02:00,475.03,0
2026-03-03 03:00,475.03,0
2026-03-03 04:00,475.03,0
2026-03-03 05:00,475.03,0
2026-03-03 06:00,475.03,0
2026-03-03 07:00,475.03,0
2026-03-03 08:00,475.03,0
2026-03-03 09:00,475.03,0
2026-03-03 10:00,475.03,0
2026-03-03 11:00,475.03,0
2026-03-03 12:00,475.03,0
2026-03-03 13:00,475.03,0
2026-03-03 14:00,475.05,0
2026-03-03 15:00,475.05,0
2026-03-03 16:00,475.05,0
2026-03-03 17:00,475.05,0
2026-03-03 18:00,475.05,0
2026-03-03 19:00,475.05,0
2026-03-03 20:00,475.05,0
2026-03-03 21:00,475.05,0
2026-03-03 22:00,475.05,0
2026-03-03 23:00,475.05,0
2026-03-04 00:00,475.05,0
2026-03-04 01:00,475.05,0
2026-03-04 02:00,475.05,0
2026-03-04 03:00,475.05,0
2026-03-04 04:00,475.05,0
2026-03-04 05:00,475.05,0
2026-03-04 06:00,475.05,0
2026-03-04 07:00,475.05,0
2026-03-04 08:00,475.05,0
2026-03-04 09:00,475.05,0
2026-03-04 10:00,475.05,0
2026-03-04 11:00,475.05,0
2026-03-04 12:00,475.05,0
2026-03-04 13:00,475.05,0
2026-03-04 14:00,475.05,0
2026-03-04 15:00,475.05,0
2026-03-04 16:00,475.4,0
2026-03-04 17:00,475.4,0
2026-03-04 18:00,475.4,0
2026-03-04 19:00,475.4,0
2026-03-04 20:00,475.5,0
2026-03-04 21:00,475.5,0
2026-03-04 22:00,475.5,0
2026-03-04 23:00,475.5,0
2026-03-05 00:00,475.5,0
2026-03-05 01:00,475.5,0
2026-03-05 02:00,475.5,0
2026-03-05 03:00,475.5,0
2026-03-05 04:00,475.51,0
2026-03-05 05:00,475.51,0
2026-03-05 06:00,475.51,0
2026-03-05 07:00,475.51,0
2026-03-05 08:00,475.51,0
2026-03-05 09:00,475.51,0
2026-03-05 10:00,475.51,0
2026-03-05 11:00,475.51,0
2026-03-05 12:00,475.51,0
2026-03-05 13:00,475.51,0
2026-03-05 14:00,475.51,0
2026-03-05 15:00,475.51,0
2026-03-05 16:00,475.51,0
2026-03-05 17:00,475.51,0
2026-03-05 18:00,475.51,0
2026-03-05 19:00,475.51,0
2026-03-05 20:00,475.51,0
2026-03-05 21:00,475.51,0
2026-03-05 22:00,475.51,0
2026-03-05 23:00,475.51,0
2026-03-06 00:00,475.51,0
2026-03-06 01:00,475.51,0
2026-03-06 02:00,475.51,0
2026-03-06 03:00,475.51,0
2026-03-06 04:00,475.51,0
2026-03-06 05:00,475.51,0
2026-03-06 06:00,475.51,0
2026-03-06 07:00,475.51,0
2026-03-06 08:00,475.51,0
2026-03-06 09:00,475.51,0
2026-03-06 10:00,475.51,0
2026-03-06 11:00,475.51,0
2026-03-06 12:00,475.51,0
2026-03-06 13:00,475.51,0
2026-03-06 14:00,475.51,0
2026-03-06 15:00,475.51,0
2026-03-06 16:00,475.51,0
2026-03-06 17:00,475.51,0
2026-03-06 18:00,475.51,0
2026-03-06 19:00,475.51,0
2026-03-06 20:00,475.51,0
2026-03-06 21:00,475.51,0
2026-03-06 22:00,475.51,0
2026-03-06 23:00,475.51,0
2026-03-07 00:00,475.51,0
2026-03-07 01:00,475.51,0
2026-03-07 02:00,475.51,0
2026-03-07 03:00,475.52,0
2026-03-07 04:00,475.63,0
2026-03-07 05:00,475.74,0
2026-03-07 06:00,475.77,0
2026-03-07 07:00,475.77,0
2026-03-07 08:00,475.78,0
2026-03-07 09:00,475.78,0
2026-03-07 10:00,475.78,0
2026-03-07 11:00,475.78,0
2026-03-07 12:00,475.85,0
2026-03-07 13:00,475.91,0
2026-03-07 14:00,475.91,0
2026-03-07 15:00,475.99,0
2026-03-07 16:00,475.99,0
2026-03-07 17:00,476.03,0
2026-03-07 18:00,476.03,0
2026-03-07 19:00,476.03,0
2026-03-07 20:00,476.03,0
2026-03-07 21:00,476.03,0
2026-03-07 22:00,476.03,0
2026-03-07 23:00,476.03,0
2026-03-08 00:00,476.03,0
2026-03-08 01:00,476.03,0
2026-03-08 02:00,476.03,0
2026-03-08 03:00,476.03,0
2026-03-08 04:00,476.03,0
2026-03-08 05:00,476.03,0
2026-03-08 06:00,476.03,0
2026-03-08 07:00,476.03,0
2026-03-08 08:00,476.03,0
2026-03-08 09:00,476.03,0
2026-03-08 10:00,476.03,0
2026-03-08 11:00,476.03,0
2026-03-08 12:00,476.05,0
2026-03-08 13:00,476.08,0
2026-03-08 14:00,476.13,0
2026-03-08 15:00,476.21,0
2026-03-08 16:00,476.53,0
2026-03-08 17:00,478.1,0
2026-03-08 18:00,478.24,0
2026-03-08 19:00,478.25,0
2026-03-08 20:00,478.25,0
2026-03-08 21:00,478.25,0
2026-03-08 22:00,478.25,0
2026-03-08 23:00,478.25,0
2026-03-09 00:00,478.25,0
2026-03-09 01:00,478.25,0
2026-03-09 02:00,478.25,0
2026-03-09 03:00,478.25,0
2026-03-09 04:00,478.25,0
2026-03-09 05:00,478.26,0
2026-03-09 06:00,478.26,0
2026-03-09 07:00,478.26,0
2026-03-09 08:00,478.26,0
2026-03-09 09:00,478.26,0
2026-03-09 10:00,478.26,0
2026-03-09 11:00,478.26,0
2026-03-09 12:00,478.26,0
2026-03-09 13:00,478.27,0
2026-03-09 14:00,478.3,0
2026-03-09 15:00,478.32,0
2026-03-09 16:00,478.32,0
2026-03-09 17:00,478.32,0
2026-03-09 18:00,478.33,0
2026-03-09 19:00,478.33,0
2026-03-09 20:00,478.33,0
2026-03-09 21:00,478.33,0
2026-03-09 22:00,478.33,0
2026-03-09 23:00,478.33,0
2026-03-10 00:00,478.35,0
2026-03-10 01:00,478.35,0
2026-03-10 02:00,478.35,0
2026-03-10 03:00,478.35,0
2026-03-10 04:00,478.35,0
2026-03-10 05:00,478.35,0
2026-03-10 06:00,478.35,0
2026-03-10 07:00,478.35,0
2026-03-10 08:00,478.35,0
2026-03-10 09:00,478.35,0
2026-03-10 10:00,478.36,0
2026-03-10 11:00,478.38,0
2026-03-10 12:00,478.41,0
2026-03-10 13:00,478.43,0
2026-03-10 14:00,478.45,0
2026-03-10 15:00,478.46,0
2026-03-10 16:00,478.46,0
2026-03-10 17:00,478.47,0
2026-03-10 18:00,478.79,0
2026-03-10 19:00,478.79,0
2026-03-10 20:00,478.79,0
2026-03-10 21:00,478.79,0
2026-03-10 22:00,478.79,0
2026-03-10 23:00,478.79,0
2026-03-11 00:00,478.79,0
2026-03-11 01:00,478.79,0
2026-03-11 02:00,478.79,0
2026-03-11 03:00,478.79,0
2026-03-11 04:00,478.79,0
2026-03-11 05:00,478.79,0
2026-03-11 06:00,478.79,0
2026-03-11 07:00,478.79,0
2026-03-11 08:00,478.79,0
2026-03-11 09:00,478.79,0
2026-03-11 10:00,478.79,0
2026-03-11 11:00,478.8,0
2026-03-11 12:00,478.83,0
2026-03-11 13:00,478.84,0
2026-03-11 14:00,478.86,0
2026-03-11 15:00,478.88,0
2026-03-11 16:00,478.9,0
2026-03-11 17:00,478.94,0
2026-03-11 18:00,478.94,0
2026-03-11 19:00,478.94,0
2026-03-11 20:00,478.94,0
2026-03-11 21:00,478.94,0
2026-03-11 22:00,478.94,0
2026-03-11 23:00,478.94,0
2026-03-12 00:00,478.94,0
2026-03-12 01:00,478.94,0
2026-03-12 02:00,478.95,0
2026-03-12 03:00,478.96,0
2026-03-12 04:00,479.01,0
2026-03-12 05:00,479.04,0
2026-03-12 06:00,479.06,0
2026-03-12 07:00,479.06,0
2026-03-12 08:00,479.07,0
2026-03-12 09:00,479.07,0
2026-03-12 10:00,479.07,0
2026-03-12 11:00,479.08,0
2026-03-12 12:00,479.08,0
2026-03-12 13:00,479.09,0
2026-03-12 14:00,479.11,0
2026-03-12 15:00,479.45,0
2026-03-12 16:00,479.47,0
2026-03-12 17:00,479.48,0
2026-03-12 18:00,479.48,0
2026-03-12 19:00,479.48,0
2026-03-12 20:00,479.48,0
2026-03-12 21:00,479.49,0
2026-03-12 22:00,479.49,0
2026-03-12 23:00,479.49,0
2026-03-13 00:00,479.49,0
2026-03-13 01:00,479.49,0
2026-03-13 02:00,479.49,0
2026-03-13 03:00,479.5,0
2026-03-13 04:00,479.5,0
2026-03-13 05:00,479.52,0
2026-03-13 06:00,479.54,0
2026-03-13 07:00,479.56,0
2026-03-13 08:00,479.56,0
2026-03-13 09:00,479.56,0
2026-03-13 10:00,479.56,0
2026-03-13 11:00,479.56,0
2026-03-13 12:00,479.56,0
2026-03-13 13:00,479.56,0
2026-03-13 14:00,479.59,0
2026-03-13 15:00,480.14,0
2026-03-13 16:00,480.15,0
2026-03-13 17:00,480.15,0
2026-03-13 18:00,480.15,0
2026-03-13 19:00,480.15,0
2026-03-13 20:00,480.15,0
2026-03-13 21:00,480.15,0
2026-03-13 22:00,480.15,0
2026-03-13 23:00,480.15,0
2026-03-14 00:00,480.15,0
2026-03-14 01:00,480.15,0
2026-03-14 02:00,480.15,0
2026-03-14 03:00,480.15,0
2026-03-14 04:00,480.15,0
2026-03-14 05:00,480.16,0
2026-03-14 06:00,480.16,0
2026-03-14 07:00,480.16,0
2026-03-14 08:00,480.17,0
2026-03-14 09:00,480.17,0
2026-03-14 10:00,480.18,0
2026-03-14 11:00,480.23,0
2026-03-14 12:00,480.31,0
2026-03-14 13:00,480.44,0
2026-03-14 14:00,480.8,0
2026-03-14 15:00,481.25,0
2026-03-14 16:00,481.59,0
2026-03-14 17:00,482.05,0
2026-03-14 18:00,482.24,0
2026-03-14 19:00,482.36,0
2026-03-14 20:00,482.46,0
2026-03-14 21:00,482.54,0
2026-03-14 22:00,482.59,0
2026-03-14 23:00,482.63,0
2026-03-15 00:00,482.68,0
2026-03-15 01:00,482.73,0
2026-03-15 02:00,482.75,0
2026-03-15 03:00,482.78,0
2026-03-15 04:00,482.8,0
2026-03-15 05:00,482.82,0
2026-03-15 06:00,482.84,0
2026-03-15 07:00,482.86,0
2026-03-15 08:00,482.87,0
2026-03-15 09:00,482.87,0
2026-03-15 10:00,482.87,0
2026-03-15 11:00,482.89,0
2026-03-15 12:00,482.95,0
2026-03-15 13:00,482.95,0
2026-03-15 14:00,482.96,0
2026-03-15 15:00,482.98,0
2026-03-15 16:00,482.98,0
2026-03-15 17:00,482.98,0
2026-03-15 18:00,482.98,0
2026-03-15 19:00,482.98,0
2026-03-15 20:00,482.98,0
2026-03-15 21:00,482.98,0
2026-03-15 22:00,482.98,0
2026-03-15 23:00,482.98,0
2026-03-16 00:00,482.98,0
2026-03-16 01:00,482.98,0
2026-03-16 02:00,482.98,0
2026-03-16 03:00,483.01,0
2026-03-16 04:00,483.15,0
2026-03-16 05:00,483.2,0
2026-03-16 06:00,483.38,0
2026-03-16 07:00,483.43,0
2026-03-16 08:00,483.84,0
2026-03-16 09:00,483.88,0
2026-03-16 10:00,483.9,0
2026-03-16 11:00,483.92,0
2026-03-16 12:00,483.95,0
2026-03-16 13:00,483.96,0
2026-03-16 14:00,483.98,0
2026-03-16 15:00,484.01,0
2026-03-16 16:00,484.01,0
2026-03-16 17:00,484.01,0
2026-03-16 18:00,484.02,0
2026-03-16 19:00,484.02,0
2026-03-16 20:00,484.02,0
2026-03-16 21:00,484.02,0
2026-03-16 22:00,484.02,0
2026-03-16 23:00,484.04,0
2026-03-17 00:00,484.22,0
2026-03-17 01:00,484.52,0
2026-03-17 02:00,485.03,0
2026-03-17 03:00,485.62,0
2026-03-17 04:00,486.36,0
2026-03-17 05:00,487.29,0
2026-03-17 06:00,488.44,0
2026-03-17 07:00,489.7,0
2026-03-17 08:00,490.45,0
2026-03-17 09:00,491.28,0
2026-03-17 10:00,492.23,0
2026-03-17 11:00,493.2,0
2026-03-17 12:00,493.71,0
2026-03-17 13:00,493.98,0
2026-03-17 14:00,494.07,0
2026-03-17 15:00,494.09,0
2026-03-17 16:00,494.1,0
2026-03-17 17:00,494.1,0
2026-03-17 18:00,494.1,0
2026-03-17 19:00,494.1,0
2026-03-17 20:00,494.3,0
2026-03-17 21:00,494.53,0
2026-03-17 22:00,494.6,0
2026-03-17 23:00,494.62,0
2026-03-18 00:00,494.62,0
2026-03-18 01:00,494.62,0
2026-03-18 02:00,494.62,0
2026-03-18 03:00,494.62,0
2026-03-18 04:00,494.62,0
2026-03-18 05:00,494.62,0
2026-03-18 06:00,494.62,0
2026-03-18 07:00,494.62,0
2026-03-18 08:00,494.64,0
2026-03-18 09:00,494.72,0
2026-03-18 10:00,494.81,0
2026-03-18 11:00,494.86,0
2026-03-18 12:00,494.9,0
2026-03-18 13:00,494.95,0
2026-03-18 14:00,495.05,0
2026-03-18 15:00,495.4,0
2026-03-18 16:00,496.25,0
2026-03-18 17:00,496.59,0
2026-03-18 18:00,497.22,0
2026-03-18 19:00,497.42,0
2026-03-18 20:00,497.47,0
2026-03-18 21:00,497.48,0
2026-03-18 22:00,497.48,0
2026-03-18 23:00,497.48,0
2026-03-19 00:00,497.48,0
2026-03-19 01:00,497.48,0
2026-03-19 02:00,497.49,0
2026-03-19 03:00,497.49,0
2026-03-19 04:00,497.5,0
2026-03-19 05:00,497.5,0
2026-03-19 06:00,497.5,0
2026-03-19 07:00,497.51,0
2026-03-19 08:00,497.56,0
2026-03-19 09:00,497.59,0
2026-03-19 10:00,497.64,0
2026-03-19 11:00,497.68,0
2026-03-19 12:00,497.83,0
2026-03-19 13:00,497.88,0
2026-03-19 14:00,497.97,0
2026-03-19 15:00,498.01,0
2026-03-19 16:00,498.02,0
2026-03-19 17:00,498.03,0
2026-03-19 18:00,498.03,0
2026-03-19 19:00,498.03,0
2026-03-19 20:00,498.03,0
2026-03-19 21:00,498.03,0
2026-03-19 22:00,498.03,0
2026-03-19 23:00,498.03,0
2026-03-20 00:00,498.03,0
2026-03-20 01:00,498.03,0
2026-03-20 02:00,498.03,0
2026-03-20 03:00,498.03,0
2026-03-20 04:00,498.03,0
2026-03-20 05:00,498.03,0
2026-03-20 06:00,498.03,0
2026-03-20 07:00,498.03,0
2026-03-20 08:00,498.03,0
2026-03-20 09:00,498.03,0
2026-03-20 10:00,498.04,0
2026-03-20 11:00,498.06,0
2026-03-20 12:00,498.09,0
2026-03-20 13:00,498.1,0
2026-03-20 14:00,498.1,0
2026-03-20 15:00,498.1,0
2026-03-20 16:00,498.1,0
2026-03-20 17:00,498.1,0
2026-03-20 18:00,498.1,0
2026-03-20 19:00,498.1,0
2026-03-20 20:00,498.1,0
2026-03-20 21:00,498.1,0
2026-03-20 22:00,498.1,0
2026-03-20 23:00,498.1,0
2026-03-21 00:00,498.1,0
2026-03-21 01:00,498.1,0
2026-03-21 02:00,498.1,0
2026-03-21 03:00,498.1,0
2026-03-21 04:00,498.1,0
2026-03-21 05:00,498.1,0
2026-03-21 06:00,498.1,0
2026-03-21 07:00,498.1,0
2026-03-21 08:00,498.1,0
2026-03-21 09:00,498.1,0
2026-03-21 10:00,498.1,0
2026-03-21 11:00,498.1,0
2026-03-21 12:00,498.1,0
2026-03-21 13:00,498.1,0
2026-03-21 14:00,498.12,0
2026-03-21 15:00,498.15,0
2026-03-21 16:00,498.17,0
2026-03-21 17:00,498.2,0
2026-03-21 18:00,498.2,0
2026-03-21 19:00,498.2,0
2026-03-21 20:00,498.2,0
2026-03-21 21:00,498.2,0
2026-03-21 22:00,498.2,0
2026-03-21 23:00,498.2,0
2026-03-22 00:00,498.2,0
2026-03-22 01:00,498.2,0
2026-03-22 02:00,498.2,0
2026-03-22 03:00,498.2,0
2026-03-22 04:00,498.21,0
2026-03-22 05:00,498.25,0
2026-03-22 06:00,498.27,0
2026-03-22 07:00,498.27,0
2026-03-22 08:00,498.29,0
2026-03-22 09:00,498.34,0
2026-03-22 10:00,498.46,0
2026-03-22 11:00,498.56,0
2026-03-22 12:00,498.62,0
2026-03-22 13:00,498.66,0
2026-03-22 14:00,498.71,0
2026-03-22 15:00,498.75,0
2026-03-22 16:00,499.01,0
2026-03-22 17:00,499.9,0
2026-03-22 18:00,499.92,0
2026-03-22 19:00,499.95,0
2026-03-22 20:00,499.95,0
2026-03-22 21:00,499.95,0
2026-03-22 22:00,499.95,0
2026-03-22 23:00,500.0,0
2026-03-23 00:00,500.01,0
2026-03-23 01:00,500.01,0
2026-03-23 02:00,500.01,0
2026-03-23 03:00,500.01,0
2026-03-23 04:00,500.01,0
2026-03-23 05:00,500.02,0
2026-03-23 06:00,500.07,0
2026-03-23 07:00,500.1,0
2026-03-23 08:00,500.11,0
2026-03-23 09:00,500.13,0
2026-03-23 10:00,500.14,0
2026-03-23 11:00,500.15,0
2026-03-23 12:00,500.17,0
2026-03-23 13:00,500.23,0
2026-03-23 14:00,500.35,0
2026-03-23 15:00,500.56,0
2026-03-23 16:00,502.23,0
2026-03-23 17:00,502.49,0
2026-03-23 18:00,502.72,0
2026-03-23 19:00,502.76,0
2026-03-23 20:00,502.83,0
2026-03-23 21:00,503.0,0
2026-03-23 22:00,503.16,0
2026-03-23 23:00,503.37,0
2026-03-24 00:00,503.4,0
2026-03-24 01:00,503.42,0
2026-03-24 02:00,503.45,0
2026-03-24 03:00,503.47,0
2026-03-24 04:00,503.47,0
2026-03-24 05:00,503.47,0
2026-03-24 06:00,503.47,0
2026-03-24 07:00,503.47,0
2026-03-24 08:00,503.47,0
2026-03-24 09:00,503.47,0
2026-03-24 10:00,503.47,0
2026-03-24 11:00,503.47,0
2026-03-24 12:00,503.47,0
2026-03-24 13:00,503.47,0
2026-03-24 14:00,503.51,0
2026-03-24 15:00,503.54,0
2026-03-24 16:00,503.58,0
2026-03-24 17:00,503.59,0
2026-03-24 18:00,503.59,0
2026-03-24 19:00,503.59,0
2026-03-24 20:00,503.6,0
2026-03-24 21:00,503.6,0
2026-03-24 22:00,503.6,0
2026-03-24 23:00,503.6,0
2026-03-25 00:00,503.6,0
2026-03-25 01:00,503.6,0
2026-03-25 02:00,503.6,0
2026-03-25 03:00,503.6,0
2026-03-25 04:00,503.6,0
2026-03-25 05:00,503.6,0
2026-03-25 06:00,503.6,0
2026-03-25 07:00,503.6,0
2026-03-25 08:00,503.6,0
2026-03-25 09:00,503.6,0
2026-03-25 10:00,503.6,0
2026-03-25 11:00,503.6,0
2026-03-25 12:00,503.6,0
2026-03-25 13:00,503.6,0
2026-03-25 14:00,503.6,0
2026-03-25 15:00,503.6,0
2026-03-25 16:00,503.6,0
2026-03-25 17:00,503.6,0
2026-03-25 18:00,503.6,0
2026-03-25 19:00,503.64,0
2026-03-25 20:00,503.67,0
2026-03-25 21:00,503.67,0
2026-03-25 22:00,503.67,0
2026-03-25 23:00,503.68,0
2026-03-26 00:00,503.68,0
2026-03-26 01:00,503.79,0
2026-03-26 02:00,504.17,0
2026-03-26 03:00,504.51,0
2026-03-26 04:00,504.97,0
2026-03-26 05:00,505.62,0
2026-03-26 06:00,506.25,0
2026-03-26 07:00,506.92,0
2026-03-26 08:00,507.22,0
2026-03-26 09:00,507.29,0
2026-03-26 10:00,507.32,0
2026-03-26 11:00,507.76,0
2026-03-26 12:00,508.62,0
2026-03-26 13:00,509.55,0
2026-03-26 14:00,510.08,0
2026-03-26 15:00,510.4,0
2026-03-26 16:00,510.51,0
2026-03-26 17:00,510.81,0
2026-03-26 18:00,511.46,0
2026-03-26 19:00,511.98,0
2026-03-26 20:00,512.87,0
2026-03-26 21:00,513.9,0
2026-03-26 22:00,514.96,0
2026-03-26 23:00,516.25,0
2026-03-27 00:00,517.38,0
2026-03-27 01:00,517.94,0
2026-03-27 02:00,518.2,0
2026-03-27 03:00,518.51,0
2026-03-27 04:00,518.63,0
2026-03-27 05:00,518.64,0
2026-03-27 06:00,518.65,0
2026-03-27 07:00,518.65,0
2026-03-27 08:00,518.66,0
2026-03-27 09:00,518.66,0
2026-03-27 10:00,518.66,0
2026-03-27 11:00,518.66,0
2026-03-27 12:00,518.66,0
2026-03-27 13:00,518.67,0
2026-03-27 14:00,518.68,0
2026-03-27 15:00,518.69,0
2026-03-27 16:00,518.69,0
2026-03-27 17:00,518.85,0
2026-03-27 18:00,519.02,0
2026-03-27 19:00,519.11,0
2026-03-27 20:00,519.12,0
2026-03-27 21:00,519.12,0
2026-03-27 22:00,519.13,0
2026-03-27 23:00,519.13,0
2026-03-28 00:00,519.13,0
2026-03-28 01:00,519.13,0
2026-03-28 02:00,519.13,0
2026-03-28 03:00,519.13,0
2026-03-28 04:00,519.14,0
2026-03-28 05:00,519.14,0
2026-03-28 06:00,519.15,0
2026-03-28 07:00,519.17,0
2026-03-28 08:00,519.17,0
2026-03-28 09:00,519.18,0
2026-03-28 10:00,519.18,0
2026-03-28 11:00,519.19,0
2026-03-28 12:00,519.31,0
2026-03-28 13:00,519.31,0
2026-03-28 14:00,519.31,0
2026-03-28 15:00,519.31,0
2026-03-28 16:00,519.32,0
2026-03-28 17:00,519.32,0
2026-03-28 18:00,519.32,0
2026-03-28 19:00,519.32,0
2026-03-28 20:00,519.32,0
2026-03-28 21:00,519.32,0
2026-03-28 22:00,519.32,0
2026-03-28 23:00,519.32,0
2026-03-29 00:00,519.32,0
2026-03-29 01:00,519.32,0
2026-03-29 02:00,519.32,0
2026-03-29 03:00,519.32,0
2026-03-29 04:00,519.32,0
2026-03-29 05:00,519.32,0
2026-03-29 06:00,519.32,0
2026-03-29 07:00,519.32,0
2026-03-29 08:00,519.32,0
2026-03-29 09:00,519.32,0
2026-03-29 10:00,519.32,0
2026-03-29 11:00,519.32,0
2026-03-29 12:00,519.32,0
2026-03-29 13:00,519.32,0
2026-03-29 14:00,519.32,0
2026-03-29 15:00,519.32,0
2026-03-29 16:00,519.32,0
2026-03-29 17:00,519.32,0
2026-03-29 18:00,519.32,0
2026-03-29 19:00,519.32,0
2026-03-29 20:00,519.32,0
2026-03-29 21:00,519.32,0
2026-03-29 22:00,519.32,0
2026-03-29 23:00,519.32,0
2026-03-30 00:00,519.32,0
2026-03-30 01:00,519.32,0
2026-03-30 02:00,519.32,0
2026-03-30 03:00,519.32,0
2026-03-30 04:00,519.32,0
2026-03-30 05:00,519.32,0
2026-03-30 06:00,519.32,0
2026-03-30 07:00,519.32,0
2026-03-30 08:00,519.32,0
2026-03-30 09:00,519.32,0
2026-03-30 10:00,519.32,0
2026-03-30 11:00,519.32,0
2026-03-30 12:00,519.32,0
2026-03-30 13:00,519.32,0
2026-03-30 14:00,519.32,0
2026-03-30 15:00,519.32,0
2026-03-30 16:00,519.33,0
2026-03-30 17:00,519.33,0
2026-03-30 18:00,519.34,0
2026-03-30 19:00,519.34,0
2026-03-30 20:00,520.51,0
2026-03-30 21:00,522.11,0
2026-03-30 22:00,523.56,0
2026-03-30 23:00,525.42,0
2026-03-31 00:00,527.17,0
2026-03-31 01:00,528.69,0
2026-03-31 02:00,529.73,0
2026-03-31 03:00,530.25,0
2026-03-31 04:00,530.79,0
2026-03-31 05:00,531.26,0
2026-03-31 06:00,531.6,0
2026-03-31 07:00,532.22,0
2026-03-31 08:00,533.1,0
2026-03-31 09:00,533.83,0
2026-03-31 10:00,534.54,0
2026-03-31 11:00,535.24,0
2026-03-31 12:00,535.65,0
2026-03-31 13:00,536.04,0
2026-03-31 14:00,536.44,0
2026-03-31 15:00,536.68,0
2026-03-31 16:00,536.82,0
2026-03-31 17:00,536.94,0
2026-03-31 18:00,537.11,0
2026-03-31 19:00,537.44,0
2026-03-31 20:00,537.54,0
2026-03-31 21:00,538.27,0
2026-03-31 22:00,539.39,0
2026-03-31 23:00,540.14,0
2026-04-01 00:00,541.18,0
2026-04-01 01:00,542.44,0
2026-04-01 02:00,543.51,0
2026-04-01 03:00,544.76,0
2026-04-01 04:00,546.16,0
2026-04-01 05:00,547.57,0
2026-04-01 06:00,548.93,0
2026-04-01 07:00,550.2,0
2026-04-01 08:00,552.05,0
2026-04-01 09:00,553.97,0
2026-04-01 10:00,555.13,0
2026-04-01 11:00,555.32,0
2026-04-01 12:00,555.35,0
2026-04-01 13:00,555.36,0
2026-04-01 14:00,555.38,0
2026-04-01 15:00,555.8,0
2026-04-01 16:00,555.82,0
2026-04-01 17:00,555.83,0
2026-04-01 18:00,555.85,0
2026-04-01 19:00,555.87,0
2026-04-01 20:00,555.94,0
2026-04-01 21:00,556.0,0
2026-04-01 22:00,556.05,0
2026-04-01 23:00,556.13,0
2026-04-02 00:00,556.28,0
2026-04-02 01:00,556.57,0
2026-04-02 02:00,557.02,0
2026-04-02 03:00,557.64,0
2026-04-02 04:00,558.31,0
2026-04-02 05:00,559.01,0
2026-04-02 06:00,559.74,0
2026-04-02 07:00,560.48,0
2026-04-02 08:00,560.84,0
2026-04-02 09:00,561.17,0
2026-04-02 10:00,561.43,0
2026-04-02 11:00,561.6,0
2026-04-02 12:00,561.7,0
2026-04-02 13:00,561.76,0
2026-04-02 14:00,561.8,0
2026-04-02 15:00,561.84,0
2026-04-02 16:00,561.88,0
2026-04-02 17:00,561.93,0
2026-04-02 18:00,561.98,0
2026-04-02 19:00,562.02,0
2026-04-02 20:00,562.11,0
2026-04-02 21:00,562.19,0
2026-04-02 22:00,562.29,0
2026-04-02 23:00,562.42,0
2026-04-03 00:00,562.54,0
2026-04-03 01:00,562.64,0
2026-04-03 02:00,562.72,0
2026-04-03 03:00,562.77,0
2026-04-03 04:00,562.8,0
2026-04-03 05:00,562.83,0
2026-04-03 06:00,562.85,0
2026-04-03 07:00,562.85,0
2026-04-03 08:00,562.96,0
2026-04-03 09:00,563.02,0
2026-04-03 10:00,563.07,0
2026-04-03 11:00,563.12,0
2026-04-03 12:00,563.14,0
2026-04-03 13:00,563.17,0
2026-04-03 14:00,563.19,0
2026-04-03 15:00,563.19,0
2026-04-03 16:00,563.19,0
2026-04-03 17:00,563.19,0
2026-04-03 18:00,563.19,0
2026-04-03 19:00,563.19,0
2026-04-03 20:00,563.19,0
2026-04-03 21:00,563.19,0
2026-04-03 22:00,563.19,0
2026-04-03 23:00,563.19,0
2026-04-04 00:00,563.19,0
2026-04-04 01:00,563.19,0
2026-04-04 02:00,563.19,0
2026-04-04 03:00,563.19,0
2026-04-04 04:00,563.19,0
2026-04-04 05:00,563.19,0
2026-04-04 06:00,563.19,0
2026-04-04 07:00,563.19,0
2026-04-04 08:00,563.19,0
2026-04-04 09:00,563.19,0
2026-04-04 10:00,563.19,0
2026-04-04 11:00,563.19,0
2026-04-04 12:00,563.19,0
2026-04-04 13:00,563.19,0
2026-04-04 14:00,563.19,0
2026-04-04 15:00,563.19,0
2026-04-04 16:00,563.19,0
2026-04-04 17:00,563.19,0
2026-04-04 18:00,563.19,0
2026-04-04 19:00,563.19,0
2026-04-04 20:00,563.19,0
2026-04-04 21:00,563.19,0
2026-04-04 22:00,563.19,0
2026-04-04 23:00,563.19,0
2026-04-05 00:00,563.19,0
2026-04-05 01:00,563.19,0
2026-04-05 02:00,563.19,0
2026-04-05 03:00,563.19,0
2026-04-05 04:00,563.19,0
2026-04-05 05:00,563.19,0
2026-04-05 06:00,563.19,0
2026-04-05 07:00,563.19,0
2026-04-05 08:00,563.19,0
2026-04-05 09:00,563.19,0
2026-04-05 10:00,563.19,0
2026-04-05 11:00,563.19,0
2026-04-05 12:00,563.19,0
2026-04-05 13:00,563.19,0
2026-04-05 14:00,563.19,0
2026-04-05 15:00,563.19,0
2026-04-05 16:00,563.19,0
2026-04-05 17:00,563.19,0
2026-04-05 18:00,563.19,0
2026-04-05 19:00,563.19,0
2026-04-05 20:00,563.19,0
2026-04-05 21:00,563.19,0
2026-04-05 22:00,563.19,0
2026-04-05 23:00,563.19,0
2026-04-06 00:00,563.19,0
2026-04-06 01:00,563.19,0
2026-04-06 02:00,563.19,0
2026-04-06 03:00,563.19,0
2026-04-06 04:00,563.19,0
2026-04-06 05:00,563.19,0
2026-04-06 06:00,563.19,0
2026-04-06 07:00,563.19,0
2026-04-06 08:00,563.19,0
2026-04-06 09:00,563.19,0
2026-04-06 10:00,563.19,0
2026-04-06 11:00,563.19,0
2026-04-06 12:00,563.19,0
2026-04-06 13:00,563.19,0
2026-04-06 14:00,563.19,0
2026-04-06 15:00,563.19,0
2026-04-06 16:00,563.19,0
2026-04-06 17:00,563.19,0
2026-04-06 18:00,563.19,0
2026-04-06 19:00,563.19,0
2026-04-06 20:00,563.19,0
2026-04-06 21:00,563.19,0
2026-04-06 22:00,563.19,0
2026-04-06 23:00,563.19,0
2026-04-07 00:00,563.2,0
2026-04-07 01:00,563.2,0
2026-04-07 02:00,563.2,0
2026-04-07 03:00,563.2,0
2026-04-07 04:00,563.21,0
2026-04-07 05:00,563.22,0
2026-04-07 06:00,563.23,0
2026-04-07 07:00,563.24,0
2026-04-07 08:00,563.29,0
2026-04-07 09:00,563.31,0
2026-04-07 10:00,563.32,0
2026-04-07 11:00,563.32,0
2026-04-07 12:00,563.32,0
2026-04-07 13:00,563.33,0
2026-04-07 14:00,563.33,0
2026-04-07 15:00,563.33,0
2026-04-07 16:00,563.33,0
2026-04-07 17:00,563.33,0
2026-04-07 18:00,563.33,0
2026-04-07 19:00,563.33,0
2026-04-07 20:00,563.33,0
2026-04-07 21:00,563.33,0
2026-04-07 22:00,563.33,0
2026-04-07 23:00,563.33,0
2026-04-08 00:00,563.33,0
2026-04-08 01:00,563.33,0
2026-04-08 02:00,563.33,0
2026-04-08 03:00,563.33,0
2026-04-08 04:00,563.33,0
2026-04-08 05:00,563.34,0
2026-04-08 06:00,563.34,0
2026-04-08 07:00,563.35,0
2026-04-08 08:00,563.36,0
2026-04-08 09:00,563.36,0
2026-04-08 10:00,563.36,0
2026-04-08 11:00,563.36,0
2026-04-08 12:00,563.36,0
2026-04-08 13:00,563.36,0
2026-04-08 14:00,563.36,0
2026-04-08 15:00,563.36,0
2026-04-08 16:00,563.36,0
2026-04-08 17:00,563.36,0
2026-04-08 18:00,563.36,0
2026-04-08 19:00,563.36,0
2026-04-08 20:00,563.36,0
2026-04-08 21:00,563.36,0
2026-04-08 22:00,563.36,0
2026-04-08 23:00,563.36,0
2026-04-09 00:00,563.36,0
2026-04-09 01:00,563.36,0
2026-04-09 02:00,563.36,0
2026-04-09 03:00,563.36,0
2026-04-09 04:00,563.36,0
2026-04-09 05:00,563.36,0
2026-04-09 06:00,563.36,0
2026-04-09 07:00,563.36,0
2026-04-09 08:00,563.36,0
2026-04-09 09:00,563.36,0
2026-04-09 10:00,563.36,0
2026-04-09 11:00,563.36,0
2026-04-09 12:00,563.36,0
2026-04-09 13:00,563.36,0
2026-04-09 14:00,563.36,0
2026-04-09 15:00,563.36,0
2026-04-09 16:00,563.36,0
2026-04-09 17:00,563.36,0
2026-04-09 18:00,563.36,0
2026-04-09 19:00,563.36,0
2026-04-09 20:00,563.36,0
2026-04-09 21:00,563.37,0
2026-04-09 22:00,563.37,0
2026-04-09 23:00,563.38,0
2026-04-10 00:00,563.4,0
2026-04-10 01:00,563.42,0
2026-04-10 02:00,563.43,0
2026-04-10 03:00,563.45,0
2026-04-10 04:00,563.47,0
2026-04-10 05:00,563.5,0
2026-04-10 06:00,563.54,0
2026-04-10 07:00,563.57,0
2026-04-10 08:00,563.63,0
2026-04-10 09:00,563.65,0
2026-04-10 10:00,563.66,0
2026-04-10 11:00,563.67,0
2026-04-10 12:00,563.68,0
2026-04-10 13:00,563.68,0
2026-04-10 14:00,563.68,0
2026-04-10 15:00,563.68,0
2026-04-10 16:00,563.68,0
2026-04-10 17:00,563.68,0
2026-04-10 18:00,563.68,0
2026-04-10 19:00,563.68,0
2026-04-10 20:00,563.68,0
2026-04-10 21:00,563.68,0
2026-04-10 22:00,563.68,0
2026-04-10 23:00,563.68,0
2026-04-11 00:00,563.68,0
2026-04-11 01:00,563.68,0
2026-04-11 02:00,563.68,0
2026-04-11 03:00,563.68,0
2026-04-11 04:00,563.68,0
2026-04-11 05:00,563.68,0
2026-04-11 06:00,563.68,0
2026-04-11 07:00,563.68,0
2026-04-11 08:00,563.68,0
2026-04-11 09:00,563.68,0
2026-04-11 10:00,563.68,0
2026-04-11 11:00,563.68,0
2026-04-11 12:00,563.68,0
2026-04-11 13:00,563.68,0
2026-04-11 14:00,563.68,0
2026-04-11 15:00,563.68,0
2026-04-11 16:00,563.68,0
2026-04-11 17:00,563.68,0
2026-04-11 18:00,563.68,0
2026-04-11 19:00,563.68,0
2026-04-11 20:00,563.68,0
2026-04-11 21:00,563.68,0
2026-04-11 22:00,563.68,0
2026-04-11 23:00,563.68,0
2026-04-12 00:00,563.68,0
2026-04-12 01:00,563.68,0
2026-04-12 02:00,563.68,0
2026-04-12 03:00,563.68,0
2026-04-12 04:00,563.68,0
2026-04-12 05:00,563.68,0
2026-04-12 06:00,563.68,0
2026-04-12 07:00,563.68,0
2026-04-12 08:00,563.68,0
2026-04-12 09:00,563.68,0
2026-04-12 10:00,563.68,0
2026-04-12 11:00,563.68,0
2026-04-12 12:00,563.68,0
2026-04-12 13:00,563.68,0
2026-04-12 14:00,563.68,0
2026-04-12 15:00,563.68,0
2026-04-12 16:00,563.68,0
2026-04-12 17:00,563.68,0
2026-04-12 18:00,563.68,0
2026-04-12 19:00,563.68,0
2026-04-12 20:00,563.68,0
2026-04-12 21:00,563.69,0
2026-04-12 22:00,563.72,0
2026-04-12 23:00,563.72,0
2026-04-13 00:00,563.72,0
2026-04-13 01:00,563.72,0
2026-04-13 02:00,563.72,0
2026-04-13 03:00,563.72,0
2026-04-13 04:00,563.72,0
2026-04-13 05:00,563.72,0
2026-04-13 06:00,563.72,0
2026-04-13 07:00,563.72,0
2026-04-13 08:00,563.72,0
2026-04-13 09:00,563.72,0
2026-04-13 10:00,563.72,0
2026-04-13 11:00,563.72,0
2026-04-13 12:00,563.72,0
2026-04-13 13:00,563.72,0
2026-04-13 14:00,563.72,0
2026-04-13 15:00,563.72,0
2026-04-13 16:00,563.81,0
2026-04-13 17:00,563.81,0
2026-04-13 18:00,563.81,0
2026-04-13 19:00,563.87,0
2026-04-13 20:00,563.97,0
2026-04-13 21:00,564.06,0
2026-04-13 22:00,564.12,0
2026-04-13 23:00,564.16,0
2026-04-14 00:00,564.19,0
2026-04-14 01:00,564.19,0
2026-04-14 02:00,564.19,0
2026-04-14 03:00,564.19,0
2026-04-14 04:00,564.19,0
2026-04-14 05:00,564.2,0
2026-04-14 06:00,564.2,0
2026-04-14 07:00,564.21,0
2026-04-14 08:00,564.27,0
2026-04-14 09:00,564.29,0
2026-04-14 10:00,564.29,0
2026-04-14 11:00,564.29,0
2026-04-14 12:00,564.29,0
2026-04-14 13:00,564.29,0
2026-04-14 14:00,564.29,0
2026-04-14 15:00,564.29,0
2026-04-14 16:00,564.29,0
2026-04-14 17:00,564.29,0
2026-04-14 18:00,564.29,0
2026-04-14 19:00,564.29,0
2026-04-14 20:00,564.29,0
2026-04-14 21:00,564.29,0
2026-04-14 22:00,564.29,0
2026-04-14 23:00,564.51,0
2026-04-15 00:00,566.78,0
2026-04-15 01:00,568.75,0
2026-04-15 02:00,569.42,0
2026-04-15 03:00,569.87,0
2026-04-15 04:00,570.2,0
2026-04-15 05:00,570.2,0
2026-04-15 06:00,570.2,0
2026-04-15 07:00,570.2,0
2026-04-15 08:00,570.2,0
2026-04-15 09:00,570.21,0
2026-04-15 10:00,570.21,0
2026-04-15 11:00,570.21,0
2026-04-15 12:00,570.21,0
2026-04-15 13:00,570.22,0
2026-04-15 14:00,570.23,0
2026-04-15 15:00,570.27,0
2026-04-15 16:00,570.36,0
2026-04-15 17:00,570.7,0
2026-04-15 18:00,570.72,0
2026-04-15 19:00,570.72,0
2026-04-15 20:00,570.72,0
2026-04-15 21:00,570.72,0
2026-04-15 22:00,570.72,0
2026-04-15 23:00,570.72,0
2026-04-16 00:00,570.72,0
2026-04-16 01:00,570.72,0
2026-04-16 02:00,570.72,0
2026-04-16 03:00,570.72,0
2026-04-16 04:00,570.72,0
2026-04-16 05:00,570.72,0
2026-04-16 06:00,570.72,0
2026-04-16 07:00,570.72,0
2026-04-16 08:00,570.72,0
2026-04-16 09:00,570.72,0
2026-04-16 10:00,570.81,0
2026-04-16 11:00,571.06,0
2026-04-16 12:00,571.06,0
2026-04-16 13:00,571.07,0
2026-04-16 14:00,571.08,0
2026-04-16 15:00,571.09,0
2026-04-16 16:00,571.24,0
2026-04-16 17:00,571.27,0
2026-04-16 18:00,571.29,0
2026-04-16 19:00,571.29,0
2026-04-16 20:00,571.46,0
2026-04-16 21:00,571.46,0
2026-04-16 22:00,571.46,0
2026-04-16 23:00,571.46,0
2026-04-17 00:00,571.46,0
2026-04-17 01:00,571.46,0
2026-04-17 02:00,571.46,0
2026-04-17 03:00,571.46,0
2026-04-17 04:00,571.46,0
2026-04-17 05:00,571.46,0
2026-04-17 06:00,571.46,0
2026-04-17 07:00,571.46,0
2026-04-17 08:00,571.46,0
2026-04-17 09:00,571.46,0
2026-04-17 10:00,571.46,0
2026-04-17 11:00,571.46,0
2026-04-17 12:00,571.48,0
2026-04-17 13:00,571.51,0
2026-04-17 14:00,571.52,0
2026-04-17 15:00,571.53,0
2026-04-17 16:00,571.55,0
2026-04-17 17:00,571.55,0
2026-04-17 18:00,571.55,0
2026-04-17 19:00,571.55,0
2026-04-17 20:00,571.55,0
2026-04-17 21:00,571.55,0
2026-04-17 22:00,571.55,0
2026-04-17 23:00,571.55,0
2026-04-18 00:00,571.55,0
2026-04-18 01:00,571.55,0
2026-04-18 02:00,571.55,0
2026-04-18 03:00,571.55,0
2026-04-18 04:00,571.55,0
2026-04-18 05:00,571.55,0
2026-04-18 06:00,571.55,0
2026-04-18 07:00,571.55,0
2026-04-18 08:00,571.55,0
2026-04-18 09:00,571.55,0
2026-04-18 10:00,571.55,0
2026-04-18 11:00,571.55,0
2026-04-18 12:00,571.55,0
2026-04-18 13:00,571.55,0
2026-04-18 14:00,571.55,0
2026-04-18 15:00,571.55,0
2026-04-18 16:00,571.55,0
2026-04-18 17:00,571.55,0
2026-04-18 18:00,571.55,0
2026-04-18 19:00,571.55,0
2026-04-18 20:00,571.55,0
2026-04-18 21:00,571.55,0
2026-04-18 22:00,571.55,0
2026-04-18 23:00,571.55,0
2026-04-19 00:00,571.55,0
2026-04-19 01:00,571.55,0
2026-04-19 02:00,571.55,0
2026-04-19 03:00,571.55,0
2026-04-19 04:00,571.55,0
2026-04-19 05:00,571.55,0
2026-04-19 06:00,571.55,0
2026-04-19 07:00,571.55,0
2026-04-19 08:00,571.55,0
2026-04-19 09:00,571.55,0
2026-04-19 10:00,571.55,0
2026-04-19 11:00,571.55,0
2026-04-19 12:00,571.55,0
2026-04-19 13:00,571.55,0
2026-04-19 14:00,571.55,0
2026-04-19 15:00,571.55,0
2026-04-19 16:00,571.55,0
2026-04-19 17:00,571.55,0
2026-04-19 18:00,571.55,0
2026-04-19 19:00,571.55,0
2026-04-19 20:00,571.55,0
2026-04-19 21:00,571.55,0
2026-04-19 22:00,571.55,0
2026-04-19 23:00,571.55,0
2026-04-20 00:00,571.55,0
2026-04-20 01:00,571.55,0
2026-04-20 02:00,571.55,0
2026-04-20 03:00,571.56,0
2026-04-20 04:00,571.57,0
2026-04-20 05:00,571.58,0
2026-04-20 06:00,571.6,0
2026-04-20 07:00,571.63,0
2026-04-20 08:00,571.64,0
2026-04-20 09:00,571.65,0
2026-04-20 10:00,571.65,0
2026-04-20 11:00,571.66,0
2026-04-20 12:00,571.66,0
2026-04-20 13:00,571.66,0
2026-04-20 14:00,571.66,0
2026-04-20 15:00,571.66,0
2026-04-20 16:00,571.66,0
2026-04-20 17:00,571.66,0
2026-04-20 18:00,571.66,0
2026-04-20 19:00,571.66,0
2026-04-20 20:00,571.66,0
2026-04-20 21:00,571.66,0
2026-04-20 22:00,571.66,0
2026-04-20 23:00,571.66,0
2026-04-21 00:00,571.66,0
2026-04-21 01:00,571.66,0
2026-04-21 02:00,571.66,0
2026-04-21 03:00,571.66,0
2026-04-21 04:00,571.67,0
2026-04-21 05:00,571.68,0
2026-04-21 06:00,571.68,0
2026-04-21 07:00,571.69,0
2026-04-21 08:00,571.7,0
2026-04-21 09:00,571.7,0
2026-04-21 10:00,571.71,0
2026-04-21 11:00,571.71,0
2026-04-21 12:00,571.71,0
2026-04-21 13:00,571.71,0
2026-04-21 14:00,571.71,0
2026-04-21 15:00,571.71,0
2026-04-21 16:00,571.71,0
2026-04-21 17:00,571.71,0
2026-04-21 18:00,571.71,0
2026-04-21 19:00,571.71,0
2026-04-21 20:00,571.71,0
2026-04-21 21:00,571.71,0
2026-04-21 22:00,571.71,0
2026-04-21 23:00,571.71,0
2026-04-22 00:00,571.71,0
2026-04-22 01:00,571.71,0
2026-04-22 02:00,571.71,0
2026-04-22 03:00,571.71,0
2026-04-22 04:00,571.71,0
2026-04-22 05:00,571.71,0
2026-04-22 06:00,571.71,0
2026-04-22 07:00,571.71,0
2026-04-22 08:00,571.72,0
2026-04-22 09:00,571.72,0
2026-04-22 10:00,571.73,0
2026-04-22 11:00,571.76,0
2026-04-22 12:00,571.8,0
2026-04-22 13:00,571.81,0
2026-04-22 14:00,571.81,0
2026-04-22 15:00,571.81,0
2026-04-22 16:00,571.81,0
2026-04-22 17:00,571.81,0
2026-04-22 18:00,571.81,0
2026-04-22 19:00,571.81,0
2026-04-22 20:00,571.81,0
2026-04-22 21:00,571.81,0
2026-04-22 22:00,571.81,0
2026-04-22 23:00,571.81,0
2026-04-23 00:00,571.81,0
2026-04-23 01:00,571.81,0
2026-04-23 02:00,571.81,0
2026-04-23 03:00,571.81,0
2026-04-23 04:00,571.81,0
2026-04-23 05:00,571.81,0
2026-04-23 06:00,571.81,0
2026-04-23 07:00,571.81,0
2026-04-23 08:00,571.81,0
2026-04-23 09:00,571.81,0
2026-04-23 10:00,571.81,0
2026-04-23 11:00,571.81,0
2026-04-23 12:00,571.81,0
2026-04-23 13:00,571.81,0
2026-04-23 14:00,571.81,0
2026-04-23 15:00,571.81,0
2026-04-23 16:00,571.81,0
2026-04-23 17:00,571.81,0
2026-04-23 18:00,571.81,0
2026-04-23 19:00,571.81,0
2026-04-23 20:00,571.81,0
2026-04-23 21:00,571.81,0
2026-04-23 22:00,571.81,0
2026-04-23 23:00,571.81,0
2026-04-24 00:00,571.81,0
2026-04-24 01:00,571.81,0
2026-04-24 02:00,571.81,0
2026-04-24 03:00,571.81,0
2026-04-24 04:00,571.81,0
2026-04-24 05:00,571.81,0
2026-04-24 06:00,571.81,0
2026-04-24 07:00,571.81,0
2026-04-24 08:00,571.81,0
2026-04-24 09:00,571.81,0
2026-04-24 10:00,571.81,0
2026-04-24 11:00,571.81,0
2026-04-24 12:00,571.81,0
2026-04-24 13:00,571.81,0
2026-04-24 14:00,571.81,0
2026-04-24 15:00,571.81,0
2026-04-24 16:00,571.81,0
2026-04-24 17:00,571.81,0
2026-04-24 18:00,571.81,0
2026-04-24 19:00,571.81,0
2026-04-24 20:00,571.81,0
2026-04-24 21:00,571.81,0
2026-04-24 22:00,571.81,0
2026-04-24 23:00,571.81,0
2026-04-25 00:00,571.81,0
2026-04-25 01:00,571.81,0
2026-04-25 02:00,571.81,0
2026-04-25 03:00,571.81,0
2026-04-25 04:00,571.81,0
2026-04-25 05:00,571.81,0
2026-04-25 06:00,571.81,0
2026-04-25 07:00,571.81,0
2026-04-25 08:00,571.81,0
2026-04-25 09:00,571.81,0
2026-04-25 10:00,571.81,0
2026-04-25 11:00,571.81,0
2026-04-25 12:00,571.81,0
2026-04-25 13:00,571.81,0
2026-04-25 14:00,571.81,0
2026-04-25 15:00,571.81,0
2026-04-25 16:00,571.81,0
2026-04-25 17:00,571.81,0
2026-04-25 18:00,571.81,0
2026-04-25 19:00,571.81,0
2026-04-25 20:00,571.81,0
2026-04-25 21:00,571.81,0
2026-04-25 22:00,571.81,0
2026-04-25 23:00,571.81,0
2026-04-26 00:00,571.81,0
2026-04-26 01:00,571.81,0
2026-04-26 02:00,571.81,0
2026-04-26 03:00,571.81,0
2026-04-26 04:00,571.82,0
2026-04-26 05:00,571.84,0
2026-04-26 06:00,571.85,0
2026-04-26 07:00,571.87,0
2026-04-26 08:00,571.87,0
2026-04-26 09:00,571.88,0
2026-04-26 10:00,571.88,0
2026-04-26 11:00,571.88,0
2026-04-26 12:00,571.88,0
2026-04-26 13:00,571.88,0
2026-04-26 14:00,571.88,0
2026-04-26 15:00,571.88,0
2026-04-26 16:00,571.88,0
2026-04-26 17:00,571.88,0
2026-04-26 18:00,571.88,0
2026-04-26 19:00,571.88,0
2026-04-26 20:00,571.88,0
2026-04-26 21:00,571.88,0
2026-04-26 22:00,571.88,0
2026-04-26 23:00,571.88,0
2026-04-27 00:00,571.88,0
2026-04-27 01:00,571.88,0
2026-04-27 02:00,571.88,0
2026-04-27 03:00,571.88,0
2026-04-27 04:00,571.88,0
2026-04-27 05:00,571.88,0
2026-04-27 06:00,571.88,0
2026-04-27 07:00,571.88,0
2026-04-27 08:00,571.88,0
2026-04-27 09:00,571.88,0
2026-04-27 10:00,571.88,0
2026-04-27 11:00,571.88,0
2026-04-27 12:00,571.88,0
2026-04-27 13:00,571.88,0
2026-04-27 14:00,571.88,0
2026-04-27 15:00,571.88,0
2026-04-27 16:00,571.88,0
2026-04-27 17:00,571.88,0
2026-04-27 18:00,571.88,0
2026-04-27 19:00,571.88,0
2026-04-27 20:00,571.88,0
2026-04-27 21:00,571.88,0
2026-04-27 22:00,571.88,0
2026-04-27 23:00,571.88,0
2026-04-28 00:00,571.88,0
2026-04-28 01:00,571.88,0
2026-04-28 02:00,571.88,0
2026-04-28 03:00,571.88,0
2026-04-28 04:00,571.88,0
2026-04-28 05:00,571.88,0
2026-04-28 06:00,571.88,0
2026-04-28 07:00,571.88,0
2026-04-28 08:00,571.88,0
2026-04-28 09:00,571.88,0
2026-04-28 10:00,571.88,0
2026-04-28 11:00,571.88,0
2026-04-28 12:00,571.88,0
2026-04-28 13:00,571.88,0
2026-04-28 14:00,571.88,0
2026-04-28 15:00,571.88,0
2026-04-28 16:00,571.88,0
2026-04-28 17:00,571.88,0
2026-04-28 18:00,571.88,0
2026-04-28 19:00,571.88,0
2026-04-28 20:00,571.88,0
2026-04-28 21:00,571.88,0
2026-04-28 22:00,571.88,0
2026-04-28 23:00,571.88,0
2026-04-29 00:00,571.88,0
2026-04-29 01:00,571.88,0
2026-04-29 02:00,571.88,0
2026-04-29 03:00,571.88,0
2026-04-29 04:00,571.88,0
2026-04-29 05:00,571.88,0
2026-04-29 06:00,571.88,0
2026-04-29 07:00,571.88,0
2026-04-29 08:00,571.88,0
2026-04-29 09:00,571.88,0
2026-04-29 10:00,571.88,0
2026-04-29 11:00,571.88,0
2026-04-29 12:00,571.88,0
2026-04-29 13:00,571.88,0
2026-04-29 14:00,571.88,0
2026-04-29 15:00,571.88,0
2026-04-29 16:00,571.88,0
2026-04-29 17:00,571.88,0
2026-04-29 18:00,571.88,0
2026-04-29 19:00,571.88,0
2026-04-29 20:00,571.88,0
2026-04-29 21:00,571.88,0
2026-04-29 22:00,571.9,0
2026-04-29 23:00,571.95,0
2026-04-30 00:00,572.12,0
2026-04-30 01:00,572.2,0
2026-04-30 02:00,572.21,0
2026-04-30 03:00,572.23,0
2026-04-30 04:00,572.27,0
2026-04-30 05:00,572.42,0
2026-04-30 06:00,572.8,0
2026-04-30 07:00,573.26,0
2026-04-30 08:00,573.7,0
2026-04-30 09:00,574.12,0
2026-04-30 10:00,574.62,0
2026-04-30 11:00,574.82,0
2026-04-30 12:00,574.88,0
2026-04-30 13:00,574.88,0
2026-04-30 14:00,574.88,0
2026-04-30 15:00,574.88,0
2026-04-30 16:00,574.88,0
2026-04-30 17:00,574.88,0
2026-04-30 18:00,574.88,0
2026-04-30 19:00,574.88,0
2026-04-30 20:00,574.88,0
2026-04-30 21:00,574.88,0
2026-04-30 22:00,574.88,0
2026-04-30 23:00,574.88,0
2026-05-01 00:00,574.88,0
2026-05-01 01:00,574.88,0
2026-05-01 02:00,574.88,0
2026-05-01 03:00,574.88,0
2026-05-01 04:00,574.88,0
2026-05-01 05:00,574.88,0
2026-05-01 06:00,574.88,0
2026-05-01 07:00,574.88,0
2026-05-01 08:00,574.88,0
2026-05-01 09:00,574.88,0
2026-05-01 10:00,574.88,0
2026-05-01 11:00,574.88,0
2026-05-01 12:00,574.88,0
2026-05-01 13:00,574.88,0
2026-05-01 14:00,574.88,0
2026-05-01 15:00,574.88,0
2026-05-01 16:00,574.88,0
2026-05-01 17:00,574.88,0
2026-05-01 18:00,574.88,0
2026-05-01 19:00,574.88,0
2026-05-01 20:00,574.88,0
2026-05-01 21:00,574.88,0
2026-05-01 22:00,574.88,0
2026-05-01 23:00,574.88,0
2026-05-02 00:00,574.88,0
2026-05-02 01:00,574.88,0
2026-05-02 02:00,574.88,0
2026-05-02 03:00,574.88,0
2026-05-02 04:00,574.88,0
2026-05-02 05:00,574.88,0
2026-05-02 06:00,574.88,0
2026-05-02 07:00,574.88,0
2026-05-02 08:00,574.88,0
2026-05-02 09:00,574.88,0
2026-05-02 10:00,574.88,0
2026-05-02 11:00,574.88,0
2026-05-02 12:00,574.88,0
2026-05-02 13:00,574.88,0
2026-05-02 14:00,574.88,0
2026-05-02 15:00,574.88,0
2026-05-02 16:00,574.88,0
2026-05-02 17:00,574.88,0
2026-05-02 18:00,574.88,0
2026-05-02 19:00,574.88,0
2026-05-02 20:00,574.88,0
2026-05-02 21:00,574.88,0
2026-05-02 22:00,574.88,0
2026-05-02 23:00,574.88,0
2026-05-03 00:00,574.88,0
2026-05-03 01:00,574.88,0
2026-05-03 02:00,574.88,0
2026-05-03 03:00,574.88,0
2026-05-03 04:00,574.88,0
2026-05-03 05:00,574.88,0
2026-05-03 06:00,574.88,0
2026-05-03 07:00,574.88,0
2026-05-03 08:00,574.88,0
2026-05-03 09:00,574.88,0
2026-05-03 10:00,574.88,0
2026-05-03 11:00,574.88,0
2026-05-03 12:00,574.88,0
2026-05-03 13:00,574.88,0
2026-05-03 14:00,574.88,0
2026-05-03 15:00,574.88,0
2026-05-03 16:00,574.88,0
2026-05-03 17:00,574.88,0
2026-05-03 18:00,574.88,0
2026-05-03 19:00,574.88,0
2026-05-03 20:00,574.88,0
2026-05-03 21:00,574.88,0
2026-05-03 22:00,574.88,0
2026-05-03 23:00,574.88,0
2026-05-04 00:00,574.88,0
2026-05-04 01:00,574.88,0
2026-05-04 02:00,574.88,0
2026-05-04 03:00,574.88,0
2026-05-04 04:00,574.88,0
2026-05-04 05:00,574.88,0
2026-05-04 06:00,574.88,0
2026-05-04 07:00,574.88,0
2026-05-04 08:00,574.88,0
2026-05-04 09:00,574.88,0
2026-05-04 10:00,574.88,0
2026-05-04 11:00,574.88,0
2026-05-04 12:00,574.88,0
2026-05-04 13:00,574.88,0
2026-05-04 14:00,574.88,0
2026-05-04 15:00,574.88,0
2026-05-04 16:00,574.89,0
2026-05-04 17:00,574.89,0
2026-05-04 18:00,574.89,0
2026-05-04 19:00,574.89,0
2026-05-04 20:00,574.89,0
2026-05-04 21:00,574.89,0
2026-05-04 22:00,574.89,0
2026-05-04 23:00,574.89,0
2026-05-05 00:00,574.89,0
2026-05-05 01:00,574.89,0
2026-05-05 02:00,574.89,0
2026-05-05 03:00,574.89,0
2026-05-05 04:00,574.89,0
2026-05-05 05:00,574.89,0
2026-05-05 06:00,575.66,0
2026-05-05 07:00,576.18,0
2026-05-05 08:00,576.73,0
2026-05-05 09:00,576.78,0
2026-05-05 10:00,576.78,0
2026-05-05 11:00,576.78,0
2026-05-05 12:00,576.78,0
2026-05-05 13:00,576.79,0
2026-05-05 14:00,576.79,0
2026-05-05 15:00,577.02,0
2026-05-05 16:00,577.26,0
2026-05-05 17:00,577.31,0
2026-05-05 18:00,577.32,0
2026-05-05 19:00,577.32,0
2026-05-05 20:00,577.32,0
2026-05-05 21:00,577.32,0
2026-05-05 22:00,577.32,0
2026-05-05 23:00,577.33,0
2026-05-06 00:00,577.33,0
2026-05-06 01:00,577.33,0
2026-05-06 02:00,577.33,0
2026-05-06 03:00,577.33,0
2026-05-06 04:00,577.33,0
2026-05-06 05:00,577.33,0
2026-05-06 06:00,577.39,0
2026-05-06 07:00,577.39,0
2026-05-06 08:00,577.46,0
2026-05-06 09:00,577.49,0
2026-05-06 10:00,577.52,0
2026-05-06 11:00,577.52,0
2026-05-06 12:00,577.55,0
2026-05-06 13:00,577.59,0
2026-05-06 14:00,577.61,0
2026-05-06 15:00,577.62,0
2026-05-06 16:00,577.62,0
2026-05-06 17:00,577.62,0
2026-05-06 18:00,577.62,0
2026-05-06 19:00,577.62,0
2026-05-06 20:00,577.64,0
2026-05-06 21:00,577.69,0
2026-05-06 22:00,577.86,0
2026-05-06 23:00,577.86,0
2026-05-07 00:00,577.86,0
2026-05-07 01:00,577.86,0
2026-05-07 02:00,577.86,0
2026-05-07 03:00,577.89,0
2026-05-07 04:00,578.02,0
2026-05-07 05:00,578.08,0
2026-05-07 06:00,578.08,0
2026-05-07 07:00,578.08,0
2026-05-07 08:00,578.08,0
2026-05-07 09:00,578.08,0
2026-05-07 10:00,578.08,0
2026-05-07 11:00,578.08,0
2026-05-07 12:00,578.08,0
2026-05-07 13:00,578.08,0
2026-05-07 14:00,578.08,0
2026-05-07 15:00,578.08,0
2026-05-07 16:00,578.08,0
2026-05-07 17:00,578.08,0
2026-05-07 18:00,578.08,0
2026-05-07 19:00,578.08,0
2026-05-07 20:00,578.08,0
2026-05-07 21:00,578.08,0
2026-05-07 22:00,578.08,0
2026-05-07 23:00,578.08,0
2026-05-08 00:00,578.08,0
2026-05-08 01:00,578.08,0
2026-05-08 02:00,578.08,0
2026-05-08 03:00,578.08,0
2026-05-08 04:00,578.08,0
2026-05-08 05:00,578.08,0
2026-05-08 06:00,578.09,0
2026-05-08 07:00,578.41,0
2026-05-08 08:00,578.44,0
2026-05-08 09:00,578.46,0
2026-05-08 10:00,578.48,0
2026-05-08 11:00,578.52,0
2026-05-08 12:00,578.59,0
2026-05-08 13:00,578.64,0
2026-05-08 14:00,578.65,0
2026-05-08 15:00,578.7,0
2026-05-08 16:00,578.7,0
2026-05-08 17:00,578.7,0
2026-05-08 18:00,578.7,0
2026-05-08 19:00,578.7,0
2026-05-08 20:00,578.7,0
2026-05-08 21:00,578.7,0
2026-05-08 22:00,578.7,0
2026-05-08 23:00,578.7,0
2026-05-09 00:00,578.7,0
2026-05-09 01:00,578.7,0
2026-05-09 02:00,578.7,0
2026-05-09 03:00,578.7,0
2026-05-09 04:00,578.7,0
2026-05-09 05:00,578.7,0
2026-05-09 06:00,578.7,0
2026-05-09 07:00,578.7,0
2026-05-09 08:00,578.7,0
2026-05-09 09:00,578.7,0
2026-05-09 10:00,578.7,0
2026-05-09 11:00,578.7,0
2026-05-09 12:00,578.7,0
2026-05-09 13:00,578.7,0
2026-05-09 14:00,578.7,0
2026-05-09 15:00,578.7,0
2026-05-09 16:00,578.7,0
2026-05-09 17:00,578.7,0
2026-05-09 18:00,578.7,0
2026-05-09 19:00,578.7,0
2026-05-09 20:00,578.72,0
2026-05-09 21:00,578.72,0
2026-05-09 22:00,578.81,0
2026-05-09 23:00,578.87,0
2026-05-10 00:00,579.03,0
2026-05-10 01:00,579.55,0
2026-05-10 02:00,579.66,0
2026-05-10 03:00,579.66,0
2026-05-10 04:00,579.84,0
2026-05-10 05:00,580.23,0
2026-05-10 06:00,580.28,0
2026-05-10 07:00,580.28,0
2026-05-10 08:00,580.28,0
2026-05-10 09:00,580.28,0
2026-05-10 10:00,580.28,0
2026-05-10 11:00,580.29,0
2026-05-10 12:00,580.3,0
2026-05-10 13:00,580.3,0
2026-05-10 14:00,580.3,0
2026-05-10 15:00,580.3,0
2026-05-10 16:00,580.31,0
2026-05-10 17:00,580.34,0
2026-05-10 18:00,580.41,0
2026-05-10 19:00,580.57,0
2026-05-10 20:00,580.82,0
2026-05-10 21:00,581.03,0
2026-05-10 22:00,581.24,0
2026-05-10 23:00,581.62,0
2026-05-11 00:00,582.12,0
2026-05-11 01:00,582.43,0
2026-05-11 02:00,582.82,0
2026-05-11 03:00,583.38,0
2026-05-11 04:00,583.91,0
2026-05-11 05:00,584.51,0
2026-05-11 06:00,585.06,0
2026-05-11 07:00,585.58,0
2026-05-11 08:00,585.99,0
2026-05-11 09:00,586.36,0
2026-05-11 10:00,586.65,0
2026-05-11 11:00,586.87,0
2026-05-11 12:00,586.94,0
2026-05-11 13:00,586.95,0
2026-05-11 14:00,586.95,0
2026-05-11 15:00,586.95,0
2026-05-11 16:00,586.95,0
2026-05-11 17:00,586.95,0
2026-05-11 18:00,586.95,0
2026-05-11 19:00,586.95,0
2026-05-11 20:00,586.97,0
2026-05-11 21:00,587.02,0
2026-05-11 22:00,587.08,0
2026-05-11 23:00,587.15,0
2026-05-12 00:00,587.23,0
2026-05-12 01:00,587.32,0
2026-05-12 02:00,587.41,0
2026-05-12 03:00,587.47,0
2026-05-12 04:00,587.57,0
2026-05-12 05:00,587.7,0
2026-05-12 06:00,587.93,0
2026-05-12 07:00,588.21,0
2026-05-12 08:00,588.57,0
2026-05-12 09:00,588.69,0
2026-05-12 10:00,588.71,0
2026-05-12 11:00,588.71,0
2026-05-12 12:00,588.71,0
2026-05-12 13:00,588.71,0
2026-05-12 14:00,588.71,0
2026-05-12 15:00,588.72,0
2026-05-12 16:00,588.73,0
2026-05-12 17:00,588.73,0
2026-05-12 18:00,588.74,0
2026-05-12 19:00,588.76,0
2026-05-12 20:00,588.78,0
2026-05-12 21:00,588.79,0
2026-05-12 22:00,588.8,0
2026-05-12 23:00,588.87,0
2026-05-13 00:00,588.96,0
2026-05-13 01:00,588.97,0
2026-05-13 02:00,588.98,0
2026-05-13 03:00,588.98,0
2026-05-13 04:00,589.33,0
2026-05-13 05:00,589.62,0
2026-05-13 06:00,589.66,0
2026-05-13 07:00,589.72,0
2026-05-13 08:00,590.34,0
2026-05-13 09:00,591.39,0
2026-05-13 10:00,593.3,0
2026-05-13 11:00,594.09,0
2026-05-13 12:00,594.82,0
2026-05-13 13:00,595.28,0
2026-05-13 14:00,597.24,0
2026-05-13 15:00,598.42,0
2026-05-13 16:00,599.16,0
2026-05-13 17:00,601.16,0
2026-05-13 18:00,602.6,0
2026-05-13 19:00,603.89,0
2026-05-13 20:00,603.93,0
2026-05-13 21:00,603.93,0
2026-05-13 22:00,603.98,0
2026-05-13 23:00,604.1,0
2026-05-14 00:00,604.24,0
2026-05-14 01:00,604.28,0
2026-05-14 02:00,604.37,0
2026-05-14 03:00,604.42,0
2026-05-14 04:00,604.46,0
2026-05-14 05:00,604.48,0
2026-05-14 06:00,604.49,0
2026-05-14 07:00,604.49,0
2026-05-14 08:00,604.49,0
2026-05-14 09:00,604.61,0
2026-05-14 10:00,604.83,0
2026-05-14 11:00,604.97,0
2026-05-14 12:00,605.25,0
2026-05-14 13:00,605.47,0
2026-05-14 14:00,605.57,0
2026-05-14 15:00,605.71,0
2026-05-14 16:00,606.1,0
2026-05-14 17:00,606.18,0
2026-05-14 18:00,606.24,0
2026-05-14 19:00,606.32,0
2026-05-14 20:00,606.4,0
2026-05-14 21:00,606.43,0
2026-05-14 22:00,606.46,0
2026-05-14 23:00,606.53,0
2026-05-15 00:00,606.61,0
2026-05-15 01:00,606.69,0
2026-05-15 02:00,606.92,0
2026-05-15 03:00,607.69,0
2026-05-15 04:00,609.18,0
2026-05-15 05:00,611.1,0
2026-05-15 06:00,612.92,0
2026-05-15 07:00,614.15,0
2026-05-15 08:00,616.13,0
2026-05-15 09:00,617.75,0
2026-05-15 10:00,620.33,0
2026-05-15 11:00,623.46,0
2026-05-15 12:00,625.84,0
2026-05-15 13:00,627.12,0
2026-05-15 14:00,628.03,0
2026-05-15 15:00,628.34,0
2026-05-15 16:00,628.38,0
2026-05-15 17:00,628.39,0
2026-05-15 18:00,628.39,0
2026-05-15 19:00,628.39,0
2026-05-15 20:00,628.85,0
2026-05-15 21:00,629.63,0
2026-05-15 22:00,630.29,0
2026-05-15 23:00,630.76,0
2026-05-16 00:00,631.34,0
2026-05-16 01:00,632.15,0
2026-05-16 02:00,632.85,0
2026-05-16 03:00,633.79,0
2026-05-16 04:00,635.87,0
2026-05-16 05:00,637.77,0
2026-05-16 06:00,640.8,0
2026-05-16 07:00,643.09,0
2026-05-16 08:00,646.91,0
2026-05-16 09:00,648.49,0
2026-05-16 10:00,648.68,0
2026-05-16 11:00,648.73,0
2026-05-16 12:00,648.79,0
2026-05-16 13:00,648.84,0
2026-05-16 14:00,648.94,0
2026-05-16 15:00,649.02,0
2026-05-16 16:00,649.05,0
2026-05-16 17:00,649.08,0
2026-05-16 18:00,649.16,0
2026-05-16 19:00,649.24,0
2026-05-16 20:00,649.25,0
2026-05-16 21:00,649.25,0
2026-05-16 22:00,649.25,0
2026-05-16 23:00,649.25,0
2026-05-17 00:00,649.25,0
2026-05-17 01:00,649.25,0
2026-05-17 02:00,649.25,0
2026-05-17 03:00,649.25,0
2026-05-17 04:00,649.25,0
2026-05-17 05:00,649.25,0
2026-05-17 06:00,649.25,0
2026-05-17 07:00,649.25,0
2026-05-17 08:00,649.25,0
2026-05-17 09:00,649.25,0
2026-05-17 10:00,649.25,0
2026-05-17 11:00,649.25,0
2026-05-17 12:00,649.25,0
2026-05-17 13:00,649.25,0
2026-05-17 14:00,649.26,0
2026-05-17 15:00,649.26,0
2026-05-17 16:00,649.26,0
2026-05-17 17:00,649.29,0
2026-05-17 18:00,649.29,0
2026-05-17 19:00,649.29,0
2026-05-17 20:00,649.29,0
2026-05-17 21:00,649.29,0
2026-05-17 22:00,649.29,0
2026-05-17 23:00,649.29,0
2026-05-18 00:00,649.29,0
2026-05-18 01:00,649.29,0
2026-05-18 02:00,649.29,0
2026-05-18 03:00,649.29,0
2026-05-18 04:00,649.29,0
2026-05-18 05:00,649.29,0
2026-05-18 06:00,649.29,0
2026-05-18 07:00,649.29,0
2026-05-18 08:00,649.29,0
2026-05-18 09:00,649.3,0
2026-05-18 10:00,649.36,0
2026-05-18 11:00,649.37,0
2026-05-18 12:00,649.44,0
2026-05-18 13:00,649.53,0
2026-05-18 14:00,649.61,0
2026-05-18 15:00,649.62,0
2026-05-18 16:00,649.62,0
2026-05-18 17:00,649.62,0
2026-05-18 18:00,649.62,0
2026-05-18 19:00,649.62,0
2026-05-18 20:00,649.63,0
2026-05-18 21:00,649.63,0
2026-05-18 22:00,649.63,0
2026-05-18 23:00,649.63,0
2026-05-19 00:00,649.63,0
2026-05-19 01:00,649.63,0
2026-05-19 02:00,649.63,0
2026-05-19 03:00,649.63,0
2026-05-19 04:00,649.63,0
2026-05-19 05:00,649.63,0
2026-05-19 06:00,649.64,0
2026-05-19 07:00,649.64,0
2026-05-19 08:00,649.69,0
2026-05-19 09:00,649.71,0
2026-05-19 10:00,649.72,0
2026-05-19 11:00,649.76,0
2026-05-19 12:00,649.78,0
2026-05-19 13:00,649.8,0
2026-05-19 14:00,649.86,0
2026-05-19 15:00,649.9,0
2026-05-19 16:00,649.93,0
2026-05-19 17:00,649.93,0
2026-05-19 18:00,649.93,0
2026-05-19 19:00,649.93,0
2026-05-19 20:00,649.93,0
2026-05-19 21:00,649.93,0
2026-05-19 22:00,649.93,0
2026-05-19 23:00,649.93,0
2026-05-20 00:00,649.93,0
2026-05-20 01:00,649.93,0
2026-05-20 02:00,649.93,0
2026-05-20 03:00,649.93,0
2026-05-20 04:00,649.93,0
2026-05-20 05:00,649.93,0
2026-05-20 06:00,649.93,0
2026-05-20 07:00,649.93,0
2026-05-20 08:00,649.93,0
2026-05-20 09:00,649.93,0
2026-05-20 10:00,649.93,0
2026-05-20 11:00,649.93,0
2026-05-20 12:00,649.93,0
2026-05-20 13:00,649.94,0
2026-05-20 14:00,649.96,0
2026-05-20 15:00,649.96,0
2026-05-20 16:00,650.01,0
2026-05-20 17:00,650.01,0
2026-05-20 18:00,650.01,0
2026-05-20 19:00,650.01,0
2026-05-20 20:00,650.01,0
2026-05-20 21:00,650.01,0
2026-05-20 22:00,650.01,0
2026-05-20 23:00,650.01,0
2026-05-21 00:00,650.01,0
2026-05-21 01:00,650.01,0
2026-05-21 02:00,650.01,0
2026-05-21 03:00,650.01,0
2026-05-21 04:00,650.01,0
2026-05-21 05:00,650.01,0
2026-05-21 06:00,650.01,0
2026-05-21 07:00,650.01,0
2026-05-21 08:00,650.01,0
2026-05-21 09:00,650.01,0
2026-05-21 10:00,650.01,0
2026-05-21 11:00,650.01,0
2026-05-21 12:00,650.01,0
2026-05-21 13:00,650.01,0
2026-05-21 14:00,650.01,0
2026-05-21 15:00,650.01,0
2026-05-21 16:00,650.01,0
2026-05-21 17:00,650.01,0
2026-05-21 18:00,650.01,0
2026-05-21 19:00,650.01,0
2026-05-21 20:00,650.01,0
2026-05-21 21:00,650.01,0
2026-05-21 22:00,650.01,0
2026-05-21 23:00,650.01,0
2026-05-22 00:00,650.01,0
2026-05-22 01:00,650.01,0
2026-05-22 02:00,650.01,0
2026-05-22 03:00,650.01,0
2026-05-22 04:00,650.01,0
2026-05-22 05:00,650.01,0
2026-05-22 06:00,650.01,0
2026-05-22 07:00,650.01,0
2026-05-22 08:00,650.01,0
2026-05-22 09:00,650.01,0
2026-05-22 10:00,650.01,0
2026-05-22 11:00,650.01,0
2026-05-22 12:00,650.01,0
2026-05-22 13:00,650.01,0
2026-05-22 14:00,650.01,0
2026-05-22 15:00,650.01,0
2026-05-22 16:00,650.01,0
2026-05-22 17:00,650.01,0
2026-05-22 18:00,650.01,0
2026-05-22 19:00,650.01,0
2026-05-22 20:00,650.01,0
2026-05-22 21:00,650.01,0
2026-05-22 22:00,650.01,0
2026-05-22 23:00,650.01,0
2026-05-23 00:00,650.01,0
2026-05-23 01:00,650.01,0
2026-05-23 02:00,650.01,0
2026-05-23 03:00,650.01,0
2026-05-23 04:00,650.01,0
2026-05-23 05:00,650.01,0
2026-05-23 06:00,650.01,0
2026-05-23 07:00,650.01,0
2026-05-23 08:00,650.01,0
2026-05-23 09:00,650.01,0
2026-05-23 10:00,650.01,0
2026-05-23 11:00,650.01,0
2026-05-23 12:00,650.01,0
2026-05-23 13:00,650.01,0
2026-05-23 14:00,650.01,0
2026-05-23 15:00,650.01,0
2026-05-23 16:00,650.01,0
2026-05-23 17:00,650.01,0
2026-05-23 18:00,650.01,0
2026-05-23 19:00,650.01,0
2026-05-23 20:00,650.01,0
2026-05-23 21:00,650.01,0
2026-05-23 22:00,650.01,0
2026-05-23 23:00,650.01,0
2026-05-24 00:00,650.01,0
2026-05-24 01:00,650.01,0
2026-05-24 02:00,650.01,0
2026-05-24 03:00,650.01,0
2026-05-24 04:00,650.01,0
2026-05-24 05:00,650.01,0
2026-05-24 06:00,650.01,0
2026-05-24 07:00,650.01,0
2026-05-24 08:00,650.01,0
2026-05-24 09:00,650.01,0
2026-05-24 10:00,650.01,0
2026-05-24 11:00,650.01,0
2026-05-24 12:00,650.01,0
2026-05-24 13:00,650.01,0
2026-05-24 14:00,650.01,0
2026-05-24 15:00,650.01,0
2026-05-24 16:00,650.01,0
2026-05-24 17:00,650.01,0
2026-05-24 18:00,650.01,0
2026-05-24 19:00,650.01,0
2026-05-24 20:00,650.01,0
2026-05-24 21:00,650.01,0
2026-05-24 22:00,650.01,0
2026-05-24 23:00,650.01,0
2026-05-25 00:00,650.01,0
2026-05-25 01:00,650.01,0
2026-05-25 02:00,650.01,0
2026-05-25 03:00,650.01,0
2026-05-25 04:00,650.01,0
2026-05-25 05:00,650.01,0
2026-05-25 06:00,650.01,0
2026-05-25 07:00,650.01,0
2026-05-25 08:00,650.01,0
2026-05-25 09:00,650.01,0
2026-05-25 10:00,650.02,0
2026-05-25 11:00,650.04,0
2026-05-25 12:00,650.05,0
2026-05-25 13:00,650.05,0
2026-05-25 14:00,650.05,0
2026-05-25 15:00,650.05,0
2026-05-25 16:00,650.05,0
2026-05-25 17:00,650.05,0
2026-05-25 18:00,650.05,0
2026-05-25 19:00,650.05,0
2026-05-25 20:00,650.05,0
2026-05-25 21:00,650.05,0
2026-05-25 22:00,650.05,0
2026-05-25 23:00,650.05,0
2026-05-26 00:00,650.05,0
2026-05-26 01:00,650.05,0
2026-05-26 02:00,650.05,0
2026-05-26 03:00,650.05,0
2026-05-26 04:00,650.05,0
2026-05-26 05:00,650.05,0
2026-05-26 06:00,650.05,0
2026-05-26 07:00,650.05,0
2026-05-26 08:00,650.05,0
2026-05-26 09:00,650.05,0
2026-05-26 10:00,650.05,0
2026-05-26 11:00,650.05,0
2026-05-26 12:00,650.05,0
2026-05-26 13:00,650.05,0
2026-05-26 14:00,650.05,0
2026-05-26 15:00,650.05,0
2026-05-26 16:00,650.05,0
2026-05-26 17:00,650.05,0
2026-05-26 18:00,650.05,0
2026-05-26 19:00,650.05,0
2026-05-26 20:00,650.05,0
2026-05-26 21:00,650.05,0
2026-05-26 22:00,650.05,0
2026-05-26 23:00,650.05,0
2026-05-27 00:00,650.05,0
2026-05-27 01:00,650.05,0
2026-05-27 02:00,650.05,0
2026-05-27 03:00,650.05,0
2026-05-27 04:00,650.05,0
2026-05-27 05:00,650.05,0
2026-05-27 06:00,650.05,0
2026-05-27 07:00,650.05,0
2026-05-27 08:00,650.05,0
2026-05-27 09:00,650.05,0
2026-05-27 10:00,650.05,0
2026-05-27 11:00,650.05,0
2026-05-27 12:00,650.05,0
2026-05-27 13:00,650.05,0
2026-05-27 14:00,650.05,0
2026-05-27 15:00,650.05,0
2026-05-27 16:00,650.05,0
2026-05-27 17:00,650.05,0
2026-05-27 18:00,650.05,0
2026-05-27 19:00,650.05,0
2026-05-27 20:00,650.05,0
2026-05-27 21:00,650.05,0
2026-05-27 22:00,650.05,0
2026-05-27 23:00,650.05,0
2026-05-28 00:00,650.05,0
2026-05-28 01:00,650.05,0
2026-05-28 02:00,650.05,0
2026-05-28 03:00,650.05,0
2026-05-28 04:00,650.05,0
2026-05-28 05:00,650.05,0
2026-05-28 06:00,650.05,0
2026-05-28 07:00,650.05,0
2026-05-28 08:00,650.08,0
2026-05-28 09:00,650.08,0
2026-05-28 10:00,650.08,0
2026-05-28 11:00,650.08,0
2026-05-28 12:00,650.08,0
2026-05-28 13:00,650.1,0
2026-05-28 14:00,650.36,0
2026-05-28 15:00,650.36,0
2026-05-28 16:00,650.36,0
2026-05-28 17:00,650.36,0
2026-05-28 18:00,650.36,0
2026-05-28 19:00,650.36,0
2026-05-28 20:00,650.36,0
2026-05-28 21:00,650.36,0
2026-05-28 22:00,650.36,0
2026-05-28 23:00,650.36,0
2026-05-29 00:00,650.36,0
2026-05-29 01:00,650.36,0
2026-05-29 02:00,650.36,0
2026-05-29 03:00,650.36,0
2026-05-29 04:00,650.36,0
2026-05-29 05:00,650.36,0
2026-05-29 06:00,650.36,0
2026-05-29 07:00,650.36,0
2026-05-29 08:00,650.36,0
2026-05-29 09:00,650.36,0
2026-05-29 10:00,650.36,0
2026-05-29 11:00,650.36,0
2026-05-29 12:00,650.36,0
2026-05-29 13:00,650.36,0
2026-05-29 14:00,650.36,0
2026-05-29 15:00,650.36,0
2026-05-29 16:00,650.36,0
2026-05-29 17:00,650.36,0
2026-05-29 18:00,650.36,0
2026-05-29 19:00,650.36,0
2026-05-29 20:00,650.36,0
2026-05-29 21:00,650.36,0
2026-05-29 22:00,650.36,0
2026-05-29 23:00,650.36,0
2026-05-30 00:00,650.36,0
2026-05-30 01:00,650.36,0
2026-05-30 02:00,650.36,0
2026-05-30 03:00,650.36,0
2026-05-30 04:00,650.36,0
2026-05-30 05:00,650.36,0
2026-05-30 06:00,650.36,0
2026-05-30 07:00,650.36,0
2026-05-30 08:00,650.36,0
2026-05-30 09:00,650.36,0
2026-05-30 10:00,650.36,0
2026-05-30 11:00,650.36,0
2026-05-30 12:00,650.36,0
2026-05-30 13:00,650.36,0
2026-05-30 14:00,650.36,0
2026-05-30 15:00,650.36,0
2026-05-30 16:00,650.36,0
2026-05-30 17:00,650.36,0
2026-05-30 18:00,650.36,0
2026-05-30 19:00,650.36,0
2026-05-30 20:00,650.36,0
2026-05-30 21:00,650.36,0
2026-05-30 22:00,650.36,0
2026-05-30 23:00,650.36,0
2026-05-31 00:00,650.36,0
2026-05-31 01:00,650.36,0
2026-05-31 02:00,650.36,0
2026-05-31 03:00,650.36,0
2026-05-31 04:00,650.36,0
2026-05-31 05:00,650.36,0
2026-05-31 06:00,650.36,0
2026-05-31 07:00,650.36,0
2026-05-31 08:00,650.36,0
2026-05-31 09:00,650.36,0
2026-05-31 10:00,650.36,0
2026-05-31 11:00,650.36,0
2026-05-31 12:00,650.36,0
2026-05-31 13:00,650.36,0
2026-05-31 14:00,650.36,0
2026-05-31 15:00,650.36,0
2026-05-31 16:00,650.36,0
2026-05-31 17:00,650.36,0
2026-05-31 18:00,650.36,0
2026-05-31 19:00,650.36,0
2026-05-31 20:00,650.36,0
2026-05-31 21:00,650.36,0
2026-05-31 22:00,650.36,0
2026-05-31 23:00,650.36,0
2026-06-01 00:00,650.36,0
2026-06-01 01:00,650.36,0
2026-06-01 02:00,650.36,0
2026-06-01 03:00,650.36,0
2026-06-01 04:00,650.36,0
2026-06-01 05:00,650.36,0
2026-06-01 06:00,650.36,0
2026-06-01 07:00,650.36,0
2026-06-01 08:00,650.36,0
2026-06-01 09:00,650.37,0
2026-06-01 10:00,650.37,0
2026-06-01 11:00,650.37,0
2026-06-01 12:00,650.37,0
2026-06-01 13:00,650.37,0
2026-06-01 14:00,650.37,0
2026-06-01 15:00,650.37,0
2026-06-01 16:00,650.37,0
2026-06-01 17:00,650.37,0
2026-06-01 18:00,650.37,0
2026-06-01 19:00,650.37,0
2026-06-01 20:00,650.37,0
2026-06-01 21:00,650.37,0
2026-06-01 22:00,650.37,0
2026-06-01 23:00,650.37,0
2026-06-02 00:00,650.37,0
2026-06-02 01:00,650.37,0
2026-06-02 02:00,650.37,0
2026-06-02 03:00,650.38,0
2026-06-02 04:00,650.39,0
2026-06-02 05:00,650.4,0
2026-06-02 06:00,650.44,0
2026-06-02 07:00,650.48,0
2026-06-02 08:00,650.49,0
2026-06-02 09:00,650.49,0
2026-06-02 10:00,650.49,0
2026-06-02 11:00,650.49,0
2026-06-02 12:00,650.49,0
2026-06-02 13:00,650.49,0
2026-06-02 14:00,650.49,0
2026-06-02 15:00,650.49,0
2026-06-02 16:00,650.49,0
2026-06-02 17:00,650.49,0
2026-06-02 18:00,650.49,0
2026-06-02 19:00,650.49,0
2026-06-02 20:00,650.5,0
2026-06-02 21:00,650.51,0
2026-06-02 22:00,650.55,0
2026-06-02 23:00,650.64,0
2026-06-03 00:00,650.75,0
2026-06-03 01:00,650.84,0
2026-06-03 02:00,650.97,0
2026-06-03 03:00,651.16,0
2026-06-03 04:00,651.37,0
2026-06-03 05:00,651.56,0
2026-06-03 06:00,651.86,0
2026-06-03 07:00,652.06,0
2026-06-03 08:00,652.26,0
2026-06-03 09:00,652.36,0
2026-06-03 10:00,652.54,0
2026-06-03 11:00,653.24,0
2026-06-03 12:00,653.53,0
2026-06-03 13:00,654.78,0
2026-06-03 14:00,655.0,0
2026-06-03 15:00,655.04,0
2026-06-03 16:00,655.1,0
2026-06-03 17:00,655.16,0
2026-06-03 18:00,655.18,0
2026-06-03 19:00,655.18,0
2026-06-03 20:00,655.18,0
2026-06-03 21:00,655.18,0
2026-06-03 22:00,655.18,0
2026-06-03 23:00,655.19,0
2026-06-04 00:00,655.19,0
2026-06-04 01:00,655.19,0
2026-06-04 02:00,655.19,0
2026-06-04 03:00,655.19,0
2026-06-04 04:00,655.19,0
2026-06-04 05:00,655.19,0
2026-06-04 06:00,655.19,0
2026-06-04 07:00,655.19,0
2026-06-04 08:00,655.19,0
2026-06-04 09:00,655.19,0
2026-06-04 10:00,655.19,0
2026-06-04 11:00,655.19,0
2026-06-04 12:00,655.19,0
2026-06-04 13:00,655.19,0
2026-06-04 14:00,655.19,0
2026-06-04 15:00,655.19,0
2026-06-04 16:00,655.19,0
2026-06-04 17:00,655.19,0
2026-06-04 18:00,655.19,0
2026-06-04 19:00,655.19,0
2026-06-04 20:00,655.19,0
2026-06-04 21:00,655.19,0
2026-06-04 22:00,655.19,0
2026-06-04 23:00,655.19,0
2026-06-05 00:00,655.19,0
2026-06-05 01:00,655.19,0
2026-06-05 02:00,655.2,0
2026-06-05 03:00,655.2,0
2026-06-05 04:00,655.2,0
2026-06-05 05:00,655.22,0
2026-06-05 06:00,655.25,0
2026-06-05 07:00,655.28,0
2026-06-05 08:00,655.28,0
2026-06-05 09:00,655.28,0
2026-06-05 10:00,655.28,0
2026-06-05 11:00,655.28,0
2026-06-05 12:00,655.28,0
2026-06-05 13:00,655.28,0
2026-06-05 14:00,655.28,0
2026-06-05 15:00,655.28,0
2026-06-05 16:00,655.28,0
2026-06-05 17:00,655.28,0
2026-06-05 18:00,655.28,0
2026-06-05 19:00,655.31,0
2026-06-05 20:00,655.31,0
2026-06-05 21:00,655.31,0
2026-06-05 22:00,655.31,0
2026-06-05 23:00,655.31,0
2026-06-06 00:00,655.31,0
2026-06-06 01:00,655.31,0
2026-06-06 02:00,655.31,0
2026-06-06 03:00,655.31,0
2026-06-06 04:00,655.31,0
2026-06-06 05:00,655.31,0
2026-06-06 06:00,655.31,0
2026-06-06 07:00,655.31,0
2026-06-06 08:00,655.31,0
2026-06-06 09:00,655.31,0
2026-06-06 10:00,655.32,0
2026-06-06 11:00,655.32,0
2026-06-06 12:00,655.32,0
2026-06-06 13:00,655.32,0
2026-06-06 14:00,655.32,0
2026-06-06 15:00,655.32,0
2026-06-06 16:00,655.32,0
2026-06-06 17:00,655.32,0
2026-06-06 18:00,655.32,0
2026-06-06 19:00,655.32,0
2026-06-06 20:00,655.32,0
2026-06-06 21:00,655.32,0
2026-06-06 22:00,655.32,0
2026-06-06 23:00,655.32,0
2026-06-07 00:00,655.32,0
2026-06-07 01:00,655.32,0
2026-06-07 02:00,655.32,0
2026-06-07 03:00,655.32,0
2026-06-07 04:00,655.32,0
2026-06-07 05:00,655.32,0
2026-06-07 06:00,655.32,0
2026-06-07 07:00,655.32,0
2026-06-07 08:00,655.32,0
2026-06-07 09:00,655.32,0
2026-06-07 10:00,655.32,0
2026-06-07 11:00,655.32,0
2026-06-07 12:00,655.32,0
2026-06-07 13:00,655.32,0
2026-06-07 14:00,655.32,0
2026-06-07 15:00,655.32,0
2026-06-07 16:00,655.32,0
2026-06-07 17:00,655.32,0
2026-06-07 18:00,655.32,0
2026-06-07 19:00,655.32,0
2026-06-07 20:00,655.32,0
2026-06-07 21:00,655.32,0
2026-06-07 22:00,655.32,0
2026-06-07 23:00,655.32,0
2026-06-08 00:00,655.32,0
2026-06-08 01:00,655.32,0
2026-06-08 02:00,655.32,0
2026-06-08 03:00,655.32,0
2026-06-08 04:00,655.32,0
2026-06-08 05:00,655.32,0
2026-06-08 06:00,655.32,0
2026-06-08 07:00,655.32,0
2026-06-08 08:00,655.32,0
2026-06-08 09:00,655.32,0
2026-06-08 10:00,655.32,0
2026-06-08 11:00,655.32,0
2026-06-08 12:00,655.32,0
2026-06-08 13:00,655.32,0
2026-06-08 14:00,655.32,0
2026-06-08 15:00,655.32,0
2026-06-08 16:00,655.32,0
2026-06-08 17:00,655.32,0
2026-06-08 18:00,655.32,0
2026-06-08 19:00,655.32,0
2026-06-08 20:00,655.32,0
2026-06-08 21:00,655.32,0
2026-06-08 22:00,655.32,0
2026-06-08 23:00,655.32,0
2026-06-09 00:00,655.32,0
2026-06-09 01:00,655.32,0
2026-06-09 02:00,655.32,0
2026-06-09 03:00,655.32,0
2026-06-09 04:00,655.32,0
2026-06-09 05:00,655.32,0
2026-06-09 06:00,655.32,0
2026-06-09 07:00,655.32,0
2026-06-09 08:00,655.32,0
2026-06-09 09:00,655.32,0
2026-06-09 10:00,655.32,0
2026-06-09 11:00,655.32,0
2026-06-09 12:00,655.32,0
2026-06-09 13:00,655.32,0
2026-06-09 14:00,655.32,0
2026-06-09 15:00,655.32,0
2026-06-09 16:00,655.32,0
2026-06-09 17:00,655.32,0
2026-06-09 18:00,655.32,0
2026-06-09 19:00,655.32,0
2026-06-09 20:00,655.32,0
2026-06-09 21:00,655.32,0
2026-06-09 22:00,655.32,0
2026-06-09 23:00,655.32,0
2026-06-10 00:00,655.32,0
2026-06-10 01:00,655.32,0
2026-06-10 02:00,655.32,0
2026-06-10 03:00,655.32,0
2026-06-10 04:00,655.32,0
2026-06-10 05:00,655.32,0
2026-06-10 06:00,655.32,0
2026-06-10 07:00,655.32,0
2026-06-10 08:00,655.32,0
2026-06-10 09:00,655.32,0
2026-06-10 10:00,655.32,0
2026-06-10 11:00,655.32,0
2026-06-10 12:00,655.32,0
2026-06-10 13:00,655.32,0
2026-06-10 14:00,655.32,0
2026-06-10 15:00,655.32,0
2026-06-10 16:00,655.32,0
2026-06-10 17:00,655.32,0
2026-06-10 18:00,655.32,0
2026-06-10 19:00,655.32,0
2026-06-10 20:00,655.32,0
2026-06-10 21:00,655.32,0
2026-06-10 22:00,655.32,0
2026-06-10 23:00,655.32,0
2026-06-11 00:00,655.32,0
2026-06-11 01:00,655.32,0
2026-06-11 02:00,655.32,0
2026-06-11 03:00,655.32,0
2026-06-11 04:00,655.32,0
2026-06-11 05:00,655.32,0
2026-06-11 06:00,655.32,0
2026-06-11 07:00,655.32,0
2026-06-11 08:00,655.32,0
2026-06-11 09:00,655.32,0
2026-06-11 10:00,655.32,0
2026-06-11 11:00,655.32,0
2026-06-11 12:00,655.32,0
2026-06-11 13:00,655.32,0
2026-06-11 14:00,655.32,0
2026-06-11 15:00,655.32,0
2026-06-11 16:00,655.32,0
2026-06-11 17:00,655.32,0
2026-06-11 18:00,655.32,0
2026-06-11 19:00,655.32,0
2026-06-11 20:00,655.32,0
2026-06-11 21:00,655.32,0
2026-06-11 22:00,655.32,0
2026-06-11 23:00,655.32,0
2026-06-12 00:00,655.32,0
2026-06-12 01:00,655.32,0
2026-06-12 02:00,655.32,0
2026-06-12 03:00,655.32,0
2026-06-12 04:00,655.32,0
2026-06-12 05:00,655.32,0
2026-06-12 06:00,655.32,0
2026-06-12 07:00,655.32,0
2026-06-12 08:00,655.32,0
2026-06-12 09:00,655.32,0
2026-06-12 10:00,655.32,0
2026-06-12 11:00,655.32,0
2026-06-12 12:00,655.32,0
2026-06-12 13:00,655.32,0
2026-06-12 14:00,655.32,0
2026-06-12 15:00,655.32,0
2026-06-12 16:00,655.32,0
2026-06-12 17:00,655.32,0
2026-06-12 18:00,655.32,0
2026-06-12 19:00,655.32,0
2026-06-12 20:00,655.32,0
2026-06-12 21:00,655.32,0
2026-06-12 22:00,655.32,0
2026-06-12 23:00,655.32,0
2026-06-13 00:00,655.32,0
2026-06-13 01:00,655.32,0
2026-06-13 02:00,655.32,0
2026-06-13 03:00,655.32,0
2026-06-13 04:00,655.32,0
2026-06-13 05:00,655.32,0
2026-06-13 06:00,655.32,0
2026-06-13 07:00,655.32,0
2026-06-13 08:00,655.32,0
2026-06-13 09:00,655.32,0
2026-06-13 10:00,655.32,0
2026-06-13 11:00,655.32,0
2026-06-13 12:00,655.32,0
2026-06-13 13:00,655.32,0
2026-06-13 14:00,655.32,0
2026-06-13 15:00,655.32,0
2026-06-13 16:00,655.32,0
2026-06-13 17:00,655.32,0
2026-06-13 18:00,655.32,0
2026-06-13 19:00,655.32,0
2026-06-13 20:00,655.32,0
2026-06-13 21:00,655.32,0
2026-06-13 22:00,655.32,0
2026-06-13 23:00,655.32,0
2026-06-14 00:00,655.32,0
2026-06-14 01:00,655.32,0
2026-06-14 02:00,655.32,0
2026-06-14 03:00,655.32,0
2026-06-14 04:00,655.32,0
2026-06-14 05:00,655.32,0
2026-06-14 06:00,655.32,0
2026-06-14 07:00,655.32,0
2026-06-14 08:00,655.32,0
2026-06-14 09:00,655.32,0
2026-06-14 10:00,655.32,0
2026-06-14 11:00,655.32,0
2026-06-14 12:00,655.32,0
2026-06-14 13:00,655.32,0
2026-06-14 14:00,655.32,0
2026-06-14 15:00,655.32,0
2026-06-14 16:00,655.32,0
2026-06-14 17:00,655.32,0
2026-06-14 18:00,655.32,0
2026-06-14 19:00,655.32,0
2026-06-14 20:00,655.32,0
2026-06-14 21:00,655.32,0
2026-06-14 22:00,655.32,0
2026-06-14 23:00,655.32,0
2026-06-15 00:00,655.32,0
2026-06-15 01:00,655.32,0
2026-06-15 02:00,655.32,0
2026-06-15 03:00,655.32,0
2026-06-15 04:00,655.32,0
2026-06-15 05:00,655.32,0
2026-06-15 06:00,655.32,0
2026-06-15 07:00,655.32,0
2026-06-15 08:00,655.32,0
2026-06-15 09:00,655.32,0
2026-06-15 10:00,655.32,0
2026-06-15 11:00,655.32,0
2026-06-15 12:00,655.32,0
2026-06-15 13:00,655.32,0
2026-06-15 14:00,655.32,0
2026-06-15 15:00,655.32,0
2026-06-15 16:00,655.32,0
2026-06-15 17:00,655.43,0
2026-06-15 18:00,655.51,0
2026-06-15 19:00,655.67,0
2026-06-15 20:00,655.67,0
2026-06-15 21:00,655.67,0
2026-06-15 22:00,655.67,0
2026-06-15 23:00,655.67,0
2026-06-16 00:00,655.67,0
2026-06-16 01:00,655.67,0
2026-06-16 02:00,655.67,0
2026-06-16 03:00,655.67,0
2026-06-16 04:00,655.67,0
2026-06-16 05:00,655.67,0
2026-06-16 06:00,655.67,0
2026-06-16 07:00,655.67,0
2026-06-16 08:00,655.67,0
2026-06-16 09:00,655.67,0
2026-06-16 10:00,655.67,0
2026-06-16 11:00,655.67,0
2026-06-16 12:00,655.67,0
2026-06-16 13:00,655.67,0
2026-06-16 14:00,655.67,0
2026-06-16 15:00,655.67,0
2026-06-16 16:00,655.67,0
2026-06-16 17:00,655.67,0
2026-06-16 18:00,655.88,0
2026-06-16 19:00,655.88,0
2026-06-16 20:00,655.88,0
2026-06-16 21:00,655.88,0
2026-06-16 22:00,655.88,0
2026-06-16 23:00,655.89,0
2026-06-17 00:00,655.89,0
2026-06-17 01:00,655.89,0
2026-06-17 02:00,655.89,0
2026-06-17 03:00,655.89,0
2026-06-17 04:00,655.89,0
2026-06-17 05:00,655.89,0
2026-06-17 06:00,655.89,0
2026-06-17 07:00,655.89,0
2026-06-17 08:00,655.89,0
2026-06-17 09:00,655.89,0
2026-06-17 10:00,655.89,0
2026-06-17 11:00,655.89,0
2026-06-17 12:00,655.89,0
2026-06-17 13:00,655.89,0
2026-06-17 14:00,655.91,0
2026-06-17 15:00,655.91,0
2026-06-17 16:00,655.93,0
2026-06-17 17:00,655.93,0
2026-06-17 18:00,655.93,0
2026-06-17 19:00,655.93,0
2026-06-17 20:00,655.93,0
2026-06-17 21:00,655.93,0
2026-06-17 22:00,655.93,0
2026-06-17 23:00,655.93,0
2026-06-18 00:00,655.93,0
2026-06-18 01:00,655.93,0
2026-06-18 02:00,655.93,0
2026-06-18 03:00,655.93,0
2026-06-18 04:00,655.93,0
2026-06-18 05:00,655.93,0
2026-06-18 06:00,655.93,0
2026-06-18 07:00,655.93,0
2026-06-18 08:00,655.93,0
2026-06-18 09:00,655.93,0
2026-06-18 10:00,655.93,0
2026-06-18 11:00,655.93,0
2026-06-18 12:00,655.93,0
2026-06-18 13:00,655.93,0
2026-06-18 14:00,655.93,0
2026-06-18 15:00,655.93,0
2026-06-18 16:00,655.93,0
2026-06-18 17:00,655.93,0
2026-06-18 18:00,655.93,0
2026-06-18 19:00,655.94,0
2026-06-18 20:00,655.94,0
2026-06-18 21:00,655.94,0
2026-06-18 22:00,655.94,0
2026-06-18 23:00,655.94,0
2026-06-19 00:00,655.94,0
2026-06-19 01:00,655.94,0
2026-06-19 02:00,655.94,0
2026-06-19 03:00,655.94,0
2026-06-19 04:00,655.94,0
2026-06-19 05:00,655.94,0
2026-06-19 06:00,655.94,0
2026-06-19 07:00,655.94,0
2026-06-19 08:00,655.94,0
2026-06-19 09:00,655.94,0
2026-06-19 10:00,655.94,0
2026-06-19 11:00,655.94,0
2026-06-19 12:00,655.94,0
2026-06-19 13:00,655.94,0
2026-06-19 14:00,655.94,0
2026-06-19 15:00,655.94,0
2026-06-19 16:00,655.94,0
2026-06-19 17:00,655.94,0
2026-06-19 18:00,655.94,0
2026-06-19 19:00,655.94,0
2026-06-19 20:00,655.94,0
2026-06-19 21:00,655.94,0
2026-06-19 22:00,655.94,0
2026-06-19 23:00,655.94,0
2026-06-20 00:00,655.94,0
2026-06-20 01:00,655.94,0
2026-06-20 02:00,655.94,0
2026-06-20 03:00,655.94,0
2026-06-20 04:00,655.94,0
2026-06-20 05:00,655.94,0
2026-06-20 06:00,655.94,0
2026-06-20 07:00,655.94,0
2026-06-20 08:00,655.94,0
2026-06-20 09:00,655.94,0
2026-06-20 10:00,655.94,0
2026-06-20 11:00,655.94,0
2026-06-20 12:00,655.94,0
2026-06-20 13:00,655.94,0
2026-06-20 14:00,655.94,0
2026-06-20 15:00,655.94,0
2026-06-20 16:00,655.94,0
2026-06-20 17:00,655.94,0
2026-06-20 18:00,655.94,0
2026-06-20 19:00,655.94,0
2026-06-20 20:00,655.94,0
2026-06-20 21:00,655.94,0
2026-06-20 22:00,655.94,0
2026-06-20 23:00,655.94,0
2026-06-21 00:00,655.94,0
2026-06-21 01:00,655.94,0
2026-06-21 02:00,655.94,0
2026-06-21 03:00,655.94,0
2026-06-21 04:00,655.94,0
2026-06-21 05:00,655.94,0
2026-06-21 06:00,655.94,0
2026-06-21 07:00,655.94,0
2026-06-21 08:00,655.94,0
2026-06-21 09:00,655.94,0
2026-06-21 10:00,655.94,0
2026-06-21 11:00,655.94,0
2026-06-21 12:00,655.94,0
2026-06-21 13:00,655.94,0
2026-06-21 14:00,655.94,0
2026-06-21 15:00,655.97,0
2026-06-21 16:00,655.97,0
2026-06-21 17:00,655.97,0
2026-06-21 18:00,655.97,0
2026-06-21 19:00,655.97,0
2026-06-21 20:00,655.97,0
2026-06-21 21:00,655.97,0
2026-06-21 22:00,655.97,0
2026-06-21 23:00,655.97,0
2026-06-22 00:00,655.97,0
2026-06-22 01:00,655.97,0
2026-06-22 02:00,655.97,0
2026-06-22 03:00,655.97,0
2026-06-22 04:00,655.97,0
2026-06-22 05:00,655.97,0
2026-06-22 06:00,655.97,0
2026-06-22 07:00,655.97,0
2026-06-22 08:00,655.98,0
2026-06-22 09:00,655.98,0
2026-06-22 10:00,655.98,0
2026-06-22 11:00,655.99,0
2026-06-22 12:00,655.99,0
2026-06-22 13:00,655.99,0
2026-06-22 14:00,655.99,0
2026-06-22 15:00,656.52,0
2026-06-22 16:00,656.52,0
2026-06-22 17:00,656.52,0
2026-06-22 18:00,656.52,0
2026-06-22 19:00,656.52,0
2026-06-22 20:00,656.52,0
2026-06-22 21:00,656.52,0
2026-06-22 22:00,656.52,0
2026-06-22 23:00,656.52,0
2026-06-23 00:00,656.52,0
2026-06-23 01:00,656.52,0
2026-06-23 02:00,656.52,0
2026-06-23 03:00,656.52,0
2026-06-23 04:00,656.52,0
2026-06-23 05:00,656.52,0
2026-06-23 06:00,656.52,0
2026-06-23 07:00,656.52,0
2026-06-23 08:00,656.52,0
2026-06-23 09:00,656.52,0
2026-06-23 10:00,656.52,0
2026-06-23 11:00,656.52,0
2026-06-23 12:00,656.52,0
2026-06-23 13:00,656.52,0
2026-06-23 14:00,656.52,0
2026-06-23 15:00,656.93,0
2026-06-23 16:00,656.93,0
2026-06-23 17:00,656.93,0
2026-06-23 18:00,657.13,0
2026-06-23 19:00,657.13,0
2026-06-23 20:00,657.13,0
2026-06-23 21:00,657.13,0
2026-06-23 22:00,657.13,0
2026-06-23 23:00,657.13,0
2026-06-24 00:00,657.13,0
2026-06-24 01:00,657.13,0
2026-06-24 02:00,657.13,0
2026-06-24 03:00,657.13,0
2026-06-24 04:00,657.13,0
2026-06-24 05:00,657.13,0
2026-06-24 06:00,657.13,0
2026-06-24 07:00,657.13,0
2026-06-24 08:00,657.13,0
2026-06-24 09:00,657.13,0
2026-06-24 10:00,657.13,0
2026-06-24 11:00,657.13,0
2026-06-24 12:00,657.13,0
2026-06-24 13:00,657.13,0
2026-06-24 14:00,657.13,0
2026-06-24 15:00,657.13,0
2026-06-24 16:00,657.13,0
2026-06-24 17:00,657.13,0
2026-06-24 18:00,657.13,0
2026-06-24 19:00,657.13,0
2026-06-24 20:00,657.13,0
2026-06-24 21:00,657.13,0
2026-06-24 22:00,657.13,0
2026-06-24 23:00,657.13,0
2026-06-25 00:00,657.13,0
2026-06-25 01:00,657.13,0
2026-06-25 02:00,657.13,0
2026-06-25 03:00,657.13,0
2026-06-25 04:00,657.13,0
2026-06-25 05:00,657.13,0
2026-06-25 06:00,657.13,0
2026-06-25 07:00,657.13,0
2026-06-25 08:00,657.13,0
2026-06-25 09:00,657.13,0
2026-06-25 10:00,657.13,0
2026-06-25 11:00,657.13,0
2026-06-25 12:00,657.13,0
2026-06-25 13:00,657.13,0
2026-06-25 14:00,657.13,0
2026-06-25 15:00,657.78,0
2026-06-25 16:00,657.88,0
2026-06-25 17:00,657.91,0
2026-06-25 18:00,657.91,0
2026-06-25 19:00,657.91,0
2026-06-25 20:00,657.91,0
2026-06-25 21:00,657.91,0
2026-06-25 22:00,657.91,0
2026-06-25 23:00,657.91,0
2026-06-26 00:00,657.91,0
2026-06-26 01:00,657.91,0
2026-06-26 02:00,657.91,0
2026-06-26 03:00,657.91,0
2026-06-26 04:00,657.91,0
2026-06-26 05:00,657.91,0
2026-06-26 06:00,657.91,0
2026-06-26 07:00,657.91,0
2026-06-26 08:00,657.91,0
2026-06-26 09:00,657.91,0
2026-06-26 10:00,657.91,0
2026-06-26 11:00,657.91,0
2026-06-26 12:00,657.91,0
2026-06-26 13:00,657.91,0
2026-06-26 14:00,657.91,0
2026-06-26 15:00,657.91,0
2026-06-26 16:00,657.91,0
2026-06-26 17:00,657.97,0
2026-06-26 18:00,657.97,0
2026-06-26 19:00,657.97,0
2026-06-26 20:00,657.97,0
2026-06-26 21:00,657.97,0
2026-06-26 22:00,657.97,0
2026-06-26 23:00,657.97,0
2026-06-27 00:00,657.97,0
2026-06-27 01:00,657.97,0
2026-06-27 02:00,657.97,0
2026-06-27 03:00,657.97,0
2026-06-27 04:00,657.97,0
2026-06-27 05:00,657.97,0
2026-06-27 06:00,657.97,0
2026-06-27 07:00,657.97,0
2026-06-27 08:00,657.97,0
2026-06-27 09:00,657.97,0
2026-06-27 10:00,657.97,0
2026-06-27 11:00,657.97,0
2026-06-27 12:00,657.97,0
2026-06-27 13:00,657.97,0
2026-06-27 14:00,657.97,0
2026-06-27 15:00,657.97,0
2026-06-27 16:00,657.97,0
2026-06-27 17:00,657.98,0
2026-06-27 18:00,657.98,0
2026-06-27 19:00,657.98,0
2026-06-27 20:00,657.98,0
2026-06-27 21:00,657.98,0
2026-06-27 22:00,657.98,0
2026-06-27 23:00,657.98,0
2026-06-28 00:00,657.98,0
2026-06-28 01:00,657.98,0
2026-06-28 02:00,657.98,0
2026-06-28 03:00,657.98,0
2026-06-28 04:00,657.98,0
2026-06-28 05:00,657.98,0
2026-06-28 06:00,657.98,0
2026-06-28 07:00,657.98,0
2026-06-28 08:00,657.98,0
2026-06-28 09:00,657.98,0
2026-06-28 10:00,657.98,0
2026-06-28 11:00,657.98,0
2026-06-28 12:00,657.98,0
2026-06-28 13:00,657.98,0
2026-06-28 14:00,657.98,0
2026-06-28 15:00,657.98,0
2026-06-28 16:00,657.98,0
2026-06-28 17:00,657.98,0
2026-06-28 18:00,657.98,0
2026-06-28 19:00,657.98,0
2026-06-28 20:00,657.98,0
2026-06-28 21:00,657.98,0
2026-06-28 22:00,657.98,0
2026-06-28 23:00,657.98,0
2026-06-29 00:00,657.98,0
2026-06-29 01:00,657.98,0
2026-06-29 02:00,657.98,0
2026-06-29 03:00,657.98,0
2026-06-29 04:00,657.98,0
2026-06-29 05:00,657.98,0
2026-06-29 06:00,657.98,0
2026-06-29 07:00,657.98,0
2026-06-29 08:00,657.98,0
2026-06-29 09:00,657.98,0
2026-06-29 10:00,657.98,0
2026-06-29 11:00,657.98,0
2026-06-29 12:00,657.98,0
2026-06-29 13:00,657.98,0
2026-06-29 14:00,657.98,0
2026-06-29 15:00,658.12,0
2026-06-29 16:00,658.62,0
2026-06-29 17:00,658.62,0
2026-06-29 18:00,658.62,0
2026-06-29 19:00,658.62,0
2026-06-29 20:00,658.62,0
2026-06-29 21:00,658.62,0
2026-06-29 22:00,658.62,0
2026-06-29 23:00,658.62,0
2026-06-30 00:00,658.62,0
2026-06-30 01:00,658.62,0
2026-06-30 02:00,658.62,0
2026-06-30 03:00,658.62,0
2026-06-30 04:00,658.62,0
2026-06-30 05:00,658.62,0
2026-06-30 06:00,658.62,0
2026-06-30 07:00,658.62,0
2026-06-30 08:00,658.62,0
2026-06-30 09:00,658.62,0
2026-06-30 10:00,658.63,0
2026-06-30 11:00,658.64,0
2026-06-30 12:00,658.65,0
2026-06-30 13:00,658.66,0
2026-06-30 14:00,658.67,0
2026-06-30 15:00,658.99,0
2026-06-30 16:00,659.24,0
2026-06-30 17:00,659.24,0
2026-06-30 18:00,659.24,0
2026-06-30 19:00,659.24,0
2026-06-30 20:00,659.24,0
2026-06-30 21:00,659.24,0
2026-06-30 22:00,659.24,0
2026-06-30 23:00,659.24,0
2026-07-01 00:00,659.24,0
2026-07-01 01:00,659.24,0
2026-07-01 02:00,659.24,0
2026-07-01 03:00,659.24,0
2026-07-01 04:00,659.24,0
2026-07-01 05:00,659.24,0
2026-07-01 06:00,659.24,0
2026-07-01 07:00,659.24,0
2026-07-01 08:00,659.24,0
2026-07-01 09:00,659.24,0
2026-07-01 10:00,659.24,0
2026-07-01 11:00,659.24,0
2026-07-01 12:00,659.24,0
2026-07-01 13:00,659.24,0
2026-07-01 14:00,659.37,0
2026-07-01 15:00,659.38,0
2026-07-01 16:00,659.38,0
2026-07-01 17:00,659.38,0
2026-07-01 18:00,659.38,0
2026-07-01 19:00,659.38,0
2026-07-01 20:00,659.38,0
2026-07-01 21:00,659.38,0
2026-07-01 22:00,659.38,0
2026-07-01 23:00,659.39,0
2026-07-02 00:00,659.4,0
2026-07-02 01:00,659.49,0
2026-07-02 02:00,659.57,0
2026-07-02 03:00,659.76,0
2026-07-02 04:00,659.78,0
2026-07-02 05:00,660.12,0
2026-07-02 06:00,660.12,0
2026-07-02 07:00,660.13,0
2026-07-02 08:00,660.34,0
2026-07-02 09:00,660.41,0
2026-07-02 10:00,661.22,0
2026-07-02 11:00,661.85,0
2026-07-02 12:00,661.95,0
2026-07-02 13:00,662.44,0
2026-07-02 14:00,662.54,0
2026-07-02 15:00,664.06,0
2026-07-02 16:00,664.48,0
2026-07-02 17:00,664.48,0
2026-07-02 18:00,664.73,0
2026-07-02 19:00,664.73,0
2026-07-02 20:00,665.46,0
2026-07-02 21:00,665.77,0
2026-07-02 22:00,665.79,0
2026-07-02 23:00,665.79,0
2026-07-03 00:00,665.79,0
2026-07-03 01:00,665.79,0
2026-07-03 02:00,665.79,0
2026-07-03 03:00,665.79,0
2026-07-03 04:00,665.79,0
2026-07-03 05:00,665.79,0
2026-07-03 06:00,665.79,0
2026-07-03 07:00,665.79,0
2026-07-03 08:00,665.79,0
2026-07-03 09:00,665.79,0
2026-07-03 10:00,665.8,0
2026-07-03 11:00,665.81,0
2026-07-03 12:00,665.82,0
2026-07-03 13:00,665.82,0
2026-07-03 14:00,665.82,0
2026-07-03 15:00,666.08,0
2026-07-03 16:00,666.15,0
2026-07-03 17:00,666.15,0
2026-07-03 18:00,666.15,0
2026-07-03 19:00,666.15,0
2026-07-03 20:00,666.15,0
2026-07-03 21:00,666.15,0
2026-07-03 22:00,666.15,0
2026-07-03 23:00,666.15,0
2026-07-04 00:00,666.15,0
2026-07-04 01:00,666.15,0
2026-07-04 02:00,666.15,0
2026-07-04 03:00,666.15,0
2026-07-04 04:00,666.15,0
2026-07-04 05:00,666.15,0
2026-07-04 06:00,666.15,0
2026-07-04 07:00,666.15,0
2026-07-04 08:00,666.15,0
2026-07-04 09:00,666.15,0
2026-07-04 10:00,666.15,0
2026-07-04 11:00,666.15,0
2026-07-04 12:00,666.15,0
2026-07-04 13:00,666.15,0
2026-07-04 14:00,666.15,0
2026-07-04 15:00,666.15,0
2026-07-04 16:00,666.15,0
2026-07-04 17:00,666.15,0
2026-07-04 18:00,666.15,0
2026-07-04 19:00,666.15,0
2026-07-04 20:00,666.15,0
2026-07-04 21:00,666.15,0
2026-07-04 22:00,666.15,0
2026-07-04 23:00,666.15,0
2026-07-05 00:00,666.15,0
2026-07-05 01:00,666.15,0
2026-07-05 02:00,666.15,0
2026-07-05 03:00,666.15,0
2026-07-05 04:00,666.15,0
2026-07-05 05:00,666.15,0
2026-07-05 06:00,666.15,0
2026-07-05 07:00,666.15,0
2026-07-05 08:00,666.15,0
2026-07-05 09:00,666.15,0
2026-07-05 10:00,666.15,0
2026-07-05 11:00,666.15,0
2026-07-05 12:00,666.15,0
2026-07-05 13:00,666.15,0
2026-07-05 14:00,666.15,0
2026-07-05 15:00,666.15,0
2026-07-05 16:00,666.15,0
2026-07-05 17:00,666.15,0
2026-07-05 18:00,666.15,0
2026-07-05 19:00,666.15,0
2026-07-05 20:00,666.15,0
2026-07-05 21:00,666.15,0
2026-07-05 22:00,666.15,0
2026-07-05 23:00,666.15,0
2026-07-06 00:00,666.15,0
2026-07-06 01:00,666.15,0
2026-07-06 02:00,666.15,0
2026-07-06 03:00,666.15,0
2026-07-06 04:00,666.15,0
2026-07-06 05:00,666.15,0
2026-07-06 06:00,666.15,0
2026-07-06 07:00,666.15,0
2026-07-06 08:00,666.15,0
2026-07-06 09:00,666.15,0
2026-07-06 10:00,666.15,0
2026-07-06 11:00,666.15,0
2026-07-06 12:00,666.16,0
2026-07-06 13:00,666.16,0
2026-07-06 14:00,666.16,0
2026-07-06 15:00,666.16,0
2026-07-06 16:00,666.16,0
2026-07-06 17:00,666.16,0
2026-07-06 18:00,666.16,0
2026-07-06 19:00,666.16,0
2026-07-06 20:00,666.16,0
2026-07-06 21:00,666.16,0
2026-07-06 22:00,666.16,0
2026-07-06 23:00,666.16,0
2026-07-07 00:00,666.16,0
2026-07-07 01:00,666.16,0
2026-07-07 02:00,666.16,0
2026-07-07 03:00,666.16,0
2026-07-07 04:00,666.16,0
2026-07-07 05:00,666.16,0
2026-07-07 06:00,666.16,0
2026-07-07 07:00,666.16,0
2026-07-07 08:00,666.16,0
2026-07-07 09:00,666.16,0
2026-07-07 10:00,666.16,0
2026-07-07 11:00,666.17,0
2026-07-07 12:00,666.17,0
2026-07-07 13:00,666.17,0
2026-07-07 14:00,666.17,0
2026-07-07 15:00,666.17,0
2026-07-07 16:00,666.94,0
2026-07-07 17:00,666.96,0
2026-07-07 18:00,666.96,0
2026-07-07 19:00,666.96,0
2026-07-07 20:00,666.96,0
2026-07-07 21:00,666.96,0
2026-07-07 22:00,666.96,0
2026-07-07 23:00,666.96,0
2026-07-08 00:00,666.97,0
2026-07-08 01:00,666.97,0
2026-07-08 02:00,666.97,0
2026-07-08 03:00,666.98,0
2026-07-08 04:00,666.98,0
2026-07-08 05:00,666.98,0
2026-07-08 06:00,666.99,0
2026-07-08 07:00,667.0,0
2026-07-08 08:00,667.0,0
2026-07-08 09:00,667.0,0
2026-07-08 10:00,667.0,0
2026-07-08 11:00,667.0,0
2026-07-08 12:00,667.0,0
2026-07-08 13:00,667.0,0
2026-07-08 14:00,667.0,0
2026-07-08 15:00,667.0,0
2026-07-08 16:00,667.0,0
2026-07-08 17:00,667.0,0
2026-07-08 18:00,667.0,0
2026-07-08 19:00,667.01,0
2026-07-08 20:00,667.01,0
2026-07-08 21:00,667.01,0
2026-07-08 22:00,667.01,0
2026-07-08 23:00,667.01,0
2026-07-09 00:00,667.01,0
2026-07-09 01:00,667.01,0
2026-07-09 02:00,667.02,0
2026-07-09 03:00,667.02,0
2026-07-09 04:00,667.03,0
2026-07-09 05:00,667.03,0
2026-07-09 06:00,667.03,0
2026-07-09 07:00,667.03,0
2026-07-09 08:00,667.03,0
2026-07-09 09:00,667.03,0
2026-07-09 10:00,667.03,0
2026-07-09 11:00,667.04,0
2026-07-09 12:00,667.04,0
2026-07-09 13:00,667.04,0
2026-07-09 14:00,667.04,0
2026-07-09 15:00,667.06,0
2026-07-09 16:00,667.09,0
2026-07-09 17:00,667.1,0
2026-07-09 18:00,667.1,0
2026-07-09 19:00,667.1,0
2026-07-09 20:00,667.1,0
2026-07-09 21:00,667.1,0
2026-07-09 22:00,667.1,0
2026-07-09 23:00,667.1,0
2026-07-10 00:00,667.1,0
2026-07-10 01:00,667.1,0
2026-07-10 02:00,667.1,0
2026-07-10 03:00,667.1,0
2026-07-10 04:00,667.1,0
2026-07-10 05:00,667.1,0
2026-07-10 06:00,667.1,0
2026-07-10 07:00,667.1,0
2026-07-10 08:00,667.1,0
2026-07-10 09:00,667.1,0
2026-07-10 10:00,667.1,0
2026-07-10 11:00,667.1,0
2026-07-10 12:00,667.1,0
2026-07-10 13:00,667.1,0
2026-07-10 14:00,667.1,0
2026-07-10 15:00,667.1,0
2026-07-10 16:00,667.1,0
2026-07-10 17:00,667.1,0
2026-07-10 18:00,667.1,0
2026-07-10 19:00,667.1,0
2026-07-10 20:00,667.1,0
2026-07-10 21:00,667.1,0
2026-07-10 22:00,667.1,0
2026-07-10 23:00,667.1,0
2026-07-11 00:00,667.1,0
2026-07-11 01:00,667.1,0
2026-07-11 02:00,667.1,0
2026-07-11 03:00,667.1,0
2026-07-11 04:00,667.1,0
2026-07-11 05:00,667.1,0
2026-07-11 06:00,667.1,0
2026-07-11 07:00,667.1,0
2026-07-11 08:00,667.1,0
2026-07-11 09:00,667.1,0
2026-07-11 10:00,667.1,0
2026-07-11 11:00,667.1,0
2026-07-11 12:00,667.1,0
2026-07-11 13:00,667.1,0
2026-07-11 14:00,667.1,0
2026-07-11 15:00,667.1,0
2026-07-11 16:00,667.1,0
2026-07-11 17:00,667.1,0
2026-07-11 18:00,667.1,0
2026-07-11 19:00,667.1,0
2026-07-11 20:00,667.1,0
2026-07-11 21:00,667.1,0
2026-07-11 22:00,667.1,0
2026-07-11 23:00,667.1,0
2026-07-12 00:00,667.1,0
2026-07-12 01:00,667.1,0
2026-07-12 02:00,667.1,0
2026-07-12 03:00,667.1,0
2026-07-12 04:00,667.1,0
2026-07-12 05:00,667.1,0
2026-07-12 06:00,667.1,0
2026-07-12 07:00,667.1,0
2026-07-12 08:00,667.1,0
2026-07-12 09:00,667.1,0
2026-07-12 10:00,667.1,0
2026-07-12 11:00,667.1,0
2026-07-12 12:00,667.1,0
2026-07-12 13:00,667.1,0
2026-07-12 14:00,667.11,0
2026-07-12 15:00,667.11,0
2026-07-12 16:00,667.15,0
2026-07-12 17:00,667.15,0
2026-07-12 18:00,667.15,0
2026-07-12 19:00,667.15,0
2026-07-12 20:00,667.15,0
2026-07-12 21:00,667.15,0
2026-07-12 22:00,667.15,0
2026-07-12 23:00,667.15,0
2026-07-13 00:00,667.15,0
2026-07-13 01:00,667.15,0
2026-07-13 02:00,667.15,0
2026-07-13 03:00,667.15,0
2026-07-13 04:00,667.15,0
2026-07-13 05:00,667.15,0
2026-07-13 06:00,667.15,0
2026-07-13 07:00,667.15,0
2026-07-13 08:00,667.15,0
2026-07-13 09:00,667.15,0
2026-07-13 10:00,667.15,0
2026-07-13 11:00,667.15,0
2026-07-13 12:00,667.15,0
2026-07-13 13:00,667.15,0
2026-07-13 14:00,667.15,0
2026-07-13 15:00,667.15,0
2026-07-13 16:00,667.15,0
2026-07-13 17:00,667.15,0
2026-07-13 18:00,667.15,0
2026-07-13 19:00,667.15,0
2026-07-13 20:00,667.15,0
2026-07-13 21:00,667.15,0
2026-07-13 22:00,667.15,0
2026-07-13 23:00,667.15,0
2026-07-14 00:00,667.15,0
2026-07-14 01:00,667.15,0
2026-07-14 02:00,667.15,0
2026-07-14 03:00,667.15,0
2026-07-14 04:00,667.15,0
2026-07-14 05:00,667.15,0
2026-07-14 06:00,667.15,0
2026-07-14 07:00,667.15,0
2026-07-14 08:00,667.15,0
2026-07-14 09:00,667.15,0
2026-07-14 10:00,667.15,0
2026-07-14 11:00,667.15,0
2026-07-14 12:00,667.15,0
2026-07-14 13:00,667.15,0
2026-07-14 14:00,667.15,0
2026-07-14 15:00,667.15,0
2026-07-14 16:00,667.15,0
2026-07-14 17:00,667.15,0
2026-07-14 18:00,667.15,0
2026-07-14 19:00,667.15,0
2026-07-14 20:00,667.15,0
2026-07-14 21:00,667.15,0
2026-07-14 22:00,667.15,0
2026-07-14 23:00,667.15,0
2026-07-15 00:00,667.15,0
2026-07-15 01:00,667.15,0
2026-07-15 02:00,667.15,0
2026-07-15 03:00,667.15,0
2026-07-15 04:00,667.15,0
2026-07-15 05:00,667.15,0
2026-07-15 06:00,667.15,0
2026-07-15 07:00,667.15,0
2026-07-15 08:00,667.15,0
2026-07-15 09:00,667.15,0
2026-07-15 10:00,667.15,0
2026-07-15 11:00,667.15,0
2026-07-15 12:00,667.15,0
2026-07-15 13:00,667.15,0
2026-07-15 14:00,667.15,0
2026-07-15 15:00,667.15,0
2026-07-15 16:00,667.15,0
2026-07-15 17:00,667.15,0
2026-07-15 18:00,667.15,0
2026-07-15 19:00,667.15,0
2026-07-15 20:00,667.15,0
2026-07-15 21:00,667.15,0
2026-07-15 22:00,667.15,0
2026-07-15 23:00,667.15,0
2026-07-16 00:00,667.15,0
2026-07-16 01:00,667.15,0
2026-07-16 02:00,667.15,0
2026-07-16 03:00,667.15,0
2026-07-16 04:00,667.15,0
2026-07-16 05:00,667.15,0
2026-07-16 06:00,667.15,0
2026-07-16 07:00,667.15,0
2026-07-16 08:00,667.15,0
2026-07-16 09:00,667.15,0
2026-07-16 10:00,667.15,0
2026-07-16 11:00,667.15,0
2026-07-16 12:00,667.15,0
2026-07-16 13:00,667.15,0
2026-07-16 14:00,667.15,0
2026-07-16 15:00,667.15,0
2026-07-16 16:00,667.15,0
2026-07-16 17:00,667.15,0
2026-07-16 18:00,667.15,0
2026-07-16 19:00,667.15,0
2026-07-16 20:00,667.15,0
2026-07-16 21:00,667.15,0
2026-07-16 22:00,667.15,0
2026-07-16 23:00,667.15,0
2026-07-17 00:00,667.15,0
2026-07-17 01:00,667.15,0
2026-07-17 02:00,667.15,0
2026-07-17 03:00,667.15,0
2026-07-17 04:00,667.15,0
2026-07-17 05:00,667.16,0
2026-07-17 06:00,667.18,0
2026-07-17 07:00,667.19,0
2026-07-17 08:00,667.2,0
2026-07-17 09:00,667.2,0
2026-07-17 10:00,667.2,0
2026-07-17 11:00,667.2,0
2026-07-17 12:00,667.2,0
2026-07-17 13:00,667.2,0
2026-07-17 14:00,667.2,0
2026-07-17 15:00,667.2,0
2026-07-17 16:00,667.2,0
2026-07-17 17:00,667.2,0
2026-07-17 18:00,667.2,0
2026-07-17 19:00,667.2,0
2026-07-17 20:00,667.2,0
2026-07-17 21:00,667.2,0
2026-07-17 22:00,667.2,0
2026-07-17 23:00,667.2,0
2026-07-18 00:00,667.2,0
2026-07-18 01:00,667.2,0
2026-07-18 02:00,667.2,0
2026-07-18 03:00,667.2,0
2026-07-18 04:00,667.2,0
2026-07-18 05:00,667.2,0
2026-07-18 06:00,667.2,0
2026-07-18 07:00,667.2,0
2026-07-18 08:00,667.2,0
2026-07-18 09:00,667.2,0
2026-07-18 10:00,667.2,0
2026-07-18 11:00,667.2,0
2026-07-18 12:00,667.2,0
2026-07-18 13:00,667.2,0
2026-07-18 14:00,667.2,0
2026-07-18 15:00,667.2,0
2026-07-18 16:00,667.2,0
2026-07-18 17:00,667.2,0
2026-07-18 18:00,667.2,0
2026-07-18 19:00,667.2,0
2026-07-18 20:00,667.2,0
2026-07-18 21:00,667.2,0
2026-07-18 22:00,667.2,0
2026-07-18 23:00,667.2,0
2026-07-19 00:00,667.2,0
2026-07-19 01:00,667.2,0
2026-07-19 02:00,667.2,0
2026-07-19 03:00,667.2,0
2026-07-19 04:00,667.21,0
2026-07-19 05:00,667.22,0
2026-07-19 06:00,667.22,0
2026-07-19 07:00,667.23,0
2026-07-19 08:00,667.23,0
2026-07-19 09:00,667.23,0
2026-07-19 10:00,667.23,0
2026-07-19 11:00,667.23,0
2026-07-19 12:00,667.23,0
2026-07-19 13:00,667.23,0
2026-07-19 14:00,667.23,0
2026-07-19 15:00,667.23,0
2026-07-19 16:00,667.23,0
2026-07-19 17:00,667.23,0
2026-07-19 18:00,667.23,0
2026-07-19 19:00,667.23,0
2026-07-19 20:00,667.23,0
2026-07-19 21:00,667.23,0
2026-07-19 22:00,667.23,0
2026-07-19 23:00,667.23,0
2026-07-20 00:00,667.23,0
2026-07-20 01:00,667.23,0
2026-07-20 02:00,667.23,0
2026-07-20 03:00,667.23,0
2026-07-20 04:00,667.23,0
2026-07-20 05:00,667.23,0
2026-07-20 06:00,667.23,0
2026-07-20 07:00,667.23,0
2026-07-20 08:00,667.23,0
2026-07-20 09:00,667.23,0
2026-07-20 10:00,667.23,0
2026-07-20 11:00,667.23,0
2026-07-20 12:00,667.23,0
2026-07-20 13:00,667.23,0
2026-07-20 14:00,667.23,0
2026-07-20 15:00,667.23,0
2026-07-20 16:00,667.23,0
2026-07-20 17:00,667.23,0
2026-07-20 18:00,667.23,0
2026-07-20 19:00,667.23,0
2026-07-20 20:00,667.23,0
2026-07-20 21:00,667.23,0
2026-07-20 22:00,667.23,0
2026-07-20 23:00,667.23,0
2026-07-21 00:00,667.23,0
2026-07-21 01:00,667.23,0
2026-07-21 02:00,667.23,0
2026-07-21 03:00,667.23,0
2026-07-21 04:00,667.23,0
2026-07-21 05:00,667.23,0
2026-07-21 06:00,667.23,0
2026-07-21 07:00,667.23,0
2026-07-21 08:00,667.23,0
2026-07-21 09:00,667.23,0
2026-07-21 10:00,667.23,0
2026-07-21 11:00,667.23,0
2026-07-21 12:00,667.23,0
2026-07-21 13:00,667.23,0
2026-07-21 14:00,667.23,0
2026-07-21 15:00,667.23,0
2026-07-21 16:00,667.23,0
2026-07-21 17:00,667.23,0
2026-07-21 18:00,667.23,0
2026-07-21 19:00,667.23,0
2026-07-21 20:00,667.23,0
2026-07-21 21:00,667.23,0
2026-07-21 22:00,667.23,0
2026-07-21 23:00,667.23,0
2026-07-22 00:00,667.23,0
2026-07-22 01:00,667.23,0
2026-07-22 02:00,667.23,0
2026-07-22 03:00,667.24,0
2026-07-22 04:00,667.26,0
2026-07-22 05:00,667.28,0
2026-07-22 06:00,667.28,0
2026-07-22 07:00,667.28,0
2026-07-22 08:00,667.28,0
2026-07-22 09:00,667.28,0
2026-07-22 10:00,667.28,0
2026-07-22 11:00,667.28,0
2026-07-22 12:00,667.28,0
2026-07-22 13:00,667.28,0
2026-07-22 14:00,667.28,0
2026-07-22 15:00,667.28,0
2026-07-22 16:00,667.28,0
2026-07-22 17:00,667.28,0
2026-07-22 18:00,667.28,0
2026-07-22 19:00,667.28,0
2026-07-22 20:00,667.28,0
2026-07-22 21:00,667.28,0
2026-07-22 22:00,667.28,0
2026-07-22 23:00,667.28,0
2026-07-23 00:00,667.28,0
2026-07-23 01:00,667.28,0
2026-07-23 02:00,667.28,0
2026-07-23 03:00,667.28,0
2026-07-23 04:00,667.28,0
2026-07-23 05:00,667.28,0
2026-07-23 06:00,667.28,0
2026-07-23 07:00,667.28,0
2026-07-23 08:00,667.28,0
2026-07-23 09:00,667.28,0
2026-07-23 10:00,667.28,0
2026-07-23 11:00,667.28,0
2026-07-23 12:00,667.28,0
2026-07-23 13:00,667.28,0
2026-07-23 14:00,667.28,0
2026-07-23 15:00,667.28,0
2026-07-23 16:00,667.28,0
2026-07-23 17:00,667.28,0
2026-07-23 18:00,667.28,0
2026-07-23 19:00,667.28,0
2026-07-23 20:00,667.29,0
2026-07-23 21:00,667.32,0
2026-07-23 22:00,667.39,0
2026-07-23 23:00,667.49,0
2026-07-24 00:00,667.6,0
2026-07-24 01:00,667.82,0
2026-07-24 02:00,667.82,0
2026-07-24 03:00,667.82,0
2026-07-24 04:00,667.82,0
2026-07-24 05:00,667.82,0
2026-07-24 06:00,667.82,0
2026-07-24 07:00,667.82,0
2026-07-24 08:00,667.82,0
2026-07-24 09:00,667.82,0
2026-07-24 10:00,667.82,0
2026-07-24 11:00,667.82,0
2026-07-24 12:00,667.82,0
2026-07-24 13:00,667.82,0
2026-07-24 14:00,667.82,0
2026-07-24 15:00,667.82,0
2026-07-24 16:00,667.82,0
2026-07-24 17:00,667.82,0
2026-07-24 18:00,667.82,0
2026-07-24 19:00,667.82,0
2026-07-24 20:00,667.82,0
2026-07-24 21:00,667.82,0
2026-07-24 22:00,667.82,0
2026-07-24 23:00,667.82,0
2026-07-25 00:00,667.82,0
2026-07-25 01:00,667.82,0
2026-07-25 02:00,667.82,0
2026-07-25 03:00,667.82,0
2026-07-25 04:00,667.82,0
2026-07-25 05:00,667.82,0
2026-07-25 06:00,667.82,0
2026-07-25 07:00,667.82,0
2026-07-25 08:00,667.82,0
2026-07-25 09:00,667.82,0
2026-07-25 10:00,667.82,0
2026-07-25 11:00,667.82,0
2026-07-25 12:00,667.82,0
2026-07-25 13:00,667.82,0
2026-07-25 14:00,667.82,0
2026-07-25 15:00,667.82,0
2026-07-25 16:00,667.82,0
2026-07-25 17:00,667.82,0
2026-07-25 18:00,667.82,0
2026-07-25 19:00,667.82,0
2026-07-25 20:00,667.82,0
2026-07-25 21:00,667.82,0
2026-07-25 22:00,667.82,0
2026-07-25 23:00,667.82,0
2026-07-26 00:00,667.82,0
2026-07-26 01:00,667.82,0
2026-07-26 02:00,667.82,0
2026-07-26 03:00,667.82,0
2026-07-26 04:00,667.82,0
2026-07-26 05:00,667.82,0
2026-07-26 06:00,667.82,0
2026-07-26 07:00,667.82,0
2026-07-26 08:00,667.82,0
2026-07-26 09:00,667.82,0
2026-07-26 10:00,667.82,0
2026-07-26 11:00,667.83,0
2026-07-26 12:00,667.83,0
2026-07-26 13:00,667.84,0
2026-07-26 14:00,667.86,0
2026-07-26 15:00,667.88,0
2026-07-26 16:00,667.92,0
2026-07-26 17:00,668.02,0
2026-07-26 18:00,668.05,0
2026-07-26 19:00,668.11,0
2026-07-26 20:00,668.28,0
2026-07-26 21:00,668.45,0
2026-07-26 22:00,668.6,0
2026-07-26 23:00,669.06,0
2026-07-27 00:00,669.84,0
2026-07-27 01:00,669.95,0
2026-07-27 02:00,670.45,0
2026-07-27 03:00,675.74,0
2026-07-27 04:00,677.36,0
2026-07-27 05:00,677.4,0
2026-07-27 06:00,677.4,0
2026-07-27 07:00,677.4,0
2026-07-27 08:00,684.4,0
2026-07-27 09:00,684.51,0
2026-07-27 10:00,684.52,0
2026-07-27 11:00,684.54,0
2026-07-27 12:00,684.63,0
2026-07-27 13:00,684.67,0
2026-07-27 14:00,684.7,0
2026-07-27 15:00,684.74,0
2026-07-27 16:00,684.75,0
2026-07-27 17:00,684.75,0
2026-07-27 18:00,684.75,0
2026-07-27 19:00,684.75,0
2026-07-27 20:00,684.75,0
2026-07-27 21:00,684.75,0
2026-07-27 22:00,684.75,0
2026-07-27 23:00,684.75,0
2026-07-28 00:00,684.75,0
2026-07-28 01:00,684.75,0
2026-07-28 02:00,684.75,0
2026-07-28 03:00,684.75,0
2026-07-28 04:00,684.75,0
2026-07-28 05:00,684.75,0
2026-07-28 06:00,684.75,0
2026-07-28 07:00,684.75,0
2026-07-28 08:00,684.75,0
2026-07-28 09:00,684.75,0
2026-07-28 10:00,684.75,0
2026-07-28 11:00,684.76,0
2026-07-28 12:00,684.76,0
2026-07-28 13:00,684.76,0
2026-07-28 14:00,684.77,0
2026-07-28 15:00,684.78,0
2026-07-28 16:00,684.78,0
2026-07-28 17:00,684.78,0
2026-07-28 18:00,684.78,0
2026-07-28 19:00,684.78,0
2026-07-28 20:00,684.78,0
2026-07-28 21:00,684.78,0
2026-07-28 22:00,684.78,0
2026-07-28 23:00,684.78,0
2026-07-29 00:00,684.78,0
2026-07-29 01:00,684.78,0
2026-07-29 02:00,684.78,0
2026-07-29 03:00,684.78,0
2026-07-29 04:00,684.78,0
2026-07-29 05:00,684.78,0
2026-07-29 06:00,684.78,0
2026-07-29 07:00,684.78,0
2026-07-29 08:00,684.78,0
2026-07-29 09:00,684.78,0
2026-07-29 10:00,684.78,0
2026-07-29 11:00,684.78,0
2026-07-29 12:00,684.78,0
2026-07-29 13:00,684.78,0
2026-07-29 14:00,684.78,0
2026-07-29 15:00,684.78,0
2026-07-29 16:00,684.78,0
2026-07-29 17:00,684.78,0
2026-07-29 18:00,684.78,0
2026-07-29 19:00,684.78,0
2026-07-29 20:00,684.78,0
2026-07-29 21:00,684.78,0
2026-07-29 22:00,684.78,0
2026-07-29 23:00,684.78,0
2026-07-30 00:00,684.78,0
2026-07-30 01:00,684.78,0
2026-07-30 02:00,684.78,0
2026-07-30 03:00,684.78,0
2026-07-30 04:00,684.78,0
2026-07-30 05:00,684.78,0
2026-07-30 06:00,684.78,0
2026-07-30 07:00,684.78,0
2026-07-30 08:00,684.78,0
2026-07-30 09:00,684.78,0
2026-07-30 10:00,684.78,0
2026-07-30 11:00,684.78,0
2026-07-30 12:00,684.78,0
2026-07-30 13:00,684.78,0
2026-07-30 14:00,684.78,0
2026-07-30 15:00,684.78,0
2026-07-30 16:00,684.92,0
2026-07-30 17:00,684.92,0
2026-07-30 18:00,684.92,0
2026-07-30 19:00,684.92,0
2026-07-30 20:00,684.92,0
2026-07-30 21:00,684.92,0
2026-07-30 22:00,684.92,0
2026-07-30 23:00,684.92,0
2026-07-31 00:00,684.92,0
2026-07-31 01:00,684.92,0
2026-07-31 02:00,684.92,0
2026-07-31 03:00,684.92,0
2026-07-31 04:00,684.92,0
2026-07-31 05:00,684.92,0
2026-07-31 06:00,684.92,0
2026-07-31 07:00,684.92,0
2026-07-31 08:00,684.92,0
2026-07-31 09:00,684.92,0
2026-07-31 10:00,684.92,0
2026-07-31 11:00,684.92,0
2026-07-31 12:00,684.92,0
2026-07-31 13:00,684.92,0
2026-07-31 14:00,684.92,0
2026-07-31 15:00,684.92,0
2026-07-31 16:00,684.92,0
2026-07-31 17:00,684.92,0
2026-07-31 18:00,684.92,0
2026-07-31 19:00,684.92,0
2026-07-31 20:00,684.92,0
2026-07-31 21:00,684.92,0
2026-07-31 22:00,684.92,0
2026-07-31 23:00,684.92,0
2026-08-01 00:00,684.92,0
2026-08-01 01:00,684.92,0
2026-08-01 02:00,684.92,0
2026-08-01 03:00,684.92,0
2026-08-01 04:00,684.92,0
2026-08-01 05:00,684.92,0
2026-08-01 06:00,684.92,0
2026-08-01 07:00,684.92,0
2026-08-01 08:00,684.92,0
2026-08-01 09:00,684.92,0
2026-08-01 10:00,684.92,0
2026-08-01 11:00,684.92,0
2026-08-01 12:00,684.92,0
2026-08-01 13:00,684.92,0
2026-08-01 14:00,684.92,0
2026-08-01 15:00,684.92,0
2026-08-01 16:00,684.92,0
2026-08-01 17:00,684.92,0
2026-08-01 18:00,684.92,0
2026-08-01 19:00,684.92,0
2026-08-01 20:00,684.92,0
2026-08-01 21:00,684.93,0
2026-08-01 22:00,684.93,0
2026-08-01 23:00,684.93,0
2026-08-02 00:00,684.93,0
2026-08-02 01:00,684.93,0
2026-08-02 02:00,684.93,0
2026-08-02 03:00,684.93,0
2026-08-02 04:00,684.93,0
2026-08-02 05:00,684.93,0
2026-08-02 06:00,684.93,0
2026-08-02 07:00,684.93,0
2026-08-02 08:00,684.93,0
2026-08-02 09:00,684.93,0
2026-08-02 10:00,684.93,0
2026-08-02 11:00,684.94,0
2026-08-02 12:00,684.94,0
2026-08-02 13:00,684.98,0
2026-08-02 14:00,686.01,0
2026-08-02 15:00,686.01,0
2026-08-02 16:00,686.01,0
2026-08-02 17:00,686.01,0
2026-08-02 18:00,686.01,0
2026-08-02 19:00,686.01,0
2026-08-02 20:00,686.01,0
2026-08-02 21:00,686.01,0
2026-08-02 22:00,686.01,0
2026-08-02 23:00,686.01,0
2026-08-03 00:00,686.01,0
2026-08-03 01:00,686.01,0
2026-08-03 02:00,686.01,0
2026-08-03 03:00,686.01,0
2026-08-03 04:00,686.01,0
2026-08-03 05:00,686.01,0
2026-08-03 06:00,686.01,0
2026-08-03 07:00,686.01,0
2026-08-03 08:00,686.01,0
2026-08-03 09:00,686.01,0
2026-08-03 10:00,686.01,0
2026-08-03 11:00,686.01,0
2026-08-03 12:00,686.01,0
2026-08-03 13:00,686.01,0
2026-08-03 14:00,686.01,0
2026-08-03 15:00,686.05,0
2026-08-03 16:00,686.38,0
2026-08-03 17:00,686.38,0
2026-08-03 18:00,686.38,0
2026-08-03 19:00,686.38,0
2026-08-03 20:00,686.38,0
2026-08-03 21:00,686.38,0
2026-08-03 22:00,686.38,0
2026-08-03 23:00,686.38,0
2026-08-04 00:00,686.38,0
2026-08-04 01:00,686.38,0
2026-08-04 02:00,686.38,0
2026-08-04 03:00,686.38,0
2026-08-04 04:00,686.38,0
2026-08-04 05:00,686.38,0
2026-08-04 06:00,686.38,0
2026-08-04 07:00,686.38,0
2026-08-04 08:00,686.38,0
2026-08-04 09:00,686.38,0
2026-08-04 10:00,686.38,0
2026-08-04 11:00,686.38,0
2026-08-04 12:00,686.38,0
2026-08-04 13:00,686.38,0
2026-08-04 14:00,686.41,0
2026-08-04 15:00,686.41,0
2026-08-04 16:00,686.42,0
2026-08-04 17:00,686.42,0
2026-08-04 18:00,686.42,0
2026-08-04 19:00,686.42,0
2026-08-04 20:00,686.42,0
2026-08-04 21:00,686.42,0
2026-08-04 22:00,686.42,0
2026-08-04 23:00,686.42,0
2026-08-05 00:00,686.42,0
2026-08-05 01:00,686.42,0
2026-08-05 02:00,686.42,0
2026-08-05 03:00,686.42,0
2026-08-05 04:00,686.42,0
2026-08-05 05:00,686.42,0
2026-08-05 06:00,686.42,0
2026-08-05 07:00,686.42,0
2026-08-05 08:00,686.42,0
2026-08-05 09:00,686.42,0
2026-08-05 10:00,686.42,0
2026-08-05 11:00,686.42,0
2026-08-05 12:00,686.42,0
2026-08-05 13:00,686.42,0
2026-08-05 14:00,687.16,0
2026-08-05 15:00,687.16,0
2026-08-05 16:00,687.16,0
2026-08-05 17:00,687.16,0
2026-08-05 18:00,687.16,0
2026-08-05 19:00,687.16,0
2026-08-05 20:00,687.16,0
2026-08-05 21:00,687.16,0
2026-08-05 22:00,687.16,0
2026-08-05 23:00,687.16,0
2026-08-06 00:00,687.16,0
2026-08-06 01:00,687.16,0
2026-08-06 02:00,687.16,0
2026-08-06 03:00,687.16,0
2026-08-06 04:00,687.16,0
2026-08-06 05:00,687.16,0
2026-08-06 06:00,687.16,0
2026-08-06 07:00,687.16,0
2026-08-06 08:00,687.16,0
2026-08-06 09:00,687.16,0
2026-08-06 10:00,687.16,0
2026-08-06 11:00,687.16,0
2026-08-06 12:00,687.16,0
2026-08-06 13:00,687.16,0
2026-08-06 14:00,687.16,0
2026-08-06 15:00,687.16,0
2026-08-06 16:00,687.16,0
2026-08-06 17:00,687.16,0
2026-08-06 18:00,687.16,0
2026-08-06 19:00,687.16,0
2026-08-06 20:00,687.16,0
2026-08-06 21:00,687.16,0
2026-08-06 22:00,687.16,0
2026-08-06 23:00,687.16,0
2026-08-07 00:00,687.16,0
2026-08-07 01:00,687.16,0
2026-08-07 02:00,687.16,0
2026-08-07 03:00,687.16,0
2026-08-07 04:00,687.16,0
2026-08-07 05:00,687.16,0
2026-08-07 06:00,687.16,0
2026-08-07 07:00,687.16,0
2026-08-07 08:00,687.16,0
2026-08-07 09:00,687.16,0
2026-08-07 10:00,687.16,0
2026-08-07 11:00,687.16,0
2026-08-07 12:00,687.16,0
2026-08-07 13:00,687.16,0
2026-08-07 14:00,687.16,0
2026-08-07 15:00,687.16,0
2026-08-07 16:00,687.17,0
2026-08-07 17:00,687.83,0
2026-08-07 18:00,687.83,0
2026-08-07 19:00,687.83,0
2026-08-07 20:00,687.83,0
2026-08-07 21:00,687.83,0
2026-08-07 22:00,687.83,0
2026-08-07 23:00,687.83,0
2026-08-08 00:00,687.83,0
2026-08-08 01:00,687.84,0
2026-08-08 02:00,687.85,0
2026-08-08 03:00,687.85,0
2026-08-08 04:00,687.86,0
2026-08-08 05:00,687.86,0
2026-08-08 06:00,687.86,0
2026-08-08 07:00,687.86,0
2026-08-08 08:00,687.86,0
2026-08-08 09:00,687.86,0
2026-08-08 10:00,687.86,0
2026-08-08 11:00,687.86,0
2026-08-08 12:00,687.87,0
2026-08-08 13:00,687.87,0
2026-08-08 14:00,687.88,0
2026-08-08 15:00,687.88,0
2026-08-08 16:00,688.44,0
2026-08-08 17:00,688.5,0
2026-08-08 18:00,688.5,0
2026-08-08 19:00,688.5,0
2026-08-08 20:00,688.5,0
2026-08-08 21:00,688.5,0
2026-08-08 22:00,688.5,0
2026-08-08 23:00,688.5,0
2026-08-09 00:00,688.5,0
2026-08-09 01:00,688.5,0
2026-08-09 02:00,688.5,0
2026-08-09 03:00,688.5,0
2026-08-09 04:00,688.5,0
2026-08-09 05:00,688.5,0
2026-08-09 06:00,688.5,0
2026-08-09 07:00,688.5,0
2026-08-09 08:00,688.5,0
2026-08-09 09:00,688.5,0
2026-08-09 10:00,688.5,0
2026-08-09 11:00,688.5,0
2026-08-09 12:00,688.5,0
2026-08-09 13:00,688.5,0
2026-08-09 14:00,688.5,0
2026-08-09 15:00,688.5,0
2026-08-09 16:00,688.5,0
2026-08-09 17:00,688.5,0
2026-08-09 18:00,688.5,0
2026-08-09 19:00,688.5,0
2026-08-09 20:00,688.5,0
2026-08-09 21:00,688.5,0
2026-08-09 22:00,688.5,0
2026-08-09 23:00,688.5,0
2026-08-10 00:00,688.5,0
2026-08-10 01:00,688.5,0
2026-08-10 02:00,688.5,0
2026-08-10 03:00,688.5,0
2026-08-10 04:00,688.5,0
2026-08-10 05:00,688.5,0
2026-08-10 06:00,688.5,0
2026-08-10 07:00,688.5,0
2026-08-10 08:00,688.5,0
2026-08-10 09:00,688.5,0
2026-08-10 10:00,688.5,0
2026-08-10 11:00,688.5,0
2026-08-10 12:00,688.5,0
2026-08-10 13:00,688.5,0
2026-08-10 14:00,688.5,0
2026-08-10 15:00,688.5,0
2026-08-10 16:00,688.5,0
2026-08-10 17:00,688.5,0
2026-08-10 18:00,688.5,0
2026-08-10 19:00,688.5,0
2026-08-10 20:00,688.5,0
2026-08-10 21:00,688.5,0
2026-08-10 22:00,688.5,0
2026-08-10 23:00,688.5,0
2026-08-11 00:00,688.5,0
2026-08-11 01:00,688.5,0
2026-08-11 02:00,688.5,0
2026-08-11 03:00,688.5,0
2026-08-11 04:00,688.5,0
2026-08-11 05:00,688.5,0
2026-08-11 06:00,688.5,0
2026-08-11 07:00,688.5,0
2026-08-11 08:00,688.5,0
2026-08-11 09:00,688.5,0
2026-08-11 10:00,688.5,0
2026-08-11 11:00,688.5,0
2026-08-11 12:00,688.5,0
2026-08-11 13:00,688.5,0
2026-08-11 14:00,688.5,0
2026-08-11 15:00,689.45,0
2026-08-11 16:00,689.45,0
2026-08-11 17:00,689.45,0
2026-08-11 18:00,689.45,0
2026-08-11 19:00,689.45,0
2026-08-11 20:00,689.45,0
2026-08-11 21:00,689.45,0
2026-08-11 22:00,689.45,0
2026-08-11 23:00,689.45,0
2026-08-12 00:00,689.45,0
2026-08-12 01:00,689.45,0
2026-08-12 02:00,689.45,0
2026-08-12 03:00,689.45,0
2026-08-12 04:00,689.45,0
2026-08-12 05:00,689.45,0
2026-08-12 06:00,689.45,0
2026-08-12 07:00,689.45,0
2026-08-12 08:00,689.45,0
2026-08-12 09:00,689.45,0
2026-08-12 10:00,689.45,0
2026-08-12 11:00,689.45,0
2026-08-12 12:00,689.45,0
2026-08-12 13:00,689.45,0
2026-08-12 14:00,689.45,0
2026-08-12 15:00,689.45,0
2026-08-12 16:00,689.45,0
2026-08-12 17:00,689.48,0
2026-08-12 18:00,689.5,0
2026-08-12 19:00,689.5,0
2026-08-12 20:00,689.5,0
2026-08-12 21:00,689.5,0
2026-08-12 22:00,689.5,0
2026-08-12 23:00,689.5,0
2026-08-13 00:00,689.5,0
2026-08-13 01:00,689.5,0
2026-08-13 02:00,689.5,0
2026-08-13 03:00,689.5,0
2026-08-13 04:00,689.5,0
2026-08-13 05:00,689.5,0
2026-08-13 06:00,689.5,0
2026-08-13 07:00,689.5,0
2026-08-13 08:00,689.5,0
2026-08-13 09:00,689.5,0
2026-08-13 10:00,689.5,0
2026-08-13 11:00,689.5,0
2026-08-13 12:00,689.5,0
2026-08-13 13:00,689.5,0
2026-08-13 14:00,689.5,0
2026-08-13 15:00,690.53,0
2026-08-13 16:00,690.64,0
2026-08-13 17:00,690.64,0
2026-08-13 18:00,690.64,0
2026-08-13 19:00,690.64,0
2026-08-13 20:00,690.64,0
2026-08-13 21:00,690.64,0
2026-08-13 22:00,690.64,0
2026-08-13 23:00,690.64,0
2026-08-14 00:00,690.64,0
2026-08-14 01:00,690.64,0
2026-08-14 02:00,690.64,0
2026-08-14 03:00,690.64,0
2026-08-14 04:00,690.64,0
2026-08-14 05:00,690.64,0
2026-08-14 06:00,690.64,0
2026-08-14 07:00,690.64,0
2026-08-14 08:00,690.64,0
2026-08-14 09:00,690.64,0
2026-08-14 10:00,690.64,0
2026-08-14 11:00,690.64,0
2026-08-14 12:00,690.64,0
2026-08-14 13:00,690.64,0
2026-08-14 14:00,690.64,0
2026-08-14 15:00,690.64,0
2026-08-14 16:00,690.64,0
2026-08-14 17:00,690.64,0
2026-08-14 18:00,690.64,0
2026-08-14 19:00,690.64,0
2026-08-14 20:00,690.64,0
2026-08-14 21:00,690.64,0
2026-08-14 22:00,690.64,0
2026-08-14 23:00,690.64,0
2026-08-15 00:00,690.64,0
2026-08-15 01:00,690.64,0
2026-08-15 02:00,690.64,0
2026-08-15 03:00,690.64,0
2026-08-15 04:00,690.64,0
2026-08-15 05:00,690.64,0
2026-08-15 06:00,690.64,0
2026-08-15 07:00,690.64,0
2026-08-15 08:00,690.64,0
2026-08-15 09:00,690.64,0
2026-08-15 10:00,690.64,0
2026-08-15 11:00,690.64,0
2026-08-15 12:00,690.64,0
2026-08-15 13:00,690.64,0
2026-08-15 14:00,690.64,0
2026-08-15 15:00,690.64,0
2026-08-15 16:00,690.64,0
2026-08-15 17:00,690.64,0
2026-08-15 18:00,690.64,0
2026-08-15 19:00,690.64,0
2026-08-15 20:00,690.64,0
2026-08-15 21:00,690.64,0
2026-08-15 22:00,690.64,0
2026-08-15 23:00,690.64,0
2026-08-16 00:00,690.64,0
2026-08-16 01:00,690.64,0
2026-08-16 02:00,690.64,0
2026-08-16 03:00,690.64,0
2026-08-16 04:00,690.64,0
2026-08-16 05:00,690.64,0
2026-08-16 06:00,690.64,0
2026-08-16 07:00,690.64,0
2026-08-16 08:00,690.64,0
2026-08-16 09:00,690.64,0
2026-08-16 10:00,690.64,0
2026-08-16 11:00,690.64,0
2026-08-16 12:00,690.65,0
2026-08-16 13:00,690.65,0
2026-08-16 14:00,690.65,0
2026-08-16 15:00,690.65,0
2026-08-16 16:00,690.66,0
2026-08-16 17:00,690.9,0
2026-08-16 18:00,690.9,0
2026-08-16 19:00,690.9,0
2026-08-16 20:00,690.9,0
2026-08-16 21:00,690.9,0
2026-08-16 22:00,690.9,0
2026-08-16 23:00,690.9,0
2026-08-17 00:00,690.9,0
2026-08-17 01:00,690.91,0
2026-08-17 02:00,690.92,0
2026-08-17 03:00,690.94,0
2026-08-17 04:00,690.94,0
2026-08-17 05:00,690.94,0
2026-08-17 06:00,690.95,0
2026-08-17 07:00,690.96,0
2026-08-17 08:00,690.96,0
2026-08-17 09:00,690.96,0
2026-08-17 10:00,690.97,0
2026-08-17 11:00,691.0,0
2026-08-17 12:00,691.01,0
2026-08-17 13:00,691.04,0
2026-08-17 14:00,691.05,0
2026-08-17 15:00,691.08,0
2026-08-17 16:00,691.78,0
2026-08-17 17:00,691.81,0
2026-08-17 18:00,691.87,0
2026-08-17 19:00,692.08,0
2026-08-17 20:00,692.08,0
2026-08-17 21:00,692.08,0
2026-08-17 22:00,692.09,0
2026-08-17 23:00,692.54,0
2026-08-18 00:00,693.42,0
2026-08-18 01:00,694.12,0
2026-08-18 02:00,694.23,0
2026-08-18 03:00,694.33,0
2026-08-18 04:00,694.8,0
2026-08-18 05:00,695.74,0
2026-08-18 06:00,696.16,0
2026-08-18 07:00,696.16,0
2026-08-18 08:00,696.16,0
2026-08-18 09:00,696.16,0
2026-08-18 10:00,696.16,0
2026-08-18 11:00,696.22,0
2026-08-18 12:00,696.22,0
2026-08-18 13:00,696.22,0
2026-08-18 14:00,696.23,0
2026-08-18 15:00,696.23,0
2026-08-18 16:00,696.23,0
2026-08-18 17:00,696.23,0
2026-08-18 18:00,696.23,0
2026-08-18 19:00,696.23,0
2026-08-18 20:00,696.23,0
2026-08-18 21:00,696.23,0
2026-08-18 22:00,696.23,0
2026-08-18 23:00,696.23,0
2026-08-19 00:00,696.23,0
2026-08-19 01:00,696.23,0
2026-08-19 02:00,696.23,0
2026-08-19 03:00,696.23,0
2026-08-19 04:00,696.23,0
2026-08-19 05:00,696.23,0
2026-08-19 06:00,696.23,0
2026-08-19 07:00,696.23,0
2026-08-19 08:00,696.23,0
2026-08-19 09:00,696.23,0
2026-08-19 10:00,696.23,0
2026-08-19 11:00,696.23,0
2026-08-19 12:00,696.23,0
2026-08-19 13:00,696.24,0
2026-08-19 14:00,696.25,0
2026-08-19 15:00,696.25,0
2026-08-19 16:00,696.25,0
2026-08-19 17:00,696.25,0
2026-08-19 18:00,696.25,0
2026-08-19 19:00,696.25,0
2026-08-19 20:00,696.25,0
2026-08-19 21:00,696.25,0
2026-08-19 22:00,696.25,0
2026-08-19 23:00,696.25,0
2026-08-20 00:00,696.25,0
2026-08-20 01:00,696.25,0
2026-08-20 02:00,696.25,0
2026-08-20 03:00,696.25,0
2026-08-20 04:00,696.25,0
2026-08-20 05:00,696.25,0
2026-08-20 06:00,696.25,0
2026-08-20 07:00,696.26,0
2026-08-20 08:00,696.26,0
2026-08-20 09:00,696.26,0
2026-08-20 10:00,696.26,0
2026-08-20 11:00,696.26,0
2026-08-20 12:00,696.26,0
2026-08-20 13:00,696.26,0
2026-08-20 14:00,696.26,0
2026-08-20 15:00,696.26,0
2026-08-20 16:00,696.26,0
2026-08-20 17:00,696.26,0
2026-08-20 18:00,696.26,0
2026-08-20 19:00,696.26,0
2026-08-20 20:00,696.26,0
2026-08-20 21:00,696.26,0
2026-08-20 22:00,696.26,0
2026-08-20 23:00,696.26,0
2026-08-21 00:00,696.26,0
2026-08-21 01:00,696.26,0
2026-08-21 02:00,696.26,0
2026-08-21 03:00,696.26,0
2026-08-21 04:00,696.26,0
2026-08-21 05:00,696.27,0
2026-08-21 06:00,696.28,0
2026-08-21 07:00,696.3,0
2026-08-21 08:00,696.31,0
2026-08-21 09:00,696.33,0
2026-08-21 10:00,696.35,0
2026-08-21 11:00,696.35,0
2026-08-21 12:00,696.35,0
2026-08-21 13:00,696.35,0
2026-08-21 14:00,696.35,0
2026-08-21 15:00,696.35,0
2026-08-21 16:00,696.44,0
2026-08-21 17:00,696.44,0
2026-08-21 18:00,696.45,0
2026-08-21 19:00,696.45,0
2026-08-21 20:00,696.45,0
2026-08-21 21:00,696.45,0
2026-08-21 22:00,696.45,0
2026-08-21 23:00,696.45,0
2026-08-22 00:00,696.45,0
2026-08-22 01:00,696.45,0
2026-08-22 02:00,696.45,0
2026-08-22 03:00,696.45,0
2026-08-22 04:00,696.46,0
2026-08-22 05:00,696.47,0
2026-08-22 06:00,696.52,0
2026-08-22 07:00,696.7,0
2026-08-22 08:00,696.95,0
2026-08-22 09:00,697.14,0
2026-08-22 10:00,697.36,0
2026-08-22 11:00,697.62,0
2026-08-22 12:00,697.73,0
2026-08-22 13:00,697.82,0
2026-08-22 14:00,697.95,0
2026-08-22 15:00,698.26,0
2026-08-22 16:00,698.33,0
2026-08-22 17:00,698.5,0
2026-08-22 18:00,698.57,0
2026-08-22 19:00,698.62,0
2026-08-22 20:00,698.62,0
2026-08-22 21:00,698.62,0
2026-08-22 22:00,698.62,0
2026-08-22 23:00,698.62,0
2026-08-23 00:00,698.62,0
2026-08-23 01:00,698.62,0
2026-08-23 02:00,698.62,0
2026-08-23 03:00,698.62,0
2026-08-23 04:00,698.62,0
2026-08-23 05:00,698.62,0
2026-08-23 06:00,698.62,0
2026-08-23 07:00,698.62,0
2026-08-23 08:00,698.62,0
2026-08-23 09:00,698.62,0
2026-08-23 10:00,698.62,0
2026-08-23 11:00,698.62,0
2026-08-23 12:00,698.62,0
2026-08-23 13:00,698.62,0
2026-08-23 14:00,698.62,0
2026-08-23 15:00,698.62,0
2026-08-23 16:00,698.62,0
2026-08-23 17:00,698.62,0
2026-08-23 18:00,698.62,0
2026-08-23 19:00,698.62,0
2026-08-23 20:00,698.62,0
2026-08-23 21:00,698.62,0
2026-08-23 22:00,698.62,0
2026-08-23 23:00,698.62,0
2026-08-24 00:00,698.62,0
2026-08-24 01:00,698.62,0
2026-08-24 02:00,698.62,0
2026-08-24 03:00,698.62,0
2026-08-24 04:00,698.62,0
2026-08-24 05:00,698.62,0
2026-08-24 06:00,698.62,0
2026-08-24 07:00,698.62,0
2026-08-24 08:00,698.62,0
2026-08-24 09:00,698.62,0
2026-08-24 10:00,698.62,0
2026-08-24 11:00,698.62,0
2026-08-24 12:00,698.62,0
2026-08-24 13:00,698.62,0
2026-08-24 14:00,698.62,0
2026-08-24 15:00,698.62,0
2026-08-24 16:00,698.62,0
2026-08-24 17:00,698.62,0
2026-08-24 18:00,698.62,0
2026-08-24 19:00,698.62,0
2026-08-24 20:00,698.62,0
2026-08-24 21:00,698.62,0
2026-08-24 22:00,698.62,0
2026-08-24 23:00,698.62,0
2026-08-25 00:00,698.62,0
2026-08-25 01:00,698.62,0
2026-08-25 02:00,698.62,0
2026-08-25 03:00,698.62,0
2026-08-25 04:00,698.62,0
2026-08-25 05:00,698.62,0
2026-08-25 06:00,698.62,0
2026-08-25 07:00,698.62,0
2026-08-25 08:00,698.62,0
2026-08-25 09:00,698.62,0
2026-08-25 10:00,698.62,0
2026-08-25 11:00,698.62,0
2026-08-25 12:00,698.62,0
2026-08-25 13:00,698.63,0
2026-08-25 14:00,698.63,0
2026-08-25 15:00,698.72,0
2026-08-25 16:00,698.86,0
2026-08-25 17:00,699.14,0
2026-08-25 18:00,699.6,0
2026-08-25 19:00,699.74,0
2026-08-25 20:00,699.8,0
2026-08-25 21:00,699.94,0
2026-08-25 22:00,700.0,0
2026-08-25 23:00,700.03,0
2026-08-26 00:00,700.07,0
2026-08-26 01:00,700.1,0
2026-08-26 02:00,700.12,0
2026-08-26 03:00,700.14,0
2026-08-26 04:00,700.16,0
2026-08-26 05:00,700.16,0
2026-08-26 06:00,700.16,0
2026-08-26 07:00,700.17,0
2026-08-26 08:00,700.17,0
2026-08-26 09:00,700.17,0
2026-08-26 10:00,700.17,0
2026-08-26 11:00,700.17,0
2026-08-26 12:00,700.17,0
2026-08-26 13:00,700.17,0
2026-08-26 14:00,700.17,0
2026-08-26 15:00,700.17,0
2026-08-26 16:00,700.17,0
2026-08-26 17:00,700.17,0
2026-08-26 18:00,700.17,0
2026-08-26 19:00,700.17,0
2026-08-26 20:00,700.17,0
2026-08-26 21:00,700.17,0
2026-08-26 22:00,700.17,0
2026-08-26 23:00,700.17,0
2026-08-27 00:00,700.17,0
2026-08-27 01:00,700.17,0
2026-08-27 02:00,700.17,0
2026-08-27 03:00,700.17,0
2026-08-27 04:00,700.17,0
2026-08-27 05:00,700.17,0
2026-08-27 06:00,700.17,0
2026-08-27 07:00,700.17,0
2026-08-27 08:00,700.17,0
2026-08-27 09:00,700.17,0
2026-08-27 10:00,700.17,0
2026-08-27 11:00,700.17,0
2026-08-27 12:00,700.17,0
2026-08-27 13:00,700.17,0
2026-08-27 14:00,700.17,0
2026-08-27 15:00,700.17,0
2026-08-27 16:00,700.17,0
2026-08-27 17:00,700.17,0
2026-08-27 18:00,700.17,0
2026-08-27 19:00,700.17,0
2026-08-27 20:00,700.17,0
2026-08-27 21:00,700.17,0
2026-08-27 22:00,700.17,0
2026-08-27 23:00,700.17,0
2026-08-28 00:00,700.17,0
2026-08-28 01:00,700.17,0
2026-08-28 02:00,700.17,0
2026-08-28 03:00,700.17,0
2026-08-28 04:00,700.17,0
2026-08-28 05:00,700.17,0
2026-08-28 06:00,700.17,0
2026-08-28 07:00,700.17,0
2026-08-28 08:00,700.17,0
2026-08-28 09:00,700.17,0
2026-08-28 10:00,700.17,0
2026-08-28 11:00,700.17,0
2026-08-28 12:00,700.17,0
2026-08-28 13:00,700.17,0
2026-08-28 14:00,700.17,0
2026-08-28 15:00,700.17,0
2026-08-28 16:00,700.17,0
2026-08-28 17:00,700.17,0
2026-08-28 18:00,700.17,0
2026-08-28 19:00,700.17,0
2026-08-28 20:00,700.17,0
2026-08-28 21:00,700.17,0
2026-08-28 22:00,700.17,0
2026-08-28 23:00,700.17,0
2026-08-29 00:00,700.17,0
2026-08-29 01:00,700.17,0
2026-08-29 02:00,700.17,0
2026-08-29 03:00,700.17,0
2026-08-29 04:00,700.17,0
2026-08-29 05:00,700.17,0
2026-08-29 06:00,700.17,0
2026-08-29 07:00,700.17,0
2026-08-29 08:00,700.17,0
2026-08-29 09:00,700.17,0
2026-08-29 10:00,700.17,0
2026-08-29 11:00,700.17,0
2026-08-29 12:00,700.17,0
2026-08-29 13:00,700.17,0
2026-08-29 14:00,700.17,0
2026-08-29 15:00,700.17,0
2026-08-29 16:00,700.17,0
2026-08-29 17:00,700.17,0
2026-08-29 18:00,700.17,0
2026-08-29 19:00,700.17,0
2026-08-29 20:00,700.17,0
2026-08-29 21:00,700.17,0
2026-08-29 22:00,700.17,0
2026-08-29 23:00,700.17,0
2026-08-30 00:00,700.17,0
2026-08-30 01:00,700.17,0
2026-08-30 02:00,700.17,0
2026-08-30 03:00,700.17,0
2026-08-30 04:00,700.17,0
2026-08-30 05:00,700.17,0
2026-08-30 06:00,700.17,0
2026-08-30 07:00,700.17,0
2026-08-30 08:00,700.17,0
2026-08-30 09:00,700.17,0
2026-08-30 10:00,700.17,0
2026-08-30 11:00,700.17,0
2026-08-30 12:00,700.17,0
2026-08-30 13:00,700.2,0
2026-08-30 14:00,700.28,0
2026-08-30 15:00,700.32,0
2026-08-30 16:00,700.35,0
2026-08-30 17:00,700.45,0
2026-08-30 18:00,700.87,0
2026-08-30 19:00,701.13,0
2026-08-30 20:00,701.28,0
2026-08-30 21:00,701.4,0
2026-08-30 22:00,701.5,0
2026-08-30 23:00,701.59,0
2026-08-31 00:00,701.74,0
2026-08-31 01:00,701.94,0
2026-08-31 02:00,702.01,0
2026-08-31 03:00,702.1,0
2026-08-31 04:00,702.14,0
2026-08-31 05:00,702.16,0
2026-08-31 06:00,702.16,0
2026-08-31 07:00,702.17,0
2026-08-31 08:00,702.17,0
2026-08-31 09:00,702.17,0
2026-08-31 10:00,702.18,0
2026-08-31 11:00,702.21,0
2026-08-31 12:00,702.23,0
2026-08-31 13:00,702.28,0
2026-08-31 14:00,702.35,0
2026-08-31 15:00,702.5,0
2026-08-31 16:00,702.5,0
2026-08-31 17:00,702.5,0
2026-08-31 18:00,702.5,0
2026-08-31 19:00,702.5,0
2026-08-31 20:00,702.5,0
2026-08-31 21:00,702.5,0
2026-08-31 22:00,702.5,0
2026-08-31 23:00,702.5,0
2026-09-01 00:00,702.5,0
2026-09-01 01:00,702.5,0
2026-09-01 02:00,702.5,0
2026-09-01 03:00,702.5,0
2026-09-01 04:00,702.5,0
2026-09-01 05:00,702.5,0
2026-09-01 06:00,702.5,0
2026-09-01 07:00,702.5,0
2026-09-01 08:00,702.5,0
2026-09-01 09:00,702.5,0
2026-09-01 10:00,702.5,0
2026-09-01 11:00,702.5,0
2026-09-01 12:00,702.5,0
2026-09-01 13:00,702.5,0
2026-09-01 14:00,702.5,0
2026-09-01 15:00,702.5,0
2026-09-01 16:00,702.5,0
2026-09-01 17:00,702.5,0
2026-09-01 18:00,702.5,0
2026-09-01 19:00,702.5,0
2026-09-01 20:00,702.5,0
2026-09-01 21:00,702.5,0
2026-09-01 22:00,702.5,0
2026-09-01 23:00,702.5,0
2026-09-02 00:00,702.5,0
2026-09-02 01:00,702.5,0
2026-09-02 02:00,702.5,0
2026-09-02 03:00,702.5,0
2026-09-02 04:00,702.5,0
2026-09-02 05:00,702.5,0
2026-09-02 06:00,702.5,0
2026-09-02 07:00,702.5,0
2026-09-02 08:00,702.5,0
2026-09-02 09:00,702.5,0
2026-09-02 10:00,702.5,0
2026-09-02 11:00,702.5,0
2026-09-02 12:00,702.5,0
2026-09-02 13:00,702.5,0
2026-09-02 14:00,702.5,0
2026-09-02 15:00,702.62,0
2026-09-02 16:00,702.62,0
2026-09-02 17:00,702.62,0
2026-09-02 18:00,702.62,0
2026-09-02 19:00,702.62,0
2026-09-02 20:00,702.62,0
2026-09-02 21:00,702.62,0
2026-09-02 22:00,702.62,0
2026-09-02 23:00,702.62,0
2026-09-03 00:00,702.62,0
2026-09-03 01:00,702.62,0
2026-09-03 02:00,702.62,0
2026-09-03 03:00,702.62,0
2026-09-03 04:00,702.62,0
2026-09-03 05:00,702.63,0
2026-09-03 06:00,702.63,0
2026-09-03 07:00,702.63,0
2026-09-03 08:00,702.63,0
2026-09-03 09:00,702.63,0
2026-09-03 10:00,702.63,0
2026-09-03 11:00,702.63,0
2026-09-03 12:00,702.63,0
2026-09-03 13:00,702.63,0
2026-09-03 14:00,702.63,0
2026-09-03 15:00,702.63,0
2026-09-03 16:00,702.63,0
2026-09-03 17:00,702.63,0
2026-09-03 18:00,702.63,0
2026-09-03 19:00,702.63,0
2026-09-03 20:00,702.63,0
2026-09-03 21:00,702.63,0
2026-09-03 22:00,702.63,0
2026-09-03 23:00,702.63,0
2026-09-04 00:00,702.63,0
2026-09-04 01:00,702.63,0
2026-09-04 02:00,702.63,0
2026-09-04 03:00,702.63,0
2026-09-04 04:00,702.63,0
2026-09-04 05:00,702.63,0
2026-09-04 06:00,702.63,0
2026-09-04 07:00,702.63,0
2026-09-04 08:00,702.63,0
2026-09-04 09:00,702.63,0
2026-09-04 10:00,702.63,0
2026-09-04 11:00,702.63,0
2026-09-04 12:00,702.63,0
2026-09-04 13:00,702.63,0
2026-09-04 14:00,702.63,0
2026-09-04 15:00,702.63,0
2026-09-04 16:00,702.63,0
2026-09-04 17:00,702.63,0
2026-09-04 18:00,702.63,0
2026-09-04 19:00,702.63,0
2026-09-04 20:00,702.63,0
2026-09-04 21:00,702.63,0
2026-09-04 22:00,702.63,0
2026-09-04 23:00,702.63,0
2026-09-05 00:00,702.63,0
2026-09-05 01:00,702.63,0
2026-09-05 02:00,702.63,0
2026-09-05 03:00,702.63,0
2026-09-05 04:00,702.63,0
2026-09-05 05:00,702.63,0
2026-09-05 06:00,702.63,0
2026-09-05 07:00,702.63,0
2026-09-05 08:00,702.63,0
2026-09-05 09:00,702.63,0
2026-09-05 10:00,702.63,0
2026-09-05 11:00,702.63,0
2026-09-05 12:00,702.63,0
2026-09-05 13:00,702.63,0
2026-09-05 14:00,702.63,0
2026-09-05 15:00,702.63,0
2026-09-05 16:00,702.63,0
2026-09-05 17:00,702.63,0
2026-09-05 18:00,702.63,0
2026-09-05 19:00,702.63,0
2026-09-05 20:00,702.63,0
2026-09-05 21:00,702.63,0
2026-09-05 22:00,702.63,0
2026-09-05 23:00,702.63,0
2026-09-06 00:00,702.63,0
2026-09-06 01:00,702.63,0
2026-09-06 02:00,702.63,0
2026-09-06 03:00,702.63,0
2026-09-06 04:00,702.63,0
2026-09-06 05:00,702.63,0
2026-09-06 06:00,702.63,0
2026-09-06 07:00,702.63,0
2026-09-06 08:00,702.63,0
2026-09-06 09:00,702.63,0
2026-09-06 10:00,702.63,0
2026-09-06 11:00,702.63,0
2026-09-06 12:00,702.63,0
2026-09-06 13:00,702.63,0
2026-09-06 14:00,702.63,0
2026-09-06 15:00,702.63,0
2026-09-06 16:00,702.63,0
2026-09-06 17:00,702.63,0
2026-09-06 18:00,702.63,0
2026-09-06 19:00,702.63,0
2026-09-06 20:00,702.63,0
2026-09-06 21:00,702.63,0
2026-09-06 22:00,702.63,0
2026-09-06 23:00,702.63,0
2026-09-07 00:00,702.63,0
2026-09-07 01:00,702.63,0
2026-09-07 02:00,702.63,0
2026-09-07 03:00,702.63,0
2026-09-07 04:00,702.63,0
2026-09-07 05:00,702.63,0
2026-09-07 06:00,702.63,0
2026-09-07 07:00,702.63,0
2026-09-07 08:00,702.63,0
2026-09-07 09:00,702.63,0
2026-09-07 10:00,702.63,0
2026-09-07 11:00,702.63,0
2026-09-07 12:00,702.63,0
2026-09-07 13:00,702.63,0
2026-09-07 14:00,702.63,0
2026-09-07 15:00,702.63,0
2026-09-07 16:00,702.63,0
2026-09-07 17:00,702.63,0
2026-09-07 18:00,702.63,0
2026-09-07 19:00,702.63,0
2026-09-07 20:00,702.63,0
2026-09-07 21:00,702.63,0
2026-09-07 22:00,702.63,0
2026-09-07 23:00,702.63,0
2026-09-08 00:00,702.63,0
2026-09-08 01:00,702.63,0
2026-09-08 02:00,702.63,0
2026-09-08 03:00,702.63,0
2026-09-08 04:00,702.63,0
2026-09-08 05:00,702.63,0
2026-09-08 06:00,702.63,0
2026-09-08 07:00,702.63,0
2026-09-08 08:00,702.63,0
2026-09-08 09:00,702.63,0
2026-09-08 10:00,702.63,0
2026-09-08 11:00,702.63,0
2026-09-08 12:00,702.63,0
2026-09-08 13:00,702.63,0
2026-09-08 14:00,702.76,0
2026-09-08 15:00,702.76,0
2026-09-08 16:00,702.76,0
2026-09-08 17:00,702.76,0
2026-09-08 18:00,702.76,0
2026-09-08 19:00,702.76,0
2026-09-08 20:00,702.76,0
2026-09-08 21:00,702.76,0
2026-09-08 22:00,702.76,0
2026-09-08 23:00,702.76,0
2026-09-09 00:00,702.76,0
2026-09-09 01:00,702.76,0
2026-09-09 02:00,702.76,0
2026-09-09 03:00,702.76,0
2026-09-09 04:00,702.76,0
2026-09-09 05:00,702.76,0
2026-09-09 06:00,702.76,0
2026-09-09 07:00,702.76,0
2026-09-09 08:00,702.76,0
2026-09-09 09:00,702.76,0
2026-09-09 10:00,702.76,0
2026-09-09 11:00,702.76,0
2026-09-09 12:00,702.76,0
2026-09-09 13:00,702.76,0
2026-09-09 14:00,702.76,0
2026-09-09 15:00,702.76,0
2026-09-09 16:00,702.76,0
2026-09-09 17:00,702.76,0
2026-09-09 18:00,702.76,0
2026-09-09 19:00,702.76,0
2026-09-09 20:00,702.76,0
2026-09-09 21:00,702.76,0
2026-09-09 22:00,702.76,0
2026-09-09 23:00,702.76,0
2026-09-10 00:00,702.76,0
2026-09-10 01:00,702.76,0
2026-09-10 02:00,702.76,0
2026-09-10 03:00,702.76,0
2026-09-10 04:00,702.76,0
2026-09-10 05:00,702.76,0
2026-09-10 06:00,702.76,0
2026-09-10 07:00,702.76,0
2026-09-10 08:00,702.76,0
2026-09-10 09:00,702.76,0
2026-09-10 10:00,702.76,0
2026-09-10 11:00,702.76,0
2026-09-10 12:00,702.76,0
2026-09-10 13:00,702.76,0
2026-09-10 14:00,702.76,0
2026-09-10 15:00,702.76,0
2026-09-10 16:00,702.76,0
2026-09-10 17:00,702.76,0
2026-09-10 18:00,702.76,0
2026-09-10 19:00,702.76,0
2026-09-10 20:00,702.76,0
2026-09-10 21:00,702.76,0
2026-09-10 22:00,702.76,0
2026-09-10 23:00,702.76,0
2026-09-11 00:00,702.9,0
2026-09-11 01:00,705.66,0
2026-09-11 02:00,709.91,0
2026-09-11 03:00,709.92,0
2026-09-11 04:00,709.92,0
2026-09-11 05:00,709.92,0
2026-09-11 06:00,709.94,0
2026-09-11 07:00,710.05,0
2026-09-11 08:00,710.05,0
2026-09-11 09:00,710.09,0
2026-09-11 10:00,710.3,0
2026-09-11 11:00,710.83,0
2026-09-11 12:00,711.22,0
2026-09-11 13:00,711.48,0
2026-09-11 14:00,711.66,0
2026-09-11 15:00,711.67,0
2026-09-11 16:00,711.67,0
2026-09-11 17:00,711.67,0
2026-09-11 18:00,711.67,0
2026-09-11 19:00,711.67,0
2026-09-11 20:00,711.75,0
2026-09-11 21:00,711.8,0
2026-09-11 22:00,711.84,0
2026-09-11 23:00,711.86,0
2026-09-12 00:00,711.86,0
2026-09-12 01:00,711.86,0
2026-09-12 02:00,711.86,0
2026-09-12 03:00,711.88,0
2026-09-12 04:00,711.89,0
2026-09-12 05:00,711.91,0
2026-09-12 06:00,711.96,0
2026-09-12 07:00,711.98,0
2026-09-12 08:00,711.98,0
2026-09-12 09:00,711.99,0
2026-09-12 10:00,711.99,0
2026-09-12 11:00,712.02,0
2026-09-12 12:00,712.02,0
2026-09-12 13:00,712.03,0
2026-09-12 14:00,712.06,0
2026-09-12 15:00,712.22,0
2026-09-12 16:00,712.23,0
2026-09-12 17:00,712.32,0
2026-09-12 18:00,712.32,0
2026-09-12 19:00,712.32,0
2026-09-12 20:00,712.32,0
2026-09-12 21:00,712.4,0
2026-09-12 22:00,712.4,0
2026-09-12 23:00,712.4,0
2026-09-13 00:00,712.4,0
2026-09-13 01:00,712.4,0
2026-09-13 02:00,712.4,0
2026-09-13 03:00,712.4,0
2026-09-13 04:00,712.4,0
2026-09-13 05:00,712.4,0
2026-09-13 06:00,712.4,0
2026-09-13 07:00,712.4,0
2026-09-13 08:00,712.4,0
2026-09-13 09:00,712.4,0
2026-09-13 10:00,712.4,0
2026-09-13 11:00,712.4,0
2026-09-13 12:00,712.4,0
2026-09-13 13:00,712.4,0
2026-09-13 14:00,712.4,0
2026-09-13 15:00,712.4,0
2026-09-13 16:00,712.4,0
2026-09-13 17:00,712.4,0
2026-09-13 18:00,712.4,0
2026-09-13 19:00,712.4,0
2026-09-13 20:00,712.4,0
2026-09-13 21:00,712.4,0
2026-09-13 22:00,712.4,0
2026-09-13 23:00,712.4,0
2026-09-14 00:00,712.4,0
2026-09-14 01:00,712.4,0
2026-09-14 02:00,712.4,0
2026-09-14 03:00,712.4,0
2026-09-14 04:00,712.4,0
2026-09-14 05:00,712.4,0
2026-09-14 06:00,712.4,0
2026-09-14 07:00,712.4,0
2026-09-14 08:00,712.4,0
2026-09-14 09:00,712.4,0
2026-09-14 10:00,712.4,0
2026-09-14 11:00,712.4,0
2026-09-14 12:00,712.4,0
2026-09-14 13:00,712.4,0
2026-09-14 14:00,712.4,0
2026-09-14 15:00,712.4,0
2026-09-14 16:00,712.4,0
2026-09-14 17:00,712.4,0
2026-09-14 18:00,712.4,0
2026-09-14 19:00,712.4,0
2026-09-14 20:00,712.4,0
2026-09-14 21:00,712.4,0
2026-09-14 22:00,712.4,0
2026-09-14 23:00,712.4,0
2026-09-15 00:00,712.4,0
2026-09-15 01:00,712.4,0
2026-09-15 02:00,712.4,0
2026-09-15 03:00,712.4,0
2026-09-15 04:00,712.4,0
2026-09-15 05:00,712.4,0
2026-09-15 06:00,712.4,0
2026-09-15 07:00,712.4,0
2026-09-15 08:00,712.4,0
2026-09-15 09:00,712.4,0
2026-09-15 10:00,712.4,0
2026-09-15 11:00,712.4,0
2026-09-15 12:00,712.41,0
2026-09-15 13:00,712.41,0
2026-09-15 14:00,712.41,0
2026-09-15 15:00,712.41,0
2026-09-15 16:00,712.41,0
2026-09-15 17:00,712.41,0
2026-09-15 18:00,712.41,0
2026-09-15 19:00,712.46,0
2026-09-15 20:00,712.46,0
2026-09-15 21:00,712.46,0
2026-09-15 22:00,712.46,0
2026-09-15 23:00,712.46,0
2026-09-16 00:00,712.46,0
2026-09-16 01:00,712.46,0
2026-09-16 02:00,712.46,0
2026-09-16 03:00,712.46,0
2026-09-16 04:00,712.46,0
2026-09-16 05:00,712.46,0
2026-09-16 06:00,712.46,0
2026-09-16 07:00,712.46,0
2026-09-16 08:00,712.46,0
2026-09-16 09:00,712.46,0
2026-09-16 10:00,712.46,0
2026-09-16 11:00,712.46,0
2026-09-16 12:00,712.46,0
2026-09-16 13:00,712.46,0
2026-09-16 14:00,712.46,0
2026-09-16 15:00,712.46,0
2026-09-16 16:00,712.46,0
2026-09-16 17:00,712.46,0
2026-09-16 18:00,712.46,0
2026-09-16 19:00,712.46,0
2026-09-16 20:00,712.46,0
2026-09-16 21:00,712.46,0
2026-09-16 22:00,712.46,0
2026-09-16 23:00,712.46,0
2026-09-17 00:00,712.48,0
2026-09-17 01:00,712.51,0
2026-09-17 02:00,712.54,0
2026-09-17 03:00,712.58,0
2026-09-17 04:00,712.61,0
2026-09-17 05:00,712.62,0
2026-09-17 06:00,712.64,0
2026-09-17 07:00,712.66,0
2026-09-17 08:00,712.67,0
2026-09-17 09:00,712.69,0
2026-09-17 10:00,712.72,0
2026-09-17 11:00,712.77,0
2026-09-17 12:00,712.78,0
2026-09-17 13:00,712.81,0
2026-09-17 14:00,712.81,0
2026-09-17 15:00,712.81,0
2026-09-17 16:00,712.81,0
2026-09-17 17:00,712.81,0
2026-09-17 18:00,712.82,0
2026-09-17 19:00,712.82,0
2026-09-17 20:00,712.82,0
2026-09-17 21:00,712.82,0
2026-09-17 22:00,712.82,0
2026-09-17 23:00,712.82,0
2026-09-18 00:00,712.84,0
2026-09-18 01:00,712.84,0
2026-09-18 02:00,712.85,0
2026-09-18 03:00,712.85,0
2026-09-18 04:00,712.87,0
2026-09-18 05:00,712.94,0
2026-09-18 06:00,712.94,0
2026-09-18 07:00,712.94,0
2026-09-18 08:00,712.98,0
2026-09-18 09:00,713.06,0
2026-09-18 10:00,713.21,0
2026-09-18 11:00,713.5,0
2026-09-18 12:00,714.34,0
2026-09-18 13:00,714.36,0
2026-09-18 14:00,714.4,0
2026-09-18 15:00,714.43,0
2026-09-18 16:00,714.74,0
2026-09-18 17:00,714.8,0
2026-09-18 18:00,714.9,0
2026-09-18 19:00,714.92,0
2026-09-18 20:00,714.92,0
2026-09-18 21:00,714.92,0
2026-09-18 22:00,714.92,0
2026-09-18 23:00,714.92,0
2026-09-19 00:00,714.92,0
2026-09-19 01:00,714.92,0
2026-09-19 02:00,714.92,0
2026-09-19 03:00,714.92,0
2026-09-19 04:00,714.92,0
2026-09-19 05:00,714.92,0
2026-09-19 06:00,714.92,0
2026-09-19 07:00,714.92,0
2026-09-19 08:00,714.92,0
2026-09-19 09:00,714.92,0
2026-09-19 10:00,714.92,0
2026-09-19 11:00,714.92,0
2026-09-19 12:00,714.93,0
2026-09-19 13:00,715.36,0
2026-09-19 14:00,715.37,0
2026-09-19 15:00,715.37,0
2026-09-19 16:00,715.37,0
2026-09-19 17:00,715.37,0
2026-09-19 18:00,715.37,0
2026-09-19 19:00,715.37,0
2026-09-19 20:00,715.44,0
2026-09-19 21:00,715.67,0
2026-09-19 22:00,715.73,0
2026-09-19 23:00,715.74,0
2026-09-20 00:00,715.74,0
2026-09-20 01:00,715.74,0
2026-09-20 02:00,715.74,0
2026-09-20 03:00,715.74,0
2026-09-20 04:00,715.74,0
2026-09-20 05:00,715.74,0
2026-09-20 06:00,715.74,0
2026-09-20 07:00,715.74,0
2026-09-20 08:00,715.74,0
2026-09-20 09:00,715.74,0
2026-09-20 10:00,715.74,0
2026-09-20 11:00,715.76,0
2026-09-20 12:00,715.76,0
2026-09-20 13:00,715.76,0
2026-09-20 14:00,715.76,0
2026-09-20 15:00,715.76,0
2026-09-20 16:00,715.76,0
2026-09-20 17:00,715.77,0
2026-09-20 18:00,715.77,0
2026-09-20 19:00,715.77,0
2026-09-20 20:00,715.77,0
2026-09-20 21:00,715.77,0
2026-09-20 22:00,715.77,0
2026-09-20 23:00,715.77,0
2026-09-21 00:00,715.77,0
2026-09-21 01:00,715.77,0
2026-09-21 02:00,715.77,0
2026-09-21 03:00,715.77,0
2026-09-21 04:00,715.77,0
2026-09-21 05:00,715.77,0
2026-09-21 06:00,715.77,0
2026-09-21 07:00,715.77,0
2026-09-21 08:00,715.77,0
2026-09-21 09:00,715.77,0
2026-09-21 10:00,715.77,0
2026-09-21 11:00,715.77,0
2026-09-21 12:00,715.77,0
2026-09-21 13:00,715.77,0
2026-09-21 14:00,715.77,0
2026-09-21 15:00,715.77,0
2026-09-21 16:00,715.77,0
2026-09-21 17:00,715.77,0
2026-09-21 18:00,715.77,0
2026-09-21 19:00,715.77,0
2026-09-21 20:00,715.77,0
2026-09-21 21:00,715.77,0
2026-09-21 22:00,715.77,0
2026-09-21 23:00,715.77,0
2026-09-22 00:00,715.77,0
2026-09-22 01:00,715.77,0
2026-09-22 02:00,715.77,0
2026-09-22 03:00,715.77,0
2026-09-22 04:00,715.77,0
2026-09-22 05:00,715.77,0
2026-09-22 06:00,715.77,0
2026-09-22 07:00,715.78,0
2026-09-22 08:00,715.78,0
2026-09-22 09:00,715.78,0
2026-09-22 10:00,715.78,0
2026-09-22 11:00,715.78,0
2026-09-22 12:00,715.78,0
2026-09-22 13:00,715.78,0
2026-09-22 14:00,715.78,0
2026-09-22 15:00,715.78,0
2026-09-22 16:00,715.78,0
2026-09-22 17:00,715.78,0
2026-09-22 18:00,715.78,0
2026-09-22 19:00,715.78,0
2026-09-22 20:00,715.78,0
2026-09-22 21:00,715.78,0
2026-09-22 22:00,715.78,0
2026-09-22 23:00,715.78,0
2026-09-23 00:00,715.78,0
2026-09-23 01:00,715.78,0
2026-09-23 02:00,715.78,0
2026-09-23 03:00,715.78,0
2026-09-23 04:00,715.78,0
2026-09-23 05:00,715.78,0
2026-09-23 06:00,715.78,0
2026-09-23 07:00,715.78,0
2026-09-23 08:00,715.78,0
2026-09-23 09:00,715.78,0
2026-09-23 10:00,715.78,0
2026-09-23 11:00,715.78,0
2026-09-23 12:00,715.78,0
2026-09-23 13:00,715.78,0
2026-09-23 14:00,715.78,0
2026-09-23 15:00,715.78,0
2026-09-23 16:00,715.78,0
2026-09-23 17:00,715.78,0
2026-09-23 18:00,715.78,0
2026-09-23 19:00,715.78,0
2026-09-23 20:00,715.78,0
2026-09-23 21:00,715.78,0
2026-09-23 22:00,715.78,0
2026-09-23 23:00,715.78,0
2026-09-24 00:00,715.78,0
2026-09-24 01:00,715.78,0
2026-09-24 02:00,715.78,0
2026-09-24 03:00,715.78,0
2026-09-24 04:00,715.78,0
2026-09-24 05:00,715.78,0
2026-09-24 06:00,715.78,0
2026-09-24 07:00,715.78,0
2026-09-24 08:00,715.78,0
2026-09-24 09:00,715.78,0
2026-09-24 10:00,715.78,0
2026-09-24 11:00,715.78,0
2026-09-24 12:00,715.78,0
2026-09-24 13:00,715.78,0
2026-09-24 14:00,715.78,0
2026-09-24 15:00,715.78,0
2026-09-24 16:00,715.78,0
2026-09-24 17:00,715.78,0
2026-09-24 18:00,715.78,0
2026-09-24 19:00,715.78,0
2026-09-24 20:00,715.78,0
2026-09-24 21:00,715.78,0
2026-09-24 22:00,715.78,0
2026-09-24 23:00,715.79,0
2026-09-25 00:00,715.81,0
2026-09-25 01:00,715.88,0
2026-09-25 02:00,716.07,0
2026-09-25 04:00,717.98,0
2026-09-25 05:00,720.72,0
2026-09-25 06:00,723.9,0
2026-09-25 07:00,727.2,0
2026-09-25 08:00,730.48,0
2026-09-25 09:00,733.17,0
2026-09-25 10:00,734.01,0
2026-09-25 11:00,734.03,0
2026-09-25 12:00,734.03,0
2026-09-25 13:00,734.03,0
2026-09-25 15:00,734.03,0
2026-09-25 16:00,734.03,0
2026-09-25 17:00,734.03,0
2026-09-25 18:00,734.03,0
2026-09-25 19:00,734.03,0
2026-09-25 20:00,734.03,0
2026-09-25 21:00,734.03,0
2026-09-25 22:00,734.03,0
2026-09-25 23:00,734.03,0
2026-09-26 00:00,734.03,0
2026-09-26 02:00,734.03,0
2026-09-26 03:00,734.03,0
2026-09-26 06:00,734.03,0
2026-09-26 07:00,734.03,0
2026-09-26 08:00,734.03,0
2026-09-26 11:00,734.03,0
2026-09-26 14:00,734.03,0
2026-09-26 15:00,734.03,0
2026-09-26 16:00,734.03,0
2026-09-26 17:00,734.03,0
2026-09-26 20:00,734.03,0
2026-09-26 21:00,734.03,0
2026-09-26 22:00,734.03,0
2026-09-26 23:00,734.03,0
2026-09-27 00:00,734.03,0
2026-09-27 10:00,734.03,0
2026-09-27 13:00,734.03,0
2026-09-27 15:00,734.03,0
2026-09-27 18:00,734.03,1
2026-09-28 00:00,734.03,1
