time,value,n,coverage,flag
2025-01-01 00:00,0.0,6,1.0,0
2025-01-01 01:00,0.0,6,1.0,0
2025-01-01 02:00,0.0,6,1.0,0
2025-01-01 03:00,0.0,6,1.0,0
2025-01-01 04:00,0.0,6,1.0,0
2025-01-01 05:00,0.0,6,1.0,0
2025-01-01 06:00,0.0,6,1.0,0
2025-01-01 07:00,0.0,6,1.0,0
2025-01-01 08:00,0.0,6,1.0,0
2025-01-01 09:00,0.0,6,1.0,0
2025-01-01 10:00,0.0,6,1.0,0
2025-01-01 11:00,0.0,6,1.0,0
2025-01-01 12:00,0.0,6,1.0,0
2025-01-01 13:00,0.0,6,1.0,0
2025-01-01 14:00,0.0,6,1.0,0
2025-01-01 15:00,0.0,6,1.0,0
2025-01-01 16:00,0.0,6,1.0,0
2025-01-01 17:00,0.0,6,1.0,0
2025-01-01 18:00,0.0,6,1.0,0
2025-01-01 19:00,0.0,6,1.0,0
2025-01-01 20:00,0.0,6,1.0,0
2025-01-01 21:00,0.0,6,1.0,0
2025-01-01 22:00,0.0,6,1.0,0
2025-01-01 23:00,0.0,6,1.0,0
2025-01-02 00:00,0.0,6,1.0,0
2025-01-02 01:00,0.0,6,1.0,0
2025-01-02 02:00,0.0,6,1.0,0
2025-01-02 03:00,0.0,6,1.0,0
2025-01-02 04:00,0.0,6,1.0,0
2025-01-02 05:00,0.0,6,1.0,0
2025-01-02 06:00,0.0,6,1.0,0
2025-01-02 07:00,0.0,6,1.0,0
2025-01-02 08:00,0.0,6,1.0,0
2025-01-02 09:00,0.0,6,1.0,0
2025-01-02 10:00,0.0,6,1.0,0
2025-01-02 11:00,0.0,6,1.0,0
2025-01-02 12:00,0.0,6,1.0,0
2025-01-02 13:00,0.0,6,1.0,0
2025-01-02 14:00,0.0,6,1.0,0
2025-01-02 15:00,0.0,6,1.0,0
2025-01-02 16:00,0.0,6,1.0,0
2025-01-02 17:00,0.0,6,1.0,0
2025-01-02 18:00,0.0,6,1.0,0
2025-01-02 19:00,0.0,6,1.0,0
2025-01-02 20:00,0.0,6,1.0,0
2025-01-02 21:00,0.0,6,1.0,0
2025-01-02 22:00,0.0,6,1.0,0
2025-01-02 23:00,0.0,6,1.0,0
2025-01-03 00:00,0.0,6,1.0,0
2025-01-03 01:00,0.0,6,1.0,0
2025-01-03 02:00,0.0,6,1.0,0
2025-01-03 03:00,0.0,6,1.0,0
2025-01-03 04:00,0.0,6,1.0,0
2025-01-03 05:00,0.0,6,1.0,0
2025-01-03 06:00,0.0,6,1.0,0
2025-01-03 07:00,0.0,6,1.0,0
2025-01-03 08:00,0.2,6,1.0,0
2025-01-03 09:00,0.2,6,1.0,0
2025-01-03 10:00,0.2,6,1.0,0
2025-01-03 11:00,0.2,6,1.0,0
2025-01-03 12:00,0.2,6,1.0,0
2025-01-03 13:00,0.2,6,1.0,0
2025-01-03 14:00,1.4,6,1.0,0
2025-01-03 15:00,1.8,6,1.0,0
2025-01-03 16:00,1.8,6,1.0,0
2025-01-03 17:00,2.0,6,1.0,0
2025-01-03 18:00,4.8,6,1.0,0
2025-01-03 19:00,4.8,6,1.0,0
2025-01-03 20:00,4.8,6,1.0,0
2025-01-03 21:00,4.8,6,1.0,0
2025-01-03 22:00,4.8,6,1.0,0
2025-01-03 23:00,9.4,6,1.0,0
2025-01-04 00:00,16.6,6,1.0,0
2025-01-04 01:00,18.0,6,1.0,0
2025-01-04 02:00,19.0,6,1.0,0
2025-01-04 03:00,19.0,6,1.0,0
2025-01-04 04:00,19.0,6,1.0,0
2025-01-04 05:00,19.0,6,1.0,0
2025-01-04 06:00,19.0,6,1.0,0
2025-01-04 07:00,19.0,6,1.0,0
2025-01-04 08:00,19.0,6,1.0,0
2025-01-04 09:00,19.0,6,1.0,0
2025-01-04 10:00,19.0,6,1.0,0
2025-01-04 11:00,19.0,6,1.0,0
2025-01-04 12:00,19.0,6,1.0,0
2025-01-04 13:00,19.0,6,1.0,0
2025-01-04 14:00,19.0,6,1.0,0
2025-01-04 15:00,19.0,6,1.0,0
2025-01-04 16:00,19.0,6,1.0,0
2025-01-04 17:00,19.0,6,1.0,0
2025-01-04 18:00,19.0,6,1.0,0
2025-01-04 19:00,19.0,6,1.0,0
2025-01-04 20:00,19.0,6,1.0,0
2025-01-04 21:00,19.0,6,1.0,0
2025-01-04 22:00,19.0,6,1.0,0
2025-01-04 23:00,19.0,6,1.0,0
2025-01-05 00:00,19.0,6,1.0,0
2025-01-05 01:00,19.0,6,1.0,0
2025-01-05 02:00,19.0,6,1.0,0
2025-01-05 03:00,19.0,6,1.0,0
2025-01-05 04:00,19.0,6,1.0,0
2025-01-05 05:00,19.0,6,1.0,0
2025-01-05 06:00,19.0,6,1.0,0
2025-01-05 07:00,19.0,6,1.0,0
2025-01-05 08:00,19.0,6,1.0,0
2025-01-05 09:00,19.0,6,1.0,0
2025-01-05 10:00,19.0,6,1.0,0
2025-01-05 11:00,19.0,6,1.0,0
2025-01-05 12:00,19.0,6,1.0,0
2025-01-05 13:00,19.0,6,1.0,0
2025-01-05 14:00,19.0,6,1.0,0
2025-01-05 15:00,19.0,6,1.0,0
2025-01-05 16:00,19.0,6,1.0,0
2025-01-05 17:00,19.0,6,1.0,0
2025-01-05 18:00,19.0,6,1.0,0
2025-01-05 19:00,19.0,6,1.0,0
2025-01-05 20:00,19.0,6,1.0,0
2025-01-05 21:00,19.0,6,1.0,0
2025-01-05 22:00,19.0,6,1.0,0
2025-01-05 23:00,19.0,6,1.0,0
2025-01-06 00:00,19.0,6,1.0,0
2025-01-06 01:00,19.0,6,1.0,0
2025-01-06 02:00,19.0,6,1.0,0
2025-01-06 03:00,19.0,6,1.0,0
2025-01-06 04:00,19.0,6,1.0,0
2025-01-06 05:00,19.0,6,1.0,0
2025-01-06 06:00,19.0,6,1.0,0
2025-01-06 07:00,19.0,6,1.0,0
2025-01-06 08:00,19.0,6,1.0,0
2025-01-06 09:00,19.0,6,1.0,0
2025-01-06 10:00,19.0,6,1.0,0
2025-01-06 11:00,19.0,6,1.0,0
2025-01-06 12:00,19.0,6,1.0,0
2025-01-06 13:00,19.0,6,1.0,0
2025-01-06 14:00,19.0,6,1.0,0
2025-01-06 15:00,19.0,6,1.0,0
2025-01-06 16:00,19.0,6,1.0,0
2025-01-06 17:00,19.0,6,1.0,0
2025-01-06 18:00,19.0,6,1.0,0
2025-01-06 19:00,19.0,6,1.0,0
2025-01-06 20:00,19.0,6,1.0,0
2025-01-06 21:00,19.0,6,1.0,0
2025-01-06 22:00,19.0,6,1.0,0
2025-01-06 23:00,19.0,6,1.0,0
2025-01-07 00:00,19.0,6,1.0,0
2025-01-07 01:00,19.0,6,1.0,0
2025-01-07 02:00,19.0,6,1.0,0
2025-01-07 03:00,19.0,6,1.0,0
2025-01-07 04:00,19.0,6,1.0,0
2025-01-07 05:00,19.0,6,1.0,0
2025-01-07 06:00,19.0,6,1.0,0
2025-01-07 07:00,19.0,6,1.0,0
2025-01-07 08:00,19.0,6,1.0,0
2025-01-07 09:00,19.0,6,1.0,0
2025-01-07 10:00,19.0,6,1.0,0
2025-01-07 11:00,19.0,6,1.0,0
2025-01-07 12:00,19.0,6,1.0,0
2025-01-07 13:00,19.0,6,1.0,0
2025-01-07 14:00,19.0,6,1.0,0
2025-01-07 15:00,19.0,6,1.0,0
2025-01-07 16:00,19.0,6,1.0,0
2025-01-07 17:00,19.6,6,1.0,0
2025-01-07 18:00,19.8,6,1.0,0
2025-01-07 19:00,24.4,6,1.0,0
2025-01-07 20:00,24.4,6,1.0,0
2025-01-07 21:00,24.6,6,1.0,0
2025-01-07 22:00,24.6,6,1.0,0
2025-01-07 23:00,24.6,6,1.0,0
2025-01-08 00:00,24.6,6,1.0,0
2025-01-08 01:00,24.6,6,1.0,0
2025-01-08 02:00,24.6,6,1.0,0
2025-01-08 03:00,24.6,6,1.0,0
2025-01-08 04:00,24.6,6,1.0,0
2025-01-08 05:00,24.6,6,1.0,0
2025-01-08 06:00,24.8,6,1.0,0
2025-01-08 07:00,24.8,6,1.0,0
2025-01-08 08:00,24.8,6,1.0,0
2025-01-08 09:00,24.8,6,1.0,0
2025-01-08 10:00,24.8,6,1.0,0
2025-01-08 11:00,24.8,6,1.0,0
2025-01-08 12:00,24.8,6,1.0,0
2025-01-08 13:00,24.8,6,1.0,0
2025-01-08 14:00,24.8,6,1.0,0
2025-01-08 15:00,24.8,6,1.0,0
2025-01-08 16:00,24.8,6,1.0,0
2025-01-08 17:00,24.8,6,1.0,0
2025-01-08 18:00,24.8,6,1.0,0
2025-01-08 19:00,24.8,6,1.0,0
2025-01-08 20:00,24.8,6,1.0,0
2025-01-08 21:00,24.8,6,1.0,0
2025-01-08 22:00,24.8,6,1.0,0
2025-01-08 23:00,24.8,6,1.0,0
2025-01-09 00:00,24.8,6,1.0,0
2025-01-09 01:00,24.8,6,1.0,0
2025-01-09 02:00,24.8,6,1.0,0
2025-01-09 03:00,24.8,6,1.0,0
2025-01-09 04:00,25.0,6,1.0,0
2025-01-09 05:00,25.8,6,1.0,0
2025-01-09 06:00,26.8,6,1.0,0
2025-01-09 07:00,27.4,6,1.0,0
2025-01-09 08:00,28.4,6,1.0,0
2025-01-09 09:00,30.2,6,1.0,0
2025-01-09 10:00,31.4,6,1.0,0
2025-01-09 11:00,31.6,6,1.0,0
2025-01-09 12:00,31.6,6,1.0,0
2025-01-09 13:00,31.6,6,1.0,0
2025-01-09 14:00,31.6,6,1.0,0
2025-01-09 15:00,31.6,6,1.0,0
2025-01-09 16:00,31.6,6,1.0,0
2025-01-09 17:00,31.6,6,1.0,0
2025-01-09 18:00,31.8,6,1.0,0
2025-01-09 19:00,31.8,6,1.0,0
2025-01-09 20:00,31.8,6,1.0,0
2025-01-09 21:00,31.8,6,1.0,0
2025-01-09 22:00,31.8,6,1.0,0
2025-01-09 23:00,32.4,6,1.0,0
2025-01-10 00:00,34.8,6,1.0,0
2025-01-10 01:00,35.6,6,1.0,0
2025-01-10 02:00,35.6,6,1.0,0
2025-01-10 03:00,35.6,6,1.0,0
2025-01-10 04:00,35.6,6,1.0,0
2025-01-10 05:00,35.6,6,1.0,0
2025-01-10 06:00,35.6,6,1.0,0
2025-01-10 07:00,35.6,6,1.0,0
2025-01-10 08:00,35.6,6,1.0,0
2025-01-10 09:00,35.6,6,1.0,0
2025-01-10 10:00,35.6,6,1.0,0
2025-01-10 11:00,35.6,6,1.0,0
2025-01-10 12:00,35.6,6,1.0,0
2025-01-10 13:00,35.6,6,1.0,0
2025-01-10 14:00,35.6,6,1.0,0
2025-01-10 15:00,35.6,6,1.0,0
2025-01-10 16:00,35.6,6,1.0,0
2025-01-10 17:00,35.6,6,1.0,0
2025-01-10 18:00,35.6,6,1.0,0
2025-01-10 19:00,35.6,6,1.0,0
2025-01-10 20:00,35.6,6,1.0,0
2025-01-10 21:00,35.6,6,1.0,0
2025-01-10 22:00,35.6,6,1.0,0
2025-01-10 23:00,35.6,6,1.0,0
2025-01-11 00:00,35.6,6,1.0,0
2025-01-11 01:00,35.8,6,1.0,0
2025-01-11 02:00,36.0,6,1.0,0
2025-01-11 03:00,36.0,6,1.0,0
2025-01-11 04:00,36.2,6,1.0,0
2025-01-11 05:00,36.2,6,1.0,0
2025-01-11 06:00,36.4,6,1.0,0
2025-01-11 07:00,36.4,6,1.0,0
2025-01-11 08:00,36.4,6,1.0,0
2025-01-11 09:00,36.4,6,1.0,0
2025-01-11 10:00,36.4,6,1.0,0
2025-01-11 11:00,36.4,6,1.0,0
2025-01-11 12:00,36.4,6,1.0,0
2025-01-11 13:00,38.2,6,1.0,0
2025-01-11 14:00,39.8,6,1.0,0
2025-01-11 15:00,41.6,6,1.0,0
2025-01-11 16:00,46.6,6,1.0,0
2025-01-11 17:00,51.6,6,1.0,0
2025-01-11 18:00,54.4,6,1.0,0
2025-01-11 19:00,55.4,6,1.0,0
2025-01-11 20:00,57.4,6,1.0,0
2025-01-11 21:00,58.6,6,1.0,0
2025-01-11 22:00,60.2,6,1.0,0
2025-01-11 23:00,62.0,6,1.0,0
2025-01-12 00:00,63.8,6,1.0,0
2025-01-12 01:00,65.2,6,1.0,0
2025-01-12 02:00,66.6,6,1.0,0
2025-01-12 03:00,68.0,6,1.0,0
2025-01-12 04:00,69.4,6,1.0,0
2025-01-12 05:00,70.8,6,1.0,0
2025-01-12 06:00,71.6,6,1.0,0
2025-01-12 07:00,72.4,6,1.0,0
2025-01-12 08:00,72.8,6,1.0,0
2025-01-12 09:00,73.0,6,1.0,0
2025-01-12 10:00,73.4,6,1.0,0
2025-01-12 11:00,74.0,6,1.0,0
2025-01-12 12:00,74.8,6,1.0,0
2025-01-12 13:00,75.0,6,1.0,0
2025-01-12 14:00,75.0,6,1.0,0
2025-01-12 15:00,75.2,6,1.0,0
2025-01-12 16:00,75.2,6,1.0,0
2025-01-12 17:00,75.2,6,1.0,0
2025-01-12 18:00,75.2,6,1.0,0
2025-01-12 19:00,75.2,6,1.0,0
2025-01-12 20:00,75.2,6,1.0,0
2025-01-12 21:00,75.2,6,1.0,0
2025-01-12 22:00,75.2,6,1.0,0
2025-01-12 23:00,75.2,6,1.0,0
2025-01-13 00:00,75.2,6,1.0,0
2025-01-13 01:00,75.2,6,1.0,0
2025-01-13 02:00,75.2,6,1.0,0
2025-01-13 03:00,75.2,6,1.0,0
2025-01-13 04:00,75.2,6,1.0,0
2025-01-13 05:00,75.2,6,1.0,0
2025-01-13 06:00,75.2,6,1.0,0
2025-01-13 07:00,75.2,6,1.0,0
2025-01-13 08:00,75.2,6,1.0,0
2025-01-13 09:00,75.2,6,1.0,0
2025-01-13 10:00,75.2,6,1.0,0
2025-01-13 11:00,75.2,6,1.0,0
2025-01-13 12:00,75.2,6,1.0,0
2025-01-13 13:00,75.2,6,1.0,0
2025-01-13 14:00,75.2,6,1.0,0
2025-01-13 15:00,75.2,6,1.0,0
2025-01-13 16:00,75.2,6,1.0,0
2025-01-13 17:00,75.2,6,1.0,0
2025-01-13 18:00,75.2,6,1.0,0
2025-01-13 19:00,75.2,6,1.0,0
2025-01-13 20:00,75.2,6,1.0,0
2025-01-13 21:00,75.2,6,1.0,0
2025-01-13 22:00,75.2,6,1.0,0
2025-01-13 23:00,75.2,6,1.0,0
2025-01-14 00:00,75.2,6,1.0,0
2025-01-14 01:00,75.2,6,1.0,0
2025-01-14 02:00,75.2,6,1.0,0
2025-01-14 03:00,75.2,6,1.0,0
2025-01-14 04:00,75.2,6,1.0,0
2025-01-14 05:00,75.2,6,1.0,0
2025-01-14 06:00,75.2,6,1.0,0
2025-01-14 07:00,75.2,6,1.0,0
2025-01-14 08:00,75.2,6,1.0,0
2025-01-14 09:00,75.2,6,1.0,0
2025-01-14 10:00,75.2,6,1.0,0
2025-01-14 11:00,75.2,6,1.0,0
2025-01-14 12:00,75.2,6,1.0,0
2025-01-14 13:00,75.2,6,1.0,0
2025-01-14 14:00,75.2,6,1.0,0
2025-01-14 15:00,75.2,6,1.0,0
2025-01-14 16:00,75.2,6,1.0,0
2025-01-14 17:00,75.2,6,1.0,0
2025-01-14 18:00,75.2,6,1.0,0
2025-01-14 19:00,75.2,6,1.0,0
2025-01-14 20:00,75.2,6,1.0,0
2025-01-14 21:00,75.2,6,1.0,0
2025-01-14 22:00,75.2,6,1.0,0
2025-01-14 23:00,75.2,6,1.0,0
2025-01-15 00:00,75.2,6,1.0,0
2025-01-15 01:00,75.2,6,1.0,0
2025-01-15 02:00,75.2,6,1.0,0
2025-01-15 03:00,75.2,6,1.0,0
2025-01-15 04:00,75.2,6,1.0,0
2025-01-15 05:00,75.2,6,1.0,0
2025-01-15 06:00,75.2,6,1.0,0
2025-01-15 07:00,75.2,6,1.0,0
2025-01-15 08:00,75.2,6,1.0,0
2025-01-15 09:00,75.2,6,1.0,0
2025-01-15 10:00,75.2,6,1.0,0
2025-01-15 11:00,75.2,6,1.0,0
2025-01-15 12:00,75.2,6,1.0,0
2025-01-15 13:00,75.2,6,1.0,0
2025-01-15 14:00,75.2,6,1.0,0
2025-01-15 15:00,75.2,6,1.0,0
2025-01-15 16:00,75.2,6,1.0,0
2025-01-15 17:00,75.2,6,1.0,0
2025-01-15 18:00,75.2,6,1.0,0
2025-01-15 19:00,75.2,6,1.0,0
2025-01-15 20:00,75.2,6,1.0,0
2025-01-15 21:00,75.2,6,1.0,0
2025-01-15 22:00,75.2,6,1.0,0
2025-01-15 23:00,75.2,6,1.0,0
2025-01-16 00:00,75.2,6,1.0,0
2025-01-16 01:00,75.2,6,1.0,0
2025-01-16 02:00,75.2,6,1.0,0
2025-01-16 03:00,75.2,6,1.0,0
2025-01-16 04:00,75.2,6,1.0,0
2025-01-16 05:00,75.2,6,1.0,0
2025-01-16 06:00,75.2,6,1.0,0
2025-01-16 07:00,75.2,6,1.0,0
2025-01-16 08:00,75.2,6,1.0,0
2025-01-16 09:00,75.2,6,1.0,0
2025-01-16 10:00,75.2,6,1.0,0
2025-01-16 11:00,75.2,6,1.0,0
2025-01-16 12:00,75.2,6,1.0,0
2025-01-16 13:00,75.2,6,1.0,0
2025-01-16 14:00,75.2,6,1.0,0
2025-01-16 15:00,75.2,6,1.0,0
2025-01-16 16:00,75.2,6,1.0,0
2025-01-16 17:00,75.2,6,1.0,0
2025-01-16 18:00,75.2,6,1.0,0
2025-01-16 19:00,75.2,6,1.0,0
2025-01-16 20:00,75.2,6,1.0,0
2025-01-16 21:00,75.2,6,1.0,0
2025-01-16 22:00,75.2,6,1.0,0
2025-01-16 23:00,75.2,6,1.0,0
2025-01-17 00:00,75.2,6,1.0,0
2025-01-17 01:00,75.2,6,1.0,0
2025-01-17 02:00,75.2,6,1.0,0
2025-01-17 03:00,75.2,6,1.0,0
2025-01-17 04:00,75.2,6,1.0,0
2025-01-17 05:00,75.2,6,1.0,0
2025-01-17 06:00,75.2,6,1.0,0
2025-01-17 07:00,75.2,6,1.0,0
2025-01-17 08:00,75.2,6,1.0,0
2025-01-17 09:00,75.2,6,1.0,0
2025-01-17 10:00,75.2,6,1.0,0
2025-01-17 11:00,75.4,6,1.0,0
2025-01-17 12:00,75.8,6,1.0,0
2025-01-17 13:00,75.8,6,1.0,0
2025-01-17 14:00,75.8,6,1.0,0
2025-01-17 15:00,75.8,6,1.0,0
2025-01-17 16:00,75.8,6,1.0,0
2025-01-17 17:00,75.8,6,1.0,0
2025-01-17 18:00,75.8,6,1.0,0
2025-01-17 19:00,75.8,6,1.0,0
2025-01-17 20:00,75.8,6,1.0,0
2025-01-17 21:00,75.8,6,1.0,0
2025-01-17 22:00,75.8,6,1.0,0
2025-01-17 23:00,75.8,6,1.0,0
2025-01-18 00:00,76.6,6,1.0,0
2025-01-18 01:00,77.6,6,1.0,0
2025-01-18 02:00,79.4,6,1.0,0
2025-01-18 03:00,82.8,6,1.0,0
2025-01-18 04:00,88.2,6,1.0,0
2025-01-18 05:00,91.0,6,1.0,0
2025-01-18 06:00,93.2,6,1.0,0
2025-01-18 07:00,93.2,6,1.0,0
2025-01-18 08:00,93.2,6,1.0,0
2025-01-18 09:00,93.2,6,1.0,0
2025-01-18 10:00,93.2,6,1.0,0
2025-01-18 11:00,93.2,6,1.0,0
2025-01-18 12:00,93.2,6,1.0,0
2025-01-18 13:00,93.2,6,1.0,0
2025-01-18 14:00,93.2,6,1.0,0
2025-01-18 15:00,93.2,6,1.0,0
2025-01-18 16:00,93.2,6,1.0,0
2025-01-18 17:00,93.2,6,1.0,0
2025-01-18 18:00,93.2,6,1.0,0
2025-01-18 19:00,93.2,6,1.0,0
2025-01-18 20:00,94.2,6,1.0,0
2025-01-18 21:00,94.2,6,1.0,0
2025-01-18 22:00,94.2,6,1.0,0
2025-01-18 23:00,94.2,6,1.0,0
2025-01-19 00:00,94.2,6,1.0,0
2025-01-19 01:00,94.2,6,1.0,0
2025-01-19 02:00,94.2,6,1.0,0
2025-01-19 03:00,94.2,6,1.0,0
2025-01-19 04:00,94.2,6,1.0,0
2025-01-19 05:00,94.2,6,1.0,0
2025-01-19 06:00,94.2,6,1.0,0
2025-01-19 07:00,94.2,6,1.0,0
2025-01-19 08:00,94.2,6,1.0,0
2025-01-19 09:00,94.2,6,1.0,0
2025-01-19 10:00,94.2,6,1.0,0
2025-01-19 11:00,94.2,6,1.0,0
2025-01-19 12:00,94.2,6,1.0,0
2025-01-19 13:00,94.2,6,1.0,0
2025-01-19 14:00,94.2,6,1.0,0
2025-01-19 15:00,94.2,6,1.0,0
2025-01-19 16:00,94.2,6,1.0,0
2025-01-19 17:00,94.2,6,1.0,0
2025-01-19 18:00,94.2,6,1.0,0
2025-01-19 19:00,94.2,6,1.0,0
2025-01-19 20:00,94.2,6,1.0,0
2025-01-19 21:00,94.2,6,1.0,0
2025-01-19 22:00,94.2,6,1.0,0
2025-01-19 23:00,94.2,6,1.0,0
2025-01-20 00:00,94.2,6,1.0,0
2025-01-20 01:00,94.2,6,1.0,0
2025-01-20 02:00,94.2,6,1.0,0
2025-01-20 03:00,94.2,6,1.0,0
2025-01-20 04:00,94.2,6,1.0,0
2025-01-20 05:00,94.2,6,1.0,0
2025-01-20 06:00,94.2,6,1.0,0
2025-01-20 07:00,94.2,6,1.0,0
2025-01-20 08:00,94.2,6,1.0,0
2025-01-20 09:00,94.2,6,1.0,0
2025-01-20 10:00,94.2,6,1.0,0
2025-01-20 11:00,94.2,6,1.0,0
2025-01-20 12:00,94.2,6,1.0,0
2025-01-20 13:00,94.2,6,1.0,0
2025-01-20 14:00,94.2,6,1.0,0
2025-01-20 15:00,94.2,6,1.0,0
2025-01-20 16:00,94.2,6,1.0,0
2025-01-20 17:00,94.2,6,1.0,0
2025-01-20 18:00,94.2,6,1.0,0
2025-01-20 19:00,94.2,6,1.0,0
2025-01-20 20:00,94.2,6,1.0,0
2025-01-20 21:00,94.2,6,1.0,0
2025-01-20 22:00,94.2,6,1.0,0
2025-01-20 23:00,94.8,6,1.0,0
2025-01-21 00:00,97.4,6,1.0,0
2025-01-21 01:00,97.4,6,1.0,0
2025-01-21 02:00,97.4,6,1.0,0
2025-01-21 03:00,97.6,6,1.0,0
2025-01-21 04:00,97.6,6,1.0,0
2025-01-21 05:00,97.8,6,1.0,0
2025-01-21 06:00,97.8,6,1.0,0
2025-01-21 07:00,97.8,6,1.0,0
2025-01-21 08:00,97.8,6,1.0,0
2025-01-21 09:00,97.8,6,1.0,0
2025-01-21 10:00,97.8,6,1.0,0
2025-01-21 11:00,97.8,6,1.0,0
2025-01-21 12:00,97.8,6,1.0,0
2025-01-21 13:00,97.8,6,1.0,0
2025-01-21 14:00,98.4,6,1.0,0
2025-01-21 15:00,98.4,6,1.0,0
2025-01-21 16:00,98.4,6,1.0,0
2025-01-21 17:00,98.4,6,1.0,0
2025-01-21 18:00,98.4,6,1.0,0
2025-01-21 19:00,98.4,6,1.0,0
2025-01-21 20:00,98.4,6,1.0,0
2025-01-21 21:00,99.0,6,1.0,0
2025-01-21 22:00,99.4,6,1.0,0
2025-01-21 23:00,99.6,6,1.0,0
2025-01-22 00:00,99.6,6,1.0,0
2025-01-22 01:00,99.6,6,1.0,0
2025-01-22 02:00,99.6,6,1.0,0
2025-01-22 03:00,99.6,6,1.0,0
2025-01-22 04:00,99.6,6,1.0,0
2025-01-22 05:00,99.6,6,1.0,0
2025-01-22 06:00,99.6,6,1.0,0
2025-01-22 07:00,99.6,6,1.0,0
2025-01-22 08:00,99.6,6,1.0,0
2025-01-22 09:00,99.6,6,1.0,0
2025-01-22 10:00,99.6,6,1.0,0
2025-01-22 11:00,99.6,6,1.0,0
2025-01-22 12:00,99.6,6,1.0,0
2025-01-22 13:00,99.6,6,1.0,0
2025-01-22 14:00,99.8,6,1.0,0
2025-01-22 15:00,100.0,6,1.0,0
2025-01-22 16:00,100.0,6,1.0,0
2025-01-22 17:00,100.0,6,1.0,0
2025-01-22 18:00,100.0,6,1.0,0
2025-01-22 19:00,100.0,6,1.0,0
2025-01-22 20:00,100.0,6,1.0,0
2025-01-22 21:00,100.0,6,1.0,0
2025-01-22 22:00,100.0,6,1.0,0
2025-01-22 23:00,100.0,6,1.0,0
2025-01-23 00:00,100.0,6,1.0,0
2025-01-23 01:00,100.0,6,1.0,0
2025-01-23 02:00,100.0,6,1.0,0
2025-01-23 03:00,100.0,6,1.0,0
2025-01-23 04:00,100.0,6,1.0,0
2025-01-23 05:00,100.0,6,1.0,0
2025-01-23 06:00,100.0,6,1.0,0
2025-01-23 07:00,100.0,6,1.0,0
2025-01-23 08:00,100.0,6,1.0,0
2025-01-23 09:00,100.0,6,1.0,0
2025-01-23 10:00,100.0,6,1.0,0
2025-01-23 11:00,100.0,6,1.0,0
2025-01-23 12:00,100.0,6,1.0,0
2025-01-23 13:00,100.0,6,1.0,0
2025-01-23 14:00,100.0,6,1.0,0
2025-01-23 15:00,100.0,6,1.0,0
2025-01-23 16:00,100.0,6,1.0,0
2025-01-23 17:00,100.0,6,1.0,0
2025-01-23 18:00,100.0,6,1.0,0
2025-01-23 19:00,100.0,6,1.0,0
2025-01-23 20:00,100.0,6,1.0,0
2025-01-23 21:00,100.0,6,1.0,0
2025-01-23 22:00,100.0,6,1.0,0
2025-01-23 23:00,100.0,6,1.0,0
2025-01-24 00:00,100.0,6,1.0,0
2025-01-24 01:00,100.0,6,1.0,0
2025-01-24 02:00,100.0,6,1.0,0
2025-01-24 03:00,100.0,6,1.0,0
2025-01-24 04:00,100.0,6,1.0,0
2025-01-24 05:00,100.0,6,1.0,0
2025-01-24 06:00,100.0,6,1.0,0
2025-01-24 07:00,100.0,6,1.0,0
2025-01-24 08:00,100.0,6,1.0,0
2025-01-24 09:00,100.0,6,1.0,0
2025-01-24 10:00,100.0,6,1.0,0
2025-01-24 11:00,100.0,6,1.0,0
2025-01-24 12:00,100.0,6,1.0,0
2025-01-24 13:00,100.0,6,1.0,0
2025-01-24 14:00,100.0,6,1.0,0
2025-01-24 15:00,100.0,6,1.0,0
2025-01-24 16:00,100.0,6,1.0,0
2025-01-24 17:00,100.0,6,1.0,0
2025-01-24 18:00,100.0,6,1.0,0
2025-01-24 19:00,100.0,6,1.0,0
2025-01-24 20:00,100.0,6,1.0,0
2025-01-24 21:00,100.0,6,1.0,0
2025-01-24 22:00,100.0,6,1.0,0
2025-01-24 23:00,100.0,6,1.0,0
2025-01-25 00:00,100.0,6,1.0,0
2025-01-25 01:00,100.0,6,1.0,0
2025-01-25 02:00,100.0,6,1.0,0
2025-01-25 03:00,100.0,6,1.0,0
2025-01-25 04:00,100.0,6,1.0,0
2025-01-25 05:00,100.0,6,1.0,0
2025-01-25 06:00,100.0,6,1.0,0
2025-01-25 07:00,100.0,6,1.0,0
2025-01-25 08:00,100.0,6,1.0,0
2025-01-25 09:00,100.0,6,1.0,0
2025-01-25 10:00,100.0,6,1.0,0
2025-01-25 11:00,100.0,6,1.0,0
2025-01-25 12:00,100.0,6,1.0,0
2025-01-25 13:00,100.0,6,1.0,0
2025-01-25 14:00,100.0,6,1.0,0
2025-01-25 15:00,100.0,6,1.0,0
2025-01-25 16:00,100.0,6,1.0,0
2025-01-25 17:00,100.0,6,1.0,0
2025-01-25 18:00,100.0,6,1.0,0
2025-01-25 19:00,100.0,6,1.0,0
2025-01-25 20:00,100.0,6,1.0,0
2025-01-25 21:00,100.0,6,1.0,0
2025-01-25 22:00,100.0,6,1.0,0
2025-01-25 23:00,100.0,6,1.0,0
2025-01-26 00:00,100.0,6,1.0,0
2025-01-26 01:00,100.0,6,1.0,0
2025-01-26 02:00,100.0,6,1.0,0
2025-01-26 03:00,100.0,6,1.0,0
2025-01-26 04:00,100.0,6,1.0,0
2025-01-26 05:00,100.0,6,1.0,0
2025-01-26 06:00,100.0,6,1.0,0
2025-01-26 07:00,100.0,6,1.0,0
2025-01-26 08:00,100.0,6,1.0,0
2025-01-26 09:00,100.0,6,1.0,0
2025-01-26 10:00,100.0,6,1.0,0
2025-01-26 11:00,100.0,6,1.0,0
2025-01-26 12:00,100.0,6,1.0,0
2025-01-26 13:00,100.0,6,1.0,0
2025-01-26 14:00,100.0,6,1.0,0
2025-01-26 15:00,100.0,6,1.0,0
2025-01-26 16:00,100.0,6,1.0,0
2025-01-26 17:00,100.0,6,1.0,0
2025-01-26 18:00,100.0,6,1.0,0
2025-01-26 19:00,100.0,6,1.0,0
2025-01-26 20:00,100.0,6,1.0,0
2025-01-26 21:00,100.0,6,1.0,0
2025-01-26 22:00,100.0,6,1.0,0
2025-01-26 23:00,100.0,6,1.0,0
2025-01-27 00:00,100.0,6,1.0,0
2025-01-27 01:00,100.0,6,1.0,0
2025-01-27 02:00,100.0,6,1.0,0
2025-01-27 03:00,100.0,6,1.0,0
2025-01-27 04:00,100.0,6,1.0,0
2025-01-27 05:00,100.0,6,1.0,0
2025-01-27 06:00,100.0,6,1.0,0
2025-01-27 07:00,100.0,6,1.0,0
2025-01-27 08:00,100.0,6,1.0,0
2025-01-27 09:00,100.0,6,1.0,0
2025-01-27 10:00,100.0,6,1.0,0
2025-01-27 11:00,100.0,6,1.0,0
2025-01-27 12:00,100.0,6,1.0,0
2025-01-27 13:00,100.0,6,1.0,0
2025-01-27 14:00,100.0,6,1.0,0
2025-01-27 15:00,100.0,6,1.0,0
2025-01-27 16:00,100.0,6,1.0,0
2025-01-27 17:00,100.0,6,1.0,0
2025-01-27 18:00,100.0,6,1.0,0
2025-01-27 19:00,100.0,6,1.0,0
2025-01-27 20:00,100.0,6,1.0,0
2025-01-27 21:00,100.0,6,1.0,0
2025-01-27 22:00,100.0,6,1.0,0
2025-01-27 23:00,100.0,6,1.0,0
2025-01-28 00:00,100.0,6,1.0,0
2025-01-28 01:00,100.0,6,1.0,0
2025-01-28 02:00,100.0,6,1.0,0
2025-01-28 03:00,100.0,6,1.0,0
2025-01-28 04:00,100.0,6,1.0,0
2025-01-28 05:00,100.0,6,1.0,0
2025-01-28 06:00,100.0,6,1.0,0
2025-01-28 07:00,100.0,6,1.0,0
2025-01-28 08:00,100.0,6,1.0,0
2025-01-28 09:00,100.0,6,1.0,0
2025-01-28 10:00,100.4,6,1.0,0
2025-01-28 11:00,100.4,6,1.0,0
2025-01-28 12:00,100.8,6,1.0,0
2025-01-28 13:00,106.6,6,1.0,0
2025-01-28 14:00,109.8,6,1.0,0
2025-01-28 15:00,109.8,6,1.0,0
2025-01-28 16:00,109.8,6,1.0,0
2025-01-28 17:00,109.8,6,1.0,0
2025-01-28 18:00,109.8,6,1.0,0
2025-01-28 19:00,109.8,6,1.0,0
2025-01-28 20:00,109.8,6,1.0,0
2025-01-28 21:00,109.8,6,1.0,0
2025-01-28 22:00,109.8,6,1.0,0
2025-01-28 23:00,109.8,6,1.0,0
2025-01-29 00:00,109.8,6,1.0,0
2025-01-29 01:00,109.8,6,1.0,0
2025-01-29 02:00,109.8,6,1.0,0
2025-01-29 03:00,109.8,6,1.0,0
2025-01-29 04:00,109.8,6,1.0,0
2025-01-29 05:00,109.8,6,1.0,0
2025-01-29 06:00,109.8,6,1.0,0
2025-01-29 07:00,109.8,6,1.0,0
2025-01-29 08:00,109.8,6,1.0,0
2025-01-29 09:00,109.8,6,1.0,0
2025-01-29 10:00,110.6,6,1.0,0
2025-01-29 11:00,114.0,6,1.0,0
2025-01-29 12:00,116.4,6,1.0,0
2025-01-29 13:00,117.4,6,1.0,0
2025-01-29 14:00,118.4,6,1.0,0
2025-01-29 15:00,118.8,6,1.0,0
2025-01-29 16:00,119.2,6,1.0,0
2025-01-29 17:00,119.2,6,1.0,0
2025-01-29 18:00,119.2,6,1.0,0
2025-01-29 19:00,119.2,6,1.0,0
2025-01-29 20:00,119.2,6,1.0,0
2025-01-29 21:00,119.2,6,1.0,0
2025-01-29 22:00,119.2,6,1.0,0
2025-01-29 23:00,119.2,6,1.0,0
2025-01-30 00:00,119.2,6,1.0,0
2025-01-30 01:00,119.2,6,1.0,0
2025-01-30 02:00,119.2,6,1.0,0
2025-01-30 03:00,119.2,6,1.0,0
2025-01-30 04:00,119.2,6,1.0,0
2025-01-30 05:00,119.2,6,1.0,0
2025-01-30 06:00,119.2,6,1.0,0
2025-01-30 07:00,119.2,6,1.0,0
2025-01-30 08:00,119.2,6,1.0,0
2025-01-30 09:00,119.2,6,1.0,0
2025-01-30 10:00,119.2,6,1.0,0
2025-01-30 11:00,119.2,6,1.0,0
2025-01-30 12:00,119.2,6,1.0,0
2025-01-30 13:00,119.2,6,1.0,0
2025-01-30 14:00,119.2,6,1.0,0
2025-01-30 15:00,119.2,6,1.0,0
2025-01-30 16:00,119.2,6,1.0,0
2025-01-30 17:00,119.2,6,1.0,0
2025-01-30 18:00,119.2,6,1.0,0
2025-01-30 19:00,119.2,6,1.0,0
2025-01-30 20:00,119.2,6,1.0,0
2025-01-30 21:00,119.2,6,1.0,0
2025-01-30 22:00,119.2,6,1.0,0
2025-01-30 23:00,119.2,6,1.0,0
2025-01-31 00:00,119.2,6,1.0,0
2025-01-31 01:00,119.2,6,1.0,0
2025-01-31 02:00,119.2,6,1.0,0
2025-01-31 03:00,119.2,6,1.0,0
2025-01-31 04:00,119.2,6,1.0,0
2025-01-31 05:00,119.2,6,1.0,0
2025-01-31 06:00,119.2,6,1.0,0
2025-01-31 07:00,119.2,6,1.0,0
2025-01-31 08:00,119.2,6,1.0,0
2025-01-31 09:00,119.2,6,1.0,0
2025-01-31 10:00,119.2,6,1.0,0
2025-01-31 11:00,119.2,6,1.0,0
2025-01-31 12:00,119.2,6,1.0,0
2025-01-31 13:00,119.2,6,1.0,0
2025-01-31 14:00,119.2,6,1.0,0
2025-01-31 15:00,119.2,6,1.0,0
2025-01-31 16:00,119.2,6,1.0,0
2025-01-31 17:00,119.2,6,1.0,0
2025-01-31 18:00,119.2,6,1.0,0
2025-01-31 19:00,119.2,6,1.0,0
2025-01-31 20:00,119.2,6,1.0,0
2025-01-31 21:00,119.2,6,1.0,0
2025-01-31 22:00,119.2,6,1.0,0
2025-01-31 23:00,119.2,6,1.0,0
2025-02-01 00:00,119.2,6,1.0,0
2025-02-01 01:00,119.2,6,1.0,0
2025-02-01 02:00,119.2,6,1.0,0
2025-02-01 03:00,119.2,6,1.0,0
2025-02-01 04:00,119.2,6,1.0,0
2025-02-01 05:00,119.2,6,1.0,0
2025-02-01 06:00,119.2,6,1.0,0
2025-02-01 07:00,119.2,6,1.0,0
2025-02-01 08:00,119.2,6,1.0,0
2025-02-01 09:00,119.2,6,1.0,0
2025-02-01 10:00,119.2,6,1.0,0
2025-02-01 11:00,119.2,6,1.0,0
2025-02-01 12:00,119.2,6,1.0,0
2025-02-01 13:00,119.2,6,1.0,0
2025-02-01 14:00,119.2,6,1.0,0
2025-02-01 15:00,119.2,6,1.0,0
2025-02-01 16:00,119.2,6,1.0,0
2025-02-01 17:00,119.2,6,1.0,0
2025-02-01 18:00,119.2,6,1.0,0
2025-02-01 19:00,119.2,6,1.0,0
2025-02-01 20:00,119.2,6,1.0,0
2025-02-01 21:00,119.2,6,1.0,0
2025-02-01 22:00,119.2,6,1.0,0
2025-02-01 23:00,119.2,6,1.0,0
2025-02-02 00:00,119.2,6,1.0,0
2025-02-02 01:00,119.2,6,1.0,0
2025-02-02 02:00,119.2,6,1.0,0
2025-02-02 03:00,119.2,6,1.0,0
2025-02-02 04:00,119.2,6,1.0,0
2025-02-02 05:00,119.2,6,1.0,0
2025-02-02 06:00,119.2,6,1.0,0
2025-02-02 07:00,119.6,6,1.0,0
2025-02-02 08:00,120.0,6,1.0,0
2025-02-02 09:00,120.0,6,1.0,0
2025-02-02 10:00,120.0,6,1.0,0
2025-02-02 11:00,120.0,6,1.0,0
2025-02-02 12:00,120.0,6,1.0,0
2025-02-02 13:00,120.0,6,1.0,0
2025-02-02 14:00,120.0,6,1.0,0
2025-02-02 15:00,120.2,6,1.0,0
2025-02-02 16:00,120.2,6,1.0,0
2025-02-02 17:00,120.2,6,1.0,0
2025-02-02 18:00,120.2,6,1.0,0
2025-02-02 19:00,120.2,6,1.0,0
2025-02-02 20:00,120.2,6,1.0,0
2025-02-02 21:00,120.2,6,1.0,0
2025-02-02 22:00,120.2,6,1.0,0
2025-02-02 23:00,120.2,6,1.0,0
2025-02-03 00:00,120.2,6,1.0,0
2025-02-03 01:00,120.2,6,1.0,0
2025-02-03 02:00,120.2,6,1.0,0
2025-02-03 03:00,120.2,6,1.0,0
2025-02-03 04:00,120.2,6,1.0,0
2025-02-03 05:00,120.2,6,1.0,0
2025-02-03 06:00,120.2,6,1.0,0
2025-02-03 07:00,120.2,6,1.0,0
2025-02-03 08:00,120.2,6,1.0,0
2025-02-03 09:00,120.2,6,1.0,0
2025-02-03 10:00,120.2,6,1.0,0
2025-02-03 11:00,120.2,6,1.0,0
2025-02-03 12:00,120.2,6,1.0,0
2025-02-03 13:00,120.2,6,1.0,0
2025-02-03 14:00,120.2,6,1.0,0
2025-02-03 15:00,120.2,6,1.0,0
2025-02-03 16:00,120.2,6,1.0,0
2025-02-03 17:00,120.2,6,1.0,0
2025-02-03 18:00,120.2,6,1.0,0
2025-02-03 19:00,120.2,6,1.0,0
2025-02-03 20:00,120.4,6,1.0,0
2025-02-03 21:00,121.0,6,1.0,0
2025-02-03 22:00,121.0,6,1.0,0
2025-02-03 23:00,121.0,6,1.0,0
2025-02-04 00:00,121.0,6,1.0,0
2025-02-04 01:00,121.0,6,1.0,0
2025-02-04 02:00,121.0,6,1.0,0
2025-02-04 03:00,121.0,6,1.0,0
2025-02-04 04:00,121.0,6,1.0,0
2025-02-04 05:00,121.0,6,1.0,0
2025-02-04 06:00,121.0,6,1.0,0
2025-02-04 07:00,121.0,6,1.0,0
2025-02-04 08:00,121.0,6,1.0,0
2025-02-04 09:00,121.0,6,1.0,0
2025-02-04 10:00,121.0,6,1.0,0
2025-02-04 11:00,121.0,6,1.0,0
2025-02-04 12:00,121.0,6,1.0,0
2025-02-04 13:00,121.0,6,1.0,0
2025-02-04 14:00,121.0,6,1.0,0
2025-02-04 15:00,121.0,6,1.0,0
2025-02-04 16:00,121.0,6,1.0,0
2025-02-04 17:00,121.0,6,1.0,0
2025-02-04 18:00,121.0,6,1.0,0
2025-02-04 19:00,121.0,6,1.0,0
2025-02-04 20:00,121.0,6,1.0,0
2025-02-04 21:00,121.0,6,1.0,0
2025-02-04 22:00,121.0,6,1.0,0
2025-02-04 23:00,121.0,6,1.0,0
2025-02-05 00:00,121.0,6,1.0,0
2025-02-05 01:00,121.0,6,1.0,0
2025-02-05 02:00,121.0,6,1.0,0
2025-02-05 03:00,121.0,6,1.0,0
2025-02-05 04:00,121.0,6,1.0,0
2025-02-05 05:00,121.0,6,1.0,0
2025-02-05 06:00,121.0,6,1.0,0
2025-02-05 07:00,121.0,6,1.0,0
2025-02-05 08:00,121.0,6,1.0,0
2025-02-05 09:00,121.0,6,1.0,0
2025-02-05 10:00,121.0,6,1.0,0
2025-02-05 11:00,121.0,6,1.0,0
2025-02-05 12:00,121.0,6,1.0,0
2025-02-05 13:00,121.0,6,1.0,0
2025-02-05 14:00,121.0,6,1.0,0
2025-02-05 15:00,121.0,6,1.0,0
2025-02-05 16:00,121.0,6,1.0,0
2025-02-05 17:00,121.0,6,1.0,0
2025-02-05 18:00,121.0,6,1.0,0
2025-02-05 19:00,121.0,6,1.0,0
2025-02-05 20:00,121.0,6,1.0,0
2025-02-05 21:00,121.0,6,1.0,0
2025-02-05 22:00,121.0,6,1.0,0
2025-02-05 23:00,121.0,6,1.0,0
2025-02-06 00:00,121.0,6,1.0,0
2025-02-06 01:00,121.0,6,1.0,0
2025-02-06 02:00,121.0,6,1.0,0
2025-02-06 03:00,121.0,6,1.0,0
2025-02-06 04:00,121.0,6,1.0,0
2025-02-06 05:00,121.0,6,1.0,0
2025-02-06 06:00,121.0,6,1.0,0
2025-02-06 07:00,121.0,6,1.0,0
2025-02-06 08:00,121.0,6,1.0,0
2025-02-06 09:00,121.0,6,1.0,0
2025-02-06 10:00,121.0,6,1.0,0
2025-02-06 11:00,121.0,6,1.0,0
2025-02-06 12:00,121.0,6,1.0,0
2025-02-06 13:00,121.0,6,1.0,0
2025-02-06 14:00,121.0,6,1.0,0
2025-02-06 15:00,121.0,6,1.0,0
2025-02-06 16:00,121.0,6,1.0,0
2025-02-06 17:00,121.0,6,1.0,0
2025-02-06 18:00,121.0,6,1.0,0
2025-02-06 19:00,121.0,6,1.0,0
2025-02-06 20:00,121.0,6,1.0,0
2025-02-06 21:00,121.0,6,1.0,0
2025-02-06 22:00,121.0,6,1.0,0
2025-02-06 23:00,121.0,6,1.0,0
2025-02-07 00:00,121.0,6,1.0,0
2025-02-07 01:00,121.0,6,1.0,0
2025-02-07 02:00,121.0,6,1.0,0
2025-02-07 03:00,121.0,6,1.0,0
2025-02-07 04:00,121.0,6,1.0,0
2025-02-07 05:00,121.0,6,1.0,0
2025-02-07 06:00,121.0,6,1.0,0
2025-02-07 07:00,121.0,6,1.0,0
2025-02-07 08:00,121.0,6,1.0,0
2025-02-07 09:00,121.0,6,1.0,0
2025-02-07 10:00,121.0,6,1.0,0
2025-02-07 11:00,121.0,6,1.0,0
2025-02-07 12:00,121.0,6,1.0,0
2025-02-07 13:00,121.0,6,1.0,0
2025-02-07 14:00,121.0,6,1.0,0
2025-02-07 15:00,121.0,6,1.0,0
2025-02-07 16:00,121.0,6,1.0,0
2025-02-07 17:00,121.0,6,1.0,0
2025-02-07 18:00,121.0,6,1.0,0
2025-02-07 19:00,121.0,6,1.0,0
2025-02-07 20:00,121.0,6,1.0,0
2025-02-07 21:00,121.0,6,1.0,0
2025-02-07 22:00,121.0,6,1.0,0
2025-02-07 23:00,121.0,6,1.0,0
2025-02-08 00:00,121.0,6,1.0,0
2025-02-08 01:00,121.0,6,1.0,0
2025-02-08 02:00,121.0,6,1.0,0
2025-02-08 03:00,121.0,6,1.0,0
2025-02-08 04:00,121.0,6,1.0,0
2025-02-08 05:00,121.0,6,1.0,0
2025-02-08 06:00,121.0,6,1.0,0
2025-02-08 07:00,121.0,6,1.0,0
2025-02-08 08:00,121.4,6,1.0,0
2025-02-08 09:00,121.4,6,1.0,0
2025-02-08 10:00,121.4,6,1.0,0
2025-02-08 11:00,121.6,6,1.0,0
2025-02-08 12:00,122.0,6,1.0,0
2025-02-08 13:00,122.2,6,1.0,0
2025-02-08 14:00,122.2,6,1.0,0
2025-02-08 15:00,122.2,6,1.0,0
2025-02-08 16:00,122.2,6,1.0,0
2025-02-08 17:00,122.2,6,1.0,0
2025-02-08 18:00,122.2,6,1.0,0
2025-02-08 19:00,122.2,6,1.0,0
2025-02-08 20:00,122.2,6,1.0,0
2025-02-08 21:00,122.2,6,1.0,0
2025-02-08 22:00,122.2,6,1.0,0
2025-02-08 23:00,122.2,6,1.0,0
2025-02-09 00:00,122.2,6,1.0,0
2025-02-09 01:00,122.2,6,1.0,0
2025-02-09 02:00,122.2,6,1.0,0
2025-02-09 03:00,122.2,6,1.0,0
2025-02-09 04:00,122.2,6,1.0,0
2025-02-09 05:00,122.2,6,1.0,0
2025-02-09 06:00,122.2,6,1.0,0
2025-02-09 07:00,122.2,6,1.0,0
2025-02-09 08:00,122.2,6,1.0,0
2025-02-09 09:00,122.2,6,1.0,0
2025-02-09 10:00,122.2,6,1.0,0
2025-02-09 11:00,122.2,6,1.0,0
2025-02-09 12:00,122.2,6,1.0,0
2025-02-09 13:00,122.2,6,1.0,0
2025-02-09 14:00,122.2,6,1.0,0
2025-02-09 15:00,122.2,6,1.0,0
2025-02-09 16:00,122.2,6,1.0,0
2025-02-09 17:00,122.2,6,1.0,0
2025-02-09 18:00,122.2,6,1.0,0
2025-02-09 19:00,122.2,6,1.0,0
2025-02-09 20:00,122.2,6,1.0,0
2025-02-09 21:00,122.2,6,1.0,0
2025-02-09 22:00,122.2,6,1.0,0
2025-02-09 23:00,122.2,6,1.0,0
2025-02-10 00:00,122.2,6,1.0,0
2025-02-10 01:00,122.2,6,1.0,0
2025-02-10 02:00,122.2,6,1.0,0
2025-02-10 03:00,122.2,6,1.0,0
2025-02-10 04:00,122.2,6,1.0,0
2025-02-10 05:00,122.2,6,1.0,0
2025-02-10 06:00,122.2,6,1.0,0
2025-02-10 07:00,122.2,6,1.0,0
2025-02-10 08:00,122.2,6,1.0,0
2025-02-10 09:00,122.2,6,1.0,0
2025-02-10 10:00,122.2,6,1.0,0
2025-02-10 11:00,122.2,6,1.0,0
2025-02-10 12:00,122.2,6,1.0,0
2025-02-10 13:00,122.2,6,1.0,0
2025-02-10 14:00,122.2,6,1.0,0
2025-02-10 15:00,122.2,6,1.0,0
2025-02-10 16:00,122.2,6,1.0,0
2025-02-10 17:00,122.2,6,1.0,0
2025-02-10 18:00,122.2,6,1.0,0
2025-02-10 19:00,122.2,6,1.0,0
2025-02-10 20:00,122.2,6,1.0,0
2025-02-10 21:00,122.2,6,1.0,0
2025-02-10 22:00,122.2,6,1.0,0
2025-02-10 23:00,122.2,6,1.0,0
2025-02-11 00:00,122.2,6,1.0,0
2025-02-11 01:00,122.2,6,1.0,0
2025-02-11 02:00,122.2,6,1.0,0
2025-02-11 03:00,122.2,6,1.0,0
2025-02-11 04:00,122.2,6,1.0,0
2025-02-11 05:00,122.2,6,1.0,0
2025-02-11 06:00,122.2,6,1.0,0
2025-02-11 07:00,122.2,6,1.0,0
2025-02-11 08:00,122.2,6,1.0,0
2025-02-11 09:00,122.2,6,1.0,0
2025-02-11 10:00,122.2,6,1.0,0
2025-02-11 11:00,122.2,6,1.0,0
2025-02-11 12:00,122.2,6,1.0,0
2025-02-11 13:00,122.2,6,1.0,0
2025-02-11 14:00,122.2,6,1.0,0
2025-02-11 15:00,122.2,6,1.0,0
2025-02-11 16:00,122.2,6,1.0,0
2025-02-11 17:00,122.2,6,1.0,0
2025-02-11 18:00,122.2,6,1.0,0
2025-02-11 19:00,122.2,6,1.0,0
2025-02-11 20:00,122.2,6,1.0,0
2025-02-11 21:00,122.2,6,1.0,0
2025-02-11 22:00,122.2,6,1.0,0
2025-02-11 23:00,122.2,6,1.0,0
2025-02-12 00:00,122.2,6,1.0,0
2025-02-12 01:00,122.2,6,1.0,0
2025-02-12 02:00,122.2,6,1.0,0
2025-02-12 03:00,122.2,6,1.0,0
2025-02-12 04:00,122.2,6,1.0,0
2025-02-12 05:00,122.2,6,1.0,0
2025-02-12 06:00,122.2,6,1.0,0
2025-02-12 07:00,122.2,6,1.0,0
2025-02-12 08:00,122.2,1,0.167,0
2025-02-12 09:00,122.2,3,0.5,0
2025-02-12 10:00,122.2,6,1.0,0
2025-02-12 11:00,122.2,6,1.0,0
2025-02-12 12:00,122.2,6,1.0,0
2025-02-12 13:00,122.2,6,1.0,0
2025-02-12 14:00,122.2,6,1.0,0
2025-02-12 15:00,122.2,6,1.0,0
2025-02-12 16:00,122.2,6,1.0,0
2025-02-12 17:00,122.2,6,1.0,0
2025-02-12 18:00,122.2,6,1.0,0
2025-02-12 19:00,122.2,6,1.0,0
2025-02-12 20:00,122.2,6,1.0,0
2025-02-12 21:00,122.2,6,1.0,0
2025-02-12 22:00,122.2,6,1.0,0
2025-02-12 23:00,122.2,6,1.0,0
2025-02-13 00:00,122.2,6,1.0,0
2025-02-13 01:00,122.2,6,1.0,0
2025-02-13 02:00,122.2,6,1.0,0
2025-02-13 03:00,122.2,6,1.0,0
2025-02-13 04:00,122.2,6,1.0,0
2025-02-13 05:00,122.2,6,1.0,0
2025-02-13 06:00,122.2,6,1.0,0
2025-02-13 07:00,122.2,6,1.0,0
2025-02-13 08:00,122.2,6,1.0,0
2025-02-13 09:00,122.2,6,1.0,0
2025-02-13 10:00,122.2,6,1.0,0
2025-02-13 11:00,122.2,6,1.0,0
2025-02-13 12:00,122.2,6,1.0,0
2025-02-13 13:00,122.2,6,1.0,0
2025-02-13 14:00,122.2,6,1.0,0
2025-02-13 15:00,122.2,6,1.0,0
2025-02-13 16:00,122.2,6,1.0,0
2025-02-13 17:00,122.2,6,1.0,0
2025-02-13 18:00,122.2,6,1.0,0
2025-02-13 19:00,122.2,6,1.0,0
2025-02-13 20:00,122.2,6,1.0,0
2025-02-13 21:00,122.2,6,1.0,0
2025-02-13 22:00,122.2,6,1.0,0
2025-02-13 23:00,122.2,6,1.0,0
2025-02-14 00:00,122.2,6,1.0,0
2025-02-14 01:00,122.2,6,1.0,0
2025-02-14 02:00,122.2,6,1.0,0
2025-02-14 03:00,122.2,6,1.0,0
2025-02-14 04:00,122.2,6,1.0,0
2025-02-14 05:00,122.2,6,1.0,0
2025-02-14 06:00,122.2,6,1.0,0
2025-02-14 07:00,122.2,6,1.0,0
2025-02-14 08:00,122.2,6,1.0,0
2025-02-14 09:00,122.2,6,1.0,0
2025-02-14 10:00,122.2,6,1.0,0
2025-02-14 11:00,123.0,6,1.0,0
2025-02-14 12:00,123.0,6,1.0,0
2025-02-14 13:00,123.0,6,1.0,0
2025-02-14 14:00,128.2,6,1.0,0
2025-02-14 15:00,128.2,6,1.0,0
2025-02-14 16:00,129.6,6,1.0,0
2025-02-14 17:00,129.6,6,1.0,0
2025-02-14 18:00,129.6,6,1.0,0
2025-02-14 19:00,129.6,6,1.0,0
2025-02-14 20:00,129.6,6,1.0,0
2025-02-14 21:00,130.8,6,1.0,0
2025-02-14 22:00,131.0,6,1.0,0
2025-02-14 23:00,133.0,6,1.0,0
2025-02-15 00:00,133.2,6,1.0,0
2025-02-15 01:00,137.4,6,1.0,0
2025-02-15 02:00,138.4,6,1.0,0
2025-02-15 03:00,139.0,6,1.0,0
2025-02-15 04:00,139.0,6,1.0,0
2025-02-15 05:00,141.2,6,1.0,0
2025-02-15 06:00,145.8,6,1.0,0
2025-02-15 07:00,148.2,6,1.0,0
2025-02-15 08:00,148.4,6,1.0,0
2025-02-15 09:00,151.8,6,1.0,0
2025-02-15 10:00,151.8,6,1.0,0
2025-02-15 11:00,151.8,6,1.0,0
2025-02-15 12:00,153.0,6,1.0,0
2025-02-15 13:00,153.4,6,1.0,0
2025-02-15 14:00,153.4,6,1.0,0
2025-02-15 15:00,153.4,6,1.0,0
2025-02-15 16:00,153.4,6,1.0,0
2025-02-15 17:00,153.4,6,1.0,0
2025-02-15 18:00,153.4,6,1.0,0
2025-02-15 19:00,153.4,6,1.0,0
2025-02-15 20:00,153.4,6,1.0,0
2025-02-15 21:00,153.4,6,1.0,0
2025-02-15 22:00,153.4,6,1.0,0
2025-02-15 23:00,153.4,6,1.0,0
2025-02-16 00:00,153.4,6,1.0,0
2025-02-16 01:00,153.4,6,1.0,0
2025-02-16 02:00,153.4,6,1.0,0
2025-02-16 03:00,153.4,6,1.0,0
2025-02-16 04:00,153.4,6,1.0,0
2025-02-16 05:00,153.4,6,1.0,0
2025-02-16 06:00,153.4,6,1.0,0
2025-02-16 07:00,153.4,6,1.0,0
2025-02-16 08:00,153.4,6,1.0,0
2025-02-16 09:00,153.4,6,1.0,0
2025-02-16 10:00,153.4,6,1.0,0
2025-02-16 11:00,153.4,6,1.0,0
2025-02-16 12:00,153.4,6,1.0,0
2025-02-16 13:00,153.4,6,1.0,0
2025-02-16 14:00,153.4,6,1.0,0
2025-02-16 15:00,153.4,6,1.0,0
2025-02-16 16:00,153.4,6,1.0,0
2025-02-16 17:00,153.4,6,1.0,0
2025-02-16 18:00,153.4,6,1.0,0
2025-02-16 19:00,153.4,6,1.0,0
2025-02-16 20:00,153.4,6,1.0,0
2025-02-16 21:00,153.4,6,1.0,0
2025-02-16 22:00,153.4,6,1.0,0
2025-02-16 23:00,153.4,6,1.0,0
2025-02-17 00:00,153.4,6,1.0,0
2025-02-17 01:00,153.4,6,1.0,0
2025-02-17 02:00,153.4,6,1.0,0
2025-02-17 03:00,153.4,6,1.0,0
2025-02-17 04:00,153.4,6,1.0,0
2025-02-17 05:00,153.4,6,1.0,0
2025-02-17 06:00,153.4,6,1.0,0
2025-02-17 07:00,153.4,6,1.0,0
2025-02-17 08:00,153.4,6,1.0,0
2025-02-17 09:00,153.4,6,1.0,0
2025-02-17 10:00,153.4,6,1.0,0
2025-02-17 11:00,153.4,6,1.0,0
2025-02-17 12:00,153.4,6,1.0,0
2025-02-17 13:00,153.4,6,1.0,0
2025-02-17 14:00,153.4,6,1.0,0
2025-02-17 15:00,153.4,6,1.0,0
2025-02-17 16:00,153.4,6,1.0,0
2025-02-17 17:00,153.4,6,1.0,0
2025-02-17 18:00,153.4,6,1.0,0
2025-02-17 19:00,153.4,6,1.0,0
2025-02-17 20:00,153.4,6,1.0,0
2025-02-17 21:00,153.4,6,1.0,0
2025-02-17 22:00,153.4,6,1.0,0
2025-02-17 23:00,153.4,6,1.0,0
2025-02-18 00:00,153.4,6,1.0,0
2025-02-18 01:00,153.4,6,1.0,0
2025-02-18 02:00,153.4,6,1.0,0
2025-02-18 03:00,153.4,6,1.0,0
2025-02-18 04:00,153.4,6,1.0,0
2025-02-18 05:00,153.4,6,1.0,0
2025-02-18 06:00,153.4,6,1.0,0
2025-02-18 07:00,153.4,6,1.0,0
2025-02-18 08:00,153.4,6,1.0,0
2025-02-18 09:00,153.4,6,1.0,0
2025-02-18 10:00,153.4,6,1.0,0
2025-02-18 11:00,153.4,6,1.0,0
2025-02-18 12:00,153.4,6,1.0,0
2025-02-18 13:00,153.4,6,1.0,0
2025-02-18 14:00,153.4,6,1.0,0
2025-02-18 15:00,153.4,6,1.0,0
2025-02-18 16:00,153.4,6,1.0,0
2025-02-18 17:00,153.4,6,1.0,0
2025-02-18 18:00,153.4,6,1.0,0
2025-02-18 19:00,153.4,6,1.0,0
2025-02-18 20:00,153.4,6,1.0,0
2025-02-18 21:00,153.4,6,1.0,0
2025-02-18 22:00,153.4,6,1.0,0
2025-02-18 23:00,153.4,6,1.0,0
2025-02-19 00:00,153.4,6,1.0,0
2025-02-19 01:00,153.4,6,1.0,0
2025-02-19 02:00,153.4,6,1.0,0
2025-02-19 03:00,153.4,6,1.0,0
2025-02-19 04:00,153.4,6,1.0,0
2025-02-19 05:00,153.4,6,1.0,0
2025-02-19 06:00,153.4,6,1.0,0
2025-02-19 07:00,153.4,6,1.0,0
2025-02-19 08:00,153.4,6,1.0,0
2025-02-19 09:00,153.4,6,1.0,0
2025-02-19 10:00,153.4,6,1.0,0
2025-02-19 11:00,153.4,6,1.0,0
2025-02-19 12:00,153.4,6,1.0,0
2025-02-19 13:00,153.4,6,1.0,0
2025-02-19 14:00,153.4,6,1.0,0
2025-02-19 15:00,153.4,6,1.0,0
2025-02-19 16:00,153.4,6,1.0,0
2025-02-19 17:00,153.4,6,1.0,0
2025-02-19 18:00,153.4,6,1.0,0
2025-02-19 19:00,153.4,6,1.0,0
2025-02-19 20:00,153.4,6,1.0,0
2025-02-19 21:00,153.4,6,1.0,0
2025-02-19 22:00,153.4,6,1.0,0
2025-02-19 23:00,153.4,6,1.0,0
2025-02-20 00:00,153.4,6,1.0,0
2025-02-20 01:00,153.4,6,1.0,0
2025-02-20 02:00,153.4,6,1.0,0
2025-02-20 03:00,153.4,6,1.0,0
2025-02-20 04:00,153.4,6,1.0,0
2025-02-20 05:00,153.6,6,1.0,0
2025-02-20 06:00,153.6,6,1.0,0
2025-02-20 07:00,153.6,6,1.0,0
2025-02-20 08:00,153.6,6,1.0,0
2025-02-20 09:00,153.6,6,1.0,0
2025-02-20 10:00,153.6,6,1.0,0
2025-02-20 11:00,153.6,6,1.0,0
2025-02-20 12:00,153.6,6,1.0,0
2025-02-20 13:00,153.6,6,1.0,0
2025-02-20 14:00,153.6,6,1.0,0
2025-02-20 15:00,153.6,6,1.0,0
2025-02-20 16:00,153.6,6,1.0,0
2025-02-20 17:00,153.6,6,1.0,0
2025-02-20 18:00,153.6,6,1.0,0
2025-02-20 19:00,153.6,6,1.0,0
2025-02-20 20:00,153.6,6,1.0,0
2025-02-20 21:00,153.6,6,1.0,0
2025-02-20 22:00,153.6,6,1.0,0
2025-02-20 23:00,153.6,6,1.0,0
2025-02-21 00:00,153.6,6,1.0,0
2025-02-21 01:00,153.6,6,1.0,0
2025-02-21 02:00,153.6,6,1.0,0
2025-02-21 03:00,153.6,6,1.0,0
2025-02-21 04:00,153.6,6,1.0,0
2025-02-21 05:00,153.6,6,1.0,0
2025-02-21 06:00,153.6,6,1.0,0
2025-02-21 07:00,153.6,6,1.0,0
2025-02-21 08:00,153.6,6,1.0,0
2025-02-21 09:00,153.6,6,1.0,0
2025-02-21 10:00,153.6,6,1.0,0
2025-02-21 11:00,153.6,6,1.0,0
2025-02-21 12:00,153.6,6,1.0,0
2025-02-21 13:00,153.6,6,1.0,0
2025-02-21 14:00,153.6,6,1.0,0
2025-02-21 15:00,153.6,6,1.0,0
2025-02-21 16:00,153.6,6,1.0,0
2025-02-21 17:00,153.6,6,1.0,0
2025-02-21 18:00,153.6,6,1.0,0
2025-02-21 19:00,153.6,6,1.0,0
2025-02-21 20:00,153.6,6,1.0,0
2025-02-21 21:00,153.6,6,1.0,0
2025-02-21 22:00,153.6,6,1.0,0
2025-02-21 23:00,153.6,6,1.0,0
2025-02-22 00:00,153.6,6,1.0,0
2025-02-22 01:00,153.6,6,1.0,0
2025-02-22 02:00,153.6,6,1.0,0
2025-02-22 03:00,153.6,6,1.0,0
2025-02-22 04:00,153.6,6,1.0,0
2025-02-22 05:00,153.6,6,1.0,0
2025-02-22 06:00,153.6,6,1.0,0
2025-02-22 07:00,153.6,6,1.0,0
2025-02-22 08:00,153.6,6,1.0,0
2025-02-22 09:00,153.6,6,1.0,0
2025-02-22 10:00,153.6,6,1.0,0
2025-02-22 11:00,153.6,6,1.0,0
2025-02-22 12:00,153.6,6,1.0,0
2025-02-22 13:00,153.6,6,1.0,0
2025-02-22 14:00,153.6,6,1.0,0
2025-02-22 15:00,153.6,6,1.0,0
2025-02-22 16:00,153.6,6,1.0,0
2025-02-22 17:00,153.6,6,1.0,0
2025-02-22 18:00,153.6,6,1.0,0
2025-02-22 19:00,153.6,6,1.0,0
2025-02-22 20:00,153.6,6,1.0,0
2025-02-22 21:00,153.6,6,1.0,0
2025-02-22 22:00,153.6,6,1.0,0
2025-02-22 23:00,153.6,6,1.0,0
2025-02-23 00:00,153.6,6,1.0,0
2025-02-23 01:00,153.6,6,1.0,0
2025-02-23 02:00,153.6,6,1.0,0
2025-02-23 03:00,153.6,6,1.0,0
2025-02-23 04:00,153.6,6,1.0,0
2025-02-23 05:00,153.6,6,1.0,0
2025-02-23 06:00,153.6,6,1.0,0
2025-02-23 07:00,153.6,6,1.0,0
2025-02-23 08:00,153.6,6,1.0,0
2025-02-23 09:00,153.6,6,1.0,0
2025-02-23 10:00,153.6,6,1.0,0
2025-02-23 11:00,153.6,6,1.0,0
2025-02-23 12:00,153.6,6,1.0,0
2025-02-23 13:00,153.6,6,1.0,0
2025-02-23 14:00,153.6,6,1.0,0
2025-02-23 15:00,153.6,6,1.0,0
2025-02-23 16:00,153.6,6,1.0,0
2025-02-23 17:00,153.6,6,1.0,0
2025-02-23 18:00,153.6,6,1.0,0
2025-02-23 19:00,153.6,6,1.0,0
2025-02-23 20:00,153.6,6,1.0,0
2025-02-23 21:00,153.6,6,1.0,0
2025-02-23 22:00,153.6,6,1.0,0
2025-02-23 23:00,153.6,6,1.0,0
2025-02-24 00:00,153.6,6,1.0,0
2025-02-24 01:00,153.6,6,1.0,0
2025-02-24 02:00,153.6,6,1.0,0
2025-02-24 03:00,153.6,6,1.0,0
2025-02-24 04:00,153.6,6,1.0,0
2025-02-24 05:00,153.6,6,1.0,0
2025-02-24 06:00,153.6,6,1.0,0
2025-02-24 07:00,153.6,6,1.0,0
2025-02-24 08:00,153.6,6,1.0,0
2025-02-24 09:00,153.6,6,1.0,0
2025-02-24 10:00,153.6,6,1.0,0
2025-02-24 11:00,153.6,6,1.0,0
2025-02-24 12:00,153.6,6,1.0,0
2025-02-24 13:00,153.6,6,1.0,0
2025-02-24 14:00,153.6,6,1.0,0
2025-02-24 15:00,153.6,6,1.0,0
2025-02-24 16:00,153.6,6,1.0,0
2025-02-24 17:00,153.6,6,1.0,0
2025-02-24 18:00,153.6,6,1.0,0
2025-02-24 19:00,153.6,6,1.0,0
2025-02-24 20:00,153.6,6,1.0,0
2025-02-24 21:00,153.6,6,1.0,0
2025-02-24 22:00,153.8,6,1.0,0
2025-02-24 23:00,153.8,6,1.0,0
2025-02-25 00:00,154.0,6,1.0,0
2025-02-25 01:00,154.0,6,1.0,0
2025-02-25 02:00,154.0,6,1.0,0
2025-02-25 03:00,154.0,6,1.0,0
2025-02-25 04:00,154.2,6,1.0,0
2025-02-25 05:00,154.2,6,1.0,0
2025-02-25 06:00,154.8,6,1.0,0
2025-02-25 07:00,155.0,6,1.0,0
2025-02-25 08:00,156.4,6,1.0,0
2025-02-25 09:00,157.2,6,1.0,0
2025-02-25 10:00,157.6,6,1.0,0
2025-02-25 11:00,157.6,6,1.0,0
2025-02-25 12:00,157.6,6,1.0,0
2025-02-25 13:00,157.6,6,1.0,0
2025-02-25 14:00,157.6,6,1.0,0
2025-02-25 15:00,157.6,6,1.0,0
2025-02-25 16:00,157.6,6,1.0,0
2025-02-25 17:00,157.6,6,1.0,0
2025-02-25 18:00,157.6,6,1.0,0
2025-02-25 19:00,157.6,6,1.0,0
2025-02-25 20:00,157.6,6,1.0,0
2025-02-25 21:00,159.4,6,1.0,0
2025-02-25 22:00,164.6,6,1.0,0
2025-02-25 23:00,187.2,6,1.0,0
2025-02-26 00:00,192.4,6,1.0,0
2025-02-26 01:00,197.6,6,1.0,0
2025-02-26 02:00,216.8,6,1.0,0
2025-02-26 03:00,236.0,6,1.0,0
2025-02-26 04:00,238.6,6,1.0,0
2025-02-26 05:00,244.0,6,1.0,0
2025-02-26 06:00,250.2,6,1.0,0
2025-02-26 07:00,252.4,6,1.0,0
2025-02-26 08:00,253.0,6,1.0,0
2025-02-26 09:00,253.0,6,1.0,0
2025-02-26 10:00,255.0,6,1.0,0
2025-02-26 11:00,256.0,6,1.0,0
2025-02-26 12:00,256.8,6,1.0,0
2025-02-26 13:00,258.0,6,1.0,0
2025-02-26 14:00,260.2,6,1.0,0
2025-02-26 15:00,263.4,6,1.0,0
2025-02-26 16:00,269.8,6,1.0,0
2025-02-26 17:00,270.8,6,1.0,0
2025-02-26 18:00,274.4,6,1.0,0
2025-02-26 19:00,277.8,6,1.0,0
2025-02-26 20:00,282.6,6,1.0,0
2025-02-26 21:00,285.6,6,1.0,0
2025-02-26 22:00,296.8,6,1.0,0
2025-02-26 23:00,299.6,6,1.0,0
2025-02-27 00:00,299.8,6,1.0,0
2025-02-27 01:00,300.0,6,1.0,0
2025-02-27 02:00,300.0,6,1.0,0
2025-02-27 03:00,300.0,6,1.0,0
2025-02-27 04:00,300.0,6,1.0,0
2025-02-27 05:00,300.0,6,1.0,0
2025-02-27 06:00,300.0,6,1.0,0
2025-02-27 07:00,300.0,6,1.0,0
2025-02-27 08:00,300.0,6,1.0,0
2025-02-27 09:00,300.0,6,1.0,0
2025-02-27 10:00,300.0,6,1.0,0
2025-02-27 11:00,300.0,6,1.0,0
2025-02-27 12:00,300.0,6,1.0,0
2025-02-27 13:00,300.0,6,1.0,0
2025-02-27 14:00,300.0,6,1.0,0
2025-02-27 15:00,300.0,6,1.0,0
2025-02-27 16:00,300.0,6,1.0,0
2025-02-27 17:00,300.0,6,1.0,0
2025-02-27 18:00,300.0,6,1.0,0
2025-02-27 19:00,300.0,6,1.0,0
2025-02-27 20:00,300.0,6,1.0,0
2025-02-27 21:00,300.0,6,1.0,0
2025-02-27 22:00,300.0,6,1.0,0
2025-02-27 23:00,300.0,6,1.0,0
2025-02-28 00:00,300.0,6,1.0,0
2025-02-28 01:00,300.0,6,1.0,0
2025-02-28 02:00,300.0,6,1.0,0
2025-02-28 03:00,300.0,6,1.0,0
2025-02-28 04:00,300.0,6,1.0,0
2025-02-28 05:00,300.0,6,1.0,0
2025-02-28 06:00,300.0,6,1.0,0
2025-02-28 07:00,300.0,6,1.0,0
2025-02-28 08:00,300.0,6,1.0,0
2025-02-28 09:00,300.0,6,1.0,0
2025-02-28 10:00,300.0,6,1.0,0
2025-02-28 11:00,300.0,6,1.0,0
2025-02-28 12:00,300.0,6,1.0,0
2025-02-28 13:00,300.0,6,1.0,0
2025-02-28 14:00,300.0,6,1.0,0
2025-02-28 15:00,300.0,6,1.0,0
2025-02-28 16:00,300.0,6,1.0,0
2025-02-28 17:00,300.0,6,1.0,0
2025-02-28 18:00,300.0,6,1.0,0
2025-02-28 19:00,300.0,6,1.0,0
2025-02-28 20:00,300.0,6,1.0,0
2025-02-28 21:00,300.0,6,1.0,0
2025-02-28 22:00,300.0,6,1.0,0
2025-02-28 23:00,300.0,6,1.0,0
2025-03-01 00:00,300.0,6,1.0,0
2025-03-01 01:00,300.0,6,1.0,0
2025-03-01 02:00,300.0,6,1.0,0
2025-03-01 03:00,300.0,6,1.0,0
2025-03-01 04:00,300.0,6,1.0,0
2025-03-01 05:00,300.0,6,1.0,0
2025-03-01 06:00,300.0,6,1.0,0
2025-03-01 07:00,300.0,6,1.0,0
2025-03-01 08:00,300.0,6,1.0,0
2025-03-01 09:00,300.0,6,1.0,0
2025-03-01 10:00,300.0,6,1.0,0
2025-03-01 11:00,300.0,6,1.0,0
2025-03-01 12:00,300.0,6,1.0,0
2025-03-01 13:00,300.0,6,1.0,0
2025-03-01 14:00,300.0,6,1.0,0
2025-03-01 15:00,300.0,6,1.0,0
2025-03-01 16:00,300.0,6,1.0,0
2025-03-01 17:00,300.4,6,1.0,0
2025-03-01 18:00,300.4,6,1.0,0
2025-03-01 19:00,300.4,6,1.0,0
2025-03-01 20:00,300.4,6,1.0,0
2025-03-01 21:00,300.4,6,1.0,0
2025-03-01 22:00,300.4,6,1.0,0
2025-03-01 23:00,300.4,6,1.0,0
2025-03-02 00:00,300.4,6,1.0,0
2025-03-02 01:00,300.4,6,1.0,0
2025-03-02 02:00,300.4,6,1.0,0
2025-03-02 03:00,300.4,6,1.0,0
2025-03-02 04:00,300.4,6,1.0,0
2025-03-02 05:00,300.4,6,1.0,0
2025-03-02 06:00,300.4,6,1.0,0
2025-03-02 07:00,300.4,6,1.0,0
2025-03-02 08:00,300.4,6,1.0,0
2025-03-02 09:00,300.4,6,1.0,0
2025-03-02 10:00,300.4,6,1.0,0
2025-03-02 11:00,300.4,6,1.0,0
2025-03-02 12:00,300.4,6,1.0,0
2025-03-02 13:00,300.4,6,1.0,0
2025-03-02 14:00,300.4,6,1.0,0
2025-03-02 15:00,300.4,6,1.0,0
2025-03-02 16:00,300.4,6,1.0,0
2025-03-02 17:00,300.4,6,1.0,0
2025-03-02 18:00,300.4,6,1.0,0
2025-03-02 19:00,300.4,6,1.0,0
2025-03-02 20:00,300.4,6,1.0,0
2025-03-02 21:00,300.4,6,1.0,0
2025-03-02 22:00,300.4,6,1.0,0
2025-03-02 23:00,300.4,6,1.0,0
2025-03-03 00:00,300.4,6,1.0,0
2025-03-03 01:00,300.4,6,1.0,0
2025-03-03 02:00,300.4,6,1.0,0
2025-03-03 03:00,300.4,6,1.0,0
2025-03-03 04:00,300.4,6,1.0,0
2025-03-03 05:00,300.4,6,1.0,0
2025-03-03 06:00,300.4,6,1.0,0
2025-03-03 07:00,300.4,6,1.0,0
2025-03-03 08:00,300.4,6,1.0,0
2025-03-03 09:00,300.4,6,1.0,0
2025-03-03 10:00,300.4,6,1.0,0
2025-03-03 11:00,300.4,6,1.0,0
2025-03-03 12:00,300.4,6,1.0,0
2025-03-03 13:00,300.4,6,1.0,0
2025-03-03 14:00,300.4,6,1.0,0
2025-03-03 15:00,300.4,6,1.0,0
2025-03-03 16:00,300.4,6,1.0,0
2025-03-03 17:00,300.4,6,1.0,0
2025-03-03 18:00,300.4,6,1.0,0
2025-03-03 19:00,300.4,6,1.0,0
2025-03-03 20:00,300.4,6,1.0,0
2025-03-03 21:00,300.4,6,1.0,0
2025-03-03 22:00,300.4,6,1.0,0
2025-03-03 23:00,300.4,6,1.0,0
2025-03-04 00:00,300.4,6,1.0,0
2025-03-04 01:00,300.4,6,1.0,0
2025-03-04 02:00,300.4,6,1.0,0
2025-03-04 03:00,300.4,6,1.0,0
2025-03-04 04:00,300.4,6,1.0,0
2025-03-04 05:00,300.4,6,1.0,0
2025-03-04 06:00,300.4,6,1.0,0
2025-03-04 07:00,300.4,6,1.0,0
2025-03-04 08:00,300.4,6,1.0,0
2025-03-04 09:00,300.4,6,1.0,0
2025-03-04 10:00,300.4,6,1.0,0
2025-03-04 11:00,300.4,6,1.0,0
2025-03-04 12:00,300.4,6,1.0,0
2025-03-04 13:00,300.4,6,1.0,0
2025-03-04 14:00,300.4,6,1.0,0
2025-03-04 15:00,300.4,6,1.0,0
2025-03-04 16:00,300.4,6,1.0,0
2025-03-04 17:00,300.4,6,1.0,0
2025-03-04 18:00,300.4,6,1.0,0
2025-03-04 19:00,300.4,6,1.0,0
2025-03-04 20:00,300.4,6,1.0,0
2025-03-04 21:00,300.4,6,1.0,0
2025-03-04 22:00,300.4,6,1.0,0
2025-03-04 23:00,300.4,6,1.0,0
2025-03-05 00:00,300.4,6,1.0,0
2025-03-05 01:00,300.4,6,1.0,0
2025-03-05 02:00,300.4,6,1.0,0
2025-03-05 03:00,300.4,6,1.0,0
2025-03-05 04:00,300.4,6,1.0,0
2025-03-05 05:00,300.4,6,1.0,0
2025-03-05 06:00,300.4,6,1.0,0
2025-03-05 07:00,300.4,6,1.0,0
2025-03-05 08:00,300.4,6,1.0,0
2025-03-05 09:00,300.4,6,1.0,0
2025-03-05 10:00,300.4,6,1.0,0
2025-03-05 11:00,300.4,6,1.0,0
2025-03-05 12:00,300.4,6,1.0,0
2025-03-05 13:00,300.4,6,1.0,0
2025-03-05 14:00,300.4,6,1.0,0
2025-03-05 15:00,300.4,6,1.0,0
2025-03-05 16:00,300.4,6,1.0,0
2025-03-05 17:00,300.4,6,1.0,0
2025-03-05 18:00,300.4,6,1.0,0
2025-03-05 19:00,300.4,6,1.0,0
2025-03-05 20:00,300.4,6,1.0,0
2025-03-05 21:00,300.4,6,1.0,0
2025-03-05 22:00,300.4,6,1.0,0
2025-03-05 23:00,300.4,6,1.0,0
2025-03-06 00:00,300.4,6,1.0,0
2025-03-06 01:00,300.4,6,1.0,0
2025-03-06 02:00,300.4,6,1.0,0
2025-03-06 03:00,300.4,6,1.0,0
2025-03-06 04:00,300.4,6,1.0,0
2025-03-06 05:00,300.4,6,1.0,0
2025-03-06 06:00,300.4,6,1.0,0
2025-03-06 07:00,300.4,6,1.0,0
2025-03-06 08:00,300.4,6,1.0,0
2025-03-06 09:00,300.4,6,1.0,0
2025-03-06 10:00,300.4,6,1.0,0
2025-03-06 11:00,300.4,6,1.0,0
2025-03-06 12:00,300.4,6,1.0,0
2025-03-06 13:00,300.4,6,1.0,0
2025-03-06 14:00,300.4,6,1.0,0
2025-03-06 15:00,300.4,6,1.0,0
2025-03-06 16:00,300.4,6,1.0,0
2025-03-06 17:00,300.4,6,1.0,0
2025-03-06 18:00,300.4,6,1.0,0
2025-03-06 19:00,300.4,6,1.0,0
2025-03-06 20:00,300.4,6,1.0,0
2025-03-06 21:00,300.4,6,1.0,0
2025-03-06 22:00,300.4,6,1.0,0
2025-03-06 23:00,300.4,6,1.0,0
2025-03-07 00:00,300.4,6,1.0,0
2025-03-07 01:00,300.4,6,1.0,0
2025-03-07 02:00,300.4,6,1.0,0
2025-03-07 03:00,300.4,6,1.0,0
2025-03-07 04:00,300.4,6,1.0,0
2025-03-07 05:00,300.4,6,1.0,0
2025-03-07 06:00,300.4,6,1.0,0
2025-03-07 07:00,300.4,6,1.0,0
2025-03-07 08:00,300.4,6,1.0,0
2025-03-07 09:00,300.4,6,1.0,0
2025-03-07 10:00,300.4,6,1.0,0
2025-03-07 11:00,300.4,6,1.0,0
2025-03-07 12:00,300.4,6,1.0,0
2025-03-07 13:00,300.4,6,1.0,0
2025-03-07 14:00,300.4,6,1.0,0
2025-03-07 15:00,300.4,6,1.0,0
2025-03-07 16:00,300.4,6,1.0,0
2025-03-07 17:00,300.4,6,1.0,0
2025-03-07 18:00,300.4,6,1.0,0
2025-03-07 19:00,300.4,6,1.0,0
2025-03-07 20:00,300.4,6,1.0,0
2025-03-07 21:00,300.4,6,1.0,0
2025-03-07 22:00,300.4,6,1.0,0
2025-03-07 23:00,300.4,6,1.0,0
2025-03-08 00:00,300.4,6,1.0,0
2025-03-08 01:00,300.4,6,1.0,0
2025-03-08 02:00,300.4,6,1.0,0
2025-03-08 03:00,300.4,6,1.0,0
2025-03-08 04:00,300.4,6,1.0,0
2025-03-08 05:00,300.4,6,1.0,0
2025-03-08 06:00,300.4,6,1.0,0
2025-03-08 07:00,300.4,6,1.0,0
2025-03-08 08:00,300.4,6,1.0,0
2025-03-08 09:00,300.4,6,1.0,0
2025-03-08 10:00,300.4,6,1.0,0
2025-03-08 11:00,300.4,6,1.0,0
2025-03-08 12:00,300.4,6,1.0,0
2025-03-08 13:00,300.4,6,1.0,0
2025-03-08 14:00,300.4,6,1.0,0
2025-03-08 15:00,300.4,6,1.0,0
2025-03-08 16:00,300.4,6,1.0,0
2025-03-08 17:00,300.4,6,1.0,0
2025-03-08 18:00,300.4,6,1.0,0
2025-03-08 19:00,300.4,6,1.0,0
2025-03-08 20:00,300.4,6,1.0,0
2025-03-08 21:00,300.4,6,1.0,0
2025-03-08 22:00,300.4,6,1.0,0
2025-03-08 23:00,300.4,6,1.0,0
2025-03-09 00:00,300.4,6,1.0,0
2025-03-09 01:00,300.4,6,1.0,0
2025-03-09 02:00,300.4,6,1.0,0
2025-03-09 03:00,300.4,6,1.0,0
2025-03-09 04:00,300.4,6,1.0,0
2025-03-09 05:00,300.4,6,1.0,0
2025-03-09 06:00,300.4,6,1.0,0
2025-03-09 07:00,300.4,6,1.0,0
2025-03-09 08:00,300.4,6,1.0,0
2025-03-09 09:00,300.4,6,1.0,0
2025-03-09 10:00,300.4,6,1.0,0
2025-03-09 11:00,300.4,6,1.0,0
2025-03-09 12:00,300.4,6,1.0,0
2025-03-09 13:00,300.4,6,1.0,0
2025-03-09 14:00,300.4,6,1.0,0
2025-03-09 15:00,300.4,6,1.0,0
2025-03-09 16:00,300.4,6,1.0,0
2025-03-09 17:00,300.4,6,1.0,0
2025-03-09 18:00,300.4,6,1.0,0
2025-03-09 19:00,300.4,6,1.0,0
2025-03-09 20:00,300.4,6,1.0,0
2025-03-09 21:00,300.4,6,1.0,0
2025-03-09 22:00,300.4,6,1.0,0
2025-03-09 23:00,300.4,6,1.0,0
2025-03-10 00:00,300.4,6,1.0,0
2025-03-10 01:00,300.4,6,1.0,0
2025-03-10 02:00,300.4,6,1.0,0
2025-03-10 03:00,300.4,6,1.0,0
2025-03-10 04:00,300.4,6,1.0,0
2025-03-10 05:00,300.4,6,1.0,0
2025-03-10 06:00,300.4,6,1.0,0
2025-03-10 07:00,300.4,6,1.0,0
2025-03-10 08:00,300.4,6,1.0,0
2025-03-10 09:00,300.4,6,1.0,0
2025-03-10 10:00,300.4,6,1.0,0
2025-03-10 11:00,300.4,6,1.0,0
2025-03-10 12:00,300.4,6,1.0,0
2025-03-10 13:00,300.4,6,1.0,0
2025-03-10 14:00,300.4,6,1.0,0
2025-03-10 15:00,300.4,6,1.0,0
2025-03-10 16:00,300.4,6,1.0,0
2025-03-10 17:00,300.4,6,1.0,0
2025-03-10 18:00,300.4,6,1.0,0
2025-03-10 19:00,300.8,6,1.0,0
2025-03-10 20:00,300.8,6,1.0,0
2025-03-10 21:00,302.2,6,1.0,0
2025-03-10 22:00,302.8,6,1.0,0
2025-03-10 23:00,302.8,6,1.0,0
2025-03-11 00:00,302.8,6,1.0,0
2025-03-11 01:00,302.8,6,1.0,0
2025-03-11 02:00,302.8,6,1.0,0
2025-03-11 03:00,303.8,6,1.0,0
2025-03-11 04:00,313.6,6,1.0,0
2025-03-11 05:00,314.2,6,1.0,0
2025-03-11 06:00,315.0,6,1.0,0
2025-03-11 07:00,315.0,6,1.0,0
2025-03-11 08:00,315.0,6,1.0,0
2025-03-11 09:00,315.0,6,1.0,0
2025-03-11 10:00,315.0,6,1.0,0
2025-03-11 11:00,315.0,6,1.0,0
2025-03-11 12:00,315.0,6,1.0,0
2025-03-11 13:00,315.0,6,1.0,0
2025-03-11 14:00,315.0,6,1.0,0
2025-03-11 15:00,315.0,6,1.0,0
2025-03-11 16:00,315.0,6,1.0,0
2025-03-11 17:00,315.0,6,1.0,0
2025-03-11 18:00,315.0,6,1.0,0
2025-03-11 19:00,315.0,6,1.0,0
2025-03-11 20:00,315.0,6,1.0,0
2025-03-11 21:00,315.0,6,1.0,0
2025-03-11 22:00,315.0,6,1.0,0
2025-03-11 23:00,315.0,6,1.0,0
2025-03-12 00:00,315.0,6,1.0,0
2025-03-12 01:00,315.0,6,1.0,0
2025-03-12 02:00,315.0,6,1.0,0
2025-03-12 03:00,315.0,6,1.0,0
2025-03-12 04:00,315.0,6,1.0,0
2025-03-12 05:00,315.0,6,1.0,0
2025-03-12 06:00,315.0,6,1.0,0
2025-03-12 07:00,315.0,6,1.0,0
2025-03-12 08:00,315.0,6,1.0,0
2025-03-12 09:00,315.0,6,1.0,0
2025-03-12 10:00,315.0,6,1.0,0
2025-03-12 11:00,315.0,6,1.0,0
2025-03-12 12:00,315.0,6,1.0,0
2025-03-12 13:00,315.0,6,1.0,0
2025-03-12 14:00,315.0,6,1.0,0
2025-03-12 15:00,315.0,6,1.0,0
2025-03-12 16:00,315.0,6,1.0,0
2025-03-12 17:00,315.0,6,1.0,0
2025-03-12 18:00,315.2,6,1.0,0
2025-03-12 19:00,317.8,6,1.0,0
2025-03-12 20:00,318.0,6,1.0,0
2025-03-12 21:00,318.0,6,1.0,0
2025-03-12 22:00,318.8,6,1.0,0
2025-03-12 23:00,318.8,6,1.0,0
2025-03-13 00:00,318.8,6,1.0,0
2025-03-13 01:00,318.8,6,1.0,0
2025-03-13 02:00,322.0,6,1.0,0
2025-03-13 03:00,322.2,6,1.0,0
2025-03-13 04:00,322.6,6,1.0,0
2025-03-13 05:00,322.8,6,1.0,0
2025-03-13 06:00,322.8,6,1.0,0
2025-03-13 07:00,322.8,6,1.0,0
2025-03-13 08:00,322.8,6,1.0,0
2025-03-13 09:00,322.8,6,1.0,0
2025-03-13 10:00,324.6,6,1.0,0
2025-03-13 11:00,325.0,6,1.0,0
2025-03-13 12:00,325.0,6,1.0,0
2025-03-13 13:00,325.0,6,1.0,0
2025-03-13 14:00,325.2,6,1.0,0
2025-03-13 15:00,325.2,6,1.0,0
2025-03-13 16:00,325.2,6,1.0,0
2025-03-13 17:00,325.4,6,1.0,0
2025-03-13 18:00,327.2,6,1.0,0
2025-03-13 19:00,327.2,6,1.0,0
2025-03-13 20:00,328.0,6,1.0,0
2025-03-13 21:00,328.0,6,1.0,0
2025-03-13 22:00,328.0,6,1.0,0
2025-03-13 23:00,328.0,6,1.0,0
2025-03-14 00:00,328.0,6,1.0,0
2025-03-14 01:00,329.0,6,1.0,0
2025-03-14 02:00,331.0,6,1.0,0
2025-03-14 03:00,331.2,6,1.0,0
2025-03-14 04:00,331.4,6,1.0,0
2025-03-14 05:00,331.4,6,1.0,0
2025-03-14 06:00,332.4,6,1.0,0
2025-03-14 07:00,332.4,6,1.0,0
2025-03-14 08:00,332.4,6,1.0,0
2025-03-14 09:00,332.4,6,1.0,0
2025-03-14 10:00,332.4,6,1.0,0
2025-03-14 11:00,332.4,6,1.0,0
2025-03-14 12:00,332.4,6,1.0,0
2025-03-14 13:00,332.4,6,1.0,0
2025-03-14 14:00,332.4,6,1.0,0
2025-03-14 15:00,332.4,6,1.0,0
2025-03-14 16:00,332.4,6,1.0,0
2025-03-14 17:00,332.4,6,1.0,0
2025-03-14 18:00,332.4,6,1.0,0
2025-03-14 19:00,332.4,6,1.0,0
2025-03-14 20:00,332.4,6,1.0,0
2025-03-14 21:00,332.4,6,1.0,0
2025-03-14 22:00,332.4,6,1.0,0
2025-03-14 23:00,332.4,6,1.0,0
2025-03-15 00:00,332.4,6,1.0,0
2025-03-15 01:00,332.4,6,1.0,0
2025-03-15 02:00,332.4,6,1.0,0
2025-03-15 03:00,332.4,6,1.0,0
2025-03-15 04:00,332.4,6,1.0,0
2025-03-15 05:00,332.4,6,1.0,0
2025-03-15 06:00,332.4,6,1.0,0
2025-03-15 07:00,332.4,6,1.0,0
2025-03-15 08:00,332.4,6,1.0,0
2025-03-15 09:00,332.4,6,1.0,0
2025-03-15 10:00,332.4,6,1.0,0
2025-03-15 11:00,332.4,6,1.0,0
2025-03-15 12:00,332.4,6,1.0,0
2025-03-15 13:00,332.4,6,1.0,0
2025-03-15 14:00,332.4,6,1.0,0
2025-03-15 15:00,332.4,6,1.0,0
2025-03-15 16:00,332.4,6,1.0,0
2025-03-15 17:00,332.4,6,1.0,0
2025-03-15 18:00,332.4,6,1.0,0
2025-03-15 19:00,332.4,6,1.0,0
2025-03-15 20:00,332.4,6,1.0,0
2025-03-15 21:00,332.4,6,1.0,0
2025-03-15 22:00,332.4,6,1.0,0
2025-03-15 23:00,332.4,6,1.0,0
2025-03-16 00:00,332.4,6,1.0,0
2025-03-16 01:00,332.4,6,1.0,0
2025-03-16 02:00,332.4,6,1.0,0
2025-03-16 03:00,332.4,6,1.0,0
2025-03-16 04:00,332.8,6,1.0,0
2025-03-16 05:00,333.0,6,1.0,0
2025-03-16 06:00,333.0,6,1.0,0
2025-03-16 07:00,333.0,6,1.0,0
2025-03-16 08:00,333.0,6,1.0,0
2025-03-16 09:00,333.0,6,1.0,0
2025-03-16 10:00,333.0,6,1.0,0
2025-03-16 11:00,333.0,6,1.0,0
2025-03-16 12:00,333.0,6,1.0,0
2025-03-16 13:00,333.0,6,1.0,0
2025-03-16 14:00,333.0,6,1.0,0
2025-03-16 15:00,333.0,6,1.0,0
2025-03-16 16:00,333.0,6,1.0,0
2025-03-16 17:00,333.0,6,1.0,0
2025-03-16 18:00,333.0,6,1.0,0
2025-03-16 19:00,333.8,6,1.0,0
2025-03-16 20:00,333.8,6,1.0,0
2025-03-16 21:00,334.6,6,1.0,0
2025-03-16 22:00,334.6,6,1.0,0
2025-03-16 23:00,334.6,6,1.0,0
2025-03-17 00:00,334.6,6,1.0,0
2025-03-17 01:00,335.4,6,1.0,0
2025-03-17 02:00,335.6,6,1.0,0
2025-03-17 03:00,335.6,6,1.0,0
2025-03-17 04:00,335.6,6,1.0,0
2025-03-17 05:00,335.6,6,1.0,0
2025-03-17 06:00,335.6,6,1.0,0
2025-03-17 07:00,335.6,6,1.0,0
2025-03-17 08:00,335.6,6,1.0,0
2025-03-17 09:00,335.6,6,1.0,0
2025-03-17 10:00,335.6,6,1.0,0
2025-03-17 11:00,335.6,6,1.0,0
2025-03-17 12:00,335.6,6,1.0,0
2025-03-17 13:00,335.6,6,1.0,0
2025-03-17 14:00,336.0,6,1.0,0
2025-03-17 15:00,336.8,6,1.0,0
2025-03-17 16:00,336.8,6,1.0,0
2025-03-17 17:00,336.8,6,1.0,0
2025-03-17 18:00,336.8,6,1.0,0
2025-03-17 19:00,336.8,6,1.0,0
2025-03-17 20:00,336.8,6,1.0,0
2025-03-17 21:00,336.8,6,1.0,0
2025-03-17 22:00,336.8,6,1.0,0
2025-03-17 23:00,336.8,6,1.0,0
2025-03-18 00:00,336.8,6,1.0,0
2025-03-18 01:00,336.8,6,1.0,0
2025-03-18 02:00,336.8,6,1.0,0
2025-03-18 03:00,336.8,6,1.0,0
2025-03-18 04:00,336.8,6,1.0,0
2025-03-18 05:00,336.8,6,1.0,0
2025-03-18 06:00,336.8,6,1.0,0
2025-03-18 07:00,336.8,6,1.0,0
2025-03-18 08:00,336.8,6,1.0,0
2025-03-18 09:00,336.8,6,1.0,0
2025-03-18 10:00,336.8,6,1.0,0
2025-03-18 11:00,336.8,6,1.0,0
2025-03-18 12:00,336.8,6,1.0,0
2025-03-18 13:00,336.8,6,1.0,0
2025-03-18 14:00,336.8,6,1.0,0
2025-03-18 15:00,336.8,6,1.0,0
2025-03-18 16:00,336.8,6,1.0,0
2025-03-18 17:00,336.8,6,1.0,0
2025-03-18 18:00,336.8,6,1.0,0
2025-03-18 19:00,336.8,6,1.0,0
2025-03-18 20:00,336.8,6,1.0,0
2025-03-18 21:00,336.8,6,1.0,0
2025-03-18 22:00,336.8,6,1.0,0
2025-03-18 23:00,336.8,6,1.0,0
2025-03-19 00:00,336.8,6,1.0,0
2025-03-19 01:00,336.8,6,1.0,0
2025-03-19 02:00,336.8,6,1.0,0
2025-03-19 03:00,336.8,6,1.0,0
2025-03-19 04:00,336.8,6,1.0,0
2025-03-19 05:00,336.8,6,1.0,0
2025-03-19 06:00,336.8,6,1.0,0
2025-03-19 07:00,336.8,6,1.0,0
2025-03-19 08:00,336.8,6,1.0,0
2025-03-19 09:00,336.8,6,1.0,0
2025-03-19 10:00,336.8,6,1.0,0
2025-03-19 11:00,336.8,6,1.0,0
2025-03-19 12:00,336.8,6,1.0,0
2025-03-19 13:00,336.8,6,1.0,0
2025-03-19 14:00,336.8,6,1.0,0
2025-03-19 15:00,336.8,6,1.0,0
2025-03-19 16:00,336.8,6,1.0,0
2025-03-19 17:00,336.8,6,1.0,0
2025-03-19 18:00,336.8,6,1.0,0
2025-03-19 19:00,336.8,6,1.0,0
2025-03-19 20:00,336.8,6,1.0,0
2025-03-19 21:00,336.8,6,1.0,0
2025-03-19 22:00,336.8,6,1.0,0
2025-03-19 23:00,336.8,6,1.0,0
2025-03-20 00:00,336.8,6,1.0,0
2025-03-20 01:00,336.8,6,1.0,0
2025-03-20 02:00,336.8,6,1.0,0
2025-03-20 03:00,336.8,6,1.0,0
2025-03-20 04:00,336.8,6,1.0,0
2025-03-20 05:00,336.8,6,1.0,0
2025-03-20 06:00,336.8,6,1.0,0
2025-03-20 07:00,336.8,6,1.0,0
2025-03-20 08:00,336.8,6,1.0,0
2025-03-20 09:00,336.8,6,1.0,0
2025-03-20 10:00,336.8,6,1.0,0
2025-03-20 11:00,336.8,6,1.0,0
2025-03-20 12:00,336.8,6,1.0,0
2025-03-20 13:00,336.8,6,1.0,0
2025-03-20 14:00,336.8,6,1.0,0
2025-03-20 15:00,336.8,6,1.0,0
2025-03-20 16:00,336.8,6,1.0,0
2025-03-20 17:00,336.8,6,1.0,0
2025-03-20 18:00,336.8,6,1.0,0
2025-03-20 19:00,336.8,6,1.0,0
2025-03-20 20:00,336.8,6,1.0,0
2025-03-20 21:00,336.8,6,1.0,0
2025-03-20 22:00,336.8,6,1.0,0
2025-03-20 23:00,336.8,6,1.0,0
2025-03-21 00:00,336.8,6,1.0,0
2025-03-21 01:00,336.8,6,1.0,0
2025-03-21 02:00,336.8,6,1.0,0
2025-03-21 03:00,336.8,6,1.0,0
2025-03-21 04:00,336.8,6,1.0,0
2025-03-21 05:00,336.8,6,1.0,0
2025-03-21 06:00,336.8,6,1.0,0
2025-03-21 07:00,336.8,6,1.0,0
2025-03-21 08:00,336.8,6,1.0,0
2025-03-21 09:00,336.8,6,1.0,0
2025-03-21 10:00,336.8,6,1.0,0
2025-03-21 11:00,336.8,6,1.0,0
2025-03-21 12:00,336.8,6,1.0,0
2025-03-21 13:00,336.8,6,1.0,0
2025-03-21 14:00,336.8,6,1.0,0
2025-03-21 15:00,336.8,6,1.0,0
2025-03-21 16:00,336.8,6,1.0,0
2025-03-21 17:00,336.8,6,1.0,0
2025-03-21 18:00,336.8,6,1.0,0
2025-03-21 19:00,336.8,6,1.0,0
2025-03-21 20:00,336.8,6,1.0,0
2025-03-21 21:00,336.8,6,1.0,0
2025-03-21 22:00,336.8,6,1.0,0
2025-03-21 23:00,336.8,6,1.0,0
2025-03-22 00:00,336.8,6,1.0,0
2025-03-22 01:00,336.8,6,1.0,0
2025-03-22 02:00,336.8,6,1.0,0
2025-03-22 03:00,336.8,6,1.0,0
2025-03-22 04:00,336.8,6,1.0,0
2025-03-22 05:00,336.8,6,1.0,0
2025-03-22 06:00,336.8,6,1.0,0
2025-03-22 07:00,336.8,6,1.0,0
2025-03-22 08:00,336.8,6,1.0,0
2025-03-22 09:00,336.8,6,1.0,0
2025-03-22 10:00,336.8,6,1.0,0
2025-03-22 11:00,336.8,6,1.0,0
2025-03-22 12:00,336.8,6,1.0,0
2025-03-22 13:00,336.8,6,1.0,0
2025-03-22 14:00,336.8,6,1.0,0
2025-03-22 15:00,336.8,6,1.0,0
2025-03-22 16:00,336.8,6,1.0,0
2025-03-22 17:00,336.8,6,1.0,0
2025-03-22 18:00,336.8,6,1.0,0
2025-03-22 19:00,336.8,6,1.0,0
2025-03-22 20:00,336.8,6,1.0,0
2025-03-22 21:00,336.8,6,1.0,0
2025-03-22 22:00,336.8,6,1.0,0
2025-03-22 23:00,336.8,6,1.0,0
2025-03-23 00:00,336.8,6,1.0,0
2025-03-23 01:00,338.4,6,1.0,0
2025-03-23 02:00,338.4,6,1.0,0
2025-03-23 03:00,338.4,6,1.0,0
2025-03-23 04:00,339.8,6,1.0,0
2025-03-23 05:00,340.2,6,1.0,0
2025-03-23 06:00,340.2,6,1.0,0
2025-03-23 07:00,340.2,6,1.0,0
2025-03-23 08:00,340.2,6,1.0,0
2025-03-23 09:00,340.2,6,1.0,0
2025-03-23 10:00,340.2,6,1.0,0
2025-03-23 11:00,340.2,6,1.0,0
2025-03-23 12:00,340.2,6,1.0,0
2025-03-23 13:00,340.2,6,1.0,0
2025-03-23 14:00,340.2,6,1.0,0
2025-03-23 15:00,340.2,6,1.0,0
2025-03-23 16:00,340.2,6,1.0,0
2025-03-23 17:00,340.2,6,1.0,0
2025-03-23 18:00,340.2,6,1.0,0
2025-03-23 19:00,340.2,6,1.0,0
2025-03-23 20:00,340.2,6,1.0,0
2025-03-23 21:00,340.2,6,1.0,0
2025-03-23 22:00,340.2,6,1.0,0
2025-03-23 23:00,340.2,6,1.0,0
2025-03-24 00:00,340.2,6,1.0,0
2025-03-24 01:00,340.2,6,1.0,0
2025-03-24 02:00,340.2,6,1.0,0
2025-03-24 03:00,340.2,6,1.0,0
2025-03-24 04:00,340.2,6,1.0,0
2025-03-24 05:00,340.2,6,1.0,0
2025-03-24 06:00,340.2,6,1.0,0
2025-03-24 07:00,340.2,6,1.0,0
2025-03-24 08:00,340.2,6,1.0,0
2025-03-24 09:00,340.2,6,1.0,0
2025-03-24 10:00,340.2,6,1.0,0
2025-03-24 11:00,340.2,6,1.0,0
2025-03-24 12:00,340.2,6,1.0,0
2025-03-24 13:00,340.2,6,1.0,0
2025-03-24 14:00,340.2,6,1.0,0
2025-03-24 15:00,340.2,6,1.0,0
2025-03-24 16:00,340.2,6,1.0,0
2025-03-24 17:00,340.2,6,1.0,0
2025-03-24 18:00,340.2,6,1.0,0
2025-03-24 19:00,340.2,6,1.0,0
2025-03-24 20:00,340.2,6,1.0,0
2025-03-24 21:00,340.2,6,1.0,0
2025-03-24 22:00,340.2,6,1.0,0
2025-03-24 23:00,340.2,6,1.0,0
2025-03-25 00:00,340.2,6,1.0,0
2025-03-25 01:00,340.2,6,1.0,0
2025-03-25 02:00,340.2,6,1.0,0
2025-03-25 03:00,340.2,6,1.0,0
2025-03-25 04:00,340.2,6,1.0,0
2025-03-25 05:00,340.2,6,1.0,0
2025-03-25 06:00,340.2,6,1.0,0
2025-03-25 07:00,340.2,6,1.0,0
2025-03-25 08:00,340.2,6,1.0,0
2025-03-25 09:00,340.2,6,1.0,0
2025-03-25 10:00,340.2,6,1.0,0
2025-03-25 11:00,340.2,6,1.0,0
2025-03-25 12:00,340.2,6,1.0,0
2025-03-25 13:00,340.2,6,1.0,0
2025-03-25 14:00,340.2,6,1.0,0
2025-03-25 15:00,340.2,6,1.0,0
2025-03-25 16:00,340.2,6,1.0,0
2025-03-25 17:00,340.2,6,1.0,0
2025-03-25 18:00,340.2,6,1.0,0
2025-03-25 19:00,340.2,6,1.0,0
2025-03-25 20:00,340.2,6,1.0,0
2025-03-25 21:00,340.2,6,1.0,0
2025-03-25 22:00,340.2,6,1.0,0
2025-03-25 23:00,340.2,6,1.0,0
2025-03-26 00:00,340.2,6,1.0,0
2025-03-26 01:00,340.2,6,1.0,0
2025-03-26 02:00,340.2,6,1.0,0
2025-03-26 03:00,340.2,6,1.0,0
2025-03-26 04:00,340.2,6,1.0,0
2025-03-26 05:00,340.2,6,1.0,0
2025-03-26 06:00,340.2,6,1.0,0
2025-03-26 07:00,340.2,6,1.0,0
2025-03-26 08:00,340.2,6,1.0,0
2025-03-26 09:00,340.2,6,1.0,0
2025-03-26 10:00,340.2,6,1.0,0
2025-03-26 11:00,340.2,6,1.0,0
2025-03-26 12:00,344.0,6,1.0,0
2025-03-26 13:00,344.2,6,1.0,0
2025-03-26 14:00,344.2,6,1.0,0
2025-03-26 15:00,345.4,6,1.0,0
2025-03-26 16:00,347.6,6,1.0,0
2025-03-26 17:00,347.8,6,1.0,0
2025-03-26 18:00,347.8,6,1.0,0
2025-03-26 19:00,347.8,6,1.0,0
2025-03-26 20:00,347.8,6,1.0,0
2025-03-26 21:00,347.8,6,1.0,0
2025-03-26 22:00,348.0,6,1.0,0
2025-03-26 23:00,348.2,6,1.0,0
2025-03-27 00:00,348.2,6,1.0,0
2025-03-27 01:00,348.2,6,1.0,0
2025-03-27 02:00,348.4,6,1.0,0
2025-03-27 03:00,348.8,6,1.0,0
2025-03-27 04:00,348.8,6,1.0,0
2025-03-27 05:00,348.8,6,1.0,0
2025-03-27 06:00,348.8,6,1.0,0
2025-03-27 07:00,348.8,6,1.0,0
2025-03-27 08:00,348.8,6,1.0,0
2025-03-27 09:00,348.8,6,1.0,0
2025-03-27 10:00,348.8,6,1.0,0
2025-03-27 11:00,348.8,6,1.0,0
2025-03-27 12:00,348.8,6,1.0,0
2025-03-27 13:00,349.0,6,1.0,0
2025-03-27 14:00,349.0,6,1.0,0
2025-03-27 15:00,349.4,6,1.0,0
2025-03-27 16:00,351.2,6,1.0,0
2025-03-27 17:00,351.2,6,1.0,0
2025-03-27 18:00,351.2,6,1.0,0
2025-03-27 19:00,352.8,6,1.0,0
2025-03-27 20:00,353.0,6,1.0,0
2025-03-27 21:00,353.8,6,1.0,0
2025-03-27 22:00,356.2,6,1.0,0
2025-03-27 23:00,356.2,6,1.0,0
2025-03-28 00:00,356.4,6,1.0,0
2025-03-28 01:00,356.4,6,1.0,0
2025-03-28 02:00,356.4,6,1.0,0
2025-03-28 03:00,356.4,6,1.0,0
2025-03-28 04:00,356.4,6,1.0,0
2025-03-28 05:00,356.4,6,1.0,0
2025-03-28 06:00,356.4,6,1.0,0
2025-03-28 07:00,356.4,6,1.0,0
2025-03-28 08:00,356.4,6,1.0,0
2025-03-28 09:00,356.4,6,1.0,0
2025-03-28 10:00,356.4,6,1.0,0
2025-03-28 11:00,356.4,6,1.0,0
2025-03-28 12:00,356.4,6,1.0,0
2025-03-28 13:00,356.4,6,1.0,0
2025-03-28 14:00,356.4,6,1.0,0
2025-03-28 15:00,357.2,6,1.0,0
2025-03-28 16:00,369.8,6,1.0,0
2025-03-28 17:00,371.0,6,1.0,0
2025-03-28 18:00,371.2,6,1.0,0
2025-03-28 19:00,371.2,6,1.0,0
2025-03-28 20:00,371.2,6,1.0,0
2025-03-28 21:00,371.2,6,1.0,0
2025-03-28 22:00,371.2,6,1.0,0
2025-03-28 23:00,371.2,6,1.0,0
2025-03-29 00:00,371.2,6,1.0,0
2025-03-29 01:00,371.2,6,1.0,0
2025-03-29 02:00,371.2,6,1.0,0
2025-03-29 03:00,371.2,6,1.0,0
2025-03-29 04:00,371.2,6,1.0,0
2025-03-29 05:00,371.2,6,1.0,0
2025-03-29 06:00,371.2,6,1.0,0
2025-03-29 07:00,371.6,6,1.0,0
2025-03-29 08:00,372.6,6,1.0,0
2025-03-29 09:00,373.0,6,1.0,0
2025-03-29 10:00,373.6,6,1.0,0
2025-03-29 11:00,374.6,6,1.0,0
2025-03-29 12:00,374.8,6,1.0,0
2025-03-29 13:00,374.8,6,1.0,0
2025-03-29 14:00,375.0,6,1.0,0
2025-03-29 15:00,376.4,6,1.0,0
2025-03-29 16:00,376.8,6,1.0,0
2025-03-29 17:00,378.2,6,1.0,0
2025-03-29 18:00,378.8,6,1.0,0
2025-03-29 19:00,381.8,6,1.0,0
2025-03-29 20:00,383.2,6,1.0,0
2025-03-29 21:00,383.4,6,1.0,0
2025-03-29 22:00,383.6,6,1.0,0
2025-03-29 23:00,383.8,6,1.0,0
2025-03-30 00:00,383.8,6,1.0,0
2025-03-30 01:00,383.8,6,1.0,0
2025-03-30 02:00,384.0,6,1.0,0
2025-03-30 03:00,384.0,6,1.0,0
2025-03-30 04:00,384.0,6,1.0,0
2025-03-30 05:00,384.0,6,1.0,0
2025-03-30 06:00,384.0,6,1.0,0
2025-03-30 07:00,384.0,6,1.0,0
2025-03-30 08:00,384.0,6,1.0,0
2025-03-30 09:00,384.0,6,1.0,0
2025-03-30 10:00,384.0,6,1.0,0
2025-03-30 11:00,384.0,6,1.0,0
2025-03-30 12:00,384.0,6,1.0,0
2025-03-30 13:00,384.0,6,1.0,0
2025-03-30 14:00,384.0,6,1.0,0
2025-03-30 15:00,384.0,6,1.0,0
2025-03-30 16:00,384.0,6,1.0,0
2025-03-30 17:00,384.0,6,1.0,0
2025-03-30 18:00,384.0,6,1.0,0
2025-03-30 19:00,384.0,6,1.0,0
2025-03-30 20:00,384.0,6,1.0,0
2025-03-30 21:00,384.0,6,1.0,0
2025-03-30 22:00,384.0,6,1.0,0
2025-03-30 23:00,384.0,6,1.0,0
2025-03-31 00:00,384.0,6,1.0,0
2025-03-31 01:00,384.0,6,1.0,0
2025-03-31 02:00,384.0,6,1.0,0
2025-03-31 03:00,384.0,6,1.0,0
2025-03-31 04:00,384.0,6,1.0,0
2025-03-31 05:00,384.0,6,1.0,0
2025-03-31 06:00,384.0,6,1.0,0
2025-03-31 07:00,385.6,6,1.0,0
2025-03-31 08:00,386.8,6,1.0,0
2025-03-31 09:00,387.8,6,1.0,0
2025-03-31 10:00,388.0,6,1.0,0
2025-03-31 11:00,388.0,6,1.0,0
2025-03-31 12:00,388.0,6,1.0,0
2025-03-31 13:00,388.0,6,1.0,0
2025-03-31 14:00,388.0,6,1.0,0
2025-03-31 15:00,388.0,6,1.0,0
2025-03-31 16:00,388.0,6,1.0,0
2025-03-31 17:00,388.0,6,1.0,0
2025-03-31 18:00,388.0,6,1.0,0
2025-03-31 19:00,388.0,6,1.0,0
2025-03-31 20:00,388.0,6,1.0,0
2025-03-31 21:00,388.0,6,1.0,0
2025-03-31 22:00,388.0,6,1.0,0
2025-03-31 23:00,388.0,6,1.0,0
2025-04-01 00:00,388.0,6,1.0,0
2025-04-01 01:00,388.0,6,1.0,0
2025-04-01 02:00,388.0,6,1.0,0
2025-04-01 03:00,388.0,6,1.0,0
2025-04-01 04:00,388.0,6,1.0,0
2025-04-01 05:00,388.0,6,1.0,0
2025-04-01 06:00,388.0,6,1.0,0
2025-04-01 07:00,388.0,6,1.0,0
2025-04-01 08:00,388.0,6,1.0,0
2025-04-01 09:00,388.0,6,1.0,0
2025-04-01 10:00,388.0,6,1.0,0
2025-04-01 11:00,388.0,6,1.0,0
2025-04-01 12:00,388.0,6,1.0,0
2025-04-01 13:00,388.0,6,1.0,0
2025-04-01 14:00,388.0,6,1.0,0
2025-04-01 15:00,388.0,6,1.0,0
2025-04-01 16:00,388.0,6,1.0,0
2025-04-01 17:00,388.0,6,1.0,0
2025-04-01 18:00,388.0,6,1.0,0
2025-04-01 19:00,388.0,6,1.0,0
2025-04-01 20:00,388.0,6,1.0,0
2025-04-01 21:00,388.0,6,1.0,0
2025-04-01 22:00,388.0,6,1.0,0
2025-04-01 23:00,388.0,6,1.0,0
2025-04-02 00:00,388.0,6,1.0,0
2025-04-02 01:00,388.0,6,1.0,0
2025-04-02 02:00,388.0,6,1.0,0
2025-04-02 03:00,388.0,6,1.0,0
2025-04-02 04:00,388.0,6,1.0,0
2025-04-02 05:00,388.0,6,1.0,0
2025-04-02 06:00,388.0,6,1.0,0
2025-04-02 07:00,388.6,6,1.0,0
2025-04-02 08:00,388.6,6,1.0,0
2025-04-02 09:00,388.6,6,1.0,0
2025-04-02 10:00,388.6,6,1.0,0
2025-04-02 11:00,388.6,6,1.0,0
2025-04-02 12:00,388.6,6,1.0,0
2025-04-02 13:00,389.0,6,1.0,0
2025-04-02 14:00,389.0,6,1.0,0
2025-04-02 15:00,389.0,6,1.0,0
2025-04-02 16:00,389.0,6,1.0,0
2025-04-02 17:00,389.0,6,1.0,0
2025-04-02 18:00,389.2,6,1.0,0
2025-04-02 19:00,389.2,6,1.0,0
2025-04-02 20:00,389.2,6,1.0,0
2025-04-02 21:00,389.2,6,1.0,0
2025-04-02 22:00,389.2,6,1.0,0
2025-04-02 23:00,389.2,6,1.0,0
2025-04-03 00:00,389.2,6,1.0,0
2025-04-03 01:00,389.2,6,1.0,0
2025-04-03 02:00,389.2,6,1.0,0
2025-04-03 03:00,389.2,6,1.0,0
2025-04-03 04:00,389.2,6,1.0,0
2025-04-03 05:00,389.2,6,1.0,0
2025-04-03 06:00,389.2,6,1.0,0
2025-04-03 07:00,389.2,6,1.0,0
2025-04-03 08:00,389.2,6,1.0,0
2025-04-03 09:00,389.2,6,1.0,0
2025-04-03 10:00,389.2,6,1.0,0
2025-04-03 11:00,389.2,6,1.0,0
2025-04-03 12:00,389.2,6,1.0,0
2025-04-03 13:00,389.2,6,1.0,0
2025-04-03 14:00,389.2,6,1.0,0
2025-04-03 15:00,389.2,6,1.0,0
2025-04-03 16:00,389.2,6,1.0,0
2025-04-03 17:00,389.2,6,1.0,0
2025-04-03 18:00,389.2,6,1.0,0
2025-04-03 19:00,389.2,6,1.0,0
2025-04-03 20:00,389.2,6,1.0,0
2025-04-03 21:00,389.2,6,1.0,0
2025-04-03 22:00,389.2,6,1.0,0
2025-04-03 23:00,389.2,6,1.0,0
2025-04-04 00:00,389.2,6,1.0,0
2025-04-04 01:00,389.2,6,1.0,0
2025-04-04 02:00,389.2,6,1.0,0
2025-04-04 03:00,389.2,6,1.0,0
2025-04-04 04:00,389.2,6,1.0,0
2025-04-04 05:00,389.2,6,1.0,0
2025-04-04 06:00,389.2,6,1.0,0
2025-04-04 07:00,389.2,6,1.0,0
2025-04-04 08:00,389.2,6,1.0,0
2025-04-04 09:00,389.2,6,1.0,0
2025-04-04 10:00,389.2,6,1.0,0
2025-04-04 11:00,389.2,6,1.0,0
2025-04-04 12:00,389.2,6,1.0,0
2025-04-04 13:00,389.2,6,1.0,0
2025-04-04 14:00,389.2,6,1.0,0
2025-04-04 15:00,389.2,6,1.0,0
2025-04-04 16:00,389.2,6,1.0,0
2025-04-04 17:00,389.2,6,1.0,0
2025-04-04 18:00,389.2,6,1.0,0
2025-04-04 19:00,389.2,6,1.0,0
2025-04-04 20:00,389.2,6,1.0,0
2025-04-04 21:00,389.2,6,1.0,0
2025-04-04 22:00,389.2,6,1.0,0
2025-04-04 23:00,389.2,6,1.0,0
2025-04-05 00:00,389.2,6,1.0,0
2025-04-05 01:00,389.2,6,1.0,0
2025-04-05 02:00,389.2,6,1.0,0
2025-04-05 03:00,389.2,6,1.0,0
2025-04-05 04:00,389.2,6,1.0,0
2025-04-05 05:00,389.2,6,1.0,0
2025-04-05 06:00,389.2,6,1.0,0
2025-04-05 07:00,389.2,6,1.0,0
2025-04-05 08:00,389.2,6,1.0,0
2025-04-05 09:00,389.2,6,1.0,0
2025-04-05 10:00,389.2,6,1.0,0
2025-04-05 11:00,389.2,6,1.0,0
2025-04-05 12:00,389.2,6,1.0,0
2025-04-05 13:00,389.2,6,1.0,0
2025-04-05 14:00,389.2,6,1.0,0
2025-04-05 15:00,389.2,6,1.0,0
2025-04-05 16:00,389.2,6,1.0,0
2025-04-05 17:00,389.2,6,1.0,0
2025-04-05 18:00,389.2,6,1.0,0
2025-04-05 19:00,389.2,6,1.0,0
2025-04-05 20:00,389.2,6,1.0,0
2025-04-05 21:00,389.2,6,1.0,0
2025-04-05 22:00,389.2,6,1.0,0
2025-04-05 23:00,389.2,6,1.0,0
2025-04-06 00:00,389.2,6,1.0,0
2025-04-06 01:00,389.2,6,1.0,0
2025-04-06 02:00,389.2,6,1.0,0
2025-04-06 03:00,389.2,6,1.0,0
2025-04-06 04:00,389.2,6,1.0,0
2025-04-06 05:00,389.2,6,1.0,0
2025-04-06 06:00,389.2,6,1.0,0
2025-04-06 07:00,389.2,6,1.0,0
2025-04-06 08:00,389.2,6,1.0,0
2025-04-06 09:00,389.2,6,1.0,0
2025-04-06 10:00,389.2,6,1.0,0
2025-04-06 11:00,389.2,6,1.0,0
2025-04-06 12:00,389.2,6,1.0,0
2025-04-06 13:00,389.2,6,1.0,0
2025-04-06 14:00,389.2,6,1.0,0
2025-04-06 15:00,390.2,6,1.0,0
2025-04-06 16:00,394.0,6,1.0,0
2025-04-06 17:00,396.0,6,1.0,0
2025-04-06 18:00,396.0,6,1.0,0
2025-04-06 19:00,396.0,6,1.0,0
2025-04-06 20:00,396.0,6,1.0,0
2025-04-06 21:00,396.0,6,1.0,0
2025-04-06 22:00,396.0,6,1.0,0
2025-04-06 23:00,396.0,6,1.0,0
2025-04-07 00:00,396.0,6,1.0,0
2025-04-07 01:00,396.0,6,1.0,0
2025-04-07 02:00,396.0,6,1.0,0
2025-04-07 03:00,396.0,6,1.0,0
2025-04-07 04:00,396.0,6,1.0,0
2025-04-07 05:00,396.0,6,1.0,0
2025-04-07 06:00,396.0,6,1.0,0
2025-04-07 07:00,396.0,6,1.0,0
2025-04-07 08:00,396.0,6,1.0,0
2025-04-07 09:00,396.0,6,1.0,0
2025-04-07 10:00,396.0,6,1.0,0
2025-04-07 11:00,396.0,6,1.0,0
2025-04-07 12:00,396.0,6,1.0,0
2025-04-07 13:00,396.0,6,1.0,0
2025-04-07 14:00,396.0,6,1.0,0
2025-04-07 15:00,396.0,6,1.0,0
2025-04-07 16:00,396.0,6,1.0,0
2025-04-07 17:00,396.0,6,1.0,0
2025-04-07 18:00,396.0,6,1.0,0
2025-04-07 19:00,396.0,6,1.0,0
2025-04-07 20:00,396.0,6,1.0,0
2025-04-07 21:00,396.0,6,1.0,0
2025-04-07 22:00,396.0,6,1.0,0
2025-04-07 23:00,396.0,6,1.0,0
2025-04-08 00:00,396.0,6,1.0,0
2025-04-08 01:00,396.0,6,1.0,0
2025-04-08 02:00,396.0,6,1.0,0
2025-04-08 03:00,396.0,6,1.0,0
2025-04-08 04:00,396.0,6,1.0,0
2025-04-08 05:00,396.0,6,1.0,0
2025-04-08 06:00,396.0,6,1.0,0
2025-04-08 07:00,396.0,6,1.0,0
2025-04-08 08:00,396.0,6,1.0,0
2025-04-08 09:00,396.0,6,1.0,0
2025-04-08 10:00,396.0,6,1.0,0
2025-04-08 11:00,396.0,6,1.0,0
2025-04-08 12:00,396.0,6,1.0,0
2025-04-08 13:00,396.0,6,1.0,0
2025-04-08 14:00,396.0,6,1.0,0
2025-04-08 15:00,396.0,6,1.0,0
2025-04-08 16:00,396.0,6,1.0,0
2025-04-08 17:00,396.0,6,1.0,0
2025-04-08 18:00,396.0,6,1.0,0
2025-04-08 19:00,396.0,6,1.0,0
2025-04-08 20:00,396.0,6,1.0,0
2025-04-08 21:00,396.0,6,1.0,0
2025-04-08 22:00,396.0,6,1.0,0
2025-04-08 23:00,396.0,6,1.0,0
2025-04-09 00:00,396.0,6,1.0,0
2025-04-09 01:00,396.0,6,1.0,0
2025-04-09 02:00,396.0,6,1.0,0
2025-04-09 03:00,396.0,6,1.0,0
2025-04-09 04:00,396.0,6,1.0,0
2025-04-09 05:00,396.0,6,1.0,0
2025-04-09 06:00,396.0,6,1.0,0
2025-04-09 07:00,396.0,6,1.0,0
2025-04-09 08:00,396.0,6,1.0,0
2025-04-09 09:00,396.0,6,1.0,0
2025-04-09 10:00,396.0,6,1.0,0
2025-04-09 11:00,396.0,6,1.0,0
2025-04-09 12:00,396.0,6,1.0,0
2025-04-09 13:00,396.0,6,1.0,0
2025-04-09 14:00,396.0,6,1.0,0
2025-04-09 15:00,396.0,6,1.0,0
2025-04-09 16:00,396.0,6,1.0,0
2025-04-09 17:00,396.0,6,1.0,0
2025-04-09 18:00,396.0,6,1.0,0
2025-04-09 19:00,396.0,6,1.0,0
2025-04-09 20:00,396.0,6,1.0,0
2025-04-09 21:00,396.0,6,1.0,0
2025-04-09 22:00,396.0,6,1.0,0
2025-04-09 23:00,396.0,6,1.0,0
2025-04-10 00:00,396.0,6,1.0,0
2025-04-10 01:00,396.0,6,1.0,0
2025-04-10 02:00,396.0,6,1.0,0
2025-04-10 03:00,396.0,6,1.0,0
2025-04-10 04:00,396.0,6,1.0,0
2025-04-10 05:00,396.0,6,1.0,0
2025-04-10 06:00,396.0,6,1.0,0
2025-04-10 07:00,396.0,6,1.0,0
2025-04-10 08:00,396.0,6,1.0,0
2025-04-10 09:00,396.0,6,1.0,0
2025-04-10 10:00,396.0,6,1.0,0
2025-04-10 11:00,396.0,6,1.0,0
2025-04-10 12:00,396.0,6,1.0,0
2025-04-10 13:00,396.0,6,1.0,0
2025-04-10 14:00,396.0,6,1.0,0
2025-04-10 15:00,396.0,6,1.0,0
2025-04-10 16:00,396.0,6,1.0,0
2025-04-10 17:00,396.0,6,1.0,0
2025-04-10 18:00,396.0,6,1.0,0
2025-04-10 19:00,396.0,6,1.0,0
2025-04-10 20:00,396.0,6,1.0,0
2025-04-10 21:00,396.0,6,1.0,0
2025-04-10 22:00,396.0,6,1.0,0
2025-04-10 23:00,396.0,6,1.0,0
2025-04-11 00:00,396.0,6,1.0,0
2025-04-11 01:00,396.0,6,1.0,0
2025-04-11 02:00,396.0,6,1.0,0
2025-04-11 03:00,396.0,6,1.0,0
2025-04-11 04:00,396.0,6,1.0,0
2025-04-11 05:00,396.0,6,1.0,0
2025-04-11 06:00,396.0,6,1.0,0
2025-04-11 07:00,396.0,6,1.0,0
2025-04-11 08:00,396.0,6,1.0,0
2025-04-11 09:00,396.0,6,1.0,0
2025-04-11 10:00,396.0,6,1.0,0
2025-04-11 11:00,396.0,6,1.0,0
2025-04-11 12:00,396.0,6,1.0,0
2025-04-11 13:00,396.0,6,1.0,0
2025-04-11 14:00,396.0,6,1.0,0
2025-04-11 15:00,396.0,6,1.0,0
2025-04-11 16:00,396.0,6,1.0,0
2025-04-11 17:00,396.0,6,1.0,0
2025-04-11 18:00,396.0,6,1.0,0
2025-04-11 19:00,396.0,6,1.0,0
2025-04-11 20:00,396.0,6,1.0,0
2025-04-11 21:00,396.0,6,1.0,0
2025-04-11 22:00,396.0,6,1.0,0
2025-04-11 23:00,396.0,6,1.0,0
2025-04-12 00:00,396.0,6,1.0,0
2025-04-12 01:00,396.0,6,1.0,0
2025-04-12 02:00,396.0,6,1.0,0
2025-04-12 03:00,396.0,6,1.0,0
2025-04-12 04:00,396.0,6,1.0,0
2025-04-12 05:00,396.0,6,1.0,0
2025-04-12 06:00,396.0,6,1.0,0
2025-04-12 07:00,396.0,6,1.0,0
2025-04-12 08:00,396.0,6,1.0,0
2025-04-12 09:00,396.0,6,1.0,0
2025-04-12 10:00,396.0,6,1.0,0
2025-04-12 11:00,396.0,6,1.0,0
2025-04-12 12:00,396.0,6,1.0,0
2025-04-12 13:00,396.0,6,1.0,0
2025-04-12 14:00,396.0,6,1.0,0
2025-04-12 15:00,396.0,6,1.0,0
2025-04-12 16:00,396.0,6,1.0,0
2025-04-12 17:00,396.0,6,1.0,0
2025-04-12 18:00,396.0,6,1.0,0
2025-04-12 19:00,396.0,6,1.0,0
2025-04-12 20:00,396.0,6,1.0,0
2025-04-12 21:00,396.0,6,1.0,0
2025-04-12 22:00,396.0,6,1.0,0
2025-04-12 23:00,396.0,6,1.0,0
2025-04-13 00:00,396.0,6,1.0,0
2025-04-13 01:00,396.0,6,1.0,0
2025-04-13 02:00,396.0,6,1.0,0
2025-04-13 03:00,396.0,6,1.0,0
2025-04-13 04:00,396.0,6,1.0,0
2025-04-13 05:00,396.0,6,1.0,0
2025-04-13 06:00,396.0,6,1.0,0
2025-04-13 07:00,396.0,6,1.0,0
2025-04-13 08:00,396.0,6,1.0,0
2025-04-13 09:00,396.0,6,1.0,0
2025-04-13 10:00,396.0,6,1.0,0
2025-04-13 11:00,396.0,6,1.0,0
2025-04-13 12:00,396.0,6,1.0,0
2025-04-13 13:00,396.0,6,1.0,0
2025-04-13 14:00,396.0,6,1.0,0
2025-04-13 15:00,396.0,6,1.0,0
2025-04-13 16:00,396.0,6,1.0,0
2025-04-13 17:00,396.0,6,1.0,0
2025-04-13 18:00,396.0,6,1.0,0
2025-04-13 19:00,396.0,6,1.0,0
2025-04-13 20:00,396.0,6,1.0,0
2025-04-13 21:00,396.0,6,1.0,0
2025-04-13 22:00,396.0,6,1.0,0
2025-04-13 23:00,396.0,6,1.0,0
2025-04-14 00:00,396.0,6,1.0,0
2025-04-14 01:00,396.0,6,1.0,0
2025-04-14 02:00,396.0,6,1.0,0
2025-04-14 03:00,396.0,6,1.0,0
2025-04-14 04:00,396.0,6,1.0,0
2025-04-14 05:00,396.0,6,1.0,0
2025-04-14 06:00,396.0,6,1.0,0
2025-04-14 07:00,396.0,6,1.0,0
2025-04-14 08:00,396.0,6,1.0,0
2025-04-14 09:00,396.0,6,1.0,0
2025-04-14 10:00,396.0,6,1.0,0
2025-04-14 11:00,396.0,6,1.0,0
2025-04-14 12:00,396.0,6,1.0,0
2025-04-14 13:00,396.0,6,1.0,0
2025-04-14 14:00,396.0,6,1.0,0
2025-04-14 15:00,397.0,6,1.0,0
2025-04-14 16:00,397.4,6,1.0,0
2025-04-14 17:00,397.4,6,1.0,0
2025-04-14 18:00,397.4,6,1.0,0
2025-04-14 19:00,398.6,6,1.0,0
2025-04-14 20:00,399.6,6,1.0,0
2025-04-14 21:00,400.6,6,1.0,0
2025-04-14 22:00,404.8,6,1.0,0
2025-04-14 23:00,405.0,6,1.0,0
2025-04-15 00:00,405.2,6,1.0,0
2025-04-15 01:00,406.0,6,1.0,0
2025-04-15 02:00,409.0,6,1.0,0
2025-04-15 03:00,413.4,6,1.0,0
2025-04-15 04:00,416.6,6,1.0,0
2025-04-15 05:00,418.2,6,1.0,0
2025-04-15 06:00,421.6,6,1.0,0
2025-04-15 07:00,421.6,6,1.0,0
2025-04-15 08:00,421.8,6,1.0,0
2025-04-15 09:00,421.8,6,1.0,0
2025-04-15 10:00,421.8,6,1.0,0
2025-04-15 11:00,421.8,6,1.0,0
2025-04-15 12:00,421.8,6,1.0,0
2025-04-15 13:00,421.8,6,1.0,0
2025-04-15 14:00,421.8,6,1.0,0
2025-04-15 15:00,421.8,6,1.0,0
2025-04-15 16:00,421.8,6,1.0,0
2025-04-15 17:00,421.8,6,1.0,0
2025-04-15 18:00,421.8,6,1.0,0
2025-04-15 19:00,421.8,6,1.0,0
2025-04-15 20:00,421.8,6,1.0,0
2025-04-15 21:00,421.8,6,1.0,0
2025-04-15 22:00,421.8,6,1.0,0
2025-04-15 23:00,421.8,6,1.0,0
2025-04-16 00:00,421.8,6,1.0,0
2025-04-16 01:00,421.8,6,1.0,0
2025-04-16 02:00,421.8,6,1.0,0
2025-04-16 03:00,421.8,6,1.0,0
2025-04-16 04:00,421.8,6,1.0,0
2025-04-16 05:00,421.8,6,1.0,0
2025-04-16 06:00,421.8,6,1.0,0
2025-04-16 07:00,421.8,6,1.0,0
2025-04-16 08:00,421.8,6,1.0,0
2025-04-16 09:00,421.8,6,1.0,0
2025-04-16 10:00,421.8,6,1.0,0
2025-04-16 11:00,421.8,6,1.0,0
2025-04-16 12:00,421.8,6,1.0,0
2025-04-16 13:00,421.8,6,1.0,0
2025-04-16 14:00,421.8,6,1.0,0
2025-04-16 15:00,421.8,6,1.0,0
2025-04-16 16:00,421.8,6,1.0,0
2025-04-16 17:00,421.8,6,1.0,0
2025-04-16 18:00,421.8,6,1.0,0
2025-04-16 19:00,422.4,6,1.0,0
2025-04-16 20:00,422.4,6,1.0,0
2025-04-16 21:00,422.4,6,1.0,0
2025-04-16 22:00,422.4,6,1.0,0
2025-04-16 23:00,422.4,6,1.0,0
2025-04-17 00:00,422.4,6,1.0,0
2025-04-17 01:00,422.4,6,1.0,0
2025-04-17 02:00,422.4,6,1.0,0
2025-04-17 03:00,422.4,6,1.0,0
2025-04-17 04:00,422.4,6,1.0,0
2025-04-17 05:00,422.6,6,1.0,0
2025-04-17 06:00,423.2,6,1.0,0
2025-04-17 07:00,424.2,6,1.0,0
2025-04-17 08:00,424.8,6,1.0,0
2025-04-17 09:00,425.0,6,1.0,0
2025-04-17 10:00,425.0,6,1.0,0
2025-04-17 11:00,426.0,6,1.0,0
2025-04-17 12:00,426.0,6,1.0,0
2025-04-17 13:00,426.2,6,1.0,0
2025-04-17 14:00,426.2,6,1.0,0
2025-04-17 15:00,428.8,6,1.0,0
2025-04-17 16:00,430.2,6,1.0,0
2025-04-17 17:00,430.2,6,1.0,0
2025-04-17 18:00,430.2,6,1.0,0
2025-04-17 19:00,430.2,6,1.0,0
2025-04-17 20:00,430.2,6,1.0,0
2025-04-17 21:00,430.2,6,1.0,0
2025-04-17 22:00,430.2,6,1.0,0
2025-04-17 23:00,430.2,6,1.0,0
2025-04-18 00:00,430.2,6,1.0,0
2025-04-18 01:00,430.2,6,1.0,0
2025-04-18 02:00,430.2,6,1.0,0
2025-04-18 03:00,430.2,6,1.0,0
2025-04-18 04:00,430.2,6,1.0,0
2025-04-18 05:00,430.6,6,1.0,0
2025-04-18 06:00,430.6,6,1.0,0
2025-04-18 07:00,431.4,6,1.0,0
2025-04-18 08:00,431.4,6,1.0,0
2025-04-18 09:00,431.4,6,1.0,0
2025-04-18 10:00,431.4,6,1.0,0
2025-04-18 11:00,431.4,6,1.0,0
2025-04-18 12:00,431.4,6,1.0,0
2025-04-18 13:00,431.4,6,1.0,0
2025-04-18 14:00,431.4,6,1.0,0
2025-04-18 15:00,431.4,6,1.0,0
2025-04-18 16:00,431.4,6,1.0,0
2025-04-18 17:00,431.4,6,1.0,0
2025-04-18 18:00,431.4,6,1.0,0
2025-04-18 19:00,431.4,6,1.0,0
2025-04-18 20:00,431.4,6,1.0,0
2025-04-18 21:00,431.4,6,1.0,0
2025-04-18 22:00,431.4,6,1.0,0
2025-04-18 23:00,431.4,6,1.0,0
2025-04-19 00:00,431.4,6,1.0,0
2025-04-19 01:00,431.4,6,1.0,0
2025-04-19 02:00,431.4,6,1.0,0
2025-04-19 03:00,431.4,6,1.0,0
2025-04-19 04:00,431.4,6,1.0,0
2025-04-19 05:00,431.4,6,1.0,0
2025-04-19 06:00,431.4,6,1.0,0
2025-04-19 07:00,431.4,6,1.0,0
2025-04-19 08:00,431.4,6,1.0,0
2025-04-19 09:00,431.4,6,1.0,0
2025-04-19 10:00,431.4,6,1.0,0
2025-04-19 11:00,431.4,6,1.0,0
2025-04-19 12:00,431.4,6,1.0,0
2025-04-19 13:00,431.4,6,1.0,0
2025-04-19 14:00,431.4,6,1.0,0
2025-04-19 15:00,431.4,6,1.0,0
2025-04-19 16:00,431.4,6,1.0,0
2025-04-19 17:00,431.4,6,1.0,0
2025-04-19 18:00,431.4,6,1.0,0
2025-04-19 19:00,431.4,6,1.0,0
2025-04-19 20:00,431.4,6,1.0,0
2025-04-19 21:00,431.4,6,1.0,0
2025-04-19 22:00,431.4,6,1.0,0
2025-04-19 23:00,431.4,6,1.0,0
2025-04-20 00:00,431.4,6,1.0,0
2025-04-20 01:00,431.4,6,1.0,0
2025-04-20 02:00,431.4,6,1.0,0
2025-04-20 03:00,431.4,6,1.0,0
2025-04-20 04:00,431.4,6,1.0,0
2025-04-20 05:00,431.4,6,1.0,0
2025-04-20 06:00,431.4,6,1.0,0
2025-04-20 07:00,431.4,6,1.0,0
2025-04-20 08:00,431.4,6,1.0,0
2025-04-20 09:00,431.4,6,1.0,0
2025-04-20 10:00,431.4,6,1.0,0
2025-04-20 11:00,431.4,6,1.0,0
2025-04-20 12:00,431.4,6,1.0,0
2025-04-20 13:00,431.4,6,1.0,0
2025-04-20 14:00,431.4,6,1.0,0
2025-04-20 15:00,431.4,6,1.0,0
2025-04-20 16:00,431.4,6,1.0,0
2025-04-20 17:00,431.4,6,1.0,0
2025-04-20 18:00,431.4,6,1.0,0
2025-04-20 19:00,431.4,6,1.0,0
2025-04-20 20:00,431.4,6,1.0,0
2025-04-20 21:00,431.4,6,1.0,0
2025-04-20 22:00,431.4,6,1.0,0
2025-04-20 23:00,431.4,6,1.0,0
2025-04-21 00:00,431.4,6,1.0,0
2025-04-21 01:00,431.4,6,1.0,0
2025-04-21 02:00,431.4,6,1.0,0
2025-04-21 03:00,431.4,6,1.0,0
2025-04-21 04:00,431.4,6,1.0,0
2025-04-21 05:00,431.4,6,1.0,0
2025-04-21 06:00,431.4,6,1.0,0
2025-04-21 07:00,431.4,6,1.0,0
2025-04-21 08:00,431.4,6,1.0,0
2025-04-21 09:00,431.4,6,1.0,0
2025-04-21 10:00,431.4,6,1.0,0
2025-04-21 11:00,431.4,6,1.0,0
2025-04-21 12:00,431.4,6,1.0,0
2025-04-21 13:00,431.4,6,1.0,0
2025-04-21 14:00,431.4,6,1.0,0
2025-04-21 15:00,431.4,6,1.0,0
2025-04-21 16:00,431.4,6,1.0,0
2025-04-21 17:00,431.4,6,1.0,0
2025-04-21 18:00,431.4,6,1.0,0
2025-04-21 19:00,431.4,6,1.0,0
2025-04-21 20:00,431.4,6,1.0,0
2025-04-21 21:00,431.4,6,1.0,0
2025-04-21 22:00,431.4,6,1.0,0
2025-04-21 23:00,431.4,6,1.0,0
2025-04-22 00:00,431.4,6,1.0,0
2025-04-22 01:00,431.4,6,1.0,0
2025-04-22 02:00,431.4,6,1.0,0
2025-04-22 03:00,431.4,6,1.0,0
2025-04-22 04:00,431.4,6,1.0,0
2025-04-22 05:00,431.4,6,1.0,0
2025-04-22 06:00,431.4,6,1.0,0
2025-04-22 07:00,431.4,6,1.0,0
2025-04-22 08:00,431.4,6,1.0,0
2025-04-22 09:00,431.4,6,1.0,0
2025-04-22 10:00,431.4,6,1.0,0
2025-04-22 11:00,431.4,6,1.0,0
2025-04-22 12:00,431.4,6,1.0,0
2025-04-22 13:00,431.4,6,1.0,0
2025-04-22 14:00,431.4,6,1.0,0
2025-04-22 15:00,431.4,6,1.0,0
2025-04-22 16:00,431.4,6,1.0,0
2025-04-22 17:00,431.4,6,1.0,0
2025-04-22 18:00,431.4,6,1.0,0
2025-04-22 19:00,431.4,6,1.0,0
2025-04-22 20:00,431.4,6,1.0,0
2025-04-22 21:00,431.4,6,1.0,0
2025-04-22 22:00,431.4,6,1.0,0
2025-04-22 23:00,431.4,6,1.0,0
2025-04-23 00:00,431.4,6,1.0,0
2025-04-23 01:00,431.4,6,1.0,0
2025-04-23 02:00,431.4,6,1.0,0
2025-04-23 03:00,431.4,6,1.0,0
2025-04-23 04:00,431.4,6,1.0,0
2025-04-23 05:00,431.4,6,1.0,0
2025-04-23 06:00,431.4,6,1.0,0
2025-04-23 07:00,431.4,6,1.0,0
2025-04-23 08:00,431.4,6,1.0,0
2025-04-23 09:00,431.4,6,1.0,0
2025-04-23 10:00,431.4,6,1.0,0
2025-04-23 11:00,431.4,6,1.0,0
2025-04-23 12:00,431.4,6,1.0,0
2025-04-23 13:00,431.4,6,1.0,0
2025-04-23 14:00,431.4,6,1.0,0
2025-04-23 15:00,432.0,6,1.0,0
2025-04-23 16:00,442.2,6,1.0,0
2025-04-23 17:00,444.6,6,1.0,0
2025-04-23 18:00,444.6,6,1.0,0
2025-04-23 19:00,444.6,6,1.0,0
2025-04-23 20:00,444.6,6,1.0,0
2025-04-23 21:00,444.6,6,1.0,0
2025-04-23 22:00,444.6,6,1.0,0
2025-04-23 23:00,444.6,6,1.0,0
2025-04-24 00:00,444.6,6,1.0,0
2025-04-24 01:00,444.6,6,1.0,0
2025-04-24 02:00,444.6,6,1.0,0
2025-04-24 03:00,444.8,6,1.0,0
2025-04-24 04:00,444.8,6,1.0,0
2025-04-24 05:00,444.8,6,1.0,0
2025-04-24 06:00,444.8,6,1.0,0
2025-04-24 07:00,444.8,6,1.0,0
2025-04-24 08:00,444.8,6,1.0,0
2025-04-24 09:00,444.8,6,1.0,0
2025-04-24 10:00,444.8,6,1.0,0
2025-04-24 11:00,444.8,6,1.0,0
2025-04-24 12:00,454.2,6,1.0,0
2025-04-24 13:00,456.8,6,1.0,0
2025-04-24 14:00,457.4,6,1.0,0
2025-04-24 15:00,457.6,6,1.0,0
2025-04-24 16:00,457.6,6,1.0,0
2025-04-24 17:00,457.6,6,1.0,0
2025-04-24 18:00,457.6,6,1.0,0
2025-04-24 19:00,457.6,6,1.0,0
2025-04-24 20:00,457.6,6,1.0,0
2025-04-24 21:00,457.6,6,1.0,0
2025-04-24 22:00,457.6,6,1.0,0
2025-04-24 23:00,457.6,6,1.0,0
2025-04-25 00:00,457.6,6,1.0,0
2025-04-25 01:00,457.6,6,1.0,0
2025-04-25 02:00,457.6,6,1.0,0
2025-04-25 03:00,457.8,6,1.0,0
2025-04-25 04:00,457.8,6,1.0,0
2025-04-25 05:00,457.8,6,1.0,0
2025-04-25 06:00,457.8,6,1.0,0
2025-04-25 07:00,457.8,6,1.0,0
2025-04-25 08:00,457.8,6,1.0,0
2025-04-25 09:00,457.8,6,1.0,0
2025-04-25 10:00,457.8,6,1.0,0
2025-04-25 11:00,457.8,6,1.0,0
2025-04-25 12:00,457.8,6,1.0,0
2025-04-25 13:00,457.8,6,1.0,0
2025-04-25 14:00,457.8,6,1.0,0
2025-04-25 15:00,457.8,6,1.0,0
2025-04-25 16:00,457.8,6,1.0,0
2025-04-25 17:00,458.0,6,1.0,0
2025-04-25 18:00,458.0,6,1.0,0
2025-04-25 19:00,458.0,6,1.0,0
2025-04-25 20:00,458.0,6,1.0,0
2025-04-25 21:00,458.0,6,1.0,0
2025-04-25 22:00,458.0,6,1.0,0
2025-04-25 23:00,458.0,6,1.0,0
2025-04-26 00:00,458.0,6,1.0,0
2025-04-26 01:00,458.0,6,1.0,0
2025-04-26 02:00,458.0,6,1.0,0
2025-04-26 03:00,458.0,6,1.0,0
2025-04-26 04:00,462.8,6,1.0,0
2025-04-26 05:00,462.8,6,1.0,0
2025-04-26 06:00,463.0,6,1.0,0
2025-04-26 07:00,463.0,6,1.0,0
2025-04-26 08:00,463.0,6,1.0,0
2025-04-26 09:00,463.0,6,1.0,0
2025-04-26 10:00,463.0,6,1.0,0
2025-04-26 11:00,463.0,6,1.0,0
2025-04-26 12:00,463.4,6,1.0,0
2025-04-26 13:00,463.4,6,1.0,0
2025-04-26 14:00,463.4,6,1.0,0
2025-04-26 15:00,463.4,6,1.0,0
2025-04-26 16:00,463.4,6,1.0,0
2025-04-26 17:00,463.4,6,1.0,0
2025-04-26 18:00,463.4,6,1.0,0
2025-04-26 19:00,463.4,6,1.0,0
2025-04-26 20:00,463.4,6,1.0,0
2025-04-26 21:00,463.4,6,1.0,0
2025-04-26 22:00,463.4,6,1.0,0
2025-04-26 23:00,463.4,6,1.0,0
2025-04-27 00:00,463.4,6,1.0,0
2025-04-27 01:00,463.4,6,1.0,0
2025-04-27 02:00,463.4,6,1.0,0
2025-04-27 03:00,463.4,6,1.0,0
2025-04-27 04:00,463.4,6,1.0,0
2025-04-27 05:00,463.4,6,1.0,0
2025-04-27 06:00,463.4,6,1.0,0
2025-04-27 07:00,463.4,6,1.0,0
2025-04-27 08:00,463.4,6,1.0,0
2025-04-27 09:00,463.4,6,1.0,0
2025-04-27 10:00,463.4,6,1.0,0
2025-04-27 11:00,463.4,6,1.0,0
2025-04-27 12:00,463.4,6,1.0,0
2025-04-27 13:00,463.4,6,1.0,0
2025-04-27 14:00,463.4,6,1.0,0
2025-04-27 15:00,463.4,6,1.0,0
2025-04-27 16:00,463.4,6,1.0,0
2025-04-27 17:00,463.4,6,1.0,0
2025-04-27 18:00,463.4,6,1.0,0
2025-04-27 19:00,463.4,6,1.0,0
2025-04-27 20:00,463.4,6,1.0,0
2025-04-27 21:00,463.4,6,1.0,0
2025-04-27 22:00,463.4,6,1.0,0
2025-04-27 23:00,463.4,6,1.0,0
2025-04-28 00:00,463.4,6,1.0,0
2025-04-28 01:00,463.4,6,1.0,0
2025-04-28 02:00,463.4,6,1.0,0
2025-04-28 03:00,463.4,6,1.0,0
2025-04-28 04:00,463.4,6,1.0,0
2025-04-28 05:00,463.4,6,1.0,0
2025-04-28 06:00,463.4,6,1.0,0
2025-04-28 07:00,463.4,6,1.0,0
2025-04-28 08:00,463.4,6,1.0,0
2025-04-28 09:00,463.4,6,1.0,0
2025-04-28 10:00,463.4,6,1.0,0
2025-04-28 11:00,463.4,6,1.0,0
2025-04-28 12:00,463.4,6,1.0,0
2025-04-28 13:00,463.4,6,1.0,0
2025-04-28 14:00,463.4,6,1.0,0
2025-04-28 15:00,463.4,6,1.0,0
2025-04-28 16:00,464.0,6,1.0,0
2025-04-28 17:00,464.4,6,1.0,0
2025-04-28 18:00,470.2,6,1.0,0
2025-04-28 19:00,470.8,6,1.0,0
2025-04-28 20:00,470.8,6,1.0,0
2025-04-28 21:00,470.8,6,1.0,0
2025-04-28 22:00,471.0,6,1.0,0
2025-04-28 23:00,471.0,6,1.0,0
2025-04-29 00:00,471.0,6,1.0,0
2025-04-29 01:00,471.0,6,1.0,0
2025-04-29 02:00,471.0,6,1.0,0
2025-04-29 03:00,471.0,6,1.0,0
2025-04-29 04:00,471.0,6,1.0,0
2025-04-29 05:00,471.0,6,1.0,0
2025-04-29 06:00,471.0,6,1.0,0
2025-04-29 07:00,471.0,6,1.0,0
2025-04-29 08:00,471.0,6,1.0,0
2025-04-29 09:00,471.0,6,1.0,0
2025-04-29 10:00,471.0,6,1.0,0
2025-04-29 11:00,471.0,6,1.0,0
2025-04-29 12:00,471.0,6,1.0,0
2025-04-29 13:00,471.0,6,1.0,0
2025-04-29 14:00,471.0,6,1.0,0
2025-04-29 15:00,471.0,6,1.0,0
2025-04-29 16:00,471.0,6,1.0,0
2025-04-29 17:00,471.0,6,1.0,0
2025-04-29 18:00,471.0,6,1.0,0
2025-04-29 19:00,471.0,6,1.0,0
2025-04-29 20:00,471.0,6,1.0,0
2025-04-29 21:00,471.0,6,1.0,0
2025-04-29 22:00,471.0,6,1.0,0
2025-04-29 23:00,471.0,6,1.0,0
2025-04-30 00:00,471.0,6,1.0,0
2025-04-30 01:00,471.0,6,1.0,0
2025-04-30 02:00,471.0,6,1.0,0
2025-04-30 03:00,471.0,6,1.0,0
2025-04-30 04:00,471.0,6,1.0,0
2025-04-30 05:00,471.0,6,1.0,0
2025-04-30 06:00,471.0,6,1.0,0
2025-04-30 07:00,471.0,6,1.0,0
2025-04-30 08:00,471.0,6,1.0,0
2025-04-30 09:00,471.0,6,1.0,0
2025-04-30 10:00,471.0,6,1.0,0
2025-04-30 11:00,471.0,6,1.0,0
2025-04-30 12:00,471.0,6,1.0,0
2025-04-30 13:00,471.0,6,1.0,0
2025-04-30 14:00,471.0,6,1.0,0
2025-04-30 15:00,471.0,6,1.0,0
2025-04-30 16:00,471.0,6,1.0,0
2025-04-30 17:00,471.0,6,1.0,0
2025-04-30 18:00,471.0,6,1.0,0
2025-04-30 19:00,471.0,6,1.0,0
2025-04-30 20:00,471.0,6,1.0,0
2025-04-30 21:00,471.0,6,1.0,0
2025-04-30 22:00,471.0,6,1.0,0
2025-04-30 23:00,471.0,6,1.0,0
2025-05-01 00:00,471.0,6,1.0,0
2025-05-01 01:00,471.0,6,1.0,0
2025-05-01 02:00,471.0,6,1.0,0
2025-05-01 03:00,471.0,6,1.0,0
2025-05-01 04:00,471.0,6,1.0,0
2025-05-01 05:00,471.0,6,1.0,0
2025-05-01 06:00,471.0,6,1.0,0
2025-05-01 07:00,471.0,6,1.0,0
2025-05-01 08:00,471.0,6,1.0,0
2025-05-01 09:00,471.0,6,1.0,0
2025-05-01 10:00,471.0,6,1.0,0
2025-05-01 11:00,471.0,6,1.0,0
2025-05-01 12:00,471.0,6,1.0,0
2025-05-01 13:00,471.0,6,1.0,0
2025-05-01 14:00,471.0,6,1.0,0
2025-05-01 15:00,471.0,6,1.0,0
2025-05-01 16:00,471.0,6,1.0,0
2025-05-01 17:00,471.0,6,1.0,0
2025-05-01 18:00,471.0,6,1.0,0
2025-05-01 19:00,471.0,6,1.0,0
2025-05-01 20:00,471.0,6,1.0,0
2025-05-01 21:00,471.0,6,1.0,0
2025-05-01 22:00,471.0,6,1.0,0
2025-05-01 23:00,471.0,6,1.0,0
2025-05-02 00:00,471.0,6,1.0,0
2025-05-02 01:00,471.0,6,1.0,0
2025-05-02 02:00,471.0,6,1.0,0
2025-05-02 03:00,471.0,6,1.0,0
2025-05-02 04:00,471.0,6,1.0,0
2025-05-02 05:00,471.0,6,1.0,0
2025-05-02 06:00,471.0,6,1.0,0
2025-05-02 07:00,471.0,6,1.0,0
2025-05-02 08:00,471.0,6,1.0,0
2025-05-02 09:00,471.0,6,1.0,0
2025-05-02 10:00,471.0,6,1.0,0
2025-05-02 11:00,471.0,6,1.0,0
2025-05-02 12:00,471.0,6,1.0,0
2025-05-02 13:00,471.0,6,1.0,0
2025-05-02 14:00,471.0,6,1.0,0
2025-05-02 15:00,471.0,6,1.0,0
2025-05-02 16:00,471.0,6,1.0,0
2025-05-02 17:00,471.0,6,1.0,0
2025-05-02 18:00,471.0,6,1.0,0
2025-05-02 19:00,471.0,6,1.0,0
2025-05-02 20:00,471.0,6,1.0,0
2025-05-02 21:00,471.0,6,1.0,0
2025-05-02 22:00,471.0,6,1.0,0
2025-05-02 23:00,471.0,6,1.0,0
2025-05-03 00:00,471.0,6,1.0,0
2025-05-03 01:00,471.0,6,1.0,0
2025-05-03 02:00,471.0,6,1.0,0
2025-05-03 03:00,471.0,6,1.0,0
2025-05-03 04:00,471.0,6,1.0,0
2025-05-03 05:00,471.0,6,1.0,0
2025-05-03 06:00,471.0,6,1.0,0
2025-05-03 07:00,471.0,6,1.0,0
2025-05-03 08:00,471.0,6,1.0,0
2025-05-03 09:00,471.0,6,1.0,0
2025-05-03 10:00,471.0,6,1.0,0
2025-05-03 11:00,471.0,6,1.0,0
2025-05-03 12:00,471.0,6,1.0,0
2025-05-03 13:00,471.0,6,1.0,0
2025-05-03 14:00,471.0,6,1.0,0
2025-05-03 15:00,471.0,6,1.0,0
2025-05-03 16:00,471.0,6,1.0,0
2025-05-03 17:00,471.0,6,1.0,0
2025-05-03 18:00,471.0,6,1.0,0
2025-05-03 19:00,471.0,6,1.0,0
2025-05-03 20:00,471.0,6,1.0,0
2025-05-03 21:00,471.0,6,1.0,0
2025-05-03 22:00,471.0,6,1.0,0
2025-05-03 23:00,471.0,6,1.0,0
2025-05-04 00:00,471.0,6,1.0,0
2025-05-04 01:00,471.0,6,1.0,0
2025-05-04 02:00,471.0,6,1.0,0
2025-05-04 03:00,471.0,6,1.0,0
2025-05-04 04:00,471.0,6,1.0,0
2025-05-04 05:00,471.0,6,1.0,0
2025-05-04 06:00,471.0,6,1.0,0
2025-05-04 07:00,471.0,6,1.0,0
2025-05-04 08:00,471.0,6,1.0,0
2025-05-04 09:00,471.0,6,1.0,0
2025-05-04 10:00,471.0,6,1.0,0
2025-05-04 11:00,471.0,6,1.0,0
2025-05-04 12:00,471.0,6,1.0,0
2025-05-04 13:00,471.0,6,1.0,0
2025-05-04 14:00,471.0,6,1.0,0
2025-05-04 15:00,471.0,6,1.0,0
2025-05-04 16:00,471.0,6,1.0,0
2025-05-04 17:00,471.0,6,1.0,0
2025-05-04 18:00,471.0,6,1.0,0
2025-05-04 19:00,471.0,6,1.0,0
2025-05-04 20:00,471.0,6,1.0,0
2025-05-04 21:00,471.0,6,1.0,0
2025-05-04 22:00,471.0,6,1.0,0
2025-05-04 23:00,471.0,6,1.0,0
2025-05-05 00:00,471.0,6,1.0,0
2025-05-05 01:00,471.0,6,1.0,0
2025-05-05 02:00,471.0,6,1.0,0
2025-05-05 03:00,471.0,6,1.0,0
2025-05-05 04:00,471.0,6,1.0,0
2025-05-05 05:00,471.0,6,1.0,0
2025-05-05 06:00,471.0,6,1.0,0
2025-05-05 07:00,471.0,6,1.0,0
2025-05-05 08:00,471.0,6,1.0,0
2025-05-05 09:00,471.0,6,1.0,0
2025-05-05 10:00,471.0,6,1.0,0
2025-05-05 11:00,471.0,6,1.0,0
2025-05-05 12:00,471.0,6,1.0,0
2025-05-05 13:00,471.0,6,1.0,0
2025-05-05 14:00,471.0,6,1.0,0
2025-05-05 15:00,471.0,6,1.0,0
2025-05-05 16:00,471.0,6,1.0,0
2025-05-05 17:00,471.0,6,1.0,0
2025-05-05 18:00,471.0,6,1.0,0
2025-05-05 19:00,471.0,6,1.0,0
2025-05-05 20:00,471.0,6,1.0,0
2025-05-05 21:00,471.0,6,1.0,0
2025-05-05 22:00,471.0,6,1.0,0
2025-05-05 23:00,471.0,6,1.0,0
2025-05-06 00:00,471.0,6,1.0,0
2025-05-06 01:00,471.0,6,1.0,0
2025-05-06 02:00,471.0,6,1.0,0
2025-05-06 03:00,471.0,6,1.0,0
2025-05-06 04:00,471.0,6,1.0,0
2025-05-06 05:00,471.0,6,1.0,0
2025-05-06 06:00,471.0,6,1.0,0
2025-05-06 07:00,471.0,6,1.0,0
2025-05-06 08:00,471.0,6,1.0,0
2025-05-06 09:00,473.0,6,1.0,0
2025-05-06 10:00,473.0,6,1.0,0
2025-05-06 11:00,473.0,6,1.0,0
2025-05-06 12:00,473.0,6,1.0,0
2025-05-06 13:00,473.0,6,1.0,0
2025-05-06 14:00,473.0,6,1.0,0
2025-05-06 15:00,473.0,6,1.0,0
2025-05-06 16:00,473.0,6,1.0,0
2025-05-06 17:00,473.0,6,1.0,0
2025-05-06 18:00,473.0,6,1.0,0
2025-05-06 19:00,473.0,6,1.0,0
2025-05-06 20:00,473.0,6,1.0,0
2025-05-06 21:00,473.0,6,1.0,0
2025-05-06 22:00,473.0,6,1.0,0
2025-05-06 23:00,473.0,6,1.0,0
2025-05-07 00:00,473.0,6,1.0,0
2025-05-07 01:00,473.0,6,1.0,0
2025-05-07 02:00,473.0,6,1.0,0
2025-05-07 03:00,473.0,6,1.0,0
2025-05-07 04:00,473.2,6,1.0,0
2025-05-07 05:00,473.2,6,1.0,0
2025-05-07 06:00,473.2,6,1.0,0
2025-05-07 07:00,473.2,6,1.0,0
2025-05-07 08:00,473.2,6,1.0,0
2025-05-07 09:00,473.2,6,1.0,0
2025-05-07 10:00,473.2,6,1.0,0
2025-05-07 11:00,473.2,6,1.0,0
2025-05-07 12:00,473.2,6,1.0,0
2025-05-07 13:00,473.2,6,1.0,0
2025-05-07 14:00,473.2,6,1.0,0
2025-05-07 15:00,473.2,6,1.0,0
2025-05-07 16:00,473.2,6,1.0,0
2025-05-07 17:00,473.2,6,1.0,0
2025-05-07 18:00,474.8,6,1.0,0
2025-05-07 19:00,474.8,6,1.0,0
2025-05-07 20:00,474.8,6,1.0,0
2025-05-07 21:00,474.8,6,1.0,0
2025-05-07 22:00,474.8,6,1.0,0
2025-05-07 23:00,474.8,6,1.0,0
2025-05-08 00:00,474.8,6,1.0,0
2025-05-08 01:00,474.8,6,1.0,0
2025-05-08 02:00,474.8,6,1.0,0
2025-05-08 03:00,474.8,6,1.0,0
2025-05-08 04:00,474.8,6,1.0,0
2025-05-08 05:00,474.8,6,1.0,0
2025-05-08 06:00,474.8,6,1.0,0
2025-05-08 07:00,474.8,6,1.0,0
2025-05-08 08:00,474.8,6,1.0,0
2025-05-08 09:00,474.8,6,1.0,0
2025-05-08 10:00,474.8,6,1.0,0
2025-05-08 11:00,474.8,6,1.0,0
2025-05-08 12:00,474.8,6,1.0,0
2025-05-08 13:00,474.8,6,1.0,0
2025-05-08 14:00,474.8,6,1.0,0
2025-05-08 15:00,474.8,6,1.0,0
2025-05-08 16:00,474.8,6,1.0,0
2025-05-08 17:00,474.8,6,1.0,0
2025-05-08 18:00,474.8,6,1.0,0
2025-05-08 19:00,474.8,6,1.0,0
2025-05-08 20:00,474.8,6,1.0,0
2025-05-08 21:00,474.8,6,1.0,0
2025-05-08 22:00,474.8,6,1.0,0
2025-05-08 23:00,474.8,6,1.0,0
2025-05-09 00:00,474.8,6,1.0,0
2025-05-09 01:00,474.8,6,1.0,0
2025-05-09 02:00,474.8,6,1.0,0
2025-05-09 03:00,474.8,6,1.0,0
2025-05-09 04:00,474.8,6,1.0,0
2025-05-09 05:00,474.8,6,1.0,0
2025-05-09 06:00,474.8,6,1.0,0
2025-05-09 07:00,474.8,6,1.0,0
2025-05-09 08:00,474.8,6,1.0,0
2025-05-09 09:00,474.8,6,1.0,0
2025-05-09 10:00,474.8,6,1.0,0
2025-05-09 11:00,474.8,6,1.0,0
2025-05-09 12:00,474.8,6,1.0,0
2025-05-09 13:00,474.8,6,1.0,0
2025-05-09 14:00,474.8,6,1.0,0
2025-05-09 15:00,474.8,6,1.0,0
2025-05-09 16:00,474.8,6,1.0,0
2025-05-09 17:00,474.8,6,1.0,0
2025-05-09 18:00,474.8,6,1.0,0
2025-05-09 19:00,474.8,6,1.0,0
2025-05-09 20:00,474.8,6,1.0,0
2025-05-09 21:00,474.8,6,1.0,0
2025-05-09 22:00,474.8,6,1.0,0
2025-05-09 23:00,474.8,6,1.0,0
2025-05-10 00:00,474.8,6,1.0,0
2025-05-10 01:00,474.8,6,1.0,0
2025-05-10 02:00,474.8,6,1.0,0
2025-05-10 03:00,474.8,6,1.0,0
2025-05-10 04:00,474.8,6,1.0,0
2025-05-10 05:00,474.8,6,1.0,0
2025-05-10 06:00,474.8,6,1.0,0
2025-05-10 07:00,474.8,6,1.0,0
2025-05-10 08:00,474.8,6,1.0,0
2025-05-10 09:00,474.8,6,1.0,0
2025-05-10 10:00,474.8,6,1.0,0
2025-05-10 11:00,474.8,6,1.0,0
2025-05-10 12:00,474.8,6,1.0,0
2025-05-10 13:00,474.8,6,1.0,0
2025-05-10 14:00,474.8,6,1.0,0
2025-05-10 15:00,474.8,6,1.0,0
2025-05-10 16:00,474.8,6,1.0,0
2025-05-10 17:00,474.8,6,1.0,0
2025-05-10 18:00,474.8,6,1.0,0
2025-05-10 19:00,474.8,6,1.0,0
2025-05-10 20:00,474.8,6,1.0,0
2025-05-10 21:00,474.8,6,1.0,0
2025-05-10 22:00,474.8,6,1.0,0
2025-05-10 23:00,474.8,6,1.0,0
2025-05-11 00:00,474.8,6,1.0,0
2025-05-11 01:00,474.8,6,1.0,0
2025-05-11 02:00,474.8,6,1.0,0
2025-05-11 03:00,474.8,6,1.0,0
2025-05-11 04:00,474.8,6,1.0,0
2025-05-11 05:00,474.8,6,1.0,0
2025-05-11 06:00,474.8,6,1.0,0
2025-05-11 07:00,474.8,6,1.0,0
2025-05-11 08:00,474.8,6,1.0,0
2025-05-11 09:00,474.8,6,1.0,0
2025-05-11 10:00,474.8,6,1.0,0
2025-05-11 11:00,474.8,6,1.0,0
2025-05-11 12:00,475.0,6,1.0,0
2025-05-11 13:00,477.2,6,1.0,0
2025-05-11 14:00,491.2,6,1.0,0
2025-05-11 15:00,491.4,6,1.0,0
2025-05-11 16:00,491.4,6,1.0,0
2025-05-11 17:00,491.4,6,1.0,0
2025-05-11 18:00,491.4,6,1.0,0
2025-05-11 19:00,491.4,6,1.0,0
2025-05-11 20:00,491.4,6,1.0,0
2025-05-11 21:00,491.4,6,1.0,0
2025-05-11 22:00,491.4,6,1.0,0
2025-05-11 23:00,491.4,6,1.0,0
2025-05-12 00:00,491.4,6,1.0,0
2025-05-12 01:00,491.4,6,1.0,0
2025-05-12 02:00,491.4,6,1.0,0
2025-05-12 03:00,491.4,6,1.0,0
2025-05-12 04:00,491.4,6,1.0,0
2025-05-12 05:00,491.4,6,1.0,0
2025-05-12 06:00,491.4,6,1.0,0
2025-05-12 07:00,491.4,6,1.0,0
2025-05-12 08:00,491.4,6,1.0,0
2025-05-12 09:00,491.4,6,1.0,0
2025-05-12 10:00,491.4,6,1.0,0
2025-05-12 11:00,491.4,6,1.0,0
2025-05-12 12:00,491.4,6,1.0,0
2025-05-12 13:00,491.4,6,1.0,0
2025-05-12 14:00,491.4,6,1.0,0
2025-05-12 15:00,491.4,6,1.0,0
2025-05-12 16:00,491.4,6,1.0,0
2025-05-12 17:00,491.4,6,1.0,0
2025-05-12 18:00,491.4,6,1.0,0
2025-05-12 19:00,491.4,6,1.0,0
2025-05-12 20:00,491.4,6,1.0,0
2025-05-12 21:00,491.4,6,1.0,0
2025-05-12 22:00,491.4,6,1.0,0
2025-05-12 23:00,491.4,6,1.0,0
2025-05-13 00:00,491.4,6,1.0,0
2025-05-13 01:00,491.4,6,1.0,0
2025-05-13 02:00,491.4,6,1.0,0
2025-05-13 03:00,491.4,6,1.0,0
2025-05-13 04:00,491.4,6,1.0,0
2025-05-13 05:00,491.4,6,1.0,0
2025-05-13 06:00,491.4,6,1.0,0
2025-05-13 07:00,491.4,6,1.0,0
2025-05-13 08:00,491.4,6,1.0,0
2025-05-13 09:00,491.4,6,1.0,0
2025-05-13 10:00,491.4,6,1.0,0
2025-05-13 11:00,491.4,6,1.0,0
2025-05-13 12:00,491.8,6,1.0,0
2025-05-13 13:00,492.0,6,1.0,0
2025-05-13 14:00,492.0,6,1.0,0
2025-05-13 15:00,495.4,6,1.0,0
2025-05-13 16:00,497.2,6,1.0,0
2025-05-13 17:00,497.2,6,1.0,0
2025-05-13 18:00,497.2,6,1.0,0
2025-05-13 19:00,497.2,6,1.0,0
2025-05-13 20:00,497.2,6,1.0,0
2025-05-13 21:00,497.2,6,1.0,0
2025-05-13 22:00,497.2,6,1.0,0
2025-05-13 23:00,497.2,6,1.0,0
2025-05-14 00:00,497.2,6,1.0,0
2025-05-14 01:00,497.2,6,1.0,0
2025-05-14 02:00,497.2,6,1.0,0
2025-05-14 03:00,497.2,6,1.0,0
2025-05-14 04:00,497.2,6,1.0,0
2025-05-14 05:00,497.2,6,1.0,0
2025-05-14 06:00,497.2,6,1.0,0
2025-05-14 07:00,497.2,6,1.0,0
2025-05-14 08:00,497.2,6,1.0,0
2025-05-14 09:00,497.2,6,1.0,0
2025-05-14 10:00,497.2,6,1.0,0
2025-05-14 11:00,497.2,6,1.0,0
2025-05-14 12:00,497.2,6,1.0,0
2025-05-14 13:00,497.2,6,1.0,0
2025-05-14 14:00,497.2,6,1.0,0
2025-05-14 15:00,497.2,6,1.0,0
2025-05-14 16:00,497.2,6,1.0,0
2025-05-14 17:00,497.2,6,1.0,0
2025-05-14 18:00,497.2,6,1.0,0
2025-05-14 19:00,497.2,6,1.0,0
2025-05-14 20:00,497.2,6,1.0,0
2025-05-14 21:00,497.2,6,1.0,0
2025-05-14 22:00,497.2,6,1.0,0
2025-05-14 23:00,497.2,6,1.0,0
2025-05-15 00:00,497.2,6,1.0,0
2025-05-15 01:00,497.2,6,1.0,0
2025-05-15 02:00,497.2,6,1.0,0
2025-05-15 03:00,497.2,6,1.0,0
2025-05-15 04:00,497.2,6,1.0,0
2025-05-15 05:00,497.2,6,1.0,0
2025-05-15 06:00,497.2,6,1.0,0
2025-05-15 07:00,497.2,6,1.0,0
2025-05-15 08:00,497.2,6,1.0,0
2025-05-15 09:00,497.2,6,1.0,0
2025-05-15 10:00,497.2,6,1.0,0
2025-05-15 11:00,497.4,6,1.0,0
2025-05-15 12:00,498.4,6,1.0,0
2025-05-15 13:00,498.4,6,1.0,0
2025-05-15 14:00,498.6,6,1.0,0
2025-05-15 15:00,499.4,6,1.0,0
2025-05-15 16:00,500.0,6,1.0,0
2025-05-15 17:00,500.2,6,1.0,0
2025-05-15 18:00,500.4,6,1.0,0
2025-05-15 19:00,500.4,6,1.0,0
2025-05-15 20:00,500.4,6,1.0,0
2025-05-15 21:00,500.4,6,1.0,0
2025-05-15 22:00,500.4,6,1.0,0
2025-05-15 23:00,500.4,6,1.0,0
2025-05-16 00:00,500.4,6,1.0,0
2025-05-16 01:00,500.4,6,1.0,0
2025-05-16 02:00,500.4,6,1.0,0
2025-05-16 03:00,500.4,6,1.0,0
2025-05-16 04:00,500.4,6,1.0,0
2025-05-16 05:00,500.4,6,1.0,0
2025-05-16 06:00,500.4,6,1.0,0
2025-05-16 07:00,500.4,6,1.0,0
2025-05-16 08:00,500.4,6,1.0,0
2025-05-16 09:00,500.4,6,1.0,0
2025-05-16 10:00,500.4,6,1.0,0
2025-05-16 11:00,500.6,6,1.0,0
2025-05-16 12:00,500.6,6,1.0,0
2025-05-16 13:00,500.6,6,1.0,0
2025-05-16 14:00,500.6,6,1.0,0
2025-05-16 15:00,500.6,6,1.0,0
2025-05-16 16:00,500.6,6,1.0,0
2025-05-16 17:00,500.6,6,1.0,0
2025-05-16 18:00,500.6,6,1.0,0
2025-05-16 19:00,500.6,6,1.0,0
2025-05-16 20:00,500.6,6,1.0,0
2025-05-16 21:00,500.6,6,1.0,0
2025-05-16 22:00,500.6,6,1.0,0
2025-05-16 23:00,500.6,6,1.0,0
2025-05-17 00:00,500.6,6,1.0,0
2025-05-17 01:00,500.6,6,1.0,0
2025-05-17 02:00,500.6,6,1.0,0
2025-05-17 03:00,500.6,6,1.0,0
2025-05-17 04:00,500.6,6,1.0,0
2025-05-17 05:00,500.6,6,1.0,0
2025-05-17 06:00,500.6,6,1.0,0
2025-05-17 07:00,500.6,6,1.0,0
2025-05-17 08:00,500.6,6,1.0,0
2025-05-17 09:00,500.6,6,1.0,0
2025-05-17 10:00,500.6,6,1.0,0
2025-05-17 11:00,500.6,6,1.0,0
2025-05-17 12:00,500.6,6,1.0,0
2025-05-17 13:00,500.6,6,1.0,0
2025-05-17 14:00,500.6,6,1.0,0
2025-05-17 15:00,500.6,6,1.0,0
2025-05-17 16:00,500.6,6,1.0,0
2025-05-17 17:00,500.6,6,1.0,0
2025-05-17 18:00,500.6,6,1.0,0
2025-05-17 19:00,500.6,6,1.0,0
2025-05-17 20:00,500.6,6,1.0,0
2025-05-17 21:00,500.6,6,1.0,0
2025-05-17 22:00,500.6,6,1.0,0
2025-05-17 23:00,500.6,6,1.0,0
2025-05-18 00:00,500.6,6,1.0,0
2025-05-18 01:00,500.6,6,1.0,0
2025-05-18 02:00,500.6,6,1.0,0
2025-05-18 03:00,500.6,6,1.0,0
2025-05-18 04:00,500.6,6,1.0,0
2025-05-18 05:00,500.6,6,1.0,0
2025-05-18 06:00,500.6,6,1.0,0
2025-05-18 07:00,500.6,6,1.0,0
2025-05-18 08:00,500.6,6,1.0,0
2025-05-18 09:00,500.6,6,1.0,0
2025-05-18 10:00,500.6,6,1.0,0
2025-05-18 11:00,500.6,6,1.0,0
2025-05-18 12:00,500.6,6,1.0,0
2025-05-18 13:00,500.6,6,1.0,0
2025-05-18 14:00,500.6,6,1.0,0
2025-05-18 15:00,500.6,6,1.0,0
2025-05-18 16:00,500.6,6,1.0,0
2025-05-18 17:00,500.6,6,1.0,0
2025-05-18 18:00,500.6,6,1.0,0
2025-05-18 19:00,500.6,6,1.0,0
2025-05-18 20:00,500.6,6,1.0,0
2025-05-18 21:00,500.6,6,1.0,0
2025-05-18 22:00,500.6,6,1.0,0
2025-05-18 23:00,500.6,6,1.0,0
2025-05-19 00:00,500.6,6,1.0,0
2025-05-19 01:00,500.6,6,1.0,0
2025-05-19 02:00,500.6,6,1.0,0
2025-05-19 03:00,500.6,6,1.0,0
2025-05-19 04:00,500.6,6,1.0,0
2025-05-19 05:00,500.6,6,1.0,0
2025-05-19 06:00,500.6,6,1.0,0
2025-05-19 07:00,500.6,6,1.0,0
2025-05-19 08:00,500.6,6,1.0,0
2025-05-19 09:00,500.6,6,1.0,0
2025-05-19 10:00,500.6,6,1.0,0
2025-05-19 11:00,500.6,6,1.0,0
2025-05-19 12:00,500.6,6,1.0,0
2025-05-19 13:00,500.6,6,1.0,0
2025-05-19 14:00,500.6,6,1.0,0
2025-05-19 15:00,500.6,6,1.0,0
2025-05-19 16:00,500.6,6,1.0,0
2025-05-19 17:00,500.6,6,1.0,0
2025-05-19 18:00,500.6,6,1.0,0
2025-05-19 19:00,500.6,6,1.0,0
2025-05-19 20:00,500.6,6,1.0,0
2025-05-19 21:00,500.6,6,1.0,0
2025-05-19 22:00,500.6,6,1.0,0
2025-05-19 23:00,500.6,6,1.0,0
2025-05-20 00:00,500.6,6,1.0,0
2025-05-20 01:00,500.6,6,1.0,0
2025-05-20 02:00,500.6,6,1.0,0
2025-05-20 03:00,500.6,6,1.0,0
2025-05-20 04:00,500.6,6,1.0,0
2025-05-20 05:00,500.6,6,1.0,0
2025-05-20 06:00,500.6,6,1.0,0
2025-05-20 07:00,500.6,6,1.0,0
2025-05-20 08:00,500.6,6,1.0,0
2025-05-20 09:00,500.6,6,1.0,0
2025-05-20 10:00,500.6,6,1.0,0
2025-05-20 11:00,500.6,6,1.0,0
2025-05-20 12:00,500.6,6,1.0,0
2025-05-20 13:00,500.6,6,1.0,0
2025-05-20 14:00,500.6,6,1.0,0
2025-05-20 15:00,500.6,6,1.0,0
2025-05-20 16:00,500.6,6,1.0,0
2025-05-20 17:00,500.6,6,1.0,0
2025-05-20 18:00,500.6,6,1.0,0
2025-05-20 19:00,500.6,6,1.0,0
2025-05-20 20:00,500.6,6,1.0,0
2025-05-20 21:00,500.6,6,1.0,0
2025-05-20 22:00,500.6,6,1.0,0
2025-05-20 23:00,500.6,6,1.0,0
2025-05-21 00:00,500.6,6,1.0,0
2025-05-21 01:00,500.6,6,1.0,0
2025-05-21 02:00,500.6,6,1.0,0
2025-05-21 03:00,500.6,6,1.0,0
2025-05-21 04:00,500.6,6,1.0,0
2025-05-21 05:00,500.6,6,1.0,0
2025-05-21 06:00,500.6,6,1.0,0
2025-05-21 07:00,500.6,6,1.0,0
2025-05-21 08:00,500.6,6,1.0,0
2025-05-21 09:00,500.6,6,1.0,0
2025-05-21 10:00,500.6,6,1.0,0
2025-05-21 11:00,500.6,6,1.0,0
2025-05-21 12:00,500.6,6,1.0,0
2025-05-21 13:00,500.6,6,1.0,0
2025-05-21 14:00,500.8,6,1.0,0
2025-05-21 15:00,501.6,6,1.0,0
2025-05-21 16:00,501.6,6,1.0,0
2025-05-21 17:00,501.6,6,1.0,0
2025-05-21 18:00,501.6,6,1.0,0
2025-05-21 19:00,501.6,6,1.0,0
2025-05-21 20:00,501.6,6,1.0,0
2025-05-21 21:00,501.6,6,1.0,0
2025-05-21 22:00,501.6,6,1.0,0
2025-05-21 23:00,501.6,6,1.0,0
2025-05-22 00:00,501.6,6,1.0,0
2025-05-22 01:00,501.6,6,1.0,0
2025-05-22 02:00,501.6,6,1.0,0
2025-05-22 03:00,501.6,6,1.0,0
2025-05-22 04:00,501.6,6,1.0,0
2025-05-22 05:00,501.8,6,1.0,0
2025-05-22 06:00,501.8,6,1.0,0
2025-05-22 07:00,501.8,6,1.0,0
2025-05-22 08:00,501.8,6,1.0,0
2025-05-22 09:00,501.8,6,1.0,0
2025-05-22 10:00,501.8,6,1.0,0
2025-05-22 11:00,501.8,6,1.0,0
2025-05-22 12:00,501.8,6,1.0,0
2025-05-22 13:00,501.8,6,1.0,0
2025-05-22 14:00,501.8,6,1.0,0
2025-05-22 15:00,501.8,6,1.0,0
2025-05-22 16:00,501.8,6,1.0,0
2025-05-22 17:00,501.8,6,1.0,0
2025-05-22 18:00,501.8,6,1.0,0
2025-05-22 19:00,501.8,6,1.0,0
2025-05-22 20:00,501.8,6,1.0,0
2025-05-22 21:00,501.8,6,1.0,0
2025-05-22 22:00,501.8,6,1.0,0
2025-05-22 23:00,501.8,6,1.0,0
2025-05-23 00:00,501.8,6,1.0,0
2025-05-23 01:00,501.8,6,1.0,0
2025-05-23 02:00,501.8,6,1.0,0
2025-05-23 03:00,502.6,6,1.0,0
2025-05-23 04:00,502.8,6,1.0,0
2025-05-23 05:00,502.8,6,1.0,0
2025-05-23 06:00,502.8,6,1.0,0
2025-05-23 07:00,503.4,6,1.0,0
2025-05-23 08:00,504.8,6,1.0,0
2025-05-23 09:00,504.8,6,1.0,0
2025-05-23 10:00,504.8,6,1.0,0
2025-05-23 11:00,504.8,6,1.0,0
2025-05-23 12:00,504.8,6,1.0,0
2025-05-23 13:00,504.8,6,1.0,0
2025-05-23 14:00,504.8,6,1.0,0
2025-05-23 15:00,504.8,6,1.0,0
2025-05-23 16:00,504.8,6,1.0,0
2025-05-23 17:00,504.8,6,1.0,0
2025-05-23 18:00,504.8,6,1.0,0
2025-05-23 19:00,504.8,6,1.0,0
2025-05-23 20:00,504.8,6,1.0,0
2025-05-23 21:00,504.8,6,1.0,0
2025-05-23 22:00,504.8,6,1.0,0
2025-05-23 23:00,504.8,6,1.0,0
2025-05-24 00:00,504.8,6,1.0,0
2025-05-24 01:00,504.8,6,1.0,0
2025-05-24 02:00,504.8,6,1.0,0
2025-05-24 03:00,504.8,6,1.0,0
2025-05-24 04:00,504.8,6,1.0,0
2025-05-24 05:00,504.8,6,1.0,0
2025-05-24 06:00,504.8,6,1.0,0
2025-05-24 07:00,504.8,6,1.0,0
2025-05-24 08:00,504.8,6,1.0,0
2025-05-24 09:00,504.8,6,1.0,0
2025-05-24 10:00,504.8,6,1.0,0
2025-05-24 11:00,504.8,6,1.0,0
2025-05-24 12:00,504.8,6,1.0,0
2025-05-24 13:00,504.8,6,1.0,0
2025-05-24 14:00,504.8,6,1.0,0
2025-05-24 15:00,504.8,6,1.0,0
2025-05-24 16:00,504.8,6,1.0,0
2025-05-24 17:00,504.8,6,1.0,0
2025-05-24 18:00,504.8,6,1.0,0
2025-05-24 19:00,504.8,6,1.0,0
2025-05-24 20:00,504.8,6,1.0,0
2025-05-24 21:00,504.8,6,1.0,0
2025-05-24 22:00,504.8,6,1.0,0
2025-05-24 23:00,504.8,6,1.0,0
2025-05-25 00:00,504.8,6,1.0,0
2025-05-25 01:00,504.8,6,1.0,0
2025-05-25 02:00,504.8,6,1.0,0
2025-05-25 03:00,504.8,6,1.0,0
2025-05-25 04:00,504.8,6,1.0,0
2025-05-25 05:00,504.8,6,1.0,0
2025-05-25 06:00,504.8,6,1.0,0
2025-05-25 07:00,504.8,6,1.0,0
2025-05-25 08:00,504.8,6,1.0,0
2025-05-25 09:00,504.8,6,1.0,0
2025-05-25 10:00,504.8,6,1.0,0
2025-05-25 11:00,504.8,6,1.0,0
2025-05-25 12:00,504.8,6,1.0,0
2025-05-25 13:00,504.8,6,1.0,0
2025-05-25 14:00,504.8,6,1.0,0
2025-05-25 15:00,504.8,6,1.0,0
2025-05-25 16:00,504.8,6,1.0,0
2025-05-25 17:00,504.8,6,1.0,0
2025-05-25 18:00,504.8,6,1.0,0
2025-05-25 19:00,504.8,6,1.0,0
2025-05-25 20:00,504.8,6,1.0,0
2025-05-25 21:00,504.8,6,1.0,0
2025-05-25 22:00,504.8,6,1.0,0
2025-05-25 23:00,504.8,6,1.0,0
2025-05-26 00:00,504.8,6,1.0,0
2025-05-26 01:00,504.8,6,1.0,0
2025-05-26 02:00,504.8,6,1.0,0
2025-05-26 03:00,504.8,6,1.0,0
2025-05-26 04:00,504.8,6,1.0,0
2025-05-26 05:00,504.8,6,1.0,0
2025-05-26 06:00,504.8,6,1.0,0
2025-05-26 07:00,504.8,6,1.0,0
2025-05-26 08:00,504.8,6,1.0,0
2025-05-26 09:00,504.8,6,1.0,0
2025-05-26 10:00,504.8,6,1.0,0
2025-05-26 11:00,504.8,6,1.0,0
2025-05-26 12:00,504.8,6,1.0,0
2025-05-26 13:00,504.8,6,1.0,0
2025-05-26 14:00,504.8,6,1.0,0
2025-05-26 15:00,504.8,6,1.0,0
2025-05-26 16:00,504.8,6,1.0,0
2025-05-26 17:00,504.8,6,1.0,0
2025-05-26 18:00,504.8,6,1.0,0
2025-05-26 19:00,504.8,6,1.0,0
2025-05-26 20:00,504.8,6,1.0,0
2025-05-26 21:00,504.8,6,1.0,0
2025-05-26 22:00,504.8,6,1.0,0
2025-05-26 23:00,504.8,6,1.0,0
2025-05-27 00:00,504.8,6,1.0,0
2025-05-27 01:00,504.8,6,1.0,0
2025-05-27 02:00,504.8,6,1.0,0
2025-05-27 03:00,504.8,6,1.0,0
2025-05-27 04:00,504.8,6,1.0,0
2025-05-27 05:00,504.8,6,1.0,0
2025-05-27 06:00,504.8,6,1.0,0
2025-05-27 07:00,504.8,6,1.0,0
2025-05-27 08:00,504.8,6,1.0,0
2025-05-27 09:00,504.8,6,1.0,0
2025-05-27 10:00,504.8,6,1.0,0
2025-05-27 11:00,504.8,6,1.0,0
2025-05-27 12:00,504.8,6,1.0,0
2025-05-27 13:00,504.8,6,1.0,0
2025-05-27 14:00,504.8,6,1.0,0
2025-05-27 15:00,504.8,6,1.0,0
2025-05-27 16:00,504.8,6,1.0,0
2025-05-27 17:00,504.8,6,1.0,0
2025-05-27 18:00,504.8,6,1.0,0
2025-05-27 19:00,504.8,6,1.0,0
2025-05-27 20:00,504.8,6,1.0,0
2025-05-27 21:00,504.8,6,1.0,0
2025-05-27 22:00,504.8,6,1.0,0
2025-05-27 23:00,504.8,6,1.0,0
2025-05-28 00:00,504.8,6,1.0,0
2025-05-28 01:00,504.8,6,1.0,0
2025-05-28 02:00,504.8,6,1.0,0
2025-05-28 03:00,504.8,6,1.0,0
2025-05-28 04:00,504.8,6,1.0,0
2025-05-28 05:00,504.8,6,1.0,0
2025-05-28 06:00,504.8,6,1.0,0
2025-05-28 07:00,504.8,6,1.0,0
2025-05-28 08:00,504.8,6,1.0,0
2025-05-28 09:00,504.8,6,1.0,0
2025-05-28 10:00,504.8,6,1.0,0
2025-05-28 11:00,504.8,6,1.0,0
2025-05-28 12:00,504.8,6,1.0,0
2025-05-28 13:00,504.8,6,1.0,0
2025-05-28 14:00,504.8,6,1.0,0
2025-05-28 15:00,504.8,6,1.0,0
2025-05-28 16:00,504.8,6,1.0,0
2025-05-28 17:00,504.8,6,1.0,0
2025-05-28 18:00,504.8,6,1.0,0
2025-05-28 19:00,504.8,6,1.0,0
2025-05-28 20:00,504.8,6,1.0,0
2025-05-28 21:00,504.8,6,1.0,0
2025-05-28 22:00,504.8,6,1.0,0
2025-05-28 23:00,504.8,6,1.0,0
2025-05-29 00:00,504.8,6,1.0,0
2025-05-29 01:00,504.8,6,1.0,0
2025-05-29 02:00,504.8,6,1.0,0
2025-05-29 03:00,504.8,6,1.0,0
2025-05-29 04:00,504.8,6,1.0,0
2025-05-29 05:00,504.8,6,1.0,0
2025-05-29 06:00,504.8,6,1.0,0
2025-05-29 07:00,504.8,6,1.0,0
2025-05-29 08:00,504.8,6,1.0,0
2025-05-29 09:00,504.8,6,1.0,0
2025-05-29 10:00,504.8,6,1.0,0
2025-05-29 11:00,504.8,6,1.0,0
2025-05-29 12:00,504.8,6,1.0,0
2025-05-29 13:00,504.8,6,1.0,0
2025-05-29 14:00,504.8,6,1.0,0
2025-05-29 15:00,504.8,6,1.0,0
2025-05-29 16:00,504.8,6,1.0,0
2025-05-29 17:00,504.8,6,1.0,0
2025-05-29 18:00,504.8,6,1.0,0
2025-05-29 19:00,504.8,6,1.0,0
2025-05-29 20:00,504.8,6,1.0,0
2025-05-29 21:00,504.8,6,1.0,0
2025-05-29 22:00,504.8,6,1.0,0
2025-05-29 23:00,504.8,6,1.0,0
2025-05-30 00:00,504.8,6,1.0,0
2025-05-30 01:00,504.8,6,1.0,0
2025-05-30 02:00,504.8,6,1.0,0
2025-05-30 03:00,504.8,6,1.0,0
2025-05-30 04:00,504.8,6,1.0,0
2025-05-30 05:00,504.8,6,1.0,0
2025-05-30 06:00,504.8,6,1.0,0
2025-05-30 07:00,504.8,6,1.0,0
2025-05-30 08:00,504.8,6,1.0,0
2025-05-30 09:00,504.8,6,1.0,0
2025-05-30 10:00,504.8,6,1.0,0
2025-05-30 11:00,504.8,6,1.0,0
2025-05-30 12:00,504.8,6,1.0,0
2025-05-30 13:00,504.8,6,1.0,0
2025-05-30 14:00,504.8,6,1.0,0
2025-05-30 15:00,504.8,6,1.0,0
2025-05-30 16:00,504.8,6,1.0,0
2025-05-30 17:00,504.8,6,1.0,0
2025-05-30 18:00,504.8,6,1.0,0
2025-05-30 19:00,504.8,6,1.0,0
2025-05-30 20:00,504.8,6,1.0,0
2025-05-30 21:00,504.8,6,1.0,0
2025-05-30 22:00,504.8,6,1.0,0
2025-05-30 23:00,504.8,6,1.0,0
2025-05-31 00:00,504.8,6,1.0,0
2025-05-31 01:00,504.8,6,1.0,0
2025-05-31 02:00,504.8,6,1.0,0
2025-05-31 03:00,504.8,6,1.0,0
2025-05-31 04:00,504.8,6,1.0,0
2025-05-31 05:00,504.8,6,1.0,0
2025-05-31 06:00,504.8,6,1.0,0
2025-05-31 07:00,504.8,6,1.0,0
2025-05-31 08:00,504.8,6,1.0,0
2025-05-31 09:00,504.8,6,1.0,0
2025-05-31 10:00,504.8,6,1.0,0
2025-05-31 11:00,504.8,6,1.0,0
2025-05-31 12:00,504.8,6,1.0,0
2025-05-31 13:00,504.8,6,1.0,0
2025-05-31 14:00,504.8,6,1.0,0
2025-05-31 15:00,504.8,6,1.0,0
2025-05-31 16:00,504.8,6,1.0,0
2025-05-31 17:00,504.8,6,1.0,0
2025-05-31 18:00,504.8,6,1.0,0
2025-05-31 19:00,504.8,6,1.0,0
2025-05-31 20:00,504.8,6,1.0,0
2025-05-31 21:00,504.8,6,1.0,0
2025-05-31 22:00,504.8,6,1.0,0
2025-05-31 23:00,504.8,6,1.0,0
2025-06-01 00:00,504.8,6,1.0,0
2025-06-01 01:00,504.8,6,1.0,0
2025-06-01 02:00,504.8,6,1.0,0
2025-06-01 03:00,504.8,6,1.0,0
2025-06-01 04:00,504.8,6,1.0,0
2025-06-01 05:00,504.8,6,1.0,0
2025-06-01 06:00,504.8,6,1.0,0
2025-06-01 07:00,504.8,6,1.0,0
2025-06-01 08:00,504.8,6,1.0,0
2025-06-01 09:00,504.8,6,1.0,0
2025-06-01 10:00,504.8,6,1.0,0
2025-06-01 11:00,504.8,6,1.0,0
2025-06-01 12:00,504.8,6,1.0,0
2025-06-01 13:00,504.8,6,1.0,0
2025-06-01 14:00,504.8,6,1.0,0
2025-06-01 15:00,504.8,6,1.0,0
2025-06-01 16:00,504.8,6,1.0,0
2025-06-01 17:00,504.8,6,1.0,0
2025-06-01 18:00,504.8,6,1.0,0
2025-06-01 19:00,504.8,6,1.0,0
2025-06-01 20:00,504.8,6,1.0,0
2025-06-01 21:00,504.8,6,1.0,0
2025-06-01 22:00,504.8,6,1.0,0
2025-06-01 23:00,504.8,6,1.0,0
2025-06-02 00:00,504.8,6,1.0,0
2025-06-02 01:00,504.8,6,1.0,0
2025-06-02 02:00,504.8,6,1.0,0
2025-06-02 03:00,504.8,6,1.0,0
2025-06-02 04:00,504.8,6,1.0,0
2025-06-02 05:00,504.8,6,1.0,0
2025-06-02 06:00,504.8,6,1.0,0
2025-06-02 07:00,504.8,6,1.0,0
2025-06-02 08:00,504.8,6,1.0,0
2025-06-02 09:00,504.8,6,1.0,0
2025-06-02 10:00,504.8,6,1.0,0
2025-06-02 11:00,504.8,6,1.0,0
2025-06-02 12:00,504.8,6,1.0,0
2025-06-02 13:00,504.8,6,1.0,0
2025-06-02 14:00,504.8,6,1.0,0
2025-06-02 15:00,504.8,6,1.0,0
2025-06-02 16:00,504.8,6,1.0,0
2025-06-02 17:00,504.8,6,1.0,0
2025-06-02 18:00,504.8,6,1.0,0
2025-06-02 19:00,504.8,6,1.0,0
2025-06-02 20:00,504.8,6,1.0,0
2025-06-02 21:00,504.8,6,1.0,0
2025-06-02 22:00,504.8,6,1.0,0
2025-06-02 23:00,504.8,6,1.0,0
2025-06-03 00:00,504.8,6,1.0,0
2025-06-03 01:00,504.8,6,1.0,0
2025-06-03 02:00,504.8,6,1.0,0
2025-06-03 03:00,504.8,6,1.0,0
2025-06-03 04:00,504.8,6,1.0,0
2025-06-03 05:00,504.8,6,1.0,0
2025-06-03 06:00,504.8,6,1.0,0
2025-06-03 07:00,504.8,6,1.0,0
2025-06-03 08:00,504.8,6,1.0,0
2025-06-03 09:00,504.8,6,1.0,0
2025-06-03 10:00,504.8,6,1.0,0
2025-06-03 11:00,504.8,6,1.0,0
2025-06-03 12:00,504.8,6,1.0,0
2025-06-03 13:00,504.8,6,1.0,0
2025-06-03 14:00,504.8,6,1.0,0
2025-06-03 15:00,504.8,6,1.0,0
2025-06-03 16:00,504.8,6,1.0,0
2025-06-03 17:00,504.8,6,1.0,0
2025-06-03 18:00,504.8,6,1.0,0
2025-06-03 19:00,504.8,6,1.0,0
2025-06-03 20:00,504.8,6,1.0,0
2025-06-03 21:00,504.8,6,1.0,0
2025-06-03 22:00,504.8,6,1.0,0
2025-06-03 23:00,504.8,6,1.0,0
2025-06-04 00:00,504.8,6,1.0,0
2025-06-04 01:00,504.8,6,1.0,0
2025-06-04 02:00,504.8,6,1.0,0
2025-06-04 03:00,504.8,6,1.0,0
2025-06-04 04:00,504.8,6,1.0,0
2025-06-04 05:00,504.8,6,1.0,0
2025-06-04 06:00,504.8,6,1.0,0
2025-06-04 07:00,504.8,6,1.0,0
2025-06-04 08:00,504.8,6,1.0,0
2025-06-04 09:00,504.8,6,1.0,0
2025-06-04 10:00,504.8,6,1.0,0
2025-06-04 11:00,504.8,6,1.0,0
2025-06-04 12:00,504.8,6,1.0,0
2025-06-04 13:00,504.8,6,1.0,0
2025-06-04 14:00,504.8,6,1.0,0
2025-06-04 15:00,504.8,6,1.0,0
2025-06-04 16:00,504.8,6,1.0,0
2025-06-04 17:00,504.8,6,1.0,0
2025-06-04 18:00,504.8,6,1.0,0
2025-06-04 19:00,504.8,6,1.0,0
2025-06-04 20:00,504.8,6,1.0,0
2025-06-04 21:00,504.8,6,1.0,0
2025-06-04 22:00,504.8,6,1.0,0
2025-06-04 23:00,504.8,6,1.0,0
2025-06-05 00:00,504.8,6,1.0,0
2025-06-05 01:00,504.8,6,1.0,0
2025-06-05 02:00,504.8,6,1.0,0
2025-06-05 03:00,504.8,6,1.0,0
2025-06-05 04:00,504.8,6,1.0,0
2025-06-05 05:00,504.8,6,1.0,0
2025-06-05 06:00,504.8,6,1.0,0
2025-06-05 07:00,504.8,6,1.0,0
2025-06-05 08:00,504.8,6,1.0,0
2025-06-05 09:00,504.8,6,1.0,0
2025-06-05 10:00,504.8,6,1.0,0
2025-06-05 11:00,504.8,6,1.0,0
2025-06-05 12:00,504.8,6,1.0,0
2025-06-05 13:00,504.8,6,1.0,0
2025-06-05 14:00,504.8,6,1.0,0
2025-06-05 15:00,504.8,6,1.0,0
2025-06-05 16:00,504.8,6,1.0,0
2025-06-05 17:00,504.8,6,1.0,0
2025-06-05 18:00,504.8,6,1.0,0
2025-06-05 19:00,504.8,6,1.0,0
2025-06-05 20:00,504.8,6,1.0,0
2025-06-05 21:00,504.8,6,1.0,0
2025-06-05 22:00,504.8,6,1.0,0
2025-06-05 23:00,504.8,6,1.0,0
2025-06-06 00:00,504.8,6,1.0,0
2025-06-06 01:00,504.8,6,1.0,0
2025-06-06 02:00,504.8,6,1.0,0
2025-06-06 03:00,504.8,6,1.0,0
2025-06-06 04:00,504.8,6,1.0,0
2025-06-06 05:00,504.8,6,1.0,0
2025-06-06 06:00,504.8,6,1.0,0
2025-06-06 07:00,504.8,6,1.0,0
2025-06-06 08:00,504.8,6,1.0,0
2025-06-06 09:00,504.8,6,1.0,0
2025-06-06 10:00,504.8,6,1.0,0
2025-06-06 11:00,504.8,6,1.0,0
2025-06-06 12:00,504.8,6,1.0,0
2025-06-06 13:00,504.8,6,1.0,0
2025-06-06 14:00,504.8,6,1.0,0
2025-06-06 15:00,504.8,6,1.0,0
2025-06-06 16:00,504.8,6,1.0,0
2025-06-06 17:00,504.8,6,1.0,0
2025-06-06 18:00,504.8,6,1.0,0
2025-06-06 19:00,504.8,6,1.0,0
2025-06-06 20:00,504.8,6,1.0,0
2025-06-06 21:00,504.8,6,1.0,0
2025-06-06 22:00,504.8,6,1.0,0
2025-06-06 23:00,504.8,6,1.0,0
2025-06-07 00:00,504.8,6,1.0,0
2025-06-07 01:00,504.8,6,1.0,0
2025-06-07 02:00,504.8,6,1.0,0
2025-06-07 03:00,504.8,6,1.0,0
2025-06-07 04:00,504.8,6,1.0,0
2025-06-07 05:00,504.8,6,1.0,0
2025-06-07 06:00,504.8,6,1.0,0
2025-06-07 07:00,504.8,6,1.0,0
2025-06-07 08:00,504.8,6,1.0,0
2025-06-07 09:00,504.8,6,1.0,0
2025-06-07 10:00,504.8,6,1.0,0
2025-06-07 11:00,504.8,6,1.0,0
2025-06-07 12:00,504.8,6,1.0,0
2025-06-07 13:00,504.8,6,1.0,0
2025-06-07 14:00,504.8,6,1.0,0
2025-06-07 15:00,504.8,6,1.0,0
2025-06-07 16:00,504.8,6,1.0,0
2025-06-07 17:00,504.8,6,1.0,0
2025-06-07 18:00,504.8,6,1.0,0
2025-06-07 19:00,504.8,6,1.0,0
2025-06-07 20:00,504.8,6,1.0,0
2025-06-07 21:00,504.8,6,1.0,0
2025-06-07 22:00,504.8,6,1.0,0
2025-06-07 23:00,504.8,6,1.0,0
2025-06-08 00:00,504.8,6,1.0,0
2025-06-08 01:00,504.8,6,1.0,0
2025-06-08 02:00,504.8,6,1.0,0
2025-06-08 03:00,504.8,6,1.0,0
2025-06-08 04:00,504.8,6,1.0,0
2025-06-08 05:00,504.8,6,1.0,0
2025-06-08 06:00,504.8,6,1.0,0
2025-06-08 07:00,504.8,6,1.0,0
2025-06-08 08:00,504.8,6,1.0,0
2025-06-08 09:00,504.8,6,1.0,0
2025-06-08 10:00,504.8,6,1.0,0
2025-06-08 11:00,504.8,6,1.0,0
2025-06-08 12:00,504.8,6,1.0,0
2025-06-08 13:00,504.8,6,1.0,0
2025-06-08 14:00,504.8,6,1.0,0
2025-06-08 15:00,504.8,6,1.0,0
2025-06-08 16:00,504.8,6,1.0,0
2025-06-08 17:00,504.8,6,1.0,0
2025-06-08 18:00,504.8,6,1.0,0
2025-06-08 19:00,504.8,6,1.0,0
2025-06-08 20:00,504.8,6,1.0,0
2025-06-08 21:00,504.8,6,1.0,0
2025-06-08 22:00,504.8,6,1.0,0
2025-06-08 23:00,504.8,6,1.0,0
2025-06-09 00:00,504.8,6,1.0,0
2025-06-09 01:00,504.8,6,1.0,0
2025-06-09 02:00,504.8,6,1.0,0
2025-06-09 03:00,504.8,6,1.0,0
2025-06-09 04:00,504.8,6,1.0,0
2025-06-09 05:00,504.8,6,1.0,0
2025-06-09 06:00,504.8,6,1.0,0
2025-06-09 07:00,504.8,6,1.0,0
2025-06-09 08:00,504.8,6,1.0,0
2025-06-09 09:00,504.8,6,1.0,0
2025-06-09 10:00,504.8,6,1.0,0
2025-06-09 11:00,504.8,6,1.0,0
2025-06-09 12:00,504.8,6,1.0,0
2025-06-09 13:00,504.8,6,1.0,0
2025-06-09 14:00,504.8,6,1.0,0
2025-06-09 15:00,504.8,6,1.0,0
2025-06-09 16:00,504.8,6,1.0,0
2025-06-09 17:00,504.8,6,1.0,0
2025-06-09 18:00,504.8,6,1.0,0
2025-06-09 19:00,504.8,6,1.0,0
2025-06-09 20:00,504.8,6,1.0,0
2025-06-09 21:00,504.8,6,1.0,0
2025-06-09 22:00,504.8,6,1.0,0
2025-06-09 23:00,504.8,6,1.0,0
2025-06-10 00:00,504.8,6,1.0,0
2025-06-10 01:00,504.8,6,1.0,0
2025-06-10 02:00,504.8,6,1.0,0
2025-06-10 03:00,504.8,6,1.0,0
2025-06-10 04:00,504.8,6,1.0,0
2025-06-10 05:00,504.8,6,1.0,0
2025-06-10 06:00,504.8,6,1.0,0
2025-06-10 07:00,504.8,6,1.0,0
2025-06-10 08:00,504.8,6,1.0,0
2025-06-10 09:00,504.8,6,1.0,0
2025-06-10 10:00,504.8,6,1.0,0
2025-06-10 11:00,504.8,6,1.0,0
2025-06-10 12:00,504.8,6,1.0,0
2025-06-10 13:00,504.8,6,1.0,0
2025-06-10 14:00,504.8,6,1.0,0
2025-06-10 15:00,504.8,6,1.0,0
2025-06-10 16:00,504.8,6,1.0,0
2025-06-10 17:00,504.8,6,1.0,0
2025-06-10 18:00,504.8,6,1.0,0
2025-06-10 19:00,504.8,6,1.0,0
2025-06-10 20:00,504.8,6,1.0,0
2025-06-10 21:00,504.8,6,1.0,0
2025-06-10 22:00,504.8,6,1.0,0
2025-06-10 23:00,504.8,6,1.0,0
2025-06-11 00:00,504.8,6,1.0,0
2025-06-11 01:00,504.8,6,1.0,0
2025-06-11 02:00,504.8,6,1.0,0
2025-06-11 03:00,504.8,6,1.0,0
2025-06-11 04:00,504.8,6,1.0,0
2025-06-11 05:00,504.8,6,1.0,0
2025-06-11 06:00,504.8,6,1.0,0
2025-06-11 07:00,504.8,6,1.0,0
2025-06-11 08:00,504.8,6,1.0,0
2025-06-11 09:00,504.8,6,1.0,0
2025-06-11 10:00,504.8,6,1.0,0
2025-06-11 11:00,504.8,6,1.0,0
2025-06-11 12:00,504.8,6,1.0,0
2025-06-11 13:00,504.8,6,1.0,0
2025-06-11 14:00,504.8,6,1.0,0
2025-06-11 15:00,504.8,6,1.0,0
2025-06-11 16:00,504.8,6,1.0,0
2025-06-11 17:00,504.8,6,1.0,0
2025-06-11 18:00,504.8,6,1.0,0
2025-06-11 19:00,504.8,6,1.0,0
2025-06-11 20:00,504.8,6,1.0,0
2025-06-11 21:00,504.8,6,1.0,0
2025-06-11 22:00,504.8,6,1.0,0
2025-06-11 23:00,504.8,6,1.0,0
2025-06-12 00:00,504.8,6,1.0,0
2025-06-12 01:00,504.8,6,1.0,0
2025-06-12 02:00,504.8,6,1.0,0
2025-06-12 03:00,504.8,6,1.0,0
2025-06-12 04:00,504.8,6,1.0,0
2025-06-12 05:00,504.8,6,1.0,0
2025-06-12 06:00,504.8,6,1.0,0
2025-06-12 07:00,504.8,6,1.0,0
2025-06-12 08:00,504.8,6,1.0,0
2025-06-12 09:00,504.8,6,1.0,0
2025-06-12 10:00,504.8,6,1.0,0
2025-06-12 11:00,504.8,6,1.0,0
2025-06-12 12:00,504.8,6,1.0,0
2025-06-12 13:00,504.8,6,1.0,0
2025-06-12 14:00,504.8,6,1.0,0
2025-06-12 15:00,504.8,6,1.0,0
2025-06-12 16:00,504.8,6,1.0,0
2025-06-12 17:00,504.8,6,1.0,0
2025-06-12 18:00,504.8,6,1.0,0
2025-06-12 19:00,504.8,6,1.0,0
2025-06-12 20:00,504.8,6,1.0,0
2025-06-12 21:00,504.8,6,1.0,0
2025-06-12 22:00,504.8,6,1.0,0
2025-06-12 23:00,504.8,6,1.0,0
2025-06-13 00:00,504.8,6,1.0,0
2025-06-13 01:00,504.8,6,1.0,0
2025-06-13 02:00,504.8,6,1.0,0
2025-06-13 03:00,504.8,6,1.0,0
2025-06-13 04:00,504.8,6,1.0,0
2025-06-13 05:00,504.8,6,1.0,0
2025-06-13 06:00,504.8,6,1.0,0
2025-06-13 07:00,504.8,6,1.0,0
2025-06-13 08:00,504.8,6,1.0,0
2025-06-13 09:00,504.8,6,1.0,0
2025-06-13 10:00,504.8,6,1.0,0
2025-06-13 11:00,504.8,6,1.0,0
2025-06-13 12:00,504.8,6,1.0,0
2025-06-13 13:00,504.8,6,1.0,0
2025-06-13 14:00,504.8,6,1.0,0
2025-06-13 15:00,504.8,6,1.0,0
2025-06-13 16:00,504.8,6,1.0,0
2025-06-13 17:00,504.8,6,1.0,0
2025-06-13 18:00,504.8,6,1.0,0
2025-06-13 19:00,504.8,6,1.0,0
2025-06-13 20:00,504.8,6,1.0,0
2025-06-13 21:00,504.8,6,1.0,0
2025-06-13 22:00,504.8,6,1.0,0
2025-06-13 23:00,504.8,6,1.0,0
2025-06-14 00:00,504.8,6,1.0,0
2025-06-14 01:00,504.8,6,1.0,0
2025-06-14 02:00,504.8,6,1.0,0
2025-06-14 03:00,504.8,6,1.0,0
2025-06-14 04:00,504.8,6,1.0,0
2025-06-14 05:00,504.8,6,1.0,0
2025-06-14 06:00,504.8,6,1.0,0
2025-06-14 07:00,504.8,6,1.0,0
2025-06-14 08:00,504.8,6,1.0,0
2025-06-14 09:00,504.8,6,1.0,0
2025-06-14 10:00,504.8,6,1.0,0
2025-06-14 11:00,504.8,6,1.0,0
2025-06-14 12:00,504.8,6,1.0,0
2025-06-14 13:00,504.8,6,1.0,0
2025-06-14 14:00,504.8,6,1.0,0
2025-06-14 15:00,504.8,6,1.0,0
2025-06-14 16:00,504.8,6,1.0,0
2025-06-14 17:00,504.8,6,1.0,0
2025-06-14 18:00,504.8,6,1.0,0
2025-06-14 19:00,504.8,6,1.0,0
2025-06-14 20:00,504.8,6,1.0,0
2025-06-14 21:00,504.8,6,1.0,0
2025-06-14 22:00,504.8,6,1.0,0
2025-06-14 23:00,504.8,6,1.0,0
2025-06-15 00:00,504.8,6,1.0,0
2025-06-15 01:00,504.8,6,1.0,0
2025-06-15 02:00,504.8,6,1.0,0
2025-06-15 03:00,504.8,6,1.0,0
2025-06-15 04:00,504.8,6,1.0,0
2025-06-15 05:00,504.8,6,1.0,0
2025-06-15 06:00,504.8,6,1.0,0
2025-06-15 07:00,504.8,6,1.0,0
2025-06-15 08:00,504.8,6,1.0,0
2025-06-15 09:00,504.8,6,1.0,0
2025-06-15 10:00,504.8,6,1.0,0
2025-06-15 11:00,504.8,6,1.0,0
2025-06-15 12:00,504.8,6,1.0,0
2025-06-15 13:00,504.8,6,1.0,0
2025-06-15 14:00,504.8,6,1.0,0
2025-06-15 15:00,504.8,6,1.0,0
2025-06-15 16:00,504.8,6,1.0,0
2025-06-15 17:00,504.8,6,1.0,0
2025-06-15 18:00,504.8,6,1.0,0
2025-06-15 19:00,504.8,6,1.0,0
2025-06-15 20:00,504.8,6,1.0,0
2025-06-15 21:00,504.8,6,1.0,0
2025-06-15 22:00,504.8,6,1.0,0
2025-06-15 23:00,504.8,6,1.0,0
2025-06-16 00:00,504.8,6,1.0,0
2025-06-16 01:00,504.8,6,1.0,0
2025-06-16 02:00,504.8,6,1.0,0
2025-06-16 03:00,504.8,6,1.0,0
2025-06-16 04:00,504.8,6,1.0,0
2025-06-16 05:00,504.8,6,1.0,0
2025-06-16 06:00,504.8,6,1.0,0
2025-06-16 07:00,504.8,6,1.0,0
2025-06-16 08:00,504.8,6,1.0,0
2025-06-16 09:00,504.8,6,1.0,0
2025-06-16 10:00,504.8,6,1.0,0
2025-06-16 11:00,504.8,6,1.0,0
2025-06-16 12:00,504.8,6,1.0,0
2025-06-16 13:00,504.8,6,1.0,0
2025-06-16 14:00,504.8,6,1.0,0
2025-06-16 15:00,504.8,6,1.0,0
2025-06-16 16:00,504.8,6,1.0,0
2025-06-16 17:00,504.8,6,1.0,0
2025-06-16 18:00,504.8,6,1.0,0
2025-06-16 19:00,504.8,6,1.0,0
2025-06-16 20:00,504.8,6,1.0,0
2025-06-16 21:00,504.8,6,1.0,0
2025-06-16 22:00,504.8,6,1.0,0
2025-06-16 23:00,504.8,6,1.0,0
2025-06-17 00:00,504.8,6,1.0,0
2025-06-17 01:00,504.8,6,1.0,0
2025-06-17 02:00,504.8,6,1.0,0
2025-06-17 03:00,504.8,6,1.0,0
2025-06-17 04:00,504.8,6,1.0,0
2025-06-17 05:00,504.8,6,1.0,0
2025-06-17 06:00,504.8,6,1.0,0
2025-06-17 07:00,504.8,6,1.0,0
2025-06-17 08:00,504.8,6,1.0,0
2025-06-17 09:00,504.8,6,1.0,0
2025-06-17 10:00,504.8,6,1.0,0
2025-06-17 11:00,504.8,6,1.0,0
2025-06-17 12:00,504.8,6,1.0,0
2025-06-17 13:00,504.8,6,1.0,0
2025-06-17 14:00,504.8,6,1.0,0
2025-06-17 15:00,504.8,6,1.0,0
2025-06-17 16:00,504.8,6,1.0,0
2025-06-17 17:00,504.8,6,1.0,0
2025-06-17 18:00,504.8,6,1.0,0
2025-06-17 19:00,504.8,6,1.0,0
2025-06-17 20:00,504.8,6,1.0,0
2025-06-17 21:00,504.8,6,1.0,0
2025-06-17 22:00,504.8,6,1.0,0
2025-06-17 23:00,504.8,6,1.0,0
2025-06-18 00:00,504.8,6,1.0,0
2025-06-18 01:00,504.8,6,1.0,0
2025-06-18 02:00,504.8,6,1.0,0
2025-06-18 03:00,504.8,6,1.0,0
2025-06-18 04:00,504.8,6,1.0,0
2025-06-18 05:00,504.8,6,1.0,0
2025-06-18 06:00,504.8,6,1.0,0
2025-06-18 07:00,505.0,6,1.0,0
2025-06-18 08:00,505.6,6,1.0,0
2025-06-18 09:00,508.4,6,1.0,0
2025-06-18 10:00,508.4,6,1.0,0
2025-06-18 11:00,509.4,6,1.0,0
2025-06-18 12:00,509.4,6,1.0,0
2025-06-18 13:00,509.4,6,1.0,0
2025-06-18 14:00,509.4,6,1.0,0
2025-06-18 15:00,509.4,6,1.0,0
2025-06-18 16:00,509.4,6,1.0,0
2025-06-18 17:00,509.4,6,1.0,0
2025-06-18 18:00,509.4,6,1.0,0
2025-06-18 19:00,509.4,6,1.0,0
2025-06-18 20:00,509.4,6,1.0,0
2025-06-18 21:00,509.4,6,1.0,0
2025-06-18 22:00,509.4,6,1.0,0
2025-06-18 23:00,509.4,6,1.0,0
2025-06-19 00:00,509.4,6,1.0,0
2025-06-19 01:00,509.4,6,1.0,0
2025-06-19 02:00,509.4,6,1.0,0
2025-06-19 03:00,509.4,6,1.0,0
2025-06-19 04:00,509.4,6,1.0,0
2025-06-19 05:00,509.4,6,1.0,0
2025-06-19 06:00,509.4,6,1.0,0
2025-06-19 07:00,509.4,6,1.0,0
2025-06-19 08:00,509.4,6,1.0,0
2025-06-19 09:00,509.4,6,1.0,0
2025-06-19 10:00,509.4,6,1.0,0
2025-06-19 11:00,509.4,6,1.0,0
2025-06-19 12:00,509.4,6,1.0,0
2025-06-19 13:00,509.4,6,1.0,0
2025-06-19 14:00,509.4,6,1.0,0
2025-06-19 15:00,509.4,6,1.0,0
2025-06-19 16:00,509.4,6,1.0,0
2025-06-19 17:00,509.4,6,1.0,0
2025-06-19 18:00,509.4,6,1.0,0
2025-06-19 19:00,509.4,6,1.0,0
2025-06-19 20:00,509.4,6,1.0,0
2025-06-19 21:00,509.4,6,1.0,0
2025-06-19 22:00,509.4,6,1.0,0
2025-06-19 23:00,509.4,6,1.0,0
2025-06-20 00:00,509.4,6,1.0,0
2025-06-20 01:00,509.4,6,1.0,0
2025-06-20 02:00,509.4,6,1.0,0
2025-06-20 03:00,509.4,6,1.0,0
2025-06-20 04:00,509.4,6,1.0,0
2025-06-20 05:00,509.4,6,1.0,0
2025-06-20 06:00,509.4,6,1.0,0
2025-06-20 07:00,509.4,6,1.0,0
2025-06-20 08:00,509.4,6,1.0,0
2025-06-20 09:00,509.4,6,1.0,0
2025-06-20 10:00,509.4,6,1.0,0
2025-06-20 11:00,509.4,6,1.0,0
2025-06-20 12:00,509.4,6,1.0,0
2025-06-20 13:00,509.4,6,1.0,0
2025-06-20 14:00,509.4,6,1.0,0
2025-06-20 15:00,509.4,6,1.0,0
2025-06-20 16:00,509.4,6,1.0,0
2025-06-20 17:00,509.4,6,1.0,0
2025-06-20 18:00,509.4,6,1.0,0
2025-06-20 19:00,509.4,6,1.0,0
2025-06-20 20:00,509.4,6,1.0,0
2025-06-20 21:00,509.4,6,1.0,0
2025-06-20 22:00,509.4,6,1.0,0
2025-06-20 23:00,509.4,6,1.0,0
2025-06-21 00:00,509.4,6,1.0,0
2025-06-21 01:00,509.4,6,1.0,0
2025-06-21 02:00,509.4,6,1.0,0
2025-06-21 03:00,509.4,6,1.0,0
2025-06-21 04:00,509.4,6,1.0,0
2025-06-21 05:00,509.4,6,1.0,0
2025-06-21 06:00,509.4,6,1.0,0
2025-06-21 07:00,509.4,6,1.0,0
2025-06-21 08:00,509.4,6,1.0,0
2025-06-21 09:00,509.4,6,1.0,0
2025-06-21 10:00,509.4,6,1.0,0
2025-06-21 11:00,509.4,6,1.0,0
2025-06-21 12:00,509.4,6,1.0,0
2025-06-21 13:00,509.4,6,1.0,0
2025-06-21 14:00,509.4,6,1.0,0
2025-06-21 15:00,509.4,6,1.0,0
2025-06-21 16:00,509.4,6,1.0,0
2025-06-21 17:00,509.4,6,1.0,0
2025-06-21 18:00,509.4,6,1.0,0
2025-06-21 19:00,509.4,6,1.0,0
2025-06-21 20:00,509.4,6,1.0,0
2025-06-21 21:00,509.4,6,1.0,0
2025-06-21 22:00,509.4,6,1.0,0
2025-06-21 23:00,509.4,6,1.0,0
2025-06-22 00:00,509.4,6,1.0,0
2025-06-22 01:00,509.4,6,1.0,0
2025-06-22 02:00,509.4,6,1.0,0
2025-06-22 03:00,509.4,6,1.0,0
2025-06-22 04:00,509.4,6,1.0,0
2025-06-22 05:00,509.4,6,1.0,0
2025-06-22 06:00,509.4,6,1.0,0
2025-06-22 07:00,509.4,6,1.0,0
2025-06-22 08:00,509.4,6,1.0,0
2025-06-22 09:00,509.4,6,1.0,0
2025-06-22 10:00,509.4,6,1.0,0
2025-06-22 11:00,509.4,6,1.0,0
2025-06-22 12:00,509.4,6,1.0,0
2025-06-22 13:00,509.4,6,1.0,0
2025-06-22 14:00,509.4,6,1.0,0
2025-06-22 15:00,509.4,6,1.0,0
2025-06-22 16:00,509.4,6,1.0,0
2025-06-22 17:00,509.4,6,1.0,0
2025-06-22 18:00,509.4,6,1.0,0
2025-06-22 19:00,509.4,6,1.0,0
2025-06-22 20:00,509.4,6,1.0,0
2025-06-22 21:00,509.4,6,1.0,0
2025-06-22 22:00,509.4,6,1.0,0
2025-06-22 23:00,509.4,6,1.0,0
2025-06-23 00:00,509.4,6,1.0,0
2025-06-23 01:00,509.4,6,1.0,0
2025-06-23 02:00,509.4,6,1.0,0
2025-06-23 03:00,509.4,6,1.0,0
2025-06-23 04:00,509.4,6,1.0,0
2025-06-23 05:00,509.4,6,1.0,0
2025-06-23 06:00,509.4,6,1.0,0
2025-06-23 07:00,509.4,6,1.0,0
2025-06-23 08:00,509.4,6,1.0,0
2025-06-23 09:00,509.4,6,1.0,0
2025-06-23 10:00,509.4,6,1.0,0
2025-06-23 11:00,509.4,6,1.0,0
2025-06-23 12:00,509.4,6,1.0,0
2025-06-23 13:00,509.4,6,1.0,0
2025-06-23 14:00,509.4,6,1.0,0
2025-06-23 15:00,509.4,6,1.0,0
2025-06-23 16:00,509.4,6,1.0,0
2025-06-23 17:00,509.4,6,1.0,0
2025-06-23 18:00,509.4,6,1.0,0
2025-06-23 19:00,509.4,6,1.0,0
2025-06-23 20:00,509.4,6,1.0,0
2025-06-23 21:00,509.4,6,1.0,0
2025-06-23 22:00,509.4,6,1.0,0
2025-06-23 23:00,509.4,6,1.0,0
2025-06-24 00:00,509.4,6,1.0,0
2025-06-24 01:00,509.4,6,1.0,0
2025-06-24 02:00,509.4,6,1.0,0
2025-06-24 03:00,509.4,6,1.0,0
2025-06-24 04:00,509.4,6,1.0,0
2025-06-24 05:00,509.4,6,1.0,0
2025-06-24 06:00,509.4,6,1.0,0
2025-06-24 07:00,509.4,6,1.0,0
2025-06-24 08:00,509.4,6,1.0,0
2025-06-24 09:00,509.4,6,1.0,0
2025-06-24 10:00,509.4,6,1.0,0
2025-06-24 11:00,509.4,6,1.0,0
2025-06-24 12:00,509.4,6,1.0,0
2025-06-24 13:00,509.4,6,1.0,0
2025-06-24 14:00,509.4,6,1.0,0
2025-06-24 15:00,509.4,6,1.0,0
2025-06-24 16:00,509.4,6,1.0,0
2025-06-24 17:00,509.4,6,1.0,0
2025-06-24 18:00,509.4,6,1.0,0
2025-06-24 19:00,509.4,6,1.0,0
2025-06-24 20:00,509.4,6,1.0,0
2025-06-24 21:00,509.4,6,1.0,0
2025-06-24 22:00,509.4,6,1.0,0
2025-06-24 23:00,509.4,6,1.0,0
2025-06-25 00:00,509.4,6,1.0,0
2025-06-25 01:00,509.4,6,1.0,0
2025-06-25 02:00,509.4,6,1.0,0
2025-06-25 03:00,509.4,6,1.0,0
2025-06-25 04:00,509.4,6,1.0,0
2025-06-25 05:00,509.4,6,1.0,0
2025-06-25 06:00,509.4,6,1.0,0
2025-06-25 07:00,509.4,6,1.0,0
2025-06-25 08:00,509.4,6,1.0,0
2025-06-25 09:00,509.4,6,1.0,0
2025-06-25 10:00,509.4,6,1.0,0
2025-06-25 11:00,509.4,6,1.0,0
2025-06-25 12:00,509.4,6,1.0,0
2025-06-25 13:00,509.4,6,1.0,0
2025-06-25 14:00,509.4,6,1.0,0
2025-06-25 15:00,509.4,6,1.0,0
2025-06-25 16:00,509.4,6,1.0,0
2025-06-25 17:00,509.4,6,1.0,0
2025-06-25 18:00,509.4,6,1.0,0
2025-06-25 19:00,509.4,6,1.0,0
2025-06-25 20:00,509.4,6,1.0,0
2025-06-25 21:00,509.4,6,1.0,0
2025-06-25 22:00,509.4,6,1.0,0
2025-06-25 23:00,509.4,6,1.0,0
2025-06-26 00:00,509.4,6,1.0,0
2025-06-26 01:00,509.4,6,1.0,0
2025-06-26 02:00,509.4,6,1.0,0
2025-06-26 03:00,509.4,6,1.0,0
2025-06-26 04:00,509.4,6,1.0,0
2025-06-26 05:00,509.4,6,1.0,0
2025-06-26 06:00,509.4,6,1.0,0
2025-06-26 07:00,509.4,6,1.0,0
2025-06-26 08:00,509.4,6,1.0,0
2025-06-26 09:00,509.4,6,1.0,0
2025-06-26 10:00,509.4,6,1.0,0
2025-06-26 11:00,509.4,6,1.0,0
2025-06-26 12:00,509.4,6,1.0,0
2025-06-26 13:00,509.4,6,1.0,0
2025-06-26 14:00,509.4,6,1.0,0
2025-06-26 15:00,509.4,6,1.0,0
2025-06-26 16:00,509.4,6,1.0,0
2025-06-26 17:00,509.4,6,1.0,0
2025-06-26 18:00,509.4,6,1.0,0
2025-06-26 19:00,509.4,6,1.0,0
2025-06-26 20:00,509.4,6,1.0,0
2025-06-26 21:00,509.4,6,1.0,0
2025-06-26 22:00,509.4,6,1.0,0
2025-06-26 23:00,509.4,6,1.0,0
2025-06-27 00:00,509.4,6,1.0,0
2025-06-27 01:00,509.4,6,1.0,0
2025-06-27 02:00,509.4,6,1.0,0
2025-06-27 03:00,509.4,6,1.0,0
2025-06-27 04:00,509.4,6,1.0,0
2025-06-27 05:00,509.4,6,1.0,0
2025-06-27 06:00,509.4,6,1.0,0
2025-06-27 07:00,509.4,6,1.0,0
2025-06-27 08:00,509.4,6,1.0,0
2025-06-27 09:00,509.4,6,1.0,0
2025-06-27 10:00,509.4,6,1.0,0
2025-06-27 11:00,509.4,6,1.0,0
2025-06-27 12:00,509.4,6,1.0,0
2025-06-27 13:00,509.4,6,1.0,0
2025-06-27 14:00,509.4,6,1.0,0
2025-06-27 15:00,509.4,6,1.0,0
2025-06-27 16:00,509.4,6,1.0,0
2025-06-27 17:00,509.4,6,1.0,0
2025-06-27 18:00,509.4,6,1.0,0
2025-06-27 19:00,509.4,6,1.0,0
2025-06-27 20:00,509.4,6,1.0,0
2025-06-27 21:00,509.4,6,1.0,0
2025-06-27 22:00,509.4,6,1.0,0
2025-06-27 23:00,509.4,6,1.0,0
2025-06-28 00:00,509.4,6,1.0,0
2025-06-28 01:00,509.4,6,1.0,0
2025-06-28 02:00,509.4,6,1.0,0
2025-06-28 03:00,509.4,6,1.0,0
2025-06-28 04:00,509.4,6,1.0,0
2025-06-28 05:00,509.4,6,1.0,0
2025-06-28 06:00,509.4,6,1.0,0
2025-06-28 07:00,509.4,6,1.0,0
2025-06-28 08:00,509.4,6,1.0,0
2025-06-28 09:00,509.4,6,1.0,0
2025-06-28 10:00,509.4,6,1.0,0
2025-06-28 11:00,509.4,6,1.0,0
2025-06-28 12:00,509.4,6,1.0,0
2025-06-28 13:00,509.4,6,1.0,0
2025-06-28 14:00,509.4,6,1.0,0
2025-06-28 15:00,509.4,6,1.0,0
2025-06-28 16:00,509.4,6,1.0,0
2025-06-28 17:00,509.4,6,1.0,0
2025-06-28 18:00,509.4,6,1.0,0
2025-06-28 19:00,509.4,6,1.0,0
2025-06-28 20:00,509.4,6,1.0,0
2025-06-28 21:00,509.4,6,1.0,0
2025-06-28 22:00,509.4,6,1.0,0
2025-06-28 23:00,509.4,6,1.0,0
2025-06-29 00:00,509.4,6,1.0,0
2025-06-29 01:00,509.4,6,1.0,0
2025-06-29 02:00,509.4,6,1.0,0
2025-06-29 03:00,509.4,6,1.0,0
2025-06-29 04:00,509.4,6,1.0,0
2025-06-29 05:00,509.4,6,1.0,0
2025-06-29 06:00,509.4,6,1.0,0
2025-06-29 07:00,509.4,6,1.0,0
2025-06-29 08:00,509.4,6,1.0,0
2025-06-29 09:00,509.4,6,1.0,0
2025-06-29 10:00,509.4,6,1.0,0
2025-06-29 11:00,509.4,6,1.0,0
2025-06-29 12:00,509.4,6,1.0,0
2025-06-29 13:00,509.4,6,1.0,0
2025-06-29 14:00,509.4,6,1.0,0
2025-06-29 15:00,509.4,6,1.0,0
2025-06-29 16:00,509.4,6,1.0,0
2025-06-29 17:00,509.4,6,1.0,0
2025-06-29 18:00,509.4,6,1.0,0
2025-06-29 19:00,509.4,6,1.0,0
2025-06-29 20:00,509.4,6,1.0,0
2025-06-29 21:00,509.4,6,1.0,0
2025-06-29 22:00,509.4,6,1.0,0
2025-06-29 23:00,509.4,6,1.0,0
2025-06-30 00:00,509.4,6,1.0,0
2025-06-30 01:00,509.4,6,1.0,0
2025-06-30 02:00,509.4,6,1.0,0
2025-06-30 03:00,509.4,6,1.0,0
2025-06-30 04:00,509.4,6,1.0,0
2025-06-30 05:00,509.4,6,1.0,0
2025-06-30 06:00,509.4,6,1.0,0
2025-06-30 07:00,509.4,6,1.0,0
2025-06-30 08:00,509.4,6,1.0,0
2025-06-30 09:00,509.4,6,1.0,0
2025-06-30 10:00,509.4,6,1.0,0
2025-06-30 11:00,509.4,6,1.0,0
2025-06-30 12:00,509.4,6,1.0,0
2025-06-30 13:00,509.4,6,1.0,0
2025-06-30 14:00,509.4,6,1.0,0
2025-06-30 15:00,509.4,6,1.0,0
2025-06-30 16:00,509.4,6,1.0,0
2025-06-30 17:00,509.4,6,1.0,0
2025-06-30 18:00,509.4,6,1.0,0
2025-06-30 19:00,509.4,6,1.0,0
2025-06-30 20:00,509.4,6,1.0,0
2025-06-30 21:00,509.4,6,1.0,0
2025-06-30 22:00,509.4,6,1.0,0
2025-06-30 23:00,509.4,6,1.0,0
2025-07-01 00:00,509.4,6,1.0,0
2025-07-01 01:00,509.4,6,1.0,0
2025-07-01 02:00,509.4,6,1.0,0
2025-07-01 03:00,509.4,6,1.0,0
2025-07-01 04:00,509.4,6,1.0,0
2025-07-01 05:00,509.4,6,1.0,0
2025-07-01 06:00,509.4,6,1.0,0
2025-07-01 07:00,509.4,6,1.0,0
2025-07-01 08:00,509.4,6,1.0,0
2025-07-01 09:00,509.4,6,1.0,0
2025-07-01 10:00,509.4,6,1.0,0
2025-07-01 11:00,509.4,6,1.0,0
2025-07-01 12:00,509.4,6,1.0,0
2025-07-01 13:00,509.4,6,1.0,0
2025-07-01 14:00,509.4,6,1.0,0
2025-07-01 15:00,509.4,6,1.0,0
2025-07-01 16:00,509.4,6,1.0,0
2025-07-01 17:00,509.4,6,1.0,0
2025-07-01 18:00,509.4,6,1.0,0
2025-07-01 19:00,509.4,6,1.0,0
2025-07-01 20:00,509.4,6,1.0,0
2025-07-01 21:00,509.4,6,1.0,0
2025-07-01 22:00,509.4,6,1.0,0
2025-07-01 23:00,509.4,6,1.0,0
2025-07-02 00:00,509.4,6,1.0,0
2025-07-02 01:00,509.4,6,1.0,0
2025-07-02 02:00,509.4,6,1.0,0
2025-07-02 03:00,509.4,6,1.0,0
2025-07-02 04:00,509.4,6,1.0,0
2025-07-02 05:00,509.4,6,1.0,0
2025-07-02 06:00,509.4,6,1.0,0
2025-07-02 07:00,509.4,6,1.0,0
2025-07-02 08:00,509.4,6,1.0,0
2025-07-02 09:00,509.4,6,1.0,0
2025-07-02 10:00,509.4,6,1.0,0
2025-07-02 11:00,509.4,6,1.0,0
2025-07-02 12:00,509.4,6,1.0,0
2025-07-02 13:00,509.4,6,1.0,0
2025-07-02 14:00,509.4,6,1.0,0
2025-07-02 15:00,509.4,6,1.0,0
2025-07-02 16:00,509.4,6,1.0,0
2025-07-02 17:00,509.4,6,1.0,0
2025-07-02 18:00,509.4,6,1.0,0
2025-07-02 19:00,509.4,6,1.0,0
2025-07-02 20:00,509.4,6,1.0,0
2025-07-02 21:00,509.4,6,1.0,0
2025-07-02 22:00,509.4,6,1.0,0
2025-07-02 23:00,509.4,6,1.0,0
2025-07-03 00:00,509.4,6,1.0,0
2025-07-03 01:00,509.4,6,1.0,0
2025-07-03 02:00,509.4,6,1.0,0
2025-07-03 03:00,509.4,6,1.0,0
2025-07-03 04:00,509.4,6,1.0,0
2025-07-03 05:00,509.4,6,1.0,0
2025-07-03 06:00,509.4,6,1.0,0
2025-07-03 07:00,509.4,6,1.0,0
2025-07-03 08:00,509.4,6,1.0,0
2025-07-03 09:00,509.4,6,1.0,0
2025-07-03 10:00,509.4,6,1.0,0
2025-07-03 11:00,509.4,6,1.0,0
2025-07-03 12:00,509.4,6,1.0,0
2025-07-03 13:00,509.4,6,1.0,0
2025-07-03 14:00,509.4,6,1.0,0
2025-07-03 15:00,509.4,6,1.0,0
2025-07-03 16:00,509.4,6,1.0,0
2025-07-03 17:00,509.4,6,1.0,0
2025-07-03 18:00,509.4,6,1.0,0
2025-07-03 19:00,509.4,6,1.0,0
2025-07-03 20:00,509.4,6,1.0,0
2025-07-03 21:00,509.4,6,1.0,0
2025-07-03 22:00,509.4,6,1.0,0
2025-07-03 23:00,509.4,6,1.0,0
2025-07-04 00:00,509.4,6,1.0,0
2025-07-04 01:00,509.4,6,1.0,0
2025-07-04 02:00,509.4,6,1.0,0
2025-07-04 03:00,509.4,6,1.0,0
2025-07-04 04:00,509.4,6,1.0,0
2025-07-04 05:00,509.4,6,1.0,0
2025-07-04 06:00,509.4,6,1.0,0
2025-07-04 07:00,509.4,6,1.0,0
2025-07-04 08:00,509.4,6,1.0,0
2025-07-04 09:00,509.4,6,1.0,0
2025-07-04 10:00,509.4,6,1.0,0
2025-07-04 11:00,509.4,6,1.0,0
2025-07-04 12:00,509.4,6,1.0,0
2025-07-04 13:00,509.4,6,1.0,0
2025-07-04 14:00,509.4,6,1.0,0
2025-07-04 15:00,509.4,6,1.0,0
2025-07-04 16:00,509.4,6,1.0,0
2025-07-04 17:00,509.4,6,1.0,0
2025-07-04 18:00,509.4,6,1.0,0
2025-07-04 19:00,509.4,6,1.0,0
2025-07-04 20:00,509.4,6,1.0,0
2025-07-04 21:00,509.4,6,1.0,0
2025-07-04 22:00,509.4,6,1.0,0
2025-07-04 23:00,509.4,6,1.0,0
2025-07-05 00:00,509.4,6,1.0,0
2025-07-05 01:00,509.4,6,1.0,0
2025-07-05 02:00,509.4,6,1.0,0
2025-07-05 03:00,509.4,6,1.0,0
2025-07-05 04:00,509.4,6,1.0,0
2025-07-05 05:00,509.4,6,1.0,0
2025-07-05 06:00,509.4,6,1.0,0
2025-07-05 07:00,509.4,6,1.0,0
2025-07-05 08:00,509.4,6,1.0,0
2025-07-05 09:00,509.4,6,1.0,0
2025-07-05 10:00,509.4,6,1.0,0
2025-07-05 11:00,509.4,6,1.0,0
2025-07-05 12:00,509.4,6,1.0,0
2025-07-05 13:00,509.4,6,1.0,0
2025-07-05 14:00,509.4,6,1.0,0
2025-07-05 15:00,509.4,6,1.0,0
2025-07-05 16:00,509.4,6,1.0,0
2025-07-05 17:00,509.4,6,1.0,0
2025-07-05 18:00,509.4,6,1.0,0
2025-07-05 19:00,509.4,6,1.0,0
2025-07-05 20:00,509.4,6,1.0,0
2025-07-05 21:00,509.4,6,1.0,0
2025-07-05 22:00,509.4,6,1.0,0
2025-07-05 23:00,509.4,6,1.0,0
2025-07-06 00:00,509.4,6,1.0,0
2025-07-06 01:00,509.4,6,1.0,0
2025-07-06 02:00,509.4,6,1.0,0
2025-07-06 03:00,509.4,6,1.0,0
2025-07-06 04:00,509.4,6,1.0,0
2025-07-06 05:00,509.4,6,1.0,0
2025-07-06 06:00,509.4,6,1.0,0
2025-07-06 07:00,509.4,6,1.0,0
2025-07-06 08:00,509.4,6,1.0,0
2025-07-06 09:00,509.4,6,1.0,0
2025-07-06 10:00,509.4,6,1.0,0
2025-07-06 11:00,509.4,6,1.0,0
2025-07-06 12:00,509.4,6,1.0,0
2025-07-06 13:00,509.4,6,1.0,0
2025-07-06 14:00,509.4,6,1.0,0
2025-07-06 15:00,509.4,6,1.0,0
2025-07-06 16:00,509.4,6,1.0,0
2025-07-06 17:00,509.4,6,1.0,0
2025-07-06 18:00,509.4,6,1.0,0
2025-07-06 19:00,509.4,6,1.0,0
2025-07-06 20:00,509.4,6,1.0,0
2025-07-06 21:00,509.4,6,1.0,0
2025-07-06 22:00,509.4,6,1.0,0
2025-07-06 23:00,509.4,6,1.0,0
2025-07-07 00:00,509.4,6,1.0,0
2025-07-07 01:00,509.4,6,1.0,0
2025-07-07 02:00,509.4,6,1.0,0
2025-07-07 03:00,509.4,6,1.0,0
2025-07-07 04:00,509.4,6,1.0,0
2025-07-07 05:00,509.4,6,1.0,0
2025-07-07 06:00,509.4,6,1.0,0
2025-07-07 07:00,509.4,6,1.0,0
2025-07-07 08:00,509.4,6,1.0,0
2025-07-07 09:00,509.4,6,1.0,0
2025-07-07 10:00,513.8,6,1.0,0
2025-07-07 11:00,513.8,6,1.0,0
2025-07-07 12:00,513.8,6,1.0,0
2025-07-07 13:00,513.8,6,1.0,0
2025-07-07 14:00,513.8,6,1.0,0
2025-07-07 15:00,513.8,6,1.0,0
2025-07-07 16:00,513.8,6,1.0,0
2025-07-07 17:00,513.8,6,1.0,0
2025-07-07 18:00,513.8,6,1.0,0
2025-07-07 19:00,513.8,6,1.0,0
2025-07-07 20:00,513.8,6,1.0,0
2025-07-07 21:00,513.8,6,1.0,0
2025-07-07 22:00,513.8,6,1.0,0
2025-07-07 23:00,513.8,6,1.0,0
2025-07-08 00:00,513.8,6,1.0,0
2025-07-08 01:00,513.8,6,1.0,0
2025-07-08 02:00,513.8,6,1.0,0
2025-07-08 03:00,513.8,6,1.0,0
2025-07-08 04:00,517.0,6,1.0,0
2025-07-08 05:00,517.0,6,1.0,0
2025-07-08 06:00,517.0,6,1.0,0
2025-07-08 07:00,518.0,6,1.0,0
2025-07-08 08:00,518.0,6,1.0,0
2025-07-08 09:00,518.0,6,1.0,0
2025-07-08 10:00,518.0,6,1.0,0
2025-07-08 11:00,518.0,6,1.0,0
2025-07-08 12:00,518.0,6,1.0,0
2025-07-08 13:00,518.0,6,1.0,0
2025-07-08 14:00,518.0,6,1.0,0
2025-07-08 15:00,518.0,6,1.0,0
2025-07-08 16:00,518.0,6,1.0,0
2025-07-08 17:00,518.0,6,1.0,0
2025-07-08 18:00,518.0,6,1.0,0
2025-07-08 19:00,518.0,6,1.0,0
2025-07-08 20:00,518.0,6,1.0,0
2025-07-08 21:00,518.0,6,1.0,0
2025-07-08 22:00,518.0,6,1.0,0
2025-07-08 23:00,518.0,6,1.0,0
2025-07-09 00:00,518.0,6,1.0,0
2025-07-09 01:00,518.0,6,1.0,0
2025-07-09 02:00,518.0,6,1.0,0
2025-07-09 03:00,518.0,6,1.0,0
2025-07-09 04:00,518.0,6,1.0,0
2025-07-09 05:00,518.0,6,1.0,0
2025-07-09 06:00,518.0,6,1.0,0
2025-07-09 07:00,518.0,6,1.0,0
2025-07-09 08:00,518.0,6,1.0,0
2025-07-09 09:00,518.0,6,1.0,0
2025-07-09 10:00,518.0,6,1.0,0
2025-07-09 11:00,518.0,6,1.0,0
2025-07-09 12:00,518.0,6,1.0,0
2025-07-09 13:00,518.0,6,1.0,0
2025-07-09 14:00,518.0,6,1.0,0
2025-07-09 15:00,518.0,6,1.0,0
2025-07-09 16:00,518.0,6,1.0,0
2025-07-09 17:00,518.0,6,1.0,0
2025-07-09 18:00,518.0,6,1.0,0
2025-07-09 19:00,518.0,6,1.0,0
2025-07-09 20:00,518.0,6,1.0,0
2025-07-09 21:00,518.0,6,1.0,0
2025-07-09 22:00,518.0,6,1.0,0
2025-07-09 23:00,518.0,6,1.0,0
2025-07-10 00:00,518.0,6,1.0,0
2025-07-10 01:00,518.0,6,1.0,0
2025-07-10 02:00,518.0,6,1.0,0
2025-07-10 03:00,518.0,6,1.0,0
2025-07-10 04:00,518.0,6,1.0,0
2025-07-10 05:00,518.0,6,1.0,0
2025-07-10 06:00,518.0,6,1.0,0
2025-07-10 07:00,518.0,6,1.0,0
2025-07-10 08:00,518.0,6,1.0,0
2025-07-10 09:00,518.0,6,1.0,0
2025-07-10 10:00,518.0,6,1.0,0
2025-07-10 11:00,518.0,6,1.0,0
2025-07-10 12:00,518.0,6,1.0,0
2025-07-10 13:00,518.0,6,1.0,0
2025-07-10 14:00,518.0,6,1.0,0
2025-07-10 15:00,518.0,6,1.0,0
2025-07-10 16:00,518.0,6,1.0,0
2025-07-10 17:00,518.0,6,1.0,0
2025-07-10 18:00,518.0,6,1.0,0
2025-07-10 19:00,518.0,6,1.0,0
2025-07-10 20:00,518.0,6,1.0,0
2025-07-10 21:00,518.0,6,1.0,0
2025-07-10 22:00,518.0,6,1.0,0
2025-07-10 23:00,518.0,6,1.0,0
2025-07-11 00:00,518.0,6,1.0,0
2025-07-11 01:00,518.0,6,1.0,0
2025-07-11 02:00,518.0,6,1.0,0
2025-07-11 03:00,518.0,6,1.0,0
2025-07-11 04:00,518.0,6,1.0,0
2025-07-11 05:00,518.0,6,1.0,0
2025-07-11 06:00,518.0,6,1.0,0
2025-07-11 07:00,518.0,6,1.0,0
2025-07-11 08:00,518.0,6,1.0,0
2025-07-11 09:00,518.0,6,1.0,0
2025-07-11 10:00,518.0,6,1.0,0
2025-07-11 11:00,518.0,6,1.0,0
2025-07-11 12:00,518.0,6,1.0,0
2025-07-11 13:00,518.0,6,1.0,0
2025-07-11 14:00,518.0,6,1.0,0
2025-07-11 15:00,518.0,6,1.0,0
2025-07-11 16:00,518.0,6,1.0,0
2025-07-11 17:00,518.0,6,1.0,0
2025-07-11 18:00,518.0,6,1.0,0
2025-07-11 19:00,518.0,6,1.0,0
2025-07-11 20:00,518.0,6,1.0,0
2025-07-11 21:00,518.0,6,1.0,0
2025-07-11 22:00,518.0,6,1.0,0
2025-07-11 23:00,518.0,6,1.0,0
2025-07-12 00:00,518.0,6,1.0,0
2025-07-12 01:00,518.0,6,1.0,0
2025-07-12 02:00,518.0,6,1.0,0
2025-07-12 03:00,518.0,6,1.0,0
2025-07-12 04:00,518.0,6,1.0,0
2025-07-12 05:00,518.0,6,1.0,0
2025-07-12 06:00,518.0,6,1.0,0
2025-07-12 07:00,518.0,6,1.0,0
2025-07-12 08:00,518.0,6,1.0,0
2025-07-12 09:00,518.0,6,1.0,0
2025-07-12 10:00,518.0,6,1.0,0
2025-07-12 11:00,518.0,6,1.0,0
2025-07-12 12:00,518.0,6,1.0,0
2025-07-12 13:00,518.0,6,1.0,0
2025-07-12 14:00,518.0,6,1.0,0
2025-07-12 15:00,518.0,6,1.0,0
2025-07-12 16:00,518.0,6,1.0,0
2025-07-12 17:00,518.0,6,1.0,0
2025-07-12 18:00,518.0,6,1.0,0
2025-07-12 19:00,518.0,6,1.0,0
2025-07-12 20:00,518.0,6,1.0,0
2025-07-12 21:00,518.0,6,1.0,0
2025-07-12 22:00,518.0,6,1.0,0
2025-07-12 23:00,518.0,6,1.0,0
2025-07-13 00:00,518.0,6,1.0,0
2025-07-13 01:00,518.0,6,1.0,0
2025-07-13 02:00,518.0,6,1.0,0
2025-07-13 03:00,518.0,6,1.0,0
2025-07-13 04:00,518.0,6,1.0,0
2025-07-13 05:00,518.0,6,1.0,0
2025-07-13 06:00,518.0,6,1.0,0
2025-07-13 07:00,518.0,6,1.0,0
2025-07-13 08:00,518.0,6,1.0,0
2025-07-13 09:00,518.0,6,1.0,0
2025-07-13 10:00,518.0,6,1.0,0
2025-07-13 11:00,518.0,6,1.0,0
2025-07-13 12:00,518.0,6,1.0,0
2025-07-13 13:00,518.0,6,1.0,0
2025-07-13 14:00,518.0,6,1.0,0
2025-07-13 15:00,518.0,6,1.0,0
2025-07-13 16:00,518.0,6,1.0,0
2025-07-13 17:00,518.0,6,1.0,0
2025-07-13 18:00,518.0,6,1.0,0
2025-07-13 19:00,518.0,6,1.0,0
2025-07-13 20:00,518.0,6,1.0,0
2025-07-13 21:00,518.0,6,1.0,0
2025-07-13 22:00,518.0,6,1.0,0
2025-07-13 23:00,518.0,6,1.0,0
2025-07-14 00:00,518.0,6,1.0,0
2025-07-14 01:00,518.0,6,1.0,0
2025-07-14 02:00,518.0,6,1.0,0
2025-07-14 03:00,518.0,6,1.0,0
2025-07-14 04:00,518.0,6,1.0,0
2025-07-14 05:00,518.0,6,1.0,0
2025-07-14 06:00,518.0,6,1.0,0
2025-07-14 07:00,518.0,6,1.0,0
2025-07-14 08:00,518.0,6,1.0,0
2025-07-14 09:00,518.0,6,1.0,0
2025-07-14 10:00,518.0,6,1.0,0
2025-07-14 11:00,518.0,6,1.0,0
2025-07-14 12:00,518.0,6,1.0,0
2025-07-14 13:00,518.0,6,1.0,0
2025-07-14 14:00,518.0,6,1.0,0
2025-07-14 15:00,518.0,6,1.0,0
2025-07-14 16:00,518.0,6,1.0,0
2025-07-14 17:00,518.0,6,1.0,0
2025-07-14 18:00,518.0,6,1.0,0
2025-07-14 19:00,518.0,6,1.0,0
2025-07-14 20:00,518.0,6,1.0,0
2025-07-14 21:00,518.0,6,1.0,0
2025-07-14 22:00,518.0,6,1.0,0
2025-07-14 23:00,518.0,6,1.0,0
2025-07-15 00:00,518.0,6,1.0,0
2025-07-15 01:00,518.0,6,1.0,0
2025-07-15 02:00,518.0,6,1.0,0
2025-07-15 03:00,518.0,6,1.0,0
2025-07-15 04:00,518.0,6,1.0,0
2025-07-15 05:00,518.0,6,1.0,0
2025-07-15 06:00,518.0,6,1.0,0
2025-07-15 07:00,518.0,6,1.0,0
2025-07-15 08:00,518.0,6,1.0,0
2025-07-15 09:00,518.0,6,1.0,0
2025-07-15 10:00,518.0,6,1.0,0
2025-07-15 11:00,518.0,6,1.0,0
2025-07-15 12:00,518.0,6,1.0,0
2025-07-15 13:00,518.0,6,1.0,0
2025-07-15 14:00,518.0,6,1.0,0
2025-07-15 15:00,518.0,6,1.0,0
2025-07-15 16:00,518.0,6,1.0,0
2025-07-15 17:00,518.0,6,1.0,0
2025-07-15 18:00,518.0,6,1.0,0
2025-07-15 19:00,518.0,6,1.0,0
2025-07-15 20:00,518.0,6,1.0,0
2025-07-15 21:00,518.0,6,1.0,0
2025-07-15 22:00,518.0,6,1.0,0
2025-07-15 23:00,518.0,6,1.0,0
2025-07-16 00:00,518.0,6,1.0,0
2025-07-16 01:00,518.0,6,1.0,0
2025-07-16 02:00,518.0,6,1.0,0
2025-07-16 03:00,518.0,6,1.0,0
2025-07-16 04:00,518.0,6,1.0,0
2025-07-16 05:00,518.0,6,1.0,0
2025-07-16 06:00,518.0,6,1.0,0
2025-07-16 07:00,518.0,6,1.0,0
2025-07-16 08:00,518.0,6,1.0,0
2025-07-16 09:00,518.0,6,1.0,0
2025-07-16 10:00,518.0,6,1.0,0
2025-07-16 11:00,518.0,6,1.0,0
2025-07-16 12:00,518.0,6,1.0,0
2025-07-16 13:00,518.0,6,1.0,0
2025-07-16 14:00,518.0,6,1.0,0
2025-07-16 15:00,518.0,6,1.0,0
2025-07-16 16:00,518.0,6,1.0,0
2025-07-16 17:00,518.0,6,1.0,0
2025-07-16 18:00,518.0,6,1.0,0
2025-07-16 19:00,518.0,6,1.0,0
2025-07-16 20:00,518.0,6,1.0,0
2025-07-16 21:00,518.0,6,1.0,0
2025-07-16 22:00,518.0,6,1.0,0
2025-07-16 23:00,518.0,6,1.0,0
2025-07-17 00:00,518.0,6,1.0,0
2025-07-17 01:00,518.0,6,1.0,0
2025-07-17 02:00,518.0,6,1.0,0
2025-07-17 03:00,518.0,6,1.0,0
2025-07-17 04:00,518.0,6,1.0,0
2025-07-17 05:00,518.0,6,1.0,0
2025-07-17 06:00,518.0,6,1.0,0
2025-07-17 07:00,518.0,6,1.0,0
2025-07-17 08:00,518.0,6,1.0,0
2025-07-17 09:00,518.0,6,1.0,0
2025-07-17 10:00,518.0,6,1.0,0
2025-07-17 11:00,518.0,6,1.0,0
2025-07-17 12:00,518.0,6,1.0,0
2025-07-17 13:00,518.0,6,1.0,0
2025-07-17 14:00,518.0,6,1.0,0
2025-07-17 15:00,518.0,6,1.0,0
2025-07-17 16:00,518.0,6,1.0,0
2025-07-17 17:00,518.0,6,1.0,0
2025-07-17 18:00,518.0,6,1.0,0
2025-07-17 19:00,518.0,6,1.0,0
2025-07-17 20:00,518.0,6,1.0,0
2025-07-17 21:00,518.0,6,1.0,0
2025-07-17 22:00,518.0,6,1.0,0
2025-07-17 23:00,518.0,6,1.0,0
2025-07-18 00:00,518.0,6,1.0,0
2025-07-18 01:00,518.0,6,1.0,0
2025-07-18 02:00,518.0,6,1.0,0
2025-07-18 03:00,518.0,6,1.0,0
2025-07-18 04:00,518.0,6,1.0,0
2025-07-18 05:00,518.0,6,1.0,0
2025-07-18 06:00,518.0,6,1.0,0
2025-07-18 07:00,518.0,6,1.0,0
2025-07-18 08:00,518.0,6,1.0,0
2025-07-18 09:00,518.0,6,1.0,0
2025-07-18 10:00,518.0,6,1.0,0
2025-07-18 11:00,518.0,6,1.0,0
2025-07-18 12:00,518.0,6,1.0,0
2025-07-18 13:00,518.0,6,1.0,0
2025-07-18 14:00,518.0,6,1.0,0
2025-07-18 15:00,518.0,6,1.0,0
2025-07-18 16:00,518.0,6,1.0,0
2025-07-18 17:00,518.0,6,1.0,0
2025-07-18 18:00,518.0,6,1.0,0
2025-07-18 19:00,518.0,6,1.0,0
2025-07-18 20:00,518.0,6,1.0,0
2025-07-18 21:00,518.0,6,1.0,0
2025-07-18 22:00,518.0,6,1.0,0
2025-07-18 23:00,518.0,6,1.0,0
2025-07-19 00:00,518.0,6,1.0,0
2025-07-19 01:00,518.0,6,1.0,0
2025-07-19 02:00,518.0,6,1.0,0
2025-07-19 03:00,518.0,6,1.0,0
2025-07-19 04:00,518.0,6,1.0,0
2025-07-19 05:00,518.0,6,1.0,0
2025-07-19 06:00,518.0,6,1.0,0
2025-07-19 07:00,518.0,6,1.0,0
2025-07-19 08:00,518.0,6,1.0,0
2025-07-19 09:00,518.0,6,1.0,0
2025-07-19 10:00,518.0,6,1.0,0
2025-07-19 11:00,518.0,6,1.0,0
2025-07-19 12:00,518.0,6,1.0,0
2025-07-19 13:00,518.0,6,1.0,0
2025-07-19 14:00,518.0,6,1.0,0
2025-07-19 15:00,518.0,6,1.0,0
2025-07-19 16:00,518.0,6,1.0,0
2025-07-19 17:00,518.0,6,1.0,0
2025-07-19 18:00,518.0,6,1.0,0
2025-07-19 19:00,518.0,6,1.0,0
2025-07-19 20:00,518.0,6,1.0,0
2025-07-19 21:00,518.0,6,1.0,0
2025-07-19 22:00,518.0,6,1.0,0
2025-07-19 23:00,518.0,6,1.0,0
2025-07-20 00:00,518.0,6,1.0,0
2025-07-20 01:00,518.0,6,1.0,0
2025-07-20 02:00,518.0,6,1.0,0
2025-07-20 03:00,518.0,6,1.0,0
2025-07-20 04:00,518.0,6,1.0,0
2025-07-20 05:00,518.0,6,1.0,0
2025-07-20 06:00,518.0,6,1.0,0
2025-07-20 07:00,518.0,6,1.0,0
2025-07-20 08:00,518.0,6,1.0,0
2025-07-20 09:00,518.0,6,1.0,0
2025-07-20 10:00,518.0,6,1.0,0
2025-07-20 11:00,518.0,6,1.0,0
2025-07-20 12:00,518.0,6,1.0,0
2025-07-20 13:00,518.0,6,1.0,0
2025-07-20 14:00,518.0,6,1.0,0
2025-07-20 15:00,518.0,6,1.0,0
2025-07-20 16:00,518.0,6,1.0,0
2025-07-20 17:00,518.0,6,1.0,0
2025-07-20 18:00,518.0,6,1.0,0
2025-07-20 19:00,518.0,6,1.0,0
2025-07-20 20:00,518.0,6,1.0,0
2025-07-20 21:00,518.0,6,1.0,0
2025-07-20 22:00,518.0,6,1.0,0
2025-07-20 23:00,518.0,6,1.0,0
2025-07-21 00:00,518.0,6,1.0,0
2025-07-21 01:00,518.0,6,1.0,0
2025-07-21 02:00,518.0,6,1.0,0
2025-07-21 03:00,518.0,6,1.0,0
2025-07-21 04:00,518.0,6,1.0,0
2025-07-21 05:00,518.0,6,1.0,0
2025-07-21 06:00,518.0,6,1.0,0
2025-07-21 07:00,518.0,6,1.0,0
2025-07-21 08:00,518.0,6,1.0,0
2025-07-21 09:00,518.0,6,1.0,0
2025-07-21 10:00,518.0,6,1.0,0
2025-07-21 11:00,518.0,6,1.0,0
2025-07-21 12:00,518.0,6,1.0,0
2025-07-21 13:00,518.0,6,1.0,0
2025-07-21 14:00,518.0,6,1.0,0
2025-07-21 15:00,518.0,6,1.0,0
2025-07-21 16:00,518.0,6,1.0,0
2025-07-21 17:00,518.0,6,1.0,0
2025-07-21 18:00,518.0,6,1.0,0
2025-07-21 19:00,518.0,6,1.0,0
2025-07-21 20:00,518.0,6,1.0,0
2025-07-21 21:00,518.0,6,1.0,0
2025-07-21 22:00,518.0,6,1.0,0
2025-07-21 23:00,518.0,6,1.0,0
2025-07-22 00:00,518.0,6,1.0,0
2025-07-22 01:00,518.0,6,1.0,0
2025-07-22 02:00,518.0,6,1.0,0
2025-07-22 03:00,518.0,6,1.0,0
2025-07-22 04:00,518.0,6,1.0,0
2025-07-22 05:00,518.0,6,1.0,0
2025-07-22 06:00,518.0,6,1.0,0
2025-07-22 07:00,518.0,6,1.0,0
2025-07-22 08:00,518.0,6,1.0,0
2025-07-22 09:00,518.0,6,1.0,0
2025-07-22 10:00,518.0,6,1.0,0
2025-07-22 11:00,518.0,6,1.0,0
2025-07-22 12:00,518.0,6,1.0,0
2025-07-22 13:00,518.0,6,1.0,0
2025-07-22 14:00,518.0,6,1.0,0
2025-07-22 15:00,518.0,6,1.0,0
2025-07-22 16:00,518.0,6,1.0,0
2025-07-22 17:00,518.0,6,1.0,0
2025-07-22 18:00,518.0,6,1.0,0
2025-07-22 19:00,518.0,6,1.0,0
2025-07-22 20:00,518.0,6,1.0,0
2025-07-22 21:00,518.0,6,1.0,0
2025-07-22 22:00,518.0,6,1.0,0
2025-07-22 23:00,518.0,6,1.0,0
2025-07-23 00:00,518.0,6,1.0,0
2025-07-23 01:00,518.0,6,1.0,0
2025-07-23 02:00,518.0,6,1.0,0
2025-07-23 03:00,518.0,6,1.0,0
2025-07-23 04:00,518.0,6,1.0,0
2025-07-23 05:00,518.0,6,1.0,0
2025-07-23 06:00,518.0,6,1.0,0
2025-07-23 07:00,518.0,6,1.0,0
2025-07-23 08:00,518.0,6,1.0,0
2025-07-23 09:00,518.0,6,1.0,0
2025-07-23 10:00,518.0,6,1.0,0
2025-07-23 11:00,518.0,6,1.0,0
2025-07-23 12:00,518.0,6,1.0,0
2025-07-23 13:00,518.0,6,1.0,0
2025-07-23 14:00,518.0,6,1.0,0
2025-07-23 15:00,518.0,6,1.0,0
2025-07-23 16:00,518.0,6,1.0,0
2025-07-23 17:00,518.0,6,1.0,0
2025-07-23 18:00,518.0,6,1.0,0
2025-07-23 19:00,518.0,6,1.0,0
2025-07-23 20:00,518.0,6,1.0,0
2025-07-23 21:00,518.0,6,1.0,0
2025-07-23 22:00,518.0,6,1.0,0
2025-07-23 23:00,518.0,6,1.0,0
2025-07-24 00:00,518.0,6,1.0,0
2025-07-24 01:00,518.0,6,1.0,0
2025-07-24 02:00,518.0,6,1.0,0
2025-07-24 03:00,518.0,6,1.0,0
2025-07-24 04:00,518.0,6,1.0,0
2025-07-24 05:00,518.0,6,1.0,0
2025-07-24 06:00,518.0,6,1.0,0
2025-07-24 07:00,518.0,6,1.0,0
2025-07-24 08:00,518.0,6,1.0,0
2025-07-24 09:00,518.0,6,1.0,0
2025-07-24 10:00,518.0,6,1.0,0
2025-07-24 11:00,518.0,6,1.0,0
2025-07-24 12:00,518.0,6,1.0,0
2025-07-24 13:00,518.0,6,1.0,0
2025-07-24 14:00,518.0,6,1.0,0
2025-07-24 15:00,518.0,6,1.0,0
2025-07-24 16:00,518.0,6,1.0,0
2025-07-24 17:00,518.0,6,1.0,0
2025-07-24 18:00,518.0,6,1.0,0
2025-07-24 19:00,518.0,6,1.0,0
2025-07-24 20:00,518.0,6,1.0,0
2025-07-24 21:00,518.0,6,1.0,0
2025-07-24 22:00,518.0,6,1.0,0
2025-07-24 23:00,518.0,6,1.0,0
2025-07-25 00:00,518.0,6,1.0,0
2025-07-25 01:00,518.0,6,1.0,0
2025-07-25 02:00,518.0,6,1.0,0
2025-07-25 03:00,518.0,6,1.0,0
2025-07-25 04:00,518.0,6,1.0,0
2025-07-25 05:00,518.0,6,1.0,0
2025-07-25 06:00,518.0,6,1.0,0
2025-07-25 07:00,518.0,6,1.0,0
2025-07-25 08:00,518.0,6,1.0,0
2025-07-25 09:00,518.0,6,1.0,0
2025-07-25 10:00,518.0,6,1.0,0
2025-07-25 11:00,518.0,6,1.0,0
2025-07-25 12:00,518.0,6,1.0,0
2025-07-25 13:00,518.0,6,1.0,0
2025-07-25 14:00,518.0,6,1.0,0
2025-07-25 15:00,518.0,6,1.0,0
2025-07-25 16:00,518.0,6,1.0,0
2025-07-25 17:00,518.0,6,1.0,0
2025-07-25 18:00,518.0,6,1.0,0
2025-07-25 19:00,518.0,6,1.0,0
2025-07-25 20:00,518.0,6,1.0,0
2025-07-25 21:00,518.0,6,1.0,0
2025-07-25 22:00,518.0,6,1.0,0
2025-07-25 23:00,518.0,6,1.0,0
2025-07-26 00:00,518.0,6,1.0,0
2025-07-26 01:00,518.0,6,1.0,0
2025-07-26 02:00,518.0,6,1.0,0
2025-07-26 03:00,518.0,6,1.0,0
2025-07-26 04:00,518.0,6,1.0,0
2025-07-26 05:00,518.0,6,1.0,0
2025-07-26 06:00,518.0,6,1.0,0
2025-07-26 07:00,518.0,6,1.0,0
2025-07-26 08:00,518.0,6,1.0,0
2025-07-26 09:00,518.0,6,1.0,0
2025-07-26 10:00,518.0,6,1.0,0
2025-07-26 11:00,518.0,6,1.0,0
2025-07-26 12:00,518.0,6,1.0,0
2025-07-26 13:00,518.0,6,1.0,0
2025-07-26 14:00,518.0,6,1.0,0
2025-07-26 15:00,518.8,6,1.0,0
2025-07-26 16:00,519.4,6,1.0,0
2025-07-26 17:00,520.0,6,1.0,0
2025-07-26 18:00,520.0,6,1.0,0
2025-07-26 19:00,520.0,6,1.0,0
2025-07-26 20:00,520.0,6,1.0,0
2025-07-26 21:00,520.0,6,1.0,0
2025-07-26 22:00,520.0,6,1.0,0
2025-07-26 23:00,520.0,6,1.0,0
2025-07-27 00:00,520.0,6,1.0,0
2025-07-27 01:00,520.0,6,1.0,0
2025-07-27 02:00,520.0,6,1.0,0
2025-07-27 03:00,520.0,6,1.0,0
2025-07-27 04:00,520.2,6,1.0,0
2025-07-27 05:00,520.2,6,1.0,0
2025-07-27 06:00,520.2,6,1.0,0
2025-07-27 07:00,520.2,6,1.0,0
2025-07-27 08:00,520.2,6,1.0,0
2025-07-27 09:00,520.2,6,1.0,0
2025-07-27 10:00,520.2,6,1.0,0
2025-07-27 11:00,520.2,6,1.0,0
2025-07-27 12:00,520.2,6,1.0,0
2025-07-27 13:00,520.2,6,1.0,0
2025-07-27 14:00,520.2,6,1.0,0
2025-07-27 15:00,520.2,6,1.0,0
2025-07-27 16:00,520.2,6,1.0,0
2025-07-27 17:00,520.2,6,1.0,0
2025-07-27 18:00,520.2,6,1.0,0
2025-07-27 19:00,520.2,6,1.0,0
2025-07-27 20:00,520.2,6,1.0,0
2025-07-27 21:00,520.2,6,1.0,0
2025-07-27 22:00,520.2,6,1.0,0
2025-07-27 23:00,520.2,6,1.0,0
2025-07-28 00:00,520.2,6,1.0,0
2025-07-28 01:00,520.2,6,1.0,0
2025-07-28 02:00,520.2,6,1.0,0
2025-07-28 03:00,520.2,6,1.0,0
2025-07-28 04:00,520.2,6,1.0,0
2025-07-28 05:00,520.4,6,1.0,0
2025-07-28 06:00,520.8,6,1.0,0
2025-07-28 07:00,521.0,6,1.0,0
2025-07-28 08:00,521.0,6,1.0,0
2025-07-28 09:00,521.0,6,1.0,0
2025-07-28 10:00,521.0,6,1.0,0
2025-07-28 11:00,521.0,6,1.0,0
2025-07-28 12:00,521.0,6,1.0,0
2025-07-28 13:00,521.0,6,1.0,0
2025-07-28 14:00,521.0,6,1.0,0
2025-07-28 15:00,521.0,6,1.0,0
2025-07-28 16:00,522.0,6,1.0,0
2025-07-28 17:00,522.0,6,1.0,0
2025-07-28 18:00,522.0,6,1.0,0
2025-07-28 19:00,522.0,6,1.0,0
2025-07-28 20:00,522.0,6,1.0,0
2025-07-28 21:00,522.0,6,1.0,0
2025-07-28 22:00,522.0,6,1.0,0
2025-07-28 23:00,522.0,6,1.0,0
2025-07-29 00:00,522.0,6,1.0,0
2025-07-29 01:00,522.0,6,1.0,0
2025-07-29 02:00,522.0,6,1.0,0
2025-07-29 03:00,522.0,6,1.0,0
2025-07-29 04:00,522.0,6,1.0,0
2025-07-29 05:00,522.0,6,1.0,0
2025-07-29 06:00,522.0,6,1.0,0
2025-07-29 07:00,522.0,6,1.0,0
2025-07-29 08:00,522.0,6,1.0,0
2025-07-29 09:00,522.0,6,1.0,0
2025-07-29 10:00,522.0,6,1.0,0
2025-07-29 11:00,522.0,6,1.0,0
2025-07-29 12:00,522.0,6,1.0,0
2025-07-29 13:00,522.0,6,1.0,0
2025-07-29 14:00,522.0,6,1.0,0
2025-07-29 15:00,522.0,6,1.0,0
2025-07-29 16:00,522.0,6,1.0,0
2025-07-29 17:00,522.0,6,1.0,0
2025-07-29 18:00,522.0,6,1.0,0
2025-07-29 19:00,522.0,6,1.0,0
2025-07-29 20:00,522.0,6,1.0,0
2025-07-29 21:00,522.0,6,1.0,0
2025-07-29 22:00,522.0,6,1.0,0
2025-07-29 23:00,522.0,6,1.0,0
2025-07-30 00:00,522.0,6,1.0,0
2025-07-30 01:00,522.0,6,1.0,0
2025-07-30 02:00,522.0,6,1.0,0
2025-07-30 03:00,522.0,6,1.0,0
2025-07-30 04:00,522.0,6,1.0,0
2025-07-30 05:00,522.0,6,1.0,0
2025-07-30 06:00,522.0,6,1.0,0
2025-07-30 07:00,522.0,6,1.0,0
2025-07-30 08:00,522.0,6,1.0,0
2025-07-30 09:00,522.0,6,1.0,0
2025-07-30 10:00,522.0,6,1.0,0
2025-07-30 11:00,522.0,6,1.0,0
2025-07-30 12:00,522.0,6,1.0,0
2025-07-30 13:00,522.0,6,1.0,0
2025-07-30 14:00,522.0,6,1.0,0
2025-07-30 15:00,522.0,6,1.0,0
2025-07-30 16:00,522.0,6,1.0,0
2025-07-30 17:00,522.0,6,1.0,0
2025-07-30 18:00,522.0,6,1.0,0
2025-07-30 19:00,522.0,6,1.0,0
2025-07-30 20:00,522.0,6,1.0,0
2025-07-30 21:00,522.0,6,1.0,0
2025-07-30 22:00,522.0,6,1.0,0
2025-07-30 23:00,522.0,6,1.0,0
2025-07-31 00:00,522.0,6,1.0,0
2025-07-31 01:00,522.0,6,1.0,0
2025-07-31 02:00,522.0,6,1.0,0
2025-07-31 03:00,522.0,6,1.0,0
2025-07-31 04:00,522.0,6,1.0,0
2025-07-31 05:00,522.0,6,1.0,0
2025-07-31 06:00,522.0,6,1.0,0
2025-07-31 07:00,522.0,6,1.0,0
2025-07-31 08:00,522.0,6,1.0,0
2025-07-31 09:00,522.0,6,1.0,0
2025-07-31 10:00,522.0,6,1.0,0
2025-07-31 11:00,522.0,6,1.0,0
2025-07-31 12:00,522.0,6,1.0,0
2025-07-31 13:00,522.0,6,1.0,0
2025-07-31 14:00,522.0,6,1.0,0
2025-07-31 15:00,522.0,6,1.0,0
2025-07-31 16:00,522.0,6,1.0,0
2025-07-31 17:00,522.0,6,1.0,0
2025-07-31 18:00,522.0,6,1.0,0
2025-07-31 19:00,522.0,6,1.0,0
2025-07-31 20:00,522.0,6,1.0,0
2025-07-31 21:00,522.0,6,1.0,0
2025-07-31 22:00,522.0,6,1.0,0
2025-07-31 23:00,522.0,6,1.0,0
2025-08-01 00:00,522.0,6,1.0,0
2025-08-01 01:00,522.0,6,1.0,0
2025-08-01 02:00,522.0,6,1.0,0
2025-08-01 03:00,522.0,6,1.0,0
2025-08-01 04:00,522.0,6,1.0,0
2025-08-01 05:00,522.0,6,1.0,0
2025-08-01 06:00,522.0,6,1.0,0
2025-08-01 07:00,522.0,6,1.0,0
2025-08-01 08:00,522.0,6,1.0,0
2025-08-01 09:00,522.0,6,1.0,0
2025-08-01 10:00,522.0,6,1.0,0
2025-08-01 11:00,522.0,6,1.0,0
2025-08-01 12:00,522.0,6,1.0,0
2025-08-01 13:00,522.0,6,1.0,0
2025-08-01 14:00,522.0,6,1.0,0
2025-08-01 15:00,522.0,6,1.0,0
2025-08-01 16:00,522.0,6,1.0,0
2025-08-01 17:00,522.0,6,1.0,0
2025-08-01 18:00,522.0,6,1.0,0
2025-08-01 19:00,522.0,6,1.0,0
2025-08-01 20:00,522.0,6,1.0,0
2025-08-01 21:00,522.0,6,1.0,0
2025-08-01 22:00,522.0,6,1.0,0
2025-08-01 23:00,522.0,6,1.0,0
2025-08-02 00:00,522.0,6,1.0,0
2025-08-02 01:00,522.0,6,1.0,0
2025-08-02 02:00,522.0,6,1.0,0
2025-08-02 03:00,522.0,6,1.0,0
2025-08-02 04:00,522.0,6,1.0,0
2025-08-02 05:00,522.0,6,1.0,0
2025-08-02 06:00,522.0,6,1.0,0
2025-08-02 07:00,522.0,6,1.0,0
2025-08-02 08:00,522.0,6,1.0,0
2025-08-02 09:00,522.0,6,1.0,0
2025-08-02 10:00,522.0,6,1.0,0
2025-08-02 11:00,522.0,6,1.0,0
2025-08-02 12:00,522.0,6,1.0,0
2025-08-02 13:00,522.0,6,1.0,0
2025-08-02 14:00,522.0,6,1.0,0
2025-08-02 15:00,522.0,6,1.0,0
2025-08-02 16:00,522.0,6,1.0,0
2025-08-02 17:00,522.0,6,1.0,0
2025-08-02 18:00,522.0,6,1.0,0
2025-08-02 19:00,522.0,6,1.0,0
2025-08-02 20:00,522.0,6,1.0,0
2025-08-02 21:00,522.0,6,1.0,0
2025-08-02 22:00,522.0,6,1.0,0
2025-08-02 23:00,522.0,6,1.0,0
2025-08-03 00:00,522.0,6,1.0,0
2025-08-03 01:00,522.0,6,1.0,0
2025-08-03 02:00,522.0,6,1.0,0
2025-08-03 03:00,522.0,6,1.0,0
2025-08-03 04:00,522.0,6,1.0,0
2025-08-03 05:00,522.0,6,1.0,0
2025-08-03 06:00,522.0,6,1.0,0
2025-08-03 07:00,522.0,6,1.0,0
2025-08-03 08:00,522.0,6,1.0,0
2025-08-03 09:00,522.0,6,1.0,0
2025-08-03 10:00,522.0,6,1.0,0
2025-08-03 11:00,522.0,6,1.0,0
2025-08-03 12:00,522.0,6,1.0,0
2025-08-03 13:00,522.0,6,1.0,0
2025-08-03 14:00,522.0,6,1.0,0
2025-08-03 15:00,522.0,6,1.0,0
2025-08-03 16:00,522.0,6,1.0,0
2025-08-03 17:00,522.0,6,1.0,0
2025-08-03 18:00,522.0,6,1.0,0
2025-08-03 19:00,522.0,6,1.0,0
2025-08-03 20:00,522.0,6,1.0,0
2025-08-03 21:00,522.0,6,1.0,0
2025-08-03 22:00,522.0,6,1.0,0
2025-08-03 23:00,522.0,6,1.0,0
2025-08-04 00:00,522.0,6,1.0,0
2025-08-04 01:00,522.0,6,1.0,0
2025-08-04 02:00,522.0,6,1.0,0
2025-08-04 03:00,522.0,6,1.0,0
2025-08-04 04:00,522.0,6,1.0,0
2025-08-04 05:00,522.0,6,1.0,0
2025-08-04 06:00,522.0,6,1.0,0
2025-08-04 07:00,522.0,6,1.0,0
2025-08-04 08:00,522.0,6,1.0,0
2025-08-04 09:00,522.0,6,1.0,0
2025-08-04 10:00,522.0,6,1.0,0
2025-08-04 11:00,522.0,6,1.0,0
2025-08-04 12:00,522.0,6,1.0,0
2025-08-04 13:00,522.0,6,1.0,0
2025-08-04 14:00,522.0,6,1.0,0
2025-08-04 15:00,522.0,6,1.0,0
2025-08-04 16:00,522.0,6,1.0,0
2025-08-04 17:00,522.0,6,1.0,0
2025-08-04 18:00,522.0,6,1.0,0
2025-08-04 19:00,522.0,6,1.0,0
2025-08-04 20:00,522.0,6,1.0,0
2025-08-04 21:00,522.0,6,1.0,0
2025-08-04 22:00,522.0,6,1.0,0
2025-08-04 23:00,522.0,6,1.0,0
2025-08-05 00:00,522.0,6,1.0,0
2025-08-05 01:00,522.0,6,1.0,0
2025-08-05 02:00,522.0,6,1.0,0
2025-08-05 03:00,522.0,6,1.0,0
2025-08-05 04:00,522.0,6,1.0,0
2025-08-05 05:00,522.0,6,1.0,0
2025-08-05 06:00,522.0,6,1.0,0
2025-08-05 07:00,522.0,6,1.0,0
2025-08-05 08:00,522.0,6,1.0,0
2025-08-05 09:00,522.0,6,1.0,0
2025-08-05 10:00,522.0,6,1.0,0
2025-08-05 11:00,522.0,6,1.0,0
2025-08-05 12:00,522.0,6,1.0,0
2025-08-05 13:00,522.0,6,1.0,0
2025-08-05 14:00,522.0,6,1.0,0
2025-08-05 15:00,522.0,6,1.0,0
2025-08-05 16:00,522.0,6,1.0,0
2025-08-05 17:00,522.0,6,1.0,0
2025-08-05 18:00,522.0,6,1.0,0
2025-08-05 19:00,522.0,6,1.0,0
2025-08-05 20:00,522.0,6,1.0,0
2025-08-05 21:00,522.0,6,1.0,0
2025-08-05 22:00,522.0,6,1.0,0
2025-08-05 23:00,522.0,6,1.0,0
2025-08-06 00:00,522.0,6,1.0,0
2025-08-06 01:00,522.0,6,1.0,0
2025-08-06 02:00,522.0,6,1.0,0
2025-08-06 03:00,522.0,6,1.0,0
2025-08-06 04:00,522.0,6,1.0,0
2025-08-06 05:00,522.0,6,1.0,0
2025-08-06 06:00,522.0,6,1.0,0
2025-08-06 07:00,522.0,6,1.0,0
2025-08-06 08:00,522.0,6,1.0,0
2025-08-06 09:00,522.0,6,1.0,0
2025-08-06 10:00,522.0,6,1.0,0
2025-08-06 11:00,522.0,6,1.0,0
2025-08-06 12:00,522.0,6,1.0,0
2025-08-06 13:00,522.0,6,1.0,0
2025-08-06 14:00,522.0,6,1.0,0
2025-08-06 15:00,522.0,6,1.0,0
2025-08-06 16:00,522.0,6,1.0,0
2025-08-06 17:00,522.0,6,1.0,0
2025-08-06 18:00,522.0,6,1.0,0
2025-08-06 19:00,522.0,6,1.0,0
2025-08-06 20:00,522.0,6,1.0,0
2025-08-06 21:00,522.0,6,1.0,0
2025-08-06 22:00,522.0,6,1.0,0
2025-08-06 23:00,522.0,6,1.0,0
2025-08-07 00:00,522.0,6,1.0,0
2025-08-07 01:00,522.0,6,1.0,0
2025-08-07 02:00,522.0,6,1.0,0
2025-08-07 03:00,522.0,6,1.0,0
2025-08-07 04:00,522.0,6,1.0,0
2025-08-07 05:00,522.0,6,1.0,0
2025-08-07 06:00,522.0,6,1.0,0
2025-08-07 07:00,522.0,6,1.0,0
2025-08-07 08:00,522.0,6,1.0,0
2025-08-07 09:00,522.0,6,1.0,0
2025-08-07 10:00,522.0,6,1.0,0
2025-08-07 11:00,522.0,6,1.0,0
2025-08-07 12:00,522.0,6,1.0,0
2025-08-07 13:00,522.0,6,1.0,0
2025-08-07 14:00,522.0,6,1.0,0
2025-08-07 15:00,522.0,6,1.0,0
2025-08-07 16:00,522.0,6,1.0,0
2025-08-07 17:00,522.0,6,1.0,0
2025-08-07 18:00,522.0,6,1.0,0
2025-08-07 19:00,522.0,6,1.0,0
2025-08-07 20:00,522.0,6,1.0,0
2025-08-07 21:00,522.0,6,1.0,0
2025-08-07 22:00,522.0,6,1.0,0
2025-08-07 23:00,522.0,6,1.0,0
2025-08-08 00:00,522.0,6,1.0,0
2025-08-08 01:00,522.0,6,1.0,0
2025-08-08 02:00,522.0,6,1.0,0
2025-08-08 03:00,522.0,6,1.0,0
2025-08-08 04:00,522.0,6,1.0,0
2025-08-08 05:00,522.0,6,1.0,0
2025-08-08 06:00,522.0,6,1.0,0
2025-08-08 07:00,522.0,6,1.0,0
2025-08-08 08:00,522.0,6,1.0,0
2025-08-08 09:00,522.0,6,1.0,0
2025-08-08 10:00,522.0,6,1.0,0
2025-08-08 11:00,522.0,6,1.0,0
2025-08-08 12:00,522.0,6,1.0,0
2025-08-08 13:00,522.0,6,1.0,0
2025-08-08 14:00,522.0,6,1.0,0
2025-08-08 15:00,522.0,6,1.0,0
2025-08-08 16:00,522.0,6,1.0,0
2025-08-08 17:00,522.0,6,1.0,0
2025-08-08 18:00,522.0,6,1.0,0
2025-08-08 19:00,522.0,6,1.0,0
2025-08-08 20:00,522.0,6,1.0,0
2025-08-08 21:00,522.0,6,1.0,0
2025-08-08 22:00,522.0,6,1.0,0
2025-08-08 23:00,522.0,6,1.0,0
2025-08-09 00:00,522.0,6,1.0,0
2025-08-09 01:00,522.0,6,1.0,0
2025-08-09 02:00,522.0,6,1.0,0
2025-08-09 03:00,522.0,6,1.0,0
2025-08-09 04:00,522.0,6,1.0,0
2025-08-09 05:00,522.0,6,1.0,0
2025-08-09 06:00,522.0,6,1.0,0
2025-08-09 07:00,522.0,6,1.0,0
2025-08-09 08:00,522.0,6,1.0,0
2025-08-09 09:00,522.0,6,1.0,0
2025-08-09 10:00,522.0,6,1.0,0
2025-08-09 11:00,522.0,6,1.0,0
2025-08-09 12:00,522.0,6,1.0,0
2025-08-09 13:00,522.0,6,1.0,0
2025-08-09 14:00,522.0,6,1.0,0
2025-08-09 15:00,522.0,6,1.0,0
2025-08-09 16:00,522.0,6,1.0,0
2025-08-09 17:00,522.0,6,1.0,0
2025-08-09 18:00,522.0,6,1.0,0
2025-08-09 19:00,522.0,6,1.0,0
2025-08-09 20:00,522.0,6,1.0,0
2025-08-09 21:00,522.0,6,1.0,0
2025-08-09 22:00,522.0,6,1.0,0
2025-08-09 23:00,522.0,6,1.0,0
2025-08-10 00:00,522.0,6,1.0,0
2025-08-10 01:00,522.0,6,1.0,0
2025-08-10 02:00,522.0,6,1.0,0
2025-08-10 03:00,522.0,6,1.0,0
2025-08-10 04:00,522.0,6,1.0,0
2025-08-10 05:00,522.0,6,1.0,0
2025-08-10 06:00,522.0,6,1.0,0
2025-08-10 07:00,522.0,6,1.0,0
2025-08-10 08:00,522.0,6,1.0,0
2025-08-10 09:00,522.0,6,1.0,0
2025-08-10 10:00,522.0,6,1.0,0
2025-08-10 11:00,522.0,6,1.0,0
2025-08-10 12:00,522.0,6,1.0,0
2025-08-10 13:00,522.0,6,1.0,0
2025-08-10 14:00,522.0,6,1.0,0
2025-08-10 15:00,522.0,6,1.0,0
2025-08-10 16:00,522.0,6,1.0,0
2025-08-10 17:00,522.0,6,1.0,0
2025-08-10 18:00,522.0,6,1.0,0
2025-08-10 19:00,522.0,6,1.0,0
2025-08-10 20:00,522.0,6,1.0,0
2025-08-10 21:00,522.0,6,1.0,0
2025-08-10 22:00,522.0,6,1.0,0
2025-08-10 23:00,522.0,6,1.0,0
2025-08-11 00:00,522.0,6,1.0,0
2025-08-11 01:00,522.0,6,1.0,0
2025-08-11 02:00,522.0,6,1.0,0
2025-08-11 03:00,522.0,6,1.0,0
2025-08-11 04:00,522.0,6,1.0,0
2025-08-11 05:00,522.0,6,1.0,0
2025-08-11 06:00,522.0,6,1.0,0
2025-08-11 07:00,522.0,6,1.0,0
2025-08-11 08:00,522.0,6,1.0,0
2025-08-11 09:00,522.0,6,1.0,0
2025-08-11 10:00,522.0,6,1.0,0
2025-08-11 11:00,522.0,6,1.0,0
2025-08-11 12:00,522.0,6,1.0,0
2025-08-11 13:00,522.0,6,1.0,0
2025-08-11 14:00,522.0,6,1.0,0
2025-08-11 15:00,522.0,6,1.0,0
2025-08-11 16:00,522.0,6,1.0,0
2025-08-11 17:00,522.0,6,1.0,0
2025-08-11 18:00,522.0,6,1.0,0
2025-08-11 19:00,522.0,6,1.0,0
2025-08-11 20:00,522.0,6,1.0,0
2025-08-11 21:00,522.0,6,1.0,0
2025-08-11 22:00,522.0,6,1.0,0
2025-08-11 23:00,522.0,6,1.0,0
2025-08-12 00:00,522.0,6,1.0,0
2025-08-12 01:00,522.0,6,1.0,0
2025-08-12 02:00,522.0,6,1.0,0
2025-08-12 03:00,522.0,6,1.0,0
2025-08-12 04:00,522.0,6,1.0,0
2025-08-12 05:00,522.0,6,1.0,0
2025-08-12 06:00,522.0,6,1.0,0
2025-08-12 07:00,522.0,6,1.0,0
2025-08-12 08:00,522.0,6,1.0,0
2025-08-12 09:00,522.0,6,1.0,0
2025-08-12 10:00,522.0,6,1.0,0
2025-08-12 11:00,522.0,6,1.0,0
2025-08-12 12:00,522.0,6,1.0,0
2025-08-12 13:00,522.0,6,1.0,0
2025-08-12 14:00,522.0,6,1.0,0
2025-08-12 15:00,522.4,6,1.0,0
2025-08-12 16:00,522.6,6,1.0,0
2025-08-12 17:00,522.6,6,1.0,0
2025-08-12 18:00,522.6,6,1.0,0
2025-08-12 19:00,523.2,6,1.0,0
2025-08-12 20:00,523.2,6,1.0,0
2025-08-12 21:00,523.2,6,1.0,0
2025-08-12 22:00,523.2,6,1.0,0
2025-08-12 23:00,523.2,6,1.0,0
2025-08-13 00:00,523.2,6,1.0,0
2025-08-13 01:00,523.2,6,1.0,0
2025-08-13 02:00,523.2,6,1.0,0
2025-08-13 03:00,523.2,6,1.0,0
2025-08-13 04:00,523.2,6,1.0,0
2025-08-13 05:00,523.2,6,1.0,0
2025-08-13 06:00,523.2,6,1.0,0
2025-08-13 07:00,523.2,6,1.0,0
2025-08-13 08:00,523.2,6,1.0,0
2025-08-13 09:00,523.2,6,1.0,0
2025-08-13 10:00,523.2,6,1.0,0
2025-08-13 11:00,523.2,6,1.0,0
2025-08-13 12:00,523.2,6,1.0,0
2025-08-13 13:00,523.2,6,1.0,0
2025-08-13 14:00,523.2,6,1.0,0
2025-08-13 15:00,523.2,6,1.0,0
2025-08-13 16:00,523.2,6,1.0,0
2025-08-13 17:00,523.2,6,1.0,0
2025-08-13 18:00,523.2,6,1.0,0
2025-08-13 19:00,523.2,6,1.0,0
2025-08-13 20:00,523.2,6,1.0,0
2025-08-13 21:00,523.2,6,1.0,0
2025-08-13 22:00,523.2,6,1.0,0
2025-08-13 23:00,523.2,6,1.0,0
2025-08-14 00:00,523.2,6,1.0,0
2025-08-14 01:00,523.2,6,1.0,0
2025-08-14 02:00,523.2,6,1.0,0
2025-08-14 03:00,523.2,6,1.0,0
2025-08-14 04:00,523.2,6,1.0,0
2025-08-14 05:00,523.2,6,1.0,0
2025-08-14 06:00,523.2,6,1.0,0
2025-08-14 07:00,523.2,6,1.0,0
2025-08-14 08:00,523.2,6,1.0,0
2025-08-14 09:00,523.2,6,1.0,0
2025-08-14 10:00,523.2,6,1.0,0
2025-08-14 11:00,523.2,6,1.0,0
2025-08-14 12:00,523.2,6,1.0,0
2025-08-14 13:00,523.2,6,1.0,0
2025-08-14 14:00,523.2,6,1.0,0
2025-08-14 15:00,523.2,6,1.0,0
2025-08-14 16:00,523.2,6,1.0,0
2025-08-14 17:00,524.0,6,1.0,0
2025-08-14 18:00,524.0,6,1.0,0
2025-08-14 19:00,524.0,6,1.0,0
2025-08-14 20:00,524.0,6,1.0,0
2025-08-14 21:00,524.0,6,1.0,0
2025-08-14 22:00,524.0,6,1.0,0
2025-08-14 23:00,524.0,6,1.0,0
2025-08-15 00:00,524.0,6,1.0,0
2025-08-15 01:00,524.0,6,1.0,0
2025-08-15 02:00,524.0,6,1.0,0
2025-08-15 03:00,524.0,6,1.0,0
2025-08-15 04:00,524.0,6,1.0,0
2025-08-15 05:00,524.0,6,1.0,0
2025-08-15 06:00,524.0,6,1.0,0
2025-08-15 07:00,524.0,6,1.0,0
2025-08-15 08:00,524.0,6,1.0,0
2025-08-15 09:00,524.0,6,1.0,0
2025-08-15 10:00,524.0,6,1.0,0
2025-08-15 11:00,524.0,6,1.0,0
2025-08-15 12:00,524.0,6,1.0,0
2025-08-15 13:00,524.0,6,1.0,0
2025-08-15 14:00,524.0,6,1.0,0
2025-08-15 15:00,525.8,6,1.0,0
2025-08-15 16:00,525.8,6,1.0,0
2025-08-15 17:00,525.8,6,1.0,0
2025-08-15 18:00,525.8,6,1.0,0
2025-08-15 19:00,527.6,6,1.0,0
2025-08-15 20:00,527.8,6,1.0,0
2025-08-15 21:00,527.8,6,1.0,0
2025-08-15 22:00,527.8,6,1.0,0
2025-08-15 23:00,527.8,6,1.0,0
2025-08-16 00:00,527.8,6,1.0,0
2025-08-16 01:00,527.8,6,1.0,0
2025-08-16 02:00,527.8,6,1.0,0
2025-08-16 03:00,527.8,6,1.0,0
2025-08-16 04:00,527.8,6,1.0,0
2025-08-16 05:00,527.8,6,1.0,0
2025-08-16 06:00,527.8,6,1.0,0
2025-08-16 07:00,527.8,6,1.0,0
2025-08-16 08:00,527.8,6,1.0,0
2025-08-16 09:00,527.8,6,1.0,0
2025-08-16 10:00,527.8,6,1.0,0
2025-08-16 11:00,527.8,6,1.0,0
2025-08-16 12:00,527.8,6,1.0,0
2025-08-16 13:00,527.8,6,1.0,0
2025-08-16 14:00,528.0,6,1.0,0
2025-08-16 15:00,528.8,6,1.0,0
2025-08-16 16:00,530.0,6,1.0,0
2025-08-16 17:00,530.0,6,1.0,0
2025-08-16 18:00,530.0,6,1.0,0
2025-08-16 19:00,530.0,6,1.0,0
2025-08-16 20:00,530.0,6,1.0,0
2025-08-16 21:00,530.0,6,1.0,0
2025-08-16 22:00,530.0,6,1.0,0
2025-08-16 23:00,530.0,6,1.0,0
2025-08-17 00:00,530.0,6,1.0,0
2025-08-17 01:00,530.0,6,1.0,0
2025-08-17 02:00,530.0,6,1.0,0
2025-08-17 03:00,530.0,6,1.0,0
2025-08-17 04:00,530.0,6,1.0,0
2025-08-17 05:00,530.0,6,1.0,0
2025-08-17 06:00,530.0,6,1.0,0
2025-08-17 07:00,530.0,6,1.0,0
2025-08-17 08:00,530.0,6,1.0,0
2025-08-17 09:00,530.0,6,1.0,0
2025-08-17 10:00,530.0,6,1.0,0
2025-08-17 11:00,530.0,6,1.0,0
2025-08-17 12:00,530.0,6,1.0,0
2025-08-17 13:00,530.0,6,1.0,0
2025-08-17 14:00,530.0,6,1.0,0
2025-08-17 15:00,530.0,6,1.0,0
2025-08-17 16:00,530.0,6,1.0,0
2025-08-17 17:00,530.0,6,1.0,0
2025-08-17 18:00,530.0,6,1.0,0
2025-08-17 19:00,530.0,6,1.0,0
2025-08-17 20:00,530.0,6,1.0,0
2025-08-17 21:00,530.0,6,1.0,0
2025-08-17 22:00,530.0,6,1.0,0
2025-08-17 23:00,530.0,6,1.0,0
2025-08-18 00:00,530.0,6,1.0,0
2025-08-18 01:00,530.0,6,1.0,0
2025-08-18 02:00,530.0,6,1.0,0
2025-08-18 03:00,530.0,6,1.0,0
2025-08-18 04:00,530.0,6,1.0,0
2025-08-18 05:00,530.0,6,1.0,0
2025-08-18 06:00,530.0,6,1.0,0
2025-08-18 07:00,530.0,6,1.0,0
2025-08-18 08:00,530.0,6,1.0,0
2025-08-18 09:00,530.0,6,1.0,0
2025-08-18 10:00,530.0,6,1.0,0
2025-08-18 11:00,530.0,6,1.0,0
2025-08-18 12:00,530.0,6,1.0,0
2025-08-18 13:00,530.0,6,1.0,0
2025-08-18 14:00,530.4,6,1.0,0
2025-08-18 15:00,530.6,6,1.0,0
2025-08-18 16:00,530.8,6,1.0,0
2025-08-18 17:00,532.0,6,1.0,0
2025-08-18 18:00,532.0,6,1.0,0
2025-08-18 19:00,532.0,6,1.0,0
2025-08-18 20:00,532.0,6,1.0,0
2025-08-18 21:00,532.0,6,1.0,0
2025-08-18 22:00,532.0,6,1.0,0
2025-08-18 23:00,532.0,6,1.0,0
2025-08-19 00:00,532.0,6,1.0,0
2025-08-19 01:00,532.0,6,1.0,0
2025-08-19 02:00,532.0,6,1.0,0
2025-08-19 03:00,532.0,6,1.0,0
2025-08-19 04:00,532.0,6,1.0,0
2025-08-19 05:00,532.0,6,1.0,0
2025-08-19 06:00,532.0,6,1.0,0
2025-08-19 07:00,532.0,6,1.0,0
2025-08-19 08:00,532.0,6,1.0,0
2025-08-19 09:00,532.0,6,1.0,0
2025-08-19 10:00,532.0,6,1.0,0
2025-08-19 11:00,532.0,6,1.0,0
2025-08-19 12:00,532.0,6,1.0,0
2025-08-19 13:00,532.0,6,1.0,0
2025-08-19 14:00,532.0,6,1.0,0
2025-08-19 15:00,532.0,6,1.0,0
2025-08-19 16:00,532.0,6,1.0,0
2025-08-19 17:00,532.0,6,1.0,0
2025-08-19 18:00,532.0,6,1.0,0
2025-08-19 19:00,532.0,6,1.0,0
2025-08-19 20:00,532.0,6,1.0,0
2025-08-19 21:00,532.0,6,1.0,0
2025-08-19 22:00,532.0,6,1.0,0
2025-08-19 23:00,532.0,6,1.0,0
2025-08-20 00:00,532.0,6,1.0,0
2025-08-20 01:00,532.0,6,1.0,0
2025-08-20 02:00,532.0,6,1.0,0
2025-08-20 03:00,532.0,6,1.0,0
2025-08-20 04:00,532.0,6,1.0,0
2025-08-20 05:00,532.0,6,1.0,0
2025-08-20 06:00,532.0,6,1.0,0
2025-08-20 07:00,532.0,6,1.0,0
2025-08-20 08:00,532.0,6,1.0,0
2025-08-20 09:00,532.0,6,1.0,0
2025-08-20 10:00,532.0,6,1.0,0
2025-08-20 11:00,532.0,6,1.0,0
2025-08-20 12:00,532.0,6,1.0,0
2025-08-20 13:00,532.0,6,1.0,0
2025-08-20 14:00,532.0,6,1.0,0
2025-08-20 15:00,532.0,6,1.0,0
2025-08-20 16:00,532.0,6,1.0,0
2025-08-20 17:00,532.0,6,1.0,0
2025-08-20 18:00,532.0,6,1.0,0
2025-08-20 19:00,532.0,6,1.0,0
2025-08-20 20:00,532.0,6,1.0,0
2025-08-20 21:00,532.0,6,1.0,0
2025-08-20 22:00,532.0,6,1.0,0
2025-08-20 23:00,532.0,6,1.0,0
2025-08-21 00:00,532.0,6,1.0,0
2025-08-21 01:00,532.0,6,1.0,0
2025-08-21 02:00,532.0,6,1.0,0
2025-08-21 03:00,532.0,6,1.0,0
2025-08-21 04:00,532.0,6,1.0,0
2025-08-21 05:00,532.0,6,1.0,0
2025-08-21 06:00,532.0,6,1.0,0
2025-08-21 07:00,532.8,6,1.0,0
2025-08-21 08:00,532.8,6,1.0,0
2025-08-21 09:00,532.8,6,1.0,0
2025-08-21 10:00,532.8,6,1.0,0
2025-08-21 11:00,533.0,6,1.0,0
2025-08-21 12:00,533.0,6,1.0,0
2025-08-21 13:00,533.0,6,1.0,0
2025-08-21 14:00,533.0,6,1.0,0
2025-08-21 15:00,533.0,6,1.0,0
2025-08-21 16:00,533.0,6,1.0,0
2025-08-21 17:00,533.0,6,1.0,0
2025-08-21 18:00,533.0,6,1.0,0
2025-08-21 19:00,533.0,6,1.0,0
2025-08-21 20:00,533.0,6,1.0,0
2025-08-21 21:00,533.0,6,1.0,0
2025-08-21 22:00,533.0,6,1.0,0
2025-08-21 23:00,533.0,6,1.0,0
2025-08-22 00:00,533.0,6,1.0,0
2025-08-22 01:00,533.0,6,1.0,0
2025-08-22 02:00,533.0,6,1.0,0
2025-08-22 03:00,533.8,6,1.0,0
2025-08-22 04:00,534.6,6,1.0,0
2025-08-22 05:00,542.6,6,1.0,0
2025-08-22 06:00,542.8,6,1.0,0
2025-08-22 07:00,545.0,6,1.0,0
2025-08-22 08:00,545.2,6,1.0,0
2025-08-22 09:00,545.2,6,1.0,0
2025-08-22 10:00,545.2,6,1.0,0
2025-08-22 11:00,545.2,6,1.0,0
2025-08-22 12:00,545.2,6,1.0,0
2025-08-22 13:00,545.2,6,1.0,0
2025-08-22 14:00,545.2,6,1.0,0
2025-08-22 15:00,545.2,6,1.0,0
2025-08-22 16:00,545.2,6,1.0,0
2025-08-22 17:00,545.2,6,1.0,0
2025-08-22 18:00,545.2,6,1.0,0
2025-08-22 19:00,545.2,6,1.0,0
2025-08-22 20:00,545.2,6,1.0,0
2025-08-22 21:00,545.2,6,1.0,0
2025-08-22 22:00,545.2,6,1.0,0
2025-08-22 23:00,545.2,6,1.0,0
2025-08-23 00:00,545.2,6,1.0,0
2025-08-23 01:00,545.2,6,1.0,0
2025-08-23 02:00,545.2,6,1.0,0
2025-08-23 03:00,545.2,6,1.0,0
2025-08-23 04:00,545.2,6,1.0,0
2025-08-23 05:00,545.2,6,1.0,0
2025-08-23 06:00,545.2,6,1.0,0
2025-08-23 07:00,545.2,6,1.0,0
2025-08-23 08:00,545.2,6,1.0,0
2025-08-23 09:00,545.2,6,1.0,0
2025-08-23 10:00,545.2,6,1.0,0
2025-08-23 11:00,545.2,6,1.0,0
2025-08-23 12:00,545.2,6,1.0,0
2025-08-23 13:00,545.2,6,1.0,0
2025-08-23 14:00,545.2,6,1.0,0
2025-08-23 15:00,545.2,6,1.0,0
2025-08-23 16:00,557.0,6,1.0,0
2025-08-23 17:00,558.6,6,1.0,0
2025-08-23 18:00,558.6,6,1.0,0
2025-08-23 19:00,558.6,6,1.0,0
2025-08-23 20:00,558.6,6,1.0,0
2025-08-23 21:00,558.6,6,1.0,0
2025-08-23 22:00,558.6,6,1.0,0
2025-08-23 23:00,558.6,6,1.0,0
2025-08-24 00:00,558.6,6,1.0,0
2025-08-24 01:00,558.6,6,1.0,0
2025-08-24 02:00,558.6,6,1.0,0
2025-08-24 03:00,558.8,6,1.0,0
2025-08-24 04:00,558.8,6,1.0,0
2025-08-24 05:00,558.8,6,1.0,0
2025-08-24 06:00,558.8,6,1.0,0
2025-08-24 07:00,558.8,6,1.0,0
2025-08-24 08:00,558.8,6,1.0,0
2025-08-24 09:00,558.8,6,1.0,0
2025-08-24 10:00,558.8,6,1.0,0
2025-08-24 11:00,558.8,6,1.0,0
2025-08-24 12:00,558.8,6,1.0,0
2025-08-24 13:00,558.8,6,1.0,0
2025-08-24 14:00,558.8,6,1.0,0
2025-08-24 15:00,558.8,6,1.0,0
2025-08-24 16:00,558.8,6,1.0,0
2025-08-24 17:00,558.8,6,1.0,0
2025-08-24 18:00,558.8,6,1.0,0
2025-08-24 19:00,558.8,6,1.0,0
2025-08-24 20:00,558.8,6,1.0,0
2025-08-24 21:00,558.8,6,1.0,0
2025-08-24 22:00,558.8,6,1.0,0
2025-08-24 23:00,558.8,6,1.0,0
2025-08-25 00:00,558.8,6,1.0,0
2025-08-25 01:00,558.8,6,1.0,0
2025-08-25 02:00,558.8,6,1.0,0
2025-08-25 03:00,558.8,6,1.0,0
2025-08-25 04:00,558.8,6,1.0,0
2025-08-25 05:00,558.8,6,1.0,0
2025-08-25 06:00,558.8,6,1.0,0
2025-08-25 07:00,558.8,6,1.0,0
2025-08-25 08:00,558.8,6,1.0,0
2025-08-25 09:00,558.8,6,1.0,0
2025-08-25 10:00,558.8,6,1.0,0
2025-08-25 11:00,558.8,6,1.0,0
2025-08-25 12:00,558.8,6,1.0,0
2025-08-25 13:00,558.8,6,1.0,0
2025-08-25 14:00,558.8,6,1.0,0
2025-08-25 15:00,558.8,6,1.0,0
2025-08-25 16:00,558.8,6,1.0,0
2025-08-25 17:00,558.8,6,1.0,0
2025-08-25 18:00,558.8,6,1.0,0
2025-08-25 19:00,558.8,6,1.0,0
2025-08-25 20:00,558.8,6,1.0,0
2025-08-25 21:00,558.8,6,1.0,0
2025-08-25 22:00,558.8,6,1.0,0
2025-08-25 23:00,558.8,6,1.0,0
2025-08-26 00:00,558.8,6,1.0,0
2025-08-26 01:00,558.8,6,1.0,0
2025-08-26 02:00,558.8,6,1.0,0
2025-08-26 03:00,558.8,6,1.0,0
2025-08-26 04:00,558.8,6,1.0,0
2025-08-26 05:00,558.8,6,1.0,0
2025-08-26 06:00,558.8,6,1.0,0
2025-08-26 07:00,558.8,6,1.0,0
2025-08-26 08:00,558.8,6,1.0,0
2025-08-26 09:00,558.8,6,1.0,0
2025-08-26 10:00,558.8,6,1.0,0
2025-08-26 11:00,558.8,6,1.0,0
2025-08-26 12:00,558.8,6,1.0,0
2025-08-26 13:00,558.8,6,1.0,0
2025-08-26 14:00,558.8,6,1.0,0
2025-08-26 15:00,558.8,6,1.0,0
2025-08-26 16:00,558.8,6,1.0,0
2025-08-26 17:00,558.8,6,1.0,0
2025-08-26 18:00,558.8,6,1.0,0
2025-08-26 19:00,558.8,6,1.0,0
2025-08-26 20:00,558.8,6,1.0,0
2025-08-26 21:00,558.8,6,1.0,0
2025-08-26 22:00,558.8,6,1.0,0
2025-08-26 23:00,558.8,6,1.0,0
2025-08-27 00:00,558.8,6,1.0,0
2025-08-27 01:00,558.8,6,1.0,0
2025-08-27 02:00,558.8,6,1.0,0
2025-08-27 03:00,558.8,6,1.0,0
2025-08-27 04:00,558.8,6,1.0,0
2025-08-27 05:00,558.8,6,1.0,0
2025-08-27 06:00,558.8,6,1.0,0
2025-08-27 07:00,558.8,6,1.0,0
2025-08-27 08:00,558.8,6,1.0,0
2025-08-27 09:00,558.8,6,1.0,0
2025-08-27 10:00,558.8,6,1.0,0
2025-08-27 11:00,558.8,6,1.0,0
2025-08-27 12:00,558.8,6,1.0,0
2025-08-27 13:00,558.8,6,1.0,0
2025-08-27 14:00,558.8,6,1.0,0
2025-08-27 15:00,558.8,6,1.0,0
2025-08-27 16:00,558.8,6,1.0,0
2025-08-27 17:00,558.8,6,1.0,0
2025-08-27 18:00,558.8,6,1.0,0
2025-08-27 19:00,558.8,6,1.0,0
2025-08-27 20:00,558.8,6,1.0,0
2025-08-27 21:00,558.8,6,1.0,0
2025-08-27 22:00,558.8,6,1.0,0
2025-08-27 23:00,558.8,6,1.0,0
2025-08-28 00:00,558.8,6,1.0,0
2025-08-28 01:00,558.8,6,1.0,0
2025-08-28 02:00,558.8,6,1.0,0
2025-08-28 03:00,558.8,6,1.0,0
2025-08-28 04:00,558.8,6,1.0,0
2025-08-28 05:00,558.8,6,1.0,0
2025-08-28 06:00,558.8,6,1.0,0
2025-08-28 07:00,558.8,6,1.0,0
2025-08-28 08:00,558.8,6,1.0,0
2025-08-28 09:00,558.8,6,1.0,0
2025-08-28 10:00,558.8,6,1.0,0
2025-08-28 11:00,558.8,6,1.0,0
2025-08-28 12:00,558.8,6,1.0,0
2025-08-28 13:00,558.8,6,1.0,0
2025-08-28 14:00,558.8,6,1.0,0
2025-08-28 15:00,558.8,6,1.0,0
2025-08-28 16:00,558.8,6,1.0,0
2025-08-28 17:00,558.8,6,1.0,0
2025-08-28 18:00,558.8,6,1.0,0
2025-08-28 19:00,558.8,6,1.0,0
2025-08-28 20:00,558.8,6,1.0,0
2025-08-28 21:00,558.8,6,1.0,0
2025-08-28 22:00,558.8,6,1.0,0
2025-08-28 23:00,558.8,6,1.0,0
2025-08-29 00:00,558.8,6,1.0,0
2025-08-29 01:00,558.8,6,1.0,0
2025-08-29 02:00,558.8,6,1.0,0
2025-08-29 03:00,558.8,6,1.0,0
2025-08-29 04:00,558.8,6,1.0,0
2025-08-29 05:00,558.8,6,1.0,0
2025-08-29 06:00,558.8,6,1.0,0
2025-08-29 07:00,558.8,6,1.0,0
2025-08-29 08:00,558.8,6,1.0,0
2025-08-29 09:00,558.8,6,1.0,0
2025-08-29 10:00,558.8,6,1.0,0
2025-08-29 11:00,558.8,6,1.0,0
2025-08-29 12:00,558.8,6,1.0,0
2025-08-29 13:00,562.0,6,1.0,0
2025-08-29 14:00,562.0,6,1.0,0
2025-08-29 15:00,562.0,6,1.0,0
2025-08-29 16:00,562.0,6,1.0,0
2025-08-29 17:00,562.0,6,1.0,0
2025-08-29 18:00,562.0,6,1.0,0
2025-08-29 19:00,562.0,6,1.0,0
2025-08-29 20:00,562.0,6,1.0,0
2025-08-29 21:00,562.0,6,1.0,0
2025-08-29 22:00,563.2,6,1.0,0
2025-08-29 23:00,563.4,6,1.0,0
2025-08-30 00:00,563.4,6,1.0,0
2025-08-30 01:00,563.4,6,1.0,0
2025-08-30 02:00,564.2,6,1.0,0
2025-08-30 03:00,564.2,6,1.0,0
2025-08-30 04:00,564.2,6,1.0,0
2025-08-30 05:00,571.0,6,1.0,0
2025-08-30 06:00,571.2,6,1.0,0
2025-08-30 07:00,571.6,6,1.0,0
2025-08-30 08:00,571.8,6,1.0,0
2025-08-30 09:00,571.8,6,1.0,0
2025-08-30 10:00,571.8,6,1.0,0
2025-08-30 11:00,571.8,6,1.0,0
2025-08-30 12:00,571.8,6,1.0,0
2025-08-30 13:00,571.8,6,1.0,0
2025-08-30 14:00,571.8,6,1.0,0
2025-08-30 15:00,573.8,6,1.0,0
2025-08-30 16:00,573.8,6,1.0,0
2025-08-30 17:00,573.8,6,1.0,0
2025-08-30 18:00,573.8,6,1.0,0
2025-08-30 19:00,573.8,6,1.0,0
2025-08-30 20:00,573.8,6,1.0,0
2025-08-30 21:00,573.8,6,1.0,0
2025-08-30 22:00,573.8,6,1.0,0
2025-08-30 23:00,573.8,6,1.0,0
2025-08-31 00:00,573.8,6,1.0,0
2025-08-31 01:00,573.8,6,1.0,0
2025-08-31 02:00,573.8,6,1.0,0
2025-08-31 03:00,573.8,6,1.0,0
2025-08-31 04:00,573.8,6,1.0,0
2025-08-31 05:00,573.8,6,1.0,0
2025-08-31 06:00,573.8,6,1.0,0
2025-08-31 07:00,573.8,6,1.0,0
2025-08-31 08:00,573.8,6,1.0,0
2025-08-31 09:00,573.8,6,1.0,0
2025-08-31 10:00,573.8,6,1.0,0
2025-08-31 11:00,573.8,6,1.0,0
2025-08-31 12:00,573.8,6,1.0,0
2025-08-31 13:00,573.8,6,1.0,0
2025-08-31 14:00,573.8,6,1.0,0
2025-08-31 15:00,573.8,6,1.0,0
2025-08-31 16:00,573.8,6,1.0,0
2025-08-31 17:00,573.8,6,1.0,0
2025-08-31 18:00,573.8,6,1.0,0
2025-08-31 19:00,573.8,6,1.0,0
2025-08-31 20:00,573.8,6,1.0,0
2025-08-31 21:00,573.8,6,1.0,0
2025-08-31 22:00,573.8,6,1.0,0
2025-08-31 23:00,573.8,6,1.0,0
2025-09-01 00:00,573.8,6,1.0,0
2025-09-01 01:00,573.8,6,1.0,0
2025-09-01 02:00,573.8,6,1.0,0
2025-09-01 03:00,573.8,6,1.0,0
2025-09-01 04:00,573.8,6,1.0,0
2025-09-01 05:00,573.8,6,1.0,0
2025-09-01 06:00,573.8,6,1.0,0
2025-09-01 07:00,573.8,6,1.0,0
2025-09-01 08:00,573.8,6,1.0,0
2025-09-01 09:00,573.8,6,1.0,0
2025-09-01 10:00,573.8,6,1.0,0
2025-09-01 11:00,573.8,6,1.0,0
2025-09-01 12:00,573.8,6,1.0,0
2025-09-01 13:00,573.8,6,1.0,0
2025-09-01 14:00,573.8,6,1.0,0
2025-09-01 15:00,573.8,6,1.0,0
2025-09-01 16:00,573.8,6,1.0,0
2025-09-01 17:00,573.8,6,1.0,0
2025-09-01 18:00,573.8,6,1.0,0
2025-09-01 19:00,573.8,6,1.0,0
2025-09-01 20:00,573.8,6,1.0,0
2025-09-01 21:00,573.8,6,1.0,0
2025-09-01 22:00,573.8,6,1.0,0
2025-09-01 23:00,573.8,6,1.0,0
2025-09-02 00:00,573.8,6,1.0,0
2025-09-02 01:00,573.8,6,1.0,0
2025-09-02 02:00,573.8,6,1.0,0
2025-09-02 03:00,573.8,6,1.0,0
2025-09-02 04:00,573.8,6,1.0,0
2025-09-02 05:00,573.8,6,1.0,0
2025-09-02 06:00,573.8,6,1.0,0
2025-09-02 07:00,573.8,6,1.0,0
2025-09-02 08:00,573.8,6,1.0,0
2025-09-02 09:00,573.8,6,1.0,0
2025-09-02 10:00,574.2,6,1.0,0
2025-09-02 11:00,574.2,6,1.0,0
2025-09-02 12:00,574.2,6,1.0,0
2025-09-02 13:00,574.2,6,1.0,0
2025-09-02 14:00,574.2,6,1.0,0
2025-09-02 15:00,574.2,6,1.0,0
2025-09-02 16:00,574.2,6,1.0,0
2025-09-02 17:00,574.2,6,1.0,0
2025-09-02 18:00,574.2,6,1.0,0
2025-09-02 19:00,574.2,6,1.0,0
2025-09-02 20:00,574.2,6,1.0,0
2025-09-02 21:00,574.2,6,1.0,0
2025-09-02 22:00,574.2,6,1.0,0
2025-09-02 23:00,574.2,6,1.0,0
2025-09-03 00:00,574.2,6,1.0,0
2025-09-03 01:00,574.2,6,1.0,0
2025-09-03 02:00,574.2,6,1.0,0
2025-09-03 03:00,574.2,6,1.0,0
2025-09-03 04:00,574.2,6,1.0,0
2025-09-03 05:00,574.2,6,1.0,0
2025-09-03 06:00,574.2,6,1.0,0
2025-09-03 07:00,574.2,6,1.0,0
2025-09-03 08:00,574.2,6,1.0,0
2025-09-03 09:00,574.2,6,1.0,0
2025-09-03 10:00,574.2,6,1.0,0
2025-09-03 11:00,574.2,6,1.0,0
2025-09-03 12:00,574.2,6,1.0,0
2025-09-03 13:00,574.2,6,1.0,0
2025-09-03 14:00,574.2,6,1.0,0
2025-09-03 15:00,574.2,6,1.0,0
2025-09-03 16:00,574.2,6,1.0,0
2025-09-03 17:00,574.2,6,1.0,0
2025-09-03 18:00,574.2,6,1.0,0
2025-09-03 19:00,574.2,6,1.0,0
2025-09-03 20:00,574.2,6,1.0,0
2025-09-03 21:00,574.2,6,1.0,0
2025-09-03 22:00,574.2,6,1.0,0
2025-09-03 23:00,574.2,6,1.0,0
2025-09-04 00:00,574.2,6,1.0,0
2025-09-04 01:00,574.2,6,1.0,0
2025-09-04 02:00,574.2,6,1.0,0
2025-09-04 03:00,574.2,6,1.0,0
2025-09-04 04:00,574.2,6,1.0,0
2025-09-04 05:00,574.2,6,1.0,0
2025-09-04 06:00,574.2,6,1.0,0
2025-09-04 07:00,574.2,6,1.0,0
2025-09-04 08:00,574.2,6,1.0,0
2025-09-04 09:00,574.2,6,1.0,0
2025-09-04 10:00,574.2,6,1.0,0
2025-09-04 11:00,574.2,6,1.0,0
2025-09-04 12:00,574.2,6,1.0,0
2025-09-04 13:00,574.2,6,1.0,0
2025-09-04 14:00,574.2,6,1.0,0
2025-09-04 15:00,574.2,6,1.0,0
2025-09-04 16:00,574.2,6,1.0,0
2025-09-04 17:00,574.2,6,1.0,0
2025-09-04 18:00,574.2,6,1.0,0
2025-09-04 19:00,574.2,6,1.0,0
2025-09-04 20:00,574.2,6,1.0,0
2025-09-04 21:00,574.2,6,1.0,0
2025-09-04 22:00,574.2,6,1.0,0
2025-09-04 23:00,574.2,6,1.0,0
2025-09-05 00:00,574.2,6,1.0,0
2025-09-05 01:00,574.2,6,1.0,0
2025-09-05 02:00,574.2,6,1.0,0
2025-09-05 03:00,574.2,6,1.0,0
2025-09-05 04:00,574.2,6,1.0,0
2025-09-05 05:00,574.2,6,1.0,0
2025-09-05 06:00,574.2,6,1.0,0
2025-09-05 07:00,574.2,6,1.0,0
2025-09-05 08:00,574.2,6,1.0,0
2025-09-05 09:00,574.2,6,1.0,0
2025-09-05 10:00,574.2,6,1.0,0
2025-09-05 11:00,574.2,6,1.0,0
2025-09-05 12:00,574.2,6,1.0,0
2025-09-05 13:00,574.2,6,1.0,0
2025-09-05 14:00,574.2,6,1.0,0
2025-09-05 15:00,574.2,6,1.0,0
2025-09-05 16:00,574.2,6,1.0,0
2025-09-05 17:00,574.2,6,1.0,0
2025-09-05 18:00,574.2,6,1.0,0
2025-09-05 19:00,574.2,6,1.0,0
2025-09-05 20:00,574.2,6,1.0,0
2025-09-05 21:00,574.2,6,1.0,0
2025-09-05 22:00,574.2,6,1.0,0
2025-09-05 23:00,574.2,6,1.0,0
2025-09-06 00:00,574.2,6,1.0,0
2025-09-06 01:00,574.2,6,1.0,0
2025-09-06 02:00,574.2,6,1.0,0
2025-09-06 03:00,574.2,6,1.0,0
2025-09-06 04:00,574.2,6,1.0,0
2025-09-06 05:00,574.2,6,1.0,0
2025-09-06 06:00,574.2,6,1.0,0
2025-09-06 07:00,574.2,6,1.0,0
2025-09-06 08:00,574.2,6,1.0,0
2025-09-06 09:00,574.2,6,1.0,0
2025-09-06 10:00,574.2,6,1.0,0
2025-09-06 11:00,574.2,6,1.0,0
2025-09-06 12:00,574.2,6,1.0,0
2025-09-06 13:00,574.2,6,1.0,0
2025-09-06 14:00,574.2,6,1.0,0
2025-09-06 15:00,574.2,6,1.0,0
2025-09-06 16:00,574.2,6,1.0,0
2025-09-06 17:00,574.2,6,1.0,0
2025-09-06 18:00,574.2,6,1.0,0
2025-09-06 19:00,574.2,6,1.0,0
2025-09-06 20:00,574.2,6,1.0,0
2025-09-06 21:00,574.2,6,1.0,0
2025-09-06 22:00,574.2,6,1.0,0
2025-09-06 23:00,574.2,6,1.0,0
2025-09-07 00:00,574.2,6,1.0,0
2025-09-07 01:00,574.2,6,1.0,0
2025-09-07 02:00,574.2,6,1.0,0
2025-09-07 03:00,574.2,6,1.0,0
2025-09-07 04:00,574.2,6,1.0,0
2025-09-07 05:00,574.2,6,1.0,0
2025-09-07 06:00,574.2,6,1.0,0
2025-09-07 07:00,574.2,6,1.0,0
2025-09-07 08:00,574.2,6,1.0,0
2025-09-07 09:00,574.2,6,1.0,0
2025-09-07 10:00,574.2,6,1.0,0
2025-09-07 11:00,574.2,6,1.0,0
2025-09-07 12:00,574.2,6,1.0,0
2025-09-07 13:00,574.2,6,1.0,0
2025-09-07 14:00,574.2,6,1.0,0
2025-09-07 15:00,574.2,6,1.0,0
2025-09-07 16:00,574.2,6,1.0,0
2025-09-07 17:00,574.2,6,1.0,0
2025-09-07 18:00,574.2,6,1.0,0
2025-09-07 19:00,574.2,6,1.0,0
2025-09-07 20:00,574.2,6,1.0,0
2025-09-07 21:00,574.2,6,1.0,0
2025-09-07 22:00,574.2,6,1.0,0
2025-09-07 23:00,574.2,6,1.0,0
2025-09-08 00:00,574.2,6,1.0,0
2025-09-08 01:00,574.2,6,1.0,0
2025-09-08 02:00,574.2,6,1.0,0
2025-09-08 03:00,574.2,6,1.0,0
2025-09-08 04:00,574.2,6,1.0,0
2025-09-08 05:00,574.2,6,1.0,0
2025-09-08 06:00,574.2,6,1.0,0
2025-09-08 07:00,574.2,6,1.0,0
2025-09-08 08:00,574.2,6,1.0,0
2025-09-08 09:00,574.2,6,1.0,0
2025-09-08 10:00,574.2,6,1.0,0
2025-09-08 11:00,574.2,6,1.0,0
2025-09-08 12:00,574.2,6,1.0,0
2025-09-08 13:00,574.2,6,1.0,0
2025-09-08 14:00,574.2,6,1.0,0
2025-09-08 15:00,574.2,6,1.0,0
2025-09-08 16:00,574.2,6,1.0,0
2025-09-08 17:00,574.2,6,1.0,0
2025-09-08 18:00,574.2,6,1.0,0
2025-09-08 19:00,574.2,6,1.0,0
2025-09-08 20:00,574.2,6,1.0,0
2025-09-08 21:00,574.2,6,1.0,0
2025-09-08 22:00,574.2,6,1.0,0
2025-09-08 23:00,574.2,6,1.0,0
2025-09-09 00:00,574.2,6,1.0,0
2025-09-09 01:00,574.2,6,1.0,0
2025-09-09 02:00,574.2,6,1.0,0
2025-09-09 03:00,574.2,6,1.0,0
2025-09-09 04:00,574.2,6,1.0,0
2025-09-09 05:00,574.2,6,1.0,0
2025-09-09 06:00,574.2,6,1.0,0
2025-09-09 07:00,574.2,6,1.0,0
2025-09-09 08:00,574.2,6,1.0,0
2025-09-09 09:00,574.2,6,1.0,0
2025-09-09 10:00,574.2,6,1.0,0
2025-09-09 11:00,574.2,6,1.0,0
2025-09-09 12:00,574.2,6,1.0,0
2025-09-09 13:00,574.2,6,1.0,0
2025-09-09 14:00,574.2,6,1.0,0
2025-09-09 15:00,574.2,6,1.0,0
2025-09-09 16:00,574.2,6,1.0,0
2025-09-09 17:00,574.2,6,1.0,0
2025-09-09 18:00,574.2,6,1.0,0
2025-09-09 19:00,574.2,6,1.0,0
2025-09-09 20:00,574.2,6,1.0,0
2025-09-09 21:00,574.2,6,1.0,0
2025-09-09 22:00,574.2,6,1.0,0
2025-09-09 23:00,574.2,6,1.0,0
2025-09-10 00:00,574.2,6,1.0,0
2025-09-10 01:00,574.2,6,1.0,0
2025-09-10 02:00,574.2,6,1.0,0
2025-09-10 03:00,574.2,6,1.0,0
2025-09-10 04:00,574.2,6,1.0,0
2025-09-10 05:00,574.2,6,1.0,0
2025-09-10 06:00,574.2,6,1.0,0
2025-09-10 07:00,574.2,6,1.0,0
2025-09-10 08:00,574.2,6,1.0,0
2025-09-10 09:00,574.2,6,1.0,0
2025-09-10 10:00,574.2,6,1.0,0
2025-09-10 11:00,574.2,6,1.0,0
2025-09-10 12:00,574.2,6,1.0,0
2025-09-10 13:00,574.2,6,1.0,0
2025-09-10 14:00,574.2,6,1.0,0
2025-09-10 15:00,574.8,6,1.0,0
2025-09-10 16:00,574.8,6,1.0,0
2025-09-10 17:00,575.4,6,1.0,0
2025-09-10 18:00,576.4,6,1.0,0
2025-09-10 19:00,577.6,6,1.0,0
2025-09-10 20:00,578.0,6,1.0,0
2025-09-10 21:00,578.0,6,1.0,0
2025-09-10 22:00,578.4,6,1.0,0
2025-09-10 23:00,584.2,6,1.0,0
2025-09-11 00:00,590.0,6,1.0,0
2025-09-11 01:00,620.6,6,1.0,0
2025-09-11 02:00,623.6,6,1.0,0
2025-09-11 03:00,623.6,6,1.0,0
2025-09-11 04:00,623.6,6,1.0,0
2025-09-11 05:00,623.6,6,1.0,0
2025-09-11 06:00,623.6,6,1.0,0
2025-09-11 07:00,623.6,6,1.0,0
2025-09-11 08:00,623.8,6,1.0,0
2025-09-11 09:00,623.8,6,1.0,0
2025-09-11 10:00,623.8,6,1.0,0
2025-09-11 11:00,623.8,6,1.0,0
2025-09-11 12:00,623.8,6,1.0,0
2025-09-11 13:00,623.8,6,1.0,0
2025-09-11 14:00,623.8,6,1.0,0
2025-09-11 15:00,623.8,6,1.0,0
2025-09-11 16:00,623.8,6,1.0,0
2025-09-11 17:00,623.8,6,1.0,0
2025-09-11 18:00,623.8,6,1.0,0
2025-09-11 19:00,623.8,6,1.0,0
2025-09-11 20:00,623.8,6,1.0,0
2025-09-11 21:00,623.8,6,1.0,0
2025-09-11 22:00,623.8,6,1.0,0
2025-09-11 23:00,623.8,6,1.0,0
2025-09-12 00:00,623.8,6,1.0,0
2025-09-12 01:00,623.8,6,1.0,0
2025-09-12 02:00,623.8,6,1.0,0
2025-09-12 03:00,623.8,6,1.0,0
2025-09-12 04:00,623.8,6,1.0,0
2025-09-12 05:00,623.8,6,1.0,0
2025-09-12 06:00,623.8,6,1.0,0
2025-09-12 07:00,623.8,6,1.0,0
2025-09-12 08:00,623.8,6,1.0,0
2025-09-12 09:00,623.8,6,1.0,0
2025-09-12 10:00,623.8,6,1.0,0
2025-09-12 11:00,623.8,6,1.0,0
2025-09-12 12:00,623.8,6,1.0,0
2025-09-12 13:00,623.8,6,1.0,0
2025-09-12 14:00,623.8,6,1.0,0
2025-09-12 15:00,623.8,6,1.0,0
2025-09-12 16:00,623.8,6,1.0,0
2025-09-12 17:00,623.8,6,1.0,0
2025-09-12 18:00,623.8,6,1.0,0
2025-09-12 19:00,623.8,6,1.0,0
2025-09-12 20:00,623.8,6,1.0,0
2025-09-12 21:00,623.8,6,1.0,0
2025-09-12 22:00,623.8,6,1.0,0
2025-09-12 23:00,623.8,6,1.0,0
2025-09-13 00:00,623.8,6,1.0,0
2025-09-13 01:00,623.8,6,1.0,0
2025-09-13 02:00,623.8,6,1.0,0
2025-09-13 03:00,623.8,6,1.0,0
2025-09-13 04:00,623.8,6,1.0,0
2025-09-13 05:00,623.8,6,1.0,0
2025-09-13 06:00,623.8,6,1.0,0
2025-09-13 07:00,623.8,6,1.0,0
2025-09-13 08:00,623.8,6,1.0,0
2025-09-13 09:00,623.8,6,1.0,0
2025-09-13 10:00,623.8,6,1.0,0
2025-09-13 11:00,623.8,6,1.0,0
2025-09-13 12:00,623.8,6,1.0,0
2025-09-13 13:00,623.8,6,1.0,0
2025-09-13 14:00,623.8,6,1.0,0
2025-09-13 15:00,623.8,6,1.0,0
2025-09-13 16:00,623.8,6,1.0,0
2025-09-13 17:00,623.8,6,1.0,0
2025-09-13 18:00,623.8,6,1.0,0
2025-09-13 19:00,623.8,6,1.0,0
2025-09-13 20:00,623.8,6,1.0,0
2025-09-13 21:00,623.8,6,1.0,0
2025-09-13 22:00,623.8,6,1.0,0
2025-09-13 23:00,623.8,6,1.0,0
2025-09-14 00:00,623.8,6,1.0,0
2025-09-14 01:00,623.8,6,1.0,0
2025-09-14 02:00,623.8,6,1.0,0
2025-09-14 03:00,623.8,6,1.0,0
2025-09-14 04:00,623.8,6,1.0,0
2025-09-14 05:00,623.8,6,1.0,0
2025-09-14 06:00,623.8,6,1.0,0
2025-09-14 07:00,623.8,6,1.0,0
2025-09-14 08:00,623.8,6,1.0,0
2025-09-14 09:00,623.8,6,1.0,0
2025-09-14 10:00,623.8,6,1.0,0
2025-09-14 11:00,623.8,6,1.0,0
2025-09-14 12:00,623.8,6,1.0,0
2025-09-14 13:00,623.8,6,1.0,0
2025-09-14 14:00,623.8,6,1.0,0
2025-09-14 15:00,623.8,6,1.0,0
2025-09-14 16:00,623.8,6,1.0,0
2025-09-14 17:00,623.8,6,1.0,0
2025-09-14 18:00,623.8,6,1.0,0
2025-09-14 19:00,623.8,6,1.0,0
2025-09-14 20:00,623.8,6,1.0,0
2025-09-14 21:00,623.8,6,1.0,0
2025-09-14 22:00,623.8,6,1.0,0
2025-09-14 23:00,623.8,6,1.0,0
2025-09-15 00:00,623.8,6,1.0,0
2025-09-15 01:00,623.8,6,1.0,0
2025-09-15 02:00,623.8,6,1.0,0
2025-09-15 03:00,623.8,6,1.0,0
2025-09-15 04:00,623.8,6,1.0,0
2025-09-15 05:00,623.8,6,1.0,0
2025-09-15 06:00,623.8,6,1.0,0
2025-09-15 07:00,623.8,6,1.0,0
2025-09-15 08:00,623.8,6,1.0,0
2025-09-15 09:00,623.8,6,1.0,0
2025-09-15 10:00,623.8,6,1.0,0
2025-09-15 11:00,623.8,6,1.0,0
2025-09-15 12:00,623.8,6,1.0,0
2025-09-15 13:00,623.8,6,1.0,0
2025-09-15 14:00,623.8,6,1.0,0
2025-09-15 15:00,623.8,6,1.0,0
2025-09-15 16:00,623.8,6,1.0,0
2025-09-15 17:00,623.8,6,1.0,0
2025-09-15 18:00,623.8,6,1.0,0
2025-09-15 19:00,623.8,6,1.0,0
2025-09-15 20:00,623.8,6,1.0,0
2025-09-15 21:00,623.8,6,1.0,0
2025-09-15 22:00,623.8,6,1.0,0
2025-09-15 23:00,623.8,6,1.0,0
2025-09-16 00:00,623.8,6,1.0,0
2025-09-16 01:00,623.8,6,1.0,0
2025-09-16 02:00,623.8,6,1.0,0
2025-09-16 03:00,623.8,6,1.0,0
2025-09-16 04:00,623.8,6,1.0,0
2025-09-16 05:00,623.8,6,1.0,0
2025-09-16 06:00,623.8,6,1.0,0
2025-09-16 07:00,623.8,6,1.0,0
2025-09-16 08:00,623.8,6,1.0,0
2025-09-16 09:00,623.8,6,1.0,0
2025-09-16 10:00,623.8,6,1.0,0
2025-09-16 11:00,623.8,6,1.0,0
2025-09-16 12:00,623.8,6,1.0,0
2025-09-16 13:00,623.8,6,1.0,0
2025-09-16 14:00,623.8,6,1.0,0
2025-09-16 15:00,623.8,6,1.0,0
2025-09-16 16:00,623.8,6,1.0,0
2025-09-16 17:00,623.8,6,1.0,0
2025-09-16 18:00,623.8,6,1.0,0
2025-09-16 19:00,623.8,6,1.0,0
2025-09-16 20:00,623.8,6,1.0,0
2025-09-16 21:00,623.8,6,1.0,0
2025-09-16 22:00,623.8,6,1.0,0
2025-09-16 23:00,623.8,6,1.0,0
2025-09-17 00:00,623.8,6,1.0,0
2025-09-17 01:00,623.8,6,1.0,0
2025-09-17 02:00,623.8,6,1.0,0
2025-09-17 03:00,623.8,6,1.0,0
2025-09-17 04:00,623.8,6,1.0,0
2025-09-17 05:00,623.8,6,1.0,0
2025-09-17 06:00,623.8,6,1.0,0
2025-09-17 07:00,623.8,6,1.0,0
2025-09-17 08:00,623.8,6,1.0,0
2025-09-17 09:00,623.8,6,1.0,0
2025-09-17 10:00,623.8,6,1.0,0
2025-09-17 11:00,623.8,6,1.0,0
2025-09-17 12:00,623.8,6,1.0,0
2025-09-17 13:00,623.8,6,1.0,0
2025-09-17 14:00,623.8,6,1.0,0
2025-09-17 15:00,623.8,6,1.0,0
2025-09-17 16:00,623.8,6,1.0,0
2025-09-17 17:00,623.8,6,1.0,0
2025-09-17 18:00,623.8,6,1.0,0
2025-09-17 19:00,623.8,6,1.0,0
2025-09-17 20:00,623.8,6,1.0,0
2025-09-17 21:00,623.8,6,1.0,0
2025-09-17 22:00,623.8,6,1.0,0
2025-09-17 23:00,623.8,6,1.0,0
2025-09-18 00:00,623.8,6,1.0,0
2025-09-18 01:00,623.8,6,1.0,0
2025-09-18 02:00,623.8,6,1.0,0
2025-09-18 03:00,623.8,6,1.0,0
2025-09-18 04:00,623.8,6,1.0,0
2025-09-18 05:00,623.8,6,1.0,0
2025-09-18 06:00,623.8,6,1.0,0
2025-09-18 07:00,623.8,6,1.0,0
2025-09-18 08:00,623.8,6,1.0,0
2025-09-18 09:00,623.8,6,1.0,0
2025-09-18 10:00,623.8,6,1.0,0
2025-09-18 11:00,623.8,6,1.0,0
2025-09-18 12:00,623.8,6,1.0,0
2025-09-18 13:00,623.8,6,1.0,0
2025-09-18 14:00,623.8,6,1.0,0
2025-09-18 15:00,623.8,6,1.0,0
2025-09-18 16:00,623.8,6,1.0,0
2025-09-18 17:00,623.8,6,1.0,0
2025-09-18 18:00,623.8,6,1.0,0
2025-09-18 19:00,623.8,6,1.0,0
2025-09-18 20:00,623.8,6,1.0,0
2025-09-18 21:00,623.8,6,1.0,0
2025-09-18 22:00,623.8,6,1.0,0
2025-09-18 23:00,623.8,6,1.0,0
2025-09-19 00:00,623.8,6,1.0,0
2025-09-19 01:00,623.8,6,1.0,0
2025-09-19 02:00,623.8,6,1.0,0
2025-09-19 03:00,623.8,6,1.0,0
2025-09-19 04:00,623.8,6,1.0,0
2025-09-19 05:00,623.8,6,1.0,0
2025-09-19 06:00,623.8,6,1.0,0
2025-09-19 07:00,623.8,6,1.0,0
2025-09-19 08:00,623.8,6,1.0,0
2025-09-19 09:00,623.8,6,1.0,0
2025-09-19 10:00,623.8,6,1.0,0
2025-09-19 11:00,623.8,6,1.0,0
2025-09-19 12:00,623.8,6,1.0,0
2025-09-19 13:00,623.8,6,1.0,0
2025-09-19 14:00,623.8,6,1.0,0
2025-09-19 15:00,623.8,6,1.0,0
2025-09-19 16:00,623.8,6,1.0,0
2025-09-19 17:00,623.8,6,1.0,0
2025-09-19 18:00,623.8,6,1.0,0
2025-09-19 19:00,623.8,6,1.0,0
2025-09-19 20:00,623.8,6,1.0,0
2025-09-19 21:00,623.8,6,1.0,0
2025-09-19 22:00,623.8,6,1.0,0
2025-09-19 23:00,623.8,6,1.0,0
2025-09-20 00:00,623.8,6,1.0,0
2025-09-20 01:00,623.8,6,1.0,0
2025-09-20 02:00,623.8,6,1.0,0
2025-09-20 03:00,623.8,6,1.0,0
2025-09-20 04:00,623.8,6,1.0,0
2025-09-20 05:00,623.8,6,1.0,0
2025-09-20 06:00,623.8,6,1.0,0
2025-09-20 07:00,623.8,6,1.0,0
2025-09-20 08:00,623.8,6,1.0,0
2025-09-20 09:00,623.8,6,1.0,0
2025-09-20 10:00,623.8,6,1.0,0
2025-09-20 11:00,623.8,6,1.0,0
2025-09-20 12:00,623.8,6,1.0,0
2025-09-20 13:00,623.8,6,1.0,0
2025-09-20 14:00,623.8,6,1.0,0
2025-09-20 15:00,623.8,6,1.0,0
2025-09-20 16:00,623.8,6,1.0,0
2025-09-20 17:00,623.8,6,1.0,0
2025-09-20 18:00,623.8,6,1.0,0
2025-09-20 19:00,623.8,6,1.0,0
2025-09-20 20:00,623.8,6,1.0,0
2025-09-20 21:00,623.8,6,1.0,0
2025-09-20 22:00,623.8,6,1.0,0
2025-09-20 23:00,623.8,6,1.0,0
2025-09-21 00:00,623.8,6,1.0,0
2025-09-21 01:00,623.8,6,1.0,0
2025-09-21 02:00,623.8,6,1.0,0
2025-09-21 03:00,623.8,6,1.0,0
2025-09-21 04:00,623.8,6,1.0,0
2025-09-21 05:00,623.8,6,1.0,0
2025-09-21 06:00,623.8,6,1.0,0
2025-09-21 07:00,623.8,6,1.0,0
2025-09-21 08:00,623.8,6,1.0,0
2025-09-21 09:00,623.8,6,1.0,0
2025-09-21 10:00,623.8,6,1.0,0
2025-09-21 11:00,623.8,6,1.0,0
2025-09-21 12:00,623.8,6,1.0,0
2025-09-21 13:00,623.8,6,1.0,0
2025-09-21 14:00,623.8,6,1.0,0
2025-09-21 15:00,623.8,6,1.0,0
2025-09-21 16:00,623.8,6,1.0,0
2025-09-21 17:00,623.8,6,1.0,0
2025-09-21 18:00,623.8,6,1.0,0
2025-09-21 19:00,623.8,6,1.0,0
2025-09-21 20:00,623.8,6,1.0,0
2025-09-21 21:00,623.8,6,1.0,0
2025-09-21 22:00,623.8,6,1.0,0
2025-09-21 23:00,623.8,6,1.0,0
2025-09-22 00:00,623.8,6,1.0,0
2025-09-22 01:00,623.8,6,1.0,0
2025-09-22 02:00,623.8,6,1.0,0
2025-09-22 03:00,623.8,6,1.0,0
2025-09-22 04:00,623.8,6,1.0,0
2025-09-22 05:00,623.8,6,1.0,0
2025-09-22 06:00,623.8,6,1.0,0
2025-09-22 07:00,623.8,6,1.0,0
2025-09-22 08:00,623.8,6,1.0,0
2025-09-22 09:00,623.8,6,1.0,0
2025-09-22 10:00,623.8,6,1.0,0
2025-09-22 11:00,623.8,6,1.0,0
2025-09-22 12:00,623.8,6,1.0,0
2025-09-22 13:00,623.8,6,1.0,0
2025-09-22 14:00,623.8,6,1.0,0
2025-09-22 15:00,623.8,6,1.0,0
2025-09-22 16:00,623.8,6,1.0,0
2025-09-22 17:00,623.8,6,1.0,0
2025-09-22 18:00,623.8,6,1.0,0
2025-09-22 19:00,623.8,6,1.0,0
2025-09-22 20:00,623.8,6,1.0,0
2025-09-22 21:00,623.8,6,1.0,0
2025-09-22 22:00,623.8,6,1.0,0
2025-09-22 23:00,623.8,6,1.0,0
2025-09-23 00:00,623.8,6,1.0,0
2025-09-23 01:00,623.8,6,1.0,0
2025-09-23 02:00,623.8,6,1.0,0
2025-09-23 03:00,623.8,6,1.0,0
2025-09-23 04:00,623.8,6,1.0,0
2025-09-23 05:00,623.8,6,1.0,0
2025-09-23 06:00,623.8,6,1.0,0
2025-09-23 07:00,623.8,6,1.0,0
2025-09-23 08:00,623.8,6,1.0,0
2025-09-23 09:00,623.8,6,1.0,0
2025-09-23 10:00,624.0,6,1.0,0
2025-09-23 11:00,627.0,6,1.0,0
2025-09-23 12:00,629.8,6,1.0,0
2025-09-23 13:00,629.8,6,1.0,0
2025-09-23 14:00,630.2,6,1.0,0
2025-09-23 15:00,630.2,6,1.0,0
2025-09-23 16:00,630.2,6,1.0,0
2025-09-23 17:00,630.2,6,1.0,0
2025-09-23 18:00,630.2,6,1.0,0
2025-09-23 19:00,630.2,6,1.0,0
2025-09-23 20:00,630.2,6,1.0,0
2025-09-23 21:00,630.2,6,1.0,0
2025-09-23 22:00,630.2,6,1.0,0
2025-09-23 23:00,631.6,6,1.0,0
2025-09-24 00:00,635.4,6,1.0,0
2025-09-24 01:00,637.6,6,1.0,0
2025-09-24 02:00,638.2,6,1.0,0
2025-09-24 03:00,639.4,6,1.0,0
2025-09-24 04:00,640.2,6,1.0,0
2025-09-24 05:00,640.4,6,1.0,0
2025-09-24 06:00,640.4,6,1.0,0
2025-09-24 07:00,640.4,6,1.0,0
2025-09-24 08:00,640.4,6,1.0,0
2025-09-24 09:00,640.4,6,1.0,0
2025-09-24 10:00,640.4,6,1.0,0
2025-09-24 11:00,640.4,6,1.0,0
2025-09-24 12:00,640.6,6,1.0,0
2025-09-24 13:00,641.4,6,1.0,0
2025-09-24 14:00,644.6,6,1.0,0
2025-09-24 15:00,644.8,6,1.0,0
2025-09-24 16:00,644.8,6,1.0,0
2025-09-24 17:00,644.8,6,1.0,0
2025-09-24 18:00,644.8,6,1.0,0
2025-09-24 19:00,644.8,6,1.0,0
2025-09-24 20:00,644.8,6,1.0,0
2025-09-24 21:00,645.6,6,1.0,0
2025-09-24 22:00,645.8,6,1.0,0
2025-09-24 23:00,645.8,6,1.0,0
2025-09-25 00:00,645.8,6,1.0,0
2025-09-25 01:00,645.8,6,1.0,0
2025-09-25 02:00,645.8,6,1.0,0
2025-09-25 03:00,645.8,6,1.0,0
2025-09-25 04:00,645.8,6,1.0,0
2025-09-25 05:00,645.8,6,1.0,0
2025-09-25 06:00,645.8,6,1.0,0
2025-09-25 07:00,645.8,6,1.0,0
2025-09-25 08:00,645.8,6,1.0,0
2025-09-25 09:00,645.8,6,1.0,0
2025-09-25 10:00,645.8,6,1.0,0
2025-09-25 11:00,645.8,6,1.0,0
2025-09-25 12:00,645.8,6,1.0,0
2025-09-25 13:00,645.8,6,1.0,0
2025-09-25 14:00,645.8,6,1.0,0
2025-09-25 15:00,645.8,6,1.0,0
2025-09-25 16:00,645.8,6,1.0,0
2025-09-25 17:00,645.8,6,1.0,0
2025-09-25 18:00,645.8,6,1.0,0
2025-09-25 19:00,645.8,6,1.0,0
2025-09-25 20:00,645.8,6,1.0,0
2025-09-25 21:00,645.8,6,1.0,0
2025-09-25 22:00,645.8,6,1.0,0
2025-09-25 23:00,645.8,6,1.0,0
2025-09-26 00:00,645.8,6,1.0,0
2025-09-26 01:00,645.8,6,1.0,0
2025-09-26 02:00,645.8,6,1.0,0
2025-09-26 03:00,645.8,6,1.0,0
2025-09-26 04:00,645.8,6,1.0,0
2025-09-26 05:00,645.8,6,1.0,0
2025-09-26 06:00,645.8,6,1.0,0
2025-09-26 07:00,645.8,6,1.0,0
2025-09-26 08:00,645.8,6,1.0,0
2025-09-26 09:00,645.8,6,1.0,0
2025-09-26 10:00,645.8,6,1.0,0
2025-09-26 11:00,645.8,6,1.0,0
2025-09-26 12:00,645.8,6,1.0,0
2025-09-26 13:00,645.8,6,1.0,0
2025-09-26 14:00,645.8,6,1.0,0
2025-09-26 15:00,645.8,6,1.0,0
2025-09-26 16:00,645.8,6,1.0,0
2025-09-26 17:00,645.8,6,1.0,0
2025-09-26 18:00,645.8,6,1.0,0
2025-09-26 19:00,645.8,6,1.0,0
2025-09-26 20:00,645.8,6,1.0,0
2025-09-26 21:00,645.8,6,1.0,0
2025-09-26 22:00,645.8,6,1.0,0
2025-09-26 23:00,645.8,6,1.0,0
2025-09-27 00:00,645.8,6,1.0,0
2025-09-27 01:00,645.8,6,1.0,0
2025-09-27 02:00,645.8,6,1.0,0
2025-09-27 03:00,645.8,6,1.0,0
2025-09-27 04:00,645.8,6,1.0,0
2025-09-27 05:00,645.8,6,1.0,0
2025-09-27 06:00,645.8,6,1.0,0
2025-09-27 07:00,645.8,6,1.0,0
2025-09-27 08:00,645.8,6,1.0,0
2025-09-27 09:00,645.8,6,1.0,0
2025-09-27 10:00,645.8,6,1.0,0
2025-09-27 11:00,645.8,6,1.0,0
2025-09-27 12:00,645.8,6,1.0,0
2025-09-27 13:00,645.8,6,1.0,0
2025-09-27 14:00,645.8,6,1.0,0
2025-09-27 15:00,645.8,6,1.0,0
2025-09-27 16:00,645.8,6,1.0,0
2025-09-27 17:00,645.8,6,1.0,0
2025-09-27 18:00,645.8,6,1.0,0
2025-09-27 19:00,645.8,6,1.0,0
2025-09-27 20:00,645.8,6,1.0,0
2025-09-27 21:00,645.8,6,1.0,0
2025-09-27 22:00,645.8,6,1.0,0
2025-09-27 23:00,645.8,6,1.0,0
2025-09-28 00:00,645.8,6,1.0,0
2025-09-28 01:00,645.8,6,1.0,0
2025-09-28 02:00,645.8,6,1.0,0
2025-09-28 03:00,645.8,6,1.0,0
2025-09-28 04:00,645.8,6,1.0,0
2025-09-28 05:00,645.8,6,1.0,0
2025-09-28 06:00,645.8,6,1.0,0
2025-09-28 07:00,645.8,6,1.0,0
2025-09-28 08:00,645.8,6,1.0,0
2025-09-28 09:00,645.8,6,1.0,0
2025-09-28 10:00,645.8,6,1.0,0
2025-09-28 11:00,645.8,6,1.0,0
2025-09-28 12:00,645.8,6,1.0,0
2025-09-28 13:00,645.8,6,1.0,0
2025-09-28 14:00,645.8,6,1.0,0
2025-09-28 15:00,645.8,6,1.0,0
2025-09-28 16:00,645.8,6,1.0,0
2025-09-28 17:00,645.8,6,1.0,0
2025-09-28 18:00,645.8,6,1.0,0
2025-09-28 19:00,645.8,6,1.0,0
2025-09-28 20:00,645.8,6,1.0,0
2025-09-28 21:00,645.8,6,1.0,0
2025-09-28 22:00,645.8,6,1.0,0
2025-09-28 23:00,645.8,6,1.0,0
2025-09-29 00:00,645.8,6,1.0,0
2025-09-29 01:00,645.8,6,1.0,0
2025-09-29 02:00,645.8,6,1.0,0
2025-09-29 03:00,645.8,6,1.0,0
2025-09-29 04:00,645.8,6,1.0,0
2025-09-29 05:00,645.8,6,1.0,0
2025-09-29 06:00,645.8,6,1.0,0
2025-09-29 07:00,645.8,6,1.0,0
2025-09-29 08:00,645.8,6,1.0,0
2025-09-29 09:00,645.8,6,1.0,0
2025-09-29 10:00,645.8,6,1.0,0
2025-09-29 11:00,645.8,6,1.0,0
2025-09-29 12:00,645.8,6,1.0,0
2025-09-29 13:00,645.8,6,1.0,0
2025-09-29 14:00,645.8,6,1.0,0
2025-09-29 15:00,645.8,6,1.0,0
2025-09-29 16:00,645.8,6,1.0,0
2025-09-29 17:00,645.8,6,1.0,0
2025-09-29 18:00,645.8,6,1.0,0
2025-09-29 19:00,645.8,6,1.0,0
2025-09-29 20:00,645.8,6,1.0,0
2025-09-29 21:00,645.8,6,1.0,0
2025-09-29 22:00,645.8,6,1.0,0
2025-09-29 23:00,645.8,6,1.0,0
2025-09-30 00:00,645.8,6,1.0,0
2025-09-30 01:00,645.8,6,1.0,0
2025-09-30 02:00,645.8,6,1.0,0
2025-09-30 03:00,645.8,6,1.0,0
2025-09-30 04:00,645.8,6,1.0,0
2025-09-30 05:00,645.8,6,1.0,0
2025-09-30 06:00,645.8,6,1.0,0
2025-09-30 07:00,645.8,6,1.0,0
2025-09-30 08:00,645.8,6,1.0,0
2025-09-30 09:00,645.8,6,1.0,0
2025-09-30 10:00,645.8,6,1.0,0
2025-09-30 11:00,645.8,6,1.0,0
2025-09-30 12:00,645.8,6,1.0,0
2025-09-30 13:00,645.8,6,1.0,0
2025-09-30 14:00,645.8,6,1.0,0
2025-09-30 15:00,645.8,6,1.0,0
2025-09-30 16:00,645.8,6,1.0,0
2025-09-30 17:00,645.8,6,1.0,0
2025-09-30 18:00,645.8,6,1.0,0
2025-09-30 19:00,645.8,6,1.0,0
2025-09-30 20:00,645.8,6,1.0,0
2025-09-30 21:00,645.8,6,1.0,0
2025-09-30 22:00,645.8,6,1.0,0
2025-09-30 23:00,645.8,6,1.0,0
2025-10-01 00:00,645.8,6,1.0,0
2025-10-01 01:00,645.8,6,1.0,0
2025-10-01 02:00,645.8,6,1.0,0
2025-10-01 03:00,645.8,6,1.0,0
2025-10-01 04:00,645.8,6,1.0,0
2025-10-01 05:00,645.8,6,1.0,0
2025-10-01 06:00,645.8,6,1.0,0
2025-10-01 07:00,645.8,6,1.0,0
2025-10-01 08:00,645.8,6,1.0,0
2025-10-01 09:00,645.8,6,1.0,0
2025-10-01 10:00,645.8,6,1.0,0
2025-10-01 11:00,645.8,6,1.0,0
2025-10-01 12:00,645.8,6,1.0,0
2025-10-01 13:00,646.0,6,1.0,0
2025-10-01 14:00,646.0,6,1.0,0
2025-10-01 15:00,646.0,6,1.0,0
2025-10-01 16:00,646.2,6,1.0,0
2025-10-01 17:00,648.0,6,1.0,0
2025-10-01 18:00,649.4,6,1.0,0
2025-10-01 19:00,649.4,6,1.0,0
2025-10-01 20:00,649.6,6,1.0,0
2025-10-01 21:00,649.6,6,1.0,0
2025-10-01 22:00,649.6,6,1.0,0
2025-10-01 23:00,649.6,6,1.0,0
2025-10-02 00:00,649.6,6,1.0,0
2025-10-02 01:00,649.6,6,1.0,0
2025-10-02 02:00,649.6,6,1.0,0
2025-10-02 03:00,649.8,6,1.0,0
2025-10-02 04:00,649.8,6,1.0,0
2025-10-02 05:00,649.8,6,1.0,0
2025-10-02 06:00,649.8,6,1.0,0
2025-10-02 07:00,649.8,6,1.0,0
2025-10-02 08:00,649.8,6,1.0,0
2025-10-02 09:00,649.8,6,1.0,0
2025-10-02 10:00,649.8,6,1.0,0
2025-10-02 11:00,649.8,6,1.0,0
2025-10-02 12:00,649.8,6,1.0,0
2025-10-02 13:00,649.8,6,1.0,0
2025-10-02 14:00,649.8,6,1.0,0
2025-10-02 15:00,649.8,6,1.0,0
2025-10-02 16:00,649.8,6,1.0,0
2025-10-02 17:00,649.8,6,1.0,0
2025-10-02 18:00,649.8,6,1.0,0
2025-10-02 19:00,649.8,6,1.0,0
2025-10-02 20:00,649.8,6,1.0,0
2025-10-02 21:00,649.8,6,1.0,0
2025-10-02 22:00,649.8,6,1.0,0
2025-10-02 23:00,649.8,6,1.0,0
2025-10-03 00:00,649.8,6,1.0,0
2025-10-03 01:00,649.8,6,1.0,0
2025-10-03 02:00,649.8,6,1.0,0
2025-10-03 03:00,649.8,6,1.0,0
2025-10-03 04:00,649.8,6,1.0,0
2025-10-03 05:00,649.8,6,1.0,0
2025-10-03 06:00,649.8,6,1.0,0
2025-10-03 07:00,649.8,6,1.0,0
2025-10-03 08:00,649.8,6,1.0,0
2025-10-03 09:00,649.8,6,1.0,0
2025-10-03 10:00,649.8,6,1.0,0
2025-10-03 11:00,649.8,6,1.0,0
2025-10-03 12:00,649.8,6,1.0,0
2025-10-03 13:00,649.8,6,1.0,0
2025-10-03 14:00,649.8,6,1.0,0
2025-10-03 15:00,649.8,6,1.0,0
2025-10-03 16:00,649.8,6,1.0,0
2025-10-03 17:00,649.8,6,1.0,0
2025-10-03 18:00,649.8,6,1.0,0
2025-10-03 19:00,649.8,6,1.0,0
2025-10-03 20:00,649.8,6,1.0,0
2025-10-03 21:00,649.8,6,1.0,0
2025-10-03 22:00,649.8,6,1.0,0
2025-10-03 23:00,649.8,6,1.0,0
2025-10-04 00:00,649.8,6,1.0,0
2025-10-04 01:00,649.8,6,1.0,0
2025-10-04 02:00,649.8,6,1.0,0
2025-10-04 03:00,649.8,6,1.0,0
2025-10-04 04:00,649.8,6,1.0,0
2025-10-04 05:00,649.8,6,1.0,0
2025-10-04 06:00,649.8,6,1.0,0
2025-10-04 07:00,649.8,6,1.0,0
2025-10-04 08:00,649.8,6,1.0,0
2025-10-04 09:00,649.8,6,1.0,0
2025-10-04 10:00,649.8,6,1.0,0
2025-10-04 11:00,649.8,6,1.0,0
2025-10-04 12:00,649.8,6,1.0,0
2025-10-04 13:00,649.8,6,1.0,0
2025-10-04 14:00,649.8,6,1.0,0
2025-10-04 15:00,649.8,6,1.0,0
2025-10-04 16:00,649.8,6,1.0,0
2025-10-04 17:00,649.8,6,1.0,0
2025-10-04 18:00,649.8,6,1.0,0
2025-10-04 19:00,649.8,6,1.0,0
2025-10-04 20:00,649.8,6,1.0,0
2025-10-04 21:00,649.8,6,1.0,0
2025-10-04 22:00,649.8,6,1.0,0
2025-10-04 23:00,649.8,6,1.0,0
2025-10-05 00:00,649.8,6,1.0,0
2025-10-05 01:00,649.8,6,1.0,0
2025-10-05 02:00,649.8,6,1.0,0
2025-10-05 03:00,649.8,6,1.0,0
2025-10-05 04:00,649.8,6,1.0,0
2025-10-05 05:00,649.8,6,1.0,0
2025-10-05 06:00,649.8,6,1.0,0
2025-10-05 07:00,652.4,6,1.0,0
2025-10-05 08:00,654.4,6,1.0,0
2025-10-05 09:00,656.2,6,1.0,0
2025-10-05 10:00,658.0,6,1.0,0
2025-10-05 11:00,658.0,6,1.0,0
2025-10-05 12:00,661.8,6,1.0,0
2025-10-05 13:00,671.4,6,1.0,0
2025-10-05 14:00,671.6,6,1.0,0
2025-10-05 15:00,671.6,6,1.0,0
2025-10-05 16:00,671.8,6,1.0,0
2025-10-05 17:00,671.8,6,1.0,0
2025-10-05 18:00,671.8,6,1.0,0
2025-10-05 19:00,671.8,6,1.0,0
2025-10-05 20:00,672.2,6,1.0,0
2025-10-05 21:00,672.6,6,1.0,0
2025-10-05 22:00,672.6,6,1.0,0
2025-10-05 23:00,672.6,6,1.0,0
2025-10-06 00:00,672.6,6,1.0,0
2025-10-06 01:00,672.6,6,1.0,0
2025-10-06 02:00,672.6,6,1.0,0
2025-10-06 03:00,672.6,6,1.0,0
2025-10-06 04:00,672.6,6,1.0,0
2025-10-06 05:00,672.6,6,1.0,0
2025-10-06 06:00,672.6,6,1.0,0
2025-10-06 07:00,672.6,6,1.0,0
2025-10-06 08:00,672.6,6,1.0,0
2025-10-06 09:00,672.6,6,1.0,0
2025-10-06 10:00,672.6,6,1.0,0
2025-10-06 11:00,672.6,6,1.0,0
2025-10-06 12:00,672.6,6,1.0,0
2025-10-06 13:00,672.6,6,1.0,0
2025-10-06 14:00,672.6,6,1.0,0
2025-10-06 15:00,672.6,6,1.0,0
2025-10-06 16:00,672.6,6,1.0,0
2025-10-06 17:00,672.6,6,1.0,0
2025-10-06 18:00,672.6,6,1.0,0
2025-10-06 19:00,672.6,6,1.0,0
2025-10-06 20:00,672.6,6,1.0,0
2025-10-06 21:00,672.6,6,1.0,0
2025-10-06 22:00,672.6,6,1.0,0
2025-10-06 23:00,672.6,6,1.0,0
2025-10-07 00:00,672.6,6,1.0,0
2025-10-07 01:00,672.6,6,1.0,0
2025-10-07 02:00,672.6,6,1.0,0
2025-10-07 03:00,672.6,6,1.0,0
2025-10-07 04:00,672.6,6,1.0,0
2025-10-07 05:00,672.6,6,1.0,0
2025-10-07 06:00,672.6,6,1.0,0
2025-10-07 07:00,672.6,6,1.0,0
2025-10-07 08:00,672.6,6,1.0,0
2025-10-07 09:00,672.6,6,1.0,0
2025-10-07 10:00,672.6,6,1.0,0
2025-10-07 11:00,672.6,6,1.0,0
2025-10-07 12:00,672.6,6,1.0,0
2025-10-07 13:00,672.6,6,1.0,0
2025-10-07 14:00,672.6,6,1.0,0
2025-10-07 15:00,672.6,6,1.0,0
2025-10-07 16:00,672.6,6,1.0,0
2025-10-07 17:00,672.6,6,1.0,0
2025-10-07 18:00,672.6,6,1.0,0
2025-10-07 19:00,672.6,6,1.0,0
2025-10-07 20:00,672.6,6,1.0,0
2025-10-07 21:00,672.6,6,1.0,0
2025-10-07 22:00,672.6,6,1.0,0
2025-10-07 23:00,672.6,6,1.0,0
2025-10-08 00:00,672.6,6,1.0,0
2025-10-08 01:00,672.6,6,1.0,0
2025-10-08 02:00,672.6,6,1.0,0
2025-10-08 03:00,672.6,6,1.0,0
2025-10-08 04:00,672.6,6,1.0,0
2025-10-08 05:00,672.6,6,1.0,0
2025-10-08 06:00,672.6,6,1.0,0
2025-10-08 07:00,672.6,6,1.0,0
2025-10-08 08:00,672.6,6,1.0,0
2025-10-08 09:00,672.6,6,1.0,0
2025-10-08 10:00,672.6,6,1.0,0
2025-10-08 11:00,672.6,6,1.0,0
2025-10-08 12:00,672.6,6,1.0,0
2025-10-08 13:00,672.6,6,1.0,0
2025-10-08 14:00,672.6,6,1.0,0
2025-10-08 15:00,672.6,6,1.0,0
2025-10-08 16:00,672.6,6,1.0,0
2025-10-08 17:00,672.6,6,1.0,0
2025-10-08 18:00,672.6,6,1.0,0
2025-10-08 19:00,672.6,6,1.0,0
2025-10-08 20:00,672.6,6,1.0,0
2025-10-08 21:00,672.6,6,1.0,0
2025-10-08 22:00,672.6,6,1.0,0
2025-10-08 23:00,672.6,6,1.0,0
2025-10-09 00:00,672.6,6,1.0,0
2025-10-09 01:00,672.6,6,1.0,0
2025-10-09 02:00,672.6,6,1.0,0
2025-10-09 03:00,672.6,6,1.0,0
2025-10-09 04:00,672.6,6,1.0,0
2025-10-09 05:00,672.6,6,1.0,0
2025-10-09 06:00,672.6,6,1.0,0
2025-10-09 07:00,672.6,6,1.0,0
2025-10-09 08:00,672.6,6,1.0,0
2025-10-09 09:00,672.6,6,1.0,0
2025-10-09 10:00,672.6,6,1.0,0
2025-10-09 11:00,672.6,6,1.0,0
2025-10-09 12:00,672.6,6,1.0,0
2025-10-09 13:00,672.6,6,1.0,0
2025-10-09 14:00,672.6,6,1.0,0
2025-10-09 15:00,672.6,6,1.0,0
2025-10-09 16:00,672.6,6,1.0,0
2025-10-09 17:00,672.6,6,1.0,0
2025-10-09 18:00,672.6,6,1.0,0
2025-10-09 19:00,672.6,6,1.0,0
2025-10-09 20:00,672.6,6,1.0,0
2025-10-09 21:00,672.6,6,1.0,0
2025-10-09 22:00,672.6,6,1.0,0
2025-10-09 23:00,672.6,6,1.0,0
2025-10-10 00:00,672.6,6,1.0,0
2025-10-10 01:00,672.6,6,1.0,0
2025-10-10 02:00,672.6,6,1.0,0
2025-10-10 03:00,672.6,6,1.0,0
2025-10-10 04:00,672.6,6,1.0,0
2025-10-10 05:00,672.6,6,1.0,0
2025-10-10 06:00,672.6,6,1.0,0
2025-10-10 07:00,672.6,6,1.0,0
2025-10-10 08:00,672.6,6,1.0,0
2025-10-10 09:00,672.6,6,1.0,0
2025-10-10 10:00,672.6,6,1.0,0
2025-10-10 11:00,672.6,6,1.0,0
2025-10-10 12:00,672.6,6,1.0,0
2025-10-10 13:00,672.6,6,1.0,0
2025-10-10 14:00,672.6,6,1.0,0
2025-10-10 15:00,672.6,6,1.0,0
2025-10-10 16:00,672.6,6,1.0,0
2025-10-10 17:00,672.6,6,1.0,0
2025-10-10 18:00,672.6,6,1.0,0
2025-10-10 19:00,672.6,6,1.0,0
2025-10-10 20:00,672.6,6,1.0,0
2025-10-10 21:00,672.6,6,1.0,0
2025-10-10 22:00,672.6,6,1.0,0
2025-10-10 23:00,672.6,6,1.0,0
2025-10-11 00:00,672.6,6,1.0,0
2025-10-11 01:00,672.6,6,1.0,0
2025-10-11 02:00,672.6,6,1.0,0
2025-10-11 03:00,672.6,6,1.0,0
2025-10-11 04:00,672.6,6,1.0,0
2025-10-11 05:00,672.6,6,1.0,0
2025-10-11 06:00,672.6,6,1.0,0
2025-10-11 07:00,672.6,6,1.0,0
2025-10-11 08:00,672.6,6,1.0,0
2025-10-11 09:00,672.6,6,1.0,0
2025-10-11 10:00,672.6,6,1.0,0
2025-10-11 11:00,672.6,6,1.0,0
2025-10-11 12:00,672.6,6,1.0,0
2025-10-11 13:00,672.6,6,1.0,0
2025-10-11 14:00,672.6,6,1.0,0
2025-10-11 15:00,672.6,6,1.0,0
2025-10-11 16:00,672.6,6,1.0,0
2025-10-11 17:00,672.6,6,1.0,0
2025-10-11 18:00,672.6,6,1.0,0
2025-10-11 19:00,672.6,6,1.0,0
2025-10-11 20:00,672.6,6,1.0,0
2025-10-11 21:00,672.6,6,1.0,0
2025-10-11 22:00,672.6,6,1.0,0
2025-10-11 23:00,672.6,6,1.0,0
2025-10-12 00:00,672.6,6,1.0,0
2025-10-12 01:00,672.6,6,1.0,0
2025-10-12 02:00,672.6,6,1.0,0
2025-10-12 03:00,672.6,6,1.0,0
2025-10-12 04:00,672.6,6,1.0,0
2025-10-12 05:00,672.6,6,1.0,0
2025-10-12 06:00,672.6,6,1.0,0
2025-10-12 07:00,672.6,6,1.0,0
2025-10-12 08:00,672.6,6,1.0,0
2025-10-12 09:00,672.6,6,1.0,0
2025-10-12 10:00,672.6,6,1.0,0
2025-10-12 11:00,672.6,6,1.0,0
2025-10-12 12:00,672.6,6,1.0,0
2025-10-12 13:00,672.6,6,1.0,0
2025-10-12 14:00,672.6,6,1.0,0
2025-10-12 15:00,672.6,6,1.0,0
2025-10-12 16:00,672.6,6,1.0,0
2025-10-12 17:00,672.6,6,1.0,0
2025-10-12 18:00,672.6,6,1.0,0
2025-10-12 19:00,672.6,6,1.0,0
2025-10-12 20:00,672.6,6,1.0,0
2025-10-12 21:00,672.6,6,1.0,0
2025-10-12 22:00,672.6,6,1.0,0
2025-10-12 23:00,672.6,6,1.0,0
2025-10-13 00:00,672.6,6,1.0,0
2025-10-13 01:00,672.6,6,1.0,0
2025-10-13 02:00,672.6,6,1.0,0
2025-10-13 03:00,672.6,6,1.0,0
2025-10-13 04:00,672.6,6,1.0,0
2025-10-13 05:00,672.6,6,1.0,0
2025-10-13 06:00,672.6,6,1.0,0
2025-10-13 07:00,672.6,6,1.0,0
2025-10-13 08:00,672.6,6,1.0,0
2025-10-13 09:00,672.6,6,1.0,0
2025-10-13 10:00,672.6,6,1.0,0
2025-10-13 11:00,672.6,6,1.0,0
2025-10-13 12:00,672.6,6,1.0,0
2025-10-13 13:00,672.6,6,1.0,0
2025-10-13 14:00,672.6,6,1.0,0
2025-10-13 15:00,672.6,6,1.0,0
2025-10-13 16:00,672.6,6,1.0,0
2025-10-13 17:00,672.6,6,1.0,0
2025-10-13 18:00,672.6,6,1.0,0
2025-10-13 19:00,672.6,6,1.0,0
2025-10-13 20:00,672.6,6,1.0,0
2025-10-13 21:00,672.6,6,1.0,0
2025-10-13 22:00,672.6,6,1.0,0
2025-10-13 23:00,672.6,6,1.0,0
2025-10-14 00:00,672.6,6,1.0,0
2025-10-14 01:00,672.6,6,1.0,0
2025-10-14 02:00,672.6,6,1.0,0
2025-10-14 03:00,672.6,6,1.0,0
2025-10-14 04:00,672.6,6,1.0,0
2025-10-14 05:00,672.6,6,1.0,0
2025-10-14 06:00,672.6,6,1.0,0
2025-10-14 07:00,672.6,6,1.0,0
2025-10-14 08:00,672.6,6,1.0,0
2025-10-14 09:00,672.6,6,1.0,0
2025-10-14 10:00,672.6,6,1.0,0
2025-10-14 11:00,672.6,6,1.0,0
2025-10-14 12:00,672.6,6,1.0,0
2025-10-14 13:00,672.6,6,1.0,0
2025-10-14 14:00,672.6,6,1.0,0
2025-10-14 15:00,672.6,6,1.0,0
2025-10-14 16:00,672.6,6,1.0,0
2025-10-14 17:00,672.6,6,1.0,0
2025-10-14 18:00,672.6,6,1.0,0
2025-10-14 19:00,672.6,6,1.0,0
2025-10-14 20:00,672.6,6,1.0,0
2025-10-14 21:00,672.6,6,1.0,0
2025-10-14 22:00,672.6,6,1.0,0
2025-10-14 23:00,672.6,6,1.0,0
2025-10-15 00:00,672.6,6,1.0,0
2025-10-15 01:00,672.6,6,1.0,0
2025-10-15 02:00,672.6,6,1.0,0
2025-10-15 03:00,672.6,6,1.0,0
2025-10-15 04:00,672.6,6,1.0,0
2025-10-15 05:00,672.6,6,1.0,0
2025-10-15 06:00,672.6,6,1.0,0
2025-10-15 07:00,672.6,6,1.0,0
2025-10-15 08:00,672.6,6,1.0,0
2025-10-15 09:00,672.6,6,1.0,0
2025-10-15 10:00,672.6,6,1.0,0
2025-10-15 11:00,672.6,6,1.0,0
2025-10-15 12:00,672.6,6,1.0,0
2025-10-15 13:00,672.6,6,1.0,0
2025-10-15 14:00,672.6,6,1.0,0
2025-10-15 15:00,672.8,6,1.0,0
2025-10-15 16:00,673.2,6,1.0,0
2025-10-15 17:00,674.2,6,1.0,0
2025-10-15 18:00,674.8,6,1.0,0
2025-10-15 19:00,675.4,6,1.0,0
2025-10-15 20:00,675.6,6,1.0,0
2025-10-15 21:00,675.8,6,1.0,0
2025-10-15 22:00,675.8,6,1.0,0
2025-10-15 23:00,675.8,6,1.0,0
2025-10-16 00:00,675.8,6,1.0,0
2025-10-16 01:00,675.8,6,1.0,0
2025-10-16 02:00,676.0,6,1.0,0
2025-10-16 03:00,676.0,6,1.0,0
2025-10-16 04:00,676.8,6,1.0,0
2025-10-16 05:00,677.6,6,1.0,0
2025-10-16 06:00,678.8,6,1.0,0
2025-10-16 07:00,681.8,6,1.0,0
2025-10-16 08:00,684.8,6,1.0,0
2025-10-16 09:00,685.6,6,1.0,0
2025-10-16 10:00,685.8,6,1.0,0
2025-10-16 11:00,685.8,6,1.0,0
2025-10-16 12:00,688.0,6,1.0,0
2025-10-16 13:00,688.0,6,1.0,0
2025-10-16 14:00,689.2,6,1.0,0
2025-10-16 15:00,690.4,6,1.0,0
2025-10-16 16:00,691.0,6,1.0,0
2025-10-16 17:00,691.2,6,1.0,0
2025-10-16 18:00,691.8,6,1.0,0
2025-10-16 19:00,692.2,6,1.0,0
2025-10-16 20:00,692.2,6,1.0,0
2025-10-16 21:00,692.2,6,1.0,0
2025-10-16 22:00,692.4,6,1.0,0
2025-10-16 23:00,692.4,6,1.0,0
2025-10-17 00:00,692.4,6,1.0,0
2025-10-17 01:00,692.4,6,1.0,0
2025-10-17 02:00,692.4,6,1.0,0
2025-10-17 03:00,692.6,6,1.0,0
2025-10-17 04:00,692.6,6,1.0,0
2025-10-17 05:00,692.6,6,1.0,0
2025-10-17 06:00,692.6,6,1.0,0
2025-10-17 07:00,692.6,6,1.0,0
2025-10-17 08:00,692.6,6,1.0,0
2025-10-17 09:00,692.6,6,1.0,0
2025-10-17 10:00,692.6,6,1.0,0
2025-10-17 11:00,692.6,6,1.0,0
2025-10-17 12:00,692.6,6,1.0,0
2025-10-17 13:00,692.6,6,1.0,0
2025-10-17 14:00,692.6,6,1.0,0
2025-10-17 15:00,692.6,6,1.0,0
2025-10-17 16:00,692.6,6,1.0,0
2025-10-17 17:00,692.6,6,1.0,0
2025-10-17 18:00,692.6,6,1.0,0
2025-10-17 19:00,692.6,6,1.0,0
2025-10-17 20:00,694.4,6,1.0,0
2025-10-17 21:00,694.4,6,1.0,0
2025-10-17 22:00,694.4,6,1.0,0
2025-10-17 23:00,694.4,6,1.0,0
2025-10-18 00:00,694.4,6,1.0,0
2025-10-18 01:00,694.4,6,1.0,0
2025-10-18 02:00,694.4,6,1.0,0
2025-10-18 03:00,694.4,6,1.0,0
2025-10-18 04:00,694.4,6,1.0,0
2025-10-18 05:00,694.4,6,1.0,0
2025-10-18 06:00,694.4,6,1.0,0
2025-10-18 07:00,694.4,6,1.0,0
2025-10-18 08:00,694.4,6,1.0,0
2025-10-18 09:00,694.4,6,1.0,0
2025-10-18 10:00,694.4,6,1.0,0
2025-10-18 11:00,694.4,6,1.0,0
2025-10-18 12:00,694.4,6,1.0,0
2025-10-18 13:00,694.4,6,1.0,0
2025-10-18 14:00,694.4,6,1.0,0
2025-10-18 15:00,694.4,6,1.0,0
2025-10-18 16:00,694.4,6,1.0,0
2025-10-18 17:00,694.4,6,1.0,0
2025-10-18 18:00,694.4,6,1.0,0
2025-10-18 19:00,694.4,6,1.0,0
2025-10-18 20:00,694.4,6,1.0,0
2025-10-18 21:00,694.4,6,1.0,0
2025-10-18 22:00,694.4,6,1.0,0
2025-10-18 23:00,694.4,6,1.0,0
2025-10-19 00:00,694.4,6,1.0,0
2025-10-19 01:00,694.4,6,1.0,0
2025-10-19 02:00,694.4,6,1.0,0
2025-10-19 03:00,694.4,6,1.0,0
2025-10-19 04:00,694.4,6,1.0,0
2025-10-19 05:00,694.4,6,1.0,0
2025-10-19 06:00,694.4,6,1.0,0
2025-10-19 07:00,694.4,6,1.0,0
2025-10-19 08:00,694.4,6,1.0,0
2025-10-19 09:00,694.4,6,1.0,0
2025-10-19 10:00,694.4,6,1.0,0
2025-10-19 11:00,694.4,6,1.0,0
2025-10-19 12:00,694.4,6,1.0,0
2025-10-19 13:00,694.4,6,1.0,0
2025-10-19 14:00,694.4,6,1.0,0
2025-10-19 15:00,694.4,6,1.0,0
2025-10-19 16:00,694.4,6,1.0,0
2025-10-19 17:00,694.4,6,1.0,0
2025-10-19 18:00,694.4,6,1.0,0
2025-10-19 19:00,694.4,6,1.0,0
2025-10-19 20:00,694.4,6,1.0,0
2025-10-19 21:00,694.4,6,1.0,0
2025-10-19 22:00,694.4,6,1.0,0
2025-10-19 23:00,694.4,6,1.0,0
2025-10-20 00:00,694.4,6,1.0,0
2025-10-20 01:00,694.4,6,1.0,0
2025-10-20 02:00,694.4,6,1.0,0
2025-10-20 03:00,694.4,6,1.0,0
2025-10-20 04:00,694.4,6,1.0,0
2025-10-20 05:00,694.4,6,1.0,0
2025-10-20 06:00,694.4,6,1.0,0
2025-10-20 07:00,694.4,6,1.0,0
2025-10-20 08:00,694.4,6,1.0,0
2025-10-20 09:00,694.4,6,1.0,0
2025-10-20 10:00,694.4,6,1.0,0
2025-10-20 11:00,694.4,6,1.0,0
2025-10-20 12:00,694.4,6,1.0,0
2025-10-20 13:00,694.4,6,1.0,0
2025-10-20 14:00,694.4,6,1.0,0
2025-10-20 15:00,694.4,6,1.0,0
2025-10-20 16:00,694.4,6,1.0,0
2025-10-20 17:00,694.4,6,1.0,0
2025-10-20 18:00,694.4,6,1.0,0
2025-10-20 19:00,694.4,6,1.0,0
2025-10-20 20:00,694.4,6,1.0,0
2025-10-20 21:00,694.4,6,1.0,0
2025-10-20 22:00,694.4,6,1.0,0
2025-10-20 23:00,694.4,6,1.0,0
2025-10-21 00:00,694.4,6,1.0,0
2025-10-21 01:00,694.4,6,1.0,0
2025-10-21 02:00,694.4,6,1.0,0
2025-10-21 03:00,694.4,6,1.0,0
2025-10-21 04:00,694.4,6,1.0,0
2025-10-21 05:00,694.4,6,1.0,0
2025-10-21 06:00,694.4,6,1.0,0
2025-10-21 07:00,694.4,6,1.0,0
2025-10-21 08:00,694.4,6,1.0,0
2025-10-21 09:00,694.4,6,1.0,0
2025-10-21 10:00,694.4,6,1.0,0
2025-10-21 11:00,700.8,6,1.0,0
2025-10-21 12:00,703.6,6,1.0,0
2025-10-21 13:00,704.8,6,1.0,0
2025-10-21 14:00,706.0,6,1.0,0
2025-10-21 15:00,706.6,6,1.0,0
2025-10-21 16:00,706.8,6,1.0,0
2025-10-21 17:00,707.0,6,1.0,0
2025-10-21 18:00,707.4,6,1.0,0
2025-10-21 19:00,707.4,6,1.0,0
2025-10-21 20:00,707.4,6,1.0,0
2025-10-21 21:00,707.4,6,1.0,0
2025-10-21 22:00,707.6,6,1.0,0
2025-10-21 23:00,707.6,6,1.0,0
2025-10-22 00:00,707.6,6,1.0,0
2025-10-22 01:00,707.6,6,1.0,0
2025-10-22 02:00,707.6,6,1.0,0
2025-10-22 03:00,707.6,6,1.0,0
2025-10-22 04:00,707.6,6,1.0,0
2025-10-22 05:00,707.6,6,1.0,0
2025-10-22 06:00,707.6,6,1.0,0
2025-10-22 07:00,707.6,6,1.0,0
2025-10-22 08:00,707.8,6,1.0,0
2025-10-22 09:00,707.8,6,1.0,0
2025-10-22 10:00,707.8,6,1.0,0
2025-10-22 11:00,707.8,6,1.0,0
2025-10-22 12:00,707.8,6,1.0,0
2025-10-22 13:00,707.8,6,1.0,0
2025-10-22 14:00,707.8,6,1.0,0
2025-10-22 15:00,707.8,6,1.0,0
2025-10-22 16:00,707.8,6,1.0,0
2025-10-22 17:00,707.8,6,1.0,0
2025-10-22 18:00,707.8,6,1.0,0
2025-10-22 19:00,707.8,6,1.0,0
2025-10-22 20:00,707.8,6,1.0,0
2025-10-22 21:00,707.8,6,1.0,0
2025-10-22 22:00,707.8,6,1.0,0
2025-10-22 23:00,707.8,6,1.0,0
2025-10-23 00:00,707.8,6,1.0,0
2025-10-23 01:00,707.8,6,1.0,0
2025-10-23 02:00,707.8,6,1.0,0
2025-10-23 03:00,707.8,6,1.0,0
2025-10-23 04:00,707.8,6,1.0,0
2025-10-23 05:00,707.8,6,1.0,0
2025-10-23 06:00,707.8,6,1.0,0
2025-10-23 07:00,707.8,6,1.0,0
2025-10-23 08:00,708.0,6,1.0,0
2025-10-23 09:00,708.0,6,1.0,0
2025-10-23 10:00,708.2,6,1.0,0
2025-10-23 11:00,713.4,6,1.0,0
2025-10-23 12:00,713.4,6,1.0,0
2025-10-23 13:00,714.8,6,1.0,0
2025-10-23 14:00,720.4,6,1.0,0
2025-10-23 15:00,721.8,6,1.0,0
2025-10-23 16:00,722.0,6,1.0,0
2025-10-23 17:00,723.4,6,1.0,0
2025-10-23 18:00,725.8,6,1.0,0
2025-10-23 19:00,755.4,6,1.0,0
2025-10-23 20:00,763.8,6,1.0,0
2025-10-23 21:00,763.8,6,1.0,0
2025-10-23 22:00,763.8,6,1.0,0
2025-10-23 23:00,763.8,6,1.0,0
2025-10-24 00:00,763.8,6,1.0,0
2025-10-24 01:00,763.8,6,1.0,0
2025-10-24 02:00,763.8,6,1.0,0
2025-10-24 03:00,763.8,6,1.0,0
2025-10-24 04:00,763.8,6,1.0,0
2025-10-24 05:00,763.8,6,1.0,0
2025-10-24 06:00,763.8,6,1.0,0
2025-10-24 07:00,763.8,6,1.0,0
2025-10-24 08:00,763.8,6,1.0,0
2025-10-24 09:00,763.8,6,1.0,0
2025-10-24 10:00,763.8,6,1.0,0
2025-10-24 11:00,763.8,6,1.0,0
2025-10-24 12:00,763.8,6,1.0,0
2025-10-24 13:00,763.8,6,1.0,0
2025-10-24 14:00,763.8,6,1.0,0
2025-10-24 15:00,763.8,6,1.0,0
2025-10-24 16:00,763.8,6,1.0,0
2025-10-24 17:00,763.8,6,1.0,0
2025-10-24 18:00,763.8,6,1.0,0
2025-10-24 19:00,763.8,6,1.0,0
2025-10-24 20:00,763.8,6,1.0,0
2025-10-24 21:00,763.8,6,1.0,0
2025-10-24 22:00,763.8,6,1.0,0
2025-10-24 23:00,764.0,6,1.0,0
2025-10-25 00:00,764.2,6,1.0,0
2025-10-25 01:00,764.4,6,1.0,0
2025-10-25 02:00,764.4,6,1.0,0
2025-10-25 03:00,764.4,6,1.0,0
2025-10-25 04:00,764.4,6,1.0,0
2025-10-25 05:00,764.4,6,1.0,0
2025-10-25 06:00,764.4,6,1.0,0
2025-10-25 07:00,764.6,6,1.0,0
2025-10-25 08:00,764.6,6,1.0,0
2025-10-25 09:00,764.6,6,1.0,0
2025-10-25 10:00,764.6,6,1.0,0
2025-10-25 11:00,764.6,6,1.0,0
2025-10-25 12:00,764.6,6,1.0,0
2025-10-25 13:00,764.6,6,1.0,0
2025-10-25 14:00,764.6,6,1.0,0
2025-10-25 15:00,764.6,6,1.0,0
2025-10-25 16:00,765.0,6,1.0,0
2025-10-25 17:00,765.0,6,1.0,0
2025-10-25 18:00,765.2,6,1.0,0
2025-10-25 19:00,765.6,6,1.0,0
2025-10-25 20:00,766.6,6,1.0,0
2025-10-25 21:00,768.2,6,1.0,0
2025-10-25 22:00,773.2,6,1.0,0
2025-10-25 23:00,777.4,6,1.0,0
2025-10-26 00:00,783.0,6,1.0,0
2025-10-26 01:00,783.6,6,1.0,0
2025-10-26 02:00,783.6,6,1.0,0
2025-10-26 03:00,783.6,6,1.0,0
2025-10-26 04:00,783.8,6,1.0,0
2025-10-26 05:00,783.8,6,1.0,0
2025-10-26 06:00,783.8,6,1.0,0
2025-10-26 07:00,783.8,6,1.0,0
2025-10-26 08:00,783.8,6,1.0,0
2025-10-26 09:00,783.8,6,1.0,0
2025-10-26 10:00,783.8,6,1.0,0
2025-10-26 11:00,783.8,6,1.0,0
2025-10-26 12:00,783.8,6,1.0,0
2025-10-26 13:00,783.8,6,1.0,0
2025-10-26 14:00,783.8,6,1.0,0
2025-10-26 15:00,783.8,6,1.0,0
2025-10-26 16:00,783.8,6,1.0,0
2025-10-26 17:00,783.8,6,1.0,0
2025-10-26 18:00,783.8,6,1.0,0
2025-10-26 19:00,783.8,6,1.0,0
2025-10-26 20:00,783.8,6,1.0,0
2025-10-26 21:00,783.8,6,1.0,0
2025-10-26 22:00,783.8,6,1.0,0
2025-10-26 23:00,783.8,6,1.0,0
2025-10-27 00:00,785.0,6,1.0,0
2025-10-27 01:00,785.0,6,1.0,0
2025-10-27 02:00,785.0,6,1.0,0
2025-10-27 03:00,785.0,6,1.0,0
2025-10-27 04:00,785.2,6,1.0,0
2025-10-27 05:00,785.2,6,1.0,0
2025-10-27 06:00,785.2,6,1.0,0
2025-10-27 07:00,785.2,6,1.0,0
2025-10-27 08:00,785.2,6,1.0,0
2025-10-27 09:00,785.2,6,1.0,0
2025-10-27 10:00,785.2,6,1.0,0
2025-10-27 11:00,785.2,6,1.0,0
2025-10-27 12:00,785.2,6,1.0,0
2025-10-27 13:00,785.2,6,1.0,0
2025-10-27 14:00,785.2,6,1.0,0
2025-10-27 15:00,785.2,6,1.0,0
2025-10-27 16:00,785.2,6,1.0,0
2025-10-27 17:00,785.2,6,1.0,0
2025-10-27 18:00,785.2,6,1.0,0
2025-10-27 19:00,786.0,6,1.0,0
2025-10-27 20:00,786.4,6,1.0,0
2025-10-27 21:00,786.4,6,1.0,0
2025-10-27 22:00,789.6,6,1.0,0
2025-10-27 23:00,790.4,6,1.0,0
2025-10-28 00:00,793.2,6,1.0,0
2025-10-28 01:00,793.8,6,1.0,0
2025-10-28 02:00,793.8,6,1.0,0
2025-10-28 03:00,793.8,6,1.0,0
2025-10-28 04:00,793.8,6,1.0,0
2025-10-28 05:00,793.8,6,1.0,0
2025-10-28 06:00,793.8,6,1.0,0
2025-10-28 07:00,793.8,6,1.0,0
2025-10-28 08:00,793.8,6,1.0,0
2025-10-28 09:00,793.8,6,1.0,0
2025-10-28 10:00,793.8,6,1.0,0
2025-10-28 11:00,793.8,6,1.0,0
2025-10-28 12:00,793.8,6,1.0,0
2025-10-28 13:00,793.8,6,1.0,0
2025-10-28 14:00,793.8,6,1.0,0
2025-10-28 15:00,793.8,6,1.0,0
2025-10-28 16:00,793.8,6,1.0,0
2025-10-28 17:00,793.8,6,1.0,0
2025-10-28 18:00,793.8,6,1.0,0
2025-10-28 19:00,793.8,6,1.0,0
2025-10-28 20:00,793.8,6,1.0,0
2025-10-28 21:00,793.8,6,1.0,0
2025-10-28 22:00,793.8,6,1.0,0
2025-10-28 23:00,793.8,6,1.0,0
2025-10-29 00:00,793.8,6,1.0,0
2025-10-29 01:00,793.8,6,1.0,0
2025-10-29 02:00,793.8,6,1.0,0
2025-10-29 03:00,793.8,6,1.0,0
2025-10-29 04:00,793.8,6,1.0,0
2025-10-29 05:00,793.8,6,1.0,0
2025-10-29 06:00,793.8,6,1.0,0
2025-10-29 07:00,793.8,6,1.0,0
2025-10-29 08:00,793.8,6,1.0,0
2025-10-29 09:00,793.8,6,1.0,0
2025-10-29 10:00,793.8,6,1.0,0
2025-10-29 11:00,793.8,6,1.0,0
2025-10-29 12:00,793.8,6,1.0,0
2025-10-29 13:00,793.8,6,1.0,0
2025-10-29 14:00,793.8,6,1.0,0
2025-10-29 15:00,793.8,6,1.0,0
2025-10-29 16:00,793.8,6,1.0,0
2025-10-29 17:00,793.8,6,1.0,0
2025-10-29 18:00,793.8,6,1.0,0
2025-10-29 19:00,793.8,6,1.0,0
2025-10-29 20:00,793.8,6,1.0,0
2025-10-29 21:00,793.8,6,1.0,0
2025-10-29 22:00,793.8,6,1.0,0
2025-10-29 23:00,793.8,6,1.0,0
2025-10-30 00:00,793.8,6,1.0,0
2025-10-30 01:00,793.8,6,1.0,0
2025-10-30 02:00,793.8,6,1.0,0
2025-10-30 03:00,793.8,6,1.0,0
2025-10-30 04:00,793.8,6,1.0,0
2025-10-30 05:00,793.8,6,1.0,0
2025-10-30 06:00,793.8,6,1.0,0
2025-10-30 07:00,793.8,6,1.0,0
2025-10-30 08:00,793.8,6,1.0,0
2025-10-30 09:00,793.8,6,1.0,0
2025-10-30 10:00,793.8,6,1.0,0
2025-10-30 11:00,793.8,6,1.0,0
2025-10-30 12:00,793.8,6,1.0,0
2025-10-30 13:00,793.8,6,1.0,0
2025-10-30 14:00,793.8,6,1.0,0
2025-10-30 15:00,793.8,6,1.0,0
2025-10-30 16:00,793.8,6,1.0,0
2025-10-30 17:00,793.8,6,1.0,0
2025-10-30 18:00,793.8,6,1.0,0
2025-10-30 19:00,793.8,6,1.0,0
2025-10-30 20:00,793.8,6,1.0,0
2025-10-30 21:00,793.8,6,1.0,0
2025-10-30 22:00,793.8,6,1.0,0
2025-10-30 23:00,793.8,6,1.0,0
2025-10-31 00:00,793.8,6,1.0,0
2025-10-31 01:00,793.8,6,1.0,0
2025-10-31 02:00,793.8,6,1.0,0
2025-10-31 03:00,794.0,6,1.0,0
2025-10-31 04:00,794.0,6,1.0,0
2025-10-31 05:00,794.0,6,1.0,0
2025-10-31 06:00,794.0,6,1.0,0
2025-10-31 07:00,794.0,6,1.0,0
2025-10-31 08:00,794.0,6,1.0,0
2025-10-31 09:00,794.0,6,1.0,0
2025-10-31 10:00,794.0,6,1.0,0
2025-10-31 11:00,794.0,6,1.0,0
2025-10-31 12:00,794.0,6,1.0,0
2025-10-31 13:00,794.0,6,1.0,0
2025-10-31 14:00,794.0,6,1.0,0
2025-10-31 15:00,794.0,6,1.0,0
2025-10-31 16:00,794.0,6,1.0,0
2025-10-31 17:00,794.0,6,1.0,0
2025-10-31 18:00,794.0,6,1.0,0
2025-10-31 19:00,794.0,6,1.0,0
2025-10-31 20:00,794.0,6,1.0,0
2025-10-31 21:00,794.0,6,1.0,0
2025-10-31 22:00,794.0,6,1.0,0
2025-10-31 23:00,794.0,6,1.0,0
2025-11-01 00:00,794.0,6,1.0,0
2025-11-01 01:00,794.0,6,1.0,0
2025-11-01 02:00,794.0,6,1.0,0
2025-11-01 03:00,794.0,6,1.0,0
2025-11-01 04:00,794.0,6,1.0,0
2025-11-01 05:00,794.0,6,1.0,0
2025-11-01 06:00,794.0,6,1.0,0
2025-11-01 07:00,794.0,6,1.0,0
2025-11-01 08:00,794.0,6,1.0,0
2025-11-01 09:00,794.0,6,1.0,0
2025-11-01 10:00,794.0,6,1.0,0
2025-11-01 11:00,794.0,6,1.0,0
2025-11-01 12:00,794.0,6,1.0,0
2025-11-01 13:00,794.0,6,1.0,0
2025-11-01 14:00,794.0,6,1.0,0
2025-11-01 15:00,794.0,6,1.0,0
2025-11-01 16:00,794.0,6,1.0,0
2025-11-01 17:00,794.0,6,1.0,0
2025-11-01 18:00,794.0,6,1.0,0
2025-11-01 19:00,794.0,6,1.0,0
2025-11-01 20:00,794.0,6,1.0,0
2025-11-01 21:00,794.0,6,1.0,0
2025-11-01 22:00,794.0,6,1.0,0
2025-11-01 23:00,794.0,6,1.0,0
2025-11-02 00:00,794.0,6,1.0,0
2025-11-02 01:00,794.0,6,1.0,0
2025-11-02 02:00,794.0,6,1.0,0
2025-11-02 03:00,794.0,6,1.0,0
2025-11-02 04:00,794.0,6,1.0,0
2025-11-02 05:00,794.0,6,1.0,0
2025-11-02 06:00,794.0,6,1.0,0
2025-11-02 07:00,794.0,6,1.0,0
2025-11-02 08:00,794.2,6,1.0,0
2025-11-02 09:00,794.2,6,1.0,0
2025-11-02 10:00,794.2,6,1.0,0
2025-11-02 11:00,794.2,6,1.0,0
2025-11-02 12:00,794.2,6,1.0,0
2025-11-02 13:00,794.2,6,1.0,0
2025-11-02 14:00,794.2,6,1.0,0
2025-11-02 15:00,794.2,6,1.0,0
2025-11-02 16:00,794.2,6,1.0,0
2025-11-02 17:00,794.2,6,1.0,0
2025-11-02 18:00,794.2,6,1.0,0
2025-11-02 19:00,794.2,6,1.0,0
2025-11-02 20:00,795.0,6,1.0,0
2025-11-02 21:00,795.4,6,1.0,0
2025-11-02 22:00,795.6,6,1.0,0
2025-11-02 23:00,796.0,6,1.0,0
2025-11-03 00:00,796.2,6,1.0,0
2025-11-03 01:00,796.2,6,1.0,0
2025-11-03 02:00,796.4,6,1.0,0
2025-11-03 03:00,805.8,6,1.0,0
2025-11-03 04:00,806.0,6,1.0,0
2025-11-03 05:00,806.0,6,1.0,0
2025-11-03 06:00,806.0,6,1.0,0
2025-11-03 07:00,806.0,6,1.0,0
2025-11-03 08:00,809.4,6,1.0,0
2025-11-03 09:00,813.0,6,1.0,0
2025-11-03 10:00,814.6,6,1.0,0
2025-11-03 11:00,818.4,6,1.0,0
2025-11-03 12:00,820.4,6,1.0,0
2025-11-03 13:00,820.4,6,1.0,0
2025-11-03 14:00,820.4,6,1.0,0
2025-11-03 15:00,820.4,6,1.0,0
2025-11-03 16:00,820.4,6,1.0,0
2025-11-03 17:00,820.4,6,1.0,0
2025-11-03 18:00,820.4,6,1.0,0
2025-11-03 19:00,820.4,6,1.0,0
2025-11-03 20:00,820.4,6,1.0,0
2025-11-03 21:00,820.4,6,1.0,0
2025-11-03 22:00,820.4,6,1.0,0
2025-11-03 23:00,820.4,6,1.0,0
2025-11-04 00:00,820.4,6,1.0,0
2025-11-04 01:00,820.4,6,1.0,0
2025-11-04 02:00,820.4,6,1.0,0
2025-11-04 03:00,820.4,6,1.0,0
2025-11-04 04:00,820.4,6,1.0,0
2025-11-04 05:00,820.4,6,1.0,0
2025-11-04 06:00,820.4,6,1.0,0
2025-11-04 07:00,820.4,6,1.0,0
2025-11-04 08:00,820.4,6,1.0,0
2025-11-04 09:00,820.4,6,1.0,0
2025-11-04 10:00,820.4,6,1.0,0
2025-11-04 11:00,820.4,6,1.0,0
2025-11-04 12:00,820.4,6,1.0,0
2025-11-04 13:00,820.4,6,1.0,0
2025-11-04 14:00,820.4,6,1.0,0
2025-11-04 15:00,820.4,6,1.0,0
2025-11-04 16:00,820.4,6,1.0,0
2025-11-04 17:00,820.4,6,1.0,0
2025-11-04 18:00,820.4,6,1.0,0
2025-11-04 19:00,820.4,6,1.0,0
2025-11-04 20:00,820.4,6,1.0,0
2025-11-04 21:00,820.4,6,1.0,0
2025-11-04 22:00,820.4,6,1.0,0
2025-11-04 23:00,820.4,6,1.0,0
2025-11-05 00:00,820.4,6,1.0,0
2025-11-05 01:00,820.4,6,1.0,0
2025-11-05 02:00,820.4,6,1.0,0
2025-11-05 03:00,820.4,6,1.0,0
2025-11-05 04:00,820.4,6,1.0,0
2025-11-05 05:00,820.4,6,1.0,0
2025-11-05 06:00,820.4,6,1.0,0
2025-11-05 07:00,820.4,6,1.0,0
2025-11-05 08:00,820.4,6,1.0,0
2025-11-05 09:00,820.4,6,1.0,0
2025-11-05 10:00,820.4,6,1.0,0
2025-11-05 11:00,820.4,6,1.0,0
2025-11-05 12:00,820.4,6,1.0,0
2025-11-05 13:00,820.4,6,1.0,0
2025-11-05 14:00,820.4,6,1.0,0
2025-11-05 15:00,820.4,6,1.0,0
2025-11-05 16:00,820.4,6,1.0,0
2025-11-05 17:00,820.4,6,1.0,0
2025-11-05 18:00,820.4,6,1.0,0
2025-11-05 19:00,820.4,6,1.0,0
2025-11-05 20:00,820.4,6,1.0,0
2025-11-05 21:00,820.4,6,1.0,0
2025-11-05 22:00,820.4,6,1.0,0
2025-11-05 23:00,820.4,6,1.0,0
2025-11-06 00:00,820.4,6,1.0,0
2025-11-06 01:00,820.4,6,1.0,0
2025-11-06 02:00,820.4,6,1.0,0
2025-11-06 03:00,820.4,6,1.0,0
2025-11-06 04:00,820.4,6,1.0,0
2025-11-06 05:00,820.4,6,1.0,0
2025-11-06 06:00,820.4,6,1.0,0
2025-11-06 07:00,820.4,6,1.0,0
2025-11-06 08:00,820.4,6,1.0,0
2025-11-06 09:00,820.4,6,1.0,0
2025-11-06 10:00,820.4,6,1.0,0
2025-11-06 11:00,820.4,6,1.0,0
2025-11-06 12:00,820.4,6,1.0,0
2025-11-06 13:00,820.4,6,1.0,0
2025-11-06 14:00,820.4,6,1.0,0
2025-11-06 15:00,820.4,6,1.0,0
2025-11-06 16:00,820.4,6,1.0,0
2025-11-06 17:00,820.4,6,1.0,0
2025-11-06 18:00,820.4,6,1.0,0
2025-11-06 19:00,820.4,6,1.0,0
2025-11-06 20:00,820.4,6,1.0,0
2025-11-06 21:00,820.4,6,1.0,0
2025-11-06 22:00,820.4,6,1.0,0
2025-11-06 23:00,820.4,6,1.0,0
2025-11-07 00:00,820.4,6,1.0,0
2025-11-07 01:00,820.4,6,1.0,0
2025-11-07 02:00,820.4,6,1.0,0
2025-11-07 03:00,820.4,6,1.0,0
2025-11-07 04:00,820.4,6,1.0,0
2025-11-07 05:00,820.4,6,1.0,0
2025-11-07 06:00,820.4,6,1.0,0
2025-11-07 07:00,820.4,6,1.0,0
2025-11-07 08:00,820.4,6,1.0,0
2025-11-07 09:00,820.4,6,1.0,0
2025-11-07 10:00,820.4,6,1.0,0
2025-11-07 11:00,820.4,6,1.0,0
2025-11-07 12:00,820.4,6,1.0,0
2025-11-07 13:00,820.4,6,1.0,0
2025-11-07 14:00,820.4,6,1.0,0
2025-11-07 15:00,820.4,6,1.0,0
2025-11-07 16:00,820.4,6,1.0,0
2025-11-07 17:00,820.4,6,1.0,0
2025-11-07 18:00,820.4,6,1.0,0
2025-11-07 19:00,820.4,6,1.0,0
2025-11-07 20:00,820.4,6,1.0,0
2025-11-07 21:00,821.8,6,1.0,0
2025-11-07 22:00,827.0,6,1.0,0
2025-11-07 23:00,827.4,6,1.0,0
2025-11-08 00:00,827.8,6,1.0,0
2025-11-08 01:00,827.8,6,1.0,0
2025-11-08 02:00,827.8,6,1.0,0
2025-11-08 03:00,828.0,6,1.0,0
2025-11-08 04:00,828.0,6,1.0,0
2025-11-08 05:00,828.0,6,1.0,0
2025-11-08 06:00,828.0,6,1.0,0
2025-11-08 07:00,828.0,6,1.0,0
2025-11-08 08:00,828.0,6,1.0,0
2025-11-08 09:00,828.0,6,1.0,0
2025-11-08 10:00,828.0,6,1.0,0
2025-11-08 11:00,828.0,6,1.0,0
2025-11-08 12:00,828.0,6,1.0,0
2025-11-08 13:00,828.0,6,1.0,0
2025-11-08 14:00,828.0,6,1.0,0
2025-11-08 15:00,828.0,6,1.0,0
2025-11-08 16:00,828.4,6,1.0,0
2025-11-08 17:00,830.6,6,1.0,0
2025-11-08 18:00,831.0,6,1.0,0
2025-11-08 19:00,832.2,6,1.0,0
2025-11-08 20:00,832.6,6,1.0,0
2025-11-08 21:00,832.6,6,1.0,0
2025-11-08 22:00,834.4,6,1.0,0
2025-11-08 23:00,835.8,6,1.0,0
2025-11-09 00:00,837.0,6,1.0,0
2025-11-09 01:00,837.6,6,1.0,0
2025-11-09 02:00,837.6,6,1.0,0
2025-11-09 03:00,837.6,6,1.0,0
2025-11-09 04:00,837.6,6,1.0,0
2025-11-09 05:00,837.6,6,1.0,0
2025-11-09 06:00,837.6,6,1.0,0
2025-11-09 07:00,837.6,6,1.0,0
2025-11-09 08:00,837.6,6,1.0,0
2025-11-09 09:00,837.6,6,1.0,0
2025-11-09 10:00,837.6,6,1.0,0
2025-11-09 11:00,837.6,6,1.0,0
2025-11-09 12:00,837.6,6,1.0,0
2025-11-09 13:00,837.6,6,1.0,0
2025-11-09 14:00,837.6,6,1.0,0
2025-11-09 15:00,837.6,6,1.0,0
2025-11-09 16:00,837.6,6,1.0,0
2025-11-09 17:00,837.6,6,1.0,0
2025-11-09 18:00,837.6,6,1.0,0
2025-11-09 19:00,837.6,6,1.0,0
2025-11-09 20:00,837.6,6,1.0,0
2025-11-09 21:00,837.6,6,1.0,0
2025-11-09 22:00,837.6,6,1.0,0
2025-11-09 23:00,837.6,6,1.0,0
2025-11-10 00:00,837.6,6,1.0,0
2025-11-10 01:00,837.6,6,1.0,0
2025-11-10 02:00,837.6,6,1.0,0
2025-11-10 03:00,837.6,6,1.0,0
2025-11-10 04:00,837.6,6,1.0,0
2025-11-10 05:00,837.6,6,1.0,0
2025-11-10 06:00,837.6,6,1.0,0
2025-11-10 07:00,837.6,6,1.0,0
2025-11-10 08:00,837.6,6,1.0,0
2025-11-10 09:00,837.6,6,1.0,0
2025-11-10 10:00,837.6,6,1.0,0
2025-11-10 11:00,837.6,6,1.0,0
2025-11-10 12:00,837.6,6,1.0,0
2025-11-10 13:00,837.6,6,1.0,0
2025-11-10 14:00,837.6,6,1.0,0
2025-11-10 15:00,837.6,6,1.0,0
2025-11-10 16:00,837.6,6,1.0,0
2025-11-10 17:00,837.6,6,1.0,0
2025-11-10 18:00,837.6,6,1.0,0
2025-11-10 19:00,837.6,6,1.0,0
2025-11-10 20:00,837.6,6,1.0,0
2025-11-10 21:00,837.6,6,1.0,0
2025-11-10 22:00,837.6,6,1.0,0
2025-11-10 23:00,837.6,6,1.0,0
2025-11-11 00:00,837.6,6,1.0,0
2025-11-11 01:00,837.6,6,1.0,0
2025-11-11 02:00,837.6,6,1.0,0
2025-11-11 03:00,837.6,6,1.0,0
2025-11-11 04:00,837.6,6,1.0,0
2025-11-11 05:00,837.6,6,1.0,0
2025-11-11 06:00,837.6,6,1.0,0
2025-11-11 07:00,837.6,6,1.0,0
2025-11-11 08:00,837.6,6,1.0,0
2025-11-11 09:00,837.6,6,1.0,0
2025-11-11 10:00,837.6,6,1.0,0
2025-11-11 11:00,837.6,6,1.0,0
2025-11-11 12:00,837.6,6,1.0,0
2025-11-11 13:00,837.6,6,1.0,0
2025-11-11 14:00,837.6,6,1.0,0
2025-11-11 15:00,837.6,6,1.0,0
2025-11-11 16:00,837.6,6,1.0,0
2025-11-11 17:00,837.6,6,1.0,0
2025-11-11 18:00,837.6,6,1.0,0
2025-11-11 19:00,837.6,6,1.0,0
2025-11-11 20:00,837.6,6,1.0,0
2025-11-11 21:00,837.6,6,1.0,0
2025-11-11 22:00,837.6,6,1.0,0
2025-11-11 23:00,837.6,6,1.0,0
2025-11-12 00:00,837.6,6,1.0,0
2025-11-12 01:00,837.6,6,1.0,0
2025-11-12 02:00,837.6,6,1.0,0
2025-11-12 03:00,837.6,6,1.0,0
2025-11-12 04:00,837.6,6,1.0,0
2025-11-12 05:00,837.6,6,1.0,0
2025-11-12 06:00,837.6,6,1.0,0
2025-11-12 07:00,837.6,6,1.0,0
2025-11-12 08:00,837.6,6,1.0,0
2025-11-12 09:00,837.6,6,1.0,0
2025-11-12 10:00,837.6,6,1.0,0
2025-11-12 11:00,837.6,6,1.0,0
2025-11-12 12:00,837.6,6,1.0,0
2025-11-12 13:00,837.6,6,1.0,0
2025-11-12 14:00,837.6,6,1.0,0
2025-11-12 15:00,837.6,6,1.0,0
2025-11-12 16:00,837.6,6,1.0,0
2025-11-12 17:00,837.6,6,1.0,0
2025-11-12 18:00,837.6,6,1.0,0
2025-11-12 19:00,837.6,6,1.0,0
2025-11-12 20:00,837.6,6,1.0,0
2025-11-12 21:00,837.6,6,1.0,0
2025-11-12 22:00,837.6,6,1.0,0
2025-11-12 23:00,837.6,6,1.0,0
2025-11-13 00:00,837.6,6,1.0,0
2025-11-13 01:00,837.6,6,1.0,0
2025-11-13 02:00,837.6,6,1.0,0
2025-11-13 03:00,837.6,6,1.0,0
2025-11-13 04:00,837.6,6,1.0,0
2025-11-13 05:00,837.6,6,1.0,0
2025-11-13 06:00,837.6,6,1.0,0
2025-11-13 07:00,837.6,6,1.0,0
2025-11-13 08:00,837.6,6,1.0,0
2025-11-13 09:00,837.6,6,1.0,0
2025-11-13 10:00,837.6,6,1.0,0
2025-11-13 11:00,837.6,6,1.0,0
2025-11-13 12:00,837.6,6,1.0,0
2025-11-13 13:00,837.6,6,1.0,0
2025-11-13 14:00,837.6,6,1.0,0
2025-11-13 15:00,837.6,6,1.0,0
2025-11-13 16:00,837.6,6,1.0,0
2025-11-13 17:00,837.6,6,1.0,0
2025-11-13 18:00,837.6,6,1.0,0
2025-11-13 19:00,837.6,6,1.0,0
2025-11-13 20:00,837.6,6,1.0,0
2025-11-13 21:00,837.6,6,1.0,0
2025-11-13 22:00,837.6,6,1.0,0
2025-11-13 23:00,837.6,6,1.0,0
2025-11-14 00:00,837.6,6,1.0,0
2025-11-14 01:00,837.6,6,1.0,0
2025-11-14 02:00,837.6,6,1.0,0
2025-11-14 03:00,837.6,6,1.0,0
2025-11-14 04:00,837.6,6,1.0,0
2025-11-14 05:00,837.6,6,1.0,0
2025-11-14 06:00,837.6,6,1.0,0
2025-11-14 07:00,837.8,6,1.0,0
2025-11-14 08:00,837.8,6,1.0,0
2025-11-14 09:00,837.8,6,1.0,0
2025-11-14 10:00,837.8,6,1.0,0
2025-11-14 11:00,837.8,6,1.0,0
2025-11-14 12:00,837.8,6,1.0,0
2025-11-14 13:00,837.8,6,1.0,0
2025-11-14 14:00,837.8,6,1.0,0
2025-11-14 15:00,837.8,6,1.0,0
2025-11-14 16:00,837.8,6,1.0,0
2025-11-14 17:00,837.8,6,1.0,0
2025-11-14 18:00,837.8,6,1.0,0
2025-11-14 19:00,837.8,6,1.0,0
2025-11-14 20:00,837.8,6,1.0,0
2025-11-14 21:00,837.8,6,1.0,0
2025-11-14 22:00,837.8,6,1.0,0
2025-11-14 23:00,837.8,6,1.0,0
2025-11-15 00:00,837.8,6,1.0,0
2025-11-15 01:00,837.8,6,1.0,0
2025-11-15 02:00,837.8,6,1.0,0
2025-11-15 03:00,837.8,6,1.0,0
2025-11-15 04:00,837.8,6,1.0,0
2025-11-15 05:00,837.8,6,1.0,0
2025-11-15 06:00,837.8,6,1.0,0
2025-11-15 07:00,837.8,6,1.0,0
2025-11-15 08:00,837.8,6,1.0,0
2025-11-15 09:00,837.8,6,1.0,0
2025-11-15 10:00,837.8,6,1.0,0
2025-11-15 11:00,837.8,6,1.0,0
2025-11-15 12:00,837.8,6,1.0,0
2025-11-15 13:00,837.8,6,1.0,0
2025-11-15 14:00,837.8,6,1.0,0
2025-11-15 15:00,837.8,6,1.0,0
2025-11-15 16:00,837.8,6,1.0,0
2025-11-15 17:00,837.8,6,1.0,0
2025-11-15 18:00,837.8,6,1.0,0
2025-11-15 19:00,838.0,6,1.0,0
2025-11-15 20:00,838.0,6,1.0,0
2025-11-15 21:00,838.0,6,1.0,0
2025-11-15 22:00,838.0,6,1.0,0
2025-11-15 23:00,838.0,6,1.0,0
2025-11-16 00:00,838.0,6,1.0,0
2025-11-16 01:00,838.0,6,1.0,0
2025-11-16 02:00,838.0,6,1.0,0
2025-11-16 03:00,838.0,6,1.0,0
2025-11-16 04:00,838.0,6,1.0,0
2025-11-16 05:00,838.0,6,1.0,0
2025-11-16 06:00,838.0,6,1.0,0
2025-11-16 07:00,838.0,6,1.0,0
2025-11-16 08:00,838.0,6,1.0,0
2025-11-16 09:00,838.0,6,1.0,0
2025-11-16 10:00,838.0,6,1.0,0
2025-11-16 11:00,838.0,6,1.0,0
2025-11-16 12:00,838.0,6,1.0,0
2025-11-16 13:00,838.0,6,1.0,0
2025-11-16 14:00,838.0,6,1.0,0
2025-11-16 15:00,838.0,6,1.0,0
2025-11-16 16:00,838.0,6,1.0,0
2025-11-16 17:00,838.0,6,1.0,0
2025-11-16 18:00,838.0,6,1.0,0
2025-11-16 19:00,838.0,6,1.0,0
2025-11-16 20:00,838.0,6,1.0,0
2025-11-16 21:00,838.0,6,1.0,0
2025-11-16 22:00,838.0,6,1.0,0
2025-11-16 23:00,838.0,6,1.0,0
2025-11-17 00:00,838.0,6,1.0,0
2025-11-17 01:00,838.0,6,1.0,0
2025-11-17 02:00,838.0,6,1.0,0
2025-11-17 03:00,838.0,6,1.0,0
2025-11-17 04:00,838.0,6,1.0,0
2025-11-17 05:00,838.0,6,1.0,0
2025-11-17 06:00,838.0,6,1.0,0
2025-11-17 07:00,838.0,6,1.0,0
2025-11-17 08:00,838.0,6,1.0,0
2025-11-17 09:00,838.0,6,1.0,0
2025-11-17 10:00,838.0,6,1.0,0
2025-11-17 11:00,838.0,6,1.0,0
2025-11-17 12:00,838.0,6,1.0,0
2025-11-17 13:00,838.0,6,1.0,0
2025-11-17 14:00,838.0,6,1.0,0
2025-11-17 15:00,838.0,6,1.0,0
2025-11-17 16:00,838.0,6,1.0,0
2025-11-17 17:00,838.0,6,1.0,0
2025-11-17 18:00,838.0,6,1.0,0
2025-11-17 19:00,838.0,6,1.0,0
2025-11-17 20:00,838.0,6,1.0,0
2025-11-17 21:00,838.0,6,1.0,0
2025-11-17 22:00,838.0,6,1.0,0
2025-11-17 23:00,838.0,6,1.0,0
2025-11-18 00:00,838.0,6,1.0,0
2025-11-18 01:00,838.0,6,1.0,0
2025-11-18 02:00,838.0,6,1.0,0
2025-11-18 03:00,838.2,6,1.0,0
2025-11-18 04:00,838.6,6,1.0,0
2025-11-18 05:00,838.6,6,1.0,0
2025-11-18 06:00,838.6,6,1.0,0
2025-11-18 07:00,838.6,6,1.0,0
2025-11-18 08:00,839.4,6,1.0,0
2025-11-18 09:00,878.0,6,1.0,0
2025-11-18 10:00,884.4,6,1.0,0
2025-11-18 11:00,901.2,6,1.0,0
2025-11-18 12:00,904.6,6,1.0,0
2025-11-18 13:00,904.6,6,1.0,0
2025-11-18 14:00,904.8,6,1.0,0
2025-11-18 15:00,904.8,6,1.0,0
2025-11-18 16:00,904.8,6,1.0,0
2025-11-18 17:00,904.8,6,1.0,0
2025-11-18 18:00,904.8,6,1.0,0
2025-11-18 19:00,904.8,6,1.0,0
2025-11-18 20:00,904.8,6,1.0,0
2025-11-18 21:00,907.4,6,1.0,0
2025-11-18 22:00,907.4,6,1.0,0
2025-11-18 23:00,907.4,6,1.0,0
2025-11-19 00:00,907.8,6,1.0,0
2025-11-19 01:00,908.8,6,1.0,0
2025-11-19 02:00,908.8,6,1.0,0
2025-11-19 03:00,908.8,6,1.0,0
2025-11-19 04:00,908.8,6,1.0,0
2025-11-19 05:00,913.4,6,1.0,0
2025-11-19 06:00,913.4,6,1.0,0
2025-11-19 07:00,913.4,6,1.0,0
2025-11-19 08:00,913.4,6,1.0,0
2025-11-19 09:00,913.4,6,1.0,0
2025-11-19 10:00,913.4,5,0.833,0
2025-11-19 23:00,913.4,3,0.5,0
2025-11-20 00:00,914.0,6,1.0,0
2025-11-20 01:00,914.0,6,1.0,0
2025-11-20 02:00,914.0,6,1.0,0
2025-11-20 03:00,914.0,6,1.0,0
2025-11-20 04:00,914.0,6,1.0,0
2025-11-20 05:00,914.0,6,1.0,0
2025-11-20 06:00,914.0,6,1.0,0
2025-11-20 07:00,914.0,6,1.0,0
2025-11-20 08:00,914.0,6,1.0,0
2025-11-20 09:00,914.0,6,1.0,0
2025-11-20 10:00,914.0,6,1.0,0
2025-11-20 11:00,914.0,6,1.0,0
2025-11-20 12:00,914.0,6,1.0,0
2025-11-20 13:00,914.0,6,1.0,0
2025-11-20 14:00,914.0,6,1.0,0
2025-11-20 15:00,914.0,6,1.0,0
2025-11-20 16:00,918.2,6,1.0,0
2025-11-20 17:00,919.4,6,1.0,0
2025-11-20 18:00,920.2,6,1.0,0
2025-11-20 19:00,920.2,6,1.0,0
2025-11-20 20:00,921.8,6,1.0,0
2025-11-20 21:00,922.2,6,1.0,0
2025-11-20 22:00,922.2,6,1.0,0
2025-11-20 23:00,922.2,6,1.0,0
2025-11-21 00:00,922.2,6,1.0,0
2025-11-21 01:00,922.8,6,1.0,0
2025-11-21 02:00,924.2,6,1.0,0
2025-11-21 03:00,929.8,6,1.0,0
2025-11-21 04:00,931.0,6,1.0,0
2025-11-21 05:00,931.0,6,1.0,0
2025-11-21 06:00,931.0,6,1.0,0
2025-11-21 07:00,931.0,6,1.0,0
2025-11-21 08:00,932.8,6,1.0,0
2025-11-21 09:00,937.6,6,1.0,0
2025-11-21 10:00,939.6,6,1.0,0
2025-11-21 11:00,939.8,6,1.0,0
2025-11-21 12:00,939.8,6,1.0,0
2025-11-21 13:00,940.0,6,1.0,0
2025-11-21 14:00,940.0,6,1.0,0
2025-11-21 15:00,940.0,6,1.0,0
2025-11-21 16:00,940.0,6,1.0,0
2025-11-21 17:00,940.6,6,1.0,0
2025-11-21 18:00,941.0,6,1.0,0
2025-11-21 19:00,941.6,6,1.0,0
2025-11-21 20:00,941.8,6,1.0,0
2025-11-21 21:00,943.2,6,1.0,0
2025-11-21 22:00,947.6,6,1.0,0
2025-11-21 23:00,948.0,6,1.0,0
2025-11-22 00:00,948.2,6,1.0,0
2025-11-22 01:00,948.8,6,1.0,0
2025-11-22 02:00,955.4,6,1.0,0
2025-11-22 03:00,957.4,6,1.0,0
2025-11-22 04:00,957.4,6,1.0,0
2025-11-22 05:00,958.4,6,1.0,0
2025-11-22 06:00,958.4,6,1.0,0
2025-11-22 07:00,959.2,6,1.0,0
2025-11-22 08:00,959.4,6,1.0,0
2025-11-22 09:00,960.2,6,1.0,0
2025-11-22 10:00,960.6,6,1.0,0
2025-11-22 11:00,960.8,6,1.0,0
2025-11-22 12:00,961.0,6,1.0,0
2025-11-22 13:00,962.0,6,1.0,0
2025-11-22 14:00,966.0,6,1.0,0
2025-11-22 15:00,967.0,6,1.0,0
2025-11-22 16:00,967.0,6,1.0,0
2025-11-22 17:00,967.0,6,1.0,0
2025-11-22 18:00,967.0,6,1.0,0
2025-11-22 19:00,967.0,6,1.0,0
2025-11-22 20:00,967.0,6,1.0,0
2025-11-22 21:00,967.0,6,1.0,0
2025-11-22 22:00,967.0,6,1.0,0
2025-11-22 23:00,967.0,6,1.0,0
2025-11-23 00:00,967.0,6,1.0,0
2025-11-23 01:00,967.0,6,1.0,0
2025-11-23 02:00,967.0,6,1.0,0
2025-11-23 03:00,967.0,6,1.0,0
2025-11-23 04:00,967.0,6,1.0,0
2025-11-23 05:00,967.0,6,1.0,0
2025-11-23 06:00,967.0,6,1.0,0
2025-11-23 07:00,967.0,6,1.0,0
2025-11-23 08:00,967.0,6,1.0,0
2025-11-23 09:00,967.0,6,1.0,0
2025-11-23 10:00,967.0,6,1.0,0
2025-11-23 11:00,967.0,6,1.0,0
2025-11-23 12:00,967.0,6,1.0,0
2025-11-23 13:00,967.0,6,1.0,0
2025-11-23 14:00,967.0,6,1.0,0
2025-11-23 15:00,967.0,6,1.0,0
2025-11-23 16:00,967.0,6,1.0,0
2025-11-23 17:00,967.0,6,1.0,0
2025-11-23 18:00,967.0,6,1.0,0
2025-11-23 19:00,967.0,6,1.0,0
2025-11-23 20:00,967.0,6,1.0,0
2025-11-23 21:00,967.0,6,1.0,0
2025-11-23 22:00,967.0,6,1.0,0
2025-11-23 23:00,967.0,6,1.0,0
2025-11-24 00:00,967.0,6,1.0,0
2025-11-24 01:00,967.0,6,1.0,0
2025-11-24 02:00,967.0,6,1.0,0
2025-11-24 03:00,967.0,6,1.0,0
2025-11-24 04:00,967.0,6,1.0,0
2025-11-24 05:00,967.0,6,1.0,0
2025-11-24 06:00,967.4,6,1.0,0
2025-11-24 07:00,967.8,6,1.0,0
2025-11-24 08:00,969.0,6,1.0,0
2025-11-24 09:00,969.4,6,1.0,0
2025-11-24 10:00,970.0,6,1.0,0
2025-11-24 11:00,970.8,6,1.0,0
2025-11-24 12:00,971.8,6,1.0,0
2025-11-24 13:00,973.2,6,1.0,0
2025-11-24 14:00,978.4,6,1.0,0
2025-11-24 15:00,981.8,6,1.0,0
2025-11-24 16:00,984.4,6,1.0,0
2025-11-24 17:00,987.2,6,1.0,0
2025-11-24 18:00,988.4,6,1.0,0
2025-11-24 19:00,988.4,6,1.0,0
2025-11-24 20:00,988.4,6,1.0,0
2025-11-24 21:00,988.4,6,1.0,0
2025-11-24 22:00,988.4,6,1.0,0
2025-11-24 23:00,988.4,6,1.0,0
2025-11-25 00:00,988.8,6,1.0,0
2025-11-25 01:00,992.2,6,1.0,0
2025-11-25 02:00,992.2,6,1.0,0
2025-11-25 03:00,992.8,6,1.0,0
2025-11-25 04:00,995.4,6,1.0,0
2025-11-25 05:00,999.0,6,1.0,0
2025-11-25 06:00,1002.0,6,1.0,0
2025-11-25 07:00,1003.0,6,1.0,0
2025-11-25 08:00,1003.4,6,1.0,0
2025-11-25 09:00,1004.4,6,1.0,0
2025-11-25 10:00,1004.4,6,1.0,0
2025-11-25 11:00,1004.4,6,1.0,0
2025-11-25 12:00,1004.4,6,1.0,0
2025-11-25 13:00,1004.6,6,1.0,0
2025-11-25 14:00,1004.8,6,1.0,0
2025-11-25 15:00,1011.6,6,1.0,0
2025-11-25 16:00,1016.2,6,1.0,0
2025-11-25 17:00,1024.4,6,1.0,0
2025-11-25 18:00,1027.2,6,1.0,0
2025-11-25 19:00,1031.4,6,1.0,0
2025-11-25 20:00,1035.6,6,1.0,0
2025-11-25 21:00,1036.4,6,1.0,0
2025-11-25 22:00,1038.2,6,1.0,0
2025-11-25 23:00,1038.2,6,1.0,0
2025-11-26 00:00,1038.2,6,1.0,0
2025-11-26 01:00,1038.2,6,1.0,0
2025-11-26 02:00,1038.2,6,1.0,0
2025-11-26 03:00,1038.2,6,1.0,0
2025-11-26 04:00,1038.2,6,1.0,0
2025-11-26 05:00,1038.4,6,1.0,0
2025-11-26 06:00,1039.0,6,1.0,0
2025-11-26 07:00,1039.0,6,1.0,0
2025-11-26 08:00,1039.0,6,1.0,0
2025-11-26 09:00,1039.0,6,1.0,0
2025-11-26 10:00,1039.0,6,1.0,0
2025-11-26 11:00,1039.0,6,1.0,0
2025-11-26 12:00,1039.0,6,1.0,0
2025-11-26 13:00,1039.0,6,1.0,0
2025-11-26 14:00,1039.0,6,1.0,0
2025-11-26 15:00,1047.6,6,1.0,0
2025-11-26 16:00,1048.0,6,1.0,0
2025-11-26 17:00,1048.0,6,1.0,0
2025-11-26 18:00,1048.0,6,1.0,0
2025-11-26 19:00,1048.2,6,1.0,0
2025-11-26 20:00,1049.8,6,1.0,0
2025-11-26 21:00,1051.8,6,1.0,0
2025-11-26 22:00,1053.4,6,1.0,0
2025-11-26 23:00,1053.4,6,1.0,0
2025-11-27 00:00,1053.4,6,1.0,0
2025-11-27 01:00,1053.4,6,1.0,0
2025-11-27 02:00,1053.4,6,1.0,0
2025-11-27 03:00,1053.4,6,1.0,0
2025-11-27 04:00,1053.4,6,1.0,0
2025-11-27 05:00,1053.4,6,1.0,0
2025-11-27 06:00,1053.6,6,1.0,0
2025-11-27 07:00,1053.6,6,1.0,0
2025-11-27 08:00,1053.6,6,1.0,0
2025-11-27 09:00,1053.6,6,1.0,0
2025-11-27 10:00,1053.6,6,1.0,0
2025-11-27 11:00,1053.6,6,1.0,0
2025-11-27 12:00,1053.6,6,1.0,0
2025-11-27 13:00,1053.6,6,1.0,0
2025-11-27 14:00,1053.6,6,1.0,0
2025-11-27 15:00,1054.0,6,1.0,0
2025-11-27 16:00,1054.2,6,1.0,0
2025-11-27 17:00,1054.2,6,1.0,0
2025-11-27 18:00,1054.2,6,1.0,0
2025-11-27 19:00,1054.2,6,1.0,0
2025-11-27 20:00,1054.2,6,1.0,0
2025-11-27 21:00,1054.2,6,1.0,0
2025-11-27 22:00,1054.2,6,1.0,0
2025-11-27 23:00,1054.2,6,1.0,0
2025-11-28 00:00,1054.2,6,1.0,0
2025-11-28 01:00,1054.2,6,1.0,0
2025-11-28 02:00,1054.2,6,1.0,0
2025-11-28 03:00,1054.2,6,1.0,0
2025-11-28 04:00,1054.2,6,1.0,0
2025-11-28 05:00,1054.2,6,1.0,0
2025-11-28 06:00,1054.2,6,1.0,0
2025-11-28 07:00,1054.2,6,1.0,0
2025-11-28 08:00,1054.2,6,1.0,0
2025-11-28 09:00,1054.2,6,1.0,0
2025-11-28 10:00,1054.2,6,1.0,0
2025-11-28 11:00,1054.2,6,1.0,0
2025-11-28 12:00,1054.2,6,1.0,0
2025-11-28 13:00,1054.2,6,1.0,0
2025-11-28 14:00,1054.2,6,1.0,0
2025-11-28 15:00,1054.2,6,1.0,0
2025-11-28 16:00,1054.2,6,1.0,0
2025-11-28 17:00,1054.2,6,1.0,0
2025-11-28 18:00,1054.2,6,1.0,0
2025-11-28 19:00,1054.2,6,1.0,0
2025-11-28 20:00,1054.2,6,1.0,0
2025-11-28 21:00,1054.2,6,1.0,0
2025-11-28 22:00,1054.2,6,1.0,0
2025-11-28 23:00,1054.2,6,1.0,0
2025-11-29 00:00,1054.2,6,1.0,0
2025-11-29 01:00,1054.2,6,1.0,0
2025-11-29 02:00,1054.2,6,1.0,0
2025-11-29 03:00,1054.2,6,1.0,0
2025-11-29 04:00,1054.2,6,1.0,0
2025-11-29 05:00,1054.2,6,1.0,0
2025-11-29 06:00,1054.2,6,1.0,0
2025-11-29 07:00,1054.2,6,1.0,0
2025-11-29 08:00,1054.2,6,1.0,0
2025-11-29 09:00,1054.2,6,1.0,0
2025-11-29 10:00,1054.2,6,1.0,0
2025-11-29 11:00,1054.2,6,1.0,0
2025-11-29 12:00,1054.2,6,1.0,0
2025-11-29 13:00,1054.2,6,1.0,0
2025-11-29 14:00,1054.2,6,1.0,0
2025-11-29 15:00,1054.2,6,1.0,0
2025-11-29 16:00,1054.2,6,1.0,0
2025-11-29 17:00,1054.2,6,1.0,0
2025-11-29 18:00,1054.2,6,1.0,0
2025-11-29 19:00,1054.2,6,1.0,0
2025-11-29 20:00,1054.2,6,1.0,0
2025-11-29 21:00,1054.2,6,1.0,0
2025-11-29 22:00,1054.2,6,1.0,0
2025-11-29 23:00,1054.2,6,1.0,0
2025-11-30 00:00,1054.2,6,1.0,0
2025-11-30 01:00,1054.2,6,1.0,0
2025-11-30 02:00,1054.2,6,1.0,0
2025-11-30 03:00,1054.2,6,1.0,0
2025-11-30 04:00,1054.2,6,1.0,0
2025-11-30 05:00,1054.2,6,1.0,0
2025-11-30 06:00,1054.2,6,1.0,0
2025-11-30 07:00,1054.2,6,1.0,0
2025-11-30 08:00,1054.2,6,1.0,0
2025-11-30 09:00,1054.2,6,1.0,0
2025-11-30 10:00,1054.2,6,1.0,0
2025-11-30 11:00,1054.2,6,1.0,0
2025-11-30 12:00,1054.2,6,1.0,0
2025-11-30 13:00,1054.2,6,1.0,0
2025-11-30 14:00,1054.2,6,1.0,0
2025-11-30 15:00,1054.2,6,1.0,0
2025-11-30 16:00,1054.2,6,1.0,0
2025-11-30 17:00,1054.2,6,1.0,0
2025-11-30 18:00,1054.2,6,1.0,0
2025-11-30 19:00,1054.2,6,1.0,0
2025-11-30 20:00,1054.2,6,1.0,0
2025-11-30 21:00,1054.2,6,1.0,0
2025-11-30 22:00,1054.2,6,1.0,0
2025-11-30 23:00,1054.2,6,1.0,0
2025-12-01 00:00,1054.2,6,1.0,0
2025-12-01 01:00,1054.2,6,1.0,0
2025-12-01 02:00,1054.2,6,1.0,0
2025-12-01 03:00,1054.2,6,1.0,0
2025-12-01 04:00,1054.2,6,1.0,0
2025-12-01 05:00,1054.2,6,1.0,0
2025-12-01 06:00,1054.2,6,1.0,0
2025-12-01 07:00,1054.4,6,1.0,0
2025-12-01 08:00,1054.4,6,1.0,0
2025-12-01 09:00,1054.4,6,1.0,0
2025-12-01 10:00,1054.4,6,1.0,0
2025-12-01 11:00,1054.4,6,1.0,0
2025-12-01 12:00,1054.4,6,1.0,0
2025-12-01 13:00,1054.4,6,1.0,0
2025-12-01 14:00,1054.4,6,1.0,0
2025-12-01 15:00,1054.4,6,1.0,0
2025-12-01 16:00,1054.4,6,1.0,0
2025-12-01 17:00,1054.4,6,1.0,0
2025-12-01 18:00,1054.4,6,1.0,0
2025-12-01 19:00,1054.4,6,1.0,0
2025-12-01 20:00,1054.4,6,1.0,0
2025-12-01 21:00,1054.4,6,1.0,0
2025-12-01 22:00,1054.4,6,1.0,0
2025-12-01 23:00,1054.4,6,1.0,0
2025-12-02 00:00,1054.4,6,1.0,0
2025-12-02 01:00,1054.4,6,1.0,0
2025-12-02 02:00,1054.4,6,1.0,0
2025-12-02 03:00,1054.8,6,1.0,0
2025-12-02 04:00,1055.0,6,1.0,0
2025-12-02 05:00,1055.2,6,1.0,0
2025-12-02 06:00,1055.6,6,1.0,0
2025-12-02 07:00,1055.6,6,1.0,0
2025-12-02 08:00,1055.6,6,1.0,0
2025-12-02 09:00,1056.2,6,1.0,0
2025-12-02 10:00,1057.4,6,1.0,0
2025-12-02 11:00,1062.4,6,1.0,0
2025-12-02 12:00,1067.2,6,1.0,0
2025-12-02 13:00,1067.2,6,1.0,0
2025-12-02 14:00,1067.6,6,1.0,0
2025-12-02 15:00,1071.2,6,1.0,0
2025-12-02 16:00,1073.2,6,1.0,0
2025-12-02 17:00,1075.0,6,1.0,0
2025-12-02 18:00,1075.2,6,1.0,0
2025-12-02 19:00,1075.2,6,1.0,0
2025-12-02 20:00,1075.4,6,1.0,0
2025-12-02 21:00,1077.2,6,1.0,0
2025-12-02 22:00,1077.2,6,1.0,0
2025-12-02 23:00,1077.4,6,1.0,0
2025-12-03 00:00,1077.4,6,1.0,0
2025-12-03 01:00,1077.4,6,1.0,0
2025-12-03 02:00,1077.4,6,1.0,0
2025-12-03 03:00,1077.4,6,1.0,0
2025-12-03 04:00,1077.4,6,1.0,0
2025-12-03 05:00,1077.4,6,1.0,0
2025-12-03 06:00,1077.4,6,1.0,0
2025-12-03 07:00,1077.4,6,1.0,0
2025-12-03 08:00,1077.4,6,1.0,0
2025-12-03 09:00,1077.4,6,1.0,0
2025-12-03 10:00,1077.4,6,1.0,0
2025-12-03 11:00,1077.4,6,1.0,0
2025-12-03 12:00,1077.4,6,1.0,0
2025-12-03 13:00,1077.4,6,1.0,0
2025-12-03 14:00,1077.4,6,1.0,0
2025-12-03 15:00,1077.4,6,1.0,0
2025-12-03 16:00,1077.4,6,1.0,0
2025-12-03 17:00,1077.4,6,1.0,0
2025-12-03 18:00,1077.4,6,1.0,0
2025-12-03 19:00,1077.4,6,1.0,0
2025-12-03 20:00,1077.4,6,1.0,0
2025-12-03 21:00,1077.4,6,1.0,0
2025-12-03 22:00,1077.4,6,1.0,0
2025-12-03 23:00,1077.4,6,1.0,0
2025-12-04 00:00,1077.4,6,1.0,0
2025-12-04 01:00,1077.4,6,1.0,0
2025-12-04 02:00,1077.4,6,1.0,0
2025-12-04 03:00,1077.4,6,1.0,0
2025-12-04 04:00,1077.4,6,1.0,0
2025-12-04 05:00,1077.6,6,1.0,0
2025-12-04 06:00,1077.8,6,1.0,0
2025-12-04 07:00,1078.6,6,1.0,0
2025-12-04 08:00,1078.8,6,1.0,0
2025-12-04 09:00,1078.8,6,1.0,0
2025-12-04 10:00,1078.8,6,1.0,0
2025-12-04 11:00,1078.8,6,1.0,0
2025-12-04 12:00,1078.8,6,1.0,0
2025-12-04 13:00,1078.8,6,1.0,0
2025-12-04 14:00,1078.8,6,1.0,0
2025-12-04 15:00,1078.8,6,1.0,0
2025-12-04 16:00,1078.8,6,1.0,0
2025-12-04 17:00,1078.8,6,1.0,0
2025-12-04 18:00,1078.8,6,1.0,0
2025-12-04 19:00,1078.8,6,1.0,0
2025-12-04 20:00,1078.8,6,1.0,0
2025-12-04 21:00,1080.0,6,1.0,0
2025-12-04 22:00,1080.2,6,1.0,0
2025-12-04 23:00,1080.2,6,1.0,0
2025-12-05 00:00,1080.2,6,1.0,0
2025-12-05 01:00,1081.2,6,1.0,0
2025-12-05 02:00,1084.6,6,1.0,0
2025-12-05 03:00,1084.6,6,1.0,0
2025-12-05 04:00,1084.6,6,1.0,0
2025-12-05 05:00,1084.8,6,1.0,0
2025-12-05 06:00,1084.8,6,1.0,0
2025-12-05 07:00,1084.8,6,1.0,0
2025-12-05 08:00,1084.8,6,1.0,0
2025-12-05 09:00,1084.8,6,1.0,0
2025-12-05 10:00,1084.8,6,1.0,0
2025-12-05 11:00,1084.8,6,1.0,0
2025-12-05 12:00,1084.8,6,1.0,0
2025-12-05 13:00,1084.8,6,1.0,0
2025-12-05 14:00,1084.8,6,1.0,0
2025-12-05 15:00,1084.8,6,1.0,0
2025-12-05 16:00,1084.8,6,1.0,0
2025-12-05 17:00,1084.8,6,1.0,0
2025-12-05 18:00,1084.8,6,1.0,0
2025-12-05 19:00,1084.8,6,1.0,0
2025-12-05 20:00,1084.8,6,1.0,0
2025-12-05 21:00,1084.8,6,1.0,0
2025-12-05 22:00,1084.8,6,1.0,0
2025-12-05 23:00,1084.8,6,1.0,0
2025-12-06 00:00,1084.8,6,1.0,0
2025-12-06 01:00,1084.8,6,1.0,0
2025-12-06 02:00,1084.8,6,1.0,0
2025-12-06 03:00,1084.8,6,1.0,0
2025-12-06 04:00,1084.8,6,1.0,0
2025-12-06 05:00,1084.8,6,1.0,0
2025-12-06 06:00,1084.8,6,1.0,0
2025-12-06 07:00,1084.8,6,1.0,0
2025-12-06 08:00,1084.8,6,1.0,0
2025-12-06 09:00,1084.8,6,1.0,0
2025-12-06 10:00,1084.8,6,1.0,0
2025-12-06 11:00,1084.8,6,1.0,0
2025-12-06 12:00,1084.8,6,1.0,0
2025-12-06 13:00,1084.8,6,1.0,0
2025-12-06 14:00,1084.8,6,1.0,0
2025-12-06 15:00,1084.8,6,1.0,0
2025-12-06 16:00,1084.8,6,1.0,0
2025-12-06 17:00,1084.8,6,1.0,0
2025-12-06 18:00,1084.8,6,1.0,0
2025-12-06 19:00,1084.8,6,1.0,0
2025-12-06 20:00,1084.8,6,1.0,0
2025-12-06 21:00,1084.8,6,1.0,0
2025-12-06 22:00,1084.8,6,1.0,0
2025-12-06 23:00,1084.8,6,1.0,0
2025-12-07 00:00,1084.8,6,1.0,0
2025-12-07 01:00,1084.8,6,1.0,0
2025-12-07 02:00,1084.8,6,1.0,0
2025-12-07 03:00,1084.8,6,1.0,0
2025-12-07 04:00,1084.8,6,1.0,0
2025-12-07 05:00,1084.8,6,1.0,0
2025-12-07 06:00,1084.8,6,1.0,0
2025-12-07 07:00,1084.8,6,1.0,0
2025-12-07 08:00,1084.8,6,1.0,0
2025-12-07 09:00,1084.8,6,1.0,0
2025-12-07 10:00,1084.8,6,1.0,0
2025-12-07 11:00,1084.8,6,1.0,0
2025-12-07 12:00,1084.8,6,1.0,0
2025-12-07 13:00,1084.8,6,1.0,0
2025-12-07 14:00,1084.8,6,1.0,0
2025-12-07 15:00,1084.8,6,1.0,0
2025-12-07 16:00,1084.8,6,1.0,0
2025-12-07 17:00,1084.8,6,1.0,0
2025-12-07 18:00,1084.8,6,1.0,0
2025-12-07 19:00,1084.8,6,1.0,0
2025-12-07 20:00,1084.8,6,1.0,0
2025-12-07 21:00,1084.8,6,1.0,0
2025-12-07 22:00,1084.8,6,1.0,0
2025-12-07 23:00,1084.8,6,1.0,0
2025-12-08 00:00,1084.8,6,1.0,0
2025-12-08 01:00,1084.8,6,1.0,0
2025-12-08 02:00,1084.8,6,1.0,0
2025-12-08 03:00,1084.8,6,1.0,0
2025-12-08 04:00,1084.8,6,1.0,0
2025-12-08 05:00,1084.8,6,1.0,0
2025-12-08 06:00,1084.8,6,1.0,0
2025-12-08 07:00,1084.8,6,1.0,0
2025-12-08 08:00,1084.8,6,1.0,0
2025-12-08 09:00,1084.8,6,1.0,0
2025-12-08 10:00,1084.8,6,1.0,0
2025-12-08 11:00,1084.8,6,1.0,0
2025-12-08 12:00,1084.8,6,1.0,0
2025-12-08 13:00,1084.8,6,1.0,0
2025-12-08 14:00,1084.8,6,1.0,0
2025-12-08 15:00,1084.8,6,1.0,0
2025-12-08 16:00,1084.8,6,1.0,0
2025-12-08 17:00,1084.8,6,1.0,0
2025-12-08 18:00,1084.8,6,1.0,0
2025-12-08 19:00,1084.8,6,1.0,0
2025-12-08 20:00,1084.8,6,1.0,0
2025-12-08 21:00,1084.8,6,1.0,0
2025-12-08 22:00,1084.8,6,1.0,0
2025-12-08 23:00,1084.8,6,1.0,0
2025-12-09 00:00,1084.8,6,1.0,0
2025-12-09 01:00,1084.8,6,1.0,0
2025-12-09 02:00,1084.8,6,1.0,0
2025-12-09 03:00,1084.8,6,1.0,0
2025-12-09 04:00,1084.8,6,1.0,0
2025-12-09 05:00,1084.8,6,1.0,0
2025-12-09 06:00,1084.8,6,1.0,0
2025-12-09 07:00,1084.8,6,1.0,0
2025-12-09 08:00,1084.8,6,1.0,0
2025-12-09 09:00,1084.8,6,1.0,0
2025-12-09 10:00,1084.8,6,1.0,0
2025-12-09 11:00,1084.8,6,1.0,0
2025-12-09 12:00,1084.8,6,1.0,0
2025-12-09 13:00,1084.8,6,1.0,0
2025-12-09 14:00,1084.8,6,1.0,0
2025-12-09 15:00,1084.8,6,1.0,0
2025-12-09 16:00,1084.8,6,1.0,0
2025-12-09 17:00,1084.8,6,1.0,0
2025-12-09 18:00,1084.8,6,1.0,0
2025-12-09 19:00,1084.8,6,1.0,0
2025-12-09 20:00,1084.8,6,1.0,0
2025-12-09 21:00,1084.8,6,1.0,0
2025-12-09 22:00,1084.8,6,1.0,0
2025-12-09 23:00,1084.8,6,1.0,0
2025-12-10 00:00,1084.8,6,1.0,0
2025-12-10 01:00,1084.8,6,1.0,0
2025-12-10 02:00,1084.8,6,1.0,0
2025-12-10 03:00,1084.8,6,1.0,0
2025-12-10 04:00,1084.8,6,1.0,0
2025-12-10 05:00,1084.8,6,1.0,0
2025-12-10 06:00,1084.8,6,1.0,0
2025-12-10 07:00,1084.8,6,1.0,0
2025-12-10 08:00,1084.8,6,1.0,0
2025-12-10 09:00,1084.8,6,1.0,0
2025-12-10 10:00,1084.8,6,1.0,0
2025-12-10 11:00,1084.8,6,1.0,0
2025-12-10 12:00,1084.8,6,1.0,0
2025-12-10 13:00,1084.8,6,1.0,0
2025-12-10 14:00,1084.8,6,1.0,0
2025-12-10 15:00,1084.8,6,1.0,0
2025-12-10 16:00,1084.8,6,1.0,0
2025-12-10 17:00,1084.8,6,1.0,0
2025-12-10 18:00,1084.8,6,1.0,0
2025-12-10 19:00,1084.8,6,1.0,0
2025-12-10 20:00,1084.8,6,1.0,0
2025-12-10 21:00,1084.8,6,1.0,0
2025-12-10 22:00,1084.8,6,1.0,0
2025-12-10 23:00,1084.8,6,1.0,0
2025-12-11 00:00,1084.8,6,1.0,0
2025-12-11 01:00,1084.8,6,1.0,0
2025-12-11 02:00,1084.8,6,1.0,0
2025-12-11 03:00,1084.8,6,1.0,0
2025-12-11 04:00,1085.0,6,1.0,0
2025-12-11 05:00,1085.0,6,1.0,0
2025-12-11 06:00,1085.0,6,1.0,0
2025-12-11 07:00,1085.0,6,1.0,0
2025-12-11 08:00,1085.0,6,1.0,0
2025-12-11 09:00,1085.0,6,1.0,0
2025-12-11 10:00,1085.0,6,1.0,0
2025-12-11 11:00,1085.0,6,1.0,0
2025-12-11 12:00,1085.0,6,1.0,0
2025-12-11 13:00,1085.0,6,1.0,0
2025-12-11 14:00,1085.0,6,1.0,0
2025-12-11 15:00,1085.0,6,1.0,0
2025-12-11 16:00,1085.0,6,1.0,0
2025-12-11 17:00,1085.0,6,1.0,0
2025-12-11 18:00,1085.0,6,1.0,0
2025-12-11 19:00,1085.0,6,1.0,0
2025-12-11 20:00,1085.0,6,1.0,0
2025-12-11 21:00,1085.0,6,1.0,0
2025-12-11 22:00,1085.0,6,1.0,0
2025-12-11 23:00,1085.0,6,1.0,0
2025-12-12 00:00,1085.0,6,1.0,0
2025-12-12 01:00,1085.0,6,1.0,0
2025-12-12 02:00,1085.0,6,1.0,0
2025-12-12 03:00,1085.0,6,1.0,0
2025-12-12 04:00,1085.0,6,1.0,0
2025-12-12 05:00,1085.0,6,1.0,0
2025-12-12 06:00,1085.0,6,1.0,0
2025-12-12 07:00,1085.0,6,1.0,0
2025-12-12 08:00,1085.0,6,1.0,0
2025-12-12 09:00,1085.0,6,1.0,0
2025-12-12 10:00,1085.0,6,1.0,0
2025-12-12 11:00,1085.0,6,1.0,0
2025-12-12 12:00,1085.0,6,1.0,0
2025-12-12 13:00,1085.0,6,1.0,0
2025-12-12 14:00,1085.0,6,1.0,0
2025-12-12 15:00,1085.0,6,1.0,0
2025-12-12 16:00,1085.0,6,1.0,0
2025-12-12 17:00,1085.0,6,1.0,0
2025-12-12 18:00,1085.0,6,1.0,0
2025-12-12 19:00,1085.0,6,1.0,0
2025-12-12 20:00,1085.0,6,1.0,0
2025-12-12 21:00,1085.0,6,1.0,0
2025-12-12 22:00,1085.0,6,1.0,0
2025-12-12 23:00,1085.0,6,1.0,0
2025-12-13 00:00,1085.0,6,1.0,0
2025-12-13 01:00,1085.0,6,1.0,0
2025-12-13 02:00,1085.0,6,1.0,0
2025-12-13 03:00,1085.0,6,1.0,0
2025-12-13 04:00,1085.0,6,1.0,0
2025-12-13 05:00,1085.0,6,1.0,0
2025-12-13 06:00,1085.0,6,1.0,0
2025-12-13 07:00,1085.0,6,1.0,0
2025-12-13 08:00,1085.0,6,1.0,0
2025-12-13 09:00,1085.0,6,1.0,0
2025-12-13 10:00,1085.0,6,1.0,0
2025-12-13 11:00,1085.0,6,1.0,0
2025-12-13 12:00,1085.0,6,1.0,0
2025-12-13 13:00,1085.0,6,1.0,0
2025-12-13 14:00,1085.0,6,1.0,0
2025-12-13 15:00,1085.0,6,1.0,0
2025-12-13 16:00,1085.0,6,1.0,0
2025-12-13 17:00,1085.0,6,1.0,0
2025-12-13 18:00,1085.0,6,1.0,0
2025-12-13 19:00,1085.0,6,1.0,0
2025-12-13 20:00,1085.0,6,1.0,0
2025-12-13 21:00,1085.0,6,1.0,0
2025-12-13 22:00,1085.0,6,1.0,0
2025-12-13 23:00,1085.0,6,1.0,0
2025-12-14 00:00,1085.0,6,1.0,0
2025-12-14 01:00,1085.0,6,1.0,0
2025-12-14 02:00,1085.0,6,1.0,0
2025-12-14 03:00,1085.0,6,1.0,0
2025-12-14 04:00,1085.0,6,1.0,0
2025-12-14 05:00,1085.0,6,1.0,0
2025-12-14 06:00,1085.0,6,1.0,0
2025-12-14 07:00,1085.0,6,1.0,0
2025-12-14 08:00,1085.0,6,1.0,0
2025-12-14 09:00,1085.0,6,1.0,0
2025-12-14 10:00,1085.0,6,1.0,0
2025-12-14 11:00,1085.0,6,1.0,0
2025-12-14 12:00,1085.0,6,1.0,0
2025-12-14 13:00,1085.0,6,1.0,0
2025-12-14 14:00,1085.0,6,1.0,0
2025-12-14 15:00,1085.0,6,1.0,0
2025-12-14 16:00,1085.0,6,1.0,0
2025-12-14 17:00,1085.0,6,1.0,0
2025-12-14 18:00,1085.0,6,1.0,0
2025-12-14 19:00,1085.0,6,1.0,0
2025-12-14 20:00,1085.0,6,1.0,0
2025-12-14 21:00,1085.0,6,1.0,0
2025-12-14 22:00,1085.0,6,1.0,0
2025-12-14 23:00,1085.0,6,1.0,0
2025-12-15 00:00,1085.0,6,1.0,0
2025-12-15 01:00,1085.0,6,1.0,0
2025-12-15 02:00,1085.0,6,1.0,0
2025-12-15 03:00,1085.0,6,1.0,0
2025-12-15 04:00,1085.0,6,1.0,0
2025-12-15 05:00,1085.0,6,1.0,0
2025-12-15 06:00,1085.0,6,1.0,0
2025-12-15 07:00,1085.0,6,1.0,0
2025-12-15 08:00,1085.0,6,1.0,0
2025-12-15 09:00,1085.0,6,1.0,0
2025-12-15 10:00,1085.0,6,1.0,0
2025-12-15 11:00,1085.0,6,1.0,0
2025-12-15 12:00,1085.0,6,1.0,0
2025-12-15 13:00,1085.0,6,1.0,0
2025-12-15 14:00,1085.0,6,1.0,0
2025-12-15 15:00,1085.0,6,1.0,0
2025-12-15 16:00,1085.0,6,1.0,0
2025-12-15 17:00,1085.0,6,1.0,0
2025-12-15 18:00,1085.0,6,1.0,0
2025-12-15 19:00,1085.0,6,1.0,0
2025-12-15 20:00,1085.0,6,1.0,0
2025-12-15 21:00,1085.0,6,1.0,0
2025-12-15 22:00,1085.0,6,1.0,0
2025-12-15 23:00,1085.0,6,1.0,0
2025-12-16 00:00,1085.0,6,1.0,0
2025-12-16 01:00,1085.0,6,1.0,0
2025-12-16 02:00,1085.0,6,1.0,0
2025-12-16 03:00,1085.0,6,1.0,0
2025-12-16 04:00,1085.0,6,1.0,0
2025-12-16 05:00,1085.0,6,1.0,0
2025-12-16 06:00,1085.0,6,1.0,0
2025-12-16 07:00,1085.0,6,1.0,0
2025-12-16 08:00,1085.0,6,1.0,0
2025-12-16 09:00,1085.0,6,1.0,0
2025-12-16 10:00,1085.0,6,1.0,0
2025-12-16 11:00,1085.0,6,1.0,0
2025-12-16 12:00,1085.0,6,1.0,0
2025-12-16 13:00,1085.0,6,1.0,0
2025-12-16 14:00,1085.0,6,1.0,0
2025-12-16 15:00,1085.0,6,1.0,0
2025-12-16 16:00,1085.8,6,1.0,0
2025-12-16 17:00,1086.0,6,1.0,0
2025-12-16 18:00,1086.0,6,1.0,0
2025-12-16 19:00,1086.0,6,1.0,0
2025-12-16 20:00,1086.2,6,1.0,0
2025-12-16 21:00,1086.2,6,1.0,0
2025-12-16 22:00,1086.2,6,1.0,0
2025-12-16 23:00,1086.6,6,1.0,0
2025-12-17 00:00,1086.6,6,1.0,0
2025-12-17 01:00,1098.0,6,1.0,0
2025-12-17 02:00,1098.0,6,1.0,0
2025-12-17 03:00,1098.2,6,1.0,0
2025-12-17 04:00,1098.2,6,1.0,0
2025-12-17 05:00,1098.2,6,1.0,0
2025-12-17 06:00,1098.2,6,1.0,0
2025-12-17 07:00,1098.6,6,1.0,0
2025-12-17 08:00,1100.0,6,1.0,0
2025-12-17 09:00,1101.4,6,1.0,0
2025-12-17 10:00,1101.4,6,1.0,0
2025-12-17 11:00,1101.4,6,1.0,0
2025-12-17 12:00,1101.4,6,1.0,0
2025-12-17 13:00,1101.4,6,1.0,0
2025-12-17 14:00,1101.4,6,1.0,0
2025-12-17 15:00,1101.4,6,1.0,0
2025-12-17 16:00,1101.4,6,1.0,0
2025-12-17 17:00,1101.4,6,1.0,0
2025-12-17 18:00,1101.4,6,1.0,0
2025-12-17 19:00,1101.4,6,1.0,0
2025-12-17 20:00,1101.4,6,1.0,0
2025-12-17 21:00,1101.4,6,1.0,0
2025-12-17 22:00,1101.4,6,1.0,0
2025-12-17 23:00,1101.4,6,1.0,0
2025-12-18 00:00,1101.4,6,1.0,0
2025-12-18 01:00,1101.4,6,1.0,0
2025-12-18 02:00,1101.4,6,1.0,0
2025-12-18 03:00,1101.4,6,1.0,0
2025-12-18 04:00,1101.4,6,1.0,0
2025-12-18 05:00,1101.4,6,1.0,0
2025-12-18 06:00,1101.4,6,1.0,0
2025-12-18 07:00,1101.4,6,1.0,0
2025-12-18 08:00,1101.4,6,1.0,0
2025-12-18 09:00,1101.4,6,1.0,0
2025-12-18 10:00,1101.4,6,1.0,0
2025-12-18 11:00,1101.4,6,1.0,0
2025-12-18 12:00,1101.4,6,1.0,0
2025-12-18 13:00,1101.4,6,1.0,0
2025-12-18 14:00,1101.4,6,1.0,0
2025-12-18 15:00,1101.4,6,1.0,0
2025-12-18 16:00,1101.4,6,1.0,0
2025-12-18 17:00,1101.4,6,1.0,0
2025-12-18 18:00,1101.4,6,1.0,0
2025-12-18 19:00,1101.4,6,1.0,0
2025-12-18 20:00,1101.4,6,1.0,0
2025-12-18 21:00,1101.4,6,1.0,0
2025-12-18 22:00,1101.4,6,1.0,0
2025-12-18 23:00,1101.4,6,1.0,0
2025-12-19 00:00,1101.4,6,1.0,0
2025-12-19 01:00,1101.4,6,1.0,0
2025-12-19 02:00,1101.4,6,1.0,0
2025-12-19 03:00,1101.4,6,1.0,0
2025-12-19 04:00,1101.4,6,1.0,0
2025-12-19 05:00,1101.4,6,1.0,0
2025-12-19 06:00,1101.4,6,1.0,0
2025-12-19 07:00,1101.4,6,1.0,0
2025-12-19 08:00,1101.4,6,1.0,0
2025-12-19 09:00,1101.4,6,1.0,0
2025-12-19 10:00,1101.4,6,1.0,0
2025-12-19 11:00,1101.4,6,1.0,0
2025-12-19 12:00,1101.4,6,1.0,0
2025-12-19 13:00,1101.4,6,1.0,0
2025-12-19 14:00,1101.4,6,1.0,0
2025-12-19 15:00,1101.4,6,1.0,0
2025-12-19 16:00,1101.4,6,1.0,0
2025-12-19 17:00,1101.4,6,1.0,0
2025-12-19 18:00,1101.4,6,1.0,0
2025-12-19 19:00,1101.4,6,1.0,0
2025-12-19 20:00,1101.4,6,1.0,0
2025-12-19 21:00,1101.4,6,1.0,0
2025-12-19 22:00,1101.4,6,1.0,0
2025-12-19 23:00,1101.4,6,1.0,0
2025-12-20 00:00,1101.4,6,1.0,0
2025-12-20 01:00,1101.4,6,1.0,0
2025-12-20 02:00,1101.4,6,1.0,0
2025-12-20 03:00,1101.4,6,1.0,0
2025-12-20 04:00,1101.4,6,1.0,0
2025-12-20 05:00,1101.4,6,1.0,0
2025-12-20 06:00,1101.4,6,1.0,0
2025-12-20 07:00,1101.4,6,1.0,0
2025-12-20 08:00,1101.4,6,1.0,0
2025-12-20 09:00,1101.4,6,1.0,0
2025-12-20 10:00,1101.4,6,1.0,0
2025-12-20 11:00,1101.4,6,1.0,0
2025-12-20 12:00,1101.4,6,1.0,0
2025-12-20 13:00,1101.4,6,1.0,0
2025-12-20 14:00,1101.4,6,1.0,0
2025-12-20 15:00,1101.4,6,1.0,0
2025-12-20 16:00,1101.4,6,1.0,0
2025-12-20 17:00,1101.4,6,1.0,0
2025-12-20 18:00,1101.4,6,1.0,0
2025-12-20 19:00,1101.4,6,1.0,0
2025-12-20 20:00,1101.4,6,1.0,0
2025-12-20 21:00,1101.4,6,1.0,0
2025-12-20 22:00,1101.4,6,1.0,0
2025-12-20 23:00,1101.4,6,1.0,0
2025-12-21 00:00,1101.4,6,1.0,0
2025-12-21 01:00,1101.4,6,1.0,0
2025-12-21 02:00,1101.4,6,1.0,0
2025-12-21 03:00,1101.4,6,1.0,0
2025-12-21 04:00,1101.4,6,1.0,0
2025-12-21 05:00,1101.4,6,1.0,0
2025-12-21 06:00,1101.4,6,1.0,0
2025-12-21 07:00,1101.4,6,1.0,0
2025-12-21 08:00,1101.4,6,1.0,0
2025-12-21 09:00,1101.4,6,1.0,0
2025-12-21 10:00,1101.4,6,1.0,0
2025-12-21 11:00,1101.4,6,1.0,0
2025-12-21 12:00,1101.4,6,1.0,0
2025-12-21 13:00,1101.4,6,1.0,0
2025-12-21 14:00,1101.4,6,1.0,0
2025-12-21 15:00,1101.4,6,1.0,0
2025-12-21 16:00,1101.4,6,1.0,0
2025-12-21 17:00,1101.4,6,1.0,0
2025-12-21 18:00,1101.4,6,1.0,0
2025-12-21 19:00,1101.4,6,1.0,0
2025-12-21 20:00,1101.4,6,1.0,0
2025-12-21 21:00,1101.4,6,1.0,0
2025-12-21 22:00,1101.4,6,1.0,0
2025-12-21 23:00,1101.4,6,1.0,0
2025-12-22 00:00,1101.4,6,1.0,0
2025-12-22 01:00,1101.4,6,1.0,0
2025-12-22 02:00,1101.4,6,1.0,0
2025-12-22 03:00,1101.4,6,1.0,0
2025-12-22 04:00,1101.4,6,1.0,0
2025-12-22 05:00,1101.4,6,1.0,0
2025-12-22 06:00,1101.4,6,1.0,0
2025-12-22 07:00,1101.4,6,1.0,0
2025-12-22 08:00,1101.4,6,1.0,0
2025-12-22 09:00,1101.4,6,1.0,0
2025-12-22 10:00,1101.4,6,1.0,0
2025-12-22 11:00,1101.4,6,1.0,0
2025-12-22 12:00,1101.4,6,1.0,0
2025-12-22 13:00,1101.4,6,1.0,0
2025-12-22 14:00,1101.4,6,1.0,0
2025-12-22 15:00,1101.4,6,1.0,0
2025-12-22 16:00,1101.4,6,1.0,0
2025-12-22 17:00,1101.4,6,1.0,0
2025-12-22 18:00,1101.4,6,1.0,0
2025-12-22 19:00,1101.4,6,1.0,0
2025-12-22 20:00,1101.4,6,1.0,0
2025-12-22 21:00,1101.4,6,1.0,0
2025-12-22 22:00,1101.4,6,1.0,0
2025-12-22 23:00,1101.4,6,1.0,0
2025-12-23 00:00,1101.4,6,1.0,0
2025-12-23 01:00,1101.4,6,1.0,0
2025-12-23 02:00,1101.4,6,1.0,0
2025-12-23 03:00,1101.4,6,1.0,0
2025-12-23 04:00,1101.4,6,1.0,0
2025-12-23 05:00,1101.4,6,1.0,0
2025-12-23 06:00,1101.4,6,1.0,0
2025-12-23 07:00,1101.4,6,1.0,0
2025-12-23 08:00,1101.4,6,1.0,0
2025-12-23 09:00,1101.4,6,1.0,0
2025-12-23 10:00,1101.4,6,1.0,0
2025-12-23 11:00,1101.4,6,1.0,0
2025-12-23 12:00,1101.4,6,1.0,0
2025-12-23 13:00,1101.4,6,1.0,0
2025-12-23 14:00,1101.4,6,1.0,0
2025-12-23 15:00,1103.2,6,1.0,0
2025-12-23 16:00,1104.2,6,1.0,0
2025-12-23 17:00,1109.8,6,1.0,0
2025-12-23 18:00,1114.6,6,1.0,0
2025-12-23 19:00,1115.0,6,1.0,0
2025-12-23 20:00,1115.4,6,1.0,0
2025-12-23 21:00,1119.0,6,1.0,0
2025-12-23 22:00,1122.2,6,1.0,0
2025-12-23 23:00,1123.0,6,1.0,0
2025-12-24 00:00,1123.2,6,1.0,0
2025-12-24 01:00,1129.8,6,1.0,0
2025-12-24 02:00,1131.2,6,1.0,0
2025-12-24 03:00,1135.8,6,1.0,0
2025-12-24 04:00,1136.2,6,1.0,0
2025-12-24 05:00,1138.0,6,1.0,0
2025-12-24 06:00,1138.2,6,1.0,0
2025-12-24 07:00,1138.8,6,1.0,0
2025-12-24 08:00,1139.0,6,1.0,0
2025-12-24 09:00,1142.8,6,1.0,0
2025-12-24 10:00,1142.8,6,1.0,0
2025-12-24 11:00,1142.8,6,1.0,0
2025-12-24 12:00,1156.4,6,1.0,0
2025-12-24 13:00,1162.0,6,1.0,0
2025-12-24 14:00,1162.2,6,1.0,0
2025-12-24 15:00,1164.0,6,1.0,0
2025-12-24 16:00,1164.4,6,1.0,0
2025-12-24 17:00,1164.4,6,1.0,0
2025-12-24 18:00,1164.4,6,1.0,0
2025-12-24 19:00,1164.4,6,1.0,0
2025-12-24 20:00,1164.6,6,1.0,0
2025-12-24 21:00,1164.6,6,1.0,0
2025-12-24 22:00,1166.4,6,1.0,0
2025-12-24 23:00,1166.6,6,1.0,0
2025-12-25 00:00,1166.6,6,1.0,0
2025-12-25 01:00,1166.6,6,1.0,0
2025-12-25 02:00,1166.6,6,1.0,0
2025-12-25 03:00,1166.6,6,1.0,0
2025-12-25 04:00,1166.6,6,1.0,0
2025-12-25 05:00,1166.6,6,1.0,0
2025-12-25 06:00,1166.6,6,1.0,0
2025-12-25 07:00,1166.6,6,1.0,0
2025-12-25 08:00,1166.6,6,1.0,0
2025-12-25 09:00,1166.6,6,1.0,0
2025-12-25 10:00,1166.6,6,1.0,0
2025-12-25 11:00,1166.6,6,1.0,0
2025-12-25 12:00,1166.6,6,1.0,0
2025-12-25 13:00,1166.6,6,1.0,0
2025-12-25 14:00,1166.6,6,1.0,0
2025-12-25 15:00,1166.6,6,1.0,0
2025-12-25 16:00,1166.6,6,1.0,0
2025-12-25 17:00,1166.6,6,1.0,0
2025-12-25 18:00,1166.6,6,1.0,0
2025-12-25 19:00,1166.6,6,1.0,0
2025-12-25 20:00,1166.6,6,1.0,0
2025-12-25 21:00,1166.6,6,1.0,0
2025-12-25 22:00,1166.6,6,1.0,0
2025-12-25 23:00,1166.6,6,1.0,0
2025-12-26 00:00,1166.6,6,1.0,0
2025-12-26 01:00,1166.6,6,1.0,0
2025-12-26 02:00,1166.6,6,1.0,0
2025-12-26 03:00,1166.6,6,1.0,0
2025-12-26 04:00,1166.6,6,1.0,0
2025-12-26 05:00,1166.6,6,1.0,0
2025-12-26 06:00,1166.6,6,1.0,0
2025-12-26 07:00,1166.6,6,1.0,0
2025-12-26 08:00,1166.6,6,1.0,0
2025-12-26 09:00,1166.6,6,1.0,0
2025-12-26 10:00,1166.6,6,1.0,0
2025-12-26 11:00,1166.6,6,1.0,0
2025-12-26 12:00,1166.6,6,1.0,0
2025-12-26 13:00,1166.6,6,1.0,0
2025-12-26 14:00,1166.6,6,1.0,0
2025-12-26 15:00,1166.6,6,1.0,0
2025-12-26 16:00,1166.6,6,1.0,0
2025-12-26 17:00,1166.6,6,1.0,0
2025-12-26 18:00,1166.6,6,1.0,0
2025-12-26 19:00,1166.6,6,1.0,0
2025-12-26 20:00,1166.6,6,1.0,0
2025-12-26 21:00,1166.6,6,1.0,0
2025-12-26 22:00,1166.6,6,1.0,0
2025-12-26 23:00,1166.6,6,1.0,0
2025-12-27 00:00,1166.6,6,1.0,0
2025-12-27 01:00,1166.6,6,1.0,0
2025-12-27 02:00,1166.6,6,1.0,0
2025-12-27 03:00,1166.6,6,1.0,0
2025-12-27 04:00,1166.6,6,1.0,0
2025-12-27 05:00,1166.6,6,1.0,0
2025-12-27 06:00,1166.6,6,1.0,0
2025-12-27 07:00,1166.6,6,1.0,0
2025-12-27 08:00,1166.6,6,1.0,0
2025-12-27 09:00,1166.6,6,1.0,0
2025-12-27 10:00,1166.6,6,1.0,0
2025-12-27 11:00,1166.6,6,1.0,0
2025-12-27 12:00,1166.6,6,1.0,0
2025-12-27 13:00,1166.6,6,1.0,0
2025-12-27 14:00,1166.6,6,1.0,0
2025-12-27 15:00,1166.6,6,1.0,0
2025-12-27 16:00,1166.6,6,1.0,0
2025-12-27 17:00,1166.6,6,1.0,0
2025-12-27 18:00,1166.6,6,1.0,0
2025-12-27 19:00,1166.6,6,1.0,0
2025-12-27 20:00,1166.6,6,1.0,0
2025-12-27 21:00,1166.6,6,1.0,0
2025-12-27 22:00,1166.6,6,1.0,0
2025-12-27 23:00,1166.6,6,1.0,0
2025-12-28 00:00,1166.6,6,1.0,0
2025-12-28 01:00,1166.6,6,1.0,0
2025-12-28 02:00,1166.6,6,1.0,0
2025-12-28 03:00,1166.6,6,1.0,0
2025-12-28 04:00,1166.6,6,1.0,0
2025-12-28 05:00,1166.6,6,1.0,0
2025-12-28 06:00,1166.6,6,1.0,0
2025-12-28 07:00,1166.6,6,1.0,0
2025-12-28 08:00,1166.6,6,1.0,0
2025-12-28 09:00,1166.6,6,1.0,0
2025-12-28 10:00,1166.6,6,1.0,0
2025-12-28 11:00,1166.6,6,1.0,0
2025-12-28 12:00,1166.6,6,1.0,0
2025-12-28 13:00,1166.6,6,1.0,0
2025-12-28 14:00,1166.6,6,1.0,0
2025-12-28 15:00,1166.6,6,1.0,0
2025-12-28 16:00,1166.6,6,1.0,0
2025-12-28 17:00,1166.6,6,1.0,0
2025-12-28 18:00,1166.6,6,1.0,0
2025-12-28 19:00,1166.6,6,1.0,0
2025-12-28 20:00,1166.6,6,1.0,0
2025-12-28 21:00,1166.6,6,1.0,0
2025-12-28 22:00,1166.6,6,1.0,0
2025-12-28 23:00,1166.6,6,1.0,0
2025-12-29 00:00,1166.6,6,1.0,0
2025-12-29 01:00,1166.6,6,1.0,0
2025-12-29 02:00,1166.6,6,1.0,0
2025-12-29 03:00,1166.6,6,1.0,0
2025-12-29 04:00,1166.6,6,1.0,0
2025-12-29 05:00,1166.6,6,1.0,0
2025-12-29 06:00,1166.6,6,1.0,0
2025-12-29 07:00,1166.6,6,1.0,0
2025-12-29 08:00,1166.6,6,1.0,0
2025-12-29 09:00,1166.6,6,1.0,0
2025-12-29 10:00,1166.6,6,1.0,0
2025-12-29 11:00,1166.6,6,1.0,0
2025-12-29 12:00,1166.6,6,1.0,0
2025-12-29 13:00,1166.6,6,1.0,0
2025-12-29 14:00,1166.6,6,1.0,0
2025-12-29 15:00,1166.6,6,1.0,0
2025-12-29 16:00,1166.6,6,1.0,0
2025-12-29 17:00,1166.6,6,1.0,0
2025-12-29 18:00,1166.6,6,1.0,0
2025-12-29 19:00,1166.6,6,1.0,0
2025-12-29 20:00,1166.6,6,1.0,0
2025-12-29 21:00,1166.6,6,1.0,0
2025-12-29 22:00,1166.6,6,1.0,0
2025-12-29 23:00,1166.6,6,1.0,0
2025-12-30 00:00,1166.6,6,1.0,0
2025-12-30 01:00,1166.6,6,1.0,0
2025-12-30 02:00,1166.6,6,1.0,0
2025-12-30 03:00,1166.6,6,1.0,0
2025-12-30 04:00,1166.6,6,1.0,0
2025-12-30 05:00,1166.6,6,1.0,0
2025-12-30 06:00,1166.6,6,1.0,0
2025-12-30 07:00,1166.6,6,1.0,0
2025-12-30 08:00,1166.6,6,1.0,0
2025-12-30 09:00,1166.6,6,1.0,0
2025-12-30 10:00,1166.6,6,1.0,0
2025-12-30 11:00,1166.6,6,1.0,0
2025-12-30 12:00,1166.6,6,1.0,0
2025-12-30 13:00,1166.6,6,1.0,0
2025-12-30 14:00,1166.6,6,1.0,0
2025-12-30 15:00,1166.6,6,1.0,0
2025-12-30 16:00,1166.6,6,1.0,0
2025-12-30 17:00,1166.6,6,1.0,0
2025-12-30 18:00,1166.6,6,1.0,0
2025-12-30 19:00,1166.6,6,1.0,0
2025-12-30 20:00,1166.6,6,1.0,0
2025-12-30 21:00,1166.6,6,1.0,0
2025-12-30 22:00,1166.6,6,1.0,0
2025-12-30 23:00,1166.6,6,1.0,0
2025-12-31 00:00,1166.6,6,1.0,0
2025-12-31 01:00,1166.6,6,1.0,0
2025-12-31 02:00,1166.6,6,1.0,0
2025-12-31 03:00,1166.6,6,1.0,0
2025-12-31 04:00,1166.6,6,1.0,0
2025-12-31 05:00,1166.6,6,1.0,0
2025-12-31 06:00,1166.6,6,1.0,0
2025-12-31 07:00,1166.6,6,1.0,0
2025-12-31 08:00,1166.6,6,1.0,0
2025-12-31 09:00,1166.6,6,1.0,0
2025-12-31 10:00,1166.6,6,1.0,0
2025-12-31 11:00,1166.6,6,1.0,0
2025-12-31 12:00,1166.6,6,1.0,0
2025-12-31 13:00,1166.6,6,1.0,0
2025-12-31 14:00,1166.6,6,1.0,0
2025-12-31 15:00,1166.6,6,1.0,0
2025-12-31 16:00,1166.6,6,1.0,0
2025-12-31 17:00,1166.6,6,1.0,0
2025-12-31 18:00,1166.6,6,1.0,0
2025-12-31 19:00,1166.6,6,1.0,0
2025-12-31 20:00,1166.6,6,1.0,0
2025-12-31 21:00,1166.6,6,1.0,0
2025-12-31 22:00,1166.6,6,1.0,0
2025-12-31 23:00,1166.6,5,0.833,0
