time,value,n,coverage,flag
2024-01-01 00:00,0.5,1,1.0,0
2024-01-01 01:00,1.11,1,1.0,0
2024-01-01 02:00,1.7,1,1.0,0
2024-01-01 03:00,2.23,1,1.0,0
2024-01-01 04:00,2.67,1,1.0,0
2024-01-01 05:00,3.17,1,1.0,0
2024-01-01 06:00,3.56,1,1.0,0
2024-01-01 07:00,3.81,1,1.0,0
2024-01-01 08:00,3.94,1,1.0,0
2024-01-01 09:00,4.07,1,1.0,0
2024-01-01 10:00,4.26,1,1.0,0
2024-01-01 11:00,4.51,1,1.0,0
2024-01-01 12:00,4.73,1,1.0,0
2024-01-01 13:00,5.26,1,1.0,0
2024-01-01 14:00,5.69,1,1.0,0
2024-01-01 15:00,5.86,1,1.0,0
2024-01-01 16:00,6.0,1,1.0,0
2024-01-01 17:00,6.08,1,1.0,0
2024-01-01 18:00,6.14,1,1.0,0
2024-01-01 19:00,6.15,1,1.0,0
2024-01-01 20:00,6.2,1,1.0,0
2024-01-01 21:00,6.3,1,1.0,0
2024-01-01 22:00,6.43,1,1.0,0
2024-01-01 23:00,6.59,1,1.0,0
2024-01-02 00:00,6.65,1,1.0,0
2024-01-02 01:00,6.77,1,1.0,0
2024-01-02 02:00,6.8,1,1.0,0
2024-01-02 03:00,6.82,1,1.0,0
2024-01-02 04:00,6.84,1,1.0,0
2024-01-02 05:00,6.85,1,1.0,0
2024-01-02 06:00,6.87,1,1.0,0
2024-01-02 07:00,6.88,1,1.0,0
2024-01-02 08:00,6.89,1,1.0,0
2024-01-02 09:00,6.9,1,1.0,0
2024-01-02 10:00,6.9,1,1.0,0
2024-01-02 11:00,6.9,1,1.0,0
2024-01-02 12:00,6.9,1,1.0,0
2024-01-02 13:00,6.9,1,1.0,0
2024-01-02 14:00,6.9,1,1.0,0
2024-01-02 15:00,6.91,1,1.0,0
2024-01-02 16:00,6.94,1,1.0,0
2024-01-02 17:00,6.99,1,1.0,0
2024-01-02 18:00,7.06,1,1.0,0
2024-01-02 19:00,7.15,1,1.0,0
2024-01-02 20:00,7.23,1,1.0,0
2024-01-02 21:00,7.33,1,1.0,0
2024-01-02 22:00,7.41,1,1.0,0
2024-01-02 23:00,7.48,1,1.0,0
2024-01-03 00:00,7.6,1,1.0,0
2024-01-03 01:00,7.71,1,1.0,0
2024-01-03 02:00,7.76,1,1.0,0
2024-01-03 03:00,7.8,1,1.0,0
2024-01-03 04:00,7.83,1,1.0,0
2024-01-03 05:00,7.87,1,1.0,0
2024-01-03 06:00,7.88,1,1.0,0
2024-01-03 07:00,7.97,1,1.0,0
2024-01-03 08:00,8.04,1,1.0,0
2024-01-03 09:00,8.08,1,1.0,0
2024-01-03 10:00,8.15,1,1.0,0
2024-01-03 11:00,8.22,1,1.0,0
2024-01-03 12:00,8.28,1,1.0,0
2024-01-03 13:00,8.34,1,1.0,0
2024-01-03 14:00,8.43,1,1.0,0
2024-01-03 15:00,8.5,1,1.0,0
2024-01-03 16:00,8.57,1,1.0,0
2024-01-03 17:00,8.64,1,1.0,0
2024-01-03 18:00,8.7,1,1.0,0
2024-01-03 19:00,8.79,1,1.0,0
2024-01-03 20:00,8.87,1,1.0,0
2024-01-03 21:00,8.99,1,1.0,0
2024-01-03 22:00,9.07,1,1.0,0
2024-01-03 23:00,9.13,1,1.0,0
2024-01-04 00:00,9.17,1,1.0,0
2024-01-04 01:00,9.2,1,1.0,0
2024-01-04 02:00,9.29,1,1.0,0
2024-01-04 03:00,9.46,1,1.0,0
2024-01-04 04:00,9.68,1,1.0,0
2024-01-04 05:00,9.85,1,1.0,0
2024-01-04 06:00,9.98,1,1.0,0
2024-01-04 07:00,10.08,1,1.0,0
2024-01-04 08:00,10.28,1,1.0,0
2024-01-04 09:00,10.52,1,1.0,0
2024-01-04 10:00,10.68,1,1.0,0
2024-01-04 11:00,10.78,1,1.0,0
2024-01-04 12:00,10.81,1,1.0,0
2024-01-04 13:00,10.81,1,1.0,0
2024-01-04 14:00,10.82,1,1.0,0
2024-01-04 15:00,10.82,1,1.0,0
2024-01-04 16:00,10.82,1,1.0,0
2024-01-04 17:00,10.83,1,1.0,0
2024-01-04 18:00,10.84,1,1.0,0
2024-01-04 19:00,10.85,1,1.0,0
2024-01-04 20:00,10.87,1,1.0,0
2024-01-04 21:00,10.89,1,1.0,0
2024-01-04 22:00,10.91,1,1.0,0
2024-01-04 23:00,10.93,1,1.0,0
2024-01-05 00:00,10.96,1,1.0,0
2024-01-05 01:00,11.0,1,1.0,0
2024-01-05 02:00,11.04,1,1.0,0
2024-01-05 03:00,11.08,1,1.0,0
2024-01-05 04:00,11.17,1,1.0,0
2024-01-05 05:00,11.27,1,1.0,0
2024-01-05 06:00,11.39,1,1.0,0
2024-01-05 07:00,11.55,1,1.0,0
2024-01-05 08:00,11.7,1,1.0,0
2024-01-05 09:00,11.84,1,1.0,0
2024-01-05 10:00,12.02,1,1.0,0
2024-01-05 11:00,12.06,1,1.0,0
2024-01-05 12:00,12.06,1,1.0,0
2024-01-05 13:00,12.06,1,1.0,0
2024-01-05 14:00,12.06,1,1.0,0
2024-01-05 15:00,12.06,1,1.0,0
2024-01-05 16:00,12.06,1,1.0,0
2024-01-05 17:00,12.06,1,1.0,0
2024-01-05 18:00,12.06,1,1.0,0
2024-01-05 19:00,12.06,1,1.0,0
2024-01-05 20:00,12.06,1,1.0,0
2024-01-05 21:00,12.06,1,1.0,0
2024-01-05 22:00,12.06,1,1.0,0
2024-01-05 23:00,12.06,1,1.0,0
2024-01-06 00:00,12.07,1,1.0,0
2024-01-06 01:00,12.07,1,1.0,0
2024-01-06 02:00,12.07,1,1.0,0
2024-01-06 03:00,12.07,1,1.0,0
2024-01-06 04:00,12.21,1,1.0,0
2024-01-06 05:00,12.28,1,1.0,0
2024-01-06 06:00,12.36,1,1.0,0
2024-01-06 07:00,12.83,1,1.0,0
2024-01-06 08:00,13.02,1,1.0,0
2024-01-06 09:00,13.07,1,1.0,0
2024-01-06 10:00,13.1,1,1.0,0
2024-01-06 11:00,13.16,1,1.0,0
2024-01-06 12:00,13.49,1,1.0,0
2024-01-06 13:00,14.05,1,1.0,0
2024-01-06 14:00,14.75,1,1.0,0
2024-01-06 15:00,16.97,1,1.0,0
2024-01-06 16:00,18.7,1,1.0,0
2024-01-06 17:00,20.11,1,1.0,0
2024-01-06 18:00,20.95,1,1.0,0
2024-01-06 19:00,22.96,1,1.0,0
2024-01-06 20:00,24.27,1,1.0,0
2024-01-06 21:00,25.05,1,1.0,0
2024-01-06 22:00,25.61,1,1.0,0
2024-01-06 23:00,26.16,1,1.0,0
2024-01-07 00:00,27.06,1,1.0,0
2024-01-07 01:00,28.02,1,1.0,0
2024-01-07 02:00,28.76,1,1.0,0
2024-01-07 03:00,29.54,1,1.0,0
2024-01-07 04:00,30.89,1,1.0,0
2024-01-07 05:00,32.07,1,1.0,0
2024-01-07 06:00,33.27,1,1.0,0
2024-01-07 07:00,34.46,1,1.0,0
2024-01-07 08:00,35.72,1,1.0,0
2024-01-07 09:00,37.57,1,1.0,0
2024-01-07 10:00,40.24,1,1.0,0
2024-01-07 11:00,42.84,1,1.0,0
2024-01-07 12:00,45.33,1,1.0,0
2024-01-07 13:00,47.61,1,1.0,0
2024-01-07 14:00,49.59,1,1.0,0
2024-01-07 15:00,50.96,1,1.0,0
2024-01-07 16:00,51.93,1,1.0,0
2024-01-07 17:00,52.73,1,1.0,0
2024-01-07 18:00,53.45,1,1.0,0
2024-01-07 19:00,54.49,1,1.0,0
2024-01-07 20:00,55.54,1,1.0,0
2024-01-07 21:00,56.61,1,1.0,0
2024-01-07 22:00,57.93,1,1.0,0
2024-01-07 23:00,59.43,1,1.0,0
2024-01-08 00:00,60.93,1,1.0,0
2024-01-08 01:00,62.6,1,1.0,0
2024-01-08 02:00,64.38,1,1.0,0
2024-01-08 03:00,66.29,1,1.0,0
2024-01-08 04:00,68.39,1,1.0,0
2024-01-08 05:00,70.61,1,1.0,0
2024-01-08 06:00,72.88,1,1.0,0
2024-01-08 07:00,75.11,1,1.0,0
2024-01-08 08:00,76.71,1,1.0,0
2024-01-08 09:00,77.56,1,1.0,0
2024-01-08 10:00,77.91,1,1.0,0
2024-01-08 11:00,78.21,1,1.0,0
2024-01-08 12:00,78.41,1,1.0,0
2024-01-08 13:00,78.52,1,1.0,0
2024-01-08 14:00,78.65,1,1.0,0
2024-01-08 15:00,78.68,1,1.0,0
2024-01-08 16:00,78.7,1,1.0,0
2024-01-08 17:00,78.71,1,1.0,0
2024-01-08 18:00,78.73,1,1.0,0
2024-01-08 19:00,78.76,1,1.0,0
2024-01-08 20:00,78.78,1,1.0,0
2024-01-08 21:00,78.8,1,1.0,0
2024-01-08 22:00,78.82,1,1.0,0
2024-01-08 23:00,78.83,1,1.0,0
2024-01-09 00:00,78.84,1,1.0,0
2024-01-09 01:00,78.85,1,1.0,0
2024-01-09 02:00,78.87,1,1.0,0
2024-01-09 03:00,78.88,1,1.0,0
2024-01-09 04:00,78.89,1,1.0,0
2024-01-09 05:00,78.89,1,1.0,0
2024-01-09 06:00,78.9,1,1.0,0
2024-01-09 07:00,78.9,1,1.0,0
2024-01-09 08:00,78.9,1,1.0,0
2024-01-09 09:00,78.9,1,1.0,0
2024-01-09 10:00,78.9,1,1.0,0
2024-01-09 11:00,78.9,1,1.0,0
2024-01-09 12:00,78.9,1,1.0,0
2024-01-09 13:00,78.9,1,1.0,0
2024-01-09 14:00,78.9,1,1.0,0
2024-01-09 15:00,78.9,1,1.0,0
2024-01-09 16:00,78.9,1,1.0,0
2024-01-09 17:00,78.9,1,1.0,0
2024-01-09 18:00,78.9,1,1.0,0
2024-01-09 19:00,78.9,1,1.0,0
2024-01-09 20:00,78.9,1,1.0,0
2024-01-09 21:00,78.9,1,1.0,0
2024-01-09 22:00,78.9,1,1.0,0
2024-01-09 23:00,78.9,1,1.0,0
2024-01-10 00:00,78.9,1,1.0,0
2024-01-10 01:00,78.9,1,1.0,0
2024-01-10 02:00,78.9,1,1.0,0
2024-01-10 03:00,78.9,1,1.0,0
2024-01-10 04:00,78.9,1,1.0,0
2024-01-10 05:00,78.9,1,1.0,0
2024-01-10 06:00,78.9,1,1.0,0
2024-01-10 07:00,78.9,1,1.0,0
2024-01-10 08:00,78.9,1,1.0,0
2024-01-10 09:00,78.9,1,1.0,0
2024-01-10 10:00,78.9,1,1.0,0
2024-01-10 11:00,78.9,1,1.0,0
2024-01-10 12:00,78.9,1,1.0,0
2024-01-10 13:00,78.9,1,1.0,0
2024-01-10 14:00,78.9,1,1.0,0
2024-01-10 15:00,78.9,1,1.0,0
2024-01-10 16:00,78.9,1,1.0,0
2024-01-10 17:00,78.9,1,1.0,0
2024-01-10 18:00,78.91,1,1.0,0
2024-01-10 19:00,78.91,1,1.0,0
2024-01-10 20:00,78.91,1,1.0,0
2024-01-10 21:00,78.91,1,1.0,0
2024-01-10 22:00,78.91,1,1.0,0
2024-01-10 23:00,78.92,1,1.0,0
2024-01-11 00:00,78.95,1,1.0,0
2024-01-11 01:00,79.05,1,1.0,0
2024-01-11 02:00,79.19,1,1.0,0
2024-01-11 03:00,79.34,1,1.0,0
2024-01-11 04:00,79.53,1,1.0,0
2024-01-11 05:00,79.79,1,1.0,0
2024-01-11 06:00,80.19,1,1.0,0
2024-01-11 07:00,80.26,1,1.0,0
2024-01-11 08:00,80.27,1,1.0,0
2024-01-11 09:00,80.27,1,1.0,0
2024-01-11 10:00,80.29,1,1.0,0
2024-01-11 11:00,80.33,1,1.0,0
2024-01-11 12:00,80.35,1,1.0,0
2024-01-11 13:00,80.38,1,1.0,0
2024-01-11 14:00,80.43,1,1.0,0
2024-01-11 15:00,80.5,1,1.0,0
2024-01-11 16:00,80.52,1,1.0,0
2024-01-11 17:00,80.52,1,1.0,0
2024-01-11 18:00,80.53,1,1.0,0
2024-01-11 19:00,80.53,1,1.0,0
2024-01-11 20:00,80.53,1,1.0,0
2024-01-11 21:00,80.53,1,1.0,0
2024-01-11 22:00,80.53,1,1.0,0
2024-01-11 23:00,80.53,1,1.0,0
2024-01-12 00:00,80.53,1,1.0,0
2024-01-12 01:00,80.53,1,1.0,0
2024-01-12 02:00,80.53,1,1.0,0
2024-01-12 03:00,80.53,1,1.0,0
2024-01-12 04:00,80.53,1,1.0,0
2024-01-12 05:00,80.53,1,1.0,0
2024-01-12 06:00,80.53,1,1.0,0
2024-01-12 07:00,80.53,1,1.0,0
2024-01-12 08:00,80.53,1,1.0,0
2024-01-12 09:00,80.53,1,1.0,0
2024-01-12 10:00,80.53,1,1.0,0
2024-01-12 11:00,80.53,1,1.0,0
2024-01-12 12:00,80.53,1,1.0,0
2024-01-12 13:00,80.53,1,1.0,0
2024-01-12 14:00,80.53,1,1.0,0
2024-01-12 15:00,80.53,1,1.0,0
2024-01-12 16:00,80.53,1,1.0,0
2024-01-12 17:00,80.53,1,1.0,0
2024-01-12 18:00,80.53,1,1.0,0
2024-01-12 19:00,80.53,1,1.0,0
2024-01-12 20:00,80.53,1,1.0,0
2024-01-12 21:00,80.53,1,1.0,0
2024-01-12 22:00,80.53,1,1.0,0
2024-01-12 23:00,80.53,1,1.0,0
2024-01-13 00:00,80.53,1,1.0,0
2024-01-13 01:00,80.53,1,1.0,0
2024-01-13 02:00,80.53,1,1.0,0
2024-01-13 03:00,80.53,1,1.0,0
2024-01-13 04:00,80.53,1,1.0,0
2024-01-13 05:00,80.53,1,1.0,0
2024-01-13 06:00,80.53,1,1.0,0
2024-01-13 07:00,80.53,1,1.0,0
2024-01-13 08:00,80.53,1,1.0,0
2024-01-13 09:00,80.53,1,1.0,0
2024-01-13 10:00,80.53,1,1.0,0
2024-01-13 11:00,80.53,1,1.0,0
2024-01-13 12:00,80.53,1,1.0,0
2024-01-13 13:00,80.53,1,1.0,0
2024-01-13 14:00,80.53,1,1.0,0
2024-01-13 15:00,80.53,1,1.0,0
2024-01-13 16:00,80.53,1,1.0,0
2024-01-13 17:00,80.53,1,1.0,0
2024-01-13 18:00,80.53,1,1.0,0
2024-01-13 19:00,80.53,1,1.0,0
2024-01-13 20:00,80.53,1,1.0,0
2024-01-13 21:00,80.53,1,1.0,0
2024-01-13 22:00,80.53,1,1.0,0
2024-01-13 23:00,80.53,1,1.0,0
2024-01-14 00:00,80.53,1,1.0,0
2024-01-14 01:00,80.53,1,1.0,0
2024-01-14 02:00,80.53,1,1.0,0
2024-01-14 03:00,80.53,1,1.0,0
2024-01-14 04:00,80.54,1,1.0,0
2024-01-14 05:00,80.63,1,1.0,0
2024-01-14 06:00,80.82,1,1.0,0
2024-01-14 07:00,81.36,1,1.0,0
2024-01-14 08:00,81.76,1,1.0,0
2024-01-14 09:00,82.15,1,1.0,0
2024-01-14 10:00,82.38,1,1.0,0
2024-01-14 11:00,82.65,1,1.0,0
2024-01-14 12:00,82.8,1,1.0,0
2024-01-14 13:00,82.98,1,1.0,0
2024-01-14 14:00,83.3,1,1.0,0
2024-01-14 15:00,83.58,1,1.0,0
2024-01-14 16:00,83.81,1,1.0,0
2024-01-14 17:00,83.95,1,1.0,0
2024-01-14 18:00,84.02,1,1.0,0
2024-01-14 19:00,84.1,1,1.0,0
2024-01-14 20:00,84.16,1,1.0,0
2024-01-14 21:00,84.19,1,1.0,0
2024-01-14 22:00,84.2,1,1.0,0
2024-01-14 23:00,84.22,1,1.0,0
2024-01-15 00:00,84.28,1,1.0,0
2024-01-15 01:00,84.64,1,1.0,0
2024-01-15 02:00,85.68,1,1.0,0
2024-01-15 03:00,86.73,1,1.0,0
2024-01-15 04:00,87.72,1,1.0,0
2024-01-15 05:00,88.33,1,1.0,0
2024-01-15 06:00,88.94,1,1.0,0
2024-01-15 07:00,90.5,1,1.0,0
2024-01-15 08:00,91.72,1,1.0,0
2024-01-15 09:00,92.25,1,1.0,0
2024-01-15 10:00,92.43,1,1.0,0
2024-01-15 11:00,92.58,1,1.0,0
2024-01-15 12:00,92.85,1,1.0,0
2024-01-15 13:00,93.03,1,1.0,0
2024-01-15 14:00,93.55,1,1.0,0
2024-01-15 15:00,93.96,1,1.0,0
2024-01-15 16:00,94.14,1,1.0,0
2024-01-15 17:00,94.28,1,1.0,0
2024-01-15 18:00,94.42,1,1.0,0
2024-01-15 19:00,94.48,1,1.0,0
2024-01-15 20:00,94.58,1,1.0,0
2024-01-15 21:00,94.71,1,1.0,0
2024-01-15 22:00,94.83,1,1.0,0
2024-01-15 23:00,94.96,1,1.0,0
2024-01-16 00:00,95.02,1,1.0,0
2024-01-16 01:00,95.08,1,1.0,0
2024-01-16 02:00,95.14,1,1.0,0
2024-01-16 03:00,95.21,1,1.0,0
2024-01-16 04:00,95.27,1,1.0,0
2024-01-16 05:00,95.3,1,1.0,0
2024-01-16 06:00,95.34,1,1.0,0
2024-01-16 07:00,95.35,1,1.0,0
2024-01-16 08:00,95.35,1,1.0,0
2024-01-16 09:00,95.4,1,1.0,0
2024-01-16 10:00,95.57,1,1.0,0
2024-01-16 11:00,95.81,1,1.0,0
2024-01-16 12:00,95.95,1,1.0,0
2024-01-16 13:00,96.22,1,1.0,0
2024-01-16 14:00,96.5,1,1.0,0
2024-01-16 15:00,96.72,1,1.0,0
2024-01-16 16:00,96.88,1,1.0,0
2024-01-16 17:00,96.97,1,1.0,0
2024-01-16 18:00,97.01,1,1.0,0
2024-01-16 19:00,97.17,1,1.0,0
2024-01-16 20:00,97.27,1,1.0,0
2024-01-16 21:00,97.38,1,1.0,0
2024-01-16 22:00,97.57,1,1.0,0
2024-01-16 23:00,97.74,1,1.0,0
2024-01-17 00:00,97.97,1,1.0,0
2024-01-17 01:00,98.28,1,1.0,0
2024-01-17 02:00,98.56,1,1.0,0
2024-01-17 03:00,98.86,1,1.0,0
2024-01-17 04:00,99.11,1,1.0,0
2024-01-17 05:00,99.28,1,1.0,0
2024-01-17 06:00,99.54,1,1.0,0
2024-01-17 07:00,100.06,1,1.0,0
2024-01-17 08:00,100.8,1,1.0,0
2024-01-17 09:00,101.32,1,1.0,0
2024-01-17 10:00,101.69,1,1.0,0
2024-01-17 11:00,101.97,1,1.0,0
2024-01-17 12:00,102.34,1,1.0,0
2024-01-17 13:00,102.7,1,1.0,0
2024-01-17 14:00,103.16,1,1.0,0
2024-01-17 15:00,103.41,1,1.0,0
2024-01-17 16:00,103.64,1,1.0,0
2024-01-17 17:00,103.87,1,1.0,0
2024-01-17 18:00,103.9,1,1.0,0
2024-01-17 19:00,103.9,1,1.0,0
2024-01-17 20:00,103.9,1,1.0,0
2024-01-17 21:00,103.9,1,1.0,0
2024-01-17 22:00,103.9,1,1.0,0
2024-01-17 23:00,103.9,1,1.0,0
2024-01-18 00:00,104.23,1,1.0,0
2024-01-18 01:00,104.78,1,1.0,0
2024-01-18 02:00,104.78,1,1.0,0
2024-01-18 03:00,104.78,1,1.0,0
2024-01-18 04:00,104.8,1,1.0,0
2024-01-18 05:00,104.82,1,1.0,0
2024-01-18 06:00,104.83,1,1.0,0
2024-01-18 07:00,105.08,1,1.0,0
2024-01-18 08:00,105.37,1,1.0,0
2024-01-18 09:00,106.25,1,1.0,0
2024-01-18 10:00,107.34,1,1.0,0
2024-01-18 11:00,107.93,1,1.0,0
2024-01-18 12:00,108.18,1,1.0,0
2024-01-18 13:00,108.31,1,1.0,0
2024-01-18 14:00,108.92,1,1.0,0
2024-01-18 15:00,109.33,1,1.0,0
2024-01-18 16:00,109.47,1,1.0,0
2024-01-18 17:00,109.49,1,1.0,0
2024-01-18 18:00,109.52,1,1.0,0
2024-01-18 19:00,110.1,1,1.0,0
2024-01-18 20:00,110.61,1,1.0,0
2024-01-18 21:00,110.68,1,1.0,0
2024-01-18 22:00,110.73,1,1.0,0
2024-01-18 23:00,110.75,1,1.0,0
2024-01-19 00:00,110.79,1,1.0,0
2024-01-19 01:00,110.99,1,1.0,0
2024-01-19 02:00,111.18,1,1.0,0
2024-01-19 03:00,111.29,1,1.0,0
2024-01-19 04:00,111.38,1,1.0,0
2024-01-19 05:00,111.46,1,1.0,0
2024-01-19 06:00,111.51,1,1.0,0
2024-01-19 07:00,111.62,1,1.0,0
2024-01-19 08:00,111.69,1,1.0,0
2024-01-19 09:00,111.78,1,1.0,0
2024-01-19 10:00,111.83,1,1.0,0
2024-01-19 11:00,111.93,1,1.0,0
2024-01-19 12:00,112.06,1,1.0,0
2024-01-19 13:00,112.08,1,1.0,0
2024-01-19 14:00,112.13,1,1.0,0
2024-01-19 15:00,112.17,1,1.0,0
2024-01-19 16:00,112.3,1,1.0,0
2024-01-19 17:00,112.31,1,1.0,0
2024-01-19 18:00,112.31,1,1.0,0
2024-01-19 19:00,112.61,1,1.0,0
2024-01-19 20:00,112.8,1,1.0,0
2024-01-19 21:00,112.89,1,1.0,0
2024-01-19 22:00,113.15,1,1.0,0
2024-01-19 23:00,113.51,1,1.0,0
2024-01-20 00:00,114.22,1,1.0,0
2024-01-20 01:00,115.24,1,1.0,0
2024-01-20 02:00,116.32,1,1.0,0
2024-01-20 03:00,118.13,1,1.0,0
2024-01-20 04:00,120.85,1,1.0,0
2024-01-20 05:00,123.42,1,1.0,0
2024-01-20 06:00,125.81,1,1.0,0
2024-01-20 07:00,128.09,1,1.0,0
2024-01-20 08:00,130.04,1,1.0,0
2024-01-20 09:00,131.61,1,1.0,0
2024-01-20 10:00,132.54,1,1.0,0
2024-01-20 11:00,133.11,1,1.0,0
2024-01-20 12:00,133.64,1,1.0,0
2024-01-20 13:00,133.92,1,1.0,0
2024-01-20 14:00,134.02,1,1.0,0
2024-01-20 15:00,134.05,1,1.0,0
2024-01-20 16:00,134.06,1,1.0,0
2024-01-20 17:00,134.06,1,1.0,0
2024-01-20 18:00,134.06,1,1.0,0
2024-01-20 19:00,134.06,1,1.0,0
2024-01-20 20:00,134.06,1,1.0,0
2024-01-20 21:00,134.06,1,1.0,0
2024-01-20 22:00,134.06,1,1.0,0
2024-01-20 23:00,134.06,1,1.0,0
2024-01-21 00:00,134.06,1,1.0,0
2024-01-21 01:00,134.06,1,1.0,0
2024-01-21 02:00,134.06,1,1.0,0
2024-01-21 03:00,134.06,1,1.0,0
2024-01-21 04:00,134.06,1,1.0,0
2024-01-21 05:00,134.06,1,1.0,0
2024-01-21 06:00,134.06,1,1.0,0
2024-01-21 07:00,134.06,1,1.0,0
2024-01-21 08:00,134.06,1,1.0,0
2024-01-21 09:00,134.06,1,1.0,0
2024-01-21 10:00,134.06,1,1.0,0
2024-01-21 11:00,134.06,1,1.0,0
2024-01-21 12:00,134.06,1,1.0,0
2024-01-21 13:00,134.06,1,1.0,0
2024-01-21 14:00,134.06,1,1.0,0
2024-01-21 15:00,134.06,1,1.0,0
2024-01-21 16:00,134.06,1,1.0,0
2024-01-21 17:00,134.06,1,1.0,0
2024-01-21 18:00,134.06,1,1.0,0
2024-01-21 19:00,134.06,1,1.0,0
2024-01-21 20:00,134.06,1,1.0,0
2024-01-21 21:00,134.06,1,1.0,0
2024-01-21 22:00,134.06,1,1.0,0
2024-01-21 23:00,134.06,1,1.0,0
2024-01-22 00:00,134.06,1,1.0,0
2024-01-22 01:00,134.06,1,1.0,0
2024-01-22 02:00,134.06,1,1.0,0
2024-01-22 03:00,134.06,1,1.0,0
2024-01-22 04:00,134.06,1,1.0,0
2024-01-22 05:00,134.06,1,1.0,0
2024-01-22 06:00,134.06,1,1.0,0
2024-01-22 07:00,134.06,1,1.0,0
2024-01-22 08:00,134.06,1,1.0,0
2024-01-22 09:00,134.06,1,1.0,0
2024-01-22 10:00,134.06,1,1.0,0
2024-01-22 11:00,134.06,1,1.0,0
2024-01-22 12:00,134.06,1,1.0,0
2024-01-22 13:00,134.06,1,1.0,0
2024-01-22 14:00,134.06,1,1.0,0
2024-01-22 15:00,134.06,1,1.0,0
2024-01-22 16:00,134.06,1,1.0,0
2024-01-22 17:00,134.06,1,1.0,0
2024-01-22 18:00,134.06,1,1.0,0
2024-01-22 19:00,134.06,1,1.0,0
2024-01-22 20:00,134.06,1,1.0,0
2024-01-22 21:00,134.06,1,1.0,0
2024-01-22 22:00,134.06,1,1.0,0
2024-01-22 23:00,134.06,1,1.0,0
2024-01-23 00:00,134.06,1,1.0,0
2024-01-23 01:00,134.06,1,1.0,0
2024-01-23 02:00,134.07,1,1.0,0
2024-01-23 03:00,134.09,1,1.0,0
2024-01-23 04:00,134.1,1,1.0,0
2024-01-23 05:00,134.11,1,1.0,0
2024-01-23 06:00,134.12,1,1.0,0
2024-01-23 07:00,134.17,1,1.0,0
2024-01-23 08:00,134.4,1,1.0,0
2024-01-23 09:00,134.75,1,1.0,0
2024-01-23 10:00,135.04,1,1.0,0
2024-01-23 11:00,135.4,1,1.0,0
2024-01-23 12:00,135.94,1,1.0,0
2024-01-23 13:00,136.37,1,1.0,0
2024-01-23 14:00,136.48,1,1.0,0
2024-01-23 15:00,136.48,1,1.0,0
2024-01-23 16:00,136.48,1,1.0,0
2024-01-23 17:00,136.48,1,1.0,0
2024-01-23 18:00,136.48,1,1.0,0
2024-01-23 19:00,136.48,1,1.0,0
2024-01-23 20:00,136.48,1,1.0,0
2024-01-23 21:00,136.48,1,1.0,0
2024-01-23 22:00,136.48,1,1.0,0
2024-01-23 23:00,136.48,1,1.0,0
2024-01-24 00:00,136.48,1,1.0,0
2024-01-24 01:00,136.48,1,1.0,0
2024-01-24 02:00,136.48,1,1.0,0
2024-01-24 03:00,136.48,1,1.0,0
2024-01-24 04:00,136.48,1,1.0,0
2024-01-24 05:00,136.48,1,1.0,0
2024-01-24 06:00,136.48,1,1.0,0
2024-01-24 07:00,136.48,1,1.0,0
2024-01-24 08:00,136.48,1,1.0,0
2024-01-24 09:00,136.48,1,1.0,0
2024-01-24 10:00,136.48,1,1.0,0
2024-01-24 11:00,136.48,1,1.0,0
2024-01-24 12:00,136.48,1,1.0,0
2024-01-24 13:00,136.48,1,1.0,0
2024-01-24 14:00,136.48,1,1.0,0
2024-01-24 15:00,136.48,1,1.0,0
2024-01-24 16:00,136.48,1,1.0,0
2024-01-24 17:00,136.48,1,1.0,0
2024-01-24 18:00,136.48,1,1.0,0
2024-01-24 19:00,136.48,1,1.0,0
2024-01-24 20:00,136.48,1,1.0,0
2024-01-24 21:00,136.48,1,1.0,0
2024-01-24 22:00,136.48,1,1.0,0
2024-01-24 23:00,136.48,1,1.0,0
2024-01-25 00:00,136.48,1,1.0,0
2024-01-25 01:00,136.48,1,1.0,0
2024-01-25 02:00,136.48,1,1.0,0
2024-01-25 03:00,136.49,1,1.0,0
2024-01-25 04:00,136.5,1,1.0,0
2024-01-25 05:00,136.53,1,1.0,0
2024-01-25 06:00,136.54,1,1.0,0
2024-01-25 07:00,136.6,1,1.0,0
2024-01-25 08:00,136.74,1,1.0,0
2024-01-25 09:00,136.82,1,1.0,0
2024-01-25 10:00,136.88,1,1.0,0
2024-01-25 11:00,136.92,1,1.0,0
2024-01-25 12:00,136.94,1,1.0,0
2024-01-25 13:00,136.94,1,1.0,0
2024-01-25 14:00,136.94,1,1.0,0
2024-01-25 15:00,136.95,1,1.0,0
2024-01-25 16:00,136.95,1,1.0,0
2024-01-25 17:00,136.95,1,1.0,0
2024-01-25 18:00,136.95,1,1.0,0
2024-01-25 19:00,136.95,1,1.0,0
2024-01-25 20:00,136.95,1,1.0,0
2024-01-25 21:00,136.95,1,1.0,0
2024-01-25 22:00,136.95,1,1.0,0
2024-01-25 23:00,136.95,1,1.0,0
2024-01-26 00:00,136.95,1,1.0,0
2024-01-26 01:00,136.95,1,1.0,0
2024-01-26 02:00,136.95,1,1.0,0
2024-01-26 03:00,136.95,1,1.0,0
2024-01-26 04:00,136.95,1,1.0,0
2024-01-26 05:00,136.95,1,1.0,0
2024-01-26 06:00,136.95,1,1.0,0
2024-01-26 07:00,136.95,1,1.0,0
2024-01-26 08:00,136.95,1,1.0,0
2024-01-26 09:00,136.95,1,1.0,0
2024-01-26 10:00,136.95,1,1.0,0
2024-01-26 11:00,136.95,1,1.0,0
2024-01-26 12:00,136.95,1,1.0,0
2024-01-26 13:00,136.95,1,1.0,0
2024-01-26 14:00,136.95,1,1.0,0
2024-01-26 15:00,136.95,1,1.0,0
2024-01-26 16:00,136.95,1,1.0,0
2024-01-26 17:00,136.95,1,1.0,0
2024-01-26 18:00,136.95,1,1.0,0
2024-01-26 19:00,136.95,1,1.0,0
2024-01-26 20:00,136.95,1,1.0,0
2024-01-26 21:00,136.95,1,1.0,0
2024-01-26 22:00,136.95,1,1.0,0
2024-01-26 23:00,136.95,1,1.0,0
2024-01-27 00:00,136.95,1,1.0,0
2024-01-27 01:00,136.96,1,1.0,0
2024-01-27 02:00,136.96,1,1.0,0
2024-01-27 03:00,136.96,1,1.0,0
2024-01-27 04:00,136.96,1,1.0,0
2024-01-27 05:00,136.96,1,1.0,0
2024-01-27 06:00,136.97,1,1.0,0
2024-01-27 07:00,136.97,1,1.0,0
2024-01-27 08:00,136.97,1,1.0,0
2024-01-27 09:00,136.97,1,1.0,0
2024-01-27 10:00,136.97,1,1.0,0
2024-01-27 11:00,136.97,1,1.0,0
2024-01-27 12:00,136.97,1,1.0,0
2024-01-27 13:00,136.97,1,1.0,0
2024-01-27 14:00,136.97,1,1.0,0
2024-01-27 15:00,136.97,1,1.0,0
2024-01-27 16:00,136.97,1,1.0,0
2024-01-27 17:00,136.97,1,1.0,0
2024-01-27 18:00,136.97,1,1.0,0
2024-01-27 19:00,136.97,1,1.0,0
2024-01-27 20:00,136.97,1,1.0,0
2024-01-27 21:00,136.97,1,1.0,0
2024-01-27 22:00,136.97,1,1.0,0
2024-01-27 23:00,136.97,1,1.0,0
2024-01-28 00:00,136.97,1,1.0,0
2024-01-28 01:00,136.97,1,1.0,0
2024-01-28 02:00,136.97,1,1.0,0
2024-01-28 03:00,136.97,1,1.0,0
2024-01-28 04:00,136.97,1,1.0,0
2024-01-28 05:00,136.97,1,1.0,0
2024-01-28 06:00,136.97,1,1.0,0
2024-01-28 07:00,136.97,1,1.0,0
2024-01-28 08:00,136.97,1,1.0,0
2024-01-28 09:00,136.97,1,1.0,0
2024-01-28 10:00,136.97,1,1.0,0
2024-01-28 11:00,136.97,1,1.0,0
2024-01-28 12:00,136.97,1,1.0,0
2024-01-28 13:00,136.97,1,1.0,0
2024-01-28 14:00,136.97,1,1.0,0
2024-01-28 15:00,136.97,1,1.0,0
2024-01-28 16:00,136.97,1,1.0,0
2024-01-28 17:00,136.97,1,1.0,0
2024-01-28 18:00,136.97,1,1.0,0
2024-01-28 19:00,136.97,1,1.0,0
2024-01-28 20:00,136.97,1,1.0,0
2024-01-28 21:00,136.97,1,1.0,0
2024-01-28 22:00,136.97,1,1.0,0
2024-01-28 23:00,136.97,1,1.0,0
2024-01-29 00:00,136.97,1,1.0,0
2024-01-29 01:00,136.97,1,1.0,0
2024-01-29 02:00,136.97,1,1.0,0
2024-01-29 03:00,136.97,1,1.0,0
2024-01-29 04:00,136.97,1,1.0,0
2024-01-29 05:00,136.97,1,1.0,0
2024-01-29 06:00,136.97,1,1.0,0
2024-01-29 07:00,136.97,1,1.0,0
2024-01-29 08:00,136.97,1,1.0,0
2024-01-29 09:00,136.97,1,1.0,0
2024-01-29 10:00,136.97,1,1.0,0
2024-01-29 11:00,136.97,1,1.0,0
2024-01-29 12:00,136.97,1,1.0,0
2024-01-29 13:00,136.97,1,1.0,0
2024-01-29 14:00,136.97,1,1.0,0
2024-01-29 15:00,136.97,1,1.0,0
2024-01-29 16:00,136.97,1,1.0,0
2024-01-29 17:00,136.97,1,1.0,0
2024-01-29 18:00,136.97,1,1.0,0
2024-01-29 19:00,136.97,1,1.0,0
2024-01-29 20:00,136.97,1,1.0,0
2024-01-29 21:00,136.97,1,1.0,0
2024-01-29 22:00,136.97,1,1.0,0
2024-01-29 23:00,136.97,1,1.0,0
2024-01-30 00:00,136.97,1,1.0,0
2024-01-30 01:00,136.97,1,1.0,0
2024-01-30 02:00,136.97,1,1.0,0
2024-01-30 03:00,136.97,1,1.0,0
2024-01-30 04:00,136.97,1,1.0,0
2024-01-30 05:00,136.97,1,1.0,0
2024-01-30 06:00,136.97,1,1.0,0
2024-01-30 07:00,136.97,1,1.0,0
2024-01-30 08:00,136.97,1,1.0,0
2024-01-30 09:00,136.97,1,1.0,0
2024-01-30 10:00,136.97,1,1.0,0
2024-01-30 11:00,136.97,1,1.0,0
2024-01-30 12:00,136.97,1,1.0,0
2024-01-30 13:00,136.97,1,1.0,0
2024-01-30 14:00,136.97,1,1.0,0
2024-01-30 15:00,136.97,1,1.0,0
2024-01-30 16:00,136.97,1,1.0,0
2024-01-30 17:00,136.97,1,1.0,0
2024-01-30 18:00,136.97,1,1.0,0
2024-01-30 19:00,136.97,1,1.0,0
2024-01-30 20:00,136.97,1,1.0,0
2024-01-30 21:00,136.97,1,1.0,0
2024-01-30 22:00,136.97,1,1.0,0
2024-01-30 23:00,136.97,1,1.0,0
2024-01-31 00:00,136.97,1,1.0,0
2024-01-31 01:00,136.97,1,1.0,0
2024-01-31 02:00,136.97,1,1.0,0
2024-01-31 03:00,136.97,1,1.0,0
2024-01-31 04:00,136.97,1,1.0,0
2024-01-31 05:00,136.97,1,1.0,0
2024-01-31 06:00,136.97,1,1.0,0
2024-01-31 07:00,136.97,1,1.0,0
2024-01-31 08:00,136.97,1,1.0,0
2024-01-31 09:00,136.97,1,1.0,0
2024-01-31 10:00,136.97,1,1.0,0
2024-01-31 11:00,136.97,1,1.0,0
2024-01-31 12:00,136.97,1,1.0,0
2024-01-31 13:00,136.97,1,1.0,0
2024-01-31 14:00,136.97,1,1.0,0
2024-01-31 15:00,136.97,1,1.0,0
2024-01-31 16:00,136.97,1,1.0,0
2024-01-31 17:00,136.97,1,1.0,0
2024-01-31 18:00,136.97,1,1.0,0
2024-01-31 19:00,136.97,1,1.0,0
2024-01-31 20:00,136.97,1,1.0,0
2024-01-31 21:00,136.97,1,1.0,0
2024-01-31 22:00,136.97,1,1.0,0
2024-01-31 23:00,136.97,1,1.0,0
2024-02-01 00:00,136.97,1,1.0,0
2024-02-01 01:00,136.97,1,1.0,0
2024-02-01 02:00,136.97,1,1.0,0
2024-02-01 03:00,136.97,1,1.0,0
2024-02-01 04:00,136.97,1,1.0,0
2024-02-01 05:00,136.97,1,1.0,0
2024-02-01 06:00,136.97,1,1.0,0
2024-02-01 07:00,136.97,1,1.0,0
2024-02-01 08:00,136.98,1,1.0,0
2024-02-01 09:00,136.99,1,1.0,0
2024-02-01 10:00,137.01,1,1.0,0
2024-02-01 11:00,137.01,1,1.0,0
2024-02-01 12:00,137.01,1,1.0,0
2024-02-01 13:00,137.02,1,1.0,0
2024-02-01 14:00,137.02,1,1.0,0
2024-02-01 15:00,137.02,1,1.0,0
2024-02-01 16:00,137.04,1,1.0,0
2024-02-01 17:00,137.08,1,1.0,0
2024-02-01 18:00,137.11,1,1.0,0
2024-02-01 19:00,137.11,1,1.0,0
2024-02-01 20:00,137.11,1,1.0,0
2024-02-01 21:00,137.11,1,1.0,0
2024-02-01 22:00,137.11,1,1.0,0
2024-02-01 23:00,137.11,1,1.0,0
2024-02-02 00:00,137.11,1,1.0,0
2024-02-02 01:00,137.11,1,1.0,0
2024-02-02 02:00,137.11,1,1.0,0
2024-02-02 03:00,137.11,1,1.0,0
2024-02-02 04:00,137.11,1,1.0,0
2024-02-02 05:00,137.11,1,1.0,0
2024-02-02 06:00,137.11,1,1.0,0
2024-02-02 07:00,137.11,1,1.0,0
2024-02-02 08:00,137.11,1,1.0,0
2024-02-02 09:00,137.11,1,1.0,0
2024-02-02 10:00,137.11,1,1.0,0
2024-02-02 11:00,137.11,1,1.0,0
2024-02-02 12:00,137.11,1,1.0,0
2024-02-02 13:00,137.11,1,1.0,0
2024-02-02 14:00,137.11,1,1.0,0
2024-02-02 15:00,137.11,1,1.0,0
2024-02-02 16:00,137.11,1,1.0,0
2024-02-02 17:00,137.11,1,1.0,0
2024-02-02 18:00,137.11,1,1.0,0
2024-02-02 19:00,137.11,1,1.0,0
2024-02-02 20:00,137.11,1,1.0,0
2024-02-02 21:00,137.11,1,1.0,0
2024-02-02 22:00,137.11,1,1.0,0
2024-02-02 23:00,137.11,1,1.0,0
2024-02-03 00:00,137.11,1,1.0,0
2024-02-03 01:00,137.11,1,1.0,0
2024-02-03 02:00,137.11,1,1.0,0
2024-02-03 03:00,137.11,1,1.0,0
2024-02-03 04:00,137.11,1,1.0,0
2024-02-03 05:00,137.11,1,1.0,0
2024-02-03 06:00,137.11,1,1.0,0
2024-02-03 07:00,137.11,1,1.0,0
2024-02-03 08:00,137.11,1,1.0,0
2024-02-03 09:00,137.11,1,1.0,0
2024-02-03 10:00,137.11,1,1.0,0
2024-02-03 11:00,137.11,1,1.0,0
2024-02-03 12:00,137.11,1,1.0,0
2024-02-03 13:00,137.11,1,1.0,0
2024-02-03 14:00,137.11,1,1.0,0
2024-02-03 15:00,137.11,1,1.0,0
2024-02-03 16:00,137.11,1,1.0,0
2024-02-03 17:00,137.11,1,1.0,0
2024-02-03 18:00,137.11,1,1.0,0
2024-02-03 19:00,137.11,1,1.0,0
2024-02-03 20:00,137.11,1,1.0,0
2024-02-03 21:00,137.11,1,1.0,0
2024-02-03 22:00,137.11,1,1.0,0
2024-02-03 23:00,137.11,1,1.0,0
2024-02-04 00:00,137.11,1,1.0,0
2024-02-04 01:00,137.11,1,1.0,0
2024-02-04 02:00,137.11,1,1.0,0
2024-02-04 03:00,137.11,1,1.0,0
2024-02-04 04:00,137.11,1,1.0,0
2024-02-04 05:00,137.12,1,1.0,0
2024-02-04 06:00,137.12,1,1.0,0
2024-02-04 07:00,137.13,1,1.0,0
2024-02-04 08:00,137.15,1,1.0,0
2024-02-04 09:00,137.18,1,1.0,0
2024-02-04 10:00,137.23,1,1.0,0
2024-02-04 11:00,137.27,1,1.0,0
2024-02-04 12:00,137.28,1,1.0,0
2024-02-04 13:00,137.28,1,1.0,0
2024-02-04 14:00,137.28,1,1.0,0
2024-02-04 15:00,137.31,1,1.0,0
2024-02-04 16:00,137.34,1,1.0,0
2024-02-04 17:00,137.36,1,1.0,0
2024-02-04 18:00,137.38,1,1.0,0
2024-02-04 19:00,137.38,1,1.0,0
2024-02-04 20:00,137.38,1,1.0,0
2024-02-04 21:00,137.38,1,1.0,0
2024-02-04 22:00,137.39,1,1.0,0
2024-02-04 23:00,137.39,1,1.0,0
2024-02-05 00:00,137.4,1,1.0,0
2024-02-05 01:00,137.4,1,1.0,0
2024-02-05 02:00,137.4,1,1.0,0
2024-02-05 03:00,137.4,1,1.0,0
2024-02-05 04:00,137.4,1,1.0,0
2024-02-05 05:00,137.4,1,1.0,0
2024-02-05 06:00,137.4,1,1.0,0
2024-02-05 07:00,137.4,1,1.0,0
2024-02-05 08:00,137.41,1,1.0,0
2024-02-05 09:00,137.43,1,1.0,0
2024-02-05 10:00,137.43,1,1.0,0
2024-02-05 11:00,137.44,1,1.0,0
2024-02-05 12:00,137.47,1,1.0,0
2024-02-05 13:00,137.48,1,1.0,0
2024-02-05 14:00,137.48,1,1.0,0
2024-02-05 15:00,137.49,1,1.0,0
2024-02-05 16:00,137.55,1,1.0,0
2024-02-05 17:00,137.57,1,1.0,0
2024-02-05 18:00,137.64,1,1.0,0
2024-02-05 19:00,137.68,1,1.0,0
2024-02-05 20:00,137.71,1,1.0,0
2024-02-05 21:00,137.74,1,1.0,0
2024-02-05 22:00,137.78,1,1.0,0
2024-02-05 23:00,137.8,1,1.0,0
2024-02-06 00:00,137.8,1,1.0,0
2024-02-06 01:00,137.82,1,1.0,0
2024-02-06 02:00,137.82,1,1.0,0
2024-02-06 03:00,137.82,1,1.0,0
2024-02-06 04:00,137.83,1,1.0,0
2024-02-06 05:00,137.84,1,1.0,0
2024-02-06 06:00,137.84,1,1.0,0
2024-02-06 07:00,137.84,1,1.0,0
2024-02-06 08:00,137.85,1,1.0,0
2024-02-06 09:00,137.86,1,1.0,0
2024-02-06 10:00,137.87,1,1.0,0
2024-02-06 11:00,137.88,1,1.0,0
2024-02-06 12:00,137.89,1,1.0,0
2024-02-06 13:00,137.9,1,1.0,0
2024-02-06 14:00,137.91,1,1.0,0
2024-02-06 15:00,137.91,1,1.0,0
2024-02-06 16:00,137.91,1,1.0,0
2024-02-06 17:00,137.92,1,1.0,0
2024-02-06 18:00,137.92,1,1.0,0
2024-02-06 19:00,137.92,1,1.0,0
2024-02-06 20:00,137.92,1,1.0,0
2024-02-06 21:00,137.92,1,1.0,0
2024-02-06 22:00,137.93,1,1.0,0
2024-02-06 23:00,137.93,1,1.0,0
2024-02-07 00:00,137.93,1,1.0,0
2024-02-07 01:00,137.94,1,1.0,0
2024-02-07 02:00,137.94,1,1.0,0
2024-02-07 03:00,137.94,1,1.0,0
2024-02-07 04:00,137.94,1,1.0,0
2024-02-07 05:00,137.95,1,1.0,0
2024-02-07 06:00,137.95,1,1.0,0
2024-02-07 07:00,137.96,1,1.0,0
2024-02-07 08:00,137.96,1,1.0,0
2024-02-07 09:00,137.96,1,1.0,0
2024-02-07 10:00,137.97,1,1.0,0
2024-02-07 11:00,137.98,1,1.0,0
2024-02-07 12:00,137.98,1,1.0,0
2024-02-07 13:00,137.98,1,1.0,0
2024-02-07 14:00,137.99,1,1.0,0
2024-02-07 15:00,137.99,1,1.0,0
2024-02-07 16:00,137.99,1,1.0,0
2024-02-07 17:00,138.0,1,1.0,0
2024-02-07 18:00,138.0,1,1.0,0
2024-02-07 19:00,138.01,1,1.0,0
2024-02-07 20:00,138.02,1,1.0,0
2024-02-07 21:00,138.07,1,1.0,0
2024-02-07 22:00,138.09,1,1.0,0
2024-02-07 23:00,138.13,1,1.0,0
2024-02-08 00:00,138.16,1,1.0,0
2024-02-08 01:00,138.23,1,1.0,0
2024-02-08 02:00,138.31,1,1.0,0
2024-02-08 03:00,138.39,1,1.0,0
2024-02-08 04:00,138.46,1,1.0,0
2024-02-08 05:00,138.53,1,1.0,0
2024-02-08 06:00,138.59,1,1.0,0
2024-02-08 07:00,138.67,1,1.0,0
2024-02-08 08:00,138.86,1,1.0,0
2024-02-08 09:00,138.99,1,1.0,0
2024-02-08 10:00,139.14,1,1.0,0
2024-02-08 11:00,139.22,1,1.0,0
2024-02-08 12:00,139.32,1,1.0,0
2024-02-08 13:00,139.37,1,1.0,0
2024-02-08 14:00,139.46,1,1.0,0
2024-02-08 15:00,139.53,1,1.0,0
2024-02-08 16:00,139.58,1,1.0,0
2024-02-08 17:00,139.63,1,1.0,0
2024-02-08 18:00,139.67,1,1.0,0
2024-02-08 19:00,139.7,1,1.0,0
2024-02-08 20:00,139.72,1,1.0,0
2024-02-08 21:00,139.73,1,1.0,0
2024-02-08 22:00,139.74,1,1.0,0
2024-02-08 23:00,139.75,1,1.0,0
2024-02-09 00:00,139.79,1,1.0,0
2024-02-09 01:00,139.84,1,1.0,0
2024-02-09 02:00,139.9,1,1.0,0
2024-02-09 03:00,139.98,1,1.0,0
2024-02-09 04:00,140.1,1,1.0,0
2024-02-09 05:00,140.24,1,1.0,0
2024-02-09 06:00,140.47,1,1.0,0
2024-02-09 07:00,140.6,1,1.0,0
2024-02-09 08:00,140.79,1,1.0,0
2024-02-09 09:00,140.85,1,1.0,0
2024-02-09 10:00,140.86,1,1.0,0
2024-02-09 11:00,140.87,1,1.0,0
2024-02-09 12:00,140.87,1,1.0,0
2024-02-09 13:00,140.87,1,1.0,0
2024-02-09 14:00,140.87,1,1.0,0
2024-02-09 15:00,140.87,1,1.0,0
2024-02-09 16:00,140.87,1,1.0,0
2024-02-09 17:00,140.87,1,1.0,0
2024-02-09 18:00,140.87,1,1.0,0
2024-02-09 19:00,140.87,1,1.0,0
2024-02-09 20:00,140.87,1,1.0,0
2024-02-09 21:00,140.87,1,1.0,0
2024-02-09 22:00,140.87,1,1.0,0
2024-02-09 23:00,140.87,1,1.0,0
2024-02-10 00:00,140.87,1,1.0,0
2024-02-10 01:00,140.87,1,1.0,0
2024-02-10 02:00,140.87,1,1.0,0
2024-02-10 03:00,140.87,1,1.0,0
2024-02-10 04:00,140.93,1,1.0,0
2024-02-10 05:00,141.26,1,1.0,0
2024-02-10 06:00,141.6,1,1.0,0
2024-02-10 07:00,141.74,1,1.0,0
2024-02-10 08:00,141.87,1,1.0,0
2024-02-10 09:00,141.99,1,1.0,0
2024-02-10 10:00,142.16,1,1.0,0
2024-02-10 11:00,142.74,1,1.0,0
2024-02-10 12:00,144.4,1,1.0,0
2024-02-10 13:00,146.8,1,1.0,0
2024-02-10 14:00,149.21,1,1.0,0
2024-02-10 15:00,151.75,1,1.0,0
2024-02-10 16:00,154.0,1,1.0,0
2024-02-10 17:00,156.52,1,1.0,0
2024-02-10 18:00,159.05,1,1.0,0
2024-02-10 19:00,161.98,1,1.0,0
2024-02-10 20:00,165.78,1,1.0,0
2024-02-10 21:00,169.59,1,1.0,0
2024-02-10 22:00,172.72,1,1.0,0
2024-02-10 23:00,175.37,1,1.0,0
2024-02-11 00:00,178.23,1,1.0,0
2024-02-11 01:00,181.56,1,1.0,0
2024-02-11 02:00,185.06,1,1.0,0
2024-02-11 03:00,188.18,1,1.0,0
2024-02-11 04:00,191.38,1,1.0,0
2024-02-11 05:00,195.55,1,1.0,0
2024-02-11 06:00,199.72,1,1.0,0
2024-02-11 07:00,202.66,1,1.0,0
2024-02-11 08:00,205.54,1,1.0,0
2024-02-11 09:00,208.31,1,1.0,0
2024-02-11 10:00,209.38,1,1.0,0
2024-02-11 11:00,210.35,1,1.0,0
2024-02-11 12:00,211.06,1,1.0,0
2024-02-11 13:00,212.2,1,1.0,0
2024-02-11 14:00,213.62,1,1.0,0
2024-02-11 15:00,214.81,1,1.0,0
2024-02-11 16:00,216.8,1,1.0,0
2024-02-11 17:00,218.25,1,1.0,0
2024-02-11 18:00,219.87,1,1.0,0
2024-02-11 19:00,221.4,1,1.0,0
2024-02-11 20:00,223.09,1,1.0,0
2024-02-11 21:00,224.96,1,1.0,0
2024-02-11 22:00,226.76,1,1.0,0
2024-02-11 23:00,228.41,1,1.0,0
2024-02-12 00:00,230.08,1,1.0,0
2024-02-12 01:00,231.9,1,1.0,0
2024-02-12 02:00,233.35,1,1.0,0
2024-02-12 03:00,234.12,1,1.0,0
2024-02-12 04:00,234.35,1,1.0,0
2024-02-12 05:00,234.44,1,1.0,0
2024-02-12 06:00,234.49,1,1.0,0
2024-02-12 07:00,235.09,1,1.0,0
2024-02-12 08:00,235.49,1,1.0,0
2024-02-12 09:00,235.62,1,1.0,0
2024-02-12 10:00,235.65,1,1.0,0
2024-02-12 11:00,235.66,1,1.0,0
2024-02-12 12:00,235.68,1,1.0,0
2024-02-12 13:00,235.79,1,1.0,0
2024-02-12 14:00,235.92,1,1.0,0
2024-02-12 15:00,236.02,1,1.0,0
2024-02-12 16:00,236.06,1,1.0,0
2024-02-12 17:00,236.12,1,1.0,0
2024-02-12 18:00,236.24,1,1.0,0
2024-02-12 19:00,236.3,1,1.0,0
2024-02-12 20:00,236.44,1,1.0,0
2024-02-12 21:00,236.59,1,1.0,0
2024-02-12 22:00,236.69,1,1.0,0
2024-02-12 23:00,236.76,1,1.0,0
2024-02-13 00:00,236.79,1,1.0,0
2024-02-13 01:00,236.79,1,1.0,0
2024-02-13 02:00,236.79,1,1.0,0
2024-02-13 03:00,236.79,1,1.0,0
2024-02-13 04:00,236.79,1,1.0,0
2024-02-13 05:00,236.79,1,1.0,0
2024-02-13 06:00,236.8,1,1.0,0
2024-02-13 07:00,236.88,1,1.0,0
2024-02-13 08:00,236.88,1,1.0,0
2024-02-13 09:00,236.88,1,1.0,0
2024-02-13 10:00,236.89,1,1.0,0
2024-02-13 11:00,236.9,1,1.0,0
2024-02-13 12:00,236.91,1,1.0,0
2024-02-13 13:00,236.91,1,1.0,0
2024-02-13 14:00,236.96,1,1.0,0
2024-02-13 15:00,236.99,1,1.0,0
2024-02-13 16:00,237.15,1,1.0,0
2024-02-13 17:00,237.15,1,1.0,0
2024-02-13 18:00,237.15,1,1.0,0
2024-02-13 19:00,237.15,1,1.0,0
2024-02-13 20:00,237.15,1,1.0,0
2024-02-13 21:00,237.15,1,1.0,0
2024-02-13 22:00,237.15,1,1.0,0
2024-02-13 23:00,237.15,1,1.0,0
2024-02-14 00:00,237.15,1,1.0,0
2024-02-14 01:00,237.15,1,1.0,0
2024-02-14 02:00,237.15,1,1.0,0
2024-02-14 03:00,237.15,1,1.0,0
2024-02-14 04:00,237.15,1,1.0,0
2024-02-14 05:00,237.15,1,1.0,0
2024-02-14 06:00,237.15,1,1.0,0
2024-02-14 07:00,237.15,1,1.0,0
2024-02-14 08:00,237.15,1,1.0,0
2024-02-14 09:00,237.15,1,1.0,0
2024-02-14 10:00,237.15,1,1.0,0
2024-02-14 11:00,237.15,1,1.0,0
2024-02-14 12:00,237.15,1,1.0,0
2024-02-14 13:00,237.15,1,1.0,0
2024-02-14 14:00,237.15,1,1.0,0
2024-02-14 15:00,237.15,1,1.0,0
2024-02-14 16:00,237.15,1,1.0,0
2024-02-14 17:00,237.15,1,1.0,0
2024-02-14 18:00,237.15,1,1.0,0
2024-02-14 19:00,237.15,1,1.0,0
2024-02-14 20:00,237.15,1,1.0,0
2024-02-14 21:00,237.15,1,1.0,0
2024-02-14 22:00,237.16,1,1.0,0
2024-02-14 23:00,237.16,1,1.0,0
2024-02-15 00:00,237.16,1,1.0,0
2024-02-15 01:00,237.16,1,1.0,0
2024-02-15 02:00,237.16,1,1.0,0
2024-02-15 03:00,237.16,1,1.0,0
2024-02-15 04:00,237.16,1,1.0,0
2024-02-15 05:00,237.16,1,1.0,0
2024-02-15 06:00,237.16,1,1.0,0
2024-02-15 07:00,237.16,1,1.0,0
2024-02-15 08:00,237.16,1,1.0,0
2024-02-15 09:00,237.16,1,1.0,0
2024-02-15 10:00,237.16,1,1.0,0
2024-02-15 11:00,237.16,1,1.0,0
2024-02-15 12:00,237.16,1,1.0,0
2024-02-15 13:00,237.16,1,1.0,0
2024-02-15 14:00,237.16,1,1.0,0
2024-02-15 15:00,237.16,1,1.0,0
2024-02-15 16:00,237.16,1,1.0,0
2024-02-15 17:00,237.16,1,1.0,0
2024-02-15 18:00,237.16,1,1.0,0
2024-02-15 19:00,237.16,1,1.0,0
2024-02-15 20:00,237.16,1,1.0,0
2024-02-15 21:00,237.16,1,1.0,0
2024-02-15 22:00,237.16,1,1.0,0
2024-02-15 23:00,237.16,1,1.0,0
2024-02-16 00:00,237.16,1,1.0,0
2024-02-16 01:00,237.16,1,1.0,0
2024-02-16 02:00,237.16,1,1.0,0
2024-02-16 03:00,237.16,1,1.0,0
2024-02-16 04:00,237.16,1,1.0,0
2024-02-16 05:00,237.16,1,1.0,0
2024-02-16 06:00,237.16,1,1.0,0
2024-02-16 07:00,237.16,1,1.0,0
2024-02-16 08:00,237.16,1,1.0,0
2024-02-16 09:00,237.16,1,1.0,0
2024-02-16 10:00,237.16,1,1.0,0
2024-02-16 11:00,237.16,1,1.0,0
2024-02-16 12:00,237.16,1,1.0,0
2024-02-16 13:00,237.16,1,1.0,0
2024-02-16 14:00,237.16,1,1.0,0
2024-02-16 15:00,237.16,1,1.0,0
2024-02-16 16:00,237.16,1,1.0,0
2024-02-16 17:00,237.16,1,1.0,0
2024-02-16 18:00,237.16,1,1.0,0
2024-02-16 19:00,237.16,1,1.0,0
2024-02-16 20:00,237.16,1,1.0,0
2024-02-16 21:00,237.16,1,1.0,0
2024-02-16 22:00,237.16,1,1.0,0
2024-02-16 23:00,237.16,1,1.0,0
2024-02-17 00:00,237.16,1,1.0,0
2024-02-17 01:00,237.16,1,1.0,0
2024-02-17 02:00,237.16,1,1.0,0
2024-02-17 03:00,237.16,1,1.0,0
2024-02-17 04:00,237.16,1,1.0,0
2024-02-17 05:00,237.16,1,1.0,0
2024-02-17 06:00,237.16,1,1.0,0
2024-02-17 07:00,237.16,1,1.0,0
2024-02-17 08:00,237.16,1,1.0,0
2024-02-17 09:00,237.16,1,1.0,0
2024-02-17 10:00,237.16,1,1.0,0
2024-02-17 11:00,237.16,1,1.0,0
2024-02-17 12:00,237.16,1,1.0,0
2024-02-17 13:00,237.16,1,1.0,0
2024-02-17 14:00,237.16,1,1.0,0
2024-02-17 15:00,237.16,1,1.0,0
2024-02-17 16:00,237.16,1,1.0,0
2024-02-17 17:00,237.16,1,1.0,0
2024-02-17 18:00,237.16,1,1.0,0
2024-02-17 19:00,237.16,1,1.0,0
2024-02-17 20:00,237.16,1,1.0,0
2024-02-17 21:00,237.16,1,1.0,0
2024-02-17 22:00,237.16,1,1.0,0
2024-02-17 23:00,237.16,1,1.0,0
2024-02-18 00:00,237.16,1,1.0,0
2024-02-18 01:00,237.16,1,1.0,0
2024-02-18 02:00,237.16,1,1.0,0
2024-02-18 03:00,237.16,1,1.0,0
2024-02-18 04:00,237.16,1,1.0,0
2024-02-18 05:00,237.16,1,1.0,0
2024-02-18 06:00,237.16,1,1.0,0
2024-02-18 07:00,237.16,1,1.0,0
2024-02-18 08:00,237.16,1,1.0,0
2024-02-18 09:00,237.16,1,1.0,0
2024-02-18 10:00,237.16,1,1.0,0
2024-02-18 11:00,237.16,1,1.0,0
2024-02-18 12:00,237.16,1,1.0,0
2024-02-18 13:00,237.16,1,1.0,0
2024-02-18 14:00,237.16,1,1.0,0
2024-02-18 15:00,237.16,1,1.0,0
2024-02-18 16:00,237.16,1,1.0,0
2024-02-18 17:00,237.16,1,1.0,0
2024-02-18 18:00,237.16,1,1.0,0
2024-02-18 19:00,237.17,1,1.0,0
2024-02-18 20:00,237.18,1,1.0,0
2024-02-18 21:00,237.2,1,1.0,0
2024-02-18 22:00,237.23,1,1.0,0
2024-02-18 23:00,237.28,1,1.0,0
2024-02-19 00:00,237.33,1,1.0,0
2024-02-19 01:00,237.37,1,1.0,0
2024-02-19 02:00,237.42,1,1.0,0
2024-02-19 03:00,237.46,1,1.0,0
2024-02-19 04:00,237.52,1,1.0,0
2024-02-19 05:00,237.58,1,1.0,0
2024-02-19 06:00,237.64,1,1.0,0
2024-02-19 07:00,237.71,1,1.0,0
2024-02-19 08:00,237.76,1,1.0,0
2024-02-19 09:00,237.78,1,1.0,0
2024-02-19 10:00,237.8,1,1.0,0
2024-02-19 11:00,237.82,1,1.0,0
2024-02-19 12:00,237.84,1,1.0,0
2024-02-19 13:00,237.89,1,1.0,0
2024-02-19 14:00,237.94,1,1.0,0
2024-02-19 15:00,237.96,1,1.0,0
2024-02-19 16:00,237.97,1,1.0,0
2024-02-19 17:00,237.97,1,1.0,0
2024-02-19 18:00,237.97,1,1.0,0
2024-02-19 19:00,237.97,1,1.0,0
2024-02-19 20:00,237.98,1,1.0,0
2024-02-19 21:00,237.99,1,1.0,0
2024-02-19 22:00,237.99,1,1.0,0
2024-02-19 23:00,237.99,1,1.0,0
2024-02-20 00:00,237.99,1,1.0,0
2024-02-20 01:00,238.0,1,1.0,0
2024-02-20 02:00,238.02,1,1.0,0
2024-02-20 03:00,238.05,1,1.0,0
2024-02-20 04:00,238.06,1,1.0,0
2024-02-20 05:00,238.07,1,1.0,0
2024-02-20 06:00,238.08,1,1.0,0
2024-02-20 07:00,238.14,1,1.0,0
2024-02-20 08:00,238.24,1,1.0,0
2024-02-20 09:00,238.31,1,1.0,0
2024-02-20 10:00,238.34,1,1.0,0
2024-02-20 11:00,238.36,1,1.0,0
2024-02-20 12:00,238.37,1,1.0,0
2024-02-20 13:00,238.42,1,1.0,0
2024-02-20 14:00,238.42,1,1.0,0
2024-02-20 15:00,238.42,1,1.0,0
2024-02-20 16:00,238.42,1,1.0,0
2024-02-20 17:00,238.42,1,1.0,0
2024-02-20 18:00,238.42,1,1.0,0
2024-02-20 19:00,238.42,1,1.0,0
2024-02-20 20:00,238.42,1,1.0,0
2024-02-20 21:00,238.42,1,1.0,0
2024-02-20 22:00,238.42,1,1.0,0
2024-02-20 23:00,238.42,1,1.0,0
2024-02-21 00:00,238.42,1,1.0,0
2024-02-21 01:00,238.42,1,1.0,0
2024-02-21 02:00,238.42,1,1.0,0
2024-02-21 03:00,238.42,1,1.0,0
2024-02-21 04:00,238.42,1,1.0,0
2024-02-21 05:00,238.42,1,1.0,0
2024-02-21 06:00,238.42,1,1.0,0
2024-02-21 07:00,238.42,1,1.0,0
2024-02-21 08:00,238.42,1,1.0,0
2024-02-21 09:00,238.42,1,1.0,0
2024-02-21 10:00,238.42,1,1.0,0
2024-02-21 11:00,238.42,1,1.0,0
2024-02-21 12:00,238.42,1,1.0,0
2024-02-21 13:00,238.43,1,1.0,0
2024-02-21 14:00,238.43,1,1.0,0
2024-02-21 15:00,238.43,1,1.0,0
2024-02-21 16:00,238.43,1,1.0,0
2024-02-21 17:00,238.43,1,1.0,0
2024-02-21 18:00,238.43,1,1.0,0
2024-02-21 19:00,238.43,1,1.0,0
2024-02-21 20:00,238.43,1,1.0,0
2024-02-21 21:00,238.43,1,1.0,0
2024-02-21 22:00,238.43,1,1.0,0
2024-02-21 23:00,238.43,1,1.0,0
2024-02-22 00:00,238.43,1,1.0,0
2024-02-22 01:00,238.43,1,1.0,0
2024-02-22 02:00,238.43,1,1.0,0
2024-02-22 03:00,238.43,1,1.0,0
2024-02-22 04:00,238.43,1,1.0,0
2024-02-22 05:00,238.43,1,1.0,0
2024-02-22 06:00,238.43,1,1.0,0
2024-02-22 07:00,238.45,1,1.0,0
2024-02-22 08:00,238.49,1,1.0,0
2024-02-22 09:00,238.51,1,1.0,0
2024-02-22 10:00,238.53,1,1.0,0
2024-02-22 11:00,238.53,1,1.0,0
2024-02-22 12:00,238.53,1,1.0,0
2024-02-22 13:00,238.54,1,1.0,0
2024-02-22 14:00,238.54,1,1.0,0
2024-02-22 15:00,238.54,1,1.0,0
2024-02-22 16:00,238.54,1,1.0,0
2024-02-22 17:00,238.54,1,1.0,0
2024-02-22 18:00,238.55,1,1.0,0
2024-02-22 19:00,238.55,1,1.0,0
2024-02-22 20:00,238.55,1,1.0,0
2024-02-22 21:00,238.55,1,1.0,0
2024-02-22 22:00,238.55,1,1.0,0
2024-02-22 23:00,238.55,1,1.0,0
2024-02-23 00:00,238.57,1,1.0,0
2024-02-23 01:00,238.62,1,1.0,0
2024-02-23 02:00,238.68,1,1.0,0
2024-02-23 03:00,238.74,1,1.0,0
2024-02-23 04:00,238.84,1,1.0,0
2024-02-23 05:00,238.94,1,1.0,0
2024-02-23 06:00,239.05,1,1.0,0
2024-02-23 07:00,239.21,1,1.0,0
2024-02-23 08:00,239.4,1,1.0,0
2024-02-23 09:00,239.66,1,1.0,0
2024-02-23 10:00,239.85,1,1.0,0
2024-02-23 11:00,240.06,1,1.0,0
2024-02-23 12:00,240.18,1,1.0,0
2024-02-23 13:00,240.23,1,1.0,0
2024-02-23 14:00,240.29,1,1.0,0
2024-02-23 15:00,240.37,1,1.0,0
2024-02-23 16:00,240.47,1,1.0,0
2024-02-23 17:00,240.62,1,1.0,0
2024-02-23 18:00,240.84,1,1.0,0
2024-02-23 19:00,241.68,1,1.0,0
2024-02-23 20:00,243.06,1,1.0,0
2024-02-23 21:00,245.61,1,1.0,0
2024-02-23 22:00,249.34,1,1.0,0
2024-02-23 23:00,253.45,1,1.0,0
2024-02-24 00:00,255.89,1,1.0,0
2024-02-24 01:00,257.1,1,1.0,0
2024-02-24 02:00,257.63,1,1.0,0
2024-02-24 03:00,257.96,1,1.0,0
2024-02-24 04:00,258.47,1,1.0,0
2024-02-24 05:00,259.12,1,1.0,0
2024-02-24 06:00,259.74,1,1.0,0
2024-02-24 07:00,259.9,1,1.0,0
2024-02-24 08:00,260.17,1,1.0,0
2024-02-24 09:00,260.45,1,1.0,0
2024-02-24 10:00,260.65,1,1.0,0
2024-02-24 11:00,260.7,1,1.0,0
2024-02-24 12:00,260.74,1,1.0,0
2024-02-24 13:00,260.77,1,1.0,0
2024-02-24 14:00,260.8,1,1.0,0
2024-02-24 15:00,260.82,1,1.0,0
2024-02-24 16:00,260.86,1,1.0,0
2024-02-24 17:00,260.88,1,1.0,0
2024-02-24 18:00,260.9,1,1.0,0
2024-02-24 19:00,260.94,1,1.0,0
2024-02-24 20:00,260.96,1,1.0,0
2024-02-24 21:00,260.98,1,1.0,0
2024-02-24 22:00,260.98,1,1.0,0
2024-02-24 23:00,261.02,1,1.0,0
2024-02-25 00:00,261.21,1,1.0,0
2024-02-25 01:00,261.46,1,1.0,0
2024-02-25 02:00,261.71,1,1.0,0
2024-02-25 03:00,261.99,1,1.0,0
2024-02-25 04:00,262.25,1,1.0,0
2024-02-25 05:00,262.5,1,1.0,0
2024-02-25 06:00,262.95,1,1.0,0
2024-02-25 07:00,263.25,1,1.0,0
2024-02-25 08:00,263.59,1,1.0,0
2024-02-25 09:00,263.99,1,1.0,0
2024-02-25 10:00,264.22,1,1.0,0
2024-02-25 11:00,264.56,1,1.0,0
2024-02-25 12:00,264.79,1,1.0,0
2024-02-25 13:00,265.16,1,1.0,0
2024-02-25 14:00,265.25,1,1.0,0
2024-02-25 15:00,265.32,1,1.0,0
2024-02-25 16:00,265.36,1,1.0,0
2024-02-25 17:00,265.38,1,1.0,0
2024-02-25 18:00,265.39,1,1.0,0
2024-02-25 19:00,265.39,1,1.0,0
2024-02-25 20:00,265.39,1,1.0,0
2024-02-25 21:00,265.39,1,1.0,0
2024-02-25 22:00,265.39,1,1.0,0
2024-02-25 23:00,265.39,1,1.0,0
2024-02-26 00:00,265.39,1,1.0,0
2024-02-26 01:00,265.39,1,1.0,0
2024-02-26 02:00,265.39,1,1.0,0
2024-02-26 03:00,265.39,1,1.0,0
2024-02-26 04:00,265.39,1,1.0,0
2024-02-26 05:00,265.39,1,1.0,0
2024-02-26 06:00,265.39,1,1.0,0
2024-02-26 07:00,265.39,1,1.0,0
2024-02-26 08:00,265.39,1,1.0,0
2024-02-26 09:00,265.39,1,1.0,0
2024-02-26 10:00,265.39,1,1.0,0
2024-02-26 11:00,265.39,1,1.0,0
2024-02-26 12:00,265.39,1,1.0,0
2024-02-26 13:00,265.39,1,1.0,0
2024-02-26 14:00,265.39,1,1.0,0
2024-02-26 15:00,265.39,1,1.0,0
2024-02-26 16:00,265.39,1,1.0,0
2024-02-26 17:00,265.39,1,1.0,0
2024-02-26 18:00,265.39,1,1.0,0
2024-02-26 19:00,265.39,1,1.0,0
2024-02-26 20:00,265.39,1,1.0,0
2024-02-26 21:00,265.4,1,1.0,0
2024-02-26 22:00,265.4,1,1.0,0
2024-02-26 23:00,265.4,1,1.0,0
2024-02-27 00:00,265.4,1,1.0,0
2024-02-27 01:00,265.4,1,1.0,0
2024-02-27 02:00,265.4,1,1.0,0
2024-02-27 03:00,265.4,1,1.0,0
2024-02-27 04:00,265.4,1,1.0,0
2024-02-27 05:00,265.4,1,1.0,0
2024-02-27 06:00,265.4,1,1.0,0
2024-02-27 07:00,265.4,1,1.0,0
2024-02-27 08:00,265.4,1,1.0,0
2024-02-27 09:00,265.4,1,1.0,0
2024-02-27 10:00,265.4,1,1.0,0
2024-02-27 11:00,265.4,1,1.0,0
2024-02-27 12:00,265.4,1,1.0,0
2024-02-27 13:00,265.4,1,1.0,0
2024-02-27 14:00,265.4,1,1.0,0
2024-02-27 15:00,265.4,1,1.0,0
2024-02-27 16:00,265.4,1,1.0,0
2024-02-27 17:00,265.4,1,1.0,0
2024-02-27 18:00,265.4,1,1.0,0
2024-02-27 19:00,265.4,1,1.0,0
2024-02-27 20:00,265.4,1,1.0,0
2024-02-27 21:00,265.4,1,1.0,0
2024-02-27 22:00,265.4,1,1.0,0
2024-02-27 23:00,265.4,1,1.0,0
2024-02-28 00:00,265.4,1,1.0,0
2024-02-28 01:00,265.4,1,1.0,0
2024-02-28 02:00,265.4,1,1.0,0
2024-02-28 03:00,265.4,1,1.0,0
2024-02-28 04:00,265.4,1,1.0,0
2024-02-28 05:00,265.4,1,1.0,0
2024-02-28 06:00,265.4,1,1.0,0
2024-02-28 07:00,265.4,1,1.0,0
2024-02-28 08:00,265.4,1,1.0,0
2024-02-28 09:00,265.5,1,1.0,0
2024-02-28 10:00,265.5,1,1.0,0
2024-02-28 11:00,265.59,1,1.0,0
2024-02-28 12:00,265.8,1,1.0,0
2024-02-28 13:00,265.94,1,1.0,0
2024-02-28 14:00,266.11,1,1.0,0
2024-02-28 15:00,266.11,1,1.0,0
2024-02-28 16:00,266.11,1,1.0,0
2024-02-28 17:00,266.13,1,1.0,0
2024-02-28 18:00,266.13,1,1.0,0
2024-02-28 19:00,266.15,1,1.0,0
2024-02-28 20:00,266.16,1,1.0,0
2024-02-28 21:00,266.17,1,1.0,0
2024-02-28 22:00,266.34,1,1.0,0
2024-02-28 23:00,266.38,1,1.0,0
2024-02-29 00:00,266.8,1,1.0,0
2024-02-29 01:00,267.84,1,1.0,0
2024-02-29 02:00,269.66,1,1.0,0
2024-02-29 03:00,271.78,1,1.0,0
2024-02-29 04:00,274.07,1,1.0,0
2024-02-29 05:00,276.28,1,1.0,0
2024-02-29 06:00,277.98,1,1.0,0
2024-02-29 07:00,278.49,1,1.0,0
2024-02-29 08:00,278.53,1,1.0,0
2024-02-29 09:00,278.58,1,1.0,0
2024-02-29 10:00,278.61,1,1.0,0
2024-02-29 11:00,278.64,1,1.0,0
2024-02-29 12:00,278.76,1,1.0,0
2024-02-29 13:00,279.06,1,1.0,0
2024-02-29 14:00,279.65,1,1.0,0
2024-02-29 15:00,279.74,1,1.0,0
2024-02-29 16:00,279.85,1,1.0,0
2024-02-29 17:00,280.06,1,1.0,0
2024-02-29 18:00,280.27,1,1.0,0
2024-02-29 19:00,280.37,1,1.0,0
2024-02-29 20:00,280.67,1,1.0,0
2024-02-29 21:00,281.13,1,1.0,0
2024-02-29 22:00,281.99,1,1.0,0
2024-02-29 23:00,283.36,1,1.0,0
2024-03-01 00:00,284.78,1,1.0,0
2024-03-01 01:00,285.77,1,1.0,0
2024-03-01 02:00,286.94,1,1.0,0
2024-03-01 03:00,288.29,1,1.0,0
2024-03-01 04:00,289.91,1,1.0,0
2024-03-01 05:00,291.25,1,1.0,0
2024-03-01 06:00,292.99,1,1.0,0
2024-03-01 07:00,293.6,1,1.0,0
2024-03-01 08:00,294.21,1,1.0,0
2024-03-01 09:00,295.03,1,1.0,0
2024-03-01 10:00,295.96,1,1.0,0
2024-03-01 11:00,296.81,1,1.0,0
2024-03-01 12:00,297.2,1,1.0,0
2024-03-01 13:00,297.37,1,1.0,0
2024-03-01 14:00,297.43,1,1.0,0
2024-03-01 15:00,297.48,1,1.0,0
2024-03-01 16:00,298.15,1,1.0,0
2024-03-01 17:00,298.25,1,1.0,0
2024-03-01 18:00,298.31,1,1.0,0
2024-03-01 19:00,298.31,1,1.0,0
2024-03-01 20:00,298.31,1,1.0,0
2024-03-01 21:00,298.48,1,1.0,0
2024-03-01 22:00,298.86,1,1.0,0
2024-03-01 23:00,299.17,1,1.0,0
2024-03-02 00:00,299.37,1,1.0,0
2024-03-02 01:00,299.44,1,1.0,0
2024-03-02 02:00,299.49,1,1.0,0
2024-03-02 03:00,299.55,1,1.0,0
2024-03-02 04:00,299.59,1,1.0,0
2024-03-02 05:00,299.62,1,1.0,0
2024-03-02 06:00,299.73,1,1.0,0
2024-03-02 07:00,299.96,1,1.0,0
2024-03-02 08:00,300.16,1,1.0,0
2024-03-02 09:00,300.41,1,1.0,0
2024-03-02 10:00,300.65,1,1.0,0
2024-03-02 11:00,300.81,1,1.0,0
2024-03-02 12:00,301.07,1,1.0,0
2024-03-02 13:00,301.57,1,1.0,0
2024-03-02 14:00,301.8,1,1.0,0
2024-03-02 15:00,302.42,1,1.0,0
2024-03-02 16:00,302.6,1,1.0,0
2024-03-02 17:00,302.72,1,1.0,0
2024-03-02 18:00,302.76,1,1.0,0
2024-03-02 19:00,302.78,1,1.0,0
2024-03-02 20:00,302.8,1,1.0,0
2024-03-02 21:00,302.83,1,1.0,0
2024-03-02 22:00,302.86,1,1.0,0
2024-03-02 23:00,302.9,1,1.0,0
2024-03-03 00:00,302.92,1,1.0,0
2024-03-03 01:00,302.93,1,1.0,0
2024-03-03 02:00,302.93,1,1.0,0
2024-03-03 03:00,302.94,1,1.0,0
2024-03-03 04:00,302.94,1,1.0,0
2024-03-03 05:00,302.94,1,1.0,0
2024-03-03 06:00,302.94,1,1.0,0
2024-03-03 07:00,302.95,1,1.0,0
2024-03-03 08:00,302.97,1,1.0,0
2024-03-03 09:00,303.04,1,1.0,0
2024-03-03 10:00,303.08,1,1.0,0
2024-03-03 11:00,303.1,1,1.0,0
2024-03-03 12:00,303.1,1,1.0,0
2024-03-03 13:00,303.1,1,1.0,0
2024-03-03 14:00,303.1,1,1.0,0
2024-03-03 15:00,303.1,1,1.0,0
2024-03-03 16:00,303.1,1,1.0,0
2024-03-03 17:00,303.1,1,1.0,0
2024-03-03 18:00,303.1,1,1.0,0
2024-03-03 19:00,303.11,1,1.0,0
2024-03-03 20:00,303.21,1,1.0,0
2024-03-03 21:00,304.1,1,1.0,0
2024-03-03 22:00,305.69,1,1.0,0
2024-03-03 23:00,307.93,1,1.0,0
2024-03-04 00:00,309.28,1,1.0,0
2024-03-04 01:00,310.62,1,1.0,0
2024-03-04 02:00,312.59,1,1.0,0
2024-03-04 03:00,314.75,1,1.0,0
2024-03-04 04:00,316.33,1,1.0,0
2024-03-04 05:00,317.25,1,1.0,0
2024-03-04 06:00,318.77,1,1.0,0
2024-03-04 07:00,319.53,1,1.0,0
2024-03-04 08:00,320.82,1,1.0,0
2024-03-04 09:00,321.77,1,1.0,0
2024-03-04 10:00,322.51,1,1.0,0
2024-03-04 11:00,323.1,1,1.0,0
2024-03-04 12:00,323.48,1,1.0,0
2024-03-04 13:00,323.78,1,1.0,0
2024-03-04 14:00,323.95,1,1.0,0
2024-03-04 15:00,324.17,1,1.0,0
2024-03-04 16:00,324.18,1,1.0,0
2024-03-04 17:00,324.2,1,1.0,0
2024-03-04 18:00,324.21,1,1.0,0
2024-03-04 19:00,324.22,1,1.0,0
2024-03-04 20:00,324.22,1,1.0,0
2024-03-04 21:00,324.26,1,1.0,0
2024-03-04 22:00,324.29,1,1.0,0
2024-03-04 23:00,324.38,1,1.0,0
2024-03-05 00:00,324.43,1,1.0,0
2024-03-05 01:00,324.62,1,1.0,0
2024-03-05 02:00,324.76,1,1.0,0
2024-03-05 03:00,324.78,1,1.0,0
2024-03-05 04:00,324.8,1,1.0,0
2024-03-05 05:00,324.82,1,1.0,0
2024-03-05 06:00,324.82,1,1.0,0
2024-03-05 07:00,324.82,1,1.0,0
2024-03-05 08:00,324.82,1,1.0,0
2024-03-05 09:00,324.82,1,1.0,0
2024-03-05 10:00,324.83,1,1.0,0
2024-03-05 11:00,324.89,1,1.0,0
2024-03-05 12:00,324.94,1,1.0,0
2024-03-05 13:00,324.98,1,1.0,0
2024-03-05 14:00,325.02,1,1.0,0
2024-03-05 15:00,325.02,1,1.0,0
2024-03-05 16:00,325.02,1,1.0,0
2024-03-05 17:00,325.02,1,1.0,0
2024-03-05 18:00,325.02,1,1.0,0
2024-03-05 19:00,325.02,1,1.0,0
2024-03-05 20:00,325.02,1,1.0,0
2024-03-05 21:00,325.03,1,1.0,0
2024-03-05 22:00,325.06,1,1.0,0
2024-03-05 23:00,325.1,1,1.0,0
2024-03-06 00:00,325.17,1,1.0,0
2024-03-06 01:00,325.21,1,1.0,0
2024-03-06 02:00,325.28,1,1.0,0
2024-03-06 03:00,325.31,1,1.0,0
2024-03-06 04:00,325.4,1,1.0,0
2024-03-06 05:00,325.5,1,1.0,0
2024-03-06 06:00,325.55,1,1.0,0
2024-03-06 07:00,325.63,1,1.0,0
2024-03-06 08:00,325.75,1,1.0,0
2024-03-06 09:00,325.82,1,1.0,0
2024-03-06 10:00,325.9,1,1.0,0
2024-03-06 11:00,326.03,1,1.0,0
2024-03-06 12:00,326.05,1,1.0,0
2024-03-06 13:00,326.05,1,1.0,0
2024-03-06 14:00,326.06,1,1.0,0
2024-03-06 15:00,326.07,1,1.0,0
2024-03-06 16:00,326.09,1,1.0,0
2024-03-06 17:00,326.11,1,1.0,0
2024-03-06 18:00,326.19,1,1.0,0
2024-03-06 19:00,326.27,1,1.0,0
2024-03-06 20:00,326.57,1,1.0,0
2024-03-06 21:00,326.71,1,1.0,0
2024-03-06 22:00,326.85,1,1.0,0
2024-03-06 23:00,327.05,1,1.0,0
2024-03-07 00:00,327.13,1,1.0,0
2024-03-07 01:00,327.16,1,1.0,0
2024-03-07 02:00,327.17,1,1.0,0
2024-03-07 03:00,327.18,1,1.0,0
2024-03-07 04:00,327.23,1,1.0,0
2024-03-07 05:00,327.47,1,1.0,0
2024-03-07 06:00,327.53,1,1.0,0
2024-03-07 07:00,327.57,1,1.0,0
2024-03-07 08:00,327.59,1,1.0,0
2024-03-07 09:00,327.67,1,1.0,0
2024-03-07 10:00,327.83,1,1.0,0
2024-03-07 11:00,327.97,1,1.0,0
2024-03-07 12:00,328.04,1,1.0,0
2024-03-07 13:00,328.08,1,1.0,0
2024-03-07 14:00,328.09,1,1.0,0
2024-03-07 15:00,328.09,1,1.0,0
2024-03-07 16:00,328.09,1,1.0,0
2024-03-07 17:00,328.09,1,1.0,0
2024-03-07 18:00,328.09,1,1.0,0
2024-03-07 19:00,328.09,1,1.0,0
2024-03-07 20:00,328.09,1,1.0,0
2024-03-07 21:00,328.09,1,1.0,0
2024-03-07 22:00,328.09,1,1.0,0
2024-03-07 23:00,328.09,1,1.0,0
2024-03-08 00:00,328.09,1,1.0,0
2024-03-08 01:00,328.09,1,1.0,0
2024-03-08 02:00,328.09,1,1.0,0
2024-03-08 03:00,328.09,1,1.0,0
2024-03-08 04:00,328.09,1,1.0,0
2024-03-08 05:00,328.09,1,1.0,0
2024-03-08 06:00,328.09,1,1.0,0
2024-03-08 07:00,328.09,1,1.0,0
2024-03-08 08:00,328.09,1,1.0,0
2024-03-08 09:00,328.09,1,1.0,0
2024-03-08 10:00,328.09,1,1.0,0
2024-03-08 11:00,328.09,1,1.0,0
2024-03-08 12:00,328.09,1,1.0,0
2024-03-08 13:00,328.09,1,1.0,0
2024-03-08 14:00,328.09,1,1.0,0
2024-03-08 15:00,328.09,1,1.0,0
2024-03-08 16:00,328.09,1,1.0,0
2024-03-08 17:00,328.09,1,1.0,0
2024-03-08 18:00,328.11,1,1.0,0
2024-03-08 19:00,328.11,1,1.0,0
2024-03-08 20:00,328.41,1,1.0,0
2024-03-08 21:00,328.41,1,1.0,0
2024-03-08 22:00,328.69,1,1.0,0
2024-03-08 23:00,328.99,1,1.0,0
2024-03-09 00:00,329.52,1,1.0,0
2024-03-09 01:00,329.85,1,1.0,0
2024-03-09 02:00,329.99,1,1.0,0
2024-03-09 03:00,330.24,1,1.0,0
2024-03-09 04:00,331.0,1,1.0,0
2024-03-09 05:00,332.84,1,1.0,0
2024-03-09 06:00,335.44,1,1.0,0
2024-03-09 07:00,337.1,1,1.0,0
2024-03-09 08:00,338.73,1,1.0,0
2024-03-09 09:00,341.14,1,1.0,0
2024-03-09 10:00,343.92,1,1.0,0
2024-03-09 11:00,346.64,1,1.0,0
2024-03-09 12:00,349.02,1,1.0,0
2024-03-09 13:00,350.04,1,1.0,0
2024-03-09 14:00,350.65,1,1.0,0
2024-03-09 15:00,351.86,1,1.0,0
2024-03-09 16:00,353.42,1,1.0,0
2024-03-09 17:00,353.75,1,1.0,0
2024-03-09 18:00,353.91,1,1.0,0
2024-03-09 19:00,354.0,1,1.0,0
2024-03-09 20:00,354.02,1,1.0,0
2024-03-09 21:00,354.02,1,1.0,0
2024-03-09 22:00,354.02,1,1.0,0
2024-03-09 23:00,354.02,1,1.0,0
2024-03-10 00:00,354.02,1,1.0,0
2024-03-10 01:00,354.02,1,1.0,0
2024-03-10 02:00,354.02,1,1.0,0
2024-03-10 03:00,354.02,1,1.0,0
2024-03-10 04:00,354.02,1,1.0,0
2024-03-10 05:00,354.02,1,1.0,0
2024-03-10 06:00,354.02,1,1.0,0
2024-03-10 07:00,354.03,1,1.0,0
2024-03-10 08:00,354.03,1,1.0,0
2024-03-10 09:00,354.03,1,1.0,0
2024-03-10 10:00,354.03,1,1.0,0
2024-03-10 11:00,354.03,1,1.0,0
2024-03-10 12:00,354.03,1,1.0,0
2024-03-10 13:00,354.08,1,1.0,0
2024-03-10 14:00,354.19,1,1.0,0
2024-03-10 15:00,354.66,1,1.0,0
2024-03-10 16:00,355.2,1,1.0,0
2024-03-10 17:00,356.14,1,1.0,0
2024-03-10 18:00,357.51,1,1.0,0
2024-03-10 19:00,358.46,1,1.0,0
2024-03-10 20:00,359.45,1,1.0,0
2024-03-10 21:00,360.96,1,1.0,0
2024-03-10 22:00,362.71,1,1.0,0
2024-03-10 23:00,365.44,1,1.0,0
2024-03-11 00:00,369.47,1,1.0,0
2024-03-11 01:00,373.72,1,1.0,0
2024-03-11 02:00,376.58,1,1.0,0
2024-03-11 03:00,378.56,1,1.0,0
2024-03-11 04:00,379.71,1,1.0,0
2024-03-11 05:00,380.16,1,1.0,0
2024-03-11 06:00,380.54,1,1.0,0
2024-03-11 07:00,381.43,1,1.0,0
2024-03-11 08:00,382.77,1,1.0,0
2024-03-11 09:00,384.36,1,1.0,0
2024-03-11 10:00,385.77,1,1.0,0
2024-03-11 11:00,387.48,1,1.0,0
2024-03-11 12:00,388.42,1,1.0,0
2024-03-11 13:00,389.55,1,1.0,0
2024-03-11 14:00,391.85,1,1.0,0
2024-03-11 15:00,394.39,1,1.0,0
2024-03-11 16:00,397.27,1,1.0,0
2024-03-11 17:00,399.18,1,1.0,0
2024-03-11 18:00,400.62,1,1.0,0
2024-03-11 19:00,402.66,1,1.0,0
2024-03-11 20:00,403.71,1,1.0,0
2024-03-11 21:00,404.75,1,1.0,0
2024-03-11 22:00,405.95,1,1.0,0
2024-03-11 23:00,406.42,1,1.0,0
2024-03-12 00:00,406.65,1,1.0,0
2024-03-12 01:00,407.39,1,1.0,0
2024-03-12 02:00,409.17,1,1.0,0
2024-03-12 03:00,410.59,1,1.0,0
2024-03-12 04:00,411.44,1,1.0,0
2024-03-12 05:00,411.81,1,1.0,0
2024-03-12 06:00,412.41,1,1.0,0
2024-03-12 07:00,412.84,1,1.0,0
2024-03-12 08:00,413.83,1,1.0,0
2024-03-12 09:00,414.69,1,1.0,0
2024-03-12 10:00,415.14,1,1.0,0
2024-03-12 11:00,415.32,1,1.0,0
2024-03-12 12:00,415.4,1,1.0,0
2024-03-12 13:00,415.43,1,1.0,0
2024-03-12 14:00,415.5,1,1.0,0
2024-03-12 15:00,416.22,1,1.0,0
2024-03-12 16:00,417.43,1,1.0,0
2024-03-12 17:00,417.64,1,1.0,0
2024-03-12 18:00,417.67,1,1.0,0
2024-03-12 19:00,417.69,1,1.0,0
2024-03-12 20:00,417.7,1,1.0,0
2024-03-12 21:00,417.7,1,1.0,0
2024-03-12 22:00,417.7,1,1.0,0
2024-03-12 23:00,417.7,1,1.0,0
2024-03-13 00:00,417.7,1,1.0,0
2024-03-13 01:00,417.7,1,1.0,0
2024-03-13 02:00,417.7,1,1.0,0
2024-03-13 03:00,417.7,1,1.0,0
2024-03-13 04:00,417.7,1,1.0,0
2024-03-13 05:00,417.7,1,1.0,0
2024-03-13 06:00,417.7,1,1.0,0
2024-03-13 07:00,417.7,1,1.0,0
2024-03-13 08:00,417.7,1,1.0,0
2024-03-13 09:00,417.7,1,1.0,0
2024-03-13 10:00,417.74,1,1.0,0
2024-03-13 11:00,417.74,1,1.0,0
2024-03-13 12:00,417.76,1,1.0,0
2024-03-13 13:00,417.76,1,1.0,0
2024-03-13 14:00,417.76,1,1.0,0
2024-03-13 15:00,417.78,1,1.0,0
2024-03-13 16:00,417.78,1,1.0,0
2024-03-13 17:00,417.78,1,1.0,0
2024-03-13 18:00,417.78,1,1.0,0
2024-03-13 19:00,417.78,1,1.0,0
2024-03-13 20:00,417.78,1,1.0,0
2024-03-13 21:00,417.78,1,1.0,0
2024-03-13 22:00,417.78,1,1.0,0
2024-03-13 23:00,417.78,1,1.0,0
2024-03-14 00:00,417.78,1,1.0,0
2024-03-14 01:00,417.78,1,1.0,0
2024-03-14 02:00,417.78,1,1.0,0
2024-03-14 03:00,417.78,1,1.0,0
2024-03-14 04:00,417.78,1,1.0,0
2024-03-14 05:00,417.78,1,1.0,0
2024-03-14 06:00,417.78,1,1.0,0
2024-03-14 07:00,417.78,1,1.0,0
2024-03-14 08:00,417.78,1,1.0,0
2024-03-14 09:00,417.78,1,1.0,0
2024-03-14 10:00,417.78,1,1.0,0
2024-03-14 11:00,417.78,1,1.0,0
2024-03-14 12:00,417.79,1,1.0,0
2024-03-14 13:00,417.79,1,1.0,0
2024-03-14 14:00,417.79,1,1.0,0
2024-03-14 15:00,417.79,1,1.0,0
2024-03-14 16:00,417.79,1,1.0,0
2024-03-14 17:00,417.79,1,1.0,0
2024-03-14 18:00,417.79,1,1.0,0
2024-03-14 19:00,417.79,1,1.0,0
2024-03-14 20:00,417.79,1,1.0,0
2024-03-14 21:00,417.8,1,1.0,0
2024-03-14 22:00,417.82,1,1.0,0
2024-03-14 23:00,417.85,1,1.0,0
2024-03-15 00:00,417.86,1,1.0,0
2024-03-15 01:00,417.87,1,1.0,0
2024-03-15 02:00,417.87,1,1.0,0
2024-03-15 03:00,417.88,1,1.0,0
2024-03-15 04:00,417.89,1,1.0,0
2024-03-15 05:00,417.9,1,1.0,0
2024-03-15 06:00,417.92,1,1.0,0
2024-03-15 07:00,417.93,1,1.0,0
2024-03-15 08:00,417.94,1,1.0,0
2024-03-15 09:00,417.94,1,1.0,0
2024-03-15 10:00,417.95,1,1.0,0
2024-03-15 11:00,417.95,1,1.0,0
2024-03-15 12:00,417.95,1,1.0,0
2024-03-15 13:00,417.95,1,1.0,0
2024-03-15 14:00,417.95,1,1.0,0
2024-03-15 15:00,417.95,1,1.0,0
2024-03-15 16:00,417.95,1,1.0,0
2024-03-15 17:00,417.95,1,1.0,0
2024-03-15 18:00,417.95,1,1.0,0
2024-03-15 19:00,417.95,1,1.0,0
2024-03-15 20:00,417.95,1,1.0,0
2024-03-15 21:00,417.95,1,1.0,0
2024-03-15 22:00,417.95,1,1.0,0
2024-03-15 23:00,417.95,1,1.0,0
2024-03-16 00:00,417.96,1,1.0,0
2024-03-16 01:00,417.96,1,1.0,0
2024-03-16 02:00,417.96,1,1.0,0
2024-03-16 03:00,417.97,1,1.0,0
2024-03-16 04:00,417.98,1,1.0,0
2024-03-16 05:00,418.0,1,1.0,0
2024-03-16 06:00,418.05,1,1.0,0
2024-03-16 07:00,418.12,1,1.0,0
2024-03-16 08:00,418.25,1,1.0,0
2024-03-16 09:00,418.4,1,1.0,0
2024-03-16 10:00,418.56,1,1.0,0
2024-03-16 11:00,418.69,1,1.0,0
2024-03-16 12:00,418.82,1,1.0,0
2024-03-16 13:00,418.98,1,1.0,0
2024-03-16 14:00,419.14,1,1.0,0
2024-03-16 15:00,419.24,1,1.0,0
2024-03-16 16:00,419.56,1,1.0,0
2024-03-16 17:00,419.73,1,1.0,0
2024-03-16 18:00,419.88,1,1.0,0
2024-03-16 19:00,419.9,1,1.0,0
2024-03-16 20:00,419.92,1,1.0,0
2024-03-16 21:00,419.93,1,1.0,0
2024-03-16 22:00,419.95,1,1.0,0
2024-03-16 23:00,419.95,1,1.0,0
2024-03-17 00:00,419.98,1,1.0,0
2024-03-17 01:00,419.99,1,1.0,0
2024-03-17 02:00,419.99,1,1.0,0
2024-03-17 03:00,419.99,1,1.0,0
2024-03-17 04:00,419.99,1,1.0,0
2024-03-17 05:00,419.99,1,1.0,0
2024-03-17 06:00,419.99,1,1.0,0
2024-03-17 07:00,419.99,1,1.0,0
2024-03-17 08:00,419.99,1,1.0,0
2024-03-17 09:00,419.99,1,1.0,0
2024-03-17 10:00,419.99,1,1.0,0
2024-03-17 11:00,419.99,1,1.0,0
2024-03-17 12:00,419.99,1,1.0,0
2024-03-17 13:00,419.99,1,1.0,0
2024-03-17 14:00,419.99,1,1.0,0
2024-03-17 15:00,419.99,1,1.0,0
2024-03-17 16:00,419.99,1,1.0,0
2024-03-17 17:00,419.99,1,1.0,0
2024-03-17 18:00,419.99,1,1.0,0
2024-03-17 19:00,419.99,1,1.0,0
2024-03-17 20:00,419.99,1,1.0,0
2024-03-17 21:00,419.99,1,1.0,0
2024-03-17 22:00,419.99,1,1.0,0
2024-03-17 23:00,419.99,1,1.0,0
2024-03-18 00:00,419.99,1,1.0,0
2024-03-18 01:00,419.99,1,1.0,0
2024-03-18 02:00,419.99,1,1.0,0
2024-03-18 03:00,420.0,1,1.0,0
2024-03-18 04:00,420.01,1,1.0,0
2024-03-18 05:00,420.02,1,1.0,0
2024-03-18 06:00,420.04,1,1.0,0
2024-03-18 07:00,420.08,1,1.0,0
2024-03-18 08:00,420.13,1,1.0,0
2024-03-18 09:00,420.18,1,1.0,0
2024-03-18 10:00,420.23,1,1.0,0
2024-03-18 11:00,420.31,1,1.0,0
2024-03-18 12:00,420.41,1,1.0,0
2024-03-18 13:00,420.57,1,1.0,0
2024-03-18 14:00,420.72,1,1.0,0
2024-03-18 15:00,420.8,1,1.0,0
2024-03-18 16:00,420.83,1,1.0,0
2024-03-18 17:00,420.87,1,1.0,0
2024-03-18 18:00,420.93,1,1.0,0
2024-03-18 19:00,421.01,1,1.0,0
2024-03-18 20:00,421.2,1,1.0,0
2024-03-18 21:00,421.28,1,1.0,0
2024-03-18 22:00,421.41,1,1.0,0
2024-03-18 23:00,421.54,1,1.0,0
2024-03-19 00:00,421.67,1,1.0,0
2024-03-19 01:00,421.84,1,1.0,0
2024-03-19 02:00,421.93,1,1.0,0
2024-03-19 03:00,422.07,1,1.0,0
2024-03-19 04:00,422.2,1,1.0,0
2024-03-19 05:00,422.31,1,1.0,0
2024-03-19 06:00,422.41,1,1.0,0
2024-03-19 07:00,422.45,1,1.0,0
2024-03-19 08:00,422.48,1,1.0,0
2024-03-19 09:00,422.48,1,1.0,0
2024-03-19 10:00,422.48,1,1.0,0
2024-03-19 11:00,422.48,1,1.0,0
2024-03-19 12:00,422.48,1,1.0,0
2024-03-19 13:00,422.48,1,1.0,0
2024-03-19 14:00,422.48,1,1.0,0
2024-03-19 15:00,422.48,1,1.0,0
2024-03-19 16:00,422.48,1,1.0,0
2024-03-19 17:00,422.48,1,1.0,0
2024-03-19 18:00,422.48,1,1.0,0
2024-03-19 19:00,422.49,1,1.0,0
2024-03-19 20:00,422.49,1,1.0,0
2024-03-19 21:00,422.49,1,1.0,0
2024-03-19 22:00,422.49,1,1.0,0
2024-03-19 23:00,422.49,1,1.0,0
2024-03-20 00:00,422.49,1,1.0,0
2024-03-20 01:00,422.49,1,1.0,0
2024-03-20 02:00,422.49,1,1.0,0
2024-03-20 03:00,422.49,1,1.0,0
2024-03-20 04:00,422.49,1,1.0,0
2024-03-20 05:00,422.49,1,1.0,0
2024-03-20 06:00,422.49,1,1.0,0
2024-03-20 07:00,422.49,1,1.0,0
2024-03-20 08:00,422.49,1,1.0,0
2024-03-20 09:00,422.49,1,1.0,0
2024-03-20 10:00,422.49,1,1.0,0
2024-03-20 11:00,422.49,1,1.0,0
2024-03-20 12:00,422.49,1,1.0,0
2024-03-20 13:00,422.49,1,1.0,0
2024-03-20 14:00,422.49,1,1.0,0
2024-03-20 15:00,422.49,1,1.0,0
2024-03-20 16:00,422.49,1,1.0,0
2024-03-20 17:00,422.49,1,1.0,0
2024-03-20 18:00,422.49,1,1.0,0
2024-03-20 19:00,422.49,1,1.0,0
2024-03-20 20:00,422.49,1,1.0,0
2024-03-20 21:00,422.49,1,1.0,0
2024-03-20 22:00,422.49,1,1.0,0
2024-03-20 23:00,422.49,1,1.0,0
2024-03-21 00:00,422.49,1,1.0,0
2024-03-21 01:00,422.49,1,1.0,0
2024-03-21 02:00,422.49,1,1.0,0
2024-03-21 03:00,422.49,1,1.0,0
2024-03-21 04:00,422.49,1,1.0,0
2024-03-21 05:00,422.49,1,1.0,0
2024-03-21 06:00,422.49,1,1.0,0
2024-03-21 07:00,422.49,1,1.0,0
2024-03-21 08:00,422.49,1,1.0,0
2024-03-21 09:00,422.49,1,1.0,0
2024-03-21 10:00,422.49,1,1.0,0
2024-03-21 11:00,422.49,1,1.0,0
2024-03-21 12:00,422.49,1,1.0,0
2024-03-21 13:00,422.49,1,1.0,0
2024-03-21 14:00,422.49,1,1.0,0
2024-03-21 15:00,422.49,1,1.0,0
2024-03-21 16:00,422.49,1,1.0,0
2024-03-21 17:00,422.49,1,1.0,0
2024-03-21 18:00,422.49,1,1.0,0
2024-03-21 19:00,422.49,1,1.0,0
2024-03-21 20:00,422.5,1,1.0,0
2024-03-21 21:00,422.5,1,1.0,0
2024-03-21 22:00,422.5,1,1.0,0
2024-03-21 23:00,422.5,1,1.0,0
2024-03-22 00:00,422.5,1,1.0,0
2024-03-22 01:00,422.5,1,1.0,0
2024-03-22 02:00,422.5,1,1.0,0
2024-03-22 03:00,422.5,1,1.0,0
2024-03-22 04:00,422.56,1,1.0,0
2024-03-22 05:00,422.6,1,1.0,0
2024-03-22 06:00,422.65,1,1.0,0
2024-03-22 07:00,422.66,1,1.0,0
2024-03-22 08:00,422.66,1,1.0,0
2024-03-22 09:00,422.67,1,1.0,0
2024-03-22 10:00,422.68,1,1.0,0
2024-03-22 11:00,422.72,1,1.0,0
2024-03-22 12:00,422.73,1,1.0,0
2024-03-22 13:00,422.73,1,1.0,0
2024-03-22 14:00,422.86,1,1.0,0
2024-03-22 15:00,422.9,1,1.0,0
2024-03-22 16:00,422.9,1,1.0,0
2024-03-22 17:00,422.9,1,1.0,0
2024-03-22 18:00,422.9,1,1.0,0
2024-03-22 19:00,422.9,1,1.0,0
2024-03-22 20:00,422.9,1,1.0,0
2024-03-22 21:00,422.91,1,1.0,0
2024-03-22 22:00,422.91,1,1.0,0
2024-03-22 23:00,422.91,1,1.0,0
2024-03-23 00:00,422.91,1,1.0,0
2024-03-23 01:00,422.91,1,1.0,0
2024-03-23 02:00,422.91,1,1.0,0
2024-03-23 03:00,422.91,1,1.0,0
2024-03-23 04:00,422.91,1,1.0,0
2024-03-23 05:00,422.91,1,1.0,0
2024-03-23 06:00,422.91,1,1.0,0
2024-03-23 07:00,422.91,1,1.0,0
2024-03-23 08:00,422.91,1,1.0,0
2024-03-23 09:00,422.91,1,1.0,0
2024-03-23 10:00,422.92,1,1.0,0
2024-03-23 11:00,422.95,1,1.0,0
2024-03-23 12:00,422.98,1,1.0,0
2024-03-23 13:00,422.99,1,1.0,0
2024-03-23 14:00,423.0,1,1.0,0
2024-03-23 15:00,423.0,1,1.0,0
2024-03-23 16:00,423.01,1,1.0,0
2024-03-23 17:00,423.01,1,1.0,0
2024-03-23 18:00,423.01,1,1.0,0
2024-03-23 19:00,423.02,1,1.0,0
2024-03-23 20:00,423.05,1,1.0,0
2024-03-23 21:00,423.09,1,1.0,0
2024-03-23 22:00,423.15,1,1.0,0
2024-03-23 23:00,423.2,1,1.0,0
2024-03-24 00:00,423.28,1,1.0,0
2024-03-24 01:00,423.34,1,1.0,0
2024-03-24 02:00,423.43,1,1.0,0
2024-03-24 03:00,423.62,1,1.0,0
2024-03-24 04:00,423.85,1,1.0,0
2024-03-24 05:00,424.02,1,1.0,0
2024-03-24 06:00,424.16,1,1.0,0
2024-03-24 07:00,424.31,1,1.0,0
2024-03-24 08:00,424.32,1,1.0,0
2024-03-24 09:00,424.32,1,1.0,0
2024-03-24 10:00,424.32,1,1.0,0
2024-03-24 11:00,424.32,1,1.0,0
2024-03-24 12:00,424.33,1,1.0,0
2024-03-24 13:00,424.33,1,1.0,0
2024-03-24 14:00,424.33,1,1.0,0
2024-03-24 15:00,424.33,1,1.0,0
2024-03-24 16:00,424.33,1,1.0,0
2024-03-24 17:00,424.34,1,1.0,0
2024-03-24 18:00,424.34,1,1.0,0
2024-03-24 19:00,424.34,1,1.0,0
2024-03-24 20:00,424.35,1,1.0,0
2024-03-24 21:00,424.35,1,1.0,0
2024-03-24 22:00,424.35,1,1.0,0
2024-03-24 23:00,424.35,1,1.0,0
2024-03-25 00:00,424.35,1,1.0,0
2024-03-25 01:00,424.36,1,1.0,0
2024-03-25 02:00,424.37,1,1.0,0
2024-03-25 03:00,424.38,1,1.0,0
2024-03-25 04:00,424.38,1,1.0,0
2024-03-25 05:00,424.39,1,1.0,0
2024-03-25 06:00,424.39,1,1.0,0
2024-03-25 07:00,424.39,1,1.0,0
2024-03-25 08:00,424.39,1,1.0,0
2024-03-25 09:00,424.39,1,1.0,0
2024-03-25 10:00,424.39,1,1.0,0
2024-03-25 11:00,424.39,1,1.0,0
2024-03-25 12:00,424.39,1,1.0,0
2024-03-25 13:00,424.39,1,1.0,0
2024-03-25 14:00,424.39,1,1.0,0
2024-03-25 15:00,424.39,1,1.0,0
2024-03-25 16:00,424.39,1,1.0,0
2024-03-25 17:00,424.39,1,1.0,0
2024-03-25 18:00,424.39,1,1.0,0
2024-03-25 19:00,424.44,1,1.0,0
2024-03-25 20:00,424.68,1,1.0,0
2024-03-25 21:00,424.68,1,1.0,0
2024-03-25 22:00,424.68,1,1.0,0
2024-03-25 23:00,424.68,1,1.0,0
2024-03-26 00:00,424.68,1,1.0,0
2024-03-26 01:00,424.68,1,1.0,0
2024-03-26 02:00,424.68,1,1.0,0
2024-03-26 03:00,424.73,1,1.0,0
2024-03-26 04:00,424.85,1,1.0,0
2024-03-26 05:00,424.93,1,1.0,0
2024-03-26 06:00,425.41,1,1.0,0
2024-03-26 07:00,425.49,1,1.0,0
2024-03-26 08:00,425.63,1,1.0,0
2024-03-26 09:00,425.73,1,1.0,0
2024-03-26 10:00,425.85,1,1.0,0
2024-03-26 11:00,426.25,1,1.0,0
2024-03-26 12:00,427.38,1,1.0,0
2024-03-26 13:00,427.93,1,1.0,0
2024-03-26 14:00,428.01,1,1.0,0
2024-03-26 15:00,428.22,1,1.0,0
2024-03-26 16:00,428.6,1,1.0,0
2024-03-26 17:00,428.89,1,1.0,0
2024-03-26 18:00,429.02,1,1.0,0
2024-03-26 19:00,429.16,1,1.0,0
2024-03-26 20:00,429.24,1,1.0,0
2024-03-26 21:00,429.33,1,1.0,0
2024-03-26 22:00,429.45,1,1.0,0
2024-03-26 23:00,429.5,1,1.0,0
2024-03-27 00:00,429.52,1,1.0,0
2024-03-27 01:00,429.56,1,1.0,0
2024-03-27 02:00,429.61,1,1.0,0
2024-03-27 03:00,429.67,1,1.0,0
2024-03-27 04:00,429.73,1,1.0,0
2024-03-27 05:00,429.75,1,1.0,0
2024-03-27 06:00,429.76,1,1.0,0
2024-03-27 07:00,429.76,1,1.0,0
2024-03-27 08:00,429.87,1,1.0,0
2024-03-27 09:00,429.87,1,1.0,0
2024-03-27 10:00,429.87,1,1.0,0
2024-03-27 11:00,429.88,1,1.0,0
2024-03-27 12:00,430.37,1,1.0,0
2024-03-27 13:00,431.0,1,1.0,0
2024-03-27 14:00,432.35,1,1.0,0
2024-03-27 15:00,434.23,1,1.0,0
2024-03-27 16:00,436.02,1,1.0,0
2024-03-27 17:00,437.16,1,1.0,0
2024-03-27 18:00,437.91,1,1.0,0
2024-03-27 19:00,438.53,1,1.0,0
2024-03-27 20:00,438.93,1,1.0,0
2024-03-27 21:00,439.15,1,1.0,0
2024-03-27 22:00,439.46,1,1.0,0
2024-03-27 23:00,439.52,1,1.0,0
2024-03-28 00:00,439.57,1,1.0,0
2024-03-28 01:00,439.64,1,1.0,0
2024-03-28 02:00,439.69,1,1.0,0
2024-03-28 03:00,439.73,1,1.0,0
2024-03-28 04:00,439.73,1,1.0,0
2024-03-28 05:00,439.74,1,1.0,0
2024-03-28 06:00,439.74,1,1.0,0
2024-03-28 07:00,439.76,1,1.0,0
2024-03-28 08:00,439.87,1,1.0,0
2024-03-28 09:00,440.12,1,1.0,0
2024-03-28 10:00,440.52,1,1.0,0
2024-03-28 11:00,440.81,1,1.0,0
2024-03-28 12:00,441.34,1,1.0,0
2024-03-28 13:00,441.69,1,1.0,0
2024-03-28 14:00,441.89,1,1.0,0
2024-03-28 15:00,441.95,1,1.0,0
2024-03-28 16:00,441.96,1,1.0,0
2024-03-28 17:00,441.97,1,1.0,0
2024-03-28 18:00,441.99,1,1.0,0
2024-03-28 19:00,442.05,1,1.0,0
2024-03-28 20:00,442.13,1,1.0,0
2024-03-28 21:00,442.18,1,1.0,0
2024-03-28 22:00,442.2,1,1.0,0
2024-03-28 23:00,442.2,1,1.0,0
2024-03-29 00:00,442.2,1,1.0,0
2024-03-29 01:00,442.2,1,1.0,0
2024-03-29 02:00,442.2,1,1.0,0
2024-03-29 03:00,442.2,1,1.0,0
2024-03-29 04:00,442.2,1,1.0,0
2024-03-29 05:00,442.2,1,1.0,0
2024-03-29 06:00,442.2,1,1.0,0
2024-03-29 07:00,442.2,1,1.0,0
2024-03-29 08:00,442.2,1,1.0,0
2024-03-29 09:00,442.2,1,1.0,0
2024-03-29 10:00,442.2,1,1.0,0
2024-03-29 11:00,442.2,1,1.0,0
2024-03-29 12:00,442.2,1,1.0,0
2024-03-29 13:00,442.2,1,1.0,0
2024-03-29 14:00,442.2,1,1.0,0
2024-03-29 15:00,442.2,1,1.0,0
2024-03-29 16:00,442.2,1,1.0,0
2024-03-29 17:00,442.2,1,1.0,0
2024-03-29 18:00,442.2,1,1.0,0
2024-03-29 19:00,442.2,1,1.0,0
2024-03-29 20:00,442.2,1,1.0,0
2024-03-29 21:00,442.2,1,1.0,0
2024-03-29 22:00,442.2,1,1.0,0
2024-03-29 23:00,442.2,1,1.0,0
2024-03-30 00:00,442.2,1,1.0,0
2024-03-30 01:00,442.2,1,1.0,0
2024-03-30 02:00,442.2,1,1.0,0
2024-03-30 03:00,442.2,1,1.0,0
2024-03-30 04:00,442.2,1,1.0,0
2024-03-30 05:00,442.2,1,1.0,0
2024-03-30 06:00,442.2,1,1.0,0
2024-03-30 07:00,442.2,1,1.0,0
2024-03-30 08:00,442.2,1,1.0,0
2024-03-30 09:00,442.2,1,1.0,0
2024-03-30 10:00,442.2,1,1.0,0
2024-03-30 11:00,442.2,1,1.0,0
2024-03-30 12:00,442.2,1,1.0,0
2024-03-30 13:00,442.2,1,1.0,0
2024-03-30 14:00,442.2,1,1.0,0
2024-03-30 15:00,442.2,1,1.0,0
2024-03-30 16:00,442.2,1,1.0,0
2024-03-30 17:00,442.2,1,1.0,0
2024-03-30 18:00,442.2,1,1.0,0
2024-03-30 19:00,442.2,1,1.0,0
2024-03-30 20:00,442.2,1,1.0,0
2024-03-30 21:00,442.2,1,1.0,0
2024-03-30 22:00,442.21,1,1.0,0
2024-03-30 23:00,442.21,1,1.0,0
2024-03-31 00:00,442.21,1,1.0,0
2024-03-31 01:00,442.21,1,1.0,0
2024-03-31 02:00,442.21,1,1.0,0
2024-03-31 03:00,442.21,1,1.0,0
2024-03-31 04:00,442.21,1,1.0,0
2024-03-31 05:00,442.21,1,1.0,0
2024-03-31 06:00,442.21,1,1.0,0
2024-03-31 07:00,442.21,1,1.0,0
2024-03-31 08:00,442.21,1,1.0,0
2024-03-31 09:00,442.21,1,1.0,0
2024-03-31 10:00,442.21,1,1.0,0
2024-03-31 11:00,442.21,1,1.0,0
2024-03-31 12:00,442.21,1,1.0,0
2024-03-31 13:00,442.21,1,1.0,0
2024-03-31 14:00,442.21,1,1.0,0
2024-03-31 15:00,442.21,1,1.0,0
2024-03-31 16:00,442.21,1,1.0,0
2024-03-31 17:00,442.21,1,1.0,0
2024-03-31 18:00,442.21,1,1.0,0
2024-03-31 19:00,442.21,1,1.0,0
2024-03-31 20:00,442.21,1,1.0,0
2024-03-31 21:00,442.21,1,1.0,0
2024-03-31 22:00,442.21,1,1.0,0
2024-03-31 23:00,442.21,1,1.0,0
2024-04-01 00:00,442.21,1,1.0,0
2024-04-01 01:00,442.21,1,1.0,0
2024-04-01 02:00,442.21,1,1.0,0
2024-04-01 03:00,442.21,1,1.0,0
2024-04-01 04:00,442.21,1,1.0,0
2024-04-01 05:00,442.21,1,1.0,0
2024-04-01 06:00,442.21,1,1.0,0
2024-04-01 07:00,442.21,1,1.0,0
2024-04-01 08:00,442.21,1,1.0,0
2024-04-01 09:00,442.21,1,1.0,0
2024-04-01 10:00,442.21,1,1.0,0
2024-04-01 11:00,442.21,1,1.0,0
2024-04-01 12:00,442.21,1,1.0,0
2024-04-01 13:00,442.21,1,1.0,0
2024-04-01 14:00,442.21,1,1.0,0
2024-04-01 15:00,442.21,1,1.0,0
2024-04-01 16:00,442.21,1,1.0,0
2024-04-01 17:00,442.21,1,1.0,0
2024-04-01 18:00,442.4,1,1.0,0
2024-04-01 19:00,443.62,1,1.0,0
2024-04-01 20:00,444.22,1,1.0,0
2024-04-01 21:00,444.36,1,1.0,0
2024-04-01 22:00,444.36,1,1.0,0
2024-04-01 23:00,444.37,1,1.0,0
2024-04-02 00:00,444.47,1,1.0,0
2024-04-02 01:00,444.69,1,1.0,0
2024-04-02 02:00,444.93,1,1.0,0
2024-04-02 03:00,445.13,1,1.0,0
2024-04-02 04:00,445.22,1,1.0,0
2024-04-02 05:00,445.23,1,1.0,0
2024-04-02 06:00,445.23,1,1.0,0
2024-04-02 07:00,445.23,1,1.0,0
2024-04-02 08:00,445.24,1,1.0,0
2024-04-02 09:00,445.3,1,1.0,0
2024-04-02 10:00,445.41,1,1.0,0
2024-04-02 11:00,445.55,1,1.0,0
2024-04-02 12:00,445.61,1,1.0,0
2024-04-02 13:00,445.62,1,1.0,0
2024-04-02 14:00,445.63,1,1.0,0
2024-04-02 15:00,445.63,1,1.0,0
2024-04-02 16:00,445.63,1,1.0,0
2024-04-02 17:00,445.63,1,1.0,0
2024-04-02 18:00,445.63,1,1.0,0
2024-04-02 19:00,445.65,1,1.0,0
2024-04-02 20:00,445.67,1,1.0,0
2024-04-02 21:00,445.68,1,1.0,0
2024-04-02 22:00,445.68,1,1.0,0
2024-04-02 23:00,445.69,1,1.0,0
2024-04-03 00:00,445.69,1,1.0,0
2024-04-03 01:00,445.69,1,1.0,0
2024-04-03 02:00,445.69,1,1.0,0
2024-04-03 03:00,445.69,1,1.0,0
2024-04-03 04:00,445.69,1,1.0,0
2024-04-03 05:00,445.69,1,1.0,0
2024-04-03 06:00,445.7,1,1.0,0
2024-04-03 07:00,445.71,1,1.0,0
2024-04-03 08:00,445.73,1,1.0,0
2024-04-03 09:00,445.76,1,1.0,0
2024-04-03 10:00,445.79,1,1.0,0
2024-04-03 11:00,445.79,1,1.0,0
2024-04-03 12:00,445.79,1,1.0,0
2024-04-03 13:00,445.79,1,1.0,0
2024-04-03 14:00,445.79,1,1.0,0
2024-04-03 15:00,445.79,1,1.0,0
2024-04-03 16:00,445.8,1,1.0,0
2024-04-03 17:00,445.8,1,1.0,0
2024-04-03 18:00,445.8,1,1.0,0
2024-04-03 19:00,445.8,1,1.0,0
2024-04-03 20:00,445.8,1,1.0,0
2024-04-03 21:00,445.8,1,1.0,0
2024-04-03 22:00,445.81,1,1.0,0
2024-04-03 23:00,445.82,1,1.0,0
2024-04-04 00:00,445.82,1,1.0,0
2024-04-04 01:00,445.82,1,1.0,0
2024-04-04 02:00,445.82,1,1.0,0
2024-04-04 03:00,445.83,1,1.0,0
2024-04-04 04:00,445.83,1,1.0,0
2024-04-04 05:00,445.83,1,1.0,0
2024-04-04 06:00,445.83,1,1.0,0
2024-04-04 07:00,445.83,1,1.0,0
2024-04-04 08:00,445.84,1,1.0,0
2024-04-04 09:00,445.84,1,1.0,0
2024-04-04 10:00,445.84,1,1.0,0
2024-04-04 11:00,445.84,1,1.0,0
2024-04-04 12:00,445.84,1,1.0,0
2024-04-04 13:00,445.84,1,1.0,0
2024-04-04 14:00,445.84,1,1.0,0
2024-04-04 15:00,445.84,1,1.0,0
2024-04-04 16:00,445.84,1,1.0,0
2024-04-04 17:00,445.84,1,1.0,0
2024-04-04 18:00,445.84,1,1.0,0
2024-04-04 19:00,445.84,1,1.0,0
2024-04-04 20:00,445.84,1,1.0,0
2024-04-04 21:00,445.84,1,1.0,0
2024-04-04 22:00,445.84,1,1.0,0
2024-04-04 23:00,445.84,1,1.0,0
2024-04-05 00:00,445.84,1,1.0,0
2024-04-05 01:00,445.84,1,1.0,0
2024-04-05 02:00,445.84,1,1.0,0
2024-04-05 03:00,445.84,1,1.0,0
2024-04-05 04:00,445.84,1,1.0,0
2024-04-05 05:00,445.84,1,1.0,0
2024-04-05 06:00,445.84,1,1.0,0
2024-04-05 07:00,445.84,1,1.0,0
2024-04-05 08:00,445.84,1,1.0,0
2024-04-05 09:00,445.84,1,1.0,0
2024-04-05 10:00,445.84,1,1.0,0
2024-04-05 11:00,445.84,1,1.0,0
2024-04-05 12:00,445.84,1,1.0,0
2024-04-05 13:00,445.84,1,1.0,0
2024-04-05 14:00,445.84,1,1.0,0
2024-04-05 15:00,445.84,1,1.0,0
2024-04-05 16:00,445.84,1,1.0,0
2024-04-05 17:00,445.84,1,1.0,0
2024-04-05 18:00,445.84,1,1.0,0
2024-04-05 19:00,445.84,1,1.0,0
2024-04-05 20:00,445.84,1,1.0,0
2024-04-05 21:00,445.84,1,1.0,0
2024-04-05 22:00,445.84,1,1.0,0
2024-04-05 23:00,445.84,1,1.0,0
2024-04-06 00:00,445.84,1,1.0,0
2024-04-06 01:00,445.84,1,1.0,0
2024-04-06 02:00,445.84,1,1.0,0
2024-04-06 03:00,445.84,1,1.0,0
2024-04-06 04:00,445.84,1,1.0,0
2024-04-06 05:00,445.84,1,1.0,0
2024-04-06 06:00,445.84,1,1.0,0
2024-04-06 07:00,445.84,1,1.0,0
2024-04-06 08:00,445.84,1,1.0,0
2024-04-06 09:00,445.84,1,1.0,0
2024-04-06 10:00,445.84,1,1.0,0
2024-04-06 11:00,445.84,1,1.0,0
2024-04-06 12:00,445.84,1,1.0,0
2024-04-06 13:00,445.84,1,1.0,0
2024-04-06 14:00,445.84,1,1.0,0
2024-04-06 15:00,445.84,1,1.0,0
2024-04-06 16:00,445.84,1,1.0,0
2024-04-06 17:00,445.84,1,1.0,0
2024-04-06 18:00,445.84,1,1.0,0
2024-04-06 19:00,445.84,1,1.0,0
2024-04-06 20:00,445.84,1,1.0,0
2024-04-06 21:00,445.84,1,1.0,0
2024-04-06 22:00,445.84,1,1.0,0
2024-04-06 23:00,445.84,1,1.0,0
2024-04-07 00:00,445.84,1,1.0,0
2024-04-07 01:00,445.84,1,1.0,0
2024-04-07 02:00,445.84,1,1.0,0
2024-04-07 03:00,445.84,1,1.0,0
2024-04-07 04:00,445.84,1,1.0,0
2024-04-07 05:00,445.84,1,1.0,0
2024-04-07 06:00,445.84,1,1.0,0
2024-04-07 07:00,445.84,1,1.0,0
2024-04-07 08:00,445.84,1,1.0,0
2024-04-07 09:00,445.84,1,1.0,0
2024-04-07 10:00,445.84,1,1.0,0
2024-04-07 11:00,445.84,1,1.0,0
2024-04-07 12:00,445.84,1,1.0,0
2024-04-07 13:00,445.84,1,1.0,0
2024-04-07 14:00,445.84,1,1.0,0
2024-04-07 15:00,445.84,1,1.0,0
2024-04-07 16:00,445.84,1,1.0,0
2024-04-07 17:00,445.84,1,1.0,0
2024-04-07 18:00,445.84,1,1.0,0
2024-04-07 19:00,445.84,1,1.0,0
2024-04-07 20:00,445.84,1,1.0,0
2024-04-07 21:00,445.84,1,1.0,0
2024-04-07 22:00,445.84,1,1.0,0
2024-04-07 23:00,445.84,1,1.0,0
2024-04-08 00:00,445.84,1,1.0,0
2024-04-08 01:00,445.84,1,1.0,0
2024-04-08 02:00,445.84,1,1.0,0
2024-04-08 03:00,445.84,1,1.0,0
2024-04-08 04:00,445.84,1,1.0,0
2024-04-08 05:00,445.84,1,1.0,0
2024-04-08 06:00,445.84,1,1.0,0
2024-04-08 07:00,445.84,1,1.0,0
2024-04-08 08:00,445.84,1,1.0,0
2024-04-08 09:00,445.84,1,1.0,0
2024-04-08 10:00,445.84,1,1.0,0
2024-04-08 11:00,445.84,1,1.0,0
2024-04-08 12:00,445.84,1,1.0,0
2024-04-08 13:00,445.84,1,1.0,0
2024-04-08 14:00,445.84,1,1.0,0
2024-04-08 15:00,445.84,1,1.0,0
2024-04-08 16:00,445.84,1,1.0,0
2024-04-08 17:00,445.84,1,1.0,0
2024-04-08 18:00,445.84,1,1.0,0
2024-04-08 19:00,445.84,1,1.0,0
2024-04-08 20:00,445.84,1,1.0,0
2024-04-08 21:00,445.84,1,1.0,0
2024-04-08 22:00,445.84,1,1.0,0
2024-04-08 23:00,445.84,1,1.0,0
2024-04-09 00:00,445.84,1,1.0,0
2024-04-09 01:00,445.84,1,1.0,0
2024-04-09 02:00,445.84,1,1.0,0
2024-04-09 03:00,445.84,1,1.0,0
2024-04-09 04:00,445.84,1,1.0,0
2024-04-09 05:00,445.84,1,1.0,0
2024-04-09 06:00,445.84,1,1.0,0
2024-04-09 07:00,445.84,1,1.0,0
2024-04-09 08:00,445.84,1,1.0,0
2024-04-09 09:00,445.84,1,1.0,0
2024-04-09 10:00,445.84,1,1.0,0
2024-04-09 11:00,445.84,1,1.0,0
2024-04-09 12:00,445.84,1,1.0,0
2024-04-09 13:00,445.84,1,1.0,0
2024-04-09 14:00,445.84,1,1.0,0
2024-04-09 15:00,445.84,1,1.0,0
2024-04-09 16:00,445.84,1,1.0,0
2024-04-09 17:00,445.84,1,1.0,0
2024-04-09 18:00,445.84,1,1.0,0
2024-04-09 19:00,445.84,1,1.0,0
2024-04-09 20:00,445.84,1,1.0,0
2024-04-09 21:00,445.84,1,1.0,0
2024-04-09 22:00,445.84,1,1.0,0
2024-04-09 23:00,445.84,1,1.0,0
2024-04-10 00:00,445.84,1,1.0,0
2024-04-10 01:00,445.84,1,1.0,0
2024-04-10 02:00,445.87,1,1.0,0
2024-04-10 03:00,445.92,1,1.0,0
2024-04-10 04:00,446.06,1,1.0,0
2024-04-10 05:00,446.29,1,1.0,0
2024-04-10 06:00,446.53,1,1.0,0
2024-04-10 07:00,446.73,1,1.0,0
2024-04-10 08:00,446.87,1,1.0,0
2024-04-10 09:00,446.94,1,1.0,0
2024-04-10 10:00,446.96,1,1.0,0
2024-04-10 11:00,446.96,1,1.0,0
2024-04-10 12:00,446.96,1,1.0,0
2024-04-10 13:00,446.96,1,1.0,0
2024-04-10 14:00,446.96,1,1.0,0
2024-04-10 15:00,446.96,1,1.0,0
2024-04-10 16:00,446.96,1,1.0,0
2024-04-10 17:00,446.96,1,1.0,0
2024-04-10 18:00,446.96,1,1.0,0
2024-04-10 19:00,446.96,1,1.0,0
2024-04-10 20:00,446.96,1,1.0,0
2024-04-10 21:00,446.96,1,1.0,0
2024-04-10 22:00,446.96,1,1.0,0
2024-04-10 23:00,446.96,1,1.0,0
2024-04-11 00:00,446.96,1,1.0,0
2024-04-11 01:00,446.96,1,1.0,0
2024-04-11 02:00,446.96,1,1.0,0
2024-04-11 03:00,446.96,1,1.0,0
2024-04-11 04:00,446.96,1,1.0,0
2024-04-11 05:00,446.96,1,1.0,0
2024-04-11 06:00,446.96,1,1.0,0
2024-04-11 07:00,446.96,1,1.0,0
2024-04-11 08:00,446.96,1,1.0,0
2024-04-11 09:00,446.96,1,1.0,0
2024-04-11 10:00,446.96,1,1.0,0
2024-04-11 11:00,446.96,1,1.0,0
2024-04-11 12:00,446.96,1,1.0,0
2024-04-11 13:00,446.97,1,1.0,0
2024-04-11 14:00,447.01,1,1.0,0
2024-04-11 15:00,447.02,1,1.0,0
2024-04-11 16:00,447.02,1,1.0,0
2024-04-11 17:00,447.02,1,1.0,0
2024-04-11 18:00,447.02,1,1.0,0
2024-04-11 19:00,447.02,1,1.0,0
2024-04-11 20:00,447.02,1,1.0,0
2024-04-11 21:00,447.02,1,1.0,0
2024-04-11 22:00,447.02,1,1.0,0
2024-04-11 23:00,447.02,1,1.0,0
2024-04-12 00:00,447.02,1,1.0,0
2024-04-12 01:00,447.02,1,1.0,0
2024-04-12 02:00,447.02,1,1.0,0
2024-04-12 03:00,447.02,1,1.0,0
2024-04-12 04:00,447.02,1,1.0,0
2024-04-12 05:00,447.02,1,1.0,0
2024-04-12 06:00,447.02,1,1.0,0
2024-04-12 07:00,447.02,1,1.0,0
2024-04-12 08:00,447.02,1,1.0,0
2024-04-12 09:00,447.02,1,1.0,0
2024-04-12 10:00,447.02,1,1.0,0
2024-04-12 11:00,447.02,1,1.0,0
2024-04-12 12:00,447.02,1,1.0,0
2024-04-12 13:00,447.02,1,1.0,0
2024-04-12 14:00,447.02,1,1.0,0
2024-04-12 15:00,447.03,1,1.0,0
2024-04-12 16:00,447.03,1,1.0,0
2024-04-12 17:00,447.03,1,1.0,0
2024-04-12 18:00,447.03,1,1.0,0
2024-04-12 19:00,447.03,1,1.0,0
2024-04-12 20:00,447.03,1,1.0,0
2024-04-12 21:00,447.03,1,1.0,0
2024-04-12 22:00,447.03,1,1.0,0
2024-04-12 23:00,447.03,1,1.0,0
2024-04-13 00:00,447.03,1,1.0,0
2024-04-13 01:00,447.03,1,1.0,0
2024-04-13 02:00,447.03,1,1.0,0
2024-04-13 03:00,447.03,1,1.0,0
2024-04-13 04:00,447.03,1,1.0,0
2024-04-13 05:00,447.03,1,1.0,0
2024-04-13 06:00,447.03,1,1.0,0
2024-04-13 07:00,447.03,1,1.0,0
2024-04-13 08:00,447.03,1,1.0,0
2024-04-13 09:00,447.03,1,1.0,0
2024-04-13 10:00,447.03,1,1.0,0
2024-04-13 11:00,447.03,1,1.0,0
2024-04-13 12:00,447.03,1,1.0,0
2024-04-13 13:00,447.03,1,1.0,0
2024-04-13 14:00,447.03,1,1.0,0
2024-04-13 15:00,447.03,1,1.0,0
2024-04-13 16:00,447.03,1,1.0,0
2024-04-13 17:00,447.03,1,1.0,0
2024-04-13 18:00,447.03,1,1.0,0
2024-04-13 19:00,447.03,1,1.0,0
2024-04-13 20:00,447.03,1,1.0,0
2024-04-13 21:00,447.03,1,1.0,0
2024-04-13 22:00,447.03,1,1.0,0
2024-04-13 23:00,447.03,1,1.0,0
2024-04-14 00:00,447.03,1,1.0,0
2024-04-14 01:00,447.03,1,1.0,0
2024-04-14 02:00,447.03,1,1.0,0
2024-04-14 03:00,447.03,1,1.0,0
2024-04-14 04:00,447.03,1,1.0,0
2024-04-14 05:00,447.03,1,1.0,0
2024-04-14 06:00,447.03,1,1.0,0
2024-04-14 07:00,447.03,1,1.0,0
2024-04-14 08:00,447.03,1,1.0,0
2024-04-14 09:00,447.03,1,1.0,0
2024-04-14 10:00,447.03,1,1.0,0
2024-04-14 11:00,447.03,1,1.0,0
2024-04-14 12:00,447.03,1,1.0,0
2024-04-14 13:00,447.03,1,1.0,0
2024-04-14 14:00,447.03,1,1.0,0
2024-04-14 15:00,447.03,1,1.0,0
2024-04-14 16:00,447.03,1,1.0,0
2024-04-14 17:00,447.03,1,1.0,0
2024-04-14 18:00,447.03,1,1.0,0
2024-04-14 19:00,447.03,1,1.0,0
2024-04-14 20:00,447.03,1,1.0,0
2024-04-14 21:00,447.03,1,1.0,0
2024-04-14 22:00,447.03,1,1.0,0
2024-04-14 23:00,447.03,1,1.0,0
2024-04-15 00:00,447.03,1,1.0,0
2024-04-15 01:00,447.03,1,1.0,0
2024-04-15 02:00,447.03,1,1.0,0
2024-04-15 03:00,447.03,1,1.0,0
2024-04-15 04:00,447.03,1,1.0,0
2024-04-15 05:00,447.03,1,1.0,0
2024-04-15 06:00,447.03,1,1.0,0
2024-04-15 07:00,447.07,1,1.0,0
2024-04-15 08:00,447.09,1,1.0,0
2024-04-15 09:00,447.1,1,1.0,0
2024-04-15 10:00,447.1,1,1.0,0
2024-04-15 11:00,447.1,1,1.0,0
2024-04-15 12:00,447.1,1,1.0,0
2024-04-15 13:00,447.1,1,1.0,0
2024-04-15 14:00,447.1,1,1.0,0
2024-04-15 15:00,447.1,1,1.0,0
2024-04-15 16:00,447.1,1,1.0,0
2024-04-15 17:00,447.1,1,1.0,0
2024-04-15 18:00,447.1,1,1.0,0
2024-04-15 19:00,447.1,1,1.0,0
2024-04-15 20:00,447.1,1,1.0,0
2024-04-15 21:00,447.1,1,1.0,0
2024-04-15 22:00,447.1,1,1.0,0
2024-04-15 23:00,447.1,1,1.0,0
2024-04-16 00:00,447.1,1,1.0,0
2024-04-16 01:00,447.1,1,1.0,0
2024-04-16 02:00,447.1,1,1.0,0
2024-04-16 03:00,447.1,1,1.0,0
2024-04-16 04:00,447.1,1,1.0,0
2024-04-16 05:00,447.1,1,1.0,0
2024-04-16 06:00,447.1,1,1.0,0
2024-04-16 07:00,447.1,1,1.0,0
2024-04-16 08:00,447.1,1,1.0,0
2024-04-16 09:00,447.1,1,1.0,0
2024-04-16 10:00,447.1,1,1.0,0
2024-04-16 11:00,447.1,1,1.0,0
2024-04-16 12:00,447.1,1,1.0,0
2024-04-16 13:00,447.11,1,1.0,0
2024-04-16 14:00,447.17,1,1.0,0
2024-04-16 15:00,447.31,1,1.0,0
2024-04-16 16:00,447.6,1,1.0,0
2024-04-16 17:00,447.9,1,1.0,0
2024-04-16 18:00,448.36,1,1.0,0
2024-04-16 19:00,448.79,1,1.0,0
2024-04-16 20:00,449.26,1,1.0,0
2024-04-16 21:00,449.83,1,1.0,0
2024-04-16 22:00,450.54,1,1.0,0
2024-04-16 23:00,450.94,1,1.0,0
2024-04-17 00:00,451.09,1,1.0,0
2024-04-17 01:00,451.13,1,1.0,0
2024-04-17 02:00,451.14,1,1.0,0
2024-04-17 03:00,451.15,1,1.0,0
2024-04-17 04:00,451.19,1,1.0,0
2024-04-17 05:00,451.26,1,1.0,0
2024-04-17 06:00,451.3,1,1.0,0
2024-04-17 07:00,451.44,1,1.0,0
2024-04-17 08:00,451.54,1,1.0,0
2024-04-17 09:00,451.69,1,1.0,0
2024-04-17 10:00,451.82,1,1.0,0
2024-04-17 11:00,451.9,1,1.0,0
2024-04-17 12:00,452.02,1,1.0,0
2024-04-17 13:00,452.11,1,1.0,0
2024-04-17 14:00,452.26,1,1.0,0
2024-04-17 15:00,452.52,1,1.0,0
2024-04-17 16:00,453.4,1,1.0,0
2024-04-17 17:00,453.96,1,1.0,0
2024-04-17 18:00,454.03,1,1.0,0
2024-04-17 19:00,454.43,1,1.0,0
2024-04-17 20:00,454.46,1,1.0,0
2024-04-17 21:00,454.46,1,1.0,0
2024-04-17 22:00,454.46,1,1.0,0
2024-04-17 23:00,454.46,1,1.0,0
2024-04-18 00:00,454.46,1,1.0,0
2024-04-18 01:00,454.46,1,1.0,0
2024-04-18 02:00,454.46,1,1.0,0
2024-04-18 03:00,454.46,1,1.0,0
2024-04-18 04:00,454.46,1,1.0,0
2024-04-18 05:00,454.46,1,1.0,0
2024-04-18 06:00,454.47,1,1.0,0
2024-04-18 07:00,454.53,1,1.0,0
2024-04-18 08:00,454.83,1,1.0,0
2024-04-18 09:00,455.48,1,1.0,0
2024-04-18 10:00,455.78,1,1.0,0
2024-04-18 11:00,456.34,1,1.0,0
2024-04-18 12:00,456.42,1,1.0,0
2024-04-18 13:00,456.65,1,1.0,0
2024-04-18 14:00,456.9,1,1.0,0
2024-04-18 15:00,457.07,1,1.0,0
2024-04-18 16:00,457.62,1,1.0,0
2024-04-18 17:00,457.7,1,1.0,0
2024-04-18 18:00,457.81,1,1.0,0
2024-04-18 19:00,457.88,1,1.0,0
2024-04-18 20:00,457.94,1,1.0,0
2024-04-18 21:00,458.03,1,1.0,0
2024-04-18 22:00,458.57,1,1.0,0
2024-04-18 23:00,459.42,1,1.0,0
2024-04-19 00:00,460.28,1,1.0,0
2024-04-19 01:00,461.17,1,1.0,0
2024-04-19 02:00,462.19,1,1.0,0
2024-04-19 03:00,464.02,1,1.0,0
2024-04-19 04:00,465.34,1,1.0,0
2024-04-19 05:00,465.63,1,1.0,0
2024-04-19 06:00,465.64,1,1.0,0
2024-04-19 07:00,465.67,1,1.0,0
2024-04-19 08:00,465.82,1,1.0,0
2024-04-19 09:00,466.0,1,1.0,0
2024-04-19 10:00,466.17,1,1.0,0
2024-04-19 11:00,466.3,1,1.0,0
2024-04-19 12:00,466.34,1,1.0,0
2024-04-19 13:00,466.35,1,1.0,0
2024-04-19 14:00,466.35,1,1.0,0
2024-04-19 15:00,466.35,1,1.0,0
2024-04-19 16:00,466.35,1,1.0,0
2024-04-19 17:00,466.35,1,1.0,0
2024-04-19 18:00,466.35,1,1.0,0
2024-04-19 19:00,466.35,1,1.0,0
2024-04-19 20:00,466.35,1,1.0,0
2024-04-19 21:00,466.35,1,1.0,0
2024-04-19 22:00,466.35,1,1.0,0
2024-04-19 23:00,466.35,1,1.0,0
2024-04-20 00:00,466.35,1,1.0,0
2024-04-20 01:00,466.35,1,1.0,0
2024-04-20 02:00,466.35,1,1.0,0
2024-04-20 03:00,466.35,1,1.0,0
2024-04-20 04:00,466.35,1,1.0,0
2024-04-20 05:00,466.35,1,1.0,0
2024-04-20 06:00,466.35,1,1.0,0
2024-04-20 07:00,466.35,1,1.0,0
2024-04-20 08:00,466.36,1,1.0,0
2024-04-20 09:00,466.47,1,1.0,0
2024-04-20 10:00,466.64,1,1.0,0
2024-04-20 11:00,466.85,1,1.0,0
2024-04-20 12:00,467.04,1,1.0,0
2024-04-20 13:00,467.09,1,1.0,0
2024-04-20 14:00,467.23,1,1.0,0
2024-04-20 15:00,467.34,1,1.0,0
2024-04-20 16:00,467.39,1,1.0,0
2024-04-20 17:00,467.59,1,1.0,0
2024-04-20 18:00,468.1,1,1.0,0
2024-04-20 19:00,469.24,1,1.0,0
2024-04-20 20:00,470.54,1,1.0,0
2024-04-20 21:00,472.54,1,1.0,0
2024-04-20 22:00,473.58,1,1.0,0
2024-04-20 23:00,473.78,1,1.0,0
2024-04-21 00:00,473.87,1,1.0,0
2024-04-21 01:00,473.89,1,1.0,0
2024-04-21 02:00,473.9,1,1.0,0
2024-04-21 03:00,473.92,1,1.0,0
2024-04-21 04:00,473.97,1,1.0,0
2024-04-21 05:00,474.01,1,1.0,0
2024-04-21 06:00,474.03,1,1.0,0
2024-04-21 07:00,474.03,1,1.0,0
2024-04-21 08:00,474.03,1,1.0,0
2024-04-21 09:00,474.03,1,1.0,0
2024-04-21 10:00,474.03,1,1.0,0
2024-04-21 11:00,474.04,1,1.0,0
2024-04-21 12:00,474.05,1,1.0,0
2024-04-21 13:00,474.05,1,1.0,0
2024-04-21 14:00,474.05,1,1.0,0
2024-04-21 15:00,474.05,1,1.0,0
2024-04-21 16:00,474.05,1,1.0,0
2024-04-21 17:00,474.05,1,1.0,0
2024-04-21 18:00,474.05,1,1.0,0
2024-04-21 19:00,474.05,1,1.0,0
2024-04-21 20:00,474.05,1,1.0,0
2024-04-21 21:00,474.05,1,1.0,0
2024-04-21 22:00,474.05,1,1.0,0
2024-04-21 23:00,474.05,1,1.0,0
2024-04-22 00:00,474.05,1,1.0,0
2024-04-22 01:00,474.05,1,1.0,0
2024-04-22 02:00,474.05,1,1.0,0
2024-04-22 03:00,474.05,1,1.0,0
2024-04-22 04:00,474.06,1,1.0,0
2024-04-22 05:00,474.08,1,1.0,0
2024-04-22 06:00,474.12,1,1.0,0
2024-04-22 07:00,474.12,1,1.0,0
2024-04-22 08:00,474.12,1,1.0,0
2024-04-22 09:00,474.12,1,1.0,0
2024-04-22 10:00,474.12,1,1.0,0
2024-04-22 11:00,474.12,1,1.0,0
2024-04-22 12:00,474.12,1,1.0,0
2024-04-22 13:00,474.12,1,1.0,0
2024-04-22 14:00,474.12,1,1.0,0
2024-04-22 15:00,474.12,1,1.0,0
2024-04-22 16:00,474.12,1,1.0,0
2024-04-22 17:00,474.12,1,1.0,0
2024-04-22 18:00,474.12,1,1.0,0
2024-04-22 19:00,474.12,1,1.0,0
2024-04-22 20:00,474.12,1,1.0,0
2024-04-22 21:00,474.12,1,1.0,0
2024-04-22 22:00,474.12,1,1.0,0
2024-04-22 23:00,474.12,1,1.0,0
2024-04-23 00:00,474.12,1,1.0,0
2024-04-23 01:00,474.12,1,1.0,0
2024-04-23 02:00,474.12,1,1.0,0
2024-04-23 03:00,474.12,1,1.0,0
2024-04-23 04:00,474.13,1,1.0,0
2024-04-23 05:00,474.13,1,1.0,0
2024-04-23 06:00,474.13,1,1.0,0
2024-04-23 07:00,474.14,1,1.0,0
2024-04-23 08:00,474.14,1,1.0,0
2024-04-23 09:00,474.17,1,1.0,0
2024-04-23 10:00,474.22,1,1.0,0
2024-04-23 11:00,474.24,1,1.0,0
2024-04-23 12:00,474.24,1,1.0,0
2024-04-23 13:00,474.24,1,1.0,0
2024-04-23 14:00,474.24,1,1.0,0
2024-04-23 15:00,474.24,1,1.0,0
2024-04-23 16:00,474.24,1,1.0,0
2024-04-23 17:00,474.24,1,1.0,0
2024-04-23 18:00,474.25,1,1.0,0
2024-04-23 19:00,474.29,1,1.0,0
2024-04-23 20:00,474.34,1,1.0,0
2024-04-23 21:00,474.38,1,1.0,0
2024-04-23 22:00,474.4,1,1.0,0
2024-04-23 23:00,474.41,1,1.0,0
2024-04-24 00:00,474.43,1,1.0,0
2024-04-24 01:00,474.46,1,1.0,0
2024-04-24 02:00,474.57,1,1.0,0
2024-04-24 03:00,474.91,1,1.0,0
2024-04-24 04:00,475.07,1,1.0,0
2024-04-24 05:00,476.41,1,1.0,0
2024-04-24 06:00,477.05,1,1.0,0
2024-04-24 07:00,477.86,1,1.0,0
2024-04-24 08:00,478.03,1,1.0,0
2024-04-24 09:00,478.21,1,1.0,0
2024-04-24 10:00,478.41,1,1.0,0
2024-04-24 11:00,478.52,1,1.0,0
2024-04-24 12:00,478.61,1,1.0,0
2024-04-24 13:00,478.67,1,1.0,0
2024-04-24 14:00,478.83,1,1.0,0
2024-04-24 15:00,478.96,1,1.0,0
2024-04-24 16:00,479.64,1,1.0,0
2024-04-24 17:00,479.74,1,1.0,0
2024-04-24 18:00,480.48,1,1.0,0
2024-04-24 19:00,480.69,1,1.0,0
2024-04-24 20:00,480.99,1,1.0,0
2024-04-24 21:00,481.03,1,1.0,0
2024-04-24 22:00,481.04,1,1.0,0
2024-04-24 23:00,481.05,1,1.0,0
2024-04-25 00:00,481.05,1,1.0,0
2024-04-25 01:00,481.05,1,1.0,0
2024-04-25 02:00,481.05,1,1.0,0
2024-04-25 03:00,481.05,1,1.0,0
2024-04-25 04:00,481.06,1,1.0,0
2024-04-25 05:00,481.07,1,1.0,0
2024-04-25 06:00,481.09,1,1.0,0
2024-04-25 07:00,481.17,1,1.0,0
2024-04-25 08:00,481.27,1,1.0,0
2024-04-25 09:00,481.41,1,1.0,0
2024-04-25 10:00,481.57,1,1.0,0
2024-04-25 11:00,481.68,1,1.0,0
2024-04-25 12:00,481.91,1,1.0,0
2024-04-25 13:00,482.02,1,1.0,0
2024-04-25 14:00,482.15,1,1.0,0
2024-04-25 15:00,482.37,1,1.0,0
2024-04-25 16:00,482.58,1,1.0,0
2024-04-25 17:00,482.65,1,1.0,0
2024-04-25 18:00,482.68,1,1.0,0
2024-04-25 19:00,482.75,1,1.0,0
2024-04-25 20:00,482.81,1,1.0,0
2024-04-25 21:00,482.85,1,1.0,0
2024-04-25 22:00,482.87,1,1.0,0
2024-04-25 23:00,482.88,1,1.0,0
2024-04-26 00:00,482.9,1,1.0,0
2024-04-26 01:00,482.92,1,1.0,0
2024-04-26 02:00,482.92,1,1.0,0
2024-04-26 03:00,482.94,1,1.0,0
2024-04-26 04:00,482.96,1,1.0,0
2024-04-26 05:00,482.99,1,1.0,0
2024-04-26 06:00,483.1,1,1.0,0
2024-04-26 07:00,483.31,1,1.0,0
2024-04-26 08:00,483.62,1,1.0,0
2024-04-26 09:00,483.88,1,1.0,0
2024-04-26 10:00,484.03,1,1.0,0
2024-04-26 11:00,484.12,1,1.0,0
2024-04-26 12:00,484.23,1,1.0,0
2024-04-26 13:00,484.34,1,1.0,0
2024-04-26 14:00,484.41,1,1.0,0
2024-04-26 15:00,484.44,1,1.0,0
2024-04-26 16:00,484.45,1,1.0,0
2024-04-26 17:00,484.49,1,1.0,0
2024-04-26 18:00,484.49,1,1.0,0
2024-04-26 19:00,484.49,1,1.0,0
2024-04-26 20:00,484.49,1,1.0,0
2024-04-26 21:00,484.49,1,1.0,0
2024-04-26 22:00,484.49,1,1.0,0
2024-04-26 23:00,484.49,1,1.0,0
2024-04-27 00:00,484.49,1,1.0,0
2024-04-27 01:00,484.49,1,1.0,0
2024-04-27 02:00,484.49,1,1.0,0
2024-04-27 03:00,484.49,1,1.0,0
2024-04-27 04:00,484.49,1,1.0,0
2024-04-27 05:00,484.49,1,1.0,0
2024-04-27 06:00,484.49,1,1.0,0
2024-04-27 07:00,484.49,1,1.0,0
2024-04-27 08:00,484.49,1,1.0,0
2024-04-27 09:00,484.49,1,1.0,0
2024-04-27 10:00,484.49,1,1.0,0
2024-04-27 11:00,484.5,1,1.0,0
2024-04-27 12:00,484.5,1,1.0,0
2024-04-27 13:00,484.5,1,1.0,0
2024-04-27 14:00,484.5,1,1.0,0
2024-04-27 15:00,484.5,1,1.0,0
2024-04-27 16:00,484.5,1,1.0,0
2024-04-27 17:00,484.5,1,1.0,0
2024-04-27 18:00,484.5,1,1.0,0
2024-04-27 19:00,484.5,1,1.0,0
2024-04-27 20:00,484.5,1,1.0,0
2024-04-27 21:00,484.5,1,1.0,0
2024-04-27 22:00,484.5,1,1.0,0
2024-04-27 23:00,484.5,1,1.0,0
2024-04-28 00:00,484.51,1,1.0,0
2024-04-28 01:00,484.51,1,1.0,0
2024-04-28 02:00,484.51,1,1.0,0
2024-04-28 03:00,484.51,1,1.0,0
2024-04-28 04:00,484.51,1,1.0,0
2024-04-28 05:00,484.51,1,1.0,0
2024-04-28 06:00,484.51,1,1.0,0
2024-04-28 07:00,484.51,1,1.0,0
2024-04-28 08:00,484.51,1,1.0,0
2024-04-28 09:00,484.51,1,1.0,0
2024-04-28 10:00,484.51,1,1.0,0
2024-04-28 11:00,484.51,1,1.0,0
2024-04-28 12:00,484.51,1,1.0,0
2024-04-28 13:00,484.51,1,1.0,0
2024-04-28 14:00,484.51,1,1.0,0
2024-04-28 15:00,484.51,1,1.0,0
2024-04-28 16:00,484.51,1,1.0,0
2024-04-28 17:00,484.51,1,1.0,0
2024-04-28 18:00,484.51,1,1.0,0
2024-04-28 19:00,484.51,1,1.0,0
2024-04-28 20:00,484.51,1,1.0,0
2024-04-28 21:00,484.51,1,1.0,0
2024-04-28 22:00,484.51,1,1.0,0
2024-04-28 23:00,484.51,1,1.0,0
2024-04-29 00:00,484.51,1,1.0,0
2024-04-29 01:00,484.51,1,1.0,0
2024-04-29 02:00,484.51,1,1.0,0
2024-04-29 03:00,484.51,1,1.0,0
2024-04-29 04:00,484.51,1,1.0,0
2024-04-29 05:00,484.51,1,1.0,0
2024-04-29 06:00,484.51,1,1.0,0
2024-04-29 07:00,484.51,1,1.0,0
2024-04-29 08:00,484.51,1,1.0,0
2024-04-29 09:00,484.51,1,1.0,0
2024-04-29 10:00,484.51,1,1.0,0
2024-04-29 11:00,484.51,1,1.0,0
2024-04-29 12:00,484.51,1,1.0,0
2024-04-29 13:00,484.51,1,1.0,0
2024-04-29 14:00,484.51,1,1.0,0
2024-04-29 15:00,484.51,1,1.0,0
2024-04-29 16:00,484.51,1,1.0,0
2024-04-29 17:00,484.51,1,1.0,0
2024-04-29 18:00,484.51,1,1.0,0
2024-04-29 19:00,484.51,1,1.0,0
2024-04-29 20:00,484.51,1,1.0,0
2024-04-29 21:00,484.51,1,1.0,0
2024-04-29 22:00,484.51,1,1.0,0
2024-04-29 23:00,484.51,1,1.0,0
2024-04-30 00:00,484.51,1,1.0,0
2024-04-30 01:00,484.51,1,1.0,0
2024-04-30 02:00,484.51,1,1.0,0
2024-04-30 03:00,484.51,1,1.0,0
2024-04-30 04:00,484.51,1,1.0,0
2024-04-30 05:00,484.51,1,1.0,0
2024-04-30 06:00,484.51,1,1.0,0
2024-04-30 07:00,484.51,1,1.0,0
2024-04-30 08:00,484.51,1,1.0,0
2024-04-30 09:00,484.51,1,1.0,0
2024-04-30 10:00,484.51,1,1.0,0
2024-04-30 11:00,484.51,1,1.0,0
2024-04-30 12:00,484.51,1,1.0,0
2024-04-30 13:00,484.51,1,1.0,0
2024-04-30 14:00,484.51,1,1.0,0
2024-04-30 15:00,484.51,1,1.0,0
2024-04-30 16:00,484.51,1,1.0,0
2024-04-30 17:00,484.51,1,1.0,0
2024-04-30 18:00,484.51,1,1.0,0
2024-04-30 19:00,484.51,1,1.0,0
2024-04-30 20:00,484.51,1,1.0,0
2024-04-30 21:00,484.51,1,1.0,0
2024-04-30 22:00,484.51,1,1.0,0
2024-04-30 23:00,484.68,1,1.0,0
2024-05-01 00:00,484.69,1,1.0,0
2024-05-01 01:00,484.72,1,1.0,0
2024-05-01 02:00,484.8,1,1.0,0
2024-05-01 03:00,485.11,1,1.0,0
2024-05-01 04:00,485.19,1,1.0,0
2024-05-01 05:00,485.26,1,1.0,0
2024-05-01 06:00,485.4,1,1.0,0
2024-05-01 07:00,485.62,1,1.0,0
2024-05-01 08:00,486.19,1,1.0,0
2024-05-01 09:00,487.3,1,1.0,0
2024-05-01 10:00,488.86,1,1.0,0
2024-05-01 11:00,491.51,1,1.0,0
2024-05-01 12:00,494.0,1,1.0,0
2024-05-01 13:00,494.85,1,1.0,0
2024-05-01 14:00,495.71,1,1.0,0
2024-05-01 15:00,496.04,1,1.0,0
2024-05-01 16:00,496.69,1,1.0,0
2024-05-01 17:00,497.32,1,1.0,0
2024-05-01 18:00,497.78,1,1.0,0
2024-05-01 19:00,497.93,1,1.0,0
2024-05-01 20:00,498.04,1,1.0,0
2024-05-01 21:00,498.16,1,1.0,0
2024-05-01 22:00,498.34,1,1.0,0
2024-05-01 23:00,498.58,1,1.0,0
2024-05-02 00:00,498.93,1,1.0,0
2024-05-02 01:00,499.42,1,1.0,0
2024-05-02 02:00,499.58,1,1.0,0
2024-05-02 03:00,499.73,1,1.0,0
2024-05-02 04:00,499.93,1,1.0,0
2024-05-02 05:00,500.16,1,1.0,0
2024-05-02 06:00,500.44,1,1.0,0
2024-05-02 07:00,500.88,1,1.0,0
2024-05-02 08:00,501.29,1,1.0,0
2024-05-02 09:00,502.27,1,1.0,0
2024-05-02 10:00,504.57,1,1.0,0
2024-05-02 11:00,507.38,1,1.0,0
2024-05-02 12:00,509.77,1,1.0,0
2024-05-02 13:00,510.65,1,1.0,0
2024-05-02 14:00,511.39,1,1.0,0
2024-05-02 15:00,511.45,1,1.0,0
2024-05-02 16:00,511.77,1,1.0,0
2024-05-02 17:00,513.32,1,1.0,0
2024-05-02 18:00,515.76,1,1.0,0
2024-05-02 19:00,517.56,1,1.0,0
2024-05-02 20:00,519.03,1,1.0,0
2024-05-02 21:00,519.06,1,1.0,0
2024-05-02 22:00,519.1,1,1.0,0
2024-05-02 23:00,519.63,1,1.0,0
2024-05-03 00:00,519.82,1,1.0,0
2024-05-03 01:00,519.95,1,1.0,0
2024-05-03 02:00,520.11,1,1.0,0
2024-05-03 03:00,520.28,1,1.0,0
2024-05-03 04:00,520.36,1,1.0,0
2024-05-03 05:00,520.53,1,1.0,0
2024-05-03 06:00,520.81,1,1.0,0
2024-05-03 07:00,521.46,1,1.0,0
2024-05-03 08:00,522.48,1,1.0,0
2024-05-03 09:00,523.1,1,1.0,0
2024-05-03 10:00,523.37,1,1.0,0
2024-05-03 11:00,523.91,1,1.0,0
2024-05-03 12:00,525.12,1,1.0,0
2024-05-03 13:00,525.93,1,1.0,0
2024-05-03 14:00,526.4,1,1.0,0
2024-05-03 15:00,527.78,1,1.0,0
2024-05-03 16:00,527.92,1,1.0,0
2024-05-03 17:00,528.37,1,1.0,0
2024-05-03 18:00,528.65,1,1.0,0
2024-05-03 19:00,528.78,1,1.0,0
2024-05-03 20:00,528.8,1,1.0,0
2024-05-03 21:00,528.83,1,1.0,0
2024-05-03 22:00,528.83,1,1.0,0
2024-05-03 23:00,528.84,1,1.0,0
2024-05-04 00:00,528.85,1,1.0,0
2024-05-04 01:00,528.87,1,1.0,0
2024-05-04 02:00,528.89,1,1.0,0
2024-05-04 03:00,528.9,1,1.0,0
2024-05-04 04:00,528.91,1,1.0,0
2024-05-04 05:00,528.92,1,1.0,0
2024-05-04 06:00,528.92,1,1.0,0
2024-05-04 07:00,528.92,1,1.0,0
2024-05-04 08:00,528.92,1,1.0,0
2024-05-04 09:00,528.93,1,1.0,0
2024-05-04 10:00,528.93,1,1.0,0
2024-05-04 11:00,528.93,1,1.0,0
2024-05-04 12:00,528.93,1,1.0,0
2024-05-04 13:00,528.93,1,1.0,0
2024-05-04 14:00,528.93,1,1.0,0
2024-05-04 15:00,528.93,1,1.0,0
2024-05-04 16:00,528.93,1,1.0,0
2024-05-04 17:00,528.93,1,1.0,0
2024-05-04 18:00,528.93,1,1.0,0
2024-05-04 19:00,528.93,1,1.0,0
2024-05-04 20:00,528.93,1,1.0,0
2024-05-04 21:00,528.93,1,1.0,0
2024-05-04 22:00,528.93,1,1.0,0
2024-05-04 23:00,528.93,1,1.0,0
2024-05-05 00:00,528.93,1,1.0,0
2024-05-05 01:00,528.93,1,1.0,0
2024-05-05 02:00,528.93,1,1.0,0
2024-05-05 03:00,528.93,1,1.0,0
2024-05-05 04:00,528.93,1,1.0,0
2024-05-05 05:00,528.93,1,1.0,0
2024-05-05 06:00,528.94,1,1.0,0
2024-05-05 07:00,528.95,1,1.0,0
2024-05-05 08:00,528.96,1,1.0,0
2024-05-05 09:00,528.97,1,1.0,0
2024-05-05 10:00,529.04,1,1.0,0
2024-05-05 11:00,529.08,1,1.0,0
2024-05-05 12:00,529.09,1,1.0,0
2024-05-05 13:00,529.1,1,1.0,0
2024-05-05 14:00,529.1,1,1.0,0
2024-05-05 15:00,529.1,1,1.0,0
2024-05-05 16:00,529.1,1,1.0,0
2024-05-05 17:00,529.1,1,1.0,0
2024-05-05 18:00,529.1,1,1.0,0
2024-05-05 19:00,529.1,1,1.0,0
2024-05-05 20:00,529.1,1,1.0,0
2024-05-05 21:00,529.1,1,1.0,0
2024-05-05 22:00,529.1,1,1.0,0
2024-05-05 23:00,529.1,1,1.0,0
2024-05-06 00:00,529.1,1,1.0,0
2024-05-06 01:00,529.1,1,1.0,0
2024-05-06 02:00,529.1,1,1.0,0
2024-05-06 03:00,529.1,1,1.0,0
2024-05-06 04:00,529.11,1,1.0,0
2024-05-06 05:00,529.12,1,1.0,0
2024-05-06 06:00,529.12,1,1.0,0
2024-05-06 07:00,529.12,1,1.0,0
2024-05-06 08:00,529.12,1,1.0,0
2024-05-06 09:00,529.12,1,1.0,0
2024-05-06 10:00,529.12,1,1.0,0
2024-05-06 11:00,529.12,1,1.0,0
2024-05-06 12:00,529.12,1,1.0,0
2024-05-06 13:00,529.12,1,1.0,0
2024-05-06 14:00,529.12,1,1.0,0
2024-05-06 15:00,529.12,1,1.0,0
2024-05-06 16:00,529.12,1,1.0,0
2024-05-06 17:00,529.12,1,1.0,0
2024-05-06 18:00,529.12,1,1.0,0
2024-05-06 19:00,529.12,1,1.0,0
2024-05-06 20:00,529.12,1,1.0,0
2024-05-06 21:00,529.12,1,1.0,0
2024-05-06 22:00,529.12,1,1.0,0
2024-05-06 23:00,529.12,1,1.0,0
2024-05-07 00:00,529.12,1,1.0,0
2024-05-07 01:00,529.12,1,1.0,0
2024-05-07 02:00,529.12,1,1.0,0
2024-05-07 03:00,529.12,1,1.0,0
2024-05-07 04:00,529.12,1,1.0,0
2024-05-07 05:00,529.12,1,1.0,0
2024-05-07 06:00,529.12,1,1.0,0
2024-05-07 07:00,529.12,1,1.0,0
2024-05-07 08:00,529.12,1,1.0,0
2024-05-07 09:00,529.12,1,1.0,0
2024-05-07 10:00,529.12,1,1.0,0
2024-05-07 11:00,529.12,1,1.0,0
2024-05-07 12:00,529.12,1,1.0,0
2024-05-07 13:00,529.12,1,1.0,0
2024-05-07 14:00,529.12,1,1.0,0
2024-05-07 15:00,529.12,1,1.0,0
2024-05-07 16:00,529.12,1,1.0,0
2024-05-07 17:00,529.12,1,1.0,0
2024-05-07 18:00,529.12,1,1.0,0
2024-05-07 19:00,529.12,1,1.0,0
2024-05-07 20:00,529.12,1,1.0,0
2024-05-07 21:00,529.12,1,1.0,0
2024-05-07 22:00,529.12,1,1.0,0
2024-05-07 23:00,529.12,1,1.0,0
2024-05-08 00:00,529.12,1,1.0,0
2024-05-08 01:00,529.12,1,1.0,0
2024-05-08 02:00,529.12,1,1.0,0
2024-05-08 03:00,529.12,1,1.0,0
2024-05-08 04:00,529.12,1,1.0,0
2024-05-08 05:00,529.12,1,1.0,0
2024-05-08 06:00,529.12,1,1.0,0
2024-05-08 07:00,529.12,1,1.0,0
2024-05-08 08:00,529.12,1,1.0,0
2024-05-08 09:00,529.12,1,1.0,0
2024-05-08 10:00,529.13,1,1.0,0
2024-05-08 11:00,529.13,1,1.0,0
2024-05-08 12:00,529.17,1,1.0,0
2024-05-08 13:00,530.12,1,1.0,0
2024-05-08 14:00,531.41,1,1.0,0
2024-05-08 15:00,532.89,1,1.0,0
2024-05-08 16:00,534.52,1,1.0,0
2024-05-08 17:00,535.73,1,1.0,0
2024-05-08 18:00,536.5,1,1.0,0
2024-05-08 19:00,536.72,1,1.0,0
2024-05-08 20:00,536.83,1,1.0,0
2024-05-08 21:00,537.0,1,1.0,0
2024-05-08 22:00,537.4,1,1.0,0
2024-05-08 23:00,537.85,1,1.0,0
2024-05-09 00:00,538.09,1,1.0,0
2024-05-09 01:00,538.16,1,1.0,0
2024-05-09 02:00,538.16,1,1.0,0
2024-05-09 03:00,538.16,1,1.0,0
2024-05-09 04:00,538.16,1,1.0,0
2024-05-09 05:00,538.17,1,1.0,0
2024-05-09 06:00,538.17,1,1.0,0
2024-05-09 07:00,538.18,1,1.0,0
2024-05-09 08:00,538.24,1,1.0,0
2024-05-09 09:00,538.73,1,1.0,0
2024-05-09 10:00,539.12,1,1.0,0
2024-05-09 11:00,539.49,1,1.0,0
2024-05-09 12:00,539.9,1,1.0,0
2024-05-09 13:00,540.24,1,1.0,0
2024-05-09 14:00,540.38,1,1.0,0
2024-05-09 15:00,540.83,1,1.0,0
2024-05-09 16:00,540.93,1,1.0,0
2024-05-09 17:00,540.93,1,1.0,0
2024-05-09 18:00,540.93,1,1.0,0
2024-05-09 19:00,540.93,1,1.0,0
2024-05-09 20:00,540.93,1,1.0,0
2024-05-09 21:00,540.93,1,1.0,0
2024-05-09 22:00,540.93,1,1.0,0
2024-05-09 23:00,540.93,1,1.0,0
2024-05-10 00:00,540.93,1,1.0,0
2024-05-10 01:00,540.93,1,1.0,0
2024-05-10 02:00,540.93,1,1.0,0
2024-05-10 03:00,540.93,1,1.0,0
2024-05-10 04:00,540.93,1,1.0,0
2024-05-10 05:00,540.93,1,1.0,0
2024-05-10 06:00,540.93,1,1.0,0
2024-05-10 07:00,540.93,1,1.0,0
2024-05-10 08:00,540.93,1,1.0,0
2024-05-10 09:00,540.93,1,1.0,0
2024-05-10 10:00,540.95,1,1.0,0
2024-05-10 11:00,540.97,1,1.0,0
2024-05-10 12:00,541.0,1,1.0,0
2024-05-10 13:00,541.01,1,1.0,0
2024-05-10 14:00,541.02,1,1.0,0
2024-05-10 15:00,541.03,1,1.0,0
2024-05-10 16:00,541.03,1,1.0,0
2024-05-10 17:00,541.03,1,1.0,0
2024-05-10 18:00,541.03,1,1.0,0
2024-05-10 19:00,541.03,1,1.0,0
2024-05-10 20:00,541.03,1,1.0,0
2024-05-10 21:00,541.03,1,1.0,0
2024-05-10 22:00,541.03,1,1.0,0
2024-05-10 23:00,541.03,1,1.0,0
2024-05-11 00:00,541.03,1,1.0,0
2024-05-11 01:00,541.03,1,1.0,0
2024-05-11 02:00,541.03,1,1.0,0
2024-05-11 03:00,541.03,1,1.0,0
2024-05-11 04:00,541.03,1,1.0,0
2024-05-11 05:00,541.03,1,1.0,0
2024-05-11 06:00,541.03,1,1.0,0
2024-05-11 07:00,541.03,1,1.0,0
2024-05-11 08:00,541.03,1,1.0,0
2024-05-11 09:00,541.06,1,1.0,0
2024-05-11 10:00,541.08,1,1.0,0
2024-05-11 11:00,541.08,1,1.0,0
2024-05-11 12:00,541.08,1,1.0,0
2024-05-11 13:00,541.08,1,1.0,0
2024-05-11 14:00,541.08,1,1.0,0
2024-05-11 15:00,541.08,1,1.0,0
2024-05-11 16:00,541.08,1,1.0,0
2024-05-11 17:00,541.08,1,1.0,0
2024-05-11 18:00,541.08,1,1.0,0
2024-05-11 19:00,541.08,1,1.0,0
2024-05-11 20:00,541.08,1,1.0,0
2024-05-11 21:00,541.08,1,1.0,0
2024-05-11 22:00,541.08,1,1.0,0
2024-05-11 23:00,541.08,1,1.0,0
2024-05-12 00:00,541.08,1,1.0,0
2024-05-12 01:00,541.08,1,1.0,0
2024-05-12 02:00,541.08,1,1.0,0
2024-05-12 03:00,541.08,1,1.0,0
2024-05-12 04:00,541.08,1,1.0,0
2024-05-12 05:00,541.08,1,1.0,0
2024-05-12 06:00,541.08,1,1.0,0
2024-05-12 07:00,541.08,1,1.0,0
2024-05-12 08:00,541.08,1,1.0,0
2024-05-12 09:00,541.08,1,1.0,0
2024-05-12 10:00,541.1,1,1.0,0
2024-05-12 11:00,541.16,1,1.0,0
2024-05-12 12:00,541.22,1,1.0,0
2024-05-12 13:00,541.26,1,1.0,0
2024-05-12 14:00,541.28,1,1.0,0
2024-05-12 15:00,541.28,1,1.0,0
2024-05-12 16:00,541.28,1,1.0,0
2024-05-12 17:00,541.28,1,1.0,0
2024-05-12 18:00,541.28,1,1.0,0
2024-05-12 19:00,541.28,1,1.0,0
2024-05-12 20:00,541.28,1,1.0,0
2024-05-12 21:00,541.28,1,1.0,0
2024-05-12 22:00,541.28,1,1.0,0
2024-05-12 23:00,541.28,1,1.0,0
2024-05-13 00:00,541.28,1,1.0,0
2024-05-13 01:00,541.28,1,1.0,0
2024-05-13 02:00,541.28,1,1.0,0
2024-05-13 03:00,541.28,1,1.0,0
2024-05-13 04:00,541.28,1,1.0,0
2024-05-13 05:00,541.28,1,1.0,0
2024-05-13 06:00,541.28,1,1.0,0
2024-05-13 07:00,541.28,1,1.0,0
2024-05-13 08:00,541.28,1,1.0,0
2024-05-13 09:00,541.28,1,1.0,0
2024-05-13 10:00,541.28,1,1.0,0
2024-05-13 11:00,541.29,1,1.0,0
2024-05-13 12:00,541.3,1,1.0,0
2024-05-13 13:00,541.3,1,1.0,0
2024-05-13 14:00,541.3,1,1.0,0
2024-05-13 15:00,541.3,1,1.0,0
2024-05-13 16:00,541.3,1,1.0,0
2024-05-13 17:00,541.3,1,1.0,0
2024-05-13 18:00,541.3,1,1.0,0
2024-05-13 19:00,541.3,1,1.0,0
2024-05-13 20:00,541.3,1,1.0,0
2024-05-13 21:00,541.3,1,1.0,0
2024-05-13 22:00,541.3,1,1.0,0
2024-05-13 23:00,541.3,1,1.0,0
2024-05-14 00:00,541.3,1,1.0,0
2024-05-14 01:00,541.3,1,1.0,0
2024-05-14 02:00,541.3,1,1.0,0
2024-05-14 03:00,541.3,1,1.0,0
2024-05-14 04:00,541.3,1,1.0,0
2024-05-14 05:00,541.3,1,1.0,0
2024-05-14 06:00,541.3,1,1.0,0
2024-05-14 07:00,541.3,1,1.0,0
2024-05-14 08:00,541.3,1,1.0,0
2024-05-14 09:00,541.3,1,1.0,0
2024-05-14 10:00,541.3,1,1.0,0
2024-05-14 11:00,541.3,1,1.0,0
2024-05-14 12:00,541.3,1,1.0,0
2024-05-14 13:00,541.3,1,1.0,0
2024-05-14 14:00,541.3,1,1.0,0
2024-05-14 15:00,541.3,1,1.0,0
2024-05-14 16:00,541.3,1,1.0,0
2024-05-14 17:00,541.3,1,1.0,0
2024-05-14 18:00,541.3,1,1.0,0
2024-05-14 19:00,541.3,1,1.0,0
2024-05-14 20:00,541.3,1,1.0,0
2024-05-14 21:00,541.3,1,1.0,0
2024-05-14 22:00,541.3,1,1.0,0
2024-05-14 23:00,541.3,1,1.0,0
2024-05-15 00:00,541.3,1,1.0,0
2024-05-15 01:00,541.3,1,1.0,0
2024-05-15 02:00,541.3,1,1.0,0
2024-05-15 03:00,541.3,1,1.0,0
2024-05-15 04:00,541.3,1,1.0,0
2024-05-15 05:00,541.3,1,1.0,0
2024-05-15 06:00,541.3,1,1.0,0
2024-05-15 07:00,541.3,1,1.0,0
2024-05-15 08:00,541.32,1,1.0,0
2024-05-15 09:00,541.32,1,1.0,0
2024-05-15 10:00,541.32,1,1.0,0
2024-05-15 11:00,541.36,1,1.0,0
2024-05-15 12:00,541.36,1,1.0,0
2024-05-15 13:00,541.36,1,1.0,0
2024-05-15 14:00,541.36,1,1.0,0
2024-05-15 15:00,541.36,1,1.0,0
2024-05-15 16:00,541.36,1,1.0,0
2024-05-15 17:00,541.36,1,1.0,0
2024-05-15 18:00,541.36,1,1.0,0
2024-05-15 19:00,541.39,1,1.0,0
2024-05-15 20:00,541.39,1,1.0,0
2024-05-15 21:00,541.39,1,1.0,0
2024-05-15 22:00,541.39,1,1.0,0
2024-05-15 23:00,541.39,1,1.0,0
2024-05-16 00:00,541.39,1,1.0,0
2024-05-16 01:00,541.39,1,1.0,0
2024-05-16 02:00,541.39,1,1.0,0
2024-05-16 03:00,541.39,1,1.0,0
2024-05-16 04:00,541.39,1,1.0,0
2024-05-16 05:00,541.39,1,1.0,0
2024-05-16 06:00,541.39,1,1.0,0
2024-05-16 07:00,541.39,1,1.0,0
2024-05-16 08:00,541.39,1,1.0,0
2024-05-16 09:00,541.39,1,1.0,0
2024-05-16 10:00,541.39,1,1.0,0
2024-05-16 11:00,541.39,1,1.0,0
2024-05-16 12:00,541.39,1,1.0,0
2024-05-16 13:00,541.39,1,1.0,0
2024-05-16 14:00,541.39,1,1.0,0
2024-05-16 15:00,541.39,1,1.0,0
2024-05-16 16:00,541.4,1,1.0,0
2024-05-16 17:00,541.4,1,1.0,0
2024-05-16 18:00,541.41,1,1.0,0
2024-05-16 19:00,541.41,1,1.0,0
2024-05-16 20:00,541.41,1,1.0,0
2024-05-16 21:00,541.41,1,1.0,0
2024-05-16 22:00,541.41,1,1.0,0
2024-05-16 23:00,541.41,1,1.0,0
2024-05-17 00:00,541.41,1,1.0,0
2024-05-17 01:00,541.41,1,1.0,0
2024-05-17 02:00,541.41,1,1.0,0
2024-05-17 03:00,541.41,1,1.0,0
2024-05-17 04:00,541.41,1,1.0,0
2024-05-17 05:00,541.42,1,1.0,0
2024-05-17 06:00,541.42,1,1.0,0
2024-05-17 07:00,541.42,1,1.0,0
2024-05-17 08:00,541.42,1,1.0,0
2024-05-17 09:00,541.42,1,1.0,0
2024-05-17 10:00,541.42,1,1.0,0
2024-05-17 11:00,541.42,1,1.0,0
2024-05-17 12:00,541.42,1,1.0,0
2024-05-17 13:00,541.42,1,1.0,0
2024-05-17 14:00,541.42,1,1.0,0
2024-05-17 15:00,541.42,1,1.0,0
2024-05-17 16:00,541.42,1,1.0,0
2024-05-17 17:00,541.42,1,1.0,0
2024-05-17 18:00,541.42,1,1.0,0
2024-05-17 19:00,541.42,1,1.0,0
2024-05-17 20:00,541.42,1,1.0,0
2024-05-17 21:00,541.42,1,1.0,0
2024-05-17 22:00,541.42,1,1.0,0
2024-05-17 23:00,541.42,1,1.0,0
2024-05-18 00:00,541.42,1,1.0,0
2024-05-18 01:00,541.42,1,1.0,0
2024-05-18 02:00,541.42,1,1.0,0
2024-05-18 03:00,541.42,1,1.0,0
2024-05-18 04:00,541.42,1,1.0,0
2024-05-18 05:00,541.42,1,1.0,0
2024-05-18 06:00,541.42,1,1.0,0
2024-05-18 07:00,541.42,1,1.0,0
2024-05-18 08:00,541.42,1,1.0,0
2024-05-18 09:00,541.42,1,1.0,0
2024-05-18 10:00,541.43,1,1.0,0
2024-05-18 11:00,541.43,1,1.0,0
2024-05-18 12:00,541.43,1,1.0,0
2024-05-18 13:00,541.49,1,1.0,0
2024-05-18 14:00,541.92,1,1.0,0
2024-05-18 15:00,542.74,1,1.0,0
2024-05-18 16:00,543.74,1,1.0,0
2024-05-18 17:00,544.8,1,1.0,0
2024-05-18 18:00,544.91,1,1.0,0
2024-05-18 19:00,544.91,1,1.0,0
2024-05-18 20:00,544.91,1,1.0,0
2024-05-18 21:00,544.91,1,1.0,0
2024-05-18 22:00,544.91,1,1.0,0
2024-05-18 23:00,544.91,1,1.0,0
2024-05-19 00:00,544.91,1,1.0,0
2024-05-19 01:00,544.91,1,1.0,0
2024-05-19 02:00,544.91,1,1.0,0
2024-05-19 03:00,544.91,1,1.0,0
2024-05-19 04:00,544.91,1,1.0,0
2024-05-19 05:00,544.91,1,1.0,0
2024-05-19 06:00,544.91,1,1.0,0
2024-05-19 07:00,544.91,1,1.0,0
2024-05-19 08:00,544.91,1,1.0,0
2024-05-19 09:00,544.91,1,1.0,0
2024-05-19 10:00,544.96,1,1.0,0
2024-05-19 11:00,544.98,1,1.0,0
2024-05-19 12:00,545.07,1,1.0,0
2024-05-19 13:00,545.73,1,1.0,0
2024-05-19 14:00,545.93,1,1.0,0
2024-05-19 15:00,546.01,1,1.0,0
2024-05-19 16:00,546.01,1,1.0,0
2024-05-19 17:00,546.01,1,1.0,0
2024-05-19 18:00,546.01,1,1.0,0
2024-05-19 19:00,546.01,1,1.0,0
2024-05-19 20:00,546.01,1,1.0,0
2024-05-19 21:00,546.01,1,1.0,0
2024-05-19 22:00,546.01,1,1.0,0
2024-05-19 23:00,546.01,1,1.0,0
2024-05-20 00:00,546.01,1,1.0,0
2024-05-20 01:00,546.01,1,1.0,0
2024-05-20 02:00,546.01,1,1.0,0
2024-05-20 03:00,546.01,1,1.0,0
2024-05-20 04:00,546.01,1,1.0,0
2024-05-20 05:00,546.01,1,1.0,0
2024-05-20 06:00,546.01,1,1.0,0
2024-05-20 07:00,546.01,1,1.0,0
2024-05-20 08:00,546.01,1,1.0,0
2024-05-20 09:00,546.01,1,1.0,0
2024-05-20 10:00,546.01,1,1.0,0
2024-05-20 11:00,546.01,1,1.0,0
2024-05-20 12:00,546.01,1,1.0,0
2024-05-20 13:00,546.01,1,1.0,0
2024-05-20 14:00,546.01,1,1.0,0
2024-05-20 15:00,546.01,1,1.0,0
2024-05-20 16:00,546.01,1,1.0,0
2024-05-20 17:00,546.01,1,1.0,0
2024-05-20 18:00,546.01,1,1.0,0
2024-05-20 19:00,546.01,1,1.0,0
2024-05-20 20:00,546.01,1,1.0,0
2024-05-20 21:00,546.01,1,1.0,0
2024-05-20 22:00,546.01,1,1.0,0
2024-05-20 23:00,546.01,1,1.0,0
2024-05-21 00:00,546.01,1,1.0,0
2024-05-21 01:00,546.02,1,1.0,0
2024-05-21 02:00,546.03,1,1.0,0
2024-05-21 03:00,546.06,1,1.0,0
2024-05-21 04:00,546.14,1,1.0,0
2024-05-21 05:00,546.34,1,1.0,0
2024-05-21 06:00,546.97,1,1.0,0
2024-05-21 07:00,547.59,1,1.0,0
2024-05-21 08:00,548.17,1,1.0,0
2024-05-21 09:00,548.25,1,1.0,0
2024-05-21 10:00,548.32,1,1.0,0
2024-05-21 11:00,548.37,1,1.0,0
2024-05-21 12:00,548.41,1,1.0,0
2024-05-21 13:00,548.43,1,1.0,0
2024-05-21 14:00,548.49,1,1.0,0
2024-05-21 15:00,548.59,1,1.0,0
2024-05-21 16:00,548.7,1,1.0,0
2024-05-21 17:00,548.74,1,1.0,0
2024-05-21 18:00,548.79,1,1.0,0
2024-05-21 19:00,548.97,1,1.0,0
2024-05-21 20:00,549.14,1,1.0,0
2024-05-21 21:00,549.51,1,1.0,0
2024-05-21 22:00,549.66,1,1.0,0
2024-05-21 23:00,549.94,1,1.0,0
2024-05-22 00:00,550.04,1,1.0,0
2024-05-22 01:00,550.17,1,1.0,0
2024-05-22 02:00,550.28,1,1.0,0
2024-05-22 03:00,550.32,1,1.0,0
2024-05-22 04:00,550.32,1,1.0,0
2024-05-22 05:00,550.4,1,1.0,0
2024-05-22 06:00,550.51,1,1.0,0
2024-05-22 07:00,550.54,1,1.0,0
2024-05-22 08:00,550.58,1,1.0,0
2024-05-22 09:00,550.64,1,1.0,0
2024-05-22 10:00,550.68,1,1.0,0
2024-05-22 11:00,550.71,1,1.0,0
2024-05-22 12:00,550.96,1,1.0,0
2024-05-22 13:00,551.11,1,1.0,0
2024-05-22 14:00,551.16,1,1.0,0
2024-05-22 15:00,551.17,1,1.0,0
2024-05-22 16:00,551.17,1,1.0,0
2024-05-22 17:00,551.27,1,1.0,0
2024-05-22 18:00,551.41,1,1.0,0
2024-05-22 19:00,551.42,1,1.0,0
2024-05-22 20:00,551.43,1,1.0,0
2024-05-22 21:00,551.43,1,1.0,0
2024-05-22 22:00,551.44,1,1.0,0
2024-05-22 23:00,551.44,1,1.0,0
2024-05-23 00:00,551.44,1,1.0,0
2024-05-23 01:00,551.44,1,1.0,0
2024-05-23 02:00,551.44,1,1.0,0
2024-05-23 03:00,551.44,1,1.0,0
2024-05-23 04:00,551.44,1,1.0,0
2024-05-23 05:00,551.44,1,1.0,0
2024-05-23 06:00,551.44,1,1.0,0
2024-05-23 07:00,551.44,1,1.0,0
2024-05-23 08:00,551.44,1,1.0,0
2024-05-23 09:00,551.44,1,1.0,0
2024-05-23 10:00,551.44,1,1.0,0
2024-05-23 11:00,551.44,1,1.0,0
2024-05-23 12:00,551.44,1,1.0,0
2024-05-23 13:00,551.44,1,1.0,0
2024-05-23 14:00,551.44,1,1.0,0
2024-05-23 15:00,551.44,1,1.0,0
2024-05-23 16:00,551.44,1,1.0,0
2024-05-23 17:00,551.44,1,1.0,0
2024-05-23 18:00,551.44,1,1.0,0
2024-05-23 19:00,551.44,1,1.0,0
2024-05-23 20:00,551.44,1,1.0,0
2024-05-23 21:00,551.44,1,1.0,0
2024-05-23 22:00,551.44,1,1.0,0
2024-05-23 23:00,551.44,1,1.0,0
2024-05-24 00:00,551.44,1,1.0,0
2024-05-24 01:00,551.44,1,1.0,0
2024-05-24 02:00,551.44,1,1.0,0
2024-05-24 03:00,551.44,1,1.0,0
2024-05-24 04:00,551.44,1,1.0,0
2024-05-24 05:00,551.44,1,1.0,0
2024-05-24 06:00,551.44,1,1.0,0
2024-05-24 07:00,551.44,1,1.0,0
2024-05-24 08:00,551.44,1,1.0,0
2024-05-24 09:00,551.44,1,1.0,0
2024-05-24 10:00,551.44,1,1.0,0
2024-05-24 11:00,551.44,1,1.0,0
2024-05-24 12:00,551.44,1,1.0,0
2024-05-24 13:00,551.44,1,1.0,0
2024-05-24 14:00,551.44,1,1.0,0
2024-05-24 15:00,551.44,1,1.0,0
2024-05-24 16:00,551.44,1,1.0,0
2024-05-24 17:00,551.44,1,1.0,0
2024-05-24 18:00,551.44,1,1.0,0
2024-05-24 19:00,551.44,1,1.0,0
2024-05-24 20:00,551.44,1,1.0,0
2024-05-24 21:00,551.44,1,1.0,0
2024-05-24 22:00,551.44,1,1.0,0
2024-05-24 23:00,551.44,1,1.0,0
2024-05-25 00:00,551.44,1,1.0,0
2024-05-25 01:00,551.44,1,1.0,0
2024-05-25 02:00,551.44,1,1.0,0
2024-05-25 03:00,551.44,1,1.0,0
2024-05-25 04:00,551.49,1,1.0,0
2024-05-25 05:00,551.49,1,1.0,0
2024-05-25 06:00,551.72,1,1.0,0
2024-05-25 07:00,551.74,1,1.0,0
2024-05-25 08:00,551.76,1,1.0,0
2024-05-25 09:00,551.77,1,1.0,0
2024-05-25 10:00,551.77,1,1.0,0
2024-05-25 11:00,551.77,1,1.0,0
2024-05-25 12:00,551.77,1,1.0,0
2024-05-25 13:00,551.79,1,1.0,0
2024-05-25 14:00,551.89,1,1.0,0
2024-05-25 15:00,551.99,1,1.0,0
2024-05-25 16:00,552.06,1,1.0,0
2024-05-25 17:00,552.07,1,1.0,0
2024-05-25 18:00,552.08,1,1.0,0
2024-05-25 19:00,552.08,1,1.0,0
2024-05-25 20:00,552.08,1,1.0,0
2024-05-25 21:00,552.08,1,1.0,0
2024-05-25 22:00,552.08,1,1.0,0
2024-05-25 23:00,552.08,1,1.0,0
2024-05-26 00:00,552.08,1,1.0,0
2024-05-26 01:00,552.08,1,1.0,0
2024-05-26 02:00,552.08,1,1.0,0
2024-05-26 03:00,552.08,1,1.0,0
2024-05-26 04:00,552.08,1,1.0,0
2024-05-26 05:00,552.08,1,1.0,0
2024-05-26 06:00,552.08,1,1.0,0
2024-05-26 07:00,552.08,1,1.0,0
2024-05-26 08:00,552.08,1,1.0,0
2024-05-26 09:00,552.09,1,1.0,0
2024-05-26 10:00,552.1,1,1.0,0
2024-05-26 11:00,552.12,1,1.0,0
2024-05-26 12:00,552.18,1,1.0,0
2024-05-26 13:00,552.2,1,1.0,0
2024-05-26 14:00,552.24,1,1.0,0
2024-05-26 15:00,552.25,1,1.0,0
2024-05-26 16:00,552.25,1,1.0,0
2024-05-26 17:00,552.25,1,1.0,0
2024-05-26 18:00,552.25,1,1.0,0
2024-05-26 19:00,552.25,1,1.0,0
2024-05-26 20:00,552.25,1,1.0,0
2024-05-26 21:00,552.25,1,1.0,0
2024-05-26 22:00,552.25,1,1.0,0
2024-05-26 23:00,552.25,1,1.0,0
2024-05-27 00:00,552.25,1,1.0,0
2024-05-27 01:00,552.25,1,1.0,0
2024-05-27 02:00,552.25,1,1.0,0
2024-05-27 03:00,552.25,1,1.0,0
2024-05-27 04:00,552.25,1,1.0,0
2024-05-27 05:00,552.25,1,1.0,0
2024-05-27 06:00,552.25,1,1.0,0
2024-05-27 07:00,552.25,1,1.0,0
2024-05-27 08:00,552.28,1,1.0,0
2024-05-27 09:00,552.29,1,1.0,0
2024-05-27 10:00,552.29,1,1.0,0
2024-05-27 11:00,552.3,1,1.0,0
2024-05-27 12:00,552.3,1,1.0,0
2024-05-27 13:00,552.33,1,1.0,0
2024-05-27 14:00,552.33,1,1.0,0
2024-05-27 15:00,552.33,1,1.0,0
2024-05-27 16:00,552.39,1,1.0,0
2024-05-27 17:00,552.39,1,1.0,0
2024-05-27 18:00,552.39,1,1.0,0
2024-05-27 19:00,552.39,1,1.0,0
2024-05-27 20:00,552.39,1,1.0,0
2024-05-27 21:00,552.39,1,1.0,0
2024-05-27 22:00,552.4,1,1.0,0
2024-05-27 23:00,552.4,1,1.0,0
2024-05-28 00:00,552.4,1,1.0,0
2024-05-28 01:00,552.4,1,1.0,0
2024-05-28 02:00,552.41,1,1.0,0
2024-05-28 03:00,552.61,1,1.0,0
2024-05-28 04:00,552.72,1,1.0,0
2024-05-28 05:00,552.82,1,1.0,0
2024-05-28 06:00,552.87,1,1.0,0
2024-05-28 07:00,553.15,1,1.0,0
2024-05-28 08:00,553.15,1,1.0,0
2024-05-28 09:00,553.16,1,1.0,0
2024-05-28 10:00,553.18,1,1.0,0
2024-05-28 11:00,553.18,1,1.0,0
2024-05-28 12:00,553.19,1,1.0,0
2024-05-28 13:00,553.2,1,1.0,0
2024-05-28 14:00,553.26,1,1.0,0
2024-05-28 15:00,553.26,1,1.0,0
2024-05-28 16:00,553.27,1,1.0,0
2024-05-28 17:00,553.27,1,1.0,0
2024-05-28 18:00,553.27,1,1.0,0
2024-05-28 19:00,553.27,1,1.0,0
2024-05-28 20:00,553.27,1,1.0,0
2024-05-28 21:00,553.27,1,1.0,0
2024-05-28 22:00,553.27,1,1.0,0
2024-05-28 23:00,553.27,1,1.0,0
2024-05-29 00:00,553.27,1,1.0,0
2024-05-29 01:00,553.27,1,1.0,0
2024-05-29 02:00,553.27,1,1.0,0
2024-05-29 03:00,553.27,1,1.0,0
2024-05-29 04:00,553.27,1,1.0,0
2024-05-29 05:00,553.27,1,1.0,0
2024-05-29 06:00,553.27,1,1.0,0
2024-05-29 07:00,553.27,1,1.0,0
2024-05-29 08:00,553.27,1,1.0,0
2024-05-29 09:00,553.27,1,1.0,0
2024-05-29 10:00,553.3,1,1.0,0
2024-05-29 11:00,553.32,1,1.0,0
2024-05-29 12:00,553.33,1,1.0,0
2024-05-29 13:00,553.33,1,1.0,0
2024-05-29 14:00,553.33,1,1.0,0
2024-05-29 15:00,553.33,1,1.0,0
2024-05-29 16:00,553.33,1,1.0,0
2024-05-29 17:00,553.33,1,1.0,0
2024-05-29 18:00,553.34,1,1.0,0
2024-05-29 19:00,553.34,1,1.0,0
2024-05-29 20:00,553.34,1,1.0,0
2024-05-29 21:00,553.34,1,1.0,0
2024-05-29 22:00,553.34,1,1.0,0
2024-05-29 23:00,553.34,1,1.0,0
2024-05-30 00:00,553.34,1,1.0,0
2024-05-30 01:00,553.34,1,1.0,0
2024-05-30 02:00,553.34,1,1.0,0
2024-05-30 03:00,553.34,1,1.0,0
2024-05-30 04:00,553.34,1,1.0,0
2024-05-30 05:00,553.34,1,1.0,0
2024-05-30 06:00,553.35,1,1.0,0
2024-05-30 07:00,553.38,1,1.0,0
2024-05-30 08:00,553.41,1,1.0,0
2024-05-30 09:00,553.47,1,1.0,0
2024-05-30 10:00,553.54,1,1.0,0
2024-05-30 11:00,553.63,1,1.0,0
2024-05-30 12:00,553.68,1,1.0,0
2024-05-30 13:00,553.7,1,1.0,0
2024-05-30 14:00,553.7,1,1.0,0
2024-05-30 15:00,553.71,1,1.0,0
2024-05-30 16:00,553.71,1,1.0,0
2024-05-30 17:00,553.71,1,1.0,0
2024-05-30 18:00,553.71,1,1.0,0
2024-05-30 19:00,553.71,1,1.0,0
2024-05-30 20:00,553.71,1,1.0,0
2024-05-30 21:00,553.71,1,1.0,0
2024-05-30 22:00,553.71,1,1.0,0
2024-05-30 23:00,553.71,1,1.0,0
2024-05-31 00:00,553.73,1,1.0,0
2024-05-31 01:00,553.8,1,1.0,0
2024-05-31 02:00,553.91,1,1.0,0
2024-05-31 03:00,553.98,1,1.0,0
2024-05-31 04:00,554.05,1,1.0,0
2024-05-31 05:00,554.09,1,1.0,0
2024-05-31 06:00,554.19,1,1.0,0
2024-05-31 07:00,554.26,1,1.0,0
2024-05-31 08:00,554.33,1,1.0,0
2024-05-31 09:00,554.4,1,1.0,0
2024-05-31 10:00,554.54,1,1.0,0
2024-05-31 11:00,554.72,1,1.0,0
2024-05-31 12:00,555.14,1,1.0,0
2024-05-31 13:00,555.99,1,1.0,0
2024-05-31 14:00,556.82,1,1.0,0
2024-05-31 15:00,557.15,1,1.0,0
2024-05-31 16:00,557.71,1,1.0,0
2024-05-31 17:00,558.16,1,1.0,0
2024-05-31 18:00,558.31,1,1.0,0
2024-05-31 19:00,558.5,1,1.0,0
2024-05-31 20:00,558.63,1,1.0,0
2024-05-31 21:00,558.76,1,1.0,0
2024-05-31 22:00,558.87,1,1.0,0
2024-05-31 23:00,558.96,1,1.0,0
2024-06-01 00:00,559.04,1,1.0,0
2024-06-01 01:00,559.09,1,1.0,0
2024-06-01 02:00,559.16,1,1.0,0
2024-06-01 03:00,559.2,1,1.0,0
2024-06-01 04:00,559.29,1,1.0,0
2024-06-01 05:00,559.37,1,1.0,0
2024-06-01 06:00,559.5,1,1.0,0
2024-06-01 07:00,559.87,1,1.0,0
2024-06-01 08:00,560.19,1,1.0,0
2024-06-01 09:00,560.41,1,1.0,0
2024-06-01 10:00,560.45,1,1.0,0
2024-06-01 11:00,560.49,1,1.0,0
2024-06-01 12:00,560.51,1,1.0,0
2024-06-01 13:00,560.51,1,1.0,0
2024-06-01 14:00,560.51,1,1.0,0
2024-06-01 15:00,560.51,1,1.0,0
2024-06-01 16:00,560.51,1,1.0,0
2024-06-01 17:00,560.55,1,1.0,0
2024-06-01 18:00,560.55,1,1.0,0
2024-06-01 19:00,560.55,1,1.0,0
2024-06-01 20:00,560.56,1,1.0,0
2024-06-01 21:00,560.56,1,1.0,0
2024-06-01 22:00,560.56,1,1.0,0
2024-06-01 23:00,560.56,1,1.0,0
2024-06-02 00:00,560.56,1,1.0,0
2024-06-02 01:00,560.56,1,1.0,0
2024-06-02 02:00,560.56,1,1.0,0
2024-06-02 03:00,560.59,1,1.0,0
2024-06-02 04:00,560.59,1,1.0,0
2024-06-02 05:00,560.59,1,1.0,0
2024-06-02 06:00,560.59,1,1.0,0
2024-06-02 07:00,560.59,1,1.0,0
2024-06-02 08:00,560.59,1,1.0,0
2024-06-02 09:00,560.59,1,1.0,0
2024-06-02 10:00,560.59,1,1.0,0
2024-06-02 11:00,560.79,1,1.0,0
2024-06-02 12:00,560.79,1,1.0,0
2024-06-02 13:00,560.79,1,1.0,0
2024-06-02 14:00,560.79,1,1.0,0
2024-06-02 15:00,560.82,1,1.0,0
2024-06-02 16:00,560.82,1,1.0,0
2024-06-02 17:00,560.82,1,1.0,0
2024-06-02 18:00,560.89,1,1.0,0
2024-06-02 19:00,560.89,1,1.0,0
2024-06-02 20:00,560.89,1,1.0,0
2024-06-02 21:00,560.89,1,1.0,0
2024-06-02 22:00,560.89,1,1.0,0
2024-06-02 23:00,560.89,1,1.0,0
2024-06-03 00:00,560.9,1,1.0,0
2024-06-03 01:00,561.01,1,1.0,0
2024-06-03 02:00,561.11,1,1.0,0
2024-06-03 03:00,561.11,1,1.0,0
2024-06-03 04:00,561.11,1,1.0,0
2024-06-03 05:00,561.11,1,1.0,0
2024-06-03 06:00,561.11,1,1.0,0
2024-06-03 07:00,561.11,1,1.0,0
2024-06-03 08:00,561.12,1,1.0,0
2024-06-03 09:00,561.12,1,1.0,0
2024-06-03 10:00,561.13,1,1.0,0
2024-06-03 11:00,561.13,1,1.0,0
2024-06-03 12:00,561.13,1,1.0,0
2024-06-03 13:00,561.13,1,1.0,0
2024-06-03 14:00,561.13,1,1.0,0
2024-06-03 15:00,561.13,1,1.0,0
2024-06-03 16:00,561.13,1,1.0,0
2024-06-03 17:00,561.13,1,1.0,0
2024-06-03 18:00,561.13,1,1.0,0
2024-06-03 19:00,561.13,1,1.0,0
2024-06-03 20:00,561.13,1,1.0,0
2024-06-03 21:00,561.13,1,1.0,0
2024-06-03 22:00,561.13,1,1.0,0
2024-06-03 23:00,561.13,1,1.0,0
2024-06-04 00:00,561.13,1,1.0,0
2024-06-04 01:00,561.13,1,1.0,0
2024-06-04 02:00,561.13,1,1.0,0
2024-06-04 03:00,561.13,1,1.0,0
2024-06-04 04:00,561.14,1,1.0,0
2024-06-04 05:00,561.14,1,1.0,0
2024-06-04 06:00,561.14,1,1.0,0
2024-06-04 07:00,561.14,1,1.0,0
2024-06-04 08:00,561.14,1,1.0,0
2024-06-04 09:00,561.14,1,1.0,0
2024-06-04 10:00,561.14,1,1.0,0
2024-06-04 11:00,561.14,1,1.0,0
2024-06-04 12:00,561.14,1,1.0,0
2024-06-04 13:00,561.14,1,1.0,0
2024-06-04 14:00,561.14,1,1.0,0
2024-06-04 15:00,561.14,1,1.0,0
2024-06-04 16:00,561.14,1,1.0,0
2024-06-04 17:00,561.14,1,1.0,0
2024-06-04 18:00,561.14,1,1.0,0
2024-06-04 19:00,561.14,1,1.0,0
2024-06-04 20:00,561.14,1,1.0,0
2024-06-04 21:00,561.14,1,1.0,0
2024-06-04 22:00,561.14,1,1.0,0
2024-06-04 23:00,561.2,1,1.0,0
2024-06-05 00:00,561.2,1,1.0,0
2024-06-05 01:00,561.2,1,1.0,0
2024-06-05 02:00,561.2,1,1.0,0
2024-06-05 03:00,561.2,1,1.0,0
2024-06-05 04:00,561.2,1,1.0,0
2024-06-05 05:00,561.2,1,1.0,0
2024-06-05 06:00,561.2,1,1.0,0
2024-06-05 07:00,561.2,1,1.0,0
2024-06-05 08:00,561.2,1,1.0,0
2024-06-05 09:00,561.2,1,1.0,0
2024-06-05 10:00,561.2,1,1.0,0
2024-06-05 11:00,561.2,1,1.0,0
2024-06-05 12:00,561.2,1,1.0,0
2024-06-05 13:00,561.21,1,1.0,0
2024-06-05 14:00,561.21,1,1.0,0
2024-06-05 15:00,561.21,1,1.0,0
2024-06-05 16:00,561.21,1,1.0,0
2024-06-05 17:00,561.21,1,1.0,0
2024-06-05 18:00,561.21,1,1.0,0
2024-06-05 19:00,561.21,1,1.0,0
2024-06-05 20:00,561.21,1,1.0,0
2024-06-05 21:00,561.21,1,1.0,0
2024-06-05 22:00,561.21,1,1.0,0
2024-06-05 23:00,561.21,1,1.0,0
2024-06-06 00:00,561.21,1,1.0,0
2024-06-06 01:00,561.21,1,1.0,0
2024-06-06 02:00,561.21,1,1.0,0
2024-06-06 03:00,561.21,1,1.0,0
2024-06-06 04:00,561.21,1,1.0,0
2024-06-06 05:00,561.21,1,1.0,0
2024-06-06 06:00,561.21,1,1.0,0
2024-06-06 07:00,561.21,1,1.0,0
2024-06-06 08:00,561.21,1,1.0,0
2024-06-06 09:00,561.21,1,1.0,0
2024-06-06 10:00,561.21,1,1.0,0
2024-06-06 11:00,561.21,1,1.0,0
2024-06-06 12:00,561.21,1,1.0,0
2024-06-06 13:00,561.21,1,1.0,0
2024-06-06 14:00,561.21,1,1.0,0
2024-06-06 15:00,561.21,1,1.0,0
2024-06-06 16:00,561.21,1,1.0,0
2024-06-06 17:00,561.21,1,1.0,0
2024-06-06 18:00,561.21,1,1.0,0
2024-06-06 19:00,561.21,1,1.0,0
2024-06-06 20:00,561.21,1,1.0,0
2024-06-06 21:00,561.21,1,1.0,0
2024-06-06 22:00,561.21,1,1.0,0
2024-06-06 23:00,561.21,1,1.0,0
2024-06-07 00:00,561.21,1,1.0,0
2024-06-07 01:00,561.21,1,1.0,0
2024-06-07 02:00,561.21,1,1.0,0
2024-06-07 03:00,561.21,1,1.0,0
2024-06-07 04:00,561.21,1,1.0,0
2024-06-07 05:00,561.21,1,1.0,0
2024-06-07 06:00,561.21,1,1.0,0
2024-06-07 07:00,561.21,1,1.0,0
2024-06-07 08:00,561.21,1,1.0,0
2024-06-07 09:00,561.21,1,1.0,0
2024-06-07 10:00,561.21,1,1.0,0
2024-06-07 11:00,561.21,1,1.0,0
2024-06-07 12:00,561.21,1,1.0,0
2024-06-07 13:00,561.21,1,1.0,0
2024-06-07 14:00,561.21,1,1.0,0
2024-06-07 15:00,561.21,1,1.0,0
2024-06-07 16:00,561.21,1,1.0,0
2024-06-07 17:00,561.21,1,1.0,0
2024-06-07 18:00,561.21,1,1.0,0
2024-06-07 19:00,561.21,1,1.0,0
2024-06-07 20:00,561.21,1,1.0,0
2024-06-07 21:00,561.21,1,1.0,0
2024-06-07 22:00,561.21,1,1.0,0
2024-06-07 23:00,561.21,1,1.0,0
2024-06-08 00:00,561.21,1,1.0,0
2024-06-08 01:00,561.21,1,1.0,0
2024-06-08 02:00,561.21,1,1.0,0
2024-06-08 03:00,561.21,1,1.0,0
2024-06-08 04:00,561.21,1,1.0,0
2024-06-08 05:00,561.21,1,1.0,0
2024-06-08 06:00,561.21,1,1.0,0
2024-06-08 07:00,561.21,1,1.0,0
2024-06-08 08:00,561.21,1,1.0,0
2024-06-08 09:00,561.21,1,1.0,0
2024-06-08 10:00,561.21,1,1.0,0
2024-06-08 11:00,561.21,1,1.0,0
2024-06-08 12:00,561.21,1,1.0,0
2024-06-08 13:00,561.21,1,1.0,0
2024-06-08 14:00,561.21,1,1.0,0
2024-06-08 15:00,561.21,1,1.0,0
2024-06-08 16:00,561.21,1,1.0,0
2024-06-08 17:00,561.21,1,1.0,0
2024-06-08 18:00,561.21,1,1.0,0
2024-06-08 19:00,561.21,1,1.0,0
2024-06-08 20:00,561.21,1,1.0,0
2024-06-08 21:00,561.21,1,1.0,0
2024-06-08 22:00,561.21,1,1.0,0
2024-06-08 23:00,561.21,1,1.0,0
2024-06-09 00:00,561.21,1,1.0,0
2024-06-09 01:00,561.21,1,1.0,0
2024-06-09 02:00,561.21,1,1.0,0
2024-06-09 03:00,561.21,1,1.0,0
2024-06-09 04:00,561.21,1,1.0,0
2024-06-09 05:00,561.21,1,1.0,0
2024-06-09 06:00,561.21,1,1.0,0
2024-06-09 07:00,561.22,1,1.0,0
2024-06-09 08:00,561.22,1,1.0,0
2024-06-09 09:00,561.22,1,1.0,0
2024-06-09 10:00,561.22,1,1.0,0
2024-06-09 11:00,561.22,1,1.0,0
2024-06-09 12:00,561.22,1,1.0,0
2024-06-09 13:00,561.22,1,1.0,0
2024-06-09 14:00,561.22,1,1.0,0
2024-06-09 15:00,561.22,1,1.0,0
2024-06-09 16:00,561.22,1,1.0,0
2024-06-09 17:00,561.22,1,1.0,0
2024-06-09 18:00,561.22,1,1.0,0
2024-06-09 19:00,561.22,1,1.0,0
2024-06-09 20:00,561.25,1,1.0,0
2024-06-09 21:00,561.34,1,1.0,0
2024-06-09 22:00,561.46,1,1.0,0
2024-06-09 23:00,561.48,1,1.0,0
2024-06-10 00:00,561.58,1,1.0,0
2024-06-10 01:00,561.58,1,1.0,0
2024-06-10 02:00,561.58,1,1.0,0
2024-06-10 03:00,561.58,1,1.0,0
2024-06-10 04:00,561.58,1,1.0,0
2024-06-10 05:00,561.58,1,1.0,0
2024-06-10 06:00,561.58,1,1.0,0
2024-06-10 07:00,561.61,1,1.0,0
2024-06-10 08:00,561.64,1,1.0,0
2024-06-10 09:00,561.67,1,1.0,0
2024-06-10 10:00,561.69,1,1.0,0
2024-06-10 11:00,561.7,1,1.0,0
2024-06-10 12:00,561.71,1,1.0,0
2024-06-10 13:00,561.72,1,1.0,0
2024-06-10 14:00,561.72,1,1.0,0
2024-06-10 15:00,561.73,1,1.0,0
2024-06-10 16:00,561.73,1,1.0,0
2024-06-10 17:00,561.74,1,1.0,0
2024-06-10 18:00,561.75,1,1.0,0
2024-06-10 19:00,561.76,1,1.0,0
2024-06-10 20:00,561.79,1,1.0,0
2024-06-10 21:00,561.81,1,1.0,0
2024-06-10 22:00,561.83,1,1.0,0
2024-06-10 23:00,561.89,1,1.0,0
2024-06-11 00:00,561.9,1,1.0,0
2024-06-11 01:00,561.91,1,1.0,0
2024-06-11 02:00,561.91,1,1.0,0
2024-06-11 03:00,561.92,1,1.0,0
2024-06-11 04:00,561.92,1,1.0,0
2024-06-11 05:00,561.92,1,1.0,0
2024-06-11 06:00,561.93,1,1.0,0
2024-06-11 07:00,562.04,1,1.0,0
2024-06-11 08:00,562.15,1,1.0,0
2024-06-11 09:00,562.18,1,1.0,0
2024-06-11 10:00,562.21,1,1.0,0
2024-06-11 11:00,562.25,1,1.0,0
2024-06-11 12:00,562.25,1,1.0,0
2024-06-11 13:00,562.25,1,1.0,0
2024-06-11 14:00,562.25,1,1.0,0
2024-06-11 15:00,562.25,1,1.0,0
2024-06-11 16:00,562.25,1,1.0,0
2024-06-11 17:00,562.25,1,1.0,0
2024-06-11 18:00,562.25,1,1.0,0
2024-06-11 19:00,562.25,1,1.0,0
2024-06-11 20:00,562.25,1,1.0,0
2024-06-11 21:00,562.25,1,1.0,0
2024-06-11 22:00,562.25,1,1.0,0
2024-06-11 23:00,562.26,1,1.0,0
2024-06-12 00:00,562.26,1,1.0,0
2024-06-12 01:00,562.26,1,1.0,0
2024-06-12 02:00,562.27,1,1.0,0
2024-06-12 03:00,562.31,1,1.0,0
2024-06-12 04:00,562.31,1,1.0,0
2024-06-12 05:00,562.31,1,1.0,0
2024-06-12 06:00,562.31,1,1.0,0
2024-06-12 07:00,562.31,1,1.0,0
2024-06-12 08:00,562.31,1,1.0,0
2024-06-12 09:00,562.31,1,1.0,0
2024-06-12 10:00,562.31,1,1.0,0
2024-06-12 11:00,562.31,1,1.0,0
2024-06-12 12:00,562.31,1,1.0,0
2024-06-12 13:00,562.31,1,1.0,0
2024-06-12 14:00,562.31,1,1.0,0
2024-06-12 15:00,562.31,1,1.0,0
2024-06-12 16:00,562.31,1,1.0,0
2024-06-12 17:00,562.31,1,1.0,0
2024-06-12 18:00,562.31,1,1.0,0
2024-06-12 19:00,562.31,1,1.0,0
2024-06-12 20:00,562.31,1,1.0,0
2024-06-12 21:00,562.31,1,1.0,0
2024-06-12 22:00,562.31,1,1.0,0
2024-06-12 23:00,562.31,1,1.0,0
2024-06-13 00:00,562.31,1,1.0,0
2024-06-13 01:00,562.31,1,1.0,0
2024-06-13 02:00,562.31,1,1.0,0
2024-06-13 03:00,562.31,1,1.0,0
2024-06-13 04:00,562.31,1,1.0,0
2024-06-13 05:00,562.31,1,1.0,0
2024-06-13 06:00,562.31,1,1.0,0
2024-06-13 07:00,562.31,1,1.0,0
2024-06-13 08:00,562.31,1,1.0,0
2024-06-13 09:00,562.31,1,1.0,0
2024-06-13 10:00,562.31,1,1.0,0
2024-06-13 11:00,562.31,1,1.0,0
2024-06-13 12:00,562.31,1,1.0,0
2024-06-13 13:00,562.31,1,1.0,0
2024-06-13 14:00,562.31,1,1.0,0
2024-06-13 15:00,562.31,1,1.0,0
2024-06-13 16:00,562.31,1,1.0,0
2024-06-13 17:00,562.31,1,1.0,0
2024-06-13 18:00,562.31,1,1.0,0
2024-06-13 19:00,562.31,1,1.0,0
2024-06-13 20:00,562.31,1,1.0,0
2024-06-13 21:00,562.31,1,1.0,0
2024-06-13 22:00,562.31,1,1.0,0
2024-06-13 23:00,562.31,1,1.0,0
2024-06-14 00:00,562.31,1,1.0,0
2024-06-14 01:00,562.31,1,1.0,0
2024-06-14 02:00,562.31,1,1.0,0
2024-06-14 03:00,562.31,1,1.0,0
2024-06-14 04:00,562.31,1,1.0,0
2024-06-14 05:00,562.31,1,1.0,0
2024-06-14 06:00,562.31,1,1.0,0
2024-06-14 07:00,562.31,1,1.0,0
2024-06-14 08:00,562.31,1,1.0,0
2024-06-14 09:00,562.31,1,1.0,0
2024-06-14 10:00,562.31,1,1.0,0
2024-06-14 11:00,562.31,1,1.0,0
2024-06-14 12:00,562.31,1,1.0,0
2024-06-14 13:00,562.31,1,1.0,0
2024-06-14 14:00,562.31,1,1.0,0
2024-06-14 15:00,562.31,1,1.0,0
2024-06-14 16:00,562.31,1,1.0,0
2024-06-14 17:00,562.31,1,1.0,0
2024-06-14 18:00,562.31,1,1.0,0
2024-06-14 19:00,562.31,1,1.0,0
2024-06-14 20:00,562.31,1,1.0,0
2024-06-14 21:00,562.31,1,1.0,0
2024-06-14 22:00,562.31,1,1.0,0
2024-06-14 23:00,562.31,1,1.0,0
2024-06-15 00:00,562.31,1,1.0,0
2024-06-15 01:00,562.31,1,1.0,0
2024-06-15 02:00,562.31,1,1.0,0
2024-06-15 03:00,562.31,1,1.0,0
2024-06-15 04:00,562.31,1,1.0,0
2024-06-15 05:00,562.31,1,1.0,0
2024-06-15 06:00,562.31,1,1.0,0
2024-06-15 07:00,562.31,1,1.0,0
2024-06-15 08:00,562.31,1,1.0,0
2024-06-15 09:00,562.31,1,1.0,0
2024-06-15 10:00,562.31,1,1.0,0
2024-06-15 11:00,562.31,1,1.0,0
2024-06-15 12:00,562.31,1,1.0,0
2024-06-15 13:00,562.31,1,1.0,0
2024-06-15 14:00,562.31,1,1.0,0
2024-06-15 15:00,562.31,1,1.0,0
2024-06-15 16:00,562.31,1,1.0,0
2024-06-15 17:00,562.31,1,1.0,0
2024-06-15 18:00,562.31,1,1.0,0
2024-06-15 19:00,562.31,1,1.0,0
2024-06-15 20:00,562.31,1,1.0,0
2024-06-15 21:00,562.31,1,1.0,0
2024-06-15 22:00,562.31,1,1.0,0
2024-06-15 23:00,562.31,1,1.0,0
2024-06-16 00:00,562.31,1,1.0,0
2024-06-16 01:00,562.31,1,1.0,0
2024-06-16 02:00,562.31,1,1.0,0
2024-06-16 03:00,562.31,1,1.0,0
2024-06-16 04:00,562.31,1,1.0,0
2024-06-16 05:00,562.31,1,1.0,0
2024-06-16 06:00,562.31,1,1.0,0
2024-06-16 07:00,562.31,1,1.0,0
2024-06-16 08:00,562.31,1,1.0,0
2024-06-16 09:00,562.31,1,1.0,0
2024-06-16 10:00,562.31,1,1.0,0
2024-06-16 11:00,562.31,1,1.0,0
2024-06-16 12:00,562.31,1,1.0,0
2024-06-16 13:00,562.31,1,1.0,0
2024-06-16 14:00,562.31,1,1.0,0
2024-06-16 15:00,562.31,1,1.0,0
2024-06-16 16:00,562.31,1,1.0,0
2024-06-16 17:00,562.31,1,1.0,0
2024-06-16 18:00,562.31,1,1.0,0
2024-06-16 19:00,562.31,1,1.0,0
2024-06-16 20:00,562.31,1,1.0,0
2024-06-16 21:00,562.31,1,1.0,0
2024-06-16 22:00,562.31,1,1.0,0
2024-06-16 23:00,562.31,1,1.0,0
2024-06-17 00:00,562.31,1,1.0,0
2024-06-17 01:00,562.31,1,1.0,0
2024-06-17 02:00,562.31,1,1.0,0
2024-06-17 03:00,562.31,1,1.0,0
2024-06-17 04:00,562.31,1,1.0,0
2024-06-17 05:00,562.31,1,1.0,0
2024-06-17 06:00,562.31,1,1.0,0
2024-06-17 07:00,562.31,1,1.0,0
2024-06-17 08:00,562.31,1,1.0,0
2024-06-17 09:00,562.31,1,1.0,0
2024-06-17 10:00,562.31,1,1.0,0
2024-06-17 11:00,562.31,1,1.0,0
2024-06-17 12:00,562.31,1,1.0,0
2024-06-17 13:00,562.31,1,1.0,0
2024-06-17 14:00,562.31,1,1.0,0
2024-06-17 15:00,562.31,1,1.0,0
2024-06-17 16:00,562.31,1,1.0,0
2024-06-17 17:00,562.31,1,1.0,0
2024-06-17 18:00,562.31,1,1.0,0
2024-06-17 19:00,562.31,1,1.0,0
2024-06-17 20:00,562.31,1,1.0,0
2024-06-17 21:00,562.31,1,1.0,0
2024-06-17 22:00,562.31,1,1.0,0
2024-06-17 23:00,562.31,1,1.0,0
2024-06-18 00:00,562.31,1,1.0,0
2024-06-18 01:00,562.31,1,1.0,0
2024-06-18 02:00,562.31,1,1.0,0
2024-06-18 03:00,562.31,1,1.0,0
2024-06-18 04:00,562.31,1,1.0,0
2024-06-18 05:00,562.31,1,1.0,0
2024-06-18 06:00,562.31,1,1.0,0
2024-06-18 07:00,562.31,1,1.0,0
2024-06-18 08:00,562.31,1,1.0,0
2024-06-18 09:00,562.31,1,1.0,0
2024-06-18 10:00,562.31,1,1.0,0
2024-06-18 11:00,562.31,1,1.0,0
2024-06-18 12:00,562.31,1,1.0,0
2024-06-18 13:00,562.31,1,1.0,0
2024-06-18 14:00,562.32,1,1.0,0
2024-06-18 15:00,562.32,1,1.0,0
2024-06-18 16:00,562.32,1,1.0,0
2024-06-18 17:00,562.32,1,1.0,0
2024-06-18 18:00,562.32,1,1.0,0
2024-06-18 19:00,562.32,1,1.0,0
2024-06-18 20:00,562.32,1,1.0,0
2024-06-18 21:00,562.32,1,1.0,0
2024-06-18 22:00,562.32,1,1.0,0
2024-06-18 23:00,562.32,1,1.0,0
2024-06-19 00:00,562.32,1,1.0,0
2024-06-19 01:00,562.32,1,1.0,0
2024-06-19 02:00,562.32,1,1.0,0
2024-06-19 03:00,562.32,1,1.0,0
2024-06-19 04:00,562.32,1,1.0,0
2024-06-19 05:00,562.32,1,1.0,0
2024-06-19 06:00,562.32,1,1.0,0
2024-06-19 07:00,562.32,1,1.0,0
2024-06-19 08:00,562.32,1,1.0,0
2024-06-19 09:00,562.32,1,1.0,0
2024-06-19 10:00,562.32,1,1.0,0
2024-06-19 11:00,562.32,1,1.0,0
2024-06-19 12:00,562.32,1,1.0,0
2024-06-19 13:00,562.32,1,1.0,0
2024-06-19 14:00,562.32,1,1.0,0
2024-06-19 15:00,562.32,1,1.0,0
2024-06-19 16:00,562.32,1,1.0,0
2024-06-19 17:00,562.32,1,1.0,0
2024-06-19 18:00,562.32,1,1.0,0
2024-06-19 19:00,562.32,1,1.0,0
2024-06-19 20:00,562.32,1,1.0,0
2024-06-19 21:00,562.32,1,1.0,0
2024-06-19 22:00,562.32,1,1.0,0
2024-06-19 23:00,562.32,1,1.0,0
2024-06-20 00:00,562.32,1,1.0,0
2024-06-20 01:00,562.32,1,1.0,0
2024-06-20 02:00,562.32,1,1.0,0
2024-06-20 03:00,562.32,1,1.0,0
2024-06-20 04:00,562.32,1,1.0,0
2024-06-20 05:00,562.32,1,1.0,0
2024-06-20 06:00,562.32,1,1.0,0
2024-06-20 07:00,562.32,1,1.0,0
2024-06-20 08:00,562.32,1,1.0,0
2024-06-20 09:00,562.32,1,1.0,0
2024-06-20 10:00,562.32,1,1.0,0
2024-06-20 11:00,562.32,1,1.0,0
2024-06-20 12:00,562.32,1,1.0,0
2024-06-20 13:00,562.34,1,1.0,0
2024-06-20 14:00,562.35,1,1.0,0
2024-06-20 15:00,562.37,1,1.0,0
2024-06-20 16:00,562.37,1,1.0,0
2024-06-20 17:00,562.37,1,1.0,0
2024-06-20 18:00,562.37,1,1.0,0
2024-06-20 19:00,562.37,1,1.0,0
2024-06-20 20:00,562.37,1,1.0,0
2024-06-20 21:00,562.37,1,1.0,0
2024-06-20 22:00,562.37,1,1.0,0
2024-06-20 23:00,562.37,1,1.0,0
2024-06-21 00:00,562.37,1,1.0,0
2024-06-21 01:00,562.37,1,1.0,0
2024-06-21 02:00,562.37,1,1.0,0
2024-06-21 03:00,562.37,1,1.0,0
2024-06-21 04:00,562.37,1,1.0,0
2024-06-21 05:00,562.37,1,1.0,0
2024-06-21 06:00,562.37,1,1.0,0
2024-06-21 07:00,562.37,1,1.0,0
2024-06-21 08:00,562.37,1,1.0,0
2024-06-21 09:00,562.37,1,1.0,0
2024-06-21 10:00,562.37,1,1.0,0
2024-06-21 11:00,562.37,1,1.0,0
2024-06-21 12:00,562.37,1,1.0,0
2024-06-21 13:00,562.4,1,1.0,0
2024-06-21 14:00,562.4,1,1.0,0
2024-06-21 15:00,562.4,1,1.0,0
2024-06-21 16:00,562.4,1,1.0,0
2024-06-21 17:00,562.4,1,1.0,0
2024-06-21 18:00,562.4,1,1.0,0
2024-06-21 19:00,562.4,1,1.0,0
2024-06-21 20:00,562.4,1,1.0,0
2024-06-21 21:00,562.4,1,1.0,0
2024-06-21 22:00,562.4,1,1.0,0
2024-06-21 23:00,562.4,1,1.0,0
2024-06-22 00:00,562.4,1,1.0,0
2024-06-22 01:00,562.4,1,1.0,0
2024-06-22 02:00,562.4,1,1.0,0
2024-06-22 03:00,562.4,1,1.0,0
2024-06-22 04:00,562.4,1,1.0,0
2024-06-22 05:00,562.4,1,1.0,0
2024-06-22 06:00,562.4,1,1.0,0
2024-06-22 07:00,562.4,1,1.0,0
2024-06-22 08:00,562.4,1,1.0,0
2024-06-22 09:00,562.4,1,1.0,0
2024-06-22 10:00,562.4,1,1.0,0
2024-06-22 11:00,562.4,1,1.0,0
2024-06-22 12:00,562.4,1,1.0,0
2024-06-22 13:00,562.4,1,1.0,0
2024-06-22 14:00,562.4,1,1.0,0
2024-06-22 15:00,562.4,1,1.0,0
2024-06-22 16:00,562.4,1,1.0,0
2024-06-22 17:00,562.4,1,1.0,0
2024-06-22 18:00,562.4,1,1.0,0
2024-06-22 19:00,562.4,1,1.0,0
2024-06-22 20:00,562.4,1,1.0,0
2024-06-22 21:00,562.4,1,1.0,0
2024-06-22 22:00,562.4,1,1.0,0
2024-06-22 23:00,562.41,1,1.0,0
2024-06-23 00:00,562.42,1,1.0,0
2024-06-23 01:00,562.43,1,1.0,0
2024-06-23 02:00,562.46,1,1.0,0
2024-06-23 03:00,562.48,1,1.0,0
2024-06-23 04:00,562.5,1,1.0,0
2024-06-23 05:00,562.5,1,1.0,0
2024-06-23 06:00,562.5,1,1.0,0
2024-06-23 07:00,562.5,1,1.0,0
2024-06-23 08:00,562.5,1,1.0,0
2024-06-23 09:00,562.5,1,1.0,0
2024-06-23 10:00,562.5,1,1.0,0
2024-06-23 11:00,562.5,1,1.0,0
2024-06-23 12:00,562.5,1,1.0,0
2024-06-23 13:00,562.5,1,1.0,0
2024-06-23 14:00,562.5,1,1.0,0
2024-06-23 15:00,562.5,1,1.0,0
2024-06-23 16:00,562.5,1,1.0,0
2024-06-23 17:00,562.5,1,1.0,0
2024-06-23 18:00,562.5,1,1.0,0
2024-06-23 19:00,562.5,1,1.0,0
2024-06-23 20:00,562.5,1,1.0,0
2024-06-23 21:00,562.5,1,1.0,0
2024-06-23 22:00,562.5,1,1.0,0
2024-06-23 23:00,562.5,1,1.0,0
2024-06-24 00:00,562.5,1,1.0,0
2024-06-24 01:00,562.5,1,1.0,0
2024-06-24 02:00,562.5,1,1.0,0
2024-06-24 03:00,562.5,1,1.0,0
2024-06-24 04:00,562.5,1,1.0,0
2024-06-24 05:00,562.5,1,1.0,0
2024-06-24 06:00,562.5,1,1.0,0
2024-06-24 07:00,562.5,1,1.0,0
2024-06-24 08:00,562.5,1,1.0,0
2024-06-24 09:00,562.5,1,1.0,0
2024-06-24 10:00,562.5,1,1.0,0
2024-06-24 11:00,562.5,1,1.0,0
2024-06-24 12:00,562.52,1,1.0,0
2024-06-24 13:00,562.63,1,1.0,0
2024-06-24 14:00,562.65,1,1.0,0
2024-06-24 15:00,562.74,1,1.0,0
2024-06-24 16:00,562.74,1,1.0,0
2024-06-24 17:00,562.75,1,1.0,0
2024-06-24 18:00,562.75,1,1.0,0
2024-06-24 19:00,562.75,1,1.0,0
2024-06-24 20:00,562.75,1,1.0,0
2024-06-24 21:00,562.75,1,1.0,0
2024-06-24 22:00,562.75,1,1.0,0
2024-06-24 23:00,562.75,1,1.0,0
2024-06-25 00:00,562.75,1,1.0,0
2024-06-25 01:00,562.75,1,1.0,0
2024-06-25 02:00,562.75,1,1.0,0
2024-06-25 03:00,562.75,1,1.0,0
2024-06-25 04:00,562.75,1,1.0,0
2024-06-25 05:00,562.75,1,1.0,0
2024-06-25 06:00,562.75,1,1.0,0
2024-06-25 07:00,562.82,1,1.0,0
2024-06-25 08:00,562.9,1,1.0,0
2024-06-25 09:00,563.03,1,1.0,0
2024-06-25 10:00,563.37,1,1.0,0
2024-06-25 11:00,563.39,1,1.0,0
2024-06-25 12:00,563.58,1,1.0,0
2024-06-25 13:00,564.09,1,1.0,0
2024-06-25 14:00,564.89,1,1.0,0
2024-06-25 15:00,566.11,1,1.0,0
2024-06-25 16:00,567.18,1,1.0,0
2024-06-25 17:00,568.43,1,1.0,0
2024-06-25 18:00,569.99,1,1.0,0
2024-06-25 19:00,570.32,1,1.0,0
2024-06-25 20:00,571.24,1,1.0,0
2024-06-25 21:00,572.55,1,1.0,0
2024-06-25 22:00,574.12,1,1.0,0
2024-06-25 23:00,574.94,1,1.0,0
2024-06-26 00:00,575.12,1,1.0,0
2024-06-26 01:00,575.16,1,1.0,0
2024-06-26 02:00,575.17,1,1.0,0
2024-06-26 03:00,575.21,1,1.0,0
2024-06-26 04:00,575.26,1,1.0,0
2024-06-26 05:00,575.34,1,1.0,0
2024-06-26 06:00,575.36,1,1.0,0
2024-06-26 07:00,575.36,1,1.0,0
2024-06-26 08:00,575.4,1,1.0,0
2024-06-26 09:00,575.43,1,1.0,0
2024-06-26 10:00,575.43,1,1.0,0
2024-06-26 11:00,575.43,1,1.0,0
2024-06-26 12:00,575.45,1,1.0,0
2024-06-26 13:00,575.45,1,1.0,0
2024-06-26 14:00,575.45,1,1.0,0
2024-06-26 15:00,575.45,1,1.0,0
2024-06-26 16:00,575.45,1,1.0,0
2024-06-26 17:00,575.45,1,1.0,0
2024-06-26 18:00,575.45,1,1.0,0
2024-06-26 19:00,575.45,1,1.0,0
2024-06-26 20:00,575.45,1,1.0,0
2024-06-26 21:00,575.45,1,1.0,0
2024-06-26 22:00,575.45,1,1.0,0
2024-06-26 23:00,575.45,1,1.0,0
2024-06-27 00:00,575.46,1,1.0,0
2024-06-27 01:00,575.46,1,1.0,0
2024-06-27 02:00,575.47,1,1.0,0
2024-06-27 03:00,575.47,1,1.0,0
2024-06-27 04:00,575.48,1,1.0,0
2024-06-27 05:00,575.49,1,1.0,0
2024-06-27 06:00,575.5,1,1.0,0
2024-06-27 07:00,575.54,1,1.0,0
2024-06-27 08:00,575.55,1,1.0,0
2024-06-27 09:00,575.55,1,1.0,0
2024-06-27 10:00,575.55,1,1.0,0
2024-06-27 11:00,575.55,1,1.0,0
2024-06-27 12:00,575.55,1,1.0,0
2024-06-27 13:00,575.55,1,1.0,0
2024-06-27 14:00,575.55,1,1.0,0
2024-06-27 15:00,575.55,1,1.0,0
2024-06-27 16:00,575.55,1,1.0,0
2024-06-27 17:00,575.55,1,1.0,0
2024-06-27 18:00,575.55,1,1.0,0
2024-06-27 19:00,575.55,1,1.0,0
2024-06-27 20:00,575.55,1,1.0,0
2024-06-27 21:00,575.55,1,1.0,0
2024-06-27 22:00,575.55,1,1.0,0
2024-06-27 23:00,575.55,1,1.0,0
2024-06-28 00:00,575.55,1,1.0,0
2024-06-28 01:00,575.55,1,1.0,0
2024-06-28 02:00,575.55,1,1.0,0
2024-06-28 03:00,575.55,1,1.0,0
2024-06-28 04:00,575.55,1,1.0,0
2024-06-28 05:00,575.55,1,1.0,0
2024-06-28 06:00,575.55,1,1.0,0
2024-06-28 07:00,575.55,1,1.0,0
2024-06-28 08:00,575.55,1,1.0,0
2024-06-28 09:00,575.55,1,1.0,0
2024-06-28 10:00,575.55,1,1.0,0
2024-06-28 11:00,575.55,1,1.0,0
2024-06-28 12:00,575.55,1,1.0,0
2024-06-28 13:00,575.55,1,1.0,0
2024-06-28 14:00,575.55,1,1.0,0
2024-06-28 15:00,575.55,1,1.0,0
2024-06-28 16:00,575.55,1,1.0,0
2024-06-28 17:00,575.55,1,1.0,0
2024-06-28 18:00,575.55,1,1.0,0
2024-06-28 19:00,575.55,1,1.0,0
2024-06-28 20:00,575.55,1,1.0,0
2024-06-28 21:00,575.55,1,1.0,0
2024-06-28 22:00,575.55,1,1.0,0
2024-06-28 23:00,575.55,1,1.0,0
2024-06-29 00:00,575.55,1,1.0,0
2024-06-29 01:00,575.55,1,1.0,0
2024-06-29 02:00,575.55,1,1.0,0
2024-06-29 03:00,575.55,1,1.0,0
2024-06-29 04:00,575.55,1,1.0,0
2024-06-29 05:00,575.55,1,1.0,0
2024-06-29 06:00,575.55,1,1.0,0
2024-06-29 07:00,575.55,1,1.0,0
2024-06-29 08:00,575.55,1,1.0,0
2024-06-29 09:00,575.55,1,1.0,0
2024-06-29 10:00,575.55,1,1.0,0
2024-06-29 11:00,575.55,1,1.0,0
2024-06-29 12:00,575.55,1,1.0,0
2024-06-29 13:00,575.55,1,1.0,0
2024-06-29 14:00,575.55,1,1.0,0
2024-06-29 15:00,575.55,1,1.0,0
2024-06-29 16:00,575.55,1,1.0,0
2024-06-29 17:00,575.55,1,1.0,0
2024-06-29 18:00,575.55,1,1.0,0
2024-06-29 19:00,575.55,1,1.0,0
2024-06-29 20:00,575.55,1,1.0,0
2024-06-29 21:00,575.55,1,1.0,0
2024-06-29 22:00,575.55,1,1.0,0
2024-06-29 23:00,575.55,1,1.0,0
2024-06-30 00:00,575.55,1,1.0,0
2024-06-30 01:00,575.55,1,1.0,0
2024-06-30 02:00,575.55,1,1.0,0
2024-06-30 03:00,575.55,1,1.0,0
2024-06-30 04:00,575.55,1,1.0,0
2024-06-30 05:00,575.55,1,1.0,0
2024-06-30 06:00,575.55,1,1.0,0
2024-06-30 07:00,575.55,1,1.0,0
2024-06-30 08:00,575.55,1,1.0,0
2024-06-30 09:00,575.55,1,1.0,0
2024-06-30 10:00,575.55,1,1.0,0
2024-06-30 11:00,575.55,1,1.0,0
2024-06-30 12:00,575.55,1,1.0,0
2024-06-30 13:00,575.55,1,1.0,0
2024-06-30 14:00,575.55,1,1.0,0
2024-06-30 15:00,575.55,1,1.0,0
2024-06-30 16:00,575.55,1,1.0,0
2024-06-30 17:00,575.55,1,1.0,0
2024-06-30 18:00,575.55,1,1.0,0
2024-06-30 19:00,575.55,1,1.0,0
2024-06-30 20:00,575.55,1,1.0,0
2024-06-30 21:00,575.56,1,1.0,0
2024-06-30 22:00,575.56,1,1.0,0
2024-06-30 23:00,575.57,1,1.0,0
2024-07-01 00:00,575.57,1,1.0,0
2024-07-01 01:00,575.58,1,1.0,0
2024-07-01 02:00,575.58,1,1.0,0
2024-07-01 03:00,575.59,1,1.0,0
2024-07-01 04:00,575.61,1,1.0,0
2024-07-01 05:00,575.63,1,1.0,0
2024-07-01 06:00,575.64,1,1.0,0
2024-07-01 07:00,575.64,1,1.0,0
2024-07-01 08:00,575.64,1,1.0,0
2024-07-01 09:00,575.64,1,1.0,0
2024-07-01 10:00,575.64,1,1.0,0
2024-07-01 11:00,575.64,1,1.0,0
2024-07-01 12:00,575.64,1,1.0,0
2024-07-01 13:00,575.64,1,1.0,0
2024-07-01 14:00,575.64,1,1.0,0
2024-07-01 15:00,575.64,1,1.0,0
2024-07-01 16:00,575.64,1,1.0,0
2024-07-01 17:00,575.64,1,1.0,0
2024-07-01 18:00,575.64,1,1.0,0
2024-07-01 19:00,575.64,1,1.0,0
2024-07-01 20:00,575.64,1,1.0,0
2024-07-01 21:00,575.64,1,1.0,0
2024-07-01 22:00,575.64,1,1.0,0
2024-07-01 23:00,575.64,1,1.0,0
2024-07-02 00:00,575.64,1,1.0,0
2024-07-02 01:00,575.64,1,1.0,0
2024-07-02 02:00,575.64,1,1.0,0
2024-07-02 03:00,575.64,1,1.0,0
2024-07-02 04:00,575.64,1,1.0,0
2024-07-02 05:00,575.67,1,1.0,0
2024-07-02 06:00,575.69,1,1.0,0
2024-07-02 07:00,575.69,1,1.0,0
2024-07-02 08:00,575.69,1,1.0,0
2024-07-02 09:00,575.7,1,1.0,0
2024-07-02 10:00,575.8,1,1.0,0
2024-07-02 11:00,576.0,1,1.0,0
2024-07-02 12:00,576.05,1,1.0,0
2024-07-02 13:00,576.11,1,1.0,0
2024-07-02 14:00,576.15,1,1.0,0
2024-07-02 15:00,577.68,1,1.0,0
2024-07-02 16:00,578.26,1,1.0,0
2024-07-02 17:00,578.26,1,1.0,0
2024-07-02 18:00,578.26,1,1.0,0
2024-07-02 19:00,578.26,1,1.0,0
2024-07-02 20:00,578.26,1,1.0,0
2024-07-02 21:00,578.26,1,1.0,0
2024-07-02 22:00,578.26,1,1.0,0
2024-07-02 23:00,578.26,1,1.0,0
2024-07-03 00:00,578.26,1,1.0,0
2024-07-03 01:00,578.26,1,1.0,0
2024-07-03 02:00,578.26,1,1.0,0
2024-07-03 03:00,578.26,1,1.0,0
2024-07-03 04:00,578.26,1,1.0,0
2024-07-03 05:00,578.26,1,1.0,0
2024-07-03 06:00,578.26,1,1.0,0
2024-07-03 07:00,578.26,1,1.0,0
2024-07-03 08:00,578.26,1,1.0,0
2024-07-03 09:00,578.26,1,1.0,0
2024-07-03 10:00,578.26,1,1.0,0
2024-07-03 11:00,578.27,1,1.0,0
2024-07-03 12:00,578.27,1,1.0,0
2024-07-03 13:00,578.27,1,1.0,0
2024-07-03 14:00,578.33,1,1.0,0
2024-07-03 15:00,578.77,1,1.0,0
2024-07-03 16:00,578.98,1,1.0,0
2024-07-03 17:00,579.24,1,1.0,0
2024-07-03 18:00,580.3,1,1.0,0
2024-07-03 19:00,580.48,1,1.0,0
2024-07-03 20:00,580.63,1,1.0,0
2024-07-03 21:00,580.65,1,1.0,0
2024-07-03 22:00,580.66,1,1.0,0
2024-07-03 23:00,580.68,1,1.0,0
2024-07-04 00:00,580.7,1,1.0,0
2024-07-04 01:00,580.71,1,1.0,0
2024-07-04 02:00,580.71,1,1.0,0
2024-07-04 03:00,580.71,1,1.0,0
2024-07-04 04:00,580.71,1,1.0,0
2024-07-04 05:00,580.71,1,1.0,0
2024-07-04 06:00,580.71,1,1.0,0
2024-07-04 07:00,580.72,1,1.0,0
2024-07-04 08:00,580.76,1,1.0,0
2024-07-04 09:00,580.82,1,1.0,0
2024-07-04 10:00,580.87,1,1.0,0
2024-07-04 11:00,580.96,1,1.0,0
2024-07-04 12:00,581.04,1,1.0,0
2024-07-04 13:00,581.09,1,1.0,0
2024-07-04 14:00,581.1,1,1.0,0
2024-07-04 15:00,581.1,1,1.0,0
2024-07-04 16:00,581.1,1,1.0,0
2024-07-04 17:00,581.1,1,1.0,0
2024-07-04 18:00,581.1,1,1.0,0
2024-07-04 19:00,581.1,1,1.0,0
2024-07-04 20:00,581.1,1,1.0,0
2024-07-04 21:00,581.1,1,1.0,0
2024-07-04 22:00,581.1,1,1.0,0
2024-07-04 23:00,581.1,1,1.0,0
2024-07-05 00:00,581.1,1,1.0,0
2024-07-05 01:00,581.1,1,1.0,0
2024-07-05 02:00,581.1,1,1.0,0
2024-07-05 03:00,581.1,1,1.0,0
2024-07-05 04:00,581.1,1,1.0,0
2024-07-05 05:00,581.1,1,1.0,0
2024-07-05 06:00,581.1,1,1.0,0
2024-07-05 07:00,581.1,1,1.0,0
2024-07-05 08:00,581.1,1,1.0,0
2024-07-05 09:00,581.1,1,1.0,0
2024-07-05 10:00,581.1,1,1.0,0
2024-07-05 11:00,581.1,1,1.0,0
2024-07-05 12:00,581.1,1,1.0,0
2024-07-05 13:00,581.1,1,1.0,0
2024-07-05 14:00,581.1,1,1.0,0
2024-07-05 15:00,581.1,1,1.0,0
2024-07-05 16:00,581.1,1,1.0,0
2024-07-05 17:00,581.1,1,1.0,0
2024-07-05 18:00,581.1,1,1.0,0
2024-07-05 19:00,581.1,1,1.0,0
2024-07-05 20:00,581.1,1,1.0,0
2024-07-05 21:00,581.1,1,1.0,0
2024-07-05 22:00,581.1,1,1.0,0
2024-07-05 23:00,581.1,1,1.0,0
2024-07-06 00:00,581.1,1,1.0,0
2024-07-06 01:00,581.1,1,1.0,0
2024-07-06 02:00,581.1,1,1.0,0
2024-07-06 03:00,581.1,1,1.0,0
2024-07-06 04:00,581.1,1,1.0,0
2024-07-06 05:00,581.1,1,1.0,0
2024-07-06 06:00,581.1,1,1.0,0
2024-07-06 07:00,581.1,1,1.0,0
2024-07-06 08:00,581.1,1,1.0,0
2024-07-06 09:00,581.1,1,1.0,0
2024-07-06 10:00,581.1,1,1.0,0
2024-07-06 11:00,581.1,1,1.0,0
2024-07-06 12:00,581.1,1,1.0,0
2024-07-06 13:00,581.1,1,1.0,0
2024-07-06 14:00,581.1,1,1.0,0
2024-07-06 15:00,581.1,1,1.0,0
2024-07-06 16:00,581.1,1,1.0,0
2024-07-06 17:00,581.1,1,1.0,0
2024-07-06 18:00,581.1,1,1.0,0
2024-07-06 19:00,581.1,1,1.0,0
2024-07-06 20:00,581.1,1,1.0,0
2024-07-06 21:00,581.1,1,1.0,0
2024-07-06 22:00,581.1,1,1.0,0
2024-07-06 23:00,581.1,1,1.0,0
2024-07-07 00:00,581.1,1,1.0,0
2024-07-07 01:00,581.1,1,1.0,0
2024-07-07 02:00,581.1,1,1.0,0
2024-07-07 03:00,581.1,1,1.0,0
2024-07-07 04:00,581.1,1,1.0,0
2024-07-07 05:00,581.1,1,1.0,0
2024-07-07 06:00,581.1,1,1.0,0
2024-07-07 07:00,581.13,1,1.0,0
2024-07-07 08:00,581.13,1,1.0,0
2024-07-07 09:00,581.13,1,1.0,0
2024-07-07 10:00,581.13,1,1.0,0
2024-07-07 11:00,581.14,1,1.0,0
2024-07-07 12:00,581.14,1,1.0,0
2024-07-07 13:00,581.14,1,1.0,0
2024-07-07 14:00,581.14,1,1.0,0
2024-07-07 15:00,581.14,1,1.0,0
2024-07-07 16:00,581.14,1,1.0,0
2024-07-07 17:00,581.14,1,1.0,0
2024-07-07 18:00,581.14,1,1.0,0
2024-07-07 19:00,581.14,1,1.0,0
2024-07-07 20:00,581.14,1,1.0,0
2024-07-07 21:00,581.14,1,1.0,0
2024-07-07 22:00,581.14,1,1.0,0
2024-07-07 23:00,581.14,1,1.0,0
2024-07-08 00:00,581.14,1,1.0,0
2024-07-08 01:00,581.14,1,1.0,0
2024-07-08 02:00,581.14,1,1.0,0
2024-07-08 03:00,581.14,1,1.0,0
2024-07-08 04:00,581.14,1,1.0,0
2024-07-08 05:00,581.14,1,1.0,0
2024-07-08 06:00,581.14,1,1.0,0
2024-07-08 07:00,581.14,1,1.0,0
2024-07-08 08:00,581.14,1,1.0,0
2024-07-08 09:00,581.14,1,1.0,0
2024-07-08 10:00,581.14,1,1.0,0
2024-07-08 11:00,581.14,1,1.0,0
2024-07-08 12:00,581.14,1,1.0,0
2024-07-08 13:00,581.14,1,1.0,0
2024-07-08 14:00,581.14,1,1.0,0
2024-07-08 15:00,581.14,1,1.0,0
2024-07-08 16:00,581.14,1,1.0,0
2024-07-08 17:00,581.14,1,1.0,0
2024-07-08 18:00,581.14,1,1.0,0
2024-07-08 19:00,581.14,1,1.0,0
2024-07-08 20:00,581.14,1,1.0,0
2024-07-08 21:00,581.14,1,1.0,0
2024-07-08 22:00,581.14,1,1.0,0
2024-07-08 23:00,581.14,1,1.0,0
2024-07-09 00:00,581.14,1,1.0,0
2024-07-09 01:00,581.14,1,1.0,0
2024-07-09 02:00,581.14,1,1.0,0
2024-07-09 03:00,581.14,1,1.0,0
2024-07-09 04:00,581.14,1,1.0,0
2024-07-09 05:00,581.14,1,1.0,0
2024-07-09 06:00,581.14,1,1.0,0
2024-07-09 07:00,581.14,1,1.0,0
2024-07-09 08:00,581.14,1,1.0,0
2024-07-09 09:00,581.14,1,1.0,0
2024-07-09 10:00,581.14,1,1.0,0
2024-07-09 11:00,581.14,1,1.0,0
2024-07-09 12:00,581.14,1,1.0,0
2024-07-09 13:00,581.14,1,1.0,0
2024-07-09 14:00,581.14,1,1.0,0
2024-07-09 15:00,581.14,1,1.0,0
2024-07-09 16:00,581.14,1,1.0,0
2024-07-09 17:00,581.14,1,1.0,0
2024-07-09 18:00,581.14,1,1.0,0
2024-07-09 19:00,581.14,1,1.0,0
2024-07-09 20:00,581.14,1,1.0,0
2024-07-09 21:00,581.14,1,1.0,0
2024-07-09 22:00,581.14,1,1.0,0
2024-07-09 23:00,581.14,1,1.0,0
2024-07-10 00:00,581.14,1,1.0,0
2024-07-10 01:00,581.14,1,1.0,0
2024-07-10 02:00,581.14,1,1.0,0
2024-07-10 03:00,581.14,1,1.0,0
2024-07-10 04:00,581.14,1,1.0,0
2024-07-10 05:00,581.14,1,1.0,0
2024-07-10 06:00,581.14,1,1.0,0
2024-07-10 07:00,581.14,1,1.0,0
2024-07-10 08:00,581.14,1,1.0,0
2024-07-10 09:00,581.14,1,1.0,0
2024-07-10 10:00,581.14,1,1.0,0
2024-07-10 11:00,581.14,1,1.0,0
2024-07-10 12:00,581.14,1,1.0,0
2024-07-10 13:00,581.14,1,1.0,0
2024-07-10 14:00,581.14,1,1.0,0
2024-07-10 15:00,581.14,1,1.0,0
2024-07-10 16:00,581.14,1,1.0,0
2024-07-10 17:00,581.14,1,1.0,0
2024-07-10 18:00,581.14,1,1.0,0
2024-07-10 19:00,581.14,1,1.0,0
2024-07-10 20:00,581.14,1,1.0,0
2024-07-10 21:00,581.14,1,1.0,0
2024-07-10 22:00,581.14,1,1.0,0
2024-07-10 23:00,581.14,1,1.0,0
2024-07-11 00:00,581.14,1,1.0,0
2024-07-11 01:00,581.14,1,1.0,0
2024-07-11 02:00,581.14,1,1.0,0
2024-07-11 03:00,581.14,1,1.0,0
2024-07-11 04:00,581.14,1,1.0,0
2024-07-11 05:00,581.14,1,1.0,0
2024-07-11 06:00,581.14,1,1.0,0
2024-07-11 07:00,581.14,1,1.0,0
2024-07-11 08:00,581.14,1,1.0,0
2024-07-11 09:00,581.14,1,1.0,0
2024-07-11 10:00,581.14,1,1.0,0
2024-07-11 11:00,581.14,1,1.0,0
2024-07-11 12:00,581.14,1,1.0,0
2024-07-11 13:00,581.14,1,1.0,0
2024-07-11 14:00,581.14,1,1.0,0
2024-07-11 15:00,581.14,1,1.0,0
2024-07-11 16:00,581.14,1,1.0,0
2024-07-11 17:00,581.14,1,1.0,0
2024-07-11 18:00,581.14,1,1.0,0
2024-07-11 19:00,581.14,1,1.0,0
2024-07-11 20:00,581.14,1,1.0,0
2024-07-11 21:00,581.14,1,1.0,0
2024-07-11 22:00,581.14,1,1.0,0
2024-07-11 23:00,581.14,1,1.0,0
2024-07-12 00:00,581.14,1,1.0,0
2024-07-12 01:00,581.14,1,1.0,0
2024-07-12 02:00,581.14,1,1.0,0
2024-07-12 03:00,581.14,1,1.0,0
2024-07-12 04:00,581.14,1,1.0,0
2024-07-12 05:00,581.14,1,1.0,0
2024-07-12 06:00,581.14,1,1.0,0
2024-07-12 07:00,581.14,1,1.0,0
2024-07-12 08:00,581.14,1,1.0,0
2024-07-12 09:00,581.14,1,1.0,0
2024-07-12 10:00,581.14,1,1.0,0
2024-07-12 11:00,581.14,1,1.0,0
2024-07-12 12:00,581.14,1,1.0,0
2024-07-12 13:00,581.14,1,1.0,0
2024-07-12 14:00,581.14,1,1.0,0
2024-07-12 15:00,581.14,1,1.0,0
2024-07-12 16:00,581.14,1,1.0,0
2024-07-12 17:00,581.14,1,1.0,0
2024-07-12 18:00,581.14,1,1.0,0
2024-07-12 19:00,581.14,1,1.0,0
2024-07-12 20:00,581.15,1,1.0,0
2024-07-12 21:00,581.15,1,1.0,0
2024-07-12 22:00,581.15,1,1.0,0
2024-07-12 23:00,581.15,1,1.0,0
2024-07-13 00:00,581.15,1,1.0,0
2024-07-13 01:00,581.15,1,1.0,0
2024-07-13 02:00,581.15,1,1.0,0
2024-07-13 03:00,581.15,1,1.0,0
2024-07-13 04:00,581.15,1,1.0,0
2024-07-13 05:00,581.15,1,1.0,0
2024-07-13 06:00,581.15,1,1.0,0
2024-07-13 07:00,581.15,1,1.0,0
2024-07-13 08:00,581.15,1,1.0,0
2024-07-13 09:00,581.15,1,1.0,0
2024-07-13 10:00,581.15,1,1.0,0
2024-07-13 11:00,581.15,1,1.0,0
2024-07-13 12:00,581.15,1,1.0,0
2024-07-13 13:00,581.15,1,1.0,0
2024-07-13 14:00,581.15,1,1.0,0
2024-07-13 15:00,581.15,1,1.0,0
2024-07-13 16:00,581.15,1,1.0,0
2024-07-13 17:00,581.15,1,1.0,0
2024-07-13 18:00,581.15,1,1.0,0
2024-07-13 19:00,581.15,1,1.0,0
2024-07-13 20:00,581.15,1,1.0,0
2024-07-13 21:00,581.15,1,1.0,0
2024-07-13 22:00,581.15,1,1.0,0
2024-07-13 23:00,581.15,1,1.0,0
2024-07-14 00:00,581.15,1,1.0,0
2024-07-14 01:00,581.15,1,1.0,0
2024-07-14 02:00,581.15,1,1.0,0
2024-07-14 03:00,581.15,1,1.0,0
2024-07-14 04:00,581.15,1,1.0,0
2024-07-14 05:00,581.15,1,1.0,0
2024-07-14 06:00,581.15,1,1.0,0
2024-07-14 07:00,581.15,1,1.0,0
2024-07-14 08:00,581.15,1,1.0,0
2024-07-14 09:00,581.15,1,1.0,0
2024-07-14 10:00,581.15,1,1.0,0
2024-07-14 11:00,581.15,1,1.0,0
2024-07-14 12:00,581.15,1,1.0,0
2024-07-14 13:00,581.15,1,1.0,0
2024-07-14 14:00,581.15,1,1.0,0
2024-07-14 15:00,581.15,1,1.0,0
2024-07-14 16:00,581.15,1,1.0,0
2024-07-14 17:00,581.15,1,1.0,0
2024-07-14 18:00,581.15,1,1.0,0
2024-07-14 19:00,581.15,1,1.0,0
2024-07-14 20:00,581.15,1,1.0,0
2024-07-14 21:00,581.15,1,1.0,0
2024-07-14 22:00,581.15,1,1.0,0
2024-07-14 23:00,581.15,1,1.0,0
2024-07-15 00:00,581.15,1,1.0,0
2024-07-15 01:00,581.15,1,1.0,0
2024-07-15 02:00,581.15,1,1.0,0
2024-07-15 03:00,581.15,1,1.0,0
2024-07-15 04:00,581.15,1,1.0,0
2024-07-15 05:00,581.15,1,1.0,0
2024-07-15 06:00,581.15,1,1.0,0
2024-07-15 07:00,581.15,1,1.0,0
2024-07-15 08:00,581.15,1,1.0,0
2024-07-15 09:00,581.15,1,1.0,0
2024-07-15 10:00,581.15,1,1.0,0
2024-07-15 11:00,581.15,1,1.0,0
2024-07-15 12:00,581.15,1,1.0,0
2024-07-15 13:00,581.15,1,1.0,0
2024-07-15 14:00,581.15,1,1.0,0
2024-07-15 15:00,581.15,1,1.0,0
2024-07-15 16:00,581.15,1,1.0,0
2024-07-15 17:00,581.15,1,1.0,0
2024-07-15 18:00,581.15,1,1.0,0
2024-07-15 19:00,581.15,1,1.0,0
2024-07-15 20:00,581.15,1,1.0,0
2024-07-15 21:00,581.15,1,1.0,0
2024-07-15 22:00,581.15,1,1.0,0
2024-07-15 23:00,581.15,1,1.0,0
2024-07-16 00:00,581.15,1,1.0,0
2024-07-16 01:00,581.15,1,1.0,0
2024-07-16 02:00,581.15,1,1.0,0
2024-07-16 03:00,581.15,1,1.0,0
2024-07-16 04:00,581.15,1,1.0,0
2024-07-16 05:00,581.15,1,1.0,0
2024-07-16 06:00,581.15,1,1.0,0
2024-07-16 07:00,581.15,1,1.0,0
2024-07-16 08:00,581.15,1,1.0,0
2024-07-16 09:00,581.15,1,1.0,0
2024-07-16 10:00,581.15,1,1.0,0
2024-07-16 11:00,581.15,1,1.0,0
2024-07-16 12:00,581.15,1,1.0,0
2024-07-16 13:00,581.15,1,1.0,0
2024-07-16 14:00,581.15,1,1.0,0
2024-07-16 15:00,581.15,1,1.0,0
2024-07-16 16:00,581.15,1,1.0,0
2024-07-16 17:00,581.15,1,1.0,0
2024-07-16 18:00,581.15,1,1.0,0
2024-07-16 19:00,581.15,1,1.0,0
2024-07-16 20:00,581.15,1,1.0,0
2024-07-16 21:00,581.15,1,1.0,0
2024-07-16 22:00,581.15,1,1.0,0
2024-07-16 23:00,581.15,1,1.0,0
2024-07-17 00:00,581.15,1,1.0,0
2024-07-17 01:00,581.15,1,1.0,0
2024-07-17 02:00,581.15,1,1.0,0
2024-07-17 03:00,581.15,1,1.0,0
2024-07-17 04:00,581.15,1,1.0,0
2024-07-17 05:00,581.15,1,1.0,0
2024-07-17 06:00,581.15,1,1.0,0
2024-07-17 07:00,581.15,1,1.0,0
2024-07-17 08:00,581.15,1,1.0,0
2024-07-17 09:00,581.15,1,1.0,0
2024-07-17 10:00,581.15,1,1.0,0
2024-07-17 11:00,581.15,1,1.0,0
2024-07-17 12:00,581.15,1,1.0,0
2024-07-17 13:00,581.15,1,1.0,0
2024-07-17 14:00,581.15,1,1.0,0
2024-07-17 15:00,581.19,1,1.0,0
2024-07-17 16:00,581.19,1,1.0,0
2024-07-17 17:00,581.19,1,1.0,0
2024-07-17 18:00,581.19,1,1.0,0
2024-07-17 19:00,581.19,1,1.0,0
2024-07-17 20:00,581.19,1,1.0,0
2024-07-17 21:00,581.19,1,1.0,0
2024-07-17 22:00,581.19,1,1.0,0
2024-07-17 23:00,581.19,1,1.0,0
2024-07-18 00:00,581.19,1,1.0,0
2024-07-18 01:00,581.19,1,1.0,0
2024-07-18 02:00,581.19,1,1.0,0
2024-07-18 03:00,581.19,1,1.0,0
2024-07-18 04:00,581.19,1,1.0,0
2024-07-18 05:00,581.19,1,1.0,0
2024-07-18 06:00,581.19,1,1.0,0
2024-07-18 07:00,581.19,1,1.0,0
2024-07-18 08:00,581.2,1,1.0,0
2024-07-18 09:00,581.2,1,1.0,0
2024-07-18 10:00,581.2,1,1.0,0
2024-07-18 11:00,581.2,1,1.0,0
2024-07-18 12:00,581.2,1,1.0,0
2024-07-18 13:00,581.2,1,1.0,0
2024-07-18 14:00,581.2,1,1.0,0
2024-07-18 15:00,581.2,1,1.0,0
2024-07-18 16:00,581.2,1,1.0,0
2024-07-18 17:00,581.2,1,1.0,0
2024-07-18 18:00,581.2,1,1.0,0
2024-07-18 19:00,581.2,1,1.0,0
2024-07-18 20:00,581.2,1,1.0,0
2024-07-18 21:00,581.2,1,1.0,0
2024-07-18 22:00,581.2,1,1.0,0
2024-07-18 23:00,581.2,1,1.0,0
2024-07-19 00:00,581.2,1,1.0,0
2024-07-19 01:00,581.2,1,1.0,0
2024-07-19 02:00,581.2,1,1.0,0
2024-07-19 03:00,581.2,1,1.0,0
2024-07-19 04:00,581.2,1,1.0,0
2024-07-19 05:00,581.2,1,1.0,0
2024-07-19 06:00,581.2,1,1.0,0
2024-07-19 07:00,581.2,1,1.0,0
2024-07-19 08:00,581.2,1,1.0,0
2024-07-19 09:00,581.2,1,1.0,0
2024-07-19 10:00,581.2,1,1.0,0
2024-07-19 11:00,581.2,1,1.0,0
2024-07-19 12:00,581.2,1,1.0,0
2024-07-19 13:00,581.2,1,1.0,0
2024-07-19 14:00,581.2,1,1.0,0
2024-07-19 15:00,581.2,1,1.0,0
2024-07-19 16:00,581.2,1,1.0,0
2024-07-19 17:00,581.2,1,1.0,0
2024-07-19 18:00,581.2,1,1.0,0
2024-07-19 19:00,581.2,1,1.0,0
2024-07-19 20:00,581.2,1,1.0,0
2024-07-19 21:00,581.2,1,1.0,0
2024-07-19 22:00,581.2,1,1.0,0
2024-07-19 23:00,581.2,1,1.0,0
2024-07-20 00:00,581.2,1,1.0,0
2024-07-20 01:00,581.2,1,1.0,0
2024-07-20 02:00,581.2,1,1.0,0
2024-07-20 03:00,581.2,1,1.0,0
2024-07-20 04:00,581.2,1,1.0,0
2024-07-20 05:00,581.2,1,1.0,0
2024-07-20 06:00,581.21,1,1.0,0
2024-07-20 07:00,581.21,1,1.0,0
2024-07-20 08:00,581.21,1,1.0,0
2024-07-20 09:00,581.21,1,1.0,0
2024-07-20 10:00,581.21,1,1.0,0
2024-07-20 11:00,581.21,1,1.0,0
2024-07-20 12:00,581.21,1,1.0,0
2024-07-20 13:00,581.21,1,1.0,0
2024-07-20 14:00,581.21,1,1.0,0
2024-07-20 15:00,581.21,1,1.0,0
2024-07-20 16:00,581.21,1,1.0,0
2024-07-20 17:00,581.21,1,1.0,0
2024-07-20 18:00,581.21,1,1.0,0
2024-07-20 19:00,581.21,1,1.0,0
2024-07-20 20:00,581.21,1,1.0,0
2024-07-20 21:00,581.21,1,1.0,0
2024-07-20 22:00,581.21,1,1.0,0
2024-07-20 23:00,581.21,1,1.0,0
2024-07-21 00:00,581.21,1,1.0,0
2024-07-21 01:00,581.21,1,1.0,0
2024-07-21 02:00,581.21,1,1.0,0
2024-07-21 03:00,581.21,1,1.0,0
2024-07-21 04:00,581.21,1,1.0,0
2024-07-21 05:00,581.21,1,1.0,0
2024-07-21 06:00,581.21,1,1.0,0
2024-07-21 07:00,581.21,1,1.0,0
2024-07-21 08:00,581.21,1,1.0,0
2024-07-21 09:00,581.21,1,1.0,0
2024-07-21 10:00,581.21,1,1.0,0
2024-07-21 11:00,581.21,1,1.0,0
2024-07-21 12:00,581.21,1,1.0,0
2024-07-21 13:00,581.21,1,1.0,0
2024-07-21 14:00,581.21,1,1.0,0
2024-07-21 15:00,581.21,1,1.0,0
2024-07-21 16:00,581.21,1,1.0,0
2024-07-21 17:00,581.21,1,1.0,0
2024-07-21 18:00,581.21,1,1.0,0
2024-07-21 19:00,581.21,1,1.0,0
2024-07-21 20:00,581.21,1,1.0,0
2024-07-21 21:00,581.21,1,1.0,0
2024-07-21 22:00,581.21,1,1.0,0
2024-07-21 23:00,581.21,1,1.0,0
2024-07-22 00:00,581.21,1,1.0,0
2024-07-22 01:00,581.21,1,1.0,0
2024-07-22 02:00,581.21,1,1.0,0
2024-07-22 03:00,581.21,1,1.0,0
2024-07-22 04:00,581.21,1,1.0,0
2024-07-22 05:00,581.27,1,1.0,0
2024-07-22 06:00,581.42,1,1.0,0
2024-07-22 07:00,581.62,1,1.0,0
2024-07-22 08:00,581.77,1,1.0,0
2024-07-22 09:00,581.8,1,1.0,0
2024-07-22 10:00,581.82,1,1.0,0
2024-07-22 11:00,581.84,1,1.0,0
2024-07-22 12:00,582.72,1,1.0,0
2024-07-22 13:00,582.72,1,1.0,0
2024-07-22 14:00,582.72,1,1.0,0
2024-07-22 15:00,582.72,1,1.0,0
2024-07-22 16:00,583.16,1,1.0,0
2024-07-22 17:00,583.16,1,1.0,0
2024-07-22 18:00,583.16,1,1.0,0
2024-07-22 19:00,583.16,1,1.0,0
2024-07-22 20:00,583.16,1,1.0,0
2024-07-22 21:00,583.16,1,1.0,0
2024-07-22 22:00,583.16,1,1.0,0
2024-07-22 23:00,583.16,1,1.0,0
2024-07-23 00:00,583.16,1,1.0,0
2024-07-23 01:00,583.16,1,1.0,0
2024-07-23 02:00,583.16,1,1.0,0
2024-07-23 03:00,583.16,1,1.0,0
2024-07-23 04:00,583.16,1,1.0,0
2024-07-23 05:00,583.16,1,1.0,0
2024-07-23 06:00,583.16,1,1.0,0
2024-07-23 07:00,583.16,1,1.0,0
2024-07-23 08:00,583.16,1,1.0,0
2024-07-23 09:00,583.16,1,1.0,0
2024-07-23 10:00,583.16,1,1.0,0
2024-07-23 11:00,583.16,1,1.0,0
2024-07-23 12:00,583.16,1,1.0,0
2024-07-23 13:00,583.16,1,1.0,0
2024-07-23 14:00,583.16,1,1.0,0
2024-07-23 15:00,583.16,1,1.0,0
2024-07-23 16:00,583.16,1,1.0,0
2024-07-23 17:00,583.16,1,1.0,0
2024-07-23 18:00,583.16,1,1.0,0
2024-07-23 19:00,583.16,1,1.0,0
2024-07-23 20:00,583.16,1,1.0,0
2024-07-23 21:00,583.16,1,1.0,0
2024-07-23 22:00,583.16,1,1.0,0
2024-07-23 23:00,583.16,1,1.0,0
2024-07-24 00:00,583.16,1,1.0,0
2024-07-24 01:00,583.16,1,1.0,0
2024-07-24 02:00,583.16,1,1.0,0
2024-07-24 03:00,583.16,1,1.0,0
2024-07-24 04:00,583.16,1,1.0,0
2024-07-24 05:00,583.16,1,1.0,0
2024-07-24 06:00,583.16,1,1.0,0
2024-07-24 07:00,583.16,1,1.0,0
2024-07-24 08:00,583.16,1,1.0,0
2024-07-24 09:00,583.16,1,1.0,0
2024-07-24 10:00,583.17,1,1.0,0
2024-07-24 11:00,583.17,1,1.0,0
2024-07-24 12:00,583.17,1,1.0,0
2024-07-24 13:00,583.17,1,1.0,0
2024-07-24 14:00,583.32,1,1.0,0
2024-07-24 15:00,583.51,1,1.0,0
2024-07-24 16:00,583.51,1,1.0,0
2024-07-24 17:00,583.51,1,1.0,0
2024-07-24 18:00,583.51,1,1.0,0
2024-07-24 19:00,583.51,1,1.0,0
2024-07-24 20:00,583.52,1,1.0,0
2024-07-24 21:00,583.52,1,1.0,0
2024-07-24 22:00,583.6,1,1.0,0
2024-07-24 23:00,583.61,1,1.0,0
2024-07-25 00:00,583.61,1,1.0,0
2024-07-25 01:00,583.61,1,1.0,0
2024-07-25 02:00,583.61,1,1.0,0
2024-07-25 03:00,583.61,1,1.0,0
2024-07-25 04:00,583.61,1,1.0,0
2024-07-25 05:00,583.61,1,1.0,0
2024-07-25 06:00,583.61,1,1.0,0
2024-07-25 07:00,583.61,1,1.0,0
2024-07-25 08:00,583.61,1,1.0,0
2024-07-25 09:00,583.61,1,1.0,0
2024-07-25 10:00,583.61,1,1.0,0
2024-07-25 11:00,583.61,1,1.0,0
2024-07-25 12:00,583.61,1,1.0,0
2024-07-25 13:00,583.61,1,1.0,0
2024-07-25 14:00,583.61,1,1.0,0
2024-07-25 15:00,583.61,1,1.0,0
2024-07-25 16:00,583.61,1,1.0,0
2024-07-25 17:00,583.61,1,1.0,0
2024-07-25 18:00,583.61,1,1.0,0
2024-07-25 19:00,583.61,1,1.0,0
2024-07-25 20:00,583.61,1,1.0,0
2024-07-25 21:00,583.61,1,1.0,0
2024-07-25 22:00,583.61,1,1.0,0
2024-07-25 23:00,583.61,1,1.0,0
2024-07-26 00:00,583.61,1,1.0,0
2024-07-26 01:00,583.61,1,1.0,0
2024-07-26 02:00,583.61,1,1.0,0
2024-07-26 03:00,583.61,1,1.0,0
2024-07-26 04:00,583.61,1,1.0,0
2024-07-26 05:00,583.61,1,1.0,0
2024-07-26 06:00,583.61,1,1.0,0
2024-07-26 07:00,583.61,1,1.0,0
2024-07-26 08:00,583.61,1,1.0,0
2024-07-26 09:00,583.61,1,1.0,0
2024-07-26 10:00,583.61,1,1.0,0
2024-07-26 11:00,583.61,1,1.0,0
2024-07-26 12:00,583.61,1,1.0,0
2024-07-26 13:00,583.61,1,1.0,0
2024-07-26 14:00,583.61,1,1.0,0
2024-07-26 15:00,583.61,1,1.0,0
2024-07-26 16:00,583.61,1,1.0,0
2024-07-26 17:00,583.61,1,1.0,0
2024-07-26 18:00,583.61,1,1.0,0
2024-07-26 19:00,583.61,1,1.0,0
2024-07-26 20:00,583.61,1,1.0,0
2024-07-26 21:00,583.61,1,1.0,0
2024-07-26 22:00,583.61,1,1.0,0
2024-07-26 23:00,583.61,1,1.0,0
2024-07-27 00:00,583.61,1,1.0,0
2024-07-27 01:00,583.61,1,1.0,0
2024-07-27 02:00,583.61,1,1.0,0
2024-07-27 03:00,583.61,1,1.0,0
2024-07-27 04:00,583.61,1,1.0,0
2024-07-27 05:00,583.61,1,1.0,0
2024-07-27 06:00,583.61,1,1.0,0
2024-07-27 07:00,583.61,1,1.0,0
2024-07-27 08:00,583.61,1,1.0,0
2024-07-27 09:00,583.61,1,1.0,0
2024-07-27 10:00,583.61,1,1.0,0
2024-07-27 11:00,583.61,1,1.0,0
2024-07-27 12:00,583.61,1,1.0,0
2024-07-27 13:00,583.61,1,1.0,0
2024-07-27 14:00,583.61,1,1.0,0
2024-07-27 15:00,583.61,1,1.0,0
2024-07-27 16:00,583.61,1,1.0,0
2024-07-27 17:00,583.61,1,1.0,0
2024-07-27 18:00,583.61,1,1.0,0
2024-07-27 19:00,583.61,1,1.0,0
2024-07-27 20:00,583.61,1,1.0,0
2024-07-27 21:00,583.61,1,1.0,0
2024-07-27 22:00,583.61,1,1.0,0
2024-07-27 23:00,583.61,1,1.0,0
2024-07-28 00:00,583.61,1,1.0,0
2024-07-28 01:00,583.61,1,1.0,0
2024-07-28 02:00,583.61,1,1.0,0
2024-07-28 03:00,583.61,1,1.0,0
2024-07-28 04:00,583.61,1,1.0,0
2024-07-28 05:00,583.61,1,1.0,0
2024-07-28 06:00,583.61,1,1.0,0
2024-07-28 07:00,583.61,1,1.0,0
2024-07-28 08:00,583.61,1,1.0,0
2024-07-28 09:00,583.61,1,1.0,0
2024-07-28 10:00,583.61,1,1.0,0
2024-07-28 11:00,583.61,1,1.0,0
2024-07-28 12:00,583.61,1,1.0,0
2024-07-28 13:00,583.61,1,1.0,0
2024-07-28 14:00,583.61,1,1.0,0
2024-07-28 15:00,583.61,1,1.0,0
2024-07-28 16:00,583.61,1,1.0,0
2024-07-28 17:00,583.61,1,1.0,0
2024-07-28 18:00,583.61,1,1.0,0
2024-07-28 19:00,583.61,1,1.0,0
2024-07-28 20:00,583.61,1,1.0,0
2024-07-28 21:00,583.61,1,1.0,0
2024-07-28 22:00,583.61,1,1.0,0
2024-07-28 23:00,583.61,1,1.0,0
2024-07-29 00:00,583.61,1,1.0,0
2024-07-29 01:00,583.61,1,1.0,0
2024-07-29 02:00,583.61,1,1.0,0
2024-07-29 03:00,583.61,1,1.0,0
2024-07-29 04:00,583.61,1,1.0,0
2024-07-29 05:00,583.61,1,1.0,0
2024-07-29 06:00,583.61,1,1.0,0
2024-07-29 07:00,583.61,1,1.0,0
2024-07-29 08:00,583.61,1,1.0,0
2024-07-29 09:00,583.61,1,1.0,0
2024-07-29 10:00,583.61,1,1.0,0
2024-07-29 11:00,583.61,1,1.0,0
2024-07-29 12:00,583.61,1,1.0,0
2024-07-29 13:00,583.61,1,1.0,0
2024-07-29 14:00,583.61,1,1.0,0
2024-07-29 15:00,583.61,1,1.0,0
2024-07-29 16:00,583.61,1,1.0,0
2024-07-29 17:00,583.75,1,1.0,0
2024-07-29 18:00,583.75,1,1.0,0
2024-07-29 19:00,583.75,1,1.0,0
2024-07-29 20:00,583.75,1,1.0,0
2024-07-29 21:00,583.75,1,1.0,0
2024-07-29 22:00,583.75,1,1.0,0
2024-07-29 23:00,583.75,1,1.0,0
2024-07-30 00:00,583.75,1,1.0,0
2024-07-30 01:00,583.75,1,1.0,0
2024-07-30 02:00,583.75,1,1.0,0
2024-07-30 03:00,583.75,1,1.0,0
2024-07-30 04:00,583.75,1,1.0,0
2024-07-30 05:00,583.75,1,1.0,0
2024-07-30 06:00,583.75,1,1.0,0
2024-07-30 07:00,583.75,1,1.0,0
2024-07-30 08:00,583.75,1,1.0,0
2024-07-30 09:00,583.75,1,1.0,0
2024-07-30 10:00,583.75,1,1.0,0
2024-07-30 11:00,583.75,1,1.0,0
2024-07-30 12:00,583.75,1,1.0,0
2024-07-30 13:00,583.75,1,1.0,0
2024-07-30 14:00,583.75,1,1.0,0
2024-07-30 15:00,583.75,1,1.0,0
2024-07-30 16:00,583.75,1,1.0,0
2024-07-30 17:00,583.75,1,1.0,0
2024-07-30 18:00,583.75,1,1.0,0
2024-07-30 19:00,583.75,1,1.0,0
2024-07-30 20:00,583.75,1,1.0,0
2024-07-30 21:00,583.75,1,1.0,0
2024-07-30 22:00,583.75,1,1.0,0
2024-07-30 23:00,583.75,1,1.0,0
2024-07-31 00:00,583.75,1,1.0,0
2024-07-31 01:00,583.75,1,1.0,0
2024-07-31 02:00,583.75,1,1.0,0
2024-07-31 03:00,583.75,1,1.0,0
2024-07-31 04:00,583.75,1,1.0,0
2024-07-31 05:00,583.75,1,1.0,0
2024-07-31 06:00,583.75,1,1.0,0
2024-07-31 07:00,583.75,1,1.0,0
2024-07-31 08:00,583.75,1,1.0,0
2024-07-31 09:00,583.75,1,1.0,0
2024-07-31 10:00,583.75,1,1.0,0
2024-07-31 11:00,583.75,1,1.0,0
2024-07-31 12:00,583.75,1,1.0,0
2024-07-31 13:00,583.75,1,1.0,0
2024-07-31 14:00,583.75,1,1.0,0
2024-07-31 15:00,583.75,1,1.0,0
2024-07-31 16:00,583.75,1,1.0,0
2024-07-31 17:00,583.75,1,1.0,0
2024-07-31 18:00,583.75,1,1.0,0
2024-07-31 19:00,583.75,1,1.0,0
2024-07-31 20:00,583.75,1,1.0,0
2024-07-31 21:00,583.75,1,1.0,0
2024-07-31 22:00,583.75,1,1.0,0
2024-07-31 23:00,583.75,1,1.0,0
2024-08-01 00:00,583.75,1,1.0,0
2024-08-01 01:00,583.75,1,1.0,0
2024-08-01 02:00,583.75,1,1.0,0
2024-08-01 03:00,583.75,1,1.0,0
2024-08-01 04:00,583.75,1,1.0,0
2024-08-01 05:00,583.75,1,1.0,0
2024-08-01 06:00,583.75,1,1.0,0
2024-08-01 07:00,583.75,1,1.0,0
2024-08-01 08:00,583.75,1,1.0,0
2024-08-01 09:00,583.75,1,1.0,0
2024-08-01 10:00,583.75,1,1.0,0
2024-08-01 11:00,583.75,1,1.0,0
2024-08-01 12:00,583.75,1,1.0,0
2024-08-01 13:00,583.75,1,1.0,0
2024-08-01 14:00,583.76,1,1.0,0
2024-08-01 15:00,583.76,1,1.0,0
2024-08-01 16:00,583.76,1,1.0,0
2024-08-01 17:00,583.76,1,1.0,0
2024-08-01 18:00,583.76,1,1.0,0
2024-08-01 19:00,583.76,1,1.0,0
2024-08-01 20:00,583.76,1,1.0,0
2024-08-01 21:00,583.76,1,1.0,0
2024-08-01 22:00,583.76,1,1.0,0
2024-08-01 23:00,583.76,1,1.0,0
2024-08-02 00:00,583.76,1,1.0,0
2024-08-02 01:00,583.77,1,1.0,0
2024-08-02 02:00,583.77,1,1.0,0
2024-08-02 03:00,583.78,1,1.0,0
2024-08-02 04:00,583.78,1,1.0,0
2024-08-02 05:00,583.79,1,1.0,0
2024-08-02 06:00,583.79,1,1.0,0
2024-08-02 07:00,583.8,1,1.0,0
2024-08-02 08:00,583.8,1,1.0,0
2024-08-02 09:00,583.8,1,1.0,0
2024-08-02 10:00,583.8,1,1.0,0
2024-08-02 11:00,583.8,1,1.0,0
2024-08-02 12:00,583.8,1,1.0,0
2024-08-02 13:00,583.8,1,1.0,0
2024-08-02 14:00,583.8,1,1.0,0
2024-08-02 15:00,583.8,1,1.0,0
2024-08-02 16:00,583.8,1,1.0,0
2024-08-02 17:00,583.8,1,1.0,0
2024-08-02 18:00,583.8,1,1.0,0
2024-08-02 19:00,583.8,1,1.0,0
2024-08-02 20:00,583.8,1,1.0,0
2024-08-02 21:00,583.8,1,1.0,0
2024-08-02 22:00,583.8,1,1.0,0
2024-08-02 23:00,583.8,1,1.0,0
2024-08-03 00:00,583.8,1,1.0,0
2024-08-03 01:00,583.8,1,1.0,0
2024-08-03 02:00,583.8,1,1.0,0
2024-08-03 03:00,583.8,1,1.0,0
2024-08-03 04:00,583.8,1,1.0,0
2024-08-03 05:00,583.8,1,1.0,0
2024-08-03 06:00,583.8,1,1.0,0
2024-08-03 07:00,583.8,1,1.0,0
2024-08-03 08:00,583.8,1,1.0,0
2024-08-03 09:00,583.8,1,1.0,0
2024-08-03 10:00,583.8,1,1.0,0
2024-08-03 11:00,583.8,1,1.0,0
2024-08-03 12:00,583.8,1,1.0,0
2024-08-03 13:00,583.8,1,1.0,0
2024-08-03 14:00,583.8,1,1.0,0
2024-08-03 15:00,583.8,1,1.0,0
2024-08-03 16:00,583.8,1,1.0,0
2024-08-03 17:00,583.8,1,1.0,0
2024-08-03 18:00,583.8,1,1.0,0
2024-08-03 19:00,583.8,1,1.0,0
2024-08-03 20:00,583.8,1,1.0,0
2024-08-03 21:00,583.8,1,1.0,0
2024-08-03 22:00,583.8,1,1.0,0
2024-08-03 23:00,583.8,1,1.0,0
2024-08-04 00:00,583.8,1,1.0,0
2024-08-04 01:00,583.8,1,1.0,0
2024-08-04 02:00,583.8,1,1.0,0
2024-08-04 03:00,583.8,1,1.0,0
2024-08-04 04:00,583.8,1,1.0,0
2024-08-04 05:00,583.8,1,1.0,0
2024-08-04 06:00,583.8,1,1.0,0
2024-08-04 07:00,583.8,1,1.0,0
2024-08-04 08:00,583.8,1,1.0,0
2024-08-04 09:00,583.8,1,1.0,0
2024-08-04 10:00,583.8,1,1.0,0
2024-08-04 11:00,583.8,1,1.0,0
2024-08-04 12:00,583.8,1,1.0,0
2024-08-04 13:00,583.8,1,1.0,0
2024-08-04 14:00,583.8,1,1.0,0
2024-08-04 15:00,583.91,1,1.0,0
2024-08-04 16:00,583.91,1,1.0,0
2024-08-04 17:00,583.91,1,1.0,0
2024-08-04 18:00,583.91,1,1.0,0
2024-08-04 19:00,583.91,1,1.0,0
2024-08-04 20:00,583.91,1,1.0,0
2024-08-04 21:00,583.91,1,1.0,0
2024-08-04 22:00,583.91,1,1.0,0
2024-08-04 23:00,583.91,1,1.0,0
2024-08-05 00:00,583.91,1,1.0,0
2024-08-05 01:00,583.91,1,1.0,0
2024-08-05 02:00,583.91,1,1.0,0
2024-08-05 03:00,583.91,1,1.0,0
2024-08-05 04:00,583.91,1,1.0,0
2024-08-05 05:00,583.91,1,1.0,0
2024-08-05 06:00,583.91,1,1.0,0
2024-08-05 07:00,583.91,1,1.0,0
2024-08-05 08:00,583.91,1,1.0,0
2024-08-05 09:00,583.91,1,1.0,0
2024-08-05 10:00,583.91,1,1.0,0
2024-08-05 11:00,583.91,1,1.0,0
2024-08-05 12:00,583.91,1,1.0,0
2024-08-05 13:00,583.91,1,1.0,0
2024-08-05 14:00,583.91,1,1.0,0
2024-08-05 15:00,583.91,1,1.0,0
2024-08-05 16:00,583.91,1,1.0,0
2024-08-05 17:00,583.91,1,1.0,0
2024-08-05 18:00,583.91,1,1.0,0
2024-08-05 19:00,583.91,1,1.0,0
2024-08-05 20:00,583.91,1,1.0,0
2024-08-05 21:00,583.91,1,1.0,0
2024-08-05 22:00,583.91,1,1.0,0
2024-08-05 23:00,583.91,1,1.0,0
2024-08-06 00:00,583.91,1,1.0,0
2024-08-06 01:00,583.91,1,1.0,0
2024-08-06 02:00,583.91,1,1.0,0
2024-08-06 03:00,583.91,1,1.0,0
2024-08-06 04:00,583.91,1,1.0,0
2024-08-06 05:00,583.91,1,1.0,0
2024-08-06 06:00,583.91,1,1.0,0
2024-08-06 07:00,583.91,1,1.0,0
2024-08-06 08:00,583.91,1,1.0,0
2024-08-06 09:00,583.91,1,1.0,0
2024-08-06 10:00,583.92,1,1.0,0
2024-08-06 11:00,583.92,1,1.0,0
2024-08-06 12:00,583.92,1,1.0,0
2024-08-06 13:00,583.92,1,1.0,0
2024-08-06 14:00,583.93,1,1.0,0
2024-08-06 15:00,583.96,1,1.0,0
2024-08-06 16:00,583.96,1,1.0,0
2024-08-06 17:00,583.96,1,1.0,0
2024-08-06 18:00,583.96,1,1.0,0
2024-08-06 19:00,583.96,1,1.0,0
2024-08-06 20:00,583.96,1,1.0,0
2024-08-06 21:00,583.96,1,1.0,0
2024-08-06 22:00,583.96,1,1.0,0
2024-08-06 23:00,583.96,1,1.0,0
2024-08-07 00:00,583.96,1,1.0,0
2024-08-07 01:00,583.96,1,1.0,0
2024-08-07 02:00,583.96,1,1.0,0
2024-08-07 03:00,583.96,1,1.0,0
2024-08-07 04:00,583.96,1,1.0,0
2024-08-07 05:00,583.96,1,1.0,0
2024-08-07 06:00,583.96,1,1.0,0
2024-08-07 07:00,583.96,1,1.0,0
2024-08-07 08:00,583.96,1,1.0,0
2024-08-07 09:00,583.96,1,1.0,0
2024-08-07 10:00,583.96,1,1.0,0
2024-08-07 11:00,583.98,1,1.0,0
2024-08-07 12:00,584.0,1,1.0,0
2024-08-07 13:00,584.01,1,1.0,0
2024-08-07 14:00,584.01,1,1.0,0
2024-08-07 15:00,584.01,1,1.0,0
2024-08-07 16:00,584.01,1,1.0,0
2024-08-07 17:00,584.01,1,1.0,0
2024-08-07 18:00,584.01,1,1.0,0
2024-08-07 19:00,584.01,1,1.0,0
2024-08-07 20:00,584.01,1,1.0,0
2024-08-07 21:00,584.01,1,1.0,0
2024-08-07 22:00,584.01,1,1.0,0
2024-08-07 23:00,584.01,1,1.0,0
2024-08-08 00:00,584.01,1,1.0,0
2024-08-08 01:00,584.01,1,1.0,0
2024-08-08 02:00,584.01,1,1.0,0
2024-08-08 03:00,584.01,1,1.0,0
2024-08-08 04:00,584.01,1,1.0,0
2024-08-08 05:00,584.01,1,1.0,0
2024-08-08 06:00,584.01,1,1.0,0
2024-08-08 07:00,584.01,1,1.0,0
2024-08-08 08:00,584.01,1,1.0,0
2024-08-08 09:00,584.01,1,1.0,0
2024-08-08 10:00,584.01,1,1.0,0
2024-08-08 11:00,584.01,1,1.0,0
2024-08-08 12:00,584.01,1,1.0,0
2024-08-08 13:00,584.01,1,1.0,0
2024-08-08 14:00,584.01,1,1.0,0
2024-08-08 15:00,584.01,1,1.0,0
2024-08-08 16:00,584.01,1,1.0,0
2024-08-08 17:00,584.01,1,1.0,0
2024-08-08 18:00,584.01,1,1.0,0
2024-08-08 19:00,584.01,1,1.0,0
2024-08-08 20:00,584.01,1,1.0,0
2024-08-08 21:00,584.01,1,1.0,0
2024-08-08 22:00,584.01,1,1.0,0
2024-08-08 23:00,584.01,1,1.0,0
2024-08-09 00:00,584.01,1,1.0,0
2024-08-09 01:00,584.01,1,1.0,0
2024-08-09 02:00,584.01,1,1.0,0
2024-08-09 03:00,584.01,1,1.0,0
2024-08-09 04:00,584.01,1,1.0,0
2024-08-09 05:00,584.01,1,1.0,0
2024-08-09 06:00,584.01,1,1.0,0
2024-08-09 07:00,584.01,1,1.0,0
2024-08-09 08:00,584.01,1,1.0,0
2024-08-09 09:00,584.01,1,1.0,0
2024-08-09 10:00,584.01,1,1.0,0
2024-08-09 11:00,584.01,1,1.0,0
2024-08-09 12:00,584.01,1,1.0,0
2024-08-09 13:00,584.01,1,1.0,0
2024-08-09 14:00,584.01,1,1.0,0
2024-08-09 15:00,584.01,1,1.0,0
2024-08-09 16:00,584.04,1,1.0,0
2024-08-09 17:00,584.04,1,1.0,0
2024-08-09 18:00,584.04,1,1.0,0
2024-08-09 19:00,584.04,1,1.0,0
2024-08-09 20:00,584.04,1,1.0,0
2024-08-09 21:00,584.04,1,1.0,0
2024-08-09 22:00,584.04,1,1.0,0
2024-08-09 23:00,584.04,1,1.0,0
2024-08-10 00:00,584.04,1,1.0,0
2024-08-10 01:00,584.04,1,1.0,0
2024-08-10 02:00,584.04,1,1.0,0
2024-08-10 03:00,584.04,1,1.0,0
2024-08-10 04:00,584.04,1,1.0,0
2024-08-10 05:00,584.04,1,1.0,0
2024-08-10 06:00,584.04,1,1.0,0
2024-08-10 07:00,584.04,1,1.0,0
2024-08-10 08:00,584.04,1,1.0,0
2024-08-10 09:00,584.04,1,1.0,0
2024-08-10 10:00,584.04,1,1.0,0
2024-08-10 11:00,584.04,1,1.0,0
2024-08-10 12:00,584.04,1,1.0,0
2024-08-10 13:00,584.04,1,1.0,0
2024-08-10 14:00,584.04,1,1.0,0
2024-08-10 15:00,584.04,1,1.0,0
2024-08-10 16:00,584.04,1,1.0,0
2024-08-10 17:00,584.04,1,1.0,0
2024-08-10 18:00,584.04,1,1.0,0
2024-08-10 19:00,584.04,1,1.0,0
2024-08-10 20:00,584.04,1,1.0,0
2024-08-10 21:00,584.04,1,1.0,0
2024-08-10 22:00,584.04,1,1.0,0
2024-08-10 23:00,584.04,1,1.0,0
2024-08-11 00:00,584.04,1,1.0,0
2024-08-11 01:00,584.04,1,1.0,0
2024-08-11 02:00,584.04,1,1.0,0
2024-08-11 03:00,584.04,1,1.0,0
2024-08-11 04:00,584.04,1,1.0,0
2024-08-11 05:00,584.04,1,1.0,0
2024-08-11 06:00,584.04,1,1.0,0
2024-08-11 07:00,584.04,1,1.0,0
2024-08-11 08:00,584.04,1,1.0,0
2024-08-11 09:00,584.04,1,1.0,0
2024-08-11 10:00,584.04,1,1.0,0
2024-08-11 11:00,584.04,1,1.0,0
2024-08-11 12:00,584.04,1,1.0,0
2024-08-11 13:00,584.04,1,1.0,0
2024-08-11 14:00,584.04,1,1.0,0
2024-08-11 15:00,584.04,1,1.0,0
2024-08-11 16:00,584.04,1,1.0,0
2024-08-11 17:00,584.04,1,1.0,0
2024-08-11 18:00,584.04,1,1.0,0
2024-08-11 19:00,584.04,1,1.0,0
2024-08-11 20:00,584.04,1,1.0,0
2024-08-11 21:00,584.04,1,1.0,0
2024-08-11 22:00,584.04,1,1.0,0
2024-08-11 23:00,584.04,1,1.0,0
2024-08-12 00:00,584.04,1,1.0,0
2024-08-12 01:00,584.04,1,1.0,0
2024-08-12 02:00,584.04,1,1.0,0
2024-08-12 03:00,584.04,1,1.0,0
2024-08-12 04:00,584.04,1,1.0,0
2024-08-12 05:00,584.04,1,1.0,0
2024-08-12 06:00,584.04,1,1.0,0
2024-08-12 07:00,584.04,1,1.0,0
2024-08-12 08:00,584.04,1,1.0,0
2024-08-12 09:00,584.04,1,1.0,0
2024-08-12 10:00,584.04,1,1.0,0
2024-08-12 11:00,584.04,1,1.0,0
2024-08-12 12:00,584.04,1,1.0,0
2024-08-12 13:00,584.04,1,1.0,0
2024-08-12 14:00,584.04,1,1.0,0
2024-08-12 15:00,584.04,1,1.0,0
2024-08-12 16:00,584.04,1,1.0,0
2024-08-12 17:00,584.04,1,1.0,0
2024-08-12 18:00,584.04,1,1.0,0
2024-08-12 19:00,584.04,1,1.0,0
2024-08-12 20:00,584.04,1,1.0,0
2024-08-12 21:00,584.04,1,1.0,0
2024-08-12 22:00,584.04,1,1.0,0
2024-08-12 23:00,584.04,1,1.0,0
2024-08-13 00:00,584.04,1,1.0,0
2024-08-13 01:00,584.04,1,1.0,0
2024-08-13 02:00,584.04,1,1.0,0
2024-08-13 03:00,584.04,1,1.0,0
2024-08-13 04:00,584.04,1,1.0,0
2024-08-13 05:00,584.04,1,1.0,0
2024-08-13 06:00,584.04,1,1.0,0
2024-08-13 07:00,584.04,1,1.0,0
2024-08-13 08:00,584.04,1,1.0,0
2024-08-13 09:00,584.04,1,1.0,0
2024-08-13 10:00,584.04,1,1.0,0
2024-08-13 11:00,584.04,1,1.0,0
2024-08-13 12:00,584.04,1,1.0,0
2024-08-13 13:00,584.04,1,1.0,0
2024-08-13 14:00,584.04,1,1.0,0
2024-08-13 15:00,584.04,1,1.0,0
2024-08-13 16:00,584.04,1,1.0,0
2024-08-13 17:00,584.04,1,1.0,0
2024-08-13 18:00,584.04,1,1.0,0
2024-08-13 19:00,584.04,1,1.0,0
2024-08-13 20:00,584.04,1,1.0,0
2024-08-13 21:00,584.04,1,1.0,0
2024-08-13 22:00,584.04,1,1.0,0
2024-08-13 23:00,584.04,1,1.0,0
2024-08-14 00:00,584.04,1,1.0,0
2024-08-14 01:00,584.04,1,1.0,0
2024-08-14 02:00,584.04,1,1.0,0
2024-08-14 03:00,584.04,1,1.0,0
2024-08-14 04:00,584.04,1,1.0,0
2024-08-14 05:00,584.04,1,1.0,0
2024-08-14 06:00,584.04,1,1.0,0
2024-08-14 07:00,584.04,1,1.0,0
2024-08-14 08:00,584.04,1,1.0,0
2024-08-14 09:00,584.04,1,1.0,0
2024-08-14 10:00,584.04,1,1.0,0
2024-08-14 11:00,584.04,1,1.0,0
2024-08-14 12:00,584.04,1,1.0,0
2024-08-14 13:00,584.04,1,1.0,0
2024-08-14 14:00,584.04,1,1.0,0
2024-08-14 15:00,584.04,1,1.0,0
2024-08-14 16:00,584.04,1,1.0,0
2024-08-14 17:00,584.04,1,1.0,0
2024-08-14 18:00,584.04,1,1.0,0
2024-08-14 19:00,584.04,1,1.0,0
2024-08-14 20:00,584.04,1,1.0,0
2024-08-14 21:00,584.04,1,1.0,0
2024-08-14 22:00,584.04,1,1.0,0
2024-08-14 23:00,584.04,1,1.0,0
2024-08-15 00:00,584.04,1,1.0,0
2024-08-15 01:00,584.04,1,1.0,0
2024-08-15 02:00,584.04,1,1.0,0
2024-08-15 03:00,584.04,1,1.0,0
2024-08-15 04:00,584.04,1,1.0,0
2024-08-15 05:00,584.04,1,1.0,0
2024-08-15 06:00,584.04,1,1.0,0
2024-08-15 07:00,584.04,1,1.0,0
2024-08-15 08:00,584.04,1,1.0,0
2024-08-15 09:00,584.04,1,1.0,0
2024-08-15 10:00,584.04,1,1.0,0
2024-08-15 11:00,584.04,1,1.0,0
2024-08-15 12:00,584.04,1,1.0,0
2024-08-15 13:00,584.04,1,1.0,0
2024-08-15 14:00,584.04,1,1.0,0
2024-08-15 15:00,584.04,1,1.0,0
2024-08-15 16:00,584.04,1,1.0,0
2024-08-15 17:00,584.04,1,1.0,0
2024-08-15 18:00,584.04,1,1.0,0
2024-08-15 19:00,584.04,1,1.0,0
2024-08-15 20:00,584.04,1,1.0,0
2024-08-15 21:00,584.04,1,1.0,0
2024-08-15 22:00,584.04,1,1.0,0
2024-08-15 23:00,584.04,1,1.0,0
2024-08-16 00:00,584.04,1,1.0,0
2024-08-16 01:00,584.04,1,1.0,0
2024-08-16 02:00,584.04,1,1.0,0
2024-08-16 03:00,584.04,1,1.0,0
2024-08-16 04:00,584.04,1,1.0,0
2024-08-16 05:00,584.04,1,1.0,0
2024-08-16 06:00,584.04,1,1.0,0
2024-08-16 07:00,584.04,1,1.0,0
2024-08-16 08:00,584.04,1,1.0,0
2024-08-16 09:00,584.04,1,1.0,0
2024-08-16 10:00,584.04,1,1.0,0
2024-08-16 11:00,584.04,1,1.0,0
2024-08-16 12:00,584.04,1,1.0,0
2024-08-16 13:00,584.04,1,1.0,0
2024-08-16 14:00,584.04,1,1.0,0
2024-08-16 15:00,584.04,1,1.0,0
2024-08-16 16:00,584.04,1,1.0,0
2024-08-16 17:00,584.04,1,1.0,0
2024-08-16 18:00,584.04,1,1.0,0
2024-08-16 19:00,584.04,1,1.0,0
2024-08-16 20:00,584.04,1,1.0,0
2024-08-16 21:00,584.04,1,1.0,0
2024-08-16 22:00,584.04,1,1.0,0
2024-08-16 23:00,584.04,1,1.0,0
2024-08-17 00:00,584.04,1,1.0,0
2024-08-17 01:00,584.04,1,1.0,0
2024-08-17 02:00,584.04,1,1.0,0
2024-08-17 03:00,584.16,1,1.0,0
2024-08-17 04:00,584.16,1,1.0,0
2024-08-17 05:00,584.18,1,1.0,0
2024-08-17 06:00,584.18,1,1.0,0
2024-08-17 07:00,584.18,1,1.0,0
2024-08-17 08:00,584.18,1,1.0,0
2024-08-17 09:00,584.18,1,1.0,0
2024-08-17 10:00,584.18,1,1.0,0
2024-08-17 11:00,584.2,1,1.0,0
2024-08-17 12:00,584.22,1,1.0,0
2024-08-17 13:00,584.35,1,1.0,0
2024-08-17 14:00,584.35,1,1.0,0
2024-08-17 15:00,584.35,1,1.0,0
2024-08-17 16:00,584.35,1,1.0,0
2024-08-17 17:00,584.35,1,1.0,0
2024-08-17 18:00,584.35,1,1.0,0
2024-08-17 19:00,584.35,1,1.0,0
2024-08-17 20:00,584.35,1,1.0,0
2024-08-17 21:00,584.36,1,1.0,0
2024-08-17 22:00,584.36,1,1.0,0
2024-08-17 23:00,584.36,1,1.0,0
2024-08-18 00:00,584.36,1,1.0,0
2024-08-18 01:00,584.36,1,1.0,0
2024-08-18 02:00,584.36,1,1.0,0
2024-08-18 03:00,584.36,1,1.0,0
2024-08-18 04:00,584.36,1,1.0,0
2024-08-18 05:00,584.36,1,1.0,0
2024-08-18 06:00,584.36,1,1.0,0
2024-08-18 07:00,584.36,1,1.0,0
2024-08-18 08:00,584.36,1,1.0,0
2024-08-18 09:00,584.36,1,1.0,0
2024-08-18 10:00,584.37,1,1.0,0
2024-08-18 11:00,584.38,1,1.0,0
2024-08-18 12:00,584.38,1,1.0,0
2024-08-18 13:00,584.42,1,1.0,0
2024-08-18 14:00,584.57,1,1.0,0
2024-08-18 15:00,584.98,1,1.0,0
2024-08-18 16:00,585.99,1,1.0,0
2024-08-18 17:00,586.0,1,1.0,0
2024-08-18 18:00,586.01,1,1.0,0
2024-08-18 19:00,586.01,1,1.0,0
2024-08-18 20:00,586.01,1,1.0,0
2024-08-18 21:00,586.13,1,1.0,0
2024-08-18 22:00,586.14,1,1.0,0
2024-08-18 23:00,586.57,1,1.0,0
2024-08-19 00:00,588.55,1,1.0,0
2024-08-19 01:00,588.91,1,1.0,0
2024-08-19 02:00,590.13,1,1.0,0
2024-08-19 03:00,593.0,1,1.0,0
2024-08-19 04:00,593.19,1,1.0,0
2024-08-19 05:00,593.21,1,1.0,0
2024-08-19 06:00,593.35,1,1.0,0
2024-08-19 07:00,593.56,1,1.0,0
2024-08-19 08:00,593.58,1,1.0,0
2024-08-19 09:00,593.7,1,1.0,0
2024-08-19 10:00,593.74,1,1.0,0
2024-08-19 11:00,593.9,1,1.0,0
2024-08-19 12:00,594.13,1,1.0,0
2024-08-19 13:00,594.15,1,1.0,0
2024-08-19 14:00,594.16,1,1.0,0
2024-08-19 15:00,594.19,1,1.0,0
2024-08-19 16:00,594.42,1,1.0,0
2024-08-19 17:00,594.56,1,1.0,0
2024-08-19 18:00,594.7,1,1.0,0
2024-08-19 19:00,594.87,1,1.0,0
2024-08-19 20:00,594.92,1,1.0,0
2024-08-19 21:00,595.17,1,1.0,0
2024-08-19 22:00,595.72,1,1.0,0
2024-08-19 23:00,595.72,1,1.0,0
2024-08-20 00:00,595.73,1,1.0,0
2024-08-20 01:00,595.76,1,1.0,0
2024-08-20 02:00,595.76,1,1.0,0
2024-08-20 03:00,595.82,1,1.0,0
2024-08-20 04:00,595.89,1,1.0,0
2024-08-20 05:00,595.93,1,1.0,0
2024-08-20 06:00,595.95,1,1.0,0
2024-08-20 07:00,595.98,1,1.0,0
2024-08-20 08:00,595.99,1,1.0,0
2024-08-20 09:00,596.1,1,1.0,0
2024-08-20 10:00,596.12,1,1.0,0
2024-08-20 11:00,596.16,1,1.0,0
2024-08-20 12:00,596.23,1,1.0,0
2024-08-20 13:00,596.23,1,1.0,0
2024-08-20 14:00,596.23,1,1.0,0
2024-08-20 15:00,596.3,1,1.0,0
2024-08-20 16:00,596.37,1,1.0,0
2024-08-20 17:00,596.55,1,1.0,0
2024-08-20 18:00,596.58,1,1.0,0
2024-08-20 19:00,596.58,1,1.0,0
2024-08-20 20:00,596.58,1,1.0,0
2024-08-20 21:00,596.58,1,1.0,0
2024-08-20 22:00,596.58,1,1.0,0
2024-08-20 23:00,596.58,1,1.0,0
2024-08-21 00:00,596.6,1,1.0,0
2024-08-21 01:00,596.61,1,1.0,0
2024-08-21 02:00,596.61,1,1.0,0
2024-08-21 03:00,596.61,1,1.0,0
2024-08-21 04:00,596.61,1,1.0,0
2024-08-21 05:00,596.61,1,1.0,0
2024-08-21 06:00,596.61,1,1.0,0
2024-08-21 07:00,596.61,1,1.0,0
2024-08-21 08:00,596.61,1,1.0,0
2024-08-21 09:00,596.61,1,1.0,0
2024-08-21 10:00,596.64,1,1.0,0
2024-08-21 11:00,596.77,1,1.0,0
2024-08-21 12:00,596.94,1,1.0,0
2024-08-21 13:00,597.15,1,1.0,0
2024-08-21 14:00,597.19,1,1.0,0
2024-08-21 15:00,597.23,1,1.0,0
2024-08-21 16:00,597.25,1,1.0,0
2024-08-21 17:00,597.54,1,1.0,0
2024-08-21 18:00,597.61,1,1.0,0
2024-08-21 19:00,597.61,1,1.0,0
2024-08-21 20:00,597.61,1,1.0,0
2024-08-21 21:00,597.61,1,1.0,0
2024-08-21 22:00,597.61,1,1.0,0
2024-08-21 23:00,597.61,1,1.0,0
2024-08-22 00:00,597.61,1,1.0,0
2024-08-22 01:00,597.61,1,1.0,0
2024-08-22 02:00,597.61,1,1.0,0
2024-08-22 03:00,597.61,1,1.0,0
2024-08-22 04:00,597.61,1,1.0,0
2024-08-22 05:00,597.61,1,1.0,0
2024-08-22 06:00,597.61,1,1.0,0
2024-08-22 07:00,597.61,1,1.0,0
2024-08-22 08:00,597.61,1,1.0,0
2024-08-22 09:00,597.61,1,1.0,0
2024-08-22 10:00,597.61,1,1.0,0
2024-08-22 11:00,597.61,1,1.0,0
2024-08-22 12:00,597.61,1,1.0,0
2024-08-22 13:00,597.61,1,1.0,0
2024-08-22 14:00,597.61,1,1.0,0
2024-08-22 15:00,597.61,1,1.0,0
2024-08-22 16:00,597.61,1,1.0,0
2024-08-22 17:00,597.61,1,1.0,0
2024-08-22 18:00,597.61,1,1.0,0
2024-08-22 19:00,597.61,1,1.0,0
2024-08-22 20:00,597.61,1,1.0,0
2024-08-22 21:00,597.61,1,1.0,0
2024-08-22 22:00,597.61,1,1.0,0
2024-08-22 23:00,597.61,1,1.0,0
2024-08-23 00:00,597.61,1,1.0,0
2024-08-23 01:00,597.61,1,1.0,0
2024-08-23 02:00,597.61,1,1.0,0
2024-08-23 03:00,597.61,1,1.0,0
2024-08-23 04:00,597.61,1,1.0,0
2024-08-23 05:00,597.61,1,1.0,0
2024-08-23 06:00,597.61,1,1.0,0
2024-08-23 07:00,597.62,1,1.0,0
2024-08-23 08:00,597.62,1,1.0,0
2024-08-23 09:00,597.62,1,1.0,0
2024-08-23 10:00,597.62,1,1.0,0
2024-08-23 11:00,597.62,1,1.0,0
2024-08-23 12:00,597.62,1,1.0,0
2024-08-23 13:00,597.62,1,1.0,0
2024-08-23 14:00,597.75,1,1.0,0
2024-08-23 15:00,597.75,1,1.0,0
2024-08-23 16:00,597.75,1,1.0,0
2024-08-23 17:00,597.75,1,1.0,0
2024-08-23 18:00,597.75,1,1.0,0
2024-08-23 19:00,597.75,1,1.0,0
2024-08-23 20:00,597.75,1,1.0,0
2024-08-23 21:00,597.75,1,1.0,0
2024-08-23 22:00,597.75,1,1.0,0
2024-08-23 23:00,597.75,1,1.0,0
2024-08-24 00:00,597.75,1,1.0,0
2024-08-24 01:00,597.75,1,1.0,0
2024-08-24 02:00,597.75,1,1.0,0
2024-08-24 03:00,597.75,1,1.0,0
2024-08-24 04:00,597.75,1,1.0,0
2024-08-24 05:00,597.75,1,1.0,0
2024-08-24 06:00,597.75,1,1.0,0
2024-08-24 07:00,597.75,1,1.0,0
2024-08-24 08:00,597.75,1,1.0,0
2024-08-24 09:00,597.75,1,1.0,0
2024-08-24 10:00,597.75,1,1.0,0
2024-08-24 11:00,597.76,1,1.0,0
2024-08-24 12:00,597.94,1,1.0,0
2024-08-24 13:00,597.94,1,1.0,0
2024-08-24 14:00,597.95,1,1.0,0
2024-08-24 15:00,597.96,1,1.0,0
2024-08-24 16:00,597.96,1,1.0,0
2024-08-24 17:00,597.96,1,1.0,0
2024-08-24 18:00,597.96,1,1.0,0
2024-08-24 19:00,597.96,1,1.0,0
2024-08-24 20:00,597.96,1,1.0,0
2024-08-24 21:00,597.96,1,1.0,0
2024-08-24 22:00,597.96,1,1.0,0
2024-08-24 23:00,597.96,1,1.0,0
2024-08-25 00:00,597.96,1,1.0,0
2024-08-25 01:00,597.96,1,1.0,0
2024-08-25 02:00,597.96,1,1.0,0
2024-08-25 03:00,597.96,1,1.0,0
2024-08-25 04:00,597.96,1,1.0,0
2024-08-25 05:00,597.96,1,1.0,0
2024-08-25 06:00,597.96,1,1.0,0
2024-08-25 07:00,597.96,1,1.0,0
2024-08-25 08:00,597.96,1,1.0,0
2024-08-25 09:00,597.96,1,1.0,0
2024-08-25 10:00,597.96,1,1.0,0
2024-08-25 11:00,597.96,1,1.0,0
2024-08-25 12:00,597.96,1,1.0,0
2024-08-25 13:00,597.96,1,1.0,0
2024-08-25 14:00,597.96,1,1.0,0
2024-08-25 15:00,597.96,1,1.0,0
2024-08-25 16:00,597.96,1,1.0,0
2024-08-25 17:00,597.96,1,1.0,0
2024-08-25 18:00,597.96,1,1.0,0
2024-08-25 19:00,597.96,1,1.0,0
2024-08-25 20:00,597.96,1,1.0,0
2024-08-25 21:00,597.96,1,1.0,0
2024-08-25 22:00,597.96,1,1.0,0
2024-08-25 23:00,597.96,1,1.0,0
2024-08-26 00:00,597.96,1,1.0,0
2024-08-26 01:00,597.96,1,1.0,0
2024-08-26 02:00,597.96,1,1.0,0
2024-08-26 03:00,597.96,1,1.0,0
2024-08-26 04:00,597.96,1,1.0,0
2024-08-26 05:00,597.96,1,1.0,0
2024-08-26 06:00,597.96,1,1.0,0
2024-08-26 07:00,597.96,1,1.0,0
2024-08-26 08:00,597.96,1,1.0,0
2024-08-26 09:00,597.96,1,1.0,0
2024-08-26 10:00,597.96,1,1.0,0
2024-08-26 11:00,597.96,1,1.0,0
2024-08-26 12:00,597.96,1,1.0,0
2024-08-26 13:00,597.96,1,1.0,0
2024-08-26 14:00,597.96,1,1.0,0
2024-08-26 15:00,597.97,1,1.0,0
2024-08-26 16:00,597.97,1,1.0,0
2024-08-26 17:00,597.97,1,1.0,0
2024-08-26 18:00,597.97,1,1.0,0
2024-08-26 19:00,597.97,1,1.0,0
2024-08-26 20:00,597.97,1,1.0,0
2024-08-26 21:00,597.97,1,1.0,0
2024-08-26 22:00,597.97,1,1.0,0
2024-08-26 23:00,597.97,1,1.0,0
2024-08-27 00:00,597.97,1,1.0,0
2024-08-27 01:00,597.97,1,1.0,0
2024-08-27 02:00,597.97,1,1.0,0
2024-08-27 03:00,597.97,1,1.0,0
2024-08-27 04:00,597.97,1,1.0,0
2024-08-27 05:00,597.97,1,1.0,0
2024-08-27 06:00,597.97,1,1.0,0
2024-08-27 07:00,597.97,1,1.0,0
2024-08-27 08:00,597.97,1,1.0,0
2024-08-27 09:00,597.97,1,1.0,0
2024-08-27 10:00,597.99,1,1.0,0
2024-08-27 11:00,598.02,1,1.0,0
2024-08-27 12:00,598.04,1,1.0,0
2024-08-27 13:00,598.04,1,1.0,0
2024-08-27 14:00,598.43,1,1.0,0
2024-08-27 15:00,598.68,1,1.0,0
2024-08-27 16:00,598.68,1,1.0,0
2024-08-27 17:00,598.68,1,1.0,0
2024-08-27 18:00,598.68,1,1.0,0
2024-08-27 19:00,598.68,1,1.0,0
2024-08-27 20:00,598.69,1,1.0,0
2024-08-27 21:00,598.69,1,1.0,0
2024-08-27 22:00,598.69,1,1.0,0
2024-08-27 23:00,598.69,1,1.0,0
2024-08-28 00:00,598.69,1,1.0,0
2024-08-28 01:00,598.69,1,1.0,0
2024-08-28 02:00,598.69,1,1.0,0
2024-08-28 03:00,598.69,1,1.0,0
2024-08-28 04:00,598.69,1,1.0,0
2024-08-28 05:00,598.69,1,1.0,0
2024-08-28 06:00,598.69,1,1.0,0
2024-08-28 07:00,598.69,1,1.0,0
2024-08-28 08:00,598.69,1,1.0,0
2024-08-28 09:00,598.69,1,1.0,0
2024-08-28 10:00,598.7,1,1.0,0
2024-08-28 11:00,598.71,1,1.0,0
2024-08-28 12:00,598.71,1,1.0,0
2024-08-28 13:00,598.71,1,1.0,0
2024-08-28 14:00,598.74,1,1.0,0
2024-08-28 15:00,599.2,1,1.0,0
2024-08-28 16:00,599.23,1,1.0,0
2024-08-28 17:00,599.23,1,1.0,0
2024-08-28 18:00,599.23,1,1.0,0
2024-08-28 19:00,599.23,1,1.0,0
2024-08-28 20:00,599.23,1,1.0,0
2024-08-28 21:00,599.23,1,1.0,0
2024-08-28 22:00,599.23,1,1.0,0
2024-08-28 23:00,599.23,1,1.0,0
2024-08-29 00:00,599.23,1,1.0,0
2024-08-29 01:00,599.23,1,1.0,0
2024-08-29 02:00,599.23,1,1.0,0
2024-08-29 03:00,599.23,1,1.0,0
2024-08-29 04:00,599.23,1,1.0,0
2024-08-29 05:00,599.23,1,1.0,0
2024-08-29 06:00,599.23,1,1.0,0
2024-08-29 07:00,599.23,1,1.0,0
2024-08-29 08:00,599.23,1,1.0,0
2024-08-29 09:00,599.23,1,1.0,0
2024-08-29 10:00,599.24,1,1.0,0
2024-08-29 11:00,599.25,1,1.0,0
2024-08-29 12:00,599.26,1,1.0,0
2024-08-29 13:00,599.26,1,1.0,0
2024-08-29 14:00,599.96,1,1.0,0
2024-08-29 15:00,601.28,1,1.0,0
2024-08-29 16:00,601.38,1,1.0,0
2024-08-29 17:00,601.38,1,1.0,0
2024-08-29 18:00,601.38,1,1.0,0
2024-08-29 19:00,601.38,1,1.0,0
2024-08-29 20:00,601.38,1,1.0,0
2024-08-29 21:00,601.38,1,1.0,0
2024-08-29 22:00,601.38,1,1.0,0
2024-08-29 23:00,601.38,1,1.0,0
2024-08-30 00:00,601.38,1,1.0,0
2024-08-30 01:00,601.38,1,1.0,0
2024-08-30 02:00,601.38,1,1.0,0
2024-08-30 03:00,601.38,1,1.0,0
2024-08-30 04:00,601.38,1,1.0,0
2024-08-30 05:00,601.38,1,1.0,0
2024-08-30 06:00,601.38,1,1.0,0
2024-08-30 07:00,601.38,1,1.0,0
2024-08-30 08:00,601.38,1,1.0,0
2024-08-30 09:00,601.38,1,1.0,0
2024-08-30 10:00,601.38,1,1.0,0
2024-08-30 11:00,601.38,1,1.0,0
2024-08-30 12:00,601.38,1,1.0,0
2024-08-30 13:00,601.38,1,1.0,0
2024-08-30 14:00,601.38,1,1.0,0
2024-08-30 15:00,601.38,1,1.0,0
2024-08-30 16:00,601.38,1,1.0,0
2024-08-30 17:00,601.38,1,1.0,0
2024-08-30 18:00,601.38,1,1.0,0
2024-08-30 19:00,601.38,1,1.0,0
2024-08-30 20:00,601.38,1,1.0,0
2024-08-30 21:00,601.38,1,1.0,0
2024-08-30 22:00,601.38,1,1.0,0
2024-08-30 23:00,601.38,1,1.0,0
2024-08-31 00:00,601.38,1,1.0,0
2024-08-31 01:00,601.38,1,1.0,0
2024-08-31 02:00,601.38,1,1.0,0
2024-08-31 03:00,601.38,1,1.0,0
2024-08-31 04:00,601.38,1,1.0,0
2024-08-31 05:00,601.38,1,1.0,0
2024-08-31 06:00,601.38,1,1.0,0
2024-08-31 07:00,601.38,1,1.0,0
2024-08-31 08:00,601.38,1,1.0,0
2024-08-31 09:00,601.38,1,1.0,0
2024-08-31 10:00,601.39,1,1.0,0
2024-08-31 11:00,601.39,1,1.0,0
2024-08-31 12:00,601.39,1,1.0,0
2024-08-31 13:00,601.39,1,1.0,0
2024-08-31 14:00,601.39,1,1.0,0
2024-08-31 15:00,601.39,1,1.0,0
2024-08-31 16:00,601.39,1,1.0,0
2024-08-31 17:00,601.39,1,1.0,0
2024-08-31 18:00,601.39,1,1.0,0
2024-08-31 19:00,601.39,1,1.0,0
2024-08-31 20:00,601.39,1,1.0,0
2024-08-31 21:00,601.39,1,1.0,0
2024-08-31 22:00,601.39,1,1.0,0
2024-08-31 23:00,601.39,1,1.0,0
2024-09-01 00:00,601.39,1,1.0,0
2024-09-01 01:00,601.39,1,1.0,0
2024-09-01 02:00,601.39,1,1.0,0
2024-09-01 03:00,601.39,1,1.0,0
2024-09-01 04:00,601.39,1,1.0,0
2024-09-01 05:00,601.39,1,1.0,0
2024-09-01 06:00,601.39,1,1.0,0
2024-09-01 07:00,601.39,1,1.0,0
2024-09-01 08:00,601.39,1,1.0,0
2024-09-01 09:00,601.39,1,1.0,0
2024-09-01 10:00,601.39,1,1.0,0
2024-09-01 11:00,601.39,1,1.0,0
2024-09-01 12:00,601.39,1,1.0,0
2024-09-01 13:00,601.39,1,1.0,0
2024-09-01 14:00,601.39,1,1.0,0
2024-09-01 15:00,601.39,1,1.0,0
2024-09-01 16:00,601.39,1,1.0,0
2024-09-01 17:00,601.39,1,1.0,0
2024-09-01 18:00,601.39,1,1.0,0
2024-09-01 19:00,601.39,1,1.0,0
2024-09-01 20:00,601.39,1,1.0,0
2024-09-01 21:00,601.39,1,1.0,0
2024-09-01 22:00,601.39,1,1.0,0
2024-09-01 23:00,601.39,1,1.0,0
2024-09-02 00:00,601.39,1,1.0,0
2024-09-02 01:00,601.39,1,1.0,0
2024-09-02 02:00,601.39,1,1.0,0
2024-09-02 03:00,601.39,1,1.0,0
2024-09-02 04:00,601.39,1,1.0,0
2024-09-02 05:00,601.39,1,1.0,0
2024-09-02 06:00,601.39,1,1.0,0
2024-09-02 07:00,601.39,1,1.0,0
2024-09-02 08:00,601.4,1,1.0,0
2024-09-02 09:00,601.4,1,1.0,0
2024-09-02 10:00,601.4,1,1.0,0
2024-09-02 11:00,601.41,1,1.0,0
2024-09-02 12:00,601.42,1,1.0,0
2024-09-02 13:00,601.44,1,1.0,0
2024-09-02 14:00,601.45,1,1.0,0
2024-09-02 15:00,601.64,1,1.0,0
2024-09-02 16:00,601.64,1,1.0,0
2024-09-02 17:00,601.64,1,1.0,0
2024-09-02 18:00,601.64,1,1.0,0
2024-09-02 19:00,601.64,1,1.0,0
2024-09-02 20:00,601.64,1,1.0,0
2024-09-02 21:00,601.64,1,1.0,0
2024-09-02 22:00,601.64,1,1.0,0
2024-09-02 23:00,601.64,1,1.0,0
2024-09-03 00:00,601.64,1,1.0,0
2024-09-03 01:00,601.64,1,1.0,0
2024-09-03 02:00,601.64,1,1.0,0
2024-09-03 03:00,601.64,1,1.0,0
2024-09-03 04:00,601.68,1,1.0,0
2024-09-03 05:00,601.79,1,1.0,0
2024-09-03 06:00,601.9,1,1.0,0
2024-09-03 07:00,602.14,1,1.0,0
2024-09-03 08:00,603.27,1,1.0,0
2024-09-03 09:00,603.3,1,1.0,0
2024-09-03 10:00,603.46,1,1.0,0
2024-09-03 11:00,605.13,1,1.0,0
2024-09-03 12:00,606.78,1,1.0,0
2024-09-03 13:00,607.61,1,1.0,0
2024-09-03 14:00,608.66,1,1.0,0
2024-09-03 15:00,608.88,1,1.0,0
2024-09-03 16:00,608.93,1,1.0,0
2024-09-03 17:00,608.94,1,1.0,0
2024-09-03 18:00,608.94,1,1.0,0
2024-09-03 19:00,608.94,1,1.0,0
2024-09-03 20:00,608.94,1,1.0,0
2024-09-03 21:00,608.94,1,1.0,0
2024-09-03 22:00,608.94,1,1.0,0
2024-09-03 23:00,608.94,1,1.0,0
2024-09-04 00:00,608.94,1,1.0,0
2024-09-04 01:00,608.94,1,1.0,0
2024-09-04 02:00,608.94,1,1.0,0
2024-09-04 03:00,608.94,1,1.0,0
2024-09-04 04:00,608.94,1,1.0,0
2024-09-04 05:00,608.94,1,1.0,0
2024-09-04 06:00,608.94,1,1.0,0
2024-09-04 07:00,608.94,1,1.0,0
2024-09-04 08:00,608.94,1,1.0,0
2024-09-04 09:00,608.94,1,1.0,0
2024-09-04 10:00,608.94,1,1.0,0
2024-09-04 11:00,608.94,1,1.0,0
2024-09-04 12:00,608.95,1,1.0,0
2024-09-04 13:00,608.95,1,1.0,0
2024-09-04 14:00,609.08,1,1.0,0
2024-09-04 15:00,609.08,1,1.0,0
2024-09-04 16:00,609.08,1,1.0,0
2024-09-04 17:00,609.08,1,1.0,0
2024-09-04 18:00,609.08,1,1.0,0
2024-09-04 19:00,609.08,1,1.0,0
2024-09-04 20:00,609.08,1,1.0,0
2024-09-04 21:00,609.08,1,1.0,0
2024-09-04 22:00,609.08,1,1.0,0
2024-09-04 23:00,609.08,1,1.0,0
2024-09-05 00:00,609.08,1,1.0,0
2024-09-05 01:00,609.08,1,1.0,0
2024-09-05 02:00,609.08,1,1.0,0
2024-09-05 03:00,609.08,1,1.0,0
2024-09-05 04:00,609.08,1,1.0,0
2024-09-05 05:00,609.08,1,1.0,0
2024-09-05 06:00,609.08,1,1.0,0
2024-09-05 07:00,609.09,1,1.0,0
2024-09-05 08:00,609.09,1,1.0,0
2024-09-05 09:00,609.09,1,1.0,0
2024-09-05 10:00,609.1,1,1.0,0
2024-09-05 11:00,609.13,1,1.0,0
2024-09-05 12:00,609.2,1,1.0,0
2024-09-05 13:00,610.36,1,1.0,0
2024-09-05 14:00,610.74,1,1.0,0
2024-09-05 15:00,611.01,1,1.0,0
2024-09-05 16:00,614.99,1,1.0,0
2024-09-05 17:00,615.94,1,1.0,0
2024-09-05 18:00,615.94,1,1.0,0
2024-09-05 19:00,616.2,1,1.0,0
2024-09-05 20:00,616.22,1,1.0,0
2024-09-05 21:00,616.26,1,1.0,0
2024-09-05 22:00,616.5,1,1.0,0
2024-09-05 23:00,616.96,1,1.0,0
2024-09-06 00:00,617.19,1,1.0,0
2024-09-06 01:00,617.46,1,1.0,0
2024-09-06 02:00,617.69,1,1.0,0
2024-09-06 03:00,617.88,1,1.0,0
2024-09-06 04:00,618.01,1,1.0,0
2024-09-06 05:00,618.13,1,1.0,0
2024-09-06 06:00,618.24,1,1.0,0
2024-09-06 07:00,618.48,1,1.0,0
2024-09-06 08:00,618.66,1,1.0,0
2024-09-06 09:00,618.81,1,1.0,0
2024-09-06 10:00,618.85,1,1.0,0
2024-09-06 11:00,618.85,1,1.0,0
2024-09-06 12:00,618.85,1,1.0,0
2024-09-06 13:00,618.85,1,1.0,0
2024-09-06 14:00,618.85,1,1.0,0
2024-09-06 15:00,618.85,1,1.0,0
2024-09-06 16:00,618.85,1,1.0,0
2024-09-06 17:00,618.85,1,1.0,0
2024-09-06 18:00,618.85,1,1.0,0
2024-09-06 19:00,618.85,1,1.0,0
2024-09-06 20:00,618.85,1,1.0,0
2024-09-06 21:00,618.85,1,1.0,0
2024-09-06 22:00,618.85,1,1.0,0
2024-09-06 23:00,618.85,1,1.0,0
2024-09-07 00:00,618.85,1,1.0,0
2024-09-07 01:00,618.85,1,1.0,0
2024-09-07 02:00,618.85,1,1.0,0
2024-09-07 03:00,618.85,1,1.0,0
2024-09-07 04:00,618.85,1,1.0,0
2024-09-07 05:00,618.85,1,1.0,0
2024-09-07 06:00,618.85,1,1.0,0
2024-09-07 07:00,618.85,1,1.0,0
2024-09-07 08:00,618.85,1,1.0,0
2024-09-07 09:00,618.85,1,1.0,0
2024-09-07 10:00,618.85,1,1.0,0
2024-09-07 11:00,618.85,1,1.0,0
2024-09-07 12:00,618.85,1,1.0,0
2024-09-07 13:00,618.85,1,1.0,0
2024-09-07 14:00,618.85,1,1.0,0
2024-09-07 15:00,618.85,1,1.0,0
2024-09-07 16:00,618.85,1,1.0,0
2024-09-07 17:00,618.85,1,1.0,0
2024-09-07 18:00,618.85,1,1.0,0
2024-09-07 19:00,618.85,1,1.0,0
2024-09-07 20:00,618.85,1,1.0,0
2024-09-07 21:00,618.85,1,1.0,0
2024-09-07 22:00,618.85,1,1.0,0
2024-09-07 23:00,618.85,1,1.0,0
2024-09-08 00:00,618.85,1,1.0,0
2024-09-08 01:00,618.85,1,1.0,0
2024-09-08 02:00,618.85,1,1.0,0
2024-09-08 03:00,618.85,1,1.0,0
2024-09-08 04:00,618.85,1,1.0,0
2024-09-08 05:00,618.85,1,1.0,0
2024-09-08 06:00,618.85,1,1.0,0
2024-09-08 07:00,618.85,1,1.0,0
2024-09-08 08:00,618.86,1,1.0,0
2024-09-08 09:00,618.86,1,1.0,0
2024-09-08 10:00,618.86,1,1.0,0
2024-09-08 11:00,618.86,1,1.0,0
2024-09-08 12:00,618.86,1,1.0,0
2024-09-08 13:00,618.86,1,1.0,0
2024-09-08 14:00,618.86,1,1.0,0
2024-09-08 15:00,618.86,1,1.0,0
2024-09-08 16:00,618.86,1,1.0,0
2024-09-08 17:00,618.86,1,1.0,0
2024-09-08 18:00,618.86,1,1.0,0
2024-09-08 19:00,618.86,1,1.0,0
2024-09-08 20:00,618.86,1,1.0,0
2024-09-08 21:00,618.86,1,1.0,0
2024-09-08 22:00,618.86,1,1.0,0
2024-09-08 23:00,618.86,1,1.0,0
2024-09-09 00:00,618.86,1,1.0,0
2024-09-09 01:00,618.86,1,1.0,0
2024-09-09 02:00,618.99,1,1.0,0
2024-09-09 03:00,619.28,1,1.0,0
2024-09-09 04:00,620.09,1,1.0,0
2024-09-09 05:00,622.98,1,1.0,0
2024-09-09 06:00,627.68,1,1.0,0
2024-09-09 07:00,637.84,1,1.0,0
2024-09-09 08:00,643.92,1,1.0,0
2024-09-09 09:00,646.54,1,1.0,0
2024-09-09 10:00,650.07,1,1.0,0
2024-09-09 11:00,653.78,1,1.0,0
2024-09-09 12:00,655.38,1,1.0,0
2024-09-09 13:00,655.93,1,1.0,0
2024-09-09 14:00,656.32,1,1.0,0
2024-09-09 15:00,656.45,1,1.0,0
2024-09-09 16:00,656.47,1,1.0,0
2024-09-09 17:00,656.47,1,1.0,0
2024-09-09 18:00,656.48,1,1.0,0
2024-09-09 19:00,656.55,1,1.0,0
2024-09-09 20:00,656.6,1,1.0,0
2024-09-09 21:00,656.65,1,1.0,0
2024-09-09 22:00,656.68,1,1.0,0
2024-09-09 23:00,656.68,1,1.0,0
2024-09-10 00:00,656.69,1,1.0,0
2024-09-10 01:00,656.69,1,1.0,0
2024-09-10 02:00,656.69,1,1.0,0
2024-09-10 03:00,656.69,1,1.0,0
2024-09-10 04:00,656.7,1,1.0,0
2024-09-10 05:00,656.7,1,1.0,0
2024-09-10 06:00,656.7,1,1.0,0
2024-09-10 07:00,656.7,1,1.0,0
2024-09-10 08:00,656.7,1,1.0,0
2024-09-10 09:00,656.7,1,1.0,0
2024-09-10 10:00,656.73,1,1.0,0
2024-09-10 11:00,656.75,1,1.0,0
2024-09-10 12:00,656.75,1,1.0,0
2024-09-10 13:00,656.75,1,1.0,0
2024-09-10 14:00,656.75,1,1.0,0
2024-09-10 15:00,656.75,1,1.0,0
2024-09-10 16:00,656.75,1,1.0,0
2024-09-10 17:00,656.75,1,1.0,0
2024-09-10 18:00,656.75,1,1.0,0
2024-09-10 19:00,656.75,1,1.0,0
2024-09-10 20:00,656.75,1,1.0,0
2024-09-10 21:00,656.75,1,1.0,0
2024-09-10 22:00,656.75,1,1.0,0
2024-09-10 23:00,656.75,1,1.0,0
2024-09-11 00:00,656.75,1,1.0,0
2024-09-11 01:00,656.75,1,1.0,0
2024-09-11 02:00,656.75,1,1.0,0
2024-09-11 03:00,656.75,1,1.0,0
2024-09-11 04:00,656.75,1,1.0,0
2024-09-11 05:00,656.75,1,1.0,0
2024-09-11 06:00,656.75,1,1.0,0
2024-09-11 07:00,656.75,1,1.0,0
2024-09-11 08:00,656.75,1,1.0,0
2024-09-11 09:00,656.75,1,1.0,0
2024-09-11 10:00,656.75,1,1.0,0
2024-09-11 11:00,656.75,1,1.0,0
2024-09-11 12:00,656.75,1,1.0,0
2024-09-11 13:00,656.75,1,1.0,0
2024-09-11 14:00,656.75,1,1.0,0
2024-09-11 15:00,656.75,1,1.0,0
2024-09-11 16:00,656.75,1,1.0,0
2024-09-11 17:00,656.75,1,1.0,0
2024-09-11 18:00,656.75,1,1.0,0
2024-09-11 19:00,656.75,1,1.0,0
2024-09-11 20:00,656.77,1,1.0,0
2024-09-11 21:00,656.78,1,1.0,0
2024-09-11 22:00,656.8,1,1.0,0
2024-09-11 23:00,656.85,1,1.0,0
2024-09-12 00:00,656.95,1,1.0,0
2024-09-12 01:00,657.18,1,1.0,0
2024-09-12 02:00,657.36,1,1.0,0
2024-09-12 03:00,657.55,1,1.0,0
2024-09-12 04:00,657.82,1,1.0,0
2024-09-12 05:00,658.2,1,1.0,0
2024-09-12 06:00,658.5,1,1.0,0
2024-09-12 07:00,658.92,1,1.0,0
2024-09-12 08:00,659.22,1,1.0,0
2024-09-12 09:00,659.41,1,1.0,0
2024-09-12 10:00,659.69,1,1.0,0
2024-09-12 11:00,659.96,1,1.0,0
2024-09-12 12:00,660.29,1,1.0,0
2024-09-12 13:00,660.46,1,1.0,0
2024-09-12 14:00,660.57,1,1.0,0
2024-09-12 15:00,661.05,1,1.0,0
2024-09-12 16:00,661.3,1,1.0,0
2024-09-12 17:00,661.82,1,1.0,0
2024-09-12 18:00,662.0,1,1.0,0
2024-09-12 19:00,663.68,1,1.0,0
2024-09-12 20:00,667.52,1,1.0,0
2024-09-12 21:00,673.18,1,1.0,0
2024-09-12 22:00,678.34,1,1.0,0
2024-09-12 23:00,680.35,1,1.0,0
2024-09-13 00:00,680.64,1,1.0,0
2024-09-13 01:00,680.72,1,1.0,0
2024-09-13 02:00,680.76,1,1.0,0
2024-09-13 03:00,680.8,1,1.0,0
2024-09-13 04:00,680.86,1,1.0,0
2024-09-13 05:00,680.94,1,1.0,0
2024-09-13 06:00,681.04,1,1.0,0
2024-09-13 07:00,681.18,1,1.0,0
2024-09-13 08:00,681.31,1,1.0,0
2024-09-13 09:00,681.62,1,1.0,0
2024-09-13 10:00,681.96,1,1.0,0
2024-09-13 11:00,682.29,1,1.0,0
2024-09-13 12:00,682.54,1,1.0,0
2024-09-13 13:00,683.0,1,1.0,0
2024-09-13 14:00,683.26,1,1.0,0
2024-09-13 15:00,683.52,1,1.0,0
2024-09-13 16:00,683.79,1,1.0,0
2024-09-13 17:00,683.99,1,1.0,0
2024-09-13 18:00,684.08,1,1.0,0
2024-09-13 19:00,684.2,1,1.0,0
2024-09-13 20:00,684.22,1,1.0,0
2024-09-13 21:00,684.22,1,1.0,0
2024-09-13 22:00,684.26,1,1.0,0
2024-09-13 23:00,684.3,1,1.0,0
2024-09-14 00:00,684.35,1,1.0,0
2024-09-14 01:00,684.4,1,1.0,0
2024-09-14 02:00,684.54,1,1.0,0
2024-09-14 03:00,684.54,1,1.0,0
2024-09-14 04:00,684.54,1,1.0,0
2024-09-14 05:00,684.54,1,1.0,0
2024-09-14 06:00,684.54,1,1.0,0
2024-09-14 07:00,684.57,1,1.0,0
2024-09-14 08:00,684.57,1,1.0,0
2024-09-14 09:00,684.57,1,1.0,0
2024-09-14 10:00,684.58,1,1.0,0
2024-09-14 11:00,684.58,1,1.0,0
2024-09-14 12:00,684.58,1,1.0,0
2024-09-14 13:00,684.58,1,1.0,0
2024-09-14 14:00,684.59,1,1.0,0
2024-09-14 15:00,684.59,1,1.0,0
2024-09-14 16:00,684.59,1,1.0,0
2024-09-14 17:00,684.59,1,1.0,0
2024-09-14 18:00,684.59,1,1.0,0
2024-09-14 19:00,684.59,1,1.0,0
2024-09-14 20:00,684.59,1,1.0,0
2024-09-14 21:00,684.59,1,1.0,0
2024-09-14 22:00,684.59,1,1.0,0
2024-09-14 23:00,684.59,1,1.0,0
2024-09-15 00:00,684.59,1,1.0,0
2024-09-15 01:00,684.59,1,1.0,0
2024-09-15 02:00,684.59,1,1.0,0
2024-09-15 03:00,684.59,1,1.0,0
2024-09-15 04:00,684.59,1,1.0,0
2024-09-15 05:00,684.59,1,1.0,0
2024-09-15 06:00,684.59,1,1.0,0
2024-09-15 07:00,684.59,1,1.0,0
2024-09-15 08:00,684.59,1,1.0,0
2024-09-15 09:00,684.59,1,1.0,0
2024-09-15 10:00,684.59,1,1.0,0
2024-09-15 11:00,684.59,1,1.0,0
2024-09-15 12:00,684.59,1,1.0,0
2024-09-15 13:00,684.59,1,1.0,0
2024-09-15 14:00,684.59,1,1.0,0
2024-09-15 15:00,684.59,1,1.0,0
2024-09-15 16:00,684.59,1,1.0,0
2024-09-15 17:00,684.6,1,1.0,0
2024-09-15 18:00,684.6,1,1.0,0
2024-09-15 19:00,684.6,1,1.0,0
2024-09-15 20:00,684.6,1,1.0,0
2024-09-15 21:00,684.6,1,1.0,0
2024-09-15 22:00,684.6,1,1.0,0
2024-09-15 23:00,684.6,1,1.0,0
2024-09-16 00:00,684.6,1,1.0,0
2024-09-16 01:00,684.6,1,1.0,0
2024-09-16 02:00,684.6,1,1.0,0
2024-09-16 03:00,684.67,1,1.0,0
2024-09-16 04:00,684.7,1,1.0,0
2024-09-16 05:00,684.75,1,1.0,0
2024-09-16 06:00,684.77,1,1.0,0
2024-09-16 07:00,684.9,1,1.0,0
2024-09-16 08:00,684.9,1,1.0,0
2024-09-16 09:00,684.9,1,1.0,0
2024-09-16 10:00,684.96,1,1.0,0
2024-09-16 11:00,685.13,1,1.0,0
2024-09-16 12:00,685.33,1,1.0,0
2024-09-16 13:00,685.68,1,1.0,0
2024-09-16 14:00,686.27,1,1.0,0
2024-09-16 15:00,686.54,1,1.0,0
2024-09-16 16:00,686.64,1,1.0,0
2024-09-16 17:00,686.99,1,1.0,0
2024-09-16 18:00,687.63,1,1.0,0
2024-09-16 19:00,689.06,1,1.0,0
2024-09-16 20:00,689.8,1,1.0,0
2024-09-16 21:00,690.42,1,1.0,0
2024-09-16 22:00,691.35,1,1.0,0
2024-09-16 23:00,692.5,1,1.0,0
2024-09-17 00:00,693.43,1,1.0,0
2024-09-17 01:00,693.88,1,1.0,0
2024-09-17 02:00,693.98,1,1.0,0
2024-09-17 03:00,694.37,1,1.0,0
2024-09-17 04:00,695.23,1,1.0,0
2024-09-17 05:00,696.73,1,1.0,0
2024-09-17 06:00,698.66,1,1.0,0
2024-09-17 07:00,699.02,1,1.0,0
2024-09-17 08:00,699.66,1,1.0,0
2024-09-17 09:00,700.98,1,1.0,0
2024-09-17 10:00,702.01,1,1.0,0
2024-09-17 11:00,703.03,1,1.0,0
2024-09-17 12:00,704.23,1,1.0,0
2024-09-17 13:00,705.75,1,1.0,0
2024-09-17 14:00,705.96,1,1.0,0
2024-09-17 15:00,706.31,1,1.0,0
2024-09-17 16:00,707.79,1,1.0,0
2024-09-17 17:00,709.04,1,1.0,0
2024-09-17 18:00,710.36,1,1.0,0
2024-09-17 19:00,710.52,1,1.0,0
2024-09-17 20:00,710.7,1,1.0,0
2024-09-17 21:00,711.09,1,1.0,0
2024-09-17 22:00,711.31,1,1.0,0
2024-09-17 23:00,711.49,1,1.0,0
2024-09-18 00:00,711.68,1,1.0,0
2024-09-18 01:00,711.83,1,1.0,0
2024-09-18 02:00,711.95,1,1.0,0
2024-09-18 03:00,712.09,1,1.0,0
2024-09-18 04:00,712.11,1,1.0,0
2024-09-18 05:00,712.18,1,1.0,0
2024-09-18 06:00,712.31,1,1.0,0
2024-09-18 07:00,712.91,1,1.0,0
2024-09-18 08:00,713.52,1,1.0,0
2024-09-18 09:00,713.85,1,1.0,0
2024-09-18 10:00,714.0,1,1.0,0
2024-09-18 11:00,714.24,1,1.0,0
2024-09-18 12:00,715.89,1,1.0,0
2024-09-18 13:00,717.04,1,1.0,0
2024-09-18 14:00,717.29,1,1.0,0
2024-09-18 15:00,717.52,1,1.0,0
2024-09-18 16:00,717.58,1,1.0,0
2024-09-18 17:00,718.28,1,1.0,0
2024-09-18 18:00,718.62,1,1.0,0
2024-09-18 19:00,719.19,1,1.0,0
2024-09-18 20:00,719.28,1,1.0,0
2024-09-18 21:00,719.32,1,1.0,0
2024-09-18 22:00,719.62,1,1.0,0
2024-09-18 23:00,720.03,1,1.0,0
2024-09-19 00:00,721.38,1,1.0,0
2024-09-19 01:00,722.94,1,1.0,0
2024-09-19 02:00,724.45,1,1.0,0
2024-09-19 03:00,726.32,1,1.0,0
2024-09-19 04:00,727.42,1,1.0,0
2024-09-19 05:00,727.53,1,1.0,0
2024-09-19 06:00,727.66,1,1.0,0
2024-09-19 07:00,728.49,1,1.0,0
2024-09-19 08:00,729.03,1,1.0,0
2024-09-19 09:00,729.59,1,1.0,0
2024-09-19 10:00,730.32,1,1.0,0
2024-09-19 11:00,730.83,1,1.0,0
2024-09-19 12:00,731.51,1,1.0,0
2024-09-19 13:00,731.76,1,1.0,0
2024-09-19 14:00,731.97,1,1.0,0
2024-09-19 15:00,732.18,1,1.0,0
2024-09-19 16:00,732.36,1,1.0,0
2024-09-19 17:00,732.38,1,1.0,0
2024-09-19 18:00,732.46,1,1.0,0
2024-09-19 19:00,733.32,1,1.0,0
2024-09-19 20:00,734.41,1,1.0,0
2024-09-19 21:00,735.42,1,1.0,0
2024-09-19 22:00,735.54,1,1.0,0
2024-09-19 23:00,735.6,1,1.0,0
2024-09-20 00:00,735.63,1,1.0,0
2024-09-20 01:00,735.68,1,1.0,0
2024-09-20 02:00,735.73,1,1.0,0
2024-09-20 03:00,735.74,1,1.0,0
2024-09-20 04:00,735.75,1,1.0,0
2024-09-20 05:00,735.76,1,1.0,0
2024-09-20 06:00,735.77,1,1.0,0
2024-09-20 07:00,735.77,1,1.0,0
2024-09-20 08:00,735.77,1,1.0,0
2024-09-20 09:00,735.78,1,1.0,0
2024-09-20 10:00,735.81,1,1.0,0
2024-09-20 11:00,735.84,1,1.0,0
2024-09-20 12:00,735.85,1,1.0,0
2024-09-20 13:00,735.85,1,1.0,0
2024-09-20 14:00,735.85,1,1.0,0
2024-09-20 15:00,735.85,1,1.0,0
2024-09-20 16:00,735.85,1,1.0,0
2024-09-20 17:00,735.85,1,1.0,0
2024-09-20 18:00,735.85,1,1.0,0
2024-09-20 19:00,735.85,1,1.0,0
2024-09-20 20:00,735.85,1,1.0,0
2024-09-20 21:00,735.85,1,1.0,0
2024-09-20 22:00,735.85,1,1.0,0
2024-09-20 23:00,735.85,1,1.0,0
2024-09-21 00:00,735.85,1,1.0,0
2024-09-21 01:00,735.85,1,1.0,0
2024-09-21 02:00,735.85,1,1.0,0
2024-09-21 03:00,735.85,1,1.0,0
2024-09-21 04:00,735.85,1,1.0,0
2024-09-21 05:00,735.85,1,1.0,0
2024-09-21 06:00,735.85,1,1.0,0
2024-09-21 07:00,735.85,1,1.0,0
2024-09-21 08:00,735.85,1,1.0,0
2024-09-21 09:00,735.85,1,1.0,0
2024-09-21 10:00,735.85,1,1.0,0
2024-09-21 11:00,735.85,1,1.0,0
2024-09-21 12:00,735.85,1,1.0,0
2024-09-21 13:00,735.85,1,1.0,0
2024-09-21 14:00,735.86,1,1.0,0
2024-09-21 15:00,735.86,1,1.0,0
2024-09-21 16:00,735.86,1,1.0,0
2024-09-21 17:00,735.86,1,1.0,0
2024-09-21 18:00,735.86,1,1.0,0
2024-09-21 19:00,735.86,1,1.0,0
2024-09-21 20:00,735.86,1,1.0,0
2024-09-21 21:00,735.86,1,1.0,0
2024-09-21 22:00,735.86,1,1.0,0
2024-09-21 23:00,735.86,1,1.0,0
2024-09-22 00:00,735.86,1,1.0,0
2024-09-22 01:00,735.86,1,1.0,0
2024-09-22 02:00,735.86,1,1.0,0
2024-09-22 03:00,735.86,1,1.0,0
2024-09-22 04:00,735.86,1,1.0,0
2024-09-22 05:00,735.86,1,1.0,0
2024-09-22 06:00,735.86,1,1.0,0
2024-09-22 07:00,735.86,1,1.0,0
2024-09-22 08:00,735.86,1,1.0,0
2024-09-22 09:00,735.86,1,1.0,0
2024-09-22 10:00,735.86,1,1.0,0
2024-09-22 11:00,735.86,1,1.0,0
2024-09-22 12:00,735.86,1,1.0,0
2024-09-22 13:00,735.86,1,1.0,0
2024-09-22 14:00,735.86,1,1.0,0
2024-09-22 15:00,735.86,1,1.0,0
2024-09-22 16:00,735.86,1,1.0,0
2024-09-22 17:00,735.9,1,1.0,0
2024-09-22 18:00,735.9,1,1.0,0
2024-09-22 19:00,735.9,1,1.0,0
2024-09-22 20:00,735.9,1,1.0,0
2024-09-22 21:00,735.92,1,1.0,0
2024-09-22 22:00,736.0,1,1.0,0
2024-09-22 23:00,736.2,1,1.0,0
2024-09-23 00:00,736.39,1,1.0,0
2024-09-23 01:00,736.99,1,1.0,0
2024-09-23 02:00,738.66,1,1.0,0
2024-09-23 03:00,739.64,1,1.0,0
2024-09-23 04:00,739.9,1,1.0,0
2024-09-23 05:00,740.16,1,1.0,0
2024-09-23 06:00,740.52,1,1.0,0
2024-09-23 07:00,740.56,1,1.0,0
2024-09-23 08:00,740.57,1,1.0,0
2024-09-23 09:00,740.59,1,1.0,0
2024-09-23 10:00,740.64,1,1.0,0
2024-09-23 11:00,740.65,1,1.0,0
2024-09-23 12:00,740.66,1,1.0,0
2024-09-23 13:00,740.72,1,1.0,0
2024-09-23 14:00,740.75,1,1.0,0
2024-09-23 15:00,740.79,1,1.0,0
2024-09-23 16:00,740.84,1,1.0,0
2024-09-23 17:00,740.9,1,1.0,0
2024-09-23 18:00,741.02,1,1.0,0
2024-09-23 19:00,741.02,1,1.0,0
2024-09-23 20:00,741.02,1,1.0,0
2024-09-23 21:00,741.02,1,1.0,0
2024-09-23 22:00,741.2,1,1.0,0
2024-09-23 23:00,743.45,1,1.0,0
2024-09-24 00:00,747.36,1,1.0,0
2024-09-24 01:00,751.1,1,1.0,0
2024-09-24 02:00,753.97,1,1.0,0
2024-09-24 03:00,756.74,1,1.0,0
2024-09-24 04:00,758.45,1,1.0,0
2024-09-24 05:00,759.42,1,1.0,0
2024-09-24 06:00,759.73,1,1.0,0
2024-09-24 07:00,760.14,1,1.0,0
2024-09-24 08:00,760.52,1,1.0,0
2024-09-24 09:00,760.99,1,1.0,0
2024-09-24 10:00,761.21,1,1.0,0
2024-09-24 11:00,761.37,1,1.0,0
2024-09-24 12:00,761.47,1,1.0,0
2024-09-24 13:00,761.56,1,1.0,0
2024-09-24 14:00,761.61,1,1.0,0
2024-09-24 15:00,761.81,1,1.0,0
2024-09-24 16:00,761.96,1,1.0,0
2024-09-24 17:00,762.05,1,1.0,0
2024-09-24 18:00,762.05,1,1.0,0
2024-09-24 19:00,762.05,1,1.0,0
2024-09-24 20:00,762.05,1,1.0,0
2024-09-24 21:00,762.05,1,1.0,0
2024-09-24 22:00,762.05,1,1.0,0
2024-09-24 23:00,762.05,1,1.0,0
2024-09-25 00:00,762.06,1,1.0,0
2024-09-25 01:00,762.1,1,1.0,0
2024-09-25 02:00,762.25,1,1.0,0
2024-09-25 03:00,762.45,1,1.0,0
2024-09-25 04:00,762.64,1,1.0,0
2024-09-25 05:00,763.06,1,1.0,0
2024-09-25 06:00,763.69,1,1.0,0
2024-09-25 07:00,763.88,1,1.0,0
2024-09-25 08:00,763.92,1,1.0,0
2024-09-25 09:00,763.93,1,1.0,0
2024-09-25 10:00,764.09,1,1.0,0
2024-09-25 11:00,764.42,1,1.0,0
2024-09-25 12:00,764.66,1,1.0,0
2024-09-25 13:00,765.04,1,1.0,0
2024-09-25 14:00,765.88,1,1.0,0
2024-09-25 15:00,766.68,1,1.0,0
2024-09-25 16:00,767.52,1,1.0,0
2024-09-25 17:00,767.95,1,1.0,0
2024-09-25 18:00,768.43,1,1.0,0
2024-09-25 19:00,768.63,1,1.0,0
2024-09-25 20:00,768.73,1,1.0,0
2024-09-25 21:00,768.79,1,1.0,0
2024-09-25 22:00,768.83,1,1.0,0
2024-09-25 23:00,768.86,1,1.0,0
2024-09-26 00:00,768.9,1,1.0,0
2024-09-26 01:00,768.94,1,1.0,0
2024-09-26 02:00,769.02,1,1.0,0
2024-09-26 03:00,769.12,1,1.0,0
2024-09-26 04:00,769.19,1,1.0,0
2024-09-26 05:00,769.24,1,1.0,0
2024-09-26 06:00,769.32,1,1.0,0
2024-09-26 07:00,769.37,1,1.0,0
2024-09-26 08:00,769.45,1,1.0,0
2024-09-26 09:00,769.51,1,1.0,0
2024-09-26 10:00,769.59,1,1.0,0
2024-09-26 11:00,769.64,1,1.0,0
2024-09-26 12:00,769.7,1,1.0,0
2024-09-26 13:00,769.74,1,1.0,0
2024-09-26 14:00,769.77,1,1.0,0
2024-09-26 15:00,769.78,1,1.0,0
2024-09-26 16:00,769.83,1,1.0,0
2024-09-26 17:00,769.87,1,1.0,0
2024-09-26 18:00,769.91,1,1.0,0
2024-09-26 19:00,769.93,1,1.0,0
2024-09-26 20:00,769.96,1,1.0,0
2024-09-26 21:00,769.97,1,1.0,0
2024-09-26 22:00,769.99,1,1.0,0
2024-09-26 23:00,770.0,1,1.0,0
2024-09-27 00:00,770.02,1,1.0,0
2024-09-27 01:00,770.03,1,1.0,0
2024-09-27 02:00,770.05,1,1.0,0
2024-09-27 03:00,770.06,1,1.0,0
2024-09-27 04:00,770.07,1,1.0,0
2024-09-27 05:00,770.08,1,1.0,0
2024-09-27 06:00,770.09,1,1.0,0
2024-09-27 07:00,770.09,1,1.0,0
2024-09-27 08:00,770.09,1,1.0,0
2024-09-27 09:00,770.1,1,1.0,0
2024-09-27 10:00,770.1,1,1.0,0
2024-09-27 11:00,770.11,1,1.0,0
2024-09-27 12:00,770.13,1,1.0,0
2024-09-27 13:00,770.14,1,1.0,0
2024-09-27 14:00,770.15,1,1.0,0
2024-09-27 15:00,770.17,1,1.0,0
2024-09-27 16:00,770.18,1,1.0,0
2024-09-27 17:00,770.2,1,1.0,0
2024-09-27 18:00,770.21,1,1.0,0
2024-09-27 19:00,770.22,1,1.0,0
2024-09-27 20:00,770.22,1,1.0,0
2024-09-27 21:00,770.22,1,1.0,0
2024-09-27 22:00,770.22,1,1.0,0
2024-09-27 23:00,770.23,1,1.0,0
2024-09-28 00:00,770.23,1,1.0,0
2024-09-28 01:00,770.23,1,1.0,0
2024-09-28 02:00,770.24,1,1.0,0
2024-09-28 03:00,770.24,1,1.0,0
2024-09-28 04:00,770.24,1,1.0,0
2024-09-28 05:00,770.27,1,1.0,0
2024-09-28 06:00,770.32,1,1.0,0
2024-09-28 07:00,770.48,1,1.0,0
2024-09-28 08:00,770.85,1,1.0,0
2024-09-28 09:00,771.81,1,1.0,0
2024-09-28 10:00,773.32,1,1.0,0
2024-09-28 11:00,774.44,1,1.0,0
2024-09-28 12:00,775.53,1,1.0,0
2024-09-28 13:00,776.56,1,1.0,0
2024-09-28 14:00,776.65,1,1.0,0
2024-09-28 15:00,776.65,1,1.0,0
2024-09-28 16:00,776.65,1,1.0,0
2024-09-28 17:00,776.65,1,1.0,0
2024-09-28 18:00,776.65,1,1.0,0
2024-09-28 19:00,776.65,1,1.0,0
2024-09-28 20:00,776.66,1,1.0,0
2024-09-28 21:00,776.67,1,1.0,0
2024-09-28 22:00,776.69,1,1.0,0
2024-09-28 23:00,776.72,1,1.0,0
2024-09-29 00:00,776.79,1,1.0,0
2024-09-29 01:00,776.81,1,1.0,0
2024-09-29 02:00,776.83,1,1.0,0
2024-09-29 03:00,776.83,1,1.0,0
2024-09-29 04:00,776.84,1,1.0,0
2024-09-29 05:00,776.84,1,1.0,0
2024-09-29 06:00,776.85,1,1.0,0
2024-09-29 07:00,776.85,1,1.0,0
2024-09-29 08:00,776.85,1,1.0,0
2024-09-29 09:00,776.85,1,1.0,0
2024-09-29 10:00,776.85,1,1.0,0
2024-09-29 11:00,776.85,1,1.0,0
2024-09-29 12:00,776.85,1,1.0,0
2024-09-29 13:00,776.85,1,1.0,0
2024-09-29 14:00,776.85,1,1.0,0
2024-09-29 15:00,776.85,1,1.0,0
2024-09-29 16:00,776.85,1,1.0,0
2024-09-29 17:00,776.85,1,1.0,0
2024-09-29 18:00,776.85,1,1.0,0
2024-09-29 19:00,776.85,1,1.0,0
2024-09-29 20:00,776.85,1,1.0,0
2024-09-29 21:00,776.85,1,1.0,0
2024-09-29 22:00,776.85,1,1.0,0
2024-09-29 23:00,776.85,1,1.0,0
2024-09-30 00:00,776.85,1,1.0,0
2024-09-30 01:00,776.85,1,1.0,0
2024-09-30 02:00,776.85,1,1.0,0
2024-09-30 03:00,776.85,1,1.0,0
2024-09-30 04:00,776.85,1,1.0,0
2024-09-30 05:00,776.85,1,1.0,0
2024-09-30 06:00,776.85,1,1.0,0
2024-09-30 07:00,776.85,1,1.0,0
2024-09-30 08:00,776.85,1,1.0,0
2024-09-30 09:00,776.85,1,1.0,0
2024-09-30 10:00,776.85,1,1.0,0
2024-09-30 11:00,776.85,1,1.0,0
2024-09-30 12:00,776.85,1,1.0,0
2024-09-30 13:00,776.85,1,1.0,0
2024-09-30 14:00,776.85,1,1.0,0
2024-09-30 15:00,776.85,1,1.0,0
2024-09-30 16:00,776.85,1,1.0,0
2024-09-30 17:00,776.85,1,1.0,0
2024-09-30 18:00,776.85,1,1.0,0
2024-09-30 19:00,776.85,1,1.0,0
2024-09-30 20:00,776.85,1,1.0,0
2024-09-30 21:00,776.85,1,1.0,0
2024-09-30 22:00,776.85,1,1.0,0
2024-09-30 23:00,776.85,1,1.0,0
2024-10-01 00:00,776.85,1,1.0,0
2024-10-01 01:00,776.85,1,1.0,0
2024-10-01 02:00,776.85,1,1.0,0
2024-10-01 03:00,776.85,1,1.0,0
2024-10-01 04:00,776.85,1,1.0,0
2024-10-01 05:00,776.85,1,1.0,0
2024-10-01 06:00,776.85,1,1.0,0
2024-10-01 07:00,776.85,1,1.0,0
2024-10-01 08:00,776.85,1,1.0,0
2024-10-01 09:00,776.85,1,1.0,0
2024-10-01 10:00,776.85,1,1.0,0
2024-10-01 11:00,776.85,1,1.0,0
2024-10-01 12:00,776.85,1,1.0,0
2024-10-01 13:00,776.85,1,1.0,0
2024-10-01 14:00,776.85,1,1.0,0
2024-10-01 15:00,776.85,1,1.0,0
2024-10-01 16:00,776.85,1,1.0,0
2024-10-01 17:00,776.85,1,1.0,0
2024-10-01 18:00,776.85,1,1.0,0
2024-10-01 19:00,776.85,1,1.0,0
2024-10-01 20:00,776.85,1,1.0,0
2024-10-01 21:00,776.85,1,1.0,0
2024-10-01 22:00,776.85,1,1.0,0
2024-10-01 23:00,776.85,1,1.0,0
2024-10-02 00:00,776.85,1,1.0,0
2024-10-02 01:00,776.85,1,1.0,0
2024-10-02 02:00,776.85,1,1.0,0
2024-10-02 03:00,776.85,1,1.0,0
2024-10-02 04:00,776.85,1,1.0,0
2024-10-02 05:00,776.85,1,1.0,0
2024-10-02 06:00,776.85,1,1.0,0
2024-10-02 07:00,776.85,1,1.0,0
2024-10-02 08:00,776.85,1,1.0,0
2024-10-02 09:00,776.85,1,1.0,0
2024-10-02 10:00,776.85,1,1.0,0
2024-10-02 11:00,776.86,1,1.0,0
2024-10-02 12:00,776.88,1,1.0,0
2024-10-02 13:00,776.9,1,1.0,0
2024-10-02 14:00,776.92,1,1.0,0
2024-10-02 15:00,776.94,1,1.0,0
2024-10-02 16:00,777.05,1,1.0,0
2024-10-02 17:00,777.31,1,1.0,0
2024-10-02 18:00,777.46,1,1.0,0
2024-10-02 19:00,777.55,1,1.0,0
2024-10-02 20:00,777.66,1,1.0,0
2024-10-02 21:00,777.76,1,1.0,0
2024-10-02 22:00,777.81,1,1.0,0
2024-10-02 23:00,777.86,1,1.0,0
2024-10-03 00:00,777.94,1,1.0,0
2024-10-03 01:00,778.09,1,1.0,0
2024-10-03 02:00,778.33,1,1.0,0
2024-10-03 03:00,778.68,1,1.0,0
2024-10-03 04:00,778.94,1,1.0,0
2024-10-03 05:00,779.13,1,1.0,0
2024-10-03 06:00,779.26,1,1.0,0
2024-10-03 07:00,779.34,1,1.0,0
2024-10-03 08:00,779.6,1,1.0,0
2024-10-03 09:00,779.64,1,1.0,0
2024-10-03 10:00,779.68,1,1.0,0
2024-10-03 11:00,779.71,1,1.0,0
2024-10-03 12:00,779.74,1,1.0,0
2024-10-03 13:00,779.92,1,1.0,0
2024-10-03 14:00,780.27,1,1.0,0
2024-10-03 15:00,780.88,1,1.0,0
2024-10-03 16:00,782.25,1,1.0,0
2024-10-03 17:00,785.88,1,1.0,0
2024-10-03 18:00,787.92,1,1.0,0
2024-10-03 19:00,788.29,1,1.0,0
2024-10-03 20:00,789.48,1,1.0,0
2024-10-03 21:00,793.7,1,1.0,0
2024-10-03 22:00,798.26,1,1.0,0
2024-10-03 23:00,800.34,1,1.0,0
2024-10-04 00:00,801.11,1,1.0,0
2024-10-04 01:00,801.24,1,1.0,0
2024-10-04 02:00,801.38,1,1.0,0
2024-10-04 03:00,801.51,1,1.0,0
2024-10-04 04:00,801.78,1,1.0,0
2024-10-04 05:00,802.07,1,1.0,0
2024-10-04 06:00,802.3,1,1.0,0
2024-10-04 07:00,802.53,1,1.0,0
2024-10-04 08:00,802.66,1,1.0,0
2024-10-04 09:00,802.83,1,1.0,0
2024-10-04 10:00,803.04,1,1.0,0
2024-10-04 11:00,803.28,1,1.0,0
2024-10-04 12:00,803.56,1,1.0,0
2024-10-04 13:00,803.75,1,1.0,0
2024-10-04 14:00,803.93,1,1.0,0
2024-10-04 15:00,804.05,1,1.0,0
2024-10-04 16:00,804.17,1,1.0,0
2024-10-04 17:00,804.21,1,1.0,0
2024-10-04 18:00,804.27,1,1.0,0
2024-10-04 19:00,804.3,1,1.0,0
2024-10-04 20:00,804.34,1,1.0,0
2024-10-04 21:00,804.42,1,1.0,0
2024-10-04 22:00,804.5,1,1.0,0
2024-10-04 23:00,804.85,1,1.0,0
2024-10-05 00:00,805.49,1,1.0,0
2024-10-05 01:00,806.3,1,1.0,0
2024-10-05 02:00,807.01,1,1.0,0
2024-10-05 03:00,807.25,1,1.0,0
2024-10-05 04:00,807.45,1,1.0,0
2024-10-05 05:00,807.68,1,1.0,0
2024-10-05 06:00,807.85,1,1.0,0
2024-10-05 07:00,807.99,1,1.0,0
2024-10-05 08:00,808.09,1,1.0,0
2024-10-05 09:00,808.24,1,1.0,0
2024-10-05 10:00,808.53,1,1.0,0
2024-10-05 11:00,809.1,1,1.0,0
2024-10-05 12:00,809.6,1,1.0,0
2024-10-05 13:00,809.9,1,1.0,0
2024-10-05 14:00,810.11,1,1.0,0
2024-10-05 15:00,810.29,1,1.0,0
2024-10-05 16:00,810.71,1,1.0,0
2024-10-05 17:00,810.92,1,1.0,0
2024-10-05 18:00,811.0,1,1.0,0
2024-10-05 19:00,811.07,1,1.0,0
2024-10-05 20:00,811.15,1,1.0,0
2024-10-05 21:00,811.19,1,1.0,0
2024-10-05 22:00,811.23,1,1.0,0
2024-10-05 23:00,811.29,1,1.0,0
2024-10-06 00:00,811.38,1,1.0,0
2024-10-06 01:00,811.42,1,1.0,0
2024-10-06 02:00,811.44,1,1.0,0
2024-10-06 03:00,811.55,1,1.0,0
2024-10-06 04:00,811.64,1,1.0,0
2024-10-06 05:00,811.77,1,1.0,0
2024-10-06 06:00,811.86,1,1.0,0
2024-10-06 07:00,811.89,1,1.0,0
2024-10-06 08:00,811.91,1,1.0,0
2024-10-06 09:00,811.93,1,1.0,0
2024-10-06 10:00,811.93,1,1.0,0
2024-10-06 11:00,811.93,1,1.0,0
2024-10-06 12:00,811.93,1,1.0,0
2024-10-06 13:00,811.93,1,1.0,0
2024-10-06 14:00,811.93,1,1.0,0
2024-10-06 15:00,811.93,1,1.0,0
2024-10-06 16:00,811.93,1,1.0,0
2024-10-06 17:00,811.93,1,1.0,0
2024-10-06 18:00,811.93,1,1.0,0
2024-10-06 19:00,811.93,1,1.0,0
2024-10-06 20:00,811.93,1,1.0,0
2024-10-06 21:00,811.93,1,1.0,0
2024-10-06 22:00,811.93,1,1.0,0
2024-10-06 23:00,811.93,1,1.0,0
2024-10-07 00:00,811.93,1,1.0,0
2024-10-07 01:00,811.94,1,1.0,0
2024-10-07 02:00,811.94,1,1.0,0
2024-10-07 03:00,811.94,1,1.0,0
2024-10-07 04:00,811.94,1,1.0,0
2024-10-07 05:00,811.94,1,1.0,0
2024-10-07 06:00,811.94,1,1.0,0
2024-10-07 07:00,811.94,1,1.0,0
2024-10-07 08:00,811.94,1,1.0,0
2024-10-07 09:00,811.94,1,1.0,0
2024-10-07 10:00,811.94,1,1.0,0
2024-10-07 11:00,811.94,1,1.0,0
2024-10-07 12:00,811.94,1,1.0,0
2024-10-07 13:00,811.94,1,1.0,0
2024-10-07 14:00,811.94,1,1.0,0
2024-10-07 15:00,811.94,1,1.0,0
2024-10-07 16:00,811.94,1,1.0,0
2024-10-07 17:00,811.94,1,1.0,0
2024-10-07 18:00,811.94,1,1.0,0
2024-10-07 19:00,811.94,1,1.0,0
2024-10-07 20:00,811.94,1,1.0,0
2024-10-07 21:00,811.94,1,1.0,0
2024-10-07 22:00,811.94,1,1.0,0
2024-10-07 23:00,811.94,1,1.0,0
2024-10-08 00:00,811.94,1,1.0,0
2024-10-08 01:00,811.94,1,1.0,0
2024-10-08 02:00,811.94,1,1.0,0
2024-10-08 03:00,811.94,1,1.0,0
2024-10-08 04:00,811.94,1,1.0,0
2024-10-08 05:00,811.94,1,1.0,0
2024-10-08 06:00,811.94,1,1.0,0
2024-10-08 07:00,811.94,1,1.0,0
2024-10-08 08:00,811.94,1,1.0,0
2024-10-08 09:00,811.94,1,1.0,0
2024-10-08 10:00,811.94,1,1.0,0
2024-10-08 11:00,811.94,1,1.0,0
2024-10-08 12:00,811.94,1,1.0,0
2024-10-08 13:00,811.94,1,1.0,0
2024-10-08 14:00,811.94,1,1.0,0
2024-10-08 15:00,812.18,1,1.0,0
2024-10-08 16:00,813.37,1,1.0,0
2024-10-08 17:00,814.5,1,1.0,0
2024-10-08 18:00,815.96,1,1.0,0
2024-10-08 19:00,822.03,1,1.0,0
2024-10-08 20:00,828.71,1,1.0,0
2024-10-08 21:00,834.86,1,1.0,0
2024-10-08 22:00,840.84,1,1.0,0
2024-10-08 23:00,844.61,1,1.0,0
2024-10-09 00:00,846.29,1,1.0,0
2024-10-09 01:00,848.46,1,1.0,0
2024-10-09 02:00,850.07,1,1.0,0
2024-10-09 03:00,850.66,1,1.0,0
2024-10-09 04:00,851.0,1,1.0,0
2024-10-09 05:00,851.34,1,1.0,0
2024-10-09 06:00,851.66,1,1.0,0
2024-10-09 07:00,852.16,1,1.0,0
2024-10-09 08:00,852.41,1,1.0,0
2024-10-09 09:00,852.47,1,1.0,0
2024-10-09 10:00,852.49,1,1.0,0
2024-10-09 11:00,852.5,1,1.0,0
2024-10-09 12:00,852.51,1,1.0,0
2024-10-09 13:00,852.53,1,1.0,0
2024-10-09 14:00,852.54,1,1.0,0
2024-10-09 15:00,852.56,1,1.0,0
2024-10-09 16:00,852.58,1,1.0,0
2024-10-09 17:00,852.6,1,1.0,0
2024-10-09 18:00,852.62,1,1.0,0
2024-10-09 19:00,852.65,1,1.0,0
2024-10-09 20:00,852.7,1,1.0,0
2024-10-09 21:00,852.73,1,1.0,0
2024-10-09 22:00,852.76,1,1.0,0
2024-10-09 23:00,852.81,1,1.0,0
2024-10-10 00:00,852.87,1,1.0,0
2024-10-10 01:00,852.91,1,1.0,0
2024-10-10 02:00,852.92,1,1.0,0
2024-10-10 03:00,852.94,1,1.0,0
2024-10-10 04:00,852.96,1,1.0,0
2024-10-10 05:00,852.97,1,1.0,0
2024-10-10 06:00,852.97,1,1.0,0
2024-10-10 07:00,852.98,1,1.0,0
2024-10-10 08:00,852.98,1,1.0,0
2024-10-10 09:00,852.98,1,1.0,0
2024-10-10 10:00,852.98,1,1.0,0
2024-10-10 11:00,852.98,1,1.0,0
2024-10-10 12:00,852.98,1,1.0,0
2024-10-10 13:00,852.98,1,1.0,0
2024-10-10 14:00,852.98,1,1.0,0
2024-10-10 15:00,852.98,1,1.0,0
2024-10-10 16:00,852.99,1,1.0,0
2024-10-10 17:00,853.02,1,1.0,0
2024-10-10 18:00,853.07,1,1.0,0
2024-10-10 19:00,853.38,1,1.0,0
2024-10-10 20:00,853.95,1,1.0,0
2024-10-10 21:00,854.71,1,1.0,0
2024-10-10 22:00,855.28,1,1.0,0
2024-10-10 23:00,855.46,1,1.0,0
2024-10-11 00:00,855.46,1,1.0,0
2024-10-11 01:00,855.46,1,1.0,0
2024-10-11 02:00,855.46,1,1.0,0
2024-10-11 03:00,855.46,1,1.0,0
2024-10-11 04:00,855.46,1,1.0,0
2024-10-11 05:00,855.47,1,1.0,0
2024-10-11 06:00,855.48,1,1.0,0
2024-10-11 07:00,855.5,1,1.0,0
2024-10-11 08:00,855.54,1,1.0,0
2024-10-11 09:00,855.61,1,1.0,0
2024-10-11 10:00,855.66,1,1.0,0
2024-10-11 11:00,855.7,1,1.0,0
2024-10-11 12:00,855.73,1,1.0,0
2024-10-11 13:00,855.77,1,1.0,0
2024-10-11 14:00,855.81,1,1.0,0
2024-10-11 15:00,855.85,1,1.0,0
2024-10-11 16:00,855.87,1,1.0,0
2024-10-11 17:00,855.88,1,1.0,0
2024-10-11 18:00,855.9,1,1.0,0
2024-10-11 19:00,855.91,1,1.0,0
2024-10-11 20:00,855.93,1,1.0,0
2024-10-11 21:00,855.94,1,1.0,0
2024-10-11 22:00,855.95,1,1.0,0
2024-10-11 23:00,855.96,1,1.0,0
2024-10-12 00:00,855.96,1,1.0,0
2024-10-12 01:00,855.96,1,1.0,0
2024-10-12 02:00,855.97,1,1.0,0
2024-10-12 03:00,855.97,1,1.0,0
2024-10-12 04:00,855.97,1,1.0,0
2024-10-12 05:00,855.97,1,1.0,0
2024-10-12 06:00,855.97,1,1.0,0
2024-10-12 07:00,855.97,1,1.0,0
2024-10-12 08:00,855.98,1,1.0,0
2024-10-12 09:00,855.98,1,1.0,0
2024-10-12 10:00,855.98,1,1.0,0
2024-10-12 11:00,855.98,1,1.0,0
2024-10-12 12:00,855.98,1,1.0,0
2024-10-12 13:00,855.98,1,1.0,0
2024-10-12 14:00,855.98,1,1.0,0
2024-10-12 15:00,855.98,1,1.0,0
2024-10-12 16:00,855.98,1,1.0,0
2024-10-12 17:00,855.98,1,1.0,0
2024-10-12 18:00,855.98,1,1.0,0
2024-10-12 19:00,855.98,1,1.0,0
2024-10-12 20:00,855.98,1,1.0,0
2024-10-12 21:00,855.98,1,1.0,0
2024-10-12 22:00,855.98,1,1.0,0
2024-10-12 23:00,855.98,1,1.0,0
2024-10-13 00:00,855.98,1,1.0,0
2024-10-13 01:00,855.98,1,1.0,0
2024-10-13 02:00,855.98,1,1.0,0
2024-10-13 03:00,855.98,1,1.0,0
2024-10-13 04:00,855.98,1,1.0,0
2024-10-13 05:00,855.98,1,1.0,0
2024-10-13 06:00,855.99,1,1.0,0
2024-10-13 07:00,856.0,1,1.0,0
2024-10-13 08:00,856.01,1,1.0,0
2024-10-13 09:00,856.02,1,1.0,0
2024-10-13 10:00,856.02,1,1.0,0
2024-10-13 11:00,856.02,1,1.0,0
2024-10-13 12:00,856.02,1,1.0,0
2024-10-13 13:00,856.02,1,1.0,0
2024-10-13 14:00,856.02,1,1.0,0
2024-10-13 15:00,856.02,1,1.0,0
2024-10-13 16:00,856.02,1,1.0,0
2024-10-13 17:00,856.02,1,1.0,0
2024-10-13 18:00,856.02,1,1.0,0
2024-10-13 19:00,856.02,1,1.0,0
2024-10-13 20:00,856.02,1,1.0,0
2024-10-13 21:00,856.02,1,1.0,0
2024-10-13 22:00,856.02,1,1.0,0
2024-10-13 23:00,856.02,1,1.0,0
2024-10-14 00:00,856.02,1,1.0,0
2024-10-14 01:00,856.02,1,1.0,0
2024-10-14 02:00,856.02,1,1.0,0
2024-10-14 03:00,856.02,1,1.0,0
2024-10-14 04:00,856.02,1,1.0,0
2024-10-14 05:00,856.02,1,1.0,0
2024-10-14 06:00,856.02,1,1.0,0
2024-10-14 07:00,856.03,1,1.0,0
2024-10-14 08:00,856.03,1,1.0,0
2024-10-14 09:00,856.03,1,1.0,0
2024-10-14 10:00,856.03,1,1.0,0
2024-10-14 11:00,856.03,1,1.0,0
2024-10-14 12:00,856.03,1,1.0,0
2024-10-14 13:00,856.03,1,1.0,0
2024-10-14 14:00,856.03,1,1.0,0
2024-10-14 15:00,856.03,1,1.0,0
2024-10-14 16:00,856.03,1,1.0,0
2024-10-14 17:00,856.03,1,1.0,0
2024-10-14 18:00,856.03,1,1.0,0
2024-10-14 19:00,856.03,1,1.0,0
2024-10-14 20:00,856.03,1,1.0,0
2024-10-14 21:00,856.03,1,1.0,0
2024-10-14 22:00,856.03,1,1.0,0
2024-10-14 23:00,856.03,1,1.0,0
2024-10-15 00:00,856.03,1,1.0,0
2024-10-15 01:00,856.03,1,1.0,0
2024-10-15 02:00,856.03,1,1.0,0
2024-10-15 03:00,856.03,1,1.0,0
2024-10-15 04:00,856.03,1,1.0,0
2024-10-15 05:00,856.03,1,1.0,0
2024-10-15 06:00,856.04,1,1.0,0
2024-10-15 07:00,856.04,1,1.0,0
2024-10-15 08:00,856.04,1,1.0,0
2024-10-15 09:00,856.04,1,1.0,0
2024-10-15 10:00,856.04,1,1.0,0
2024-10-15 11:00,856.04,1,1.0,0
2024-10-15 12:00,856.04,1,1.0,0
2024-10-15 13:00,856.04,1,1.0,0
2024-10-15 14:00,856.04,1,1.0,0
2024-10-15 15:00,856.04,1,1.0,0
2024-10-15 16:00,856.04,1,1.0,0
2024-10-15 17:00,856.04,1,1.0,0
2024-10-15 18:00,856.04,1,1.0,0
2024-10-15 19:00,856.04,1,1.0,0
2024-10-15 20:00,856.04,1,1.0,0
2024-10-15 21:00,856.04,1,1.0,0
2024-10-15 22:00,856.04,1,1.0,0
2024-10-15 23:00,856.04,1,1.0,0
2024-10-16 00:00,856.04,1,1.0,0
2024-10-16 01:00,856.04,1,1.0,0
2024-10-16 02:00,856.04,1,1.0,0
2024-10-16 03:00,856.04,1,1.0,0
2024-10-16 04:00,856.04,1,1.0,0
2024-10-16 05:00,856.04,1,1.0,0
2024-10-16 06:00,856.04,1,1.0,0
2024-10-16 07:00,856.04,1,1.0,0
2024-10-16 08:00,856.04,1,1.0,0
2024-10-16 09:00,856.04,1,1.0,0
2024-10-16 10:00,856.04,1,1.0,0
2024-10-16 11:00,856.04,1,1.0,0
2024-10-16 12:00,856.04,1,1.0,0
2024-10-16 13:00,856.04,1,1.0,0
2024-10-16 14:00,856.04,1,1.0,0
2024-10-16 15:00,856.04,1,1.0,0
2024-10-16 16:00,856.16,1,1.0,0
2024-10-16 17:00,856.16,1,1.0,0
2024-10-16 18:00,856.16,1,1.0,0
2024-10-16 19:00,856.16,1,1.0,0
2024-10-16 20:00,856.16,1,1.0,0
2024-10-16 21:00,856.16,1,1.0,0
2024-10-16 22:00,856.39,1,1.0,0
2024-10-16 23:00,856.42,1,1.0,0
2024-10-17 00:00,856.44,1,1.0,0
2024-10-17 01:00,856.44,1,1.0,0
2024-10-17 02:00,856.44,1,1.0,0
2024-10-17 03:00,856.44,1,1.0,0
2024-10-17 04:00,856.44,1,1.0,0
2024-10-17 05:00,856.44,1,1.0,0
2024-10-17 06:00,856.44,1,1.0,0
2024-10-17 07:00,856.44,1,1.0,0
2024-10-17 08:00,856.44,1,1.0,0
2024-10-17 09:00,856.44,1,1.0,0
2024-10-17 10:00,856.44,1,1.0,0
2024-10-17 11:00,856.44,1,1.0,0
2024-10-17 12:00,856.44,1,1.0,0
2024-10-17 13:00,856.44,1,1.0,0
2024-10-17 14:00,856.44,1,1.0,0
2024-10-17 15:00,856.44,1,1.0,0
2024-10-17 16:00,856.44,1,1.0,0
2024-10-17 17:00,856.44,1,1.0,0
2024-10-17 18:00,856.44,1,1.0,0
2024-10-17 19:00,856.45,1,1.0,0
2024-10-17 20:00,856.45,1,1.0,0
2024-10-17 21:00,856.48,1,1.0,0
2024-10-17 22:00,856.87,1,1.0,0
2024-10-17 23:00,857.05,1,1.0,0
2024-10-18 00:00,857.19,1,1.0,0
2024-10-18 01:00,857.24,1,1.0,0
2024-10-18 02:00,857.24,1,1.0,0
2024-10-18 03:00,857.24,1,1.0,0
2024-10-18 04:00,857.25,1,1.0,0
2024-10-18 05:00,858.32,1,1.0,0
2024-10-18 06:00,859.65,1,1.0,0
2024-10-18 07:00,862.04,1,1.0,0
2024-10-18 08:00,864.04,1,1.0,0
2024-10-18 09:00,866.04,1,1.0,0
2024-10-18 10:00,867.72,1,1.0,0
2024-10-18 11:00,868.88,1,1.0,0
2024-10-18 12:00,869.56,1,1.0,0
2024-10-18 13:00,870.03,1,1.0,0
2024-10-18 14:00,870.46,1,1.0,0
2024-10-18 15:00,870.81,1,1.0,0
2024-10-18 16:00,871.05,1,1.0,0
2024-10-18 17:00,871.21,1,1.0,0
2024-10-18 18:00,871.53,1,1.0,0
2024-10-18 19:00,872.88,1,1.0,0
2024-10-18 20:00,873.85,1,1.0,0
2024-10-18 21:00,874.28,1,1.0,0
2024-10-18 22:00,874.31,1,1.0,0
2024-10-18 23:00,874.32,1,1.0,0
2024-10-19 00:00,874.37,1,1.0,0
2024-10-19 01:00,874.53,1,1.0,0
2024-10-19 02:00,874.69,1,1.0,0
2024-10-19 03:00,874.88,1,1.0,0
2024-10-19 04:00,875.49,1,1.0,0
2024-10-19 05:00,876.03,1,1.0,0
2024-10-19 06:00,877.08,1,1.0,0
2024-10-19 07:00,877.82,1,1.0,0
2024-10-19 08:00,878.64,1,1.0,0
2024-10-19 09:00,879.68,1,1.0,0
2024-10-19 10:00,881.3,1,1.0,0
2024-10-19 11:00,883.83,1,1.0,0
2024-10-19 12:00,887.41,1,1.0,0
2024-10-19 13:00,892.77,1,1.0,0
2024-10-19 14:00,899.99,1,1.0,0
2024-10-19 15:00,906.12,1,1.0,0
2024-10-19 16:00,910.07,1,1.0,0
2024-10-19 17:00,912.34,1,1.0,0
2024-10-19 18:00,913.58,1,1.0,0
2024-10-19 19:00,913.71,1,1.0,0
2024-10-19 20:00,913.74,1,1.0,0
2024-10-19 21:00,913.76,1,1.0,0
2024-10-19 22:00,913.76,1,1.0,0
2024-10-19 23:00,913.76,1,1.0,0
2024-10-20 00:00,913.77,1,1.0,0
2024-10-20 01:00,913.82,1,1.0,0
2024-10-20 02:00,913.95,1,1.0,0
2024-10-20 03:00,914.3,1,1.0,0
2024-10-20 04:00,914.96,1,1.0,0
2024-10-20 05:00,915.46,1,1.0,0
2024-10-20 06:00,915.75,1,1.0,0
2024-10-20 07:00,916.78,1,1.0,0
2024-10-20 08:00,916.89,1,1.0,0
2024-10-20 09:00,916.92,1,1.0,0
2024-10-20 10:00,916.99,1,1.0,0
2024-10-20 11:00,917.38,1,1.0,0
2024-10-20 12:00,917.95,1,1.0,0
2024-10-20 13:00,918.16,1,1.0,0
2024-10-20 14:00,918.18,1,1.0,0
2024-10-20 15:00,918.19,1,1.0,0
2024-10-20 16:00,918.19,1,1.0,0
2024-10-20 17:00,918.2,1,1.0,0
2024-10-20 18:00,918.24,1,1.0,0
2024-10-20 19:00,918.28,1,1.0,0
2024-10-20 20:00,918.29,1,1.0,0
2024-10-20 21:00,918.3,1,1.0,0
2024-10-20 22:00,918.31,1,1.0,0
2024-10-20 23:00,918.32,1,1.0,0
2024-10-21 00:00,918.32,1,1.0,0
2024-10-21 01:00,918.32,1,1.0,0
2024-10-21 02:00,918.32,1,1.0,0
2024-10-21 03:00,918.32,1,1.0,0
2024-10-21 04:00,918.32,1,1.0,0
2024-10-21 05:00,918.33,1,1.0,0
2024-10-21 06:00,918.38,1,1.0,0
2024-10-21 07:00,918.42,1,1.0,0
2024-10-21 08:00,918.48,1,1.0,0
2024-10-21 09:00,918.5,1,1.0,0
2024-10-21 10:00,918.5,1,1.0,0
2024-10-21 11:00,918.53,1,1.0,0
2024-10-21 12:00,918.55,1,1.0,0
2024-10-21 13:00,918.56,1,1.0,0
2024-10-21 14:00,918.56,1,1.0,0
2024-10-21 15:00,918.56,1,1.0,0
2024-10-21 16:00,918.58,1,1.0,0
2024-10-21 17:00,918.58,1,1.0,0
2024-10-21 18:00,918.59,1,1.0,0
2024-10-21 19:00,918.59,1,1.0,0
2024-10-21 20:00,918.59,1,1.0,0
2024-10-21 21:00,918.59,1,1.0,0
2024-10-21 22:00,918.59,1,1.0,0
2024-10-21 23:00,918.6,1,1.0,0
2024-10-22 00:00,918.61,1,1.0,0
2024-10-22 01:00,918.66,1,1.0,0
2024-10-22 02:00,918.73,1,1.0,0
2024-10-22 03:00,918.75,1,1.0,0
2024-10-22 04:00,918.77,1,1.0,0
2024-10-22 05:00,918.84,1,1.0,0
2024-10-22 06:00,918.9,1,1.0,0
2024-10-22 07:00,918.95,1,1.0,0
2024-10-22 08:00,919.04,1,1.0,0
2024-10-22 09:00,919.07,1,1.0,0
2024-10-22 10:00,919.13,1,1.0,0
2024-10-22 11:00,919.2,1,1.0,0
2024-10-22 12:00,919.63,1,1.0,0
2024-10-22 13:00,920.32,1,1.0,0
2024-10-22 14:00,921.62,1,1.0,0
2024-10-22 15:00,922.86,1,1.0,0
2024-10-22 16:00,923.64,1,1.0,0
2024-10-22 17:00,924.21,1,1.0,0
2024-10-22 18:00,924.76,1,1.0,0
2024-10-22 19:00,924.8,1,1.0,0
2024-10-22 20:00,924.8,1,1.0,0
2024-10-22 21:00,924.8,1,1.0,0
2024-10-22 22:00,924.8,1,1.0,0
2024-10-22 23:00,924.8,1,1.0,0
2024-10-23 00:00,924.8,1,1.0,0
2024-10-23 01:00,924.8,1,1.0,0
2024-10-23 02:00,924.8,1,1.0,0
2024-10-23 03:00,924.8,1,1.0,0
2024-10-23 04:00,924.8,1,1.0,0
2024-10-23 05:00,924.8,1,1.0,0
2024-10-23 06:00,924.8,1,1.0,0
2024-10-23 07:00,924.8,1,1.0,0
2024-10-23 08:00,924.8,1,1.0,0
2024-10-23 09:00,924.8,1,1.0,0
2024-10-23 10:00,924.8,1,1.0,0
2024-10-23 11:00,924.8,1,1.0,0
2024-10-23 12:00,924.8,1,1.0,0
2024-10-23 13:00,924.8,1,1.0,0
2024-10-23 14:00,924.8,1,1.0,0
2024-10-23 15:00,924.8,1,1.0,0
2024-10-23 16:00,924.8,1,1.0,0
2024-10-23 17:00,924.81,1,1.0,0
2024-10-23 18:00,924.83,1,1.0,0
2024-10-23 19:00,924.95,1,1.0,0
2024-10-23 20:00,924.97,1,1.0,0
2024-10-23 21:00,925.4,1,1.0,0
2024-10-23 22:00,925.77,1,1.0,0
2024-10-23 23:00,925.97,1,1.0,0
2024-10-24 00:00,926.11,1,1.0,0
2024-10-24 01:00,926.13,1,1.0,0
2024-10-24 02:00,926.13,1,1.0,0
2024-10-24 03:00,926.13,1,1.0,0
2024-10-24 04:00,926.13,1,1.0,0
2024-10-24 05:00,926.13,1,1.0,0
2024-10-24 06:00,926.14,1,1.0,0
2024-10-24 07:00,927.32,1,1.0,0
2024-10-24 08:00,928.52,1,1.0,0
2024-10-24 09:00,929.06,1,1.0,0
2024-10-24 10:00,929.16,1,1.0,0
2024-10-24 11:00,929.24,1,1.0,0
2024-10-24 12:00,929.35,1,1.0,0
2024-10-24 13:00,929.46,1,1.0,0
2024-10-24 14:00,929.61,1,1.0,0
2024-10-24 15:00,929.78,1,1.0,0
2024-10-24 16:00,930.03,1,1.0,0
2024-10-24 17:00,930.03,1,1.0,0
2024-10-24 18:00,930.03,1,1.0,0
2024-10-24 19:00,930.03,1,1.0,0
2024-10-24 20:00,930.03,1,1.0,0
2024-10-24 21:00,930.03,1,1.0,0
2024-10-24 22:00,930.03,1,1.0,0
2024-10-24 23:00,930.03,1,1.0,0
2024-10-25 00:00,930.03,1,1.0,0
2024-10-25 01:00,930.03,1,1.0,0
2024-10-25 02:00,930.03,1,1.0,0
2024-10-25 03:00,930.03,1,1.0,0
2024-10-25 04:00,930.03,1,1.0,0
2024-10-25 05:00,930.03,1,1.0,0
2024-10-25 06:00,930.03,1,1.0,0
2024-10-25 07:00,930.03,1,1.0,0
2024-10-25 08:00,930.03,1,1.0,0
2024-10-25 09:00,930.03,1,1.0,0
2024-10-25 10:00,930.03,1,1.0,0
2024-10-25 11:00,930.03,1,1.0,0
2024-10-25 12:00,930.03,1,1.0,0
2024-10-25 13:00,930.03,1,1.0,0
2024-10-25 14:00,930.03,1,1.0,0
2024-10-25 15:00,930.03,1,1.0,0
2024-10-25 16:00,930.04,1,1.0,0
2024-10-25 17:00,930.04,1,1.0,0
2024-10-25 18:00,930.04,1,1.0,0
2024-10-25 19:00,930.04,1,1.0,0
2024-10-25 20:00,930.04,1,1.0,0
2024-10-25 21:00,930.04,1,1.0,0
2024-10-25 22:00,930.04,1,1.0,0
2024-10-25 23:00,930.04,1,1.0,0
2024-10-26 00:00,930.04,1,1.0,0
2024-10-26 01:00,930.04,1,1.0,0
2024-10-26 02:00,930.04,1,1.0,0
2024-10-26 03:00,930.04,1,1.0,0
2024-10-26 04:00,930.04,1,1.0,0
2024-10-26 05:00,930.04,1,1.0,0
2024-10-26 06:00,930.04,1,1.0,0
2024-10-26 07:00,930.04,1,1.0,0
2024-10-26 08:00,930.04,1,1.0,0
2024-10-26 09:00,930.04,1,1.0,0
2024-10-26 10:00,930.04,1,1.0,0
2024-10-26 11:00,930.06,1,1.0,0
2024-10-26 12:00,930.08,1,1.0,0
2024-10-26 13:00,930.1,1,1.0,0
2024-10-26 14:00,930.1,1,1.0,0
2024-10-26 15:00,930.1,1,1.0,0
2024-10-26 16:00,930.1,1,1.0,0
2024-10-26 17:00,930.11,1,1.0,0
2024-10-26 18:00,930.11,1,1.0,0
2024-10-26 19:00,930.11,1,1.0,0
2024-10-26 20:00,930.12,1,1.0,0
2024-10-26 21:00,930.12,1,1.0,0
2024-10-26 22:00,930.12,1,1.0,0
2024-10-26 23:00,930.12,1,1.0,0
2024-10-27 00:00,930.12,1,1.0,0
2024-10-27 01:00,930.12,1,1.0,0
2024-10-27 02:00,930.12,1,1.0,0
2024-10-27 03:00,930.12,1,1.0,0
2024-10-27 04:00,930.12,1,1.0,0
2024-10-27 05:00,930.12,1,1.0,0
2024-10-27 06:00,930.12,1,1.0,0
2024-10-27 07:00,930.12,1,1.0,0
2024-10-27 08:00,930.13,1,1.0,0
2024-10-27 09:00,930.13,1,1.0,0
2024-10-27 10:00,930.13,1,1.0,0
2024-10-27 11:00,930.13,1,1.0,0
2024-10-27 12:00,930.13,1,1.0,0
2024-10-27 13:00,930.13,1,1.0,0
2024-10-27 14:00,930.13,1,1.0,0
2024-10-27 15:00,930.13,1,1.0,0
2024-10-27 16:00,930.13,1,1.0,0
2024-10-27 17:00,930.13,1,1.0,0
2024-10-27 18:00,930.13,1,1.0,0
2024-10-27 19:00,930.13,1,1.0,0
2024-10-27 20:00,930.13,1,1.0,0
2024-10-27 21:00,930.13,1,1.0,0
2024-10-27 22:00,930.13,1,1.0,0
2024-10-27 23:00,930.13,1,1.0,0
2024-10-28 00:00,930.13,1,1.0,0
2024-10-28 01:00,930.13,1,1.0,0
2024-10-28 02:00,930.13,1,1.0,0
2024-10-28 03:00,930.13,1,1.0,0
2024-10-28 04:00,930.13,1,1.0,0
2024-10-28 05:00,930.13,1,1.0,0
2024-10-28 06:00,930.13,1,1.0,0
2024-10-28 07:00,930.13,1,1.0,0
2024-10-28 08:00,930.13,1,1.0,0
2024-10-28 09:00,930.13,1,1.0,0
2024-10-28 10:00,930.13,1,1.0,0
2024-10-28 11:00,930.13,1,1.0,0
2024-10-28 12:00,930.13,1,1.0,0
2024-10-28 13:00,930.13,1,1.0,0
2024-10-28 14:00,930.13,1,1.0,0
2024-10-28 15:00,930.13,1,1.0,0
2024-10-28 16:00,930.13,1,1.0,0
2024-10-28 17:00,930.13,1,1.0,0
2024-10-28 18:00,930.13,1,1.0,0
2024-10-28 19:00,930.13,1,1.0,0
2024-10-28 20:00,930.13,1,1.0,0
2024-10-28 21:00,930.13,1,1.0,0
2024-10-28 22:00,930.13,1,1.0,0
2024-10-28 23:00,930.13,1,1.0,0
2024-10-29 00:00,930.13,1,1.0,0
2024-10-29 01:00,930.13,1,1.0,0
2024-10-29 02:00,930.13,1,1.0,0
2024-10-29 03:00,930.13,1,1.0,0
2024-10-29 04:00,930.13,1,1.0,0
2024-10-29 05:00,930.13,1,1.0,0
2024-10-29 06:00,930.13,1,1.0,0
2024-10-29 07:00,930.13,1,1.0,0
2024-10-29 08:00,930.13,1,1.0,0
2024-10-29 09:00,930.13,1,1.0,0
2024-10-29 10:00,930.13,1,1.0,0
2024-10-29 11:00,930.13,1,1.0,0
2024-10-29 12:00,930.13,1,1.0,0
2024-10-29 13:00,930.13,1,1.0,0
2024-10-29 14:00,930.13,1,1.0,0
2024-10-29 15:00,930.13,1,1.0,0
2024-10-29 16:00,930.13,1,1.0,0
2024-10-29 17:00,930.13,1,1.0,0
2024-10-29 18:00,930.13,1,1.0,0
2024-10-29 19:00,930.13,1,1.0,0
2024-10-29 20:00,930.13,1,1.0,0
2024-10-29 21:00,930.13,1,1.0,0
2024-10-29 22:00,930.13,1,1.0,0
2024-10-29 23:00,930.13,1,1.0,0
2024-10-30 00:00,930.13,1,1.0,0
2024-10-30 01:00,930.13,1,1.0,0
2024-10-30 02:00,930.13,1,1.0,0
2024-10-30 03:00,930.13,1,1.0,0
2024-10-30 04:00,930.13,1,1.0,0
2024-10-30 05:00,930.13,1,1.0,0
2024-10-30 06:00,930.13,1,1.0,0
2024-10-30 07:00,930.13,1,1.0,0
2024-10-30 08:00,930.13,1,1.0,0
2024-10-30 09:00,930.13,1,1.0,0
2024-10-30 10:00,930.13,1,1.0,0
2024-10-30 11:00,930.13,1,1.0,0
2024-10-30 12:00,930.13,1,1.0,0
2024-10-30 13:00,930.13,1,1.0,0
2024-10-30 14:00,930.13,1,1.0,0
2024-10-30 15:00,930.13,1,1.0,0
2024-10-30 16:00,930.13,1,1.0,0
2024-10-30 17:00,930.13,1,1.0,0
2024-10-30 18:00,930.13,1,1.0,0
2024-10-30 19:00,930.13,1,1.0,0
2024-10-30 20:00,930.13,1,1.0,0
2024-10-30 21:00,930.13,1,1.0,0
2024-10-30 22:00,930.13,1,1.0,0
2024-10-30 23:00,930.13,1,1.0,0
2024-10-31 00:00,930.13,1,1.0,0
2024-10-31 01:00,930.13,1,1.0,0
2024-10-31 02:00,930.13,1,1.0,0
2024-10-31 03:00,930.13,1,1.0,0
2024-10-31 04:00,930.13,1,1.0,0
2024-10-31 05:00,930.13,1,1.0,0
2024-10-31 06:00,930.13,1,1.0,0
2024-10-31 07:00,930.13,1,1.0,0
2024-10-31 08:00,930.13,1,1.0,0
2024-10-31 09:00,930.13,1,1.0,0
2024-10-31 10:00,930.13,1,1.0,0
2024-10-31 11:00,930.13,1,1.0,0
2024-10-31 12:00,930.13,1,1.0,0
2024-10-31 13:00,930.13,1,1.0,0
2024-10-31 14:00,930.13,1,1.0,0
2024-10-31 15:00,930.13,1,1.0,0
2024-10-31 16:00,930.13,1,1.0,0
2024-10-31 17:00,930.13,1,1.0,0
2024-10-31 18:00,930.13,1,1.0,0
2024-10-31 19:00,930.13,1,1.0,0
2024-10-31 20:00,930.13,1,1.0,0
2024-10-31 21:00,930.13,1,1.0,0
2024-10-31 22:00,930.13,1,1.0,0
2024-10-31 23:00,930.13,1,1.0,0
2024-11-01 00:00,930.13,1,1.0,0
2024-11-01 01:00,930.13,1,1.0,0
2024-11-01 02:00,930.13,1,1.0,0
2024-11-01 03:00,930.13,1,1.0,0
2024-11-01 04:00,930.13,1,1.0,0
2024-11-01 05:00,930.14,1,1.0,0
2024-11-01 06:00,930.14,1,1.0,0
2024-11-01 07:00,930.14,1,1.0,0
2024-11-01 08:00,930.14,1,1.0,0
2024-11-01 09:00,930.14,1,1.0,0
2024-11-01 10:00,930.14,1,1.0,0
2024-11-01 11:00,930.14,1,1.0,0
2024-11-01 12:00,930.14,1,1.0,0
2024-11-01 13:00,930.14,1,1.0,0
2024-11-01 14:00,930.14,1,1.0,0
2024-11-01 15:00,930.14,1,1.0,0
2024-11-01 16:00,930.14,1,1.0,0
2024-11-01 17:00,930.14,1,1.0,0
2024-11-01 18:00,930.14,1,1.0,0
2024-11-01 19:00,930.14,1,1.0,0
2024-11-01 20:00,930.14,1,1.0,0
2024-11-01 21:00,930.14,1,1.0,0
2024-11-01 22:00,930.14,1,1.0,0
2024-11-01 23:00,930.14,1,1.0,0
2024-11-02 00:00,930.14,1,1.0,0
2024-11-02 01:00,930.14,1,1.0,0
2024-11-02 02:00,930.14,1,1.0,0
2024-11-02 03:00,930.14,1,1.0,0
2024-11-02 04:00,930.14,1,1.0,0
2024-11-02 05:00,930.14,1,1.0,0
2024-11-02 06:00,930.14,1,1.0,0
2024-11-02 07:00,930.14,1,1.0,0
2024-11-02 08:00,930.14,1,1.0,0
2024-11-02 09:00,930.14,1,1.0,0
2024-11-02 10:00,930.14,1,1.0,0
2024-11-02 11:00,930.14,1,1.0,0
2024-11-02 12:00,930.14,1,1.0,0
2024-11-02 13:00,930.14,1,1.0,0
2024-11-02 14:00,930.14,1,1.0,0
2024-11-02 15:00,930.14,1,1.0,0
2024-11-02 16:00,930.14,1,1.0,0
2024-11-02 17:00,930.14,1,1.0,0
2024-11-02 18:00,930.14,1,1.0,0
2024-11-02 19:00,930.14,1,1.0,0
2024-11-02 20:00,930.14,1,1.0,0
2024-11-02 21:00,930.14,1,1.0,0
2024-11-02 22:00,930.14,1,1.0,0
2024-11-02 23:00,930.14,1,1.0,0
2024-11-03 00:00,930.14,1,1.0,0
2024-11-03 01:00,930.14,1,1.0,0
2024-11-03 02:00,930.14,1,1.0,0
2024-11-03 03:00,930.14,1,1.0,0
2024-11-03 04:00,930.14,1,1.0,0
2024-11-03 05:00,930.14,1,1.0,0
2024-11-03 06:00,930.14,1,1.0,0
2024-11-03 07:00,930.14,1,1.0,0
2024-11-03 08:00,930.14,1,1.0,0
2024-11-03 09:00,930.14,1,1.0,0
2024-11-03 10:00,930.14,1,1.0,0
2024-11-03 11:00,930.14,1,1.0,0
2024-11-03 12:00,930.14,1,1.0,0
2024-11-03 13:00,930.14,1,1.0,0
2024-11-03 14:00,930.14,1,1.0,0
2024-11-03 15:00,930.14,1,1.0,0
2024-11-03 16:00,930.14,1,1.0,0
2024-11-03 17:00,930.14,1,1.0,0
2024-11-03 18:00,930.14,1,1.0,0
2024-11-03 19:00,930.14,1,1.0,0
2024-11-03 20:00,930.14,1,1.0,0
2024-11-03 21:00,930.14,1,1.0,0
2024-11-03 22:00,930.14,1,1.0,0
2024-11-03 23:00,930.14,1,1.0,0
2024-11-04 00:00,930.14,1,1.0,0
2024-11-04 01:00,930.14,1,1.0,0
2024-11-04 02:00,930.14,1,1.0,0
2024-11-04 03:00,930.14,1,1.0,0
2024-11-04 04:00,930.14,1,1.0,0
2024-11-04 05:00,930.14,1,1.0,0
2024-11-04 06:00,930.14,1,1.0,0
2024-11-04 07:00,930.14,1,1.0,0
2024-11-04 08:00,930.14,1,1.0,0
2024-11-04 09:00,930.14,1,1.0,0
2024-11-04 10:00,930.14,1,1.0,0
2024-11-04 11:00,930.14,1,1.0,0
2024-11-04 12:00,930.14,1,1.0,0
2024-11-04 13:00,930.14,1,1.0,0
2024-11-04 14:00,930.14,1,1.0,0
2024-11-04 15:00,930.14,1,1.0,0
2024-11-04 16:00,930.14,1,1.0,0
2024-11-04 17:00,930.14,1,1.0,0
2024-11-04 18:00,930.14,1,1.0,0
2024-11-04 19:00,930.14,1,1.0,0
2024-11-04 20:00,930.14,1,1.0,0
2024-11-04 21:00,930.14,1,1.0,0
2024-11-04 22:00,930.14,1,1.0,0
2024-11-04 23:00,930.14,1,1.0,0
2024-11-05 00:00,930.14,1,1.0,0
2024-11-05 01:00,930.14,1,1.0,0
2024-11-05 02:00,930.14,1,1.0,0
2024-11-05 03:00,930.14,1,1.0,0
2024-11-05 04:00,930.14,1,1.0,0
2024-11-05 05:00,930.14,1,1.0,0
2024-11-05 06:00,930.14,1,1.0,0
2024-11-05 07:00,930.14,1,1.0,0
2024-11-05 08:00,930.14,1,1.0,0
2024-11-05 09:00,930.14,1,1.0,0
2024-11-05 10:00,930.14,1,1.0,0
2024-11-05 11:00,930.14,1,1.0,0
2024-11-05 12:00,930.14,1,1.0,0
2024-11-05 13:00,930.14,1,1.0,0
2024-11-05 14:00,930.14,1,1.0,0
2024-11-05 15:00,930.14,1,1.0,0
2024-11-05 16:00,930.14,1,1.0,0
2024-11-05 17:00,930.14,1,1.0,0
2024-11-05 18:00,930.14,1,1.0,0
2024-11-05 19:00,930.14,1,1.0,0
2024-11-05 20:00,930.14,1,1.0,0
2024-11-05 21:00,930.14,1,1.0,0
2024-11-05 22:00,930.14,1,1.0,0
2024-11-05 23:00,930.14,1,1.0,0
2024-11-06 00:00,930.14,1,1.0,0
2024-11-06 01:00,930.14,1,1.0,0
2024-11-06 02:00,930.14,1,1.0,0
2024-11-06 03:00,930.14,1,1.0,0
2024-11-06 04:00,930.14,1,1.0,0
2024-11-06 05:00,930.14,1,1.0,0
2024-11-06 06:00,930.14,1,1.0,0
2024-11-06 07:00,930.14,1,1.0,0
2024-11-06 08:00,930.14,1,1.0,0
2024-11-06 09:00,930.14,1,1.0,0
2024-11-06 10:00,930.14,1,1.0,0
2024-11-06 11:00,930.14,1,1.0,0
2024-11-06 12:00,930.14,1,1.0,0
2024-11-06 13:00,930.14,1,1.0,0
2024-11-06 14:00,930.14,1,1.0,0
2024-11-06 15:00,930.14,1,1.0,0
2024-11-06 16:00,930.14,1,1.0,0
2024-11-06 17:00,930.14,1,1.0,0
2024-11-06 18:00,930.14,1,1.0,0
2024-11-06 19:00,930.14,1,1.0,0
2024-11-06 20:00,930.14,1,1.0,0
2024-11-06 21:00,930.14,1,1.0,0
2024-11-06 22:00,930.14,1,1.0,0
2024-11-06 23:00,930.14,1,1.0,0
2024-11-07 00:00,930.14,1,1.0,0
2024-11-07 01:00,930.14,1,1.0,0
2024-11-07 02:00,930.14,1,1.0,0
2024-11-07 03:00,930.14,1,1.0,0
2024-11-07 04:00,930.14,1,1.0,0
2024-11-07 05:00,930.14,1,1.0,0
2024-11-07 06:00,930.14,1,1.0,0
2024-11-07 07:00,930.14,1,1.0,0
2024-11-07 08:00,930.14,1,1.0,0
2024-11-07 09:00,930.14,1,1.0,0
2024-11-07 10:00,930.14,1,1.0,0
2024-11-07 11:00,930.14,1,1.0,0
2024-11-07 12:00,930.14,1,1.0,0
2024-11-07 13:00,930.14,1,1.0,0
2024-11-07 14:00,930.14,1,1.0,0
2024-11-07 15:00,930.14,1,1.0,0
2024-11-07 16:00,930.14,1,1.0,0
2024-11-07 17:00,930.14,1,1.0,0
2024-11-07 18:00,930.14,1,1.0,0
2024-11-07 19:00,930.22,1,1.0,0
2024-11-07 20:00,930.22,1,1.0,0
2024-11-07 21:00,930.22,1,1.0,0
2024-11-07 22:00,930.26,1,1.0,0
2024-11-07 23:00,930.28,1,1.0,0
2024-11-08 00:00,930.28,1,1.0,0
2024-11-08 01:00,930.31,1,1.0,0
2024-11-08 02:00,930.33,1,1.0,0
2024-11-08 03:00,930.33,1,1.0,0
2024-11-08 04:00,930.38,1,1.0,0
2024-11-08 05:00,930.38,1,1.0,0
2024-11-08 06:00,930.39,1,1.0,0
2024-11-08 07:00,930.39,1,1.0,0
2024-11-08 08:00,930.39,1,1.0,0
2024-11-08 09:00,930.39,1,1.0,0
2024-11-08 10:00,930.39,1,1.0,0
2024-11-08 11:00,930.39,1,1.0,0
2024-11-08 12:00,930.39,1,1.0,0
2024-11-08 13:00,930.39,1,1.0,0
2024-11-08 14:00,930.39,1,1.0,0
2024-11-08 15:00,930.39,1,1.0,0
2024-11-08 16:00,930.39,1,1.0,0
2024-11-08 17:00,930.39,1,1.0,0
2024-11-08 18:00,930.39,1,1.0,0
2024-11-08 19:00,930.39,1,1.0,0
2024-11-08 20:00,930.39,1,1.0,0
2024-11-08 21:00,930.39,1,1.0,0
2024-11-08 22:00,930.39,1,1.0,0
2024-11-08 23:00,930.39,1,1.0,0
2024-11-09 00:00,930.39,1,1.0,0
2024-11-09 01:00,930.39,1,1.0,0
2024-11-09 02:00,930.39,1,1.0,0
2024-11-09 03:00,930.39,1,1.0,0
2024-11-09 04:00,930.39,1,1.0,0
2024-11-09 05:00,930.39,1,1.0,0
2024-11-09 06:00,930.39,1,1.0,0
2024-11-09 07:00,930.39,1,1.0,0
2024-11-09 08:00,930.39,1,1.0,0
2024-11-09 09:00,930.39,1,1.0,0
2024-11-09 10:00,930.39,1,1.0,0
2024-11-09 11:00,930.39,1,1.0,0
2024-11-09 12:00,930.39,1,1.0,0
2024-11-09 13:00,930.39,1,1.0,0
2024-11-09 14:00,930.39,1,1.0,0
2024-11-09 15:00,930.39,1,1.0,0
2024-11-09 16:00,930.39,1,1.0,0
2024-11-09 17:00,930.39,1,1.0,0
2024-11-09 18:00,930.39,1,1.0,0
2024-11-09 19:00,930.39,1,1.0,0
2024-11-09 20:00,930.39,1,1.0,0
2024-11-09 21:00,930.39,1,1.0,0
2024-11-09 22:00,930.39,1,1.0,0
2024-11-09 23:00,930.39,1,1.0,0
2024-11-10 00:00,930.39,1,1.0,0
2024-11-10 01:00,930.39,1,1.0,0
2024-11-10 02:00,930.39,1,1.0,0
2024-11-10 03:00,930.39,1,1.0,0
2024-11-10 04:00,930.39,1,1.0,0
2024-11-10 05:00,930.39,1,1.0,0
2024-11-10 06:00,930.39,1,1.0,0
2024-11-10 07:00,930.39,1,1.0,0
2024-11-10 08:00,930.39,1,1.0,0
2024-11-10 09:00,930.39,1,1.0,0
2024-11-10 10:00,930.39,1,1.0,0
2024-11-10 11:00,930.39,1,1.0,0
2024-11-10 12:00,930.39,1,1.0,0
2024-11-10 13:00,930.39,1,1.0,0
2024-11-10 14:00,930.39,1,1.0,0
2024-11-10 15:00,930.39,1,1.0,0
2024-11-10 16:00,930.39,1,1.0,0
2024-11-10 17:00,930.39,1,1.0,0
2024-11-10 18:00,930.39,1,1.0,0
2024-11-10 19:00,930.39,1,1.0,0
2024-11-10 20:00,930.39,1,1.0,0
2024-11-10 21:00,930.39,1,1.0,0
2024-11-10 22:00,930.39,1,1.0,0
2024-11-10 23:00,930.39,1,1.0,0
2024-11-11 00:00,930.39,1,1.0,0
2024-11-11 01:00,930.39,1,1.0,0
2024-11-11 02:00,930.39,1,1.0,0
2024-11-11 03:00,930.39,1,1.0,0
2024-11-11 04:00,930.39,1,1.0,0
2024-11-11 05:00,930.39,1,1.0,0
2024-11-11 06:00,930.39,1,1.0,0
2024-11-11 07:00,930.39,1,1.0,0
2024-11-11 08:00,930.39,1,1.0,0
2024-11-11 09:00,930.39,1,1.0,0
2024-11-11 10:00,930.39,1,1.0,0
2024-11-11 11:00,930.39,1,1.0,0
2024-11-11 12:00,930.39,1,1.0,0
2024-11-11 13:00,930.39,1,1.0,0
2024-11-11 14:00,930.39,1,1.0,0
2024-11-11 15:00,930.39,1,1.0,0
2024-11-11 16:00,930.39,1,1.0,0
2024-11-11 17:00,930.39,1,1.0,0
2024-11-11 18:00,930.39,1,1.0,0
2024-11-11 19:00,930.39,1,1.0,0
2024-11-11 20:00,930.39,1,1.0,0
2024-11-11 21:00,930.39,1,1.0,0
2024-11-11 22:00,930.39,1,1.0,0
2024-11-11 23:00,930.39,1,1.0,0
2024-11-12 00:00,930.39,1,1.0,0
2024-11-12 01:00,930.39,1,1.0,0
2024-11-12 02:00,930.39,1,1.0,0
2024-11-12 03:00,930.39,1,1.0,0
2024-11-12 04:00,930.39,1,1.0,0
2024-11-12 05:00,930.39,1,1.0,0
2024-11-12 06:00,930.39,1,1.0,0
2024-11-12 07:00,930.39,1,1.0,0
2024-11-12 08:00,930.39,1,1.0,0
2024-11-12 09:00,930.39,1,1.0,0
2024-11-12 10:00,930.39,1,1.0,0
2024-11-12 11:00,930.39,1,1.0,0
2024-11-12 12:00,930.39,1,1.0,0
2024-11-12 13:00,930.39,1,1.0,0
2024-11-12 14:00,930.39,1,1.0,0
2024-11-12 15:00,930.39,1,1.0,0
2024-11-12 16:00,930.39,1,1.0,0
2024-11-12 17:00,930.39,1,1.0,0
2024-11-12 18:00,930.39,1,1.0,0
2024-11-12 19:00,930.39,1,1.0,0
2024-11-12 20:00,930.39,1,1.0,0
2024-11-12 21:00,930.39,1,1.0,0
2024-11-12 22:00,930.39,1,1.0,0
2024-11-12 23:00,930.43,1,1.0,0
2024-11-13 00:00,930.43,1,1.0,0
2024-11-13 01:00,930.5,1,1.0,0
2024-11-13 02:00,930.5,1,1.0,0
2024-11-13 03:00,930.5,1,1.0,0
2024-11-13 04:00,930.5,1,1.0,0
2024-11-13 05:00,930.5,1,1.0,0
2024-11-13 06:00,930.59,1,1.0,0
2024-11-13 07:00,931.0,1,1.0,0
2024-11-13 08:00,931.46,1,1.0,0
2024-11-13 09:00,931.93,1,1.0,0
2024-11-13 10:00,932.71,1,1.0,0
2024-11-13 11:00,934.25,1,1.0,0
2024-11-13 12:00,936.36,1,1.0,0
2024-11-13 13:00,938.67,1,1.0,0
2024-11-13 14:00,940.81,1,1.0,0
2024-11-13 15:00,942.48,1,1.0,0
2024-11-13 16:00,943.58,1,1.0,0
2024-11-13 17:00,945.02,1,1.0,0
2024-11-13 18:00,946.66,1,1.0,0
2024-11-13 19:00,947.96,1,1.0,0
2024-11-13 20:00,949.54,1,1.0,0
2024-11-13 21:00,951.02,1,1.0,0
2024-11-13 22:00,952.84,1,1.0,0
2024-11-13 23:00,954.46,1,1.0,0
2024-11-14 00:00,956.41,1,1.0,0
2024-11-14 01:00,957.42,1,1.0,0
2024-11-14 02:00,957.64,1,1.0,0
2024-11-14 03:00,957.7,1,1.0,0
2024-11-14 04:00,957.73,1,1.0,0
2024-11-14 05:00,957.73,1,1.0,0
2024-11-14 06:00,957.73,1,1.0,0
2024-11-14 07:00,957.73,1,1.0,0
2024-11-14 08:00,957.73,1,1.0,0
2024-11-14 09:00,957.73,1,1.0,0
2024-11-14 10:00,957.73,1,1.0,0
2024-11-14 11:00,957.73,1,1.0,0
2024-11-14 12:00,957.73,1,1.0,0
2024-11-14 13:00,957.73,1,1.0,0
2024-11-14 14:00,957.76,1,1.0,0
2024-11-14 15:00,957.82,1,1.0,0
2024-11-14 16:00,958.07,1,1.0,0
2024-11-14 17:00,958.65,1,1.0,0
2024-11-14 18:00,959.95,1,1.0,0
2024-11-14 19:00,960.3,1,1.0,0
2024-11-14 20:00,960.43,1,1.0,0
2024-11-14 21:00,960.68,1,1.0,0
2024-11-14 22:00,960.73,1,1.0,0
2024-11-14 23:00,960.73,1,1.0,0
2024-11-15 00:00,960.73,1,1.0,0
2024-11-15 01:00,960.73,1,1.0,0
2024-11-15 02:00,960.73,1,1.0,0
2024-11-15 03:00,960.73,1,1.0,0
2024-11-15 04:00,960.73,1,1.0,0
2024-11-15 05:00,960.73,1,1.0,0
2024-11-15 06:00,960.73,1,1.0,0
2024-11-15 07:00,960.73,1,1.0,0
2024-11-15 08:00,960.73,1,1.0,0
2024-11-15 09:00,960.74,1,1.0,0
2024-11-15 10:00,960.74,1,1.0,0
2024-11-15 11:00,960.74,1,1.0,0
2024-11-15 12:00,960.74,1,1.0,0
2024-11-15 13:00,960.75,1,1.0,0
2024-11-15 14:00,960.76,1,1.0,0
2024-11-15 15:00,960.76,1,1.0,0
2024-11-15 16:00,960.76,1,1.0,0
2024-11-15 17:00,960.76,1,1.0,0
2024-11-15 18:00,960.76,1,1.0,0
2024-11-15 19:00,960.76,1,1.0,0
2024-11-15 20:00,960.76,1,1.0,0
2024-11-15 21:00,960.76,1,1.0,0
2024-11-15 22:00,960.76,1,1.0,0
2024-11-15 23:00,960.76,1,1.0,0
2024-11-16 00:00,960.76,1,1.0,0
2024-11-16 01:00,960.76,1,1.0,0
2024-11-16 02:00,960.76,1,1.0,0
2024-11-16 03:00,960.76,1,1.0,0
2024-11-16 04:00,960.76,1,1.0,0
2024-11-16 05:00,960.76,1,1.0,0
2024-11-16 06:00,960.76,1,1.0,0
2024-11-16 07:00,960.76,1,1.0,0
2024-11-16 08:00,960.76,1,1.0,0
2024-11-16 09:00,960.76,1,1.0,0
2024-11-16 10:00,960.76,1,1.0,0
2024-11-16 11:00,960.76,1,1.0,0
2024-11-16 12:00,960.76,1,1.0,0
2024-11-16 13:00,960.76,1,1.0,0
2024-11-16 14:00,960.76,1,1.0,0
2024-11-16 15:00,960.76,1,1.0,0
2024-11-16 16:00,960.76,1,1.0,0
2024-11-16 17:00,960.76,1,1.0,0
2024-11-16 18:00,960.76,1,1.0,0
2024-11-16 19:00,960.76,1,1.0,0
2024-11-16 20:00,960.76,1,1.0,0
2024-11-16 21:00,960.76,1,1.0,0
2024-11-16 22:00,960.76,1,1.0,0
2024-11-16 23:00,960.76,1,1.0,0
2024-11-17 00:00,960.76,1,1.0,0
2024-11-17 01:00,960.76,1,1.0,0
2024-11-17 02:00,960.76,1,1.0,0
2024-11-17 03:00,960.76,1,1.0,0
2024-11-17 04:00,960.76,1,1.0,0
2024-11-17 05:00,960.76,1,1.0,0
2024-11-17 06:00,960.76,1,1.0,0
2024-11-17 07:00,960.76,1,1.0,0
2024-11-17 08:00,960.76,1,1.0,0
2024-11-17 09:00,960.76,1,1.0,0
2024-11-17 10:00,960.76,1,1.0,0
2024-11-17 11:00,960.76,1,1.0,0
2024-11-17 12:00,960.76,1,1.0,0
2024-11-17 13:00,960.76,1,1.0,0
2024-11-17 14:00,960.76,1,1.0,0
2024-11-17 15:00,960.76,1,1.0,0
2024-11-17 16:00,960.76,1,1.0,0
2024-11-17 17:00,960.76,1,1.0,0
2024-11-17 18:00,960.77,1,1.0,0
2024-11-17 19:00,960.77,1,1.0,0
2024-11-17 20:00,960.79,1,1.0,0
2024-11-17 21:00,960.82,1,1.0,0
2024-11-17 22:00,960.85,1,1.0,0
2024-11-17 23:00,960.88,1,1.0,0
2024-11-18 00:00,960.91,1,1.0,0
2024-11-18 01:00,960.91,1,1.0,0
2024-11-18 02:00,960.93,1,1.0,0
2024-11-18 03:00,960.96,1,1.0,0
2024-11-18 04:00,960.96,1,1.0,0
2024-11-18 05:00,960.97,1,1.0,0
2024-11-18 06:00,961.0,1,1.0,0
2024-11-18 07:00,961.02,1,1.0,0
2024-11-18 08:00,961.02,1,1.0,0
2024-11-18 09:00,961.04,1,1.0,0
2024-11-18 10:00,961.14,1,1.0,0
2024-11-18 11:00,961.33,1,1.0,0
2024-11-18 12:00,961.55,1,1.0,0
2024-11-18 13:00,961.69,1,1.0,0
2024-11-18 14:00,962.0,1,1.0,0
2024-11-18 15:00,962.29,1,1.0,0
2024-11-18 16:00,962.53,1,1.0,0
2024-11-18 17:00,962.78,1,1.0,0
2024-11-18 18:00,962.92,1,1.0,0
2024-11-18 19:00,963.14,1,1.0,0
2024-11-18 20:00,963.33,1,1.0,0
2024-11-18 21:00,963.56,1,1.0,0
2024-11-18 22:00,963.74,1,1.0,0
2024-11-18 23:00,963.86,1,1.0,0
2024-11-19 00:00,964.0,1,1.0,0
2024-11-19 01:00,964.14,1,1.0,0
2024-11-19 02:00,964.29,1,1.0,0
2024-11-19 03:00,964.69,1,1.0,0
2024-11-19 04:00,965.39,1,1.0,0
2024-11-19 05:00,966.07,1,1.0,0
2024-11-19 06:00,966.62,1,1.0,0
2024-11-19 07:00,966.97,1,1.0,0
2024-11-19 08:00,967.21,1,1.0,0
2024-11-19 09:00,967.42,1,1.0,0
2024-11-19 10:00,967.7,1,1.0,0
2024-11-19 11:00,968.05,1,1.0,0
2024-11-19 12:00,968.39,1,1.0,0
2024-11-19 13:00,968.66,1,1.0,0
2024-11-19 14:00,969.08,1,1.0,0
2024-11-19 15:00,969.4,1,1.0,0
2024-11-19 16:00,969.59,1,1.0,0
2024-11-19 17:00,969.79,1,1.0,0
2024-11-19 18:00,969.98,1,1.0,0
2024-11-19 19:00,970.33,1,1.0,0
2024-11-19 20:00,970.81,1,1.0,0
2024-11-19 21:00,970.93,1,1.0,0
2024-11-19 22:00,971.01,1,1.0,0
2024-11-19 23:00,971.17,1,1.0,0
2024-11-20 00:00,971.33,1,1.0,0
2024-11-20 01:00,971.55,1,1.0,0
2024-11-20 02:00,971.8,1,1.0,0
2024-11-20 03:00,971.89,1,1.0,0
2024-11-20 04:00,972.05,1,1.0,0
2024-11-20 05:00,972.25,1,1.0,0
2024-11-20 06:00,972.5,1,1.0,0
2024-11-20 07:00,972.95,1,1.0,0
2024-11-20 08:00,974.28,1,1.0,0
2024-11-20 09:00,976.37,1,1.0,0
2024-11-20 10:00,978.18,1,1.0,0
2024-11-20 11:00,979.12,1,1.0,0
2024-11-20 12:00,979.65,1,1.0,0
2024-11-20 13:00,979.94,1,1.0,0
2024-11-20 14:00,980.88,1,1.0,0
2024-11-20 15:00,982.53,1,1.0,0
2024-11-20 16:00,984.91,1,1.0,0
2024-11-20 17:00,986.14,1,1.0,0
2024-11-20 18:00,986.65,1,1.0,0
2024-11-20 19:00,987.35,1,1.0,0
2024-11-20 20:00,987.5,1,1.0,0
2024-11-20 21:00,987.54,1,1.0,0
2024-11-20 22:00,987.58,1,1.0,0
2024-11-20 23:00,987.67,1,1.0,0
2024-11-21 00:00,987.73,1,1.0,0
2024-11-21 01:00,987.81,1,1.0,0
2024-11-21 02:00,987.86,1,1.0,0
2024-11-21 03:00,987.88,1,1.0,0
2024-11-21 04:00,987.88,1,1.0,0
2024-11-21 05:00,987.88,1,1.0,0
2024-11-21 06:00,987.88,1,1.0,0
2024-11-21 07:00,987.88,1,1.0,0
2024-11-21 08:00,987.88,1,1.0,0
2024-11-21 09:00,987.89,1,1.0,0
2024-11-21 10:00,987.89,1,1.0,0
2024-11-21 11:00,987.89,1,1.0,0
2024-11-21 12:00,987.89,1,1.0,0
2024-11-21 13:00,987.89,1,1.0,0
2024-11-21 14:00,987.9,1,1.0,0
2024-11-21 15:00,987.93,1,1.0,0
2024-11-21 16:00,987.95,1,1.0,0
2024-11-21 17:00,987.95,1,1.0,0
2024-11-21 18:00,987.96,1,1.0,0
2024-11-21 19:00,987.96,1,1.0,0
2024-11-21 20:00,988.05,1,1.0,0
2024-11-21 21:00,988.43,1,1.0,0
2024-11-21 22:00,989.4,1,1.0,0
2024-11-21 23:00,990.68,1,1.0,0
2024-11-22 00:00,991.44,1,1.0,0
2024-11-22 01:00,992.08,1,1.0,0
2024-11-22 02:00,992.63,1,1.0,0
2024-11-22 03:00,993.25,1,1.0,0
2024-11-22 04:00,993.76,1,1.0,0
2024-11-22 05:00,994.31,1,1.0,0
2024-11-22 06:00,994.5,1,1.0,0
2024-11-22 07:00,994.85,1,1.0,0
2024-11-22 08:00,995.14,1,1.0,0
2024-11-22 09:00,995.47,1,1.0,0
2024-11-22 10:00,997.14,1,1.0,0
2024-11-22 11:00,999.74,1,1.0,0
2024-11-22 12:00,1001.03,1,1.0,0
2024-11-22 13:00,1001.26,1,1.0,0
2024-11-22 14:00,1001.3,1,1.0,0
2024-11-22 15:00,1001.4,1,1.0,0
2024-11-22 16:00,1001.45,1,1.0,0
2024-11-22 17:00,1001.45,1,1.0,0
2024-11-22 18:00,1001.45,1,1.0,0
2024-11-22 19:00,1001.45,1,1.0,0
2024-11-22 20:00,1001.45,1,1.0,0
2024-11-22 21:00,1001.45,1,1.0,0
2024-11-22 22:00,1001.45,1,1.0,0
2024-11-22 23:00,1001.46,1,1.0,0
2024-11-23 00:00,1001.46,1,1.0,0
2024-11-23 01:00,1001.46,1,1.0,0
2024-11-23 02:00,1001.46,1,1.0,0
2024-11-23 03:00,1001.46,1,1.0,0
2024-11-23 04:00,1001.46,1,1.0,0
2024-11-23 05:00,1001.46,1,1.0,0
2024-11-23 06:00,1001.46,1,1.0,0
2024-11-23 07:00,1001.46,1,1.0,0
2024-11-23 08:00,1001.46,1,1.0,0
2024-11-23 09:00,1001.46,1,1.0,0
2024-11-23 10:00,1001.46,1,1.0,0
2024-11-23 11:00,1001.46,1,1.0,0
2024-11-23 12:00,1001.46,1,1.0,0
2024-11-23 13:00,1001.46,1,1.0,0
2024-11-23 14:00,1001.46,1,1.0,0
2024-11-23 15:00,1001.46,1,1.0,0
2024-11-23 16:00,1001.46,1,1.0,0
2024-11-23 17:00,1001.46,1,1.0,0
2024-11-23 18:00,1001.46,1,1.0,0
2024-11-23 19:00,1001.46,1,1.0,0
2024-11-23 20:00,1001.46,1,1.0,0
2024-11-23 21:00,1001.46,1,1.0,0
2024-11-23 22:00,1001.46,1,1.0,0
2024-11-23 23:00,1001.46,1,1.0,0
2024-11-24 00:00,1001.46,1,1.0,0
2024-11-24 01:00,1001.46,1,1.0,0
2024-11-24 02:00,1001.46,1,1.0,0
2024-11-24 03:00,1001.46,1,1.0,0
2024-11-24 04:00,1001.46,1,1.0,0
2024-11-24 05:00,1001.46,1,1.0,0
2024-11-24 06:00,1001.46,1,1.0,0
2024-11-24 07:00,1001.46,1,1.0,0
2024-11-24 08:00,1001.46,1,1.0,0
2024-11-24 09:00,1001.46,1,1.0,0
2024-11-24 10:00,1001.46,1,1.0,0
2024-11-24 11:00,1001.46,1,1.0,0
2024-11-24 12:00,1001.46,1,1.0,0
2024-11-24 13:00,1001.46,1,1.0,0
2024-11-24 14:00,1001.46,1,1.0,0
2024-11-24 15:00,1001.46,1,1.0,0
2024-11-24 16:00,1001.46,1,1.0,0
2024-11-24 17:00,1001.46,1,1.0,0
2024-11-24 18:00,1001.46,1,1.0,0
2024-11-24 19:00,1001.46,1,1.0,0
2024-11-24 20:00,1001.46,1,1.0,0
2024-11-24 21:00,1001.46,1,1.0,0
2024-11-24 22:00,1001.46,1,1.0,0
2024-11-24 23:00,1001.46,1,1.0,0
2024-11-25 00:00,1001.46,1,1.0,0
2024-11-25 01:00,1001.46,1,1.0,0
2024-11-25 02:00,1001.46,1,1.0,0
2024-11-25 03:00,1001.46,1,1.0,0
2024-11-25 04:00,1001.46,1,1.0,0
2024-11-25 05:00,1001.46,1,1.0,0
2024-11-25 06:00,1001.46,1,1.0,0
2024-11-25 07:00,1001.46,1,1.0,0
2024-11-25 08:00,1001.46,1,1.0,0
2024-11-25 09:00,1001.46,1,1.0,0
2024-11-25 10:00,1001.46,1,1.0,0
2024-11-25 11:00,1001.46,1,1.0,0
2024-11-25 12:00,1001.46,1,1.0,0
2024-11-25 13:00,1001.46,1,1.0,0
2024-11-25 14:00,1001.46,1,1.0,0
2024-11-25 15:00,1001.46,1,1.0,0
2024-11-25 16:00,1001.46,1,1.0,0
2024-11-25 17:00,1001.46,1,1.0,0
2024-11-25 18:00,1001.46,1,1.0,0
2024-11-25 19:00,1001.47,1,1.0,0
2024-11-25 20:00,1001.47,1,1.0,0
2024-11-25 21:00,1001.47,1,1.0,0
2024-11-25 22:00,1001.47,1,1.0,0
2024-11-25 23:00,1001.47,1,1.0,0
2024-11-26 00:00,1001.48,1,1.0,0
2024-11-26 01:00,1001.48,1,1.0,0
2024-11-26 02:00,1001.48,1,1.0,0
2024-11-26 03:00,1001.48,1,1.0,0
2024-11-26 04:00,1001.51,1,1.0,0
2024-11-26 05:00,1001.68,1,1.0,0
2024-11-26 06:00,1001.92,1,1.0,0
2024-11-26 07:00,1002.18,1,1.0,0
2024-11-26 08:00,1002.33,1,1.0,0
2024-11-26 09:00,1002.56,1,1.0,0
2024-11-26 10:00,1002.74,1,1.0,0
2024-11-26 11:00,1002.97,1,1.0,0
2024-11-26 12:00,1003.26,1,1.0,0
2024-11-26 13:00,1003.52,1,1.0,0
2024-11-26 14:00,1003.91,1,1.0,0
2024-11-26 15:00,1004.18,1,1.0,0
2024-11-26 16:00,1004.29,1,1.0,0
2024-11-26 17:00,1004.36,1,1.0,0
2024-11-26 18:00,1004.42,1,1.0,0
2024-11-26 19:00,1004.52,1,1.0,0
2024-11-26 20:00,1004.55,1,1.0,0
2024-11-26 21:00,1004.59,1,1.0,0
2024-11-26 22:00,1004.64,1,1.0,0
2024-11-26 23:00,1004.75,1,1.0,0
2024-11-27 00:00,1004.86,1,1.0,0
2024-11-27 01:00,1005.01,1,1.0,0
2024-11-27 02:00,1005.14,1,1.0,0
2024-11-27 03:00,1005.32,1,1.0,0
2024-11-27 04:00,1005.54,1,1.0,0
2024-11-27 05:00,1005.69,1,1.0,0
2024-11-27 06:00,1005.79,1,1.0,0
2024-11-27 07:00,1006.01,1,1.0,0
2024-11-27 08:00,1006.19,1,1.0,0
2024-11-27 09:00,1006.46,1,1.0,0
2024-11-27 10:00,1006.6,1,1.0,0
2024-11-27 11:00,1006.74,1,1.0,0
2024-11-27 12:00,1006.9,1,1.0,0
2024-11-27 13:00,1007.02,1,1.0,0
2024-11-27 14:00,1007.1,1,1.0,0
2024-11-27 15:00,1007.13,1,1.0,0
2024-11-27 16:00,1007.18,1,1.0,0
2024-11-27 17:00,1007.22,1,1.0,0
2024-11-27 18:00,1007.25,1,1.0,0
2024-11-27 19:00,1007.26,1,1.0,0
2024-11-27 20:00,1007.29,1,1.0,0
2024-11-27 21:00,1007.33,1,1.0,0
2024-11-27 22:00,1007.35,1,1.0,0
2024-11-27 23:00,1007.4,1,1.0,0
2024-11-28 00:00,1007.45,1,1.0,0
2024-11-28 01:00,1007.68,1,1.0,0
2024-11-28 02:00,1007.8,1,1.0,0
2024-11-28 03:00,1007.91,1,1.0,0
2024-11-28 04:00,1007.98,1,1.0,0
2024-11-28 05:00,1008.02,1,1.0,0
2024-11-28 06:00,1008.06,1,1.0,0
2024-11-28 07:00,1008.17,1,1.0,0
2024-11-28 08:00,1008.39,1,1.0,0
2024-11-28 09:00,1008.7,1,1.0,0
2024-11-28 10:00,1008.99,1,1.0,0
2024-11-28 11:00,1009.25,1,1.0,0
2024-11-28 12:00,1009.82,1,1.0,0
2024-11-28 13:00,1010.11,1,1.0,0
2024-11-28 14:00,1010.38,1,1.0,0
2024-11-28 15:00,1010.7,1,1.0,0
2024-11-28 16:00,1010.96,1,1.0,0
2024-11-28 17:00,1011.23,1,1.0,0
2024-11-28 18:00,1011.57,1,1.0,0
2024-11-28 19:00,1011.87,1,1.0,0
2024-11-28 20:00,1012.1,1,1.0,0
2024-11-28 21:00,1012.38,1,1.0,0
2024-11-28 22:00,1012.56,1,1.0,0
2024-11-28 23:00,1012.74,1,1.0,0
2024-11-29 00:00,1012.96,1,1.0,0
2024-11-29 01:00,1013.1,1,1.0,0
2024-11-29 02:00,1013.23,1,1.0,0
2024-11-29 03:00,1013.31,1,1.0,0
2024-11-29 04:00,1013.38,1,1.0,0
2024-11-29 05:00,1013.45,1,1.0,0
2024-11-29 06:00,1013.53,1,1.0,0
2024-11-29 07:00,1013.59,1,1.0,0
2024-11-29 08:00,1013.77,1,1.0,0
2024-11-29 09:00,1014.33,1,1.0,0
2024-11-29 10:00,1015.33,1,1.0,0
2024-11-29 11:00,1016.85,1,1.0,0
2024-11-29 12:00,1018.42,1,1.0,0
2024-11-29 13:00,1019.88,1,1.0,0
2024-11-29 14:00,1020.4,1,1.0,0
2024-11-29 15:00,1020.58,1,1.0,0
2024-11-29 16:00,1020.62,1,1.0,0
2024-11-29 17:00,1020.62,1,1.0,0
2024-11-29 18:00,1020.62,1,1.0,0
2024-11-29 19:00,1020.62,1,1.0,0
2024-11-29 20:00,1020.62,1,1.0,0
2024-11-29 21:00,1020.62,1,1.0,0
2024-11-29 22:00,1020.62,1,1.0,0
2024-11-29 23:00,1020.62,1,1.0,0
2024-11-30 00:00,1020.62,1,1.0,0
2024-11-30 01:00,1020.62,1,1.0,0
2024-11-30 02:00,1020.62,1,1.0,0
2024-11-30 03:00,1020.62,1,1.0,0
2024-11-30 04:00,1020.62,1,1.0,0
2024-11-30 05:00,1020.63,1,1.0,0
2024-11-30 06:00,1020.63,1,1.0,0
2024-11-30 07:00,1020.63,1,1.0,0
2024-11-30 08:00,1020.64,1,1.0,0
2024-11-30 09:00,1020.64,1,1.0,0
2024-11-30 10:00,1020.64,1,1.0,0
2024-11-30 11:00,1020.65,1,1.0,0
2024-11-30 12:00,1020.65,1,1.0,0
2024-11-30 13:00,1020.68,1,1.0,0
2024-11-30 14:00,1020.68,1,1.0,0
2024-11-30 15:00,1020.68,1,1.0,0
2024-11-30 16:00,1020.68,1,1.0,0
2024-11-30 17:00,1020.68,1,1.0,0
2024-11-30 18:00,1020.68,1,1.0,0
2024-11-30 19:00,1020.68,1,1.0,0
2024-11-30 20:00,1020.68,1,1.0,0
2024-11-30 21:00,1020.68,1,1.0,0
2024-11-30 22:00,1020.68,1,1.0,0
2024-11-30 23:00,1020.68,1,1.0,0
2024-12-01 00:00,1020.68,1,1.0,0
2024-12-01 01:00,1020.68,1,1.0,0
2024-12-01 02:00,1020.68,1,1.0,0
2024-12-01 03:00,1020.68,1,1.0,0
2024-12-01 04:00,1020.68,1,1.0,0
2024-12-01 05:00,1020.68,1,1.0,0
2024-12-01 06:00,1020.68,1,1.0,0
2024-12-01 07:00,1020.68,1,1.0,0
2024-12-01 08:00,1020.68,1,1.0,0
2024-12-01 09:00,1020.68,1,1.0,0
2024-12-01 10:00,1020.68,1,1.0,0
2024-12-01 11:00,1020.69,1,1.0,0
2024-12-01 12:00,1020.7,1,1.0,0
2024-12-01 13:00,1020.7,1,1.0,0
2024-12-01 14:00,1020.7,1,1.0,0
2024-12-01 15:00,1020.7,1,1.0,0
2024-12-01 16:00,1020.7,1,1.0,0
2024-12-01 17:00,1020.7,1,1.0,0
2024-12-01 18:00,1020.7,1,1.0,0
2024-12-01 19:00,1020.7,1,1.0,0
2024-12-01 20:00,1020.7,1,1.0,0
2024-12-01 21:00,1020.7,1,1.0,0
2024-12-01 22:00,1020.7,1,1.0,0
2024-12-01 23:00,1020.7,1,1.0,0
2024-12-02 00:00,1020.7,1,1.0,0
2024-12-02 01:00,1020.7,1,1.0,0
2024-12-02 02:00,1020.7,1,1.0,0
2024-12-02 03:00,1020.7,1,1.0,0
2024-12-02 04:00,1020.7,1,1.0,0
2024-12-02 05:00,1020.7,1,1.0,0
2024-12-02 06:00,1020.7,1,1.0,0
2024-12-02 07:00,1020.7,1,1.0,0
2024-12-02 08:00,1020.7,1,1.0,0
2024-12-02 09:00,1020.7,1,1.0,0
2024-12-02 10:00,1020.7,1,1.0,0
2024-12-02 11:00,1020.7,1,1.0,0
2024-12-02 12:00,1020.7,1,1.0,0
2024-12-02 13:00,1020.7,1,1.0,0
2024-12-02 14:00,1020.7,1,1.0,0
2024-12-02 15:00,1020.7,1,1.0,0
2024-12-02 16:00,1020.7,1,1.0,0
2024-12-02 17:00,1020.7,1,1.0,0
2024-12-02 18:00,1020.7,1,1.0,0
2024-12-02 19:00,1020.7,1,1.0,0
2024-12-02 20:00,1020.7,1,1.0,0
2024-12-02 21:00,1020.7,1,1.0,0
2024-12-02 22:00,1020.7,1,1.0,0
2024-12-02 23:00,1020.7,1,1.0,0
2024-12-03 00:00,1020.7,1,1.0,0
2024-12-03 01:00,1020.7,1,1.0,0
2024-12-03 02:00,1020.7,1,1.0,0
2024-12-03 03:00,1020.7,1,1.0,0
2024-12-03 04:00,1020.7,1,1.0,0
2024-12-03 05:00,1020.71,1,1.0,0
2024-12-03 06:00,1020.73,1,1.0,0
2024-12-03 07:00,1020.75,1,1.0,0
2024-12-03 08:00,1020.77,1,1.0,0
2024-12-03 09:00,1020.8,1,1.0,0
2024-12-03 10:00,1020.83,1,1.0,0
2024-12-03 11:00,1020.88,1,1.0,0
2024-12-03 12:00,1020.98,1,1.0,0
2024-12-03 13:00,1021.05,1,1.0,0
2024-12-03 14:00,1021.08,1,1.0,0
2024-12-03 15:00,1021.1,1,1.0,0
2024-12-03 16:00,1021.2,1,1.0,0
2024-12-03 17:00,1021.33,1,1.0,0
2024-12-03 18:00,1021.63,1,1.0,0
2024-12-03 19:00,1022.26,1,1.0,0
2024-12-03 20:00,1022.59,1,1.0,0
2024-12-03 21:00,1022.7,1,1.0,0
2024-12-03 22:00,1022.78,1,1.0,0
2024-12-03 23:00,1023.27,1,1.0,0
2024-12-04 00:00,1023.81,1,1.0,0
2024-12-04 01:00,1024.41,1,1.0,0
2024-12-04 02:00,1024.9,1,1.0,0
2024-12-04 03:00,1025.44,1,1.0,0
2024-12-04 04:00,1025.71,1,1.0,0
2024-12-04 05:00,1025.84,1,1.0,0
2024-12-04 06:00,1025.97,1,1.0,0
2024-12-04 07:00,1026.09,1,1.0,0
2024-12-04 08:00,1026.21,1,1.0,0
2024-12-04 09:00,1026.42,1,1.0,0
2024-12-04 10:00,1026.63,1,1.0,0
2024-12-04 11:00,1026.88,1,1.0,0
2024-12-04 12:00,1027.18,1,1.0,0
2024-12-04 13:00,1027.42,1,1.0,0
2024-12-04 14:00,1027.6,1,1.0,0
2024-12-04 15:00,1027.89,1,1.0,0
2024-12-04 16:00,1028.26,1,1.0,0
2024-12-04 17:00,1028.57,1,1.0,0
2024-12-04 18:00,1029.05,1,1.0,0
2024-12-04 19:00,1029.61,1,1.0,0
2024-12-04 20:00,1029.98,1,1.0,0
2024-12-04 21:00,1030.18,1,1.0,0
2024-12-04 22:00,1030.33,1,1.0,0
2024-12-04 23:00,1030.44,1,1.0,0
2024-12-05 00:00,1030.55,1,1.0,0
2024-12-05 01:00,1030.76,1,1.0,0
2024-12-05 02:00,1030.97,1,1.0,0
2024-12-05 03:00,1031.11,1,1.0,0
2024-12-05 04:00,1031.16,1,1.0,0
2024-12-05 05:00,1031.17,1,1.0,0
2024-12-05 06:00,1031.18,1,1.0,0
2024-12-05 07:00,1031.22,1,1.0,0
2024-12-05 08:00,1031.27,1,1.0,0
2024-12-05 09:00,1031.33,1,1.0,0
2024-12-05 10:00,1031.39,1,1.0,0
2024-12-05 11:00,1031.47,1,1.0,0
2024-12-05 12:00,1031.55,1,1.0,0
2024-12-05 13:00,1031.62,1,1.0,0
2024-12-05 14:00,1031.67,1,1.0,0
2024-12-05 15:00,1031.73,1,1.0,0
2024-12-05 16:00,1031.81,1,1.0,0
2024-12-05 17:00,1031.88,1,1.0,0
2024-12-05 18:00,1031.96,1,1.0,0
2024-12-05 19:00,1031.99,1,1.0,0
2024-12-05 20:00,1032.0,1,1.0,0
2024-12-05 21:00,1032.0,1,1.0,0
2024-12-05 22:00,1032.0,1,1.0,0
2024-12-05 23:00,1032.0,1,1.0,0
2024-12-06 00:00,1032.0,1,1.0,0
2024-12-06 01:00,1032.0,1,1.0,0
2024-12-06 02:00,1032.0,1,1.0,0
2024-12-06 03:00,1032.0,1,1.0,0
2024-12-06 04:00,1032.0,1,1.0,0
2024-12-06 05:00,1032.0,1,1.0,0
2024-12-06 06:00,1032.0,1,1.0,0
2024-12-06 07:00,1032.0,1,1.0,0
2024-12-06 08:00,1032.0,1,1.0,0
2024-12-06 09:00,1032.0,1,1.0,0
2024-12-06 10:00,1032.0,1,1.0,0
2024-12-06 11:00,1032.0,1,1.0,0
2024-12-06 12:00,1032.0,1,1.0,0
2024-12-06 13:00,1032.0,1,1.0,0
2024-12-06 14:00,1032.0,1,1.0,0
2024-12-06 15:00,1032.0,1,1.0,0
2024-12-06 16:00,1032.02,1,1.0,0
2024-12-06 17:00,1032.02,1,1.0,0
2024-12-06 18:00,1032.02,1,1.0,0
2024-12-06 19:00,1032.02,1,1.0,0
2024-12-06 20:00,1032.02,1,1.0,0
2024-12-06 21:00,1032.02,1,1.0,0
2024-12-06 22:00,1032.06,1,1.0,0
2024-12-06 23:00,1032.17,1,1.0,0
2024-12-07 00:00,1032.4,1,1.0,0
2024-12-07 01:00,1032.66,1,1.0,0
2024-12-07 02:00,1032.98,1,1.0,0
2024-12-07 03:00,1033.4,1,1.0,0
2024-12-07 04:00,1033.88,1,1.0,0
2024-12-07 05:00,1034.09,1,1.0,0
2024-12-07 06:00,1034.19,1,1.0,0
2024-12-07 07:00,1034.26,1,1.0,0
2024-12-07 08:00,1034.27,1,1.0,0
2024-12-07 09:00,1034.27,1,1.0,0
2024-12-07 10:00,1034.27,1,1.0,0
2024-12-07 11:00,1034.27,1,1.0,0
2024-12-07 12:00,1034.27,1,1.0,0
2024-12-07 13:00,1034.27,1,1.0,0
2024-12-07 14:00,1034.27,1,1.0,0
2024-12-07 15:00,1034.27,1,1.0,0
2024-12-07 16:00,1034.27,1,1.0,0
2024-12-07 17:00,1034.27,1,1.0,0
2024-12-07 18:00,1034.27,1,1.0,0
2024-12-07 19:00,1034.27,1,1.0,0
2024-12-07 20:00,1034.27,1,1.0,0
2024-12-07 21:00,1034.27,1,1.0,0
2024-12-07 22:00,1034.27,1,1.0,0
2024-12-07 23:00,1034.27,1,1.0,0
2024-12-08 00:00,1034.28,1,1.0,0
2024-12-08 01:00,1034.31,1,1.0,0
2024-12-08 02:00,1034.87,1,1.0,0
2024-12-08 03:00,1037.26,1,1.0,0
2024-12-08 04:00,1041.62,1,1.0,0
2024-12-08 05:00,1046.82,1,1.0,0
2024-12-08 06:00,1050.42,1,1.0,0
2024-12-08 07:00,1053.74,1,1.0,0
2024-12-08 08:00,1055.75,1,1.0,0
2024-12-08 09:00,1057.25,1,1.0,0
2024-12-08 10:00,1059.23,1,1.0,0
2024-12-08 11:00,1060.12,1,1.0,0
2024-12-08 12:00,1061.45,1,1.0,0
2024-12-08 13:00,1063.04,1,1.0,0
2024-12-08 14:00,1065.78,1,1.0,0
2024-12-08 15:00,1067.47,1,1.0,0
2024-12-08 16:00,1069.34,1,1.0,0
2024-12-08 17:00,1071.78,1,1.0,0
2024-12-08 18:00,1074.48,1,1.0,0
2024-12-08 19:00,1076.47,1,1.0,0
2024-12-08 20:00,1078.4,1,1.0,0
2024-12-08 21:00,1080.03,1,1.0,0
2024-12-08 22:00,1081.29,1,1.0,0
2024-12-08 23:00,1082.38,1,1.0,0
2024-12-09 00:00,1083.39,1,1.0,0
2024-12-09 01:00,1084.81,1,1.0,0
2024-12-09 02:00,1085.92,1,1.0,0
2024-12-09 03:00,1087.16,1,1.0,0
2024-12-09 04:00,1087.94,1,1.0,0
2024-12-09 05:00,1088.26,1,1.0,0
2024-12-09 06:00,1088.68,1,1.0,0
2024-12-09 07:00,1089.91,1,1.0,0
2024-12-09 08:00,1091.41,1,1.0,0
2024-12-09 09:00,1092.86,1,1.0,0
2024-12-09 10:00,1094.59,1,1.0,0
2024-12-09 11:00,1096.3,1,1.0,0
2024-12-09 12:00,1098.21,1,1.0,0
2024-12-09 13:00,1099.36,1,1.0,0
2024-12-09 14:00,1100.61,1,1.0,0
2024-12-09 15:00,1102.18,1,1.0,0
2024-12-09 16:00,1104.21,1,1.0,0
2024-12-09 17:00,1105.77,1,1.0,0
2024-12-09 18:00,1107.26,1,1.0,0
2024-12-09 19:00,1108.67,1,1.0,0
2024-12-09 20:00,1109.02,1,1.0,0
2024-12-09 21:00,1110.18,1,1.0,0
2024-12-09 22:00,1112.23,1,1.0,0
2024-12-09 23:00,1113.27,1,1.0,0
2024-12-10 00:00,1113.5,1,1.0,0
2024-12-10 01:00,1113.66,1,1.0,0
2024-12-10 02:00,1114.47,1,1.0,0
2024-12-10 03:00,1115.73,1,1.0,0
2024-12-10 04:00,1116.76,1,1.0,0
2024-12-10 05:00,1117.68,1,1.0,0
2024-12-10 06:00,1118.82,1,1.0,0
2024-12-10 07:00,1119.07,1,1.0,0
2024-12-10 08:00,1119.51,1,1.0,0
2024-12-10 09:00,1119.99,1,1.0,0
2024-12-10 10:00,1120.22,1,1.0,0
2024-12-10 11:00,1120.42,1,1.0,0
2024-12-10 12:00,1120.51,1,1.0,0
2024-12-10 13:00,1120.6,1,1.0,0
2024-12-10 14:00,1120.66,1,1.0,0
2024-12-10 15:00,1120.69,1,1.0,0
2024-12-10 16:00,1120.77,1,1.0,0
2024-12-10 17:00,1120.96,1,1.0,0
2024-12-10 18:00,1121.4,1,1.0,0
2024-12-10 19:00,1122.26,1,1.0,0
2024-12-10 20:00,1123.05,1,1.0,0
2024-12-10 21:00,1124.24,1,1.0,0
2024-12-10 22:00,1125.51,1,1.0,0
2024-12-10 23:00,1126.48,1,1.0,0
2024-12-11 00:00,1127.21,1,1.0,0
2024-12-11 01:00,1127.62,1,1.0,0
2024-12-11 02:00,1127.82,1,1.0,0
2024-12-11 03:00,1127.94,1,1.0,0
2024-12-11 04:00,1128.08,1,1.0,0
2024-12-11 05:00,1128.22,1,1.0,0
2024-12-11 06:00,1128.39,1,1.0,0
2024-12-11 07:00,1128.82,1,1.0,0
2024-12-11 08:00,1129.26,1,1.0,0
2024-12-11 09:00,1129.83,1,1.0,0
2024-12-11 10:00,1130.48,1,1.0,0
2024-12-11 11:00,1131.55,1,1.0,0
2024-12-11 12:00,1132.74,1,1.0,0
2024-12-11 13:00,1133.74,1,1.0,0
2024-12-11 14:00,1134.54,1,1.0,0
2024-12-11 15:00,1134.99,1,1.0,0
2024-12-11 16:00,1135.3,1,1.0,0
2024-12-11 17:00,1135.89,1,1.0,0
2024-12-11 18:00,1136.22,1,1.0,0
2024-12-11 19:00,1136.45,1,1.0,0
2024-12-11 20:00,1136.79,1,1.0,0
2024-12-11 21:00,1136.99,1,1.0,0
2024-12-11 22:00,1137.14,1,1.0,0
2024-12-11 23:00,1137.44,1,1.0,0
2024-12-12 00:00,1137.89,1,1.0,0
2024-12-12 01:00,1138.26,1,1.0,0
2024-12-12 02:00,1138.56,1,1.0,0
2024-12-12 03:00,1138.75,1,1.0,0
2024-12-12 04:00,1138.77,1,1.0,0
2024-12-12 05:00,1138.79,1,1.0,0
2024-12-12 06:00,1138.8,1,1.0,0
2024-12-12 07:00,1138.8,1,1.0,0
2024-12-12 08:00,1138.8,1,1.0,0
2024-12-12 09:00,1138.8,1,1.0,0
2024-12-12 10:00,1138.8,1,1.0,0
2024-12-12 11:00,1138.8,1,1.0,0
2024-12-12 12:00,1138.8,1,1.0,0
2024-12-12 13:00,1138.8,1,1.0,0
2024-12-12 14:00,1138.81,1,1.0,0
2024-12-12 15:00,1138.81,1,1.0,0
2024-12-12 16:00,1138.81,1,1.0,0
2024-12-12 17:00,1138.81,1,1.0,0
2024-12-12 18:00,1138.81,1,1.0,0
2024-12-12 19:00,1138.81,1,1.0,0
2024-12-12 20:00,1138.81,1,1.0,0
2024-12-12 21:00,1138.81,1,1.0,0
2024-12-12 22:00,1138.81,1,1.0,0
2024-12-12 23:00,1138.86,1,1.0,0
2024-12-13 00:00,1139.02,1,1.0,0
2024-12-13 01:00,1139.25,1,1.0,0
2024-12-13 02:00,1139.27,1,1.0,0
2024-12-13 03:00,1139.27,1,1.0,0
2024-12-13 04:00,1139.42,1,1.0,0
2024-12-13 05:00,1139.55,1,1.0,0
2024-12-13 06:00,1139.71,1,1.0,0
2024-12-13 07:00,1139.9,1,1.0,0
2024-12-13 08:00,1140.17,1,1.0,0
2024-12-13 09:00,1140.3,1,1.0,0
2024-12-13 10:00,1140.61,1,1.0,0
2024-12-13 11:00,1140.67,1,1.0,0
2024-12-13 12:00,1140.99,1,1.0,0
2024-12-13 13:00,1141.11,1,1.0,0
2024-12-13 14:00,1141.32,1,1.0,0
2024-12-13 15:00,1141.5,1,1.0,0
2024-12-13 16:00,1141.69,1,1.0,0
2024-12-13 17:00,1141.97,1,1.0,0
2024-12-13 18:00,1142.56,1,1.0,0
2024-12-13 19:00,1142.84,1,1.0,0
2024-12-13 20:00,1143.62,1,1.0,0
2024-12-13 21:00,1144.89,1,1.0,0
2024-12-13 22:00,1146.27,1,1.0,0
2024-12-13 23:00,1146.96,1,1.0,0
2024-12-14 00:00,1148.04,1,1.0,0
2024-12-14 01:00,1151.27,1,1.0,0
2024-12-14 02:00,1154.96,1,1.0,0
2024-12-14 03:00,1157.42,1,1.0,0
2024-12-14 04:00,1159.0,1,1.0,0
2024-12-14 05:00,1159.9,1,1.0,0
2024-12-14 06:00,1160.34,1,1.0,0
2024-12-14 07:00,1160.41,1,1.0,0
2024-12-14 08:00,1160.42,1,1.0,0
2024-12-14 09:00,1160.43,1,1.0,0
2024-12-14 10:00,1160.43,1,1.0,0
2024-12-14 11:00,1160.51,1,1.0,0
2024-12-14 12:00,1160.63,1,1.0,0
2024-12-14 13:00,1160.79,1,1.0,0
2024-12-14 14:00,1161.0,1,1.0,0
2024-12-14 15:00,1161.29,1,1.0,0
2024-12-14 16:00,1161.91,1,1.0,0
2024-12-14 17:00,1162.66,1,1.0,0
2024-12-14 18:00,1163.25,1,1.0,0
2024-12-14 19:00,1164.08,1,1.0,0
2024-12-14 20:00,1164.47,1,1.0,0
2024-12-14 21:00,1164.79,1,1.0,0
2024-12-14 22:00,1165.2,1,1.0,0
2024-12-14 23:00,1165.8,1,1.0,0
2024-12-15 00:00,1165.98,1,1.0,0
2024-12-15 01:00,1166.0,1,1.0,0
2024-12-15 02:00,1166.06,1,1.0,0
2024-12-15 03:00,1166.21,1,1.0,0
2024-12-15 04:00,1166.44,1,1.0,0
2024-12-15 05:00,1166.58,1,1.0,0
2024-12-15 06:00,1166.58,1,1.0,0
2024-12-15 07:00,1166.99,1,1.0,0
2024-12-15 08:00,1166.99,1,1.0,0
2024-12-15 09:00,1167.0,1,1.0,0
2024-12-15 10:00,1167.02,1,1.0,0
2024-12-15 11:00,1167.04,1,1.0,0
2024-12-15 12:00,1167.06,1,1.0,0
2024-12-15 13:00,1167.08,1,1.0,0
2024-12-15 14:00,1167.08,1,1.0,0
2024-12-15 15:00,1167.1,1,1.0,0
2024-12-15 16:00,1167.1,1,1.0,0
2024-12-15 17:00,1167.1,1,1.0,0
2024-12-15 18:00,1167.1,1,1.0,0
2024-12-15 19:00,1167.1,1,1.0,0
2024-12-15 20:00,1167.1,1,1.0,0
2024-12-15 21:00,1167.1,1,1.0,0
2024-12-15 22:00,1167.1,1,1.0,0
2024-12-15 23:00,1167.1,1,1.0,0
2024-12-16 00:00,1167.1,1,1.0,0
2024-12-16 01:00,1167.1,1,1.0,0
2024-12-16 02:00,1167.1,1,1.0,0
2024-12-16 03:00,1167.1,1,1.0,0
2024-12-16 04:00,1167.1,1,1.0,0
2024-12-16 05:00,1167.1,1,1.0,0
2024-12-16 06:00,1167.1,1,1.0,0
2024-12-16 07:00,1167.1,1,1.0,0
2024-12-16 08:00,1167.1,1,1.0,0
2024-12-16 09:00,1167.1,1,1.0,0
2024-12-16 10:00,1167.1,1,1.0,0
2024-12-16 11:00,1167.1,1,1.0,0
2024-12-16 12:00,1167.1,1,1.0,0
2024-12-16 13:00,1167.1,1,1.0,0
2024-12-16 14:00,1167.1,1,1.0,0
2024-12-16 15:00,1167.1,1,1.0,0
2024-12-16 16:00,1167.1,1,1.0,0
2024-12-16 17:00,1167.1,1,1.0,0
2024-12-16 18:00,1167.1,1,1.0,0
2024-12-16 19:00,1167.1,1,1.0,0
2024-12-16 20:00,1167.1,1,1.0,0
2024-12-16 21:00,1167.1,1,1.0,0
2024-12-16 22:00,1167.1,1,1.0,0
2024-12-16 23:00,1167.1,1,1.0,0
2024-12-17 00:00,1167.1,1,1.0,0
2024-12-17 01:00,1167.1,1,1.0,0
2024-12-17 02:00,1167.1,1,1.0,0
2024-12-17 03:00,1167.1,1,1.0,0
2024-12-17 04:00,1167.1,1,1.0,0
2024-12-17 05:00,1167.1,1,1.0,0
2024-12-17 06:00,1167.1,1,1.0,0
2024-12-17 07:00,1167.1,1,1.0,0
2024-12-17 08:00,1167.1,1,1.0,0
2024-12-17 09:00,1167.1,1,1.0,0
2024-12-17 10:00,1167.1,1,1.0,0
2024-12-17 11:00,1167.1,1,1.0,0
2024-12-17 12:00,1167.1,1,1.0,0
2024-12-17 13:00,1167.1,1,1.0,0
2024-12-17 14:00,1167.1,1,1.0,0
2024-12-17 15:00,1167.1,1,1.0,0
2024-12-17 16:00,1167.1,1,1.0,0
2024-12-17 17:00,1167.1,1,1.0,0
2024-12-17 18:00,1167.1,1,1.0,0
2024-12-17 19:00,1167.1,1,1.0,0
2024-12-17 20:00,1167.1,1,1.0,0
2024-12-17 21:00,1167.1,1,1.0,0
2024-12-17 22:00,1167.1,1,1.0,0
2024-12-17 23:00,1167.1,1,1.0,0
2024-12-18 00:00,1167.1,1,1.0,0
2024-12-18 01:00,1167.1,1,1.0,0
2024-12-18 02:00,1167.1,1,1.0,0
2024-12-18 03:00,1167.1,1,1.0,0
2024-12-18 04:00,1167.1,1,1.0,0
2024-12-18 05:00,1167.1,1,1.0,0
2024-12-18 06:00,1167.1,1,1.0,0
2024-12-18 07:00,1167.11,1,1.0,0
2024-12-18 08:00,1167.11,1,1.0,0
2024-12-18 09:00,1167.12,1,1.0,0
2024-12-18 10:00,1167.13,1,1.0,0
2024-12-18 11:00,1167.13,1,1.0,0
2024-12-18 12:00,1167.13,1,1.0,0
2024-12-18 13:00,1167.13,1,1.0,0
2024-12-18 14:00,1167.13,1,1.0,0
2024-12-18 15:00,1167.13,1,1.0,0
2024-12-18 16:00,1167.13,1,1.0,0
2024-12-18 17:00,1167.13,1,1.0,0
2024-12-18 18:00,1167.13,1,1.0,0
2024-12-18 19:00,1167.14,1,1.0,0
2024-12-18 20:00,1167.14,1,1.0,0
2024-12-18 21:00,1167.14,1,1.0,0
2024-12-18 22:00,1167.14,1,1.0,0
2024-12-18 23:00,1167.14,1,1.0,0
2024-12-19 00:00,1167.14,1,1.0,0
2024-12-19 01:00,1167.15,1,1.0,0
2024-12-19 02:00,1167.17,1,1.0,0
2024-12-19 03:00,1167.18,1,1.0,0
2024-12-19 04:00,1167.18,1,1.0,0
2024-12-19 05:00,1167.19,1,1.0,0
2024-12-19 06:00,1167.19,1,1.0,0
2024-12-19 07:00,1167.19,1,1.0,0
2024-12-19 08:00,1167.19,1,1.0,0
2024-12-19 09:00,1167.2,1,1.0,0
2024-12-19 10:00,1167.24,1,1.0,0
2024-12-19 11:00,1167.27,1,1.0,0
2024-12-19 12:00,1167.3,1,1.0,0
2024-12-19 13:00,1167.33,1,1.0,0
2024-12-19 14:00,1167.38,1,1.0,0
2024-12-19 15:00,1167.43,1,1.0,0
2024-12-19 16:00,1167.58,1,1.0,0
2024-12-19 17:00,1167.85,1,1.0,0
2024-12-19 18:00,1168.01,1,1.0,0
2024-12-19 19:00,1168.17,1,1.0,0
2024-12-19 20:00,1168.26,1,1.0,0
2024-12-19 21:00,1168.38,1,1.0,0
2024-12-19 22:00,1168.59,1,1.0,0
2024-12-19 23:00,1169.12,1,1.0,0
2024-12-20 00:00,1169.58,1,1.0,0
2024-12-20 01:00,1170.24,1,1.0,0
2024-12-20 02:00,1171.01,1,1.0,0
2024-12-20 03:00,1172.19,1,1.0,0
2024-12-20 04:00,1174.03,1,1.0,0
2024-12-20 05:00,1175.86,1,1.0,0
2024-12-20 06:00,1176.81,1,1.0,0
2024-12-20 07:00,1177.01,1,1.0,0
2024-12-20 08:00,1177.02,1,1.0,0
2024-12-20 09:00,1177.02,1,1.0,0
2024-12-20 10:00,1177.02,1,1.0,0
2024-12-20 11:00,1177.33,1,1.0,0
2024-12-20 12:00,1177.86,1,1.0,0
2024-12-20 13:00,1178.09,1,1.0,0
2024-12-20 14:00,1179.0,1,1.0,0
2024-12-20 15:00,1179.7,1,1.0,0
2024-12-20 16:00,1180.13,1,1.0,0
2024-12-20 17:00,1181.1,1,1.0,0
2024-12-20 18:00,1182.06,1,1.0,0
2024-12-20 19:00,1182.32,1,1.0,0
2024-12-20 20:00,1182.33,1,1.0,0
2024-12-20 21:00,1182.35,1,1.0,0
2024-12-20 22:00,1182.53,1,1.0,0
2024-12-20 23:00,1182.74,1,1.0,0
2024-12-21 00:00,1182.9,1,1.0,0
2024-12-21 01:00,1183.02,1,1.0,0
2024-12-21 02:00,1183.07,1,1.0,0
2024-12-21 03:00,1183.09,1,1.0,0
2024-12-21 04:00,1183.09,1,1.0,0
2024-12-21 05:00,1183.09,1,1.0,0
2024-12-21 06:00,1183.09,1,1.0,0
2024-12-21 07:00,1183.09,1,1.0,0
2024-12-21 08:00,1183.09,1,1.0,0
2024-12-21 09:00,1183.09,1,1.0,0
2024-12-21 10:00,1183.09,1,1.0,0
2024-12-21 11:00,1183.09,1,1.0,0
2024-12-21 12:00,1183.09,1,1.0,0
2024-12-21 13:00,1183.09,1,1.0,0
2024-12-21 14:00,1183.09,1,1.0,0
2024-12-21 15:00,1183.09,1,1.0,0
2024-12-21 16:00,1183.09,1,1.0,0
2024-12-21 17:00,1183.09,1,1.0,0
2024-12-21 18:00,1183.09,1,1.0,0
2024-12-21 19:00,1183.09,1,1.0,0
2024-12-21 20:00,1183.09,1,1.0,0
2024-12-21 21:00,1183.09,1,1.0,0
2024-12-21 22:00,1183.09,1,1.0,0
2024-12-21 23:00,1183.09,1,1.0,0
2024-12-22 00:00,1183.09,1,1.0,0
2024-12-22 01:00,1183.09,1,1.0,0
2024-12-22 02:00,1183.09,1,1.0,0
2024-12-22 03:00,1183.09,1,1.0,0
2024-12-22 04:00,1183.09,1,1.0,0
2024-12-22 05:00,1183.09,1,1.0,0
2024-12-22 06:00,1183.09,1,1.0,0
2024-12-22 07:00,1183.09,1,1.0,0
2024-12-22 08:00,1183.09,1,1.0,0
2024-12-22 09:00,1183.09,1,1.0,0
2024-12-22 10:00,1183.09,1,1.0,0
2024-12-22 11:00,1183.09,1,1.0,0
2024-12-22 12:00,1183.09,1,1.0,0
2024-12-22 13:00,1183.09,1,1.0,0
2024-12-22 14:00,1183.12,1,1.0,0
2024-12-22 15:00,1183.21,1,1.0,0
2024-12-22 16:00,1183.33,1,1.0,0
2024-12-22 17:00,1183.69,1,1.0,0
2024-12-22 18:00,1184.91,1,1.0,0
2024-12-22 19:00,1186.6,1,1.0,0
2024-12-22 20:00,1189.65,1,1.0,0
2024-12-22 21:00,1193.52,1,1.0,0
2024-12-22 22:00,1196.03,1,1.0,0
2024-12-22 23:00,1197.55,1,1.0,0
2024-12-23 00:00,1199.91,1,1.0,0
2024-12-23 01:00,1202.9,1,1.0,0
2024-12-23 02:00,1205.39,1,1.0,0
2024-12-23 03:00,1207.63,1,1.0,0
2024-12-23 04:00,1208.78,1,1.0,0
2024-12-23 05:00,1209.5,1,1.0,0
2024-12-23 06:00,1210.08,1,1.0,0
2024-12-23 07:00,1210.43,1,1.0,0
2024-12-23 08:00,1211.36,1,1.0,0
2024-12-23 09:00,1213.16,1,1.0,0
2024-12-23 10:00,1214.01,1,1.0,0
2024-12-23 11:00,1214.96,1,1.0,0
2024-12-23 12:00,1215.67,1,1.0,0
2024-12-23 13:00,1216.22,1,1.0,0
2024-12-23 14:00,1216.62,1,1.0,0
2024-12-23 15:00,1216.94,1,1.0,0
2024-12-23 16:00,1217.1,1,1.0,0
2024-12-23 17:00,1217.19,1,1.0,0
2024-12-23 18:00,1217.3,1,1.0,0
2024-12-23 19:00,1217.33,1,1.0,0
2024-12-23 20:00,1217.33,1,1.0,0
2024-12-23 21:00,1217.34,1,1.0,0
2024-12-23 22:00,1217.36,1,1.0,0
2024-12-23 23:00,1217.41,1,1.0,0
2024-12-24 00:00,1217.51,1,1.0,0
2024-12-24 01:00,1217.67,1,1.0,0
2024-12-24 02:00,1217.81,1,1.0,0
2024-12-24 03:00,1217.91,1,1.0,0
2024-12-24 04:00,1218.06,1,1.0,0
2024-12-24 05:00,1218.18,1,1.0,0
2024-12-24 06:00,1218.36,1,1.0,0
2024-12-24 07:00,1218.4,1,1.0,0
2024-12-24 08:00,1218.42,1,1.0,0
2024-12-24 09:00,1218.44,1,1.0,0
2024-12-24 10:00,1218.53,1,1.0,0
2024-12-24 11:00,1218.69,1,1.0,0
2024-12-24 12:00,1218.83,1,1.0,0
2024-12-24 13:00,1218.92,1,1.0,0
2024-12-24 14:00,1218.96,1,1.0,0
2024-12-24 15:00,1219.0,1,1.0,0
2024-12-24 16:00,1219.08,1,1.0,0
2024-12-24 17:00,1219.16,1,1.0,0
2024-12-24 18:00,1219.28,1,1.0,0
2024-12-24 19:00,1219.38,1,1.0,0
2024-12-24 20:00,1219.42,1,1.0,0
2024-12-24 21:00,1219.49,1,1.0,0
2024-12-24 22:00,1219.53,1,1.0,0
2024-12-24 23:00,1219.61,1,1.0,0
2024-12-25 00:00,1219.67,1,1.0,0
2024-12-25 01:00,1219.7,1,1.0,0
2024-12-25 02:00,1219.71,1,1.0,0
2024-12-25 03:00,1219.72,1,1.0,0
2024-12-25 04:00,1219.73,1,1.0,0
2024-12-25 05:00,1219.75,1,1.0,0
2024-12-25 06:00,1219.76,1,1.0,0
2024-12-25 07:00,1219.76,1,1.0,0
2024-12-25 08:00,1219.76,1,1.0,0
2024-12-25 09:00,1219.76,1,1.0,0
2024-12-25 10:00,1219.76,1,1.0,0
2024-12-25 11:00,1219.76,1,1.0,0
2024-12-25 12:00,1219.77,1,1.0,0
2024-12-25 13:00,1219.78,1,1.0,0
2024-12-25 14:00,1219.78,1,1.0,0
2024-12-25 15:00,1219.78,1,1.0,0
2024-12-25 16:00,1219.78,1,1.0,0
2024-12-25 17:00,1219.78,1,1.0,0
2024-12-25 18:00,1219.78,1,1.0,0
2024-12-25 19:00,1219.78,1,1.0,0
2024-12-25 20:00,1219.78,1,1.0,0
2024-12-25 21:00,1219.78,1,1.0,0
2024-12-25 22:00,1219.78,1,1.0,0
2024-12-25 23:00,1219.79,1,1.0,0
2024-12-26 00:00,1219.79,1,1.0,0
2024-12-26 01:00,1219.79,1,1.0,0
2024-12-26 02:00,1219.79,1,1.0,0
2024-12-26 03:00,1219.79,1,1.0,0
2024-12-26 04:00,1219.79,1,1.0,0
2024-12-26 05:00,1219.79,1,1.0,0
2024-12-26 06:00,1219.79,1,1.0,0
2024-12-26 07:00,1219.81,1,1.0,0
2024-12-26 08:00,1219.9,1,1.0,0
2024-12-26 09:00,1219.9,1,1.0,0
2024-12-26 10:00,1219.9,1,1.0,0
2024-12-26 11:00,1219.9,1,1.0,0
2024-12-26 12:00,1219.9,1,1.0,0
2024-12-26 13:00,1219.9,1,1.0,0
2024-12-26 14:00,1219.9,1,1.0,0
2024-12-26 15:00,1219.9,1,1.0,0
2024-12-26 16:00,1219.9,1,1.0,0
2024-12-26 17:00,1219.9,1,1.0,0
2024-12-26 18:00,1219.9,1,1.0,0
2024-12-26 19:00,1219.9,1,1.0,0
2024-12-26 20:00,1219.9,1,1.0,0
2024-12-26 21:00,1219.9,1,1.0,0
2024-12-26 22:00,1219.9,1,1.0,0
2024-12-26 23:00,1219.9,1,1.0,0
2024-12-27 00:00,1219.9,1,1.0,0
2024-12-27 01:00,1219.9,1,1.0,0
2024-12-27 02:00,1219.9,1,1.0,0
2024-12-27 03:00,1219.9,1,1.0,0
2024-12-27 04:00,1219.9,1,1.0,0
2024-12-27 05:00,1219.9,1,1.0,0
2024-12-27 06:00,1219.9,1,1.0,0
2024-12-27 07:00,1219.9,1,1.0,0
2024-12-27 08:00,1219.9,1,1.0,0
2024-12-27 09:00,1219.9,1,1.0,0
2024-12-27 10:00,1219.9,1,1.0,0
2024-12-27 11:00,1219.9,1,1.0,0
2024-12-27 12:00,1219.9,1,1.0,0
2024-12-27 13:00,1219.9,1,1.0,0
2024-12-27 14:00,1219.9,1,1.0,0
2024-12-27 15:00,1219.9,1,1.0,0
2024-12-27 16:00,1219.9,1,1.0,0
2024-12-27 17:00,1219.9,1,1.0,0
2024-12-27 18:00,1219.9,1,1.0,0
2024-12-27 19:00,1219.9,1,1.0,0
2024-12-27 20:00,1219.9,1,1.0,0
2024-12-27 21:00,1219.9,1,1.0,0
2024-12-27 22:00,1219.9,1,1.0,0
2024-12-27 23:00,1219.9,1,1.0,0
2024-12-28 00:00,1219.9,1,1.0,0
2024-12-28 01:00,1219.9,1,1.0,0
2024-12-28 02:00,1219.9,1,1.0,0
2024-12-28 03:00,1219.9,1,1.0,0
2024-12-28 04:00,1219.9,1,1.0,0
2024-12-28 05:00,1219.9,1,1.0,0
2024-12-28 06:00,1219.9,1,1.0,0
2024-12-28 07:00,1219.9,1,1.0,0
2024-12-28 08:00,1219.9,1,1.0,0
2024-12-28 09:00,1219.9,1,1.0,0
2024-12-28 10:00,1219.9,1,1.0,0
2024-12-28 11:00,1219.9,1,1.0,0
2024-12-28 12:00,1219.9,1,1.0,0
2024-12-28 13:00,1219.9,1,1.0,0
2024-12-28 14:00,1219.9,1,1.0,0
2024-12-28 15:00,1219.9,1,1.0,0
2024-12-28 16:00,1219.9,1,1.0,0
2024-12-28 17:00,1219.9,1,1.0,0
2024-12-28 18:00,1219.9,1,1.0,0
2024-12-28 19:00,1219.9,1,1.0,0
2024-12-28 20:00,1219.9,1,1.0,0
2024-12-28 21:00,1219.9,1,1.0,0
2024-12-28 22:00,1219.9,1,1.0,0
2024-12-28 23:00,1219.9,1,1.0,0
2024-12-29 00:00,1219.9,1,1.0,0
2024-12-29 01:00,1219.9,1,1.0,0
2024-12-29 02:00,1219.9,1,1.0,0
2024-12-29 03:00,1219.9,1,1.0,0
2024-12-29 04:00,1219.9,1,1.0,0
2024-12-29 05:00,1219.9,1,1.0,0
2024-12-29 06:00,1219.9,1,1.0,0
2024-12-29 07:00,1219.9,1,1.0,0
2024-12-29 08:00,1219.9,1,1.0,0
2024-12-29 09:00,1219.9,1,1.0,0
2024-12-29 10:00,1219.9,1,1.0,0
2024-12-29 11:00,1219.9,1,1.0,0
2024-12-29 12:00,1219.9,1,1.0,0
2024-12-29 13:00,1219.9,1,1.0,0
2024-12-29 14:00,1219.9,1,1.0,0
2024-12-29 15:00,1219.9,1,1.0,0
2024-12-29 16:00,1219.9,1,1.0,0
2024-12-29 17:00,1219.9,1,1.0,0
2024-12-29 18:00,1219.9,1,1.0,0
2024-12-29 19:00,1219.9,1,1.0,0
2024-12-29 20:00,1219.9,1,1.0,0
2024-12-29 21:00,1219.9,1,1.0,0
2024-12-29 22:00,1219.9,1,1.0,0
2024-12-29 23:00,1219.9,1,1.0,0
2024-12-30 00:00,1219.9,1,1.0,0
2024-12-30 01:00,1219.9,1,1.0,0
2024-12-30 02:00,1219.9,1,1.0,0
2024-12-30 03:00,1219.9,1,1.0,0
2024-12-30 04:00,1219.9,1,1.0,0
2024-12-30 05:00,1219.9,1,1.0,0
2024-12-30 06:00,1219.9,1,1.0,0
2024-12-30 07:00,1219.9,1,1.0,0
2024-12-30 08:00,1219.9,1,1.0,0
2024-12-30 09:00,1219.9,1,1.0,0
2024-12-30 10:00,1219.9,1,1.0,0
2024-12-30 11:00,1219.9,1,1.0,0
2024-12-30 12:00,1219.9,1,1.0,0
2024-12-30 13:00,1219.9,1,1.0,0
2024-12-30 14:00,1219.9,1,1.0,0
2024-12-30 15:00,1219.9,1,1.0,0
2024-12-30 16:00,1219.9,1,1.0,0
2024-12-30 17:00,1219.9,1,1.0,0
2024-12-30 18:00,1219.9,1,1.0,0
2024-12-30 19:00,1219.9,1,1.0,0
2024-12-30 20:00,1219.9,1,1.0,0
2024-12-30 21:00,1219.9,1,1.0,0
2024-12-30 22:00,1219.9,1,1.0,0
2024-12-30 23:00,1219.9,1,1.0,0
2024-12-31 00:00,1219.9,1,1.0,0
2024-12-31 01:00,1219.9,1,1.0,0
2024-12-31 02:00,1219.9,1,1.0,0
2024-12-31 03:00,1219.9,1,1.0,0
2024-12-31 04:00,1219.9,1,1.0,0
2024-12-31 05:00,1219.9,1,1.0,0
2024-12-31 06:00,1219.9,1,1.0,0
2024-12-31 07:00,1219.9,1,1.0,0
2024-12-31 08:00,1219.9,1,1.0,0
2024-12-31 09:00,1219.9,1,1.0,0
2024-12-31 10:00,1219.9,1,1.0,0
2024-12-31 11:00,1219.9,1,1.0,0
2024-12-31 12:00,1219.9,1,1.0,0
2024-12-31 13:00,1219.9,1,1.0,0
2024-12-31 14:00,1219.9,1,1.0,0
2024-12-31 15:00,1219.9,1,1.0,0
2024-12-31 16:00,1219.9,1,1.0,0
2024-12-31 17:00,1219.9,1,1.0,0
2024-12-31 18:00,1219.9,1,1.0,0
2024-12-31 19:00,1219.9,1,1.0,0
2024-12-31 20:00,1219.9,1,1.0,0
2024-12-31 21:00,1219.9,1,1.0,0
2024-12-31 22:00,1219.9,1,1.0,0
2024-12-31 23:00,1219.9,1,1.0,0
