time,value,min,max,n,coverage
2024-01-01 01:00,12.44,12.44,12.44,1,1.0
2024-01-01 02:00,12.21,12.21,12.21,1,1.0
2024-01-01 03:00,12.54,12.54,12.54,1,1.0
2024-01-01 04:00,12.48,12.48,12.48,1,1.0
2024-01-01 05:00,12.26,12.26,12.26,1,1.0
2024-01-01 06:00,12.38,12.38,12.38,1,1.0
2024-01-01 07:00,12.55,12.55,12.55,1,1.0
2024-01-01 08:00,12.63,12.63,12.63,1,1.0
2024-01-01 09:00,13.11,13.11,13.11,1,1.0
2024-01-01 10:00,13.69,13.69,13.69,1,1.0
2024-01-01 11:00,13.56,13.56,13.56,1,1.0
2024-01-01 12:00,13.15,13.15,13.15,1,1.0
2024-01-01 13:00,12.99,12.99,12.99,1,1.0
2024-01-01 14:00,12.85,12.85,12.85,1,1.0
2024-01-01 15:00,12.5,12.5,12.5,1,1.0
2024-01-01 16:00,12.16,12.16,12.16,1,1.0
2024-01-01 17:00,11.82,11.82,11.82,1,1.0
2024-01-01 18:00,11.62,11.62,11.62,1,1.0
2024-01-01 19:00,11.54,11.54,11.54,1,1.0
2024-01-01 20:00,11.19,11.19,11.19,1,1.0
2024-01-01 21:00,11.37,11.37,11.37,1,1.0
2024-01-01 22:00,11.4,11.4,11.4,1,1.0
2024-01-01 23:00,11.75,11.75,11.75,1,1.0
2024-01-02 00:00,11.62,11.62,11.62,1,1.0
2024-01-02 01:00,11.62,11.62,11.62,1,1.0
2024-01-02 02:00,11.31,11.31,11.31,1,1.0
2024-01-02 03:00,11.1,11.1,11.1,1,1.0
2024-01-02 04:00,10.74,10.74,10.74,1,1.0
2024-01-02 05:00,10.41,10.41,10.41,1,1.0
2024-01-02 06:00,10.07,10.07,10.07,1,1.0
2024-01-02 07:00,10.53,10.53,10.53,1,1.0
2024-01-02 08:00,9.97,9.97,9.97,1,1.0
2024-01-02 09:00,11.13,11.13,11.13,1,1.0
2024-01-02 10:00,12.82,12.82,12.82,1,1.0
2024-01-02 11:00,13.39,13.39,13.39,1,1.0
2024-01-02 12:00,13.72,13.72,13.72,1,1.0
2024-01-02 13:00,13.71,13.71,13.71,1,1.0
2024-01-02 14:00,13.6,13.6,13.6,1,1.0
2024-01-02 15:00,13.48,13.48,13.48,1,1.0
2024-01-02 16:00,13.03,13.03,13.03,1,1.0
2024-01-02 17:00,12.46,12.46,12.46,1,1.0
2024-01-02 18:00,12.05,12.05,12.05,1,1.0
2024-01-02 19:00,11.8,11.8,11.8,1,1.0
2024-01-02 20:00,11.8,11.8,11.8,1,1.0
2024-01-02 21:00,11.59,11.59,11.59,1,1.0
2024-01-02 22:00,11.48,11.48,11.48,1,1.0
2024-01-02 23:00,11.51,11.51,11.51,1,1.0
2024-01-03 00:00,11.62,11.62,11.62,1,1.0
2024-01-03 01:00,11.77,11.77,11.77,1,1.0
2024-01-03 02:00,11.89,11.89,11.89,1,1.0
2024-01-03 03:00,11.96,11.96,11.96,1,1.0
2024-01-03 04:00,12.19,12.19,12.19,1,1.0
2024-01-03 05:00,12.31,12.31,12.31,1,1.0
2024-01-03 06:00,12.41,12.41,12.41,1,1.0
2024-01-03 07:00,12.46,12.46,12.46,1,1.0
2024-01-03 08:00,12.42,12.42,12.42,1,1.0
2024-01-03 09:00,13.04,13.04,13.04,1,1.0
2024-01-03 10:00,13.48,13.48,13.48,1,1.0
2024-01-03 11:00,14.0,14.0,14.0,1,1.0
2024-01-03 12:00,14.25,14.25,14.25,1,1.0
2024-01-03 13:00,14.42,14.42,14.42,1,1.0
2024-01-03 14:00,14.16,14.16,14.16,1,1.0
2024-01-03 15:00,14.2,14.2,14.2,1,1.0
2024-01-03 16:00,14.01,14.01,14.01,1,1.0
2024-01-03 17:00,13.57,13.57,13.57,1,1.0
2024-01-03 18:00,13.25,13.25,13.25,1,1.0
2024-01-03 19:00,12.89,12.89,12.89,1,1.0
2024-01-03 20:00,12.68,12.68,12.68,1,1.0
2024-01-03 21:00,12.65,12.65,12.65,1,1.0
2024-01-03 22:00,12.63,12.63,12.63,1,1.0
2024-01-03 23:00,12.76,12.76,12.76,1,1.0
2024-01-04 00:00,12.86,12.86,12.86,1,1.0
2024-01-04 01:00,12.73,12.73,12.73,1,1.0
2024-01-04 02:00,12.55,12.55,12.55,1,1.0
2024-01-04 03:00,12.45,12.45,12.45,1,1.0
2024-01-04 04:00,12.38,12.38,12.38,1,1.0
2024-01-04 05:00,12.49,12.49,12.49,1,1.0
2024-01-04 06:00,12.24,12.24,12.24,1,1.0
2024-01-04 07:00,12.74,12.74,12.74,1,1.0
2024-01-04 08:00,13.19,13.19,13.19,1,1.0
2024-01-04 09:00,13.7,13.7,13.7,1,1.0
2024-01-04 10:00,13.93,13.93,13.93,1,1.0
2024-01-04 11:00,14.58,14.58,14.58,1,1.0
2024-01-04 12:00,14.92,14.92,14.92,1,1.0
2024-01-04 13:00,15.19,15.19,15.19,1,1.0
2024-01-04 14:00,15.11,15.11,15.11,1,1.0
2024-01-04 15:00,14.78,14.78,14.78,1,1.0
2024-01-04 16:00,14.26,14.26,14.26,1,1.0
2024-01-04 17:00,13.49,13.49,13.49,1,1.0
2024-01-04 18:00,12.89,12.89,12.89,1,1.0
2024-01-04 19:00,12.54,12.54,12.54,1,1.0
2024-01-04 20:00,12.71,12.71,12.71,1,1.0
2024-01-04 21:00,12.67,12.67,12.67,1,1.0
2024-01-04 22:00,12.55,12.55,12.55,1,1.0
2024-01-04 23:00,12.57,12.57,12.57,1,1.0
2024-01-05 00:00,12.49,12.49,12.49,1,1.0
2024-01-05 01:00,12.36,12.36,12.36,1,1.0
2024-01-05 02:00,12.18,12.18,12.18,1,1.0
2024-01-05 03:00,11.88,11.88,11.88,1,1.0
2024-01-05 04:00,11.52,11.52,11.52,1,1.0
2024-01-05 05:00,11.4,11.4,11.4,1,1.0
2024-01-05 06:00,11.35,11.35,11.35,1,1.0
2024-01-05 07:00,11.42,11.42,11.42,1,1.0
2024-01-05 08:00,11.49,11.49,11.49,1,1.0
2024-01-05 09:00,12.14,12.14,12.14,1,1.0
2024-01-05 10:00,12.95,12.95,12.95,1,1.0
2024-01-05 11:00,13.56,13.56,13.56,1,1.0
2024-01-05 12:00,14.06,14.06,14.06,1,1.0
2024-01-05 13:00,14.65,14.65,14.65,1,1.0
2024-01-05 14:00,14.96,14.96,14.96,1,1.0
2024-01-05 15:00,15.09,15.09,15.09,1,1.0
2024-01-05 16:00,14.81,14.81,14.81,1,1.0
2024-01-05 17:00,14.3,14.3,14.3,1,1.0
2024-01-05 18:00,13.94,13.94,13.94,1,1.0
2024-01-05 19:00,13.78,13.78,13.78,1,1.0
2024-01-05 20:00,13.65,13.65,13.65,1,1.0
2024-01-05 21:00,13.53,13.53,13.53,1,1.0
2024-01-05 22:00,13.37,13.37,13.37,1,1.0
2024-01-05 23:00,13.2,13.2,13.2,1,1.0
2024-01-06 00:00,13.0,13.0,13.0,1,1.0
2024-01-06 01:00,12.8,12.8,12.8,1,1.0
2024-01-06 02:00,12.72,12.72,12.72,1,1.0
2024-01-06 03:00,12.58,12.58,12.58,1,1.0
2024-01-06 04:00,12.45,12.45,12.45,1,1.0
2024-01-06 05:00,12.49,12.49,12.49,1,1.0
2024-01-06 06:00,12.51,12.51,12.51,1,1.0
2024-01-06 07:00,12.47,12.47,12.47,1,1.0
2024-01-06 08:00,12.59,12.59,12.59,1,1.0
2024-01-06 09:00,12.81,12.81,12.81,1,1.0
2024-01-06 10:00,13.45,13.45,13.45,1,1.0
2024-01-06 11:00,14.45,14.45,14.45,1,1.0
2024-01-06 12:00,15.25,15.25,15.25,1,1.0
2024-01-06 13:00,14.69,14.69,14.69,1,1.0
2024-01-06 14:00,14.01,14.01,14.01,1,1.0
2024-01-06 15:00,13.67,13.67,13.67,1,1.0
2024-01-06 16:00,12.99,12.99,12.99,1,1.0
2024-01-06 17:00,11.9,11.9,11.9,1,1.0
2024-01-06 18:00,11.36,11.36,11.36,1,1.0
2024-01-06 19:00,10.96,10.96,10.96,1,1.0
2024-01-06 20:00,10.96,10.96,10.96,1,1.0
2024-01-06 21:00,10.78,10.78,10.78,1,1.0
2024-01-06 22:00,10.69,10.69,10.69,1,1.0
2024-01-06 23:00,10.42,10.42,10.42,1,1.0
2024-01-07 00:00,10.07,10.07,10.07,1,1.0
2024-01-07 01:00,10.18,10.18,10.18,1,1.0
2024-01-07 02:00,10.14,10.14,10.14,1,1.0
2024-01-07 03:00,10.24,10.24,10.24,1,1.0
2024-01-07 04:00,10.19,10.19,10.19,1,1.0
2024-01-07 05:00,10.31,10.31,10.31,1,1.0
2024-01-07 06:00,10.24,10.24,10.24,1,1.0
2024-01-07 07:00,10.11,10.11,10.11,1,1.0
2024-01-07 08:00,10.14,10.14,10.14,1,1.0
2024-01-07 09:00,10.25,10.25,10.25,1,1.0
2024-01-07 10:00,10.37,10.37,10.37,1,1.0
2024-01-07 11:00,10.11,10.11,10.11,1,1.0
2024-01-07 12:00,9.66,9.66,9.66,1,1.0
2024-01-07 13:00,9.54,9.54,9.54,1,1.0
2024-01-07 14:00,9.56,9.56,9.56,1,1.0
2024-01-07 15:00,9.61,9.61,9.61,1,1.0
2024-01-07 16:00,9.63,9.63,9.63,1,1.0
2024-01-07 17:00,9.71,9.71,9.71,1,1.0
2024-01-07 18:00,9.76,9.76,9.76,1,1.0
2024-01-07 19:00,9.66,9.66,9.66,1,1.0
2024-01-07 20:00,9.09,9.09,9.09,1,1.0
2024-01-07 21:00,8.95,8.95,8.95,1,1.0
2024-01-07 22:00,8.74,8.74,8.74,1,1.0
2024-01-07 23:00,8.75,8.75,8.75,1,1.0
2024-01-08 00:00,8.61,8.61,8.61,1,1.0
2024-01-08 01:00,8.6,8.6,8.6,1,1.0
2024-01-08 02:00,8.53,8.53,8.53,1,1.0
2024-01-08 03:00,8.52,8.52,8.52,1,1.0
2024-01-08 04:00,8.45,8.45,8.45,1,1.0
2024-01-08 05:00,8.44,8.44,8.44,1,1.0
2024-01-08 06:00,8.39,8.39,8.39,1,1.0
2024-01-08 07:00,8.51,8.51,8.51,1,1.0
2024-01-08 08:00,8.31,8.31,8.31,1,1.0
2024-01-08 09:00,8.16,8.16,8.16,1,1.0
2024-01-08 10:00,8.52,8.52,8.52,1,1.0
2024-01-08 11:00,9.04,9.04,9.04,1,1.0
2024-01-08 12:00,9.37,9.37,9.37,1,1.0
2024-01-08 13:00,9.73,9.73,9.73,1,1.0
2024-01-08 14:00,10.04,10.04,10.04,1,1.0
2024-01-08 15:00,10.24,10.24,10.24,1,1.0
2024-01-08 16:00,10.34,10.34,10.34,1,1.0
2024-01-08 17:00,10.17,10.17,10.17,1,1.0
2024-01-08 18:00,10.0,10.0,10.0,1,1.0
2024-01-08 19:00,9.89,9.89,9.89,1,1.0
2024-01-08 20:00,9.96,9.96,9.96,1,1.0
2024-01-08 21:00,9.65,9.65,9.65,1,1.0
2024-01-08 22:00,9.51,9.51,9.51,1,1.0
2024-01-08 23:00,9.33,9.33,9.33,1,1.0
2024-01-09 00:00,9.13,9.13,9.13,1,1.0
2024-01-09 01:00,8.92,8.92,8.92,1,1.0
2024-01-09 02:00,8.56,8.56,8.56,1,1.0
2024-01-09 03:00,8.44,8.44,8.44,1,1.0
2024-01-09 04:00,8.23,8.23,8.23,1,1.0
2024-01-09 05:00,7.94,7.94,7.94,1,1.0
2024-01-09 06:00,7.66,7.66,7.66,1,1.0
2024-01-09 07:00,7.46,7.46,7.46,1,1.0
2024-01-09 08:00,7.7,7.7,7.7,1,1.0
2024-01-09 09:00,7.92,7.92,7.92,1,1.0
2024-01-09 10:00,8.38,8.38,8.38,1,1.0
2024-01-09 11:00,9.12,9.12,9.12,1,1.0
2024-01-09 12:00,9.54,9.54,9.54,1,1.0
2024-01-09 13:00,9.89,9.89,9.89,1,1.0
2024-01-09 14:00,9.91,9.91,9.91,1,1.0
2024-01-09 15:00,9.73,9.73,9.73,1,1.0
2024-01-09 16:00,9.36,9.36,9.36,1,1.0
2024-01-09 17:00,8.78,8.78,8.78,1,1.0
2024-01-09 18:00,8.25,8.25,8.25,1,1.0
2024-01-09 19:00,7.82,7.82,7.82,1,1.0
2024-01-09 20:00,7.74,7.74,7.74,1,1.0
2024-01-09 21:00,7.35,7.35,7.35,1,1.0
2024-01-09 22:00,7.02,7.02,7.02,1,1.0
2024-01-09 23:00,6.76,6.76,6.76,1,1.0
2024-01-10 00:00,6.45,6.45,6.45,1,1.0
2024-01-10 01:00,6.22,6.22,6.22,1,1.0
2024-01-10 02:00,6.16,6.16,6.16,1,1.0
2024-01-10 03:00,6.02,6.02,6.02,1,1.0
2024-01-10 04:00,5.93,5.93,5.93,1,1.0
2024-01-10 05:00,5.86,5.86,5.86,1,1.0
2024-01-10 06:00,5.79,5.79,5.79,1,1.0
2024-01-10 07:00,5.62,5.62,5.62,1,1.0
2024-01-10 08:00,6.84,6.84,6.84,1,1.0
2024-01-10 09:00,7.41,7.41,7.41,1,1.0
2024-01-10 10:00,8.56,8.56,8.56,1,1.0
2024-01-10 11:00,9.67,9.67,9.67,1,1.0
2024-01-10 12:00,10.57,10.57,10.57,1,1.0
2024-01-10 13:00,11.21,11.21,11.21,1,1.0
2024-01-10 14:00,11.6,11.6,11.6,1,1.0
2024-01-10 15:00,11.64,11.64,11.64,1,1.0
2024-01-10 16:00,11.52,11.52,11.52,1,1.0
2024-01-10 17:00,11.05,11.05,11.05,1,1.0
2024-01-10 18:00,10.6,10.6,10.6,1,1.0
2024-01-10 19:00,10.12,10.12,10.12,1,1.0
2024-01-10 20:00,9.77,9.77,9.77,1,1.0
2024-01-10 21:00,9.38,9.38,9.38,1,1.0
2024-01-10 22:00,9.07,9.07,9.07,1,1.0
2024-01-10 23:00,8.92,8.92,8.92,1,1.0
2024-01-11 00:00,8.83,8.83,8.83,1,1.0
2024-01-11 01:00,8.79,8.79,8.79,1,1.0
2024-01-11 02:00,8.7,8.7,8.7,1,1.0
2024-01-11 03:00,8.68,8.68,8.68,1,1.0
2024-01-11 04:00,8.6,8.6,8.6,1,1.0
2024-01-11 05:00,8.57,8.57,8.57,1,1.0
2024-01-11 06:00,8.55,8.55,8.55,1,1.0
2024-01-11 07:00,8.49,8.49,8.49,1,1.0
2024-01-11 08:00,8.44,8.44,8.44,1,1.0
2024-01-11 09:00,8.59,8.59,8.59,1,1.0
2024-01-11 10:00,8.99,8.99,8.99,1,1.0
2024-01-11 11:00,9.57,9.57,9.57,1,1.0
2024-01-11 12:00,10.15,10.15,10.15,1,1.0
2024-01-11 13:00,10.48,10.48,10.48,1,1.0
2024-01-11 14:00,10.62,10.62,10.62,1,1.0
2024-01-11 15:00,10.6,10.6,10.6,1,1.0
2024-01-11 16:00,10.21,10.21,10.21,1,1.0
2024-01-11 17:00,9.84,9.84,9.84,1,1.0
2024-01-11 18:00,9.59,9.59,9.59,1,1.0
2024-01-11 19:00,9.43,9.43,9.43,1,1.0
2024-01-11 20:00,8.67,8.67,8.67,1,1.0
2024-01-11 21:00,8.58,8.58,8.58,1,1.0
2024-01-11 22:00,8.52,8.52,8.52,1,1.0
2024-01-11 23:00,8.42,8.42,8.42,1,1.0
2024-01-12 00:00,8.25,8.25,8.25,1,1.0
2024-01-12 01:00,8.08,8.08,8.08,1,1.0
2024-01-12 02:00,7.83,7.83,7.83,1,1.0
2024-01-12 03:00,7.59,7.59,7.59,1,1.0
2024-01-12 04:00,7.4,7.4,7.4,1,1.0
2024-01-12 05:00,7.22,7.22,7.22,1,1.0
2024-01-12 06:00,7.04,7.04,7.04,1,1.0
2024-01-12 07:00,6.9,6.9,6.9,1,1.0
2024-01-12 08:00,7.17,7.17,7.17,1,1.0
2024-01-12 09:00,7.44,7.44,7.44,1,1.0
2024-01-12 10:00,8.08,8.08,8.08,1,1.0
2024-01-12 11:00,8.78,8.78,8.78,1,1.0
2024-01-12 12:00,9.25,9.25,9.25,1,1.0
2024-01-12 13:00,9.25,9.25,9.25,1,1.0
2024-01-12 14:00,9.3,9.3,9.3,1,1.0
2024-01-12 15:00,9.17,9.17,9.17,1,1.0
2024-01-12 16:00,8.67,8.67,8.67,1,1.0
2024-01-12 17:00,7.89,7.89,7.89,1,1.0
2024-01-12 18:00,7.2,7.2,7.2,1,1.0
2024-01-12 19:00,6.66,6.66,6.66,1,1.0
2024-01-12 20:00,7.18,7.18,7.18,1,1.0
2024-01-12 21:00,6.9,6.9,6.9,1,1.0
2024-01-12 22:00,6.54,6.54,6.54,1,1.0
2024-01-12 23:00,6.27,6.27,6.27,1,1.0
2024-01-13 00:00,5.98,5.98,5.98,1,1.0
2024-01-13 01:00,5.71,5.71,5.71,1,1.0
2024-01-13 02:00,5.42,5.42,5.42,1,1.0
2024-01-13 03:00,5.21,5.21,5.21,1,1.0
2024-01-13 04:00,5.1,5.1,5.1,1,1.0
2024-01-13 05:00,5.0,5.0,5.0,1,1.0
2024-01-13 06:00,5.02,5.02,5.02,1,1.0
2024-01-13 07:00,4.98,4.98,4.98,1,1.0
2024-01-13 08:00,5.23,5.23,5.23,1,1.0
2024-01-13 09:00,5.84,5.84,5.84,1,1.0
2024-01-13 10:00,6.9,6.9,6.9,1,1.0
2024-01-13 11:00,7.71,7.71,7.71,1,1.0
2024-01-13 12:00,8.47,8.47,8.47,1,1.0
2024-01-13 13:00,9.07,9.07,9.07,1,1.0
2024-01-13 14:00,9.39,9.39,9.39,1,1.0
2024-01-13 15:00,9.52,9.52,9.52,1,1.0
2024-01-13 16:00,9.3,9.3,9.3,1,1.0
2024-01-13 17:00,8.6,8.6,8.6,1,1.0
2024-01-13 18:00,7.7,7.7,7.7,1,1.0
2024-01-13 19:00,6.87,6.87,6.87,1,1.0
2024-01-13 20:00,6.26,6.26,6.26,1,1.0
2024-01-13 21:00,6.32,6.32,6.32,1,1.0
2024-01-13 22:00,7.32,7.32,7.32,1,1.0
2024-01-13 23:00,7.65,7.65,7.65,1,1.0
2024-01-14 00:00,7.12,7.12,7.12,1,1.0
2024-01-14 01:00,5.98,5.98,5.98,1,1.0
2024-01-14 02:00,6.38,6.38,6.38,1,1.0
2024-01-14 03:00,6.94,6.94,6.94,1,1.0
2024-01-14 04:00,5.73,5.73,5.73,1,1.0
2024-01-14 05:00,5.93,5.93,5.93,1,1.0
2024-01-14 06:00,6.42,6.42,6.42,1,1.0
2024-01-14 07:00,6.75,6.75,6.75,1,1.0
2024-01-14 08:00,8.16,8.16,8.16,1,1.0
2024-01-14 09:00,8.41,8.41,8.41,1,1.0
2024-01-14 10:00,9.34,9.34,9.34,1,1.0
2024-01-14 11:00,10.15,10.15,10.15,1,1.0
2024-01-14 12:00,10.56,10.56,10.56,1,1.0
2024-01-14 13:00,10.75,10.75,10.75,1,1.0
2024-01-14 14:00,10.5,10.5,10.5,1,1.0
2024-01-14 15:00,10.45,10.45,10.45,1,1.0
2024-01-14 16:00,10.1,10.1,10.1,1,1.0
2024-01-14 17:00,9.86,9.86,9.86,1,1.0
2024-01-14 18:00,10.03,10.03,10.03,1,1.0
2024-01-14 19:00,10.28,10.28,10.28,1,1.0
2024-01-14 20:00,10.47,10.47,10.47,1,1.0
2024-01-14 21:00,10.61,10.61,10.61,1,1.0
2024-01-14 22:00,10.74,10.74,10.74,1,1.0
2024-01-14 23:00,10.92,10.92,10.92,1,1.0
2024-01-15 00:00,10.87,10.87,10.87,1,1.0
2024-01-15 01:00,10.51,10.51,10.51,1,1.0
2024-01-15 02:00,10.11,10.11,10.11,1,1.0
2024-01-15 03:00,9.98,9.98,9.98,1,1.0
2024-01-15 04:00,10.27,10.27,10.27,1,1.0
2024-01-15 05:00,10.6,10.6,10.6,1,1.0
2024-01-15 06:00,10.67,10.67,10.67,1,1.0
2024-01-15 07:00,10.94,10.94,10.94,1,1.0
2024-01-15 08:00,11.41,11.41,11.41,1,1.0
2024-01-15 09:00,11.62,11.62,11.62,1,1.0
2024-01-15 10:00,11.89,11.89,11.89,1,1.0
2024-01-15 11:00,12.77,12.77,12.77,1,1.0
2024-01-15 12:00,13.22,13.22,13.22,1,1.0
2024-01-15 13:00,13.1,13.1,13.1,1,1.0
2024-01-15 14:00,13.14,13.14,13.14,1,1.0
2024-01-15 15:00,12.97,12.97,12.97,1,1.0
2024-01-15 16:00,12.65,12.65,12.65,1,1.0
2024-01-15 17:00,12.36,12.36,12.36,1,1.0
2024-01-15 18:00,12.02,12.02,12.02,1,1.0
2024-01-15 19:00,12.03,12.03,12.03,1,1.0
2024-01-15 20:00,12.07,12.07,12.07,1,1.0
2024-01-15 21:00,12.05,12.05,12.05,1,1.0
2024-01-15 22:00,12.12,12.12,12.12,1,1.0
2024-01-15 23:00,11.95,11.95,11.95,1,1.0
2024-01-16 00:00,12.0,12.0,12.0,1,1.0
2024-01-16 01:00,12.09,12.09,12.09,1,1.0
2024-01-16 02:00,11.95,11.95,11.95,1,1.0
2024-01-16 03:00,11.9,11.9,11.9,1,1.0
2024-01-16 04:00,11.74,11.74,11.74,1,1.0
2024-01-16 05:00,11.67,11.67,11.67,1,1.0
2024-01-16 06:00,11.38,11.38,11.38,1,1.0
2024-01-16 07:00,10.96,10.96,10.96,1,1.0
2024-01-16 08:00,10.73,10.73,10.73,1,1.0
2024-01-16 09:00,11.78,11.78,11.78,1,1.0
2024-01-16 10:00,12.44,12.44,12.44,1,1.0
2024-01-16 11:00,12.96,12.96,12.96,1,1.0
2024-01-16 12:00,13.07,13.07,13.07,1,1.0
2024-01-16 13:00,12.99,12.99,12.99,1,1.0
2024-01-16 14:00,13.09,13.09,13.09,1,1.0
2024-01-16 15:00,12.87,12.87,12.87,1,1.0
2024-01-16 16:00,12.7,12.7,12.7,1,1.0
2024-01-16 17:00,12.38,12.38,12.38,1,1.0
2024-01-16 18:00,12.28,12.28,12.28,1,1.0
2024-01-16 19:00,12.33,12.33,12.33,1,1.0
2024-01-16 20:00,12.23,12.23,12.23,1,1.0
2024-01-16 21:00,12.14,12.14,12.14,1,1.0
2024-01-16 22:00,12.17,12.17,12.17,1,1.0
2024-01-16 23:00,12.26,12.26,12.26,1,1.0
2024-01-17 00:00,12.29,12.29,12.29,1,1.0
2024-01-17 01:00,12.05,12.05,12.05,1,1.0
2024-01-17 02:00,11.97,11.97,11.97,1,1.0
2024-01-17 03:00,12.14,12.14,12.14,1,1.0
2024-01-17 04:00,12.17,12.17,12.17,1,1.0
2024-01-17 05:00,12.11,12.11,12.11,1,1.0
2024-01-17 06:00,12.1,12.1,12.1,1,1.0
2024-01-17 07:00,12.13,12.13,12.13,1,1.0
2024-01-17 08:00,12.6,12.6,12.6,1,1.0
2024-01-17 09:00,12.94,12.94,12.94,1,1.0
2024-01-17 10:00,13.34,13.34,13.34,1,1.0
2024-01-17 11:00,13.92,13.92,13.92,1,1.0
2024-01-17 12:00,14.11,14.11,14.11,1,1.0
2024-01-17 13:00,14.32,14.32,14.32,1,1.0
2024-01-17 14:00,14.19,14.19,14.19,1,1.0
2024-01-17 15:00,14.05,14.05,14.05,1,1.0
2024-01-17 16:00,13.87,13.87,13.87,1,1.0
2024-01-17 17:00,13.59,13.59,13.59,1,1.0
2024-01-17 18:00,13.28,13.28,13.28,1,1.0
2024-01-17 19:00,13.18,13.18,13.18,1,1.0
2024-01-17 20:00,12.84,12.84,12.84,1,1.0
2024-01-17 21:00,12.79,12.79,12.79,1,1.0
2024-01-17 22:00,12.86,12.86,12.86,1,1.0
2024-01-17 23:00,12.85,12.85,12.85,1,1.0
2024-01-18 00:00,13.09,13.09,13.09,1,1.0
2024-01-18 01:00,13.25,13.25,13.25,1,1.0
2024-01-18 02:00,13.19,13.19,13.19,1,1.0
2024-01-18 03:00,13.39,13.39,13.39,1,1.0
2024-01-18 04:00,13.41,13.41,13.41,1,1.0
2024-01-18 05:00,13.57,13.57,13.57,1,1.0
2024-01-18 06:00,13.83,13.83,13.83,1,1.0
2024-01-18 07:00,13.68,13.68,13.68,1,1.0
2024-01-18 08:00,13.97,13.97,13.97,1,1.0
2024-01-18 09:00,14.21,14.21,14.21,1,1.0
2024-01-18 10:00,14.04,14.04,14.04,1,1.0
2024-01-18 11:00,14.25,14.25,14.25,1,1.0
2024-01-18 12:00,14.47,14.47,14.47,1,1.0
2024-01-18 13:00,14.8,14.8,14.8,1,1.0
2024-01-18 14:00,15.07,15.07,15.07,1,1.0
2024-01-18 15:00,14.8,14.8,14.8,1,1.0
2024-01-18 16:00,14.46,14.46,14.46,1,1.0
2024-01-18 17:00,14.16,14.16,14.16,1,1.0
2024-01-18 18:00,14.04,14.04,14.04,1,1.0
2024-01-18 19:00,13.98,13.98,13.98,1,1.0
2024-01-18 20:00,14.0,14.0,14.0,1,1.0
2024-01-18 21:00,13.93,13.93,13.93,1,1.0
2024-01-18 22:00,13.86,13.86,13.86,1,1.0
2024-01-18 23:00,13.82,13.82,13.82,1,1.0
2024-01-19 00:00,13.65,13.65,13.65,1,1.0
2024-01-19 01:00,13.51,13.51,13.51,1,1.0
2024-01-19 02:00,13.34,13.34,13.34,1,1.0
2024-01-19 03:00,13.2,13.2,13.2,1,1.0
2024-01-19 04:00,13.14,13.14,13.14,1,1.0
2024-01-19 05:00,13.17,13.17,13.17,1,1.0
2024-01-19 06:00,13.21,13.21,13.21,1,1.0
2024-01-19 07:00,13.25,13.25,13.25,1,1.0
2024-01-19 08:00,12.69,12.69,12.69,1,1.0
2024-01-19 09:00,13.68,13.68,13.68,1,1.0
2024-01-19 10:00,14.24,14.24,14.24,1,1.0
2024-01-19 11:00,14.52,14.52,14.52,1,1.0
2024-01-19 12:00,14.74,14.74,14.74,1,1.0
2024-01-19 13:00,14.92,14.92,14.92,1,1.0
2024-01-19 14:00,14.89,14.89,14.89,1,1.0
2024-01-19 15:00,14.97,14.97,14.97,1,1.0
2024-01-19 16:00,14.41,14.41,14.41,1,1.0
2024-01-19 17:00,13.84,13.84,13.84,1,1.0
2024-01-19 18:00,13.45,13.45,13.45,1,1.0
2024-01-19 19:00,12.93,12.93,12.93,1,1.0
2024-01-19 20:00,13.31,13.31,13.31,1,1.0
2024-01-19 21:00,13.3,13.3,13.3,1,1.0
2024-01-19 22:00,13.18,13.18,13.18,1,1.0
2024-01-19 23:00,13.08,13.08,13.08,1,1.0
2024-01-20 00:00,13.01,13.01,13.01,1,1.0
2024-01-20 01:00,12.66,12.66,12.66,1,1.0
2024-01-20 02:00,12.17,12.17,12.17,1,1.0
2024-01-20 03:00,12.02,12.02,12.02,1,1.0
2024-01-20 04:00,10.8,10.8,10.8,1,1.0
2024-01-20 05:00,8.34,8.34,8.34,1,1.0
2024-01-20 06:00,6.33,6.33,6.33,1,1.0
2024-01-20 07:00,5.32,5.32,5.32,1,1.0
2024-01-20 08:00,5.16,5.16,5.16,1,1.0
2024-01-20 09:00,4.79,4.79,4.79,1,1.0
2024-01-20 10:00,4.67,4.67,4.67,1,1.0
2024-01-20 11:00,4.75,4.75,4.75,1,1.0
2024-01-20 12:00,5.07,5.07,5.07,1,1.0
2024-01-20 13:00,5.13,5.13,5.13,1,1.0
2024-01-20 14:00,5.27,5.27,5.27,1,1.0
2024-01-20 15:00,5.62,5.62,5.62,1,1.0
2024-01-20 16:00,5.65,5.65,5.65,1,1.0
2024-01-20 17:00,5.47,5.47,5.47,1,1.0
2024-01-20 18:00,5.29,5.29,5.29,1,1.0
2024-01-20 19:00,5.04,5.04,5.04,1,1.0
2024-01-20 20:00,5.04,5.04,5.04,1,1.0
2024-01-20 21:00,4.87,4.87,4.87,1,1.0
2024-01-20 22:00,4.75,4.75,4.75,1,1.0
2024-01-20 23:00,4.61,4.61,4.61,1,1.0
2024-01-21 00:00,4.46,4.46,4.46,1,1.0
2024-01-21 01:00,4.25,4.25,4.25,1,1.0
2024-01-21 02:00,4.26,4.26,4.26,1,1.0
2024-01-21 03:00,4.19,4.19,4.19,1,1.0
2024-01-21 04:00,4.09,4.09,4.09,1,1.0
2024-01-21 05:00,4.03,4.03,4.03,1,1.0
2024-01-21 06:00,3.95,3.95,3.95,1,1.0
2024-01-21 07:00,3.99,3.99,3.99,1,1.0
2024-01-21 08:00,4.74,4.74,4.74,1,1.0
2024-01-21 09:00,5.32,5.32,5.32,1,1.0
2024-01-21 10:00,6.22,6.22,6.22,1,1.0
2024-01-21 11:00,7.24,7.24,7.24,1,1.0
2024-01-21 12:00,8.09,8.09,8.09,1,1.0
2024-01-21 13:00,8.74,8.74,8.74,1,1.0
2024-01-21 14:00,9.08,9.08,9.08,1,1.0
2024-01-21 15:00,9.1,9.1,9.1,1,1.0
2024-01-21 16:00,8.74,8.74,8.74,1,1.0
2024-01-21 17:00,8.0,8.0,8.0,1,1.0
2024-01-21 18:00,7.33,7.33,7.33,1,1.0
2024-01-21 19:00,6.75,6.75,6.75,1,1.0
2024-01-21 20:00,6.59,6.59,6.59,1,1.0
2024-01-21 21:00,6.32,6.32,6.32,1,1.0
2024-01-21 22:00,6.0,6.0,6.0,1,1.0
2024-01-21 23:00,5.64,5.64,5.64,1,1.0
2024-01-22 00:00,5.26,5.26,5.26,1,1.0
2024-01-22 01:00,4.87,4.87,4.87,1,1.0
2024-01-22 02:00,4.42,4.42,4.42,1,1.0
2024-01-22 03:00,4.15,4.15,4.15,1,1.0
2024-01-22 04:00,3.98,3.98,3.98,1,1.0
2024-01-22 05:00,3.89,3.89,3.89,1,1.0
2024-01-22 06:00,3.86,3.86,3.86,1,1.0
2024-01-22 07:00,3.85,3.85,3.85,1,1.0
2024-01-22 08:00,4.25,4.25,4.25,1,1.0
2024-01-22 09:00,5.51,5.51,5.51,1,1.0
2024-01-22 10:00,7.36,7.36,7.36,1,1.0
2024-01-22 11:00,8.78,8.78,8.78,1,1.0
2024-01-22 12:00,9.81,9.81,9.81,1,1.0
2024-01-22 13:00,10.5,10.5,10.5,1,1.0
2024-01-22 14:00,10.9,10.9,10.9,1,1.0
2024-01-22 15:00,10.91,10.91,10.91,1,1.0
2024-01-22 16:00,10.48,10.48,10.48,1,1.0
2024-01-22 17:00,9.64,9.64,9.64,1,1.0
2024-01-22 18:00,8.65,8.65,8.65,1,1.0
2024-01-22 19:00,7.18,7.18,7.18,1,1.0
2024-01-22 20:00,6.24,6.24,6.24,1,1.0
2024-01-22 21:00,6.01,6.01,6.01,1,1.0
2024-01-22 22:00,6.54,6.54,6.54,1,1.0
2024-01-22 23:00,6.04,6.04,6.04,1,1.0
2024-01-23 00:00,4.65,4.65,4.65,1,1.0
2024-01-23 01:00,5.07,5.07,5.07,1,1.0
2024-01-23 02:00,5.63,5.63,5.63,1,1.0
2024-01-23 03:00,7.02,7.02,7.02,1,1.0
2024-01-23 04:00,7.77,7.77,7.77,1,1.0
2024-01-23 05:00,8.19,8.19,8.19,1,1.0
2024-01-23 06:00,7.94,7.94,7.94,1,1.0
2024-01-23 07:00,8.23,8.23,8.23,1,1.0
2024-01-23 08:00,7.98,7.98,7.98,1,1.0
2024-01-23 09:00,8.08,8.08,8.08,1,1.0
2024-01-23 10:00,8.91,8.91,8.91,1,1.0
2024-01-23 11:00,9.31,9.31,9.31,1,1.0
2024-01-23 12:00,9.91,9.91,9.91,1,1.0
2024-01-23 13:00,9.6,9.6,9.6,1,1.0
2024-01-23 14:00,9.97,9.97,9.97,1,1.0
2024-01-23 15:00,10.2,10.2,10.2,1,1.0
2024-01-23 16:00,10.51,10.51,10.51,1,1.0
2024-01-23 17:00,10.09,10.09,10.09,1,1.0
2024-01-23 18:00,9.63,9.63,9.63,1,1.0
2024-01-23 19:00,9.16,9.16,9.16,1,1.0
2024-01-23 20:00,9.39,9.39,9.39,1,1.0
2024-01-23 21:00,9.29,9.29,9.29,1,1.0
2024-01-23 22:00,9.07,9.07,9.07,1,1.0
2024-01-23 23:00,8.71,8.71,8.71,1,1.0
2024-01-24 00:00,8.45,8.45,8.45,1,1.0
2024-01-24 01:00,8.23,8.23,8.23,1,1.0
2024-01-24 02:00,7.92,7.92,7.92,1,1.0
2024-01-24 03:00,7.69,7.69,7.69,1,1.0
2024-01-24 04:00,7.44,7.44,7.44,1,1.0
2024-01-24 05:00,7.16,7.16,7.16,1,1.0
2024-01-24 06:00,6.54,6.54,6.54,1,1.0
2024-01-24 07:00,6.18,6.18,6.18,1,1.0
2024-01-24 08:00,7.1,7.1,7.1,1,1.0
2024-01-24 09:00,8.3,8.3,8.3,1,1.0
2024-01-24 10:00,9.83,9.83,9.83,1,1.0
2024-01-24 11:00,11.09,11.09,11.09,1,1.0
2024-01-24 12:00,12.1,12.1,12.1,1,1.0
2024-01-24 13:00,12.69,12.69,12.69,1,1.0
2024-01-24 14:00,12.79,12.79,12.79,1,1.0
2024-01-24 15:00,12.58,12.58,12.58,1,1.0
2024-01-24 16:00,12.13,12.13,12.13,1,1.0
2024-01-24 17:00,11.44,11.44,11.44,1,1.0
2024-01-24 18:00,10.79,10.79,10.79,1,1.0
2024-01-24 19:00,10.14,10.14,10.14,1,1.0
2024-01-24 20:00,9.74,9.74,9.74,1,1.0
2024-01-24 21:00,9.34,9.34,9.34,1,1.0
2024-01-24 22:00,9.01,9.01,9.01,1,1.0
2024-01-24 23:00,8.86,8.86,8.86,1,1.0
2024-01-25 00:00,9.57,9.57,9.57,1,1.0
2024-01-25 01:00,10.12,10.12,10.12,1,1.0
2024-01-25 02:00,9.79,9.79,9.79,1,1.0
2024-01-25 03:00,9.58,9.58,9.58,1,1.0
2024-01-25 04:00,9.49,9.49,9.49,1,1.0
2024-01-25 05:00,9.3,9.3,9.3,1,1.0
2024-01-25 06:00,9.12,9.12,9.12,1,1.0
2024-01-25 07:00,8.49,8.49,8.49,1,1.0
2024-01-25 08:00,9.29,9.29,9.29,1,1.0
2024-01-25 09:00,9.95,9.95,9.95,1,1.0
2024-01-25 10:00,10.7,10.7,10.7,1,1.0
2024-01-25 11:00,11.06,11.06,11.06,1,1.0
2024-01-25 12:00,11.46,11.46,11.46,1,1.0
2024-01-25 13:00,11.81,11.81,11.81,1,1.0
2024-01-25 14:00,12.16,12.16,12.16,1,1.0
2024-01-25 15:00,12.39,12.39,12.39,1,1.0
2024-01-25 16:00,12.72,12.72,12.72,1,1.0
2024-01-25 17:00,12.51,12.51,12.51,1,1.0
2024-01-25 18:00,11.54,11.54,11.54,1,1.0
2024-01-25 19:00,10.33,10.33,10.33,1,1.0
2024-01-25 20:00,9.27,9.27,9.27,1,1.0
2024-01-25 21:00,8.62,8.62,8.62,1,1.0
2024-01-25 22:00,7.99,7.99,7.99,1,1.0
2024-01-25 23:00,7.45,7.45,7.45,1,1.0
2024-01-26 00:00,6.99,6.99,6.99,1,1.0
2024-01-26 01:00,6.6,6.6,6.6,1,1.0
2024-01-26 02:00,6.51,6.51,6.51,1,1.0
2024-01-26 03:00,6.28,6.28,6.28,1,1.0
2024-01-26 04:00,6.04,6.04,6.04,1,1.0
2024-01-26 05:00,5.73,5.73,5.73,1,1.0
2024-01-26 06:00,5.4,5.4,5.4,1,1.0
2024-01-26 07:00,5.13,5.13,5.13,1,1.0
2024-01-26 08:00,5.21,5.21,5.21,1,1.0
2024-01-26 09:00,7.94,7.94,7.94,1,1.0
2024-01-26 10:00,11.52,11.52,11.52,1,1.0
2024-01-26 11:00,12.61,12.61,12.61,1,1.0
2024-01-26 12:00,13.01,13.01,13.01,1,1.0
2024-01-26 13:00,13.23,13.23,13.23,1,1.0
2024-01-26 14:00,13.25,13.25,13.25,1,1.0
2024-01-26 15:00,13.09,13.09,13.09,1,1.0
2024-01-26 16:00,12.71,12.71,12.71,1,1.0
2024-01-26 17:00,12.06,12.06,12.06,1,1.0
2024-01-26 18:00,10.98,10.98,10.98,1,1.0
2024-01-26 19:00,10.62,10.62,10.62,1,1.0
2024-01-26 20:00,10.96,10.96,10.96,1,1.0
2024-01-26 21:00,10.71,10.71,10.71,1,1.0
2024-01-26 22:00,10.32,10.32,10.32,1,1.0
2024-01-26 23:00,9.67,9.67,9.67,1,1.0
2024-01-27 00:00,8.53,8.53,8.53,1,1.0
2024-01-27 01:00,7.58,7.58,7.58,1,1.0
2024-01-27 02:00,7.19,7.19,7.19,1,1.0
2024-01-27 03:00,6.81,6.81,6.81,1,1.0
2024-01-27 04:00,6.56,6.56,6.56,1,1.0
2024-01-27 05:00,6.87,6.87,6.87,1,1.0
2024-01-27 06:00,6.89,6.89,6.89,1,1.0
2024-01-27 07:00,6.96,6.96,6.96,1,1.0
2024-01-27 08:00,7.3,7.3,7.3,1,1.0
2024-01-27 09:00,8.46,8.46,8.46,1,1.0
2024-01-27 10:00,10.32,10.32,10.32,1,1.0
2024-01-27 11:00,12.03,12.03,12.03,1,1.0
2024-01-27 12:00,13.1,13.1,13.1,1,1.0
2024-01-27 13:00,13.82,13.82,13.82,1,1.0
2024-01-27 14:00,13.97,13.97,13.97,1,1.0
2024-01-27 15:00,13.66,13.66,13.66,1,1.0
2024-01-27 16:00,12.99,12.99,12.99,1,1.0
2024-01-27 17:00,12.18,12.18,12.18,1,1.0
2024-01-27 18:00,11.49,11.49,11.49,1,1.0
2024-01-27 19:00,10.94,10.94,10.94,1,1.0
2024-01-27 20:00,10.74,10.74,10.74,1,1.0
2024-01-27 21:00,9.99,9.99,9.99,1,1.0
2024-01-27 22:00,9.38,9.38,9.38,1,1.0
2024-01-27 23:00,8.83,8.83,8.83,1,1.0
2024-01-28 00:00,8.38,8.38,8.38,1,1.0
2024-01-28 01:00,8.1,8.1,8.1,1,1.0
2024-01-28 02:00,8.22,8.22,8.22,1,1.0
2024-01-28 03:00,8.11,8.11,8.11,1,1.0
2024-01-28 04:00,8.12,8.12,8.12,1,1.0
2024-01-28 05:00,8.06,8.06,8.06,1,1.0
2024-01-28 06:00,7.86,7.86,7.86,1,1.0
2024-01-28 07:00,7.59,7.59,7.59,1,1.0
2024-01-28 08:00,7.17,7.17,7.17,1,1.0
2024-01-28 09:00,8.44,8.44,8.44,1,1.0
2024-01-28 10:00,9.69,9.69,9.69,1,1.0
2024-01-28 11:00,10.49,10.49,10.49,1,1.0
2024-01-28 12:00,10.9,10.9,10.9,1,1.0
2024-01-28 13:00,11.13,11.13,11.13,1,1.0
2024-01-28 14:00,11.16,11.16,11.16,1,1.0
2024-01-28 15:00,10.87,10.87,10.87,1,1.0
2024-01-28 16:00,10.22,10.22,10.22,1,1.0
2024-01-28 17:00,9.27,9.27,9.27,1,1.0
2024-01-28 18:00,8.36,8.36,8.36,1,1.0
2024-01-28 19:00,7.74,7.74,7.74,1,1.0
2024-01-28 20:00,8.72,8.72,8.72,1,1.0
2024-01-28 21:00,8.45,8.45,8.45,1,1.0
2024-01-28 22:00,8.21,8.21,8.21,1,1.0
2024-01-28 23:00,7.98,7.98,7.98,1,1.0
2024-01-29 00:00,7.77,7.77,7.77,1,1.0
2024-01-29 01:00,7.64,7.64,7.64,1,1.0
2024-01-29 02:00,7.37,7.37,7.37,1,1.0
2024-01-29 03:00,7.09,7.09,7.09,1,1.0
2024-01-29 04:00,6.74,6.74,6.74,1,1.0
2024-01-29 05:00,6.38,6.38,6.38,1,1.0
2024-01-29 06:00,6.03,6.03,6.03,1,1.0
2024-01-29 07:00,5.73,5.73,5.73,1,1.0
2024-01-29 08:00,5.79,5.79,5.79,1,1.0
2024-01-29 09:00,7.05,7.05,7.05,1,1.0
2024-01-29 10:00,8.77,8.77,8.77,1,1.0
2024-01-29 11:00,9.96,9.96,9.96,1,1.0
2024-01-29 12:00,10.87,10.87,10.87,1,1.0
2024-01-29 13:00,11.47,11.47,11.47,1,1.0
2024-01-29 14:00,11.87,11.87,11.87,1,1.0
2024-01-29 15:00,12.0,12.0,12.0,1,1.0
2024-01-29 16:00,11.71,11.71,11.71,1,1.0
2024-01-29 17:00,11.0,11.0,11.0,1,1.0
2024-01-29 18:00,10.2,10.2,10.2,1,1.0
2024-01-29 19:00,9.44,9.44,9.44,1,1.0
2024-01-29 20:00,8.79,8.79,8.79,1,1.0
2024-01-29 21:00,8.12,8.12,8.12,1,1.0
2024-01-29 22:00,7.5,7.5,7.5,1,1.0
2024-01-29 23:00,6.99,6.99,6.99,1,1.0
2024-01-30 00:00,6.61,6.61,6.61,1,1.0
2024-01-30 01:00,6.32,6.32,6.32,1,1.0
2024-01-30 02:00,6.06,6.06,6.06,1,1.0
2024-01-30 03:00,5.85,5.85,5.85,1,1.0
2024-01-30 04:00,5.62,5.62,5.62,1,1.0
2024-01-30 05:00,5.42,5.42,5.42,1,1.0
2024-01-30 06:00,5.27,5.27,5.27,1,1.0
2024-01-30 07:00,5.15,5.15,5.15,1,1.0
2024-01-30 08:00,4.43,4.43,4.43,1,1.0
2024-01-30 09:00,5.46,5.46,5.46,1,1.0
2024-01-30 10:00,7.34,7.34,7.34,1,1.0
2024-01-30 11:00,8.99,8.99,8.99,1,1.0
2024-01-30 12:00,10.25,10.25,10.25,1,1.0
2024-01-30 13:00,11.02,11.02,11.02,1,1.0
2024-01-30 14:00,11.45,11.45,11.45,1,1.0
2024-01-30 15:00,11.69,11.69,11.69,1,1.0
2024-01-30 16:00,11.59,11.59,11.59,1,1.0
2024-01-30 17:00,10.99,10.99,10.99,1,1.0
2024-01-30 18:00,9.23,9.23,9.23,1,1.0
2024-01-30 19:00,8.14,8.14,8.14,1,1.0
2024-01-30 20:00,7.09,7.09,7.09,1,1.0
2024-01-30 21:00,6.35,6.35,6.35,1,1.0
2024-01-30 22:00,5.41,5.41,5.41,1,1.0
2024-01-30 23:00,4.78,4.78,4.78,1,1.0
2024-01-31 00:00,4.45,4.45,4.45,1,1.0
2024-01-31 01:00,4.32,4.32,4.32,1,1.0
2024-01-31 02:00,4.24,4.24,4.24,1,1.0
2024-01-31 03:00,4.21,4.21,4.21,1,1.0
2024-01-31 04:00,3.92,3.92,3.92,1,1.0
2024-01-31 05:00,3.85,3.85,3.85,1,1.0
2024-01-31 06:00,3.75,3.75,3.75,1,1.0
2024-01-31 07:00,3.63,3.63,3.63,1,1.0
2024-01-31 08:00,4.38,4.38,4.38,1,1.0
2024-01-31 09:00,6.18,6.18,6.18,1,1.0
2024-01-31 10:00,8.49,8.49,8.49,1,1.0
2024-01-31 11:00,10.37,10.37,10.37,1,1.0
2024-01-31 12:00,11.53,11.53,11.53,1,1.0
2024-01-31 13:00,12.24,12.24,12.24,1,1.0
2024-01-31 14:00,12.54,12.54,12.54,1,1.0
2024-01-31 15:00,12.39,12.39,12.39,1,1.0
2024-01-31 16:00,11.84,11.84,11.84,1,1.0
2024-01-31 17:00,10.96,10.96,10.96,1,1.0
2024-01-31 18:00,10.07,10.07,10.07,1,1.0
2024-01-31 19:00,8.78,8.78,8.78,1,1.0
2024-01-31 20:00,9.16,9.16,9.16,1,1.0
2024-01-31 21:00,9.44,9.44,9.44,1,1.0
2024-01-31 22:00,8.98,8.98,8.98,1,1.0
2024-01-31 23:00,8.58,8.58,8.58,1,1.0
2024-02-01 00:00,8.34,8.34,8.34,1,1.0
2024-02-01 01:00,8.24,8.24,8.24,1,1.0
2024-02-01 02:00,8.17,8.17,8.17,1,1.0
2024-02-01 03:00,8.03,8.03,8.03,1,1.0
2024-02-01 04:00,7.95,7.95,7.95,1,1.0
2024-02-01 05:00,7.86,7.86,7.86,1,1.0
2024-02-01 06:00,7.86,7.86,7.86,1,1.0
2024-02-01 07:00,7.85,7.85,7.85,1,1.0
2024-02-01 08:00,8.06,8.06,8.06,1,1.0
2024-02-01 09:00,8.48,8.48,8.48,1,1.0
2024-02-01 10:00,9.69,9.69,9.69,1,1.0
2024-02-01 11:00,10.37,10.37,10.37,1,1.0
2024-02-01 12:00,10.93,10.93,10.93,1,1.0
2024-02-01 13:00,11.19,11.19,11.19,1,1.0
2024-02-01 14:00,11.29,11.29,11.29,1,1.0
2024-02-01 15:00,11.18,11.18,11.18,1,1.0
2024-02-01 16:00,10.85,10.85,10.85,1,1.0
2024-02-01 17:00,10.29,10.29,10.29,1,1.0
2024-02-01 18:00,9.29,9.29,9.29,1,1.0
2024-02-01 19:00,9.79,9.79,9.79,1,1.0
2024-02-01 20:00,8.61,8.61,8.61,1,1.0
2024-02-01 21:00,7.49,7.49,7.49,1,1.0
2024-02-01 22:00,7.28,7.28,7.28,1,1.0
2024-02-01 23:00,6.71,6.71,6.71,1,1.0
2024-02-02 00:00,6.33,6.33,6.33,1,1.0
2024-02-02 01:00,5.4,5.4,5.4,1,1.0
2024-02-02 02:00,4.86,4.86,4.86,1,1.0
2024-02-02 03:00,5.03,5.03,5.03,1,1.0
2024-02-02 04:00,4.87,4.87,4.87,1,1.0
2024-02-02 05:00,4.75,4.75,4.75,1,1.0
2024-02-02 06:00,4.56,4.56,4.56,1,1.0
2024-02-02 07:00,4.29,4.29,4.29,1,1.0
2024-02-02 08:00,5.72,5.72,5.72,1,1.0
2024-02-02 09:00,7.42,7.42,7.42,1,1.0
2024-02-02 10:00,9.33,9.33,9.33,1,1.0
2024-02-02 11:00,10.53,10.53,10.53,1,1.0
2024-02-02 12:00,11.7,11.7,11.7,1,1.0
2024-02-02 13:00,12.52,12.52,12.52,1,1.0
2024-02-02 14:00,13.04,13.04,13.04,1,1.0
2024-02-02 15:00,13.24,13.24,13.24,1,1.0
2024-02-02 16:00,12.92,12.92,12.92,1,1.0
2024-02-02 17:00,12.08,12.08,12.08,1,1.0
2024-02-02 18:00,11.11,11.11,11.11,1,1.0
2024-02-02 19:00,10.38,10.38,10.38,1,1.0
2024-02-02 20:00,10.2,10.2,10.2,1,1.0
2024-02-02 21:00,9.71,9.71,9.71,1,1.0
2024-02-02 22:00,9.23,9.23,9.23,1,1.0
2024-02-02 23:00,8.81,8.81,8.81,1,1.0
2024-02-03 00:00,8.42,8.42,8.42,1,1.0
2024-02-03 01:00,8.07,8.07,8.07,1,1.0
2024-02-03 02:00,7.68,7.68,7.68,1,1.0
2024-02-03 03:00,7.34,7.34,7.34,1,1.0
2024-02-03 04:00,7.12,7.12,7.12,1,1.0
2024-02-03 05:00,6.83,6.83,6.83,1,1.0
2024-02-03 06:00,6.62,6.62,6.62,1,1.0
2024-02-03 07:00,6.46,6.46,6.46,1,1.0
2024-02-03 08:00,7.1,7.1,7.1,1,1.0
2024-02-03 09:00,8.74,8.74,8.74,1,1.0
2024-02-03 10:00,10.79,10.79,10.79,1,1.0
2024-02-03 11:00,12.24,12.24,12.24,1,1.0
2024-02-03 12:00,13.2,13.2,13.2,1,1.0
2024-02-03 13:00,13.8,13.8,13.8,1,1.0
2024-02-03 14:00,14.0,14.0,14.0,1,1.0
2024-02-03 15:00,13.86,13.86,13.86,1,1.0
2024-02-03 16:00,13.31,13.31,13.31,1,1.0
2024-02-03 17:00,12.49,12.49,12.49,1,1.0
2024-02-03 18:00,11.47,11.47,11.47,1,1.0
2024-02-03 19:00,10.7,10.7,10.7,1,1.0
2024-02-03 20:00,11.1,11.1,11.1,1,1.0
2024-02-03 21:00,10.43,10.43,10.43,1,1.0
2024-02-03 22:00,9.32,9.32,9.32,1,1.0
2024-02-03 23:00,8.3,8.3,8.3,1,1.0
2024-02-04 00:00,7.61,7.61,7.61,1,1.0
2024-02-04 01:00,7.56,7.56,7.56,1,1.0
2024-02-04 02:00,7.7,7.7,7.7,1,1.0
2024-02-04 03:00,7.3,7.3,7.3,1,1.0
2024-02-04 04:00,6.99,6.99,6.99,1,1.0
2024-02-04 05:00,6.64,6.64,6.64,1,1.0
2024-02-04 06:00,6.09,6.09,6.09,1,1.0
2024-02-04 07:00,6.33,6.33,6.33,1,1.0
2024-02-04 08:00,8.9,8.9,8.9,1,1.0
2024-02-04 09:00,9.88,9.88,9.88,1,1.0
2024-02-04 10:00,11.37,11.37,11.37,1,1.0
2024-02-04 11:00,11.93,11.93,11.93,1,1.0
2024-02-04 12:00,12.33,12.33,12.33,1,1.0
2024-02-04 13:00,12.54,12.54,12.54,1,1.0
2024-02-04 14:00,12.63,12.63,12.63,1,1.0
2024-02-04 15:00,12.53,12.53,12.53,1,1.0
2024-02-04 16:00,12.26,12.26,12.26,1,1.0
2024-02-04 17:00,11.84,11.84,11.84,1,1.0
2024-02-04 18:00,11.42,11.42,11.42,1,1.0
2024-02-04 19:00,10.85,10.85,10.85,1,1.0
2024-02-04 20:00,10.93,10.93,10.93,1,1.0
2024-02-04 21:00,10.57,10.57,10.57,1,1.0
2024-02-04 22:00,9.64,9.64,9.64,1,1.0
2024-02-04 23:00,9.19,9.19,9.19,1,1.0
2024-02-05 00:00,9.08,9.08,9.08,1,1.0
2024-02-05 01:00,9.43,9.43,9.43,1,1.0
2024-02-05 02:00,10.4,10.4,10.4,1,1.0
2024-02-05 03:00,10.35,10.35,10.35,1,1.0
2024-02-05 04:00,10.22,10.22,10.22,1,1.0
2024-02-05 05:00,10.16,10.16,10.16,1,1.0
2024-02-05 06:00,10.12,10.12,10.12,1,1.0
2024-02-05 07:00,10.16,10.16,10.16,1,1.0
2024-02-05 08:00,9.6,9.6,9.6,1,1.0
2024-02-05 09:00,10.13,10.13,10.13,1,1.0
2024-02-05 10:00,11.02,11.02,11.02,1,1.0
2024-02-05 11:00,11.82,11.82,11.82,1,1.0
2024-02-05 12:00,12.3,12.3,12.3,1,1.0
2024-02-05 13:00,12.67,12.67,12.67,1,1.0
2024-02-05 14:00,12.91,12.91,12.91,1,1.0
2024-02-05 15:00,12.86,12.86,12.86,1,1.0
2024-02-05 16:00,12.46,12.46,12.46,1,1.0
2024-02-05 17:00,11.96,11.96,11.96,1,1.0
2024-02-05 18:00,11.3,11.3,11.3,1,1.0
2024-02-05 19:00,10.99,10.99,10.99,1,1.0
2024-02-05 20:00,10.77,10.77,10.77,1,1.0
2024-02-05 21:00,10.25,10.25,10.25,1,1.0
2024-02-05 22:00,9.55,9.55,9.55,1,1.0
2024-02-05 23:00,9.58,9.58,9.58,1,1.0
2024-02-06 00:00,9.24,9.24,9.24,1,1.0
2024-02-06 01:00,9.03,9.03,9.03,1,1.0
2024-02-06 02:00,8.75,8.75,8.75,1,1.0
2024-02-06 03:00,8.56,8.56,8.56,1,1.0
2024-02-06 04:00,8.49,8.49,8.49,1,1.0
2024-02-06 05:00,8.46,8.46,8.46,1,1.0
2024-02-06 06:00,8.37,8.37,8.37,1,1.0
2024-02-06 07:00,7.89,7.89,7.89,1,1.0
2024-02-06 08:00,8.48,8.48,8.48,1,1.0
2024-02-06 09:00,10.52,10.52,10.52,1,1.0
2024-02-06 10:00,11.75,11.75,11.75,1,1.0
2024-02-06 11:00,12.49,12.49,12.49,1,1.0
2024-02-06 12:00,12.94,12.94,12.94,1,1.0
2024-02-06 13:00,13.01,13.01,13.01,1,1.0
2024-02-06 14:00,13.16,13.16,13.16,1,1.0
2024-02-06 15:00,13.03,13.03,13.03,1,1.0
2024-02-06 16:00,12.69,12.69,12.69,1,1.0
2024-02-06 17:00,12.1,12.1,12.1,1,1.0
2024-02-06 18:00,11.4,11.4,11.4,1,1.0
2024-02-06 19:00,10.9,10.9,10.9,1,1.0
2024-02-06 20:00,10.25,10.25,10.25,1,1.0
2024-02-06 21:00,9.96,9.96,9.96,1,1.0
2024-02-06 22:00,9.63,9.63,9.63,1,1.0
2024-02-06 23:00,9.43,9.43,9.43,1,1.0
2024-02-07 00:00,9.38,9.38,9.38,1,1.0
2024-02-07 01:00,9.36,9.36,9.36,1,1.0
2024-02-07 02:00,9.5,9.5,9.5,1,1.0
2024-02-07 03:00,9.42,9.42,9.42,1,1.0
2024-02-07 04:00,9.27,9.27,9.27,1,1.0
2024-02-07 05:00,9.15,9.15,9.15,1,1.0
2024-02-07 06:00,9.11,9.11,9.11,1,1.0
2024-02-07 07:00,9.03,9.03,9.03,1,1.0
2024-02-07 08:00,9.27,9.27,9.27,1,1.0
2024-02-07 09:00,9.87,9.87,9.87,1,1.0
2024-02-07 10:00,11.09,11.09,11.09,1,1.0
2024-02-07 11:00,12.11,12.11,12.11,1,1.0
2024-02-07 12:00,12.82,12.82,12.82,1,1.0
2024-02-07 13:00,13.17,13.17,13.17,1,1.0
2024-02-07 14:00,13.22,13.22,13.22,1,1.0
2024-02-07 15:00,13.2,13.2,13.2,1,1.0
2024-02-07 16:00,12.86,12.86,12.86,1,1.0
2024-02-07 17:00,12.36,12.36,12.36,1,1.0
2024-02-07 18:00,11.78,11.78,11.78,1,1.0
2024-02-07 19:00,11.39,11.39,11.39,1,1.0
2024-02-07 20:00,10.85,10.85,10.85,1,1.0
2024-02-07 21:00,10.69,10.69,10.69,1,1.0
2024-02-07 22:00,10.62,10.62,10.62,1,1.0
2024-02-07 23:00,10.64,10.64,10.64,1,1.0
2024-02-08 00:00,10.69,10.69,10.69,1,1.0
2024-02-08 01:00,10.73,10.73,10.73,1,1.0
2024-02-08 02:00,10.96,10.96,10.96,1,1.0
2024-02-08 03:00,10.98,10.98,10.98,1,1.0
2024-02-08 04:00,10.86,10.86,10.86,1,1.0
2024-02-08 05:00,10.97,10.97,10.97,1,1.0
2024-02-08 06:00,11.03,11.03,11.03,1,1.0
2024-02-08 07:00,10.87,10.87,10.87,1,1.0
2024-02-08 08:00,11.07,11.07,11.07,1,1.0
2024-02-08 09:00,11.47,11.47,11.47,1,1.0
2024-02-08 10:00,12.0,12.0,12.0,1,1.0
2024-02-08 11:00,12.29,12.29,12.29,1,1.0
2024-02-08 12:00,12.64,12.64,12.64,1,1.0
2024-02-08 13:00,12.85,12.85,12.85,1,1.0
2024-02-08 14:00,12.61,12.61,12.61,1,1.0
2024-02-08 15:00,12.79,12.79,12.79,1,1.0
2024-02-08 16:00,12.72,12.72,12.72,1,1.0
2024-02-08 17:00,12.38,12.38,12.38,1,1.0
2024-02-08 18:00,11.77,11.77,11.77,1,1.0
2024-02-08 19:00,11.53,11.53,11.53,1,1.0
2024-02-08 20:00,11.31,11.31,11.31,1,1.0
2024-02-08 21:00,11.15,11.15,11.15,1,1.0
2024-02-08 22:00,11.02,11.02,11.02,1,1.0
2024-02-08 23:00,10.9,10.9,10.9,1,1.0
2024-02-09 00:00,10.8,10.8,10.8,1,1.0
2024-02-09 01:00,10.91,10.91,10.91,1,1.0
2024-02-09 02:00,11.0,11.0,11.0,1,1.0
2024-02-09 03:00,11.21,11.21,11.21,1,1.0
2024-02-09 04:00,11.25,11.25,11.25,1,1.0
2024-02-09 05:00,11.17,11.17,11.17,1,1.0
2024-02-09 06:00,11.17,11.17,11.17,1,1.0
2024-02-09 07:00,11.08,11.08,11.08,1,1.0
2024-02-09 08:00,11.42,11.42,11.42,1,1.0
2024-02-09 09:00,11.87,11.87,11.87,1,1.0
2024-02-09 10:00,12.47,12.47,12.47,1,1.0
2024-02-09 11:00,13.0,13.0,13.0,1,1.0
2024-02-09 12:00,13.51,13.51,13.51,1,1.0
2024-02-09 13:00,13.78,13.78,13.78,1,1.0
2024-02-09 14:00,13.87,13.87,13.87,1,1.0
2024-02-09 15:00,13.94,13.94,13.94,1,1.0
2024-02-09 16:00,13.82,13.82,13.82,1,1.0
2024-02-09 17:00,13.54,13.54,13.54,1,1.0
2024-02-09 18:00,13.32,13.32,13.32,1,1.0
2024-02-09 19:00,13.25,13.25,13.25,1,1.0
2024-02-09 20:00,13.43,13.43,13.43,1,1.0
2024-02-09 21:00,13.49,13.49,13.49,1,1.0
2024-02-09 22:00,13.56,13.56,13.56,1,1.0
2024-02-09 23:00,13.43,13.43,13.43,1,1.0
2024-02-10 00:00,13.34,13.34,13.34,1,1.0
2024-02-10 01:00,13.23,13.23,13.23,1,1.0
2024-02-10 02:00,13.32,13.32,13.32,1,1.0
2024-02-10 03:00,13.43,13.43,13.43,1,1.0
2024-02-10 04:00,13.57,13.57,13.57,1,1.0
2024-02-10 05:00,13.56,13.56,13.56,1,1.0
2024-02-10 06:00,13.29,13.29,13.29,1,1.0
2024-02-10 07:00,12.96,12.96,12.96,1,1.0
2024-02-10 08:00,13.38,13.38,13.38,1,1.0
2024-02-10 09:00,13.69,13.69,13.69,1,1.0
2024-02-10 10:00,13.92,13.92,13.92,1,1.0
2024-02-10 11:00,14.11,14.11,14.11,1,1.0
2024-02-10 12:00,14.03,14.03,14.03,1,1.0
2024-02-10 13:00,13.01,13.01,13.01,1,1.0
2024-02-10 14:00,12.38,12.38,12.38,1,1.0
2024-02-10 15:00,12.14,12.14,12.14,1,1.0
2024-02-10 16:00,12.01,12.01,12.01,1,1.0
2024-02-10 17:00,11.97,11.97,11.97,1,1.0
2024-02-10 18:00,11.84,11.84,11.84,1,1.0
2024-02-10 19:00,11.84,11.84,11.84,1,1.0
2024-02-10 20:00,11.66,11.66,11.66,1,1.0
2024-02-10 21:00,11.76,11.76,11.76,1,1.0
2024-02-10 22:00,11.81,11.81,11.81,1,1.0
2024-02-10 23:00,11.6,11.6,11.6,1,1.0
2024-02-11 00:00,11.41,11.41,11.41,1,1.0
2024-02-11 01:00,11.46,11.46,11.46,1,1.0
2024-02-11 02:00,11.55,11.55,11.55,1,1.0
2024-02-11 03:00,11.31,11.31,11.31,1,1.0
2024-02-11 04:00,11.2,11.2,11.2,1,1.0
2024-02-11 05:00,11.26,11.26,11.26,1,1.0
2024-02-11 06:00,10.97,10.97,10.97,1,1.0
2024-02-11 07:00,10.73,10.73,10.73,1,1.0
2024-02-11 08:00,10.46,10.46,10.46,1,1.0
2024-02-11 09:00,10.74,10.74,10.74,1,1.0
2024-02-11 10:00,10.72,10.72,10.72,1,1.0
2024-02-11 11:00,11.15,11.15,11.15,1,1.0
2024-02-11 12:00,11.59,11.59,11.59,1,1.0
2024-02-11 13:00,11.64,11.64,11.64,1,1.0
2024-02-11 14:00,11.75,11.75,11.75,1,1.0
2024-02-11 15:00,11.24,11.24,11.24,1,1.0
2024-02-11 16:00,11.09,11.09,11.09,1,1.0
2024-02-11 17:00,10.62,10.62,10.62,1,1.0
2024-02-11 18:00,10.44,10.44,10.44,1,1.0
2024-02-11 19:00,10.27,10.27,10.27,1,1.0
2024-02-11 20:00,9.69,9.69,9.69,1,1.0
2024-02-11 21:00,9.4,9.4,9.4,1,1.0
2024-02-11 22:00,9.08,9.08,9.08,1,1.0
2024-02-11 23:00,9.13,9.13,9.13,1,1.0
2024-02-12 00:00,8.95,8.95,8.95,1,1.0
2024-02-12 01:00,9.12,9.12,9.12,1,1.0
2024-02-12 02:00,9.31,9.31,9.31,1,1.0
2024-02-12 03:00,9.21,9.21,9.21,1,1.0
2024-02-12 04:00,9.13,9.13,9.13,1,1.0
2024-02-12 05:00,8.91,8.91,8.91,1,1.0
2024-02-12 06:00,8.93,8.93,8.93,1,1.0
2024-02-12 07:00,8.95,8.95,8.95,1,1.0
2024-02-12 08:00,9.04,9.04,9.04,1,1.0
2024-02-12 09:00,9.37,9.37,9.37,1,1.0
2024-02-12 10:00,10.51,10.51,10.51,1,1.0
2024-02-12 11:00,11.34,11.34,11.34,1,1.0
2024-02-12 12:00,11.88,11.88,11.88,1,1.0
2024-02-12 13:00,12.04,12.04,12.04,1,1.0
2024-02-12 14:00,12.04,12.04,12.04,1,1.0
2024-02-12 15:00,11.9,11.9,11.9,1,1.0
2024-02-12 16:00,11.57,11.57,11.57,1,1.0
2024-02-12 17:00,11.23,11.23,11.23,1,1.0
2024-02-12 18:00,10.73,10.73,10.73,1,1.0
2024-02-12 19:00,9.93,9.93,9.93,1,1.0
2024-02-12 20:00,9.08,9.08,9.08,1,1.0
2024-02-12 21:00,9.03,9.03,9.03,1,1.0
2024-02-12 22:00,9.76,9.76,9.76,1,1.0
2024-02-12 23:00,10.37,10.37,10.37,1,1.0
2024-02-13 00:00,10.26,10.26,10.26,1,1.0
2024-02-13 01:00,8.39,8.39,8.39,1,1.0
2024-02-13 02:00,7.2,7.2,7.2,1,1.0
2024-02-13 03:00,7.15,7.15,7.15,1,1.0
2024-02-13 04:00,7.37,7.37,7.37,1,1.0
2024-02-13 05:00,7.32,7.32,7.32,1,1.0
2024-02-13 06:00,7.46,7.46,7.46,1,1.0
2024-02-13 07:00,7.52,7.52,7.52,1,1.0
2024-02-13 08:00,8.35,8.35,8.35,1,1.0
2024-02-13 09:00,9.43,9.43,9.43,1,1.0
2024-02-13 10:00,11.01,11.01,11.01,1,1.0
2024-02-13 11:00,12.0,12.0,12.0,1,1.0
2024-02-13 12:00,12.92,12.92,12.92,1,1.0
2024-02-13 13:00,13.45,13.45,13.45,1,1.0
2024-02-13 14:00,13.79,13.79,13.79,1,1.0
2024-02-13 15:00,13.16,13.16,13.16,1,1.0
2024-02-13 16:00,12.33,12.33,12.33,1,1.0
2024-02-13 17:00,11.65,11.65,11.65,1,1.0
2024-02-13 18:00,11.05,11.05,11.05,1,1.0
2024-02-13 19:00,10.74,10.74,10.74,1,1.0
2024-02-13 20:00,10.48,10.48,10.48,1,1.0
2024-02-13 21:00,10.08,10.08,10.08,1,1.0
2024-02-13 22:00,9.8,9.8,9.8,1,1.0
2024-02-13 23:00,9.55,9.55,9.55,1,1.0
2024-02-14 00:00,9.32,9.32,9.32,1,1.0
2024-02-14 01:00,9.13,9.13,9.13,1,1.0
2024-02-14 02:00,8.96,8.96,8.96,1,1.0
2024-02-14 03:00,8.78,8.78,8.78,1,1.0
2024-02-14 04:00,8.68,8.68,8.68,1,1.0
2024-02-14 05:00,8.54,8.54,8.54,1,1.0
2024-02-14 06:00,8.37,8.37,8.37,1,1.0
2024-02-14 07:00,8.17,8.17,8.17,1,1.0
2024-02-14 08:00,8.49,8.49,8.49,1,1.0
2024-02-14 09:00,9.66,9.66,9.66,1,1.0
2024-02-14 10:00,10.86,10.86,10.86,1,1.0
2024-02-14 11:00,11.77,11.77,11.77,1,1.0
2024-02-14 12:00,12.58,12.58,12.58,1,1.0
2024-02-14 13:00,13.25,13.25,13.25,1,1.0
2024-02-14 14:00,13.7,13.7,13.7,1,1.0
2024-02-14 15:00,13.85,13.85,13.85,1,1.0
2024-02-14 16:00,13.59,13.59,13.59,1,1.0
2024-02-14 17:00,12.86,12.86,12.86,1,1.0
2024-02-14 18:00,11.93,11.93,11.93,1,1.0
2024-02-14 19:00,11.07,11.07,11.07,1,1.0
2024-02-14 20:00,10.56,10.56,10.56,1,1.0
2024-02-14 21:00,9.82,9.82,9.82,1,1.0
2024-02-14 22:00,9.18,9.18,9.18,1,1.0
2024-02-14 23:00,8.69,8.69,8.69,1,1.0
2024-02-15 00:00,8.25,8.25,8.25,1,1.0
2024-02-15 01:00,7.93,7.93,7.93,1,1.0
2024-02-15 02:00,7.6,7.6,7.6,1,1.0
2024-02-15 03:00,7.4,7.4,7.4,1,1.0
2024-02-15 04:00,7.14,7.14,7.14,1,1.0
2024-02-15 05:00,6.93,6.93,6.93,1,1.0
2024-02-15 06:00,6.8,6.8,6.8,1,1.0
2024-02-15 07:00,6.73,6.73,6.73,1,1.0
2024-02-15 08:00,7.86,7.86,7.86,1,1.0
2024-02-15 09:00,9.82,9.82,9.82,1,1.0
2024-02-15 10:00,12.0,12.0,12.0,1,1.0
2024-02-15 11:00,13.54,13.54,13.54,1,1.0
2024-02-15 12:00,14.63,14.63,14.63,1,1.0
2024-02-15 13:00,15.39,15.39,15.39,1,1.0
2024-02-15 14:00,15.72,15.72,15.72,1,1.0
2024-02-15 15:00,15.61,15.61,15.61,1,1.0
2024-02-15 16:00,15.23,15.23,15.23,1,1.0
2024-02-15 17:00,14.44,14.44,14.44,1,1.0
2024-02-15 18:00,13.56,13.56,13.56,1,1.0
2024-02-15 19:00,12.59,12.59,12.59,1,1.0
2024-02-15 20:00,11.16,11.16,11.16,1,1.0
2024-02-15 21:00,10.11,10.11,10.11,1,1.0
2024-02-15 22:00,9.67,9.67,9.67,1,1.0
2024-02-15 23:00,9.58,9.58,9.58,1,1.0
2024-02-16 00:00,9.35,9.35,9.35,1,1.0
2024-02-16 01:00,9.1,9.1,9.1,1,1.0
2024-02-16 02:00,8.94,8.94,8.94,1,1.0
2024-02-16 03:00,8.82,8.82,8.82,1,1.0
2024-02-16 04:00,8.69,8.69,8.69,1,1.0
2024-02-16 05:00,8.52,8.52,8.52,1,1.0
2024-02-16 06:00,8.35,8.35,8.35,1,1.0
2024-02-16 07:00,8.19,8.19,8.19,1,1.0
2024-02-16 08:00,8.64,8.64,8.64,1,1.0
2024-02-16 09:00,11.23,11.23,11.23,1,1.0
2024-02-16 10:00,13.43,13.43,13.43,1,1.0
2024-02-16 11:00,14.42,14.42,14.42,1,1.0
2024-02-16 12:00,14.87,14.87,14.87,1,1.0
2024-02-16 13:00,15.09,15.09,15.09,1,1.0
2024-02-16 14:00,15.07,15.07,15.07,1,1.0
2024-02-16 15:00,14.86,14.86,14.86,1,1.0
2024-02-16 16:00,14.32,14.32,14.32,1,1.0
2024-02-16 17:00,13.44,13.44,13.44,1,1.0
2024-02-16 18:00,12.43,12.43,12.43,1,1.0
2024-02-16 19:00,12.39,12.39,12.39,1,1.0
2024-02-16 20:00,12.66,12.66,12.66,1,1.0
2024-02-16 21:00,11.2,11.2,11.2,1,1.0
2024-02-16 22:00,9.71,9.71,9.71,1,1.0
2024-02-16 23:00,9.39,9.39,9.39,1,1.0
2024-02-17 00:00,9.16,9.16,9.16,1,1.0
2024-02-17 01:00,8.65,8.65,8.65,1,1.0
2024-02-17 02:00,8.09,8.09,8.09,1,1.0
2024-02-17 03:00,7.53,7.53,7.53,1,1.0
2024-02-17 04:00,7.13,7.13,7.13,1,1.0
2024-02-17 05:00,6.85,6.85,6.85,1,1.0
2024-02-17 06:00,6.91,6.91,6.91,1,1.0
2024-02-17 07:00,7.11,7.11,7.11,1,1.0
2024-02-17 08:00,8.4,8.4,8.4,1,1.0
2024-02-17 09:00,11.31,11.31,11.31,1,1.0
2024-02-17 10:00,13.6,13.6,13.6,1,1.0
2024-02-17 11:00,14.92,14.92,14.92,1,1.0
2024-02-17 12:00,15.74,15.74,15.74,1,1.0
2024-02-17 13:00,16.13,16.13,16.13,1,1.0
2024-02-17 14:00,16.16,16.16,16.16,1,1.0
2024-02-17 15:00,15.94,15.94,15.94,1,1.0
2024-02-17 16:00,15.43,15.43,15.43,1,1.0
2024-02-17 17:00,14.65,14.65,14.65,1,1.0
2024-02-17 18:00,13.84,13.84,13.84,1,1.0
2024-02-17 19:00,12.69,12.69,12.69,1,1.0
2024-02-17 20:00,11.85,11.85,11.85,1,1.0
2024-02-17 21:00,10.71,10.71,10.71,1,1.0
2024-02-17 22:00,9.43,9.43,9.43,1,1.0
2024-02-17 23:00,8.59,8.59,8.59,1,1.0
2024-02-18 00:00,8.59,8.59,8.59,1,1.0
2024-02-18 01:00,8.96,8.96,8.96,1,1.0
2024-02-18 02:00,9.02,9.02,9.02,1,1.0
2024-02-18 03:00,8.89,8.89,8.89,1,1.0
2024-02-18 04:00,8.79,8.79,8.79,1,1.0
2024-02-18 05:00,8.6,8.6,8.6,1,1.0
2024-02-18 06:00,8.43,8.43,8.43,1,1.0
2024-02-18 07:00,8.28,8.28,8.28,1,1.0
2024-02-18 08:00,8.11,8.11,8.11,1,1.0
2024-02-18 09:00,10.38,10.38,10.38,1,1.0
2024-02-18 10:00,12.71,12.71,12.71,1,1.0
2024-02-18 11:00,14.36,14.36,14.36,1,1.0
2024-02-18 12:00,15.23,15.23,15.23,1,1.0
2024-02-18 13:00,15.48,15.48,15.48,1,1.0
2024-02-18 14:00,15.41,15.41,15.41,1,1.0
2024-02-18 15:00,15.15,15.15,15.15,1,1.0
2024-02-18 16:00,14.61,14.61,14.61,1,1.0
2024-02-18 17:00,13.75,13.75,13.75,1,1.0
2024-02-18 18:00,12.83,12.83,12.83,1,1.0
2024-02-18 19:00,11.75,11.75,11.75,1,1.0
2024-02-18 20:00,11.41,11.41,11.41,1,1.0
2024-02-18 21:00,10.97,10.97,10.97,1,1.0
2024-02-18 22:00,10.84,10.84,10.84,1,1.0
2024-02-18 23:00,10.38,10.38,10.38,1,1.0
2024-02-19 00:00,10.5,10.5,10.5,1,1.0
2024-02-19 01:00,10.78,10.78,10.78,1,1.0
2024-02-19 02:00,10.59,10.59,10.59,1,1.0
2024-02-19 03:00,10.6,10.6,10.6,1,1.0
2024-02-19 04:00,10.6,10.6,10.6,1,1.0
2024-02-19 05:00,10.52,10.52,10.52,1,1.0
2024-02-19 06:00,10.44,10.44,10.44,1,1.0
2024-02-19 07:00,10.3,10.3,10.3,1,1.0
2024-02-19 08:00,10.48,10.48,10.48,1,1.0
2024-02-19 09:00,10.85,10.85,10.85,1,1.0
2024-02-19 10:00,11.45,11.45,11.45,1,1.0
2024-02-19 11:00,12.11,12.11,12.11,1,1.0
2024-02-19 12:00,12.61,12.61,12.61,1,1.0
2024-02-19 13:00,12.79,12.79,12.79,1,1.0
2024-02-19 14:00,12.8,12.8,12.8,1,1.0
2024-02-19 15:00,12.73,12.73,12.73,1,1.0
2024-02-19 16:00,12.43,12.43,12.43,1,1.0
2024-02-19 17:00,12.12,12.12,12.12,1,1.0
2024-02-19 18:00,11.81,11.81,11.81,1,1.0
2024-02-19 19:00,11.72,11.72,11.72,1,1.0
2024-02-19 20:00,11.65,11.65,11.65,1,1.0
2024-02-19 21:00,11.56,11.56,11.56,1,1.0
2024-02-19 22:00,11.33,11.33,11.33,1,1.0
2024-02-19 23:00,10.6,10.6,10.6,1,1.0
2024-02-20 00:00,9.21,9.21,9.21,1,1.0
2024-02-20 01:00,9.36,9.36,9.36,1,1.0
2024-02-20 02:00,9.7,9.7,9.7,1,1.0
2024-02-20 03:00,10.0,10.0,10.0,1,1.0
2024-02-20 04:00,10.06,10.06,10.06,1,1.0
2024-02-20 05:00,10.15,10.15,10.15,1,1.0
2024-02-20 06:00,10.1,10.1,10.1,1,1.0
2024-02-20 07:00,10.16,10.16,10.16,1,1.0
2024-02-20 08:00,10.58,10.58,10.58,1,1.0
2024-02-20 09:00,11.21,11.21,11.21,1,1.0
2024-02-20 10:00,11.79,11.79,11.79,1,1.0
2024-02-20 11:00,12.51,12.51,12.51,1,1.0
2024-02-20 12:00,13.05,13.05,13.05,1,1.0
2024-02-20 13:00,13.42,13.42,13.42,1,1.0
2024-02-20 14:00,13.28,13.28,13.28,1,1.0
2024-02-20 15:00,13.1,13.1,13.1,1,1.0
2024-02-20 16:00,12.77,12.77,12.77,1,1.0
2024-02-20 17:00,12.2,12.2,12.2,1,1.0
2024-02-20 18:00,11.53,11.53,11.53,1,1.0
2024-02-20 19:00,11.06,11.06,11.06,1,1.0
2024-02-20 20:00,11.42,11.42,11.42,1,1.0
2024-02-20 21:00,10.94,10.94,10.94,1,1.0
2024-02-20 22:00,10.37,10.37,10.37,1,1.0
2024-02-20 23:00,9.91,9.91,9.91,1,1.0
2024-02-21 00:00,9.55,9.55,9.55,1,1.0
2024-02-21 01:00,9.2,9.2,9.2,1,1.0
2024-02-21 02:00,8.93,8.93,8.93,1,1.0
2024-02-21 03:00,8.59,8.59,8.59,1,1.0
2024-02-21 04:00,8.25,8.25,8.25,1,1.0
2024-02-21 05:00,7.99,7.99,7.99,1,1.0
2024-02-21 06:00,7.79,7.79,7.79,1,1.0
2024-02-21 07:00,7.65,7.65,7.65,1,1.0
2024-02-21 08:00,8.6,8.6,8.6,1,1.0
2024-02-21 09:00,10.29,10.29,10.29,1,1.0
2024-02-21 10:00,11.83,11.83,11.83,1,1.0
2024-02-21 11:00,13.01,13.01,13.01,1,1.0
2024-02-21 12:00,13.99,13.99,13.99,1,1.0
2024-02-21 13:00,14.67,14.67,14.67,1,1.0
2024-02-21 14:00,15.06,15.06,15.06,1,1.0
2024-02-21 15:00,15.18,15.18,15.18,1,1.0
2024-02-21 16:00,14.99,14.99,14.99,1,1.0
2024-02-21 17:00,14.38,14.38,14.38,1,1.0
2024-02-21 18:00,12.67,12.67,12.67,1,1.0
2024-02-21 19:00,10.92,10.92,10.92,1,1.0
2024-02-21 20:00,10.45,10.45,10.45,1,1.0
2024-02-21 21:00,9.42,9.42,9.42,1,1.0
2024-02-21 22:00,8.33,8.33,8.33,1,1.0
2024-02-21 23:00,7.72,7.72,7.72,1,1.0
2024-02-22 00:00,7.23,7.23,7.23,1,1.0
2024-02-22 01:00,6.98,6.98,6.98,1,1.0
2024-02-22 02:00,6.74,6.74,6.74,1,1.0
2024-02-22 03:00,6.61,6.61,6.61,1,1.0
2024-02-22 04:00,7.0,7.0,7.0,1,1.0
2024-02-22 05:00,7.83,7.83,7.83,1,1.0
2024-02-22 06:00,7.57,7.57,7.57,1,1.0
2024-02-22 07:00,6.99,6.99,6.99,1,1.0
2024-02-22 08:00,7.7,7.7,7.7,1,1.0
2024-02-22 09:00,11.17,11.17,11.17,1,1.0
2024-02-22 10:00,12.31,12.31,12.31,1,1.0
2024-02-22 11:00,12.93,12.93,12.93,1,1.0
2024-02-22 12:00,13.33,13.33,13.33,1,1.0
2024-02-22 13:00,13.43,13.43,13.43,1,1.0
2024-02-22 14:00,13.14,13.14,13.14,1,1.0
2024-02-22 15:00,12.9,12.9,12.9,1,1.0
2024-02-22 16:00,12.56,12.56,12.56,1,1.0
2024-02-22 17:00,12.12,12.12,12.12,1,1.0
2024-02-22 18:00,11.5,11.5,11.5,1,1.0
2024-02-22 19:00,11.17,11.17,11.17,1,1.0
2024-02-22 20:00,10.78,10.78,10.78,1,1.0
2024-02-22 21:00,10.77,10.77,10.77,1,1.0
2024-02-22 22:00,10.77,10.77,10.77,1,1.0
2024-02-22 23:00,10.8,10.8,10.8,1,1.0
2024-02-23 00:00,10.87,10.87,10.87,1,1.0
2024-02-23 01:00,10.89,10.89,10.89,1,1.0
2024-02-23 02:00,10.83,10.83,10.83,1,1.0
2024-02-23 03:00,10.88,10.88,10.88,1,1.0
2024-02-23 04:00,10.82,10.82,10.82,1,1.0
2024-02-23 05:00,10.78,10.78,10.78,1,1.0
2024-02-23 06:00,10.8,10.8,10.8,1,1.0
2024-02-23 07:00,10.77,10.77,10.77,1,1.0
2024-02-23 08:00,10.97,10.97,10.97,1,1.0
2024-02-23 09:00,11.56,11.56,11.56,1,1.0
2024-02-23 10:00,11.97,11.97,11.97,1,1.0
2024-02-23 11:00,12.55,12.55,12.55,1,1.0
2024-02-23 12:00,13.15,13.15,13.15,1,1.0
2024-02-23 13:00,13.47,13.47,13.47,1,1.0
2024-02-23 14:00,13.68,13.68,13.68,1,1.0
2024-02-23 15:00,13.61,13.61,13.61,1,1.0
2024-02-23 16:00,13.59,13.59,13.59,1,1.0
2024-02-23 17:00,13.33,13.33,13.33,1,1.0
2024-02-23 18:00,13.06,13.06,13.06,1,1.0
2024-02-23 19:00,13.0,13.0,13.0,1,1.0
2024-02-23 20:00,12.97,12.97,12.97,1,1.0
2024-02-23 21:00,12.71,12.71,12.71,1,1.0
2024-02-23 22:00,12.19,12.19,12.19,1,1.0
2024-02-23 23:00,12.09,12.09,12.09,1,1.0
2024-02-24 00:00,11.97,11.97,11.97,1,1.0
2024-02-24 01:00,11.69,11.69,11.69,1,1.0
2024-02-24 02:00,11.02,11.02,11.02,1,1.0
2024-02-24 03:00,10.54,10.54,10.54,1,1.0
2024-02-24 04:00,10.01,10.01,10.01,1,1.0
2024-02-24 05:00,9.44,9.44,9.44,1,1.0
2024-02-24 06:00,9.02,9.02,9.02,1,1.0
2024-02-24 07:00,9.26,9.26,9.26,1,1.0
2024-02-24 08:00,9.71,9.71,9.71,1,1.0
2024-02-24 09:00,10.53,10.53,10.53,1,1.0
2024-02-24 10:00,10.71,10.71,10.71,1,1.0
2024-02-24 11:00,10.79,10.79,10.79,1,1.0
2024-02-24 12:00,11.05,11.05,11.05,1,1.0
2024-02-24 13:00,11.49,11.49,11.49,1,1.0
2024-02-24 14:00,11.31,11.31,11.31,1,1.0
2024-02-24 15:00,11.5,11.5,11.5,1,1.0
2024-02-24 16:00,11.42,11.42,11.42,1,1.0
2024-02-24 17:00,11.12,11.12,11.12,1,1.0
2024-02-24 18:00,10.76,10.76,10.76,1,1.0
2024-02-24 19:00,10.18,10.18,10.18,1,1.0
2024-02-24 20:00,9.85,9.85,9.85,1,1.0
2024-02-24 21:00,9.28,9.28,9.28,1,1.0
2024-02-24 22:00,9.01,9.01,9.01,1,1.0
2024-02-24 23:00,8.8,8.8,8.8,1,1.0
2024-02-25 00:00,8.7,8.7,8.7,1,1.0
2024-02-25 01:00,8.57,8.57,8.57,1,1.0
2024-02-25 02:00,9.0,9.0,9.0,1,1.0
2024-02-25 03:00,8.93,8.93,8.93,1,1.0
2024-02-25 04:00,8.13,8.13,8.13,1,1.0
2024-02-25 05:00,8.1,8.1,8.1,1,1.0
2024-02-25 06:00,8.44,8.44,8.44,1,1.0
2024-02-25 07:00,8.5,8.5,8.5,1,1.0
2024-02-25 08:00,8.43,8.43,8.43,1,1.0
2024-02-25 09:00,9.21,9.21,9.21,1,1.0
2024-02-25 10:00,10.06,10.06,10.06,1,1.0
2024-02-25 11:00,10.81,10.81,10.81,1,1.0
2024-02-25 12:00,10.99,10.99,10.99,1,1.0
2024-02-25 13:00,11.16,11.16,11.16,1,1.0
2024-02-25 14:00,11.48,11.48,11.48,1,1.0
2024-02-25 15:00,11.79,11.79,11.79,1,1.0
2024-02-25 16:00,11.94,11.94,11.94,1,1.0
2024-02-25 17:00,11.82,11.82,11.82,1,1.0
2024-02-25 18:00,11.4,11.4,11.4,1,1.0
2024-02-25 19:00,11.13,11.13,11.13,1,1.0
2024-02-25 20:00,10.93,10.93,10.93,1,1.0
2024-02-25 21:00,10.45,10.45,10.45,1,1.0
2024-02-25 22:00,10.12,10.12,10.12,1,1.0
2024-02-25 23:00,9.89,9.89,9.89,1,1.0
2024-02-26 00:00,9.69,9.69,9.69,1,1.0
2024-02-26 01:00,9.46,9.46,9.46,1,1.0
2024-02-26 02:00,9.09,9.09,9.09,1,1.0
2024-02-26 03:00,8.38,8.38,8.38,1,1.0
2024-02-26 04:00,7.29,7.29,7.29,1,1.0
2024-02-26 05:00,6.38,6.38,6.38,1,1.0
2024-02-26 06:00,5.8,5.8,5.8,1,1.0
2024-02-26 07:00,5.46,5.46,5.46,1,1.0
2024-02-26 08:00,8.01,8.01,8.01,1,1.0
2024-02-26 09:00,11.18,11.18,11.18,1,1.0
2024-02-26 10:00,12.45,12.45,12.45,1,1.0
2024-02-26 11:00,12.96,12.96,12.96,1,1.0
2024-02-26 12:00,13.24,13.24,13.24,1,1.0
2024-02-26 13:00,13.28,13.28,13.28,1,1.0
2024-02-26 14:00,13.15,13.15,13.15,1,1.0
2024-02-26 15:00,12.91,12.91,12.91,1,1.0
2024-02-26 16:00,12.4,12.4,12.4,1,1.0
2024-02-26 17:00,11.98,11.98,11.98,1,1.0
2024-02-26 18:00,11.57,11.57,11.57,1,1.0
2024-02-26 19:00,11.33,11.33,11.33,1,1.0
2024-02-26 20:00,11.1,11.1,11.1,1,1.0
2024-02-26 21:00,10.93,10.93,10.93,1,1.0
2024-02-26 22:00,10.83,10.83,10.83,1,1.0
2024-02-26 23:00,10.7,10.7,10.7,1,1.0
2024-02-27 00:00,10.54,10.54,10.54,1,1.0
2024-02-27 01:00,10.51,10.51,10.51,1,1.0
2024-02-27 02:00,10.46,10.46,10.46,1,1.0
2024-02-27 03:00,10.31,10.31,10.31,1,1.0
2024-02-27 04:00,10.12,10.12,10.12,1,1.0
2024-02-27 05:00,9.92,9.92,9.92,1,1.0
2024-02-27 06:00,9.77,9.77,9.77,1,1.0
2024-02-27 07:00,9.45,9.45,9.45,1,1.0
2024-02-27 08:00,10.99,10.99,10.99,1,1.0
2024-02-27 09:00,13.05,13.05,13.05,1,1.0
2024-02-27 10:00,14.84,14.84,14.84,1,1.0
2024-02-27 11:00,15.64,15.64,15.64,1,1.0
2024-02-27 12:00,16.05,16.05,16.05,1,1.0
2024-02-27 13:00,16.22,16.22,16.22,1,1.0
2024-02-27 14:00,16.28,16.28,16.28,1,1.0
2024-02-27 15:00,16.17,16.17,16.17,1,1.0
2024-02-27 16:00,15.93,15.93,15.93,1,1.0
2024-02-27 17:00,15.53,15.53,15.53,1,1.0
2024-02-27 18:00,15.04,15.04,15.04,1,1.0
2024-02-27 19:00,14.78,14.78,14.78,1,1.0
2024-02-27 20:00,14.14,14.14,14.14,1,1.0
2024-02-27 21:00,13.98,13.98,13.98,1,1.0
2024-02-27 22:00,13.81,13.81,13.81,1,1.0
2024-02-27 23:00,13.57,13.57,13.57,1,1.0
2024-02-28 00:00,13.38,13.38,13.38,1,1.0
2024-02-28 01:00,13.19,13.19,13.19,1,1.0
2024-02-28 02:00,13.04,13.04,13.04,1,1.0
2024-02-28 03:00,12.91,12.91,12.91,1,1.0
2024-02-28 04:00,12.64,12.64,12.64,1,1.0
2024-02-28 05:00,12.25,12.25,12.25,1,1.0
2024-02-28 06:00,11.7,11.7,11.7,1,1.0
2024-02-28 07:00,11.11,11.11,11.11,1,1.0
2024-02-28 08:00,12.21,12.21,12.21,1,1.0
2024-02-28 09:00,13.46,13.46,13.46,1,1.0
2024-02-28 10:00,14.81,14.81,14.81,1,1.0
2024-02-28 11:00,15.66,15.66,15.66,1,1.0
2024-02-28 12:00,16.3,16.3,16.3,1,1.0
2024-02-28 13:00,16.73,16.73,16.73,1,1.0
2024-02-28 14:00,17.0,17.0,17.0,1,1.0
2024-02-28 15:00,16.68,16.68,16.68,1,1.0
2024-02-28 16:00,16.45,16.45,16.45,1,1.0
2024-02-28 17:00,15.88,15.88,15.88,1,1.0
2024-02-28 18:00,15.17,15.17,15.17,1,1.0
2024-02-28 19:00,14.53,14.53,14.53,1,1.0
2024-02-28 20:00,14.12,14.12,14.12,1,1.0
2024-02-28 21:00,13.87,13.87,13.87,1,1.0
2024-02-28 22:00,13.47,13.47,13.47,1,1.0
2024-02-28 23:00,13.14,13.14,13.14,1,1.0
2024-02-29 00:00,12.98,12.98,12.98,1,1.0
2024-02-29 01:00,12.67,12.67,12.67,1,1.0
2024-02-29 02:00,12.34,12.34,12.34,1,1.0
2024-02-29 03:00,11.84,11.84,11.84,1,1.0
2024-02-29 04:00,11.68,11.68,11.68,1,1.0
2024-02-29 05:00,11.35,11.35,11.35,1,1.0
2024-02-29 06:00,11.29,11.29,11.29,1,1.0
2024-02-29 07:00,11.21,11.21,11.21,1,1.0
2024-02-29 08:00,11.0,11.0,11.0,1,1.0
2024-02-29 09:00,11.82,11.82,11.82,1,1.0
2024-02-29 10:00,12.9,12.9,12.9,1,1.0
2024-02-29 11:00,13.74,13.74,13.74,1,1.0
2024-02-29 12:00,14.35,14.35,14.35,1,1.0
2024-02-29 13:00,14.57,14.57,14.57,1,1.0
2024-02-29 14:00,14.14,14.14,14.14,1,1.0
2024-02-29 15:00,13.62,13.62,13.62,1,1.0
2024-02-29 16:00,13.14,13.14,13.14,1,1.0
2024-02-29 17:00,12.65,12.65,12.65,1,1.0
2024-02-29 18:00,11.94,11.94,11.94,1,1.0
2024-02-29 19:00,11.59,11.59,11.59,1,1.0
2024-02-29 20:00,12.09,12.09,12.09,1,1.0
2024-02-29 21:00,10.29,10.29,10.29,1,1.0
2024-02-29 22:00,9.88,9.88,9.88,1,1.0
2024-02-29 23:00,9.79,9.79,9.79,1,1.0
2024-03-01 00:00,9.77,9.77,9.77,1,1.0
2024-03-01 01:00,9.72,9.72,9.72,1,1.0
2024-03-01 02:00,9.57,9.57,9.57,1,1.0
2024-03-01 03:00,9.56,9.56,9.56,1,1.0
2024-03-01 04:00,9.33,9.33,9.33,1,1.0
2024-03-01 05:00,9.38,9.38,9.38,1,1.0
2024-03-01 06:00,9.17,9.17,9.17,1,1.0
2024-03-01 07:00,9.18,9.18,9.18,1,1.0
2024-03-01 08:00,9.48,9.48,9.48,1,1.0
2024-03-01 09:00,9.9,9.9,9.9,1,1.0
2024-03-01 10:00,10.66,10.66,10.66,1,1.0
2024-03-01 11:00,11.57,11.57,11.57,1,1.0
2024-03-01 12:00,11.92,11.92,11.92,1,1.0
2024-03-01 13:00,12.37,12.37,12.37,1,1.0
2024-03-01 14:00,12.66,12.66,12.66,1,1.0
2024-03-01 15:00,12.68,12.68,12.68,1,1.0
2024-03-01 16:00,12.5,12.5,12.5,1,1.0
2024-03-01 17:00,11.81,11.81,11.81,1,1.0
2024-03-01 18:00,11.42,11.42,11.42,1,1.0
2024-03-01 19:00,11.01,11.01,11.01,1,1.0
2024-03-01 20:00,10.71,10.71,10.71,1,1.0
2024-03-01 21:00,10.51,10.51,10.51,1,1.0
2024-03-01 22:00,10.21,10.21,10.21,1,1.0
2024-03-01 23:00,10.0,10.0,10.0,1,1.0
2024-03-02 00:00,9.89,9.89,9.89,1,1.0
2024-03-02 01:00,9.84,9.84,9.84,1,1.0
2024-03-02 02:00,9.92,9.92,9.92,1,1.0
2024-03-02 03:00,9.92,9.92,9.92,1,1.0
2024-03-02 04:00,9.81,9.81,9.81,1,1.0
2024-03-02 05:00,9.64,9.64,9.64,1,1.0
2024-03-02 06:00,9.32,9.32,9.32,1,1.0
2024-03-02 07:00,9.41,9.41,9.41,1,1.0
2024-03-02 08:00,9.92,9.92,9.92,1,1.0
2024-03-02 09:00,11.27,11.27,11.27,1,1.0
2024-03-02 10:00,11.87,11.87,11.87,1,1.0
2024-03-02 11:00,11.99,11.99,11.99,1,1.0
2024-03-02 12:00,12.4,12.4,12.4,1,1.0
2024-03-02 13:00,13.28,13.28,13.28,1,1.0
2024-03-02 14:00,13.45,13.45,13.45,1,1.0
2024-03-02 15:00,13.38,13.38,13.38,1,1.0
2024-03-02 16:00,12.54,12.54,12.54,1,1.0
2024-03-02 17:00,12.23,12.23,12.23,1,1.0
2024-03-02 18:00,11.63,11.63,11.63,1,1.0
2024-03-02 19:00,11.26,11.26,11.26,1,1.0
2024-03-02 20:00,11.24,11.24,11.24,1,1.0
2024-03-02 21:00,11.18,11.18,11.18,1,1.0
2024-03-02 22:00,11.0,11.0,11.0,1,1.0
2024-03-02 23:00,10.98,10.98,10.98,1,1.0
2024-03-03 00:00,10.8,10.8,10.8,1,1.0
2024-03-03 01:00,10.62,10.62,10.62,1,1.0
2024-03-03 02:00,10.29,10.29,10.29,1,1.0
2024-03-03 03:00,9.93,9.93,9.93,1,1.0
2024-03-03 04:00,9.7,9.7,9.7,1,1.0
2024-03-03 05:00,9.58,9.58,9.58,1,1.0
2024-03-03 06:00,9.54,9.54,9.54,1,1.0
2024-03-03 07:00,9.29,9.29,9.29,1,1.0
2024-03-03 08:00,9.3,9.3,9.3,1,1.0
2024-03-03 09:00,10.34,10.34,10.34,1,1.0
2024-03-03 10:00,11.51,11.51,11.51,1,1.0
2024-03-03 11:00,12.45,12.45,12.45,1,1.0
2024-03-03 12:00,13.22,13.22,13.22,1,1.0
2024-03-03 13:00,13.86,13.86,13.86,1,1.0
2024-03-03 14:00,14.26,14.26,14.26,1,1.0
2024-03-03 15:00,14.49,14.49,14.49,1,1.0
2024-03-03 16:00,14.5,14.5,14.5,1,1.0
2024-03-03 17:00,14.13,14.13,14.13,1,1.0
2024-03-03 18:00,13.46,13.46,13.46,1,1.0
2024-03-03 19:00,12.95,12.95,12.95,1,1.0
2024-03-03 20:00,12.75,12.75,12.75,1,1.0
2024-03-03 21:00,12.84,12.84,12.84,1,1.0
2024-03-03 22:00,12.62,12.62,12.62,1,1.0
2024-03-03 23:00,11.99,11.99,11.99,1,1.0
2024-03-04 00:00,11.18,11.18,11.18,1,1.0
2024-03-04 01:00,10.53,10.53,10.53,1,1.0
2024-03-04 02:00,9.6,9.6,9.6,1,1.0
2024-03-04 03:00,8.86,8.86,8.86,1,1.0
2024-03-04 04:00,8.41,8.41,8.41,1,1.0
2024-03-04 05:00,7.95,7.95,7.95,1,1.0
2024-03-04 06:00,7.81,7.81,7.81,1,1.0
2024-03-04 07:00,7.7,7.7,7.7,1,1.0
2024-03-04 08:00,8.61,8.61,8.61,1,1.0
2024-03-04 09:00,9.01,9.01,9.01,1,1.0
2024-03-04 10:00,9.43,9.43,9.43,1,1.0
2024-03-04 11:00,9.79,9.79,9.79,1,1.0
2024-03-04 12:00,10.15,10.15,10.15,1,1.0
2024-03-04 13:00,10.34,10.34,10.34,1,1.0
2024-03-04 14:00,10.77,10.77,10.77,1,1.0
2024-03-04 15:00,10.9,10.9,10.9,1,1.0
2024-03-04 16:00,10.45,10.45,10.45,1,1.0
2024-03-04 17:00,10.1,10.1,10.1,1,1.0
2024-03-04 18:00,9.72,9.72,9.72,1,1.0
2024-03-04 19:00,9.29,9.29,9.29,1,1.0
2024-03-04 20:00,8.44,8.44,8.44,1,1.0
2024-03-04 21:00,8.16,8.16,8.16,1,1.0
2024-03-04 22:00,7.52,7.52,7.52,1,1.0
2024-03-04 23:00,7.81,7.81,7.81,1,1.0
2024-03-05 00:00,7.69,7.69,7.69,1,1.0
2024-03-05 01:00,7.23,7.23,7.23,1,1.0
2024-03-05 02:00,7.52,7.52,7.52,1,1.0
2024-03-05 03:00,7.64,7.64,7.64,1,1.0
2024-03-05 04:00,6.45,6.45,6.45,1,1.0
2024-03-05 05:00,5.62,5.62,5.62,1,1.0
2024-03-05 06:00,5.92,5.92,5.92,1,1.0
2024-03-05 07:00,6.21,6.21,6.21,1,1.0
2024-03-05 08:00,7.21,7.21,7.21,1,1.0
2024-03-05 09:00,9.03,9.03,9.03,1,1.0
2024-03-05 10:00,10.36,10.36,10.36,1,1.0
2024-03-05 11:00,11.64,11.64,11.64,1,1.0
2024-03-05 12:00,12.75,12.75,12.75,1,1.0
2024-03-05 13:00,13.53,13.53,13.53,1,1.0
2024-03-05 14:00,13.76,13.76,13.76,1,1.0
2024-03-05 15:00,13.48,13.48,13.48,1,1.0
2024-03-05 16:00,13.12,13.12,13.12,1,1.0
2024-03-05 17:00,12.61,12.61,12.61,1,1.0
2024-03-05 18:00,12.06,12.06,12.06,1,1.0
2024-03-05 19:00,11.58,11.58,11.58,1,1.0
2024-03-05 20:00,11.39,11.39,11.39,1,1.0
2024-03-05 21:00,10.62,10.62,10.62,1,1.0
2024-03-05 22:00,10.48,10.48,10.48,1,1.0
2024-03-05 23:00,10.58,10.58,10.58,1,1.0
2024-03-06 00:00,10.63,10.63,10.63,1,1.0
2024-03-06 01:00,10.67,10.67,10.67,1,1.0
2024-03-06 02:00,10.42,10.42,10.42,1,1.0
2024-03-06 03:00,9.56,9.56,9.56,1,1.0
2024-03-06 04:00,9.36,9.36,9.36,1,1.0
2024-03-06 05:00,9.75,9.75,9.75,1,1.0
2024-03-06 06:00,9.81,9.81,9.81,1,1.0
2024-03-06 07:00,9.62,9.62,9.62,1,1.0
2024-03-06 08:00,10.24,10.24,10.24,1,1.0
2024-03-06 09:00,11.63,11.63,11.63,1,1.0
2024-03-06 10:00,12.32,12.32,12.32,1,1.0
2024-03-06 11:00,13.0,13.0,13.0,1,1.0
2024-03-06 12:00,13.22,13.22,13.22,1,1.0
2024-03-06 13:00,13.19,13.19,13.19,1,1.0
2024-03-06 14:00,13.04,13.04,13.04,1,1.0
2024-03-06 15:00,12.7,12.7,12.7,1,1.0
2024-03-06 16:00,12.05,12.05,12.05,1,1.0
2024-03-06 17:00,11.5,11.5,11.5,1,1.0
2024-03-06 18:00,10.77,10.77,10.77,1,1.0
2024-03-06 19:00,10.46,10.46,10.46,1,1.0
2024-03-06 20:00,10.82,10.82,10.82,1,1.0
2024-03-06 21:00,10.14,10.14,10.14,1,1.0
2024-03-06 22:00,10.07,10.07,10.07,1,1.0
2024-03-06 23:00,9.9,9.9,9.9,1,1.0
2024-03-07 00:00,9.73,9.73,9.73,1,1.0
2024-03-07 01:00,9.55,9.55,9.55,1,1.0
2024-03-07 02:00,9.58,9.58,9.58,1,1.0
2024-03-07 03:00,9.64,9.64,9.64,1,1.0
2024-03-07 04:00,9.56,9.56,9.56,1,1.0
2024-03-07 05:00,9.39,9.39,9.39,1,1.0
2024-03-07 06:00,8.97,8.97,8.97,1,1.0
2024-03-07 07:00,8.29,8.29,8.29,1,1.0
2024-03-07 08:00,8.99,8.99,8.99,1,1.0
2024-03-07 09:00,9.81,9.81,9.81,1,1.0
2024-03-07 10:00,10.6,10.6,10.6,1,1.0
2024-03-07 11:00,11.1,11.1,11.1,1,1.0
2024-03-07 12:00,11.4,11.4,11.4,1,1.0
2024-03-07 13:00,11.49,11.49,11.49,1,1.0
2024-03-07 14:00,11.61,11.61,11.61,1,1.0
2024-03-07 15:00,11.75,11.75,11.75,1,1.0
2024-03-07 16:00,11.52,11.52,11.52,1,1.0
2024-03-07 17:00,11.2,11.2,11.2,1,1.0
2024-03-07 18:00,10.66,10.66,10.66,1,1.0
2024-03-07 19:00,9.61,9.61,9.61,1,1.0
2024-03-07 20:00,10.43,10.43,10.43,1,1.0
2024-03-07 21:00,9.91,9.91,9.91,1,1.0
2024-03-07 22:00,8.24,8.24,8.24,1,1.0
2024-03-07 23:00,7.56,7.56,7.56,1,1.0
2024-03-08 00:00,7.03,7.03,7.03,1,1.0
2024-03-08 01:00,6.59,6.59,6.59,1,1.0
2024-03-08 02:00,6.04,6.04,6.04,1,1.0
2024-03-08 03:00,5.61,5.61,5.61,1,1.0
2024-03-08 04:00,5.19,5.19,5.19,1,1.0
2024-03-08 05:00,5.21,5.21,5.21,1,1.0
2024-03-08 06:00,5.29,5.29,5.29,1,1.0
2024-03-08 07:00,5.63,5.63,5.63,1,1.0
2024-03-08 08:00,7.6,7.6,7.6,1,1.0
2024-03-08 09:00,9.68,9.68,9.68,1,1.0
2024-03-08 10:00,11.06,11.06,11.06,1,1.0
2024-03-08 11:00,12.08,12.08,12.08,1,1.0
2024-03-08 12:00,12.77,12.77,12.77,1,1.0
2024-03-08 13:00,13.2,13.2,13.2,1,1.0
2024-03-08 14:00,13.46,13.46,13.46,1,1.0
2024-03-08 15:00,13.56,13.56,13.56,1,1.0
2024-03-08 16:00,13.5,13.5,13.5,1,1.0
2024-03-08 17:00,13.21,13.21,13.21,1,1.0
2024-03-08 18:00,12.5,12.5,12.5,1,1.0
2024-03-08 19:00,11.15,11.15,11.15,1,1.0
2024-03-08 20:00,10.08,10.08,10.08,1,1.0
2024-03-08 21:00,9.76,9.76,9.76,1,1.0
2024-03-08 22:00,9.98,9.98,9.98,1,1.0
2024-03-08 23:00,10.25,10.25,10.25,1,1.0
2024-03-09 00:00,10.52,10.52,10.52,1,1.0
2024-03-09 01:00,10.24,10.24,10.24,1,1.0
2024-03-09 02:00,10.16,10.16,10.16,1,1.0
2024-03-09 03:00,10.24,10.24,10.24,1,1.0
2024-03-09 04:00,10.33,10.33,10.33,1,1.0
2024-03-09 05:00,10.57,10.57,10.57,1,1.0
2024-03-09 06:00,10.52,10.52,10.52,1,1.0
2024-03-09 07:00,10.42,10.42,10.42,1,1.0
2024-03-09 08:00,11.03,11.03,11.03,1,1.0
2024-03-09 09:00,11.51,11.51,11.51,1,1.0
2024-03-09 10:00,12.05,12.05,12.05,1,1.0
2024-03-09 11:00,12.52,12.52,12.52,1,1.0
2024-03-09 12:00,12.63,12.63,12.63,1,1.0
2024-03-09 13:00,12.37,12.37,12.37,1,1.0
2024-03-09 14:00,12.31,12.31,12.31,1,1.0
2024-03-09 15:00,12.44,12.44,12.44,1,1.0
2024-03-09 16:00,12.89,12.89,12.89,1,1.0
2024-03-09 17:00,12.61,12.61,12.61,1,1.0
2024-03-09 18:00,12.45,12.45,12.45,1,1.0
2024-03-09 19:00,12.2,12.2,12.2,1,1.0
2024-03-09 20:00,12.35,12.35,12.35,1,1.0
2024-03-09 21:00,12.49,12.49,12.49,1,1.0
2024-03-09 22:00,12.53,12.53,12.53,1,1.0
2024-03-09 23:00,12.4,12.4,12.4,1,1.0
2024-03-10 00:00,12.23,12.23,12.23,1,1.0
2024-03-10 01:00,12.22,12.22,12.22,1,1.0
2024-03-10 02:00,12.07,12.07,12.07,1,1.0
2024-03-10 03:00,11.97,11.97,11.97,1,1.0
2024-03-10 04:00,11.98,11.98,11.98,1,1.0
2024-03-10 05:00,11.99,11.99,11.99,1,1.0
2024-03-10 06:00,12.03,12.03,12.03,1,1.0
2024-03-10 07:00,12.25,12.25,12.25,1,1.0
2024-03-10 08:00,13.17,13.17,13.17,1,1.0
2024-03-10 09:00,14.34,14.34,14.34,1,1.0
2024-03-10 10:00,15.64,15.64,15.64,1,1.0
2024-03-10 11:00,16.43,16.43,16.43,1,1.0
2024-03-10 12:00,16.22,16.22,16.22,1,1.0
2024-03-10 13:00,16.02,16.02,16.02,1,1.0
2024-03-10 14:00,15.82,15.82,15.82,1,1.0
2024-03-10 15:00,15.52,15.52,15.52,1,1.0
2024-03-10 16:00,15.12,15.12,15.12,1,1.0
2024-03-10 17:00,14.43,14.43,14.43,1,1.0
2024-03-10 18:00,13.92,13.92,13.92,1,1.0
2024-03-10 19:00,13.58,13.58,13.58,1,1.0
2024-03-10 20:00,13.62,13.62,13.62,1,1.0
2024-03-10 21:00,13.43,13.43,13.43,1,1.0
2024-03-10 22:00,13.05,13.05,13.05,1,1.0
2024-03-10 23:00,12.52,12.52,12.52,1,1.0
2024-03-11 00:00,12.28,12.28,12.28,1,1.0
2024-03-11 01:00,12.28,12.28,12.28,1,1.0
2024-03-11 02:00,11.68,11.68,11.68,1,1.0
2024-03-11 03:00,11.23,11.23,11.23,1,1.0
2024-03-11 04:00,10.88,10.88,10.88,1,1.0
2024-03-11 05:00,10.57,10.57,10.57,1,1.0
2024-03-11 06:00,10.33,10.33,10.33,1,1.0
2024-03-11 07:00,10.58,10.58,10.58,1,1.0
2024-03-11 08:00,10.21,10.21,10.21,1,1.0
2024-03-11 09:00,11.01,11.01,11.01,1,1.0
2024-03-11 10:00,11.36,11.36,11.36,1,1.0
2024-03-11 11:00,11.98,11.98,11.98,1,1.0
2024-03-11 12:00,12.06,12.06,12.06,1,1.0
2024-03-11 13:00,12.28,12.28,12.28,1,1.0
2024-03-11 14:00,12.03,12.03,12.03,1,1.0
2024-03-11 15:00,11.86,11.86,11.86,1,1.0
2024-03-11 16:00,11.31,11.31,11.31,1,1.0
2024-03-11 17:00,10.73,10.73,10.73,1,1.0
2024-03-11 18:00,10.23,10.23,10.23,1,1.0
2024-03-11 19:00,9.78,9.78,9.78,1,1.0
2024-03-11 20:00,9.68,9.68,9.68,1,1.0
2024-03-11 21:00,9.79,9.79,9.79,1,1.0
2024-03-11 22:00,9.68,9.68,9.68,1,1.0
2024-03-11 23:00,9.54,9.54,9.54,1,1.0
2024-03-12 00:00,9.34,9.34,9.34,1,1.0
2024-03-12 01:00,9.3,9.3,9.3,1,1.0
2024-03-12 02:00,9.58,9.58,9.58,1,1.0
2024-03-12 03:00,9.43,9.43,9.43,1,1.0
2024-03-12 04:00,9.3,9.3,9.3,1,1.0
2024-03-12 05:00,8.88,8.88,8.88,1,1.0
2024-03-12 06:00,8.9,8.9,8.9,1,1.0
2024-03-12 07:00,9.01,9.01,9.01,1,1.0
2024-03-12 08:00,9.21,9.21,9.21,1,1.0
2024-03-12 09:00,9.87,9.87,9.87,1,1.0
2024-03-12 10:00,10.73,10.73,10.73,1,1.0
2024-03-12 11:00,11.43,11.43,11.43,1,1.0
2024-03-12 12:00,11.78,11.78,11.78,1,1.0
2024-03-12 13:00,12.04,12.04,12.04,1,1.0
2024-03-12 14:00,12.48,12.48,12.48,1,1.0
2024-03-12 15:00,12.64,12.64,12.64,1,1.0
2024-03-12 16:00,12.45,12.45,12.45,1,1.0
2024-03-12 17:00,11.33,11.33,11.33,1,1.0
2024-03-12 18:00,10.99,10.99,10.99,1,1.0
2024-03-12 19:00,10.62,10.62,10.62,1,1.0
2024-03-12 20:00,10.35,10.35,10.35,1,1.0
2024-03-12 21:00,11.23,11.23,11.23,1,1.0
2024-03-12 22:00,10.95,10.95,10.95,1,1.0
2024-03-12 23:00,10.72,10.72,10.72,1,1.0
2024-03-13 00:00,10.48,10.48,10.48,1,1.0
2024-03-13 01:00,10.19,10.19,10.19,1,1.0
2024-03-13 02:00,9.91,9.91,9.91,1,1.0
2024-03-13 03:00,6.67,6.67,6.67,1,1.0
2024-03-13 04:00,5.22,5.22,5.22,1,1.0
2024-03-13 05:00,4.67,4.67,4.67,1,1.0
2024-03-13 06:00,4.49,4.49,4.49,1,1.0
2024-03-13 07:00,5.27,5.27,5.27,1,1.0
2024-03-13 08:00,9.17,9.17,9.17,1,1.0
2024-03-13 09:00,11.46,11.46,11.46,1,1.0
2024-03-13 10:00,13.08,13.08,13.08,1,1.0
2024-03-13 11:00,14.05,14.05,14.05,1,1.0
2024-03-13 12:00,14.63,14.63,14.63,1,1.0
2024-03-13 13:00,14.62,14.62,14.62,1,1.0
2024-03-13 14:00,14.68,14.68,14.68,1,1.0
2024-03-13 15:00,14.47,14.47,14.47,1,1.0
2024-03-13 16:00,14.01,14.01,14.01,1,1.0
2024-03-13 17:00,13.62,13.62,13.62,1,1.0
2024-03-13 18:00,13.08,13.08,13.08,1,1.0
2024-03-13 19:00,12.29,12.29,12.29,1,1.0
2024-03-13 20:00,11.42,11.42,11.42,1,1.0
2024-03-13 21:00,10.3,10.3,10.3,1,1.0
2024-03-13 22:00,8.31,8.31,8.31,1,1.0
2024-03-13 23:00,7.37,7.37,7.37,1,1.0
2024-03-14 00:00,7.29,7.29,7.29,1,1.0
2024-03-14 01:00,7.32,7.32,7.32,1,1.0
2024-03-14 02:00,7.5,7.5,7.5,1,1.0
2024-03-14 03:00,7.61,7.61,7.61,1,1.0
2024-03-14 04:00,7.55,7.55,7.55,1,1.0
2024-03-14 05:00,7.49,7.49,7.49,1,1.0
2024-03-14 06:00,7.2,7.2,7.2,1,1.0
2024-03-14 07:00,7.37,7.37,7.37,1,1.0
2024-03-14 08:00,10.13,10.13,10.13,1,1.0
2024-03-14 09:00,12.39,12.39,12.39,1,1.0
2024-03-14 10:00,13.33,13.33,13.33,1,1.0
2024-03-14 11:00,14.01,14.01,14.01,1,1.0
2024-03-14 12:00,14.5,14.5,14.5,1,1.0
2024-03-14 13:00,14.66,14.66,14.66,1,1.0
2024-03-14 14:00,14.12,14.12,14.12,1,1.0
2024-03-14 15:00,13.99,13.99,13.99,1,1.0
2024-03-14 16:00,13.8,13.8,13.8,1,1.0
2024-03-14 17:00,13.3,13.3,13.3,1,1.0
2024-03-14 18:00,12.7,12.7,12.7,1,1.0
2024-03-14 19:00,12.08,12.08,12.08,1,1.0
2024-03-14 20:00,11.63,11.63,11.63,1,1.0
2024-03-14 21:00,12.31,12.31,12.31,1,1.0
2024-03-14 22:00,11.51,11.51,11.51,1,1.0
2024-03-14 23:00,9.77,9.77,9.77,1,1.0
2024-03-15 00:00,9.47,9.47,9.47,1,1.0
2024-03-15 01:00,10.01,10.01,10.01,1,1.0
2024-03-15 02:00,10.69,10.69,10.69,1,1.0
2024-03-15 03:00,10.58,10.58,10.58,1,1.0
2024-03-15 04:00,10.25,10.25,10.25,1,1.0
2024-03-15 05:00,10.12,10.12,10.12,1,1.0
2024-03-15 06:00,10.37,10.37,10.37,1,1.0
2024-03-15 07:00,10.31,10.31,10.31,1,1.0
2024-03-15 08:00,10.93,10.93,10.93,1,1.0
2024-03-15 09:00,11.75,11.75,11.75,1,1.0
2024-03-15 10:00,12.7,12.7,12.7,1,1.0
2024-03-15 11:00,13.31,13.31,13.31,1,1.0
2024-03-15 12:00,13.71,13.71,13.71,1,1.0
2024-03-15 13:00,13.87,13.87,13.87,1,1.0
2024-03-15 14:00,13.95,13.95,13.95,1,1.0
2024-03-15 15:00,13.75,13.75,13.75,1,1.0
2024-03-15 16:00,13.38,13.38,13.38,1,1.0
2024-03-15 17:00,12.88,12.88,12.88,1,1.0
2024-03-15 18:00,12.22,12.22,12.22,1,1.0
2024-03-15 19:00,11.62,11.62,11.62,1,1.0
2024-03-15 20:00,11.36,11.36,11.36,1,1.0
2024-03-15 21:00,10.51,10.51,10.51,1,1.0
2024-03-15 22:00,10.22,10.22,10.22,1,1.0
2024-03-15 23:00,11.05,11.05,11.05,1,1.0
2024-03-16 00:00,11.14,11.14,11.14,1,1.0
2024-03-16 01:00,10.95,10.95,10.95,1,1.0
2024-03-16 02:00,10.94,10.94,10.94,1,1.0
2024-03-16 03:00,10.48,10.48,10.48,1,1.0
2024-03-16 04:00,10.02,10.02,10.02,1,1.0
2024-03-16 05:00,9.81,9.81,9.81,1,1.0
2024-03-16 06:00,9.71,9.71,9.71,1,1.0
2024-03-16 07:00,9.79,9.79,9.79,1,1.0
2024-03-16 08:00,11.1,11.1,11.1,1,1.0
2024-03-16 09:00,11.92,11.92,11.92,1,1.0
2024-03-16 10:00,12.36,12.36,12.36,1,1.0
2024-03-16 11:00,12.56,12.56,12.56,1,1.0
2024-03-16 12:00,12.94,12.94,12.94,1,1.0
2024-03-16 13:00,13.26,13.26,13.26,1,1.0
2024-03-16 14:00,13.31,13.31,13.31,1,1.0
2024-03-16 15:00,13.19,13.19,13.19,1,1.0
2024-03-16 16:00,13.13,13.13,13.13,1,1.0
2024-03-16 17:00,12.56,12.56,12.56,1,1.0
2024-03-16 18:00,12.27,12.27,12.27,1,1.0
2024-03-16 19:00,12.13,12.13,12.13,1,1.0
2024-03-16 20:00,11.79,11.79,11.79,1,1.0
2024-03-16 21:00,11.61,11.61,11.61,1,1.0
2024-03-16 22:00,11.28,11.28,11.28,1,1.0
2024-03-16 23:00,10.74,10.74,10.74,1,1.0
2024-03-17 00:00,9.14,9.14,9.14,1,1.0
2024-03-17 01:00,8.36,8.36,8.36,1,1.0
2024-03-17 02:00,8.28,8.28,8.28,1,1.0
2024-03-17 03:00,8.36,8.36,8.36,1,1.0
2024-03-17 04:00,8.4,8.4,8.4,1,1.0
2024-03-17 05:00,8.42,8.42,8.42,1,1.0
2024-03-17 06:00,8.02,8.02,8.02,1,1.0
2024-03-17 07:00,8.17,8.17,8.17,1,1.0
2024-03-17 08:00,9.47,9.47,9.47,1,1.0
2024-03-17 09:00,12.19,12.19,12.19,1,1.0
2024-03-17 10:00,14.21,14.21,14.21,1,1.0
2024-03-17 11:00,15.32,15.32,15.32,1,1.0
2024-03-17 12:00,16.12,16.12,16.12,1,1.0
2024-03-17 13:00,16.44,16.44,16.44,1,1.0
2024-03-17 14:00,16.38,16.38,16.38,1,1.0
2024-03-17 15:00,16.25,16.25,16.25,1,1.0
2024-03-17 16:00,15.98,15.98,15.98,1,1.0
2024-03-17 17:00,15.35,15.35,15.35,1,1.0
2024-03-17 18:00,14.44,14.44,14.44,1,1.0
2024-03-17 19:00,13.77,13.77,13.77,1,1.0
2024-03-17 20:00,13.34,13.34,13.34,1,1.0
2024-03-17 21:00,12.61,12.61,12.61,1,1.0
2024-03-17 22:00,12.18,12.18,12.18,1,1.0
2024-03-17 23:00,12.73,12.73,12.73,1,1.0
2024-03-18 00:00,12.77,12.77,12.77,1,1.0
2024-03-18 01:00,12.46,12.46,12.46,1,1.0
2024-03-18 02:00,12.05,12.05,12.05,1,1.0
2024-03-18 03:00,11.75,11.75,11.75,1,1.0
2024-03-18 04:00,11.21,11.21,11.21,1,1.0
2024-03-18 05:00,10.73,10.73,10.73,1,1.0
2024-03-18 06:00,10.66,10.66,10.66,1,1.0
2024-03-18 07:00,10.76,10.76,10.76,1,1.0
2024-03-18 08:00,11.67,11.67,11.67,1,1.0
2024-03-18 09:00,12.49,12.49,12.49,1,1.0
2024-03-18 10:00,13.61,13.61,13.61,1,1.0
2024-03-18 11:00,14.17,14.17,14.17,1,1.0
2024-03-18 12:00,14.26,14.26,14.26,1,1.0
2024-03-18 13:00,13.9,13.9,13.9,1,1.0
2024-03-18 14:00,13.65,13.65,13.65,1,1.0
2024-03-18 15:00,13.37,13.37,13.37,1,1.0
2024-03-18 16:00,13.26,13.26,13.26,1,1.0
2024-03-18 17:00,12.89,12.89,12.89,1,1.0
2024-03-18 18:00,12.46,12.46,12.46,1,1.0
2024-03-18 19:00,12.22,12.22,12.22,1,1.0
2024-03-18 20:00,11.86,11.86,11.86,1,1.0
2024-03-18 21:00,11.7,11.7,11.7,1,1.0
2024-03-18 22:00,11.65,11.65,11.65,1,1.0
2024-03-18 23:00,11.64,11.64,11.64,1,1.0
2024-03-19 00:00,11.67,11.67,11.67,1,1.0
2024-03-19 01:00,11.8,11.8,11.8,1,1.0
2024-03-19 02:00,11.9,11.9,11.9,1,1.0
2024-03-19 03:00,11.91,11.91,11.91,1,1.0
2024-03-19 04:00,11.99,11.99,11.99,1,1.0
2024-03-19 05:00,11.78,11.78,11.78,1,1.0
2024-03-19 06:00,11.55,11.55,11.55,1,1.0
2024-03-19 07:00,11.64,11.64,11.64,1,1.0
2024-03-19 08:00,12.84,12.84,12.84,1,1.0
2024-03-19 09:00,13.96,13.96,13.96,1,1.0
2024-03-19 10:00,14.57,14.57,14.57,1,1.0
2024-03-19 11:00,15.35,15.35,15.35,1,1.0
2024-03-19 12:00,16.02,16.02,16.02,1,1.0
2024-03-19 13:00,16.7,16.7,16.7,1,1.0
2024-03-19 14:00,16.79,16.79,16.79,1,1.0
2024-03-19 15:00,16.79,16.79,16.79,1,1.0
2024-03-19 16:00,16.35,16.35,16.35,1,1.0
2024-03-19 17:00,15.72,15.72,15.72,1,1.0
2024-03-19 18:00,14.81,14.81,14.81,1,1.0
2024-03-19 19:00,13.89,13.89,13.89,1,1.0
2024-03-19 20:00,13.35,13.35,13.35,1,1.0
2024-03-19 21:00,12.65,12.65,12.65,1,1.0
2024-03-19 22:00,11.99,11.99,11.99,1,1.0
2024-03-19 23:00,11.46,11.46,11.46,1,1.0
2024-03-20 00:00,11.08,11.08,11.08,1,1.0
2024-03-20 01:00,10.69,10.69,10.69,1,1.0
2024-03-20 02:00,10.24,10.24,10.24,1,1.0
2024-03-20 03:00,9.82,9.82,9.82,1,1.0
2024-03-20 04:00,9.43,9.43,9.43,1,1.0
2024-03-20 05:00,9.07,9.07,9.07,1,1.0
2024-03-20 06:00,8.76,8.76,8.76,1,1.0
2024-03-20 07:00,8.89,8.89,8.89,1,1.0
2024-03-20 08:00,10.78,10.78,10.78,1,1.0
2024-03-20 09:00,12.26,12.26,12.26,1,1.0
2024-03-20 10:00,13.45,13.45,13.45,1,1.0
2024-03-20 11:00,14.66,14.66,14.66,1,1.0
2024-03-20 12:00,15.63,15.63,15.63,1,1.0
2024-03-20 13:00,16.31,16.31,16.31,1,1.0
2024-03-20 14:00,16.74,16.74,16.74,1,1.0
2024-03-20 15:00,16.86,16.86,16.86,1,1.0
2024-03-20 16:00,16.64,16.64,16.64,1,1.0
2024-03-20 17:00,16.01,16.01,16.01,1,1.0
2024-03-20 18:00,14.94,14.94,14.94,1,1.0
2024-03-20 19:00,13.63,13.63,13.63,1,1.0
2024-03-20 20:00,12.65,12.65,12.65,1,1.0
2024-03-20 21:00,11.37,11.37,11.37,1,1.0
2024-03-20 22:00,10.43,10.43,10.43,1,1.0
2024-03-20 23:00,9.92,9.92,9.92,1,1.0
2024-03-21 00:00,9.6,9.6,9.6,1,1.0
2024-03-21 01:00,9.24,9.24,9.24,1,1.0
2024-03-21 02:00,8.97,8.97,8.97,1,1.0
2024-03-21 03:00,8.65,8.65,8.65,1,1.0
2024-03-21 04:00,8.26,8.26,8.26,1,1.0
2024-03-21 05:00,8.02,8.02,8.02,1,1.0
2024-03-21 06:00,8.43,8.43,8.43,1,1.0
2024-03-21 07:00,9.24,9.24,9.24,1,1.0
2024-03-21 08:00,12.13,12.13,12.13,1,1.0
2024-03-21 09:00,13.94,13.94,13.94,1,1.0
2024-03-21 10:00,14.74,14.74,14.74,1,1.0
2024-03-21 11:00,15.27,15.27,15.27,1,1.0
2024-03-21 12:00,15.71,15.71,15.71,1,1.0
2024-03-21 13:00,15.95,15.95,15.95,1,1.0
2024-03-21 14:00,16.0,16.0,16.0,1,1.0
2024-03-21 15:00,15.52,15.52,15.52,1,1.0
2024-03-21 16:00,14.99,14.99,14.99,1,1.0
2024-03-21 17:00,14.44,14.44,14.44,1,1.0
2024-03-21 18:00,13.75,13.75,13.75,1,1.0
2024-03-21 19:00,13.06,13.06,13.06,1,1.0
2024-03-21 20:00,12.4,12.4,12.4,1,1.0
2024-03-21 21:00,11.53,11.53,11.53,1,1.0
2024-03-21 22:00,10.95,10.95,10.95,1,1.0
2024-03-21 23:00,11.76,11.76,11.76,1,1.0
2024-03-22 00:00,12.26,12.26,12.26,1,1.0
2024-03-22 01:00,12.04,12.04,12.04,1,1.0
2024-03-22 02:00,11.84,11.84,11.84,1,1.0
2024-03-22 03:00,11.6,11.6,11.6,1,1.0
2024-03-22 04:00,11.48,11.48,11.48,1,1.0
2024-03-22 05:00,11.26,11.26,11.26,1,1.0
2024-03-22 06:00,11.08,11.08,11.08,1,1.0
2024-03-22 07:00,10.48,10.48,10.48,1,1.0
2024-03-22 08:00,11.62,11.62,11.62,1,1.0
2024-03-22 09:00,12.72,12.72,12.72,1,1.0
2024-03-22 10:00,13.9,13.9,13.9,1,1.0
2024-03-22 11:00,15.26,15.26,15.26,1,1.0
2024-03-22 12:00,15.92,15.92,15.92,1,1.0
2024-03-22 13:00,16.22,16.22,16.22,1,1.0
2024-03-22 14:00,16.24,16.24,16.24,1,1.0
2024-03-22 15:00,15.89,15.89,15.89,1,1.0
2024-03-22 16:00,15.7,15.7,15.7,1,1.0
2024-03-22 17:00,15.7,15.7,15.7,1,1.0
2024-03-22 18:00,15.15,15.15,15.15,1,1.0
2024-03-22 19:00,14.36,14.36,14.36,1,1.0
2024-03-22 20:00,13.22,13.22,13.22,1,1.0
2024-03-22 21:00,12.15,12.15,12.15,1,1.0
2024-03-22 22:00,11.13,11.13,11.13,1,1.0
2024-03-22 23:00,10.31,10.31,10.31,1,1.0
2024-03-23 00:00,9.74,9.74,9.74,1,1.0
2024-03-23 01:00,9.65,9.65,9.65,1,1.0
2024-03-23 02:00,9.43,9.43,9.43,1,1.0
2024-03-23 03:00,9.35,9.35,9.35,1,1.0
2024-03-23 04:00,8.78,8.78,8.78,1,1.0
2024-03-23 05:00,8.5,8.5,8.5,1,1.0
2024-03-23 06:00,8.31,8.31,8.31,1,1.0
2024-03-23 07:00,8.64,8.64,8.64,1,1.0
2024-03-23 08:00,10.76,10.76,10.76,1,1.0
2024-03-23 09:00,12.9,12.9,12.9,1,1.0
2024-03-23 10:00,14.32,14.32,14.32,1,1.0
2024-03-23 11:00,15.09,15.09,15.09,1,1.0
2024-03-23 12:00,15.3,15.3,15.3,1,1.0
2024-03-23 13:00,15.06,15.06,15.06,1,1.0
2024-03-23 14:00,15.22,15.22,15.22,1,1.0
2024-03-23 15:00,15.02,15.02,15.02,1,1.0
2024-03-23 16:00,14.62,14.62,14.62,1,1.0
2024-03-23 17:00,14.08,14.08,14.08,1,1.0
2024-03-23 18:00,13.37,13.37,13.37,1,1.0
2024-03-23 19:00,12.64,12.64,12.64,1,1.0
2024-03-23 20:00,12.43,12.43,12.43,1,1.0
2024-03-23 21:00,12.16,12.16,12.16,1,1.0
2024-03-23 22:00,11.99,11.99,11.99,1,1.0
2024-03-23 23:00,12.05,12.05,12.05,1,1.0
2024-03-24 00:00,12.28,12.28,12.28,1,1.0
2024-03-24 01:00,12.15,12.15,12.15,1,1.0
2024-03-24 02:00,12.14,12.14,12.14,1,1.0
2024-03-24 03:00,12.18,12.18,12.18,1,1.0
2024-03-24 04:00,12.31,12.31,12.31,1,1.0
2024-03-24 05:00,12.32,12.32,12.32,1,1.0
2024-03-24 06:00,12.42,12.42,12.42,1,1.0
2024-03-24 07:00,12.75,12.75,12.75,1,1.0
2024-03-24 08:00,13.28,13.28,13.28,1,1.0
2024-03-24 09:00,14.04,14.04,14.04,1,1.0
2024-03-24 10:00,14.59,14.59,14.59,1,1.0
2024-03-24 11:00,15.09,15.09,15.09,1,1.0
2024-03-24 12:00,15.28,15.28,15.28,1,1.0
2024-03-24 13:00,15.35,15.35,15.35,1,1.0
2024-03-24 14:00,15.34,15.34,15.34,1,1.0
2024-03-24 15:00,15.08,15.08,15.08,1,1.0
2024-03-24 16:00,14.66,14.66,14.66,1,1.0
2024-03-24 17:00,14.11,14.11,14.11,1,1.0
2024-03-24 18:00,13.61,13.61,13.61,1,1.0
2024-03-24 19:00,13.23,13.23,13.23,1,1.0
2024-03-24 20:00,13.14,13.14,13.14,1,1.0
2024-03-24 21:00,12.74,12.74,12.74,1,1.0
2024-03-24 22:00,12.29,12.29,12.29,1,1.0
2024-03-24 23:00,11.88,11.88,11.88,1,1.0
2024-03-25 00:00,11.54,11.54,11.54,1,1.0
2024-03-25 01:00,11.22,11.22,11.22,1,1.0
2024-03-25 02:00,10.71,10.71,10.71,1,1.0
2024-03-25 03:00,11.02,11.02,11.02,1,1.0
2024-03-25 04:00,10.32,10.32,10.32,1,1.0
2024-03-25 05:00,9.63,9.63,9.63,1,1.0
2024-03-25 06:00,9.81,9.81,9.81,1,1.0
2024-03-25 07:00,10.83,10.83,10.83,1,1.0
2024-03-25 08:00,11.55,11.55,11.55,1,1.0
2024-03-25 09:00,12.51,12.51,12.51,1,1.0
2024-03-25 10:00,13.47,13.47,13.47,1,1.0
2024-03-25 11:00,14.37,14.37,14.37,1,1.0
2024-03-25 12:00,15.21,15.21,15.21,1,1.0
2024-03-25 13:00,15.71,15.71,15.71,1,1.0
2024-03-25 14:00,15.67,15.67,15.67,1,1.0
2024-03-25 15:00,15.53,15.53,15.53,1,1.0
2024-03-25 16:00,15.1,15.1,15.1,1,1.0
2024-03-25 17:00,14.45,14.45,14.45,1,1.0
2024-03-25 18:00,13.68,13.68,13.68,1,1.0
2024-03-25 19:00,13.11,13.11,13.11,1,1.0
2024-03-25 20:00,13.0,13.0,13.0,1,1.0
2024-03-25 21:00,13.05,13.05,13.05,1,1.0
2024-03-25 22:00,12.92,12.92,12.92,1,1.0
2024-03-25 23:00,12.76,12.76,12.76,1,1.0
2024-03-26 00:00,12.45,12.45,12.45,1,1.0
2024-03-26 01:00,11.98,11.98,11.98,1,1.0
2024-03-26 02:00,11.66,11.66,11.66,1,1.0
2024-03-26 03:00,11.48,11.48,11.48,1,1.0
2024-03-26 04:00,11.42,11.42,11.42,1,1.0
2024-03-26 05:00,11.57,11.57,11.57,1,1.0
2024-03-26 06:00,11.82,11.82,11.82,1,1.0
2024-03-26 07:00,12.18,12.18,12.18,1,1.0
2024-03-26 08:00,13.87,13.87,13.87,1,1.0
2024-03-26 09:00,14.91,14.91,14.91,1,1.0
2024-03-26 10:00,15.46,15.46,15.46,1,1.0
2024-03-26 11:00,16.58,16.58,16.58,1,1.0
2024-03-26 12:00,16.48,16.48,16.48,1,1.0
2024-03-26 13:00,15.13,15.13,15.13,1,1.0
2024-03-26 14:00,15.3,15.3,15.3,1,1.0
2024-03-26 15:00,15.59,15.59,15.59,1,1.0
2024-03-26 16:00,15.68,15.68,15.68,1,1.0
2024-03-26 17:00,14.47,14.47,14.47,1,1.0
2024-03-26 18:00,13.81,13.81,13.81,1,1.0
2024-03-26 19:00,13.47,13.47,13.47,1,1.0
2024-03-26 20:00,13.88,13.88,13.88,1,1.0
2024-03-26 21:00,13.66,13.66,13.66,1,1.0
2024-03-26 22:00,13.58,13.58,13.58,1,1.0
2024-03-26 23:00,13.45,13.45,13.45,1,1.0
2024-03-27 00:00,13.41,13.41,13.41,1,1.0
2024-03-27 01:00,13.35,13.35,13.35,1,1.0
2024-03-27 02:00,13.17,13.17,13.17,1,1.0
2024-03-27 03:00,13.1,13.1,13.1,1,1.0
2024-03-27 04:00,13.11,13.11,13.11,1,1.0
2024-03-27 05:00,13.07,13.07,13.07,1,1.0
2024-03-27 06:00,13.06,13.06,13.06,1,1.0
2024-03-27 07:00,13.29,13.29,13.29,1,1.0
2024-03-27 08:00,14.28,14.28,14.28,1,1.0
2024-03-27 09:00,15.7,15.7,15.7,1,1.0
2024-03-27 10:00,16.99,16.99,16.99,1,1.0
2024-03-27 11:00,18.63,18.63,18.63,1,1.0
2024-03-27 12:00,19.17,19.17,19.17,1,1.0
2024-03-27 13:00,17.24,17.24,17.24,1,1.0
2024-03-27 14:00,14.98,14.98,14.98,1,1.0
2024-03-27 15:00,13.75,13.75,13.75,1,1.0
2024-03-27 16:00,12.67,12.67,12.67,1,1.0
2024-03-27 17:00,11.48,11.48,11.48,1,1.0
2024-03-27 18:00,10.67,10.67,10.67,1,1.0
2024-03-27 19:00,10.62,10.62,10.62,1,1.0
2024-03-27 20:00,10.56,10.56,10.56,1,1.0
2024-03-27 21:00,10.51,10.51,10.51,1,1.0
2024-03-27 22:00,10.93,10.93,10.93,1,1.0
2024-03-27 23:00,11.22,11.22,11.22,1,1.0
2024-03-28 00:00,11.51,11.51,11.51,1,1.0
2024-03-28 01:00,11.59,11.59,11.59,1,1.0
2024-03-28 02:00,11.74,11.74,11.74,1,1.0
2024-03-28 03:00,11.73,11.73,11.73,1,1.0
2024-03-28 04:00,11.83,11.83,11.83,1,1.0
2024-03-28 05:00,11.72,11.72,11.72,1,1.0
2024-03-28 06:00,11.64,11.64,11.64,1,1.0
2024-03-28 07:00,12.11,12.11,12.11,1,1.0
2024-03-28 08:00,12.99,12.99,12.99,1,1.0
2024-03-28 09:00,13.59,13.59,13.59,1,1.0
2024-03-28 10:00,13.93,13.93,13.93,1,1.0
2024-03-28 11:00,14.48,14.48,14.48,1,1.0
2024-03-28 12:00,14.96,14.96,14.96,1,1.0
2024-03-28 13:00,15.23,15.23,15.23,1,1.0
2024-03-28 14:00,15.16,15.16,15.16,1,1.0
2024-03-28 15:00,15.19,15.19,15.19,1,1.0
2024-03-28 16:00,14.97,14.97,14.97,1,1.0
2024-03-28 17:00,15.06,15.06,15.06,1,1.0
2024-03-28 18:00,14.86,14.86,14.86,1,1.0
2024-03-28 19:00,14.6,14.6,14.6,1,1.0
2024-03-28 20:00,13.72,13.72,13.72,1,1.0
2024-03-28 21:00,13.45,13.45,13.45,1,1.0
2024-03-28 22:00,13.38,13.38,13.38,1,1.0
2024-03-28 23:00,13.35,13.35,13.35,1,1.0
2024-03-29 00:00,13.36,13.36,13.36,1,1.0
2024-03-29 01:00,13.38,13.38,13.38,1,1.0
2024-03-29 02:00,13.25,13.25,13.25,1,1.0
2024-03-29 03:00,12.96,12.96,12.96,1,1.0
2024-03-29 04:00,12.24,12.24,12.24,1,1.0
2024-03-29 05:00,11.74,11.74,11.74,1,1.0
2024-03-29 06:00,12.14,12.14,12.14,1,1.0
2024-03-29 07:00,12.68,12.68,12.68,1,1.0
2024-03-29 08:00,14.75,14.75,14.75,1,1.0
2024-03-29 09:00,16.54,16.54,16.54,1,1.0
2024-03-29 10:00,17.97,17.97,17.97,1,1.0
2024-03-29 11:00,19.03,19.03,19.03,1,1.0
2024-03-29 12:00,19.67,19.67,19.67,1,1.0
2024-03-29 13:00,19.94,19.94,19.94,1,1.0
2024-03-29 14:00,20.0,20.0,20.0,1,1.0
2024-03-29 15:00,19.95,19.95,19.95,1,1.0
2024-03-29 16:00,19.65,19.65,19.65,1,1.0
2024-03-29 17:00,19.12,19.12,19.12,1,1.0
2024-03-29 18:00,18.08,18.08,18.08,1,1.0
2024-03-29 19:00,16.7,16.7,16.7,1,1.0
2024-03-29 20:00,15.64,15.64,15.64,1,1.0
2024-03-29 21:00,14.95,14.95,14.95,1,1.0
2024-03-29 22:00,14.77,14.77,14.77,1,1.0
2024-03-29 23:00,14.79,14.79,14.79,1,1.0
2024-03-30 00:00,14.79,14.79,14.79,1,1.0
2024-03-30 01:00,14.84,14.84,14.84,1,1.0
2024-03-30 02:00,14.69,14.69,14.69,1,1.0
2024-03-30 03:00,14.29,14.29,14.29,1,1.0
2024-03-30 04:00,14.05,14.05,14.05,1,1.0
2024-03-30 05:00,14.27,14.27,14.27,1,1.0
2024-03-30 06:00,14.43,14.43,14.43,1,1.0
2024-03-30 07:00,15.0,15.0,15.0,1,1.0
2024-03-30 08:00,16.68,16.68,16.68,1,1.0
2024-03-30 09:00,18.19,18.19,18.19,1,1.0
2024-03-30 10:00,19.2,19.2,19.2,1,1.0
2024-03-30 11:00,19.87,19.87,19.87,1,1.0
2024-03-30 12:00,20.28,20.28,20.28,1,1.0
2024-03-30 13:00,20.21,20.21,20.21,1,1.0
2024-03-30 14:00,19.97,19.97,19.97,1,1.0
2024-03-30 15:00,19.7,19.7,19.7,1,1.0
2024-03-30 16:00,19.31,19.31,19.31,1,1.0
2024-03-30 17:00,18.69,18.69,18.69,1,1.0
2024-03-30 18:00,17.87,17.87,17.87,1,1.0
2024-03-30 19:00,17.31,17.31,17.31,1,1.0
2024-03-30 20:00,17.28,17.28,17.28,1,1.0
2024-03-30 21:00,17.08,17.08,17.08,1,1.0
2024-03-30 22:00,16.91,16.91,16.91,1,1.0
2024-03-30 23:00,16.77,16.77,16.77,1,1.0
2024-03-31 00:00,16.63,16.63,16.63,1,1.0
2024-03-31 01:00,16.47,16.47,16.47,1,1.0
2024-03-31 02:00,16.27,16.27,16.27,1,1.0
2024-03-31 03:00,16.03,16.03,16.03,1,1.0
2024-03-31 04:00,15.83,15.83,15.83,1,1.0
2024-03-31 05:00,15.6,15.6,15.6,1,1.0
2024-03-31 06:00,15.47,15.47,15.47,1,1.0
2024-03-31 07:00,15.75,15.75,15.75,1,1.0
2024-03-31 08:00,17.11,17.11,17.11,1,1.0
2024-03-31 09:00,18.12,18.12,18.12,1,1.0
2024-03-31 10:00,18.85,18.85,18.85,1,1.0
2024-03-31 11:00,19.47,19.47,19.47,1,1.0
2024-03-31 12:00,19.79,19.79,19.79,1,1.0
2024-03-31 13:00,19.97,19.97,19.97,1,1.0
2024-03-31 14:00,20.0,20.0,20.0,1,1.0
2024-03-31 15:00,19.8,19.8,19.8,1,1.0
2024-03-31 16:00,19.48,19.48,19.48,1,1.0
2024-03-31 17:00,19.02,19.02,19.02,1,1.0
2024-03-31 18:00,18.35,18.35,18.35,1,1.0
2024-03-31 19:00,17.67,17.67,17.67,1,1.0
2024-03-31 20:00,17.45,17.45,17.45,1,1.0
2024-03-31 21:00,17.46,17.46,17.46,1,1.0
2024-03-31 22:00,17.55,17.55,17.55,1,1.0
2024-03-31 23:00,17.54,17.54,17.54,1,1.0
2024-04-01 00:00,17.47,17.47,17.47,1,1.0
2024-04-01 01:00,17.43,17.43,17.43,1,1.0
2024-04-01 02:00,17.55,17.55,17.55,1,1.0
2024-04-01 03:00,17.58,17.58,17.58,1,1.0
2024-04-01 04:00,17.47,17.47,17.47,1,1.0
2024-04-01 05:00,17.28,17.28,17.28,1,1.0
2024-04-01 06:00,17.1,17.1,17.1,1,1.0
2024-04-01 07:00,17.31,17.31,17.31,1,1.0
2024-04-01 08:00,18.77,18.77,18.77,1,1.0
2024-04-01 09:00,19.88,19.88,19.88,1,1.0
2024-04-01 10:00,20.41,20.41,20.41,1,1.0
2024-04-01 11:00,20.63,20.63,20.63,1,1.0
2024-04-01 12:00,20.4,20.4,20.4,1,1.0
2024-04-01 13:00,19.79,19.79,19.79,1,1.0
2024-04-01 14:00,19.18,19.18,19.18,1,1.0
2024-04-01 15:00,18.7,18.7,18.7,1,1.0
2024-04-01 16:00,18.03,18.03,18.03,1,1.0
2024-04-01 17:00,16.97,16.97,16.97,1,1.0
2024-04-01 18:00,15.5,15.5,15.5,1,1.0
2024-04-01 19:00,14.18,14.18,14.18,1,1.0
2024-04-01 20:00,12.94,12.94,12.94,1,1.0
2024-04-01 21:00,12.45,12.45,12.45,1,1.0
2024-04-01 22:00,12.27,12.27,12.27,1,1.0
2024-04-01 23:00,11.95,11.95,11.95,1,1.0
2024-04-02 00:00,11.56,11.56,11.56,1,1.0
2024-04-02 01:00,11.24,11.24,11.24,1,1.0
2024-04-02 02:00,11.3,11.3,11.3,1,1.0
2024-04-02 03:00,11.41,11.41,11.41,1,1.0
2024-04-02 04:00,11.56,11.56,11.56,1,1.0
2024-04-02 05:00,11.89,11.89,11.89,1,1.0
2024-04-02 06:00,11.97,11.97,11.97,1,1.0
2024-04-02 07:00,12.45,12.45,12.45,1,1.0
2024-04-02 08:00,12.75,12.75,12.75,1,1.0
2024-04-02 09:00,13.64,13.64,13.64,1,1.0
2024-04-02 10:00,14.23,14.23,14.23,1,1.0
2024-04-02 11:00,14.38,14.38,14.38,1,1.0
2024-04-02 12:00,14.72,14.72,14.72,1,1.0
2024-04-02 13:00,14.69,14.69,14.69,1,1.0
2024-04-02 14:00,14.83,14.83,14.83,1,1.0
2024-04-02 15:00,14.94,14.94,14.94,1,1.0
2024-04-02 16:00,14.71,14.71,14.71,1,1.0
2024-04-02 17:00,14.39,14.39,14.39,1,1.0
2024-04-02 18:00,13.86,13.86,13.86,1,1.0
2024-04-02 19:00,13.37,13.37,13.37,1,1.0
2024-04-02 20:00,13.03,13.03,13.03,1,1.0
2024-04-02 21:00,12.85,12.85,12.85,1,1.0
2024-04-02 22:00,12.13,12.13,12.13,1,1.0
2024-04-02 23:00,12.96,12.96,12.96,1,1.0
2024-04-03 00:00,12.77,12.77,12.77,1,1.0
2024-04-03 01:00,11.06,11.06,11.06,1,1.0
2024-04-03 02:00,9.96,9.96,9.96,1,1.0
2024-04-03 03:00,9.97,9.97,9.97,1,1.0
2024-04-03 04:00,9.61,9.61,9.61,1,1.0
2024-04-03 05:00,9.49,9.49,9.49,1,1.0
2024-04-03 06:00,9.12,9.12,9.12,1,1.0
2024-04-03 07:00,10.63,10.63,10.63,1,1.0
2024-04-03 08:00,12.01,12.01,12.01,1,1.0
2024-04-03 09:00,13.39,13.39,13.39,1,1.0
2024-04-03 10:00,14.31,14.31,14.31,1,1.0
2024-04-03 11:00,14.81,14.81,14.81,1,1.0
2024-04-03 12:00,15.16,15.16,15.16,1,1.0
2024-04-03 13:00,15.12,15.12,15.12,1,1.0
2024-04-03 14:00,14.81,14.81,14.81,1,1.0
2024-04-03 15:00,14.81,14.81,14.81,1,1.0
2024-04-03 16:00,14.88,14.88,14.88,1,1.0
2024-04-03 17:00,14.5,14.5,14.5,1,1.0
2024-04-03 18:00,13.86,13.86,13.86,1,1.0
2024-04-03 19:00,13.13,13.13,13.13,1,1.0
2024-04-03 20:00,12.64,12.64,12.64,1,1.0
2024-04-03 21:00,12.23,12.23,12.23,1,1.0
2024-04-03 22:00,11.75,11.75,11.75,1,1.0
2024-04-03 23:00,11.07,11.07,11.07,1,1.0
2024-04-04 00:00,10.71,10.71,10.71,1,1.0
2024-04-04 01:00,10.74,10.74,10.74,1,1.0
2024-04-04 02:00,11.49,11.49,11.49,1,1.0
2024-04-04 03:00,12.15,12.15,12.15,1,1.0
2024-04-04 04:00,11.93,11.93,11.93,1,1.0
2024-04-04 05:00,10.65,10.65,10.65,1,1.0
2024-04-04 06:00,10.04,10.04,10.04,1,1.0
2024-04-04 07:00,11.29,11.29,11.29,1,1.0
2024-04-04 08:00,11.93,11.93,11.93,1,1.0
2024-04-04 09:00,13.45,13.45,13.45,1,1.0
2024-04-04 10:00,14.73,14.73,14.73,1,1.0
2024-04-04 11:00,15.67,15.67,15.67,1,1.0
2024-04-04 12:00,16.13,16.13,16.13,1,1.0
2024-04-04 13:00,16.14,16.14,16.14,1,1.0
2024-04-04 14:00,15.95,15.95,15.95,1,1.0
2024-04-04 15:00,15.65,15.65,15.65,1,1.0
2024-04-04 16:00,15.53,15.53,15.53,1,1.0
2024-04-04 17:00,15.25,15.25,15.25,1,1.0
2024-04-04 18:00,14.69,14.69,14.69,1,1.0
2024-04-04 19:00,13.58,13.58,13.58,1,1.0
2024-04-04 20:00,13.34,13.34,13.34,1,1.0
2024-04-04 21:00,13.36,13.36,13.36,1,1.0
2024-04-04 22:00,13.09,13.09,13.09,1,1.0
2024-04-04 23:00,12.81,12.81,12.81,1,1.0
2024-04-05 00:00,12.53,12.53,12.53,1,1.0
2024-04-05 01:00,12.29,12.29,12.29,1,1.0
2024-04-05 02:00,12.05,12.05,12.05,1,1.0
2024-04-05 03:00,11.93,11.93,11.93,1,1.0
2024-04-05 04:00,11.82,11.82,11.82,1,1.0
2024-04-05 05:00,11.72,11.72,11.72,1,1.0
2024-04-05 06:00,11.65,11.65,11.65,1,1.0
2024-04-05 07:00,11.23,11.23,11.23,1,1.0
2024-04-05 08:00,13.39,13.39,13.39,1,1.0
2024-04-05 09:00,14.49,14.49,14.49,1,1.0
2024-04-05 10:00,15.42,15.42,15.42,1,1.0
2024-04-05 11:00,16.26,16.26,16.26,1,1.0
2024-04-05 12:00,16.93,16.93,16.93,1,1.0
2024-04-05 13:00,17.31,17.31,17.31,1,1.0
2024-04-05 14:00,17.31,17.31,17.31,1,1.0
2024-04-05 15:00,17.05,17.05,17.05,1,1.0
2024-04-05 16:00,16.52,16.52,16.52,1,1.0
2024-04-05 17:00,15.95,15.95,15.95,1,1.0
2024-04-05 18:00,15.28,15.28,15.28,1,1.0
2024-04-05 19:00,14.43,14.43,14.43,1,1.0
2024-04-05 20:00,13.37,13.37,13.37,1,1.0
2024-04-05 21:00,12.54,12.54,12.54,1,1.0
2024-04-05 22:00,11.99,11.99,11.99,1,1.0
2024-04-05 23:00,11.95,11.95,11.95,1,1.0
2024-04-06 00:00,12.15,12.15,12.15,1,1.0
2024-04-06 01:00,11.84,11.84,11.84,1,1.0
2024-04-06 02:00,9.77,9.77,9.77,1,1.0
2024-04-06 03:00,9.13,9.13,9.13,1,1.0
2024-04-06 04:00,9.33,9.33,9.33,1,1.0
2024-04-06 05:00,9.47,9.47,9.47,1,1.0
2024-04-06 06:00,9.57,9.57,9.57,1,1.0
2024-04-06 07:00,10.63,10.63,10.63,1,1.0
2024-04-06 08:00,14.34,14.34,14.34,1,1.0
2024-04-06 09:00,15.78,15.78,15.78,1,1.0
2024-04-06 10:00,16.78,16.78,16.78,1,1.0
2024-04-06 11:00,17.48,17.48,17.48,1,1.0
2024-04-06 12:00,17.97,17.97,17.97,1,1.0
2024-04-06 13:00,18.21,18.21,18.21,1,1.0
2024-04-06 14:00,18.16,18.16,18.16,1,1.0
2024-04-06 15:00,17.97,17.97,17.97,1,1.0
2024-04-06 16:00,17.64,17.64,17.64,1,1.0
2024-04-06 17:00,17.15,17.15,17.15,1,1.0
2024-04-06 18:00,16.4,16.4,16.4,1,1.0
2024-04-06 19:00,15.51,15.51,15.51,1,1.0
2024-04-06 20:00,14.41,14.41,14.41,1,1.0
2024-04-06 21:00,14.05,14.05,14.05,1,1.0
2024-04-06 22:00,13.37,13.37,13.37,1,1.0
2024-04-06 23:00,13.02,13.02,13.02,1,1.0
2024-04-07 00:00,12.81,12.81,12.81,1,1.0
2024-04-07 01:00,12.29,12.29,12.29,1,1.0
2024-04-07 02:00,11.64,11.64,11.64,1,1.0
2024-04-07 03:00,11.39,11.39,11.39,1,1.0
2024-04-07 04:00,11.58,11.58,11.58,1,1.0
2024-04-07 05:00,11.36,11.36,11.36,1,1.0
2024-04-07 06:00,10.87,10.87,10.87,1,1.0
2024-04-07 07:00,12.24,12.24,12.24,1,1.0
2024-04-07 08:00,15.31,15.31,15.31,1,1.0
2024-04-07 09:00,17.02,17.02,17.02,1,1.0
2024-04-07 10:00,18.33,18.33,18.33,1,1.0
2024-04-07 11:00,19.03,19.03,19.03,1,1.0
2024-04-07 12:00,19.38,19.38,19.38,1,1.0
2024-04-07 13:00,19.61,19.61,19.61,1,1.0
2024-04-07 14:00,19.75,19.75,19.75,1,1.0
2024-04-07 15:00,19.64,19.64,19.64,1,1.0
2024-04-07 16:00,19.16,19.16,19.16,1,1.0
2024-04-07 17:00,18.48,18.48,18.48,1,1.0
2024-04-07 18:00,17.63,17.63,17.63,1,1.0
2024-04-07 19:00,16.72,16.72,16.72,1,1.0
2024-04-07 20:00,15.63,15.63,15.63,1,1.0
2024-04-07 21:00,14.81,14.81,14.81,1,1.0
2024-04-07 22:00,14.44,14.44,14.44,1,1.0
2024-04-07 23:00,14.68,14.68,14.68,1,1.0
2024-04-08 00:00,15.54,15.54,15.54,1,1.0
2024-04-08 01:00,15.65,15.65,15.65,1,1.0
2024-04-08 02:00,15.37,15.37,15.37,1,1.0
2024-04-08 03:00,15.17,15.17,15.17,1,1.0
2024-04-08 04:00,14.88,14.88,14.88,1,1.0
2024-04-08 05:00,14.23,14.23,14.23,1,1.0
2024-04-08 06:00,12.54,12.54,12.54,1,1.0
2024-04-08 07:00,12.99,12.99,12.99,1,1.0
2024-04-08 08:00,17.16,17.16,17.16,1,1.0
2024-04-08 09:00,19.14,19.14,19.14,1,1.0
2024-04-08 10:00,19.99,19.99,19.99,1,1.0
2024-04-08 11:00,20.23,20.23,20.23,1,1.0
2024-04-08 12:00,20.49,20.49,20.49,1,1.0
2024-04-08 13:00,20.8,20.8,20.8,1,1.0
2024-04-08 14:00,21.05,21.05,21.05,1,1.0
2024-04-08 15:00,21.18,21.18,21.18,1,1.0
2024-04-08 16:00,21.15,21.15,21.15,1,1.0
2024-04-08 17:00,20.88,20.88,20.88,1,1.0
2024-04-08 18:00,20.47,20.47,20.47,1,1.0
2024-04-08 19:00,19.97,19.97,19.97,1,1.0
2024-04-08 20:00,19.29,19.29,19.29,1,1.0
2024-04-08 21:00,19.03,19.03,19.03,1,1.0
2024-04-08 22:00,18.39,18.39,18.39,1,1.0
2024-04-08 23:00,15.68,15.68,15.68,1,1.0
2024-04-09 00:00,14.67,14.67,14.67,1,1.0
2024-04-09 01:00,14.46,14.46,14.46,1,1.0
2024-04-09 02:00,14.71,14.71,14.71,1,1.0
2024-04-09 03:00,14.84,14.84,14.84,1,1.0
2024-04-09 04:00,14.91,14.91,14.91,1,1.0
2024-04-09 05:00,15.84,15.84,15.84,1,1.0
2024-04-09 06:00,15.07,15.07,15.07,1,1.0
2024-04-09 07:00,14.57,14.57,14.57,1,1.0
2024-04-09 08:00,18.04,18.04,18.04,1,1.0
2024-04-09 09:00,19.27,19.27,19.27,1,1.0
2024-04-09 10:00,20.1,20.1,20.1,1,1.0
2024-04-09 11:00,20.59,20.59,20.59,1,1.0
2024-04-09 12:00,20.74,20.74,20.74,1,1.0
2024-04-09 13:00,20.76,20.76,20.76,1,1.0
2024-04-09 14:00,20.57,20.57,20.57,1,1.0
2024-04-09 15:00,20.2,20.2,20.2,1,1.0
2024-04-09 16:00,19.75,19.75,19.75,1,1.0
2024-04-09 17:00,19.22,19.22,19.22,1,1.0
2024-04-09 18:00,18.5,18.5,18.5,1,1.0
2024-04-09 19:00,17.37,17.37,17.37,1,1.0
2024-04-09 20:00,15.76,15.76,15.76,1,1.0
2024-04-09 21:00,15.09,15.09,15.09,1,1.0
2024-04-09 22:00,14.6,14.6,14.6,1,1.0
2024-04-09 23:00,13.68,13.68,13.68,1,1.0
2024-04-10 00:00,13.07,13.07,13.07,1,1.0
2024-04-10 01:00,12.72,12.72,12.72,1,1.0
2024-04-10 02:00,12.61,12.61,12.61,1,1.0
2024-04-10 03:00,13.11,13.11,13.11,1,1.0
2024-04-10 04:00,13.34,13.34,13.34,1,1.0
2024-04-10 05:00,13.82,13.82,13.82,1,1.0
2024-04-10 06:00,14.1,14.1,14.1,1,1.0
2024-04-10 07:00,14.66,14.66,14.66,1,1.0
2024-04-10 08:00,14.83,14.83,14.83,1,1.0
2024-04-10 09:00,15.21,15.21,15.21,1,1.0
2024-04-10 10:00,15.52,15.52,15.52,1,1.0
2024-04-10 11:00,15.84,15.84,15.84,1,1.0
2024-04-10 12:00,15.96,15.96,15.96,1,1.0
2024-04-10 13:00,15.98,15.98,15.98,1,1.0
2024-04-10 14:00,15.73,15.73,15.73,1,1.0
2024-04-10 15:00,15.47,15.47,15.47,1,1.0
2024-04-10 16:00,15.09,15.09,15.09,1,1.0
2024-04-10 17:00,14.46,14.46,14.46,1,1.0
2024-04-10 18:00,13.88,13.88,13.88,1,1.0
2024-04-10 19:00,13.21,13.21,13.21,1,1.0
2024-04-10 20:00,12.87,12.87,12.87,1,1.0
2024-04-10 21:00,12.13,12.13,12.13,1,1.0
2024-04-10 22:00,11.24,11.24,11.24,1,1.0
2024-04-10 23:00,10.67,10.67,10.67,1,1.0
2024-04-11 00:00,10.26,10.26,10.26,1,1.0
2024-04-11 01:00,9.9,9.9,9.9,1,1.0
2024-04-11 02:00,9.5,9.5,9.5,1,1.0
2024-04-11 03:00,9.08,9.08,9.08,1,1.0
2024-04-11 04:00,8.77,8.77,8.77,1,1.0
2024-04-11 05:00,8.42,8.42,8.42,1,1.0
2024-04-11 06:00,8.48,8.48,8.48,1,1.0
2024-04-11 07:00,10.61,10.61,10.61,1,1.0
2024-04-11 08:00,12.73,12.73,12.73,1,1.0
2024-04-11 09:00,14.26,14.26,14.26,1,1.0
2024-04-11 10:00,15.79,15.79,15.79,1,1.0
2024-04-11 11:00,17.16,17.16,17.16,1,1.0
2024-04-11 12:00,18.22,18.22,18.22,1,1.0
2024-04-11 13:00,18.62,18.62,18.62,1,1.0
2024-04-11 14:00,18.4,18.4,18.4,1,1.0
2024-04-11 15:00,18.09,18.09,18.09,1,1.0
2024-04-11 16:00,17.89,17.89,17.89,1,1.0
2024-04-11 17:00,17.76,17.76,17.76,1,1.0
2024-04-11 18:00,17.27,17.27,17.27,1,1.0
2024-04-11 19:00,16.71,16.71,16.71,1,1.0
2024-04-11 20:00,16.17,16.17,16.17,1,1.0
2024-04-11 21:00,15.62,15.62,15.62,1,1.0
2024-04-11 22:00,15.05,15.05,15.05,1,1.0
2024-04-11 23:00,14.47,14.47,14.47,1,1.0
2024-04-12 00:00,13.97,13.97,13.97,1,1.0
2024-04-12 01:00,13.6,13.6,13.6,1,1.0
2024-04-12 02:00,13.41,13.41,13.41,1,1.0
2024-04-12 03:00,13.12,13.12,13.12,1,1.0
2024-04-12 04:00,12.95,12.95,12.95,1,1.0
2024-04-12 05:00,12.8,12.8,12.8,1,1.0
2024-04-12 06:00,12.86,12.86,12.86,1,1.0
2024-04-12 07:00,14.02,14.02,14.02,1,1.0
2024-04-12 08:00,16.82,16.82,16.82,1,1.0
2024-04-12 09:00,18.89,18.89,18.89,1,1.0
2024-04-12 10:00,20.52,20.52,20.52,1,1.0
2024-04-12 11:00,21.88,21.88,21.88,1,1.0
2024-04-12 12:00,22.68,22.68,22.68,1,1.0
2024-04-12 13:00,22.68,22.68,22.68,1,1.0
2024-04-12 14:00,22.48,22.48,22.48,1,1.0
2024-04-12 15:00,22.2,22.2,22.2,1,1.0
2024-04-12 16:00,21.8,21.8,21.8,1,1.0
2024-04-12 17:00,21.69,21.69,21.69,1,1.0
2024-04-12 18:00,21.04,21.04,21.04,1,1.0
2024-04-12 19:00,20.18,20.18,20.18,1,1.0
2024-04-12 20:00,19.89,19.89,19.89,1,1.0
2024-04-12 21:00,19.06,19.06,19.06,1,1.0
2024-04-12 22:00,18.08,18.08,18.08,1,1.0
2024-04-12 23:00,17.13,17.13,17.13,1,1.0
2024-04-13 00:00,16.38,16.38,16.38,1,1.0
2024-04-13 01:00,15.75,15.75,15.75,1,1.0
2024-04-13 02:00,15.26,15.26,15.26,1,1.0
2024-04-13 03:00,14.82,14.82,14.82,1,1.0
2024-04-13 04:00,14.49,14.49,14.49,1,1.0
2024-04-13 05:00,14.26,14.26,14.26,1,1.0
2024-04-13 06:00,14.19,14.19,14.19,1,1.0
2024-04-13 07:00,15.37,15.37,15.37,1,1.0
2024-04-13 08:00,18.12,18.12,18.12,1,1.0
2024-04-13 09:00,20.37,20.37,20.37,1,1.0
2024-04-13 10:00,21.82,21.82,21.82,1,1.0
2024-04-13 11:00,22.66,22.66,22.66,1,1.0
2024-04-13 12:00,23.06,23.06,23.06,1,1.0
2024-04-13 13:00,23.28,23.28,23.28,1,1.0
2024-04-13 14:00,23.4,23.4,23.4,1,1.0
2024-04-13 15:00,23.26,23.26,23.26,1,1.0
2024-04-13 16:00,22.8,22.8,22.8,1,1.0
2024-04-13 17:00,22.26,22.26,22.26,1,1.0
2024-04-13 18:00,21.58,21.58,21.58,1,1.0
2024-04-13 19:00,20.77,20.77,20.77,1,1.0
2024-04-13 20:00,18.94,18.94,18.94,1,1.0
2024-04-13 21:00,17.65,17.65,17.65,1,1.0
2024-04-13 22:00,16.72,16.72,16.72,1,1.0
2024-04-13 23:00,16.18,16.18,16.18,1,1.0
2024-04-14 00:00,16.19,16.19,16.19,1,1.0
2024-04-14 01:00,16.06,16.06,16.06,1,1.0
2024-04-14 02:00,15.64,15.64,15.64,1,1.0
2024-04-14 03:00,15.27,15.27,15.27,1,1.0
2024-04-14 04:00,15.04,15.04,15.04,1,1.0
2024-04-14 05:00,14.82,14.82,14.82,1,1.0
2024-04-14 06:00,14.75,14.75,14.75,1,1.0
2024-04-14 07:00,16.16,16.16,16.16,1,1.0
2024-04-14 08:00,19.47,19.47,19.47,1,1.0
2024-04-14 09:00,21.77,21.77,21.77,1,1.0
2024-04-14 10:00,23.04,23.04,23.04,1,1.0
2024-04-14 11:00,23.6,23.6,23.6,1,1.0
2024-04-14 12:00,23.68,23.68,23.68,1,1.0
2024-04-14 13:00,23.67,23.67,23.67,1,1.0
2024-04-14 14:00,23.59,23.59,23.59,1,1.0
2024-04-14 15:00,23.31,23.31,23.31,1,1.0
2024-04-14 16:00,22.79,22.79,22.79,1,1.0
2024-04-14 17:00,22.08,22.08,22.08,1,1.0
2024-04-14 18:00,21.28,21.28,21.28,1,1.0
2024-04-14 19:00,20.27,20.27,20.27,1,1.0
2024-04-14 20:00,19.53,19.53,19.53,1,1.0
2024-04-14 21:00,18.8,18.8,18.8,1,1.0
2024-04-14 22:00,17.62,17.62,17.62,1,1.0
2024-04-14 23:00,18.29,18.29,18.29,1,1.0
2024-04-15 00:00,18.07,18.07,18.07,1,1.0
2024-04-15 01:00,18.77,18.77,18.77,1,1.0
2024-04-15 02:00,18.44,18.44,18.44,1,1.0
2024-04-15 03:00,17.93,17.93,17.93,1,1.0
2024-04-15 04:00,15.16,15.16,15.16,1,1.0
2024-04-15 05:00,14.82,14.82,14.82,1,1.0
2024-04-15 06:00,15.03,15.03,15.03,1,1.0
2024-04-15 07:00,15.41,15.41,15.41,1,1.0
2024-04-15 08:00,18.79,18.79,18.79,1,1.0
2024-04-15 09:00,19.37,19.37,19.37,1,1.0
2024-04-15 10:00,19.94,19.94,19.94,1,1.0
2024-04-15 11:00,20.79,20.79,20.79,1,1.0
2024-04-15 12:00,21.66,21.66,21.66,1,1.0
2024-04-15 13:00,22.14,22.14,22.14,1,1.0
2024-04-15 14:00,22.11,22.11,22.11,1,1.0
2024-04-15 15:00,21.71,21.71,21.71,1,1.0
2024-04-15 16:00,21.34,21.34,21.34,1,1.0
2024-04-15 17:00,20.98,20.98,20.98,1,1.0
2024-04-15 18:00,20.39,20.39,20.39,1,1.0
2024-04-15 19:00,19.4,19.4,19.4,1,1.0
2024-04-15 20:00,18.46,18.46,18.46,1,1.0
2024-04-15 21:00,18.23,18.23,18.23,1,1.0
2024-04-15 22:00,18.22,18.22,18.22,1,1.0
2024-04-15 23:00,18.11,18.11,18.11,1,1.0
2024-04-16 00:00,17.42,17.42,17.42,1,1.0
2024-04-16 01:00,16.49,16.49,16.49,1,1.0
2024-04-16 02:00,16.02,16.02,16.02,1,1.0
2024-04-16 03:00,17.03,17.03,17.03,1,1.0
2024-04-16 04:00,15.01,15.01,15.01,1,1.0
2024-04-16 05:00,15.1,15.1,15.1,1,1.0
2024-04-16 06:00,15.42,15.42,15.42,1,1.0
2024-04-16 07:00,17.16,17.16,17.16,1,1.0
2024-04-16 08:00,19.44,19.44,19.44,1,1.0
2024-04-16 09:00,20.59,20.59,20.59,1,1.0
2024-04-16 10:00,20.81,20.81,20.81,1,1.0
2024-04-16 11:00,20.58,20.58,20.58,1,1.0
2024-04-16 12:00,20.06,20.06,20.06,1,1.0
2024-04-16 13:00,19.37,19.37,19.37,1,1.0
2024-04-16 14:00,18.52,18.52,18.52,1,1.0
2024-04-16 15:00,17.58,17.58,17.58,1,1.0
2024-04-16 16:00,16.63,16.63,16.63,1,1.0
2024-04-16 17:00,16.1,16.1,16.1,1,1.0
2024-04-16 18:00,15.5,15.5,15.5,1,1.0
2024-04-16 19:00,15.1,15.1,15.1,1,1.0
2024-04-16 20:00,15.01,15.01,15.01,1,1.0
2024-04-16 21:00,14.6,14.6,14.6,1,1.0
2024-04-16 22:00,13.94,13.94,13.94,1,1.0
2024-04-16 23:00,14.13,14.13,14.13,1,1.0
2024-04-17 00:00,14.18,14.18,14.18,1,1.0
2024-04-17 01:00,14.0,14.0,14.0,1,1.0
2024-04-17 02:00,13.89,13.89,13.89,1,1.0
2024-04-17 03:00,13.57,13.57,13.57,1,1.0
2024-04-17 04:00,13.17,13.17,13.17,1,1.0
2024-04-17 05:00,12.98,12.98,12.98,1,1.0
2024-04-17 06:00,13.07,13.07,13.07,1,1.0
2024-04-17 07:00,13.57,13.57,13.57,1,1.0
2024-04-17 08:00,13.86,13.86,13.86,1,1.0
2024-04-17 09:00,14.37,14.37,14.37,1,1.0
2024-04-17 10:00,15.09,15.09,15.09,1,1.0
2024-04-17 11:00,15.39,15.39,15.39,1,1.0
2024-04-17 12:00,15.51,15.51,15.51,1,1.0
2024-04-17 13:00,15.73,15.73,15.73,1,1.0
2024-04-17 14:00,15.64,15.64,15.64,1,1.0
2024-04-17 15:00,15.19,15.19,15.19,1,1.0
2024-04-17 16:00,14.58,14.58,14.58,1,1.0
2024-04-17 17:00,14.17,14.17,14.17,1,1.0
2024-04-17 18:00,12.45,12.45,12.45,1,1.0
2024-04-17 19:00,11.86,11.86,11.86,1,1.0
2024-04-17 20:00,11.58,11.58,11.58,1,1.0
2024-04-17 21:00,11.55,11.55,11.55,1,1.0
2024-04-17 22:00,11.17,11.17,11.17,1,1.0
2024-04-17 23:00,10.36,10.36,10.36,1,1.0
2024-04-18 00:00,9.97,9.97,9.97,1,1.0
2024-04-18 01:00,10.46,10.46,10.46,1,1.0
2024-04-18 02:00,9.12,9.12,9.12,1,1.0
2024-04-18 03:00,7.8,7.8,7.8,1,1.0
2024-04-18 04:00,7.53,7.53,7.53,1,1.0
2024-04-18 05:00,8.06,8.06,8.06,1,1.0
2024-04-18 06:00,8.52,8.52,8.52,1,1.0
2024-04-18 07:00,10.08,10.08,10.08,1,1.0
2024-04-18 08:00,11.46,11.46,11.46,1,1.0
2024-04-18 09:00,12.33,12.33,12.33,1,1.0
2024-04-18 10:00,12.94,12.94,12.94,1,1.0
2024-04-18 11:00,12.52,12.52,12.52,1,1.0
2024-04-18 12:00,12.22,12.22,12.22,1,1.0
2024-04-18 13:00,12.39,12.39,12.39,1,1.0
2024-04-18 14:00,13.23,13.23,13.23,1,1.0
2024-04-18 15:00,13.29,13.29,13.29,1,1.0
2024-04-18 16:00,13.27,13.27,13.27,1,1.0
2024-04-18 17:00,12.9,12.9,12.9,1,1.0
2024-04-18 18:00,12.81,12.81,12.81,1,1.0
2024-04-18 19:00,12.27,12.27,12.27,1,1.0
2024-04-18 20:00,11.01,11.01,11.01,1,1.0
2024-04-18 21:00,10.24,10.24,10.24,1,1.0
2024-04-18 22:00,9.9,9.9,9.9,1,1.0
2024-04-18 23:00,9.58,9.58,9.58,1,1.0
2024-04-19 00:00,9.4,9.4,9.4,1,1.0
2024-04-19 01:00,9.01,9.01,9.01,1,1.0
2024-04-19 02:00,8.48,8.48,8.48,1,1.0
2024-04-19 03:00,8.57,8.57,8.57,1,1.0
2024-04-19 04:00,8.52,8.52,8.52,1,1.0
2024-04-19 05:00,8.25,8.25,8.25,1,1.0
2024-04-19 06:00,7.92,7.92,7.92,1,1.0
2024-04-19 07:00,9.01,9.01,9.01,1,1.0
2024-04-19 08:00,9.71,9.71,9.71,1,1.0
2024-04-19 09:00,10.18,10.18,10.18,1,1.0
2024-04-19 10:00,10.51,10.51,10.51,1,1.0
2024-04-19 11:00,11.04,11.04,11.04,1,1.0
2024-04-19 12:00,11.34,11.34,11.34,1,1.0
2024-04-19 13:00,12.12,12.12,12.12,1,1.0
2024-04-19 14:00,12.99,12.99,12.99,1,1.0
2024-04-19 15:00,13.49,13.49,13.49,1,1.0
2024-04-19 16:00,13.11,13.11,13.11,1,1.0
2024-04-19 17:00,13.07,13.07,13.07,1,1.0
2024-04-19 18:00,12.74,12.74,12.74,1,1.0
2024-04-19 19:00,12.14,12.14,12.14,1,1.0
2024-04-19 20:00,11.83,11.83,11.83,1,1.0
2024-04-19 21:00,10.39,10.39,10.39,1,1.0
2024-04-19 22:00,10.6,10.6,10.6,1,1.0
2024-04-19 23:00,9.18,9.18,9.18,1,1.0
2024-04-20 00:00,8.19,8.19,8.19,1,1.0
2024-04-20 01:00,8.01,8.01,8.01,1,1.0
2024-04-20 02:00,7.72,7.72,7.72,1,1.0
2024-04-20 03:00,8.44,8.44,8.44,1,1.0
2024-04-20 04:00,10.75,10.75,10.75,1,1.0
2024-04-20 05:00,10.86,10.86,10.86,1,1.0
2024-04-20 06:00,9.89,9.89,9.89,1,1.0
2024-04-20 07:00,11.18,11.18,11.18,1,1.0
2024-04-20 08:00,12.45,12.45,12.45,1,1.0
2024-04-20 09:00,13.2,13.2,13.2,1,1.0
2024-04-20 10:00,13.61,13.61,13.61,1,1.0
2024-04-20 11:00,13.61,13.61,13.61,1,1.0
2024-04-20 12:00,13.28,13.28,13.28,1,1.0
2024-04-20 13:00,13.42,13.42,13.42,1,1.0
2024-04-20 14:00,13.46,13.46,13.46,1,1.0
2024-04-20 15:00,13.49,13.49,13.49,1,1.0
2024-04-20 16:00,13.41,13.41,13.41,1,1.0
2024-04-20 17:00,13.24,13.24,13.24,1,1.0
2024-04-20 18:00,12.76,12.76,12.76,1,1.0
2024-04-20 19:00,12.49,12.49,12.49,1,1.0
2024-04-20 20:00,11.92,11.92,11.92,1,1.0
2024-04-20 21:00,11.34,11.34,11.34,1,1.0
2024-04-20 22:00,11.11,11.11,11.11,1,1.0
2024-04-20 23:00,10.74,10.74,10.74,1,1.0
2024-04-21 00:00,10.57,10.57,10.57,1,1.0
2024-04-21 01:00,10.29,10.29,10.29,1,1.0
2024-04-21 02:00,10.17,10.17,10.17,1,1.0
2024-04-21 03:00,9.86,9.86,9.86,1,1.0
2024-04-21 04:00,9.35,9.35,9.35,1,1.0
2024-04-21 05:00,9.55,9.55,9.55,1,1.0
2024-04-21 06:00,9.17,9.17,9.17,1,1.0
2024-04-21 07:00,9.43,9.43,9.43,1,1.0
2024-04-21 08:00,10.13,10.13,10.13,1,1.0
2024-04-21 09:00,10.81,10.81,10.81,1,1.0
2024-04-21 10:00,11.73,11.73,11.73,1,1.0
2024-04-21 11:00,12.5,12.5,12.5,1,1.0
2024-04-21 12:00,13.25,13.25,13.25,1,1.0
2024-04-21 13:00,13.89,13.89,13.89,1,1.0
2024-04-21 14:00,14.4,14.4,14.4,1,1.0
2024-04-21 15:00,14.71,14.71,14.71,1,1.0
2024-04-21 16:00,14.77,14.77,14.77,1,1.0
2024-04-21 17:00,14.47,14.47,14.47,1,1.0
2024-04-21 18:00,13.83,13.83,13.83,1,1.0
2024-04-21 19:00,13.06,13.06,13.06,1,1.0
2024-04-21 20:00,12.85,12.85,12.85,1,1.0
2024-04-21 21:00,12.47,12.47,12.47,1,1.0
2024-04-21 22:00,12.97,12.97,12.97,1,1.0
2024-04-21 23:00,12.03,12.03,12.03,1,1.0
2024-04-22 00:00,10.31,10.31,10.31,1,1.0
2024-04-22 01:00,9.04,9.04,9.04,1,1.0
2024-04-22 02:00,8.34,8.34,8.34,1,1.0
2024-04-22 03:00,8.23,8.23,8.23,1,1.0
2024-04-22 04:00,8.39,8.39,8.39,1,1.0
2024-04-22 05:00,8.64,8.64,8.64,1,1.0
2024-04-22 06:00,9.07,9.07,9.07,1,1.0
2024-04-22 07:00,11.33,11.33,11.33,1,1.0
2024-04-22 08:00,12.98,12.98,12.98,1,1.0
2024-04-22 09:00,13.9,13.9,13.9,1,1.0
2024-04-22 10:00,14.79,14.79,14.79,1,1.0
2024-04-22 11:00,15.36,15.36,15.36,1,1.0
2024-04-22 12:00,15.63,15.63,15.63,1,1.0
2024-04-22 13:00,15.86,15.86,15.86,1,1.0
2024-04-22 14:00,15.82,15.82,15.82,1,1.0
2024-04-22 15:00,15.74,15.74,15.74,1,1.0
2024-04-22 16:00,15.52,15.52,15.52,1,1.0
2024-04-22 17:00,15.15,15.15,15.15,1,1.0
2024-04-22 18:00,14.65,14.65,14.65,1,1.0
2024-04-22 19:00,13.63,13.63,13.63,1,1.0
2024-04-22 20:00,13.77,13.77,13.77,1,1.0
2024-04-22 21:00,13.5,13.5,13.5,1,1.0
2024-04-22 22:00,13.27,13.27,13.27,1,1.0
2024-04-22 23:00,13.04,13.04,13.04,1,1.0
2024-04-23 00:00,12.79,12.79,12.79,1,1.0
2024-04-23 01:00,12.51,12.51,12.51,1,1.0
2024-04-23 02:00,12.21,12.21,12.21,1,1.0
2024-04-23 03:00,12.02,12.02,12.02,1,1.0
2024-04-23 04:00,11.88,11.88,11.88,1,1.0
2024-04-23 05:00,11.72,11.72,11.72,1,1.0
2024-04-23 06:00,11.69,11.69,11.69,1,1.0
2024-04-23 07:00,11.49,11.49,11.49,1,1.0
2024-04-23 08:00,12.68,12.68,12.68,1,1.0
2024-04-23 09:00,13.78,13.78,13.78,1,1.0
2024-04-23 10:00,14.62,14.62,14.62,1,1.0
2024-04-23 11:00,14.99,14.99,14.99,1,1.0
2024-04-23 12:00,14.53,14.53,14.53,1,1.0
2024-04-23 13:00,14.32,14.32,14.32,1,1.0
2024-04-23 14:00,14.12,14.12,14.12,1,1.0
2024-04-23 15:00,13.89,13.89,13.89,1,1.0
2024-04-23 16:00,13.47,13.47,13.47,1,1.0
2024-04-23 17:00,13.0,13.0,13.0,1,1.0
2024-04-23 18:00,12.4,12.4,12.4,1,1.0
2024-04-23 19:00,11.86,11.86,11.86,1,1.0
2024-04-23 20:00,11.67,11.67,11.67,1,1.0
2024-04-23 21:00,11.22,11.22,11.22,1,1.0
2024-04-23 22:00,10.86,10.86,10.86,1,1.0
2024-04-23 23:00,10.77,10.77,10.77,1,1.0
2024-04-24 00:00,10.73,10.73,10.73,1,1.0
2024-04-24 01:00,10.72,10.72,10.72,1,1.0
2024-04-24 02:00,10.72,10.72,10.72,1,1.0
2024-04-24 03:00,10.43,10.43,10.43,1,1.0
2024-04-24 04:00,9.98,9.98,9.98,1,1.0
2024-04-24 05:00,9.97,9.97,9.97,1,1.0
2024-04-24 06:00,9.5,9.5,9.5,1,1.0
2024-04-24 07:00,10.11,10.11,10.11,1,1.0
2024-04-24 08:00,9.89,9.89,9.89,1,1.0
2024-04-24 09:00,11.13,11.13,11.13,1,1.0
2024-04-24 10:00,12.23,12.23,12.23,1,1.0
2024-04-24 11:00,12.69,12.69,12.69,1,1.0
2024-04-24 12:00,12.74,12.74,12.74,1,1.0
2024-04-24 13:00,12.75,12.75,12.75,1,1.0
2024-04-24 14:00,12.94,12.94,12.94,1,1.0
2024-04-24 15:00,12.36,12.36,12.36,1,1.0
2024-04-24 16:00,12.13,12.13,12.13,1,1.0
2024-04-24 17:00,11.56,11.56,11.56,1,1.0
2024-04-24 18:00,11.32,11.32,11.32,1,1.0
2024-04-24 19:00,10.91,10.91,10.91,1,1.0
2024-04-24 20:00,10.86,10.86,10.86,1,1.0
2024-04-24 21:00,10.38,10.38,10.38,1,1.0
2024-04-24 22:00,9.61,9.61,9.61,1,1.0
2024-04-24 23:00,9.72,9.72,9.72,1,1.0
2024-04-25 00:00,10.17,10.17,10.17,1,1.0
2024-04-25 01:00,10.02,10.02,10.02,1,1.0
2024-04-25 02:00,9.9,9.9,9.9,1,1.0
2024-04-25 03:00,9.9,9.9,9.9,1,1.0
2024-04-25 04:00,9.83,9.83,9.83,1,1.0
2024-04-25 05:00,9.81,9.81,9.81,1,1.0
2024-04-25 06:00,9.74,9.74,9.74,1,1.0
2024-04-25 07:00,10.34,10.34,10.34,1,1.0
2024-04-25 08:00,11.33,11.33,11.33,1,1.0
2024-04-25 09:00,12.09,12.09,12.09,1,1.0
2024-04-25 10:00,12.66,12.66,12.66,1,1.0
2024-04-25 11:00,12.84,12.84,12.84,1,1.0
2024-04-25 12:00,13.03,13.03,13.03,1,1.0
2024-04-25 13:00,13.05,13.05,13.05,1,1.0
2024-04-25 14:00,13.36,13.36,13.36,1,1.0
2024-04-25 15:00,13.26,13.26,13.26,1,1.0
2024-04-25 16:00,12.59,12.59,12.59,1,1.0
2024-04-25 17:00,11.95,11.95,11.95,1,1.0
2024-04-25 18:00,11.67,11.67,11.67,1,1.0
2024-04-25 19:00,11.36,11.36,11.36,1,1.0
2024-04-25 20:00,11.03,11.03,11.03,1,1.0
2024-04-25 21:00,10.86,10.86,10.86,1,1.0
2024-04-25 22:00,10.64,10.64,10.64,1,1.0
2024-04-25 23:00,9.93,9.93,9.93,1,1.0
2024-04-26 00:00,9.38,9.38,9.38,1,1.0
2024-04-26 01:00,9.52,9.52,9.52,1,1.0
2024-04-26 02:00,9.81,9.81,9.81,1,1.0
2024-04-26 03:00,9.84,9.84,9.84,1,1.0
2024-04-26 04:00,9.68,9.68,9.68,1,1.0
2024-04-26 05:00,9.91,9.91,9.91,1,1.0
2024-04-26 06:00,9.93,9.93,9.93,1,1.0
2024-04-26 07:00,10.95,10.95,10.95,1,1.0
2024-04-26 08:00,11.44,11.44,11.44,1,1.0
2024-04-26 09:00,12.4,12.4,12.4,1,1.0
2024-04-26 10:00,13.17,13.17,13.17,1,1.0
2024-04-26 11:00,14.0,14.0,14.0,1,1.0
2024-04-26 12:00,14.4,14.4,14.4,1,1.0
2024-04-26 13:00,15.08,15.08,15.08,1,1.0
2024-04-26 14:00,15.09,15.09,15.09,1,1.0
2024-04-26 15:00,15.05,15.05,15.05,1,1.0
2024-04-26 16:00,14.82,14.82,14.82,1,1.0
2024-04-26 17:00,14.66,14.66,14.66,1,1.0
2024-04-26 18:00,14.35,14.35,14.35,1,1.0
2024-04-26 19:00,13.89,13.89,13.89,1,1.0
2024-04-26 20:00,13.54,13.54,13.54,1,1.0
2024-04-26 21:00,13.28,13.28,13.28,1,1.0
2024-04-26 22:00,12.92,12.92,12.92,1,1.0
2024-04-26 23:00,12.68,12.68,12.68,1,1.0
2024-04-27 00:00,12.35,12.35,12.35,1,1.0
2024-04-27 01:00,11.99,11.99,11.99,1,1.0
2024-04-27 02:00,11.75,11.75,11.75,1,1.0
2024-04-27 03:00,11.56,11.56,11.56,1,1.0
2024-04-27 04:00,11.26,11.26,11.26,1,1.0
2024-04-27 05:00,11.01,11.01,11.01,1,1.0
2024-04-27 06:00,11.06,11.06,11.06,1,1.0
2024-04-27 07:00,12.98,12.98,12.98,1,1.0
2024-04-27 08:00,14.87,14.87,14.87,1,1.0
2024-04-27 09:00,16.73,16.73,16.73,1,1.0
2024-04-27 10:00,17.99,17.99,17.99,1,1.0
2024-04-27 11:00,18.92,18.92,18.92,1,1.0
2024-04-27 12:00,19.55,19.55,19.55,1,1.0
2024-04-27 13:00,19.55,19.55,19.55,1,1.0
2024-04-27 14:00,19.38,19.38,19.38,1,1.0
2024-04-27 15:00,19.12,19.12,19.12,1,1.0
2024-04-27 16:00,18.84,18.84,18.84,1,1.0
2024-04-27 17:00,18.58,18.58,18.58,1,1.0
2024-04-27 18:00,18.1,18.1,18.1,1,1.0
2024-04-27 19:00,17.0,17.0,17.0,1,1.0
2024-04-27 20:00,15.84,15.84,15.84,1,1.0
2024-04-27 21:00,14.33,14.33,14.33,1,1.0
2024-04-27 22:00,13.4,13.4,13.4,1,1.0
2024-04-27 23:00,12.97,12.97,12.97,1,1.0
2024-04-28 00:00,13.0,13.0,13.0,1,1.0
2024-04-28 01:00,12.9,12.9,12.9,1,1.0
2024-04-28 02:00,13.22,13.22,13.22,1,1.0
2024-04-28 03:00,12.79,12.79,12.79,1,1.0
2024-04-28 04:00,12.41,12.41,12.41,1,1.0
2024-04-28 05:00,12.16,12.16,12.16,1,1.0
2024-04-28 06:00,12.48,12.48,12.48,1,1.0
2024-04-28 07:00,14.59,14.59,14.59,1,1.0
2024-04-28 08:00,17.35,17.35,17.35,1,1.0
2024-04-28 09:00,19.27,19.27,19.27,1,1.0
2024-04-28 10:00,20.6,20.6,20.6,1,1.0
2024-04-28 11:00,21.47,21.47,21.47,1,1.0
2024-04-28 12:00,21.69,21.69,21.69,1,1.0
2024-04-28 13:00,21.53,21.53,21.53,1,1.0
2024-04-28 14:00,21.39,21.39,21.39,1,1.0
2024-04-28 15:00,21.11,21.11,21.11,1,1.0
2024-04-28 16:00,20.67,20.67,20.67,1,1.0
2024-04-28 17:00,20.41,20.41,20.41,1,1.0
2024-04-28 18:00,20.11,20.11,20.11,1,1.0
2024-04-28 19:00,19.03,19.03,19.03,1,1.0
2024-04-28 20:00,19.26,19.26,19.26,1,1.0
2024-04-28 21:00,18.43,18.43,18.43,1,1.0
2024-04-28 22:00,15.76,15.76,15.76,1,1.0
2024-04-28 23:00,14.65,14.65,14.65,1,1.0
2024-04-29 00:00,14.89,14.89,14.89,1,1.0
2024-04-29 01:00,14.74,14.74,14.74,1,1.0
2024-04-29 02:00,14.11,14.11,14.11,1,1.0
2024-04-29 03:00,13.74,13.74,13.74,1,1.0
2024-04-29 04:00,13.45,13.45,13.45,1,1.0
2024-04-29 05:00,13.17,13.17,13.17,1,1.0
2024-04-29 06:00,13.31,13.31,13.31,1,1.0
2024-04-29 07:00,14.93,14.93,14.93,1,1.0
2024-04-29 08:00,17.77,17.77,17.77,1,1.0
2024-04-29 09:00,19.71,19.71,19.71,1,1.0
2024-04-29 10:00,21.25,21.25,21.25,1,1.0
2024-04-29 11:00,22.47,22.47,22.47,1,1.0
2024-04-29 12:00,23.35,23.35,23.35,1,1.0
2024-04-29 13:00,23.79,23.79,23.79,1,1.0
2024-04-29 14:00,23.87,23.87,23.87,1,1.0
2024-04-29 15:00,23.54,23.54,23.54,1,1.0
2024-04-29 16:00,23.01,23.01,23.01,1,1.0
2024-04-29 17:00,22.28,22.28,22.28,1,1.0
2024-04-29 18:00,21.28,21.28,21.28,1,1.0
2024-04-29 19:00,21.4,21.4,21.4,1,1.0
2024-04-29 20:00,19.75,19.75,19.75,1,1.0
2024-04-29 21:00,18.45,18.45,18.45,1,1.0
2024-04-29 22:00,16.99,16.99,16.99,1,1.0
2024-04-29 23:00,16.04,16.04,16.04,1,1.0
2024-04-30 00:00,16.58,16.58,16.58,1,1.0
2024-04-30 01:00,15.89,15.89,15.89,1,1.0
2024-04-30 02:00,15.39,15.39,15.39,1,1.0
2024-04-30 03:00,14.93,14.93,14.93,1,1.0
2024-04-30 04:00,14.55,14.55,14.55,1,1.0
2024-04-30 05:00,14.24,14.24,14.24,1,1.0
2024-04-30 06:00,14.39,14.39,14.39,1,1.0
2024-04-30 07:00,16.02,16.02,16.02,1,1.0
2024-04-30 08:00,18.61,18.61,18.61,1,1.0
2024-04-30 09:00,20.64,20.64,20.64,1,1.0
2024-04-30 10:00,22.01,22.01,22.01,1,1.0
2024-04-30 11:00,22.93,22.93,22.93,1,1.0
2024-04-30 12:00,23.51,23.51,23.51,1,1.0
2024-04-30 13:00,23.53,23.53,23.53,1,1.0
2024-04-30 14:00,23.11,23.11,23.11,1,1.0
2024-04-30 15:00,22.39,22.39,22.39,1,1.0
2024-04-30 16:00,21.79,21.79,21.79,1,1.0
2024-04-30 17:00,21.32,21.32,21.32,1,1.0
2024-04-30 18:00,20.87,20.87,20.87,1,1.0
2024-04-30 19:00,19.67,19.67,19.67,1,1.0
2024-04-30 20:00,19.03,19.03,19.03,1,1.0
2024-04-30 21:00,18.39,18.39,18.39,1,1.0
2024-04-30 22:00,18.22,18.22,18.22,1,1.0
2024-04-30 23:00,17.5,17.5,17.5,1,1.0
2024-05-01 00:00,17.37,17.37,17.37,1,1.0
2024-05-01 01:00,16.68,16.68,16.68,1,1.0
2024-05-01 02:00,16.91,16.91,16.91,1,1.0
2024-05-01 03:00,16.44,16.44,16.44,1,1.0
2024-05-01 04:00,15.89,15.89,15.89,1,1.0
2024-05-01 05:00,15.98,15.98,15.98,1,1.0
2024-05-01 06:00,16.17,16.17,16.17,1,1.0
2024-05-01 07:00,16.57,16.57,16.57,1,1.0
2024-05-01 08:00,17.59,17.59,17.59,1,1.0
2024-05-01 09:00,17.31,17.31,17.31,1,1.0
2024-05-01 10:00,17.62,17.62,17.62,1,1.0
2024-05-01 11:00,17.41,17.41,17.41,1,1.0
2024-05-01 12:00,16.94,16.94,16.94,1,1.0
2024-05-01 13:00,16.59,16.59,16.59,1,1.0
2024-05-01 14:00,16.36,16.36,16.36,1,1.0
2024-05-01 15:00,16.37,16.37,16.37,1,1.0
2024-05-01 16:00,15.81,15.81,15.81,1,1.0
2024-05-01 17:00,15.69,15.69,15.69,1,1.0
2024-05-01 18:00,14.99,14.99,14.99,1,1.0
2024-05-01 19:00,14.59,14.59,14.59,1,1.0
2024-05-01 20:00,14.23,14.23,14.23,1,1.0
2024-05-01 21:00,14.25,14.25,14.25,1,1.0
2024-05-01 22:00,14.08,14.08,14.08,1,1.0
2024-05-01 23:00,14.24,14.24,14.24,1,1.0
2024-05-02 00:00,13.85,13.85,13.85,1,1.0
2024-05-02 01:00,13.85,13.85,13.85,1,1.0
2024-05-02 02:00,13.84,13.84,13.84,1,1.0
2024-05-02 03:00,13.71,13.71,13.71,1,1.0
2024-05-02 04:00,13.81,13.81,13.81,1,1.0
2024-05-02 05:00,13.6,13.6,13.6,1,1.0
2024-05-02 06:00,13.92,13.92,13.92,1,1.0
2024-05-02 07:00,14.28,14.28,14.28,1,1.0
2024-05-02 08:00,14.15,14.15,14.15,1,1.0
2024-05-02 09:00,15.03,15.03,15.03,1,1.0
2024-05-02 10:00,15.72,15.72,15.72,1,1.0
2024-05-02 11:00,15.78,15.78,15.78,1,1.0
2024-05-02 12:00,15.87,15.87,15.87,1,1.0
2024-05-02 13:00,15.65,15.65,15.65,1,1.0
2024-05-02 14:00,15.39,15.39,15.39,1,1.0
2024-05-02 15:00,14.7,14.7,14.7,1,1.0
2024-05-02 16:00,14.54,14.54,14.54,1,1.0
2024-05-02 17:00,14.39,14.39,14.39,1,1.0
2024-05-02 18:00,13.46,13.46,13.46,1,1.0
2024-05-02 19:00,12.54,12.54,12.54,1,1.0
2024-05-02 20:00,12.53,12.53,12.53,1,1.0
2024-05-02 21:00,12.1,12.1,12.1,1,1.0
2024-05-02 22:00,12.03,12.03,12.03,1,1.0
2024-05-02 23:00,12.0,12.0,12.0,1,1.0
2024-05-03 00:00,11.46,11.46,11.46,1,1.0
2024-05-03 01:00,11.41,11.41,11.41,1,1.0
2024-05-03 02:00,11.36,11.36,11.36,1,1.0
2024-05-03 03:00,11.12,11.12,11.12,1,1.0
2024-05-03 04:00,10.65,10.65,10.65,1,1.0
2024-05-03 05:00,10.7,10.7,10.7,1,1.0
2024-05-03 06:00,10.95,10.95,10.95,1,1.0
2024-05-03 07:00,11.87,11.87,11.87,1,1.0
2024-05-03 08:00,13.19,13.19,13.19,1,1.0
2024-05-03 09:00,13.36,13.36,13.36,1,1.0
2024-05-03 10:00,13.85,13.85,13.85,1,1.0
2024-05-03 11:00,14.51,14.51,14.51,1,1.0
2024-05-03 12:00,14.7,14.7,14.7,1,1.0
2024-05-03 13:00,14.6,14.6,14.6,1,1.0
2024-05-03 14:00,14.33,14.33,14.33,1,1.0
2024-05-03 15:00,14.65,14.65,14.65,1,1.0
2024-05-03 16:00,13.81,13.81,13.81,1,1.0
2024-05-03 17:00,14.04,14.04,14.04,1,1.0
2024-05-03 18:00,13.56,13.56,13.56,1,1.0
2024-05-03 19:00,13.07,13.07,13.07,1,1.0
2024-05-03 20:00,13.2,13.2,13.2,1,1.0
2024-05-03 21:00,13.09,13.09,13.09,1,1.0
2024-05-03 22:00,12.98,12.98,12.98,1,1.0
2024-05-03 23:00,12.86,12.86,12.86,1,1.0
2024-05-04 00:00,12.32,12.32,12.32,1,1.0
2024-05-04 01:00,11.86,11.86,11.86,1,1.0
2024-05-04 02:00,11.74,11.74,11.74,1,1.0
2024-05-04 03:00,11.57,11.57,11.57,1,1.0
2024-05-04 04:00,11.37,11.37,11.37,1,1.0
2024-05-04 05:00,11.12,11.12,11.12,1,1.0
2024-05-04 06:00,11.56,11.56,11.56,1,1.0
2024-05-04 07:00,12.69,12.69,12.69,1,1.0
2024-05-04 08:00,13.55,13.55,13.55,1,1.0
2024-05-04 09:00,14.66,14.66,14.66,1,1.0
2024-05-04 10:00,15.81,15.81,15.81,1,1.0
2024-05-04 11:00,16.67,16.67,16.67,1,1.0
2024-05-04 12:00,17.22,17.22,17.22,1,1.0
2024-05-04 13:00,17.26,17.26,17.26,1,1.0
2024-05-04 14:00,17.24,17.24,17.24,1,1.0
2024-05-04 15:00,17.09,17.09,17.09,1,1.0
2024-05-04 16:00,16.87,16.87,16.87,1,1.0
2024-05-04 17:00,16.66,16.66,16.66,1,1.0
2024-05-04 18:00,16.16,16.16,16.16,1,1.0
2024-05-04 19:00,15.51,15.51,15.51,1,1.0
2024-05-04 20:00,15.22,15.22,15.22,1,1.0
2024-05-04 21:00,14.62,14.62,14.62,1,1.0
2024-05-04 22:00,13.93,13.93,13.93,1,1.0
2024-05-04 23:00,14.17,14.17,14.17,1,1.0
2024-05-05 00:00,14.41,14.41,14.41,1,1.0
2024-05-05 01:00,14.13,14.13,14.13,1,1.0
2024-05-05 02:00,13.84,13.84,13.84,1,1.0
2024-05-05 03:00,13.02,13.02,13.02,1,1.0
2024-05-05 04:00,11.02,11.02,11.02,1,1.0
2024-05-05 05:00,10.68,10.68,10.68,1,1.0
2024-05-05 06:00,11.59,11.59,11.59,1,1.0
2024-05-05 07:00,12.43,12.43,12.43,1,1.0
2024-05-05 08:00,14.3,14.3,14.3,1,1.0
2024-05-05 09:00,15.54,15.54,15.54,1,1.0
2024-05-05 10:00,16.35,16.35,16.35,1,1.0
2024-05-05 11:00,16.97,16.97,16.97,1,1.0
2024-05-05 12:00,17.23,17.23,17.23,1,1.0
2024-05-05 13:00,17.03,17.03,17.03,1,1.0
2024-05-05 14:00,17.19,17.19,17.19,1,1.0
2024-05-05 15:00,17.07,17.07,17.07,1,1.0
2024-05-05 16:00,16.85,16.85,16.85,1,1.0
2024-05-05 17:00,16.5,16.5,16.5,1,1.0
2024-05-05 18:00,16.0,16.0,16.0,1,1.0
2024-05-05 19:00,15.32,15.32,15.32,1,1.0
2024-05-05 20:00,14.64,14.64,14.64,1,1.0
2024-05-05 21:00,14.69,14.69,14.69,1,1.0
2024-05-05 22:00,14.48,14.48,14.48,1,1.0
2024-05-05 23:00,14.28,14.28,14.28,1,1.0
2024-05-06 00:00,13.98,13.98,13.98,1,1.0
2024-05-06 01:00,13.68,13.68,13.68,1,1.0
2024-05-06 02:00,12.28,12.28,12.28,1,1.0
2024-05-06 03:00,11.77,11.77,11.77,1,1.0
2024-05-06 04:00,11.99,11.99,11.99,1,1.0
2024-05-06 05:00,11.83,11.83,11.83,1,1.0
2024-05-06 06:00,11.85,11.85,11.85,1,1.0
2024-05-06 07:00,12.78,12.78,12.78,1,1.0
2024-05-06 08:00,14.43,14.43,14.43,1,1.0
2024-05-06 09:00,16.11,16.11,16.11,1,1.0
2024-05-06 10:00,17.09,17.09,17.09,1,1.0
2024-05-06 11:00,17.67,17.67,17.67,1,1.0
2024-05-06 12:00,18.1,18.1,18.1,1,1.0
2024-05-06 13:00,18.39,18.39,18.39,1,1.0
2024-05-06 14:00,18.41,18.41,18.41,1,1.0
2024-05-06 15:00,18.32,18.32,18.32,1,1.0
2024-05-06 16:00,18.29,18.29,18.29,1,1.0
2024-05-06 17:00,18.32,18.32,18.32,1,1.0
2024-05-06 18:00,18.17,18.17,18.17,1,1.0
2024-05-06 19:00,17.83,17.83,17.83,1,1.0
2024-05-06 20:00,17.25,17.25,17.25,1,1.0
2024-05-06 21:00,16.96,16.96,16.96,1,1.0
2024-05-06 22:00,16.66,16.66,16.66,1,1.0
2024-05-06 23:00,16.36,16.36,16.36,1,1.0
2024-05-07 00:00,15.83,15.83,15.83,1,1.0
2024-05-07 01:00,13.49,13.49,13.49,1,1.0
2024-05-07 02:00,12.69,12.69,12.69,1,1.0
2024-05-07 03:00,12.63,12.63,12.63,1,1.0
2024-05-07 04:00,12.76,12.76,12.76,1,1.0
2024-05-07 05:00,13.15,13.15,13.15,1,1.0
2024-05-07 06:00,13.29,13.29,13.29,1,1.0
2024-05-07 07:00,15.88,15.88,15.88,1,1.0
2024-05-07 08:00,17.21,17.21,17.21,1,1.0
2024-05-07 09:00,18.03,18.03,18.03,1,1.0
2024-05-07 10:00,18.97,18.97,18.97,1,1.0
2024-05-07 11:00,19.56,19.56,19.56,1,1.0
2024-05-07 12:00,19.61,19.61,19.61,1,1.0
2024-05-07 13:00,19.68,19.68,19.68,1,1.0
2024-05-07 14:00,19.46,19.46,19.46,1,1.0
2024-05-07 15:00,19.46,19.46,19.46,1,1.0
2024-05-07 16:00,18.95,18.95,18.95,1,1.0
2024-05-07 17:00,18.13,18.13,18.13,1,1.0
2024-05-07 18:00,17.72,17.72,17.72,1,1.0
2024-05-07 19:00,17.16,17.16,17.16,1,1.0
2024-05-07 20:00,16.33,16.33,16.33,1,1.0
2024-05-07 21:00,15.48,15.48,15.48,1,1.0
2024-05-07 22:00,15.3,15.3,15.3,1,1.0
2024-05-07 23:00,15.54,15.54,15.54,1,1.0
2024-05-08 00:00,14.2,14.2,14.2,1,1.0
2024-05-08 01:00,13.94,13.94,13.94,1,1.0
2024-05-08 02:00,13.73,13.73,13.73,1,1.0
2024-05-08 03:00,13.9,13.9,13.9,1,1.0
2024-05-08 04:00,12.81,12.81,12.81,1,1.0
2024-05-08 05:00,12.76,12.76,12.76,1,1.0
2024-05-08 06:00,13.88,13.88,13.88,1,1.0
2024-05-08 07:00,15.7,15.7,15.7,1,1.0
2024-05-08 08:00,18.2,18.2,18.2,1,1.0
2024-05-08 09:00,19.52,19.52,19.52,1,1.0
2024-05-08 10:00,20.7,20.7,20.7,1,1.0
2024-05-08 11:00,20.92,20.92,20.92,1,1.0
2024-05-08 12:00,20.65,20.65,20.65,1,1.0
2024-05-08 13:00,19.64,19.64,19.64,1,1.0
2024-05-08 14:00,17.98,17.98,17.98,1,1.0
2024-05-08 15:00,16.59,16.59,16.59,1,1.0
2024-05-08 16:00,15.95,15.95,15.95,1,1.0
2024-05-08 17:00,15.64,15.64,15.64,1,1.0
2024-05-08 18:00,15.74,15.74,15.74,1,1.0
2024-05-08 19:00,15.62,15.62,15.62,1,1.0
2024-05-08 20:00,15.75,15.75,15.75,1,1.0
2024-05-08 21:00,15.62,15.62,15.62,1,1.0
2024-05-08 22:00,15.39,15.39,15.39,1,1.0
2024-05-08 23:00,15.18,15.18,15.18,1,1.0
2024-05-09 00:00,14.99,14.99,14.99,1,1.0
2024-05-09 01:00,15.37,15.37,15.37,1,1.0
2024-05-09 02:00,15.19,15.19,15.19,1,1.0
2024-05-09 03:00,14.96,14.96,14.96,1,1.0
2024-05-09 04:00,14.77,14.77,14.77,1,1.0
2024-05-09 05:00,14.43,14.43,14.43,1,1.0
2024-05-09 06:00,14.52,14.52,14.52,1,1.0
2024-05-09 07:00,15.25,15.25,15.25,1,1.0
2024-05-09 08:00,15.99,15.99,15.99,1,1.0
2024-05-09 09:00,16.89,16.89,16.89,1,1.0
2024-05-09 10:00,17.66,17.66,17.66,1,1.0
2024-05-09 11:00,18.58,18.58,18.58,1,1.0
2024-05-09 12:00,19.31,19.31,19.31,1,1.0
2024-05-09 13:00,20.24,20.24,20.24,1,1.0
2024-05-09 14:00,20.64,20.64,20.64,1,1.0
2024-05-09 15:00,20.9,20.9,20.9,1,1.0
2024-05-09 16:00,20.73,20.73,20.73,1,1.0
2024-05-09 17:00,19.96,19.96,19.96,1,1.0
2024-05-09 18:00,19.49,19.49,19.49,1,1.0
2024-05-09 19:00,18.86,18.86,18.86,1,1.0
2024-05-09 20:00,18.11,18.11,18.11,1,1.0
2024-05-09 21:00,17.56,17.56,17.56,1,1.0
2024-05-09 22:00,17.02,17.02,17.02,1,1.0
2024-05-09 23:00,16.51,16.51,16.51,1,1.0
2024-05-10 00:00,16.06,16.06,16.06,1,1.0
2024-05-10 01:00,15.63,15.63,15.63,1,1.0
2024-05-10 02:00,15.28,15.28,15.28,1,1.0
2024-05-10 03:00,14.9,14.9,14.9,1,1.0
2024-05-10 04:00,14.58,14.58,14.58,1,1.0
2024-05-10 05:00,14.38,14.38,14.38,1,1.0
2024-05-10 06:00,14.62,14.62,14.62,1,1.0
2024-05-10 07:00,15.94,15.94,15.94,1,1.0
2024-05-10 08:00,17.51,17.51,17.51,1,1.0
2024-05-10 09:00,18.88,18.88,18.88,1,1.0
2024-05-10 10:00,20.09,20.09,20.09,1,1.0
2024-05-10 11:00,20.95,20.95,20.95,1,1.0
2024-05-10 12:00,21.46,21.46,21.46,1,1.0
2024-05-10 13:00,21.8,21.8,21.8,1,1.0
2024-05-10 14:00,22.01,22.01,22.01,1,1.0
2024-05-10 15:00,21.85,21.85,21.85,1,1.0
2024-05-10 16:00,21.25,21.25,21.25,1,1.0
2024-05-10 17:00,20.79,20.79,20.79,1,1.0
2024-05-10 18:00,20.04,20.04,20.04,1,1.0
2024-05-10 19:00,19.26,19.26,19.26,1,1.0
2024-05-10 20:00,18.75,18.75,18.75,1,1.0
2024-05-10 21:00,18.2,18.2,18.2,1,1.0
2024-05-10 22:00,17.55,17.55,17.55,1,1.0
2024-05-10 23:00,16.83,16.83,16.83,1,1.0
2024-05-11 00:00,16.11,16.11,16.11,1,1.0
2024-05-11 01:00,15.36,15.36,15.36,1,1.0
2024-05-11 02:00,14.89,14.89,14.89,1,1.0
2024-05-11 03:00,14.45,14.45,14.45,1,1.0
2024-05-11 04:00,14.05,14.05,14.05,1,1.0
2024-05-11 05:00,13.81,13.81,13.81,1,1.0
2024-05-11 06:00,14.19,14.19,14.19,1,1.0
2024-05-11 07:00,15.94,15.94,15.94,1,1.0
2024-05-11 08:00,17.8,17.8,17.8,1,1.0
2024-05-11 09:00,19.16,19.16,19.16,1,1.0
2024-05-11 10:00,20.0,20.0,20.0,1,1.0
2024-05-11 11:00,20.78,20.78,20.78,1,1.0
2024-05-11 12:00,20.99,20.99,20.99,1,1.0
2024-05-11 13:00,21.05,21.05,21.05,1,1.0
2024-05-11 14:00,21.11,21.11,21.11,1,1.0
2024-05-11 15:00,21.09,21.09,21.09,1,1.0
2024-05-11 16:00,20.99,20.99,20.99,1,1.0
2024-05-11 17:00,20.72,20.72,20.72,1,1.0
2024-05-11 18:00,20.21,20.21,20.21,1,1.0
2024-05-11 19:00,19.44,19.44,19.44,1,1.0
2024-05-11 20:00,18.37,18.37,18.37,1,1.0
2024-05-11 21:00,17.02,17.02,17.02,1,1.0
2024-05-11 22:00,15.97,15.97,15.97,1,1.0
2024-05-11 23:00,15.07,15.07,15.07,1,1.0
2024-05-12 00:00,14.62,14.62,14.62,1,1.0
2024-05-12 01:00,14.35,14.35,14.35,1,1.0
2024-05-12 02:00,14.07,14.07,14.07,1,1.0
2024-05-12 03:00,13.76,13.76,13.76,1,1.0
2024-05-12 04:00,13.43,13.43,13.43,1,1.0
2024-05-12 05:00,13.04,13.04,13.04,1,1.0
2024-05-12 06:00,13.89,13.89,13.89,1,1.0
2024-05-12 07:00,16.63,16.63,16.63,1,1.0
2024-05-12 08:00,17.92,17.92,17.92,1,1.0
2024-05-12 09:00,18.77,18.77,18.77,1,1.0
2024-05-12 10:00,19.3,19.3,19.3,1,1.0
2024-05-12 11:00,19.79,19.79,19.79,1,1.0
2024-05-12 12:00,19.83,19.83,19.83,1,1.0
2024-05-12 13:00,19.82,19.82,19.82,1,1.0
2024-05-12 14:00,19.82,19.82,19.82,1,1.0
2024-05-12 15:00,19.69,19.69,19.69,1,1.0
2024-05-12 16:00,19.38,19.38,19.38,1,1.0
2024-05-12 17:00,19.19,19.19,19.19,1,1.0
2024-05-12 18:00,18.67,18.67,18.67,1,1.0
2024-05-12 19:00,18.06,18.06,18.06,1,1.0
2024-05-12 20:00,17.02,17.02,17.02,1,1.0
2024-05-12 21:00,17.19,17.19,17.19,1,1.0
2024-05-12 22:00,17.31,17.31,17.31,1,1.0
2024-05-12 23:00,17.02,17.02,17.02,1,1.0
2024-05-13 00:00,16.62,16.62,16.62,1,1.0
2024-05-13 01:00,16.41,16.41,16.41,1,1.0
2024-05-13 02:00,16.15,16.15,16.15,1,1.0
2024-05-13 03:00,14.08,14.08,14.08,1,1.0
2024-05-13 04:00,12.52,12.52,12.52,1,1.0
2024-05-13 05:00,12.31,12.31,12.31,1,1.0
2024-05-13 06:00,13.53,13.53,13.53,1,1.0
2024-05-13 07:00,15.19,15.19,15.19,1,1.0
2024-05-13 08:00,17.78,17.78,17.78,1,1.0
2024-05-13 09:00,18.71,18.71,18.71,1,1.0
2024-05-13 10:00,19.53,19.53,19.53,1,1.0
2024-05-13 11:00,20.11,20.11,20.11,1,1.0
2024-05-13 12:00,20.41,20.41,20.41,1,1.0
2024-05-13 13:00,20.49,20.49,20.49,1,1.0
2024-05-13 14:00,20.48,20.48,20.48,1,1.0
2024-05-13 15:00,20.48,20.48,20.48,1,1.0
2024-05-13 16:00,20.06,20.06,20.06,1,1.0
2024-05-13 17:00,19.75,19.75,19.75,1,1.0
2024-05-13 18:00,19.28,19.28,19.28,1,1.0
2024-05-13 19:00,18.61,18.61,18.61,1,1.0
2024-05-13 20:00,18.33,18.33,18.33,1,1.0
2024-05-13 21:00,17.67,17.67,17.67,1,1.0
2024-05-13 22:00,17.45,17.45,17.45,1,1.0
2024-05-13 23:00,16.07,16.07,16.07,1,1.0
2024-05-14 00:00,15.55,15.55,15.55,1,1.0
2024-05-14 01:00,15.38,15.38,15.38,1,1.0
2024-05-14 02:00,14.67,14.67,14.67,1,1.0
2024-05-14 03:00,13.81,13.81,13.81,1,1.0
2024-05-14 04:00,13.41,13.41,13.41,1,1.0
2024-05-14 05:00,13.41,13.41,13.41,1,1.0
2024-05-14 06:00,14.97,14.97,14.97,1,1.0
2024-05-14 07:00,17.42,17.42,17.42,1,1.0
2024-05-14 08:00,19.32,19.32,19.32,1,1.0
2024-05-14 09:00,20.38,20.38,20.38,1,1.0
2024-05-14 10:00,21.09,21.09,21.09,1,1.0
2024-05-14 11:00,21.49,21.49,21.49,1,1.0
2024-05-14 12:00,21.74,21.74,21.74,1,1.0
2024-05-14 13:00,21.76,21.76,21.76,1,1.0
2024-05-14 14:00,21.49,21.49,21.49,1,1.0
2024-05-14 15:00,21.02,21.02,21.02,1,1.0
2024-05-14 16:00,20.81,20.81,20.81,1,1.0
2024-05-14 17:00,20.37,20.37,20.37,1,1.0
2024-05-14 18:00,20.08,20.08,20.08,1,1.0
2024-05-14 19:00,19.53,19.53,19.53,1,1.0
2024-05-14 20:00,18.26,18.26,18.26,1,1.0
2024-05-14 21:00,17.4,17.4,17.4,1,1.0
2024-05-14 22:00,16.78,16.78,16.78,1,1.0
2024-05-14 23:00,16.36,16.36,16.36,1,1.0
2024-05-15 00:00,16.15,16.15,16.15,1,1.0
2024-05-15 01:00,16.16,16.16,16.16,1,1.0
2024-05-15 02:00,15.94,15.94,15.94,1,1.0
2024-05-15 03:00,15.71,15.71,15.71,1,1.0
2024-05-15 04:00,15.52,15.52,15.52,1,1.0
2024-05-15 05:00,15.25,15.25,15.25,1,1.0
2024-05-15 06:00,15.78,15.78,15.78,1,1.0
2024-05-15 07:00,17.6,17.6,17.6,1,1.0
2024-05-15 08:00,19.29,19.29,19.29,1,1.0
2024-05-15 09:00,20.82,20.82,20.82,1,1.0
2024-05-15 10:00,22.15,22.15,22.15,1,1.0
2024-05-15 11:00,23.06,23.06,23.06,1,1.0
2024-05-15 12:00,22.97,22.97,22.97,1,1.0
2024-05-15 13:00,22.32,22.32,22.32,1,1.0
2024-05-15 14:00,22.55,22.55,22.55,1,1.0
2024-05-15 15:00,22.78,22.78,22.78,1,1.0
2024-05-15 16:00,22.67,22.67,22.67,1,1.0
2024-05-15 17:00,21.92,21.92,21.92,1,1.0
2024-05-15 18:00,21.39,21.39,21.39,1,1.0
2024-05-15 19:00,21.05,21.05,21.05,1,1.0
2024-05-15 20:00,19.55,19.55,19.55,1,1.0
2024-05-15 21:00,20.5,20.5,20.5,1,1.0
2024-05-15 22:00,18.49,18.49,18.49,1,1.0
2024-05-15 23:00,18.09,18.09,18.09,1,1.0
2024-05-16 00:00,17.9,17.9,17.9,1,1.0
2024-05-16 01:00,17.8,17.8,17.8,1,1.0
2024-05-16 02:00,17.93,17.93,17.93,1,1.0
2024-05-16 03:00,17.71,17.71,17.71,1,1.0
2024-05-16 04:00,17.45,17.45,17.45,1,1.0
2024-05-16 05:00,17.41,17.41,17.41,1,1.0
2024-05-16 06:00,17.65,17.65,17.65,1,1.0
2024-05-16 07:00,19.53,19.53,19.53,1,1.0
2024-05-16 08:00,21.39,21.39,21.39,1,1.0
2024-05-16 09:00,23.3,23.3,23.3,1,1.0
2024-05-16 10:00,24.52,24.52,24.52,1,1.0
2024-05-16 11:00,24.89,24.89,24.89,1,1.0
2024-05-16 12:00,24.72,24.72,24.72,1,1.0
2024-05-16 13:00,24.46,24.46,24.46,1,1.0
2024-05-16 14:00,24.08,24.08,24.08,1,1.0
2024-05-16 15:00,23.45,23.45,23.45,1,1.0
2024-05-16 16:00,22.43,22.43,22.43,1,1.0
2024-05-16 17:00,21.44,21.44,21.44,1,1.0
2024-05-16 18:00,20.74,20.74,20.74,1,1.0
2024-05-16 19:00,20.04,20.04,20.04,1,1.0
2024-05-16 20:00,19.19,19.19,19.19,1,1.0
2024-05-16 21:00,18.4,18.4,18.4,1,1.0
2024-05-16 22:00,17.76,17.76,17.76,1,1.0
2024-05-16 23:00,17.3,17.3,17.3,1,1.0
2024-05-17 00:00,16.94,16.94,16.94,1,1.0
2024-05-17 01:00,16.25,16.25,16.25,1,1.0
2024-05-17 02:00,16.66,16.66,16.66,1,1.0
2024-05-17 03:00,16.42,16.42,16.42,1,1.0
2024-05-17 04:00,14.87,14.87,14.87,1,1.0
2024-05-17 05:00,14.91,14.91,14.91,1,1.0
2024-05-17 06:00,15.04,15.04,15.04,1,1.0
2024-05-17 07:00,15.78,15.78,15.78,1,1.0
2024-05-17 08:00,18.19,18.19,18.19,1,1.0
2024-05-17 09:00,19.78,19.78,19.78,1,1.0
2024-05-17 10:00,20.62,20.62,20.62,1,1.0
2024-05-17 11:00,21.04,21.04,21.04,1,1.0
2024-05-17 12:00,21.32,21.32,21.32,1,1.0
2024-05-17 13:00,21.62,21.62,21.62,1,1.0
2024-05-17 14:00,21.98,21.98,21.98,1,1.0
2024-05-17 15:00,22.28,22.28,22.28,1,1.0
2024-05-17 16:00,22.31,22.31,22.31,1,1.0
2024-05-17 17:00,22.02,22.02,22.02,1,1.0
2024-05-17 18:00,21.55,21.55,21.55,1,1.0
2024-05-17 19:00,20.75,20.75,20.75,1,1.0
2024-05-17 20:00,20.61,20.61,20.61,1,1.0
2024-05-17 21:00,20.08,20.08,20.08,1,1.0
2024-05-17 22:00,18.76,18.76,18.76,1,1.0
2024-05-17 23:00,16.81,16.81,16.81,1,1.0
2024-05-18 00:00,16.21,16.21,16.21,1,1.0
2024-05-18 01:00,15.42,15.42,15.42,1,1.0
2024-05-18 02:00,15.2,15.2,15.2,1,1.0
2024-05-18 03:00,15.92,15.92,15.92,1,1.0
2024-05-18 04:00,15.68,15.68,15.68,1,1.0
2024-05-18 05:00,15.49,15.49,15.49,1,1.0
2024-05-18 06:00,16.94,16.94,16.94,1,1.0
2024-05-18 07:00,18.76,18.76,18.76,1,1.0
2024-05-18 08:00,21.65,21.65,21.65,1,1.0
2024-05-18 09:00,23.48,23.48,23.48,1,1.0
2024-05-18 10:00,24.43,24.43,24.43,1,1.0
2024-05-18 11:00,23.41,23.41,23.41,1,1.0
2024-05-18 12:00,22.67,22.67,22.67,1,1.0
2024-05-18 13:00,23.12,23.12,23.12,1,1.0
2024-05-18 14:00,23.36,23.36,23.36,1,1.0
2024-05-18 15:00,21.92,21.92,21.92,1,1.0
2024-05-18 16:00,20.36,20.36,20.36,1,1.0
2024-05-18 17:00,19.57,19.57,19.57,1,1.0
2024-05-18 18:00,18.97,18.97,18.97,1,1.0
2024-05-18 19:00,18.82,18.82,18.82,1,1.0
2024-05-18 20:00,19.29,19.29,19.29,1,1.0
2024-05-18 21:00,18.72,18.72,18.72,1,1.0
2024-05-18 22:00,18.22,18.22,18.22,1,1.0
2024-05-18 23:00,16.76,16.76,16.76,1,1.0
2024-05-19 00:00,16.62,16.62,16.62,1,1.0
2024-05-19 01:00,15.98,15.98,15.98,1,1.0
2024-05-19 02:00,15.29,15.29,15.29,1,1.0
2024-05-19 03:00,15.68,15.68,15.68,1,1.0
2024-05-19 04:00,15.98,15.98,15.98,1,1.0
2024-05-19 05:00,16.32,16.32,16.32,1,1.0
2024-05-19 06:00,17.07,17.07,17.07,1,1.0
2024-05-19 07:00,18.39,18.39,18.39,1,1.0
2024-05-19 08:00,20.18,20.18,20.18,1,1.0
2024-05-19 09:00,21.8,21.8,21.8,1,1.0
2024-05-19 10:00,23.04,23.04,23.04,1,1.0
2024-05-19 11:00,23.33,23.33,23.33,1,1.0
2024-05-19 12:00,23.01,23.01,23.01,1,1.0
2024-05-19 13:00,22.22,22.22,22.22,1,1.0
2024-05-19 14:00,22.01,22.01,22.01,1,1.0
2024-05-19 15:00,21.71,21.71,21.71,1,1.0
2024-05-19 16:00,21.39,21.39,21.39,1,1.0
2024-05-19 17:00,21.48,21.48,21.48,1,1.0
2024-05-19 18:00,21.64,21.64,21.64,1,1.0
2024-05-19 19:00,21.38,21.38,21.38,1,1.0
2024-05-19 20:00,19.61,19.61,19.61,1,1.0
2024-05-19 21:00,18.61,18.61,18.61,1,1.0
2024-05-19 22:00,18.86,18.86,18.86,1,1.0
2024-05-19 23:00,19.25,19.25,19.25,1,1.0
2024-05-20 00:00,19.12,19.12,19.12,1,1.0
2024-05-20 01:00,17.63,17.63,17.63,1,1.0
2024-05-20 02:00,16.07,16.07,16.07,1,1.0
2024-05-20 03:00,15.41,15.41,15.41,1,1.0
2024-05-20 04:00,15.3,15.3,15.3,1,1.0
2024-05-20 05:00,15.79,15.79,15.79,1,1.0
2024-05-20 06:00,16.21,16.21,16.21,1,1.0
2024-05-20 07:00,18.06,18.06,18.06,1,1.0
2024-05-20 08:00,20.65,20.65,20.65,1,1.0
2024-05-20 09:00,22.37,22.37,22.37,1,1.0
2024-05-20 10:00,23.62,23.62,23.62,1,1.0
2024-05-20 11:00,24.59,24.59,24.59,1,1.0
2024-05-20 12:00,25.36,25.36,25.36,1,1.0
2024-05-20 13:00,25.84,25.84,25.84,1,1.0
2024-05-20 14:00,26.06,26.06,26.06,1,1.0
2024-05-20 15:00,26.29,26.29,26.29,1,1.0
2024-05-20 16:00,26.4,26.4,26.4,1,1.0
2024-05-20 17:00,26.32,26.32,26.32,1,1.0
2024-05-20 18:00,26.36,26.36,26.36,1,1.0
2024-05-20 19:00,25.22,25.22,25.22,1,1.0
2024-05-20 20:00,23.62,23.62,23.62,1,1.0
2024-05-20 21:00,22.45,22.45,22.45,1,1.0
2024-05-20 22:00,21.52,21.52,21.52,1,1.0
2024-05-20 23:00,20.63,20.63,20.63,1,1.0
2024-05-21 00:00,20.41,20.41,20.41,1,1.0
2024-05-21 01:00,20.18,20.18,20.18,1,1.0
2024-05-21 02:00,19.68,19.68,19.68,1,1.0
2024-05-21 03:00,19.12,19.12,19.12,1,1.0
2024-05-21 04:00,18.52,18.52,18.52,1,1.0
2024-05-21 05:00,18.13,18.13,18.13,1,1.0
2024-05-21 06:00,17.79,17.79,17.79,1,1.0
2024-05-21 07:00,17.91,17.91,17.91,1,1.0
2024-05-21 08:00,18.29,18.29,18.29,1,1.0
2024-05-21 09:00,18.24,18.24,18.24,1,1.0
2024-05-21 10:00,18.78,18.78,18.78,1,1.0
2024-05-21 11:00,19.79,19.79,19.79,1,1.0
2024-05-21 12:00,19.88,19.88,19.88,1,1.0
2024-05-21 13:00,20.05,20.05,20.05,1,1.0
2024-05-21 14:00,20.0,20.0,20.0,1,1.0
2024-05-21 15:00,19.72,19.72,19.72,1,1.0
2024-05-21 16:00,19.31,19.31,19.31,1,1.0
2024-05-21 17:00,18.77,18.77,18.77,1,1.0
2024-05-21 18:00,18.41,18.41,18.41,1,1.0
2024-05-21 19:00,17.95,17.95,17.95,1,1.0
2024-05-21 20:00,17.38,17.38,17.38,1,1.0
2024-05-21 21:00,16.88,16.88,16.88,1,1.0
2024-05-21 22:00,16.51,16.51,16.51,1,1.0
2024-05-21 23:00,16.24,16.24,16.24,1,1.0
2024-05-22 00:00,16.02,16.02,16.02,1,1.0
2024-05-22 01:00,15.9,15.9,15.9,1,1.0
2024-05-22 02:00,15.63,15.63,15.63,1,1.0
2024-05-22 03:00,15.97,15.97,15.97,1,1.0
2024-05-22 04:00,14.59,14.59,14.59,1,1.0
2024-05-22 05:00,14.08,14.08,14.08,1,1.0
2024-05-22 06:00,15.1,15.1,15.1,1,1.0
2024-05-22 07:00,16.62,16.62,16.62,1,1.0
2024-05-22 08:00,17.51,17.51,17.51,1,1.0
2024-05-22 09:00,18.33,18.33,18.33,1,1.0
2024-05-22 10:00,18.96,18.96,18.96,1,1.0
2024-05-22 11:00,19.53,19.53,19.53,1,1.0
2024-05-22 12:00,19.74,19.74,19.74,1,1.0
2024-05-22 13:00,19.61,19.61,19.61,1,1.0
2024-05-22 14:00,19.4,19.4,19.4,1,1.0
2024-05-22 15:00,19.41,19.41,19.41,1,1.0
2024-05-22 16:00,19.24,19.24,19.24,1,1.0
2024-05-22 17:00,19.06,19.06,19.06,1,1.0
2024-05-22 18:00,18.59,18.59,18.59,1,1.0
2024-05-22 19:00,17.96,17.96,17.96,1,1.0
2024-05-22 20:00,17.22,17.22,17.22,1,1.0
2024-05-22 21:00,16.35,16.35,16.35,1,1.0
2024-05-22 22:00,16.47,16.47,16.47,1,1.0
2024-05-22 23:00,17.1,17.1,17.1,1,1.0
2024-05-23 00:00,16.88,16.88,16.88,1,1.0
2024-05-23 01:00,16.67,16.67,16.67,1,1.0
2024-05-23 02:00,16.49,16.49,16.49,1,1.0
2024-05-23 03:00,15.79,15.79,15.79,1,1.0
2024-05-23 04:00,13.4,13.4,13.4,1,1.0
2024-05-23 05:00,12.96,12.96,12.96,1,1.0
2024-05-23 06:00,14.32,14.32,14.32,1,1.0
2024-05-23 07:00,15.42,15.42,15.42,1,1.0
2024-05-23 08:00,17.75,17.75,17.75,1,1.0
2024-05-23 09:00,18.85,18.85,18.85,1,1.0
2024-05-23 10:00,19.61,19.61,19.61,1,1.0
2024-05-23 11:00,20.11,20.11,20.11,1,1.0
2024-05-23 12:00,20.33,20.33,20.33,1,1.0
2024-05-23 13:00,20.51,20.51,20.51,1,1.0
2024-05-23 14:00,20.63,20.63,20.63,1,1.0
2024-05-23 15:00,20.46,20.46,20.46,1,1.0
2024-05-23 16:00,20.16,20.16,20.16,1,1.0
2024-05-23 17:00,19.79,19.79,19.79,1,1.0
2024-05-23 18:00,19.3,19.3,19.3,1,1.0
2024-05-23 19:00,18.66,18.66,18.66,1,1.0
2024-05-23 20:00,17.68,17.68,17.68,1,1.0
2024-05-23 21:00,16.82,16.82,16.82,1,1.0
2024-05-23 22:00,16.89,16.89,16.89,1,1.0
2024-05-23 23:00,16.9,16.9,16.9,1,1.0
2024-05-24 00:00,17.03,17.03,17.03,1,1.0
2024-05-24 01:00,16.82,16.82,16.82,1,1.0
2024-05-24 02:00,15.97,15.97,15.97,1,1.0
2024-05-24 03:00,15.5,15.5,15.5,1,1.0
2024-05-24 04:00,15.86,15.86,15.86,1,1.0
2024-05-24 05:00,15.58,15.58,15.58,1,1.0
2024-05-24 06:00,15.07,15.07,15.07,1,1.0
2024-05-24 07:00,17.49,17.49,17.49,1,1.0
2024-05-24 08:00,18.66,18.66,18.66,1,1.0
2024-05-24 09:00,19.71,19.71,19.71,1,1.0
2024-05-24 10:00,20.6,20.6,20.6,1,1.0
2024-05-24 11:00,21.42,21.42,21.42,1,1.0
2024-05-24 12:00,22.03,22.03,22.03,1,1.0
2024-05-24 13:00,22.21,22.21,22.21,1,1.0
2024-05-24 14:00,22.13,22.13,22.13,1,1.0
2024-05-24 15:00,21.8,21.8,21.8,1,1.0
2024-05-24 16:00,21.18,21.18,21.18,1,1.0
2024-05-24 17:00,20.61,20.61,20.61,1,1.0
2024-05-24 18:00,20.11,20.11,20.11,1,1.0
2024-05-24 19:00,19.5,19.5,19.5,1,1.0
2024-05-24 20:00,18.94,18.94,18.94,1,1.0
2024-05-24 21:00,18.56,18.56,18.56,1,1.0
2024-05-24 22:00,17.67,17.67,17.67,1,1.0
2024-05-24 23:00,17.09,17.09,17.09,1,1.0
2024-05-25 00:00,16.42,16.42,16.42,1,1.0
2024-05-25 01:00,16.2,16.2,16.2,1,1.0
2024-05-25 02:00,17.22,17.22,17.22,1,1.0
2024-05-25 03:00,16.6,16.6,16.6,1,1.0
2024-05-25 04:00,17.14,17.14,17.14,1,1.0
2024-05-25 05:00,16.62,16.62,16.62,1,1.0
2024-05-25 06:00,16.68,16.68,16.68,1,1.0
2024-05-25 07:00,17.71,17.71,17.71,1,1.0
2024-05-25 08:00,18.56,18.56,18.56,1,1.0
2024-05-25 09:00,18.74,18.74,18.74,1,1.0
2024-05-25 10:00,19.05,19.05,19.05,1,1.0
2024-05-25 11:00,19.17,19.17,19.17,1,1.0
2024-05-25 12:00,19.29,19.29,19.29,1,1.0
2024-05-25 13:00,19.44,19.44,19.44,1,1.0
2024-05-25 14:00,19.92,19.92,19.92,1,1.0
2024-05-25 15:00,19.6,19.6,19.6,1,1.0
2024-05-25 16:00,19.03,19.03,19.03,1,1.0
2024-05-25 17:00,18.66,18.66,18.66,1,1.0
2024-05-25 18:00,18.43,18.43,18.43,1,1.0
2024-05-25 19:00,18.27,18.27,18.27,1,1.0
2024-05-25 20:00,17.61,17.61,17.61,1,1.0
2024-05-25 21:00,16.86,16.86,16.86,1,1.0
2024-05-25 22:00,17.07,17.07,17.07,1,1.0
2024-05-25 23:00,17.15,17.15,17.15,1,1.0
2024-05-26 00:00,16.87,16.87,16.87,1,1.0
2024-05-26 01:00,16.56,16.56,16.56,1,1.0
2024-05-26 02:00,15.3,15.3,15.3,1,1.0
2024-05-26 03:00,15.29,15.29,15.29,1,1.0
2024-05-26 04:00,14.65,14.65,14.65,1,1.0
2024-05-26 05:00,13.97,13.97,13.97,1,1.0
2024-05-26 06:00,14.81,14.81,14.81,1,1.0
2024-05-26 07:00,17.81,17.81,17.81,1,1.0
2024-05-26 08:00,19.03,19.03,19.03,1,1.0
2024-05-26 09:00,20.26,20.26,20.26,1,1.0
2024-05-26 10:00,21.12,21.12,21.12,1,1.0
2024-05-26 11:00,21.65,21.65,21.65,1,1.0
2024-05-26 12:00,21.73,21.73,21.73,1,1.0
2024-05-26 13:00,21.77,21.77,21.77,1,1.0
2024-05-26 14:00,21.66,21.66,21.66,1,1.0
2024-05-26 15:00,21.65,21.65,21.65,1,1.0
2024-05-26 16:00,21.37,21.37,21.37,1,1.0
2024-05-26 17:00,21.2,21.2,21.2,1,1.0
2024-05-26 18:00,20.81,20.81,20.81,1,1.0
2024-05-26 19:00,20.19,20.19,20.19,1,1.0
2024-05-26 20:00,19.35,19.35,19.35,1,1.0
2024-05-26 21:00,18.48,18.48,18.48,1,1.0
2024-05-26 22:00,17.74,17.74,17.74,1,1.0
2024-05-26 23:00,17.2,17.2,17.2,1,1.0
2024-05-27 00:00,16.72,16.72,16.72,1,1.0
2024-05-27 01:00,16.09,16.09,16.09,1,1.0
2024-05-27 02:00,15.28,15.28,15.28,1,1.0
2024-05-27 03:00,14.91,14.91,14.91,1,1.0
2024-05-27 04:00,14.54,14.54,14.54,1,1.0
2024-05-27 05:00,14.52,14.52,14.52,1,1.0
2024-05-27 06:00,16.04,16.04,16.04,1,1.0
2024-05-27 07:00,18.34,18.34,18.34,1,1.0
2024-05-27 08:00,19.29,19.29,19.29,1,1.0
2024-05-27 09:00,20.09,20.09,20.09,1,1.0
2024-05-27 10:00,20.74,20.74,20.74,1,1.0
2024-05-27 11:00,20.95,20.95,20.95,1,1.0
2024-05-27 12:00,21.38,21.38,21.38,1,1.0
2024-05-27 13:00,21.6,21.6,21.6,1,1.0
2024-05-27 14:00,21.22,21.22,21.22,1,1.0
2024-05-27 15:00,20.63,20.63,20.63,1,1.0
2024-05-27 16:00,20.27,20.27,20.27,1,1.0
2024-05-27 17:00,20.03,20.03,20.03,1,1.0
2024-05-27 18:00,19.7,19.7,19.7,1,1.0
2024-05-27 19:00,19.32,19.32,19.32,1,1.0
2024-05-27 20:00,18.56,18.56,18.56,1,1.0
2024-05-27 21:00,17.91,17.91,17.91,1,1.0
2024-05-27 22:00,17.32,17.32,17.32,1,1.0
2024-05-27 23:00,16.88,16.88,16.88,1,1.0
2024-05-28 00:00,16.7,16.7,16.7,1,1.0
2024-05-28 01:00,16.5,16.5,16.5,1,1.0
2024-05-28 02:00,16.06,16.06,16.06,1,1.0
2024-05-28 03:00,15.8,15.8,15.8,1,1.0
2024-05-28 04:00,15.56,15.56,15.56,1,1.0
2024-05-28 05:00,16.03,16.03,16.03,1,1.0
2024-05-28 06:00,16.99,16.99,16.99,1,1.0
2024-05-28 07:00,17.32,17.32,17.32,1,1.0
2024-05-28 08:00,18.33,18.33,18.33,1,1.0
2024-05-28 09:00,19.15,19.15,19.15,1,1.0
2024-05-28 10:00,20.08,20.08,20.08,1,1.0
2024-05-28 11:00,20.61,20.61,20.61,1,1.0
2024-05-28 12:00,21.21,21.21,21.21,1,1.0
2024-05-28 13:00,21.32,21.32,21.32,1,1.0
2024-05-28 14:00,20.97,20.97,20.97,1,1.0
2024-05-28 15:00,20.03,20.03,20.03,1,1.0
2024-05-28 16:00,20.04,20.04,20.04,1,1.0
2024-05-28 17:00,19.91,19.91,19.91,1,1.0
2024-05-28 18:00,19.63,19.63,19.63,1,1.0
2024-05-28 19:00,19.16,19.16,19.16,1,1.0
2024-05-28 20:00,18.5,18.5,18.5,1,1.0
2024-05-28 21:00,17.75,17.75,17.75,1,1.0
2024-05-28 22:00,17.29,17.29,17.29,1,1.0
2024-05-28 23:00,17.97,17.97,17.97,1,1.0
2024-05-29 00:00,17.84,17.84,17.84,1,1.0
2024-05-29 01:00,17.58,17.58,17.58,1,1.0
2024-05-29 02:00,17.09,17.09,17.09,1,1.0
2024-05-29 03:00,15.42,15.42,15.42,1,1.0
2024-05-29 04:00,14.56,14.56,14.56,1,1.0
2024-05-29 05:00,15.08,15.08,15.08,1,1.0
2024-05-29 06:00,15.35,15.35,15.35,1,1.0
2024-05-29 07:00,16.3,16.3,16.3,1,1.0
2024-05-29 08:00,18.23,18.23,18.23,1,1.0
2024-05-29 09:00,19.75,19.75,19.75,1,1.0
2024-05-29 10:00,20.84,20.84,20.84,1,1.0
2024-05-29 11:00,21.64,21.64,21.64,1,1.0
2024-05-29 12:00,21.83,21.83,21.83,1,1.0
2024-05-29 13:00,21.75,21.75,21.75,1,1.0
2024-05-29 14:00,21.54,21.54,21.54,1,1.0
2024-05-29 15:00,21.4,21.4,21.4,1,1.0
2024-05-29 16:00,21.0,21.0,21.0,1,1.0
2024-05-29 17:00,20.58,20.58,20.58,1,1.0
2024-05-29 18:00,20.21,20.21,20.21,1,1.0
2024-05-29 19:00,19.92,19.92,19.92,1,1.0
2024-05-29 20:00,19.1,19.1,19.1,1,1.0
2024-05-29 21:00,18.41,18.41,18.41,1,1.0
2024-05-29 22:00,17.77,17.77,17.77,1,1.0
2024-05-29 23:00,18.32,18.32,18.32,1,1.0
2024-05-30 00:00,18.31,18.31,18.31,1,1.0
2024-05-30 01:00,18.02,18.02,18.02,1,1.0
2024-05-30 02:00,17.71,17.71,17.71,1,1.0
2024-05-30 03:00,17.46,17.46,17.46,1,1.0
2024-05-30 04:00,17.28,17.28,17.28,1,1.0
2024-05-30 05:00,17.17,17.17,17.17,1,1.0
2024-05-30 06:00,17.28,17.28,17.28,1,1.0
2024-05-30 07:00,18.35,18.35,18.35,1,1.0
2024-05-30 08:00,19.06,19.06,19.06,1,1.0
2024-05-30 09:00,19.87,19.87,19.87,1,1.0
2024-05-30 10:00,20.43,20.43,20.43,1,1.0
2024-05-30 11:00,20.63,20.63,20.63,1,1.0
2024-05-30 12:00,20.8,20.8,20.8,1,1.0
2024-05-30 13:00,20.95,20.95,20.95,1,1.0
2024-05-30 14:00,21.08,21.08,21.08,1,1.0
2024-05-30 15:00,21.03,21.03,21.03,1,1.0
2024-05-30 16:00,20.47,20.47,20.47,1,1.0
2024-05-30 17:00,20.07,20.07,20.07,1,1.0
2024-05-30 18:00,19.52,19.52,19.52,1,1.0
2024-05-30 19:00,18.94,18.94,18.94,1,1.0
2024-05-30 20:00,18.29,18.29,18.29,1,1.0
2024-05-30 21:00,18.02,18.02,18.02,1,1.0
2024-05-30 22:00,17.91,17.91,17.91,1,1.0
2024-05-30 23:00,17.85,17.85,17.85,1,1.0
2024-05-31 00:00,17.79,17.79,17.79,1,1.0
2024-05-31 01:00,17.88,17.88,17.88,1,1.0
2024-05-31 02:00,17.84,17.84,17.84,1,1.0
2024-05-31 03:00,18.07,18.07,18.07,1,1.0
2024-05-31 04:00,18.05,18.05,18.05,1,1.0
2024-05-31 05:00,18.13,18.13,18.13,1,1.0
2024-05-31 06:00,18.22,18.22,18.22,1,1.0
2024-05-31 07:00,18.7,18.7,18.7,1,1.0
2024-05-31 08:00,19.23,19.23,19.23,1,1.0
2024-05-31 09:00,20.01,20.01,20.01,1,1.0
2024-05-31 10:00,20.68,20.68,20.68,1,1.0
2024-05-31 11:00,21.17,21.17,21.17,1,1.0
2024-05-31 12:00,21.13,21.13,21.13,1,1.0
2024-05-31 13:00,21.22,21.22,21.22,1,1.0
2024-05-31 14:00,20.81,20.81,20.81,1,1.0
2024-05-31 15:00,20.12,20.12,20.12,1,1.0
2024-05-31 16:00,20.13,20.13,20.13,1,1.0
2024-05-31 17:00,19.81,19.81,19.81,1,1.0
2024-05-31 18:00,19.62,19.62,19.62,1,1.0
2024-05-31 19:00,19.13,19.13,19.13,1,1.0
2024-05-31 20:00,18.54,18.54,18.54,1,1.0
2024-05-31 21:00,18.27,18.27,18.27,1,1.0
2024-05-31 22:00,18.48,18.48,18.48,1,1.0
2024-05-31 23:00,18.36,18.36,18.36,1,1.0
2024-06-01 00:00,18.3,18.3,18.3,1,1.0
2024-06-01 01:00,18.33,18.33,18.33,1,1.0
2024-06-01 02:00,18.28,18.28,18.28,1,1.0
2024-06-01 03:00,18.33,18.33,18.33,1,1.0
2024-06-01 04:00,18.33,18.33,18.33,1,1.0
2024-06-01 05:00,18.39,18.39,18.39,1,1.0
2024-06-01 06:00,18.67,18.67,18.67,1,1.0
2024-06-01 07:00,19.08,19.08,19.08,1,1.0
2024-06-01 08:00,19.6,19.6,19.6,1,1.0
2024-06-01 09:00,20.31,20.31,20.31,1,1.0
2024-06-01 10:00,20.26,20.26,20.26,1,1.0
2024-06-01 11:00,20.26,20.26,20.26,1,1.0
2024-06-01 12:00,20.24,20.24,20.24,1,1.0
2024-06-01 13:00,20.21,20.21,20.21,1,1.0
2024-06-01 14:00,20.39,20.39,20.39,1,1.0
2024-06-01 15:00,20.88,20.88,20.88,1,1.0
2024-06-01 16:00,21.24,21.24,21.24,1,1.0
2024-06-01 17:00,21.36,21.36,21.36,1,1.0
2024-06-01 18:00,21.18,21.18,21.18,1,1.0
2024-06-01 19:00,20.79,20.79,20.79,1,1.0
2024-06-01 20:00,19.18,19.18,19.18,1,1.0
2024-06-01 21:00,19.09,19.09,19.09,1,1.0
2024-06-01 22:00,18.46,18.46,18.46,1,1.0
2024-06-01 23:00,18.35,18.35,18.35,1,1.0
2024-06-02 00:00,18.56,18.56,18.56,1,1.0
2024-06-02 01:00,18.67,18.67,18.67,1,1.0
2024-06-02 02:00,18.56,18.56,18.56,1,1.0
2024-06-02 03:00,18.3,18.3,18.3,1,1.0
2024-06-02 04:00,18.12,18.12,18.12,1,1.0
2024-06-02 05:00,18.05,18.05,18.05,1,1.0
2024-06-02 06:00,18.61,18.61,18.61,1,1.0
2024-06-02 07:00,20.85,20.85,20.85,1,1.0
2024-06-02 08:00,22.7,22.7,22.7,1,1.0
2024-06-02 09:00,24.17,24.17,24.17,1,1.0
2024-06-02 10:00,25.04,25.04,25.04,1,1.0
2024-06-02 11:00,25.42,25.42,25.42,1,1.0
2024-06-02 12:00,24.71,24.71,24.71,1,1.0
2024-06-02 13:00,23.52,23.52,23.52,1,1.0
2024-06-02 14:00,23.03,23.03,23.03,1,1.0
2024-06-02 15:00,23.64,23.64,23.64,1,1.0
2024-06-02 16:00,24.23,24.23,24.23,1,1.0
2024-06-02 17:00,24.31,24.31,24.31,1,1.0
2024-06-02 18:00,23.14,23.14,23.14,1,1.0
2024-06-02 19:00,21.89,21.89,21.89,1,1.0
2024-06-02 20:00,21.2,21.2,21.2,1,1.0
2024-06-02 21:00,20.33,20.33,20.33,1,1.0
2024-06-02 22:00,19.62,19.62,19.62,1,1.0
2024-06-02 23:00,18.77,18.77,18.77,1,1.0
2024-06-03 00:00,18.05,18.05,18.05,1,1.0
2024-06-03 01:00,17.57,17.57,17.57,1,1.0
2024-06-03 02:00,17.66,17.66,17.66,1,1.0
2024-06-03 03:00,16.4,16.4,16.4,1,1.0
2024-06-03 04:00,16.43,16.43,16.43,1,1.0
2024-06-03 05:00,16.25,16.25,16.25,1,1.0
2024-06-03 06:00,17.28,17.28,17.28,1,1.0
2024-06-03 07:00,18.47,18.47,18.47,1,1.0
2024-06-03 08:00,19.62,19.62,19.62,1,1.0
2024-06-03 09:00,20.49,20.49,20.49,1,1.0
2024-06-03 10:00,20.85,20.85,20.85,1,1.0
2024-06-03 11:00,21.15,21.15,21.15,1,1.0
2024-06-03 12:00,21.47,21.47,21.47,1,1.0
2024-06-03 13:00,21.66,21.66,21.66,1,1.0
2024-06-03 14:00,21.67,21.67,21.67,1,1.0
2024-06-03 15:00,21.53,21.53,21.53,1,1.0
2024-06-03 16:00,21.12,21.12,21.12,1,1.0
2024-06-03 17:00,20.57,20.57,20.57,1,1.0
2024-06-03 18:00,19.94,19.94,19.94,1,1.0
2024-06-03 19:00,19.32,19.32,19.32,1,1.0
2024-06-03 20:00,18.54,18.54,18.54,1,1.0
2024-06-03 21:00,18.0,18.0,18.0,1,1.0
2024-06-03 22:00,17.36,17.36,17.36,1,1.0
2024-06-03 23:00,17.5,17.5,17.5,1,1.0
2024-06-04 00:00,17.71,17.71,17.71,1,1.0
2024-06-04 01:00,17.54,17.54,17.54,1,1.0
2024-06-04 02:00,17.25,17.25,17.25,1,1.0
2024-06-04 03:00,17.04,17.04,17.04,1,1.0
2024-06-04 04:00,16.75,16.75,16.75,1,1.0
2024-06-04 05:00,16.42,16.42,16.42,1,1.0
2024-06-04 06:00,15.99,15.99,15.99,1,1.0
2024-06-04 07:00,17.23,17.23,17.23,1,1.0
2024-06-04 08:00,18.0,18.0,18.0,1,1.0
2024-06-04 09:00,19.24,19.24,19.24,1,1.0
2024-06-04 10:00,20.38,20.38,20.38,1,1.0
2024-06-04 11:00,21.38,21.38,21.38,1,1.0
2024-06-04 12:00,22.17,22.17,22.17,1,1.0
2024-06-04 13:00,22.71,22.71,22.71,1,1.0
2024-06-04 14:00,22.92,22.92,22.92,1,1.0
2024-06-04 15:00,22.59,22.59,22.59,1,1.0
2024-06-04 16:00,22.14,22.14,22.14,1,1.0
2024-06-04 17:00,21.74,21.74,21.74,1,1.0
2024-06-04 18:00,21.36,21.36,21.36,1,1.0
2024-06-04 19:00,20.8,20.8,20.8,1,1.0
2024-06-04 20:00,19.91,19.91,19.91,1,1.0
2024-06-04 21:00,19.28,19.28,19.28,1,1.0
2024-06-04 22:00,18.55,18.55,18.55,1,1.0
2024-06-04 23:00,19.19,19.19,19.19,1,1.0
2024-06-05 00:00,18.97,18.97,18.97,1,1.0
2024-06-05 01:00,18.44,18.44,18.44,1,1.0
2024-06-05 02:00,18.4,18.4,18.4,1,1.0
2024-06-05 03:00,18.47,18.47,18.47,1,1.0
2024-06-05 04:00,18.3,18.3,18.3,1,1.0
2024-06-05 05:00,18.12,18.12,18.12,1,1.0
2024-06-05 06:00,16.85,16.85,16.85,1,1.0
2024-06-05 07:00,19.41,19.41,19.41,1,1.0
2024-06-05 08:00,20.56,20.56,20.56,1,1.0
2024-06-05 09:00,21.81,21.81,21.81,1,1.0
2024-06-05 10:00,22.79,22.79,22.79,1,1.0
2024-06-05 11:00,23.44,23.44,23.44,1,1.0
2024-06-05 12:00,23.86,23.86,23.86,1,1.0
2024-06-05 13:00,24.14,24.14,24.14,1,1.0
2024-06-05 14:00,24.28,24.28,24.28,1,1.0
2024-06-05 15:00,24.17,24.17,24.17,1,1.0
2024-06-05 16:00,23.83,23.83,23.83,1,1.0
2024-06-05 17:00,23.52,23.52,23.52,1,1.0
2024-06-05 18:00,22.9,22.9,22.9,1,1.0
2024-06-05 19:00,22.18,22.18,22.18,1,1.0
2024-06-05 20:00,21.08,21.08,21.08,1,1.0
2024-06-05 21:00,20.51,20.51,20.51,1,1.0
2024-06-05 22:00,19.69,19.69,19.69,1,1.0
2024-06-05 23:00,19.21,19.21,19.21,1,1.0
2024-06-06 00:00,18.69,18.69,18.69,1,1.0
2024-06-06 01:00,18.54,18.54,18.54,1,1.0
2024-06-06 02:00,18.55,18.55,18.55,1,1.0
2024-06-06 03:00,18.03,18.03,18.03,1,1.0
2024-06-06 04:00,17.45,17.45,17.45,1,1.0
2024-06-06 05:00,17.08,17.08,17.08,1,1.0
2024-06-06 06:00,18.0,18.0,18.0,1,1.0
2024-06-06 07:00,21.33,21.33,21.33,1,1.0
2024-06-06 08:00,22.49,22.49,22.49,1,1.0
2024-06-06 09:00,23.57,23.57,23.57,1,1.0
2024-06-06 10:00,24.37,24.37,24.37,1,1.0
2024-06-06 11:00,24.91,24.91,24.91,1,1.0
2024-06-06 12:00,25.21,25.21,25.21,1,1.0
2024-06-06 13:00,25.36,25.36,25.36,1,1.0
2024-06-06 14:00,25.51,25.51,25.51,1,1.0
2024-06-06 15:00,25.51,25.51,25.51,1,1.0
2024-06-06 16:00,25.1,25.1,25.1,1,1.0
2024-06-06 17:00,24.56,24.56,24.56,1,1.0
2024-06-06 18:00,23.94,23.94,23.94,1,1.0
2024-06-06 19:00,23.21,23.21,23.21,1,1.0
2024-06-06 20:00,21.86,21.86,21.86,1,1.0
2024-06-06 21:00,21.46,21.46,21.46,1,1.0
2024-06-06 22:00,21.4,21.4,21.4,1,1.0
2024-06-06 23:00,21.3,21.3,21.3,1,1.0
2024-06-07 00:00,20.99,20.99,20.99,1,1.0
2024-06-07 01:00,20.7,20.7,20.7,1,1.0
2024-06-07 02:00,20.28,20.28,20.28,1,1.0
2024-06-07 03:00,19.63,19.63,19.63,1,1.0
2024-06-07 04:00,18.04,18.04,18.04,1,1.0
2024-06-07 05:00,17.71,17.71,17.71,1,1.0
2024-06-07 06:00,17.99,17.99,17.99,1,1.0
2024-06-07 07:00,20.79,20.79,20.79,1,1.0
2024-06-07 08:00,21.47,21.47,21.47,1,1.0
2024-06-07 09:00,22.71,22.71,22.71,1,1.0
2024-06-07 10:00,23.71,23.71,23.71,1,1.0
2024-06-07 11:00,24.5,24.5,24.5,1,1.0
2024-06-07 12:00,24.93,24.93,24.93,1,1.0
2024-06-07 13:00,25.08,25.08,25.08,1,1.0
2024-06-07 14:00,25.09,25.09,25.09,1,1.0
2024-06-07 15:00,24.96,24.96,24.96,1,1.0
2024-06-07 16:00,24.6,24.6,24.6,1,1.0
2024-06-07 17:00,24.06,24.06,24.06,1,1.0
2024-06-07 18:00,23.54,23.54,23.54,1,1.0
2024-06-07 19:00,22.83,22.83,22.83,1,1.0
2024-06-07 20:00,21.78,21.78,21.78,1,1.0
2024-06-07 21:00,21.33,21.33,21.33,1,1.0
2024-06-07 22:00,21.36,21.36,21.36,1,1.0
2024-06-07 23:00,21.47,21.47,21.47,1,1.0
2024-06-08 00:00,21.21,21.21,21.21,1,1.0
2024-06-08 01:00,20.91,20.91,20.91,1,1.0
2024-06-08 02:00,20.58,20.58,20.58,1,1.0
2024-06-08 03:00,20.36,20.36,20.36,1,1.0
2024-06-08 04:00,20.17,20.17,20.17,1,1.0
2024-06-08 05:00,18.78,18.78,18.78,1,1.0
2024-06-08 06:00,18.99,18.99,18.99,1,1.0
2024-06-08 07:00,21.53,21.53,21.53,1,1.0
2024-06-08 08:00,22.29,22.29,22.29,1,1.0
2024-06-08 09:00,23.34,23.34,23.34,1,1.0
2024-06-08 10:00,24.24,24.24,24.24,1,1.0
2024-06-08 11:00,24.97,24.97,24.97,1,1.0
2024-06-08 12:00,25.59,25.59,25.59,1,1.0
2024-06-08 13:00,26.03,26.03,26.03,1,1.0
2024-06-08 14:00,26.26,26.26,26.26,1,1.0
2024-06-08 15:00,26.14,26.14,26.14,1,1.0
2024-06-08 16:00,25.88,25.88,25.88,1,1.0
2024-06-08 17:00,25.26,25.26,25.26,1,1.0
2024-06-08 18:00,24.62,24.62,24.62,1,1.0
2024-06-08 19:00,23.59,23.59,23.59,1,1.0
2024-06-08 20:00,22.3,22.3,22.3,1,1.0
2024-06-08 21:00,22.01,22.01,22.01,1,1.0
2024-06-08 22:00,21.75,21.75,21.75,1,1.0
2024-06-08 23:00,20.5,20.5,20.5,1,1.0
2024-06-09 00:00,20.13,20.13,20.13,1,1.0
2024-06-09 01:00,19.01,19.01,19.01,1,1.0
2024-06-09 02:00,18.77,18.77,18.77,1,1.0
2024-06-09 03:00,18.92,18.92,18.92,1,1.0
2024-06-09 04:00,19.2,19.2,19.2,1,1.0
2024-06-09 05:00,19.88,19.88,19.88,1,1.0
2024-06-09 06:00,20.54,20.54,20.54,1,1.0
2024-06-09 07:00,23.16,23.16,23.16,1,1.0
2024-06-09 08:00,24.0,24.0,24.0,1,1.0
2024-06-09 09:00,25.65,25.65,25.65,1,1.0
2024-06-09 10:00,27.19,27.19,27.19,1,1.0
2024-06-09 11:00,28.47,28.47,28.47,1,1.0
2024-06-09 12:00,29.06,29.06,29.06,1,1.0
2024-06-09 13:00,29.0,29.0,29.0,1,1.0
2024-06-09 14:00,27.71,27.71,27.71,1,1.0
2024-06-09 15:00,26.58,26.58,26.58,1,1.0
2024-06-09 16:00,27.03,27.03,27.03,1,1.0
2024-06-09 17:00,27.46,27.46,27.46,1,1.0
2024-06-09 18:00,26.95,26.95,26.95,1,1.0
2024-06-09 19:00,25.68,25.68,25.68,1,1.0
2024-06-09 20:00,24.71,24.71,24.71,1,1.0
2024-06-09 21:00,23.51,23.51,23.51,1,1.0
2024-06-09 22:00,22.76,22.76,22.76,1,1.0
2024-06-09 23:00,23.75,23.75,23.75,1,1.0
2024-06-10 00:00,22.33,22.33,22.33,1,1.0
2024-06-10 01:00,22.96,22.96,22.96,1,1.0
2024-06-10 02:00,20.29,20.29,20.29,1,1.0
2024-06-10 03:00,19.82,19.82,19.82,1,1.0
2024-06-10 04:00,18.83,18.83,18.83,1,1.0
2024-06-10 05:00,19.04,19.04,19.04,1,1.0
2024-06-10 06:00,20.36,20.36,20.36,1,1.0
2024-06-10 07:00,21.51,21.51,21.51,1,1.0
2024-06-10 08:00,22.38,22.38,22.38,1,1.0
2024-06-10 09:00,23.12,23.12,23.12,1,1.0
2024-06-10 10:00,23.64,23.64,23.64,1,1.0
2024-06-10 11:00,24.1,24.1,24.1,1,1.0
2024-06-10 12:00,24.27,24.27,24.27,1,1.0
2024-06-10 13:00,24.31,24.31,24.31,1,1.0
2024-06-10 14:00,24.25,24.25,24.25,1,1.0
2024-06-10 15:00,24.0,24.0,24.0,1,1.0
2024-06-10 16:00,23.67,23.67,23.67,1,1.0
2024-06-10 17:00,23.1,23.1,23.1,1,1.0
2024-06-10 18:00,22.47,22.47,22.47,1,1.0
2024-06-10 19:00,21.74,21.74,21.74,1,1.0
2024-06-10 20:00,20.6,20.6,20.6,1,1.0
2024-06-10 21:00,20.21,20.21,20.21,1,1.0
2024-06-10 22:00,19.86,19.86,19.86,1,1.0
2024-06-10 23:00,19.63,19.63,19.63,1,1.0
2024-06-11 00:00,19.49,19.49,19.49,1,1.0
2024-06-11 01:00,19.07,19.07,19.07,1,1.0
2024-06-11 02:00,18.81,18.81,18.81,1,1.0
2024-06-11 03:00,18.59,18.59,18.59,1,1.0
2024-06-11 04:00,17.76,17.76,17.76,1,1.0
2024-06-11 05:00,18.51,18.51,18.51,1,1.0
2024-06-11 06:00,18.89,18.89,18.89,1,1.0
2024-06-11 07:00,19.85,19.85,19.85,1,1.0
2024-06-11 08:00,21.21,21.21,21.21,1,1.0
2024-06-11 09:00,21.42,21.42,21.42,1,1.0
2024-06-11 10:00,21.76,21.76,21.76,1,1.0
2024-06-11 11:00,22.65,22.65,22.65,1,1.0
2024-06-11 12:00,23.28,23.28,23.28,1,1.0
2024-06-11 13:00,23.67,23.67,23.67,1,1.0
2024-06-11 14:00,24.2,24.2,24.2,1,1.0
2024-06-11 15:00,24.5,24.5,24.5,1,1.0
2024-06-11 16:00,24.58,24.58,24.58,1,1.0
2024-06-11 17:00,24.4,24.4,24.4,1,1.0
2024-06-11 18:00,23.94,23.94,23.94,1,1.0
2024-06-11 19:00,23.23,23.23,23.23,1,1.0
2024-06-11 20:00,21.84,21.84,21.84,1,1.0
2024-06-11 21:00,21.34,21.34,21.34,1,1.0
2024-06-11 22:00,21.0,21.0,21.0,1,1.0
2024-06-11 23:00,20.76,20.76,20.76,1,1.0
2024-06-12 00:00,20.52,20.52,20.52,1,1.0
2024-06-12 01:00,20.32,20.32,20.32,1,1.0
2024-06-12 02:00,20.32,20.32,20.32,1,1.0
2024-06-12 03:00,20.15,20.15,20.15,1,1.0
2024-06-12 04:00,20.02,20.02,20.02,1,1.0
2024-06-12 05:00,19.88,19.88,19.88,1,1.0
2024-06-12 06:00,20.25,20.25,20.25,1,1.0
2024-06-12 07:00,21.93,21.93,21.93,1,1.0
2024-06-12 08:00,23.25,23.25,23.25,1,1.0
2024-06-12 09:00,24.54,24.54,24.54,1,1.0
2024-06-12 10:00,25.37,25.37,25.37,1,1.0
2024-06-12 11:00,25.84,25.84,25.84,1,1.0
2024-06-12 12:00,26.04,26.04,26.04,1,1.0
2024-06-12 13:00,26.04,26.04,26.04,1,1.0
2024-06-12 14:00,25.9,25.9,25.9,1,1.0
2024-06-12 15:00,25.57,25.57,25.57,1,1.0
2024-06-12 16:00,25.17,25.17,25.17,1,1.0
2024-06-12 17:00,24.65,24.65,24.65,1,1.0
2024-06-12 18:00,23.97,23.97,23.97,1,1.0
2024-06-12 19:00,23.14,23.14,23.14,1,1.0
2024-06-12 20:00,22.43,22.43,22.43,1,1.0
2024-06-12 21:00,21.8,21.8,21.8,1,1.0
2024-06-12 22:00,21.32,21.32,21.32,1,1.0
2024-06-12 23:00,20.83,20.83,20.83,1,1.0
2024-06-13 00:00,20.1,20.1,20.1,1,1.0
2024-06-13 01:00,19.51,19.51,19.51,1,1.0
2024-06-13 02:00,19.03,19.03,19.03,1,1.0
2024-06-13 03:00,18.69,18.69,18.69,1,1.0
2024-06-13 04:00,18.33,18.33,18.33,1,1.0
2024-06-13 05:00,18.72,18.72,18.72,1,1.0
2024-06-13 06:00,19.85,19.85,19.85,1,1.0
2024-06-13 07:00,21.38,21.38,21.38,1,1.0
2024-06-13 08:00,22.48,22.48,22.48,1,1.0
2024-06-13 09:00,23.37,23.37,23.37,1,1.0
2024-06-13 10:00,23.99,23.99,23.99,1,1.0
2024-06-13 11:00,24.29,24.29,24.29,1,1.0
2024-06-13 12:00,24.33,24.33,24.33,1,1.0
2024-06-13 13:00,24.15,24.15,24.15,1,1.0
2024-06-13 14:00,23.71,23.71,23.71,1,1.0
2024-06-13 15:00,23.25,23.25,23.25,1,1.0
2024-06-13 16:00,22.73,22.73,22.73,1,1.0
2024-06-13 17:00,22.23,22.23,22.23,1,1.0
2024-06-13 18:00,21.61,21.61,21.61,1,1.0
2024-06-13 19:00,20.88,20.88,20.88,1,1.0
2024-06-13 20:00,20.34,20.34,20.34,1,1.0
2024-06-13 21:00,19.82,19.82,19.82,1,1.0
2024-06-13 22:00,19.32,19.32,19.32,1,1.0
2024-06-13 23:00,18.89,18.89,18.89,1,1.0
2024-06-14 00:00,18.51,18.51,18.51,1,1.0
2024-06-14 01:00,18.1,18.1,18.1,1,1.0
2024-06-14 02:00,17.39,17.39,17.39,1,1.0
2024-06-14 03:00,16.77,16.77,16.77,1,1.0
2024-06-14 04:00,16.46,16.46,16.46,1,1.0
2024-06-14 05:00,15.65,15.65,15.65,1,1.0
2024-06-14 06:00,16.54,16.54,16.54,1,1.0
2024-06-14 07:00,18.96,18.96,18.96,1,1.0
2024-06-14 08:00,20.11,20.11,20.11,1,1.0
2024-06-14 09:00,21.19,21.19,21.19,1,1.0
2024-06-14 10:00,22.15,22.15,22.15,1,1.0
2024-06-14 11:00,22.85,22.85,22.85,1,1.0
2024-06-14 12:00,23.25,23.25,23.25,1,1.0
2024-06-14 13:00,23.41,23.41,23.41,1,1.0
2024-06-14 14:00,23.36,23.36,23.36,1,1.0
2024-06-14 15:00,23.18,23.18,23.18,1,1.0
2024-06-14 16:00,22.88,22.88,22.88,1,1.0
2024-06-14 17:00,22.46,22.46,22.46,1,1.0
2024-06-14 18:00,21.86,21.86,21.86,1,1.0
2024-06-14 19:00,21.11,21.11,21.11,1,1.0
2024-06-14 20:00,19.96,19.96,19.96,1,1.0
2024-06-14 21:00,19.23,19.23,19.23,1,1.0
2024-06-14 22:00,18.67,18.67,18.67,1,1.0
2024-06-14 23:00,18.38,18.38,18.38,1,1.0
2024-06-15 00:00,19.0,19.0,19.0,1,1.0
2024-06-15 01:00,18.68,18.68,18.68,1,1.0
2024-06-15 02:00,18.19,18.19,18.19,1,1.0
2024-06-15 03:00,17.86,17.86,17.86,1,1.0
2024-06-15 04:00,17.61,17.61,17.61,1,1.0
2024-06-15 05:00,17.4,17.4,17.4,1,1.0
2024-06-15 06:00,17.3,17.3,17.3,1,1.0
2024-06-15 07:00,18.58,18.58,18.58,1,1.0
2024-06-15 08:00,19.9,19.9,19.9,1,1.0
2024-06-15 09:00,20.86,20.86,20.86,1,1.0
2024-06-15 10:00,21.72,21.72,21.72,1,1.0
2024-06-15 11:00,22.58,22.58,22.58,1,1.0
2024-06-15 12:00,23.34,23.34,23.34,1,1.0
2024-06-15 13:00,23.76,23.76,23.76,1,1.0
2024-06-15 14:00,23.76,23.76,23.76,1,1.0
2024-06-15 15:00,23.6,23.6,23.6,1,1.0
2024-06-15 16:00,23.33,23.33,23.33,1,1.0
2024-06-15 17:00,22.8,22.8,22.8,1,1.0
2024-06-15 18:00,22.35,22.35,22.35,1,1.0
2024-06-15 19:00,21.81,21.81,21.81,1,1.0
2024-06-15 20:00,20.47,20.47,20.47,1,1.0
2024-06-15 21:00,19.6,19.6,19.6,1,1.0
2024-06-15 22:00,19.86,19.86,19.86,1,1.0
2024-06-15 23:00,18.57,18.57,18.57,1,1.0
2024-06-16 00:00,18.22,18.22,18.22,1,1.0
2024-06-16 01:00,18.07,18.07,18.07,1,1.0
2024-06-16 02:00,19.18,19.18,19.18,1,1.0
2024-06-16 03:00,18.17,18.17,18.17,1,1.0
2024-06-16 04:00,19.48,19.48,19.48,1,1.0
2024-06-16 05:00,18.17,18.17,18.17,1,1.0
2024-06-16 06:00,18.1,18.1,18.1,1,1.0
2024-06-16 07:00,20.41,20.41,20.41,1,1.0
2024-06-16 08:00,21.98,21.98,21.98,1,1.0
2024-06-16 09:00,23.01,23.01,23.01,1,1.0
2024-06-16 10:00,24.11,24.11,24.11,1,1.0
2024-06-16 11:00,24.77,24.77,24.77,1,1.0
2024-06-16 12:00,24.83,24.83,24.83,1,1.0
2024-06-16 13:00,24.92,24.92,24.92,1,1.0
2024-06-16 14:00,24.98,24.98,24.98,1,1.0
2024-06-16 15:00,24.44,24.44,24.44,1,1.0
2024-06-16 16:00,23.82,23.82,23.82,1,1.0
2024-06-16 17:00,23.39,23.39,23.39,1,1.0
2024-06-16 18:00,22.97,22.97,22.97,1,1.0
2024-06-16 19:00,22.36,22.36,22.36,1,1.0
2024-06-16 20:00,21.11,21.11,21.11,1,1.0
2024-06-16 21:00,20.6,20.6,20.6,1,1.0
2024-06-16 22:00,20.22,20.22,20.22,1,1.0
2024-06-16 23:00,19.6,19.6,19.6,1,1.0
2024-06-17 00:00,19.3,19.3,19.3,1,1.0
2024-06-17 01:00,18.71,18.71,18.71,1,1.0
2024-06-17 02:00,18.56,18.56,18.56,1,1.0
2024-06-17 03:00,19.27,19.27,19.27,1,1.0
2024-06-17 04:00,19.63,19.63,19.63,1,1.0
2024-06-17 05:00,19.45,19.45,19.45,1,1.0
2024-06-17 06:00,18.59,18.59,18.59,1,1.0
2024-06-17 07:00,20.73,20.73,20.73,1,1.0
2024-06-17 08:00,22.56,22.56,22.56,1,1.0
2024-06-17 09:00,23.85,23.85,23.85,1,1.0
2024-06-17 10:00,25.04,25.04,25.04,1,1.0
2024-06-17 11:00,25.95,25.95,25.95,1,1.0
2024-06-17 12:00,26.43,26.43,26.43,1,1.0
2024-06-17 13:00,26.54,26.54,26.54,1,1.0
2024-06-17 14:00,26.44,26.44,26.44,1,1.0
2024-06-17 15:00,26.21,26.21,26.21,1,1.0
2024-06-17 16:00,25.85,25.85,25.85,1,1.0
2024-06-17 17:00,25.23,25.23,25.23,1,1.0
2024-06-17 18:00,24.54,24.54,24.54,1,1.0
2024-06-17 19:00,23.8,23.8,23.8,1,1.0
2024-06-17 20:00,22.91,22.91,22.91,1,1.0
2024-06-17 21:00,22.11,22.11,22.11,1,1.0
2024-06-17 22:00,21.48,21.48,21.48,1,1.0
2024-06-17 23:00,20.88,20.88,20.88,1,1.0
2024-06-18 00:00,20.28,20.28,20.28,1,1.0
2024-06-18 01:00,20.51,20.51,20.51,1,1.0
2024-06-18 02:00,22.04,22.04,22.04,1,1.0
2024-06-18 03:00,21.85,21.85,21.85,1,1.0
2024-06-18 04:00,21.64,21.64,21.64,1,1.0
2024-06-18 05:00,21.49,21.49,21.49,1,1.0
2024-06-18 06:00,20.46,20.46,20.46,1,1.0
2024-06-18 07:00,23.35,23.35,23.35,1,1.0
2024-06-18 08:00,25.2,25.2,25.2,1,1.0
2024-06-18 09:00,26.94,26.94,26.94,1,1.0
2024-06-18 10:00,28.0,28.0,28.0,1,1.0
2024-06-18 11:00,28.6,28.6,28.6,1,1.0
2024-06-18 12:00,28.87,28.87,28.87,1,1.0
2024-06-18 13:00,29.07,29.07,29.07,1,1.0
2024-06-18 14:00,29.05,29.05,29.05,1,1.0
2024-06-18 15:00,28.73,28.73,28.73,1,1.0
2024-06-18 16:00,28.13,28.13,28.13,1,1.0
2024-06-18 17:00,27.53,27.53,27.53,1,1.0
2024-06-18 18:00,26.92,26.92,26.92,1,1.0
2024-06-18 19:00,26.19,26.19,26.19,1,1.0
2024-06-18 20:00,25.7,25.7,25.7,1,1.0
2024-06-18 21:00,24.66,24.66,24.66,1,1.0
2024-06-18 22:00,23.82,23.82,23.82,1,1.0
2024-06-18 23:00,23.08,23.08,23.08,1,1.0
2024-06-19 00:00,22.39,22.39,22.39,1,1.0
2024-06-19 01:00,21.85,21.85,21.85,1,1.0
2024-06-19 02:00,21.33,21.33,21.33,1,1.0
2024-06-19 03:00,21.33,21.33,21.33,1,1.0
2024-06-19 04:00,23.91,23.91,23.91,1,1.0
2024-06-19 05:00,24.06,24.06,24.06,1,1.0
2024-06-19 06:00,22.24,22.24,22.24,1,1.0
2024-06-19 07:00,25.31,25.31,25.31,1,1.0
2024-06-19 08:00,26.6,26.6,26.6,1,1.0
2024-06-19 09:00,27.95,27.95,27.95,1,1.0
2024-06-19 10:00,28.87,28.87,28.87,1,1.0
2024-06-19 11:00,29.34,29.34,29.34,1,1.0
2024-06-19 12:00,29.51,29.51,29.51,1,1.0
2024-06-19 13:00,29.52,29.52,29.52,1,1.0
2024-06-19 14:00,29.29,29.29,29.29,1,1.0
2024-06-19 15:00,28.97,28.97,28.97,1,1.0
2024-06-19 16:00,28.78,28.78,28.78,1,1.0
2024-06-19 17:00,28.57,28.57,28.57,1,1.0
2024-06-19 18:00,28.3,28.3,28.3,1,1.0
2024-06-19 19:00,27.64,27.64,27.64,1,1.0
2024-06-19 20:00,26.49,26.49,26.49,1,1.0
2024-06-19 21:00,26.06,26.06,26.06,1,1.0
2024-06-19 22:00,25.89,25.89,25.89,1,1.0
2024-06-19 23:00,25.59,25.59,25.59,1,1.0
2024-06-20 00:00,25.28,25.28,25.28,1,1.0
2024-06-20 01:00,24.83,24.83,24.83,1,1.0
2024-06-20 02:00,24.48,24.48,24.48,1,1.0
2024-06-20 03:00,24.18,24.18,24.18,1,1.0
2024-06-20 04:00,24.03,24.03,24.03,1,1.0
2024-06-20 05:00,23.9,23.9,23.9,1,1.0
2024-06-20 06:00,24.29,24.29,24.29,1,1.0
2024-06-20 07:00,26.53,26.53,26.53,1,1.0
2024-06-20 08:00,28.71,28.71,28.71,1,1.0
2024-06-20 09:00,30.77,30.77,30.77,1,1.0
2024-06-20 10:00,32.09,32.09,32.09,1,1.0
2024-06-20 11:00,32.89,32.89,32.89,1,1.0
2024-06-20 12:00,33.21,33.21,33.21,1,1.0
2024-06-20 13:00,33.31,33.31,33.31,1,1.0
2024-06-20 14:00,33.27,33.27,33.27,1,1.0
2024-06-20 15:00,32.96,32.96,32.96,1,1.0
2024-06-20 16:00,32.62,32.62,32.62,1,1.0
2024-06-20 17:00,32.16,32.16,32.16,1,1.0
2024-06-20 18:00,31.64,31.64,31.64,1,1.0
2024-06-20 19:00,30.85,30.85,30.85,1,1.0
2024-06-20 20:00,29.48,29.48,29.48,1,1.0
2024-06-20 21:00,28.82,28.82,28.82,1,1.0
2024-06-20 22:00,28.03,28.03,28.03,1,1.0
2024-06-20 23:00,27.51,27.51,27.51,1,1.0
2024-06-21 00:00,27.17,27.17,27.17,1,1.0
2024-06-21 01:00,26.66,26.66,26.66,1,1.0
2024-06-21 02:00,26.47,26.47,26.47,1,1.0
2024-06-21 03:00,25.84,25.84,25.84,1,1.0
2024-06-21 04:00,25.17,25.17,25.17,1,1.0
2024-06-21 05:00,24.58,24.58,24.58,1,1.0
2024-06-21 06:00,24.91,24.91,24.91,1,1.0
2024-06-21 07:00,27.29,27.29,27.29,1,1.0
2024-06-21 08:00,29.45,29.45,29.45,1,1.0
2024-06-21 09:00,31.1,31.1,31.1,1,1.0
2024-06-21 10:00,31.78,31.78,31.78,1,1.0
2024-06-21 11:00,31.81,31.81,31.81,1,1.0
2024-06-21 12:00,31.63,31.63,31.63,1,1.0
2024-06-21 13:00,31.59,31.59,31.59,1,1.0
2024-06-21 14:00,31.62,31.62,31.62,1,1.0
2024-06-21 15:00,31.13,31.13,31.13,1,1.0
2024-06-21 16:00,30.23,30.23,30.23,1,1.0
2024-06-21 17:00,29.96,29.96,29.96,1,1.0
2024-06-21 18:00,29.31,29.31,29.31,1,1.0
2024-06-21 19:00,28.31,28.31,28.31,1,1.0
2024-06-21 20:00,28.02,28.02,28.02,1,1.0
2024-06-21 21:00,26.96,26.96,26.96,1,1.0
2024-06-21 22:00,24.99,24.99,24.99,1,1.0
2024-06-21 23:00,24.03,24.03,24.03,1,1.0
2024-06-22 00:00,23.27,23.27,23.27,1,1.0
2024-06-22 01:00,22.43,22.43,22.43,1,1.0
2024-06-22 02:00,21.52,21.52,21.52,1,1.0
2024-06-22 03:00,21.09,21.09,21.09,1,1.0
2024-06-22 04:00,20.81,20.81,20.81,1,1.0
2024-06-22 05:00,20.36,20.36,20.36,1,1.0
2024-06-22 06:00,21.53,21.53,21.53,1,1.0
2024-06-22 07:00,23.54,23.54,23.54,1,1.0
2024-06-22 08:00,24.41,24.41,24.41,1,1.0
2024-06-22 09:00,25.11,25.11,25.11,1,1.0
2024-06-22 10:00,25.64,25.64,25.64,1,1.0
2024-06-22 11:00,26.14,26.14,26.14,1,1.0
2024-06-22 12:00,26.42,26.42,26.42,1,1.0
2024-06-22 13:00,26.4,26.4,26.4,1,1.0
2024-06-22 14:00,26.16,26.16,26.16,1,1.0
2024-06-22 15:00,25.79,25.79,25.79,1,1.0
2024-06-22 16:00,25.22,25.22,25.22,1,1.0
2024-06-22 17:00,24.52,24.52,24.52,1,1.0
2024-06-22 18:00,23.65,23.65,23.65,1,1.0
2024-06-22 19:00,22.73,22.73,22.73,1,1.0
2024-06-22 20:00,21.41,21.41,21.41,1,1.0
2024-06-22 21:00,20.83,20.83,20.83,1,1.0
2024-06-22 22:00,20.34,20.34,20.34,1,1.0
2024-06-22 23:00,19.88,19.88,19.88,1,1.0
2024-06-23 00:00,19.43,19.43,19.43,1,1.0
2024-06-23 01:00,19.03,19.03,19.03,1,1.0
2024-06-23 02:00,18.69,18.69,18.69,1,1.0
2024-06-23 03:00,18.79,18.79,18.79,1,1.0
2024-06-23 04:00,18.52,18.52,18.52,1,1.0
2024-06-23 05:00,18.67,18.67,18.67,1,1.0
2024-06-23 06:00,19.9,19.9,19.9,1,1.0
2024-06-23 07:00,20.63,20.63,20.63,1,1.0
2024-06-23 08:00,21.59,21.59,21.59,1,1.0
2024-06-23 09:00,22.51,22.51,22.51,1,1.0
2024-06-23 10:00,23.19,23.19,23.19,1,1.0
2024-06-23 11:00,23.76,23.76,23.76,1,1.0
2024-06-23 12:00,24.18,24.18,24.18,1,1.0
2024-06-23 13:00,24.39,24.39,24.39,1,1.0
2024-06-23 14:00,24.42,24.42,24.42,1,1.0
2024-06-23 15:00,24.16,24.16,24.16,1,1.0
2024-06-23 16:00,23.79,23.79,23.79,1,1.0
2024-06-23 17:00,23.27,23.27,23.27,1,1.0
2024-06-23 18:00,22.62,22.62,22.62,1,1.0
2024-06-23 19:00,21.93,21.93,21.93,1,1.0
2024-06-23 20:00,21.69,21.69,21.69,1,1.0
2024-06-23 21:00,21.22,21.22,21.22,1,1.0
2024-06-23 22:00,20.65,20.65,20.65,1,1.0
2024-06-23 23:00,20.49,20.49,20.49,1,1.0
2024-06-24 00:00,20.6,20.6,20.6,1,1.0
2024-06-24 01:00,20.37,20.37,20.37,1,1.0
2024-06-24 02:00,20.26,20.26,20.26,1,1.0
2024-06-24 03:00,20.16,20.16,20.16,1,1.0
2024-06-24 04:00,20.01,20.01,20.01,1,1.0
2024-06-24 05:00,19.33,19.33,19.33,1,1.0
2024-06-24 06:00,19.29,19.29,19.29,1,1.0
2024-06-24 07:00,21.19,21.19,21.19,1,1.0
2024-06-24 08:00,22.73,22.73,22.73,1,1.0
2024-06-24 09:00,23.71,23.71,23.71,1,1.0
2024-06-24 10:00,24.39,24.39,24.39,1,1.0
2024-06-24 11:00,24.86,24.86,24.86,1,1.0
2024-06-24 12:00,25.08,25.08,25.08,1,1.0
2024-06-24 13:00,24.8,24.8,24.8,1,1.0
2024-06-24 14:00,24.43,24.43,24.43,1,1.0
2024-06-24 15:00,24.26,24.26,24.26,1,1.0
2024-06-24 16:00,24.15,24.15,24.15,1,1.0
2024-06-24 17:00,23.93,23.93,23.93,1,1.0
2024-06-24 18:00,23.47,23.47,23.47,1,1.0
2024-06-24 19:00,22.97,22.97,22.97,1,1.0
2024-06-24 20:00,21.92,21.92,21.92,1,1.0
2024-06-24 21:00,21.44,21.44,21.44,1,1.0
2024-06-24 22:00,20.91,20.91,20.91,1,1.0
2024-06-24 23:00,20.38,20.38,20.38,1,1.0
2024-06-25 00:00,20.91,20.91,20.91,1,1.0
2024-06-25 01:00,20.71,20.71,20.71,1,1.0
2024-06-25 02:00,20.54,20.54,20.54,1,1.0
2024-06-25 03:00,18.93,18.93,18.93,1,1.0
2024-06-25 04:00,18.24,18.24,18.24,1,1.0
2024-06-25 05:00,18.16,18.16,18.16,1,1.0
2024-06-25 06:00,19.28,19.28,19.28,1,1.0
2024-06-25 07:00,21.37,21.37,21.37,1,1.0
2024-06-25 08:00,22.64,22.64,22.64,1,1.0
2024-06-25 09:00,23.28,23.28,23.28,1,1.0
2024-06-25 10:00,23.58,23.58,23.58,1,1.0
2024-06-25 11:00,24.0,24.0,24.0,1,1.0
2024-06-25 12:00,25.29,25.29,25.29,1,1.0
2024-06-25 13:00,25.1,25.1,25.1,1,1.0
2024-06-25 14:00,24.35,24.35,24.35,1,1.0
2024-06-25 15:00,23.17,23.17,23.17,1,1.0
2024-06-25 16:00,22.46,22.46,22.46,1,1.0
2024-06-25 17:00,21.96,21.96,21.96,1,1.0
2024-06-25 18:00,21.22,21.22,21.22,1,1.0
2024-06-25 19:00,20.86,20.86,20.86,1,1.0
2024-06-25 20:00,22.06,22.06,22.06,1,1.0
2024-06-25 21:00,21.63,21.63,21.63,1,1.0
2024-06-25 22:00,19.78,19.78,19.78,1,1.0
2024-06-25 23:00,19.38,19.38,19.38,1,1.0
2024-06-26 00:00,19.97,19.97,19.97,1,1.0
2024-06-26 01:00,20.08,20.08,20.08,1,1.0
2024-06-26 02:00,20.24,20.24,20.24,1,1.0
2024-06-26 03:00,20.16,20.16,20.16,1,1.0
2024-06-26 04:00,20.17,20.17,20.17,1,1.0
2024-06-26 05:00,20.09,20.09,20.09,1,1.0
2024-06-26 06:00,20.52,20.52,20.52,1,1.0
2024-06-26 07:00,21.87,21.87,21.87,1,1.0
2024-06-26 08:00,23.6,23.6,23.6,1,1.0
2024-06-26 09:00,24.67,24.67,24.67,1,1.0
2024-06-26 10:00,25.22,25.22,25.22,1,1.0
2024-06-26 11:00,25.61,25.61,25.61,1,1.0
2024-06-26 12:00,25.67,25.67,25.67,1,1.0
2024-06-26 13:00,25.4,25.4,25.4,1,1.0
2024-06-26 14:00,25.1,25.1,25.1,1,1.0
2024-06-26 15:00,24.81,24.81,24.81,1,1.0
2024-06-26 16:00,24.46,24.46,24.46,1,1.0
2024-06-26 17:00,24.05,24.05,24.05,1,1.0
2024-06-26 18:00,23.5,23.5,23.5,1,1.0
2024-06-26 19:00,22.82,22.82,22.82,1,1.0
2024-06-26 20:00,21.9,21.9,21.9,1,1.0
2024-06-26 21:00,21.27,21.27,21.27,1,1.0
2024-06-26 22:00,20.66,20.66,20.66,1,1.0
2024-06-26 23:00,20.06,20.06,20.06,1,1.0
2024-06-27 00:00,19.56,19.56,19.56,1,1.0
2024-06-27 01:00,19.16,19.16,19.16,1,1.0
2024-06-27 02:00,18.93,18.93,18.93,1,1.0
2024-06-27 03:00,18.71,18.71,18.71,1,1.0
2024-06-27 04:00,18.57,18.57,18.57,1,1.0
2024-06-27 05:00,18.75,18.75,18.75,1,1.0
2024-06-27 06:00,19.83,19.83,19.83,1,1.0
2024-06-27 07:00,20.43,20.43,20.43,1,1.0
2024-06-27 08:00,21.42,21.42,21.42,1,1.0
2024-06-27 09:00,22.29,22.29,22.29,1,1.0
2024-06-27 10:00,23.16,23.16,23.16,1,1.0
2024-06-27 11:00,24.06,24.06,24.06,1,1.0
2024-06-27 12:00,24.42,24.42,24.42,1,1.0
2024-06-27 13:00,24.66,24.66,24.66,1,1.0
2024-06-27 14:00,24.36,24.36,24.36,1,1.0
2024-06-27 15:00,24.02,24.02,24.02,1,1.0
2024-06-27 16:00,23.74,23.74,23.74,1,1.0
2024-06-27 17:00,23.45,23.45,23.45,1,1.0
2024-06-27 18:00,23.08,23.08,23.08,1,1.0
2024-06-27 19:00,22.58,22.58,22.58,1,1.0
2024-06-27 20:00,21.89,21.89,21.89,1,1.0
2024-06-27 21:00,21.44,21.44,21.44,1,1.0
2024-06-27 22:00,20.83,20.83,20.83,1,1.0
2024-06-27 23:00,21.17,21.17,21.17,1,1.0
2024-06-28 00:00,21.15,21.15,21.15,1,1.0
2024-06-28 01:00,20.97,20.97,20.97,1,1.0
2024-06-28 02:00,20.8,20.8,20.8,1,1.0
2024-06-28 03:00,20.62,20.62,20.62,1,1.0
2024-06-28 04:00,20.51,20.51,20.51,1,1.0
2024-06-28 05:00,20.35,20.35,20.35,1,1.0
2024-06-28 06:00,20.27,20.27,20.27,1,1.0
2024-06-28 07:00,21.87,21.87,21.87,1,1.0
2024-06-28 08:00,23.12,23.12,23.12,1,1.0
2024-06-28 09:00,24.56,24.56,24.56,1,1.0
2024-06-28 10:00,25.97,25.97,25.97,1,1.0
2024-06-28 11:00,27.0,27.0,27.0,1,1.0
2024-06-28 12:00,27.63,27.63,27.63,1,1.0
2024-06-28 13:00,28.03,28.03,28.03,1,1.0
2024-06-28 14:00,28.23,28.23,28.23,1,1.0
2024-06-28 15:00,28.14,28.14,28.14,1,1.0
2024-06-28 16:00,27.96,27.96,27.96,1,1.0
2024-06-28 17:00,27.47,27.47,27.47,1,1.0
2024-06-28 18:00,26.9,26.9,26.9,1,1.0
2024-06-28 19:00,26.21,26.21,26.21,1,1.0
2024-06-28 20:00,25.5,25.5,25.5,1,1.0
2024-06-28 21:00,25.11,25.11,25.11,1,1.0
2024-06-28 22:00,24.85,24.85,24.85,1,1.0
2024-06-28 23:00,24.46,24.46,24.46,1,1.0
2024-06-29 00:00,24.01,24.01,24.01,1,1.0
2024-06-29 01:00,23.64,23.64,23.64,1,1.0
2024-06-29 02:00,23.25,23.25,23.25,1,1.0
2024-06-29 03:00,22.72,22.72,22.72,1,1.0
2024-06-29 04:00,22.17,22.17,22.17,1,1.0
2024-06-29 05:00,21.69,21.69,21.69,1,1.0
2024-06-29 06:00,22.13,22.13,22.13,1,1.0
2024-06-29 07:00,24.43,24.43,24.43,1,1.0
2024-06-29 08:00,26.56,26.56,26.56,1,1.0
2024-06-29 09:00,27.71,27.71,27.71,1,1.0
2024-06-29 10:00,28.57,28.57,28.57,1,1.0
2024-06-29 11:00,29.24,29.24,29.24,1,1.0
2024-06-29 12:00,29.99,29.99,29.99,1,1.0
2024-06-29 13:00,30.5,30.5,30.5,1,1.0
2024-06-29 14:00,30.82,30.82,30.82,1,1.0
2024-06-29 15:00,30.87,30.87,30.87,1,1.0
2024-06-29 16:00,30.7,30.7,30.7,1,1.0
2024-06-29 17:00,30.24,30.24,30.24,1,1.0
2024-06-29 18:00,29.31,29.31,29.31,1,1.0
2024-06-29 19:00,28.42,28.42,28.42,1,1.0
2024-06-29 20:00,27.8,27.8,27.8,1,1.0
2024-06-29 21:00,26.92,26.92,26.92,1,1.0
2024-06-29 22:00,26.04,26.04,26.04,1,1.0
2024-06-29 23:00,24.83,24.83,24.83,1,1.0
2024-06-30 00:00,26.68,26.68,26.68,1,1.0
2024-06-30 01:00,24.22,24.22,24.22,1,1.0
2024-06-30 02:00,22.21,22.21,22.21,1,1.0
2024-06-30 03:00,21.56,21.56,21.56,1,1.0
2024-06-30 04:00,21.11,21.11,21.11,1,1.0
2024-06-30 05:00,20.96,20.96,20.96,1,1.0
2024-06-30 06:00,21.95,21.95,21.95,1,1.0
2024-06-30 07:00,24.25,24.25,24.25,1,1.0
2024-06-30 08:00,26.3,26.3,26.3,1,1.0
2024-06-30 09:00,27.0,27.0,27.0,1,1.0
2024-06-30 10:00,27.39,27.39,27.39,1,1.0
2024-06-30 11:00,27.89,27.89,27.89,1,1.0
2024-06-30 12:00,28.26,28.26,28.26,1,1.0
2024-06-30 13:00,28.08,28.08,28.08,1,1.0
2024-06-30 14:00,27.63,27.63,27.63,1,1.0
2024-06-30 15:00,27.02,27.02,27.02,1,1.0
2024-06-30 16:00,26.68,26.68,26.68,1,1.0
2024-06-30 17:00,26.29,26.29,26.29,1,1.0
2024-06-30 18:00,25.67,25.67,25.67,1,1.0
2024-06-30 19:00,24.72,24.72,24.72,1,1.0
2024-06-30 20:00,23.38,23.38,23.38,1,1.0
2024-06-30 21:00,22.75,22.75,22.75,1,1.0
2024-06-30 22:00,22.07,22.07,22.07,1,1.0
2024-06-30 23:00,21.62,21.62,21.62,1,1.0
2024-07-01 00:00,21.04,21.04,21.04,1,1.0
2024-07-01 01:00,20.52,20.52,20.52,1,1.0
2024-07-01 02:00,20.37,20.37,20.37,1,1.0
2024-07-01 03:00,20.14,20.14,20.14,1,1.0
2024-07-01 04:00,20.18,20.18,20.18,1,1.0
2024-07-01 05:00,20.04,20.04,20.04,1,1.0
2024-07-01 06:00,20.55,20.55,20.55,1,1.0
2024-07-01 07:00,21.79,21.79,21.79,1,1.0
2024-07-01 08:00,23.32,23.32,23.32,1,1.0
2024-07-01 09:00,24.71,24.71,24.71,1,1.0
2024-07-01 10:00,25.75,25.75,25.75,1,1.0
2024-07-01 11:00,26.75,26.75,26.75,1,1.0
2024-07-01 12:00,27.47,27.47,27.47,1,1.0
2024-07-01 13:00,27.42,27.42,27.42,1,1.0
2024-07-01 14:00,27.5,27.5,27.5,1,1.0
2024-07-01 15:00,27.46,27.46,27.46,1,1.0
2024-07-01 16:00,27.45,27.45,27.45,1,1.0
2024-07-01 17:00,27.29,27.29,27.29,1,1.0
2024-07-01 18:00,26.74,26.74,26.74,1,1.0
2024-07-01 19:00,25.78,25.78,25.78,1,1.0
2024-07-01 20:00,25.32,25.32,25.32,1,1.0
2024-07-01 21:00,24.39,24.39,24.39,1,1.0
2024-07-01 22:00,24.3,24.3,24.3,1,1.0
2024-07-01 23:00,24.02,24.02,24.02,1,1.0
2024-07-02 00:00,23.92,23.92,23.92,1,1.0
2024-07-02 01:00,22.85,22.85,22.85,1,1.0
2024-07-02 02:00,22.56,22.56,22.56,1,1.0
2024-07-02 03:00,22.24,22.24,22.24,1,1.0
2024-07-02 04:00,22.13,22.13,22.13,1,1.0
2024-07-02 05:00,21.87,21.87,21.87,1,1.0
2024-07-02 06:00,22.1,22.1,22.1,1,1.0
2024-07-02 07:00,22.88,22.88,22.88,1,1.0
2024-07-02 08:00,24.18,24.18,24.18,1,1.0
2024-07-02 09:00,25.13,25.13,25.13,1,1.0
2024-07-02 10:00,25.92,25.92,25.92,1,1.0
2024-07-02 11:00,26.16,26.16,26.16,1,1.0
2024-07-02 12:00,25.91,25.91,25.91,1,1.0
2024-07-02 13:00,26.07,26.07,26.07,1,1.0
2024-07-02 14:00,26.04,26.04,26.04,1,1.0
2024-07-02 15:00,25.74,25.74,25.74,1,1.0
2024-07-02 16:00,24.06,24.06,24.06,1,1.0
2024-07-02 17:00,23.59,23.59,23.59,1,1.0
2024-07-02 18:00,23.47,23.47,23.47,1,1.0
2024-07-02 19:00,23.32,23.32,23.32,1,1.0
2024-07-02 20:00,23.21,23.21,23.21,1,1.0
2024-07-02 21:00,22.86,22.86,22.86,1,1.0
2024-07-02 22:00,22.49,22.49,22.49,1,1.0
2024-07-02 23:00,21.99,21.99,21.99,1,1.0
2024-07-03 00:00,21.8,21.8,21.8,1,1.0
2024-07-03 01:00,21.46,21.46,21.46,1,1.0
2024-07-03 02:00,21.02,21.02,21.02,1,1.0
2024-07-03 03:00,20.68,20.68,20.68,1,1.0
2024-07-03 04:00,20.32,20.32,20.32,1,1.0
2024-07-03 05:00,20.0,20.0,20.0,1,1.0
2024-07-03 06:00,20.46,20.46,20.46,1,1.0
2024-07-03 07:00,21.82,21.82,21.82,1,1.0
2024-07-03 08:00,23.13,23.13,23.13,1,1.0
2024-07-03 09:00,24.13,24.13,24.13,1,1.0
2024-07-03 10:00,24.98,24.98,24.98,1,1.0
2024-07-03 11:00,25.46,25.46,25.46,1,1.0
2024-07-03 12:00,25.6,25.6,25.6,1,1.0
2024-07-03 13:00,25.41,25.41,25.41,1,1.0
2024-07-03 14:00,24.89,24.89,24.89,1,1.0
2024-07-03 15:00,23.56,23.56,23.56,1,1.0
2024-07-03 16:00,22.99,22.99,22.99,1,1.0
2024-07-03 17:00,22.55,22.55,22.55,1,1.0
2024-07-03 18:00,22.03,22.03,22.03,1,1.0
2024-07-03 19:00,21.44,21.44,21.44,1,1.0
2024-07-03 20:00,21.44,21.44,21.44,1,1.0
2024-07-03 21:00,20.79,20.79,20.79,1,1.0
2024-07-03 22:00,20.56,20.56,20.56,1,1.0
2024-07-03 23:00,20.5,20.5,20.5,1,1.0
2024-07-04 00:00,20.13,20.13,20.13,1,1.0
2024-07-04 01:00,19.79,19.79,19.79,1,1.0
2024-07-04 02:00,19.53,19.53,19.53,1,1.0
2024-07-04 03:00,19.27,19.27,19.27,1,1.0
2024-07-04 04:00,18.76,18.76,18.76,1,1.0
2024-07-04 05:00,18.75,18.75,18.75,1,1.0
2024-07-04 06:00,19.37,19.37,19.37,1,1.0
2024-07-04 07:00,20.81,20.81,20.81,1,1.0
2024-07-04 08:00,22.0,22.0,22.0,1,1.0
2024-07-04 09:00,22.95,22.95,22.95,1,1.0
2024-07-04 10:00,23.78,23.78,23.78,1,1.0
2024-07-04 11:00,24.41,24.41,24.41,1,1.0
2024-07-04 12:00,24.69,24.69,24.69,1,1.0
2024-07-04 13:00,24.85,24.85,24.85,1,1.0
2024-07-04 14:00,25.05,25.05,25.05,1,1.0
2024-07-04 15:00,24.97,24.97,24.97,1,1.0
2024-07-04 16:00,25.09,25.09,25.09,1,1.0
2024-07-04 17:00,25.07,25.07,25.07,1,1.0
2024-07-04 18:00,24.72,24.72,24.72,1,1.0
2024-07-04 19:00,24.26,24.26,24.26,1,1.0
2024-07-04 20:00,23.82,23.82,23.82,1,1.0
2024-07-04 21:00,23.41,23.41,23.41,1,1.0
2024-07-04 22:00,22.67,22.67,22.67,1,1.0
2024-07-04 23:00,22.05,22.05,22.05,1,1.0
2024-07-05 00:00,22.11,22.11,22.11,1,1.0
2024-07-05 01:00,22.41,22.41,22.41,1,1.0
2024-07-05 02:00,22.49,22.49,22.49,1,1.0
2024-07-05 03:00,22.26,22.26,22.26,1,1.0
2024-07-05 04:00,21.01,21.01,21.01,1,1.0
2024-07-05 05:00,19.99,19.99,19.99,1,1.0
2024-07-05 06:00,20.16,20.16,20.16,1,1.0
2024-07-05 07:00,22.81,22.81,22.81,1,1.0
2024-07-05 08:00,23.06,23.06,23.06,1,1.0
2024-07-05 09:00,24.15,24.15,24.15,1,1.0
2024-07-05 10:00,25.14,25.14,25.14,1,1.0
2024-07-05 11:00,25.77,25.77,25.77,1,1.0
2024-07-05 12:00,26.24,26.24,26.24,1,1.0
2024-07-05 13:00,26.39,26.39,26.39,1,1.0
2024-07-05 14:00,26.34,26.34,26.34,1,1.0
2024-07-05 15:00,26.06,26.06,26.06,1,1.0
2024-07-05 16:00,25.79,25.79,25.79,1,1.0
2024-07-05 17:00,25.44,25.44,25.44,1,1.0
2024-07-05 18:00,24.98,24.98,24.98,1,1.0
2024-07-05 19:00,24.41,24.41,24.41,1,1.0
2024-07-05 20:00,23.68,23.68,23.68,1,1.0
2024-07-05 21:00,23.08,23.08,23.08,1,1.0
2024-07-05 22:00,22.89,22.89,22.89,1,1.0
2024-07-05 23:00,22.84,22.84,22.84,1,1.0
2024-07-06 00:00,22.54,22.54,22.54,1,1.0
2024-07-06 01:00,22.45,22.45,22.45,1,1.0
2024-07-06 02:00,22.22,22.22,22.22,1,1.0
2024-07-06 03:00,22.0,22.0,22.0,1,1.0
2024-07-06 04:00,21.78,21.78,21.78,1,1.0
2024-07-06 05:00,21.58,21.58,21.58,1,1.0
2024-07-06 06:00,21.18,21.18,21.18,1,1.0
2024-07-06 07:00,22.64,22.64,22.64,1,1.0
2024-07-06 08:00,24.23,24.23,24.23,1,1.0
2024-07-06 09:00,25.34,25.34,25.34,1,1.0
2024-07-06 10:00,26.15,26.15,26.15,1,1.0
2024-07-06 11:00,26.71,26.71,26.71,1,1.0
2024-07-06 12:00,27.02,27.02,27.02,1,1.0
2024-07-06 13:00,27.09,27.09,27.09,1,1.0
2024-07-06 14:00,27.08,27.08,27.08,1,1.0
2024-07-06 15:00,27.01,27.01,27.01,1,1.0
2024-07-06 16:00,26.88,26.88,26.88,1,1.0
2024-07-06 17:00,26.6,26.6,26.6,1,1.0
2024-07-06 18:00,26.12,26.12,26.12,1,1.0
2024-07-06 19:00,25.48,25.48,25.48,1,1.0
2024-07-06 20:00,24.57,24.57,24.57,1,1.0
2024-07-06 21:00,24.29,24.29,24.29,1,1.0
2024-07-06 22:00,23.69,23.69,23.69,1,1.0
2024-07-06 23:00,21.75,21.75,21.75,1,1.0
2024-07-07 00:00,20.99,20.99,20.99,1,1.0
2024-07-07 01:00,20.74,20.74,20.74,1,1.0
2024-07-07 02:00,20.97,20.97,20.97,1,1.0
2024-07-07 03:00,20.38,20.38,20.38,1,1.0
2024-07-07 04:00,20.27,20.27,20.27,1,1.0
2024-07-07 05:00,20.97,20.97,20.97,1,1.0
2024-07-07 06:00,20.74,20.74,20.74,1,1.0
2024-07-07 07:00,24.33,24.33,24.33,1,1.0
2024-07-07 08:00,25.48,25.48,25.48,1,1.0
2024-07-07 09:00,26.85,26.85,26.85,1,1.0
2024-07-07 10:00,27.74,27.74,27.74,1,1.0
2024-07-07 11:00,28.4,28.4,28.4,1,1.0
2024-07-07 12:00,28.73,28.73,28.73,1,1.0
2024-07-07 13:00,28.83,28.83,28.83,1,1.0
2024-07-07 14:00,29.0,29.0,29.0,1,1.0
2024-07-07 15:00,28.37,28.37,28.37,1,1.0
2024-07-07 16:00,27.95,27.95,27.95,1,1.0
2024-07-07 17:00,27.96,27.96,27.96,1,1.0
2024-07-07 18:00,27.38,27.38,27.38,1,1.0
2024-07-07 19:00,26.66,26.66,26.66,1,1.0
2024-07-07 20:00,25.47,25.47,25.47,1,1.0
2024-07-07 21:00,24.55,24.55,24.55,1,1.0
2024-07-07 22:00,24.61,24.61,24.61,1,1.0
2024-07-07 23:00,24.53,24.53,24.53,1,1.0
2024-07-08 00:00,24.67,24.67,24.67,1,1.0
2024-07-08 01:00,24.41,24.41,24.41,1,1.0
2024-07-08 02:00,24.13,24.13,24.13,1,1.0
2024-07-08 03:00,23.93,23.93,23.93,1,1.0
2024-07-08 04:00,23.67,23.67,23.67,1,1.0
2024-07-08 05:00,23.37,23.37,23.37,1,1.0
2024-07-08 06:00,23.28,23.28,23.28,1,1.0
2024-07-08 07:00,24.11,24.11,24.11,1,1.0
2024-07-08 08:00,25.19,25.19,25.19,1,1.0
2024-07-08 09:00,26.27,26.27,26.27,1,1.0
2024-07-08 10:00,27.1,27.1,27.1,1,1.0
2024-07-08 11:00,27.66,27.66,27.66,1,1.0
2024-07-08 12:00,28.1,28.1,28.1,1,1.0
2024-07-08 13:00,28.37,28.37,28.37,1,1.0
2024-07-08 14:00,28.33,28.33,28.33,1,1.0
2024-07-08 15:00,28.16,28.16,28.16,1,1.0
2024-07-08 16:00,27.95,27.95,27.95,1,1.0
2024-07-08 17:00,27.44,27.44,27.44,1,1.0
2024-07-08 18:00,26.83,26.83,26.83,1,1.0
2024-07-08 19:00,25.97,25.97,25.97,1,1.0
2024-07-08 20:00,24.91,24.91,24.91,1,1.0
2024-07-08 21:00,24.32,24.32,24.32,1,1.0
2024-07-08 22:00,23.86,23.86,23.86,1,1.0
2024-07-08 23:00,23.27,23.27,23.27,1,1.0
2024-07-09 00:00,22.77,22.77,22.77,1,1.0
2024-07-09 01:00,22.77,22.77,22.77,1,1.0
2024-07-09 02:00,22.57,22.57,22.57,1,1.0
2024-07-09 03:00,22.13,22.13,22.13,1,1.0
2024-07-09 04:00,21.55,21.55,21.55,1,1.0
2024-07-09 05:00,21.58,21.58,21.58,1,1.0
2024-07-09 06:00,22.68,22.68,22.68,1,1.0
2024-07-09 07:00,25.29,25.29,25.29,1,1.0
2024-07-09 08:00,27.06,27.06,27.06,1,1.0
2024-07-09 09:00,28.54,28.54,28.54,1,1.0
2024-07-09 10:00,29.57,29.57,29.57,1,1.0
2024-07-09 11:00,30.14,30.14,30.14,1,1.0
2024-07-09 12:00,30.63,30.63,30.63,1,1.0
2024-07-09 13:00,30.97,30.97,30.97,1,1.0
2024-07-09 14:00,30.81,30.81,30.81,1,1.0
2024-07-09 15:00,30.48,30.48,30.48,1,1.0
2024-07-09 16:00,29.96,29.96,29.96,1,1.0
2024-07-09 17:00,29.25,29.25,29.25,1,1.0
2024-07-09 18:00,28.64,28.64,28.64,1,1.0
2024-07-09 19:00,28.08,28.08,28.08,1,1.0
2024-07-09 20:00,27.17,27.17,27.17,1,1.0
2024-07-09 21:00,26.67,26.67,26.67,1,1.0
2024-07-09 22:00,25.92,25.92,25.92,1,1.0
2024-07-09 23:00,25.28,25.28,25.28,1,1.0
2024-07-10 00:00,24.62,24.62,24.62,1,1.0
2024-07-10 01:00,24.06,24.06,24.06,1,1.0
2024-07-10 02:00,23.51,23.51,23.51,1,1.0
2024-07-10 03:00,23.17,23.17,23.17,1,1.0
2024-07-10 04:00,22.85,22.85,22.85,1,1.0
2024-07-10 05:00,22.35,22.35,22.35,1,1.0
2024-07-10 06:00,23.29,23.29,23.29,1,1.0
2024-07-10 07:00,26.64,26.64,26.64,1,1.0
2024-07-10 08:00,28.28,28.28,28.28,1,1.0
2024-07-10 09:00,29.46,29.46,29.46,1,1.0
2024-07-10 10:00,30.34,30.34,30.34,1,1.0
2024-07-10 11:00,30.85,30.85,30.85,1,1.0
2024-07-10 12:00,31.22,31.22,31.22,1,1.0
2024-07-10 13:00,31.32,31.32,31.32,1,1.0
2024-07-10 14:00,31.33,31.33,31.33,1,1.0
2024-07-10 15:00,31.13,31.13,31.13,1,1.0
2024-07-10 16:00,30.59,30.59,30.59,1,1.0
2024-07-10 17:00,30.27,30.27,30.27,1,1.0
2024-07-10 18:00,29.81,29.81,29.81,1,1.0
2024-07-10 19:00,29.17,29.17,29.17,1,1.0
2024-07-10 20:00,28.12,28.12,28.12,1,1.0
2024-07-10 21:00,27.4,27.4,27.4,1,1.0
2024-07-10 22:00,27.38,27.38,27.38,1,1.0
2024-07-10 23:00,27.74,27.74,27.74,1,1.0
2024-07-11 00:00,27.52,27.52,27.52,1,1.0
2024-07-11 01:00,27.2,27.2,27.2,1,1.0
2024-07-11 02:00,26.78,26.78,26.78,1,1.0
2024-07-11 03:00,26.47,26.47,26.47,1,1.0
2024-07-11 04:00,25.82,25.82,25.82,1,1.0
2024-07-11 05:00,24.84,24.84,24.84,1,1.0
2024-07-11 06:00,24.64,24.64,24.64,1,1.0
2024-07-11 07:00,26.82,26.82,26.82,1,1.0
2024-07-11 08:00,27.55,27.55,27.55,1,1.0
2024-07-11 09:00,28.6,28.6,28.6,1,1.0
2024-07-11 10:00,29.46,29.46,29.46,1,1.0
2024-07-11 11:00,30.15,30.15,30.15,1,1.0
2024-07-11 12:00,30.57,30.57,30.57,1,1.0
2024-07-11 13:00,30.66,30.66,30.66,1,1.0
2024-07-11 14:00,30.68,30.68,30.68,1,1.0
2024-07-11 15:00,30.42,30.42,30.42,1,1.0
2024-07-11 16:00,29.98,29.98,29.98,1,1.0
2024-07-11 17:00,29.33,29.33,29.33,1,1.0
2024-07-11 18:00,28.59,28.59,28.59,1,1.0
2024-07-11 19:00,27.77,27.77,27.77,1,1.0
2024-07-11 20:00,26.88,26.88,26.88,1,1.0
2024-07-11 21:00,26.25,26.25,26.25,1,1.0
2024-07-11 22:00,25.95,25.95,25.95,1,1.0
2024-07-11 23:00,25.87,25.87,25.87,1,1.0
2024-07-12 00:00,25.58,25.58,25.58,1,1.0
2024-07-12 01:00,25.25,25.25,25.25,1,1.0
2024-07-12 02:00,24.87,24.87,24.87,1,1.0
2024-07-12 03:00,24.57,24.57,24.57,1,1.0
2024-07-12 04:00,24.34,24.34,24.34,1,1.0
2024-07-12 05:00,23.07,23.07,23.07,1,1.0
2024-07-12 06:00,22.89,22.89,22.89,1,1.0
2024-07-12 07:00,25.28,25.28,25.28,1,1.0
2024-07-12 08:00,26.56,26.56,26.56,1,1.0
2024-07-12 09:00,27.77,27.77,27.77,1,1.0
2024-07-12 10:00,28.7,28.7,28.7,1,1.0
2024-07-12 11:00,29.51,29.51,29.51,1,1.0
2024-07-12 12:00,30.02,30.02,30.02,1,1.0
2024-07-12 13:00,30.1,30.1,30.1,1,1.0
2024-07-12 14:00,30.01,30.01,30.01,1,1.0
2024-07-12 15:00,29.93,29.93,29.93,1,1.0
2024-07-12 16:00,29.65,29.65,29.65,1,1.0
2024-07-12 17:00,29.15,29.15,29.15,1,1.0
2024-07-12 18:00,28.38,28.38,28.38,1,1.0
2024-07-12 19:00,27.42,27.42,27.42,1,1.0
2024-07-12 20:00,26.61,26.61,26.61,1,1.0
2024-07-12 21:00,25.96,25.96,25.96,1,1.0
2024-07-12 22:00,25.56,25.56,25.56,1,1.0
2024-07-12 23:00,25.66,25.66,25.66,1,1.0
2024-07-13 00:00,25.34,25.34,25.34,1,1.0
2024-07-13 01:00,25.02,25.02,25.02,1,1.0
2024-07-13 02:00,24.77,24.77,24.77,1,1.0
2024-07-13 03:00,24.56,24.56,24.56,1,1.0
2024-07-13 04:00,24.36,24.36,24.36,1,1.0
2024-07-13 05:00,24.15,24.15,24.15,1,1.0
2024-07-13 06:00,24.17,24.17,24.17,1,1.0
2024-07-13 07:00,25.17,25.17,25.17,1,1.0
2024-07-13 08:00,26.86,26.86,26.86,1,1.0
2024-07-13 09:00,28.22,28.22,28.22,1,1.0
2024-07-13 10:00,29.3,29.3,29.3,1,1.0
2024-07-13 11:00,30.1,30.1,30.1,1,1.0
2024-07-13 12:00,30.65,30.65,30.65,1,1.0
2024-07-13 13:00,30.98,30.98,30.98,1,1.0
2024-07-13 14:00,31.06,31.06,31.06,1,1.0
2024-07-13 15:00,30.81,30.81,30.81,1,1.0
2024-07-13 16:00,30.28,30.28,30.28,1,1.0
2024-07-13 17:00,29.54,29.54,29.54,1,1.0
2024-07-13 18:00,28.66,28.66,28.66,1,1.0
2024-07-13 19:00,27.8,27.8,27.8,1,1.0
2024-07-13 20:00,26.7,26.7,26.7,1,1.0
2024-07-13 21:00,25.86,25.86,25.86,1,1.0
2024-07-13 22:00,25.13,25.13,25.13,1,1.0
2024-07-13 23:00,25.19,25.19,25.19,1,1.0
2024-07-14 00:00,25.42,25.42,25.42,1,1.0
2024-07-14 01:00,24.92,24.92,24.92,1,1.0
2024-07-14 02:00,23.98,23.98,23.98,1,1.0
2024-07-14 03:00,24.69,24.69,24.69,1,1.0
2024-07-14 04:00,24.53,24.53,24.53,1,1.0
2024-07-14 05:00,24.43,24.43,24.43,1,1.0
2024-07-14 06:00,24.54,24.54,24.54,1,1.0
2024-07-14 07:00,25.45,25.45,25.45,1,1.0
2024-07-14 08:00,27.18,27.18,27.18,1,1.0
2024-07-14 09:00,28.6,28.6,28.6,1,1.0
2024-07-14 10:00,29.63,29.63,29.63,1,1.0
2024-07-14 11:00,30.37,30.37,30.37,1,1.0
2024-07-14 12:00,30.74,30.74,30.74,1,1.0
2024-07-14 13:00,30.98,30.98,30.98,1,1.0
2024-07-14 14:00,31.08,31.08,31.08,1,1.0
2024-07-14 15:00,31.02,31.02,31.02,1,1.0
2024-07-14 16:00,30.88,30.88,30.88,1,1.0
2024-07-14 17:00,30.53,30.53,30.53,1,1.0
2024-07-14 18:00,29.82,29.82,29.82,1,1.0
2024-07-14 19:00,28.79,28.79,28.79,1,1.0
2024-07-14 20:00,27.99,27.99,27.99,1,1.0
2024-07-14 21:00,27.28,27.28,27.28,1,1.0
2024-07-14 22:00,26.36,26.36,26.36,1,1.0
2024-07-14 23:00,25.78,25.78,25.78,1,1.0
2024-07-15 00:00,25.24,25.24,25.24,1,1.0
2024-07-15 01:00,24.65,24.65,24.65,1,1.0
2024-07-15 02:00,24.07,24.07,24.07,1,1.0
2024-07-15 03:00,23.56,23.56,23.56,1,1.0
2024-07-15 04:00,23.5,23.5,23.5,1,1.0
2024-07-15 05:00,23.77,23.77,23.77,1,1.0
2024-07-15 06:00,24.29,24.29,24.29,1,1.0
2024-07-15 07:00,27.38,27.38,27.38,1,1.0
2024-07-15 08:00,30.08,30.08,30.08,1,1.0
2024-07-15 09:00,31.53,31.53,31.53,1,1.0
2024-07-15 10:00,32.03,32.03,32.03,1,1.0
2024-07-15 11:00,32.32,32.32,32.32,1,1.0
2024-07-15 12:00,32.39,32.39,32.39,1,1.0
2024-07-15 13:00,32.41,32.41,32.41,1,1.0
2024-07-15 14:00,32.35,32.35,32.35,1,1.0
2024-07-15 15:00,32.22,32.22,32.22,1,1.0
2024-07-15 16:00,31.88,31.88,31.88,1,1.0
2024-07-15 17:00,31.29,31.29,31.29,1,1.0
2024-07-15 18:00,30.52,30.52,30.52,1,1.0
2024-07-15 19:00,29.71,29.71,29.71,1,1.0
2024-07-15 20:00,28.34,28.34,28.34,1,1.0
2024-07-15 21:00,28.1,28.1,28.1,1,1.0
2024-07-15 22:00,27.56,27.56,27.56,1,1.0
2024-07-15 23:00,27.06,27.06,27.06,1,1.0
2024-07-16 00:00,26.87,26.87,26.87,1,1.0
2024-07-16 01:00,27.05,27.05,27.05,1,1.0
2024-07-16 02:00,26.6,26.6,26.6,1,1.0
2024-07-16 03:00,26.29,26.29,26.29,1,1.0
2024-07-16 04:00,26.02,26.02,26.02,1,1.0
2024-07-16 05:00,25.74,25.74,25.74,1,1.0
2024-07-16 06:00,25.69,25.69,25.69,1,1.0
2024-07-16 07:00,26.28,26.28,26.28,1,1.0
2024-07-16 08:00,27.68,27.68,27.68,1,1.0
2024-07-16 09:00,29.14,29.14,29.14,1,1.0
2024-07-16 10:00,30.22,30.22,30.22,1,1.0
2024-07-16 11:00,30.87,30.87,30.87,1,1.0
2024-07-16 12:00,31.0,31.0,31.0,1,1.0
2024-07-16 13:00,30.96,30.96,30.96,1,1.0
2024-07-16 14:00,30.84,30.84,30.84,1,1.0
2024-07-16 15:00,30.61,30.61,30.61,1,1.0
2024-07-16 16:00,30.17,30.17,30.17,1,1.0
2024-07-16 17:00,29.66,29.66,29.66,1,1.0
2024-07-16 18:00,28.96,28.96,28.96,1,1.0
2024-07-16 19:00,28.12,28.12,28.12,1,1.0
2024-07-16 20:00,27.26,27.26,27.26,1,1.0
2024-07-16 21:00,26.51,26.51,26.51,1,1.0
2024-07-16 22:00,26.22,26.22,26.22,1,1.0
2024-07-16 23:00,25.84,25.84,25.84,1,1.0
2024-07-17 00:00,26.0,26.0,26.0,1,1.0
2024-07-17 01:00,25.72,25.72,25.72,1,1.0
2024-07-17 02:00,25.39,25.39,25.39,1,1.0
2024-07-17 03:00,25.11,25.11,25.11,1,1.0
2024-07-17 04:00,24.88,24.88,24.88,1,1.0
2024-07-17 05:00,24.24,24.24,24.24,1,1.0
2024-07-17 06:00,23.41,23.41,23.41,1,1.0
2024-07-17 07:00,25.97,25.97,25.97,1,1.0
2024-07-17 08:00,27.68,27.68,27.68,1,1.0
2024-07-17 09:00,29.05,29.05,29.05,1,1.0
2024-07-17 10:00,30.07,30.07,30.07,1,1.0
2024-07-17 11:00,30.75,30.75,30.75,1,1.0
2024-07-17 12:00,30.9,30.9,30.9,1,1.0
2024-07-17 13:00,31.1,31.1,31.1,1,1.0
2024-07-17 14:00,31.04,31.04,31.04,1,1.0
2024-07-17 15:00,30.64,30.64,30.64,1,1.0
2024-07-17 16:00,30.19,30.19,30.19,1,1.0
2024-07-17 17:00,29.88,29.88,29.88,1,1.0
2024-07-17 18:00,29.42,29.42,29.42,1,1.0
2024-07-17 19:00,28.67,28.67,28.67,1,1.0
2024-07-17 20:00,27.71,27.71,27.71,1,1.0
2024-07-17 21:00,27.24,27.24,27.24,1,1.0
2024-07-17 22:00,27.03,27.03,27.03,1,1.0
2024-07-17 23:00,26.68,26.68,26.68,1,1.0
2024-07-18 00:00,25.69,25.69,25.69,1,1.0
2024-07-18 01:00,24.45,24.45,24.45,1,1.0
2024-07-18 02:00,25.21,25.21,25.21,1,1.0
2024-07-18 03:00,25.27,25.27,25.27,1,1.0
2024-07-18 04:00,25.15,25.15,25.15,1,1.0
2024-07-18 05:00,23.76,23.76,23.76,1,1.0
2024-07-18 06:00,23.98,23.98,23.98,1,1.0
2024-07-18 07:00,26.33,26.33,26.33,1,1.0
2024-07-18 08:00,28.19,28.19,28.19,1,1.0
2024-07-18 09:00,29.9,29.9,29.9,1,1.0
2024-07-18 10:00,31.18,31.18,31.18,1,1.0
2024-07-18 11:00,31.99,31.99,31.99,1,1.0
2024-07-18 12:00,32.38,32.38,32.38,1,1.0
2024-07-18 13:00,32.37,32.37,32.37,1,1.0
2024-07-18 14:00,32.2,32.2,32.2,1,1.0
2024-07-18 15:00,31.95,31.95,31.95,1,1.0
2024-07-18 16:00,31.44,31.44,31.44,1,1.0
2024-07-18 17:00,30.75,30.75,30.75,1,1.0
2024-07-18 18:00,30.08,30.08,30.08,1,1.0
2024-07-18 19:00,29.21,29.21,29.21,1,1.0
2024-07-18 20:00,28.4,28.4,28.4,1,1.0
2024-07-18 21:00,27.61,27.61,27.61,1,1.0
2024-07-18 22:00,27.33,27.33,27.33,1,1.0
2024-07-18 23:00,27.15,27.15,27.15,1,1.0
2024-07-19 00:00,26.83,26.83,26.83,1,1.0
2024-07-19 01:00,26.94,26.94,26.94,1,1.0
2024-07-19 02:00,26.72,26.72,26.72,1,1.0
2024-07-19 03:00,26.51,26.51,26.51,1,1.0
2024-07-19 04:00,26.31,26.31,26.31,1,1.0
2024-07-19 05:00,26.11,26.11,26.11,1,1.0
2024-07-19 06:00,26.12,26.12,26.12,1,1.0
2024-07-19 07:00,27.13,27.13,27.13,1,1.0
2024-07-19 08:00,28.87,28.87,28.87,1,1.0
2024-07-19 09:00,30.3,30.3,30.3,1,1.0
2024-07-19 10:00,31.25,31.25,31.25,1,1.0
2024-07-19 11:00,31.91,31.91,31.91,1,1.0
2024-07-19 12:00,32.15,32.15,32.15,1,1.0
2024-07-19 13:00,32.09,32.09,32.09,1,1.0
2024-07-19 14:00,31.74,31.74,31.74,1,1.0
2024-07-19 15:00,31.41,31.41,31.41,1,1.0
2024-07-19 16:00,31.0,31.0,31.0,1,1.0
2024-07-19 17:00,30.34,30.34,30.34,1,1.0
2024-07-19 18:00,29.5,29.5,29.5,1,1.0
2024-07-19 19:00,28.58,28.58,28.58,1,1.0
2024-07-19 20:00,27.23,27.23,27.23,1,1.0
2024-07-19 21:00,26.32,26.32,26.32,1,1.0
2024-07-19 22:00,26.21,26.21,26.21,1,1.0
2024-07-19 23:00,25.74,25.74,25.74,1,1.0
2024-07-20 00:00,25.17,25.17,25.17,1,1.0
2024-07-20 01:00,25.09,25.09,25.09,1,1.0
2024-07-20 02:00,24.59,24.59,24.59,1,1.0
2024-07-20 03:00,23.07,23.07,23.07,1,1.0
2024-07-20 04:00,22.55,22.55,22.55,1,1.0
2024-07-20 05:00,22.29,22.29,22.29,1,1.0
2024-07-20 06:00,22.42,22.42,22.42,1,1.0
2024-07-20 07:00,24.65,24.65,24.65,1,1.0
2024-07-20 08:00,26.18,26.18,26.18,1,1.0
2024-07-20 09:00,27.42,27.42,27.42,1,1.0
2024-07-20 10:00,28.64,28.64,28.64,1,1.0
2024-07-20 11:00,29.38,29.38,29.38,1,1.0
2024-07-20 12:00,29.7,29.7,29.7,1,1.0
2024-07-20 13:00,29.77,29.77,29.77,1,1.0
2024-07-20 14:00,29.6,29.6,29.6,1,1.0
2024-07-20 15:00,29.32,29.32,29.32,1,1.0
2024-07-20 16:00,28.98,28.98,28.98,1,1.0
2024-07-20 17:00,28.52,28.52,28.52,1,1.0
2024-07-20 18:00,27.87,27.87,27.87,1,1.0
2024-07-20 19:00,27.03,27.03,27.03,1,1.0
2024-07-20 20:00,26.15,26.15,26.15,1,1.0
2024-07-20 21:00,25.35,25.35,25.35,1,1.0
2024-07-20 22:00,24.62,24.62,24.62,1,1.0
2024-07-20 23:00,23.74,23.74,23.74,1,1.0
2024-07-21 00:00,23.2,23.2,23.2,1,1.0
2024-07-21 01:00,23.87,23.87,23.87,1,1.0
2024-07-21 02:00,24.08,24.08,24.08,1,1.0
2024-07-21 03:00,23.82,23.82,23.82,1,1.0
2024-07-21 04:00,23.58,23.58,23.58,1,1.0
2024-07-21 05:00,23.21,23.21,23.21,1,1.0
2024-07-21 06:00,22.52,22.52,22.52,1,1.0
2024-07-21 07:00,24.46,24.46,24.46,1,1.0
2024-07-21 08:00,25.98,25.98,25.98,1,1.0
2024-07-21 09:00,27.32,27.32,27.32,1,1.0
2024-07-21 10:00,28.43,28.43,28.43,1,1.0
2024-07-21 11:00,29.17,29.17,29.17,1,1.0
2024-07-21 12:00,29.51,29.51,29.51,1,1.0
2024-07-21 13:00,29.84,29.84,29.84,1,1.0
2024-07-21 14:00,29.8,29.8,29.8,1,1.0
2024-07-21 15:00,29.61,29.61,29.61,1,1.0
2024-07-21 16:00,29.38,29.38,29.38,1,1.0
2024-07-21 17:00,29.04,29.04,29.04,1,1.0
2024-07-21 18:00,28.49,28.49,28.49,1,1.0
2024-07-21 19:00,27.72,27.72,27.72,1,1.0
2024-07-21 20:00,26.58,26.58,26.58,1,1.0
2024-07-21 21:00,26.04,26.04,26.04,1,1.0
2024-07-21 22:00,24.96,24.96,24.96,1,1.0
2024-07-21 23:00,24.43,24.43,24.43,1,1.0
2024-07-22 00:00,23.87,23.87,23.87,1,1.0
2024-07-22 01:00,23.36,23.36,23.36,1,1.0
2024-07-22 02:00,25.53,25.53,25.53,1,1.0
2024-07-22 03:00,25.37,25.37,25.37,1,1.0
2024-07-22 04:00,25.29,25.29,25.29,1,1.0
2024-07-22 05:00,25.19,25.19,25.19,1,1.0
2024-07-22 06:00,23.2,23.2,23.2,1,1.0
2024-07-22 07:00,25.64,25.64,25.64,1,1.0
2024-07-22 08:00,27.56,27.56,27.56,1,1.0
2024-07-22 09:00,29.0,29.0,29.0,1,1.0
2024-07-22 10:00,30.54,30.54,30.54,1,1.0
2024-07-22 11:00,31.26,31.26,31.26,1,1.0
2024-07-22 12:00,30.92,30.92,30.92,1,1.0
2024-07-22 13:00,29.11,29.11,29.11,1,1.0
2024-07-22 14:00,29.96,29.96,29.96,1,1.0
2024-07-22 15:00,29.83,29.83,29.83,1,1.0
2024-07-22 16:00,29.0,29.0,29.0,1,1.0
2024-07-22 17:00,28.16,28.16,28.16,1,1.0
2024-07-22 18:00,27.82,27.82,27.82,1,1.0
2024-07-22 19:00,27.37,27.37,27.37,1,1.0
2024-07-22 20:00,26.82,26.82,26.82,1,1.0
2024-07-22 21:00,26.08,26.08,26.08,1,1.0
2024-07-22 22:00,25.53,25.53,25.53,1,1.0
2024-07-22 23:00,25.29,25.29,25.29,1,1.0
2024-07-23 00:00,25.04,25.04,25.04,1,1.0
2024-07-23 01:00,24.6,24.6,24.6,1,1.0
2024-07-23 02:00,24.3,24.3,24.3,1,1.0
2024-07-23 03:00,23.98,23.98,23.98,1,1.0
2024-07-23 04:00,23.75,23.75,23.75,1,1.0
2024-07-23 05:00,23.57,23.57,23.57,1,1.0
2024-07-23 06:00,23.92,23.92,23.92,1,1.0
2024-07-23 07:00,25.5,25.5,25.5,1,1.0
2024-07-23 08:00,27.11,27.11,27.11,1,1.0
2024-07-23 09:00,28.82,28.82,28.82,1,1.0
2024-07-23 10:00,30.43,30.43,30.43,1,1.0
2024-07-23 11:00,31.61,31.61,31.61,1,1.0
2024-07-23 12:00,31.87,31.87,31.87,1,1.0
2024-07-23 13:00,31.7,31.7,31.7,1,1.0
2024-07-23 14:00,31.75,31.75,31.75,1,1.0
2024-07-23 15:00,31.71,31.71,31.71,1,1.0
2024-07-23 16:00,31.37,31.37,31.37,1,1.0
2024-07-23 17:00,30.77,30.77,30.77,1,1.0
2024-07-23 18:00,30.16,30.16,30.16,1,1.0
2024-07-23 19:00,29.33,29.33,29.33,1,1.0
2024-07-23 20:00,28.41,28.41,28.41,1,1.0
2024-07-23 21:00,27.87,27.87,27.87,1,1.0
2024-07-23 22:00,26.94,26.94,26.94,1,1.0
2024-07-23 23:00,26.26,26.26,26.26,1,1.0
2024-07-24 00:00,25.95,25.95,25.95,1,1.0
2024-07-24 01:00,25.48,25.48,25.48,1,1.0
2024-07-24 02:00,24.9,24.9,24.9,1,1.0
2024-07-24 03:00,24.56,24.56,24.56,1,1.0
2024-07-24 04:00,23.75,23.75,23.75,1,1.0
2024-07-24 05:00,23.14,23.14,23.14,1,1.0
2024-07-24 06:00,23.34,23.34,23.34,1,1.0
2024-07-24 07:00,26.42,26.42,26.42,1,1.0
2024-07-24 08:00,26.93,26.93,26.93,1,1.0
2024-07-24 09:00,27.79,27.79,27.79,1,1.0
2024-07-24 10:00,28.7,28.7,28.7,1,1.0
2024-07-24 11:00,29.31,29.31,29.31,1,1.0
2024-07-24 12:00,29.61,29.61,29.61,1,1.0
2024-07-24 13:00,29.6,29.6,29.6,1,1.0
2024-07-24 14:00,29.38,29.38,29.38,1,1.0
2024-07-24 15:00,28.81,28.81,28.81,1,1.0
2024-07-24 16:00,27.41,27.41,27.41,1,1.0
2024-07-24 17:00,27.81,27.81,27.81,1,1.0
2024-07-24 18:00,27.83,27.83,27.83,1,1.0
2024-07-24 19:00,27.46,27.46,27.46,1,1.0
2024-07-24 20:00,26.29,26.29,26.29,1,1.0
2024-07-24 21:00,26.18,26.18,26.18,1,1.0
2024-07-24 22:00,25.76,25.76,25.76,1,1.0
2024-07-24 23:00,25.23,25.23,25.23,1,1.0
2024-07-25 00:00,25.03,25.03,25.03,1,1.0
2024-07-25 01:00,25.24,25.24,25.24,1,1.0
2024-07-25 02:00,25.17,25.17,25.17,1,1.0
2024-07-25 03:00,24.98,24.98,24.98,1,1.0
2024-07-25 04:00,24.59,24.59,24.59,1,1.0
2024-07-25 05:00,23.91,23.91,23.91,1,1.0
2024-07-25 06:00,23.14,23.14,23.14,1,1.0
2024-07-25 07:00,25.25,25.25,25.25,1,1.0
2024-07-25 08:00,27.03,27.03,27.03,1,1.0
2024-07-25 09:00,28.31,28.31,28.31,1,1.0
2024-07-25 10:00,29.4,29.4,29.4,1,1.0
2024-07-25 11:00,30.2,30.2,30.2,1,1.0
2024-07-25 12:00,30.59,30.59,30.59,1,1.0
2024-07-25 13:00,30.88,30.88,30.88,1,1.0
2024-07-25 14:00,30.96,30.96,30.96,1,1.0
2024-07-25 15:00,30.89,30.89,30.89,1,1.0
2024-07-25 16:00,30.71,30.71,30.71,1,1.0
2024-07-25 17:00,30.38,30.38,30.38,1,1.0
2024-07-25 18:00,29.93,29.93,29.93,1,1.0
2024-07-25 19:00,29.42,29.42,29.42,1,1.0
2024-07-25 20:00,28.62,28.62,28.62,1,1.0
2024-07-25 21:00,28.07,28.07,28.07,1,1.0
2024-07-25 22:00,27.59,27.59,27.59,1,1.0
2024-07-25 23:00,26.98,26.98,26.98,1,1.0
2024-07-26 00:00,26.32,26.32,26.32,1,1.0
2024-07-26 01:00,25.64,25.64,25.64,1,1.0
2024-07-26 02:00,25.03,25.03,25.03,1,1.0
2024-07-26 03:00,24.48,24.48,24.48,1,1.0
2024-07-26 04:00,24.03,24.03,24.03,1,1.0
2024-07-26 05:00,23.71,23.71,23.71,1,1.0
2024-07-26 06:00,23.87,23.87,23.87,1,1.0
2024-07-26 07:00,25.39,25.39,25.39,1,1.0
2024-07-26 08:00,27.45,27.45,27.45,1,1.0
2024-07-26 09:00,28.9,28.9,28.9,1,1.0
2024-07-26 10:00,30.05,30.05,30.05,1,1.0
2024-07-26 11:00,30.84,30.84,30.84,1,1.0
2024-07-26 12:00,31.33,31.33,31.33,1,1.0
2024-07-26 13:00,31.59,31.59,31.59,1,1.0
2024-07-26 14:00,31.61,31.61,31.61,1,1.0
2024-07-26 15:00,31.43,31.43,31.43,1,1.0
2024-07-26 16:00,31.11,31.11,31.11,1,1.0
2024-07-26 17:00,30.53,30.53,30.53,1,1.0
2024-07-26 18:00,29.78,29.78,29.78,1,1.0
2024-07-26 19:00,29.2,29.2,29.2,1,1.0
2024-07-26 20:00,28.1,28.1,28.1,1,1.0
2024-07-26 21:00,27.3,27.3,27.3,1,1.0
2024-07-26 22:00,26.66,26.66,26.66,1,1.0
2024-07-26 23:00,25.79,25.79,25.79,1,1.0
2024-07-27 00:00,24.97,24.97,24.97,1,1.0
2024-07-27 01:00,24.36,24.36,24.36,1,1.0
2024-07-27 02:00,23.83,23.83,23.83,1,1.0
2024-07-27 03:00,23.39,23.39,23.39,1,1.0
2024-07-27 04:00,22.97,22.97,22.97,1,1.0
2024-07-27 05:00,22.63,22.63,22.63,1,1.0
2024-07-27 06:00,23.29,23.29,23.29,1,1.0
2024-07-27 07:00,26.72,26.72,26.72,1,1.0
2024-07-27 08:00,28.99,28.99,28.99,1,1.0
2024-07-27 09:00,30.37,30.37,30.37,1,1.0
2024-07-27 10:00,31.16,31.16,31.16,1,1.0
2024-07-27 11:00,31.61,31.61,31.61,1,1.0
2024-07-27 12:00,31.88,31.88,31.88,1,1.0
2024-07-27 13:00,32.04,32.04,32.04,1,1.0
2024-07-27 14:00,32.01,32.01,32.01,1,1.0
2024-07-27 15:00,31.54,31.54,31.54,1,1.0
2024-07-27 16:00,31.05,31.05,31.05,1,1.0
2024-07-27 17:00,30.53,30.53,30.53,1,1.0
2024-07-27 18:00,29.92,29.92,29.92,1,1.0
2024-07-27 19:00,29.13,29.13,29.13,1,1.0
2024-07-27 20:00,28.2,28.2,28.2,1,1.0
2024-07-27 21:00,27.31,27.31,27.31,1,1.0
2024-07-27 22:00,26.86,26.86,26.86,1,1.0
2024-07-27 23:00,27.04,27.04,27.04,1,1.0
2024-07-28 00:00,26.65,26.65,26.65,1,1.0
2024-07-28 01:00,26.31,26.31,26.31,1,1.0
2024-07-28 02:00,25.76,25.76,25.76,1,1.0
2024-07-28 03:00,24.49,24.49,24.49,1,1.0
2024-07-28 04:00,23.64,23.64,23.64,1,1.0
2024-07-28 05:00,23.34,23.34,23.34,1,1.0
2024-07-28 06:00,23.62,23.62,23.62,1,1.0
2024-07-28 07:00,26.49,26.49,26.49,1,1.0
2024-07-28 08:00,28.67,28.67,28.67,1,1.0
2024-07-28 09:00,29.92,29.92,29.92,1,1.0
2024-07-28 10:00,30.81,30.81,30.81,1,1.0
2024-07-28 11:00,31.3,31.3,31.3,1,1.0
2024-07-28 12:00,31.66,31.66,31.66,1,1.0
2024-07-28 13:00,31.92,31.92,31.92,1,1.0
2024-07-28 14:00,31.78,31.78,31.78,1,1.0
2024-07-28 15:00,31.39,31.39,31.39,1,1.0
2024-07-28 16:00,31.01,31.01,31.01,1,1.0
2024-07-28 17:00,30.42,30.42,30.42,1,1.0
2024-07-28 18:00,29.97,29.97,29.97,1,1.0
2024-07-28 19:00,29.17,29.17,29.17,1,1.0
2024-07-28 20:00,28.06,28.06,28.06,1,1.0
2024-07-28 21:00,27.51,27.51,27.51,1,1.0
2024-07-28 22:00,27.58,27.58,27.58,1,1.0
2024-07-28 23:00,27.41,27.41,27.41,1,1.0
2024-07-29 00:00,27.15,27.15,27.15,1,1.0
2024-07-29 01:00,26.55,26.55,26.55,1,1.0
2024-07-29 02:00,25.25,25.25,25.25,1,1.0
2024-07-29 03:00,24.43,24.43,24.43,1,1.0
2024-07-29 04:00,23.86,23.86,23.86,1,1.0
2024-07-29 05:00,23.44,23.44,23.44,1,1.0
2024-07-29 06:00,23.59,23.59,23.59,1,1.0
2024-07-29 07:00,27.07,27.07,27.07,1,1.0
2024-07-29 08:00,29.37,29.37,29.37,1,1.0
2024-07-29 09:00,31.09,31.09,31.09,1,1.0
2024-07-29 10:00,32.04,32.04,32.04,1,1.0
2024-07-29 11:00,32.52,32.52,32.52,1,1.0
2024-07-29 12:00,32.72,32.72,32.72,1,1.0
2024-07-29 13:00,32.87,32.87,32.87,1,1.0
2024-07-29 14:00,32.68,32.68,32.68,1,1.0
2024-07-29 15:00,31.96,31.96,31.96,1,1.0
2024-07-29 16:00,32.17,32.17,32.17,1,1.0
2024-07-29 17:00,32.25,32.25,32.25,1,1.0
2024-07-29 18:00,31.53,31.53,31.53,1,1.0
2024-07-29 19:00,31.15,31.15,31.15,1,1.0
2024-07-29 20:00,29.71,29.71,29.71,1,1.0
2024-07-29 21:00,29.37,29.37,29.37,1,1.0
2024-07-29 22:00,29.14,29.14,29.14,1,1.0
2024-07-29 23:00,28.74,28.74,28.74,1,1.0
2024-07-30 00:00,28.2,28.2,28.2,1,1.0
2024-07-30 01:00,27.54,27.54,27.54,1,1.0
2024-07-30 02:00,26.9,26.9,26.9,1,1.0
2024-07-30 03:00,26.33,26.33,26.33,1,1.0
2024-07-30 04:00,25.93,25.93,25.93,1,1.0
2024-07-30 05:00,25.61,25.61,25.61,1,1.0
2024-07-30 06:00,25.74,25.74,25.74,1,1.0
2024-07-30 07:00,26.86,26.86,26.86,1,1.0
2024-07-30 08:00,28.58,28.58,28.58,1,1.0
2024-07-30 09:00,30.18,30.18,30.18,1,1.0
2024-07-30 10:00,31.64,31.64,31.64,1,1.0
2024-07-30 11:00,32.77,32.77,32.77,1,1.0
2024-07-30 12:00,33.58,33.58,33.58,1,1.0
2024-07-30 13:00,34.07,34.07,34.07,1,1.0
2024-07-30 14:00,33.96,33.96,33.96,1,1.0
2024-07-30 15:00,33.47,33.47,33.47,1,1.0
2024-07-30 16:00,32.93,32.93,32.93,1,1.0
2024-07-30 17:00,32.32,32.32,32.32,1,1.0
2024-07-30 18:00,31.62,31.62,31.62,1,1.0
2024-07-30 19:00,30.65,30.65,30.65,1,1.0
2024-07-30 20:00,29.54,29.54,29.54,1,1.0
2024-07-30 21:00,28.47,28.47,28.47,1,1.0
2024-07-30 22:00,27.48,27.48,27.48,1,1.0
2024-07-30 23:00,26.55,26.55,26.55,1,1.0
2024-07-31 00:00,25.66,25.66,25.66,1,1.0
2024-07-31 01:00,24.87,24.87,24.87,1,1.0
2024-07-31 02:00,24.22,24.22,24.22,1,1.0
2024-07-31 03:00,23.66,23.66,23.66,1,1.0
2024-07-31 04:00,23.25,23.25,23.25,1,1.0
2024-07-31 05:00,22.96,22.96,22.96,1,1.0
2024-07-31 06:00,23.16,23.16,23.16,1,1.0
2024-07-31 07:00,24.84,24.84,24.84,1,1.0
2024-07-31 08:00,27.18,27.18,27.18,1,1.0
2024-07-31 09:00,28.87,28.87,28.87,1,1.0
2024-07-31 10:00,30.26,30.26,30.26,1,1.0
2024-07-31 11:00,31.44,31.44,31.44,1,1.0
2024-07-31 12:00,32.06,32.06,32.06,1,1.0
2024-07-31 13:00,32.42,32.42,32.42,1,1.0
2024-07-31 14:00,32.37,32.37,32.37,1,1.0
2024-07-31 15:00,32.13,32.13,32.13,1,1.0
2024-07-31 16:00,31.76,31.76,31.76,1,1.0
2024-07-31 17:00,31.15,31.15,31.15,1,1.0
2024-07-31 18:00,30.43,30.43,30.43,1,1.0
2024-07-31 19:00,29.58,29.58,29.58,1,1.0
2024-07-31 20:00,28.41,28.41,28.41,1,1.0
2024-07-31 21:00,27.78,27.78,27.78,1,1.0
2024-07-31 22:00,26.79,26.79,26.79,1,1.0
2024-07-31 23:00,25.82,25.82,25.82,1,1.0
2024-08-01 00:00,25.22,25.22,25.22,1,1.0
2024-08-01 01:00,25.11,25.11,25.11,1,1.0
2024-08-01 02:00,25.12,25.12,25.12,1,1.0
2024-08-01 03:00,25.3,25.3,25.3,1,1.0
2024-08-01 04:00,25.05,25.05,25.05,1,1.0
2024-08-01 05:00,24.61,24.61,24.61,1,1.0
2024-08-01 06:00,23.56,23.56,23.56,1,1.0
2024-08-01 07:00,25.52,25.52,25.52,1,1.0
2024-08-01 08:00,27.7,27.7,27.7,1,1.0
2024-08-01 09:00,29.02,29.02,29.02,1,1.0
2024-08-01 10:00,29.97,29.97,29.97,1,1.0
2024-08-01 11:00,30.43,30.43,30.43,1,1.0
2024-08-01 12:00,30.66,30.66,30.66,1,1.0
2024-08-01 13:00,30.65,30.65,30.65,1,1.0
2024-08-01 14:00,30.52,30.52,30.52,1,1.0
2024-08-01 15:00,30.41,30.41,30.41,1,1.0
2024-08-01 16:00,30.08,30.08,30.08,1,1.0
2024-08-01 17:00,29.44,29.44,29.44,1,1.0
2024-08-01 18:00,28.58,28.58,28.58,1,1.0
2024-08-01 19:00,27.81,27.81,27.81,1,1.0
2024-08-01 20:00,26.72,26.72,26.72,1,1.0
2024-08-01 21:00,26.02,26.02,26.02,1,1.0
2024-08-01 22:00,25.39,25.39,25.39,1,1.0
2024-08-01 23:00,25.52,25.52,25.52,1,1.0
2024-08-02 00:00,25.1,25.1,25.1,1,1.0
2024-08-02 01:00,24.15,24.15,24.15,1,1.0
2024-08-02 02:00,23.55,23.55,23.55,1,1.0
2024-08-02 03:00,23.51,23.51,23.51,1,1.0
2024-08-02 04:00,23.68,23.68,23.68,1,1.0
2024-08-02 05:00,23.44,23.44,23.44,1,1.0
2024-08-02 06:00,22.88,22.88,22.88,1,1.0
2024-08-02 07:00,24.61,24.61,24.61,1,1.0
2024-08-02 08:00,26.05,26.05,26.05,1,1.0
2024-08-02 09:00,27.4,27.4,27.4,1,1.0
2024-08-02 10:00,28.47,28.47,28.47,1,1.0
2024-08-02 11:00,29.4,29.4,29.4,1,1.0
2024-08-02 12:00,30.15,30.15,30.15,1,1.0
2024-08-02 13:00,30.55,30.55,30.55,1,1.0
2024-08-02 14:00,30.65,30.65,30.65,1,1.0
2024-08-02 15:00,30.48,30.48,30.48,1,1.0
2024-08-02 16:00,30.07,30.07,30.07,1,1.0
2024-08-02 17:00,29.42,29.42,29.42,1,1.0
2024-08-02 18:00,28.57,28.57,28.57,1,1.0
2024-08-02 19:00,27.65,27.65,27.65,1,1.0
2024-08-02 20:00,26.68,26.68,26.68,1,1.0
2024-08-02 21:00,25.76,25.76,25.76,1,1.0
2024-08-02 22:00,25.73,25.73,25.73,1,1.0
2024-08-02 23:00,25.61,25.61,25.61,1,1.0
2024-08-03 00:00,24.0,24.0,24.0,1,1.0
2024-08-03 01:00,23.45,23.45,23.45,1,1.0
2024-08-03 02:00,23.18,23.18,23.18,1,1.0
2024-08-03 03:00,22.79,22.79,22.79,1,1.0
2024-08-03 04:00,22.43,22.43,22.43,1,1.0
2024-08-03 05:00,22.37,22.37,22.37,1,1.0
2024-08-03 06:00,22.62,22.62,22.62,1,1.0
2024-08-03 07:00,25.13,25.13,25.13,1,1.0
2024-08-03 08:00,27.24,27.24,27.24,1,1.0
2024-08-03 09:00,28.81,28.81,28.81,1,1.0
2024-08-03 10:00,29.94,29.94,29.94,1,1.0
2024-08-03 11:00,31.04,31.04,31.04,1,1.0
2024-08-03 12:00,31.9,31.9,31.9,1,1.0
2024-08-03 13:00,31.66,31.66,31.66,1,1.0
2024-08-03 14:00,30.54,30.54,30.54,1,1.0
2024-08-03 15:00,29.78,29.78,29.78,1,1.0
2024-08-03 16:00,29.75,29.75,29.75,1,1.0
2024-08-03 17:00,29.04,29.04,29.04,1,1.0
2024-08-03 18:00,28.48,28.48,28.48,1,1.0
2024-08-03 19:00,28.02,28.02,28.02,1,1.0
2024-08-03 20:00,28.61,28.61,28.61,1,1.0
2024-08-03 21:00,27.81,27.81,27.81,1,1.0
2024-08-03 22:00,27.5,27.5,27.5,1,1.0
2024-08-03 23:00,25.68,25.68,25.68,1,1.0
2024-08-04 00:00,25.63,25.63,25.63,1,1.0
2024-08-04 01:00,25.35,25.35,25.35,1,1.0
2024-08-04 02:00,26.76,26.76,26.76,1,1.0
2024-08-04 03:00,26.04,26.04,26.04,1,1.0
2024-08-04 04:00,24.75,24.75,24.75,1,1.0
2024-08-04 05:00,24.31,24.31,24.31,1,1.0
2024-08-04 06:00,23.33,23.33,23.33,1,1.0
2024-08-04 07:00,26.35,26.35,26.35,1,1.0
2024-08-04 08:00,28.0,28.0,28.0,1,1.0
2024-08-04 09:00,29.47,29.47,29.47,1,1.0
2024-08-04 10:00,30.55,30.55,30.55,1,1.0
2024-08-04 11:00,31.18,31.18,31.18,1,1.0
2024-08-04 12:00,31.47,31.47,31.47,1,1.0
2024-08-04 13:00,31.45,31.45,31.45,1,1.0
2024-08-04 14:00,31.25,31.25,31.25,1,1.0
2024-08-04 15:00,30.38,30.38,30.38,1,1.0
2024-08-04 16:00,29.75,29.75,29.75,1,1.0
2024-08-04 17:00,29.4,29.4,29.4,1,1.0
2024-08-04 18:00,29.0,29.0,29.0,1,1.0
2024-08-04 19:00,28.48,28.48,28.48,1,1.0
2024-08-04 20:00,27.64,27.64,27.64,1,1.0
2024-08-04 21:00,26.94,26.94,26.94,1,1.0
2024-08-04 22:00,26.14,26.14,26.14,1,1.0
2024-08-04 23:00,25.34,25.34,25.34,1,1.0
2024-08-05 00:00,25.07,25.07,25.07,1,1.0
2024-08-05 01:00,24.74,24.74,24.74,1,1.0
2024-08-05 02:00,24.72,24.72,24.72,1,1.0
2024-08-05 03:00,24.5,24.5,24.5,1,1.0
2024-08-05 04:00,24.38,24.38,24.38,1,1.0
2024-08-05 05:00,24.23,24.23,24.23,1,1.0
2024-08-05 06:00,24.4,24.4,24.4,1,1.0
2024-08-05 07:00,25.72,25.72,25.72,1,1.0
2024-08-05 08:00,27.68,27.68,27.68,1,1.0
2024-08-05 09:00,29.08,29.08,29.08,1,1.0
2024-08-05 10:00,29.94,29.94,29.94,1,1.0
2024-08-05 11:00,30.49,30.49,30.49,1,1.0
2024-08-05 12:00,30.62,30.62,30.62,1,1.0
2024-08-05 13:00,30.99,30.99,30.99,1,1.0
2024-08-05 14:00,31.25,31.25,31.25,1,1.0
2024-08-05 15:00,31.08,31.08,31.08,1,1.0
2024-08-05 16:00,30.88,30.88,30.88,1,1.0
2024-08-05 17:00,30.21,30.21,30.21,1,1.0
2024-08-05 18:00,29.42,29.42,29.42,1,1.0
2024-08-05 19:00,28.61,28.61,28.61,1,1.0
2024-08-05 20:00,27.51,27.51,27.51,1,1.0
2024-08-05 21:00,27.03,27.03,27.03,1,1.0
2024-08-05 22:00,26.24,26.24,26.24,1,1.0
2024-08-05 23:00,25.81,25.81,25.81,1,1.0
2024-08-06 00:00,26.35,26.35,26.35,1,1.0
2024-08-06 01:00,26.45,26.45,26.45,1,1.0
2024-08-06 02:00,26.2,26.2,26.2,1,1.0
2024-08-06 03:00,25.96,25.96,25.96,1,1.0
2024-08-06 04:00,25.75,25.75,25.75,1,1.0
2024-08-06 05:00,25.56,25.56,25.56,1,1.0
2024-08-06 06:00,25.46,25.46,25.46,1,1.0
2024-08-06 07:00,26.18,26.18,26.18,1,1.0
2024-08-06 08:00,27.49,27.49,27.49,1,1.0
2024-08-06 09:00,28.63,28.63,28.63,1,1.0
2024-08-06 10:00,29.6,29.6,29.6,1,1.0
2024-08-06 11:00,30.27,30.27,30.27,1,1.0
2024-08-06 12:00,30.59,30.59,30.59,1,1.0
2024-08-06 13:00,30.65,30.65,30.65,1,1.0
2024-08-06 14:00,30.76,30.76,30.76,1,1.0
2024-08-06 15:00,30.28,30.28,30.28,1,1.0
2024-08-06 16:00,29.93,29.93,29.93,1,1.0
2024-08-06 17:00,29.8,29.8,29.8,1,1.0
2024-08-06 18:00,29.35,29.35,29.35,1,1.0
2024-08-06 19:00,28.72,28.72,28.72,1,1.0
2024-08-06 20:00,27.93,27.93,27.93,1,1.0
2024-08-06 21:00,27.66,27.66,27.66,1,1.0
2024-08-06 22:00,27.39,27.39,27.39,1,1.0
2024-08-06 23:00,26.94,26.94,26.94,1,1.0
2024-08-07 00:00,26.34,26.34,26.34,1,1.0
2024-08-07 01:00,26.0,26.0,26.0,1,1.0
2024-08-07 02:00,26.14,26.14,26.14,1,1.0
2024-08-07 03:00,26.44,26.44,26.44,1,1.0
2024-08-07 04:00,26.14,26.14,26.14,1,1.0
2024-08-07 05:00,25.99,25.99,25.99,1,1.0
2024-08-07 06:00,25.91,25.91,25.91,1,1.0
2024-08-07 07:00,26.38,26.38,26.38,1,1.0
2024-08-07 08:00,27.38,27.38,27.38,1,1.0
2024-08-07 09:00,28.76,28.76,28.76,1,1.0
2024-08-07 10:00,29.83,29.83,29.83,1,1.0
2024-08-07 11:00,30.4,30.4,30.4,1,1.0
2024-08-07 12:00,30.93,30.93,30.93,1,1.0
2024-08-07 13:00,31.24,31.24,31.24,1,1.0
2024-08-07 14:00,31.26,31.26,31.26,1,1.0
2024-08-07 15:00,30.97,30.97,30.97,1,1.0
2024-08-07 16:00,30.68,30.68,30.68,1,1.0
2024-08-07 17:00,30.1,30.1,30.1,1,1.0
2024-08-07 18:00,29.58,29.58,29.58,1,1.0
2024-08-07 19:00,28.75,28.75,28.75,1,1.0
2024-08-07 20:00,28.09,28.09,28.09,1,1.0
2024-08-07 21:00,27.49,27.49,27.49,1,1.0
2024-08-07 22:00,26.93,26.93,26.93,1,1.0
2024-08-07 23:00,26.21,26.21,26.21,1,1.0
2024-08-08 00:00,26.25,26.25,26.25,1,1.0
2024-08-08 01:00,26.38,26.38,26.38,1,1.0
2024-08-08 02:00,26.03,26.03,26.03,1,1.0
2024-08-08 03:00,25.73,25.73,25.73,1,1.0
2024-08-08 04:00,25.46,25.46,25.46,1,1.0
2024-08-08 05:00,25.21,25.21,25.21,1,1.0
2024-08-08 06:00,25.13,25.13,25.13,1,1.0
2024-08-08 07:00,25.63,25.63,25.63,1,1.0
2024-08-08 08:00,27.56,27.56,27.56,1,1.0
2024-08-08 09:00,28.97,28.97,28.97,1,1.0
2024-08-08 10:00,30.07,30.07,30.07,1,1.0
2024-08-08 11:00,30.82,30.82,30.82,1,1.0
2024-08-08 12:00,31.15,31.15,31.15,1,1.0
2024-08-08 13:00,31.15,31.15,31.15,1,1.0
2024-08-08 14:00,30.95,30.95,30.95,1,1.0
2024-08-08 15:00,30.67,30.67,30.67,1,1.0
2024-08-08 16:00,29.98,29.98,29.98,1,1.0
2024-08-08 17:00,29.38,29.38,29.38,1,1.0
2024-08-08 18:00,28.79,28.79,28.79,1,1.0
2024-08-08 19:00,28.19,28.19,28.19,1,1.0
2024-08-08 20:00,27.39,27.39,27.39,1,1.0
2024-08-08 21:00,26.93,26.93,26.93,1,1.0
2024-08-08 22:00,26.44,26.44,26.44,1,1.0
2024-08-08 23:00,25.83,25.83,25.83,1,1.0
2024-08-09 00:00,25.99,25.99,25.99,1,1.0
2024-08-09 01:00,25.81,25.81,25.81,1,1.0
2024-08-09 02:00,25.46,25.46,25.46,1,1.0
2024-08-09 03:00,25.71,25.71,25.71,1,1.0
2024-08-09 04:00,25.53,25.53,25.53,1,1.0
2024-08-09 05:00,25.35,25.35,25.35,1,1.0
2024-08-09 06:00,25.15,25.15,25.15,1,1.0
2024-08-09 07:00,25.88,25.88,25.88,1,1.0
2024-08-09 08:00,27.65,27.65,27.65,1,1.0
2024-08-09 09:00,28.93,28.93,28.93,1,1.0
2024-08-09 10:00,29.95,29.95,29.95,1,1.0
2024-08-09 11:00,30.54,30.54,30.54,1,1.0
2024-08-09 12:00,30.92,30.92,30.92,1,1.0
2024-08-09 13:00,30.96,30.96,30.96,1,1.0
2024-08-09 14:00,31.01,31.01,31.01,1,1.0
2024-08-09 15:00,30.67,30.67,30.67,1,1.0
2024-08-09 16:00,30.37,30.37,30.37,1,1.0
2024-08-09 17:00,29.7,29.7,29.7,1,1.0
2024-08-09 18:00,29.33,29.33,29.33,1,1.0
2024-08-09 19:00,28.68,28.68,28.68,1,1.0
2024-08-09 20:00,28.22,28.22,28.22,1,1.0
2024-08-09 21:00,27.93,27.93,27.93,1,1.0
2024-08-09 22:00,27.48,27.48,27.48,1,1.0
2024-08-09 23:00,26.74,26.74,26.74,1,1.0
2024-08-10 00:00,26.22,26.22,26.22,1,1.0
2024-08-10 01:00,25.87,25.87,25.87,1,1.0
2024-08-10 02:00,24.96,24.96,24.96,1,1.0
2024-08-10 03:00,23.81,23.81,23.81,1,1.0
2024-08-10 04:00,23.45,23.45,23.45,1,1.0
2024-08-10 05:00,23.33,23.33,23.33,1,1.0
2024-08-10 06:00,23.75,23.75,23.75,1,1.0
2024-08-10 07:00,26.05,26.05,26.05,1,1.0
2024-08-10 08:00,28.67,28.67,28.67,1,1.0
2024-08-10 09:00,30.54,30.54,30.54,1,1.0
2024-08-10 10:00,31.93,31.93,31.93,1,1.0
2024-08-10 11:00,32.77,32.77,32.77,1,1.0
2024-08-10 12:00,33.19,33.19,33.19,1,1.0
2024-08-10 13:00,33.3,33.3,33.3,1,1.0
2024-08-10 14:00,33.36,33.36,33.36,1,1.0
2024-08-10 15:00,33.21,33.21,33.21,1,1.0
2024-08-10 16:00,33.01,33.01,33.01,1,1.0
2024-08-10 17:00,32.41,32.41,32.41,1,1.0
2024-08-10 18:00,31.65,31.65,31.65,1,1.0
2024-08-10 19:00,30.96,30.96,30.96,1,1.0
2024-08-10 20:00,30.18,30.18,30.18,1,1.0
2024-08-10 21:00,29.85,29.85,29.85,1,1.0
2024-08-10 22:00,29.55,29.55,29.55,1,1.0
2024-08-10 23:00,29.09,29.09,29.09,1,1.0
2024-08-11 00:00,28.49,28.49,28.49,1,1.0
2024-08-11 01:00,27.79,27.79,27.79,1,1.0
2024-08-11 02:00,27.08,27.08,27.08,1,1.0
2024-08-11 03:00,26.47,26.47,26.47,1,1.0
2024-08-11 04:00,25.96,25.96,25.96,1,1.0
2024-08-11 05:00,25.57,25.57,25.57,1,1.0
2024-08-11 06:00,25.51,25.51,25.51,1,1.0
2024-08-11 07:00,26.85,26.85,26.85,1,1.0
2024-08-11 08:00,29.4,29.4,29.4,1,1.0
2024-08-11 09:00,31.05,31.05,31.05,1,1.0
2024-08-11 10:00,32.3,32.3,32.3,1,1.0
2024-08-11 11:00,32.97,32.97,32.97,1,1.0
2024-08-11 12:00,33.14,33.14,33.14,1,1.0
2024-08-11 13:00,33.51,33.51,33.51,1,1.0
2024-08-11 14:00,33.62,33.62,33.62,1,1.0
2024-08-11 15:00,33.46,33.46,33.46,1,1.0
2024-08-11 16:00,33.06,33.06,33.06,1,1.0
2024-08-11 17:00,32.56,32.56,32.56,1,1.0
2024-08-11 18:00,31.96,31.96,31.96,1,1.0
2024-08-11 19:00,31.22,31.22,31.22,1,1.0
2024-08-11 20:00,30.1,30.1,30.1,1,1.0
2024-08-11 21:00,29.57,29.57,29.57,1,1.0
2024-08-11 22:00,28.93,28.93,28.93,1,1.0
2024-08-11 23:00,28.26,28.26,28.26,1,1.0
2024-08-12 00:00,27.7,27.7,27.7,1,1.0
2024-08-12 01:00,27.18,27.18,27.18,1,1.0
2024-08-12 02:00,26.87,26.87,26.87,1,1.0
2024-08-12 03:00,26.32,26.32,26.32,1,1.0
2024-08-12 04:00,25.82,25.82,25.82,1,1.0
2024-08-12 05:00,25.38,25.38,25.38,1,1.0
2024-08-12 06:00,25.3,25.3,25.3,1,1.0
2024-08-12 07:00,26.7,26.7,26.7,1,1.0
2024-08-12 08:00,28.97,28.97,28.97,1,1.0
2024-08-12 09:00,30.55,30.55,30.55,1,1.0
2024-08-12 10:00,31.49,31.49,31.49,1,1.0
2024-08-12 11:00,32.01,32.01,32.01,1,1.0
2024-08-12 12:00,32.27,32.27,32.27,1,1.0
2024-08-12 13:00,32.4,32.4,32.4,1,1.0
2024-08-12 14:00,32.22,32.22,32.22,1,1.0
2024-08-12 15:00,31.71,31.71,31.71,1,1.0
2024-08-12 16:00,31.11,31.11,31.11,1,1.0
2024-08-12 17:00,30.38,30.38,30.38,1,1.0
2024-08-12 18:00,29.58,29.58,29.58,1,1.0
2024-08-12 19:00,28.75,28.75,28.75,1,1.0
2024-08-12 20:00,27.97,27.97,27.97,1,1.0
2024-08-12 21:00,27.1,27.1,27.1,1,1.0
2024-08-12 22:00,26.76,26.76,26.76,1,1.0
2024-08-12 23:00,26.69,26.69,26.69,1,1.0
2024-08-13 00:00,26.5,26.5,26.5,1,1.0
2024-08-13 01:00,26.66,26.66,26.66,1,1.0
2024-08-13 02:00,26.56,26.56,26.56,1,1.0
2024-08-13 03:00,26.35,26.35,26.35,1,1.0
2024-08-13 04:00,26.15,26.15,26.15,1,1.0
2024-08-13 05:00,25.95,25.95,25.95,1,1.0
2024-08-13 06:00,25.87,25.87,25.87,1,1.0
2024-08-13 07:00,26.26,26.26,26.26,1,1.0
2024-08-13 08:00,28.5,28.5,28.5,1,1.0
2024-08-13 09:00,29.89,29.89,29.89,1,1.0
2024-08-13 10:00,30.87,30.87,30.87,1,1.0
2024-08-13 11:00,31.51,31.51,31.51,1,1.0
2024-08-13 12:00,31.93,31.93,31.93,1,1.0
2024-08-13 13:00,31.94,31.94,31.94,1,1.0
2024-08-13 14:00,31.82,31.82,31.82,1,1.0
2024-08-13 15:00,31.18,31.18,31.18,1,1.0
2024-08-13 16:00,30.66,30.66,30.66,1,1.0
2024-08-13 17:00,30.18,30.18,30.18,1,1.0
2024-08-13 18:00,29.56,29.56,29.56,1,1.0
2024-08-13 19:00,28.73,28.73,28.73,1,1.0
2024-08-13 20:00,28.11,28.11,28.11,1,1.0
2024-08-13 21:00,27.62,27.62,27.62,1,1.0
2024-08-13 22:00,27.13,27.13,27.13,1,1.0
2024-08-13 23:00,26.89,26.89,26.89,1,1.0
2024-08-14 00:00,26.73,26.73,26.73,1,1.0
2024-08-14 01:00,26.14,26.14,26.14,1,1.0
2024-08-14 02:00,25.34,25.34,25.34,1,1.0
2024-08-14 03:00,25.13,25.13,25.13,1,1.0
2024-08-14 04:00,25.41,25.41,25.41,1,1.0
2024-08-14 05:00,25.7,25.7,25.7,1,1.0
2024-08-14 06:00,25.58,25.58,25.58,1,1.0
2024-08-14 07:00,26.08,26.08,26.08,1,1.0
2024-08-14 08:00,28.15,28.15,28.15,1,1.0
2024-08-14 09:00,29.61,29.61,29.61,1,1.0
2024-08-14 10:00,30.67,30.67,30.67,1,1.0
2024-08-14 11:00,31.35,31.35,31.35,1,1.0
2024-08-14 12:00,31.75,31.75,31.75,1,1.0
2024-08-14 13:00,31.9,31.9,31.9,1,1.0
2024-08-14 14:00,31.89,31.89,31.89,1,1.0
2024-08-14 15:00,31.55,31.55,31.55,1,1.0
2024-08-14 16:00,31.07,31.07,31.07,1,1.0
2024-08-14 17:00,30.62,30.62,30.62,1,1.0
2024-08-14 18:00,29.97,29.97,29.97,1,1.0
2024-08-14 19:00,29.16,29.16,29.16,1,1.0
2024-08-14 20:00,28.11,28.11,28.11,1,1.0
2024-08-14 21:00,27.48,27.48,27.48,1,1.0
2024-08-14 22:00,26.74,26.74,26.74,1,1.0
2024-08-14 23:00,25.97,25.97,25.97,1,1.0
2024-08-15 00:00,25.9,25.9,25.9,1,1.0
2024-08-15 01:00,26.93,26.93,26.93,1,1.0
2024-08-15 02:00,26.65,26.65,26.65,1,1.0
2024-08-15 03:00,25.67,25.67,25.67,1,1.0
2024-08-15 04:00,23.67,23.67,23.67,1,1.0
2024-08-15 05:00,22.94,22.94,22.94,1,1.0
2024-08-15 06:00,22.88,22.88,22.88,1,1.0
2024-08-15 07:00,25.87,25.87,25.87,1,1.0
2024-08-15 08:00,28.58,28.58,28.58,1,1.0
2024-08-15 09:00,30.75,30.75,30.75,1,1.0
2024-08-15 10:00,32.11,32.11,32.11,1,1.0
2024-08-15 11:00,32.72,32.72,32.72,1,1.0
2024-08-15 12:00,32.92,32.92,32.92,1,1.0
2024-08-15 13:00,32.98,32.98,32.98,1,1.0
2024-08-15 14:00,32.61,32.61,32.61,1,1.0
2024-08-15 15:00,32.08,32.08,32.08,1,1.0
2024-08-15 16:00,31.46,31.46,31.46,1,1.0
2024-08-15 17:00,31.14,31.14,31.14,1,1.0
2024-08-15 18:00,30.88,30.88,30.88,1,1.0
2024-08-15 19:00,29.91,29.91,29.91,1,1.0
2024-08-15 20:00,28.32,28.32,28.32,1,1.0
2024-08-15 21:00,27.78,27.78,27.78,1,1.0
2024-08-15 22:00,27.27,27.27,27.27,1,1.0
2024-08-15 23:00,27.47,27.47,27.47,1,1.0
2024-08-16 00:00,26.57,26.57,26.57,1,1.0
2024-08-16 01:00,25.96,25.96,25.96,1,1.0
2024-08-16 02:00,25.92,25.92,25.92,1,1.0
2024-08-16 03:00,26.31,26.31,26.31,1,1.0
2024-08-16 04:00,26.63,26.63,26.63,1,1.0
2024-08-16 05:00,26.17,26.17,26.17,1,1.0
2024-08-16 06:00,25.83,25.83,25.83,1,1.0
2024-08-16 07:00,26.77,26.77,26.77,1,1.0
2024-08-16 08:00,29.38,29.38,29.38,1,1.0
2024-08-16 09:00,30.77,30.77,30.77,1,1.0
2024-08-16 10:00,31.61,31.61,31.61,1,1.0
2024-08-16 11:00,32.11,32.11,32.11,1,1.0
2024-08-16 12:00,32.36,32.36,32.36,1,1.0
2024-08-16 13:00,32.43,32.43,32.43,1,1.0
2024-08-16 14:00,32.55,32.55,32.55,1,1.0
2024-08-16 15:00,32.39,32.39,32.39,1,1.0
2024-08-16 16:00,31.87,31.87,31.87,1,1.0
2024-08-16 17:00,30.91,30.91,30.91,1,1.0
2024-08-16 18:00,30.08,30.08,30.08,1,1.0
2024-08-16 19:00,29.17,29.17,29.17,1,1.0
2024-08-16 20:00,28.54,28.54,28.54,1,1.0
2024-08-16 21:00,27.89,27.89,27.89,1,1.0
2024-08-16 22:00,27.38,27.38,27.38,1,1.0
2024-08-16 23:00,26.7,26.7,26.7,1,1.0
2024-08-17 00:00,26.59,26.59,26.59,1,1.0
2024-08-17 01:00,26.41,26.41,26.41,1,1.0
2024-08-17 02:00,24.8,24.8,24.8,1,1.0
2024-08-17 03:00,24.07,24.07,24.07,1,1.0
2024-08-17 04:00,24.1,24.1,24.1,1,1.0
2024-08-17 05:00,23.71,23.71,23.71,1,1.0
2024-08-17 06:00,24.08,24.08,24.08,1,1.0
2024-08-17 07:00,26.44,26.44,26.44,1,1.0
2024-08-17 08:00,29.33,29.33,29.33,1,1.0
2024-08-17 09:00,30.5,30.5,30.5,1,1.0
2024-08-17 10:00,30.88,30.88,30.88,1,1.0
2024-08-17 11:00,31.14,31.14,31.14,1,1.0
2024-08-17 12:00,31.01,31.01,31.01,1,1.0
2024-08-17 13:00,30.96,30.96,30.96,1,1.0
2024-08-17 14:00,30.79,30.79,30.79,1,1.0
2024-08-17 15:00,31.24,31.24,31.24,1,1.0
2024-08-17 16:00,31.21,31.21,31.21,1,1.0
2024-08-17 17:00,30.64,30.64,30.64,1,1.0
2024-08-17 18:00,29.6,29.6,29.6,1,1.0
2024-08-17 19:00,28.42,28.42,28.42,1,1.0
2024-08-17 20:00,28.13,28.13,28.13,1,1.0
2024-08-17 21:00,27.63,27.63,27.63,1,1.0
2024-08-17 22:00,27.28,27.28,27.28,1,1.0
2024-08-17 23:00,26.76,26.76,26.76,1,1.0
2024-08-18 00:00,26.61,26.61,26.61,1,1.0
2024-08-18 01:00,26.02,26.02,26.02,1,1.0
2024-08-18 02:00,25.09,25.09,25.09,1,1.0
2024-08-18 03:00,24.75,24.75,24.75,1,1.0
2024-08-18 04:00,24.45,24.45,24.45,1,1.0
2024-08-18 05:00,24.16,24.16,24.16,1,1.0
2024-08-18 06:00,24.2,24.2,24.2,1,1.0
2024-08-18 07:00,25.53,25.53,25.53,1,1.0
2024-08-18 08:00,25.38,25.38,25.38,1,1.0
2024-08-18 09:00,26.45,26.45,26.45,1,1.0
2024-08-18 10:00,27.85,27.85,27.85,1,1.0
2024-08-18 11:00,28.86,28.86,28.86,1,1.0
2024-08-18 12:00,29.07,29.07,29.07,1,1.0
2024-08-18 13:00,28.64,28.64,28.64,1,1.0
2024-08-18 14:00,28.17,28.17,28.17,1,1.0
2024-08-18 15:00,27.68,27.68,27.68,1,1.0
2024-08-18 16:00,26.47,26.47,26.47,1,1.0
2024-08-18 17:00,25.1,25.1,25.1,1,1.0
2024-08-18 18:00,24.61,24.61,24.61,1,1.0
2024-08-18 19:00,24.43,24.43,24.43,1,1.0
2024-08-18 20:00,23.7,23.7,23.7,1,1.0
2024-08-18 21:00,23.58,23.58,23.58,1,1.0
2024-08-18 22:00,23.41,23.41,23.41,1,1.0
2024-08-18 23:00,23.42,23.42,23.42,1,1.0
2024-08-19 00:00,23.18,23.18,23.18,1,1.0
2024-08-19 01:00,22.25,22.25,22.25,1,1.0
2024-08-19 02:00,21.65,21.65,21.65,1,1.0
2024-08-19 03:00,21.45,21.45,21.45,1,1.0
2024-08-19 04:00,20.91,20.91,20.91,1,1.0
2024-08-19 05:00,20.99,20.99,20.99,1,1.0
2024-08-19 06:00,21.27,21.27,21.27,1,1.0
2024-08-19 07:00,21.78,21.78,21.78,1,1.0
2024-08-19 08:00,22.15,22.15,22.15,1,1.0
2024-08-19 09:00,23.09,23.09,23.09,1,1.0
2024-08-19 10:00,23.73,23.73,23.73,1,1.0
2024-08-19 11:00,24.53,24.53,24.53,1,1.0
2024-08-19 12:00,25.01,25.01,25.01,1,1.0
2024-08-19 13:00,25.15,25.15,25.15,1,1.0
2024-08-19 14:00,24.89,24.89,24.89,1,1.0
2024-08-19 15:00,24.66,24.66,24.66,1,1.0
2024-08-19 16:00,24.71,24.71,24.71,1,1.0
2024-08-19 17:00,23.87,23.87,23.87,1,1.0
2024-08-19 18:00,23.63,23.63,23.63,1,1.0
2024-08-19 19:00,22.95,22.95,22.95,1,1.0
2024-08-19 20:00,22.98,22.98,22.98,1,1.0
2024-08-19 21:00,22.72,22.72,22.72,1,1.0
2024-08-19 22:00,22.21,22.21,22.21,1,1.0
2024-08-19 23:00,21.84,21.84,21.84,1,1.0
2024-08-20 00:00,21.65,21.65,21.65,1,1.0
2024-08-20 01:00,21.42,21.42,21.42,1,1.0
2024-08-20 02:00,21.37,21.37,21.37,1,1.0
2024-08-20 03:00,21.39,21.39,21.39,1,1.0
2024-08-20 04:00,20.88,20.88,20.88,1,1.0
2024-08-20 05:00,20.58,20.58,20.58,1,1.0
2024-08-20 06:00,20.77,20.77,20.77,1,1.0
2024-08-20 07:00,22.02,22.02,22.02,1,1.0
2024-08-20 08:00,23.43,23.43,23.43,1,1.0
2024-08-20 09:00,24.43,24.43,24.43,1,1.0
2024-08-20 10:00,25.54,25.54,25.54,1,1.0
2024-08-20 11:00,26.29,26.29,26.29,1,1.0
2024-08-20 12:00,26.51,26.51,26.51,1,1.0
2024-08-20 13:00,27.0,27.0,27.0,1,1.0
2024-08-20 14:00,27.35,27.35,27.35,1,1.0
2024-08-20 15:00,26.86,26.86,26.86,1,1.0
2024-08-20 16:00,26.34,26.34,26.34,1,1.0
2024-08-20 17:00,26.04,26.04,26.04,1,1.0
2024-08-20 18:00,25.17,25.17,25.17,1,1.0
2024-08-20 19:00,24.8,24.8,24.8,1,1.0
2024-08-20 20:00,25.08,25.08,25.08,1,1.0
2024-08-20 21:00,24.5,24.5,24.5,1,1.0
2024-08-20 22:00,25.32,25.32,25.32,1,1.0
2024-08-20 23:00,25.43,25.43,25.43,1,1.0
2024-08-21 00:00,25.16,25.16,25.16,1,1.0
2024-08-21 01:00,24.55,24.55,24.55,1,1.0
2024-08-21 02:00,23.74,23.74,23.74,1,1.0
2024-08-21 03:00,24.53,24.53,24.53,1,1.0
2024-08-21 04:00,24.36,24.36,24.36,1,1.0
2024-08-21 05:00,24.2,24.2,24.2,1,1.0
2024-08-21 06:00,24.05,24.05,24.05,1,1.0
2024-08-21 07:00,24.25,24.25,24.25,1,1.0
2024-08-21 08:00,25.51,25.51,25.51,1,1.0
2024-08-21 09:00,26.39,26.39,26.39,1,1.0
2024-08-21 10:00,27.12,27.12,27.12,1,1.0
2024-08-21 11:00,27.52,27.52,27.52,1,1.0
2024-08-21 12:00,27.69,27.69,27.69,1,1.0
2024-08-21 13:00,27.71,27.71,27.71,1,1.0
2024-08-21 14:00,27.5,27.5,27.5,1,1.0
2024-08-21 15:00,27.2,27.2,27.2,1,1.0
2024-08-21 16:00,27.09,27.09,27.09,1,1.0
2024-08-21 17:00,26.97,26.97,26.97,1,1.0
2024-08-21 18:00,25.8,25.8,25.8,1,1.0
2024-08-21 19:00,25.43,25.43,25.43,1,1.0
2024-08-21 20:00,25.94,25.94,25.94,1,1.0
2024-08-21 21:00,25.02,25.02,25.02,1,1.0
2024-08-21 22:00,25.71,25.71,25.71,1,1.0
2024-08-21 23:00,25.73,25.73,25.73,1,1.0
2024-08-22 00:00,24.79,24.79,24.79,1,1.0
2024-08-22 01:00,23.66,23.66,23.66,1,1.0
2024-08-22 02:00,22.83,22.83,22.83,1,1.0
2024-08-22 03:00,22.53,22.53,22.53,1,1.0
2024-08-22 04:00,22.23,22.23,22.23,1,1.0
2024-08-22 05:00,21.95,21.95,21.95,1,1.0
2024-08-22 06:00,22.11,22.11,22.11,1,1.0
2024-08-22 07:00,24.07,24.07,24.07,1,1.0
2024-08-22 08:00,26.0,26.0,26.0,1,1.0
2024-08-22 09:00,27.47,27.47,27.47,1,1.0
2024-08-22 10:00,28.72,28.72,28.72,1,1.0
2024-08-22 11:00,29.61,29.61,29.61,1,1.0
2024-08-22 12:00,29.99,29.99,29.99,1,1.0
2024-08-22 13:00,30.01,30.01,30.01,1,1.0
2024-08-22 14:00,29.85,29.85,29.85,1,1.0
2024-08-22 15:00,29.18,29.18,29.18,1,1.0
2024-08-22 16:00,28.43,28.43,28.43,1,1.0
2024-08-22 17:00,28.03,28.03,28.03,1,1.0
2024-08-22 18:00,27.64,27.64,27.64,1,1.0
2024-08-22 19:00,27.03,27.03,27.03,1,1.0
2024-08-22 20:00,26.27,26.27,26.27,1,1.0
2024-08-22 21:00,25.54,25.54,25.54,1,1.0
2024-08-22 22:00,26.38,26.38,26.38,1,1.0
2024-08-22 23:00,26.13,26.13,26.13,1,1.0
2024-08-23 00:00,25.92,25.92,25.92,1,1.0
2024-08-23 01:00,25.68,25.68,25.68,1,1.0
2024-08-23 02:00,25.44,25.44,25.44,1,1.0
2024-08-23 03:00,25.2,25.2,25.2,1,1.0
2024-08-23 04:00,24.97,24.97,24.97,1,1.0
2024-08-23 05:00,24.78,24.78,24.78,1,1.0
2024-08-23 06:00,24.66,24.66,24.66,1,1.0
2024-08-23 07:00,24.83,24.83,24.83,1,1.0
2024-08-23 08:00,27.31,27.31,27.31,1,1.0
2024-08-23 09:00,28.51,28.51,28.51,1,1.0
2024-08-23 10:00,29.47,29.47,29.47,1,1.0
2024-08-23 11:00,30.05,30.05,30.05,1,1.0
2024-08-23 12:00,29.98,29.98,29.98,1,1.0
2024-08-23 13:00,30.03,30.03,30.03,1,1.0
2024-08-23 14:00,29.84,29.84,29.84,1,1.0
2024-08-23 15:00,29.42,29.42,29.42,1,1.0
2024-08-23 16:00,29.08,29.08,29.08,1,1.0
2024-08-23 17:00,28.71,28.71,28.71,1,1.0
2024-08-23 18:00,28.29,28.29,28.29,1,1.0
2024-08-23 19:00,27.61,27.61,27.61,1,1.0
2024-08-23 20:00,27.28,27.28,27.28,1,1.0
2024-08-23 21:00,26.62,26.62,26.62,1,1.0
2024-08-23 22:00,26.01,26.01,26.01,1,1.0
2024-08-23 23:00,26.54,26.54,26.54,1,1.0
2024-08-24 00:00,26.44,26.44,26.44,1,1.0
2024-08-24 01:00,26.27,26.27,26.27,1,1.0
2024-08-24 02:00,26.03,26.03,26.03,1,1.0
2024-08-24 03:00,25.79,25.79,25.79,1,1.0
2024-08-24 04:00,25.6,25.6,25.6,1,1.0
2024-08-24 05:00,25.4,25.4,25.4,1,1.0
2024-08-24 06:00,24.76,24.76,24.76,1,1.0
2024-08-24 07:00,25.51,25.51,25.51,1,1.0
2024-08-24 08:00,27.74,27.74,27.74,1,1.0
2024-08-24 09:00,29.09,29.09,29.09,1,1.0
2024-08-24 10:00,30.01,30.01,30.01,1,1.0
2024-08-24 11:00,30.21,30.21,30.21,1,1.0
2024-08-24 12:00,29.99,29.99,29.99,1,1.0
2024-08-24 13:00,29.42,29.42,29.42,1,1.0
2024-08-24 14:00,29.47,29.47,29.47,1,1.0
2024-08-24 15:00,29.54,29.54,29.54,1,1.0
2024-08-24 16:00,29.31,29.31,29.31,1,1.0
2024-08-24 17:00,28.98,28.98,28.98,1,1.0
2024-08-24 18:00,28.54,28.54,28.54,1,1.0
2024-08-24 19:00,27.9,27.9,27.9,1,1.0
2024-08-24 20:00,27.35,27.35,27.35,1,1.0
2024-08-24 21:00,26.9,26.9,26.9,1,1.0
2024-08-24 22:00,26.5,26.5,26.5,1,1.0
2024-08-24 23:00,25.97,25.97,25.97,1,1.0
2024-08-25 00:00,25.09,25.09,25.09,1,1.0
2024-08-25 01:00,24.71,24.71,24.71,1,1.0
2024-08-25 02:00,25.0,25.0,25.0,1,1.0
2024-08-25 03:00,24.83,24.83,24.83,1,1.0
2024-08-25 04:00,24.61,24.61,24.61,1,1.0
2024-08-25 05:00,24.11,24.11,24.11,1,1.0
2024-08-25 06:00,23.63,23.63,23.63,1,1.0
2024-08-25 07:00,24.94,24.94,24.94,1,1.0
2024-08-25 08:00,26.98,26.98,26.98,1,1.0
2024-08-25 09:00,28.54,28.54,28.54,1,1.0
2024-08-25 10:00,29.98,29.98,29.98,1,1.0
2024-08-25 11:00,31.06,31.06,31.06,1,1.0
2024-08-25 12:00,31.45,31.45,31.45,1,1.0
2024-08-25 13:00,31.54,31.54,31.54,1,1.0
2024-08-25 14:00,31.56,31.56,31.56,1,1.0
2024-08-25 15:00,31.1,31.1,31.1,1,1.0
2024-08-25 16:00,30.93,30.93,30.93,1,1.0
2024-08-25 17:00,30.52,30.52,30.52,1,1.0
2024-08-25 18:00,29.62,29.62,29.62,1,1.0
2024-08-25 19:00,28.72,28.72,28.72,1,1.0
2024-08-25 20:00,27.69,27.69,27.69,1,1.0
2024-08-25 21:00,27.14,27.14,27.14,1,1.0
2024-08-25 22:00,26.64,26.64,26.64,1,1.0
2024-08-25 23:00,25.94,25.94,25.94,1,1.0
2024-08-26 00:00,24.98,24.98,24.98,1,1.0
2024-08-26 01:00,24.53,24.53,24.53,1,1.0
2024-08-26 02:00,24.32,24.32,24.32,1,1.0
2024-08-26 03:00,24.55,24.55,24.55,1,1.0
2024-08-26 04:00,25.12,25.12,25.12,1,1.0
2024-08-26 05:00,24.81,24.81,24.81,1,1.0
2024-08-26 06:00,23.8,23.8,23.8,1,1.0
2024-08-26 07:00,25.4,25.4,25.4,1,1.0
2024-08-26 08:00,27.66,27.66,27.66,1,1.0
2024-08-26 09:00,29.09,29.09,29.09,1,1.0
2024-08-26 10:00,30.2,30.2,30.2,1,1.0
2024-08-26 11:00,30.81,30.81,30.81,1,1.0
2024-08-26 12:00,31.04,31.04,31.04,1,1.0
2024-08-26 13:00,31.1,31.1,31.1,1,1.0
2024-08-26 14:00,30.98,30.98,30.98,1,1.0
2024-08-26 15:00,30.58,30.58,30.58,1,1.0
2024-08-26 16:00,29.69,29.69,29.69,1,1.0
2024-08-26 17:00,28.97,28.97,28.97,1,1.0
2024-08-26 18:00,28.13,28.13,28.13,1,1.0
2024-08-26 19:00,27.45,27.45,27.45,1,1.0
2024-08-26 20:00,26.77,26.77,26.77,1,1.0
2024-08-26 21:00,25.75,25.75,25.75,1,1.0
2024-08-26 22:00,25.44,25.44,25.44,1,1.0
2024-08-26 23:00,25.65,25.65,25.65,1,1.0
2024-08-27 00:00,26.41,26.41,26.41,1,1.0
2024-08-27 01:00,26.22,26.22,26.22,1,1.0
2024-08-27 02:00,26.01,26.01,26.01,1,1.0
2024-08-27 03:00,25.71,25.71,25.71,1,1.0
2024-08-27 04:00,25.45,25.45,25.45,1,1.0
2024-08-27 05:00,25.04,25.04,25.04,1,1.0
2024-08-27 06:00,24.19,24.19,24.19,1,1.0
2024-08-27 07:00,24.77,24.77,24.77,1,1.0
2024-08-27 08:00,27.58,27.58,27.58,1,1.0
2024-08-27 09:00,29.01,29.01,29.01,1,1.0
2024-08-27 10:00,30.29,30.29,30.29,1,1.0
2024-08-27 11:00,31.13,31.13,31.13,1,1.0
2024-08-27 12:00,31.62,31.62,31.62,1,1.0
2024-08-27 13:00,31.84,31.84,31.84,1,1.0
2024-08-27 14:00,31.68,31.68,31.68,1,1.0
2024-08-27 15:00,28.96,28.96,28.96,1,1.0
2024-08-27 16:00,28.33,28.33,28.33,1,1.0
2024-08-27 17:00,28.74,28.74,28.74,1,1.0
2024-08-27 18:00,28.54,28.54,28.54,1,1.0
2024-08-27 19:00,28.21,28.21,28.21,1,1.0
2024-08-27 20:00,25.6,25.6,25.6,1,1.0
2024-08-27 21:00,25.3,25.3,25.3,1,1.0
2024-08-27 22:00,25.24,25.24,25.24,1,1.0
2024-08-27 23:00,25.07,25.07,25.07,1,1.0
2024-08-28 00:00,24.84,24.84,24.84,1,1.0
2024-08-28 01:00,24.58,24.58,24.58,1,1.0
2024-08-28 02:00,24.45,24.45,24.45,1,1.0
2024-08-28 03:00,24.26,24.26,24.26,1,1.0
2024-08-28 04:00,24.06,24.06,24.06,1,1.0
2024-08-28 05:00,23.86,23.86,23.86,1,1.0
2024-08-28 06:00,23.76,23.76,23.76,1,1.0
2024-08-28 07:00,24.71,24.71,24.71,1,1.0
2024-08-28 08:00,26.64,26.64,26.64,1,1.0
2024-08-28 09:00,28.24,28.24,28.24,1,1.0
2024-08-28 10:00,29.66,29.66,29.66,1,1.0
2024-08-28 11:00,30.44,30.44,30.44,1,1.0
2024-08-28 12:00,30.71,30.71,30.71,1,1.0
2024-08-28 13:00,30.78,30.78,30.78,1,1.0
2024-08-28 14:00,30.76,30.76,30.76,1,1.0
2024-08-28 15:00,30.07,30.07,30.07,1,1.0
2024-08-28 16:00,28.3,28.3,28.3,1,1.0
2024-08-28 17:00,28.11,28.11,28.11,1,1.0
2024-08-28 18:00,28.01,28.01,28.01,1,1.0
2024-08-28 19:00,27.6,27.6,27.6,1,1.0
2024-08-28 20:00,26.89,26.89,26.89,1,1.0
2024-08-28 21:00,26.78,26.78,26.78,1,1.0
2024-08-28 22:00,26.83,26.83,26.83,1,1.0
2024-08-28 23:00,26.46,26.46,26.46,1,1.0
2024-08-29 00:00,26.09,26.09,26.09,1,1.0
2024-08-29 01:00,24.44,24.44,24.44,1,1.0
2024-08-29 02:00,23.49,23.49,23.49,1,1.0
2024-08-29 03:00,23.0,23.0,23.0,1,1.0
2024-08-29 04:00,22.78,22.78,22.78,1,1.0
2024-08-29 05:00,22.62,22.62,22.62,1,1.0
2024-08-29 06:00,22.52,22.52,22.52,1,1.0
2024-08-29 07:00,24.01,24.01,24.01,1,1.0
2024-08-29 08:00,26.74,26.74,26.74,1,1.0
2024-08-29 09:00,28.14,28.14,28.14,1,1.0
2024-08-29 10:00,28.99,28.99,28.99,1,1.0
2024-08-29 11:00,29.64,29.64,29.64,1,1.0
2024-08-29 12:00,29.98,29.98,29.98,1,1.0
2024-08-29 13:00,30.2,30.2,30.2,1,1.0
2024-08-29 14:00,30.1,30.1,30.1,1,1.0
2024-08-29 15:00,28.64,28.64,28.64,1,1.0
2024-08-29 16:00,25.69,25.69,25.69,1,1.0
2024-08-29 17:00,25.63,25.63,25.63,1,1.0
2024-08-29 18:00,25.63,25.63,25.63,1,1.0
2024-08-29 19:00,25.42,25.42,25.42,1,1.0
2024-08-29 20:00,24.81,24.81,24.81,1,1.0
2024-08-29 21:00,24.45,24.45,24.45,1,1.0
2024-08-29 22:00,24.06,24.06,24.06,1,1.0
2024-08-29 23:00,23.82,23.82,23.82,1,1.0
2024-08-30 00:00,23.59,23.59,23.59,1,1.0
2024-08-30 01:00,23.31,23.31,23.31,1,1.0
2024-08-30 02:00,23.01,23.01,23.01,1,1.0
2024-08-30 03:00,22.55,22.55,22.55,1,1.0
2024-08-30 04:00,21.86,21.86,21.86,1,1.0
2024-08-30 05:00,21.31,21.31,21.31,1,1.0
2024-08-30 06:00,21.16,21.16,21.16,1,1.0
2024-08-30 07:00,23.46,23.46,23.46,1,1.0
2024-08-30 08:00,25.88,25.88,25.88,1,1.0
2024-08-30 09:00,27.52,27.52,27.52,1,1.0
2024-08-30 10:00,28.83,28.83,28.83,1,1.0
2024-08-30 11:00,29.73,29.73,29.73,1,1.0
2024-08-30 12:00,30.23,30.23,30.23,1,1.0
2024-08-30 13:00,30.38,30.38,30.38,1,1.0
2024-08-30 14:00,30.46,30.46,30.46,1,1.0
2024-08-30 15:00,30.31,30.31,30.31,1,1.0
2024-08-30 16:00,30.02,30.02,30.02,1,1.0
2024-08-30 17:00,29.48,29.48,29.48,1,1.0
2024-08-30 18:00,28.74,28.74,28.74,1,1.0
2024-08-30 19:00,27.67,27.67,27.67,1,1.0
2024-08-30 20:00,26.71,26.71,26.71,1,1.0
2024-08-30 21:00,25.86,25.86,25.86,1,1.0
2024-08-30 22:00,25.07,25.07,25.07,1,1.0
2024-08-30 23:00,24.58,24.58,24.58,1,1.0
2024-08-31 00:00,24.02,24.02,24.02,1,1.0
2024-08-31 01:00,23.48,23.48,23.48,1,1.0
2024-08-31 02:00,22.66,22.66,22.66,1,1.0
2024-08-31 03:00,22.08,22.08,22.08,1,1.0
2024-08-31 04:00,21.66,21.66,21.66,1,1.0
2024-08-31 05:00,21.25,21.25,21.25,1,1.0
2024-08-31 06:00,21.1,21.1,21.1,1,1.0
2024-08-31 07:00,23.25,23.25,23.25,1,1.0
2024-08-31 08:00,26.82,26.82,26.82,1,1.0
2024-08-31 09:00,28.39,28.39,28.39,1,1.0
2024-08-31 10:00,29.65,29.65,29.65,1,1.0
2024-08-31 11:00,30.36,30.36,30.36,1,1.0
2024-08-31 12:00,30.78,30.78,30.78,1,1.0
2024-08-31 13:00,31.02,31.02,31.02,1,1.0
2024-08-31 14:00,30.75,30.75,30.75,1,1.0
2024-08-31 15:00,30.35,30.35,30.35,1,1.0
2024-08-31 16:00,30.01,30.01,30.01,1,1.0
2024-08-31 17:00,29.72,29.72,29.72,1,1.0
2024-08-31 18:00,29.02,29.02,29.02,1,1.0
2024-08-31 19:00,28.23,28.23,28.23,1,1.0
2024-08-31 20:00,27.92,27.92,27.92,1,1.0
2024-08-31 21:00,27.19,27.19,27.19,1,1.0
2024-08-31 22:00,26.09,26.09,26.09,1,1.0
2024-08-31 23:00,25.63,25.63,25.63,1,1.0
2024-09-01 00:00,24.93,24.93,24.93,1,1.0
2024-09-01 01:00,24.43,24.43,24.43,1,1.0
2024-09-01 02:00,24.27,24.27,24.27,1,1.0
2024-09-01 03:00,23.9,23.9,23.9,1,1.0
2024-09-01 04:00,23.61,23.61,23.61,1,1.0
2024-09-01 05:00,23.33,23.33,23.33,1,1.0
2024-09-01 06:00,23.15,23.15,23.15,1,1.0
2024-09-01 07:00,24.09,24.09,24.09,1,1.0
2024-09-01 08:00,26.51,26.51,26.51,1,1.0
2024-09-01 09:00,28.33,28.33,28.33,1,1.0
2024-09-01 10:00,29.5,29.5,29.5,1,1.0
2024-09-01 11:00,30.29,30.29,30.29,1,1.0
2024-09-01 12:00,30.59,30.59,30.59,1,1.0
2024-09-01 13:00,30.55,30.55,30.55,1,1.0
2024-09-01 14:00,30.35,30.35,30.35,1,1.0
2024-09-01 15:00,29.89,29.89,29.89,1,1.0
2024-09-01 16:00,29.6,29.6,29.6,1,1.0
2024-09-01 17:00,29.03,29.03,29.03,1,1.0
2024-09-01 18:00,28.32,28.32,28.32,1,1.0
2024-09-01 19:00,27.48,27.48,27.48,1,1.0
2024-09-01 20:00,26.6,26.6,26.6,1,1.0
2024-09-01 21:00,26.19,26.19,26.19,1,1.0
2024-09-01 22:00,26.27,26.27,26.27,1,1.0
2024-09-01 23:00,26.36,26.36,26.36,1,1.0
2024-09-02 00:00,26.07,26.07,26.07,1,1.0
2024-09-02 01:00,25.77,25.77,25.77,1,1.0
2024-09-02 02:00,25.42,25.42,25.42,1,1.0
2024-09-02 03:00,25.17,25.17,25.17,1,1.0
2024-09-02 04:00,24.94,24.94,24.94,1,1.0
2024-09-02 05:00,24.78,24.78,24.78,1,1.0
2024-09-02 06:00,24.42,24.42,24.42,1,1.0
2024-09-02 07:00,24.13,24.13,24.13,1,1.0
2024-09-02 08:00,26.7,26.7,26.7,1,1.0
2024-09-02 09:00,27.72,27.72,27.72,1,1.0
2024-09-02 10:00,28.66,28.66,28.66,1,1.0
2024-09-02 11:00,29.14,29.14,29.14,1,1.0
2024-09-02 12:00,29.25,29.25,29.25,1,1.0
2024-09-02 13:00,29.11,29.11,29.11,1,1.0
2024-09-02 14:00,28.87,28.87,28.87,1,1.0
2024-09-02 15:00,28.48,28.48,28.48,1,1.0
2024-09-02 16:00,27.52,27.52,27.52,1,1.0
2024-09-02 17:00,27.19,27.19,27.19,1,1.0
2024-09-02 18:00,26.8,26.8,26.8,1,1.0
2024-09-02 19:00,26.48,26.48,26.48,1,1.0
2024-09-02 20:00,26.75,26.75,26.75,1,1.0
2024-09-02 21:00,26.5,26.5,26.5,1,1.0
2024-09-02 22:00,26.11,26.11,26.11,1,1.0
2024-09-02 23:00,25.76,25.76,25.76,1,1.0
2024-09-03 00:00,25.41,25.41,25.41,1,1.0
2024-09-03 01:00,25.16,25.16,25.16,1,1.0
2024-09-03 02:00,24.68,24.68,24.68,1,1.0
2024-09-03 03:00,24.71,24.71,24.71,1,1.0
2024-09-03 04:00,23.57,23.57,23.57,1,1.0
2024-09-03 05:00,22.54,22.54,22.54,1,1.0
2024-09-03 06:00,22.25,22.25,22.25,1,1.0
2024-09-03 07:00,23.66,23.66,23.66,1,1.0
2024-09-03 08:00,25.65,25.65,25.65,1,1.0
2024-09-03 09:00,26.15,26.15,26.15,1,1.0
2024-09-03 10:00,25.96,25.96,25.96,1,1.0
2024-09-03 11:00,26.14,26.14,26.14,1,1.0
2024-09-03 12:00,25.52,25.52,25.52,1,1.0
2024-09-03 13:00,25.62,25.62,25.62,1,1.0
2024-09-03 14:00,25.48,25.48,25.48,1,1.0
2024-09-03 15:00,24.66,24.66,24.66,1,1.0
2024-09-03 16:00,24.22,24.22,24.22,1,1.0
2024-09-03 17:00,24.04,24.04,24.04,1,1.0
2024-09-03 18:00,23.79,23.79,23.79,1,1.0
2024-09-03 19:00,23.58,23.58,23.58,1,1.0
2024-09-03 20:00,24.13,24.13,24.13,1,1.0
2024-09-03 21:00,23.29,23.29,23.29,1,1.0
2024-09-03 22:00,22.84,22.84,22.84,1,1.0
2024-09-03 23:00,22.57,22.57,22.57,1,1.0
2024-09-04 00:00,21.98,21.98,21.98,1,1.0
2024-09-04 01:00,21.62,21.62,21.62,1,1.0
2024-09-04 02:00,21.54,21.54,21.54,1,1.0
2024-09-04 03:00,21.5,21.5,21.5,1,1.0
2024-09-04 04:00,21.51,21.51,21.51,1,1.0
2024-09-04 05:00,21.74,21.74,21.74,1,1.0
2024-09-04 06:00,21.79,21.79,21.79,1,1.0
2024-09-04 07:00,23.02,23.02,23.02,1,1.0
2024-09-04 08:00,25.22,25.22,25.22,1,1.0
2024-09-04 09:00,26.71,26.71,26.71,1,1.0
2024-09-04 10:00,27.77,27.77,27.77,1,1.0
2024-09-04 11:00,28.56,28.56,28.56,1,1.0
2024-09-04 12:00,29.05,29.05,29.05,1,1.0
2024-09-04 13:00,29.38,29.38,29.38,1,1.0
2024-09-04 14:00,29.35,29.35,29.35,1,1.0
2024-09-04 15:00,27.72,27.72,27.72,1,1.0
2024-09-04 16:00,27.48,27.48,27.48,1,1.0
2024-09-04 17:00,27.24,27.24,27.24,1,1.0
2024-09-04 18:00,27.01,27.01,27.01,1,1.0
2024-09-04 19:00,26.76,26.76,26.76,1,1.0
2024-09-04 20:00,26.23,26.23,26.23,1,1.0
2024-09-04 21:00,25.08,25.08,25.08,1,1.0
2024-09-04 22:00,23.75,23.75,23.75,1,1.0
2024-09-04 23:00,23.18,23.18,23.18,1,1.0
2024-09-05 00:00,22.81,22.81,22.81,1,1.0
2024-09-05 01:00,22.55,22.55,22.55,1,1.0
2024-09-05 02:00,22.32,22.32,22.32,1,1.0
2024-09-05 03:00,22.11,22.11,22.11,1,1.0
2024-09-05 04:00,21.98,21.98,21.98,1,1.0
2024-09-05 05:00,22.0,22.0,22.0,1,1.0
2024-09-05 06:00,22.38,22.38,22.38,1,1.0
2024-09-05 07:00,23.84,23.84,23.84,1,1.0
2024-09-05 08:00,25.96,25.96,25.96,1,1.0
2024-09-05 09:00,27.37,27.37,27.37,1,1.0
2024-09-05 10:00,28.41,28.41,28.41,1,1.0
2024-09-05 11:00,28.55,28.55,28.55,1,1.0
2024-09-05 12:00,28.3,28.3,28.3,1,1.0
2024-09-05 13:00,27.77,27.77,27.77,1,1.0
2024-09-05 14:00,26.82,26.82,26.82,1,1.0
2024-09-05 15:00,26.7,26.7,26.7,1,1.0
2024-09-05 16:00,26.84,26.84,26.84,1,1.0
2024-09-05 17:00,24.97,24.97,24.97,1,1.0
2024-09-05 18:00,23.34,23.34,23.34,1,1.0
2024-09-05 19:00,23.22,23.22,23.22,1,1.0
2024-09-05 20:00,22.49,22.49,22.49,1,1.0
2024-09-05 21:00,22.79,22.79,22.79,1,1.0
2024-09-05 22:00,23.04,23.04,23.04,1,1.0
2024-09-05 23:00,23.09,23.09,23.09,1,1.0
2024-09-06 00:00,22.95,22.95,22.95,1,1.0
2024-09-06 01:00,22.84,22.84,22.84,1,1.0
2024-09-06 02:00,22.75,22.75,22.75,1,1.0
2024-09-06 03:00,22.91,22.91,22.91,1,1.0
2024-09-06 04:00,22.96,22.96,22.96,1,1.0
2024-09-06 05:00,22.78,22.78,22.78,1,1.0
2024-09-06 06:00,22.79,22.79,22.79,1,1.0
2024-09-06 07:00,23.56,23.56,23.56,1,1.0
2024-09-06 08:00,24.54,24.54,24.54,1,1.0
2024-09-06 09:00,25.37,25.37,25.37,1,1.0
2024-09-06 10:00,25.96,25.96,25.96,1,1.0
2024-09-06 11:00,26.58,26.58,26.58,1,1.0
2024-09-06 12:00,27.18,27.18,27.18,1,1.0
2024-09-06 13:00,27.59,27.59,27.59,1,1.0
2024-09-06 14:00,27.57,27.57,27.57,1,1.0
2024-09-06 15:00,27.41,27.41,27.41,1,1.0
2024-09-06 16:00,27.13,27.13,27.13,1,1.0
2024-09-06 17:00,26.65,26.65,26.65,1,1.0
2024-09-06 18:00,26.02,26.02,26.02,1,1.0
2024-09-06 19:00,25.03,25.03,25.03,1,1.0
2024-09-06 20:00,24.13,24.13,24.13,1,1.0
2024-09-06 21:00,23.71,23.71,23.71,1,1.0
2024-09-06 22:00,25.13,25.13,25.13,1,1.0
2024-09-06 23:00,24.9,24.9,24.9,1,1.0
2024-09-07 00:00,22.18,22.18,22.18,1,1.0
2024-09-07 01:00,21.73,21.73,21.73,1,1.0
2024-09-07 02:00,21.98,21.98,21.98,1,1.0
2024-09-07 03:00,22.14,22.14,22.14,1,1.0
2024-09-07 04:00,22.01,22.01,22.01,1,1.0
2024-09-07 05:00,21.86,21.86,21.86,1,1.0
2024-09-07 06:00,21.71,21.71,21.71,1,1.0
2024-09-07 07:00,22.92,22.92,22.92,1,1.0
2024-09-07 08:00,26.06,26.06,26.06,1,1.0
2024-09-07 09:00,27.89,27.89,27.89,1,1.0
2024-09-07 10:00,29.07,29.07,29.07,1,1.0
2024-09-07 11:00,29.86,29.86,29.86,1,1.0
2024-09-07 12:00,30.33,30.33,30.33,1,1.0
2024-09-07 13:00,30.45,30.45,30.45,1,1.0
2024-09-07 14:00,30.26,30.26,30.26,1,1.0
2024-09-07 15:00,29.89,29.89,29.89,1,1.0
2024-09-07 16:00,29.38,29.38,29.38,1,1.0
2024-09-07 17:00,28.84,28.84,28.84,1,1.0
2024-09-07 18:00,28.14,28.14,28.14,1,1.0
2024-09-07 19:00,26.92,26.92,26.92,1,1.0
2024-09-07 20:00,25.79,25.79,25.79,1,1.0
2024-09-07 21:00,25.34,25.34,25.34,1,1.0
2024-09-07 22:00,24.58,24.58,24.58,1,1.0
2024-09-07 23:00,24.82,24.82,24.82,1,1.0
2024-09-08 00:00,25.71,25.71,25.71,1,1.0
2024-09-08 01:00,25.46,25.46,25.46,1,1.0
2024-09-08 02:00,25.16,25.16,25.16,1,1.0
2024-09-08 03:00,24.15,24.15,24.15,1,1.0
2024-09-08 04:00,22.2,22.2,22.2,1,1.0
2024-09-08 05:00,21.59,21.59,21.59,1,1.0
2024-09-08 06:00,21.73,21.73,21.73,1,1.0
2024-09-08 07:00,23.13,23.13,23.13,1,1.0
2024-09-08 08:00,26.43,26.43,26.43,1,1.0
2024-09-08 09:00,28.14,28.14,28.14,1,1.0
2024-09-08 10:00,28.91,28.91,28.91,1,1.0
2024-09-08 11:00,29.29,29.29,29.29,1,1.0
2024-09-08 12:00,29.54,29.54,29.54,1,1.0
2024-09-08 13:00,29.75,29.75,29.75,1,1.0
2024-09-08 14:00,29.82,29.82,29.82,1,1.0
2024-09-08 15:00,29.54,29.54,29.54,1,1.0
2024-09-08 16:00,28.96,28.96,28.96,1,1.0
2024-09-08 17:00,28.35,28.35,28.35,1,1.0
2024-09-08 18:00,27.8,27.8,27.8,1,1.0
2024-09-08 19:00,27.28,27.28,27.28,1,1.0
2024-09-08 20:00,26.67,26.67,26.67,1,1.0
2024-09-08 21:00,26.53,26.53,26.53,1,1.0
2024-09-08 22:00,26.59,26.59,26.59,1,1.0
2024-09-08 23:00,26.68,26.68,26.68,1,1.0
2024-09-09 00:00,26.72,26.72,26.72,1,1.0
2024-09-09 01:00,26.6,26.6,26.6,1,1.0
2024-09-09 02:00,26.45,26.45,26.45,1,1.0
2024-09-09 03:00,26.07,26.07,26.07,1,1.0
2024-09-09 04:00,24.9,24.9,24.9,1,1.0
2024-09-09 05:00,24.64,24.64,24.64,1,1.0
2024-09-09 06:00,23.73,23.73,23.73,1,1.0
2024-09-09 07:00,22.64,22.64,22.64,1,1.0
2024-09-09 08:00,22.09,22.09,22.09,1,1.0
2024-09-09 09:00,22.12,22.12,22.12,1,1.0
2024-09-09 10:00,22.19,22.19,22.19,1,1.0
2024-09-09 11:00,22.12,22.12,22.12,1,1.0
2024-09-09 12:00,22.45,22.45,22.45,1,1.0
2024-09-09 13:00,22.68,22.68,22.68,1,1.0
2024-09-09 14:00,22.61,22.61,22.61,1,1.0
2024-09-09 15:00,23.07,23.07,23.07,1,1.0
2024-09-09 16:00,23.47,23.47,23.47,1,1.0
2024-09-09 17:00,23.4,23.4,23.4,1,1.0
2024-09-09 18:00,22.9,22.9,22.9,1,1.0
2024-09-09 19:00,22.26,22.26,22.26,1,1.0
2024-09-09 20:00,22.31,22.31,22.31,1,1.0
2024-09-09 21:00,22.07,22.07,22.07,1,1.0
2024-09-09 22:00,21.93,21.93,21.93,1,1.0
2024-09-09 23:00,21.76,21.76,21.76,1,1.0
2024-09-10 00:00,21.48,21.48,21.48,1,1.0
2024-09-10 01:00,20.93,20.93,20.93,1,1.0
2024-09-10 02:00,20.76,20.76,20.76,1,1.0
2024-09-10 03:00,20.98,20.98,20.98,1,1.0
2024-09-10 04:00,20.59,20.59,20.59,1,1.0
2024-09-10 05:00,19.44,19.44,19.44,1,1.0
2024-09-10 06:00,19.66,19.66,19.66,1,1.0
2024-09-10 07:00,20.94,20.94,20.94,1,1.0
2024-09-10 08:00,22.59,22.59,22.59,1,1.0
2024-09-10 09:00,23.34,23.34,23.34,1,1.0
2024-09-10 10:00,24.26,24.26,24.26,1,1.0
2024-09-10 11:00,25.03,25.03,25.03,1,1.0
2024-09-10 12:00,25.84,25.84,25.84,1,1.0
2024-09-10 13:00,26.17,26.17,26.17,1,1.0
2024-09-10 14:00,26.59,26.59,26.59,1,1.0
2024-09-10 15:00,26.71,26.71,26.71,1,1.0
2024-09-10 16:00,26.47,26.47,26.47,1,1.0
2024-09-10 17:00,25.82,25.82,25.82,1,1.0
2024-09-10 18:00,24.98,24.98,24.98,1,1.0
2024-09-10 19:00,24.11,24.11,24.11,1,1.0
2024-09-10 20:00,23.86,23.86,23.86,1,1.0
2024-09-10 21:00,23.09,23.09,23.09,1,1.0
2024-09-10 22:00,22.38,22.38,22.38,1,1.0
2024-09-10 23:00,21.75,21.75,21.75,1,1.0
2024-09-11 00:00,21.27,21.27,21.27,1,1.0
2024-09-11 01:00,20.85,20.85,20.85,1,1.0
2024-09-11 02:00,20.43,20.43,20.43,1,1.0
2024-09-11 03:00,20.16,20.16,20.16,1,1.0
2024-09-11 04:00,19.85,19.85,19.85,1,1.0
2024-09-11 05:00,19.52,19.52,19.52,1,1.0
2024-09-11 06:00,19.2,19.2,19.2,1,1.0
2024-09-11 07:00,19.94,19.94,19.94,1,1.0
2024-09-11 08:00,22.09,22.09,22.09,1,1.0
2024-09-11 09:00,23.26,23.26,23.26,1,1.0
2024-09-11 10:00,24.22,24.22,24.22,1,1.0
2024-09-11 11:00,25.05,25.05,25.05,1,1.0
2024-09-11 12:00,25.67,25.67,25.67,1,1.0
2024-09-11 13:00,25.91,25.91,25.91,1,1.0
2024-09-11 14:00,25.63,25.63,25.63,1,1.0
2024-09-11 15:00,25.3,25.3,25.3,1,1.0
2024-09-11 16:00,24.83,24.83,24.83,1,1.0
2024-09-11 17:00,24.37,24.37,24.37,1,1.0
2024-09-11 18:00,23.73,23.73,23.73,1,1.0
2024-09-11 19:00,22.82,22.82,22.82,1,1.0
2024-09-11 20:00,21.97,21.97,21.97,1,1.0
2024-09-11 21:00,21.68,21.68,21.68,1,1.0
2024-09-11 22:00,21.74,21.74,21.74,1,1.0
2024-09-11 23:00,21.46,21.46,21.46,1,1.0
2024-09-12 00:00,21.47,21.47,21.47,1,1.0
2024-09-12 01:00,20.36,20.36,20.36,1,1.0
2024-09-12 02:00,19.31,19.31,19.31,1,1.0
2024-09-12 03:00,19.49,19.49,19.49,1,1.0
2024-09-12 04:00,19.34,19.34,19.34,1,1.0
2024-09-12 05:00,19.48,19.48,19.48,1,1.0
2024-09-12 06:00,19.83,19.83,19.83,1,1.0
2024-09-12 07:00,20.67,20.67,20.67,1,1.0
2024-09-12 08:00,20.13,20.13,20.13,1,1.0
2024-09-12 09:00,20.82,20.82,20.82,1,1.0
2024-09-12 10:00,22.18,22.18,22.18,1,1.0
2024-09-12 11:00,22.77,22.77,22.77,1,1.0
2024-09-12 12:00,22.97,22.97,22.97,1,1.0
2024-09-12 13:00,23.04,23.04,23.04,1,1.0
2024-09-12 14:00,23.26,23.26,23.26,1,1.0
2024-09-12 15:00,22.98,22.98,22.98,1,1.0
2024-09-12 16:00,21.65,21.65,21.65,1,1.0
2024-09-12 17:00,21.38,21.38,21.38,1,1.0
2024-09-12 18:00,20.47,20.47,20.47,1,1.0
2024-09-12 19:00,19.93,19.93,19.93,1,1.0
2024-09-12 20:00,19.67,19.67,19.67,1,1.0
2024-09-12 21:00,19.28,19.28,19.28,1,1.0
2024-09-12 22:00,18.95,18.95,18.95,1,1.0
2024-09-12 23:00,18.37,18.37,18.37,1,1.0
2024-09-13 00:00,18.3,18.3,18.3,1,1.0
2024-09-13 01:00,18.97,18.97,18.97,1,1.0
2024-09-13 02:00,19.25,19.25,19.25,1,1.0
2024-09-13 03:00,19.15,19.15,19.15,1,1.0
2024-09-13 04:00,18.84,18.84,18.84,1,1.0
2024-09-13 05:00,18.75,18.75,18.75,1,1.0
2024-09-13 06:00,18.57,18.57,18.57,1,1.0
2024-09-13 07:00,18.71,18.71,18.71,1,1.0
2024-09-13 08:00,19.0,19.0,19.0,1,1.0
2024-09-13 09:00,19.09,19.09,19.09,1,1.0
2024-09-13 10:00,19.34,19.34,19.34,1,1.0
2024-09-13 11:00,19.54,19.54,19.54,1,1.0
2024-09-13 12:00,19.11,19.11,19.11,1,1.0
2024-09-13 13:00,18.93,18.93,18.93,1,1.0
2024-09-13 14:00,17.8,17.8,17.8,1,1.0
2024-09-13 15:00,17.4,17.4,17.4,1,1.0
2024-09-13 16:00,16.47,16.47,16.47,1,1.0
2024-09-13 17:00,15.77,15.77,15.77,1,1.0
2024-09-13 18:00,15.3,15.3,15.3,1,1.0
2024-09-13 19:00,15.55,15.55,15.55,1,1.0
2024-09-13 20:00,16.59,16.59,16.59,1,1.0
2024-09-13 21:00,16.75,16.75,16.75,1,1.0
2024-09-13 22:00,16.8,16.8,16.8,1,1.0
2024-09-13 23:00,16.59,16.59,16.59,1,1.0
2024-09-14 00:00,16.24,16.24,16.24,1,1.0
2024-09-14 01:00,15.87,15.87,15.87,1,1.0
2024-09-14 02:00,15.64,15.64,15.64,1,1.0
2024-09-14 03:00,15.45,15.45,15.45,1,1.0
2024-09-14 04:00,15.2,15.2,15.2,1,1.0
2024-09-14 05:00,15.05,15.05,15.05,1,1.0
2024-09-14 06:00,14.88,14.88,14.88,1,1.0
2024-09-14 07:00,15.05,15.05,15.05,1,1.0
2024-09-14 08:00,16.03,16.03,16.03,1,1.0
2024-09-14 09:00,16.99,16.99,16.99,1,1.0
2024-09-14 10:00,17.92,17.92,17.92,1,1.0
2024-09-14 11:00,18.77,18.77,18.77,1,1.0
2024-09-14 12:00,19.27,19.27,19.27,1,1.0
2024-09-14 13:00,19.55,19.55,19.55,1,1.0
2024-09-14 14:00,19.68,19.68,19.68,1,1.0
2024-09-14 15:00,19.66,19.66,19.66,1,1.0
2024-09-14 16:00,19.57,19.57,19.57,1,1.0
2024-09-14 17:00,19.31,19.31,19.31,1,1.0
2024-09-14 18:00,18.94,18.94,18.94,1,1.0
2024-09-14 19:00,18.63,18.63,18.63,1,1.0
2024-09-14 20:00,17.92,17.92,17.92,1,1.0
2024-09-14 21:00,16.94,16.94,16.94,1,1.0
2024-09-14 22:00,17.29,17.29,17.29,1,1.0
2024-09-14 23:00,16.72,16.72,16.72,1,1.0
2024-09-15 00:00,16.15,16.15,16.15,1,1.0
2024-09-15 01:00,16.78,16.78,16.78,1,1.0
2024-09-15 02:00,18.09,18.09,18.09,1,1.0
2024-09-15 03:00,18.08,18.08,18.08,1,1.0
2024-09-15 04:00,18.02,18.02,18.02,1,1.0
2024-09-15 05:00,16.6,16.6,16.6,1,1.0
2024-09-15 06:00,14.78,14.78,14.78,1,1.0
2024-09-15 07:00,15.53,15.53,15.53,1,1.0
2024-09-15 08:00,17.77,17.77,17.77,1,1.0
2024-09-15 09:00,18.88,18.88,18.88,1,1.0
2024-09-15 10:00,19.71,19.71,19.71,1,1.0
2024-09-15 11:00,20.4,20.4,20.4,1,1.0
2024-09-15 12:00,21.05,21.05,21.05,1,1.0
2024-09-15 13:00,21.36,21.36,21.36,1,1.0
2024-09-15 14:00,21.26,21.26,21.26,1,1.0
2024-09-15 15:00,20.89,20.89,20.89,1,1.0
2024-09-15 16:00,20.46,20.46,20.46,1,1.0
2024-09-15 17:00,20.11,20.11,20.11,1,1.0
2024-09-15 18:00,19.67,19.67,19.67,1,1.0
2024-09-15 19:00,18.94,18.94,18.94,1,1.0
2024-09-15 20:00,18.37,18.37,18.37,1,1.0
2024-09-15 21:00,18.82,18.82,18.82,1,1.0
2024-09-15 22:00,19.93,19.93,19.93,1,1.0
2024-09-15 23:00,19.72,19.72,19.72,1,1.0
2024-09-16 00:00,19.54,19.54,19.54,1,1.0
2024-09-16 01:00,19.43,19.43,19.43,1,1.0
2024-09-16 02:00,19.16,19.16,19.16,1,1.0
2024-09-16 03:00,18.81,18.81,18.81,1,1.0
2024-09-16 04:00,16.65,16.65,16.65,1,1.0
2024-09-16 05:00,15.11,15.11,15.11,1,1.0
2024-09-16 06:00,16.03,16.03,16.03,1,1.0
2024-09-16 07:00,16.85,16.85,16.85,1,1.0
2024-09-16 08:00,18.21,18.21,18.21,1,1.0
2024-09-16 09:00,18.9,18.9,18.9,1,1.0
2024-09-16 10:00,19.46,19.46,19.46,1,1.0
2024-09-16 11:00,19.85,19.85,19.85,1,1.0
2024-09-16 12:00,19.73,19.73,19.73,1,1.0
2024-09-16 13:00,20.02,20.02,20.02,1,1.0
2024-09-16 14:00,19.83,19.83,19.83,1,1.0
2024-09-16 15:00,19.69,19.69,19.69,1,1.0
2024-09-16 16:00,19.09,19.09,19.09,1,1.0
2024-09-16 17:00,18.8,18.8,18.8,1,1.0
2024-09-16 18:00,18.19,18.19,18.19,1,1.0
2024-09-16 19:00,17.43,17.43,17.43,1,1.0
2024-09-16 20:00,16.64,16.64,16.64,1,1.0
2024-09-16 21:00,16.95,16.95,16.95,1,1.0
2024-09-16 22:00,17.07,17.07,17.07,1,1.0
2024-09-16 23:00,16.81,16.81,16.81,1,1.0
2024-09-17 00:00,15.65,15.65,15.65,1,1.0
2024-09-17 01:00,15.4,15.4,15.4,1,1.0
2024-09-17 02:00,15.51,15.51,15.51,1,1.0
2024-09-17 03:00,15.76,15.76,15.76,1,1.0
2024-09-17 04:00,15.71,15.71,15.71,1,1.0
2024-09-17 05:00,15.34,15.34,15.34,1,1.0
2024-09-17 06:00,15.09,15.09,15.09,1,1.0
2024-09-17 07:00,15.72,15.72,15.72,1,1.0
2024-09-17 08:00,17.12,17.12,17.12,1,1.0
2024-09-17 09:00,18.01,18.01,18.01,1,1.0
2024-09-17 10:00,18.44,18.44,18.44,1,1.0
2024-09-17 11:00,18.98,18.98,18.98,1,1.0
2024-09-17 12:00,19.25,19.25,19.25,1,1.0
2024-09-17 13:00,18.98,18.98,18.98,1,1.0
2024-09-17 14:00,18.06,18.06,18.06,1,1.0
2024-09-17 15:00,18.38,18.38,18.38,1,1.0
2024-09-17 16:00,18.51,18.51,18.51,1,1.0
2024-09-17 17:00,17.78,17.78,17.78,1,1.0
2024-09-17 18:00,17.41,17.41,17.41,1,1.0
2024-09-17 19:00,17.57,17.57,17.57,1,1.0
2024-09-17 20:00,17.86,17.86,17.86,1,1.0
2024-09-17 21:00,17.68,17.68,17.68,1,1.0
2024-09-17 22:00,17.56,17.56,17.56,1,1.0
2024-09-17 23:00,17.44,17.44,17.44,1,1.0
2024-09-18 00:00,17.45,17.45,17.45,1,1.0
2024-09-18 01:00,17.46,17.46,17.46,1,1.0
2024-09-18 02:00,17.32,17.32,17.32,1,1.0
2024-09-18 03:00,17.23,17.23,17.23,1,1.0
2024-09-18 04:00,17.4,17.4,17.4,1,1.0
2024-09-18 05:00,17.24,17.24,17.24,1,1.0
2024-09-18 06:00,17.01,17.01,17.01,1,1.0
2024-09-18 07:00,17.46,17.46,17.46,1,1.0
2024-09-18 08:00,18.14,18.14,18.14,1,1.0
2024-09-18 09:00,18.81,18.81,18.81,1,1.0
2024-09-18 10:00,19.53,19.53,19.53,1,1.0
2024-09-18 11:00,20.2,20.2,20.2,1,1.0
2024-09-18 12:00,20.75,20.75,20.75,1,1.0
2024-09-18 13:00,20.19,20.19,20.19,1,1.0
2024-09-18 14:00,19.5,19.5,19.5,1,1.0
2024-09-18 15:00,19.57,19.57,19.57,1,1.0
2024-09-18 16:00,19.51,19.51,19.51,1,1.0
2024-09-18 17:00,19.2,19.2,19.2,1,1.0
2024-09-18 18:00,18.24,18.24,18.24,1,1.0
2024-09-18 19:00,18.02,18.02,18.02,1,1.0
2024-09-18 20:00,18.12,18.12,18.12,1,1.0
2024-09-18 21:00,17.85,17.85,17.85,1,1.0
2024-09-18 22:00,17.86,17.86,17.86,1,1.0
2024-09-18 23:00,17.66,17.66,17.66,1,1.0
2024-09-19 00:00,17.6,17.6,17.6,1,1.0
2024-09-19 01:00,17.26,17.26,17.26,1,1.0
2024-09-19 02:00,16.57,16.57,16.57,1,1.0
2024-09-19 03:00,16.39,16.39,16.39,1,1.0
2024-09-19 04:00,16.19,16.19,16.19,1,1.0
2024-09-19 05:00,15.96,15.96,15.96,1,1.0
2024-09-19 06:00,16.44,16.44,16.44,1,1.0
2024-09-19 07:00,16.98,16.98,16.98,1,1.0
2024-09-19 08:00,16.79,16.79,16.79,1,1.0
2024-09-19 09:00,17.34,17.34,17.34,1,1.0
2024-09-19 10:00,18.32,18.32,18.32,1,1.0
2024-09-19 11:00,18.61,18.61,18.61,1,1.0
2024-09-19 12:00,18.75,18.75,18.75,1,1.0
2024-09-19 13:00,18.49,18.49,18.49,1,1.0
2024-09-19 14:00,19.08,19.08,19.08,1,1.0
2024-09-19 15:00,19.14,19.14,19.14,1,1.0
2024-09-19 16:00,18.87,18.87,18.87,1,1.0
2024-09-19 17:00,18.39,18.39,18.39,1,1.0
2024-09-19 18:00,18.12,18.12,18.12,1,1.0
2024-09-19 19:00,17.72,17.72,17.72,1,1.0
2024-09-19 20:00,17.41,17.41,17.41,1,1.0
2024-09-19 21:00,17.45,17.45,17.45,1,1.0
2024-09-19 22:00,15.74,15.74,15.74,1,1.0
2024-09-19 23:00,16.06,16.06,16.06,1,1.0
2024-09-20 00:00,16.75,16.75,16.75,1,1.0
2024-09-20 01:00,16.71,16.71,16.71,1,1.0
2024-09-20 02:00,16.33,16.33,16.33,1,1.0
2024-09-20 03:00,15.55,15.55,15.55,1,1.0
2024-09-20 04:00,14.89,14.89,14.89,1,1.0
2024-09-20 05:00,14.48,14.48,14.48,1,1.0
2024-09-20 06:00,13.66,13.66,13.66,1,1.0
2024-09-20 07:00,15.99,15.99,15.99,1,1.0
2024-09-20 08:00,18.27,18.27,18.27,1,1.0
2024-09-20 09:00,19.78,19.78,19.78,1,1.0
2024-09-20 10:00,20.87,20.87,20.87,1,1.0
2024-09-20 11:00,21.65,21.65,21.65,1,1.0
2024-09-20 12:00,22.34,22.34,22.34,1,1.0
2024-09-20 13:00,22.67,22.67,22.67,1,1.0
2024-09-20 14:00,22.81,22.81,22.81,1,1.0
2024-09-20 15:00,22.57,22.57,22.57,1,1.0
2024-09-20 16:00,22.32,22.32,22.32,1,1.0
2024-09-20 17:00,21.89,21.89,21.89,1,1.0
2024-09-20 18:00,21.37,21.37,21.37,1,1.0
2024-09-20 19:00,20.74,20.74,20.74,1,1.0
2024-09-20 20:00,19.79,19.79,19.79,1,1.0
2024-09-20 21:00,19.14,19.14,19.14,1,1.0
2024-09-20 22:00,19.07,19.07,19.07,1,1.0
2024-09-20 23:00,18.81,18.81,18.81,1,1.0
2024-09-21 00:00,18.45,18.45,18.45,1,1.0
2024-09-21 01:00,18.06,18.06,18.06,1,1.0
2024-09-21 02:00,17.76,17.76,17.76,1,1.0
2024-09-21 03:00,17.29,17.29,17.29,1,1.0
2024-09-21 04:00,16.83,16.83,16.83,1,1.0
2024-09-21 05:00,16.63,16.63,16.63,1,1.0
2024-09-21 06:00,16.54,16.54,16.54,1,1.0
2024-09-21 07:00,16.68,16.68,16.68,1,1.0
2024-09-21 08:00,17.9,17.9,17.9,1,1.0
2024-09-21 09:00,19.68,19.68,19.68,1,1.0
2024-09-21 10:00,21.22,21.22,21.22,1,1.0
2024-09-21 11:00,22.38,22.38,22.38,1,1.0
2024-09-21 12:00,23.17,23.17,23.17,1,1.0
2024-09-21 13:00,23.59,23.59,23.59,1,1.0
2024-09-21 14:00,23.5,23.5,23.5,1,1.0
2024-09-21 15:00,23.12,23.12,23.12,1,1.0
2024-09-21 16:00,22.58,22.58,22.58,1,1.0
2024-09-21 17:00,22.22,22.22,22.22,1,1.0
2024-09-21 18:00,21.5,21.5,21.5,1,1.0
2024-09-21 19:00,20.83,20.83,20.83,1,1.0
2024-09-21 20:00,21.4,21.4,21.4,1,1.0
2024-09-21 21:00,21.2,21.2,21.2,1,1.0
2024-09-21 22:00,20.41,20.41,20.41,1,1.0
2024-09-21 23:00,18.64,18.64,18.64,1,1.0
2024-09-22 00:00,17.65,17.65,17.65,1,1.0
2024-09-22 01:00,17.91,17.91,17.91,1,1.0
2024-09-22 02:00,18.11,18.11,18.11,1,1.0
2024-09-22 03:00,17.85,17.85,17.85,1,1.0
2024-09-22 04:00,17.8,17.8,17.8,1,1.0
2024-09-22 05:00,17.61,17.61,17.61,1,1.0
2024-09-22 06:00,17.57,17.57,17.57,1,1.0
2024-09-22 07:00,18.08,18.08,18.08,1,1.0
2024-09-22 08:00,19.83,19.83,19.83,1,1.0
2024-09-22 09:00,21.06,21.06,21.06,1,1.0
2024-09-22 10:00,21.88,21.88,21.88,1,1.0
2024-09-22 11:00,22.6,22.6,22.6,1,1.0
2024-09-22 12:00,23.12,23.12,23.12,1,1.0
2024-09-22 13:00,23.14,23.14,23.14,1,1.0
2024-09-22 14:00,22.98,22.98,22.98,1,1.0
2024-09-22 15:00,22.65,22.65,22.65,1,1.0
2024-09-22 16:00,22.39,22.39,22.39,1,1.0
2024-09-22 17:00,21.98,21.98,21.98,1,1.0
2024-09-22 18:00,21.36,21.36,21.36,1,1.0
2024-09-22 19:00,20.56,20.56,20.56,1,1.0
2024-09-22 20:00,20.36,20.36,20.36,1,1.0
2024-09-22 21:00,20.97,20.97,20.97,1,1.0
2024-09-22 22:00,19.32,19.32,19.32,1,1.0
2024-09-22 23:00,19.23,19.23,19.23,1,1.0
2024-09-23 00:00,18.94,18.94,18.94,1,1.0
2024-09-23 01:00,19.01,19.01,19.01,1,1.0
2024-09-23 02:00,18.54,18.54,18.54,1,1.0
2024-09-23 03:00,18.16,18.16,18.16,1,1.0
2024-09-23 04:00,17.71,17.71,17.71,1,1.0
2024-09-23 05:00,17.85,17.85,17.85,1,1.0
2024-09-23 06:00,17.89,17.89,17.89,1,1.0
2024-09-23 07:00,18.11,18.11,18.11,1,1.0
2024-09-23 08:00,19.85,19.85,19.85,1,1.0
2024-09-23 09:00,20.96,20.96,20.96,1,1.0
2024-09-23 10:00,21.47,21.47,21.47,1,1.0
2024-09-23 11:00,22.06,22.06,22.06,1,1.0
2024-09-23 12:00,22.41,22.41,22.41,1,1.0
2024-09-23 13:00,22.63,22.63,22.63,1,1.0
2024-09-23 14:00,22.69,22.69,22.69,1,1.0
2024-09-23 15:00,22.47,22.47,22.47,1,1.0
2024-09-23 16:00,22.24,22.24,22.24,1,1.0
2024-09-23 17:00,21.77,21.77,21.77,1,1.0
2024-09-23 18:00,20.83,20.83,20.83,1,1.0
2024-09-23 19:00,20.8,20.8,20.8,1,1.0
2024-09-23 20:00,22.22,22.22,22.22,1,1.0
2024-09-23 21:00,20.27,20.27,20.27,1,1.0
2024-09-23 22:00,20.35,20.35,20.35,1,1.0
2024-09-23 23:00,19.92,19.92,19.92,1,1.0
2024-09-24 00:00,19.0,19.0,19.0,1,1.0
2024-09-24 01:00,18.52,18.52,18.52,1,1.0
2024-09-24 02:00,18.39,18.39,18.39,1,1.0
2024-09-24 03:00,18.66,18.66,18.66,1,1.0
2024-09-24 04:00,18.56,18.56,18.56,1,1.0
2024-09-24 05:00,18.53,18.53,18.53,1,1.0
2024-09-24 06:00,18.56,18.56,18.56,1,1.0
2024-09-24 07:00,18.75,18.75,18.75,1,1.0
2024-09-24 08:00,19.49,19.49,19.49,1,1.0
2024-09-24 09:00,20.13,20.13,20.13,1,1.0
2024-09-24 10:00,20.27,20.27,20.27,1,1.0
2024-09-24 11:00,20.98,20.98,20.98,1,1.0
2024-09-24 12:00,21.71,21.71,21.71,1,1.0
2024-09-24 13:00,21.86,21.86,21.86,1,1.0
2024-09-24 14:00,22.06,22.06,22.06,1,1.0
2024-09-24 15:00,21.99,21.99,21.99,1,1.0
2024-09-24 16:00,21.45,21.45,21.45,1,1.0
2024-09-24 17:00,20.93,20.93,20.93,1,1.0
2024-09-24 18:00,20.27,20.27,20.27,1,1.0
2024-09-24 19:00,19.37,19.37,19.37,1,1.0
2024-09-24 20:00,19.03,19.03,19.03,1,1.0
2024-09-24 21:00,19.28,19.28,19.28,1,1.0
2024-09-24 22:00,17.8,17.8,17.8,1,1.0
2024-09-24 23:00,16.98,16.98,16.98,1,1.0
2024-09-25 00:00,16.78,16.78,16.78,1,1.0
2024-09-25 01:00,16.48,16.48,16.48,1,1.0
2024-09-25 02:00,17.54,17.54,17.54,1,1.0
2024-09-25 03:00,18.01,18.01,18.01,1,1.0
2024-09-25 04:00,17.93,17.93,17.93,1,1.0
2024-09-25 05:00,17.99,17.99,17.99,1,1.0
2024-09-25 06:00,17.85,17.85,17.85,1,1.0
2024-09-25 07:00,17.92,17.92,17.92,1,1.0
2024-09-25 08:00,17.89,17.89,17.89,1,1.0
2024-09-25 09:00,18.6,18.6,18.6,1,1.0
2024-09-25 10:00,19.78,19.78,19.78,1,1.0
2024-09-25 11:00,20.6,20.6,20.6,1,1.0
2024-09-25 12:00,20.92,20.92,20.92,1,1.0
2024-09-25 13:00,20.99,20.99,20.99,1,1.0
2024-09-25 14:00,21.01,21.01,21.01,1,1.0
2024-09-25 15:00,20.45,20.45,20.45,1,1.0
2024-09-25 16:00,20.1,20.1,20.1,1,1.0
2024-09-25 17:00,19.79,19.79,19.79,1,1.0
2024-09-25 18:00,19.25,19.25,19.25,1,1.0
2024-09-25 19:00,18.74,18.74,18.74,1,1.0
2024-09-25 20:00,18.47,18.47,18.47,1,1.0
2024-09-25 21:00,18.49,18.49,18.49,1,1.0
2024-09-25 22:00,18.67,18.67,18.67,1,1.0
2024-09-25 23:00,18.59,18.59,18.59,1,1.0
2024-09-26 00:00,18.75,18.75,18.75,1,1.0
2024-09-26 01:00,18.82,18.82,18.82,1,1.0
2024-09-26 02:00,18.84,18.84,18.84,1,1.0
2024-09-26 03:00,18.69,18.69,18.69,1,1.0
2024-09-26 04:00,18.72,18.72,18.72,1,1.0
2024-09-26 05:00,18.73,18.73,18.73,1,1.0
2024-09-26 06:00,18.95,18.95,18.95,1,1.0
2024-09-26 07:00,19.22,19.22,19.22,1,1.0
2024-09-26 08:00,19.97,19.97,19.97,1,1.0
2024-09-26 09:00,20.93,20.93,20.93,1,1.0
2024-09-26 10:00,21.6,21.6,21.6,1,1.0
2024-09-26 11:00,22.39,22.39,22.39,1,1.0
2024-09-26 12:00,22.6,22.6,22.6,1,1.0
2024-09-26 13:00,22.71,22.71,22.71,1,1.0
2024-09-26 14:00,22.65,22.65,22.65,1,1.0
2024-09-26 15:00,22.5,22.5,22.5,1,1.0
2024-09-26 16:00,22.15,22.15,22.15,1,1.0
2024-09-26 17:00,21.77,21.77,21.77,1,1.0
2024-09-26 18:00,21.18,21.18,21.18,1,1.0
2024-09-26 19:00,20.74,20.74,20.74,1,1.0
2024-09-26 20:00,20.24,20.24,20.24,1,1.0
2024-09-26 21:00,20.02,20.02,20.02,1,1.0
2024-09-26 22:00,19.86,19.86,19.86,1,1.0
2024-09-26 23:00,19.78,19.78,19.78,1,1.0
2024-09-27 00:00,19.69,19.69,19.69,1,1.0
2024-09-27 01:00,19.61,19.61,19.61,1,1.0
2024-09-27 02:00,19.38,19.38,19.38,1,1.0
2024-09-27 03:00,19.38,19.38,19.38,1,1.0
2024-09-27 04:00,19.51,19.51,19.51,1,1.0
2024-09-27 05:00,19.46,19.46,19.46,1,1.0
2024-09-27 06:00,19.48,19.48,19.48,1,1.0
2024-09-27 07:00,19.87,19.87,19.87,1,1.0
2024-09-27 08:00,21.01,21.01,21.01,1,1.0
2024-09-27 09:00,22.3,22.3,22.3,1,1.0
2024-09-27 10:00,23.07,23.07,23.07,1,1.0
2024-09-27 11:00,23.6,23.6,23.6,1,1.0
2024-09-27 12:00,23.83,23.83,23.83,1,1.0
2024-09-27 13:00,23.92,23.92,23.92,1,1.0
2024-09-27 14:00,23.85,23.85,23.85,1,1.0
2024-09-27 15:00,23.69,23.69,23.69,1,1.0
2024-09-27 16:00,23.36,23.36,23.36,1,1.0
2024-09-27 17:00,22.82,22.82,22.82,1,1.0
2024-09-27 18:00,22.15,22.15,22.15,1,1.0
2024-09-27 19:00,21.71,21.71,21.71,1,1.0
2024-09-27 20:00,21.39,21.39,21.39,1,1.0
2024-09-27 21:00,21.09,21.09,21.09,1,1.0
2024-09-27 22:00,20.86,20.86,20.86,1,1.0
2024-09-27 23:00,20.69,20.69,20.69,1,1.0
2024-09-28 00:00,20.55,20.55,20.55,1,1.0
2024-09-28 01:00,20.48,20.48,20.48,1,1.0
2024-09-28 02:00,20.35,20.35,20.35,1,1.0
2024-09-28 03:00,20.38,20.38,20.38,1,1.0
2024-09-28 04:00,20.35,20.35,20.35,1,1.0
2024-09-28 05:00,20.29,20.29,20.29,1,1.0
2024-09-28 06:00,20.34,20.34,20.34,1,1.0
2024-09-28 07:00,20.68,20.68,20.68,1,1.0
2024-09-28 08:00,21.42,21.42,21.42,1,1.0
2024-09-28 09:00,22.23,22.23,22.23,1,1.0
2024-09-28 10:00,22.4,22.4,22.4,1,1.0
2024-09-28 11:00,22.35,22.35,22.35,1,1.0
2024-09-28 12:00,21.97,21.97,21.97,1,1.0
2024-09-28 13:00,22.1,22.1,22.1,1,1.0
2024-09-28 14:00,21.54,21.54,21.54,1,1.0
2024-09-28 15:00,21.1,21.1,21.1,1,1.0
2024-09-28 16:00,20.95,20.95,20.95,1,1.0
2024-09-28 17:00,20.48,20.48,20.48,1,1.0
2024-09-28 18:00,19.75,19.75,19.75,1,1.0
2024-09-28 19:00,19.12,19.12,19.12,1,1.0
2024-09-28 20:00,18.69,18.69,18.69,1,1.0
2024-09-28 21:00,18.3,18.3,18.3,1,1.0
2024-09-28 22:00,17.95,17.95,17.95,1,1.0
2024-09-28 23:00,17.78,17.78,17.78,1,1.0
2024-09-29 00:00,17.55,17.55,17.55,1,1.0
2024-09-29 01:00,17.37,17.37,17.37,1,1.0
2024-09-29 02:00,17.53,17.53,17.53,1,1.0
2024-09-29 03:00,17.19,17.19,17.19,1,1.0
2024-09-29 04:00,16.66,16.66,16.66,1,1.0
2024-09-29 05:00,16.06,16.06,16.06,1,1.0
2024-09-29 06:00,15.98,15.98,15.98,1,1.0
2024-09-29 07:00,16.29,16.29,16.29,1,1.0
2024-09-29 08:00,17.09,17.09,17.09,1,1.0
2024-09-29 09:00,18.51,18.51,18.51,1,1.0
2024-09-29 10:00,19.37,19.37,19.37,1,1.0
2024-09-29 11:00,20.1,20.1,20.1,1,1.0
2024-09-29 12:00,20.67,20.67,20.67,1,1.0
2024-09-29 13:00,21.03,21.03,21.03,1,1.0
2024-09-29 14:00,21.07,21.07,21.07,1,1.0
2024-09-29 15:00,20.84,20.84,20.84,1,1.0
2024-09-29 16:00,20.42,20.42,20.42,1,1.0
2024-09-29 17:00,19.68,19.68,19.68,1,1.0
2024-09-29 18:00,18.64,18.64,18.64,1,1.0
2024-09-29 19:00,17.66,17.66,17.66,1,1.0
2024-09-29 20:00,17.67,17.67,17.67,1,1.0
2024-09-29 21:00,16.96,16.96,16.96,1,1.0
2024-09-29 22:00,16.41,16.41,16.41,1,1.0
2024-09-29 23:00,15.95,15.95,15.95,1,1.0
2024-09-30 00:00,15.63,15.63,15.63,1,1.0
2024-09-30 01:00,15.37,15.37,15.37,1,1.0
2024-09-30 02:00,15.06,15.06,15.06,1,1.0
2024-09-30 03:00,14.86,14.86,14.86,1,1.0
2024-09-30 04:00,14.67,14.67,14.67,1,1.0
2024-09-30 05:00,14.48,14.48,14.48,1,1.0
2024-09-30 06:00,14.3,14.3,14.3,1,1.0
2024-09-30 07:00,14.55,14.55,14.55,1,1.0
2024-09-30 08:00,15.75,15.75,15.75,1,1.0
2024-09-30 09:00,16.87,16.87,16.87,1,1.0
2024-09-30 10:00,17.92,17.92,17.92,1,1.0
2024-09-30 11:00,18.91,18.91,18.91,1,1.0
2024-09-30 12:00,19.67,19.67,19.67,1,1.0
2024-09-30 13:00,20.22,20.22,20.22,1,1.0
2024-09-30 14:00,20.4,20.4,20.4,1,1.0
2024-09-30 15:00,20.24,20.24,20.24,1,1.0
2024-09-30 16:00,19.87,19.87,19.87,1,1.0
2024-09-30 17:00,19.33,19.33,19.33,1,1.0
2024-09-30 18:00,18.6,18.6,18.6,1,1.0
2024-09-30 19:00,18.1,18.1,18.1,1,1.0
2024-09-30 20:00,17.82,17.82,17.82,1,1.0
2024-09-30 21:00,16.96,16.96,16.96,1,1.0
2024-09-30 22:00,16.47,16.47,16.47,1,1.0
2024-09-30 23:00,16.81,16.81,16.81,1,1.0
2024-10-01 00:00,17.65,17.65,17.65,1,1.0
2024-10-01 01:00,17.47,17.47,17.47,1,1.0
2024-10-01 02:00,17.18,17.18,17.18,1,1.0
2024-10-01 03:00,17.02,17.02,17.02,1,1.0
2024-10-01 04:00,16.89,16.89,16.89,1,1.0
2024-10-01 05:00,16.49,16.49,16.49,1,1.0
2024-10-01 06:00,16.0,16.0,16.0,1,1.0
2024-10-01 07:00,15.54,15.54,15.54,1,1.0
2024-10-01 08:00,17.5,17.5,17.5,1,1.0
2024-10-01 09:00,18.65,18.65,18.65,1,1.0
2024-10-01 10:00,19.49,19.49,19.49,1,1.0
2024-10-01 11:00,20.16,20.16,20.16,1,1.0
2024-10-01 12:00,20.57,20.57,20.57,1,1.0
2024-10-01 13:00,20.77,20.77,20.77,1,1.0
2024-10-01 14:00,20.7,20.7,20.7,1,1.0
2024-10-01 15:00,20.48,20.48,20.48,1,1.0
2024-10-01 16:00,20.06,20.06,20.06,1,1.0
2024-10-01 17:00,19.57,19.57,19.57,1,1.0
2024-10-01 18:00,18.83,18.83,18.83,1,1.0
2024-10-01 19:00,17.8,17.8,17.8,1,1.0
2024-10-01 20:00,18.38,18.38,18.38,1,1.0
2024-10-01 21:00,18.16,18.16,18.16,1,1.0
2024-10-01 22:00,17.87,17.87,17.87,1,1.0
2024-10-01 23:00,17.3,17.3,17.3,1,1.0
2024-10-02 00:00,16.7,16.7,16.7,1,1.0
2024-10-02 01:00,16.77,16.77,16.77,1,1.0
2024-10-02 02:00,16.12,16.12,16.12,1,1.0
2024-10-02 03:00,14.8,14.8,14.8,1,1.0
2024-10-02 04:00,13.9,13.9,13.9,1,1.0
2024-10-02 05:00,13.98,13.98,13.98,1,1.0
2024-10-02 06:00,14.62,14.62,14.62,1,1.0
2024-10-02 07:00,15.02,15.02,15.02,1,1.0
2024-10-02 08:00,16.4,16.4,16.4,1,1.0
2024-10-02 09:00,18.91,18.91,18.91,1,1.0
2024-10-02 10:00,20.08,20.08,20.08,1,1.0
2024-10-02 11:00,20.71,20.71,20.71,1,1.0
2024-10-02 12:00,21.09,21.09,21.09,1,1.0
2024-10-02 13:00,21.26,21.26,21.26,1,1.0
2024-10-02 14:00,21.18,21.18,21.18,1,1.0
2024-10-02 15:00,20.88,20.88,20.88,1,1.0
2024-10-02 16:00,20.6,20.6,20.6,1,1.0
2024-10-02 17:00,20.1,20.1,20.1,1,1.0
2024-10-02 18:00,19.38,19.38,19.38,1,1.0
2024-10-02 19:00,19.11,19.11,19.11,1,1.0
2024-10-02 20:00,19.2,19.2,19.2,1,1.0
2024-10-02 21:00,19.09,19.09,19.09,1,1.0
2024-10-02 22:00,18.87,18.87,18.87,1,1.0
2024-10-02 23:00,19.04,19.04,19.04,1,1.0
2024-10-03 00:00,19.37,19.37,19.37,1,1.0
2024-10-03 01:00,19.5,19.5,19.5,1,1.0
2024-10-03 02:00,19.65,19.65,19.65,1,1.0
2024-10-03 03:00,19.53,19.53,19.53,1,1.0
2024-10-03 04:00,19.21,19.21,19.21,1,1.0
2024-10-03 05:00,19.2,19.2,19.2,1,1.0
2024-10-03 06:00,19.24,19.24,19.24,1,1.0
2024-10-03 07:00,19.46,19.46,19.46,1,1.0
2024-10-03 08:00,19.85,19.85,19.85,1,1.0
2024-10-03 09:00,20.58,20.58,20.58,1,1.0
2024-10-03 10:00,21.2,21.2,21.2,1,1.0
2024-10-03 11:00,21.91,21.91,21.91,1,1.0
2024-10-03 12:00,22.55,22.55,22.55,1,1.0
2024-10-03 13:00,23.11,23.11,23.11,1,1.0
2024-10-03 14:00,22.59,22.59,22.59,1,1.0
2024-10-03 15:00,21.91,21.91,21.91,1,1.0
2024-10-03 16:00,21.52,21.52,21.52,1,1.0
2024-10-03 17:00,21.08,21.08,21.08,1,1.0
2024-10-03 18:00,20.55,20.55,20.55,1,1.0
2024-10-03 19:00,19.98,19.98,19.98,1,1.0
2024-10-03 20:00,21.91,21.91,21.91,1,1.0
2024-10-03 21:00,21.17,21.17,21.17,1,1.0
2024-10-03 22:00,20.23,20.23,20.23,1,1.0
2024-10-03 23:00,19.5,19.5,19.5,1,1.0
2024-10-04 00:00,19.34,19.34,19.34,1,1.0
2024-10-04 01:00,18.72,18.72,18.72,1,1.0
2024-10-04 02:00,18.71,18.71,18.71,1,1.0
2024-10-04 03:00,18.24,18.24,18.24,1,1.0
2024-10-04 04:00,18.0,18.0,18.0,1,1.0
2024-10-04 05:00,17.51,17.51,17.51,1,1.0
2024-10-04 06:00,17.65,17.65,17.65,1,1.0
2024-10-04 07:00,17.85,17.85,17.85,1,1.0
2024-10-04 08:00,18.19,18.19,18.19,1,1.0
2024-10-04 09:00,18.84,18.84,18.84,1,1.0
2024-10-04 10:00,19.15,19.15,19.15,1,1.0
2024-10-04 11:00,19.39,19.39,19.39,1,1.0
2024-10-04 12:00,19.51,19.51,19.51,1,1.0
2024-10-04 13:00,19.52,19.52,19.52,1,1.0
2024-10-04 14:00,19.54,19.54,19.54,1,1.0
2024-10-04 15:00,19.47,19.47,19.47,1,1.0
2024-10-04 16:00,19.04,19.04,19.04,1,1.0
2024-10-04 17:00,18.66,18.66,18.66,1,1.0
2024-10-04 18:00,18.16,18.16,18.16,1,1.0
2024-10-04 19:00,17.7,17.7,17.7,1,1.0
2024-10-04 20:00,17.81,17.81,17.81,1,1.0
2024-10-04 21:00,17.42,17.42,17.42,1,1.0
2024-10-04 22:00,16.99,16.99,16.99,1,1.0
2024-10-04 23:00,16.82,16.82,16.82,1,1.0
2024-10-05 00:00,16.4,16.4,16.4,1,1.0
2024-10-05 01:00,16.55,16.55,16.55,1,1.0
2024-10-05 02:00,16.3,16.3,16.3,1,1.0
2024-10-05 03:00,15.78,15.78,15.78,1,1.0
2024-10-05 04:00,15.56,15.56,15.56,1,1.0
2024-10-05 05:00,15.57,15.57,15.57,1,1.0
2024-10-05 06:00,15.62,15.62,15.62,1,1.0
2024-10-05 07:00,16.0,16.0,16.0,1,1.0
2024-10-05 08:00,16.06,16.06,16.06,1,1.0
2024-10-05 09:00,16.79,16.79,16.79,1,1.0
2024-10-05 10:00,17.35,17.35,17.35,1,1.0
2024-10-05 11:00,17.65,17.65,17.65,1,1.0
2024-10-05 12:00,17.47,17.47,17.47,1,1.0
2024-10-05 13:00,17.2,17.2,17.2,1,1.0
2024-10-05 14:00,16.97,16.97,16.97,1,1.0
2024-10-05 15:00,16.45,16.45,16.45,1,1.0
2024-10-05 16:00,16.27,16.27,16.27,1,1.0
2024-10-05 17:00,15.51,15.51,15.51,1,1.0
2024-10-05 18:00,15.16,15.16,15.16,1,1.0
2024-10-05 19:00,14.92,14.92,14.92,1,1.0
2024-10-05 20:00,15.39,15.39,15.39,1,1.0
2024-10-05 21:00,14.81,14.81,14.81,1,1.0
2024-10-05 22:00,14.62,14.62,14.62,1,1.0
2024-10-05 23:00,14.12,14.12,14.12,1,1.0
2024-10-06 00:00,13.69,13.69,13.69,1,1.0
2024-10-06 01:00,13.64,13.64,13.64,1,1.0
2024-10-06 02:00,14.0,14.0,14.0,1,1.0
2024-10-06 03:00,13.53,13.53,13.53,1,1.0
2024-10-06 04:00,13.43,13.43,13.43,1,1.0
2024-10-06 05:00,13.32,13.32,13.32,1,1.0
2024-10-06 06:00,13.49,13.49,13.49,1,1.0
2024-10-06 07:00,14.08,14.08,14.08,1,1.0
2024-10-06 08:00,16.33,16.33,16.33,1,1.0
2024-10-06 09:00,16.42,16.42,16.42,1,1.0
2024-10-06 10:00,17.49,17.49,17.49,1,1.0
2024-10-06 11:00,18.21,18.21,18.21,1,1.0
2024-10-06 12:00,18.7,18.7,18.7,1,1.0
2024-10-06 13:00,18.97,18.97,18.97,1,1.0
2024-10-06 14:00,19.0,19.0,19.0,1,1.0
2024-10-06 15:00,18.9,18.9,18.9,1,1.0
2024-10-06 16:00,18.61,18.61,18.61,1,1.0
2024-10-06 17:00,18.16,18.16,18.16,1,1.0
2024-10-06 18:00,17.59,17.59,17.59,1,1.0
2024-10-06 19:00,17.04,17.04,17.04,1,1.0
2024-10-06 20:00,16.47,16.47,16.47,1,1.0
2024-10-06 21:00,17.44,17.44,17.44,1,1.0
2024-10-06 22:00,17.27,17.27,17.27,1,1.0
2024-10-06 23:00,16.82,16.82,16.82,1,1.0
2024-10-07 00:00,16.22,16.22,16.22,1,1.0
2024-10-07 01:00,15.77,15.77,15.77,1,1.0
2024-10-07 02:00,15.94,15.94,15.94,1,1.0
2024-10-07 03:00,15.79,15.79,15.79,1,1.0
2024-10-07 04:00,15.93,15.93,15.93,1,1.0
2024-10-07 05:00,15.53,15.53,15.53,1,1.0
2024-10-07 06:00,15.07,15.07,15.07,1,1.0
2024-10-07 07:00,14.46,14.46,14.46,1,1.0
2024-10-07 08:00,16.74,16.74,16.74,1,1.0
2024-10-07 09:00,18.19,18.19,18.19,1,1.0
2024-10-07 10:00,19.14,19.14,19.14,1,1.0
2024-10-07 11:00,19.88,19.88,19.88,1,1.0
2024-10-07 12:00,20.44,20.44,20.44,1,1.0
2024-10-07 13:00,20.71,20.71,20.71,1,1.0
2024-10-07 14:00,20.79,20.79,20.79,1,1.0
2024-10-07 15:00,20.63,20.63,20.63,1,1.0
2024-10-07 16:00,20.33,20.33,20.33,1,1.0
2024-10-07 17:00,19.86,19.86,19.86,1,1.0
2024-10-07 18:00,19.15,19.15,19.15,1,1.0
2024-10-07 19:00,18.12,18.12,18.12,1,1.0
2024-10-07 20:00,17.35,17.35,17.35,1,1.0
2024-10-07 21:00,16.91,16.91,16.91,1,1.0
2024-10-07 22:00,16.38,16.38,16.38,1,1.0
2024-10-07 23:00,16.12,16.12,16.12,1,1.0
2024-10-08 00:00,15.91,15.91,15.91,1,1.0
2024-10-08 01:00,15.8,15.8,15.8,1,1.0
2024-10-08 02:00,15.76,15.76,15.76,1,1.0
2024-10-08 03:00,15.8,15.8,15.8,1,1.0
2024-10-08 04:00,15.86,15.86,15.86,1,1.0
2024-10-08 05:00,15.92,15.92,15.92,1,1.0
2024-10-08 06:00,15.94,15.94,15.94,1,1.0
2024-10-08 07:00,16.89,16.89,16.89,1,1.0
2024-10-08 08:00,18.62,18.62,18.62,1,1.0
2024-10-08 09:00,20.72,20.72,20.72,1,1.0
2024-10-08 10:00,21.95,21.95,21.95,1,1.0
2024-10-08 11:00,22.62,22.62,22.62,1,1.0
2024-10-08 12:00,23.02,23.02,23.02,1,1.0
2024-10-08 13:00,22.98,22.98,22.98,1,1.0
2024-10-08 14:00,22.71,22.71,22.71,1,1.0
2024-10-08 15:00,22.45,22.45,22.45,1,1.0
2024-10-08 16:00,21.95,21.95,21.95,1,1.0
2024-10-08 17:00,21.29,21.29,21.29,1,1.0
2024-10-08 18:00,20.76,20.76,20.76,1,1.0
2024-10-08 19:00,20.2,20.2,20.2,1,1.0
2024-10-08 20:00,19.4,19.4,19.4,1,1.0
2024-10-08 21:00,18.59,18.59,18.59,1,1.0
2024-10-08 22:00,18.44,18.44,18.44,1,1.0
2024-10-08 23:00,18.38,18.38,18.38,1,1.0
2024-10-09 00:00,18.13,18.13,18.13,1,1.0
2024-10-09 01:00,17.96,17.96,17.96,1,1.0
2024-10-09 02:00,17.74,17.74,17.74,1,1.0
2024-10-09 03:00,17.43,17.43,17.43,1,1.0
2024-10-09 04:00,17.66,17.66,17.66,1,1.0
2024-10-09 05:00,17.76,17.76,17.76,1,1.0
2024-10-09 06:00,18.01,18.01,18.01,1,1.0
2024-10-09 07:00,18.51,18.51,18.51,1,1.0
2024-10-09 08:00,18.22,18.22,18.22,1,1.0
2024-10-09 09:00,18.61,18.61,18.61,1,1.0
2024-10-09 10:00,19.86,19.86,19.86,1,1.0
2024-10-09 11:00,20.74,20.74,20.74,1,1.0
2024-10-09 12:00,21.31,21.31,21.31,1,1.0
2024-10-09 13:00,21.58,21.58,21.58,1,1.0
2024-10-09 14:00,21.49,21.49,21.49,1,1.0
2024-10-09 15:00,21.24,21.24,21.24,1,1.0
2024-10-09 16:00,20.83,20.83,20.83,1,1.0
2024-10-09 17:00,20.3,20.3,20.3,1,1.0
2024-10-09 18:00,19.7,19.7,19.7,1,1.0
2024-10-09 19:00,19.29,19.29,19.29,1,1.0
2024-10-09 20:00,19.16,19.16,19.16,1,1.0
2024-10-09 21:00,18.92,18.92,18.92,1,1.0
2024-10-09 22:00,18.7,18.7,18.7,1,1.0
2024-10-09 23:00,18.67,18.67,18.67,1,1.0
2024-10-10 00:00,18.78,18.78,18.78,1,1.0
2024-10-10 01:00,18.87,18.87,18.87,1,1.0
2024-10-10 02:00,18.77,18.77,18.77,1,1.0
2024-10-10 03:00,18.71,18.71,18.71,1,1.0
2024-10-10 04:00,18.65,18.65,18.65,1,1.0
2024-10-10 05:00,18.37,18.37,18.37,1,1.0
2024-10-10 06:00,18.13,18.13,18.13,1,1.0
2024-10-10 07:00,18.07,18.07,18.07,1,1.0
2024-10-10 08:00,18.38,18.38,18.38,1,1.0
2024-10-10 09:00,19.25,19.25,19.25,1,1.0
2024-10-10 10:00,20.3,20.3,20.3,1,1.0
2024-10-10 11:00,21.26,21.26,21.26,1,1.0
2024-10-10 12:00,22.02,22.02,22.02,1,1.0
2024-10-10 13:00,22.49,22.49,22.49,1,1.0
2024-10-10 14:00,22.61,22.61,22.61,1,1.0
2024-10-10 15:00,22.5,22.5,22.5,1,1.0
2024-10-10 16:00,22.07,22.07,22.07,1,1.0
2024-10-10 17:00,21.6,21.6,21.6,1,1.0
2024-10-10 18:00,21.23,21.23,21.23,1,1.0
2024-10-10 19:00,20.95,20.95,20.95,1,1.0
2024-10-10 20:00,20.09,20.09,20.09,1,1.0
2024-10-10 21:00,19.62,19.62,19.62,1,1.0
2024-10-10 22:00,19.31,19.31,19.31,1,1.0
2024-10-10 23:00,19.19,19.19,19.19,1,1.0
2024-10-11 00:00,19.31,19.31,19.31,1,1.0
2024-10-11 01:00,19.09,19.09,19.09,1,1.0
2024-10-11 02:00,18.93,18.93,18.93,1,1.0
2024-10-11 03:00,18.52,18.52,18.52,1,1.0
2024-10-11 04:00,17.91,17.91,17.91,1,1.0
2024-10-11 05:00,17.16,17.16,17.16,1,1.0
2024-10-11 06:00,16.56,16.56,16.56,1,1.0
2024-10-11 07:00,17.02,17.02,17.02,1,1.0
2024-10-11 08:00,18.02,18.02,18.02,1,1.0
2024-10-11 09:00,18.93,18.93,18.93,1,1.0
2024-10-11 10:00,19.68,19.68,19.68,1,1.0
2024-10-11 11:00,20.01,20.01,20.01,1,1.0
2024-10-11 12:00,20.21,20.21,20.21,1,1.0
2024-10-11 13:00,20.05,20.05,20.05,1,1.0
2024-10-11 14:00,19.91,19.91,19.91,1,1.0
2024-10-11 15:00,19.7,19.7,19.7,1,1.0
2024-10-11 16:00,19.38,19.38,19.38,1,1.0
2024-10-11 17:00,18.94,18.94,18.94,1,1.0
2024-10-11 18:00,18.48,18.48,18.48,1,1.0
2024-10-11 19:00,17.92,17.92,17.92,1,1.0
2024-10-11 20:00,17.6,17.6,17.6,1,1.0
2024-10-11 21:00,18.47,18.47,18.47,1,1.0
2024-10-11 22:00,18.26,18.26,18.26,1,1.0
2024-10-11 23:00,18.02,18.02,18.02,1,1.0
2024-10-12 00:00,17.77,17.77,17.77,1,1.0
2024-10-12 01:00,17.52,17.52,17.52,1,1.0
2024-10-12 02:00,16.86,16.86,16.86,1,1.0
2024-10-12 03:00,16.12,16.12,16.12,1,1.0
2024-10-12 04:00,15.21,15.21,15.21,1,1.0
2024-10-12 05:00,14.08,14.08,14.08,1,1.0
2024-10-12 06:00,14.09,14.09,14.09,1,1.0
2024-10-12 07:00,14.71,14.71,14.71,1,1.0
2024-10-12 08:00,15.82,15.82,15.82,1,1.0
2024-10-12 09:00,17.52,17.52,17.52,1,1.0
2024-10-12 10:00,19.09,19.09,19.09,1,1.0
2024-10-12 11:00,20.21,20.21,20.21,1,1.0
2024-10-12 12:00,20.84,20.84,20.84,1,1.0
2024-10-12 13:00,21.05,21.05,21.05,1,1.0
2024-10-12 14:00,20.99,20.99,20.99,1,1.0
2024-10-12 15:00,20.72,20.72,20.72,1,1.0
2024-10-12 16:00,20.32,20.32,20.32,1,1.0
2024-10-12 17:00,19.61,19.61,19.61,1,1.0
2024-10-12 18:00,18.87,18.87,18.87,1,1.0
2024-10-12 19:00,17.84,17.84,17.84,1,1.0
2024-10-12 20:00,17.02,17.02,17.02,1,1.0
2024-10-12 21:00,16.87,16.87,16.87,1,1.0
2024-10-12 22:00,17.88,17.88,17.88,1,1.0
2024-10-12 23:00,17.71,17.71,17.71,1,1.0
2024-10-13 00:00,17.37,17.37,17.37,1,1.0
2024-10-13 01:00,17.19,17.19,17.19,1,1.0
2024-10-13 02:00,16.78,16.78,16.78,1,1.0
2024-10-13 03:00,16.6,16.6,16.6,1,1.0
2024-10-13 04:00,16.44,16.44,16.44,1,1.0
2024-10-13 05:00,16.03,16.03,16.03,1,1.0
2024-10-13 06:00,15.45,15.45,15.45,1,1.0
2024-10-13 07:00,15.47,15.47,15.47,1,1.0
2024-10-13 08:00,16.81,16.81,16.81,1,1.0
2024-10-13 09:00,17.6,17.6,17.6,1,1.0
2024-10-13 10:00,18.61,18.61,18.61,1,1.0
2024-10-13 11:00,19.27,19.27,19.27,1,1.0
2024-10-13 12:00,19.73,19.73,19.73,1,1.0
2024-10-13 13:00,19.94,19.94,19.94,1,1.0
2024-10-13 14:00,19.93,19.93,19.93,1,1.0
2024-10-13 15:00,19.72,19.72,19.72,1,1.0
2024-10-13 16:00,19.32,19.32,19.32,1,1.0
2024-10-13 17:00,18.76,18.76,18.76,1,1.0
2024-10-13 18:00,18.05,18.05,18.05,1,1.0
2024-10-13 19:00,16.98,16.98,16.98,1,1.0
2024-10-13 20:00,18.09,18.09,18.09,1,1.0
2024-10-13 21:00,17.91,17.91,17.91,1,1.0
2024-10-13 22:00,17.46,17.46,17.46,1,1.0
2024-10-13 23:00,17.03,17.03,17.03,1,1.0
2024-10-14 00:00,16.36,16.36,16.36,1,1.0
2024-10-14 01:00,15.38,15.38,15.38,1,1.0
2024-10-14 02:00,14.66,14.66,14.66,1,1.0
2024-10-14 03:00,14.41,14.41,14.41,1,1.0
2024-10-14 04:00,13.89,13.89,13.89,1,1.0
2024-10-14 05:00,13.25,13.25,13.25,1,1.0
2024-10-14 06:00,13.01,13.01,13.01,1,1.0
2024-10-14 07:00,14.23,14.23,14.23,1,1.0
2024-10-14 08:00,14.58,14.58,14.58,1,1.0
2024-10-14 09:00,16.59,16.59,16.59,1,1.0
2024-10-14 10:00,18.96,18.96,18.96,1,1.0
2024-10-14 11:00,20.38,20.38,20.38,1,1.0
2024-10-14 12:00,21.22,21.22,21.22,1,1.0
2024-10-14 13:00,21.68,21.68,21.68,1,1.0
2024-10-14 14:00,21.68,21.68,21.68,1,1.0
2024-10-14 15:00,21.3,21.3,21.3,1,1.0
2024-10-14 16:00,20.66,20.66,20.66,1,1.0
2024-10-14 17:00,19.88,19.88,19.88,1,1.0
2024-10-14 18:00,19.14,19.14,19.14,1,1.0
2024-10-14 19:00,18.52,18.52,18.52,1,1.0
2024-10-14 20:00,18.51,18.51,18.51,1,1.0
2024-10-14 21:00,18.52,18.52,18.52,1,1.0
2024-10-14 22:00,18.3,18.3,18.3,1,1.0
2024-10-14 23:00,17.14,17.14,17.14,1,1.0
2024-10-15 00:00,16.72,16.72,16.72,1,1.0
2024-10-15 01:00,16.86,16.86,16.86,1,1.0
2024-10-15 02:00,15.24,15.24,15.24,1,1.0
2024-10-15 03:00,14.44,14.44,14.44,1,1.0
2024-10-15 04:00,14.45,14.45,14.45,1,1.0
2024-10-15 05:00,14.8,14.8,14.8,1,1.0
2024-10-15 06:00,14.73,14.73,14.73,1,1.0
2024-10-15 07:00,14.88,14.88,14.88,1,1.0
2024-10-15 08:00,16.75,16.75,16.75,1,1.0
2024-10-15 09:00,19.13,19.13,19.13,1,1.0
2024-10-15 10:00,20.79,20.79,20.79,1,1.0
2024-10-15 11:00,21.85,21.85,21.85,1,1.0
2024-10-15 12:00,22.51,22.51,22.51,1,1.0
2024-10-15 13:00,22.74,22.74,22.74,1,1.0
2024-10-15 14:00,22.71,22.71,22.71,1,1.0
2024-10-15 15:00,22.5,22.5,22.5,1,1.0
2024-10-15 16:00,21.98,21.98,21.98,1,1.0
2024-10-15 17:00,21.08,21.08,21.08,1,1.0
2024-10-15 18:00,20.17,20.17,20.17,1,1.0
2024-10-15 19:00,19.52,19.52,19.52,1,1.0
2024-10-15 20:00,19.73,19.73,19.73,1,1.0
2024-10-15 21:00,18.62,18.62,18.62,1,1.0
2024-10-15 22:00,18.43,18.43,18.43,1,1.0
2024-10-15 23:00,17.74,17.74,17.74,1,1.0
2024-10-16 00:00,17.05,17.05,17.05,1,1.0
2024-10-16 01:00,16.71,16.71,16.71,1,1.0
2024-10-16 02:00,16.52,16.52,16.52,1,1.0
2024-10-16 03:00,16.04,16.04,16.04,1,1.0
2024-10-16 04:00,16.04,16.04,16.04,1,1.0
2024-10-16 05:00,16.06,16.06,16.06,1,1.0
2024-10-16 06:00,16.04,16.04,16.04,1,1.0
2024-10-16 07:00,16.44,16.44,16.44,1,1.0
2024-10-16 08:00,19.14,19.14,19.14,1,1.0
2024-10-16 09:00,21.36,21.36,21.36,1,1.0
2024-10-16 10:00,22.83,22.83,22.83,1,1.0
2024-10-16 11:00,23.6,23.6,23.6,1,1.0
2024-10-16 12:00,23.8,23.8,23.8,1,1.0
2024-10-16 13:00,23.79,23.79,23.79,1,1.0
2024-10-16 14:00,23.57,23.57,23.57,1,1.0
2024-10-16 15:00,23.14,23.14,23.14,1,1.0
2024-10-16 16:00,22.63,22.63,22.63,1,1.0
2024-10-16 17:00,22.13,22.13,22.13,1,1.0
2024-10-16 18:00,21.38,21.38,21.38,1,1.0
2024-10-16 19:00,20.84,20.84,20.84,1,1.0
2024-10-16 20:00,21.08,21.08,21.08,1,1.0
2024-10-16 21:00,20.83,20.83,20.83,1,1.0
2024-10-16 22:00,20.67,20.67,20.67,1,1.0
2024-10-16 23:00,20.31,20.31,20.31,1,1.0
2024-10-17 00:00,19.34,19.34,19.34,1,1.0
2024-10-17 01:00,19.82,19.82,19.82,1,1.0
2024-10-17 02:00,20.3,20.3,20.3,1,1.0
2024-10-17 03:00,20.17,20.17,20.17,1,1.0
2024-10-17 04:00,19.88,19.88,19.88,1,1.0
2024-10-17 05:00,19.2,19.2,19.2,1,1.0
2024-10-17 06:00,18.86,18.86,18.86,1,1.0
2024-10-17 07:00,19.06,19.06,19.06,1,1.0
2024-10-17 08:00,21.54,21.54,21.54,1,1.0
2024-10-17 09:00,23.21,23.21,23.21,1,1.0
2024-10-17 10:00,24.08,24.08,24.08,1,1.0
2024-10-17 11:00,24.18,24.18,24.18,1,1.0
2024-10-17 12:00,24.18,24.18,24.18,1,1.0
2024-10-17 13:00,24.25,24.25,24.25,1,1.0
2024-10-17 14:00,24.02,24.02,24.02,1,1.0
2024-10-17 15:00,23.47,23.47,23.47,1,1.0
2024-10-17 16:00,22.92,22.92,22.92,1,1.0
2024-10-17 17:00,22.1,22.1,22.1,1,1.0
2024-10-17 18:00,20.94,20.94,20.94,1,1.0
2024-10-17 19:00,20.41,20.41,20.41,1,1.0
2024-10-17 20:00,20.68,20.68,20.68,1,1.0
2024-10-17 21:00,20.61,20.61,20.61,1,1.0
2024-10-17 22:00,20.83,20.83,20.83,1,1.0
2024-10-17 23:00,20.95,20.95,20.95,1,1.0
2024-10-18 00:00,20.66,20.66,20.66,1,1.0
2024-10-18 01:00,20.35,20.35,20.35,1,1.0
2024-10-18 02:00,19.98,19.98,19.98,1,1.0
2024-10-18 03:00,19.83,19.83,19.83,1,1.0
2024-10-18 04:00,19.7,19.7,19.7,1,1.0
2024-10-18 05:00,19.67,19.67,19.67,1,1.0
2024-10-18 06:00,19.52,19.52,19.52,1,1.0
2024-10-18 07:00,18.96,18.96,18.96,1,1.0
2024-10-18 08:00,18.45,18.45,18.45,1,1.0
2024-10-18 09:00,18.58,18.58,18.58,1,1.0
2024-10-18 10:00,18.76,18.76,18.76,1,1.0
2024-10-18 11:00,19.02,19.02,19.02,1,1.0
2024-10-18 12:00,19.23,19.23,19.23,1,1.0
2024-10-18 13:00,19.43,19.43,19.43,1,1.0
2024-10-18 14:00,19.48,19.48,19.48,1,1.0
2024-10-18 15:00,19.47,19.47,19.47,1,1.0
2024-10-18 16:00,19.25,19.25,19.25,1,1.0
2024-10-18 17:00,18.89,18.89,18.89,1,1.0
2024-10-18 18:00,18.67,18.67,18.67,1,1.0
2024-10-18 19:00,18.65,18.65,18.65,1,1.0
2024-10-18 20:00,18.32,18.32,18.32,1,1.0
2024-10-18 21:00,18.24,18.24,18.24,1,1.0
2024-10-18 22:00,17.99,17.99,17.99,1,1.0
2024-10-18 23:00,18.05,18.05,18.05,1,1.0
2024-10-19 00:00,18.02,18.02,18.02,1,1.0
2024-10-19 01:00,18.25,18.25,18.25,1,1.0
2024-10-19 02:00,18.2,18.2,18.2,1,1.0
2024-10-19 03:00,17.85,17.85,17.85,1,1.0
2024-10-19 04:00,17.75,17.75,17.75,1,1.0
2024-10-19 05:00,17.58,17.58,17.58,1,1.0
2024-10-19 06:00,17.45,17.45,17.45,1,1.0
2024-10-19 07:00,17.47,17.47,17.47,1,1.0
2024-10-19 08:00,17.61,17.61,17.61,1,1.0
2024-10-19 09:00,18.02,18.02,18.02,1,1.0
2024-10-19 10:00,18.37,18.37,18.37,1,1.0
2024-10-19 11:00,18.53,18.53,18.53,1,1.0
2024-10-19 12:00,18.68,18.68,18.68,1,1.0
2024-10-19 13:00,18.54,18.54,18.54,1,1.0
2024-10-19 14:00,18.37,18.37,18.37,1,1.0
2024-10-19 15:00,18.5,18.5,18.5,1,1.0
2024-10-19 16:00,18.52,18.52,18.52,1,1.0
2024-10-19 17:00,18.32,18.32,18.32,1,1.0
2024-10-19 18:00,18.19,18.19,18.19,1,1.0
2024-10-19 19:00,18.01,18.01,18.01,1,1.0
2024-10-19 20:00,18.18,18.18,18.18,1,1.0
2024-10-19 21:00,18.2,18.2,18.2,1,1.0
2024-10-19 22:00,18.11,18.11,18.11,1,1.0
2024-10-19 23:00,17.93,17.93,17.93,1,1.0
2024-10-20 00:00,17.8,17.8,17.8,1,1.0
2024-10-20 01:00,17.75,17.75,17.75,1,1.0
2024-10-20 02:00,17.92,17.92,17.92,1,1.0
2024-10-20 03:00,17.92,17.92,17.92,1,1.0
2024-10-20 04:00,17.95,17.95,17.95,1,1.0
2024-10-20 05:00,17.63,17.63,17.63,1,1.0
2024-10-20 06:00,17.76,17.76,17.76,1,1.0
2024-10-20 07:00,18.08,18.08,18.08,1,1.0
2024-10-20 08:00,18.62,18.62,18.62,1,1.0
2024-10-20 09:00,19.61,19.61,19.61,1,1.0
2024-10-20 10:00,20.12,20.12,20.12,1,1.0
2024-10-20 11:00,20.82,20.82,20.82,1,1.0
2024-10-20 12:00,20.93,20.93,20.93,1,1.0
2024-10-20 13:00,20.96,20.96,20.96,1,1.0
2024-10-20 14:00,21.07,21.07,21.07,1,1.0
2024-10-20 15:00,21.25,21.25,21.25,1,1.0
2024-10-20 16:00,20.94,20.94,20.94,1,1.0
2024-10-20 17:00,20.41,20.41,20.41,1,1.0
2024-10-20 18:00,19.57,19.57,19.57,1,1.0
2024-10-20 19:00,18.93,18.93,18.93,1,1.0
2024-10-20 20:00,18.69,18.69,18.69,1,1.0
2024-10-20 21:00,18.49,18.49,18.49,1,1.0
2024-10-20 22:00,18.36,18.36,18.36,1,1.0
2024-10-20 23:00,18.54,18.54,18.54,1,1.0
2024-10-21 00:00,18.75,18.75,18.75,1,1.0
2024-10-21 01:00,18.62,18.62,18.62,1,1.0
2024-10-21 02:00,18.6,18.6,18.6,1,1.0
2024-10-21 03:00,18.46,18.46,18.46,1,1.0
2024-10-21 04:00,18.35,18.35,18.35,1,1.0
2024-10-21 05:00,18.36,18.36,18.36,1,1.0
2024-10-21 06:00,18.32,18.32,18.32,1,1.0
2024-10-21 07:00,18.46,18.46,18.46,1,1.0
2024-10-21 08:00,19.39,19.39,19.39,1,1.0
2024-10-21 09:00,20.16,20.16,20.16,1,1.0
2024-10-21 10:00,21.18,21.18,21.18,1,1.0
2024-10-21 11:00,22.09,22.09,22.09,1,1.0
2024-10-21 12:00,22.66,22.66,22.66,1,1.0
2024-10-21 13:00,23.39,23.39,23.39,1,1.0
2024-10-21 14:00,23.58,23.58,23.58,1,1.0
2024-10-21 15:00,23.85,23.85,23.85,1,1.0
2024-10-21 16:00,23.53,23.53,23.53,1,1.0
2024-10-21 17:00,22.69,22.69,22.69,1,1.0
2024-10-21 18:00,21.43,21.43,21.43,1,1.0
2024-10-21 19:00,20.2,20.2,20.2,1,1.0
2024-10-21 20:00,19.78,19.78,19.78,1,1.0
2024-10-21 21:00,19.61,19.61,19.61,1,1.0
2024-10-21 22:00,19.33,19.33,19.33,1,1.0
2024-10-21 23:00,19.14,19.14,19.14,1,1.0
2024-10-22 00:00,19.07,19.07,19.07,1,1.0
2024-10-22 01:00,19.0,19.0,19.0,1,1.0
2024-10-22 02:00,18.85,18.85,18.85,1,1.0
2024-10-22 03:00,18.65,18.65,18.65,1,1.0
2024-10-22 04:00,18.57,18.57,18.57,1,1.0
2024-10-22 05:00,18.33,18.33,18.33,1,1.0
2024-10-22 06:00,18.2,18.2,18.2,1,1.0
2024-10-22 07:00,18.17,18.17,18.17,1,1.0
2024-10-22 08:00,18.56,18.56,18.56,1,1.0
2024-10-22 09:00,19.59,19.59,19.59,1,1.0
2024-10-22 10:00,20.47,20.47,20.47,1,1.0
2024-10-22 11:00,21.52,21.52,21.52,1,1.0
2024-10-22 12:00,22.08,22.08,22.08,1,1.0
2024-10-22 13:00,22.27,22.27,22.27,1,1.0
2024-10-22 14:00,22.2,22.2,22.2,1,1.0
2024-10-22 15:00,21.05,21.05,21.05,1,1.0
2024-10-22 16:00,20.3,20.3,20.3,1,1.0
2024-10-22 17:00,19.93,19.93,19.93,1,1.0
2024-10-22 18:00,19.36,19.36,19.36,1,1.0
2024-10-22 19:00,18.6,18.6,18.6,1,1.0
2024-10-22 20:00,18.47,18.47,18.47,1,1.0
2024-10-22 21:00,18.3,18.3,18.3,1,1.0
2024-10-22 22:00,18.03,18.03,18.03,1,1.0
2024-10-22 23:00,17.63,17.63,17.63,1,1.0
2024-10-23 00:00,17.25,17.25,17.25,1,1.0
2024-10-23 01:00,16.87,16.87,16.87,1,1.0
2024-10-23 02:00,16.7,16.7,16.7,1,1.0
2024-10-23 03:00,16.53,16.53,16.53,1,1.0
2024-10-23 04:00,16.23,16.23,16.23,1,1.0
2024-10-23 05:00,15.88,15.88,15.88,1,1.0
2024-10-23 06:00,16.42,16.42,16.42,1,1.0
2024-10-23 07:00,16.38,16.38,16.38,1,1.0
2024-10-23 08:00,17.66,17.66,17.66,1,1.0
2024-10-23 09:00,19.2,19.2,19.2,1,1.0
2024-10-23 10:00,20.56,20.56,20.56,1,1.0
2024-10-23 11:00,21.7,21.7,21.7,1,1.0
2024-10-23 12:00,22.45,22.45,22.45,1,1.0
2024-10-23 13:00,22.73,22.73,22.73,1,1.0
2024-10-23 14:00,22.72,22.72,22.72,1,1.0
2024-10-23 15:00,22.56,22.56,22.56,1,1.0
2024-10-23 16:00,21.96,21.96,21.96,1,1.0
2024-10-23 17:00,21.2,21.2,21.2,1,1.0
2024-10-23 18:00,20.47,20.47,20.47,1,1.0
2024-10-23 19:00,20.4,20.4,20.4,1,1.0
2024-10-23 20:00,20.51,20.51,20.51,1,1.0
2024-10-23 21:00,19.94,19.94,19.94,1,1.0
2024-10-23 22:00,19.22,19.22,19.22,1,1.0
2024-10-23 23:00,19.04,19.04,19.04,1,1.0
2024-10-24 00:00,19.14,19.14,19.14,1,1.0
2024-10-24 01:00,18.07,18.07,18.07,1,1.0
2024-10-24 02:00,17.9,17.9,17.9,1,1.0
2024-10-24 03:00,17.71,17.71,17.71,1,1.0
2024-10-24 04:00,17.6,17.6,17.6,1,1.0
2024-10-24 05:00,17.6,17.6,17.6,1,1.0
2024-10-24 06:00,17.78,17.78,17.78,1,1.0
2024-10-24 07:00,17.44,17.44,17.44,1,1.0
2024-10-24 08:00,18.27,18.27,18.27,1,1.0
2024-10-24 09:00,19.63,19.63,19.63,1,1.0
2024-10-24 10:00,19.9,19.9,19.9,1,1.0
2024-10-24 11:00,20.91,20.91,20.91,1,1.0
2024-10-24 12:00,21.34,21.34,21.34,1,1.0
2024-10-24 13:00,21.38,21.38,21.38,1,1.0
2024-10-24 14:00,21.47,21.47,21.47,1,1.0
2024-10-24 15:00,21.25,21.25,21.25,1,1.0
2024-10-24 16:00,20.93,20.93,20.93,1,1.0
2024-10-24 17:00,20.28,20.28,20.28,1,1.0
2024-10-24 18:00,19.28,19.28,19.28,1,1.0
2024-10-24 19:00,18.55,18.55,18.55,1,1.0
2024-10-24 20:00,18.99,18.99,18.99,1,1.0
2024-10-24 21:00,18.71,18.71,18.71,1,1.0
2024-10-24 22:00,17.74,17.74,17.74,1,1.0
2024-10-24 23:00,17.19,17.19,17.19,1,1.0
2024-10-25 00:00,16.61,16.61,16.61,1,1.0
2024-10-25 01:00,16.4,16.4,16.4,1,1.0
2024-10-25 02:00,15.47,15.47,15.47,1,1.0
2024-10-25 03:00,15.82,15.82,15.82,1,1.0
2024-10-25 04:00,15.96,15.96,15.96,1,1.0
2024-10-25 05:00,15.88,15.88,15.88,1,1.0
2024-10-25 06:00,15.55,15.55,15.55,1,1.0
2024-10-25 07:00,15.55,15.55,15.55,1,1.0
2024-10-25 08:00,17.08,17.08,17.08,1,1.0
2024-10-25 09:00,18.54,18.54,18.54,1,1.0
2024-10-25 10:00,19.68,19.68,19.68,1,1.0
2024-10-25 11:00,20.86,20.86,20.86,1,1.0
2024-10-25 12:00,21.65,21.65,21.65,1,1.0
2024-10-25 13:00,21.85,21.85,21.85,1,1.0
2024-10-25 14:00,21.75,21.75,21.75,1,1.0
2024-10-25 15:00,21.43,21.43,21.43,1,1.0
2024-10-25 16:00,20.81,20.81,20.81,1,1.0
2024-10-25 17:00,20.32,20.32,20.32,1,1.0
2024-10-25 18:00,19.5,19.5,19.5,1,1.0
2024-10-25 19:00,19.74,19.74,19.74,1,1.0
2024-10-25 20:00,19.81,19.81,19.81,1,1.0
2024-10-25 21:00,19.57,19.57,19.57,1,1.0
2024-10-25 22:00,19.34,19.34,19.34,1,1.0
2024-10-25 23:00,18.19,18.19,18.19,1,1.0
2024-10-26 00:00,17.48,17.48,17.48,1,1.0
2024-10-26 01:00,16.69,16.69,16.69,1,1.0
2024-10-26 02:00,16.02,16.02,16.02,1,1.0
2024-10-26 03:00,15.79,15.79,15.79,1,1.0
2024-10-26 04:00,15.62,15.62,15.62,1,1.0
2024-10-26 05:00,15.44,15.44,15.44,1,1.0
2024-10-26 06:00,15.28,15.28,15.28,1,1.0
2024-10-26 07:00,15.32,15.32,15.32,1,1.0
2024-10-26 08:00,17.03,17.03,17.03,1,1.0
2024-10-26 09:00,18.7,18.7,18.7,1,1.0
2024-10-26 10:00,20.09,20.09,20.09,1,1.0
2024-10-26 11:00,21.11,21.11,21.11,1,1.0
2024-10-26 12:00,21.6,21.6,21.6,1,1.0
2024-10-26 13:00,21.71,21.71,21.71,1,1.0
2024-10-26 14:00,21.64,21.64,21.64,1,1.0
2024-10-26 15:00,21.24,21.24,21.24,1,1.0
2024-10-26 16:00,20.52,20.52,20.52,1,1.0
2024-10-26 17:00,19.84,19.84,19.84,1,1.0
2024-10-26 18:00,19.18,19.18,19.18,1,1.0
2024-10-26 19:00,18.4,18.4,18.4,1,1.0
2024-10-26 20:00,17.96,17.96,17.96,1,1.0
2024-10-26 21:00,17.65,17.65,17.65,1,1.0
2024-10-26 22:00,17.31,17.31,17.31,1,1.0
2024-10-26 23:00,17.2,17.2,17.2,1,1.0
2024-10-27 00:00,17.41,17.41,17.41,1,1.0
2024-10-27 01:00,17.64,17.64,17.64,1,1.0
2024-10-27 02:00,17.55,17.55,17.55,1,1.0
2024-10-27 03:00,17.42,17.42,17.42,1,1.0
2024-10-27 04:00,17.29,17.29,17.29,1,1.0
2024-10-27 05:00,17.02,17.02,17.02,1,1.0
2024-10-27 06:00,16.7,16.7,16.7,1,1.0
2024-10-27 07:00,16.74,16.74,16.74,1,1.0
2024-10-27 08:00,17.22,17.22,17.22,1,1.0
2024-10-27 09:00,17.85,17.85,17.85,1,1.0
2024-10-27 10:00,19.11,19.11,19.11,1,1.0
2024-10-27 11:00,19.96,19.96,19.96,1,1.0
2024-10-27 12:00,20.49,20.49,20.49,1,1.0
2024-10-27 13:00,20.72,20.72,20.72,1,1.0
2024-10-27 14:00,20.65,20.65,20.65,1,1.0
2024-10-27 15:00,20.37,20.37,20.37,1,1.0
2024-10-27 16:00,19.93,19.93,19.93,1,1.0
2024-10-27 17:00,19.01,19.01,19.01,1,1.0
2024-10-27 18:00,19.19,19.19,19.19,1,1.0
2024-10-27 19:00,18.89,18.89,18.89,1,1.0
2024-10-27 20:00,18.94,18.94,18.94,1,1.0
2024-10-27 21:00,16.65,16.65,16.65,1,1.0
2024-10-27 22:00,15.75,15.75,15.75,1,1.0
2024-10-27 23:00,15.33,15.33,15.33,1,1.0
2024-10-28 00:00,15.06,15.06,15.06,1,1.0
2024-10-28 01:00,14.79,14.79,14.79,1,1.0
2024-10-28 02:00,14.83,14.83,14.83,1,1.0
2024-10-28 03:00,14.81,14.81,14.81,1,1.0
2024-10-28 04:00,14.48,14.48,14.48,1,1.0
2024-10-28 05:00,13.91,13.91,13.91,1,1.0
2024-10-28 06:00,14.56,14.56,14.56,1,1.0
2024-10-28 07:00,15.41,15.41,15.41,1,1.0
2024-10-28 08:00,17.15,17.15,17.15,1,1.0
2024-10-28 09:00,18.67,18.67,18.67,1,1.0
2024-10-28 10:00,20.01,20.01,20.01,1,1.0
2024-10-28 11:00,20.82,20.82,20.82,1,1.0
2024-10-28 12:00,21.45,21.45,21.45,1,1.0
2024-10-28 13:00,21.86,21.86,21.86,1,1.0
2024-10-28 14:00,21.97,21.97,21.97,1,1.0
2024-10-28 15:00,21.8,21.8,21.8,1,1.0
2024-10-28 16:00,21.27,21.27,21.27,1,1.0
2024-10-28 17:00,20.43,20.43,20.43,1,1.0
2024-10-28 18:00,19.38,19.38,19.38,1,1.0
2024-10-28 19:00,18.95,18.95,18.95,1,1.0
2024-10-28 20:00,18.86,18.86,18.86,1,1.0
2024-10-28 21:00,18.18,18.18,18.18,1,1.0
2024-10-28 22:00,17.07,17.07,17.07,1,1.0
2024-10-28 23:00,15.96,15.96,15.96,1,1.0
2024-10-29 00:00,15.83,15.83,15.83,1,1.0
2024-10-29 01:00,16.6,16.6,16.6,1,1.0
2024-10-29 02:00,16.7,16.7,16.7,1,1.0
2024-10-29 03:00,16.76,16.76,16.76,1,1.0
2024-10-29 04:00,16.35,16.35,16.35,1,1.0
2024-10-29 05:00,16.13,16.13,16.13,1,1.0
2024-10-29 06:00,15.75,15.75,15.75,1,1.0
2024-10-29 07:00,15.35,15.35,15.35,1,1.0
2024-10-29 08:00,15.67,15.67,15.67,1,1.0
2024-10-29 09:00,16.92,16.92,16.92,1,1.0
2024-10-29 10:00,18.84,18.84,18.84,1,1.0
2024-10-29 11:00,20.25,20.25,20.25,1,1.0
2024-10-29 12:00,21.03,21.03,21.03,1,1.0
2024-10-29 13:00,21.41,21.41,21.41,1,1.0
2024-10-29 14:00,21.51,21.51,21.51,1,1.0
2024-10-29 15:00,21.29,21.29,21.29,1,1.0
2024-10-29 16:00,20.74,20.74,20.74,1,1.0
2024-10-29 17:00,19.96,19.96,19.96,1,1.0
2024-10-29 18:00,19.28,19.28,19.28,1,1.0
2024-10-29 19:00,18.31,18.31,18.31,1,1.0
2024-10-29 20:00,18.2,18.2,18.2,1,1.0
2024-10-29 21:00,18.43,18.43,18.43,1,1.0
2024-10-29 22:00,17.12,17.12,17.12,1,1.0
2024-10-29 23:00,15.83,15.83,15.83,1,1.0
2024-10-30 00:00,14.84,14.84,14.84,1,1.0
2024-10-30 01:00,14.93,14.93,14.93,1,1.0
2024-10-30 02:00,14.85,14.85,14.85,1,1.0
2024-10-30 03:00,14.85,14.85,14.85,1,1.0
2024-10-30 04:00,14.77,14.77,14.77,1,1.0
2024-10-30 05:00,14.44,14.44,14.44,1,1.0
2024-10-30 06:00,14.07,14.07,14.07,1,1.0
2024-10-30 07:00,13.9,13.9,13.9,1,1.0
2024-10-30 08:00,14.89,14.89,14.89,1,1.0
2024-10-30 09:00,16.76,16.76,16.76,1,1.0
2024-10-30 10:00,18.72,18.72,18.72,1,1.0
2024-10-30 11:00,19.92,19.92,19.92,1,1.0
2024-10-30 12:00,20.72,20.72,20.72,1,1.0
2024-10-30 13:00,21.19,21.19,21.19,1,1.0
2024-10-30 14:00,21.42,21.42,21.42,1,1.0
2024-10-30 15:00,21.38,21.38,21.38,1,1.0
2024-10-30 16:00,20.85,20.85,20.85,1,1.0
2024-10-30 17:00,20.01,20.01,20.01,1,1.0
2024-10-30 18:00,19.32,19.32,19.32,1,1.0
2024-10-30 19:00,18.61,18.61,18.61,1,1.0
2024-10-30 20:00,17.48,17.48,17.48,1,1.0
2024-10-30 21:00,16.44,16.44,16.44,1,1.0
2024-10-30 22:00,15.77,15.77,15.77,1,1.0
2024-10-30 23:00,15.85,15.85,15.85,1,1.0
2024-10-31 00:00,15.76,15.76,15.76,1,1.0
2024-10-31 01:00,15.61,15.61,15.61,1,1.0
2024-10-31 02:00,15.33,15.33,15.33,1,1.0
2024-10-31 03:00,14.72,14.72,14.72,1,1.0
2024-10-31 04:00,14.41,14.41,14.41,1,1.0
2024-10-31 05:00,13.98,13.98,13.98,1,1.0
2024-10-31 06:00,13.55,13.55,13.55,1,1.0
2024-10-31 07:00,13.44,13.44,13.44,1,1.0
2024-10-31 08:00,14.36,14.36,14.36,1,1.0
2024-10-31 09:00,16.62,16.62,16.62,1,1.0
2024-10-31 10:00,18.54,18.54,18.54,1,1.0
2024-10-31 11:00,19.88,19.88,19.88,1,1.0
2024-10-31 12:00,20.78,20.78,20.78,1,1.0
2024-10-31 13:00,21.35,21.35,21.35,1,1.0
2024-10-31 14:00,21.66,21.66,21.66,1,1.0
2024-10-31 15:00,21.64,21.64,21.64,1,1.0
2024-10-31 16:00,21.18,21.18,21.18,1,1.0
2024-10-31 17:00,19.92,19.92,19.92,1,1.0
2024-10-31 18:00,18.38,18.38,18.38,1,1.0
2024-10-31 19:00,17.7,17.7,17.7,1,1.0
2024-10-31 20:00,17.93,17.93,17.93,1,1.0
2024-10-31 21:00,17.4,17.4,17.4,1,1.0
2024-10-31 22:00,16.81,16.81,16.81,1,1.0
2024-10-31 23:00,16.26,16.26,16.26,1,1.0
2024-11-01 00:00,15.83,15.83,15.83,1,1.0
2024-11-01 01:00,15.54,15.54,15.54,1,1.0
2024-11-01 02:00,15.35,15.35,15.35,1,1.0
2024-11-01 03:00,15.2,15.2,15.2,1,1.0
2024-11-01 04:00,14.49,14.49,14.49,1,1.0
2024-11-01 05:00,14.04,14.04,14.04,1,1.0
2024-11-01 06:00,13.73,13.73,13.73,1,1.0
2024-11-01 07:00,13.47,13.47,13.47,1,1.0
2024-11-01 08:00,14.23,14.23,14.23,1,1.0
2024-11-01 09:00,15.86,15.86,15.86,1,1.0
2024-11-01 10:00,18.27,18.27,18.27,1,1.0
2024-11-01 11:00,19.92,19.92,19.92,1,1.0
2024-11-01 12:00,20.86,20.86,20.86,1,1.0
2024-11-01 13:00,21.25,21.25,21.25,1,1.0
2024-11-01 14:00,21.36,21.36,21.36,1,1.0
2024-11-01 15:00,21.17,21.17,21.17,1,1.0
2024-11-01 16:00,20.49,20.49,20.49,1,1.0
2024-11-01 17:00,19.56,19.56,19.56,1,1.0
2024-11-01 18:00,18.49,18.49,18.49,1,1.0
2024-11-01 19:00,17.29,17.29,17.29,1,1.0
2024-11-01 20:00,16.88,16.88,16.88,1,1.0
2024-11-01 21:00,16.18,16.18,16.18,1,1.0
2024-11-01 22:00,15.07,15.07,15.07,1,1.0
2024-11-01 23:00,14.11,14.11,14.11,1,1.0
2024-11-02 00:00,13.66,13.66,13.66,1,1.0
2024-11-02 01:00,13.28,13.28,13.28,1,1.0
2024-11-02 02:00,12.76,12.76,12.76,1,1.0
2024-11-02 03:00,12.5,12.5,12.5,1,1.0
2024-11-02 04:00,12.58,12.58,12.58,1,1.0
2024-11-02 05:00,12.67,12.67,12.67,1,1.0
2024-11-02 06:00,12.57,12.57,12.57,1,1.0
2024-11-02 07:00,12.42,12.42,12.42,1,1.0
2024-11-02 08:00,14.91,14.91,14.91,1,1.0
2024-11-02 09:00,17.69,17.69,17.69,1,1.0
2024-11-02 10:00,18.79,18.79,18.79,1,1.0
2024-11-02 11:00,19.55,19.55,19.55,1,1.0
2024-11-02 12:00,20.18,20.18,20.18,1,1.0
2024-11-02 13:00,20.56,20.56,20.56,1,1.0
2024-11-02 14:00,20.81,20.81,20.81,1,1.0
2024-11-02 15:00,20.8,20.8,20.8,1,1.0
2024-11-02 16:00,20.32,20.32,20.32,1,1.0
2024-11-02 17:00,19.43,19.43,19.43,1,1.0
2024-11-02 18:00,18.45,18.45,18.45,1,1.0
2024-11-02 19:00,17.38,17.38,17.38,1,1.0
2024-11-02 20:00,16.39,16.39,16.39,1,1.0
2024-11-02 21:00,15.77,15.77,15.77,1,1.0
2024-11-02 22:00,15.31,15.31,15.31,1,1.0
2024-11-02 23:00,15.02,15.02,15.02,1,1.0
2024-11-03 00:00,15.13,15.13,15.13,1,1.0
2024-11-03 01:00,14.81,14.81,14.81,1,1.0
2024-11-03 02:00,14.47,14.47,14.47,1,1.0
2024-11-03 03:00,14.19,14.19,14.19,1,1.0
2024-11-03 04:00,13.92,13.92,13.92,1,1.0
2024-11-03 05:00,13.68,13.68,13.68,1,1.0
2024-11-03 06:00,13.47,13.47,13.47,1,1.0
2024-11-03 07:00,13.34,13.34,13.34,1,1.0
2024-11-03 08:00,14.39,14.39,14.39,1,1.0
2024-11-03 09:00,16.47,16.47,16.47,1,1.0
2024-11-03 10:00,18.02,18.02,18.02,1,1.0
2024-11-03 11:00,19.14,19.14,19.14,1,1.0
2024-11-03 12:00,19.95,19.95,19.95,1,1.0
2024-11-03 13:00,20.49,20.49,20.49,1,1.0
2024-11-03 14:00,20.75,20.75,20.75,1,1.0
2024-11-03 15:00,20.64,20.64,20.64,1,1.0
2024-11-03 16:00,20.09,20.09,20.09,1,1.0
2024-11-03 17:00,18.58,18.58,18.58,1,1.0
2024-11-03 18:00,18.11,18.11,18.11,1,1.0
2024-11-03 19:00,16.23,16.23,16.23,1,1.0
2024-11-03 20:00,15.28,15.28,15.28,1,1.0
2024-11-03 21:00,14.18,14.18,14.18,1,1.0
2024-11-03 22:00,14.59,14.59,14.59,1,1.0
2024-11-03 23:00,14.57,14.57,14.57,1,1.0
2024-11-04 00:00,14.28,14.28,14.28,1,1.0
2024-11-04 01:00,13.93,13.93,13.93,1,1.0
2024-11-04 02:00,13.42,13.42,13.42,1,1.0
2024-11-04 03:00,12.87,12.87,12.87,1,1.0
2024-11-04 04:00,12.74,12.74,12.74,1,1.0
2024-11-04 05:00,12.51,12.51,12.51,1,1.0
2024-11-04 06:00,12.6,12.6,12.6,1,1.0
2024-11-04 07:00,12.79,12.79,12.79,1,1.0
2024-11-04 08:00,14.03,14.03,14.03,1,1.0
2024-11-04 09:00,15.7,15.7,15.7,1,1.0
2024-11-04 10:00,16.78,16.78,16.78,1,1.0
2024-11-04 11:00,17.64,17.64,17.64,1,1.0
2024-11-04 12:00,18.56,18.56,18.56,1,1.0
2024-11-04 13:00,19.11,19.11,19.11,1,1.0
2024-11-04 14:00,19.45,19.45,19.45,1,1.0
2024-11-04 15:00,19.49,19.49,19.49,1,1.0
2024-11-04 16:00,19.1,19.1,19.1,1,1.0
2024-11-04 17:00,17.59,17.59,17.59,1,1.0
2024-11-04 18:00,16.19,16.19,16.19,1,1.0
2024-11-04 19:00,14.83,14.83,14.83,1,1.0
2024-11-04 20:00,14.05,14.05,14.05,1,1.0
2024-11-04 21:00,13.72,13.72,13.72,1,1.0
2024-11-04 22:00,14.15,14.15,14.15,1,1.0
2024-11-04 23:00,13.8,13.8,13.8,1,1.0
2024-11-05 00:00,13.61,13.61,13.61,1,1.0
2024-11-05 01:00,13.39,13.39,13.39,1,1.0
2024-11-05 02:00,13.13,13.13,13.13,1,1.0
2024-11-05 03:00,12.85,12.85,12.85,1,1.0
2024-11-05 04:00,12.43,12.43,12.43,1,1.0
2024-11-05 05:00,11.77,11.77,11.77,1,1.0
2024-11-05 06:00,11.49,11.49,11.49,1,1.0
2024-11-05 07:00,11.33,11.33,11.33,1,1.0
2024-11-05 08:00,12.45,12.45,12.45,1,1.0
2024-11-05 09:00,13.89,13.89,13.89,1,1.0
2024-11-05 10:00,15.63,15.63,15.63,1,1.0
2024-11-05 11:00,17.27,17.27,17.27,1,1.0
2024-11-05 12:00,18.23,18.23,18.23,1,1.0
2024-11-05 13:00,18.66,18.66,18.66,1,1.0
2024-11-05 14:00,18.89,18.89,18.89,1,1.0
2024-11-05 15:00,18.86,18.86,18.86,1,1.0
2024-11-05 16:00,18.42,18.42,18.42,1,1.0
2024-11-05 17:00,17.73,17.73,17.73,1,1.0
2024-11-05 18:00,17.8,17.8,17.8,1,1.0
2024-11-05 19:00,17.36,17.36,17.36,1,1.0
2024-11-05 20:00,15.18,15.18,15.18,1,1.0
2024-11-05 21:00,13.39,13.39,13.39,1,1.0
2024-11-05 22:00,12.7,12.7,12.7,1,1.0
2024-11-05 23:00,13.01,13.01,13.01,1,1.0
2024-11-06 00:00,13.06,13.06,13.06,1,1.0
2024-11-06 01:00,13.04,13.04,13.04,1,1.0
2024-11-06 02:00,13.01,13.01,13.01,1,1.0
2024-11-06 03:00,12.49,12.49,12.49,1,1.0
2024-11-06 04:00,12.1,12.1,12.1,1,1.0
2024-11-06 05:00,11.97,11.97,11.97,1,1.0
2024-11-06 06:00,11.7,11.7,11.7,1,1.0
2024-11-06 07:00,11.55,11.55,11.55,1,1.0
2024-11-06 08:00,12.45,12.45,12.45,1,1.0
2024-11-06 09:00,13.72,13.72,13.72,1,1.0
2024-11-06 10:00,15.49,15.49,15.49,1,1.0
2024-11-06 11:00,17.16,17.16,17.16,1,1.0
2024-11-06 12:00,18.31,18.31,18.31,1,1.0
2024-11-06 13:00,19.01,19.01,19.01,1,1.0
2024-11-06 14:00,19.38,19.38,19.38,1,1.0
2024-11-06 15:00,19.39,19.39,19.39,1,1.0
2024-11-06 16:00,18.95,18.95,18.95,1,1.0
2024-11-06 17:00,18.03,18.03,18.03,1,1.0
2024-11-06 18:00,16.46,16.46,16.46,1,1.0
2024-11-06 19:00,14.69,14.69,14.69,1,1.0
2024-11-06 20:00,14.24,14.24,14.24,1,1.0
2024-11-06 21:00,14.23,14.23,14.23,1,1.0
2024-11-06 22:00,14.31,14.31,14.31,1,1.0
2024-11-06 23:00,14.08,14.08,14.08,1,1.0
2024-11-07 00:00,13.69,13.69,13.69,1,1.0
2024-11-07 01:00,13.45,13.45,13.45,1,1.0
2024-11-07 02:00,13.24,13.24,13.24,1,1.0
2024-11-07 03:00,13.07,13.07,13.07,1,1.0
2024-11-07 04:00,12.92,12.92,12.92,1,1.0
2024-11-07 05:00,12.79,12.79,12.79,1,1.0
2024-11-07 06:00,12.65,12.65,12.65,1,1.0
2024-11-07 07:00,12.73,12.73,12.73,1,1.0
2024-11-07 08:00,13.72,13.72,13.72,1,1.0
2024-11-07 09:00,14.96,14.96,14.96,1,1.0
2024-11-07 10:00,16.29,16.29,16.29,1,1.0
2024-11-07 11:00,17.42,17.42,17.42,1,1.0
2024-11-07 12:00,18.43,18.43,18.43,1,1.0
2024-11-07 13:00,18.93,18.93,18.93,1,1.0
2024-11-07 14:00,19.24,19.24,19.24,1,1.0
2024-11-07 15:00,19.3,19.3,19.3,1,1.0
2024-11-07 16:00,19.0,19.0,19.0,1,1.0
2024-11-07 17:00,17.73,17.73,17.73,1,1.0
2024-11-07 18:00,16.67,16.67,16.67,1,1.0
2024-11-07 19:00,15.66,15.66,15.66,1,1.0
2024-11-07 20:00,16.54,16.54,16.54,1,1.0
2024-11-07 21:00,15.23,15.23,15.23,1,1.0
2024-11-07 22:00,14.24,14.24,14.24,1,1.0
2024-11-07 23:00,14.16,14.16,14.16,1,1.0
2024-11-08 00:00,14.53,14.53,14.53,1,1.0
2024-11-08 01:00,14.54,14.54,14.54,1,1.0
2024-11-08 02:00,14.47,14.47,14.47,1,1.0
2024-11-08 03:00,14.34,14.34,14.34,1,1.0
2024-11-08 04:00,14.25,14.25,14.25,1,1.0
2024-11-08 05:00,14.1,14.1,14.1,1,1.0
2024-11-08 06:00,13.84,13.84,13.84,1,1.0
2024-11-08 07:00,13.66,13.66,13.66,1,1.0
2024-11-08 08:00,14.24,14.24,14.24,1,1.0
2024-11-08 09:00,15.29,15.29,15.29,1,1.0
2024-11-08 10:00,16.45,16.45,16.45,1,1.0
2024-11-08 11:00,17.49,17.49,17.49,1,1.0
2024-11-08 12:00,18.19,18.19,18.19,1,1.0
2024-11-08 13:00,18.63,18.63,18.63,1,1.0
2024-11-08 14:00,18.94,18.94,18.94,1,1.0
2024-11-08 15:00,18.93,18.93,18.93,1,1.0
2024-11-08 16:00,18.64,18.64,18.64,1,1.0
2024-11-08 17:00,17.14,17.14,17.14,1,1.0
2024-11-08 18:00,16.02,16.02,16.02,1,1.0
2024-11-08 19:00,14.78,14.78,14.78,1,1.0
2024-11-08 20:00,14.9,14.9,14.9,1,1.0
2024-11-08 21:00,15.13,15.13,15.13,1,1.0
2024-11-08 22:00,14.87,14.87,14.87,1,1.0
2024-11-08 23:00,14.45,14.45,14.45,1,1.0
2024-11-09 00:00,14.1,14.1,14.1,1,1.0
2024-11-09 01:00,13.71,13.71,13.71,1,1.0
2024-11-09 02:00,13.43,13.43,13.43,1,1.0
2024-11-09 03:00,13.15,13.15,13.15,1,1.0
2024-11-09 04:00,12.84,12.84,12.84,1,1.0
2024-11-09 05:00,12.64,12.64,12.64,1,1.0
2024-11-09 06:00,12.05,12.05,12.05,1,1.0
2024-11-09 07:00,11.57,11.57,11.57,1,1.0
2024-11-09 08:00,12.81,12.81,12.81,1,1.0
2024-11-09 09:00,14.25,14.25,14.25,1,1.0
2024-11-09 10:00,15.76,15.76,15.76,1,1.0
2024-11-09 11:00,17.04,17.04,17.04,1,1.0
2024-11-09 12:00,18.04,18.04,18.04,1,1.0
2024-11-09 13:00,18.64,18.64,18.64,1,1.0
2024-11-09 14:00,18.9,18.9,18.9,1,1.0
2024-11-09 15:00,18.87,18.87,18.87,1,1.0
2024-11-09 16:00,18.33,18.33,18.33,1,1.0
2024-11-09 17:00,18.26,18.26,18.26,1,1.0
2024-11-09 18:00,17.74,17.74,17.74,1,1.0
2024-11-09 19:00,16.28,16.28,16.28,1,1.0
2024-11-09 20:00,14.16,14.16,14.16,1,1.0
2024-11-09 21:00,14.36,14.36,14.36,1,1.0
2024-11-09 22:00,14.06,14.06,14.06,1,1.0
2024-11-09 23:00,13.77,13.77,13.77,1,1.0
2024-11-10 00:00,13.38,13.38,13.38,1,1.0
2024-11-10 01:00,13.07,13.07,13.07,1,1.0
2024-11-10 02:00,12.86,12.86,12.86,1,1.0
2024-11-10 03:00,12.7,12.7,12.7,1,1.0
2024-11-10 04:00,12.46,12.46,12.46,1,1.0
2024-11-10 05:00,12.14,12.14,12.14,1,1.0
2024-11-10 06:00,12.02,12.02,12.02,1,1.0
2024-11-10 07:00,12.01,12.01,12.01,1,1.0
2024-11-10 08:00,12.88,12.88,12.88,1,1.0
2024-11-10 09:00,14.31,14.31,14.31,1,1.0
2024-11-10 10:00,15.5,15.5,15.5,1,1.0
2024-11-10 11:00,16.54,16.54,16.54,1,1.0
2024-11-10 12:00,17.37,17.37,17.37,1,1.0
2024-11-10 13:00,17.95,17.95,17.95,1,1.0
2024-11-10 14:00,18.2,18.2,18.2,1,1.0
2024-11-10 15:00,18.22,18.22,18.22,1,1.0
2024-11-10 16:00,17.75,17.75,17.75,1,1.0
2024-11-10 17:00,16.42,16.42,16.42,1,1.0
2024-11-10 18:00,15.54,15.54,15.54,1,1.0
2024-11-10 19:00,13.94,13.94,13.94,1,1.0
2024-11-10 20:00,14.48,14.48,14.48,1,1.0
2024-11-10 21:00,14.43,14.43,14.43,1,1.0
2024-11-10 22:00,14.19,14.19,14.19,1,1.0
2024-11-10 23:00,13.93,13.93,13.93,1,1.0
2024-11-11 00:00,13.74,13.74,13.74,1,1.0
2024-11-11 01:00,13.56,13.56,13.56,1,1.0
2024-11-11 02:00,13.37,13.37,13.37,1,1.0
2024-11-11 03:00,13.2,13.2,13.2,1,1.0
2024-11-11 04:00,13.03,13.03,13.03,1,1.0
2024-11-11 05:00,12.93,12.93,12.93,1,1.0
2024-11-11 06:00,12.72,12.72,12.72,1,1.0
2024-11-11 07:00,12.6,12.6,12.6,1,1.0
2024-11-11 08:00,12.6,12.6,12.6,1,1.0
2024-11-11 09:00,13.49,13.49,13.49,1,1.0
2024-11-11 10:00,14.46,14.46,14.46,1,1.0
2024-11-11 11:00,15.43,15.43,15.43,1,1.0
2024-11-11 12:00,16.27,16.27,16.27,1,1.0
2024-11-11 13:00,16.82,16.82,16.82,1,1.0
2024-11-11 14:00,16.94,16.94,16.94,1,1.0
2024-11-11 15:00,16.66,16.66,16.66,1,1.0
2024-11-11 16:00,15.99,15.99,15.99,1,1.0
2024-11-11 17:00,15.08,15.08,15.08,1,1.0
2024-11-11 18:00,14.28,14.28,14.28,1,1.0
2024-11-11 19:00,13.54,13.54,13.54,1,1.0
2024-11-11 20:00,13.49,13.49,13.49,1,1.0
2024-11-11 21:00,13.04,13.04,13.04,1,1.0
2024-11-11 22:00,12.6,12.6,12.6,1,1.0
2024-11-11 23:00,12.16,12.16,12.16,1,1.0
2024-11-12 00:00,11.75,11.75,11.75,1,1.0
2024-11-12 01:00,11.43,11.43,11.43,1,1.0
2024-11-12 02:00,11.01,11.01,11.01,1,1.0
2024-11-12 03:00,10.67,10.67,10.67,1,1.0
2024-11-12 04:00,10.44,10.44,10.44,1,1.0
2024-11-12 05:00,10.3,10.3,10.3,1,1.0
2024-11-12 06:00,10.17,10.17,10.17,1,1.0
2024-11-12 07:00,10.06,10.06,10.06,1,1.0
2024-11-12 08:00,10.1,10.1,10.1,1,1.0
2024-11-12 09:00,11.31,11.31,11.31,1,1.0
2024-11-12 10:00,12.84,12.84,12.84,1,1.0
2024-11-12 11:00,14.05,14.05,14.05,1,1.0
2024-11-12 12:00,14.87,14.87,14.87,1,1.0
2024-11-12 13:00,15.52,15.52,15.52,1,1.0
2024-11-12 14:00,15.86,15.86,15.86,1,1.0
2024-11-12 15:00,15.7,15.7,15.7,1,1.0
2024-11-12 16:00,15.18,15.18,15.18,1,1.0
2024-11-12 17:00,14.39,14.39,14.39,1,1.0
2024-11-12 18:00,13.78,13.78,13.78,1,1.0
2024-11-12 19:00,13.11,13.11,13.11,1,1.0
2024-11-12 20:00,12.64,12.64,12.64,1,1.0
2024-11-12 21:00,12.08,12.08,12.08,1,1.0
2024-11-12 22:00,11.89,11.89,11.89,1,1.0
2024-11-12 23:00,11.76,11.76,11.76,1,1.0
2024-11-13 00:00,11.53,11.53,11.53,1,1.0
2024-11-13 01:00,11.43,11.43,11.43,1,1.0
2024-11-13 02:00,11.27,11.27,11.27,1,1.0
2024-11-13 03:00,11.07,11.07,11.07,1,1.0
2024-11-13 04:00,11.09,11.09,11.09,1,1.0
2024-11-13 05:00,11.18,11.18,11.18,1,1.0
2024-11-13 06:00,11.22,11.22,11.22,1,1.0
2024-11-13 07:00,11.26,11.26,11.26,1,1.0
2024-11-13 08:00,10.94,10.94,10.94,1,1.0
2024-11-13 09:00,11.66,11.66,11.66,1,1.0
2024-11-13 10:00,12.13,12.13,12.13,1,1.0
2024-11-13 11:00,12.44,12.44,12.44,1,1.0
2024-11-13 12:00,12.52,12.52,12.52,1,1.0
2024-11-13 13:00,12.42,12.42,12.42,1,1.0
2024-11-13 14:00,11.42,11.42,11.42,1,1.0
2024-11-13 15:00,11.44,11.44,11.44,1,1.0
2024-11-13 16:00,11.44,11.44,11.44,1,1.0
2024-11-13 17:00,11.39,11.39,11.39,1,1.0
2024-11-13 18:00,11.78,11.78,11.78,1,1.0
2024-11-13 19:00,11.18,11.18,11.18,1,1.0
2024-11-13 20:00,11.44,11.44,11.44,1,1.0
2024-11-13 21:00,11.45,11.45,11.45,1,1.0
2024-11-13 22:00,10.98,10.98,10.98,1,1.0
2024-11-13 23:00,11.27,11.27,11.27,1,1.0
2024-11-14 00:00,11.28,11.28,11.28,1,1.0
2024-11-14 01:00,11.37,11.37,11.37,1,1.0
2024-11-14 02:00,11.49,11.49,11.49,1,1.0
2024-11-14 03:00,11.6,11.6,11.6,1,1.0
2024-11-14 04:00,11.58,11.58,11.58,1,1.0
2024-11-14 05:00,11.6,11.6,11.6,1,1.0
2024-11-14 06:00,11.61,11.61,11.61,1,1.0
2024-11-14 07:00,11.65,11.65,11.65,1,1.0
2024-11-14 08:00,11.8,11.8,11.8,1,1.0
2024-11-14 09:00,12.32,12.32,12.32,1,1.0
2024-11-14 10:00,13.08,13.08,13.08,1,1.0
2024-11-14 11:00,13.91,13.91,13.91,1,1.0
2024-11-14 12:00,14.61,14.61,14.61,1,1.0
2024-11-14 13:00,15.12,15.12,15.12,1,1.0
2024-11-14 14:00,15.3,15.3,15.3,1,1.0
2024-11-14 15:00,15.28,15.28,15.28,1,1.0
2024-11-14 16:00,14.9,14.9,14.9,1,1.0
2024-11-14 17:00,14.05,14.05,14.05,1,1.0
2024-11-14 18:00,12.91,12.91,12.91,1,1.0
2024-11-14 19:00,12.39,12.39,12.39,1,1.0
2024-11-14 20:00,11.03,11.03,11.03,1,1.0
2024-11-14 21:00,10.62,10.62,10.62,1,1.0
2024-11-14 22:00,10.52,10.52,10.52,1,1.0
2024-11-14 23:00,10.72,10.72,10.72,1,1.0
2024-11-15 00:00,10.39,10.39,10.39,1,1.0
2024-11-15 01:00,9.94,9.94,9.94,1,1.0
2024-11-15 02:00,9.51,9.51,9.51,1,1.0
2024-11-15 03:00,9.2,9.2,9.2,1,1.0
2024-11-15 04:00,9.13,9.13,9.13,1,1.0
2024-11-15 05:00,8.94,8.94,8.94,1,1.0
2024-11-15 06:00,8.79,8.79,8.79,1,1.0
2024-11-15 07:00,8.7,8.7,8.7,1,1.0
2024-11-15 08:00,8.87,8.87,8.87,1,1.0
2024-11-15 09:00,9.6,9.6,9.6,1,1.0
2024-11-15 10:00,10.37,10.37,10.37,1,1.0
2024-11-15 11:00,11.18,11.18,11.18,1,1.0
2024-11-15 12:00,11.82,11.82,11.82,1,1.0
2024-11-15 13:00,12.38,12.38,12.38,1,1.0
2024-11-15 14:00,12.9,12.9,12.9,1,1.0
2024-11-15 15:00,13.0,13.0,13.0,1,1.0
2024-11-15 16:00,12.59,12.59,12.59,1,1.0
2024-11-15 17:00,12.05,12.05,12.05,1,1.0
2024-11-15 18:00,11.6,11.6,11.6,1,1.0
2024-11-15 19:00,11.14,11.14,11.14,1,1.0
2024-11-15 20:00,11.11,11.11,11.11,1,1.0
2024-11-15 21:00,10.88,10.88,10.88,1,1.0
2024-11-15 22:00,10.65,10.65,10.65,1,1.0
2024-11-15 23:00,10.55,10.55,10.55,1,1.0
2024-11-16 00:00,10.4,10.4,10.4,1,1.0
2024-11-16 01:00,10.28,10.28,10.28,1,1.0
2024-11-16 02:00,10.11,10.11,10.11,1,1.0
2024-11-16 03:00,9.91,9.91,9.91,1,1.0
2024-11-16 04:00,9.68,9.68,9.68,1,1.0
2024-11-16 05:00,9.41,9.41,9.41,1,1.0
2024-11-16 06:00,9.17,9.17,9.17,1,1.0
2024-11-16 07:00,8.97,8.97,8.97,1,1.0
2024-11-16 08:00,9.26,9.26,9.26,1,1.0
2024-11-16 09:00,10.72,10.72,10.72,1,1.0
2024-11-16 10:00,12.03,12.03,12.03,1,1.0
2024-11-16 11:00,13.12,13.12,13.12,1,1.0
2024-11-16 12:00,13.98,13.98,13.98,1,1.0
2024-11-16 13:00,14.52,14.52,14.52,1,1.0
2024-11-16 14:00,14.83,14.83,14.83,1,1.0
2024-11-16 15:00,14.86,14.86,14.86,1,1.0
2024-11-16 16:00,14.47,14.47,14.47,1,1.0
2024-11-16 17:00,13.28,13.28,13.28,1,1.0
2024-11-16 18:00,11.82,11.82,11.82,1,1.0
2024-11-16 19:00,11.18,11.18,11.18,1,1.0
2024-11-16 20:00,10.82,10.82,10.82,1,1.0
2024-11-16 21:00,10.37,10.37,10.37,1,1.0
2024-11-16 22:00,10.63,10.63,10.63,1,1.0
2024-11-16 23:00,11.01,11.01,11.01,1,1.0
2024-11-17 00:00,10.7,10.7,10.7,1,1.0
2024-11-17 01:00,10.5,10.5,10.5,1,1.0
2024-11-17 02:00,11.48,11.48,11.48,1,1.0
2024-11-17 03:00,11.52,11.52,11.52,1,1.0
2024-11-17 04:00,11.6,11.6,11.6,1,1.0
2024-11-17 05:00,11.65,11.65,11.65,1,1.0
2024-11-17 06:00,10.4,10.4,10.4,1,1.0
2024-11-17 07:00,9.51,9.51,9.51,1,1.0
2024-11-17 08:00,9.8,9.8,9.8,1,1.0
2024-11-17 09:00,12.41,12.41,12.41,1,1.0
2024-11-17 10:00,13.78,13.78,13.78,1,1.0
2024-11-17 11:00,14.6,14.6,14.6,1,1.0
2024-11-17 12:00,15.09,15.09,15.09,1,1.0
2024-11-17 13:00,15.25,15.25,15.25,1,1.0
2024-11-17 14:00,15.3,15.3,15.3,1,1.0
2024-11-17 15:00,15.03,15.03,15.03,1,1.0
2024-11-17 16:00,14.48,14.48,14.48,1,1.0
2024-11-17 17:00,13.81,13.81,13.81,1,1.0
2024-11-17 18:00,13.24,13.24,13.24,1,1.0
2024-11-17 19:00,12.44,12.44,12.44,1,1.0
2024-11-17 20:00,11.93,11.93,11.93,1,1.0
2024-11-17 21:00,11.86,11.86,11.86,1,1.0
2024-11-17 22:00,11.93,11.93,11.93,1,1.0
2024-11-17 23:00,12.29,12.29,12.29,1,1.0
2024-11-18 00:00,12.41,12.41,12.41,1,1.0
2024-11-18 01:00,12.49,12.49,12.49,1,1.0
2024-11-18 02:00,12.66,12.66,12.66,1,1.0
2024-11-18 03:00,12.64,12.64,12.64,1,1.0
2024-11-18 04:00,12.17,12.17,12.17,1,1.0
2024-11-18 05:00,13.12,13.12,13.12,1,1.0
2024-11-18 06:00,14.02,14.02,14.02,1,1.0
2024-11-18 07:00,13.84,13.84,13.84,1,1.0
2024-11-18 08:00,12.03,12.03,12.03,1,1.0
2024-11-18 09:00,14.21,14.21,14.21,1,1.0
2024-11-18 10:00,15.21,15.21,15.21,1,1.0
2024-11-18 11:00,15.76,15.76,15.76,1,1.0
2024-11-18 12:00,16.06,16.06,16.06,1,1.0
2024-11-18 13:00,15.92,15.92,15.92,1,1.0
2024-11-18 14:00,16.0,16.0,16.0,1,1.0
2024-11-18 15:00,15.72,15.72,15.72,1,1.0
2024-11-18 16:00,15.51,15.51,15.51,1,1.0
2024-11-18 17:00,15.06,15.06,15.06,1,1.0
2024-11-18 18:00,14.21,14.21,14.21,1,1.0
2024-11-18 19:00,13.89,13.89,13.89,1,1.0
2024-11-18 20:00,13.73,13.73,13.73,1,1.0
2024-11-18 21:00,13.89,13.89,13.89,1,1.0
2024-11-18 22:00,13.65,13.65,13.65,1,1.0
2024-11-18 23:00,13.53,13.53,13.53,1,1.0
2024-11-19 00:00,13.16,13.16,13.16,1,1.0
2024-11-19 01:00,12.54,12.54,12.54,1,1.0
2024-11-19 02:00,12.52,12.52,12.52,1,1.0
2024-11-19 03:00,12.08,12.08,12.08,1,1.0
2024-11-19 04:00,12.33,12.33,12.33,1,1.0
2024-11-19 05:00,13.01,13.01,13.01,1,1.0
2024-11-19 06:00,13.37,13.37,13.37,1,1.0
2024-11-19 07:00,13.64,13.64,13.64,1,1.0
2024-11-19 08:00,13.85,13.85,13.85,1,1.0
2024-11-19 09:00,14.34,14.34,14.34,1,1.0
2024-11-19 10:00,15.03,15.03,15.03,1,1.0
2024-11-19 11:00,15.76,15.76,15.76,1,1.0
2024-11-19 12:00,15.92,15.92,15.92,1,1.0
2024-11-19 13:00,16.27,16.27,16.27,1,1.0
2024-11-19 14:00,15.84,15.84,15.84,1,1.0
2024-11-19 15:00,15.61,15.61,15.61,1,1.0
2024-11-19 16:00,15.21,15.21,15.21,1,1.0
2024-11-19 17:00,14.64,14.64,14.64,1,1.0
2024-11-19 18:00,14.45,14.45,14.45,1,1.0
2024-11-19 19:00,14.57,14.57,14.57,1,1.0
2024-11-19 20:00,14.29,14.29,14.29,1,1.0
2024-11-19 21:00,14.15,14.15,14.15,1,1.0
2024-11-19 22:00,14.26,14.26,14.26,1,1.0
2024-11-19 23:00,14.48,14.48,14.48,1,1.0
2024-11-20 00:00,14.7,14.7,14.7,1,1.0
2024-11-20 01:00,15.08,15.08,15.08,1,1.0
2024-11-20 02:00,15.44,15.44,15.44,1,1.0
2024-11-20 03:00,15.51,15.51,15.51,1,1.0
2024-11-20 04:00,15.48,15.48,15.48,1,1.0
2024-11-20 05:00,15.29,15.29,15.29,1,1.0
2024-11-20 06:00,15.43,15.43,15.43,1,1.0
2024-11-20 07:00,15.5,15.5,15.5,1,1.0
2024-11-20 08:00,15.88,15.88,15.88,1,1.0
2024-11-20 09:00,15.91,15.91,15.91,1,1.0
2024-11-20 10:00,16.05,16.05,16.05,1,1.0
2024-11-20 11:00,16.24,16.24,16.24,1,1.0
2024-11-20 12:00,16.79,16.79,16.79,1,1.0
2024-11-20 13:00,17.09,17.09,17.09,1,1.0
2024-11-20 14:00,17.21,17.21,17.21,1,1.0
2024-11-20 15:00,16.4,16.4,16.4,1,1.0
2024-11-20 16:00,15.96,15.96,15.96,1,1.0
2024-11-20 17:00,16.02,16.02,16.02,1,1.0
2024-11-20 18:00,16.22,16.22,16.22,1,1.0
2024-11-20 19:00,16.39,16.39,16.39,1,1.0
2024-11-20 20:00,15.77,15.77,15.77,1,1.0
2024-11-20 21:00,15.6,15.6,15.6,1,1.0
2024-11-20 22:00,15.33,15.33,15.33,1,1.0
2024-11-20 23:00,14.96,14.96,14.96,1,1.0
2024-11-21 00:00,14.39,14.39,14.39,1,1.0
2024-11-21 01:00,13.98,13.98,13.98,1,1.0
2024-11-21 02:00,13.51,13.51,13.51,1,1.0
2024-11-21 03:00,13.17,13.17,13.17,1,1.0
2024-11-21 04:00,13.15,13.15,13.15,1,1.0
2024-11-21 05:00,13.19,13.19,13.19,1,1.0
2024-11-21 06:00,13.27,13.27,13.27,1,1.0
2024-11-21 07:00,13.18,13.18,13.18,1,1.0
2024-11-21 08:00,12.7,12.7,12.7,1,1.0
2024-11-21 09:00,12.96,12.96,12.96,1,1.0
2024-11-21 10:00,13.39,13.39,13.39,1,1.0
2024-11-21 11:00,13.82,13.82,13.82,1,1.0
2024-11-21 12:00,14.33,14.33,14.33,1,1.0
2024-11-21 13:00,14.7,14.7,14.7,1,1.0
2024-11-21 14:00,14.71,14.71,14.71,1,1.0
2024-11-21 15:00,14.63,14.63,14.63,1,1.0
2024-11-21 16:00,14.29,14.29,14.29,1,1.0
2024-11-21 17:00,14.05,14.05,14.05,1,1.0
2024-11-21 18:00,14.0,14.0,14.0,1,1.0
2024-11-21 19:00,14.28,14.28,14.28,1,1.0
2024-11-21 20:00,13.73,13.73,13.73,1,1.0
2024-11-21 21:00,13.9,13.9,13.9,1,1.0
2024-11-21 22:00,14.31,14.31,14.31,1,1.0
2024-11-21 23:00,14.21,14.21,14.21,1,1.0
2024-11-22 00:00,14.21,14.21,14.21,1,1.0
2024-11-22 01:00,14.15,14.15,14.15,1,1.0
2024-11-22 02:00,14.72,14.72,14.72,1,1.0
2024-11-22 03:00,15.23,15.23,15.23,1,1.0
2024-11-22 04:00,15.42,15.42,15.42,1,1.0
2024-11-22 05:00,15.95,15.95,15.95,1,1.0
2024-11-22 06:00,16.17,16.17,16.17,1,1.0
2024-11-22 07:00,16.21,16.21,16.21,1,1.0
2024-11-22 08:00,16.5,16.5,16.5,1,1.0
2024-11-22 09:00,16.6,16.6,16.6,1,1.0
2024-11-22 10:00,16.8,16.8,16.8,1,1.0
2024-11-22 11:00,16.28,16.28,16.28,1,1.0
2024-11-22 12:00,15.04,15.04,15.04,1,1.0
2024-11-22 13:00,14.47,14.47,14.47,1,1.0
2024-11-22 14:00,14.63,14.63,14.63,1,1.0
2024-11-22 15:00,15.13,15.13,15.13,1,1.0
2024-11-22 16:00,14.57,14.57,14.57,1,1.0
2024-11-22 17:00,13.89,13.89,13.89,1,1.0
2024-11-22 18:00,13.51,13.51,13.51,1,1.0
2024-11-22 19:00,13.04,13.04,13.04,1,1.0
2024-11-22 20:00,13.0,13.0,13.0,1,1.0
2024-11-22 21:00,12.72,12.72,12.72,1,1.0
2024-11-22 22:00,12.55,12.55,12.55,1,1.0
2024-11-22 23:00,12.3,12.3,12.3,1,1.0
2024-11-23 00:00,11.8,11.8,11.8,1,1.0
2024-11-23 01:00,11.14,11.14,11.14,1,1.0
2024-11-23 02:00,10.3,10.3,10.3,1,1.0
2024-11-23 03:00,9.43,9.43,9.43,1,1.0
2024-11-23 04:00,8.36,8.36,8.36,1,1.0
2024-11-23 05:00,7.67,7.67,7.67,1,1.0
2024-11-23 06:00,7.36,7.36,7.36,1,1.0
2024-11-23 07:00,7.09,7.09,7.09,1,1.0
2024-11-23 08:00,6.93,6.93,6.93,1,1.0
2024-11-23 09:00,7.69,7.69,7.69,1,1.0
2024-11-23 10:00,8.59,8.59,8.59,1,1.0
2024-11-23 11:00,9.49,9.49,9.49,1,1.0
2024-11-23 12:00,10.3,10.3,10.3,1,1.0
2024-11-23 13:00,10.89,10.89,10.89,1,1.0
2024-11-23 14:00,11.2,11.2,11.2,1,1.0
2024-11-23 15:00,11.22,11.22,11.22,1,1.0
2024-11-23 16:00,10.87,10.87,10.87,1,1.0
2024-11-23 17:00,10.28,10.28,10.28,1,1.0
2024-11-23 18:00,9.72,9.72,9.72,1,1.0
2024-11-23 19:00,9.13,9.13,9.13,1,1.0
2024-11-23 20:00,8.46,8.46,8.46,1,1.0
2024-11-23 21:00,7.94,7.94,7.94,1,1.0
2024-11-23 22:00,7.49,7.49,7.49,1,1.0
2024-11-23 23:00,7.21,7.21,7.21,1,1.0
2024-11-24 00:00,6.95,6.95,6.95,1,1.0
2024-11-24 01:00,6.6,6.6,6.6,1,1.0
2024-11-24 02:00,6.13,6.13,6.13,1,1.0
2024-11-24 03:00,5.65,5.65,5.65,1,1.0
2024-11-24 04:00,5.16,5.16,5.16,1,1.0
2024-11-24 05:00,4.87,4.87,4.87,1,1.0
2024-11-24 06:00,4.64,4.64,4.64,1,1.0
2024-11-24 07:00,4.55,4.55,4.55,1,1.0
2024-11-24 08:00,5.93,5.93,5.93,1,1.0
2024-11-24 09:00,8.89,8.89,8.89,1,1.0
2024-11-24 10:00,10.89,10.89,10.89,1,1.0
2024-11-24 11:00,11.79,11.79,11.79,1,1.0
2024-11-24 12:00,12.21,12.21,12.21,1,1.0
2024-11-24 13:00,12.45,12.45,12.45,1,1.0
2024-11-24 14:00,12.46,12.46,12.46,1,1.0
2024-11-24 15:00,12.26,12.26,12.26,1,1.0
2024-11-24 16:00,11.79,11.79,11.79,1,1.0
2024-11-24 17:00,11.67,11.67,11.67,1,1.0
2024-11-24 18:00,11.34,11.34,11.34,1,1.0
2024-11-24 19:00,11.04,11.04,11.04,1,1.0
2024-11-24 20:00,10.35,10.35,10.35,1,1.0
2024-11-24 21:00,9.78,9.78,9.78,1,1.0
2024-11-24 22:00,9.42,9.42,9.42,1,1.0
2024-11-24 23:00,9.12,9.12,9.12,1,1.0
2024-11-25 00:00,8.98,8.98,8.98,1,1.0
2024-11-25 01:00,8.55,8.55,8.55,1,1.0
2024-11-25 02:00,7.29,7.29,7.29,1,1.0
2024-11-25 03:00,6.44,6.44,6.44,1,1.0
2024-11-25 04:00,5.94,5.94,5.94,1,1.0
2024-11-25 05:00,5.53,5.53,5.53,1,1.0
2024-11-25 06:00,5.08,5.08,5.08,1,1.0
2024-11-25 07:00,4.7,4.7,4.7,1,1.0
2024-11-25 08:00,5.92,5.92,5.92,1,1.0
2024-11-25 09:00,8.87,8.87,8.87,1,1.0
2024-11-25 10:00,11.47,11.47,11.47,1,1.0
2024-11-25 11:00,12.44,12.44,12.44,1,1.0
2024-11-25 12:00,13.08,13.08,13.08,1,1.0
2024-11-25 13:00,13.43,13.43,13.43,1,1.0
2024-11-25 14:00,13.59,13.59,13.59,1,1.0
2024-11-25 15:00,13.53,13.53,13.53,1,1.0
2024-11-25 16:00,13.15,13.15,13.15,1,1.0
2024-11-25 17:00,12.71,12.71,12.71,1,1.0
2024-11-25 18:00,12.85,12.85,12.85,1,1.0
2024-11-25 19:00,12.75,12.75,12.75,1,1.0
2024-11-25 20:00,12.17,12.17,12.17,1,1.0
2024-11-25 21:00,11.73,11.73,11.73,1,1.0
2024-11-25 22:00,11.78,11.78,11.78,1,1.0
2024-11-25 23:00,12.16,12.16,12.16,1,1.0
2024-11-26 00:00,12.12,12.12,12.12,1,1.0
2024-11-26 01:00,12.12,12.12,12.12,1,1.0
2024-11-26 02:00,12.27,12.27,12.27,1,1.0
2024-11-26 03:00,12.32,12.32,12.32,1,1.0
2024-11-26 04:00,12.49,12.49,12.49,1,1.0
2024-11-26 05:00,12.53,12.53,12.53,1,1.0
2024-11-26 06:00,12.7,12.7,12.7,1,1.0
2024-11-26 07:00,12.84,12.84,12.84,1,1.0
2024-11-26 08:00,13.27,13.27,13.27,1,1.0
2024-11-26 09:00,13.71,13.71,13.71,1,1.0
2024-11-26 10:00,14.39,14.39,14.39,1,1.0
2024-11-26 11:00,15.02,15.02,15.02,1,1.0
2024-11-26 12:00,15.24,15.24,15.24,1,1.0
2024-11-26 13:00,15.29,15.29,15.29,1,1.0
2024-11-26 14:00,15.47,15.47,15.47,1,1.0
2024-11-26 15:00,15.36,15.36,15.36,1,1.0
2024-11-26 16:00,15.31,15.31,15.31,1,1.0
2024-11-26 17:00,15.01,15.01,15.01,1,1.0
2024-11-26 18:00,14.62,14.62,14.62,1,1.0
2024-11-26 19:00,14.47,14.47,14.47,1,1.0
2024-11-26 20:00,13.93,13.93,13.93,1,1.0
2024-11-26 21:00,13.79,13.79,13.79,1,1.0
2024-11-26 22:00,13.44,13.44,13.44,1,1.0
2024-11-26 23:00,13.26,13.26,13.26,1,1.0
2024-11-27 00:00,13.31,13.31,13.31,1,1.0
2024-11-27 01:00,13.47,13.47,13.47,1,1.0
2024-11-27 02:00,13.62,13.62,13.62,1,1.0
2024-11-27 03:00,13.65,13.65,13.65,1,1.0
2024-11-27 04:00,13.63,13.63,13.63,1,1.0
2024-11-27 05:00,13.53,13.53,13.53,1,1.0
2024-11-27 06:00,13.57,13.57,13.57,1,1.0
2024-11-27 07:00,13.65,13.65,13.65,1,1.0
2024-11-27 08:00,14.0,14.0,14.0,1,1.0
2024-11-27 09:00,14.69,14.69,14.69,1,1.0
2024-11-27 10:00,15.5,15.5,15.5,1,1.0
2024-11-27 11:00,16.45,16.45,16.45,1,1.0
2024-11-27 12:00,16.75,16.75,16.75,1,1.0
2024-11-27 13:00,16.96,16.96,16.96,1,1.0
2024-11-27 14:00,16.87,16.87,16.87,1,1.0
2024-11-27 15:00,16.6,16.6,16.6,1,1.0
2024-11-27 16:00,16.13,16.13,16.13,1,1.0
2024-11-27 17:00,15.6,15.6,15.6,1,1.0
2024-11-27 18:00,15.21,15.21,15.21,1,1.0
2024-11-27 19:00,14.75,14.75,14.75,1,1.0
2024-11-27 20:00,13.92,13.92,13.92,1,1.0
2024-11-27 21:00,13.58,13.58,13.58,1,1.0
2024-11-27 22:00,13.42,13.42,13.42,1,1.0
2024-11-27 23:00,13.44,13.44,13.44,1,1.0
2024-11-28 00:00,13.1,13.1,13.1,1,1.0
2024-11-28 01:00,13.35,13.35,13.35,1,1.0
2024-11-28 02:00,13.98,13.98,13.98,1,1.0
2024-11-28 03:00,14.24,14.24,14.24,1,1.0
2024-11-28 04:00,14.14,14.14,14.14,1,1.0
2024-11-28 05:00,13.84,13.84,13.84,1,1.0
2024-11-28 06:00,12.98,12.98,12.98,1,1.0
2024-11-28 07:00,12.58,12.58,12.58,1,1.0
2024-11-28 08:00,13.14,13.14,13.14,1,1.0
2024-11-28 09:00,14.61,14.61,14.61,1,1.0
2024-11-28 10:00,15.08,15.08,15.08,1,1.0
2024-11-28 11:00,15.49,15.49,15.49,1,1.0
2024-11-28 12:00,15.65,15.65,15.65,1,1.0
2024-11-28 13:00,15.72,15.72,15.72,1,1.0
2024-11-28 14:00,15.37,15.37,15.37,1,1.0
2024-11-28 15:00,15.4,15.4,15.4,1,1.0
2024-11-28 16:00,15.14,15.14,15.14,1,1.0
2024-11-28 17:00,14.79,14.79,14.79,1,1.0
2024-11-28 18:00,14.57,14.57,14.57,1,1.0
2024-11-28 19:00,14.49,14.49,14.49,1,1.0
2024-11-28 20:00,14.53,14.53,14.53,1,1.0
2024-11-28 21:00,14.35,14.35,14.35,1,1.0
2024-11-28 22:00,14.4,14.4,14.4,1,1.0
2024-11-28 23:00,14.23,14.23,14.23,1,1.0
2024-11-29 00:00,14.11,14.11,14.11,1,1.0
2024-11-29 01:00,14.07,14.07,14.07,1,1.0
2024-11-29 02:00,13.93,13.93,13.93,1,1.0
2024-11-29 03:00,13.72,13.72,13.72,1,1.0
2024-11-29 04:00,13.48,13.48,13.48,1,1.0
2024-11-29 05:00,13.14,13.14,13.14,1,1.0
2024-11-29 06:00,12.83,12.83,12.83,1,1.0
2024-11-29 07:00,12.39,12.39,12.39,1,1.0
2024-11-29 08:00,12.28,12.28,12.28,1,1.0
2024-11-29 09:00,13.77,13.77,13.77,1,1.0
2024-11-29 10:00,13.69,13.69,13.69,1,1.0
2024-11-29 11:00,14.27,14.27,14.27,1,1.0
2024-11-29 12:00,14.05,14.05,14.05,1,1.0
2024-11-29 13:00,13.89,13.89,13.89,1,1.0
2024-11-29 14:00,13.07,13.07,13.07,1,1.0
2024-11-29 15:00,12.44,12.44,12.44,1,1.0
2024-11-29 16:00,12.22,12.22,12.22,1,1.0
2024-11-29 17:00,11.7,11.7,11.7,1,1.0
2024-11-29 18:00,11.26,11.26,11.26,1,1.0
2024-11-29 19:00,10.84,10.84,10.84,1,1.0
2024-11-29 20:00,11.31,11.31,11.31,1,1.0
2024-11-29 21:00,11.14,11.14,11.14,1,1.0
2024-11-29 22:00,10.93,10.93,10.93,1,1.0
2024-11-29 23:00,10.68,10.68,10.68,1,1.0
2024-11-30 00:00,10.32,10.32,10.32,1,1.0
2024-11-30 01:00,9.93,9.93,9.93,1,1.0
2024-11-30 02:00,9.62,9.62,9.62,1,1.0
2024-11-30 03:00,9.19,9.19,9.19,1,1.0
2024-11-30 04:00,8.82,8.82,8.82,1,1.0
2024-11-30 05:00,8.43,8.43,8.43,1,1.0
2024-11-30 06:00,8.21,8.21,8.21,1,1.0
2024-11-30 07:00,7.98,7.98,7.98,1,1.0
2024-11-30 08:00,7.86,7.86,7.86,1,1.0
2024-11-30 09:00,8.13,8.13,8.13,1,1.0
2024-11-30 10:00,8.59,8.59,8.59,1,1.0
2024-11-30 11:00,9.16,9.16,9.16,1,1.0
2024-11-30 12:00,9.71,9.71,9.71,1,1.0
2024-11-30 13:00,9.98,9.98,9.98,1,1.0
2024-11-30 14:00,9.79,9.79,9.79,1,1.0
2024-11-30 15:00,9.77,9.77,9.77,1,1.0
2024-11-30 16:00,9.17,9.17,9.17,1,1.0
2024-11-30 17:00,8.57,8.57,8.57,1,1.0
2024-11-30 18:00,8.39,8.39,8.39,1,1.0
2024-11-30 19:00,8.33,8.33,8.33,1,1.0
2024-11-30 20:00,8.69,8.69,8.69,1,1.0
2024-11-30 21:00,8.74,8.74,8.74,1,1.0
2024-11-30 22:00,8.69,8.69,8.69,1,1.0
2024-11-30 23:00,8.56,8.56,8.56,1,1.0
2024-12-01 00:00,8.55,8.55,8.55,1,1.0
2024-12-01 01:00,8.58,8.58,8.58,1,1.0
2024-12-01 02:00,8.61,8.61,8.61,1,1.0
2024-12-01 03:00,8.66,8.66,8.66,1,1.0
2024-12-01 04:00,8.78,8.78,8.78,1,1.0
2024-12-01 05:00,8.86,8.86,8.86,1,1.0
2024-12-01 06:00,8.95,8.95,8.95,1,1.0
2024-12-01 07:00,9.07,9.07,9.07,1,1.0
2024-12-01 08:00,9.83,9.83,9.83,1,1.0
2024-12-01 09:00,10.33,10.33,10.33,1,1.0
2024-12-01 10:00,10.94,10.94,10.94,1,1.0
2024-12-01 11:00,11.4,11.4,11.4,1,1.0
2024-12-01 12:00,11.8,11.8,11.8,1,1.0
2024-12-01 13:00,12.21,12.21,12.21,1,1.0
2024-12-01 14:00,12.37,12.37,12.37,1,1.0
2024-12-01 15:00,12.4,12.4,12.4,1,1.0
2024-12-01 16:00,12.17,12.17,12.17,1,1.0
2024-12-01 17:00,11.73,11.73,11.73,1,1.0
2024-12-01 18:00,11.36,11.36,11.36,1,1.0
2024-12-01 19:00,11.13,11.13,11.13,1,1.0
2024-12-01 20:00,11.07,11.07,11.07,1,1.0
2024-12-01 21:00,10.83,10.83,10.83,1,1.0
2024-12-01 22:00,10.54,10.54,10.54,1,1.0
2024-12-01 23:00,10.42,10.42,10.42,1,1.0
2024-12-02 00:00,10.19,10.19,10.19,1,1.0
2024-12-02 01:00,10.08,10.08,10.08,1,1.0
2024-12-02 02:00,9.94,9.94,9.94,1,1.0
2024-12-02 03:00,9.93,9.93,9.93,1,1.0
2024-12-02 04:00,9.89,9.89,9.89,1,1.0
2024-12-02 05:00,9.86,9.86,9.86,1,1.0
2024-12-02 06:00,9.84,9.84,9.84,1,1.0
2024-12-02 07:00,9.82,9.82,9.82,1,1.0
2024-12-02 08:00,10.25,10.25,10.25,1,1.0
2024-12-02 09:00,11.18,11.18,11.18,1,1.0
2024-12-02 10:00,12.2,12.2,12.2,1,1.0
2024-12-02 11:00,13.04,13.04,13.04,1,1.0
2024-12-02 12:00,13.72,13.72,13.72,1,1.0
2024-12-02 13:00,14.23,14.23,14.23,1,1.0
2024-12-02 14:00,14.5,14.5,14.5,1,1.0
2024-12-02 15:00,14.51,14.51,14.51,1,1.0
2024-12-02 16:00,14.13,14.13,14.13,1,1.0
2024-12-02 17:00,13.23,13.23,13.23,1,1.0
2024-12-02 18:00,12.02,12.02,12.02,1,1.0
2024-12-02 19:00,11.11,11.11,11.11,1,1.0
2024-12-02 20:00,11.27,11.27,11.27,1,1.0
2024-12-02 21:00,10.32,10.32,10.32,1,1.0
2024-12-02 22:00,9.47,9.47,9.47,1,1.0
2024-12-02 23:00,8.85,8.85,8.85,1,1.0
2024-12-03 00:00,8.51,8.51,8.51,1,1.0
2024-12-03 01:00,8.42,8.42,8.42,1,1.0
2024-12-03 02:00,8.68,8.68,8.68,1,1.0
2024-12-03 03:00,8.75,8.75,8.75,1,1.0
2024-12-03 04:00,8.69,8.69,8.69,1,1.0
2024-12-03 05:00,8.56,8.56,8.56,1,1.0
2024-12-03 06:00,8.64,8.64,8.64,1,1.0
2024-12-03 07:00,8.84,8.84,8.84,1,1.0
2024-12-03 08:00,9.06,9.06,9.06,1,1.0
2024-12-03 09:00,10.14,10.14,10.14,1,1.0
2024-12-03 10:00,12.08,12.08,12.08,1,1.0
2024-12-03 11:00,13.26,13.26,13.26,1,1.0
2024-12-03 12:00,13.8,13.8,13.8,1,1.0
2024-12-03 13:00,13.86,13.86,13.86,1,1.0
2024-12-03 14:00,13.67,13.67,13.67,1,1.0
2024-12-03 15:00,13.48,13.48,13.48,1,1.0
2024-12-03 16:00,13.1,13.1,13.1,1,1.0
2024-12-03 17:00,12.54,12.54,12.54,1,1.0
2024-12-03 18:00,11.68,11.68,11.68,1,1.0
2024-12-03 19:00,12.41,12.41,12.41,1,1.0
2024-12-03 20:00,11.5,11.5,11.5,1,1.0
2024-12-03 21:00,12.16,12.16,12.16,1,1.0
2024-12-03 22:00,10.16,10.16,10.16,1,1.0
2024-12-03 23:00,9.68,9.68,9.68,1,1.0
2024-12-04 00:00,9.67,9.67,9.67,1,1.0
2024-12-04 01:00,9.28,9.28,9.28,1,1.0
2024-12-04 02:00,9.29,9.29,9.29,1,1.0
2024-12-04 03:00,9.55,9.55,9.55,1,1.0
2024-12-04 04:00,9.93,9.93,9.93,1,1.0
2024-12-04 05:00,9.46,9.46,9.46,1,1.0
2024-12-04 06:00,9.4,9.4,9.4,1,1.0
2024-12-04 07:00,9.51,9.51,9.51,1,1.0
2024-12-04 08:00,9.81,9.81,9.81,1,1.0
2024-12-04 09:00,10.94,10.94,10.94,1,1.0
2024-12-04 10:00,11.81,11.81,11.81,1,1.0
2024-12-04 11:00,12.22,12.22,12.22,1,1.0
2024-12-04 12:00,12.33,12.33,12.33,1,1.0
2024-12-04 13:00,12.38,12.38,12.38,1,1.0
2024-12-04 14:00,12.21,12.21,12.21,1,1.0
2024-12-04 15:00,11.92,11.92,11.92,1,1.0
2024-12-04 16:00,11.64,11.64,11.64,1,1.0
2024-12-04 17:00,11.45,11.45,11.45,1,1.0
2024-12-04 18:00,10.58,10.58,10.58,1,1.0
2024-12-04 19:00,10.41,10.41,10.41,1,1.0
2024-12-04 20:00,10.45,10.45,10.45,1,1.0
2024-12-04 21:00,10.34,10.34,10.34,1,1.0
2024-12-04 22:00,10.13,10.13,10.13,1,1.0
2024-12-04 23:00,9.97,9.97,9.97,1,1.0
2024-12-05 00:00,9.67,9.67,9.67,1,1.0
2024-12-05 01:00,9.55,9.55,9.55,1,1.0
2024-12-05 02:00,9.51,9.51,9.51,1,1.0
2024-12-05 03:00,9.68,9.68,9.68,1,1.0
2024-12-05 04:00,9.78,9.78,9.78,1,1.0
2024-12-05 05:00,10.13,10.13,10.13,1,1.0
2024-12-05 06:00,10.03,10.03,10.03,1,1.0
2024-12-05 07:00,9.9,9.9,9.9,1,1.0
2024-12-05 08:00,10.24,10.24,10.24,1,1.0
2024-12-05 09:00,10.61,10.61,10.61,1,1.0
2024-12-05 10:00,11.1,11.1,11.1,1,1.0
2024-12-05 11:00,11.41,11.41,11.41,1,1.0
2024-12-05 12:00,11.59,11.59,11.59,1,1.0
2024-12-05 13:00,11.44,11.44,11.44,1,1.0
2024-12-05 14:00,11.19,11.19,11.19,1,1.0
2024-12-05 15:00,10.85,10.85,10.85,1,1.0
2024-12-05 16:00,10.47,10.47,10.47,1,1.0
2024-12-05 17:00,10.14,10.14,10.14,1,1.0
2024-12-05 18:00,9.91,9.91,9.91,1,1.0
2024-12-05 19:00,9.81,9.81,9.81,1,1.0
2024-12-05 20:00,9.66,9.66,9.66,1,1.0
2024-12-05 21:00,9.64,9.64,9.64,1,1.0
2024-12-05 22:00,9.65,9.65,9.65,1,1.0
2024-12-05 23:00,9.68,9.68,9.68,1,1.0
2024-12-06 00:00,9.66,9.66,9.66,1,1.0
2024-12-06 01:00,9.59,9.59,9.59,1,1.0
2024-12-06 02:00,9.39,9.39,9.39,1,1.0
2024-12-06 03:00,9.23,9.23,9.23,1,1.0
2024-12-06 04:00,8.91,8.91,8.91,1,1.0
2024-12-06 05:00,8.6,8.6,8.6,1,1.0
2024-12-06 06:00,8.33,8.33,8.33,1,1.0
2024-12-06 07:00,8.11,8.11,8.11,1,1.0
2024-12-06 08:00,8.33,8.33,8.33,1,1.0
2024-12-06 09:00,9.12,9.12,9.12,1,1.0
2024-12-06 10:00,10.26,10.26,10.26,1,1.0
2024-12-06 11:00,11.28,11.28,11.28,1,1.0
2024-12-06 12:00,12.05,12.05,12.05,1,1.0
2024-12-06 13:00,12.39,12.39,12.39,1,1.0
2024-12-06 14:00,12.38,12.38,12.38,1,1.0
2024-12-06 15:00,12.18,12.18,12.18,1,1.0
2024-12-06 16:00,11.95,11.95,11.95,1,1.0
2024-12-06 17:00,11.62,11.62,11.62,1,1.0
2024-12-06 18:00,11.29,11.29,11.29,1,1.0
2024-12-06 19:00,10.57,10.57,10.57,1,1.0
2024-12-06 20:00,10.55,10.55,10.55,1,1.0
2024-12-06 21:00,11.31,11.31,11.31,1,1.0
2024-12-06 22:00,11.45,11.45,11.45,1,1.0
2024-12-06 23:00,11.54,11.54,11.54,1,1.0
2024-12-07 00:00,11.33,11.33,11.33,1,1.0
2024-12-07 01:00,10.69,10.69,10.69,1,1.0
2024-12-07 02:00,11.09,11.09,11.09,1,1.0
2024-12-07 03:00,11.05,11.05,11.05,1,1.0
2024-12-07 04:00,10.52,10.52,10.52,1,1.0
2024-12-07 05:00,10.35,10.35,10.35,1,1.0
2024-12-07 06:00,10.6,10.6,10.6,1,1.0
2024-12-07 07:00,10.58,10.58,10.58,1,1.0
2024-12-07 08:00,10.72,10.72,10.72,1,1.0
2024-12-07 09:00,10.66,10.66,10.66,1,1.0
2024-12-07 10:00,10.69,10.69,10.69,1,1.0
2024-12-07 11:00,11.07,11.07,11.07,1,1.0
2024-12-07 12:00,11.57,11.57,11.57,1,1.0
2024-12-07 13:00,12.03,12.03,12.03,1,1.0
2024-12-07 14:00,12.49,12.49,12.49,1,1.0
2024-12-07 15:00,12.57,12.57,12.57,1,1.0
2024-12-07 16:00,12.18,12.18,12.18,1,1.0
2024-12-07 17:00,10.72,10.72,10.72,1,1.0
2024-12-07 18:00,9.98,9.98,9.98,1,1.0
2024-12-07 19:00,9.38,9.38,9.38,1,1.0
2024-12-07 20:00,11.05,11.05,11.05,1,1.0
2024-12-07 21:00,9.02,9.02,9.02,1,1.0
2024-12-07 22:00,8.14,8.14,8.14,1,1.0
2024-12-07 23:00,8.79,8.79,8.79,1,1.0
2024-12-08 00:00,10.05,10.05,10.05,1,1.0
2024-12-08 01:00,10.78,10.78,10.78,1,1.0
2024-12-08 02:00,11.17,11.17,11.17,1,1.0
2024-12-08 03:00,11.31,11.31,11.31,1,1.0
2024-12-08 04:00,11.32,11.32,11.32,1,1.0
2024-12-08 05:00,11.62,11.62,11.62,1,1.0
2024-12-08 06:00,11.76,11.76,11.76,1,1.0
2024-12-08 07:00,10.92,10.92,10.92,1,1.0
2024-12-08 08:00,10.59,10.59,10.59,1,1.0
2024-12-08 09:00,9.79,9.79,9.79,1,1.0
2024-12-08 10:00,10.58,10.58,10.58,1,1.0
2024-12-08 11:00,10.7,10.7,10.7,1,1.0
2024-12-08 12:00,11.19,11.19,11.19,1,1.0
2024-12-08 13:00,10.44,10.44,10.44,1,1.0
2024-12-08 14:00,10.67,10.67,10.67,1,1.0
2024-12-08 15:00,9.9,9.9,9.9,1,1.0
2024-12-08 16:00,9.5,9.5,9.5,1,1.0
2024-12-08 17:00,9.34,9.34,9.34,1,1.0
2024-12-08 18:00,9.28,9.28,9.28,1,1.0
2024-12-08 19:00,9.15,9.15,9.15,1,1.0
2024-12-08 20:00,9.32,9.32,9.32,1,1.0
2024-12-08 21:00,9.19,9.19,9.19,1,1.0
2024-12-08 22:00,9.15,9.15,9.15,1,1.0
2024-12-08 23:00,8.98,8.98,8.98,1,1.0
2024-12-09 00:00,9.12,9.12,9.12,1,1.0
2024-12-09 01:00,9.28,9.28,9.28,1,1.0
2024-12-09 02:00,9.66,9.66,9.66,1,1.0
2024-12-09 03:00,9.29,9.29,9.29,1,1.0
2024-12-09 04:00,9.2,9.2,9.2,1,1.0
2024-12-09 05:00,8.74,8.74,8.74,1,1.0
2024-12-09 06:00,8.58,8.58,8.58,1,1.0
2024-12-09 07:00,8.96,8.96,8.96,1,1.0
2024-12-09 08:00,9.17,9.17,9.17,1,1.0
2024-12-09 09:00,9.98,9.98,9.98,1,1.0
2024-12-09 10:00,10.67,10.67,10.67,1,1.0
2024-12-09 11:00,11.02,11.02,11.02,1,1.0
2024-12-09 12:00,11.06,11.06,11.06,1,1.0
2024-12-09 13:00,10.88,10.88,10.88,1,1.0
2024-12-09 14:00,10.81,10.81,10.81,1,1.0
2024-12-09 15:00,10.87,10.87,10.87,1,1.0
2024-12-09 16:00,10.4,10.4,10.4,1,1.0
2024-12-09 17:00,9.82,9.82,9.82,1,1.0
2024-12-09 18:00,9.78,9.78,9.78,1,1.0
2024-12-09 19:00,9.68,9.68,9.68,1,1.0
2024-12-09 20:00,9.54,9.54,9.54,1,1.0
2024-12-09 21:00,8.72,8.72,8.72,1,1.0
2024-12-09 22:00,8.65,8.65,8.65,1,1.0
2024-12-09 23:00,8.6,8.6,8.6,1,1.0
2024-12-10 00:00,8.9,8.9,8.9,1,1.0
2024-12-10 01:00,9.11,9.11,9.11,1,1.0
2024-12-10 02:00,8.98,8.98,8.98,1,1.0
2024-12-10 03:00,8.96,8.96,8.96,1,1.0
2024-12-10 04:00,8.99,8.99,8.99,1,1.0
2024-12-10 05:00,8.93,8.93,8.93,1,1.0
2024-12-10 06:00,8.6,8.6,8.6,1,1.0
2024-12-10 07:00,8.33,8.33,8.33,1,1.0
2024-12-10 08:00,9.17,9.17,9.17,1,1.0
2024-12-10 09:00,9.47,9.47,9.47,1,1.0
2024-12-10 10:00,9.81,9.81,9.81,1,1.0
2024-12-10 11:00,10.27,10.27,10.27,1,1.0
2024-12-10 12:00,11.02,11.02,11.02,1,1.0
2024-12-10 13:00,11.21,11.21,11.21,1,1.0
2024-12-10 14:00,11.27,11.27,11.27,1,1.0
2024-12-10 15:00,11.29,11.29,11.29,1,1.0
2024-12-10 16:00,11.18,11.18,11.18,1,1.0
2024-12-10 17:00,10.87,10.87,10.87,1,1.0
2024-12-10 18:00,10.49,10.49,10.49,1,1.0
2024-12-10 19:00,9.89,9.89,9.89,1,1.0
2024-12-10 20:00,9.44,9.44,9.44,1,1.0
2024-12-10 21:00,8.81,8.81,8.81,1,1.0
2024-12-10 22:00,8.53,8.53,8.53,1,1.0
2024-12-10 23:00,8.4,8.4,8.4,1,1.0
2024-12-11 00:00,8.48,8.48,8.48,1,1.0
2024-12-11 01:00,8.3,8.3,8.3,1,1.0
2024-12-11 02:00,8.48,8.48,8.48,1,1.0
2024-12-11 03:00,8.51,8.51,8.51,1,1.0
2024-12-11 04:00,8.39,8.39,8.39,1,1.0
2024-12-11 05:00,8.21,8.21,8.21,1,1.0
2024-12-11 06:00,8.01,8.01,8.01,1,1.0
2024-12-11 07:00,8.35,8.35,8.35,1,1.0
2024-12-11 08:00,8.34,8.34,8.34,1,1.0
2024-12-11 09:00,8.87,8.87,8.87,1,1.0
2024-12-11 10:00,9.99,9.99,9.99,1,1.0
2024-12-11 11:00,11.05,11.05,11.05,1,1.0
2024-12-11 12:00,11.49,11.49,11.49,1,1.0
2024-12-11 13:00,11.75,11.75,11.75,1,1.0
2024-12-11 14:00,11.88,11.88,11.88,1,1.0
2024-12-11 15:00,11.7,11.7,11.7,1,1.0
2024-12-11 16:00,11.19,11.19,11.19,1,1.0
2024-12-11 17:00,10.63,10.63,10.63,1,1.0
2024-12-11 18:00,9.93,9.93,9.93,1,1.0
2024-12-11 19:00,9.74,9.74,9.74,1,1.0
2024-12-11 20:00,9.64,9.64,9.64,1,1.0
2024-12-11 21:00,9.39,9.39,9.39,1,1.0
2024-12-11 22:00,9.23,9.23,9.23,1,1.0
2024-12-11 23:00,8.95,8.95,8.95,1,1.0
2024-12-12 00:00,8.14,8.14,8.14,1,1.0
2024-12-12 01:00,8.14,8.14,8.14,1,1.0
2024-12-12 02:00,8.28,8.28,8.28,1,1.0
2024-12-12 03:00,8.46,8.46,8.46,1,1.0
2024-12-12 04:00,8.35,8.35,8.35,1,1.0
2024-12-12 05:00,8.58,8.58,8.58,1,1.0
2024-12-12 06:00,8.28,8.28,8.28,1,1.0
2024-12-12 07:00,8.22,8.22,8.22,1,1.0
2024-12-12 08:00,8.63,8.63,8.63,1,1.0
2024-12-12 09:00,9.75,9.75,9.75,1,1.0
2024-12-12 10:00,11.06,11.06,11.06,1,1.0
2024-12-12 11:00,11.91,11.91,11.91,1,1.0
2024-12-12 12:00,12.62,12.62,12.62,1,1.0
2024-12-12 13:00,13.21,13.21,13.21,1,1.0
2024-12-12 14:00,13.51,13.51,13.51,1,1.0
2024-12-12 15:00,13.56,13.56,13.56,1,1.0
2024-12-12 16:00,13.19,13.19,13.19,1,1.0
2024-12-12 17:00,12.35,12.35,12.35,1,1.0
2024-12-12 18:00,11.65,11.65,11.65,1,1.0
2024-12-12 19:00,10.99,10.99,10.99,1,1.0
2024-12-12 20:00,10.82,10.82,10.82,1,1.0
2024-12-12 21:00,10.45,10.45,10.45,1,1.0
2024-12-12 22:00,10.04,10.04,10.04,1,1.0
2024-12-12 23:00,9.85,9.85,9.85,1,1.0
2024-12-13 00:00,9.74,9.74,9.74,1,1.0
2024-12-13 01:00,9.54,9.54,9.54,1,1.0
2024-12-13 02:00,9.54,9.54,9.54,1,1.0
2024-12-13 03:00,9.6,9.6,9.6,1,1.0
2024-12-13 04:00,9.53,9.53,9.53,1,1.0
2024-12-13 05:00,9.43,9.43,9.43,1,1.0
2024-12-13 06:00,9.46,9.46,9.46,1,1.0
2024-12-13 07:00,9.44,9.44,9.44,1,1.0
2024-12-13 08:00,9.78,9.78,9.78,1,1.0
2024-12-13 09:00,10.29,10.29,10.29,1,1.0
2024-12-13 10:00,11.01,11.01,11.01,1,1.0
2024-12-13 11:00,11.8,11.8,11.8,1,1.0
2024-12-13 12:00,12.63,12.63,12.63,1,1.0
2024-12-13 13:00,13.16,13.16,13.16,1,1.0
2024-12-13 14:00,13.56,13.56,13.56,1,1.0
2024-12-13 15:00,13.72,13.72,13.72,1,1.0
2024-12-13 16:00,13.3,13.3,13.3,1,1.0
2024-12-13 17:00,12.8,12.8,12.8,1,1.0
2024-12-13 18:00,12.43,12.43,12.43,1,1.0
2024-12-13 19:00,12.04,12.04,12.04,1,1.0
2024-12-13 20:00,12.16,12.16,12.16,1,1.0
2024-12-13 21:00,11.74,11.74,11.74,1,1.0
2024-12-13 22:00,11.88,11.88,11.88,1,1.0
2024-12-13 23:00,12.14,12.14,12.14,1,1.0
2024-12-14 00:00,12.76,12.76,12.76,1,1.0
2024-12-14 01:00,12.93,12.93,12.93,1,1.0
2024-12-14 02:00,12.95,12.95,12.95,1,1.0
2024-12-14 03:00,12.96,12.96,12.96,1,1.0
2024-12-14 04:00,12.56,12.56,12.56,1,1.0
2024-12-14 05:00,12.48,12.48,12.48,1,1.0
2024-12-14 06:00,12.62,12.62,12.62,1,1.0
2024-12-14 07:00,12.56,12.56,12.56,1,1.0
2024-12-14 08:00,12.68,12.68,12.68,1,1.0
2024-12-14 09:00,12.99,12.99,12.99,1,1.0
2024-12-14 10:00,13.57,13.57,13.57,1,1.0
2024-12-14 11:00,14.02,14.02,14.02,1,1.0
2024-12-14 12:00,14.48,14.48,14.48,1,1.0
2024-12-14 13:00,14.25,14.25,14.25,1,1.0
2024-12-14 14:00,13.49,13.49,13.49,1,1.0
2024-12-14 15:00,12.9,12.9,12.9,1,1.0
2024-12-14 16:00,12.24,12.24,12.24,1,1.0
2024-12-14 17:00,11.48,11.48,11.48,1,1.0
2024-12-14 18:00,11.03,11.03,11.03,1,1.0
2024-12-14 19:00,10.88,10.88,10.88,1,1.0
2024-12-14 20:00,10.94,10.94,10.94,1,1.0
2024-12-14 21:00,10.78,10.78,10.78,1,1.0
2024-12-14 22:00,10.55,10.55,10.55,1,1.0
2024-12-14 23:00,10.37,10.37,10.37,1,1.0
2024-12-15 00:00,10.22,10.22,10.22,1,1.0
2024-12-15 01:00,10.02,10.02,10.02,1,1.0
2024-12-15 02:00,10.51,10.51,10.51,1,1.0
2024-12-15 03:00,10.58,10.58,10.58,1,1.0
2024-12-15 04:00,10.57,10.57,10.57,1,1.0
2024-12-15 05:00,10.4,10.4,10.4,1,1.0
2024-12-15 06:00,10.26,10.26,10.26,1,1.0
2024-12-15 07:00,9.63,9.63,9.63,1,1.0
2024-12-15 08:00,9.04,9.04,9.04,1,1.0
2024-12-15 09:00,10.16,10.16,10.16,1,1.0
2024-12-15 10:00,10.66,10.66,10.66,1,1.0
2024-12-15 11:00,11.38,11.38,11.38,1,1.0
2024-12-15 12:00,11.88,11.88,11.88,1,1.0
2024-12-15 13:00,12.19,12.19,12.19,1,1.0
2024-12-15 14:00,12.41,12.41,12.41,1,1.0
2024-12-15 15:00,12.24,12.24,12.24,1,1.0
2024-12-15 16:00,11.75,11.75,11.75,1,1.0
2024-12-15 17:00,10.9,10.9,10.9,1,1.0
2024-12-15 18:00,10.16,10.16,10.16,1,1.0
2024-12-15 19:00,9.57,9.57,9.57,1,1.0
2024-12-15 20:00,9.25,9.25,9.25,1,1.0
2024-12-15 21:00,9.29,9.29,9.29,1,1.0
2024-12-15 22:00,9.43,9.43,9.43,1,1.0
2024-12-15 23:00,9.55,9.55,9.55,1,1.0
2024-12-16 00:00,9.54,9.54,9.54,1,1.0
2024-12-16 01:00,9.26,9.26,9.26,1,1.0
2024-12-16 02:00,8.9,8.9,8.9,1,1.0
2024-12-16 03:00,8.69,8.69,8.69,1,1.0
2024-12-16 04:00,8.53,8.53,8.53,1,1.0
2024-12-16 05:00,8.33,8.33,8.33,1,1.0
2024-12-16 06:00,8.26,8.26,8.26,1,1.0
2024-12-16 07:00,8.05,8.05,8.05,1,1.0
2024-12-16 08:00,7.77,7.77,7.77,1,1.0
2024-12-16 09:00,8.61,8.61,8.61,1,1.0
2024-12-16 10:00,10.02,10.02,10.02,1,1.0
2024-12-16 11:00,11.15,11.15,11.15,1,1.0
2024-12-16 12:00,12.01,12.01,12.01,1,1.0
2024-12-16 13:00,12.68,12.68,12.68,1,1.0
2024-12-16 14:00,13.1,13.1,13.1,1,1.0
2024-12-16 15:00,13.17,13.17,13.17,1,1.0
2024-12-16 16:00,12.72,12.72,12.72,1,1.0
2024-12-16 17:00,11.88,11.88,11.88,1,1.0
2024-12-16 18:00,10.94,10.94,10.94,1,1.0
2024-12-16 19:00,10.31,10.31,10.31,1,1.0
2024-12-16 20:00,9.39,9.39,9.39,1,1.0
2024-12-16 21:00,8.48,8.48,8.48,1,1.0
2024-12-16 22:00,7.93,7.93,7.93,1,1.0
2024-12-16 23:00,7.49,7.49,7.49,1,1.0
2024-12-17 00:00,7.19,7.19,7.19,1,1.0
2024-12-17 01:00,7.18,7.18,7.18,1,1.0
2024-12-17 02:00,7.17,7.17,7.17,1,1.0
2024-12-17 03:00,7.03,7.03,7.03,1,1.0
2024-12-17 04:00,6.78,6.78,6.78,1,1.0
2024-12-17 05:00,6.54,6.54,6.54,1,1.0
2024-12-17 06:00,6.5,6.5,6.5,1,1.0
2024-12-17 07:00,6.99,6.99,6.99,1,1.0
2024-12-17 08:00,8.73,8.73,8.73,1,1.0
2024-12-17 09:00,10.36,10.36,10.36,1,1.0
2024-12-17 10:00,12.58,12.58,12.58,1,1.0
2024-12-17 11:00,13.6,13.6,13.6,1,1.0
2024-12-17 12:00,14.05,14.05,14.05,1,1.0
2024-12-17 13:00,14.32,14.32,14.32,1,1.0
2024-12-17 14:00,14.3,14.3,14.3,1,1.0
2024-12-17 15:00,14.0,14.0,14.0,1,1.0
2024-12-17 16:00,13.35,13.35,13.35,1,1.0
2024-12-17 17:00,11.91,11.91,11.91,1,1.0
2024-12-17 18:00,11.57,11.57,11.57,1,1.0
2024-12-17 19:00,12.51,12.51,12.51,1,1.0
2024-12-17 20:00,11.57,11.57,11.57,1,1.0
2024-12-17 21:00,11.29,11.29,11.29,1,1.0
2024-12-17 22:00,11.03,11.03,11.03,1,1.0
2024-12-17 23:00,10.8,10.8,10.8,1,1.0
2024-12-18 00:00,10.42,10.42,10.42,1,1.0
2024-12-18 01:00,10.32,10.32,10.32,1,1.0
2024-12-18 02:00,9.27,9.27,9.27,1,1.0
2024-12-18 03:00,7.78,7.78,7.78,1,1.0
2024-12-18 04:00,6.31,6.31,6.31,1,1.0
2024-12-18 05:00,5.91,5.91,5.91,1,1.0
2024-12-18 06:00,5.89,5.89,5.89,1,1.0
2024-12-18 07:00,6.16,6.16,6.16,1,1.0
2024-12-18 08:00,7.28,7.28,7.28,1,1.0
2024-12-18 09:00,8.8,8.8,8.8,1,1.0
2024-12-18 10:00,9.75,9.75,9.75,1,1.0
2024-12-18 11:00,11.04,11.04,11.04,1,1.0
2024-12-18 12:00,12.0,12.0,12.0,1,1.0
2024-12-18 13:00,12.25,12.25,12.25,1,1.0
2024-12-18 14:00,12.3,12.3,12.3,1,1.0
2024-12-18 15:00,12.16,12.16,12.16,1,1.0
2024-12-18 16:00,11.63,11.63,11.63,1,1.0
2024-12-18 17:00,10.95,10.95,10.95,1,1.0
2024-12-18 18:00,9.86,9.86,9.86,1,1.0
2024-12-18 19:00,9.53,9.53,9.53,1,1.0
2024-12-18 20:00,10.89,10.89,10.89,1,1.0
2024-12-18 21:00,10.76,10.76,10.76,1,1.0
2024-12-18 22:00,10.62,10.62,10.62,1,1.0
2024-12-18 23:00,10.48,10.48,10.48,1,1.0
2024-12-19 00:00,10.34,10.34,10.34,1,1.0
2024-12-19 01:00,10.15,10.15,10.15,1,1.0
2024-12-19 02:00,10.53,10.53,10.53,1,1.0
2024-12-19 03:00,10.47,10.47,10.47,1,1.0
2024-12-19 04:00,9.63,9.63,9.63,1,1.0
2024-12-19 05:00,7.8,7.8,7.8,1,1.0
2024-12-19 06:00,8.09,8.09,8.09,1,1.0
2024-12-19 07:00,8.39,8.39,8.39,1,1.0
2024-12-19 08:00,9.22,9.22,9.22,1,1.0
2024-12-19 09:00,10.22,10.22,10.22,1,1.0
2024-12-19 10:00,11.31,11.31,11.31,1,1.0
2024-12-19 11:00,12.05,12.05,12.05,1,1.0
2024-12-19 12:00,12.66,12.66,12.66,1,1.0
2024-12-19 13:00,12.92,12.92,12.92,1,1.0
2024-12-19 14:00,12.95,12.95,12.95,1,1.0
2024-12-19 15:00,12.93,12.93,12.93,1,1.0
2024-12-19 16:00,12.29,12.29,12.29,1,1.0
2024-12-19 17:00,11.66,11.66,11.66,1,1.0
2024-12-19 18:00,11.48,11.48,11.48,1,1.0
2024-12-19 19:00,11.54,11.54,11.54,1,1.0
2024-12-19 20:00,11.82,11.82,11.82,1,1.0
2024-12-19 21:00,12.05,12.05,12.05,1,1.0
2024-12-19 22:00,12.36,12.36,12.36,1,1.0
2024-12-19 23:00,12.48,12.48,12.48,1,1.0
2024-12-20 00:00,12.68,12.68,12.68,1,1.0
2024-12-20 01:00,12.35,12.35,12.35,1,1.0
2024-12-20 02:00,12.69,12.69,12.69,1,1.0
2024-12-20 03:00,13.12,13.12,13.12,1,1.0
2024-12-20 04:00,13.16,13.16,13.16,1,1.0
2024-12-20 05:00,13.17,13.17,13.17,1,1.0
2024-12-20 06:00,12.87,12.87,12.87,1,1.0
2024-12-20 07:00,12.51,12.51,12.51,1,1.0
2024-12-20 08:00,12.22,12.22,12.22,1,1.0
2024-12-20 09:00,12.27,12.27,12.27,1,1.0
2024-12-20 10:00,12.4,12.4,12.4,1,1.0
2024-12-20 11:00,12.68,12.68,12.68,1,1.0
2024-12-20 12:00,11.45,11.45,11.45,1,1.0
2024-12-20 13:00,9.92,9.92,9.92,1,1.0
2024-12-20 14:00,9.73,9.73,9.73,1,1.0
2024-12-20 15:00,8.94,8.94,8.94,1,1.0
2024-12-20 16:00,8.29,8.29,8.29,1,1.0
2024-12-20 17:00,7.95,7.95,7.95,1,1.0
2024-12-20 18:00,7.69,7.69,7.69,1,1.0
2024-12-20 19:00,7.43,7.43,7.43,1,1.0
2024-12-20 20:00,7.28,7.28,7.28,1,1.0
2024-12-20 21:00,7.13,7.13,7.13,1,1.0
2024-12-20 22:00,6.95,6.95,6.95,1,1.0
2024-12-20 23:00,7.12,7.12,7.12,1,1.0
2024-12-21 00:00,7.0,7.0,7.0,1,1.0
2024-12-21 01:00,6.75,6.75,6.75,1,1.0
2024-12-21 02:00,6.68,6.68,6.68,1,1.0
2024-12-21 03:00,6.93,6.93,6.93,1,1.0
2024-12-21 04:00,7.07,7.07,7.07,1,1.0
2024-12-21 05:00,7.2,7.2,7.2,1,1.0
2024-12-21 06:00,7.15,7.15,7.15,1,1.0
2024-12-21 07:00,7.07,7.07,7.07,1,1.0
2024-12-21 08:00,7.43,7.43,7.43,1,1.0
2024-12-21 09:00,7.79,7.79,7.79,1,1.0
2024-12-21 10:00,8.25,8.25,8.25,1,1.0
2024-12-21 11:00,8.88,8.88,8.88,1,1.0
2024-12-21 12:00,9.54,9.54,9.54,1,1.0
2024-12-21 13:00,10.0,10.0,10.0,1,1.0
2024-12-21 14:00,10.22,10.22,10.22,1,1.0
2024-12-21 15:00,10.11,10.11,10.11,1,1.0
2024-12-21 16:00,9.71,9.71,9.71,1,1.0
2024-12-21 17:00,9.08,9.08,9.08,1,1.0
2024-12-21 18:00,8.45,8.45,8.45,1,1.0
2024-12-21 19:00,7.85,7.85,7.85,1,1.0
2024-12-21 20:00,8.12,8.12,8.12,1,1.0
2024-12-21 21:00,7.69,7.69,7.69,1,1.0
2024-12-21 22:00,7.25,7.25,7.25,1,1.0
2024-12-21 23:00,6.84,6.84,6.84,1,1.0
2024-12-22 00:00,6.58,6.58,6.58,1,1.0
2024-12-22 01:00,6.32,6.32,6.32,1,1.0
2024-12-22 02:00,6.19,6.19,6.19,1,1.0
2024-12-22 03:00,6.02,6.02,6.02,1,1.0
2024-12-22 04:00,5.88,5.88,5.88,1,1.0
2024-12-22 05:00,5.78,5.78,5.78,1,1.0
2024-12-22 06:00,5.65,5.65,5.65,1,1.0
2024-12-22 07:00,5.46,5.46,5.46,1,1.0
2024-12-22 08:00,5.6,5.6,5.6,1,1.0
2024-12-22 09:00,7.69,7.69,7.69,1,1.0
2024-12-22 10:00,9.46,9.46,9.46,1,1.0
2024-12-22 11:00,10.29,10.29,10.29,1,1.0
2024-12-22 12:00,10.65,10.65,10.65,1,1.0
2024-12-22 13:00,10.78,10.78,10.78,1,1.0
2024-12-22 14:00,10.99,10.99,10.99,1,1.0
2024-12-22 15:00,11.21,11.21,11.21,1,1.0
2024-12-22 16:00,11.18,11.18,11.18,1,1.0
2024-12-22 17:00,11.0,11.0,11.0,1,1.0
2024-12-22 18:00,10.62,10.62,10.62,1,1.0
2024-12-22 19:00,10.89,10.89,10.89,1,1.0
2024-12-22 20:00,10.38,10.38,10.38,1,1.0
2024-12-22 21:00,11.16,11.16,11.16,1,1.0
2024-12-22 22:00,11.28,11.28,11.28,1,1.0
2024-12-22 23:00,11.5,11.5,11.5,1,1.0
2024-12-23 00:00,11.48,11.48,11.48,1,1.0
2024-12-23 01:00,11.2,11.2,11.2,1,1.0
2024-12-23 02:00,10.33,10.33,10.33,1,1.0
2024-12-23 03:00,10.46,10.46,10.46,1,1.0
2024-12-23 04:00,10.33,10.33,10.33,1,1.0
2024-12-23 05:00,9.6,9.6,9.6,1,1.0
2024-12-23 06:00,8.78,8.78,8.78,1,1.0
2024-12-23 07:00,8.33,8.33,8.33,1,1.0
2024-12-23 08:00,7.22,7.22,7.22,1,1.0
2024-12-23 09:00,7.65,7.65,7.65,1,1.0
2024-12-23 10:00,7.94,7.94,7.94,1,1.0
2024-12-23 11:00,8.33,8.33,8.33,1,1.0
2024-12-23 12:00,8.26,8.26,8.26,1,1.0
2024-12-23 13:00,8.41,8.41,8.41,1,1.0
2024-12-23 14:00,8.13,8.13,8.13,1,1.0
2024-12-23 15:00,8.05,8.05,8.05,1,1.0
2024-12-23 16:00,7.6,7.6,7.6,1,1.0
2024-12-23 17:00,6.77,6.77,6.77,1,1.0
2024-12-23 18:00,6.26,6.26,6.26,1,1.0
2024-12-23 19:00,6.15,6.15,6.15,1,1.0
2024-12-23 20:00,5.98,5.98,5.98,1,1.0
2024-12-23 21:00,5.82,5.82,5.82,1,1.0
2024-12-23 22:00,5.73,5.73,5.73,1,1.0
2024-12-23 23:00,5.71,5.71,5.71,1,1.0
2024-12-24 00:00,5.66,5.66,5.66,1,1.0
2024-12-24 01:00,5.42,5.42,5.42,1,1.0
2024-12-24 02:00,5.21,5.21,5.21,1,1.0
2024-12-24 03:00,4.99,4.99,4.99,1,1.0
2024-12-24 04:00,5.0,5.0,5.0,1,1.0
2024-12-24 05:00,4.95,4.95,4.95,1,1.0
2024-12-24 06:00,5.19,5.19,5.19,1,1.0
2024-12-24 07:00,5.26,5.26,5.26,1,1.0
2024-12-24 08:00,5.98,5.98,5.98,1,1.0
2024-12-24 09:00,6.24,6.24,6.24,1,1.0
2024-12-24 10:00,6.61,6.61,6.61,1,1.0
2024-12-24 11:00,7.14,7.14,7.14,1,1.0
2024-12-24 12:00,7.16,7.16,7.16,1,1.0
2024-12-24 13:00,7.26,7.26,7.26,1,1.0
2024-12-24 14:00,7.07,7.07,7.07,1,1.0
2024-12-24 15:00,6.89,6.89,6.89,1,1.0
2024-12-24 16:00,6.57,6.57,6.57,1,1.0
2024-12-24 17:00,6.24,6.24,6.24,1,1.0
2024-12-24 18:00,6.07,6.07,6.07,1,1.0
2024-12-24 19:00,5.96,5.96,5.96,1,1.0
2024-12-24 20:00,6.36,6.36,6.36,1,1.0
2024-12-24 21:00,6.45,6.45,6.45,1,1.0
2024-12-24 22:00,6.26,6.26,6.26,1,1.0
2024-12-24 23:00,6.1,6.1,6.1,1,1.0
2024-12-25 00:00,5.79,5.79,5.79,1,1.0
2024-12-25 01:00,5.66,5.66,5.66,1,1.0
2024-12-25 02:00,5.66,5.66,5.66,1,1.0
2024-12-25 03:00,5.6,5.6,5.6,1,1.0
2024-12-25 04:00,5.69,5.69,5.69,1,1.0
2024-12-25 05:00,5.94,5.94,5.94,1,1.0
2024-12-25 06:00,6.14,6.14,6.14,1,1.0
2024-12-25 07:00,6.5,6.5,6.5,1,1.0
2024-12-25 08:00,7.37,7.37,7.37,1,1.0
2024-12-25 09:00,7.99,7.99,7.99,1,1.0
2024-12-25 10:00,8.65,8.65,8.65,1,1.0
2024-12-25 11:00,9.18,9.18,9.18,1,1.0
2024-12-25 12:00,9.31,9.31,9.31,1,1.0
2024-12-25 13:00,9.16,9.16,9.16,1,1.0
2024-12-25 14:00,9.1,9.1,9.1,1,1.0
2024-12-25 15:00,8.97,8.97,8.97,1,1.0
2024-12-25 16:00,8.62,8.62,8.62,1,1.0
2024-12-25 17:00,8.23,8.23,8.23,1,1.0
2024-12-25 18:00,8.04,8.04,8.04,1,1.0
2024-12-25 19:00,8.01,8.01,8.01,1,1.0
2024-12-25 20:00,8.75,8.75,8.75,1,1.0
2024-12-25 21:00,8.95,8.95,8.95,1,1.0
2024-12-25 22:00,8.91,8.91,8.91,1,1.0
2024-12-25 23:00,8.66,8.66,8.66,1,1.0
2024-12-26 00:00,8.37,8.37,8.37,1,1.0
2024-12-26 01:00,8.1,8.1,8.1,1,1.0
2024-12-26 02:00,7.92,7.92,7.92,1,1.0
2024-12-26 03:00,7.68,7.68,7.68,1,1.0
2024-12-26 04:00,7.69,7.69,7.69,1,1.0
2024-12-26 05:00,7.73,7.73,7.73,1,1.0
2024-12-26 06:00,7.71,7.71,7.71,1,1.0
2024-12-26 07:00,7.7,7.7,7.7,1,1.0
2024-12-26 08:00,8.9,8.9,8.9,1,1.0
2024-12-26 09:00,9.03,9.03,9.03,1,1.0
2024-12-26 10:00,9.45,9.45,9.45,1,1.0
2024-12-26 11:00,10.37,10.37,10.37,1,1.0
2024-12-26 12:00,11.06,11.06,11.06,1,1.0
2024-12-26 13:00,10.89,10.89,10.89,1,1.0
2024-12-26 14:00,10.76,10.76,10.76,1,1.0
2024-12-26 15:00,10.59,10.59,10.59,1,1.0
2024-12-26 16:00,10.18,10.18,10.18,1,1.0
2024-12-26 17:00,9.7,9.7,9.7,1,1.0
2024-12-26 18:00,9.42,9.42,9.42,1,1.0
2024-12-26 19:00,9.27,9.27,9.27,1,1.0
2024-12-26 20:00,10.22,10.22,10.22,1,1.0
2024-12-26 21:00,10.11,10.11,10.11,1,1.0
2024-12-26 22:00,10.0,10.0,10.0,1,1.0
2024-12-26 23:00,9.88,9.88,9.88,1,1.0
2024-12-27 00:00,9.82,9.82,9.82,1,1.0
2024-12-27 01:00,9.71,9.71,9.71,1,1.0
2024-12-27 02:00,9.44,9.44,9.44,1,1.0
2024-12-27 03:00,9.28,9.28,9.28,1,1.0
2024-12-27 04:00,9.15,9.15,9.15,1,1.0
2024-12-27 05:00,9.01,9.01,9.01,1,1.0
2024-12-27 06:00,8.9,8.9,8.9,1,1.0
2024-12-27 07:00,8.8,8.8,8.8,1,1.0
2024-12-27 08:00,9.54,9.54,9.54,1,1.0
2024-12-27 09:00,10.01,10.01,10.01,1,1.0
2024-12-27 10:00,10.55,10.55,10.55,1,1.0
2024-12-27 11:00,11.35,11.35,11.35,1,1.0
2024-12-27 12:00,12.12,12.12,12.12,1,1.0
2024-12-27 13:00,12.61,12.61,12.61,1,1.0
2024-12-27 14:00,12.67,12.67,12.67,1,1.0
2024-12-27 15:00,12.44,12.44,12.44,1,1.0
2024-12-27 16:00,11.9,11.9,11.9,1,1.0
2024-12-27 17:00,11.1,11.1,11.1,1,1.0
2024-12-27 18:00,10.35,10.35,10.35,1,1.0
2024-12-27 19:00,9.78,9.78,9.78,1,1.0
2024-12-27 20:00,9.75,9.75,9.75,1,1.0
2024-12-27 21:00,9.26,9.26,9.26,1,1.0
2024-12-27 22:00,8.89,8.89,8.89,1,1.0
2024-12-27 23:00,8.48,8.48,8.48,1,1.0
2024-12-28 00:00,8.18,8.18,8.18,1,1.0
2024-12-28 01:00,7.89,7.89,7.89,1,1.0
2024-12-28 02:00,7.73,7.73,7.73,1,1.0
2024-12-28 03:00,7.56,7.56,7.56,1,1.0
2024-12-28 04:00,7.43,7.43,7.43,1,1.0
2024-12-28 05:00,7.26,7.26,7.26,1,1.0
2024-12-28 06:00,7.18,7.18,7.18,1,1.0
2024-12-28 07:00,7.09,7.09,7.09,1,1.0
2024-12-28 08:00,7.45,7.45,7.45,1,1.0
2024-12-28 09:00,8.4,8.4,8.4,1,1.0
2024-12-28 10:00,10.05,10.05,10.05,1,1.0
2024-12-28 11:00,11.5,11.5,11.5,1,1.0
2024-12-28 12:00,12.52,12.52,12.52,1,1.0
2024-12-28 13:00,13.23,13.23,13.23,1,1.0
2024-12-28 14:00,13.61,13.61,13.61,1,1.0
2024-12-28 15:00,13.63,13.63,13.63,1,1.0
2024-12-28 16:00,13.07,13.07,13.07,1,1.0
2024-12-28 17:00,12.06,12.06,12.06,1,1.0
2024-12-28 18:00,11.0,11.0,11.0,1,1.0
2024-12-28 19:00,10.07,10.07,10.07,1,1.0
2024-12-28 20:00,9.43,9.43,9.43,1,1.0
2024-12-28 21:00,8.71,8.71,8.71,1,1.0
2024-12-28 22:00,8.18,8.18,8.18,1,1.0
2024-12-28 23:00,8.0,8.0,8.0,1,1.0
2024-12-29 00:00,7.93,7.93,7.93,1,1.0
2024-12-29 01:00,7.72,7.72,7.72,1,1.0
2024-12-29 02:00,7.69,7.69,7.69,1,1.0
2024-12-29 03:00,7.64,7.64,7.64,1,1.0
2024-12-29 04:00,7.59,7.59,7.59,1,1.0
2024-12-29 05:00,7.53,7.53,7.53,1,1.0
2024-12-29 06:00,7.49,7.49,7.49,1,1.0
2024-12-29 07:00,7.44,7.44,7.44,1,1.0
2024-12-29 08:00,7.49,7.49,7.49,1,1.0
2024-12-29 09:00,8.68,8.68,8.68,1,1.0
2024-12-29 10:00,10.73,10.73,10.73,1,1.0
2024-12-29 11:00,12.37,12.37,12.37,1,1.0
2024-12-29 12:00,13.36,13.36,13.36,1,1.0
2024-12-29 13:00,13.96,13.96,13.96,1,1.0
2024-12-29 14:00,14.24,14.24,14.24,1,1.0
2024-12-29 15:00,14.24,14.24,14.24,1,1.0
2024-12-29 16:00,13.53,13.53,13.53,1,1.0
2024-12-29 17:00,12.67,12.67,12.67,1,1.0
2024-12-29 18:00,12.67,12.67,12.67,1,1.0
2024-12-29 19:00,12.47,12.47,12.47,1,1.0
2024-12-29 20:00,11.93,11.93,11.93,1,1.0
2024-12-29 21:00,11.44,11.44,11.44,1,1.0
2024-12-29 22:00,9.91,9.91,9.91,1,1.0
2024-12-29 23:00,8.31,8.31,8.31,1,1.0
2024-12-30 00:00,7.47,7.47,7.47,1,1.0
2024-12-30 01:00,6.94,6.94,6.94,1,1.0
2024-12-30 02:00,6.55,6.55,6.55,1,1.0
2024-12-30 03:00,6.31,6.31,6.31,1,1.0
2024-12-30 04:00,6.23,6.23,6.23,1,1.0
2024-12-30 05:00,6.06,6.06,6.06,1,1.0
2024-12-30 06:00,5.87,5.87,5.87,1,1.0
2024-12-30 07:00,5.71,5.71,5.71,1,1.0
2024-12-30 08:00,6.0,6.0,6.0,1,1.0
2024-12-30 09:00,7.39,7.39,7.39,1,1.0
2024-12-30 10:00,11.33,11.33,11.33,1,1.0
2024-12-30 11:00,12.79,12.79,12.79,1,1.0
2024-12-30 12:00,13.43,13.43,13.43,1,1.0
2024-12-30 13:00,13.69,13.69,13.69,1,1.0
2024-12-30 14:00,13.73,13.73,13.73,1,1.0
2024-12-30 15:00,13.49,13.49,13.49,1,1.0
2024-12-30 16:00,12.93,12.93,12.93,1,1.0
2024-12-30 17:00,11.68,11.68,11.68,1,1.0
2024-12-30 18:00,12.09,12.09,12.09,1,1.0
2024-12-30 19:00,11.82,11.82,11.82,1,1.0
2024-12-30 20:00,11.65,11.65,11.65,1,1.0
2024-12-30 21:00,11.11,11.11,11.11,1,1.0
2024-12-30 22:00,10.72,10.72,10.72,1,1.0
2024-12-30 23:00,10.37,10.37,10.37,1,1.0
2024-12-31 00:00,9.78,9.78,9.78,1,1.0
2024-12-31 01:00,9.41,9.41,9.41,1,1.0
2024-12-31 02:00,9.02,9.02,9.02,1,1.0
2024-12-31 03:00,8.37,8.37,8.37,1,1.0
2024-12-31 04:00,7.59,7.59,7.59,1,1.0
2024-12-31 05:00,7.0,7.0,7.0,1,1.0
2024-12-31 06:00,6.49,6.49,6.49,1,1.0
2024-12-31 07:00,6.41,6.41,6.41,1,1.0
2024-12-31 08:00,8.57,8.57,8.57,1,1.0
2024-12-31 09:00,9.07,9.07,9.07,1,1.0
2024-12-31 10:00,10.82,10.82,10.82,1,1.0
2024-12-31 11:00,12.14,12.14,12.14,1,1.0
2024-12-31 12:00,12.61,12.61,12.61,1,1.0
2024-12-31 13:00,12.81,12.81,12.81,1,1.0
2024-12-31 14:00,12.97,12.97,12.97,1,1.0
2024-12-31 15:00,12.81,12.81,12.81,1,1.0
2024-12-31 16:00,12.39,12.39,12.39,1,1.0
2024-12-31 17:00,11.49,11.49,11.49,1,1.0
2024-12-31 18:00,10.86,10.86,10.86,1,1.0
2024-12-31 19:00,11.32,11.32,11.32,1,1.0
2024-12-31 20:00,10.7,10.7,10.7,1,1.0
2024-12-31 21:00,10.02,10.02,10.02,1,1.0
2024-12-31 22:00,8.77,8.77,8.77,1,1.0
2024-12-31 23:00,7.81,7.81,7.81,1,1.0
2025-01-01 00:00,7.18,7.18,7.18,1,1.0
2025-01-01 01:00,6.72,6.72,6.72,1,1.0
2025-01-01 02:00,6.66,6.66,6.66,1,1.0
2025-01-01 03:00,7.25,7.25,7.25,1,1.0
2025-01-01 04:00,7.86,7.86,7.86,1,1.0
2025-01-01 05:00,6.96,6.96,6.96,1,1.0
2025-01-01 06:00,5.83,5.83,5.83,1,1.0
2025-01-01 07:00,5.22,5.22,5.22,1,1.0
2025-01-01 08:00,5.06,5.06,5.06,1,1.0
2025-01-01 09:00,7.01,7.01,7.01,1,1.0
2025-01-01 10:00,9.93,9.93,9.93,1,1.0
2025-01-01 11:00,11.65,11.65,11.65,1,1.0
2025-01-01 12:00,12.56,12.56,12.56,1,1.0
2025-01-01 13:00,12.97,12.97,12.97,1,1.0
2025-01-01 14:00,13.04,13.04,13.04,1,1.0
2025-01-01 15:00,12.78,12.78,12.78,1,1.0
2025-01-01 16:00,12.2,12.2,12.2,1,1.0
2025-01-01 17:00,11.31,11.31,11.31,1,1.0
2025-01-01 18:00,11.29,11.29,11.29,1,1.0
2025-01-01 19:00,10.97,10.97,10.97,1,1.0
2025-01-01 20:00,10.77,10.77,10.77,1,1.0
2025-01-01 21:00,10.37,10.37,10.37,1,1.0
2025-01-01 22:00,10.05,10.05,10.05,1,1.0
2025-01-01 23:00,9.81,9.81,9.81,1,1.0
2025-01-02 00:00,9.64,9.64,9.64,1,1.0
2025-01-02 01:00,9.41,9.41,9.41,1,1.0
2025-01-02 02:00,9.29,9.29,9.29,1,1.0
2025-01-02 03:00,9.16,9.16,9.16,1,1.0
2025-01-02 04:00,8.78,8.78,8.78,1,1.0
2025-01-02 05:00,6.86,6.86,6.86,1,1.0
2025-01-02 06:00,5.63,5.63,5.63,1,1.0
2025-01-02 07:00,5.6,5.6,5.6,1,1.0
2025-01-02 08:00,6.29,6.29,6.29,1,1.0
2025-01-02 09:00,7.82,7.82,7.82,1,1.0
2025-01-02 10:00,9.18,9.18,9.18,1,1.0
2025-01-02 11:00,9.97,9.97,9.97,1,1.0
2025-01-02 12:00,10.8,10.8,10.8,1,1.0
2025-01-02 13:00,11.26,11.26,11.26,1,1.0
2025-01-02 14:00,11.39,11.39,11.39,1,1.0
2025-01-02 15:00,11.37,11.37,11.37,1,1.0
2025-01-02 16:00,10.95,10.95,10.95,1,1.0
2025-01-02 17:00,10.29,10.29,10.29,1,1.0
2025-01-02 18:00,9.82,9.82,9.82,1,1.0
2025-01-02 19:00,9.41,9.41,9.41,1,1.0
2025-01-02 20:00,9.21,9.21,9.21,1,1.0
2025-01-02 21:00,9.22,9.22,9.22,1,1.0
2025-01-02 22:00,8.84,8.84,8.84,1,1.0
2025-01-02 23:00,9.14,9.14,9.14,1,1.0
2025-01-03 00:00,9.47,9.47,9.47,1,1.0
2025-01-03 01:00,9.5,9.5,9.5,1,1.0
2025-01-03 02:00,9.56,9.56,9.56,1,1.0
2025-01-03 03:00,9.58,9.58,9.58,1,1.0
2025-01-03 04:00,9.66,9.66,9.66,1,1.0
2025-01-03 05:00,9.8,9.8,9.8,1,1.0
2025-01-03 06:00,10.06,10.06,10.06,1,1.0
2025-01-03 07:00,10.22,10.22,10.22,1,1.0
2025-01-03 08:00,10.78,10.78,10.78,1,1.0
2025-01-03 09:00,11.07,11.07,11.07,1,1.0
2025-01-03 10:00,11.72,11.72,11.72,1,1.0
2025-01-03 11:00,12.12,12.12,12.12,1,1.0
2025-01-03 12:00,12.05,12.05,12.05,1,1.0
2025-01-03 13:00,12.1,12.1,12.1,1,1.0
2025-01-03 14:00,12.04,12.04,12.04,1,1.0
2025-01-03 15:00,12.28,12.28,12.28,1,1.0
2025-01-03 16:00,12.03,12.03,12.03,1,1.0
2025-01-03 17:00,11.98,11.98,11.98,1,1.0
2025-01-03 18:00,11.92,11.92,11.92,1,1.0
2025-01-03 19:00,11.92,11.92,11.92,1,1.0
2025-01-03 20:00,11.83,11.83,11.83,1,1.0
2025-01-03 21:00,11.6,11.6,11.6,1,1.0
2025-01-03 22:00,11.38,11.38,11.38,1,1.0
2025-01-03 23:00,11.29,11.29,11.29,1,1.0
2025-01-04 00:00,11.17,11.17,11.17,1,1.0
2025-01-04 01:00,11.15,11.15,11.15,1,1.0
2025-01-04 02:00,10.8,10.8,10.8,1,1.0
2025-01-04 03:00,10.45,10.45,10.45,1,1.0
2025-01-04 04:00,9.99,9.99,9.99,1,1.0
2025-01-04 05:00,9.69,9.69,9.69,1,1.0
2025-01-04 06:00,9.5,9.5,9.5,1,1.0
2025-01-04 07:00,9.19,9.19,9.19,1,1.0
2025-01-04 08:00,8.81,8.81,8.81,1,1.0
2025-01-04 09:00,8.9,8.9,8.9,1,1.0
2025-01-04 10:00,9.47,9.47,9.47,1,1.0
2025-01-04 11:00,10.13,10.13,10.13,1,1.0
2025-01-04 12:00,10.79,10.79,10.79,1,1.0
2025-01-04 13:00,11.25,11.25,11.25,1,1.0
2025-01-04 14:00,11.51,11.51,11.51,1,1.0
2025-01-04 15:00,11.63,11.63,11.63,1,1.0
2025-01-04 16:00,11.34,11.34,11.34,1,1.0
2025-01-04 17:00,10.9,10.9,10.9,1,1.0
2025-01-04 18:00,10.42,10.42,10.42,1,1.0
2025-01-04 19:00,9.99,9.99,9.99,1,1.0
2025-01-04 20:00,9.92,9.92,9.92,1,1.0
2025-01-04 21:00,9.49,9.49,9.49,1,1.0
2025-01-04 22:00,9.2,9.2,9.2,1,1.0
2025-01-04 23:00,8.95,8.95,8.95,1,1.0
2025-01-05 00:00,8.77,8.77,8.77,1,1.0
2025-01-05 01:00,8.58,8.58,8.58,1,1.0
2025-01-05 02:00,8.31,8.31,8.31,1,1.0
2025-01-05 03:00,8.42,8.42,8.42,1,1.0
2025-01-05 04:00,10.15,10.15,10.15,1,1.0
2025-01-05 05:00,10.13,10.13,10.13,1,1.0
2025-01-05 06:00,10.12,10.12,10.12,1,1.0
2025-01-05 07:00,10.21,10.21,10.21,1,1.0
2025-01-05 08:00,8.75,8.75,8.75,1,1.0
2025-01-05 09:00,9.13,9.13,9.13,1,1.0
2025-01-05 10:00,11.84,11.84,11.84,1,1.0
2025-01-05 11:00,12.52,12.52,12.52,1,1.0
2025-01-05 12:00,12.86,12.86,12.86,1,1.0
2025-01-05 13:00,13.1,13.1,13.1,1,1.0
2025-01-05 14:00,12.9,12.9,12.9,1,1.0
2025-01-05 15:00,12.74,12.74,12.74,1,1.0
2025-01-05 16:00,12.37,12.37,12.37,1,1.0
2025-01-05 17:00,11.82,11.82,11.82,1,1.0
2025-01-05 18:00,11.49,11.49,11.49,1,1.0
2025-01-05 19:00,11.46,11.46,11.46,1,1.0
2025-01-05 20:00,11.31,11.31,11.31,1,1.0
2025-01-05 21:00,11.25,11.25,11.25,1,1.0
2025-01-05 22:00,11.09,11.09,11.09,1,1.0
2025-01-05 23:00,11.01,11.01,11.01,1,1.0
2025-01-06 00:00,10.96,10.96,10.96,1,1.0
2025-01-06 01:00,10.84,10.84,10.84,1,1.0
2025-01-06 02:00,10.74,10.74,10.74,1,1.0
2025-01-06 03:00,10.57,10.57,10.57,1,1.0
2025-01-06 04:00,10.39,10.39,10.39,1,1.0
2025-01-06 05:00,10.29,10.29,10.29,1,1.0
2025-01-06 06:00,10.2,10.2,10.2,1,1.0
2025-01-06 07:00,10.21,10.21,10.21,1,1.0
2025-01-06 08:00,10.33,10.33,10.33,1,1.0
2025-01-06 09:00,11.08,11.08,11.08,1,1.0
2025-01-06 10:00,12.03,12.03,12.03,1,1.0
2025-01-06 11:00,12.99,12.99,12.99,1,1.0
2025-01-06 12:00,13.66,13.66,13.66,1,1.0
2025-01-06 13:00,14.15,14.15,14.15,1,1.0
2025-01-06 14:00,14.33,14.33,14.33,1,1.0
2025-01-06 15:00,14.26,14.26,14.26,1,1.0
2025-01-06 16:00,13.91,13.91,13.91,1,1.0
2025-01-06 17:00,13.5,13.5,13.5,1,1.0
2025-01-06 18:00,13.21,13.21,13.21,1,1.0
2025-01-06 19:00,13.0,13.0,13.0,1,1.0
2025-01-06 20:00,13.1,13.1,13.1,1,1.0
2025-01-06 21:00,13.03,13.03,13.03,1,1.0
2025-01-06 22:00,12.99,12.99,12.99,1,1.0
2025-01-06 23:00,12.96,12.96,12.96,1,1.0
2025-01-07 00:00,12.86,12.86,12.86,1,1.0
2025-01-07 01:00,12.72,12.72,12.72,1,1.0
2025-01-07 02:00,12.75,12.75,12.75,1,1.0
2025-01-07 03:00,12.61,12.61,12.61,1,1.0
2025-01-07 04:00,12.54,12.54,12.54,1,1.0
2025-01-07 05:00,12.37,12.37,12.37,1,1.0
2025-01-07 06:00,12.29,12.29,12.29,1,1.0
2025-01-07 07:00,12.27,12.27,12.27,1,1.0
2025-01-07 08:00,12.64,12.64,12.64,1,1.0
2025-01-07 09:00,13.02,13.02,13.02,1,1.0
2025-01-07 10:00,13.84,13.84,13.84,1,1.0
2025-01-07 11:00,14.49,14.49,14.49,1,1.0
2025-01-07 12:00,14.86,14.86,14.86,1,1.0
2025-01-07 13:00,14.73,14.73,14.73,1,1.0
2025-01-07 14:00,14.35,14.35,14.35,1,1.0
2025-01-07 15:00,13.76,13.76,13.76,1,1.0
2025-01-07 16:00,13.28,13.28,13.28,1,1.0
2025-01-07 17:00,12.64,12.64,12.64,1,1.0
2025-01-07 18:00,12.26,12.26,12.26,1,1.0
2025-01-07 19:00,12.31,12.31,12.31,1,1.0
2025-01-07 20:00,12.19,12.19,12.19,1,1.0
2025-01-07 21:00,12.15,12.15,12.15,1,1.0
2025-01-07 22:00,12.03,12.03,12.03,1,1.0
2025-01-07 23:00,12.08,12.08,12.08,1,1.0
2025-01-08 00:00,12.07,12.07,12.07,1,1.0
2025-01-08 01:00,11.99,11.99,11.99,1,1.0
2025-01-08 02:00,11.93,11.93,11.93,1,1.0
2025-01-08 03:00,11.61,11.61,11.61,1,1.0
2025-01-08 04:00,11.31,11.31,11.31,1,1.0
2025-01-08 05:00,10.51,10.51,10.51,1,1.0
2025-01-08 06:00,10.5,10.5,10.5,1,1.0
2025-01-08 07:00,10.82,10.82,10.82,1,1.0
2025-01-08 08:00,10.94,10.94,10.94,1,1.0
2025-01-08 09:00,11.77,11.77,11.77,1,1.0
2025-01-08 10:00,12.56,12.56,12.56,1,1.0
2025-01-08 11:00,13.18,13.18,13.18,1,1.0
2025-01-08 12:00,13.26,13.26,13.26,1,1.0
2025-01-08 13:00,13.32,13.32,13.32,1,1.0
2025-01-08 14:00,13.31,13.31,13.31,1,1.0
2025-01-08 15:00,13.08,13.08,13.08,1,1.0
2025-01-08 16:00,12.82,12.82,12.82,1,1.0
2025-01-08 17:00,12.16,12.16,12.16,1,1.0
2025-01-08 18:00,11.85,11.85,11.85,1,1.0
2025-01-08 19:00,11.64,11.64,11.64,1,1.0
2025-01-08 20:00,11.42,11.42,11.42,1,1.0
2025-01-08 21:00,11.22,11.22,11.22,1,1.0
2025-01-08 22:00,11.16,11.16,11.16,1,1.0
2025-01-08 23:00,11.12,11.12,11.12,1,1.0
2025-01-09 00:00,11.15,11.15,11.15,1,1.0
2025-01-09 01:00,11.18,11.18,11.18,1,1.0
2025-01-09 02:00,11.06,11.06,11.06,1,1.0
2025-01-09 03:00,10.91,10.91,10.91,1,1.0
2025-01-09 04:00,10.71,10.71,10.71,1,1.0
2025-01-09 05:00,10.58,10.58,10.58,1,1.0
2025-01-09 06:00,10.56,10.56,10.56,1,1.0
2025-01-09 07:00,10.53,10.53,10.53,1,1.0
2025-01-09 08:00,11.0,11.0,11.0,1,1.0
2025-01-09 09:00,11.5,11.5,11.5,1,1.0
2025-01-09 10:00,12.11,12.11,12.11,1,1.0
2025-01-09 11:00,12.59,12.59,12.59,1,1.0
2025-01-09 12:00,12.74,12.74,12.74,1,1.0
2025-01-09 13:00,13.09,13.09,13.09,1,1.0
2025-01-09 14:00,13.17,13.17,13.17,1,1.0
2025-01-09 15:00,13.23,13.23,13.23,1,1.0
2025-01-09 16:00,13.11,13.11,13.11,1,1.0
2025-01-09 17:00,12.85,12.85,12.85,1,1.0
2025-01-09 18:00,12.42,12.42,12.42,1,1.0
2025-01-09 19:00,12.34,12.34,12.34,1,1.0
2025-01-09 20:00,12.0,12.0,12.0,1,1.0
2025-01-09 21:00,11.67,11.67,11.67,1,1.0
2025-01-09 22:00,11.53,11.53,11.53,1,1.0
2025-01-09 23:00,11.75,11.75,11.75,1,1.0
2025-01-10 00:00,11.83,11.83,11.83,1,1.0
2025-01-10 01:00,11.77,11.77,11.77,1,1.0
2025-01-10 02:00,11.89,11.89,11.89,1,1.0
2025-01-10 03:00,11.89,11.89,11.89,1,1.0
2025-01-10 04:00,11.78,11.78,11.78,1,1.0
2025-01-10 05:00,11.84,11.84,11.84,1,1.0
2025-01-10 06:00,11.95,11.95,11.95,1,1.0
2025-01-10 07:00,12.1,12.1,12.1,1,1.0
2025-01-10 08:00,12.49,12.49,12.49,1,1.0
2025-01-10 09:00,12.89,12.89,12.89,1,1.0
2025-01-10 10:00,13.32,13.32,13.32,1,1.0
2025-01-10 11:00,13.85,13.85,13.85,1,1.0
2025-01-10 12:00,14.14,14.14,14.14,1,1.0
2025-01-10 13:00,14.05,14.05,14.05,1,1.0
2025-01-10 14:00,14.03,14.03,14.03,1,1.0
2025-01-10 15:00,13.87,13.87,13.87,1,1.0
2025-01-10 16:00,13.6,13.6,13.6,1,1.0
2025-01-10 17:00,13.14,13.14,13.14,1,1.0
2025-01-10 18:00,12.72,12.72,12.72,1,1.0
2025-01-10 19:00,12.26,12.26,12.26,1,1.0
2025-01-10 20:00,12.0,12.0,12.0,1,1.0
2025-01-10 21:00,11.19,11.19,11.19,1,1.0
2025-01-10 22:00,10.77,10.77,10.77,1,1.0
2025-01-10 23:00,11.18,11.18,11.18,1,1.0
2025-01-11 00:00,11.15,11.15,11.15,1,1.0
2025-01-11 01:00,11.42,11.42,11.42,1,1.0
2025-01-11 02:00,11.71,11.71,11.71,1,1.0
2025-01-11 03:00,11.92,11.92,11.92,1,1.0
2025-01-11 04:00,11.88,11.88,11.88,1,1.0
2025-01-11 05:00,11.82,11.82,11.82,1,1.0
2025-01-11 06:00,11.64,11.64,11.64,1,1.0
2025-01-11 07:00,11.8,11.8,11.8,1,1.0
2025-01-11 08:00,11.73,11.73,11.73,1,1.0
2025-01-11 09:00,12.73,12.73,12.73,1,1.0
2025-01-11 10:00,13.22,13.22,13.22,1,1.0
2025-01-11 11:00,13.74,13.74,13.74,1,1.0
2025-01-11 12:00,13.84,13.84,13.84,1,1.0
2025-01-11 13:00,14.02,14.02,14.02,1,1.0
2025-01-11 14:00,13.39,13.39,13.39,1,1.0
2025-01-11 15:00,12.58,12.58,12.58,1,1.0
2025-01-11 16:00,12.33,12.33,12.33,1,1.0
2025-01-11 17:00,12.14,12.14,12.14,1,1.0
2025-01-11 18:00,11.85,11.85,11.85,1,1.0
2025-01-11 19:00,11.72,11.72,11.72,1,1.0
2025-01-11 20:00,11.33,11.33,11.33,1,1.0
2025-01-11 21:00,10.49,10.49,10.49,1,1.0
2025-01-11 22:00,9.43,9.43,9.43,1,1.0
2025-01-11 23:00,8.26,8.26,8.26,1,1.0
2025-01-12 00:00,7.16,7.16,7.16,1,1.0
2025-01-12 01:00,6.35,6.35,6.35,1,1.0
2025-01-12 02:00,5.67,5.67,5.67,1,1.0
2025-01-12 03:00,5.18,5.18,5.18,1,1.0
2025-01-12 04:00,4.92,4.92,4.92,1,1.0
2025-01-12 05:00,4.84,4.84,4.84,1,1.0
2025-01-12 06:00,4.64,4.64,4.64,1,1.0
2025-01-12 07:00,4.74,4.74,4.74,1,1.0
2025-01-12 08:00,4.41,4.41,4.41,1,1.0
2025-01-12 09:00,4.54,4.54,4.54,1,1.0
2025-01-12 10:00,4.58,4.58,4.58,1,1.0
2025-01-12 11:00,4.6,4.6,4.6,1,1.0
2025-01-12 12:00,5.19,5.19,5.19,1,1.0
2025-01-12 13:00,5.86,5.86,5.86,1,1.0
2025-01-12 14:00,6.23,6.23,6.23,1,1.0
2025-01-12 15:00,6.12,6.12,6.12,1,1.0
2025-01-12 16:00,5.87,5.87,5.87,1,1.0
2025-01-12 17:00,5.62,5.62,5.62,1,1.0
2025-01-12 18:00,5.52,5.52,5.52,1,1.0
2025-01-12 19:00,5.6,5.6,5.6,1,1.0
2025-01-12 20:00,5.68,5.68,5.68,1,1.0
2025-01-12 21:00,5.73,5.73,5.73,1,1.0
2025-01-12 22:00,5.75,5.75,5.75,1,1.0
2025-01-12 23:00,5.68,5.68,5.68,1,1.0
2025-01-13 00:00,5.6,5.6,5.6,1,1.0
2025-01-13 01:00,5.47,5.47,5.47,1,1.0
2025-01-13 02:00,5.32,5.32,5.32,1,1.0
2025-01-13 03:00,5.21,5.21,5.21,1,1.0
2025-01-13 04:00,5.09,5.09,5.09,1,1.0
2025-01-13 05:00,4.97,4.97,4.97,1,1.0
2025-01-13 06:00,4.76,4.76,4.76,1,1.0
2025-01-13 07:00,4.7,4.7,4.7,1,1.0
2025-01-13 08:00,4.81,4.81,4.81,1,1.0
2025-01-13 09:00,5.0,5.0,5.0,1,1.0
2025-01-13 10:00,5.26,5.26,5.26,1,1.0
2025-01-13 11:00,5.69,5.69,5.69,1,1.0
2025-01-13 12:00,6.06,6.06,6.06,1,1.0
2025-01-13 13:00,6.22,6.22,6.22,1,1.0
2025-01-13 14:00,6.25,6.25,6.25,1,1.0
2025-01-13 15:00,6.14,6.14,6.14,1,1.0
2025-01-13 16:00,5.74,5.74,5.74,1,1.0
2025-01-13 17:00,5.39,5.39,5.39,1,1.0
2025-01-13 18:00,5.37,5.37,5.37,1,1.0
2025-01-13 19:00,5.4,5.4,5.4,1,1.0
2025-01-13 20:00,5.8,5.8,5.8,1,1.0
2025-01-13 21:00,5.93,5.93,5.93,1,1.0
2025-01-13 22:00,6.04,6.04,6.04,1,1.0
2025-01-13 23:00,6.09,6.09,6.09,1,1.0
2025-01-14 00:00,6.1,6.1,6.1,1,1.0
2025-01-14 01:00,6.04,6.04,6.04,1,1.0
2025-01-14 02:00,5.91,5.91,5.91,1,1.0
2025-01-14 03:00,5.89,5.89,5.89,1,1.0
2025-01-14 04:00,5.8,5.8,5.8,1,1.0
2025-01-14 05:00,5.7,5.7,5.7,1,1.0
2025-01-14 06:00,5.57,5.57,5.57,1,1.0
2025-01-14 07:00,5.44,5.44,5.44,1,1.0
2025-01-14 08:00,5.51,5.51,5.51,1,1.0
2025-01-14 09:00,5.73,5.73,5.73,1,1.0
2025-01-14 10:00,6.33,6.33,6.33,1,1.0
2025-01-14 11:00,6.97,6.97,6.97,1,1.0
2025-01-14 12:00,7.33,7.33,7.33,1,1.0
2025-01-14 13:00,7.59,7.59,7.59,1,1.0
2025-01-14 14:00,7.63,7.63,7.63,1,1.0
2025-01-14 15:00,7.4,7.4,7.4,1,1.0
2025-01-14 16:00,7.14,7.14,7.14,1,1.0
2025-01-14 17:00,6.69,6.69,6.69,1,1.0
2025-01-14 18:00,6.37,6.37,6.37,1,1.0
2025-01-14 19:00,6.05,6.05,6.05,1,1.0
2025-01-14 20:00,6.05,6.05,6.05,1,1.0
2025-01-14 21:00,5.95,5.95,5.95,1,1.0
2025-01-14 22:00,5.92,5.92,5.92,1,1.0
2025-01-14 23:00,5.89,5.89,5.89,1,1.0
2025-01-15 00:00,5.78,5.78,5.78,1,1.0
2025-01-15 01:00,5.62,5.62,5.62,1,1.0
2025-01-15 02:00,5.6,5.6,5.6,1,1.0
2025-01-15 03:00,5.38,5.38,5.38,1,1.0
2025-01-15 04:00,5.28,5.28,5.28,1,1.0
2025-01-15 05:00,5.15,5.15,5.15,1,1.0
2025-01-15 06:00,5.06,5.06,5.06,1,1.0
2025-01-15 07:00,5.06,5.06,5.06,1,1.0
2025-01-15 08:00,5.32,5.32,5.32,1,1.0
2025-01-15 09:00,5.72,5.72,5.72,1,1.0
2025-01-15 10:00,6.63,6.63,6.63,1,1.0
2025-01-15 11:00,7.53,7.53,7.53,1,1.0
2025-01-15 12:00,8.17,8.17,8.17,1,1.0
2025-01-15 13:00,8.62,8.62,8.62,1,1.0
2025-01-15 14:00,8.74,8.74,8.74,1,1.0
2025-01-15 15:00,8.62,8.62,8.62,1,1.0
2025-01-15 16:00,8.26,8.26,8.26,1,1.0
2025-01-15 17:00,7.73,7.73,7.73,1,1.0
2025-01-15 18:00,7.19,7.19,7.19,1,1.0
2025-01-15 19:00,6.8,6.8,6.8,1,1.0
2025-01-15 20:00,6.74,6.74,6.74,1,1.0
2025-01-15 21:00,6.63,6.63,6.63,1,1.0
2025-01-15 22:00,6.38,6.38,6.38,1,1.0
2025-01-15 23:00,6.31,6.31,6.31,1,1.0
2025-01-16 00:00,6.23,6.23,6.23,1,1.0
2025-01-16 01:00,6.18,6.18,6.18,1,1.0
2025-01-16 02:00,6.18,6.18,6.18,1,1.0
2025-01-16 03:00,6.0,6.0,6.0,1,1.0
2025-01-16 04:00,5.86,5.86,5.86,1,1.0
2025-01-16 05:00,5.79,5.79,5.79,1,1.0
2025-01-16 06:00,5.74,5.74,5.74,1,1.0
2025-01-16 07:00,5.69,5.69,5.69,1,1.0
2025-01-16 08:00,5.89,5.89,5.89,1,1.0
2025-01-16 09:00,6.49,6.49,6.49,1,1.0
2025-01-16 10:00,7.56,7.56,7.56,1,1.0
2025-01-16 11:00,8.67,8.67,8.67,1,1.0
2025-01-16 12:00,9.75,9.75,9.75,1,1.0
2025-01-16 13:00,10.52,10.52,10.52,1,1.0
2025-01-16 14:00,10.99,10.99,10.99,1,1.0
2025-01-16 15:00,11.14,11.14,11.14,1,1.0
2025-01-16 16:00,10.95,10.95,10.95,1,1.0
2025-01-16 17:00,10.37,10.37,10.37,1,1.0
2025-01-16 18:00,9.72,9.72,9.72,1,1.0
2025-01-16 19:00,9.28,9.28,9.28,1,1.0
2025-01-16 20:00,8.69,8.69,8.69,1,1.0
2025-01-16 21:00,8.44,8.44,8.44,1,1.0
2025-01-16 22:00,8.33,8.33,8.33,1,1.0
2025-01-16 23:00,8.01,8.01,8.01,1,1.0
2025-01-17 00:00,7.75,7.75,7.75,1,1.0
2025-01-17 01:00,7.57,7.57,7.57,1,1.0
2025-01-17 02:00,7.2,7.2,7.2,1,1.0
2025-01-17 03:00,7.17,7.17,7.17,1,1.0
2025-01-17 04:00,7.38,7.38,7.38,1,1.0
2025-01-17 05:00,7.7,7.7,7.7,1,1.0
2025-01-17 06:00,7.9,7.9,7.9,1,1.0
2025-01-17 07:00,7.99,7.99,7.99,1,1.0
2025-01-17 08:00,8.29,8.29,8.29,1,1.0
2025-01-17 09:00,8.83,8.83,8.83,1,1.0
2025-01-17 10:00,9.31,9.31,9.31,1,1.0
2025-01-17 11:00,9.88,9.88,9.88,1,1.0
2025-01-17 12:00,10.54,10.54,10.54,1,1.0
2025-01-17 13:00,10.95,10.95,10.95,1,1.0
2025-01-17 14:00,11.0,11.0,11.0,1,1.0
2025-01-17 15:00,10.88,10.88,10.88,1,1.0
2025-01-17 16:00,10.69,10.69,10.69,1,1.0
2025-01-17 17:00,10.22,10.22,10.22,1,1.0
2025-01-17 18:00,9.84,9.84,9.84,1,1.0
2025-01-17 19:00,9.62,9.62,9.62,1,1.0
2025-01-17 20:00,9.41,9.41,9.41,1,1.0
2025-01-17 21:00,9.35,9.35,9.35,1,1.0
2025-01-17 22:00,9.23,9.23,9.23,1,1.0
2025-01-17 23:00,9.22,9.22,9.22,1,1.0
2025-01-18 00:00,9.27,9.27,9.27,1,1.0
2025-01-18 01:00,9.18,9.18,9.18,1,1.0
2025-01-18 02:00,9.21,9.21,9.21,1,1.0
2025-01-18 03:00,9.21,9.21,9.21,1,1.0
2025-01-18 04:00,9.2,9.2,9.2,1,1.0
2025-01-18 05:00,8.58,8.58,8.58,1,1.0
2025-01-18 06:00,8.54,8.54,8.54,1,1.0
2025-01-18 07:00,8.55,8.55,8.55,1,1.0
2025-01-18 08:00,8.19,8.19,8.19,1,1.0
2025-01-18 09:00,8.55,8.55,8.55,1,1.0
2025-01-18 10:00,8.89,8.89,8.89,1,1.0
2025-01-18 11:00,9.27,9.27,9.27,1,1.0
2025-01-18 12:00,9.34,9.34,9.34,1,1.0
2025-01-18 13:00,9.57,9.57,9.57,1,1.0
2025-01-18 14:00,9.5,9.5,9.5,1,1.0
2025-01-18 15:00,9.56,9.56,9.56,1,1.0
2025-01-18 16:00,9.47,9.47,9.47,1,1.0
2025-01-18 17:00,9.16,9.16,9.16,1,1.0
2025-01-18 18:00,8.77,8.77,8.77,1,1.0
2025-01-18 19:00,8.53,8.53,8.53,1,1.0
2025-01-18 20:00,8.45,8.45,8.45,1,1.0
2025-01-18 21:00,8.4,8.4,8.4,1,1.0
2025-01-18 22:00,8.26,8.26,8.26,1,1.0
2025-01-18 23:00,8.27,8.27,8.27,1,1.0
2025-01-19 00:00,8.23,8.23,8.23,1,1.0
2025-01-19 01:00,8.24,8.24,8.24,1,1.0
2025-01-19 02:00,8.43,8.43,8.43,1,1.0
2025-01-19 03:00,8.44,8.44,8.44,1,1.0
2025-01-19 04:00,8.37,8.37,8.37,1,1.0
2025-01-19 05:00,8.2,8.2,8.2,1,1.0
2025-01-19 06:00,8.21,8.21,8.21,1,1.0
2025-01-19 07:00,8.01,8.01,8.01,1,1.0
2025-01-19 08:00,8.11,8.11,8.11,1,1.0
2025-01-19 09:00,9.06,9.06,9.06,1,1.0
2025-01-19 10:00,10.18,10.18,10.18,1,1.0
2025-01-19 11:00,11.65,11.65,11.65,1,1.0
2025-01-19 12:00,12.85,12.85,12.85,1,1.0
2025-01-19 13:00,13.72,13.72,13.72,1,1.0
2025-01-19 14:00,14.09,14.09,14.09,1,1.0
2025-01-19 15:00,13.89,13.89,13.89,1,1.0
2025-01-19 16:00,13.4,13.4,13.4,1,1.0
2025-01-19 17:00,12.86,12.86,12.86,1,1.0
2025-01-19 18:00,12.37,12.37,12.37,1,1.0
2025-01-19 19:00,11.92,11.92,11.92,1,1.0
2025-01-19 20:00,11.42,11.42,11.42,1,1.0
2025-01-19 21:00,10.61,10.61,10.61,1,1.0
2025-01-19 22:00,10.2,10.2,10.2,1,1.0
2025-01-19 23:00,9.66,9.66,9.66,1,1.0
2025-01-20 00:00,9.13,9.13,9.13,1,1.0
2025-01-20 01:00,8.74,8.74,8.74,1,1.0
2025-01-20 02:00,8.43,8.43,8.43,1,1.0
2025-01-20 03:00,8.28,8.28,8.28,1,1.0
2025-01-20 04:00,8.12,8.12,8.12,1,1.0
2025-01-20 05:00,7.97,7.97,7.97,1,1.0
2025-01-20 06:00,7.91,7.91,7.91,1,1.0
2025-01-20 07:00,7.88,7.88,7.88,1,1.0
2025-01-20 08:00,7.49,7.49,7.49,1,1.0
2025-01-20 09:00,8.73,8.73,8.73,1,1.0
2025-01-20 10:00,10.84,10.84,10.84,1,1.0
2025-01-20 11:00,12.79,12.79,12.79,1,1.0
2025-01-20 12:00,13.83,13.83,13.83,1,1.0
2025-01-20 13:00,14.24,14.24,14.24,1,1.0
2025-01-20 14:00,14.18,14.18,14.18,1,1.0
2025-01-20 15:00,13.76,13.76,13.76,1,1.0
2025-01-20 16:00,13.2,13.2,13.2,1,1.0
2025-01-20 17:00,12.39,12.39,12.39,1,1.0
2025-01-20 18:00,10.99,10.99,10.99,1,1.0
2025-01-20 19:00,11.7,11.7,11.7,1,1.0
2025-01-20 20:00,10.33,10.33,10.33,1,1.0
2025-01-20 21:00,10.25,10.25,10.25,1,1.0
2025-01-20 22:00,9.23,9.23,9.23,1,1.0
2025-01-20 23:00,9.91,9.91,9.91,1,1.0
2025-01-21 00:00,8.95,8.95,8.95,1,1.0
2025-01-21 01:00,8.32,8.32,8.32,1,1.0
2025-01-21 02:00,7.75,7.75,7.75,1,1.0
2025-01-21 03:00,7.71,7.71,7.71,1,1.0
2025-01-21 04:00,8.2,8.2,8.2,1,1.0
2025-01-21 05:00,8.48,8.48,8.48,1,1.0
2025-01-21 06:00,8.7,8.7,8.7,1,1.0
2025-01-21 07:00,8.49,8.49,8.49,1,1.0
2025-01-21 08:00,8.74,8.74,8.74,1,1.0
2025-01-21 09:00,9.75,9.75,9.75,1,1.0
2025-01-21 10:00,10.29,10.29,10.29,1,1.0
2025-01-21 11:00,10.61,10.61,10.61,1,1.0
2025-01-21 12:00,10.66,10.66,10.66,1,1.0
2025-01-21 13:00,10.65,10.65,10.65,1,1.0
2025-01-21 14:00,10.76,10.76,10.76,1,1.0
2025-01-21 15:00,10.88,10.88,10.88,1,1.0
2025-01-21 16:00,10.43,10.43,10.43,1,1.0
2025-01-21 17:00,9.7,9.7,9.7,1,1.0
2025-01-21 18:00,8.85,8.85,8.85,1,1.0
2025-01-21 19:00,9.36,9.36,9.36,1,1.0
2025-01-21 20:00,8.3,8.3,8.3,1,1.0
2025-01-21 21:00,7.57,7.57,7.57,1,1.0
2025-01-21 22:00,7.5,7.5,7.5,1,1.0
2025-01-21 23:00,7.54,7.54,7.54,1,1.0
2025-01-22 00:00,6.86,6.86,6.86,1,1.0
2025-01-22 01:00,6.47,6.47,6.47,1,1.0
2025-01-22 02:00,6.44,6.44,6.44,1,1.0
2025-01-22 03:00,6.48,6.48,6.48,1,1.0
2025-01-22 04:00,6.55,6.55,6.55,1,1.0
2025-01-22 05:00,6.98,6.98,6.98,1,1.0
2025-01-22 06:00,6.93,6.93,6.93,1,1.0
2025-01-22 07:00,7.0,7.0,7.0,1,1.0
2025-01-22 08:00,7.91,7.91,7.91,1,1.0
2025-01-22 09:00,9.18,9.18,9.18,1,1.0
2025-01-22 10:00,10.2,10.2,10.2,1,1.0
2025-01-22 11:00,11.15,11.15,11.15,1,1.0
2025-01-22 12:00,11.59,11.59,11.59,1,1.0
2025-01-22 13:00,11.41,11.41,11.41,1,1.0
2025-01-22 14:00,11.46,11.46,11.46,1,1.0
2025-01-22 15:00,11.5,11.5,11.5,1,1.0
2025-01-22 16:00,11.32,11.32,11.32,1,1.0
2025-01-22 17:00,11.06,11.06,11.06,1,1.0
2025-01-22 18:00,10.87,10.87,10.87,1,1.0
2025-01-22 19:00,10.7,10.7,10.7,1,1.0
2025-01-22 20:00,10.08,10.08,10.08,1,1.0
2025-01-22 21:00,9.73,9.73,9.73,1,1.0
2025-01-22 22:00,9.46,9.46,9.46,1,1.0
2025-01-22 23:00,9.14,9.14,9.14,1,1.0
2025-01-23 00:00,8.93,8.93,8.93,1,1.0
2025-01-23 01:00,8.66,8.66,8.66,1,1.0
2025-01-23 02:00,8.34,8.34,8.34,1,1.0
2025-01-23 03:00,8.09,8.09,8.09,1,1.0
2025-01-23 04:00,7.9,7.9,7.9,1,1.0
2025-01-23 05:00,7.93,7.93,7.93,1,1.0
2025-01-23 06:00,8.29,8.29,8.29,1,1.0
2025-01-23 07:00,8.76,8.76,8.76,1,1.0
2025-01-23 08:00,9.1,9.1,9.1,1,1.0
2025-01-23 09:00,10.31,10.31,10.31,1,1.0
2025-01-23 10:00,12.11,12.11,12.11,1,1.0
2025-01-23 11:00,13.55,13.55,13.55,1,1.0
2025-01-23 12:00,14.53,14.53,14.53,1,1.0
2025-01-23 13:00,15.08,15.08,15.08,1,1.0
2025-01-23 14:00,15.31,15.31,15.31,1,1.0
2025-01-23 15:00,15.16,15.16,15.16,1,1.0
2025-01-23 16:00,14.64,14.64,14.64,1,1.0
2025-01-23 17:00,13.72,13.72,13.72,1,1.0
2025-01-23 18:00,12.07,12.07,12.07,1,1.0
2025-01-23 19:00,11.57,11.57,11.57,1,1.0
2025-01-23 20:00,10.74,10.74,10.74,1,1.0
2025-01-23 21:00,10.8,10.8,10.8,1,1.0
2025-01-23 22:00,11.28,11.28,11.28,1,1.0
2025-01-23 23:00,10.44,10.44,10.44,1,1.0
2025-01-24 00:00,9.46,9.46,9.46,1,1.0
2025-01-24 01:00,9.05,9.05,9.05,1,1.0
2025-01-24 02:00,8.84,8.84,8.84,1,1.0
2025-01-24 03:00,8.73,8.73,8.73,1,1.0
2025-01-24 04:00,8.81,8.81,8.81,1,1.0
2025-01-24 05:00,8.78,8.78,8.78,1,1.0
2025-01-24 06:00,8.14,8.14,8.14,1,1.0
2025-01-24 07:00,7.93,7.93,7.93,1,1.0
2025-01-24 08:00,8.89,8.89,8.89,1,1.0
2025-01-24 09:00,11.4,11.4,11.4,1,1.0
2025-01-24 10:00,12.92,12.92,12.92,1,1.0
2025-01-24 11:00,13.92,13.92,13.92,1,1.0
2025-01-24 12:00,14.77,14.77,14.77,1,1.0
2025-01-24 13:00,15.32,15.32,15.32,1,1.0
2025-01-24 14:00,15.47,15.47,15.47,1,1.0
2025-01-24 15:00,15.21,15.21,15.21,1,1.0
2025-01-24 16:00,14.73,14.73,14.73,1,1.0
2025-01-24 17:00,14.07,14.07,14.07,1,1.0
2025-01-24 18:00,13.1,13.1,13.1,1,1.0
2025-01-24 19:00,12.94,12.94,12.94,1,1.0
2025-01-24 20:00,12.3,12.3,12.3,1,1.0
2025-01-24 21:00,11.71,11.71,11.71,1,1.0
2025-01-24 22:00,11.8,11.8,11.8,1,1.0
2025-01-24 23:00,11.71,11.71,11.71,1,1.0
2025-01-25 00:00,10.42,10.42,10.42,1,1.0
2025-01-25 01:00,8.77,8.77,8.77,1,1.0
2025-01-25 02:00,8.55,8.55,8.55,1,1.0
2025-01-25 03:00,8.51,8.51,8.51,1,1.0
2025-01-25 04:00,8.66,8.66,8.66,1,1.0
2025-01-25 05:00,8.77,8.77,8.77,1,1.0
2025-01-25 06:00,8.82,8.82,8.82,1,1.0
2025-01-25 07:00,8.75,8.75,8.75,1,1.0
2025-01-25 08:00,10.19,10.19,10.19,1,1.0
2025-01-25 09:00,10.89,10.89,10.89,1,1.0
2025-01-25 10:00,11.46,11.46,11.46,1,1.0
2025-01-25 11:00,11.9,11.9,11.9,1,1.0
2025-01-25 12:00,12.81,12.81,12.81,1,1.0
2025-01-25 13:00,13.13,13.13,13.13,1,1.0
2025-01-25 14:00,13.24,13.24,13.24,1,1.0
2025-01-25 15:00,13.18,13.18,13.18,1,1.0
2025-01-25 16:00,12.74,12.74,12.74,1,1.0
2025-01-25 17:00,12.07,12.07,12.07,1,1.0
2025-01-25 18:00,11.27,11.27,11.27,1,1.0
2025-01-25 19:00,10.43,10.43,10.43,1,1.0
2025-01-25 20:00,9.95,9.95,9.95,1,1.0
2025-01-25 21:00,9.61,9.61,9.61,1,1.0
2025-01-25 22:00,9.29,9.29,9.29,1,1.0
2025-01-25 23:00,9.06,9.06,9.06,1,1.0
2025-01-26 00:00,9.08,9.08,9.08,1,1.0
2025-01-26 01:00,9.27,9.27,9.27,1,1.0
2025-01-26 02:00,9.33,9.33,9.33,1,1.0
2025-01-26 03:00,9.32,9.32,9.32,1,1.0
2025-01-26 04:00,9.42,9.42,9.42,1,1.0
2025-01-26 05:00,9.86,9.86,9.86,1,1.0
2025-01-26 06:00,9.98,9.98,9.98,1,1.0
2025-01-26 07:00,10.0,10.0,10.0,1,1.0
2025-01-26 08:00,10.44,10.44,10.44,1,1.0
2025-01-26 09:00,11.05,11.05,11.05,1,1.0
2025-01-26 10:00,11.87,11.87,11.87,1,1.0
2025-01-26 11:00,12.6,12.6,12.6,1,1.0
2025-01-26 12:00,13.21,13.21,13.21,1,1.0
2025-01-26 13:00,13.41,13.41,13.41,1,1.0
2025-01-26 14:00,13.44,13.44,13.44,1,1.0
2025-01-26 15:00,13.29,13.29,13.29,1,1.0
2025-01-26 16:00,13.09,13.09,13.09,1,1.0
2025-01-26 17:00,12.7,12.7,12.7,1,1.0
2025-01-26 18:00,12.4,12.4,12.4,1,1.0
2025-01-26 19:00,12.2,12.2,12.2,1,1.0
2025-01-26 20:00,11.57,11.57,11.57,1,1.0
2025-01-26 21:00,11.25,11.25,11.25,1,1.0
2025-01-26 22:00,11.03,11.03,11.03,1,1.0
2025-01-26 23:00,10.88,10.88,10.88,1,1.0
2025-01-27 00:00,10.9,10.9,10.9,1,1.0
2025-01-27 01:00,10.68,10.68,10.68,1,1.0
2025-01-27 02:00,10.26,10.26,10.26,1,1.0
2025-01-27 03:00,10.15,10.15,10.15,1,1.0
2025-01-27 04:00,10.03,10.03,10.03,1,1.0
2025-01-27 05:00,9.98,9.98,9.98,1,1.0
2025-01-27 06:00,9.83,9.83,9.83,1,1.0
2025-01-27 07:00,9.72,9.72,9.72,1,1.0
2025-01-27 08:00,10.15,10.15,10.15,1,1.0
2025-01-27 09:00,10.73,10.73,10.73,1,1.0
2025-01-27 10:00,11.85,11.85,11.85,1,1.0
2025-01-27 11:00,12.56,12.56,12.56,1,1.0
2025-01-27 12:00,12.95,12.95,12.95,1,1.0
2025-01-27 13:00,13.23,13.23,13.23,1,1.0
2025-01-27 14:00,13.12,13.12,13.12,1,1.0
2025-01-27 15:00,12.95,12.95,12.95,1,1.0
2025-01-27 16:00,12.49,12.49,12.49,1,1.0
2025-01-27 17:00,12.0,12.0,12.0,1,1.0
2025-01-27 18:00,11.66,11.66,11.66,1,1.0
2025-01-27 19:00,11.41,11.41,11.41,1,1.0
2025-01-27 20:00,11.25,11.25,11.25,1,1.0
2025-01-27 21:00,11.14,11.14,11.14,1,1.0
2025-01-27 22:00,11.07,11.07,11.07,1,1.0
2025-01-27 23:00,11.14,11.14,11.14,1,1.0
2025-01-28 00:00,11.1,11.1,11.1,1,1.0
2025-01-28 01:00,11.08,11.08,11.08,1,1.0
2025-01-28 02:00,11.24,11.24,11.24,1,1.0
2025-01-28 03:00,11.29,11.29,11.29,1,1.0
2025-01-28 04:00,11.39,11.39,11.39,1,1.0
2025-01-28 05:00,11.55,11.55,11.55,1,1.0
2025-01-28 06:00,11.68,11.68,11.68,1,1.0
2025-01-28 07:00,11.83,11.83,11.83,1,1.0
2025-01-28 08:00,12.17,12.17,12.17,1,1.0
2025-01-28 09:00,12.84,12.84,12.84,1,1.0
2025-01-28 10:00,13.89,13.89,13.89,1,1.0
2025-01-28 11:00,14.29,14.29,14.29,1,1.0
2025-01-28 12:00,14.83,14.83,14.83,1,1.0
2025-01-28 13:00,14.27,14.27,14.27,1,1.0
2025-01-28 14:00,13.28,13.28,13.28,1,1.0
2025-01-28 15:00,13.11,13.11,13.11,1,1.0
2025-01-28 16:00,13.19,13.19,13.19,1,1.0
2025-01-28 17:00,13.08,13.08,13.08,1,1.0
2025-01-28 18:00,13.03,13.03,13.03,1,1.0
2025-01-28 19:00,12.67,12.67,12.67,1,1.0
2025-01-28 20:00,12.44,12.44,12.44,1,1.0
2025-01-28 21:00,12.0,12.0,12.0,1,1.0
2025-01-28 22:00,11.6,11.6,11.6,1,1.0
2025-01-28 23:00,10.3,10.3,10.3,1,1.0
2025-01-29 00:00,11.87,11.87,11.87,1,1.0
2025-01-29 01:00,11.54,11.54,11.54,1,1.0
2025-01-29 02:00,11.37,11.37,11.37,1,1.0
2025-01-29 03:00,10.69,10.69,10.69,1,1.0
2025-01-29 04:00,9.09,9.09,9.09,1,1.0
2025-01-29 05:00,6.88,6.88,6.88,1,1.0
2025-01-29 06:00,6.33,6.33,6.33,1,1.0
2025-01-29 07:00,7.6,7.6,7.6,1,1.0
2025-01-29 08:00,8.77,8.77,8.77,1,1.0
2025-01-29 09:00,9.42,9.42,9.42,1,1.0
2025-01-29 10:00,10.0,10.0,10.0,1,1.0
2025-01-29 11:00,10.69,10.69,10.69,1,1.0
2025-01-29 12:00,10.94,10.94,10.94,1,1.0
2025-01-29 13:00,10.8,10.8,10.8,1,1.0
2025-01-29 14:00,10.17,10.17,10.17,1,1.0
2025-01-29 15:00,10.57,10.57,10.57,1,1.0
2025-01-29 16:00,10.71,10.71,10.71,1,1.0
2025-01-29 17:00,10.47,10.47,10.47,1,1.0
2025-01-29 18:00,10.08,10.08,10.08,1,1.0
2025-01-29 19:00,9.44,9.44,9.44,1,1.0
2025-01-29 20:00,8.15,8.15,8.15,1,1.0
2025-01-29 21:00,7.23,7.23,7.23,1,1.0
2025-01-29 22:00,7.04,7.04,7.04,1,1.0
2025-01-29 23:00,7.1,7.1,7.1,1,1.0
2025-01-30 00:00,7.85,7.85,7.85,1,1.0
2025-01-30 01:00,8.05,8.05,8.05,1,1.0
2025-01-30 02:00,7.93,7.93,7.93,1,1.0
2025-01-30 03:00,7.77,7.77,7.77,1,1.0
2025-01-30 04:00,7.52,7.52,7.52,1,1.0
2025-01-30 05:00,7.26,7.26,7.26,1,1.0
2025-01-30 06:00,5.89,5.89,5.89,1,1.0
2025-01-30 07:00,5.36,5.36,5.36,1,1.0
2025-01-30 08:00,5.59,5.59,5.59,1,1.0
2025-01-30 09:00,8.75,8.75,8.75,1,1.0
2025-01-30 10:00,10.78,10.78,10.78,1,1.0
2025-01-30 11:00,11.93,11.93,11.93,1,1.0
2025-01-30 12:00,12.7,12.7,12.7,1,1.0
2025-01-30 13:00,13.05,13.05,13.05,1,1.0
2025-01-30 14:00,13.13,13.13,13.13,1,1.0
2025-01-30 15:00,12.89,12.89,12.89,1,1.0
2025-01-30 16:00,12.52,12.52,12.52,1,1.0
2025-01-30 17:00,11.83,11.83,11.83,1,1.0
2025-01-30 18:00,10.84,10.84,10.84,1,1.0
2025-01-30 19:00,9.66,9.66,9.66,1,1.0
2025-01-30 20:00,9.55,9.55,9.55,1,1.0
2025-01-30 21:00,9.07,9.07,9.07,1,1.0
2025-01-30 22:00,9.02,9.02,9.02,1,1.0
2025-01-30 23:00,8.4,8.4,8.4,1,1.0
2025-01-31 00:00,7.81,7.81,7.81,1,1.0
2025-01-31 01:00,7.08,7.08,7.08,1,1.0
2025-01-31 02:00,6.22,6.22,6.22,1,1.0
2025-01-31 03:00,5.89,5.89,5.89,1,1.0
2025-01-31 04:00,6.28,6.28,6.28,1,1.0
2025-01-31 05:00,6.85,6.85,6.85,1,1.0
2025-01-31 06:00,6.82,6.82,6.82,1,1.0
2025-01-31 07:00,6.65,6.65,6.65,1,1.0
2025-01-31 08:00,7.16,7.16,7.16,1,1.0
2025-01-31 09:00,8.05,8.05,8.05,1,1.0
2025-01-31 10:00,9.62,9.62,9.62,1,1.0
2025-01-31 11:00,11.27,11.27,11.27,1,1.0
2025-01-31 12:00,12.28,12.28,12.28,1,1.0
2025-01-31 13:00,12.83,12.83,12.83,1,1.0
2025-01-31 14:00,13.09,13.09,13.09,1,1.0
2025-01-31 15:00,13.13,13.13,13.13,1,1.0
2025-01-31 16:00,12.92,12.92,12.92,1,1.0
2025-01-31 17:00,12.31,12.31,12.31,1,1.0
2025-01-31 18:00,10.79,10.79,10.79,1,1.0
2025-01-31 19:00,9.46,9.46,9.46,1,1.0
2025-01-31 20:00,10.48,10.48,10.48,1,1.0
2025-01-31 21:00,8.06,8.06,8.06,1,1.0
2025-01-31 22:00,7.26,7.26,7.26,1,1.0
2025-01-31 23:00,7.25,7.25,7.25,1,1.0
2025-02-01 00:00,7.27,7.27,7.27,1,1.0
2025-02-01 01:00,7.19,7.19,7.19,1,1.0
2025-02-01 02:00,7.22,7.22,7.22,1,1.0
2025-02-01 03:00,7.38,7.38,7.38,1,1.0
2025-02-01 04:00,7.22,7.22,7.22,1,1.0
2025-02-01 05:00,6.23,6.23,6.23,1,1.0
2025-02-01 06:00,6.13,6.13,6.13,1,1.0
2025-02-01 07:00,6.13,6.13,6.13,1,1.0
2025-02-01 08:00,6.71,6.71,6.71,1,1.0
2025-02-01 09:00,9.44,9.44,9.44,1,1.0
2025-02-01 10:00,12.35,12.35,12.35,1,1.0
2025-02-01 11:00,13.34,13.34,13.34,1,1.0
2025-02-01 12:00,13.95,13.95,13.95,1,1.0
2025-02-01 13:00,14.17,14.17,14.17,1,1.0
2025-02-01 14:00,14.42,14.42,14.42,1,1.0
2025-02-01 15:00,14.22,14.22,14.22,1,1.0
2025-02-01 16:00,13.74,13.74,13.74,1,1.0
2025-02-01 17:00,12.95,12.95,12.95,1,1.0
2025-02-01 18:00,12.9,12.9,12.9,1,1.0
2025-02-01 19:00,11.85,11.85,11.85,1,1.0
2025-02-01 20:00,9.45,9.45,9.45,1,1.0
2025-02-01 21:00,9.2,9.2,9.2,1,1.0
2025-02-01 22:00,9.13,9.13,9.13,1,1.0
2025-02-01 23:00,9.31,9.31,9.31,1,1.0
2025-02-02 00:00,9.06,9.06,9.06,1,1.0
2025-02-02 01:00,9.01,9.01,9.01,1,1.0
2025-02-02 02:00,8.89,8.89,8.89,1,1.0
2025-02-02 03:00,8.74,8.74,8.74,1,1.0
2025-02-02 04:00,8.74,8.74,8.74,1,1.0
2025-02-02 05:00,8.75,8.75,8.75,1,1.0
2025-02-02 06:00,8.73,8.73,8.73,1,1.0
2025-02-02 07:00,8.7,8.7,8.7,1,1.0
2025-02-02 08:00,9.25,9.25,9.25,1,1.0
2025-02-02 09:00,9.85,9.85,9.85,1,1.0
2025-02-02 10:00,10.83,10.83,10.83,1,1.0
2025-02-02 11:00,12.02,12.02,12.02,1,1.0
2025-02-02 12:00,12.71,12.71,12.71,1,1.0
2025-02-02 13:00,13.01,13.01,13.01,1,1.0
2025-02-02 14:00,13.47,13.47,13.47,1,1.0
2025-02-02 15:00,13.55,13.55,13.55,1,1.0
2025-02-02 16:00,13.54,13.54,13.54,1,1.0
2025-02-02 17:00,13.07,13.07,13.07,1,1.0
2025-02-02 18:00,12.48,12.48,12.48,1,1.0
2025-02-02 19:00,12.05,12.05,12.05,1,1.0
2025-02-02 20:00,11.53,11.53,11.53,1,1.0
2025-02-02 21:00,11.31,11.31,11.31,1,1.0
2025-02-02 22:00,11.15,11.15,11.15,1,1.0
2025-02-02 23:00,10.99,10.99,10.99,1,1.0
2025-02-03 00:00,10.91,10.91,10.91,1,1.0
2025-02-03 01:00,10.77,10.77,10.77,1,1.0
2025-02-03 02:00,10.67,10.67,10.67,1,1.0
2025-02-03 03:00,10.69,10.69,10.69,1,1.0
2025-02-03 04:00,10.5,10.5,10.5,1,1.0
2025-02-03 05:00,10.38,10.38,10.38,1,1.0
2025-02-03 06:00,10.28,10.28,10.28,1,1.0
2025-02-03 07:00,10.29,10.29,10.29,1,1.0
2025-02-03 08:00,10.28,10.28,10.28,1,1.0
2025-02-03 09:00,10.88,10.88,10.88,1,1.0
2025-02-03 10:00,11.27,11.27,11.27,1,1.0
2025-02-03 11:00,11.56,11.56,11.56,1,1.0
2025-02-03 12:00,11.54,11.54,11.54,1,1.0
2025-02-03 13:00,11.39,11.39,11.39,1,1.0
2025-02-03 14:00,11.05,11.05,11.05,1,1.0
2025-02-03 15:00,11.13,11.13,11.13,1,1.0
2025-02-03 16:00,11.01,11.01,11.01,1,1.0
2025-02-03 17:00,10.82,10.82,10.82,1,1.0
2025-02-03 18:00,10.25,10.25,10.25,1,1.0
2025-02-03 19:00,9.85,9.85,9.85,1,1.0
2025-02-03 20:00,10.33,10.33,10.33,1,1.0
2025-02-03 21:00,10.26,10.26,10.26,1,1.0
2025-02-03 22:00,10.08,10.08,10.08,1,1.0
2025-02-03 23:00,9.94,9.94,9.94,1,1.0
2025-02-04 00:00,9.89,9.89,9.89,1,1.0
2025-02-04 01:00,9.61,9.61,9.61,1,1.0
2025-02-04 02:00,9.38,9.38,9.38,1,1.0
2025-02-04 03:00,9.29,9.29,9.29,1,1.0
2025-02-04 04:00,9.19,9.19,9.19,1,1.0
2025-02-04 05:00,8.9,8.9,8.9,1,1.0
2025-02-04 06:00,8.41,8.41,8.41,1,1.0
2025-02-04 07:00,8.02,8.02,8.02,1,1.0
2025-02-04 08:00,7.91,7.91,7.91,1,1.0
2025-02-04 09:00,8.8,8.8,8.8,1,1.0
2025-02-04 10:00,9.67,9.67,9.67,1,1.0
2025-02-04 11:00,10.58,10.58,10.58,1,1.0
2025-02-04 12:00,11.46,11.46,11.46,1,1.0
2025-02-04 13:00,12.12,12.12,12.12,1,1.0
2025-02-04 14:00,12.52,12.52,12.52,1,1.0
2025-02-04 15:00,12.5,12.5,12.5,1,1.0
2025-02-04 16:00,12.04,12.04,12.04,1,1.0
2025-02-04 17:00,11.14,11.14,11.14,1,1.0
2025-02-04 18:00,9.99,9.99,9.99,1,1.0
2025-02-04 19:00,9.01,9.01,9.01,1,1.0
2025-02-04 20:00,8.74,8.74,8.74,1,1.0
2025-02-04 21:00,8.09,8.09,8.09,1,1.0
2025-02-04 22:00,7.54,7.54,7.54,1,1.0
2025-02-04 23:00,7.07,7.07,7.07,1,1.0
2025-02-05 00:00,6.74,6.74,6.74,1,1.0
2025-02-05 01:00,6.42,6.42,6.42,1,1.0
2025-02-05 02:00,6.07,6.07,6.07,1,1.0
2025-02-05 03:00,5.84,5.84,5.84,1,1.0
2025-02-05 04:00,5.63,5.63,5.63,1,1.0
2025-02-05 05:00,5.47,5.47,5.47,1,1.0
2025-02-05 06:00,5.24,5.24,5.24,1,1.0
2025-02-05 07:00,5.07,5.07,5.07,1,1.0
2025-02-05 08:00,5.87,5.87,5.87,1,1.0
2025-02-05 09:00,7.23,7.23,7.23,1,1.0
2025-02-05 10:00,8.7,8.7,8.7,1,1.0
2025-02-05 11:00,9.94,9.94,9.94,1,1.0
2025-02-05 12:00,10.98,10.98,10.98,1,1.0
2025-02-05 13:00,11.8,11.8,11.8,1,1.0
2025-02-05 14:00,12.36,12.36,12.36,1,1.0
2025-02-05 15:00,12.61,12.61,12.61,1,1.0
2025-02-05 16:00,12.36,12.36,12.36,1,1.0
2025-02-05 17:00,11.6,11.6,11.6,1,1.0
2025-02-05 18:00,10.53,10.53,10.53,1,1.0
2025-02-05 19:00,9.55,9.55,9.55,1,1.0
2025-02-05 20:00,9.08,9.08,9.08,1,1.0
2025-02-05 21:00,8.31,8.31,8.31,1,1.0
2025-02-05 22:00,7.64,7.64,7.64,1,1.0
2025-02-05 23:00,7.09,7.09,7.09,1,1.0
2025-02-06 00:00,6.7,6.7,6.7,1,1.0
2025-02-06 01:00,6.4,6.4,6.4,1,1.0
2025-02-06 02:00,6.37,6.37,6.37,1,1.0
2025-02-06 03:00,6.33,6.33,6.33,1,1.0
2025-02-06 04:00,6.19,6.19,6.19,1,1.0
2025-02-06 05:00,6.07,6.07,6.07,1,1.0
2025-02-06 06:00,5.98,5.98,5.98,1,1.0
2025-02-06 07:00,5.87,5.87,5.87,1,1.0
2025-02-06 08:00,6.08,6.08,6.08,1,1.0
2025-02-06 09:00,7.76,7.76,7.76,1,1.0
2025-02-06 10:00,9.7,9.7,9.7,1,1.0
2025-02-06 11:00,11.05,11.05,11.05,1,1.0
2025-02-06 12:00,12.11,12.11,12.11,1,1.0
2025-02-06 13:00,12.8,12.8,12.8,1,1.0
2025-02-06 14:00,13.12,13.12,13.12,1,1.0
2025-02-06 15:00,13.14,13.14,13.14,1,1.0
2025-02-06 16:00,12.84,12.84,12.84,1,1.0
2025-02-06 17:00,12.0,12.0,12.0,1,1.0
2025-02-06 18:00,11.07,11.07,11.07,1,1.0
2025-02-06 19:00,11.3,11.3,11.3,1,1.0
2025-02-06 20:00,11.09,11.09,11.09,1,1.0
2025-02-06 21:00,8.71,8.71,8.71,1,1.0
2025-02-06 22:00,6.53,6.53,6.53,1,1.0
2025-02-06 23:00,6.33,6.33,6.33,1,1.0
2025-02-07 00:00,6.72,6.72,6.72,1,1.0
2025-02-07 01:00,6.97,6.97,6.97,1,1.0
2025-02-07 02:00,6.95,6.95,6.95,1,1.0
2025-02-07 03:00,6.89,6.89,6.89,1,1.0
2025-02-07 04:00,6.84,6.84,6.84,1,1.0
2025-02-07 05:00,6.8,6.8,6.8,1,1.0
2025-02-07 06:00,6.75,6.75,6.75,1,1.0
2025-02-07 07:00,6.75,6.75,6.75,1,1.0
2025-02-07 08:00,7.92,7.92,7.92,1,1.0
2025-02-07 09:00,9.52,9.52,9.52,1,1.0
2025-02-07 10:00,11.36,11.36,11.36,1,1.0
2025-02-07 11:00,12.51,12.51,12.51,1,1.0
2025-02-07 12:00,13.19,13.19,13.19,1,1.0
2025-02-07 13:00,13.67,13.67,13.67,1,1.0
2025-02-07 14:00,13.74,13.74,13.74,1,1.0
2025-02-07 15:00,13.6,13.6,13.6,1,1.0
2025-02-07 16:00,13.25,13.25,13.25,1,1.0
2025-02-07 17:00,12.67,12.67,12.67,1,1.0
2025-02-07 18:00,12.4,12.4,12.4,1,1.0
2025-02-07 19:00,11.78,11.78,11.78,1,1.0
2025-02-07 20:00,11.0,11.0,11.0,1,1.0
2025-02-07 21:00,8.51,8.51,8.51,1,1.0
2025-02-07 22:00,8.12,8.12,8.12,1,1.0
2025-02-07 23:00,8.53,8.53,8.53,1,1.0
2025-02-08 00:00,8.86,8.86,8.86,1,1.0
2025-02-08 01:00,8.93,8.93,8.93,1,1.0
2025-02-08 02:00,8.95,8.95,8.95,1,1.0
2025-02-08 03:00,9.18,9.18,9.18,1,1.0
2025-02-08 04:00,9.02,9.02,9.02,1,1.0
2025-02-08 05:00,9.05,9.05,9.05,1,1.0
2025-02-08 06:00,8.91,8.91,8.91,1,1.0
2025-02-08 07:00,8.94,8.94,8.94,1,1.0
2025-02-08 08:00,9.64,9.64,9.64,1,1.0
2025-02-08 09:00,10.41,10.41,10.41,1,1.0
2025-02-08 10:00,11.44,11.44,11.44,1,1.0
2025-02-08 11:00,12.19,12.19,12.19,1,1.0
2025-02-08 12:00,12.63,12.63,12.63,1,1.0
2025-02-08 13:00,12.74,12.74,12.74,1,1.0
2025-02-08 14:00,12.4,12.4,12.4,1,1.0
2025-02-08 15:00,12.26,12.26,12.26,1,1.0
2025-02-08 16:00,12.25,12.25,12.25,1,1.0
2025-02-08 17:00,12.11,12.11,12.11,1,1.0
2025-02-08 18:00,11.91,11.91,11.91,1,1.0
2025-02-08 19:00,11.61,11.61,11.61,1,1.0
2025-02-08 20:00,11.57,11.57,11.57,1,1.0
2025-02-08 21:00,11.36,11.36,11.36,1,1.0
2025-02-08 22:00,11.15,11.15,11.15,1,1.0
2025-02-08 23:00,11.02,11.02,11.02,1,1.0
2025-02-09 00:00,10.88,10.88,10.88,1,1.0
2025-02-09 01:00,10.7,10.7,10.7,1,1.0
2025-02-09 02:00,10.46,10.46,10.46,1,1.0
2025-02-09 03:00,10.27,10.27,10.27,1,1.0
2025-02-09 04:00,10.03,10.03,10.03,1,1.0
2025-02-09 05:00,9.78,9.78,9.78,1,1.0
2025-02-09 06:00,9.43,9.43,9.43,1,1.0
2025-02-09 07:00,8.96,8.96,8.96,1,1.0
2025-02-09 08:00,8.55,8.55,8.55,1,1.0
2025-02-09 09:00,9.59,9.59,9.59,1,1.0
2025-02-09 10:00,11.62,11.62,11.62,1,1.0
2025-02-09 11:00,13.18,13.18,13.18,1,1.0
2025-02-09 12:00,14.04,14.04,14.04,1,1.0
2025-02-09 13:00,14.24,14.24,14.24,1,1.0
2025-02-09 14:00,13.86,13.86,13.86,1,1.0
2025-02-09 15:00,13.44,13.44,13.44,1,1.0
2025-02-09 16:00,12.99,12.99,12.99,1,1.0
2025-02-09 17:00,12.4,12.4,12.4,1,1.0
2025-02-09 18:00,12.15,12.15,12.15,1,1.0
2025-02-09 19:00,11.97,11.97,11.97,1,1.0
2025-02-09 20:00,11.7,11.7,11.7,1,1.0
2025-02-09 21:00,11.38,11.38,11.38,1,1.0
2025-02-09 22:00,10.67,10.67,10.67,1,1.0
2025-02-09 23:00,8.93,8.93,8.93,1,1.0
2025-02-10 00:00,7.44,7.44,7.44,1,1.0
2025-02-10 01:00,8.03,8.03,8.03,1,1.0
2025-02-10 02:00,7.83,7.83,7.83,1,1.0
2025-02-10 03:00,7.68,7.68,7.68,1,1.0
2025-02-10 04:00,7.51,7.51,7.51,1,1.0
2025-02-10 05:00,7.25,7.25,7.25,1,1.0
2025-02-10 06:00,6.87,6.87,6.87,1,1.0
2025-02-10 07:00,6.58,6.58,6.58,1,1.0
2025-02-10 08:00,6.3,6.3,6.3,1,1.0
2025-02-10 09:00,7.58,7.58,7.58,1,1.0
2025-02-10 10:00,9.52,9.52,9.52,1,1.0
2025-02-10 11:00,11.13,11.13,11.13,1,1.0
2025-02-10 12:00,12.09,12.09,12.09,1,1.0
2025-02-10 13:00,12.57,12.57,12.57,1,1.0
2025-02-10 14:00,12.76,12.76,12.76,1,1.0
2025-02-10 15:00,12.63,12.63,12.63,1,1.0
2025-02-10 16:00,12.18,12.18,12.18,1,1.0
2025-02-10 17:00,11.55,11.55,11.55,1,1.0
2025-02-10 18:00,10.81,10.81,10.81,1,1.0
2025-02-10 19:00,9.93,9.93,9.93,1,1.0
2025-02-10 20:00,10.01,10.01,10.01,1,1.0
2025-02-10 21:00,10.65,10.65,10.65,1,1.0
2025-02-10 22:00,10.4,10.4,10.4,1,1.0
2025-02-10 23:00,10.05,10.05,10.05,1,1.0
2025-02-11 00:00,9.04,9.04,9.04,1,1.0
2025-02-11 01:00,8.01,8.01,8.01,1,1.0
2025-02-11 02:00,8.07,8.07,8.07,1,1.0
2025-02-11 03:00,7.84,7.84,7.84,1,1.0
2025-02-11 04:00,7.25,7.25,7.25,1,1.0
2025-02-11 05:00,6.45,6.45,6.45,1,1.0
2025-02-11 06:00,5.98,5.98,5.98,1,1.0
2025-02-11 07:00,5.81,5.81,5.81,1,1.0
2025-02-11 08:00,6.31,6.31,6.31,1,1.0
2025-02-11 09:00,9.32,9.32,9.32,1,1.0
2025-02-11 10:00,11.04,11.04,11.04,1,1.0
2025-02-11 11:00,11.85,11.85,11.85,1,1.0
2025-02-11 12:00,12.3,12.3,12.3,1,1.0
2025-02-11 13:00,12.54,12.54,12.54,1,1.0
2025-02-11 14:00,12.48,12.48,12.48,1,1.0
2025-02-11 15:00,12.38,12.38,12.38,1,1.0
2025-02-11 16:00,11.95,11.95,11.95,1,1.0
2025-02-11 17:00,11.42,11.42,11.42,1,1.0
2025-02-11 18:00,10.37,10.37,10.37,1,1.0
2025-02-11 19:00,10.14,10.14,10.14,1,1.0
2025-02-11 20:00,10.78,10.78,10.78,1,1.0
2025-02-11 21:00,10.45,10.45,10.45,1,1.0
2025-02-11 22:00,10.16,10.16,10.16,1,1.0
2025-02-11 23:00,9.51,9.51,9.51,1,1.0
2025-02-12 00:00,9.17,9.17,9.17,1,1.0
2025-02-12 01:00,8.58,8.58,8.58,1,1.0
2025-02-12 02:00,8.28,8.28,8.28,1,1.0
2025-02-12 03:00,7.74,7.74,7.74,1,1.0
2025-02-12 04:00,7.53,7.53,7.53,1,1.0
2025-02-12 05:00,7.17,7.17,7.17,1,1.0
2025-02-12 06:00,6.75,6.75,6.75,1,1.0
2025-02-12 07:00,6.68,6.68,6.68,1,1.0
2025-02-12 08:00,7.23,7.23,7.23,1,1.0
2025-02-12 09:00,9.49,9.49,9.49,1,1.0
2025-02-12 10:00,10.53,10.53,10.53,1,1.0
2025-02-12 11:00,11.17,11.17,11.17,1,1.0
2025-02-12 12:00,11.75,11.75,11.75,1,1.0
2025-02-12 13:00,11.82,11.82,11.82,1,1.0
2025-02-12 14:00,11.84,11.84,11.84,1,1.0
2025-02-12 15:00,11.9,11.9,11.9,1,1.0
2025-02-12 16:00,11.79,11.79,11.79,1,1.0
2025-02-12 17:00,11.46,11.46,11.46,1,1.0
2025-02-12 18:00,10.84,10.84,10.84,1,1.0
2025-02-12 19:00,10.14,10.14,10.14,1,1.0
2025-02-12 20:00,9.19,9.19,9.19,1,1.0
2025-02-12 21:00,8.41,8.41,8.41,1,1.0
2025-02-12 22:00,7.83,7.83,7.83,1,1.0
2025-02-12 23:00,7.83,7.83,7.83,1,1.0
2025-02-13 00:00,8.08,8.08,8.08,1,1.0
2025-02-13 01:00,7.63,7.63,7.63,1,1.0
2025-02-13 02:00,7.55,7.55,7.55,1,1.0
2025-02-13 03:00,7.59,7.59,7.59,1,1.0
2025-02-13 04:00,7.5,7.5,7.5,1,1.0
2025-02-13 05:00,7.0,7.0,7.0,1,1.0
2025-02-13 06:00,6.69,6.69,6.69,1,1.0
2025-02-13 07:00,6.35,6.35,6.35,1,1.0
2025-02-13 08:00,7.35,7.35,7.35,1,1.0
2025-02-13 09:00,9.02,9.02,9.02,1,1.0
2025-02-13 10:00,11.31,11.31,11.31,1,1.0
2025-02-13 11:00,12.65,12.65,12.65,1,1.0
2025-02-13 12:00,13.32,13.32,13.32,1,1.0
2025-02-13 13:00,13.44,13.44,13.44,1,1.0
2025-02-13 14:00,13.31,13.31,13.31,1,1.0
2025-02-13 15:00,12.99,12.99,12.99,1,1.0
2025-02-13 16:00,12.77,12.77,12.77,1,1.0
2025-02-13 17:00,12.21,12.21,12.21,1,1.0
2025-02-13 18:00,11.36,11.36,11.36,1,1.0
2025-02-13 19:00,10.3,10.3,10.3,1,1.0
2025-02-13 20:00,9.95,9.95,9.95,1,1.0
2025-02-13 21:00,9.96,9.96,9.96,1,1.0
2025-02-13 22:00,8.9,8.9,8.9,1,1.0
2025-02-13 23:00,8.37,8.37,8.37,1,1.0
2025-02-14 00:00,8.12,8.12,8.12,1,1.0
2025-02-14 01:00,7.91,7.91,7.91,1,1.0
2025-02-14 02:00,8.0,8.0,8.0,1,1.0
2025-02-14 03:00,8.25,8.25,8.25,1,1.0
2025-02-14 04:00,8.5,8.5,8.5,1,1.0
2025-02-14 05:00,8.42,8.42,8.42,1,1.0
2025-02-14 06:00,8.31,8.31,8.31,1,1.0
2025-02-14 07:00,8.53,8.53,8.53,1,1.0
2025-02-14 08:00,9.37,9.37,9.37,1,1.0
2025-02-14 09:00,10.14,10.14,10.14,1,1.0
2025-02-14 10:00,10.93,10.93,10.93,1,1.0
2025-02-14 11:00,11.61,11.61,11.61,1,1.0
2025-02-14 12:00,12.01,12.01,12.01,1,1.0
2025-02-14 13:00,11.9,11.9,11.9,1,1.0
2025-02-14 14:00,11.94,11.94,11.94,1,1.0
2025-02-14 15:00,11.75,11.75,11.75,1,1.0
2025-02-14 16:00,11.39,11.39,11.39,1,1.0
2025-02-14 17:00,10.6,10.6,10.6,1,1.0
2025-02-14 18:00,10.49,10.49,10.49,1,1.0
2025-02-14 19:00,10.39,10.39,10.39,1,1.0
2025-02-14 20:00,10.48,10.48,10.48,1,1.0
2025-02-14 21:00,10.18,10.18,10.18,1,1.0
2025-02-14 22:00,10.01,10.01,10.01,1,1.0
2025-02-14 23:00,10.08,10.08,10.08,1,1.0
2025-02-15 00:00,10.18,10.18,10.18,1,1.0
2025-02-15 01:00,10.09,10.09,10.09,1,1.0
2025-02-15 02:00,10.04,10.04,10.04,1,1.0
2025-02-15 03:00,10.03,10.03,10.03,1,1.0
2025-02-15 04:00,10.01,10.01,10.01,1,1.0
2025-02-15 05:00,9.9,9.9,9.9,1,1.0
2025-02-15 06:00,9.79,9.79,9.79,1,1.0
2025-02-15 07:00,9.49,9.49,9.49,1,1.0
2025-02-15 08:00,10.07,10.07,10.07,1,1.0
2025-02-15 09:00,10.29,10.29,10.29,1,1.0
2025-02-15 10:00,10.74,10.74,10.74,1,1.0
2025-02-15 11:00,11.18,11.18,11.18,1,1.0
2025-02-15 12:00,11.12,11.12,11.12,1,1.0
2025-02-15 13:00,11.38,11.38,11.38,1,1.0
2025-02-15 14:00,11.48,11.48,11.48,1,1.0
2025-02-15 15:00,11.8,11.8,11.8,1,1.0
2025-02-15 16:00,11.78,11.78,11.78,1,1.0
2025-02-15 17:00,11.37,11.37,11.37,1,1.0
2025-02-15 18:00,10.82,10.82,10.82,1,1.0
2025-02-15 19:00,10.21,10.21,10.21,1,1.0
2025-02-15 20:00,9.32,9.32,9.32,1,1.0
2025-02-15 21:00,8.87,8.87,8.87,1,1.0
2025-02-15 22:00,9.22,9.22,9.22,1,1.0
2025-02-15 23:00,9.32,9.32,9.32,1,1.0
2025-02-16 00:00,9.16,9.16,9.16,1,1.0
2025-02-16 01:00,8.91,8.91,8.91,1,1.0
2025-02-16 02:00,8.51,8.51,8.51,1,1.0
2025-02-16 03:00,8.22,8.22,8.22,1,1.0
2025-02-16 04:00,8.07,8.07,8.07,1,1.0
2025-02-16 05:00,7.97,7.97,7.97,1,1.0
2025-02-16 06:00,7.85,7.85,7.85,1,1.0
2025-02-16 07:00,7.85,7.85,7.85,1,1.0
2025-02-16 08:00,8.23,8.23,8.23,1,1.0
2025-02-16 09:00,8.9,8.9,8.9,1,1.0
2025-02-16 10:00,9.72,9.72,9.72,1,1.0
2025-02-16 11:00,10.62,10.62,10.62,1,1.0
2025-02-16 12:00,11.75,11.75,11.75,1,1.0
2025-02-16 13:00,12.85,12.85,12.85,1,1.0
2025-02-16 14:00,13.55,13.55,13.55,1,1.0
2025-02-16 15:00,13.68,13.68,13.68,1,1.0
2025-02-16 16:00,13.73,13.73,13.73,1,1.0
2025-02-16 17:00,13.35,13.35,13.35,1,1.0
2025-02-16 18:00,12.08,12.08,12.08,1,1.0
2025-02-16 19:00,10.85,10.85,10.85,1,1.0
2025-02-16 20:00,10.27,10.27,10.27,1,1.0
2025-02-16 21:00,9.84,9.84,9.84,1,1.0
2025-02-16 22:00,10.08,10.08,10.08,1,1.0
2025-02-16 23:00,10.15,10.15,10.15,1,1.0
2025-02-17 00:00,9.96,9.96,9.96,1,1.0
2025-02-17 01:00,9.03,9.03,9.03,1,1.0
2025-02-17 02:00,8.55,8.55,8.55,1,1.0
2025-02-17 03:00,8.38,8.38,8.38,1,1.0
2025-02-17 04:00,8.09,8.09,8.09,1,1.0
2025-02-17 05:00,7.58,7.58,7.58,1,1.0
2025-02-17 06:00,6.4,6.4,6.4,1,1.0
2025-02-17 07:00,6.52,6.52,6.52,1,1.0
2025-02-17 08:00,8.18,8.18,8.18,1,1.0
2025-02-17 09:00,9.91,9.91,9.91,1,1.0
2025-02-17 10:00,10.76,10.76,10.76,1,1.0
2025-02-17 11:00,11.42,11.42,11.42,1,1.0
2025-02-17 12:00,12.11,12.11,12.11,1,1.0
2025-02-17 13:00,12.41,12.41,12.41,1,1.0
2025-02-17 14:00,12.56,12.56,12.56,1,1.0
2025-02-17 15:00,12.55,12.55,12.55,1,1.0
2025-02-17 16:00,12.38,12.38,12.38,1,1.0
2025-02-17 17:00,11.89,11.89,11.89,1,1.0
2025-02-17 18:00,10.97,10.97,10.97,1,1.0
2025-02-17 19:00,9.89,9.89,9.89,1,1.0
2025-02-17 20:00,9.18,9.18,9.18,1,1.0
2025-02-17 21:00,9.44,9.44,9.44,1,1.0
2025-02-17 22:00,9.27,9.27,9.27,1,1.0
2025-02-17 23:00,8.79,8.79,8.79,1,1.0
2025-02-18 00:00,8.42,8.42,8.42,1,1.0
2025-02-18 01:00,8.19,8.19,8.19,1,1.0
2025-02-18 02:00,8.1,8.1,8.1,1,1.0
2025-02-18 03:00,7.88,7.88,7.88,1,1.0
2025-02-18 04:00,7.61,7.61,7.61,1,1.0
2025-02-18 05:00,7.39,7.39,7.39,1,1.0
2025-02-18 06:00,7.06,7.06,7.06,1,1.0
2025-02-18 07:00,6.77,6.77,6.77,1,1.0
2025-02-18 08:00,8.03,8.03,8.03,1,1.0
2025-02-18 09:00,8.92,8.92,8.92,1,1.0
2025-02-18 10:00,10.08,10.08,10.08,1,1.0
2025-02-18 11:00,11.24,11.24,11.24,1,1.0
2025-02-18 12:00,12.02,12.02,12.02,1,1.0
2025-02-18 13:00,12.64,12.64,12.64,1,1.0
2025-02-18 14:00,12.61,12.61,12.61,1,1.0
2025-02-18 15:00,12.62,12.62,12.62,1,1.0
2025-02-18 16:00,12.29,12.29,12.29,1,1.0
2025-02-18 17:00,11.93,11.93,11.93,1,1.0
2025-02-18 18:00,10.87,10.87,10.87,1,1.0
2025-02-18 19:00,10.24,10.24,10.24,1,1.0
2025-02-18 20:00,9.28,9.28,9.28,1,1.0
2025-02-18 21:00,8.65,8.65,8.65,1,1.0
2025-02-18 22:00,8.78,8.78,8.78,1,1.0
2025-02-18 23:00,8.78,8.78,8.78,1,1.0
2025-02-19 00:00,8.58,8.58,8.58,1,1.0
2025-02-19 01:00,8.37,8.37,8.37,1,1.0
2025-02-19 02:00,8.08,8.08,8.08,1,1.0
2025-02-19 03:00,7.9,7.9,7.9,1,1.0
2025-02-19 04:00,7.88,7.88,7.88,1,1.0
2025-02-19 05:00,7.93,7.93,7.93,1,1.0
2025-02-19 06:00,7.89,7.89,7.89,1,1.0
2025-02-19 07:00,7.91,7.91,7.91,1,1.0
2025-02-19 08:00,8.46,8.46,8.46,1,1.0
2025-02-19 09:00,8.84,8.84,8.84,1,1.0
2025-02-19 10:00,9.63,9.63,9.63,1,1.0
2025-02-19 11:00,10.24,10.24,10.24,1,1.0
2025-02-19 12:00,10.81,10.81,10.81,1,1.0
2025-02-19 13:00,11.16,11.16,11.16,1,1.0
2025-02-19 14:00,11.52,11.52,11.52,1,1.0
2025-02-19 15:00,11.33,11.33,11.33,1,1.0
2025-02-19 16:00,11.21,11.21,11.21,1,1.0
2025-02-19 17:00,10.96,10.96,10.96,1,1.0
2025-02-19 18:00,10.38,10.38,10.38,1,1.0
2025-02-19 19:00,9.96,9.96,9.96,1,1.0
2025-02-19 20:00,10.15,10.15,10.15,1,1.0
2025-02-19 21:00,9.66,9.66,9.66,1,1.0
2025-02-19 22:00,9.34,9.34,9.34,1,1.0
2025-02-19 23:00,9.03,9.03,9.03,1,1.0
2025-02-20 00:00,8.81,8.81,8.81,1,1.0
2025-02-20 01:00,8.58,8.58,8.58,1,1.0
2025-02-20 02:00,8.44,8.44,8.44,1,1.0
2025-02-20 03:00,8.32,8.32,8.32,1,1.0
2025-02-20 04:00,8.17,8.17,8.17,1,1.0
2025-02-20 05:00,8.0,8.0,8.0,1,1.0
2025-02-20 06:00,7.88,7.88,7.88,1,1.0
2025-02-20 07:00,7.8,7.8,7.8,1,1.0
2025-02-20 08:00,8.15,8.15,8.15,1,1.0
2025-02-20 09:00,8.62,8.62,8.62,1,1.0
2025-02-20 10:00,9.33,9.33,9.33,1,1.0
2025-02-20 11:00,10.07,10.07,10.07,1,1.0
2025-02-20 12:00,10.62,10.62,10.62,1,1.0
2025-02-20 13:00,11.12,11.12,11.12,1,1.0
2025-02-20 14:00,11.45,11.45,11.45,1,1.0
2025-02-20 15:00,11.55,11.55,11.55,1,1.0
2025-02-20 16:00,11.39,11.39,11.39,1,1.0
2025-02-20 17:00,11.02,11.02,11.02,1,1.0
2025-02-20 18:00,10.47,10.47,10.47,1,1.0
2025-02-20 19:00,9.84,9.84,9.84,1,1.0
2025-02-20 20:00,9.59,9.59,9.59,1,1.0
2025-02-20 21:00,8.97,8.97,8.97,1,1.0
2025-02-20 22:00,8.54,8.54,8.54,1,1.0
2025-02-20 23:00,8.1,8.1,8.1,1,1.0
2025-02-21 00:00,7.82,7.82,7.82,1,1.0
2025-02-21 01:00,7.41,7.41,7.41,1,1.0
2025-02-21 02:00,7.07,7.07,7.07,1,1.0
2025-02-21 03:00,6.77,6.77,6.77,1,1.0
2025-02-21 04:00,6.44,6.44,6.44,1,1.0
2025-02-21 05:00,5.83,5.83,5.83,1,1.0
2025-02-21 06:00,5.41,5.41,5.41,1,1.0
2025-02-21 07:00,4.97,4.97,4.97,1,1.0
2025-02-21 08:00,6.49,6.49,6.49,1,1.0
2025-02-21 09:00,7.96,7.96,7.96,1,1.0
2025-02-21 10:00,9.7,9.7,9.7,1,1.0
2025-02-21 11:00,11.2,11.2,11.2,1,1.0
2025-02-21 12:00,12.26,12.26,12.26,1,1.0
2025-02-21 13:00,13.02,13.02,13.02,1,1.0
2025-02-21 14:00,13.46,13.46,13.46,1,1.0
2025-02-21 15:00,13.6,13.6,13.6,1,1.0
2025-02-21 16:00,13.38,13.38,13.38,1,1.0
2025-02-21 17:00,12.73,12.73,12.73,1,1.0
2025-02-21 18:00,11.53,11.53,11.53,1,1.0
2025-02-21 19:00,11.22,11.22,11.22,1,1.0
2025-02-21 20:00,11.61,11.61,11.61,1,1.0
2025-02-21 21:00,11.01,11.01,11.01,1,1.0
2025-02-21 22:00,10.45,10.45,10.45,1,1.0
2025-02-21 23:00,9.44,9.44,9.44,1,1.0
2025-02-22 00:00,8.43,8.43,8.43,1,1.0
2025-02-22 01:00,7.84,7.84,7.84,1,1.0
2025-02-22 02:00,7.47,7.47,7.47,1,1.0
2025-02-22 03:00,6.66,6.66,6.66,1,1.0
2025-02-22 04:00,5.97,5.97,5.97,1,1.0
2025-02-22 05:00,5.74,5.74,5.74,1,1.0
2025-02-22 06:00,5.63,5.63,5.63,1,1.0
2025-02-22 07:00,5.45,5.45,5.45,1,1.0
2025-02-22 08:00,6.68,6.68,6.68,1,1.0
2025-02-22 09:00,10.13,10.13,10.13,1,1.0
2025-02-22 10:00,11.3,11.3,11.3,1,1.0
2025-02-22 11:00,12.08,12.08,12.08,1,1.0
2025-02-22 12:00,12.58,12.58,12.58,1,1.0
2025-02-22 13:00,12.77,12.77,12.77,1,1.0
2025-02-22 14:00,12.58,12.58,12.58,1,1.0
2025-02-22 15:00,12.23,12.23,12.23,1,1.0
2025-02-22 16:00,12.08,12.08,12.08,1,1.0
2025-02-22 17:00,11.74,11.74,11.74,1,1.0
2025-02-22 18:00,10.69,10.69,10.69,1,1.0
2025-02-22 19:00,10.96,10.96,10.96,1,1.0
2025-02-22 20:00,10.74,10.74,10.74,1,1.0
2025-02-22 21:00,10.46,10.46,10.46,1,1.0
2025-02-22 22:00,10.25,10.25,10.25,1,1.0
2025-02-22 23:00,10.08,10.08,10.08,1,1.0
2025-02-23 00:00,9.9,9.9,9.9,1,1.0
2025-02-23 01:00,9.71,9.71,9.71,1,1.0
2025-02-23 02:00,8.31,8.31,8.31,1,1.0
2025-02-23 03:00,6.38,6.38,6.38,1,1.0
2025-02-23 04:00,6.2,6.2,6.2,1,1.0
2025-02-23 05:00,6.53,6.53,6.53,1,1.0
2025-02-23 06:00,6.63,6.63,6.63,1,1.0
2025-02-23 07:00,6.23,6.23,6.23,1,1.0
2025-02-23 08:00,6.83,6.83,6.83,1,1.0
2025-02-23 09:00,8.32,8.32,8.32,1,1.0
2025-02-23 10:00,10.52,10.52,10.52,1,1.0
2025-02-23 11:00,12.26,12.26,12.26,1,1.0
2025-02-23 12:00,13.1,13.1,13.1,1,1.0
2025-02-23 13:00,13.68,13.68,13.68,1,1.0
2025-02-23 14:00,13.84,13.84,13.84,1,1.0
2025-02-23 15:00,13.76,13.76,13.76,1,1.0
2025-02-23 16:00,13.49,13.49,13.49,1,1.0
2025-02-23 17:00,12.95,12.95,12.95,1,1.0
2025-02-23 18:00,12.18,12.18,12.18,1,1.0
2025-02-23 19:00,11.58,11.58,11.58,1,1.0
2025-02-23 20:00,10.82,10.82,10.82,1,1.0
2025-02-23 21:00,10.92,10.92,10.92,1,1.0
2025-02-23 22:00,11.16,11.16,11.16,1,1.0
2025-02-23 23:00,10.77,10.77,10.77,1,1.0
2025-02-24 00:00,10.49,10.49,10.49,1,1.0
2025-02-24 01:00,10.37,10.37,10.37,1,1.0
2025-02-24 02:00,10.19,10.19,10.19,1,1.0
2025-02-24 03:00,10.0,10.0,10.0,1,1.0
2025-02-24 04:00,9.93,9.93,9.93,1,1.0
2025-02-24 05:00,9.83,9.83,9.83,1,1.0
2025-02-24 06:00,9.72,9.72,9.72,1,1.0
2025-02-24 07:00,8.95,8.95,8.95,1,1.0
2025-02-24 08:00,8.91,8.91,8.91,1,1.0
2025-02-24 09:00,10.33,10.33,10.33,1,1.0
2025-02-24 10:00,11.11,11.11,11.11,1,1.0
2025-02-24 11:00,12.16,12.16,12.16,1,1.0
2025-02-24 12:00,12.61,12.61,12.61,1,1.0
2025-02-24 13:00,12.86,12.86,12.86,1,1.0
2025-02-24 14:00,12.54,12.54,12.54,1,1.0
2025-02-24 15:00,12.41,12.41,12.41,1,1.0
2025-02-24 16:00,11.92,11.92,11.92,1,1.0
2025-02-24 17:00,11.47,11.47,11.47,1,1.0
2025-02-24 18:00,11.07,11.07,11.07,1,1.0
2025-02-24 19:00,10.56,10.56,10.56,1,1.0
2025-02-24 20:00,10.18,10.18,10.18,1,1.0
2025-02-24 21:00,9.57,9.57,9.57,1,1.0
2025-02-24 22:00,9.5,9.5,9.5,1,1.0
2025-02-24 23:00,9.33,9.33,9.33,1,1.0
2025-02-25 00:00,10.42,10.42,10.42,1,1.0
2025-02-25 01:00,9.5,9.5,9.5,1,1.0
2025-02-25 02:00,8.93,8.93,8.93,1,1.0
2025-02-25 03:00,9.21,9.21,9.21,1,1.0
2025-02-25 04:00,9.3,9.3,9.3,1,1.0
2025-02-25 05:00,9.63,9.63,9.63,1,1.0
2025-02-25 06:00,9.9,9.9,9.9,1,1.0
2025-02-25 07:00,9.99,9.99,9.99,1,1.0
2025-02-25 08:00,10.19,10.19,10.19,1,1.0
2025-02-25 09:00,10.62,10.62,10.62,1,1.0
2025-02-25 10:00,10.88,10.88,10.88,1,1.0
2025-02-25 11:00,11.34,11.34,11.34,1,1.0
2025-02-25 12:00,11.87,11.87,11.87,1,1.0
2025-02-25 13:00,12.34,12.34,12.34,1,1.0
2025-02-25 14:00,12.06,12.06,12.06,1,1.0
2025-02-25 15:00,11.94,11.94,11.94,1,1.0
2025-02-25 16:00,12.01,12.01,12.01,1,1.0
2025-02-25 17:00,11.74,11.74,11.74,1,1.0
2025-02-25 18:00,11.29,11.29,11.29,1,1.0
2025-02-25 19:00,11.09,11.09,11.09,1,1.0
2025-02-25 20:00,11.1,11.1,11.1,1,1.0
2025-02-25 21:00,10.97,10.97,10.97,1,1.0
2025-02-25 22:00,10.85,10.85,10.85,1,1.0
2025-02-25 23:00,10.58,10.58,10.58,1,1.0
2025-02-26 00:00,10.6,10.6,10.6,1,1.0
2025-02-26 01:00,10.43,10.43,10.43,1,1.0
2025-02-26 02:00,10.34,10.34,10.34,1,1.0
2025-02-26 03:00,10.36,10.36,10.36,1,1.0
2025-02-26 04:00,10.32,10.32,10.32,1,1.0
2025-02-26 05:00,10.31,10.31,10.31,1,1.0
2025-02-26 06:00,10.49,10.49,10.49,1,1.0
2025-02-26 07:00,10.43,10.43,10.43,1,1.0
2025-02-26 08:00,10.89,10.89,10.89,1,1.0
2025-02-26 09:00,11.02,11.02,11.02,1,1.0
2025-02-26 10:00,10.97,10.97,10.97,1,1.0
2025-02-26 11:00,11.33,11.33,11.33,1,1.0
2025-02-26 12:00,11.26,11.26,11.26,1,1.0
2025-02-26 13:00,11.93,11.93,11.93,1,1.0
2025-02-26 14:00,11.98,11.98,11.98,1,1.0
2025-02-26 15:00,11.54,11.54,11.54,1,1.0
2025-02-26 16:00,11.53,11.53,11.53,1,1.0
2025-02-26 17:00,11.16,11.16,11.16,1,1.0
2025-02-26 18:00,11.01,11.01,11.01,1,1.0
2025-02-26 19:00,10.86,10.86,10.86,1,1.0
2025-02-26 20:00,10.87,10.87,10.87,1,1.0
2025-02-26 21:00,10.56,10.56,10.56,1,1.0
2025-02-26 22:00,10.29,10.29,10.29,1,1.0
2025-02-26 23:00,9.95,9.95,9.95,1,1.0
2025-02-27 00:00,9.61,9.61,9.61,1,1.0
2025-02-27 01:00,9.51,9.51,9.51,1,1.0
2025-02-27 02:00,9.39,9.39,9.39,1,1.0
2025-02-27 03:00,9.36,9.36,9.36,1,1.0
2025-02-27 04:00,9.11,9.11,9.11,1,1.0
2025-02-27 05:00,6.89,6.89,6.89,1,1.0
2025-02-27 06:00,6.93,6.93,6.93,1,1.0
2025-02-27 07:00,5.97,5.97,5.97,1,1.0
2025-02-27 08:00,8.03,8.03,8.03,1,1.0
2025-02-27 09:00,10.32,10.32,10.32,1,1.0
2025-02-27 10:00,11.07,11.07,11.07,1,1.0
2025-02-27 11:00,11.48,11.48,11.48,1,1.0
2025-02-27 12:00,12.13,12.13,12.13,1,1.0
2025-02-27 13:00,12.25,12.25,12.25,1,1.0
2025-02-27 14:00,12.21,12.21,12.21,1,1.0
2025-02-27 15:00,12.26,12.26,12.26,1,1.0
2025-02-27 16:00,12.05,12.05,12.05,1,1.0
2025-02-27 17:00,11.8,11.8,11.8,1,1.0
2025-02-27 18:00,11.31,11.31,11.31,1,1.0
2025-02-27 19:00,10.78,10.78,10.78,1,1.0
2025-02-27 20:00,10.83,10.83,10.83,1,1.0
2025-02-27 21:00,10.05,10.05,10.05,1,1.0
2025-02-27 22:00,9.68,9.68,9.68,1,1.0
2025-02-27 23:00,11.03,11.03,11.03,1,1.0
2025-02-28 00:00,10.92,10.92,10.92,1,1.0
2025-02-28 01:00,10.46,10.46,10.46,1,1.0
2025-02-28 02:00,10.26,10.26,10.26,1,1.0
2025-02-28 03:00,10.26,10.26,10.26,1,1.0
2025-02-28 04:00,9.92,9.92,9.92,1,1.0
2025-02-28 05:00,9.47,9.47,9.47,1,1.0
2025-02-28 06:00,9.22,9.22,9.22,1,1.0
2025-02-28 07:00,8.67,8.67,8.67,1,1.0
2025-02-28 08:00,9.43,9.43,9.43,1,1.0
2025-02-28 09:00,10.88,10.88,10.88,1,1.0
2025-02-28 10:00,11.88,11.88,11.88,1,1.0
2025-02-28 11:00,12.61,12.61,12.61,1,1.0
2025-02-28 12:00,12.9,12.9,12.9,1,1.0
2025-02-28 13:00,13.07,13.07,13.07,1,1.0
2025-02-28 14:00,13.03,13.03,13.03,1,1.0
2025-02-28 15:00,12.81,12.81,12.81,1,1.0
2025-02-28 16:00,12.38,12.38,12.38,1,1.0
2025-02-28 17:00,11.97,11.97,11.97,1,1.0
2025-02-28 18:00,11.4,11.4,11.4,1,1.0
2025-02-28 19:00,11.23,11.23,11.23,1,1.0
2025-02-28 20:00,9.36,9.36,9.36,1,1.0
2025-02-28 21:00,8.83,8.83,8.83,1,1.0
2025-02-28 22:00,8.51,8.51,8.51,1,1.0
2025-02-28 23:00,8.26,8.26,8.26,1,1.0
2025-03-01 00:00,8.13,8.13,8.13,1,1.0
2025-03-01 01:00,8.19,8.19,8.19,1,1.0
2025-03-01 02:00,8.06,8.06,8.06,1,1.0
2025-03-01 03:00,8.19,8.19,8.19,1,1.0
2025-03-01 04:00,7.67,7.67,7.67,1,1.0
2025-03-01 05:00,7.46,7.46,7.46,1,1.0
2025-03-01 06:00,7.07,7.07,7.07,1,1.0
2025-03-01 07:00,6.93,6.93,6.93,1,1.0
2025-03-01 08:00,8.32,8.32,8.32,1,1.0
2025-03-01 09:00,10.49,10.49,10.49,1,1.0
2025-03-01 10:00,12.62,12.62,12.62,1,1.0
2025-03-01 11:00,13.72,13.72,13.72,1,1.0
2025-03-01 12:00,13.63,13.63,13.63,1,1.0
2025-03-01 13:00,13.04,13.04,13.04,1,1.0
2025-03-01 14:00,12.9,12.9,12.9,1,1.0
2025-03-01 15:00,12.68,12.68,12.68,1,1.0
2025-03-01 16:00,12.11,12.11,12.11,1,1.0
2025-03-01 17:00,11.7,11.7,11.7,1,1.0
2025-03-01 18:00,11.37,11.37,11.37,1,1.0
2025-03-01 19:00,11.09,11.09,11.09,1,1.0
2025-03-01 20:00,11.47,11.47,11.47,1,1.0
2025-03-01 21:00,10.99,10.99,10.99,1,1.0
2025-03-01 22:00,10.71,10.71,10.71,1,1.0
2025-03-01 23:00,10.55,10.55,10.55,1,1.0
2025-03-02 00:00,10.43,10.43,10.43,1,1.0
2025-03-02 01:00,10.3,10.3,10.3,1,1.0
2025-03-02 02:00,9.97,9.97,9.97,1,1.0
2025-03-02 03:00,9.87,9.87,9.87,1,1.0
2025-03-02 04:00,9.68,9.68,9.68,1,1.0
2025-03-02 05:00,9.51,9.51,9.51,1,1.0
2025-03-02 06:00,9.41,9.41,9.41,1,1.0
2025-03-02 07:00,9.44,9.44,9.44,1,1.0
2025-03-02 08:00,9.98,9.98,9.98,1,1.0
2025-03-02 09:00,10.75,10.75,10.75,1,1.0
2025-03-02 10:00,11.45,11.45,11.45,1,1.0
2025-03-02 11:00,12.2,12.2,12.2,1,1.0
2025-03-02 12:00,13.25,13.25,13.25,1,1.0
2025-03-02 13:00,13.98,13.98,13.98,1,1.0
2025-03-02 14:00,14.32,14.32,14.32,1,1.0
2025-03-02 15:00,14.41,14.41,14.41,1,1.0
2025-03-02 16:00,13.94,13.94,13.94,1,1.0
2025-03-02 17:00,13.17,13.17,13.17,1,1.0
2025-03-02 18:00,12.31,12.31,12.31,1,1.0
2025-03-02 19:00,11.57,11.57,11.57,1,1.0
2025-03-02 20:00,10.95,10.95,10.95,1,1.0
2025-03-02 21:00,10.52,10.52,10.52,1,1.0
2025-03-02 22:00,10.1,10.1,10.1,1,1.0
2025-03-02 23:00,9.8,9.8,9.8,1,1.0
2025-03-03 00:00,9.55,9.55,9.55,1,1.0
2025-03-03 01:00,9.16,9.16,9.16,1,1.0
2025-03-03 02:00,8.89,8.89,8.89,1,1.0
2025-03-03 03:00,8.48,8.48,8.48,1,1.0
2025-03-03 04:00,8.14,8.14,8.14,1,1.0
2025-03-03 05:00,8.03,8.03,8.03,1,1.0
2025-03-03 06:00,7.92,7.92,7.92,1,1.0
2025-03-03 07:00,7.8,7.8,7.8,1,1.0
2025-03-03 08:00,7.69,7.69,7.69,1,1.0
2025-03-03 09:00,8.72,8.72,8.72,1,1.0
2025-03-03 10:00,9.9,9.9,9.9,1,1.0
2025-03-03 11:00,10.96,10.96,10.96,1,1.0
2025-03-03 12:00,11.64,11.64,11.64,1,1.0
2025-03-03 13:00,12.1,12.1,12.1,1,1.0
2025-03-03 14:00,12.49,12.49,12.49,1,1.0
2025-03-03 15:00,12.48,12.48,12.48,1,1.0
2025-03-03 16:00,12.15,12.15,12.15,1,1.0
2025-03-03 17:00,11.39,11.39,11.39,1,1.0
2025-03-03 18:00,10.36,10.36,10.36,1,1.0
2025-03-03 19:00,9.44,9.44,9.44,1,1.0
2025-03-03 20:00,8.97,8.97,8.97,1,1.0
2025-03-03 21:00,8.44,8.44,8.44,1,1.0
2025-03-03 22:00,7.9,7.9,7.9,1,1.0
2025-03-03 23:00,7.34,7.34,7.34,1,1.0
2025-03-04 00:00,6.82,6.82,6.82,1,1.0
2025-03-04 01:00,6.43,6.43,6.43,1,1.0
2025-03-04 02:00,6.19,6.19,6.19,1,1.0
2025-03-04 03:00,5.95,5.95,5.95,1,1.0
2025-03-04 04:00,5.76,5.76,5.76,1,1.0
2025-03-04 05:00,5.63,5.63,5.63,1,1.0
2025-03-04 06:00,5.53,5.53,5.53,1,1.0
2025-03-04 07:00,5.56,5.56,5.56,1,1.0
2025-03-04 08:00,7.01,7.01,7.01,1,1.0
2025-03-04 09:00,9.28,9.28,9.28,1,1.0
2025-03-04 10:00,10.98,10.98,10.98,1,1.0
2025-03-04 11:00,12.28,12.28,12.28,1,1.0
2025-03-04 12:00,13.29,13.29,13.29,1,1.0
2025-03-04 13:00,13.92,13.92,13.92,1,1.0
2025-03-04 14:00,14.21,14.21,14.21,1,1.0
2025-03-04 15:00,14.15,14.15,14.15,1,1.0
2025-03-04 16:00,13.86,13.86,13.86,1,1.0
2025-03-04 17:00,13.42,13.42,13.42,1,1.0
2025-03-04 18:00,12.6,12.6,12.6,1,1.0
2025-03-04 19:00,11.44,11.44,11.44,1,1.0
2025-03-04 20:00,10.11,10.11,10.11,1,1.0
2025-03-04 21:00,9.25,9.25,9.25,1,1.0
2025-03-04 22:00,8.99,8.99,8.99,1,1.0
2025-03-04 23:00,8.75,8.75,8.75,1,1.0
2025-03-05 00:00,8.27,8.27,8.27,1,1.0
2025-03-05 01:00,7.91,7.91,7.91,1,1.0
2025-03-05 02:00,7.66,7.66,7.66,1,1.0
2025-03-05 03:00,7.41,7.41,7.41,1,1.0
2025-03-05 04:00,7.17,7.17,7.17,1,1.0
2025-03-05 05:00,6.96,6.96,6.96,1,1.0
2025-03-05 06:00,6.77,6.77,6.77,1,1.0
2025-03-05 07:00,6.68,6.68,6.68,1,1.0
2025-03-05 08:00,8.37,8.37,8.37,1,1.0
2025-03-05 09:00,10.64,10.64,10.64,1,1.0
2025-03-05 10:00,12.37,12.37,12.37,1,1.0
2025-03-05 11:00,13.66,13.66,13.66,1,1.0
2025-03-05 12:00,14.55,14.55,14.55,1,1.0
2025-03-05 13:00,15.07,15.07,15.07,1,1.0
2025-03-05 14:00,15.26,15.26,15.26,1,1.0
2025-03-05 15:00,15.16,15.16,15.16,1,1.0
2025-03-05 16:00,14.8,14.8,14.8,1,1.0
2025-03-05 17:00,14.13,14.13,14.13,1,1.0
2025-03-05 18:00,13.31,13.31,13.31,1,1.0
2025-03-05 19:00,12.05,12.05,12.05,1,1.0
2025-03-05 20:00,12.51,12.51,12.51,1,1.0
2025-03-05 21:00,12.19,12.19,12.19,1,1.0
2025-03-05 22:00,11.0,11.0,11.0,1,1.0
2025-03-05 23:00,9.41,9.41,9.41,1,1.0
2025-03-06 00:00,7.61,7.61,7.61,1,1.0
2025-03-06 01:00,6.66,6.66,6.66,1,1.0
2025-03-06 02:00,6.82,6.82,6.82,1,1.0
2025-03-06 03:00,7.11,7.11,7.11,1,1.0
2025-03-06 04:00,7.38,7.38,7.38,1,1.0
2025-03-06 05:00,7.35,7.35,7.35,1,1.0
2025-03-06 06:00,7.28,7.28,7.28,1,1.0
2025-03-06 07:00,7.19,7.19,7.19,1,1.0
2025-03-06 08:00,9.19,9.19,9.19,1,1.0
2025-03-06 09:00,11.96,11.96,11.96,1,1.0
2025-03-06 10:00,13.87,13.87,13.87,1,1.0
2025-03-06 11:00,14.9,14.9,14.9,1,1.0
2025-03-06 12:00,15.45,15.45,15.45,1,1.0
2025-03-06 13:00,15.68,15.68,15.68,1,1.0
2025-03-06 14:00,15.51,15.51,15.51,1,1.0
2025-03-06 15:00,15.06,15.06,15.06,1,1.0
2025-03-06 16:00,14.34,14.34,14.34,1,1.0
2025-03-06 17:00,13.56,13.56,13.56,1,1.0
2025-03-06 18:00,12.54,12.54,12.54,1,1.0
2025-03-06 19:00,11.83,11.83,11.83,1,1.0
2025-03-06 20:00,10.87,10.87,10.87,1,1.0
2025-03-06 21:00,9.58,9.58,9.58,1,1.0
2025-03-06 22:00,8.94,8.94,8.94,1,1.0
2025-03-06 23:00,8.42,8.42,8.42,1,1.0
2025-03-07 00:00,8.1,8.1,8.1,1,1.0
2025-03-07 01:00,7.92,7.92,7.92,1,1.0
2025-03-07 02:00,8.08,8.08,8.08,1,1.0
2025-03-07 03:00,8.08,8.08,8.08,1,1.0
2025-03-07 04:00,8.45,8.45,8.45,1,1.0
2025-03-07 05:00,8.38,8.38,8.38,1,1.0
2025-03-07 06:00,8.28,8.28,8.28,1,1.0
2025-03-07 07:00,8.3,8.3,8.3,1,1.0
2025-03-07 08:00,10.2,10.2,10.2,1,1.0
2025-03-07 09:00,12.85,12.85,12.85,1,1.0
2025-03-07 10:00,14.58,14.58,14.58,1,1.0
2025-03-07 11:00,15.71,15.71,15.71,1,1.0
2025-03-07 12:00,16.37,16.37,16.37,1,1.0
2025-03-07 13:00,16.51,16.51,16.51,1,1.0
2025-03-07 14:00,16.68,16.68,16.68,1,1.0
2025-03-07 15:00,16.67,16.67,16.67,1,1.0
2025-03-07 16:00,16.35,16.35,16.35,1,1.0
2025-03-07 17:00,15.85,15.85,15.85,1,1.0
2025-03-07 18:00,14.82,14.82,14.82,1,1.0
2025-03-07 19:00,13.77,13.77,13.77,1,1.0
2025-03-07 20:00,12.11,12.11,12.11,1,1.0
2025-03-07 21:00,11.01,11.01,11.01,1,1.0
2025-03-07 22:00,11.45,11.45,11.45,1,1.0
2025-03-07 23:00,11.15,11.15,11.15,1,1.0
2025-03-08 00:00,10.67,10.67,10.67,1,1.0
2025-03-08 01:00,10.37,10.37,10.37,1,1.0
2025-03-08 02:00,10.17,10.17,10.17,1,1.0
2025-03-08 03:00,10.04,10.04,10.04,1,1.0
2025-03-08 04:00,10.09,10.09,10.09,1,1.0
2025-03-08 05:00,10.02,10.02,10.02,1,1.0
2025-03-08 06:00,9.8,9.8,9.8,1,1.0
2025-03-08 07:00,9.66,9.66,9.66,1,1.0
2025-03-08 08:00,11.17,11.17,11.17,1,1.0
2025-03-08 09:00,12.56,12.56,12.56,1,1.0
2025-03-08 10:00,14.33,14.33,14.33,1,1.0
2025-03-08 11:00,15.76,15.76,15.76,1,1.0
2025-03-08 12:00,16.64,16.64,16.64,1,1.0
2025-03-08 13:00,16.6,16.6,16.6,1,1.0
2025-03-08 14:00,16.21,16.21,16.21,1,1.0
2025-03-08 15:00,15.88,15.88,15.88,1,1.0
2025-03-08 16:00,15.37,15.37,15.37,1,1.0
2025-03-08 17:00,15.12,15.12,15.12,1,1.0
2025-03-08 18:00,14.69,14.69,14.69,1,1.0
2025-03-08 19:00,13.48,13.48,13.48,1,1.0
2025-03-08 20:00,12.55,12.55,12.55,1,1.0
2025-03-08 21:00,11.21,11.21,11.21,1,1.0
2025-03-08 22:00,10.4,10.4,10.4,1,1.0
2025-03-08 23:00,9.91,9.91,9.91,1,1.0
2025-03-09 00:00,9.82,9.82,9.82,1,1.0
2025-03-09 01:00,9.71,9.71,9.71,1,1.0
2025-03-09 02:00,9.53,9.53,9.53,1,1.0
2025-03-09 03:00,9.58,9.58,9.58,1,1.0
2025-03-09 04:00,9.65,9.65,9.65,1,1.0
2025-03-09 05:00,9.73,9.73,9.73,1,1.0
2025-03-09 06:00,9.45,9.45,9.45,1,1.0
2025-03-09 07:00,9.34,9.34,9.34,1,1.0
2025-03-09 08:00,11.29,11.29,11.29,1,1.0
2025-03-09 09:00,14.42,14.42,14.42,1,1.0
2025-03-09 10:00,15.26,15.26,15.26,1,1.0
2025-03-09 11:00,15.78,15.78,15.78,1,1.0
2025-03-09 12:00,16.24,16.24,16.24,1,1.0
2025-03-09 13:00,16.55,16.55,16.55,1,1.0
2025-03-09 14:00,16.59,16.59,16.59,1,1.0
2025-03-09 15:00,16.39,16.39,16.39,1,1.0
2025-03-09 16:00,15.91,15.91,15.91,1,1.0
2025-03-09 17:00,15.39,15.39,15.39,1,1.0
2025-03-09 18:00,14.57,14.57,14.57,1,1.0
2025-03-09 19:00,13.79,13.79,13.79,1,1.0
2025-03-09 20:00,13.04,13.04,13.04,1,1.0
2025-03-09 21:00,12.82,12.82,12.82,1,1.0
2025-03-09 22:00,12.88,12.88,12.88,1,1.0
2025-03-09 23:00,12.97,12.97,12.97,1,1.0
2025-03-10 00:00,12.91,12.91,12.91,1,1.0
2025-03-10 01:00,12.77,12.77,12.77,1,1.0
2025-03-10 02:00,12.6,12.6,12.6,1,1.0
2025-03-10 03:00,12.49,12.49,12.49,1,1.0
2025-03-10 04:00,12.44,12.44,12.44,1,1.0
2025-03-10 05:00,12.57,12.57,12.57,1,1.0
2025-03-10 06:00,12.58,12.58,12.58,1,1.0
2025-03-10 07:00,12.47,12.47,12.47,1,1.0
2025-03-10 08:00,13.59,13.59,13.59,1,1.0
2025-03-10 09:00,14.46,14.46,14.46,1,1.0
2025-03-10 10:00,14.97,14.97,14.97,1,1.0
2025-03-10 11:00,15.53,15.53,15.53,1,1.0
2025-03-10 12:00,15.53,15.53,15.53,1,1.0
2025-03-10 13:00,15.56,15.56,15.56,1,1.0
2025-03-10 14:00,15.77,15.77,15.77,1,1.0
2025-03-10 15:00,15.68,15.68,15.68,1,1.0
2025-03-10 16:00,15.94,15.94,15.94,1,1.0
2025-03-10 17:00,16.05,16.05,16.05,1,1.0
2025-03-10 18:00,15.4,15.4,15.4,1,1.0
2025-03-10 19:00,15.04,15.04,15.04,1,1.0
2025-03-10 20:00,15.44,15.44,15.44,1,1.0
2025-03-10 21:00,15.06,15.06,15.06,1,1.0
2025-03-10 22:00,14.8,14.8,14.8,1,1.0
2025-03-10 23:00,14.67,14.67,14.67,1,1.0
2025-03-11 00:00,14.54,14.54,14.54,1,1.0
2025-03-11 01:00,14.36,14.36,14.36,1,1.0
2025-03-11 02:00,14.06,14.06,14.06,1,1.0
2025-03-11 03:00,13.68,13.68,13.68,1,1.0
2025-03-11 04:00,12.9,12.9,12.9,1,1.0
2025-03-11 05:00,12.76,12.76,12.76,1,1.0
2025-03-11 06:00,12.7,12.7,12.7,1,1.0
2025-03-11 07:00,12.77,12.77,12.77,1,1.0
2025-03-11 08:00,13.13,13.13,13.13,1,1.0
2025-03-11 09:00,13.8,13.8,13.8,1,1.0
2025-03-11 10:00,14.64,14.64,14.64,1,1.0
2025-03-11 11:00,14.76,14.76,14.76,1,1.0
2025-03-11 12:00,15.17,15.17,15.17,1,1.0
2025-03-11 13:00,15.58,15.58,15.58,1,1.0
2025-03-11 14:00,15.67,15.67,15.67,1,1.0
2025-03-11 15:00,15.66,15.66,15.66,1,1.0
2025-03-11 16:00,15.47,15.47,15.47,1,1.0
2025-03-11 17:00,15.16,15.16,15.16,1,1.0
2025-03-11 18:00,14.67,14.67,14.67,1,1.0
2025-03-11 19:00,14.23,14.23,14.23,1,1.0
2025-03-11 20:00,12.54,12.54,12.54,1,1.0
2025-03-11 21:00,12.57,12.57,12.57,1,1.0
2025-03-11 22:00,11.9,11.9,11.9,1,1.0
2025-03-11 23:00,11.47,11.47,11.47,1,1.0
2025-03-12 00:00,12.01,12.01,12.01,1,1.0
2025-03-12 01:00,11.89,11.89,11.89,1,1.0
2025-03-12 02:00,11.79,11.79,11.79,1,1.0
2025-03-12 03:00,11.71,11.71,11.71,1,1.0
2025-03-12 04:00,11.59,11.59,11.59,1,1.0
2025-03-12 05:00,11.54,11.54,11.54,1,1.0
2025-03-12 06:00,11.51,11.51,11.51,1,1.0
2025-03-12 07:00,11.5,11.5,11.5,1,1.0
2025-03-12 08:00,12.18,12.18,12.18,1,1.0
2025-03-12 09:00,13.07,13.07,13.07,1,1.0
2025-03-12 10:00,14.2,14.2,14.2,1,1.0
2025-03-12 11:00,15.52,15.52,15.52,1,1.0
2025-03-12 12:00,16.26,16.26,16.26,1,1.0
2025-03-12 13:00,15.66,15.66,15.66,1,1.0
2025-03-12 14:00,15.3,15.3,15.3,1,1.0
2025-03-12 15:00,15.57,15.57,15.57,1,1.0
2025-03-12 16:00,15.63,15.63,15.63,1,1.0
2025-03-12 17:00,15.11,15.11,15.11,1,1.0
2025-03-12 18:00,14.32,14.32,14.32,1,1.0
2025-03-12 19:00,12.83,12.83,12.83,1,1.0
2025-03-12 20:00,12.46,12.46,12.46,1,1.0
2025-03-12 21:00,12.15,12.15,12.15,1,1.0
2025-03-12 22:00,12.12,12.12,12.12,1,1.0
2025-03-12 23:00,11.98,11.98,11.98,1,1.0
2025-03-13 00:00,12.26,12.26,12.26,1,1.0
2025-03-13 01:00,12.37,12.37,12.37,1,1.0
2025-03-13 02:00,12.41,12.41,12.41,1,1.0
2025-03-13 03:00,12.21,12.21,12.21,1,1.0
2025-03-13 04:00,12.32,12.32,12.32,1,1.0
2025-03-13 05:00,12.27,12.27,12.27,1,1.0
2025-03-13 06:00,12.21,12.21,12.21,1,1.0
2025-03-13 07:00,12.24,12.24,12.24,1,1.0
2025-03-13 08:00,12.83,12.83,12.83,1,1.0
2025-03-13 09:00,13.29,13.29,13.29,1,1.0
2025-03-13 10:00,13.38,13.38,13.38,1,1.0
2025-03-13 11:00,13.45,13.45,13.45,1,1.0
2025-03-13 12:00,13.88,13.88,13.88,1,1.0
2025-03-13 13:00,14.02,14.02,14.02,1,1.0
2025-03-13 14:00,14.13,14.13,14.13,1,1.0
2025-03-13 15:00,13.97,13.97,13.97,1,1.0
2025-03-13 16:00,13.36,13.36,13.36,1,1.0
2025-03-13 17:00,13.2,13.2,13.2,1,1.0
2025-03-13 18:00,12.67,12.67,12.67,1,1.0
2025-03-13 19:00,12.66,12.66,12.66,1,1.0
2025-03-13 20:00,12.61,12.61,12.61,1,1.0
2025-03-13 21:00,12.58,12.58,12.58,1,1.0
2025-03-13 22:00,12.57,12.57,12.57,1,1.0
2025-03-13 23:00,12.6,12.6,12.6,1,1.0
2025-03-14 00:00,12.65,12.65,12.65,1,1.0
2025-03-14 01:00,12.66,12.66,12.66,1,1.0
2025-03-14 02:00,12.57,12.57,12.57,1,1.0
2025-03-14 03:00,12.39,12.39,12.39,1,1.0
2025-03-14 04:00,12.23,12.23,12.23,1,1.0
2025-03-14 05:00,12.27,12.27,12.27,1,1.0
2025-03-14 06:00,11.72,11.72,11.72,1,1.0
2025-03-14 07:00,11.78,11.78,11.78,1,1.0
2025-03-14 08:00,13.2,13.2,13.2,1,1.0
2025-03-14 09:00,15.21,15.21,15.21,1,1.0
2025-03-14 10:00,16.79,16.79,16.79,1,1.0
2025-03-14 11:00,17.95,17.95,17.95,1,1.0
2025-03-14 12:00,18.47,18.47,18.47,1,1.0
2025-03-14 13:00,18.01,18.01,18.01,1,1.0
2025-03-14 14:00,17.51,17.51,17.51,1,1.0
2025-03-14 15:00,17.72,17.72,17.72,1,1.0
2025-03-14 16:00,18.15,18.15,18.15,1,1.0
2025-03-14 17:00,18.18,18.18,18.18,1,1.0
2025-03-14 18:00,17.69,17.69,17.69,1,1.0
2025-03-14 19:00,17.37,17.37,17.37,1,1.0
2025-03-14 20:00,17.23,17.23,17.23,1,1.0
2025-03-14 21:00,16.99,16.99,16.99,1,1.0
2025-03-14 22:00,16.8,16.8,16.8,1,1.0
2025-03-14 23:00,16.82,16.82,16.82,1,1.0
2025-03-15 00:00,16.84,16.84,16.84,1,1.0
2025-03-15 01:00,16.77,16.77,16.77,1,1.0
2025-03-15 02:00,16.58,16.58,16.58,1,1.0
2025-03-15 03:00,16.36,16.36,16.36,1,1.0
2025-03-15 04:00,16.18,16.18,16.18,1,1.0
2025-03-15 05:00,16.07,16.07,16.07,1,1.0
2025-03-15 06:00,15.98,15.98,15.98,1,1.0
2025-03-15 07:00,15.93,15.93,15.93,1,1.0
2025-03-15 08:00,16.16,16.16,16.16,1,1.0
2025-03-15 09:00,17.26,17.26,17.26,1,1.0
2025-03-15 10:00,18.07,18.07,18.07,1,1.0
2025-03-15 11:00,18.36,18.36,18.36,1,1.0
2025-03-15 12:00,18.82,18.82,18.82,1,1.0
2025-03-15 13:00,19.07,19.07,19.07,1,1.0
2025-03-15 14:00,19.03,19.03,19.03,1,1.0
2025-03-15 15:00,18.94,18.94,18.94,1,1.0
2025-03-15 16:00,18.48,18.48,18.48,1,1.0
2025-03-15 17:00,17.31,17.31,17.31,1,1.0
2025-03-15 18:00,16.14,16.14,16.14,1,1.0
2025-03-15 19:00,15.24,15.24,15.24,1,1.0
2025-03-15 20:00,14.34,14.34,14.34,1,1.0
2025-03-15 21:00,13.62,13.62,13.62,1,1.0
2025-03-15 22:00,12.47,12.47,12.47,1,1.0
2025-03-15 23:00,12.13,12.13,12.13,1,1.0
2025-03-16 00:00,12.06,12.06,12.06,1,1.0
2025-03-16 01:00,12.02,12.02,12.02,1,1.0
2025-03-16 02:00,11.78,11.78,11.78,1,1.0
2025-03-16 03:00,11.81,11.81,11.81,1,1.0
2025-03-16 04:00,11.83,11.83,11.83,1,1.0
2025-03-16 05:00,11.78,11.78,11.78,1,1.0
2025-03-16 06:00,11.63,11.63,11.63,1,1.0
2025-03-16 07:00,11.43,11.43,11.43,1,1.0
2025-03-16 08:00,11.91,11.91,11.91,1,1.0
2025-03-16 09:00,12.32,12.32,12.32,1,1.0
2025-03-16 10:00,12.82,12.82,12.82,1,1.0
2025-03-16 11:00,13.31,13.31,13.31,1,1.0
2025-03-16 12:00,13.52,13.52,13.52,1,1.0
2025-03-16 13:00,13.52,13.52,13.52,1,1.0
2025-03-16 14:00,13.53,13.53,13.53,1,1.0
2025-03-16 15:00,13.15,13.15,13.15,1,1.0
2025-03-16 16:00,12.37,12.37,12.37,1,1.0
2025-03-16 17:00,11.64,11.64,11.64,1,1.0
2025-03-16 18:00,11.1,11.1,11.1,1,1.0
2025-03-16 19:00,10.44,10.44,10.44,1,1.0
2025-03-16 20:00,10.75,10.75,10.75,1,1.0
2025-03-16 21:00,9.89,9.89,9.89,1,1.0
2025-03-16 22:00,9.5,9.5,9.5,1,1.0
2025-03-16 23:00,9.02,9.02,9.02,1,1.0
2025-03-17 00:00,8.26,8.26,8.26,1,1.0
2025-03-17 01:00,8.38,8.38,8.38,1,1.0
2025-03-17 02:00,8.5,8.5,8.5,1,1.0
2025-03-17 03:00,8.33,8.33,8.33,1,1.0
2025-03-17 04:00,8.18,8.18,8.18,1,1.0
2025-03-17 05:00,7.62,7.62,7.62,1,1.0
2025-03-17 06:00,7.61,7.61,7.61,1,1.0
2025-03-17 07:00,8.22,8.22,8.22,1,1.0
2025-03-17 08:00,9.24,9.24,9.24,1,1.0
2025-03-17 09:00,10.31,10.31,10.31,1,1.0
2025-03-17 10:00,11.24,11.24,11.24,1,1.0
2025-03-17 11:00,11.91,11.91,11.91,1,1.0
2025-03-17 12:00,12.38,12.38,12.38,1,1.0
2025-03-17 13:00,12.77,12.77,12.77,1,1.0
2025-03-17 14:00,12.68,12.68,12.68,1,1.0
2025-03-17 15:00,12.17,12.17,12.17,1,1.0
2025-03-17 16:00,11.92,11.92,11.92,1,1.0
2025-03-17 17:00,11.76,11.76,11.76,1,1.0
2025-03-17 18:00,11.34,11.34,11.34,1,1.0
2025-03-17 19:00,10.96,10.96,10.96,1,1.0
2025-03-17 20:00,10.19,10.19,10.19,1,1.0
2025-03-17 21:00,9.97,9.97,9.97,1,1.0
2025-03-17 22:00,9.04,9.04,9.04,1,1.0
2025-03-17 23:00,8.18,8.18,8.18,1,1.0
2025-03-18 00:00,7.68,7.68,7.68,1,1.0
2025-03-18 01:00,8.03,8.03,8.03,1,1.0
2025-03-18 02:00,8.4,8.4,8.4,1,1.0
2025-03-18 03:00,8.58,8.58,8.58,1,1.0
2025-03-18 04:00,8.23,8.23,8.23,1,1.0
2025-03-18 05:00,7.89,7.89,7.89,1,1.0
2025-03-18 06:00,7.65,7.65,7.65,1,1.0
2025-03-18 07:00,7.53,7.53,7.53,1,1.0
2025-03-18 08:00,8.14,8.14,8.14,1,1.0
2025-03-18 09:00,8.71,8.71,8.71,1,1.0
2025-03-18 10:00,9.34,9.34,9.34,1,1.0
2025-03-18 11:00,9.79,9.79,9.79,1,1.0
2025-03-18 12:00,10.04,10.04,10.04,1,1.0
2025-03-18 13:00,10.38,10.38,10.38,1,1.0
2025-03-18 14:00,10.46,10.46,10.46,1,1.0
2025-03-18 15:00,10.14,10.14,10.14,1,1.0
2025-03-18 16:00,9.5,9.5,9.5,1,1.0
2025-03-18 17:00,8.63,8.63,8.63,1,1.0
2025-03-18 18:00,7.56,7.56,7.56,1,1.0
2025-03-18 19:00,6.59,6.59,6.59,1,1.0
2025-03-18 20:00,6.18,6.18,6.18,1,1.0
2025-03-18 21:00,5.84,5.84,5.84,1,1.0
2025-03-18 22:00,5.7,5.7,5.7,1,1.0
2025-03-18 23:00,5.62,5.62,5.62,1,1.0
2025-03-19 00:00,5.47,5.47,5.47,1,1.0
2025-03-19 01:00,5.24,5.24,5.24,1,1.0
2025-03-19 02:00,4.85,4.85,4.85,1,1.0
2025-03-19 03:00,4.54,4.54,4.54,1,1.0
2025-03-19 04:00,4.27,4.27,4.27,1,1.0
2025-03-19 05:00,4.1,4.1,4.1,1,1.0
2025-03-19 06:00,3.9,3.9,3.9,1,1.0
2025-03-19 07:00,4.13,4.13,4.13,1,1.0
2025-03-19 08:00,5.71,5.71,5.71,1,1.0
2025-03-19 09:00,7.08,7.08,7.08,1,1.0
2025-03-19 10:00,8.38,8.38,8.38,1,1.0
2025-03-19 11:00,9.64,9.64,9.64,1,1.0
2025-03-19 12:00,10.69,10.69,10.69,1,1.0
2025-03-19 13:00,11.49,11.49,11.49,1,1.0
2025-03-19 14:00,12.04,12.04,12.04,1,1.0
2025-03-19 15:00,12.32,12.32,12.32,1,1.0
2025-03-19 16:00,12.19,12.19,12.19,1,1.0
2025-03-19 17:00,11.73,11.73,11.73,1,1.0
2025-03-19 18:00,10.89,10.89,10.89,1,1.0
2025-03-19 19:00,9.45,9.45,9.45,1,1.0
2025-03-19 20:00,9.45,9.45,9.45,1,1.0
2025-03-19 21:00,9.98,9.98,9.98,1,1.0
2025-03-19 22:00,9.56,9.56,9.56,1,1.0
2025-03-19 23:00,9.08,9.08,9.08,1,1.0
2025-03-20 00:00,6.61,6.61,6.61,1,1.0
2025-03-20 01:00,4.86,4.86,4.86,1,1.0
2025-03-20 02:00,4.19,4.19,4.19,1,1.0
2025-03-20 03:00,3.9,3.9,3.9,1,1.0
2025-03-20 04:00,3.75,3.75,3.75,1,1.0
2025-03-20 05:00,3.67,3.67,3.67,1,1.0
2025-03-20 06:00,3.66,3.66,3.66,1,1.0
2025-03-20 07:00,4.33,4.33,4.33,1,1.0
2025-03-20 08:00,8.33,8.33,8.33,1,1.0
2025-03-20 09:00,10.33,10.33,10.33,1,1.0
2025-03-20 10:00,11.26,11.26,11.26,1,1.0
2025-03-20 11:00,11.99,11.99,11.99,1,1.0
2025-03-20 12:00,12.51,12.51,12.51,1,1.0
2025-03-20 13:00,12.88,12.88,12.88,1,1.0
2025-03-20 14:00,13.02,13.02,13.02,1,1.0
2025-03-20 15:00,12.93,12.93,12.93,1,1.0
2025-03-20 16:00,12.59,12.59,12.59,1,1.0
2025-03-20 17:00,12.03,12.03,12.03,1,1.0
2025-03-20 18:00,11.26,11.26,11.26,1,1.0
2025-03-20 19:00,10.3,10.3,10.3,1,1.0
2025-03-20 20:00,10.15,10.15,10.15,1,1.0
2025-03-20 21:00,10.3,10.3,10.3,1,1.0
2025-03-20 22:00,9.98,9.98,9.98,1,1.0
2025-03-20 23:00,9.48,9.48,9.48,1,1.0
2025-03-21 00:00,6.93,6.93,6.93,1,1.0
2025-03-21 01:00,6.62,6.62,6.62,1,1.0
2025-03-21 02:00,6.42,6.42,6.42,1,1.0
2025-03-21 03:00,6.58,6.58,6.58,1,1.0
2025-03-21 04:00,6.07,6.07,6.07,1,1.0
2025-03-21 05:00,5.53,5.53,5.53,1,1.0
2025-03-21 06:00,5.14,5.14,5.14,1,1.0
2025-03-21 07:00,5.45,5.45,5.45,1,1.0
2025-03-21 08:00,9.55,9.55,9.55,1,1.0
2025-03-21 09:00,11.42,11.42,11.42,1,1.0
2025-03-21 10:00,12.48,12.48,12.48,1,1.0
2025-03-21 11:00,13.33,13.33,13.33,1,1.0
2025-03-21 12:00,13.98,13.98,13.98,1,1.0
2025-03-21 13:00,14.42,14.42,14.42,1,1.0
2025-03-21 14:00,14.65,14.65,14.65,1,1.0
2025-03-21 15:00,14.66,14.66,14.66,1,1.0
2025-03-21 16:00,14.45,14.45,14.45,1,1.0
2025-03-21 17:00,13.92,13.92,13.92,1,1.0
2025-03-21 18:00,13.07,13.07,13.07,1,1.0
2025-03-21 19:00,11.79,11.79,11.79,1,1.0
2025-03-21 20:00,11.35,11.35,11.35,1,1.0
2025-03-21 21:00,9.76,9.76,9.76,1,1.0
2025-03-21 22:00,9.45,9.45,9.45,1,1.0
2025-03-21 23:00,9.3,9.3,9.3,1,1.0
2025-03-22 00:00,8.91,8.91,8.91,1,1.0
2025-03-22 01:00,8.98,8.98,8.98,1,1.0
2025-03-22 02:00,8.99,8.99,8.99,1,1.0
2025-03-22 03:00,8.96,8.96,8.96,1,1.0
2025-03-22 04:00,8.85,8.85,8.85,1,1.0
2025-03-22 05:00,9.05,9.05,9.05,1,1.0
2025-03-22 06:00,9.42,9.42,9.42,1,1.0
2025-03-22 07:00,9.82,9.82,9.82,1,1.0
2025-03-22 08:00,12.39,12.39,12.39,1,1.0
2025-03-22 09:00,13.75,13.75,13.75,1,1.0
2025-03-22 10:00,14.71,14.71,14.71,1,1.0
2025-03-22 11:00,15.64,15.64,15.64,1,1.0
2025-03-22 12:00,16.29,16.29,16.29,1,1.0
2025-03-22 13:00,16.69,16.69,16.69,1,1.0
2025-03-22 14:00,16.7,16.7,16.7,1,1.0
2025-03-22 15:00,16.7,16.7,16.7,1,1.0
2025-03-22 16:00,16.39,16.39,16.39,1,1.0
2025-03-22 17:00,15.92,15.92,15.92,1,1.0
2025-03-22 18:00,15.11,15.11,15.11,1,1.0
2025-03-22 19:00,14.43,14.43,14.43,1,1.0
2025-03-22 20:00,14.19,14.19,14.19,1,1.0
2025-03-22 21:00,13.91,13.91,13.91,1,1.0
2025-03-22 22:00,13.7,13.7,13.7,1,1.0
2025-03-22 23:00,13.51,13.51,13.51,1,1.0
2025-03-23 00:00,13.38,13.38,13.38,1,1.0
2025-03-23 01:00,13.27,13.27,13.27,1,1.0
2025-03-23 02:00,13.19,13.19,13.19,1,1.0
2025-03-23 03:00,12.91,12.91,12.91,1,1.0
2025-03-23 04:00,12.59,12.59,12.59,1,1.0
2025-03-23 05:00,12.57,12.57,12.57,1,1.0
2025-03-23 06:00,12.27,12.27,12.27,1,1.0
2025-03-23 07:00,12.04,12.04,12.04,1,1.0
2025-03-23 08:00,14.17,14.17,14.17,1,1.0
2025-03-23 09:00,15.77,15.77,15.77,1,1.0
2025-03-23 10:00,17.0,17.0,17.0,1,1.0
2025-03-23 11:00,17.51,17.51,17.51,1,1.0
2025-03-23 12:00,17.55,17.55,17.55,1,1.0
2025-03-23 13:00,17.22,17.22,17.22,1,1.0
2025-03-23 14:00,17.29,17.29,17.29,1,1.0
2025-03-23 15:00,17.34,17.34,17.34,1,1.0
2025-03-23 16:00,17.28,17.28,17.28,1,1.0
2025-03-23 17:00,17.01,17.01,17.01,1,1.0
2025-03-23 18:00,16.37,16.37,16.37,1,1.0
2025-03-23 19:00,15.58,15.58,15.58,1,1.0
2025-03-23 20:00,14.4,14.4,14.4,1,1.0
2025-03-23 21:00,13.78,13.78,13.78,1,1.0
2025-03-23 22:00,13.15,13.15,13.15,1,1.0
2025-03-23 23:00,12.49,12.49,12.49,1,1.0
2025-03-24 00:00,12.11,12.11,12.11,1,1.0
2025-03-24 01:00,11.89,11.89,11.89,1,1.0
2025-03-24 02:00,12.19,12.19,12.19,1,1.0
2025-03-24 03:00,13.99,13.99,13.99,1,1.0
2025-03-24 04:00,14.06,14.06,14.06,1,1.0
2025-03-24 05:00,13.91,13.91,13.91,1,1.0
2025-03-24 06:00,13.82,13.82,13.82,1,1.0
2025-03-24 07:00,13.9,13.9,13.9,1,1.0
2025-03-24 08:00,14.88,14.88,14.88,1,1.0
2025-03-24 09:00,16.16,16.16,16.16,1,1.0
2025-03-24 10:00,16.92,16.92,16.92,1,1.0
2025-03-24 11:00,17.55,17.55,17.55,1,1.0
2025-03-24 12:00,17.71,17.71,17.71,1,1.0
2025-03-24 13:00,17.98,17.98,17.98,1,1.0
2025-03-24 14:00,17.97,17.97,17.97,1,1.0
2025-03-24 15:00,17.32,17.32,17.32,1,1.0
2025-03-24 16:00,16.69,16.69,16.69,1,1.0
2025-03-24 17:00,15.81,15.81,15.81,1,1.0
2025-03-24 18:00,15.05,15.05,15.05,1,1.0
2025-03-24 19:00,14.64,14.64,14.64,1,1.0
2025-03-24 20:00,14.34,14.34,14.34,1,1.0
2025-03-24 21:00,14.15,14.15,14.15,1,1.0
2025-03-24 22:00,14.19,14.19,14.19,1,1.0
2025-03-24 23:00,13.58,13.58,13.58,1,1.0
2025-03-25 00:00,12.71,12.71,12.71,1,1.0
2025-03-25 01:00,12.38,12.38,12.38,1,1.0
2025-03-25 02:00,12.82,12.82,12.82,1,1.0
2025-03-25 03:00,12.9,12.9,12.9,1,1.0
2025-03-25 04:00,13.08,13.08,13.08,1,1.0
2025-03-25 05:00,12.94,12.94,12.94,1,1.0
2025-03-25 06:00,12.64,12.64,12.64,1,1.0
2025-03-25 07:00,12.67,12.67,12.67,1,1.0
2025-03-25 08:00,13.36,13.36,13.36,1,1.0
2025-03-25 09:00,14.27,14.27,14.27,1,1.0
2025-03-25 10:00,15.14,15.14,15.14,1,1.0
2025-03-25 11:00,15.91,15.91,15.91,1,1.0
2025-03-25 12:00,16.35,16.35,16.35,1,1.0
2025-03-25 13:00,16.39,16.39,16.39,1,1.0
2025-03-25 14:00,16.46,16.46,16.46,1,1.0
2025-03-25 15:00,16.49,16.49,16.49,1,1.0
2025-03-25 16:00,16.35,16.35,16.35,1,1.0
2025-03-25 17:00,16.01,16.01,16.01,1,1.0
2025-03-25 18:00,15.31,15.31,15.31,1,1.0
2025-03-25 19:00,14.54,14.54,14.54,1,1.0
2025-03-25 20:00,13.83,13.83,13.83,1,1.0
2025-03-25 21:00,13.35,13.35,13.35,1,1.0
2025-03-25 22:00,12.96,12.96,12.96,1,1.0
2025-03-25 23:00,12.77,12.77,12.77,1,1.0
2025-03-26 00:00,12.67,12.67,12.67,1,1.0
2025-03-26 01:00,12.44,12.44,12.44,1,1.0
2025-03-26 02:00,12.28,12.28,12.28,1,1.0
2025-03-26 03:00,12.1,12.1,12.1,1,1.0
2025-03-26 04:00,11.95,11.95,11.95,1,1.0
2025-03-26 05:00,11.68,11.68,11.68,1,1.0
2025-03-26 06:00,11.47,11.47,11.47,1,1.0
2025-03-26 07:00,11.67,11.67,11.67,1,1.0
2025-03-26 08:00,13.12,13.12,13.12,1,1.0
2025-03-26 09:00,14.09,14.09,14.09,1,1.0
2025-03-26 10:00,14.94,14.94,14.94,1,1.0
2025-03-26 11:00,15.83,15.83,15.83,1,1.0
2025-03-26 12:00,16.19,16.19,16.19,1,1.0
2025-03-26 13:00,16.03,16.03,16.03,1,1.0
2025-03-26 14:00,15.27,15.27,15.27,1,1.0
2025-03-26 15:00,14.52,14.52,14.52,1,1.0
2025-03-26 16:00,14.02,14.02,14.02,1,1.0
2025-03-26 17:00,13.68,13.68,13.68,1,1.0
2025-03-26 18:00,13.16,13.16,13.16,1,1.0
2025-03-26 19:00,12.74,12.74,12.74,1,1.0
2025-03-26 20:00,12.2,12.2,12.2,1,1.0
2025-03-26 21:00,11.5,11.5,11.5,1,1.0
2025-03-26 22:00,10.94,10.94,10.94,1,1.0
2025-03-26 23:00,11.09,11.09,11.09,1,1.0
2025-03-27 00:00,10.86,10.86,10.86,1,1.0
2025-03-27 01:00,11.61,11.61,11.61,1,1.0
2025-03-27 02:00,11.57,11.57,11.57,1,1.0
2025-03-27 03:00,11.23,11.23,11.23,1,1.0
2025-03-27 04:00,11.08,11.08,11.08,1,1.0
2025-03-27 05:00,10.99,10.99,10.99,1,1.0
2025-03-27 06:00,9.58,9.58,9.58,1,1.0
2025-03-27 07:00,9.36,9.36,9.36,1,1.0
2025-03-27 08:00,11.62,11.62,11.62,1,1.0
2025-03-27 09:00,11.9,11.9,11.9,1,1.0
2025-03-27 10:00,12.57,12.57,12.57,1,1.0
2025-03-27 11:00,12.65,12.65,12.65,1,1.0
2025-03-27 12:00,12.97,12.97,12.97,1,1.0
2025-03-27 13:00,13.23,13.23,13.23,1,1.0
2025-03-27 14:00,12.82,12.82,12.82,1,1.0
2025-03-27 15:00,12.43,12.43,12.43,1,1.0
2025-03-27 16:00,12.18,12.18,12.18,1,1.0
2025-03-27 17:00,11.96,11.96,11.96,1,1.0
2025-03-27 18:00,11.36,11.36,11.36,1,1.0
2025-03-27 19:00,10.85,10.85,10.85,1,1.0
2025-03-27 20:00,10.81,10.81,10.81,1,1.0
2025-03-27 21:00,10.55,10.55,10.55,1,1.0
2025-03-27 22:00,10.47,10.47,10.47,1,1.0
2025-03-27 23:00,10.33,10.33,10.33,1,1.0
2025-03-28 00:00,10.26,10.26,10.26,1,1.0
2025-03-28 01:00,10.25,10.25,10.25,1,1.0
2025-03-28 02:00,10.11,10.11,10.11,1,1.0
2025-03-28 03:00,9.91,9.91,9.91,1,1.0
2025-03-28 04:00,9.15,9.15,9.15,1,1.0
2025-03-28 05:00,8.68,8.68,8.68,1,1.0
2025-03-28 06:00,8.63,8.63,8.63,1,1.0
2025-03-28 07:00,8.89,8.89,8.89,1,1.0
2025-03-28 08:00,11.61,11.61,11.61,1,1.0
2025-03-28 09:00,12.68,12.68,12.68,1,1.0
2025-03-28 10:00,13.44,13.44,13.44,1,1.0
2025-03-28 11:00,14.13,14.13,14.13,1,1.0
2025-03-28 12:00,14.65,14.65,14.65,1,1.0
2025-03-28 13:00,14.75,14.75,14.75,1,1.0
2025-03-28 14:00,14.57,14.57,14.57,1,1.0
2025-03-28 15:00,14.28,14.28,14.28,1,1.0
2025-03-28 16:00,13.23,13.23,13.23,1,1.0
2025-03-28 17:00,12.77,12.77,12.77,1,1.0
2025-03-28 18:00,12.48,12.48,12.48,1,1.0
2025-03-28 19:00,12.22,12.22,12.22,1,1.0
2025-03-28 20:00,11.96,11.96,11.96,1,1.0
2025-03-28 21:00,11.66,11.66,11.66,1,1.0
2025-03-28 22:00,11.3,11.3,11.3,1,1.0
2025-03-28 23:00,10.67,10.67,10.67,1,1.0
2025-03-29 00:00,10.61,10.61,10.61,1,1.0
2025-03-29 01:00,10.06,10.06,10.06,1,1.0
2025-03-29 02:00,10.0,10.0,10.0,1,1.0
2025-03-29 03:00,8.97,8.97,8.97,1,1.0
2025-03-29 04:00,9.27,9.27,9.27,1,1.0
2025-03-29 05:00,9.58,9.58,9.58,1,1.0
2025-03-29 06:00,9.45,9.45,9.45,1,1.0
2025-03-29 07:00,10.01,10.01,10.01,1,1.0
2025-03-29 08:00,10.57,10.57,10.57,1,1.0
2025-03-29 09:00,10.41,10.41,10.41,1,1.0
2025-03-29 10:00,10.86,10.86,10.86,1,1.0
2025-03-29 11:00,10.93,10.93,10.93,1,1.0
2025-03-29 12:00,11.09,11.09,11.09,1,1.0
2025-03-29 13:00,10.93,10.93,10.93,1,1.0
2025-03-29 14:00,10.99,10.99,10.99,1,1.0
2025-03-29 15:00,10.87,10.87,10.87,1,1.0
2025-03-29 16:00,10.81,10.81,10.81,1,1.0
2025-03-29 17:00,10.87,10.87,10.87,1,1.0
2025-03-29 18:00,10.75,10.75,10.75,1,1.0
2025-03-29 19:00,10.66,10.66,10.66,1,1.0
2025-03-29 20:00,10.44,10.44,10.44,1,1.0
2025-03-29 21:00,10.37,10.37,10.37,1,1.0
2025-03-29 22:00,10.31,10.31,10.31,1,1.0
2025-03-29 23:00,10.3,10.3,10.3,1,1.0
2025-03-30 00:00,10.33,10.33,10.33,1,1.0
2025-03-30 01:00,10.61,10.61,10.61,1,1.0
2025-03-30 02:00,9.93,9.93,9.93,1,1.0
2025-03-30 03:00,9.84,9.84,9.84,1,1.0
2025-03-30 04:00,10.15,10.15,10.15,1,1.0
2025-03-30 05:00,10.08,10.08,10.08,1,1.0
2025-03-30 06:00,10.02,10.02,10.02,1,1.0
2025-03-30 07:00,10.34,10.34,10.34,1,1.0
2025-03-30 08:00,11.52,11.52,11.52,1,1.0
2025-03-30 09:00,12.43,12.43,12.43,1,1.0
2025-03-30 10:00,13.19,13.19,13.19,1,1.0
2025-03-30 11:00,13.89,13.89,13.89,1,1.0
2025-03-30 12:00,14.52,14.52,14.52,1,1.0
2025-03-30 13:00,14.82,14.82,14.82,1,1.0
2025-03-30 14:00,14.83,14.83,14.83,1,1.0
2025-03-30 15:00,15.07,15.07,15.07,1,1.0
2025-03-30 16:00,15.0,15.0,15.0,1,1.0
2025-03-30 17:00,14.7,14.7,14.7,1,1.0
2025-03-30 18:00,14.05,14.05,14.05,1,1.0
2025-03-30 19:00,13.4,13.4,13.4,1,1.0
2025-03-30 20:00,13.02,13.02,13.02,1,1.0
2025-03-30 21:00,12.39,12.39,12.39,1,1.0
2025-03-30 22:00,11.73,11.73,11.73,1,1.0
2025-03-30 23:00,11.21,11.21,11.21,1,1.0
2025-03-31 00:00,10.63,10.63,10.63,1,1.0
2025-03-31 01:00,10.22,10.22,10.22,1,1.0
2025-03-31 02:00,9.99,9.99,9.99,1,1.0
2025-03-31 03:00,9.73,9.73,9.73,1,1.0
2025-03-31 04:00,9.57,9.57,9.57,1,1.0
2025-03-31 05:00,9.54,9.54,9.54,1,1.0
2025-03-31 06:00,9.65,9.65,9.65,1,1.0
2025-03-31 07:00,10.11,10.11,10.11,1,1.0
2025-03-31 08:00,11.09,11.09,11.09,1,1.0
2025-03-31 09:00,11.48,11.48,11.48,1,1.0
2025-03-31 10:00,12.11,12.11,12.11,1,1.0
2025-03-31 11:00,12.22,12.22,12.22,1,1.0
2025-03-31 12:00,12.44,12.44,12.44,1,1.0
2025-03-31 13:00,13.03,13.03,13.03,1,1.0
2025-03-31 14:00,13.6,13.6,13.6,1,1.0
2025-03-31 15:00,13.49,13.49,13.49,1,1.0
2025-03-31 16:00,12.97,12.97,12.97,1,1.0
2025-03-31 17:00,12.22,12.22,12.22,1,1.0
2025-03-31 18:00,11.73,11.73,11.73,1,1.0
2025-03-31 19:00,11.32,11.32,11.32,1,1.0
2025-03-31 20:00,11.14,11.14,11.14,1,1.0
2025-03-31 21:00,10.93,10.93,10.93,1,1.0
2025-03-31 22:00,10.73,10.73,10.73,1,1.0
2025-03-31 23:00,10.54,10.54,10.54,1,1.0
2025-04-01 00:00,10.29,10.29,10.29,1,1.0
2025-04-01 01:00,10.12,10.12,10.12,1,1.0
2025-04-01 02:00,9.66,9.66,9.66,1,1.0
2025-04-01 03:00,9.32,9.32,9.32,1,1.0
2025-04-01 04:00,8.83,8.83,8.83,1,1.0
2025-04-01 05:00,8.56,8.56,8.56,1,1.0
2025-04-01 06:00,8.36,8.36,8.36,1,1.0
2025-04-01 07:00,8.4,8.4,8.4,1,1.0
2025-04-01 08:00,9.11,9.11,9.11,1,1.0
2025-04-01 09:00,9.79,9.79,9.79,1,1.0
2025-04-01 10:00,10.71,10.71,10.71,1,1.0
2025-04-01 11:00,11.05,11.05,11.05,1,1.0
2025-04-01 12:00,11.11,11.11,11.11,1,1.0
2025-04-01 13:00,11.57,11.57,11.57,1,1.0
2025-04-01 14:00,11.74,11.74,11.74,1,1.0
2025-04-01 15:00,11.99,11.99,11.99,1,1.0
2025-04-01 16:00,12.08,12.08,12.08,1,1.0
2025-04-01 17:00,11.87,11.87,11.87,1,1.0
2025-04-01 18:00,11.49,11.49,11.49,1,1.0
2025-04-01 19:00,11.09,11.09,11.09,1,1.0
2025-04-01 20:00,11.33,11.33,11.33,1,1.0
2025-04-01 21:00,10.97,10.97,10.97,1,1.0
2025-04-01 22:00,10.71,10.71,10.71,1,1.0
2025-04-01 23:00,10.65,10.65,10.65,1,1.0
2025-04-02 00:00,10.66,10.66,10.66,1,1.0
2025-04-02 01:00,10.59,10.59,10.59,1,1.0
2025-04-02 02:00,10.61,10.61,10.61,1,1.0
2025-04-02 03:00,10.48,10.48,10.48,1,1.0
2025-04-02 04:00,10.41,10.41,10.41,1,1.0
2025-04-02 05:00,10.32,10.32,10.32,1,1.0
2025-04-02 06:00,10.32,10.32,10.32,1,1.0
2025-04-02 07:00,10.63,10.63,10.63,1,1.0
2025-04-02 08:00,11.95,11.95,11.95,1,1.0
2025-04-02 09:00,13.43,13.43,13.43,1,1.0
2025-04-02 10:00,14.79,14.79,14.79,1,1.0
2025-04-02 11:00,15.63,15.63,15.63,1,1.0
2025-04-02 12:00,16.26,16.26,16.26,1,1.0
2025-04-02 13:00,16.14,16.14,16.14,1,1.0
2025-04-02 14:00,15.83,15.83,15.83,1,1.0
2025-04-02 15:00,15.78,15.78,15.78,1,1.0
2025-04-02 16:00,15.39,15.39,15.39,1,1.0
2025-04-02 17:00,14.7,14.7,14.7,1,1.0
2025-04-02 18:00,14.22,14.22,14.22,1,1.0
2025-04-02 19:00,13.64,13.64,13.64,1,1.0
2025-04-02 20:00,14.02,14.02,14.02,1,1.0
2025-04-02 21:00,13.45,13.45,13.45,1,1.0
2025-04-02 22:00,12.93,12.93,12.93,1,1.0
2025-04-02 23:00,12.32,12.32,12.32,1,1.0
2025-04-03 00:00,11.78,11.78,11.78,1,1.0
2025-04-03 01:00,11.28,11.28,11.28,1,1.0
2025-04-03 02:00,10.88,10.88,10.88,1,1.0
2025-04-03 03:00,10.54,10.54,10.54,1,1.0
2025-04-03 04:00,10.25,10.25,10.25,1,1.0
2025-04-03 05:00,10.02,10.02,10.02,1,1.0
2025-04-03 06:00,9.88,9.88,9.88,1,1.0
2025-04-03 07:00,10.73,10.73,10.73,1,1.0
2025-04-03 08:00,13.28,13.28,13.28,1,1.0
2025-04-03 09:00,15.05,15.05,15.05,1,1.0
2025-04-03 10:00,16.25,16.25,16.25,1,1.0
2025-04-03 11:00,17.09,17.09,17.09,1,1.0
2025-04-03 12:00,17.59,17.59,17.59,1,1.0
2025-04-03 13:00,17.4,17.4,17.4,1,1.0
2025-04-03 14:00,17.28,17.28,17.28,1,1.0
2025-04-03 15:00,17.16,17.16,17.16,1,1.0
2025-04-03 16:00,16.83,16.83,16.83,1,1.0
2025-04-03 17:00,16.41,16.41,16.41,1,1.0
2025-04-03 18:00,15.79,15.79,15.79,1,1.0
2025-04-03 19:00,15.11,15.11,15.11,1,1.0
2025-04-03 20:00,14.54,14.54,14.54,1,1.0
2025-04-03 21:00,14.17,14.17,14.17,1,1.0
2025-04-03 22:00,13.79,13.79,13.79,1,1.0
2025-04-03 23:00,13.35,13.35,13.35,1,1.0
2025-04-04 00:00,12.95,12.95,12.95,1,1.0
2025-04-04 01:00,12.62,12.62,12.62,1,1.0
2025-04-04 02:00,12.32,12.32,12.32,1,1.0
2025-04-04 03:00,12.09,12.09,12.09,1,1.0
2025-04-04 04:00,11.76,11.76,11.76,1,1.0
2025-04-04 05:00,11.36,11.36,11.36,1,1.0
2025-04-04 06:00,11.01,11.01,11.01,1,1.0
2025-04-04 07:00,11.25,11.25,11.25,1,1.0
2025-04-04 08:00,13.14,13.14,13.14,1,1.0
2025-04-04 09:00,14.55,14.55,14.55,1,1.0
2025-04-04 10:00,15.5,15.5,15.5,1,1.0
2025-04-04 11:00,16.28,16.28,16.28,1,1.0
2025-04-04 12:00,16.8,16.8,16.8,1,1.0
2025-04-04 13:00,16.87,16.87,16.87,1,1.0
2025-04-04 14:00,16.73,16.73,16.73,1,1.0
2025-04-04 15:00,16.67,16.67,16.67,1,1.0
2025-04-04 16:00,16.46,16.46,16.46,1,1.0
2025-04-04 17:00,15.95,15.95,15.95,1,1.0
2025-04-04 18:00,15.35,15.35,15.35,1,1.0
2025-04-04 19:00,14.46,14.46,14.46,1,1.0
2025-04-04 20:00,13.71,13.71,13.71,1,1.0
2025-04-04 21:00,12.81,12.81,12.81,1,1.0
2025-04-04 22:00,12.05,12.05,12.05,1,1.0
2025-04-04 23:00,11.72,11.72,11.72,1,1.0
2025-04-05 00:00,11.0,11.0,11.0,1,1.0
2025-04-05 01:00,10.42,10.42,10.42,1,1.0
2025-04-05 02:00,9.94,9.94,9.94,1,1.0
2025-04-05 03:00,9.61,9.61,9.61,1,1.0
2025-04-05 04:00,9.29,9.29,9.29,1,1.0
2025-04-05 05:00,9.09,9.09,9.09,1,1.0
2025-04-05 06:00,8.89,8.89,8.89,1,1.0
2025-04-05 07:00,10.24,10.24,10.24,1,1.0
2025-04-05 08:00,13.15,13.15,13.15,1,1.0
2025-04-05 09:00,14.81,14.81,14.81,1,1.0
2025-04-05 10:00,15.57,15.57,15.57,1,1.0
2025-04-05 11:00,16.11,16.11,16.11,1,1.0
2025-04-05 12:00,16.34,16.34,16.34,1,1.0
2025-04-05 13:00,16.19,16.19,16.19,1,1.0
2025-04-05 14:00,16.0,16.0,16.0,1,1.0
2025-04-05 15:00,15.81,15.81,15.81,1,1.0
2025-04-05 16:00,15.59,15.59,15.59,1,1.0
2025-04-05 17:00,15.07,15.07,15.07,1,1.0
2025-04-05 18:00,14.45,14.45,14.45,1,1.0
2025-04-05 19:00,13.55,13.55,13.55,1,1.0
2025-04-05 20:00,12.8,12.8,12.8,1,1.0
2025-04-05 21:00,13.21,13.21,13.21,1,1.0
2025-04-05 22:00,12.91,12.91,12.91,1,1.0
2025-04-05 23:00,12.58,12.58,12.58,1,1.0
2025-04-06 00:00,12.27,12.27,12.27,1,1.0
2025-04-06 01:00,11.88,11.88,11.88,1,1.0
2025-04-06 02:00,9.68,9.68,9.68,1,1.0
2025-04-06 03:00,9.6,9.6,9.6,1,1.0
2025-04-06 04:00,10.79,10.79,10.79,1,1.0
2025-04-06 05:00,11.41,11.41,11.41,1,1.0
2025-04-06 06:00,11.21,11.21,11.21,1,1.0
2025-04-06 07:00,11.35,11.35,11.35,1,1.0
2025-04-06 08:00,12.29,12.29,12.29,1,1.0
2025-04-06 09:00,13.25,13.25,13.25,1,1.0
2025-04-06 10:00,14.05,14.05,14.05,1,1.0
2025-04-06 11:00,14.7,14.7,14.7,1,1.0
2025-04-06 12:00,15.21,15.21,15.21,1,1.0
2025-04-06 13:00,15.24,15.24,15.24,1,1.0
2025-04-06 14:00,15.44,15.44,15.44,1,1.0
2025-04-06 15:00,15.29,15.29,15.29,1,1.0
2025-04-06 16:00,14.04,14.04,14.04,1,1.0
2025-04-06 17:00,11.89,11.89,11.89,1,1.0
2025-04-06 18:00,10.01,10.01,10.01,1,1.0
2025-04-06 19:00,9.0,9.0,9.0,1,1.0
2025-04-06 20:00,8.83,8.83,8.83,1,1.0
2025-04-06 21:00,8.42,8.42,8.42,1,1.0
2025-04-06 22:00,8.07,8.07,8.07,1,1.0
2025-04-06 23:00,7.75,7.75,7.75,1,1.0
2025-04-07 00:00,7.62,7.62,7.62,1,1.0
2025-04-07 01:00,7.67,7.67,7.67,1,1.0
2025-04-07 02:00,7.66,7.66,7.66,1,1.0
2025-04-07 03:00,7.58,7.58,7.58,1,1.0
2025-04-07 04:00,7.37,7.37,7.37,1,1.0
2025-04-07 05:00,7.13,7.13,7.13,1,1.0
2025-04-07 06:00,6.86,6.86,6.86,1,1.0
2025-04-07 07:00,7.17,7.17,7.17,1,1.0
2025-04-07 08:00,7.67,7.67,7.67,1,1.0
2025-04-07 09:00,8.54,8.54,8.54,1,1.0
2025-04-07 10:00,9.59,9.59,9.59,1,1.0
2025-04-07 11:00,10.52,10.52,10.52,1,1.0
2025-04-07 12:00,11.16,11.16,11.16,1,1.0
2025-04-07 13:00,11.57,11.57,11.57,1,1.0
2025-04-07 14:00,11.69,11.69,11.69,1,1.0
2025-04-07 15:00,11.5,11.5,11.5,1,1.0
2025-04-07 16:00,11.08,11.08,11.08,1,1.0
2025-04-07 17:00,10.31,10.31,10.31,1,1.0
2025-04-07 18:00,9.14,9.14,9.14,1,1.0
2025-04-07 19:00,7.97,7.97,7.97,1,1.0
2025-04-07 20:00,7.82,7.82,7.82,1,1.0
2025-04-07 21:00,7.28,7.28,7.28,1,1.0
2025-04-07 22:00,6.96,6.96,6.96,1,1.0
2025-04-07 23:00,6.8,6.8,6.8,1,1.0
2025-04-08 00:00,6.85,6.85,6.85,1,1.0
2025-04-08 01:00,6.8,6.8,6.8,1,1.0
2025-04-08 02:00,6.78,6.78,6.78,1,1.0
2025-04-08 03:00,6.65,6.65,6.65,1,1.0
2025-04-08 04:00,6.54,6.54,6.54,1,1.0
2025-04-08 05:00,6.36,6.36,6.36,1,1.0
2025-04-08 06:00,6.25,6.25,6.25,1,1.0
2025-04-08 07:00,6.77,6.77,6.77,1,1.0
2025-04-08 08:00,7.69,7.69,7.69,1,1.0
2025-04-08 09:00,8.92,8.92,8.92,1,1.0
2025-04-08 10:00,10.18,10.18,10.18,1,1.0
2025-04-08 11:00,11.29,11.29,11.29,1,1.0
2025-04-08 12:00,12.33,12.33,12.33,1,1.0
2025-04-08 13:00,13.12,13.12,13.12,1,1.0
2025-04-08 14:00,13.26,13.26,13.26,1,1.0
2025-04-08 15:00,12.97,12.97,12.97,1,1.0
2025-04-08 16:00,12.48,12.48,12.48,1,1.0
2025-04-08 17:00,11.97,11.97,11.97,1,1.0
2025-04-08 18:00,11.26,11.26,11.26,1,1.0
2025-04-08 19:00,10.4,10.4,10.4,1,1.0
2025-04-08 20:00,9.88,9.88,9.88,1,1.0
2025-04-08 21:00,9.35,9.35,9.35,1,1.0
2025-04-08 22:00,8.84,8.84,8.84,1,1.0
2025-04-08 23:00,8.44,8.44,8.44,1,1.0
2025-04-09 00:00,8.03,8.03,8.03,1,1.0
2025-04-09 01:00,7.44,7.44,7.44,1,1.0
2025-04-09 02:00,6.89,6.89,6.89,1,1.0
2025-04-09 03:00,6.21,6.21,6.21,1,1.0
2025-04-09 04:00,5.64,5.64,5.64,1,1.0
2025-04-09 05:00,5.08,5.08,5.08,1,1.0
2025-04-09 06:00,4.69,4.69,4.69,1,1.0
2025-04-09 07:00,6.9,6.9,6.9,1,1.0
2025-04-09 08:00,9.78,9.78,9.78,1,1.0
2025-04-09 09:00,11.0,11.0,11.0,1,1.0
2025-04-09 10:00,12.04,12.04,12.04,1,1.0
2025-04-09 11:00,12.91,12.91,12.91,1,1.0
2025-04-09 12:00,13.62,13.62,13.62,1,1.0
2025-04-09 13:00,13.91,13.91,13.91,1,1.0
2025-04-09 14:00,14.07,14.07,14.07,1,1.0
2025-04-09 15:00,13.69,13.69,13.69,1,1.0
2025-04-09 16:00,13.02,13.02,13.02,1,1.0
2025-04-09 17:00,12.36,12.36,12.36,1,1.0
2025-04-09 18:00,11.76,11.76,11.76,1,1.0
2025-04-09 19:00,10.78,10.78,10.78,1,1.0
2025-04-09 20:00,11.29,11.29,11.29,1,1.0
2025-04-09 21:00,11.05,11.05,11.05,1,1.0
2025-04-09 22:00,10.74,10.74,10.74,1,1.0
2025-04-09 23:00,10.42,10.42,10.42,1,1.0
2025-04-10 00:00,10.14,10.14,10.14,1,1.0
2025-04-10 01:00,9.9,9.9,9.9,1,1.0
2025-04-10 02:00,9.66,9.66,9.66,1,1.0
2025-04-10 03:00,9.51,9.51,9.51,1,1.0
2025-04-10 04:00,9.32,9.32,9.32,1,1.0
2025-04-10 05:00,9.16,9.16,9.16,1,1.0
2025-04-10 06:00,9.05,9.05,9.05,1,1.0
2025-04-10 07:00,9.32,9.32,9.32,1,1.0
2025-04-10 08:00,10.96,10.96,10.96,1,1.0
2025-04-10 09:00,12.15,12.15,12.15,1,1.0
2025-04-10 10:00,13.29,13.29,13.29,1,1.0
2025-04-10 11:00,14.35,14.35,14.35,1,1.0
2025-04-10 12:00,15.11,15.11,15.11,1,1.0
2025-04-10 13:00,15.32,15.32,15.32,1,1.0
2025-04-10 14:00,15.47,15.47,15.47,1,1.0
2025-04-10 15:00,15.32,15.32,15.32,1,1.0
2025-04-10 16:00,15.18,15.18,15.18,1,1.0
2025-04-10 17:00,14.87,14.87,14.87,1,1.0
2025-04-10 18:00,14.38,14.38,14.38,1,1.0
2025-04-10 19:00,13.8,13.8,13.8,1,1.0
2025-04-10 20:00,13.19,13.19,13.19,1,1.0
2025-04-10 21:00,12.47,12.47,12.47,1,1.0
2025-04-10 22:00,11.27,11.27,11.27,1,1.0
2025-04-10 23:00,10.15,10.15,10.15,1,1.0
2025-04-11 00:00,9.25,9.25,9.25,1,1.0
2025-04-11 01:00,8.54,8.54,8.54,1,1.0
2025-04-11 02:00,7.99,7.99,7.99,1,1.0
2025-04-11 03:00,7.9,7.9,7.9,1,1.0
2025-04-11 04:00,8.3,8.3,8.3,1,1.0
2025-04-11 05:00,8.29,8.29,8.29,1,1.0
2025-04-11 06:00,8.39,8.39,8.39,1,1.0
2025-04-11 07:00,9.92,9.92,9.92,1,1.0
2025-04-11 08:00,12.78,12.78,12.78,1,1.0
2025-04-11 09:00,14.55,14.55,14.55,1,1.0
2025-04-11 10:00,15.61,15.61,15.61,1,1.0
2025-04-11 11:00,16.2,16.2,16.2,1,1.0
2025-04-11 12:00,16.37,16.37,16.37,1,1.0
2025-04-11 13:00,16.42,16.42,16.42,1,1.0
2025-04-11 14:00,16.4,16.4,16.4,1,1.0
2025-04-11 15:00,16.18,16.18,16.18,1,1.0
2025-04-11 16:00,15.82,15.82,15.82,1,1.0
2025-04-11 17:00,15.2,15.2,15.2,1,1.0
2025-04-11 18:00,14.35,14.35,14.35,1,1.0
2025-04-11 19:00,13.44,13.44,13.44,1,1.0
2025-04-11 20:00,12.78,12.78,12.78,1,1.0
2025-04-11 21:00,12.2,12.2,12.2,1,1.0
2025-04-11 22:00,11.73,11.73,11.73,1,1.0
2025-04-11 23:00,12.07,12.07,12.07,1,1.0
2025-04-12 00:00,12.37,12.37,12.37,1,1.0
2025-04-12 01:00,12.2,12.2,12.2,1,1.0
2025-04-12 02:00,11.71,11.71,11.71,1,1.0
2025-04-12 03:00,11.38,11.38,11.38,1,1.0
2025-04-12 04:00,10.87,10.87,10.87,1,1.0
2025-04-12 05:00,10.56,10.56,10.56,1,1.0
2025-04-12 06:00,10.41,10.41,10.41,1,1.0
2025-04-12 07:00,10.75,10.75,10.75,1,1.0
2025-04-12 08:00,12.0,12.0,12.0,1,1.0
2025-04-12 09:00,12.85,12.85,12.85,1,1.0
2025-04-12 10:00,14.1,14.1,14.1,1,1.0
2025-04-12 11:00,15.32,15.32,15.32,1,1.0
2025-04-12 12:00,15.82,15.82,15.82,1,1.0
2025-04-12 13:00,16.14,16.14,16.14,1,1.0
2025-04-12 14:00,16.41,16.41,16.41,1,1.0
2025-04-12 15:00,16.4,16.4,16.4,1,1.0
2025-04-12 16:00,16.06,16.06,16.06,1,1.0
2025-04-12 17:00,15.54,15.54,15.54,1,1.0
2025-04-12 18:00,14.81,14.81,14.81,1,1.0
2025-04-12 19:00,13.97,13.97,13.97,1,1.0
2025-04-12 20:00,13.08,13.08,13.08,1,1.0
2025-04-12 21:00,13.13,13.13,13.13,1,1.0
2025-04-12 22:00,12.17,12.17,12.17,1,1.0
2025-04-12 23:00,11.65,11.65,11.65,1,1.0
2025-04-13 00:00,10.72,10.72,10.72,1,1.0
2025-04-13 01:00,9.99,9.99,9.99,1,1.0
2025-04-13 02:00,10.22,10.22,10.22,1,1.0
2025-04-13 03:00,11.09,11.09,11.09,1,1.0
2025-04-13 04:00,11.22,11.22,11.22,1,1.0
2025-04-13 05:00,10.67,10.67,10.67,1,1.0
2025-04-13 06:00,10.93,10.93,10.93,1,1.0
2025-04-13 07:00,11.67,11.67,11.67,1,1.0
2025-04-13 08:00,13.78,13.78,13.78,1,1.0
2025-04-13 09:00,15.14,15.14,15.14,1,1.0
2025-04-13 10:00,16.45,16.45,16.45,1,1.0
2025-04-13 11:00,16.93,16.93,16.93,1,1.0
2025-04-13 12:00,17.16,17.16,17.16,1,1.0
2025-04-13 13:00,17.87,17.87,17.87,1,1.0
2025-04-13 14:00,18.18,18.18,18.18,1,1.0
2025-04-13 15:00,18.01,18.01,18.01,1,1.0
2025-04-13 16:00,17.89,17.89,17.89,1,1.0
2025-04-13 17:00,17.93,17.93,17.93,1,1.0
2025-04-13 18:00,17.53,17.53,17.53,1,1.0
2025-04-13 19:00,17.24,17.24,17.24,1,1.0
2025-04-13 20:00,17.16,17.16,17.16,1,1.0
2025-04-13 21:00,17.07,17.07,17.07,1,1.0
2025-04-13 22:00,17.06,17.06,17.06,1,1.0
2025-04-13 23:00,16.52,16.52,16.52,1,1.0
2025-04-14 00:00,16.7,16.7,16.7,1,1.0
2025-04-14 01:00,16.7,16.7,16.7,1,1.0
2025-04-14 02:00,16.61,16.61,16.61,1,1.0
2025-04-14 03:00,16.26,16.26,16.26,1,1.0
2025-04-14 04:00,15.85,15.85,15.85,1,1.0
2025-04-14 05:00,15.73,15.73,15.73,1,1.0
2025-04-14 06:00,15.68,15.68,15.68,1,1.0
2025-04-14 07:00,15.95,15.95,15.95,1,1.0
2025-04-14 08:00,17.52,17.52,17.52,1,1.0
2025-04-14 09:00,18.46,18.46,18.46,1,1.0
2025-04-14 10:00,18.93,18.93,18.93,1,1.0
2025-04-14 11:00,19.78,19.78,19.78,1,1.0
2025-04-14 12:00,20.78,20.78,20.78,1,1.0
2025-04-14 13:00,21.18,21.18,21.18,1,1.0
2025-04-14 14:00,20.08,20.08,20.08,1,1.0
2025-04-14 15:00,18.84,18.84,18.84,1,1.0
2025-04-14 16:00,18.13,18.13,18.13,1,1.0
2025-04-14 17:00,17.17,17.17,17.17,1,1.0
2025-04-14 18:00,16.36,16.36,16.36,1,1.0
2025-04-14 19:00,15.93,15.93,15.93,1,1.0
2025-04-14 20:00,17.03,17.03,17.03,1,1.0
2025-04-14 21:00,16.57,16.57,16.57,1,1.0
2025-04-14 22:00,15.8,15.8,15.8,1,1.0
2025-04-14 23:00,15.25,15.25,15.25,1,1.0
2025-04-15 00:00,14.86,14.86,14.86,1,1.0
2025-04-15 01:00,14.88,14.88,14.88,1,1.0
2025-04-15 02:00,14.78,14.78,14.78,1,1.0
2025-04-15 03:00,14.52,14.52,14.52,1,1.0
2025-04-15 04:00,14.3,14.3,14.3,1,1.0
2025-04-15 05:00,14.32,14.32,14.32,1,1.0
2025-04-15 06:00,14.53,14.53,14.53,1,1.0
2025-04-15 07:00,15.07,15.07,15.07,1,1.0
2025-04-15 08:00,15.82,15.82,15.82,1,1.0
2025-04-15 09:00,16.81,16.81,16.81,1,1.0
2025-04-15 10:00,17.43,17.43,17.43,1,1.0
2025-04-15 11:00,18.02,18.02,18.02,1,1.0
2025-04-15 12:00,18.49,18.49,18.49,1,1.0
2025-04-15 13:00,18.7,18.7,18.7,1,1.0
2025-04-15 14:00,19.03,19.03,19.03,1,1.0
2025-04-15 15:00,19.16,19.16,19.16,1,1.0
2025-04-15 16:00,19.12,19.12,19.12,1,1.0
2025-04-15 17:00,18.93,18.93,18.93,1,1.0
2025-04-15 18:00,18.46,18.46,18.46,1,1.0
2025-04-15 19:00,17.85,17.85,17.85,1,1.0
2025-04-15 20:00,17.13,17.13,17.13,1,1.0
2025-04-15 21:00,16.68,16.68,16.68,1,1.0
2025-04-15 22:00,16.28,16.28,16.28,1,1.0
2025-04-15 23:00,15.94,15.94,15.94,1,1.0
2025-04-16 00:00,15.53,15.53,15.53,1,1.0
2025-04-16 01:00,14.91,14.91,14.91,1,1.0
2025-04-16 02:00,14.3,14.3,14.3,1,1.0
2025-04-16 03:00,13.84,13.84,13.84,1,1.0
2025-04-16 04:00,13.51,13.51,13.51,1,1.0
2025-04-16 05:00,13.48,13.48,13.48,1,1.0
2025-04-16 06:00,13.35,13.35,13.35,1,1.0
2025-04-16 07:00,14.91,14.91,14.91,1,1.0
2025-04-16 08:00,17.83,17.83,17.83,1,1.0
2025-04-16 09:00,19.92,19.92,19.92,1,1.0
2025-04-16 10:00,21.16,21.16,21.16,1,1.0
2025-04-16 11:00,21.67,21.67,21.67,1,1.0
2025-04-16 12:00,21.95,21.95,21.95,1,1.0
2025-04-16 13:00,21.84,21.84,21.84,1,1.0
2025-04-16 14:00,21.5,21.5,21.5,1,1.0
2025-04-16 15:00,21.37,21.37,21.37,1,1.0
2025-04-16 16:00,21.0,21.0,21.0,1,1.0
2025-04-16 17:00,20.25,20.25,20.25,1,1.0
2025-04-16 18:00,20.02,20.02,20.02,1,1.0
2025-04-16 19:00,20.16,20.16,20.16,1,1.0
2025-04-16 20:00,20.15,20.15,20.15,1,1.0
2025-04-16 21:00,19.81,19.81,19.81,1,1.0
2025-04-16 22:00,19.04,19.04,19.04,1,1.0
2025-04-16 23:00,18.36,18.36,18.36,1,1.0
2025-04-17 00:00,17.84,17.84,17.84,1,1.0
2025-04-17 01:00,17.54,17.54,17.54,1,1.0
2025-04-17 02:00,17.38,17.38,17.38,1,1.0
2025-04-17 03:00,16.56,16.56,16.56,1,1.0
2025-04-17 04:00,14.88,14.88,14.88,1,1.0
2025-04-17 05:00,13.8,13.8,13.8,1,1.0
2025-04-17 06:00,13.27,13.27,13.27,1,1.0
2025-04-17 07:00,12.98,12.98,12.98,1,1.0
2025-04-17 08:00,12.68,12.68,12.68,1,1.0
2025-04-17 09:00,13.01,13.01,13.01,1,1.0
2025-04-17 10:00,13.65,13.65,13.65,1,1.0
2025-04-17 11:00,14.1,14.1,14.1,1,1.0
2025-04-17 12:00,14.92,14.92,14.92,1,1.0
2025-04-17 13:00,15.07,15.07,15.07,1,1.0
2025-04-17 14:00,14.38,14.38,14.38,1,1.0
2025-04-17 15:00,14.6,14.6,14.6,1,1.0
2025-04-17 16:00,14.12,14.12,14.12,1,1.0
2025-04-17 17:00,13.56,13.56,13.56,1,1.0
2025-04-17 18:00,13.1,13.1,13.1,1,1.0
2025-04-17 19:00,12.88,12.88,12.88,1,1.0
2025-04-17 20:00,12.67,12.67,12.67,1,1.0
2025-04-17 21:00,12.37,12.37,12.37,1,1.0
2025-04-17 22:00,12.26,12.26,12.26,1,1.0
2025-04-17 23:00,12.15,12.15,12.15,1,1.0
2025-04-18 00:00,11.95,11.95,11.95,1,1.0
2025-04-18 01:00,11.55,11.55,11.55,1,1.0
2025-04-18 02:00,11.27,11.27,11.27,1,1.0
2025-04-18 03:00,9.97,9.97,9.97,1,1.0
2025-04-18 04:00,9.85,9.85,9.85,1,1.0
2025-04-18 05:00,9.66,9.66,9.66,1,1.0
2025-04-18 06:00,10.07,10.07,10.07,1,1.0
2025-04-18 07:00,11.44,11.44,11.44,1,1.0
2025-04-18 08:00,12.69,12.69,12.69,1,1.0
2025-04-18 09:00,13.78,13.78,13.78,1,1.0
2025-04-18 10:00,14.06,14.06,14.06,1,1.0
2025-04-18 11:00,14.43,14.43,14.43,1,1.0
2025-04-18 12:00,14.73,14.73,14.73,1,1.0
2025-04-18 13:00,14.84,14.84,14.84,1,1.0
2025-04-18 14:00,14.68,14.68,14.68,1,1.0
2025-04-18 15:00,14.82,14.82,14.82,1,1.0
2025-04-18 16:00,14.74,14.74,14.74,1,1.0
2025-04-18 17:00,14.56,14.56,14.56,1,1.0
2025-04-18 18:00,14.29,14.29,14.29,1,1.0
2025-04-18 19:00,13.75,13.75,13.75,1,1.0
2025-04-18 20:00,13.24,13.24,13.24,1,1.0
2025-04-18 21:00,12.66,12.66,12.66,1,1.0
2025-04-18 22:00,11.61,11.61,11.61,1,1.0
2025-04-18 23:00,11.69,11.69,11.69,1,1.0
2025-04-19 00:00,12.85,12.85,12.85,1,1.0
2025-04-19 01:00,12.74,12.74,12.74,1,1.0
2025-04-19 02:00,12.34,12.34,12.34,1,1.0
2025-04-19 03:00,11.94,11.94,11.94,1,1.0
2025-04-19 04:00,10.0,10.0,10.0,1,1.0
2025-04-19 05:00,8.98,8.98,8.98,1,1.0
2025-04-19 06:00,8.7,8.7,8.7,1,1.0
2025-04-19 07:00,11.64,11.64,11.64,1,1.0
2025-04-19 08:00,13.02,13.02,13.02,1,1.0
2025-04-19 09:00,13.94,13.94,13.94,1,1.0
2025-04-19 10:00,14.81,14.81,14.81,1,1.0
2025-04-19 11:00,15.34,15.34,15.34,1,1.0
2025-04-19 12:00,15.59,15.59,15.59,1,1.0
2025-04-19 13:00,15.89,15.89,15.89,1,1.0
2025-04-19 14:00,16.27,16.27,16.27,1,1.0
2025-04-19 15:00,16.49,16.49,16.49,1,1.0
2025-04-19 16:00,16.35,16.35,16.35,1,1.0
2025-04-19 17:00,15.93,15.93,15.93,1,1.0
2025-04-19 18:00,15.28,15.28,15.28,1,1.0
2025-04-19 19:00,14.37,14.37,14.37,1,1.0
2025-04-19 20:00,14.07,14.07,14.07,1,1.0
2025-04-19 21:00,14.07,14.07,14.07,1,1.0
2025-04-19 22:00,13.92,13.92,13.92,1,1.0
2025-04-19 23:00,13.73,13.73,13.73,1,1.0
2025-04-20 00:00,12.96,12.96,12.96,1,1.0
2025-04-20 01:00,11.88,11.88,11.88,1,1.0
2025-04-20 02:00,11.33,11.33,11.33,1,1.0
2025-04-20 03:00,10.98,10.98,10.98,1,1.0
2025-04-20 04:00,10.76,10.76,10.76,1,1.0
2025-04-20 05:00,10.61,10.61,10.61,1,1.0
2025-04-20 06:00,10.87,10.87,10.87,1,1.0
2025-04-20 07:00,12.41,12.41,12.41,1,1.0
2025-04-20 08:00,15.43,15.43,15.43,1,1.0
2025-04-20 09:00,16.59,16.59,16.59,1,1.0
2025-04-20 10:00,17.44,17.44,17.44,1,1.0
2025-04-20 11:00,18.04,18.04,18.04,1,1.0
2025-04-20 12:00,18.47,18.47,18.47,1,1.0
2025-04-20 13:00,18.64,18.64,18.64,1,1.0
2025-04-20 14:00,18.74,18.74,18.74,1,1.0
2025-04-20 15:00,18.75,18.75,18.75,1,1.0
2025-04-20 16:00,18.56,18.56,18.56,1,1.0
2025-04-20 17:00,18.11,18.11,18.11,1,1.0
2025-04-20 18:00,17.33,17.33,17.33,1,1.0
2025-04-20 19:00,16.46,16.46,16.46,1,1.0
2025-04-20 20:00,15.69,15.69,15.69,1,1.0
2025-04-20 21:00,14.58,14.58,14.58,1,1.0
2025-04-20 22:00,13.76,13.76,13.76,1,1.0
2025-04-20 23:00,13.3,13.3,13.3,1,1.0
2025-04-21 00:00,12.68,12.68,12.68,1,1.0
2025-04-21 01:00,12.16,12.16,12.16,1,1.0
2025-04-21 02:00,12.09,12.09,12.09,1,1.0
2025-04-21 03:00,12.51,12.51,12.51,1,1.0
2025-04-21 04:00,12.36,12.36,12.36,1,1.0
2025-04-21 05:00,12.29,12.29,12.29,1,1.0
2025-04-21 06:00,12.45,12.45,12.45,1,1.0
2025-04-21 07:00,14.32,14.32,14.32,1,1.0
2025-04-21 08:00,16.95,16.95,16.95,1,1.0
2025-04-21 09:00,18.63,18.63,18.63,1,1.0
2025-04-21 10:00,19.49,19.49,19.49,1,1.0
2025-04-21 11:00,19.97,19.97,19.97,1,1.0
2025-04-21 12:00,20.17,20.17,20.17,1,1.0
2025-04-21 13:00,20.25,20.25,20.25,1,1.0
2025-04-21 14:00,20.02,20.02,20.02,1,1.0
2025-04-21 15:00,19.52,19.52,19.52,1,1.0
2025-04-21 16:00,18.73,18.73,18.73,1,1.0
2025-04-21 17:00,18.17,18.17,18.17,1,1.0
2025-04-21 18:00,17.56,17.56,17.56,1,1.0
2025-04-21 19:00,17.02,17.02,17.02,1,1.0
2025-04-21 20:00,16.48,16.48,16.48,1,1.0
2025-04-21 21:00,15.82,15.82,15.82,1,1.0
2025-04-21 22:00,15.04,15.04,15.04,1,1.0
2025-04-21 23:00,14.54,14.54,14.54,1,1.0
2025-04-22 00:00,14.54,14.54,14.54,1,1.0
2025-04-22 01:00,14.3,14.3,14.3,1,1.0
2025-04-22 02:00,13.89,13.89,13.89,1,1.0
2025-04-22 03:00,13.44,13.44,13.44,1,1.0
2025-04-22 04:00,13.06,13.06,13.06,1,1.0
2025-04-22 05:00,12.73,12.73,12.73,1,1.0
2025-04-22 06:00,12.71,12.71,12.71,1,1.0
2025-04-22 07:00,14.01,14.01,14.01,1,1.0
2025-04-22 08:00,16.38,16.38,16.38,1,1.0
2025-04-22 09:00,17.87,17.87,17.87,1,1.0
2025-04-22 10:00,19.09,19.09,19.09,1,1.0
2025-04-22 11:00,19.68,19.68,19.68,1,1.0
2025-04-22 12:00,19.83,19.83,19.83,1,1.0
2025-04-22 13:00,19.84,19.84,19.84,1,1.0
2025-04-22 14:00,19.56,19.56,19.56,1,1.0
2025-04-22 15:00,18.99,18.99,18.99,1,1.0
2025-04-22 16:00,18.3,18.3,18.3,1,1.0
2025-04-22 17:00,17.63,17.63,17.63,1,1.0
2025-04-22 18:00,16.94,16.94,16.94,1,1.0
2025-04-22 19:00,16.18,16.18,16.18,1,1.0
2025-04-22 20:00,14.72,14.72,14.72,1,1.0
2025-04-22 21:00,13.85,13.85,13.85,1,1.0
2025-04-22 22:00,13.5,13.5,13.5,1,1.0
2025-04-22 23:00,12.92,12.92,12.92,1,1.0
2025-04-23 00:00,12.74,12.74,12.74,1,1.0
2025-04-23 01:00,12.92,12.92,12.92,1,1.0
2025-04-23 02:00,12.7,12.7,12.7,1,1.0
2025-04-23 03:00,12.89,12.89,12.89,1,1.0
2025-04-23 04:00,13.0,13.0,13.0,1,1.0
2025-04-23 05:00,12.87,12.87,12.87,1,1.0
2025-04-23 06:00,12.97,12.97,12.97,1,1.0
2025-04-23 07:00,13.43,13.43,13.43,1,1.0
2025-04-23 08:00,14.28,14.28,14.28,1,1.0
2025-04-23 09:00,15.36,15.36,15.36,1,1.0
2025-04-23 10:00,16.14,16.14,16.14,1,1.0
2025-04-23 11:00,16.84,16.84,16.84,1,1.0
2025-04-23 12:00,17.01,17.01,17.01,1,1.0
2025-04-23 13:00,17.02,17.02,17.02,1,1.0
2025-04-23 14:00,16.42,16.42,16.42,1,1.0
2025-04-23 15:00,16.32,16.32,16.32,1,1.0
2025-04-23 16:00,15.46,15.46,15.46,1,1.0
2025-04-23 17:00,15.32,15.32,15.32,1,1.0
2025-04-23 18:00,15.12,15.12,15.12,1,1.0
2025-04-23 19:00,14.69,14.69,14.69,1,1.0
2025-04-23 20:00,14.23,14.23,14.23,1,1.0
2025-04-23 21:00,13.69,13.69,13.69,1,1.0
2025-04-23 22:00,13.2,13.2,13.2,1,1.0
2025-04-23 23:00,13.15,13.15,13.15,1,1.0
2025-04-24 00:00,12.93,12.93,12.93,1,1.0
2025-04-24 01:00,12.58,12.58,12.58,1,1.0
2025-04-24 02:00,12.25,12.25,12.25,1,1.0
2025-04-24 03:00,12.77,12.77,12.77,1,1.0
2025-04-24 04:00,12.89,12.89,12.89,1,1.0
2025-04-24 05:00,12.93,12.93,12.93,1,1.0
2025-04-24 06:00,12.65,12.65,12.65,1,1.0
2025-04-24 07:00,13.87,13.87,13.87,1,1.0
2025-04-24 08:00,14.58,14.58,14.58,1,1.0
2025-04-24 09:00,14.97,14.97,14.97,1,1.0
2025-04-24 10:00,15.36,15.36,15.36,1,1.0
2025-04-24 11:00,15.52,15.52,15.52,1,1.0
2025-04-24 12:00,15.38,15.38,15.38,1,1.0
2025-04-24 13:00,15.06,15.06,15.06,1,1.0
2025-04-24 14:00,14.65,14.65,14.65,1,1.0
2025-04-24 15:00,13.75,13.75,13.75,1,1.0
2025-04-24 16:00,13.89,13.89,13.89,1,1.0
2025-04-24 17:00,13.43,13.43,13.43,1,1.0
2025-04-24 18:00,13.35,13.35,13.35,1,1.0
2025-04-24 19:00,13.03,13.03,13.03,1,1.0
2025-04-24 20:00,13.07,13.07,13.07,1,1.0
2025-04-24 21:00,12.64,12.64,12.64,1,1.0
2025-04-24 22:00,12.44,12.44,12.44,1,1.0
2025-04-24 23:00,12.12,12.12,12.12,1,1.0
2025-04-25 00:00,11.53,11.53,11.53,1,1.0
2025-04-25 01:00,10.74,10.74,10.74,1,1.0
2025-04-25 02:00,10.05,10.05,10.05,1,1.0
2025-04-25 03:00,10.18,10.18,10.18,1,1.0
2025-04-25 04:00,10.01,10.01,10.01,1,1.0
2025-04-25 05:00,9.75,9.75,9.75,1,1.0
2025-04-25 06:00,9.86,9.86,9.86,1,1.0
2025-04-25 07:00,10.9,10.9,10.9,1,1.0
2025-04-25 08:00,12.72,12.72,12.72,1,1.0
2025-04-25 09:00,14.18,14.18,14.18,1,1.0
2025-04-25 10:00,15.43,15.43,15.43,1,1.0
2025-04-25 11:00,16.26,16.26,16.26,1,1.0
2025-04-25 12:00,16.42,16.42,16.42,1,1.0
2025-04-25 13:00,16.39,16.39,16.39,1,1.0
2025-04-25 14:00,16.33,16.33,16.33,1,1.0
2025-04-25 15:00,16.09,16.09,16.09,1,1.0
2025-04-25 16:00,15.66,15.66,15.66,1,1.0
2025-04-25 17:00,15.37,15.37,15.37,1,1.0
2025-04-25 18:00,14.84,14.84,14.84,1,1.0
2025-04-25 19:00,14.28,14.28,14.28,1,1.0
2025-04-25 20:00,14.07,14.07,14.07,1,1.0
2025-04-25 21:00,13.49,13.49,13.49,1,1.0
2025-04-25 22:00,14.02,14.02,14.02,1,1.0
2025-04-25 23:00,13.8,13.8,13.8,1,1.0
2025-04-26 00:00,13.55,13.55,13.55,1,1.0
2025-04-26 01:00,13.39,13.39,13.39,1,1.0
2025-04-26 02:00,13.3,13.3,13.3,1,1.0
2025-04-26 03:00,13.1,13.1,13.1,1,1.0
2025-04-26 04:00,12.97,12.97,12.97,1,1.0
2025-04-26 05:00,12.78,12.78,12.78,1,1.0
2025-04-26 06:00,12.76,12.76,12.76,1,1.0
2025-04-26 07:00,13.24,13.24,13.24,1,1.0
2025-04-26 08:00,14.14,14.14,14.14,1,1.0
2025-04-26 09:00,14.94,14.94,14.94,1,1.0
2025-04-26 10:00,15.73,15.73,15.73,1,1.0
2025-04-26 11:00,16.37,16.37,16.37,1,1.0
2025-04-26 12:00,16.78,16.78,16.78,1,1.0
2025-04-26 13:00,17.03,17.03,17.03,1,1.0
2025-04-26 14:00,17.15,17.15,17.15,1,1.0
2025-04-26 15:00,16.98,16.98,16.98,1,1.0
2025-04-26 16:00,16.85,16.85,16.85,1,1.0
2025-04-26 17:00,16.75,16.75,16.75,1,1.0
2025-04-26 18:00,16.34,16.34,16.34,1,1.0
2025-04-26 19:00,15.8,15.8,15.8,1,1.0
2025-04-26 20:00,15.27,15.27,15.27,1,1.0
2025-04-26 21:00,14.67,14.67,14.67,1,1.0
2025-04-26 22:00,14.16,14.16,14.16,1,1.0
2025-04-26 23:00,12.71,12.71,12.71,1,1.0
2025-04-27 00:00,11.68,11.68,11.68,1,1.0
2025-04-27 01:00,10.78,10.78,10.78,1,1.0
2025-04-27 02:00,11.19,11.19,11.19,1,1.0
2025-04-27 03:00,11.42,11.42,11.42,1,1.0
2025-04-27 04:00,11.38,11.38,11.38,1,1.0
2025-04-27 05:00,10.98,10.98,10.98,1,1.0
2025-04-27 06:00,11.01,11.01,11.01,1,1.0
2025-04-27 07:00,12.44,12.44,12.44,1,1.0
2025-04-27 08:00,15.34,15.34,15.34,1,1.0
2025-04-27 09:00,16.77,16.77,16.77,1,1.0
2025-04-27 10:00,17.95,17.95,17.95,1,1.0
2025-04-27 11:00,18.73,18.73,18.73,1,1.0
2025-04-27 12:00,18.88,18.88,18.88,1,1.0
2025-04-27 13:00,18.74,18.74,18.74,1,1.0
2025-04-27 14:00,18.56,18.56,18.56,1,1.0
2025-04-27 15:00,17.93,17.93,17.93,1,1.0
2025-04-27 16:00,17.64,17.64,17.64,1,1.0
2025-04-27 17:00,17.3,17.3,17.3,1,1.0
2025-04-27 18:00,16.68,16.68,16.68,1,1.0
2025-04-27 19:00,16.13,16.13,16.13,1,1.0
2025-04-27 20:00,15.36,15.36,15.36,1,1.0
2025-04-27 21:00,14.82,14.82,14.82,1,1.0
2025-04-27 22:00,14.91,14.91,14.91,1,1.0
2025-04-27 23:00,14.74,14.74,14.74,1,1.0
2025-04-28 00:00,14.6,14.6,14.6,1,1.0
2025-04-28 01:00,14.25,14.25,14.25,1,1.0
2025-04-28 02:00,13.96,13.96,13.96,1,1.0
2025-04-28 03:00,13.7,13.7,13.7,1,1.0
2025-04-28 04:00,13.39,13.39,13.39,1,1.0
2025-04-28 05:00,13.27,13.27,13.27,1,1.0
2025-04-28 06:00,13.54,13.54,13.54,1,1.0
2025-04-28 07:00,14.57,14.57,14.57,1,1.0
2025-04-28 08:00,15.97,15.97,15.97,1,1.0
2025-04-28 09:00,17.44,17.44,17.44,1,1.0
2025-04-28 10:00,18.64,18.64,18.64,1,1.0
2025-04-28 11:00,19.44,19.44,19.44,1,1.0
2025-04-28 12:00,19.78,19.78,19.78,1,1.0
2025-04-28 13:00,19.54,19.54,19.54,1,1.0
2025-04-28 14:00,19.0,19.0,19.0,1,1.0
2025-04-28 15:00,18.67,18.67,18.67,1,1.0
2025-04-28 16:00,17.85,17.85,17.85,1,1.0
2025-04-28 17:00,17.63,17.63,17.63,1,1.0
2025-04-28 18:00,17.17,17.17,17.17,1,1.0
2025-04-28 19:00,16.55,16.55,16.55,1,1.0
2025-04-28 20:00,16.18,16.18,16.18,1,1.0
2025-04-28 21:00,15.61,15.61,15.61,1,1.0
2025-04-28 22:00,15.21,15.21,15.21,1,1.0
2025-04-28 23:00,14.65,14.65,14.65,1,1.0
2025-04-29 00:00,14.3,14.3,14.3,1,1.0
2025-04-29 01:00,13.92,13.92,13.92,1,1.0
2025-04-29 02:00,13.65,13.65,13.65,1,1.0
2025-04-29 03:00,13.45,13.45,13.45,1,1.0
2025-04-29 04:00,13.22,13.22,13.22,1,1.0
2025-04-29 05:00,13.01,13.01,13.01,1,1.0
2025-04-29 06:00,13.23,13.23,13.23,1,1.0
2025-04-29 07:00,14.89,14.89,14.89,1,1.0
2025-04-29 08:00,17.01,17.01,17.01,1,1.0
2025-04-29 09:00,18.6,18.6,18.6,1,1.0
2025-04-29 10:00,19.77,19.77,19.77,1,1.0
2025-04-29 11:00,20.62,20.62,20.62,1,1.0
2025-04-29 12:00,21.08,21.08,21.08,1,1.0
2025-04-29 13:00,21.07,21.07,21.07,1,1.0
2025-04-29 14:00,21.13,21.13,21.13,1,1.0
2025-04-29 15:00,19.79,19.79,19.79,1,1.0
2025-04-29 16:00,19.24,19.24,19.24,1,1.0
2025-04-29 17:00,19.3,19.3,19.3,1,1.0
2025-04-29 18:00,18.75,18.75,18.75,1,1.0
2025-04-29 19:00,18.18,18.18,18.18,1,1.0
2025-04-29 20:00,17.71,17.71,17.71,1,1.0
2025-04-29 21:00,17.15,17.15,17.15,1,1.0
2025-04-29 22:00,16.53,16.53,16.53,1,1.0
2025-04-29 23:00,15.92,15.92,15.92,1,1.0
2025-04-30 00:00,15.32,15.32,15.32,1,1.0
2025-04-30 01:00,14.78,14.78,14.78,1,1.0
2025-04-30 02:00,14.28,14.28,14.28,1,1.0
2025-04-30 03:00,13.84,13.84,13.84,1,1.0
2025-04-30 04:00,13.47,13.47,13.47,1,1.0
2025-04-30 05:00,13.16,13.16,13.16,1,1.0
2025-04-30 06:00,13.32,13.32,13.32,1,1.0
2025-04-30 07:00,15.0,15.0,15.0,1,1.0
2025-04-30 08:00,17.21,17.21,17.21,1,1.0
2025-04-30 09:00,18.71,18.71,18.71,1,1.0
2025-04-30 10:00,19.87,19.87,19.87,1,1.0
2025-04-30 11:00,20.64,20.64,20.64,1,1.0
2025-04-30 12:00,21.07,21.07,21.07,1,1.0
2025-04-30 13:00,21.28,21.28,21.28,1,1.0
2025-04-30 14:00,21.33,21.33,21.33,1,1.0
2025-04-30 15:00,21.21,21.21,21.21,1,1.0
2025-04-30 16:00,20.89,20.89,20.89,1,1.0
2025-04-30 17:00,20.43,20.43,20.43,1,1.0
2025-04-30 18:00,19.76,19.76,19.76,1,1.0
2025-04-30 19:00,19.03,19.03,19.03,1,1.0
2025-04-30 20:00,17.92,17.92,17.92,1,1.0
2025-04-30 21:00,16.94,16.94,16.94,1,1.0
2025-04-30 22:00,15.77,15.77,15.77,1,1.0
2025-04-30 23:00,15.04,15.04,15.04,1,1.0
2025-05-01 00:00,14.72,14.72,14.72,1,1.0
2025-05-01 01:00,14.31,14.31,14.31,1,1.0
2025-05-01 02:00,14.0,14.0,14.0,1,1.0
2025-05-01 03:00,13.83,13.83,13.83,1,1.0
2025-05-01 04:00,13.5,13.5,13.5,1,1.0
2025-05-01 05:00,13.25,13.25,13.25,1,1.0
2025-05-01 06:00,13.5,13.5,13.5,1,1.0
2025-05-01 07:00,15.51,15.51,15.51,1,1.0
2025-05-01 08:00,17.91,17.91,17.91,1,1.0
2025-05-01 09:00,19.8,19.8,19.8,1,1.0
2025-05-01 10:00,20.97,20.97,20.97,1,1.0
2025-05-01 11:00,21.62,21.62,21.62,1,1.0
2025-05-01 12:00,21.76,21.76,21.76,1,1.0
2025-05-01 13:00,21.68,21.68,21.68,1,1.0
2025-05-01 14:00,21.54,21.54,21.54,1,1.0
2025-05-01 15:00,21.24,21.24,21.24,1,1.0
2025-05-01 16:00,20.85,20.85,20.85,1,1.0
2025-05-01 17:00,20.44,20.44,20.44,1,1.0
2025-05-01 18:00,19.83,19.83,19.83,1,1.0
2025-05-01 19:00,19.06,19.06,19.06,1,1.0
2025-05-01 20:00,17.64,17.64,17.64,1,1.0
2025-05-01 21:00,16.76,16.76,16.76,1,1.0
2025-05-01 22:00,16.42,16.42,16.42,1,1.0
2025-05-01 23:00,15.87,15.87,15.87,1,1.0
2025-05-02 00:00,15.1,15.1,15.1,1,1.0
2025-05-02 01:00,14.09,14.09,14.09,1,1.0
2025-05-02 02:00,13.1,13.1,13.1,1,1.0
2025-05-02 03:00,12.48,12.48,12.48,1,1.0
2025-05-02 04:00,12.22,12.22,12.22,1,1.0
2025-05-02 05:00,11.93,11.93,11.93,1,1.0
2025-05-02 06:00,12.52,12.52,12.52,1,1.0
2025-05-02 07:00,16.05,16.05,16.05,1,1.0
2025-05-02 08:00,18.37,18.37,18.37,1,1.0
2025-05-02 09:00,19.75,19.75,19.75,1,1.0
2025-05-02 10:00,20.63,20.63,20.63,1,1.0
2025-05-02 11:00,21.23,21.23,21.23,1,1.0
2025-05-02 12:00,21.64,21.64,21.64,1,1.0
2025-05-02 13:00,21.83,21.83,21.83,1,1.0
2025-05-02 14:00,21.76,21.76,21.76,1,1.0
2025-05-02 15:00,21.55,21.55,21.55,1,1.0
2025-05-02 16:00,21.07,21.07,21.07,1,1.0
2025-05-02 17:00,20.39,20.39,20.39,1,1.0
2025-05-02 18:00,19.46,19.46,19.46,1,1.0
2025-05-02 19:00,18.52,18.52,18.52,1,1.0
2025-05-02 20:00,18.49,18.49,18.49,1,1.0
2025-05-02 21:00,18.12,18.12,18.12,1,1.0
2025-05-02 22:00,17.71,17.71,17.71,1,1.0
2025-05-02 23:00,17.3,17.3,17.3,1,1.0
2025-05-03 00:00,16.91,16.91,16.91,1,1.0
2025-05-03 01:00,16.59,16.59,16.59,1,1.0
2025-05-03 02:00,13.7,13.7,13.7,1,1.0
2025-05-03 03:00,12.79,12.79,12.79,1,1.0
2025-05-03 04:00,12.5,12.5,12.5,1,1.0
2025-05-03 05:00,12.33,12.33,12.33,1,1.0
2025-05-03 06:00,13.08,13.08,13.08,1,1.0
2025-05-03 07:00,16.31,16.31,16.31,1,1.0
2025-05-03 08:00,17.41,17.41,17.41,1,1.0
2025-05-03 09:00,18.61,18.61,18.61,1,1.0
2025-05-03 10:00,19.39,19.39,19.39,1,1.0
2025-05-03 11:00,20.01,20.01,20.01,1,1.0
2025-05-03 12:00,20.45,20.45,20.45,1,1.0
2025-05-03 13:00,20.57,20.57,20.57,1,1.0
2025-05-03 14:00,20.43,20.43,20.43,1,1.0
2025-05-03 15:00,20.03,20.03,20.03,1,1.0
2025-05-03 16:00,19.69,19.69,19.69,1,1.0
2025-05-03 17:00,19.11,19.11,19.11,1,1.0
2025-05-03 18:00,18.37,18.37,18.37,1,1.0
2025-05-03 19:00,17.45,17.45,17.45,1,1.0
2025-05-03 20:00,16.27,16.27,16.27,1,1.0
2025-05-03 21:00,15.65,15.65,15.65,1,1.0
2025-05-03 22:00,16.32,16.32,16.32,1,1.0
2025-05-03 23:00,16.01,16.01,16.01,1,1.0
2025-05-04 00:00,15.71,15.71,15.71,1,1.0
2025-05-04 01:00,15.52,15.52,15.52,1,1.0
2025-05-04 02:00,15.1,15.1,15.1,1,1.0
2025-05-04 03:00,12.99,12.99,12.99,1,1.0
2025-05-04 04:00,12.39,12.39,12.39,1,1.0
2025-05-04 05:00,12.35,12.35,12.35,1,1.0
2025-05-04 06:00,13.02,13.02,13.02,1,1.0
2025-05-04 07:00,15.86,15.86,15.86,1,1.0
2025-05-04 08:00,17.03,17.03,17.03,1,1.0
2025-05-04 09:00,18.01,18.01,18.01,1,1.0
2025-05-04 10:00,18.69,18.69,18.69,1,1.0
2025-05-04 11:00,19.31,19.31,19.31,1,1.0
2025-05-04 12:00,19.76,19.76,19.76,1,1.0
2025-05-04 13:00,20.09,20.09,20.09,1,1.0
2025-05-04 14:00,19.95,19.95,19.95,1,1.0
2025-05-04 15:00,18.93,18.93,18.93,1,1.0
2025-05-04 16:00,18.37,18.37,18.37,1,1.0
2025-05-04 17:00,17.99,17.99,17.99,1,1.0
2025-05-04 18:00,17.43,17.43,17.43,1,1.0
2025-05-04 19:00,16.6,16.6,16.6,1,1.0
2025-05-04 20:00,15.47,15.47,15.47,1,1.0
2025-05-04 21:00,15.29,15.29,15.29,1,1.0
2025-05-04 22:00,15.17,15.17,15.17,1,1.0
2025-05-04 23:00,14.96,14.96,14.96,1,1.0
2025-05-05 00:00,14.83,14.83,14.83,1,1.0
2025-05-05 01:00,14.76,14.76,14.76,1,1.0
2025-05-05 02:00,14.72,14.72,14.72,1,1.0
2025-05-05 03:00,14.67,14.67,14.67,1,1.0
2025-05-05 04:00,14.64,14.64,14.64,1,1.0
2025-05-05 05:00,14.66,14.66,14.66,1,1.0
2025-05-05 06:00,14.88,14.88,14.88,1,1.0
2025-05-05 07:00,15.91,15.91,15.91,1,1.0
2025-05-05 08:00,17.24,17.24,17.24,1,1.0
2025-05-05 09:00,18.18,18.18,18.18,1,1.0
2025-05-05 10:00,18.8,18.8,18.8,1,1.0
2025-05-05 11:00,19.36,19.36,19.36,1,1.0
2025-05-05 12:00,19.58,19.58,19.58,1,1.0
2025-05-05 13:00,19.4,19.4,19.4,1,1.0
2025-05-05 14:00,19.1,19.1,19.1,1,1.0
2025-05-05 15:00,18.93,18.93,18.93,1,1.0
2025-05-05 16:00,18.7,18.7,18.7,1,1.0
2025-05-05 17:00,18.36,18.36,18.36,1,1.0
2025-05-05 18:00,17.86,17.86,17.86,1,1.0
2025-05-05 19:00,17.16,17.16,17.16,1,1.0
2025-05-05 20:00,16.47,16.47,16.47,1,1.0
2025-05-05 21:00,16.12,16.12,16.12,1,1.0
2025-05-05 22:00,15.83,15.83,15.83,1,1.0
2025-05-05 23:00,15.8,15.8,15.8,1,1.0
2025-05-06 00:00,15.72,15.72,15.72,1,1.0
2025-05-06 01:00,15.68,15.68,15.68,1,1.0
2025-05-06 02:00,15.76,15.76,15.76,1,1.0
2025-05-06 03:00,15.53,15.53,15.53,1,1.0
2025-05-06 04:00,15.39,15.39,15.39,1,1.0
2025-05-06 05:00,15.25,15.25,15.25,1,1.0
2025-05-06 06:00,15.25,15.25,15.25,1,1.0
2025-05-06 07:00,15.9,15.9,15.9,1,1.0
2025-05-06 08:00,17.27,17.27,17.27,1,1.0
2025-05-06 09:00,17.81,17.81,17.81,1,1.0
2025-05-06 10:00,17.87,17.87,17.87,1,1.0
2025-05-06 11:00,17.86,17.86,17.86,1,1.0
2025-05-06 12:00,18.33,18.33,18.33,1,1.0
2025-05-06 13:00,18.96,18.96,18.96,1,1.0
2025-05-06 14:00,19.24,19.24,19.24,1,1.0
2025-05-06 15:00,19.14,19.14,19.14,1,1.0
2025-05-06 16:00,18.92,18.92,18.92,1,1.0
2025-05-06 17:00,18.17,18.17,18.17,1,1.0
2025-05-06 18:00,17.41,17.41,17.41,1,1.0
2025-05-06 19:00,16.85,16.85,16.85,1,1.0
2025-05-06 20:00,16.77,16.77,16.77,1,1.0
2025-05-06 21:00,16.24,16.24,16.24,1,1.0
2025-05-06 22:00,15.34,15.34,15.34,1,1.0
2025-05-06 23:00,15.76,15.76,15.76,1,1.0
2025-05-07 00:00,15.84,15.84,15.84,1,1.0
2025-05-07 01:00,15.63,15.63,15.63,1,1.0
2025-05-07 02:00,14.83,14.83,14.83,1,1.0
2025-05-07 03:00,13.38,13.38,13.38,1,1.0
2025-05-07 04:00,12.51,12.51,12.51,1,1.0
2025-05-07 05:00,12.37,12.37,12.37,1,1.0
2025-05-07 06:00,13.82,13.82,13.82,1,1.0
2025-05-07 07:00,14.88,14.88,14.88,1,1.0
2025-05-07 08:00,16.84,16.84,16.84,1,1.0
2025-05-07 09:00,17.77,17.77,17.77,1,1.0
2025-05-07 10:00,18.33,18.33,18.33,1,1.0
2025-05-07 11:00,18.56,18.56,18.56,1,1.0
2025-05-07 12:00,18.81,18.81,18.81,1,1.0
2025-05-07 13:00,18.71,18.71,18.71,1,1.0
2025-05-07 14:00,18.63,18.63,18.63,1,1.0
2025-05-07 15:00,18.8,18.8,18.8,1,1.0
2025-05-07 16:00,18.59,18.59,18.59,1,1.0
2025-05-07 17:00,17.93,17.93,17.93,1,1.0
2025-05-07 18:00,17.13,17.13,17.13,1,1.0
2025-05-07 19:00,16.21,16.21,16.21,1,1.0
2025-05-07 20:00,15.88,15.88,15.88,1,1.0
2025-05-07 21:00,15.65,15.65,15.65,1,1.0
2025-05-07 22:00,15.17,15.17,15.17,1,1.0
2025-05-07 23:00,15.06,15.06,15.06,1,1.0
2025-05-08 00:00,14.9,14.9,14.9,1,1.0
2025-05-08 01:00,14.49,14.49,14.49,1,1.0
2025-05-08 02:00,14.4,14.4,14.4,1,1.0
2025-05-08 03:00,13.99,13.99,13.99,1,1.0
2025-05-08 04:00,13.27,13.27,13.27,1,1.0
2025-05-08 05:00,12.68,12.68,12.68,1,1.0
2025-05-08 06:00,13.08,13.08,13.08,1,1.0
2025-05-08 07:00,15.19,15.19,15.19,1,1.0
2025-05-08 08:00,15.97,15.97,15.97,1,1.0
2025-05-08 09:00,16.41,16.41,16.41,1,1.0
2025-05-08 10:00,17.07,17.07,17.07,1,1.0
2025-05-08 11:00,17.54,17.54,17.54,1,1.0
2025-05-08 12:00,17.75,17.75,17.75,1,1.0
2025-05-08 13:00,17.71,17.71,17.71,1,1.0
2025-05-08 14:00,17.99,17.99,17.99,1,1.0
2025-05-08 15:00,17.87,17.87,17.87,1,1.0
2025-05-08 16:00,17.94,17.94,17.94,1,1.0
2025-05-08 17:00,17.74,17.74,17.74,1,1.0
2025-05-08 18:00,17.38,17.38,17.38,1,1.0
2025-05-08 19:00,16.6,16.6,16.6,1,1.0
2025-05-08 20:00,15.23,15.23,15.23,1,1.0
2025-05-08 21:00,14.47,14.47,14.47,1,1.0
2025-05-08 22:00,13.53,13.53,13.53,1,1.0
2025-05-08 23:00,13.35,13.35,13.35,1,1.0
2025-05-09 00:00,13.35,13.35,13.35,1,1.0
2025-05-09 01:00,12.9,12.9,12.9,1,1.0
2025-05-09 02:00,12.39,12.39,12.39,1,1.0
2025-05-09 03:00,11.96,11.96,11.96,1,1.0
2025-05-09 04:00,11.72,11.72,11.72,1,1.0
2025-05-09 05:00,11.75,11.75,11.75,1,1.0
2025-05-09 06:00,12.47,12.47,12.47,1,1.0
2025-05-09 07:00,14.75,14.75,14.75,1,1.0
2025-05-09 08:00,17.08,17.08,17.08,1,1.0
2025-05-09 09:00,18.21,18.21,18.21,1,1.0
2025-05-09 10:00,19.0,19.0,19.0,1,1.0
2025-05-09 11:00,19.62,19.62,19.62,1,1.0
2025-05-09 12:00,19.88,19.88,19.88,1,1.0
2025-05-09 13:00,19.83,19.83,19.83,1,1.0
2025-05-09 14:00,19.63,19.63,19.63,1,1.0
2025-05-09 15:00,19.42,19.42,19.42,1,1.0
2025-05-09 16:00,19.16,19.16,19.16,1,1.0
2025-05-09 17:00,18.69,18.69,18.69,1,1.0
2025-05-09 18:00,18.08,18.08,18.08,1,1.0
2025-05-09 19:00,17.26,17.26,17.26,1,1.0
2025-05-09 20:00,15.83,15.83,15.83,1,1.0
2025-05-09 21:00,16.0,16.0,16.0,1,1.0
2025-05-09 22:00,16.11,16.11,16.11,1,1.0
2025-05-09 23:00,15.75,15.75,15.75,1,1.0
2025-05-10 00:00,15.43,15.43,15.43,1,1.0
2025-05-10 01:00,15.13,15.13,15.13,1,1.0
2025-05-10 02:00,13.93,13.93,13.93,1,1.0
2025-05-10 03:00,12.98,12.98,12.98,1,1.0
2025-05-10 04:00,12.4,12.4,12.4,1,1.0
2025-05-10 05:00,11.48,11.48,11.48,1,1.0
2025-05-10 06:00,11.63,11.63,11.63,1,1.0
2025-05-10 07:00,15.17,15.17,15.17,1,1.0
2025-05-10 08:00,16.88,16.88,16.88,1,1.0
2025-05-10 09:00,17.99,17.99,17.99,1,1.0
2025-05-10 10:00,18.9,18.9,18.9,1,1.0
2025-05-10 11:00,19.52,19.52,19.52,1,1.0
2025-05-10 12:00,19.96,19.96,19.96,1,1.0
2025-05-10 13:00,19.88,19.88,19.88,1,1.0
2025-05-10 14:00,19.67,19.67,19.67,1,1.0
2025-05-10 15:00,19.29,19.29,19.29,1,1.0
2025-05-10 16:00,18.96,18.96,18.96,1,1.0
2025-05-10 17:00,18.87,18.87,18.87,1,1.0
2025-05-10 18:00,18.55,18.55,18.55,1,1.0
2025-05-10 19:00,18.0,18.0,18.0,1,1.0
2025-05-10 20:00,17.04,17.04,17.04,1,1.0
2025-05-10 21:00,17.3,17.3,17.3,1,1.0
2025-05-10 22:00,17.44,17.44,17.44,1,1.0
2025-05-10 23:00,16.71,16.71,16.71,1,1.0
2025-05-11 00:00,14.99,14.99,14.99,1,1.0
2025-05-11 01:00,14.72,14.72,14.72,1,1.0
2025-05-11 02:00,14.44,14.44,14.44,1,1.0
2025-05-11 03:00,13.84,13.84,13.84,1,1.0
2025-05-11 04:00,13.82,13.82,13.82,1,1.0
2025-05-11 05:00,13.95,13.95,13.95,1,1.0
2025-05-11 06:00,14.3,14.3,14.3,1,1.0
2025-05-11 07:00,16.01,16.01,16.01,1,1.0
2025-05-11 08:00,16.75,16.75,16.75,1,1.0
2025-05-11 09:00,17.35,17.35,17.35,1,1.0
2025-05-11 10:00,17.55,17.55,17.55,1,1.0
2025-05-11 11:00,17.48,17.48,17.48,1,1.0
2025-05-11 12:00,17.15,17.15,17.15,1,1.0
2025-05-11 13:00,17.08,17.08,17.08,1,1.0
2025-05-11 14:00,17.17,17.17,17.17,1,1.0
2025-05-11 15:00,17.49,17.49,17.49,1,1.0
2025-05-11 16:00,17.65,17.65,17.65,1,1.0
2025-05-11 17:00,17.59,17.59,17.59,1,1.0
2025-05-11 18:00,17.29,17.29,17.29,1,1.0
2025-05-11 19:00,16.65,16.65,16.65,1,1.0
2025-05-11 20:00,15.58,15.58,15.58,1,1.0
2025-05-11 21:00,14.99,14.99,14.99,1,1.0
2025-05-11 22:00,14.52,14.52,14.52,1,1.0
2025-05-11 23:00,13.7,13.7,13.7,1,1.0
2025-05-12 00:00,13.17,13.17,13.17,1,1.0
2025-05-12 01:00,12.79,12.79,12.79,1,1.0
2025-05-12 02:00,12.35,12.35,12.35,1,1.0
2025-05-12 03:00,12.06,12.06,12.06,1,1.0
2025-05-12 04:00,11.53,11.53,11.53,1,1.0
2025-05-12 05:00,11.3,11.3,11.3,1,1.0
2025-05-12 06:00,11.62,11.62,11.62,1,1.0
2025-05-12 07:00,13.01,13.01,13.01,1,1.0
2025-05-12 08:00,15.24,15.24,15.24,1,1.0
2025-05-12 09:00,17.38,17.38,17.38,1,1.0
2025-05-12 10:00,18.77,18.77,18.77,1,1.0
2025-05-12 11:00,19.65,19.65,19.65,1,1.0
2025-05-12 12:00,20.02,20.02,20.02,1,1.0
2025-05-12 13:00,20.13,20.13,20.13,1,1.0
2025-05-12 14:00,19.75,19.75,19.75,1,1.0
2025-05-12 15:00,19.26,19.26,19.26,1,1.0
2025-05-12 16:00,19.14,19.14,19.14,1,1.0
2025-05-12 17:00,19.07,19.07,19.07,1,1.0
2025-05-12 18:00,18.49,18.49,18.49,1,1.0
2025-05-12 19:00,17.79,17.79,17.79,1,1.0
2025-05-12 20:00,16.97,16.97,16.97,1,1.0
2025-05-12 21:00,16.37,16.37,16.37,1,1.0
2025-05-12 22:00,15.62,15.62,15.62,1,1.0
2025-05-12 23:00,15.1,15.1,15.1,1,1.0
2025-05-13 00:00,15.72,15.72,15.72,1,1.0
2025-05-13 01:00,15.74,15.74,15.74,1,1.0
2025-05-13 02:00,15.47,15.47,15.47,1,1.0
2025-05-13 03:00,15.3,15.3,15.3,1,1.0
2025-05-13 04:00,14.61,14.61,14.61,1,1.0
2025-05-13 05:00,13.77,13.77,13.77,1,1.0
2025-05-13 06:00,13.46,13.46,13.46,1,1.0
2025-05-13 07:00,15.17,15.17,15.17,1,1.0
2025-05-13 08:00,16.53,16.53,16.53,1,1.0
2025-05-13 09:00,17.3,17.3,17.3,1,1.0
2025-05-13 10:00,18.09,18.09,18.09,1,1.0
2025-05-13 11:00,18.88,18.88,18.88,1,1.0
2025-05-13 12:00,19.21,19.21,19.21,1,1.0
2025-05-13 13:00,19.06,19.06,19.06,1,1.0
2025-05-13 14:00,18.77,18.77,18.77,1,1.0
2025-05-13 15:00,18.43,18.43,18.43,1,1.0
2025-05-13 16:00,18.43,18.43,18.43,1,1.0
2025-05-13 17:00,18.1,18.1,18.1,1,1.0
2025-05-13 18:00,17.49,17.49,17.49,1,1.0
2025-05-13 19:00,16.79,16.79,16.79,1,1.0
2025-05-13 20:00,16.41,16.41,16.41,1,1.0
2025-05-13 21:00,15.31,15.31,15.31,1,1.0
2025-05-13 22:00,15.94,15.94,15.94,1,1.0
2025-05-13 23:00,15.37,15.37,15.37,1,1.0
2025-05-14 00:00,13.51,13.51,13.51,1,1.0
2025-05-14 01:00,11.97,11.97,11.97,1,1.0
2025-05-14 02:00,11.74,11.74,11.74,1,1.0
2025-05-14 03:00,11.94,11.94,11.94,1,1.0
2025-05-14 04:00,11.94,11.94,11.94,1,1.0
2025-05-14 05:00,12.05,12.05,12.05,1,1.0
2025-05-14 06:00,12.26,12.26,12.26,1,1.0
2025-05-14 07:00,13.52,13.52,13.52,1,1.0
2025-05-14 08:00,16.43,16.43,16.43,1,1.0
2025-05-14 09:00,17.98,17.98,17.98,1,1.0
2025-05-14 10:00,19.06,19.06,19.06,1,1.0
2025-05-14 11:00,19.52,19.52,19.52,1,1.0
2025-05-14 12:00,19.64,19.64,19.64,1,1.0
2025-05-14 13:00,19.68,19.68,19.68,1,1.0
2025-05-14 14:00,19.35,19.35,19.35,1,1.0
2025-05-14 15:00,18.77,18.77,18.77,1,1.0
2025-05-14 16:00,18.69,18.69,18.69,1,1.0
2025-05-14 17:00,18.67,18.67,18.67,1,1.0
2025-05-14 18:00,18.42,18.42,18.42,1,1.0
2025-05-14 19:00,18.21,18.21,18.21,1,1.0
2025-05-14 20:00,17.14,17.14,17.14,1,1.0
2025-05-14 21:00,16.79,16.79,16.79,1,1.0
2025-05-14 22:00,16.87,16.87,16.87,1,1.0
2025-05-14 23:00,17.13,17.13,17.13,1,1.0
2025-05-15 00:00,16.9,16.9,16.9,1,1.0
2025-05-15 01:00,16.13,16.13,16.13,1,1.0
2025-05-15 02:00,14.64,14.64,14.64,1,1.0
2025-05-15 03:00,15.09,15.09,15.09,1,1.0
2025-05-15 04:00,14.26,14.26,14.26,1,1.0
2025-05-15 05:00,14.33,14.33,14.33,1,1.0
2025-05-15 06:00,15.46,15.46,15.46,1,1.0
2025-05-15 07:00,16.74,16.74,16.74,1,1.0
2025-05-15 08:00,18.24,18.24,18.24,1,1.0
2025-05-15 09:00,19.23,19.23,19.23,1,1.0
2025-05-15 10:00,20.04,20.04,20.04,1,1.0
2025-05-15 11:00,20.69,20.69,20.69,1,1.0
2025-05-15 12:00,20.01,20.01,20.01,1,1.0
2025-05-15 13:00,18.3,18.3,18.3,1,1.0
2025-05-15 14:00,17.39,17.39,17.39,1,1.0
2025-05-15 15:00,16.93,16.93,16.93,1,1.0
2025-05-15 16:00,16.52,16.52,16.52,1,1.0
2025-05-15 17:00,16.16,16.16,16.16,1,1.0
2025-05-15 18:00,15.73,15.73,15.73,1,1.0
2025-05-15 19:00,15.59,15.59,15.59,1,1.0
2025-05-15 20:00,15.88,15.88,15.88,1,1.0
2025-05-15 21:00,15.78,15.78,15.78,1,1.0
2025-05-15 22:00,16.05,16.05,16.05,1,1.0
2025-05-15 23:00,15.87,15.87,15.87,1,1.0
2025-05-16 00:00,15.61,15.61,15.61,1,1.0
2025-05-16 01:00,15.39,15.39,15.39,1,1.0
2025-05-16 02:00,15.01,15.01,15.01,1,1.0
2025-05-16 03:00,14.7,14.7,14.7,1,1.0
2025-05-16 04:00,14.61,14.61,14.61,1,1.0
2025-05-16 05:00,14.56,14.56,14.56,1,1.0
2025-05-16 06:00,14.76,14.76,14.76,1,1.0
2025-05-16 07:00,15.18,15.18,15.18,1,1.0
2025-05-16 08:00,16.2,16.2,16.2,1,1.0
2025-05-16 09:00,16.74,16.74,16.74,1,1.0
2025-05-16 10:00,16.69,16.69,16.69,1,1.0
2025-05-16 11:00,16.77,16.77,16.77,1,1.0
2025-05-16 12:00,17.0,17.0,17.0,1,1.0
2025-05-16 13:00,17.54,17.54,17.54,1,1.0
2025-05-16 14:00,17.17,17.17,17.17,1,1.0
2025-05-16 15:00,16.32,16.32,16.32,1,1.0
2025-05-16 16:00,16.06,16.06,16.06,1,1.0
2025-05-16 17:00,15.63,15.63,15.63,1,1.0
2025-05-16 18:00,14.9,14.9,14.9,1,1.0
2025-05-16 19:00,14.23,14.23,14.23,1,1.0
2025-05-16 20:00,14.18,14.18,14.18,1,1.0
2025-05-16 21:00,13.74,13.74,13.74,1,1.0
2025-05-16 22:00,13.37,13.37,13.37,1,1.0
2025-05-16 23:00,13.15,13.15,13.15,1,1.0
2025-05-17 00:00,13.2,13.2,13.2,1,1.0
2025-05-17 01:00,13.24,13.24,13.24,1,1.0
2025-05-17 02:00,13.22,13.22,13.22,1,1.0
2025-05-17 03:00,13.02,13.02,13.02,1,1.0
2025-05-17 04:00,12.74,12.74,12.74,1,1.0
2025-05-17 05:00,12.4,12.4,12.4,1,1.0
2025-05-17 06:00,12.49,12.49,12.49,1,1.0
2025-05-17 07:00,13.46,13.46,13.46,1,1.0
2025-05-17 08:00,14.57,14.57,14.57,1,1.0
2025-05-17 09:00,15.53,15.53,15.53,1,1.0
2025-05-17 10:00,16.43,16.43,16.43,1,1.0
2025-05-17 11:00,17.37,17.37,17.37,1,1.0
2025-05-17 12:00,18.08,18.08,18.08,1,1.0
2025-05-17 13:00,18.66,18.66,18.66,1,1.0
2025-05-17 14:00,18.97,18.97,18.97,1,1.0
2025-05-17 15:00,18.87,18.87,18.87,1,1.0
2025-05-17 16:00,18.49,18.49,18.49,1,1.0
2025-05-17 17:00,17.95,17.95,17.95,1,1.0
2025-05-17 18:00,17.3,17.3,17.3,1,1.0
2025-05-17 19:00,16.51,16.51,16.51,1,1.0
2025-05-17 20:00,16.22,16.22,16.22,1,1.0
2025-05-17 21:00,15.55,15.55,15.55,1,1.0
2025-05-17 22:00,14.3,14.3,14.3,1,1.0
2025-05-17 23:00,14.31,14.31,14.31,1,1.0
2025-05-18 00:00,15.6,15.6,15.6,1,1.0
2025-05-18 01:00,15.32,15.32,15.32,1,1.0
2025-05-18 02:00,14.92,14.92,14.92,1,1.0
2025-05-18 03:00,13.68,13.68,13.68,1,1.0
2025-05-18 04:00,11.85,11.85,11.85,1,1.0
2025-05-18 05:00,11.31,11.31,11.31,1,1.0
2025-05-18 06:00,12.97,12.97,12.97,1,1.0
2025-05-18 07:00,15.26,15.26,15.26,1,1.0
2025-05-18 08:00,16.01,16.01,16.01,1,1.0
2025-05-18 09:00,16.54,16.54,16.54,1,1.0
2025-05-18 10:00,17.0,17.0,17.0,1,1.0
2025-05-18 11:00,17.25,17.25,17.25,1,1.0
2025-05-18 12:00,17.69,17.69,17.69,1,1.0
2025-05-18 13:00,17.36,17.36,17.36,1,1.0
2025-05-18 14:00,17.2,17.2,17.2,1,1.0
2025-05-18 15:00,17.32,17.32,17.32,1,1.0
2025-05-18 16:00,16.92,16.92,16.92,1,1.0
2025-05-18 17:00,16.94,16.94,16.94,1,1.0
2025-05-18 18:00,16.61,16.61,16.61,1,1.0
2025-05-18 19:00,16.21,16.21,16.21,1,1.0
2025-05-18 20:00,15.99,15.99,15.99,1,1.0
2025-05-18 21:00,15.57,15.57,15.57,1,1.0
2025-05-18 22:00,14.78,14.78,14.78,1,1.0
2025-05-18 23:00,13.85,13.85,13.85,1,1.0
2025-05-19 00:00,13.39,13.39,13.39,1,1.0
2025-05-19 01:00,13.7,13.7,13.7,1,1.0
2025-05-19 02:00,13.76,13.76,13.76,1,1.0
2025-05-19 03:00,13.73,13.73,13.73,1,1.0
2025-05-19 04:00,13.61,13.61,13.61,1,1.0
2025-05-19 05:00,13.51,13.51,13.51,1,1.0
2025-05-19 06:00,14.17,14.17,14.17,1,1.0
2025-05-19 07:00,14.91,14.91,14.91,1,1.0
2025-05-19 08:00,16.21,16.21,16.21,1,1.0
2025-05-19 09:00,17.23,17.23,17.23,1,1.0
2025-05-19 10:00,18.27,18.27,18.27,1,1.0
2025-05-19 11:00,19.15,19.15,19.15,1,1.0
2025-05-19 12:00,19.77,19.77,19.77,1,1.0
2025-05-19 13:00,20.12,20.12,20.12,1,1.0
2025-05-19 14:00,20.25,20.25,20.25,1,1.0
2025-05-19 15:00,20.24,20.24,20.24,1,1.0
2025-05-19 16:00,20.09,20.09,20.09,1,1.0
2025-05-19 17:00,19.7,19.7,19.7,1,1.0
2025-05-19 18:00,19.2,19.2,19.2,1,1.0
2025-05-19 19:00,18.43,18.43,18.43,1,1.0
2025-05-19 20:00,17.04,17.04,17.04,1,1.0
2025-05-19 21:00,16.33,16.33,16.33,1,1.0
2025-05-19 22:00,15.58,15.58,15.58,1,1.0
2025-05-19 23:00,14.84,14.84,14.84,1,1.0
2025-05-20 00:00,14.04,14.04,14.04,1,1.0
2025-05-20 01:00,13.8,13.8,13.8,1,1.0
2025-05-20 02:00,13.96,13.96,13.96,1,1.0
2025-05-20 03:00,13.65,13.65,13.65,1,1.0
2025-05-20 04:00,13.62,13.62,13.62,1,1.0
2025-05-20 05:00,14.21,14.21,14.21,1,1.0
2025-05-20 06:00,15.69,15.69,15.69,1,1.0
2025-05-20 07:00,17.23,17.23,17.23,1,1.0
2025-05-20 08:00,18.63,18.63,18.63,1,1.0
2025-05-20 09:00,19.94,19.94,19.94,1,1.0
2025-05-20 10:00,20.95,20.95,20.95,1,1.0
2025-05-20 11:00,21.13,21.13,21.13,1,1.0
2025-05-20 12:00,20.42,20.42,20.42,1,1.0
2025-05-20 13:00,20.01,20.01,20.01,1,1.0
2025-05-20 14:00,20.64,20.64,20.64,1,1.0
2025-05-20 15:00,21.09,21.09,21.09,1,1.0
2025-05-20 16:00,21.47,21.47,21.47,1,1.0
2025-05-20 17:00,21.41,21.41,21.41,1,1.0
2025-05-20 18:00,21.03,21.03,21.03,1,1.0
2025-05-20 19:00,20.06,20.06,20.06,1,1.0
2025-05-20 20:00,19.22,19.22,19.22,1,1.0
2025-05-20 21:00,19.06,19.06,19.06,1,1.0
2025-05-20 22:00,18.76,18.76,18.76,1,1.0
2025-05-20 23:00,18.66,18.66,18.66,1,1.0
2025-05-21 00:00,18.49,18.49,18.49,1,1.0
2025-05-21 01:00,17.95,17.95,17.95,1,1.0
2025-05-21 02:00,17.4,17.4,17.4,1,1.0
2025-05-21 03:00,17.14,17.14,17.14,1,1.0
2025-05-21 04:00,16.83,16.83,16.83,1,1.0
2025-05-21 05:00,16.73,16.73,16.73,1,1.0
2025-05-21 06:00,16.85,16.85,16.85,1,1.0
2025-05-21 07:00,17.49,17.49,17.49,1,1.0
2025-05-21 08:00,18.33,18.33,18.33,1,1.0
2025-05-21 09:00,18.87,18.87,18.87,1,1.0
2025-05-21 10:00,18.76,18.76,18.76,1,1.0
2025-05-21 11:00,19.3,19.3,19.3,1,1.0
2025-05-21 12:00,19.31,19.31,19.31,1,1.0
2025-05-21 13:00,19.18,19.18,19.18,1,1.0
2025-05-21 14:00,18.83,18.83,18.83,1,1.0
2025-05-21 15:00,18.6,18.6,18.6,1,1.0
2025-05-21 16:00,18.23,18.23,18.23,1,1.0
2025-05-21 17:00,17.69,17.69,17.69,1,1.0
2025-05-21 18:00,17.16,17.16,17.16,1,1.0
2025-05-21 19:00,16.85,16.85,16.85,1,1.0
2025-05-21 20:00,16.25,16.25,16.25,1,1.0
2025-05-21 21:00,16.01,16.01,16.01,1,1.0
2025-05-21 22:00,15.82,15.82,15.82,1,1.0
2025-05-21 23:00,15.56,15.56,15.56,1,1.0
2025-05-22 00:00,14.81,14.81,14.81,1,1.0
2025-05-22 01:00,14.4,14.4,14.4,1,1.0
2025-05-22 02:00,14.3,14.3,14.3,1,1.0
2025-05-22 03:00,14.3,14.3,14.3,1,1.0
2025-05-22 04:00,14.24,14.24,14.24,1,1.0
2025-05-22 05:00,14.38,14.38,14.38,1,1.0
2025-05-22 06:00,15.57,15.57,15.57,1,1.0
2025-05-22 07:00,16.5,16.5,16.5,1,1.0
2025-05-22 08:00,17.15,17.15,17.15,1,1.0
2025-05-22 09:00,17.76,17.76,17.76,1,1.0
2025-05-22 10:00,18.27,18.27,18.27,1,1.0
2025-05-22 11:00,18.84,18.84,18.84,1,1.0
2025-05-22 12:00,19.29,19.29,19.29,1,1.0
2025-05-22 13:00,19.6,19.6,19.6,1,1.0
2025-05-22 14:00,19.57,19.57,19.57,1,1.0
2025-05-22 15:00,19.42,19.42,19.42,1,1.0
2025-05-22 16:00,19.23,19.23,19.23,1,1.0
2025-05-22 17:00,18.84,18.84,18.84,1,1.0
2025-05-22 18:00,18.43,18.43,18.43,1,1.0
2025-05-22 19:00,17.88,17.88,17.88,1,1.0
2025-05-22 20:00,17.13,17.13,17.13,1,1.0
2025-05-22 21:00,16.69,16.69,16.69,1,1.0
2025-05-22 22:00,16.38,16.38,16.38,1,1.0
2025-05-22 23:00,16.16,16.16,16.16,1,1.0
2025-05-23 00:00,16.37,16.37,16.37,1,1.0
2025-05-23 01:00,16.29,16.29,16.29,1,1.0
2025-05-23 02:00,16.14,16.14,16.14,1,1.0
2025-05-23 03:00,15.98,15.98,15.98,1,1.0
2025-05-23 04:00,15.79,15.79,15.79,1,1.0
2025-05-23 05:00,15.61,15.61,15.61,1,1.0
2025-05-23 06:00,15.6,15.6,15.6,1,1.0
2025-05-23 07:00,16.19,16.19,16.19,1,1.0
2025-05-23 08:00,16.47,16.47,16.47,1,1.0
2025-05-23 09:00,16.74,16.74,16.74,1,1.0
2025-05-23 10:00,17.17,17.17,17.17,1,1.0
2025-05-23 11:00,17.84,17.84,17.84,1,1.0
2025-05-23 12:00,18.48,18.48,18.48,1,1.0
2025-05-23 13:00,18.69,18.69,18.69,1,1.0
2025-05-23 14:00,18.85,18.85,18.85,1,1.0
2025-05-23 15:00,18.81,18.81,18.81,1,1.0
2025-05-23 16:00,18.76,18.76,18.76,1,1.0
2025-05-23 17:00,18.33,18.33,18.33,1,1.0
2025-05-23 18:00,17.85,17.85,17.85,1,1.0
2025-05-23 19:00,17.19,17.19,17.19,1,1.0
2025-05-23 20:00,16.37,16.37,16.37,1,1.0
2025-05-23 21:00,16.45,16.45,16.45,1,1.0
2025-05-23 22:00,16.24,16.24,16.24,1,1.0
2025-05-23 23:00,14.48,14.48,14.48,1,1.0
2025-05-24 00:00,13.67,13.67,13.67,1,1.0
2025-05-24 01:00,12.97,12.97,12.97,1,1.0
2025-05-24 02:00,12.19,12.19,12.19,1,1.0
2025-05-24 03:00,12.32,12.32,12.32,1,1.0
2025-05-24 04:00,12.85,12.85,12.85,1,1.0
2025-05-24 05:00,13.18,13.18,13.18,1,1.0
2025-05-24 06:00,14.19,14.19,14.19,1,1.0
2025-05-24 07:00,15.61,15.61,15.61,1,1.0
2025-05-24 08:00,16.61,16.61,16.61,1,1.0
2025-05-24 09:00,17.66,17.66,17.66,1,1.0
2025-05-24 10:00,18.57,18.57,18.57,1,1.0
2025-05-24 11:00,19.16,19.16,19.16,1,1.0
2025-05-24 12:00,19.98,19.98,19.98,1,1.0
2025-05-24 13:00,20.39,20.39,20.39,1,1.0
2025-05-24 14:00,20.53,20.53,20.53,1,1.0
2025-05-24 15:00,20.39,20.39,20.39,1,1.0
2025-05-24 16:00,19.86,19.86,19.86,1,1.0
2025-05-24 17:00,19.15,19.15,19.15,1,1.0
2025-05-24 18:00,18.51,18.51,18.51,1,1.0
2025-05-24 19:00,17.63,17.63,17.63,1,1.0
2025-05-24 20:00,16.65,16.65,16.65,1,1.0
2025-05-24 21:00,15.94,15.94,15.94,1,1.0
2025-05-24 22:00,15.3,15.3,15.3,1,1.0
2025-05-24 23:00,14.74,14.74,14.74,1,1.0
2025-05-25 00:00,14.22,14.22,14.22,1,1.0
2025-05-25 01:00,13.81,13.81,13.81,1,1.0
2025-05-25 02:00,13.45,13.45,13.45,1,1.0
2025-05-25 03:00,13.19,13.19,13.19,1,1.0
2025-05-25 04:00,12.95,12.95,12.95,1,1.0
2025-05-25 05:00,12.92,12.92,12.92,1,1.0
2025-05-25 06:00,13.4,13.4,13.4,1,1.0
2025-05-25 07:00,14.49,14.49,14.49,1,1.0
2025-05-25 08:00,15.95,15.95,15.95,1,1.0
2025-05-25 09:00,17.03,17.03,17.03,1,1.0
2025-05-25 10:00,18.01,18.01,18.01,1,1.0
2025-05-25 11:00,18.87,18.87,18.87,1,1.0
2025-05-25 12:00,19.6,19.6,19.6,1,1.0
2025-05-25 13:00,20.15,20.15,20.15,1,1.0
2025-05-25 14:00,20.51,20.51,20.51,1,1.0
2025-05-25 15:00,20.49,20.49,20.49,1,1.0
2025-05-25 16:00,20.16,20.16,20.16,1,1.0
2025-05-25 17:00,19.63,19.63,19.63,1,1.0
2025-05-25 18:00,19.04,19.04,19.04,1,1.0
2025-05-25 19:00,18.14,18.14,18.14,1,1.0
2025-05-25 20:00,16.9,16.9,16.9,1,1.0
2025-05-25 21:00,16.26,16.26,16.26,1,1.0
2025-05-25 22:00,15.43,15.43,15.43,1,1.0
2025-05-25 23:00,13.88,13.88,13.88,1,1.0
2025-05-26 00:00,13.13,13.13,13.13,1,1.0
2025-05-26 01:00,12.75,12.75,12.75,1,1.0
2025-05-26 02:00,12.29,12.29,12.29,1,1.0
2025-05-26 03:00,11.69,11.69,11.69,1,1.0
2025-05-26 04:00,11.33,11.33,11.33,1,1.0
2025-05-26 05:00,11.08,11.08,11.08,1,1.0
2025-05-26 06:00,12.82,12.82,12.82,1,1.0
2025-05-26 07:00,16.07,16.07,16.07,1,1.0
2025-05-26 08:00,17.99,17.99,17.99,1,1.0
2025-05-26 09:00,19.27,19.27,19.27,1,1.0
2025-05-26 10:00,20.2,20.2,20.2,1,1.0
2025-05-26 11:00,20.86,20.86,20.86,1,1.0
2025-05-26 12:00,21.08,21.08,21.08,1,1.0
2025-05-26 13:00,20.97,20.97,20.97,1,1.0
2025-05-26 14:00,20.72,20.72,20.72,1,1.0
2025-05-26 15:00,20.38,20.38,20.38,1,1.0
2025-05-26 16:00,20.07,20.07,20.07,1,1.0
2025-05-26 17:00,19.59,19.59,19.59,1,1.0
2025-05-26 18:00,19.02,19.02,19.02,1,1.0
2025-05-26 19:00,18.2,18.2,18.2,1,1.0
2025-05-26 20:00,17.33,17.33,17.33,1,1.0
2025-05-26 21:00,16.18,16.18,16.18,1,1.0
2025-05-26 22:00,15.85,15.85,15.85,1,1.0
2025-05-26 23:00,15.65,15.65,15.65,1,1.0
2025-05-27 00:00,16.09,16.09,16.09,1,1.0
2025-05-27 01:00,16.17,16.17,16.17,1,1.0
2025-05-27 02:00,15.87,15.87,15.87,1,1.0
2025-05-27 03:00,15.25,15.25,15.25,1,1.0
2025-05-27 04:00,14.46,14.46,14.46,1,1.0
2025-05-27 05:00,13.87,13.87,13.87,1,1.0
2025-05-27 06:00,14.78,14.78,14.78,1,1.0
2025-05-27 07:00,15.77,15.77,15.77,1,1.0
2025-05-27 08:00,17.05,17.05,17.05,1,1.0
2025-05-27 09:00,18.06,18.06,18.06,1,1.0
2025-05-27 10:00,18.87,18.87,18.87,1,1.0
2025-05-27 11:00,19.38,19.38,19.38,1,1.0
2025-05-27 12:00,19.61,19.61,19.61,1,1.0
2025-05-27 13:00,19.59,19.59,19.59,1,1.0
2025-05-27 14:00,19.74,19.74,19.74,1,1.0
2025-05-27 15:00,19.92,19.92,19.92,1,1.0
2025-05-27 16:00,19.77,19.77,19.77,1,1.0
2025-05-27 17:00,19.59,19.59,19.59,1,1.0
2025-05-27 18:00,19.15,19.15,19.15,1,1.0
2025-05-27 19:00,18.71,18.71,18.71,1,1.0
2025-05-27 20:00,17.94,17.94,17.94,1,1.0
2025-05-27 21:00,17.12,17.12,17.12,1,1.0
2025-05-27 22:00,16.36,16.36,16.36,1,1.0
2025-05-27 23:00,15.74,15.74,15.74,1,1.0
2025-05-28 00:00,15.4,15.4,15.4,1,1.0
2025-05-28 01:00,14.77,14.77,14.77,1,1.0
2025-05-28 02:00,14.28,14.28,14.28,1,1.0
2025-05-28 03:00,14.22,14.22,14.22,1,1.0
2025-05-28 04:00,14.63,14.63,14.63,1,1.0
2025-05-28 05:00,14.88,14.88,14.88,1,1.0
2025-05-28 06:00,15.8,15.8,15.8,1,1.0
2025-05-28 07:00,17.72,17.72,17.72,1,1.0
2025-05-28 08:00,19.34,19.34,19.34,1,1.0
2025-05-28 09:00,20.39,20.39,20.39,1,1.0
2025-05-28 10:00,21.27,21.27,21.27,1,1.0
2025-05-28 11:00,21.79,21.79,21.79,1,1.0
2025-05-28 12:00,22.02,22.02,22.02,1,1.0
2025-05-28 13:00,21.88,21.88,21.88,1,1.0
2025-05-28 14:00,21.97,21.97,21.97,1,1.0
2025-05-28 15:00,21.79,21.79,21.79,1,1.0
2025-05-28 16:00,21.42,21.42,21.42,1,1.0
2025-05-28 17:00,20.84,20.84,20.84,1,1.0
2025-05-28 18:00,20.34,20.34,20.34,1,1.0
2025-05-28 19:00,19.67,19.67,19.67,1,1.0
2025-05-28 20:00,19.03,19.03,19.03,1,1.0
2025-05-28 21:00,18.11,18.11,18.11,1,1.0
2025-05-28 22:00,17.39,17.39,17.39,1,1.0
2025-05-28 23:00,16.63,16.63,16.63,1,1.0
2025-05-29 00:00,16.2,16.2,16.2,1,1.0
2025-05-29 01:00,16.2,16.2,16.2,1,1.0
2025-05-29 02:00,16.23,16.23,16.23,1,1.0
2025-05-29 03:00,16.29,16.29,16.29,1,1.0
2025-05-29 04:00,16.34,16.34,16.34,1,1.0
2025-05-29 05:00,16.15,16.15,16.15,1,1.0
2025-05-29 06:00,16.89,16.89,16.89,1,1.0
2025-05-29 07:00,17.21,17.21,17.21,1,1.0
2025-05-29 08:00,17.32,17.32,17.32,1,1.0
2025-05-29 09:00,17.85,17.85,17.85,1,1.0
2025-05-29 10:00,18.91,18.91,18.91,1,1.0
2025-05-29 11:00,20.02,20.02,20.02,1,1.0
2025-05-29 12:00,20.96,20.96,20.96,1,1.0
2025-05-29 13:00,21.6,21.6,21.6,1,1.0
2025-05-29 14:00,21.83,21.83,21.83,1,1.0
2025-05-29 15:00,21.82,21.82,21.82,1,1.0
2025-05-29 16:00,21.97,21.97,21.97,1,1.0
2025-05-29 17:00,21.9,21.9,21.9,1,1.0
2025-05-29 18:00,21.46,21.46,21.46,1,1.0
2025-05-29 19:00,20.59,20.59,20.59,1,1.0
2025-05-29 20:00,20.08,20.08,20.08,1,1.0
2025-05-29 21:00,19.32,19.32,19.32,1,1.0
2025-05-29 22:00,18.6,18.6,18.6,1,1.0
2025-05-29 23:00,17.81,17.81,17.81,1,1.0
2025-05-30 00:00,17.35,17.35,17.35,1,1.0
2025-05-30 01:00,17.12,17.12,17.12,1,1.0
2025-05-30 02:00,16.89,16.89,16.89,1,1.0
2025-05-30 03:00,16.52,16.52,16.52,1,1.0
2025-05-30 04:00,16.16,16.16,16.16,1,1.0
2025-05-30 05:00,15.91,15.91,15.91,1,1.0
2025-05-30 06:00,16.29,16.29,16.29,1,1.0
2025-05-30 07:00,17.64,17.64,17.64,1,1.0
2025-05-30 08:00,19.16,19.16,19.16,1,1.0
2025-05-30 09:00,20.38,20.38,20.38,1,1.0
2025-05-30 10:00,21.36,21.36,21.36,1,1.0
2025-05-30 11:00,21.9,21.9,21.9,1,1.0
2025-05-30 12:00,22.34,22.34,22.34,1,1.0
2025-05-30 13:00,22.64,22.64,22.64,1,1.0
2025-05-30 14:00,22.78,22.78,22.78,1,1.0
2025-05-30 15:00,22.74,22.74,22.74,1,1.0
2025-05-30 16:00,22.52,22.52,22.52,1,1.0
2025-05-30 17:00,22.05,22.05,22.05,1,1.0
2025-05-30 18:00,21.42,21.42,21.42,1,1.0
2025-05-30 19:00,20.5,20.5,20.5,1,1.0
2025-05-30 20:00,19.86,19.86,19.86,1,1.0
2025-05-30 21:00,19.24,19.24,19.24,1,1.0
2025-05-30 22:00,18.67,18.67,18.67,1,1.0
2025-05-30 23:00,18.05,18.05,18.05,1,1.0
2025-05-31 00:00,17.42,17.42,17.42,1,1.0
2025-05-31 01:00,16.84,16.84,16.84,1,1.0
2025-05-31 02:00,16.35,16.35,16.35,1,1.0
2025-05-31 03:00,15.99,15.99,15.99,1,1.0
2025-05-31 04:00,15.65,15.65,15.65,1,1.0
2025-05-31 05:00,15.41,15.41,15.41,1,1.0
2025-05-31 06:00,16.19,16.19,16.19,1,1.0
2025-05-31 07:00,18.11,18.11,18.11,1,1.0
2025-05-31 08:00,19.67,19.67,19.67,1,1.0
2025-05-31 09:00,21.06,21.06,21.06,1,1.0
2025-05-31 10:00,22.42,22.42,22.42,1,1.0
2025-05-31 11:00,22.95,22.95,22.95,1,1.0
2025-05-31 12:00,23.18,23.18,23.18,1,1.0
2025-05-31 13:00,23.62,23.62,23.62,1,1.0
2025-05-31 14:00,23.78,23.78,23.78,1,1.0
2025-05-31 15:00,24.02,24.02,24.02,1,1.0
2025-05-31 16:00,23.98,23.98,23.98,1,1.0
2025-05-31 17:00,23.64,23.64,23.64,1,1.0
2025-05-31 18:00,23.03,23.03,23.03,1,1.0
2025-05-31 19:00,22.21,22.21,22.21,1,1.0
2025-05-31 20:00,21.31,21.31,21.31,1,1.0
2025-05-31 21:00,20.71,20.71,20.71,1,1.0
2025-05-31 22:00,20.0,20.0,20.0,1,1.0
2025-05-31 23:00,19.23,19.23,19.23,1,1.0
2025-06-01 00:00,18.5,18.5,18.5,1,1.0
2025-06-01 01:00,17.96,17.96,17.96,1,1.0
2025-06-01 02:00,17.18,17.18,17.18,1,1.0
2025-06-01 03:00,16.68,16.68,16.68,1,1.0
2025-06-01 04:00,16.33,16.33,16.33,1,1.0
2025-06-01 05:00,16.23,16.23,16.23,1,1.0
2025-06-01 06:00,16.74,16.74,16.74,1,1.0
2025-06-01 07:00,19.21,19.21,19.21,1,1.0
2025-06-01 08:00,20.35,20.35,20.35,1,1.0
2025-06-01 09:00,21.09,21.09,21.09,1,1.0
2025-06-01 10:00,21.77,21.77,21.77,1,1.0
2025-06-01 11:00,22.29,22.29,22.29,1,1.0
2025-06-01 12:00,22.61,22.61,22.61,1,1.0
2025-06-01 13:00,22.71,22.71,22.71,1,1.0
2025-06-01 14:00,22.66,22.66,22.66,1,1.0
2025-06-01 15:00,22.41,22.41,22.41,1,1.0
2025-06-01 16:00,22.03,22.03,22.03,1,1.0
2025-06-01 17:00,21.46,21.46,21.46,1,1.0
2025-06-01 18:00,20.91,20.91,20.91,1,1.0
2025-06-01 19:00,20.19,20.19,20.19,1,1.0
2025-06-01 20:00,19.13,19.13,19.13,1,1.0
2025-06-01 21:00,18.22,18.22,18.22,1,1.0
2025-06-01 22:00,17.69,17.69,17.69,1,1.0
2025-06-01 23:00,17.31,17.31,17.31,1,1.0
2025-06-02 00:00,17.39,17.39,17.39,1,1.0
2025-06-02 01:00,16.02,16.02,16.02,1,1.0
2025-06-02 02:00,15.37,15.37,15.37,1,1.0
2025-06-02 03:00,15.61,15.61,15.61,1,1.0
2025-06-02 04:00,15.67,15.67,15.67,1,1.0
2025-06-02 05:00,16.04,16.04,16.04,1,1.0
2025-06-02 06:00,16.46,16.46,16.46,1,1.0
2025-06-02 07:00,17.71,17.71,17.71,1,1.0
2025-06-02 08:00,19.33,19.33,19.33,1,1.0
2025-06-02 09:00,20.59,20.59,20.59,1,1.0
2025-06-02 10:00,21.49,21.49,21.49,1,1.0
2025-06-02 11:00,22.22,22.22,22.22,1,1.0
2025-06-02 12:00,22.72,22.72,22.72,1,1.0
2025-06-02 13:00,22.97,22.97,22.97,1,1.0
2025-06-02 14:00,23.01,23.01,23.01,1,1.0
2025-06-02 15:00,22.87,22.87,22.87,1,1.0
2025-06-02 16:00,22.62,22.62,22.62,1,1.0
2025-06-02 17:00,22.2,22.2,22.2,1,1.0
2025-06-02 18:00,21.68,21.68,21.68,1,1.0
2025-06-02 19:00,20.91,20.91,20.91,1,1.0
2025-06-02 20:00,19.86,19.86,19.86,1,1.0
2025-06-02 21:00,19.48,19.48,19.48,1,1.0
2025-06-02 22:00,19.66,19.66,19.66,1,1.0
2025-06-02 23:00,19.35,19.35,19.35,1,1.0
2025-06-03 00:00,19.03,19.03,19.03,1,1.0
2025-06-03 01:00,18.74,18.74,18.74,1,1.0
2025-06-03 02:00,18.66,18.66,18.66,1,1.0
2025-06-03 03:00,18.45,18.45,18.45,1,1.0
2025-06-03 04:00,18.06,18.06,18.06,1,1.0
2025-06-03 05:00,17.44,17.44,17.44,1,1.0
2025-06-03 06:00,17.58,17.58,17.58,1,1.0
2025-06-03 07:00,19.6,19.6,19.6,1,1.0
2025-06-03 08:00,20.82,20.82,20.82,1,1.0
2025-06-03 09:00,21.92,21.92,21.92,1,1.0
2025-06-03 10:00,22.8,22.8,22.8,1,1.0
2025-06-03 11:00,23.54,23.54,23.54,1,1.0
2025-06-03 12:00,24.06,24.06,24.06,1,1.0
2025-06-03 13:00,24.41,24.41,24.41,1,1.0
2025-06-03 14:00,24.56,24.56,24.56,1,1.0
2025-06-03 15:00,24.51,24.51,24.51,1,1.0
2025-06-03 16:00,24.22,24.22,24.22,1,1.0
2025-06-03 17:00,23.71,23.71,23.71,1,1.0
2025-06-03 18:00,23.03,23.03,23.03,1,1.0
2025-06-03 19:00,22.13,22.13,22.13,1,1.0
2025-06-03 20:00,21.23,21.23,21.23,1,1.0
2025-06-03 21:00,21.11,21.11,21.11,1,1.0
2025-06-03 22:00,21.27,21.27,21.27,1,1.0
2025-06-03 23:00,20.41,20.41,20.41,1,1.0
2025-06-04 00:00,18.73,18.73,18.73,1,1.0
2025-06-04 01:00,17.7,17.7,17.7,1,1.0
2025-06-04 02:00,17.2,17.2,17.2,1,1.0
2025-06-04 03:00,17.1,17.1,17.1,1,1.0
2025-06-04 04:00,17.23,17.23,17.23,1,1.0
2025-06-04 05:00,17.01,17.01,17.01,1,1.0
2025-06-04 06:00,17.45,17.45,17.45,1,1.0
2025-06-04 07:00,21.07,21.07,21.07,1,1.0
2025-06-04 08:00,23.02,23.02,23.02,1,1.0
2025-06-04 09:00,24.19,24.19,24.19,1,1.0
2025-06-04 10:00,24.86,24.86,24.86,1,1.0
2025-06-04 11:00,25.21,25.21,25.21,1,1.0
2025-06-04 12:00,25.53,25.53,25.53,1,1.0
2025-06-04 13:00,25.59,25.59,25.59,1,1.0
2025-06-04 14:00,25.62,25.62,25.62,1,1.0
2025-06-04 15:00,25.43,25.43,25.43,1,1.0
2025-06-04 16:00,25.11,25.11,25.11,1,1.0
2025-06-04 17:00,24.71,24.71,24.71,1,1.0
2025-06-04 18:00,24.14,24.14,24.14,1,1.0
2025-06-04 19:00,23.46,23.46,23.46,1,1.0
2025-06-04 20:00,22.59,22.59,22.59,1,1.0
2025-06-04 21:00,22.51,22.51,22.51,1,1.0
2025-06-04 22:00,22.13,22.13,22.13,1,1.0
2025-06-04 23:00,21.65,21.65,21.65,1,1.0
2025-06-05 00:00,21.43,21.43,21.43,1,1.0
2025-06-05 01:00,20.22,20.22,20.22,1,1.0
2025-06-05 02:00,18.8,18.8,18.8,1,1.0
2025-06-05 03:00,18.35,18.35,18.35,1,1.0
2025-06-05 04:00,19.18,19.18,19.18,1,1.0
2025-06-05 05:00,18.69,18.69,18.69,1,1.0
2025-06-05 06:00,17.97,17.97,17.97,1,1.0
2025-06-05 07:00,21.29,21.29,21.29,1,1.0
2025-06-05 08:00,22.63,22.63,22.63,1,1.0
2025-06-05 09:00,23.97,23.97,23.97,1,1.0
2025-06-05 10:00,24.93,24.93,24.93,1,1.0
2025-06-05 11:00,25.54,25.54,25.54,1,1.0
2025-06-05 12:00,25.69,25.69,25.69,1,1.0
2025-06-05 13:00,25.63,25.63,25.63,1,1.0
2025-06-05 14:00,25.39,25.39,25.39,1,1.0
2025-06-05 15:00,25.07,25.07,25.07,1,1.0
2025-06-05 16:00,24.74,24.74,24.74,1,1.0
2025-06-05 17:00,24.29,24.29,24.29,1,1.0
2025-06-05 18:00,23.71,23.71,23.71,1,1.0
2025-06-05 19:00,22.91,22.91,22.91,1,1.0
2025-06-05 20:00,22.71,22.71,22.71,1,1.0
2025-06-05 21:00,21.26,21.26,21.26,1,1.0
2025-06-05 22:00,20.83,20.83,20.83,1,1.0
2025-06-05 23:00,22.11,22.11,22.11,1,1.0
2025-06-06 00:00,21.33,21.33,21.33,1,1.0
2025-06-06 01:00,19.99,19.99,19.99,1,1.0
2025-06-06 02:00,20.08,20.08,20.08,1,1.0
2025-06-06 03:00,20.14,20.14,20.14,1,1.0
2025-06-06 04:00,17.87,17.87,17.87,1,1.0
2025-06-06 05:00,17.14,17.14,17.14,1,1.0
2025-06-06 06:00,18.22,18.22,18.22,1,1.0
2025-06-06 07:00,21.81,21.81,21.81,1,1.0
2025-06-06 08:00,23.44,23.44,23.44,1,1.0
2025-06-06 09:00,24.5,24.5,24.5,1,1.0
2025-06-06 10:00,25.1,25.1,25.1,1,1.0
2025-06-06 11:00,25.5,25.5,25.5,1,1.0
2025-06-06 12:00,25.77,25.77,25.77,1,1.0
2025-06-06 13:00,25.93,25.93,25.93,1,1.0
2025-06-06 14:00,25.88,25.88,25.88,1,1.0
2025-06-06 15:00,25.65,25.65,25.65,1,1.0
2025-06-06 16:00,25.29,25.29,25.29,1,1.0
2025-06-06 17:00,24.76,24.76,24.76,1,1.0
2025-06-06 18:00,24.12,24.12,24.12,1,1.0
2025-06-06 19:00,23.2,23.2,23.2,1,1.0
2025-06-06 20:00,22.23,22.23,22.23,1,1.0
2025-06-06 21:00,22.03,22.03,22.03,1,1.0
2025-06-06 22:00,21.37,21.37,21.37,1,1.0
2025-06-06 23:00,20.5,20.5,20.5,1,1.0
2025-06-07 00:00,20.01,20.01,20.01,1,1.0
2025-06-07 01:00,19.9,19.9,19.9,1,1.0
2025-06-07 02:00,20.07,20.07,20.07,1,1.0
2025-06-07 03:00,20.46,20.46,20.46,1,1.0
2025-06-07 04:00,20.77,20.77,20.77,1,1.0
2025-06-07 05:00,20.64,20.64,20.64,1,1.0
2025-06-07 06:00,19.54,19.54,19.54,1,1.0
2025-06-07 07:00,22.11,22.11,22.11,1,1.0
2025-06-07 08:00,23.66,23.66,23.66,1,1.0
2025-06-07 09:00,24.84,24.84,24.84,1,1.0
2025-06-07 10:00,25.67,25.67,25.67,1,1.0
2025-06-07 11:00,26.25,26.25,26.25,1,1.0
2025-06-07 12:00,26.65,26.65,26.65,1,1.0
2025-06-07 13:00,27.04,27.04,27.04,1,1.0
2025-06-07 14:00,27.33,27.33,27.33,1,1.0
2025-06-07 15:00,27.36,27.36,27.36,1,1.0
2025-06-07 16:00,26.91,26.91,26.91,1,1.0
2025-06-07 17:00,26.09,26.09,26.09,1,1.0
2025-06-07 18:00,25.27,25.27,25.27,1,1.0
2025-06-07 19:00,24.75,24.75,24.75,1,1.0
2025-06-07 20:00,24.3,24.3,24.3,1,1.0
2025-06-07 21:00,24.02,24.02,24.02,1,1.0
2025-06-07 22:00,23.13,23.13,23.13,1,1.0
2025-06-07 23:00,21.93,21.93,21.93,1,1.0
2025-06-08 00:00,21.2,21.2,21.2,1,1.0
2025-06-08 01:00,20.52,20.52,20.52,1,1.0
2025-06-08 02:00,19.63,19.63,19.63,1,1.0
2025-06-08 03:00,18.86,18.86,18.86,1,1.0
2025-06-08 04:00,18.6,18.6,18.6,1,1.0
2025-06-08 05:00,18.55,18.55,18.55,1,1.0
2025-06-08 06:00,20.5,20.5,20.5,1,1.0
2025-06-08 07:00,22.97,22.97,22.97,1,1.0
2025-06-08 08:00,24.34,24.34,24.34,1,1.0
2025-06-08 09:00,25.09,25.09,25.09,1,1.0
2025-06-08 10:00,25.46,25.46,25.46,1,1.0
2025-06-08 11:00,25.64,25.64,25.64,1,1.0
2025-06-08 12:00,25.77,25.77,25.77,1,1.0
2025-06-08 13:00,25.77,25.77,25.77,1,1.0
2025-06-08 14:00,25.61,25.61,25.61,1,1.0
2025-06-08 15:00,25.34,25.34,25.34,1,1.0
2025-06-08 16:00,24.89,24.89,24.89,1,1.0
2025-06-08 17:00,24.3,24.3,24.3,1,1.0
2025-06-08 18:00,23.57,23.57,23.57,1,1.0
2025-06-08 19:00,22.74,22.74,22.74,1,1.0
2025-06-08 20:00,21.72,21.72,21.72,1,1.0
2025-06-08 21:00,21.06,21.06,21.06,1,1.0
2025-06-08 22:00,20.75,20.75,20.75,1,1.0
2025-06-08 23:00,20.29,20.29,20.29,1,1.0
2025-06-09 00:00,19.77,19.77,19.77,1,1.0
2025-06-09 01:00,19.94,19.94,19.94,1,1.0
2025-06-09 02:00,20.19,20.19,20.19,1,1.0
2025-06-09 03:00,19.89,19.89,19.89,1,1.0
2025-06-09 04:00,19.07,19.07,19.07,1,1.0
2025-06-09 05:00,18.41,18.41,18.41,1,1.0
2025-06-09 06:00,19.09,19.09,19.09,1,1.0
2025-06-09 07:00,19.88,19.88,19.88,1,1.0
2025-06-09 08:00,21.86,21.86,21.86,1,1.0
2025-06-09 09:00,23.62,23.62,23.62,1,1.0
2025-06-09 10:00,25.24,25.24,25.24,1,1.0
2025-06-09 11:00,26.32,26.32,26.32,1,1.0
2025-06-09 12:00,26.81,26.81,26.81,1,1.0
2025-06-09 13:00,26.93,26.93,26.93,1,1.0
2025-06-09 14:00,26.92,26.92,26.92,1,1.0
2025-06-09 15:00,26.51,26.51,26.51,1,1.0
2025-06-09 16:00,26.32,26.32,26.32,1,1.0
2025-06-09 17:00,26.04,26.04,26.04,1,1.0
2025-06-09 18:00,25.54,25.54,25.54,1,1.0
2025-06-09 19:00,24.88,24.88,24.88,1,1.0
2025-06-09 20:00,23.82,23.82,23.82,1,1.0
2025-06-09 21:00,23.42,23.42,23.42,1,1.0
2025-06-09 22:00,22.99,22.99,22.99,1,1.0
2025-06-09 23:00,22.37,22.37,22.37,1,1.0
2025-06-10 00:00,21.65,21.65,21.65,1,1.0
2025-06-10 01:00,21.04,21.04,21.04,1,1.0
2025-06-10 02:00,20.52,20.52,20.52,1,1.0
2025-06-10 03:00,20.38,20.38,20.38,1,1.0
2025-06-10 04:00,20.11,20.11,20.11,1,1.0
2025-06-10 05:00,19.74,19.74,19.74,1,1.0
2025-06-10 06:00,20.86,20.86,20.86,1,1.0
2025-06-10 07:00,23.36,23.36,23.36,1,1.0
2025-06-10 08:00,25.27,25.27,25.27,1,1.0
2025-06-10 09:00,26.46,26.46,26.46,1,1.0
2025-06-10 10:00,27.37,27.37,27.37,1,1.0
2025-06-10 11:00,27.8,27.8,27.8,1,1.0
2025-06-10 12:00,28.02,28.02,28.02,1,1.0
2025-06-10 13:00,27.75,27.75,27.75,1,1.0
2025-06-10 14:00,27.51,27.51,27.51,1,1.0
2025-06-10 15:00,27.3,27.3,27.3,1,1.0
2025-06-10 16:00,26.79,26.79,26.79,1,1.0
2025-06-10 17:00,26.39,26.39,26.39,1,1.0
2025-06-10 18:00,25.75,25.75,25.75,1,1.0
2025-06-10 19:00,24.9,24.9,24.9,1,1.0
2025-06-10 20:00,23.91,23.91,23.91,1,1.0
2025-06-10 21:00,23.56,23.56,23.56,1,1.0
2025-06-10 22:00,23.63,23.63,23.63,1,1.0
2025-06-10 23:00,23.26,23.26,23.26,1,1.0
2025-06-11 00:00,22.87,22.87,22.87,1,1.0
2025-06-11 01:00,22.39,22.39,22.39,1,1.0
2025-06-11 02:00,21.95,21.95,21.95,1,1.0
2025-06-11 03:00,21.93,21.93,21.93,1,1.0
2025-06-11 04:00,21.68,21.68,21.68,1,1.0
2025-06-11 05:00,21.48,21.48,21.48,1,1.0
2025-06-11 06:00,20.9,20.9,20.9,1,1.0
2025-06-11 07:00,23.03,23.03,23.03,1,1.0
2025-06-11 08:00,24.48,24.48,24.48,1,1.0
2025-06-11 09:00,25.7,25.7,25.7,1,1.0
2025-06-11 10:00,26.58,26.58,26.58,1,1.0
2025-06-11 11:00,27.22,27.22,27.22,1,1.0
2025-06-11 12:00,27.5,27.5,27.5,1,1.0
2025-06-11 13:00,27.52,27.52,27.52,1,1.0
2025-06-11 14:00,27.38,27.38,27.38,1,1.0
2025-06-11 15:00,27.11,27.11,27.11,1,1.0
2025-06-11 16:00,26.76,26.76,26.76,1,1.0
2025-06-11 17:00,26.48,26.48,26.48,1,1.0
2025-06-11 18:00,25.9,25.9,25.9,1,1.0
2025-06-11 19:00,25.05,25.05,25.05,1,1.0
2025-06-11 20:00,23.91,23.91,23.91,1,1.0
2025-06-11 21:00,23.27,23.27,23.27,1,1.0
2025-06-11 22:00,23.3,23.3,23.3,1,1.0
2025-06-11 23:00,23.06,23.06,23.06,1,1.0
2025-06-12 00:00,22.88,22.88,22.88,1,1.0
2025-06-12 01:00,22.8,22.8,22.8,1,1.0
2025-06-12 02:00,22.54,22.54,22.54,1,1.0
2025-06-12 03:00,22.14,22.14,22.14,1,1.0
2025-06-12 04:00,21.93,21.93,21.93,1,1.0
2025-06-12 05:00,21.95,21.95,21.95,1,1.0
2025-06-12 06:00,21.45,21.45,21.45,1,1.0
2025-06-12 07:00,23.56,23.56,23.56,1,1.0
2025-06-12 08:00,25.1,25.1,25.1,1,1.0
2025-06-12 09:00,26.4,26.4,26.4,1,1.0
2025-06-12 10:00,27.36,27.36,27.36,1,1.0
2025-06-12 11:00,28.02,28.02,28.02,1,1.0
2025-06-12 12:00,28.4,28.4,28.4,1,1.0
2025-06-12 13:00,28.54,28.54,28.54,1,1.0
2025-06-12 14:00,28.46,28.46,28.46,1,1.0
2025-06-12 15:00,28.2,28.2,28.2,1,1.0
2025-06-12 16:00,27.87,27.87,27.87,1,1.0
2025-06-12 17:00,27.25,27.25,27.25,1,1.0
2025-06-12 18:00,26.76,26.76,26.76,1,1.0
2025-06-12 19:00,26.05,26.05,26.05,1,1.0
2025-06-12 20:00,24.83,24.83,24.83,1,1.0
2025-06-12 21:00,24.33,24.33,24.33,1,1.0
2025-06-12 22:00,23.68,23.68,23.68,1,1.0
2025-06-12 23:00,23.22,23.22,23.22,1,1.0
2025-06-13 00:00,22.58,22.58,22.58,1,1.0
2025-06-13 01:00,22.38,22.38,22.38,1,1.0
2025-06-13 02:00,22.33,22.33,22.33,1,1.0
2025-06-13 03:00,22.04,22.04,22.04,1,1.0
2025-06-13 04:00,21.92,21.92,21.92,1,1.0
2025-06-13 05:00,21.31,21.31,21.31,1,1.0
2025-06-13 06:00,21.4,21.4,21.4,1,1.0
2025-06-13 07:00,24.57,24.57,24.57,1,1.0
2025-06-13 08:00,26.13,26.13,26.13,1,1.0
2025-06-13 09:00,27.46,27.46,27.46,1,1.0
2025-06-13 10:00,28.21,28.21,28.21,1,1.0
2025-06-13 11:00,28.83,28.83,28.83,1,1.0
2025-06-13 12:00,29.35,29.35,29.35,1,1.0
2025-06-13 13:00,29.71,29.71,29.71,1,1.0
2025-06-13 14:00,29.88,29.88,29.88,1,1.0
2025-06-13 15:00,29.82,29.82,29.82,1,1.0
2025-06-13 16:00,29.54,29.54,29.54,1,1.0
2025-06-13 17:00,29.02,29.02,29.02,1,1.0
2025-06-13 18:00,28.37,28.37,28.37,1,1.0
2025-06-13 19:00,27.56,27.56,27.56,1,1.0
2025-06-13 20:00,25.9,25.9,25.9,1,1.0
2025-06-13 21:00,24.97,24.97,24.97,1,1.0
2025-06-13 22:00,24.33,24.33,24.33,1,1.0
2025-06-13 23:00,23.27,23.27,23.27,1,1.0
2025-06-14 00:00,22.44,22.44,22.44,1,1.0
2025-06-14 01:00,21.88,21.88,21.88,1,1.0
2025-06-14 02:00,21.35,21.35,21.35,1,1.0
2025-06-14 03:00,20.92,20.92,20.92,1,1.0
2025-06-14 04:00,20.54,20.54,20.54,1,1.0
2025-06-14 05:00,19.77,19.77,19.77,1,1.0
2025-06-14 06:00,20.69,20.69,20.69,1,1.0
2025-06-14 07:00,24.3,24.3,24.3,1,1.0
2025-06-14 08:00,26.09,26.09,26.09,1,1.0
2025-06-14 09:00,27.31,27.31,27.31,1,1.0
2025-06-14 10:00,28.11,28.11,28.11,1,1.0
2025-06-14 11:00,28.63,28.63,28.63,1,1.0
2025-06-14 12:00,28.93,28.93,28.93,1,1.0
2025-06-14 13:00,29.2,29.2,29.2,1,1.0
2025-06-14 14:00,29.24,29.24,29.24,1,1.0
2025-06-14 15:00,28.83,28.83,28.83,1,1.0
2025-06-14 16:00,28.28,28.28,28.28,1,1.0
2025-06-14 17:00,27.67,27.67,27.67,1,1.0
2025-06-14 18:00,26.95,26.95,26.95,1,1.0
2025-06-14 19:00,26.15,26.15,26.15,1,1.0
2025-06-14 20:00,24.92,24.92,24.92,1,1.0
2025-06-14 21:00,24.65,24.65,24.65,1,1.0
2025-06-14 22:00,24.35,24.35,24.35,1,1.0
2025-06-14 23:00,23.51,23.51,23.51,1,1.0
2025-06-15 00:00,22.67,22.67,22.67,1,1.0
2025-06-15 01:00,23.63,23.63,23.63,1,1.0
2025-06-15 02:00,23.72,23.72,23.72,1,1.0
2025-06-15 03:00,23.44,23.44,23.44,1,1.0
2025-06-15 04:00,23.17,23.17,23.17,1,1.0
2025-06-15 05:00,22.92,22.92,22.92,1,1.0
2025-06-15 06:00,22.97,22.97,22.97,1,1.0
2025-06-15 07:00,24.07,24.07,24.07,1,1.0
2025-06-15 08:00,25.41,25.41,25.41,1,1.0
2025-06-15 09:00,26.69,26.69,26.69,1,1.0
2025-06-15 10:00,27.7,27.7,27.7,1,1.0
2025-06-15 11:00,28.39,28.39,28.39,1,1.0
2025-06-15 12:00,28.72,28.72,28.72,1,1.0
2025-06-15 13:00,28.84,28.84,28.84,1,1.0
2025-06-15 14:00,28.57,28.57,28.57,1,1.0
2025-06-15 15:00,27.9,27.9,27.9,1,1.0
2025-06-15 16:00,26.97,26.97,26.97,1,1.0
2025-06-15 17:00,26.44,26.44,26.44,1,1.0
2025-06-15 18:00,25.84,25.84,25.84,1,1.0
2025-06-15 19:00,25.21,25.21,25.21,1,1.0
2025-06-15 20:00,24.26,24.26,24.26,1,1.0
2025-06-15 21:00,23.49,23.49,23.49,1,1.0
2025-06-15 22:00,23.07,23.07,23.07,1,1.0
2025-06-15 23:00,23.29,23.29,23.29,1,1.0
2025-06-16 00:00,21.95,21.95,21.95,1,1.0
2025-06-16 01:00,22.41,22.41,22.41,1,1.0
2025-06-16 02:00,21.03,21.03,21.03,1,1.0
2025-06-16 03:00,20.96,20.96,20.96,1,1.0
2025-06-16 04:00,21.0,21.0,21.0,1,1.0
2025-06-16 05:00,21.22,21.22,21.22,1,1.0
2025-06-16 06:00,21.5,21.5,21.5,1,1.0
2025-06-16 07:00,22.36,22.36,22.36,1,1.0
2025-06-16 08:00,24.06,24.06,24.06,1,1.0
2025-06-16 09:00,25.57,25.57,25.57,1,1.0
2025-06-16 10:00,26.29,26.29,26.29,1,1.0
2025-06-16 11:00,27.09,27.09,27.09,1,1.0
2025-06-16 12:00,27.76,27.76,27.76,1,1.0
2025-06-16 13:00,28.01,28.01,28.01,1,1.0
2025-06-16 14:00,28.0,28.0,28.0,1,1.0
2025-06-16 15:00,27.72,27.72,27.72,1,1.0
2025-06-16 16:00,27.13,27.13,27.13,1,1.0
2025-06-16 17:00,26.81,26.81,26.81,1,1.0
2025-06-16 18:00,26.31,26.31,26.31,1,1.0
2025-06-16 19:00,25.71,25.71,25.71,1,1.0
2025-06-16 20:00,24.47,24.47,24.47,1,1.0
2025-06-16 21:00,23.79,23.79,23.79,1,1.0
2025-06-16 22:00,23.55,23.55,23.55,1,1.0
2025-06-16 23:00,23.15,23.15,23.15,1,1.0
2025-06-17 00:00,22.63,22.63,22.63,1,1.0
2025-06-17 01:00,22.49,22.49,22.49,1,1.0
2025-06-17 02:00,22.44,22.44,22.44,1,1.0
2025-06-17 03:00,22.34,22.34,22.34,1,1.0
2025-06-17 04:00,21.35,21.35,21.35,1,1.0
2025-06-17 05:00,20.18,20.18,20.18,1,1.0
2025-06-17 06:00,21.53,21.53,21.53,1,1.0
2025-06-17 07:00,22.35,22.35,22.35,1,1.0
2025-06-17 08:00,25.44,25.44,25.44,1,1.0
2025-06-17 09:00,26.55,26.55,26.55,1,1.0
2025-06-17 10:00,27.4,27.4,27.4,1,1.0
2025-06-17 11:00,28.0,28.0,28.0,1,1.0
2025-06-17 12:00,28.26,28.26,28.26,1,1.0
2025-06-17 13:00,27.9,27.9,27.9,1,1.0
2025-06-17 14:00,27.8,27.8,27.8,1,1.0
2025-06-17 15:00,27.92,27.92,27.92,1,1.0
2025-06-17 16:00,27.69,27.69,27.69,1,1.0
2025-06-17 17:00,26.84,26.84,26.84,1,1.0
2025-06-17 18:00,26.81,26.81,26.81,1,1.0
2025-06-17 19:00,26.66,26.66,26.66,1,1.0
2025-06-17 20:00,25.63,25.63,25.63,1,1.0
2025-06-17 21:00,24.92,24.92,24.92,1,1.0
2025-06-17 22:00,23.88,23.88,23.88,1,1.0
2025-06-17 23:00,23.97,23.97,23.97,1,1.0
2025-06-18 00:00,23.85,23.85,23.85,1,1.0
2025-06-18 01:00,23.34,23.34,23.34,1,1.0
2025-06-18 02:00,22.91,22.91,22.91,1,1.0
2025-06-18 03:00,22.49,22.49,22.49,1,1.0
2025-06-18 04:00,22.09,22.09,22.09,1,1.0
2025-06-18 05:00,21.82,21.82,21.82,1,1.0
2025-06-18 06:00,22.05,22.05,22.05,1,1.0
2025-06-18 07:00,22.95,22.95,22.95,1,1.0
2025-06-18 08:00,22.84,22.84,22.84,1,1.0
2025-06-18 09:00,23.68,23.68,23.68,1,1.0
2025-06-18 10:00,24.7,24.7,24.7,1,1.0
2025-06-18 11:00,25.86,25.86,25.86,1,1.0
2025-06-18 12:00,27.15,27.15,27.15,1,1.0
2025-06-18 13:00,27.92,27.92,27.92,1,1.0
2025-06-18 14:00,28.46,28.46,28.46,1,1.0
2025-06-18 15:00,28.4,28.4,28.4,1,1.0
2025-06-18 16:00,28.16,28.16,28.16,1,1.0
2025-06-18 17:00,26.57,26.57,26.57,1,1.0
2025-06-18 18:00,25.36,25.36,25.36,1,1.0
2025-06-18 19:00,24.76,24.76,24.76,1,1.0
2025-06-18 20:00,25.53,25.53,25.53,1,1.0
2025-06-18 21:00,24.96,24.96,24.96,1,1.0
2025-06-18 22:00,24.34,24.34,24.34,1,1.0
2025-06-18 23:00,23.72,23.72,23.72,1,1.0
2025-06-19 00:00,23.16,23.16,23.16,1,1.0
2025-06-19 01:00,22.67,22.67,22.67,1,1.0
2025-06-19 02:00,22.26,22.26,22.26,1,1.0
2025-06-19 03:00,21.9,21.9,21.9,1,1.0
2025-06-19 04:00,21.55,21.55,21.55,1,1.0
2025-06-19 05:00,21.32,21.32,21.32,1,1.0
2025-06-19 06:00,21.84,21.84,21.84,1,1.0
2025-06-19 07:00,23.33,23.33,23.33,1,1.0
2025-06-19 08:00,25.21,25.21,25.21,1,1.0
2025-06-19 09:00,26.63,26.63,26.63,1,1.0
2025-06-19 10:00,27.85,27.85,27.85,1,1.0
2025-06-19 11:00,28.9,28.9,28.9,1,1.0
2025-06-19 12:00,29.52,29.52,29.52,1,1.0
2025-06-19 13:00,29.52,29.52,29.52,1,1.0
2025-06-19 14:00,29.31,29.31,29.31,1,1.0
2025-06-19 15:00,28.8,28.8,28.8,1,1.0
2025-06-19 16:00,27.34,27.34,27.34,1,1.0
2025-06-19 17:00,25.61,25.61,25.61,1,1.0
2025-06-19 18:00,24.82,24.82,24.82,1,1.0
2025-06-19 19:00,24.58,24.58,24.58,1,1.0
2025-06-19 20:00,24.45,24.45,24.45,1,1.0
2025-06-19 21:00,23.81,23.81,23.81,1,1.0
2025-06-19 22:00,22.94,22.94,22.94,1,1.0
2025-06-19 23:00,22.37,22.37,22.37,1,1.0
2025-06-20 00:00,22.02,22.02,22.02,1,1.0
2025-06-20 01:00,21.66,21.66,21.66,1,1.0
2025-06-20 02:00,21.21,21.21,21.21,1,1.0
2025-06-20 03:00,20.65,20.65,20.65,1,1.0
2025-06-20 04:00,19.98,19.98,19.98,1,1.0
2025-06-20 05:00,19.67,19.67,19.67,1,1.0
2025-06-20 06:00,21.31,21.31,21.31,1,1.0
2025-06-20 07:00,23.75,23.75,23.75,1,1.0
2025-06-20 08:00,25.51,25.51,25.51,1,1.0
2025-06-20 09:00,26.81,26.81,26.81,1,1.0
2025-06-20 10:00,27.66,27.66,27.66,1,1.0
2025-06-20 11:00,28.13,28.13,28.13,1,1.0
2025-06-20 12:00,28.41,28.41,28.41,1,1.0
2025-06-20 13:00,28.59,28.59,28.59,1,1.0
2025-06-20 14:00,28.65,28.65,28.65,1,1.0
2025-06-20 15:00,28.18,28.18,28.18,1,1.0
2025-06-20 16:00,27.64,27.64,27.64,1,1.0
2025-06-20 17:00,26.9,26.9,26.9,1,1.0
2025-06-20 18:00,26.94,26.94,26.94,1,1.0
2025-06-20 19:00,26.43,26.43,26.43,1,1.0
2025-06-20 20:00,24.57,24.57,24.57,1,1.0
2025-06-20 21:00,23.8,23.8,23.8,1,1.0
2025-06-20 22:00,23.2,23.2,23.2,1,1.0
2025-06-20 23:00,22.52,22.52,22.52,1,1.0
2025-06-21 00:00,22.2,22.2,22.2,1,1.0
2025-06-21 01:00,22.09,22.09,22.09,1,1.0
2025-06-21 02:00,22.07,22.07,22.07,1,1.0
2025-06-21 03:00,22.34,22.34,22.34,1,1.0
2025-06-21 04:00,22.11,22.11,22.11,1,1.0
2025-06-21 05:00,21.94,21.94,21.94,1,1.0
2025-06-21 06:00,22.5,22.5,22.5,1,1.0
2025-06-21 07:00,24.27,24.27,24.27,1,1.0
2025-06-21 08:00,26.02,26.02,26.02,1,1.0
2025-06-21 09:00,27.35,27.35,27.35,1,1.0
2025-06-21 10:00,28.51,28.51,28.51,1,1.0
2025-06-21 11:00,29.42,29.42,29.42,1,1.0
2025-06-21 12:00,29.69,29.69,29.69,1,1.0
2025-06-21 13:00,29.86,29.86,29.86,1,1.0
2025-06-21 14:00,30.13,30.13,30.13,1,1.0
2025-06-21 15:00,29.95,29.95,29.95,1,1.0
2025-06-21 16:00,29.58,29.58,29.58,1,1.0
2025-06-21 17:00,29.06,29.06,29.06,1,1.0
2025-06-21 18:00,28.61,28.61,28.61,1,1.0
2025-06-21 19:00,27.9,27.9,27.9,1,1.0
2025-06-21 20:00,27.25,27.25,27.25,1,1.0
2025-06-21 21:00,26.52,26.52,26.52,1,1.0
2025-06-21 22:00,25.84,25.84,25.84,1,1.0
2025-06-21 23:00,25.07,25.07,25.07,1,1.0
2025-06-22 00:00,24.26,24.26,24.26,1,1.0
2025-06-22 01:00,23.58,23.58,23.58,1,1.0
2025-06-22 02:00,22.99,22.99,22.99,1,1.0
2025-06-22 03:00,22.48,22.48,22.48,1,1.0
2025-06-22 04:00,22.05,22.05,22.05,1,1.0
2025-06-22 05:00,21.74,21.74,21.74,1,1.0
2025-06-22 06:00,22.14,22.14,22.14,1,1.0
2025-06-22 07:00,23.87,23.87,23.87,1,1.0
2025-06-22 08:00,26.13,26.13,26.13,1,1.0
2025-06-22 09:00,27.49,27.49,27.49,1,1.0
2025-06-22 10:00,28.34,28.34,28.34,1,1.0
2025-06-22 11:00,28.72,28.72,28.72,1,1.0
2025-06-22 12:00,29.01,29.01,29.01,1,1.0
2025-06-22 13:00,29.14,29.14,29.14,1,1.0
2025-06-22 14:00,29.1,29.1,29.1,1,1.0
2025-06-22 15:00,28.84,28.84,28.84,1,1.0
2025-06-22 16:00,28.1,28.1,28.1,1,1.0
2025-06-22 17:00,27.81,27.81,27.81,1,1.0
2025-06-22 18:00,27.42,27.42,27.42,1,1.0
2025-06-22 19:00,26.79,26.79,26.79,1,1.0
2025-06-22 20:00,25.26,25.26,25.26,1,1.0
2025-06-22 21:00,24.51,24.51,24.51,1,1.0
2025-06-22 22:00,24.17,24.17,24.17,1,1.0
2025-06-22 23:00,23.52,23.52,23.52,1,1.0
2025-06-23 00:00,22.96,22.96,22.96,1,1.0
2025-06-23 01:00,22.49,22.49,22.49,1,1.0
2025-06-23 02:00,21.82,21.82,21.82,1,1.0
2025-06-23 03:00,21.13,21.13,21.13,1,1.0
2025-06-23 04:00,20.43,20.43,20.43,1,1.0
2025-06-23 05:00,20.1,20.1,20.1,1,1.0
2025-06-23 06:00,21.72,21.72,21.72,1,1.0
2025-06-23 07:00,24.2,24.2,24.2,1,1.0
2025-06-23 08:00,25.71,25.71,25.71,1,1.0
2025-06-23 09:00,26.69,26.69,26.69,1,1.0
2025-06-23 10:00,27.35,27.35,27.35,1,1.0
2025-06-23 11:00,27.76,27.76,27.76,1,1.0
2025-06-23 12:00,27.95,27.95,27.95,1,1.0
2025-06-23 13:00,27.99,27.99,27.99,1,1.0
2025-06-23 14:00,27.7,27.7,27.7,1,1.0
2025-06-23 15:00,27.51,27.51,27.51,1,1.0
2025-06-23 16:00,27.3,27.3,27.3,1,1.0
2025-06-23 17:00,26.99,26.99,26.99,1,1.0
2025-06-23 18:00,26.39,26.39,26.39,1,1.0
2025-06-23 19:00,25.63,25.63,25.63,1,1.0
2025-06-23 20:00,24.85,24.85,24.85,1,1.0
2025-06-23 21:00,24.01,24.01,24.01,1,1.0
2025-06-23 22:00,23.51,23.51,23.51,1,1.0
2025-06-23 23:00,23.68,23.68,23.68,1,1.0
2025-06-24 00:00,23.43,23.43,23.43,1,1.0
2025-06-24 01:00,22.94,22.94,22.94,1,1.0
2025-06-24 02:00,22.72,22.72,22.72,1,1.0
2025-06-24 03:00,22.44,22.44,22.44,1,1.0
2025-06-24 04:00,21.02,21.02,21.02,1,1.0
2025-06-24 05:00,20.59,20.59,20.59,1,1.0
2025-06-24 06:00,21.28,21.28,21.28,1,1.0
2025-06-24 07:00,23.39,23.39,23.39,1,1.0
2025-06-24 08:00,24.56,24.56,24.56,1,1.0
2025-06-24 09:00,25.59,25.59,25.59,1,1.0
2025-06-24 10:00,26.49,26.49,26.49,1,1.0
2025-06-24 11:00,27.21,27.21,27.21,1,1.0
2025-06-24 12:00,27.69,27.69,27.69,1,1.0
2025-06-24 13:00,27.84,27.84,27.84,1,1.0
2025-06-24 14:00,27.87,27.87,27.87,1,1.0
2025-06-24 15:00,27.58,27.58,27.58,1,1.0
2025-06-24 16:00,27.43,27.43,27.43,1,1.0
2025-06-24 17:00,27.09,27.09,27.09,1,1.0
2025-06-24 18:00,26.58,26.58,26.58,1,1.0
2025-06-24 19:00,25.88,25.88,25.88,1,1.0
2025-06-24 20:00,25.0,25.0,25.0,1,1.0
2025-06-24 21:00,24.15,24.15,24.15,1,1.0
2025-06-24 22:00,23.48,23.48,23.48,1,1.0
2025-06-24 23:00,22.88,22.88,22.88,1,1.0
2025-06-25 00:00,23.37,23.37,23.37,1,1.0
2025-06-25 01:00,23.22,23.22,23.22,1,1.0
2025-06-25 02:00,22.98,22.98,22.98,1,1.0
2025-06-25 03:00,22.69,22.69,22.69,1,1.0
2025-06-25 04:00,22.43,22.43,22.43,1,1.0
2025-06-25 05:00,22.23,22.23,22.23,1,1.0
2025-06-25 06:00,21.87,21.87,21.87,1,1.0
2025-06-25 07:00,23.77,23.77,23.77,1,1.0
2025-06-25 08:00,25.57,25.57,25.57,1,1.0
2025-06-25 09:00,26.92,26.92,26.92,1,1.0
2025-06-25 10:00,28.08,28.08,28.08,1,1.0
2025-06-25 11:00,28.91,28.91,28.91,1,1.0
2025-06-25 12:00,29.42,29.42,29.42,1,1.0
2025-06-25 13:00,29.46,29.46,29.46,1,1.0
2025-06-25 14:00,29.32,29.32,29.32,1,1.0
2025-06-25 15:00,29.13,29.13,29.13,1,1.0
2025-06-25 16:00,28.86,28.86,28.86,1,1.0
2025-06-25 17:00,28.37,28.37,28.37,1,1.0
2025-06-25 18:00,27.64,27.64,27.64,1,1.0
2025-06-25 19:00,26.72,26.72,26.72,1,1.0
2025-06-25 20:00,25.86,25.86,25.86,1,1.0
2025-06-25 21:00,24.93,24.93,24.93,1,1.0
2025-06-25 22:00,24.76,24.76,24.76,1,1.0
2025-06-25 23:00,24.3,24.3,24.3,1,1.0
2025-06-26 00:00,24.0,24.0,24.0,1,1.0
2025-06-26 01:00,23.46,23.46,23.46,1,1.0
2025-06-26 02:00,22.86,22.86,22.86,1,1.0
2025-06-26 03:00,22.62,22.62,22.62,1,1.0
2025-06-26 04:00,22.25,22.25,22.25,1,1.0
2025-06-26 05:00,21.95,21.95,21.95,1,1.0
2025-06-26 06:00,22.56,22.56,22.56,1,1.0
2025-06-26 07:00,25.6,25.6,25.6,1,1.0
2025-06-26 08:00,27.34,27.34,27.34,1,1.0
2025-06-26 09:00,28.67,28.67,28.67,1,1.0
2025-06-26 10:00,29.56,29.56,29.56,1,1.0
2025-06-26 11:00,30.04,30.04,30.04,1,1.0
2025-06-26 12:00,30.28,30.28,30.28,1,1.0
2025-06-26 13:00,30.37,30.37,30.37,1,1.0
2025-06-26 14:00,30.32,30.32,30.32,1,1.0
2025-06-26 15:00,30.09,30.09,30.09,1,1.0
2025-06-26 16:00,29.74,29.74,29.74,1,1.0
2025-06-26 17:00,29.25,29.25,29.25,1,1.0
2025-06-26 18:00,28.53,28.53,28.53,1,1.0
2025-06-26 19:00,27.62,27.62,27.62,1,1.0
2025-06-26 20:00,26.47,26.47,26.47,1,1.0
2025-06-26 21:00,25.5,25.5,25.5,1,1.0
2025-06-26 22:00,25.28,25.28,25.28,1,1.0
2025-06-26 23:00,24.71,24.71,24.71,1,1.0
2025-06-27 00:00,24.45,24.45,24.45,1,1.0
2025-06-27 01:00,24.74,24.74,24.74,1,1.0
2025-06-27 02:00,24.36,24.36,24.36,1,1.0
2025-06-27 03:00,24.06,24.06,24.06,1,1.0
2025-06-27 04:00,23.81,23.81,23.81,1,1.0
2025-06-27 05:00,23.63,23.63,23.63,1,1.0
2025-06-27 06:00,23.7,23.7,23.7,1,1.0
2025-06-27 07:00,25.02,25.02,25.02,1,1.0
2025-06-27 08:00,26.5,26.5,26.5,1,1.0
2025-06-27 09:00,27.9,27.9,27.9,1,1.0
2025-06-27 10:00,29.03,29.03,29.03,1,1.0
2025-06-27 11:00,29.84,29.84,29.84,1,1.0
2025-06-27 12:00,30.26,30.26,30.26,1,1.0
2025-06-27 13:00,30.35,30.35,30.35,1,1.0
2025-06-27 14:00,30.1,30.1,30.1,1,1.0
2025-06-27 15:00,29.4,29.4,29.4,1,1.0
2025-06-27 16:00,28.91,28.91,28.91,1,1.0
2025-06-27 17:00,28.9,28.9,28.9,1,1.0
2025-06-27 18:00,28.48,28.48,28.48,1,1.0
2025-06-27 19:00,27.66,27.66,27.66,1,1.0
2025-06-27 20:00,26.26,26.26,26.26,1,1.0
2025-06-27 21:00,25.66,25.66,25.66,1,1.0
2025-06-27 22:00,25.02,25.02,25.02,1,1.0
2025-06-27 23:00,24.57,24.57,24.57,1,1.0
2025-06-28 00:00,24.07,24.07,24.07,1,1.0
2025-06-28 01:00,23.86,23.86,23.86,1,1.0
2025-06-28 02:00,23.9,23.9,23.9,1,1.0
2025-06-28 03:00,24.02,24.02,24.02,1,1.0
2025-06-28 04:00,24.33,24.33,24.33,1,1.0
2025-06-28 05:00,24.25,24.25,24.25,1,1.0
2025-06-28 06:00,24.9,24.9,24.9,1,1.0
2025-06-28 07:00,26.18,26.18,26.18,1,1.0
2025-06-28 08:00,27.89,27.89,27.89,1,1.0
2025-06-28 09:00,29.09,29.09,29.09,1,1.0
2025-06-28 10:00,30.23,30.23,30.23,1,1.0
2025-06-28 11:00,31.31,31.31,31.31,1,1.0
2025-06-28 12:00,32.14,32.14,32.14,1,1.0
2025-06-28 13:00,32.75,32.75,32.75,1,1.0
2025-06-28 14:00,33.05,33.05,33.05,1,1.0
2025-06-28 15:00,33.03,33.03,33.03,1,1.0
2025-06-28 16:00,32.67,32.67,32.67,1,1.0
2025-06-28 17:00,31.88,31.88,31.88,1,1.0
2025-06-28 18:00,30.82,30.82,30.82,1,1.0
2025-06-28 19:00,29.6,29.6,29.6,1,1.0
2025-06-28 20:00,28.52,28.52,28.52,1,1.0
2025-06-28 21:00,27.63,27.63,27.63,1,1.0
2025-06-28 22:00,26.94,26.94,26.94,1,1.0
2025-06-28 23:00,26.45,26.45,26.45,1,1.0
2025-06-29 00:00,26.03,26.03,26.03,1,1.0
2025-06-29 01:00,25.57,25.57,25.57,1,1.0
2025-06-29 02:00,25.07,25.07,25.07,1,1.0
2025-06-29 03:00,24.63,24.63,24.63,1,1.0
2025-06-29 04:00,24.31,24.31,24.31,1,1.0
2025-06-29 05:00,24.02,24.02,24.02,1,1.0
2025-06-29 06:00,24.31,24.31,24.31,1,1.0
2025-06-29 07:00,25.09,25.09,25.09,1,1.0
2025-06-29 08:00,26.4,26.4,26.4,1,1.0
2025-06-29 09:00,28.09,28.09,28.09,1,1.0
2025-06-29 10:00,29.66,29.66,29.66,1,1.0
2025-06-29 11:00,30.94,30.94,30.94,1,1.0
2025-06-29 12:00,31.95,31.95,31.95,1,1.0
2025-06-29 13:00,32.69,32.69,32.69,1,1.0
2025-06-29 14:00,33.05,33.05,33.05,1,1.0
2025-06-29 15:00,33.05,33.05,33.05,1,1.0
2025-06-29 16:00,32.73,32.73,32.73,1,1.0
2025-06-29 17:00,32.08,32.08,32.08,1,1.0
2025-06-29 18:00,31.14,31.14,31.14,1,1.0
2025-06-29 19:00,30.06,30.06,30.06,1,1.0
2025-06-29 20:00,29.01,29.01,29.01,1,1.0
2025-06-29 21:00,28.04,28.04,28.04,1,1.0
2025-06-29 22:00,26.99,26.99,26.99,1,1.0
2025-06-29 23:00,26.02,26.02,26.02,1,1.0
2025-06-30 00:00,25.16,25.16,25.16,1,1.0
2025-06-30 01:00,24.44,24.44,24.44,1,1.0
2025-06-30 02:00,23.83,23.83,23.83,1,1.0
2025-06-30 03:00,23.39,23.39,23.39,1,1.0
2025-06-30 04:00,23.06,23.06,23.06,1,1.0
2025-06-30 05:00,22.85,22.85,22.85,1,1.0
2025-06-30 06:00,23.46,23.46,23.46,1,1.0
2025-06-30 07:00,25.54,25.54,25.54,1,1.0
2025-06-30 08:00,27.67,27.67,27.67,1,1.0
2025-06-30 09:00,29.36,29.36,29.36,1,1.0
2025-06-30 10:00,30.54,30.54,30.54,1,1.0
2025-06-30 11:00,31.1,31.1,31.1,1,1.0
2025-06-30 12:00,31.25,31.25,31.25,1,1.0
2025-06-30 13:00,31.62,31.62,31.62,1,1.0
2025-06-30 14:00,31.71,31.71,31.71,1,1.0
2025-06-30 15:00,31.61,31.61,31.61,1,1.0
2025-06-30 16:00,31.33,31.33,31.33,1,1.0
2025-06-30 17:00,30.98,30.98,30.98,1,1.0
2025-06-30 18:00,30.37,30.37,30.37,1,1.0
2025-06-30 19:00,29.65,29.65,29.65,1,1.0
2025-06-30 20:00,28.47,28.47,28.47,1,1.0
2025-06-30 21:00,27.97,27.97,27.97,1,1.0
2025-06-30 22:00,27.51,27.51,27.51,1,1.0
2025-06-30 23:00,26.93,26.93,26.93,1,1.0
2025-07-01 00:00,26.27,26.27,26.27,1,1.0
2025-07-01 01:00,25.91,25.91,25.91,1,1.0
2025-07-01 02:00,25.19,25.19,25.19,1,1.0
2025-07-01 03:00,24.45,24.45,24.45,1,1.0
2025-07-01 04:00,23.94,23.94,23.94,1,1.0
2025-07-01 05:00,23.61,23.61,23.61,1,1.0
2025-07-01 06:00,24.14,24.14,24.14,1,1.0
2025-07-01 07:00,26.4,26.4,26.4,1,1.0
2025-07-01 08:00,28.4,28.4,28.4,1,1.0
2025-07-01 09:00,29.45,29.45,29.45,1,1.0
2025-07-01 10:00,30.03,30.03,30.03,1,1.0
2025-07-01 11:00,30.58,30.58,30.58,1,1.0
2025-07-01 12:00,30.99,30.99,30.99,1,1.0
2025-07-01 13:00,31.23,31.23,31.23,1,1.0
2025-07-01 14:00,31.27,31.27,31.27,1,1.0
2025-07-01 15:00,30.88,30.88,30.88,1,1.0
2025-07-01 16:00,30.5,30.5,30.5,1,1.0
2025-07-01 17:00,30.27,30.27,30.27,1,1.0
2025-07-01 18:00,29.72,29.72,29.72,1,1.0
2025-07-01 19:00,29.04,29.04,29.04,1,1.0
2025-07-01 20:00,27.92,27.92,27.92,1,1.0
2025-07-01 21:00,27.31,27.31,27.31,1,1.0
2025-07-01 22:00,26.74,26.74,26.74,1,1.0
2025-07-01 23:00,26.23,26.23,26.23,1,1.0
2025-07-02 00:00,25.85,25.85,25.85,1,1.0
2025-07-02 01:00,25.47,25.47,25.47,1,1.0
2025-07-02 02:00,25.13,25.13,25.13,1,1.0
2025-07-02 03:00,24.95,24.95,24.95,1,1.0
2025-07-02 04:00,24.44,24.44,24.44,1,1.0
2025-07-02 05:00,23.94,23.94,23.94,1,1.0
2025-07-02 06:00,24.37,24.37,24.37,1,1.0
2025-07-02 07:00,26.67,26.67,26.67,1,1.0
2025-07-02 08:00,28.74,28.74,28.74,1,1.0
2025-07-02 09:00,29.99,29.99,29.99,1,1.0
2025-07-02 10:00,30.68,30.68,30.68,1,1.0
2025-07-02 11:00,31.12,31.12,31.12,1,1.0
2025-07-02 12:00,31.56,31.56,31.56,1,1.0
2025-07-02 13:00,31.6,31.6,31.6,1,1.0
2025-07-02 14:00,31.5,31.5,31.5,1,1.0
2025-07-02 15:00,31.14,31.14,31.14,1,1.0
2025-07-02 16:00,30.68,30.68,30.68,1,1.0
2025-07-02 17:00,30.34,30.34,30.34,1,1.0
2025-07-02 18:00,30.05,30.05,30.05,1,1.0
2025-07-02 19:00,29.5,29.5,29.5,1,1.0
2025-07-02 20:00,28.76,28.76,28.76,1,1.0
2025-07-02 21:00,27.75,27.75,27.75,1,1.0
2025-07-02 22:00,26.76,26.76,26.76,1,1.0
2025-07-02 23:00,26.18,26.18,26.18,1,1.0
2025-07-03 00:00,25.55,25.55,25.55,1,1.0
2025-07-03 01:00,26.8,26.8,26.8,1,1.0
2025-07-03 02:00,27.36,27.36,27.36,1,1.0
2025-07-03 03:00,26.33,26.33,26.33,1,1.0
2025-07-03 04:00,25.73,25.73,25.73,1,1.0
2025-07-03 05:00,23.72,23.72,23.72,1,1.0
2025-07-03 06:00,24.26,24.26,24.26,1,1.0
2025-07-03 07:00,27.55,27.55,27.55,1,1.0
2025-07-03 08:00,29.66,29.66,29.66,1,1.0
2025-07-03 09:00,30.82,30.82,30.82,1,1.0
2025-07-03 10:00,31.43,31.43,31.43,1,1.0
2025-07-03 11:00,31.76,31.76,31.76,1,1.0
2025-07-03 12:00,32.07,32.07,32.07,1,1.0
2025-07-03 13:00,31.6,31.6,31.6,1,1.0
2025-07-03 14:00,30.53,30.53,30.53,1,1.0
2025-07-03 15:00,30.84,30.84,30.84,1,1.0
2025-07-03 16:00,30.77,30.77,30.77,1,1.0
2025-07-03 17:00,29.59,29.59,29.59,1,1.0
2025-07-03 18:00,29.71,29.71,29.71,1,1.0
2025-07-03 19:00,29.19,29.19,29.19,1,1.0
2025-07-03 20:00,28.37,28.37,28.37,1,1.0
2025-07-03 21:00,27.36,27.36,27.36,1,1.0
2025-07-03 22:00,26.74,26.74,26.74,1,1.0
2025-07-03 23:00,26.13,26.13,26.13,1,1.0
2025-07-04 00:00,25.48,25.48,25.48,1,1.0
2025-07-04 01:00,24.83,24.83,24.83,1,1.0
2025-07-04 02:00,24.33,24.33,24.33,1,1.0
2025-07-04 03:00,23.94,23.94,23.94,1,1.0
2025-07-04 04:00,23.56,23.56,23.56,1,1.0
2025-07-04 05:00,23.26,23.26,23.26,1,1.0
2025-07-04 06:00,24.43,24.43,24.43,1,1.0
2025-07-04 07:00,27.56,27.56,27.56,1,1.0
2025-07-04 08:00,29.85,29.85,29.85,1,1.0
2025-07-04 09:00,31.24,31.24,31.24,1,1.0
2025-07-04 10:00,31.88,31.88,31.88,1,1.0
2025-07-04 11:00,32.18,32.18,32.18,1,1.0
2025-07-04 12:00,32.42,32.42,32.42,1,1.0
2025-07-04 13:00,32.38,32.38,32.38,1,1.0
2025-07-04 14:00,32.12,32.12,32.12,1,1.0
2025-07-04 15:00,31.11,31.11,31.11,1,1.0
2025-07-04 16:00,31.0,31.0,31.0,1,1.0
2025-07-04 17:00,30.64,30.64,30.64,1,1.0
2025-07-04 18:00,30.31,30.31,30.31,1,1.0
2025-07-04 19:00,29.75,29.75,29.75,1,1.0
2025-07-04 20:00,28.8,28.8,28.8,1,1.0
2025-07-04 21:00,27.83,27.83,27.83,1,1.0
2025-07-04 22:00,27.28,27.28,27.28,1,1.0
2025-07-04 23:00,26.51,26.51,26.51,1,1.0
2025-07-05 00:00,25.86,25.86,25.86,1,1.0
2025-07-05 01:00,25.28,25.28,25.28,1,1.0
2025-07-05 02:00,24.69,24.69,24.69,1,1.0
2025-07-05 03:00,24.76,24.76,24.76,1,1.0
2025-07-05 04:00,24.63,24.63,24.63,1,1.0
2025-07-05 05:00,24.34,24.34,24.34,1,1.0
2025-07-05 06:00,24.48,24.48,24.48,1,1.0
2025-07-05 07:00,27.61,27.61,27.61,1,1.0
2025-07-05 08:00,28.95,28.95,28.95,1,1.0
2025-07-05 09:00,30.16,30.16,30.16,1,1.0
2025-07-05 10:00,31.03,31.03,31.03,1,1.0
2025-07-05 11:00,31.49,31.49,31.49,1,1.0
2025-07-05 12:00,31.56,31.56,31.56,1,1.0
2025-07-05 13:00,31.6,31.6,31.6,1,1.0
2025-07-05 14:00,31.49,31.49,31.49,1,1.0
2025-07-05 15:00,31.28,31.28,31.28,1,1.0
2025-07-05 16:00,30.88,30.88,30.88,1,1.0
2025-07-05 17:00,30.29,30.29,30.29,1,1.0
2025-07-05 18:00,29.54,29.54,29.54,1,1.0
2025-07-05 19:00,28.62,28.62,28.62,1,1.0
2025-07-05 20:00,27.95,27.95,27.95,1,1.0
2025-07-05 21:00,27.01,27.01,27.01,1,1.0
2025-07-05 22:00,26.47,26.47,26.47,1,1.0
2025-07-05 23:00,25.86,25.86,25.86,1,1.0
2025-07-06 00:00,25.87,25.87,25.87,1,1.0
2025-07-06 01:00,26.1,26.1,26.1,1,1.0
2025-07-06 02:00,26.05,26.05,26.05,1,1.0
2025-07-06 03:00,25.72,25.72,25.72,1,1.0
2025-07-06 04:00,25.44,25.44,25.44,1,1.0
2025-07-06 05:00,25.11,25.11,25.11,1,1.0
2025-07-06 06:00,24.64,24.64,24.64,1,1.0
2025-07-06 07:00,26.34,26.34,26.34,1,1.0
2025-07-06 08:00,28.5,28.5,28.5,1,1.0
2025-07-06 09:00,29.7,29.7,29.7,1,1.0
2025-07-06 10:00,30.47,30.47,30.47,1,1.0
2025-07-06 11:00,30.85,30.85,30.85,1,1.0
2025-07-06 12:00,30.99,30.99,30.99,1,1.0
2025-07-06 13:00,30.87,30.87,30.87,1,1.0
2025-07-06 14:00,30.75,30.75,30.75,1,1.0
2025-07-06 15:00,30.55,30.55,30.55,1,1.0
2025-07-06 16:00,30.2,30.2,30.2,1,1.0
2025-07-06 17:00,29.66,29.66,29.66,1,1.0
2025-07-06 18:00,28.92,28.92,28.92,1,1.0
2025-07-06 19:00,28.02,28.02,28.02,1,1.0
2025-07-06 20:00,26.86,26.86,26.86,1,1.0
2025-07-06 21:00,25.77,25.77,25.77,1,1.0
2025-07-06 22:00,24.64,24.64,24.64,1,1.0
2025-07-06 23:00,23.77,23.77,23.77,1,1.0
2025-07-07 00:00,23.15,23.15,23.15,1,1.0
2025-07-07 01:00,22.63,22.63,22.63,1,1.0
2025-07-07 02:00,22.52,22.52,22.52,1,1.0
2025-07-07 03:00,22.79,22.79,22.79,1,1.0
2025-07-07 04:00,23.08,23.08,23.08,1,1.0
2025-07-07 05:00,23.26,23.26,23.26,1,1.0
2025-07-07 06:00,23.58,23.58,23.58,1,1.0
2025-07-07 07:00,24.87,24.87,24.87,1,1.0
2025-07-07 08:00,24.95,24.95,24.95,1,1.0
2025-07-07 09:00,26.37,26.37,26.37,1,1.0
2025-07-07 10:00,27.17,27.17,27.17,1,1.0
2025-07-07 11:00,27.05,27.05,27.05,1,1.0
2025-07-07 12:00,26.64,26.64,26.64,1,1.0
2025-07-07 13:00,26.88,26.88,26.88,1,1.0
2025-07-07 14:00,27.31,27.31,27.31,1,1.0
2025-07-07 15:00,27.65,27.65,27.65,1,1.0
2025-07-07 16:00,27.59,27.59,27.59,1,1.0
2025-07-07 17:00,27.19,27.19,27.19,1,1.0
2025-07-07 18:00,26.63,26.63,26.63,1,1.0
2025-07-07 19:00,25.96,25.96,25.96,1,1.0
2025-07-07 20:00,25.33,25.33,25.33,1,1.0
2025-07-07 21:00,24.73,24.73,24.73,1,1.0
2025-07-07 22:00,24.28,24.28,24.28,1,1.0
2025-07-07 23:00,24.05,24.05,24.05,1,1.0
2025-07-08 00:00,23.98,23.98,23.98,1,1.0
2025-07-08 01:00,23.98,23.98,23.98,1,1.0
2025-07-08 02:00,23.82,23.82,23.82,1,1.0
2025-07-08 03:00,23.08,23.08,23.08,1,1.0
2025-07-08 04:00,22.25,22.25,22.25,1,1.0
2025-07-08 05:00,21.62,21.62,21.62,1,1.0
2025-07-08 06:00,21.64,21.64,21.64,1,1.0
2025-07-08 07:00,21.91,21.91,21.91,1,1.0
2025-07-08 08:00,23.1,23.1,23.1,1,1.0
2025-07-08 09:00,24.1,24.1,24.1,1,1.0
2025-07-08 10:00,25.08,25.08,25.08,1,1.0
2025-07-08 11:00,25.55,25.55,25.55,1,1.0
2025-07-08 12:00,25.85,25.85,25.85,1,1.0
2025-07-08 13:00,25.94,25.94,25.94,1,1.0
2025-07-08 14:00,25.86,25.86,25.86,1,1.0
2025-07-08 15:00,25.63,25.63,25.63,1,1.0
2025-07-08 16:00,25.32,25.32,25.32,1,1.0
2025-07-08 17:00,24.91,24.91,24.91,1,1.0
2025-07-08 18:00,24.41,24.41,24.41,1,1.0
2025-07-08 19:00,23.99,23.99,23.99,1,1.0
2025-07-08 20:00,23.6,23.6,23.6,1,1.0
2025-07-08 21:00,23.22,23.22,23.22,1,1.0
2025-07-08 22:00,22.82,22.82,22.82,1,1.0
2025-07-08 23:00,22.49,22.49,22.49,1,1.0
2025-07-09 00:00,22.15,22.15,22.15,1,1.0
2025-07-09 01:00,22.0,22.0,22.0,1,1.0
2025-07-09 02:00,22.02,22.02,22.02,1,1.0
2025-07-09 03:00,22.06,22.06,22.06,1,1.0
2025-07-09 04:00,22.05,22.05,22.05,1,1.0
2025-07-09 05:00,22.0,22.0,22.0,1,1.0
2025-07-09 06:00,22.27,22.27,22.27,1,1.0
2025-07-09 07:00,23.22,23.22,23.22,1,1.0
2025-07-09 08:00,23.03,23.03,23.03,1,1.0
2025-07-09 09:00,23.9,23.9,23.9,1,1.0
2025-07-09 10:00,24.75,24.75,24.75,1,1.0
2025-07-09 11:00,25.38,25.38,25.38,1,1.0
2025-07-09 12:00,25.72,25.72,25.72,1,1.0
2025-07-09 13:00,25.7,25.7,25.7,1,1.0
2025-07-09 14:00,25.52,25.52,25.52,1,1.0
2025-07-09 15:00,25.62,25.62,25.62,1,1.0
2025-07-09 16:00,25.42,25.42,25.42,1,1.0
2025-07-09 17:00,24.95,24.95,24.95,1,1.0
2025-07-09 18:00,24.21,24.21,24.21,1,1.0
2025-07-09 19:00,23.18,23.18,23.18,1,1.0
2025-07-09 20:00,22.5,22.5,22.5,1,1.0
2025-07-09 21:00,21.51,21.51,21.51,1,1.0
2025-07-09 22:00,20.96,20.96,20.96,1,1.0
2025-07-09 23:00,20.41,20.41,20.41,1,1.0
2025-07-10 00:00,19.94,19.94,19.94,1,1.0
2025-07-10 01:00,19.55,19.55,19.55,1,1.0
2025-07-10 02:00,19.27,19.27,19.27,1,1.0
2025-07-10 03:00,19.06,19.06,19.06,1,1.0
2025-07-10 04:00,18.81,18.81,18.81,1,1.0
2025-07-10 05:00,18.63,18.63,18.63,1,1.0
2025-07-10 06:00,18.99,18.99,18.99,1,1.0
2025-07-10 07:00,20.26,20.26,20.26,1,1.0
2025-07-10 08:00,21.14,21.14,21.14,1,1.0
2025-07-10 09:00,22.31,22.31,22.31,1,1.0
2025-07-10 10:00,23.45,23.45,23.45,1,1.0
2025-07-10 11:00,24.46,24.46,24.46,1,1.0
2025-07-10 12:00,25.38,25.38,25.38,1,1.0
2025-07-10 13:00,25.82,25.82,25.82,1,1.0
2025-07-10 14:00,26.23,26.23,26.23,1,1.0
2025-07-10 15:00,26.14,26.14,26.14,1,1.0
2025-07-10 16:00,25.89,25.89,25.89,1,1.0
2025-07-10 17:00,25.54,25.54,25.54,1,1.0
2025-07-10 18:00,25.12,25.12,25.12,1,1.0
2025-07-10 19:00,24.5,24.5,24.5,1,1.0
2025-07-10 20:00,23.74,23.74,23.74,1,1.0
2025-07-10 21:00,23.16,23.16,23.16,1,1.0
2025-07-10 22:00,22.46,22.46,22.46,1,1.0
2025-07-10 23:00,21.73,21.73,21.73,1,1.0
2025-07-11 00:00,21.11,21.11,21.11,1,1.0
2025-07-11 01:00,20.64,20.64,20.64,1,1.0
2025-07-11 02:00,20.22,20.22,20.22,1,1.0
2025-07-11 03:00,19.92,19.92,19.92,1,1.0
2025-07-11 04:00,19.56,19.56,19.56,1,1.0
2025-07-11 05:00,19.31,19.31,19.31,1,1.0
2025-07-11 06:00,19.57,19.57,19.57,1,1.0
2025-07-11 07:00,21.01,21.01,21.01,1,1.0
2025-07-11 08:00,22.37,22.37,22.37,1,1.0
2025-07-11 09:00,23.62,23.62,23.62,1,1.0
2025-07-11 10:00,24.74,24.74,24.74,1,1.0
2025-07-11 11:00,25.71,25.71,25.71,1,1.0
2025-07-11 12:00,26.42,26.42,26.42,1,1.0
2025-07-11 13:00,26.59,26.59,26.59,1,1.0
2025-07-11 14:00,26.15,26.15,26.15,1,1.0
2025-07-11 15:00,25.94,25.94,25.94,1,1.0
2025-07-11 16:00,25.71,25.71,25.71,1,1.0
2025-07-11 17:00,25.29,25.29,25.29,1,1.0
2025-07-11 18:00,24.85,24.85,24.85,1,1.0
2025-07-11 19:00,24.35,24.35,24.35,1,1.0
2025-07-11 20:00,23.57,23.57,23.57,1,1.0
2025-07-11 21:00,23.06,23.06,23.06,1,1.0
2025-07-11 22:00,22.39,22.39,22.39,1,1.0
2025-07-11 23:00,21.21,21.21,21.21,1,1.0
2025-07-12 00:00,21.42,21.42,21.42,1,1.0
2025-07-12 01:00,22.47,22.47,22.47,1,1.0
2025-07-12 02:00,22.17,22.17,22.17,1,1.0
2025-07-12 03:00,21.95,21.95,21.95,1,1.0
2025-07-12 04:00,21.8,21.8,21.8,1,1.0
2025-07-12 05:00,21.65,21.65,21.65,1,1.0
2025-07-12 06:00,21.68,21.68,21.68,1,1.0
2025-07-12 07:00,22.59,22.59,22.59,1,1.0
2025-07-12 08:00,23.64,23.64,23.64,1,1.0
2025-07-12 09:00,24.47,24.47,24.47,1,1.0
2025-07-12 10:00,25.29,25.29,25.29,1,1.0
2025-07-12 11:00,25.95,25.95,25.95,1,1.0
2025-07-12 12:00,26.29,26.29,26.29,1,1.0
2025-07-12 13:00,26.34,26.34,26.34,1,1.0
2025-07-12 14:00,26.48,26.48,26.48,1,1.0
2025-07-12 15:00,26.28,26.28,26.28,1,1.0
2025-07-12 16:00,26.1,26.1,26.1,1,1.0
2025-07-12 17:00,25.77,25.77,25.77,1,1.0
2025-07-12 18:00,25.27,25.27,25.27,1,1.0
2025-07-12 19:00,24.64,24.64,24.64,1,1.0
2025-07-12 20:00,23.42,23.42,23.42,1,1.0
2025-07-12 21:00,23.56,23.56,23.56,1,1.0
2025-07-12 22:00,23.34,23.34,23.34,1,1.0
2025-07-12 23:00,23.01,23.01,23.01,1,1.0
2025-07-13 00:00,22.72,22.72,22.72,1,1.0
2025-07-13 01:00,21.03,21.03,21.03,1,1.0
2025-07-13 02:00,21.78,21.78,21.78,1,1.0
2025-07-13 03:00,21.81,21.81,21.81,1,1.0
2025-07-13 04:00,21.62,21.62,21.62,1,1.0
2025-07-13 05:00,21.47,21.47,21.47,1,1.0
2025-07-13 06:00,20.15,20.15,20.15,1,1.0
2025-07-13 07:00,22.46,22.46,22.46,1,1.0
2025-07-13 08:00,24.05,24.05,24.05,1,1.0
2025-07-13 09:00,25.51,25.51,25.51,1,1.0
2025-07-13 10:00,26.57,26.57,26.57,1,1.0
2025-07-13 11:00,27.03,27.03,27.03,1,1.0
2025-07-13 12:00,27.05,27.05,27.05,1,1.0
2025-07-13 13:00,27.09,27.09,27.09,1,1.0
2025-07-13 14:00,27.16,27.16,27.16,1,1.0
2025-07-13 15:00,26.73,26.73,26.73,1,1.0
2025-07-13 16:00,26.37,26.37,26.37,1,1.0
2025-07-13 17:00,26.36,26.36,26.36,1,1.0
2025-07-13 18:00,26.53,26.53,26.53,1,1.0
2025-07-13 19:00,25.75,25.75,25.75,1,1.0
2025-07-13 20:00,24.82,24.82,24.82,1,1.0
2025-07-13 21:00,24.1,24.1,24.1,1,1.0
2025-07-13 22:00,24.48,24.48,24.48,1,1.0
2025-07-13 23:00,23.62,23.62,23.62,1,1.0
2025-07-14 00:00,24.07,24.07,24.07,1,1.0
2025-07-14 01:00,24.08,24.08,24.08,1,1.0
2025-07-14 02:00,23.79,23.79,23.79,1,1.0
2025-07-14 03:00,23.21,23.21,23.21,1,1.0
2025-07-14 04:00,22.68,22.68,22.68,1,1.0
2025-07-14 05:00,22.15,22.15,22.15,1,1.0
2025-07-14 06:00,21.99,21.99,21.99,1,1.0
2025-07-14 07:00,24.46,24.46,24.46,1,1.0
2025-07-14 08:00,25.95,25.95,25.95,1,1.0
2025-07-14 09:00,26.55,26.55,26.55,1,1.0
2025-07-14 10:00,27.36,27.36,27.36,1,1.0
2025-07-14 11:00,27.65,27.65,27.65,1,1.0
2025-07-14 12:00,28.06,28.06,28.06,1,1.0
2025-07-14 13:00,27.97,27.97,27.97,1,1.0
2025-07-14 14:00,27.92,27.92,27.92,1,1.0
2025-07-14 15:00,27.67,27.67,27.67,1,1.0
2025-07-14 16:00,27.54,27.54,27.54,1,1.0
2025-07-14 17:00,27.15,27.15,27.15,1,1.0
2025-07-14 18:00,26.78,26.78,26.78,1,1.0
2025-07-14 19:00,26.2,26.2,26.2,1,1.0
2025-07-14 20:00,25.52,25.52,25.52,1,1.0
2025-07-14 21:00,25.05,25.05,25.05,1,1.0
2025-07-14 22:00,24.6,24.6,24.6,1,1.0
2025-07-14 23:00,23.93,23.93,23.93,1,1.0
2025-07-15 00:00,23.61,23.61,23.61,1,1.0
2025-07-15 01:00,24.06,24.06,24.06,1,1.0
2025-07-15 02:00,23.73,23.73,23.73,1,1.0
2025-07-15 03:00,23.12,23.12,23.12,1,1.0
2025-07-15 04:00,22.63,22.63,22.63,1,1.0
2025-07-15 05:00,22.22,22.22,22.22,1,1.0
2025-07-15 06:00,22.31,22.31,22.31,1,1.0
2025-07-15 07:00,25.09,25.09,25.09,1,1.0
2025-07-15 08:00,26.5,26.5,26.5,1,1.0
2025-07-15 09:00,27.54,27.54,27.54,1,1.0
2025-07-15 10:00,28.39,28.39,28.39,1,1.0
2025-07-15 11:00,29.04,29.04,29.04,1,1.0
2025-07-15 12:00,29.46,29.46,29.46,1,1.0
2025-07-15 13:00,29.77,29.77,29.77,1,1.0
2025-07-15 14:00,30.0,30.0,30.0,1,1.0
2025-07-15 15:00,29.87,29.87,29.87,1,1.0
2025-07-15 16:00,29.57,29.57,29.57,1,1.0
2025-07-15 17:00,28.99,28.99,28.99,1,1.0
2025-07-15 18:00,28.52,28.52,28.52,1,1.0
2025-07-15 19:00,27.93,27.93,27.93,1,1.0
2025-07-15 20:00,26.66,26.66,26.66,1,1.0
2025-07-15 21:00,26.21,26.21,26.21,1,1.0
2025-07-15 22:00,25.44,25.44,25.44,1,1.0
2025-07-15 23:00,24.62,24.62,24.62,1,1.0
2025-07-16 00:00,24.08,24.08,24.08,1,1.0
2025-07-16 01:00,23.32,23.32,23.32,1,1.0
2025-07-16 02:00,22.66,22.66,22.66,1,1.0
2025-07-16 03:00,22.1,22.1,22.1,1,1.0
2025-07-16 04:00,21.52,21.52,21.52,1,1.0
2025-07-16 05:00,21.03,21.03,21.03,1,1.0
2025-07-16 06:00,21.97,21.97,21.97,1,1.0
2025-07-16 07:00,25.35,25.35,25.35,1,1.0
2025-07-16 08:00,27.34,27.34,27.34,1,1.0
2025-07-16 09:00,28.5,28.5,28.5,1,1.0
2025-07-16 10:00,29.14,29.14,29.14,1,1.0
2025-07-16 11:00,29.43,29.43,29.43,1,1.0
2025-07-16 12:00,29.54,29.54,29.54,1,1.0
2025-07-16 13:00,29.53,29.53,29.53,1,1.0
2025-07-16 14:00,29.34,29.34,29.34,1,1.0
2025-07-16 15:00,28.79,28.79,28.79,1,1.0
2025-07-16 16:00,28.26,28.26,28.26,1,1.0
2025-07-16 17:00,27.62,27.62,27.62,1,1.0
2025-07-16 18:00,27.05,27.05,27.05,1,1.0
2025-07-16 19:00,26.42,26.42,26.42,1,1.0
2025-07-16 20:00,25.54,25.54,25.54,1,1.0
2025-07-16 21:00,24.74,24.74,24.74,1,1.0
2025-07-16 22:00,24.13,24.13,24.13,1,1.0
2025-07-16 23:00,23.5,23.5,23.5,1,1.0
2025-07-17 00:00,22.92,22.92,22.92,1,1.0
2025-07-17 01:00,22.59,22.59,22.59,1,1.0
2025-07-17 02:00,22.32,22.32,22.32,1,1.0
2025-07-17 03:00,22.52,22.52,22.52,1,1.0
2025-07-17 04:00,22.56,22.56,22.56,1,1.0
2025-07-17 05:00,22.58,22.58,22.58,1,1.0
2025-07-17 06:00,22.74,22.74,22.74,1,1.0
2025-07-17 07:00,23.44,23.44,23.44,1,1.0
2025-07-17 08:00,24.37,24.37,24.37,1,1.0
2025-07-17 09:00,25.5,25.5,25.5,1,1.0
2025-07-17 10:00,26.43,26.43,26.43,1,1.0
2025-07-17 11:00,27.22,27.22,27.22,1,1.0
2025-07-17 12:00,27.75,27.75,27.75,1,1.0
2025-07-17 13:00,27.98,27.98,27.98,1,1.0
2025-07-17 14:00,28.02,28.02,28.02,1,1.0
2025-07-17 15:00,27.53,27.53,27.53,1,1.0
2025-07-17 16:00,27.32,27.32,27.32,1,1.0
2025-07-17 17:00,27.31,27.31,27.31,1,1.0
2025-07-17 18:00,27.09,27.09,27.09,1,1.0
2025-07-17 19:00,26.69,26.69,26.69,1,1.0
2025-07-17 20:00,26.19,26.19,26.19,1,1.0
2025-07-17 21:00,25.97,25.97,25.97,1,1.0
2025-07-17 22:00,25.71,25.71,25.71,1,1.0
2025-07-17 23:00,25.38,25.38,25.38,1,1.0
2025-07-18 00:00,25.11,25.11,25.11,1,1.0
2025-07-18 01:00,24.79,24.79,24.79,1,1.0
2025-07-18 02:00,24.6,24.6,24.6,1,1.0
2025-07-18 03:00,24.18,24.18,24.18,1,1.0
2025-07-18 04:00,23.75,23.75,23.75,1,1.0
2025-07-18 05:00,23.36,23.36,23.36,1,1.0
2025-07-18 06:00,23.55,23.55,23.55,1,1.0
2025-07-18 07:00,24.57,24.57,24.57,1,1.0
2025-07-18 08:00,25.64,25.64,25.64,1,1.0
2025-07-18 09:00,26.82,26.82,26.82,1,1.0
2025-07-18 10:00,28.14,28.14,28.14,1,1.0
2025-07-18 11:00,29.41,29.41,29.41,1,1.0
2025-07-18 12:00,30.29,30.29,30.29,1,1.0
2025-07-18 13:00,30.47,30.47,30.47,1,1.0
2025-07-18 14:00,30.35,30.35,30.35,1,1.0
2025-07-18 15:00,30.11,30.11,30.11,1,1.0
2025-07-18 16:00,29.64,29.64,29.64,1,1.0
2025-07-18 17:00,29.06,29.06,29.06,1,1.0
2025-07-18 18:00,28.51,28.51,28.51,1,1.0
2025-07-18 19:00,27.81,27.81,27.81,1,1.0
2025-07-18 20:00,26.56,26.56,26.56,1,1.0
2025-07-18 21:00,25.84,25.84,25.84,1,1.0
2025-07-18 22:00,24.9,24.9,24.9,1,1.0
2025-07-18 23:00,24.16,24.16,24.16,1,1.0
2025-07-19 00:00,24.7,24.7,24.7,1,1.0
2025-07-19 01:00,25.54,25.54,25.54,1,1.0
2025-07-19 02:00,25.2,25.2,25.2,1,1.0
2025-07-19 03:00,24.97,24.97,24.97,1,1.0
2025-07-19 04:00,24.77,24.77,24.77,1,1.0
2025-07-19 05:00,24.56,24.56,24.56,1,1.0
2025-07-19 06:00,24.53,24.53,24.53,1,1.0
2025-07-19 07:00,25.03,25.03,25.03,1,1.0
2025-07-19 08:00,26.04,26.04,26.04,1,1.0
2025-07-19 09:00,27.16,27.16,27.16,1,1.0
2025-07-19 10:00,28.03,28.03,28.03,1,1.0
2025-07-19 11:00,28.68,28.68,28.68,1,1.0
2025-07-19 12:00,29.01,29.01,29.01,1,1.0
2025-07-19 13:00,29.16,29.16,29.16,1,1.0
2025-07-19 14:00,29.06,29.06,29.06,1,1.0
2025-07-19 15:00,28.75,28.75,28.75,1,1.0
2025-07-19 16:00,28.44,28.44,28.44,1,1.0
2025-07-19 17:00,27.97,27.97,27.97,1,1.0
2025-07-19 18:00,27.5,27.5,27.5,1,1.0
2025-07-19 19:00,26.81,26.81,26.81,1,1.0
2025-07-19 20:00,25.67,25.67,25.67,1,1.0
2025-07-19 21:00,25.43,25.43,25.43,1,1.0
2025-07-19 22:00,25.49,25.49,25.49,1,1.0
2025-07-19 23:00,25.25,25.25,25.25,1,1.0
2025-07-20 00:00,24.56,24.56,24.56,1,1.0
2025-07-20 01:00,23.47,23.47,23.47,1,1.0
2025-07-20 02:00,24.48,24.48,24.48,1,1.0
2025-07-20 03:00,24.33,24.33,24.33,1,1.0
2025-07-20 04:00,24.15,24.15,24.15,1,1.0
2025-07-20 05:00,23.92,23.92,23.92,1,1.0
2025-07-20 06:00,23.88,23.88,23.88,1,1.0
2025-07-20 07:00,24.61,24.61,24.61,1,1.0
2025-07-20 08:00,26.35,26.35,26.35,1,1.0
2025-07-20 09:00,27.71,27.71,27.71,1,1.0
2025-07-20 10:00,28.75,28.75,28.75,1,1.0
2025-07-20 11:00,29.58,29.58,29.58,1,1.0
2025-07-20 12:00,29.96,29.96,29.96,1,1.0
2025-07-20 13:00,29.89,29.89,29.89,1,1.0
2025-07-20 14:00,29.63,29.63,29.63,1,1.0
2025-07-20 15:00,29.24,29.24,29.24,1,1.0
2025-07-20 16:00,28.85,28.85,28.85,1,1.0
2025-07-20 17:00,28.4,28.4,28.4,1,1.0
2025-07-20 18:00,27.83,27.83,27.83,1,1.0
2025-07-20 19:00,27.12,27.12,27.12,1,1.0
2025-07-20 20:00,26.15,26.15,26.15,1,1.0
2025-07-20 21:00,25.81,25.81,25.81,1,1.0
2025-07-20 22:00,25.62,25.62,25.62,1,1.0
2025-07-20 23:00,25.38,25.38,25.38,1,1.0
2025-07-21 00:00,25.17,25.17,25.17,1,1.0
2025-07-21 01:00,24.67,24.67,24.67,1,1.0
2025-07-21 02:00,23.97,23.97,23.97,1,1.0
2025-07-21 03:00,23.97,23.97,23.97,1,1.0
2025-07-21 04:00,23.72,23.72,23.72,1,1.0
2025-07-21 05:00,22.75,22.75,22.75,1,1.0
2025-07-21 06:00,22.43,22.43,22.43,1,1.0
2025-07-21 07:00,24.65,24.65,24.65,1,1.0
2025-07-21 08:00,25.7,25.7,25.7,1,1.0
2025-07-21 09:00,26.78,26.78,26.78,1,1.0
2025-07-21 10:00,27.67,27.67,27.67,1,1.0
2025-07-21 11:00,28.33,28.33,28.33,1,1.0
2025-07-21 12:00,29.11,29.11,29.11,1,1.0
2025-07-21 13:00,29.68,29.68,29.68,1,1.0
2025-07-21 14:00,29.73,29.73,29.73,1,1.0
2025-07-21 15:00,29.4,29.4,29.4,1,1.0
2025-07-21 16:00,28.84,28.84,28.84,1,1.0
2025-07-21 17:00,28.17,28.17,28.17,1,1.0
2025-07-21 18:00,27.39,27.39,27.39,1,1.0
2025-07-21 19:00,26.61,26.61,26.61,1,1.0
2025-07-21 20:00,25.72,25.72,25.72,1,1.0
2025-07-21 21:00,25.52,25.52,25.52,1,1.0
2025-07-21 22:00,25.21,25.21,25.21,1,1.0
2025-07-21 23:00,24.94,24.94,24.94,1,1.0
2025-07-22 00:00,24.59,24.59,24.59,1,1.0
2025-07-22 01:00,23.65,23.65,23.65,1,1.0
2025-07-22 02:00,22.85,22.85,22.85,1,1.0
2025-07-22 03:00,23.17,23.17,23.17,1,1.0
2025-07-22 04:00,23.13,23.13,23.13,1,1.0
2025-07-22 05:00,23.55,23.55,23.55,1,1.0
2025-07-22 06:00,24.15,24.15,24.15,1,1.0
2025-07-22 07:00,25.12,25.12,25.12,1,1.0
2025-07-22 08:00,26.88,26.88,26.88,1,1.0
2025-07-22 09:00,27.66,27.66,27.66,1,1.0
2025-07-22 10:00,28.16,28.16,28.16,1,1.0
2025-07-22 11:00,28.5,28.5,28.5,1,1.0
2025-07-22 12:00,28.66,28.66,28.66,1,1.0
2025-07-22 13:00,28.71,28.71,28.71,1,1.0
2025-07-22 14:00,28.47,28.47,28.47,1,1.0
2025-07-22 15:00,28.13,28.13,28.13,1,1.0
2025-07-22 16:00,27.6,27.6,27.6,1,1.0
2025-07-22 17:00,27.05,27.05,27.05,1,1.0
2025-07-22 18:00,26.31,26.31,26.31,1,1.0
2025-07-22 19:00,25.42,25.42,25.42,1,1.0
2025-07-22 20:00,24.53,24.53,24.53,1,1.0
2025-07-22 21:00,23.92,23.92,23.92,1,1.0
2025-07-22 22:00,23.31,23.31,23.31,1,1.0
2025-07-22 23:00,22.49,22.49,22.49,1,1.0
2025-07-23 00:00,21.98,21.98,21.98,1,1.0
2025-07-23 01:00,21.72,21.72,21.72,1,1.0
2025-07-23 02:00,21.64,21.64,21.64,1,1.0
2025-07-23 03:00,21.44,21.44,21.44,1,1.0
2025-07-23 04:00,21.2,21.2,21.2,1,1.0
2025-07-23 05:00,21.11,21.11,21.11,1,1.0
2025-07-23 06:00,21.4,21.4,21.4,1,1.0
2025-07-23 07:00,21.78,21.78,21.78,1,1.0
2025-07-23 08:00,23.41,23.41,23.41,1,1.0
2025-07-23 09:00,24.7,24.7,24.7,1,1.0
2025-07-23 10:00,25.75,25.75,25.75,1,1.0
2025-07-23 11:00,26.55,26.55,26.55,1,1.0
2025-07-23 12:00,27.02,27.02,27.02,1,1.0
2025-07-23 13:00,27.36,27.36,27.36,1,1.0
2025-07-23 14:00,27.59,27.59,27.59,1,1.0
2025-07-23 15:00,27.43,27.43,27.43,1,1.0
2025-07-23 16:00,26.96,26.96,26.96,1,1.0
2025-07-23 17:00,26.44,26.44,26.44,1,1.0
2025-07-23 18:00,25.7,25.7,25.7,1,1.0
2025-07-23 19:00,24.83,24.83,24.83,1,1.0
2025-07-23 20:00,23.92,23.92,23.92,1,1.0
2025-07-23 21:00,23.11,23.11,23.11,1,1.0
2025-07-23 22:00,22.91,22.91,22.91,1,1.0
2025-07-23 23:00,23.05,23.05,23.05,1,1.0
2025-07-24 00:00,21.17,21.17,21.17,1,1.0
2025-07-24 01:00,22.04,22.04,22.04,1,1.0
2025-07-24 02:00,22.47,22.47,22.47,1,1.0
2025-07-24 03:00,22.31,22.31,22.31,1,1.0
2025-07-24 04:00,19.61,19.61,19.61,1,1.0
2025-07-24 05:00,19.2,19.2,19.2,1,1.0
2025-07-24 06:00,20.22,20.22,20.22,1,1.0
2025-07-24 07:00,23.47,23.47,23.47,1,1.0
2025-07-24 08:00,25.99,25.99,25.99,1,1.0
2025-07-24 09:00,28.27,28.27,28.27,1,1.0
2025-07-24 10:00,30.02,30.02,30.02,1,1.0
2025-07-24 11:00,30.55,30.55,30.55,1,1.0
2025-07-24 12:00,30.15,30.15,30.15,1,1.0
2025-07-24 13:00,30.42,30.42,30.42,1,1.0
2025-07-24 14:00,30.77,30.77,30.77,1,1.0
2025-07-24 15:00,30.66,30.66,30.66,1,1.0
2025-07-24 16:00,30.44,30.44,30.44,1,1.0
2025-07-24 17:00,30.18,30.18,30.18,1,1.0
2025-07-24 18:00,29.73,29.73,29.73,1,1.0
2025-07-24 19:00,28.93,28.93,28.93,1,1.0
2025-07-24 20:00,28.72,28.72,28.72,1,1.0
2025-07-24 21:00,28.22,28.22,28.22,1,1.0
2025-07-24 22:00,27.5,27.5,27.5,1,1.0
2025-07-24 23:00,27.15,27.15,27.15,1,1.0
2025-07-25 00:00,26.88,26.88,26.88,1,1.0
2025-07-25 01:00,25.31,25.31,25.31,1,1.0
2025-07-25 02:00,24.59,24.59,24.59,1,1.0
2025-07-25 03:00,23.74,23.74,23.74,1,1.0
2025-07-25 04:00,23.39,23.39,23.39,1,1.0
2025-07-25 05:00,23.94,23.94,23.94,1,1.0
2025-07-25 06:00,23.72,23.72,23.72,1,1.0
2025-07-25 07:00,27.52,27.52,27.52,1,1.0
2025-07-25 08:00,30.31,30.31,30.31,1,1.0
2025-07-25 09:00,32.48,32.48,32.48,1,1.0
2025-07-25 10:00,34.11,34.11,34.11,1,1.0
2025-07-25 11:00,34.46,34.46,34.46,1,1.0
2025-07-25 12:00,34.09,34.09,34.09,1,1.0
2025-07-25 13:00,33.96,33.96,33.96,1,1.0
2025-07-25 14:00,34.42,34.42,34.42,1,1.0
2025-07-25 15:00,34.86,34.86,34.86,1,1.0
2025-07-25 16:00,34.95,34.95,34.95,1,1.0
2025-07-25 17:00,34.81,34.81,34.81,1,1.0
2025-07-25 18:00,34.27,34.27,34.27,1,1.0
2025-07-25 19:00,33.32,33.32,33.32,1,1.0
2025-07-25 20:00,32.88,32.88,32.88,1,1.0
2025-07-25 21:00,33.01,33.01,33.01,1,1.0
2025-07-25 22:00,29.02,29.02,29.02,1,1.0
2025-07-25 23:00,27.62,27.62,27.62,1,1.0
2025-07-26 00:00,27.73,27.73,27.73,1,1.0
2025-07-26 01:00,26.56,26.56,26.56,1,1.0
2025-07-26 02:00,26.16,26.16,26.16,1,1.0
2025-07-26 03:00,25.76,25.76,25.76,1,1.0
2025-07-26 04:00,25.08,25.08,25.08,1,1.0
2025-07-26 05:00,25.83,25.83,25.83,1,1.0
2025-07-26 06:00,25.08,25.08,25.08,1,1.0
2025-07-26 07:00,26.83,26.83,26.83,1,1.0
2025-07-26 08:00,28.2,28.2,28.2,1,1.0
2025-07-26 09:00,28.36,28.36,28.36,1,1.0
2025-07-26 10:00,28.67,28.67,28.67,1,1.0
2025-07-26 11:00,29.29,29.29,29.29,1,1.0
2025-07-26 12:00,29.14,29.14,29.14,1,1.0
2025-07-26 13:00,29.21,29.21,29.21,1,1.0
2025-07-26 14:00,28.89,28.89,28.89,1,1.0
2025-07-26 15:00,28.53,28.53,28.53,1,1.0
2025-07-26 16:00,28.05,28.05,28.05,1,1.0
2025-07-26 17:00,27.12,27.12,27.12,1,1.0
2025-07-26 18:00,26.08,26.08,26.08,1,1.0
2025-07-26 19:00,25.12,25.12,25.12,1,1.0
2025-07-26 20:00,24.54,24.54,24.54,1,1.0
2025-07-26 21:00,23.91,23.91,23.91,1,1.0
2025-07-26 22:00,23.41,23.41,23.41,1,1.0
2025-07-26 23:00,22.98,22.98,22.98,1,1.0
2025-07-27 00:00,22.62,22.62,22.62,1,1.0
2025-07-27 01:00,22.2,22.2,22.2,1,1.0
2025-07-27 02:00,21.87,21.87,21.87,1,1.0
2025-07-27 03:00,21.63,21.63,21.63,1,1.0
2025-07-27 04:00,21.41,21.41,21.41,1,1.0
2025-07-27 05:00,21.19,21.19,21.19,1,1.0
2025-07-27 06:00,21.36,21.36,21.36,1,1.0
2025-07-27 07:00,22.22,22.22,22.22,1,1.0
2025-07-27 08:00,23.47,23.47,23.47,1,1.0
2025-07-27 09:00,24.37,24.37,24.37,1,1.0
2025-07-27 10:00,25.18,25.18,25.18,1,1.0
2025-07-27 11:00,25.99,25.99,25.99,1,1.0
2025-07-27 12:00,26.59,26.59,26.59,1,1.0
2025-07-27 13:00,27.0,27.0,27.0,1,1.0
2025-07-27 14:00,26.97,26.97,26.97,1,1.0
2025-07-27 15:00,26.66,26.66,26.66,1,1.0
2025-07-27 16:00,26.28,26.28,26.28,1,1.0
2025-07-27 17:00,25.7,25.7,25.7,1,1.0
2025-07-27 18:00,25.09,25.09,25.09,1,1.0
2025-07-27 19:00,24.45,24.45,24.45,1,1.0
2025-07-27 20:00,24.01,24.01,24.01,1,1.0
2025-07-27 21:00,23.79,23.79,23.79,1,1.0
2025-07-27 22:00,23.45,23.45,23.45,1,1.0
2025-07-27 23:00,23.0,23.0,23.0,1,1.0
2025-07-28 00:00,22.41,22.41,22.41,1,1.0
2025-07-28 01:00,21.9,21.9,21.9,1,1.0
2025-07-28 02:00,21.47,21.47,21.47,1,1.0
2025-07-28 03:00,21.11,21.11,21.11,1,1.0
2025-07-28 04:00,20.77,20.77,20.77,1,1.0
2025-07-28 05:00,20.52,20.52,20.52,1,1.0
2025-07-28 06:00,20.85,20.85,20.85,1,1.0
2025-07-28 07:00,22.94,22.94,22.94,1,1.0
2025-07-28 08:00,22.36,22.36,22.36,1,1.0
2025-07-28 09:00,22.87,22.87,22.87,1,1.0
2025-07-28 10:00,23.28,23.28,23.28,1,1.0
2025-07-28 11:00,23.79,23.79,23.79,1,1.0
2025-07-28 12:00,23.84,23.84,23.84,1,1.0
2025-07-28 13:00,23.55,23.55,23.55,1,1.0
2025-07-28 14:00,23.5,23.5,23.5,1,1.0
2025-07-28 15:00,23.03,23.03,23.03,1,1.0
2025-07-28 16:00,22.67,22.67,22.67,1,1.0
2025-07-28 17:00,22.13,22.13,22.13,1,1.0
2025-07-28 18:00,22.3,22.3,22.3,1,1.0
2025-07-28 19:00,21.39,21.39,21.39,1,1.0
2025-07-28 20:00,21.85,21.85,21.85,1,1.0
2025-07-28 21:00,21.46,21.46,21.46,1,1.0
2025-07-28 22:00,21.17,21.17,21.17,1,1.0
2025-07-28 23:00,20.63,20.63,20.63,1,1.0
2025-07-29 00:00,20.65,20.65,20.65,1,1.0
2025-07-29 01:00,20.75,20.75,20.75,1,1.0
2025-07-29 02:00,20.8,20.8,20.8,1,1.0
2025-07-29 03:00,20.57,20.57,20.57,1,1.0
2025-07-29 04:00,20.06,20.06,20.06,1,1.0
2025-07-29 05:00,19.25,19.25,19.25,1,1.0
2025-07-29 06:00,19.84,19.84,19.84,1,1.0
2025-07-29 07:00,21.4,21.4,21.4,1,1.0
2025-07-29 08:00,22.02,22.02,22.02,1,1.0
2025-07-29 09:00,22.97,22.97,22.97,1,1.0
2025-07-29 10:00,23.91,23.91,23.91,1,1.0
2025-07-29 11:00,24.61,24.61,24.61,1,1.0
2025-07-29 12:00,25.02,25.02,25.02,1,1.0
2025-07-29 13:00,25.09,25.09,25.09,1,1.0
2025-07-29 14:00,25.34,25.34,25.34,1,1.0
2025-07-29 15:00,25.67,25.67,25.67,1,1.0
2025-07-29 16:00,25.81,25.81,25.81,1,1.0
2025-07-29 17:00,25.42,25.42,25.42,1,1.0
2025-07-29 18:00,24.87,24.87,24.87,1,1.0
2025-07-29 19:00,24.21,24.21,24.21,1,1.0
2025-07-29 20:00,23.4,23.4,23.4,1,1.0
2025-07-29 21:00,22.79,22.79,22.79,1,1.0
2025-07-29 22:00,22.19,22.19,22.19,1,1.0
2025-07-29 23:00,21.63,21.63,21.63,1,1.0
2025-07-30 00:00,21.13,21.13,21.13,1,1.0
2025-07-30 01:00,20.74,20.74,20.74,1,1.0
2025-07-30 02:00,20.45,20.45,20.45,1,1.0
2025-07-30 03:00,20.15,20.15,20.15,1,1.0
2025-07-30 04:00,19.98,19.98,19.98,1,1.0
2025-07-30 05:00,19.75,19.75,19.75,1,1.0
2025-07-30 06:00,19.95,19.95,19.95,1,1.0
2025-07-30 07:00,20.91,20.91,20.91,1,1.0
2025-07-30 08:00,22.19,22.19,22.19,1,1.0
2025-07-30 09:00,23.39,23.39,23.39,1,1.0
2025-07-30 10:00,24.64,24.64,24.64,1,1.0
2025-07-30 11:00,25.75,25.75,25.75,1,1.0
2025-07-30 12:00,26.48,26.48,26.48,1,1.0
2025-07-30 13:00,26.59,26.59,26.59,1,1.0
2025-07-30 14:00,26.51,26.51,26.51,1,1.0
2025-07-30 15:00,26.16,26.16,26.16,1,1.0
2025-07-30 16:00,25.88,25.88,25.88,1,1.0
2025-07-30 17:00,25.43,25.43,25.43,1,1.0
2025-07-30 18:00,24.98,24.98,24.98,1,1.0
2025-07-30 19:00,24.53,24.53,24.53,1,1.0
2025-07-30 20:00,23.73,23.73,23.73,1,1.0
2025-07-30 21:00,23.11,23.11,23.11,1,1.0
2025-07-30 22:00,22.1,22.1,22.1,1,1.0
2025-07-30 23:00,22.18,22.18,22.18,1,1.0
2025-07-31 00:00,21.77,21.77,21.77,1,1.0
2025-07-31 01:00,20.97,20.97,20.97,1,1.0
2025-07-31 02:00,20.27,20.27,20.27,1,1.0
2025-07-31 03:00,19.89,19.89,19.89,1,1.0
2025-07-31 04:00,19.55,19.55,19.55,1,1.0
2025-07-31 05:00,18.86,18.86,18.86,1,1.0
2025-07-31 06:00,19.81,19.81,19.81,1,1.0
2025-07-31 07:00,21.89,21.89,21.89,1,1.0
2025-07-31 08:00,23.38,23.38,23.38,1,1.0
2025-07-31 09:00,24.62,24.62,24.62,1,1.0
2025-07-31 10:00,25.63,25.63,25.63,1,1.0
2025-07-31 11:00,26.41,26.41,26.41,1,1.0
2025-07-31 12:00,26.84,26.84,26.84,1,1.0
2025-07-31 13:00,26.9,26.9,26.9,1,1.0
2025-07-31 14:00,26.75,26.75,26.75,1,1.0
2025-07-31 15:00,26.44,26.44,26.44,1,1.0
2025-07-31 16:00,25.84,25.84,25.84,1,1.0
2025-07-31 17:00,25.32,25.32,25.32,1,1.0
2025-07-31 18:00,24.99,24.99,24.99,1,1.0
2025-07-31 19:00,24.57,24.57,24.57,1,1.0
2025-07-31 20:00,23.86,23.86,23.86,1,1.0
2025-07-31 21:00,23.26,23.26,23.26,1,1.0
2025-07-31 22:00,22.27,22.27,22.27,1,1.0
2025-07-31 23:00,22.05,22.05,22.05,1,1.0
2025-08-01 00:00,22.89,22.89,22.89,1,1.0
2025-08-01 01:00,22.85,22.85,22.85,1,1.0
2025-08-01 02:00,22.52,22.52,22.52,1,1.0
2025-08-01 03:00,22.27,22.27,22.27,1,1.0
2025-08-01 04:00,22.03,22.03,22.03,1,1.0
2025-08-01 05:00,21.82,21.82,21.82,1,1.0
2025-08-01 06:00,20.95,20.95,20.95,1,1.0
2025-08-01 07:00,22.39,22.39,22.39,1,1.0
2025-08-01 08:00,23.8,23.8,23.8,1,1.0
2025-08-01 09:00,24.87,24.87,24.87,1,1.0
2025-08-01 10:00,25.63,25.63,25.63,1,1.0
2025-08-01 11:00,26.11,26.11,26.11,1,1.0
2025-08-01 12:00,26.05,26.05,26.05,1,1.0
2025-08-01 13:00,26.02,26.02,26.02,1,1.0
2025-08-01 14:00,26.36,26.36,26.36,1,1.0
2025-08-01 15:00,26.13,26.13,26.13,1,1.0
2025-08-01 16:00,25.94,25.94,25.94,1,1.0
2025-08-01 17:00,25.5,25.5,25.5,1,1.0
2025-08-01 18:00,24.86,24.86,24.86,1,1.0
2025-08-01 19:00,24.27,24.27,24.27,1,1.0
2025-08-01 20:00,23.72,23.72,23.72,1,1.0
2025-08-01 21:00,23.05,23.05,23.05,1,1.0
2025-08-01 22:00,22.02,22.02,22.02,1,1.0
2025-08-01 23:00,21.21,21.21,21.21,1,1.0
2025-08-02 00:00,21.79,21.79,21.79,1,1.0
2025-08-02 01:00,22.11,22.11,22.11,1,1.0
2025-08-02 02:00,21.71,21.71,21.71,1,1.0
2025-08-02 03:00,21.39,21.39,21.39,1,1.0
2025-08-02 04:00,21.11,21.11,21.11,1,1.0
2025-08-02 05:00,20.89,20.89,20.89,1,1.0
2025-08-02 06:00,20.82,20.82,20.82,1,1.0
2025-08-02 07:00,21.38,21.38,21.38,1,1.0
2025-08-02 08:00,22.74,22.74,22.74,1,1.0
2025-08-02 09:00,23.71,23.71,23.71,1,1.0
2025-08-02 10:00,24.62,24.62,24.62,1,1.0
2025-08-02 11:00,25.4,25.4,25.4,1,1.0
2025-08-02 12:00,25.9,25.9,25.9,1,1.0
2025-08-02 13:00,26.07,26.07,26.07,1,1.0
2025-08-02 14:00,25.95,25.95,25.95,1,1.0
2025-08-02 15:00,25.79,25.79,25.79,1,1.0
2025-08-02 16:00,25.33,25.33,25.33,1,1.0
2025-08-02 17:00,24.93,24.93,24.93,1,1.0
2025-08-02 18:00,24.35,24.35,24.35,1,1.0
2025-08-02 19:00,23.73,23.73,23.73,1,1.0
2025-08-02 20:00,23.14,23.14,23.14,1,1.0
2025-08-02 21:00,22.4,22.4,22.4,1,1.0
2025-08-02 22:00,21.32,21.32,21.32,1,1.0
2025-08-02 23:00,20.61,20.61,20.61,1,1.0
2025-08-03 00:00,20.49,20.49,20.49,1,1.0
2025-08-03 01:00,20.61,20.61,20.61,1,1.0
2025-08-03 02:00,21.05,21.05,21.05,1,1.0
2025-08-03 03:00,20.99,20.99,20.99,1,1.0
2025-08-03 04:00,20.18,20.18,20.18,1,1.0
2025-08-03 05:00,19.67,19.67,19.67,1,1.0
2025-08-03 06:00,20.33,20.33,20.33,1,1.0
2025-08-03 07:00,21.45,21.45,21.45,1,1.0
2025-08-03 08:00,22.93,22.93,22.93,1,1.0
2025-08-03 09:00,23.86,23.86,23.86,1,1.0
2025-08-03 10:00,24.5,24.5,24.5,1,1.0
2025-08-03 11:00,24.96,24.96,24.96,1,1.0
2025-08-03 12:00,24.99,24.99,24.99,1,1.0
2025-08-03 13:00,25.22,25.22,25.22,1,1.0
2025-08-03 14:00,25.25,25.25,25.25,1,1.0
2025-08-03 15:00,25.29,25.29,25.29,1,1.0
2025-08-03 16:00,24.92,24.92,24.92,1,1.0
2025-08-03 17:00,24.53,24.53,24.53,1,1.0
2025-08-03 18:00,24.03,24.03,24.03,1,1.0
2025-08-03 19:00,23.35,23.35,23.35,1,1.0
2025-08-03 20:00,22.64,22.64,22.64,1,1.0
2025-08-03 21:00,21.99,21.99,21.99,1,1.0
2025-08-03 22:00,21.05,21.05,21.05,1,1.0
2025-08-03 23:00,20.93,20.93,20.93,1,1.0
2025-08-04 00:00,21.52,21.52,21.52,1,1.0
2025-08-04 01:00,21.2,21.2,21.2,1,1.0
2025-08-04 02:00,21.11,21.11,21.11,1,1.0
2025-08-04 03:00,19.26,19.26,19.26,1,1.0
2025-08-04 04:00,18.48,18.48,18.48,1,1.0
2025-08-04 05:00,18.17,18.17,18.17,1,1.0
2025-08-04 06:00,18.98,18.98,18.98,1,1.0
2025-08-04 07:00,20.76,20.76,20.76,1,1.0
2025-08-04 08:00,22.29,22.29,22.29,1,1.0
2025-08-04 09:00,23.34,23.34,23.34,1,1.0
2025-08-04 10:00,24.38,24.38,24.38,1,1.0
2025-08-04 11:00,25.34,25.34,25.34,1,1.0
2025-08-04 12:00,26.03,26.03,26.03,1,1.0
2025-08-04 13:00,26.03,26.03,26.03,1,1.0
2025-08-04 14:00,26.19,26.19,26.19,1,1.0
2025-08-04 15:00,26.27,26.27,26.27,1,1.0
2025-08-04 16:00,25.93,25.93,25.93,1,1.0
2025-08-04 17:00,25.45,25.45,25.45,1,1.0
2025-08-04 18:00,25.07,25.07,25.07,1,1.0
2025-08-04 19:00,24.54,24.54,24.54,1,1.0
2025-08-04 20:00,24.05,24.05,24.05,1,1.0
2025-08-04 21:00,23.57,23.57,23.57,1,1.0
2025-08-04 22:00,22.89,22.89,22.89,1,1.0
2025-08-04 23:00,22.38,22.38,22.38,1,1.0
2025-08-05 00:00,21.84,21.84,21.84,1,1.0
2025-08-05 01:00,21.37,21.37,21.37,1,1.0
2025-08-05 02:00,20.98,20.98,20.98,1,1.0
2025-08-05 03:00,20.6,20.6,20.6,1,1.0
2025-08-05 04:00,20.22,20.22,20.22,1,1.0
2025-08-05 05:00,19.86,19.86,19.86,1,1.0
2025-08-05 06:00,19.94,19.94,19.94,1,1.0
2025-08-05 07:00,21.31,21.31,21.31,1,1.0
2025-08-05 08:00,22.71,22.71,22.71,1,1.0
2025-08-05 09:00,23.87,23.87,23.87,1,1.0
2025-08-05 10:00,25.2,25.2,25.2,1,1.0
2025-08-05 11:00,26.38,26.38,26.38,1,1.0
2025-08-05 12:00,26.84,26.84,26.84,1,1.0
2025-08-05 13:00,27.23,27.23,27.23,1,1.0
2025-08-05 14:00,27.36,27.36,27.36,1,1.0
2025-08-05 15:00,27.1,27.1,27.1,1,1.0
2025-08-05 16:00,26.69,26.69,26.69,1,1.0
2025-08-05 17:00,26.28,26.28,26.28,1,1.0
2025-08-05 18:00,25.82,25.82,25.82,1,1.0
2025-08-05 19:00,25.18,25.18,25.18,1,1.0
2025-08-05 20:00,24.77,24.77,24.77,1,1.0
2025-08-05 21:00,24.23,24.23,24.23,1,1.0
2025-08-05 22:00,23.64,23.64,23.64,1,1.0
2025-08-05 23:00,22.91,22.91,22.91,1,1.0
2025-08-06 00:00,22.23,22.23,22.23,1,1.0
2025-08-06 01:00,21.66,21.66,21.66,1,1.0
2025-08-06 02:00,21.15,21.15,21.15,1,1.0
2025-08-06 03:00,20.68,20.68,20.68,1,1.0
2025-08-06 04:00,20.26,20.26,20.26,1,1.0
2025-08-06 05:00,19.93,19.93,19.93,1,1.0
2025-08-06 06:00,20.03,20.03,20.03,1,1.0
2025-08-06 07:00,21.63,21.63,21.63,1,1.0
2025-08-06 08:00,23.85,23.85,23.85,1,1.0
2025-08-06 09:00,25.53,25.53,25.53,1,1.0
2025-08-06 10:00,26.84,26.84,26.84,1,1.0
2025-08-06 11:00,27.72,27.72,27.72,1,1.0
2025-08-06 12:00,28.22,28.22,28.22,1,1.0
2025-08-06 13:00,28.41,28.41,28.41,1,1.0
2025-08-06 14:00,28.41,28.41,28.41,1,1.0
2025-08-06 15:00,28.35,28.35,28.35,1,1.0
2025-08-06 16:00,27.96,27.96,27.96,1,1.0
2025-08-06 17:00,27.36,27.36,27.36,1,1.0
2025-08-06 18:00,26.66,26.66,26.66,1,1.0
2025-08-06 19:00,25.88,25.88,25.88,1,1.0
2025-08-06 20:00,24.8,24.8,24.8,1,1.0
2025-08-06 21:00,23.93,23.93,23.93,1,1.0
2025-08-06 22:00,23.21,23.21,23.21,1,1.0
2025-08-06 23:00,22.17,22.17,22.17,1,1.0
2025-08-07 00:00,21.47,21.47,21.47,1,1.0
2025-08-07 01:00,20.87,20.87,20.87,1,1.0
2025-08-07 02:00,20.46,20.46,20.46,1,1.0
2025-08-07 03:00,20.19,20.19,20.19,1,1.0
2025-08-07 04:00,20.04,20.04,20.04,1,1.0
2025-08-07 05:00,20.17,20.17,20.17,1,1.0
2025-08-07 06:00,20.66,20.66,20.66,1,1.0
2025-08-07 07:00,22.48,22.48,22.48,1,1.0
2025-08-07 08:00,24.77,24.77,24.77,1,1.0
2025-08-07 09:00,26.37,26.37,26.37,1,1.0
2025-08-07 10:00,27.5,27.5,27.5,1,1.0
2025-08-07 11:00,28.31,28.31,28.31,1,1.0
2025-08-07 12:00,28.82,28.82,28.82,1,1.0
2025-08-07 13:00,29.11,29.11,29.11,1,1.0
2025-08-07 14:00,29.18,29.18,29.18,1,1.0
2025-08-07 15:00,29.18,29.18,29.18,1,1.0
2025-08-07 16:00,28.92,28.92,28.92,1,1.0
2025-08-07 17:00,28.61,28.61,28.61,1,1.0
2025-08-07 18:00,27.99,27.99,27.99,1,1.0
2025-08-07 19:00,27.24,27.24,27.24,1,1.0
2025-08-07 20:00,26.33,26.33,26.33,1,1.0
2025-08-07 21:00,25.87,25.87,25.87,1,1.0
2025-08-07 22:00,25.37,25.37,25.37,1,1.0
2025-08-07 23:00,24.86,24.86,24.86,1,1.0
2025-08-08 00:00,24.38,24.38,24.38,1,1.0
2025-08-08 01:00,23.95,23.95,23.95,1,1.0
2025-08-08 02:00,23.48,23.48,23.48,1,1.0
2025-08-08 03:00,22.99,22.99,22.99,1,1.0
2025-08-08 04:00,22.54,22.54,22.54,1,1.0
2025-08-08 05:00,22.15,22.15,22.15,1,1.0
2025-08-08 06:00,22.08,22.08,22.08,1,1.0
2025-08-08 07:00,23.5,23.5,23.5,1,1.0
2025-08-08 08:00,26.06,26.06,26.06,1,1.0
2025-08-08 09:00,27.91,27.91,27.91,1,1.0
2025-08-08 10:00,29.4,29.4,29.4,1,1.0
2025-08-08 11:00,30.43,30.43,30.43,1,1.0
2025-08-08 12:00,30.81,30.81,30.81,1,1.0
2025-08-08 13:00,30.92,30.92,30.92,1,1.0
2025-08-08 14:00,31.07,31.07,31.07,1,1.0
2025-08-08 15:00,31.03,31.03,31.03,1,1.0
2025-08-08 16:00,30.88,30.88,30.88,1,1.0
2025-08-08 17:00,30.43,30.43,30.43,1,1.0
2025-08-08 18:00,29.69,29.69,29.69,1,1.0
2025-08-08 19:00,28.74,28.74,28.74,1,1.0
2025-08-08 20:00,27.85,27.85,27.85,1,1.0
2025-08-08 21:00,26.65,26.65,26.65,1,1.0
2025-08-08 22:00,25.53,25.53,25.53,1,1.0
2025-08-08 23:00,24.85,24.85,24.85,1,1.0
2025-08-09 00:00,24.34,24.34,24.34,1,1.0
2025-08-09 01:00,23.93,23.93,23.93,1,1.0
2025-08-09 02:00,23.66,23.66,23.66,1,1.0
2025-08-09 03:00,23.23,23.23,23.23,1,1.0
2025-08-09 04:00,22.87,22.87,22.87,1,1.0
2025-08-09 05:00,22.63,22.63,22.63,1,1.0
2025-08-09 06:00,22.77,22.77,22.77,1,1.0
2025-08-09 07:00,24.64,24.64,24.64,1,1.0
2025-08-09 08:00,27.27,27.27,27.27,1,1.0
2025-08-09 09:00,29.01,29.01,29.01,1,1.0
2025-08-09 10:00,29.8,29.8,29.8,1,1.0
2025-08-09 11:00,30.14,30.14,30.14,1,1.0
2025-08-09 12:00,30.61,30.61,30.61,1,1.0
2025-08-09 13:00,30.87,30.87,30.87,1,1.0
2025-08-09 14:00,30.82,30.82,30.82,1,1.0
2025-08-09 15:00,30.45,30.45,30.45,1,1.0
2025-08-09 16:00,29.9,29.9,29.9,1,1.0
2025-08-09 17:00,29.38,29.38,29.38,1,1.0
2025-08-09 18:00,28.82,28.82,28.82,1,1.0
2025-08-09 19:00,28.07,28.07,28.07,1,1.0
2025-08-09 20:00,27.15,27.15,27.15,1,1.0
2025-08-09 21:00,26.31,26.31,26.31,1,1.0
2025-08-09 22:00,25.59,25.59,25.59,1,1.0
2025-08-09 23:00,24.89,24.89,24.89,1,1.0
2025-08-10 00:00,24.26,24.26,24.26,1,1.0
2025-08-10 01:00,23.63,23.63,23.63,1,1.0
2025-08-10 02:00,23.08,23.08,23.08,1,1.0
2025-08-10 03:00,22.67,22.67,22.67,1,1.0
2025-08-10 04:00,22.2,22.2,22.2,1,1.0
2025-08-10 05:00,21.58,21.58,21.58,1,1.0
2025-08-10 06:00,21.57,21.57,21.57,1,1.0
2025-08-10 07:00,24.95,24.95,24.95,1,1.0
2025-08-10 08:00,27.99,27.99,27.99,1,1.0
2025-08-10 09:00,29.88,29.88,29.88,1,1.0
2025-08-10 10:00,30.68,30.68,30.68,1,1.0
2025-08-10 11:00,31.0,31.0,31.0,1,1.0
2025-08-10 12:00,31.48,31.48,31.48,1,1.0
2025-08-10 13:00,31.71,31.71,31.71,1,1.0
2025-08-10 14:00,31.63,31.63,31.63,1,1.0
2025-08-10 15:00,31.42,31.42,31.42,1,1.0
2025-08-10 16:00,31.15,31.15,31.15,1,1.0
2025-08-10 17:00,30.55,30.55,30.55,1,1.0
2025-08-10 18:00,29.81,29.81,29.81,1,1.0
2025-08-10 19:00,28.92,28.92,28.92,1,1.0
2025-08-10 20:00,27.87,27.87,27.87,1,1.0
2025-08-10 21:00,27.5,27.5,27.5,1,1.0
2025-08-10 22:00,26.51,26.51,26.51,1,1.0
2025-08-10 23:00,25.16,25.16,25.16,1,1.0
2025-08-11 00:00,24.29,24.29,24.29,1,1.0
2025-08-11 01:00,23.69,23.69,23.69,1,1.0
2025-08-11 02:00,23.22,23.22,23.22,1,1.0
2025-08-11 03:00,22.72,22.72,22.72,1,1.0
2025-08-11 04:00,22.19,22.19,22.19,1,1.0
2025-08-11 05:00,21.69,21.69,21.69,1,1.0
2025-08-11 06:00,21.87,21.87,21.87,1,1.0
2025-08-11 07:00,25.0,25.0,25.0,1,1.0
2025-08-11 08:00,28.06,28.06,28.06,1,1.0
2025-08-11 09:00,29.82,29.82,29.82,1,1.0
2025-08-11 10:00,30.74,30.74,30.74,1,1.0
2025-08-11 11:00,31.39,31.39,31.39,1,1.0
2025-08-11 12:00,31.97,31.97,31.97,1,1.0
2025-08-11 13:00,32.08,32.08,32.08,1,1.0
2025-08-11 14:00,31.71,31.71,31.71,1,1.0
2025-08-11 15:00,31.24,31.24,31.24,1,1.0
2025-08-11 16:00,31.24,31.24,31.24,1,1.0
2025-08-11 17:00,30.96,30.96,30.96,1,1.0
2025-08-11 18:00,30.51,30.51,30.51,1,1.0
2025-08-11 19:00,29.5,29.5,29.5,1,1.0
2025-08-11 20:00,28.17,28.17,28.17,1,1.0
2025-08-11 21:00,27.69,27.69,27.69,1,1.0
2025-08-11 22:00,26.48,26.48,26.48,1,1.0
2025-08-11 23:00,25.42,25.42,25.42,1,1.0
2025-08-12 00:00,24.52,24.52,24.52,1,1.0
2025-08-12 01:00,24.09,24.09,24.09,1,1.0
2025-08-12 02:00,23.69,23.69,23.69,1,1.0
2025-08-12 03:00,23.23,23.23,23.23,1,1.0
2025-08-12 04:00,22.87,22.87,22.87,1,1.0
2025-08-12 05:00,22.74,22.74,22.74,1,1.0
2025-08-12 06:00,23.56,23.56,23.56,1,1.0
2025-08-12 07:00,25.83,25.83,25.83,1,1.0
2025-08-12 08:00,28.75,28.75,28.75,1,1.0
2025-08-12 09:00,30.36,30.36,30.36,1,1.0
2025-08-12 10:00,31.25,31.25,31.25,1,1.0
2025-08-12 11:00,31.22,31.22,31.22,1,1.0
2025-08-12 12:00,31.42,31.42,31.42,1,1.0
2025-08-12 13:00,31.35,31.35,31.35,1,1.0
2025-08-12 14:00,30.48,30.48,30.48,1,1.0
2025-08-12 15:00,30.8,30.8,30.8,1,1.0
2025-08-12 16:00,30.52,30.52,30.52,1,1.0
2025-08-12 17:00,29.76,29.76,29.76,1,1.0
2025-08-12 18:00,29.13,29.13,29.13,1,1.0
2025-08-12 19:00,28.64,28.64,28.64,1,1.0
2025-08-12 20:00,29.19,29.19,29.19,1,1.0
2025-08-12 21:00,28.53,28.53,28.53,1,1.0
2025-08-12 22:00,27.8,27.8,27.8,1,1.0
2025-08-12 23:00,27.22,27.22,27.22,1,1.0
2025-08-13 00:00,26.74,26.74,26.74,1,1.0
2025-08-13 01:00,26.31,26.31,26.31,1,1.0
2025-08-13 02:00,25.88,25.88,25.88,1,1.0
2025-08-13 03:00,25.48,25.48,25.48,1,1.0
2025-08-13 04:00,25.15,25.15,25.15,1,1.0
2025-08-13 05:00,24.83,24.83,24.83,1,1.0
2025-08-13 06:00,24.8,24.8,24.8,1,1.0
2025-08-13 07:00,26.06,26.06,26.06,1,1.0
2025-08-13 08:00,28.53,28.53,28.53,1,1.0
2025-08-13 09:00,30.52,30.52,30.52,1,1.0
2025-08-13 10:00,31.91,31.91,31.91,1,1.0
2025-08-13 11:00,32.43,32.43,32.43,1,1.0
2025-08-13 12:00,32.46,32.46,32.46,1,1.0
2025-08-13 13:00,32.55,32.55,32.55,1,1.0
2025-08-13 14:00,32.55,32.55,32.55,1,1.0
2025-08-13 15:00,31.95,31.95,31.95,1,1.0
2025-08-13 16:00,30.57,30.57,30.57,1,1.0
2025-08-13 17:00,30.16,30.16,30.16,1,1.0
2025-08-13 18:00,29.63,29.63,29.63,1,1.0
2025-08-13 19:00,28.79,28.79,28.79,1,1.0
2025-08-13 20:00,28.75,28.75,28.75,1,1.0
2025-08-13 21:00,27.97,27.97,27.97,1,1.0
2025-08-13 22:00,27.64,27.64,27.64,1,1.0
2025-08-13 23:00,27.32,27.32,27.32,1,1.0
2025-08-14 00:00,26.9,26.9,26.9,1,1.0
2025-08-14 01:00,26.41,26.41,26.41,1,1.0
2025-08-14 02:00,25.88,25.88,25.88,1,1.0
2025-08-14 03:00,25.5,25.5,25.5,1,1.0
2025-08-14 04:00,25.2,25.2,25.2,1,1.0
2025-08-14 05:00,24.82,24.82,24.82,1,1.0
2025-08-14 06:00,24.68,24.68,24.68,1,1.0
2025-08-14 07:00,25.86,25.86,25.86,1,1.0
2025-08-14 08:00,28.01,28.01,28.01,1,1.0
2025-08-14 09:00,29.35,29.35,29.35,1,1.0
2025-08-14 10:00,30.16,30.16,30.16,1,1.0
2025-08-14 11:00,30.72,30.72,30.72,1,1.0
2025-08-14 12:00,31.18,31.18,31.18,1,1.0
2025-08-14 13:00,31.07,31.07,31.07,1,1.0
2025-08-14 14:00,31.2,31.2,31.2,1,1.0
2025-08-14 15:00,30.92,30.92,30.92,1,1.0
2025-08-14 16:00,29.81,29.81,29.81,1,1.0
2025-08-14 17:00,28.99,28.99,28.99,1,1.0
2025-08-14 18:00,28.3,28.3,28.3,1,1.0
2025-08-14 19:00,27.75,27.75,27.75,1,1.0
2025-08-14 20:00,26.31,26.31,26.31,1,1.0
2025-08-14 21:00,26.05,26.05,26.05,1,1.0
2025-08-14 22:00,25.69,25.69,25.69,1,1.0
2025-08-14 23:00,25.33,25.33,25.33,1,1.0
2025-08-15 00:00,25.01,25.01,25.01,1,1.0
2025-08-15 01:00,24.65,24.65,24.65,1,1.0
2025-08-15 02:00,24.29,24.29,24.29,1,1.0
2025-08-15 03:00,23.85,23.85,23.85,1,1.0
2025-08-15 04:00,23.26,23.26,23.26,1,1.0
2025-08-15 05:00,22.58,22.58,22.58,1,1.0
2025-08-15 06:00,22.66,22.66,22.66,1,1.0
2025-08-15 07:00,25.22,25.22,25.22,1,1.0
2025-08-15 08:00,26.0,26.0,26.0,1,1.0
2025-08-15 09:00,27.79,27.79,27.79,1,1.0
2025-08-15 10:00,28.9,28.9,28.9,1,1.0
2025-08-15 11:00,29.54,29.54,29.54,1,1.0
2025-08-15 12:00,29.87,29.87,29.87,1,1.0
2025-08-15 13:00,29.88,29.88,29.88,1,1.0
2025-08-15 14:00,29.73,29.73,29.73,1,1.0
2025-08-15 15:00,28.14,28.14,28.14,1,1.0
2025-08-15 16:00,26.88,26.88,26.88,1,1.0
2025-08-15 17:00,26.24,26.24,26.24,1,1.0
2025-08-15 18:00,25.45,25.45,25.45,1,1.0
2025-08-15 19:00,24.88,24.88,24.88,1,1.0
2025-08-15 20:00,25.61,25.61,25.61,1,1.0
2025-08-15 21:00,25.36,25.36,25.36,1,1.0
2025-08-15 22:00,25.13,25.13,25.13,1,1.0
2025-08-15 23:00,24.85,24.85,24.85,1,1.0
2025-08-16 00:00,24.61,24.61,24.61,1,1.0
2025-08-16 01:00,24.24,24.24,24.24,1,1.0
2025-08-16 02:00,24.03,24.03,24.03,1,1.0
2025-08-16 03:00,23.86,23.86,23.86,1,1.0
2025-08-16 04:00,23.73,23.73,23.73,1,1.0
2025-08-16 05:00,23.5,23.5,23.5,1,1.0
2025-08-16 06:00,23.31,23.31,23.31,1,1.0
2025-08-16 07:00,24.51,24.51,24.51,1,1.0
2025-08-16 08:00,26.7,26.7,26.7,1,1.0
2025-08-16 09:00,28.04,28.04,28.04,1,1.0
2025-08-16 10:00,28.85,28.85,28.85,1,1.0
2025-08-16 11:00,29.29,29.29,29.29,1,1.0
2025-08-16 12:00,29.57,29.57,29.57,1,1.0
2025-08-16 13:00,29.83,29.83,29.83,1,1.0
2025-08-16 14:00,29.07,29.07,29.07,1,1.0
2025-08-16 15:00,28.42,28.42,28.42,1,1.0
2025-08-16 16:00,27.22,27.22,27.22,1,1.0
2025-08-16 17:00,26.06,26.06,26.06,1,1.0
2025-08-16 18:00,26.05,26.05,26.05,1,1.0
2025-08-16 19:00,25.69,25.69,25.69,1,1.0
2025-08-16 20:00,24.54,24.54,24.54,1,1.0
2025-08-16 21:00,23.83,23.83,23.83,1,1.0
2025-08-16 22:00,23.78,23.78,23.78,1,1.0
2025-08-16 23:00,23.52,23.52,23.52,1,1.0
2025-08-17 00:00,23.06,23.06,23.06,1,1.0
2025-08-17 01:00,22.91,22.91,22.91,1,1.0
2025-08-17 02:00,23.12,23.12,23.12,1,1.0
2025-08-17 03:00,22.98,22.98,22.98,1,1.0
2025-08-17 04:00,22.82,22.82,22.82,1,1.0
2025-08-17 05:00,21.24,21.24,21.24,1,1.0
2025-08-17 06:00,20.57,20.57,20.57,1,1.0
2025-08-17 07:00,22.99,22.99,22.99,1,1.0
2025-08-17 08:00,24.87,24.87,24.87,1,1.0
2025-08-17 09:00,26.17,26.17,26.17,1,1.0
2025-08-17 10:00,27.19,27.19,27.19,1,1.0
2025-08-17 11:00,27.96,27.96,27.96,1,1.0
2025-08-17 12:00,28.41,28.41,28.41,1,1.0
2025-08-17 13:00,28.39,28.39,28.39,1,1.0
2025-08-17 14:00,26.81,26.81,26.81,1,1.0
2025-08-17 15:00,26.58,26.58,26.58,1,1.0
2025-08-17 16:00,26.63,26.63,26.63,1,1.0
2025-08-17 17:00,26.06,26.06,26.06,1,1.0
2025-08-17 18:00,25.73,25.73,25.73,1,1.0
2025-08-17 19:00,25.29,25.29,25.29,1,1.0
2025-08-17 20:00,24.51,24.51,24.51,1,1.0
2025-08-17 21:00,24.43,24.43,24.43,1,1.0
2025-08-17 22:00,24.05,24.05,24.05,1,1.0
2025-08-17 23:00,23.92,23.92,23.92,1,1.0
2025-08-18 00:00,23.63,23.63,23.63,1,1.0
2025-08-18 01:00,23.39,23.39,23.39,1,1.0
2025-08-18 02:00,23.12,23.12,23.12,1,1.0
2025-08-18 03:00,21.9,21.9,21.9,1,1.0
2025-08-18 04:00,21.14,21.14,21.14,1,1.0
2025-08-18 05:00,20.95,20.95,20.95,1,1.0
2025-08-18 06:00,21.07,21.07,21.07,1,1.0
2025-08-18 07:00,23.25,23.25,23.25,1,1.0
2025-08-18 08:00,25.51,25.51,25.51,1,1.0
2025-08-18 09:00,27.09,27.09,27.09,1,1.0
2025-08-18 10:00,28.14,28.14,28.14,1,1.0
2025-08-18 11:00,28.86,28.86,28.86,1,1.0
2025-08-18 12:00,29.25,29.25,29.25,1,1.0
2025-08-18 13:00,29.52,29.52,29.52,1,1.0
2025-08-18 14:00,28.7,28.7,28.7,1,1.0
2025-08-18 15:00,27.12,27.12,27.12,1,1.0
2025-08-18 16:00,26.72,26.72,26.72,1,1.0
2025-08-18 17:00,26.98,26.98,26.98,1,1.0
2025-08-18 18:00,26.82,26.82,26.82,1,1.0
2025-08-18 19:00,26.33,26.33,26.33,1,1.0
2025-08-18 20:00,25.12,25.12,25.12,1,1.0
2025-08-18 21:00,25.01,25.01,25.01,1,1.0
2025-08-18 22:00,23.7,23.7,23.7,1,1.0
2025-08-18 23:00,22.7,22.7,22.7,1,1.0
2025-08-19 00:00,22.07,22.07,22.07,1,1.0
2025-08-19 01:00,21.57,21.57,21.57,1,1.0
2025-08-19 02:00,21.19,21.19,21.19,1,1.0
2025-08-19 03:00,20.89,20.89,20.89,1,1.0
2025-08-19 04:00,20.59,20.59,20.59,1,1.0
2025-08-19 05:00,20.4,20.4,20.4,1,1.0
2025-08-19 06:00,20.87,20.87,20.87,1,1.0
2025-08-19 07:00,23.1,23.1,23.1,1,1.0
2025-08-19 08:00,24.94,24.94,24.94,1,1.0
2025-08-19 09:00,26.4,26.4,26.4,1,1.0
2025-08-19 10:00,27.41,27.41,27.41,1,1.0
2025-08-19 11:00,28.06,28.06,28.06,1,1.0
2025-08-19 12:00,28.24,28.24,28.24,1,1.0
2025-08-19 13:00,28.16,28.16,28.16,1,1.0
2025-08-19 14:00,27.93,27.93,27.93,1,1.0
2025-08-19 15:00,27.45,27.45,27.45,1,1.0
2025-08-19 16:00,27.14,27.14,27.14,1,1.0
2025-08-19 17:00,26.64,26.64,26.64,1,1.0
2025-08-19 18:00,26.09,26.09,26.09,1,1.0
2025-08-19 19:00,25.43,25.43,25.43,1,1.0
2025-08-19 20:00,24.81,24.81,24.81,1,1.0
2025-08-19 21:00,24.04,24.04,24.04,1,1.0
2025-08-19 22:00,24.06,24.06,24.06,1,1.0
2025-08-19 23:00,23.98,23.98,23.98,1,1.0
2025-08-20 00:00,22.91,22.91,22.91,1,1.0
2025-08-20 01:00,22.32,22.32,22.32,1,1.0
2025-08-20 02:00,21.9,21.9,21.9,1,1.0
2025-08-20 03:00,21.66,21.66,21.66,1,1.0
2025-08-20 04:00,22.02,22.02,22.02,1,1.0
2025-08-20 05:00,22.24,22.24,22.24,1,1.0
2025-08-20 06:00,21.25,21.25,21.25,1,1.0
2025-08-20 07:00,22.59,22.59,22.59,1,1.0
2025-08-20 08:00,24.39,24.39,24.39,1,1.0
2025-08-20 09:00,25.35,25.35,25.35,1,1.0
2025-08-20 10:00,26.5,26.5,26.5,1,1.0
2025-08-20 11:00,27.36,27.36,27.36,1,1.0
2025-08-20 12:00,27.93,27.93,27.93,1,1.0
2025-08-20 13:00,28.2,28.2,28.2,1,1.0
2025-08-20 14:00,28.26,28.26,28.26,1,1.0
2025-08-20 15:00,28.05,28.05,28.05,1,1.0
2025-08-20 16:00,27.65,27.65,27.65,1,1.0
2025-08-20 17:00,27.13,27.13,27.13,1,1.0
2025-08-20 18:00,26.53,26.53,26.53,1,1.0
2025-08-20 19:00,25.73,25.73,25.73,1,1.0
2025-08-20 20:00,25.24,25.24,25.24,1,1.0
2025-08-20 21:00,24.8,24.8,24.8,1,1.0
2025-08-20 22:00,24.44,24.44,24.44,1,1.0
2025-08-20 23:00,24.35,24.35,24.35,1,1.0
2025-08-21 00:00,24.5,24.5,24.5,1,1.0
2025-08-21 01:00,24.65,24.65,24.65,1,1.0
2025-08-21 02:00,24.93,24.93,24.93,1,1.0
2025-08-21 03:00,25.1,25.1,25.1,1,1.0
2025-08-21 04:00,25.03,25.03,25.03,1,1.0
2025-08-21 05:00,24.69,24.69,24.69,1,1.0
2025-08-21 06:00,24.37,24.37,24.37,1,1.0
2025-08-21 07:00,24.65,24.65,24.65,1,1.0
2025-08-21 08:00,25.07,25.07,25.07,1,1.0
2025-08-21 09:00,25.77,25.77,25.77,1,1.0
2025-08-21 10:00,26.23,26.23,26.23,1,1.0
2025-08-21 11:00,26.79,26.79,26.79,1,1.0
2025-08-21 12:00,26.92,26.92,26.92,1,1.0
2025-08-21 13:00,26.55,26.55,26.55,1,1.0
2025-08-21 14:00,26.7,26.7,26.7,1,1.0
2025-08-21 15:00,26.71,26.71,26.71,1,1.0
2025-08-21 16:00,26.36,26.36,26.36,1,1.0
2025-08-21 17:00,25.81,25.81,25.81,1,1.0
2025-08-21 18:00,25.21,25.21,25.21,1,1.0
2025-08-21 19:00,24.62,24.62,24.62,1,1.0
2025-08-21 20:00,24.47,24.47,24.47,1,1.0
2025-08-21 21:00,24.1,24.1,24.1,1,1.0
2025-08-21 22:00,23.81,23.81,23.81,1,1.0
2025-08-21 23:00,23.51,23.51,23.51,1,1.0
2025-08-22 00:00,23.3,23.3,23.3,1,1.0
2025-08-22 01:00,22.65,22.65,22.65,1,1.0
2025-08-22 02:00,22.12,22.12,22.12,1,1.0
2025-08-22 03:00,21.79,21.79,21.79,1,1.0
2025-08-22 04:00,20.29,20.29,20.29,1,1.0
2025-08-22 05:00,19.93,19.93,19.93,1,1.0
2025-08-22 06:00,20.1,20.1,20.1,1,1.0
2025-08-22 07:00,20.81,20.81,20.81,1,1.0
2025-08-22 08:00,22.16,22.16,22.16,1,1.0
2025-08-22 09:00,22.81,22.81,22.81,1,1.0
2025-08-22 10:00,23.48,23.48,23.48,1,1.0
2025-08-22 11:00,24.28,24.28,24.28,1,1.0
2025-08-22 12:00,24.59,24.59,24.59,1,1.0
2025-08-22 13:00,24.98,24.98,24.98,1,1.0
2025-08-22 14:00,25.1,25.1,25.1,1,1.0
2025-08-22 15:00,25.12,25.12,25.12,1,1.0
2025-08-22 16:00,24.81,24.81,24.81,1,1.0
2025-08-22 17:00,24.49,24.49,24.49,1,1.0
2025-08-22 18:00,23.99,23.99,23.99,1,1.0
2025-08-22 19:00,23.47,23.47,23.47,1,1.0
2025-08-22 20:00,23.55,23.55,23.55,1,1.0
2025-08-22 21:00,22.83,22.83,22.83,1,1.0
2025-08-22 22:00,21.94,21.94,21.94,1,1.0
2025-08-22 23:00,21.19,21.19,21.19,1,1.0
2025-08-23 00:00,20.77,20.77,20.77,1,1.0
2025-08-23 01:00,20.67,20.67,20.67,1,1.0
2025-08-23 02:00,21.32,21.32,21.32,1,1.0
2025-08-23 03:00,20.94,20.94,20.94,1,1.0
2025-08-23 04:00,20.37,20.37,20.37,1,1.0
2025-08-23 05:00,19.89,19.89,19.89,1,1.0
2025-08-23 06:00,19.94,19.94,19.94,1,1.0
2025-08-23 07:00,21.08,21.08,21.08,1,1.0
2025-08-23 08:00,22.88,22.88,22.88,1,1.0
2025-08-23 09:00,23.3,23.3,23.3,1,1.0
2025-08-23 10:00,23.42,23.42,23.42,1,1.0
2025-08-23 11:00,23.8,23.8,23.8,1,1.0
2025-08-23 12:00,24.46,24.46,24.46,1,1.0
2025-08-23 13:00,24.8,24.8,24.8,1,1.0
2025-08-23 14:00,25.2,25.2,25.2,1,1.0
2025-08-23 15:00,24.36,24.36,24.36,1,1.0
2025-08-23 16:00,24.16,24.16,24.16,1,1.0
2025-08-23 17:00,24.17,24.17,24.17,1,1.0
2025-08-23 18:00,24.05,24.05,24.05,1,1.0
2025-08-23 19:00,23.59,23.59,23.59,1,1.0
2025-08-23 20:00,22.61,22.61,22.61,1,1.0
2025-08-23 21:00,22.13,22.13,22.13,1,1.0
2025-08-23 22:00,22.73,22.73,22.73,1,1.0
2025-08-23 23:00,22.86,22.86,22.86,1,1.0
2025-08-24 00:00,22.61,22.61,22.61,1,1.0
2025-08-24 01:00,22.34,22.34,22.34,1,1.0
2025-08-24 02:00,22.04,22.04,22.04,1,1.0
2025-08-24 03:00,21.74,21.74,21.74,1,1.0
2025-08-24 04:00,21.55,21.55,21.55,1,1.0
2025-08-24 05:00,21.31,21.31,21.31,1,1.0
2025-08-24 06:00,19.81,19.81,19.81,1,1.0
2025-08-24 07:00,21.13,21.13,21.13,1,1.0
2025-08-24 08:00,22.61,22.61,22.61,1,1.0
2025-08-24 09:00,23.95,23.95,23.95,1,1.0
2025-08-24 10:00,24.86,24.86,24.86,1,1.0
2025-08-24 11:00,25.31,25.31,25.31,1,1.0
2025-08-24 12:00,25.66,25.66,25.66,1,1.0
2025-08-24 13:00,25.73,25.73,25.73,1,1.0
2025-08-24 14:00,25.47,25.47,25.47,1,1.0
2025-08-24 15:00,25.47,25.47,25.47,1,1.0
2025-08-24 16:00,25.26,25.26,25.26,1,1.0
2025-08-24 17:00,24.89,24.89,24.89,1,1.0
2025-08-24 18:00,24.37,24.37,24.37,1,1.0
2025-08-24 19:00,23.83,23.83,23.83,1,1.0
2025-08-24 20:00,23.26,23.26,23.26,1,1.0
2025-08-24 21:00,22.65,22.65,22.65,1,1.0
2025-08-24 22:00,21.87,21.87,21.87,1,1.0
2025-08-24 23:00,21.09,21.09,21.09,1,1.0
2025-08-25 00:00,20.99,20.99,20.99,1,1.0
2025-08-25 01:00,21.43,21.43,21.43,1,1.0
2025-08-25 02:00,21.36,21.36,21.36,1,1.0
2025-08-25 03:00,21.69,21.69,21.69,1,1.0
2025-08-25 04:00,21.41,21.41,21.41,1,1.0
2025-08-25 05:00,21.15,21.15,21.15,1,1.0
2025-08-25 06:00,20.44,20.44,20.44,1,1.0
2025-08-25 07:00,20.86,20.86,20.86,1,1.0
2025-08-25 08:00,22.34,22.34,22.34,1,1.0
2025-08-25 09:00,23.7,23.7,23.7,1,1.0
2025-08-25 10:00,24.72,24.72,24.72,1,1.0
2025-08-25 11:00,25.59,25.59,25.59,1,1.0
2025-08-25 12:00,26.19,26.19,26.19,1,1.0
2025-08-25 13:00,26.52,26.52,26.52,1,1.0
2025-08-25 14:00,26.47,26.47,26.47,1,1.0
2025-08-25 15:00,26.18,26.18,26.18,1,1.0
2025-08-25 16:00,25.85,25.85,25.85,1,1.0
2025-08-25 17:00,25.21,25.21,25.21,1,1.0
2025-08-25 18:00,24.77,24.77,24.77,1,1.0
2025-08-25 19:00,24.39,24.39,24.39,1,1.0
2025-08-25 20:00,23.79,23.79,23.79,1,1.0
2025-08-25 21:00,23.34,23.34,23.34,1,1.0
2025-08-25 22:00,23.69,23.69,23.69,1,1.0
2025-08-25 23:00,23.14,23.14,23.14,1,1.0
2025-08-26 00:00,21.68,21.68,21.68,1,1.0
2025-08-26 01:00,21.32,21.32,21.32,1,1.0
2025-08-26 02:00,21.36,21.36,21.36,1,1.0
2025-08-26 03:00,21.99,21.99,21.99,1,1.0
2025-08-26 04:00,22.62,22.62,22.62,1,1.0
2025-08-26 05:00,20.92,20.92,20.92,1,1.0
2025-08-26 06:00,20.73,20.73,20.73,1,1.0
2025-08-26 07:00,22.29,22.29,22.29,1,1.0
2025-08-26 08:00,23.22,23.22,23.22,1,1.0
2025-08-26 09:00,24.01,24.01,24.01,1,1.0
2025-08-26 10:00,24.72,24.72,24.72,1,1.0
2025-08-26 11:00,25.45,25.45,25.45,1,1.0
2025-08-26 12:00,25.88,25.88,25.88,1,1.0
2025-08-26 13:00,26.26,26.26,26.26,1,1.0
2025-08-26 14:00,26.17,26.17,26.17,1,1.0
2025-08-26 15:00,25.79,25.79,25.79,1,1.0
2025-08-26 16:00,25.42,25.42,25.42,1,1.0
2025-08-26 17:00,25.07,25.07,25.07,1,1.0
2025-08-26 18:00,24.48,24.48,24.48,1,1.0
2025-08-26 19:00,23.9,23.9,23.9,1,1.0
2025-08-26 20:00,23.34,23.34,23.34,1,1.0
2025-08-26 21:00,23.2,23.2,23.2,1,1.0
2025-08-26 22:00,23.56,23.56,23.56,1,1.0
2025-08-26 23:00,23.28,23.28,23.28,1,1.0
2025-08-27 00:00,23.04,23.04,23.04,1,1.0
2025-08-27 01:00,22.8,22.8,22.8,1,1.0
2025-08-27 02:00,22.57,22.57,22.57,1,1.0
2025-08-27 03:00,22.34,22.34,22.34,1,1.0
2025-08-27 04:00,20.89,20.89,20.89,1,1.0
2025-08-27 05:00,19.98,19.98,19.98,1,1.0
2025-08-27 06:00,18.84,18.84,18.84,1,1.0
2025-08-27 07:00,21.27,21.27,21.27,1,1.0
2025-08-27 08:00,23.82,23.82,23.82,1,1.0
2025-08-27 09:00,25.42,25.42,25.42,1,1.0
2025-08-27 10:00,26.6,26.6,26.6,1,1.0
2025-08-27 11:00,27.45,27.45,27.45,1,1.0
2025-08-27 12:00,27.95,27.95,27.95,1,1.0
2025-08-27 13:00,28.09,28.09,28.09,1,1.0
2025-08-27 14:00,27.99,27.99,27.99,1,1.0
2025-08-27 15:00,27.87,27.87,27.87,1,1.0
2025-08-27 16:00,27.42,27.42,27.42,1,1.0
2025-08-27 17:00,26.7,26.7,26.7,1,1.0
2025-08-27 18:00,26.04,26.04,26.04,1,1.0
2025-08-27 19:00,25.29,25.29,25.29,1,1.0
2025-08-27 20:00,25.03,25.03,25.03,1,1.0
2025-08-27 21:00,23.92,23.92,23.92,1,1.0
2025-08-27 22:00,22.64,22.64,22.64,1,1.0
2025-08-27 23:00,22.15,22.15,22.15,1,1.0
2025-08-28 00:00,22.31,22.31,22.31,1,1.0
2025-08-28 01:00,21.94,21.94,21.94,1,1.0
2025-08-28 02:00,21.11,21.11,21.11,1,1.0
2025-08-28 03:00,21.08,21.08,21.08,1,1.0
2025-08-28 04:00,21.44,21.44,21.44,1,1.0
2025-08-28 05:00,21.59,21.59,21.59,1,1.0
2025-08-28 06:00,21.59,21.59,21.59,1,1.0
2025-08-28 07:00,23.28,23.28,23.28,1,1.0
2025-08-28 08:00,25.98,25.98,25.98,1,1.0
2025-08-28 09:00,27.79,27.79,27.79,1,1.0
2025-08-28 10:00,29.09,29.09,29.09,1,1.0
2025-08-28 11:00,29.52,29.52,29.52,1,1.0
2025-08-28 12:00,29.75,29.75,29.75,1,1.0
2025-08-28 13:00,29.89,29.89,29.89,1,1.0
2025-08-28 14:00,29.99,29.99,29.99,1,1.0
2025-08-28 15:00,29.88,29.88,29.88,1,1.0
2025-08-28 16:00,29.65,29.65,29.65,1,1.0
2025-08-28 17:00,29.13,29.13,29.13,1,1.0
2025-08-28 18:00,28.35,28.35,28.35,1,1.0
2025-08-28 19:00,27.49,27.49,27.49,1,1.0
2025-08-28 20:00,26.98,26.98,26.98,1,1.0
2025-08-28 21:00,26.53,26.53,26.53,1,1.0
2025-08-28 22:00,26.26,26.26,26.26,1,1.0
2025-08-28 23:00,25.98,25.98,25.98,1,1.0
2025-08-29 00:00,25.6,25.6,25.6,1,1.0
2025-08-29 01:00,25.09,25.09,25.09,1,1.0
2025-08-29 02:00,24.58,24.58,24.58,1,1.0
2025-08-29 03:00,24.17,24.17,24.17,1,1.0
2025-08-29 04:00,23.84,23.84,23.84,1,1.0
2025-08-29 05:00,23.59,23.59,23.59,1,1.0
2025-08-29 06:00,23.48,23.48,23.48,1,1.0
2025-08-29 07:00,24.27,24.27,24.27,1,1.0
2025-08-29 08:00,25.47,25.47,25.47,1,1.0
2025-08-29 09:00,26.36,26.36,26.36,1,1.0
2025-08-29 10:00,27.15,27.15,27.15,1,1.0
2025-08-29 11:00,27.62,27.62,27.62,1,1.0
2025-08-29 12:00,26.54,26.54,26.54,1,1.0
2025-08-29 13:00,24.86,24.86,24.86,1,1.0
2025-08-29 14:00,25.18,25.18,25.18,1,1.0
2025-08-29 15:00,24.02,24.02,24.02,1,1.0
2025-08-29 16:00,23.63,23.63,23.63,1,1.0
2025-08-29 17:00,23.75,23.75,23.75,1,1.0
2025-08-29 18:00,23.94,23.94,23.94,1,1.0
2025-08-29 19:00,23.07,23.07,23.07,1,1.0
2025-08-29 20:00,22.49,22.49,22.49,1,1.0
2025-08-29 21:00,21.75,21.75,21.75,1,1.0
2025-08-29 22:00,21.67,21.67,21.67,1,1.0
2025-08-29 23:00,21.94,21.94,21.94,1,1.0
2025-08-30 00:00,22.14,22.14,22.14,1,1.0
2025-08-30 01:00,21.83,21.83,21.83,1,1.0
2025-08-30 02:00,21.11,21.11,21.11,1,1.0
2025-08-30 03:00,20.42,20.42,20.42,1,1.0
2025-08-30 04:00,20.25,20.25,20.25,1,1.0
2025-08-30 05:00,20.22,20.22,20.22,1,1.0
2025-08-30 06:00,19.85,19.85,19.85,1,1.0
2025-08-30 07:00,19.88,19.88,19.88,1,1.0
2025-08-30 08:00,20.06,20.06,20.06,1,1.0
2025-08-30 09:00,20.43,20.43,20.43,1,1.0
2025-08-30 10:00,20.68,20.68,20.68,1,1.0
2025-08-30 11:00,21.68,21.68,21.68,1,1.0
2025-08-30 12:00,22.7,22.7,22.7,1,1.0
2025-08-30 13:00,23.27,23.27,23.27,1,1.0
2025-08-30 14:00,23.36,23.36,23.36,1,1.0
2025-08-30 15:00,23.08,23.08,23.08,1,1.0
2025-08-30 16:00,21.3,21.3,21.3,1,1.0
2025-08-30 17:00,20.75,20.75,20.75,1,1.0
2025-08-30 18:00,20.32,20.32,20.32,1,1.0
2025-08-30 19:00,20.08,20.08,20.08,1,1.0
2025-08-30 20:00,21.35,21.35,21.35,1,1.0
2025-08-30 21:00,21.09,21.09,21.09,1,1.0
2025-08-30 22:00,20.79,20.79,20.79,1,1.0
2025-08-30 23:00,20.29,20.29,20.29,1,1.0
2025-08-31 00:00,19.78,19.78,19.78,1,1.0
2025-08-31 01:00,19.96,19.96,19.96,1,1.0
2025-08-31 02:00,20.3,20.3,20.3,1,1.0
2025-08-31 03:00,20.74,20.74,20.74,1,1.0
2025-08-31 04:00,19.71,19.71,19.71,1,1.0
2025-08-31 05:00,17.39,17.39,17.39,1,1.0
2025-08-31 06:00,16.83,16.83,16.83,1,1.0
2025-08-31 07:00,18.5,18.5,18.5,1,1.0
2025-08-31 08:00,21.42,21.42,21.42,1,1.0
2025-08-31 09:00,22.64,22.64,22.64,1,1.0
2025-08-31 10:00,23.61,23.61,23.61,1,1.0
2025-08-31 11:00,24.3,24.3,24.3,1,1.0
2025-08-31 12:00,24.73,24.73,24.73,1,1.0
2025-08-31 13:00,24.92,24.92,24.92,1,1.0
2025-08-31 14:00,24.94,24.94,24.94,1,1.0
2025-08-31 15:00,24.69,24.69,24.69,1,1.0
2025-08-31 16:00,24.38,24.38,24.38,1,1.0
2025-08-31 17:00,23.91,23.91,23.91,1,1.0
2025-08-31 18:00,23.24,23.24,23.24,1,1.0
2025-08-31 19:00,22.39,22.39,22.39,1,1.0
2025-08-31 20:00,21.12,21.12,21.12,1,1.0
2025-08-31 21:00,21.96,21.96,21.96,1,1.0
2025-08-31 22:00,22.18,22.18,22.18,1,1.0
2025-08-31 23:00,21.9,21.9,21.9,1,1.0
2025-09-01 00:00,21.61,21.61,21.61,1,1.0
2025-09-01 01:00,21.33,21.33,21.33,1,1.0
2025-09-01 02:00,20.99,20.99,20.99,1,1.0
2025-09-01 03:00,19.64,19.64,19.64,1,1.0
2025-09-01 04:00,18.77,18.77,18.77,1,1.0
2025-09-01 05:00,18.37,18.37,18.37,1,1.0
2025-09-01 06:00,18.02,18.02,18.02,1,1.0
2025-09-01 07:00,19.16,19.16,19.16,1,1.0
2025-09-01 08:00,22.25,22.25,22.25,1,1.0
2025-09-01 09:00,23.07,23.07,23.07,1,1.0
2025-09-01 10:00,23.77,23.77,23.77,1,1.0
2025-09-01 11:00,24.39,24.39,24.39,1,1.0
2025-09-01 12:00,24.89,24.89,24.89,1,1.0
2025-09-01 13:00,25.25,25.25,25.25,1,1.0
2025-09-01 14:00,25.32,25.32,25.32,1,1.0
2025-09-01 15:00,25.23,25.23,25.23,1,1.0
2025-09-01 16:00,24.98,24.98,24.98,1,1.0
2025-09-01 17:00,24.54,24.54,24.54,1,1.0
2025-09-01 18:00,23.91,23.91,23.91,1,1.0
2025-09-01 19:00,23.62,23.62,23.62,1,1.0
2025-09-01 20:00,22.78,22.78,22.78,1,1.0
2025-09-01 21:00,21.38,21.38,21.38,1,1.0
2025-09-01 22:00,21.47,21.47,21.47,1,1.0
2025-09-01 23:00,22.12,22.12,22.12,1,1.0
2025-09-02 00:00,20.06,20.06,20.06,1,1.0
2025-09-02 01:00,19.1,19.1,19.1,1,1.0
2025-09-02 02:00,19.11,19.11,19.11,1,1.0
2025-09-02 03:00,19.74,19.74,19.74,1,1.0
2025-09-02 04:00,19.19,19.19,19.19,1,1.0
2025-09-02 05:00,18.93,18.93,18.93,1,1.0
2025-09-02 06:00,19.3,19.3,19.3,1,1.0
2025-09-02 07:00,21.68,21.68,21.68,1,1.0
2025-09-02 08:00,23.51,23.51,23.51,1,1.0
2025-09-02 09:00,24.2,24.2,24.2,1,1.0
2025-09-02 10:00,23.52,23.52,23.52,1,1.0
2025-09-02 11:00,23.62,23.62,23.62,1,1.0
2025-09-02 12:00,23.91,23.91,23.91,1,1.0
2025-09-02 13:00,23.51,23.51,23.51,1,1.0
2025-09-02 14:00,23.24,23.24,23.24,1,1.0
2025-09-02 15:00,23.21,23.21,23.21,1,1.0
2025-09-02 16:00,22.61,22.61,22.61,1,1.0
2025-09-02 17:00,22.42,22.42,22.42,1,1.0
2025-09-02 18:00,21.77,21.77,21.77,1,1.0
2025-09-02 19:00,21.16,21.16,21.16,1,1.0
2025-09-02 20:00,21.77,21.77,21.77,1,1.0
2025-09-02 21:00,21.75,21.75,21.75,1,1.0
2025-09-02 22:00,21.6,21.6,21.6,1,1.0
2025-09-02 23:00,21.54,21.54,21.54,1,1.0
2025-09-03 00:00,21.27,21.27,21.27,1,1.0
2025-09-03 01:00,20.98,20.98,20.98,1,1.0
2025-09-03 02:00,20.63,20.63,20.63,1,1.0
2025-09-03 03:00,19.82,19.82,19.82,1,1.0
2025-09-03 04:00,19.27,19.27,19.27,1,1.0
2025-09-03 05:00,19.78,19.78,19.78,1,1.0
2025-09-03 06:00,19.77,19.77,19.77,1,1.0
2025-09-03 07:00,19.61,19.61,19.61,1,1.0
2025-09-03 08:00,22.33,22.33,22.33,1,1.0
2025-09-03 09:00,22.91,22.91,22.91,1,1.0
2025-09-03 10:00,23.46,23.46,23.46,1,1.0
2025-09-03 11:00,23.93,23.93,23.93,1,1.0
2025-09-03 12:00,24.32,24.32,24.32,1,1.0
2025-09-03 13:00,24.54,24.54,24.54,1,1.0
2025-09-03 14:00,24.55,24.55,24.55,1,1.0
2025-09-03 15:00,24.32,24.32,24.32,1,1.0
2025-09-03 16:00,24.04,24.04,24.04,1,1.0
2025-09-03 17:00,23.71,23.71,23.71,1,1.0
2025-09-03 18:00,23.29,23.29,23.29,1,1.0
2025-09-03 19:00,22.66,22.66,22.66,1,1.0
2025-09-03 20:00,21.64,21.64,21.64,1,1.0
2025-09-03 21:00,21.04,21.04,21.04,1,1.0
2025-09-03 22:00,21.05,21.05,21.05,1,1.0
2025-09-03 23:00,20.85,20.85,20.85,1,1.0
2025-09-04 00:00,20.7,20.7,20.7,1,1.0
2025-09-04 01:00,20.22,20.22,20.22,1,1.0
2025-09-04 02:00,19.72,19.72,19.72,1,1.0
2025-09-04 03:00,19.27,19.27,19.27,1,1.0
2025-09-04 04:00,18.84,18.84,18.84,1,1.0
2025-09-04 05:00,18.35,18.35,18.35,1,1.0
2025-09-04 06:00,17.98,17.98,17.98,1,1.0
2025-09-04 07:00,19.4,19.4,19.4,1,1.0
2025-09-04 08:00,22.55,22.55,22.55,1,1.0
2025-09-04 09:00,23.69,23.69,23.69,1,1.0
2025-09-04 10:00,24.59,24.59,24.59,1,1.0
2025-09-04 11:00,25.4,25.4,25.4,1,1.0
2025-09-04 12:00,25.87,25.87,25.87,1,1.0
2025-09-04 13:00,26.09,26.09,26.09,1,1.0
2025-09-04 14:00,26.06,26.06,26.06,1,1.0
2025-09-04 15:00,25.92,25.92,25.92,1,1.0
2025-09-04 16:00,25.47,25.47,25.47,1,1.0
2025-09-04 17:00,24.73,24.73,24.73,1,1.0
2025-09-04 18:00,24.01,24.01,24.01,1,1.0
2025-09-04 19:00,23.28,23.28,23.28,1,1.0
2025-09-04 20:00,22.66,22.66,22.66,1,1.0
2025-09-04 21:00,21.67,21.67,21.67,1,1.0
2025-09-04 22:00,21.01,21.01,21.01,1,1.0
2025-09-04 23:00,20.82,20.82,20.82,1,1.0
2025-09-05 00:00,20.86,20.86,20.86,1,1.0
2025-09-05 01:00,20.85,20.85,20.85,1,1.0
2025-09-05 02:00,20.73,20.73,20.73,1,1.0
2025-09-05 03:00,21.33,21.33,21.33,1,1.0
2025-09-05 04:00,21.46,21.46,21.46,1,1.0
2025-09-05 05:00,21.36,21.36,21.36,1,1.0
2025-09-05 06:00,21.29,21.29,21.29,1,1.0
2025-09-05 07:00,21.6,21.6,21.6,1,1.0
2025-09-05 08:00,22.7,22.7,22.7,1,1.0
2025-09-05 09:00,23.85,23.85,23.85,1,1.0
2025-09-05 10:00,24.65,24.65,24.65,1,1.0
2025-09-05 11:00,25.31,25.31,25.31,1,1.0
2025-09-05 12:00,25.77,25.77,25.77,1,1.0
2025-09-05 13:00,26.04,26.04,26.04,1,1.0
2025-09-05 14:00,25.98,25.98,25.98,1,1.0
2025-09-05 15:00,25.71,25.71,25.71,1,1.0
2025-09-05 16:00,25.25,25.25,25.25,1,1.0
2025-09-05 17:00,24.71,24.71,24.71,1,1.0
2025-09-05 18:00,24.09,24.09,24.09,1,1.0
2025-09-05 19:00,23.39,23.39,23.39,1,1.0
2025-09-05 20:00,22.88,22.88,22.88,1,1.0
2025-09-05 21:00,22.0,22.0,22.0,1,1.0
2025-09-05 22:00,22.14,22.14,22.14,1,1.0
2025-09-05 23:00,22.41,22.41,22.41,1,1.0
2025-09-06 00:00,22.11,22.11,22.11,1,1.0
2025-09-06 01:00,21.8,21.8,21.8,1,1.0
2025-09-06 02:00,21.48,21.48,21.48,1,1.0
2025-09-06 03:00,21.19,21.19,21.19,1,1.0
2025-09-06 04:00,20.94,20.94,20.94,1,1.0
2025-09-06 05:00,20.08,20.08,20.08,1,1.0
2025-09-06 06:00,19.1,19.1,19.1,1,1.0
2025-09-06 07:00,19.94,19.94,19.94,1,1.0
2025-09-06 08:00,22.58,22.58,22.58,1,1.0
2025-09-06 09:00,23.63,23.63,23.63,1,1.0
2025-09-06 10:00,24.52,24.52,24.52,1,1.0
2025-09-06 11:00,25.28,25.28,25.28,1,1.0
2025-09-06 12:00,25.69,25.69,25.69,1,1.0
2025-09-06 13:00,25.9,25.9,25.9,1,1.0
2025-09-06 14:00,25.87,25.87,25.87,1,1.0
2025-09-06 15:00,25.82,25.82,25.82,1,1.0
2025-09-06 16:00,25.48,25.48,25.48,1,1.0
2025-09-06 17:00,24.82,24.82,24.82,1,1.0
2025-09-06 18:00,24.08,24.08,24.08,1,1.0
2025-09-06 19:00,23.31,23.31,23.31,1,1.0
2025-09-06 20:00,22.28,22.28,22.28,1,1.0
2025-09-06 21:00,21.75,21.75,21.75,1,1.0
2025-09-06 22:00,21.59,21.59,21.59,1,1.0
2025-09-06 23:00,21.11,21.11,21.11,1,1.0
2025-09-07 00:00,20.3,20.3,20.3,1,1.0
2025-09-07 01:00,20.03,20.03,20.03,1,1.0
2025-09-07 02:00,20.15,20.15,20.15,1,1.0
2025-09-07 03:00,19.52,19.52,19.52,1,1.0
2025-09-07 04:00,19.0,19.0,19.0,1,1.0
2025-09-07 05:00,18.43,18.43,18.43,1,1.0
2025-09-07 06:00,18.07,18.07,18.07,1,1.0
2025-09-07 07:00,19.44,19.44,19.44,1,1.0
2025-09-07 08:00,22.98,22.98,22.98,1,1.0
2025-09-07 09:00,24.1,24.1,24.1,1,1.0
2025-09-07 10:00,24.96,24.96,24.96,1,1.0
2025-09-07 11:00,25.6,25.6,25.6,1,1.0
2025-09-07 12:00,25.88,25.88,25.88,1,1.0
2025-09-07 13:00,25.97,25.97,25.97,1,1.0
2025-09-07 14:00,25.92,25.92,25.92,1,1.0
2025-09-07 15:00,25.66,25.66,25.66,1,1.0
2025-09-07 16:00,25.21,25.21,25.21,1,1.0
2025-09-07 17:00,24.55,24.55,24.55,1,1.0
2025-09-07 18:00,23.82,23.82,23.82,1,1.0
2025-09-07 19:00,23.12,23.12,23.12,1,1.0
2025-09-07 20:00,22.26,22.26,22.26,1,1.0
2025-09-07 21:00,21.35,21.35,21.35,1,1.0
2025-09-07 22:00,22.08,22.08,22.08,1,1.0
2025-09-07 23:00,22.27,22.27,22.27,1,1.0
2025-09-08 00:00,22.15,22.15,22.15,1,1.0
2025-09-08 01:00,22.03,22.03,22.03,1,1.0
2025-09-08 02:00,21.76,21.76,21.76,1,1.0
2025-09-08 03:00,21.63,21.63,21.63,1,1.0
2025-09-08 04:00,21.49,21.49,21.49,1,1.0
2025-09-08 05:00,21.38,21.38,21.38,1,1.0
2025-09-08 06:00,21.17,21.17,21.17,1,1.0
2025-09-08 07:00,20.75,20.75,20.75,1,1.0
2025-09-08 08:00,22.67,22.67,22.67,1,1.0
2025-09-08 09:00,23.52,23.52,23.52,1,1.0
2025-09-08 10:00,24.26,24.26,24.26,1,1.0
2025-09-08 11:00,24.82,24.82,24.82,1,1.0
2025-09-08 12:00,25.24,25.24,25.24,1,1.0
2025-09-08 13:00,25.55,25.55,25.55,1,1.0
2025-09-08 14:00,25.62,25.62,25.62,1,1.0
2025-09-08 15:00,25.4,25.4,25.4,1,1.0
2025-09-08 16:00,24.81,24.81,24.81,1,1.0
2025-09-08 17:00,24.27,24.27,24.27,1,1.0
2025-09-08 18:00,23.66,23.66,23.66,1,1.0
2025-09-08 19:00,23.12,23.12,23.12,1,1.0
2025-09-08 20:00,22.38,22.38,22.38,1,1.0
2025-09-08 21:00,22.48,22.48,22.48,1,1.0
2025-09-08 22:00,22.02,22.02,22.02,1,1.0
2025-09-08 23:00,21.14,21.14,21.14,1,1.0
2025-09-09 00:00,20.23,20.23,20.23,1,1.0
2025-09-09 01:00,20.54,20.54,20.54,1,1.0
2025-09-09 02:00,20.51,20.51,20.51,1,1.0
2025-09-09 03:00,21.71,21.71,21.71,1,1.0
2025-09-09 04:00,21.12,21.12,21.12,1,1.0
2025-09-09 05:00,19.6,19.6,19.6,1,1.0
2025-09-09 06:00,19.75,19.75,19.75,1,1.0
2025-09-09 07:00,21.05,21.05,21.05,1,1.0
2025-09-09 08:00,23.32,23.32,23.32,1,1.0
2025-09-09 09:00,23.89,23.89,23.89,1,1.0
2025-09-09 10:00,24.69,24.69,24.69,1,1.0
2025-09-09 11:00,25.7,25.7,25.7,1,1.0
2025-09-09 12:00,26.44,26.44,26.44,1,1.0
2025-09-09 13:00,26.73,26.73,26.73,1,1.0
2025-09-09 14:00,26.64,26.64,26.64,1,1.0
2025-09-09 15:00,26.25,26.25,26.25,1,1.0
2025-09-09 16:00,25.92,25.92,25.92,1,1.0
2025-09-09 17:00,25.59,25.59,25.59,1,1.0
2025-09-09 18:00,24.9,24.9,24.9,1,1.0
2025-09-09 19:00,23.79,23.79,23.79,1,1.0
2025-09-09 20:00,22.98,22.98,22.98,1,1.0
2025-09-09 21:00,22.85,22.85,22.85,1,1.0
2025-09-09 22:00,22.71,22.71,22.71,1,1.0
2025-09-09 23:00,22.36,22.36,22.36,1,1.0
2025-09-10 00:00,22.21,22.21,22.21,1,1.0
2025-09-10 01:00,22.67,22.67,22.67,1,1.0
2025-09-10 02:00,23.09,23.09,23.09,1,1.0
2025-09-10 03:00,22.95,22.95,22.95,1,1.0
2025-09-10 04:00,23.04,23.04,23.04,1,1.0
2025-09-10 05:00,23.14,23.14,23.14,1,1.0
2025-09-10 06:00,23.16,23.16,23.16,1,1.0
2025-09-10 07:00,23.58,23.58,23.58,1,1.0
2025-09-10 08:00,25.1,25.1,25.1,1,1.0
2025-09-10 09:00,26.31,26.31,26.31,1,1.0
2025-09-10 10:00,25.99,25.99,25.99,1,1.0
2025-09-10 11:00,24.81,24.81,24.81,1,1.0
2025-09-10 12:00,24.46,24.46,24.46,1,1.0
2025-09-10 13:00,24.34,24.34,24.34,1,1.0
2025-09-10 14:00,23.92,23.92,23.92,1,1.0
2025-09-10 15:00,24.35,24.35,24.35,1,1.0
2025-09-10 16:00,24.79,24.79,24.79,1,1.0
2025-09-10 17:00,24.54,24.54,24.54,1,1.0
2025-09-10 18:00,24.22,24.22,24.22,1,1.0
2025-09-10 19:00,22.2,22.2,22.2,1,1.0
2025-09-10 20:00,21.74,21.74,21.74,1,1.0
2025-09-10 21:00,21.35,21.35,21.35,1,1.0
2025-09-10 22:00,21.32,21.32,21.32,1,1.0
2025-09-10 23:00,21.26,21.26,21.26,1,1.0
2025-09-11 00:00,21.28,21.28,21.28,1,1.0
2025-09-11 01:00,21.19,21.19,21.19,1,1.0
2025-09-11 02:00,20.99,20.99,20.99,1,1.0
2025-09-11 03:00,20.74,20.74,20.74,1,1.0
2025-09-11 04:00,20.76,20.76,20.76,1,1.0
2025-09-11 05:00,20.64,20.64,20.64,1,1.0
2025-09-11 06:00,20.44,20.44,20.44,1,1.0
2025-09-11 07:00,20.64,20.64,20.64,1,1.0
2025-09-11 08:00,21.17,21.17,21.17,1,1.0
2025-09-11 09:00,22.12,22.12,22.12,1,1.0
2025-09-11 10:00,22.93,22.93,22.93,1,1.0
2025-09-11 11:00,23.43,23.43,23.43,1,1.0
2025-09-11 12:00,23.57,23.57,23.57,1,1.0
2025-09-11 13:00,23.6,23.6,23.6,1,1.0
2025-09-11 14:00,23.57,23.57,23.57,1,1.0
2025-09-11 15:00,23.61,23.61,23.61,1,1.0
2025-09-11 16:00,23.35,23.35,23.35,1,1.0
2025-09-11 17:00,23.03,23.03,23.03,1,1.0
2025-09-11 18:00,22.6,22.6,22.6,1,1.0
2025-09-11 19:00,22.08,22.08,22.08,1,1.0
2025-09-11 20:00,21.87,21.87,21.87,1,1.0
2025-09-11 21:00,20.96,20.96,20.96,1,1.0
2025-09-11 22:00,20.44,20.44,20.44,1,1.0
2025-09-11 23:00,20.23,20.23,20.23,1,1.0
2025-09-12 00:00,20.56,20.56,20.56,1,1.0
2025-09-12 01:00,20.63,20.63,20.63,1,1.0
2025-09-12 02:00,20.46,20.46,20.46,1,1.0
2025-09-12 03:00,20.17,20.17,20.17,1,1.0
2025-09-12 04:00,20.06,20.06,20.06,1,1.0
2025-09-12 05:00,20.56,20.56,20.56,1,1.0
2025-09-12 06:00,19.86,19.86,19.86,1,1.0
2025-09-12 07:00,19.18,19.18,19.18,1,1.0
2025-09-12 08:00,21.82,21.82,21.82,1,1.0
2025-09-12 09:00,22.68,22.68,22.68,1,1.0
2025-09-12 10:00,23.5,23.5,23.5,1,1.0
2025-09-12 11:00,24.18,24.18,24.18,1,1.0
2025-09-12 12:00,24.56,24.56,24.56,1,1.0
2025-09-12 13:00,24.59,24.59,24.59,1,1.0
2025-09-12 14:00,24.53,24.53,24.53,1,1.0
2025-09-12 15:00,24.14,24.14,24.14,1,1.0
2025-09-12 16:00,23.71,23.71,23.71,1,1.0
2025-09-12 17:00,23.16,23.16,23.16,1,1.0
2025-09-12 18:00,22.54,22.54,22.54,1,1.0
2025-09-12 19:00,21.48,21.48,21.48,1,1.0
2025-09-12 20:00,20.71,20.71,20.71,1,1.0
2025-09-12 21:00,20.9,20.9,20.9,1,1.0
2025-09-12 22:00,21.4,21.4,21.4,1,1.0
2025-09-12 23:00,21.18,21.18,21.18,1,1.0
2025-09-13 00:00,20.82,20.82,20.82,1,1.0
2025-09-13 01:00,20.82,20.82,20.82,1,1.0
2025-09-13 02:00,20.36,20.36,20.36,1,1.0
2025-09-13 03:00,18.76,18.76,18.76,1,1.0
2025-09-13 04:00,17.22,17.22,17.22,1,1.0
2025-09-13 05:00,16.75,16.75,16.75,1,1.0
2025-09-13 06:00,17.44,17.44,17.44,1,1.0
2025-09-13 07:00,18.17,18.17,18.17,1,1.0
2025-09-13 08:00,19.21,19.21,19.21,1,1.0
2025-09-13 09:00,21.35,21.35,21.35,1,1.0
2025-09-13 10:00,22.68,22.68,22.68,1,1.0
2025-09-13 11:00,23.6,23.6,23.6,1,1.0
2025-09-13 12:00,24.15,24.15,24.15,1,1.0
2025-09-13 13:00,24.44,24.44,24.44,1,1.0
2025-09-13 14:00,24.4,24.4,24.4,1,1.0
2025-09-13 15:00,24.16,24.16,24.16,1,1.0
2025-09-13 16:00,23.79,23.79,23.79,1,1.0
2025-09-13 17:00,23.31,23.31,23.31,1,1.0
2025-09-13 18:00,22.68,22.68,22.68,1,1.0
2025-09-13 19:00,21.91,21.91,21.91,1,1.0
2025-09-13 20:00,21.39,21.39,21.39,1,1.0
2025-09-13 21:00,21.91,21.91,21.91,1,1.0
2025-09-13 22:00,21.66,21.66,21.66,1,1.0
2025-09-13 23:00,21.37,21.37,21.37,1,1.0
2025-09-14 00:00,21.11,21.11,21.11,1,1.0
2025-09-14 01:00,20.28,20.28,20.28,1,1.0
2025-09-14 02:00,19.16,19.16,19.16,1,1.0
2025-09-14 03:00,19.76,19.76,19.76,1,1.0
2025-09-14 04:00,20.46,20.46,20.46,1,1.0
2025-09-14 05:00,20.42,20.42,20.42,1,1.0
2025-09-14 06:00,20.37,20.37,20.37,1,1.0
2025-09-14 07:00,19.46,19.46,19.46,1,1.0
2025-09-14 08:00,21.8,21.8,21.8,1,1.0
2025-09-14 09:00,22.6,22.6,22.6,1,1.0
2025-09-14 10:00,23.37,23.37,23.37,1,1.0
2025-09-14 11:00,23.94,23.94,23.94,1,1.0
2025-09-14 12:00,24.42,24.42,24.42,1,1.0
2025-09-14 13:00,24.66,24.66,24.66,1,1.0
2025-09-14 14:00,24.74,24.74,24.74,1,1.0
2025-09-14 15:00,24.41,24.41,24.41,1,1.0
2025-09-14 16:00,24.06,24.06,24.06,1,1.0
2025-09-14 17:00,23.57,23.57,23.57,1,1.0
2025-09-14 18:00,22.97,22.97,22.97,1,1.0
2025-09-14 19:00,22.24,22.24,22.24,1,1.0
2025-09-14 20:00,21.47,21.47,21.47,1,1.0
2025-09-14 21:00,20.83,20.83,20.83,1,1.0
2025-09-14 22:00,20.27,20.27,20.27,1,1.0
2025-09-14 23:00,19.89,19.89,19.89,1,1.0
2025-09-15 00:00,19.78,19.78,19.78,1,1.0
2025-09-15 01:00,19.97,19.97,19.97,1,1.0
2025-09-15 02:00,20.84,20.84,20.84,1,1.0
2025-09-15 03:00,19.75,19.75,19.75,1,1.0
2025-09-15 04:00,17.99,17.99,17.99,1,1.0
2025-09-15 05:00,18.4,18.4,18.4,1,1.0
2025-09-15 06:00,18.39,18.39,18.39,1,1.0
2025-09-15 07:00,18.72,18.72,18.72,1,1.0
2025-09-15 08:00,20.52,20.52,20.52,1,1.0
2025-09-15 09:00,22.43,22.43,22.43,1,1.0
2025-09-15 10:00,23.98,23.98,23.98,1,1.0
2025-09-15 11:00,24.88,24.88,24.88,1,1.0
2025-09-15 12:00,25.32,25.32,25.32,1,1.0
2025-09-15 13:00,25.49,25.49,25.49,1,1.0
2025-09-15 14:00,25.47,25.47,25.47,1,1.0
2025-09-15 15:00,25.21,25.21,25.21,1,1.0
2025-09-15 16:00,24.9,24.9,24.9,1,1.0
2025-09-15 17:00,24.3,24.3,24.3,1,1.0
2025-09-15 18:00,23.53,23.53,23.53,1,1.0
2025-09-15 19:00,22.8,22.8,22.8,1,1.0
2025-09-15 20:00,22.17,22.17,22.17,1,1.0
2025-09-15 21:00,21.27,21.27,21.27,1,1.0
2025-09-15 22:00,20.68,20.68,20.68,1,1.0
2025-09-15 23:00,21.14,21.14,21.14,1,1.0
2025-09-16 00:00,21.4,21.4,21.4,1,1.0
2025-09-16 01:00,21.2,21.2,21.2,1,1.0
2025-09-16 02:00,20.43,20.43,20.43,1,1.0
2025-09-16 03:00,19.89,19.89,19.89,1,1.0
2025-09-16 04:00,19.32,19.32,19.32,1,1.0
2025-09-16 05:00,18.76,18.76,18.76,1,1.0
2025-09-16 06:00,18.67,18.67,18.67,1,1.0
2025-09-16 07:00,19.49,19.49,19.49,1,1.0
2025-09-16 08:00,21.13,21.13,21.13,1,1.0
2025-09-16 09:00,22.43,22.43,22.43,1,1.0
2025-09-16 10:00,23.31,23.31,23.31,1,1.0
2025-09-16 11:00,24.1,24.1,24.1,1,1.0
2025-09-16 12:00,24.44,24.44,24.44,1,1.0
2025-09-16 13:00,24.36,24.36,24.36,1,1.0
2025-09-16 14:00,24.48,24.48,24.48,1,1.0
2025-09-16 15:00,24.29,24.29,24.29,1,1.0
2025-09-16 16:00,24.04,24.04,24.04,1,1.0
2025-09-16 17:00,23.65,23.65,23.65,1,1.0
2025-09-16 18:00,23.07,23.07,23.07,1,1.0
2025-09-16 19:00,22.6,22.6,22.6,1,1.0
2025-09-16 20:00,22.33,22.33,22.33,1,1.0
2025-09-16 21:00,21.65,21.65,21.65,1,1.0
2025-09-16 22:00,20.96,20.96,20.96,1,1.0
2025-09-16 23:00,20.52,20.52,20.52,1,1.0
2025-09-17 00:00,20.37,20.37,20.37,1,1.0
2025-09-17 01:00,20.25,20.25,20.25,1,1.0
2025-09-17 02:00,20.42,20.42,20.42,1,1.0
2025-09-17 03:00,20.78,20.78,20.78,1,1.0
2025-09-17 04:00,21.06,21.06,21.06,1,1.0
2025-09-17 05:00,20.91,20.91,20.91,1,1.0
2025-09-17 06:00,20.84,20.84,20.84,1,1.0
2025-09-17 07:00,20.39,20.39,20.39,1,1.0
2025-09-17 08:00,21.48,21.48,21.48,1,1.0
2025-09-17 09:00,22.34,22.34,22.34,1,1.0
2025-09-17 10:00,23.3,23.3,23.3,1,1.0
2025-09-17 11:00,24.06,24.06,24.06,1,1.0
2025-09-17 12:00,24.69,24.69,24.69,1,1.0
2025-09-17 13:00,24.88,24.88,24.88,1,1.0
2025-09-17 14:00,25.0,25.0,25.0,1,1.0
2025-09-17 15:00,25.02,25.02,25.02,1,1.0
2025-09-17 16:00,24.83,24.83,24.83,1,1.0
2025-09-17 17:00,24.4,24.4,24.4,1,1.0
2025-09-17 18:00,23.94,23.94,23.94,1,1.0
2025-09-17 19:00,23.56,23.56,23.56,1,1.0
2025-09-17 20:00,23.53,23.53,23.53,1,1.0
2025-09-17 21:00,23.31,23.31,23.31,1,1.0
2025-09-17 22:00,22.93,22.93,22.93,1,1.0
2025-09-17 23:00,22.33,22.33,22.33,1,1.0
2025-09-18 00:00,21.65,21.65,21.65,1,1.0
2025-09-18 01:00,20.93,20.93,20.93,1,1.0
2025-09-18 02:00,20.35,20.35,20.35,1,1.0
2025-09-18 03:00,19.91,19.91,19.91,1,1.0
2025-09-18 04:00,19.56,19.56,19.56,1,1.0
2025-09-18 05:00,19.28,19.28,19.28,1,1.0
2025-09-18 06:00,19.08,19.08,19.08,1,1.0
2025-09-18 07:00,19.58,19.58,19.58,1,1.0
2025-09-18 08:00,21.09,21.09,21.09,1,1.0
2025-09-18 09:00,22.15,22.15,22.15,1,1.0
2025-09-18 10:00,23.24,23.24,23.24,1,1.0
2025-09-18 11:00,24.39,24.39,24.39,1,1.0
2025-09-18 12:00,25.37,25.37,25.37,1,1.0
2025-09-18 13:00,26.12,26.12,26.12,1,1.0
2025-09-18 14:00,26.44,26.44,26.44,1,1.0
2025-09-18 15:00,26.39,26.39,26.39,1,1.0
2025-09-18 16:00,25.96,25.96,25.96,1,1.0
2025-09-18 17:00,25.19,25.19,25.19,1,1.0
2025-09-18 18:00,24.12,24.12,24.12,1,1.0
2025-09-18 19:00,23.17,23.17,23.17,1,1.0
2025-09-18 20:00,22.69,22.69,22.69,1,1.0
2025-09-18 21:00,21.8,21.8,21.8,1,1.0
2025-09-18 22:00,21.02,21.02,21.02,1,1.0
2025-09-18 23:00,20.33,20.33,20.33,1,1.0
2025-09-19 00:00,19.81,19.81,19.81,1,1.0
2025-09-19 01:00,19.4,19.4,19.4,1,1.0
2025-09-19 02:00,19.19,19.19,19.19,1,1.0
2025-09-19 03:00,19.04,19.04,19.04,1,1.0
2025-09-19 04:00,18.94,18.94,18.94,1,1.0
2025-09-19 05:00,18.85,18.85,18.85,1,1.0
2025-09-19 06:00,18.78,18.78,18.78,1,1.0
2025-09-19 07:00,19.3,19.3,19.3,1,1.0
2025-09-19 08:00,21.44,21.44,21.44,1,1.0
2025-09-19 09:00,23.48,23.48,23.48,1,1.0
2025-09-19 10:00,24.97,24.97,24.97,1,1.0
2025-09-19 11:00,26.29,26.29,26.29,1,1.0
2025-09-19 12:00,27.41,27.41,27.41,1,1.0
2025-09-19 13:00,28.16,28.16,28.16,1,1.0
2025-09-19 14:00,28.33,28.33,28.33,1,1.0
2025-09-19 15:00,28.06,28.06,28.06,1,1.0
2025-09-19 16:00,27.72,27.72,27.72,1,1.0
2025-09-19 17:00,27.17,27.17,27.17,1,1.0
2025-09-19 18:00,26.24,26.24,26.24,1,1.0
2025-09-19 19:00,25.44,25.44,25.44,1,1.0
2025-09-19 20:00,25.17,25.17,25.17,1,1.0
2025-09-19 21:00,24.36,24.36,24.36,1,1.0
2025-09-19 22:00,23.42,23.42,23.42,1,1.0
2025-09-19 23:00,22.54,22.54,22.54,1,1.0
2025-09-20 00:00,21.84,21.84,21.84,1,1.0
2025-09-20 01:00,21.29,21.29,21.29,1,1.0
2025-09-20 02:00,20.89,20.89,20.89,1,1.0
2025-09-20 03:00,20.53,20.53,20.53,1,1.0
2025-09-20 04:00,20.25,20.25,20.25,1,1.0
2025-09-20 05:00,20.02,20.02,20.02,1,1.0
2025-09-20 06:00,19.84,19.84,19.84,1,1.0
2025-09-20 07:00,20.37,20.37,20.37,1,1.0
2025-09-20 08:00,22.39,22.39,22.39,1,1.0
2025-09-20 09:00,24.54,24.54,24.54,1,1.0
2025-09-20 10:00,26.06,26.06,26.06,1,1.0
2025-09-20 11:00,26.93,26.93,26.93,1,1.0
2025-09-20 12:00,27.27,27.27,27.27,1,1.0
2025-09-20 13:00,27.31,27.31,27.31,1,1.0
2025-09-20 14:00,27.04,27.04,27.04,1,1.0
2025-09-20 15:00,26.64,26.64,26.64,1,1.0
2025-09-20 16:00,26.02,26.02,26.02,1,1.0
2025-09-20 17:00,25.26,25.26,25.26,1,1.0
2025-09-20 18:00,24.24,24.24,24.24,1,1.0
2025-09-20 19:00,23.01,23.01,23.01,1,1.0
2025-09-20 20:00,23.77,23.77,23.77,1,1.0
2025-09-20 21:00,23.42,23.42,23.42,1,1.0
2025-09-20 22:00,23.11,23.11,23.11,1,1.0
2025-09-20 23:00,22.77,22.77,22.77,1,1.0
2025-09-21 00:00,22.43,22.43,22.43,1,1.0
2025-09-21 01:00,22.13,22.13,22.13,1,1.0
2025-09-21 02:00,21.34,21.34,21.34,1,1.0
2025-09-21 03:00,20.27,20.27,20.27,1,1.0
2025-09-21 04:00,19.97,19.97,19.97,1,1.0
2025-09-21 05:00,19.71,19.71,19.71,1,1.0
2025-09-21 06:00,19.45,19.45,19.45,1,1.0
2025-09-21 07:00,19.65,19.65,19.65,1,1.0
2025-09-21 08:00,22.72,22.72,22.72,1,1.0
2025-09-21 09:00,23.88,23.88,23.88,1,1.0
2025-09-21 10:00,24.72,24.72,24.72,1,1.0
2025-09-21 11:00,25.25,25.25,25.25,1,1.0
2025-09-21 12:00,25.5,25.5,25.5,1,1.0
2025-09-21 13:00,25.49,25.49,25.49,1,1.0
2025-09-21 14:00,25.38,25.38,25.38,1,1.0
2025-09-21 15:00,25.08,25.08,25.08,1,1.0
2025-09-21 16:00,24.7,24.7,24.7,1,1.0
2025-09-21 17:00,24.1,24.1,24.1,1,1.0
2025-09-21 18:00,23.28,23.28,23.28,1,1.0
2025-09-21 19:00,22.26,22.26,22.26,1,1.0
2025-09-21 20:00,22.52,22.52,22.52,1,1.0
2025-09-21 21:00,22.21,22.21,22.21,1,1.0
2025-09-21 22:00,20.97,20.97,20.97,1,1.0
2025-09-21 23:00,19.49,19.49,19.49,1,1.0
2025-09-22 00:00,18.92,18.92,18.92,1,1.0
2025-09-22 01:00,18.64,18.64,18.64,1,1.0
2025-09-22 02:00,18.94,18.94,18.94,1,1.0
2025-09-22 03:00,19.3,19.3,19.3,1,1.0
2025-09-22 04:00,19.52,19.52,19.52,1,1.0
2025-09-22 05:00,19.19,19.19,19.19,1,1.0
2025-09-22 06:00,18.57,18.57,18.57,1,1.0
2025-09-22 07:00,18.94,18.94,18.94,1,1.0
2025-09-22 08:00,22.03,22.03,22.03,1,1.0
2025-09-22 09:00,23.22,23.22,23.22,1,1.0
2025-09-22 10:00,24.13,24.13,24.13,1,1.0
2025-09-22 11:00,24.68,24.68,24.68,1,1.0
2025-09-22 12:00,25.13,25.13,25.13,1,1.0
2025-09-22 13:00,25.28,25.28,25.28,1,1.0
2025-09-22 14:00,25.25,25.25,25.25,1,1.0
2025-09-22 15:00,24.75,24.75,24.75,1,1.0
2025-09-22 16:00,24.25,24.25,24.25,1,1.0
2025-09-22 17:00,23.71,23.71,23.71,1,1.0
2025-09-22 18:00,23.04,23.04,23.04,1,1.0
2025-09-22 19:00,22.7,22.7,22.7,1,1.0
2025-09-22 20:00,22.67,22.67,22.67,1,1.0
2025-09-22 21:00,21.08,21.08,21.08,1,1.0
2025-09-22 22:00,20.22,20.22,20.22,1,1.0
2025-09-22 23:00,19.3,19.3,19.3,1,1.0
2025-09-23 00:00,18.76,18.76,18.76,1,1.0
2025-09-23 01:00,18.52,18.52,18.52,1,1.0
2025-09-23 02:00,18.4,18.4,18.4,1,1.0
2025-09-23 03:00,18.34,18.34,18.34,1,1.0
2025-09-23 04:00,18.33,18.33,18.33,1,1.0
2025-09-23 05:00,18.56,18.56,18.56,1,1.0
2025-09-23 06:00,18.74,18.74,18.74,1,1.0
2025-09-23 07:00,19.52,19.52,19.52,1,1.0
2025-09-23 08:00,21.43,21.43,21.43,1,1.0
2025-09-23 09:00,23.02,23.02,23.02,1,1.0
2025-09-23 10:00,23.49,23.49,23.49,1,1.0
2025-09-23 11:00,23.17,23.17,23.17,1,1.0
2025-09-23 12:00,22.71,22.71,22.71,1,1.0
2025-09-23 13:00,22.2,22.2,22.2,1,1.0
2025-09-23 14:00,22.43,22.43,22.43,1,1.0
2025-09-23 15:00,22.43,22.43,22.43,1,1.0
2025-09-23 16:00,22.63,22.63,22.63,1,1.0
2025-09-23 17:00,22.35,22.35,22.35,1,1.0
2025-09-23 18:00,21.79,21.79,21.79,1,1.0
2025-09-23 19:00,21.41,21.41,21.41,1,1.0
2025-09-23 20:00,20.52,20.52,20.52,1,1.0
2025-09-23 21:00,20.23,20.23,20.23,1,1.0
2025-09-23 22:00,20.02,20.02,20.02,1,1.0
2025-09-23 23:00,20.18,20.18,20.18,1,1.0
2025-09-24 00:00,20.08,20.08,20.08,1,1.0
2025-09-24 01:00,19.62,19.62,19.62,1,1.0
2025-09-24 02:00,19.65,19.65,19.65,1,1.0
2025-09-24 03:00,19.69,19.69,19.69,1,1.0
2025-09-24 04:00,19.15,19.15,19.15,1,1.0
2025-09-24 05:00,18.98,18.98,18.98,1,1.0
2025-09-24 06:00,18.96,18.96,18.96,1,1.0
2025-09-24 07:00,19.14,19.14,19.14,1,1.0
2025-09-24 08:00,18.97,18.97,18.97,1,1.0
2025-09-24 09:00,19.6,19.6,19.6,1,1.0
2025-09-24 10:00,20.34,20.34,20.34,1,1.0
2025-09-24 11:00,20.45,20.45,20.45,1,1.0
2025-09-24 12:00,19.99,19.99,19.99,1,1.0
2025-09-24 13:00,20.19,20.19,20.19,1,1.0
2025-09-24 14:00,20.08,20.08,20.08,1,1.0
2025-09-24 15:00,19.8,19.8,19.8,1,1.0
2025-09-24 16:00,19.56,19.56,19.56,1,1.0
2025-09-24 17:00,19.45,19.45,19.45,1,1.0
2025-09-24 18:00,19.26,19.26,19.26,1,1.0
2025-09-24 19:00,19.13,19.13,19.13,1,1.0
2025-09-24 20:00,18.83,18.83,18.83,1,1.0
2025-09-24 21:00,18.73,18.73,18.73,1,1.0
2025-09-24 22:00,18.82,18.82,18.82,1,1.0
2025-09-24 23:00,18.97,18.97,18.97,1,1.0
2025-09-25 00:00,19.14,19.14,19.14,1,1.0
2025-09-25 01:00,19.09,19.09,19.09,1,1.0
2025-09-25 02:00,18.79,18.79,18.79,1,1.0
2025-09-25 03:00,18.34,18.34,18.34,1,1.0
2025-09-25 04:00,17.63,17.63,17.63,1,1.0
2025-09-25 05:00,16.84,16.84,16.84,1,1.0
2025-09-25 06:00,16.48,16.48,16.48,1,1.0
2025-09-25 07:00,16.89,16.89,16.89,1,1.0
2025-09-25 08:00,18.29,18.29,18.29,1,1.0
2025-09-25 09:00,19.55,19.55,19.55,1,1.0
2025-09-25 10:00,20.43,20.43,20.43,1,1.0
2025-09-25 11:00,21.08,21.08,21.08,1,1.0
2025-09-25 12:00,21.47,21.47,21.47,1,1.0
2025-09-25 13:00,21.5,21.5,21.5,1,1.0
2025-09-25 14:00,21.27,21.27,21.27,1,1.0
2025-09-25 15:00,21.15,21.15,21.15,1,1.0
2025-09-25 16:00,20.91,20.91,20.91,1,1.0
2025-09-25 17:00,20.53,20.53,20.53,1,1.0
2025-09-25 18:00,19.94,19.94,19.94,1,1.0
2025-09-25 19:00,19.43,19.43,19.43,1,1.0
2025-09-25 20:00,18.48,18.48,18.48,1,1.0
2025-09-25 21:00,17.69,17.69,17.69,1,1.0
2025-09-25 22:00,18.57,18.57,18.57,1,1.0
2025-09-25 23:00,18.65,18.65,18.65,1,1.0
2025-09-26 00:00,18.24,18.24,18.24,1,1.0
2025-09-26 01:00,18.02,18.02,18.02,1,1.0
2025-09-26 02:00,18.43,18.43,18.43,1,1.0
2025-09-26 03:00,18.21,18.21,18.21,1,1.0
2025-09-26 04:00,17.3,17.3,17.3,1,1.0
2025-09-26 05:00,17.04,17.04,17.04,1,1.0
2025-09-26 06:00,14.87,14.87,14.87,1,1.0
2025-09-26 07:00,15.28,15.28,15.28,1,1.0
2025-09-26 08:00,17.91,17.91,17.91,1,1.0
2025-09-26 09:00,19.11,19.11,19.11,1,1.0
2025-09-26 10:00,20.05,20.05,20.05,1,1.0
2025-09-26 11:00,20.8,20.8,20.8,1,1.0
2025-09-26 12:00,21.46,21.46,21.46,1,1.0
2025-09-26 13:00,21.9,21.9,21.9,1,1.0
2025-09-26 14:00,22.11,22.11,22.11,1,1.0
2025-09-26 15:00,22.09,22.09,22.09,1,1.0
2025-09-26 16:00,21.9,21.9,21.9,1,1.0
2025-09-26 17:00,21.35,21.35,21.35,1,1.0
2025-09-26 18:00,20.47,20.47,20.47,1,1.0
2025-09-26 19:00,19.57,19.57,19.57,1,1.0
2025-09-26 20:00,18.25,18.25,18.25,1,1.0
2025-09-26 21:00,17.64,17.64,17.64,1,1.0
2025-09-26 22:00,17.35,17.35,17.35,1,1.0
2025-09-26 23:00,16.85,16.85,16.85,1,1.0
2025-09-27 00:00,16.61,16.61,16.61,1,1.0
2025-09-27 01:00,16.36,16.36,16.36,1,1.0
2025-09-27 02:00,16.25,16.25,16.25,1,1.0
2025-09-27 03:00,16.65,16.65,16.65,1,1.0
2025-09-27 04:00,16.93,16.93,16.93,1,1.0
2025-09-27 05:00,16.89,16.89,16.89,1,1.0
2025-09-27 06:00,16.87,16.87,16.87,1,1.0
2025-09-27 07:00,17.33,17.33,17.33,1,1.0
2025-09-27 08:00,19.02,19.02,19.02,1,1.0
2025-09-27 09:00,20.62,20.62,20.62,1,1.0
2025-09-27 10:00,21.84,21.84,21.84,1,1.0
2025-09-27 11:00,22.89,22.89,22.89,1,1.0
2025-09-27 12:00,23.67,23.67,23.67,1,1.0
2025-09-27 13:00,24.11,24.11,24.11,1,1.0
2025-09-27 14:00,24.08,24.08,24.08,1,1.0
2025-09-27 15:00,23.93,23.93,23.93,1,1.0
2025-09-27 16:00,23.68,23.68,23.68,1,1.0
2025-09-27 17:00,22.93,22.93,22.93,1,1.0
2025-09-27 18:00,22.22,22.22,22.22,1,1.0
2025-09-27 19:00,21.57,21.57,21.57,1,1.0
2025-09-27 20:00,20.85,20.85,20.85,1,1.0
2025-09-27 21:00,19.42,19.42,19.42,1,1.0
2025-09-27 22:00,18.35,18.35,18.35,1,1.0
2025-09-27 23:00,18.05,18.05,18.05,1,1.0
2025-09-28 00:00,18.33,18.33,18.33,1,1.0
2025-09-28 01:00,17.29,17.29,17.29,1,1.0
2025-09-28 02:00,16.34,16.34,16.34,1,1.0
2025-09-28 03:00,16.21,16.21,16.21,1,1.0
2025-09-28 04:00,15.69,15.69,15.69,1,1.0
2025-09-28 05:00,15.4,15.4,15.4,1,1.0
2025-09-28 06:00,15.4,15.4,15.4,1,1.0
2025-09-28 07:00,16.59,16.59,16.59,1,1.0
2025-09-28 08:00,19.01,19.01,19.01,1,1.0
2025-09-28 09:00,20.67,20.67,20.67,1,1.0
2025-09-28 10:00,21.84,21.84,21.84,1,1.0
2025-09-28 11:00,22.46,22.46,22.46,1,1.0
2025-09-28 12:00,22.62,22.62,22.62,1,1.0
2025-09-28 13:00,22.95,22.95,22.95,1,1.0
2025-09-28 14:00,22.63,22.63,22.63,1,1.0
2025-09-28 15:00,22.02,22.02,22.02,1,1.0
2025-09-28 16:00,21.32,21.32,21.32,1,1.0
2025-09-28 17:00,20.58,20.58,20.58,1,1.0
2025-09-28 18:00,19.6,19.6,19.6,1,1.0
2025-09-28 19:00,18.93,18.93,18.93,1,1.0
2025-09-28 20:00,19.43,19.43,19.43,1,1.0
2025-09-28 21:00,18.83,18.83,18.83,1,1.0
2025-09-28 22:00,18.24,18.24,18.24,1,1.0
2025-09-28 23:00,17.79,17.79,17.79,1,1.0
2025-09-29 00:00,17.47,17.47,17.47,1,1.0
2025-09-29 01:00,17.15,17.15,17.15,1,1.0
2025-09-29 02:00,17.01,17.01,17.01,1,1.0
2025-09-29 03:00,16.87,16.87,16.87,1,1.0
2025-09-29 04:00,16.76,16.76,16.76,1,1.0
2025-09-29 05:00,16.66,16.66,16.66,1,1.0
2025-09-29 06:00,16.56,16.56,16.56,1,1.0
2025-09-29 07:00,16.87,16.87,16.87,1,1.0
2025-09-29 08:00,18.05,18.05,18.05,1,1.0
2025-09-29 09:00,19.27,19.27,19.27,1,1.0
2025-09-29 10:00,20.42,20.42,20.42,1,1.0
2025-09-29 11:00,21.43,21.43,21.43,1,1.0
2025-09-29 12:00,22.17,22.17,22.17,1,1.0
2025-09-29 13:00,22.7,22.7,22.7,1,1.0
2025-09-29 14:00,22.71,22.71,22.71,1,1.0
2025-09-29 15:00,22.45,22.45,22.45,1,1.0
2025-09-29 16:00,22.01,22.01,22.01,1,1.0
2025-09-29 17:00,21.65,21.65,21.65,1,1.0
2025-09-29 18:00,21.01,21.01,21.01,1,1.0
2025-09-29 19:00,20.26,20.26,20.26,1,1.0
2025-09-29 20:00,19.95,19.95,19.95,1,1.0
2025-09-29 21:00,18.7,18.7,18.7,1,1.0
2025-09-29 22:00,17.72,17.72,17.72,1,1.0
2025-09-29 23:00,17.21,17.21,17.21,1,1.0
2025-09-30 00:00,17.33,17.33,17.33,1,1.0
2025-09-30 01:00,17.37,17.37,17.37,1,1.0
2025-09-30 02:00,17.13,17.13,17.13,1,1.0
2025-09-30 03:00,16.89,16.89,16.89,1,1.0
2025-09-30 04:00,16.75,16.75,16.75,1,1.0
2025-09-30 05:00,16.58,16.58,16.58,1,1.0
2025-09-30 06:00,16.49,16.49,16.49,1,1.0
2025-09-30 07:00,16.84,16.84,16.84,1,1.0
2025-09-30 08:00,18.32,18.32,18.32,1,1.0
2025-09-30 09:00,19.9,19.9,19.9,1,1.0
2025-09-30 10:00,21.04,21.04,21.04,1,1.0
2025-09-30 11:00,21.57,21.57,21.57,1,1.0
2025-09-30 12:00,22.11,22.11,22.11,1,1.0
2025-09-30 13:00,22.13,22.13,22.13,1,1.0
2025-09-30 14:00,21.76,21.76,21.76,1,1.0
2025-09-30 15:00,21.27,21.27,21.27,1,1.0
2025-09-30 16:00,20.97,20.97,20.97,1,1.0
2025-09-30 17:00,20.58,20.58,20.58,1,1.0
2025-09-30 18:00,19.63,19.63,19.63,1,1.0
2025-09-30 19:00,19.46,19.46,19.46,1,1.0
2025-09-30 20:00,19.52,19.52,19.52,1,1.0
2025-09-30 21:00,17.94,17.94,17.94,1,1.0
2025-09-30 22:00,17.4,17.4,17.4,1,1.0
2025-09-30 23:00,17.15,17.15,17.15,1,1.0
2025-10-01 00:00,16.8,16.8,16.8,1,1.0
2025-10-01 01:00,16.52,16.52,16.52,1,1.0
2025-10-01 02:00,16.18,16.18,16.18,1,1.0
2025-10-01 03:00,16.18,16.18,16.18,1,1.0
2025-10-01 04:00,15.43,15.43,15.43,1,1.0
2025-10-01 05:00,15.87,15.87,15.87,1,1.0
2025-10-01 06:00,16.12,16.12,16.12,1,1.0
2025-10-01 07:00,16.44,16.44,16.44,1,1.0
2025-10-01 08:00,18.48,18.48,18.48,1,1.0
2025-10-01 09:00,19.82,19.82,19.82,1,1.0
2025-10-01 10:00,20.61,20.61,20.61,1,1.0
2025-10-01 11:00,21.4,21.4,21.4,1,1.0
2025-10-01 12:00,21.79,21.79,21.79,1,1.0
2025-10-01 13:00,21.16,21.16,21.16,1,1.0
2025-10-01 14:00,21.0,21.0,21.0,1,1.0
2025-10-01 15:00,20.05,20.05,20.05,1,1.0
2025-10-01 16:00,19.03,19.03,19.03,1,1.0
2025-10-01 17:00,18.2,18.2,18.2,1,1.0
2025-10-01 18:00,18.14,18.14,18.14,1,1.0
2025-10-01 19:00,18.04,18.04,18.04,1,1.0
2025-10-01 20:00,17.21,17.21,17.21,1,1.0
2025-10-01 21:00,16.78,16.78,16.78,1,1.0
2025-10-01 22:00,16.38,16.38,16.38,1,1.0
2025-10-01 23:00,16.13,16.13,16.13,1,1.0
2025-10-02 00:00,15.87,15.87,15.87,1,1.0
2025-10-02 01:00,15.47,15.47,15.47,1,1.0
2025-10-02 02:00,14.96,14.96,14.96,1,1.0
2025-10-02 03:00,14.39,14.39,14.39,1,1.0
2025-10-02 04:00,14.24,14.24,14.24,1,1.0
2025-10-02 05:00,14.1,14.1,14.1,1,1.0
2025-10-02 06:00,13.85,13.85,13.85,1,1.0
2025-10-02 07:00,13.75,13.75,13.75,1,1.0
2025-10-02 08:00,14.59,14.59,14.59,1,1.0
2025-10-02 09:00,15.03,15.03,15.03,1,1.0
2025-10-02 10:00,15.49,15.49,15.49,1,1.0
2025-10-02 11:00,15.94,15.94,15.94,1,1.0
2025-10-02 12:00,16.34,16.34,16.34,1,1.0
2025-10-02 13:00,16.54,16.54,16.54,1,1.0
2025-10-02 14:00,16.6,16.6,16.6,1,1.0
2025-10-02 15:00,16.29,16.29,16.29,1,1.0
2025-10-02 16:00,15.62,15.62,15.62,1,1.0
2025-10-02 17:00,14.68,14.68,14.68,1,1.0
2025-10-02 18:00,13.65,13.65,13.65,1,1.0
2025-10-02 19:00,13.04,13.04,13.04,1,1.0
2025-10-02 20:00,12.93,12.93,12.93,1,1.0
2025-10-02 21:00,12.52,12.52,12.52,1,1.0
2025-10-02 22:00,12.25,12.25,12.25,1,1.0
2025-10-02 23:00,12.07,12.07,12.07,1,1.0
2025-10-03 00:00,11.89,11.89,11.89,1,1.0
2025-10-03 01:00,11.78,11.78,11.78,1,1.0
2025-10-03 02:00,11.67,11.67,11.67,1,1.0
2025-10-03 03:00,11.49,11.49,11.49,1,1.0
2025-10-03 04:00,11.36,11.36,11.36,1,1.0
2025-10-03 05:00,11.15,11.15,11.15,1,1.0
2025-10-03 06:00,11.04,11.04,11.04,1,1.0
2025-10-03 07:00,11.16,11.16,11.16,1,1.0
2025-10-03 08:00,11.66,11.66,11.66,1,1.0
2025-10-03 09:00,12.64,12.64,12.64,1,1.0
2025-10-03 10:00,13.52,13.52,13.52,1,1.0
2025-10-03 11:00,14.18,14.18,14.18,1,1.0
2025-10-03 12:00,14.77,14.77,14.77,1,1.0
2025-10-03 13:00,15.34,15.34,15.34,1,1.0
2025-10-03 14:00,15.69,15.69,15.69,1,1.0
2025-10-03 15:00,15.44,15.44,15.44,1,1.0
2025-10-03 16:00,15.04,15.04,15.04,1,1.0
2025-10-03 17:00,14.5,14.5,14.5,1,1.0
2025-10-03 18:00,13.86,13.86,13.86,1,1.0
2025-10-03 19:00,13.25,13.25,13.25,1,1.0
2025-10-03 20:00,13.31,13.31,13.31,1,1.0
2025-10-03 21:00,12.85,12.85,12.85,1,1.0
2025-10-03 22:00,12.57,12.57,12.57,1,1.0
2025-10-03 23:00,12.42,12.42,12.42,1,1.0
2025-10-04 00:00,12.29,12.29,12.29,1,1.0
2025-10-04 01:00,12.13,12.13,12.13,1,1.0
2025-10-04 02:00,11.93,11.93,11.93,1,1.0
2025-10-04 03:00,11.75,11.75,11.75,1,1.0
2025-10-04 04:00,11.54,11.54,11.54,1,1.0
2025-10-04 05:00,11.31,11.31,11.31,1,1.0
2025-10-04 06:00,11.1,11.1,11.1,1,1.0
2025-10-04 07:00,11.15,11.15,11.15,1,1.0
2025-10-04 08:00,12.83,12.83,12.83,1,1.0
2025-10-04 09:00,14.21,14.21,14.21,1,1.0
2025-10-04 10:00,15.28,15.28,15.28,1,1.0
2025-10-04 11:00,16.2,16.2,16.2,1,1.0
2025-10-04 12:00,16.94,16.94,16.94,1,1.0
2025-10-04 13:00,17.42,17.42,17.42,1,1.0
2025-10-04 14:00,17.57,17.57,17.57,1,1.0
2025-10-04 15:00,17.38,17.38,17.38,1,1.0
2025-10-04 16:00,16.94,16.94,16.94,1,1.0
2025-10-04 17:00,16.35,16.35,16.35,1,1.0
2025-10-04 18:00,15.65,15.65,15.65,1,1.0
2025-10-04 19:00,14.53,14.53,14.53,1,1.0
2025-10-04 20:00,13.44,13.44,13.44,1,1.0
2025-10-04 21:00,13.12,13.12,13.12,1,1.0
2025-10-04 22:00,12.92,12.92,12.92,1,1.0
2025-10-04 23:00,13.41,13.41,13.41,1,1.0
2025-10-05 00:00,14.31,14.31,14.31,1,1.0
2025-10-05 01:00,15.03,15.03,15.03,1,1.0
2025-10-05 02:00,15.49,15.49,15.49,1,1.0
2025-10-05 03:00,15.79,15.79,15.79,1,1.0
2025-10-05 04:00,15.92,15.92,15.92,1,1.0
2025-10-05 05:00,15.88,15.88,15.88,1,1.0
2025-10-05 06:00,15.66,15.66,15.66,1,1.0
2025-10-05 07:00,15.69,15.69,15.69,1,1.0
2025-10-05 08:00,16.04,16.04,16.04,1,1.0
2025-10-05 09:00,16.66,16.66,16.66,1,1.0
2025-10-05 10:00,17.08,17.08,17.08,1,1.0
2025-10-05 11:00,17.83,17.83,17.83,1,1.0
2025-10-05 12:00,18.25,18.25,18.25,1,1.0
2025-10-05 13:00,18.29,18.29,18.29,1,1.0
2025-10-05 14:00,18.28,18.28,18.28,1,1.0
2025-10-05 15:00,17.63,17.63,17.63,1,1.0
2025-10-05 16:00,17.95,17.95,17.95,1,1.0
2025-10-05 17:00,18.42,18.42,18.42,1,1.0
2025-10-05 18:00,18.15,18.15,18.15,1,1.0
2025-10-05 19:00,17.67,17.67,17.67,1,1.0
2025-10-05 20:00,17.66,17.66,17.66,1,1.0
2025-10-05 21:00,17.18,17.18,17.18,1,1.0
2025-10-05 22:00,16.45,16.45,16.45,1,1.0
2025-10-05 23:00,15.52,15.52,15.52,1,1.0
2025-10-06 00:00,14.67,14.67,14.67,1,1.0
2025-10-06 01:00,14.04,14.04,14.04,1,1.0
2025-10-06 02:00,13.8,13.8,13.8,1,1.0
2025-10-06 03:00,13.35,13.35,13.35,1,1.0
2025-10-06 04:00,13.16,13.16,13.16,1,1.0
2025-10-06 05:00,13.12,13.12,13.12,1,1.0
2025-10-06 06:00,12.85,12.85,12.85,1,1.0
2025-10-06 07:00,12.9,12.9,12.9,1,1.0
2025-10-06 08:00,13.57,13.57,13.57,1,1.0
2025-10-06 09:00,14.75,14.75,14.75,1,1.0
2025-10-06 10:00,15.96,15.96,15.96,1,1.0
2025-10-06 11:00,17.03,17.03,17.03,1,1.0
2025-10-06 12:00,17.91,17.91,17.91,1,1.0
2025-10-06 13:00,18.41,18.41,18.41,1,1.0
2025-10-06 14:00,18.43,18.43,18.43,1,1.0
2025-10-06 15:00,18.06,18.06,18.06,1,1.0
2025-10-06 16:00,17.49,17.49,17.49,1,1.0
2025-10-06 17:00,16.78,16.78,16.78,1,1.0
2025-10-06 18:00,15.98,15.98,15.98,1,1.0
2025-10-06 19:00,15.41,15.41,15.41,1,1.0
2025-10-06 20:00,14.84,14.84,14.84,1,1.0
2025-10-06 21:00,14.46,14.46,14.46,1,1.0
2025-10-06 22:00,14.27,14.27,14.27,1,1.0
2025-10-06 23:00,14.1,14.1,14.1,1,1.0
2025-10-07 00:00,13.94,13.94,13.94,1,1.0
2025-10-07 01:00,13.77,13.77,13.77,1,1.0
2025-10-07 02:00,13.65,13.65,13.65,1,1.0
2025-10-07 03:00,13.53,13.53,13.53,1,1.0
2025-10-07 04:00,13.36,13.36,13.36,1,1.0
2025-10-07 05:00,13.2,13.2,13.2,1,1.0
2025-10-07 06:00,13.05,13.05,13.05,1,1.0
2025-10-07 07:00,13.22,13.22,13.22,1,1.0
2025-10-07 08:00,14.17,14.17,14.17,1,1.0
2025-10-07 09:00,15.42,15.42,15.42,1,1.0
2025-10-07 10:00,16.57,16.57,16.57,1,1.0
2025-10-07 11:00,17.58,17.58,17.58,1,1.0
2025-10-07 12:00,18.25,18.25,18.25,1,1.0
2025-10-07 13:00,18.91,18.91,18.91,1,1.0
2025-10-07 14:00,19.32,19.32,19.32,1,1.0
2025-10-07 15:00,19.43,19.43,19.43,1,1.0
2025-10-07 16:00,19.15,19.15,19.15,1,1.0
2025-10-07 17:00,18.53,18.53,18.53,1,1.0
2025-10-07 18:00,17.75,17.75,17.75,1,1.0
2025-10-07 19:00,17.04,17.04,17.04,1,1.0
2025-10-07 20:00,16.64,16.64,16.64,1,1.0
2025-10-07 21:00,16.3,16.3,16.3,1,1.0
2025-10-07 22:00,16.01,16.01,16.01,1,1.0
2025-10-07 23:00,15.68,15.68,15.68,1,1.0
2025-10-08 00:00,15.44,15.44,15.44,1,1.0
2025-10-08 01:00,15.27,15.27,15.27,1,1.0
2025-10-08 02:00,15.18,15.18,15.18,1,1.0
2025-10-08 03:00,15.09,15.09,15.09,1,1.0
2025-10-08 04:00,14.97,14.97,14.97,1,1.0
2025-10-08 05:00,14.82,14.82,14.82,1,1.0
2025-10-08 06:00,14.67,14.67,14.67,1,1.0
2025-10-08 07:00,14.75,14.75,14.75,1,1.0
2025-10-08 08:00,15.43,15.43,15.43,1,1.0
2025-10-08 09:00,16.47,16.47,16.47,1,1.0
2025-10-08 10:00,17.61,17.61,17.61,1,1.0
2025-10-08 11:00,18.66,18.66,18.66,1,1.0
2025-10-08 12:00,19.57,19.57,19.57,1,1.0
2025-10-08 13:00,20.18,20.18,20.18,1,1.0
2025-10-08 14:00,20.51,20.51,20.51,1,1.0
2025-10-08 15:00,20.48,20.48,20.48,1,1.0
2025-10-08 16:00,20.03,20.03,20.03,1,1.0
2025-10-08 17:00,19.22,19.22,19.22,1,1.0
2025-10-08 18:00,18.28,18.28,18.28,1,1.0
2025-10-08 19:00,17.31,17.31,17.31,1,1.0
2025-10-08 20:00,16.19,16.19,16.19,1,1.0
2025-10-08 21:00,15.17,15.17,15.17,1,1.0
2025-10-08 22:00,14.58,14.58,14.58,1,1.0
2025-10-08 23:00,14.38,14.38,14.38,1,1.0
2025-10-09 00:00,14.43,14.43,14.43,1,1.0
2025-10-09 01:00,14.1,14.1,14.1,1,1.0
2025-10-09 02:00,13.86,13.86,13.86,1,1.0
2025-10-09 03:00,13.62,13.62,13.62,1,1.0
2025-10-09 04:00,13.33,13.33,13.33,1,1.0
2025-10-09 05:00,12.93,12.93,12.93,1,1.0
2025-10-09 06:00,13.04,13.04,13.04,1,1.0
2025-10-09 07:00,13.17,13.17,13.17,1,1.0
2025-10-09 08:00,14.51,14.51,14.51,1,1.0
2025-10-09 09:00,16.75,16.75,16.75,1,1.0
2025-10-09 10:00,18.22,18.22,18.22,1,1.0
2025-10-09 11:00,19.26,19.26,19.26,1,1.0
2025-10-09 12:00,19.9,19.9,19.9,1,1.0
2025-10-09 13:00,20.24,20.24,20.24,1,1.0
2025-10-09 14:00,20.22,20.22,20.22,1,1.0
2025-10-09 15:00,19.97,19.97,19.97,1,1.0
2025-10-09 16:00,19.41,19.41,19.41,1,1.0
2025-10-09 17:00,18.67,18.67,18.67,1,1.0
2025-10-09 18:00,17.52,17.52,17.52,1,1.0
2025-10-09 19:00,17.86,17.86,17.86,1,1.0
2025-10-09 20:00,17.8,17.8,17.8,1,1.0
2025-10-09 21:00,17.54,17.54,17.54,1,1.0
2025-10-09 22:00,17.16,17.16,17.16,1,1.0
2025-10-09 23:00,15.8,15.8,15.8,1,1.0
2025-10-10 00:00,14.96,14.96,14.96,1,1.0
2025-10-10 01:00,14.4,14.4,14.4,1,1.0
2025-10-10 02:00,13.73,13.73,13.73,1,1.0
2025-10-10 03:00,12.96,12.96,12.96,1,1.0
2025-10-10 04:00,12.58,12.58,12.58,1,1.0
2025-10-10 05:00,12.52,12.52,12.52,1,1.0
2025-10-10 06:00,12.78,12.78,12.78,1,1.0
2025-10-10 07:00,13.55,13.55,13.55,1,1.0
2025-10-10 08:00,15.73,15.73,15.73,1,1.0
2025-10-10 09:00,17.9,17.9,17.9,1,1.0
2025-10-10 10:00,19.34,19.34,19.34,1,1.0
2025-10-10 11:00,20.38,20.38,20.38,1,1.0
2025-10-10 12:00,21.17,21.17,21.17,1,1.0
2025-10-10 13:00,21.58,21.58,21.58,1,1.0
2025-10-10 14:00,21.7,21.7,21.7,1,1.0
2025-10-10 15:00,21.45,21.45,21.45,1,1.0
2025-10-10 16:00,21.0,21.0,21.0,1,1.0
2025-10-10 17:00,20.2,20.2,20.2,1,1.0
2025-10-10 18:00,18.7,18.7,18.7,1,1.0
2025-10-10 19:00,17.67,17.67,17.67,1,1.0
2025-10-10 20:00,16.66,16.66,16.66,1,1.0
2025-10-10 21:00,16.15,16.15,16.15,1,1.0
2025-10-10 22:00,16.19,16.19,16.19,1,1.0
2025-10-10 23:00,16.16,16.16,16.16,1,1.0
2025-10-11 00:00,15.95,15.95,15.95,1,1.0
2025-10-11 01:00,15.77,15.77,15.77,1,1.0
2025-10-11 02:00,15.65,15.65,15.65,1,1.0
2025-10-11 03:00,15.44,15.44,15.44,1,1.0
2025-10-11 04:00,15.26,15.26,15.26,1,1.0
2025-10-11 05:00,15.1,15.1,15.1,1,1.0
2025-10-11 06:00,14.98,14.98,14.98,1,1.0
2025-10-11 07:00,15.15,15.15,15.15,1,1.0
2025-10-11 08:00,17.05,17.05,17.05,1,1.0
2025-10-11 09:00,19.02,19.02,19.02,1,1.0
2025-10-11 10:00,20.3,20.3,20.3,1,1.0
2025-10-11 11:00,21.39,21.39,21.39,1,1.0
2025-10-11 12:00,22.19,22.19,22.19,1,1.0
2025-10-11 13:00,22.75,22.75,22.75,1,1.0
2025-10-11 14:00,23.0,23.0,23.0,1,1.0
2025-10-11 15:00,22.81,22.81,22.81,1,1.0
2025-10-11 16:00,22.3,22.3,22.3,1,1.0
2025-10-11 17:00,21.36,21.36,21.36,1,1.0
2025-10-11 18:00,20.23,20.23,20.23,1,1.0
2025-10-11 19:00,19.34,19.34,19.34,1,1.0
2025-10-11 20:00,19.04,19.04,19.04,1,1.0
2025-10-11 21:00,18.15,18.15,18.15,1,1.0
2025-10-11 22:00,17.4,17.4,17.4,1,1.0
2025-10-11 23:00,16.77,16.77,16.77,1,1.0
2025-10-12 00:00,16.24,16.24,16.24,1,1.0
2025-10-12 01:00,15.82,15.82,15.82,1,1.0
2025-10-12 02:00,15.29,15.29,15.29,1,1.0
2025-10-12 03:00,14.87,14.87,14.87,1,1.0
2025-10-12 04:00,14.53,14.53,14.53,1,1.0
2025-10-12 05:00,14.27,14.27,14.27,1,1.0
2025-10-12 06:00,14.02,14.02,14.02,1,1.0
2025-10-12 07:00,14.16,14.16,14.16,1,1.0
2025-10-12 08:00,15.93,15.93,15.93,1,1.0
2025-10-12 09:00,17.8,17.8,17.8,1,1.0
2025-10-12 10:00,19.2,19.2,19.2,1,1.0
2025-10-12 11:00,20.31,20.31,20.31,1,1.0
2025-10-12 12:00,21.03,21.03,21.03,1,1.0
2025-10-12 13:00,21.47,21.47,21.47,1,1.0
2025-10-12 14:00,21.52,21.52,21.52,1,1.0
2025-10-12 15:00,21.08,21.08,21.08,1,1.0
2025-10-12 16:00,20.43,20.43,20.43,1,1.0
2025-10-12 17:00,19.61,19.61,19.61,1,1.0
2025-10-12 18:00,18.88,18.88,18.88,1,1.0
2025-10-12 19:00,18.17,18.17,18.17,1,1.0
2025-10-12 20:00,17.54,17.54,17.54,1,1.0
2025-10-12 21:00,17.77,17.77,17.77,1,1.0
2025-10-12 22:00,17.72,17.72,17.72,1,1.0
2025-10-12 23:00,17.12,17.12,17.12,1,1.0
2025-10-13 00:00,16.34,16.34,16.34,1,1.0
2025-10-13 01:00,15.25,15.25,15.25,1,1.0
2025-10-13 02:00,14.88,14.88,14.88,1,1.0
2025-10-13 03:00,14.41,14.41,14.41,1,1.0
2025-10-13 04:00,14.23,14.23,14.23,1,1.0
2025-10-13 05:00,14.24,14.24,14.24,1,1.0
2025-10-13 06:00,13.87,13.87,13.87,1,1.0
2025-10-13 07:00,13.42,13.42,13.42,1,1.0
2025-10-13 08:00,16.25,16.25,16.25,1,1.0
2025-10-13 09:00,18.26,18.26,18.26,1,1.0
2025-10-13 10:00,19.34,19.34,19.34,1,1.0
2025-10-13 11:00,20.15,20.15,20.15,1,1.0
2025-10-13 12:00,20.5,20.5,20.5,1,1.0
2025-10-13 13:00,20.93,20.93,20.93,1,1.0
2025-10-13 14:00,21.14,21.14,21.14,1,1.0
2025-10-13 15:00,21.04,21.04,21.04,1,1.0
2025-10-13 16:00,20.55,20.55,20.55,1,1.0
2025-10-13 17:00,19.71,19.71,19.71,1,1.0
2025-10-13 18:00,18.91,18.91,18.91,1,1.0
2025-10-13 19:00,18.07,18.07,18.07,1,1.0
2025-10-13 20:00,17.99,17.99,17.99,1,1.0
2025-10-13 21:00,18.12,18.12,18.12,1,1.0
2025-10-13 22:00,17.65,17.65,17.65,1,1.0
2025-10-13 23:00,17.22,17.22,17.22,1,1.0
2025-10-14 00:00,15.56,15.56,15.56,1,1.0
2025-10-14 01:00,13.78,13.78,13.78,1,1.0
2025-10-14 02:00,13.3,13.3,13.3,1,1.0
2025-10-14 03:00,13.19,13.19,13.19,1,1.0
2025-10-14 04:00,13.12,13.12,13.12,1,1.0
2025-10-14 05:00,12.69,12.69,12.69,1,1.0
2025-10-14 06:00,12.36,12.36,12.36,1,1.0
2025-10-14 07:00,12.94,12.94,12.94,1,1.0
2025-10-14 08:00,15.95,15.95,15.95,1,1.0
2025-10-14 09:00,18.05,18.05,18.05,1,1.0
2025-10-14 10:00,19.18,19.18,19.18,1,1.0
2025-10-14 11:00,19.96,19.96,19.96,1,1.0
2025-10-14 12:00,20.55,20.55,20.55,1,1.0
2025-10-14 13:00,20.79,20.79,20.79,1,1.0
2025-10-14 14:00,20.52,20.52,20.52,1,1.0
2025-10-14 15:00,20.15,20.15,20.15,1,1.0
2025-10-14 16:00,19.57,19.57,19.57,1,1.0
2025-10-14 17:00,18.85,18.85,18.85,1,1.0
2025-10-14 18:00,18.11,18.11,18.11,1,1.0
2025-10-14 19:00,17.3,17.3,17.3,1,1.0
2025-10-14 20:00,18.19,18.19,18.19,1,1.0
2025-10-14 21:00,17.66,17.66,17.66,1,1.0
2025-10-14 22:00,17.13,17.13,17.13,1,1.0
2025-10-14 23:00,17.43,17.43,17.43,1,1.0
2025-10-15 00:00,17.01,17.01,17.01,1,1.0
2025-10-15 01:00,14.96,14.96,14.96,1,1.0
2025-10-15 02:00,13.81,13.81,13.81,1,1.0
2025-10-15 03:00,14.54,14.54,14.54,1,1.0
2025-10-15 04:00,14.86,14.86,14.86,1,1.0
2025-10-15 05:00,14.88,14.88,14.88,1,1.0
2025-10-15 06:00,14.91,14.91,14.91,1,1.0
2025-10-15 07:00,14.94,14.94,14.94,1,1.0
2025-10-15 08:00,15.92,15.92,15.92,1,1.0
2025-10-15 09:00,17.08,17.08,17.08,1,1.0
2025-10-15 10:00,18.44,18.44,18.44,1,1.0
2025-10-15 11:00,19.5,19.5,19.5,1,1.0
2025-10-15 12:00,20.13,20.13,20.13,1,1.0
2025-10-15 13:00,20.36,20.36,20.36,1,1.0
2025-10-15 14:00,20.05,20.05,20.05,1,1.0
2025-10-15 15:00,18.94,18.94,18.94,1,1.0
2025-10-15 16:00,17.84,17.84,17.84,1,1.0
2025-10-15 17:00,17.02,17.02,17.02,1,1.0
2025-10-15 18:00,16.05,16.05,16.05,1,1.0
2025-10-15 19:00,15.81,15.81,15.81,1,1.0
2025-10-15 20:00,15.39,15.39,15.39,1,1.0
2025-10-15 21:00,15.25,15.25,15.25,1,1.0
2025-10-15 22:00,15.69,15.69,15.69,1,1.0
2025-10-15 23:00,15.68,15.68,15.68,1,1.0
2025-10-16 00:00,15.54,15.54,15.54,1,1.0
2025-10-16 01:00,15.5,15.5,15.5,1,1.0
2025-10-16 02:00,15.38,15.38,15.38,1,1.0
2025-10-16 03:00,15.33,15.33,15.33,1,1.0
2025-10-16 04:00,15.28,15.28,15.28,1,1.0
2025-10-16 05:00,15.12,15.12,15.12,1,1.0
2025-10-16 06:00,14.93,14.93,14.93,1,1.0
2025-10-16 07:00,14.81,14.81,14.81,1,1.0
2025-10-16 08:00,14.76,14.76,14.76,1,1.0
2025-10-16 09:00,15.03,15.03,15.03,1,1.0
2025-10-16 10:00,15.16,15.16,15.16,1,1.0
2025-10-16 11:00,14.57,14.57,14.57,1,1.0
2025-10-16 12:00,14.89,14.89,14.89,1,1.0
2025-10-16 13:00,15.1,15.1,15.1,1,1.0
2025-10-16 14:00,15.77,15.77,15.77,1,1.0
2025-10-16 15:00,16.27,16.27,16.27,1,1.0
2025-10-16 16:00,16.27,16.27,16.27,1,1.0
2025-10-16 17:00,16.15,16.15,16.15,1,1.0
2025-10-16 18:00,15.82,15.82,15.82,1,1.0
2025-10-16 19:00,15.56,15.56,15.56,1,1.0
2025-10-16 20:00,15.26,15.26,15.26,1,1.0
2025-10-16 21:00,15.21,15.21,15.21,1,1.0
2025-10-16 22:00,15.26,15.26,15.26,1,1.0
2025-10-16 23:00,15.12,15.12,15.12,1,1.0
2025-10-17 00:00,15.07,15.07,15.07,1,1.0
2025-10-17 01:00,15.09,15.09,15.09,1,1.0
2025-10-17 02:00,15.1,15.1,15.1,1,1.0
2025-10-17 03:00,15.1,15.1,15.1,1,1.0
2025-10-17 04:00,15.18,15.18,15.18,1,1.0
2025-10-17 05:00,15.24,15.24,15.24,1,1.0
2025-10-17 06:00,15.3,15.3,15.3,1,1.0
2025-10-17 07:00,15.43,15.43,15.43,1,1.0
2025-10-17 08:00,15.9,15.9,15.9,1,1.0
2025-10-17 09:00,16.51,16.51,16.51,1,1.0
2025-10-17 10:00,16.89,16.89,16.89,1,1.0
2025-10-17 11:00,17.59,17.59,17.59,1,1.0
2025-10-17 12:00,18.25,18.25,18.25,1,1.0
2025-10-17 13:00,18.42,18.42,18.42,1,1.0
2025-10-17 14:00,18.37,18.37,18.37,1,1.0
2025-10-17 15:00,18.55,18.55,18.55,1,1.0
2025-10-17 16:00,18.24,18.24,18.24,1,1.0
2025-10-17 17:00,17.85,17.85,17.85,1,1.0
2025-10-17 18:00,17.31,17.31,17.31,1,1.0
2025-10-17 19:00,16.9,16.9,16.9,1,1.0
2025-10-17 20:00,17.09,17.09,17.09,1,1.0
2025-10-17 21:00,16.69,16.69,16.69,1,1.0
2025-10-17 22:00,16.41,16.41,16.41,1,1.0
2025-10-17 23:00,16.22,16.22,16.22,1,1.0
2025-10-18 00:00,16.0,16.0,16.0,1,1.0
2025-10-18 01:00,15.94,15.94,15.94,1,1.0
2025-10-18 02:00,15.71,15.71,15.71,1,1.0
2025-10-18 03:00,15.66,15.66,15.66,1,1.0
2025-10-18 04:00,15.56,15.56,15.56,1,1.0
2025-10-18 05:00,15.34,15.34,15.34,1,1.0
2025-10-18 06:00,15.26,15.26,15.26,1,1.0
2025-10-18 07:00,15.21,15.21,15.21,1,1.0
2025-10-18 08:00,15.45,15.45,15.45,1,1.0
2025-10-18 09:00,16.22,16.22,16.22,1,1.0
2025-10-18 10:00,16.92,16.92,16.92,1,1.0
2025-10-18 11:00,17.59,17.59,17.59,1,1.0
2025-10-18 12:00,17.85,17.85,17.85,1,1.0
2025-10-18 13:00,18.39,18.39,18.39,1,1.0
2025-10-18 14:00,18.65,18.65,18.65,1,1.0
2025-10-18 15:00,18.64,18.64,18.64,1,1.0
2025-10-18 16:00,18.31,18.31,18.31,1,1.0
2025-10-18 17:00,17.84,17.84,17.84,1,1.0
2025-10-18 18:00,17.13,17.13,17.13,1,1.0
2025-10-18 19:00,16.45,16.45,16.45,1,1.0
2025-10-18 20:00,16.18,16.18,16.18,1,1.0
2025-10-18 21:00,15.61,15.61,15.61,1,1.0
2025-10-18 22:00,14.75,14.75,14.75,1,1.0
2025-10-18 23:00,14.53,14.53,14.53,1,1.0
2025-10-19 00:00,15.09,15.09,15.09,1,1.0
2025-10-19 01:00,14.99,14.99,14.99,1,1.0
2025-10-19 02:00,15.08,15.08,15.08,1,1.0
2025-10-19 03:00,14.94,14.94,14.94,1,1.0
2025-10-19 04:00,14.84,14.84,14.84,1,1.0
2025-10-19 05:00,14.64,14.64,14.64,1,1.0
2025-10-19 06:00,14.51,14.51,14.51,1,1.0
2025-10-19 07:00,14.47,14.47,14.47,1,1.0
2025-10-19 08:00,15.28,15.28,15.28,1,1.0
2025-10-19 09:00,16.42,16.42,16.42,1,1.0
2025-10-19 10:00,17.61,17.61,17.61,1,1.0
2025-10-19 11:00,18.59,18.59,18.59,1,1.0
2025-10-19 12:00,19.47,19.47,19.47,1,1.0
2025-10-19 13:00,20.03,20.03,20.03,1,1.0
2025-10-19 14:00,20.11,20.11,20.11,1,1.0
2025-10-19 15:00,19.83,19.83,19.83,1,1.0
2025-10-19 16:00,19.46,19.46,19.46,1,1.0
2025-10-19 17:00,18.74,18.74,18.74,1,1.0
2025-10-19 18:00,17.81,17.81,17.81,1,1.0
2025-10-19 19:00,16.42,16.42,16.42,1,1.0
2025-10-19 20:00,15.89,15.89,15.89,1,1.0
2025-10-19 21:00,15.66,15.66,15.66,1,1.0
2025-10-19 22:00,15.14,15.14,15.14,1,1.0
2025-10-19 23:00,14.68,14.68,14.68,1,1.0
2025-10-20 00:00,14.35,14.35,14.35,1,1.0
2025-10-20 01:00,14.09,14.09,14.09,1,1.0
2025-10-20 02:00,13.89,13.89,13.89,1,1.0
2025-10-20 03:00,13.72,13.72,13.72,1,1.0
2025-10-20 04:00,13.45,13.45,13.45,1,1.0
2025-10-20 05:00,12.94,12.94,12.94,1,1.0
2025-10-20 06:00,12.55,12.55,12.55,1,1.0
2025-10-20 07:00,12.45,12.45,12.45,1,1.0
2025-10-20 08:00,14.01,14.01,14.01,1,1.0
2025-10-20 09:00,16.47,16.47,16.47,1,1.0
2025-10-20 10:00,17.8,17.8,17.8,1,1.0
2025-10-20 11:00,18.66,18.66,18.66,1,1.0
2025-10-20 12:00,19.14,19.14,19.14,1,1.0
2025-10-20 13:00,19.16,19.16,19.16,1,1.0
2025-10-20 14:00,18.9,18.9,18.9,1,1.0
2025-10-20 15:00,18.36,18.36,18.36,1,1.0
2025-10-20 16:00,17.89,17.89,17.89,1,1.0
2025-10-20 17:00,17.29,17.29,17.29,1,1.0
2025-10-20 18:00,16.59,16.59,16.59,1,1.0
2025-10-20 19:00,15.81,15.81,15.81,1,1.0
2025-10-20 20:00,15.28,15.28,15.28,1,1.0
2025-10-20 21:00,14.65,14.65,14.65,1,1.0
2025-10-20 22:00,14.34,14.34,14.34,1,1.0
2025-10-20 23:00,14.39,14.39,14.39,1,1.0
2025-10-21 00:00,14.27,14.27,14.27,1,1.0
2025-10-21 01:00,13.5,13.5,13.5,1,1.0
2025-10-21 02:00,13.69,13.69,13.69,1,1.0
2025-10-21 03:00,13.73,13.73,13.73,1,1.0
2025-10-21 04:00,13.66,13.66,13.66,1,1.0
2025-10-21 05:00,13.84,13.84,13.84,1,1.0
2025-10-21 06:00,14.18,14.18,14.18,1,1.0
2025-10-21 07:00,14.7,14.7,14.7,1,1.0
2025-10-21 08:00,15.82,15.82,15.82,1,1.0
2025-10-21 09:00,16.79,16.79,16.79,1,1.0
2025-10-21 10:00,17.62,17.62,17.62,1,1.0
2025-10-21 11:00,17.87,17.87,17.87,1,1.0
2025-10-21 12:00,17.72,17.72,17.72,1,1.0
2025-10-21 13:00,17.52,17.52,17.52,1,1.0
2025-10-21 14:00,17.03,17.03,17.03,1,1.0
2025-10-21 15:00,16.95,16.95,16.95,1,1.0
2025-10-21 16:00,16.93,16.93,16.93,1,1.0
2025-10-21 17:00,16.89,16.89,16.89,1,1.0
2025-10-21 18:00,16.51,16.51,16.51,1,1.0
2025-10-21 19:00,16.37,16.37,16.37,1,1.0
2025-10-21 20:00,16.75,16.75,16.75,1,1.0
2025-10-21 21:00,16.72,16.72,16.72,1,1.0
2025-10-21 22:00,16.45,16.45,16.45,1,1.0
2025-10-21 23:00,16.48,16.48,16.48,1,1.0
2025-10-22 00:00,16.52,16.52,16.52,1,1.0
2025-10-22 01:00,16.49,16.49,16.49,1,1.0
2025-10-22 02:00,16.63,16.63,16.63,1,1.0
2025-10-22 03:00,16.55,16.55,16.55,1,1.0
2025-10-22 04:00,16.12,16.12,16.12,1,1.0
2025-10-22 05:00,16.2,16.2,16.2,1,1.0
2025-10-22 06:00,15.92,15.92,15.92,1,1.0
2025-10-22 07:00,15.98,15.98,15.98,1,1.0
2025-10-22 08:00,16.5,16.5,16.5,1,1.0
2025-10-22 09:00,17.56,17.56,17.56,1,1.0
2025-10-22 10:00,18.28,18.28,18.28,1,1.0
2025-10-22 11:00,19.03,19.03,19.03,1,1.0
2025-10-22 12:00,19.31,19.31,19.31,1,1.0
2025-10-22 13:00,19.45,19.45,19.45,1,1.0
2025-10-22 14:00,19.25,19.25,19.25,1,1.0
2025-10-22 15:00,18.81,18.81,18.81,1,1.0
2025-10-22 16:00,17.89,17.89,17.89,1,1.0
2025-10-22 17:00,17.68,17.68,17.68,1,1.0
2025-10-22 18:00,17.22,17.22,17.22,1,1.0
2025-10-22 19:00,16.81,16.81,16.81,1,1.0
2025-10-22 20:00,16.65,16.65,16.65,1,1.0
2025-10-22 21:00,16.0,16.0,16.0,1,1.0
2025-10-22 22:00,15.46,15.46,15.46,1,1.0
2025-10-22 23:00,15.31,15.31,15.31,1,1.0
2025-10-23 00:00,15.5,15.5,15.5,1,1.0
2025-10-23 01:00,15.38,15.38,15.38,1,1.0
2025-10-23 02:00,15.78,15.78,15.78,1,1.0
2025-10-23 03:00,16.14,16.14,16.14,1,1.0
2025-10-23 04:00,16.25,16.25,16.25,1,1.0
2025-10-23 05:00,16.42,16.42,16.42,1,1.0
2025-10-23 06:00,16.51,16.51,16.51,1,1.0
2025-10-23 07:00,16.58,16.58,16.58,1,1.0
2025-10-23 08:00,16.56,16.56,16.56,1,1.0
2025-10-23 09:00,17.73,17.73,17.73,1,1.0
2025-10-23 10:00,18.61,18.61,18.61,1,1.0
2025-10-23 11:00,19.14,19.14,19.14,1,1.0
2025-10-23 12:00,19.15,19.15,19.15,1,1.0
2025-10-23 13:00,18.9,18.9,18.9,1,1.0
2025-10-23 14:00,18.87,18.87,18.87,1,1.0
2025-10-23 15:00,18.59,18.59,18.59,1,1.0
2025-10-23 16:00,18.13,18.13,18.13,1,1.0
2025-10-23 17:00,18.14,18.14,18.14,1,1.0
2025-10-23 18:00,18.19,18.19,18.19,1,1.0
2025-10-23 19:00,18.42,18.42,18.42,1,1.0
2025-10-23 20:00,18.57,18.57,18.57,1,1.0
2025-10-23 21:00,18.77,18.77,18.77,1,1.0
2025-10-23 22:00,18.81,18.81,18.81,1,1.0
2025-10-23 23:00,18.75,18.75,18.75,1,1.0
2025-10-24 00:00,18.01,18.01,18.01,1,1.0
2025-10-24 01:00,17.45,17.45,17.45,1,1.0
2025-10-24 02:00,17.3,17.3,17.3,1,1.0
2025-10-24 03:00,17.01,17.01,17.01,1,1.0
2025-10-24 04:00,16.86,16.86,16.86,1,1.0
2025-10-24 05:00,16.69,16.69,16.69,1,1.0
2025-10-24 06:00,16.61,16.61,16.61,1,1.0
2025-10-24 07:00,16.6,16.6,16.6,1,1.0
2025-10-24 08:00,17.42,17.42,17.42,1,1.0
2025-10-24 09:00,18.03,18.03,18.03,1,1.0
2025-10-24 10:00,18.38,18.38,18.38,1,1.0
2025-10-24 11:00,18.69,18.69,18.69,1,1.0
2025-10-24 12:00,18.79,18.79,18.79,1,1.0
2025-10-24 13:00,18.9,18.9,18.9,1,1.0
2025-10-24 14:00,18.81,18.81,18.81,1,1.0
2025-10-24 15:00,18.5,18.5,18.5,1,1.0
2025-10-24 16:00,18.14,18.14,18.14,1,1.0
2025-10-24 17:00,17.65,17.65,17.65,1,1.0
2025-10-24 18:00,17.21,17.21,17.21,1,1.0
2025-10-24 19:00,16.92,16.92,16.92,1,1.0
2025-10-24 20:00,17.26,17.26,17.26,1,1.0
2025-10-24 21:00,16.98,16.98,16.98,1,1.0
2025-10-24 22:00,16.69,16.69,16.69,1,1.0
2025-10-24 23:00,16.25,16.25,16.25,1,1.0
2025-10-25 00:00,15.81,15.81,15.81,1,1.0
2025-10-25 01:00,15.51,15.51,15.51,1,1.0
2025-10-25 02:00,15.56,15.56,15.56,1,1.0
2025-10-25 03:00,15.67,15.67,15.67,1,1.0
2025-10-25 04:00,15.49,15.49,15.49,1,1.0
2025-10-25 05:00,15.5,15.5,15.5,1,1.0
2025-10-25 06:00,15.61,15.61,15.61,1,1.0
2025-10-25 07:00,15.65,15.65,15.65,1,1.0
2025-10-25 08:00,16.39,16.39,16.39,1,1.0
2025-10-25 09:00,17.25,17.25,17.25,1,1.0
2025-10-25 10:00,18.11,18.11,18.11,1,1.0
2025-10-25 11:00,18.82,18.82,18.82,1,1.0
2025-10-25 12:00,19.03,19.03,19.03,1,1.0
2025-10-25 13:00,19.08,19.08,19.08,1,1.0
2025-10-25 14:00,19.02,19.02,19.02,1,1.0
2025-10-25 15:00,18.88,18.88,18.88,1,1.0
2025-10-25 16:00,18.49,18.49,18.49,1,1.0
2025-10-25 17:00,17.98,17.98,17.98,1,1.0
2025-10-25 18:00,17.42,17.42,17.42,1,1.0
2025-10-25 19:00,17.16,17.16,17.16,1,1.0
2025-10-25 20:00,16.84,16.84,16.84,1,1.0
2025-10-25 21:00,16.97,16.97,16.97,1,1.0
2025-10-25 22:00,17.16,17.16,17.16,1,1.0
2025-10-25 23:00,16.78,16.78,16.78,1,1.0
2025-10-26 00:00,16.77,16.77,16.77,1,1.0
2025-10-26 01:00,16.93,16.93,16.93,1,1.0
2025-10-26 02:00,17.02,17.02,17.02,1,1.0
2025-10-26 03:00,17.17,17.17,17.17,1,1.0
2025-10-26 04:00,17.21,17.21,17.21,1,1.0
2025-10-26 05:00,17.43,17.43,17.43,1,1.0
2025-10-26 06:00,17.76,17.76,17.76,1,1.0
2025-10-26 07:00,17.97,17.97,17.97,1,1.0
2025-10-26 08:00,18.38,18.38,18.38,1,1.0
2025-10-26 09:00,18.9,18.9,18.9,1,1.0
2025-10-26 10:00,19.28,19.28,19.28,1,1.0
2025-10-26 11:00,19.92,19.92,19.92,1,1.0
2025-10-26 12:00,19.96,19.96,19.96,1,1.0
2025-10-26 13:00,19.65,19.65,19.65,1,1.0
2025-10-26 14:00,19.46,19.46,19.46,1,1.0
2025-10-26 15:00,18.87,18.87,18.87,1,1.0
2025-10-26 16:00,18.41,18.41,18.41,1,1.0
2025-10-26 17:00,17.74,17.74,17.74,1,1.0
2025-10-26 18:00,17.29,17.29,17.29,1,1.0
2025-10-26 19:00,17.02,17.02,17.02,1,1.0
2025-10-26 20:00,17.34,17.34,17.34,1,1.0
2025-10-26 21:00,17.15,17.15,17.15,1,1.0
2025-10-26 22:00,16.88,16.88,16.88,1,1.0
2025-10-26 23:00,16.13,16.13,16.13,1,1.0
2025-10-27 00:00,15.45,15.45,15.45,1,1.0
2025-10-27 01:00,15.23,15.23,15.23,1,1.0
2025-10-27 02:00,15.53,15.53,15.53,1,1.0
2025-10-27 03:00,15.58,15.58,15.58,1,1.0
2025-10-27 04:00,15.46,15.46,15.46,1,1.0
2025-10-27 05:00,15.29,15.29,15.29,1,1.0
2025-10-27 06:00,14.94,14.94,14.94,1,1.0
2025-10-27 07:00,14.76,14.76,14.76,1,1.0
2025-10-27 08:00,15.16,15.16,15.16,1,1.0
2025-10-27 09:00,16.01,16.01,16.01,1,1.0
2025-10-27 10:00,16.71,16.71,16.71,1,1.0
2025-10-27 11:00,17.25,17.25,17.25,1,1.0
2025-10-27 12:00,17.45,17.45,17.45,1,1.0
2025-10-27 13:00,17.64,17.64,17.64,1,1.0
2025-10-27 14:00,17.38,17.38,17.38,1,1.0
2025-10-27 15:00,17.14,17.14,17.14,1,1.0
2025-10-27 16:00,16.79,16.79,16.79,1,1.0
2025-10-27 17:00,16.32,16.32,16.32,1,1.0
2025-10-27 18:00,16.12,16.12,16.12,1,1.0
2025-10-27 19:00,15.87,15.87,15.87,1,1.0
2025-10-27 20:00,15.35,15.35,15.35,1,1.0
2025-10-27 21:00,15.05,15.05,15.05,1,1.0
2025-10-27 22:00,15.14,15.14,15.14,1,1.0
2025-10-27 23:00,15.49,15.49,15.49,1,1.0
2025-10-28 00:00,15.44,15.44,15.44,1,1.0
2025-10-28 01:00,15.74,15.74,15.74,1,1.0
2025-10-28 02:00,15.79,15.79,15.79,1,1.0
2025-10-28 03:00,15.81,15.81,15.81,1,1.0
2025-10-28 04:00,15.25,15.25,15.25,1,1.0
2025-10-28 05:00,15.64,15.64,15.64,1,1.0
2025-10-28 06:00,15.3,15.3,15.3,1,1.0
2025-10-28 07:00,13.44,13.44,13.44,1,1.0
2025-10-28 08:00,13.98,13.98,13.98,1,1.0
2025-10-28 09:00,15.07,15.07,15.07,1,1.0
2025-10-28 10:00,16.35,16.35,16.35,1,1.0
2025-10-28 11:00,17.81,17.81,17.81,1,1.0
2025-10-28 12:00,18.79,18.79,18.79,1,1.0
2025-10-28 13:00,19.34,19.34,19.34,1,1.0
2025-10-28 14:00,19.53,19.53,19.53,1,1.0
2025-10-28 15:00,19.39,19.39,19.39,1,1.0
2025-10-28 16:00,18.89,18.89,18.89,1,1.0
2025-10-28 17:00,18.03,18.03,18.03,1,1.0
2025-10-28 18:00,16.75,16.75,16.75,1,1.0
2025-10-28 19:00,15.72,15.72,15.72,1,1.0
2025-10-28 20:00,15.01,15.01,15.01,1,1.0
2025-10-28 21:00,14.0,14.0,14.0,1,1.0
2025-10-28 22:00,13.6,13.6,13.6,1,1.0
2025-10-28 23:00,13.32,13.32,13.32,1,1.0
2025-10-29 00:00,13.08,13.08,13.08,1,1.0
2025-10-29 01:00,13.02,13.02,13.02,1,1.0
2025-10-29 02:00,13.47,13.47,13.47,1,1.0
2025-10-29 03:00,13.61,13.61,13.61,1,1.0
2025-10-29 04:00,14.32,14.32,14.32,1,1.0
2025-10-29 05:00,14.55,14.55,14.55,1,1.0
2025-10-29 06:00,14.49,14.49,14.49,1,1.0
2025-10-29 07:00,14.46,14.46,14.46,1,1.0
2025-10-29 08:00,15.16,15.16,15.16,1,1.0
2025-10-29 09:00,16.15,16.15,16.15,1,1.0
2025-10-29 10:00,17.38,17.38,17.38,1,1.0
2025-10-29 11:00,18.07,18.07,18.07,1,1.0
2025-10-29 12:00,18.3,18.3,18.3,1,1.0
2025-10-29 13:00,18.36,18.36,18.36,1,1.0
2025-10-29 14:00,18.2,18.2,18.2,1,1.0
2025-10-29 15:00,18.0,18.0,18.0,1,1.0
2025-10-29 16:00,17.78,17.78,17.78,1,1.0
2025-10-29 17:00,17.23,17.23,17.23,1,1.0
2025-10-29 18:00,16.78,16.78,16.78,1,1.0
2025-10-29 19:00,16.4,16.4,16.4,1,1.0
2025-10-29 20:00,15.6,15.6,15.6,1,1.0
2025-10-29 21:00,14.93,14.93,14.93,1,1.0
2025-10-29 22:00,14.5,14.5,14.5,1,1.0
2025-10-29 23:00,14.41,14.41,14.41,1,1.0
2025-10-30 00:00,14.67,14.67,14.67,1,1.0
2025-10-30 01:00,14.92,14.92,14.92,1,1.0
2025-10-30 02:00,14.7,14.7,14.7,1,1.0
2025-10-30 03:00,14.62,14.62,14.62,1,1.0
2025-10-30 04:00,14.94,14.94,14.94,1,1.0
2025-10-30 05:00,15.37,15.37,15.37,1,1.0
2025-10-30 06:00,15.57,15.57,15.57,1,1.0
2025-10-30 07:00,15.69,15.69,15.69,1,1.0
2025-10-30 08:00,16.29,16.29,16.29,1,1.0
2025-10-30 09:00,17.13,17.13,17.13,1,1.0
2025-10-30 10:00,18.16,18.16,18.16,1,1.0
2025-10-30 11:00,18.72,18.72,18.72,1,1.0
2025-10-30 12:00,18.98,18.98,18.98,1,1.0
2025-10-30 13:00,18.92,18.92,18.92,1,1.0
2025-10-30 14:00,18.91,18.91,18.91,1,1.0
2025-10-30 15:00,18.65,18.65,18.65,1,1.0
2025-10-30 16:00,18.34,18.34,18.34,1,1.0
2025-10-30 17:00,17.99,17.99,17.99,1,1.0
2025-10-30 18:00,17.68,17.68,17.68,1,1.0
2025-10-30 19:00,17.45,17.45,17.45,1,1.0
2025-10-30 20:00,17.48,17.48,17.48,1,1.0
2025-10-30 21:00,17.25,17.25,17.25,1,1.0
2025-10-30 22:00,17.02,17.02,17.02,1,1.0
2025-10-30 23:00,16.79,16.79,16.79,1,1.0
2025-10-31 00:00,16.47,16.47,16.47,1,1.0
2025-10-31 01:00,16.18,16.18,16.18,1,1.0
2025-10-31 02:00,15.5,15.5,15.5,1,1.0
2025-10-31 03:00,15.13,15.13,15.13,1,1.0
2025-10-31 04:00,15.51,15.51,15.51,1,1.0
2025-10-31 05:00,15.63,15.63,15.63,1,1.0
2025-10-31 06:00,15.57,15.57,15.57,1,1.0
2025-10-31 07:00,15.58,15.58,15.58,1,1.0
2025-10-31 08:00,16.73,16.73,16.73,1,1.0
2025-10-31 09:00,18.42,18.42,18.42,1,1.0
2025-10-31 10:00,19.91,19.91,19.91,1,1.0
2025-10-31 11:00,20.89,20.89,20.89,1,1.0
2025-10-31 12:00,21.53,21.53,21.53,1,1.0
2025-10-31 13:00,21.7,21.7,21.7,1,1.0
2025-10-31 14:00,21.65,21.65,21.65,1,1.0
2025-10-31 15:00,21.49,21.49,21.49,1,1.0
2025-10-31 16:00,20.83,20.83,20.83,1,1.0
2025-10-31 17:00,19.99,19.99,19.99,1,1.0
2025-10-31 18:00,19.31,19.31,19.31,1,1.0
2025-10-31 19:00,18.69,18.69,18.69,1,1.0
2025-10-31 20:00,17.62,17.62,17.62,1,1.0
2025-10-31 21:00,17.56,17.56,17.56,1,1.0
2025-10-31 22:00,17.4,17.4,17.4,1,1.0
2025-10-31 23:00,17.1,17.1,17.1,1,1.0
2025-11-01 00:00,16.65,16.65,16.65,1,1.0
2025-11-01 01:00,16.28,16.28,16.28,1,1.0
2025-11-01 02:00,15.92,15.92,15.92,1,1.0
2025-11-01 03:00,15.72,15.72,15.72,1,1.0
2025-11-01 04:00,15.82,15.82,15.82,1,1.0
2025-11-01 05:00,15.93,15.93,15.93,1,1.0
2025-11-01 06:00,15.97,15.97,15.97,1,1.0
2025-11-01 07:00,15.99,15.99,15.99,1,1.0
2025-11-01 08:00,16.77,16.77,16.77,1,1.0
2025-11-01 09:00,17.9,17.9,17.9,1,1.0
2025-11-01 10:00,19.0,19.0,19.0,1,1.0
2025-11-01 11:00,20.0,20.0,20.0,1,1.0
2025-11-01 12:00,20.88,20.88,20.88,1,1.0
2025-11-01 13:00,21.4,21.4,21.4,1,1.0
2025-11-01 14:00,21.55,21.55,21.55,1,1.0
2025-11-01 15:00,21.35,21.35,21.35,1,1.0
2025-11-01 16:00,20.76,20.76,20.76,1,1.0
2025-11-01 17:00,19.87,19.87,19.87,1,1.0
2025-11-01 18:00,19.02,19.02,19.02,1,1.0
2025-11-01 19:00,18.0,18.0,18.0,1,1.0
2025-11-01 20:00,18.0,18.0,18.0,1,1.0
2025-11-01 21:00,17.66,17.66,17.66,1,1.0
2025-11-01 22:00,17.38,17.38,17.38,1,1.0
2025-11-01 23:00,17.16,17.16,17.16,1,1.0
2025-11-02 00:00,15.59,15.59,15.59,1,1.0
2025-11-02 01:00,14.48,14.48,14.48,1,1.0
2025-11-02 02:00,13.8,13.8,13.8,1,1.0
2025-11-02 03:00,13.59,13.59,13.59,1,1.0
2025-11-02 04:00,13.68,13.68,13.68,1,1.0
2025-11-02 05:00,13.72,13.72,13.72,1,1.0
2025-11-02 06:00,13.75,13.75,13.75,1,1.0
2025-11-02 07:00,13.78,13.78,13.78,1,1.0
2025-11-02 08:00,14.56,14.56,14.56,1,1.0
2025-11-02 09:00,16.33,16.33,16.33,1,1.0
2025-11-02 10:00,18.04,18.04,18.04,1,1.0
2025-11-02 11:00,18.97,18.97,18.97,1,1.0
2025-11-02 12:00,19.36,19.36,19.36,1,1.0
2025-11-02 13:00,19.48,19.48,19.48,1,1.0
2025-11-02 14:00,19.33,19.33,19.33,1,1.0
2025-11-02 15:00,19.06,19.06,19.06,1,1.0
2025-11-02 16:00,18.55,18.55,18.55,1,1.0
2025-11-02 17:00,17.84,17.84,17.84,1,1.0
2025-11-02 18:00,17.2,17.2,17.2,1,1.0
2025-11-02 19:00,16.84,16.84,16.84,1,1.0
2025-11-02 20:00,16.42,16.42,16.42,1,1.0
2025-11-02 21:00,16.32,16.32,16.32,1,1.0
2025-11-02 22:00,16.3,16.3,16.3,1,1.0
2025-11-02 23:00,16.12,16.12,16.12,1,1.0
2025-11-03 00:00,16.29,16.29,16.29,1,1.0
2025-11-03 01:00,16.34,16.34,16.34,1,1.0
2025-11-03 02:00,16.33,16.33,16.33,1,1.0
2025-11-03 03:00,16.41,16.41,16.41,1,1.0
2025-11-03 04:00,16.36,16.36,16.36,1,1.0
2025-11-03 05:00,16.14,16.14,16.14,1,1.0
2025-11-03 06:00,16.26,16.26,16.26,1,1.0
2025-11-03 07:00,16.34,16.34,16.34,1,1.0
2025-11-03 08:00,16.36,16.36,16.36,1,1.0
2025-11-03 09:00,16.8,16.8,16.8,1,1.0
2025-11-03 10:00,17.36,17.36,17.36,1,1.0
2025-11-03 11:00,17.64,17.64,17.64,1,1.0
2025-11-03 12:00,17.72,17.72,17.72,1,1.0
2025-11-03 13:00,17.7,17.7,17.7,1,1.0
2025-11-03 14:00,17.73,17.73,17.73,1,1.0
2025-11-03 15:00,17.4,17.4,17.4,1,1.0
2025-11-03 16:00,16.77,16.77,16.77,1,1.0
2025-11-03 17:00,16.45,16.45,16.45,1,1.0
2025-11-03 18:00,16.02,16.02,16.02,1,1.0
2025-11-03 19:00,15.22,15.22,15.22,1,1.0
2025-11-03 20:00,14.94,14.94,14.94,1,1.0
2025-11-03 21:00,15.09,15.09,15.09,1,1.0
2025-11-03 22:00,15.62,15.62,15.62,1,1.0
2025-11-03 23:00,15.53,15.53,15.53,1,1.0
2025-11-04 00:00,15.11,15.11,15.11,1,1.0
2025-11-04 01:00,15.0,15.0,15.0,1,1.0
2025-11-04 02:00,14.62,14.62,14.62,1,1.0
2025-11-04 03:00,14.15,14.15,14.15,1,1.0
2025-11-04 04:00,13.72,13.72,13.72,1,1.0
2025-11-04 05:00,13.19,13.19,13.19,1,1.0
2025-11-04 06:00,12.79,12.79,12.79,1,1.0
2025-11-04 07:00,12.46,12.46,12.46,1,1.0
2025-11-04 08:00,12.94,12.94,12.94,1,1.0
2025-11-04 09:00,13.91,13.91,13.91,1,1.0
2025-11-04 10:00,14.8,14.8,14.8,1,1.0
2025-11-04 11:00,15.73,15.73,15.73,1,1.0
2025-11-04 12:00,16.57,16.57,16.57,1,1.0
2025-11-04 13:00,17.06,17.06,17.06,1,1.0
2025-11-04 14:00,17.17,17.17,17.17,1,1.0
2025-11-04 15:00,16.95,16.95,16.95,1,1.0
2025-11-04 16:00,16.35,16.35,16.35,1,1.0
2025-11-04 17:00,15.4,15.4,15.4,1,1.0
2025-11-04 18:00,14.52,14.52,14.52,1,1.0
2025-11-04 19:00,13.77,13.77,13.77,1,1.0
2025-11-04 20:00,13.49,13.49,13.49,1,1.0
2025-11-04 21:00,12.86,12.86,12.86,1,1.0
2025-11-04 22:00,12.34,12.34,12.34,1,1.0
2025-11-04 23:00,11.94,11.94,11.94,1,1.0
2025-11-05 00:00,11.61,11.61,11.61,1,1.0
2025-11-05 01:00,11.38,11.38,11.38,1,1.0
2025-11-05 02:00,11.17,11.17,11.17,1,1.0
2025-11-05 03:00,10.99,10.99,10.99,1,1.0
2025-11-05 04:00,10.84,10.84,10.84,1,1.0
2025-11-05 05:00,10.73,10.73,10.73,1,1.0
2025-11-05 06:00,10.64,10.64,10.64,1,1.0
2025-11-05 07:00,10.63,10.63,10.63,1,1.0
2025-11-05 08:00,11.88,11.88,11.88,1,1.0
2025-11-05 09:00,13.72,13.72,13.72,1,1.0
2025-11-05 10:00,15.27,15.27,15.27,1,1.0
2025-11-05 11:00,16.48,16.48,16.48,1,1.0
2025-11-05 12:00,17.38,17.38,17.38,1,1.0
2025-11-05 13:00,18.05,18.05,18.05,1,1.0
2025-11-05 14:00,18.41,18.41,18.41,1,1.0
2025-11-05 15:00,18.41,18.41,18.41,1,1.0
2025-11-05 16:00,17.83,17.83,17.83,1,1.0
2025-11-05 17:00,16.27,16.27,16.27,1,1.0
2025-11-05 18:00,15.35,15.35,15.35,1,1.0
2025-11-05 19:00,14.04,14.04,14.04,1,1.0
2025-11-05 20:00,12.64,12.64,12.64,1,1.0
2025-11-05 21:00,11.66,11.66,11.66,1,1.0
2025-11-05 22:00,11.52,11.52,11.52,1,1.0
2025-11-05 23:00,11.6,11.6,11.6,1,1.0
2025-11-06 00:00,11.71,11.71,11.71,1,1.0
2025-11-06 01:00,11.67,11.67,11.67,1,1.0
2025-11-06 02:00,11.53,11.53,11.53,1,1.0
2025-11-06 03:00,11.36,11.36,11.36,1,1.0
2025-11-06 04:00,11.16,11.16,11.16,1,1.0
2025-11-06 05:00,11.04,11.04,11.04,1,1.0
2025-11-06 06:00,10.91,10.91,10.91,1,1.0
2025-11-06 07:00,10.81,10.81,10.81,1,1.0
2025-11-06 08:00,11.87,11.87,11.87,1,1.0
2025-11-06 09:00,14.19,14.19,14.19,1,1.0
2025-11-06 10:00,15.88,15.88,15.88,1,1.0
2025-11-06 11:00,16.82,16.82,16.82,1,1.0
2025-11-06 12:00,17.34,17.34,17.34,1,1.0
2025-11-06 13:00,17.61,17.61,17.61,1,1.0
2025-11-06 14:00,17.66,17.66,17.66,1,1.0
2025-11-06 15:00,17.42,17.42,17.42,1,1.0
2025-11-06 16:00,16.77,16.77,16.77,1,1.0
2025-11-06 17:00,15.77,15.77,15.77,1,1.0
2025-11-06 18:00,14.31,14.31,14.31,1,1.0
2025-11-06 19:00,15.07,15.07,15.07,1,1.0
2025-11-06 20:00,15.0,15.0,15.0,1,1.0
2025-11-06 21:00,14.6,14.6,14.6,1,1.0
2025-11-06 22:00,14.23,14.23,14.23,1,1.0
2025-11-06 23:00,12.93,12.93,12.93,1,1.0
2025-11-07 00:00,11.82,11.82,11.82,1,1.0
2025-11-07 01:00,10.92,10.92,10.92,1,1.0
2025-11-07 02:00,10.37,10.37,10.37,1,1.0
2025-11-07 03:00,10.54,10.54,10.54,1,1.0
2025-11-07 04:00,10.96,10.96,10.96,1,1.0
2025-11-07 05:00,11.22,11.22,11.22,1,1.0
2025-11-07 06:00,10.73,10.73,10.73,1,1.0
2025-11-07 07:00,9.44,9.44,9.44,1,1.0
2025-11-07 08:00,11.56,11.56,11.56,1,1.0
2025-11-07 09:00,12.57,12.57,12.57,1,1.0
2025-11-07 10:00,13.66,13.66,13.66,1,1.0
2025-11-07 11:00,14.94,14.94,14.94,1,1.0
2025-11-07 12:00,15.92,15.92,15.92,1,1.0
2025-11-07 13:00,16.46,16.46,16.46,1,1.0
2025-11-07 14:00,16.62,16.62,16.62,1,1.0
2025-11-07 15:00,16.14,16.14,16.14,1,1.0
2025-11-07 16:00,15.19,15.19,15.19,1,1.0
2025-11-07 17:00,14.28,14.28,14.28,1,1.0
2025-11-07 18:00,13.21,13.21,13.21,1,1.0
2025-11-07 19:00,12.82,12.82,12.82,1,1.0
2025-11-07 20:00,12.94,12.94,12.94,1,1.0
2025-11-07 21:00,13.15,13.15,13.15,1,1.0
2025-11-07 22:00,13.2,13.2,13.2,1,1.0
2025-11-07 23:00,12.65,12.65,12.65,1,1.0
2025-11-08 00:00,13.0,13.0,13.0,1,1.0
2025-11-08 01:00,13.1,13.1,13.1,1,1.0
2025-11-08 02:00,12.6,12.6,12.6,1,1.0
2025-11-08 03:00,11.95,11.95,11.95,1,1.0
2025-11-08 04:00,10.78,10.78,10.78,1,1.0
2025-11-08 05:00,10.24,10.24,10.24,1,1.0
2025-11-08 06:00,10.41,10.41,10.41,1,1.0
2025-11-08 07:00,10.98,10.98,10.98,1,1.0
2025-11-08 08:00,12.45,12.45,12.45,1,1.0
2025-11-08 09:00,13.59,13.59,13.59,1,1.0
2025-11-08 10:00,13.89,13.89,13.89,1,1.0
2025-11-08 11:00,14.59,14.59,14.59,1,1.0
2025-11-08 12:00,14.88,14.88,14.88,1,1.0
2025-11-08 13:00,14.49,14.49,14.49,1,1.0
2025-11-08 14:00,14.46,14.46,14.46,1,1.0
2025-11-08 15:00,14.51,14.51,14.51,1,1.0
2025-11-08 16:00,14.03,14.03,14.03,1,1.0
2025-11-08 17:00,13.27,13.27,13.27,1,1.0
2025-11-08 18:00,12.83,12.83,12.83,1,1.0
2025-11-08 19:00,12.73,12.73,12.73,1,1.0
2025-11-08 20:00,13.39,13.39,13.39,1,1.0
2025-11-08 21:00,13.54,13.54,13.54,1,1.0
2025-11-08 22:00,13.63,13.63,13.63,1,1.0
2025-11-08 23:00,13.42,13.42,13.42,1,1.0
2025-11-09 00:00,13.26,13.26,13.26,1,1.0
2025-11-09 01:00,13.07,13.07,13.07,1,1.0
2025-11-09 02:00,13.02,13.02,13.02,1,1.0
2025-11-09 03:00,13.07,13.07,13.07,1,1.0
2025-11-09 04:00,12.96,12.96,12.96,1,1.0
2025-11-09 05:00,12.95,12.95,12.95,1,1.0
2025-11-09 06:00,12.97,12.97,12.97,1,1.0
2025-11-09 07:00,13.4,13.4,13.4,1,1.0
2025-11-09 08:00,13.88,13.88,13.88,1,1.0
2025-11-09 09:00,14.74,14.74,14.74,1,1.0
2025-11-09 10:00,15.51,15.51,15.51,1,1.0
2025-11-09 11:00,16.05,16.05,16.05,1,1.0
2025-11-09 12:00,16.75,16.75,16.75,1,1.0
2025-11-09 13:00,17.2,17.2,17.2,1,1.0
2025-11-09 14:00,17.33,17.33,17.33,1,1.0
2025-11-09 15:00,17.17,17.17,17.17,1,1.0
2025-11-09 16:00,16.78,16.78,16.78,1,1.0
2025-11-09 17:00,16.21,16.21,16.21,1,1.0
2025-11-09 18:00,15.61,15.61,15.61,1,1.0
2025-11-09 19:00,15.11,15.11,15.11,1,1.0
2025-11-09 20:00,14.72,14.72,14.72,1,1.0
2025-11-09 21:00,14.32,14.32,14.32,1,1.0
2025-11-09 22:00,14.04,14.04,14.04,1,1.0
2025-11-09 23:00,13.88,13.88,13.88,1,1.0
2025-11-10 00:00,13.82,13.82,13.82,1,1.0
2025-11-10 01:00,13.8,13.8,13.8,1,1.0
2025-11-10 02:00,13.98,13.98,13.98,1,1.0
2025-11-10 03:00,13.96,13.96,13.96,1,1.0
2025-11-10 04:00,13.82,13.82,13.82,1,1.0
2025-11-10 05:00,13.62,13.62,13.62,1,1.0
2025-11-10 06:00,13.36,13.36,13.36,1,1.0
2025-11-10 07:00,13.23,13.23,13.23,1,1.0
2025-11-10 08:00,13.51,13.51,13.51,1,1.0
2025-11-10 09:00,14.7,14.7,14.7,1,1.0
2025-11-10 10:00,15.52,15.52,15.52,1,1.0
2025-11-10 11:00,16.3,16.3,16.3,1,1.0
2025-11-10 12:00,16.92,16.92,16.92,1,1.0
2025-11-10 13:00,17.02,17.02,17.02,1,1.0
2025-11-10 14:00,16.82,16.82,16.82,1,1.0
2025-11-10 15:00,16.36,16.36,16.36,1,1.0
2025-11-10 16:00,15.89,15.89,15.89,1,1.0
2025-11-10 17:00,15.23,15.23,15.23,1,1.0
2025-11-10 18:00,14.7,14.7,14.7,1,1.0
2025-11-10 19:00,14.49,14.49,14.49,1,1.0
2025-11-10 20:00,13.64,13.64,13.64,1,1.0
2025-11-10 21:00,12.97,12.97,12.97,1,1.0
2025-11-10 22:00,13.23,13.23,13.23,1,1.0
2025-11-10 23:00,14.18,14.18,14.18,1,1.0
2025-11-11 00:00,14.08,14.08,14.08,1,1.0
2025-11-11 01:00,13.98,13.98,13.98,1,1.0
2025-11-11 02:00,13.86,13.86,13.86,1,1.0
2025-11-11 03:00,13.75,13.75,13.75,1,1.0
2025-11-11 04:00,13.61,13.61,13.61,1,1.0
2025-11-11 05:00,12.71,12.71,12.71,1,1.0
2025-11-11 06:00,11.21,11.21,11.21,1,1.0
2025-11-11 07:00,10.35,10.35,10.35,1,1.0
2025-11-11 08:00,11.82,11.82,11.82,1,1.0
2025-11-11 09:00,13.01,13.01,13.01,1,1.0
2025-11-11 10:00,13.97,13.97,13.97,1,1.0
2025-11-11 11:00,15.05,15.05,15.05,1,1.0
2025-11-11 12:00,15.65,15.65,15.65,1,1.0
2025-11-11 13:00,16.16,16.16,16.16,1,1.0
2025-11-11 14:00,16.29,16.29,16.29,1,1.0
2025-11-11 15:00,16.2,16.2,16.2,1,1.0
2025-11-11 16:00,15.87,15.87,15.87,1,1.0
2025-11-11 17:00,14.85,14.85,14.85,1,1.0
2025-11-11 18:00,13.72,13.72,13.72,1,1.0
2025-11-11 19:00,12.91,12.91,12.91,1,1.0
2025-11-11 20:00,12.0,12.0,12.0,1,1.0
2025-11-11 21:00,11.37,11.37,11.37,1,1.0
2025-11-11 22:00,10.83,10.83,10.83,1,1.0
2025-11-11 23:00,10.4,10.4,10.4,1,1.0
2025-11-12 00:00,9.97,9.97,9.97,1,1.0
2025-11-12 01:00,9.64,9.64,9.64,1,1.0
2025-11-12 02:00,9.45,9.45,9.45,1,1.0
2025-11-12 03:00,9.24,9.24,9.24,1,1.0
2025-11-12 04:00,9.02,9.02,9.02,1,1.0
2025-11-12 05:00,8.77,8.77,8.77,1,1.0
2025-11-12 06:00,8.48,8.48,8.48,1,1.0
2025-11-12 07:00,8.28,8.28,8.28,1,1.0
2025-11-12 08:00,9.75,9.75,9.75,1,1.0
2025-11-12 09:00,13.7,13.7,13.7,1,1.0
2025-11-12 10:00,15.59,15.59,15.59,1,1.0
2025-11-12 11:00,16.78,16.78,16.78,1,1.0
2025-11-12 12:00,17.43,17.43,17.43,1,1.0
2025-11-12 13:00,17.73,17.73,17.73,1,1.0
2025-11-12 14:00,17.6,17.6,17.6,1,1.0
2025-11-12 15:00,17.22,17.22,17.22,1,1.0
2025-11-12 16:00,16.59,16.59,16.59,1,1.0
2025-11-12 17:00,15.09,15.09,15.09,1,1.0
2025-11-12 18:00,14.32,14.32,14.32,1,1.0
2025-11-12 19:00,14.67,14.67,14.67,1,1.0
2025-11-12 20:00,15.15,15.15,15.15,1,1.0
2025-11-12 21:00,14.66,14.66,14.66,1,1.0
2025-11-12 22:00,14.31,14.31,14.31,1,1.0
2025-11-12 23:00,13.96,13.96,13.96,1,1.0
2025-11-13 00:00,12.08,12.08,12.08,1,1.0
2025-11-13 01:00,11.06,11.06,11.06,1,1.0
2025-11-13 02:00,10.37,10.37,10.37,1,1.0
2025-11-13 03:00,10.34,10.34,10.34,1,1.0
2025-11-13 04:00,10.61,10.61,10.61,1,1.0
2025-11-13 05:00,10.88,10.88,10.88,1,1.0
2025-11-13 06:00,10.62,10.62,10.62,1,1.0
2025-11-13 07:00,10.15,10.15,10.15,1,1.0
2025-11-13 08:00,10.12,10.12,10.12,1,1.0
2025-11-13 09:00,13.42,13.42,13.42,1,1.0
2025-11-13 10:00,14.97,14.97,14.97,1,1.0
2025-11-13 11:00,15.76,15.76,15.76,1,1.0
2025-11-13 12:00,16.23,16.23,16.23,1,1.0
2025-11-13 13:00,16.42,16.42,16.42,1,1.0
2025-11-13 14:00,16.38,16.38,16.38,1,1.0
2025-11-13 15:00,16.1,16.1,16.1,1,1.0
2025-11-13 16:00,15.58,15.58,15.58,1,1.0
2025-11-13 17:00,14.54,14.54,14.54,1,1.0
2025-11-13 18:00,14.72,14.72,14.72,1,1.0
2025-11-13 19:00,14.4,14.4,14.4,1,1.0
2025-11-13 20:00,13.91,13.91,13.91,1,1.0
2025-11-13 21:00,13.46,13.46,13.46,1,1.0
2025-11-13 22:00,12.04,12.04,12.04,1,1.0
2025-11-13 23:00,10.33,10.33,10.33,1,1.0
2025-11-14 00:00,9.47,9.47,9.47,1,1.0
2025-11-14 01:00,9.09,9.09,9.09,1,1.0
2025-11-14 02:00,8.99,8.99,8.99,1,1.0
2025-11-14 03:00,9.32,9.32,9.32,1,1.0
2025-11-14 04:00,9.65,9.65,9.65,1,1.0
2025-11-14 05:00,9.13,9.13,9.13,1,1.0
2025-11-14 06:00,8.74,8.74,8.74,1,1.0
2025-11-14 07:00,8.76,8.76,8.76,1,1.0
2025-11-14 08:00,10.13,10.13,10.13,1,1.0
2025-11-14 09:00,13.04,13.04,13.04,1,1.0
2025-11-14 10:00,14.57,14.57,14.57,1,1.0
2025-11-14 11:00,15.59,15.59,15.59,1,1.0
2025-11-14 12:00,16.28,16.28,16.28,1,1.0
2025-11-14 13:00,16.52,16.52,16.52,1,1.0
2025-11-14 14:00,16.43,16.43,16.43,1,1.0
2025-11-14 15:00,16.18,16.18,16.18,1,1.0
2025-11-14 16:00,15.7,15.7,15.7,1,1.0
2025-11-14 17:00,14.83,14.83,14.83,1,1.0
2025-11-14 18:00,14.86,14.86,14.86,1,1.0
2025-11-14 19:00,14.5,14.5,14.5,1,1.0
2025-11-14 20:00,14.01,14.01,14.01,1,1.0
2025-11-14 21:00,10.72,10.72,10.72,1,1.0
2025-11-14 22:00,9.55,9.55,9.55,1,1.0
2025-11-14 23:00,9.34,9.34,9.34,1,1.0
2025-11-15 00:00,9.31,9.31,9.31,1,1.0
2025-11-15 01:00,9.68,9.68,9.68,1,1.0
2025-11-15 02:00,9.83,9.83,9.83,1,1.0
2025-11-15 03:00,9.7,9.7,9.7,1,1.0
2025-11-15 04:00,9.8,9.8,9.8,1,1.0
2025-11-15 05:00,9.77,9.77,9.77,1,1.0
2025-11-15 06:00,9.97,9.97,9.97,1,1.0
2025-11-15 07:00,10.51,10.51,10.51,1,1.0
2025-11-15 08:00,11.77,11.77,11.77,1,1.0
2025-11-15 09:00,14.09,14.09,14.09,1,1.0
2025-11-15 10:00,16.4,16.4,16.4,1,1.0
2025-11-15 11:00,17.55,17.55,17.55,1,1.0
2025-11-15 12:00,18.24,18.24,18.24,1,1.0
2025-11-15 13:00,18.55,18.55,18.55,1,1.0
2025-11-15 14:00,18.51,18.51,18.51,1,1.0
2025-11-15 15:00,18.17,18.17,18.17,1,1.0
2025-11-15 16:00,17.39,17.39,17.39,1,1.0
2025-11-15 17:00,17.16,17.16,17.16,1,1.0
2025-11-15 18:00,16.73,16.73,16.73,1,1.0
2025-11-15 19:00,16.35,16.35,16.35,1,1.0
2025-11-15 20:00,13.33,13.33,13.33,1,1.0
2025-11-15 21:00,13.93,13.93,13.93,1,1.0
2025-11-15 22:00,12.51,12.51,12.51,1,1.0
2025-11-15 23:00,11.62,11.62,11.62,1,1.0
2025-11-16 00:00,11.43,11.43,11.43,1,1.0
2025-11-16 01:00,11.3,11.3,11.3,1,1.0
2025-11-16 02:00,11.27,11.27,11.27,1,1.0
2025-11-16 03:00,11.27,11.27,11.27,1,1.0
2025-11-16 04:00,11.28,11.28,11.28,1,1.0
2025-11-16 05:00,11.18,11.18,11.18,1,1.0
2025-11-16 06:00,11.0,11.0,11.0,1,1.0
2025-11-16 07:00,11.0,11.0,11.0,1,1.0
2025-11-16 08:00,12.33,12.33,12.33,1,1.0
2025-11-16 09:00,15.37,15.37,15.37,1,1.0
2025-11-16 10:00,17.36,17.36,17.36,1,1.0
2025-11-16 11:00,18.62,18.62,18.62,1,1.0
2025-11-16 12:00,19.27,19.27,19.27,1,1.0
2025-11-16 13:00,19.63,19.63,19.63,1,1.0
2025-11-16 14:00,19.72,19.72,19.72,1,1.0
2025-11-16 15:00,19.51,19.51,19.51,1,1.0
2025-11-16 16:00,18.84,18.84,18.84,1,1.0
2025-11-16 17:00,17.51,17.51,17.51,1,1.0
2025-11-16 18:00,16.64,16.64,16.64,1,1.0
2025-11-16 19:00,16.37,16.37,16.37,1,1.0
2025-11-16 20:00,16.5,16.5,16.5,1,1.0
2025-11-16 21:00,17.18,17.18,17.18,1,1.0
2025-11-16 22:00,17.45,17.45,17.45,1,1.0
2025-11-16 23:00,17.41,17.41,17.41,1,1.0
2025-11-17 00:00,17.17,17.17,17.17,1,1.0
2025-11-17 01:00,16.9,16.9,16.9,1,1.0
2025-11-17 02:00,16.71,16.71,16.71,1,1.0
2025-11-17 03:00,16.47,16.47,16.47,1,1.0
2025-11-17 04:00,16.32,16.32,16.32,1,1.0
2025-11-17 05:00,16.35,16.35,16.35,1,1.0
2025-11-17 06:00,16.28,16.28,16.28,1,1.0
2025-11-17 07:00,16.17,16.17,16.17,1,1.0
2025-11-17 08:00,16.63,16.63,16.63,1,1.0
2025-11-17 09:00,17.29,17.29,17.29,1,1.0
2025-11-17 10:00,17.75,17.75,17.75,1,1.0
2025-11-17 11:00,18.17,18.17,18.17,1,1.0
2025-11-17 12:00,17.94,17.94,17.94,1,1.0
2025-11-17 13:00,17.27,17.27,17.27,1,1.0
2025-11-17 14:00,17.29,17.29,17.29,1,1.0
2025-11-17 15:00,16.67,16.67,16.67,1,1.0
2025-11-17 16:00,16.39,16.39,16.39,1,1.0
2025-11-17 17:00,16.22,16.22,16.22,1,1.0
2025-11-17 18:00,16.07,16.07,16.07,1,1.0
2025-11-17 19:00,15.99,15.99,15.99,1,1.0
2025-11-17 20:00,16.22,16.22,16.22,1,1.0
2025-11-17 21:00,15.98,15.98,15.98,1,1.0
2025-11-17 22:00,15.97,15.97,15.97,1,1.0
2025-11-17 23:00,15.95,15.95,15.95,1,1.0
2025-11-18 00:00,15.84,15.84,15.84,1,1.0
2025-11-18 01:00,15.78,15.78,15.78,1,1.0
2025-11-18 02:00,15.61,15.61,15.61,1,1.0
2025-11-18 03:00,15.47,15.47,15.47,1,1.0
2025-11-18 04:00,15.4,15.4,15.4,1,1.0
2025-11-18 05:00,15.3,15.3,15.3,1,1.0
2025-11-18 06:00,15.39,15.39,15.39,1,1.0
2025-11-18 07:00,15.22,15.22,15.22,1,1.0
2025-11-18 08:00,14.65,14.65,14.65,1,1.0
2025-11-18 09:00,14.84,14.84,14.84,1,1.0
2025-11-18 10:00,15.0,15.0,15.0,1,1.0
2025-11-18 11:00,15.18,15.18,15.18,1,1.0
2025-11-18 12:00,15.03,15.03,15.03,1,1.0
2025-11-18 13:00,14.87,14.87,14.87,1,1.0
2025-11-18 14:00,14.67,14.67,14.67,1,1.0
2025-11-18 15:00,14.55,14.55,14.55,1,1.0
2025-11-18 16:00,14.54,14.54,14.54,1,1.0
2025-11-18 17:00,14.16,14.16,14.16,1,1.0
2025-11-18 18:00,13.95,13.95,13.95,1,1.0
2025-11-18 19:00,13.69,13.69,13.69,1,1.0
2025-11-18 20:00,13.89,13.89,13.89,1,1.0
2025-11-18 21:00,13.98,13.98,13.98,1,1.0
2025-11-18 22:00,14.01,14.01,14.01,1,1.0
2025-11-18 23:00,13.89,13.89,13.89,1,1.0
2025-11-19 00:00,13.72,13.72,13.72,1,1.0
2025-11-19 01:00,13.51,13.51,13.51,1,1.0
2025-11-19 02:00,13.43,13.43,13.43,1,1.0
2025-11-19 03:00,13.26,13.26,13.26,1,1.0
2025-11-19 04:00,13.26,13.26,13.26,1,1.0
2025-11-19 05:00,13.05,13.05,13.05,1,1.0
2025-11-19 06:00,12.93,12.93,12.93,1,1.0
2025-11-19 07:00,12.8,12.8,12.8,1,1.0
2025-11-19 08:00,13.46,13.46,13.46,1,1.0
2025-11-19 09:00,13.77,13.77,13.77,1,1.0
2025-11-19 10:00,14.39,14.39,14.39,1,1.0
2025-11-19 11:00,14.83,14.83,14.83,1,1.0
2025-11-19 12:00,15.22,15.22,15.22,1,1.0
2025-11-19 13:00,15.49,15.49,15.49,1,1.0
2025-11-19 14:00,15.8,15.8,15.8,1,1.0
2025-11-19 15:00,15.84,15.84,15.84,1,1.0
2025-11-19 16:00,15.16,15.16,15.16,1,1.0
2025-11-19 17:00,14.64,14.64,14.64,1,1.0
2025-11-19 18:00,14.34,14.34,14.34,1,1.0
2025-11-19 19:00,14.0,14.0,14.0,1,1.0
2025-11-19 20:00,13.87,13.87,13.87,1,1.0
2025-11-19 21:00,13.33,13.33,13.33,1,1.0
2025-11-19 22:00,12.75,12.75,12.75,1,1.0
2025-11-19 23:00,11.96,11.96,11.96,1,1.0
2025-11-20 00:00,11.51,11.51,11.51,1,1.0
2025-11-20 01:00,11.68,11.68,11.68,1,1.0
2025-11-20 02:00,11.23,11.23,11.23,1,1.0
2025-11-20 03:00,11.25,11.25,11.25,1,1.0
2025-11-20 04:00,11.58,11.58,11.58,1,1.0
2025-11-20 05:00,11.41,11.41,11.41,1,1.0
2025-11-20 06:00,10.62,10.62,10.62,1,1.0
2025-11-20 07:00,10.63,10.63,10.63,1,1.0
2025-11-20 08:00,11.73,11.73,11.73,1,1.0
2025-11-20 09:00,13.33,13.33,13.33,1,1.0
2025-11-20 10:00,14.43,14.43,14.43,1,1.0
2025-11-20 11:00,15.0,15.0,15.0,1,1.0
2025-11-20 12:00,15.63,15.63,15.63,1,1.0
2025-11-20 13:00,15.46,15.46,15.46,1,1.0
2025-11-20 14:00,15.13,15.13,15.13,1,1.0
2025-11-20 15:00,14.16,14.16,14.16,1,1.0
2025-11-20 16:00,13.72,13.72,13.72,1,1.0
2025-11-20 17:00,12.91,12.91,12.91,1,1.0
2025-11-20 18:00,12.47,12.47,12.47,1,1.0
2025-11-20 19:00,12.4,12.4,12.4,1,1.0
2025-11-20 20:00,12.67,12.67,12.67,1,1.0
2025-11-20 21:00,12.59,12.59,12.59,1,1.0
2025-11-20 22:00,12.52,12.52,12.52,1,1.0
2025-11-20 23:00,12.37,12.37,12.37,1,1.0
2025-11-21 00:00,12.24,12.24,12.24,1,1.0
2025-11-21 01:00,11.91,11.91,11.91,1,1.0
2025-11-21 02:00,12.02,12.02,12.02,1,1.0
2025-11-21 03:00,11.42,11.42,11.42,1,1.0
2025-11-21 04:00,11.1,11.1,11.1,1,1.0
2025-11-21 05:00,11.03,11.03,11.03,1,1.0
2025-11-21 06:00,10.79,10.79,10.79,1,1.0
2025-11-21 07:00,10.72,10.72,10.72,1,1.0
2025-11-21 08:00,10.97,10.97,10.97,1,1.0
2025-11-21 09:00,11.44,11.44,11.44,1,1.0
2025-11-21 10:00,11.49,11.49,11.49,1,1.0
2025-11-21 11:00,11.35,11.35,11.35,1,1.0
2025-11-21 12:00,10.68,10.68,10.68,1,1.0
2025-11-21 13:00,10.13,10.13,10.13,1,1.0
2025-11-21 14:00,9.74,9.74,9.74,1,1.0
2025-11-21 15:00,10.18,10.18,10.18,1,1.0
2025-11-21 16:00,10.53,10.53,10.53,1,1.0
2025-11-21 17:00,10.17,10.17,10.17,1,1.0
2025-11-21 18:00,10.68,10.68,10.68,1,1.0
2025-11-21 19:00,10.6,10.6,10.6,1,1.0
2025-11-21 20:00,8.63,8.63,8.63,1,1.0
2025-11-21 21:00,9.54,9.54,9.54,1,1.0
2025-11-21 22:00,9.19,9.19,9.19,1,1.0
2025-11-21 23:00,9.03,9.03,9.03,1,1.0
2025-11-22 00:00,9.21,9.21,9.21,1,1.0
2025-11-22 01:00,8.96,8.96,8.96,1,1.0
2025-11-22 02:00,8.48,8.48,8.48,1,1.0
2025-11-22 03:00,8.32,8.32,8.32,1,1.0
2025-11-22 04:00,8.39,8.39,8.39,1,1.0
2025-11-22 05:00,8.16,8.16,8.16,1,1.0
2025-11-22 06:00,8.04,8.04,8.04,1,1.0
2025-11-22 07:00,7.18,7.18,7.18,1,1.0
2025-11-22 08:00,7.35,7.35,7.35,1,1.0
2025-11-22 09:00,9.06,9.06,9.06,1,1.0
2025-11-22 10:00,8.61,8.61,8.61,1,1.0
2025-11-22 11:00,8.91,8.91,8.91,1,1.0
2025-11-22 12:00,9.2,9.2,9.2,1,1.0
2025-11-22 13:00,9.33,9.33,9.33,1,1.0
2025-11-22 14:00,9.0,9.0,9.0,1,1.0
2025-11-22 15:00,8.44,8.44,8.44,1,1.0
2025-11-22 16:00,8.0,8.0,8.0,1,1.0
2025-11-22 17:00,7.78,7.78,7.78,1,1.0
2025-11-22 18:00,7.65,7.65,7.65,1,1.0
2025-11-22 19:00,7.72,7.72,7.72,1,1.0
2025-11-22 20:00,7.58,7.58,7.58,1,1.0
2025-11-22 21:00,7.45,7.45,7.45,1,1.0
2025-11-22 22:00,7.32,7.32,7.32,1,1.0
2025-11-22 23:00,7.11,7.11,7.11,1,1.0
2025-11-23 00:00,7.06,7.06,7.06,1,1.0
2025-11-23 01:00,6.38,6.38,6.38,1,1.0
2025-11-23 02:00,5.72,5.72,5.72,1,1.0
2025-11-23 03:00,4.75,4.75,4.75,1,1.0
2025-11-23 04:00,4.36,4.36,4.36,1,1.0
2025-11-23 05:00,4.64,4.64,4.64,1,1.0
2025-11-23 06:00,4.62,4.62,4.62,1,1.0
2025-11-23 07:00,4.84,4.84,4.84,1,1.0
2025-11-23 08:00,6.17,6.17,6.17,1,1.0
2025-11-23 09:00,7.67,7.67,7.67,1,1.0
2025-11-23 10:00,8.99,8.99,8.99,1,1.0
2025-11-23 11:00,10.1,10.1,10.1,1,1.0
2025-11-23 12:00,10.57,10.57,10.57,1,1.0
2025-11-23 13:00,10.56,10.56,10.56,1,1.0
2025-11-23 14:00,10.64,10.64,10.64,1,1.0
2025-11-23 15:00,10.55,10.55,10.55,1,1.0
2025-11-23 16:00,10.24,10.24,10.24,1,1.0
2025-11-23 17:00,9.82,9.82,9.82,1,1.0
2025-11-23 18:00,9.58,9.58,9.58,1,1.0
2025-11-23 19:00,9.01,9.01,9.01,1,1.0
2025-11-23 20:00,8.5,8.5,8.5,1,1.0
2025-11-23 21:00,8.22,8.22,8.22,1,1.0
2025-11-23 22:00,7.82,7.82,7.82,1,1.0
2025-11-23 23:00,7.46,7.46,7.46,1,1.0
2025-11-24 00:00,7.52,7.52,7.52,1,1.0
2025-11-24 01:00,7.81,7.81,7.81,1,1.0
2025-11-24 02:00,8.46,8.46,8.46,1,1.0
2025-11-24 03:00,9.76,9.76,9.76,1,1.0
2025-11-24 04:00,10.39,10.39,10.39,1,1.0
2025-11-24 05:00,10.42,10.42,10.42,1,1.0
2025-11-24 06:00,10.6,10.6,10.6,1,1.0
2025-11-24 07:00,10.56,10.56,10.56,1,1.0
2025-11-24 08:00,10.49,10.49,10.49,1,1.0
2025-11-24 09:00,11.25,11.25,11.25,1,1.0
2025-11-24 10:00,12.49,12.49,12.49,1,1.0
2025-11-24 11:00,13.45,13.45,13.45,1,1.0
2025-11-24 12:00,13.4,13.4,13.4,1,1.0
2025-11-24 13:00,13.52,13.52,13.52,1,1.0
2025-11-24 14:00,12.63,12.63,12.63,1,1.0
2025-11-24 15:00,12.64,12.64,12.64,1,1.0
2025-11-24 16:00,12.82,12.82,12.82,1,1.0
2025-11-24 17:00,12.88,12.88,12.88,1,1.0
2025-11-24 18:00,13.01,13.01,13.01,1,1.0
2025-11-24 19:00,13.7,13.7,13.7,1,1.0
2025-11-24 20:00,13.66,13.66,13.66,1,1.0
2025-11-24 21:00,13.85,13.85,13.85,1,1.0
2025-11-24 22:00,13.71,13.71,13.71,1,1.0
2025-11-24 23:00,13.43,13.43,13.43,1,1.0
2025-11-25 00:00,13.51,13.51,13.51,1,1.0
2025-11-25 01:00,13.52,13.52,13.52,1,1.0
2025-11-25 02:00,13.8,13.8,13.8,1,1.0
2025-11-25 03:00,13.57,13.57,13.57,1,1.0
2025-11-25 04:00,13.72,13.72,13.72,1,1.0
2025-11-25 05:00,13.71,13.71,13.71,1,1.0
2025-11-25 06:00,13.84,13.84,13.84,1,1.0
2025-11-25 07:00,14.01,14.01,14.01,1,1.0
2025-11-25 08:00,14.36,14.36,14.36,1,1.0
2025-11-25 09:00,14.65,14.65,14.65,1,1.0
2025-11-25 10:00,14.78,14.78,14.78,1,1.0
2025-11-25 11:00,14.75,14.75,14.75,1,1.0
2025-11-25 12:00,14.62,14.62,14.62,1,1.0
2025-11-25 13:00,14.63,14.63,14.63,1,1.0
2025-11-25 14:00,14.08,14.08,14.08,1,1.0
2025-11-25 15:00,13.73,13.73,13.73,1,1.0
2025-11-25 16:00,13.59,13.59,13.59,1,1.0
2025-11-25 17:00,13.47,13.47,13.47,1,1.0
2025-11-25 18:00,13.42,13.42,13.42,1,1.0
2025-11-25 19:00,13.07,13.07,13.07,1,1.0
2025-11-25 20:00,12.53,12.53,12.53,1,1.0
2025-11-25 21:00,12.01,12.01,12.01,1,1.0
2025-11-25 22:00,11.58,11.58,11.58,1,1.0
2025-11-25 23:00,11.27,11.27,11.27,1,1.0
2025-11-26 00:00,11.93,11.93,11.93,1,1.0
2025-11-26 01:00,11.51,11.51,11.51,1,1.0
2025-11-26 02:00,11.86,11.86,11.86,1,1.0
2025-11-26 03:00,11.98,11.98,11.98,1,1.0
2025-11-26 04:00,12.12,12.12,12.12,1,1.0
2025-11-26 05:00,11.98,11.98,11.98,1,1.0
2025-11-26 06:00,11.98,11.98,11.98,1,1.0
2025-11-26 07:00,11.82,11.82,11.82,1,1.0
2025-11-26 08:00,11.93,11.93,11.93,1,1.0
2025-11-26 09:00,12.19,12.19,12.19,1,1.0
2025-11-26 10:00,12.71,12.71,12.71,1,1.0
2025-11-26 11:00,13.01,13.01,13.01,1,1.0
2025-11-26 12:00,12.65,12.65,12.65,1,1.0
2025-11-26 13:00,12.1,12.1,12.1,1,1.0
2025-11-26 14:00,12.48,12.48,12.48,1,1.0
2025-11-26 15:00,12.06,12.06,12.06,1,1.0
2025-11-26 16:00,11.06,11.06,11.06,1,1.0
2025-11-26 17:00,10.52,10.52,10.52,1,1.0
2025-11-26 18:00,10.23,10.23,10.23,1,1.0
2025-11-26 19:00,10.1,10.1,10.1,1,1.0
2025-11-26 20:00,9.72,9.72,9.72,1,1.0
2025-11-26 21:00,9.63,9.63,9.63,1,1.0
2025-11-26 22:00,9.54,9.54,9.54,1,1.0
2025-11-26 23:00,9.26,9.26,9.26,1,1.0
2025-11-27 00:00,8.83,8.83,8.83,1,1.0
2025-11-27 01:00,8.0,8.0,8.0,1,1.0
2025-11-27 02:00,8.01,8.01,8.01,1,1.0
2025-11-27 03:00,8.36,8.36,8.36,1,1.0
2025-11-27 04:00,7.36,7.36,7.36,1,1.0
2025-11-27 05:00,7.45,7.45,7.45,1,1.0
2025-11-27 06:00,7.28,7.28,7.28,1,1.0
2025-11-27 07:00,7.54,7.54,7.54,1,1.0
2025-11-27 08:00,8.58,8.58,8.58,1,1.0
2025-11-27 09:00,9.39,9.39,9.39,1,1.0
2025-11-27 10:00,10.36,10.36,10.36,1,1.0
2025-11-27 11:00,10.84,10.84,10.84,1,1.0
2025-11-27 12:00,11.31,11.31,11.31,1,1.0
2025-11-27 13:00,11.7,11.7,11.7,1,1.0
2025-11-27 14:00,11.54,11.54,11.54,1,1.0
2025-11-27 15:00,11.28,11.28,11.28,1,1.0
2025-11-27 16:00,11.12,11.12,11.12,1,1.0
2025-11-27 17:00,10.77,10.77,10.77,1,1.0
2025-11-27 18:00,10.42,10.42,10.42,1,1.0
2025-11-27 19:00,10.19,10.19,10.19,1,1.0
2025-11-27 20:00,10.07,10.07,10.07,1,1.0
2025-11-27 21:00,9.76,9.76,9.76,1,1.0
2025-11-27 22:00,9.49,9.49,9.49,1,1.0
2025-11-27 23:00,9.25,9.25,9.25,1,1.0
2025-11-28 00:00,9.03,9.03,9.03,1,1.0
2025-11-28 01:00,8.89,8.89,8.89,1,1.0
2025-11-28 02:00,8.68,8.68,8.68,1,1.0
2025-11-28 03:00,8.58,8.58,8.58,1,1.0
2025-11-28 04:00,8.5,8.5,8.5,1,1.0
2025-11-28 05:00,8.5,8.5,8.5,1,1.0
2025-11-28 06:00,8.43,8.43,8.43,1,1.0
2025-11-28 07:00,8.39,8.39,8.39,1,1.0
2025-11-28 08:00,8.51,8.51,8.51,1,1.0
2025-11-28 09:00,8.95,8.95,8.95,1,1.0
2025-11-28 10:00,9.64,9.64,9.64,1,1.0
2025-11-28 11:00,10.22,10.22,10.22,1,1.0
2025-11-28 12:00,10.79,10.79,10.79,1,1.0
2025-11-28 13:00,11.26,11.26,11.26,1,1.0
2025-11-28 14:00,11.16,11.16,11.16,1,1.0
2025-11-28 15:00,10.77,10.77,10.77,1,1.0
2025-11-28 16:00,10.33,10.33,10.33,1,1.0
2025-11-28 17:00,9.82,9.82,9.82,1,1.0
2025-11-28 18:00,9.55,9.55,9.55,1,1.0
2025-11-28 19:00,9.4,9.4,9.4,1,1.0
2025-11-28 20:00,9.48,9.48,9.48,1,1.0
2025-11-28 21:00,9.33,9.33,9.33,1,1.0
2025-11-28 22:00,9.23,9.23,9.23,1,1.0
2025-11-28 23:00,9.1,9.1,9.1,1,1.0
2025-11-29 00:00,8.95,8.95,8.95,1,1.0
2025-11-29 01:00,8.71,8.71,8.71,1,1.0
2025-11-29 02:00,8.61,8.61,8.61,1,1.0
2025-11-29 03:00,8.51,8.51,8.51,1,1.0
2025-11-29 04:00,8.44,8.44,8.44,1,1.0
2025-11-29 05:00,8.27,8.27,8.27,1,1.0
2025-11-29 06:00,8.21,8.21,8.21,1,1.0
2025-11-29 07:00,8.08,8.08,8.08,1,1.0
2025-11-29 08:00,8.25,8.25,8.25,1,1.0
2025-11-29 09:00,9.24,9.24,9.24,1,1.0
2025-11-29 10:00,10.3,10.3,10.3,1,1.0
2025-11-29 11:00,11.11,11.11,11.11,1,1.0
2025-11-29 12:00,11.79,11.79,11.79,1,1.0
2025-11-29 13:00,12.26,12.26,12.26,1,1.0
2025-11-29 14:00,12.43,12.43,12.43,1,1.0
2025-11-29 15:00,12.4,12.4,12.4,1,1.0
2025-11-29 16:00,12.12,12.12,12.12,1,1.0
2025-11-29 17:00,11.69,11.69,11.69,1,1.0
2025-11-29 18:00,11.87,11.87,11.87,1,1.0
2025-11-29 19:00,11.59,11.59,11.59,1,1.0
2025-11-29 20:00,11.07,11.07,11.07,1,1.0
2025-11-29 21:00,10.63,10.63,10.63,1,1.0
2025-11-29 22:00,10.34,10.34,10.34,1,1.0
2025-11-29 23:00,10.15,10.15,10.15,1,1.0
2025-11-30 00:00,10.06,10.06,10.06,1,1.0
2025-11-30 01:00,9.92,9.92,9.92,1,1.0
2025-11-30 02:00,9.74,9.74,9.74,1,1.0
2025-11-30 03:00,9.54,9.54,9.54,1,1.0
2025-11-30 04:00,9.45,9.45,9.45,1,1.0
2025-11-30 05:00,9.51,9.51,9.51,1,1.0
2025-11-30 06:00,9.54,9.54,9.54,1,1.0
2025-11-30 07:00,9.53,9.53,9.53,1,1.0
2025-11-30 08:00,9.64,9.64,9.64,1,1.0
2025-11-30 09:00,9.79,9.79,9.79,1,1.0
2025-11-30 10:00,11.72,11.72,11.72,1,1.0
2025-11-30 11:00,12.43,12.43,12.43,1,1.0
2025-11-30 12:00,12.77,12.77,12.77,1,1.0
2025-11-30 13:00,12.94,12.94,12.94,1,1.0
2025-11-30 14:00,12.92,12.92,12.92,1,1.0
2025-11-30 15:00,12.7,12.7,12.7,1,1.0
2025-11-30 16:00,12.2,12.2,12.2,1,1.0
2025-11-30 17:00,10.88,10.88,10.88,1,1.0
2025-11-30 18:00,11.66,11.66,11.66,1,1.0
2025-11-30 19:00,11.36,11.36,11.36,1,1.0
2025-11-30 20:00,10.83,10.83,10.83,1,1.0
2025-11-30 21:00,10.54,10.54,10.54,1,1.0
2025-11-30 22:00,10.32,10.32,10.32,1,1.0
2025-11-30 23:00,10.16,10.16,10.16,1,1.0
2025-12-01 00:00,9.99,9.99,9.99,1,1.0
2025-12-01 01:00,9.95,9.95,9.95,1,1.0
2025-12-01 02:00,9.43,9.43,9.43,1,1.0
2025-12-01 03:00,7.15,7.15,7.15,1,1.0
2025-12-01 04:00,5.16,5.16,5.16,1,1.0
2025-12-01 05:00,5.93,5.93,5.93,1,1.0
2025-12-01 06:00,6.6,6.6,6.6,1,1.0
2025-12-01 07:00,6.66,6.66,6.66,1,1.0
2025-12-01 08:00,7.08,7.08,7.08,1,1.0
2025-12-01 09:00,8.43,8.43,8.43,1,1.0
2025-12-01 10:00,10.59,10.59,10.59,1,1.0
2025-12-01 11:00,12.5,12.5,12.5,1,1.0
2025-12-01 12:00,13.25,13.25,13.25,1,1.0
2025-12-01 13:00,13.75,13.75,13.75,1,1.0
2025-12-01 14:00,13.71,13.71,13.71,1,1.0
2025-12-01 15:00,13.64,13.64,13.64,1,1.0
2025-12-01 16:00,13.1,13.1,13.1,1,1.0
2025-12-01 17:00,12.47,12.47,12.47,1,1.0
2025-12-01 18:00,11.64,11.64,11.64,1,1.0
2025-12-01 19:00,10.54,10.54,10.54,1,1.0
2025-12-01 20:00,10.34,10.34,10.34,1,1.0
2025-12-01 21:00,10.17,10.17,10.17,1,1.0
2025-12-01 22:00,10.04,10.04,10.04,1,1.0
2025-12-01 23:00,10.03,10.03,10.03,1,1.0
2025-12-02 00:00,10.09,10.09,10.09,1,1.0
2025-12-02 01:00,9.5,9.5,9.5,1,1.0
2025-12-02 02:00,9.64,9.64,9.64,1,1.0
2025-12-02 03:00,9.74,9.74,9.74,1,1.0
2025-12-02 04:00,9.82,9.82,9.82,1,1.0
2025-12-02 05:00,9.7,9.7,9.7,1,1.0
2025-12-02 06:00,9.3,9.3,9.3,1,1.0
2025-12-02 07:00,9.26,9.26,9.26,1,1.0
2025-12-02 08:00,9.64,9.64,9.64,1,1.0
2025-12-02 09:00,10.92,10.92,10.92,1,1.0
2025-12-02 10:00,11.97,11.97,11.97,1,1.0
2025-12-02 11:00,12.55,12.55,12.55,1,1.0
2025-12-02 12:00,12.83,12.83,12.83,1,1.0
2025-12-02 13:00,12.73,12.73,12.73,1,1.0
2025-12-02 14:00,12.5,12.5,12.5,1,1.0
2025-12-02 15:00,12.22,12.22,12.22,1,1.0
2025-12-02 16:00,11.73,11.73,11.73,1,1.0
2025-12-02 17:00,11.16,11.16,11.16,1,1.0
2025-12-02 18:00,10.63,10.63,10.63,1,1.0
2025-12-02 19:00,10.26,10.26,10.26,1,1.0
2025-12-02 20:00,10.1,10.1,10.1,1,1.0
2025-12-02 21:00,10.15,10.15,10.15,1,1.0
2025-12-02 22:00,10.06,10.06,10.06,1,1.0
2025-12-02 23:00,10.63,10.63,10.63,1,1.0
2025-12-03 00:00,10.17,10.17,10.17,1,1.0
2025-12-03 01:00,10.06,10.06,10.06,1,1.0
2025-12-03 02:00,10.18,10.18,10.18,1,1.0
2025-12-03 03:00,10.04,10.04,10.04,1,1.0
2025-12-03 04:00,9.79,9.79,9.79,1,1.0
2025-12-03 05:00,9.43,9.43,9.43,1,1.0
2025-12-03 06:00,9.43,9.43,9.43,1,1.0
2025-12-03 07:00,9.56,9.56,9.56,1,1.0
2025-12-03 08:00,9.54,9.54,9.54,1,1.0
2025-12-03 09:00,9.99,9.99,9.99,1,1.0
2025-12-03 10:00,10.89,10.89,10.89,1,1.0
2025-12-03 11:00,11.87,11.87,11.87,1,1.0
2025-12-03 12:00,12.72,12.72,12.72,1,1.0
2025-12-03 13:00,13.24,13.24,13.24,1,1.0
2025-12-03 14:00,13.54,13.54,13.54,1,1.0
2025-12-03 15:00,13.61,13.61,13.61,1,1.0
2025-12-03 16:00,13.26,13.26,13.26,1,1.0
2025-12-03 17:00,12.41,12.41,12.41,1,1.0
2025-12-03 18:00,11.58,11.58,11.58,1,1.0
2025-12-03 19:00,11.46,11.46,11.46,1,1.0
2025-12-03 20:00,11.73,11.73,11.73,1,1.0
2025-12-03 21:00,11.39,11.39,11.39,1,1.0
2025-12-03 22:00,11.11,11.11,11.11,1,1.0
2025-12-03 23:00,10.95,10.95,10.95,1,1.0
2025-12-04 00:00,10.9,10.9,10.9,1,1.0
2025-12-04 01:00,10.78,10.78,10.78,1,1.0
2025-12-04 02:00,10.74,10.74,10.74,1,1.0
2025-12-04 03:00,10.73,10.73,10.73,1,1.0
2025-12-04 04:00,10.66,10.66,10.66,1,1.0
2025-12-04 05:00,10.56,10.56,10.56,1,1.0
2025-12-04 06:00,10.5,10.5,10.5,1,1.0
2025-12-04 07:00,10.51,10.51,10.51,1,1.0
2025-12-04 08:00,10.93,10.93,10.93,1,1.0
2025-12-04 09:00,11.22,11.22,11.22,1,1.0
2025-12-04 10:00,11.7,11.7,11.7,1,1.0
2025-12-04 11:00,12.27,12.27,12.27,1,1.0
2025-12-04 12:00,12.81,12.81,12.81,1,1.0
2025-12-04 13:00,13.35,13.35,13.35,1,1.0
2025-12-04 14:00,13.75,13.75,13.75,1,1.0
2025-12-04 15:00,13.66,13.66,13.66,1,1.0
2025-12-04 16:00,13.19,13.19,13.19,1,1.0
2025-12-04 17:00,12.49,12.49,12.49,1,1.0
2025-12-04 18:00,11.69,11.69,11.69,1,1.0
2025-12-04 19:00,11.3,11.3,11.3,1,1.0
2025-12-04 20:00,10.77,10.77,10.77,1,1.0
2025-12-04 21:00,10.79,10.79,10.79,1,1.0
2025-12-04 22:00,10.6,10.6,10.6,1,1.0
2025-12-04 23:00,10.41,10.41,10.41,1,1.0
2025-12-05 00:00,10.4,10.4,10.4,1,1.0
2025-12-05 01:00,10.38,10.38,10.38,1,1.0
2025-12-05 02:00,10.53,10.53,10.53,1,1.0
2025-12-05 03:00,10.6,10.6,10.6,1,1.0
2025-12-05 04:00,10.45,10.45,10.45,1,1.0
2025-12-05 05:00,10.47,10.47,10.47,1,1.0
2025-12-05 06:00,10.13,10.13,10.13,1,1.0
2025-12-05 07:00,10.19,10.19,10.19,1,1.0
2025-12-05 08:00,10.31,10.31,10.31,1,1.0
2025-12-05 09:00,10.81,10.81,10.81,1,1.0
2025-12-05 10:00,11.29,11.29,11.29,1,1.0
2025-12-05 11:00,11.55,11.55,11.55,1,1.0
2025-12-05 12:00,12.3,12.3,12.3,1,1.0
2025-12-05 13:00,12.42,12.42,12.42,1,1.0
2025-12-05 14:00,12.81,12.81,12.81,1,1.0
2025-12-05 15:00,12.75,12.75,12.75,1,1.0
2025-12-05 16:00,12.58,12.58,12.58,1,1.0
2025-12-05 17:00,12.4,12.4,12.4,1,1.0
2025-12-05 18:00,11.3,11.3,11.3,1,1.0
2025-12-05 19:00,10.1,10.1,10.1,1,1.0
2025-12-05 20:00,11.13,11.13,11.13,1,1.0
2025-12-05 21:00,11.3,11.3,11.3,1,1.0
2025-12-05 22:00,11.23,11.23,11.23,1,1.0
2025-12-05 23:00,11.02,11.02,11.02,1,1.0
2025-12-06 00:00,10.74,10.74,10.74,1,1.0
2025-12-06 01:00,10.51,10.51,10.51,1,1.0
2025-12-06 02:00,10.14,10.14,10.14,1,1.0
2025-12-06 03:00,9.93,9.93,9.93,1,1.0
2025-12-06 04:00,9.8,9.8,9.8,1,1.0
2025-12-06 05:00,9.59,9.59,9.59,1,1.0
2025-12-06 06:00,9.48,9.48,9.48,1,1.0
2025-12-06 07:00,9.32,9.32,9.32,1,1.0
2025-12-06 08:00,9.18,9.18,9.18,1,1.0
2025-12-06 09:00,10.39,10.39,10.39,1,1.0
2025-12-06 10:00,11.73,11.73,11.73,1,1.0
2025-12-06 11:00,12.69,12.69,12.69,1,1.0
2025-12-06 12:00,13.29,13.29,13.29,1,1.0
2025-12-06 13:00,13.74,13.74,13.74,1,1.0
2025-12-06 14:00,13.88,13.88,13.88,1,1.0
2025-12-06 15:00,13.67,13.67,13.67,1,1.0
2025-12-06 16:00,13.15,13.15,13.15,1,1.0
2025-12-06 17:00,12.24,12.24,12.24,1,1.0
2025-12-06 18:00,11.1,11.1,11.1,1,1.0
2025-12-06 19:00,11.1,11.1,11.1,1,1.0
2025-12-06 20:00,11.85,11.85,11.85,1,1.0
2025-12-06 21:00,11.48,11.48,11.48,1,1.0
2025-12-06 22:00,11.16,11.16,11.16,1,1.0
2025-12-06 23:00,10.3,10.3,10.3,1,1.0
2025-12-07 00:00,9.65,9.65,9.65,1,1.0
2025-12-07 01:00,9.84,9.84,9.84,1,1.0
2025-12-07 02:00,9.48,9.48,9.48,1,1.0
2025-12-07 03:00,8.83,8.83,8.83,1,1.0
2025-12-07 04:00,8.86,8.86,8.86,1,1.0
2025-12-07 05:00,8.13,8.13,8.13,1,1.0
2025-12-07 06:00,7.04,7.04,7.04,1,1.0
2025-12-07 07:00,6.28,6.28,6.28,1,1.0
2025-12-07 08:00,6.89,6.89,6.89,1,1.0
2025-12-07 09:00,9.82,9.82,9.82,1,1.0
2025-12-07 10:00,12.06,12.06,12.06,1,1.0
2025-12-07 11:00,13.28,13.28,13.28,1,1.0
2025-12-07 12:00,13.96,13.96,13.96,1,1.0
2025-12-07 13:00,14.36,14.36,14.36,1,1.0
2025-12-07 14:00,14.51,14.51,14.51,1,1.0
2025-12-07 15:00,14.34,14.34,14.34,1,1.0
2025-12-07 16:00,13.68,13.68,13.68,1,1.0
2025-12-07 17:00,11.94,11.94,11.94,1,1.0
2025-12-07 18:00,10.96,10.96,10.96,1,1.0
2025-12-07 19:00,10.2,10.2,10.2,1,1.0
2025-12-07 20:00,9.47,9.47,9.47,1,1.0
2025-12-07 21:00,8.8,8.8,8.8,1,1.0
2025-12-07 22:00,8.33,8.33,8.33,1,1.0
2025-12-07 23:00,8.65,8.65,8.65,1,1.0
2025-12-08 00:00,8.92,8.92,8.92,1,1.0
2025-12-08 01:00,8.77,8.77,8.77,1,1.0
2025-12-08 02:00,8.61,8.61,8.61,1,1.0
2025-12-08 03:00,8.46,8.46,8.46,1,1.0
2025-12-08 04:00,8.31,8.31,8.31,1,1.0
2025-12-08 05:00,8.23,8.23,8.23,1,1.0
2025-12-08 06:00,8.21,8.21,8.21,1,1.0
2025-12-08 07:00,8.21,8.21,8.21,1,1.0
2025-12-08 08:00,9.04,9.04,9.04,1,1.0
2025-12-08 09:00,10.36,10.36,10.36,1,1.0
2025-12-08 10:00,11.96,11.96,11.96,1,1.0
2025-12-08 11:00,13.13,13.13,13.13,1,1.0
2025-12-08 12:00,14.0,14.0,14.0,1,1.0
2025-12-08 13:00,14.63,14.63,14.63,1,1.0
2025-12-08 14:00,15.03,15.03,15.03,1,1.0
2025-12-08 15:00,15.05,15.05,15.05,1,1.0
2025-12-08 16:00,14.55,14.55,14.55,1,1.0
2025-12-08 17:00,13.04,13.04,13.04,1,1.0
2025-12-08 18:00,11.34,11.34,11.34,1,1.0
2025-12-08 19:00,10.25,10.25,10.25,1,1.0
2025-12-08 20:00,9.68,9.68,9.68,1,1.0
2025-12-08 21:00,9.17,9.17,9.17,1,1.0
2025-12-08 22:00,9.21,9.21,9.21,1,1.0
2025-12-08 23:00,9.41,9.41,9.41,1,1.0
2025-12-09 00:00,9.65,9.65,9.65,1,1.0
2025-12-09 01:00,9.53,9.53,9.53,1,1.0
2025-12-09 02:00,9.42,9.42,9.42,1,1.0
2025-12-09 03:00,8.83,8.83,8.83,1,1.0
2025-12-09 04:00,8.19,8.19,8.19,1,1.0
2025-12-09 05:00,7.55,7.55,7.55,1,1.0
2025-12-09 06:00,7.25,7.25,7.25,1,1.0
2025-12-09 07:00,7.12,7.12,7.12,1,1.0
2025-12-09 08:00,7.17,7.17,7.17,1,1.0
2025-12-09 09:00,9.96,9.96,9.96,1,1.0
2025-12-09 10:00,13.37,13.37,13.37,1,1.0
2025-12-09 11:00,14.66,14.66,14.66,1,1.0
2025-12-09 12:00,15.23,15.23,15.23,1,1.0
2025-12-09 13:00,15.35,15.35,15.35,1,1.0
2025-12-09 14:00,15.24,15.24,15.24,1,1.0
2025-12-09 15:00,14.88,14.88,14.88,1,1.0
2025-12-09 16:00,14.23,14.23,14.23,1,1.0
2025-12-09 17:00,13.28,13.28,13.28,1,1.0
2025-12-09 18:00,13.44,13.44,13.44,1,1.0
2025-12-09 19:00,13.04,13.04,13.04,1,1.0
2025-12-09 20:00,12.84,12.84,12.84,1,1.0
2025-12-09 21:00,12.38,12.38,12.38,1,1.0
2025-12-09 22:00,11.4,11.4,11.4,1,1.0
2025-12-09 23:00,9.89,9.89,9.89,1,1.0
2025-12-10 00:00,9.46,9.46,9.46,1,1.0
2025-12-10 01:00,9.35,9.35,9.35,1,1.0
2025-12-10 02:00,8.85,8.85,8.85,1,1.0
2025-12-10 03:00,8.55,8.55,8.55,1,1.0
2025-12-10 04:00,8.31,8.31,8.31,1,1.0
2025-12-10 05:00,8.58,8.58,8.58,1,1.0
2025-12-10 06:00,9.03,9.03,9.03,1,1.0
2025-12-10 07:00,9.34,9.34,9.34,1,1.0
2025-12-10 08:00,10.35,10.35,10.35,1,1.0
2025-12-10 09:00,10.0,10.0,10.0,1,1.0
2025-12-10 10:00,12.7,12.7,12.7,1,1.0
2025-12-10 11:00,13.68,13.68,13.68,1,1.0
2025-12-10 12:00,14.27,14.27,14.27,1,1.0
2025-12-10 13:00,14.76,14.76,14.76,1,1.0
2025-12-10 14:00,14.98,14.98,14.98,1,1.0
2025-12-10 15:00,14.86,14.86,14.86,1,1.0
2025-12-10 16:00,14.27,14.27,14.27,1,1.0
2025-12-10 17:00,12.93,12.93,12.93,1,1.0
2025-12-10 18:00,12.16,12.16,12.16,1,1.0
2025-12-10 19:00,11.5,11.5,11.5,1,1.0
2025-12-10 20:00,11.47,11.47,11.47,1,1.0
2025-12-10 21:00,11.34,11.34,11.34,1,1.0
2025-12-10 22:00,10.48,10.48,10.48,1,1.0
2025-12-10 23:00,9.36,9.36,9.36,1,1.0
2025-12-11 00:00,8.36,8.36,8.36,1,1.0
2025-12-11 01:00,7.7,7.7,7.7,1,1.0
2025-12-11 02:00,7.05,7.05,7.05,1,1.0
2025-12-11 03:00,6.81,6.81,6.81,1,1.0
2025-12-11 04:00,6.66,6.66,6.66,1,1.0
2025-12-11 05:00,6.41,6.41,6.41,1,1.0
2025-12-11 06:00,6.16,6.16,6.16,1,1.0
2025-12-11 07:00,6.14,6.14,6.14,1,1.0
2025-12-11 08:00,7.97,7.97,7.97,1,1.0
2025-12-11 09:00,9.41,9.41,9.41,1,1.0
2025-12-11 10:00,12.58,12.58,12.58,1,1.0
2025-12-11 11:00,13.96,13.96,13.96,1,1.0
2025-12-11 12:00,14.69,14.69,14.69,1,1.0
2025-12-11 13:00,15.13,15.13,15.13,1,1.0
2025-12-11 14:00,15.24,15.24,15.24,1,1.0
2025-12-11 15:00,14.96,14.96,14.96,1,1.0
2025-12-11 16:00,14.16,14.16,14.16,1,1.0
2025-12-11 17:00,12.73,12.73,12.73,1,1.0
2025-12-11 18:00,12.62,12.62,12.62,1,1.0
2025-12-11 19:00,12.99,12.99,12.99,1,1.0
2025-12-11 20:00,11.99,11.99,11.99,1,1.0
2025-12-11 21:00,11.51,11.51,11.51,1,1.0
2025-12-11 22:00,10.92,10.92,10.92,1,1.0
2025-12-11 23:00,10.23,10.23,10.23,1,1.0
2025-12-12 00:00,9.88,9.88,9.88,1,1.0
2025-12-12 01:00,9.46,9.46,9.46,1,1.0
2025-12-12 02:00,8.71,8.71,8.71,1,1.0
2025-12-12 03:00,8.45,8.45,8.45,1,1.0
2025-12-12 04:00,8.75,8.75,8.75,1,1.0
2025-12-12 05:00,9.23,9.23,9.23,1,1.0
2025-12-12 06:00,9.22,9.22,9.22,1,1.0
2025-12-12 07:00,8.78,8.78,8.78,1,1.0
2025-12-12 08:00,5.95,5.95,5.95,1,1.0
2025-12-12 09:00,8.8,8.8,8.8,1,1.0
2025-12-12 10:00,11.02,11.02,11.02,1,1.0
2025-12-12 11:00,12.33,12.33,12.33,1,1.0
2025-12-12 12:00,13.28,13.28,13.28,1,1.0
2025-12-12 13:00,13.87,13.87,13.87,1,1.0
2025-12-12 14:00,14.23,14.23,14.23,1,1.0
2025-12-12 15:00,14.25,14.25,14.25,1,1.0
2025-12-12 16:00,13.65,13.65,13.65,1,1.0
2025-12-12 17:00,13.18,13.18,13.18,1,1.0
2025-12-12 18:00,12.9,12.9,12.9,1,1.0
2025-12-12 19:00,11.87,11.87,11.87,1,1.0
2025-12-12 20:00,10.04,10.04,10.04,1,1.0
2025-12-12 21:00,8.81,8.81,8.81,1,1.0
2025-12-12 22:00,8.09,8.09,8.09,1,1.0
2025-12-12 23:00,8.35,8.35,8.35,1,1.0
2025-12-13 00:00,8.75,8.75,8.75,1,1.0
2025-12-13 01:00,8.77,8.77,8.77,1,1.0
2025-12-13 02:00,8.76,8.76,8.76,1,1.0
2025-12-13 03:00,8.61,8.61,8.61,1,1.0
2025-12-13 04:00,8.45,8.45,8.45,1,1.0
2025-12-13 05:00,8.36,8.36,8.36,1,1.0
2025-12-13 06:00,8.4,8.4,8.4,1,1.0
2025-12-13 07:00,8.47,8.47,8.47,1,1.0
2025-12-13 08:00,8.58,8.58,8.58,1,1.0
2025-12-13 09:00,9.28,9.28,9.28,1,1.0
2025-12-13 10:00,10.41,10.41,10.41,1,1.0
2025-12-13 11:00,11.33,11.33,11.33,1,1.0
2025-12-13 12:00,12.08,12.08,12.08,1,1.0
2025-12-13 13:00,12.73,12.73,12.73,1,1.0
2025-12-13 14:00,13.08,13.08,13.08,1,1.0
2025-12-13 15:00,13.08,13.08,13.08,1,1.0
2025-12-13 16:00,12.64,12.64,12.64,1,1.0
2025-12-13 17:00,12.39,12.39,12.39,1,1.0
2025-12-13 18:00,12.01,12.01,12.01,1,1.0
2025-12-13 19:00,11.59,11.59,11.59,1,1.0
2025-12-13 20:00,10.71,10.71,10.71,1,1.0
2025-12-13 21:00,10.44,10.44,10.44,1,1.0
2025-12-13 22:00,9.33,9.33,9.33,1,1.0
2025-12-13 23:00,7.79,7.79,7.79,1,1.0
2025-12-14 00:00,7.14,7.14,7.14,1,1.0
2025-12-14 01:00,6.58,6.58,6.58,1,1.0
2025-12-14 02:00,6.37,6.37,6.37,1,1.0
2025-12-14 03:00,6.49,6.49,6.49,1,1.0
2025-12-14 04:00,6.6,6.6,6.6,1,1.0
2025-12-14 05:00,6.95,6.95,6.95,1,1.0
2025-12-14 06:00,7.05,7.05,7.05,1,1.0
2025-12-14 07:00,6.97,6.97,6.97,1,1.0
2025-12-14 08:00,7.18,7.18,7.18,1,1.0
2025-12-14 09:00,8.14,8.14,8.14,1,1.0
2025-12-14 10:00,9.97,9.97,9.97,1,1.0
2025-12-14 11:00,11.76,11.76,11.76,1,1.0
2025-12-14 12:00,12.76,12.76,12.76,1,1.0
2025-12-14 13:00,13.24,13.24,13.24,1,1.0
2025-12-14 14:00,13.37,13.37,13.37,1,1.0
2025-12-14 15:00,13.24,13.24,13.24,1,1.0
2025-12-14 16:00,12.76,12.76,12.76,1,1.0
2025-12-14 17:00,12.21,12.21,12.21,1,1.0
2025-12-14 18:00,12.09,12.09,12.09,1,1.0
2025-12-14 19:00,11.81,11.81,11.81,1,1.0
2025-12-14 20:00,9.39,9.39,9.39,1,1.0
2025-12-14 21:00,7.88,7.88,7.88,1,1.0
2025-12-14 22:00,8.68,8.68,8.68,1,1.0
2025-12-14 23:00,8.1,8.1,8.1,1,1.0
2025-12-15 00:00,6.52,6.52,6.52,1,1.0
2025-12-15 01:00,6.02,6.02,6.02,1,1.0
2025-12-15 02:00,5.48,5.48,5.48,1,1.0
2025-12-15 03:00,5.19,5.19,5.19,1,1.0
2025-12-15 04:00,5.54,5.54,5.54,1,1.0
2025-12-15 05:00,5.71,5.71,5.71,1,1.0
2025-12-15 06:00,5.71,5.71,5.71,1,1.0
2025-12-15 07:00,5.62,5.62,5.62,1,1.0
2025-12-15 08:00,6.5,6.5,6.5,1,1.0
2025-12-15 09:00,8.27,8.27,8.27,1,1.0
2025-12-15 10:00,10.86,10.86,10.86,1,1.0
2025-12-15 11:00,12.58,12.58,12.58,1,1.0
2025-12-15 12:00,13.46,13.46,13.46,1,1.0
2025-12-15 13:00,13.91,13.91,13.91,1,1.0
2025-12-15 14:00,14.03,14.03,14.03,1,1.0
2025-12-15 15:00,13.78,13.78,13.78,1,1.0
2025-12-15 16:00,13.15,13.15,13.15,1,1.0
2025-12-15 17:00,11.69,11.69,11.69,1,1.0
2025-12-15 18:00,10.52,10.52,10.52,1,1.0
2025-12-15 19:00,9.68,9.68,9.68,1,1.0
2025-12-15 20:00,9.33,9.33,9.33,1,1.0
2025-12-15 21:00,8.68,8.68,8.68,1,1.0
2025-12-15 22:00,8.59,8.59,8.59,1,1.0
2025-12-15 23:00,8.7,8.7,8.7,1,1.0
2025-12-16 00:00,8.72,8.72,8.72,1,1.0
2025-12-16 01:00,9.16,9.16,9.16,1,1.0
2025-12-16 02:00,9.42,9.42,9.42,1,1.0
2025-12-16 03:00,9.48,9.48,9.48,1,1.0
2025-12-16 04:00,9.32,9.32,9.32,1,1.0
2025-12-16 05:00,9.3,9.3,9.3,1,1.0
2025-12-16 06:00,9.42,9.42,9.42,1,1.0
2025-12-16 07:00,9.72,9.72,9.72,1,1.0
2025-12-16 08:00,10.13,10.13,10.13,1,1.0
2025-12-16 09:00,10.89,10.89,10.89,1,1.0
2025-12-16 10:00,11.8,11.8,11.8,1,1.0
2025-12-16 11:00,12.63,12.63,12.63,1,1.0
2025-12-16 12:00,13.22,13.22,13.22,1,1.0
2025-12-16 13:00,13.66,13.66,13.66,1,1.0
2025-12-16 14:00,14.02,14.02,14.02,1,1.0
2025-12-16 15:00,14.23,14.23,14.23,1,1.0
2025-12-16 16:00,13.91,13.91,13.91,1,1.0
2025-12-16 17:00,13.37,13.37,13.37,1,1.0
2025-12-16 18:00,12.8,12.8,12.8,1,1.0
2025-12-16 19:00,12.46,12.46,12.46,1,1.0
2025-12-16 20:00,12.31,12.31,12.31,1,1.0
2025-12-16 21:00,11.97,11.97,11.97,1,1.0
2025-12-16 22:00,11.68,11.68,11.68,1,1.0
2025-12-16 23:00,11.61,11.61,11.61,1,1.0
2025-12-17 00:00,11.98,11.98,11.98,1,1.0
2025-12-17 01:00,12.52,12.52,12.52,1,1.0
2025-12-17 02:00,13.14,13.14,13.14,1,1.0
2025-12-17 03:00,12.72,12.72,12.72,1,1.0
2025-12-17 04:00,12.82,12.82,12.82,1,1.0
2025-12-17 05:00,12.57,12.57,12.57,1,1.0
2025-12-17 06:00,12.47,12.47,12.47,1,1.0
2025-12-17 07:00,12.59,12.59,12.59,1,1.0
2025-12-17 08:00,13.11,13.11,13.11,1,1.0
2025-12-17 09:00,13.56,13.56,13.56,1,1.0
2025-12-17 10:00,14.46,14.46,14.46,1,1.0
2025-12-17 11:00,14.99,14.99,14.99,1,1.0
2025-12-17 12:00,15.63,15.63,15.63,1,1.0
2025-12-17 13:00,15.68,15.68,15.68,1,1.0
2025-12-17 14:00,15.79,15.79,15.79,1,1.0
2025-12-17 15:00,15.72,15.72,15.72,1,1.0
2025-12-17 16:00,15.31,15.31,15.31,1,1.0
2025-12-17 17:00,14.62,14.62,14.62,1,1.0
2025-12-17 18:00,14.6,14.6,14.6,1,1.0
2025-12-17 19:00,14.35,14.35,14.35,1,1.0
2025-12-17 20:00,11.27,11.27,11.27,1,1.0
2025-12-17 21:00,10.7,10.7,10.7,1,1.0
2025-12-17 22:00,10.75,10.75,10.75,1,1.0
2025-12-17 23:00,10.89,10.89,10.89,1,1.0
2025-12-18 00:00,10.46,10.46,10.46,1,1.0
2025-12-18 01:00,10.17,10.17,10.17,1,1.0
2025-12-18 02:00,10.07,10.07,10.07,1,1.0
2025-12-18 03:00,9.85,9.85,9.85,1,1.0
2025-12-18 04:00,9.77,9.77,9.77,1,1.0
2025-12-18 05:00,9.44,9.44,9.44,1,1.0
2025-12-18 06:00,9.21,9.21,9.21,1,1.0
2025-12-18 07:00,9.19,9.19,9.19,1,1.0
2025-12-18 08:00,9.94,9.94,9.94,1,1.0
2025-12-18 09:00,11.28,11.28,11.28,1,1.0
2025-12-18 10:00,13.68,13.68,13.68,1,1.0
2025-12-18 11:00,15.49,15.49,15.49,1,1.0
2025-12-18 12:00,16.34,16.34,16.34,1,1.0
2025-12-18 13:00,16.66,16.66,16.66,1,1.0
2025-12-18 14:00,16.77,16.77,16.77,1,1.0
2025-12-18 15:00,16.62,16.62,16.62,1,1.0
2025-12-18 16:00,16.2,16.2,16.2,1,1.0
2025-12-18 17:00,15.78,15.78,15.78,1,1.0
2025-12-18 18:00,15.34,15.34,15.34,1,1.0
2025-12-18 19:00,13.59,13.59,13.59,1,1.0
2025-12-18 20:00,12.01,12.01,12.01,1,1.0
2025-12-18 21:00,10.21,10.21,10.21,1,1.0
2025-12-18 22:00,9.18,9.18,9.18,1,1.0
2025-12-18 23:00,9.0,9.0,9.0,1,1.0
2025-12-19 00:00,9.81,9.81,9.81,1,1.0
2025-12-19 01:00,10.12,10.12,10.12,1,1.0
2025-12-19 02:00,10.1,10.1,10.1,1,1.0
2025-12-19 03:00,10.06,10.06,10.06,1,1.0
2025-12-19 04:00,10.02,10.02,10.02,1,1.0
2025-12-19 05:00,10.04,10.04,10.04,1,1.0
2025-12-19 06:00,10.0,10.0,10.0,1,1.0
2025-12-19 07:00,9.86,9.86,9.86,1,1.0
2025-12-19 08:00,8.83,8.83,8.83,1,1.0
2025-12-19 09:00,10.13,10.13,10.13,1,1.0
2025-12-19 10:00,12.32,12.32,12.32,1,1.0
2025-12-19 11:00,14.36,14.36,14.36,1,1.0
2025-12-19 12:00,15.75,15.75,15.75,1,1.0
2025-12-19 13:00,16.42,16.42,16.42,1,1.0
2025-12-19 14:00,16.65,16.65,16.65,1,1.0
2025-12-19 15:00,16.55,16.55,16.55,1,1.0
2025-12-19 16:00,15.44,15.44,15.44,1,1.0
2025-12-19 17:00,14.8,14.8,14.8,1,1.0
2025-12-19 18:00,13.88,13.88,13.88,1,1.0
2025-12-19 19:00,13.53,13.53,13.53,1,1.0
2025-12-19 20:00,10.12,10.12,10.12,1,1.0
2025-12-19 21:00,10.26,10.26,10.26,1,1.0
2025-12-19 22:00,10.13,10.13,10.13,1,1.0
2025-12-19 23:00,9.89,9.89,9.89,1,1.0
2025-12-20 00:00,9.8,9.8,9.8,1,1.0
2025-12-20 01:00,9.76,9.76,9.76,1,1.0
2025-12-20 02:00,9.88,9.88,9.88,1,1.0
2025-12-20 03:00,9.94,9.94,9.94,1,1.0
2025-12-20 04:00,9.93,9.93,9.93,1,1.0
2025-12-20 05:00,9.9,9.9,9.9,1,1.0
2025-12-20 06:00,9.62,9.62,9.62,1,1.0
2025-12-20 07:00,9.35,9.35,9.35,1,1.0
2025-12-20 08:00,9.77,9.77,9.77,1,1.0
2025-12-20 09:00,10.24,10.24,10.24,1,1.0
2025-12-20 10:00,11.0,11.0,11.0,1,1.0
2025-12-20 11:00,11.95,11.95,11.95,1,1.0
2025-12-20 12:00,12.66,12.66,12.66,1,1.0
2025-12-20 13:00,13.25,13.25,13.25,1,1.0
2025-12-20 14:00,13.54,13.54,13.54,1,1.0
2025-12-20 15:00,13.55,13.55,13.55,1,1.0
2025-12-20 16:00,13.18,13.18,13.18,1,1.0
2025-12-20 17:00,12.61,12.61,12.61,1,1.0
2025-12-20 18:00,12.13,12.13,12.13,1,1.0
2025-12-20 19:00,11.71,11.71,11.71,1,1.0
2025-12-20 20:00,11.86,11.86,11.86,1,1.0
2025-12-20 21:00,11.51,11.51,11.51,1,1.0
2025-12-20 22:00,11.26,11.26,11.26,1,1.0
2025-12-20 23:00,10.99,10.99,10.99,1,1.0
2025-12-21 00:00,10.77,10.77,10.77,1,1.0
2025-12-21 01:00,10.57,10.57,10.57,1,1.0
2025-12-21 02:00,10.35,10.35,10.35,1,1.0
2025-12-21 03:00,10.09,10.09,10.09,1,1.0
2025-12-21 04:00,9.86,9.86,9.86,1,1.0
2025-12-21 05:00,9.59,9.59,9.59,1,1.0
2025-12-21 06:00,9.37,9.37,9.37,1,1.0
2025-12-21 07:00,9.24,9.24,9.24,1,1.0
2025-12-21 08:00,10.07,10.07,10.07,1,1.0
2025-12-21 09:00,10.78,10.78,10.78,1,1.0
2025-12-21 10:00,11.76,11.76,11.76,1,1.0
2025-12-21 11:00,12.66,12.66,12.66,1,1.0
2025-12-21 12:00,13.45,13.45,13.45,1,1.0
2025-12-21 13:00,14.12,14.12,14.12,1,1.0
2025-12-21 14:00,14.6,14.6,14.6,1,1.0
2025-12-21 15:00,14.6,14.6,14.6,1,1.0
2025-12-21 16:00,14.3,14.3,14.3,1,1.0
2025-12-21 17:00,13.63,13.63,13.63,1,1.0
2025-12-21 18:00,13.0,13.0,13.0,1,1.0
2025-12-21 19:00,12.2,12.2,12.2,1,1.0
2025-12-21 20:00,12.0,12.0,12.0,1,1.0
2025-12-21 21:00,11.73,11.73,11.73,1,1.0
2025-12-21 22:00,11.49,11.49,11.49,1,1.0
2025-12-21 23:00,11.31,11.31,11.31,1,1.0
2025-12-22 00:00,11.13,11.13,11.13,1,1.0
2025-12-22 01:00,11.09,11.09,11.09,1,1.0
2025-12-22 02:00,11.03,11.03,11.03,1,1.0
2025-12-22 03:00,10.87,10.87,10.87,1,1.0
2025-12-22 04:00,10.77,10.77,10.77,1,1.0
2025-12-22 05:00,10.5,10.5,10.5,1,1.0
2025-12-22 06:00,10.46,10.46,10.46,1,1.0
2025-12-22 07:00,10.46,10.46,10.46,1,1.0
2025-12-22 08:00,10.69,10.69,10.69,1,1.0
2025-12-22 09:00,11.32,11.32,11.32,1,1.0
2025-12-22 10:00,12.38,12.38,12.38,1,1.0
2025-12-22 11:00,13.3,13.3,13.3,1,1.0
2025-12-22 12:00,14.2,14.2,14.2,1,1.0
2025-12-22 13:00,14.92,14.92,14.92,1,1.0
2025-12-22 14:00,15.38,15.38,15.38,1,1.0
2025-12-22 15:00,15.6,15.6,15.6,1,1.0
2025-12-22 16:00,15.32,15.32,15.32,1,1.0
2025-12-22 17:00,14.2,14.2,14.2,1,1.0
2025-12-22 18:00,13.13,13.13,13.13,1,1.0
2025-12-22 19:00,12.04,12.04,12.04,1,1.0
2025-12-22 20:00,11.71,11.71,11.71,1,1.0
2025-12-22 21:00,11.79,11.79,11.79,1,1.0
2025-12-22 22:00,11.74,11.74,11.74,1,1.0
2025-12-22 23:00,11.47,11.47,11.47,1,1.0
2025-12-23 00:00,11.21,11.21,11.21,1,1.0
2025-12-23 01:00,10.8,10.8,10.8,1,1.0
2025-12-23 02:00,10.74,10.74,10.74,1,1.0
2025-12-23 03:00,10.98,10.98,10.98,1,1.0
2025-12-23 04:00,10.69,10.69,10.69,1,1.0
2025-12-23 05:00,10.44,10.44,10.44,1,1.0
2025-12-23 06:00,10.43,10.43,10.43,1,1.0
2025-12-23 07:00,10.46,10.46,10.46,1,1.0
2025-12-23 08:00,10.62,10.62,10.62,1,1.0
2025-12-23 09:00,11.12,11.12,11.12,1,1.0
2025-12-23 10:00,11.78,11.78,11.78,1,1.0
2025-12-23 11:00,12.9,12.9,12.9,1,1.0
2025-12-23 12:00,13.62,13.62,13.62,1,1.0
2025-12-23 13:00,13.96,13.96,13.96,1,1.0
2025-12-23 14:00,13.94,13.94,13.94,1,1.0
2025-12-23 15:00,13.84,13.84,13.84,1,1.0
2025-12-23 16:00,13.22,13.22,13.22,1,1.0
2025-12-23 17:00,12.31,12.31,12.31,1,1.0
2025-12-23 18:00,12.39,12.39,12.39,1,1.0
2025-12-23 19:00,12.25,12.25,12.25,1,1.0
2025-12-23 20:00,11.21,11.21,11.21,1,1.0
2025-12-23 21:00,11.07,11.07,11.07,1,1.0
2025-12-23 22:00,10.54,10.54,10.54,1,1.0
2025-12-23 23:00,10.42,10.42,10.42,1,1.0
2025-12-24 00:00,10.03,10.03,10.03,1,1.0
2025-12-24 01:00,9.38,9.38,9.38,1,1.0
2025-12-24 02:00,8.7,8.7,8.7,1,1.0
2025-12-24 03:00,8.86,8.86,8.86,1,1.0
2025-12-24 04:00,8.93,8.93,8.93,1,1.0
2025-12-24 05:00,9.14,9.14,9.14,1,1.0
2025-12-24 06:00,9.52,9.52,9.52,1,1.0
2025-12-24 07:00,10.15,10.15,10.15,1,1.0
2025-12-24 08:00,9.34,9.34,9.34,1,1.0
2025-12-24 09:00,9.59,9.59,9.59,1,1.0
2025-12-24 10:00,10.28,10.28,10.28,1,1.0
2025-12-24 11:00,10.5,10.5,10.5,1,1.0
2025-12-24 12:00,10.69,10.69,10.69,1,1.0
2025-12-24 13:00,10.79,10.79,10.79,1,1.0
2025-12-24 14:00,10.88,10.88,10.88,1,1.0
2025-12-24 15:00,10.38,10.38,10.38,1,1.0
2025-12-24 16:00,10.33,10.33,10.33,1,1.0
2025-12-24 17:00,9.86,9.86,9.86,1,1.0
2025-12-24 18:00,9.33,9.33,9.33,1,1.0
2025-12-24 19:00,9.75,9.75,9.75,1,1.0
2025-12-24 20:00,9.85,9.85,9.85,1,1.0
2025-12-24 21:00,9.83,9.83,9.83,1,1.0
2025-12-24 22:00,10.02,10.02,10.02,1,1.0
2025-12-24 23:00,10.05,10.05,10.05,1,1.0
2025-12-25 00:00,9.84,9.84,9.84,1,1.0
2025-12-25 01:00,9.61,9.61,9.61,1,1.0
2025-12-25 02:00,9.47,9.47,9.47,1,1.0
2025-12-25 03:00,9.21,9.21,9.21,1,1.0
2025-12-25 04:00,9.09,9.09,9.09,1,1.0
2025-12-25 05:00,8.96,8.96,8.96,1,1.0
2025-12-25 06:00,8.87,8.87,8.87,1,1.0
2025-12-25 07:00,8.78,8.78,8.78,1,1.0
2025-12-25 08:00,9.12,9.12,9.12,1,1.0
2025-12-25 09:00,10.14,10.14,10.14,1,1.0
2025-12-25 10:00,11.7,11.7,11.7,1,1.0
2025-12-25 11:00,12.74,12.74,12.74,1,1.0
2025-12-25 12:00,13.46,13.46,13.46,1,1.0
2025-12-25 13:00,13.94,13.94,13.94,1,1.0
2025-12-25 14:00,14.14,14.14,14.14,1,1.0
2025-12-25 15:00,13.96,13.96,13.96,1,1.0
2025-12-25 16:00,13.36,13.36,13.36,1,1.0
2025-12-25 17:00,11.69,11.69,11.69,1,1.0
2025-12-25 18:00,10.54,10.54,10.54,1,1.0
2025-12-25 19:00,9.13,9.13,9.13,1,1.0
2025-12-25 20:00,9.84,9.84,9.84,1,1.0
2025-12-25 21:00,10.28,10.28,10.28,1,1.0
2025-12-25 22:00,10.38,10.38,10.38,1,1.0
2025-12-25 23:00,10.19,10.19,10.19,1,1.0
2025-12-26 00:00,9.96,9.96,9.96,1,1.0
2025-12-26 01:00,9.67,9.67,9.67,1,1.0
2025-12-26 02:00,9.46,9.46,9.46,1,1.0
2025-12-26 03:00,9.3,9.3,9.3,1,1.0
2025-12-26 04:00,9.21,9.21,9.21,1,1.0
2025-12-26 05:00,9.19,9.19,9.19,1,1.0
2025-12-26 06:00,9.07,9.07,9.07,1,1.0
2025-12-26 07:00,9.03,9.03,9.03,1,1.0
2025-12-26 08:00,9.45,9.45,9.45,1,1.0
2025-12-26 09:00,10.21,10.21,10.21,1,1.0
2025-12-26 10:00,11.26,11.26,11.26,1,1.0
2025-12-26 11:00,12.0,12.0,12.0,1,1.0
2025-12-26 12:00,12.69,12.69,12.69,1,1.0
2025-12-26 13:00,13.2,13.2,13.2,1,1.0
2025-12-26 14:00,13.36,13.36,13.36,1,1.0
2025-12-26 15:00,13.4,13.4,13.4,1,1.0
2025-12-26 16:00,13.09,13.09,13.09,1,1.0
2025-12-26 17:00,12.42,12.42,12.42,1,1.0
2025-12-26 18:00,11.67,11.67,11.67,1,1.0
2025-12-26 19:00,11.21,11.21,11.21,1,1.0
2025-12-26 20:00,11.03,11.03,11.03,1,1.0
2025-12-26 21:00,10.57,10.57,10.57,1,1.0
2025-12-26 22:00,10.28,10.28,10.28,1,1.0
2025-12-26 23:00,10.16,10.16,10.16,1,1.0
2025-12-27 00:00,9.99,9.99,9.99,1,1.0
2025-12-27 01:00,9.94,9.94,9.94,1,1.0
2025-12-27 02:00,9.59,9.59,9.59,1,1.0
2025-12-27 03:00,9.39,9.39,9.39,1,1.0
2025-12-27 04:00,9.11,9.11,9.11,1,1.0
2025-12-27 05:00,8.98,8.98,8.98,1,1.0
2025-12-27 06:00,8.85,8.85,8.85,1,1.0
2025-12-27 07:00,8.75,8.75,8.75,1,1.0
2025-12-27 08:00,9.15,9.15,9.15,1,1.0
2025-12-27 09:00,9.51,9.51,9.51,1,1.0
2025-12-27 10:00,10.04,10.04,10.04,1,1.0
2025-12-27 11:00,10.56,10.56,10.56,1,1.0
2025-12-27 12:00,10.99,10.99,10.99,1,1.0
2025-12-27 13:00,11.34,11.34,11.34,1,1.0
2025-12-27 14:00,11.53,11.53,11.53,1,1.0
2025-12-27 15:00,11.41,11.41,11.41,1,1.0
2025-12-27 16:00,10.93,10.93,10.93,1,1.0
2025-12-27 17:00,10.22,10.22,10.22,1,1.0
2025-12-27 18:00,9.54,9.54,9.54,1,1.0
2025-12-27 19:00,8.93,8.93,8.93,1,1.0
2025-12-27 20:00,9.01,9.01,9.01,1,1.0
2025-12-27 21:00,8.61,8.61,8.61,1,1.0
2025-12-27 22:00,8.17,8.17,8.17,1,1.0
2025-12-27 23:00,7.8,7.8,7.8,1,1.0
2025-12-28 00:00,7.5,7.5,7.5,1,1.0
2025-12-28 01:00,7.21,7.21,7.21,1,1.0
2025-12-28 02:00,6.91,6.91,6.91,1,1.0
2025-12-28 03:00,6.08,6.08,6.08,1,1.0
2025-12-28 04:00,5.5,5.5,5.5,1,1.0
2025-12-28 05:00,5.28,5.28,5.28,1,1.0
2025-12-28 06:00,4.99,4.99,4.99,1,1.0
2025-12-28 07:00,4.84,4.84,4.84,1,1.0
2025-12-28 08:00,5.6,5.6,5.6,1,1.0
2025-12-28 09:00,7.1,7.1,7.1,1,1.0
2025-12-28 10:00,9.9,9.9,9.9,1,1.0
2025-12-28 11:00,11.43,11.43,11.43,1,1.0
2025-12-28 12:00,12.2,12.2,12.2,1,1.0
2025-12-28 13:00,12.86,12.86,12.86,1,1.0
2025-12-28 14:00,13.35,13.35,13.35,1,1.0
2025-12-28 15:00,13.54,13.54,13.54,1,1.0
2025-12-28 16:00,13.08,13.08,13.08,1,1.0
2025-12-28 17:00,11.76,11.76,11.76,1,1.0
2025-12-28 18:00,10.12,10.12,10.12,1,1.0
2025-12-28 19:00,9.35,9.35,9.35,1,1.0
2025-12-28 20:00,8.63,8.63,8.63,1,1.0
2025-12-28 21:00,7.83,7.83,7.83,1,1.0
2025-12-28 22:00,7.18,7.18,7.18,1,1.0
2025-12-28 23:00,7.42,7.42,7.42,1,1.0
2025-12-29 00:00,7.71,7.71,7.71,1,1.0
2025-12-29 01:00,7.54,7.54,7.54,1,1.0
2025-12-29 02:00,7.27,7.27,7.27,1,1.0
2025-12-29 03:00,6.86,6.86,6.86,1,1.0
2025-12-29 04:00,6.46,6.46,6.46,1,1.0
2025-12-29 05:00,6.13,6.13,6.13,1,1.0
2025-12-29 06:00,5.86,5.86,5.86,1,1.0
2025-12-29 07:00,5.68,5.68,5.68,1,1.0
2025-12-29 08:00,6.46,6.46,6.46,1,1.0
2025-12-29 09:00,7.61,7.61,7.61,1,1.0
2025-12-29 10:00,9.58,9.58,9.58,1,1.0
2025-12-29 11:00,11.18,11.18,11.18,1,1.0
2025-12-29 12:00,12.19,12.19,12.19,1,1.0
2025-12-29 13:00,12.71,12.71,12.71,1,1.0
2025-12-29 14:00,12.77,12.77,12.77,1,1.0
2025-12-29 15:00,12.49,12.49,12.49,1,1.0
2025-12-29 16:00,11.92,11.92,11.92,1,1.0
2025-12-29 17:00,10.87,10.87,10.87,1,1.0
2025-12-29 18:00,9.53,9.53,9.53,1,1.0
2025-12-29 19:00,8.68,8.68,8.68,1,1.0
2025-12-29 20:00,7.99,7.99,7.99,1,1.0
2025-12-29 21:00,7.37,7.37,7.37,1,1.0
2025-12-29 22:00,7.05,7.05,7.05,1,1.0
2025-12-29 23:00,6.95,6.95,6.95,1,1.0
2025-12-30 00:00,6.83,6.83,6.83,1,1.0
2025-12-30 01:00,7.23,7.23,7.23,1,1.0
2025-12-30 02:00,7.48,7.48,7.48,1,1.0
2025-12-30 03:00,6.92,6.92,6.92,1,1.0
2025-12-30 04:00,6.69,6.69,6.69,1,1.0
2025-12-30 05:00,6.36,6.36,6.36,1,1.0
2025-12-30 06:00,6.51,6.51,6.51,1,1.0
2025-12-30 07:00,7.61,7.61,7.61,1,1.0
2025-12-30 08:00,7.38,7.38,7.38,1,1.0
2025-12-30 09:00,8.73,8.73,8.73,1,1.0
2025-12-30 10:00,9.98,9.98,9.98,1,1.0
2025-12-30 11:00,10.67,10.67,10.67,1,1.0
2025-12-30 12:00,11.23,11.23,11.23,1,1.0
2025-12-30 13:00,11.43,11.43,11.43,1,1.0
2025-12-30 14:00,11.33,11.33,11.33,1,1.0
2025-12-30 15:00,11.24,11.24,11.24,1,1.0
2025-12-30 16:00,10.79,10.79,10.79,1,1.0
2025-12-30 17:00,9.97,9.97,9.97,1,1.0
2025-12-30 18:00,8.81,8.81,8.81,1,1.0
2025-12-30 19:00,8.54,8.54,8.54,1,1.0
2025-12-30 20:00,8.91,8.91,8.91,1,1.0
2025-12-30 21:00,8.68,8.68,8.68,1,1.0
2025-12-30 22:00,8.25,8.25,8.25,1,1.0
2025-12-30 23:00,7.88,7.88,7.88,1,1.0
2025-12-31 00:00,7.56,7.56,7.56,1,1.0
2025-12-31 01:00,7.41,7.41,7.41,1,1.0
2025-12-31 02:00,7.08,7.08,7.08,1,1.0
2025-12-31 03:00,6.71,6.71,6.71,1,1.0
2025-12-31 04:00,6.31,6.31,6.31,1,1.0
2025-12-31 05:00,5.87,5.87,5.87,1,1.0
2025-12-31 06:00,5.49,5.49,5.49,1,1.0
2025-12-31 07:00,5.15,5.15,5.15,1,1.0
2025-12-31 08:00,5.01,5.01,5.01,1,1.0
2025-12-31 09:00,5.16,5.16,5.16,1,1.0
2025-12-31 10:00,5.61,5.61,5.61,1,1.0
2025-12-31 11:00,6.1,6.1,6.1,1,1.0
2025-12-31 12:00,6.53,6.53,6.53,1,1.0
2025-12-31 13:00,6.78,6.78,6.78,1,1.0
2025-12-31 14:00,6.86,6.86,6.86,1,1.0
2025-12-31 15:00,6.64,6.64,6.64,1,1.0
2025-12-31 16:00,6.11,6.11,6.11,1,1.0
2025-12-31 17:00,5.37,5.37,5.37,1,1.0
2025-12-31 18:00,4.72,4.72,4.72,1,1.0
2025-12-31 19:00,4.18,4.18,4.18,1,1.0
2025-12-31 20:00,3.91,3.91,3.91,1,1.0
2025-12-31 21:00,3.48,3.48,3.48,1,1.0
2025-12-31 22:00,3.16,3.16,3.16,1,1.0
2025-12-31 23:00,2.88,2.88,2.88,1,1.0
2026-01-01 00:00,2.67,2.67,2.67,1,1.0
2026-01-01 01:00,2.54,2.54,2.54,1,1.0
2026-01-01 02:00,2.49,2.49,2.49,1,1.0
2026-01-01 03:00,2.46,2.46,2.46,1,1.0
2026-01-01 04:00,2.44,2.44,2.44,1,1.0
2026-01-01 05:00,2.42,2.42,2.42,1,1.0
2026-01-01 06:00,2.43,2.43,2.43,1,1.0
2026-01-01 07:00,2.45,2.45,2.45,1,1.0
2026-01-01 08:00,2.7,2.7,2.7,1,1.0
2026-01-01 09:00,3.73,3.73,3.73,1,1.0
2026-01-01 10:00,5.6,5.6,5.6,1,1.0
2026-01-01 11:00,7.08,7.08,7.08,1,1.0
2026-01-01 12:00,7.98,7.98,7.98,1,1.0
2026-01-01 13:00,8.42,8.42,8.42,1,1.0
2026-01-01 14:00,8.56,8.56,8.56,1,1.0
2026-01-01 15:00,8.45,8.45,8.45,1,1.0
2026-01-01 16:00,8.11,8.11,8.11,1,1.0
2026-01-01 17:00,7.66,7.66,7.66,1,1.0
2026-01-01 18:00,7.53,7.53,7.53,1,1.0
2026-01-01 19:00,7.55,7.55,7.55,1,1.0
2026-01-01 20:00,8.39,8.39,8.39,1,1.0
2026-01-01 21:00,8.33,8.33,8.33,1,1.0
2026-01-01 22:00,8.45,8.45,8.45,1,1.0
2026-01-01 23:00,8.64,8.64,8.64,1,1.0
2026-01-02 00:00,8.28,8.28,8.28,1,1.0
2026-01-02 01:00,8.46,8.46,8.46,1,1.0
2026-01-02 02:00,9.0,9.0,9.0,1,1.0
2026-01-02 03:00,9.34,9.34,9.34,1,1.0
2026-01-02 04:00,9.72,9.72,9.72,1,1.0
2026-01-02 05:00,10.47,10.47,10.47,1,1.0
2026-01-02 06:00,10.77,10.77,10.77,1,1.0
2026-01-02 07:00,10.73,10.73,10.73,1,1.0
2026-01-02 08:00,11.22,11.22,11.22,1,1.0
2026-01-02 09:00,11.56,11.56,11.56,1,1.0
2026-01-02 10:00,11.98,11.98,11.98,1,1.0
2026-01-02 11:00,12.18,12.18,12.18,1,1.0
2026-01-02 12:00,12.4,12.4,12.4,1,1.0
2026-01-02 13:00,12.67,12.67,12.67,1,1.0
2026-01-02 14:00,12.64,12.64,12.64,1,1.0
2026-01-02 15:00,12.55,12.55,12.55,1,1.0
2026-01-02 16:00,12.28,12.28,12.28,1,1.0
2026-01-02 17:00,11.85,11.85,11.85,1,1.0
2026-01-02 18:00,11.76,11.76,11.76,1,1.0
2026-01-02 19:00,11.65,11.65,11.65,1,1.0
2026-01-02 20:00,11.55,11.55,11.55,1,1.0
2026-01-02 21:00,11.69,11.69,11.69,1,1.0
2026-01-02 22:00,11.68,11.68,11.68,1,1.0
2026-01-02 23:00,11.87,11.87,11.87,1,1.0
2026-01-03 00:00,12.01,12.01,12.01,1,1.0
2026-01-03 01:00,12.26,12.26,12.26,1,1.0
2026-01-03 02:00,12.22,12.22,12.22,1,1.0
2026-01-03 03:00,12.3,12.3,12.3,1,1.0
2026-01-03 04:00,12.51,12.51,12.51,1,1.0
2026-01-03 05:00,12.5,12.5,12.5,1,1.0
2026-01-03 06:00,12.52,12.52,12.52,1,1.0
2026-01-03 07:00,12.54,12.54,12.54,1,1.0
2026-01-03 08:00,13.07,13.07,13.07,1,1.0
2026-01-03 09:00,13.3,13.3,13.3,1,1.0
2026-01-03 10:00,12.95,12.95,12.95,1,1.0
2026-01-03 11:00,13.09,13.09,13.09,1,1.0
2026-01-03 12:00,13.06,13.06,13.06,1,1.0
2026-01-03 13:00,13.38,13.38,13.38,1,1.0
2026-01-03 14:00,13.6,13.6,13.6,1,1.0
2026-01-03 15:00,13.75,13.75,13.75,1,1.0
2026-01-03 16:00,13.56,13.56,13.56,1,1.0
2026-01-03 17:00,13.22,13.22,13.22,1,1.0
2026-01-03 18:00,13.22,13.22,13.22,1,1.0
2026-01-03 19:00,13.28,13.28,13.28,1,1.0
2026-01-03 20:00,13.08,13.08,13.08,1,1.0
2026-01-03 21:00,13.12,13.12,13.12,1,1.0
2026-01-03 22:00,13.18,13.18,13.18,1,1.0
2026-01-03 23:00,13.01,13.01,13.01,1,1.0
2026-01-04 00:00,13.23,13.23,13.23,1,1.0
2026-01-04 01:00,13.09,13.09,13.09,1,1.0
2026-01-04 02:00,12.98,12.98,12.98,1,1.0
2026-01-04 03:00,13.04,13.04,13.04,1,1.0
2026-01-04 04:00,12.97,12.97,12.97,1,1.0
2026-01-04 05:00,12.57,12.57,12.57,1,1.0
2026-01-04 06:00,12.64,12.64,12.64,1,1.0
2026-01-04 07:00,12.74,12.74,12.74,1,1.0
2026-01-04 08:00,12.34,12.34,12.34,1,1.0
2026-01-04 09:00,12.45,12.45,12.45,1,1.0
2026-01-04 10:00,13.02,13.02,13.02,1,1.0
2026-01-04 11:00,13.92,13.92,13.92,1,1.0
2026-01-04 12:00,14.63,14.63,14.63,1,1.0
2026-01-04 13:00,14.76,14.76,14.76,1,1.0
2026-01-04 14:00,14.69,14.69,14.69,1,1.0
2026-01-04 15:00,14.51,14.51,14.51,1,1.0
2026-01-04 16:00,14.05,14.05,14.05,1,1.0
2026-01-04 17:00,13.46,13.46,13.46,1,1.0
2026-01-04 18:00,13.26,13.26,13.26,1,1.0
2026-01-04 19:00,12.8,12.8,12.8,1,1.0
2026-01-04 20:00,13.27,13.27,13.27,1,1.0
2026-01-04 21:00,13.21,13.21,13.21,1,1.0
2026-01-04 22:00,13.13,13.13,13.13,1,1.0
2026-01-04 23:00,12.71,12.71,12.71,1,1.0
2026-01-05 00:00,12.73,12.73,12.73,1,1.0
2026-01-05 01:00,12.62,12.62,12.62,1,1.0
2026-01-05 02:00,12.58,12.58,12.58,1,1.0
2026-01-05 03:00,12.53,12.53,12.53,1,1.0
2026-01-05 04:00,12.43,12.43,12.43,1,1.0
2026-01-05 05:00,12.19,12.19,12.19,1,1.0
2026-01-05 06:00,12.0,12.0,12.0,1,1.0
2026-01-05 07:00,11.69,11.69,11.69,1,1.0
2026-01-05 08:00,11.84,11.84,11.84,1,1.0
2026-01-05 09:00,12.3,12.3,12.3,1,1.0
2026-01-05 10:00,13.4,13.4,13.4,1,1.0
2026-01-05 11:00,13.83,13.83,13.83,1,1.0
2026-01-05 12:00,13.98,13.98,13.98,1,1.0
2026-01-05 13:00,14.26,14.26,14.26,1,1.0
2026-01-05 14:00,14.26,14.26,14.26,1,1.0
2026-01-05 15:00,14.01,14.01,14.01,1,1.0
2026-01-05 16:00,13.85,13.85,13.85,1,1.0
2026-01-05 17:00,13.36,13.36,13.36,1,1.0
2026-01-05 18:00,12.97,12.97,12.97,1,1.0
2026-01-05 19:00,12.66,12.66,12.66,1,1.0
2026-01-05 20:00,12.46,12.46,12.46,1,1.0
2026-01-05 21:00,12.12,12.12,12.12,1,1.0
2026-01-05 22:00,11.9,11.9,11.9,1,1.0
2026-01-05 23:00,11.77,11.77,11.77,1,1.0
2026-01-06 00:00,11.65,11.65,11.65,1,1.0
2026-01-06 01:00,11.53,11.53,11.53,1,1.0
2026-01-06 02:00,11.51,11.51,11.51,1,1.0
2026-01-06 03:00,11.45,11.45,11.45,1,1.0
2026-01-06 04:00,11.51,11.51,11.51,1,1.0
2026-01-06 05:00,11.38,11.38,11.38,1,1.0
2026-01-06 06:00,11.47,11.47,11.47,1,1.0
2026-01-06 07:00,11.48,11.48,11.48,1,1.0
2026-01-06 08:00,11.47,11.47,11.47,1,1.0
2026-01-06 09:00,11.95,11.95,11.95,1,1.0
2026-01-06 10:00,13.14,13.14,13.14,1,1.0
2026-01-06 11:00,14.08,14.08,14.08,1,1.0
2026-01-06 12:00,14.48,14.48,14.48,1,1.0
2026-01-06 13:00,13.54,13.54,13.54,1,1.0
2026-01-06 14:00,13.2,13.2,13.2,1,1.0
2026-01-06 15:00,12.91,12.91,12.91,1,1.0
2026-01-06 16:00,12.62,12.62,12.62,1,1.0
2026-01-06 17:00,12.54,12.54,12.54,1,1.0
2026-01-06 18:00,12.43,12.43,12.43,1,1.0
2026-01-06 19:00,12.22,12.22,12.22,1,1.0
2026-01-06 20:00,12.63,12.63,12.63,1,1.0
2026-01-06 21:00,12.0,12.0,12.0,1,1.0
2026-01-06 22:00,11.71,11.71,11.71,1,1.0
2026-01-06 23:00,11.17,11.17,11.17,1,1.0
2026-01-07 00:00,10.86,10.86,10.86,1,1.0
2026-01-07 01:00,10.75,10.75,10.75,1,1.0
2026-01-07 02:00,10.32,10.32,10.32,1,1.0
2026-01-07 03:00,10.0,10.0,10.0,1,1.0
2026-01-07 04:00,9.87,9.87,9.87,1,1.0
2026-01-07 05:00,9.79,9.79,9.79,1,1.0
2026-01-07 06:00,9.44,9.44,9.44,1,1.0
2026-01-07 07:00,9.82,9.82,9.82,1,1.0
2026-01-07 08:00,9.79,9.79,9.79,1,1.0
2026-01-07 09:00,9.71,9.71,9.71,1,1.0
2026-01-07 10:00,10.23,10.23,10.23,1,1.0
2026-01-07 11:00,9.78,9.78,9.78,1,1.0
2026-01-07 12:00,9.49,9.49,9.49,1,1.0
2026-01-07 13:00,9.54,9.54,9.54,1,1.0
2026-01-07 14:00,9.01,9.01,9.01,1,1.0
2026-01-07 15:00,8.78,8.78,8.78,1,1.0
2026-01-07 16:00,8.31,8.31,8.31,1,1.0
2026-01-07 17:00,7.68,7.68,7.68,1,1.0
2026-01-07 18:00,7.46,7.46,7.46,1,1.0
2026-01-07 19:00,6.99,6.99,6.99,1,1.0
2026-01-07 20:00,6.48,6.48,6.48,1,1.0
2026-01-07 21:00,6.45,6.45,6.45,1,1.0
2026-01-07 22:00,6.02,6.02,6.02,1,1.0
2026-01-07 23:00,5.78,5.78,5.78,1,1.0
2026-01-08 00:00,5.67,5.67,5.67,1,1.0
2026-01-08 01:00,5.56,5.56,5.56,1,1.0
2026-01-08 02:00,5.44,5.44,5.44,1,1.0
2026-01-08 03:00,5.14,5.14,5.14,1,1.0
2026-01-08 04:00,4.91,4.91,4.91,1,1.0
2026-01-08 05:00,4.48,4.48,4.48,1,1.0
2026-01-08 06:00,4.32,4.32,4.32,1,1.0
2026-01-08 07:00,3.89,3.89,3.89,1,1.0
2026-01-08 08:00,3.65,3.65,3.65,1,1.0
2026-01-08 09:00,4.33,4.33,4.33,1,1.0
2026-01-08 10:00,5.24,5.24,5.24,1,1.0
2026-01-08 11:00,6.01,6.01,6.01,1,1.0
2026-01-08 12:00,6.78,6.78,6.78,1,1.0
2026-01-08 13:00,7.33,7.33,7.33,1,1.0
2026-01-08 14:00,7.65,7.65,7.65,1,1.0
2026-01-08 15:00,7.69,7.69,7.69,1,1.0
2026-01-08 16:00,7.51,7.51,7.51,1,1.0
2026-01-08 17:00,6.96,6.96,6.96,1,1.0
2026-01-08 18:00,6.18,6.18,6.18,1,1.0
2026-01-08 19:00,5.63,5.63,5.63,1,1.0
2026-01-08 20:00,6.12,6.12,6.12,1,1.0
2026-01-08 21:00,5.03,5.03,5.03,1,1.0
2026-01-08 22:00,6.23,6.23,6.23,1,1.0
2026-01-08 23:00,7.15,7.15,7.15,1,1.0
2026-01-09 00:00,7.68,7.68,7.68,1,1.0
2026-01-09 01:00,8.28,8.28,8.28,1,1.0
2026-01-09 02:00,8.71,8.71,8.71,1,1.0
2026-01-09 03:00,8.75,8.75,8.75,1,1.0
2026-01-09 04:00,9.54,9.54,9.54,1,1.0
2026-01-09 05:00,9.95,9.95,9.95,1,1.0
2026-01-09 06:00,10.92,10.92,10.92,1,1.0
2026-01-09 07:00,11.42,11.42,11.42,1,1.0
2026-01-09 08:00,11.17,11.17,11.17,1,1.0
2026-01-09 09:00,11.69,11.69,11.69,1,1.0
2026-01-09 10:00,12.34,12.34,12.34,1,1.0
2026-01-09 11:00,12.86,12.86,12.86,1,1.0
2026-01-09 12:00,13.15,13.15,13.15,1,1.0
2026-01-09 13:00,13.22,13.22,13.22,1,1.0
2026-01-09 14:00,13.44,13.44,13.44,1,1.0
2026-01-09 15:00,12.79,12.79,12.79,1,1.0
2026-01-09 16:00,12.44,12.44,12.44,1,1.0
2026-01-09 17:00,12.19,12.19,12.19,1,1.0
2026-01-09 18:00,12.25,12.25,12.25,1,1.0
2026-01-09 19:00,12.24,12.24,12.24,1,1.0
2026-01-09 20:00,12.32,12.32,12.32,1,1.0
2026-01-09 21:00,11.98,11.98,11.98,1,1.0
2026-01-09 22:00,11.06,11.06,11.06,1,1.0
2026-01-09 23:00,10.17,10.17,10.17,1,1.0
2026-01-10 00:00,9.71,9.71,9.71,1,1.0
2026-01-10 01:00,9.55,9.55,9.55,1,1.0
2026-01-10 02:00,9.36,9.36,9.36,1,1.0
2026-01-10 03:00,9.1,9.1,9.1,1,1.0
2026-01-10 04:00,8.81,8.81,8.81,1,1.0
2026-01-10 05:00,8.47,8.47,8.47,1,1.0
2026-01-10 06:00,8.12,8.12,8.12,1,1.0
2026-01-10 07:00,7.62,7.62,7.62,1,1.0
2026-01-10 08:00,7.43,7.43,7.43,1,1.0
2026-01-10 09:00,7.18,7.18,7.18,1,1.0
2026-01-10 10:00,7.43,7.43,7.43,1,1.0
2026-01-10 11:00,7.5,7.5,7.5,1,1.0
2026-01-10 12:00,7.59,7.59,7.59,1,1.0
2026-01-10 13:00,7.76,7.76,7.76,1,1.0
2026-01-10 14:00,8.24,8.24,8.24,1,1.0
2026-01-10 15:00,8.16,8.16,8.16,1,1.0
2026-01-10 16:00,7.98,7.98,7.98,1,1.0
2026-01-10 17:00,7.71,7.71,7.71,1,1.0
2026-01-10 18:00,7.66,7.66,7.66,1,1.0
2026-01-10 19:00,7.46,7.46,7.46,1,1.0
2026-01-10 20:00,6.91,6.91,6.91,1,1.0
2026-01-10 21:00,6.78,6.78,6.78,1,1.0
2026-01-10 22:00,6.52,6.52,6.52,1,1.0
2026-01-10 23:00,6.15,6.15,6.15,1,1.0
2026-01-11 00:00,5.59,5.59,5.59,1,1.0
2026-01-11 01:00,4.83,4.83,4.83,1,1.0
2026-01-11 02:00,4.16,4.16,4.16,1,1.0
2026-01-11 03:00,4.08,4.08,4.08,1,1.0
2026-01-11 04:00,4.35,4.35,4.35,1,1.0
2026-01-11 05:00,4.81,4.81,4.81,1,1.0
2026-01-11 06:00,5.07,5.07,5.07,1,1.0
2026-01-11 07:00,4.98,4.98,4.98,1,1.0
2026-01-11 08:00,5.24,5.24,5.24,1,1.0
2026-01-11 09:00,6.18,6.18,6.18,1,1.0
2026-01-11 10:00,7.21,7.21,7.21,1,1.0
2026-01-11 11:00,7.93,7.93,7.93,1,1.0
2026-01-11 12:00,8.51,8.51,8.51,1,1.0
2026-01-11 13:00,8.86,8.86,8.86,1,1.0
2026-01-11 14:00,8.92,8.92,8.92,1,1.0
2026-01-11 15:00,8.45,8.45,8.45,1,1.0
2026-01-11 16:00,7.67,7.67,7.67,1,1.0
2026-01-11 17:00,6.59,6.59,6.59,1,1.0
2026-01-11 18:00,5.64,5.64,5.64,1,1.0
2026-01-11 19:00,4.93,4.93,4.93,1,1.0
2026-01-11 20:00,5.22,5.22,5.22,1,1.0
2026-01-11 21:00,4.76,4.76,4.76,1,1.0
2026-01-11 22:00,4.34,4.34,4.34,1,1.0
2026-01-11 23:00,4.05,4.05,4.05,1,1.0
2026-01-12 00:00,3.82,3.82,3.82,1,1.0
2026-01-12 01:00,3.53,3.53,3.53,1,1.0
2026-01-12 02:00,3.25,3.25,3.25,1,1.0
2026-01-12 03:00,3.1,3.1,3.1,1,1.0
2026-01-12 04:00,2.9,2.9,2.9,1,1.0
2026-01-12 05:00,2.75,2.75,2.75,1,1.0
2026-01-12 06:00,2.66,2.66,2.66,1,1.0
2026-01-12 07:00,2.6,2.6,2.6,1,1.0
2026-01-12 08:00,2.8,2.8,2.8,1,1.0
2026-01-12 09:00,3.55,3.55,3.55,1,1.0
2026-01-12 10:00,4.99,4.99,4.99,1,1.0
2026-01-12 11:00,6.12,6.12,6.12,1,1.0
2026-01-12 12:00,6.96,6.96,6.96,1,1.0
2026-01-12 13:00,7.41,7.41,7.41,1,1.0
2026-01-12 14:00,7.6,7.6,7.6,1,1.0
2026-01-12 15:00,7.58,7.58,7.58,1,1.0
2026-01-12 16:00,7.46,7.46,7.46,1,1.0
2026-01-12 17:00,7.21,7.21,7.21,1,1.0
2026-01-12 18:00,6.44,6.44,6.44,1,1.0
2026-01-12 19:00,6.83,6.83,6.83,1,1.0
2026-01-12 20:00,4.58,4.58,4.58,1,1.0
2026-01-12 21:00,4.25,4.25,4.25,1,1.0
2026-01-12 22:00,4.51,4.51,4.51,1,1.0
2026-01-12 23:00,4.5,4.5,4.5,1,1.0
2026-01-13 00:00,4.77,4.77,4.77,1,1.0
2026-01-13 01:00,5.08,5.08,5.08,1,1.0
2026-01-13 02:00,5.24,5.24,5.24,1,1.0
2026-01-13 03:00,5.61,5.61,5.61,1,1.0
2026-01-13 04:00,5.74,5.74,5.74,1,1.0
2026-01-13 05:00,6.02,6.02,6.02,1,1.0
2026-01-13 06:00,6.73,6.73,6.73,1,1.0
2026-01-13 07:00,6.82,6.82,6.82,1,1.0
2026-01-13 08:00,6.92,6.92,6.92,1,1.0
2026-01-13 09:00,7.65,7.65,7.65,1,1.0
2026-01-13 10:00,10.47,10.47,10.47,1,1.0
2026-01-13 11:00,11.51,11.51,11.51,1,1.0
2026-01-13 12:00,11.9,11.9,11.9,1,1.0
2026-01-13 13:00,11.91,11.91,11.91,1,1.0
2026-01-13 14:00,11.93,11.93,11.93,1,1.0
2026-01-13 15:00,11.74,11.74,11.74,1,1.0
2026-01-13 16:00,11.48,11.48,11.48,1,1.0
2026-01-13 17:00,11.08,11.08,11.08,1,1.0
2026-01-13 18:00,10.53,10.53,10.53,1,1.0
2026-01-13 19:00,9.4,9.4,9.4,1,1.0
2026-01-13 20:00,8.59,8.59,8.59,1,1.0
2026-01-13 21:00,8.44,8.44,8.44,1,1.0
2026-01-13 22:00,8.45,8.45,8.45,1,1.0
2026-01-13 23:00,8.81,8.81,8.81,1,1.0
2026-01-14 00:00,9.6,9.6,9.6,1,1.0
2026-01-14 01:00,9.92,9.92,9.92,1,1.0
2026-01-14 02:00,9.53,9.53,9.53,1,1.0
2026-01-14 03:00,8.86,8.86,8.86,1,1.0
2026-01-14 04:00,6.37,6.37,6.37,1,1.0
2026-01-14 05:00,5.31,5.31,5.31,1,1.0
2026-01-14 06:00,5.3,5.3,5.3,1,1.0
2026-01-14 07:00,5.43,5.43,5.43,1,1.0
2026-01-14 08:00,6.08,6.08,6.08,1,1.0
2026-01-14 09:00,7.04,7.04,7.04,1,1.0
2026-01-14 10:00,8.56,8.56,8.56,1,1.0
2026-01-14 11:00,10.23,10.23,10.23,1,1.0
2026-01-14 12:00,11.21,11.21,11.21,1,1.0
2026-01-14 13:00,11.76,11.76,11.76,1,1.0
2026-01-14 14:00,11.94,11.94,11.94,1,1.0
2026-01-14 15:00,11.85,11.85,11.85,1,1.0
2026-01-14 16:00,11.54,11.54,11.54,1,1.0
2026-01-14 17:00,10.75,10.75,10.75,1,1.0
2026-01-14 18:00,10.58,10.58,10.58,1,1.0
2026-01-14 19:00,10.51,10.51,10.51,1,1.0
2026-01-14 20:00,10.26,10.26,10.26,1,1.0
2026-01-14 21:00,9.91,9.91,9.91,1,1.0
2026-01-14 22:00,9.48,9.48,9.48,1,1.0
2026-01-14 23:00,7.53,7.53,7.53,1,1.0
2026-01-15 00:00,6.44,6.44,6.44,1,1.0
2026-01-15 01:00,5.67,5.67,5.67,1,1.0
2026-01-15 02:00,4.77,4.77,4.77,1,1.0
2026-01-15 03:00,4.55,4.55,4.55,1,1.0
2026-01-15 04:00,4.76,4.76,4.76,1,1.0
2026-01-15 05:00,4.92,4.92,4.92,1,1.0
2026-01-15 06:00,5.03,5.03,5.03,1,1.0
2026-01-15 07:00,4.95,4.95,4.95,1,1.0
2026-01-15 08:00,5.85,5.85,5.85,1,1.0
2026-01-15 09:00,7.48,7.48,7.48,1,1.0
2026-01-15 10:00,10.11,10.11,10.11,1,1.0
2026-01-15 11:00,11.73,11.73,11.73,1,1.0
2026-01-15 12:00,12.53,12.53,12.53,1,1.0
2026-01-15 13:00,13.03,13.03,13.03,1,1.0
2026-01-15 14:00,13.23,13.23,13.23,1,1.0
2026-01-15 15:00,13.16,13.16,13.16,1,1.0
2026-01-15 16:00,12.81,12.81,12.81,1,1.0
2026-01-15 17:00,12.48,12.48,12.48,1,1.0
2026-01-15 18:00,11.92,11.92,11.92,1,1.0
2026-01-15 19:00,10.81,10.81,10.81,1,1.0
2026-01-15 20:00,10.59,10.59,10.59,1,1.0
2026-01-15 21:00,8.69,8.69,8.69,1,1.0
2026-01-15 22:00,6.66,6.66,6.66,1,1.0
2026-01-15 23:00,6.21,6.21,6.21,1,1.0
2026-01-16 00:00,6.04,6.04,6.04,1,1.0
2026-01-16 01:00,6.12,6.12,6.12,1,1.0
2026-01-16 02:00,6.51,6.51,6.51,1,1.0
2026-01-16 03:00,6.55,6.55,6.55,1,1.0
2026-01-16 04:00,6.0,6.0,6.0,1,1.0
2026-01-16 05:00,6.05,6.05,6.05,1,1.0
2026-01-16 06:00,5.8,5.8,5.8,1,1.0
2026-01-16 07:00,5.73,5.73,5.73,1,1.0
2026-01-16 08:00,6.85,6.85,6.85,1,1.0
2026-01-16 09:00,8.34,8.34,8.34,1,1.0
2026-01-16 10:00,10.49,10.49,10.49,1,1.0
2026-01-16 11:00,12.18,12.18,12.18,1,1.0
2026-01-16 12:00,13.48,13.48,13.48,1,1.0
2026-01-16 13:00,14.2,14.2,14.2,1,1.0
2026-01-16 14:00,14.62,14.62,14.62,1,1.0
2026-01-16 15:00,14.61,14.61,14.61,1,1.0
2026-01-16 16:00,14.07,14.07,14.07,1,1.0
2026-01-16 17:00,12.84,12.84,12.84,1,1.0
2026-01-16 18:00,11.64,11.64,11.64,1,1.0
2026-01-16 19:00,10.65,10.65,10.65,1,1.0
2026-01-16 20:00,9.98,9.98,9.98,1,1.0
2026-01-16 21:00,9.25,9.25,9.25,1,1.0
2026-01-16 22:00,8.63,8.63,8.63,1,1.0
2026-01-16 23:00,8.15,8.15,8.15,1,1.0
2026-01-17 00:00,7.67,7.67,7.67,1,1.0
2026-01-17 01:00,7.12,7.12,7.12,1,1.0
2026-01-17 02:00,6.74,6.74,6.74,1,1.0
2026-01-17 03:00,6.37,6.37,6.37,1,1.0
2026-01-17 04:00,6.31,6.31,6.31,1,1.0
2026-01-17 05:00,6.28,6.28,6.28,1,1.0
2026-01-17 06:00,6.33,6.33,6.33,1,1.0
2026-01-17 07:00,6.49,6.49,6.49,1,1.0
2026-01-17 08:00,7.29,7.29,7.29,1,1.0
2026-01-17 09:00,8.37,8.37,8.37,1,1.0
2026-01-17 10:00,9.75,9.75,9.75,1,1.0
2026-01-17 11:00,11.17,11.17,11.17,1,1.0
2026-01-17 12:00,12.07,12.07,12.07,1,1.0
2026-01-17 13:00,12.92,12.92,12.92,1,1.0
2026-01-17 14:00,13.53,13.53,13.53,1,1.0
2026-01-17 15:00,13.9,13.9,13.9,1,1.0
2026-01-17 16:00,13.65,13.65,13.65,1,1.0
2026-01-17 17:00,12.8,12.8,12.8,1,1.0
2026-01-17 18:00,11.93,11.93,11.93,1,1.0
2026-01-17 19:00,11.37,11.37,11.37,1,1.0
2026-01-17 20:00,11.64,11.64,11.64,1,1.0
2026-01-17 21:00,11.22,11.22,11.22,1,1.0
2026-01-17 22:00,10.87,10.87,10.87,1,1.0
2026-01-17 23:00,10.45,10.45,10.45,1,1.0
2026-01-18 00:00,10.29,10.29,10.29,1,1.0
2026-01-18 01:00,10.17,10.17,10.17,1,1.0
2026-01-18 02:00,10.02,10.02,10.02,1,1.0
2026-01-18 03:00,9.94,9.94,9.94,1,1.0
2026-01-18 04:00,9.63,9.63,9.63,1,1.0
2026-01-18 05:00,9.38,9.38,9.38,1,1.0
2026-01-18 06:00,9.27,9.27,9.27,1,1.0
2026-01-18 07:00,9.17,9.17,9.17,1,1.0
2026-01-18 08:00,9.52,9.52,9.52,1,1.0
2026-01-18 09:00,10.15,10.15,10.15,1,1.0
2026-01-18 10:00,11.12,11.12,11.12,1,1.0
2026-01-18 11:00,12.26,12.26,12.26,1,1.0
2026-01-18 12:00,13.15,13.15,13.15,1,1.0
2026-01-18 13:00,13.94,13.94,13.94,1,1.0
2026-01-18 14:00,14.32,14.32,14.32,1,1.0
2026-01-18 15:00,14.31,14.31,14.31,1,1.0
2026-01-18 16:00,13.77,13.77,13.77,1,1.0
2026-01-18 17:00,12.99,12.99,12.99,1,1.0
2026-01-18 18:00,12.29,12.29,12.29,1,1.0
2026-01-18 19:00,11.69,11.69,11.69,1,1.0
2026-01-18 20:00,11.24,11.24,11.24,1,1.0
2026-01-18 21:00,10.82,10.82,10.82,1,1.0
2026-01-18 22:00,10.47,10.47,10.47,1,1.0
2026-01-18 23:00,10.16,10.16,10.16,1,1.0
2026-01-19 00:00,9.91,9.91,9.91,1,1.0
2026-01-19 01:00,9.79,9.79,9.79,1,1.0
2026-01-19 02:00,9.6,9.6,9.6,1,1.0
2026-01-19 03:00,9.37,9.37,9.37,1,1.0
2026-01-19 04:00,9.26,9.26,9.26,1,1.0
2026-01-19 05:00,9.28,9.28,9.28,1,1.0
2026-01-19 06:00,9.3,9.3,9.3,1,1.0
2026-01-19 07:00,9.4,9.4,9.4,1,1.0
2026-01-19 08:00,8.93,8.93,8.93,1,1.0
2026-01-19 09:00,9.04,9.04,9.04,1,1.0
2026-01-19 10:00,9.12,9.12,9.12,1,1.0
2026-01-19 11:00,9.16,9.16,9.16,1,1.0
2026-01-19 12:00,8.92,8.92,8.92,1,1.0
2026-01-19 13:00,9.01,9.01,9.01,1,1.0
2026-01-19 14:00,9.39,9.39,9.39,1,1.0
2026-01-19 15:00,9.75,9.75,9.75,1,1.0
2026-01-19 16:00,9.84,9.84,9.84,1,1.0
2026-01-19 17:00,9.69,9.69,9.69,1,1.0
2026-01-19 18:00,9.39,9.39,9.39,1,1.0
2026-01-19 19:00,9.14,9.14,9.14,1,1.0
2026-01-19 20:00,9.41,9.41,9.41,1,1.0
2026-01-19 21:00,9.23,9.23,9.23,1,1.0
2026-01-19 22:00,9.01,9.01,9.01,1,1.0
2026-01-19 23:00,8.95,8.95,8.95,1,1.0
2026-01-20 00:00,8.92,8.92,8.92,1,1.0
2026-01-20 01:00,8.82,8.82,8.82,1,1.0
2026-01-20 02:00,8.62,8.62,8.62,1,1.0
2026-01-20 03:00,8.58,8.58,8.58,1,1.0
2026-01-20 04:00,8.6,8.6,8.6,1,1.0
2026-01-20 05:00,8.5,8.5,8.5,1,1.0
2026-01-20 06:00,8.19,8.19,8.19,1,1.0
2026-01-20 07:00,7.83,7.83,7.83,1,1.0
2026-01-20 08:00,7.88,7.88,7.88,1,1.0
2026-01-20 09:00,8.05,8.05,8.05,1,1.0
2026-01-20 10:00,8.34,8.34,8.34,1,1.0
2026-01-20 11:00,8.77,8.77,8.77,1,1.0
2026-01-20 12:00,9.41,9.41,9.41,1,1.0
2026-01-20 13:00,9.77,9.77,9.77,1,1.0
2026-01-20 14:00,9.92,9.92,9.92,1,1.0
2026-01-20 15:00,9.53,9.53,9.53,1,1.0
2026-01-20 16:00,8.84,8.84,8.84,1,1.0
2026-01-20 17:00,8.2,8.2,8.2,1,1.0
2026-01-20 18:00,7.5,7.5,7.5,1,1.0
2026-01-20 19:00,6.83,6.83,6.83,1,1.0
2026-01-20 20:00,7.22,7.22,7.22,1,1.0
2026-01-20 21:00,6.72,6.72,6.72,1,1.0
2026-01-20 22:00,6.34,6.34,6.34,1,1.0
2026-01-20 23:00,6.12,6.12,6.12,1,1.0
2026-01-21 00:00,5.98,5.98,5.98,1,1.0
2026-01-21 01:00,5.79,5.79,5.79,1,1.0
2026-01-21 02:00,5.57,5.57,5.57,1,1.0
2026-01-21 03:00,5.33,5.33,5.33,1,1.0
2026-01-21 04:00,5.22,5.22,5.22,1,1.0
2026-01-21 05:00,5.22,5.22,5.22,1,1.0
2026-01-21 06:00,5.4,5.4,5.4,1,1.0
2026-01-21 07:00,5.44,5.44,5.44,1,1.0
2026-01-21 08:00,5.6,5.6,5.6,1,1.0
2026-01-21 09:00,5.93,5.93,5.93,1,1.0
2026-01-21 10:00,6.41,6.41,6.41,1,1.0
2026-01-21 11:00,7.05,7.05,7.05,1,1.0
2026-01-21 12:00,7.61,7.61,7.61,1,1.0
2026-01-21 13:00,8.23,8.23,8.23,1,1.0
2026-01-21 14:00,8.69,8.69,8.69,1,1.0
2026-01-21 15:00,8.77,8.77,8.77,1,1.0
2026-01-21 16:00,8.76,8.76,8.76,1,1.0
2026-01-21 17:00,8.41,8.41,8.41,1,1.0
2026-01-21 18:00,8.15,8.15,8.15,1,1.0
2026-01-21 19:00,7.96,7.96,7.96,1,1.0
2026-01-21 20:00,8.07,8.07,8.07,1,1.0
2026-01-21 21:00,7.9,7.9,7.9,1,1.0
2026-01-21 22:00,7.81,7.81,7.81,1,1.0
2026-01-21 23:00,7.73,7.73,7.73,1,1.0
2026-01-22 00:00,7.93,7.93,7.93,1,1.0
2026-01-22 01:00,7.98,7.98,7.98,1,1.0
2026-01-22 02:00,8.2,8.2,8.2,1,1.0
2026-01-22 03:00,8.12,8.12,8.12,1,1.0
2026-01-22 04:00,8.09,8.09,8.09,1,1.0
2026-01-22 05:00,7.97,7.97,7.97,1,1.0
2026-01-22 06:00,7.86,7.86,7.86,1,1.0
2026-01-22 07:00,7.61,7.61,7.61,1,1.0
2026-01-22 08:00,8.52,8.52,8.52,1,1.0
2026-01-22 09:00,9.0,9.0,9.0,1,1.0
2026-01-22 10:00,9.78,9.78,9.78,1,1.0
2026-01-22 11:00,10.53,10.53,10.53,1,1.0
2026-01-22 12:00,11.25,11.25,11.25,1,1.0
2026-01-22 13:00,11.68,11.68,11.68,1,1.0
2026-01-22 14:00,11.84,11.84,11.84,1,1.0
2026-01-22 15:00,11.95,11.95,11.95,1,1.0
2026-01-22 16:00,11.74,11.74,11.74,1,1.0
2026-01-22 17:00,11.32,11.32,11.32,1,1.0
2026-01-22 18:00,10.43,10.43,10.43,1,1.0
2026-01-22 19:00,9.9,9.9,9.9,1,1.0
2026-01-22 20:00,9.56,9.56,9.56,1,1.0
2026-01-22 21:00,9.06,9.06,9.06,1,1.0
2026-01-22 22:00,8.79,8.79,8.79,1,1.0
2026-01-22 23:00,8.13,8.13,8.13,1,1.0
2026-01-23 00:00,8.29,8.29,8.29,1,1.0
2026-01-23 01:00,8.71,8.71,8.71,1,1.0
2026-01-23 02:00,8.53,8.53,8.53,1,1.0
2026-01-23 03:00,8.78,8.78,8.78,1,1.0
2026-01-23 04:00,8.81,8.81,8.81,1,1.0
2026-01-23 05:00,8.65,8.65,8.65,1,1.0
2026-01-23 06:00,8.49,8.49,8.49,1,1.0
2026-01-23 07:00,8.46,8.46,8.46,1,1.0
2026-01-23 08:00,8.55,8.55,8.55,1,1.0
2026-01-23 09:00,9.37,9.37,9.37,1,1.0
2026-01-23 10:00,10.25,10.25,10.25,1,1.0
2026-01-23 11:00,11.16,11.16,11.16,1,1.0
2026-01-23 12:00,12.07,12.07,12.07,1,1.0
2026-01-23 13:00,12.43,12.43,12.43,1,1.0
2026-01-23 14:00,12.64,12.64,12.64,1,1.0
2026-01-23 15:00,12.64,12.64,12.64,1,1.0
2026-01-23 16:00,12.25,12.25,12.25,1,1.0
2026-01-23 17:00,11.43,11.43,11.43,1,1.0
2026-01-23 18:00,10.72,10.72,10.72,1,1.0
2026-01-23 19:00,10.03,10.03,10.03,1,1.0
2026-01-23 20:00,9.24,9.24,9.24,1,1.0
2026-01-23 21:00,9.09,9.09,9.09,1,1.0
2026-01-23 22:00,9.4,9.4,9.4,1,1.0
2026-01-23 23:00,9.54,9.54,9.54,1,1.0
2026-01-24 00:00,9.76,9.76,9.76,1,1.0
2026-01-24 01:00,9.82,9.82,9.82,1,1.0
2026-01-24 02:00,9.65,9.65,9.65,1,1.0
2026-01-24 03:00,9.62,9.62,9.62,1,1.0
2026-01-24 04:00,9.45,9.45,9.45,1,1.0
2026-01-24 05:00,9.48,9.48,9.48,1,1.0
2026-01-24 06:00,9.54,9.54,9.54,1,1.0
2026-01-24 07:00,9.51,9.51,9.51,1,1.0
2026-01-24 08:00,9.7,9.7,9.7,1,1.0
2026-01-24 09:00,10.23,10.23,10.23,1,1.0
2026-01-24 10:00,10.59,10.59,10.59,1,1.0
2026-01-24 11:00,11.07,11.07,11.07,1,1.0
2026-01-24 12:00,11.76,11.76,11.76,1,1.0
2026-01-24 13:00,12.04,12.04,12.04,1,1.0
2026-01-24 14:00,12.41,12.41,12.41,1,1.0
2026-01-24 15:00,12.5,12.5,12.5,1,1.0
2026-01-24 16:00,12.43,12.43,12.43,1,1.0
2026-01-24 17:00,12.25,12.25,12.25,1,1.0
2026-01-24 18:00,12.27,12.27,12.27,1,1.0
2026-01-24 19:00,12.12,12.12,12.12,1,1.0
2026-01-24 20:00,11.83,11.83,11.83,1,1.0
2026-01-24 21:00,11.5,11.5,11.5,1,1.0
2026-01-24 22:00,10.94,10.94,10.94,1,1.0
2026-01-24 23:00,10.38,10.38,10.38,1,1.0
2026-01-25 00:00,9.94,9.94,9.94,1,1.0
2026-01-25 01:00,9.85,9.85,9.85,1,1.0
2026-01-25 02:00,9.88,9.88,9.88,1,1.0
2026-01-25 03:00,10.53,10.53,10.53,1,1.0
2026-01-25 04:00,11.26,11.26,11.26,1,1.0
2026-01-25 05:00,11.37,11.37,11.37,1,1.0
2026-01-25 06:00,11.44,11.44,11.44,1,1.0
2026-01-25 07:00,11.26,11.26,11.26,1,1.0
2026-01-25 08:00,11.2,11.2,11.2,1,1.0
2026-01-25 09:00,10.58,10.58,10.58,1,1.0
2026-01-25 10:00,10.03,10.03,10.03,1,1.0
2026-01-25 11:00,9.46,9.46,9.46,1,1.0
2026-01-25 12:00,9.06,9.06,9.06,1,1.0
2026-01-25 13:00,8.9,8.9,8.9,1,1.0
2026-01-25 14:00,9.05,9.05,9.05,1,1.0
2026-01-25 15:00,9.55,9.55,9.55,1,1.0
2026-01-25 16:00,9.36,9.36,9.36,1,1.0
2026-01-25 17:00,9.0,9.0,9.0,1,1.0
2026-01-25 18:00,8.77,8.77,8.77,1,1.0
2026-01-25 19:00,8.51,8.51,8.51,1,1.0
2026-01-25 20:00,8.94,8.94,8.94,1,1.0
2026-01-25 21:00,8.75,8.75,8.75,1,1.0
2026-01-25 22:00,8.7,8.7,8.7,1,1.0
2026-01-25 23:00,8.92,8.92,8.92,1,1.0
2026-01-26 00:00,8.75,8.75,8.75,1,1.0
2026-01-26 01:00,8.61,8.61,8.61,1,1.0
2026-01-26 02:00,8.71,8.71,8.71,1,1.0
2026-01-26 03:00,8.81,8.81,8.81,1,1.0
2026-01-26 04:00,8.58,8.58,8.58,1,1.0
2026-01-26 05:00,8.47,8.47,8.47,1,1.0
2026-01-26 06:00,8.07,8.07,8.07,1,1.0
2026-01-26 07:00,7.81,7.81,7.81,1,1.0
2026-01-26 08:00,7.73,7.73,7.73,1,1.0
2026-01-26 09:00,9.21,9.21,9.21,1,1.0
2026-01-26 10:00,10.02,10.02,10.02,1,1.0
2026-01-26 11:00,10.83,10.83,10.83,1,1.0
2026-01-26 12:00,11.28,11.28,11.28,1,1.0
2026-01-26 13:00,11.52,11.52,11.52,1,1.0
2026-01-26 14:00,11.54,11.54,11.54,1,1.0
2026-01-26 15:00,11.42,11.42,11.42,1,1.0
2026-01-26 16:00,11.37,11.37,11.37,1,1.0
2026-01-26 17:00,11.02,11.02,11.02,1,1.0
2026-01-26 18:00,10.21,10.21,10.21,1,1.0
2026-01-26 19:00,9.32,9.32,9.32,1,1.0
2026-01-26 20:00,8.87,8.87,8.87,1,1.0
2026-01-26 21:00,8.69,8.69,8.69,1,1.0
2026-01-26 22:00,8.83,8.83,8.83,1,1.0
2026-01-26 23:00,8.89,8.89,8.89,1,1.0
2026-01-27 00:00,8.74,8.74,8.74,1,1.0
2026-01-27 01:00,8.49,8.49,8.49,1,1.0
2026-01-27 02:00,8.04,8.04,8.04,1,1.0
2026-01-27 03:00,7.66,7.66,7.66,1,1.0
2026-01-27 04:00,7.31,7.31,7.31,1,1.0
2026-01-27 05:00,6.89,6.89,6.89,1,1.0
2026-01-27 06:00,6.53,6.53,6.53,1,1.0
2026-01-27 07:00,5.98,5.98,5.98,1,1.0
2026-01-27 08:00,5.44,5.44,5.44,1,1.0
2026-01-27 09:00,6.98,6.98,6.98,1,1.0
2026-01-27 10:00,8.61,8.61,8.61,1,1.0
2026-01-27 11:00,10.12,10.12,10.12,1,1.0
2026-01-27 12:00,10.85,10.85,10.85,1,1.0
2026-01-27 13:00,11.42,11.42,11.42,1,1.0
2026-01-27 14:00,11.55,11.55,11.55,1,1.0
2026-01-27 15:00,11.45,11.45,11.45,1,1.0
2026-01-27 16:00,11.07,11.07,11.07,1,1.0
2026-01-27 17:00,10.63,10.63,10.63,1,1.0
2026-01-27 18:00,10.27,10.27,10.27,1,1.0
2026-01-27 19:00,10.02,10.02,10.02,1,1.0
2026-01-27 20:00,9.82,9.82,9.82,1,1.0
2026-01-27 21:00,9.81,9.81,9.81,1,1.0
2026-01-27 22:00,9.87,9.87,9.87,1,1.0
2026-01-27 23:00,10.01,10.01,10.01,1,1.0
2026-01-28 00:00,10.17,10.17,10.17,1,1.0
2026-01-28 01:00,10.29,10.29,10.29,1,1.0
2026-01-28 02:00,10.35,10.35,10.35,1,1.0
2026-01-28 03:00,10.36,10.36,10.36,1,1.0
2026-01-28 04:00,10.07,10.07,10.07,1,1.0
2026-01-28 05:00,9.88,9.88,9.88,1,1.0
2026-01-28 06:00,9.75,9.75,9.75,1,1.0
2026-01-28 07:00,9.56,9.56,9.56,1,1.0
2026-01-28 08:00,9.92,9.92,9.92,1,1.0
2026-01-28 09:00,9.62,9.62,9.62,1,1.0
2026-01-28 10:00,10.09,10.09,10.09,1,1.0
2026-01-28 11:00,11.11,11.11,11.11,1,1.0
2026-01-28 12:00,11.41,11.41,11.41,1,1.0
2026-01-28 13:00,11.5,11.5,11.5,1,1.0
2026-01-28 14:00,11.11,11.11,11.11,1,1.0
2026-01-28 15:00,11.67,11.67,11.67,1,1.0
2026-01-28 16:00,11.54,11.54,11.54,1,1.0
2026-01-28 17:00,11.01,11.01,11.01,1,1.0
2026-01-28 18:00,11.13,11.13,11.13,1,1.0
2026-01-28 19:00,11.38,11.38,11.38,1,1.0
2026-01-28 20:00,11.35,11.35,11.35,1,1.0
2026-01-28 21:00,11.18,11.18,11.18,1,1.0
2026-01-28 22:00,10.84,10.84,10.84,1,1.0
2026-01-28 23:00,10.81,10.81,10.81,1,1.0
2026-01-29 00:00,10.69,10.69,10.69,1,1.0
2026-01-29 01:00,10.36,10.36,10.36,1,1.0
2026-01-29 02:00,9.94,9.94,9.94,1,1.0
2026-01-29 03:00,9.56,9.56,9.56,1,1.0
2026-01-29 04:00,9.01,9.01,9.01,1,1.0
2026-01-29 05:00,8.94,8.94,8.94,1,1.0
2026-01-29 06:00,9.03,9.03,9.03,1,1.0
2026-01-29 07:00,8.9,8.9,8.9,1,1.0
2026-01-29 08:00,9.34,9.34,9.34,1,1.0
2026-01-29 09:00,9.26,9.26,9.26,1,1.0
2026-01-29 10:00,9.58,9.58,9.58,1,1.0
2026-01-29 11:00,10.19,10.19,10.19,1,1.0
2026-01-29 12:00,10.61,10.61,10.61,1,1.0
2026-01-29 13:00,10.84,10.84,10.84,1,1.0
2026-01-29 14:00,11.05,11.05,11.05,1,1.0
2026-01-29 15:00,11.07,11.07,11.07,1,1.0
2026-01-29 16:00,10.9,10.9,10.9,1,1.0
2026-01-29 17:00,10.74,10.74,10.74,1,1.0
2026-01-29 18:00,10.49,10.49,10.49,1,1.0
2026-01-29 19:00,10.23,10.23,10.23,1,1.0
2026-01-29 20:00,9.91,9.91,9.91,1,1.0
2026-01-29 21:00,9.84,9.84,9.84,1,1.0
2026-01-29 22:00,9.72,9.72,9.72,1,1.0
2026-01-29 23:00,9.52,9.52,9.52,1,1.0
2026-01-30 00:00,9.42,9.42,9.42,1,1.0
2026-01-30 01:00,9.17,9.17,9.17,1,1.0
2026-01-30 02:00,8.7,8.7,8.7,1,1.0
2026-01-30 03:00,8.44,8.44,8.44,1,1.0
2026-01-30 04:00,8.25,8.25,8.25,1,1.0
2026-01-30 05:00,8.94,8.94,8.94,1,1.0
2026-01-30 06:00,8.67,8.67,8.67,1,1.0
2026-01-30 07:00,8.07,8.07,8.07,1,1.0
2026-01-30 08:00,7.23,7.23,7.23,1,1.0
2026-01-30 09:00,8.79,8.79,8.79,1,1.0
2026-01-30 10:00,9.57,9.57,9.57,1,1.0
2026-01-30 11:00,10.76,10.76,10.76,1,1.0
2026-01-30 12:00,11.63,11.63,11.63,1,1.0
2026-01-30 13:00,12.0,12.0,12.0,1,1.0
2026-01-30 14:00,11.91,11.91,11.91,1,1.0
2026-01-30 15:00,11.45,11.45,11.45,1,1.0
2026-01-30 16:00,10.95,10.95,10.95,1,1.0
2026-01-30 17:00,10.2,10.2,10.2,1,1.0
2026-01-30 18:00,8.82,8.82,8.82,1,1.0
2026-01-30 19:00,8.96,8.96,8.96,1,1.0
2026-01-30 20:00,8.22,8.22,8.22,1,1.0
2026-01-30 21:00,8.09,8.09,8.09,1,1.0
2026-01-30 22:00,7.92,7.92,7.92,1,1.0
2026-01-30 23:00,7.86,7.86,7.86,1,1.0
2026-01-31 00:00,7.2,7.2,7.2,1,1.0
2026-01-31 01:00,7.23,7.23,7.23,1,1.0
2026-01-31 02:00,7.27,7.27,7.27,1,1.0
2026-01-31 03:00,7.16,7.16,7.16,1,1.0
2026-01-31 04:00,7.1,7.1,7.1,1,1.0
2026-01-31 05:00,7.1,7.1,7.1,1,1.0
2026-01-31 06:00,6.9,6.9,6.9,1,1.0
2026-01-31 07:00,6.71,6.71,6.71,1,1.0
2026-01-31 08:00,7.54,7.54,7.54,1,1.0
2026-01-31 09:00,8.47,8.47,8.47,1,1.0
2026-01-31 10:00,9.47,9.47,9.47,1,1.0
2026-01-31 11:00,10.23,10.23,10.23,1,1.0
2026-01-31 12:00,10.88,10.88,10.88,1,1.0
2026-01-31 13:00,11.7,11.7,11.7,1,1.0
2026-01-31 14:00,11.9,11.9,11.9,1,1.0
2026-01-31 15:00,11.93,11.93,11.93,1,1.0
2026-01-31 16:00,11.9,11.9,11.9,1,1.0
2026-01-31 17:00,11.33,11.33,11.33,1,1.0
2026-01-31 18:00,10.83,10.83,10.83,1,1.0
2026-01-31 19:00,10.54,10.54,10.54,1,1.0
2026-01-31 20:00,10.36,10.36,10.36,1,1.0
2026-01-31 21:00,10.18,10.18,10.18,1,1.0
2026-01-31 22:00,9.93,9.93,9.93,1,1.0
2026-01-31 23:00,9.72,9.72,9.72,1,1.0
2026-02-01 00:00,9.53,9.53,9.53,1,1.0
2026-02-01 01:00,9.42,9.42,9.42,1,1.0
2026-02-01 02:00,9.39,9.39,9.39,1,1.0
2026-02-01 03:00,9.24,9.24,9.24,1,1.0
2026-02-01 04:00,9.13,9.13,9.13,1,1.0
2026-02-01 05:00,9.05,9.05,9.05,1,1.0
2026-02-01 06:00,8.96,8.96,8.96,1,1.0
2026-02-01 07:00,8.88,8.88,8.88,1,1.0
2026-02-01 08:00,9.3,9.3,9.3,1,1.0
2026-02-01 09:00,9.73,9.73,9.73,1,1.0
2026-02-01 10:00,10.26,10.26,10.26,1,1.0
2026-02-01 11:00,10.82,10.82,10.82,1,1.0
2026-02-01 12:00,11.64,11.64,11.64,1,1.0
2026-02-01 13:00,12.14,12.14,12.14,1,1.0
2026-02-01 14:00,12.45,12.45,12.45,1,1.0
2026-02-01 15:00,12.5,12.5,12.5,1,1.0
2026-02-01 16:00,12.32,12.32,12.32,1,1.0
2026-02-01 17:00,11.76,11.76,11.76,1,1.0
2026-02-01 18:00,10.09,10.09,10.09,1,1.0
2026-02-01 19:00,8.88,8.88,8.88,1,1.0
2026-02-01 20:00,7.88,7.88,7.88,1,1.0
2026-02-01 21:00,7.48,7.48,7.48,1,1.0
2026-02-01 22:00,7.42,7.42,7.42,1,1.0
2026-02-01 23:00,7.39,7.39,7.39,1,1.0
2026-02-02 00:00,7.33,7.33,7.33,1,1.0
2026-02-02 01:00,7.17,7.17,7.17,1,1.0
2026-02-02 02:00,7.27,7.27,7.27,1,1.0
2026-02-02 03:00,7.07,7.07,7.07,1,1.0
2026-02-02 04:00,7.08,7.08,7.08,1,1.0
2026-02-02 05:00,7.04,7.04,7.04,1,1.0
2026-02-02 06:00,7.13,7.13,7.13,1,1.0
2026-02-02 07:00,6.68,6.68,6.68,1,1.0
2026-02-02 08:00,7.16,7.16,7.16,1,1.0
2026-02-02 09:00,9.02,9.02,9.02,1,1.0
2026-02-02 10:00,10.02,10.02,10.02,1,1.0
2026-02-02 11:00,10.88,10.88,10.88,1,1.0
2026-02-02 12:00,11.31,11.31,11.31,1,1.0
2026-02-02 13:00,11.51,11.51,11.51,1,1.0
2026-02-02 14:00,11.49,11.49,11.49,1,1.0
2026-02-02 15:00,11.26,11.26,11.26,1,1.0
2026-02-02 16:00,10.94,10.94,10.94,1,1.0
2026-02-02 17:00,10.47,10.47,10.47,1,1.0
2026-02-02 18:00,9.81,9.81,9.81,1,1.0
2026-02-02 19:00,9.34,9.34,9.34,1,1.0
2026-02-02 20:00,9.8,9.8,9.8,1,1.0
2026-02-02 21:00,9.99,9.99,9.99,1,1.0
2026-02-02 22:00,10.22,10.22,10.22,1,1.0
2026-02-02 23:00,10.37,10.37,10.37,1,1.0
2026-02-03 00:00,10.24,10.24,10.24,1,1.0
2026-02-03 01:00,10.03,10.03,10.03,1,1.0
2026-02-03 02:00,9.69,9.69,9.69,1,1.0
2026-02-03 03:00,9.58,9.58,9.58,1,1.0
2026-02-03 04:00,9.45,9.45,9.45,1,1.0
2026-02-03 05:00,9.39,9.39,9.39,1,1.0
2026-02-03 06:00,9.5,9.5,9.5,1,1.0
2026-02-03 07:00,9.63,9.63,9.63,1,1.0
2026-02-03 08:00,10.07,10.07,10.07,1,1.0
2026-02-03 09:00,11.09,11.09,11.09,1,1.0
2026-02-03 10:00,12.76,12.76,12.76,1,1.0
2026-02-03 11:00,14.12,14.12,14.12,1,1.0
2026-02-03 12:00,14.9,14.9,14.9,1,1.0
2026-02-03 13:00,15.29,15.29,15.29,1,1.0
2026-02-03 14:00,15.28,15.28,15.28,1,1.0
2026-02-03 15:00,15.08,15.08,15.08,1,1.0
2026-02-03 16:00,14.72,14.72,14.72,1,1.0
2026-02-03 17:00,13.99,13.99,13.99,1,1.0
2026-02-03 18:00,13.47,13.47,13.47,1,1.0
2026-02-03 19:00,13.25,13.25,13.25,1,1.0
2026-02-03 20:00,13.2,13.2,13.2,1,1.0
2026-02-03 21:00,13.07,13.07,13.07,1,1.0
2026-02-03 22:00,12.96,12.96,12.96,1,1.0
2026-02-03 23:00,12.8,12.8,12.8,1,1.0
2026-02-04 00:00,12.58,12.58,12.58,1,1.0
2026-02-04 01:00,12.34,12.34,12.34,1,1.0
2026-02-04 02:00,12.08,12.08,12.08,1,1.0
2026-02-04 03:00,11.77,11.77,11.77,1,1.0
2026-02-04 04:00,11.51,11.51,11.51,1,1.0
2026-02-04 05:00,11.47,11.47,11.47,1,1.0
2026-02-04 06:00,11.62,11.62,11.62,1,1.0
2026-02-04 07:00,11.88,11.88,11.88,1,1.0
2026-02-04 08:00,12.02,12.02,12.02,1,1.0
2026-02-04 09:00,12.8,12.8,12.8,1,1.0
2026-02-04 10:00,13.39,13.39,13.39,1,1.0
2026-02-04 11:00,14.03,14.03,14.03,1,1.0
2026-02-04 12:00,13.62,13.62,13.62,1,1.0
2026-02-04 13:00,13.13,13.13,13.13,1,1.0
2026-02-04 14:00,13.03,13.03,13.03,1,1.0
2026-02-04 15:00,12.43,12.43,12.43,1,1.0
2026-02-04 16:00,11.66,11.66,11.66,1,1.0
2026-02-04 17:00,11.17,11.17,11.17,1,1.0
2026-02-04 18:00,10.79,10.79,10.79,1,1.0
2026-02-04 19:00,10.59,10.59,10.59,1,1.0
2026-02-04 20:00,10.27,10.27,10.27,1,1.0
2026-02-04 21:00,10.14,10.14,10.14,1,1.0
2026-02-04 22:00,10.1,10.1,10.1,1,1.0
2026-02-04 23:00,10.03,10.03,10.03,1,1.0
2026-02-05 00:00,9.71,9.71,9.71,1,1.0
2026-02-05 01:00,9.53,9.53,9.53,1,1.0
2026-02-05 02:00,9.62,9.62,9.62,1,1.0
2026-02-05 03:00,9.44,9.44,9.44,1,1.0
2026-02-05 04:00,9.36,9.36,9.36,1,1.0
2026-02-05 05:00,9.25,9.25,9.25,1,1.0
2026-02-05 06:00,9.24,9.24,9.24,1,1.0
2026-02-05 07:00,9.25,9.25,9.25,1,1.0
2026-02-05 08:00,9.18,9.18,9.18,1,1.0
2026-02-05 09:00,9.76,9.76,9.76,1,1.0
2026-02-05 10:00,10.53,10.53,10.53,1,1.0
2026-02-05 11:00,11.2,11.2,11.2,1,1.0
2026-02-05 12:00,11.77,11.77,11.77,1,1.0
2026-02-05 13:00,11.95,11.95,11.95,1,1.0
2026-02-05 14:00,11.72,11.72,11.72,1,1.0
2026-02-05 15:00,11.74,11.74,11.74,1,1.0
2026-02-05 16:00,11.75,11.75,11.75,1,1.0
2026-02-05 17:00,11.41,11.41,11.41,1,1.0
2026-02-05 18:00,10.83,10.83,10.83,1,1.0
2026-02-05 19:00,10.35,10.35,10.35,1,1.0
2026-02-05 20:00,10.39,10.39,10.39,1,1.0
2026-02-05 21:00,10.71,10.71,10.71,1,1.0
2026-02-05 22:00,11.0,11.0,11.0,1,1.0
2026-02-05 23:00,11.16,11.16,11.16,1,1.0
2026-02-06 00:00,11.09,11.09,11.09,1,1.0
2026-02-06 01:00,10.37,10.37,10.37,1,1.0
2026-02-06 02:00,10.52,10.52,10.52,1,1.0
2026-02-06 03:00,10.69,10.69,10.69,1,1.0
2026-02-06 04:00,11.1,11.1,11.1,1,1.0
2026-02-06 05:00,11.93,11.93,11.93,1,1.0
2026-02-06 06:00,12.56,12.56,12.56,1,1.0
2026-02-06 07:00,12.56,12.56,12.56,1,1.0
2026-02-06 08:00,13.17,13.17,13.17,1,1.0
2026-02-06 09:00,13.53,13.53,13.53,1,1.0
2026-02-06 10:00,13.93,13.93,13.93,1,1.0
2026-02-06 11:00,13.8,13.8,13.8,1,1.0
2026-02-06 12:00,14.25,14.25,14.25,1,1.0
2026-02-06 13:00,14.59,14.59,14.59,1,1.0
2026-02-06 14:00,13.83,13.83,13.83,1,1.0
2026-02-06 15:00,13.95,13.95,13.95,1,1.0
2026-02-06 16:00,13.7,13.7,13.7,1,1.0
2026-02-06 17:00,13.29,13.29,13.29,1,1.0
2026-02-06 18:00,12.97,12.97,12.97,1,1.0
2026-02-06 19:00,12.82,12.82,12.82,1,1.0
2026-02-06 20:00,12.43,12.43,12.43,1,1.0
2026-02-06 21:00,12.33,12.33,12.33,1,1.0
2026-02-06 22:00,12.38,12.38,12.38,1,1.0
2026-02-06 23:00,12.42,12.42,12.42,1,1.0
2026-02-07 00:00,12.35,12.35,12.35,1,1.0
2026-02-07 01:00,12.3,12.3,12.3,1,1.0
2026-02-07 02:00,12.17,12.17,12.17,1,1.0
2026-02-07 03:00,11.89,11.89,11.89,1,1.0
2026-02-07 04:00,11.5,11.5,11.5,1,1.0
2026-02-07 05:00,11.53,11.53,11.53,1,1.0
2026-02-07 06:00,11.68,11.68,11.68,1,1.0
2026-02-07 07:00,11.63,11.63,11.63,1,1.0
2026-02-07 08:00,11.8,11.8,11.8,1,1.0
2026-02-07 09:00,12.46,12.46,12.46,1,1.0
2026-02-07 10:00,13.1,13.1,13.1,1,1.0
2026-02-07 11:00,13.43,13.43,13.43,1,1.0
2026-02-07 12:00,13.51,13.51,13.51,1,1.0
2026-02-07 13:00,13.69,13.69,13.69,1,1.0
2026-02-07 14:00,13.63,13.63,13.63,1,1.0
2026-02-07 15:00,12.99,12.99,12.99,1,1.0
2026-02-07 16:00,12.08,12.08,12.08,1,1.0
2026-02-07 17:00,11.35,11.35,11.35,1,1.0
2026-02-07 18:00,10.69,10.69,10.69,1,1.0
2026-02-07 19:00,10.51,10.51,10.51,1,1.0
2026-02-07 20:00,10.8,10.8,10.8,1,1.0
2026-02-07 21:00,10.73,10.73,10.73,1,1.0
2026-02-07 22:00,10.67,10.67,10.67,1,1.0
2026-02-07 23:00,10.62,10.62,10.62,1,1.0
2026-02-08 00:00,10.45,10.45,10.45,1,1.0
2026-02-08 01:00,10.14,10.14,10.14,1,1.0
2026-02-08 02:00,9.85,9.85,9.85,1,1.0
2026-02-08 03:00,9.73,9.73,9.73,1,1.0
2026-02-08 04:00,9.58,9.58,9.58,1,1.0
2026-02-08 05:00,9.67,9.67,9.67,1,1.0
2026-02-08 06:00,9.52,9.52,9.52,1,1.0
2026-02-08 07:00,9.46,9.46,9.46,1,1.0
2026-02-08 08:00,9.64,9.64,9.64,1,1.0
2026-02-08 09:00,10.42,10.42,10.42,1,1.0
2026-02-08 10:00,11.47,11.47,11.47,1,1.0
2026-02-08 11:00,12.28,12.28,12.28,1,1.0
2026-02-08 12:00,12.75,12.75,12.75,1,1.0
2026-02-08 13:00,12.66,12.66,12.66,1,1.0
2026-02-08 14:00,12.62,12.62,12.62,1,1.0
2026-02-08 15:00,12.22,12.22,12.22,1,1.0
2026-02-08 16:00,11.72,11.72,11.72,1,1.0
2026-02-08 17:00,10.97,10.97,10.97,1,1.0
2026-02-08 18:00,10.69,10.69,10.69,1,1.0
2026-02-08 19:00,10.5,10.5,10.5,1,1.0
2026-02-08 20:00,10.64,10.64,10.64,1,1.0
2026-02-08 21:00,10.39,10.39,10.39,1,1.0
2026-02-08 22:00,10.23,10.23,10.23,1,1.0
2026-02-08 23:00,9.6,9.6,9.6,1,1.0
2026-02-09 00:00,9.74,9.74,9.74,1,1.0
2026-02-09 01:00,9.73,9.73,9.73,1,1.0
2026-02-09 02:00,9.59,9.59,9.59,1,1.0
2026-02-09 03:00,9.41,9.41,9.41,1,1.0
2026-02-09 04:00,9.28,9.28,9.28,1,1.0
2026-02-09 05:00,9.13,9.13,9.13,1,1.0
2026-02-09 06:00,8.99,8.99,8.99,1,1.0
2026-02-09 07:00,8.93,8.93,8.93,1,1.0
2026-02-09 08:00,9.19,9.19,9.19,1,1.0
2026-02-09 09:00,9.82,9.82,9.82,1,1.0
2026-02-09 10:00,10.42,10.42,10.42,1,1.0
2026-02-09 11:00,11.0,11.0,11.0,1,1.0
2026-02-09 12:00,11.17,11.17,11.17,1,1.0
2026-02-09 13:00,11.3,11.3,11.3,1,1.0
2026-02-09 14:00,11.41,11.41,11.41,1,1.0
2026-02-09 15:00,11.63,11.63,11.63,1,1.0
2026-02-09 16:00,11.61,11.61,11.61,1,1.0
2026-02-09 17:00,11.55,11.55,11.55,1,1.0
2026-02-09 18:00,11.22,11.22,11.22,1,1.0
2026-02-09 19:00,11.27,11.27,11.27,1,1.0
2026-02-09 20:00,11.52,11.52,11.52,1,1.0
2026-02-09 21:00,11.07,11.07,11.07,1,1.0
2026-02-09 22:00,10.65,10.65,10.65,1,1.0
2026-02-09 23:00,9.68,9.68,9.68,1,1.0
2026-02-10 00:00,9.85,9.85,9.85,1,1.0
2026-02-10 01:00,9.82,9.82,9.82,1,1.0
2026-02-10 02:00,9.81,9.81,9.81,1,1.0
2026-02-10 03:00,8.98,8.98,8.98,1,1.0
2026-02-10 04:00,7.38,7.38,7.38,1,1.0
2026-02-10 05:00,7.17,7.17,7.17,1,1.0
2026-02-10 06:00,7.84,7.84,7.84,1,1.0
2026-02-10 07:00,8.1,8.1,8.1,1,1.0
2026-02-10 08:00,8.38,8.38,8.38,1,1.0
2026-02-10 09:00,10.15,10.15,10.15,1,1.0
2026-02-10 10:00,10.95,10.95,10.95,1,1.0
2026-02-10 11:00,11.56,11.56,11.56,1,1.0
2026-02-10 12:00,11.94,11.94,11.94,1,1.0
2026-02-10 13:00,11.89,11.89,11.89,1,1.0
2026-02-10 14:00,11.61,11.61,11.61,1,1.0
2026-02-10 15:00,11.66,11.66,11.66,1,1.0
2026-02-10 16:00,10.96,10.96,10.96,1,1.0
2026-02-10 17:00,10.41,10.41,10.41,1,1.0
2026-02-10 18:00,9.75,9.75,9.75,1,1.0
2026-02-10 19:00,9.37,9.37,9.37,1,1.0
2026-02-10 20:00,9.29,9.29,9.29,1,1.0
2026-02-10 21:00,9.46,9.46,9.46,1,1.0
2026-02-10 22:00,9.53,9.53,9.53,1,1.0
2026-02-10 23:00,9.63,9.63,9.63,1,1.0
2026-02-11 00:00,9.91,9.91,9.91,1,1.0
2026-02-11 01:00,9.66,9.66,9.66,1,1.0
2026-02-11 02:00,9.7,9.7,9.7,1,1.0
2026-02-11 03:00,9.76,9.76,9.76,1,1.0
2026-02-11 04:00,9.96,9.96,9.96,1,1.0
2026-02-11 05:00,9.98,9.98,9.98,1,1.0
2026-02-11 06:00,9.92,9.92,9.92,1,1.0
2026-02-11 07:00,9.91,9.91,9.91,1,1.0
2026-02-11 08:00,9.95,9.95,9.95,1,1.0
2026-02-11 09:00,10.23,10.23,10.23,1,1.0
2026-02-11 10:00,10.47,10.47,10.47,1,1.0
2026-02-11 11:00,10.56,10.56,10.56,1,1.0
2026-02-11 12:00,10.55,10.55,10.55,1,1.0
2026-02-11 13:00,10.56,10.56,10.56,1,1.0
2026-02-11 14:00,10.77,10.77,10.77,1,1.0
2026-02-11 15:00,11.12,11.12,11.12,1,1.0
2026-02-11 16:00,11.51,11.51,11.51,1,1.0
2026-02-11 17:00,11.67,11.67,11.67,1,1.0
2026-02-11 18:00,11.46,11.46,11.46,1,1.0
2026-02-11 19:00,11.35,11.35,11.35,1,1.0
2026-02-11 20:00,11.13,11.13,11.13,1,1.0
2026-02-11 21:00,11.16,11.16,11.16,1,1.0
2026-02-11 22:00,11.18,11.18,11.18,1,1.0
2026-02-11 23:00,11.08,11.08,11.08,1,1.0
2026-02-12 00:00,11.07,11.07,11.07,1,1.0
2026-02-12 01:00,10.69,10.69,10.69,1,1.0
2026-02-12 02:00,10.55,10.55,10.55,1,1.0
2026-02-12 03:00,10.4,10.4,10.4,1,1.0
2026-02-12 04:00,10.22,10.22,10.22,1,1.0
2026-02-12 05:00,10.18,10.18,10.18,1,1.0
2026-02-12 06:00,10.67,10.67,10.67,1,1.0
2026-02-12 07:00,10.91,10.91,10.91,1,1.0
2026-02-12 08:00,10.71,10.71,10.71,1,1.0
2026-02-12 09:00,10.84,10.84,10.84,1,1.0
2026-02-12 10:00,11.33,11.33,11.33,1,1.0
2026-02-12 11:00,11.25,11.25,11.25,1,1.0
2026-02-12 12:00,11.55,11.55,11.55,1,1.0
2026-02-12 13:00,11.85,11.85,11.85,1,1.0
2026-02-12 14:00,12.21,12.21,12.21,1,1.0
2026-02-12 15:00,11.75,11.75,11.75,1,1.0
2026-02-12 16:00,11.53,11.53,11.53,1,1.0
2026-02-12 17:00,10.95,10.95,10.95,1,1.0
2026-02-12 18:00,10.87,10.87,10.87,1,1.0
2026-02-12 19:00,11.02,11.02,11.02,1,1.0
2026-02-12 20:00,10.85,10.85,10.85,1,1.0
2026-02-12 21:00,10.69,10.69,10.69,1,1.0
2026-02-12 22:00,10.48,10.48,10.48,1,1.0
2026-02-12 23:00,10.43,10.43,10.43,1,1.0
2026-02-13 00:00,10.31,10.31,10.31,1,1.0
2026-02-13 01:00,10.28,10.28,10.28,1,1.0
2026-02-13 02:00,10.16,10.16,10.16,1,1.0
2026-02-13 03:00,9.99,9.99,9.99,1,1.0
2026-02-13 04:00,9.75,9.75,9.75,1,1.0
2026-02-13 05:00,9.73,9.73,9.73,1,1.0
2026-02-13 06:00,9.53,9.53,9.53,1,1.0
2026-02-13 07:00,9.53,9.53,9.53,1,1.0
2026-02-13 08:00,9.93,9.93,9.93,1,1.0
2026-02-13 09:00,10.32,10.32,10.32,1,1.0
2026-02-13 10:00,11.27,11.27,11.27,1,1.0
2026-02-13 11:00,12.3,12.3,12.3,1,1.0
2026-02-13 12:00,13.04,13.04,13.04,1,1.0
2026-02-13 13:00,13.67,13.67,13.67,1,1.0
2026-02-13 14:00,14.05,14.05,14.05,1,1.0
2026-02-13 15:00,14.25,14.25,14.25,1,1.0
2026-02-13 16:00,13.85,13.85,13.85,1,1.0
2026-02-13 17:00,13.14,13.14,13.14,1,1.0
2026-02-13 18:00,12.24,12.24,12.24,1,1.0
2026-02-13 19:00,11.23,11.23,11.23,1,1.0
2026-02-13 20:00,11.05,11.05,11.05,1,1.0
2026-02-13 21:00,11.12,11.12,11.12,1,1.0
2026-02-13 22:00,11.0,11.0,11.0,1,1.0
2026-02-13 23:00,11.03,11.03,11.03,1,1.0
2026-02-14 00:00,11.07,11.07,11.07,1,1.0
2026-02-14 01:00,11.05,11.05,11.05,1,1.0
2026-02-14 02:00,11.21,11.21,11.21,1,1.0
2026-02-14 03:00,11.04,11.04,11.04,1,1.0
2026-02-14 04:00,10.85,10.85,10.85,1,1.0
2026-02-14 05:00,10.56,10.56,10.56,1,1.0
2026-02-14 06:00,10.12,10.12,10.12,1,1.0
2026-02-14 07:00,10.13,10.13,10.13,1,1.0
2026-02-14 08:00,10.85,10.85,10.85,1,1.0
2026-02-14 09:00,11.51,11.51,11.51,1,1.0
2026-02-14 10:00,12.37,12.37,12.37,1,1.0
2026-02-14 11:00,12.81,12.81,12.81,1,1.0
2026-02-14 12:00,13.09,13.09,13.09,1,1.0
2026-02-14 13:00,12.81,12.81,12.81,1,1.0
2026-02-14 14:00,12.55,12.55,12.55,1,1.0
2026-02-14 15:00,11.8,11.8,11.8,1,1.0
2026-02-14 16:00,11.4,11.4,11.4,1,1.0
2026-02-14 17:00,10.84,10.84,10.84,1,1.0
2026-02-14 18:00,10.07,10.07,10.07,1,1.0
2026-02-14 19:00,9.79,9.79,9.79,1,1.0
2026-02-14 20:00,9.93,9.93,9.93,1,1.0
2026-02-14 21:00,10.22,10.22,10.22,1,1.0
2026-02-14 22:00,9.54,9.54,9.54,1,1.0
2026-02-14 23:00,9.37,9.37,9.37,1,1.0
2026-02-15 00:00,9.3,9.3,9.3,1,1.0
2026-02-15 01:00,9.29,9.29,9.29,1,1.0
2026-02-15 02:00,9.25,9.25,9.25,1,1.0
2026-02-15 03:00,9.3,9.3,9.3,1,1.0
2026-02-15 04:00,9.26,9.26,9.26,1,1.0
2026-02-15 05:00,9.44,9.44,9.44,1,1.0
2026-02-15 06:00,9.31,9.31,9.31,1,1.0
2026-02-15 07:00,8.98,8.98,8.98,1,1.0
2026-02-15 08:00,9.2,9.2,9.2,1,1.0
2026-02-15 09:00,9.74,9.74,9.74,1,1.0
2026-02-15 10:00,10.28,10.28,10.28,1,1.0
2026-02-15 11:00,10.89,10.89,10.89,1,1.0
2026-02-15 12:00,11.68,11.68,11.68,1,1.0
2026-02-15 13:00,11.96,11.96,11.96,1,1.0
2026-02-15 14:00,12.26,12.26,12.26,1,1.0
2026-02-15 15:00,12.15,12.15,12.15,1,1.0
2026-02-15 16:00,11.36,11.36,11.36,1,1.0
2026-02-15 17:00,10.58,10.58,10.58,1,1.0
2026-02-15 18:00,9.81,9.81,9.81,1,1.0
2026-02-15 19:00,9.24,9.24,9.24,1,1.0
2026-02-15 20:00,10.42,10.42,10.42,1,1.0
2026-02-15 21:00,9.68,9.68,9.68,1,1.0
2026-02-15 22:00,9.09,9.09,9.09,1,1.0
2026-02-15 23:00,8.63,8.63,8.63,1,1.0
2026-02-16 00:00,8.24,8.24,8.24,1,1.0
2026-02-16 01:00,7.85,7.85,7.85,1,1.0
2026-02-16 02:00,7.82,7.82,7.82,1,1.0
2026-02-16 03:00,7.81,7.81,7.81,1,1.0
2026-02-16 04:00,7.78,7.78,7.78,1,1.0
2026-02-16 05:00,7.74,7.74,7.74,1,1.0
2026-02-16 06:00,7.77,7.77,7.77,1,1.0
2026-02-16 07:00,7.74,7.74,7.74,1,1.0
2026-02-16 08:00,8.82,8.82,8.82,1,1.0
2026-02-16 09:00,10.07,10.07,10.07,1,1.0
2026-02-16 10:00,11.04,11.04,11.04,1,1.0
2026-02-16 11:00,11.75,11.75,11.75,1,1.0
2026-02-16 12:00,12.28,12.28,12.28,1,1.0
2026-02-16 13:00,12.32,12.32,12.32,1,1.0
2026-02-16 14:00,12.02,12.02,12.02,1,1.0
2026-02-16 15:00,11.61,11.61,11.61,1,1.0
2026-02-16 16:00,11.85,11.85,11.85,1,1.0
2026-02-16 17:00,11.9,11.9,11.9,1,1.0
2026-02-16 18:00,11.77,11.77,11.77,1,1.0
2026-02-16 19:00,11.26,11.26,11.26,1,1.0
2026-02-16 20:00,10.94,10.94,10.94,1,1.0
2026-02-16 21:00,10.93,10.93,10.93,1,1.0
2026-02-16 22:00,10.89,10.89,10.89,1,1.0
2026-02-16 23:00,10.88,10.88,10.88,1,1.0
2026-02-17 00:00,10.9,10.9,10.9,1,1.0
2026-02-17 01:00,10.84,10.84,10.84,1,1.0
2026-02-17 02:00,10.76,10.76,10.76,1,1.0
2026-02-17 03:00,10.17,10.17,10.17,1,1.0
2026-02-17 04:00,10.06,10.06,10.06,1,1.0
2026-02-17 05:00,9.88,9.88,9.88,1,1.0
2026-02-17 06:00,9.61,9.61,9.61,1,1.0
2026-02-17 07:00,9.09,9.09,9.09,1,1.0
2026-02-17 08:00,8.72,8.72,8.72,1,1.0
2026-02-17 09:00,9.69,9.69,9.69,1,1.0
2026-02-17 10:00,10.68,10.68,10.68,1,1.0
2026-02-17 11:00,11.0,11.0,11.0,1,1.0
2026-02-17 12:00,11.69,11.69,11.69,1,1.0
2026-02-17 13:00,12.33,12.33,12.33,1,1.0
2026-02-17 14:00,12.74,12.74,12.74,1,1.0
2026-02-17 15:00,12.99,12.99,12.99,1,1.0
2026-02-17 16:00,12.92,12.92,12.92,1,1.0
2026-02-17 17:00,11.82,11.82,11.82,1,1.0
2026-02-17 18:00,11.42,11.42,11.42,1,1.0
2026-02-17 19:00,9.95,9.95,9.95,1,1.0
2026-02-17 20:00,8.87,8.87,8.87,1,1.0
2026-02-17 21:00,8.06,8.06,8.06,1,1.0
2026-02-17 22:00,7.78,7.78,7.78,1,1.0
2026-02-17 23:00,7.13,7.13,7.13,1,1.0
2026-02-18 00:00,6.6,6.6,6.6,1,1.0
2026-02-18 01:00,6.53,6.53,6.53,1,1.0
2026-02-18 02:00,6.5,6.5,6.5,1,1.0
2026-02-18 03:00,6.21,6.21,6.21,1,1.0
2026-02-18 04:00,5.77,5.77,5.77,1,1.0
2026-02-18 05:00,5.92,5.92,5.92,1,1.0
2026-02-18 06:00,7.52,7.52,7.52,1,1.0
2026-02-18 07:00,8.47,8.47,8.47,1,1.0
2026-02-18 08:00,5.9,5.9,5.9,1,1.0
2026-02-18 09:00,9.47,9.47,9.47,1,1.0
2026-02-18 10:00,11.16,11.16,11.16,1,1.0
2026-02-18 11:00,12.12,12.12,12.12,1,1.0
2026-02-18 12:00,12.64,12.64,12.64,1,1.0
2026-02-18 13:00,12.88,12.88,12.88,1,1.0
2026-02-18 14:00,12.94,12.94,12.94,1,1.0
2026-02-18 15:00,12.67,12.67,12.67,1,1.0
2026-02-18 16:00,12.37,12.37,12.37,1,1.0
2026-02-18 17:00,11.93,11.93,11.93,1,1.0
2026-02-18 18:00,11.33,11.33,11.33,1,1.0
2026-02-18 19:00,10.99,10.99,10.99,1,1.0
2026-02-18 20:00,10.33,10.33,10.33,1,1.0
2026-02-18 21:00,10.1,10.1,10.1,1,1.0
2026-02-18 22:00,10.1,10.1,10.1,1,1.0
2026-02-18 23:00,10.18,10.18,10.18,1,1.0
2026-02-19 00:00,10.33,10.33,10.33,1,1.0
2026-02-19 01:00,10.32,10.32,10.32,1,1.0
2026-02-19 02:00,10.28,10.28,10.28,1,1.0
2026-02-19 03:00,10.19,10.19,10.19,1,1.0
2026-02-19 04:00,9.96,9.96,9.96,1,1.0
2026-02-19 05:00,9.96,9.96,9.96,1,1.0
2026-02-19 06:00,9.91,9.91,9.91,1,1.0
2026-02-19 07:00,9.98,9.98,9.98,1,1.0
2026-02-19 08:00,10.71,10.71,10.71,1,1.0
2026-02-19 09:00,11.18,11.18,11.18,1,1.0
2026-02-19 10:00,11.91,11.91,11.91,1,1.0
2026-02-19 11:00,12.83,12.83,12.83,1,1.0
2026-02-19 12:00,13.58,13.58,13.58,1,1.0
2026-02-19 13:00,13.96,13.96,13.96,1,1.0
2026-02-19 14:00,14.3,14.3,14.3,1,1.0
2026-02-19 15:00,14.1,14.1,14.1,1,1.0
2026-02-19 16:00,13.72,13.72,13.72,1,1.0
2026-02-19 17:00,12.87,12.87,12.87,1,1.0
2026-02-19 18:00,12.08,12.08,12.08,1,1.0
2026-02-19 19:00,11.47,11.47,11.47,1,1.0
2026-02-19 20:00,11.05,11.05,11.05,1,1.0
2026-02-19 21:00,10.09,10.09,10.09,1,1.0
2026-02-19 22:00,10.04,10.04,10.04,1,1.0
2026-02-19 23:00,10.18,10.18,10.18,1,1.0
2026-02-20 00:00,8.94,8.94,8.94,1,1.0
2026-02-20 01:00,8.53,8.53,8.53,1,1.0
2026-02-20 02:00,8.77,8.77,8.77,1,1.0
2026-02-20 03:00,9.02,9.02,9.02,1,1.0
2026-02-20 04:00,9.08,9.08,9.08,1,1.0
2026-02-20 05:00,8.57,8.57,8.57,1,1.0
2026-02-20 06:00,8.06,8.06,8.06,1,1.0
2026-02-20 07:00,8.35,8.35,8.35,1,1.0
2026-02-20 08:00,8.8,8.8,8.8,1,1.0
2026-02-20 09:00,10.01,10.01,10.01,1,1.0
2026-02-20 10:00,10.8,10.8,10.8,1,1.0
2026-02-20 11:00,11.51,11.51,11.51,1,1.0
2026-02-20 12:00,11.84,11.84,11.84,1,1.0
2026-02-20 13:00,12.13,12.13,12.13,1,1.0
2026-02-20 14:00,12.24,12.24,12.24,1,1.0
2026-02-20 15:00,12.18,12.18,12.18,1,1.0
2026-02-20 16:00,11.93,11.93,11.93,1,1.0
2026-02-20 17:00,11.01,11.01,11.01,1,1.0
2026-02-20 18:00,10.19,10.19,10.19,1,1.0
2026-02-20 19:00,9.0,9.0,9.0,1,1.0
2026-02-20 20:00,8.86,8.86,8.86,1,1.0
2026-02-20 21:00,7.92,7.92,7.92,1,1.0
2026-02-20 22:00,7.66,7.66,7.66,1,1.0
2026-02-20 23:00,8.1,8.1,8.1,1,1.0
2026-02-21 00:00,9.1,9.1,9.1,1,1.0
2026-02-21 01:00,8.86,8.86,8.86,1,1.0
2026-02-21 02:00,8.72,8.72,8.72,1,1.0
2026-02-21 03:00,8.28,8.28,8.28,1,1.0
2026-02-21 04:00,7.99,7.99,7.99,1,1.0
2026-02-21 05:00,8.03,8.03,8.03,1,1.0
2026-02-21 06:00,7.96,7.96,7.96,1,1.0
2026-02-21 07:00,7.85,7.85,7.85,1,1.0
2026-02-21 08:00,8.19,8.19,8.19,1,1.0
2026-02-21 09:00,8.95,8.95,8.95,1,1.0
2026-02-21 10:00,9.76,9.76,9.76,1,1.0
2026-02-21 11:00,10.63,10.63,10.63,1,1.0
2026-02-21 12:00,11.51,11.51,11.51,1,1.0
2026-02-21 13:00,12.23,12.23,12.23,1,1.0
2026-02-21 14:00,12.61,12.61,12.61,1,1.0
2026-02-21 15:00,12.74,12.74,12.74,1,1.0
2026-02-21 16:00,12.71,12.71,12.71,1,1.0
2026-02-21 17:00,12.27,12.27,12.27,1,1.0
2026-02-21 18:00,11.45,11.45,11.45,1,1.0
2026-02-21 19:00,10.72,10.72,10.72,1,1.0
2026-02-21 20:00,10.27,10.27,10.27,1,1.0
2026-02-21 21:00,9.56,9.56,9.56,1,1.0
2026-02-21 22:00,8.92,8.92,8.92,1,1.0
2026-02-21 23:00,8.4,8.4,8.4,1,1.0
2026-02-22 00:00,7.96,7.96,7.96,1,1.0
2026-02-22 01:00,7.78,7.78,7.78,1,1.0
2026-02-22 02:00,7.52,7.52,7.52,1,1.0
2026-02-22 03:00,7.26,7.26,7.26,1,1.0
2026-02-22 04:00,7.15,7.15,7.15,1,1.0
2026-02-22 05:00,7.12,7.12,7.12,1,1.0
2026-02-22 06:00,7.11,7.11,7.11,1,1.0
2026-02-22 07:00,7.09,7.09,7.09,1,1.0
2026-02-22 08:00,8.27,8.27,8.27,1,1.0
2026-02-22 09:00,10.26,10.26,10.26,1,1.0
2026-02-22 10:00,12.08,12.08,12.08,1,1.0
2026-02-22 11:00,13.33,13.33,13.33,1,1.0
2026-02-22 12:00,14.25,14.25,14.25,1,1.0
2026-02-22 13:00,14.84,14.84,14.84,1,1.0
2026-02-22 14:00,15.15,15.15,15.15,1,1.0
2026-02-22 15:00,15.08,15.08,15.08,1,1.0
2026-02-22 16:00,14.69,14.69,14.69,1,1.0
2026-02-22 17:00,13.92,13.92,13.92,1,1.0
2026-02-22 18:00,12.97,12.97,12.97,1,1.0
2026-02-22 19:00,12.26,12.26,12.26,1,1.0
2026-02-22 20:00,11.44,11.44,11.44,1,1.0
2026-02-22 21:00,10.48,10.48,10.48,1,1.0
2026-02-22 22:00,10.53,10.53,10.53,1,1.0
2026-02-22 23:00,10.61,10.61,10.61,1,1.0
2026-02-23 00:00,11.2,11.2,11.2,1,1.0
2026-02-23 01:00,10.91,10.91,10.91,1,1.0
2026-02-23 02:00,10.51,10.51,10.51,1,1.0
2026-02-23 03:00,10.37,10.37,10.37,1,1.0
2026-02-23 04:00,10.26,10.26,10.26,1,1.0
2026-02-23 05:00,10.13,10.13,10.13,1,1.0
2026-02-23 06:00,9.6,9.6,9.6,1,1.0
2026-02-23 07:00,7.85,7.85,7.85,1,1.0
2026-02-23 08:00,7.68,7.68,7.68,1,1.0
2026-02-23 09:00,11.02,11.02,11.02,1,1.0
2026-02-23 10:00,12.02,12.02,12.02,1,1.0
2026-02-23 11:00,12.63,12.63,12.63,1,1.0
2026-02-23 12:00,12.98,12.98,12.98,1,1.0
2026-02-23 13:00,13.14,13.14,13.14,1,1.0
2026-02-23 14:00,13.08,13.08,13.08,1,1.0
2026-02-23 15:00,12.93,12.93,12.93,1,1.0
2026-02-23 16:00,12.53,12.53,12.53,1,1.0
2026-02-23 17:00,12.09,12.09,12.09,1,1.0
2026-02-23 18:00,11.58,11.58,11.58,1,1.0
2026-02-23 19:00,11.3,11.3,11.3,1,1.0
2026-02-23 20:00,10.86,10.86,10.86,1,1.0
2026-02-23 21:00,10.47,10.47,10.47,1,1.0
2026-02-23 22:00,10.35,10.35,10.35,1,1.0
2026-02-23 23:00,10.3,10.3,10.3,1,1.0
2026-02-24 00:00,10.14,10.14,10.14,1,1.0
2026-02-24 01:00,10.05,10.05,10.05,1,1.0
2026-02-24 02:00,9.88,9.88,9.88,1,1.0
2026-02-24 03:00,9.8,9.8,9.8,1,1.0
2026-02-24 04:00,9.75,9.75,9.75,1,1.0
2026-02-24 05:00,9.66,9.66,9.66,1,1.0
2026-02-24 06:00,9.43,9.43,9.43,1,1.0
2026-02-24 07:00,9.34,9.34,9.34,1,1.0
2026-02-24 08:00,10.15,10.15,10.15,1,1.0
2026-02-24 09:00,10.94,10.94,10.94,1,1.0
2026-02-24 10:00,11.71,11.71,11.71,1,1.0
2026-02-24 11:00,12.3,12.3,12.3,1,1.0
2026-02-24 12:00,12.86,12.86,12.86,1,1.0
2026-02-24 13:00,13.12,13.12,13.12,1,1.0
2026-02-24 14:00,13.25,13.25,13.25,1,1.0
2026-02-24 15:00,13.21,13.21,13.21,1,1.0
2026-02-24 16:00,12.94,12.94,12.94,1,1.0
2026-02-24 17:00,12.43,12.43,12.43,1,1.0
2026-02-24 18:00,11.82,11.82,11.82,1,1.0
2026-02-24 19:00,11.28,11.28,11.28,1,1.0
2026-02-24 20:00,10.98,10.98,10.98,1,1.0
2026-02-24 21:00,11.47,11.47,11.47,1,1.0
2026-02-24 22:00,11.38,11.38,11.38,1,1.0
2026-02-24 23:00,10.49,10.49,10.49,1,1.0
2026-02-25 00:00,9.16,9.16,9.16,1,1.0
2026-02-25 01:00,8.71,8.71,8.71,1,1.0
2026-02-25 02:00,8.61,8.61,8.61,1,1.0
2026-02-25 03:00,8.01,8.01,8.01,1,1.0
2026-02-25 04:00,7.24,7.24,7.24,1,1.0
2026-02-25 05:00,6.84,6.84,6.84,1,1.0
2026-02-25 06:00,7.08,7.08,7.08,1,1.0
2026-02-25 07:00,7.69,7.69,7.69,1,1.0
2026-02-25 08:00,9.11,9.11,9.11,1,1.0
2026-02-25 09:00,11.1,11.1,11.1,1,1.0
2026-02-25 10:00,13.21,13.21,13.21,1,1.0
2026-02-25 11:00,14.68,14.68,14.68,1,1.0
2026-02-25 12:00,15.58,15.58,15.58,1,1.0
2026-02-25 13:00,16.06,16.06,16.06,1,1.0
2026-02-25 14:00,16.21,16.21,16.21,1,1.0
2026-02-25 15:00,16.09,16.09,16.09,1,1.0
2026-02-25 16:00,15.71,15.71,15.71,1,1.0
2026-02-25 17:00,14.95,14.95,14.95,1,1.0
2026-02-25 18:00,14.03,14.03,14.03,1,1.0
2026-02-25 19:00,12.9,12.9,12.9,1,1.0
2026-02-25 20:00,12.56,12.56,12.56,1,1.0
2026-02-25 21:00,11.52,11.52,11.52,1,1.0
2026-02-25 22:00,10.39,10.39,10.39,1,1.0
2026-02-25 23:00,9.62,9.62,9.62,1,1.0
2026-02-26 00:00,9.06,9.06,9.06,1,1.0
2026-02-26 01:00,8.51,8.51,8.51,1,1.0
2026-02-26 02:00,7.95,7.95,7.95,1,1.0
2026-02-26 03:00,7.66,7.66,7.66,1,1.0
2026-02-26 04:00,7.53,7.53,7.53,1,1.0
2026-02-26 05:00,7.44,7.44,7.44,1,1.0
2026-02-26 06:00,7.41,7.41,7.41,1,1.0
2026-02-26 07:00,7.54,7.54,7.54,1,1.0
2026-02-26 08:00,8.93,8.93,8.93,1,1.0
2026-02-26 09:00,11.58,11.58,11.58,1,1.0
2026-02-26 10:00,14.03,14.03,14.03,1,1.0
2026-02-26 11:00,15.34,15.34,15.34,1,1.0
2026-02-26 12:00,15.97,15.97,15.97,1,1.0
2026-02-26 13:00,16.16,16.16,16.16,1,1.0
2026-02-26 14:00,16.15,16.15,16.15,1,1.0
2026-02-26 15:00,15.99,15.99,15.99,1,1.0
2026-02-26 16:00,15.53,15.53,15.53,1,1.0
2026-02-26 17:00,14.81,14.81,14.81,1,1.0
2026-02-26 18:00,13.84,13.84,13.84,1,1.0
2026-02-26 19:00,12.74,12.74,12.74,1,1.0
2026-02-26 20:00,12.39,12.39,12.39,1,1.0
2026-02-26 21:00,12.4,12.4,12.4,1,1.0
2026-02-26 22:00,12.14,12.14,12.14,1,1.0
2026-02-26 23:00,11.84,11.84,11.84,1,1.0
2026-02-27 00:00,11.22,11.22,11.22,1,1.0
2026-02-27 01:00,10.28,10.28,10.28,1,1.0
2026-02-27 02:00,8.67,8.67,8.67,1,1.0
2026-02-27 03:00,7.81,7.81,7.81,1,1.0
2026-02-27 04:00,7.6,7.6,7.6,1,1.0
2026-02-27 05:00,7.74,7.74,7.74,1,1.0
2026-02-27 06:00,8.33,8.33,8.33,1,1.0
2026-02-27 07:00,8.63,8.63,8.63,1,1.0
2026-02-27 08:00,9.46,9.46,9.46,1,1.0
2026-02-27 09:00,10.43,10.43,10.43,1,1.0
2026-02-27 10:00,11.66,11.66,11.66,1,1.0
2026-02-27 11:00,13.01,13.01,13.01,1,1.0
2026-02-27 12:00,13.82,13.82,13.82,1,1.0
2026-02-27 13:00,14.23,14.23,14.23,1,1.0
2026-02-27 14:00,14.43,14.43,14.43,1,1.0
2026-02-27 15:00,14.25,14.25,14.25,1,1.0
2026-02-27 16:00,13.78,13.78,13.78,1,1.0
2026-02-27 17:00,13.19,13.19,13.19,1,1.0
2026-02-27 18:00,12.35,12.35,12.35,1,1.0
2026-02-27 19:00,11.56,11.56,11.56,1,1.0
2026-02-27 20:00,10.52,10.52,10.52,1,1.0
2026-02-27 21:00,9.94,9.94,9.94,1,1.0
2026-02-27 22:00,9.62,9.62,9.62,1,1.0
2026-02-27 23:00,9.87,9.87,9.87,1,1.0
2026-02-28 00:00,9.94,9.94,9.94,1,1.0
2026-02-28 01:00,8.36,8.36,8.36,1,1.0
2026-02-28 02:00,8.09,8.09,8.09,1,1.0
2026-02-28 03:00,8.27,8.27,8.27,1,1.0
2026-02-28 04:00,8.24,8.24,8.24,1,1.0
2026-02-28 05:00,8.15,8.15,8.15,1,1.0
2026-02-28 06:00,7.9,7.9,7.9,1,1.0
2026-02-28 07:00,7.8,7.8,7.8,1,1.0
2026-02-28 08:00,8.26,8.26,8.26,1,1.0
2026-02-28 09:00,10.04,10.04,10.04,1,1.0
2026-02-28 10:00,11.5,11.5,11.5,1,1.0
2026-02-28 11:00,12.51,12.51,12.51,1,1.0
2026-02-28 12:00,13.32,13.32,13.32,1,1.0
2026-02-28 13:00,13.88,13.88,13.88,1,1.0
2026-02-28 14:00,14.12,14.12,14.12,1,1.0
2026-02-28 15:00,13.99,13.99,13.99,1,1.0
2026-02-28 16:00,13.58,13.58,13.58,1,1.0
2026-02-28 17:00,12.92,12.92,12.92,1,1.0
2026-02-28 18:00,12.13,12.13,12.13,1,1.0
2026-02-28 19:00,11.13,11.13,11.13,1,1.0
2026-02-28 20:00,9.89,9.89,9.89,1,1.0
2026-02-28 21:00,10.07,10.07,10.07,1,1.0
2026-02-28 22:00,10.82,10.82,10.82,1,1.0
2026-02-28 23:00,10.72,10.72,10.72,1,1.0
2026-03-01 00:00,9.79,9.79,9.79,1,1.0
2026-03-01 01:00,8.14,8.14,8.14,1,1.0
2026-03-01 02:00,7.77,7.77,7.77,1,1.0
2026-03-01 03:00,7.51,7.51,7.51,1,1.0
2026-03-01 04:00,7.35,7.35,7.35,1,1.0
2026-03-01 05:00,7.52,7.52,7.52,1,1.0
2026-03-01 06:00,7.26,7.26,7.26,1,1.0
2026-03-01 07:00,7.05,7.05,7.05,1,1.0
2026-03-01 08:00,8.39,8.39,8.39,1,1.0
2026-03-01 09:00,10.31,10.31,10.31,1,1.0
2026-03-01 10:00,12.06,12.06,12.06,1,1.0
2026-03-01 11:00,13.21,13.21,13.21,1,1.0
2026-03-01 12:00,13.86,13.86,13.86,1,1.0
2026-03-01 13:00,13.98,13.98,13.98,1,1.0
2026-03-01 14:00,13.91,13.91,13.91,1,1.0
2026-03-01 15:00,13.84,13.84,13.84,1,1.0
2026-03-01 16:00,13.4,13.4,13.4,1,1.0
2026-03-01 17:00,12.73,12.73,12.73,1,1.0
2026-03-01 18:00,11.94,11.94,11.94,1,1.0
2026-03-01 19:00,11.52,11.52,11.52,1,1.0
2026-03-01 20:00,11.61,11.61,11.61,1,1.0
2026-03-01 21:00,11.35,11.35,11.35,1,1.0
2026-03-01 22:00,11.1,11.1,11.1,1,1.0
2026-03-01 23:00,10.96,10.96,10.96,1,1.0
2026-03-02 00:00,10.72,10.72,10.72,1,1.0
2026-03-02 01:00,8.53,8.53,8.53,1,1.0
2026-03-02 02:00,8.02,8.02,8.02,1,1.0
2026-03-02 03:00,8.3,8.3,8.3,1,1.0
2026-03-02 04:00,7.91,7.91,7.91,1,1.0
2026-03-02 05:00,8.28,8.28,8.28,1,1.0
2026-03-02 06:00,8.19,8.19,8.19,1,1.0
2026-03-02 07:00,8.14,8.14,8.14,1,1.0
2026-03-02 08:00,9.54,9.54,9.54,1,1.0
2026-03-02 09:00,10.22,10.22,10.22,1,1.0
2026-03-02 10:00,11.03,11.03,11.03,1,1.0
2026-03-02 11:00,12.08,12.08,12.08,1,1.0
2026-03-02 12:00,12.99,12.99,12.99,1,1.0
2026-03-02 13:00,13.34,13.34,13.34,1,1.0
2026-03-02 14:00,13.29,13.29,13.29,1,1.0
2026-03-02 15:00,13.39,13.39,13.39,1,1.0
2026-03-02 16:00,13.23,13.23,13.23,1,1.0
2026-03-02 17:00,12.84,12.84,12.84,1,1.0
2026-03-02 18:00,12.23,12.23,12.23,1,1.0
2026-03-02 19:00,11.38,11.38,11.38,1,1.0
2026-03-02 20:00,10.45,10.45,10.45,1,1.0
2026-03-02 21:00,9.92,9.92,9.92,1,1.0
2026-03-02 22:00,9.46,9.46,9.46,1,1.0
2026-03-02 23:00,9.11,9.11,9.11,1,1.0
2026-03-03 00:00,8.84,8.84,8.84,1,1.0
2026-03-03 01:00,8.32,8.32,8.32,1,1.0
2026-03-03 02:00,7.92,7.92,7.92,1,1.0
2026-03-03 03:00,7.61,7.61,7.61,1,1.0
2026-03-03 04:00,7.21,7.21,7.21,1,1.0
2026-03-03 05:00,6.9,6.9,6.9,1,1.0
2026-03-03 06:00,6.68,6.68,6.68,1,1.0
2026-03-03 07:00,6.43,6.43,6.43,1,1.0
2026-03-03 08:00,8.77,8.77,8.77,1,1.0
2026-03-03 09:00,11.88,11.88,11.88,1,1.0
2026-03-03 10:00,13.58,13.58,13.58,1,1.0
2026-03-03 11:00,14.76,14.76,14.76,1,1.0
2026-03-03 12:00,15.61,15.61,15.61,1,1.0
2026-03-03 13:00,16.05,16.05,16.05,1,1.0
2026-03-03 14:00,16.13,16.13,16.13,1,1.0
2026-03-03 15:00,15.85,15.85,15.85,1,1.0
2026-03-03 16:00,15.41,15.41,15.41,1,1.0
2026-03-03 17:00,14.92,14.92,14.92,1,1.0
2026-03-03 18:00,14.16,14.16,14.16,1,1.0
2026-03-03 19:00,13.98,13.98,13.98,1,1.0
2026-03-03 20:00,12.31,12.31,12.31,1,1.0
2026-03-03 21:00,11.02,11.02,11.02,1,1.0
2026-03-03 22:00,11.3,11.3,11.3,1,1.0
2026-03-03 23:00,10.13,10.13,10.13,1,1.0
2026-03-04 00:00,8.89,8.89,8.89,1,1.0
2026-03-04 01:00,9.12,9.12,9.12,1,1.0
2026-03-04 02:00,9.22,9.22,9.22,1,1.0
2026-03-04 03:00,9.2,9.2,9.2,1,1.0
2026-03-04 04:00,9.4,9.4,9.4,1,1.0
2026-03-04 05:00,9.08,9.08,9.08,1,1.0
2026-03-04 06:00,8.87,8.87,8.87,1,1.0
2026-03-04 07:00,8.97,8.97,8.97,1,1.0
2026-03-04 08:00,9.78,9.78,9.78,1,1.0
2026-03-04 09:00,11.73,11.73,11.73,1,1.0
2026-03-04 10:00,13.69,13.69,13.69,1,1.0
2026-03-04 11:00,14.82,14.82,14.82,1,1.0
2026-03-04 12:00,15.3,15.3,15.3,1,1.0
2026-03-04 13:00,15.51,15.51,15.51,1,1.0
2026-03-04 14:00,15.37,15.37,15.37,1,1.0
2026-03-04 15:00,15.25,15.25,15.25,1,1.0
2026-03-04 16:00,14.8,14.8,14.8,1,1.0
2026-03-04 17:00,14.45,14.45,14.45,1,1.0
2026-03-04 18:00,13.69,13.69,13.69,1,1.0
2026-03-04 19:00,13.96,13.96,13.96,1,1.0
2026-03-04 20:00,13.02,13.02,13.02,1,1.0
2026-03-04 21:00,12.93,12.93,12.93,1,1.0
2026-03-04 22:00,10.86,10.86,10.86,1,1.0
2026-03-04 23:00,10.0,10.0,10.0,1,1.0
2026-03-05 00:00,10.42,10.42,10.42,1,1.0
2026-03-05 01:00,10.53,10.53,10.53,1,1.0
2026-03-05 02:00,10.52,10.52,10.52,1,1.0
2026-03-05 03:00,10.41,10.41,10.41,1,1.0
2026-03-05 04:00,10.16,10.16,10.16,1,1.0
2026-03-05 05:00,9.86,9.86,9.86,1,1.0
2026-03-05 06:00,9.53,9.53,9.53,1,1.0
2026-03-05 07:00,9.29,9.29,9.29,1,1.0
2026-03-05 08:00,9.98,9.98,9.98,1,1.0
2026-03-05 09:00,11.74,11.74,11.74,1,1.0
2026-03-05 10:00,13.62,13.62,13.62,1,1.0
2026-03-05 11:00,14.96,14.96,14.96,1,1.0
2026-03-05 12:00,16.01,16.01,16.01,1,1.0
2026-03-05 13:00,16.7,16.7,16.7,1,1.0
2026-03-05 14:00,16.94,16.94,16.94,1,1.0
2026-03-05 15:00,16.97,16.97,16.97,1,1.0
2026-03-05 16:00,16.65,16.65,16.65,1,1.0
2026-03-05 17:00,15.97,15.97,15.97,1,1.0
2026-03-05 18:00,14.99,14.99,14.99,1,1.0
2026-03-05 19:00,13.35,13.35,13.35,1,1.0
2026-03-05 20:00,12.4,12.4,12.4,1,1.0
2026-03-05 21:00,11.71,11.71,11.71,1,1.0
2026-03-05 22:00,11.66,11.66,11.66,1,1.0
2026-03-05 23:00,11.32,11.32,11.32,1,1.0
2026-03-06 00:00,10.87,10.87,10.87,1,1.0
2026-03-06 01:00,10.4,10.4,10.4,1,1.0
2026-03-06 02:00,10.12,10.12,10.12,1,1.0
2026-03-06 03:00,9.59,9.59,9.59,1,1.0
2026-03-06 04:00,9.36,9.36,9.36,1,1.0
2026-03-06 05:00,9.19,9.19,9.19,1,1.0
2026-03-06 06:00,8.91,8.91,8.91,1,1.0
2026-03-06 07:00,8.72,8.72,8.72,1,1.0
2026-03-06 08:00,10.43,10.43,10.43,1,1.0
2026-03-06 09:00,11.54,11.54,11.54,1,1.0
2026-03-06 10:00,12.79,12.79,12.79,1,1.0
2026-03-06 11:00,14.08,14.08,14.08,1,1.0
2026-03-06 12:00,15.08,15.08,15.08,1,1.0
2026-03-06 13:00,15.7,15.7,15.7,1,1.0
2026-03-06 14:00,16.17,16.17,16.17,1,1.0
2026-03-06 15:00,16.08,16.08,16.08,1,1.0
2026-03-06 16:00,15.6,15.6,15.6,1,1.0
2026-03-06 17:00,14.82,14.82,14.82,1,1.0
2026-03-06 18:00,13.95,13.95,13.95,1,1.0
2026-03-06 19:00,13.47,13.47,13.47,1,1.0
2026-03-06 20:00,14.02,14.02,14.02,1,1.0
2026-03-06 21:00,13.04,13.04,13.04,1,1.0
2026-03-06 22:00,12.36,12.36,12.36,1,1.0
2026-03-06 23:00,10.38,10.38,10.38,1,1.0
2026-03-07 00:00,10.44,10.44,10.44,1,1.0
2026-03-07 01:00,10.66,10.66,10.66,1,1.0
2026-03-07 02:00,10.7,10.7,10.7,1,1.0
2026-03-07 03:00,10.69,10.69,10.69,1,1.0
2026-03-07 04:00,10.72,10.72,10.72,1,1.0
2026-03-07 05:00,10.59,10.59,10.59,1,1.0
2026-03-07 06:00,10.46,10.46,10.46,1,1.0
2026-03-07 07:00,10.38,10.38,10.38,1,1.0
2026-03-07 08:00,10.99,10.99,10.99,1,1.0
2026-03-07 09:00,11.65,11.65,11.65,1,1.0
2026-03-07 10:00,12.47,12.47,12.47,1,1.0
2026-03-07 11:00,13.52,13.52,13.52,1,1.0
2026-03-07 12:00,14.65,14.65,14.65,1,1.0
2026-03-07 13:00,15.33,15.33,15.33,1,1.0
2026-03-07 14:00,15.5,15.5,15.5,1,1.0
2026-03-07 15:00,15.18,15.18,15.18,1,1.0
2026-03-07 16:00,15.0,15.0,15.0,1,1.0
2026-03-07 17:00,14.53,14.53,14.53,1,1.0
2026-03-07 18:00,13.55,13.55,13.55,1,1.0
2026-03-07 19:00,12.53,12.53,12.53,1,1.0
2026-03-07 20:00,12.75,12.75,12.75,1,1.0
2026-03-07 21:00,13.24,13.24,13.24,1,1.0
2026-03-07 22:00,12.24,12.24,12.24,1,1.0
2026-03-07 23:00,11.03,11.03,11.03,1,1.0
2026-03-08 00:00,10.09,10.09,10.09,1,1.0
2026-03-08 01:00,9.31,9.31,9.31,1,1.0
2026-03-08 02:00,8.74,8.74,8.74,1,1.0
2026-03-08 03:00,8.4,8.4,8.4,1,1.0
2026-03-08 04:00,8.4,8.4,8.4,1,1.0
2026-03-08 05:00,8.92,8.92,8.92,1,1.0
2026-03-08 06:00,8.88,8.88,8.88,1,1.0
2026-03-08 07:00,8.67,8.67,8.67,1,1.0
2026-03-08 08:00,10.57,10.57,10.57,1,1.0
2026-03-08 09:00,12.47,12.47,12.47,1,1.0
2026-03-08 10:00,14.02,14.02,14.02,1,1.0
2026-03-08 11:00,15.13,15.13,15.13,1,1.0
2026-03-08 12:00,15.81,15.81,15.81,1,1.0
2026-03-08 13:00,16.05,16.05,16.05,1,1.0
2026-03-08 14:00,15.82,15.82,15.82,1,1.0
2026-03-08 15:00,15.31,15.31,15.31,1,1.0
2026-03-08 16:00,14.77,14.77,14.77,1,1.0
2026-03-08 17:00,13.89,13.89,13.89,1,1.0
2026-03-08 18:00,13.44,13.44,13.44,1,1.0
2026-03-08 19:00,12.94,12.94,12.94,1,1.0
2026-03-08 20:00,12.5,12.5,12.5,1,1.0
2026-03-08 21:00,11.69,11.69,11.69,1,1.0
2026-03-08 22:00,11.33,11.33,11.33,1,1.0
2026-03-08 23:00,11.11,11.11,11.11,1,1.0
2026-03-09 00:00,10.89,10.89,10.89,1,1.0
2026-03-09 01:00,10.46,10.46,10.46,1,1.0
2026-03-09 02:00,9.97,9.97,9.97,1,1.0
2026-03-09 03:00,9.84,9.84,9.84,1,1.0
2026-03-09 04:00,9.53,9.53,9.53,1,1.0
2026-03-09 05:00,9.17,9.17,9.17,1,1.0
2026-03-09 06:00,8.87,8.87,8.87,1,1.0
2026-03-09 07:00,8.89,8.89,8.89,1,1.0
2026-03-09 08:00,9.85,9.85,9.85,1,1.0
2026-03-09 09:00,11.5,11.5,11.5,1,1.0
2026-03-09 10:00,12.93,12.93,12.93,1,1.0
2026-03-09 11:00,14.38,14.38,14.38,1,1.0
2026-03-09 12:00,15.24,15.24,15.24,1,1.0
2026-03-09 13:00,15.7,15.7,15.7,1,1.0
2026-03-09 14:00,15.62,15.62,15.62,1,1.0
2026-03-09 15:00,15.47,15.47,15.47,1,1.0
2026-03-09 16:00,15.2,15.2,15.2,1,1.0
2026-03-09 17:00,14.81,14.81,14.81,1,1.0
2026-03-09 18:00,13.96,13.96,13.96,1,1.0
2026-03-09 19:00,13.36,13.36,13.36,1,1.0
2026-03-09 20:00,11.98,11.98,11.98,1,1.0
2026-03-09 21:00,11.62,11.62,11.62,1,1.0
2026-03-09 22:00,10.98,10.98,10.98,1,1.0
2026-03-09 23:00,9.67,9.67,9.67,1,1.0
2026-03-10 00:00,8.72,8.72,8.72,1,1.0
2026-03-10 01:00,8.1,8.1,8.1,1,1.0
2026-03-10 02:00,7.83,7.83,7.83,1,1.0
2026-03-10 03:00,7.9,7.9,7.9,1,1.0
2026-03-10 04:00,8.05,8.05,8.05,1,1.0
2026-03-10 05:00,8.35,8.35,8.35,1,1.0
2026-03-10 06:00,8.12,8.12,8.12,1,1.0
2026-03-10 07:00,7.98,7.98,7.98,1,1.0
2026-03-10 08:00,8.96,8.96,8.96,1,1.0
2026-03-10 09:00,11.81,11.81,11.81,1,1.0
2026-03-10 10:00,13.71,13.71,13.71,1,1.0
2026-03-10 11:00,14.83,14.83,14.83,1,1.0
2026-03-10 12:00,15.28,15.28,15.28,1,1.0
2026-03-10 13:00,15.47,15.47,15.47,1,1.0
2026-03-10 14:00,15.49,15.49,15.49,1,1.0
2026-03-10 15:00,15.33,15.33,15.33,1,1.0
2026-03-10 16:00,14.7,14.7,14.7,1,1.0
2026-03-10 17:00,14.19,14.19,14.19,1,1.0
2026-03-10 18:00,13.4,13.4,13.4,1,1.0
2026-03-10 19:00,12.9,12.9,12.9,1,1.0
2026-03-10 20:00,13.04,13.04,13.04,1,1.0
2026-03-10 21:00,12.68,12.68,12.68,1,1.0
2026-03-10 22:00,12.3,12.3,12.3,1,1.0
2026-03-10 23:00,11.01,11.01,11.01,1,1.0
2026-03-11 00:00,9.84,9.84,9.84,1,1.0
2026-03-11 01:00,9.31,9.31,9.31,1,1.0
2026-03-11 02:00,8.95,8.95,8.95,1,1.0
2026-03-11 03:00,8.65,8.65,8.65,1,1.0
2026-03-11 04:00,8.32,8.32,8.32,1,1.0
2026-03-11 05:00,7.19,7.19,7.19,1,1.0
2026-03-11 06:00,6.25,6.25,6.25,1,1.0
2026-03-11 07:00,6.66,6.66,6.66,1,1.0
2026-03-11 08:00,11.15,11.15,11.15,1,1.0
2026-03-11 09:00,13.34,13.34,13.34,1,1.0
2026-03-11 10:00,14.3,14.3,14.3,1,1.0
2026-03-11 11:00,14.99,14.99,14.99,1,1.0
2026-03-11 12:00,15.43,15.43,15.43,1,1.0
2026-03-11 13:00,15.33,15.33,15.33,1,1.0
2026-03-11 14:00,15.23,15.23,15.23,1,1.0
2026-03-11 15:00,14.77,14.77,14.77,1,1.0
2026-03-11 16:00,14.36,14.36,14.36,1,1.0
2026-03-11 17:00,13.79,13.79,13.79,1,1.0
2026-03-11 18:00,13.26,13.26,13.26,1,1.0
2026-03-11 19:00,13.06,13.06,13.06,1,1.0
2026-03-11 20:00,13.02,13.02,13.02,1,1.0
2026-03-11 21:00,12.54,12.54,12.54,1,1.0
2026-03-11 22:00,12.3,12.3,12.3,1,1.0
2026-03-11 23:00,11.98,11.98,11.98,1,1.0
2026-03-12 00:00,11.69,11.69,11.69,1,1.0
2026-03-12 01:00,11.54,11.54,11.54,1,1.0
2026-03-12 02:00,11.28,11.28,11.28,1,1.0
2026-03-12 03:00,10.88,10.88,10.88,1,1.0
2026-03-12 04:00,10.55,10.55,10.55,1,1.0
2026-03-12 05:00,9.49,9.49,9.49,1,1.0
2026-03-12 06:00,8.87,8.87,8.87,1,1.0
2026-03-12 07:00,9.32,9.32,9.32,1,1.0
2026-03-12 08:00,11.05,11.05,11.05,1,1.0
2026-03-12 09:00,12.14,12.14,12.14,1,1.0
2026-03-12 10:00,13.14,13.14,13.14,1,1.0
2026-03-12 11:00,13.95,13.95,13.95,1,1.0
2026-03-12 12:00,14.47,14.47,14.47,1,1.0
2026-03-12 13:00,14.53,14.53,14.53,1,1.0
2026-03-12 14:00,14.51,14.51,14.51,1,1.0
2026-03-12 15:00,13.71,13.71,13.71,1,1.0
2026-03-12 16:00,13.33,13.33,13.33,1,1.0
2026-03-12 17:00,13.12,13.12,13.12,1,1.0
2026-03-12 18:00,12.62,12.62,12.62,1,1.0
2026-03-12 19:00,11.71,11.71,11.71,1,1.0
2026-03-12 20:00,12.03,12.03,12.03,1,1.0
2026-03-12 21:00,12.0,12.0,12.0,1,1.0
2026-03-12 22:00,11.7,11.7,11.7,1,1.0
2026-03-12 23:00,11.47,11.47,11.47,1,1.0
2026-03-13 00:00,11.17,11.17,11.17,1,1.0
2026-03-13 01:00,9.55,9.55,9.55,1,1.0
2026-03-13 02:00,8.98,8.98,8.98,1,1.0
2026-03-13 03:00,9.38,9.38,9.38,1,1.0
2026-03-13 04:00,9.46,9.46,9.46,1,1.0
2026-03-13 05:00,9.23,9.23,9.23,1,1.0
2026-03-13 06:00,8.88,8.88,8.88,1,1.0
2026-03-13 07:00,8.72,8.72,8.72,1,1.0
2026-03-13 08:00,9.6,9.6,9.6,1,1.0
2026-03-13 09:00,11.48,11.48,11.48,1,1.0
2026-03-13 10:00,13.17,13.17,13.17,1,1.0
2026-03-13 11:00,14.31,14.31,14.31,1,1.0
2026-03-13 12:00,14.92,14.92,14.92,1,1.0
2026-03-13 13:00,15.33,15.33,15.33,1,1.0
2026-03-13 14:00,15.06,15.06,15.06,1,1.0
2026-03-13 15:00,14.01,14.01,14.01,1,1.0
2026-03-13 16:00,13.61,13.61,13.61,1,1.0
2026-03-13 17:00,13.41,13.41,13.41,1,1.0
2026-03-13 18:00,13.04,13.04,13.04,1,1.0
2026-03-13 19:00,11.93,11.93,11.93,1,1.0
2026-03-13 20:00,11.52,11.52,11.52,1,1.0
2026-03-13 21:00,11.98,11.98,11.98,1,1.0
2026-03-13 22:00,11.87,11.87,11.87,1,1.0
2026-03-13 23:00,11.43,11.43,11.43,1,1.0
2026-03-14 00:00,10.84,10.84,10.84,1,1.0
2026-03-14 01:00,9.27,9.27,9.27,1,1.0
2026-03-14 02:00,7.95,7.95,7.95,1,1.0
2026-03-14 03:00,7.29,7.29,7.29,1,1.0
2026-03-14 04:00,7.03,7.03,7.03,1,1.0
2026-03-14 05:00,6.94,6.94,6.94,1,1.0
2026-03-14 06:00,6.73,6.73,6.73,1,1.0
2026-03-14 07:00,6.83,6.83,6.83,1,1.0
2026-03-14 08:00,9.43,9.43,9.43,1,1.0
2026-03-14 09:00,11.51,11.51,11.51,1,1.0
2026-03-14 10:00,12.66,12.66,12.66,1,1.0
2026-03-14 11:00,13.37,13.37,13.37,1,1.0
2026-03-14 12:00,13.62,13.62,13.62,1,1.0
2026-03-14 13:00,13.8,13.8,13.8,1,1.0
2026-03-14 14:00,13.36,13.36,13.36,1,1.0
2026-03-14 15:00,13.08,13.08,13.08,1,1.0
2026-03-14 16:00,12.35,12.35,12.35,1,1.0
2026-03-14 17:00,11.73,11.73,11.73,1,1.0
2026-03-14 18:00,11.16,11.16,11.16,1,1.0
2026-03-14 19:00,10.63,10.63,10.63,1,1.0
2026-03-14 20:00,10.74,10.74,10.74,1,1.0
2026-03-14 21:00,10.45,10.45,10.45,1,1.0
2026-03-14 22:00,10.36,10.36,10.36,1,1.0
2026-03-14 23:00,10.35,10.35,10.35,1,1.0
2026-03-15 00:00,10.35,10.35,10.35,1,1.0
2026-03-15 01:00,10.2,10.2,10.2,1,1.0
2026-03-15 02:00,10.25,10.25,10.25,1,1.0
2026-03-15 03:00,10.09,10.09,10.09,1,1.0
2026-03-15 04:00,9.91,9.91,9.91,1,1.0
2026-03-15 05:00,9.7,9.7,9.7,1,1.0
2026-03-15 06:00,9.44,9.44,9.44,1,1.0
2026-03-15 07:00,9.47,9.47,9.47,1,1.0
2026-03-15 08:00,11.35,11.35,11.35,1,1.0
2026-03-15 09:00,12.79,12.79,12.79,1,1.0
2026-03-15 10:00,13.95,13.95,13.95,1,1.0
2026-03-15 11:00,14.95,14.95,14.95,1,1.0
2026-03-15 12:00,15.51,15.51,15.51,1,1.0
2026-03-15 13:00,15.91,15.91,15.91,1,1.0
2026-03-15 14:00,16.2,16.2,16.2,1,1.0
2026-03-15 15:00,16.09,16.09,16.09,1,1.0
2026-03-15 16:00,15.96,15.96,15.96,1,1.0
2026-03-15 17:00,15.46,15.46,15.46,1,1.0
2026-03-15 18:00,14.5,14.5,14.5,1,1.0
2026-03-15 19:00,13.77,13.77,13.77,1,1.0
2026-03-15 20:00,13.35,13.35,13.35,1,1.0
2026-03-15 21:00,12.92,12.92,12.92,1,1.0
2026-03-15 22:00,12.44,12.44,12.44,1,1.0
2026-03-15 23:00,12.04,12.04,12.04,1,1.0
2026-03-16 00:00,11.88,11.88,11.88,1,1.0
2026-03-16 01:00,11.78,11.78,11.78,1,1.0
2026-03-16 02:00,11.68,11.68,11.68,1,1.0
2026-03-16 03:00,11.66,11.66,11.66,1,1.0
2026-03-16 04:00,11.57,11.57,11.57,1,1.0
2026-03-16 05:00,11.52,11.52,11.52,1,1.0
2026-03-16 06:00,11.5,11.5,11.5,1,1.0
2026-03-16 07:00,11.67,11.67,11.67,1,1.0
2026-03-16 08:00,12.19,12.19,12.19,1,1.0
2026-03-16 09:00,12.84,12.84,12.84,1,1.0
2026-03-16 10:00,13.62,13.62,13.62,1,1.0
2026-03-16 11:00,14.7,14.7,14.7,1,1.0
2026-03-16 12:00,15.89,15.89,15.89,1,1.0
2026-03-16 13:00,16.18,16.18,16.18,1,1.0
2026-03-16 14:00,16.36,16.36,16.36,1,1.0
2026-03-16 15:00,15.81,15.81,15.81,1,1.0
2026-03-16 16:00,15.16,15.16,15.16,1,1.0
2026-03-16 17:00,14.84,14.84,14.84,1,1.0
2026-03-16 18:00,14.26,14.26,14.26,1,1.0
2026-03-16 19:00,13.7,13.7,13.7,1,1.0
2026-03-16 20:00,13.28,13.28,13.28,1,1.0
2026-03-16 21:00,12.93,12.93,12.93,1,1.0
2026-03-16 22:00,12.58,12.58,12.58,1,1.0
2026-03-16 23:00,12.32,12.32,12.32,1,1.0
2026-03-17 00:00,11.89,11.89,11.89,1,1.0
2026-03-17 01:00,11.64,11.64,11.64,1,1.0
2026-03-17 02:00,11.3,11.3,11.3,1,1.0
2026-03-17 03:00,11.18,11.18,11.18,1,1.0
2026-03-17 04:00,10.92,10.92,10.92,1,1.0
2026-03-17 05:00,10.46,10.46,10.46,1,1.0
2026-03-17 06:00,10.47,10.47,10.47,1,1.0
2026-03-17 07:00,10.32,10.32,10.32,1,1.0
2026-03-17 08:00,11.01,11.01,11.01,1,1.0
2026-03-17 09:00,11.25,11.25,11.25,1,1.0
2026-03-17 10:00,11.23,11.23,11.23,1,1.0
2026-03-17 11:00,11.65,11.65,11.65,1,1.0
2026-03-17 12:00,11.8,11.8,11.8,1,1.0
2026-03-17 13:00,12.23,12.23,12.23,1,1.0
2026-03-17 14:00,12.28,12.28,12.28,1,1.0
2026-03-17 15:00,12.85,12.85,12.85,1,1.0
2026-03-17 16:00,12.74,12.74,12.74,1,1.0
2026-03-17 17:00,12.46,12.46,12.46,1,1.0
2026-03-17 18:00,11.85,11.85,11.85,1,1.0
2026-03-17 19:00,11.22,11.22,11.22,1,1.0
2026-03-17 20:00,10.44,10.44,10.44,1,1.0
2026-03-17 21:00,9.72,9.72,9.72,1,1.0
2026-03-17 22:00,9.27,9.27,9.27,1,1.0
2026-03-17 23:00,8.66,8.66,8.66,1,1.0
2026-03-18 00:00,8.01,8.01,8.01,1,1.0
2026-03-18 01:00,7.36,7.36,7.36,1,1.0
2026-03-18 02:00,6.9,6.9,6.9,1,1.0
2026-03-18 03:00,6.56,6.56,6.56,1,1.0
2026-03-18 04:00,6.32,6.32,6.32,1,1.0
2026-03-18 05:00,6.24,6.24,6.24,1,1.0
2026-03-18 06:00,6.11,6.11,6.11,1,1.0
2026-03-18 07:00,6.22,6.22,6.22,1,1.0
2026-03-18 08:00,7.18,7.18,7.18,1,1.0
2026-03-18 09:00,8.07,8.07,8.07,1,1.0
2026-03-18 10:00,8.64,8.64,8.64,1,1.0
2026-03-18 11:00,9.13,9.13,9.13,1,1.0
2026-03-18 12:00,9.77,9.77,9.77,1,1.0
2026-03-18 13:00,10.37,10.37,10.37,1,1.0
2026-03-18 14:00,10.62,10.62,10.62,1,1.0
2026-03-18 15:00,9.96,9.96,9.96,1,1.0
2026-03-18 16:00,9.12,9.12,9.12,1,1.0
2026-03-18 17:00,8.67,8.67,8.67,1,1.0
2026-03-18 18:00,7.98,7.98,7.98,1,1.0
2026-03-18 19:00,7.73,7.73,7.73,1,1.0
2026-03-18 20:00,7.5,7.5,7.5,1,1.0
2026-03-18 21:00,7.31,7.31,7.31,1,1.0
2026-03-18 22:00,7.07,7.07,7.07,1,1.0
2026-03-18 23:00,6.65,6.65,6.65,1,1.0
2026-03-19 00:00,6.37,6.37,6.37,1,1.0
2026-03-19 01:00,6.21,6.21,6.21,1,1.0
2026-03-19 02:00,6.18,6.18,6.18,1,1.0
2026-03-19 03:00,6.29,6.29,6.29,1,1.0
2026-03-19 04:00,6.15,6.15,6.15,1,1.0
2026-03-19 05:00,6.05,6.05,6.05,1,1.0
2026-03-19 06:00,6.11,6.11,6.11,1,1.0
2026-03-19 07:00,6.43,6.43,6.43,1,1.0
2026-03-19 08:00,7.0,7.0,7.0,1,1.0
2026-03-19 09:00,8.16,8.16,8.16,1,1.0
2026-03-19 10:00,9.55,9.55,9.55,1,1.0
2026-03-19 11:00,10.74,10.74,10.74,1,1.0
2026-03-19 12:00,11.6,11.6,11.6,1,1.0
2026-03-19 13:00,12.17,12.17,12.17,1,1.0
2026-03-19 14:00,12.42,12.42,12.42,1,1.0
2026-03-19 15:00,12.54,12.54,12.54,1,1.0
2026-03-19 16:00,12.37,12.37,12.37,1,1.0
2026-03-19 17:00,12.1,12.1,12.1,1,1.0
2026-03-19 18:00,11.52,11.52,11.52,1,1.0
2026-03-19 19:00,10.84,10.84,10.84,1,1.0
2026-03-19 20:00,10.49,10.49,10.49,1,1.0
2026-03-19 21:00,9.85,9.85,9.85,1,1.0
2026-03-19 22:00,9.38,9.38,9.38,1,1.0
2026-03-19 23:00,8.87,8.87,8.87,1,1.0
2026-03-20 00:00,8.38,8.38,8.38,1,1.0
2026-03-20 01:00,7.97,7.97,7.97,1,1.0
2026-03-20 02:00,7.78,7.78,7.78,1,1.0
2026-03-20 03:00,7.58,7.58,7.58,1,1.0
2026-03-20 04:00,7.52,7.52,7.52,1,1.0
2026-03-20 05:00,7.39,7.39,7.39,1,1.0
2026-03-20 06:00,7.3,7.3,7.3,1,1.0
2026-03-20 07:00,7.55,7.55,7.55,1,1.0
2026-03-20 08:00,9.65,9.65,9.65,1,1.0
2026-03-20 09:00,11.08,11.08,11.08,1,1.0
2026-03-20 10:00,12.04,12.04,12.04,1,1.0
2026-03-20 11:00,12.65,12.65,12.65,1,1.0
2026-03-20 12:00,12.92,12.92,12.92,1,1.0
2026-03-20 13:00,13.0,13.0,13.0,1,1.0
2026-03-20 14:00,13.03,13.03,13.03,1,1.0
2026-03-20 15:00,12.84,12.84,12.84,1,1.0
2026-03-20 16:00,12.48,12.48,12.48,1,1.0
2026-03-20 17:00,11.69,11.69,11.69,1,1.0
2026-03-20 18:00,10.86,10.86,10.86,1,1.0
2026-03-20 19:00,10.01,10.01,10.01,1,1.0
2026-03-20 20:00,9.24,9.24,9.24,1,1.0
2026-03-20 21:00,8.91,8.91,8.91,1,1.0
2026-03-20 22:00,8.48,8.48,8.48,1,1.0
2026-03-20 23:00,8.05,8.05,8.05,1,1.0
2026-03-21 00:00,7.58,7.58,7.58,1,1.0
2026-03-21 01:00,7.14,7.14,7.14,1,1.0
2026-03-21 02:00,6.79,6.79,6.79,1,1.0
2026-03-21 03:00,6.47,6.47,6.47,1,1.0
2026-03-21 04:00,6.22,6.22,6.22,1,1.0
2026-03-21 05:00,6.03,6.03,6.03,1,1.0
2026-03-21 06:00,5.87,5.87,5.87,1,1.0
2026-03-21 07:00,6.28,6.28,6.28,1,1.0
2026-03-21 08:00,8.73,8.73,8.73,1,1.0
2026-03-21 09:00,10.25,10.25,10.25,1,1.0
2026-03-21 10:00,11.33,11.33,11.33,1,1.0
2026-03-21 11:00,12.24,12.24,12.24,1,1.0
2026-03-21 12:00,12.86,12.86,12.86,1,1.0
2026-03-21 13:00,13.07,13.07,13.07,1,1.0
2026-03-21 14:00,13.3,13.3,13.3,1,1.0
2026-03-21 15:00,13.22,13.22,13.22,1,1.0
2026-03-21 16:00,12.96,12.96,12.96,1,1.0
2026-03-21 17:00,12.61,12.61,12.61,1,1.0
2026-03-21 18:00,11.94,11.94,11.94,1,1.0
2026-03-21 19:00,11.02,11.02,11.02,1,1.0
2026-03-21 20:00,10.45,10.45,10.45,1,1.0
2026-03-21 21:00,9.94,9.94,9.94,1,1.0
2026-03-21 22:00,9.49,9.49,9.49,1,1.0
2026-03-21 23:00,9.16,9.16,9.16,1,1.0
2026-03-22 00:00,8.8,8.8,8.8,1,1.0
2026-03-22 01:00,8.51,8.51,8.51,1,1.0
2026-03-22 02:00,8.23,8.23,8.23,1,1.0
2026-03-22 03:00,7.94,7.94,7.94,1,1.0
2026-03-22 04:00,7.75,7.75,7.75,1,1.0
2026-03-22 05:00,7.62,7.62,7.62,1,1.0
2026-03-22 06:00,7.44,7.44,7.44,1,1.0
2026-03-22 07:00,7.79,7.79,7.79,1,1.0
2026-03-22 08:00,9.88,9.88,9.88,1,1.0
2026-03-22 09:00,11.23,11.23,11.23,1,1.0
2026-03-22 10:00,11.77,11.77,11.77,1,1.0
2026-03-22 11:00,12.12,12.12,12.12,1,1.0
2026-03-22 12:00,11.95,11.95,11.95,1,1.0
2026-03-22 13:00,12.17,12.17,12.17,1,1.0
2026-03-22 14:00,12.42,12.42,12.42,1,1.0
2026-03-22 15:00,12.4,12.4,12.4,1,1.0
2026-03-22 16:00,11.86,11.86,11.86,1,1.0
2026-03-22 17:00,11.59,11.59,11.59,1,1.0
2026-03-22 18:00,11.02,11.02,11.02,1,1.0
2026-03-22 19:00,9.97,9.97,9.97,1,1.0
2026-03-22 20:00,9.37,9.37,9.37,1,1.0
2026-03-22 21:00,8.64,8.64,8.64,1,1.0
2026-03-22 22:00,9.02,9.02,9.02,1,1.0
2026-03-22 23:00,10.21,10.21,10.21,1,1.0
2026-03-23 00:00,9.98,9.98,9.98,1,1.0
2026-03-23 01:00,9.75,9.75,9.75,1,1.0
2026-03-23 02:00,9.51,9.51,9.51,1,1.0
2026-03-23 03:00,8.54,8.54,8.54,1,1.0
2026-03-23 04:00,6.67,6.67,6.67,1,1.0
2026-03-23 05:00,6.01,6.01,6.01,1,1.0
2026-03-23 06:00,5.78,5.78,5.78,1,1.0
2026-03-23 07:00,6.35,6.35,6.35,1,1.0
2026-03-23 08:00,10.07,10.07,10.07,1,1.0
2026-03-23 09:00,11.41,11.41,11.41,1,1.0
2026-03-23 10:00,12.22,12.22,12.22,1,1.0
2026-03-23 11:00,12.86,12.86,12.86,1,1.0
2026-03-23 12:00,13.35,13.35,13.35,1,1.0
2026-03-23 13:00,13.29,13.29,13.29,1,1.0
2026-03-23 14:00,12.98,12.98,12.98,1,1.0
2026-03-23 15:00,12.38,12.38,12.38,1,1.0
2026-03-23 16:00,11.48,11.48,11.48,1,1.0
2026-03-23 17:00,10.85,10.85,10.85,1,1.0
2026-03-23 18:00,10.53,10.53,10.53,1,1.0
2026-03-23 19:00,9.99,9.99,9.99,1,1.0
2026-03-23 20:00,9.76,9.76,9.76,1,1.0
2026-03-23 21:00,9.44,9.44,9.44,1,1.0
2026-03-23 22:00,9.08,9.08,9.08,1,1.0
2026-03-23 23:00,8.69,8.69,8.69,1,1.0
2026-03-24 00:00,8.32,8.32,8.32,1,1.0
2026-03-24 01:00,8.01,8.01,8.01,1,1.0
2026-03-24 02:00,7.69,7.69,7.69,1,1.0
2026-03-24 03:00,7.41,7.41,7.41,1,1.0
2026-03-24 04:00,7.05,7.05,7.05,1,1.0
2026-03-24 05:00,6.77,6.77,6.77,1,1.0
2026-03-24 06:00,6.51,6.51,6.51,1,1.0
2026-03-24 07:00,7.01,7.01,7.01,1,1.0
2026-03-24 08:00,9.26,9.26,9.26,1,1.0
2026-03-24 09:00,10.84,10.84,10.84,1,1.0
2026-03-24 10:00,12.23,12.23,12.23,1,1.0
2026-03-24 11:00,13.39,13.39,13.39,1,1.0
2026-03-24 12:00,14.39,14.39,14.39,1,1.0
2026-03-24 13:00,15.09,15.09,15.09,1,1.0
2026-03-24 14:00,15.45,15.45,15.45,1,1.0
2026-03-24 15:00,15.43,15.43,15.43,1,1.0
2026-03-24 16:00,14.93,14.93,14.93,1,1.0
2026-03-24 17:00,14.39,14.39,14.39,1,1.0
2026-03-24 18:00,13.63,13.63,13.63,1,1.0
2026-03-24 19:00,12.79,12.79,12.79,1,1.0
2026-03-24 20:00,12.11,12.11,12.11,1,1.0
2026-03-24 21:00,11.49,11.49,11.49,1,1.0
2026-03-24 22:00,10.86,10.86,10.86,1,1.0
2026-03-24 23:00,10.2,10.2,10.2,1,1.0
2026-03-25 00:00,9.57,9.57,9.57,1,1.0
2026-03-25 01:00,9.02,9.02,9.02,1,1.0
2026-03-25 02:00,8.62,8.62,8.62,1,1.0
2026-03-25 03:00,8.2,8.2,8.2,1,1.0
2026-03-25 04:00,7.82,7.82,7.82,1,1.0
2026-03-25 05:00,7.69,7.69,7.69,1,1.0
2026-03-25 06:00,7.42,7.42,7.42,1,1.0
2026-03-25 07:00,7.74,7.74,7.74,1,1.0
2026-03-25 08:00,10.62,10.62,10.62,1,1.0
2026-03-25 09:00,12.65,12.65,12.65,1,1.0
2026-03-25 10:00,13.72,13.72,13.72,1,1.0
2026-03-25 11:00,14.4,14.4,14.4,1,1.0
2026-03-25 12:00,14.71,14.71,14.71,1,1.0
2026-03-25 13:00,14.68,14.68,14.68,1,1.0
2026-03-25 14:00,14.22,14.22,14.22,1,1.0
2026-03-25 15:00,13.85,13.85,13.85,1,1.0
2026-03-25 16:00,13.45,13.45,13.45,1,1.0
2026-03-25 17:00,12.91,12.91,12.91,1,1.0
2026-03-25 18:00,12.27,12.27,12.27,1,1.0
2026-03-25 19:00,11.69,11.69,11.69,1,1.0
2026-03-25 20:00,11.69,11.69,11.69,1,1.0
2026-03-25 21:00,11.47,11.47,11.47,1,1.0
2026-03-25 22:00,11.34,11.34,11.34,1,1.0
2026-03-25 23:00,11.35,11.35,11.35,1,1.0
2026-03-26 00:00,11.37,11.37,11.37,1,1.0
2026-03-26 01:00,11.48,11.48,11.48,1,1.0
2026-03-26 02:00,11.51,11.51,11.51,1,1.0
2026-03-26 03:00,11.66,11.66,11.66,1,1.0
2026-03-26 04:00,11.66,11.66,11.66,1,1.0
2026-03-26 05:00,11.67,11.67,11.67,1,1.0
2026-03-26 06:00,11.68,11.68,11.68,1,1.0
2026-03-26 07:00,11.53,11.53,11.53,1,1.0
2026-03-26 08:00,11.88,11.88,11.88,1,1.0
2026-03-26 09:00,11.92,11.92,11.92,1,1.0
2026-03-26 10:00,12.03,12.03,12.03,1,1.0
2026-03-26 11:00,11.09,11.09,11.09,1,1.0
2026-03-26 12:00,9.76,9.76,9.76,1,1.0
2026-03-26 13:00,9.24,9.24,9.24,1,1.0
2026-03-26 14:00,8.78,8.78,8.78,1,1.0
2026-03-26 15:00,8.49,8.49,8.49,1,1.0
2026-03-26 16:00,8.48,8.48,8.48,1,1.0
2026-03-26 17:00,8.54,8.54,8.54,1,1.0
2026-03-26 18:00,7.95,7.95,7.95,1,1.0
2026-03-26 19:00,7.68,7.68,7.68,1,1.0
2026-03-26 20:00,7.2,7.2,7.2,1,1.0
2026-03-26 21:00,7.33,7.33,7.33,1,1.0
2026-03-26 22:00,7.09,7.09,7.09,1,1.0
2026-03-26 23:00,6.88,6.88,6.88,1,1.0
2026-03-27 00:00,5.9,5.9,5.9,1,1.0
2026-03-27 01:00,5.59,5.59,5.59,1,1.0
2026-03-27 02:00,5.24,5.24,5.24,1,1.0
2026-03-27 03:00,5.09,5.09,5.09,1,1.0
2026-03-27 04:00,4.94,4.94,4.94,1,1.0
2026-03-27 05:00,5.62,5.62,5.62,1,1.0
2026-03-27 06:00,5.77,5.77,5.77,1,1.0
2026-03-27 07:00,6.3,6.3,6.3,1,1.0
2026-03-27 08:00,7.21,7.21,7.21,1,1.0
2026-03-27 09:00,8.16,8.16,8.16,1,1.0
2026-03-27 10:00,8.82,8.82,8.82,1,1.0
2026-03-27 11:00,9.34,9.34,9.34,1,1.0
2026-03-27 12:00,9.58,9.58,9.58,1,1.0
2026-03-27 13:00,9.66,9.66,9.66,1,1.0
2026-03-27 14:00,9.54,9.54,9.54,1,1.0
2026-03-27 15:00,9.34,9.34,9.34,1,1.0
2026-03-27 16:00,9.17,9.17,9.17,1,1.0
2026-03-27 17:00,8.66,8.66,8.66,1,1.0
2026-03-27 18:00,8.08,8.08,8.08,1,1.0
2026-03-27 19:00,7.68,7.68,7.68,1,1.0
2026-03-27 20:00,8.03,8.03,8.03,1,1.0
2026-03-27 21:00,7.47,7.47,7.47,1,1.0
2026-03-27 22:00,7.02,7.02,7.02,1,1.0
2026-03-27 23:00,6.82,6.82,6.82,1,1.0
2026-03-28 00:00,6.74,6.74,6.74,1,1.0
2026-03-28 01:00,6.74,6.74,6.74,1,1.0
2026-03-28 02:00,6.8,6.8,6.8,1,1.0
2026-03-28 03:00,6.89,6.89,6.89,1,1.0
2026-03-28 04:00,6.91,6.91,6.91,1,1.0
2026-03-28 05:00,6.89,6.89,6.89,1,1.0
2026-03-28 06:00,6.78,6.78,6.78,1,1.0
2026-03-28 07:00,6.95,6.95,6.95,1,1.0
2026-03-28 08:00,7.95,7.95,7.95,1,1.0
2026-03-28 09:00,8.63,8.63,8.63,1,1.0
2026-03-28 10:00,9.77,9.77,9.77,1,1.0
2026-03-28 11:00,10.32,10.32,10.32,1,1.0
2026-03-28 12:00,10.89,10.89,10.89,1,1.0
2026-03-28 13:00,11.46,11.46,11.46,1,1.0
2026-03-28 14:00,12.12,12.12,12.12,1,1.0
2026-03-28 15:00,12.58,12.58,12.58,1,1.0
2026-03-28 16:00,12.61,12.61,12.61,1,1.0
2026-03-28 17:00,12.26,12.26,12.26,1,1.0
2026-03-28 18:00,11.56,11.56,11.56,1,1.0
2026-03-28 19:00,10.71,10.71,10.71,1,1.0
2026-03-28 20:00,9.94,9.94,9.94,1,1.0
2026-03-28 21:00,8.97,8.97,8.97,1,1.0
2026-03-28 22:00,8.16,8.16,8.16,1,1.0
2026-03-28 23:00,7.1,7.1,7.1,1,1.0
2026-03-29 00:00,6.75,6.75,6.75,1,1.0
2026-03-29 01:00,6.91,6.91,6.91,1,1.0
2026-03-29 02:00,6.74,6.74,6.74,1,1.0
2026-03-29 03:00,6.52,6.52,6.52,1,1.0
2026-03-29 04:00,6.28,6.28,6.28,1,1.0
2026-03-29 05:00,5.9,5.9,5.9,1,1.0
2026-03-29 06:00,5.45,5.45,5.45,1,1.0
2026-03-29 07:00,6.6,6.6,6.6,1,1.0
2026-03-29 08:00,9.93,9.93,9.93,1,1.0
2026-03-29 09:00,11.41,11.41,11.41,1,1.0
2026-03-29 10:00,12.52,12.52,12.52,1,1.0
2026-03-29 11:00,13.62,13.62,13.62,1,1.0
2026-03-29 12:00,14.19,14.19,14.19,1,1.0
2026-03-29 13:00,14.73,14.73,14.73,1,1.0
2026-03-29 14:00,14.62,14.62,14.62,1,1.0
2026-03-29 15:00,14.1,14.1,14.1,1,1.0
2026-03-29 16:00,13.58,13.58,13.58,1,1.0
2026-03-29 17:00,12.89,12.89,12.89,1,1.0
2026-03-29 18:00,11.93,11.93,11.93,1,1.0
2026-03-29 19:00,10.93,10.93,10.93,1,1.0
2026-03-29 20:00,11.32,11.32,11.32,1,1.0
2026-03-29 21:00,10.63,10.63,10.63,1,1.0
2026-03-29 22:00,10.1,10.1,10.1,1,1.0
2026-03-29 23:00,9.76,9.76,9.76,1,1.0
2026-03-30 00:00,9.42,9.42,9.42,1,1.0
2026-03-30 01:00,9.34,9.34,9.34,1,1.0
2026-03-30 02:00,9.16,9.16,9.16,1,1.0
2026-03-30 03:00,9.02,9.02,9.02,1,1.0
2026-03-30 04:00,8.92,8.92,8.92,1,1.0
2026-03-30 05:00,8.71,8.71,8.71,1,1.0
2026-03-30 06:00,8.46,8.46,8.46,1,1.0
2026-03-30 07:00,8.75,8.75,8.75,1,1.0
2026-03-30 08:00,10.26,10.26,10.26,1,1.0
2026-03-30 09:00,11.51,11.51,11.51,1,1.0
2026-03-30 10:00,12.65,12.65,12.65,1,1.0
2026-03-30 11:00,13.58,13.58,13.58,1,1.0
2026-03-30 12:00,14.39,14.39,14.39,1,1.0
2026-03-30 13:00,14.27,14.27,14.27,1,1.0
2026-03-30 14:00,13.78,13.78,13.78,1,1.0
2026-03-30 15:00,13.37,13.37,13.37,1,1.0
2026-03-30 16:00,13.0,13.0,13.0,1,1.0
2026-03-30 17:00,12.48,12.48,12.48,1,1.0
2026-03-30 18:00,11.84,11.84,11.84,1,1.0
2026-03-30 19:00,11.35,11.35,11.35,1,1.0
2026-03-30 20:00,10.33,10.33,10.33,1,1.0
2026-03-30 21:00,9.78,9.78,9.78,1,1.0
2026-03-30 22:00,9.12,9.12,9.12,1,1.0
2026-03-30 23:00,9.08,9.08,9.08,1,1.0
2026-03-31 00:00,8.83,8.83,8.83,1,1.0
2026-03-31 01:00,9.16,9.16,9.16,1,1.0
2026-03-31 02:00,8.73,8.73,8.73,1,1.0
2026-03-31 03:00,8.65,8.65,8.65,1,1.0
2026-03-31 04:00,8.63,8.63,8.63,1,1.0
2026-03-31 05:00,8.39,8.39,8.39,1,1.0
2026-03-31 06:00,8.33,8.33,8.33,1,1.0
2026-03-31 07:00,8.05,8.05,8.05,1,1.0
2026-03-31 08:00,6.64,6.64,6.64,1,1.0
2026-03-31 09:00,6.95,6.95,6.95,1,1.0
2026-03-31 10:00,7.31,7.31,7.31,1,1.0
2026-03-31 11:00,7.87,7.87,7.87,1,1.0
2026-03-31 12:00,8.57,8.57,8.57,1,1.0
2026-03-31 13:00,8.84,8.84,8.84,1,1.0
2026-03-31 14:00,8.97,8.97,8.97,1,1.0
2026-03-31 15:00,9.28,9.28,9.28,1,1.0
2026-03-31 16:00,9.4,9.4,9.4,1,1.0
2026-03-31 17:00,9.15,9.15,9.15,1,1.0
2026-03-31 18:00,8.67,8.67,8.67,1,1.0
2026-03-31 19:00,8.32,8.32,8.32,1,1.0
2026-03-31 20:00,8.77,8.77,8.77,1,1.0
2026-03-31 21:00,8.6,8.6,8.6,1,1.0
2026-03-31 22:00,8.55,8.55,8.55,1,1.0
2026-03-31 23:00,8.83,8.83,8.83,1,1.0
2026-04-01 00:00,9.31,9.31,9.31,1,1.0
2026-04-01 01:00,9.54,9.54,9.54,1,1.0
2026-04-01 02:00,9.43,9.43,9.43,1,1.0
2026-04-01 03:00,9.39,9.39,9.39,1,1.0
2026-04-01 04:00,9.63,9.63,9.63,1,1.0
2026-04-01 05:00,8.86,8.86,8.86,1,1.0
2026-04-01 06:00,8.8,8.8,8.8,1,1.0
2026-04-01 07:00,8.64,8.64,8.64,1,1.0
2026-04-01 08:00,8.55,8.55,8.55,1,1.0
2026-04-01 09:00,8.58,8.58,8.58,1,1.0
2026-04-01 10:00,9.17,9.17,9.17,1,1.0
2026-04-01 11:00,10.16,10.16,10.16,1,1.0
2026-04-01 12:00,11.67,11.67,11.67,1,1.0
2026-04-01 13:00,12.72,12.72,12.72,1,1.0
2026-04-01 14:00,13.23,13.23,13.23,1,1.0
2026-04-01 15:00,12.53,12.53,12.53,1,1.0
2026-04-01 16:00,12.33,12.33,12.33,1,1.0
2026-04-01 17:00,11.83,11.83,11.83,1,1.0
2026-04-01 18:00,11.28,11.28,11.28,1,1.0
2026-04-01 19:00,10.59,10.59,10.59,1,1.0
2026-04-01 20:00,10.61,10.61,10.61,1,1.0
2026-04-01 21:00,10.22,10.22,10.22,1,1.0
2026-04-01 22:00,10.06,10.06,10.06,1,1.0
2026-04-01 23:00,9.98,9.98,9.98,1,1.0
2026-04-02 00:00,10.09,10.09,10.09,1,1.0
2026-04-02 01:00,10.17,10.17,10.17,1,1.0
2026-04-02 02:00,10.01,10.01,10.01,1,1.0
2026-04-02 03:00,9.76,9.76,9.76,1,1.0
2026-04-02 04:00,9.12,9.12,9.12,1,1.0
2026-04-02 05:00,9.0,9.0,9.0,1,1.0
2026-04-02 06:00,8.95,8.95,8.95,1,1.0
2026-04-02 07:00,9.08,9.08,9.08,1,1.0
2026-04-02 08:00,10.52,10.52,10.52,1,1.0
2026-04-02 09:00,11.0,11.0,11.0,1,1.0
2026-04-02 10:00,11.34,11.34,11.34,1,1.0
2026-04-02 11:00,11.62,11.62,11.62,1,1.0
2026-04-02 12:00,11.78,11.78,11.78,1,1.0
2026-04-02 13:00,12.1,12.1,12.1,1,1.0
2026-04-02 14:00,12.02,12.02,12.02,1,1.0
2026-04-02 15:00,11.86,11.86,11.86,1,1.0
2026-04-02 16:00,11.35,11.35,11.35,1,1.0
2026-04-02 17:00,10.84,10.84,10.84,1,1.0
2026-04-02 18:00,10.29,10.29,10.29,1,1.0
2026-04-02 19:00,10.01,10.01,10.01,1,1.0
2026-04-02 20:00,10.22,10.22,10.22,1,1.0
2026-04-02 21:00,10.05,10.05,10.05,1,1.0
2026-04-02 22:00,9.9,9.9,9.9,1,1.0
2026-04-02 23:00,9.8,9.8,9.8,1,1.0
2026-04-03 00:00,9.76,9.76,9.76,1,1.0
2026-04-03 01:00,9.74,9.74,9.74,1,1.0
2026-04-03 02:00,9.68,9.68,9.68,1,1.0
2026-04-03 03:00,9.64,9.64,9.64,1,1.0
2026-04-03 04:00,9.65,9.65,9.65,1,1.0
2026-04-03 05:00,9.67,9.67,9.67,1,1.0
2026-04-03 06:00,9.66,9.66,9.66,1,1.0
2026-04-03 07:00,9.97,9.97,9.97,1,1.0
2026-04-03 08:00,10.85,10.85,10.85,1,1.0
2026-04-03 09:00,11.27,11.27,11.27,1,1.0
2026-04-03 10:00,11.88,11.88,11.88,1,1.0
2026-04-03 11:00,12.66,12.66,12.66,1,1.0
2026-04-03 12:00,13.12,13.12,13.12,1,1.0
2026-04-03 13:00,13.99,13.99,13.99,1,1.0
2026-04-03 14:00,14.42,14.42,14.42,1,1.0
2026-04-03 15:00,14.61,14.61,14.61,1,1.0
2026-04-03 16:00,14.44,14.44,14.44,1,1.0
2026-04-03 17:00,13.87,13.87,13.87,1,1.0
2026-04-03 18:00,13.14,13.14,13.14,1,1.0
2026-04-03 19:00,12.34,12.34,12.34,1,1.0
2026-04-03 20:00,11.69,11.69,11.69,1,1.0
2026-04-03 21:00,11.2,11.2,11.2,1,1.0
2026-04-03 22:00,10.8,10.8,10.8,1,1.0
2026-04-03 23:00,10.44,10.44,10.44,1,1.0
2026-04-04 00:00,10.04,10.04,10.04,1,1.0
2026-04-04 01:00,9.75,9.75,9.75,1,1.0
2026-04-04 02:00,9.56,9.56,9.56,1,1.0
2026-04-04 03:00,9.41,9.41,9.41,1,1.0
2026-04-04 04:00,9.33,9.33,9.33,1,1.0
2026-04-04 05:00,9.24,9.24,9.24,1,1.0
2026-04-04 06:00,9.19,9.19,9.19,1,1.0
2026-04-04 07:00,9.91,9.91,9.91,1,1.0
2026-04-04 08:00,12.06,12.06,12.06,1,1.0
2026-04-04 09:00,13.8,13.8,13.8,1,1.0
2026-04-04 10:00,15.12,15.12,15.12,1,1.0
2026-04-04 11:00,16.33,16.33,16.33,1,1.0
2026-04-04 12:00,17.21,17.21,17.21,1,1.0
2026-04-04 13:00,17.74,17.74,17.74,1,1.0
2026-04-04 14:00,17.91,17.91,17.91,1,1.0
2026-04-04 15:00,17.78,17.78,17.78,1,1.0
2026-04-04 16:00,17.29,17.29,17.29,1,1.0
2026-04-04 17:00,16.58,16.58,16.58,1,1.0
2026-04-04 18:00,15.54,15.54,15.54,1,1.0
2026-04-04 19:00,14.28,14.28,14.28,1,1.0
2026-04-04 20:00,13.91,13.91,13.91,1,1.0
2026-04-04 21:00,13.03,13.03,13.03,1,1.0
2026-04-04 22:00,12.2,12.2,12.2,1,1.0
2026-04-04 23:00,11.38,11.38,11.38,1,1.0
2026-04-05 00:00,10.61,10.61,10.61,1,1.0
2026-04-05 01:00,9.97,9.97,9.97,1,1.0
2026-04-05 02:00,9.51,9.51,9.51,1,1.0
2026-04-05 03:00,9.19,9.19,9.19,1,1.0
2026-04-05 04:00,8.99,8.99,8.99,1,1.0
2026-04-05 05:00,8.89,8.89,8.89,1,1.0
2026-04-05 06:00,8.86,8.86,8.86,1,1.0
2026-04-05 07:00,9.86,9.86,9.86,1,1.0
2026-04-05 08:00,13.04,13.04,13.04,1,1.0
2026-04-05 09:00,15.49,15.49,15.49,1,1.0
2026-04-05 10:00,16.93,16.93,16.93,1,1.0
2026-04-05 11:00,17.82,17.82,17.82,1,1.0
2026-04-05 12:00,18.2,18.2,18.2,1,1.0
2026-04-05 13:00,18.38,18.38,18.38,1,1.0
2026-04-05 14:00,18.39,18.39,18.39,1,1.0
2026-04-05 15:00,18.25,18.25,18.25,1,1.0
2026-04-05 16:00,17.78,17.78,17.78,1,1.0
2026-04-05 17:00,16.97,16.97,16.97,1,1.0
2026-04-05 18:00,16.03,16.03,16.03,1,1.0
2026-04-05 19:00,15.18,15.18,15.18,1,1.0
2026-04-05 20:00,13.79,13.79,13.79,1,1.0
2026-04-05 21:00,12.55,12.55,12.55,1,1.0
2026-04-05 22:00,12.27,12.27,12.27,1,1.0
2026-04-05 23:00,12.06,12.06,12.06,1,1.0
2026-04-06 00:00,12.6,12.6,12.6,1,1.0
2026-04-06 01:00,13.08,13.08,13.08,1,1.0
2026-04-06 02:00,12.57,12.57,12.57,1,1.0
2026-04-06 03:00,12.33,12.33,12.33,1,1.0
2026-04-06 04:00,11.67,11.67,11.67,1,1.0
2026-04-06 05:00,10.59,10.59,10.59,1,1.0
2026-04-06 06:00,9.63,9.63,9.63,1,1.0
2026-04-06 07:00,9.95,9.95,9.95,1,1.0
2026-04-06 08:00,12.87,12.87,12.87,1,1.0
2026-04-06 09:00,13.94,13.94,13.94,1,1.0
2026-04-06 10:00,14.85,14.85,14.85,1,1.0
2026-04-06 11:00,15.6,15.6,15.6,1,1.0
2026-04-06 12:00,16.11,16.11,16.11,1,1.0
2026-04-06 13:00,16.34,16.34,16.34,1,1.0
2026-04-06 14:00,16.34,16.34,16.34,1,1.0
2026-04-06 15:00,16.12,16.12,16.12,1,1.0
2026-04-06 16:00,15.72,15.72,15.72,1,1.0
2026-04-06 17:00,15.11,15.11,15.11,1,1.0
2026-04-06 18:00,14.31,14.31,14.31,1,1.0
2026-04-06 19:00,13.35,13.35,13.35,1,1.0
2026-04-06 20:00,11.91,11.91,11.91,1,1.0
2026-04-06 21:00,11.4,11.4,11.4,1,1.0
2026-04-06 22:00,10.75,10.75,10.75,1,1.0
2026-04-06 23:00,10.94,10.94,10.94,1,1.0
2026-04-07 00:00,10.44,10.44,10.44,1,1.0
2026-04-07 01:00,9.47,9.47,9.47,1,1.0
2026-04-07 02:00,8.91,8.91,8.91,1,1.0
2026-04-07 03:00,9.14,9.14,9.14,1,1.0
2026-04-07 04:00,9.41,9.41,9.41,1,1.0
2026-04-07 05:00,9.43,9.43,9.43,1,1.0
2026-04-07 06:00,9.43,9.43,9.43,1,1.0
2026-04-07 07:00,10.38,10.38,10.38,1,1.0
2026-04-07 08:00,11.17,11.17,11.17,1,1.0
2026-04-07 09:00,12.39,12.39,12.39,1,1.0
2026-04-07 10:00,13.66,13.66,13.66,1,1.0
2026-04-07 11:00,14.7,14.7,14.7,1,1.0
2026-04-07 12:00,15.36,15.36,15.36,1,1.0
2026-04-07 13:00,15.62,15.62,15.62,1,1.0
2026-04-07 14:00,15.81,15.81,15.81,1,1.0
2026-04-07 15:00,15.76,15.76,15.76,1,1.0
2026-04-07 16:00,15.31,15.31,15.31,1,1.0
2026-04-07 17:00,14.61,14.61,14.61,1,1.0
2026-04-07 18:00,13.77,13.77,13.77,1,1.0
2026-04-07 19:00,12.91,12.91,12.91,1,1.0
2026-04-07 20:00,11.85,11.85,11.85,1,1.0
2026-04-07 21:00,12.06,12.06,12.06,1,1.0
2026-04-07 22:00,12.03,12.03,12.03,1,1.0
2026-04-07 23:00,11.73,11.73,11.73,1,1.0
2026-04-08 00:00,11.33,11.33,11.33,1,1.0
2026-04-08 01:00,10.07,10.07,10.07,1,1.0
2026-04-08 02:00,9.57,9.57,9.57,1,1.0
2026-04-08 03:00,9.57,9.57,9.57,1,1.0
2026-04-08 04:00,9.48,9.48,9.48,1,1.0
2026-04-08 05:00,8.88,8.88,8.88,1,1.0
2026-04-08 06:00,8.46,8.46,8.46,1,1.0
2026-04-08 07:00,9.86,9.86,9.86,1,1.0
2026-04-08 08:00,11.9,11.9,11.9,1,1.0
2026-04-08 09:00,13.41,13.41,13.41,1,1.0
2026-04-08 10:00,14.48,14.48,14.48,1,1.0
2026-04-08 11:00,15.49,15.49,15.49,1,1.0
2026-04-08 12:00,16.23,16.23,16.23,1,1.0
2026-04-08 13:00,16.61,16.61,16.61,1,1.0
2026-04-08 14:00,16.64,16.64,16.64,1,1.0
2026-04-08 15:00,16.4,16.4,16.4,1,1.0
2026-04-08 16:00,15.91,15.91,15.91,1,1.0
2026-04-08 17:00,15.34,15.34,15.34,1,1.0
2026-04-08 18:00,14.66,14.66,14.66,1,1.0
2026-04-08 19:00,13.9,13.9,13.9,1,1.0
2026-04-08 20:00,12.62,12.62,12.62,1,1.0
2026-04-08 21:00,13.12,13.12,13.12,1,1.0
2026-04-08 22:00,12.81,12.81,12.81,1,1.0
2026-04-08 23:00,12.36,12.36,12.36,1,1.0
2026-04-09 00:00,11.39,11.39,11.39,1,1.0
2026-04-09 01:00,9.99,9.99,9.99,1,1.0
2026-04-09 02:00,9.14,9.14,9.14,1,1.0
2026-04-09 03:00,8.96,8.96,8.96,1,1.0
2026-04-09 04:00,9.34,9.34,9.34,1,1.0
2026-04-09 05:00,9.44,9.44,9.44,1,1.0
2026-04-09 06:00,9.36,9.36,9.36,1,1.0
2026-04-09 07:00,10.08,10.08,10.08,1,1.0
2026-04-09 08:00,12.3,12.3,12.3,1,1.0
2026-04-09 09:00,14.33,14.33,14.33,1,1.0
2026-04-09 10:00,15.69,15.69,15.69,1,1.0
2026-04-09 11:00,16.6,16.6,16.6,1,1.0
2026-04-09 12:00,17.04,17.04,17.04,1,1.0
2026-04-09 13:00,17.09,17.09,17.09,1,1.0
2026-04-09 14:00,16.92,16.92,16.92,1,1.0
2026-04-09 15:00,16.44,16.44,16.44,1,1.0
2026-04-09 16:00,15.89,15.89,15.89,1,1.0
2026-04-09 17:00,15.31,15.31,15.31,1,1.0
2026-04-09 18:00,14.63,14.63,14.63,1,1.0
2026-04-09 19:00,13.93,13.93,13.93,1,1.0
2026-04-09 20:00,13.0,13.0,13.0,1,1.0
2026-04-09 21:00,12.32,12.32,12.32,1,1.0
2026-04-09 22:00,11.91,11.91,11.91,1,1.0
2026-04-09 23:00,11.5,11.5,11.5,1,1.0
2026-04-10 00:00,11.24,11.24,11.24,1,1.0
2026-04-10 01:00,10.93,10.93,10.93,1,1.0
2026-04-10 02:00,9.82,9.82,9.82,1,1.0
2026-04-10 03:00,9.74,9.74,9.74,1,1.0
2026-04-10 04:00,9.96,9.96,9.96,1,1.0
2026-04-10 05:00,10.25,10.25,10.25,1,1.0
2026-04-10 06:00,10.59,10.59,10.59,1,1.0
2026-04-10 07:00,11.97,11.97,11.97,1,1.0
2026-04-10 08:00,13.32,13.32,13.32,1,1.0
2026-04-10 09:00,14.31,14.31,14.31,1,1.0
2026-04-10 10:00,15.28,15.28,15.28,1,1.0
2026-04-10 11:00,15.96,15.96,15.96,1,1.0
2026-04-10 12:00,16.42,16.42,16.42,1,1.0
2026-04-10 13:00,16.8,16.8,16.8,1,1.0
2026-04-10 14:00,16.89,16.89,16.89,1,1.0
2026-04-10 15:00,16.68,16.68,16.68,1,1.0
2026-04-10 16:00,16.52,16.52,16.52,1,1.0
2026-04-10 17:00,16.08,16.08,16.08,1,1.0
2026-04-10 18:00,15.4,15.4,15.4,1,1.0
2026-04-10 19:00,14.53,14.53,14.53,1,1.0
2026-04-10 20:00,13.82,13.82,13.82,1,1.0
2026-04-10 21:00,13.55,13.55,13.55,1,1.0
2026-04-10 22:00,12.6,12.6,12.6,1,1.0
2026-04-10 23:00,11.32,11.32,11.32,1,1.0
2026-04-11 00:00,10.88,10.88,10.88,1,1.0
2026-04-11 01:00,10.46,10.46,10.46,1,1.0
2026-04-11 02:00,9.99,9.99,9.99,1,1.0
2026-04-11 03:00,9.89,9.89,9.89,1,1.0
2026-04-11 04:00,10.24,10.24,10.24,1,1.0
2026-04-11 05:00,10.14,10.14,10.14,1,1.0
2026-04-11 06:00,9.92,9.92,9.92,1,1.0
2026-04-11 07:00,11.18,11.18,11.18,1,1.0
2026-04-11 08:00,14.18,14.18,14.18,1,1.0
2026-04-11 09:00,16.5,16.5,16.5,1,1.0
2026-04-11 10:00,17.89,17.89,17.89,1,1.0
2026-04-11 11:00,18.81,18.81,18.81,1,1.0
2026-04-11 12:00,19.38,19.38,19.38,1,1.0
2026-04-11 13:00,19.65,19.65,19.65,1,1.0
2026-04-11 14:00,19.52,19.52,19.52,1,1.0
2026-04-11 15:00,18.97,18.97,18.97,1,1.0
2026-04-11 16:00,18.36,18.36,18.36,1,1.0
2026-04-11 17:00,17.71,17.71,17.71,1,1.0
2026-04-11 18:00,17.16,17.16,17.16,1,1.0
2026-04-11 19:00,16.51,16.51,16.51,1,1.0
2026-04-11 20:00,14.88,14.88,14.88,1,1.0
2026-04-11 21:00,13.65,13.65,13.65,1,1.0
2026-04-11 22:00,13.12,13.12,13.12,1,1.0
2026-04-11 23:00,14.09,14.09,14.09,1,1.0
2026-04-12 00:00,14.12,14.12,14.12,1,1.0
2026-04-12 01:00,12.92,12.92,12.92,1,1.0
2026-04-12 02:00,12.1,12.1,12.1,1,1.0
2026-04-12 03:00,11.18,11.18,11.18,1,1.0
2026-04-12 04:00,12.12,12.12,12.12,1,1.0
2026-04-12 05:00,11.87,11.87,11.87,1,1.0
2026-04-12 06:00,11.82,11.82,11.82,1,1.0
2026-04-12 07:00,13.76,13.76,13.76,1,1.0
2026-04-12 08:00,16.35,16.35,16.35,1,1.0
2026-04-12 09:00,18.71,18.71,18.71,1,1.0
2026-04-12 10:00,20.23,20.23,20.23,1,1.0
2026-04-12 11:00,21.59,21.59,21.59,1,1.0
2026-04-12 12:00,22.4,22.4,22.4,1,1.0
2026-04-12 13:00,22.61,22.61,22.61,1,1.0
2026-04-12 14:00,22.36,22.36,22.36,1,1.0
2026-04-12 15:00,22.05,22.05,22.05,1,1.0
2026-04-12 16:00,21.93,21.93,21.93,1,1.0
2026-04-12 17:00,21.32,21.32,21.32,1,1.0
2026-04-12 18:00,20.74,20.74,20.74,1,1.0
2026-04-12 19:00,20.17,20.17,20.17,1,1.0
2026-04-12 20:00,19.76,19.76,19.76,1,1.0
2026-04-12 21:00,18.46,18.46,18.46,1,1.0
2026-04-12 22:00,17.25,17.25,17.25,1,1.0
2026-04-12 23:00,16.39,16.39,16.39,1,1.0
2026-04-13 00:00,15.81,15.81,15.81,1,1.0
2026-04-13 01:00,15.23,15.23,15.23,1,1.0
2026-04-13 02:00,14.63,14.63,14.63,1,1.0
2026-04-13 03:00,14.19,14.19,14.19,1,1.0
2026-04-13 04:00,13.64,13.64,13.64,1,1.0
2026-04-13 05:00,13.4,13.4,13.4,1,1.0
2026-04-13 06:00,13.21,13.21,13.21,1,1.0
2026-04-13 07:00,13.96,13.96,13.96,1,1.0
2026-04-13 08:00,16.38,16.38,16.38,1,1.0
2026-04-13 09:00,18.19,18.19,18.19,1,1.0
2026-04-13 10:00,19.15,19.15,19.15,1,1.0
2026-04-13 11:00,19.64,19.64,19.64,1,1.0
2026-04-13 12:00,20.06,20.06,20.06,1,1.0
2026-04-13 13:00,20.39,20.39,20.39,1,1.0
2026-04-13 14:00,20.25,20.25,20.25,1,1.0
2026-04-13 15:00,19.79,19.79,19.79,1,1.0
2026-04-13 16:00,18.69,18.69,18.69,1,1.0
2026-04-13 17:00,17.82,17.82,17.82,1,1.0
2026-04-13 18:00,16.94,16.94,16.94,1,1.0
2026-04-13 19:00,16.2,16.2,16.2,1,1.0
2026-04-13 20:00,15.43,15.43,15.43,1,1.0
2026-04-13 21:00,15.09,15.09,15.09,1,1.0
2026-04-13 22:00,14.86,14.86,14.86,1,1.0
2026-04-13 23:00,14.84,14.84,14.84,1,1.0
2026-04-14 00:00,14.83,14.83,14.83,1,1.0
2026-04-14 01:00,14.69,14.69,14.69,1,1.0
2026-04-14 02:00,14.34,14.34,14.34,1,1.0
2026-04-14 03:00,14.08,14.08,14.08,1,1.0
2026-04-14 04:00,13.83,13.83,13.83,1,1.0
2026-04-14 05:00,13.68,13.68,13.68,1,1.0
2026-04-14 06:00,13.61,13.61,13.61,1,1.0
2026-04-14 07:00,14.28,14.28,14.28,1,1.0
2026-04-14 08:00,14.76,14.76,14.76,1,1.0
2026-04-14 09:00,15.58,15.58,15.58,1,1.0
2026-04-14 10:00,16.55,16.55,16.55,1,1.0
2026-04-14 11:00,17.11,17.11,17.11,1,1.0
2026-04-14 12:00,17.4,17.4,17.4,1,1.0
2026-04-14 13:00,17.54,17.54,17.54,1,1.0
2026-04-14 14:00,17.63,17.63,17.63,1,1.0
2026-04-14 15:00,17.64,17.64,17.64,1,1.0
2026-04-14 16:00,17.49,17.49,17.49,1,1.0
2026-04-14 17:00,17.44,17.44,17.44,1,1.0
2026-04-14 18:00,17.26,17.26,17.26,1,1.0
2026-04-14 19:00,16.63,16.63,16.63,1,1.0
2026-04-14 20:00,17.05,17.05,17.05,1,1.0
2026-04-14 21:00,16.82,16.82,16.82,1,1.0
2026-04-14 22:00,16.31,16.31,16.31,1,1.0
2026-04-14 23:00,15.17,15.17,15.17,1,1.0
2026-04-15 00:00,14.35,14.35,14.35,1,1.0
2026-04-15 01:00,14.07,14.07,14.07,1,1.0
2026-04-15 02:00,13.85,13.85,13.85,1,1.0
2026-04-15 03:00,14.6,14.6,14.6,1,1.0
2026-04-15 04:00,14.74,14.74,14.74,1,1.0
2026-04-15 05:00,14.64,14.64,14.64,1,1.0
2026-04-15 06:00,14.62,14.62,14.62,1,1.0
2026-04-15 07:00,15.01,15.01,15.01,1,1.0
2026-04-15 08:00,15.6,15.6,15.6,1,1.0
2026-04-15 09:00,16.62,16.62,16.62,1,1.0
2026-04-15 10:00,17.61,17.61,17.61,1,1.0
2026-04-15 11:00,18.73,18.73,18.73,1,1.0
2026-04-15 12:00,19.86,19.86,19.86,1,1.0
2026-04-15 13:00,20.12,20.12,20.12,1,1.0
2026-04-15 14:00,20.33,20.33,20.33,1,1.0
2026-04-15 15:00,19.47,19.47,19.47,1,1.0
2026-04-15 16:00,18.47,18.47,18.47,1,1.0
2026-04-15 17:00,17.31,17.31,17.31,1,1.0
2026-04-15 18:00,17.04,17.04,17.04,1,1.0
2026-04-15 19:00,16.43,16.43,16.43,1,1.0
2026-04-15 20:00,17.18,17.18,17.18,1,1.0
2026-04-15 21:00,16.14,16.14,16.14,1,1.0
2026-04-15 22:00,15.72,15.72,15.72,1,1.0
2026-04-15 23:00,15.69,15.69,15.69,1,1.0
2026-04-16 00:00,15.33,15.33,15.33,1,1.0
2026-04-16 01:00,15.01,15.01,15.01,1,1.0
2026-04-16 02:00,14.73,14.73,14.73,1,1.0
2026-04-16 03:00,14.62,14.62,14.62,1,1.0
2026-04-16 04:00,14.5,14.5,14.5,1,1.0
2026-04-16 05:00,14.35,14.35,14.35,1,1.0
2026-04-16 06:00,14.29,14.29,14.29,1,1.0
2026-04-16 07:00,14.7,14.7,14.7,1,1.0
2026-04-16 08:00,15.63,15.63,15.63,1,1.0
2026-04-16 09:00,16.72,16.72,16.72,1,1.0
2026-04-16 10:00,17.74,17.74,17.74,1,1.0
2026-04-16 11:00,18.54,18.54,18.54,1,1.0
2026-04-16 12:00,19.29,19.29,19.29,1,1.0
2026-04-16 13:00,19.57,19.57,19.57,1,1.0
2026-04-16 14:00,19.34,19.34,19.34,1,1.0
2026-04-16 15:00,19.28,19.28,19.28,1,1.0
2026-04-16 16:00,18.86,18.86,18.86,1,1.0
2026-04-16 17:00,18.27,18.27,18.27,1,1.0
2026-04-16 18:00,17.86,17.86,17.86,1,1.0
2026-04-16 19:00,17.18,17.18,17.18,1,1.0
2026-04-16 20:00,17.27,17.27,17.27,1,1.0
2026-04-16 21:00,16.72,16.72,16.72,1,1.0
2026-04-16 22:00,16.07,16.07,16.07,1,1.0
2026-04-16 23:00,15.44,15.44,15.44,1,1.0
2026-04-17 00:00,14.92,14.92,14.92,1,1.0
2026-04-17 01:00,14.38,14.38,14.38,1,1.0
2026-04-17 02:00,14.03,14.03,14.03,1,1.0
2026-04-17 03:00,13.65,13.65,13.65,1,1.0
2026-04-17 04:00,13.3,13.3,13.3,1,1.0
2026-04-17 05:00,13.02,13.02,13.02,1,1.0
2026-04-17 06:00,12.9,12.9,12.9,1,1.0
2026-04-17 07:00,14.19,14.19,14.19,1,1.0
2026-04-17 08:00,16.36,16.36,16.36,1,1.0
2026-04-17 09:00,18.17,18.17,18.17,1,1.0
2026-04-17 10:00,19.48,19.48,19.48,1,1.0
2026-04-17 11:00,20.52,20.52,20.52,1,1.0
2026-04-17 12:00,21.15,21.15,21.15,1,1.0
2026-04-17 13:00,21.37,21.37,21.37,1,1.0
2026-04-17 14:00,21.4,21.4,21.4,1,1.0
2026-04-17 15:00,21.25,21.25,21.25,1,1.0
2026-04-17 16:00,20.85,20.85,20.85,1,1.0
2026-04-17 17:00,20.42,20.42,20.42,1,1.0
2026-04-17 18:00,19.72,19.72,19.72,1,1.0
2026-04-17 19:00,18.82,18.82,18.82,1,1.0
2026-04-17 20:00,18.48,18.48,18.48,1,1.0
2026-04-17 21:00,17.77,17.77,17.77,1,1.0
2026-04-17 22:00,17.11,17.11,17.11,1,1.0
2026-04-17 23:00,16.48,16.48,16.48,1,1.0
2026-04-18 00:00,15.88,15.88,15.88,1,1.0
2026-04-18 01:00,15.31,15.31,15.31,1,1.0
2026-04-18 02:00,14.77,14.77,14.77,1,1.0
2026-04-18 03:00,14.31,14.31,14.31,1,1.0
2026-04-18 04:00,13.95,13.95,13.95,1,1.0
2026-04-18 05:00,13.63,13.63,13.63,1,1.0
2026-04-18 06:00,13.58,13.58,13.58,1,1.0
2026-04-18 07:00,14.75,14.75,14.75,1,1.0
2026-04-18 08:00,16.81,16.81,16.81,1,1.0
2026-04-18 09:00,18.21,18.21,18.21,1,1.0
2026-04-18 10:00,19.41,19.41,19.41,1,1.0
2026-04-18 11:00,20.38,20.38,20.38,1,1.0
2026-04-18 12:00,21.02,21.02,21.02,1,1.0
2026-04-18 13:00,21.34,21.34,21.34,1,1.0
2026-04-18 14:00,21.35,21.35,21.35,1,1.0
2026-04-18 15:00,21.3,21.3,21.3,1,1.0
2026-04-18 16:00,20.98,20.98,20.98,1,1.0
2026-04-18 17:00,20.37,20.37,20.37,1,1.0
2026-04-18 18:00,19.41,19.41,19.41,1,1.0
2026-04-18 19:00,18.17,18.17,18.17,1,1.0
2026-04-18 20:00,18.01,18.01,18.01,1,1.0
2026-04-18 21:00,16.91,16.91,16.91,1,1.0
2026-04-18 22:00,16.01,16.01,16.01,1,1.0
2026-04-18 23:00,15.14,15.14,15.14,1,1.0
2026-04-19 00:00,14.42,14.42,14.42,1,1.0
2026-04-19 01:00,13.82,13.82,13.82,1,1.0
2026-04-19 02:00,13.39,13.39,13.39,1,1.0
2026-04-19 03:00,13.04,13.04,13.04,1,1.0
2026-04-19 04:00,12.75,12.75,12.75,1,1.0
2026-04-19 05:00,12.42,12.42,12.42,1,1.0
2026-04-19 06:00,12.35,12.35,12.35,1,1.0
2026-04-19 07:00,13.78,13.78,13.78,1,1.0
2026-04-19 08:00,16.44,16.44,16.44,1,1.0
2026-04-19 09:00,17.87,17.87,17.87,1,1.0
2026-04-19 10:00,18.53,18.53,18.53,1,1.0
2026-04-19 11:00,18.91,18.91,18.91,1,1.0
2026-04-19 12:00,19.09,19.09,19.09,1,1.0
2026-04-19 13:00,19.01,19.01,19.01,1,1.0
2026-04-19 14:00,18.98,18.98,18.98,1,1.0
2026-04-19 15:00,18.7,18.7,18.7,1,1.0
2026-04-19 16:00,18.27,18.27,18.27,1,1.0
2026-04-19 17:00,17.73,17.73,17.73,1,1.0
2026-04-19 18:00,16.98,16.98,16.98,1,1.0
2026-04-19 19:00,16.1,16.1,16.1,1,1.0
2026-04-19 20:00,14.98,14.98,14.98,1,1.0
2026-04-19 21:00,14.4,14.4,14.4,1,1.0
2026-04-19 22:00,13.3,13.3,13.3,1,1.0
2026-04-19 23:00,12.69,12.69,12.69,1,1.0
2026-04-20 00:00,11.91,11.91,11.91,1,1.0
2026-04-20 01:00,11.62,11.62,11.62,1,1.0
2026-04-20 02:00,11.58,11.58,11.58,1,1.0
2026-04-20 03:00,11.82,11.82,11.82,1,1.0
2026-04-20 04:00,11.85,11.85,11.85,1,1.0
2026-04-20 05:00,11.97,11.97,11.97,1,1.0
2026-04-20 06:00,12.23,12.23,12.23,1,1.0
2026-04-20 07:00,13.05,13.05,13.05,1,1.0
2026-04-20 08:00,14.66,14.66,14.66,1,1.0
2026-04-20 09:00,15.96,15.96,15.96,1,1.0
2026-04-20 10:00,16.73,16.73,16.73,1,1.0
2026-04-20 11:00,17.28,17.28,17.28,1,1.0
2026-04-20 12:00,17.58,17.58,17.58,1,1.0
2026-04-20 13:00,17.86,17.86,17.86,1,1.0
2026-04-20 14:00,17.84,17.84,17.84,1,1.0
2026-04-20 15:00,17.73,17.73,17.73,1,1.0
2026-04-20 16:00,17.3,17.3,17.3,1,1.0
2026-04-20 17:00,16.84,16.84,16.84,1,1.0
2026-04-20 18:00,16.21,16.21,16.21,1,1.0
2026-04-20 19:00,15.45,15.45,15.45,1,1.0
2026-04-20 20:00,14.88,14.88,14.88,1,1.0
2026-04-20 21:00,14.28,14.28,14.28,1,1.0
2026-04-20 22:00,13.67,13.67,13.67,1,1.0
2026-04-20 23:00,13.18,13.18,13.18,1,1.0
2026-04-21 00:00,12.9,12.9,12.9,1,1.0
2026-04-21 01:00,12.66,12.66,12.66,1,1.0
2026-04-21 02:00,12.54,12.54,12.54,1,1.0
2026-04-21 03:00,12.38,12.38,12.38,1,1.0
2026-04-21 04:00,12.33,12.33,12.33,1,1.0
2026-04-21 05:00,12.11,12.11,12.11,1,1.0
2026-04-21 06:00,12.39,12.39,12.39,1,1.0
2026-04-21 07:00,14.3,14.3,14.3,1,1.0
2026-04-21 08:00,15.2,15.2,15.2,1,1.0
2026-04-21 09:00,16.24,16.24,16.24,1,1.0
2026-04-21 10:00,17.21,17.21,17.21,1,1.0
2026-04-21 11:00,17.98,17.98,17.98,1,1.0
2026-04-21 12:00,18.32,18.32,18.32,1,1.0
2026-04-21 13:00,18.49,18.49,18.49,1,1.0
2026-04-21 14:00,18.25,18.25,18.25,1,1.0
2026-04-21 15:00,17.85,17.85,17.85,1,1.0
2026-04-21 16:00,17.43,17.43,17.43,1,1.0
2026-04-21 17:00,16.97,16.97,16.97,1,1.0
2026-04-21 18:00,16.43,16.43,16.43,1,1.0
2026-04-21 19:00,15.74,15.74,15.74,1,1.0
2026-04-21 20:00,15.11,15.11,15.11,1,1.0
2026-04-21 21:00,14.33,14.33,14.33,1,1.0
2026-04-21 22:00,13.63,13.63,13.63,1,1.0
2026-04-21 23:00,13.36,13.36,13.36,1,1.0
2026-04-22 00:00,12.98,12.98,12.98,1,1.0
2026-04-22 01:00,13.07,13.07,13.07,1,1.0
2026-04-22 02:00,13.87,13.87,13.87,1,1.0
2026-04-22 03:00,13.78,13.78,13.78,1,1.0
2026-04-22 04:00,13.65,13.65,13.65,1,1.0
2026-04-22 05:00,13.48,13.48,13.48,1,1.0
2026-04-22 06:00,13.3,13.3,13.3,1,1.0
2026-04-22 07:00,13.78,13.78,13.78,1,1.0
2026-04-22 08:00,14.78,14.78,14.78,1,1.0
2026-04-22 09:00,15.72,15.72,15.72,1,1.0
2026-04-22 10:00,16.79,16.79,16.79,1,1.0
2026-04-22 11:00,17.57,17.57,17.57,1,1.0
2026-04-22 12:00,17.86,17.86,17.86,1,1.0
2026-04-22 13:00,17.54,17.54,17.54,1,1.0
2026-04-22 14:00,17.06,17.06,17.06,1,1.0
2026-04-22 15:00,16.13,16.13,16.13,1,1.0
2026-04-22 16:00,15.24,15.24,15.24,1,1.0
2026-04-22 17:00,14.65,14.65,14.65,1,1.0
2026-04-22 18:00,14.35,14.35,14.35,1,1.0
2026-04-22 19:00,13.89,13.89,13.89,1,1.0
2026-04-22 20:00,13.58,13.58,13.58,1,1.0
2026-04-22 21:00,13.13,13.13,13.13,1,1.0
2026-04-22 22:00,12.72,12.72,12.72,1,1.0
2026-04-22 23:00,12.41,12.41,12.41,1,1.0
2026-04-23 00:00,12.01,12.01,12.01,1,1.0
2026-04-23 01:00,11.62,11.62,11.62,1,1.0
2026-04-23 02:00,11.37,11.37,11.37,1,1.0
2026-04-23 03:00,11.1,11.1,11.1,1,1.0
2026-04-23 04:00,10.87,10.87,10.87,1,1.0
2026-04-23 05:00,10.66,10.66,10.66,1,1.0
2026-04-23 06:00,10.71,10.71,10.71,1,1.0
2026-04-23 07:00,11.47,11.47,11.47,1,1.0
2026-04-23 08:00,12.13,12.13,12.13,1,1.0
2026-04-23 09:00,13.35,13.35,13.35,1,1.0
2026-04-23 10:00,14.47,14.47,14.47,1,1.0
2026-04-23 11:00,15.43,15.43,15.43,1,1.0
2026-04-23 12:00,15.97,15.97,15.97,1,1.0
2026-04-23 13:00,16.1,16.1,16.1,1,1.0
2026-04-23 14:00,16.18,16.18,16.18,1,1.0
2026-04-23 15:00,16.22,16.22,16.22,1,1.0
2026-04-23 16:00,15.87,15.87,15.87,1,1.0
2026-04-23 17:00,15.32,15.32,15.32,1,1.0
2026-04-23 18:00,14.52,14.52,14.52,1,1.0
2026-04-23 19:00,13.56,13.56,13.56,1,1.0
2026-04-23 20:00,12.91,12.91,12.91,1,1.0
2026-04-23 21:00,12.29,12.29,12.29,1,1.0
2026-04-23 22:00,11.76,11.76,11.76,1,1.0
2026-04-23 23:00,11.27,11.27,11.27,1,1.0
2026-04-24 00:00,10.81,10.81,10.81,1,1.0
2026-04-24 01:00,10.37,10.37,10.37,1,1.0
2026-04-24 02:00,10.04,10.04,10.04,1,1.0
2026-04-24 03:00,9.75,9.75,9.75,1,1.0
2026-04-24 04:00,9.54,9.54,9.54,1,1.0
2026-04-24 05:00,9.44,9.44,9.44,1,1.0
2026-04-24 06:00,9.59,9.59,9.59,1,1.0
2026-04-24 07:00,11.3,11.3,11.3,1,1.0
2026-04-24 08:00,13.7,13.7,13.7,1,1.0
2026-04-24 09:00,15.29,15.29,15.29,1,1.0
2026-04-24 10:00,16.59,16.59,16.59,1,1.0
2026-04-24 11:00,17.72,17.72,17.72,1,1.0
2026-04-24 12:00,18.48,18.48,18.48,1,1.0
2026-04-24 13:00,18.82,18.82,18.82,1,1.0
2026-04-24 14:00,18.91,18.91,18.91,1,1.0
2026-04-24 15:00,18.86,18.86,18.86,1,1.0
2026-04-24 16:00,18.58,18.58,18.58,1,1.0
2026-04-24 17:00,18.05,18.05,18.05,1,1.0
2026-04-24 18:00,17.25,17.25,17.25,1,1.0
2026-04-24 19:00,16.38,16.38,16.38,1,1.0
2026-04-24 20:00,15.61,15.61,15.61,1,1.0
2026-04-24 21:00,14.9,14.9,14.9,1,1.0
2026-04-24 22:00,13.7,13.7,13.7,1,1.0
2026-04-24 23:00,12.66,12.66,12.66,1,1.0
2026-04-25 00:00,11.88,11.88,11.88,1,1.0
2026-04-25 01:00,11.43,11.43,11.43,1,1.0
2026-04-25 02:00,11.07,11.07,11.07,1,1.0
2026-04-25 03:00,11.1,11.1,11.1,1,1.0
2026-04-25 04:00,11.51,11.51,11.51,1,1.0
2026-04-25 05:00,11.93,11.93,11.93,1,1.0
2026-04-25 06:00,12.38,12.38,12.38,1,1.0
2026-04-25 07:00,13.18,13.18,13.18,1,1.0
2026-04-25 08:00,15.11,15.11,15.11,1,1.0
2026-04-25 09:00,16.15,16.15,16.15,1,1.0
2026-04-25 10:00,17.11,17.11,17.11,1,1.0
2026-04-25 11:00,17.99,17.99,17.99,1,1.0
2026-04-25 12:00,18.57,18.57,18.57,1,1.0
2026-04-25 13:00,18.83,18.83,18.83,1,1.0
2026-04-25 14:00,18.7,18.7,18.7,1,1.0
2026-04-25 15:00,18.37,18.37,18.37,1,1.0
2026-04-25 16:00,17.82,17.82,17.82,1,1.0
2026-04-25 17:00,17.14,17.14,17.14,1,1.0
2026-04-25 18:00,16.39,16.39,16.39,1,1.0
2026-04-25 19:00,15.46,15.46,15.46,1,1.0
2026-04-25 20:00,14.48,14.48,14.48,1,1.0
2026-04-25 21:00,13.57,13.57,13.57,1,1.0
2026-04-25 22:00,13.94,13.94,13.94,1,1.0
2026-04-25 23:00,13.79,13.79,13.79,1,1.0
2026-04-26 00:00,13.27,13.27,13.27,1,1.0
2026-04-26 01:00,12.93,12.93,12.93,1,1.0
2026-04-26 02:00,10.92,10.92,10.92,1,1.0
2026-04-26 03:00,10.35,10.35,10.35,1,1.0
2026-04-26 04:00,10.86,10.86,10.86,1,1.0
2026-04-26 05:00,10.65,10.65,10.65,1,1.0
2026-04-26 06:00,10.54,10.54,10.54,1,1.0
2026-04-26 07:00,11.37,11.37,11.37,1,1.0
2026-04-26 08:00,13.35,13.35,13.35,1,1.0
2026-04-26 09:00,14.91,14.91,14.91,1,1.0
2026-04-26 10:00,16.15,16.15,16.15,1,1.0
2026-04-26 11:00,17.13,17.13,17.13,1,1.0
2026-04-26 12:00,17.81,17.81,17.81,1,1.0
2026-04-26 13:00,18.28,18.28,18.28,1,1.0
2026-04-26 14:00,18.47,18.47,18.47,1,1.0
2026-04-26 15:00,18.41,18.41,18.41,1,1.0
2026-04-26 16:00,18.08,18.08,18.08,1,1.0
2026-04-26 17:00,17.41,17.41,17.41,1,1.0
2026-04-26 18:00,16.67,16.67,16.67,1,1.0
2026-04-26 19:00,15.95,15.95,15.95,1,1.0
2026-04-26 20:00,15.08,15.08,15.08,1,1.0
2026-04-26 21:00,15.15,15.15,15.15,1,1.0
2026-04-26 22:00,14.78,14.78,14.78,1,1.0
2026-04-26 23:00,14.4,14.4,14.4,1,1.0
2026-04-27 00:00,14.06,14.06,14.06,1,1.0
2026-04-27 01:00,13.72,13.72,13.72,1,1.0
2026-04-27 02:00,13.54,13.54,13.54,1,1.0
2026-04-27 03:00,13.34,13.34,13.34,1,1.0
2026-04-27 04:00,12.75,12.75,12.75,1,1.0
2026-04-27 05:00,11.3,11.3,11.3,1,1.0
2026-04-27 06:00,10.43,10.43,10.43,1,1.0
2026-04-27 07:00,13.12,13.12,13.12,1,1.0
2026-04-27 08:00,14.84,14.84,14.84,1,1.0
2026-04-27 09:00,16.44,16.44,16.44,1,1.0
2026-04-27 10:00,18.0,18.0,18.0,1,1.0
2026-04-27 11:00,19.1,19.1,19.1,1,1.0
2026-04-27 12:00,19.66,19.66,19.66,1,1.0
2026-04-27 13:00,19.73,19.73,19.73,1,1.0
2026-04-27 14:00,19.58,19.58,19.58,1,1.0
2026-04-27 15:00,19.37,19.37,19.37,1,1.0
2026-04-27 16:00,19.06,19.06,19.06,1,1.0
2026-04-27 17:00,18.54,18.54,18.54,1,1.0
2026-04-27 18:00,17.79,17.79,17.79,1,1.0
2026-04-27 19:00,16.86,16.86,16.86,1,1.0
2026-04-27 20:00,15.93,15.93,15.93,1,1.0
2026-04-27 21:00,15.88,15.88,15.88,1,1.0
2026-04-27 22:00,15.8,15.8,15.8,1,1.0
2026-04-27 23:00,15.45,15.45,15.45,1,1.0
2026-04-28 00:00,15.18,15.18,15.18,1,1.0
2026-04-28 01:00,14.92,14.92,14.92,1,1.0
2026-04-28 02:00,13.21,13.21,13.21,1,1.0
2026-04-28 03:00,12.16,12.16,12.16,1,1.0
2026-04-28 04:00,11.58,11.58,11.58,1,1.0
2026-04-28 05:00,11.46,11.46,11.46,1,1.0
2026-04-28 06:00,11.97,11.97,11.97,1,1.0
2026-04-28 07:00,14.8,14.8,14.8,1,1.0
2026-04-28 08:00,17.14,17.14,17.14,1,1.0
2026-04-28 09:00,18.49,18.49,18.49,1,1.0
2026-04-28 10:00,19.45,19.45,19.45,1,1.0
2026-04-28 11:00,20.01,20.01,20.01,1,1.0
2026-04-28 12:00,20.2,20.2,20.2,1,1.0
2026-04-28 13:00,20.25,20.25,20.25,1,1.0
2026-04-28 14:00,20.29,20.29,20.29,1,1.0
2026-04-28 15:00,20.16,20.16,20.16,1,1.0
2026-04-28 16:00,19.87,19.87,19.87,1,1.0
2026-04-28 17:00,19.45,19.45,19.45,1,1.0
2026-04-28 18:00,18.71,18.71,18.71,1,1.0
2026-04-28 19:00,17.86,17.86,17.86,1,1.0
2026-04-28 20:00,17.05,17.05,17.05,1,1.0
2026-04-28 21:00,15.24,15.24,15.24,1,1.0
2026-04-28 22:00,14.47,14.47,14.47,1,1.0
2026-04-28 23:00,13.52,13.52,13.52,1,1.0
2026-04-29 00:00,13.03,13.03,13.03,1,1.0
2026-04-29 01:00,12.83,12.83,12.83,1,1.0
2026-04-29 02:00,12.34,12.34,12.34,1,1.0
2026-04-29 03:00,11.49,11.49,11.49,1,1.0
2026-04-29 04:00,11.14,11.14,11.14,1,1.0
2026-04-29 05:00,10.95,10.95,10.95,1,1.0
2026-04-29 06:00,11.42,11.42,11.42,1,1.0
2026-04-29 07:00,14.87,14.87,14.87,1,1.0
2026-04-29 08:00,18.31,18.31,18.31,1,1.0
2026-04-29 09:00,19.75,19.75,19.75,1,1.0
2026-04-29 10:00,20.71,20.71,20.71,1,1.0
2026-04-29 11:00,21.36,21.36,21.36,1,1.0
2026-04-29 12:00,21.34,21.34,21.34,1,1.0
2026-04-29 13:00,21.34,21.34,21.34,1,1.0
2026-04-29 14:00,21.13,21.13,21.13,1,1.0
2026-04-29 15:00,20.96,20.96,20.96,1,1.0
2026-04-29 16:00,20.76,20.76,20.76,1,1.0
2026-04-29 17:00,20.38,20.38,20.38,1,1.0
2026-04-29 18:00,19.68,19.68,19.68,1,1.0
2026-04-29 19:00,18.73,18.73,18.73,1,1.0
2026-04-29 20:00,17.16,17.16,17.16,1,1.0
2026-04-29 21:00,16.8,16.8,16.8,1,1.0
2026-04-29 22:00,16.94,16.94,16.94,1,1.0
2026-04-29 23:00,16.8,16.8,16.8,1,1.0
2026-04-30 00:00,14.67,14.67,14.67,1,1.0
2026-04-30 01:00,14.43,14.43,14.43,1,1.0
2026-04-30 02:00,14.58,14.58,14.58,1,1.0
2026-04-30 03:00,14.38,14.38,14.38,1,1.0
2026-04-30 04:00,13.96,13.96,13.96,1,1.0
2026-04-30 05:00,14.12,14.12,14.12,1,1.0
2026-04-30 06:00,14.42,14.42,14.42,1,1.0
2026-04-30 07:00,14.38,14.38,14.38,1,1.0
2026-04-30 08:00,15.43,15.43,15.43,1,1.0
2026-04-30 09:00,16.03,16.03,16.03,1,1.0
2026-04-30 10:00,16.63,16.63,16.63,1,1.0
2026-04-30 11:00,17.0,17.0,17.0,1,1.0
2026-04-30 12:00,17.24,17.24,17.24,1,1.0
2026-04-30 13:00,17.84,17.84,17.84,1,1.0
2026-04-30 14:00,18.68,18.68,18.68,1,1.0
2026-04-30 15:00,18.96,18.96,18.96,1,1.0
2026-04-30 16:00,18.58,18.58,18.58,1,1.0
2026-04-30 17:00,17.53,17.53,17.53,1,1.0
2026-04-30 18:00,16.28,16.28,16.28,1,1.0
2026-04-30 19:00,14.99,14.99,14.99,1,1.0
2026-04-30 20:00,14.14,14.14,14.14,1,1.0
2026-04-30 21:00,13.38,13.38,13.38,1,1.0
2026-04-30 22:00,12.68,12.68,12.68,1,1.0
2026-04-30 23:00,12.17,12.17,12.17,1,1.0
2026-05-01 00:00,11.78,11.78,11.78,1,1.0
2026-05-01 01:00,11.51,11.51,11.51,1,1.0
2026-05-01 02:00,11.34,11.34,11.34,1,1.0
2026-05-01 03:00,11.13,11.13,11.13,1,1.0
2026-05-01 04:00,10.96,10.96,10.96,1,1.0
2026-05-01 05:00,10.83,10.83,10.83,1,1.0
2026-05-01 06:00,11.02,11.02,11.02,1,1.0
2026-05-01 07:00,12.01,12.01,12.01,1,1.0
2026-05-01 08:00,12.73,12.73,12.73,1,1.0
2026-05-01 09:00,13.84,13.84,13.84,1,1.0
2026-05-01 10:00,14.83,14.83,14.83,1,1.0
2026-05-01 11:00,15.52,15.52,15.52,1,1.0
2026-05-01 12:00,16.23,16.23,16.23,1,1.0
2026-05-01 13:00,16.68,16.68,16.68,1,1.0
2026-05-01 14:00,16.86,16.86,16.86,1,1.0
2026-05-01 15:00,16.71,16.71,16.71,1,1.0
2026-05-01 16:00,16.27,16.27,16.27,1,1.0
2026-05-01 17:00,15.45,15.45,15.45,1,1.0
2026-05-01 18:00,14.44,14.44,14.44,1,1.0
2026-05-01 19:00,13.37,13.37,13.37,1,1.0
2026-05-01 20:00,12.68,12.68,12.68,1,1.0
2026-05-01 21:00,12.07,12.07,12.07,1,1.0
2026-05-01 22:00,11.52,11.52,11.52,1,1.0
2026-05-01 23:00,11.11,11.11,11.11,1,1.0
2026-05-02 00:00,10.73,10.73,10.73,1,1.0
2026-05-02 01:00,10.45,10.45,10.45,1,1.0
2026-05-02 02:00,10.4,10.4,10.4,1,1.0
2026-05-02 03:00,10.3,10.3,10.3,1,1.0
2026-05-02 04:00,10.2,10.2,10.2,1,1.0
2026-05-02 05:00,10.05,10.05,10.05,1,1.0
2026-05-02 06:00,10.26,10.26,10.26,1,1.0
2026-05-02 07:00,11.71,11.71,11.71,1,1.0
2026-05-02 08:00,13.51,13.51,13.51,1,1.0
2026-05-02 09:00,15.08,15.08,15.08,1,1.0
2026-05-02 10:00,16.43,16.43,16.43,1,1.0
2026-05-02 11:00,17.35,17.35,17.35,1,1.0
2026-05-02 12:00,17.99,17.99,17.99,1,1.0
2026-05-02 13:00,18.38,18.38,18.38,1,1.0
2026-05-02 14:00,18.66,18.66,18.66,1,1.0
2026-05-02 15:00,18.84,18.84,18.84,1,1.0
2026-05-02 16:00,18.66,18.66,18.66,1,1.0
2026-05-02 17:00,18.18,18.18,18.18,1,1.0
2026-05-02 18:00,17.46,17.46,17.46,1,1.0
2026-05-02 19:00,16.47,16.47,16.47,1,1.0
2026-05-02 20:00,15.49,15.49,15.49,1,1.0
2026-05-02 21:00,14.22,14.22,14.22,1,1.0
2026-05-02 22:00,13.21,13.21,13.21,1,1.0
2026-05-02 23:00,12.53,12.53,12.53,1,1.0
2026-05-03 00:00,11.86,11.86,11.86,1,1.0
2026-05-03 01:00,11.22,11.22,11.22,1,1.0
2026-05-03 02:00,10.59,10.59,10.59,1,1.0
2026-05-03 03:00,10.14,10.14,10.14,1,1.0
2026-05-03 04:00,9.87,9.87,9.87,1,1.0
2026-05-03 05:00,9.83,9.83,9.83,1,1.0
2026-05-03 06:00,10.17,10.17,10.17,1,1.0
2026-05-03 07:00,13.73,13.73,13.73,1,1.0
2026-05-03 08:00,15.56,15.56,15.56,1,1.0
2026-05-03 09:00,16.88,16.88,16.88,1,1.0
2026-05-03 10:00,17.86,17.86,17.86,1,1.0
2026-05-03 11:00,18.51,18.51,18.51,1,1.0
2026-05-03 12:00,18.86,18.86,18.86,1,1.0
2026-05-03 13:00,18.98,18.98,18.98,1,1.0
2026-05-03 14:00,18.95,18.95,18.95,1,1.0
2026-05-03 15:00,18.51,18.51,18.51,1,1.0
2026-05-03 16:00,17.79,17.79,17.79,1,1.0
2026-05-03 17:00,17.26,17.26,17.26,1,1.0
2026-05-03 18:00,16.51,16.51,16.51,1,1.0
2026-05-03 19:00,15.78,15.78,15.78,1,1.0
2026-05-03 20:00,15.05,15.05,15.05,1,1.0
2026-05-03 21:00,13.79,13.79,13.79,1,1.0
2026-05-03 22:00,13.13,13.13,13.13,1,1.0
2026-05-03 23:00,12.89,12.89,12.89,1,1.0
2026-05-04 00:00,14.03,14.03,14.03,1,1.0
2026-05-04 01:00,13.68,13.68,13.68,1,1.0
2026-05-04 02:00,13.21,13.21,13.21,1,1.0
2026-05-04 03:00,11.96,11.96,11.96,1,1.0
2026-05-04 04:00,11.76,11.76,11.76,1,1.0
2026-05-04 05:00,11.83,11.83,11.83,1,1.0
2026-05-04 06:00,12.43,12.43,12.43,1,1.0
2026-05-04 07:00,13.51,13.51,13.51,1,1.0
2026-05-04 08:00,14.51,14.51,14.51,1,1.0
2026-05-04 09:00,15.85,15.85,15.85,1,1.0
2026-05-04 10:00,16.73,16.73,16.73,1,1.0
2026-05-04 11:00,17.45,17.45,17.45,1,1.0
2026-05-04 12:00,18.08,18.08,18.08,1,1.0
2026-05-04 13:00,18.67,18.67,18.67,1,1.0
2026-05-04 14:00,18.71,18.71,18.71,1,1.0
2026-05-04 15:00,18.6,18.6,18.6,1,1.0
2026-05-04 16:00,18.26,18.26,18.26,1,1.0
2026-05-04 17:00,17.81,17.81,17.81,1,1.0
2026-05-04 18:00,17.17,17.17,17.17,1,1.0
2026-05-04 19:00,16.42,16.42,16.42,1,1.0
2026-05-04 20:00,15.58,15.58,15.58,1,1.0
2026-05-04 21:00,15.34,15.34,15.34,1,1.0
2026-05-04 22:00,15.1,15.1,15.1,1,1.0
2026-05-04 23:00,15.39,15.39,15.39,1,1.0
2026-05-05 00:00,15.17,15.17,15.17,1,1.0
2026-05-05 01:00,15.01,15.01,15.01,1,1.0
2026-05-05 02:00,14.89,14.89,14.89,1,1.0
2026-05-05 03:00,13.16,13.16,13.16,1,1.0
2026-05-05 04:00,12.13,12.13,12.13,1,1.0
2026-05-05 05:00,12.07,12.07,12.07,1,1.0
2026-05-05 06:00,12.64,12.64,12.64,1,1.0
2026-05-05 07:00,14.32,14.32,14.32,1,1.0
2026-05-05 08:00,15.59,15.59,15.59,1,1.0
2026-05-05 09:00,15.64,15.64,15.64,1,1.0
2026-05-05 10:00,15.67,15.67,15.67,1,1.0
2026-05-05 11:00,16.04,16.04,16.04,1,1.0
2026-05-05 12:00,16.93,16.93,16.93,1,1.0
2026-05-05 13:00,17.44,17.44,17.44,1,1.0
2026-05-05 14:00,17.48,17.48,17.48,1,1.0
2026-05-05 15:00,16.33,16.33,16.33,1,1.0
2026-05-05 16:00,15.54,15.54,15.54,1,1.0
2026-05-05 17:00,15.35,15.35,15.35,1,1.0
2026-05-05 18:00,15.03,15.03,15.03,1,1.0
2026-05-05 19:00,14.61,14.61,14.61,1,1.0
2026-05-05 20:00,16.03,16.03,16.03,1,1.0
2026-05-05 21:00,15.85,15.85,15.85,1,1.0
2026-05-05 22:00,15.62,15.62,15.62,1,1.0
2026-05-05 23:00,14.76,14.76,14.76,1,1.0
2026-05-06 00:00,13.24,13.24,13.24,1,1.0
2026-05-06 01:00,12.87,12.87,12.87,1,1.0
2026-05-06 02:00,12.71,12.71,12.71,1,1.0
2026-05-06 03:00,12.55,12.55,12.55,1,1.0
2026-05-06 04:00,12.97,12.97,12.97,1,1.0
2026-05-06 05:00,13.74,13.74,13.74,1,1.0
2026-05-06 06:00,13.7,13.7,13.7,1,1.0
2026-05-06 07:00,14.85,14.85,14.85,1,1.0
2026-05-06 08:00,16.55,16.55,16.55,1,1.0
2026-05-06 09:00,17.2,17.2,17.2,1,1.0
2026-05-06 10:00,17.9,17.9,17.9,1,1.0
2026-05-06 11:00,18.52,18.52,18.52,1,1.0
2026-05-06 12:00,19.38,19.38,19.38,1,1.0
2026-05-06 13:00,19.53,19.53,19.53,1,1.0
2026-05-06 14:00,19.3,19.3,19.3,1,1.0
2026-05-06 15:00,19.57,19.57,19.57,1,1.0
2026-05-06 16:00,19.32,19.32,19.32,1,1.0
2026-05-06 17:00,18.6,18.6,18.6,1,1.0
2026-05-06 18:00,17.95,17.95,17.95,1,1.0
2026-05-06 19:00,17.66,17.66,17.66,1,1.0
2026-05-06 20:00,16.25,16.25,16.25,1,1.0
2026-05-06 21:00,16.31,16.31,16.31,1,1.0
2026-05-06 22:00,15.74,15.74,15.74,1,1.0
2026-05-06 23:00,15.5,15.5,15.5,1,1.0
2026-05-07 00:00,15.34,15.34,15.34,1,1.0
2026-05-07 01:00,14.97,14.97,14.97,1,1.0
2026-05-07 02:00,14.96,14.96,14.96,1,1.0
2026-05-07 03:00,14.8,14.8,14.8,1,1.0
2026-05-07 04:00,14.98,14.98,14.98,1,1.0
2026-05-07 05:00,15.51,15.51,15.51,1,1.0
2026-05-07 06:00,15.65,15.65,15.65,1,1.0
2026-05-07 07:00,16.27,16.27,16.27,1,1.0
2026-05-07 08:00,17.83,17.83,17.83,1,1.0
2026-05-07 09:00,19.49,19.49,19.49,1,1.0
2026-05-07 10:00,20.77,20.77,20.77,1,1.0
2026-05-07 11:00,21.72,21.72,21.72,1,1.0
2026-05-07 12:00,22.39,22.39,22.39,1,1.0
2026-05-07 13:00,22.7,22.7,22.7,1,1.0
2026-05-07 14:00,22.76,22.76,22.76,1,1.0
2026-05-07 15:00,22.62,22.62,22.62,1,1.0
2026-05-07 16:00,22.25,22.25,22.25,1,1.0
2026-05-07 17:00,21.76,21.76,21.76,1,1.0
2026-05-07 18:00,21.21,21.21,21.21,1,1.0
2026-05-07 19:00,20.55,20.55,20.55,1,1.0
2026-05-07 20:00,19.89,19.89,19.89,1,1.0
2026-05-07 21:00,19.2,19.2,19.2,1,1.0
2026-05-07 22:00,17.53,17.53,17.53,1,1.0
2026-05-07 23:00,16.72,16.72,16.72,1,1.0
2026-05-08 00:00,16.47,16.47,16.47,1,1.0
2026-05-08 01:00,16.16,16.16,16.16,1,1.0
2026-05-08 02:00,15.74,15.74,15.74,1,1.0
2026-05-08 03:00,15.04,15.04,15.04,1,1.0
2026-05-08 04:00,15.29,15.29,15.29,1,1.0
2026-05-08 05:00,15.41,15.41,15.41,1,1.0
2026-05-08 06:00,15.68,15.68,15.68,1,1.0
2026-05-08 07:00,15.65,15.65,15.65,1,1.0
2026-05-08 08:00,16.47,16.47,16.47,1,1.0
2026-05-08 09:00,16.89,16.89,16.89,1,1.0
2026-05-08 10:00,17.14,17.14,17.14,1,1.0
2026-05-08 11:00,17.71,17.71,17.71,1,1.0
2026-05-08 12:00,18.45,18.45,18.45,1,1.0
2026-05-08 13:00,18.5,18.5,18.5,1,1.0
2026-05-08 14:00,18.58,18.58,18.58,1,1.0
2026-05-08 15:00,18.77,18.77,18.77,1,1.0
2026-05-08 16:00,18.6,18.6,18.6,1,1.0
2026-05-08 17:00,18.19,18.19,18.19,1,1.0
2026-05-08 18:00,17.61,17.61,17.61,1,1.0
2026-05-08 19:00,17.05,17.05,17.05,1,1.0
2026-05-08 20:00,16.61,16.61,16.61,1,1.0
2026-05-08 21:00,15.92,15.92,15.92,1,1.0
2026-05-08 22:00,15.47,15.47,15.47,1,1.0
2026-05-08 23:00,15.15,15.15,15.15,1,1.0
2026-05-09 00:00,14.75,14.75,14.75,1,1.0
2026-05-09 01:00,14.26,14.26,14.26,1,1.0
2026-05-09 02:00,13.92,13.92,13.92,1,1.0
2026-05-09 03:00,13.77,13.77,13.77,1,1.0
2026-05-09 04:00,13.46,13.46,13.46,1,1.0
2026-05-09 05:00,12.92,12.92,12.92,1,1.0
2026-05-09 06:00,12.84,12.84,12.84,1,1.0
2026-05-09 07:00,14.25,14.25,14.25,1,1.0
2026-05-09 08:00,17.02,17.02,17.02,1,1.0
2026-05-09 09:00,18.74,18.74,18.74,1,1.0
2026-05-09 10:00,19.96,19.96,19.96,1,1.0
2026-05-09 11:00,20.62,20.62,20.62,1,1.0
2026-05-09 12:00,20.99,20.99,20.99,1,1.0
2026-05-09 13:00,21.29,21.29,21.29,1,1.0
2026-05-09 14:00,21.31,21.31,21.31,1,1.0
2026-05-09 15:00,21.13,21.13,21.13,1,1.0
2026-05-09 16:00,20.37,20.37,20.37,1,1.0
2026-05-09 17:00,19.45,19.45,19.45,1,1.0
2026-05-09 18:00,18.53,18.53,18.53,1,1.0
2026-05-09 19:00,17.96,17.96,17.96,1,1.0
2026-05-09 20:00,17.68,17.68,17.68,1,1.0
2026-05-09 21:00,17.18,17.18,17.18,1,1.0
2026-05-09 22:00,16.81,16.81,16.81,1,1.0
2026-05-09 23:00,17.27,17.27,17.27,1,1.0
2026-05-10 00:00,17.48,17.48,17.48,1,1.0
2026-05-10 01:00,16.92,16.92,16.92,1,1.0
2026-05-10 02:00,16.71,16.71,16.71,1,1.0
2026-05-10 03:00,16.42,16.42,16.42,1,1.0
2026-05-10 04:00,16.12,16.12,16.12,1,1.0
2026-05-10 05:00,15.96,15.96,15.96,1,1.0
2026-05-10 06:00,16.25,16.25,16.25,1,1.0
2026-05-10 07:00,17.48,17.48,17.48,1,1.0
2026-05-10 08:00,18.57,18.57,18.57,1,1.0
2026-05-10 09:00,19.63,19.63,19.63,1,1.0
2026-05-10 10:00,20.41,20.41,20.41,1,1.0
2026-05-10 11:00,20.74,20.74,20.74,1,1.0
2026-05-10 12:00,20.73,20.73,20.73,1,1.0
2026-05-10 13:00,20.46,20.46,20.46,1,1.0
2026-05-10 14:00,20.46,20.46,20.46,1,1.0
2026-05-10 15:00,20.17,20.17,20.17,1,1.0
2026-05-10 16:00,20.03,20.03,20.03,1,1.0
2026-05-10 17:00,19.04,19.04,19.04,1,1.0
2026-05-10 18:00,17.92,17.92,17.92,1,1.0
2026-05-10 19:00,17.04,17.04,17.04,1,1.0
2026-05-10 20:00,16.45,16.45,16.45,1,1.0
2026-05-10 21:00,16.03,16.03,16.03,1,1.0
2026-05-10 22:00,15.83,15.83,15.83,1,1.0
2026-05-10 23:00,15.91,15.91,15.91,1,1.0
2026-05-11 00:00,15.88,15.88,15.88,1,1.0
2026-05-11 01:00,15.79,15.79,15.79,1,1.0
2026-05-11 02:00,15.55,15.55,15.55,1,1.0
2026-05-11 03:00,15.7,15.7,15.7,1,1.0
2026-05-11 04:00,15.7,15.7,15.7,1,1.0
2026-05-11 05:00,15.72,15.72,15.72,1,1.0
2026-05-11 06:00,15.79,15.79,15.79,1,1.0
2026-05-11 07:00,16.05,16.05,16.05,1,1.0
2026-05-11 08:00,16.6,16.6,16.6,1,1.0
2026-05-11 09:00,17.51,17.51,17.51,1,1.0
2026-05-11 10:00,18.01,18.01,18.01,1,1.0
2026-05-11 11:00,18.06,18.06,18.06,1,1.0
2026-05-11 12:00,18.77,18.77,18.77,1,1.0
2026-05-11 13:00,19.06,19.06,19.06,1,1.0
2026-05-11 14:00,19.27,19.27,19.27,1,1.0
2026-05-11 15:00,19.34,19.34,19.34,1,1.0
2026-05-11 16:00,19.12,19.12,19.12,1,1.0
2026-05-11 17:00,18.71,18.71,18.71,1,1.0
2026-05-11 18:00,18.16,18.16,18.16,1,1.0
2026-05-11 19:00,17.39,17.39,17.39,1,1.0
2026-05-11 20:00,16.4,16.4,16.4,1,1.0
2026-05-11 21:00,16.01,16.01,16.01,1,1.0
2026-05-11 22:00,15.9,15.9,15.9,1,1.0
2026-05-11 23:00,15.92,15.92,15.92,1,1.0
2026-05-12 00:00,15.89,15.89,15.89,1,1.0
2026-05-12 01:00,15.81,15.81,15.81,1,1.0
2026-05-12 02:00,15.7,15.7,15.7,1,1.0
2026-05-12 03:00,15.61,15.61,15.61,1,1.0
2026-05-12 04:00,15.44,15.44,15.44,1,1.0
2026-05-12 05:00,15.4,15.4,15.4,1,1.0
2026-05-12 06:00,15.65,15.65,15.65,1,1.0
2026-05-12 07:00,16.54,16.54,16.54,1,1.0
2026-05-12 08:00,17.33,17.33,17.33,1,1.0
2026-05-12 09:00,18.06,18.06,18.06,1,1.0
2026-05-12 10:00,18.4,18.4,18.4,1,1.0
2026-05-12 11:00,18.79,18.79,18.79,1,1.0
2026-05-12 12:00,18.85,18.85,18.85,1,1.0
2026-05-12 13:00,18.99,18.99,18.99,1,1.0
2026-05-12 14:00,18.71,18.71,18.71,1,1.0
2026-05-12 15:00,18.74,18.74,18.74,1,1.0
2026-05-12 16:00,18.48,18.48,18.48,1,1.0
2026-05-12 17:00,18.13,18.13,18.13,1,1.0
2026-05-12 18:00,17.72,17.72,17.72,1,1.0
2026-05-12 19:00,17.27,17.27,17.27,1,1.0
2026-05-12 20:00,16.75,16.75,16.75,1,1.0
2026-05-12 21:00,16.46,16.46,16.46,1,1.0
2026-05-12 22:00,16.04,16.04,16.04,1,1.0
2026-05-12 23:00,15.2,15.2,15.2,1,1.0
2026-05-13 00:00,14.77,14.77,14.77,1,1.0
2026-05-13 01:00,15.1,15.1,15.1,1,1.0
2026-05-13 02:00,14.02,14.02,14.02,1,1.0
2026-05-13 03:00,13.8,13.8,13.8,1,1.0
2026-05-13 04:00,14.75,14.75,14.75,1,1.0
2026-05-13 05:00,14.69,14.69,14.69,1,1.0
2026-05-13 06:00,14.81,14.81,14.81,1,1.0
2026-05-13 07:00,15.79,15.79,15.79,1,1.0
2026-05-13 08:00,16.83,16.83,16.83,1,1.0
2026-05-13 09:00,16.97,16.97,16.97,1,1.0
2026-05-13 10:00,16.73,16.73,16.73,1,1.0
2026-05-13 11:00,16.76,16.76,16.76,1,1.0
2026-05-13 12:00,16.81,16.81,16.81,1,1.0
2026-05-13 13:00,17.25,17.25,17.25,1,1.0
2026-05-13 14:00,16.38,16.38,16.38,1,1.0
2026-05-13 15:00,16.07,16.07,16.07,1,1.0
2026-05-13 16:00,16.05,16.05,16.05,1,1.0
2026-05-13 17:00,15.25,15.25,15.25,1,1.0
2026-05-13 18:00,14.48,14.48,14.48,1,1.0
2026-05-13 19:00,13.74,13.74,13.74,1,1.0
2026-05-13 20:00,13.56,13.56,13.56,1,1.0
2026-05-13 21:00,13.68,13.68,13.68,1,1.0
2026-05-13 22:00,12.7,12.7,12.7,1,1.0
2026-05-13 23:00,12.24,12.24,12.24,1,1.0
2026-05-14 00:00,12.71,12.71,12.71,1,1.0
2026-05-14 01:00,13.11,13.11,13.11,1,1.0
2026-05-14 02:00,12.89,12.89,12.89,1,1.0
2026-05-14 03:00,12.57,12.57,12.57,1,1.0
2026-05-14 04:00,12.6,12.6,12.6,1,1.0
2026-05-14 05:00,14.1,14.1,14.1,1,1.0
2026-05-14 06:00,13.76,13.76,13.76,1,1.0
2026-05-14 07:00,15.38,15.38,15.38,1,1.0
2026-05-14 08:00,15.55,15.55,15.55,1,1.0
2026-05-14 09:00,16.31,16.31,16.31,1,1.0
2026-05-14 10:00,16.73,16.73,16.73,1,1.0
2026-05-14 11:00,17.18,17.18,17.18,1,1.0
2026-05-14 12:00,17.01,17.01,17.01,1,1.0
2026-05-14 13:00,16.58,16.58,16.58,1,1.0
2026-05-14 14:00,17.03,17.03,17.03,1,1.0
2026-05-14 15:00,17.32,17.32,17.32,1,1.0
2026-05-14 16:00,16.83,16.83,16.83,1,1.0
2026-05-14 17:00,16.55,16.55,16.55,1,1.0
2026-05-14 18:00,16.21,16.21,16.21,1,1.0
2026-05-14 19:00,15.75,15.75,15.75,1,1.0
2026-05-14 20:00,15.32,15.32,15.32,1,1.0
2026-05-14 21:00,15.13,15.13,15.13,1,1.0
2026-05-14 22:00,14.83,14.83,14.83,1,1.0
2026-05-14 23:00,14.72,14.72,14.72,1,1.0
2026-05-15 00:00,14.63,14.63,14.63,1,1.0
2026-05-15 01:00,14.57,14.57,14.57,1,1.0
2026-05-15 02:00,14.46,14.46,14.46,1,1.0
2026-05-15 03:00,14.33,14.33,14.33,1,1.0
2026-05-15 04:00,14.36,14.36,14.36,1,1.0
2026-05-15 05:00,13.82,13.82,13.82,1,1.0
2026-05-15 06:00,14.05,14.05,14.05,1,1.0
2026-05-15 07:00,14.4,14.4,14.4,1,1.0
2026-05-15 08:00,15.12,15.12,15.12,1,1.0
2026-05-15 09:00,15.8,15.8,15.8,1,1.0
2026-05-15 10:00,16.55,16.55,16.55,1,1.0
2026-05-15 11:00,16.94,16.94,16.94,1,1.0
2026-05-15 12:00,17.41,17.41,17.41,1,1.0
2026-05-15 13:00,18.03,18.03,18.03,1,1.0
2026-05-15 14:00,18.29,18.29,18.29,1,1.0
2026-05-15 15:00,18.64,18.64,18.64,1,1.0
2026-05-15 16:00,18.58,18.58,18.58,1,1.0
2026-05-15 17:00,18.48,18.48,18.48,1,1.0
2026-05-15 18:00,18.1,18.1,18.1,1,1.0
2026-05-15 19:00,17.48,17.48,17.48,1,1.0
2026-05-15 20:00,16.72,16.72,16.72,1,1.0
2026-05-15 21:00,15.9,15.9,15.9,1,1.0
2026-05-15 22:00,15.35,15.35,15.35,1,1.0
2026-05-15 23:00,15.45,15.45,15.45,1,1.0
2026-05-16 00:00,15.44,15.44,15.44,1,1.0
2026-05-16 01:00,15.01,15.01,15.01,1,1.0
2026-05-16 02:00,14.63,14.63,14.63,1,1.0
2026-05-16 03:00,14.55,14.55,14.55,1,1.0
2026-05-16 04:00,14.43,14.43,14.43,1,1.0
2026-05-16 05:00,14.31,14.31,14.31,1,1.0
2026-05-16 06:00,14.17,14.17,14.17,1,1.0
2026-05-16 07:00,14.13,14.13,14.13,1,1.0
2026-05-16 08:00,13.21,13.21,13.21,1,1.0
2026-05-16 09:00,12.82,12.82,12.82,1,1.0
2026-05-16 10:00,13.75,13.75,13.75,1,1.0
2026-05-16 11:00,15.25,15.25,15.25,1,1.0
2026-05-16 12:00,15.89,15.89,15.89,1,1.0
2026-05-16 13:00,15.87,15.87,15.87,1,1.0
2026-05-16 14:00,16.15,16.15,16.15,1,1.0
2026-05-16 15:00,16.12,16.12,16.12,1,1.0
2026-05-16 16:00,15.93,15.93,15.93,1,1.0
2026-05-16 17:00,15.78,15.78,15.78,1,1.0
2026-05-16 18:00,15.36,15.36,15.36,1,1.0
2026-05-16 19:00,14.91,14.91,14.91,1,1.0
2026-05-16 20:00,14.49,14.49,14.49,1,1.0
2026-05-16 21:00,14.34,14.34,14.34,1,1.0
2026-05-16 22:00,14.17,14.17,14.17,1,1.0
2026-05-16 23:00,13.79,13.79,13.79,1,1.0
2026-05-17 00:00,12.97,12.97,12.97,1,1.0
2026-05-17 01:00,13.08,13.08,13.08,1,1.0
2026-05-17 02:00,13.36,13.36,13.36,1,1.0
2026-05-17 03:00,12.09,12.09,12.09,1,1.0
2026-05-17 04:00,10.7,10.7,10.7,1,1.0
2026-05-17 05:00,10.04,10.04,10.04,1,1.0
2026-05-17 06:00,10.88,10.88,10.88,1,1.0
2026-05-17 07:00,13.93,13.93,13.93,1,1.0
2026-05-17 08:00,15.27,15.27,15.27,1,1.0
2026-05-17 09:00,16.28,16.28,16.28,1,1.0
2026-05-17 10:00,17.18,17.18,17.18,1,1.0
2026-05-17 11:00,17.46,17.46,17.46,1,1.0
2026-05-17 12:00,17.44,17.44,17.44,1,1.0
2026-05-17 13:00,17.73,17.73,17.73,1,1.0
2026-05-17 14:00,17.93,17.93,17.93,1,1.0
2026-05-17 15:00,17.82,17.82,17.82,1,1.0
2026-05-17 16:00,17.76,17.76,17.76,1,1.0
2026-05-17 17:00,17.32,17.32,17.32,1,1.0
2026-05-17 18:00,16.94,16.94,16.94,1,1.0
2026-05-17 19:00,16.36,16.36,16.36,1,1.0
2026-05-17 20:00,15.54,15.54,15.54,1,1.0
2026-05-17 21:00,14.57,14.57,14.57,1,1.0
2026-05-17 22:00,14.77,14.77,14.77,1,1.0
2026-05-17 23:00,15.12,15.12,15.12,1,1.0
2026-05-18 00:00,14.82,14.82,14.82,1,1.0
2026-05-18 01:00,14.6,14.6,14.6,1,1.0
2026-05-18 02:00,14.35,14.35,14.35,1,1.0
2026-05-18 03:00,14.11,14.11,14.11,1,1.0
2026-05-18 04:00,13.86,13.86,13.86,1,1.0
2026-05-18 05:00,13.63,13.63,13.63,1,1.0
2026-05-18 06:00,13.69,13.69,13.69,1,1.0
2026-05-18 07:00,14.81,14.81,14.81,1,1.0
2026-05-18 08:00,15.59,15.59,15.59,1,1.0
2026-05-18 09:00,16.61,16.61,16.61,1,1.0
2026-05-18 10:00,17.45,17.45,17.45,1,1.0
2026-05-18 11:00,17.65,17.65,17.65,1,1.0
2026-05-18 12:00,17.82,17.82,17.82,1,1.0
2026-05-18 13:00,17.76,17.76,17.76,1,1.0
2026-05-18 14:00,17.69,17.69,17.69,1,1.0
2026-05-18 15:00,17.58,17.58,17.58,1,1.0
2026-05-18 16:00,17.45,17.45,17.45,1,1.0
2026-05-18 17:00,16.95,16.95,16.95,1,1.0
2026-05-18 18:00,16.43,16.43,16.43,1,1.0
2026-05-18 19:00,15.84,15.84,15.84,1,1.0
2026-05-18 20:00,15.41,15.41,15.41,1,1.0
2026-05-18 21:00,14.98,14.98,14.98,1,1.0
2026-05-18 22:00,14.19,14.19,14.19,1,1.0
2026-05-18 23:00,13.41,13.41,13.41,1,1.0
2026-05-19 00:00,13.39,13.39,13.39,1,1.0
2026-05-19 01:00,14.12,14.12,14.12,1,1.0
2026-05-19 02:00,14.42,14.42,14.42,1,1.0
2026-05-19 03:00,14.17,14.17,14.17,1,1.0
2026-05-19 04:00,13.96,13.96,13.96,1,1.0
2026-05-19 05:00,13.76,13.76,13.76,1,1.0
2026-05-19 06:00,13.79,13.79,13.79,1,1.0
2026-05-19 07:00,14.47,14.47,14.47,1,1.0
2026-05-19 08:00,15.42,15.42,15.42,1,1.0
2026-05-19 09:00,15.87,15.87,15.87,1,1.0
2026-05-19 10:00,16.46,16.46,16.46,1,1.0
2026-05-19 11:00,17.35,17.35,17.35,1,1.0
2026-05-19 12:00,17.97,17.97,17.97,1,1.0
2026-05-19 13:00,18.34,18.34,18.34,1,1.0
2026-05-19 14:00,18.59,18.59,18.59,1,1.0
2026-05-19 15:00,18.46,18.46,18.46,1,1.0
2026-05-19 16:00,18.14,18.14,18.14,1,1.0
2026-05-19 17:00,17.6,17.6,17.6,1,1.0
2026-05-19 18:00,17.46,17.46,17.46,1,1.0
2026-05-19 19:00,17.02,17.02,17.02,1,1.0
2026-05-19 20:00,16.17,16.17,16.17,1,1.0
2026-05-19 21:00,15.27,15.27,15.27,1,1.0
2026-05-19 22:00,15.46,15.46,15.46,1,1.0
2026-05-19 23:00,15.65,15.65,15.65,1,1.0
2026-05-20 00:00,15.62,15.62,15.62,1,1.0
2026-05-20 01:00,15.33,15.33,15.33,1,1.0
2026-05-20 02:00,14.18,14.18,14.18,1,1.0
2026-05-20 03:00,12.93,12.93,12.93,1,1.0
2026-05-20 04:00,12.46,12.46,12.46,1,1.0
2026-05-20 05:00,12.58,12.58,12.58,1,1.0
2026-05-20 06:00,13.11,13.11,13.11,1,1.0
2026-05-20 07:00,15.74,15.74,15.74,1,1.0
2026-05-20 08:00,17.21,17.21,17.21,1,1.0
2026-05-20 09:00,18.29,18.29,18.29,1,1.0
2026-05-20 10:00,19.21,19.21,19.21,1,1.0
2026-05-20 11:00,19.89,19.89,19.89,1,1.0
2026-05-20 12:00,20.21,20.21,20.21,1,1.0
2026-05-20 13:00,20.22,20.22,20.22,1,1.0
2026-05-20 14:00,20.08,20.08,20.08,1,1.0
2026-05-20 15:00,19.72,19.72,19.72,1,1.0
2026-05-20 16:00,19.6,19.6,19.6,1,1.0
2026-05-20 17:00,19.35,19.35,19.35,1,1.0
2026-05-20 18:00,18.95,18.95,18.95,1,1.0
2026-05-20 19:00,18.46,18.46,18.46,1,1.0
2026-05-20 20:00,17.5,17.5,17.5,1,1.0
2026-05-20 21:00,16.77,16.77,16.77,1,1.0
2026-05-20 22:00,15.87,15.87,15.87,1,1.0
2026-05-20 23:00,15.0,15.0,15.0,1,1.0
2026-05-21 00:00,14.31,14.31,14.31,1,1.0
2026-05-21 01:00,13.62,13.62,13.62,1,1.0
2026-05-21 02:00,13.05,13.05,13.05,1,1.0
2026-05-21 03:00,12.71,12.71,12.71,1,1.0
2026-05-21 04:00,12.44,12.44,12.44,1,1.0
2026-05-21 05:00,12.49,12.49,12.49,1,1.0
2026-05-21 06:00,14.16,14.16,14.16,1,1.0
2026-05-21 07:00,16.82,16.82,16.82,1,1.0
2026-05-21 08:00,18.58,18.58,18.58,1,1.0
2026-05-21 09:00,20.03,20.03,20.03,1,1.0
2026-05-21 10:00,21.06,21.06,21.06,1,1.0
2026-05-21 11:00,21.72,21.72,21.72,1,1.0
2026-05-21 12:00,22.26,22.26,22.26,1,1.0
2026-05-21 13:00,22.55,22.55,22.55,1,1.0
2026-05-21 14:00,22.69,22.69,22.69,1,1.0
2026-05-21 15:00,22.65,22.65,22.65,1,1.0
2026-05-21 16:00,22.34,22.34,22.34,1,1.0
2026-05-21 17:00,21.86,21.86,21.86,1,1.0
2026-05-21 18:00,21.17,21.17,21.17,1,1.0
2026-05-21 19:00,20.28,20.28,20.28,1,1.0
2026-05-21 20:00,19.88,19.88,19.88,1,1.0
2026-05-21 21:00,19.23,19.23,19.23,1,1.0
2026-05-21 22:00,18.66,18.66,18.66,1,1.0
2026-05-21 23:00,18.17,18.17,18.17,1,1.0
2026-05-22 00:00,17.78,17.78,17.78,1,1.0
2026-05-22 01:00,17.42,17.42,17.42,1,1.0
2026-05-22 02:00,17.02,17.02,17.02,1,1.0
2026-05-22 03:00,16.69,16.69,16.69,1,1.0
2026-05-22 04:00,16.31,16.31,16.31,1,1.0
2026-05-22 05:00,15.96,15.96,15.96,1,1.0
2026-05-22 06:00,16.19,16.19,16.19,1,1.0
2026-05-22 07:00,17.39,17.39,17.39,1,1.0
2026-05-22 08:00,18.88,18.88,18.88,1,1.0
2026-05-22 09:00,20.34,20.34,20.34,1,1.0
2026-05-22 10:00,21.67,21.67,21.67,1,1.0
2026-05-22 11:00,22.6,22.6,22.6,1,1.0
2026-05-22 12:00,23.22,23.22,23.22,1,1.0
2026-05-22 13:00,23.67,23.67,23.67,1,1.0
2026-05-22 14:00,23.86,23.86,23.86,1,1.0
2026-05-22 15:00,23.87,23.87,23.87,1,1.0
2026-05-22 16:00,23.63,23.63,23.63,1,1.0
2026-05-22 17:00,23.07,23.07,23.07,1,1.0
2026-05-22 18:00,22.12,22.12,22.12,1,1.0
2026-05-22 19:00,21.01,21.01,21.01,1,1.0
2026-05-22 20:00,20.27,20.27,20.27,1,1.0
2026-05-22 21:00,19.36,19.36,19.36,1,1.0
2026-05-22 22:00,18.45,18.45,18.45,1,1.0
2026-05-22 23:00,17.6,17.6,17.6,1,1.0
2026-05-23 00:00,16.85,16.85,16.85,1,1.0
2026-05-23 01:00,16.28,16.28,16.28,1,1.0
2026-05-23 02:00,15.89,15.89,15.89,1,1.0
2026-05-23 03:00,15.6,15.6,15.6,1,1.0
2026-05-23 04:00,15.33,15.33,15.33,1,1.0
2026-05-23 05:00,15.15,15.15,15.15,1,1.0
2026-05-23 06:00,15.6,15.6,15.6,1,1.0
2026-05-23 07:00,17.28,17.28,17.28,1,1.0
2026-05-23 08:00,19.79,19.79,19.79,1,1.0
2026-05-23 09:00,21.26,21.26,21.26,1,1.0
2026-05-23 10:00,22.63,22.63,22.63,1,1.0
2026-05-23 11:00,23.78,23.78,23.78,1,1.0
2026-05-23 12:00,24.6,24.6,24.6,1,1.0
2026-05-23 13:00,24.89,24.89,24.89,1,1.0
2026-05-23 14:00,24.78,24.78,24.78,1,1.0
2026-05-23 15:00,24.43,24.43,24.43,1,1.0
2026-05-23 16:00,24.18,24.18,24.18,1,1.0
2026-05-23 17:00,23.8,23.8,23.8,1,1.0
2026-05-23 18:00,23.15,23.15,23.15,1,1.0
2026-05-23 19:00,22.13,22.13,22.13,1,1.0
2026-05-23 20:00,21.42,21.42,21.42,1,1.0
2026-05-23 21:00,20.54,20.54,20.54,1,1.0
2026-05-23 22:00,19.55,19.55,19.55,1,1.0
2026-05-23 23:00,18.66,18.66,18.66,1,1.0
2026-05-24 00:00,17.87,17.87,17.87,1,1.0
2026-05-24 01:00,17.25,17.25,17.25,1,1.0
2026-05-24 02:00,16.83,16.83,16.83,1,1.0
2026-05-24 03:00,16.51,16.51,16.51,1,1.0
2026-05-24 04:00,16.23,16.23,16.23,1,1.0
2026-05-24 05:00,16.06,16.06,16.06,1,1.0
2026-05-24 06:00,16.56,16.56,16.56,1,1.0
2026-05-24 07:00,18.43,18.43,18.43,1,1.0
2026-05-24 08:00,20.84,20.84,20.84,1,1.0
2026-05-24 09:00,22.4,22.4,22.4,1,1.0
2026-05-24 10:00,23.7,23.7,23.7,1,1.0
2026-05-24 11:00,24.79,24.79,24.79,1,1.0
2026-05-24 12:00,25.49,25.49,25.49,1,1.0
2026-05-24 13:00,25.74,25.74,25.74,1,1.0
2026-05-24 14:00,26.1,26.1,26.1,1,1.0
2026-05-24 15:00,25.76,25.76,25.76,1,1.0
2026-05-24 16:00,25.27,25.27,25.27,1,1.0
2026-05-24 17:00,24.73,24.73,24.73,1,1.0
2026-05-24 18:00,24.06,24.06,24.06,1,1.0
2026-05-24 19:00,23.09,23.09,23.09,1,1.0
2026-05-24 20:00,22.17,22.17,22.17,1,1.0
2026-05-24 21:00,21.41,21.41,21.41,1,1.0
2026-05-24 22:00,20.68,20.68,20.68,1,1.0
2026-05-24 23:00,19.81,19.81,19.81,1,1.0
2026-05-25 00:00,18.9,18.9,18.9,1,1.0
2026-05-25 01:00,18.19,18.19,18.19,1,1.0
2026-05-25 02:00,17.64,17.64,17.64,1,1.0
2026-05-25 03:00,17.23,17.23,17.23,1,1.0
2026-05-25 04:00,16.88,16.88,16.88,1,1.0
2026-05-25 05:00,16.65,16.65,16.65,1,1.0
2026-05-25 06:00,17.2,17.2,17.2,1,1.0
2026-05-25 07:00,19.12,19.12,19.12,1,1.0
2026-05-25 08:00,21.75,21.75,21.75,1,1.0
2026-05-25 09:00,23.12,23.12,23.12,1,1.0
2026-05-25 10:00,24.14,24.14,24.14,1,1.0
2026-05-25 11:00,24.64,24.64,24.64,1,1.0
2026-05-25 12:00,24.77,24.77,24.77,1,1.0
2026-05-25 13:00,25.0,25.0,25.0,1,1.0
2026-05-25 14:00,25.2,25.2,25.2,1,1.0
2026-05-25 15:00,25.29,25.29,25.29,1,1.0
2026-05-25 16:00,25.28,25.28,25.28,1,1.0
2026-05-25 17:00,25.08,25.08,25.08,1,1.0
2026-05-25 18:00,24.48,24.48,24.48,1,1.0
2026-05-25 19:00,23.74,23.74,23.74,1,1.0
2026-05-25 20:00,23.62,23.62,23.62,1,1.0
2026-05-25 21:00,22.91,22.91,22.91,1,1.0
2026-05-25 22:00,22.13,22.13,22.13,1,1.0
2026-05-25 23:00,21.09,21.09,21.09,1,1.0
2026-05-26 00:00,19.98,19.98,19.98,1,1.0
2026-05-26 01:00,19.05,19.05,19.05,1,1.0
2026-05-26 02:00,18.43,18.43,18.43,1,1.0
2026-05-26 03:00,18.01,18.01,18.01,1,1.0
2026-05-26 04:00,17.65,17.65,17.65,1,1.0
2026-05-26 05:00,17.33,17.33,17.33,1,1.0
2026-05-26 06:00,17.68,17.68,17.68,1,1.0
2026-05-26 07:00,19.86,19.86,19.86,1,1.0
2026-05-26 08:00,22.5,22.5,22.5,1,1.0
2026-05-26 09:00,24.02,24.02,24.02,1,1.0
2026-05-26 10:00,24.86,24.86,24.86,1,1.0
2026-05-26 11:00,25.56,25.56,25.56,1,1.0
2026-05-26 12:00,26.24,26.24,26.24,1,1.0
2026-05-26 13:00,26.72,26.72,26.72,1,1.0
2026-05-26 14:00,26.69,26.69,26.69,1,1.0
2026-05-26 15:00,26.39,26.39,26.39,1,1.0
2026-05-26 16:00,26.18,26.18,26.18,1,1.0
2026-05-26 17:00,25.97,25.97,25.97,1,1.0
2026-05-26 18:00,25.33,25.33,25.33,1,1.0
2026-05-26 19:00,24.62,24.62,24.62,1,1.0
2026-05-26 20:00,22.42,22.42,22.42,1,1.0
2026-05-26 21:00,21.49,21.49,21.49,1,1.0
2026-05-26 22:00,21.62,21.62,21.62,1,1.0
2026-05-26 23:00,20.38,20.38,20.38,1,1.0
2026-05-27 00:00,19.31,19.31,19.31,1,1.0
2026-05-27 01:00,18.45,18.45,18.45,1,1.0
2026-05-27 02:00,17.64,17.64,17.64,1,1.0
2026-05-27 03:00,17.19,17.19,17.19,1,1.0
2026-05-27 04:00,16.85,16.85,16.85,1,1.0
2026-05-27 05:00,16.54,16.54,16.54,1,1.0
2026-05-27 06:00,17.39,17.39,17.39,1,1.0
2026-05-27 07:00,20.93,20.93,20.93,1,1.0
2026-05-27 08:00,22.63,22.63,22.63,1,1.0
2026-05-27 09:00,23.57,23.57,23.57,1,1.0
2026-05-27 10:00,24.01,24.01,24.01,1,1.0
2026-05-27 11:00,24.36,24.36,24.36,1,1.0
2026-05-27 12:00,24.64,24.64,24.64,1,1.0
2026-05-27 13:00,24.89,24.89,24.89,1,1.0
2026-05-27 14:00,24.85,24.85,24.85,1,1.0
2026-05-27 15:00,24.62,24.62,24.62,1,1.0
2026-05-27 16:00,24.11,24.11,24.11,1,1.0
2026-05-27 17:00,23.6,23.6,23.6,1,1.0
2026-05-27 18:00,22.88,22.88,22.88,1,1.0
2026-05-27 19:00,21.98,21.98,21.98,1,1.0
2026-05-27 20:00,20.83,20.83,20.83,1,1.0
2026-05-27 21:00,19.79,19.79,19.79,1,1.0
2026-05-27 22:00,18.62,18.62,18.62,1,1.0
2026-05-27 23:00,19.24,19.24,19.24,1,1.0
2026-05-28 00:00,19.62,19.62,19.62,1,1.0
2026-05-28 01:00,19.4,19.4,19.4,1,1.0
2026-05-28 02:00,19.23,19.23,19.23,1,1.0
2026-05-28 03:00,17.55,17.55,17.55,1,1.0
2026-05-28 04:00,16.97,16.97,16.97,1,1.0
2026-05-28 05:00,17.12,17.12,17.12,1,1.0
2026-05-28 06:00,17.71,17.71,17.71,1,1.0
2026-05-28 07:00,20.32,20.32,20.32,1,1.0
2026-05-28 08:00,21.41,21.41,21.41,1,1.0
2026-05-28 09:00,22.52,22.52,22.52,1,1.0
2026-05-28 10:00,23.37,23.37,23.37,1,1.0
2026-05-28 11:00,24.21,24.21,24.21,1,1.0
2026-05-28 12:00,24.56,24.56,24.56,1,1.0
2026-05-28 13:00,24.74,24.74,24.74,1,1.0
2026-05-28 14:00,24.31,24.31,24.31,1,1.0
2026-05-28 15:00,23.93,23.93,23.93,1,1.0
2026-05-28 16:00,23.94,23.94,23.94,1,1.0
2026-05-28 17:00,23.34,23.34,23.34,1,1.0
2026-05-28 18:00,22.9,22.9,22.9,1,1.0
2026-05-28 19:00,22.23,22.23,22.23,1,1.0
2026-05-28 20:00,21.81,21.81,21.81,1,1.0
2026-05-28 21:00,21.93,21.93,21.93,1,1.0
2026-05-28 22:00,21.65,21.65,21.65,1,1.0
2026-05-28 23:00,21.32,21.32,21.32,1,1.0
2026-05-29 00:00,21.01,21.01,21.01,1,1.0
2026-05-29 01:00,20.06,20.06,20.06,1,1.0
2026-05-29 02:00,18.79,18.79,18.79,1,1.0
2026-05-29 03:00,17.63,17.63,17.63,1,1.0
2026-05-29 04:00,18.18,18.18,18.18,1,1.0
2026-05-29 05:00,18.76,18.76,18.76,1,1.0
2026-05-29 06:00,19.4,19.4,19.4,1,1.0
2026-05-29 07:00,21.41,21.41,21.41,1,1.0
2026-05-29 08:00,23.06,23.06,23.06,1,1.0
2026-05-29 09:00,24.52,24.52,24.52,1,1.0
2026-05-29 10:00,25.74,25.74,25.74,1,1.0
2026-05-29 11:00,26.75,26.75,26.75,1,1.0
2026-05-29 12:00,27.8,27.8,27.8,1,1.0
2026-05-29 13:00,28.44,28.44,28.44,1,1.0
2026-05-29 14:00,28.6,28.6,28.6,1,1.0
2026-05-29 15:00,28.37,28.37,28.37,1,1.0
2026-05-29 16:00,27.76,27.76,27.76,1,1.0
2026-05-29 17:00,27.1,27.1,27.1,1,1.0
2026-05-29 18:00,26.34,26.34,26.34,1,1.0
2026-05-29 19:00,25.33,25.33,25.33,1,1.0
2026-05-29 20:00,24.68,24.68,24.68,1,1.0
2026-05-29 21:00,23.91,23.91,23.91,1,1.0
2026-05-29 22:00,23.22,23.22,23.22,1,1.0
2026-05-29 23:00,22.42,22.42,22.42,1,1.0
2026-05-30 00:00,21.58,21.58,21.58,1,1.0
2026-05-30 01:00,20.76,20.76,20.76,1,1.0
2026-05-30 02:00,19.95,19.95,19.95,1,1.0
2026-05-30 03:00,19.24,19.24,19.24,1,1.0
2026-05-30 04:00,18.68,18.68,18.68,1,1.0
2026-05-30 05:00,18.25,18.25,18.25,1,1.0
2026-05-30 06:00,18.61,18.61,18.61,1,1.0
2026-05-30 07:00,20.57,20.57,20.57,1,1.0
2026-05-30 08:00,22.57,22.57,22.57,1,1.0
2026-05-30 09:00,23.75,23.75,23.75,1,1.0
2026-05-30 10:00,24.62,24.62,24.62,1,1.0
2026-05-30 11:00,25.12,25.12,25.12,1,1.0
2026-05-30 12:00,25.53,25.53,25.53,1,1.0
2026-05-30 13:00,25.84,25.84,25.84,1,1.0
2026-05-30 14:00,25.81,25.81,25.81,1,1.0
2026-05-30 15:00,25.46,25.46,25.46,1,1.0
2026-05-30 16:00,24.85,24.85,24.85,1,1.0
2026-05-30 17:00,24.29,24.29,24.29,1,1.0
2026-05-30 18:00,23.75,23.75,23.75,1,1.0
2026-05-30 19:00,23.04,23.04,23.04,1,1.0
2026-05-30 20:00,21.43,21.43,21.43,1,1.0
2026-05-30 21:00,20.31,20.31,20.31,1,1.0
2026-05-30 22:00,19.31,19.31,19.31,1,1.0
2026-05-30 23:00,18.44,18.44,18.44,1,1.0
2026-05-31 00:00,17.73,17.73,17.73,1,1.0
2026-05-31 01:00,17.12,17.12,17.12,1,1.0
2026-05-31 02:00,17.29,17.29,17.29,1,1.0
2026-05-31 03:00,18.66,18.66,18.66,1,1.0
2026-05-31 04:00,18.89,18.89,18.89,1,1.0
2026-05-31 05:00,17.41,17.41,17.41,1,1.0
2026-05-31 06:00,17.42,17.42,17.42,1,1.0
2026-05-31 07:00,20.41,20.41,20.41,1,1.0
2026-05-31 08:00,21.61,21.61,21.61,1,1.0
2026-05-31 09:00,22.71,22.71,22.71,1,1.0
2026-05-31 10:00,23.53,23.53,23.53,1,1.0
2026-05-31 11:00,24.02,24.02,24.02,1,1.0
2026-05-31 12:00,24.31,24.31,24.31,1,1.0
2026-05-31 13:00,24.44,24.44,24.44,1,1.0
2026-05-31 14:00,24.42,24.42,24.42,1,1.0
2026-05-31 15:00,24.1,24.1,24.1,1,1.0
2026-05-31 16:00,23.57,23.57,23.57,1,1.0
2026-05-31 17:00,23.15,23.15,23.15,1,1.0
2026-05-31 18:00,22.67,22.67,22.67,1,1.0
2026-05-31 19:00,21.87,21.87,21.87,1,1.0
2026-05-31 20:00,20.77,20.77,20.77,1,1.0
2026-05-31 21:00,20.87,20.87,20.87,1,1.0
2026-05-31 22:00,20.52,20.52,20.52,1,1.0
2026-05-31 23:00,20.05,20.05,20.05,1,1.0
2026-06-01 00:00,19.79,19.79,19.79,1,1.0
2026-06-01 01:00,19.05,19.05,19.05,1,1.0
2026-06-01 02:00,18.33,18.33,18.33,1,1.0
2026-06-01 03:00,17.79,17.79,17.79,1,1.0
2026-06-01 04:00,16.92,16.92,16.92,1,1.0
2026-06-01 05:00,16.14,16.14,16.14,1,1.0
2026-06-01 06:00,17.36,17.36,17.36,1,1.0
2026-06-01 07:00,19.76,19.76,19.76,1,1.0
2026-06-01 08:00,20.67,20.67,20.67,1,1.0
2026-06-01 09:00,21.76,21.76,21.76,1,1.0
2026-06-01 10:00,22.67,22.67,22.67,1,1.0
2026-06-01 11:00,23.39,23.39,23.39,1,1.0
2026-06-01 12:00,23.78,23.78,23.78,1,1.0
2026-06-01 13:00,23.87,23.87,23.87,1,1.0
2026-06-01 14:00,23.75,23.75,23.75,1,1.0
2026-06-01 15:00,23.48,23.48,23.48,1,1.0
2026-06-01 16:00,23.11,23.11,23.11,1,1.0
2026-06-01 17:00,22.58,22.58,22.58,1,1.0
2026-06-01 18:00,21.93,21.93,21.93,1,1.0
2026-06-01 19:00,21.18,21.18,21.18,1,1.0
2026-06-01 20:00,20.32,20.32,20.32,1,1.0
2026-06-01 21:00,19.65,19.65,19.65,1,1.0
2026-06-01 22:00,19.74,19.74,19.74,1,1.0
2026-06-01 23:00,19.44,19.44,19.44,1,1.0
2026-06-02 00:00,18.57,18.57,18.57,1,1.0
2026-06-02 01:00,17.24,17.24,17.24,1,1.0
2026-06-02 02:00,16.86,16.86,16.86,1,1.0
2026-06-02 03:00,16.73,16.73,16.73,1,1.0
2026-06-02 04:00,16.93,16.93,16.93,1,1.0
2026-06-02 05:00,17.12,17.12,17.12,1,1.0
2026-06-02 06:00,17.6,17.6,17.6,1,1.0
2026-06-02 07:00,18.62,18.62,18.62,1,1.0
2026-06-02 08:00,21.05,21.05,21.05,1,1.0
2026-06-02 09:00,22.16,22.16,22.16,1,1.0
2026-06-02 10:00,23.02,23.02,23.02,1,1.0
2026-06-02 11:00,23.39,23.39,23.39,1,1.0
2026-06-02 12:00,23.85,23.85,23.85,1,1.0
2026-06-02 13:00,23.87,23.87,23.87,1,1.0
2026-06-02 14:00,23.67,23.67,23.67,1,1.0
2026-06-02 15:00,23.48,23.48,23.48,1,1.0
2026-06-02 16:00,23.09,23.09,23.09,1,1.0
2026-06-02 17:00,22.59,22.59,22.59,1,1.0
2026-06-02 18:00,22.04,22.04,22.04,1,1.0
2026-06-02 19:00,21.45,21.45,21.45,1,1.0
2026-06-02 20:00,20.51,20.51,20.51,1,1.0
2026-06-02 21:00,20.13,20.13,20.13,1,1.0
2026-06-02 22:00,19.75,19.75,19.75,1,1.0
2026-06-02 23:00,19.45,19.45,19.45,1,1.0
2026-06-03 00:00,19.36,19.36,19.36,1,1.0
2026-06-03 01:00,19.17,19.17,19.17,1,1.0
2026-06-03 02:00,19.15,19.15,19.15,1,1.0
2026-06-03 03:00,19.15,19.15,19.15,1,1.0
2026-06-03 04:00,19.32,19.32,19.32,1,1.0
2026-06-03 05:00,19.35,19.35,19.35,1,1.0
2026-06-03 06:00,19.51,19.51,19.51,1,1.0
2026-06-03 07:00,19.96,19.96,19.96,1,1.0
2026-06-03 08:00,21.14,21.14,21.14,1,1.0
2026-06-03 09:00,21.38,21.38,21.38,1,1.0
2026-06-03 10:00,21.97,21.97,21.97,1,1.0
2026-06-03 11:00,21.69,21.69,21.69,1,1.0
2026-06-03 12:00,22.21,22.21,22.21,1,1.0
2026-06-03 13:00,21.04,21.04,21.04,1,1.0
2026-06-03 14:00,21.71,21.71,21.71,1,1.0
2026-06-03 15:00,22.12,22.12,22.12,1,1.0
2026-06-03 16:00,22.27,22.27,22.27,1,1.0
2026-06-03 17:00,21.89,21.89,21.89,1,1.0
2026-06-03 18:00,21.3,21.3,21.3,1,1.0
2026-06-03 19:00,20.57,20.57,20.57,1,1.0
2026-06-03 20:00,19.98,19.98,19.98,1,1.0
2026-06-03 21:00,19.57,19.57,19.57,1,1.0
2026-06-03 22:00,19.08,19.08,19.08,1,1.0
2026-06-03 23:00,19.15,19.15,19.15,1,1.0
2026-06-04 00:00,19.13,19.13,19.13,1,1.0
2026-06-04 01:00,17.43,17.43,17.43,1,1.0
2026-06-04 02:00,17.07,17.07,17.07,1,1.0
2026-06-04 03:00,16.82,16.82,16.82,1,1.0
2026-06-04 04:00,16.48,16.48,16.48,1,1.0
2026-06-04 05:00,16.43,16.43,16.43,1,1.0
2026-06-04 06:00,17.01,17.01,17.01,1,1.0
2026-06-04 07:00,18.33,18.33,18.33,1,1.0
2026-06-04 08:00,20.6,20.6,20.6,1,1.0
2026-06-04 09:00,21.69,21.69,21.69,1,1.0
2026-06-04 10:00,22.62,22.62,22.62,1,1.0
2026-06-04 11:00,23.33,23.33,23.33,1,1.0
2026-06-04 12:00,23.72,23.72,23.72,1,1.0
2026-06-04 13:00,23.79,23.79,23.79,1,1.0
2026-06-04 14:00,23.72,23.72,23.72,1,1.0
2026-06-04 15:00,23.59,23.59,23.59,1,1.0
2026-06-04 16:00,23.3,23.3,23.3,1,1.0
2026-06-04 17:00,22.72,22.72,22.72,1,1.0
2026-06-04 18:00,22.1,22.1,22.1,1,1.0
2026-06-04 19:00,21.36,21.36,21.36,1,1.0
2026-06-04 20:00,20.53,20.53,20.53,1,1.0
2026-06-04 21:00,19.69,19.69,19.69,1,1.0
2026-06-04 22:00,19.68,19.68,19.68,1,1.0
2026-06-04 23:00,19.63,19.63,19.63,1,1.0
2026-06-05 00:00,18.93,18.93,18.93,1,1.0
2026-06-05 01:00,17.08,17.08,17.08,1,1.0
2026-06-05 02:00,16.59,16.59,16.59,1,1.0
2026-06-05 03:00,16.6,16.6,16.6,1,1.0
2026-06-05 04:00,16.17,16.17,16.17,1,1.0
2026-06-05 05:00,16.0,16.0,16.0,1,1.0
2026-06-05 06:00,17.19,17.19,17.19,1,1.0
2026-06-05 07:00,18.46,18.46,18.46,1,1.0
2026-06-05 08:00,19.38,19.38,19.38,1,1.0
2026-06-05 09:00,21.06,21.06,21.06,1,1.0
2026-06-05 10:00,22.24,22.24,22.24,1,1.0
2026-06-05 11:00,22.99,22.99,22.99,1,1.0
2026-06-05 12:00,23.56,23.56,23.56,1,1.0
2026-06-05 13:00,23.81,23.81,23.81,1,1.0
2026-06-05 14:00,23.88,23.88,23.88,1,1.0
2026-06-05 15:00,23.74,23.74,23.74,1,1.0
2026-06-05 16:00,23.46,23.46,23.46,1,1.0
2026-06-05 17:00,23.02,23.02,23.02,1,1.0
2026-06-05 18:00,22.47,22.47,22.47,1,1.0
2026-06-05 19:00,21.83,21.83,21.83,1,1.0
2026-06-05 20:00,21.28,21.28,21.28,1,1.0
2026-06-05 21:00,20.44,20.44,20.44,1,1.0
2026-06-05 22:00,19.75,19.75,19.75,1,1.0
2026-06-05 23:00,19.28,19.28,19.28,1,1.0
2026-06-06 00:00,18.83,18.83,18.83,1,1.0
2026-06-06 01:00,18.66,18.66,18.66,1,1.0
2026-06-06 02:00,19.41,19.41,19.41,1,1.0
2026-06-06 03:00,20.1,20.1,20.1,1,1.0
2026-06-06 04:00,19.88,19.88,19.88,1,1.0
2026-06-06 05:00,19.52,19.52,19.52,1,1.0
2026-06-06 06:00,19.46,19.46,19.46,1,1.0
2026-06-06 07:00,21.43,21.43,21.43,1,1.0
2026-06-06 08:00,22.36,22.36,22.36,1,1.0
2026-06-06 09:00,23.56,23.56,23.56,1,1.0
2026-06-06 10:00,24.49,24.49,24.49,1,1.0
2026-06-06 11:00,25.11,25.11,25.11,1,1.0
2026-06-06 12:00,25.53,25.53,25.53,1,1.0
2026-06-06 13:00,25.71,25.71,25.71,1,1.0
2026-06-06 14:00,25.74,25.74,25.74,1,1.0
2026-06-06 15:00,25.66,25.66,25.66,1,1.0
2026-06-06 16:00,25.22,25.22,25.22,1,1.0
2026-06-06 17:00,24.43,24.43,24.43,1,1.0
2026-06-06 18:00,23.7,23.7,23.7,1,1.0
2026-06-06 19:00,23.0,23.0,23.0,1,1.0
2026-06-06 20:00,21.76,21.76,21.76,1,1.0
2026-06-06 21:00,21.13,21.13,21.13,1,1.0
2026-06-06 22:00,20.19,20.19,20.19,1,1.0
2026-06-06 23:00,19.52,19.52,19.52,1,1.0
2026-06-07 00:00,19.06,19.06,19.06,1,1.0
2026-06-07 01:00,19.58,19.58,19.58,1,1.0
2026-06-07 02:00,20.09,20.09,20.09,1,1.0
2026-06-07 03:00,19.82,19.82,19.82,1,1.0
2026-06-07 04:00,19.45,19.45,19.45,1,1.0
2026-06-07 05:00,17.79,17.79,17.79,1,1.0
2026-06-07 06:00,18.02,18.02,18.02,1,1.0
2026-06-07 07:00,21.2,21.2,21.2,1,1.0
2026-06-07 08:00,22.85,22.85,22.85,1,1.0
2026-06-07 09:00,24.17,24.17,24.17,1,1.0
2026-06-07 10:00,25.09,25.09,25.09,1,1.0
2026-06-07 11:00,25.62,25.62,25.62,1,1.0
2026-06-07 12:00,25.8,25.8,25.8,1,1.0
2026-06-07 13:00,25.76,25.76,25.76,1,1.0
2026-06-07 14:00,25.42,25.42,25.42,1,1.0
2026-06-07 15:00,25.07,25.07,25.07,1,1.0
2026-06-07 16:00,24.81,24.81,24.81,1,1.0
2026-06-07 17:00,24.41,24.41,24.41,1,1.0
2026-06-07 18:00,23.78,23.78,23.78,1,1.0
2026-06-07 19:00,23.01,23.01,23.01,1,1.0
2026-06-07 20:00,21.59,21.59,21.59,1,1.0
2026-06-07 21:00,20.6,20.6,20.6,1,1.0
2026-06-07 22:00,21.11,21.11,21.11,1,1.0
2026-06-07 23:00,20.87,20.87,20.87,1,1.0
2026-06-08 00:00,20.63,20.63,20.63,1,1.0
2026-06-08 01:00,20.38,20.38,20.38,1,1.0
2026-06-08 02:00,20.12,20.12,20.12,1,1.0
2026-06-08 03:00,19.89,19.89,19.89,1,1.0
2026-06-08 04:00,19.73,19.73,19.73,1,1.0
2026-06-08 05:00,19.6,19.6,19.6,1,1.0
2026-06-08 06:00,19.85,19.85,19.85,1,1.0
2026-06-08 07:00,20.94,20.94,20.94,1,1.0
2026-06-08 08:00,22.33,22.33,22.33,1,1.0
2026-06-08 09:00,23.58,23.58,23.58,1,1.0
2026-06-08 10:00,24.5,24.5,24.5,1,1.0
2026-06-08 11:00,24.92,24.92,24.92,1,1.0
2026-06-08 12:00,25.22,25.22,25.22,1,1.0
2026-06-08 13:00,25.15,25.15,25.15,1,1.0
2026-06-08 14:00,25.27,25.27,25.27,1,1.0
2026-06-08 15:00,25.05,25.05,25.05,1,1.0
2026-06-08 16:00,24.67,24.67,24.67,1,1.0
2026-06-08 17:00,24.07,24.07,24.07,1,1.0
2026-06-08 18:00,23.45,23.45,23.45,1,1.0
2026-06-08 19:00,22.71,22.71,22.71,1,1.0
2026-06-08 20:00,22.0,22.0,22.0,1,1.0
2026-06-08 21:00,21.37,21.37,21.37,1,1.0
2026-06-08 22:00,21.23,21.23,21.23,1,1.0
2026-06-08 23:00,20.83,20.83,20.83,1,1.0
2026-06-09 00:00,20.76,20.76,20.76,1,1.0
2026-06-09 01:00,20.44,20.44,20.44,1,1.0
2026-06-09 02:00,20.1,20.1,20.1,1,1.0
2026-06-09 03:00,19.82,19.82,19.82,1,1.0
2026-06-09 04:00,19.56,19.56,19.56,1,1.0
2026-06-09 05:00,19.38,19.38,19.38,1,1.0
2026-06-09 06:00,19.35,19.35,19.35,1,1.0
2026-06-09 07:00,20.51,20.51,20.51,1,1.0
2026-06-09 08:00,22.15,22.15,22.15,1,1.0
2026-06-09 09:00,23.57,23.57,23.57,1,1.0
2026-06-09 10:00,24.61,24.61,24.61,1,1.0
2026-06-09 11:00,25.26,25.26,25.26,1,1.0
2026-06-09 12:00,25.48,25.48,25.48,1,1.0
2026-06-09 13:00,25.57,25.57,25.57,1,1.0
2026-06-09 14:00,25.54,25.54,25.54,1,1.0
2026-06-09 15:00,25.3,25.3,25.3,1,1.0
2026-06-09 16:00,24.75,24.75,24.75,1,1.0
2026-06-09 17:00,24.16,24.16,24.16,1,1.0
2026-06-09 18:00,23.62,23.62,23.62,1,1.0
2026-06-09 19:00,22.89,22.89,22.89,1,1.0
2026-06-09 20:00,21.64,21.64,21.64,1,1.0
2026-06-09 21:00,21.48,21.48,21.48,1,1.0
2026-06-09 22:00,21.24,21.24,21.24,1,1.0
2026-06-09 23:00,20.88,20.88,20.88,1,1.0
2026-06-10 00:00,20.57,20.57,20.57,1,1.0
2026-06-10 01:00,20.28,20.28,20.28,1,1.0
2026-06-10 02:00,20.06,20.06,20.06,1,1.0
2026-06-10 03:00,19.71,19.71,19.71,1,1.0
2026-06-10 04:00,19.02,19.02,19.02,1,1.0
2026-06-10 05:00,19.18,19.18,19.18,1,1.0
2026-06-10 06:00,19.38,19.38,19.38,1,1.0
2026-06-10 07:00,21.22,21.22,21.22,1,1.0
2026-06-10 08:00,23.04,23.04,23.04,1,1.0
2026-06-10 09:00,24.22,24.22,24.22,1,1.0
2026-06-10 10:00,25.12,25.12,25.12,1,1.0
2026-06-10 11:00,25.73,25.73,25.73,1,1.0
2026-06-10 12:00,26.1,26.1,26.1,1,1.0
2026-06-10 13:00,26.26,26.26,26.26,1,1.0
2026-06-10 14:00,26.24,26.24,26.24,1,1.0
2026-06-10 15:00,26.19,26.19,26.19,1,1.0
2026-06-10 16:00,25.85,25.85,25.85,1,1.0
2026-06-10 17:00,25.25,25.25,25.25,1,1.0
2026-06-10 18:00,24.46,24.46,24.46,1,1.0
2026-06-10 19:00,23.5,23.5,23.5,1,1.0
2026-06-10 20:00,22.47,22.47,22.47,1,1.0
2026-06-10 21:00,21.54,21.54,21.54,1,1.0
2026-06-10 22:00,21.71,21.71,21.71,1,1.0
2026-06-10 23:00,21.57,21.57,21.57,1,1.0
2026-06-11 00:00,21.22,21.22,21.22,1,1.0
2026-06-11 01:00,20.9,20.9,20.9,1,1.0
2026-06-11 02:00,20.58,20.58,20.58,1,1.0
2026-06-11 03:00,20.4,20.4,20.4,1,1.0
2026-06-11 04:00,20.22,20.22,20.22,1,1.0
2026-06-11 05:00,20.11,20.11,20.11,1,1.0
2026-06-11 06:00,20.36,20.36,20.36,1,1.0
2026-06-11 07:00,21.55,21.55,21.55,1,1.0
2026-06-11 08:00,23.02,23.02,23.02,1,1.0
2026-06-11 09:00,24.04,24.04,24.04,1,1.0
2026-06-11 10:00,24.77,24.77,24.77,1,1.0
2026-06-11 11:00,25.1,25.1,25.1,1,1.0
2026-06-11 12:00,25.26,25.26,25.26,1,1.0
2026-06-11 13:00,25.21,25.21,25.21,1,1.0
2026-06-11 14:00,25.03,25.03,25.03,1,1.0
2026-06-11 15:00,24.55,24.55,24.55,1,1.0
2026-06-11 16:00,23.9,23.9,23.9,1,1.0
2026-06-11 17:00,23.08,23.08,23.08,1,1.0
2026-06-11 18:00,22.35,22.35,22.35,1,1.0
2026-06-11 19:00,21.67,21.67,21.67,1,1.0
2026-06-11 20:00,21.34,21.34,21.34,1,1.0
2026-06-11 21:00,20.99,20.99,20.99,1,1.0
2026-06-11 22:00,20.67,20.67,20.67,1,1.0
2026-06-11 23:00,20.31,20.31,20.31,1,1.0
2026-06-12 00:00,20.01,20.01,20.01,1,1.0
2026-06-12 01:00,19.93,19.93,19.93,1,1.0
2026-06-12 02:00,19.76,19.76,19.76,1,1.0
2026-06-12 03:00,19.68,19.68,19.68,1,1.0
2026-06-12 04:00,19.53,19.53,19.53,1,1.0
2026-06-12 05:00,19.42,19.42,19.42,1,1.0
2026-06-12 06:00,19.53,19.53,19.53,1,1.0
2026-06-12 07:00,20.08,20.08,20.08,1,1.0
2026-06-12 08:00,21.1,21.1,21.1,1,1.0
2026-06-12 09:00,22.4,22.4,22.4,1,1.0
2026-06-12 10:00,23.81,23.81,23.81,1,1.0
2026-06-12 11:00,25.0,25.0,25.0,1,1.0
2026-06-12 12:00,25.89,25.89,25.89,1,1.0
2026-06-12 13:00,26.35,26.35,26.35,1,1.0
2026-06-12 14:00,26.57,26.57,26.57,1,1.0
2026-06-12 15:00,26.52,26.52,26.52,1,1.0
2026-06-12 16:00,26.19,26.19,26.19,1,1.0
2026-06-12 17:00,25.58,25.58,25.58,1,1.0
2026-06-12 18:00,24.76,24.76,24.76,1,1.0
2026-06-12 19:00,23.75,23.75,23.75,1,1.0
2026-06-12 20:00,22.91,22.91,22.91,1,1.0
2026-06-12 21:00,22.03,22.03,22.03,1,1.0
2026-06-12 22:00,21.2,21.2,21.2,1,1.0
2026-06-12 23:00,20.38,20.38,20.38,1,1.0
2026-06-13 00:00,19.68,19.68,19.68,1,1.0
2026-06-13 01:00,19.08,19.08,19.08,1,1.0
2026-06-13 02:00,18.56,18.56,18.56,1,1.0
2026-06-13 03:00,18.13,18.13,18.13,1,1.0
2026-06-13 04:00,17.78,17.78,17.78,1,1.0
2026-06-13 05:00,17.59,17.59,17.59,1,1.0
2026-06-13 06:00,18.23,18.23,18.23,1,1.0
2026-06-13 07:00,20.21,20.21,20.21,1,1.0
2026-06-13 08:00,22.11,22.11,22.11,1,1.0
2026-06-13 09:00,23.71,23.71,23.71,1,1.0
2026-06-13 10:00,25.14,25.14,25.14,1,1.0
2026-06-13 11:00,26.14,26.14,26.14,1,1.0
2026-06-13 12:00,26.7,26.7,26.7,1,1.0
2026-06-13 13:00,26.9,26.9,26.9,1,1.0
2026-06-13 14:00,27.02,27.02,27.02,1,1.0
2026-06-13 15:00,27.0,27.0,27.0,1,1.0
2026-06-13 16:00,26.69,26.69,26.69,1,1.0
2026-06-13 17:00,26.02,26.02,26.02,1,1.0
2026-06-13 18:00,25.21,25.21,25.21,1,1.0
2026-06-13 19:00,24.47,24.47,24.47,1,1.0
2026-06-13 20:00,23.75,23.75,23.75,1,1.0
2026-06-13 21:00,23.09,23.09,23.09,1,1.0
2026-06-13 22:00,22.07,22.07,22.07,1,1.0
2026-06-13 23:00,21.49,21.49,21.49,1,1.0
2026-06-14 00:00,21.82,21.82,21.82,1,1.0
2026-06-14 01:00,22.06,22.06,22.06,1,1.0
2026-06-14 02:00,21.69,21.69,21.69,1,1.0
2026-06-14 03:00,19.79,19.79,19.79,1,1.0
2026-06-14 04:00,18.83,18.83,18.83,1,1.0
2026-06-14 05:00,18.41,18.41,18.41,1,1.0
2026-06-14 06:00,18.99,18.99,18.99,1,1.0
2026-06-14 07:00,21.58,21.58,21.58,1,1.0
2026-06-14 08:00,22.32,22.32,22.32,1,1.0
2026-06-14 09:00,23.36,23.36,23.36,1,1.0
2026-06-14 10:00,24.24,24.24,24.24,1,1.0
2026-06-14 11:00,24.84,24.84,24.84,1,1.0
2026-06-14 12:00,25.2,25.2,25.2,1,1.0
2026-06-14 13:00,25.35,25.35,25.35,1,1.0
2026-06-14 14:00,25.36,25.36,25.36,1,1.0
2026-06-14 15:00,25.12,25.12,25.12,1,1.0
2026-06-14 16:00,24.74,24.74,24.74,1,1.0
2026-06-14 17:00,24.29,24.29,24.29,1,1.0
2026-06-14 18:00,23.75,23.75,23.75,1,1.0
2026-06-14 19:00,22.99,22.99,22.99,1,1.0
2026-06-14 20:00,21.8,21.8,21.8,1,1.0
2026-06-14 21:00,21.15,21.15,21.15,1,1.0
2026-06-14 22:00,21.09,21.09,21.09,1,1.0
2026-06-14 23:00,20.67,20.67,20.67,1,1.0
2026-06-15 00:00,20.33,20.33,20.33,1,1.0
2026-06-15 01:00,20.03,20.03,20.03,1,1.0
2026-06-15 02:00,19.47,19.47,19.47,1,1.0
2026-06-15 03:00,18.29,18.29,18.29,1,1.0
2026-06-15 04:00,18.25,18.25,18.25,1,1.0
2026-06-15 05:00,17.26,17.26,17.26,1,1.0
2026-06-15 06:00,17.74,17.74,17.74,1,1.0
2026-06-15 07:00,20.49,20.49,20.49,1,1.0
2026-06-15 08:00,22.06,22.06,22.06,1,1.0
2026-06-15 09:00,23.37,23.37,23.37,1,1.0
2026-06-15 10:00,24.45,24.45,24.45,1,1.0
2026-06-15 11:00,25.04,25.04,25.04,1,1.0
2026-06-15 12:00,25.05,25.05,25.05,1,1.0
2026-06-15 13:00,24.78,24.78,24.78,1,1.0
2026-06-15 14:00,24.66,24.66,24.66,1,1.0
2026-06-15 15:00,24.46,24.46,24.46,1,1.0
2026-06-15 16:00,23.77,23.77,23.77,1,1.0
2026-06-15 17:00,23.12,23.12,23.12,1,1.0
2026-06-15 18:00,22.22,22.22,22.22,1,1.0
2026-06-15 19:00,21.78,21.78,21.78,1,1.0
2026-06-15 20:00,22.05,22.05,22.05,1,1.0
2026-06-15 21:00,21.47,21.47,21.47,1,1.0
2026-06-15 22:00,22.02,22.02,22.02,1,1.0
2026-06-15 23:00,21.25,21.25,21.25,1,1.0
2026-06-16 00:00,20.85,20.85,20.85,1,1.0
2026-06-16 01:00,19.52,19.52,19.52,1,1.0
2026-06-16 02:00,19.21,19.21,19.21,1,1.0
2026-06-16 03:00,20.04,20.04,20.04,1,1.0
2026-06-16 04:00,19.73,19.73,19.73,1,1.0
2026-06-16 05:00,17.68,17.68,17.68,1,1.0
2026-06-16 06:00,19.33,19.33,19.33,1,1.0
2026-06-16 07:00,21.79,21.79,21.79,1,1.0
2026-06-16 08:00,23.72,23.72,23.72,1,1.0
2026-06-16 09:00,24.84,24.84,24.84,1,1.0
2026-06-16 10:00,25.83,25.83,25.83,1,1.0
2026-06-16 11:00,26.63,26.63,26.63,1,1.0
2026-06-16 12:00,26.78,26.78,26.78,1,1.0
2026-06-16 13:00,26.86,26.86,26.86,1,1.0
2026-06-16 14:00,26.69,26.69,26.69,1,1.0
2026-06-16 15:00,26.1,26.1,26.1,1,1.0
2026-06-16 16:00,25.49,25.49,25.49,1,1.0
2026-06-16 17:00,24.84,24.84,24.84,1,1.0
2026-06-16 18:00,24.01,24.01,24.01,1,1.0
2026-06-16 19:00,23.72,23.72,23.72,1,1.0
2026-06-16 20:00,23.18,23.18,23.18,1,1.0
2026-06-16 21:00,22.56,22.56,22.56,1,1.0
2026-06-16 22:00,21.27,21.27,21.27,1,1.0
2026-06-16 23:00,20.56,20.56,20.56,1,1.0
2026-06-17 00:00,20.17,20.17,20.17,1,1.0
2026-06-17 01:00,19.98,19.98,19.98,1,1.0
2026-06-17 02:00,19.62,19.62,19.62,1,1.0
2026-06-17 03:00,19.34,19.34,19.34,1,1.0
2026-06-17 04:00,19.25,19.25,19.25,1,1.0
2026-06-17 05:00,18.81,18.81,18.81,1,1.0
2026-06-17 06:00,19.82,19.82,19.82,1,1.0
2026-06-17 07:00,22.85,22.85,22.85,1,1.0
2026-06-17 08:00,24.75,24.75,24.75,1,1.0
2026-06-17 09:00,26.15,26.15,26.15,1,1.0
2026-06-17 10:00,26.9,26.9,26.9,1,1.0
2026-06-17 11:00,27.45,27.45,27.45,1,1.0
2026-06-17 12:00,27.79,27.79,27.79,1,1.0
2026-06-17 13:00,27.78,27.78,27.78,1,1.0
2026-06-17 14:00,27.28,27.28,27.28,1,1.0
2026-06-17 15:00,26.66,26.66,26.66,1,1.0
2026-06-17 16:00,26.13,26.13,26.13,1,1.0
2026-06-17 17:00,25.92,25.92,25.92,1,1.0
2026-06-17 18:00,25.74,25.74,25.74,1,1.0
2026-06-17 19:00,25.17,25.17,25.17,1,1.0
2026-06-17 20:00,24.04,24.04,24.04,1,1.0
2026-06-17 21:00,23.43,23.43,23.43,1,1.0
2026-06-17 22:00,22.95,22.95,22.95,1,1.0
2026-06-17 23:00,22.37,22.37,22.37,1,1.0
2026-06-18 00:00,21.76,21.76,21.76,1,1.0
2026-06-18 01:00,20.99,20.99,20.99,1,1.0
2026-06-18 02:00,20.32,20.32,20.32,1,1.0
2026-06-18 03:00,19.82,19.82,19.82,1,1.0
2026-06-18 04:00,19.58,19.58,19.58,1,1.0
2026-06-18 05:00,19.68,19.68,19.68,1,1.0
2026-06-18 06:00,21.04,21.04,21.04,1,1.0
2026-06-18 07:00,23.88,23.88,23.88,1,1.0
2026-06-18 08:00,25.33,25.33,25.33,1,1.0
2026-06-18 09:00,26.6,26.6,26.6,1,1.0
2026-06-18 10:00,27.52,27.52,27.52,1,1.0
2026-06-18 11:00,28.32,28.32,28.32,1,1.0
2026-06-18 12:00,28.82,28.82,28.82,1,1.0
2026-06-18 13:00,29.22,29.22,29.22,1,1.0
2026-06-18 14:00,29.11,29.11,29.11,1,1.0
2026-06-18 15:00,28.78,28.78,28.78,1,1.0
2026-06-18 16:00,28.52,28.52,28.52,1,1.0
2026-06-18 17:00,28.16,28.16,28.16,1,1.0
2026-06-18 18:00,27.51,27.51,27.51,1,1.0
2026-06-18 19:00,26.66,26.66,26.66,1,1.0
2026-06-18 20:00,26.13,26.13,26.13,1,1.0
2026-06-18 21:00,25.25,25.25,25.25,1,1.0
2026-06-18 22:00,24.31,24.31,24.31,1,1.0
2026-06-18 23:00,23.72,23.72,23.72,1,1.0
2026-06-19 00:00,23.36,23.36,23.36,1,1.0
2026-06-19 01:00,23.09,23.09,23.09,1,1.0
2026-06-19 02:00,22.71,22.71,22.71,1,1.0
2026-06-19 03:00,22.39,22.39,22.39,1,1.0
2026-06-19 04:00,22.12,22.12,22.12,1,1.0
2026-06-19 05:00,22.03,22.03,22.03,1,1.0
2026-06-19 06:00,22.43,22.43,22.43,1,1.0
2026-06-19 07:00,24.7,24.7,24.7,1,1.0
2026-06-19 08:00,26.82,26.82,26.82,1,1.0
2026-06-19 09:00,27.74,27.74,27.74,1,1.0
2026-06-19 10:00,28.26,28.26,28.26,1,1.0
2026-06-19 11:00,28.97,28.97,28.97,1,1.0
2026-06-19 12:00,29.45,29.45,29.45,1,1.0
2026-06-19 13:00,29.76,29.76,29.76,1,1.0
2026-06-19 14:00,29.74,29.74,29.74,1,1.0
2026-06-19 15:00,29.23,29.23,29.23,1,1.0
2026-06-19 16:00,28.82,28.82,28.82,1,1.0
2026-06-19 17:00,28.38,28.38,28.38,1,1.0
2026-06-19 18:00,27.67,27.67,27.67,1,1.0
2026-06-19 19:00,26.77,26.77,26.77,1,1.0
2026-06-19 20:00,25.53,25.53,25.53,1,1.0
2026-06-19 21:00,24.8,24.8,24.8,1,1.0
2026-06-19 22:00,24.18,24.18,24.18,1,1.0
2026-06-19 23:00,23.07,23.07,23.07,1,1.0
2026-06-20 00:00,22.63,22.63,22.63,1,1.0
2026-06-20 01:00,22.68,22.68,22.68,1,1.0
2026-06-20 02:00,22.51,22.51,22.51,1,1.0
2026-06-20 03:00,22.41,22.41,22.41,1,1.0
2026-06-20 04:00,22.0,22.0,22.0,1,1.0
2026-06-20 05:00,21.71,21.71,21.71,1,1.0
2026-06-20 06:00,22.57,22.57,22.57,1,1.0
2026-06-20 07:00,24.84,24.84,24.84,1,1.0
2026-06-20 08:00,26.94,26.94,26.94,1,1.0
2026-06-20 09:00,27.87,27.87,27.87,1,1.0
2026-06-20 10:00,28.36,28.36,28.36,1,1.0
2026-06-20 11:00,28.95,28.95,28.95,1,1.0
2026-06-20 12:00,29.35,29.35,29.35,1,1.0
2026-06-20 13:00,29.61,29.61,29.61,1,1.0
2026-06-20 14:00,29.7,29.7,29.7,1,1.0
2026-06-20 15:00,29.36,29.36,29.36,1,1.0
2026-06-20 16:00,28.56,28.56,28.56,1,1.0
2026-06-20 17:00,27.81,27.81,27.81,1,1.0
2026-06-20 18:00,27.03,27.03,27.03,1,1.0
2026-06-20 19:00,26.11,26.11,26.11,1,1.0
2026-06-20 20:00,25.16,25.16,25.16,1,1.0
2026-06-20 21:00,24.32,24.32,24.32,1,1.0
2026-06-20 22:00,24.24,24.24,24.24,1,1.0
2026-06-20 23:00,24.07,24.07,24.07,1,1.0
2026-06-21 00:00,23.8,23.8,23.8,1,1.0
2026-06-21 01:00,23.56,23.56,23.56,1,1.0
2026-06-21 02:00,23.27,23.27,23.27,1,1.0
2026-06-21 03:00,23.04,23.04,23.04,1,1.0
2026-06-21 04:00,22.55,22.55,22.55,1,1.0
2026-06-21 05:00,21.02,21.02,21.02,1,1.0
2026-06-21 06:00,21.74,21.74,21.74,1,1.0
2026-06-21 07:00,24.62,24.62,24.62,1,1.0
2026-06-21 08:00,26.99,26.99,26.99,1,1.0
2026-06-21 09:00,28.13,28.13,28.13,1,1.0
2026-06-21 10:00,28.88,28.88,28.88,1,1.0
2026-06-21 11:00,29.45,29.45,29.45,1,1.0
2026-06-21 12:00,29.88,29.88,29.88,1,1.0
2026-06-21 13:00,30.08,30.08,30.08,1,1.0
2026-06-21 14:00,29.9,29.9,29.9,1,1.0
2026-06-21 15:00,29.33,29.33,29.33,1,1.0
2026-06-21 16:00,28.67,28.67,28.67,1,1.0
2026-06-21 17:00,28.24,28.24,28.24,1,1.0
2026-06-21 18:00,27.43,27.43,27.43,1,1.0
2026-06-21 19:00,26.58,26.58,26.58,1,1.0
2026-06-21 20:00,25.62,25.62,25.62,1,1.0
2026-06-21 21:00,25.38,25.38,25.38,1,1.0
2026-06-21 22:00,24.74,24.74,24.74,1,1.0
2026-06-21 23:00,23.86,23.86,23.86,1,1.0
2026-06-22 00:00,24.53,24.53,24.53,1,1.0
2026-06-22 01:00,24.3,24.3,24.3,1,1.0
2026-06-22 02:00,24.05,24.05,24.05,1,1.0
2026-06-22 03:00,23.82,23.82,23.82,1,1.0
2026-06-22 04:00,23.65,23.65,23.65,1,1.0
2026-06-22 05:00,23.25,23.25,23.25,1,1.0
2026-06-22 06:00,22.6,22.6,22.6,1,1.0
2026-06-22 07:00,25.14,25.14,25.14,1,1.0
2026-06-22 08:00,26.93,26.93,26.93,1,1.0
2026-06-22 09:00,28.28,28.28,28.28,1,1.0
2026-06-22 10:00,28.92,28.92,28.92,1,1.0
2026-06-22 11:00,29.35,29.35,29.35,1,1.0
2026-06-22 12:00,29.39,29.39,29.39,1,1.0
2026-06-22 13:00,29.52,29.52,29.52,1,1.0
2026-06-22 14:00,29.3,29.3,29.3,1,1.0
2026-06-22 15:00,27.99,27.99,27.99,1,1.0
2026-06-22 16:00,28.08,28.08,28.08,1,1.0
2026-06-22 17:00,28.22,28.22,28.22,1,1.0
2026-06-22 18:00,27.95,27.95,27.95,1,1.0
2026-06-22 19:00,27.27,27.27,27.27,1,1.0
2026-06-22 20:00,26.11,26.11,26.11,1,1.0
2026-06-22 21:00,25.63,25.63,25.63,1,1.0
2026-06-22 22:00,24.61,24.61,24.61,1,1.0
2026-06-22 23:00,23.96,23.96,23.96,1,1.0
2026-06-23 00:00,23.68,23.68,23.68,1,1.0
2026-06-23 01:00,23.25,23.25,23.25,1,1.0
2026-06-23 02:00,22.89,22.89,22.89,1,1.0
2026-06-23 03:00,22.58,22.58,22.58,1,1.0
2026-06-23 04:00,22.43,22.43,22.43,1,1.0
2026-06-23 05:00,22.33,22.33,22.33,1,1.0
2026-06-23 06:00,23.52,23.52,23.52,1,1.0
2026-06-23 07:00,26.08,26.08,26.08,1,1.0
2026-06-23 08:00,27.59,27.59,27.59,1,1.0
2026-06-23 09:00,28.9,28.9,28.9,1,1.0
2026-06-23 10:00,29.92,29.92,29.92,1,1.0
2026-06-23 11:00,30.08,30.08,30.08,1,1.0
2026-06-23 12:00,30.29,30.29,30.29,1,1.0
2026-06-23 13:00,30.41,30.41,30.41,1,1.0
2026-06-23 14:00,30.58,30.58,30.58,1,1.0
2026-06-23 15:00,29.47,29.47,29.47,1,1.0
2026-06-23 16:00,28.96,28.96,28.96,1,1.0
2026-06-23 17:00,29.24,29.24,29.24,1,1.0
2026-06-23 18:00,28.38,28.38,28.38,1,1.0
2026-06-23 19:00,28.1,28.1,28.1,1,1.0
2026-06-23 20:00,26.51,26.51,26.51,1,1.0
2026-06-23 21:00,25.8,25.8,25.8,1,1.0
2026-06-23 22:00,25.64,25.64,25.64,1,1.0
2026-06-23 23:00,25.67,25.67,25.67,1,1.0
2026-06-24 00:00,25.62,25.62,25.62,1,1.0
2026-06-24 01:00,24.22,24.22,24.22,1,1.0
2026-06-24 02:00,24.12,24.12,24.12,1,1.0
2026-06-24 03:00,24.3,24.3,24.3,1,1.0
2026-06-24 04:00,23.54,23.54,23.54,1,1.0
2026-06-24 05:00,22.87,22.87,22.87,1,1.0
2026-06-24 06:00,22.97,22.97,22.97,1,1.0
2026-06-24 07:00,26.18,26.18,26.18,1,1.0
2026-06-24 08:00,27.76,27.76,27.76,1,1.0
2026-06-24 09:00,28.83,28.83,28.83,1,1.0
2026-06-24 10:00,29.41,29.41,29.41,1,1.0
2026-06-24 11:00,29.8,29.8,29.8,1,1.0
2026-06-24 12:00,29.98,29.98,29.98,1,1.0
2026-06-24 13:00,29.93,29.93,29.93,1,1.0
2026-06-24 14:00,29.75,29.75,29.75,1,1.0
2026-06-24 15:00,29.48,29.48,29.48,1,1.0
2026-06-24 16:00,29.11,29.11,29.11,1,1.0
2026-06-24 17:00,28.88,28.88,28.88,1,1.0
2026-06-24 18:00,28.22,28.22,28.22,1,1.0
2026-06-24 19:00,27.58,27.58,27.58,1,1.0
2026-06-24 20:00,27.43,27.43,27.43,1,1.0
2026-06-24 21:00,26.41,26.41,26.41,1,1.0
2026-06-24 22:00,25.18,25.18,25.18,1,1.0
2026-06-24 23:00,24.24,24.24,24.24,1,1.0
2026-06-25 00:00,23.49,23.49,23.49,1,1.0
2026-06-25 01:00,23.41,23.41,23.41,1,1.0
2026-06-25 02:00,23.3,23.3,23.3,1,1.0
2026-06-25 03:00,22.79,22.79,22.79,1,1.0
2026-06-25 04:00,22.39,22.39,22.39,1,1.0
2026-06-25 05:00,22.11,22.11,22.11,1,1.0
2026-06-25 06:00,23.03,23.03,23.03,1,1.0
2026-06-25 07:00,25.37,25.37,25.37,1,1.0
2026-06-25 08:00,27.2,27.2,27.2,1,1.0
2026-06-25 09:00,28.21,28.21,28.21,1,1.0
2026-06-25 10:00,29.0,29.0,29.0,1,1.0
2026-06-25 11:00,29.45,29.45,29.45,1,1.0
2026-06-25 12:00,29.61,29.61,29.61,1,1.0
2026-06-25 13:00,29.77,29.77,29.77,1,1.0
2026-06-25 14:00,29.69,29.69,29.69,1,1.0
2026-06-25 15:00,28.65,28.65,28.65,1,1.0
2026-06-25 16:00,28.16,28.16,28.16,1,1.0
2026-06-25 17:00,27.63,27.63,27.63,1,1.0
2026-06-25 18:00,27.57,27.57,27.57,1,1.0
2026-06-25 19:00,27.17,27.17,27.17,1,1.0
2026-06-25 20:00,25.81,25.81,25.81,1,1.0
2026-06-25 21:00,25.68,25.68,25.68,1,1.0
2026-06-25 22:00,25.4,25.4,25.4,1,1.0
2026-06-25 23:00,25.23,25.23,25.23,1,1.0
2026-06-26 00:00,25.02,25.02,25.02,1,1.0
2026-06-26 01:00,23.88,23.88,23.88,1,1.0
2026-06-26 02:00,24.15,24.15,24.15,1,1.0
2026-06-26 03:00,24.31,24.31,24.31,1,1.0
2026-06-26 04:00,23.3,23.3,23.3,1,1.0
2026-06-26 05:00,22.39,22.39,22.39,1,1.0
2026-06-26 06:00,22.78,22.78,22.78,1,1.0
2026-06-26 07:00,25.71,25.71,25.71,1,1.0
2026-06-26 08:00,27.03,27.03,27.03,1,1.0
2026-06-26 09:00,28.28,28.28,28.28,1,1.0
2026-06-26 10:00,29.17,29.17,29.17,1,1.0
2026-06-26 11:00,29.54,29.54,29.54,1,1.0
2026-06-26 12:00,29.7,29.7,29.7,1,1.0
2026-06-26 13:00,29.94,29.94,29.94,1,1.0
2026-06-26 14:00,29.78,29.78,29.78,1,1.0
2026-06-26 15:00,29.65,29.65,29.65,1,1.0
2026-06-26 16:00,29.33,29.33,29.33,1,1.0
2026-06-26 17:00,28.81,28.81,28.81,1,1.0
2026-06-26 18:00,28.36,28.36,28.36,1,1.0
2026-06-26 19:00,27.68,27.68,27.68,1,1.0
2026-06-26 20:00,26.47,26.47,26.47,1,1.0
2026-06-26 21:00,25.77,25.77,25.77,1,1.0
2026-06-26 22:00,25.64,25.64,25.64,1,1.0
2026-06-26 23:00,24.91,24.91,24.91,1,1.0
2026-06-27 00:00,24.32,24.32,24.32,1,1.0
2026-06-27 01:00,23.88,23.88,23.88,1,1.0
2026-06-27 02:00,23.36,23.36,23.36,1,1.0
2026-06-27 03:00,22.52,22.52,22.52,1,1.0
2026-06-27 04:00,21.84,21.84,21.84,1,1.0
2026-06-27 05:00,21.88,21.88,21.88,1,1.0
2026-06-27 06:00,23.53,23.53,23.53,1,1.0
2026-06-27 07:00,26.3,26.3,26.3,1,1.0
2026-06-27 08:00,28.52,28.52,28.52,1,1.0
2026-06-27 09:00,30.09,30.09,30.09,1,1.0
2026-06-27 10:00,30.95,30.95,30.95,1,1.0
2026-06-27 11:00,31.27,31.27,31.27,1,1.0
2026-06-27 12:00,31.44,31.44,31.44,1,1.0
2026-06-27 13:00,31.4,31.4,31.4,1,1.0
2026-06-27 14:00,31.03,31.03,31.03,1,1.0
2026-06-27 15:00,31.17,31.17,31.17,1,1.0
2026-06-27 16:00,31.07,31.07,31.07,1,1.0
2026-06-27 17:00,30.5,30.5,30.5,1,1.0
2026-06-27 18:00,30.24,30.24,30.24,1,1.0
2026-06-27 19:00,29.65,29.65,29.65,1,1.0
2026-06-27 20:00,28.44,28.44,28.44,1,1.0
2026-06-27 21:00,27.98,27.98,27.98,1,1.0
2026-06-27 22:00,28.12,28.12,28.12,1,1.0
2026-06-27 23:00,27.19,27.19,27.19,1,1.0
2026-06-28 00:00,27.04,27.04,27.04,1,1.0
2026-06-28 01:00,26.6,26.6,26.6,1,1.0
2026-06-28 02:00,25.06,25.06,25.06,1,1.0
2026-06-28 03:00,23.7,23.7,23.7,1,1.0
2026-06-28 04:00,22.93,22.93,22.93,1,1.0
2026-06-28 05:00,22.55,22.55,22.55,1,1.0
2026-06-28 06:00,23.86,23.86,23.86,1,1.0
2026-06-28 07:00,27.43,27.43,27.43,1,1.0
2026-06-28 08:00,29.5,29.5,29.5,1,1.0
2026-06-28 09:00,30.75,30.75,30.75,1,1.0
2026-06-28 10:00,31.36,31.36,31.36,1,1.0
2026-06-28 11:00,31.75,31.75,31.75,1,1.0
2026-06-28 12:00,32.1,32.1,32.1,1,1.0
2026-06-28 13:00,32.22,32.22,32.22,1,1.0
2026-06-28 14:00,32.14,32.14,32.14,1,1.0
2026-06-28 15:00,31.8,31.8,31.8,1,1.0
2026-06-28 16:00,31.27,31.27,31.27,1,1.0
2026-06-28 17:00,30.67,30.67,30.67,1,1.0
2026-06-28 18:00,30.03,30.03,30.03,1,1.0
2026-06-28 19:00,29.11,29.11,29.11,1,1.0
2026-06-28 20:00,27.75,27.75,27.75,1,1.0
2026-06-28 21:00,27.09,27.09,27.09,1,1.0
2026-06-28 22:00,26.95,26.95,26.95,1,1.0
2026-06-28 23:00,26.72,26.72,26.72,1,1.0
2026-06-29 00:00,25.83,25.83,25.83,1,1.0
2026-06-29 01:00,25.2,25.2,25.2,1,1.0
2026-06-29 02:00,25.0,25.0,25.0,1,1.0
2026-06-29 03:00,25.04,25.04,25.04,1,1.0
2026-06-29 04:00,24.9,24.9,24.9,1,1.0
2026-06-29 05:00,24.73,24.73,24.73,1,1.0
2026-06-29 06:00,24.58,24.58,24.58,1,1.0
2026-06-29 07:00,27.13,27.13,27.13,1,1.0
2026-06-29 08:00,29.52,29.52,29.52,1,1.0
2026-06-29 09:00,30.76,30.76,30.76,1,1.0
2026-06-29 10:00,31.5,31.5,31.5,1,1.0
2026-06-29 11:00,31.92,31.92,31.92,1,1.0
2026-06-29 12:00,32.18,32.18,32.18,1,1.0
2026-06-29 13:00,32.34,32.34,32.34,1,1.0
2026-06-29 14:00,32.17,32.17,32.17,1,1.0
2026-06-29 15:00,30.8,30.8,30.8,1,1.0
2026-06-29 16:00,30.43,30.43,30.43,1,1.0
2026-06-29 17:00,29.95,29.95,29.95,1,1.0
2026-06-29 18:00,28.93,28.93,28.93,1,1.0
2026-06-29 19:00,27.8,27.8,27.8,1,1.0
2026-06-29 20:00,27.39,27.39,27.39,1,1.0
2026-06-29 21:00,26.51,26.51,26.51,1,1.0
2026-06-29 22:00,25.67,25.67,25.67,1,1.0
2026-06-29 23:00,25.15,25.15,25.15,1,1.0
2026-06-30 00:00,24.57,24.57,24.57,1,1.0
2026-06-30 01:00,24.91,24.91,24.91,1,1.0
2026-06-30 02:00,24.52,24.52,24.52,1,1.0
2026-06-30 03:00,23.75,23.75,23.75,1,1.0
2026-06-30 04:00,23.25,23.25,23.25,1,1.0
2026-06-30 05:00,23.03,23.03,23.03,1,1.0
2026-06-30 06:00,23.86,23.86,23.86,1,1.0
2026-06-30 07:00,26.96,26.96,26.96,1,1.0
2026-06-30 08:00,29.06,29.06,29.06,1,1.0
2026-06-30 09:00,30.18,30.18,30.18,1,1.0
2026-06-30 10:00,30.82,30.82,30.82,1,1.0
2026-06-30 11:00,31.27,31.27,31.27,1,1.0
2026-06-30 12:00,31.8,31.8,31.8,1,1.0
2026-06-30 13:00,31.89,31.89,31.89,1,1.0
2026-06-30 14:00,31.24,31.24,31.24,1,1.0
2026-06-30 15:00,29.85,29.85,29.85,1,1.0
2026-06-30 16:00,29.42,29.42,29.42,1,1.0
2026-06-30 17:00,29.65,29.65,29.65,1,1.0
2026-06-30 18:00,29.44,29.44,29.44,1,1.0
2026-06-30 19:00,28.6,28.6,28.6,1,1.0
2026-06-30 20:00,27.73,27.73,27.73,1,1.0
2026-06-30 21:00,27.68,27.68,27.68,1,1.0
2026-06-30 22:00,26.16,26.16,26.16,1,1.0
2026-06-30 23:00,24.99,24.99,24.99,1,1.0
2026-07-01 00:00,24.33,24.33,24.33,1,1.0
2026-07-01 01:00,23.86,23.86,23.86,1,1.0
2026-07-01 02:00,23.43,23.43,23.43,1,1.0
2026-07-01 03:00,23.21,23.21,23.21,1,1.0
2026-07-01 04:00,23.03,23.03,23.03,1,1.0
2026-07-01 05:00,22.98,22.98,22.98,1,1.0
2026-07-01 06:00,23.9,23.9,23.9,1,1.0
2026-07-01 07:00,26.89,26.89,26.89,1,1.0
2026-07-01 08:00,28.07,28.07,28.07,1,1.0
2026-07-01 09:00,29.16,29.16,29.16,1,1.0
2026-07-01 10:00,29.81,29.81,29.81,1,1.0
2026-07-01 11:00,30.36,30.36,30.36,1,1.0
2026-07-01 12:00,30.74,30.74,30.74,1,1.0
2026-07-01 13:00,30.59,30.59,30.59,1,1.0
2026-07-01 14:00,30.12,30.12,30.12,1,1.0
2026-07-01 15:00,29.18,29.18,29.18,1,1.0
2026-07-01 16:00,29.0,29.0,29.0,1,1.0
2026-07-01 17:00,28.37,28.37,28.37,1,1.0
2026-07-01 18:00,27.74,27.74,27.74,1,1.0
2026-07-01 19:00,27.0,27.0,27.0,1,1.0
2026-07-01 20:00,26.34,26.34,26.34,1,1.0
2026-07-01 21:00,25.62,25.62,25.62,1,1.0
2026-07-01 22:00,24.94,24.94,24.94,1,1.0
2026-07-01 23:00,24.35,24.35,24.35,1,1.0
2026-07-02 00:00,24.07,24.07,24.07,1,1.0
2026-07-02 01:00,23.56,23.56,23.56,1,1.0
2026-07-02 02:00,23.34,23.34,23.34,1,1.0
2026-07-02 03:00,23.37,23.37,23.37,1,1.0
2026-07-02 04:00,22.64,22.64,22.64,1,1.0
2026-07-02 05:00,22.66,22.66,22.66,1,1.0
2026-07-02 06:00,23.65,23.65,23.65,1,1.0
2026-07-02 07:00,24.49,24.49,24.49,1,1.0
2026-07-02 08:00,26.25,26.25,26.25,1,1.0
2026-07-02 09:00,27.06,27.06,27.06,1,1.0
2026-07-02 10:00,27.32,27.32,27.32,1,1.0
2026-07-02 11:00,27.71,27.71,27.71,1,1.0
2026-07-02 12:00,26.44,26.44,26.44,1,1.0
2026-07-02 13:00,25.84,25.84,25.84,1,1.0
2026-07-02 14:00,27.02,27.02,27.02,1,1.0
2026-07-02 15:00,26.52,26.52,26.52,1,1.0
2026-07-02 16:00,27.15,27.15,27.15,1,1.0
2026-07-02 17:00,27.55,27.55,27.55,1,1.0
2026-07-02 18:00,27.05,27.05,27.05,1,1.0
2026-07-02 19:00,26.77,26.77,26.77,1,1.0
2026-07-02 20:00,25.07,25.07,25.07,1,1.0
2026-07-02 21:00,24.45,24.45,24.45,1,1.0
2026-07-02 22:00,24.1,24.1,24.1,1,1.0
2026-07-02 23:00,23.96,23.96,23.96,1,1.0
2026-07-03 00:00,23.88,23.88,23.88,1,1.0
2026-07-03 01:00,23.87,23.87,23.87,1,1.0
2026-07-03 02:00,23.66,23.66,23.66,1,1.0
2026-07-03 03:00,23.41,23.41,23.41,1,1.0
2026-07-03 04:00,23.26,23.26,23.26,1,1.0
2026-07-03 05:00,23.05,23.05,23.05,1,1.0
2026-07-03 06:00,23.4,23.4,23.4,1,1.0
2026-07-03 07:00,24.2,24.2,24.2,1,1.0
2026-07-03 08:00,25.73,25.73,25.73,1,1.0
2026-07-03 09:00,26.96,26.96,26.96,1,1.0
2026-07-03 10:00,27.95,27.95,27.95,1,1.0
2026-07-03 11:00,28.69,28.69,28.69,1,1.0
2026-07-03 12:00,29.54,29.54,29.54,1,1.0
2026-07-03 13:00,30.19,30.19,30.19,1,1.0
2026-07-03 14:00,30.33,30.33,30.33,1,1.0
2026-07-03 15:00,29.37,29.37,29.37,1,1.0
2026-07-03 16:00,28.57,28.57,28.57,1,1.0
2026-07-03 17:00,28.87,28.87,28.87,1,1.0
2026-07-03 18:00,28.62,28.62,28.62,1,1.0
2026-07-03 19:00,28.06,28.06,28.06,1,1.0
2026-07-03 20:00,27.25,27.25,27.25,1,1.0
2026-07-03 21:00,26.54,26.54,26.54,1,1.0
2026-07-03 22:00,25.85,25.85,25.85,1,1.0
2026-07-03 23:00,25.25,25.25,25.25,1,1.0
2026-07-04 00:00,24.57,24.57,24.57,1,1.0
2026-07-04 01:00,23.93,23.93,23.93,1,1.0
2026-07-04 02:00,23.35,23.35,23.35,1,1.0
2026-07-04 03:00,22.93,22.93,22.93,1,1.0
2026-07-04 04:00,22.62,22.62,22.62,1,1.0
2026-07-04 05:00,22.45,22.45,22.45,1,1.0
2026-07-04 06:00,22.89,22.89,22.89,1,1.0
2026-07-04 07:00,24.31,24.31,24.31,1,1.0
2026-07-04 08:00,26.33,26.33,26.33,1,1.0
2026-07-04 09:00,27.47,27.47,27.47,1,1.0
2026-07-04 10:00,28.38,28.38,28.38,1,1.0
2026-07-04 11:00,29.38,29.38,29.38,1,1.0
2026-07-04 12:00,30.18,30.18,30.18,1,1.0
2026-07-04 13:00,30.74,30.74,30.74,1,1.0
2026-07-04 14:00,30.98,30.98,30.98,1,1.0
2026-07-04 15:00,30.94,30.94,30.94,1,1.0
2026-07-04 16:00,30.7,30.7,30.7,1,1.0
2026-07-04 17:00,30.14,30.14,30.14,1,1.0
2026-07-04 18:00,29.26,29.26,29.26,1,1.0
2026-07-04 19:00,28.1,28.1,28.1,1,1.0
2026-07-04 20:00,26.89,26.89,26.89,1,1.0
2026-07-04 21:00,25.87,25.87,25.87,1,1.0
2026-07-04 22:00,25.03,25.03,25.03,1,1.0
2026-07-04 23:00,24.26,24.26,24.26,1,1.0
2026-07-05 00:00,23.61,23.61,23.61,1,1.0
2026-07-05 01:00,23.08,23.08,23.08,1,1.0
2026-07-05 02:00,22.61,22.61,22.61,1,1.0
2026-07-05 03:00,22.24,22.24,22.24,1,1.0
2026-07-05 04:00,21.84,21.84,21.84,1,1.0
2026-07-05 05:00,21.47,21.47,21.47,1,1.0
2026-07-05 06:00,21.7,21.7,21.7,1,1.0
2026-07-05 07:00,23.16,23.16,23.16,1,1.0
2026-07-05 08:00,24.94,24.94,24.94,1,1.0
2026-07-05 09:00,26.47,26.47,26.47,1,1.0
2026-07-05 10:00,27.95,27.95,27.95,1,1.0
2026-07-05 11:00,29.19,29.19,29.19,1,1.0
2026-07-05 12:00,30.0,30.0,30.0,1,1.0
2026-07-05 13:00,30.56,30.56,30.56,1,1.0
2026-07-05 14:00,30.68,30.68,30.68,1,1.0
2026-07-05 15:00,30.47,30.47,30.47,1,1.0
2026-07-05 16:00,30.19,30.19,30.19,1,1.0
2026-07-05 17:00,29.77,29.77,29.77,1,1.0
2026-07-05 18:00,29.16,29.16,29.16,1,1.0
2026-07-05 19:00,28.26,28.26,28.26,1,1.0
2026-07-05 20:00,27.29,27.29,27.29,1,1.0
2026-07-05 21:00,25.94,25.94,25.94,1,1.0
2026-07-05 22:00,24.9,24.9,24.9,1,1.0
2026-07-05 23:00,23.77,23.77,23.77,1,1.0
2026-07-06 00:00,22.79,22.79,22.79,1,1.0
2026-07-06 01:00,22.25,22.25,22.25,1,1.0
2026-07-06 02:00,21.8,21.8,21.8,1,1.0
2026-07-06 03:00,21.52,21.52,21.52,1,1.0
2026-07-06 04:00,21.18,21.18,21.18,1,1.0
2026-07-06 05:00,20.9,20.9,20.9,1,1.0
2026-07-06 06:00,21.25,21.25,21.25,1,1.0
2026-07-06 07:00,24.87,24.87,24.87,1,1.0
2026-07-06 08:00,25.75,25.75,25.75,1,1.0
2026-07-06 09:00,27.03,27.03,27.03,1,1.0
2026-07-06 10:00,28.09,28.09,28.09,1,1.0
2026-07-06 11:00,28.52,28.52,28.52,1,1.0
2026-07-06 12:00,28.68,28.68,28.68,1,1.0
2026-07-06 13:00,28.33,28.33,28.33,1,1.0
2026-07-06 14:00,28.35,28.35,28.35,1,1.0
2026-07-06 15:00,27.92,27.92,27.92,1,1.0
2026-07-06 16:00,27.43,27.43,27.43,1,1.0
2026-07-06 17:00,27.11,27.11,27.11,1,1.0
2026-07-06 18:00,26.75,26.75,26.75,1,1.0
2026-07-06 19:00,26.13,26.13,26.13,1,1.0
2026-07-06 20:00,25.07,25.07,25.07,1,1.0
2026-07-06 21:00,24.65,24.65,24.65,1,1.0
2026-07-06 22:00,24.73,24.73,24.73,1,1.0
2026-07-06 23:00,24.61,24.61,24.61,1,1.0
2026-07-07 00:00,24.27,24.27,24.27,1,1.0
2026-07-07 01:00,24.03,24.03,24.03,1,1.0
2026-07-07 02:00,23.76,23.76,23.76,1,1.0
2026-07-07 03:00,23.5,23.5,23.5,1,1.0
2026-07-07 04:00,22.63,22.63,22.63,1,1.0
2026-07-07 05:00,21.3,21.3,21.3,1,1.0
2026-07-07 06:00,21.96,21.96,21.96,1,1.0
2026-07-07 07:00,24.2,24.2,24.2,1,1.0
2026-07-07 08:00,25.6,25.6,25.6,1,1.0
2026-07-07 09:00,26.63,26.63,26.63,1,1.0
2026-07-07 10:00,27.33,27.33,27.33,1,1.0
2026-07-07 11:00,27.92,27.92,27.92,1,1.0
2026-07-07 12:00,28.22,28.22,28.22,1,1.0
2026-07-07 13:00,28.13,28.13,28.13,1,1.0
2026-07-07 14:00,27.95,27.95,27.95,1,1.0
2026-07-07 15:00,27.92,27.92,27.92,1,1.0
2026-07-07 16:00,25.99,25.99,25.99,1,1.0
2026-07-07 17:00,26.1,26.1,26.1,1,1.0
2026-07-07 18:00,25.95,25.95,25.95,1,1.0
2026-07-07 19:00,25.65,25.65,25.65,1,1.0
2026-07-07 20:00,24.58,24.58,24.58,1,1.0
2026-07-07 21:00,24.18,24.18,24.18,1,1.0
2026-07-07 22:00,23.55,23.55,23.55,1,1.0
2026-07-07 23:00,22.86,22.86,22.86,1,1.0
2026-07-08 00:00,22.45,22.45,22.45,1,1.0
2026-07-08 01:00,22.39,22.39,22.39,1,1.0
2026-07-08 02:00,21.62,21.62,21.62,1,1.0
2026-07-08 03:00,21.1,21.1,21.1,1,1.0
2026-07-08 04:00,20.72,20.72,20.72,1,1.0
2026-07-08 05:00,20.58,20.58,20.58,1,1.0
2026-07-08 06:00,21.5,21.5,21.5,1,1.0
2026-07-08 07:00,22.79,22.79,22.79,1,1.0
2026-07-08 08:00,24.35,24.35,24.35,1,1.0
2026-07-08 09:00,25.39,25.39,25.39,1,1.0
2026-07-08 10:00,26.34,26.34,26.34,1,1.0
2026-07-08 11:00,27.09,27.09,27.09,1,1.0
2026-07-08 12:00,27.44,27.44,27.44,1,1.0
2026-07-08 13:00,27.55,27.55,27.55,1,1.0
2026-07-08 14:00,27.64,27.64,27.64,1,1.0
2026-07-08 15:00,27.57,27.57,27.57,1,1.0
2026-07-08 16:00,27.14,27.14,27.14,1,1.0
2026-07-08 17:00,26.51,26.51,26.51,1,1.0
2026-07-08 18:00,25.91,25.91,25.91,1,1.0
2026-07-08 19:00,25.11,25.11,25.11,1,1.0
2026-07-08 20:00,24.54,24.54,24.54,1,1.0
2026-07-08 21:00,23.82,23.82,23.82,1,1.0
2026-07-08 22:00,23.58,23.58,23.58,1,1.0
2026-07-08 23:00,23.54,23.54,23.54,1,1.0
2026-07-09 00:00,23.27,23.27,23.27,1,1.0
2026-07-09 01:00,22.99,22.99,22.99,1,1.0
2026-07-09 02:00,22.89,22.89,22.89,1,1.0
2026-07-09 03:00,22.74,22.74,22.74,1,1.0
2026-07-09 04:00,22.2,22.2,22.2,1,1.0
2026-07-09 05:00,21.94,21.94,21.94,1,1.0
2026-07-09 06:00,21.88,21.88,21.88,1,1.0
2026-07-09 07:00,23.4,23.4,23.4,1,1.0
2026-07-09 08:00,25.27,25.27,25.27,1,1.0
2026-07-09 09:00,26.89,26.89,26.89,1,1.0
2026-07-09 10:00,28.14,28.14,28.14,1,1.0
2026-07-09 11:00,28.85,28.85,28.85,1,1.0
2026-07-09 12:00,28.98,28.98,28.98,1,1.0
2026-07-09 13:00,29.23,29.23,29.23,1,1.0
2026-07-09 14:00,28.89,28.89,28.89,1,1.0
2026-07-09 15:00,28.75,28.75,28.75,1,1.0
2026-07-09 16:00,28.08,28.08,28.08,1,1.0
2026-07-09 17:00,27.91,27.91,27.91,1,1.0
2026-07-09 18:00,27.73,27.73,27.73,1,1.0
2026-07-09 19:00,27.26,27.26,27.26,1,1.0
2026-07-09 20:00,26.93,26.93,26.93,1,1.0
2026-07-09 21:00,26.37,26.37,26.37,1,1.0
2026-07-09 22:00,25.75,25.75,25.75,1,1.0
2026-07-09 23:00,26.18,26.18,26.18,1,1.0
2026-07-10 00:00,26.24,26.24,26.24,1,1.0
2026-07-10 01:00,25.77,25.77,25.77,1,1.0
2026-07-10 02:00,24.01,24.01,24.01,1,1.0
2026-07-10 03:00,22.1,22.1,22.1,1,1.0
2026-07-10 04:00,22.4,22.4,22.4,1,1.0
2026-07-10 05:00,22.58,22.58,22.58,1,1.0
2026-07-10 06:00,23.07,23.07,23.07,1,1.0
2026-07-10 07:00,24.92,24.92,24.92,1,1.0
2026-07-10 08:00,27.09,27.09,27.09,1,1.0
2026-07-10 09:00,28.57,28.57,28.57,1,1.0
2026-07-10 10:00,29.76,29.76,29.76,1,1.0
2026-07-10 11:00,30.45,30.45,30.45,1,1.0
2026-07-10 12:00,30.69,30.69,30.69,1,1.0
2026-07-10 13:00,30.91,30.91,30.91,1,1.0
2026-07-10 14:00,30.73,30.73,30.73,1,1.0
2026-07-10 15:00,30.27,30.27,30.27,1,1.0
2026-07-10 16:00,29.57,29.57,29.57,1,1.0
2026-07-10 17:00,28.76,28.76,28.76,1,1.0
2026-07-10 18:00,28.05,28.05,28.05,1,1.0
2026-07-10 19:00,27.34,27.34,27.34,1,1.0
2026-07-10 20:00,26.23,26.23,26.23,1,1.0
2026-07-10 21:00,25.77,25.77,25.77,1,1.0
2026-07-10 22:00,25.42,25.42,25.42,1,1.0
2026-07-10 23:00,24.73,24.73,24.73,1,1.0
2026-07-11 00:00,23.42,23.42,23.42,1,1.0
2026-07-11 01:00,23.37,23.37,23.37,1,1.0
2026-07-11 02:00,22.88,22.88,22.88,1,1.0
2026-07-11 03:00,22.18,22.18,22.18,1,1.0
2026-07-11 04:00,21.83,21.83,21.83,1,1.0
2026-07-11 05:00,21.67,21.67,21.67,1,1.0
2026-07-11 06:00,22.58,22.58,22.58,1,1.0
2026-07-11 07:00,25.98,25.98,25.98,1,1.0
2026-07-11 08:00,27.7,27.7,27.7,1,1.0
2026-07-11 09:00,28.72,28.72,28.72,1,1.0
2026-07-11 10:00,29.5,29.5,29.5,1,1.0
2026-07-11 11:00,29.99,29.99,29.99,1,1.0
2026-07-11 12:00,30.16,30.16,30.16,1,1.0
2026-07-11 13:00,30.3,30.3,30.3,1,1.0
2026-07-11 14:00,30.23,30.23,30.23,1,1.0
2026-07-11 15:00,30.07,30.07,30.07,1,1.0
2026-07-11 16:00,29.79,29.79,29.79,1,1.0
2026-07-11 17:00,29.27,29.27,29.27,1,1.0
2026-07-11 18:00,28.52,28.52,28.52,1,1.0
2026-07-11 19:00,27.61,27.61,27.61,1,1.0
2026-07-11 20:00,26.56,26.56,26.56,1,1.0
2026-07-11 21:00,26.2,26.2,26.2,1,1.0
2026-07-11 22:00,25.95,25.95,25.95,1,1.0
2026-07-11 23:00,25.61,25.61,25.61,1,1.0
2026-07-12 00:00,24.94,24.94,24.94,1,1.0
2026-07-12 01:00,24.1,24.1,24.1,1,1.0
2026-07-12 02:00,23.08,23.08,23.08,1,1.0
2026-07-12 03:00,22.47,22.47,22.47,1,1.0
2026-07-12 04:00,22.32,22.32,22.32,1,1.0
2026-07-12 05:00,22.42,22.42,22.42,1,1.0
2026-07-12 06:00,22.63,22.63,22.63,1,1.0
2026-07-12 07:00,25.86,25.86,25.86,1,1.0
2026-07-12 08:00,27.77,27.77,27.77,1,1.0
2026-07-12 09:00,28.96,28.96,28.96,1,1.0
2026-07-12 10:00,29.89,29.89,29.89,1,1.0
2026-07-12 11:00,30.5,30.5,30.5,1,1.0
2026-07-12 12:00,30.93,30.93,30.93,1,1.0
2026-07-12 13:00,30.98,30.98,30.98,1,1.0
2026-07-12 14:00,31.06,31.06,31.06,1,1.0
2026-07-12 15:00,30.64,30.64,30.64,1,1.0
2026-07-12 16:00,29.93,29.93,29.93,1,1.0
2026-07-12 17:00,29.06,29.06,29.06,1,1.0
2026-07-12 18:00,28.81,28.81,28.81,1,1.0
2026-07-12 19:00,28.56,28.56,28.56,1,1.0
2026-07-12 20:00,28.36,28.36,28.36,1,1.0
2026-07-12 21:00,27.7,27.7,27.7,1,1.0
2026-07-12 22:00,27.07,27.07,27.07,1,1.0
2026-07-12 23:00,26.39,26.39,26.39,1,1.0
2026-07-13 00:00,25.72,25.72,25.72,1,1.0
2026-07-13 01:00,25.03,25.03,25.03,1,1.0
2026-07-13 02:00,24.38,24.38,24.38,1,1.0
2026-07-13 03:00,23.82,23.82,23.82,1,1.0
2026-07-13 04:00,23.34,23.34,23.34,1,1.0
2026-07-13 05:00,22.97,22.97,22.97,1,1.0
2026-07-13 06:00,23.28,23.28,23.28,1,1.0
2026-07-13 07:00,24.81,24.81,24.81,1,1.0
2026-07-13 08:00,26.43,26.43,26.43,1,1.0
2026-07-13 09:00,28.07,28.07,28.07,1,1.0
2026-07-13 10:00,29.62,29.62,29.62,1,1.0
2026-07-13 11:00,30.76,30.76,30.76,1,1.0
2026-07-13 12:00,31.34,31.34,31.34,1,1.0
2026-07-13 13:00,31.38,31.38,31.38,1,1.0
2026-07-13 14:00,31.57,31.57,31.57,1,1.0
2026-07-13 15:00,31.54,31.54,31.54,1,1.0
2026-07-13 16:00,31.36,31.36,31.36,1,1.0
2026-07-13 17:00,30.95,30.95,30.95,1,1.0
2026-07-13 18:00,30.28,30.28,30.28,1,1.0
2026-07-13 19:00,29.41,29.41,29.41,1,1.0
2026-07-13 20:00,28.66,28.66,28.66,1,1.0
2026-07-13 21:00,28.07,28.07,28.07,1,1.0
2026-07-13 22:00,27.38,27.38,27.38,1,1.0
2026-07-13 23:00,26.23,26.23,26.23,1,1.0
2026-07-14 00:00,25.25,25.25,25.25,1,1.0
2026-07-14 01:00,24.52,24.52,24.52,1,1.0
2026-07-14 02:00,24.05,24.05,24.05,1,1.0
2026-07-14 03:00,23.77,23.77,23.77,1,1.0
2026-07-14 04:00,23.31,23.31,23.31,1,1.0
2026-07-14 05:00,22.96,22.96,22.96,1,1.0
2026-07-14 06:00,23.62,23.62,23.62,1,1.0
2026-07-14 07:00,27.16,27.16,27.16,1,1.0
2026-07-14 08:00,28.99,28.99,28.99,1,1.0
2026-07-14 09:00,30.12,30.12,30.12,1,1.0
2026-07-14 10:00,30.65,30.65,30.65,1,1.0
2026-07-14 11:00,31.08,31.08,31.08,1,1.0
2026-07-14 12:00,31.27,31.27,31.27,1,1.0
2026-07-14 13:00,31.25,31.25,31.25,1,1.0
2026-07-14 14:00,31.09,31.09,31.09,1,1.0
2026-07-14 15:00,30.73,30.73,30.73,1,1.0
2026-07-14 16:00,30.18,30.18,30.18,1,1.0
2026-07-14 17:00,29.44,29.44,29.44,1,1.0
2026-07-14 18:00,28.61,28.61,28.61,1,1.0
2026-07-14 19:00,27.67,27.67,27.67,1,1.0
2026-07-14 20:00,26.57,26.57,26.57,1,1.0
2026-07-14 21:00,25.99,25.99,25.99,1,1.0
2026-07-14 22:00,25.67,25.67,25.67,1,1.0
2026-07-14 23:00,25.3,25.3,25.3,1,1.0
2026-07-15 00:00,24.62,24.62,24.62,1,1.0
2026-07-15 01:00,24.36,24.36,24.36,1,1.0
2026-07-15 02:00,23.07,23.07,23.07,1,1.0
2026-07-15 03:00,22.11,22.11,22.11,1,1.0
2026-07-15 04:00,21.86,21.86,21.86,1,1.0
2026-07-15 05:00,22.15,22.15,22.15,1,1.0
2026-07-15 06:00,22.31,22.31,22.31,1,1.0
2026-07-15 07:00,25.25,25.25,25.25,1,1.0
2026-07-15 08:00,27.52,27.52,27.52,1,1.0
2026-07-15 09:00,29.19,29.19,29.19,1,1.0
2026-07-15 10:00,30.39,30.39,30.39,1,1.0
2026-07-15 11:00,31.08,31.08,31.08,1,1.0
2026-07-15 12:00,31.17,31.17,31.17,1,1.0
2026-07-15 13:00,31.16,31.16,31.16,1,1.0
2026-07-15 14:00,31.2,31.2,31.2,1,1.0
2026-07-15 15:00,31.02,31.02,31.02,1,1.0
2026-07-15 16:00,30.57,30.57,30.57,1,1.0
2026-07-15 17:00,29.86,29.86,29.86,1,1.0
2026-07-15 18:00,29.05,29.05,29.05,1,1.0
2026-07-15 19:00,28.25,28.25,28.25,1,1.0
2026-07-15 20:00,27.31,27.31,27.31,1,1.0
2026-07-15 21:00,26.92,26.92,26.92,1,1.0
2026-07-15 22:00,26.58,26.58,26.58,1,1.0
2026-07-15 23:00,26.36,26.36,26.36,1,1.0
2026-07-16 00:00,26.03,26.03,26.03,1,1.0
2026-07-16 01:00,25.05,25.05,25.05,1,1.0
2026-07-16 02:00,25.43,25.43,25.43,1,1.0
2026-07-16 03:00,25.14,25.14,25.14,1,1.0
2026-07-16 04:00,24.87,24.87,24.87,1,1.0
2026-07-16 05:00,24.29,24.29,24.29,1,1.0
2026-07-16 06:00,23.34,23.34,23.34,1,1.0
2026-07-16 07:00,25.51,25.51,25.51,1,1.0
2026-07-16 08:00,27.12,27.12,27.12,1,1.0
2026-07-16 09:00,28.63,28.63,28.63,1,1.0
2026-07-16 10:00,29.82,29.82,29.82,1,1.0
2026-07-16 11:00,30.45,30.45,30.45,1,1.0
2026-07-16 12:00,30.77,30.77,30.77,1,1.0
2026-07-16 13:00,30.97,30.97,30.97,1,1.0
2026-07-16 14:00,31.0,31.0,31.0,1,1.0
2026-07-16 15:00,30.74,30.74,30.74,1,1.0
2026-07-16 16:00,30.06,30.06,30.06,1,1.0
2026-07-16 17:00,29.69,29.69,29.69,1,1.0
2026-07-16 18:00,29.3,29.3,29.3,1,1.0
2026-07-16 19:00,28.75,28.75,28.75,1,1.0
2026-07-16 20:00,28.01,28.01,28.01,1,1.0
2026-07-16 21:00,27.33,27.33,27.33,1,1.0
2026-07-16 22:00,26.96,26.96,26.96,1,1.0
2026-07-16 23:00,27.25,27.25,27.25,1,1.0
2026-07-17 00:00,26.61,26.61,26.61,1,1.0
2026-07-17 01:00,26.14,26.14,26.14,1,1.0
2026-07-17 02:00,26.35,26.35,26.35,1,1.0
2026-07-17 03:00,25.25,25.25,25.25,1,1.0
2026-07-17 04:00,23.83,23.83,23.83,1,1.0
2026-07-17 05:00,23.85,23.85,23.85,1,1.0
2026-07-17 06:00,24.42,24.42,24.42,1,1.0
2026-07-17 07:00,26.06,26.06,26.06,1,1.0
2026-07-17 08:00,27.44,27.44,27.44,1,1.0
2026-07-17 09:00,28.71,28.71,28.71,1,1.0
2026-07-17 10:00,29.66,29.66,29.66,1,1.0
2026-07-17 11:00,30.43,30.43,30.43,1,1.0
2026-07-17 12:00,31.02,31.02,31.02,1,1.0
2026-07-17 13:00,31.35,31.35,31.35,1,1.0
2026-07-17 14:00,31.46,31.46,31.46,1,1.0
2026-07-17 15:00,31.41,31.41,31.41,1,1.0
2026-07-17 16:00,31.08,31.08,31.08,1,1.0
2026-07-17 17:00,30.36,30.36,30.36,1,1.0
2026-07-17 18:00,29.51,29.51,29.51,1,1.0
2026-07-17 19:00,28.6,28.6,28.6,1,1.0
2026-07-17 20:00,27.14,27.14,27.14,1,1.0
2026-07-17 21:00,26.54,26.54,26.54,1,1.0
2026-07-17 22:00,25.22,25.22,25.22,1,1.0
2026-07-17 23:00,24.7,24.7,24.7,1,1.0
2026-07-18 00:00,25.53,25.53,25.53,1,1.0
2026-07-18 01:00,25.25,25.25,25.25,1,1.0
2026-07-18 02:00,25.03,25.03,25.03,1,1.0
2026-07-18 03:00,24.85,24.85,24.85,1,1.0
2026-07-18 04:00,24.09,24.09,24.09,1,1.0
2026-07-18 05:00,23.08,23.08,23.08,1,1.0
2026-07-18 06:00,23.36,23.36,23.36,1,1.0
2026-07-18 07:00,26.09,26.09,26.09,1,1.0
2026-07-18 08:00,28.31,28.31,28.31,1,1.0
2026-07-18 09:00,29.58,29.58,29.58,1,1.0
2026-07-18 10:00,30.32,30.32,30.32,1,1.0
2026-07-18 11:00,30.79,30.79,30.79,1,1.0
2026-07-18 12:00,31.15,31.15,31.15,1,1.0
2026-07-18 13:00,31.41,31.41,31.41,1,1.0
2026-07-18 14:00,31.4,31.4,31.4,1,1.0
2026-07-18 15:00,31.1,31.1,31.1,1,1.0
2026-07-18 16:00,30.47,30.47,30.47,1,1.0
2026-07-18 17:00,30.08,30.08,30.08,1,1.0
2026-07-18 18:00,29.39,29.39,29.39,1,1.0
2026-07-18 19:00,28.36,28.36,28.36,1,1.0
2026-07-18 20:00,27.44,27.44,27.44,1,1.0
2026-07-18 21:00,26.93,26.93,26.93,1,1.0
2026-07-18 22:00,26.56,26.56,26.56,1,1.0
2026-07-18 23:00,26.15,26.15,26.15,1,1.0
2026-07-19 00:00,25.23,25.23,25.23,1,1.0
2026-07-19 01:00,24.02,24.02,24.02,1,1.0
2026-07-19 02:00,23.65,23.65,23.65,1,1.0
2026-07-19 03:00,23.19,23.19,23.19,1,1.0
2026-07-19 04:00,23.04,23.04,23.04,1,1.0
2026-07-19 05:00,23.9,23.9,23.9,1,1.0
2026-07-19 06:00,22.91,22.91,22.91,1,1.0
2026-07-19 07:00,25.3,25.3,25.3,1,1.0
2026-07-19 08:00,27.43,27.43,27.43,1,1.0
2026-07-19 09:00,29.07,29.07,29.07,1,1.0
2026-07-19 10:00,30.05,30.05,30.05,1,1.0
2026-07-19 11:00,30.59,30.59,30.59,1,1.0
2026-07-19 12:00,30.82,30.82,30.82,1,1.0
2026-07-19 13:00,30.86,30.86,30.86,1,1.0
2026-07-19 14:00,30.83,30.83,30.83,1,1.0
2026-07-19 15:00,30.73,30.73,30.73,1,1.0
2026-07-19 16:00,30.36,30.36,30.36,1,1.0
2026-07-19 17:00,29.85,29.85,29.85,1,1.0
2026-07-19 18:00,29.24,29.24,29.24,1,1.0
2026-07-19 19:00,28.65,28.65,28.65,1,1.0
2026-07-19 20:00,27.61,27.61,27.61,1,1.0
2026-07-19 21:00,27.35,27.35,27.35,1,1.0
2026-07-19 22:00,26.55,26.55,26.55,1,1.0
2026-07-19 23:00,26.8,26.8,26.8,1,1.0
2026-07-20 00:00,26.45,26.45,26.45,1,1.0
2026-07-20 01:00,26.1,26.1,26.1,1,1.0
2026-07-20 02:00,25.76,25.76,25.76,1,1.0
2026-07-20 03:00,24.51,24.51,24.51,1,1.0
2026-07-20 04:00,22.6,22.6,22.6,1,1.0
2026-07-20 05:00,22.39,22.39,22.39,1,1.0
2026-07-20 06:00,23.15,23.15,23.15,1,1.0
2026-07-20 07:00,26.13,26.13,26.13,1,1.0
2026-07-20 08:00,28.52,28.52,28.52,1,1.0
2026-07-20 09:00,29.6,29.6,29.6,1,1.0
2026-07-20 10:00,30.17,30.17,30.17,1,1.0
2026-07-20 11:00,30.78,30.78,30.78,1,1.0
2026-07-20 12:00,31.5,31.5,31.5,1,1.0
2026-07-20 13:00,32.09,32.09,32.09,1,1.0
2026-07-20 14:00,32.22,32.22,32.22,1,1.0
2026-07-20 15:00,31.88,31.88,31.88,1,1.0
2026-07-20 16:00,31.28,31.28,31.28,1,1.0
2026-07-20 17:00,30.67,30.67,30.67,1,1.0
2026-07-20 18:00,30.04,30.04,30.04,1,1.0
2026-07-20 19:00,29.18,29.18,29.18,1,1.0
2026-07-20 20:00,27.96,27.96,27.96,1,1.0
2026-07-20 21:00,27.61,27.61,27.61,1,1.0
2026-07-20 22:00,27.37,27.37,27.37,1,1.0
2026-07-20 23:00,26.97,26.97,26.97,1,1.0
2026-07-21 00:00,26.6,26.6,26.6,1,1.0
2026-07-21 01:00,26.19,26.19,26.19,1,1.0
2026-07-21 02:00,25.69,25.69,25.69,1,1.0
2026-07-21 03:00,24.42,24.42,24.42,1,1.0
2026-07-21 04:00,23.02,23.02,23.02,1,1.0
2026-07-21 05:00,22.97,22.97,22.97,1,1.0
2026-07-21 06:00,24.12,24.12,24.12,1,1.0
2026-07-21 07:00,26.03,26.03,26.03,1,1.0
2026-07-21 08:00,28.15,28.15,28.15,1,1.0
2026-07-21 09:00,29.25,29.25,29.25,1,1.0
2026-07-21 10:00,30.1,30.1,30.1,1,1.0
2026-07-21 11:00,30.72,30.72,30.72,1,1.0
2026-07-21 12:00,31.32,31.32,31.32,1,1.0
2026-07-21 13:00,31.68,31.68,31.68,1,1.0
2026-07-21 14:00,31.76,31.76,31.76,1,1.0
2026-07-21 15:00,31.42,31.42,31.42,1,1.0
2026-07-21 16:00,31.01,31.01,31.01,1,1.0
2026-07-21 17:00,30.43,30.43,30.43,1,1.0
2026-07-21 18:00,29.66,29.66,29.66,1,1.0
2026-07-21 19:00,28.69,28.69,28.69,1,1.0
2026-07-21 20:00,28.24,28.24,28.24,1,1.0
2026-07-21 21:00,27.4,27.4,27.4,1,1.0
2026-07-21 22:00,26.78,26.78,26.78,1,1.0
2026-07-21 23:00,26.17,26.17,26.17,1,1.0
2026-07-22 00:00,25.41,25.41,25.41,1,1.0
2026-07-22 01:00,24.92,24.92,24.92,1,1.0
2026-07-22 02:00,25.02,25.02,25.02,1,1.0
2026-07-22 03:00,24.97,24.97,24.97,1,1.0
2026-07-22 04:00,23.91,23.91,23.91,1,1.0
2026-07-22 05:00,24.51,24.51,24.51,1,1.0
2026-07-22 06:00,25.07,25.07,25.07,1,1.0
2026-07-22 07:00,26.13,26.13,26.13,1,1.0
2026-07-22 08:00,26.51,26.51,26.51,1,1.0
2026-07-22 09:00,28.27,28.27,28.27,1,1.0
2026-07-22 10:00,29.89,29.89,29.89,1,1.0
2026-07-22 11:00,31.16,31.16,31.16,1,1.0
2026-07-22 12:00,31.88,31.88,31.88,1,1.0
2026-07-22 13:00,32.15,32.15,32.15,1,1.0
2026-07-22 14:00,31.96,31.96,31.96,1,1.0
2026-07-22 15:00,31.88,31.88,31.88,1,1.0
2026-07-22 16:00,31.36,31.36,31.36,1,1.0
2026-07-22 17:00,30.71,30.71,30.71,1,1.0
2026-07-22 18:00,29.93,29.93,29.93,1,1.0
2026-07-22 19:00,29.0,29.0,29.0,1,1.0
2026-07-22 20:00,28.67,28.67,28.67,1,1.0
2026-07-22 21:00,27.87,27.87,27.87,1,1.0
2026-07-22 22:00,27.04,27.04,27.04,1,1.0
2026-07-22 23:00,26.18,26.18,26.18,1,1.0
2026-07-23 00:00,25.44,25.44,25.44,1,1.0
2026-07-23 01:00,24.78,24.78,24.78,1,1.0
2026-07-23 02:00,24.26,24.26,24.26,1,1.0
2026-07-23 03:00,23.82,23.82,23.82,1,1.0
2026-07-23 04:00,23.46,23.46,23.46,1,1.0
2026-07-23 05:00,23.13,23.13,23.13,1,1.0
2026-07-23 06:00,23.31,23.31,23.31,1,1.0
2026-07-23 07:00,24.66,24.66,24.66,1,1.0
2026-07-23 08:00,26.33,26.33,26.33,1,1.0
2026-07-23 09:00,27.68,27.68,27.68,1,1.0
2026-07-23 10:00,28.81,28.81,28.81,1,1.0
2026-07-23 11:00,29.63,29.63,29.63,1,1.0
2026-07-23 12:00,30.33,30.33,30.33,1,1.0
2026-07-23 13:00,30.46,30.46,30.46,1,1.0
2026-07-23 14:00,30.32,30.32,30.32,1,1.0
2026-07-23 15:00,29.93,29.93,29.93,1,1.0
2026-07-23 16:00,29.35,29.35,29.35,1,1.0
2026-07-23 17:00,28.74,28.74,28.74,1,1.0
2026-07-23 18:00,28.12,28.12,28.12,1,1.0
2026-07-23 19:00,27.28,27.28,27.28,1,1.0
2026-07-23 20:00,26.66,26.66,26.66,1,1.0
2026-07-23 21:00,26.09,26.09,26.09,1,1.0
2026-07-23 22:00,25.48,25.48,25.48,1,1.0
2026-07-23 23:00,25.35,25.35,25.35,1,1.0
2026-07-24 00:00,24.9,24.9,24.9,1,1.0
2026-07-24 01:00,22.94,22.94,22.94,1,1.0
2026-07-24 02:00,22.83,22.83,22.83,1,1.0
2026-07-24 03:00,22.84,22.84,22.84,1,1.0
2026-07-24 04:00,22.96,22.96,22.96,1,1.0
2026-07-24 05:00,22.64,22.64,22.64,1,1.0
2026-07-24 06:00,22.6,22.6,22.6,1,1.0
2026-07-24 07:00,23.3,23.3,23.3,1,1.0
2026-07-24 08:00,24.86,24.86,24.86,1,1.0
2026-07-24 09:00,25.98,25.98,25.98,1,1.0
2026-07-24 10:00,27.11,27.11,27.11,1,1.0
2026-07-24 11:00,28.04,28.04,28.04,1,1.0
2026-07-24 12:00,28.76,28.76,28.76,1,1.0
2026-07-24 13:00,29.13,29.13,29.13,1,1.0
2026-07-24 14:00,29.41,29.41,29.41,1,1.0
2026-07-24 15:00,29.18,29.18,29.18,1,1.0
2026-07-24 16:00,28.6,28.6,28.6,1,1.0
2026-07-24 17:00,27.81,27.81,27.81,1,1.0
2026-07-24 18:00,26.77,26.77,26.77,1,1.0
2026-07-24 19:00,25.55,25.55,25.55,1,1.0
2026-07-24 20:00,24.89,24.89,24.89,1,1.0
2026-07-24 21:00,24.11,24.11,24.11,1,1.0
2026-07-24 22:00,23.51,23.51,23.51,1,1.0
2026-07-24 23:00,23.05,23.05,23.05,1,1.0
2026-07-25 00:00,22.68,22.68,22.68,1,1.0
2026-07-25 01:00,22.26,22.26,22.26,1,1.0
2026-07-25 02:00,21.84,21.84,21.84,1,1.0
2026-07-25 03:00,21.5,21.5,21.5,1,1.0
2026-07-25 04:00,21.31,21.31,21.31,1,1.0
2026-07-25 05:00,20.96,20.96,20.96,1,1.0
2026-07-25 06:00,21.09,21.09,21.09,1,1.0
2026-07-25 07:00,22.22,22.22,22.22,1,1.0
2026-07-25 08:00,23.7,23.7,23.7,1,1.0
2026-07-25 09:00,24.93,24.93,24.93,1,1.0
2026-07-25 10:00,26.18,26.18,26.18,1,1.0
2026-07-25 11:00,27.28,27.28,27.28,1,1.0
2026-07-25 12:00,28.2,28.2,28.2,1,1.0
2026-07-25 13:00,28.6,28.6,28.6,1,1.0
2026-07-25 14:00,28.73,28.73,28.73,1,1.0
2026-07-25 15:00,28.7,28.7,28.7,1,1.0
2026-07-25 16:00,28.35,28.35,28.35,1,1.0
2026-07-25 17:00,27.56,27.56,27.56,1,1.0
2026-07-25 18:00,26.6,26.6,26.6,1,1.0
2026-07-25 19:00,25.83,25.83,25.83,1,1.0
2026-07-25 20:00,24.83,24.83,24.83,1,1.0
2026-07-25 21:00,24.08,24.08,24.08,1,1.0
2026-07-25 22:00,23.18,23.18,23.18,1,1.0
2026-07-25 23:00,22.83,22.83,22.83,1,1.0
2026-07-26 00:00,22.42,22.42,22.42,1,1.0
2026-07-26 01:00,21.1,21.1,21.1,1,1.0
2026-07-26 02:00,20.99,20.99,20.99,1,1.0
2026-07-26 03:00,20.93,20.93,20.93,1,1.0
2026-07-26 04:00,20.87,20.87,20.87,1,1.0
2026-07-26 05:00,20.41,20.41,20.41,1,1.0
2026-07-26 06:00,21.71,21.71,21.71,1,1.0
2026-07-26 07:00,23.51,23.51,23.51,1,1.0
2026-07-26 08:00,25.44,25.44,25.44,1,1.0
2026-07-26 09:00,26.77,26.77,26.77,1,1.0
2026-07-26 10:00,27.74,27.74,27.74,1,1.0
2026-07-26 11:00,28.35,28.35,28.35,1,1.0
2026-07-26 12:00,28.7,28.7,28.7,1,1.0
2026-07-26 13:00,28.96,28.96,28.96,1,1.0
2026-07-26 14:00,28.74,28.74,28.74,1,1.0
2026-07-26 15:00,28.06,28.06,28.06,1,1.0
2026-07-26 16:00,28.23,28.23,28.23,1,1.0
2026-07-26 17:00,27.55,27.55,27.55,1,1.0
2026-07-26 18:00,26.93,26.93,26.93,1,1.0
2026-07-26 19:00,26.43,26.43,26.43,1,1.0
2026-07-26 20:00,25.78,25.78,25.78,1,1.0
2026-07-26 21:00,25.39,25.39,25.39,1,1.0
2026-07-26 22:00,25.22,25.22,25.22,1,1.0
2026-07-26 23:00,25.01,25.01,25.01,1,1.0
2026-07-27 00:00,24.22,24.22,24.22,1,1.0
2026-07-27 01:00,24.12,24.12,24.12,1,1.0
2026-07-27 02:00,23.8,23.8,23.8,1,1.0
2026-07-27 03:00,22.33,22.33,22.33,1,1.0
2026-07-27 04:00,21.96,21.96,21.96,1,1.0
2026-07-27 05:00,22.5,22.5,22.5,1,1.0
2026-07-27 06:00,23.2,23.2,23.2,1,1.0
2026-07-27 07:00,24.14,24.14,24.14,1,1.0
2026-07-27 08:00,22.26,22.26,22.26,1,1.0
2026-07-27 09:00,22.94,22.94,22.94,1,1.0
2026-07-27 10:00,25.09,25.09,25.09,1,1.0
2026-07-27 11:00,27.29,27.29,27.29,1,1.0
2026-07-27 12:00,27.94,27.94,27.94,1,1.0
2026-07-27 13:00,28.6,28.6,28.6,1,1.0
2026-07-27 14:00,28.67,28.67,28.67,1,1.0
2026-07-27 15:00,28.21,28.21,28.21,1,1.0
2026-07-27 16:00,27.85,27.85,27.85,1,1.0
2026-07-27 17:00,27.37,27.37,27.37,1,1.0
2026-07-27 18:00,26.94,26.94,26.94,1,1.0
2026-07-27 19:00,26.38,26.38,26.38,1,1.0
2026-07-27 20:00,25.76,25.76,25.76,1,1.0
2026-07-27 21:00,25.43,25.43,25.43,1,1.0
2026-07-27 22:00,25.15,25.15,25.15,1,1.0
2026-07-27 23:00,24.11,24.11,24.11,1,1.0
2026-07-28 00:00,23.46,23.46,23.46,1,1.0
2026-07-28 01:00,23.07,23.07,23.07,1,1.0
2026-07-28 02:00,22.49,22.49,22.49,1,1.0
2026-07-28 03:00,22.0,22.0,22.0,1,1.0
2026-07-28 04:00,21.87,21.87,21.87,1,1.0
2026-07-28 05:00,21.87,21.87,21.87,1,1.0
2026-07-28 06:00,23.23,23.23,23.23,1,1.0
2026-07-28 07:00,24.81,24.81,24.81,1,1.0
2026-07-28 08:00,27.03,27.03,27.03,1,1.0
2026-07-28 09:00,28.68,28.68,28.68,1,1.0
2026-07-28 10:00,30.09,30.09,30.09,1,1.0
2026-07-28 11:00,31.14,31.14,31.14,1,1.0
2026-07-28 12:00,31.5,31.5,31.5,1,1.0
2026-07-28 13:00,31.27,31.27,31.27,1,1.0
2026-07-28 14:00,31.1,31.1,31.1,1,1.0
2026-07-28 15:00,31.09,31.09,31.09,1,1.0
2026-07-28 16:00,31.04,31.04,31.04,1,1.0
2026-07-28 17:00,31.0,31.0,31.0,1,1.0
2026-07-28 18:00,30.65,30.65,30.65,1,1.0
2026-07-28 19:00,29.99,29.99,29.99,1,1.0
2026-07-28 20:00,29.04,29.04,29.04,1,1.0
2026-07-28 21:00,28.34,28.34,28.34,1,1.0
2026-07-28 22:00,27.63,27.63,27.63,1,1.0
2026-07-28 23:00,26.95,26.95,26.95,1,1.0
2026-07-29 00:00,26.32,26.32,26.32,1,1.0
2026-07-29 01:00,25.79,25.79,25.79,1,1.0
2026-07-29 02:00,25.38,25.38,25.38,1,1.0
2026-07-29 03:00,25.0,25.0,25.0,1,1.0
2026-07-29 04:00,24.66,24.66,24.66,1,1.0
2026-07-29 05:00,24.37,24.37,24.37,1,1.0
2026-07-29 06:00,24.51,24.51,24.51,1,1.0
2026-07-29 07:00,25.85,25.85,25.85,1,1.0
2026-07-29 08:00,27.76,27.76,27.76,1,1.0
2026-07-29 09:00,29.54,29.54,29.54,1,1.0
2026-07-29 10:00,31.02,31.02,31.02,1,1.0
2026-07-29 11:00,31.97,31.97,31.97,1,1.0
2026-07-29 12:00,32.29,32.29,32.29,1,1.0
2026-07-29 13:00,32.37,32.37,32.37,1,1.0
2026-07-29 14:00,32.62,32.62,32.62,1,1.0
2026-07-29 15:00,32.47,32.47,32.47,1,1.0
2026-07-29 16:00,32.04,32.04,32.04,1,1.0
2026-07-29 17:00,31.42,31.42,31.42,1,1.0
2026-07-29 18:00,30.76,30.76,30.76,1,1.0
2026-07-29 19:00,29.96,29.96,29.96,1,1.0
2026-07-29 20:00,28.34,28.34,28.34,1,1.0
2026-07-29 21:00,27.57,27.57,27.57,1,1.0
2026-07-29 22:00,26.67,26.67,26.67,1,1.0
2026-07-29 23:00,25.86,25.86,25.86,1,1.0
2026-07-30 00:00,25.05,25.05,25.05,1,1.0
2026-07-30 01:00,24.63,24.63,24.63,1,1.0
2026-07-30 02:00,24.45,24.45,24.45,1,1.0
2026-07-30 03:00,24.45,24.45,24.45,1,1.0
2026-07-30 04:00,24.5,24.5,24.5,1,1.0
2026-07-30 05:00,24.31,24.31,24.31,1,1.0
2026-07-30 06:00,24.9,24.9,24.9,1,1.0
2026-07-30 07:00,26.74,26.74,26.74,1,1.0
2026-07-30 08:00,29.11,29.11,29.11,1,1.0
2026-07-30 09:00,30.76,30.76,30.76,1,1.0
2026-07-30 10:00,31.45,31.45,31.45,1,1.0
2026-07-30 11:00,31.81,31.81,31.81,1,1.0
2026-07-30 12:00,32.23,32.23,32.23,1,1.0
2026-07-30 13:00,32.34,32.34,32.34,1,1.0
2026-07-30 14:00,32.27,32.27,32.27,1,1.0
2026-07-30 15:00,31.88,31.88,31.88,1,1.0
2026-07-30 16:00,30.82,30.82,30.82,1,1.0
2026-07-30 17:00,30.69,30.69,30.69,1,1.0
2026-07-30 18:00,30.22,30.22,30.22,1,1.0
2026-07-30 19:00,29.36,29.36,29.36,1,1.0
2026-07-30 20:00,28.27,28.27,28.27,1,1.0
2026-07-30 21:00,27.15,27.15,27.15,1,1.0
2026-07-30 22:00,26.69,26.69,26.69,1,1.0
2026-07-30 23:00,26.43,26.43,26.43,1,1.0
2026-07-31 00:00,26.3,26.3,26.3,1,1.0
2026-07-31 01:00,25.88,25.88,25.88,1,1.0
2026-07-31 02:00,25.63,25.63,25.63,1,1.0
2026-07-31 03:00,25.53,25.53,25.53,1,1.0
2026-07-31 04:00,25.69,25.69,25.69,1,1.0
2026-07-31 05:00,25.76,25.76,25.76,1,1.0
2026-07-31 06:00,25.34,25.34,25.34,1,1.0
2026-07-31 07:00,27.55,27.55,27.55,1,1.0
2026-07-31 08:00,29.69,29.69,29.69,1,1.0
2026-07-31 09:00,31.05,31.05,31.05,1,1.0
2026-07-31 10:00,31.79,31.79,31.79,1,1.0
2026-07-31 11:00,32.2,32.2,32.2,1,1.0
2026-07-31 12:00,32.62,32.62,32.62,1,1.0
2026-07-31 13:00,32.82,32.82,32.82,1,1.0
2026-07-31 14:00,32.81,32.81,32.81,1,1.0
2026-07-31 15:00,32.52,32.52,32.52,1,1.0
2026-07-31 16:00,31.99,31.99,31.99,1,1.0
2026-07-31 17:00,31.32,31.32,31.32,1,1.0
2026-07-31 18:00,30.65,30.65,30.65,1,1.0
2026-07-31 19:00,29.75,29.75,29.75,1,1.0
2026-07-31 20:00,28.5,28.5,28.5,1,1.0
2026-07-31 21:00,27.48,27.48,27.48,1,1.0
2026-07-31 22:00,28.13,28.13,28.13,1,1.0
2026-07-31 23:00,26.75,26.75,26.75,1,1.0
2026-08-01 00:00,25.4,25.4,25.4,1,1.0
2026-08-01 01:00,24.81,24.81,24.81,1,1.0
2026-08-01 02:00,24.9,24.9,24.9,1,1.0
2026-08-01 03:00,26.03,26.03,26.03,1,1.0
2026-08-01 04:00,25.76,25.76,25.76,1,1.0
2026-08-01 05:00,24.17,24.17,24.17,1,1.0
2026-08-01 06:00,24.39,24.39,24.39,1,1.0
2026-08-01 07:00,26.61,26.61,26.61,1,1.0
2026-08-01 08:00,28.29,28.29,28.29,1,1.0
2026-08-01 09:00,29.45,29.45,29.45,1,1.0
2026-08-01 10:00,30.48,30.48,30.48,1,1.0
2026-08-01 11:00,31.27,31.27,31.27,1,1.0
2026-08-01 12:00,31.72,31.72,31.72,1,1.0
2026-08-01 13:00,31.91,31.91,31.91,1,1.0
2026-08-01 14:00,31.88,31.88,31.88,1,1.0
2026-08-01 15:00,31.66,31.66,31.66,1,1.0
2026-08-01 16:00,31.14,31.14,31.14,1,1.0
2026-08-01 17:00,30.22,30.22,30.22,1,1.0
2026-08-01 18:00,29.1,29.1,29.1,1,1.0
2026-08-01 19:00,28.16,28.16,28.16,1,1.0
2026-08-01 20:00,27.36,27.36,27.36,1,1.0
2026-08-01 21:00,26.41,26.41,26.41,1,1.0
2026-08-01 22:00,25.68,25.68,25.68,1,1.0
2026-08-01 23:00,24.93,24.93,24.93,1,1.0
2026-08-02 00:00,24.71,24.71,24.71,1,1.0
2026-08-02 01:00,24.47,24.47,24.47,1,1.0
2026-08-02 02:00,24.14,24.14,24.14,1,1.0
2026-08-02 03:00,23.77,23.77,23.77,1,1.0
2026-08-02 04:00,23.51,23.51,23.51,1,1.0
2026-08-02 05:00,23.74,23.74,23.74,1,1.0
2026-08-02 06:00,24.13,24.13,24.13,1,1.0
2026-08-02 07:00,25.28,25.28,25.28,1,1.0
2026-08-02 08:00,28.15,28.15,28.15,1,1.0
2026-08-02 09:00,29.49,29.49,29.49,1,1.0
2026-08-02 10:00,30.36,30.36,30.36,1,1.0
2026-08-02 11:00,30.92,30.92,30.92,1,1.0
2026-08-02 12:00,31.27,31.27,31.27,1,1.0
2026-08-02 13:00,30.91,30.91,30.91,1,1.0
2026-08-02 14:00,29.69,29.69,29.69,1,1.0
2026-08-02 15:00,30.28,30.28,30.28,1,1.0
2026-08-02 16:00,30.32,30.32,30.32,1,1.0
2026-08-02 17:00,29.73,29.73,29.73,1,1.0
2026-08-02 18:00,29.31,29.31,29.31,1,1.0
2026-08-02 19:00,28.71,28.71,28.71,1,1.0
2026-08-02 20:00,27.74,27.74,27.74,1,1.0
2026-08-02 21:00,27.03,27.03,27.03,1,1.0
2026-08-02 22:00,27.26,27.26,27.26,1,1.0
2026-08-02 23:00,26.94,26.94,26.94,1,1.0
2026-08-03 00:00,26.72,26.72,26.72,1,1.0
2026-08-03 01:00,26.55,26.55,26.55,1,1.0
2026-08-03 02:00,26.37,26.37,26.37,1,1.0
2026-08-03 03:00,26.16,26.16,26.16,1,1.0
2026-08-03 04:00,26.0,26.0,26.0,1,1.0
2026-08-03 05:00,24.71,24.71,24.71,1,1.0
2026-08-03 06:00,24.09,24.09,24.09,1,1.0
2026-08-03 07:00,26.67,26.67,26.67,1,1.0
2026-08-03 08:00,28.71,28.71,28.71,1,1.0
2026-08-03 09:00,30.13,30.13,30.13,1,1.0
2026-08-03 10:00,31.05,31.05,31.05,1,1.0
2026-08-03 11:00,31.43,31.43,31.43,1,1.0
2026-08-03 12:00,31.53,31.53,31.53,1,1.0
2026-08-03 13:00,31.71,31.71,31.71,1,1.0
2026-08-03 14:00,31.59,31.59,31.59,1,1.0
2026-08-03 15:00,31.27,31.27,31.27,1,1.0
2026-08-03 16:00,30.34,30.34,30.34,1,1.0
2026-08-03 17:00,30.17,30.17,30.17,1,1.0
2026-08-03 18:00,29.84,29.84,29.84,1,1.0
2026-08-03 19:00,29.24,29.24,29.24,1,1.0
2026-08-03 20:00,27.65,27.65,27.65,1,1.0
2026-08-03 21:00,27.48,27.48,27.48,1,1.0
2026-08-03 22:00,27.17,27.17,27.17,1,1.0
2026-08-03 23:00,26.88,26.88,26.88,1,1.0
2026-08-04 00:00,26.57,26.57,26.57,1,1.0
2026-08-04 01:00,26.04,26.04,26.04,1,1.0
2026-08-04 02:00,25.39,25.39,25.39,1,1.0
2026-08-04 03:00,24.46,24.46,24.46,1,1.0
2026-08-04 04:00,23.88,23.88,23.88,1,1.0
2026-08-04 05:00,23.65,23.65,23.65,1,1.0
2026-08-04 06:00,23.62,23.62,23.62,1,1.0
2026-08-04 07:00,26.72,26.72,26.72,1,1.0
2026-08-04 08:00,28.99,28.99,28.99,1,1.0
2026-08-04 09:00,30.66,30.66,30.66,1,1.0
2026-08-04 10:00,31.8,31.8,31.8,1,1.0
2026-08-04 11:00,31.97,31.97,31.97,1,1.0
2026-08-04 12:00,32.08,32.08,32.08,1,1.0
2026-08-04 13:00,32.2,32.2,32.2,1,1.0
2026-08-04 14:00,31.86,31.86,31.86,1,1.0
2026-08-04 15:00,31.86,31.86,31.86,1,1.0
2026-08-04 16:00,31.11,31.11,31.11,1,1.0
2026-08-04 17:00,30.54,30.54,30.54,1,1.0
2026-08-04 18:00,30.03,30.03,30.03,1,1.0
2026-08-04 19:00,29.32,29.32,29.32,1,1.0
2026-08-04 20:00,28.18,28.18,28.18,1,1.0
2026-08-04 21:00,28.06,28.06,28.06,1,1.0
2026-08-04 22:00,27.45,27.45,27.45,1,1.0
2026-08-04 23:00,27.29,27.29,27.29,1,1.0
2026-08-05 00:00,27.24,27.24,27.24,1,1.0
2026-08-05 01:00,26.96,26.96,26.96,1,1.0
2026-08-05 02:00,26.74,26.74,26.74,1,1.0
2026-08-05 03:00,26.56,26.56,26.56,1,1.0
2026-08-05 04:00,26.31,26.31,26.31,1,1.0
2026-08-05 05:00,26.09,26.09,26.09,1,1.0
2026-08-05 06:00,25.98,25.98,25.98,1,1.0
2026-08-05 07:00,26.52,26.52,26.52,1,1.0
2026-08-05 08:00,27.47,27.47,27.47,1,1.0
2026-08-05 09:00,29.31,29.31,29.31,1,1.0
2026-08-05 10:00,30.88,30.88,30.88,1,1.0
2026-08-05 11:00,31.92,31.92,31.92,1,1.0
2026-08-05 12:00,32.41,32.41,32.41,1,1.0
2026-08-05 13:00,32.38,32.38,32.38,1,1.0
2026-08-05 14:00,31.58,31.58,31.58,1,1.0
2026-08-05 15:00,31.05,31.05,31.05,1,1.0
2026-08-05 16:00,30.67,30.67,30.67,1,1.0
2026-08-05 17:00,30.33,30.33,30.33,1,1.0
2026-08-05 18:00,29.89,29.89,29.89,1,1.0
2026-08-05 19:00,29.18,29.18,29.18,1,1.0
2026-08-05 20:00,28.71,28.71,28.71,1,1.0
2026-08-05 21:00,27.97,27.97,27.97,1,1.0
2026-08-05 22:00,27.29,27.29,27.29,1,1.0
2026-08-05 23:00,26.55,26.55,26.55,1,1.0
2026-08-06 00:00,26.89,26.89,26.89,1,1.0
2026-08-06 01:00,27.22,27.22,27.22,1,1.0
2026-08-06 02:00,26.93,26.93,26.93,1,1.0
2026-08-06 03:00,25.65,25.65,25.65,1,1.0
2026-08-06 04:00,24.78,24.78,24.78,1,1.0
2026-08-06 05:00,25.69,25.69,25.69,1,1.0
2026-08-06 06:00,26.16,26.16,26.16,1,1.0
2026-08-06 07:00,26.61,26.61,26.61,1,1.0
2026-08-06 08:00,28.93,28.93,28.93,1,1.0
2026-08-06 09:00,30.41,30.41,30.41,1,1.0
2026-08-06 10:00,31.6,31.6,31.6,1,1.0
2026-08-06 11:00,32.21,32.21,32.21,1,1.0
2026-08-06 12:00,32.24,32.24,32.24,1,1.0
2026-08-06 13:00,32.32,32.32,32.32,1,1.0
2026-08-06 14:00,32.15,32.15,32.15,1,1.0
2026-08-06 15:00,32.01,32.01,32.01,1,1.0
2026-08-06 16:00,31.45,31.45,31.45,1,1.0
2026-08-06 17:00,30.94,30.94,30.94,1,1.0
2026-08-06 18:00,30.65,30.65,30.65,1,1.0
2026-08-06 19:00,29.97,29.97,29.97,1,1.0
2026-08-06 20:00,28.84,28.84,28.84,1,1.0
2026-08-06 21:00,28.08,28.08,28.08,1,1.0
2026-08-06 22:00,27.96,27.96,27.96,1,1.0
2026-08-06 23:00,28.15,28.15,28.15,1,1.0
2026-08-07 00:00,27.83,27.83,27.83,1,1.0
2026-08-07 01:00,26.99,26.99,26.99,1,1.0
2026-08-07 02:00,26.41,26.41,26.41,1,1.0
2026-08-07 03:00,26.33,26.33,26.33,1,1.0
2026-08-07 04:00,26.51,26.51,26.51,1,1.0
2026-08-07 05:00,26.53,26.53,26.53,1,1.0
2026-08-07 06:00,25.76,25.76,25.76,1,1.0
2026-08-07 07:00,26.94,26.94,26.94,1,1.0
2026-08-07 08:00,28.58,28.58,28.58,1,1.0
2026-08-07 09:00,30.04,30.04,30.04,1,1.0
2026-08-07 10:00,30.99,30.99,30.99,1,1.0
2026-08-07 11:00,31.49,31.49,31.49,1,1.0
2026-08-07 12:00,31.59,31.59,31.59,1,1.0
2026-08-07 13:00,31.79,31.79,31.79,1,1.0
2026-08-07 14:00,31.76,31.76,31.76,1,1.0
2026-08-07 15:00,31.5,31.5,31.5,1,1.0
2026-08-07 16:00,31.02,31.02,31.02,1,1.0
2026-08-07 17:00,29.53,29.53,29.53,1,1.0
2026-08-07 18:00,29.57,29.57,29.57,1,1.0
2026-08-07 19:00,29.05,29.05,29.05,1,1.0
2026-08-07 20:00,27.86,27.86,27.86,1,1.0
2026-08-07 21:00,27.34,27.34,27.34,1,1.0
2026-08-07 22:00,27.15,27.15,27.15,1,1.0
2026-08-07 23:00,26.68,26.68,26.68,1,1.0
2026-08-08 00:00,26.01,26.01,26.01,1,1.0
2026-08-08 01:00,26.02,26.02,26.02,1,1.0
2026-08-08 02:00,26.21,26.21,26.21,1,1.0
2026-08-08 03:00,26.04,26.04,26.04,1,1.0
2026-08-08 04:00,25.86,25.86,25.86,1,1.0
2026-08-08 05:00,25.73,25.73,25.73,1,1.0
2026-08-08 06:00,25.15,25.15,25.15,1,1.0
2026-08-08 07:00,26.19,26.19,26.19,1,1.0
2026-08-08 08:00,27.97,27.97,27.97,1,1.0
2026-08-08 09:00,29.49,29.49,29.49,1,1.0
2026-08-08 10:00,30.74,30.74,30.74,1,1.0
2026-08-08 11:00,31.53,31.53,31.53,1,1.0
2026-08-08 12:00,31.94,31.94,31.94,1,1.0
2026-08-08 13:00,32.24,32.24,32.24,1,1.0
2026-08-08 14:00,32.2,32.2,32.2,1,1.0
2026-08-08 15:00,31.96,31.96,31.96,1,1.0
2026-08-08 16:00,30.52,30.52,30.52,1,1.0
2026-08-08 17:00,30.47,30.47,30.47,1,1.0
2026-08-08 18:00,30.67,30.67,30.67,1,1.0
2026-08-08 19:00,29.93,29.93,29.93,1,1.0
2026-08-08 20:00,28.77,28.77,28.77,1,1.0
2026-08-08 21:00,28.09,28.09,28.09,1,1.0
2026-08-08 22:00,27.38,27.38,27.38,1,1.0
2026-08-08 23:00,26.65,26.65,26.65,1,1.0
2026-08-09 00:00,26.01,26.01,26.01,1,1.0
2026-08-09 01:00,25.62,25.62,25.62,1,1.0
2026-08-09 02:00,25.27,25.27,25.27,1,1.0
2026-08-09 03:00,24.75,24.75,24.75,1,1.0
2026-08-09 04:00,24.29,24.29,24.29,1,1.0
2026-08-09 05:00,24.15,24.15,24.15,1,1.0
2026-08-09 06:00,24.82,24.82,24.82,1,1.0
2026-08-09 07:00,26.99,26.99,26.99,1,1.0
2026-08-09 08:00,29.23,29.23,29.23,1,1.0
2026-08-09 09:00,31.0,31.0,31.0,1,1.0
2026-08-09 10:00,32.34,32.34,32.34,1,1.0
2026-08-09 11:00,33.07,33.07,33.07,1,1.0
2026-08-09 12:00,33.09,33.09,33.09,1,1.0
2026-08-09 13:00,32.99,32.99,32.99,1,1.0
2026-08-09 14:00,32.63,32.63,32.63,1,1.0
2026-08-09 15:00,32.37,32.37,32.37,1,1.0
2026-08-09 16:00,31.87,31.87,31.87,1,1.0
2026-08-09 17:00,31.37,31.37,31.37,1,1.0
2026-08-09 18:00,31.02,31.02,31.02,1,1.0
2026-08-09 19:00,30.41,30.41,30.41,1,1.0
2026-08-09 20:00,29.29,29.29,29.29,1,1.0
2026-08-09 21:00,28.52,28.52,28.52,1,1.0
2026-08-09 22:00,27.96,27.96,27.96,1,1.0
2026-08-09 23:00,27.17,27.17,27.17,1,1.0
2026-08-10 00:00,27.18,27.18,27.18,1,1.0
2026-08-10 01:00,27.78,27.78,27.78,1,1.0
2026-08-10 02:00,27.81,27.81,27.81,1,1.0
2026-08-10 03:00,27.53,27.53,27.53,1,1.0
2026-08-10 04:00,27.25,27.25,27.25,1,1.0
2026-08-10 05:00,27.04,27.04,27.04,1,1.0
2026-08-10 06:00,26.34,26.34,26.34,1,1.0
2026-08-10 07:00,27.36,27.36,27.36,1,1.0
2026-08-10 08:00,29.25,29.25,29.25,1,1.0
2026-08-10 09:00,30.5,30.5,30.5,1,1.0
2026-08-10 10:00,31.57,31.57,31.57,1,1.0
2026-08-10 11:00,32.28,32.28,32.28,1,1.0
2026-08-10 12:00,32.65,32.65,32.65,1,1.0
2026-08-10 13:00,32.88,32.88,32.88,1,1.0
2026-08-10 14:00,32.87,32.87,32.87,1,1.0
2026-08-10 15:00,32.52,32.52,32.52,1,1.0
2026-08-10 16:00,31.98,31.98,31.98,1,1.0
2026-08-10 17:00,31.26,31.26,31.26,1,1.0
2026-08-10 18:00,30.59,30.59,30.59,1,1.0
2026-08-10 19:00,29.87,29.87,29.87,1,1.0
2026-08-10 20:00,29.51,29.51,29.51,1,1.0
2026-08-10 21:00,29.08,29.08,29.08,1,1.0
2026-08-10 22:00,28.49,28.49,28.49,1,1.0
2026-08-10 23:00,27.56,27.56,27.56,1,1.0
2026-08-11 00:00,26.65,26.65,26.65,1,1.0
2026-08-11 01:00,26.21,26.21,26.21,1,1.0
2026-08-11 02:00,26.15,26.15,26.15,1,1.0
2026-08-11 03:00,25.8,25.8,25.8,1,1.0
2026-08-11 04:00,25.07,25.07,25.07,1,1.0
2026-08-11 05:00,24.29,24.29,24.29,1,1.0
2026-08-11 06:00,24.47,24.47,24.47,1,1.0
2026-08-11 07:00,27.42,27.42,27.42,1,1.0
2026-08-11 08:00,29.37,29.37,29.37,1,1.0
2026-08-11 09:00,30.74,30.74,30.74,1,1.0
2026-08-11 10:00,31.71,31.71,31.71,1,1.0
2026-08-11 11:00,32.25,32.25,32.25,1,1.0
2026-08-11 12:00,32.57,32.57,32.57,1,1.0
2026-08-11 13:00,32.29,32.29,32.29,1,1.0
2026-08-11 14:00,32.03,32.03,32.03,1,1.0
2026-08-11 15:00,31.08,31.08,31.08,1,1.0
2026-08-11 16:00,31.06,31.06,31.06,1,1.0
2026-08-11 17:00,31.23,31.23,31.23,1,1.0
2026-08-11 18:00,30.71,30.71,30.71,1,1.0
2026-08-11 19:00,29.64,29.64,29.64,1,1.0
2026-08-11 20:00,28.99,28.99,28.99,1,1.0
2026-08-11 21:00,28.54,28.54,28.54,1,1.0
2026-08-11 22:00,27.93,27.93,27.93,1,1.0
2026-08-11 23:00,27.35,27.35,27.35,1,1.0
2026-08-12 00:00,26.85,26.85,26.85,1,1.0
2026-08-12 01:00,26.74,26.74,26.74,1,1.0
2026-08-12 02:00,26.62,26.62,26.62,1,1.0
2026-08-12 03:00,26.29,26.29,26.29,1,1.0
2026-08-12 04:00,25.8,25.8,25.8,1,1.0
2026-08-12 05:00,25.27,25.27,25.27,1,1.0
2026-08-12 06:00,25.31,25.31,25.31,1,1.0
2026-08-12 07:00,27.76,27.76,27.76,1,1.0
2026-08-12 08:00,29.52,29.52,29.52,1,1.0
2026-08-12 09:00,31.05,31.05,31.05,1,1.0
2026-08-12 10:00,32.1,32.1,32.1,1,1.0
2026-08-12 11:00,32.93,32.93,32.93,1,1.0
2026-08-12 12:00,33.16,33.16,33.16,1,1.0
2026-08-12 13:00,33.35,33.35,33.35,1,1.0
2026-08-12 14:00,33.11,33.11,33.11,1,1.0
2026-08-12 15:00,32.59,32.59,32.59,1,1.0
2026-08-12 16:00,32.33,32.33,32.33,1,1.0
2026-08-12 17:00,31.8,31.8,31.8,1,1.0
2026-08-12 18:00,31.34,31.34,31.34,1,1.0
2026-08-12 19:00,30.82,30.82,30.82,1,1.0
2026-08-12 20:00,30.53,30.53,30.53,1,1.0
2026-08-12 21:00,29.67,29.67,29.67,1,1.0
2026-08-12 22:00,28.94,28.94,28.94,1,1.0
2026-08-12 23:00,28.52,28.52,28.52,1,1.0
2026-08-13 00:00,28.1,28.1,28.1,1,1.0
2026-08-13 01:00,27.67,27.67,27.67,1,1.0
2026-08-13 02:00,27.14,27.14,27.14,1,1.0
2026-08-13 03:00,26.62,26.62,26.62,1,1.0
2026-08-13 04:00,26.19,26.19,26.19,1,1.0
2026-08-13 05:00,25.86,25.86,25.86,1,1.0
2026-08-13 06:00,25.78,25.78,25.78,1,1.0
2026-08-13 07:00,27.06,27.06,27.06,1,1.0
2026-08-13 08:00,29.24,29.24,29.24,1,1.0
2026-08-13 09:00,31.4,31.4,31.4,1,1.0
2026-08-13 10:00,33.04,33.04,33.04,1,1.0
2026-08-13 11:00,34.04,34.04,34.04,1,1.0
2026-08-13 12:00,34.18,34.18,34.18,1,1.0
2026-08-13 13:00,34.07,34.07,34.07,1,1.0
2026-08-13 14:00,34.3,34.3,34.3,1,1.0
2026-08-13 15:00,32.56,32.56,32.56,1,1.0
2026-08-13 16:00,32.09,32.09,32.09,1,1.0
2026-08-13 17:00,32.1,32.1,32.1,1,1.0
2026-08-13 18:00,30.78,30.78,30.78,1,1.0
2026-08-13 19:00,29.83,29.83,29.83,1,1.0
2026-08-13 20:00,29.07,29.07,29.07,1,1.0
2026-08-13 21:00,27.95,27.95,27.95,1,1.0
2026-08-13 22:00,26.85,26.85,26.85,1,1.0
2026-08-13 23:00,26.45,26.45,26.45,1,1.0
2026-08-14 00:00,26.16,26.16,26.16,1,1.0
2026-08-14 01:00,26.06,26.06,26.06,1,1.0
2026-08-14 02:00,25.88,25.88,25.88,1,1.0
2026-08-14 03:00,25.61,25.61,25.61,1,1.0
2026-08-14 04:00,25.37,25.37,25.37,1,1.0
2026-08-14 05:00,25.15,25.15,25.15,1,1.0
2026-08-14 06:00,25.13,25.13,25.13,1,1.0
2026-08-14 07:00,26.36,26.36,26.36,1,1.0
2026-08-14 08:00,28.56,28.56,28.56,1,1.0
2026-08-14 09:00,30.37,30.37,30.37,1,1.0
2026-08-14 10:00,31.77,31.77,31.77,1,1.0
2026-08-14 11:00,32.66,32.66,32.66,1,1.0
2026-08-14 12:00,33.04,33.04,33.04,1,1.0
2026-08-14 13:00,33.03,33.03,33.03,1,1.0
2026-08-14 14:00,32.76,32.76,32.76,1,1.0
2026-08-14 15:00,32.4,32.4,32.4,1,1.0
2026-08-14 16:00,32.07,32.07,32.07,1,1.0
2026-08-14 17:00,31.5,31.5,31.5,1,1.0
2026-08-14 18:00,30.78,30.78,30.78,1,1.0
2026-08-14 19:00,29.94,29.94,29.94,1,1.0
2026-08-14 20:00,29.27,29.27,29.27,1,1.0
2026-08-14 21:00,28.24,28.24,28.24,1,1.0
2026-08-14 22:00,26.96,26.96,26.96,1,1.0
2026-08-14 23:00,26.1,26.1,26.1,1,1.0
2026-08-15 00:00,25.83,25.83,25.83,1,1.0
2026-08-15 01:00,25.51,25.51,25.51,1,1.0
2026-08-15 02:00,25.33,25.33,25.33,1,1.0
2026-08-15 03:00,25.12,25.12,25.12,1,1.0
2026-08-15 04:00,24.79,24.79,24.79,1,1.0
2026-08-15 05:00,24.7,24.7,24.7,1,1.0
2026-08-15 06:00,24.59,24.59,24.59,1,1.0
2026-08-15 07:00,25.97,25.97,25.97,1,1.0
2026-08-15 08:00,28.11,28.11,28.11,1,1.0
2026-08-15 09:00,29.76,29.76,29.76,1,1.0
2026-08-15 10:00,30.73,30.73,30.73,1,1.0
2026-08-15 11:00,31.19,31.19,31.19,1,1.0
2026-08-15 12:00,31.28,31.28,31.28,1,1.0
2026-08-15 13:00,31.3,31.3,31.3,1,1.0
2026-08-15 14:00,31.17,31.17,31.17,1,1.0
2026-08-15 15:00,30.63,30.63,30.63,1,1.0
2026-08-15 16:00,30.09,30.09,30.09,1,1.0
2026-08-15 17:00,29.24,29.24,29.24,1,1.0
2026-08-15 18:00,28.46,28.46,28.46,1,1.0
2026-08-15 19:00,27.66,27.66,27.66,1,1.0
2026-08-15 20:00,27.26,27.26,27.26,1,1.0
2026-08-15 21:00,26.38,26.38,26.38,1,1.0
2026-08-15 22:00,25.52,25.52,25.52,1,1.0
2026-08-15 23:00,24.73,24.73,24.73,1,1.0
2026-08-16 00:00,24.22,24.22,24.22,1,1.0
2026-08-16 01:00,23.88,23.88,23.88,1,1.0
2026-08-16 02:00,23.63,23.63,23.63,1,1.0
2026-08-16 03:00,23.56,23.56,23.56,1,1.0
2026-08-16 04:00,23.1,23.1,23.1,1,1.0
2026-08-16 05:00,22.84,22.84,22.84,1,1.0
2026-08-16 06:00,23.11,23.11,23.11,1,1.0
2026-08-16 07:00,24.73,24.73,24.73,1,1.0
2026-08-16 08:00,27.02,27.02,27.02,1,1.0
2026-08-16 09:00,28.21,28.21,28.21,1,1.0
2026-08-16 10:00,29.26,29.26,29.26,1,1.0
2026-08-16 11:00,29.92,29.92,29.92,1,1.0
2026-08-16 12:00,29.96,29.96,29.96,1,1.0
2026-08-16 13:00,30.1,30.1,30.1,1,1.0
2026-08-16 14:00,30.08,30.08,30.08,1,1.0
2026-08-16 15:00,29.74,29.74,29.74,1,1.0
2026-08-16 16:00,29.3,29.3,29.3,1,1.0
2026-08-16 17:00,27.73,27.73,27.73,1,1.0
2026-08-16 18:00,27.56,27.56,27.56,1,1.0
2026-08-16 19:00,27.2,27.2,27.2,1,1.0
2026-08-16 20:00,26.96,26.96,26.96,1,1.0
2026-08-16 21:00,26.11,26.11,26.11,1,1.0
2026-08-16 22:00,25.44,25.44,25.44,1,1.0
2026-08-16 23:00,24.92,24.92,24.92,1,1.0
2026-08-17 00:00,24.54,24.54,24.54,1,1.0
2026-08-17 01:00,24.48,24.48,24.48,1,1.0
2026-08-17 02:00,24.8,24.8,24.8,1,1.0
2026-08-17 03:00,24.49,24.49,24.49,1,1.0
2026-08-17 04:00,23.83,23.83,23.83,1,1.0
2026-08-17 05:00,23.51,23.51,23.51,1,1.0
2026-08-17 06:00,23.86,23.86,23.86,1,1.0
2026-08-17 07:00,25.05,25.05,25.05,1,1.0
2026-08-17 08:00,26.22,26.22,26.22,1,1.0
2026-08-17 09:00,27.46,27.46,27.46,1,1.0
2026-08-17 10:00,28.41,28.41,28.41,1,1.0
2026-08-17 11:00,29.0,29.0,29.0,1,1.0
2026-08-17 12:00,29.42,29.42,29.42,1,1.0
2026-08-17 13:00,29.76,29.76,29.76,1,1.0
2026-08-17 14:00,29.84,29.84,29.84,1,1.0
2026-08-17 15:00,29.51,29.51,29.51,1,1.0
2026-08-17 16:00,28.04,28.04,28.04,1,1.0
2026-08-17 17:00,27.95,27.95,27.95,1,1.0
2026-08-17 18:00,27.28,27.28,27.28,1,1.0
2026-08-17 19:00,25.85,25.85,25.85,1,1.0
2026-08-17 20:00,26.34,26.34,26.34,1,1.0
2026-08-17 21:00,25.62,25.62,25.62,1,1.0
2026-08-17 22:00,25.03,25.03,25.03,1,1.0
2026-08-17 23:00,23.86,23.86,23.86,1,1.0
2026-08-18 00:00,23.49,23.49,23.49,1,1.0
2026-08-18 01:00,22.73,22.73,22.73,1,1.0
2026-08-18 02:00,22.79,22.79,22.79,1,1.0
2026-08-18 03:00,23.04,23.04,23.04,1,1.0
2026-08-18 04:00,22.84,22.84,22.84,1,1.0
2026-08-18 05:00,22.08,22.08,22.08,1,1.0
2026-08-18 06:00,22.04,22.04,22.04,1,1.0
2026-08-18 07:00,23.35,23.35,23.35,1,1.0
2026-08-18 08:00,24.78,24.78,24.78,1,1.0
2026-08-18 09:00,25.88,25.88,25.88,1,1.0
2026-08-18 10:00,27.02,27.02,27.02,1,1.0
2026-08-18 11:00,27.82,27.82,27.82,1,1.0
2026-08-18 12:00,28.32,28.32,28.32,1,1.0
2026-08-18 13:00,28.54,28.54,28.54,1,1.0
2026-08-18 14:00,28.54,28.54,28.54,1,1.0
2026-08-18 15:00,28.53,28.53,28.53,1,1.0
2026-08-18 16:00,28.47,28.47,28.47,1,1.0
2026-08-18 17:00,28.26,28.26,28.26,1,1.0
2026-08-18 18:00,27.86,27.86,27.86,1,1.0
2026-08-18 19:00,27.3,27.3,27.3,1,1.0
2026-08-18 20:00,26.6,26.6,26.6,1,1.0
2026-08-18 21:00,26.07,26.07,26.07,1,1.0
2026-08-18 22:00,25.3,25.3,25.3,1,1.0
2026-08-18 23:00,25.63,25.63,25.63,1,1.0
2026-08-19 00:00,25.03,25.03,25.03,1,1.0
2026-08-19 01:00,25.03,25.03,25.03,1,1.0
2026-08-19 02:00,25.26,25.26,25.26,1,1.0
2026-08-19 03:00,25.03,25.03,25.03,1,1.0
2026-08-19 04:00,24.81,24.81,24.81,1,1.0
2026-08-19 05:00,24.62,24.62,24.62,1,1.0
2026-08-19 06:00,24.5,24.5,24.5,1,1.0
2026-08-19 07:00,24.77,24.77,24.77,1,1.0
2026-08-19 08:00,26.22,26.22,26.22,1,1.0
2026-08-19 09:00,27.44,27.44,27.44,1,1.0
2026-08-19 10:00,28.49,28.49,28.49,1,1.0
2026-08-19 11:00,29.24,29.24,29.24,1,1.0
2026-08-19 12:00,29.35,29.35,29.35,1,1.0
2026-08-19 13:00,29.19,29.19,29.19,1,1.0
2026-08-19 14:00,29.06,29.06,29.06,1,1.0
2026-08-19 15:00,29.03,29.03,29.03,1,1.0
2026-08-19 16:00,28.59,28.59,28.59,1,1.0
2026-08-19 17:00,28.18,28.18,28.18,1,1.0
2026-08-19 18:00,27.65,27.65,27.65,1,1.0
2026-08-19 19:00,27.05,27.05,27.05,1,1.0
2026-08-19 20:00,26.56,26.56,26.56,1,1.0
2026-08-19 21:00,25.66,25.66,25.66,1,1.0
2026-08-19 22:00,25.31,25.31,25.31,1,1.0
2026-08-19 23:00,25.59,25.59,25.59,1,1.0
2026-08-20 00:00,25.53,25.53,25.53,1,1.0
2026-08-20 01:00,25.23,25.23,25.23,1,1.0
2026-08-20 02:00,24.84,24.84,24.84,1,1.0
2026-08-20 03:00,24.57,24.57,24.57,1,1.0
2026-08-20 04:00,24.37,24.37,24.37,1,1.0
2026-08-20 05:00,23.85,23.85,23.85,1,1.0
2026-08-20 06:00,22.58,22.58,22.58,1,1.0
2026-08-20 07:00,23.89,23.89,23.89,1,1.0
2026-08-20 08:00,26.22,26.22,26.22,1,1.0
2026-08-20 09:00,27.27,27.27,27.27,1,1.0
2026-08-20 10:00,28.18,28.18,28.18,1,1.0
2026-08-20 11:00,28.99,28.99,28.99,1,1.0
2026-08-20 12:00,29.48,29.48,29.48,1,1.0
2026-08-20 13:00,29.64,29.64,29.64,1,1.0
2026-08-20 14:00,29.44,29.44,29.44,1,1.0
2026-08-20 15:00,29.17,29.17,29.17,1,1.0
2026-08-20 16:00,28.82,28.82,28.82,1,1.0
2026-08-20 17:00,28.23,28.23,28.23,1,1.0
2026-08-20 18:00,27.48,27.48,27.48,1,1.0
2026-08-20 19:00,26.73,26.73,26.73,1,1.0
2026-08-20 20:00,25.71,25.71,25.71,1,1.0
2026-08-20 21:00,24.83,24.83,24.83,1,1.0
2026-08-20 22:00,24.2,24.2,24.2,1,1.0
2026-08-20 23:00,24.02,24.02,24.02,1,1.0
2026-08-21 00:00,24.32,24.32,24.32,1,1.0
2026-08-21 01:00,23.79,23.79,23.79,1,1.0
2026-08-21 02:00,22.71,22.71,22.71,1,1.0
2026-08-21 03:00,22.49,22.49,22.49,1,1.0
2026-08-21 04:00,22.5,22.5,22.5,1,1.0
2026-08-21 05:00,22.5,22.5,22.5,1,1.0
2026-08-21 06:00,22.68,22.68,22.68,1,1.0
2026-08-21 07:00,24.73,24.73,24.73,1,1.0
2026-08-21 08:00,26.33,26.33,26.33,1,1.0
2026-08-21 09:00,27.15,27.15,27.15,1,1.0
2026-08-21 10:00,28.12,28.12,28.12,1,1.0
2026-08-21 11:00,28.78,28.78,28.78,1,1.0
2026-08-21 12:00,29.53,29.53,29.53,1,1.0
2026-08-21 13:00,29.86,29.86,29.86,1,1.0
2026-08-21 14:00,29.79,29.79,29.79,1,1.0
2026-08-21 15:00,29.36,29.36,29.36,1,1.0
2026-08-21 16:00,28.25,28.25,28.25,1,1.0
2026-08-21 17:00,27.75,27.75,27.75,1,1.0
2026-08-21 18:00,27.27,27.27,27.27,1,1.0
2026-08-21 19:00,26.87,26.87,26.87,1,1.0
2026-08-21 20:00,26.3,26.3,26.3,1,1.0
2026-08-21 21:00,25.67,25.67,25.67,1,1.0
2026-08-21 22:00,25.02,25.02,25.02,1,1.0
2026-08-21 23:00,24.59,24.59,24.59,1,1.0
2026-08-22 00:00,24.31,24.31,24.31,1,1.0
2026-08-22 01:00,24.14,24.14,24.14,1,1.0
2026-08-22 02:00,24.0,24.0,24.0,1,1.0
2026-08-22 03:00,24.24,24.24,24.24,1,1.0
2026-08-22 04:00,24.44,24.44,24.44,1,1.0
2026-08-22 05:00,24.43,24.43,24.43,1,1.0
2026-08-22 06:00,24.35,24.35,24.35,1,1.0
2026-08-22 07:00,24.89,24.89,24.89,1,1.0
2026-08-22 08:00,26.73,26.73,26.73,1,1.0
2026-08-22 09:00,27.51,27.51,27.51,1,1.0
2026-08-22 10:00,28.01,28.01,28.01,1,1.0
2026-08-22 11:00,28.44,28.44,28.44,1,1.0
2026-08-22 12:00,29.04,29.04,29.04,1,1.0
2026-08-22 13:00,29.21,29.21,29.21,1,1.0
2026-08-22 14:00,29.11,29.11,29.11,1,1.0
2026-08-22 15:00,28.71,28.71,28.71,1,1.0
2026-08-22 16:00,28.58,28.58,28.58,1,1.0
2026-08-22 17:00,28.25,28.25,28.25,1,1.0
2026-08-22 18:00,27.76,27.76,27.76,1,1.0
2026-08-22 19:00,27.19,27.19,27.19,1,1.0
2026-08-22 20:00,26.64,26.64,26.64,1,1.0
2026-08-22 21:00,26.71,26.71,26.71,1,1.0
2026-08-22 22:00,26.38,26.38,26.38,1,1.0
2026-08-22 23:00,26.02,26.02,26.02,1,1.0
2026-08-23 00:00,25.73,25.73,25.73,1,1.0
2026-08-23 01:00,25.38,25.38,25.38,1,1.0
2026-08-23 02:00,24.57,24.57,24.57,1,1.0
2026-08-23 03:00,23.38,23.38,23.38,1,1.0
2026-08-23 04:00,22.8,22.8,22.8,1,1.0
2026-08-23 05:00,21.53,21.53,21.53,1,1.0
2026-08-23 06:00,21.16,21.16,21.16,1,1.0
2026-08-23 07:00,23.3,23.3,23.3,1,1.0
2026-08-23 08:00,26.02,26.02,26.02,1,1.0
2026-08-23 09:00,27.75,27.75,27.75,1,1.0
2026-08-23 10:00,29.08,29.08,29.08,1,1.0
2026-08-23 11:00,30.04,30.04,30.04,1,1.0
2026-08-23 12:00,30.48,30.48,30.48,1,1.0
2026-08-23 13:00,30.73,30.73,30.73,1,1.0
2026-08-23 14:00,30.85,30.85,30.85,1,1.0
2026-08-23 15:00,30.79,30.79,30.79,1,1.0
2026-08-23 16:00,30.34,30.34,30.34,1,1.0
2026-08-23 17:00,29.56,29.56,29.56,1,1.0
2026-08-23 18:00,28.83,28.83,28.83,1,1.0
2026-08-23 19:00,28.06,28.06,28.06,1,1.0
2026-08-23 20:00,27.13,27.13,27.13,1,1.0
2026-08-23 21:00,27.37,27.37,27.37,1,1.0
2026-08-23 22:00,27.32,27.32,27.32,1,1.0
2026-08-23 23:00,27.08,27.08,27.08,1,1.0
2026-08-24 00:00,26.85,26.85,26.85,1,1.0
2026-08-24 01:00,26.58,26.58,26.58,1,1.0
2026-08-24 02:00,25.88,25.88,25.88,1,1.0
2026-08-24 03:00,24.94,24.94,24.94,1,1.0
2026-08-24 04:00,24.65,24.65,24.65,1,1.0
2026-08-24 05:00,23.99,23.99,23.99,1,1.0
2026-08-24 06:00,23.53,23.53,23.53,1,1.0
2026-08-24 07:00,25.06,25.06,25.06,1,1.0
2026-08-24 08:00,27.52,27.52,27.52,1,1.0
2026-08-24 09:00,29.11,29.11,29.11,1,1.0
2026-08-24 10:00,30.26,30.26,30.26,1,1.0
2026-08-24 11:00,31.09,31.09,31.09,1,1.0
2026-08-24 12:00,31.48,31.48,31.48,1,1.0
2026-08-24 13:00,31.37,31.37,31.37,1,1.0
2026-08-24 14:00,31.25,31.25,31.25,1,1.0
2026-08-24 15:00,30.94,30.94,30.94,1,1.0
2026-08-24 16:00,30.35,30.35,30.35,1,1.0
2026-08-24 17:00,29.6,29.6,29.6,1,1.0
2026-08-24 18:00,28.93,28.93,28.93,1,1.0
2026-08-24 19:00,28.16,28.16,28.16,1,1.0
2026-08-24 20:00,27.28,27.28,27.28,1,1.0
2026-08-24 21:00,26.6,26.6,26.6,1,1.0
2026-08-24 22:00,25.77,25.77,25.77,1,1.0
2026-08-24 23:00,27.03,27.03,27.03,1,1.0
2026-08-25 00:00,26.62,26.62,26.62,1,1.0
2026-08-25 01:00,23.51,23.51,23.51,1,1.0
2026-08-25 02:00,23.29,23.29,23.29,1,1.0
2026-08-25 03:00,23.66,23.66,23.66,1,1.0
2026-08-25 04:00,23.83,23.83,23.83,1,1.0
2026-08-25 05:00,23.62,23.62,23.62,1,1.0
2026-08-25 06:00,23.76,23.76,23.76,1,1.0
2026-08-25 07:00,25.18,25.18,25.18,1,1.0
2026-08-25 08:00,27.19,27.19,27.19,1,1.0
2026-08-25 09:00,28.73,28.73,28.73,1,1.0
2026-08-25 10:00,29.75,29.75,29.75,1,1.0
2026-08-25 11:00,30.25,30.25,30.25,1,1.0
2026-08-25 12:00,30.55,30.55,30.55,1,1.0
2026-08-25 13:00,30.34,30.34,30.34,1,1.0
2026-08-25 14:00,30.2,30.2,30.2,1,1.0
2026-08-25 15:00,29.76,29.76,29.76,1,1.0
2026-08-25 16:00,29.28,29.28,29.28,1,1.0
2026-08-25 17:00,28.51,28.51,28.51,1,1.0
2026-08-25 18:00,27.91,27.91,27.91,1,1.0
2026-08-25 19:00,27.52,27.52,27.52,1,1.0
2026-08-25 20:00,26.86,26.86,26.86,1,1.0
2026-08-25 21:00,26.31,26.31,26.31,1,1.0
2026-08-25 22:00,26.04,26.04,26.04,1,1.0
2026-08-25 23:00,25.97,25.97,25.97,1,1.0
2026-08-26 00:00,25.84,25.84,25.84,1,1.0
2026-08-26 01:00,25.32,25.32,25.32,1,1.0
2026-08-26 02:00,25.78,25.78,25.78,1,1.0
2026-08-26 03:00,25.68,25.68,25.68,1,1.0
2026-08-26 04:00,24.52,24.52,24.52,1,1.0
2026-08-26 05:00,23.59,23.59,23.59,1,1.0
2026-08-26 06:00,23.91,23.91,23.91,1,1.0
2026-08-26 07:00,24.43,24.43,24.43,1,1.0
2026-08-26 08:00,26.0,26.0,26.0,1,1.0
2026-08-26 09:00,28.03,28.03,28.03,1,1.0
2026-08-26 10:00,29.66,29.66,29.66,1,1.0
2026-08-26 11:00,30.56,30.56,30.56,1,1.0
2026-08-26 12:00,30.74,30.74,30.74,1,1.0
2026-08-26 13:00,30.91,30.91,30.91,1,1.0
2026-08-26 14:00,30.96,30.96,30.96,1,1.0
2026-08-26 15:00,30.67,30.67,30.67,1,1.0
2026-08-26 16:00,30.23,30.23,30.23,1,1.0
2026-08-26 17:00,29.68,29.68,29.68,1,1.0
2026-08-26 18:00,29.0,29.0,29.0,1,1.0
2026-08-26 19:00,28.25,28.25,28.25,1,1.0
2026-08-26 20:00,27.34,27.34,27.34,1,1.0
2026-08-26 21:00,26.21,26.21,26.21,1,1.0
2026-08-26 22:00,25.6,25.6,25.6,1,1.0
2026-08-26 23:00,27.1,27.1,27.1,1,1.0
2026-08-27 00:00,26.83,26.83,26.83,1,1.0
2026-08-27 01:00,26.54,26.54,26.54,1,1.0
2026-08-27 02:00,24.34,24.34,24.34,1,1.0
2026-08-27 03:00,23.69,23.69,23.69,1,1.0
2026-08-27 04:00,23.93,23.93,23.93,1,1.0
2026-08-27 05:00,24.49,24.49,24.49,1,1.0
2026-08-27 06:00,25.68,25.68,25.68,1,1.0
2026-08-27 07:00,26.15,26.15,26.15,1,1.0
2026-08-27 08:00,28.16,28.16,28.16,1,1.0
2026-08-27 09:00,30.09,30.09,30.09,1,1.0
2026-08-27 10:00,31.51,31.51,31.51,1,1.0
2026-08-27 11:00,32.17,32.17,32.17,1,1.0
2026-08-27 12:00,32.57,32.57,32.57,1,1.0
2026-08-27 13:00,33.09,33.09,33.09,1,1.0
2026-08-27 14:00,32.8,32.8,32.8,1,1.0
2026-08-27 15:00,32.41,32.41,32.41,1,1.0
2026-08-27 16:00,31.61,31.61,31.61,1,1.0
2026-08-27 17:00,30.62,30.62,30.62,1,1.0
2026-08-27 18:00,29.86,29.86,29.86,1,1.0
2026-08-27 19:00,28.98,28.98,28.98,1,1.0
2026-08-27 20:00,27.68,27.68,27.68,1,1.0
2026-08-27 21:00,27.17,27.17,27.17,1,1.0
2026-08-27 22:00,26.57,26.57,26.57,1,1.0
2026-08-27 23:00,25.95,25.95,25.95,1,1.0
2026-08-28 00:00,25.65,25.65,25.65,1,1.0
2026-08-28 01:00,25.23,25.23,25.23,1,1.0
2026-08-28 02:00,25.45,25.45,25.45,1,1.0
2026-08-28 03:00,27.78,27.78,27.78,1,1.0
2026-08-28 04:00,27.67,27.67,27.67,1,1.0
2026-08-28 05:00,25.24,25.24,25.24,1,1.0
2026-08-28 06:00,25.01,25.01,25.01,1,1.0
2026-08-28 07:00,26.43,26.43,26.43,1,1.0
2026-08-28 08:00,29.85,29.85,29.85,1,1.0
2026-08-28 09:00,31.46,31.46,31.46,1,1.0
2026-08-28 10:00,32.83,32.83,32.83,1,1.0
2026-08-28 11:00,33.57,33.57,33.57,1,1.0
2026-08-28 12:00,34.0,34.0,34.0,1,1.0
2026-08-28 13:00,34.29,34.29,34.29,1,1.0
2026-08-28 14:00,34.19,34.19,34.19,1,1.0
2026-08-28 15:00,34.13,34.13,34.13,1,1.0
2026-08-28 16:00,33.9,33.9,33.9,1,1.0
2026-08-28 17:00,33.2,33.2,33.2,1,1.0
2026-08-28 18:00,32.06,32.06,32.06,1,1.0
2026-08-28 19:00,30.67,30.67,30.67,1,1.0
2026-08-28 20:00,29.96,29.96,29.96,1,1.0
2026-08-28 21:00,29.53,29.53,29.53,1,1.0
2026-08-28 22:00,28.04,28.04,28.04,1,1.0
2026-08-28 23:00,29.09,29.09,29.09,1,1.0
2026-08-29 00:00,28.45,28.45,28.45,1,1.0
2026-08-29 01:00,28.63,28.63,28.63,1,1.0
2026-08-29 02:00,24.75,24.75,24.75,1,1.0
2026-08-29 03:00,24.55,24.55,24.55,1,1.0
2026-08-29 04:00,27.96,27.96,27.96,1,1.0
2026-08-29 05:00,26.02,26.02,26.02,1,1.0
2026-08-29 06:00,27.28,27.28,27.28,1,1.0
2026-08-29 07:00,25.87,25.87,25.87,1,1.0
2026-08-29 08:00,28.94,28.94,28.94,1,1.0
2026-08-29 09:00,30.34,30.34,30.34,1,1.0
2026-08-29 10:00,31.46,31.46,31.46,1,1.0
2026-08-29 11:00,32.14,32.14,32.14,1,1.0
2026-08-29 12:00,32.59,32.59,32.59,1,1.0
2026-08-29 13:00,32.68,32.68,32.68,1,1.0
2026-08-29 14:00,33.41,33.41,33.41,1,1.0
2026-08-29 15:00,33.39,33.39,33.39,1,1.0
2026-08-29 16:00,32.82,32.82,32.82,1,1.0
2026-08-29 17:00,31.23,31.23,31.23,1,1.0
2026-08-29 18:00,29.62,29.62,29.62,1,1.0
2026-08-29 19:00,28.79,28.79,28.79,1,1.0
2026-08-29 20:00,28.13,28.13,28.13,1,1.0
2026-08-29 21:00,27.17,27.17,27.17,1,1.0
2026-08-29 22:00,26.27,26.27,26.27,1,1.0
2026-08-29 23:00,26.76,26.76,26.76,1,1.0
2026-08-30 00:00,26.78,26.78,26.78,1,1.0
2026-08-30 01:00,25.38,25.38,25.38,1,1.0
2026-08-30 02:00,24.05,24.05,24.05,1,1.0
2026-08-30 03:00,24.55,24.55,24.55,1,1.0
2026-08-30 04:00,24.83,24.83,24.83,1,1.0
2026-08-30 05:00,24.91,24.91,24.91,1,1.0
2026-08-30 06:00,25.24,25.24,25.24,1,1.0
2026-08-30 07:00,26.55,26.55,26.55,1,1.0
2026-08-30 08:00,29.4,29.4,29.4,1,1.0
2026-08-30 09:00,31.66,31.66,31.66,1,1.0
2026-08-30 10:00,32.32,32.32,32.32,1,1.0
2026-08-30 11:00,32.23,32.23,32.23,1,1.0
2026-08-30 12:00,31.89,31.89,31.89,1,1.0
2026-08-30 13:00,31.34,31.34,31.34,1,1.0
2026-08-30 14:00,30.76,30.76,30.76,1,1.0
2026-08-30 15:00,30.28,30.28,30.28,1,1.0
2026-08-30 16:00,29.71,29.71,29.71,1,1.0
2026-08-30 17:00,29.14,29.14,29.14,1,1.0
2026-08-30 18:00,28.15,28.15,28.15,1,1.0
2026-08-30 19:00,27.46,27.46,27.46,1,1.0
2026-08-30 20:00,27.07,27.07,27.07,1,1.0
2026-08-30 21:00,26.45,26.45,26.45,1,1.0
2026-08-30 22:00,25.73,25.73,25.73,1,1.0
2026-08-30 23:00,25.16,25.16,25.16,1,1.0
2026-08-31 00:00,24.81,24.81,24.81,1,1.0
2026-08-31 01:00,24.47,24.47,24.47,1,1.0
2026-08-31 02:00,24.3,24.3,24.3,1,1.0
2026-08-31 03:00,24.49,24.49,24.49,1,1.0
2026-08-31 04:00,25.04,25.04,25.04,1,1.0
2026-08-31 05:00,25.33,25.33,25.33,1,1.0
2026-08-31 06:00,25.27,25.27,25.27,1,1.0
2026-08-31 07:00,25.48,25.48,25.48,1,1.0
2026-08-31 08:00,26.53,26.53,26.53,1,1.0
2026-08-31 09:00,27.85,27.85,27.85,1,1.0
2026-08-31 10:00,28.83,28.83,28.83,1,1.0
2026-08-31 11:00,29.53,29.53,29.53,1,1.0
2026-08-31 12:00,29.81,29.81,29.81,1,1.0
2026-08-31 13:00,29.58,29.58,29.58,1,1.0
2026-08-31 14:00,29.51,29.51,29.51,1,1.0
2026-08-31 15:00,29.13,29.13,29.13,1,1.0
2026-08-31 16:00,28.98,28.98,28.98,1,1.0
2026-08-31 17:00,28.54,28.54,28.54,1,1.0
2026-08-31 18:00,28.01,28.01,28.01,1,1.0
2026-08-31 19:00,27.38,27.38,27.38,1,1.0
2026-08-31 20:00,26.67,26.67,26.67,1,1.0
2026-08-31 21:00,26.8,26.8,26.8,1,1.0
2026-08-31 22:00,26.15,26.15,26.15,1,1.0
2026-08-31 23:00,25.56,25.56,25.56,1,1.0
2026-09-01 00:00,24.89,24.89,24.89,1,1.0
2026-09-01 01:00,24.31,24.31,24.31,1,1.0
2026-09-01 02:00,25.33,25.33,25.33,1,1.0
2026-09-01 03:00,25.04,25.04,25.04,1,1.0
2026-09-01 04:00,24.14,24.14,24.14,1,1.0
2026-09-01 05:00,22.93,22.93,22.93,1,1.0
2026-09-01 06:00,21.98,21.98,21.98,1,1.0
2026-09-01 07:00,23.99,23.99,23.99,1,1.0
2026-09-01 08:00,25.49,25.49,25.49,1,1.0
2026-09-01 09:00,27.12,27.12,27.12,1,1.0
2026-09-01 10:00,28.48,28.48,28.48,1,1.0
2026-09-01 11:00,29.55,29.55,29.55,1,1.0
2026-09-01 12:00,30.32,30.32,30.32,1,1.0
2026-09-01 13:00,30.68,30.68,30.68,1,1.0
2026-09-01 14:00,30.7,30.7,30.7,1,1.0
2026-09-01 15:00,29.97,29.97,29.97,1,1.0
2026-09-01 16:00,29.26,29.26,29.26,1,1.0
2026-09-01 17:00,28.63,28.63,28.63,1,1.0
2026-09-01 18:00,28.07,28.07,28.07,1,1.0
2026-09-01 19:00,27.42,27.42,27.42,1,1.0
2026-09-01 20:00,27.14,27.14,27.14,1,1.0
2026-09-01 21:00,26.07,26.07,26.07,1,1.0
2026-09-01 22:00,25.27,25.27,25.27,1,1.0
2026-09-01 23:00,25.21,25.21,25.21,1,1.0
2026-09-02 00:00,25.44,25.44,25.44,1,1.0
2026-09-02 01:00,24.72,24.72,24.72,1,1.0
2026-09-02 02:00,25.5,25.5,25.5,1,1.0
2026-09-02 03:00,25.28,25.28,25.28,1,1.0
2026-09-02 04:00,24.99,24.99,24.99,1,1.0
2026-09-02 05:00,24.77,24.77,24.77,1,1.0
2026-09-02 06:00,23.96,23.96,23.96,1,1.0
2026-09-02 07:00,23.93,23.93,23.93,1,1.0
2026-09-02 08:00,26.16,26.16,26.16,1,1.0
2026-09-02 09:00,27.53,27.53,27.53,1,1.0
2026-09-02 10:00,28.77,28.77,28.77,1,1.0
2026-09-02 11:00,29.64,29.64,29.64,1,1.0
2026-09-02 12:00,30.03,30.03,30.03,1,1.0
2026-09-02 13:00,30.08,30.08,30.08,1,1.0
2026-09-02 14:00,29.95,29.95,29.95,1,1.0
2026-09-02 15:00,29.51,29.51,29.51,1,1.0
2026-09-02 16:00,29.18,29.18,29.18,1,1.0
2026-09-02 17:00,28.66,28.66,28.66,1,1.0
2026-09-02 18:00,27.81,27.81,27.81,1,1.0
2026-09-02 19:00,26.99,26.99,26.99,1,1.0
2026-09-02 20:00,26.25,26.25,26.25,1,1.0
2026-09-02 21:00,25.4,25.4,25.4,1,1.0
2026-09-02 22:00,24.81,24.81,24.81,1,1.0
2026-09-02 23:00,25.19,25.19,25.19,1,1.0
2026-09-03 00:00,25.12,25.12,25.12,1,1.0
2026-09-03 01:00,24.79,24.79,24.79,1,1.0
2026-09-03 02:00,24.56,24.56,24.56,1,1.0
2026-09-03 03:00,24.32,24.32,24.32,1,1.0
2026-09-03 04:00,24.09,24.09,24.09,1,1.0
2026-09-03 05:00,23.67,23.67,23.67,1,1.0
2026-09-03 06:00,22.35,22.35,22.35,1,1.0
2026-09-03 07:00,23.17,23.17,23.17,1,1.0
2026-09-03 08:00,26.19,26.19,26.19,1,1.0
2026-09-03 09:00,27.82,27.82,27.82,1,1.0
2026-09-03 10:00,29.18,29.18,29.18,1,1.0
2026-09-03 11:00,30.14,30.14,30.14,1,1.0
2026-09-03 12:00,30.51,30.51,30.51,1,1.0
2026-09-03 13:00,30.57,30.57,30.57,1,1.0
2026-09-03 14:00,30.59,30.59,30.59,1,1.0
2026-09-03 15:00,30.55,30.55,30.55,1,1.0
2026-09-03 16:00,30.51,30.51,30.51,1,1.0
2026-09-03 17:00,29.92,29.92,29.92,1,1.0
2026-09-03 18:00,29.28,29.28,29.28,1,1.0
2026-09-03 19:00,28.54,28.54,28.54,1,1.0
2026-09-03 20:00,27.59,27.59,27.59,1,1.0
2026-09-03 21:00,26.32,26.32,26.32,1,1.0
2026-09-03 22:00,25.56,25.56,25.56,1,1.0
2026-09-03 23:00,25.23,25.23,25.23,1,1.0
2026-09-04 00:00,24.97,24.97,24.97,1,1.0
2026-09-04 01:00,24.43,24.43,24.43,1,1.0
2026-09-04 02:00,24.39,24.39,24.39,1,1.0
2026-09-04 03:00,24.04,24.04,24.04,1,1.0
2026-09-04 04:00,23.67,23.67,23.67,1,1.0
2026-09-04 05:00,23.35,23.35,23.35,1,1.0
2026-09-04 06:00,23.16,23.16,23.16,1,1.0
2026-09-04 07:00,24.14,24.14,24.14,1,1.0
2026-09-04 08:00,26.52,26.52,26.52,1,1.0
2026-09-04 09:00,28.62,28.62,28.62,1,1.0
2026-09-04 10:00,30.18,30.18,30.18,1,1.0
2026-09-04 11:00,31.45,31.45,31.45,1,1.0
2026-09-04 12:00,32.21,32.21,32.21,1,1.0
2026-09-04 13:00,32.38,32.38,32.38,1,1.0
2026-09-04 14:00,32.26,32.26,32.26,1,1.0
2026-09-04 15:00,31.99,31.99,31.99,1,1.0
2026-09-04 16:00,31.65,31.65,31.65,1,1.0
2026-09-04 17:00,30.98,30.98,30.98,1,1.0
2026-09-04 18:00,30.16,30.16,30.16,1,1.0
2026-09-04 19:00,29.37,29.37,29.37,1,1.0
2026-09-04 20:00,28.51,28.51,28.51,1,1.0
2026-09-04 21:00,27.6,27.6,27.6,1,1.0
2026-09-04 22:00,26.63,26.63,26.63,1,1.0
2026-09-04 23:00,25.49,25.49,25.49,1,1.0
2026-09-05 00:00,24.64,24.64,24.64,1,1.0
2026-09-05 01:00,24.05,24.05,24.05,1,1.0
2026-09-05 02:00,23.65,23.65,23.65,1,1.0
2026-09-05 03:00,23.68,23.68,23.68,1,1.0
2026-09-05 04:00,23.77,23.77,23.77,1,1.0
2026-09-05 05:00,23.53,23.53,23.53,1,1.0
2026-09-05 06:00,22.93,22.93,22.93,1,1.0
2026-09-05 07:00,23.74,23.74,23.74,1,1.0
2026-09-05 08:00,26.85,26.85,26.85,1,1.0
2026-09-05 09:00,28.03,28.03,28.03,1,1.0
2026-09-05 10:00,29.1,29.1,29.1,1,1.0
2026-09-05 11:00,29.85,29.85,29.85,1,1.0
2026-09-05 12:00,30.33,30.33,30.33,1,1.0
2026-09-05 13:00,30.44,30.44,30.44,1,1.0
2026-09-05 14:00,30.43,30.43,30.43,1,1.0
2026-09-05 15:00,30.17,30.17,30.17,1,1.0
2026-09-05 16:00,29.57,29.57,29.57,1,1.0
2026-09-05 17:00,28.72,28.72,28.72,1,1.0
2026-09-05 18:00,27.74,27.74,27.74,1,1.0
2026-09-05 19:00,26.74,26.74,26.74,1,1.0
2026-09-05 20:00,25.69,25.69,25.69,1,1.0
2026-09-05 21:00,25.54,25.54,25.54,1,1.0
2026-09-05 22:00,25.54,25.54,25.54,1,1.0
2026-09-05 23:00,25.21,25.21,25.21,1,1.0
2026-09-06 00:00,24.89,24.89,24.89,1,1.0
2026-09-06 01:00,24.58,24.58,24.58,1,1.0
2026-09-06 02:00,24.17,24.17,24.17,1,1.0
2026-09-06 03:00,23.89,23.89,23.89,1,1.0
2026-09-06 04:00,23.69,23.69,23.69,1,1.0
2026-09-06 05:00,23.58,23.58,23.58,1,1.0
2026-09-06 06:00,23.45,23.45,23.45,1,1.0
2026-09-06 07:00,23.89,23.89,23.89,1,1.0
2026-09-06 08:00,25.35,25.35,25.35,1,1.0
2026-09-06 09:00,26.91,26.91,26.91,1,1.0
2026-09-06 10:00,28.57,28.57,28.57,1,1.0
2026-09-06 11:00,29.84,29.84,29.84,1,1.0
2026-09-06 12:00,30.5,30.5,30.5,1,1.0
2026-09-06 13:00,30.62,30.62,30.62,1,1.0
2026-09-06 14:00,30.48,30.48,30.48,1,1.0
2026-09-06 15:00,30.17,30.17,30.17,1,1.0
2026-09-06 16:00,29.5,29.5,29.5,1,1.0
2026-09-06 17:00,28.79,28.79,28.79,1,1.0
2026-09-06 18:00,27.99,27.99,27.99,1,1.0
2026-09-06 19:00,27.18,27.18,27.18,1,1.0
2026-09-06 20:00,26.27,26.27,26.27,1,1.0
2026-09-06 21:00,25.45,25.45,25.45,1,1.0
2026-09-06 22:00,24.92,24.92,24.92,1,1.0
2026-09-06 23:00,24.66,24.66,24.66,1,1.0
2026-09-07 00:00,25.44,25.44,25.44,1,1.0
2026-09-07 01:00,25.59,25.59,25.59,1,1.0
2026-09-07 02:00,25.47,25.47,25.47,1,1.0
2026-09-07 03:00,25.21,25.21,25.21,1,1.0
2026-09-07 04:00,24.97,24.97,24.97,1,1.0
2026-09-07 05:00,24.75,24.75,24.75,1,1.0
2026-09-07 06:00,23.93,23.93,23.93,1,1.0
2026-09-07 07:00,23.82,23.82,23.82,1,1.0
2026-09-07 08:00,27.08,27.08,27.08,1,1.0
2026-09-07 09:00,28.92,28.92,28.92,1,1.0
2026-09-07 10:00,30.28,30.28,30.28,1,1.0
2026-09-07 11:00,31.06,31.06,31.06,1,1.0
2026-09-07 12:00,31.3,31.3,31.3,1,1.0
2026-09-07 13:00,31.07,31.07,31.07,1,1.0
2026-09-07 14:00,30.69,30.69,30.69,1,1.0
2026-09-07 15:00,30.06,30.06,30.06,1,1.0
2026-09-07 16:00,29.23,29.23,29.23,1,1.0
2026-09-07 17:00,28.59,28.59,28.59,1,1.0
2026-09-07 18:00,27.98,27.98,27.98,1,1.0
2026-09-07 19:00,27.37,27.37,27.37,1,1.0
2026-09-07 20:00,26.29,26.29,26.29,1,1.0
2026-09-07 21:00,26.35,26.35,26.35,1,1.0
2026-09-07 22:00,26.3,26.3,26.3,1,1.0
2026-09-07 23:00,26.05,26.05,26.05,1,1.0
2026-09-08 00:00,25.78,25.78,25.78,1,1.0
2026-09-08 01:00,25.5,25.5,25.5,1,1.0
2026-09-08 02:00,25.26,25.26,25.26,1,1.0
2026-09-08 03:00,24.99,24.99,24.99,1,1.0
2026-09-08 04:00,24.78,24.78,24.78,1,1.0
2026-09-08 05:00,24.57,24.57,24.57,1,1.0
2026-09-08 06:00,24.18,24.18,24.18,1,1.0
2026-09-08 07:00,24.12,24.12,24.12,1,1.0
2026-09-08 08:00,26.19,26.19,26.19,1,1.0
2026-09-08 09:00,27.8,27.8,27.8,1,1.0
2026-09-08 10:00,28.81,28.81,28.81,1,1.0
2026-09-08 11:00,29.41,29.41,29.41,1,1.0
2026-09-08 12:00,29.49,29.49,29.49,1,1.0
2026-09-08 13:00,29.53,29.53,29.53,1,1.0
2026-09-08 14:00,28.93,28.93,28.93,1,1.0
2026-09-08 15:00,28.98,28.98,28.98,1,1.0
2026-09-08 16:00,28.85,28.85,28.85,1,1.0
2026-09-08 17:00,28.46,28.46,28.46,1,1.0
2026-09-08 18:00,27.75,27.75,27.75,1,1.0
2026-09-08 19:00,26.99,26.99,26.99,1,1.0
2026-09-08 20:00,26.37,26.37,26.37,1,1.0
2026-09-08 21:00,25.96,25.96,25.96,1,1.0
2026-09-08 22:00,24.8,24.8,24.8,1,1.0
2026-09-08 23:00,24.14,24.14,24.14,1,1.0
2026-09-09 00:00,24.18,24.18,24.18,1,1.0
2026-09-09 01:00,25.11,25.11,25.11,1,1.0
2026-09-09 02:00,24.69,24.69,24.69,1,1.0
2026-09-09 03:00,24.36,24.36,24.36,1,1.0
2026-09-09 04:00,22.83,22.83,22.83,1,1.0
2026-09-09 05:00,22.33,22.33,22.33,1,1.0
2026-09-09 06:00,22.68,22.68,22.68,1,1.0
2026-09-09 07:00,23.33,23.33,23.33,1,1.0
2026-09-09 08:00,25.31,25.31,25.31,1,1.0
2026-09-09 09:00,26.67,26.67,26.67,1,1.0
2026-09-09 10:00,27.72,27.72,27.72,1,1.0
2026-09-09 11:00,28.52,28.52,28.52,1,1.0
2026-09-09 12:00,28.99,28.99,28.99,1,1.0
2026-09-09 13:00,29.2,29.2,29.2,1,1.0
2026-09-09 14:00,29.2,29.2,29.2,1,1.0
2026-09-09 15:00,28.95,28.95,28.95,1,1.0
2026-09-09 16:00,28.52,28.52,28.52,1,1.0
2026-09-09 17:00,27.74,27.74,27.74,1,1.0
2026-09-09 18:00,26.85,26.85,26.85,1,1.0
2026-09-09 19:00,26.09,26.09,26.09,1,1.0
2026-09-09 20:00,25.6,25.6,25.6,1,1.0
2026-09-09 21:00,24.74,24.74,24.74,1,1.0
2026-09-09 22:00,25.25,25.25,25.25,1,1.0
2026-09-09 23:00,24.98,24.98,24.98,1,1.0
2026-09-10 00:00,23.91,23.91,23.91,1,1.0
2026-09-10 01:00,22.98,22.98,22.98,1,1.0
2026-09-10 02:00,22.42,22.42,22.42,1,1.0
2026-09-10 03:00,22.15,22.15,22.15,1,1.0
2026-09-10 04:00,21.94,21.94,21.94,1,1.0
2026-09-10 05:00,21.78,21.78,21.78,1,1.0
2026-09-10 06:00,21.51,21.51,21.51,1,1.0
2026-09-10 07:00,22.5,22.5,22.5,1,1.0
2026-09-10 08:00,26.03,26.03,26.03,1,1.0
2026-09-10 09:00,27.62,27.62,27.62,1,1.0
2026-09-10 10:00,28.73,28.73,28.73,1,1.0
2026-09-10 11:00,29.58,29.58,29.58,1,1.0
2026-09-10 12:00,30.13,30.13,30.13,1,1.0
2026-09-10 13:00,30.36,30.36,30.36,1,1.0
2026-09-10 14:00,30.0,30.0,30.0,1,1.0
2026-09-10 15:00,29.48,29.48,29.48,1,1.0
2026-09-10 16:00,28.9,28.9,28.9,1,1.0
2026-09-10 17:00,28.41,28.41,28.41,1,1.0
2026-09-10 18:00,27.51,27.51,27.51,1,1.0
2026-09-10 19:00,26.59,26.59,26.59,1,1.0
2026-09-10 20:00,25.71,25.71,25.71,1,1.0
2026-09-10 21:00,25.39,25.39,25.39,1,1.0
2026-09-10 22:00,25.26,25.26,25.26,1,1.0
2026-09-10 23:00,25.24,25.24,25.24,1,1.0
2026-09-11 00:00,25.14,25.14,25.14,1,1.0
2026-09-11 01:00,24.09,24.09,24.09,1,1.0
2026-09-11 02:00,21.98,21.98,21.98,1,1.0
2026-09-11 03:00,22.03,22.03,22.03,1,1.0
2026-09-11 04:00,22.21,22.21,22.21,1,1.0
2026-09-11 05:00,22.5,22.5,22.5,1,1.0
2026-09-11 06:00,22.61,22.61,22.61,1,1.0
2026-09-11 07:00,23.42,23.42,23.42,1,1.0
2026-09-11 08:00,24.06,24.06,24.06,1,1.0
2026-09-11 09:00,25.33,25.33,25.33,1,1.0
2026-09-11 10:00,26.25,26.25,26.25,1,1.0
2026-09-11 11:00,26.94,26.94,26.94,1,1.0
2026-09-11 12:00,26.98,26.98,26.98,1,1.0
2026-09-11 13:00,26.81,26.81,26.81,1,1.0
2026-09-11 14:00,26.75,26.75,26.75,1,1.0
2026-09-11 15:00,26.66,26.66,26.66,1,1.0
2026-09-11 16:00,26.19,26.19,26.19,1,1.0
2026-09-11 17:00,25.71,25.71,25.71,1,1.0
2026-09-11 18:00,24.95,24.95,24.95,1,1.0
2026-09-11 19:00,24.27,24.27,24.27,1,1.0
2026-09-11 20:00,23.58,23.58,23.58,1,1.0
2026-09-11 21:00,23.04,23.04,23.04,1,1.0
2026-09-11 22:00,23.11,23.11,23.11,1,1.0
2026-09-11 23:00,23.33,23.33,23.33,1,1.0
2026-09-12 00:00,23.08,23.08,23.08,1,1.0
2026-09-12 01:00,22.89,22.89,22.89,1,1.0
2026-09-12 02:00,22.68,22.68,22.68,1,1.0
2026-09-12 03:00,22.51,22.51,22.51,1,1.0
2026-09-12 04:00,22.24,22.24,22.24,1,1.0
2026-09-12 05:00,21.83,21.83,21.83,1,1.0
2026-09-12 06:00,21.71,21.71,21.71,1,1.0
2026-09-12 07:00,21.71,21.71,21.71,1,1.0
2026-09-12 08:00,23.39,23.39,23.39,1,1.0
2026-09-12 09:00,24.73,24.73,24.73,1,1.0
2026-09-12 10:00,25.71,25.71,25.71,1,1.0
2026-09-12 11:00,26.63,26.63,26.63,1,1.0
2026-09-12 12:00,26.86,26.86,26.86,1,1.0
2026-09-12 13:00,26.74,26.74,26.74,1,1.0
2026-09-12 14:00,26.43,26.43,26.43,1,1.0
2026-09-12 15:00,25.57,25.57,25.57,1,1.0
2026-09-12 16:00,25.05,25.05,25.05,1,1.0
2026-09-12 17:00,24.31,24.31,24.31,1,1.0
2026-09-12 18:00,24.28,24.28,24.28,1,1.0
2026-09-12 19:00,23.91,23.91,23.91,1,1.0
2026-09-12 20:00,23.63,23.63,23.63,1,1.0
2026-09-12 21:00,22.48,22.48,22.48,1,1.0
2026-09-12 22:00,22.12,22.12,22.12,1,1.0
2026-09-12 23:00,21.35,21.35,21.35,1,1.0
2026-09-13 00:00,21.16,21.16,21.16,1,1.0
2026-09-13 01:00,21.29,21.29,21.29,1,1.0
2026-09-13 02:00,21.49,21.49,21.49,1,1.0
2026-09-13 03:00,21.34,21.34,21.34,1,1.0
2026-09-13 04:00,21.11,21.11,21.11,1,1.0
2026-09-13 05:00,20.87,20.87,20.87,1,1.0
2026-09-13 06:00,20.62,20.62,20.62,1,1.0
2026-09-13 07:00,21.17,21.17,21.17,1,1.0
2026-09-13 08:00,22.46,22.46,22.46,1,1.0
2026-09-13 09:00,23.68,23.68,23.68,1,1.0
2026-09-13 10:00,24.94,24.94,24.94,1,1.0
2026-09-13 11:00,26.1,26.1,26.1,1,1.0
2026-09-13 12:00,27.01,27.01,27.01,1,1.0
2026-09-13 13:00,27.65,27.65,27.65,1,1.0
2026-09-13 14:00,28.02,28.02,28.02,1,1.0
2026-09-13 15:00,28.02,28.02,28.02,1,1.0
2026-09-13 16:00,27.6,27.6,27.6,1,1.0
2026-09-13 17:00,26.83,26.83,26.83,1,1.0
2026-09-13 18:00,25.87,25.87,25.87,1,1.0
2026-09-13 19:00,24.89,24.89,24.89,1,1.0
2026-09-13 20:00,23.85,23.85,23.85,1,1.0
2026-09-13 21:00,23.09,23.09,23.09,1,1.0
2026-09-13 22:00,22.43,22.43,22.43,1,1.0
2026-09-13 23:00,21.85,21.85,21.85,1,1.0
2026-09-14 00:00,21.35,21.35,21.35,1,1.0
2026-09-14 01:00,20.95,20.95,20.95,1,1.0
2026-09-14 02:00,20.59,20.59,20.59,1,1.0
2026-09-14 03:00,20.3,20.3,20.3,1,1.0
2026-09-14 04:00,20.02,20.02,20.02,1,1.0
2026-09-14 05:00,19.84,19.84,19.84,1,1.0
2026-09-14 06:00,19.71,19.71,19.71,1,1.0
2026-09-14 07:00,20.49,20.49,20.49,1,1.0
2026-09-14 08:00,22.49,22.49,22.49,1,1.0
2026-09-14 09:00,24.12,24.12,24.12,1,1.0
2026-09-14 10:00,25.47,25.47,25.47,1,1.0
2026-09-14 11:00,26.45,26.45,26.45,1,1.0
2026-09-14 12:00,26.98,26.98,26.98,1,1.0
2026-09-14 13:00,27.41,27.41,27.41,1,1.0
2026-09-14 14:00,27.56,27.56,27.56,1,1.0
2026-09-14 15:00,27.39,27.39,27.39,1,1.0
2026-09-14 16:00,27.01,27.01,27.01,1,1.0
2026-09-14 17:00,26.44,26.44,26.44,1,1.0
2026-09-14 18:00,25.81,25.81,25.81,1,1.0
2026-09-14 19:00,25.0,25.0,25.0,1,1.0
2026-09-14 20:00,25.1,25.1,25.1,1,1.0
2026-09-14 21:00,24.27,24.27,24.27,1,1.0
2026-09-14 22:00,23.51,23.51,23.51,1,1.0
2026-09-14 23:00,22.96,22.96,22.96,1,1.0
2026-09-15 00:00,22.34,22.34,22.34,1,1.0
2026-09-15 01:00,21.92,21.92,21.92,1,1.0
2026-09-15 02:00,21.53,21.53,21.53,1,1.0
2026-09-15 03:00,21.2,21.2,21.2,1,1.0
2026-09-15 04:00,20.99,20.99,20.99,1,1.0
2026-09-15 05:00,20.81,20.81,20.81,1,1.0
2026-09-15 06:00,20.72,20.72,20.72,1,1.0
2026-09-15 07:00,21.25,21.25,21.25,1,1.0
2026-09-15 08:00,23.13,23.13,23.13,1,1.0
2026-09-15 09:00,24.49,24.49,24.49,1,1.0
2026-09-15 10:00,25.85,25.85,25.85,1,1.0
2026-09-15 11:00,26.91,26.91,26.91,1,1.0
2026-09-15 12:00,27.64,27.64,27.64,1,1.0
2026-09-15 13:00,27.91,27.91,27.91,1,1.0
2026-09-15 14:00,27.92,27.92,27.92,1,1.0
2026-09-15 15:00,27.74,27.74,27.74,1,1.0
2026-09-15 16:00,27.2,27.2,27.2,1,1.0
2026-09-15 17:00,26.52,26.52,26.52,1,1.0
2026-09-15 18:00,25.66,25.66,25.66,1,1.0
2026-09-15 19:00,24.67,24.67,24.67,1,1.0
2026-09-15 20:00,24.19,24.19,24.19,1,1.0
2026-09-15 21:00,23.39,23.39,23.39,1,1.0
2026-09-15 22:00,22.62,22.62,22.62,1,1.0
2026-09-15 23:00,21.93,21.93,21.93,1,1.0
2026-09-16 00:00,21.36,21.36,21.36,1,1.0
2026-09-16 01:00,20.86,20.86,20.86,1,1.0
2026-09-16 02:00,20.45,20.45,20.45,1,1.0
2026-09-16 03:00,20.11,20.11,20.11,1,1.0
2026-09-16 04:00,19.83,19.83,19.83,1,1.0
2026-09-16 05:00,19.62,19.62,19.62,1,1.0
2026-09-16 06:00,19.44,19.44,19.44,1,1.0
2026-09-16 07:00,20.19,20.19,20.19,1,1.0
2026-09-16 08:00,22.54,22.54,22.54,1,1.0
2026-09-16 09:00,24.35,24.35,24.35,1,1.0
2026-09-16 10:00,25.54,25.54,25.54,1,1.0
2026-09-16 11:00,26.31,26.31,26.31,1,1.0
2026-09-16 12:00,26.78,26.78,26.78,1,1.0
2026-09-16 13:00,27.04,27.04,27.04,1,1.0
2026-09-16 14:00,27.05,27.05,27.05,1,1.0
2026-09-16 15:00,26.77,26.77,26.77,1,1.0
2026-09-16 16:00,26.27,26.27,26.27,1,1.0
2026-09-16 17:00,25.5,25.5,25.5,1,1.0
2026-09-16 18:00,24.56,24.56,24.56,1,1.0
2026-09-16 19:00,23.82,23.82,23.82,1,1.0
2026-09-16 20:00,23.0,23.0,23.0,1,1.0
2026-09-16 21:00,23.06,23.06,23.06,1,1.0
2026-09-16 22:00,23.05,23.05,23.05,1,1.0
2026-09-16 23:00,22.08,22.08,22.08,1,1.0
2026-09-17 00:00,20.99,20.99,20.99,1,1.0
2026-09-17 01:00,20.28,20.28,20.28,1,1.0
2026-09-17 02:00,19.76,19.76,19.76,1,1.0
2026-09-17 03:00,19.57,19.57,19.57,1,1.0
2026-09-17 04:00,19.72,19.72,19.72,1,1.0
2026-09-17 05:00,19.61,19.61,19.61,1,1.0
2026-09-17 06:00,19.88,19.88,19.88,1,1.0
2026-09-17 07:00,20.95,20.95,20.95,1,1.0
2026-09-17 08:00,23.01,23.01,23.01,1,1.0
2026-09-17 09:00,24.0,24.0,24.0,1,1.0
2026-09-17 10:00,24.96,24.96,24.96,1,1.0
2026-09-17 11:00,25.45,25.45,25.45,1,1.0
2026-09-17 12:00,25.79,25.79,25.79,1,1.0
2026-09-17 13:00,25.81,25.81,25.81,1,1.0
2026-09-17 14:00,25.7,25.7,25.7,1,1.0
2026-09-17 15:00,25.37,25.37,25.37,1,1.0
2026-09-17 16:00,24.97,24.97,24.97,1,1.0
2026-09-17 17:00,24.42,24.42,24.42,1,1.0
2026-09-17 18:00,23.81,23.81,23.81,1,1.0
2026-09-17 19:00,23.24,23.24,23.24,1,1.0
2026-09-17 20:00,22.39,22.39,22.39,1,1.0
2026-09-17 21:00,21.61,21.61,21.61,1,1.0
2026-09-17 22:00,21.02,21.02,21.02,1,1.0
2026-09-17 23:00,21.06,21.06,21.06,1,1.0
2026-09-18 00:00,20.91,20.91,20.91,1,1.0
2026-09-18 01:00,19.73,19.73,19.73,1,1.0
2026-09-18 02:00,19.35,19.35,19.35,1,1.0
2026-09-18 03:00,19.75,19.75,19.75,1,1.0
2026-09-18 04:00,19.47,19.47,19.47,1,1.0
2026-09-18 05:00,19.08,19.08,19.08,1,1.0
2026-09-18 06:00,19.17,19.17,19.17,1,1.0
2026-09-18 07:00,19.89,19.89,19.89,1,1.0
2026-09-18 08:00,22.56,22.56,22.56,1,1.0
2026-09-18 09:00,23.71,23.71,23.71,1,1.0
2026-09-18 10:00,24.7,24.7,24.7,1,1.0
2026-09-18 11:00,24.52,24.52,24.52,1,1.0
2026-09-18 12:00,23.49,23.49,23.49,1,1.0
2026-09-18 13:00,23.8,23.8,23.8,1,1.0
2026-09-18 14:00,24.38,24.38,24.38,1,1.0
2026-09-18 15:00,24.49,24.49,24.49,1,1.0
2026-09-18 16:00,24.16,24.16,24.16,1,1.0
2026-09-18 17:00,23.22,23.22,23.22,1,1.0
2026-09-18 18:00,22.6,22.6,22.6,1,1.0
2026-09-18 19:00,22.2,22.2,22.2,1,1.0
2026-09-18 20:00,23.11,23.11,23.11,1,1.0
2026-09-18 21:00,22.87,22.87,22.87,1,1.0
2026-09-18 22:00,22.01,22.01,22.01,1,1.0
2026-09-18 23:00,20.78,20.78,20.78,1,1.0
2026-09-19 00:00,19.95,19.95,19.95,1,1.0
2026-09-19 01:00,19.92,19.92,19.92,1,1.0
2026-09-19 02:00,20.35,20.35,20.35,1,1.0
2026-09-19 03:00,20.96,20.96,20.96,1,1.0
2026-09-19 04:00,19.88,19.88,19.88,1,1.0
2026-09-19 05:00,19.14,19.14,19.14,1,1.0
2026-09-19 06:00,19.02,19.02,19.02,1,1.0
2026-09-19 07:00,20.02,20.02,20.02,1,1.0
2026-09-19 08:00,22.97,22.97,22.97,1,1.0
2026-09-19 09:00,24.45,24.45,24.45,1,1.0
2026-09-19 10:00,25.98,25.98,25.98,1,1.0
2026-09-19 11:00,26.9,26.9,26.9,1,1.0
2026-09-19 12:00,26.45,26.45,26.45,1,1.0
2026-09-19 13:00,24.85,24.85,24.85,1,1.0
2026-09-19 14:00,24.71,24.71,24.71,1,1.0
2026-09-19 15:00,24.8,24.8,24.8,1,1.0
2026-09-19 16:00,24.93,24.93,24.93,1,1.0
2026-09-19 17:00,24.86,24.86,24.86,1,1.0
2026-09-19 18:00,24.52,24.52,24.52,1,1.0
2026-09-19 19:00,23.65,23.65,23.65,1,1.0
2026-09-19 20:00,22.77,22.77,22.77,1,1.0
2026-09-19 21:00,21.85,21.85,21.85,1,1.0
2026-09-19 22:00,22.02,22.02,22.02,1,1.0
2026-09-19 23:00,22.08,22.08,22.08,1,1.0
2026-09-20 00:00,21.96,21.96,21.96,1,1.0
2026-09-20 01:00,21.89,21.89,21.89,1,1.0
2026-09-20 02:00,21.69,21.69,21.69,1,1.0
2026-09-20 03:00,20.9,20.9,20.9,1,1.0
2026-09-20 04:00,19.57,19.57,19.57,1,1.0
2026-09-20 05:00,19.05,19.05,19.05,1,1.0
2026-09-20 06:00,18.79,18.79,18.79,1,1.0
2026-09-20 07:00,20.39,20.39,20.39,1,1.0
2026-09-20 08:00,22.25,22.25,22.25,1,1.0
2026-09-20 09:00,23.55,23.55,23.55,1,1.0
2026-09-20 10:00,24.92,24.92,24.92,1,1.0
2026-09-20 11:00,25.93,25.93,25.93,1,1.0
2026-09-20 12:00,26.32,26.32,26.32,1,1.0
2026-09-20 13:00,26.44,26.44,26.44,1,1.0
2026-09-20 14:00,26.39,26.39,26.39,1,1.0
2026-09-20 15:00,26.16,26.16,26.16,1,1.0
2026-09-20 16:00,26.0,26.0,26.0,1,1.0
2026-09-20 17:00,25.61,25.61,25.61,1,1.0
2026-09-20 18:00,25.08,25.08,25.08,1,1.0
2026-09-20 19:00,24.5,24.5,24.5,1,1.0
2026-09-20 20:00,23.63,23.63,23.63,1,1.0
2026-09-20 21:00,22.96,22.96,22.96,1,1.0
2026-09-20 22:00,22.87,22.87,22.87,1,1.0
2026-09-20 23:00,23.36,23.36,23.36,1,1.0
2026-09-21 00:00,23.09,23.09,23.09,1,1.0
2026-09-21 01:00,22.85,22.85,22.85,1,1.0
2026-09-21 02:00,22.62,22.62,22.62,1,1.0
2026-09-21 03:00,22.38,22.38,22.38,1,1.0
2026-09-21 04:00,22.15,22.15,22.15,1,1.0
2026-09-21 05:00,21.98,21.98,21.98,1,1.0
2026-09-21 06:00,21.01,21.01,21.01,1,1.0
2026-09-21 07:00,20.57,20.57,20.57,1,1.0
2026-09-21 08:00,23.34,23.34,23.34,1,1.0
2026-09-21 09:00,24.63,24.63,24.63,1,1.0
2026-09-21 10:00,25.76,25.76,25.76,1,1.0
2026-09-21 11:00,26.57,26.57,26.57,1,1.0
2026-09-21 12:00,26.93,26.93,26.93,1,1.0
2026-09-21 13:00,27.19,27.19,27.19,1,1.0
2026-09-21 14:00,27.14,27.14,27.14,1,1.0
2026-09-21 15:00,26.73,26.73,26.73,1,1.0
2026-09-21 16:00,26.04,26.04,26.04,1,1.0
2026-09-21 17:00,25.53,25.53,25.53,1,1.0
2026-09-21 18:00,24.98,24.98,24.98,1,1.0
2026-09-21 19:00,24.48,24.48,24.48,1,1.0
2026-09-21 20:00,23.76,23.76,23.76,1,1.0
2026-09-21 21:00,23.02,23.02,23.02,1,1.0
2026-09-21 22:00,22.46,22.46,22.46,1,1.0
2026-09-21 23:00,22.06,22.06,22.06,1,1.0
2026-09-22 00:00,22.61,22.61,22.61,1,1.0
2026-09-22 01:00,21.9,21.9,21.9,1,1.0
2026-09-22 02:00,20.69,20.69,20.69,1,1.0
2026-09-22 03:00,20.12,20.12,20.12,1,1.0
2026-09-22 04:00,20.84,20.84,20.84,1,1.0
2026-09-22 05:00,21.27,21.27,21.27,1,1.0
2026-09-22 06:00,21.44,21.44,21.44,1,1.0
2026-09-22 07:00,21.61,21.61,21.61,1,1.0
2026-09-22 08:00,22.63,22.63,22.63,1,1.0
2026-09-22 09:00,23.21,23.21,23.21,1,1.0
2026-09-22 10:00,24.08,24.08,24.08,1,1.0
2026-09-22 11:00,24.75,24.75,24.75,1,1.0
2026-09-22 12:00,25.53,25.53,25.53,1,1.0
2026-09-22 13:00,26.19,26.19,26.19,1,1.0
2026-09-22 14:00,26.44,26.44,26.44,1,1.0
2026-09-22 15:00,26.13,26.13,26.13,1,1.0
2026-09-22 16:00,25.19,25.19,25.19,1,1.0
2026-09-22 17:00,23.98,23.98,23.98,1,1.0
2026-09-22 18:00,22.6,22.6,22.6,1,1.0
2026-09-22 19:00,21.36,21.36,21.36,1,1.0
2026-09-22 20:00,20.92,20.92,20.92,1,1.0
2026-09-22 21:00,20.01,20.01,20.01,1,1.0
2026-09-22 22:00,19.37,19.37,19.37,1,1.0
2026-09-22 23:00,19.06,19.06,19.06,1,1.0
2026-09-23 00:00,18.87,18.87,18.87,1,1.0
2026-09-23 01:00,18.68,18.68,18.68,1,1.0
2026-09-23 02:00,18.45,18.45,18.45,1,1.0
2026-09-23 03:00,18.1,18.1,18.1,1,1.0
2026-09-23 04:00,17.71,17.71,17.71,1,1.0
2026-09-23 05:00,17.3,17.3,17.3,1,1.0
2026-09-23 06:00,16.95,16.95,16.95,1,1.0
2026-09-23 07:00,17.15,17.15,17.15,1,1.0
2026-09-23 08:00,17.9,17.9,17.9,1,1.0
2026-09-23 09:00,19.14,19.14,19.14,1,1.0
2026-09-23 10:00,20.54,20.54,20.54,1,1.0
2026-09-23 11:00,21.71,21.71,21.71,1,1.0
2026-09-23 12:00,22.75,22.75,22.75,1,1.0
2026-09-23 13:00,23.4,23.4,23.4,1,1.0
2026-09-23 14:00,23.79,23.79,23.79,1,1.0
2026-09-23 15:00,23.93,23.93,23.93,1,1.0
2026-09-23 16:00,23.7,23.7,23.7,1,1.0
2026-09-23 17:00,23.12,23.12,23.12,1,1.0
2026-09-23 18:00,22.23,22.23,22.23,1,1.0
2026-09-23 19:00,21.23,21.23,21.23,1,1.0
2026-09-23 20:00,20.34,20.34,20.34,1,1.0
2026-09-23 21:00,19.55,19.55,19.55,1,1.0
2026-09-23 22:00,18.85,18.85,18.85,1,1.0
2026-09-23 23:00,18.26,18.26,18.26,1,1.0
2026-09-24 00:00,17.82,17.82,17.82,1,1.0
2026-09-24 01:00,17.42,17.42,17.42,1,1.0
2026-09-24 02:00,17.05,17.05,17.05,1,1.0
2026-09-24 03:00,16.74,16.74,16.74,1,1.0
2026-09-24 04:00,16.49,16.49,16.49,1,1.0
2026-09-24 05:00,16.26,16.26,16.26,1,1.0
2026-09-24 06:00,16.05,16.05,16.05,1,1.0
2026-09-24 07:00,16.62,16.62,16.62,1,1.0
2026-09-24 08:00,18.66,18.66,18.66,1,1.0
2026-09-24 09:00,20.67,20.67,20.67,1,1.0
2026-09-24 10:00,22.01,22.01,22.01,1,1.0
2026-09-24 11:00,23.07,23.07,23.07,1,1.0
2026-09-24 12:00,23.81,23.81,23.81,1,1.0
2026-09-24 13:00,24.04,24.04,24.04,1,1.0
2026-09-24 14:00,23.92,23.92,23.92,1,1.0
2026-09-24 15:00,23.46,23.46,23.46,1,1.0
2026-09-24 16:00,22.89,22.89,22.89,1,1.0
2026-09-24 17:00,22.08,22.08,22.08,1,1.0
2026-09-24 18:00,21.32,21.32,21.32,1,1.0
2026-09-24 19:00,20.75,20.75,20.75,1,1.0
2026-09-24 20:00,20.15,20.15,20.15,1,1.0
2026-09-24 21:00,19.17,19.17,19.17,1,1.0
2026-09-24 22:00,18.57,18.57,18.57,1,1.0
2026-09-24 23:00,18.17,18.17,18.17,1,1.0
2026-09-25 00:00,17.91,17.91,17.91,1,1.0
2026-09-25 01:00,18.15,18.15,18.15,1,1.0
2026-09-25 02:00,18.54,18.54,18.54,1,1.0
2026-09-25 04:00,17.66,17.66,17.66,1,1.0
2026-09-25 05:00,17.44,17.44,17.44,1,1.0
2026-09-25 06:00,17.42,17.42,17.42,1,1.0
2026-09-25 07:00,17.34,17.34,17.34,1,1.0
2026-09-25 08:00,17.5,17.5,17.5,1,1.0
2026-09-25 09:00,17.62,17.62,17.62,1,1.0
2026-09-25 10:00,18.49,18.49,18.49,1,1.0
2026-09-25 11:00,20.02,20.02,20.02,1,1.0
2026-09-25 12:00,21.3,21.3,21.3,1,1.0
2026-09-25 13:00,22.52,22.52,22.52,1,1.0
2026-09-25 15:00,23.02,23.02,23.02,1,1.0
2026-09-25 16:00,22.45,22.45,22.45,1,1.0
2026-09-25 17:00,21.35,21.35,21.35,1,1.0
2026-09-25 18:00,19.86,19.86,19.86,1,1.0
2026-09-25 19:00,18.47,18.47,18.47,1,1.0
2026-09-25 20:00,18.55,18.55,18.55,1,1.0
2026-09-25 21:00,17.95,17.95,17.95,1,1.0
2026-09-25 22:00,17.43,17.43,17.43,1,1.0
2026-09-25 23:00,17.04,17.04,17.04,1,1.0
2026-09-26 00:00,16.79,16.79,16.79,1,1.0
2026-09-26 02:00,16.38,16.38,16.38,1,1.0
2026-09-26 03:00,16.21,16.21,16.21,1,1.0
2026-09-26 06:00,15.83,15.83,15.83,1,1.0
2026-09-26 07:00,16.22,16.22,16.22,1,1.0
2026-09-26 08:00,17.53,17.53,17.53,1,1.0
2026-09-26 11:00,21.4,21.4,21.4,1,1.0
2026-09-26 14:00,22.76,22.76,22.76,1,1.0
2026-09-26 15:00,22.39,22.39,22.39,1,1.0
2026-09-26 16:00,21.82,21.82,21.82,1,1.0
2026-09-26 17:00,21.05,21.05,21.05,1,1.0
2026-09-26 20:00,18.34,18.34,18.34,1,1.0
2026-09-26 21:00,17.77,17.77,17.77,1,1.0
2026-09-26 22:00,17.27,17.27,17.27,1,1.0
2026-09-26 23:00,16.83,16.83,16.83,1,1.0
2026-09-27 00:00,16.46,16.46,16.46,1,1.0
2026-09-27 10:00,21.29,21.29,21.29,1,1.0
2026-09-27 13:00,24.27,24.27,24.27,1,1.0
2026-09-27 15:00,24.61,24.61,24.61,1,1.0
2026-09-27 18:00,22.39,22.39,22.39,1,1.0
2026-09-28 00:00,17.98,17.98,17.98,1,1.0
