time,value,max,n,coverage
2024-01-01 00:00,0.373,0.373,1,1.0
2024-01-01 01:00,0.649,0.649,1,1.0
2024-01-01 02:00,0.55,0.55,1,1.0
2024-01-01 03:00,0.538,0.538,1,1.0
2024-01-01 04:00,0.431,0.431,1,1.0
2024-01-01 05:00,0.793,0.793,1,1.0
2024-01-01 06:00,0.687,0.687,1,1.0
2024-01-01 07:00,0.307,0.307,1,1.0
2024-01-01 08:00,0.158,0.158,1,1.0
2024-01-01 09:00,0.173,0.173,1,1.0
2024-01-01 10:00,0.272,0.272,1,1.0
2024-01-01 11:00,0.271,0.271,1,1.0
2024-01-01 12:00,0.28,0.28,1,1.0
2024-01-01 13:00,0.82,0.82,1,1.0
2024-01-01 14:00,0.665,0.665,1,1.0
2024-01-01 15:00,0.281,0.281,1,1.0
2024-01-01 16:00,0.188,0.188,1,1.0
2024-01-01 17:00,0.153,0.153,1,1.0
2024-01-01 18:00,0.101,0.101,1,1.0
2024-01-01 19:00,0.053,0.053,1,1.0
2024-01-01 20:00,0.075,0.075,1,1.0
2024-01-01 21:00,0.172,0.172,1,1.0
2024-01-01 22:00,0.296,0.296,1,1.0
2024-01-01 23:00,0.287,0.287,1,1.0
2024-01-02 00:00,0.138,0.138,1,1.0
2024-01-02 01:00,0.297,0.297,1,1.0
2024-01-02 02:00,0.053,0.053,1,1.0
2024-01-02 03:00,0.013,0.013,1,1.0
2024-01-02 04:00,0.013,0.013,1,1.0
2024-01-02 05:00,0.016,0.016,1,1.0
2024-01-02 06:00,0.02,0.02,1,1.0
2024-01-02 07:00,0.01,0.01,1,1.0
2024-01-02 08:00,0.008,0.008,1,1.0
2024-01-02 09:00,0.004,0.004,1,1.0
2024-01-02 10:00,0.023,0.023,1,1.0
2024-01-02 11:00,0.028,0.028,1,1.0
2024-01-02 12:00,0.01,0.01,1,1.0
2024-01-02 13:00,0.006,0.006,1,1.0
2024-01-02 14:00,0.0,0.0,1,1.0
2024-01-02 15:00,0.005,0.005,1,1.0
2024-01-02 16:00,0.007,0.007,1,1.0
2024-01-02 17:00,0.03,0.03,1,1.0
2024-01-02 18:00,0.078,0.078,1,1.0
2024-01-02 19:00,0.069,0.069,1,1.0
2024-01-02 20:00,0.08,0.08,1,1.0
2024-01-02 21:00,0.152,0.152,1,1.0
2024-01-02 22:00,0.085,0.085,1,1.0
2024-01-02 23:00,0.149,0.149,1,1.0
2024-01-03 00:00,0.235,0.235,1,1.0
2024-01-03 01:00,0.237,0.237,1,1.0
2024-01-03 02:00,0.098,0.098,1,1.0
2024-01-03 03:00,0.038,0.038,1,1.0
2024-01-03 04:00,0.041,0.041,1,1.0
2024-01-03 05:00,0.039,0.039,1,1.0
2024-01-03 06:00,0.012,0.012,1,1.0
2024-01-03 07:00,0.117,0.117,1,1.0
2024-01-03 08:00,0.092,0.092,1,1.0
2024-01-03 09:00,0.065,0.065,1,1.0
2024-01-03 10:00,0.139,0.139,1,1.0
2024-01-03 11:00,0.114,0.114,1,1.0
2024-01-03 12:00,0.089,0.089,1,1.0
2024-01-03 13:00,0.059,0.059,1,1.0
2024-01-03 14:00,0.108,0.108,1,1.0
2024-01-03 15:00,0.071,0.071,1,1.0
2024-01-03 16:00,0.066,0.066,1,1.0
2024-01-03 17:00,0.075,0.075,1,1.0
2024-01-03 18:00,0.097,0.097,1,1.0
2024-01-03 19:00,0.117,0.117,1,1.0
2024-01-03 20:00,0.112,0.112,1,1.0
2024-01-03 21:00,0.157,0.157,1,1.0
2024-01-03 22:00,0.129,0.129,1,1.0
2024-01-03 23:00,0.086,0.086,1,1.0
2024-01-04 00:00,0.067,0.067,1,1.0
2024-01-04 01:00,0.036,0.036,1,1.0
2024-01-04 02:00,0.081,0.081,1,1.0
2024-01-04 03:00,0.101,0.101,1,1.0
2024-01-04 04:00,0.14,0.14,1,1.0
2024-01-04 05:00,0.152,0.152,1,1.0
2024-01-04 06:00,0.143,0.143,1,1.0
2024-01-04 07:00,0.18,0.18,1,1.0
2024-01-04 08:00,0.237,0.237,1,1.0
2024-01-04 09:00,0.348,0.348,1,1.0
2024-01-04 10:00,0.288,0.288,1,1.0
2024-01-04 11:00,0.15,0.15,1,1.0
2024-01-04 12:00,0.075,0.075,1,1.0
2024-01-04 13:00,0.023,0.023,1,1.0
2024-01-04 14:00,0.01,0.01,1,1.0
2024-01-04 15:00,0.002,0.002,1,1.0
2024-01-04 16:00,0.004,0.004,1,1.0
2024-01-04 17:00,0.006,0.006,1,1.0
2024-01-04 18:00,0.007,0.007,1,1.0
2024-01-04 19:00,0.017,0.017,1,1.0
2024-01-04 20:00,0.02,0.02,1,1.0
2024-01-04 21:00,0.018,0.018,1,1.0
2024-01-04 22:00,0.019,0.019,1,1.0
2024-01-04 23:00,0.016,0.016,1,1.0
2024-01-05 00:00,0.013,0.013,1,1.0
2024-01-05 01:00,0.024,0.024,1,1.0
2024-01-05 02:00,0.025,0.025,1,1.0
2024-01-05 03:00,0.017,0.017,1,1.0
2024-01-05 04:00,0.024,0.024,1,1.0
2024-01-05 05:00,0.027,0.027,1,1.0
2024-01-05 06:00,0.034,0.034,1,1.0
2024-01-05 07:00,0.061,0.061,1,1.0
2024-01-05 08:00,0.055,0.055,1,1.0
2024-01-05 09:00,0.038,0.038,1,1.0
2024-01-05 10:00,0.13,0.13,1,1.0
2024-01-05 11:00,0.03,0.03,1,1.0
2024-01-05 12:00,0.006,0.006,1,1.0
2024-01-05 13:00,0.0,0.0,1,1.0
2024-01-05 14:00,0.0,0.0,1,1.0
2024-01-05 15:00,0.0,0.0,1,1.0
2024-01-05 16:00,0.0,0.0,1,1.0
2024-01-05 17:00,0.0,0.0,1,1.0
2024-01-05 18:00,0.0,0.0,1,1.0
2024-01-05 19:00,0.0,0.0,1,1.0
2024-01-05 20:00,0.0,0.0,1,1.0
2024-01-05 21:00,0.0,0.0,1,1.0
2024-01-05 22:00,0.0,0.0,1,1.0
2024-01-05 23:00,0.0,0.0,1,1.0
2024-01-06 00:00,0.0,0.0,1,1.0
2024-01-06 01:00,0.0,0.0,1,1.0
2024-01-06 02:00,0.0,0.0,1,1.0
2024-01-06 03:00,0.0,0.0,1,1.0
2024-01-06 04:00,0.011,0.011,1,1.0
2024-01-06 05:00,0.057,0.057,1,1.0
2024-01-06 06:00,0.029,0.029,1,1.0
2024-01-06 07:00,0.176,0.176,1,1.0
2024-01-06 08:00,0.129,0.129,1,1.0
2024-01-06 09:00,0.1,0.1,1,1.0
2024-01-06 10:00,0.07,0.07,1,1.0
2024-01-06 11:00,0.003,0.003,1,1.0
2024-01-06 12:00,0.542,0.542,1,1.0
2024-01-06 13:00,0.86,0.86,1,1.0
2024-01-06 14:00,0.941,0.941,1,1.0
2024-01-06 15:00,1.305,1.305,1,1.0
2024-01-06 16:00,1.591,1.591,1,1.0
2024-01-06 17:00,1.196,1.196,1,1.0
2024-01-06 18:00,0.578,0.578,1,1.0
2024-01-06 19:00,1.631,1.631,1,1.0
2024-01-06 20:00,1.41,1.41,1,1.0
2024-01-06 21:00,1.024,1.024,1,1.0
2024-01-06 22:00,0.74,0.74,1,1.0
2024-01-06 23:00,0.602,0.602,1,1.0
2024-01-07 00:00,0.737,0.737,1,1.0
2024-01-07 01:00,0.783,0.783,1,1.0
2024-01-07 02:00,0.731,0.731,1,1.0
2024-01-07 03:00,0.551,0.551,1,1.0
2024-01-07 04:00,0.48,0.48,1,1.0
2024-01-07 05:00,0.812,0.812,1,1.0
2024-01-07 06:00,1.049,1.049,1,1.0
2024-01-07 07:00,0.598,0.598,1,1.0
2024-01-07 08:00,0.779,0.779,1,1.0
2024-01-07 09:00,1.098,1.098,1,1.0
2024-01-07 10:00,2.182,2.182,1,1.0
2024-01-07 11:00,2.658,2.658,1,1.0
2024-01-07 12:00,2.92,2.92,1,1.0
2024-01-07 13:00,2.705,2.705,1,1.0
2024-01-07 14:00,2.274,2.274,1,1.0
2024-01-07 15:00,1.865,1.865,1,1.0
2024-01-07 16:00,1.324,1.324,1,1.0
2024-01-07 17:00,0.997,0.997,1,1.0
2024-01-07 18:00,0.861,0.861,1,1.0
2024-01-07 19:00,1.325,1.325,1,1.0
2024-01-07 20:00,1.147,1.147,1,1.0
2024-01-07 21:00,1.211,1.211,1,1.0
2024-01-07 22:00,1.474,1.474,1,1.0
2024-01-07 23:00,1.779,1.779,1,1.0
2024-01-08 00:00,1.455,1.455,1,1.0
2024-01-08 01:00,1.577,1.577,1,1.0
2024-01-08 02:00,1.628,1.628,1,1.0
2024-01-08 03:00,1.667,1.667,1,1.0
2024-01-08 04:00,1.806,1.806,1,1.0
2024-01-08 05:00,1.954,1.954,1,1.0
2024-01-08 06:00,1.977,1.977,1,1.0
2024-01-08 07:00,2.426,2.426,1,1.0
2024-01-08 08:00,1.577,1.577,1,1.0
2024-01-08 09:00,0.826,0.826,1,1.0
2024-01-08 10:00,0.357,0.357,1,1.0
2024-01-08 11:00,0.344,0.344,1,1.0
2024-01-08 12:00,0.247,0.247,1,1.0
2024-01-08 13:00,0.082,0.082,1,1.0
2024-01-08 14:00,0.185,0.185,1,1.0
2024-01-08 15:00,0.008,0.008,1,1.0
2024-01-08 16:00,0.016,0.016,1,1.0
2024-01-08 17:00,0.03,0.03,1,1.0
2024-01-08 18:00,0.038,0.038,1,1.0
2024-01-08 19:00,0.053,0.053,1,1.0
2024-01-08 20:00,0.056,0.056,1,1.0
2024-01-08 21:00,0.044,0.044,1,1.0
2024-01-08 22:00,0.034,0.034,1,1.0
2024-01-08 23:00,0.029,0.029,1,1.0
2024-01-09 00:00,0.029,0.029,1,1.0
2024-01-09 01:00,0.025,0.025,1,1.0
2024-01-09 02:00,0.032,0.032,1,1.0
2024-01-09 03:00,0.031,0.031,1,1.0
2024-01-09 04:00,0.025,0.025,1,1.0
2024-01-09 05:00,0.019,0.019,1,1.0
2024-01-09 06:00,0.013,0.013,1,1.0
2024-01-09 07:00,0.002,0.002,1,1.0
2024-01-09 08:00,0.0,0.0,1,1.0
2024-01-09 09:00,0.0,0.0,1,1.0
2024-01-09 10:00,0.0,0.0,1,1.0
2024-01-09 11:00,0.0,0.0,1,1.0
2024-01-09 12:00,0.0,0.0,1,1.0
2024-01-09 13:00,0.0,0.0,1,1.0
2024-01-09 14:00,0.0,0.0,1,1.0
2024-01-09 15:00,0.0,0.0,1,1.0
2024-01-09 16:00,0.0,0.0,1,1.0
2024-01-09 17:00,0.0,0.0,1,1.0
2024-01-09 18:00,0.001,0.001,1,1.0
2024-01-09 19:00,0.0,0.0,1,1.0
2024-01-09 20:00,0.0,0.0,1,1.0
2024-01-09 21:00,0.0,0.0,1,1.0
2024-01-09 22:00,0.0,0.0,1,1.0
2024-01-09 23:00,0.0,0.0,1,1.0
2024-01-10 00:00,0.0,0.0,1,1.0
2024-01-10 01:00,0.0,0.0,1,1.0
2024-01-10 02:00,0.0,0.0,1,1.0
2024-01-10 03:00,0.0,0.0,1,1.0
2024-01-10 04:00,0.0,0.0,1,1.0
2024-01-10 05:00,0.0,0.0,1,1.0
2024-01-10 06:00,0.0,0.0,1,1.0
2024-01-10 07:00,0.0,0.0,1,1.0
2024-01-10 08:00,0.0,0.0,1,1.0
2024-01-10 09:00,0.0,0.0,1,1.0
2024-01-10 10:00,0.0,0.0,1,1.0
2024-01-10 11:00,0.0,0.0,1,1.0
2024-01-10 12:00,0.0,0.0,1,1.0
2024-01-10 13:00,0.0,0.0,1,1.0
2024-01-10 14:00,0.0,0.0,1,1.0
2024-01-10 15:00,0.0,0.0,1,1.0
2024-01-10 16:00,0.0,0.0,1,1.0
2024-01-10 17:00,0.0,0.0,1,1.0
2024-01-10 18:00,0.001,0.001,1,1.0
2024-01-10 19:00,0.0,0.0,1,1.0
2024-01-10 20:00,0.0,0.0,1,1.0
2024-01-10 21:00,0.0,0.0,1,1.0
2024-01-10 22:00,0.0,0.0,1,1.0
2024-01-10 23:00,0.002,0.002,1,1.0
2024-01-11 00:00,0.011,0.011,1,1.0
2024-01-11 01:00,0.036,0.036,1,1.0
2024-01-11 02:00,0.072,0.072,1,1.0
2024-01-11 03:00,0.106,0.106,1,1.0
2024-01-11 04:00,0.112,0.112,1,1.0
2024-01-11 05:00,0.173,0.173,1,1.0
2024-01-11 06:00,0.328,0.328,1,1.0
2024-01-11 07:00,0.065,0.065,1,1.0
2024-01-11 08:00,0.013,0.013,1,1.0
2024-01-11 09:00,0.001,0.001,1,1.0
2024-01-11 10:00,0.002,0.002,1,1.0
2024-01-11 11:00,0.004,0.004,1,1.0
2024-01-11 12:00,0.004,0.004,1,1.0
2024-01-11 13:00,0.01,0.01,1,1.0
2024-01-11 14:00,0.019,0.019,1,1.0
2024-01-11 15:00,0.047,0.047,1,1.0
2024-01-11 16:00,0.034,0.034,1,1.0
2024-01-11 17:00,0.01,0.01,1,1.0
2024-01-11 18:00,0.003,0.003,1,1.0
2024-01-11 19:00,0.003,0.003,1,1.0
2024-01-11 20:00,0.001,0.001,1,1.0
2024-01-11 21:00,0.001,0.001,1,1.0
2024-01-11 22:00,0.001,0.001,1,1.0
2024-01-11 23:00,0.002,0.002,1,1.0
2024-01-12 00:00,0.002,0.002,1,1.0
2024-01-12 01:00,0.001,0.001,1,1.0
2024-01-12 02:00,0.001,0.001,1,1.0
2024-01-12 03:00,0.001,0.001,1,1.0
2024-01-12 04:00,0.001,0.001,1,1.0
2024-01-12 05:00,0.001,0.001,1,1.0
2024-01-12 06:00,0.0,0.0,1,1.0
2024-01-12 07:00,0.001,0.001,1,1.0
2024-01-12 08:00,0.001,0.001,1,1.0
2024-01-12 09:00,0.002,0.002,1,1.0
2024-01-12 10:00,0.0,0.0,1,1.0
2024-01-12 11:00,0.0,0.0,1,1.0
2024-01-12 12:00,0.0,0.0,1,1.0
2024-01-12 13:00,0.0,0.0,1,1.0
2024-01-12 14:00,0.0,0.0,1,1.0
2024-01-12 15:00,0.0,0.0,1,1.0
2024-01-12 16:00,0.0,0.0,1,1.0
2024-01-12 17:00,0.0,0.0,1,1.0
2024-01-12 18:00,0.0,0.0,1,1.0
2024-01-12 19:00,0.0,0.0,1,1.0
2024-01-12 20:00,0.0,0.0,1,1.0
2024-01-12 21:00,0.0,0.0,1,1.0
2024-01-12 22:00,0.0,0.0,1,1.0
2024-01-12 23:00,0.0,0.0,1,1.0
2024-01-13 00:00,0.0,0.0,1,1.0
2024-01-13 01:00,0.0,0.0,1,1.0
2024-01-13 02:00,0.0,0.0,1,1.0
2024-01-13 03:00,0.0,0.0,1,1.0
2024-01-13 04:00,0.0,0.0,1,1.0
2024-01-13 05:00,0.0,0.0,1,1.0
2024-01-13 06:00,0.0,0.0,1,1.0
2024-01-13 07:00,0.0,0.0,1,1.0
2024-01-13 08:00,0.0,0.0,1,1.0
2024-01-13 09:00,0.0,0.0,1,1.0
2024-01-13 10:00,0.0,0.0,1,1.0
2024-01-13 11:00,0.0,0.0,1,1.0
2024-01-13 12:00,0.0,0.0,1,1.0
2024-01-13 13:00,0.0,0.0,1,1.0
2024-01-13 14:00,0.0,0.0,1,1.0
2024-01-13 15:00,0.0,0.0,1,1.0
2024-01-13 16:00,0.0,0.0,1,1.0
2024-01-13 17:00,0.0,0.0,1,1.0
2024-01-13 18:00,0.0,0.0,1,1.0
2024-01-13 19:00,0.0,0.0,1,1.0
2024-01-13 20:00,0.0,0.0,1,1.0
2024-01-13 21:00,0.0,0.0,1,1.0
2024-01-13 22:00,0.0,0.0,1,1.0
2024-01-13 23:00,0.0,0.0,1,1.0
2024-01-14 00:00,0.0,0.0,1,1.0
2024-01-14 01:00,0.0,0.0,1,1.0
2024-01-14 02:00,0.0,0.0,1,1.0
2024-01-14 03:00,0.0,0.0,1,1.0
2024-01-14 04:00,0.001,0.001,1,1.0
2024-01-14 05:00,0.017,0.017,1,1.0
2024-01-14 06:00,0.092,0.092,1,1.0
2024-01-14 07:00,0.393,0.393,1,1.0
2024-01-14 08:00,0.33,0.33,1,1.0
2024-01-14 09:00,0.353,0.353,1,1.0
2024-01-14 10:00,0.26,0.26,1,1.0
2024-01-14 11:00,0.467,0.467,1,1.0
2024-01-14 12:00,0.267,0.267,1,1.0
2024-01-14 13:00,0.318,0.318,1,1.0
2024-01-14 14:00,0.488,0.488,1,1.0
2024-01-14 15:00,0.29,0.29,1,1.0
2024-01-14 16:00,0.226,0.226,1,1.0
2024-01-14 17:00,0.189,0.189,1,1.0
2024-01-14 18:00,0.128,0.128,1,1.0
2024-01-14 19:00,0.149,0.149,1,1.0
2024-01-14 20:00,0.115,0.115,1,1.0
2024-01-14 21:00,0.083,0.083,1,1.0
2024-01-14 22:00,0.006,0.006,1,1.0
2024-01-14 23:00,0.013,0.013,1,1.0
2024-01-15 00:00,0.014,0.014,1,1.0
2024-01-15 01:00,0.136,0.136,1,1.0
2024-01-15 02:00,0.512,0.512,1,1.0
2024-01-15 03:00,0.985,0.985,1,1.0
2024-01-15 04:00,1.194,1.194,1,1.0
2024-01-15 05:00,0.672,0.672,1,1.0
2024-01-15 06:00,0.601,0.601,1,1.0
2024-01-15 07:00,1.366,1.366,1,1.0
2024-01-15 08:00,1.36,1.36,1,1.0
2024-01-15 09:00,0.747,0.747,1,1.0
2024-01-15 10:00,0.386,0.386,1,1.0
2024-01-15 11:00,0.263,0.263,1,1.0
2024-01-15 12:00,0.543,0.543,1,1.0
2024-01-15 13:00,0.329,0.329,1,1.0
2024-01-15 14:00,1.05,1.05,1,1.0
2024-01-15 15:00,1.0,1.0,1,1.0
2024-01-15 16:00,0.356,0.356,1,1.0
2024-01-15 17:00,0.222,0.222,1,1.0
2024-01-15 18:00,0.181,0.181,1,1.0
2024-01-15 19:00,0.15,0.15,1,1.0
2024-01-15 20:00,0.159,0.159,1,1.0
2024-01-15 21:00,0.152,0.152,1,1.0
2024-01-15 22:00,0.174,0.174,1,1.0
2024-01-15 23:00,0.128,0.128,1,1.0
2024-01-16 00:00,0.059,0.059,1,1.0
2024-01-16 01:00,0.061,0.061,1,1.0
2024-01-16 02:00,0.044,0.044,1,1.0
2024-01-16 03:00,0.054,0.054,1,1.0
2024-01-16 04:00,0.035,0.035,1,1.0
2024-01-16 05:00,0.033,0.033,1,1.0
2024-01-16 06:00,0.018,0.018,1,1.0
2024-01-16 07:00,0.002,0.002,1,1.0
2024-01-16 08:00,0.005,0.005,1,1.0
2024-01-16 09:00,0.013,0.013,1,1.0
2024-01-16 10:00,0.328,0.328,1,1.0
2024-01-16 11:00,0.374,0.374,1,1.0
2024-01-16 12:00,0.208,0.208,1,1.0
2024-01-16 13:00,0.387,0.387,1,1.0
2024-01-16 14:00,0.423,0.423,1,1.0
2024-01-16 15:00,0.371,0.371,1,1.0
2024-01-16 16:00,0.282,0.282,1,1.0
2024-01-16 17:00,0.185,0.185,1,1.0
2024-01-16 18:00,0.088,0.088,1,1.0
2024-01-16 19:00,0.079,0.079,1,1.0
2024-01-16 20:00,0.068,0.068,1,1.0
2024-01-16 21:00,0.113,0.113,1,1.0
2024-01-16 22:00,0.122,0.122,1,1.0
2024-01-16 23:00,0.177,0.177,1,1.0
2024-01-17 00:00,0.303,0.303,1,1.0
2024-01-17 01:00,0.378,0.378,1,1.0
2024-01-17 02:00,0.328,0.328,1,1.0
2024-01-17 03:00,0.306,0.306,1,1.0
2024-01-17 04:00,0.332,0.332,1,1.0
2024-01-17 05:00,0.143,0.143,1,1.0
2024-01-17 06:00,0.155,0.155,1,1.0
2024-01-17 07:00,0.298,0.298,1,1.0
2024-01-17 08:00,0.605,0.605,1,1.0
2024-01-17 09:00,0.813,0.813,1,1.0
2024-01-17 10:00,0.647,0.647,1,1.0
2024-01-17 11:00,0.554,0.554,1,1.0
2024-01-17 12:00,0.671,0.671,1,1.0
2024-01-17 13:00,0.444,0.444,1,1.0
2024-01-17 14:00,0.398,0.398,1,1.0
2024-01-17 15:00,0.323,0.323,1,1.0
2024-01-17 16:00,0.376,0.376,1,1.0
2024-01-17 17:00,0.329,0.329,1,1.0
2024-01-17 18:00,0.043,0.043,1,1.0
2024-01-17 19:00,0.002,0.002,1,1.0
2024-01-17 20:00,0.0,0.0,1,1.0
2024-01-17 21:00,0.0,0.0,1,1.0
2024-01-17 22:00,0.0,0.0,1,1.0
2024-01-17 23:00,0.0,0.0,1,1.0
2024-01-18 00:00,0.025,0.025,1,1.0
2024-01-18 01:00,0.48,0.48,1,1.0
2024-01-18 02:00,0.0,0.0,1,1.0
2024-01-18 03:00,0.001,0.001,1,1.0
2024-01-18 04:00,0.032,0.032,1,1.0
2024-01-18 05:00,0.049,0.049,1,1.0
2024-01-18 06:00,0.024,0.024,1,1.0
2024-01-18 07:00,0.464,0.464,1,1.0
2024-01-18 08:00,0.524,0.524,1,1.0
2024-01-18 09:00,1.965,1.965,1,1.0
2024-01-18 10:00,2.115,2.115,1,1.0
2024-01-18 11:00,1.048,1.048,1,1.0
2024-01-18 12:00,0.7,0.7,1,1.0
2024-01-18 13:00,0.531,0.531,1,1.0
2024-01-18 14:00,1.44,1.44,1,1.0
2024-01-18 15:00,1.279,1.279,1,1.0
2024-01-18 16:00,0.465,0.465,1,1.0
2024-01-18 17:00,0.138,0.138,1,1.0
2024-01-18 18:00,0.102,0.102,1,1.0
2024-01-18 19:00,1.555,1.555,1,1.0
2024-01-18 20:00,1.255,1.255,1,1.0
2024-01-18 21:00,0.188,0.188,1,1.0
2024-01-18 22:00,0.111,0.111,1,1.0
2024-01-18 23:00,0.215,0.215,1,1.0
2024-01-19 00:00,0.092,0.092,1,1.0
2024-01-19 01:00,0.437,0.437,1,1.0
2024-01-19 02:00,0.369,0.369,1,1.0
2024-01-19 03:00,0.343,0.343,1,1.0
2024-01-19 04:00,0.256,0.256,1,1.0
2024-01-19 05:00,0.201,0.201,1,1.0
2024-01-19 06:00,0.15,0.15,1,1.0
2024-01-19 07:00,0.241,0.241,1,1.0
2024-01-19 08:00,0.104,0.104,1,1.0
2024-01-19 09:00,0.186,0.186,1,1.0
2024-01-19 10:00,0.097,0.097,1,1.0
2024-01-19 11:00,0.218,0.218,1,1.0
2024-01-19 12:00,0.325,0.325,1,1.0
2024-01-19 13:00,0.079,0.079,1,1.0
2024-01-19 14:00,0.091,0.091,1,1.0
2024-01-19 15:00,0.092,0.092,1,1.0
2024-01-19 16:00,0.213,0.213,1,1.0
2024-01-19 17:00,0.035,0.035,1,1.0
2024-01-19 18:00,0.004,0.004,1,1.0
2024-01-19 19:00,0.302,0.302,1,1.0
2024-01-19 20:00,0.367,0.367,1,1.0
2024-01-19 21:00,0.239,0.239,1,1.0
2024-01-19 22:00,0.508,0.508,1,1.0
2024-01-19 23:00,0.478,0.478,1,1.0
2024-01-20 00:00,0.725,0.725,1,1.0
2024-01-20 01:00,1.182,1.182,1,1.0
2024-01-20 02:00,1.436,1.436,1,1.0
2024-01-20 03:00,1.834,1.834,1,1.0
2024-01-20 04:00,2.306,2.306,1,1.0
2024-01-20 05:00,2.817,2.817,1,1.0
2024-01-20 06:00,2.839,2.839,1,1.0
2024-01-20 07:00,2.454,2.454,1,1.0
2024-01-20 08:00,1.976,1.976,1,1.0
2024-01-20 09:00,1.674,1.674,1,1.0
2024-01-20 10:00,1.314,1.314,1,1.0
2024-01-20 11:00,0.883,0.883,1,1.0
2024-01-20 12:00,0.693,0.693,1,1.0
2024-01-20 13:00,0.429,0.429,1,1.0
2024-01-20 14:00,0.212,0.212,1,1.0
2024-01-20 15:00,0.088,0.088,1,1.0
2024-01-20 16:00,0.014,0.014,1,1.0
2024-01-20 17:00,0.001,0.001,1,1.0
2024-01-20 18:00,0.0,0.0,1,1.0
2024-01-20 19:00,0.0,0.0,1,1.0
2024-01-20 20:00,0.0,0.0,1,1.0
2024-01-20 21:00,0.0,0.0,1,1.0
2024-01-20 22:00,0.0,0.0,1,1.0
2024-01-20 23:00,0.0,0.0,1,1.0
2024-01-21 00:00,0.0,0.0,1,1.0
2024-01-21 01:00,0.0,0.0,1,1.0
2024-01-21 02:00,0.0,0.0,1,1.0
2024-01-21 03:00,0.0,0.0,1,1.0
2024-01-21 04:00,0.0,0.0,1,1.0
2024-01-21 05:00,0.0,0.0,1,1.0
2024-01-21 06:00,0.0,0.0,1,1.0
2024-01-21 07:00,0.0,0.0,1,1.0
2024-01-21 08:00,0.0,0.0,1,1.0
2024-01-21 09:00,0.0,0.0,1,1.0
2024-01-21 10:00,0.0,0.0,1,1.0
2024-01-21 11:00,0.0,0.0,1,1.0
2024-01-21 12:00,0.0,0.0,1,1.0
2024-01-21 13:00,0.0,0.0,1,1.0
2024-01-21 14:00,0.0,0.0,1,1.0
2024-01-21 15:00,0.0,0.0,1,1.0
2024-01-21 16:00,0.0,0.0,1,1.0
2024-01-21 17:00,0.0,0.0,1,1.0
2024-01-21 18:00,0.0,0.0,1,1.0
2024-01-21 19:00,0.0,0.0,1,1.0
2024-01-21 20:00,0.0,0.0,1,1.0
2024-01-21 21:00,0.0,0.0,1,1.0
2024-01-21 22:00,0.0,0.0,1,1.0
2024-01-21 23:00,0.0,0.0,1,1.0
2024-01-22 00:00,0.0,0.0,1,1.0
2024-01-22 01:00,0.0,0.0,1,1.0
2024-01-22 02:00,0.0,0.0,1,1.0
2024-01-22 03:00,0.0,0.0,1,1.0
2024-01-22 04:00,0.0,0.0,1,1.0
2024-01-22 05:00,0.0,0.0,1,1.0
2024-01-22 06:00,0.0,0.0,1,1.0
2024-01-22 07:00,0.0,0.0,1,1.0
2024-01-22 08:00,0.0,0.0,1,1.0
2024-01-22 09:00,0.0,0.0,1,1.0
2024-01-22 10:00,0.0,0.0,1,1.0
2024-01-22 11:00,0.0,0.0,1,1.0
2024-01-22 12:00,0.0,0.0,1,1.0
2024-01-22 13:00,0.001,0.001,1,1.0
2024-01-22 14:00,0.0,0.0,1,1.0
2024-01-22 15:00,0.0,0.0,1,1.0
2024-01-22 16:00,0.0,0.0,1,1.0
2024-01-22 17:00,0.0,0.0,1,1.0
2024-01-22 18:00,0.0,0.0,1,1.0
2024-01-22 19:00,0.0,0.0,1,1.0
2024-01-22 20:00,0.001,0.001,1,1.0
2024-01-22 21:00,0.0,0.0,1,1.0
2024-01-22 22:00,0.0,0.0,1,1.0
2024-01-22 23:00,0.0,0.0,1,1.0
2024-01-23 00:00,0.001,0.001,1,1.0
2024-01-23 01:00,0.001,0.001,1,1.0
2024-01-23 02:00,0.004,0.004,1,1.0
2024-01-23 03:00,0.024,0.024,1,1.0
2024-01-23 04:00,0.009,0.009,1,1.0
2024-01-23 05:00,0.006,0.006,1,1.0
2024-01-23 06:00,0.005,0.005,1,1.0
2024-01-23 07:00,0.013,0.013,1,1.0
2024-01-23 08:00,0.155,0.155,1,1.0
2024-01-23 09:00,0.274,0.274,1,1.0
2024-01-23 10:00,0.224,0.224,1,1.0
2024-01-23 11:00,0.255,0.255,1,1.0
2024-01-23 12:00,0.316,0.316,1,1.0
2024-01-23 13:00,0.166,0.166,1,1.0
2024-01-23 14:00,0.037,0.037,1,1.0
2024-01-23 15:00,0.0,0.0,1,1.0
2024-01-23 16:00,0.0,0.0,1,1.0
2024-01-23 17:00,0.0,0.0,1,1.0
2024-01-23 18:00,0.0,0.0,1,1.0
2024-01-23 19:00,0.0,0.0,1,1.0
2024-01-23 20:00,0.0,0.0,1,1.0
2024-01-23 21:00,0.0,0.0,1,1.0
2024-01-23 22:00,0.0,0.0,1,1.0
2024-01-23 23:00,0.0,0.0,1,1.0
2024-01-24 00:00,0.0,0.0,1,1.0
2024-01-24 01:00,0.0,0.0,1,1.0
2024-01-24 02:00,0.0,0.0,1,1.0
2024-01-24 03:00,0.0,0.0,1,1.0
2024-01-24 04:00,0.0,0.0,1,1.0
2024-01-24 05:00,0.0,0.0,1,1.0
2024-01-24 06:00,0.0,0.0,1,1.0
2024-01-24 07:00,0.0,0.0,1,1.0
2024-01-24 08:00,0.0,0.0,1,1.0
2024-01-24 09:00,0.0,0.0,1,1.0
2024-01-24 10:00,0.0,0.0,1,1.0
2024-01-24 11:00,0.0,0.0,1,1.0
2024-01-24 12:00,0.0,0.0,1,1.0
2024-01-24 13:00,0.0,0.0,1,1.0
2024-01-24 14:00,0.0,0.0,1,1.0
2024-01-24 15:00,0.0,0.0,1,1.0
2024-01-24 16:00,0.0,0.0,1,1.0
2024-01-24 17:00,0.0,0.0,1,1.0
2024-01-24 18:00,0.0,0.0,1,1.0
2024-01-24 19:00,0.0,0.0,1,1.0
2024-01-24 20:00,0.0,0.0,1,1.0
2024-01-24 21:00,0.0,0.0,1,1.0
2024-01-24 22:00,0.0,0.0,1,1.0
2024-01-24 23:00,0.0,0.0,1,1.0
2024-01-25 00:00,0.0,0.0,1,1.0
2024-01-25 01:00,0.0,0.0,1,1.0
2024-01-25 02:00,0.0,0.0,1,1.0
2024-01-25 03:00,0.004,0.004,1,1.0
2024-01-25 04:00,0.003,0.003,1,1.0
2024-01-25 05:00,0.01,0.01,1,1.0
2024-01-25 06:00,0.012,0.012,1,1.0
2024-01-25 07:00,0.017,0.017,1,1.0
2024-01-25 08:00,0.065,0.065,1,1.0
2024-01-25 09:00,0.046,0.046,1,1.0
2024-01-25 10:00,0.017,0.017,1,1.0
2024-01-25 11:00,0.006,0.006,1,1.0
2024-01-25 12:00,0.002,0.002,1,1.0
2024-01-25 13:00,0.001,0.001,1,1.0
2024-01-25 14:00,0.0,0.0,1,1.0
2024-01-25 15:00,0.002,0.002,1,1.0
2024-01-25 16:00,0.0,0.0,1,1.0
2024-01-25 17:00,0.0,0.0,1,1.0
2024-01-25 18:00,0.0,0.0,1,1.0
2024-01-25 19:00,0.0,0.0,1,1.0
2024-01-25 20:00,0.0,0.0,1,1.0
2024-01-25 21:00,0.0,0.0,1,1.0
2024-01-25 22:00,0.0,0.0,1,1.0
2024-01-25 23:00,0.0,0.0,1,1.0
2024-01-26 00:00,0.0,0.0,1,1.0
2024-01-26 01:00,0.0,0.0,1,1.0
2024-01-26 02:00,0.0,0.0,1,1.0
2024-01-26 03:00,0.0,0.0,1,1.0
2024-01-26 04:00,0.0,0.0,1,1.0
2024-01-26 05:00,0.0,0.0,1,1.0
2024-01-26 06:00,0.0,0.0,1,1.0
2024-01-26 07:00,0.0,0.0,1,1.0
2024-01-26 08:00,0.0,0.0,1,1.0
2024-01-26 09:00,0.0,0.0,1,1.0
2024-01-26 10:00,0.0,0.0,1,1.0
2024-01-26 11:00,0.0,0.0,1,1.0
2024-01-26 12:00,0.0,0.0,1,1.0
2024-01-26 13:00,0.0,0.0,1,1.0
2024-01-26 14:00,0.0,0.0,1,1.0
2024-01-26 15:00,0.0,0.0,1,1.0
2024-01-26 16:00,0.0,0.0,1,1.0
2024-01-26 17:00,0.0,0.0,1,1.0
2024-01-26 18:00,0.0,0.0,1,1.0
2024-01-26 19:00,0.0,0.0,1,1.0
2024-01-26 20:00,0.0,0.0,1,1.0
2024-01-26 21:00,0.0,0.0,1,1.0
2024-01-26 22:00,0.0,0.0,1,1.0
2024-01-26 23:00,0.0,0.0,1,1.0
2024-01-27 00:00,0.001,0.001,1,1.0
2024-01-27 01:00,0.001,0.001,1,1.0
2024-01-27 02:00,0.0,0.0,1,1.0
2024-01-27 03:00,0.001,0.001,1,1.0
2024-01-27 04:00,0.001,0.001,1,1.0
2024-01-27 05:00,0.0,0.0,1,1.0
2024-01-27 06:00,0.0,0.0,1,1.0
2024-01-27 07:00,0.0,0.0,1,1.0
2024-01-27 08:00,0.0,0.0,1,1.0
2024-01-27 09:00,0.0,0.0,1,1.0
2024-01-27 10:00,0.001,0.001,1,1.0
2024-01-27 11:00,0.0,0.0,1,1.0
2024-01-27 12:00,0.0,0.0,1,1.0
2024-01-27 13:00,0.0,0.0,1,1.0
2024-01-27 14:00,0.0,0.0,1,1.0
2024-01-27 15:00,0.0,0.0,1,1.0
2024-01-27 16:00,0.0,0.0,1,1.0
2024-01-27 17:00,0.0,0.0,1,1.0
2024-01-27 18:00,0.0,0.0,1,1.0
2024-01-27 19:00,0.0,0.0,1,1.0
2024-01-27 20:00,0.0,0.0,1,1.0
2024-01-27 21:00,0.0,0.0,1,1.0
2024-01-27 22:00,0.0,0.0,1,1.0
2024-01-27 23:00,0.0,0.0,1,1.0
2024-01-28 00:00,0.0,0.0,1,1.0
2024-01-28 01:00,0.0,0.0,1,1.0
2024-01-28 02:00,0.0,0.0,1,1.0
2024-01-28 03:00,0.0,0.0,1,1.0
2024-01-28 04:00,0.0,0.0,1,1.0
2024-01-28 05:00,0.0,0.0,1,1.0
2024-01-28 06:00,0.0,0.0,1,1.0
2024-01-28 07:00,0.0,0.0,1,1.0
2024-01-28 08:00,0.001,0.001,1,1.0
2024-01-28 09:00,0.0,0.0,1,1.0
2024-01-28 10:00,0.0,0.0,1,1.0
2024-01-28 11:00,0.0,0.0,1,1.0
2024-01-28 12:00,0.0,0.0,1,1.0
2024-01-28 13:00,0.0,0.0,1,1.0
2024-01-28 14:00,0.0,0.0,1,1.0
2024-01-28 15:00,0.0,0.0,1,1.0
2024-01-28 16:00,0.0,0.0,1,1.0
2024-01-28 17:00,0.0,0.0,1,1.0
2024-01-28 18:00,0.0,0.0,1,1.0
2024-01-28 19:00,0.0,0.0,1,1.0
2024-01-28 20:00,0.0,0.0,1,1.0
2024-01-28 21:00,0.0,0.0,1,1.0
2024-01-28 22:00,0.0,0.0,1,1.0
2024-01-28 23:00,0.0,0.0,1,1.0
2024-01-29 00:00,0.0,0.0,1,1.0
2024-01-29 01:00,0.0,0.0,1,1.0
2024-01-29 02:00,0.0,0.0,1,1.0
2024-01-29 03:00,0.0,0.0,1,1.0
2024-01-29 04:00,0.0,0.0,1,1.0
2024-01-29 05:00,0.0,0.0,1,1.0
2024-01-29 06:00,0.0,0.0,1,1.0
2024-01-29 07:00,0.0,0.0,1,1.0
2024-01-29 08:00,0.0,0.0,1,1.0
2024-01-29 09:00,0.0,0.0,1,1.0
2024-01-29 10:00,0.0,0.0,1,1.0
2024-01-29 11:00,0.0,0.0,1,1.0
2024-01-29 12:00,0.0,0.0,1,1.0
2024-01-29 13:00,0.0,0.0,1,1.0
2024-01-29 14:00,0.0,0.0,1,1.0
2024-01-29 15:00,0.0,0.0,1,1.0
2024-01-29 16:00,0.001,0.001,1,1.0
2024-01-29 17:00,0.0,0.0,1,1.0
2024-01-29 18:00,0.0,0.0,1,1.0
2024-01-29 19:00,0.0,0.0,1,1.0
2024-01-29 20:00,0.0,0.0,1,1.0
2024-01-29 21:00,0.0,0.0,1,1.0
2024-01-29 22:00,0.0,0.0,1,1.0
2024-01-29 23:00,0.001,0.001,1,1.0
2024-01-30 00:00,0.0,0.0,1,1.0
2024-01-30 01:00,0.0,0.0,1,1.0
2024-01-30 02:00,0.0,0.0,1,1.0
2024-01-30 03:00,0.0,0.0,1,1.0
2024-01-30 04:00,0.0,0.0,1,1.0
2024-01-30 05:00,0.0,0.0,1,1.0
2024-01-30 06:00,0.0,0.0,1,1.0
2024-01-30 07:00,0.0,0.0,1,1.0
2024-01-30 08:00,0.0,0.0,1,1.0
2024-01-30 09:00,0.0,0.0,1,1.0
2024-01-30 10:00,0.001,0.001,1,1.0
2024-01-30 11:00,0.0,0.0,1,1.0
2024-01-30 12:00,0.0,0.0,1,1.0
2024-01-30 13:00,0.0,0.0,1,1.0
2024-01-30 14:00,0.0,0.0,1,1.0
2024-01-30 15:00,0.0,0.0,1,1.0
2024-01-30 16:00,0.0,0.0,1,1.0
2024-01-30 17:00,0.0,0.0,1,1.0
2024-01-30 18:00,0.0,0.0,1,1.0
2024-01-30 19:00,0.0,0.0,1,1.0
2024-01-30 20:00,0.0,0.0,1,1.0
2024-01-30 21:00,0.0,0.0,1,1.0
2024-01-30 22:00,0.0,0.0,1,1.0
2024-01-30 23:00,0.0,0.0,1,1.0
2024-01-31 00:00,0.0,0.0,1,1.0
2024-01-31 01:00,0.0,0.0,1,1.0
2024-01-31 02:00,0.0,0.0,1,1.0
2024-01-31 03:00,0.0,0.0,1,1.0
2024-01-31 04:00,0.0,0.0,1,1.0
2024-01-31 05:00,0.0,0.0,1,1.0
2024-01-31 06:00,0.0,0.0,1,1.0
2024-01-31 07:00,0.0,0.0,1,1.0
2024-01-31 08:00,0.0,0.0,1,1.0
2024-01-31 09:00,0.0,0.0,1,1.0
2024-01-31 10:00,0.0,0.0,1,1.0
2024-01-31 11:00,0.0,0.0,1,1.0
2024-01-31 12:00,0.0,0.0,1,1.0
2024-01-31 13:00,0.0,0.0,1,1.0
2024-01-31 14:00,0.0,0.0,1,1.0
2024-01-31 15:00,0.0,0.0,1,1.0
2024-01-31 16:00,0.0,0.0,1,1.0
2024-01-31 17:00,0.0,0.0,1,1.0
2024-01-31 18:00,0.0,0.0,1,1.0
2024-01-31 19:00,0.0,0.0,1,1.0
2024-01-31 20:00,0.0,0.0,1,1.0
2024-01-31 21:00,0.0,0.0,1,1.0
2024-01-31 22:00,0.0,0.0,1,1.0
2024-01-31 23:00,0.0,0.0,1,1.0
2024-02-01 00:00,0.0,0.0,1,1.0
2024-02-01 01:00,0.0,0.0,1,1.0
2024-02-01 02:00,0.0,0.0,1,1.0
2024-02-01 03:00,0.0,0.0,1,1.0
2024-02-01 04:00,0.0,0.0,1,1.0
2024-02-01 05:00,0.0,0.0,1,1.0
2024-02-01 06:00,0.0,0.0,1,1.0
2024-02-01 07:00,0.001,0.001,1,1.0
2024-02-01 08:00,0.0,0.0,1,1.0
2024-02-01 09:00,0.001,0.001,1,1.0
2024-02-01 10:00,0.002,0.002,1,1.0
2024-02-01 11:00,0.0,0.0,1,1.0
2024-02-01 12:00,0.003,0.003,1,1.0
2024-02-01 13:00,0.003,0.003,1,1.0
2024-02-01 14:00,0.0,0.0,1,1.0
2024-02-01 15:00,0.0,0.0,1,1.0
2024-02-01 16:00,0.005,0.005,1,1.0
2024-02-01 17:00,0.007,0.007,1,1.0
2024-02-01 18:00,0.006,0.006,1,1.0
2024-02-01 19:00,0.0,0.0,1,1.0
2024-02-01 20:00,0.0,0.0,1,1.0
2024-02-01 21:00,0.0,0.0,1,1.0
2024-02-01 22:00,0.0,0.0,1,1.0
2024-02-01 23:00,0.0,0.0,1,1.0
2024-02-02 00:00,0.0,0.0,1,1.0
2024-02-02 01:00,0.0,0.0,1,1.0
2024-02-02 02:00,0.0,0.0,1,1.0
2024-02-02 03:00,0.0,0.0,1,1.0
2024-02-02 04:00,0.0,0.0,1,1.0
2024-02-02 05:00,0.0,0.0,1,1.0
2024-02-02 06:00,0.0,0.0,1,1.0
2024-02-02 07:00,0.0,0.0,1,1.0
2024-02-02 08:00,0.001,0.001,1,1.0
2024-02-02 09:00,0.0,0.0,1,1.0
2024-02-02 10:00,0.0,0.0,1,1.0
2024-02-02 11:00,0.0,0.0,1,1.0
2024-02-02 12:00,0.0,0.0,1,1.0
2024-02-02 13:00,0.0,0.0,1,1.0
2024-02-02 14:00,0.0,0.0,1,1.0
2024-02-02 15:00,0.0,0.0,1,1.0
2024-02-02 16:00,0.0,0.0,1,1.0
2024-02-02 17:00,0.0,0.0,1,1.0
2024-02-02 18:00,0.0,0.0,1,1.0
2024-02-02 19:00,0.0,0.0,1,1.0
2024-02-02 20:00,0.0,0.0,1,1.0
2024-02-02 21:00,0.0,0.0,1,1.0
2024-02-02 22:00,0.0,0.0,1,1.0
2024-02-02 23:00,0.0,0.0,1,1.0
2024-02-03 00:00,0.0,0.0,1,1.0
2024-02-03 01:00,0.0,0.0,1,1.0
2024-02-03 02:00,0.0,0.0,1,1.0
2024-02-03 03:00,0.0,0.0,1,1.0
2024-02-03 04:00,0.0,0.0,1,1.0
2024-02-03 05:00,0.0,0.0,1,1.0
2024-02-03 06:00,0.0,0.0,1,1.0
2024-02-03 07:00,0.001,0.001,1,1.0
2024-02-03 08:00,0.0,0.0,1,1.0
2024-02-03 09:00,0.0,0.0,1,1.0
2024-02-03 10:00,0.0,0.0,1,1.0
2024-02-03 11:00,0.001,0.001,1,1.0
2024-02-03 12:00,0.0,0.0,1,1.0
2024-02-03 13:00,0.0,0.0,1,1.0
2024-02-03 14:00,0.0,0.0,1,1.0
2024-02-03 15:00,0.0,0.0,1,1.0
2024-02-03 16:00,0.0,0.0,1,1.0
2024-02-03 17:00,0.0,0.0,1,1.0
2024-02-03 18:00,0.0,0.0,1,1.0
2024-02-03 19:00,0.0,0.0,1,1.0
2024-02-03 20:00,0.0,0.0,1,1.0
2024-02-03 21:00,0.0,0.0,1,1.0
2024-02-03 22:00,0.0,0.0,1,1.0
2024-02-03 23:00,0.0,0.0,1,1.0
2024-02-04 00:00,0.0,0.0,1,1.0
2024-02-04 01:00,0.0,0.0,1,1.0
2024-02-04 02:00,0.0,0.0,1,1.0
2024-02-04 03:00,0.001,0.001,1,1.0
2024-02-04 04:00,0.001,0.001,1,1.0
2024-02-04 05:00,0.001,0.001,1,1.0
2024-02-04 06:00,0.002,0.002,1,1.0
2024-02-04 07:00,0.008,0.008,1,1.0
2024-02-04 08:00,0.008,0.008,1,1.0
2024-02-04 09:00,0.036,0.036,1,1.0
2024-02-04 10:00,0.027,0.027,1,1.0
2024-02-04 11:00,0.026,0.026,1,1.0
2024-02-04 12:00,0.011,0.011,1,1.0
2024-02-04 13:00,0.001,0.001,1,1.0
2024-02-04 14:00,0.0,0.0,1,1.0
2024-02-04 15:00,0.006,0.006,1,1.0
2024-02-04 16:00,0.01,0.01,1,1.0
2024-02-04 17:00,0.004,0.004,1,1.0
2024-02-04 18:00,0.003,0.003,1,1.0
2024-02-04 19:00,0.004,0.004,1,1.0
2024-02-04 20:00,0.0,0.0,1,1.0
2024-02-04 21:00,0.0,0.0,1,1.0
2024-02-04 22:00,0.0,0.0,1,1.0
2024-02-04 23:00,0.003,0.003,1,1.0
2024-02-05 00:00,0.002,0.002,1,1.0
2024-02-05 01:00,0.001,0.001,1,1.0
2024-02-05 02:00,0.002,0.002,1,1.0
2024-02-05 03:00,0.0,0.0,1,1.0
2024-02-05 04:00,0.001,0.001,1,1.0
2024-02-05 05:00,0.001,0.001,1,1.0
2024-02-05 06:00,0.002,0.002,1,1.0
2024-02-05 07:00,0.006,0.006,1,1.0
2024-02-05 08:00,0.002,0.002,1,1.0
2024-02-05 09:00,0.015,0.015,1,1.0
2024-02-05 10:00,0.002,0.002,1,1.0
2024-02-05 11:00,0.003,0.003,1,1.0
2024-02-05 12:00,0.002,0.002,1,1.0
2024-02-05 13:00,0.001,0.001,1,1.0
2024-02-05 14:00,0.0,0.0,1,1.0
2024-02-05 15:00,0.004,0.004,1,1.0
2024-02-05 16:00,0.016,0.016,1,1.0
2024-02-05 17:00,0.008,0.008,1,1.0
2024-02-05 18:00,0.016,0.016,1,1.0
2024-02-05 19:00,0.016,0.016,1,1.0
2024-02-05 20:00,0.013,0.013,1,1.0
2024-02-05 21:00,0.02,0.02,1,1.0
2024-02-05 22:00,0.018,0.018,1,1.0
2024-02-05 23:00,0.011,0.011,1,1.0
2024-02-06 00:00,0.005,0.005,1,1.0
2024-02-06 01:00,0.013,0.013,1,1.0
2024-02-06 02:00,0.003,0.003,1,1.0
2024-02-06 03:00,0.005,0.005,1,1.0
2024-02-06 04:00,0.01,0.01,1,1.0
2024-02-06 05:00,0.019,0.019,1,1.0
2024-02-06 06:00,0.006,0.006,1,1.0
2024-02-06 07:00,0.002,0.002,1,1.0
2024-02-06 08:00,0.005,0.005,1,1.0
2024-02-06 09:00,0.003,0.003,1,1.0
2024-02-06 10:00,0.006,0.006,1,1.0
2024-02-06 11:00,0.004,0.004,1,1.0
2024-02-06 12:00,0.008,0.008,1,1.0
2024-02-06 13:00,0.004,0.004,1,1.0
2024-02-06 14:00,0.001,0.001,1,1.0
2024-02-06 15:00,0.001,0.001,1,1.0
2024-02-06 16:00,0.002,0.002,1,1.0
2024-02-06 17:00,0.002,0.002,1,1.0
2024-02-06 18:00,0.001,0.001,1,1.0
2024-02-06 19:00,0.001,0.001,1,1.0
2024-02-06 20:00,0.0,0.0,1,1.0
2024-02-06 21:00,0.0,0.0,1,1.0
2024-02-06 22:00,0.001,0.001,1,1.0
2024-02-06 23:00,0.004,0.004,1,1.0
2024-02-07 00:00,0.004,0.004,1,1.0
2024-02-07 01:00,0.001,0.001,1,1.0
2024-02-07 02:00,0.001,0.001,1,1.0
2024-02-07 03:00,0.002,0.002,1,1.0
2024-02-07 04:00,0.002,0.002,1,1.0
2024-02-07 05:00,0.003,0.003,1,1.0
2024-02-07 06:00,0.002,0.002,1,1.0
2024-02-07 07:00,0.005,0.005,1,1.0
2024-02-07 08:00,0.003,0.003,1,1.0
2024-02-07 09:00,0.004,0.004,1,1.0
2024-02-07 10:00,0.003,0.003,1,1.0
2024-02-07 11:00,0.001,0.001,1,1.0
2024-02-07 12:00,0.002,0.002,1,1.0
2024-02-07 13:00,0.0,0.0,1,1.0
2024-02-07 14:00,0.001,0.001,1,1.0
2024-02-07 15:00,0.0,0.0,1,1.0
2024-02-07 16:00,0.001,0.001,1,1.0
2024-02-07 17:00,0.0,0.0,1,1.0
2024-02-07 18:00,0.001,0.001,1,1.0
2024-02-07 19:00,0.003,0.003,1,1.0
2024-02-07 20:00,0.003,0.003,1,1.0
2024-02-07 21:00,0.012,0.012,1,1.0
2024-02-07 22:00,0.011,0.011,1,1.0
2024-02-07 23:00,0.021,0.021,1,1.0
2024-02-08 00:00,0.021,0.021,1,1.0
2024-02-08 01:00,0.032,0.032,1,1.0
2024-02-08 02:00,0.067,0.067,1,1.0
2024-02-08 03:00,0.088,0.088,1,1.0
2024-02-08 04:00,0.081,0.081,1,1.0
2024-02-08 05:00,0.066,0.066,1,1.0
2024-02-08 06:00,0.058,0.058,1,1.0
2024-02-08 07:00,0.079,0.079,1,1.0
2024-02-08 08:00,0.235,0.235,1,1.0
2024-02-08 09:00,0.225,0.225,1,1.0
2024-02-08 10:00,0.261,0.261,1,1.0
2024-02-08 11:00,0.16,0.16,1,1.0
2024-02-08 12:00,0.198,0.198,1,1.0
2024-02-08 13:00,0.141,0.141,1,1.0
2024-02-08 14:00,0.194,0.194,1,1.0
2024-02-08 15:00,0.157,0.157,1,1.0
2024-02-08 16:00,0.059,0.059,1,1.0
2024-02-08 17:00,0.068,0.068,1,1.0
2024-02-08 18:00,0.049,0.049,1,1.0
2024-02-08 19:00,0.043,0.043,1,1.0
2024-02-08 20:00,0.025,0.025,1,1.0
2024-02-08 21:00,0.014,0.014,1,1.0
2024-02-08 22:00,0.007,0.007,1,1.0
2024-02-08 23:00,0.007,0.007,1,1.0
2024-02-09 00:00,0.02,0.02,1,1.0
2024-02-09 01:00,0.027,0.027,1,1.0
2024-02-09 02:00,0.054,0.054,1,1.0
2024-02-09 03:00,0.049,0.049,1,1.0
2024-02-09 04:00,0.04,0.04,1,1.0
2024-02-09 05:00,0.066,0.066,1,1.0
2024-02-09 06:00,0.142,0.142,1,1.0
2024-02-09 07:00,0.08,0.08,1,1.0
2024-02-09 08:00,0.293,0.293,1,1.0
2024-02-09 09:00,0.113,0.113,1,1.0
2024-02-09 10:00,0.012,0.012,1,1.0
2024-02-09 11:00,0.001,0.001,1,1.0
2024-02-09 12:00,0.0,0.0,1,1.0
2024-02-09 13:00,0.0,0.0,1,1.0
2024-02-09 14:00,0.0,0.0,1,1.0
2024-02-09 15:00,0.0,0.0,1,1.0
2024-02-09 16:00,0.0,0.0,1,1.0
2024-02-09 17:00,0.0,0.0,1,1.0
2024-02-09 18:00,0.0,0.0,1,1.0
2024-02-09 19:00,0.0,0.0,1,1.0
2024-02-09 20:00,0.0,0.0,1,1.0
2024-02-09 21:00,0.0,0.0,1,1.0
2024-02-09 22:00,0.0,0.0,1,1.0
2024-02-09 23:00,0.0,0.0,1,1.0
2024-02-10 00:00,0.0,0.0,1,1.0
2024-02-10 01:00,0.0,0.0,1,1.0
2024-02-10 02:00,0.0,0.0,1,1.0
2024-02-10 03:00,0.0,0.0,1,1.0
2024-02-10 04:00,0.031,0.031,1,1.0
2024-02-10 05:00,0.406,0.406,1,1.0
2024-02-10 06:00,0.456,0.456,1,1.0
2024-02-10 07:00,0.227,0.227,1,1.0
2024-02-10 08:00,0.185,0.185,1,1.0
2024-02-10 09:00,0.137,0.137,1,1.0
2024-02-10 10:00,0.215,0.215,1,1.0
2024-02-10 11:00,0.448,0.448,1,1.0
2024-02-10 12:00,1.29,1.29,1,1.0
2024-02-10 13:00,2.285,2.285,1,1.0
2024-02-10 14:00,2.189,2.189,1,1.0
2024-02-10 15:00,2.492,2.492,1,1.0
2024-02-10 16:00,1.964,1.964,1,1.0
2024-02-10 17:00,1.955,1.955,1,1.0
2024-02-10 18:00,2.081,2.081,1,1.0
2024-02-10 19:00,2.896,2.896,1,1.0
2024-02-10 20:00,3.982,3.982,1,1.0
2024-02-10 21:00,4.746,4.746,1,1.0
2024-02-10 22:00,3.699,3.699,1,1.0
2024-02-10 23:00,2.766,2.766,1,1.0
2024-02-11 00:00,4.384,4.384,1,1.0
2024-02-11 01:00,4.26,4.26,1,1.0
2024-02-11 02:00,4.528,4.528,1,1.0
2024-02-11 03:00,4.039,4.039,1,1.0
2024-02-11 04:00,3.154,3.154,1,1.0
2024-02-11 05:00,3.462,3.462,1,1.0
2024-02-11 06:00,3.527,3.527,1,1.0
2024-02-11 07:00,1.676,1.676,1,1.0
2024-02-11 08:00,2.206,2.206,1,1.0
2024-02-11 09:00,3.824,3.824,1,1.0
2024-02-11 10:00,1.105,1.105,1,1.0
2024-02-11 11:00,0.797,0.797,1,1.0
2024-02-11 12:00,0.617,0.617,1,1.0
2024-02-11 13:00,1.659,1.659,1,1.0
2024-02-11 14:00,2.282,2.282,1,1.0
2024-02-11 15:00,1.34,1.34,1,1.0
2024-02-11 16:00,3.034,3.034,1,1.0
2024-02-11 17:00,2.255,2.255,1,1.0
2024-02-11 18:00,1.742,1.742,1,1.0
2024-02-11 19:00,0.868,0.868,1,1.0
2024-02-11 20:00,0.595,0.595,1,1.0
2024-02-11 21:00,0.702,0.702,1,1.0
2024-02-11 22:00,0.666,0.666,1,1.0
2024-02-11 23:00,0.632,0.632,1,1.0
2024-02-12 00:00,0.711,0.711,1,1.0
2024-02-12 01:00,0.91,0.91,1,1.0
2024-02-12 02:00,0.623,0.623,1,1.0
2024-02-12 03:00,0.358,0.358,1,1.0
2024-02-12 04:00,0.123,0.123,1,1.0
2024-02-12 05:00,0.047,0.047,1,1.0
2024-02-12 06:00,0.021,0.021,1,1.0
2024-02-12 07:00,0.166,0.166,1,1.0
2024-02-12 08:00,0.14,0.14,1,1.0
2024-02-12 09:00,0.035,0.035,1,1.0
2024-02-12 10:00,0.017,0.017,1,1.0
2024-02-12 11:00,0.032,0.032,1,1.0
2024-02-12 12:00,0.022,0.022,1,1.0
2024-02-12 13:00,0.056,0.056,1,1.0
2024-02-12 14:00,0.112,0.112,1,1.0
2024-02-12 15:00,0.06,0.06,1,1.0
2024-02-12 16:00,0.028,0.028,1,1.0
2024-02-12 17:00,0.021,0.021,1,1.0
2024-02-12 18:00,0.028,0.028,1,1.0
2024-02-12 19:00,0.052,0.052,1,1.0
2024-02-12 20:00,0.122,0.122,1,1.0
2024-02-12 21:00,0.103,0.103,1,1.0
2024-02-12 22:00,0.077,0.077,1,1.0
2024-02-12 23:00,0.045,0.045,1,1.0
2024-02-13 00:00,0.018,0.018,1,1.0
2024-02-13 01:00,0.001,0.001,1,1.0
2024-02-13 02:00,0.0,0.0,1,1.0
2024-02-13 03:00,0.0,0.0,1,1.0
2024-02-13 04:00,0.0,0.0,1,1.0
2024-02-13 05:00,0.0,0.0,1,1.0
2024-02-13 06:00,0.0,0.0,1,1.0
2024-02-13 07:00,0.007,0.007,1,1.0
2024-02-13 08:00,0.001,0.001,1,1.0
2024-02-13 09:00,0.001,0.001,1,1.0
2024-02-13 10:00,0.012,0.012,1,1.0
2024-02-13 11:00,0.023,0.023,1,1.0
2024-02-13 12:00,0.037,0.037,1,1.0
2024-02-13 13:00,0.002,0.002,1,1.0
2024-02-13 14:00,0.124,0.124,1,1.0
2024-02-13 15:00,0.027,0.027,1,1.0
2024-02-13 16:00,0.027,0.027,1,1.0
2024-02-13 17:00,0.008,0.008,1,1.0
2024-02-13 18:00,0.001,0.001,1,1.0
2024-02-13 19:00,0.0,0.0,1,1.0
2024-02-13 20:00,0.0,0.0,1,1.0
2024-02-13 21:00,0.0,0.0,1,1.0
2024-02-13 22:00,0.0,0.0,1,1.0
2024-02-13 23:00,0.0,0.0,1,1.0
2024-02-14 00:00,0.0,0.0,1,1.0
2024-02-14 01:00,0.0,0.0,1,1.0
2024-02-14 02:00,0.0,0.0,1,1.0
2024-02-14 03:00,0.0,0.0,1,1.0
2024-02-14 04:00,0.0,0.0,1,1.0
2024-02-14 05:00,0.0,0.0,1,1.0
2024-02-14 06:00,0.0,0.0,1,1.0
2024-02-14 07:00,0.0,0.0,1,1.0
2024-02-14 08:00,0.0,0.0,1,1.0
2024-02-14 09:00,0.0,0.0,1,1.0
2024-02-14 10:00,0.0,0.0,1,1.0
2024-02-14 11:00,0.0,0.0,1,1.0
2024-02-14 12:00,0.0,0.0,1,1.0
2024-02-14 13:00,0.0,0.0,1,1.0
2024-02-14 14:00,0.0,0.0,1,1.0
2024-02-14 15:00,0.0,0.0,1,1.0
2024-02-14 16:00,0.0,0.0,1,1.0
2024-02-14 17:00,0.0,0.0,1,1.0
2024-02-14 18:00,0.0,0.0,1,1.0
2024-02-14 19:00,0.0,0.0,1,1.0
2024-02-14 20:00,0.0,0.0,1,1.0
2024-02-14 21:00,0.0,0.0,1,1.0
2024-02-14 22:00,0.001,0.001,1,1.0
2024-02-14 23:00,0.0,0.0,1,1.0
2024-02-15 00:00,0.0,0.0,1,1.0
2024-02-15 01:00,0.0,0.0,1,1.0
2024-02-15 02:00,0.0,0.0,1,1.0
2024-02-15 03:00,0.0,0.0,1,1.0
2024-02-15 04:00,0.0,0.0,1,1.0
2024-02-15 05:00,0.0,0.0,1,1.0
2024-02-15 06:00,0.0,0.0,1,1.0
2024-02-15 07:00,0.001,0.001,1,1.0
2024-02-15 08:00,0.0,0.0,1,1.0
2024-02-15 09:00,0.0,0.0,1,1.0
2024-02-15 10:00,0.0,0.0,1,1.0
2024-02-15 11:00,0.0,0.0,1,1.0
2024-02-15 12:00,0.0,0.0,1,1.0
2024-02-15 13:00,0.0,0.0,1,1.0
2024-02-15 14:00,0.0,0.0,1,1.0
2024-02-15 15:00,0.0,0.0,1,1.0
2024-02-15 16:00,0.0,0.0,1,1.0
2024-02-15 17:00,0.0,0.0,1,1.0
2024-02-15 18:00,0.0,0.0,1,1.0
2024-02-15 19:00,0.0,0.0,1,1.0
2024-02-15 20:00,0.0,0.0,1,1.0
2024-02-15 21:00,0.0,0.0,1,1.0
2024-02-15 22:00,0.0,0.0,1,1.0
2024-02-15 23:00,0.0,0.0,1,1.0
2024-02-16 00:00,0.0,0.0,1,1.0
2024-02-16 01:00,0.0,0.0,1,1.0
2024-02-16 02:00,0.0,0.0,1,1.0
2024-02-16 03:00,0.0,0.0,1,1.0
2024-02-16 04:00,0.0,0.0,1,1.0
2024-02-16 05:00,0.0,0.0,1,1.0
2024-02-16 06:00,0.0,0.0,1,1.0
2024-02-16 07:00,0.0,0.0,1,1.0
2024-02-16 08:00,0.0,0.0,1,1.0
2024-02-16 09:00,0.0,0.0,1,1.0
2024-02-16 10:00,0.0,0.0,1,1.0
2024-02-16 11:00,0.0,0.0,1,1.0
2024-02-16 12:00,0.0,0.0,1,1.0
2024-02-16 13:00,0.0,0.0,1,1.0
2024-02-16 14:00,0.0,0.0,1,1.0
2024-02-16 15:00,0.0,0.0,1,1.0
2024-02-16 16:00,0.0,0.0,1,1.0
2024-02-16 17:00,0.0,0.0,1,1.0
2024-02-16 18:00,0.0,0.0,1,1.0
2024-02-16 19:00,0.0,0.0,1,1.0
2024-02-16 20:00,0.0,0.0,1,1.0
2024-02-16 21:00,0.0,0.0,1,1.0
2024-02-16 22:00,0.0,0.0,1,1.0
2024-02-16 23:00,0.0,0.0,1,1.0
2024-02-17 00:00,0.0,0.0,1,1.0
2024-02-17 01:00,0.0,0.0,1,1.0
2024-02-17 02:00,0.0,0.0,1,1.0
2024-02-17 03:00,0.0,0.0,1,1.0
2024-02-17 04:00,0.0,0.0,1,1.0
2024-02-17 05:00,0.0,0.0,1,1.0
2024-02-17 06:00,0.0,0.0,1,1.0
2024-02-17 07:00,0.0,0.0,1,1.0
2024-02-17 08:00,0.0,0.0,1,1.0
2024-02-17 09:00,0.0,0.0,1,1.0
2024-02-17 10:00,0.0,0.0,1,1.0
2024-02-17 11:00,0.0,0.0,1,1.0
2024-02-17 12:00,0.0,0.0,1,1.0
2024-02-17 13:00,0.0,0.0,1,1.0
2024-02-17 14:00,0.001,0.001,1,1.0
2024-02-17 15:00,0.0,0.0,1,1.0
2024-02-17 16:00,0.0,0.0,1,1.0
2024-02-17 17:00,0.001,0.001,1,1.0
2024-02-17 18:00,0.0,0.0,1,1.0
2024-02-17 19:00,0.0,0.0,1,1.0
2024-02-17 20:00,0.0,0.0,1,1.0
2024-02-17 21:00,0.0,0.0,1,1.0
2024-02-17 22:00,0.0,0.0,1,1.0
2024-02-17 23:00,0.0,0.0,1,1.0
2024-02-18 00:00,0.0,0.0,1,1.0
2024-02-18 01:00,0.0,0.0,1,1.0
2024-02-18 02:00,0.0,0.0,1,1.0
2024-02-18 03:00,0.0,0.0,1,1.0
2024-02-18 04:00,0.0,0.0,1,1.0
2024-02-18 05:00,0.0,0.0,1,1.0
2024-02-18 06:00,0.0,0.0,1,1.0
2024-02-18 07:00,0.0,0.0,1,1.0
2024-02-18 08:00,0.0,0.0,1,1.0
2024-02-18 09:00,0.0,0.0,1,1.0
2024-02-18 10:00,0.0,0.0,1,1.0
2024-02-18 11:00,0.0,0.0,1,1.0
2024-02-18 12:00,0.0,0.0,1,1.0
2024-02-18 13:00,0.0,0.0,1,1.0
2024-02-18 14:00,0.0,0.0,1,1.0
2024-02-18 15:00,0.0,0.0,1,1.0
2024-02-18 16:00,0.0,0.0,1,1.0
2024-02-18 17:00,0.0,0.0,1,1.0
2024-02-18 18:00,0.0,0.0,1,1.0
2024-02-18 19:00,0.005,0.005,1,1.0
2024-02-18 20:00,0.006,0.006,1,1.0
2024-02-18 21:00,0.01,0.01,1,1.0
2024-02-18 22:00,0.017,0.017,1,1.0
2024-02-18 23:00,0.019,0.019,1,1.0
2024-02-19 00:00,0.026,0.026,1,1.0
2024-02-19 01:00,0.021,0.021,1,1.0
2024-02-19 02:00,0.034,0.034,1,1.0
2024-02-19 03:00,0.029,0.029,1,1.0
2024-02-19 04:00,0.025,0.025,1,1.0
2024-02-19 05:00,0.031,0.031,1,1.0
2024-02-19 06:00,0.027,0.027,1,1.0
2024-02-19 07:00,0.04,0.04,1,1.0
2024-02-19 08:00,0.051,0.051,1,1.0
2024-02-19 09:00,0.031,0.031,1,1.0
2024-02-19 10:00,0.03,0.03,1,1.0
2024-02-19 11:00,0.029,0.029,1,1.0
2024-02-19 12:00,0.041,0.041,1,1.0
2024-02-19 13:00,0.08,0.08,1,1.0
2024-02-19 14:00,0.075,0.075,1,1.0
2024-02-19 15:00,0.033,0.033,1,1.0
2024-02-19 16:00,0.01,0.01,1,1.0
2024-02-19 17:00,0.001,0.001,1,1.0
2024-02-19 18:00,0.0,0.0,1,1.0
2024-02-19 19:00,0.002,0.002,1,1.0
2024-02-19 20:00,0.002,0.002,1,1.0
2024-02-19 21:00,0.002,0.002,1,1.0
2024-02-19 22:00,0.006,0.006,1,1.0
2024-02-19 23:00,0.005,0.005,1,1.0
2024-02-20 00:00,0.002,0.002,1,1.0
2024-02-20 01:00,0.003,0.003,1,1.0
2024-02-20 02:00,0.021,0.021,1,1.0
2024-02-20 03:00,0.054,0.054,1,1.0
2024-02-20 04:00,0.028,0.028,1,1.0
2024-02-20 05:00,0.025,0.025,1,1.0
2024-02-20 06:00,0.039,0.039,1,1.0
2024-02-20 07:00,0.112,0.112,1,1.0
2024-02-20 08:00,0.196,0.196,1,1.0
2024-02-20 09:00,0.135,0.135,1,1.0
2024-02-20 10:00,0.041,0.041,1,1.0
2024-02-20 11:00,0.026,0.026,1,1.0
2024-02-20 12:00,0.017,0.017,1,1.0
2024-02-20 13:00,0.106,0.106,1,1.0
2024-02-20 14:00,0.019,0.019,1,1.0
2024-02-20 15:00,0.0,0.0,1,1.0
2024-02-20 16:00,0.002,0.002,1,1.0
2024-02-20 17:00,0.0,0.0,1,1.0
2024-02-20 18:00,0.0,0.0,1,1.0
2024-02-20 19:00,0.001,0.001,1,1.0
2024-02-20 20:00,0.0,0.0,1,1.0
2024-02-20 21:00,0.001,0.001,1,1.0
2024-02-20 22:00,0.0,0.0,1,1.0
2024-02-20 23:00,0.0,0.0,1,1.0
2024-02-21 00:00,0.0,0.0,1,1.0
2024-02-21 01:00,0.0,0.0,1,1.0
2024-02-21 02:00,0.0,0.0,1,1.0
2024-02-21 03:00,0.0,0.0,1,1.0
2024-02-21 04:00,0.0,0.0,1,1.0
2024-02-21 05:00,0.0,0.0,1,1.0
2024-02-21 06:00,0.0,0.0,1,1.0
2024-02-21 07:00,0.0,0.0,1,1.0
2024-02-21 08:00,0.0,0.0,1,1.0
2024-02-21 09:00,0.0,0.0,1,1.0
2024-02-21 10:00,0.0,0.0,1,1.0
2024-02-21 11:00,0.0,0.0,1,1.0
2024-02-21 12:00,0.0,0.0,1,1.0
2024-02-21 13:00,0.001,0.001,1,1.0
2024-02-21 14:00,0.0,0.0,1,1.0
2024-02-21 15:00,0.002,0.002,1,1.0
2024-02-21 16:00,0.0,0.0,1,1.0
2024-02-21 17:00,0.0,0.0,1,1.0
2024-02-21 18:00,0.0,0.0,1,1.0
2024-02-21 19:00,0.0,0.0,1,1.0
2024-02-21 20:00,0.0,0.0,1,1.0
2024-02-21 21:00,0.0,0.0,1,1.0
2024-02-21 22:00,0.0,0.0,1,1.0
2024-02-21 23:00,0.0,0.0,1,1.0
2024-02-22 00:00,0.0,0.0,1,1.0
2024-02-22 01:00,0.0,0.0,1,1.0
2024-02-22 02:00,0.0,0.0,1,1.0
2024-02-22 03:00,0.0,0.0,1,1.0
2024-02-22 04:00,0.0,0.0,1,1.0
2024-02-22 05:00,0.0,0.0,1,1.0
2024-02-22 06:00,0.0,0.0,1,1.0
2024-02-22 07:00,0.007,0.007,1,1.0
2024-02-22 08:00,0.018,0.018,1,1.0
2024-02-22 09:00,0.011,0.011,1,1.0
2024-02-22 10:00,0.012,0.012,1,1.0
2024-02-22 11:00,0.004,0.004,1,1.0
2024-02-22 12:00,0.0,0.0,1,1.0
2024-02-22 13:00,0.003,0.003,1,1.0
2024-02-22 14:00,0.001,0.001,1,1.0
2024-02-22 15:00,0.0,0.0,1,1.0
2024-02-22 16:00,0.0,0.0,1,1.0
2024-02-22 17:00,0.001,0.001,1,1.0
2024-02-22 18:00,0.001,0.001,1,1.0
2024-02-22 19:00,0.001,0.001,1,1.0
2024-02-22 20:00,0.001,0.001,1,1.0
2024-02-22 21:00,0.001,0.001,1,1.0
2024-02-22 22:00,0.0,0.0,1,1.0
2024-02-22 23:00,0.003,0.003,1,1.0
2024-02-23 00:00,0.015,0.015,1,1.0
2024-02-23 01:00,0.036,0.036,1,1.0
2024-02-23 02:00,0.071,0.071,1,1.0
2024-02-23 03:00,0.075,0.075,1,1.0
2024-02-23 04:00,0.058,0.058,1,1.0
2024-02-23 05:00,0.071,0.071,1,1.0
2024-02-23 06:00,0.178,0.178,1,1.0
2024-02-23 07:00,0.155,0.155,1,1.0
2024-02-23 08:00,0.19,0.19,1,1.0
2024-02-23 09:00,0.275,0.275,1,1.0
2024-02-23 10:00,0.219,0.219,1,1.0
2024-02-23 11:00,0.246,0.246,1,1.0
2024-02-23 12:00,0.094,0.094,1,1.0
2024-02-23 13:00,0.02,0.02,1,1.0
2024-02-23 14:00,0.011,0.011,1,1.0
2024-02-23 15:00,0.024,0.024,1,1.0
2024-02-23 16:00,0.047,0.047,1,1.0
2024-02-23 17:00,0.082,0.082,1,1.0
2024-02-23 18:00,0.2,0.2,1,1.0
2024-02-23 19:00,0.362,0.362,1,1.0
2024-02-23 20:00,0.995,0.995,1,1.0
2024-02-23 21:00,2.423,2.423,1,1.0
2024-02-23 22:00,4.198,4.198,1,1.0
2024-02-23 23:00,5.102,5.102,1,1.0
2024-02-24 00:00,3.704,3.704,1,1.0
2024-02-24 01:00,1.966,1.966,1,1.0
2024-02-24 02:00,0.907,0.907,1,1.0
2024-02-24 03:00,0.511,0.511,1,1.0
2024-02-24 04:00,0.415,0.415,1,1.0
2024-02-24 05:00,0.422,0.422,1,1.0
2024-02-24 06:00,0.465,0.465,1,1.0
2024-02-24 07:00,0.139,0.139,1,1.0
2024-02-24 08:00,0.308,0.308,1,1.0
2024-02-24 09:00,0.286,0.286,1,1.0
2024-02-24 10:00,0.292,0.292,1,1.0
2024-02-24 11:00,0.073,0.073,1,1.0
2024-02-24 12:00,0.08,0.08,1,1.0
2024-02-24 13:00,0.054,0.054,1,1.0
2024-02-24 14:00,0.044,0.044,1,1.0
2024-02-24 15:00,0.046,0.046,1,1.0
2024-02-24 16:00,0.05,0.05,1,1.0
2024-02-24 17:00,0.009,0.009,1,1.0
2024-02-24 18:00,0.003,0.003,1,1.0
2024-02-24 19:00,0.004,0.004,1,1.0
2024-02-24 20:00,0.003,0.003,1,1.0
2024-02-24 21:00,0.003,0.003,1,1.0
2024-02-24 22:00,0.005,0.005,1,1.0
2024-02-24 23:00,0.038,0.038,1,1.0
2024-02-25 00:00,0.154,0.154,1,1.0
2024-02-25 01:00,0.233,0.233,1,1.0
2024-02-25 02:00,0.257,0.257,1,1.0
2024-02-25 03:00,0.344,0.344,1,1.0
2024-02-25 04:00,0.356,0.356,1,1.0
2024-02-25 05:00,0.348,0.348,1,1.0
2024-02-25 06:00,0.387,0.387,1,1.0
2024-02-25 07:00,0.38,0.38,1,1.0
2024-02-25 08:00,0.469,0.469,1,1.0
2024-02-25 09:00,0.493,0.493,1,1.0
2024-02-25 10:00,0.364,0.364,1,1.0
2024-02-25 11:00,0.387,0.387,1,1.0
2024-02-25 12:00,0.457,0.457,1,1.0
2024-02-25 13:00,0.796,0.796,1,1.0
2024-02-25 14:00,0.192,0.192,1,1.0
2024-02-25 15:00,0.177,0.177,1,1.0
2024-02-25 16:00,0.068,0.068,1,1.0
2024-02-25 17:00,0.033,0.033,1,1.0
2024-02-25 18:00,0.016,0.016,1,1.0
2024-02-25 19:00,0.001,0.001,1,1.0
2024-02-25 20:00,0.002,0.002,1,1.0
2024-02-25 21:00,0.005,0.005,1,1.0
2024-02-25 22:00,0.003,0.003,1,1.0
2024-02-25 23:00,0.0,0.0,1,1.0
2024-02-26 00:00,0.0,0.0,1,1.0
2024-02-26 01:00,0.0,0.0,1,1.0
2024-02-26 02:00,0.0,0.0,1,1.0
2024-02-26 03:00,0.0,0.0,1,1.0
2024-02-26 04:00,0.0,0.0,1,1.0
2024-02-26 05:00,0.0,0.0,1,1.0
2024-02-26 06:00,0.0,0.0,1,1.0
2024-02-26 07:00,0.0,0.0,1,1.0
2024-02-26 08:00,0.0,0.0,1,1.0
2024-02-26 09:00,0.0,0.0,1,1.0
2024-02-26 10:00,0.0,0.0,1,1.0
2024-02-26 11:00,0.0,0.0,1,1.0
2024-02-26 12:00,0.001,0.001,1,1.0
2024-02-26 13:00,0.0,0.0,1,1.0
2024-02-26 14:00,0.0,0.0,1,1.0
2024-02-26 15:00,0.0,0.0,1,1.0
2024-02-26 16:00,0.001,0.001,1,1.0
2024-02-26 17:00,0.0,0.0,1,1.0
2024-02-26 18:00,0.0,0.0,1,1.0
2024-02-26 19:00,0.001,0.001,1,1.0
2024-02-26 20:00,0.0,0.0,1,1.0
2024-02-26 21:00,0.001,0.001,1,1.0
2024-02-26 22:00,0.0,0.0,1,1.0
2024-02-26 23:00,0.0,0.0,1,1.0
2024-02-27 00:00,0.0,0.0,1,1.0
2024-02-27 01:00,0.0,0.0,1,1.0
2024-02-27 02:00,0.0,0.0,1,1.0
2024-02-27 03:00,0.0,0.0,1,1.0
2024-02-27 04:00,0.0,0.0,1,1.0
2024-02-27 05:00,0.0,0.0,1,1.0
2024-02-27 06:00,0.0,0.0,1,1.0
2024-02-27 07:00,0.0,0.0,1,1.0
2024-02-27 08:00,0.0,0.0,1,1.0
2024-02-27 09:00,0.0,0.0,1,1.0
2024-02-27 10:00,0.0,0.0,1,1.0
2024-02-27 11:00,0.0,0.0,1,1.0
2024-02-27 12:00,0.0,0.0,1,1.0
2024-02-27 13:00,0.0,0.0,1,1.0
2024-02-27 14:00,0.0,0.0,1,1.0
2024-02-27 15:00,0.0,0.0,1,1.0
2024-02-27 16:00,0.0,0.0,1,1.0
2024-02-27 17:00,0.0,0.0,1,1.0
2024-02-27 18:00,0.0,0.0,1,1.0
2024-02-27 19:00,0.0,0.0,1,1.0
2024-02-27 20:00,0.0,0.0,1,1.0
2024-02-27 21:00,0.0,0.0,1,1.0
2024-02-27 22:00,0.0,0.0,1,1.0
2024-02-27 23:00,0.0,0.0,1,1.0
2024-02-28 00:00,0.0,0.0,1,1.0
2024-02-28 01:00,0.0,0.0,1,1.0
2024-02-28 02:00,0.0,0.0,1,1.0
2024-02-28 03:00,0.0,0.0,1,1.0
2024-02-28 04:00,0.0,0.0,1,1.0
2024-02-28 05:00,0.028,0.028,1,1.0
2024-02-28 06:00,0.003,0.003,1,1.0
2024-02-28 07:00,0.003,0.003,1,1.0
2024-02-28 08:00,0.0,0.0,1,1.0
2024-02-28 09:00,0.111,0.111,1,1.0
2024-02-28 10:00,0.004,0.004,1,1.0
2024-02-28 11:00,0.055,0.055,1,1.0
2024-02-28 12:00,0.258,0.258,1,1.0
2024-02-28 13:00,0.118,0.118,1,1.0
2024-02-28 14:00,0.358,0.358,1,1.0
2024-02-28 15:00,0.0,0.0,1,1.0
2024-02-28 16:00,0.0,0.0,1,1.0
2024-02-28 17:00,0.002,0.002,1,1.0
2024-02-28 18:00,0.0,0.0,1,1.0
2024-02-28 19:00,0.048,0.048,1,1.0
2024-02-28 20:00,0.016,0.016,1,1.0
2024-02-28 21:00,0.007,0.007,1,1.0
2024-02-28 22:00,0.014,0.014,1,1.0
2024-02-28 23:00,0.003,0.003,1,1.0
2024-02-29 00:00,0.202,0.202,1,1.0
2024-02-29 01:00,0.689,0.689,1,1.0
2024-02-29 02:00,1.098,1.098,1,1.0
2024-02-29 03:00,2.305,2.305,1,1.0
2024-02-29 04:00,2.767,2.767,1,1.0
2024-02-29 05:00,3.193,3.193,1,1.0
2024-02-29 06:00,3.324,3.324,1,1.0
2024-02-29 07:00,1.051,1.051,1,1.0
2024-02-29 08:00,0.1,0.1,1,1.0
2024-02-29 09:00,0.034,0.034,1,1.0
2024-02-29 10:00,0.018,0.018,1,1.0
2024-02-29 11:00,0.047,0.047,1,1.0
2024-02-29 12:00,0.138,0.138,1,1.0
2024-02-29 13:00,0.345,0.345,1,1.0
2024-02-29 14:00,1.252,1.252,1,1.0
2024-02-29 15:00,0.388,0.388,1,1.0
2024-02-29 16:00,0.324,0.324,1,1.0
2024-02-29 17:00,0.466,0.466,1,1.0
2024-02-29 18:00,0.126,0.126,1,1.0
2024-02-29 19:00,0.123,0.123,1,1.0
2024-02-29 20:00,0.094,0.094,1,1.0
2024-02-29 21:00,0.404,0.404,1,1.0
2024-02-29 22:00,0.512,0.512,1,1.0
2024-02-29 23:00,0.909,0.909,1,1.0
2024-03-01 00:00,1.299,1.299,1,1.0
2024-03-01 01:00,0.84,0.84,1,1.0
2024-03-01 02:00,0.896,0.896,1,1.0
2024-03-01 03:00,1.015,1.015,1,1.0
2024-03-01 04:00,1.289,1.289,1,1.0
2024-03-01 05:00,0.687,0.687,1,1.0
2024-03-01 06:00,1.327,1.327,1,1.0
2024-03-01 07:00,0.245,0.245,1,1.0
2024-03-01 08:00,0.141,0.141,1,1.0
2024-03-01 09:00,0.209,0.209,1,1.0
2024-03-01 10:00,0.397,0.397,1,1.0
2024-03-01 11:00,0.497,0.497,1,1.0
2024-03-01 12:00,0.362,0.362,1,1.0
2024-03-01 13:00,0.251,0.251,1,1.0
2024-03-01 14:00,0.084,0.084,1,1.0
2024-03-01 15:00,0.079,0.079,1,1.0
2024-03-01 16:00,1.326,1.326,1,1.0
2024-03-01 17:00,0.092,0.092,1,1.0
2024-03-01 18:00,0.034,0.034,1,1.0
2024-03-01 19:00,0.002,0.002,1,1.0
2024-03-01 20:00,0.0,0.0,1,1.0
2024-03-01 21:00,0.013,0.013,1,1.0
2024-03-01 22:00,0.068,0.068,1,1.0
2024-03-01 23:00,0.108,0.108,1,1.0
2024-03-02 00:00,0.149,0.149,1,1.0
2024-03-02 01:00,0.04,0.04,1,1.0
2024-03-02 02:00,0.027,0.027,1,1.0
2024-03-02 03:00,0.029,0.029,1,1.0
2024-03-02 04:00,0.017,0.017,1,1.0
2024-03-02 05:00,0.006,0.006,1,1.0
2024-03-02 06:00,0.033,0.033,1,1.0
2024-03-02 07:00,0.203,0.203,1,1.0
2024-03-02 08:00,0.257,0.257,1,1.0
2024-03-02 09:00,0.122,0.122,1,1.0
2024-03-02 10:00,0.209,0.209,1,1.0
2024-03-02 11:00,0.19,0.19,1,1.0
2024-03-02 12:00,0.359,0.359,1,1.0
2024-03-02 13:00,0.965,0.965,1,1.0
2024-03-02 14:00,0.533,0.533,1,1.0
2024-03-02 15:00,1.365,1.365,1,1.0
2024-03-02 16:00,0.364,0.364,1,1.0
2024-03-02 17:00,0.227,0.227,1,1.0
2024-03-02 18:00,0.071,0.071,1,1.0
2024-03-02 19:00,0.045,0.045,1,1.0
2024-03-02 20:00,0.052,0.052,1,1.0
2024-03-02 21:00,0.056,0.056,1,1.0
2024-03-02 22:00,0.03,0.03,1,1.0
2024-03-02 23:00,0.036,0.036,1,1.0
2024-03-03 00:00,0.021,0.021,1,1.0
2024-03-03 01:00,0.005,0.005,1,1.0
2024-03-03 02:00,0.002,0.002,1,1.0
2024-03-03 03:00,0.001,0.001,1,1.0
2024-03-03 04:00,0.001,0.001,1,1.0
2024-03-03 05:00,0.0,0.0,1,1.0
2024-03-03 06:00,0.001,0.001,1,1.0
2024-03-03 07:00,0.007,0.007,1,1.0
2024-03-03 08:00,0.018,0.018,1,1.0
2024-03-03 09:00,0.16,0.16,1,1.0
2024-03-03 10:00,0.058,0.058,1,1.0
2024-03-03 11:00,0.006,0.006,1,1.0
2024-03-03 12:00,0.0,0.0,1,1.0
2024-03-03 13:00,0.0,0.0,1,1.0
2024-03-03 14:00,0.0,0.0,1,1.0
2024-03-03 15:00,0.0,0.0,1,1.0
2024-03-03 16:00,0.0,0.0,1,1.0
2024-03-03 17:00,0.0,0.0,1,1.0
2024-03-03 18:00,0.001,0.001,1,1.0
2024-03-03 19:00,0.011,0.011,1,1.0
2024-03-03 20:00,0.099,0.099,1,1.0
2024-03-03 21:00,0.182,0.182,1,1.0
2024-03-03 22:00,0.657,0.657,1,1.0
2024-03-03 23:00,2.602,2.602,1,1.0
2024-03-04 00:00,1.434,1.434,1,1.0
2024-03-04 01:00,1.485,1.485,1,1.0
2024-03-04 02:00,2.021,2.021,1,1.0
2024-03-04 03:00,2.678,2.678,1,1.0
2024-03-04 04:00,2.65,2.65,1,1.0
2024-03-04 05:00,1.273,1.273,1,1.0
2024-03-04 06:00,0.833,0.833,1,1.0
2024-03-04 07:00,0.616,0.616,1,1.0
2024-03-04 08:00,0.54,0.54,1,1.0
2024-03-04 09:00,0.804,0.804,1,1.0
2024-03-04 10:00,0.876,0.876,1,1.0
2024-03-04 11:00,0.787,0.787,1,1.0
2024-03-04 12:00,0.511,0.511,1,1.0
2024-03-04 13:00,0.604,0.604,1,1.0
2024-03-04 14:00,0.393,0.393,1,1.0
2024-03-04 15:00,0.643,0.643,1,1.0
2024-03-04 16:00,0.126,0.126,1,1.0
2024-03-04 17:00,0.043,0.043,1,1.0
2024-03-04 18:00,0.025,0.025,1,1.0
2024-03-04 19:00,0.003,0.003,1,1.0
2024-03-04 20:00,0.001,0.001,1,1.0
2024-03-04 21:00,0.006,0.006,1,1.0
2024-03-04 22:00,0.022,0.022,1,1.0
2024-03-04 23:00,0.08,0.08,1,1.0
2024-03-05 00:00,0.052,0.052,1,1.0
2024-03-05 01:00,0.233,0.233,1,1.0
2024-03-05 02:00,0.113,0.113,1,1.0
2024-03-05 03:00,0.02,0.02,1,1.0
2024-03-05 04:00,0.016,0.016,1,1.0
2024-03-05 05:00,0.009,0.009,1,1.0
2024-03-05 06:00,0.001,0.001,1,1.0
2024-03-05 07:00,0.0,0.0,1,1.0
2024-03-05 08:00,0.0,0.0,1,1.0
2024-03-05 09:00,0.0,0.0,1,1.0
2024-03-05 10:00,0.017,0.017,1,1.0
2024-03-05 11:00,0.129,0.129,1,1.0
2024-03-05 12:00,0.118,0.118,1,1.0
2024-03-05 13:00,0.088,0.088,1,1.0
2024-03-05 14:00,0.066,0.066,1,1.0
2024-03-05 15:00,0.008,0.008,1,1.0
2024-03-05 16:00,0.004,0.004,1,1.0
2024-03-05 17:00,0.0,0.0,1,1.0
2024-03-05 18:00,0.002,0.002,1,1.0
2024-03-05 19:00,0.0,0.0,1,1.0
2024-03-05 20:00,0.0,0.0,1,1.0
2024-03-05 21:00,0.001,0.001,1,1.0
2024-03-05 22:00,0.003,0.003,1,1.0
2024-03-05 23:00,0.005,0.005,1,1.0
2024-03-06 00:00,0.016,0.016,1,1.0
2024-03-06 01:00,0.016,0.016,1,1.0
2024-03-06 02:00,0.024,0.024,1,1.0
2024-03-06 03:00,0.016,0.016,1,1.0
2024-03-06 04:00,0.066,0.066,1,1.0
2024-03-06 05:00,0.071,0.071,1,1.0
2024-03-06 06:00,0.042,0.042,1,1.0
2024-03-06 07:00,0.128,0.128,1,1.0
2024-03-06 08:00,0.26,0.26,1,1.0
2024-03-06 09:00,0.137,0.137,1,1.0
2024-03-06 10:00,0.141,0.141,1,1.0
2024-03-06 11:00,0.223,0.223,1,1.0
2024-03-06 12:00,0.087,0.087,1,1.0
2024-03-06 13:00,0.031,0.031,1,1.0
2024-03-06 14:00,0.013,0.013,1,1.0
2024-03-06 15:00,0.012,0.012,1,1.0
2024-03-06 16:00,0.01,0.01,1,1.0
2024-03-06 17:00,0.046,0.046,1,1.0
2024-03-06 18:00,0.201,0.201,1,1.0
2024-03-06 19:00,0.012,0.012,1,1.0
2024-03-06 20:00,0.136,0.136,1,1.0
2024-03-06 21:00,0.348,0.348,1,1.0
2024-03-06 22:00,0.416,0.416,1,1.0
2024-03-06 23:00,0.753,0.753,1,1.0
2024-03-07 00:00,0.58,0.58,1,1.0
2024-03-07 01:00,0.503,0.503,1,1.0
2024-03-07 02:00,0.181,0.181,1,1.0
2024-03-07 03:00,0.101,0.101,1,1.0
2024-03-07 04:00,0.248,0.248,1,1.0
2024-03-07 05:00,0.196,0.196,1,1.0
2024-03-07 06:00,0.147,0.147,1,1.0
2024-03-07 07:00,0.066,0.066,1,1.0
2024-03-07 08:00,0.046,0.046,1,1.0
2024-03-07 09:00,0.182,0.182,1,1.0
2024-03-07 10:00,0.312,0.312,1,1.0
2024-03-07 11:00,0.344,0.344,1,1.0
2024-03-07 12:00,0.228,0.228,1,1.0
2024-03-07 13:00,0.206,0.206,1,1.0
2024-03-07 14:00,0.043,0.043,1,1.0
2024-03-07 15:00,0.032,0.032,1,1.0
2024-03-07 16:00,0.038,0.038,1,1.0
2024-03-07 17:00,0.012,0.012,1,1.0
2024-03-07 18:00,0.001,0.001,1,1.0
2024-03-07 19:00,0.0,0.0,1,1.0
2024-03-07 20:00,0.0,0.0,1,1.0
2024-03-07 21:00,0.0,0.0,1,1.0
2024-03-07 22:00,0.0,0.0,1,1.0
2024-03-07 23:00,0.0,0.0,1,1.0
2024-03-08 00:00,0.0,0.0,1,1.0
2024-03-08 01:00,0.0,0.0,1,1.0
2024-03-08 02:00,0.0,0.0,1,1.0
2024-03-08 03:00,0.0,0.0,1,1.0
2024-03-08 04:00,0.0,0.0,1,1.0
2024-03-08 05:00,0.0,0.0,1,1.0
2024-03-08 06:00,0.0,0.0,1,1.0
2024-03-08 07:00,0.0,0.0,1,1.0
2024-03-08 08:00,0.0,0.0,1,1.0
2024-03-08 09:00,0.0,0.0,1,1.0
2024-03-08 10:00,0.0,0.0,1,1.0
2024-03-08 11:00,0.0,0.0,1,1.0
2024-03-08 12:00,0.0,0.0,1,1.0
2024-03-08 13:00,0.0,0.0,1,1.0
2024-03-08 14:00,0.0,0.0,1,1.0
2024-03-08 15:00,0.0,0.0,1,1.0
2024-03-08 16:00,0.0,0.0,1,1.0
2024-03-08 17:00,0.0,0.0,1,1.0
2024-03-08 18:00,0.002,0.002,1,1.0
2024-03-08 19:00,0.0,0.0,1,1.0
2024-03-08 20:00,0.023,0.023,1,1.0
2024-03-08 21:00,0.0,0.0,1,1.0
2024-03-08 22:00,0.021,0.021,1,1.0
2024-03-08 23:00,0.511,0.511,1,1.0
2024-03-09 00:00,0.611,0.611,1,1.0
2024-03-09 01:00,0.527,0.527,1,1.0
2024-03-09 02:00,0.252,0.252,1,1.0
2024-03-09 03:00,0.351,0.351,1,1.0
2024-03-09 04:00,0.411,0.411,1,1.0
2024-03-09 05:00,1.141,1.141,1,1.0
2024-03-09 06:00,2.1,2.1,1,1.0
2024-03-09 07:00,1.04,1.04,1,1.0
2024-03-09 08:00,1.883,1.883,1,1.0
2024-03-09 09:00,1.637,1.637,1,1.0
2024-03-09 10:00,2.454,2.454,1,1.0
2024-03-09 11:00,4.278,4.278,1,1.0
2024-03-09 12:00,4.148,4.148,1,1.0
2024-03-09 13:00,1.186,1.186,1,1.0
2024-03-09 14:00,0.805,0.805,1,1.0
2024-03-09 15:00,1.853,1.853,1,1.0
2024-03-09 16:00,2.43,2.43,1,1.0
2024-03-09 17:00,0.33,0.33,1,1.0
2024-03-09 18:00,0.257,0.257,1,1.0
2024-03-09 19:00,0.2,0.2,1,1.0
2024-03-09 20:00,0.036,0.036,1,1.0
2024-03-09 21:00,0.0,0.0,1,1.0
2024-03-09 22:00,0.001,0.001,1,1.0
2024-03-09 23:00,0.0,0.0,1,1.0
2024-03-10 00:00,0.0,0.0,1,1.0
2024-03-10 01:00,0.0,0.0,1,1.0
2024-03-10 02:00,0.0,0.0,1,1.0
2024-03-10 03:00,0.0,0.0,1,1.0
2024-03-10 04:00,0.0,0.0,1,1.0
2024-03-10 05:00,0.0,0.0,1,1.0
2024-03-10 06:00,0.0,0.0,1,1.0
2024-03-10 07:00,0.0,0.0,1,1.0
2024-03-10 08:00,0.0,0.0,1,1.0
2024-03-10 09:00,0.0,0.0,1,1.0
2024-03-10 10:00,0.0,0.0,1,1.0
2024-03-10 11:00,0.0,0.0,1,1.0
2024-03-10 12:00,0.006,0.006,1,1.0
2024-03-10 13:00,0.042,0.042,1,1.0
2024-03-10 14:00,0.097,0.097,1,1.0
2024-03-10 15:00,0.34,0.34,1,1.0
2024-03-10 16:00,0.394,0.394,1,1.0
2024-03-10 17:00,0.8,0.8,1,1.0
2024-03-10 18:00,1.231,1.231,1,1.0
2024-03-10 19:00,0.577,0.577,1,1.0
2024-03-10 20:00,0.743,0.743,1,1.0
2024-03-10 21:00,1.227,1.227,1,1.0
2024-03-10 22:00,1.243,1.243,1,1.0
2024-03-10 23:00,2.567,2.567,1,1.0
2024-03-11 00:00,4.213,4.213,1,1.0
2024-03-11 01:00,5.432,5.432,1,1.0
2024-03-11 02:00,3.893,3.893,1,1.0
2024-03-11 03:00,2.484,2.484,1,1.0
2024-03-11 04:00,1.857,1.857,1,1.0
2024-03-11 05:00,0.892,0.892,1,1.0
2024-03-11 06:00,0.461,0.461,1,1.0
2024-03-11 07:00,0.609,0.609,1,1.0
2024-03-11 08:00,1.54,1.54,1,1.0
2024-03-11 09:00,1.663,1.663,1,1.0
2024-03-11 10:00,0.987,0.987,1,1.0
2024-03-11 11:00,1.612,1.612,1,1.0
2024-03-11 12:00,0.707,0.707,1,1.0
2024-03-11 13:00,1.437,1.437,1,1.0
2024-03-11 14:00,2.641,2.641,1,1.0
2024-03-11 15:00,2.677,2.677,1,1.0
2024-03-11 16:00,3.64,3.64,1,1.0
2024-03-11 17:00,1.052,1.052,1,1.0
2024-03-11 18:00,0.582,0.582,1,1.0
2024-03-11 19:00,1.018,1.018,1,1.0
2024-03-11 20:00,0.64,0.64,1,1.0
2024-03-11 21:00,0.44,0.44,1,1.0
2024-03-11 22:00,0.409,0.409,1,1.0
2024-03-11 23:00,0.309,0.309,1,1.0
2024-03-12 00:00,0.241,0.241,1,1.0
2024-03-12 01:00,0.299,0.299,1,1.0
2024-03-12 02:00,1.563,1.563,1,1.0
2024-03-12 03:00,0.684,0.684,1,1.0
2024-03-12 04:00,0.398,0.398,1,1.0
2024-03-12 05:00,0.181,0.181,1,1.0
2024-03-12 06:00,0.229,0.229,1,1.0
2024-03-12 07:00,0.237,0.237,1,1.0
2024-03-12 08:00,0.359,0.359,1,1.0
2024-03-12 09:00,0.433,0.433,1,1.0
2024-03-12 10:00,0.373,0.373,1,1.0
2024-03-12 11:00,0.364,0.364,1,1.0
2024-03-12 12:00,0.197,0.197,1,1.0
2024-03-12 13:00,0.161,0.161,1,1.0
2024-03-12 14:00,0.183,0.183,1,1.0
2024-03-12 15:00,1.683,1.683,1,1.0
2024-03-12 16:00,2.807,2.807,1,1.0
2024-03-12 17:00,0.671,0.671,1,1.0
2024-03-12 18:00,0.091,0.091,1,1.0
2024-03-12 19:00,0.036,0.036,1,1.0
2024-03-12 20:00,0.003,0.003,1,1.0
2024-03-12 21:00,0.0,0.0,1,1.0
2024-03-12 22:00,0.0,0.0,1,1.0
2024-03-12 23:00,0.0,0.0,1,1.0
2024-03-13 00:00,0.0,0.0,1,1.0
2024-03-13 01:00,0.0,0.0,1,1.0
2024-03-13 02:00,0.0,0.0,1,1.0
2024-03-13 03:00,0.0,0.0,1,1.0
2024-03-13 04:00,0.0,0.0,1,1.0
2024-03-13 05:00,0.0,0.0,1,1.0
2024-03-13 06:00,0.0,0.0,1,1.0
2024-03-13 07:00,0.0,0.0,1,1.0
2024-03-13 08:00,0.0,0.0,1,1.0
2024-03-13 09:00,0.0,0.0,1,1.0
2024-03-13 10:00,0.102,0.102,1,1.0
2024-03-13 11:00,0.0,0.0,1,1.0
2024-03-13 12:00,0.035,0.035,1,1.0
2024-03-13 13:00,0.002,0.002,1,1.0
2024-03-13 14:00,0.015,0.015,1,1.0
2024-03-13 15:00,0.041,0.041,1,1.0
2024-03-13 16:00,0.002,0.002,1,1.0
2024-03-13 17:00,0.0,0.0,1,1.0
2024-03-13 18:00,0.0,0.0,1,1.0
2024-03-13 19:00,0.001,0.001,1,1.0
2024-03-13 20:00,0.0,0.0,1,1.0
2024-03-13 21:00,0.0,0.0,1,1.0
2024-03-13 22:00,0.0,0.0,1,1.0
2024-03-13 23:00,0.0,0.0,1,1.0
2024-03-14 00:00,0.0,0.0,1,1.0
2024-03-14 01:00,0.0,0.0,1,1.0
2024-03-14 02:00,0.0,0.0,1,1.0
2024-03-14 03:00,0.0,0.0,1,1.0
2024-03-14 04:00,0.0,0.0,1,1.0
2024-03-14 05:00,0.0,0.0,1,1.0
2024-03-14 06:00,0.0,0.0,1,1.0
2024-03-14 07:00,0.0,0.0,1,1.0
2024-03-14 08:00,0.0,0.0,1,1.0
2024-03-14 09:00,0.0,0.0,1,1.0
2024-03-14 10:00,0.0,0.0,1,1.0
2024-03-14 11:00,0.005,0.005,1,1.0
2024-03-14 12:00,0.016,0.016,1,1.0
2024-03-14 13:00,0.0,0.0,1,1.0
2024-03-14 14:00,0.005,0.005,1,1.0
2024-03-14 15:00,0.0,0.0,1,1.0
2024-03-14 16:00,0.0,0.0,1,1.0
2024-03-14 17:00,0.001,0.001,1,1.0
2024-03-14 18:00,0.002,0.002,1,1.0
2024-03-14 19:00,0.001,0.001,1,1.0
2024-03-14 20:00,0.0,0.0,1,1.0
2024-03-14 21:00,0.0,0.0,1,1.0
2024-03-14 22:00,0.004,0.004,1,1.0
2024-03-14 23:00,0.012,0.012,1,1.0
2024-03-15 00:00,0.005,0.005,1,1.0
2024-03-15 01:00,0.002,0.002,1,1.0
2024-03-15 02:00,0.004,0.004,1,1.0
2024-03-15 03:00,0.007,0.007,1,1.0
2024-03-15 04:00,0.012,0.012,1,1.0
2024-03-15 05:00,0.015,0.015,1,1.0
2024-03-15 06:00,0.014,0.014,1,1.0
2024-03-15 07:00,0.005,0.005,1,1.0
2024-03-15 08:00,0.003,0.003,1,1.0
2024-03-15 09:00,0.001,0.001,1,1.0
2024-03-15 10:00,0.0,0.0,1,1.0
2024-03-15 11:00,0.0,0.0,1,1.0
2024-03-15 12:00,0.0,0.0,1,1.0
2024-03-15 13:00,0.001,0.001,1,1.0
2024-03-15 14:00,0.0,0.0,1,1.0
2024-03-15 15:00,0.0,0.0,1,1.0
2024-03-15 16:00,0.0,0.0,1,1.0
2024-03-15 17:00,0.0,0.0,1,1.0
2024-03-15 18:00,0.001,0.001,1,1.0
2024-03-15 19:00,0.001,0.001,1,1.0
2024-03-15 20:00,0.0,0.0,1,1.0
2024-03-15 21:00,0.0,0.0,1,1.0
2024-03-15 22:00,0.0,0.0,1,1.0
2024-03-15 23:00,0.0,0.0,1,1.0
2024-03-16 00:00,0.001,0.001,1,1.0
2024-03-16 01:00,0.001,0.001,1,1.0
2024-03-16 02:00,0.001,0.001,1,1.0
2024-03-16 03:00,0.003,0.003,1,1.0
2024-03-16 04:00,0.005,0.005,1,1.0
2024-03-16 05:00,0.008,0.008,1,1.0
2024-03-16 06:00,0.01,0.01,1,1.0
2024-03-16 07:00,0.125,0.125,1,1.0
2024-03-16 08:00,0.223,0.223,1,1.0
2024-03-16 09:00,0.222,0.222,1,1.0
2024-03-16 10:00,0.261,0.261,1,1.0
2024-03-16 11:00,0.208,0.208,1,1.0
2024-03-16 12:00,0.157,0.157,1,1.0
2024-03-16 13:00,0.154,0.154,1,1.0
2024-03-16 14:00,0.169,0.169,1,1.0
2024-03-16 15:00,0.153,0.153,1,1.0
2024-03-16 16:00,0.73,0.73,1,1.0
2024-03-16 17:00,0.192,0.192,1,1.0
2024-03-16 18:00,0.097,0.097,1,1.0
2024-03-16 19:00,0.016,0.016,1,1.0
2024-03-16 20:00,0.004,0.004,1,1.0
2024-03-16 21:00,0.001,0.001,1,1.0
2024-03-16 22:00,0.002,0.002,1,1.0
2024-03-16 23:00,0.001,0.001,1,1.0
2024-03-17 00:00,0.003,0.003,1,1.0
2024-03-17 01:00,0.0,0.0,1,1.0
2024-03-17 02:00,0.0,0.0,1,1.0
2024-03-17 03:00,0.0,0.0,1,1.0
2024-03-17 04:00,0.0,0.0,1,1.0
2024-03-17 05:00,0.0,0.0,1,1.0
2024-03-17 06:00,0.0,0.0,1,1.0
2024-03-17 07:00,0.0,0.0,1,1.0
2024-03-17 08:00,0.0,0.0,1,1.0
2024-03-17 09:00,0.002,0.002,1,1.0
2024-03-17 10:00,0.001,0.001,1,1.0
2024-03-17 11:00,0.003,0.003,1,1.0
2024-03-17 12:00,0.008,0.008,1,1.0
2024-03-17 13:00,0.005,0.005,1,1.0
2024-03-17 14:00,0.003,0.003,1,1.0
2024-03-17 15:00,0.001,0.001,1,1.0
2024-03-17 16:00,0.0,0.0,1,1.0
2024-03-17 17:00,0.0,0.0,1,1.0
2024-03-17 18:00,0.0,0.0,1,1.0
2024-03-17 19:00,0.0,0.0,1,1.0
2024-03-17 20:00,0.0,0.0,1,1.0
2024-03-17 21:00,0.0,0.0,1,1.0
2024-03-17 22:00,0.0,0.0,1,1.0
2024-03-17 23:00,0.001,0.001,1,1.0
2024-03-18 00:00,0.0,0.0,1,1.0
2024-03-18 01:00,0.0,0.0,1,1.0
2024-03-18 02:00,0.0,0.0,1,1.0
2024-03-18 03:00,0.001,0.001,1,1.0
2024-03-18 04:00,0.002,0.002,1,1.0
2024-03-18 05:00,0.007,0.007,1,1.0
2024-03-18 06:00,0.008,0.008,1,1.0
2024-03-18 07:00,0.021,0.021,1,1.0
2024-03-18 08:00,0.055,0.055,1,1.0
2024-03-18 09:00,0.079,0.079,1,1.0
2024-03-18 10:00,0.072,0.072,1,1.0
2024-03-18 11:00,0.132,0.132,1,1.0
2024-03-18 12:00,0.154,0.154,1,1.0
2024-03-18 13:00,0.252,0.252,1,1.0
2024-03-18 14:00,0.275,0.275,1,1.0
2024-03-18 15:00,0.145,0.145,1,1.0
2024-03-18 16:00,0.046,0.046,1,1.0
2024-03-18 17:00,0.035,0.035,1,1.0
2024-03-18 18:00,0.06,0.06,1,1.0
2024-03-18 19:00,0.099,0.099,1,1.0
2024-03-18 20:00,0.111,0.111,1,1.0
2024-03-18 21:00,0.065,0.065,1,1.0
2024-03-18 22:00,0.069,0.069,1,1.0
2024-03-18 23:00,0.056,0.056,1,1.0
2024-03-19 00:00,0.054,0.054,1,1.0
2024-03-19 01:00,0.093,0.093,1,1.0
2024-03-19 02:00,0.041,0.041,1,1.0
2024-03-19 03:00,0.082,0.082,1,1.0
2024-03-19 04:00,0.103,0.103,1,1.0
2024-03-19 05:00,0.091,0.091,1,1.0
2024-03-19 06:00,0.076,0.076,1,1.0
2024-03-19 07:00,0.038,0.038,1,1.0
2024-03-19 08:00,0.04,0.04,1,1.0
2024-03-19 09:00,0.007,0.007,1,1.0
2024-03-19 10:00,0.004,0.004,1,1.0
2024-03-19 11:00,0.0,0.0,1,1.0
2024-03-19 12:00,0.002,0.002,1,1.0
2024-03-19 13:00,0.002,0.002,1,1.0
2024-03-19 14:00,0.0,0.0,1,1.0
2024-03-19 15:00,0.0,0.0,1,1.0
2024-03-19 16:00,0.0,0.0,1,1.0
2024-03-19 17:00,0.0,0.0,1,1.0
2024-03-19 18:00,0.001,0.001,1,1.0
2024-03-19 19:00,0.001,0.001,1,1.0
2024-03-19 20:00,0.0,0.0,1,1.0
2024-03-19 21:00,0.0,0.0,1,1.0
2024-03-19 22:00,0.0,0.0,1,1.0
2024-03-19 23:00,0.0,0.0,1,1.0
2024-03-20 00:00,0.0,0.0,1,1.0
2024-03-20 01:00,0.0,0.0,1,1.0
2024-03-20 02:00,0.0,0.0,1,1.0
2024-03-20 03:00,0.0,0.0,1,1.0
2024-03-20 04:00,0.0,0.0,1,1.0
2024-03-20 05:00,0.0,0.0,1,1.0
2024-03-20 06:00,0.0,0.0,1,1.0
2024-03-20 07:00,0.0,0.0,1,1.0
2024-03-20 08:00,0.0,0.0,1,1.0
2024-03-20 09:00,0.0,0.0,1,1.0
2024-03-20 10:00,0.0,0.0,1,1.0
2024-03-20 11:00,0.0,0.0,1,1.0
2024-03-20 12:00,0.0,0.0,1,1.0
2024-03-20 13:00,0.0,0.0,1,1.0
2024-03-20 14:00,0.0,0.0,1,1.0
2024-03-20 15:00,0.0,0.0,1,1.0
2024-03-20 16:00,0.0,0.0,1,1.0
2024-03-20 17:00,0.0,0.0,1,1.0
2024-03-20 18:00,0.0,0.0,1,1.0
2024-03-20 19:00,0.0,0.0,1,1.0
2024-03-20 20:00,0.0,0.0,1,1.0
2024-03-20 21:00,0.0,0.0,1,1.0
2024-03-20 22:00,0.0,0.0,1,1.0
2024-03-20 23:00,0.0,0.0,1,1.0
2024-03-21 00:00,0.0,0.0,1,1.0
2024-03-21 01:00,0.0,0.0,1,1.0
2024-03-21 02:00,0.0,0.0,1,1.0
2024-03-21 03:00,0.0,0.0,1,1.0
2024-03-21 04:00,0.0,0.0,1,1.0
2024-03-21 05:00,0.0,0.0,1,1.0
2024-03-21 06:00,0.0,0.0,1,1.0
2024-03-21 07:00,0.0,0.0,1,1.0
2024-03-21 08:00,0.0,0.0,1,1.0
2024-03-21 09:00,0.0,0.0,1,1.0
2024-03-21 10:00,0.0,0.0,1,1.0
2024-03-21 11:00,0.0,0.0,1,1.0
2024-03-21 12:00,0.0,0.0,1,1.0
2024-03-21 13:00,0.0,0.0,1,1.0
2024-03-21 14:00,0.0,0.0,1,1.0
2024-03-21 15:00,0.0,0.0,1,1.0
2024-03-21 16:00,0.003,0.003,1,1.0
2024-03-21 17:00,0.002,0.002,1,1.0
2024-03-21 18:00,0.006,0.006,1,1.0
2024-03-21 19:00,0.005,0.005,1,1.0
2024-03-21 20:00,0.002,0.002,1,1.0
2024-03-21 21:00,0.001,0.001,1,1.0
2024-03-21 22:00,0.0,0.0,1,1.0
2024-03-21 23:00,0.0,0.0,1,1.0
2024-03-22 00:00,0.003,0.003,1,1.0
2024-03-22 01:00,0.006,0.006,1,1.0
2024-03-22 02:00,0.006,0.006,1,1.0
2024-03-22 03:00,0.009,0.009,1,1.0
2024-03-22 04:00,0.032,0.032,1,1.0
2024-03-22 05:00,0.018,0.018,1,1.0
2024-03-22 06:00,0.044,0.044,1,1.0
2024-03-22 07:00,0.002,0.002,1,1.0
2024-03-22 08:00,0.002,0.002,1,1.0
2024-03-22 09:00,0.003,0.003,1,1.0
2024-03-22 10:00,0.041,0.041,1,1.0
2024-03-22 11:00,0.094,0.094,1,1.0
2024-03-22 12:00,0.015,0.015,1,1.0
2024-03-22 13:00,0.013,0.013,1,1.0
2024-03-22 14:00,0.286,0.286,1,1.0
2024-03-22 15:00,0.087,0.087,1,1.0
2024-03-22 16:00,0.007,0.007,1,1.0
2024-03-22 17:00,0.002,0.002,1,1.0
2024-03-22 18:00,0.0,0.0,1,1.0
2024-03-22 19:00,0.001,0.001,1,1.0
2024-03-22 20:00,0.0,0.0,1,1.0
2024-03-22 21:00,0.001,0.001,1,1.0
2024-03-22 22:00,0.0,0.0,1,1.0
2024-03-22 23:00,0.0,0.0,1,1.0
2024-03-23 00:00,0.0,0.0,1,1.0
2024-03-23 01:00,0.0,0.0,1,1.0
2024-03-23 02:00,0.0,0.0,1,1.0
2024-03-23 03:00,0.0,0.0,1,1.0
2024-03-23 04:00,0.0,0.0,1,1.0
2024-03-23 05:00,0.0,0.0,1,1.0
2024-03-23 06:00,0.0,0.0,1,1.0
2024-03-23 07:00,0.0,0.0,1,1.0
2024-03-23 08:00,0.0,0.0,1,1.0
2024-03-23 09:00,0.001,0.001,1,1.0
2024-03-23 10:00,0.041,0.041,1,1.0
2024-03-23 11:00,0.075,0.075,1,1.0
2024-03-23 12:00,0.046,0.046,1,1.0
2024-03-23 13:00,0.033,0.033,1,1.0
2024-03-23 14:00,0.007,0.007,1,1.0
2024-03-23 15:00,0.006,0.006,1,1.0
2024-03-23 16:00,0.003,0.003,1,1.0
2024-03-23 17:00,0.007,0.007,1,1.0
2024-03-23 18:00,0.002,0.002,1,1.0
2024-03-23 19:00,0.005,0.005,1,1.0
2024-03-23 20:00,0.018,0.018,1,1.0
2024-03-23 21:00,0.028,0.028,1,1.0
2024-03-23 22:00,0.047,0.047,1,1.0
2024-03-23 23:00,0.049,0.049,1,1.0
2024-03-24 00:00,0.07,0.07,1,1.0
2024-03-24 01:00,0.042,0.042,1,1.0
2024-03-24 02:00,0.093,0.093,1,1.0
2024-03-24 03:00,0.127,0.127,1,1.0
2024-03-24 04:00,0.134,0.134,1,1.0
2024-03-24 05:00,0.099,0.099,1,1.0
2024-03-24 06:00,0.136,0.136,1,1.0
2024-03-24 07:00,0.292,0.292,1,1.0
2024-03-24 08:00,0.08,0.08,1,1.0
2024-03-24 09:00,0.003,0.003,1,1.0
2024-03-24 10:00,0.0,0.0,1,1.0
2024-03-24 11:00,0.0,0.0,1,1.0
2024-03-24 12:00,0.001,0.001,1,1.0
2024-03-24 13:00,0.002,0.002,1,1.0
2024-03-24 14:00,0.0,0.0,1,1.0
2024-03-24 15:00,0.002,0.002,1,1.0
2024-03-24 16:00,0.001,0.001,1,1.0
2024-03-24 17:00,0.002,0.002,1,1.0
2024-03-24 18:00,0.012,0.012,1,1.0
2024-03-24 19:00,0.007,0.007,1,1.0
2024-03-24 20:00,0.006,0.006,1,1.0
2024-03-24 21:00,0.004,0.004,1,1.0
2024-03-24 22:00,0.002,0.002,1,1.0
2024-03-24 23:00,0.0,0.0,1,1.0
2024-03-25 00:00,0.0,0.0,1,1.0
2024-03-25 01:00,0.006,0.006,1,1.0
2024-03-25 02:00,0.018,0.018,1,1.0
2024-03-25 03:00,0.01,0.01,1,1.0
2024-03-25 04:00,0.005,0.005,1,1.0
2024-03-25 05:00,0.002,0.002,1,1.0
2024-03-25 06:00,0.0,0.0,1,1.0
2024-03-25 07:00,0.001,0.001,1,1.0
2024-03-25 08:00,0.0,0.0,1,1.0
2024-03-25 09:00,0.0,0.0,1,1.0
2024-03-25 10:00,0.0,0.0,1,1.0
2024-03-25 11:00,0.0,0.0,1,1.0
2024-03-25 12:00,0.0,0.0,1,1.0
2024-03-25 13:00,0.001,0.001,1,1.0
2024-03-25 14:00,0.0,0.0,1,1.0
2024-03-25 15:00,0.0,0.0,1,1.0
2024-03-25 16:00,0.0,0.0,1,1.0
2024-03-25 17:00,0.0,0.0,1,1.0
2024-03-25 18:00,0.0,0.0,1,1.0
2024-03-25 19:00,0.081,0.081,1,1.0
2024-03-25 20:00,0.51,0.51,1,1.0
2024-03-25 21:00,0.0,0.0,1,1.0
2024-03-25 22:00,0.0,0.0,1,1.0
2024-03-25 23:00,0.0,0.0,1,1.0
2024-03-26 00:00,0.0,0.0,1,1.0
2024-03-26 01:00,0.0,0.0,1,1.0
2024-03-26 02:00,0.002,0.002,1,1.0
2024-03-26 03:00,0.064,0.064,1,1.0
2024-03-26 04:00,0.038,0.038,1,1.0
2024-03-26 05:00,0.118,0.118,1,1.0
2024-03-26 06:00,0.161,0.161,1,1.0
2024-03-26 07:00,0.098,0.098,1,1.0
2024-03-26 08:00,0.23,0.23,1,1.0
2024-03-26 09:00,0.209,0.209,1,1.0
2024-03-26 10:00,0.158,0.158,1,1.0
2024-03-26 11:00,0.351,0.351,1,1.0
2024-03-26 12:00,1.22,1.22,1,1.0
2024-03-26 13:00,0.703,0.703,1,1.0
2024-03-26 14:00,0.166,0.166,1,1.0
2024-03-26 15:00,0.237,0.237,1,1.0
2024-03-26 16:00,0.558,0.558,1,1.0
2024-03-26 17:00,0.469,0.469,1,1.0
2024-03-26 18:00,0.157,0.157,1,1.0
2024-03-26 19:00,0.1,0.1,1,1.0
2024-03-26 20:00,0.065,0.065,1,1.0
2024-03-26 21:00,0.059,0.059,1,1.0
2024-03-26 22:00,0.249,0.249,1,1.0
2024-03-26 23:00,0.053,0.053,1,1.0
2024-03-27 00:00,0.017,0.017,1,1.0
2024-03-27 01:00,0.022,0.022,1,1.0
2024-03-27 02:00,0.025,0.025,1,1.0
2024-03-27 03:00,0.031,0.031,1,1.0
2024-03-27 04:00,0.025,0.025,1,1.0
2024-03-27 05:00,0.012,0.012,1,1.0
2024-03-27 06:00,0.003,0.003,1,1.0
2024-03-27 07:00,0.002,0.002,1,1.0
2024-03-27 08:00,0.241,0.241,1,1.0
2024-03-27 09:00,0.0,0.0,1,1.0
2024-03-27 10:00,0.0,0.0,1,1.0
2024-03-27 11:00,0.002,0.002,1,1.0
2024-03-27 12:00,1.064,1.064,1,1.0
2024-03-27 13:00,0.674,0.674,1,1.0
2024-03-27 14:00,1.193,1.193,1,1.0
2024-03-27 15:00,1.865,1.865,1,1.0
2024-03-27 16:00,2.794,2.794,1,1.0
2024-03-27 17:00,2.015,2.015,1,1.0
2024-03-27 18:00,1.14,1.14,1,1.0
2024-03-27 19:00,0.486,0.486,1,1.0
2024-03-27 20:00,0.35,0.35,1,1.0
2024-03-27 21:00,0.172,0.172,1,1.0
2024-03-27 22:00,0.36,0.36,1,1.0
2024-03-27 23:00,0.295,0.295,1,1.0
2024-03-28 00:00,0.107,0.107,1,1.0
2024-03-28 01:00,0.125,0.125,1,1.0
2024-03-28 02:00,0.184,0.184,1,1.0
2024-03-28 03:00,0.112,0.112,1,1.0
2024-03-28 04:00,0.012,0.012,1,1.0
2024-03-28 05:00,0.004,0.004,1,1.0
2024-03-28 06:00,0.001,0.001,1,1.0
2024-03-28 07:00,0.054,0.054,1,1.0
2024-03-28 08:00,0.066,0.066,1,1.0
2024-03-28 09:00,0.259,0.259,1,1.0
2024-03-28 10:00,0.293,0.293,1,1.0
2024-03-28 11:00,0.379,0.379,1,1.0
2024-03-28 12:00,0.808,0.808,1,1.0
2024-03-28 13:00,0.888,0.888,1,1.0
2024-03-28 14:00,0.493,0.493,1,1.0
2024-03-28 15:00,0.154,0.154,1,1.0
2024-03-28 16:00,0.019,0.019,1,1.0
2024-03-28 17:00,0.024,0.024,1,1.0
2024-03-28 18:00,0.015,0.015,1,1.0
2024-03-28 19:00,0.11,0.11,1,1.0
2024-03-28 20:00,0.098,0.098,1,1.0
2024-03-28 21:00,0.032,0.032,1,1.0
2024-03-28 22:00,0.007,0.007,1,1.0
2024-03-28 23:00,0.0,0.0,1,1.0
2024-03-29 00:00,0.0,0.0,1,1.0
2024-03-29 01:00,0.0,0.0,1,1.0
2024-03-29 02:00,0.0,0.0,1,1.0
2024-03-29 03:00,0.0,0.0,1,1.0
2024-03-29 04:00,0.0,0.0,1,1.0
2024-03-29 05:00,0.0,0.0,1,1.0
2024-03-29 06:00,0.0,0.0,1,1.0
2024-03-29 07:00,0.0,0.0,1,1.0
2024-03-29 08:00,0.0,0.0,1,1.0
2024-03-29 09:00,0.0,0.0,1,1.0
2024-03-29 10:00,0.0,0.0,1,1.0
2024-03-29 11:00,0.0,0.0,1,1.0
2024-03-29 12:00,0.0,0.0,1,1.0
2024-03-29 13:00,0.0,0.0,1,1.0
2024-03-29 14:00,0.0,0.0,1,1.0
2024-03-29 15:00,0.0,0.0,1,1.0
2024-03-29 16:00,0.0,0.0,1,1.0
2024-03-29 17:00,0.0,0.0,1,1.0
2024-03-29 18:00,0.0,0.0,1,1.0
2024-03-29 19:00,0.0,0.0,1,1.0
2024-03-29 20:00,0.0,0.0,1,1.0
2024-03-29 21:00,0.0,0.0,1,1.0
2024-03-29 22:00,0.0,0.0,1,1.0
2024-03-29 23:00,0.0,0.0,1,1.0
2024-03-30 00:00,0.0,0.0,1,1.0
2024-03-30 01:00,0.0,0.0,1,1.0
2024-03-30 02:00,0.0,0.0,1,1.0
2024-03-30 03:00,0.0,0.0,1,1.0
2024-03-30 04:00,0.0,0.0,1,1.0
2024-03-30 05:00,0.0,0.0,1,1.0
2024-03-30 06:00,0.0,0.0,1,1.0
2024-03-30 07:00,0.0,0.0,1,1.0
2024-03-30 08:00,0.0,0.0,1,1.0
2024-03-30 09:00,0.0,0.0,1,1.0
2024-03-30 10:00,0.0,0.0,1,1.0
2024-03-30 11:00,0.0,0.0,1,1.0
2024-03-30 12:00,0.0,0.0,1,1.0
2024-03-30 13:00,0.0,0.0,1,1.0
2024-03-30 14:00,0.0,0.0,1,1.0
2024-03-30 15:00,0.0,0.0,1,1.0
2024-03-30 16:00,0.0,0.0,1,1.0
2024-03-30 17:00,0.0,0.0,1,1.0
2024-03-30 18:00,0.0,0.0,1,1.0
2024-03-30 19:00,0.0,0.0,1,1.0
2024-03-30 20:00,0.0,0.0,1,1.0
2024-03-30 21:00,0.001,0.001,1,1.0
2024-03-30 22:00,0.001,0.001,1,1.0
2024-03-30 23:00,0.0,0.0,1,1.0
2024-03-31 00:00,0.0,0.0,1,1.0
2024-03-31 01:00,0.0,0.0,1,1.0
2024-03-31 02:00,0.0,0.0,1,1.0
2024-03-31 03:00,0.0,0.0,1,1.0
2024-03-31 04:00,0.0,0.0,1,1.0
2024-03-31 05:00,0.0,0.0,1,1.0
2024-03-31 06:00,0.0,0.0,1,1.0
2024-03-31 07:00,0.0,0.0,1,1.0
2024-03-31 08:00,0.0,0.0,1,1.0
2024-03-31 09:00,0.0,0.0,1,1.0
2024-03-31 10:00,0.001,0.001,1,1.0
2024-03-31 11:00,0.0,0.0,1,1.0
2024-03-31 12:00,0.0,0.0,1,1.0
2024-03-31 13:00,0.0,0.0,1,1.0
2024-03-31 14:00,0.0,0.0,1,1.0
2024-03-31 15:00,0.0,0.0,1,1.0
2024-03-31 16:00,0.0,0.0,1,1.0
2024-03-31 17:00,0.0,0.0,1,1.0
2024-03-31 18:00,0.0,0.0,1,1.0
2024-03-31 19:00,0.0,0.0,1,1.0
2024-03-31 20:00,0.0,0.0,1,1.0
2024-03-31 21:00,0.0,0.0,1,1.0
2024-03-31 22:00,0.0,0.0,1,1.0
2024-03-31 23:00,0.0,0.0,1,1.0
2024-04-01 00:00,0.0,0.0,1,1.0
2024-04-01 01:00,0.0,0.0,1,1.0
2024-04-01 02:00,0.0,0.0,1,1.0
2024-04-01 03:00,0.0,0.0,1,1.0
2024-04-01 04:00,0.0,0.0,1,1.0
2024-04-01 05:00,0.0,0.0,1,1.0
2024-04-01 06:00,0.0,0.0,1,1.0
2024-04-01 07:00,0.0,0.0,1,1.0
2024-04-01 08:00,0.0,0.0,1,1.0
2024-04-01 09:00,0.0,0.0,1,1.0
2024-04-01 10:00,0.0,0.0,1,1.0
2024-04-01 11:00,0.0,0.0,1,1.0
2024-04-01 12:00,0.0,0.0,1,1.0
2024-04-01 13:00,0.0,0.0,1,1.0
2024-04-01 14:00,0.0,0.0,1,1.0
2024-04-01 15:00,0.0,0.0,1,1.0
2024-04-01 16:00,0.0,0.0,1,1.0
2024-04-01 17:00,0.001,0.001,1,1.0
2024-04-01 18:00,0.216,0.216,1,1.0
2024-04-01 19:00,1.251,1.251,1,1.0
2024-04-01 20:00,0.748,0.748,1,1.0
2024-04-01 21:00,0.187,0.187,1,1.0
2024-04-01 22:00,0.027,0.027,1,1.0
2024-04-01 23:00,0.006,0.006,1,1.0
2024-04-02 00:00,0.015,0.015,1,1.0
2024-04-02 01:00,0.054,0.054,1,1.0
2024-04-02 02:00,0.155,0.155,1,1.0
2024-04-02 03:00,0.129,0.129,1,1.0
2024-04-02 04:00,0.085,0.085,1,1.0
2024-04-02 05:00,0.033,0.033,1,1.0
2024-04-02 06:00,0.01,0.01,1,1.0
2024-04-02 07:00,0.005,0.005,1,1.0
2024-04-02 08:00,0.008,0.008,1,1.0
2024-04-02 09:00,0.058,0.058,1,1.0
2024-04-02 10:00,0.171,0.171,1,1.0
2024-04-02 11:00,0.276,0.276,1,1.0
2024-04-02 12:00,0.119,0.119,1,1.0
2024-04-02 13:00,0.046,0.046,1,1.0
2024-04-02 14:00,0.01,0.01,1,1.0
2024-04-02 15:00,0.004,0.004,1,1.0
2024-04-02 16:00,0.0,0.0,1,1.0
2024-04-02 17:00,0.0,0.0,1,1.0
2024-04-02 18:00,0.0,0.0,1,1.0
2024-04-02 19:00,0.023,0.023,1,1.0
2024-04-02 20:00,0.019,0.019,1,1.0
2024-04-02 21:00,0.004,0.004,1,1.0
2024-04-02 22:00,0.001,0.001,1,1.0
2024-04-02 23:00,0.001,0.001,1,1.0
2024-04-03 00:00,0.001,0.001,1,1.0
2024-04-03 01:00,0.001,0.001,1,1.0
2024-04-03 02:00,0.0,0.0,1,1.0
2024-04-03 03:00,0.0,0.0,1,1.0
2024-04-03 04:00,0.0,0.0,1,1.0
2024-04-03 05:00,0.0,0.0,1,1.0
2024-04-03 06:00,0.002,0.002,1,1.0
2024-04-03 07:00,0.004,0.004,1,1.0
2024-04-03 08:00,0.012,0.012,1,1.0
2024-04-03 09:00,0.008,0.008,1,1.0
2024-04-03 10:00,0.017,0.017,1,1.0
2024-04-03 11:00,0.003,0.003,1,1.0
2024-04-03 12:00,0.001,0.001,1,1.0
2024-04-03 13:00,0.0,0.0,1,1.0
2024-04-03 14:00,0.0,0.0,1,1.0
2024-04-03 15:00,0.0,0.0,1,1.0
2024-04-03 16:00,0.002,0.002,1,1.0
2024-04-03 17:00,0.0,0.0,1,1.0
2024-04-03 18:00,0.0,0.0,1,1.0
2024-04-03 19:00,0.0,0.0,1,1.0
2024-04-03 20:00,0.0,0.0,1,1.0
2024-04-03 21:00,0.001,0.001,1,1.0
2024-04-03 22:00,0.004,0.004,1,1.0
2024-04-03 23:00,0.004,0.004,1,1.0
2024-04-04 00:00,0.005,0.005,1,1.0
2024-04-04 01:00,0.004,0.004,1,1.0
2024-04-04 02:00,0.001,0.001,1,1.0
2024-04-04 03:00,0.0,0.0,1,1.0
2024-04-04 04:00,0.0,0.0,1,1.0
2024-04-04 05:00,0.0,0.0,1,1.0
2024-04-04 06:00,0.001,0.001,1,1.0
2024-04-04 07:00,0.0,0.0,1,1.0
2024-04-04 08:00,0.001,0.001,1,1.0
2024-04-04 09:00,0.0,0.0,1,1.0
2024-04-04 10:00,0.0,0.0,1,1.0
2024-04-04 11:00,0.0,0.0,1,1.0
2024-04-04 12:00,0.0,0.0,1,1.0
2024-04-04 13:00,0.0,0.0,1,1.0
2024-04-04 14:00,0.0,0.0,1,1.0
2024-04-04 15:00,0.0,0.0,1,1.0
2024-04-04 16:00,0.0,0.0,1,1.0
2024-04-04 17:00,0.0,0.0,1,1.0
2024-04-04 18:00,0.0,0.0,1,1.0
2024-04-04 19:00,0.001,0.001,1,1.0
2024-04-04 20:00,0.0,0.0,1,1.0
2024-04-04 21:00,0.0,0.0,1,1.0
2024-04-04 22:00,0.0,0.0,1,1.0
2024-04-04 23:00,0.0,0.0,1,1.0
2024-04-05 00:00,0.0,0.0,1,1.0
2024-04-05 01:00,0.0,0.0,1,1.0
2024-04-05 02:00,0.0,0.0,1,1.0
2024-04-05 03:00,0.0,0.0,1,1.0
2024-04-05 04:00,0.0,0.0,1,1.0
2024-04-05 05:00,0.0,0.0,1,1.0
2024-04-05 06:00,0.0,0.0,1,1.0
2024-04-05 07:00,0.0,0.0,1,1.0
2024-04-05 08:00,0.0,0.0,1,1.0
2024-04-05 09:00,0.0,0.0,1,1.0
2024-04-05 10:00,0.0,0.0,1,1.0
2024-04-05 11:00,0.0,0.0,1,1.0
2024-04-05 12:00,0.0,0.0,1,1.0
2024-04-05 13:00,0.0,0.0,1,1.0
2024-04-05 14:00,0.0,0.0,1,1.0
2024-04-05 15:00,0.0,0.0,1,1.0
2024-04-05 16:00,0.0,0.0,1,1.0
2024-04-05 17:00,0.0,0.0,1,1.0
2024-04-05 18:00,0.0,0.0,1,1.0
2024-04-05 19:00,0.0,0.0,1,1.0
2024-04-05 20:00,0.0,0.0,1,1.0
2024-04-05 21:00,0.0,0.0,1,1.0
2024-04-05 22:00,0.0,0.0,1,1.0
2024-04-05 23:00,0.0,0.0,1,1.0
2024-04-06 00:00,0.0,0.0,1,1.0
2024-04-06 01:00,0.0,0.0,1,1.0
2024-04-06 02:00,0.0,0.0,1,1.0
2024-04-06 03:00,0.0,0.0,1,1.0
2024-04-06 04:00,0.0,0.0,1,1.0
2024-04-06 05:00,0.0,0.0,1,1.0
2024-04-06 06:00,0.0,0.0,1,1.0
2024-04-06 07:00,0.0,0.0,1,1.0
2024-04-06 08:00,0.0,0.0,1,1.0
2024-04-06 09:00,0.0,0.0,1,1.0
2024-04-06 10:00,0.0,0.0,1,1.0
2024-04-06 11:00,0.0,0.0,1,1.0
2024-04-06 12:00,0.0,0.0,1,1.0
2024-04-06 13:00,0.0,0.0,1,1.0
2024-04-06 14:00,0.0,0.0,1,1.0
2024-04-06 15:00,0.0,0.0,1,1.0
2024-04-06 16:00,0.0,0.0,1,1.0
2024-04-06 17:00,0.0,0.0,1,1.0
2024-04-06 18:00,0.0,0.0,1,1.0
2024-04-06 19:00,0.0,0.0,1,1.0
2024-04-06 20:00,0.001,0.001,1,1.0
2024-04-06 21:00,0.0,0.0,1,1.0
2024-04-06 22:00,0.0,0.0,1,1.0
2024-04-06 23:00,0.0,0.0,1,1.0
2024-04-07 00:00,0.0,0.0,1,1.0
2024-04-07 01:00,0.0,0.0,1,1.0
2024-04-07 02:00,0.0,0.0,1,1.0
2024-04-07 03:00,0.0,0.0,1,1.0
2024-04-07 04:00,0.0,0.0,1,1.0
2024-04-07 05:00,0.0,0.0,1,1.0
2024-04-07 06:00,0.0,0.0,1,1.0
2024-04-07 07:00,0.0,0.0,1,1.0
2024-04-07 08:00,0.0,0.0,1,1.0
2024-04-07 09:00,0.0,0.0,1,1.0
2024-04-07 10:00,0.0,0.0,1,1.0
2024-04-07 11:00,0.0,0.0,1,1.0
2024-04-07 12:00,0.0,0.0,1,1.0
2024-04-07 13:00,0.0,0.0,1,1.0
2024-04-07 14:00,0.0,0.0,1,1.0
2024-04-07 15:00,0.0,0.0,1,1.0
2024-04-07 16:00,0.0,0.0,1,1.0
2024-04-07 17:00,0.0,0.0,1,1.0
2024-04-07 18:00,0.0,0.0,1,1.0
2024-04-07 19:00,0.0,0.0,1,1.0
2024-04-07 20:00,0.0,0.0,1,1.0
2024-04-07 21:00,0.001,0.001,1,1.0
2024-04-07 22:00,0.0,0.0,1,1.0
2024-04-07 23:00,0.0,0.0,1,1.0
2024-04-08 00:00,0.001,0.001,1,1.0
2024-04-08 01:00,0.0,0.0,1,1.0
2024-04-08 02:00,0.0,0.0,1,1.0
2024-04-08 03:00,0.0,0.0,1,1.0
2024-04-08 04:00,0.0,0.0,1,1.0
2024-04-08 05:00,0.0,0.0,1,1.0
2024-04-08 06:00,0.0,0.0,1,1.0
2024-04-08 07:00,0.0,0.0,1,1.0
2024-04-08 08:00,0.0,0.0,1,1.0
2024-04-08 09:00,0.0,0.0,1,1.0
2024-04-08 10:00,0.0,0.0,1,1.0
2024-04-08 11:00,0.0,0.0,1,1.0
2024-04-08 12:00,0.0,0.0,1,1.0
2024-04-08 13:00,0.0,0.0,1,1.0
2024-04-08 14:00,0.0,0.0,1,1.0
2024-04-08 15:00,0.0,0.0,1,1.0
2024-04-08 16:00,0.0,0.0,1,1.0
2024-04-08 17:00,0.0,0.0,1,1.0
2024-04-08 18:00,0.0,0.0,1,1.0
2024-04-08 19:00,0.0,0.0,1,1.0
2024-04-08 20:00,0.0,0.0,1,1.0
2024-04-08 21:00,0.0,0.0,1,1.0
2024-04-08 22:00,0.0,0.0,1,1.0
2024-04-08 23:00,0.0,0.0,1,1.0
2024-04-09 00:00,0.0,0.0,1,1.0
2024-04-09 01:00,0.0,0.0,1,1.0
2024-04-09 02:00,0.0,0.0,1,1.0
2024-04-09 03:00,0.0,0.0,1,1.0
2024-04-09 04:00,0.0,0.0,1,1.0
2024-04-09 05:00,0.0,0.0,1,1.0
2024-04-09 06:00,0.0,0.0,1,1.0
2024-04-09 07:00,0.001,0.001,1,1.0
2024-04-09 08:00,0.0,0.0,1,1.0
2024-04-09 09:00,0.0,0.0,1,1.0
2024-04-09 10:00,0.0,0.0,1,1.0
2024-04-09 11:00,0.001,0.001,1,1.0
2024-04-09 12:00,0.0,0.0,1,1.0
2024-04-09 13:00,0.0,0.0,1,1.0
2024-04-09 14:00,0.0,0.0,1,1.0
2024-04-09 15:00,0.0,0.0,1,1.0
2024-04-09 16:00,0.0,0.0,1,1.0
2024-04-09 17:00,0.0,0.0,1,1.0
2024-04-09 18:00,0.0,0.0,1,1.0
2024-04-09 19:00,0.0,0.0,1,1.0
2024-04-09 20:00,0.0,0.0,1,1.0
2024-04-09 21:00,0.0,0.0,1,1.0
2024-04-09 22:00,0.0,0.0,1,1.0
2024-04-09 23:00,0.0,0.0,1,1.0
2024-04-10 00:00,0.0,0.0,1,1.0
2024-04-10 01:00,0.0,0.0,1,1.0
2024-04-10 02:00,0.002,0.002,1,1.0
2024-04-10 03:00,0.011,0.011,1,1.0
2024-04-10 04:00,0.039,0.039,1,1.0
2024-04-10 05:00,0.1,0.1,1,1.0
2024-04-10 06:00,0.177,0.177,1,1.0
2024-04-10 07:00,0.327,0.327,1,1.0
2024-04-10 08:00,0.39,0.39,1,1.0
2024-04-10 09:00,0.181,0.181,1,1.0
2024-04-10 10:00,0.039,0.039,1,1.0
2024-04-10 11:00,0.003,0.003,1,1.0
2024-04-10 12:00,0.002,0.002,1,1.0
2024-04-10 13:00,0.001,0.001,1,1.0
2024-04-10 14:00,0.001,0.001,1,1.0
2024-04-10 15:00,0.0,0.0,1,1.0
2024-04-10 16:00,0.0,0.0,1,1.0
2024-04-10 17:00,0.0,0.0,1,1.0
2024-04-10 18:00,0.0,0.0,1,1.0
2024-04-10 19:00,0.0,0.0,1,1.0
2024-04-10 20:00,0.0,0.0,1,1.0
2024-04-10 21:00,0.0,0.0,1,1.0
2024-04-10 22:00,0.0,0.0,1,1.0
2024-04-10 23:00,0.0,0.0,1,1.0
2024-04-11 00:00,0.0,0.0,1,1.0
2024-04-11 01:00,0.0,0.0,1,1.0
2024-04-11 02:00,0.0,0.0,1,1.0
2024-04-11 03:00,0.0,0.0,1,1.0
2024-04-11 04:00,0.0,0.0,1,1.0
2024-04-11 05:00,0.0,0.0,1,1.0
2024-04-11 06:00,0.0,0.0,1,1.0
2024-04-11 07:00,0.0,0.0,1,1.0
2024-04-11 08:00,0.0,0.0,1,1.0
2024-04-11 09:00,0.0,0.0,1,1.0
2024-04-11 10:00,0.0,0.0,1,1.0
2024-04-11 11:00,0.0,0.0,1,1.0
2024-04-11 12:00,0.0,0.0,1,1.0
2024-04-11 13:00,0.02,0.02,1,1.0
2024-04-11 14:00,0.092,0.092,1,1.0
2024-04-11 15:00,0.025,0.025,1,1.0
2024-04-11 16:00,0.0,0.0,1,1.0
2024-04-11 17:00,0.0,0.0,1,1.0
2024-04-11 18:00,0.0,0.0,1,1.0
2024-04-11 19:00,0.0,0.0,1,1.0
2024-04-11 20:00,0.0,0.0,1,1.0
2024-04-11 21:00,0.0,0.0,1,1.0
2024-04-11 22:00,0.0,0.0,1,1.0
2024-04-11 23:00,0.0,0.0,1,1.0
2024-04-12 00:00,0.0,0.0,1,1.0
2024-04-12 01:00,0.0,0.0,1,1.0
2024-04-12 02:00,0.0,0.0,1,1.0
2024-04-12 03:00,0.0,0.0,1,1.0
2024-04-12 04:00,0.0,0.0,1,1.0
2024-04-12 05:00,0.0,0.0,1,1.0
2024-04-12 06:00,0.0,0.0,1,1.0
2024-04-12 07:00,0.0,0.0,1,1.0
2024-04-12 08:00,0.0,0.0,1,1.0
2024-04-12 09:00,0.0,0.0,1,1.0
2024-04-12 10:00,0.0,0.0,1,1.0
2024-04-12 11:00,0.0,0.0,1,1.0
2024-04-12 12:00,0.0,0.0,1,1.0
2024-04-12 13:00,0.002,0.002,1,1.0
2024-04-12 14:00,0.011,0.011,1,1.0
2024-04-12 15:00,0.005,0.005,1,1.0
2024-04-12 16:00,0.0,0.0,1,1.0
2024-04-12 17:00,0.0,0.0,1,1.0
2024-04-12 18:00,0.0,0.0,1,1.0
2024-04-12 19:00,0.0,0.0,1,1.0
2024-04-12 20:00,0.0,0.0,1,1.0
2024-04-12 21:00,0.0,0.0,1,1.0
2024-04-12 22:00,0.0,0.0,1,1.0
2024-04-12 23:00,0.0,0.0,1,1.0
2024-04-13 00:00,0.0,0.0,1,1.0
2024-04-13 01:00,0.0,0.0,1,1.0
2024-04-13 02:00,0.0,0.0,1,1.0
2024-04-13 03:00,0.0,0.0,1,1.0
2024-04-13 04:00,0.0,0.0,1,1.0
2024-04-13 05:00,0.0,0.0,1,1.0
2024-04-13 06:00,0.0,0.0,1,1.0
2024-04-13 07:00,0.0,0.0,1,1.0
2024-04-13 08:00,0.0,0.0,1,1.0
2024-04-13 09:00,0.0,0.0,1,1.0
2024-04-13 10:00,0.0,0.0,1,1.0
2024-04-13 11:00,0.001,0.001,1,1.0
2024-04-13 12:00,0.0,0.0,1,1.0
2024-04-13 13:00,0.001,0.001,1,1.0
2024-04-13 14:00,0.0,0.0,1,1.0
2024-04-13 15:00,0.0,0.0,1,1.0
2024-04-13 16:00,0.0,0.0,1,1.0
2024-04-13 17:00,0.0,0.0,1,1.0
2024-04-13 18:00,0.0,0.0,1,1.0
2024-04-13 19:00,0.0,0.0,1,1.0
2024-04-13 20:00,0.0,0.0,1,1.0
2024-04-13 21:00,0.0,0.0,1,1.0
2024-04-13 22:00,0.0,0.0,1,1.0
2024-04-13 23:00,0.0,0.0,1,1.0
2024-04-14 00:00,0.0,0.0,1,1.0
2024-04-14 01:00,0.0,0.0,1,1.0
2024-04-14 02:00,0.0,0.0,1,1.0
2024-04-14 03:00,0.0,0.0,1,1.0
2024-04-14 04:00,0.0,0.0,1,1.0
2024-04-14 05:00,0.0,0.0,1,1.0
2024-04-14 06:00,0.0,0.0,1,1.0
2024-04-14 07:00,0.0,0.0,1,1.0
2024-04-14 08:00,0.0,0.0,1,1.0
2024-04-14 09:00,0.001,0.001,1,1.0
2024-04-14 10:00,0.0,0.0,1,1.0
2024-04-14 11:00,0.0,0.0,1,1.0
2024-04-14 12:00,0.0,0.0,1,1.0
2024-04-14 13:00,0.0,0.0,1,1.0
2024-04-14 14:00,0.0,0.0,1,1.0
2024-04-14 15:00,0.0,0.0,1,1.0
2024-04-14 16:00,0.0,0.0,1,1.0
2024-04-14 17:00,0.0,0.0,1,1.0
2024-04-14 18:00,0.0,0.0,1,1.0
2024-04-14 19:00,0.0,0.0,1,1.0
2024-04-14 20:00,0.0,0.0,1,1.0
2024-04-14 21:00,0.0,0.0,1,1.0
2024-04-14 22:00,0.0,0.0,1,1.0
2024-04-14 23:00,0.0,0.0,1,1.0
2024-04-15 00:00,0.0,0.0,1,1.0
2024-04-15 01:00,0.0,0.0,1,1.0
2024-04-15 02:00,0.0,0.0,1,1.0
2024-04-15 03:00,0.0,0.0,1,1.0
2024-04-15 04:00,0.0,0.0,1,1.0
2024-04-15 05:00,0.0,0.0,1,1.0
2024-04-15 06:00,0.0,0.0,1,1.0
2024-04-15 07:00,0.01,0.01,1,1.0
2024-04-15 08:00,0.065,0.065,1,1.0
2024-04-15 09:00,0.007,0.007,1,1.0
2024-04-15 10:00,0.0,0.0,1,1.0
2024-04-15 11:00,0.0,0.0,1,1.0
2024-04-15 12:00,0.0,0.0,1,1.0
2024-04-15 13:00,0.0,0.0,1,1.0
2024-04-15 14:00,0.0,0.0,1,1.0
2024-04-15 15:00,0.0,0.0,1,1.0
2024-04-15 16:00,0.0,0.0,1,1.0
2024-04-15 17:00,0.0,0.0,1,1.0
2024-04-15 18:00,0.0,0.0,1,1.0
2024-04-15 19:00,0.0,0.0,1,1.0
2024-04-15 20:00,0.0,0.0,1,1.0
2024-04-15 21:00,0.0,0.0,1,1.0
2024-04-15 22:00,0.0,0.0,1,1.0
2024-04-15 23:00,0.0,0.0,1,1.0
2024-04-16 00:00,0.0,0.0,1,1.0
2024-04-16 01:00,0.0,0.0,1,1.0
2024-04-16 02:00,0.0,0.0,1,1.0
2024-04-16 03:00,0.0,0.0,1,1.0
2024-04-16 04:00,0.0,0.0,1,1.0
2024-04-16 05:00,0.0,0.0,1,1.0
2024-04-16 06:00,0.0,0.0,1,1.0
2024-04-16 07:00,0.0,0.0,1,1.0
2024-04-16 08:00,0.0,0.0,1,1.0
2024-04-16 09:00,0.0,0.0,1,1.0
2024-04-16 10:00,0.0,0.0,1,1.0
2024-04-16 11:00,0.0,0.0,1,1.0
2024-04-16 12:00,0.002,0.002,1,1.0
2024-04-16 13:00,0.019,0.019,1,1.0
2024-04-16 14:00,0.155,0.155,1,1.0
2024-04-16 15:00,0.235,0.235,1,1.0
2024-04-16 16:00,0.56,0.56,1,1.0
2024-04-16 17:00,0.384,0.384,1,1.0
2024-04-16 18:00,0.534,0.534,1,1.0
2024-04-16 19:00,0.806,0.806,1,1.0
2024-04-16 20:00,0.439,0.439,1,1.0
2024-04-16 21:00,0.66,0.66,1,1.0
2024-04-16 22:00,0.832,0.832,1,1.0
2024-04-16 23:00,0.462,0.462,1,1.0
2024-04-17 00:00,0.312,0.312,1,1.0
2024-04-17 01:00,0.116,0.116,1,1.0
2024-04-17 02:00,0.033,0.033,1,1.0
2024-04-17 03:00,0.015,0.015,1,1.0
2024-04-17 04:00,0.022,0.022,1,1.0
2024-04-17 05:00,0.049,0.049,1,1.0
2024-04-17 06:00,0.064,0.064,1,1.0
2024-04-17 07:00,0.2,0.2,1,1.0
2024-04-17 08:00,0.118,0.118,1,1.0
2024-04-17 09:00,0.217,0.217,1,1.0
2024-04-17 10:00,0.382,0.382,1,1.0
2024-04-17 11:00,0.191,0.191,1,1.0
2024-04-17 12:00,0.184,0.184,1,1.0
2024-04-17 13:00,0.41,0.41,1,1.0
2024-04-17 14:00,0.37,0.37,1,1.0
2024-04-17 15:00,0.579,0.579,1,1.0
2024-04-17 16:00,2.235,2.235,1,1.0
2024-04-17 17:00,1.413,1.413,1,1.0
2024-04-17 18:00,0.14,0.14,1,1.0
2024-04-17 19:00,0.1,0.1,1,1.0
2024-04-17 20:00,0.015,0.015,1,1.0
2024-04-17 21:00,0.001,0.001,1,1.0
2024-04-17 22:00,0.0,0.0,1,1.0
2024-04-17 23:00,0.0,0.0,1,1.0
2024-04-18 00:00,0.0,0.0,1,1.0
2024-04-18 01:00,0.0,0.0,1,1.0
2024-04-18 02:00,0.0,0.0,1,1.0
2024-04-18 03:00,0.0,0.0,1,1.0
2024-04-18 04:00,0.0,0.0,1,1.0
2024-04-18 05:00,0.0,0.0,1,1.0
2024-04-18 06:00,0.001,0.001,1,1.0
2024-04-18 07:00,0.009,0.009,1,1.0
2024-04-18 08:00,0.09,0.09,1,1.0
2024-04-18 09:00,0.19,0.19,1,1.0
2024-04-18 10:00,0.741,0.741,1,1.0
2024-04-18 11:00,1.324,1.324,1,1.0
2024-04-18 12:00,0.178,0.178,1,1.0
2024-04-18 13:00,0.36,0.36,1,1.0
2024-04-18 14:00,0.449,0.449,1,1.0
2024-04-18 15:00,0.774,0.774,1,1.0
2024-04-18 16:00,1.21,1.21,1,1.0
2024-04-18 17:00,0.165,0.165,1,1.0
2024-04-18 18:00,0.247,0.247,1,1.0
2024-04-18 19:00,0.102,0.102,1,1.0
2024-04-18 20:00,0.064,0.064,1,1.0
2024-04-18 21:00,0.097,0.097,1,1.0
2024-04-18 22:00,0.201,0.201,1,1.0
2024-04-18 23:00,1.33,1.33,1,1.0
2024-04-19 00:00,1.4,1.4,1,1.0
2024-04-19 01:00,0.916,0.916,1,1.0
2024-04-19 02:00,1.26,1.26,1,1.0
2024-04-19 03:00,1.368,1.368,1,1.0
2024-04-19 04:00,0.845,0.845,1,1.0
2024-04-19 05:00,0.163,0.163,1,1.0
2024-04-19 06:00,0.05,0.05,1,1.0
2024-04-19 07:00,0.092,0.092,1,1.0
2024-04-19 08:00,0.319,0.319,1,1.0
2024-04-19 09:00,0.221,0.221,1,1.0
2024-04-19 10:00,0.344,0.344,1,1.0
2024-04-19 11:00,0.21,0.21,1,1.0
2024-04-19 12:00,0.104,0.104,1,1.0
2024-04-19 13:00,0.03,0.03,1,1.0
2024-04-19 14:00,0.001,0.001,1,1.0
2024-04-19 15:00,0.0,0.0,1,1.0
2024-04-19 16:00,0.001,0.001,1,1.0
2024-04-19 17:00,0.0,0.0,1,1.0
2024-04-19 18:00,0.0,0.0,1,1.0
2024-04-19 19:00,0.0,0.0,1,1.0
2024-04-19 20:00,0.0,0.0,1,1.0
2024-04-19 21:00,0.0,0.0,1,1.0
2024-04-19 22:00,0.0,0.0,1,1.0
2024-04-19 23:00,0.0,0.0,1,1.0
2024-04-20 00:00,0.0,0.0,1,1.0
2024-04-20 01:00,0.0,0.0,1,1.0
2024-04-20 02:00,0.0,0.0,1,1.0
2024-04-20 03:00,0.0,0.0,1,1.0
2024-04-20 04:00,0.0,0.0,1,1.0
2024-04-20 05:00,0.001,0.001,1,1.0
2024-04-20 06:00,0.001,0.001,1,1.0
2024-04-20 07:00,0.0,0.0,1,1.0
2024-04-20 08:00,0.004,0.004,1,1.0
2024-04-20 09:00,0.11,0.11,1,1.0
2024-04-20 10:00,0.366,0.366,1,1.0
2024-04-20 11:00,0.239,0.239,1,1.0
2024-04-20 12:00,0.207,0.207,1,1.0
2024-04-20 13:00,0.087,0.087,1,1.0
2024-04-20 14:00,0.147,0.147,1,1.0
2024-04-20 15:00,0.123,0.123,1,1.0
2024-04-20 16:00,0.095,0.095,1,1.0
2024-04-20 17:00,0.102,0.102,1,1.0
2024-04-20 18:00,0.542,0.542,1,1.0
2024-04-20 19:00,0.775,0.775,1,1.0
2024-04-20 20:00,1.353,1.353,1,1.0
2024-04-20 21:00,3.481,3.481,1,1.0
2024-04-20 22:00,2.069,2.069,1,1.0
2024-04-20 23:00,0.533,0.533,1,1.0
2024-04-21 00:00,0.497,0.497,1,1.0
2024-04-21 01:00,0.123,0.123,1,1.0
2024-04-21 02:00,0.035,0.035,1,1.0
2024-04-21 03:00,0.075,0.075,1,1.0
2024-04-21 04:00,0.061,0.061,1,1.0
2024-04-21 05:00,0.046,0.046,1,1.0
2024-04-21 06:00,0.022,0.022,1,1.0
2024-04-21 07:00,0.006,0.006,1,1.0
2024-04-21 08:00,0.002,0.002,1,1.0
2024-04-21 09:00,0.001,0.001,1,1.0
2024-04-21 10:00,0.001,0.001,1,1.0
2024-04-21 11:00,0.016,0.016,1,1.0
2024-04-21 12:00,0.018,0.018,1,1.0
2024-04-21 13:00,0.007,0.007,1,1.0
2024-04-21 14:00,0.0,0.0,1,1.0
2024-04-21 15:00,0.0,0.0,1,1.0
2024-04-21 16:00,0.0,0.0,1,1.0
2024-04-21 17:00,0.0,0.0,1,1.0
2024-04-21 18:00,0.0,0.0,1,1.0
2024-04-21 19:00,0.0,0.0,1,1.0
2024-04-21 20:00,0.0,0.0,1,1.0
2024-04-21 21:00,0.0,0.0,1,1.0
2024-04-21 22:00,0.0,0.0,1,1.0
2024-04-21 23:00,0.0,0.0,1,1.0
2024-04-22 00:00,0.0,0.0,1,1.0
2024-04-22 01:00,0.0,0.0,1,1.0
2024-04-22 02:00,0.0,0.0,1,1.0
2024-04-22 03:00,0.0,0.0,1,1.0
2024-04-22 04:00,0.001,0.001,1,1.0
2024-04-22 05:00,0.003,0.003,1,1.0
2024-04-22 06:00,0.004,0.004,1,1.0
2024-04-22 07:00,0.0,0.0,1,1.0
2024-04-22 08:00,0.0,0.0,1,1.0
2024-04-22 09:00,0.0,0.0,1,1.0
2024-04-22 10:00,0.0,0.0,1,1.0
2024-04-22 11:00,0.0,0.0,1,1.0
2024-04-22 12:00,0.0,0.0,1,1.0
2024-04-22 13:00,0.0,0.0,1,1.0
2024-04-22 14:00,0.0,0.0,1,1.0
2024-04-22 15:00,0.0,0.0,1,1.0
2024-04-22 16:00,0.0,0.0,1,1.0
2024-04-22 17:00,0.0,0.0,1,1.0
2024-04-22 18:00,0.0,0.0,1,1.0
2024-04-22 19:00,0.0,0.0,1,1.0
2024-04-22 20:00,0.0,0.0,1,1.0
2024-04-22 21:00,0.0,0.0,1,1.0
2024-04-22 22:00,0.001,0.001,1,1.0
2024-04-22 23:00,0.0,0.0,1,1.0
2024-04-23 00:00,0.0,0.0,1,1.0
2024-04-23 01:00,0.0,0.0,1,1.0
2024-04-23 02:00,0.0,0.0,1,1.0
2024-04-23 03:00,0.0,0.0,1,1.0
2024-04-23 04:00,0.001,0.001,1,1.0
2024-04-23 05:00,0.0,0.0,1,1.0
2024-04-23 06:00,0.0,0.0,1,1.0
2024-04-23 07:00,0.001,0.001,1,1.0
2024-04-23 08:00,0.001,0.001,1,1.0
2024-04-23 09:00,0.003,0.003,1,1.0
2024-04-23 10:00,0.052,0.052,1,1.0
2024-04-23 11:00,0.033,0.033,1,1.0
2024-04-23 12:00,0.009,0.009,1,1.0
2024-04-23 13:00,0.001,0.001,1,1.0
2024-04-23 14:00,0.0,0.0,1,1.0
2024-04-23 15:00,0.001,0.001,1,1.0
2024-04-23 16:00,0.0,0.0,1,1.0
2024-04-23 17:00,0.001,0.001,1,1.0
2024-04-23 18:00,0.005,0.005,1,1.0
2024-04-23 19:00,0.024,0.024,1,1.0
2024-04-23 20:00,0.025,0.025,1,1.0
2024-04-23 21:00,0.032,0.032,1,1.0
2024-04-23 22:00,0.017,0.017,1,1.0
2024-04-23 23:00,0.009,0.009,1,1.0
2024-04-24 00:00,0.009,0.009,1,1.0
2024-04-24 01:00,0.018,0.018,1,1.0
2024-04-24 02:00,0.083,0.083,1,1.0
2024-04-24 03:00,0.364,0.364,1,1.0
2024-04-24 04:00,0.25,0.25,1,1.0
2024-04-24 05:00,1.254,1.254,1,1.0
2024-04-24 06:00,1.203,1.203,1,1.0
2024-04-24 07:00,1.082,1.082,1,1.0
2024-04-24 08:00,0.302,0.302,1,1.0
2024-04-24 09:00,0.388,0.388,1,1.0
2024-04-24 10:00,0.402,0.402,1,1.0
2024-04-24 11:00,0.229,0.229,1,1.0
2024-04-24 12:00,0.194,0.194,1,1.0
2024-04-24 13:00,0.087,0.087,1,1.0
2024-04-24 14:00,0.308,0.308,1,1.0
2024-04-24 15:00,0.286,0.286,1,1.0
2024-04-24 16:00,1.421,1.421,1,1.0
2024-04-24 17:00,0.082,0.082,1,1.0
2024-04-24 18:00,1.157,1.157,1,1.0
2024-04-24 19:00,0.056,0.056,1,1.0
2024-04-24 20:00,0.06,0.06,1,1.0
2024-04-24 21:00,0.016,0.016,1,1.0
2024-04-24 22:00,0.006,0.006,1,1.0
2024-04-24 23:00,0.003,0.003,1,1.0
2024-04-25 00:00,0.001,0.001,1,1.0
2024-04-25 01:00,0.002,0.002,1,1.0
2024-04-25 02:00,0.001,0.001,1,1.0
2024-04-25 03:00,0.0,0.0,1,1.0
2024-04-25 04:00,0.001,0.001,1,1.0
2024-04-25 05:00,0.002,0.002,1,1.0
2024-04-25 06:00,0.008,0.008,1,1.0
2024-04-25 07:00,0.022,0.022,1,1.0
2024-04-25 08:00,0.069,0.069,1,1.0
2024-04-25 09:00,0.24,0.24,1,1.0
2024-04-25 10:00,0.211,0.211,1,1.0
2024-04-25 11:00,0.222,0.222,1,1.0
2024-04-25 12:00,0.465,0.465,1,1.0
2024-04-25 13:00,0.126,0.126,1,1.0
2024-04-25 14:00,0.08,0.08,1,1.0
2024-04-25 15:00,0.504,0.504,1,1.0
2024-04-25 16:00,0.438,0.438,1,1.0
2024-04-25 17:00,0.137,0.137,1,1.0
2024-04-25 18:00,0.077,0.077,1,1.0
2024-04-25 19:00,0.108,0.108,1,1.0
2024-04-25 20:00,0.07,0.07,1,1.0
2024-04-25 21:00,0.067,0.067,1,1.0
2024-04-25 22:00,0.042,0.042,1,1.0
2024-04-25 23:00,0.029,0.029,1,1.0
2024-04-26 00:00,0.034,0.034,1,1.0
2024-04-26 01:00,0.049,0.049,1,1.0
2024-04-26 02:00,0.009,0.009,1,1.0
2024-04-26 03:00,0.021,0.021,1,1.0
2024-04-26 04:00,0.027,0.027,1,1.0
2024-04-26 05:00,0.019,0.019,1,1.0
2024-04-26 06:00,0.138,0.138,1,1.0
2024-04-26 07:00,0.169,0.169,1,1.0
2024-04-26 08:00,0.259,0.259,1,1.0
2024-04-26 09:00,0.359,0.359,1,1.0
2024-04-26 10:00,0.262,0.262,1,1.0
2024-04-26 11:00,0.137,0.137,1,1.0
2024-04-26 12:00,0.202,0.202,1,1.0
2024-04-26 13:00,0.204,0.204,1,1.0
2024-04-26 14:00,0.151,0.151,1,1.0
2024-04-26 15:00,0.062,0.062,1,1.0
2024-04-26 16:00,0.035,0.035,1,1.0
2024-04-26 17:00,0.079,0.079,1,1.0
2024-04-26 18:00,0.007,0.007,1,1.0
2024-04-26 19:00,0.004,0.004,1,1.0
2024-04-26 20:00,0.001,0.001,1,1.0
2024-04-26 21:00,0.0,0.0,1,1.0
2024-04-26 22:00,0.0,0.0,1,1.0
2024-04-26 23:00,0.0,0.0,1,1.0
2024-04-27 00:00,0.001,0.001,1,1.0
2024-04-27 01:00,0.0,0.0,1,1.0
2024-04-27 02:00,0.0,0.0,1,1.0
2024-04-27 03:00,0.0,0.0,1,1.0
2024-04-27 04:00,0.0,0.0,1,1.0
2024-04-27 05:00,0.0,0.0,1,1.0
2024-04-27 06:00,0.0,0.0,1,1.0
2024-04-27 07:00,0.0,0.0,1,1.0
2024-04-27 08:00,0.0,0.0,1,1.0
2024-04-27 09:00,0.0,0.0,1,1.0
2024-04-27 10:00,0.003,0.003,1,1.0
2024-04-27 11:00,0.025,0.025,1,1.0
2024-04-27 12:00,0.0,0.0,1,1.0
2024-04-27 13:00,0.0,0.0,1,1.0
2024-04-27 14:00,0.0,0.0,1,1.0
2024-04-27 15:00,0.0,0.0,1,1.0
2024-04-27 16:00,0.0,0.0,1,1.0
2024-04-27 17:00,0.0,0.0,1,1.0
2024-04-27 18:00,0.0,0.0,1,1.0
2024-04-27 19:00,0.0,0.0,1,1.0
2024-04-27 20:00,0.0,0.0,1,1.0
2024-04-27 21:00,0.0,0.0,1,1.0
2024-04-27 22:00,0.001,0.001,1,1.0
2024-04-27 23:00,0.0,0.0,1,1.0
2024-04-28 00:00,0.001,0.001,1,1.0
2024-04-28 01:00,0.0,0.0,1,1.0
2024-04-28 02:00,0.0,0.0,1,1.0
2024-04-28 03:00,0.0,0.0,1,1.0
2024-04-28 04:00,0.0,0.0,1,1.0
2024-04-28 05:00,0.0,0.0,1,1.0
2024-04-28 06:00,0.0,0.0,1,1.0
2024-04-28 07:00,0.0,0.0,1,1.0
2024-04-28 08:00,0.0,0.0,1,1.0
2024-04-28 09:00,0.0,0.0,1,1.0
2024-04-28 10:00,0.0,0.0,1,1.0
2024-04-28 11:00,0.0,0.0,1,1.0
2024-04-28 12:00,0.001,0.001,1,1.0
2024-04-28 13:00,0.0,0.0,1,1.0
2024-04-28 14:00,0.0,0.0,1,1.0
2024-04-28 15:00,0.0,0.0,1,1.0
2024-04-28 16:00,0.0,0.0,1,1.0
2024-04-28 17:00,0.0,0.0,1,1.0
2024-04-28 18:00,0.0,0.0,1,1.0
2024-04-28 19:00,0.0,0.0,1,1.0
2024-04-28 20:00,0.0,0.0,1,1.0
2024-04-28 21:00,0.0,0.0,1,1.0
2024-04-28 22:00,0.0,0.0,1,1.0
2024-04-28 23:00,0.001,0.001,1,1.0
2024-04-29 00:00,0.0,0.0,1,1.0
2024-04-29 01:00,0.0,0.0,1,1.0
2024-04-29 02:00,0.0,0.0,1,1.0
2024-04-29 03:00,0.0,0.0,1,1.0
2024-04-29 04:00,0.0,0.0,1,1.0
2024-04-29 05:00,0.0,0.0,1,1.0
2024-04-29 06:00,0.0,0.0,1,1.0
2024-04-29 07:00,0.0,0.0,1,1.0
2024-04-29 08:00,0.001,0.001,1,1.0
2024-04-29 09:00,0.0,0.0,1,1.0
2024-04-29 10:00,0.0,0.0,1,1.0
2024-04-29 11:00,0.0,0.0,1,1.0
2024-04-29 12:00,0.0,0.0,1,1.0
2024-04-29 13:00,0.0,0.0,1,1.0
2024-04-29 14:00,0.0,0.0,1,1.0
2024-04-29 15:00,0.0,0.0,1,1.0
2024-04-29 16:00,0.0,0.0,1,1.0
2024-04-29 17:00,0.0,0.0,1,1.0
2024-04-29 18:00,0.0,0.0,1,1.0
2024-04-29 19:00,0.0,0.0,1,1.0
2024-04-29 20:00,0.0,0.0,1,1.0
2024-04-29 21:00,0.0,0.0,1,1.0
2024-04-29 22:00,0.0,0.0,1,1.0
2024-04-29 23:00,0.0,0.0,1,1.0
2024-04-30 00:00,0.001,0.001,1,1.0
2024-04-30 01:00,0.0,0.0,1,1.0
2024-04-30 02:00,0.0,0.0,1,1.0
2024-04-30 03:00,0.0,0.0,1,1.0
2024-04-30 04:00,0.0,0.0,1,1.0
2024-04-30 05:00,0.0,0.0,1,1.0
2024-04-30 06:00,0.0,0.0,1,1.0
2024-04-30 07:00,0.0,0.0,1,1.0
2024-04-30 08:00,0.0,0.0,1,1.0
2024-04-30 09:00,0.0,0.0,1,1.0
2024-04-30 10:00,0.0,0.0,1,1.0
2024-04-30 11:00,0.0,0.0,1,1.0
2024-04-30 12:00,0.0,0.0,1,1.0
2024-04-30 13:00,0.0,0.0,1,1.0
2024-04-30 14:00,0.0,0.0,1,1.0
2024-04-30 15:00,0.0,0.0,1,1.0
2024-04-30 16:00,0.0,0.0,1,1.0
2024-04-30 17:00,0.0,0.0,1,1.0
2024-04-30 18:00,0.0,0.0,1,1.0
2024-04-30 19:00,0.0,0.0,1,1.0
2024-04-30 20:00,0.0,0.0,1,1.0
2024-04-30 21:00,0.0,0.0,1,1.0
2024-04-30 22:00,0.0,0.0,1,1.0
2024-04-30 23:00,0.183,0.183,1,1.0
2024-05-01 00:00,0.013,0.013,1,1.0
2024-05-01 01:00,0.03,0.03,1,1.0
2024-05-01 02:00,0.099,0.099,1,1.0
2024-05-01 03:00,0.175,0.175,1,1.0
2024-05-01 04:00,0.05,0.05,1,1.0
2024-05-01 05:00,0.153,0.153,1,1.0
2024-05-01 06:00,0.308,0.308,1,1.0
2024-05-01 07:00,0.027,0.027,1,1.0
2024-05-01 08:00,0.15,0.15,1,1.0
2024-05-01 09:00,0.657,0.657,1,1.0
2024-05-01 10:00,0.706,0.706,1,1.0
2024-05-01 11:00,2.135,2.135,1,1.0
2024-05-01 12:00,1.64,1.64,1,1.0
2024-05-01 13:00,1.1,1.1,1,1.0
2024-05-01 14:00,1.435,1.435,1,1.0
2024-05-01 15:00,0.589,0.589,1,1.0
2024-05-01 16:00,1.081,1.081,1,1.0
2024-05-01 17:00,1.206,1.206,1,1.0
2024-05-01 18:00,0.915,0.915,1,1.0
2024-05-01 19:00,0.225,0.225,1,1.0
2024-05-01 20:00,0.106,0.106,1,1.0
2024-05-01 21:00,0.088,0.088,1,1.0
2024-05-01 22:00,0.134,0.134,1,1.0
2024-05-01 23:00,0.189,0.189,1,1.0
2024-05-02 00:00,0.227,0.227,1,1.0
2024-05-02 01:00,0.583,0.583,1,1.0
2024-05-02 02:00,0.168,0.168,1,1.0
2024-05-02 03:00,0.067,0.067,1,1.0
2024-05-02 04:00,0.079,0.079,1,1.0
2024-05-02 05:00,0.115,0.115,1,1.0
2024-05-02 06:00,0.194,0.194,1,1.0
2024-05-02 07:00,0.447,0.447,1,1.0
2024-05-02 08:00,0.19,0.19,1,1.0
2024-05-02 09:00,0.593,0.593,1,1.0
2024-05-02 10:00,2.448,2.448,1,1.0
2024-05-02 11:00,4.333,4.333,1,1.0
2024-05-02 12:00,4.741,4.741,1,1.0
2024-05-02 13:00,2.347,2.347,1,1.0
2024-05-02 14:00,1.56,1.56,1,1.0
2024-05-02 15:00,0.225,0.225,1,1.0
2024-05-02 16:00,0.322,0.322,1,1.0
2024-05-02 17:00,2.095,2.095,1,1.0
2024-05-02 18:00,2.336,2.336,1,1.0
2024-05-02 19:00,2.694,2.694,1,1.0
2024-05-02 20:00,3.125,3.125,1,1.0
2024-05-02 21:00,0.276,0.276,1,1.0
2024-05-02 22:00,0.081,0.081,1,1.0
2024-05-02 23:00,1.158,1.158,1,1.0
2024-05-03 00:00,0.266,0.266,1,1.0
2024-05-03 01:00,0.108,0.108,1,1.0
2024-05-03 02:00,0.058,0.058,1,1.0
2024-05-03 03:00,0.116,0.116,1,1.0
2024-05-03 04:00,0.082,0.082,1,1.0
2024-05-03 05:00,0.117,0.117,1,1.0
2024-05-03 06:00,0.206,0.206,1,1.0
2024-05-03 07:00,0.568,0.568,1,1.0
2024-05-03 08:00,1.082,1.082,1,1.0
2024-05-03 09:00,1.022,1.022,1,1.0
2024-05-03 10:00,0.49,0.49,1,1.0
2024-05-03 11:00,0.995,0.995,1,1.0
2024-05-03 12:00,1.971,1.971,1,1.0
2024-05-03 13:00,1.807,1.807,1,1.0
2024-05-03 14:00,0.508,0.508,1,1.0
2024-05-03 15:00,2.847,2.847,1,1.0
2024-05-03 16:00,0.39,0.39,1,1.0
2024-05-03 17:00,1.018,1.018,1,1.0
2024-05-03 18:00,0.549,0.549,1,1.0
2024-05-03 19:00,0.281,0.281,1,1.0
2024-05-03 20:00,0.043,0.043,1,1.0
2024-05-03 21:00,0.015,0.015,1,1.0
2024-05-03 22:00,0.004,0.004,1,1.0
2024-05-03 23:00,0.003,0.003,1,1.0
2024-05-04 00:00,0.003,0.003,1,1.0
2024-05-04 01:00,0.005,0.005,1,1.0
2024-05-04 02:00,0.005,0.005,1,1.0
2024-05-04 03:00,0.003,0.003,1,1.0
2024-05-04 04:00,0.003,0.003,1,1.0
2024-05-04 05:00,0.0,0.0,1,1.0
2024-05-04 06:00,0.0,0.0,1,1.0
2024-05-04 07:00,0.002,0.002,1,1.0
2024-05-04 08:00,0.008,0.008,1,1.0
2024-05-04 09:00,0.031,0.031,1,1.0
2024-05-04 10:00,0.013,0.013,1,1.0
2024-05-04 11:00,0.013,0.013,1,1.0
2024-05-04 12:00,0.0,0.0,1,1.0
2024-05-04 13:00,0.0,0.0,1,1.0
2024-05-04 14:00,0.0,0.0,1,1.0
2024-05-04 15:00,0.013,0.013,1,1.0
2024-05-04 16:00,0.002,0.002,1,1.0
2024-05-04 17:00,0.0,0.0,1,1.0
2024-05-04 18:00,0.0,0.0,1,1.0
2024-05-04 19:00,0.0,0.0,1,1.0
2024-05-04 20:00,0.0,0.0,1,1.0
2024-05-04 21:00,0.0,0.0,1,1.0
2024-05-04 22:00,0.0,0.0,1,1.0
2024-05-04 23:00,0.0,0.0,1,1.0
2024-05-05 00:00,0.001,0.001,1,1.0
2024-05-05 01:00,0.0,0.0,1,1.0
2024-05-05 02:00,0.0,0.0,1,1.0
2024-05-05 03:00,0.0,0.0,1,1.0
2024-05-05 04:00,0.0,0.0,1,1.0
2024-05-05 05:00,0.001,0.001,1,1.0
2024-05-05 06:00,0.001,0.001,1,1.0
2024-05-05 07:00,0.008,0.008,1,1.0
2024-05-05 08:00,0.008,0.008,1,1.0
2024-05-05 09:00,0.027,0.027,1,1.0
2024-05-05 10:00,0.05,0.05,1,1.0
2024-05-05 11:00,0.036,0.036,1,1.0
2024-05-05 12:00,0.015,0.015,1,1.0
2024-05-05 13:00,0.023,0.023,1,1.0
2024-05-05 14:00,0.007,0.007,1,1.0
2024-05-05 15:00,0.0,0.0,1,1.0
2024-05-05 16:00,0.0,0.0,1,1.0
2024-05-05 17:00,0.0,0.0,1,1.0
2024-05-05 18:00,0.0,0.0,1,1.0
2024-05-05 19:00,0.0,0.0,1,1.0
2024-05-05 20:00,0.0,0.0,1,1.0
2024-05-05 21:00,0.0,0.0,1,1.0
2024-05-05 22:00,0.0,0.0,1,1.0
2024-05-05 23:00,0.0,0.0,1,1.0
2024-05-06 00:00,0.0,0.0,1,1.0
2024-05-06 01:00,0.0,0.0,1,1.0
2024-05-06 02:00,0.003,0.003,1,1.0
2024-05-06 03:00,0.005,0.005,1,1.0
2024-05-06 04:00,0.003,0.003,1,1.0
2024-05-06 05:00,0.001,0.001,1,1.0
2024-05-06 06:00,0.0,0.0,1,1.0
2024-05-06 07:00,0.0,0.0,1,1.0
2024-05-06 08:00,0.0,0.0,1,1.0
2024-05-06 09:00,0.0,0.0,1,1.0
2024-05-06 10:00,0.0,0.0,1,1.0
2024-05-06 11:00,0.0,0.0,1,1.0
2024-05-06 12:00,0.0,0.0,1,1.0
2024-05-06 13:00,0.0,0.0,1,1.0
2024-05-06 14:00,0.0,0.0,1,1.0
2024-05-06 15:00,0.0,0.0,1,1.0
2024-05-06 16:00,0.0,0.0,1,1.0
2024-05-06 17:00,0.0,0.0,1,1.0
2024-05-06 18:00,0.0,0.0,1,1.0
2024-05-06 19:00,0.0,0.0,1,1.0
2024-05-06 20:00,0.0,0.0,1,1.0
2024-05-06 21:00,0.0,0.0,1,1.0
2024-05-06 22:00,0.0,0.0,1,1.0
2024-05-06 23:00,0.0,0.0,1,1.0
2024-05-07 00:00,0.0,0.0,1,1.0
2024-05-07 01:00,0.0,0.0,1,1.0
2024-05-07 02:00,0.0,0.0,1,1.0
2024-05-07 03:00,0.0,0.0,1,1.0
2024-05-07 04:00,0.0,0.0,1,1.0
2024-05-07 05:00,0.0,0.0,1,1.0
2024-05-07 06:00,0.0,0.0,1,1.0
2024-05-07 07:00,0.0,0.0,1,1.0
2024-05-07 08:00,0.0,0.0,1,1.0
2024-05-07 09:00,0.0,0.0,1,1.0
2024-05-07 10:00,0.0,0.0,1,1.0
2024-05-07 11:00,0.0,0.0,1,1.0
2024-05-07 12:00,0.001,0.001,1,1.0
2024-05-07 13:00,0.0,0.0,1,1.0
2024-05-07 14:00,0.0,0.0,1,1.0
2024-05-07 15:00,0.0,0.0,1,1.0
2024-05-07 16:00,0.0,0.0,1,1.0
2024-05-07 17:00,0.0,0.0,1,1.0
2024-05-07 18:00,0.0,0.0,1,1.0
2024-05-07 19:00,0.0,0.0,1,1.0
2024-05-07 20:00,0.0,0.0,1,1.0
2024-05-07 21:00,0.0,0.0,1,1.0
2024-05-07 22:00,0.0,0.0,1,1.0
2024-05-07 23:00,0.0,0.0,1,1.0
2024-05-08 00:00,0.0,0.0,1,1.0
2024-05-08 01:00,0.0,0.0,1,1.0
2024-05-08 02:00,0.0,0.0,1,1.0
2024-05-08 03:00,0.0,0.0,1,1.0
2024-05-08 04:00,0.0,0.0,1,1.0
2024-05-08 05:00,0.0,0.0,1,1.0
2024-05-08 06:00,0.0,0.0,1,1.0
2024-05-08 07:00,0.0,0.0,1,1.0
2024-05-08 08:00,0.0,0.0,1,1.0
2024-05-08 09:00,0.0,0.0,1,1.0
2024-05-08 10:00,0.007,0.007,1,1.0
2024-05-08 11:00,0.008,0.008,1,1.0
2024-05-08 12:00,0.39,0.39,1,1.0
2024-05-08 13:00,1.781,1.781,1,1.0
2024-05-08 14:00,2.014,2.014,1,1.0
2024-05-08 15:00,1.479,1.479,1,1.0
2024-05-08 16:00,1.402,1.402,1,1.0
2024-05-08 17:00,0.794,0.794,1,1.0
2024-05-08 18:00,0.58,0.58,1,1.0
2024-05-08 19:00,0.461,0.461,1,1.0
2024-05-08 20:00,0.296,0.296,1,1.0
2024-05-08 21:00,0.379,0.379,1,1.0
2024-05-08 22:00,0.606,0.606,1,1.0
2024-05-08 23:00,0.625,0.625,1,1.0
2024-05-09 00:00,0.238,0.238,1,1.0
2024-05-09 01:00,0.027,0.027,1,1.0
2024-05-09 02:00,0.0,0.0,1,1.0
2024-05-09 03:00,0.0,0.0,1,1.0
2024-05-09 04:00,0.0,0.0,1,1.0
2024-05-09 05:00,0.0,0.0,1,1.0
2024-05-09 06:00,0.0,0.0,1,1.0
2024-05-09 07:00,0.125,0.125,1,1.0
2024-05-09 08:00,0.151,0.151,1,1.0
2024-05-09 09:00,0.577,0.577,1,1.0
2024-05-09 10:00,0.293,0.293,1,1.0
2024-05-09 11:00,0.255,0.255,1,1.0
2024-05-09 12:00,0.245,0.245,1,1.0
2024-05-09 13:00,0.062,0.062,1,1.0
2024-05-09 14:00,0.154,0.154,1,1.0
2024-05-09 15:00,0.282,0.282,1,1.0
2024-05-09 16:00,0.133,0.133,1,1.0
2024-05-09 17:00,0.001,0.001,1,1.0
2024-05-09 18:00,0.003,0.003,1,1.0
2024-05-09 19:00,0.001,0.001,1,1.0
2024-05-09 20:00,0.0,0.0,1,1.0
2024-05-09 21:00,0.0,0.0,1,1.0
2024-05-09 22:00,0.0,0.0,1,1.0
2024-05-09 23:00,0.0,0.0,1,1.0
2024-05-10 00:00,0.0,0.0,1,1.0
2024-05-10 01:00,0.0,0.0,1,1.0
2024-05-10 02:00,0.0,0.0,1,1.0
2024-05-10 03:00,0.0,0.0,1,1.0
2024-05-10 04:00,0.0,0.0,1,1.0
2024-05-10 05:00,0.0,0.0,1,1.0
2024-05-10 06:00,0.0,0.0,1,1.0
2024-05-10 07:00,0.0,0.0,1,1.0
2024-05-10 08:00,0.0,0.0,1,1.0
2024-05-10 09:00,0.0,0.0,1,1.0
2024-05-10 10:00,0.029,0.029,1,1.0
2024-05-10 11:00,0.058,0.058,1,1.0
2024-05-10 12:00,0.055,0.055,1,1.0
2024-05-10 13:00,0.036,0.036,1,1.0
2024-05-10 14:00,0.025,0.025,1,1.0
2024-05-10 15:00,0.01,0.01,1,1.0
2024-05-10 16:00,0.005,0.005,1,1.0
2024-05-10 17:00,0.0,0.0,1,1.0
2024-05-10 18:00,0.0,0.0,1,1.0
2024-05-10 19:00,0.0,0.0,1,1.0
2024-05-10 20:00,0.0,0.0,1,1.0
2024-05-10 21:00,0.0,0.0,1,1.0
2024-05-10 22:00,0.0,0.0,1,1.0
2024-05-10 23:00,0.0,0.0,1,1.0
2024-05-11 00:00,0.0,0.0,1,1.0
2024-05-11 01:00,0.0,0.0,1,1.0
2024-05-11 02:00,0.0,0.0,1,1.0
2024-05-11 03:00,0.0,0.0,1,1.0
2024-05-11 04:00,0.0,0.0,1,1.0
2024-05-11 05:00,0.0,0.0,1,1.0
2024-05-11 06:00,0.0,0.0,1,1.0
2024-05-11 07:00,0.0,0.0,1,1.0
2024-05-11 08:00,0.007,0.007,1,1.0
2024-05-11 09:00,0.062,0.062,1,1.0
2024-05-11 10:00,0.058,0.058,1,1.0
2024-05-11 11:00,0.004,0.004,1,1.0
2024-05-11 12:00,0.003,0.003,1,1.0
2024-05-11 13:00,0.0,0.0,1,1.0
2024-05-11 14:00,0.0,0.0,1,1.0
2024-05-11 15:00,0.0,0.0,1,1.0
2024-05-11 16:00,0.0,0.0,1,1.0
2024-05-11 17:00,0.0,0.0,1,1.0
2024-05-11 18:00,0.0,0.0,1,1.0
2024-05-11 19:00,0.0,0.0,1,1.0
2024-05-11 20:00,0.0,0.0,1,1.0
2024-05-11 21:00,0.0,0.0,1,1.0
2024-05-11 22:00,0.0,0.0,1,1.0
2024-05-11 23:00,0.0,0.0,1,1.0
2024-05-12 00:00,0.0,0.0,1,1.0
2024-05-12 01:00,0.0,0.0,1,1.0
2024-05-12 02:00,0.0,0.0,1,1.0
2024-05-12 03:00,0.0,0.0,1,1.0
2024-05-12 04:00,0.0,0.0,1,1.0
2024-05-12 05:00,0.0,0.0,1,1.0
2024-05-12 06:00,0.0,0.0,1,1.0
2024-05-12 07:00,0.0,0.0,1,1.0
2024-05-12 08:00,0.0,0.0,1,1.0
2024-05-12 09:00,0.004,0.004,1,1.0
2024-05-12 10:00,0.035,0.035,1,1.0
2024-05-12 11:00,0.13,0.13,1,1.0
2024-05-12 12:00,0.117,0.117,1,1.0
2024-05-12 13:00,0.101,0.101,1,1.0
2024-05-12 14:00,0.035,0.035,1,1.0
2024-05-12 15:00,0.043,0.043,1,1.0
2024-05-12 16:00,0.0,0.0,1,1.0
2024-05-12 17:00,0.0,0.0,1,1.0
2024-05-12 18:00,0.0,0.0,1,1.0
2024-05-12 19:00,0.0,0.0,1,1.0
2024-05-12 20:00,0.0,0.0,1,1.0
2024-05-12 21:00,0.0,0.0,1,1.0
2024-05-12 22:00,0.0,0.0,1,1.0
2024-05-12 23:00,0.0,0.0,1,1.0
2024-05-13 00:00,0.0,0.0,1,1.0
2024-05-13 01:00,0.0,0.0,1,1.0
2024-05-13 02:00,0.0,0.0,1,1.0
2024-05-13 03:00,0.0,0.0,1,1.0
2024-05-13 04:00,0.0,0.0,1,1.0
2024-05-13 05:00,0.0,0.0,1,1.0
2024-05-13 06:00,0.0,0.0,1,1.0
2024-05-13 07:00,0.0,0.0,1,1.0
2024-05-13 08:00,0.0,0.0,1,1.0
2024-05-13 09:00,0.0,0.0,1,1.0
2024-05-13 10:00,0.0,0.0,1,1.0
2024-05-13 11:00,0.025,0.025,1,1.0
2024-05-13 12:00,0.024,0.024,1,1.0
2024-05-13 13:00,0.005,0.005,1,1.0
2024-05-13 14:00,0.0,0.0,1,1.0
2024-05-13 15:00,0.0,0.0,1,1.0
2024-05-13 16:00,0.0,0.0,1,1.0
2024-05-13 17:00,0.0,0.0,1,1.0
2024-05-13 18:00,0.0,0.0,1,1.0
2024-05-13 19:00,0.0,0.0,1,1.0
2024-05-13 20:00,0.0,0.0,1,1.0
2024-05-13 21:00,0.0,0.0,1,1.0
2024-05-13 22:00,0.0,0.0,1,1.0
2024-05-13 23:00,0.0,0.0,1,1.0
2024-05-14 00:00,0.0,0.0,1,1.0
2024-05-14 01:00,0.0,0.0,1,1.0
2024-05-14 02:00,0.0,0.0,1,1.0
2024-05-14 03:00,0.0,0.0,1,1.0
2024-05-14 04:00,0.0,0.0,1,1.0
2024-05-14 05:00,0.0,0.0,1,1.0
2024-05-14 06:00,0.0,0.0,1,1.0
2024-05-14 07:00,0.0,0.0,1,1.0
2024-05-14 08:00,0.0,0.0,1,1.0
2024-05-14 09:00,0.0,0.0,1,1.0
2024-05-14 10:00,0.0,0.0,1,1.0
2024-05-14 11:00,0.0,0.0,1,1.0
2024-05-14 12:00,0.0,0.0,1,1.0
2024-05-14 13:00,0.0,0.0,1,1.0
2024-05-14 14:00,0.0,0.0,1,1.0
2024-05-14 15:00,0.0,0.0,1,1.0
2024-05-14 16:00,0.0,0.0,1,1.0
2024-05-14 17:00,0.0,0.0,1,1.0
2024-05-14 18:00,0.0,0.0,1,1.0
2024-05-14 19:00,0.0,0.0,1,1.0
2024-05-14 20:00,0.0,0.0,1,1.0
2024-05-14 21:00,0.0,0.0,1,1.0
2024-05-14 22:00,0.0,0.0,1,1.0
2024-05-14 23:00,0.0,0.0,1,1.0
2024-05-15 00:00,0.0,0.0,1,1.0
2024-05-15 01:00,0.0,0.0,1,1.0
2024-05-15 02:00,0.0,0.0,1,1.0
2024-05-15 03:00,0.0,0.0,1,1.0
2024-05-15 04:00,0.0,0.0,1,1.0
2024-05-15 05:00,0.0,0.0,1,1.0
2024-05-15 06:00,0.0,0.0,1,1.0
2024-05-15 07:00,0.0,0.0,1,1.0
2024-05-15 08:00,0.008,0.008,1,1.0
2024-05-15 09:00,0.0,0.0,1,1.0
2024-05-15 10:00,0.0,0.0,1,1.0
2024-05-15 11:00,0.077,0.077,1,1.0
2024-05-15 12:00,0.0,0.0,1,1.0
2024-05-15 13:00,0.001,0.001,1,1.0
2024-05-15 14:00,0.0,0.0,1,1.0
2024-05-15 15:00,0.0,0.0,1,1.0
2024-05-15 16:00,0.0,0.0,1,1.0
2024-05-15 17:00,0.0,0.0,1,1.0
2024-05-15 18:00,0.0,0.0,1,1.0
2024-05-15 19:00,0.003,0.003,1,1.0
2024-05-15 20:00,0.0,0.0,1,1.0
2024-05-15 21:00,0.0,0.0,1,1.0
2024-05-15 22:00,0.0,0.0,1,1.0
2024-05-15 23:00,0.0,0.0,1,1.0
2024-05-16 00:00,0.0,0.0,1,1.0
2024-05-16 01:00,0.0,0.0,1,1.0
2024-05-16 02:00,0.0,0.0,1,1.0
2024-05-16 03:00,0.0,0.0,1,1.0
2024-05-16 04:00,0.0,0.0,1,1.0
2024-05-16 05:00,0.0,0.0,1,1.0
2024-05-16 06:00,0.0,0.0,1,1.0
2024-05-16 07:00,0.0,0.0,1,1.0
2024-05-16 08:00,0.0,0.0,1,1.0
2024-05-16 09:00,0.0,0.0,1,1.0
2024-05-16 10:00,0.0,0.0,1,1.0
2024-05-16 11:00,0.0,0.0,1,1.0
2024-05-16 12:00,0.0,0.0,1,1.0
2024-05-16 13:00,0.0,0.0,1,1.0
2024-05-16 14:00,0.001,0.001,1,1.0
2024-05-16 15:00,0.0,0.0,1,1.0
2024-05-16 16:00,0.001,0.001,1,1.0
2024-05-16 17:00,0.0,0.0,1,1.0
2024-05-16 18:00,0.001,0.001,1,1.0
2024-05-16 19:00,0.0,0.0,1,1.0
2024-05-16 20:00,0.0,0.0,1,1.0
2024-05-16 21:00,0.0,0.0,1,1.0
2024-05-16 22:00,0.0,0.0,1,1.0
2024-05-16 23:00,0.002,0.002,1,1.0
2024-05-17 00:00,0.0,0.0,1,1.0
2024-05-17 01:00,0.001,0.001,1,1.0
2024-05-17 02:00,0.001,0.001,1,1.0
2024-05-17 03:00,0.007,0.007,1,1.0
2024-05-17 04:00,0.005,0.005,1,1.0
2024-05-17 05:00,0.004,0.004,1,1.0
2024-05-17 06:00,0.001,0.001,1,1.0
2024-05-17 07:00,0.0,0.0,1,1.0
2024-05-17 08:00,0.0,0.0,1,1.0
2024-05-17 09:00,0.0,0.0,1,1.0
2024-05-17 10:00,0.0,0.0,1,1.0
2024-05-17 11:00,0.0,0.0,1,1.0
2024-05-17 12:00,0.0,0.0,1,1.0
2024-05-17 13:00,0.0,0.0,1,1.0
2024-05-17 14:00,0.0,0.0,1,1.0
2024-05-17 15:00,0.0,0.0,1,1.0
2024-05-17 16:00,0.0,0.0,1,1.0
2024-05-17 17:00,0.0,0.0,1,1.0
2024-05-17 18:00,0.0,0.0,1,1.0
2024-05-17 19:00,0.0,0.0,1,1.0
2024-05-17 20:00,0.0,0.0,1,1.0
2024-05-17 21:00,0.0,0.0,1,1.0
2024-05-17 22:00,0.0,0.0,1,1.0
2024-05-17 23:00,0.0,0.0,1,1.0
2024-05-18 00:00,0.0,0.0,1,1.0
2024-05-18 01:00,0.0,0.0,1,1.0
2024-05-18 02:00,0.0,0.0,1,1.0
2024-05-18 03:00,0.0,0.0,1,1.0
2024-05-18 04:00,0.0,0.0,1,1.0
2024-05-18 05:00,0.0,0.0,1,1.0
2024-05-18 06:00,0.0,0.0,1,1.0
2024-05-18 07:00,0.0,0.0,1,1.0
2024-05-18 08:00,0.0,0.0,1,1.0
2024-05-18 09:00,0.0,0.0,1,1.0
2024-05-18 10:00,0.005,0.005,1,1.0
2024-05-18 11:00,0.002,0.002,1,1.0
2024-05-18 12:00,0.001,0.001,1,1.0
2024-05-18 13:00,0.045,0.045,1,1.0
2024-05-18 14:00,0.443,0.443,1,1.0
2024-05-18 15:00,0.898,0.898,1,1.0
2024-05-18 16:00,0.978,0.978,1,1.0
2024-05-18 17:00,0.955,0.955,1,1.0
2024-05-18 18:00,0.227,0.227,1,1.0
2024-05-18 19:00,0.001,0.001,1,1.0
2024-05-18 20:00,0.0,0.0,1,1.0
2024-05-18 21:00,0.0,0.0,1,1.0
2024-05-18 22:00,0.0,0.0,1,1.0
2024-05-18 23:00,0.0,0.0,1,1.0
2024-05-19 00:00,0.001,0.001,1,1.0
2024-05-19 01:00,0.0,0.0,1,1.0
2024-05-19 02:00,0.001,0.001,1,1.0
2024-05-19 03:00,0.001,0.001,1,1.0
2024-05-19 04:00,0.0,0.0,1,1.0
2024-05-19 05:00,0.0,0.0,1,1.0
2024-05-19 06:00,0.0,0.0,1,1.0
2024-05-19 07:00,0.0,0.0,1,1.0
2024-05-19 08:00,0.0,0.0,1,1.0
2024-05-19 09:00,0.0,0.0,1,1.0
2024-05-19 10:00,0.106,0.106,1,1.0
2024-05-19 11:00,0.002,0.002,1,1.0
2024-05-19 12:00,0.053,0.053,1,1.0
2024-05-19 13:00,0.12,0.12,1,1.0
2024-05-19 14:00,0.253,0.253,1,1.0
2024-05-19 15:00,0.174,0.174,1,1.0
2024-05-19 16:00,0.0,0.0,1,1.0
2024-05-19 17:00,0.0,0.0,1,1.0
2024-05-19 18:00,0.0,0.0,1,1.0
2024-05-19 19:00,0.0,0.0,1,1.0
2024-05-19 20:00,0.0,0.0,1,1.0
2024-05-19 21:00,0.0,0.0,1,1.0
2024-05-19 22:00,0.0,0.0,1,1.0
2024-05-19 23:00,0.0,0.0,1,1.0
2024-05-20 00:00,0.0,0.0,1,1.0
2024-05-20 01:00,0.0,0.0,1,1.0
2024-05-20 02:00,0.0,0.0,1,1.0
2024-05-20 03:00,0.0,0.0,1,1.0
2024-05-20 04:00,0.0,0.0,1,1.0
2024-05-20 05:00,0.0,0.0,1,1.0
2024-05-20 06:00,0.001,0.001,1,1.0
2024-05-20 07:00,0.0,0.0,1,1.0
2024-05-20 08:00,0.0,0.0,1,1.0
2024-05-20 09:00,0.0,0.0,1,1.0
2024-05-20 10:00,0.0,0.0,1,1.0
2024-05-20 11:00,0.0,0.0,1,1.0
2024-05-20 12:00,0.0,0.0,1,1.0
2024-05-20 13:00,0.0,0.0,1,1.0
2024-05-20 14:00,0.0,0.0,1,1.0
2024-05-20 15:00,0.0,0.0,1,1.0
2024-05-20 16:00,0.0,0.0,1,1.0
2024-05-20 17:00,0.0,0.0,1,1.0
2024-05-20 18:00,0.0,0.0,1,1.0
2024-05-20 19:00,0.0,0.0,1,1.0
2024-05-20 20:00,0.0,0.0,1,1.0
2024-05-20 21:00,0.0,0.0,1,1.0
2024-05-20 22:00,0.0,0.0,1,1.0
2024-05-20 23:00,0.0,0.0,1,1.0
2024-05-21 00:00,0.0,0.0,1,1.0
2024-05-21 01:00,0.002,0.002,1,1.0
2024-05-21 02:00,0.008,0.008,1,1.0
2024-05-21 03:00,0.016,0.016,1,1.0
2024-05-21 04:00,0.051,0.051,1,1.0
2024-05-21 05:00,0.191,0.191,1,1.0
2024-05-21 06:00,0.892,0.892,1,1.0
2024-05-21 07:00,1.062,1.062,1,1.0
2024-05-21 08:00,1.446,1.446,1,1.0
2024-05-21 09:00,0.231,0.231,1,1.0
2024-05-21 10:00,0.15,0.15,1,1.0
2024-05-21 11:00,0.2,0.2,1,1.0
2024-05-21 12:00,0.127,0.127,1,1.0
2024-05-21 13:00,0.067,0.067,1,1.0
2024-05-21 14:00,0.129,0.129,1,1.0
2024-05-21 15:00,0.231,0.231,1,1.0
2024-05-21 16:00,0.294,0.294,1,1.0
2024-05-21 17:00,0.107,0.107,1,1.0
2024-05-21 18:00,0.072,0.072,1,1.0
2024-05-21 19:00,0.171,0.171,1,1.0
2024-05-21 20:00,0.169,0.169,1,1.0
2024-05-21 21:00,0.611,0.611,1,1.0
2024-05-21 22:00,0.151,0.151,1,1.0
2024-05-21 23:00,0.266,0.266,1,1.0
2024-05-22 00:00,0.216,0.216,1,1.0
2024-05-22 01:00,0.043,0.043,1,1.0
2024-05-22 02:00,0.016,0.016,1,1.0
2024-05-22 03:00,0.003,0.003,1,1.0
2024-05-22 04:00,0.001,0.001,1,1.0
2024-05-22 05:00,0.027,0.027,1,1.0
2024-05-22 06:00,0.135,0.135,1,1.0
2024-05-22 07:00,0.042,0.042,1,1.0
2024-05-22 08:00,0.092,0.092,1,1.0
2024-05-22 09:00,0.152,0.152,1,1.0
2024-05-22 10:00,0.112,0.112,1,1.0
2024-05-22 11:00,0.077,0.077,1,1.0
2024-05-22 12:00,0.567,0.567,1,1.0
2024-05-22 13:00,0.36,0.36,1,1.0
2024-05-22 14:00,0.12,0.12,1,1.0
2024-05-22 15:00,0.032,0.032,1,1.0
2024-05-22 16:00,0.005,0.005,1,1.0
2024-05-22 17:00,0.21,0.21,1,1.0
2024-05-22 18:00,0.318,0.318,1,1.0
2024-05-22 19:00,0.001,0.001,1,1.0
2024-05-22 20:00,0.004,0.004,1,1.0
2024-05-22 21:00,0.004,0.004,1,1.0
2024-05-22 22:00,0.005,0.005,1,1.0
2024-05-22 23:00,0.0,0.0,1,1.0
2024-05-23 00:00,0.0,0.0,1,1.0
2024-05-23 01:00,0.0,0.0,1,1.0
2024-05-23 02:00,0.0,0.0,1,1.0
2024-05-23 03:00,0.001,0.001,1,1.0
2024-05-23 04:00,0.0,0.0,1,1.0
2024-05-23 05:00,0.0,0.0,1,1.0
2024-05-23 06:00,0.0,0.0,1,1.0
2024-05-23 07:00,0.0,0.0,1,1.0
2024-05-23 08:00,0.0,0.0,1,1.0
2024-05-23 09:00,0.0,0.0,1,1.0
2024-05-23 10:00,0.001,0.001,1,1.0
2024-05-23 11:00,0.0,0.0,1,1.0
2024-05-23 12:00,0.0,0.0,1,1.0
2024-05-23 13:00,0.0,0.0,1,1.0
2024-05-23 14:00,0.0,0.0,1,1.0
2024-05-23 15:00,0.0,0.0,1,1.0
2024-05-23 16:00,0.0,0.0,1,1.0
2024-05-23 17:00,0.0,0.0,1,1.0
2024-05-23 18:00,0.0,0.0,1,1.0
2024-05-23 19:00,0.0,0.0,1,1.0
2024-05-23 20:00,0.0,0.0,1,1.0
2024-05-23 21:00,0.0,0.0,1,1.0
2024-05-23 22:00,0.0,0.0,1,1.0
2024-05-23 23:00,0.0,0.0,1,1.0
2024-05-24 00:00,0.001,0.001,1,1.0
2024-05-24 01:00,0.0,0.0,1,1.0
2024-05-24 02:00,0.0,0.0,1,1.0
2024-05-24 03:00,0.0,0.0,1,1.0
2024-05-24 04:00,0.0,0.0,1,1.0
2024-05-24 05:00,0.0,0.0,1,1.0
2024-05-24 06:00,0.0,0.0,1,1.0
2024-05-24 07:00,0.0,0.0,1,1.0
2024-05-24 08:00,0.0,0.0,1,1.0
2024-05-24 09:00,0.0,0.0,1,1.0
2024-05-24 10:00,0.0,0.0,1,1.0
2024-05-24 11:00,0.0,0.0,1,1.0
2024-05-24 12:00,0.0,0.0,1,1.0
2024-05-24 13:00,0.0,0.0,1,1.0
2024-05-24 14:00,0.0,0.0,1,1.0
2024-05-24 15:00,0.0,0.0,1,1.0
2024-05-24 16:00,0.0,0.0,1,1.0
2024-05-24 17:00,0.0,0.0,1,1.0
2024-05-24 18:00,0.0,0.0,1,1.0
2024-05-24 19:00,0.0,0.0,1,1.0
2024-05-24 20:00,0.0,0.0,1,1.0
2024-05-24 21:00,0.0,0.0,1,1.0
2024-05-24 22:00,0.0,0.0,1,1.0
2024-05-24 23:00,0.0,0.0,1,1.0
2024-05-25 00:00,0.0,0.0,1,1.0
2024-05-25 01:00,0.0,0.0,1,1.0
2024-05-25 02:00,0.0,0.0,1,1.0
2024-05-25 03:00,0.0,0.0,1,1.0
2024-05-25 04:00,0.004,0.004,1,1.0
2024-05-25 05:00,0.0,0.0,1,1.0
2024-05-25 06:00,0.148,0.148,1,1.0
2024-05-25 07:00,0.033,0.033,1,1.0
2024-05-25 08:00,0.034,0.034,1,1.0
2024-05-25 09:00,0.118,0.118,1,1.0
2024-05-25 10:00,0.086,0.086,1,1.0
2024-05-25 11:00,0.031,0.031,1,1.0
2024-05-25 12:00,0.009,0.009,1,1.0
2024-05-25 13:00,0.0,0.0,1,1.0
2024-05-25 14:00,0.014,0.014,1,1.0
2024-05-25 15:00,0.035,0.035,1,1.0
2024-05-25 16:00,0.043,0.043,1,1.0
2024-05-25 17:00,0.016,0.016,1,1.0
2024-05-25 18:00,0.003,0.003,1,1.0
2024-05-25 19:00,0.004,0.004,1,1.0
2024-05-25 20:00,0.0,0.0,1,1.0
2024-05-25 21:00,0.0,0.0,1,1.0
2024-05-25 22:00,0.0,0.0,1,1.0
2024-05-25 23:00,0.0,0.0,1,1.0
2024-05-26 00:00,0.0,0.0,1,1.0
2024-05-26 01:00,0.0,0.0,1,1.0
2024-05-26 02:00,0.0,0.0,1,1.0
2024-05-26 03:00,0.0,0.0,1,1.0
2024-05-26 04:00,0.0,0.0,1,1.0
2024-05-26 05:00,0.0,0.0,1,1.0
2024-05-26 06:00,0.0,0.0,1,1.0
2024-05-26 07:00,0.0,0.0,1,1.0
2024-05-26 08:00,0.008,0.008,1,1.0
2024-05-26 09:00,0.021,0.021,1,1.0
2024-05-26 10:00,0.018,0.018,1,1.0
2024-05-26 11:00,0.042,0.042,1,1.0
2024-05-26 12:00,0.151,0.151,1,1.0
2024-05-26 13:00,0.067,0.067,1,1.0
2024-05-26 14:00,0.099,0.099,1,1.0
2024-05-26 15:00,0.024,0.024,1,1.0
2024-05-26 16:00,0.0,0.0,1,1.0
2024-05-26 17:00,0.0,0.0,1,1.0
2024-05-26 18:00,0.0,0.0,1,1.0
2024-05-26 19:00,0.005,0.005,1,1.0
2024-05-26 20:00,0.01,0.01,1,1.0
2024-05-26 21:00,0.05,0.05,1,1.0
2024-05-26 22:00,0.045,0.045,1,1.0
2024-05-26 23:00,0.003,0.003,1,1.0
2024-05-27 00:00,0.0,0.0,1,1.0
2024-05-27 01:00,0.0,0.0,1,1.0
2024-05-27 02:00,0.0,0.0,1,1.0
2024-05-27 03:00,0.0,0.0,1,1.0
2024-05-27 04:00,0.0,0.0,1,1.0
2024-05-27 05:00,0.0,0.0,1,1.0
2024-05-27 06:00,0.0,0.0,1,1.0
2024-05-27 07:00,0.0,0.0,1,1.0
2024-05-27 08:00,0.072,0.072,1,1.0
2024-05-27 09:00,0.055,0.055,1,1.0
2024-05-27 10:00,0.04,0.04,1,1.0
2024-05-27 11:00,0.007,0.007,1,1.0
2024-05-27 12:00,0.011,0.011,1,1.0
2024-05-27 13:00,0.088,0.088,1,1.0
2024-05-27 14:00,0.0,0.0,1,1.0
2024-05-27 15:00,0.051,0.051,1,1.0
2024-05-27 16:00,0.135,0.135,1,1.0
2024-05-27 17:00,0.001,0.001,1,1.0
2024-05-27 18:00,0.0,0.0,1,1.0
2024-05-27 19:00,0.0,0.0,1,1.0
2024-05-27 20:00,0.0,0.0,1,1.0
2024-05-27 21:00,0.001,0.001,1,1.0
2024-05-27 22:00,0.001,0.001,1,1.0
2024-05-27 23:00,0.0,0.0,1,1.0
2024-05-28 00:00,0.0,0.0,1,1.0
2024-05-28 01:00,0.0,0.0,1,1.0
2024-05-28 02:00,0.006,0.006,1,1.0
2024-05-28 03:00,0.082,0.082,1,1.0
2024-05-28 04:00,0.062,0.062,1,1.0
2024-05-28 05:00,0.07,0.07,1,1.0
2024-05-28 06:00,0.073,0.073,1,1.0
2024-05-28 07:00,0.181,0.181,1,1.0
2024-05-28 08:00,0.044,0.044,1,1.0
2024-05-28 09:00,0.036,0.036,1,1.0
2024-05-28 10:00,0.058,0.058,1,1.0
2024-05-28 11:00,0.037,0.037,1,1.0
2024-05-28 12:00,0.027,0.027,1,1.0
2024-05-28 13:00,0.028,0.028,1,1.0
2024-05-28 14:00,0.24,0.24,1,1.0
2024-05-28 15:00,0.029,0.029,1,1.0
2024-05-28 16:00,0.011,0.011,1,1.0
2024-05-28 17:00,0.0,0.0,1,1.0
2024-05-28 18:00,0.0,0.0,1,1.0
2024-05-28 19:00,0.001,0.001,1,1.0
2024-05-28 20:00,0.0,0.0,1,1.0
2024-05-28 21:00,0.0,0.0,1,1.0
2024-05-28 22:00,0.0,0.0,1,1.0
2024-05-28 23:00,0.0,0.0,1,1.0
2024-05-29 00:00,0.0,0.0,1,1.0
2024-05-29 01:00,0.0,0.0,1,1.0
2024-05-29 02:00,0.0,0.0,1,1.0
2024-05-29 03:00,0.0,0.0,1,1.0
2024-05-29 04:00,0.0,0.0,1,1.0
2024-05-29 05:00,0.001,0.001,1,1.0
2024-05-29 06:00,0.001,0.001,1,1.0
2024-05-29 07:00,0.0,0.0,1,1.0
2024-05-29 08:00,0.0,0.0,1,1.0
2024-05-29 09:00,0.0,0.0,1,1.0
2024-05-29 10:00,0.078,0.078,1,1.0
2024-05-29 11:00,0.041,0.041,1,1.0
2024-05-29 12:00,0.009,0.009,1,1.0
2024-05-29 13:00,0.0,0.0,1,1.0
2024-05-29 14:00,0.0,0.0,1,1.0
2024-05-29 15:00,0.0,0.0,1,1.0
2024-05-29 16:00,0.0,0.0,1,1.0
2024-05-29 17:00,0.004,0.004,1,1.0
2024-05-29 18:00,0.018,0.018,1,1.0
2024-05-29 19:00,0.0,0.0,1,1.0
2024-05-29 20:00,0.0,0.0,1,1.0
2024-05-29 21:00,0.0,0.0,1,1.0
2024-05-29 22:00,0.0,0.0,1,1.0
2024-05-29 23:00,0.001,0.001,1,1.0
2024-05-30 00:00,0.0,0.0,1,1.0
2024-05-30 01:00,0.0,0.0,1,1.0
2024-05-30 02:00,0.0,0.0,1,1.0
2024-05-30 03:00,0.0,0.0,1,1.0
2024-05-30 04:00,0.0,0.0,1,1.0
2024-05-30 05:00,0.001,0.001,1,1.0
2024-05-30 06:00,0.004,0.004,1,1.0
2024-05-30 07:00,0.009,0.009,1,1.0
2024-05-30 08:00,0.022,0.022,1,1.0
2024-05-30 09:00,0.103,0.103,1,1.0
2024-05-30 10:00,0.151,0.151,1,1.0
2024-05-30 11:00,0.179,0.179,1,1.0
2024-05-30 12:00,0.122,0.122,1,1.0
2024-05-30 13:00,0.032,0.032,1,1.0
2024-05-30 14:00,0.009,0.009,1,1.0
2024-05-30 15:00,0.008,0.008,1,1.0
2024-05-30 16:00,0.003,0.003,1,1.0
2024-05-30 17:00,0.0,0.0,1,1.0
2024-05-30 18:00,0.0,0.0,1,1.0
2024-05-30 19:00,0.0,0.0,1,1.0
2024-05-30 20:00,0.0,0.0,1,1.0
2024-05-30 21:00,0.0,0.0,1,1.0
2024-05-30 22:00,0.0,0.0,1,1.0
2024-05-30 23:00,0.001,0.001,1,1.0
2024-05-31 00:00,0.019,0.019,1,1.0
2024-05-31 01:00,0.074,0.074,1,1.0
2024-05-31 02:00,0.049,0.049,1,1.0
2024-05-31 03:00,0.056,0.056,1,1.0
2024-05-31 04:00,0.071,0.071,1,1.0
2024-05-31 05:00,0.034,0.034,1,1.0
2024-05-31 06:00,0.159,0.159,1,1.0
2024-05-31 07:00,0.057,0.057,1,1.0
2024-05-31 08:00,0.058,0.058,1,1.0
2024-05-31 09:00,0.031,0.031,1,1.0
2024-05-31 10:00,0.048,0.048,1,1.0
2024-05-31 11:00,0.124,0.124,1,1.0
2024-05-31 12:00,0.364,0.364,1,1.0
2024-05-31 13:00,1.53,1.53,1,1.0
2024-05-31 14:00,1.428,1.428,1,1.0
2024-05-31 15:00,0.598,0.598,1,1.0
2024-05-31 16:00,1.039,1.039,1,1.0
2024-05-31 17:00,0.844,0.844,1,1.0
2024-05-31 18:00,0.253,0.253,1,1.0
2024-05-31 19:00,0.323,0.323,1,1.0
2024-05-31 20:00,0.165,0.165,1,1.0
2024-05-31 21:00,0.177,0.177,1,1.0
2024-05-31 22:00,0.121,0.121,1,1.0
2024-05-31 23:00,0.088,0.088,1,1.0
2024-06-01 00:00,0.085,0.085,1,1.0
2024-06-01 01:00,0.055,0.055,1,1.0
2024-06-01 02:00,0.131,0.131,1,1.0
2024-06-01 03:00,0.062,0.062,1,1.0
2024-06-01 04:00,0.117,0.117,1,1.0
2024-06-01 05:00,0.126,0.126,1,1.0
2024-06-01 06:00,0.266,0.266,1,1.0
2024-06-01 07:00,0.481,0.481,1,1.0
2024-06-01 08:00,0.586,0.586,1,1.0
2024-06-01 09:00,0.432,0.432,1,1.0
2024-06-01 10:00,0.114,0.114,1,1.0
2024-06-01 11:00,0.068,0.068,1,1.0
2024-06-01 12:00,0.044,0.044,1,1.0
2024-06-01 13:00,0.013,0.013,1,1.0
2024-06-01 14:00,0.0,0.0,1,1.0
2024-06-01 15:00,0.0,0.0,1,1.0
2024-06-01 16:00,0.0,0.0,1,1.0
2024-06-01 17:00,0.003,0.003,1,1.0
2024-06-01 18:00,0.0,0.0,1,1.0
2024-06-01 19:00,0.001,0.001,1,1.0
2024-06-01 20:00,0.001,0.001,1,1.0
2024-06-01 21:00,0.0,0.0,1,1.0
2024-06-01 22:00,0.0,0.0,1,1.0
2024-06-01 23:00,0.0,0.0,1,1.0
2024-06-02 00:00,0.0,0.0,1,1.0
2024-06-02 01:00,0.0,0.0,1,1.0
2024-06-02 02:00,0.0,0.0,1,1.0
2024-06-02 03:00,0.07,0.07,1,1.0
2024-06-02 04:00,0.0,0.0,1,1.0
2024-06-02 05:00,0.0,0.0,1,1.0
2024-06-02 06:00,0.0,0.0,1,1.0
2024-06-02 07:00,0.0,0.0,1,1.0
2024-06-02 08:00,0.0,0.0,1,1.0
2024-06-02 09:00,0.0,0.0,1,1.0
2024-06-02 10:00,0.0,0.0,1,1.0
2024-06-02 11:00,0.02,0.02,1,1.0
2024-06-02 12:00,0.0,0.0,1,1.0
2024-06-02 13:00,0.0,0.0,1,1.0
2024-06-02 14:00,0.0,0.0,1,1.0
2024-06-02 15:00,0.012,0.012,1,1.0
2024-06-02 16:00,0.002,0.002,1,1.0
2024-06-02 17:00,0.0,0.0,1,1.0
2024-06-02 18:00,0.095,0.095,1,1.0
2024-06-02 19:00,0.0,0.0,1,1.0
2024-06-02 20:00,0.0,0.0,1,1.0
2024-06-02 21:00,0.0,0.0,1,1.0
2024-06-02 22:00,0.0,0.0,1,1.0
2024-06-02 23:00,0.0,0.0,1,1.0
2024-06-03 00:00,0.003,0.003,1,1.0
2024-06-03 01:00,0.224,0.224,1,1.0
2024-06-03 02:00,0.217,0.217,1,1.0
2024-06-03 03:00,0.002,0.002,1,1.0
2024-06-03 04:00,0.0,0.0,1,1.0
2024-06-03 05:00,0.0,0.0,1,1.0
2024-06-03 06:00,0.0,0.0,1,1.0
2024-06-03 07:00,0.0,0.0,1,1.0
2024-06-03 08:00,0.019,0.019,1,1.0
2024-06-03 09:00,0.007,0.007,1,1.0
2024-06-03 10:00,0.007,0.007,1,1.0
2024-06-03 11:00,0.0,0.0,1,1.0
2024-06-03 12:00,0.0,0.0,1,1.0
2024-06-03 13:00,0.0,0.0,1,1.0
2024-06-03 14:00,0.0,0.0,1,1.0
2024-06-03 15:00,0.0,0.0,1,1.0
2024-06-03 16:00,0.0,0.0,1,1.0
2024-06-03 17:00,0.0,0.0,1,1.0
2024-06-03 18:00,0.0,0.0,1,1.0
2024-06-03 19:00,0.005,0.005,1,1.0
2024-06-03 20:00,0.002,0.002,1,1.0
2024-06-03 21:00,0.001,0.001,1,1.0
2024-06-03 22:00,0.0,0.0,1,1.0
2024-06-03 23:00,0.0,0.0,1,1.0
2024-06-04 00:00,0.0,0.0,1,1.0
2024-06-04 01:00,0.0,0.0,1,1.0
2024-06-04 02:00,0.001,0.001,1,1.0
2024-06-04 03:00,0.001,0.001,1,1.0
2024-06-04 04:00,0.002,0.002,1,1.0
2024-06-04 05:00,0.001,0.001,1,1.0
2024-06-04 06:00,0.0,0.0,1,1.0
2024-06-04 07:00,0.004,0.004,1,1.0
2024-06-04 08:00,0.0,0.0,1,1.0
2024-06-04 09:00,0.0,0.0,1,1.0
2024-06-04 10:00,0.0,0.0,1,1.0
2024-06-04 11:00,0.0,0.0,1,1.0
2024-06-04 12:00,0.0,0.0,1,1.0
2024-06-04 13:00,0.0,0.0,1,1.0
2024-06-04 14:00,0.0,0.0,1,1.0
2024-06-04 15:00,0.0,0.0,1,1.0
2024-06-04 16:00,0.0,0.0,1,1.0
2024-06-04 17:00,0.0,0.0,1,1.0
2024-06-04 18:00,0.0,0.0,1,1.0
2024-06-04 19:00,0.0,0.0,1,1.0
2024-06-04 20:00,0.0,0.0,1,1.0
2024-06-04 21:00,0.0,0.0,1,1.0
2024-06-04 22:00,0.0,0.0,1,1.0
2024-06-04 23:00,0.013,0.013,1,1.0
2024-06-05 00:00,0.004,0.004,1,1.0
2024-06-05 01:00,0.0,0.0,1,1.0
2024-06-05 02:00,0.0,0.0,1,1.0
2024-06-05 03:00,0.0,0.0,1,1.0
2024-06-05 04:00,0.0,0.0,1,1.0
2024-06-05 05:00,0.0,0.0,1,1.0
2024-06-05 06:00,0.0,0.0,1,1.0
2024-06-05 07:00,0.0,0.0,1,1.0
2024-06-05 08:00,0.0,0.0,1,1.0
2024-06-05 09:00,0.0,0.0,1,1.0
2024-06-05 10:00,0.0,0.0,1,1.0
2024-06-05 11:00,0.0,0.0,1,1.0
2024-06-05 12:00,0.0,0.0,1,1.0
2024-06-05 13:00,0.006,0.006,1,1.0
2024-06-05 14:00,0.003,0.003,1,1.0
2024-06-05 15:00,0.0,0.0,1,1.0
2024-06-05 16:00,0.0,0.0,1,1.0
2024-06-05 17:00,0.0,0.0,1,1.0
2024-06-05 18:00,0.0,0.0,1,1.0
2024-06-05 19:00,0.0,0.0,1,1.0
2024-06-05 20:00,0.0,0.0,1,1.0
2024-06-05 21:00,0.0,0.0,1,1.0
2024-06-05 22:00,0.0,0.0,1,1.0
2024-06-05 23:00,0.0,0.0,1,1.0
2024-06-06 00:00,0.0,0.0,1,1.0
2024-06-06 01:00,0.0,0.0,1,1.0
2024-06-06 02:00,0.0,0.0,1,1.0
2024-06-06 03:00,0.0,0.0,1,1.0
2024-06-06 04:00,0.0,0.0,1,1.0
2024-06-06 05:00,0.0,0.0,1,1.0
2024-06-06 06:00,0.0,0.0,1,1.0
2024-06-06 07:00,0.0,0.0,1,1.0
2024-06-06 08:00,0.0,0.0,1,1.0
2024-06-06 09:00,0.0,0.0,1,1.0
2024-06-06 10:00,0.0,0.0,1,1.0
2024-06-06 11:00,0.0,0.0,1,1.0
2024-06-06 12:00,0.0,0.0,1,1.0
2024-06-06 13:00,0.0,0.0,1,1.0
2024-06-06 14:00,0.0,0.0,1,1.0
2024-06-06 15:00,0.0,0.0,1,1.0
2024-06-06 16:00,0.0,0.0,1,1.0
2024-06-06 17:00,0.0,0.0,1,1.0
2024-06-06 18:00,0.0,0.0,1,1.0
2024-06-06 19:00,0.0,0.0,1,1.0
2024-06-06 20:00,0.0,0.0,1,1.0
2024-06-06 21:00,0.0,0.0,1,1.0
2024-06-06 22:00,0.001,0.001,1,1.0
2024-06-06 23:00,0.0,0.0,1,1.0
2024-06-07 00:00,0.0,0.0,1,1.0
2024-06-07 01:00,0.0,0.0,1,1.0
2024-06-07 02:00,0.0,0.0,1,1.0
2024-06-07 03:00,0.0,0.0,1,1.0
2024-06-07 04:00,0.0,0.0,1,1.0
2024-06-07 05:00,0.0,0.0,1,1.0
2024-06-07 06:00,0.0,0.0,1,1.0
2024-06-07 07:00,0.0,0.0,1,1.0
2024-06-07 08:00,0.0,0.0,1,1.0
2024-06-07 09:00,0.0,0.0,1,1.0
2024-06-07 10:00,0.0,0.0,1,1.0
2024-06-07 11:00,0.0,0.0,1,1.0
2024-06-07 12:00,0.0,0.0,1,1.0
2024-06-07 13:00,0.001,0.001,1,1.0
2024-06-07 14:00,0.0,0.0,1,1.0
2024-06-07 15:00,0.0,0.0,1,1.0
2024-06-07 16:00,0.0,0.0,1,1.0
2024-06-07 17:00,0.0,0.0,1,1.0
2024-06-07 18:00,0.0,0.0,1,1.0
2024-06-07 19:00,0.0,0.0,1,1.0
2024-06-07 20:00,0.0,0.0,1,1.0
2024-06-07 21:00,0.0,0.0,1,1.0
2024-06-07 22:00,0.0,0.0,1,1.0
2024-06-07 23:00,0.0,0.0,1,1.0
2024-06-08 00:00,0.0,0.0,1,1.0
2024-06-08 01:00,0.0,0.0,1,1.0
2024-06-08 02:00,0.0,0.0,1,1.0
2024-06-08 03:00,0.0,0.0,1,1.0
2024-06-08 04:00,0.0,0.0,1,1.0
2024-06-08 05:00,0.0,0.0,1,1.0
2024-06-08 06:00,0.0,0.0,1,1.0
2024-06-08 07:00,0.0,0.0,1,1.0
2024-06-08 08:00,0.0,0.0,1,1.0
2024-06-08 09:00,0.0,0.0,1,1.0
2024-06-08 10:00,0.0,0.0,1,1.0
2024-06-08 11:00,0.0,0.0,1,1.0
2024-06-08 12:00,0.0,0.0,1,1.0
2024-06-08 13:00,0.0,0.0,1,1.0
2024-06-08 14:00,0.0,0.0,1,1.0
2024-06-08 15:00,0.0,0.0,1,1.0
2024-06-08 16:00,0.0,0.0,1,1.0
2024-06-08 17:00,0.0,0.0,1,1.0
2024-06-08 18:00,0.0,0.0,1,1.0
2024-06-08 19:00,0.0,0.0,1,1.0
2024-06-08 20:00,0.0,0.0,1,1.0
2024-06-08 21:00,0.0,0.0,1,1.0
2024-06-08 22:00,0.0,0.0,1,1.0
2024-06-08 23:00,0.0,0.0,1,1.0
2024-06-09 00:00,0.0,0.0,1,1.0
2024-06-09 01:00,0.0,0.0,1,1.0
2024-06-09 02:00,0.0,0.0,1,1.0
2024-06-09 03:00,0.0,0.0,1,1.0
2024-06-09 04:00,0.0,0.0,1,1.0
2024-06-09 05:00,0.0,0.0,1,1.0
2024-06-09 06:00,0.0,0.0,1,1.0
2024-06-09 07:00,0.019,0.019,1,1.0
2024-06-09 08:00,0.0,0.0,1,1.0
2024-06-09 09:00,0.0,0.0,1,1.0
2024-06-09 10:00,0.0,0.0,1,1.0
2024-06-09 11:00,0.0,0.0,1,1.0
2024-06-09 12:00,0.0,0.0,1,1.0
2024-06-09 13:00,0.0,0.0,1,1.0
2024-06-09 14:00,0.0,0.0,1,1.0
2024-06-09 15:00,0.0,0.0,1,1.0
2024-06-09 16:00,0.0,0.0,1,1.0
2024-06-09 17:00,0.0,0.0,1,1.0
2024-06-09 18:00,0.0,0.0,1,1.0
2024-06-09 19:00,0.0,0.0,1,1.0
2024-06-09 20:00,0.002,0.002,1,1.0
2024-06-09 21:00,0.056,0.056,1,1.0
2024-06-09 22:00,0.011,0.011,1,1.0
2024-06-09 23:00,0.002,0.002,1,1.0
2024-06-10 00:00,0.008,0.008,1,1.0
2024-06-10 01:00,0.0,0.0,1,1.0
2024-06-10 02:00,0.0,0.0,1,1.0
2024-06-10 03:00,0.0,0.0,1,1.0
2024-06-10 04:00,0.0,0.0,1,1.0
2024-06-10 05:00,0.0,0.0,1,1.0
2024-06-10 06:00,0.0,0.0,1,1.0
2024-06-10 07:00,0.044,0.044,1,1.0
2024-06-10 08:00,0.05,0.05,1,1.0
2024-06-10 09:00,0.025,0.025,1,1.0
2024-06-10 10:00,0.013,0.013,1,1.0
2024-06-10 11:00,0.007,0.007,1,1.0
2024-06-10 12:00,0.005,0.005,1,1.0
2024-06-10 13:00,0.004,0.004,1,1.0
2024-06-10 14:00,0.003,0.003,1,1.0
2024-06-10 15:00,0.003,0.003,1,1.0
2024-06-10 16:00,0.003,0.003,1,1.0
2024-06-10 17:00,0.003,0.003,1,1.0
2024-06-10 18:00,0.004,0.004,1,1.0
2024-06-10 19:00,0.012,0.012,1,1.0
2024-06-10 20:00,0.028,0.028,1,1.0
2024-06-10 21:00,0.017,0.017,1,1.0
2024-06-10 22:00,0.023,0.023,1,1.0
2024-06-10 23:00,0.038,0.038,1,1.0
2024-06-11 00:00,0.019,0.019,1,1.0
2024-06-11 01:00,0.008,0.008,1,1.0
2024-06-11 02:00,0.004,0.004,1,1.0
2024-06-11 03:00,0.004,0.004,1,1.0
2024-06-11 04:00,0.002,0.002,1,1.0
2024-06-11 05:00,0.002,0.002,1,1.0
2024-06-11 06:00,0.002,0.002,1,1.0
2024-06-11 07:00,0.152,0.152,1,1.0
2024-06-11 08:00,0.2,0.2,1,1.0
2024-06-11 09:00,0.056,0.056,1,1.0
2024-06-11 10:00,0.066,0.066,1,1.0
2024-06-11 11:00,0.071,0.071,1,1.0
2024-06-11 12:00,0.005,0.005,1,1.0
2024-06-11 13:00,0.0,0.0,1,1.0
2024-06-11 14:00,0.0,0.0,1,1.0
2024-06-11 15:00,0.001,0.001,1,1.0
2024-06-11 16:00,0.0,0.0,1,1.0
2024-06-11 17:00,0.002,0.002,1,1.0
2024-06-11 18:00,0.0,0.0,1,1.0
2024-06-11 19:00,0.001,0.001,1,1.0
2024-06-11 20:00,0.0,0.0,1,1.0
2024-06-11 21:00,0.0,0.0,1,1.0
2024-06-11 22:00,0.0,0.0,1,1.0
2024-06-11 23:00,0.001,0.001,1,1.0
2024-06-12 00:00,0.0,0.0,1,1.0
2024-06-12 01:00,0.0,0.0,1,1.0
2024-06-12 02:00,0.025,0.025,1,1.0
2024-06-12 03:00,0.046,0.046,1,1.0
2024-06-12 04:00,0.0,0.0,1,1.0
2024-06-12 05:00,0.0,0.0,1,1.0
2024-06-12 06:00,0.0,0.0,1,1.0
2024-06-12 07:00,0.0,0.0,1,1.0
2024-06-12 08:00,0.0,0.0,1,1.0
2024-06-12 09:00,0.0,0.0,1,1.0
2024-06-12 10:00,0.0,0.0,1,1.0
2024-06-12 11:00,0.0,0.0,1,1.0
2024-06-12 12:00,0.0,0.0,1,1.0
2024-06-12 13:00,0.0,0.0,1,1.0
2024-06-12 14:00,0.001,0.001,1,1.0
2024-06-12 15:00,0.0,0.0,1,1.0
2024-06-12 16:00,0.0,0.0,1,1.0
2024-06-12 17:00,0.0,0.0,1,1.0
2024-06-12 18:00,0.0,0.0,1,1.0
2024-06-12 19:00,0.0,0.0,1,1.0
2024-06-12 20:00,0.0,0.0,1,1.0
2024-06-12 21:00,0.0,0.0,1,1.0
2024-06-12 22:00,0.0,0.0,1,1.0
2024-06-12 23:00,0.0,0.0,1,1.0
2024-06-13 00:00,0.0,0.0,1,1.0
2024-06-13 01:00,0.0,0.0,1,1.0
2024-06-13 02:00,0.0,0.0,1,1.0
2024-06-13 03:00,0.0,0.0,1,1.0
2024-06-13 04:00,0.0,0.0,1,1.0
2024-06-13 05:00,0.0,0.0,1,1.0
2024-06-13 06:00,0.0,0.0,1,1.0
2024-06-13 07:00,0.0,0.0,1,1.0
2024-06-13 08:00,0.0,0.0,1,1.0
2024-06-13 09:00,0.0,0.0,1,1.0
2024-06-13 10:00,0.0,0.0,1,1.0
2024-06-13 11:00,0.0,0.0,1,1.0
2024-06-13 12:00,0.0,0.0,1,1.0
2024-06-13 13:00,0.0,0.0,1,1.0
2024-06-13 14:00,0.001,0.001,1,1.0
2024-06-13 15:00,0.0,0.0,1,1.0
2024-06-13 16:00,0.0,0.0,1,1.0
2024-06-13 17:00,0.0,0.0,1,1.0
2024-06-13 18:00,0.0,0.0,1,1.0
2024-06-13 19:00,0.0,0.0,1,1.0
2024-06-13 20:00,0.0,0.0,1,1.0
2024-06-13 21:00,0.0,0.0,1,1.0
2024-06-13 22:00,0.001,0.001,1,1.0
2024-06-13 23:00,0.0,0.0,1,1.0
2024-06-14 00:00,0.001,0.001,1,1.0
2024-06-14 01:00,0.0,0.0,1,1.0
2024-06-14 02:00,0.0,0.0,1,1.0
2024-06-14 03:00,0.0,0.0,1,1.0
2024-06-14 04:00,0.0,0.0,1,1.0
2024-06-14 05:00,0.0,0.0,1,1.0
2024-06-14 06:00,0.0,0.0,1,1.0
2024-06-14 07:00,0.0,0.0,1,1.0
2024-06-14 08:00,0.0,0.0,1,1.0
2024-06-14 09:00,0.001,0.001,1,1.0
2024-06-14 10:00,0.0,0.0,1,1.0
2024-06-14 11:00,0.0,0.0,1,1.0
2024-06-14 12:00,0.0,0.0,1,1.0
2024-06-14 13:00,0.0,0.0,1,1.0
2024-06-14 14:00,0.0,0.0,1,1.0
2024-06-14 15:00,0.0,0.0,1,1.0
2024-06-14 16:00,0.0,0.0,1,1.0
2024-06-14 17:00,0.0,0.0,1,1.0
2024-06-14 18:00,0.0,0.0,1,1.0
2024-06-14 19:00,0.0,0.0,1,1.0
2024-06-14 20:00,0.0,0.0,1,1.0
2024-06-14 21:00,0.0,0.0,1,1.0
2024-06-14 22:00,0.0,0.0,1,1.0
2024-06-14 23:00,0.0,0.0,1,1.0
2024-06-15 00:00,0.0,0.0,1,1.0
2024-06-15 01:00,0.0,0.0,1,1.0
2024-06-15 02:00,0.0,0.0,1,1.0
2024-06-15 03:00,0.0,0.0,1,1.0
2024-06-15 04:00,0.0,0.0,1,1.0
2024-06-15 05:00,0.0,0.0,1,1.0
2024-06-15 06:00,0.0,0.0,1,1.0
2024-06-15 07:00,0.0,0.0,1,1.0
2024-06-15 08:00,0.0,0.0,1,1.0
2024-06-15 09:00,0.0,0.0,1,1.0
2024-06-15 10:00,0.0,0.0,1,1.0
2024-06-15 11:00,0.0,0.0,1,1.0
2024-06-15 12:00,0.0,0.0,1,1.0
2024-06-15 13:00,0.0,0.0,1,1.0
2024-06-15 14:00,0.0,0.0,1,1.0
2024-06-15 15:00,0.0,0.0,1,1.0
2024-06-15 16:00,0.001,0.001,1,1.0
2024-06-15 17:00,0.0,0.0,1,1.0
2024-06-15 18:00,0.0,0.0,1,1.0
2024-06-15 19:00,0.0,0.0,1,1.0
2024-06-15 20:00,0.0,0.0,1,1.0
2024-06-15 21:00,0.0,0.0,1,1.0
2024-06-15 22:00,0.0,0.0,1,1.0
2024-06-15 23:00,0.0,0.0,1,1.0
2024-06-16 00:00,0.0,0.0,1,1.0
2024-06-16 01:00,0.0,0.0,1,1.0
2024-06-16 02:00,0.0,0.0,1,1.0
2024-06-16 03:00,0.0,0.0,1,1.0
2024-06-16 04:00,0.0,0.0,1,1.0
2024-06-16 05:00,0.0,0.0,1,1.0
2024-06-16 06:00,0.0,0.0,1,1.0
2024-06-16 07:00,0.0,0.0,1,1.0
2024-06-16 08:00,0.0,0.0,1,1.0
2024-06-16 09:00,0.0,0.0,1,1.0
2024-06-16 10:00,0.0,0.0,1,1.0
2024-06-16 11:00,0.0,0.0,1,1.0
2024-06-16 12:00,0.0,0.0,1,1.0
2024-06-16 13:00,0.0,0.0,1,1.0
2024-06-16 14:00,0.0,0.0,1,1.0
2024-06-16 15:00,0.0,0.0,1,1.0
2024-06-16 16:00,0.001,0.001,1,1.0
2024-06-16 17:00,0.001,0.001,1,1.0
2024-06-16 18:00,0.0,0.0,1,1.0
2024-06-16 19:00,0.014,0.014,1,1.0
2024-06-16 20:00,0.0,0.0,1,1.0
2024-06-16 21:00,0.0,0.0,1,1.0
2024-06-16 22:00,0.0,0.0,1,1.0
2024-06-16 23:00,0.0,0.0,1,1.0
2024-06-17 00:00,0.0,0.0,1,1.0
2024-06-17 01:00,0.0,0.0,1,1.0
2024-06-17 02:00,0.0,0.0,1,1.0
2024-06-17 03:00,0.0,0.0,1,1.0
2024-06-17 04:00,0.0,0.0,1,1.0
2024-06-17 05:00,0.0,0.0,1,1.0
2024-06-17 06:00,0.0,0.0,1,1.0
2024-06-17 07:00,0.0,0.0,1,1.0
2024-06-17 08:00,0.0,0.0,1,1.0
2024-06-17 09:00,0.0,0.0,1,1.0
2024-06-17 10:00,0.0,0.0,1,1.0
2024-06-17 11:00,0.0,0.0,1,1.0
2024-06-17 12:00,0.0,0.0,1,1.0
2024-06-17 13:00,0.0,0.0,1,1.0
2024-06-17 14:00,0.0,0.0,1,1.0
2024-06-17 15:00,0.0,0.0,1,1.0
2024-06-17 16:00,0.0,0.0,1,1.0
2024-06-17 17:00,0.0,0.0,1,1.0
2024-06-17 18:00,0.0,0.0,1,1.0
2024-06-17 19:00,0.0,0.0,1,1.0
2024-06-17 20:00,0.0,0.0,1,1.0
2024-06-17 21:00,0.0,0.0,1,1.0
2024-06-17 22:00,0.0,0.0,1,1.0
2024-06-17 23:00,0.0,0.0,1,1.0
2024-06-18 00:00,0.0,0.0,1,1.0
2024-06-18 01:00,0.0,0.0,1,1.0
2024-06-18 02:00,0.0,0.0,1,1.0
2024-06-18 03:00,0.0,0.0,1,1.0
2024-06-18 04:00,0.0,0.0,1,1.0
2024-06-18 05:00,0.0,0.0,1,1.0
2024-06-18 06:00,0.0,0.0,1,1.0
2024-06-18 07:00,0.0,0.0,1,1.0
2024-06-18 08:00,0.0,0.0,1,1.0
2024-06-18 09:00,0.0,0.0,1,1.0
2024-06-18 10:00,0.0,0.0,1,1.0
2024-06-18 11:00,0.0,0.0,1,1.0
2024-06-18 12:00,0.0,0.0,1,1.0
2024-06-18 13:00,0.0,0.0,1,1.0
2024-06-18 14:00,0.001,0.001,1,1.0
2024-06-18 15:00,0.0,0.0,1,1.0
2024-06-18 16:00,0.0,0.0,1,1.0
2024-06-18 17:00,0.0,0.0,1,1.0
2024-06-18 18:00,0.0,0.0,1,1.0
2024-06-18 19:00,0.0,0.0,1,1.0
2024-06-18 20:00,0.0,0.0,1,1.0
2024-06-18 21:00,0.0,0.0,1,1.0
2024-06-18 22:00,0.0,0.0,1,1.0
2024-06-18 23:00,0.0,0.0,1,1.0
2024-06-19 00:00,0.0,0.0,1,1.0
2024-06-19 01:00,0.0,0.0,1,1.0
2024-06-19 02:00,0.0,0.0,1,1.0
2024-06-19 03:00,0.0,0.0,1,1.0
2024-06-19 04:00,0.0,0.0,1,1.0
2024-06-19 05:00,0.0,0.0,1,1.0
2024-06-19 06:00,0.0,0.0,1,1.0
2024-06-19 07:00,0.0,0.0,1,1.0
2024-06-19 08:00,0.0,0.0,1,1.0
2024-06-19 09:00,0.0,0.0,1,1.0
2024-06-19 10:00,0.0,0.0,1,1.0
2024-06-19 11:00,0.0,0.0,1,1.0
2024-06-19 12:00,0.0,0.0,1,1.0
2024-06-19 13:00,0.0,0.0,1,1.0
2024-06-19 14:00,0.0,0.0,1,1.0
2024-06-19 15:00,0.0,0.0,1,1.0
2024-06-19 16:00,0.0,0.0,1,1.0
2024-06-19 17:00,0.0,0.0,1,1.0
2024-06-19 18:00,0.0,0.0,1,1.0
2024-06-19 19:00,0.0,0.0,1,1.0
2024-06-19 20:00,0.0,0.0,1,1.0
2024-06-19 21:00,0.0,0.0,1,1.0
2024-06-19 22:00,0.0,0.0,1,1.0
2024-06-19 23:00,0.0,0.0,1,1.0
2024-06-20 00:00,0.0,0.0,1,1.0
2024-06-20 01:00,0.0,0.0,1,1.0
2024-06-20 02:00,0.0,0.0,1,1.0
2024-06-20 03:00,0.0,0.0,1,1.0
2024-06-20 04:00,0.0,0.0,1,1.0
2024-06-20 05:00,0.0,0.0,1,1.0
2024-06-20 06:00,0.0,0.0,1,1.0
2024-06-20 07:00,0.0,0.0,1,1.0
2024-06-20 08:00,0.0,0.0,1,1.0
2024-06-20 09:00,0.0,0.0,1,1.0
2024-06-20 10:00,0.0,0.0,1,1.0
2024-06-20 11:00,0.0,0.0,1,1.0
2024-06-20 12:00,0.015,0.015,1,1.0
2024-06-20 13:00,0.033,0.033,1,1.0
2024-06-20 14:00,0.034,0.034,1,1.0
2024-06-20 15:00,0.032,0.032,1,1.0
2024-06-20 16:00,0.005,0.005,1,1.0
2024-06-20 17:00,0.0,0.0,1,1.0
2024-06-20 18:00,0.0,0.0,1,1.0
2024-06-20 19:00,0.0,0.0,1,1.0
2024-06-20 20:00,0.0,0.0,1,1.0
2024-06-20 21:00,0.0,0.0,1,1.0
2024-06-20 22:00,0.001,0.001,1,1.0
2024-06-20 23:00,0.0,0.0,1,1.0
2024-06-21 00:00,0.0,0.0,1,1.0
2024-06-21 01:00,0.0,0.0,1,1.0
2024-06-21 02:00,0.0,0.0,1,1.0
2024-06-21 03:00,0.0,0.0,1,1.0
2024-06-21 04:00,0.0,0.0,1,1.0
2024-06-21 05:00,0.0,0.0,1,1.0
2024-06-21 06:00,0.0,0.0,1,1.0
2024-06-21 07:00,0.0,0.0,1,1.0
2024-06-21 08:00,0.001,0.001,1,1.0
2024-06-21 09:00,0.0,0.0,1,1.0
2024-06-21 10:00,0.0,0.0,1,1.0
2024-06-21 11:00,0.0,0.0,1,1.0
2024-06-21 12:00,0.0,0.0,1,1.0
2024-06-21 13:00,0.06,0.06,1,1.0
2024-06-21 14:00,0.0,0.0,1,1.0
2024-06-21 15:00,0.0,0.0,1,1.0
2024-06-21 16:00,0.0,0.0,1,1.0
2024-06-21 17:00,0.0,0.0,1,1.0
2024-06-21 18:00,0.0,0.0,1,1.0
2024-06-21 19:00,0.0,0.0,1,1.0
2024-06-21 20:00,0.0,0.0,1,1.0
2024-06-21 21:00,0.0,0.0,1,1.0
2024-06-21 22:00,0.0,0.0,1,1.0
2024-06-21 23:00,0.0,0.0,1,1.0
2024-06-22 00:00,0.0,0.0,1,1.0
2024-06-22 01:00,0.0,0.0,1,1.0
2024-06-22 02:00,0.0,0.0,1,1.0
2024-06-22 03:00,0.0,0.0,1,1.0
2024-06-22 04:00,0.0,0.0,1,1.0
2024-06-22 05:00,0.0,0.0,1,1.0
2024-06-22 06:00,0.0,0.0,1,1.0
2024-06-22 07:00,0.0,0.0,1,1.0
2024-06-22 08:00,0.0,0.0,1,1.0
2024-06-22 09:00,0.0,0.0,1,1.0
2024-06-22 10:00,0.0,0.0,1,1.0
2024-06-22 11:00,0.0,0.0,1,1.0
2024-06-22 12:00,0.0,0.0,1,1.0
2024-06-22 13:00,0.0,0.0,1,1.0
2024-06-22 14:00,0.0,0.0,1,1.0
2024-06-22 15:00,0.0,0.0,1,1.0
2024-06-22 16:00,0.0,0.0,1,1.0
2024-06-22 17:00,0.0,0.0,1,1.0
2024-06-22 18:00,0.0,0.0,1,1.0
2024-06-22 19:00,0.0,0.0,1,1.0
2024-06-22 20:00,0.001,0.001,1,1.0
2024-06-22 21:00,0.001,0.001,1,1.0
2024-06-22 22:00,0.001,0.001,1,1.0
2024-06-22 23:00,0.002,0.002,1,1.0
2024-06-23 00:00,0.004,0.004,1,1.0
2024-06-23 01:00,0.014,0.014,1,1.0
2024-06-23 02:00,0.026,0.026,1,1.0
2024-06-23 03:00,0.015,0.015,1,1.0
2024-06-23 04:00,0.013,0.013,1,1.0
2024-06-23 05:00,0.011,0.011,1,1.0
2024-06-23 06:00,0.009,0.009,1,1.0
2024-06-23 07:00,0.0,0.0,1,1.0
2024-06-23 08:00,0.001,0.001,1,1.0
2024-06-23 09:00,0.0,0.0,1,1.0
2024-06-23 10:00,0.0,0.0,1,1.0
2024-06-23 11:00,0.0,0.0,1,1.0
2024-06-23 12:00,0.0,0.0,1,1.0
2024-06-23 13:00,0.0,0.0,1,1.0
2024-06-23 14:00,0.0,0.0,1,1.0
2024-06-23 15:00,0.0,0.0,1,1.0
2024-06-23 16:00,0.0,0.0,1,1.0
2024-06-23 17:00,0.0,0.0,1,1.0
2024-06-23 18:00,0.0,0.0,1,1.0
2024-06-23 19:00,0.0,0.0,1,1.0
2024-06-23 20:00,0.0,0.0,1,1.0
2024-06-23 21:00,0.0,0.0,1,1.0
2024-06-23 22:00,0.0,0.0,1,1.0
2024-06-23 23:00,0.0,0.0,1,1.0
2024-06-24 00:00,0.0,0.0,1,1.0
2024-06-24 01:00,0.0,0.0,1,1.0
2024-06-24 02:00,0.0,0.0,1,1.0
2024-06-24 03:00,0.0,0.0,1,1.0
2024-06-24 04:00,0.0,0.0,1,1.0
2024-06-24 05:00,0.0,0.0,1,1.0
2024-06-24 06:00,0.0,0.0,1,1.0
2024-06-24 07:00,0.0,0.0,1,1.0
2024-06-24 08:00,0.0,0.0,1,1.0
2024-06-24 09:00,0.0,0.0,1,1.0
2024-06-24 10:00,0.0,0.0,1,1.0
2024-06-24 11:00,0.0,0.0,1,1.0
2024-06-24 12:00,0.001,0.001,1,1.0
2024-06-24 13:00,0.008,0.008,1,1.0
2024-06-24 14:00,0.002,0.002,1,1.0
2024-06-24 15:00,0.156,0.156,1,1.0
2024-06-24 16:00,0.008,0.008,1,1.0
2024-06-24 17:00,0.0,0.0,1,1.0
2024-06-24 18:00,0.0,0.0,1,1.0
2024-06-24 19:00,0.0,0.0,1,1.0
2024-06-24 20:00,0.0,0.0,1,1.0
2024-06-24 21:00,0.0,0.0,1,1.0
2024-06-24 22:00,0.001,0.001,1,1.0
2024-06-24 23:00,0.0,0.0,1,1.0
2024-06-25 00:00,0.0,0.0,1,1.0
2024-06-25 01:00,0.0,0.0,1,1.0
2024-06-25 02:00,0.0,0.0,1,1.0
2024-06-25 03:00,0.0,0.0,1,1.0
2024-06-25 04:00,0.0,0.0,1,1.0
2024-06-25 05:00,0.0,0.0,1,1.0
2024-06-25 06:00,0.0,0.0,1,1.0
2024-06-25 07:00,0.127,0.127,1,1.0
2024-06-25 08:00,0.16,0.16,1,1.0
2024-06-25 09:00,0.159,0.159,1,1.0
2024-06-25 10:00,0.199,0.199,1,1.0
2024-06-25 11:00,0.012,0.012,1,1.0
2024-06-25 12:00,0.142,0.142,1,1.0
2024-06-25 13:00,0.36,0.36,1,1.0
2024-06-25 14:00,0.895,0.895,1,1.0
2024-06-25 15:00,1.526,1.526,1,1.0
2024-06-25 16:00,1.141,1.141,1,1.0
2024-06-25 17:00,1.568,1.568,1,1.0
2024-06-25 18:00,2.126,2.126,1,1.0
2024-06-25 19:00,0.264,0.264,1,1.0
2024-06-25 20:00,1.838,1.838,1,1.0
2024-06-25 21:00,2.753,2.753,1,1.0
2024-06-25 22:00,2.186,2.186,1,1.0
2024-06-25 23:00,1.358,1.358,1,1.0
2024-06-26 00:00,0.269,0.269,1,1.0
2024-06-26 01:00,0.014,0.014,1,1.0
2024-06-26 02:00,0.002,0.002,1,1.0
2024-06-26 03:00,0.054,0.054,1,1.0
2024-06-26 04:00,0.104,0.104,1,1.0
2024-06-26 05:00,0.162,0.162,1,1.0
2024-06-26 06:00,0.044,0.044,1,1.0
2024-06-26 07:00,0.015,0.015,1,1.0
2024-06-26 08:00,0.074,0.074,1,1.0
2024-06-26 09:00,0.067,0.067,1,1.0
2024-06-26 10:00,0.008,0.008,1,1.0
2024-06-26 11:00,0.0,0.0,1,1.0
2024-06-26 12:00,0.033,0.033,1,1.0
2024-06-26 13:00,0.005,0.005,1,1.0
2024-06-26 14:00,0.006,0.006,1,1.0
2024-06-26 15:00,0.004,0.004,1,1.0
2024-06-26 16:00,0.0,0.0,1,1.0
2024-06-26 17:00,0.0,0.0,1,1.0
2024-06-26 18:00,0.0,0.0,1,1.0
2024-06-26 19:00,0.0,0.0,1,1.0
2024-06-26 20:00,0.0,0.0,1,1.0
2024-06-26 21:00,0.0,0.0,1,1.0
2024-06-26 22:00,0.0,0.0,1,1.0
2024-06-26 23:00,0.0,0.0,1,1.0
2024-06-27 00:00,0.001,0.001,1,1.0
2024-06-27 01:00,0.007,0.007,1,1.0
2024-06-27 02:00,0.007,0.007,1,1.0
2024-06-27 03:00,0.008,0.008,1,1.0
2024-06-27 04:00,0.006,0.006,1,1.0
2024-06-27 05:00,0.014,0.014,1,1.0
2024-06-27 06:00,0.007,0.007,1,1.0
2024-06-27 07:00,0.011,0.011,1,1.0
2024-06-27 08:00,0.003,0.003,1,1.0
2024-06-27 09:00,0.005,0.005,1,1.0
2024-06-27 10:00,0.001,0.001,1,1.0
2024-06-27 11:00,0.0,0.0,1,1.0
2024-06-27 12:00,0.0,0.0,1,1.0
2024-06-27 13:00,0.0,0.0,1,1.0
2024-06-27 14:00,0.0,0.0,1,1.0
2024-06-27 15:00,0.0,0.0,1,1.0
2024-06-27 16:00,0.0,0.0,1,1.0
2024-06-27 17:00,0.0,0.0,1,1.0
2024-06-27 18:00,0.0,0.0,1,1.0
2024-06-27 19:00,0.0,0.0,1,1.0
2024-06-27 20:00,0.0,0.0,1,1.0
2024-06-27 21:00,0.0,0.0,1,1.0
2024-06-27 22:00,0.0,0.0,1,1.0
2024-06-27 23:00,0.0,0.0,1,1.0
2024-06-28 00:00,0.0,0.0,1,1.0
2024-06-28 01:00,0.0,0.0,1,1.0
2024-06-28 02:00,0.0,0.0,1,1.0
2024-06-28 03:00,0.0,0.0,1,1.0
2024-06-28 04:00,0.0,0.0,1,1.0
2024-06-28 05:00,0.0,0.0,1,1.0
2024-06-28 06:00,0.0,0.0,1,1.0
2024-06-28 07:00,0.0,0.0,1,1.0
2024-06-28 08:00,0.0,0.0,1,1.0
2024-06-28 09:00,0.0,0.0,1,1.0
2024-06-28 10:00,0.0,0.0,1,1.0
2024-06-28 11:00,0.0,0.0,1,1.0
2024-06-28 12:00,0.0,0.0,1,1.0
2024-06-28 13:00,0.0,0.0,1,1.0
2024-06-28 14:00,0.0,0.0,1,1.0
2024-06-28 15:00,0.0,0.0,1,1.0
2024-06-28 16:00,0.001,0.001,1,1.0
2024-06-28 17:00,0.0,0.0,1,1.0
2024-06-28 18:00,0.0,0.0,1,1.0
2024-06-28 19:00,0.001,0.001,1,1.0
2024-06-28 20:00,0.0,0.0,1,1.0
2024-06-28 21:00,0.0,0.0,1,1.0
2024-06-28 22:00,0.001,0.001,1,1.0
2024-06-28 23:00,0.001,0.001,1,1.0
2024-06-29 00:00,0.0,0.0,1,1.0
2024-06-29 01:00,0.0,0.0,1,1.0
2024-06-29 02:00,0.0,0.0,1,1.0
2024-06-29 03:00,0.0,0.0,1,1.0
2024-06-29 04:00,0.0,0.0,1,1.0
2024-06-29 05:00,0.0,0.0,1,1.0
2024-06-29 06:00,0.0,0.0,1,1.0
2024-06-29 07:00,0.001,0.001,1,1.0
2024-06-29 08:00,0.0,0.0,1,1.0
2024-06-29 09:00,0.0,0.0,1,1.0
2024-06-29 10:00,0.0,0.0,1,1.0
2024-06-29 11:00,0.0,0.0,1,1.0
2024-06-29 12:00,0.0,0.0,1,1.0
2024-06-29 13:00,0.0,0.0,1,1.0
2024-06-29 14:00,0.0,0.0,1,1.0
2024-06-29 15:00,0.0,0.0,1,1.0
2024-06-29 16:00,0.0,0.0,1,1.0
2024-06-29 17:00,0.0,0.0,1,1.0
2024-06-29 18:00,0.0,0.0,1,1.0
2024-06-29 19:00,0.0,0.0,1,1.0
2024-06-29 20:00,0.0,0.0,1,1.0
2024-06-29 21:00,0.0,0.0,1,1.0
2024-06-29 22:00,0.0,0.0,1,1.0
2024-06-29 23:00,0.0,0.0,1,1.0
2024-06-30 00:00,0.0,0.0,1,1.0
2024-06-30 01:00,0.0,0.0,1,1.0
2024-06-30 02:00,0.0,0.0,1,1.0
2024-06-30 03:00,0.0,0.0,1,1.0
2024-06-30 04:00,0.0,0.0,1,1.0
2024-06-30 05:00,0.0,0.0,1,1.0
2024-06-30 06:00,0.0,0.0,1,1.0
2024-06-30 07:00,0.0,0.0,1,1.0
2024-06-30 08:00,0.0,0.0,1,1.0
2024-06-30 09:00,0.001,0.001,1,1.0
2024-06-30 10:00,0.0,0.0,1,1.0
2024-06-30 11:00,0.0,0.0,1,1.0
2024-06-30 12:00,0.0,0.0,1,1.0
2024-06-30 13:00,0.0,0.0,1,1.0
2024-06-30 14:00,0.0,0.0,1,1.0
2024-06-30 15:00,0.0,0.0,1,1.0
2024-06-30 16:00,0.0,0.0,1,1.0
2024-06-30 17:00,0.0,0.0,1,1.0
2024-06-30 18:00,0.0,0.0,1,1.0
2024-06-30 19:00,0.0,0.0,1,1.0
2024-06-30 20:00,0.0,0.0,1,1.0
2024-06-30 21:00,0.0,0.0,1,1.0
2024-06-30 22:00,0.002,0.002,1,1.0
2024-06-30 23:00,0.001,0.001,1,1.0
2024-07-01 00:00,0.001,0.001,1,1.0
2024-07-01 01:00,0.0,0.0,1,1.0
2024-07-01 02:00,0.002,0.002,1,1.0
2024-07-01 03:00,0.005,0.005,1,1.0
2024-07-01 04:00,0.005,0.005,1,1.0
2024-07-01 05:00,0.006,0.006,1,1.0
2024-07-01 06:00,0.003,0.003,1,1.0
2024-07-01 07:00,0.0,0.0,1,1.0
2024-07-01 08:00,0.0,0.0,1,1.0
2024-07-01 09:00,0.0,0.0,1,1.0
2024-07-01 10:00,0.0,0.0,1,1.0
2024-07-01 11:00,0.0,0.0,1,1.0
2024-07-01 12:00,0.0,0.0,1,1.0
2024-07-01 13:00,0.0,0.0,1,1.0
2024-07-01 14:00,0.0,0.0,1,1.0
2024-07-01 15:00,0.0,0.0,1,1.0
2024-07-01 16:00,0.0,0.0,1,1.0
2024-07-01 17:00,0.0,0.0,1,1.0
2024-07-01 18:00,0.0,0.0,1,1.0
2024-07-01 19:00,0.0,0.0,1,1.0
2024-07-01 20:00,0.0,0.0,1,1.0
2024-07-01 21:00,0.0,0.0,1,1.0
2024-07-01 22:00,0.002,0.002,1,1.0
2024-07-01 23:00,0.0,0.0,1,1.0
2024-07-02 00:00,0.0,0.0,1,1.0
2024-07-02 01:00,0.0,0.0,1,1.0
2024-07-02 02:00,0.0,0.0,1,1.0
2024-07-02 03:00,0.0,0.0,1,1.0
2024-07-02 04:00,0.0,0.0,1,1.0
2024-07-02 05:00,0.004,0.004,1,1.0
2024-07-02 06:00,0.014,0.014,1,1.0
2024-07-02 07:00,0.0,0.0,1,1.0
2024-07-02 08:00,0.0,0.0,1,1.0
2024-07-02 09:00,0.012,0.012,1,1.0
2024-07-02 10:00,0.152,0.152,1,1.0
2024-07-02 11:00,0.455,0.455,1,1.0
2024-07-02 12:00,0.114,0.114,1,1.0
2024-07-02 13:00,0.131,0.131,1,1.0
2024-07-02 14:00,0.104,0.104,1,1.0
2024-07-02 15:00,4.038,4.038,1,1.0
2024-07-02 16:00,1.443,1.443,1,1.0
2024-07-02 17:00,0.015,0.015,1,1.0
2024-07-02 18:00,0.001,0.001,1,1.0
2024-07-02 19:00,0.0,0.0,1,1.0
2024-07-02 20:00,0.0,0.0,1,1.0
2024-07-02 21:00,0.0,0.0,1,1.0
2024-07-02 22:00,0.0,0.0,1,1.0
2024-07-02 23:00,0.0,0.0,1,1.0
2024-07-03 00:00,0.0,0.0,1,1.0
2024-07-03 01:00,0.0,0.0,1,1.0
2024-07-03 02:00,0.0,0.0,1,1.0
2024-07-03 03:00,0.0,0.0,1,1.0
2024-07-03 04:00,0.0,0.0,1,1.0
2024-07-03 05:00,0.0,0.0,1,1.0
2024-07-03 06:00,0.0,0.0,1,1.0
2024-07-03 07:00,0.0,0.0,1,1.0
2024-07-03 08:00,0.0,0.0,1,1.0
2024-07-03 09:00,0.005,0.005,1,1.0
2024-07-03 10:00,0.002,0.002,1,1.0
2024-07-03 11:00,0.012,0.012,1,1.0
2024-07-03 12:00,0.01,0.01,1,1.0
2024-07-03 13:00,0.09,0.09,1,1.0
2024-07-03 14:00,0.512,0.512,1,1.0
2024-07-03 15:00,0.457,0.457,1,1.0
2024-07-03 16:00,0.08,0.08,1,1.0
2024-07-03 17:00,0.315,0.315,1,1.0
2024-07-03 18:00,0.12,0.12,1,1.0
2024-07-03 19:00,0.079,0.079,1,1.0
2024-07-03 20:00,0.11,0.11,1,1.0
2024-07-03 21:00,0.093,0.093,1,1.0
2024-07-03 22:00,0.055,0.055,1,1.0
2024-07-03 23:00,0.035,0.035,1,1.0
2024-07-04 00:00,0.017,0.017,1,1.0
2024-07-04 01:00,0.002,0.002,1,1.0
2024-07-04 02:00,0.003,0.003,1,1.0
2024-07-04 03:00,0.0,0.0,1,1.0
2024-07-04 04:00,0.0,0.0,1,1.0
2024-07-04 05:00,0.002,0.002,1,1.0
2024-07-04 06:00,0.009,0.009,1,1.0
2024-07-04 07:00,0.005,0.005,1,1.0
2024-07-04 08:00,0.103,0.103,1,1.0
2024-07-04 09:00,0.13,0.13,1,1.0
2024-07-04 10:00,0.116,0.116,1,1.0
2024-07-04 11:00,0.188,0.188,1,1.0
2024-07-04 12:00,0.164,0.164,1,1.0
2024-07-04 13:00,0.08,0.08,1,1.0
2024-07-04 14:00,0.005,0.005,1,1.0
2024-07-04 15:00,0.001,0.001,1,1.0
2024-07-04 16:00,0.005,0.005,1,1.0
2024-07-04 17:00,0.005,0.005,1,1.0
2024-07-04 18:00,0.0,0.0,1,1.0
2024-07-04 19:00,0.0,0.0,1,1.0
2024-07-04 20:00,0.0,0.0,1,1.0
2024-07-04 21:00,0.0,0.0,1,1.0
2024-07-04 22:00,0.0,0.0,1,1.0
2024-07-04 23:00,0.0,0.0,1,1.0
2024-07-05 00:00,0.0,0.0,1,1.0
2024-07-05 01:00,0.0,0.0,1,1.0
2024-07-05 02:00,0.0,0.0,1,1.0
2024-07-05 03:00,0.0,0.0,1,1.0
2024-07-05 04:00,0.0,0.0,1,1.0
2024-07-05 05:00,0.0,0.0,1,1.0
2024-07-05 06:00,0.0,0.0,1,1.0
2024-07-05 07:00,0.0,0.0,1,1.0
2024-07-05 08:00,0.0,0.0,1,1.0
2024-07-05 09:00,0.0,0.0,1,1.0
2024-07-05 10:00,0.0,0.0,1,1.0
2024-07-05 11:00,0.0,0.0,1,1.0
2024-07-05 12:00,0.0,0.0,1,1.0
2024-07-05 13:00,0.0,0.0,1,1.0
2024-07-05 14:00,0.0,0.0,1,1.0
2024-07-05 15:00,0.0,0.0,1,1.0
2024-07-05 16:00,0.0,0.0,1,1.0
2024-07-05 17:00,0.0,0.0,1,1.0
2024-07-05 18:00,0.001,0.001,1,1.0
2024-07-05 19:00,0.0,0.0,1,1.0
2024-07-05 20:00,0.0,0.0,1,1.0
2024-07-05 21:00,0.0,0.0,1,1.0
2024-07-05 22:00,0.0,0.0,1,1.0
2024-07-05 23:00,0.0,0.0,1,1.0
2024-07-06 00:00,0.0,0.0,1,1.0
2024-07-06 01:00,0.0,0.0,1,1.0
2024-07-06 02:00,0.0,0.0,1,1.0
2024-07-06 03:00,0.0,0.0,1,1.0
2024-07-06 04:00,0.0,0.0,1,1.0
2024-07-06 05:00,0.0,0.0,1,1.0
2024-07-06 06:00,0.0,0.0,1,1.0
2024-07-06 07:00,0.0,0.0,1,1.0
2024-07-06 08:00,0.0,0.0,1,1.0
2024-07-06 09:00,0.0,0.0,1,1.0
2024-07-06 10:00,0.0,0.0,1,1.0
2024-07-06 11:00,0.0,0.0,1,1.0
2024-07-06 12:00,0.0,0.0,1,1.0
2024-07-06 13:00,0.0,0.0,1,1.0
2024-07-06 14:00,0.0,0.0,1,1.0
2024-07-06 15:00,0.0,0.0,1,1.0
2024-07-06 16:00,0.0,0.0,1,1.0
2024-07-06 17:00,0.0,0.0,1,1.0
2024-07-06 18:00,0.0,0.0,1,1.0
2024-07-06 19:00,0.0,0.0,1,1.0
2024-07-06 20:00,0.0,0.0,1,1.0
2024-07-06 21:00,0.001,0.001,1,1.0
2024-07-06 22:00,0.0,0.0,1,1.0
2024-07-06 23:00,0.0,0.0,1,1.0
2024-07-07 00:00,0.0,0.0,1,1.0
2024-07-07 01:00,0.0,0.0,1,1.0
2024-07-07 02:00,0.0,0.0,1,1.0
2024-07-07 03:00,0.0,0.0,1,1.0
2024-07-07 04:00,0.0,0.0,1,1.0
2024-07-07 05:00,0.0,0.0,1,1.0
2024-07-07 06:00,0.0,0.0,1,1.0
2024-07-07 07:00,0.035,0.035,1,1.0
2024-07-07 08:00,0.0,0.0,1,1.0
2024-07-07 09:00,0.0,0.0,1,1.0
2024-07-07 10:00,0.0,0.0,1,1.0
2024-07-07 11:00,0.004,0.004,1,1.0
2024-07-07 12:00,0.0,0.0,1,1.0
2024-07-07 13:00,0.0,0.0,1,1.0
2024-07-07 14:00,0.0,0.0,1,1.0
2024-07-07 15:00,0.0,0.0,1,1.0
2024-07-07 16:00,0.0,0.0,1,1.0
2024-07-07 17:00,0.0,0.0,1,1.0
2024-07-07 18:00,0.0,0.0,1,1.0
2024-07-07 19:00,0.0,0.0,1,1.0
2024-07-07 20:00,0.0,0.0,1,1.0
2024-07-07 21:00,0.0,0.0,1,1.0
2024-07-07 22:00,0.0,0.0,1,1.0
2024-07-07 23:00,0.0,0.0,1,1.0
2024-07-08 00:00,0.0,0.0,1,1.0
2024-07-08 01:00,0.0,0.0,1,1.0
2024-07-08 02:00,0.0,0.0,1,1.0
2024-07-08 03:00,0.0,0.0,1,1.0
2024-07-08 04:00,0.0,0.0,1,1.0
2024-07-08 05:00,0.0,0.0,1,1.0
2024-07-08 06:00,0.0,0.0,1,1.0
2024-07-08 07:00,0.0,0.0,1,1.0
2024-07-08 08:00,0.0,0.0,1,1.0
2024-07-08 09:00,0.0,0.0,1,1.0
2024-07-08 10:00,0.0,0.0,1,1.0
2024-07-08 11:00,0.0,0.0,1,1.0
2024-07-08 12:00,0.0,0.0,1,1.0
2024-07-08 13:00,0.0,0.0,1,1.0
2024-07-08 14:00,0.0,0.0,1,1.0
2024-07-08 15:00,0.0,0.0,1,1.0
2024-07-08 16:00,0.0,0.0,1,1.0
2024-07-08 17:00,0.0,0.0,1,1.0
2024-07-08 18:00,0.0,0.0,1,1.0
2024-07-08 19:00,0.0,0.0,1,1.0
2024-07-08 20:00,0.0,0.0,1,1.0
2024-07-08 21:00,0.0,0.0,1,1.0
2024-07-08 22:00,0.0,0.0,1,1.0
2024-07-08 23:00,0.0,0.0,1,1.0
2024-07-09 00:00,0.001,0.001,1,1.0
2024-07-09 01:00,0.0,0.0,1,1.0
2024-07-09 02:00,0.0,0.0,1,1.0
2024-07-09 03:00,0.0,0.0,1,1.0
2024-07-09 04:00,0.0,0.0,1,1.0
2024-07-09 05:00,0.0,0.0,1,1.0
2024-07-09 06:00,0.0,0.0,1,1.0
2024-07-09 07:00,0.0,0.0,1,1.0
2024-07-09 08:00,0.0,0.0,1,1.0
2024-07-09 09:00,0.0,0.0,1,1.0
2024-07-09 10:00,0.0,0.0,1,1.0
2024-07-09 11:00,0.0,0.0,1,1.0
2024-07-09 12:00,0.0,0.0,1,1.0
2024-07-09 13:00,0.0,0.0,1,1.0
2024-07-09 14:00,0.0,0.0,1,1.0
2024-07-09 15:00,0.0,0.0,1,1.0
2024-07-09 16:00,0.0,0.0,1,1.0
2024-07-09 17:00,0.0,0.0,1,1.0
2024-07-09 18:00,0.0,0.0,1,1.0
2024-07-09 19:00,0.0,0.0,1,1.0
2024-07-09 20:00,0.0,0.0,1,1.0
2024-07-09 21:00,0.0,0.0,1,1.0
2024-07-09 22:00,0.0,0.0,1,1.0
2024-07-09 23:00,0.0,0.0,1,1.0
2024-07-10 00:00,0.0,0.0,1,1.0
2024-07-10 01:00,0.0,0.0,1,1.0
2024-07-10 02:00,0.0,0.0,1,1.0
2024-07-10 03:00,0.0,0.0,1,1.0
2024-07-10 04:00,0.0,0.0,1,1.0
2024-07-10 05:00,0.0,0.0,1,1.0
2024-07-10 06:00,0.0,0.0,1,1.0
2024-07-10 07:00,0.0,0.0,1,1.0
2024-07-10 08:00,0.0,0.0,1,1.0
2024-07-10 09:00,0.0,0.0,1,1.0
2024-07-10 10:00,0.0,0.0,1,1.0
2024-07-10 11:00,0.0,0.0,1,1.0
2024-07-10 12:00,0.0,0.0,1,1.0
2024-07-10 13:00,0.0,0.0,1,1.0
2024-07-10 14:00,0.0,0.0,1,1.0
2024-07-10 15:00,0.0,0.0,1,1.0
2024-07-10 16:00,0.0,0.0,1,1.0
2024-07-10 17:00,0.0,0.0,1,1.0
2024-07-10 18:00,0.0,0.0,1,1.0
2024-07-10 19:00,0.0,0.0,1,1.0
2024-07-10 20:00,0.0,0.0,1,1.0
2024-07-10 21:00,0.0,0.0,1,1.0
2024-07-10 22:00,0.0,0.0,1,1.0
2024-07-10 23:00,0.0,0.0,1,1.0
2024-07-11 00:00,0.0,0.0,1,1.0
2024-07-11 01:00,0.0,0.0,1,1.0
2024-07-11 02:00,0.0,0.0,1,1.0
2024-07-11 03:00,0.0,0.0,1,1.0
2024-07-11 04:00,0.0,0.0,1,1.0
2024-07-11 05:00,0.0,0.0,1,1.0
2024-07-11 06:00,0.0,0.0,1,1.0
2024-07-11 07:00,0.0,0.0,1,1.0
2024-07-11 08:00,0.0,0.0,1,1.0
2024-07-11 09:00,0.0,0.0,1,1.0
2024-07-11 10:00,0.0,0.0,1,1.0
2024-07-11 11:00,0.001,0.001,1,1.0
2024-07-11 12:00,0.0,0.0,1,1.0
2024-07-11 13:00,0.0,0.0,1,1.0
2024-07-11 14:00,0.0,0.0,1,1.0
2024-07-11 15:00,0.0,0.0,1,1.0
2024-07-11 16:00,0.0,0.0,1,1.0
2024-07-11 17:00,0.0,0.0,1,1.0
2024-07-11 18:00,0.0,0.0,1,1.0
2024-07-11 19:00,0.0,0.0,1,1.0
2024-07-11 20:00,0.0,0.0,1,1.0
2024-07-11 21:00,0.0,0.0,1,1.0
2024-07-11 22:00,0.0,0.0,1,1.0
2024-07-11 23:00,0.0,0.0,1,1.0
2024-07-12 00:00,0.0,0.0,1,1.0
2024-07-12 01:00,0.0,0.0,1,1.0
2024-07-12 02:00,0.0,0.0,1,1.0
2024-07-12 03:00,0.0,0.0,1,1.0
2024-07-12 04:00,0.0,0.0,1,1.0
2024-07-12 05:00,0.0,0.0,1,1.0
2024-07-12 06:00,0.0,0.0,1,1.0
2024-07-12 07:00,0.0,0.0,1,1.0
2024-07-12 08:00,0.0,0.0,1,1.0
2024-07-12 09:00,0.0,0.0,1,1.0
2024-07-12 10:00,0.0,0.0,1,1.0
2024-07-12 11:00,0.0,0.0,1,1.0
2024-07-12 12:00,0.0,0.0,1,1.0
2024-07-12 13:00,0.0,0.0,1,1.0
2024-07-12 14:00,0.0,0.0,1,1.0
2024-07-12 15:00,0.0,0.0,1,1.0
2024-07-12 16:00,0.0,0.0,1,1.0
2024-07-12 17:00,0.0,0.0,1,1.0
2024-07-12 18:00,0.0,0.0,1,1.0
2024-07-12 19:00,0.0,0.0,1,1.0
2024-07-12 20:00,0.001,0.001,1,1.0
2024-07-12 21:00,0.0,0.0,1,1.0
2024-07-12 22:00,0.0,0.0,1,1.0
2024-07-12 23:00,0.0,0.0,1,1.0
2024-07-13 00:00,0.0,0.0,1,1.0
2024-07-13 01:00,0.0,0.0,1,1.0
2024-07-13 02:00,0.0,0.0,1,1.0
2024-07-13 03:00,0.0,0.0,1,1.0
2024-07-13 04:00,0.0,0.0,1,1.0
2024-07-13 05:00,0.0,0.0,1,1.0
2024-07-13 06:00,0.0,0.0,1,1.0
2024-07-13 07:00,0.0,0.0,1,1.0
2024-07-13 08:00,0.0,0.0,1,1.0
2024-07-13 09:00,0.0,0.0,1,1.0
2024-07-13 10:00,0.0,0.0,1,1.0
2024-07-13 11:00,0.0,0.0,1,1.0
2024-07-13 12:00,0.0,0.0,1,1.0
2024-07-13 13:00,0.0,0.0,1,1.0
2024-07-13 14:00,0.0,0.0,1,1.0
2024-07-13 15:00,0.0,0.0,1,1.0
2024-07-13 16:00,0.0,0.0,1,1.0
2024-07-13 17:00,0.0,0.0,1,1.0
2024-07-13 18:00,0.0,0.0,1,1.0
2024-07-13 19:00,0.0,0.0,1,1.0
2024-07-13 20:00,0.0,0.0,1,1.0
2024-07-13 21:00,0.0,0.0,1,1.0
2024-07-13 22:00,0.0,0.0,1,1.0
2024-07-13 23:00,0.0,0.0,1,1.0
2024-07-14 00:00,0.0,0.0,1,1.0
2024-07-14 01:00,0.0,0.0,1,1.0
2024-07-14 02:00,0.0,0.0,1,1.0
2024-07-14 03:00,0.0,0.0,1,1.0
2024-07-14 04:00,0.0,0.0,1,1.0
2024-07-14 05:00,0.0,0.0,1,1.0
2024-07-14 06:00,0.0,0.0,1,1.0
2024-07-14 07:00,0.0,0.0,1,1.0
2024-07-14 08:00,0.0,0.0,1,1.0
2024-07-14 09:00,0.001,0.001,1,1.0
2024-07-14 10:00,0.0,0.0,1,1.0
2024-07-14 11:00,0.0,0.0,1,1.0
2024-07-14 12:00,0.0,0.0,1,1.0
2024-07-14 13:00,0.0,0.0,1,1.0
2024-07-14 14:00,0.0,0.0,1,1.0
2024-07-14 15:00,0.0,0.0,1,1.0
2024-07-14 16:00,0.0,0.0,1,1.0
2024-07-14 17:00,0.0,0.0,1,1.0
2024-07-14 18:00,0.0,0.0,1,1.0
2024-07-14 19:00,0.0,0.0,1,1.0
2024-07-14 20:00,0.0,0.0,1,1.0
2024-07-14 21:00,0.0,0.0,1,1.0
2024-07-14 22:00,0.0,0.0,1,1.0
2024-07-14 23:00,0.0,0.0,1,1.0
2024-07-15 00:00,0.0,0.0,1,1.0
2024-07-15 01:00,0.0,0.0,1,1.0
2024-07-15 02:00,0.0,0.0,1,1.0
2024-07-15 03:00,0.0,0.0,1,1.0
2024-07-15 04:00,0.0,0.0,1,1.0
2024-07-15 05:00,0.0,0.0,1,1.0
2024-07-15 06:00,0.0,0.0,1,1.0
2024-07-15 07:00,0.0,0.0,1,1.0
2024-07-15 08:00,0.0,0.0,1,1.0
2024-07-15 09:00,0.0,0.0,1,1.0
2024-07-15 10:00,0.0,0.0,1,1.0
2024-07-15 11:00,0.0,0.0,1,1.0
2024-07-15 12:00,0.0,0.0,1,1.0
2024-07-15 13:00,0.0,0.0,1,1.0
2024-07-15 14:00,0.0,0.0,1,1.0
2024-07-15 15:00,0.0,0.0,1,1.0
2024-07-15 16:00,0.0,0.0,1,1.0
2024-07-15 17:00,0.0,0.0,1,1.0
2024-07-15 18:00,0.0,0.0,1,1.0
2024-07-15 19:00,0.0,0.0,1,1.0
2024-07-15 20:00,0.0,0.0,1,1.0
2024-07-15 21:00,0.0,0.0,1,1.0
2024-07-15 22:00,0.0,0.0,1,1.0
2024-07-15 23:00,0.0,0.0,1,1.0
2024-07-16 00:00,0.0,0.0,1,1.0
2024-07-16 01:00,0.0,0.0,1,1.0
2024-07-16 02:00,0.0,0.0,1,1.0
2024-07-16 03:00,0.0,0.0,1,1.0
2024-07-16 04:00,0.0,0.0,1,1.0
2024-07-16 05:00,0.0,0.0,1,1.0
2024-07-16 06:00,0.0,0.0,1,1.0
2024-07-16 07:00,0.0,0.0,1,1.0
2024-07-16 08:00,0.0,0.0,1,1.0
2024-07-16 09:00,0.0,0.0,1,1.0
2024-07-16 10:00,0.0,0.0,1,1.0
2024-07-16 11:00,0.0,0.0,1,1.0
2024-07-16 12:00,0.0,0.0,1,1.0
2024-07-16 13:00,0.0,0.0,1,1.0
2024-07-16 14:00,0.0,0.0,1,1.0
2024-07-16 15:00,0.0,0.0,1,1.0
2024-07-16 16:00,0.0,0.0,1,1.0
2024-07-16 17:00,0.0,0.0,1,1.0
2024-07-16 18:00,0.0,0.0,1,1.0
2024-07-16 19:00,0.0,0.0,1,1.0
2024-07-16 20:00,0.0,0.0,1,1.0
2024-07-16 21:00,0.0,0.0,1,1.0
2024-07-16 22:00,0.0,0.0,1,1.0
2024-07-16 23:00,0.0,0.0,1,1.0
2024-07-17 00:00,0.0,0.0,1,1.0
2024-07-17 01:00,0.0,0.0,1,1.0
2024-07-17 02:00,0.0,0.0,1,1.0
2024-07-17 03:00,0.0,0.0,1,1.0
2024-07-17 04:00,0.0,0.0,1,1.0
2024-07-17 05:00,0.0,0.0,1,1.0
2024-07-17 06:00,0.0,0.0,1,1.0
2024-07-17 07:00,0.0,0.0,1,1.0
2024-07-17 08:00,0.0,0.0,1,1.0
2024-07-17 09:00,0.0,0.0,1,1.0
2024-07-17 10:00,0.0,0.0,1,1.0
2024-07-17 11:00,0.0,0.0,1,1.0
2024-07-17 12:00,0.0,0.0,1,1.0
2024-07-17 13:00,0.0,0.0,1,1.0
2024-07-17 14:00,0.0,0.0,1,1.0
2024-07-17 15:00,0.104,0.104,1,1.0
2024-07-17 16:00,0.0,0.0,1,1.0
2024-07-17 17:00,0.0,0.0,1,1.0
2024-07-17 18:00,0.0,0.0,1,1.0
2024-07-17 19:00,0.0,0.0,1,1.0
2024-07-17 20:00,0.0,0.0,1,1.0
2024-07-17 21:00,0.0,0.0,1,1.0
2024-07-17 22:00,0.0,0.0,1,1.0
2024-07-17 23:00,0.0,0.0,1,1.0
2024-07-18 00:00,0.0,0.0,1,1.0
2024-07-18 01:00,0.0,0.0,1,1.0
2024-07-18 02:00,0.0,0.0,1,1.0
2024-07-18 03:00,0.0,0.0,1,1.0
2024-07-18 04:00,0.0,0.0,1,1.0
2024-07-18 05:00,0.0,0.0,1,1.0
2024-07-18 06:00,0.0,0.0,1,1.0
2024-07-18 07:00,0.0,0.0,1,1.0
2024-07-18 08:00,0.001,0.001,1,1.0
2024-07-18 09:00,0.0,0.0,1,1.0
2024-07-18 10:00,0.0,0.0,1,1.0
2024-07-18 11:00,0.0,0.0,1,1.0
2024-07-18 12:00,0.0,0.0,1,1.0
2024-07-18 13:00,0.0,0.0,1,1.0
2024-07-18 14:00,0.0,0.0,1,1.0
2024-07-18 15:00,0.0,0.0,1,1.0
2024-07-18 16:00,0.0,0.0,1,1.0
2024-07-18 17:00,0.0,0.0,1,1.0
2024-07-18 18:00,0.0,0.0,1,1.0
2024-07-18 19:00,0.0,0.0,1,1.0
2024-07-18 20:00,0.0,0.0,1,1.0
2024-07-18 21:00,0.0,0.0,1,1.0
2024-07-18 22:00,0.0,0.0,1,1.0
2024-07-18 23:00,0.0,0.0,1,1.0
2024-07-19 00:00,0.0,0.0,1,1.0
2024-07-19 01:00,0.0,0.0,1,1.0
2024-07-19 02:00,0.0,0.0,1,1.0
2024-07-19 03:00,0.0,0.0,1,1.0
2024-07-19 04:00,0.0,0.0,1,1.0
2024-07-19 05:00,0.0,0.0,1,1.0
2024-07-19 06:00,0.0,0.0,1,1.0
2024-07-19 07:00,0.0,0.0,1,1.0
2024-07-19 08:00,0.0,0.0,1,1.0
2024-07-19 09:00,0.001,0.001,1,1.0
2024-07-19 10:00,0.001,0.001,1,1.0
2024-07-19 11:00,0.0,0.0,1,1.0
2024-07-19 12:00,0.0,0.0,1,1.0
2024-07-19 13:00,0.0,0.0,1,1.0
2024-07-19 14:00,0.0,0.0,1,1.0
2024-07-19 15:00,0.0,0.0,1,1.0
2024-07-19 16:00,0.0,0.0,1,1.0
2024-07-19 17:00,0.0,0.0,1,1.0
2024-07-19 18:00,0.0,0.0,1,1.0
2024-07-19 19:00,0.0,0.0,1,1.0
2024-07-19 20:00,0.0,0.0,1,1.0
2024-07-19 21:00,0.0,0.0,1,1.0
2024-07-19 22:00,0.0,0.0,1,1.0
2024-07-19 23:00,0.0,0.0,1,1.0
2024-07-20 00:00,0.0,0.0,1,1.0
2024-07-20 01:00,0.0,0.0,1,1.0
2024-07-20 02:00,0.0,0.0,1,1.0
2024-07-20 03:00,0.001,0.001,1,1.0
2024-07-20 04:00,0.001,0.001,1,1.0
2024-07-20 05:00,0.001,0.001,1,1.0
2024-07-20 06:00,0.0,0.0,1,1.0
2024-07-20 07:00,0.0,0.0,1,1.0
2024-07-20 08:00,0.0,0.0,1,1.0
2024-07-20 09:00,0.0,0.0,1,1.0
2024-07-20 10:00,0.0,0.0,1,1.0
2024-07-20 11:00,0.0,0.0,1,1.0
2024-07-20 12:00,0.0,0.0,1,1.0
2024-07-20 13:00,0.001,0.001,1,1.0
2024-07-20 14:00,0.0,0.0,1,1.0
2024-07-20 15:00,0.0,0.0,1,1.0
2024-07-20 16:00,0.0,0.0,1,1.0
2024-07-20 17:00,0.0,0.0,1,1.0
2024-07-20 18:00,0.0,0.0,1,1.0
2024-07-20 19:00,0.0,0.0,1,1.0
2024-07-20 20:00,0.0,0.0,1,1.0
2024-07-20 21:00,0.0,0.0,1,1.0
2024-07-20 22:00,0.0,0.0,1,1.0
2024-07-20 23:00,0.0,0.0,1,1.0
2024-07-21 00:00,0.0,0.0,1,1.0
2024-07-21 01:00,0.0,0.0,1,1.0
2024-07-21 02:00,0.0,0.0,1,1.0
2024-07-21 03:00,0.0,0.0,1,1.0
2024-07-21 04:00,0.0,0.0,1,1.0
2024-07-21 05:00,0.0,0.0,1,1.0
2024-07-21 06:00,0.0,0.0,1,1.0
2024-07-21 07:00,0.0,0.0,1,1.0
2024-07-21 08:00,0.001,0.001,1,1.0
2024-07-21 09:00,0.0,0.0,1,1.0
2024-07-21 10:00,0.0,0.0,1,1.0
2024-07-21 11:00,0.0,0.0,1,1.0
2024-07-21 12:00,0.001,0.001,1,1.0
2024-07-21 13:00,0.001,0.001,1,1.0
2024-07-21 14:00,0.0,0.0,1,1.0
2024-07-21 15:00,0.0,0.0,1,1.0
2024-07-21 16:00,0.0,0.0,1,1.0
2024-07-21 17:00,0.0,0.0,1,1.0
2024-07-21 18:00,0.0,0.0,1,1.0
2024-07-21 19:00,0.0,0.0,1,1.0
2024-07-21 20:00,0.0,0.0,1,1.0
2024-07-21 21:00,0.0,0.0,1,1.0
2024-07-21 22:00,0.0,0.0,1,1.0
2024-07-21 23:00,0.0,0.0,1,1.0
2024-07-22 00:00,0.0,0.0,1,1.0
2024-07-22 01:00,0.0,0.0,1,1.0
2024-07-22 02:00,0.0,0.0,1,1.0
2024-07-22 03:00,0.0,0.0,1,1.0
2024-07-22 04:00,0.0,0.0,1,1.0
2024-07-22 05:00,0.004,0.004,1,1.0
2024-07-22 06:00,0.177,0.177,1,1.0
2024-07-22 07:00,0.272,0.272,1,1.0
2024-07-22 08:00,0.122,0.122,1,1.0
2024-07-22 09:00,0.035,0.035,1,1.0
2024-07-22 10:00,0.016,0.016,1,1.0
2024-07-22 11:00,0.068,0.068,1,1.0
2024-07-22 12:00,1.922,1.922,1,1.0
2024-07-22 13:00,0.007,0.007,1,1.0
2024-07-22 14:00,0.006,0.006,1,1.0
2024-07-22 15:00,0.159,0.159,1,1.0
2024-07-22 16:00,0.954,0.954,1,1.0
2024-07-22 17:00,0.0,0.0,1,1.0
2024-07-22 18:00,0.001,0.001,1,1.0
2024-07-22 19:00,0.014,0.014,1,1.0
2024-07-22 20:00,0.012,0.012,1,1.0
2024-07-22 21:00,0.0,0.0,1,1.0
2024-07-22 22:00,0.017,0.017,1,1.0
2024-07-22 23:00,0.0,0.0,1,1.0
2024-07-23 00:00,0.0,0.0,1,1.0
2024-07-23 01:00,0.0,0.0,1,1.0
2024-07-23 02:00,0.0,0.0,1,1.0
2024-07-23 03:00,0.0,0.0,1,1.0
2024-07-23 04:00,0.0,0.0,1,1.0
2024-07-23 05:00,0.0,0.0,1,1.0
2024-07-23 06:00,0.0,0.0,1,1.0
2024-07-23 07:00,0.0,0.0,1,1.0
2024-07-23 08:00,0.0,0.0,1,1.0
2024-07-23 09:00,0.0,0.0,1,1.0
2024-07-23 10:00,0.0,0.0,1,1.0
2024-07-23 11:00,0.0,0.0,1,1.0
2024-07-23 12:00,0.0,0.0,1,1.0
2024-07-23 13:00,0.0,0.0,1,1.0
2024-07-23 14:00,0.0,0.0,1,1.0
2024-07-23 15:00,0.0,0.0,1,1.0
2024-07-23 16:00,0.0,0.0,1,1.0
2024-07-23 17:00,0.0,0.0,1,1.0
2024-07-23 18:00,0.0,0.0,1,1.0
2024-07-23 19:00,0.0,0.0,1,1.0
2024-07-23 20:00,0.0,0.0,1,1.0
2024-07-23 21:00,0.0,0.0,1,1.0
2024-07-23 22:00,0.0,0.0,1,1.0
2024-07-23 23:00,0.0,0.0,1,1.0
2024-07-24 00:00,0.0,0.0,1,1.0
2024-07-24 01:00,0.0,0.0,1,1.0
2024-07-24 02:00,0.0,0.0,1,1.0
2024-07-24 03:00,0.0,0.0,1,1.0
2024-07-24 04:00,0.0,0.0,1,1.0
2024-07-24 05:00,0.0,0.0,1,1.0
2024-07-24 06:00,0.0,0.0,1,1.0
2024-07-24 07:00,0.0,0.0,1,1.0
2024-07-24 08:00,0.0,0.0,1,1.0
2024-07-24 09:00,0.0,0.0,1,1.0
2024-07-24 10:00,0.002,0.002,1,1.0
2024-07-24 11:00,0.0,0.0,1,1.0
2024-07-24 12:00,0.001,0.001,1,1.0
2024-07-24 13:00,0.025,0.025,1,1.0
2024-07-24 14:00,0.333,0.333,1,1.0
2024-07-24 15:00,0.757,0.757,1,1.0
2024-07-24 16:00,0.001,0.001,1,1.0
2024-07-24 17:00,0.0,0.0,1,1.0
2024-07-24 18:00,0.0,0.0,1,1.0
2024-07-24 19:00,0.0,0.0,1,1.0
2024-07-24 20:00,0.001,0.001,1,1.0
2024-07-24 21:00,0.014,0.014,1,1.0
2024-07-24 22:00,0.046,0.046,1,1.0
2024-07-24 23:00,0.001,0.001,1,1.0
2024-07-25 00:00,0.0,0.0,1,1.0
2024-07-25 01:00,0.0,0.0,1,1.0
2024-07-25 02:00,0.0,0.0,1,1.0
2024-07-25 03:00,0.0,0.0,1,1.0
2024-07-25 04:00,0.0,0.0,1,1.0
2024-07-25 05:00,0.0,0.0,1,1.0
2024-07-25 06:00,0.0,0.0,1,1.0
2024-07-25 07:00,0.001,0.001,1,1.0
2024-07-25 08:00,0.001,0.001,1,1.0
2024-07-25 09:00,0.0,0.0,1,1.0
2024-07-25 10:00,0.002,0.002,1,1.0
2024-07-25 11:00,0.001,0.001,1,1.0
2024-07-25 12:00,0.0,0.0,1,1.0
2024-07-25 13:00,0.0,0.0,1,1.0
2024-07-25 14:00,0.0,0.0,1,1.0
2024-07-25 15:00,0.0,0.0,1,1.0
2024-07-25 16:00,0.0,0.0,1,1.0
2024-07-25 17:00,0.0,0.0,1,1.0
2024-07-25 18:00,0.0,0.0,1,1.0
2024-07-25 19:00,0.0,0.0,1,1.0
2024-07-25 20:00,0.0,0.0,1,1.0
2024-07-25 21:00,0.0,0.0,1,1.0
2024-07-25 22:00,0.0,0.0,1,1.0
2024-07-25 23:00,0.0,0.0,1,1.0
2024-07-26 00:00,0.0,0.0,1,1.0
2024-07-26 01:00,0.0,0.0,1,1.0
2024-07-26 02:00,0.0,0.0,1,1.0
2024-07-26 03:00,0.0,0.0,1,1.0
2024-07-26 04:00,0.0,0.0,1,1.0
2024-07-26 05:00,0.0,0.0,1,1.0
2024-07-26 06:00,0.0,0.0,1,1.0
2024-07-26 07:00,0.0,0.0,1,1.0
2024-07-26 08:00,0.0,0.0,1,1.0
2024-07-26 09:00,0.0,0.0,1,1.0
2024-07-26 10:00,0.0,0.0,1,1.0
2024-07-26 11:00,0.0,0.0,1,1.0
2024-07-26 12:00,0.0,0.0,1,1.0
2024-07-26 13:00,0.0,0.0,1,1.0
2024-07-26 14:00,0.0,0.0,1,1.0
2024-07-26 15:00,0.0,0.0,1,1.0
2024-07-26 16:00,0.0,0.0,1,1.0
2024-07-26 17:00,0.0,0.0,1,1.0
2024-07-26 18:00,0.0,0.0,1,1.0
2024-07-26 19:00,0.0,0.0,1,1.0
2024-07-26 20:00,0.0,0.0,1,1.0
2024-07-26 21:00,0.0,0.0,1,1.0
2024-07-26 22:00,0.0,0.0,1,1.0
2024-07-26 23:00,0.0,0.0,1,1.0
2024-07-27 00:00,0.0,0.0,1,1.0
2024-07-27 01:00,0.0,0.0,1,1.0
2024-07-27 02:00,0.0,0.0,1,1.0
2024-07-27 03:00,0.0,0.0,1,1.0
2024-07-27 04:00,0.0,0.0,1,1.0
2024-07-27 05:00,0.0,0.0,1,1.0
2024-07-27 06:00,0.0,0.0,1,1.0
2024-07-27 07:00,0.0,0.0,1,1.0
2024-07-27 08:00,0.0,0.0,1,1.0
2024-07-27 09:00,0.0,0.0,1,1.0
2024-07-27 10:00,0.0,0.0,1,1.0
2024-07-27 11:00,0.0,0.0,1,1.0
2024-07-27 12:00,0.0,0.0,1,1.0
2024-07-27 13:00,0.0,0.0,1,1.0
2024-07-27 14:00,0.0,0.0,1,1.0
2024-07-27 15:00,0.0,0.0,1,1.0
2024-07-27 16:00,0.0,0.0,1,1.0
2024-07-27 17:00,0.0,0.0,1,1.0
2024-07-27 18:00,0.0,0.0,1,1.0
2024-07-27 19:00,0.0,0.0,1,1.0
2024-07-27 20:00,0.0,0.0,1,1.0
2024-07-27 21:00,0.0,0.0,1,1.0
2024-07-27 22:00,0.0,0.0,1,1.0
2024-07-27 23:00,0.0,0.0,1,1.0
2024-07-28 00:00,0.0,0.0,1,1.0
2024-07-28 01:00,0.0,0.0,1,1.0
2024-07-28 02:00,0.0,0.0,1,1.0
2024-07-28 03:00,0.0,0.0,1,1.0
2024-07-28 04:00,0.0,0.0,1,1.0
2024-07-28 05:00,0.0,0.0,1,1.0
2024-07-28 06:00,0.0,0.0,1,1.0
2024-07-28 07:00,0.0,0.0,1,1.0
2024-07-28 08:00,0.0,0.0,1,1.0
2024-07-28 09:00,0.0,0.0,1,1.0
2024-07-28 10:00,0.0,0.0,1,1.0
2024-07-28 11:00,0.0,0.0,1,1.0
2024-07-28 12:00,0.0,0.0,1,1.0
2024-07-28 13:00,0.0,0.0,1,1.0
2024-07-28 14:00,0.0,0.0,1,1.0
2024-07-28 15:00,0.0,0.0,1,1.0
2024-07-28 16:00,0.0,0.0,1,1.0
2024-07-28 17:00,0.0,0.0,1,1.0
2024-07-28 18:00,0.001,0.001,1,1.0
2024-07-28 19:00,0.0,0.0,1,1.0
2024-07-28 20:00,0.0,0.0,1,1.0
2024-07-28 21:00,0.0,0.0,1,1.0
2024-07-28 22:00,0.0,0.0,1,1.0
2024-07-28 23:00,0.0,0.0,1,1.0
2024-07-29 00:00,0.0,0.0,1,1.0
2024-07-29 01:00,0.0,0.0,1,1.0
2024-07-29 02:00,0.0,0.0,1,1.0
2024-07-29 03:00,0.0,0.0,1,1.0
2024-07-29 04:00,0.0,0.0,1,1.0
2024-07-29 05:00,0.0,0.0,1,1.0
2024-07-29 06:00,0.0,0.0,1,1.0
2024-07-29 07:00,0.001,0.001,1,1.0
2024-07-29 08:00,0.0,0.0,1,1.0
2024-07-29 09:00,0.0,0.0,1,1.0
2024-07-29 10:00,0.0,0.0,1,1.0
2024-07-29 11:00,0.0,0.0,1,1.0
2024-07-29 12:00,0.0,0.0,1,1.0
2024-07-29 13:00,0.0,0.0,1,1.0
2024-07-29 14:00,0.001,0.001,1,1.0
2024-07-29 15:00,0.0,0.0,1,1.0
2024-07-29 16:00,0.0,0.0,1,1.0
2024-07-29 17:00,0.298,0.298,1,1.0
2024-07-29 18:00,0.0,0.0,1,1.0
2024-07-29 19:00,0.0,0.0,1,1.0
2024-07-29 20:00,0.0,0.0,1,1.0
2024-07-29 21:00,0.0,0.0,1,1.0
2024-07-29 22:00,0.0,0.0,1,1.0
2024-07-29 23:00,0.0,0.0,1,1.0
2024-07-30 00:00,0.0,0.0,1,1.0
2024-07-30 01:00,0.0,0.0,1,1.0
2024-07-30 02:00,0.0,0.0,1,1.0
2024-07-30 03:00,0.0,0.0,1,1.0
2024-07-30 04:00,0.0,0.0,1,1.0
2024-07-30 05:00,0.0,0.0,1,1.0
2024-07-30 06:00,0.0,0.0,1,1.0
2024-07-30 07:00,0.0,0.0,1,1.0
2024-07-30 08:00,0.0,0.0,1,1.0
2024-07-30 09:00,0.0,0.0,1,1.0
2024-07-30 10:00,0.001,0.001,1,1.0
2024-07-30 11:00,0.0,0.0,1,1.0
2024-07-30 12:00,0.0,0.0,1,1.0
2024-07-30 13:00,0.0,0.0,1,1.0
2024-07-30 14:00,0.0,0.0,1,1.0
2024-07-30 15:00,0.0,0.0,1,1.0
2024-07-30 16:00,0.0,0.0,1,1.0
2024-07-30 17:00,0.0,0.0,1,1.0
2024-07-30 18:00,0.0,0.0,1,1.0
2024-07-30 19:00,0.0,0.0,1,1.0
2024-07-30 20:00,0.0,0.0,1,1.0
2024-07-30 21:00,0.0,0.0,1,1.0
2024-07-30 22:00,0.0,0.0,1,1.0
2024-07-30 23:00,0.0,0.0,1,1.0
2024-07-31 00:00,0.0,0.0,1,1.0
2024-07-31 01:00,0.0,0.0,1,1.0
2024-07-31 02:00,0.0,0.0,1,1.0
2024-07-31 03:00,0.0,0.0,1,1.0
2024-07-31 04:00,0.0,0.0,1,1.0
2024-07-31 05:00,0.0,0.0,1,1.0
2024-07-31 06:00,0.0,0.0,1,1.0
2024-07-31 07:00,0.0,0.0,1,1.0
2024-07-31 08:00,0.001,0.001,1,1.0
2024-07-31 09:00,0.0,0.0,1,1.0
2024-07-31 10:00,0.0,0.0,1,1.0
2024-07-31 11:00,0.0,0.0,1,1.0
2024-07-31 12:00,0.0,0.0,1,1.0
2024-07-31 13:00,0.0,0.0,1,1.0
2024-07-31 14:00,0.0,0.0,1,1.0
2024-07-31 15:00,0.0,0.0,1,1.0
2024-07-31 16:00,0.0,0.0,1,1.0
2024-07-31 17:00,0.0,0.0,1,1.0
2024-07-31 18:00,0.0,0.0,1,1.0
2024-07-31 19:00,0.0,0.0,1,1.0
2024-07-31 20:00,0.0,0.0,1,1.0
2024-07-31 21:00,0.0,0.0,1,1.0
2024-07-31 22:00,0.0,0.0,1,1.0
2024-07-31 23:00,0.0,0.0,1,1.0
2024-08-01 00:00,0.0,0.0,1,1.0
2024-08-01 01:00,0.0,0.0,1,1.0
2024-08-01 02:00,0.0,0.0,1,1.0
2024-08-01 03:00,0.0,0.0,1,1.0
2024-08-01 04:00,0.0,0.0,1,1.0
2024-08-01 05:00,0.0,0.0,1,1.0
2024-08-01 06:00,0.0,0.0,1,1.0
2024-08-01 07:00,0.0,0.0,1,1.0
2024-08-01 08:00,0.0,0.0,1,1.0
2024-08-01 09:00,0.0,0.0,1,1.0
2024-08-01 10:00,0.0,0.0,1,1.0
2024-08-01 11:00,0.0,0.0,1,1.0
2024-08-01 12:00,0.001,0.001,1,1.0
2024-08-01 13:00,0.0,0.0,1,1.0
2024-08-01 14:00,0.022,0.022,1,1.0
2024-08-01 15:00,0.0,0.0,1,1.0
2024-08-01 16:00,0.001,0.001,1,1.0
2024-08-01 17:00,0.0,0.0,1,1.0
2024-08-01 18:00,0.0,0.0,1,1.0
2024-08-01 19:00,0.0,0.0,1,1.0
2024-08-01 20:00,0.0,0.0,1,1.0
2024-08-01 21:00,0.0,0.0,1,1.0
2024-08-01 22:00,0.0,0.0,1,1.0
2024-08-01 23:00,0.0,0.0,1,1.0
2024-08-02 00:00,0.0,0.0,1,1.0
2024-08-02 01:00,0.002,0.002,1,1.0
2024-08-02 02:00,0.003,0.003,1,1.0
2024-08-02 03:00,0.003,0.003,1,1.0
2024-08-02 04:00,0.003,0.003,1,1.0
2024-08-02 05:00,0.003,0.003,1,1.0
2024-08-02 06:00,0.003,0.003,1,1.0
2024-08-02 07:00,0.003,0.003,1,1.0
2024-08-02 08:00,0.0,0.0,1,1.0
2024-08-02 09:00,0.0,0.0,1,1.0
2024-08-02 10:00,0.0,0.0,1,1.0
2024-08-02 11:00,0.0,0.0,1,1.0
2024-08-02 12:00,0.0,0.0,1,1.0
2024-08-02 13:00,0.0,0.0,1,1.0
2024-08-02 14:00,0.0,0.0,1,1.0
2024-08-02 15:00,0.0,0.0,1,1.0
2024-08-02 16:00,0.0,0.0,1,1.0
2024-08-02 17:00,0.001,0.001,1,1.0
2024-08-02 18:00,0.0,0.0,1,1.0
2024-08-02 19:00,0.0,0.0,1,1.0
2024-08-02 20:00,0.0,0.0,1,1.0
2024-08-02 21:00,0.0,0.0,1,1.0
2024-08-02 22:00,0.0,0.0,1,1.0
2024-08-02 23:00,0.0,0.0,1,1.0
2024-08-03 00:00,0.0,0.0,1,1.0
2024-08-03 01:00,0.0,0.0,1,1.0
2024-08-03 02:00,0.0,0.0,1,1.0
2024-08-03 03:00,0.0,0.0,1,1.0
2024-08-03 04:00,0.0,0.0,1,1.0
2024-08-03 05:00,0.0,0.0,1,1.0
2024-08-03 06:00,0.0,0.0,1,1.0
2024-08-03 07:00,0.0,0.0,1,1.0
2024-08-03 08:00,0.0,0.0,1,1.0
2024-08-03 09:00,0.0,0.0,1,1.0
2024-08-03 10:00,0.0,0.0,1,1.0
2024-08-03 11:00,0.0,0.0,1,1.0
2024-08-03 12:00,0.0,0.0,1,1.0
2024-08-03 13:00,0.0,0.0,1,1.0
2024-08-03 14:00,0.0,0.0,1,1.0
2024-08-03 15:00,0.0,0.0,1,1.0
2024-08-03 16:00,0.0,0.0,1,1.0
2024-08-03 17:00,0.001,0.001,1,1.0
2024-08-03 18:00,0.0,0.0,1,1.0
2024-08-03 19:00,0.0,0.0,1,1.0
2024-08-03 20:00,0.0,0.0,1,1.0
2024-08-03 21:00,0.0,0.0,1,1.0
2024-08-03 22:00,0.0,0.0,1,1.0
2024-08-03 23:00,0.0,0.0,1,1.0
2024-08-04 00:00,0.0,0.0,1,1.0
2024-08-04 01:00,0.0,0.0,1,1.0
2024-08-04 02:00,0.0,0.0,1,1.0
2024-08-04 03:00,0.0,0.0,1,1.0
2024-08-04 04:00,0.0,0.0,1,1.0
2024-08-04 05:00,0.0,0.0,1,1.0
2024-08-04 06:00,0.0,0.0,1,1.0
2024-08-04 07:00,0.0,0.0,1,1.0
2024-08-04 08:00,0.0,0.0,1,1.0
2024-08-04 09:00,0.0,0.0,1,1.0
2024-08-04 10:00,0.0,0.0,1,1.0
2024-08-04 11:00,0.0,0.0,1,1.0
2024-08-04 12:00,0.0,0.0,1,1.0
2024-08-04 13:00,0.0,0.0,1,1.0
2024-08-04 14:00,0.045,0.045,1,1.0
2024-08-04 15:00,0.243,0.243,1,1.0
2024-08-04 16:00,0.0,0.0,1,1.0
2024-08-04 17:00,0.0,0.0,1,1.0
2024-08-04 18:00,0.0,0.0,1,1.0
2024-08-04 19:00,0.0,0.0,1,1.0
2024-08-04 20:00,0.0,0.0,1,1.0
2024-08-04 21:00,0.0,0.0,1,1.0
2024-08-04 22:00,0.0,0.0,1,1.0
2024-08-04 23:00,0.0,0.0,1,1.0
2024-08-05 00:00,0.0,0.0,1,1.0
2024-08-05 01:00,0.0,0.0,1,1.0
2024-08-05 02:00,0.0,0.0,1,1.0
2024-08-05 03:00,0.0,0.0,1,1.0
2024-08-05 04:00,0.0,0.0,1,1.0
2024-08-05 05:00,0.0,0.0,1,1.0
2024-08-05 06:00,0.0,0.0,1,1.0
2024-08-05 07:00,0.0,0.0,1,1.0
2024-08-05 08:00,0.0,0.0,1,1.0
2024-08-05 09:00,0.0,0.0,1,1.0
2024-08-05 10:00,0.0,0.0,1,1.0
2024-08-05 11:00,0.0,0.0,1,1.0
2024-08-05 12:00,0.0,0.0,1,1.0
2024-08-05 13:00,0.0,0.0,1,1.0
2024-08-05 14:00,0.0,0.0,1,1.0
2024-08-05 15:00,0.0,0.0,1,1.0
2024-08-05 16:00,0.0,0.0,1,1.0
2024-08-05 17:00,0.0,0.0,1,1.0
2024-08-05 18:00,0.0,0.0,1,1.0
2024-08-05 19:00,0.0,0.0,1,1.0
2024-08-05 20:00,0.0,0.0,1,1.0
2024-08-05 21:00,0.0,0.0,1,1.0
2024-08-05 22:00,0.0,0.0,1,1.0
2024-08-05 23:00,0.0,0.0,1,1.0
2024-08-06 00:00,0.0,0.0,1,1.0
2024-08-06 01:00,0.0,0.0,1,1.0
2024-08-06 02:00,0.0,0.0,1,1.0
2024-08-06 03:00,0.0,0.0,1,1.0
2024-08-06 04:00,0.0,0.0,1,1.0
2024-08-06 05:00,0.0,0.0,1,1.0
2024-08-06 06:00,0.0,0.0,1,1.0
2024-08-06 07:00,0.001,0.001,1,1.0
2024-08-06 08:00,0.0,0.0,1,1.0
2024-08-06 09:00,0.0,0.0,1,1.0
2024-08-06 10:00,0.017,0.017,1,1.0
2024-08-06 11:00,0.005,0.005,1,1.0
2024-08-06 12:00,0.003,0.003,1,1.0
2024-08-06 13:00,0.001,0.001,1,1.0
2024-08-06 14:00,0.0,0.0,1,1.0
2024-08-06 15:00,0.061,0.061,1,1.0
2024-08-06 16:00,0.0,0.0,1,1.0
2024-08-06 17:00,0.0,0.0,1,1.0
2024-08-06 18:00,0.0,0.0,1,1.0
2024-08-06 19:00,0.0,0.0,1,1.0
2024-08-06 20:00,0.0,0.0,1,1.0
2024-08-06 21:00,0.0,0.0,1,1.0
2024-08-06 22:00,0.0,0.0,1,1.0
2024-08-06 23:00,0.0,0.0,1,1.0
2024-08-07 00:00,0.0,0.0,1,1.0
2024-08-07 01:00,0.0,0.0,1,1.0
2024-08-07 02:00,0.0,0.0,1,1.0
2024-08-07 03:00,0.0,0.0,1,1.0
2024-08-07 04:00,0.0,0.0,1,1.0
2024-08-07 05:00,0.0,0.0,1,1.0
2024-08-07 06:00,0.001,0.001,1,1.0
2024-08-07 07:00,0.0,0.0,1,1.0
2024-08-07 08:00,0.0,0.0,1,1.0
2024-08-07 09:00,0.002,0.002,1,1.0
2024-08-07 10:00,0.0,0.0,1,1.0
2024-08-07 11:00,0.07,0.07,1,1.0
2024-08-07 12:00,0.065,0.065,1,1.0
2024-08-07 13:00,0.015,0.015,1,1.0
2024-08-07 14:00,0.008,0.008,1,1.0
2024-08-07 15:00,0.0,0.0,1,1.0
2024-08-07 16:00,0.0,0.0,1,1.0
2024-08-07 17:00,0.0,0.0,1,1.0
2024-08-07 18:00,0.0,0.0,1,1.0
2024-08-07 19:00,0.0,0.0,1,1.0
2024-08-07 20:00,0.0,0.0,1,1.0
2024-08-07 21:00,0.0,0.0,1,1.0
2024-08-07 22:00,0.0,0.0,1,1.0
2024-08-07 23:00,0.0,0.0,1,1.0
2024-08-08 00:00,0.0,0.0,1,1.0
2024-08-08 01:00,0.0,0.0,1,1.0
2024-08-08 02:00,0.0,0.0,1,1.0
2024-08-08 03:00,0.0,0.0,1,1.0
2024-08-08 04:00,0.0,0.0,1,1.0
2024-08-08 05:00,0.0,0.0,1,1.0
2024-08-08 06:00,0.0,0.0,1,1.0
2024-08-08 07:00,0.0,0.0,1,1.0
2024-08-08 08:00,0.0,0.0,1,1.0
2024-08-08 09:00,0.0,0.0,1,1.0
2024-08-08 10:00,0.0,0.0,1,1.0
2024-08-08 11:00,0.0,0.0,1,1.0
2024-08-08 12:00,0.0,0.0,1,1.0
2024-08-08 13:00,0.0,0.0,1,1.0
2024-08-08 14:00,0.0,0.0,1,1.0
2024-08-08 15:00,0.0,0.0,1,1.0
2024-08-08 16:00,0.0,0.0,1,1.0
2024-08-08 17:00,0.0,0.0,1,1.0
2024-08-08 18:00,0.0,0.0,1,1.0
2024-08-08 19:00,0.0,0.0,1,1.0
2024-08-08 20:00,0.0,0.0,1,1.0
2024-08-08 21:00,0.0,0.0,1,1.0
2024-08-08 22:00,0.0,0.0,1,1.0
2024-08-08 23:00,0.0,0.0,1,1.0
2024-08-09 00:00,0.0,0.0,1,1.0
2024-08-09 01:00,0.0,0.0,1,1.0
2024-08-09 02:00,0.0,0.0,1,1.0
2024-08-09 03:00,0.0,0.0,1,1.0
2024-08-09 04:00,0.0,0.0,1,1.0
2024-08-09 05:00,0.0,0.0,1,1.0
2024-08-09 06:00,0.0,0.0,1,1.0
2024-08-09 07:00,0.0,0.0,1,1.0
2024-08-09 08:00,0.0,0.0,1,1.0
2024-08-09 09:00,0.001,0.001,1,1.0
2024-08-09 10:00,0.002,0.002,1,1.0
2024-08-09 11:00,0.002,0.002,1,1.0
2024-08-09 12:00,0.001,0.001,1,1.0
2024-08-09 13:00,0.0,0.0,1,1.0
2024-08-09 14:00,0.11,0.11,1,1.0
2024-08-09 15:00,0.0,0.0,1,1.0
2024-08-09 16:00,0.058,0.058,1,1.0
2024-08-09 17:00,0.0,0.0,1,1.0
2024-08-09 18:00,0.0,0.0,1,1.0
2024-08-09 19:00,0.0,0.0,1,1.0
2024-08-09 20:00,0.0,0.0,1,1.0
2024-08-09 21:00,0.0,0.0,1,1.0
2024-08-09 22:00,0.0,0.0,1,1.0
2024-08-09 23:00,0.0,0.0,1,1.0
2024-08-10 00:00,0.0,0.0,1,1.0
2024-08-10 01:00,0.0,0.0,1,1.0
2024-08-10 02:00,0.0,0.0,1,1.0
2024-08-10 03:00,0.0,0.0,1,1.0
2024-08-10 04:00,0.0,0.0,1,1.0
2024-08-10 05:00,0.0,0.0,1,1.0
2024-08-10 06:00,0.0,0.0,1,1.0
2024-08-10 07:00,0.0,0.0,1,1.0
2024-08-10 08:00,0.0,0.0,1,1.0
2024-08-10 09:00,0.0,0.0,1,1.0
2024-08-10 10:00,0.0,0.0,1,1.0
2024-08-10 11:00,0.0,0.0,1,1.0
2024-08-10 12:00,0.0,0.0,1,1.0
2024-08-10 13:00,0.0,0.0,1,1.0
2024-08-10 14:00,0.0,0.0,1,1.0
2024-08-10 15:00,0.0,0.0,1,1.0
2024-08-10 16:00,0.0,0.0,1,1.0
2024-08-10 17:00,0.0,0.0,1,1.0
2024-08-10 18:00,0.0,0.0,1,1.0
2024-08-10 19:00,0.0,0.0,1,1.0
2024-08-10 20:00,0.0,0.0,1,1.0
2024-08-10 21:00,0.0,0.0,1,1.0
2024-08-10 22:00,0.0,0.0,1,1.0
2024-08-10 23:00,0.0,0.0,1,1.0
2024-08-11 00:00,0.0,0.0,1,1.0
2024-08-11 01:00,0.0,0.0,1,1.0
2024-08-11 02:00,0.0,0.0,1,1.0
2024-08-11 03:00,0.0,0.0,1,1.0
2024-08-11 04:00,0.0,0.0,1,1.0
2024-08-11 05:00,0.0,0.0,1,1.0
2024-08-11 06:00,0.0,0.0,1,1.0
2024-08-11 07:00,0.0,0.0,1,1.0
2024-08-11 08:00,0.0,0.0,1,1.0
2024-08-11 09:00,0.0,0.0,1,1.0
2024-08-11 10:00,0.0,0.0,1,1.0
2024-08-11 11:00,0.0,0.0,1,1.0
2024-08-11 12:00,0.0,0.0,1,1.0
2024-08-11 13:00,0.0,0.0,1,1.0
2024-08-11 14:00,0.0,0.0,1,1.0
2024-08-11 15:00,0.0,0.0,1,1.0
2024-08-11 16:00,0.0,0.0,1,1.0
2024-08-11 17:00,0.0,0.0,1,1.0
2024-08-11 18:00,0.0,0.0,1,1.0
2024-08-11 19:00,0.0,0.0,1,1.0
2024-08-11 20:00,0.0,0.0,1,1.0
2024-08-11 21:00,0.001,0.001,1,1.0
2024-08-11 22:00,0.0,0.0,1,1.0
2024-08-11 23:00,0.0,0.0,1,1.0
2024-08-12 00:00,0.0,0.0,1,1.0
2024-08-12 01:00,0.0,0.0,1,1.0
2024-08-12 02:00,0.0,0.0,1,1.0
2024-08-12 03:00,0.0,0.0,1,1.0
2024-08-12 04:00,0.0,0.0,1,1.0
2024-08-12 05:00,0.0,0.0,1,1.0
2024-08-12 06:00,0.0,0.0,1,1.0
2024-08-12 07:00,0.0,0.0,1,1.0
2024-08-12 08:00,0.001,0.001,1,1.0
2024-08-12 09:00,0.0,0.0,1,1.0
2024-08-12 10:00,0.0,0.0,1,1.0
2024-08-12 11:00,0.0,0.0,1,1.0
2024-08-12 12:00,0.0,0.0,1,1.0
2024-08-12 13:00,0.0,0.0,1,1.0
2024-08-12 14:00,0.0,0.0,1,1.0
2024-08-12 15:00,0.0,0.0,1,1.0
2024-08-12 16:00,0.0,0.0,1,1.0
2024-08-12 17:00,0.0,0.0,1,1.0
2024-08-12 18:00,0.0,0.0,1,1.0
2024-08-12 19:00,0.0,0.0,1,1.0
2024-08-12 20:00,0.0,0.0,1,1.0
2024-08-12 21:00,0.0,0.0,1,1.0
2024-08-12 22:00,0.0,0.0,1,1.0
2024-08-12 23:00,0.0,0.0,1,1.0
2024-08-13 00:00,0.0,0.0,1,1.0
2024-08-13 01:00,0.0,0.0,1,1.0
2024-08-13 02:00,0.0,0.0,1,1.0
2024-08-13 03:00,0.0,0.0,1,1.0
2024-08-13 04:00,0.0,0.0,1,1.0
2024-08-13 05:00,0.0,0.0,1,1.0
2024-08-13 06:00,0.0,0.0,1,1.0
2024-08-13 07:00,0.0,0.0,1,1.0
2024-08-13 08:00,0.0,0.0,1,1.0
2024-08-13 09:00,0.0,0.0,1,1.0
2024-08-13 10:00,0.0,0.0,1,1.0
2024-08-13 11:00,0.0,0.0,1,1.0
2024-08-13 12:00,0.0,0.0,1,1.0
2024-08-13 13:00,0.0,0.0,1,1.0
2024-08-13 14:00,0.0,0.0,1,1.0
2024-08-13 15:00,0.0,0.0,1,1.0
2024-08-13 16:00,0.0,0.0,1,1.0
2024-08-13 17:00,0.0,0.0,1,1.0
2024-08-13 18:00,0.0,0.0,1,1.0
2024-08-13 19:00,0.0,0.0,1,1.0
2024-08-13 20:00,0.0,0.0,1,1.0
2024-08-13 21:00,0.0,0.0,1,1.0
2024-08-13 22:00,0.0,0.0,1,1.0
2024-08-13 23:00,0.0,0.0,1,1.0
2024-08-14 00:00,0.0,0.0,1,1.0
2024-08-14 01:00,0.0,0.0,1,1.0
2024-08-14 02:00,0.0,0.0,1,1.0
2024-08-14 03:00,0.0,0.0,1,1.0
2024-08-14 04:00,0.0,0.0,1,1.0
2024-08-14 05:00,0.0,0.0,1,1.0
2024-08-14 06:00,0.0,0.0,1,1.0
2024-08-14 07:00,0.0,0.0,1,1.0
2024-08-14 08:00,0.0,0.0,1,1.0
2024-08-14 09:00,0.0,0.0,1,1.0
2024-08-14 10:00,0.0,0.0,1,1.0
2024-08-14 11:00,0.0,0.0,1,1.0
2024-08-14 12:00,0.0,0.0,1,1.0
2024-08-14 13:00,0.0,0.0,1,1.0
2024-08-14 14:00,0.0,0.0,1,1.0
2024-08-14 15:00,0.0,0.0,1,1.0
2024-08-14 16:00,0.0,0.0,1,1.0
2024-08-14 17:00,0.0,0.0,1,1.0
2024-08-14 18:00,0.0,0.0,1,1.0
2024-08-14 19:00,0.0,0.0,1,1.0
2024-08-14 20:00,0.0,0.0,1,1.0
2024-08-14 21:00,0.0,0.0,1,1.0
2024-08-14 22:00,0.0,0.0,1,1.0
2024-08-14 23:00,0.0,0.0,1,1.0
2024-08-15 00:00,0.0,0.0,1,1.0
2024-08-15 01:00,0.0,0.0,1,1.0
2024-08-15 02:00,0.0,0.0,1,1.0
2024-08-15 03:00,0.0,0.0,1,1.0
2024-08-15 04:00,0.0,0.0,1,1.0
2024-08-15 05:00,0.0,0.0,1,1.0
2024-08-15 06:00,0.0,0.0,1,1.0
2024-08-15 07:00,0.0,0.0,1,1.0
2024-08-15 08:00,0.0,0.0,1,1.0
2024-08-15 09:00,0.0,0.0,1,1.0
2024-08-15 10:00,0.0,0.0,1,1.0
2024-08-15 11:00,0.0,0.0,1,1.0
2024-08-15 12:00,0.0,0.0,1,1.0
2024-08-15 13:00,0.0,0.0,1,1.0
2024-08-15 14:00,0.0,0.0,1,1.0
2024-08-15 15:00,0.0,0.0,1,1.0
2024-08-15 16:00,0.0,0.0,1,1.0
2024-08-15 17:00,0.0,0.0,1,1.0
2024-08-15 18:00,0.0,0.0,1,1.0
2024-08-15 19:00,0.0,0.0,1,1.0
2024-08-15 20:00,0.0,0.0,1,1.0
2024-08-15 21:00,0.0,0.0,1,1.0
2024-08-15 22:00,0.0,0.0,1,1.0
2024-08-15 23:00,0.0,0.0,1,1.0
2024-08-16 00:00,0.0,0.0,1,1.0
2024-08-16 01:00,0.0,0.0,1,1.0
2024-08-16 02:00,0.0,0.0,1,1.0
2024-08-16 03:00,0.0,0.0,1,1.0
2024-08-16 04:00,0.0,0.0,1,1.0
2024-08-16 05:00,0.0,0.0,1,1.0
2024-08-16 06:00,0.0,0.0,1,1.0
2024-08-16 07:00,0.0,0.0,1,1.0
2024-08-16 08:00,0.0,0.0,1,1.0
2024-08-16 09:00,0.0,0.0,1,1.0
2024-08-16 10:00,0.001,0.001,1,1.0
2024-08-16 11:00,0.0,0.0,1,1.0
2024-08-16 12:00,0.0,0.0,1,1.0
2024-08-16 13:00,0.0,0.0,1,1.0
2024-08-16 14:00,0.0,0.0,1,1.0
2024-08-16 15:00,0.0,0.0,1,1.0
2024-08-16 16:00,0.0,0.0,1,1.0
2024-08-16 17:00,0.0,0.0,1,1.0
2024-08-16 18:00,0.0,0.0,1,1.0
2024-08-16 19:00,0.0,0.0,1,1.0
2024-08-16 20:00,0.0,0.0,1,1.0
2024-08-16 21:00,0.0,0.0,1,1.0
2024-08-16 22:00,0.0,0.0,1,1.0
2024-08-16 23:00,0.0,0.0,1,1.0
2024-08-17 00:00,0.0,0.0,1,1.0
2024-08-17 01:00,0.0,0.0,1,1.0
2024-08-17 02:00,0.0,0.0,1,1.0
2024-08-17 03:00,0.009,0.009,1,1.0
2024-08-17 04:00,0.0,0.0,1,1.0
2024-08-17 05:00,0.053,0.053,1,1.0
2024-08-17 06:00,0.0,0.0,1,1.0
2024-08-17 07:00,0.0,0.0,1,1.0
2024-08-17 08:00,0.0,0.0,1,1.0
2024-08-17 09:00,0.0,0.0,1,1.0
2024-08-17 10:00,0.0,0.0,1,1.0
2024-08-17 11:00,0.045,0.045,1,1.0
2024-08-17 12:00,0.039,0.039,1,1.0
2024-08-17 13:00,0.296,0.296,1,1.0
2024-08-17 14:00,0.0,0.0,1,1.0
2024-08-17 15:00,0.0,0.0,1,1.0
2024-08-17 16:00,0.0,0.0,1,1.0
2024-08-17 17:00,0.0,0.0,1,1.0
2024-08-17 18:00,0.0,0.0,1,1.0
2024-08-17 19:00,0.0,0.0,1,1.0
2024-08-17 20:00,0.0,0.0,1,1.0
2024-08-17 21:00,0.0,0.0,1,1.0
2024-08-17 22:00,0.0,0.0,1,1.0
2024-08-17 23:00,0.0,0.0,1,1.0
2024-08-18 00:00,0.0,0.0,1,1.0
2024-08-18 01:00,0.0,0.0,1,1.0
2024-08-18 02:00,0.0,0.0,1,1.0
2024-08-18 03:00,0.0,0.0,1,1.0
2024-08-18 04:00,0.0,0.0,1,1.0
2024-08-18 05:00,0.001,0.001,1,1.0
2024-08-18 06:00,0.0,0.0,1,1.0
2024-08-18 07:00,0.0,0.0,1,1.0
2024-08-18 08:00,0.0,0.0,1,1.0
2024-08-18 09:00,0.001,0.001,1,1.0
2024-08-18 10:00,0.011,0.011,1,1.0
2024-08-18 11:00,0.009,0.009,1,1.0
2024-08-18 12:00,0.079,0.079,1,1.0
2024-08-18 13:00,0.002,0.002,1,1.0
2024-08-18 14:00,0.449,0.449,1,1.0
2024-08-18 15:00,0.101,0.101,1,1.0
2024-08-18 16:00,0.32,0.32,1,1.0
2024-08-18 17:00,0.005,0.005,1,1.0
2024-08-18 18:00,0.001,0.001,1,1.0
2024-08-18 19:00,0.003,0.003,1,1.0
2024-08-18 20:00,0.0,0.0,1,1.0
2024-08-18 21:00,0.01,0.01,1,1.0
2024-08-18 22:00,0.001,0.001,1,1.0
2024-08-18 23:00,0.034,0.034,1,1.0
2024-08-19 00:00,1.758,1.758,1,1.0
2024-08-19 01:00,0.755,0.755,1,1.0
2024-08-19 02:00,0.942,0.942,1,1.0
2024-08-19 03:00,1.447,1.447,1,1.0
2024-08-19 04:00,0.461,0.461,1,1.0
2024-08-19 05:00,0.002,0.002,1,1.0
2024-08-19 06:00,0.016,0.016,1,1.0
2024-08-19 07:00,0.268,0.268,1,1.0
2024-08-19 08:00,0.035,0.035,1,1.0
2024-08-19 09:00,0.277,0.277,1,1.0
2024-08-19 10:00,0.093,0.093,1,1.0
2024-08-19 11:00,0.098,0.098,1,1.0
2024-08-19 12:00,0.169,0.169,1,1.0
2024-08-19 13:00,0.106,0.106,1,1.0
2024-08-19 14:00,0.027,0.027,1,1.0
2024-08-19 15:00,0.036,0.036,1,1.0
2024-08-19 16:00,0.464,0.464,1,1.0
2024-08-19 17:00,0.225,0.225,1,1.0
2024-08-19 18:00,0.165,0.165,1,1.0
2024-08-19 19:00,0.061,0.061,1,1.0
2024-08-19 20:00,0.022,0.022,1,1.0
2024-08-19 21:00,0.102,0.102,1,1.0
2024-08-19 22:00,0.095,0.095,1,1.0
2024-08-19 23:00,0.0,0.0,1,1.0
2024-08-20 00:00,0.001,0.001,1,1.0
2024-08-20 01:00,0.002,0.002,1,1.0
2024-08-20 02:00,0.0,0.0,1,1.0
2024-08-20 03:00,0.005,0.005,1,1.0
2024-08-20 04:00,0.015,0.015,1,1.0
2024-08-20 05:00,0.046,0.046,1,1.0
2024-08-20 06:00,0.01,0.01,1,1.0
2024-08-20 07:00,0.002,0.002,1,1.0
2024-08-20 08:00,0.001,0.001,1,1.0
2024-08-20 09:00,0.246,0.246,1,1.0
2024-08-20 10:00,0.051,0.051,1,1.0
2024-08-20 11:00,0.099,0.099,1,1.0
2024-08-20 12:00,0.17,0.17,1,1.0
2024-08-20 13:00,0.003,0.003,1,1.0
2024-08-20 14:00,0.429,0.429,1,1.0
2024-08-20 15:00,0.764,0.764,1,1.0
2024-08-20 16:00,0.181,0.181,1,1.0
2024-08-20 17:00,0.225,0.225,1,1.0
2024-08-20 18:00,0.077,0.077,1,1.0
2024-08-20 19:00,0.0,0.0,1,1.0
2024-08-20 20:00,0.0,0.0,1,1.0
2024-08-20 21:00,0.0,0.0,1,1.0
2024-08-20 22:00,0.0,0.0,1,1.0
2024-08-20 23:00,0.0,0.0,1,1.0
2024-08-21 00:00,0.002,0.002,1,1.0
2024-08-21 01:00,0.0,0.0,1,1.0
2024-08-21 02:00,0.0,0.0,1,1.0
2024-08-21 03:00,0.0,0.0,1,1.0
2024-08-21 04:00,0.0,0.0,1,1.0
2024-08-21 05:00,0.0,0.0,1,1.0
2024-08-21 06:00,0.0,0.0,1,1.0
2024-08-21 07:00,0.0,0.0,1,1.0
2024-08-21 08:00,0.0,0.0,1,1.0
2024-08-21 09:00,0.01,0.01,1,1.0
2024-08-21 10:00,0.062,0.062,1,1.0
2024-08-21 11:00,0.144,0.144,1,1.0
2024-08-21 12:00,0.271,0.271,1,1.0
2024-08-21 13:00,0.366,0.366,1,1.0
2024-08-21 14:00,0.036,0.036,1,1.0
2024-08-21 15:00,0.02,0.02,1,1.0
2024-08-21 16:00,0.011,0.011,1,1.0
2024-08-21 17:00,0.551,0.551,1,1.0
2024-08-21 18:00,0.14,0.14,1,1.0
2024-08-21 19:00,0.0,0.0,1,1.0
2024-08-21 20:00,0.0,0.0,1,1.0
2024-08-21 21:00,0.0,0.0,1,1.0
2024-08-21 22:00,0.0,0.0,1,1.0
2024-08-21 23:00,0.0,0.0,1,1.0
2024-08-22 00:00,0.0,0.0,1,1.0
2024-08-22 01:00,0.0,0.0,1,1.0
2024-08-22 02:00,0.0,0.0,1,1.0
2024-08-22 03:00,0.0,0.0,1,1.0
2024-08-22 04:00,0.0,0.0,1,1.0
2024-08-22 05:00,0.0,0.0,1,1.0
2024-08-22 06:00,0.0,0.0,1,1.0
2024-08-22 07:00,0.0,0.0,1,1.0
2024-08-22 08:00,0.0,0.0,1,1.0
2024-08-22 09:00,0.0,0.0,1,1.0
2024-08-22 10:00,0.001,0.001,1,1.0
2024-08-22 11:00,0.0,0.0,1,1.0
2024-08-22 12:00,0.0,0.0,1,1.0
2024-08-22 13:00,0.0,0.0,1,1.0
2024-08-22 14:00,0.002,0.002,1,1.0
2024-08-22 15:00,0.0,0.0,1,1.0
2024-08-22 16:00,0.0,0.0,1,1.0
2024-08-22 17:00,0.0,0.0,1,1.0
2024-08-22 18:00,0.0,0.0,1,1.0
2024-08-22 19:00,0.0,0.0,1,1.0
2024-08-22 20:00,0.0,0.0,1,1.0
2024-08-22 21:00,0.0,0.0,1,1.0
2024-08-22 22:00,0.0,0.0,1,1.0
2024-08-22 23:00,0.0,0.0,1,1.0
2024-08-23 00:00,0.0,0.0,1,1.0
2024-08-23 01:00,0.0,0.0,1,1.0
2024-08-23 02:00,0.0,0.0,1,1.0
2024-08-23 03:00,0.0,0.0,1,1.0
2024-08-23 04:00,0.0,0.0,1,1.0
2024-08-23 05:00,0.0,0.0,1,1.0
2024-08-23 06:00,0.0,0.0,1,1.0
2024-08-23 07:00,0.001,0.001,1,1.0
2024-08-23 08:00,0.0,0.0,1,1.0
2024-08-23 09:00,0.0,0.0,1,1.0
2024-08-23 10:00,0.001,0.001,1,1.0
2024-08-23 11:00,0.0,0.0,1,1.0
2024-08-23 12:00,0.0,0.0,1,1.0
2024-08-23 13:00,0.005,0.005,1,1.0
2024-08-23 14:00,0.291,0.291,1,1.0
2024-08-23 15:00,0.0,0.0,1,1.0
2024-08-23 16:00,0.0,0.0,1,1.0
2024-08-23 17:00,0.0,0.0,1,1.0
2024-08-23 18:00,0.0,0.0,1,1.0
2024-08-23 19:00,0.0,0.0,1,1.0
2024-08-23 20:00,0.0,0.0,1,1.0
2024-08-23 21:00,0.0,0.0,1,1.0
2024-08-23 22:00,0.0,0.0,1,1.0
2024-08-23 23:00,0.0,0.0,1,1.0
2024-08-24 00:00,0.0,0.0,1,1.0
2024-08-24 01:00,0.0,0.0,1,1.0
2024-08-24 02:00,0.0,0.0,1,1.0
2024-08-24 03:00,0.0,0.0,1,1.0
2024-08-24 04:00,0.0,0.0,1,1.0
2024-08-24 05:00,0.0,0.0,1,1.0
2024-08-24 06:00,0.0,0.0,1,1.0
2024-08-24 07:00,0.0,0.0,1,1.0
2024-08-24 08:00,0.0,0.0,1,1.0
2024-08-24 09:00,0.002,0.002,1,1.0
2024-08-24 10:00,0.005,0.005,1,1.0
2024-08-24 11:00,0.01,0.01,1,1.0
2024-08-24 12:00,0.385,0.385,1,1.0
2024-08-24 13:00,0.0,0.0,1,1.0
2024-08-24 14:00,0.028,0.028,1,1.0
2024-08-24 15:00,0.013,0.013,1,1.0
2024-08-24 16:00,0.0,0.0,1,1.0
2024-08-24 17:00,0.0,0.0,1,1.0
2024-08-24 18:00,0.0,0.0,1,1.0
2024-08-24 19:00,0.0,0.0,1,1.0
2024-08-24 20:00,0.0,0.0,1,1.0
2024-08-24 21:00,0.0,0.0,1,1.0
2024-08-24 22:00,0.0,0.0,1,1.0
2024-08-24 23:00,0.0,0.0,1,1.0
2024-08-25 00:00,0.0,0.0,1,1.0
2024-08-25 01:00,0.0,0.0,1,1.0
2024-08-25 02:00,0.0,0.0,1,1.0
2024-08-25 03:00,0.0,0.0,1,1.0
2024-08-25 04:00,0.0,0.0,1,1.0
2024-08-25 05:00,0.0,0.0,1,1.0
2024-08-25 06:00,0.0,0.0,1,1.0
2024-08-25 07:00,0.0,0.0,1,1.0
2024-08-25 08:00,0.0,0.0,1,1.0
2024-08-25 09:00,0.0,0.0,1,1.0
2024-08-25 10:00,0.001,0.001,1,1.0
2024-08-25 11:00,0.002,0.002,1,1.0
2024-08-25 12:00,0.0,0.0,1,1.0
2024-08-25 13:00,0.0,0.0,1,1.0
2024-08-25 14:00,0.0,0.0,1,1.0
2024-08-25 15:00,0.0,0.0,1,1.0
2024-08-25 16:00,0.0,0.0,1,1.0
2024-08-25 17:00,0.0,0.0,1,1.0
2024-08-25 18:00,0.0,0.0,1,1.0
2024-08-25 19:00,0.0,0.0,1,1.0
2024-08-25 20:00,0.0,0.0,1,1.0
2024-08-25 21:00,0.0,0.0,1,1.0
2024-08-25 22:00,0.0,0.0,1,1.0
2024-08-25 23:00,0.0,0.0,1,1.0
2024-08-26 00:00,0.0,0.0,1,1.0
2024-08-26 01:00,0.0,0.0,1,1.0
2024-08-26 02:00,0.0,0.0,1,1.0
2024-08-26 03:00,0.0,0.0,1,1.0
2024-08-26 04:00,0.0,0.0,1,1.0
2024-08-26 05:00,0.0,0.0,1,1.0
2024-08-26 06:00,0.0,0.0,1,1.0
2024-08-26 07:00,0.0,0.0,1,1.0
2024-08-26 08:00,0.0,0.0,1,1.0
2024-08-26 09:00,0.0,0.0,1,1.0
2024-08-26 10:00,0.0,0.0,1,1.0
2024-08-26 11:00,0.0,0.0,1,1.0
2024-08-26 12:00,0.0,0.0,1,1.0
2024-08-26 13:00,0.0,0.0,1,1.0
2024-08-26 14:00,0.0,0.0,1,1.0
2024-08-26 15:00,0.033,0.033,1,1.0
2024-08-26 16:00,0.011,0.011,1,1.0
2024-08-26 17:00,0.052,0.052,1,1.0
2024-08-26 18:00,0.0,0.0,1,1.0
2024-08-26 19:00,0.0,0.0,1,1.0
2024-08-26 20:00,0.0,0.0,1,1.0
2024-08-26 21:00,0.0,0.0,1,1.0
2024-08-26 22:00,0.0,0.0,1,1.0
2024-08-26 23:00,0.0,0.0,1,1.0
2024-08-27 00:00,0.0,0.0,1,1.0
2024-08-27 01:00,0.0,0.0,1,1.0
2024-08-27 02:00,0.0,0.0,1,1.0
2024-08-27 03:00,0.0,0.0,1,1.0
2024-08-27 04:00,0.0,0.0,1,1.0
2024-08-27 05:00,0.0,0.0,1,1.0
2024-08-27 06:00,0.0,0.0,1,1.0
2024-08-27 07:00,0.0,0.0,1,1.0
2024-08-27 08:00,0.0,0.0,1,1.0
2024-08-27 09:00,0.0,0.0,1,1.0
2024-08-27 10:00,0.044,0.044,1,1.0
2024-08-27 11:00,0.057,0.057,1,1.0
2024-08-27 12:00,0.049,0.049,1,1.0
2024-08-27 13:00,0.013,0.013,1,1.0
2024-08-27 14:00,0.912,0.912,1,1.0
2024-08-27 15:00,0.514,0.514,1,1.0
2024-08-27 16:00,0.0,0.0,1,1.0
2024-08-27 17:00,0.002,0.002,1,1.0
2024-08-27 18:00,0.0,0.0,1,1.0
2024-08-27 19:00,0.0,0.0,1,1.0
2024-08-27 20:00,0.0,0.0,1,1.0
2024-08-27 21:00,0.0,0.0,1,1.0
2024-08-27 22:00,0.0,0.0,1,1.0
2024-08-27 23:00,0.0,0.0,1,1.0
2024-08-28 00:00,0.0,0.0,1,1.0
2024-08-28 01:00,0.0,0.0,1,1.0
2024-08-28 02:00,0.0,0.0,1,1.0
2024-08-28 03:00,0.0,0.0,1,1.0
2024-08-28 04:00,0.0,0.0,1,1.0
2024-08-28 05:00,0.0,0.0,1,1.0
2024-08-28 06:00,0.0,0.0,1,1.0
2024-08-28 07:00,0.001,0.001,1,1.0
2024-08-28 08:00,0.0,0.0,1,1.0
2024-08-28 09:00,0.007,0.007,1,1.0
2024-08-28 10:00,0.01,0.01,1,1.0
2024-08-28 11:00,0.021,0.021,1,1.0
2024-08-28 12:00,0.0,0.0,1,1.0
2024-08-28 13:00,0.01,0.01,1,1.0
2024-08-28 14:00,0.025,0.025,1,1.0
2024-08-28 15:00,1.024,1.024,1,1.0
2024-08-28 16:00,0.058,0.058,1,1.0
2024-08-28 17:00,0.0,0.0,1,1.0
2024-08-28 18:00,0.0,0.0,1,1.0
2024-08-28 19:00,0.0,0.0,1,1.0
2024-08-28 20:00,0.0,0.0,1,1.0
2024-08-28 21:00,0.0,0.0,1,1.0
2024-08-28 22:00,0.0,0.0,1,1.0
2024-08-28 23:00,0.0,0.0,1,1.0
2024-08-29 00:00,0.0,0.0,1,1.0
2024-08-29 01:00,0.0,0.0,1,1.0
2024-08-29 02:00,0.0,0.0,1,1.0
2024-08-29 03:00,0.0,0.0,1,1.0
2024-08-29 04:00,0.0,0.0,1,1.0
2024-08-29 05:00,0.0,0.0,1,1.0
2024-08-29 06:00,0.0,0.0,1,1.0
2024-08-29 07:00,0.004,0.004,1,1.0
2024-08-29 08:00,0.0,0.0,1,1.0
2024-08-29 09:00,0.004,0.004,1,1.0
2024-08-29 10:00,0.022,0.022,1,1.0
2024-08-29 11:00,0.028,0.028,1,1.0
2024-08-29 12:00,0.015,0.015,1,1.0
2024-08-29 13:00,0.02,0.02,1,1.0
2024-08-29 14:00,1.745,1.745,1,1.0
2024-08-29 15:00,3.148,3.148,1,1.0
2024-08-29 16:00,0.275,0.275,1,1.0
2024-08-29 17:00,0.0,0.0,1,1.0
2024-08-29 18:00,0.0,0.0,1,1.0
2024-08-29 19:00,0.0,0.0,1,1.0
2024-08-29 20:00,0.0,0.0,1,1.0
2024-08-29 21:00,0.0,0.0,1,1.0
2024-08-29 22:00,0.0,0.0,1,1.0
2024-08-29 23:00,0.0,0.0,1,1.0
2024-08-30 00:00,0.0,0.0,1,1.0
2024-08-30 01:00,0.0,0.0,1,1.0
2024-08-30 02:00,0.0,0.0,1,1.0
2024-08-30 03:00,0.0,0.0,1,1.0
2024-08-30 04:00,0.0,0.0,1,1.0
2024-08-30 05:00,0.0,0.0,1,1.0
2024-08-30 06:00,0.0,0.0,1,1.0
2024-08-30 07:00,0.0,0.0,1,1.0
2024-08-30 08:00,0.0,0.0,1,1.0
2024-08-30 09:00,0.0,0.0,1,1.0
2024-08-30 10:00,0.001,0.001,1,1.0
2024-08-30 11:00,0.0,0.0,1,1.0
2024-08-30 12:00,0.001,0.001,1,1.0
2024-08-30 13:00,0.0,0.0,1,1.0
2024-08-30 14:00,0.0,0.0,1,1.0
2024-08-30 15:00,0.0,0.0,1,1.0
2024-08-30 16:00,0.004,0.004,1,1.0
2024-08-30 17:00,0.0,0.0,1,1.0
2024-08-30 18:00,0.0,0.0,1,1.0
2024-08-30 19:00,0.0,0.0,1,1.0
2024-08-30 20:00,0.0,0.0,1,1.0
2024-08-30 21:00,0.0,0.0,1,1.0
2024-08-30 22:00,0.0,0.0,1,1.0
2024-08-30 23:00,0.0,0.0,1,1.0
2024-08-31 00:00,0.0,0.0,1,1.0
2024-08-31 01:00,0.0,0.0,1,1.0
2024-08-31 02:00,0.0,0.0,1,1.0
2024-08-31 03:00,0.0,0.0,1,1.0
2024-08-31 04:00,0.0,0.0,1,1.0
2024-08-31 05:00,0.0,0.0,1,1.0
2024-08-31 06:00,0.0,0.0,1,1.0
2024-08-31 07:00,0.001,0.001,1,1.0
2024-08-31 08:00,0.001,0.001,1,1.0
2024-08-31 09:00,0.001,0.001,1,1.0
2024-08-31 10:00,0.016,0.016,1,1.0
2024-08-31 11:00,0.002,0.002,1,1.0
2024-08-31 12:00,0.0,0.0,1,1.0
2024-08-31 13:00,0.0,0.0,1,1.0
2024-08-31 14:00,0.0,0.0,1,1.0
2024-08-31 15:00,0.0,0.0,1,1.0
2024-08-31 16:00,0.0,0.0,1,1.0
2024-08-31 17:00,0.0,0.0,1,1.0
2024-08-31 18:00,0.0,0.0,1,1.0
2024-08-31 19:00,0.0,0.0,1,1.0
2024-08-31 20:00,0.0,0.0,1,1.0
2024-08-31 21:00,0.0,0.0,1,1.0
2024-08-31 22:00,0.0,0.0,1,1.0
2024-08-31 23:00,0.0,0.0,1,1.0
2024-09-01 00:00,0.0,0.0,1,1.0
2024-09-01 01:00,0.0,0.0,1,1.0
2024-09-01 02:00,0.0,0.0,1,1.0
2024-09-01 03:00,0.0,0.0,1,1.0
2024-09-01 04:00,0.0,0.0,1,1.0
2024-09-01 05:00,0.0,0.0,1,1.0
2024-09-01 06:00,0.0,0.0,1,1.0
2024-09-01 07:00,0.0,0.0,1,1.0
2024-09-01 08:00,0.0,0.0,1,1.0
2024-09-01 09:00,0.001,0.001,1,1.0
2024-09-01 10:00,0.0,0.0,1,1.0
2024-09-01 11:00,0.0,0.0,1,1.0
2024-09-01 12:00,0.0,0.0,1,1.0
2024-09-01 13:00,0.0,0.0,1,1.0
2024-09-01 14:00,0.0,0.0,1,1.0
2024-09-01 15:00,0.0,0.0,1,1.0
2024-09-01 16:00,0.0,0.0,1,1.0
2024-09-01 17:00,0.0,0.0,1,1.0
2024-09-01 18:00,0.0,0.0,1,1.0
2024-09-01 19:00,0.0,0.0,1,1.0
2024-09-01 20:00,0.0,0.0,1,1.0
2024-09-01 21:00,0.0,0.0,1,1.0
2024-09-01 22:00,0.0,0.0,1,1.0
2024-09-01 23:00,0.0,0.0,1,1.0
2024-09-02 00:00,0.0,0.0,1,1.0
2024-09-02 01:00,0.0,0.0,1,1.0
2024-09-02 02:00,0.0,0.0,1,1.0
2024-09-02 03:00,0.0,0.0,1,1.0
2024-09-02 04:00,0.0,0.0,1,1.0
2024-09-02 05:00,0.0,0.0,1,1.0
2024-09-02 06:00,0.0,0.0,1,1.0
2024-09-02 07:00,0.0,0.0,1,1.0
2024-09-02 08:00,0.001,0.001,1,1.0
2024-09-02 09:00,0.0,0.0,1,1.0
2024-09-02 10:00,0.009,0.009,1,1.0
2024-09-02 11:00,0.009,0.009,1,1.0
2024-09-02 12:00,0.025,0.025,1,1.0
2024-09-02 13:00,0.033,0.033,1,1.0
2024-09-02 14:00,0.034,0.034,1,1.0
2024-09-02 15:00,0.36,0.36,1,1.0
2024-09-02 16:00,0.0,0.0,1,1.0
2024-09-02 17:00,0.0,0.0,1,1.0
2024-09-02 18:00,0.0,0.0,1,1.0
2024-09-02 19:00,0.0,0.0,1,1.0
2024-09-02 20:00,0.0,0.0,1,1.0
2024-09-02 21:00,0.0,0.0,1,1.0
2024-09-02 22:00,0.0,0.0,1,1.0
2024-09-02 23:00,0.0,0.0,1,1.0
2024-09-03 00:00,0.0,0.0,1,1.0
2024-09-03 01:00,0.0,0.0,1,1.0
2024-09-03 02:00,0.0,0.0,1,1.0
2024-09-03 03:00,0.0,0.0,1,1.0
2024-09-03 04:00,0.085,0.085,1,1.0
2024-09-03 05:00,0.24,0.24,1,1.0
2024-09-03 06:00,0.101,0.101,1,1.0
2024-09-03 07:00,0.022,0.022,1,1.0
2024-09-03 08:00,0.258,0.258,1,1.0
2024-09-03 09:00,0.028,0.028,1,1.0
2024-09-03 10:00,0.157,0.157,1,1.0
2024-09-03 11:00,3.083,3.083,1,1.0
2024-09-03 12:00,2.3,2.3,1,1.0
2024-09-03 13:00,0.241,0.241,1,1.0
2024-09-03 14:00,2.904,2.904,1,1.0
2024-09-03 15:00,0.498,0.498,1,1.0
2024-09-03 16:00,0.02,0.02,1,1.0
2024-09-03 17:00,0.0,0.0,1,1.0
2024-09-03 18:00,0.0,0.0,1,1.0
2024-09-03 19:00,0.0,0.0,1,1.0
2024-09-03 20:00,0.0,0.0,1,1.0
2024-09-03 21:00,0.0,0.0,1,1.0
2024-09-03 22:00,0.0,0.0,1,1.0
2024-09-03 23:00,0.0,0.0,1,1.0
2024-09-04 00:00,0.0,0.0,1,1.0
2024-09-04 01:00,0.0,0.0,1,1.0
2024-09-04 02:00,0.0,0.0,1,1.0
2024-09-04 03:00,0.0,0.0,1,1.0
2024-09-04 04:00,0.0,0.0,1,1.0
2024-09-04 05:00,0.0,0.0,1,1.0
2024-09-04 06:00,0.0,0.0,1,1.0
2024-09-04 07:00,0.0,0.0,1,1.0
2024-09-04 08:00,0.0,0.0,1,1.0
2024-09-04 09:00,0.0,0.0,1,1.0
2024-09-04 10:00,0.0,0.0,1,1.0
2024-09-04 11:00,0.011,0.011,1,1.0
2024-09-04 12:00,0.006,0.006,1,1.0
2024-09-04 13:00,0.004,0.004,1,1.0
2024-09-04 14:00,0.392,0.392,1,1.0
2024-09-04 15:00,0.0,0.0,1,1.0
2024-09-04 16:00,0.0,0.0,1,1.0
2024-09-04 17:00,0.0,0.0,1,1.0
2024-09-04 18:00,0.0,0.0,1,1.0
2024-09-04 19:00,0.0,0.0,1,1.0
2024-09-04 20:00,0.0,0.0,1,1.0
2024-09-04 21:00,0.0,0.0,1,1.0
2024-09-04 22:00,0.0,0.0,1,1.0
2024-09-04 23:00,0.0,0.0,1,1.0
2024-09-05 00:00,0.0,0.0,1,1.0
2024-09-05 01:00,0.0,0.0,1,1.0
2024-09-05 02:00,0.0,0.0,1,1.0
2024-09-05 03:00,0.0,0.0,1,1.0
2024-09-05 04:00,0.0,0.0,1,1.0
2024-09-05 05:00,0.0,0.0,1,1.0
2024-09-05 06:00,0.0,0.0,1,1.0
2024-09-05 07:00,0.029,0.029,1,1.0
2024-09-05 08:00,0.0,0.0,1,1.0
2024-09-05 09:00,0.0,0.0,1,1.0
2024-09-05 10:00,0.01,0.01,1,1.0
2024-09-05 11:00,0.027,0.027,1,1.0
2024-09-05 12:00,0.165,0.165,1,1.0
2024-09-05 13:00,2.292,2.292,1,1.0
2024-09-05 14:00,0.314,0.314,1,1.0
2024-09-05 15:00,0.346,0.346,1,1.0
2024-09-05 16:00,3.135,3.135,1,1.0
2024-09-05 17:00,1.553,1.553,1,1.0
2024-09-05 18:00,0.004,0.004,1,1.0
2024-09-05 19:00,0.031,0.031,1,1.0
2024-09-05 20:00,0.002,0.002,1,1.0
2024-09-05 21:00,0.079,0.079,1,1.0
2024-09-05 22:00,0.258,0.258,1,1.0
2024-09-05 23:00,0.42,0.42,1,1.0
2024-09-06 00:00,0.189,0.189,1,1.0
2024-09-06 01:00,0.15,0.15,1,1.0
2024-09-06 02:00,0.161,0.161,1,1.0
2024-09-06 03:00,0.158,0.158,1,1.0
2024-09-06 04:00,0.178,0.178,1,1.0
2024-09-06 05:00,0.222,0.222,1,1.0
2024-09-06 06:00,0.238,0.238,1,1.0
2024-09-06 07:00,0.353,0.353,1,1.0
2024-09-06 08:00,0.253,0.253,1,1.0
2024-09-06 09:00,0.27,0.27,1,1.0
2024-09-06 10:00,0.073,0.073,1,1.0
2024-09-06 11:00,0.0,0.0,1,1.0
2024-09-06 12:00,0.001,0.001,1,1.0
2024-09-06 13:00,0.0,0.0,1,1.0
2024-09-06 14:00,0.0,0.0,1,1.0
2024-09-06 15:00,0.0,0.0,1,1.0
2024-09-06 16:00,0.0,0.0,1,1.0
2024-09-06 17:00,0.0,0.0,1,1.0
2024-09-06 18:00,0.0,0.0,1,1.0
2024-09-06 19:00,0.0,0.0,1,1.0
2024-09-06 20:00,0.0,0.0,1,1.0
2024-09-06 21:00,0.0,0.0,1,1.0
2024-09-06 22:00,0.0,0.0,1,1.0
2024-09-06 23:00,0.0,0.0,1,1.0
2024-09-07 00:00,0.0,0.0,1,1.0
2024-09-07 01:00,0.0,0.0,1,1.0
2024-09-07 02:00,0.0,0.0,1,1.0
2024-09-07 03:00,0.0,0.0,1,1.0
2024-09-07 04:00,0.0,0.0,1,1.0
2024-09-07 05:00,0.0,0.0,1,1.0
2024-09-07 06:00,0.0,0.0,1,1.0
2024-09-07 07:00,0.0,0.0,1,1.0
2024-09-07 08:00,0.0,0.0,1,1.0
2024-09-07 09:00,0.0,0.0,1,1.0
2024-09-07 10:00,0.0,0.0,1,1.0
2024-09-07 11:00,0.0,0.0,1,1.0
2024-09-07 12:00,0.0,0.0,1,1.0
2024-09-07 13:00,0.0,0.0,1,1.0
2024-09-07 14:00,0.0,0.0,1,1.0
2024-09-07 15:00,0.0,0.0,1,1.0
2024-09-07 16:00,0.0,0.0,1,1.0
2024-09-07 17:00,0.0,0.0,1,1.0
2024-09-07 18:00,0.0,0.0,1,1.0
2024-09-07 19:00,0.0,0.0,1,1.0
2024-09-07 20:00,0.0,0.0,1,1.0
2024-09-07 21:00,0.0,0.0,1,1.0
2024-09-07 22:00,0.0,0.0,1,1.0
2024-09-07 23:00,0.0,0.0,1,1.0
2024-09-08 00:00,0.001,0.001,1,1.0
2024-09-08 01:00,0.0,0.0,1,1.0
2024-09-08 02:00,0.0,0.0,1,1.0
2024-09-08 03:00,0.0,0.0,1,1.0
2024-09-08 04:00,0.0,0.0,1,1.0
2024-09-08 05:00,0.0,0.0,1,1.0
2024-09-08 06:00,0.0,0.0,1,1.0
2024-09-08 07:00,0.0,0.0,1,1.0
2024-09-08 08:00,0.001,0.001,1,1.0
2024-09-08 09:00,0.0,0.0,1,1.0
2024-09-08 10:00,0.0,0.0,1,1.0
2024-09-08 11:00,0.0,0.0,1,1.0
2024-09-08 12:00,0.0,0.0,1,1.0
2024-09-08 13:00,0.0,0.0,1,1.0
2024-09-08 14:00,0.0,0.0,1,1.0
2024-09-08 15:00,0.0,0.0,1,1.0
2024-09-08 16:00,0.0,0.0,1,1.0
2024-09-08 17:00,0.0,0.0,1,1.0
2024-09-08 18:00,0.0,0.0,1,1.0
2024-09-08 19:00,0.0,0.0,1,1.0
2024-09-08 20:00,0.0,0.0,1,1.0
2024-09-08 21:00,0.0,0.0,1,1.0
2024-09-08 22:00,0.0,0.0,1,1.0
2024-09-08 23:00,0.0,0.0,1,1.0
2024-09-09 00:00,0.0,0.0,1,1.0
2024-09-09 01:00,0.0,0.0,1,1.0
2024-09-09 02:00,0.021,0.021,1,1.0
2024-09-09 03:00,0.46,0.46,1,1.0
2024-09-09 04:00,0.297,0.297,1,1.0
2024-09-09 05:00,1.082,1.082,1,1.0
2024-09-09 06:00,4.371,4.371,1,1.0
2024-09-09 07:00,10.132,10.132,1,1.0
2024-09-09 08:00,8.863,8.863,1,1.0
2024-09-09 09:00,3.704,3.704,1,1.0
2024-09-09 10:00,4.863,4.863,1,1.0
2024-09-09 11:00,4.798,4.798,1,1.0
2024-09-09 12:00,1.594,1.594,1,1.0
2024-09-09 13:00,0.642,0.642,1,1.0
2024-09-09 14:00,0.664,0.664,1,1.0
2024-09-09 15:00,0.32,0.32,1,1.0
2024-09-09 16:00,0.07,0.07,1,1.0
2024-09-09 17:00,0.019,0.019,1,1.0
2024-09-09 18:00,0.018,0.018,1,1.0
2024-09-09 19:00,0.133,0.133,1,1.0
2024-09-09 20:00,0.11,0.11,1,1.0
2024-09-09 21:00,0.114,0.114,1,1.0
2024-09-09 22:00,0.072,0.072,1,1.0
2024-09-09 23:00,0.017,0.017,1,1.0
2024-09-10 00:00,0.002,0.002,1,1.0
2024-09-10 01:00,0.0,0.0,1,1.0
2024-09-10 02:00,0.0,0.0,1,1.0
2024-09-10 03:00,0.002,0.002,1,1.0
2024-09-10 04:00,0.013,0.013,1,1.0
2024-09-10 05:00,0.001,0.001,1,1.0
2024-09-10 06:00,0.0,0.0,1,1.0
2024-09-10 07:00,0.063,0.063,1,1.0
2024-09-10 08:00,0.0,0.0,1,1.0
2024-09-10 09:00,0.0,0.0,1,1.0
2024-09-10 10:00,0.072,0.072,1,1.0
2024-09-10 11:00,0.046,0.046,1,1.0
2024-09-10 12:00,0.006,0.006,1,1.0
2024-09-10 13:00,0.001,0.001,1,1.0
2024-09-10 14:00,0.0,0.0,1,1.0
2024-09-10 15:00,0.0,0.0,1,1.0
2024-09-10 16:00,0.0,0.0,1,1.0
2024-09-10 17:00,0.0,0.0,1,1.0
2024-09-10 18:00,0.0,0.0,1,1.0
2024-09-10 19:00,0.0,0.0,1,1.0
2024-09-10 20:00,0.0,0.0,1,1.0
2024-09-10 21:00,0.0,0.0,1,1.0
2024-09-10 22:00,0.0,0.0,1,1.0
2024-09-10 23:00,0.0,0.0,1,1.0
2024-09-11 00:00,0.0,0.0,1,1.0
2024-09-11 01:00,0.0,0.0,1,1.0
2024-09-11 02:00,0.0,0.0,1,1.0
2024-09-11 03:00,0.0,0.0,1,1.0
2024-09-11 04:00,0.0,0.0,1,1.0
2024-09-11 05:00,0.0,0.0,1,1.0
2024-09-11 06:00,0.0,0.0,1,1.0
2024-09-11 07:00,0.0,0.0,1,1.0
2024-09-11 08:00,0.0,0.0,1,1.0
2024-09-11 09:00,0.0,0.0,1,1.0
2024-09-11 10:00,0.0,0.0,1,1.0
2024-09-11 11:00,0.0,0.0,1,1.0
2024-09-11 12:00,0.0,0.0,1,1.0
2024-09-11 13:00,0.001,0.001,1,1.0
2024-09-11 14:00,0.0,0.0,1,1.0
2024-09-11 15:00,0.0,0.0,1,1.0
2024-09-11 16:00,0.0,0.0,1,1.0
2024-09-11 17:00,0.0,0.0,1,1.0
2024-09-11 18:00,0.0,0.0,1,1.0
2024-09-11 19:00,0.0,0.0,1,1.0
2024-09-11 20:00,0.001,0.001,1,1.0
2024-09-11 21:00,0.001,0.001,1,1.0
2024-09-11 22:00,0.003,0.003,1,1.0
2024-09-11 23:00,0.008,0.008,1,1.0
2024-09-12 00:00,0.101,0.101,1,1.0
2024-09-12 01:00,0.123,0.123,1,1.0
2024-09-12 02:00,0.151,0.151,1,1.0
2024-09-12 03:00,0.286,0.286,1,1.0
2024-09-12 04:00,0.233,0.233,1,1.0
2024-09-12 05:00,0.357,0.357,1,1.0
2024-09-12 06:00,0.346,0.346,1,1.0
2024-09-12 07:00,0.504,0.504,1,1.0
2024-09-12 08:00,0.362,0.362,1,1.0
2024-09-12 09:00,0.199,0.199,1,1.0
2024-09-12 10:00,0.275,0.275,1,1.0
2024-09-12 11:00,0.23,0.23,1,1.0
2024-09-12 12:00,0.412,0.412,1,1.0
2024-09-12 13:00,0.255,0.255,1,1.0
2024-09-12 14:00,0.194,0.194,1,1.0
2024-09-12 15:00,0.907,0.907,1,1.0
2024-09-12 16:00,0.393,0.393,1,1.0
2024-09-12 17:00,1.071,1.071,1,1.0
2024-09-12 18:00,0.331,0.331,1,1.0
2024-09-12 19:00,1.36,1.36,1,1.0
2024-09-12 20:00,1.838,1.838,1,1.0
2024-09-12 21:00,3.227,3.227,1,1.0
2024-09-12 22:00,5.396,5.396,1,1.0
2024-09-12 23:00,2.121,2.121,1,1.0
2024-09-13 00:00,0.622,0.622,1,1.0
2024-09-13 01:00,0.163,0.163,1,1.0
2024-09-13 02:00,0.151,0.151,1,1.0
2024-09-13 03:00,0.153,0.153,1,1.0
2024-09-13 04:00,0.146,0.146,1,1.0
2024-09-13 05:00,0.122,0.122,1,1.0
2024-09-13 06:00,0.105,0.105,1,1.0
2024-09-13 07:00,0.173,0.173,1,1.0
2024-09-13 08:00,0.197,0.197,1,1.0
2024-09-13 09:00,0.451,0.451,1,1.0
2024-09-13 10:00,0.428,0.428,1,1.0
2024-09-13 11:00,0.256,0.256,1,1.0
2024-09-13 12:00,0.364,0.364,1,1.0
2024-09-13 13:00,0.86,0.86,1,1.0
2024-09-13 14:00,0.345,0.345,1,1.0
2024-09-13 15:00,0.379,0.379,1,1.0
2024-09-13 16:00,0.351,0.351,1,1.0
2024-09-13 17:00,0.196,0.196,1,1.0
2024-09-13 18:00,0.123,0.123,1,1.0
2024-09-13 19:00,0.299,0.299,1,1.0
2024-09-13 20:00,0.061,0.061,1,1.0
2024-09-13 21:00,0.072,0.072,1,1.0
2024-09-13 22:00,0.155,0.155,1,1.0
2024-09-13 23:00,0.097,0.097,1,1.0
2024-09-14 00:00,0.087,0.087,1,1.0
2024-09-14 01:00,0.029,0.029,1,1.0
2024-09-14 02:00,0.012,0.012,1,1.0
2024-09-14 03:00,0.0,0.0,1,1.0
2024-09-14 04:00,0.0,0.0,1,1.0
2024-09-14 05:00,0.0,0.0,1,1.0
2024-09-14 06:00,0.0,0.0,1,1.0
2024-09-14 07:00,0.006,0.006,1,1.0
2024-09-14 08:00,0.0,0.0,1,1.0
2024-09-14 09:00,0.001,0.001,1,1.0
2024-09-14 10:00,0.005,0.005,1,1.0
2024-09-14 11:00,0.0,0.0,1,1.0
2024-09-14 12:00,0.001,0.001,1,1.0
2024-09-14 13:00,0.012,0.012,1,1.0
2024-09-14 14:00,0.015,0.015,1,1.0
2024-09-14 15:00,0.008,0.008,1,1.0
2024-09-14 16:00,0.0,0.0,1,1.0
2024-09-14 17:00,0.0,0.0,1,1.0
2024-09-14 18:00,0.0,0.0,1,1.0
2024-09-14 19:00,0.0,0.0,1,1.0
2024-09-14 20:00,0.0,0.0,1,1.0
2024-09-14 21:00,0.0,0.0,1,1.0
2024-09-14 22:00,0.0,0.0,1,1.0
2024-09-14 23:00,0.0,0.0,1,1.0
2024-09-15 00:00,0.0,0.0,1,1.0
2024-09-15 01:00,0.0,0.0,1,1.0
2024-09-15 02:00,0.0,0.0,1,1.0
2024-09-15 03:00,0.0,0.0,1,1.0
2024-09-15 04:00,0.0,0.0,1,1.0
2024-09-15 05:00,0.0,0.0,1,1.0
2024-09-15 06:00,0.0,0.0,1,1.0
2024-09-15 07:00,0.0,0.0,1,1.0
2024-09-15 08:00,0.0,0.0,1,1.0
2024-09-15 09:00,0.0,0.0,1,1.0
2024-09-15 10:00,0.0,0.0,1,1.0
2024-09-15 11:00,0.0,0.0,1,1.0
2024-09-15 12:00,0.001,0.001,1,1.0
2024-09-15 13:00,0.0,0.0,1,1.0
2024-09-15 14:00,0.0,0.0,1,1.0
2024-09-15 15:00,0.0,0.0,1,1.0
2024-09-15 16:00,0.0,0.0,1,1.0
2024-09-15 17:00,0.001,0.001,1,1.0
2024-09-15 18:00,0.0,0.0,1,1.0
2024-09-15 19:00,0.0,0.0,1,1.0
2024-09-15 20:00,0.0,0.0,1,1.0
2024-09-15 21:00,0.0,0.0,1,1.0
2024-09-15 22:00,0.0,0.0,1,1.0
2024-09-15 23:00,0.001,0.001,1,1.0
2024-09-16 00:00,0.0,0.0,1,1.0
2024-09-16 01:00,0.0,0.0,1,1.0
2024-09-16 02:00,0.0,0.0,1,1.0
2024-09-16 03:00,0.032,0.032,1,1.0
2024-09-16 04:00,0.011,0.011,1,1.0
2024-09-16 05:00,0.027,0.027,1,1.0
2024-09-16 06:00,0.004,0.004,1,1.0
2024-09-16 07:00,0.018,0.018,1,1.0
2024-09-16 08:00,0.008,0.008,1,1.0
2024-09-16 09:00,0.013,0.013,1,1.0
2024-09-16 10:00,0.069,0.069,1,1.0
2024-09-16 11:00,0.088,0.088,1,1.0
2024-09-16 12:00,0.246,0.246,1,1.0
2024-09-16 13:00,0.179,0.179,1,1.0
2024-09-16 14:00,0.33,0.33,1,1.0
2024-09-16 15:00,0.403,0.403,1,1.0
2024-09-16 16:00,0.15,0.15,1,1.0
2024-09-16 17:00,0.228,0.228,1,1.0
2024-09-16 18:00,0.241,0.241,1,1.0
2024-09-16 19:00,1.201,1.201,1,1.0
2024-09-16 20:00,0.464,0.464,1,1.0
2024-09-16 21:00,0.081,0.081,1,1.0
2024-09-16 22:00,0.106,0.106,1,1.0
2024-09-16 23:00,0.394,0.394,1,1.0
2024-09-17 00:00,0.271,0.271,1,1.0
2024-09-17 01:00,0.1,0.1,1,1.0
2024-09-17 02:00,0.013,0.013,1,1.0
2024-09-17 03:00,0.079,0.079,1,1.0
2024-09-17 04:00,0.322,0.322,1,1.0
2024-09-17 05:00,0.808,0.808,1,1.0
2024-09-17 06:00,1.384,1.384,1,1.0
2024-09-17 07:00,0.139,0.139,1,1.0
2024-09-17 08:00,0.329,0.329,1,1.0
2024-09-17 09:00,0.435,0.435,1,1.0
2024-09-17 10:00,0.254,0.254,1,1.0
2024-09-17 11:00,0.313,0.313,1,1.0
2024-09-17 12:00,0.313,0.313,1,1.0
2024-09-17 13:00,1.757,1.757,1,1.0
2024-09-17 14:00,0.22,0.22,1,1.0
2024-09-17 15:00,0.296,0.296,1,1.0
2024-09-17 16:00,2.433,2.433,1,1.0
2024-09-17 17:00,0.589,0.589,1,1.0
2024-09-17 18:00,0.296,0.296,1,1.0
2024-09-17 19:00,0.095,0.095,1,1.0
2024-09-17 20:00,0.156,0.156,1,1.0
2024-09-17 21:00,0.342,0.342,1,1.0
2024-09-17 22:00,0.283,0.283,1,1.0
2024-09-17 23:00,0.12,0.12,1,1.0
2024-09-18 00:00,0.139,0.139,1,1.0
2024-09-18 01:00,0.054,0.054,1,1.0
2024-09-18 02:00,0.056,0.056,1,1.0
2024-09-18 03:00,0.048,0.048,1,1.0
2024-09-18 04:00,0.01,0.01,1,1.0
2024-09-18 05:00,0.039,0.039,1,1.0
2024-09-18 06:00,0.034,0.034,1,1.0
2024-09-18 07:00,0.089,0.089,1,1.0
2024-09-18 08:00,0.133,0.133,1,1.0
2024-09-18 09:00,0.152,0.152,1,1.0
2024-09-18 10:00,0.154,0.154,1,1.0
2024-09-18 11:00,0.284,0.284,1,1.0
2024-09-18 12:00,3.197,3.197,1,1.0
2024-09-18 13:00,2.084,2.084,1,1.0
2024-09-18 14:00,0.142,0.142,1,1.0
2024-09-18 15:00,0.109,0.109,1,1.0
2024-09-18 16:00,0.22,0.22,1,1.0
2024-09-18 17:00,1.18,1.18,1,1.0
2024-09-18 18:00,0.113,0.113,1,1.0
2024-09-18 19:00,0.153,0.153,1,1.0
2024-09-18 20:00,0.021,0.021,1,1.0
2024-09-18 21:00,0.004,0.004,1,1.0
2024-09-18 22:00,0.027,0.027,1,1.0
2024-09-18 23:00,0.046,0.046,1,1.0
2024-09-19 00:00,0.49,0.49,1,1.0
2024-09-19 01:00,1.095,1.095,1,1.0
2024-09-19 02:00,1.18,1.18,1,1.0
2024-09-19 03:00,1.553,1.553,1,1.0
2024-09-19 04:00,0.573,0.573,1,1.0
2024-09-19 05:00,0.115,0.115,1,1.0
2024-09-19 06:00,0.145,0.145,1,1.0
2024-09-19 07:00,0.631,0.631,1,1.0
2024-09-19 08:00,0.512,0.512,1,1.0
2024-09-19 09:00,0.385,0.385,1,1.0
2024-09-19 10:00,0.461,0.461,1,1.0
2024-09-19 11:00,0.578,0.578,1,1.0
2024-09-19 12:00,0.916,0.916,1,1.0
2024-09-19 13:00,0.309,0.309,1,1.0
2024-09-19 14:00,0.39,0.39,1,1.0
2024-09-19 15:00,0.43,0.43,1,1.0
2024-09-19 16:00,0.329,0.329,1,1.0
2024-09-19 17:00,0.009,0.009,1,1.0
2024-09-19 18:00,0.136,0.136,1,1.0
2024-09-19 19:00,0.785,0.785,1,1.0
2024-09-19 20:00,0.884,0.884,1,1.0
2024-09-19 21:00,1.355,1.355,1,1.0
2024-09-19 22:00,0.172,0.172,1,1.0
2024-09-19 23:00,0.089,0.089,1,1.0
2024-09-20 00:00,0.003,0.003,1,1.0
2024-09-20 01:00,0.008,0.008,1,1.0
2024-09-20 02:00,0.008,0.008,1,1.0
2024-09-20 03:00,0.001,0.001,1,1.0
2024-09-20 04:00,0.001,0.001,1,1.0
2024-09-20 05:00,0.001,0.001,1,1.0
2024-09-20 06:00,0.001,0.001,1,1.0
2024-09-20 07:00,0.0,0.0,1,1.0
2024-09-20 08:00,0.0,0.0,1,1.0
2024-09-20 09:00,0.019,0.019,1,1.0
2024-09-20 10:00,0.071,0.071,1,1.0
2024-09-20 11:00,0.069,0.069,1,1.0
2024-09-20 12:00,0.012,0.012,1,1.0
2024-09-20 13:00,0.007,0.007,1,1.0
2024-09-20 14:00,0.0,0.0,1,1.0
2024-09-20 15:00,0.0,0.0,1,1.0
2024-09-20 16:00,0.0,0.0,1,1.0
2024-09-20 17:00,0.0,0.0,1,1.0
2024-09-20 18:00,0.066,0.066,1,1.0
2024-09-20 19:00,0.0,0.0,1,1.0
2024-09-20 20:00,0.0,0.0,1,1.0
2024-09-20 21:00,0.0,0.0,1,1.0
2024-09-20 22:00,0.0,0.0,1,1.0
2024-09-20 23:00,0.0,0.0,1,1.0
2024-09-21 00:00,0.0,0.0,1,1.0
2024-09-21 01:00,0.0,0.0,1,1.0
2024-09-21 02:00,0.0,0.0,1,1.0
2024-09-21 03:00,0.0,0.0,1,1.0
2024-09-21 04:00,0.0,0.0,1,1.0
2024-09-21 05:00,0.001,0.001,1,1.0
2024-09-21 06:00,0.001,0.001,1,1.0
2024-09-21 07:00,0.001,0.001,1,1.0
2024-09-21 08:00,0.0,0.0,1,1.0
2024-09-21 09:00,0.0,0.0,1,1.0
2024-09-21 10:00,0.0,0.0,1,1.0
2024-09-21 11:00,0.0,0.0,1,1.0
2024-09-21 12:00,0.0,0.0,1,1.0
2024-09-21 13:00,0.0,0.0,1,1.0
2024-09-21 14:00,0.007,0.007,1,1.0
2024-09-21 15:00,0.0,0.0,1,1.0
2024-09-21 16:00,0.0,0.0,1,1.0
2024-09-21 17:00,0.0,0.0,1,1.0
2024-09-21 18:00,0.0,0.0,1,1.0
2024-09-21 19:00,0.0,0.0,1,1.0
2024-09-21 20:00,0.001,0.001,1,1.0
2024-09-21 21:00,0.0,0.0,1,1.0
2024-09-21 22:00,0.0,0.0,1,1.0
2024-09-21 23:00,0.0,0.0,1,1.0
2024-09-22 00:00,0.0,0.0,1,1.0
2024-09-22 01:00,0.0,0.0,1,1.0
2024-09-22 02:00,0.0,0.0,1,1.0
2024-09-22 03:00,0.0,0.0,1,1.0
2024-09-22 04:00,0.0,0.0,1,1.0
2024-09-22 05:00,0.0,0.0,1,1.0
2024-09-22 06:00,0.0,0.0,1,1.0
2024-09-22 07:00,0.0,0.0,1,1.0
2024-09-22 08:00,0.0,0.0,1,1.0
2024-09-22 09:00,0.0,0.0,1,1.0
2024-09-22 10:00,0.0,0.0,1,1.0
2024-09-22 11:00,0.005,0.005,1,1.0
2024-09-22 12:00,0.0,0.0,1,1.0
2024-09-22 13:00,0.0,0.0,1,1.0
2024-09-22 14:00,0.0,0.0,1,1.0
2024-09-22 15:00,0.0,0.0,1,1.0
2024-09-22 16:00,0.0,0.0,1,1.0
2024-09-22 17:00,0.017,0.017,1,1.0
2024-09-22 18:00,0.0,0.0,1,1.0
2024-09-22 19:00,0.0,0.0,1,1.0
2024-09-22 20:00,0.0,0.0,1,1.0
2024-09-22 21:00,0.001,0.001,1,1.0
2024-09-22 22:00,0.01,0.01,1,1.0
2024-09-22 23:00,0.023,0.023,1,1.0
2024-09-23 00:00,0.046,0.046,1,1.0
2024-09-23 01:00,0.254,0.254,1,1.0
2024-09-23 02:00,1.576,1.576,1,1.0
2024-09-23 03:00,0.841,0.841,1,1.0
2024-09-23 04:00,0.201,0.201,1,1.0
2024-09-23 05:00,0.118,0.118,1,1.0
2024-09-23 06:00,0.192,0.192,1,1.0
2024-09-23 07:00,0.074,0.074,1,1.0
2024-09-23 08:00,0.003,0.003,1,1.0
2024-09-23 09:00,0.025,0.025,1,1.0
2024-09-23 10:00,0.129,0.129,1,1.0
2024-09-23 11:00,0.005,0.005,1,1.0
2024-09-23 12:00,0.01,0.01,1,1.0
2024-09-23 13:00,0.019,0.019,1,1.0
2024-09-23 14:00,0.002,0.002,1,1.0
2024-09-23 15:00,0.047,0.047,1,1.0
2024-09-23 16:00,0.075,0.075,1,1.0
2024-09-23 17:00,0.024,0.024,1,1.0
2024-09-23 18:00,0.045,0.045,1,1.0
2024-09-23 19:00,0.001,0.001,1,1.0
2024-09-23 20:00,0.0,0.0,1,1.0
2024-09-23 21:00,0.0,0.0,1,1.0
2024-09-23 22:00,0.098,0.098,1,1.0
2024-09-23 23:00,2.32,2.32,1,1.0
2024-09-24 00:00,3.475,3.475,1,1.0
2024-09-24 01:00,3.906,3.906,1,1.0
2024-09-24 02:00,3.009,3.009,1,1.0
2024-09-24 03:00,2.769,2.769,1,1.0
2024-09-24 04:00,2.224,2.224,1,1.0
2024-09-24 05:00,1.301,1.301,1,1.0
2024-09-24 06:00,0.469,0.469,1,1.0
2024-09-24 07:00,0.251,0.251,1,1.0
2024-09-24 08:00,0.423,0.423,1,1.0
2024-09-24 09:00,0.706,0.706,1,1.0
2024-09-24 10:00,0.201,0.201,1,1.0
2024-09-24 11:00,0.17,0.17,1,1.0
2024-09-24 12:00,0.157,0.157,1,1.0
2024-09-24 13:00,0.151,0.151,1,1.0
2024-09-24 14:00,0.14,0.14,1,1.0
2024-09-24 15:00,0.404,0.404,1,1.0
2024-09-24 16:00,0.351,0.351,1,1.0
2024-09-24 17:00,0.194,0.194,1,1.0
2024-09-24 18:00,0.005,0.005,1,1.0
2024-09-24 19:00,0.002,0.002,1,1.0
2024-09-24 20:00,0.0,0.0,1,1.0
2024-09-24 21:00,0.0,0.0,1,1.0
2024-09-24 22:00,0.0,0.0,1,1.0
2024-09-24 23:00,0.0,0.0,1,1.0
2024-09-25 00:00,0.0,0.0,1,1.0
2024-09-25 01:00,0.018,0.018,1,1.0
2024-09-25 02:00,0.211,0.211,1,1.0
2024-09-25 03:00,0.262,0.262,1,1.0
2024-09-25 04:00,0.288,0.288,1,1.0
2024-09-25 05:00,0.18,0.18,1,1.0
2024-09-25 06:00,0.358,0.358,1,1.0
2024-09-25 07:00,0.259,0.259,1,1.0
2024-09-25 08:00,0.06,0.06,1,1.0
2024-09-25 09:00,0.003,0.003,1,1.0
2024-09-25 10:00,0.197,0.197,1,1.0
2024-09-25 11:00,0.382,0.382,1,1.0
2024-09-25 12:00,0.488,0.488,1,1.0
2024-09-25 13:00,0.235,0.235,1,1.0
2024-09-25 14:00,1.125,1.125,1,1.0
2024-09-25 15:00,0.874,0.874,1,1.0
2024-09-25 16:00,1.354,1.354,1,1.0
2024-09-25 17:00,0.409,0.409,1,1.0
2024-09-25 18:00,0.52,0.52,1,1.0
2024-09-25 19:00,0.167,0.167,1,1.0
2024-09-25 20:00,0.041,0.041,1,1.0
2024-09-25 21:00,0.03,0.03,1,1.0
2024-09-25 22:00,0.019,0.019,1,1.0
2024-09-25 23:00,0.004,0.004,1,1.0
2024-09-26 00:00,0.012,0.012,1,1.0
2024-09-26 01:00,0.014,0.014,1,1.0
2024-09-26 02:00,0.033,0.033,1,1.0
2024-09-26 03:00,0.037,0.037,1,1.0
2024-09-26 04:00,0.043,0.043,1,1.0
2024-09-26 05:00,0.037,0.037,1,1.0
2024-09-26 06:00,0.074,0.074,1,1.0
2024-09-26 07:00,0.024,0.024,1,1.0
2024-09-26 08:00,0.095,0.095,1,1.0
2024-09-26 09:00,0.059,0.059,1,1.0
2024-09-26 10:00,0.048,0.048,1,1.0
2024-09-26 11:00,0.024,0.024,1,1.0
2024-09-26 12:00,0.041,0.041,1,1.0
2024-09-26 13:00,0.031,0.031,1,1.0
2024-09-26 14:00,0.021,0.021,1,1.0
2024-09-26 15:00,0.005,0.005,1,1.0
2024-09-26 16:00,0.011,0.011,1,1.0
2024-09-26 17:00,0.017,0.017,1,1.0
2024-09-26 18:00,0.046,0.046,1,1.0
2024-09-26 19:00,0.019,0.019,1,1.0
2024-09-26 20:00,0.022,0.022,1,1.0
2024-09-26 21:00,0.014,0.014,1,1.0
2024-09-26 22:00,0.008,0.008,1,1.0
2024-09-26 23:00,0.009,0.009,1,1.0
2024-09-27 00:00,0.006,0.006,1,1.0
2024-09-27 01:00,0.006,0.006,1,1.0
2024-09-27 02:00,0.007,0.007,1,1.0
2024-09-27 03:00,0.002,0.002,1,1.0
2024-09-27 04:00,0.003,0.003,1,1.0
2024-09-27 05:00,0.007,0.007,1,1.0
2024-09-27 06:00,0.004,0.004,1,1.0
2024-09-27 07:00,0.0,0.0,1,1.0
2024-09-27 08:00,0.001,0.001,1,1.0
2024-09-27 09:00,0.001,0.001,1,1.0
2024-09-27 10:00,0.0,0.0,1,1.0
2024-09-27 11:00,0.004,0.004,1,1.0
2024-09-27 12:00,0.011,0.011,1,1.0
2024-09-27 13:00,0.005,0.005,1,1.0
2024-09-27 14:00,0.006,0.006,1,1.0
2024-09-27 15:00,0.012,0.012,1,1.0
2024-09-27 16:00,0.009,0.009,1,1.0
2024-09-27 17:00,0.007,0.007,1,1.0
2024-09-27 18:00,0.006,0.006,1,1.0
2024-09-27 19:00,0.001,0.001,1,1.0
2024-09-27 20:00,0.0,0.0,1,1.0
2024-09-27 21:00,0.0,0.0,1,1.0
2024-09-27 22:00,0.001,0.001,1,1.0
2024-09-27 23:00,0.002,0.002,1,1.0
2024-09-28 00:00,0.001,0.001,1,1.0
2024-09-28 01:00,0.001,0.001,1,1.0
2024-09-28 02:00,0.002,0.002,1,1.0
2024-09-28 03:00,0.002,0.002,1,1.0
2024-09-28 04:00,0.003,0.003,1,1.0
2024-09-28 05:00,0.005,0.005,1,1.0
2024-09-28 06:00,0.008,0.008,1,1.0
2024-09-28 07:00,0.026,0.026,1,1.0
2024-09-28 08:00,0.061,0.061,1,1.0
2024-09-28 09:00,0.341,0.341,1,1.0
2024-09-28 10:00,1.647,1.647,1,1.0
2024-09-28 11:00,1.78,1.78,1,1.0
2024-09-28 12:00,1.627,1.627,1,1.0
2024-09-28 13:00,2.145,2.145,1,1.0
2024-09-28 14:00,0.887,0.887,1,1.0
2024-09-28 15:00,0.027,0.027,1,1.0
2024-09-28 16:00,0.001,0.001,1,1.0
2024-09-28 17:00,0.0,0.0,1,1.0
2024-09-28 18:00,0.0,0.0,1,1.0
2024-09-28 19:00,0.001,0.001,1,1.0
2024-09-28 20:00,0.009,0.009,1,1.0
2024-09-28 21:00,0.014,0.014,1,1.0
2024-09-28 22:00,0.029,0.029,1,1.0
2024-09-28 23:00,0.027,0.027,1,1.0
2024-09-29 00:00,0.056,0.056,1,1.0
2024-09-29 01:00,0.021,0.021,1,1.0
2024-09-29 02:00,0.008,0.008,1,1.0
2024-09-29 03:00,0.001,0.001,1,1.0
2024-09-29 04:00,0.001,0.001,1,1.0
2024-09-29 05:00,0.0,0.0,1,1.0
2024-09-29 06:00,0.001,0.001,1,1.0
2024-09-29 07:00,0.0,0.0,1,1.0
2024-09-29 08:00,0.0,0.0,1,1.0
2024-09-29 09:00,0.0,0.0,1,1.0
2024-09-29 10:00,0.0,0.0,1,1.0
2024-09-29 11:00,0.0,0.0,1,1.0
2024-09-29 12:00,0.0,0.0,1,1.0
2024-09-29 13:00,0.0,0.0,1,1.0
2024-09-29 14:00,0.0,0.0,1,1.0
2024-09-29 15:00,0.0,0.0,1,1.0
2024-09-29 16:00,0.0,0.0,1,1.0
2024-09-29 17:00,0.0,0.0,1,1.0
2024-09-29 18:00,0.0,0.0,1,1.0
2024-09-29 19:00,0.0,0.0,1,1.0
2024-09-29 20:00,0.0,0.0,1,1.0
2024-09-29 21:00,0.0,0.0,1,1.0
2024-09-29 22:00,0.0,0.0,1,1.0
2024-09-29 23:00,0.0,0.0,1,1.0
2024-09-30 00:00,0.0,0.0,1,1.0
2024-09-30 01:00,0.0,0.0,1,1.0
2024-09-30 02:00,0.0,0.0,1,1.0
2024-09-30 03:00,0.0,0.0,1,1.0
2024-09-30 04:00,0.0,0.0,1,1.0
2024-09-30 05:00,0.0,0.0,1,1.0
2024-09-30 06:00,0.0,0.0,1,1.0
2024-09-30 07:00,0.0,0.0,1,1.0
2024-09-30 08:00,0.0,0.0,1,1.0
2024-09-30 09:00,0.0,0.0,1,1.0
2024-09-30 10:00,0.0,0.0,1,1.0
2024-09-30 11:00,0.001,0.001,1,1.0
2024-09-30 12:00,0.0,0.0,1,1.0
2024-09-30 13:00,0.001,0.001,1,1.0
2024-09-30 14:00,0.0,0.0,1,1.0
2024-09-30 15:00,0.0,0.0,1,1.0
2024-09-30 16:00,0.0,0.0,1,1.0
2024-09-30 17:00,0.0,0.0,1,1.0
2024-09-30 18:00,0.0,0.0,1,1.0
2024-09-30 19:00,0.0,0.0,1,1.0
2024-09-30 20:00,0.0,0.0,1,1.0
2024-09-30 21:00,0.0,0.0,1,1.0
2024-09-30 22:00,0.0,0.0,1,1.0
2024-09-30 23:00,0.0,0.0,1,1.0
2024-10-01 00:00,0.0,0.0,1,1.0
2024-10-01 01:00,0.0,0.0,1,1.0
2024-10-01 02:00,0.0,0.0,1,1.0
2024-10-01 03:00,0.0,0.0,1,1.0
2024-10-01 04:00,0.0,0.0,1,1.0
2024-10-01 05:00,0.0,0.0,1,1.0
2024-10-01 06:00,0.0,0.0,1,1.0
2024-10-01 07:00,0.0,0.0,1,1.0
2024-10-01 08:00,0.0,0.0,1,1.0
2024-10-01 09:00,0.0,0.0,1,1.0
2024-10-01 10:00,0.0,0.0,1,1.0
2024-10-01 11:00,0.0,0.0,1,1.0
2024-10-01 12:00,0.0,0.0,1,1.0
2024-10-01 13:00,0.0,0.0,1,1.0
2024-10-01 14:00,0.0,0.0,1,1.0
2024-10-01 15:00,0.0,0.0,1,1.0
2024-10-01 16:00,0.0,0.0,1,1.0
2024-10-01 17:00,0.0,0.0,1,1.0
2024-10-01 18:00,0.0,0.0,1,1.0
2024-10-01 19:00,0.0,0.0,1,1.0
2024-10-01 20:00,0.0,0.0,1,1.0
2024-10-01 21:00,0.0,0.0,1,1.0
2024-10-01 22:00,0.0,0.0,1,1.0
2024-10-01 23:00,0.0,0.0,1,1.0
2024-10-02 00:00,0.0,0.0,1,1.0
2024-10-02 01:00,0.0,0.0,1,1.0
2024-10-02 02:00,0.0,0.0,1,1.0
2024-10-02 03:00,0.0,0.0,1,1.0
2024-10-02 04:00,0.0,0.0,1,1.0
2024-10-02 05:00,0.0,0.0,1,1.0
2024-10-02 06:00,0.0,0.0,1,1.0
2024-10-02 07:00,0.0,0.0,1,1.0
2024-10-02 08:00,0.0,0.0,1,1.0
2024-10-02 09:00,0.0,0.0,1,1.0
2024-10-02 10:00,0.0,0.0,1,1.0
2024-10-02 11:00,0.001,0.001,1,1.0
2024-10-02 12:00,0.002,0.002,1,1.0
2024-10-02 13:00,0.003,0.003,1,1.0
2024-10-02 14:00,0.002,0.002,1,1.0
2024-10-02 15:00,0.002,0.002,1,1.0
2024-10-02 16:00,0.026,0.026,1,1.0
2024-10-02 17:00,0.062,0.062,1,1.0
2024-10-02 18:00,0.056,0.056,1,1.0
2024-10-02 19:00,0.02,0.02,1,1.0
2024-10-02 20:00,0.04,0.04,1,1.0
2024-10-02 21:00,0.049,0.049,1,1.0
2024-10-02 22:00,0.018,0.018,1,1.0
2024-10-02 23:00,0.016,0.016,1,1.0
2024-10-03 00:00,0.026,0.026,1,1.0
2024-10-03 01:00,0.041,0.041,1,1.0
2024-10-03 02:00,0.079,0.079,1,1.0
2024-10-03 03:00,0.129,0.129,1,1.0
2024-10-03 04:00,0.101,0.101,1,1.0
2024-10-03 05:00,0.133,0.133,1,1.0
2024-10-03 06:00,0.136,0.136,1,1.0
2024-10-03 07:00,0.097,0.097,1,1.0
2024-10-03 08:00,0.526,0.526,1,1.0
2024-10-03 09:00,0.04,0.04,1,1.0
2024-10-03 10:00,0.011,0.011,1,1.0
2024-10-03 11:00,0.006,0.006,1,1.0
2024-10-03 12:00,0.031,0.031,1,1.0
2024-10-03 13:00,0.113,0.113,1,1.0
2024-10-03 14:00,0.449,0.449,1,1.0
2024-10-03 15:00,0.714,0.714,1,1.0
2024-10-03 16:00,1.453,1.453,1,1.0
2024-10-03 17:00,2.863,2.863,1,1.0
2024-10-03 18:00,3.161,3.161,1,1.0
2024-10-03 19:00,0.936,0.936,1,1.0
2024-10-03 20:00,2.464,2.464,1,1.0
2024-10-03 21:00,4.887,4.887,1,1.0
2024-10-03 22:00,6.118,6.118,1,1.0
2024-10-03 23:00,3.659,3.659,1,1.0
2024-10-04 00:00,1.53,1.53,1,1.0
2024-10-04 01:00,0.332,0.332,1,1.0
2024-10-04 02:00,0.224,0.224,1,1.0
2024-10-04 03:00,0.177,0.177,1,1.0
2024-10-04 04:00,0.333,0.333,1,1.0
2024-10-04 05:00,0.519,0.519,1,1.0
2024-10-04 06:00,0.49,0.49,1,1.0
2024-10-04 07:00,0.428,0.428,1,1.0
2024-10-04 08:00,0.194,0.194,1,1.0
2024-10-04 09:00,0.22,0.22,1,1.0
2024-10-04 10:00,0.371,0.371,1,1.0
2024-10-04 11:00,0.483,0.483,1,1.0
2024-10-04 12:00,0.586,0.586,1,1.0
2024-10-04 13:00,0.432,0.432,1,1.0
2024-10-04 14:00,0.391,0.391,1,1.0
2024-10-04 15:00,0.281,0.281,1,1.0
2024-10-04 16:00,0.257,0.257,1,1.0
2024-10-04 17:00,0.076,0.076,1,1.0
2024-10-04 18:00,0.114,0.114,1,1.0
2024-10-04 19:00,0.021,0.021,1,1.0
2024-10-04 20:00,0.027,0.027,1,1.0
2024-10-04 21:00,0.101,0.101,1,1.0
2024-10-04 22:00,0.063,0.063,1,1.0
2024-10-04 23:00,0.418,0.418,1,1.0
2024-10-05 00:00,0.517,0.517,1,1.0
2024-10-05 01:00,0.991,0.991,1,1.0
2024-10-05 02:00,0.656,0.656,1,1.0
2024-10-05 03:00,0.208,0.208,1,1.0
2024-10-05 04:00,0.198,0.198,1,1.0
2024-10-05 05:00,0.246,0.246,1,1.0
2024-10-05 06:00,0.207,0.207,1,1.0
2024-10-05 07:00,0.178,0.178,1,1.0
2024-10-05 08:00,0.104,0.104,1,1.0
2024-10-05 09:00,0.256,0.256,1,1.0
2024-10-05 10:00,0.307,0.307,1,1.0
2024-10-05 11:00,1.004,1.004,1,1.0
2024-10-05 12:00,0.916,0.916,1,1.0
2024-10-05 13:00,0.293,0.293,1,1.0
2024-10-05 14:00,0.153,0.153,1,1.0
2024-10-05 15:00,0.115,0.115,1,1.0
2024-10-05 16:00,0.66,0.66,1,1.0
2024-10-05 17:00,0.307,0.307,1,1.0
2024-10-05 18:00,0.08,0.08,1,1.0
2024-10-05 19:00,0.059,0.059,1,1.0
2024-10-05 20:00,0.117,0.117,1,1.0
2024-10-05 21:00,0.036,0.036,1,1.0
2024-10-05 22:00,0.034,0.034,1,1.0
2024-10-05 23:00,0.051,0.051,1,1.0
2024-10-06 00:00,0.082,0.082,1,1.0
2024-10-06 01:00,0.036,0.036,1,1.0
2024-10-06 02:00,0.013,0.013,1,1.0
2024-10-06 03:00,0.039,0.039,1,1.0
2024-10-06 04:00,0.045,0.045,1,1.0
2024-10-06 05:00,0.055,0.055,1,1.0
2024-10-06 06:00,0.046,0.046,1,1.0
2024-10-06 07:00,0.026,0.026,1,1.0
2024-10-06 08:00,0.029,0.029,1,1.0
2024-10-06 09:00,0.011,0.011,1,1.0
2024-10-06 10:00,0.002,0.002,1,1.0
2024-10-06 11:00,0.001,0.001,1,1.0
2024-10-06 12:00,0.001,0.001,1,1.0
2024-10-06 13:00,0.0,0.0,1,1.0
2024-10-06 14:00,0.0,0.0,1,1.0
2024-10-06 15:00,0.0,0.0,1,1.0
2024-10-06 16:00,0.0,0.0,1,1.0
2024-10-06 17:00,0.0,0.0,1,1.0
2024-10-06 18:00,0.0,0.0,1,1.0
2024-10-06 19:00,0.0,0.0,1,1.0
2024-10-06 20:00,0.0,0.0,1,1.0
2024-10-06 21:00,0.0,0.0,1,1.0
2024-10-06 22:00,0.0,0.0,1,1.0
2024-10-06 23:00,0.0,0.0,1,1.0
2024-10-07 00:00,0.0,0.0,1,1.0
2024-10-07 01:00,0.001,0.001,1,1.0
2024-10-07 02:00,0.001,0.001,1,1.0
2024-10-07 03:00,0.001,0.001,1,1.0
2024-10-07 04:00,0.0,0.0,1,1.0
2024-10-07 05:00,0.0,0.0,1,1.0
2024-10-07 06:00,0.0,0.0,1,1.0
2024-10-07 07:00,0.0,0.0,1,1.0
2024-10-07 08:00,0.0,0.0,1,1.0
2024-10-07 09:00,0.0,0.0,1,1.0
2024-10-07 10:00,0.0,0.0,1,1.0
2024-10-07 11:00,0.0,0.0,1,1.0
2024-10-07 12:00,0.0,0.0,1,1.0
2024-10-07 13:00,0.0,0.0,1,1.0
2024-10-07 14:00,0.0,0.0,1,1.0
2024-10-07 15:00,0.0,0.0,1,1.0
2024-10-07 16:00,0.0,0.0,1,1.0
2024-10-07 17:00,0.0,0.0,1,1.0
2024-10-07 18:00,0.0,0.0,1,1.0
2024-10-07 19:00,0.0,0.0,1,1.0
2024-10-07 20:00,0.0,0.0,1,1.0
2024-10-07 21:00,0.0,0.0,1,1.0
2024-10-07 22:00,0.0,0.0,1,1.0
2024-10-07 23:00,0.0,0.0,1,1.0
2024-10-08 00:00,0.0,0.0,1,1.0
2024-10-08 01:00,0.0,0.0,1,1.0
2024-10-08 02:00,0.0,0.0,1,1.0
2024-10-08 03:00,0.0,0.0,1,1.0
2024-10-08 04:00,0.0,0.0,1,1.0
2024-10-08 05:00,0.0,0.0,1,1.0
2024-10-08 06:00,0.0,0.0,1,1.0
2024-10-08 07:00,0.0,0.0,1,1.0
2024-10-08 08:00,0.0,0.0,1,1.0
2024-10-08 09:00,0.0,0.0,1,1.0
2024-10-08 10:00,0.0,0.0,1,1.0
2024-10-08 11:00,0.0,0.0,1,1.0
2024-10-08 12:00,0.0,0.0,1,1.0
2024-10-08 13:00,0.0,0.0,1,1.0
2024-10-08 14:00,0.0,0.0,1,1.0
2024-10-08 15:00,0.019,0.019,1,1.0
2024-10-08 16:00,0.807,0.807,1,1.0
2024-10-08 17:00,0.611,0.611,1,1.0
2024-10-08 18:00,1.544,1.544,1,1.0
2024-10-08 19:00,3.588,3.588,1,1.0
2024-10-08 20:00,4.432,4.432,1,1.0
2024-10-08 21:00,5.366,5.366,1,1.0
2024-10-08 22:00,7.985,7.985,1,1.0
2024-10-08 23:00,6.656,6.656,1,1.0
2024-10-09 00:00,2.424,2.424,1,1.0
2024-10-09 01:00,2.104,2.104,1,1.0
2024-10-09 02:00,1.965,1.965,1,1.0
2024-10-09 03:00,0.493,0.493,1,1.0
2024-10-09 04:00,0.32,0.32,1,1.0
2024-10-09 05:00,0.337,0.337,1,1.0
2024-10-09 06:00,0.376,0.376,1,1.0
2024-10-09 07:00,0.555,0.555,1,1.0
2024-10-09 08:00,0.376,0.376,1,1.0
2024-10-09 09:00,0.091,0.091,1,1.0
2024-10-09 10:00,0.062,0.062,1,1.0
2024-10-09 11:00,0.006,0.006,1,1.0
2024-10-09 12:00,0.008,0.008,1,1.0
2024-10-09 13:00,0.008,0.008,1,1.0
2024-10-09 14:00,0.003,0.003,1,1.0
2024-10-09 15:00,0.007,0.007,1,1.0
2024-10-09 16:00,0.009,0.009,1,1.0
2024-10-09 17:00,0.007,0.007,1,1.0
2024-10-09 18:00,0.015,0.015,1,1.0
2024-10-09 19:00,0.03,0.03,1,1.0
2024-10-09 20:00,0.028,0.028,1,1.0
2024-10-09 21:00,0.033,0.033,1,1.0
2024-10-09 22:00,0.033,0.033,1,1.0
2024-10-09 23:00,0.04,0.04,1,1.0
2024-10-10 00:00,0.039,0.039,1,1.0
2024-10-10 01:00,0.045,0.045,1,1.0
2024-10-10 02:00,0.019,0.019,1,1.0
2024-10-10 03:00,0.021,0.021,1,1.0
2024-10-10 04:00,0.016,0.016,1,1.0
2024-10-10 05:00,0.006,0.006,1,1.0
2024-10-10 06:00,0.001,0.001,1,1.0
2024-10-10 07:00,0.004,0.004,1,1.0
2024-10-10 08:00,0.002,0.002,1,1.0
2024-10-10 09:00,0.001,0.001,1,1.0
2024-10-10 10:00,0.0,0.0,1,1.0
2024-10-10 11:00,0.0,0.0,1,1.0
2024-10-10 12:00,0.0,0.0,1,1.0
2024-10-10 13:00,0.0,0.0,1,1.0
2024-10-10 14:00,0.0,0.0,1,1.0
2024-10-10 15:00,0.0,0.0,1,1.0
2024-10-10 16:00,0.002,0.002,1,1.0
2024-10-10 17:00,0.008,0.008,1,1.0
2024-10-10 18:00,0.04,0.04,1,1.0
2024-10-10 19:00,0.33,0.33,1,1.0
2024-10-10 20:00,0.842,0.842,1,1.0
2024-10-10 21:00,0.92,0.92,1,1.0
2024-10-10 22:00,0.862,0.862,1,1.0
2024-10-10 23:00,0.389,0.389,1,1.0
2024-10-11 00:00,0.063,0.063,1,1.0
2024-10-11 01:00,0.006,0.006,1,1.0
2024-10-11 02:00,0.005,0.005,1,1.0
2024-10-11 03:00,0.0,0.0,1,1.0
2024-10-11 04:00,0.001,0.001,1,1.0
2024-10-11 05:00,0.003,0.003,1,1.0
2024-10-11 06:00,0.007,0.007,1,1.0
2024-10-11 07:00,0.015,0.015,1,1.0
2024-10-11 08:00,0.086,0.086,1,1.0
2024-10-11 09:00,0.145,0.145,1,1.0
2024-10-11 10:00,0.093,0.093,1,1.0
2024-10-11 11:00,0.079,0.079,1,1.0
2024-10-11 12:00,0.065,0.065,1,1.0
2024-10-11 13:00,0.088,0.088,1,1.0
2024-10-11 14:00,0.072,0.072,1,1.0
2024-10-11 15:00,0.098,0.098,1,1.0
2024-10-11 16:00,0.026,0.026,1,1.0
2024-10-11 17:00,0.015,0.015,1,1.0
2024-10-11 18:00,0.02,0.02,1,1.0
2024-10-11 19:00,0.006,0.006,1,1.0
2024-10-11 20:00,0.004,0.004,1,1.0
2024-10-11 21:00,0.003,0.003,1,1.0
2024-10-11 22:00,0.001,0.001,1,1.0
2024-10-11 23:00,0.005,0.005,1,1.0
2024-10-12 00:00,0.0,0.0,1,1.0
2024-10-12 01:00,0.0,0.0,1,1.0
2024-10-12 02:00,0.001,0.001,1,1.0
2024-10-12 03:00,0.0,0.0,1,1.0
2024-10-12 04:00,0.0,0.0,1,1.0
2024-10-12 05:00,0.0,0.0,1,1.0
2024-10-12 06:00,0.0,0.0,1,1.0
2024-10-12 07:00,0.0,0.0,1,1.0
2024-10-12 08:00,0.0,0.0,1,1.0
2024-10-12 09:00,0.0,0.0,1,1.0
2024-10-12 10:00,0.0,0.0,1,1.0
2024-10-12 11:00,0.0,0.0,1,1.0
2024-10-12 12:00,0.0,0.0,1,1.0
2024-10-12 13:00,0.0,0.0,1,1.0
2024-10-12 14:00,0.0,0.0,1,1.0
2024-10-12 15:00,0.0,0.0,1,1.0
2024-10-12 16:00,0.0,0.0,1,1.0
2024-10-12 17:00,0.0,0.0,1,1.0
2024-10-12 18:00,0.0,0.0,1,1.0
2024-10-12 19:00,0.0,0.0,1,1.0
2024-10-12 20:00,0.0,0.0,1,1.0
2024-10-12 21:00,0.0,0.0,1,1.0
2024-10-12 22:00,0.0,0.0,1,1.0
2024-10-12 23:00,0.0,0.0,1,1.0
2024-10-13 00:00,0.0,0.0,1,1.0
2024-10-13 01:00,0.0,0.0,1,1.0
2024-10-13 02:00,0.0,0.0,1,1.0
2024-10-13 03:00,0.001,0.001,1,1.0
2024-10-13 04:00,0.001,0.001,1,1.0
2024-10-13 05:00,0.003,0.003,1,1.0
2024-10-13 06:00,0.014,0.014,1,1.0
2024-10-13 07:00,0.008,0.008,1,1.0
2024-10-13 08:00,0.02,0.02,1,1.0
2024-10-13 09:00,0.016,0.016,1,1.0
2024-10-13 10:00,0.003,0.003,1,1.0
2024-10-13 11:00,0.001,0.001,1,1.0
2024-10-13 12:00,0.0,0.0,1,1.0
2024-10-13 13:00,0.0,0.0,1,1.0
2024-10-13 14:00,0.0,0.0,1,1.0
2024-10-13 15:00,0.001,0.001,1,1.0
2024-10-13 16:00,0.0,0.0,1,1.0
2024-10-13 17:00,0.0,0.0,1,1.0
2024-10-13 18:00,0.0,0.0,1,1.0
2024-10-13 19:00,0.0,0.0,1,1.0
2024-10-13 20:00,0.0,0.0,1,1.0
2024-10-13 21:00,0.0,0.0,1,1.0
2024-10-13 22:00,0.0,0.0,1,1.0
2024-10-13 23:00,0.0,0.0,1,1.0
2024-10-14 00:00,0.0,0.0,1,1.0
2024-10-14 01:00,0.0,0.0,1,1.0
2024-10-14 02:00,0.0,0.0,1,1.0
2024-10-14 03:00,0.0,0.0,1,1.0
2024-10-14 04:00,0.0,0.0,1,1.0
2024-10-14 05:00,0.0,0.0,1,1.0
2024-10-14 06:00,0.0,0.0,1,1.0
2024-10-14 07:00,0.001,0.001,1,1.0
2024-10-14 08:00,0.0,0.0,1,1.0
2024-10-14 09:00,0.0,0.0,1,1.0
2024-10-14 10:00,0.0,0.0,1,1.0
2024-10-14 11:00,0.0,0.0,1,1.0
2024-10-14 12:00,0.001,0.001,1,1.0
2024-10-14 13:00,0.0,0.0,1,1.0
2024-10-14 14:00,0.0,0.0,1,1.0
2024-10-14 15:00,0.0,0.0,1,1.0
2024-10-14 16:00,0.0,0.0,1,1.0
2024-10-14 17:00,0.0,0.0,1,1.0
2024-10-14 18:00,0.0,0.0,1,1.0
2024-10-14 19:00,0.0,0.0,1,1.0
2024-10-14 20:00,0.0,0.0,1,1.0
2024-10-14 21:00,0.0,0.0,1,1.0
2024-10-14 22:00,0.0,0.0,1,1.0
2024-10-14 23:00,0.0,0.0,1,1.0
2024-10-15 00:00,0.0,0.0,1,1.0
2024-10-15 01:00,0.0,0.0,1,1.0
2024-10-15 02:00,0.0,0.0,1,1.0
2024-10-15 03:00,0.0,0.0,1,1.0
2024-10-15 04:00,0.0,0.0,1,1.0
2024-10-15 05:00,0.0,0.0,1,1.0
2024-10-15 06:00,0.0,0.0,1,1.0
2024-10-15 07:00,0.0,0.0,1,1.0
2024-10-15 08:00,0.0,0.0,1,1.0
2024-10-15 09:00,0.0,0.0,1,1.0
2024-10-15 10:00,0.0,0.0,1,1.0
2024-10-15 11:00,0.0,0.0,1,1.0
2024-10-15 12:00,0.0,0.0,1,1.0
2024-10-15 13:00,0.0,0.0,1,1.0
2024-10-15 14:00,0.0,0.0,1,1.0
2024-10-15 15:00,0.0,0.0,1,1.0
2024-10-15 16:00,0.0,0.0,1,1.0
2024-10-15 17:00,0.0,0.0,1,1.0
2024-10-15 18:00,0.0,0.0,1,1.0
2024-10-15 19:00,0.0,0.0,1,1.0
2024-10-15 20:00,0.0,0.0,1,1.0
2024-10-15 21:00,0.0,0.0,1,1.0
2024-10-15 22:00,0.0,0.0,1,1.0
2024-10-15 23:00,0.0,0.0,1,1.0
2024-10-16 00:00,0.0,0.0,1,1.0
2024-10-16 01:00,0.0,0.0,1,1.0
2024-10-16 02:00,0.0,0.0,1,1.0
2024-10-16 03:00,0.0,0.0,1,1.0
2024-10-16 04:00,0.0,0.0,1,1.0
2024-10-16 05:00,0.0,0.0,1,1.0
2024-10-16 06:00,0.0,0.0,1,1.0
2024-10-16 07:00,0.0,0.0,1,1.0
2024-10-16 08:00,0.0,0.0,1,1.0
2024-10-16 09:00,0.0,0.0,1,1.0
2024-10-16 10:00,0.0,0.0,1,1.0
2024-10-16 11:00,0.0,0.0,1,1.0
2024-10-16 12:00,0.0,0.0,1,1.0
2024-10-16 13:00,0.0,0.0,1,1.0
2024-10-16 14:00,0.0,0.0,1,1.0
2024-10-16 15:00,0.0,0.0,1,1.0
2024-10-16 16:00,0.27,0.27,1,1.0
2024-10-16 17:00,0.0,0.0,1,1.0
2024-10-16 18:00,0.0,0.0,1,1.0
2024-10-16 19:00,0.004,0.004,1,1.0
2024-10-16 20:00,0.0,0.0,1,1.0
2024-10-16 21:00,0.0,0.0,1,1.0
2024-10-16 22:00,0.51,0.51,1,1.0
2024-10-16 23:00,0.093,0.093,1,1.0
2024-10-17 00:00,0.044,0.044,1,1.0
2024-10-17 01:00,0.008,0.008,1,1.0
2024-10-17 02:00,0.0,0.0,1,1.0
2024-10-17 03:00,0.0,0.0,1,1.0
2024-10-17 04:00,0.0,0.0,1,1.0
2024-10-17 05:00,0.0,0.0,1,1.0
2024-10-17 06:00,0.0,0.0,1,1.0
2024-10-17 07:00,0.0,0.0,1,1.0
2024-10-17 08:00,0.0,0.0,1,1.0
2024-10-17 09:00,0.0,0.0,1,1.0
2024-10-17 10:00,0.0,0.0,1,1.0
2024-10-17 11:00,0.0,0.0,1,1.0
2024-10-17 12:00,0.0,0.0,1,1.0
2024-10-17 13:00,0.0,0.0,1,1.0
2024-10-17 14:00,0.0,0.0,1,1.0
2024-10-17 15:00,0.0,0.0,1,1.0
2024-10-17 16:00,0.0,0.0,1,1.0
2024-10-17 17:00,0.0,0.0,1,1.0
2024-10-17 18:00,0.0,0.0,1,1.0
2024-10-17 19:00,0.0,0.0,1,1.0
2024-10-17 20:00,0.0,0.0,1,1.0
2024-10-17 21:00,0.001,0.001,1,1.0
2024-10-17 22:00,0.832,0.832,1,1.0
2024-10-17 23:00,0.437,0.437,1,1.0
2024-10-18 00:00,0.358,0.358,1,1.0
2024-10-18 01:00,0.095,0.095,1,1.0
2024-10-18 02:00,0.002,0.002,1,1.0
2024-10-18 03:00,0.0,0.0,1,1.0
2024-10-18 04:00,0.001,0.001,1,1.0
2024-10-18 05:00,0.148,0.148,1,1.0
2024-10-18 06:00,0.424,0.424,1,1.0
2024-10-18 07:00,2.12,2.12,1,1.0
2024-10-18 08:00,2.062,2.062,1,1.0
2024-10-18 09:00,2.188,2.188,1,1.0
2024-10-18 10:00,1.424,1.424,1,1.0
2024-10-18 11:00,0.44,0.44,1,1.0
2024-10-18 12:00,0.256,0.256,1,1.0
2024-10-18 13:00,0.225,0.225,1,1.0
2024-10-18 14:00,0.26,0.26,1,1.0
2024-10-18 15:00,0.331,0.331,1,1.0
2024-10-18 16:00,0.356,0.356,1,1.0
2024-10-18 17:00,0.211,0.211,1,1.0
2024-10-18 18:00,0.273,0.273,1,1.0
2024-10-18 19:00,0.557,0.557,1,1.0
2024-10-18 20:00,0.33,0.33,1,1.0
2024-10-18 21:00,0.094,0.094,1,1.0
2024-10-18 22:00,0.004,0.004,1,1.0
2024-10-18 23:00,0.003,0.003,1,1.0
2024-10-19 00:00,0.006,0.006,1,1.0
2024-10-19 01:00,0.019,0.019,1,1.0
2024-10-19 02:00,0.045,0.045,1,1.0
2024-10-19 03:00,0.103,0.103,1,1.0
2024-10-19 04:00,0.325,0.325,1,1.0
2024-10-19 05:00,0.386,0.386,1,1.0
2024-10-19 06:00,1.792,1.792,1,1.0
2024-10-19 07:00,0.966,0.966,1,1.0
2024-10-19 08:00,0.988,0.988,1,1.0
2024-10-19 09:00,0.838,0.838,1,1.0
2024-10-19 10:00,0.992,0.992,1,1.0
2024-10-19 11:00,1.872,1.872,1,1.0
2024-10-19 12:00,2.402,2.402,1,1.0
2024-10-19 13:00,3.295,3.295,1,1.0
2024-10-19 14:00,5.214,5.214,1,1.0
2024-10-19 15:00,5.841,5.841,1,1.0
2024-10-19 16:00,5.293,5.293,1,1.0
2024-10-19 17:00,3.863,3.863,1,1.0
2024-10-19 18:00,2.072,2.072,1,1.0
2024-10-19 19:00,0.133,0.133,1,1.0
2024-10-19 20:00,0.014,0.014,1,1.0
2024-10-19 21:00,0.011,0.011,1,1.0
2024-10-19 22:00,0.001,0.001,1,1.0
2024-10-19 23:00,0.002,0.002,1,1.0
2024-10-20 00:00,0.02,0.02,1,1.0
2024-10-20 01:00,0.065,0.065,1,1.0
2024-10-20 02:00,0.169,0.169,1,1.0
2024-10-20 03:00,0.468,0.468,1,1.0
2024-10-20 04:00,0.992,0.992,1,1.0
2024-10-20 05:00,0.57,0.57,1,1.0
2024-10-20 06:00,0.162,0.162,1,1.0
2024-10-20 07:00,0.167,0.167,1,1.0
2024-10-20 08:00,0.029,0.029,1,1.0
2024-10-20 09:00,0.072,0.072,1,1.0
2024-10-20 10:00,0.129,0.129,1,1.0
2024-10-20 11:00,0.677,0.677,1,1.0
2024-10-20 12:00,1.188,1.188,1,1.0
2024-10-20 13:00,0.46,0.46,1,1.0
2024-10-20 14:00,0.048,0.048,1,1.0
2024-10-20 15:00,0.007,0.007,1,1.0
2024-10-20 16:00,0.009,0.009,1,1.0
2024-10-20 17:00,0.006,0.006,1,1.0
2024-10-20 18:00,0.006,0.006,1,1.0
2024-10-20 19:00,0.004,0.004,1,1.0
2024-10-20 20:00,0.001,0.001,1,1.0
2024-10-20 21:00,0.002,0.002,1,1.0
2024-10-20 22:00,0.017,0.017,1,1.0
2024-10-20 23:00,0.006,0.006,1,1.0
2024-10-21 00:00,0.002,0.002,1,1.0
2024-10-21 01:00,0.0,0.0,1,1.0
2024-10-21 02:00,0.001,0.001,1,1.0
2024-10-21 03:00,0.001,0.001,1,1.0
2024-10-21 04:00,0.005,0.005,1,1.0
2024-10-21 05:00,0.101,0.101,1,1.0
2024-10-21 06:00,0.237,0.237,1,1.0
2024-10-21 07:00,0.051,0.051,1,1.0
2024-10-21 08:00,0.06,0.06,1,1.0
2024-10-21 09:00,0.01,0.01,1,1.0
2024-10-21 10:00,0.002,0.002,1,1.0
2024-10-21 11:00,0.004,0.004,1,1.0
2024-10-21 12:00,0.024,0.024,1,1.0
2024-10-21 13:00,0.013,0.013,1,1.0
2024-10-21 14:00,0.006,0.006,1,1.0
2024-10-21 15:00,0.014,0.014,1,1.0
2024-10-21 16:00,0.029,0.029,1,1.0
2024-10-21 17:00,0.0,0.0,1,1.0
2024-10-21 18:00,0.001,0.001,1,1.0
2024-10-21 19:00,0.0,0.0,1,1.0
2024-10-21 20:00,0.0,0.0,1,1.0
2024-10-21 21:00,0.0,0.0,1,1.0
2024-10-21 22:00,0.0,0.0,1,1.0
2024-10-21 23:00,0.0,0.0,1,1.0
2024-10-22 00:00,0.018,0.018,1,1.0
2024-10-22 01:00,0.023,0.023,1,1.0
2024-10-22 02:00,0.056,0.056,1,1.0
2024-10-22 03:00,0.017,0.017,1,1.0
2024-10-22 04:00,0.005,0.005,1,1.0
2024-10-22 05:00,0.02,0.02,1,1.0
2024-10-22 06:00,0.07,0.07,1,1.0
2024-10-22 07:00,0.112,0.112,1,1.0
2024-10-22 08:00,0.185,0.185,1,1.0
2024-10-22 09:00,0.063,0.063,1,1.0
2024-10-22 10:00,0.137,0.137,1,1.0
2024-10-22 11:00,0.183,0.183,1,1.0
2024-10-22 12:00,0.329,0.329,1,1.0
2024-10-22 13:00,0.199,0.199,1,1.0
2024-10-22 14:00,2.019,2.019,1,1.0
2024-10-22 15:00,1.354,1.354,1,1.0
2024-10-22 16:00,0.163,0.163,1,1.0
2024-10-22 17:00,0.177,0.177,1,1.0
2024-10-22 18:00,0.197,0.197,1,1.0
2024-10-22 19:00,0.025,0.025,1,1.0
2024-10-22 20:00,0.0,0.0,1,1.0
2024-10-22 21:00,0.0,0.0,1,1.0
2024-10-22 22:00,0.0,0.0,1,1.0
2024-10-22 23:00,0.0,0.0,1,1.0
2024-10-23 00:00,0.0,0.0,1,1.0
2024-10-23 01:00,0.0,0.0,1,1.0
2024-10-23 02:00,0.0,0.0,1,1.0
2024-10-23 03:00,0.0,0.0,1,1.0
2024-10-23 04:00,0.0,0.0,1,1.0
2024-10-23 05:00,0.001,0.001,1,1.0
2024-10-23 06:00,0.0,0.0,1,1.0
2024-10-23 07:00,0.0,0.0,1,1.0
2024-10-23 08:00,0.0,0.0,1,1.0
2024-10-23 09:00,0.0,0.0,1,1.0
2024-10-23 10:00,0.0,0.0,1,1.0
2024-10-23 11:00,0.0,0.0,1,1.0
2024-10-23 12:00,0.007,0.007,1,1.0
2024-10-23 13:00,0.001,0.001,1,1.0
2024-10-23 14:00,0.0,0.0,1,1.0
2024-10-23 15:00,0.0,0.0,1,1.0
2024-10-23 16:00,0.0,0.0,1,1.0
2024-10-23 17:00,0.016,0.016,1,1.0
2024-10-23 18:00,0.021,0.021,1,1.0
2024-10-23 19:00,0.012,0.012,1,1.0
2024-10-23 20:00,0.005,0.005,1,1.0
2024-10-23 21:00,0.344,0.344,1,1.0
2024-10-23 22:00,0.308,0.308,1,1.0
2024-10-23 23:00,0.239,0.239,1,1.0
2024-10-24 00:00,0.186,0.186,1,1.0
2024-10-24 01:00,0.049,0.049,1,1.0
2024-10-24 02:00,0.001,0.001,1,1.0
2024-10-24 03:00,0.001,0.001,1,1.0
2024-10-24 04:00,0.001,0.001,1,1.0
2024-10-24 05:00,0.001,0.001,1,1.0
2024-10-24 06:00,0.001,0.001,1,1.0
2024-10-24 07:00,1.633,1.633,1,1.0
2024-10-24 08:00,1.245,1.245,1,1.0
2024-10-24 09:00,0.516,0.516,1,1.0
2024-10-24 10:00,0.173,0.173,1,1.0
2024-10-24 11:00,0.169,0.169,1,1.0
2024-10-24 12:00,0.234,0.234,1,1.0
2024-10-24 13:00,0.23,0.23,1,1.0
2024-10-24 14:00,0.33,0.33,1,1.0
2024-10-24 15:00,0.365,0.365,1,1.0
2024-10-24 16:00,0.507,0.507,1,1.0
2024-10-24 17:00,0.0,0.0,1,1.0
2024-10-24 18:00,0.0,0.0,1,1.0
2024-10-24 19:00,0.0,0.0,1,1.0
2024-10-24 20:00,0.0,0.0,1,1.0
2024-10-24 21:00,0.0,0.0,1,1.0
2024-10-24 22:00,0.0,0.0,1,1.0
2024-10-24 23:00,0.001,0.001,1,1.0
2024-10-25 00:00,0.0,0.0,1,1.0
2024-10-25 01:00,0.0,0.0,1,1.0
2024-10-25 02:00,0.001,0.001,1,1.0
2024-10-25 03:00,0.0,0.0,1,1.0
2024-10-25 04:00,0.0,0.0,1,1.0
2024-10-25 05:00,0.0,0.0,1,1.0
2024-10-25 06:00,0.0,0.0,1,1.0
2024-10-25 07:00,0.0,0.0,1,1.0
2024-10-25 08:00,0.0,0.0,1,1.0
2024-10-25 09:00,0.0,0.0,1,1.0
2024-10-25 10:00,0.0,0.0,1,1.0
2024-10-25 11:00,0.0,0.0,1,1.0
2024-10-25 12:00,0.0,0.0,1,1.0
2024-10-25 13:00,0.0,0.0,1,1.0
2024-10-25 14:00,0.0,0.0,1,1.0
2024-10-25 15:00,0.0,0.0,1,1.0
2024-10-25 16:00,0.001,0.001,1,1.0
2024-10-25 17:00,0.0,0.0,1,1.0
2024-10-25 18:00,0.0,0.0,1,1.0
2024-10-25 19:00,0.0,0.0,1,1.0
2024-10-25 20:00,0.0,0.0,1,1.0
2024-10-25 21:00,0.0,0.0,1,1.0
2024-10-25 22:00,0.001,0.001,1,1.0
2024-10-25 23:00,0.0,0.0,1,1.0
2024-10-26 00:00,0.0,0.0,1,1.0
2024-10-26 01:00,0.0,0.0,1,1.0
2024-10-26 02:00,0.0,0.0,1,1.0
2024-10-26 03:00,0.0,0.0,1,1.0
2024-10-26 04:00,0.0,0.0,1,1.0
2024-10-26 05:00,0.0,0.0,1,1.0
2024-10-26 06:00,0.0,0.0,1,1.0
2024-10-26 07:00,0.0,0.0,1,1.0
2024-10-26 08:00,0.0,0.0,1,1.0
2024-10-26 09:00,0.0,0.0,1,1.0
2024-10-26 10:00,0.005,0.005,1,1.0
2024-10-26 11:00,0.046,0.046,1,1.0
2024-10-26 12:00,0.039,0.039,1,1.0
2024-10-26 13:00,0.033,0.033,1,1.0
2024-10-26 14:00,0.015,0.015,1,1.0
2024-10-26 15:00,0.0,0.0,1,1.0
2024-10-26 16:00,0.001,0.001,1,1.0
2024-10-26 17:00,0.011,0.011,1,1.0
2024-10-26 18:00,0.013,0.013,1,1.0
2024-10-26 19:00,0.001,0.001,1,1.0
2024-10-26 20:00,0.005,0.005,1,1.0
2024-10-26 21:00,0.002,0.002,1,1.0
2024-10-26 22:00,0.002,0.002,1,1.0
2024-10-26 23:00,0.002,0.002,1,1.0
2024-10-27 00:00,0.001,0.001,1,1.0
2024-10-27 01:00,0.001,0.001,1,1.0
2024-10-27 02:00,0.0,0.0,1,1.0
2024-10-27 03:00,0.0,0.0,1,1.0
2024-10-27 04:00,0.0,0.0,1,1.0
2024-10-27 05:00,0.0,0.0,1,1.0
2024-10-27 06:00,0.001,0.001,1,1.0
2024-10-27 07:00,0.003,0.003,1,1.0
2024-10-27 08:00,0.001,0.001,1,1.0
2024-10-27 09:00,0.0,0.0,1,1.0
2024-10-27 10:00,0.0,0.0,1,1.0
2024-10-27 11:00,0.0,0.0,1,1.0
2024-10-27 12:00,0.0,0.0,1,1.0
2024-10-27 13:00,0.0,0.0,1,1.0
2024-10-27 14:00,0.0,0.0,1,1.0
2024-10-27 15:00,0.0,0.0,1,1.0
2024-10-27 16:00,0.0,0.0,1,1.0
2024-10-27 17:00,0.0,0.0,1,1.0
2024-10-27 18:00,0.0,0.0,1,1.0
2024-10-27 19:00,0.0,0.0,1,1.0
2024-10-27 20:00,0.0,0.0,1,1.0
2024-10-27 21:00,0.0,0.0,1,1.0
2024-10-27 22:00,0.0,0.0,1,1.0
2024-10-27 23:00,0.0,0.0,1,1.0
2024-10-28 00:00,0.0,0.0,1,1.0
2024-10-28 01:00,0.0,0.0,1,1.0
2024-10-28 02:00,0.0,0.0,1,1.0
2024-10-28 03:00,0.0,0.0,1,1.0
2024-10-28 04:00,0.0,0.0,1,1.0
2024-10-28 05:00,0.0,0.0,1,1.0
2024-10-28 06:00,0.0,0.0,1,1.0
2024-10-28 07:00,0.0,0.0,1,1.0
2024-10-28 08:00,0.0,0.0,1,1.0
2024-10-28 09:00,0.0,0.0,1,1.0
2024-10-28 10:00,0.0,0.0,1,1.0
2024-10-28 11:00,0.0,0.0,1,1.0
2024-10-28 12:00,0.0,0.0,1,1.0
2024-10-28 13:00,0.0,0.0,1,1.0
2024-10-28 14:00,0.0,0.0,1,1.0
2024-10-28 15:00,0.0,0.0,1,1.0
2024-10-28 16:00,0.0,0.0,1,1.0
2024-10-28 17:00,0.0,0.0,1,1.0
2024-10-28 18:00,0.0,0.0,1,1.0
2024-10-28 19:00,0.0,0.0,1,1.0
2024-10-28 20:00,0.0,0.0,1,1.0
2024-10-28 21:00,0.0,0.0,1,1.0
2024-10-28 22:00,0.0,0.0,1,1.0
2024-10-28 23:00,0.0,0.0,1,1.0
2024-10-29 00:00,0.0,0.0,1,1.0
2024-10-29 01:00,0.0,0.0,1,1.0
2024-10-29 02:00,0.0,0.0,1,1.0
2024-10-29 03:00,0.0,0.0,1,1.0
2024-10-29 04:00,0.0,0.0,1,1.0
2024-10-29 05:00,0.0,0.0,1,1.0
2024-10-29 06:00,0.0,0.0,1,1.0
2024-10-29 07:00,0.001,0.001,1,1.0
2024-10-29 08:00,0.0,0.0,1,1.0
2024-10-29 09:00,0.0,0.0,1,1.0
2024-10-29 10:00,0.0,0.0,1,1.0
2024-10-29 11:00,0.0,0.0,1,1.0
2024-10-29 12:00,0.0,0.0,1,1.0
2024-10-29 13:00,0.0,0.0,1,1.0
2024-10-29 14:00,0.0,0.0,1,1.0
2024-10-29 15:00,0.0,0.0,1,1.0
2024-10-29 16:00,0.0,0.0,1,1.0
2024-10-29 17:00,0.0,0.0,1,1.0
2024-10-29 18:00,0.0,0.0,1,1.0
2024-10-29 19:00,0.0,0.0,1,1.0
2024-10-29 20:00,0.0,0.0,1,1.0
2024-10-29 21:00,0.0,0.0,1,1.0
2024-10-29 22:00,0.0,0.0,1,1.0
2024-10-29 23:00,0.0,0.0,1,1.0
2024-10-30 00:00,0.0,0.0,1,1.0
2024-10-30 01:00,0.0,0.0,1,1.0
2024-10-30 02:00,0.0,0.0,1,1.0
2024-10-30 03:00,0.0,0.0,1,1.0
2024-10-30 04:00,0.0,0.0,1,1.0
2024-10-30 05:00,0.0,0.0,1,1.0
2024-10-30 06:00,0.0,0.0,1,1.0
2024-10-30 07:00,0.0,0.0,1,1.0
2024-10-30 08:00,0.0,0.0,1,1.0
2024-10-30 09:00,0.0,0.0,1,1.0
2024-10-30 10:00,0.0,0.0,1,1.0
2024-10-30 11:00,0.0,0.0,1,1.0
2024-10-30 12:00,0.0,0.0,1,1.0
2024-10-30 13:00,0.0,0.0,1,1.0
2024-10-30 14:00,0.0,0.0,1,1.0
2024-10-30 15:00,0.0,0.0,1,1.0
2024-10-30 16:00,0.0,0.0,1,1.0
2024-10-30 17:00,0.0,0.0,1,1.0
2024-10-30 18:00,0.0,0.0,1,1.0
2024-10-30 19:00,0.0,0.0,1,1.0
2024-10-30 20:00,0.0,0.0,1,1.0
2024-10-30 21:00,0.0,0.0,1,1.0
2024-10-30 22:00,0.0,0.0,1,1.0
2024-10-30 23:00,0.0,0.0,1,1.0
2024-10-31 00:00,0.0,0.0,1,1.0
2024-10-31 01:00,0.0,0.0,1,1.0
2024-10-31 02:00,0.0,0.0,1,1.0
2024-10-31 03:00,0.0,0.0,1,1.0
2024-10-31 04:00,0.0,0.0,1,1.0
2024-10-31 05:00,0.0,0.0,1,1.0
2024-10-31 06:00,0.0,0.0,1,1.0
2024-10-31 07:00,0.0,0.0,1,1.0
2024-10-31 08:00,0.0,0.0,1,1.0
2024-10-31 09:00,0.0,0.0,1,1.0
2024-10-31 10:00,0.0,0.0,1,1.0
2024-10-31 11:00,0.0,0.0,1,1.0
2024-10-31 12:00,0.0,0.0,1,1.0
2024-10-31 13:00,0.0,0.0,1,1.0
2024-10-31 14:00,0.0,0.0,1,1.0
2024-10-31 15:00,0.0,0.0,1,1.0
2024-10-31 16:00,0.0,0.0,1,1.0
2024-10-31 17:00,0.0,0.0,1,1.0
2024-10-31 18:00,0.0,0.0,1,1.0
2024-10-31 19:00,0.0,0.0,1,1.0
2024-10-31 20:00,0.0,0.0,1,1.0
2024-10-31 21:00,0.0,0.0,1,1.0
2024-10-31 22:00,0.0,0.0,1,1.0
2024-10-31 23:00,0.0,0.0,1,1.0
2024-11-01 00:00,0.0,0.0,1,1.0
2024-11-01 01:00,0.0,0.0,1,1.0
2024-11-01 02:00,0.0,0.0,1,1.0
2024-11-01 03:00,0.0,0.0,1,1.0
2024-11-01 04:00,0.0,0.0,1,1.0
2024-11-01 05:00,0.0,0.0,1,1.0
2024-11-01 06:00,0.0,0.0,1,1.0
2024-11-01 07:00,0.0,0.0,1,1.0
2024-11-01 08:00,0.0,0.0,1,1.0
2024-11-01 09:00,0.0,0.0,1,1.0
2024-11-01 10:00,0.0,0.0,1,1.0
2024-11-01 11:00,0.0,0.0,1,1.0
2024-11-01 12:00,0.0,0.0,1,1.0
2024-11-01 13:00,0.0,0.0,1,1.0
2024-11-01 14:00,0.0,0.0,1,1.0
2024-11-01 15:00,0.0,0.0,1,1.0
2024-11-01 16:00,0.0,0.0,1,1.0
2024-11-01 17:00,0.0,0.0,1,1.0
2024-11-01 18:00,0.0,0.0,1,1.0
2024-11-01 19:00,0.001,0.001,1,1.0
2024-11-01 20:00,0.0,0.0,1,1.0
2024-11-01 21:00,0.0,0.0,1,1.0
2024-11-01 22:00,0.0,0.0,1,1.0
2024-11-01 23:00,0.0,0.0,1,1.0
2024-11-02 00:00,0.0,0.0,1,1.0
2024-11-02 01:00,0.0,0.0,1,1.0
2024-11-02 02:00,0.0,0.0,1,1.0
2024-11-02 03:00,0.0,0.0,1,1.0
2024-11-02 04:00,0.0,0.0,1,1.0
2024-11-02 05:00,0.0,0.0,1,1.0
2024-11-02 06:00,0.0,0.0,1,1.0
2024-11-02 07:00,0.0,0.0,1,1.0
2024-11-02 08:00,0.0,0.0,1,1.0
2024-11-02 09:00,0.0,0.0,1,1.0
2024-11-02 10:00,0.0,0.0,1,1.0
2024-11-02 11:00,0.0,0.0,1,1.0
2024-11-02 12:00,0.0,0.0,1,1.0
2024-11-02 13:00,0.0,0.0,1,1.0
2024-11-02 14:00,0.0,0.0,1,1.0
2024-11-02 15:00,0.0,0.0,1,1.0
2024-11-02 16:00,0.0,0.0,1,1.0
2024-11-02 17:00,0.001,0.001,1,1.0
2024-11-02 18:00,0.0,0.0,1,1.0
2024-11-02 19:00,0.0,0.0,1,1.0
2024-11-02 20:00,0.0,0.0,1,1.0
2024-11-02 21:00,0.0,0.0,1,1.0
2024-11-02 22:00,0.0,0.0,1,1.0
2024-11-02 23:00,0.0,0.0,1,1.0
2024-11-03 00:00,0.0,0.0,1,1.0
2024-11-03 01:00,0.0,0.0,1,1.0
2024-11-03 02:00,0.0,0.0,1,1.0
2024-11-03 03:00,0.0,0.0,1,1.0
2024-11-03 04:00,0.0,0.0,1,1.0
2024-11-03 05:00,0.0,0.0,1,1.0
2024-11-03 06:00,0.0,0.0,1,1.0
2024-11-03 07:00,0.0,0.0,1,1.0
2024-11-03 08:00,0.001,0.001,1,1.0
2024-11-03 09:00,0.001,0.001,1,1.0
2024-11-03 10:00,0.0,0.0,1,1.0
2024-11-03 11:00,0.0,0.0,1,1.0
2024-11-03 12:00,0.0,0.0,1,1.0
2024-11-03 13:00,0.0,0.0,1,1.0
2024-11-03 14:00,0.0,0.0,1,1.0
2024-11-03 15:00,0.0,0.0,1,1.0
2024-11-03 16:00,0.0,0.0,1,1.0
2024-11-03 17:00,0.0,0.0,1,1.0
2024-11-03 18:00,0.0,0.0,1,1.0
2024-11-03 19:00,0.001,0.001,1,1.0
2024-11-03 20:00,0.0,0.0,1,1.0
2024-11-03 21:00,0.0,0.0,1,1.0
2024-11-03 22:00,0.0,0.0,1,1.0
2024-11-03 23:00,0.0,0.0,1,1.0
2024-11-04 00:00,0.0,0.0,1,1.0
2024-11-04 01:00,0.0,0.0,1,1.0
2024-11-04 02:00,0.0,0.0,1,1.0
2024-11-04 03:00,0.0,0.0,1,1.0
2024-11-04 04:00,0.0,0.0,1,1.0
2024-11-04 05:00,0.0,0.0,1,1.0
2024-11-04 06:00,0.0,0.0,1,1.0
2024-11-04 07:00,0.0,0.0,1,1.0
2024-11-04 08:00,0.0,0.0,1,1.0
2024-11-04 09:00,0.0,0.0,1,1.0
2024-11-04 10:00,0.0,0.0,1,1.0
2024-11-04 11:00,0.0,0.0,1,1.0
2024-11-04 12:00,0.0,0.0,1,1.0
2024-11-04 13:00,0.0,0.0,1,1.0
2024-11-04 14:00,0.0,0.0,1,1.0
2024-11-04 15:00,0.0,0.0,1,1.0
2024-11-04 16:00,0.0,0.0,1,1.0
2024-11-04 17:00,0.0,0.0,1,1.0
2024-11-04 18:00,0.0,0.0,1,1.0
2024-11-04 19:00,0.0,0.0,1,1.0
2024-11-04 20:00,0.0,0.0,1,1.0
2024-11-04 21:00,0.0,0.0,1,1.0
2024-11-04 22:00,0.0,0.0,1,1.0
2024-11-04 23:00,0.0,0.0,1,1.0
2024-11-05 00:00,0.0,0.0,1,1.0
2024-11-05 01:00,0.0,0.0,1,1.0
2024-11-05 02:00,0.0,0.0,1,1.0
2024-11-05 03:00,0.0,0.0,1,1.0
2024-11-05 04:00,0.0,0.0,1,1.0
2024-11-05 05:00,0.0,0.0,1,1.0
2024-11-05 06:00,0.0,0.0,1,1.0
2024-11-05 07:00,0.0,0.0,1,1.0
2024-11-05 08:00,0.0,0.0,1,1.0
2024-11-05 09:00,0.0,0.0,1,1.0
2024-11-05 10:00,0.0,0.0,1,1.0
2024-11-05 11:00,0.0,0.0,1,1.0
2024-11-05 12:00,0.0,0.0,1,1.0
2024-11-05 13:00,0.0,0.0,1,1.0
2024-11-05 14:00,0.0,0.0,1,1.0
2024-11-05 15:00,0.0,0.0,1,1.0
2024-11-05 16:00,0.0,0.0,1,1.0
2024-11-05 17:00,0.0,0.0,1,1.0
2024-11-05 18:00,0.0,0.0,1,1.0
2024-11-05 19:00,0.0,0.0,1,1.0
2024-11-05 20:00,0.001,0.001,1,1.0
2024-11-05 21:00,0.0,0.0,1,1.0
2024-11-05 22:00,0.0,0.0,1,1.0
2024-11-05 23:00,0.0,0.0,1,1.0
2024-11-06 00:00,0.0,0.0,1,1.0
2024-11-06 01:00,0.0,0.0,1,1.0
2024-11-06 02:00,0.0,0.0,1,1.0
2024-11-06 03:00,0.0,0.0,1,1.0
2024-11-06 04:00,0.0,0.0,1,1.0
2024-11-06 05:00,0.0,0.0,1,1.0
2024-11-06 06:00,0.0,0.0,1,1.0
2024-11-06 07:00,0.001,0.001,1,1.0
2024-11-06 08:00,0.001,0.001,1,1.0
2024-11-06 09:00,0.0,0.0,1,1.0
2024-11-06 10:00,0.0,0.0,1,1.0
2024-11-06 11:00,0.0,0.0,1,1.0
2024-11-06 12:00,0.0,0.0,1,1.0
2024-11-06 13:00,0.0,0.0,1,1.0
2024-11-06 14:00,0.0,0.0,1,1.0
2024-11-06 15:00,0.0,0.0,1,1.0
2024-11-06 16:00,0.0,0.0,1,1.0
2024-11-06 17:00,0.0,0.0,1,1.0
2024-11-06 18:00,0.0,0.0,1,1.0
2024-11-06 19:00,0.0,0.0,1,1.0
2024-11-06 20:00,0.0,0.0,1,1.0
2024-11-06 21:00,0.0,0.0,1,1.0
2024-11-06 22:00,0.0,0.0,1,1.0
2024-11-06 23:00,0.001,0.001,1,1.0
2024-11-07 00:00,0.0,0.0,1,1.0
2024-11-07 01:00,0.0,0.0,1,1.0
2024-11-07 02:00,0.0,0.0,1,1.0
2024-11-07 03:00,0.0,0.0,1,1.0
2024-11-07 04:00,0.0,0.0,1,1.0
2024-11-07 05:00,0.0,0.0,1,1.0
2024-11-07 06:00,0.0,0.0,1,1.0
2024-11-07 07:00,0.0,0.0,1,1.0
2024-11-07 08:00,0.0,0.0,1,1.0
2024-11-07 09:00,0.0,0.0,1,1.0
2024-11-07 10:00,0.0,0.0,1,1.0
2024-11-07 11:00,0.0,0.0,1,1.0
2024-11-07 12:00,0.0,0.0,1,1.0
2024-11-07 13:00,0.0,0.0,1,1.0
2024-11-07 14:00,0.0,0.0,1,1.0
2024-11-07 15:00,0.0,0.0,1,1.0
2024-11-07 16:00,0.0,0.0,1,1.0
2024-11-07 17:00,0.0,0.0,1,1.0
2024-11-07 18:00,0.0,0.0,1,1.0
2024-11-07 19:00,0.006,0.006,1,1.0
2024-11-07 20:00,0.0,0.0,1,1.0
2024-11-07 21:00,0.001,0.001,1,1.0
2024-11-07 22:00,0.003,0.003,1,1.0
2024-11-07 23:00,0.002,0.002,1,1.0
2024-11-08 00:00,0.0,0.0,1,1.0
2024-11-08 01:00,0.002,0.002,1,1.0
2024-11-08 02:00,0.001,0.001,1,1.0
2024-11-08 03:00,0.0,0.0,1,1.0
2024-11-08 04:00,0.004,0.004,1,1.0
2024-11-08 05:00,0.001,0.001,1,1.0
2024-11-08 06:00,0.001,0.001,1,1.0
2024-11-08 07:00,0.0,0.0,1,1.0
2024-11-08 08:00,0.001,0.001,1,1.0
2024-11-08 09:00,0.0,0.0,1,1.0
2024-11-08 10:00,0.0,0.0,1,1.0
2024-11-08 11:00,0.0,0.0,1,1.0
2024-11-08 12:00,0.0,0.0,1,1.0
2024-11-08 13:00,0.0,0.0,1,1.0
2024-11-08 14:00,0.0,0.0,1,1.0
2024-11-08 15:00,0.0,0.0,1,1.0
2024-11-08 16:00,0.0,0.0,1,1.0
2024-11-08 17:00,0.0,0.0,1,1.0
2024-11-08 18:00,0.0,0.0,1,1.0
2024-11-08 19:00,0.0,0.0,1,1.0
2024-11-08 20:00,0.0,0.0,1,1.0
2024-11-08 21:00,0.0,0.0,1,1.0
2024-11-08 22:00,0.0,0.0,1,1.0
2024-11-08 23:00,0.0,0.0,1,1.0
2024-11-09 00:00,0.0,0.0,1,1.0
2024-11-09 01:00,0.0,0.0,1,1.0
2024-11-09 02:00,0.0,0.0,1,1.0
2024-11-09 03:00,0.0,0.0,1,1.0
2024-11-09 04:00,0.0,0.0,1,1.0
2024-11-09 05:00,0.0,0.0,1,1.0
2024-11-09 06:00,0.0,0.0,1,1.0
2024-11-09 07:00,0.0,0.0,1,1.0
2024-11-09 08:00,0.0,0.0,1,1.0
2024-11-09 09:00,0.0,0.0,1,1.0
2024-11-09 10:00,0.0,0.0,1,1.0
2024-11-09 11:00,0.0,0.0,1,1.0
2024-11-09 12:00,0.0,0.0,1,1.0
2024-11-09 13:00,0.0,0.0,1,1.0
2024-11-09 14:00,0.0,0.0,1,1.0
2024-11-09 15:00,0.0,0.0,1,1.0
2024-11-09 16:00,0.0,0.0,1,1.0
2024-11-09 17:00,0.0,0.0,1,1.0
2024-11-09 18:00,0.0,0.0,1,1.0
2024-11-09 19:00,0.0,0.0,1,1.0
2024-11-09 20:00,0.0,0.0,1,1.0
2024-11-09 21:00,0.0,0.0,1,1.0
2024-11-09 22:00,0.0,0.0,1,1.0
2024-11-09 23:00,0.0,0.0,1,1.0
2024-11-10 00:00,0.0,0.0,1,1.0
2024-11-10 01:00,0.0,0.0,1,1.0
2024-11-10 02:00,0.0,0.0,1,1.0
2024-11-10 03:00,0.0,0.0,1,1.0
2024-11-10 04:00,0.0,0.0,1,1.0
2024-11-10 05:00,0.0,0.0,1,1.0
2024-11-10 06:00,0.0,0.0,1,1.0
2024-11-10 07:00,0.0,0.0,1,1.0
2024-11-10 08:00,0.0,0.0,1,1.0
2024-11-10 09:00,0.0,0.0,1,1.0
2024-11-10 10:00,0.0,0.0,1,1.0
2024-11-10 11:00,0.0,0.0,1,1.0
2024-11-10 12:00,0.0,0.0,1,1.0
2024-11-10 13:00,0.0,0.0,1,1.0
2024-11-10 14:00,0.0,0.0,1,1.0
2024-11-10 15:00,0.0,0.0,1,1.0
2024-11-10 16:00,0.0,0.0,1,1.0
2024-11-10 17:00,0.0,0.0,1,1.0
2024-11-10 18:00,0.0,0.0,1,1.0
2024-11-10 19:00,0.001,0.001,1,1.0
2024-11-10 20:00,0.0,0.0,1,1.0
2024-11-10 21:00,0.0,0.0,1,1.0
2024-11-10 22:00,0.0,0.0,1,1.0
2024-11-10 23:00,0.0,0.0,1,1.0
2024-11-11 00:00,0.0,0.0,1,1.0
2024-11-11 01:00,0.0,0.0,1,1.0
2024-11-11 02:00,0.0,0.0,1,1.0
2024-11-11 03:00,0.0,0.0,1,1.0
2024-11-11 04:00,0.0,0.0,1,1.0
2024-11-11 05:00,0.0,0.0,1,1.0
2024-11-11 06:00,0.0,0.0,1,1.0
2024-11-11 07:00,0.0,0.0,1,1.0
2024-11-11 08:00,0.0,0.0,1,1.0
2024-11-11 09:00,0.0,0.0,1,1.0
2024-11-11 10:00,0.0,0.0,1,1.0
2024-11-11 11:00,0.0,0.0,1,1.0
2024-11-11 12:00,0.0,0.0,1,1.0
2024-11-11 13:00,0.0,0.0,1,1.0
2024-11-11 14:00,0.0,0.0,1,1.0
2024-11-11 15:00,0.0,0.0,1,1.0
2024-11-11 16:00,0.0,0.0,1,1.0
2024-11-11 17:00,0.0,0.0,1,1.0
2024-11-11 18:00,0.0,0.0,1,1.0
2024-11-11 19:00,0.001,0.001,1,1.0
2024-11-11 20:00,0.0,0.0,1,1.0
2024-11-11 21:00,0.0,0.0,1,1.0
2024-11-11 22:00,0.0,0.0,1,1.0
2024-11-11 23:00,0.0,0.0,1,1.0
2024-11-12 00:00,0.0,0.0,1,1.0
2024-11-12 01:00,0.0,0.0,1,1.0
2024-11-12 02:00,0.0,0.0,1,1.0
2024-11-12 03:00,0.0,0.0,1,1.0
2024-11-12 04:00,0.0,0.0,1,1.0
2024-11-12 05:00,0.0,0.0,1,1.0
2024-11-12 06:00,0.0,0.0,1,1.0
2024-11-12 07:00,0.0,0.0,1,1.0
2024-11-12 08:00,0.0,0.0,1,1.0
2024-11-12 09:00,0.0,0.0,1,1.0
2024-11-12 10:00,0.0,0.0,1,1.0
2024-11-12 11:00,0.0,0.0,1,1.0
2024-11-12 12:00,0.0,0.0,1,1.0
2024-11-12 13:00,0.0,0.0,1,1.0
2024-11-12 14:00,0.0,0.0,1,1.0
2024-11-12 15:00,0.0,0.0,1,1.0
2024-11-12 16:00,0.0,0.0,1,1.0
2024-11-12 17:00,0.0,0.0,1,1.0
2024-11-12 18:00,0.0,0.0,1,1.0
2024-11-12 19:00,0.0,0.0,1,1.0
2024-11-12 20:00,0.0,0.0,1,1.0
2024-11-12 21:00,0.0,0.0,1,1.0
2024-11-12 22:00,0.0,0.0,1,1.0
2024-11-12 23:00,0.084,0.084,1,1.0
2024-11-13 00:00,0.0,0.0,1,1.0
2024-11-13 01:00,0.154,0.154,1,1.0
2024-11-13 02:00,0.0,0.0,1,1.0
2024-11-13 03:00,0.0,0.0,1,1.0
2024-11-13 04:00,0.0,0.0,1,1.0
2024-11-13 05:00,0.0,0.0,1,1.0
2024-11-13 06:00,0.007,0.007,1,1.0
2024-11-13 07:00,0.422,0.422,1,1.0
2024-11-13 08:00,0.448,0.448,1,1.0
2024-11-13 09:00,0.457,0.457,1,1.0
2024-11-13 10:00,0.832,0.832,1,1.0
2024-11-13 11:00,1.384,1.384,1,1.0
2024-11-13 12:00,1.779,1.779,1,1.0
2024-11-13 13:00,2.272,2.272,1,1.0
2024-11-13 14:00,2.736,2.736,1,1.0
2024-11-13 15:00,2.37,2.37,1,1.0
2024-11-13 16:00,1.717,1.717,1,1.0
2024-11-13 17:00,2.006,2.006,1,1.0
2024-11-13 18:00,1.479,1.479,1,1.0
2024-11-13 19:00,1.464,1.464,1,1.0
2024-11-13 20:00,1.762,1.762,1,1.0
2024-11-13 21:00,1.199,1.199,1,1.0
2024-11-13 22:00,1.414,1.414,1,1.0
2024-11-13 23:00,1.65,1.65,1,1.0
2024-11-14 00:00,1.917,1.917,1,1.0
2024-11-14 01:00,1.348,1.348,1,1.0
2024-11-14 02:00,0.442,0.442,1,1.0
2024-11-14 03:00,0.17,0.17,1,1.0
2024-11-14 04:00,0.061,0.061,1,1.0
2024-11-14 05:00,0.012,0.012,1,1.0
2024-11-14 06:00,0.001,0.001,1,1.0
2024-11-14 07:00,0.001,0.001,1,1.0
2024-11-14 08:00,0.001,0.001,1,1.0
2024-11-14 09:00,0.001,0.001,1,1.0
2024-11-14 10:00,0.003,0.003,1,1.0
2024-11-14 11:00,0.003,0.003,1,1.0
2024-11-14 12:00,0.001,0.001,1,1.0
2024-11-14 13:00,0.0,0.0,1,1.0
2024-11-14 14:00,0.003,0.003,1,1.0
2024-11-14 15:00,0.007,0.007,1,1.0
2024-11-14 16:00,0.067,0.067,1,1.0
2024-11-14 17:00,0.434,0.434,1,1.0
2024-11-14 18:00,1.902,1.902,1,1.0
2024-11-14 19:00,0.521,0.521,1,1.0
2024-11-14 20:00,0.199,0.199,1,1.0
2024-11-14 21:00,0.141,0.141,1,1.0
2024-11-14 22:00,0.047,0.047,1,1.0
2024-11-14 23:00,0.002,0.002,1,1.0
2024-11-15 00:00,0.0,0.0,1,1.0
2024-11-15 01:00,0.001,0.001,1,1.0
2024-11-15 02:00,0.001,0.001,1,1.0
2024-11-15 03:00,0.001,0.001,1,1.0
2024-11-15 04:00,0.001,0.001,1,1.0
2024-11-15 05:00,0.001,0.001,1,1.0
2024-11-15 06:00,0.002,0.002,1,1.0
2024-11-15 07:00,0.002,0.002,1,1.0
2024-11-15 08:00,0.007,0.007,1,1.0
2024-11-15 09:00,0.015,0.015,1,1.0
2024-11-15 10:00,0.017,0.017,1,1.0
2024-11-15 11:00,0.003,0.003,1,1.0
2024-11-15 12:00,0.0,0.0,1,1.0
2024-11-15 13:00,0.001,0.001,1,1.0
2024-11-15 14:00,0.0,0.0,1,1.0
2024-11-15 15:00,0.0,0.0,1,1.0
2024-11-15 16:00,0.0,0.0,1,1.0
2024-11-15 17:00,0.0,0.0,1,1.0
2024-11-15 18:00,0.0,0.0,1,1.0
2024-11-15 19:00,0.0,0.0,1,1.0
2024-11-15 20:00,0.0,0.0,1,1.0
2024-11-15 21:00,0.0,0.0,1,1.0
2024-11-15 22:00,0.0,0.0,1,1.0
2024-11-15 23:00,0.0,0.0,1,1.0
2024-11-16 00:00,0.0,0.0,1,1.0
2024-11-16 01:00,0.0,0.0,1,1.0
2024-11-16 02:00,0.0,0.0,1,1.0
2024-11-16 03:00,0.0,0.0,1,1.0
2024-11-16 04:00,0.0,0.0,1,1.0
2024-11-16 05:00,0.0,0.0,1,1.0
2024-11-16 06:00,0.0,0.0,1,1.0
2024-11-16 07:00,0.0,0.0,1,1.0
2024-11-16 08:00,0.0,0.0,1,1.0
2024-11-16 09:00,0.0,0.0,1,1.0
2024-11-16 10:00,0.0,0.0,1,1.0
2024-11-16 11:00,0.0,0.0,1,1.0
2024-11-16 12:00,0.0,0.0,1,1.0
2024-11-16 13:00,0.0,0.0,1,1.0
2024-11-16 14:00,0.0,0.0,1,1.0
2024-11-16 15:00,0.0,0.0,1,1.0
2024-11-16 16:00,0.0,0.0,1,1.0
2024-11-16 17:00,0.0,0.0,1,1.0
2024-11-16 18:00,0.0,0.0,1,1.0
2024-11-16 19:00,0.001,0.001,1,1.0
2024-11-16 20:00,0.0,0.0,1,1.0
2024-11-16 21:00,0.0,0.0,1,1.0
2024-11-16 22:00,0.0,0.0,1,1.0
2024-11-16 23:00,0.0,0.0,1,1.0
2024-11-17 00:00,0.0,0.0,1,1.0
2024-11-17 01:00,0.0,0.0,1,1.0
2024-11-17 02:00,0.0,0.0,1,1.0
2024-11-17 03:00,0.0,0.0,1,1.0
2024-11-17 04:00,0.0,0.0,1,1.0
2024-11-17 05:00,0.0,0.0,1,1.0
2024-11-17 06:00,0.0,0.0,1,1.0
2024-11-17 07:00,0.0,0.0,1,1.0
2024-11-17 08:00,0.0,0.0,1,1.0
2024-11-17 09:00,0.0,0.0,1,1.0
2024-11-17 10:00,0.004,0.004,1,1.0
2024-11-17 11:00,0.005,0.005,1,1.0
2024-11-17 12:00,0.0,0.0,1,1.0
2024-11-17 13:00,0.0,0.0,1,1.0
2024-11-17 14:00,0.0,0.0,1,1.0
2024-11-17 15:00,0.0,0.0,1,1.0
2024-11-17 16:00,0.0,0.0,1,1.0
2024-11-17 17:00,0.0,0.0,1,1.0
2024-11-17 18:00,0.001,0.001,1,1.0
2024-11-17 19:00,0.004,0.004,1,1.0
2024-11-17 20:00,0.009,0.009,1,1.0
2024-11-17 21:00,0.014,0.014,1,1.0
2024-11-17 22:00,0.018,0.018,1,1.0
2024-11-17 23:00,0.027,0.027,1,1.0
2024-11-18 00:00,0.011,0.011,1,1.0
2024-11-18 01:00,0.006,0.006,1,1.0
2024-11-18 02:00,0.016,0.016,1,1.0
2024-11-18 03:00,0.009,0.009,1,1.0
2024-11-18 04:00,0.002,0.002,1,1.0
2024-11-18 05:00,0.007,0.007,1,1.0
2024-11-18 06:00,0.02,0.02,1,1.0
2024-11-18 07:00,0.011,0.011,1,1.0
2024-11-18 08:00,0.002,0.002,1,1.0
2024-11-18 09:00,0.017,0.017,1,1.0
2024-11-18 10:00,0.069,0.069,1,1.0
2024-11-18 11:00,0.263,0.263,1,1.0
2024-11-18 12:00,0.369,0.369,1,1.0
2024-11-18 13:00,0.164,0.164,1,1.0
2024-11-18 14:00,0.552,0.552,1,1.0
2024-11-18 15:00,0.632,0.632,1,1.0
2024-11-18 16:00,0.397,0.397,1,1.0
2024-11-18 17:00,0.463,0.463,1,1.0
2024-11-18 18:00,0.166,0.166,1,1.0
2024-11-18 19:00,0.282,0.282,1,1.0
2024-11-18 20:00,0.317,0.317,1,1.0
2024-11-18 21:00,0.416,0.416,1,1.0
2024-11-18 22:00,0.304,0.304,1,1.0
2024-11-18 23:00,0.173,0.173,1,1.0
2024-11-19 00:00,0.144,0.144,1,1.0
2024-11-19 01:00,0.192,0.192,1,1.0
2024-11-19 02:00,0.151,0.151,1,1.0
2024-11-19 03:00,0.316,0.316,1,1.0
2024-11-19 04:00,0.61,0.61,1,1.0
2024-11-19 05:00,0.566,0.566,1,1.0
2024-11-19 06:00,0.456,0.456,1,1.0
2024-11-19 07:00,0.48,0.48,1,1.0
2024-11-19 08:00,0.301,0.301,1,1.0
2024-11-19 09:00,0.177,0.177,1,1.0
2024-11-19 10:00,0.262,0.262,1,1.0
2024-11-19 11:00,0.369,0.369,1,1.0
2024-11-19 12:00,0.333,0.333,1,1.0
2024-11-19 13:00,0.409,0.409,1,1.0
2024-11-19 14:00,0.889,0.889,1,1.0
2024-11-19 15:00,0.707,0.707,1,1.0
2024-11-19 16:00,0.409,0.409,1,1.0
2024-11-19 17:00,0.403,0.403,1,1.0
2024-11-19 18:00,0.194,0.194,1,1.0
2024-11-19 19:00,0.196,0.196,1,1.0
2024-11-19 20:00,0.553,0.553,1,1.0
2024-11-19 21:00,0.128,0.128,1,1.0
2024-11-19 22:00,0.087,0.087,1,1.0
2024-11-19 23:00,0.169,0.169,1,1.0
2024-11-20 00:00,0.196,0.196,1,1.0
2024-11-20 01:00,0.316,0.316,1,1.0
2024-11-20 02:00,0.429,0.429,1,1.0
2024-11-20 03:00,0.222,0.222,1,1.0
2024-11-20 04:00,0.214,0.214,1,1.0
2024-11-20 05:00,0.122,0.122,1,1.0
2024-11-20 06:00,0.122,0.122,1,1.0
2024-11-20 07:00,0.273,0.273,1,1.0
2024-11-20 08:00,0.8,0.8,1,1.0
2024-11-20 09:00,2.12,2.12,1,1.0
2024-11-20 10:00,2.357,2.357,1,1.0
2024-11-20 11:00,1.452,1.452,1,1.0
2024-11-20 12:00,1.041,1.041,1,1.0
2024-11-20 13:00,0.433,0.433,1,1.0
2024-11-20 14:00,1.49,1.49,1,1.0
2024-11-20 15:00,2.143,2.143,1,1.0
2024-11-20 16:00,2.927,2.927,1,1.0
2024-11-20 17:00,1.904,1.904,1,1.0
2024-11-20 18:00,1.094,1.094,1,1.0
2024-11-20 19:00,1.012,1.012,1,1.0
2024-11-20 20:00,0.425,0.425,1,1.0
2024-11-20 21:00,0.105,0.105,1,1.0
2024-11-20 22:00,0.076,0.076,1,1.0
2024-11-20 23:00,0.106,0.106,1,1.0
2024-11-21 00:00,0.086,0.086,1,1.0
2024-11-21 01:00,0.053,0.053,1,1.0
2024-11-21 02:00,0.032,0.032,1,1.0
2024-11-21 03:00,0.01,0.01,1,1.0
2024-11-21 04:00,0.0,0.0,1,1.0
2024-11-21 05:00,0.0,0.0,1,1.0
2024-11-21 06:00,0.0,0.0,1,1.0
2024-11-21 07:00,0.0,0.0,1,1.0
2024-11-21 08:00,0.003,0.003,1,1.0
2024-11-21 09:00,0.009,0.009,1,1.0
2024-11-21 10:00,0.0,0.0,1,1.0
2024-11-21 11:00,0.0,0.0,1,1.0
2024-11-21 12:00,0.001,0.001,1,1.0
2024-11-21 13:00,0.0,0.0,1,1.0
2024-11-21 14:00,0.002,0.002,1,1.0
2024-11-21 15:00,0.012,0.012,1,1.0
2024-11-21 16:00,0.01,0.01,1,1.0
2024-11-21 17:00,0.003,0.003,1,1.0
2024-11-21 18:00,0.005,0.005,1,1.0
2024-11-21 19:00,0.002,0.002,1,1.0
2024-11-21 20:00,0.026,0.026,1,1.0
2024-11-21 21:00,0.182,0.182,1,1.0
2024-11-21 22:00,0.962,0.962,1,1.0
2024-11-21 23:00,1.835,1.835,1,1.0
2024-11-22 00:00,1.191,1.191,1,1.0
2024-11-22 01:00,1.07,1.07,1,1.0
2024-11-22 02:00,1.009,1.009,1,1.0
2024-11-22 03:00,1.116,1.116,1,1.0
2024-11-22 04:00,0.886,0.886,1,1.0
2024-11-22 05:00,1.154,1.154,1,1.0
2024-11-22 06:00,0.432,0.432,1,1.0
2024-11-22 07:00,0.762,0.762,1,1.0
2024-11-22 08:00,0.729,0.729,1,1.0
2024-11-22 09:00,0.73,0.73,1,1.0
2024-11-22 10:00,2.452,2.452,1,1.0
2024-11-22 11:00,3.565,3.565,1,1.0
2024-11-22 12:00,1.873,1.873,1,1.0
2024-11-22 13:00,0.462,0.462,1,1.0
2024-11-22 14:00,0.075,0.075,1,1.0
2024-11-22 15:00,0.16,0.16,1,1.0
2024-11-22 16:00,0.084,0.084,1,1.0
2024-11-22 17:00,0.009,0.009,1,1.0
2024-11-22 18:00,0.0,0.0,1,1.0
2024-11-22 19:00,0.0,0.0,1,1.0
2024-11-22 20:00,0.0,0.0,1,1.0
2024-11-22 21:00,0.0,0.0,1,1.0
2024-11-22 22:00,0.0,0.0,1,1.0
2024-11-22 23:00,0.0,0.0,1,1.0
2024-11-23 00:00,0.001,0.001,1,1.0
2024-11-23 01:00,0.0,0.0,1,1.0
2024-11-23 02:00,0.0,0.0,1,1.0
2024-11-23 03:00,0.0,0.0,1,1.0
2024-11-23 04:00,0.0,0.0,1,1.0
2024-11-23 05:00,0.0,0.0,1,1.0
2024-11-23 06:00,0.0,0.0,1,1.0
2024-11-23 07:00,0.0,0.0,1,1.0
2024-11-23 08:00,0.0,0.0,1,1.0
2024-11-23 09:00,0.0,0.0,1,1.0
2024-11-23 10:00,0.0,0.0,1,1.0
2024-11-23 11:00,0.0,0.0,1,1.0
2024-11-23 12:00,0.0,0.0,1,1.0
2024-11-23 13:00,0.0,0.0,1,1.0
2024-11-23 14:00,0.0,0.0,1,1.0
2024-11-23 15:00,0.0,0.0,1,1.0
2024-11-23 16:00,0.0,0.0,1,1.0
2024-11-23 17:00,0.0,0.0,1,1.0
2024-11-23 18:00,0.0,0.0,1,1.0
2024-11-23 19:00,0.0,0.0,1,1.0
2024-11-23 20:00,0.0,0.0,1,1.0
2024-11-23 21:00,0.0,0.0,1,1.0
2024-11-23 22:00,0.0,0.0,1,1.0
2024-11-23 23:00,0.0,0.0,1,1.0
2024-11-24 00:00,0.0,0.0,1,1.0
2024-11-24 01:00,0.0,0.0,1,1.0
2024-11-24 02:00,0.0,0.0,1,1.0
2024-11-24 03:00,0.0,0.0,1,1.0
2024-11-24 04:00,0.0,0.0,1,1.0
2024-11-24 05:00,0.0,0.0,1,1.0
2024-11-24 06:00,0.0,0.0,1,1.0
2024-11-24 07:00,0.0,0.0,1,1.0
2024-11-24 08:00,0.0,0.0,1,1.0
2024-11-24 09:00,0.0,0.0,1,1.0
2024-11-24 10:00,0.0,0.0,1,1.0
2024-11-24 11:00,0.0,0.0,1,1.0
2024-11-24 12:00,0.0,0.0,1,1.0
2024-11-24 13:00,0.0,0.0,1,1.0
2024-11-24 14:00,0.0,0.0,1,1.0
2024-11-24 15:00,0.0,0.0,1,1.0
2024-11-24 16:00,0.0,0.0,1,1.0
2024-11-24 17:00,0.0,0.0,1,1.0
2024-11-24 18:00,0.0,0.0,1,1.0
2024-11-24 19:00,0.0,0.0,1,1.0
2024-11-24 20:00,0.0,0.0,1,1.0
2024-11-24 21:00,0.0,0.0,1,1.0
2024-11-24 22:00,0.0,0.0,1,1.0
2024-11-24 23:00,0.0,0.0,1,1.0
2024-11-25 00:00,0.0,0.0,1,1.0
2024-11-25 01:00,0.0,0.0,1,1.0
2024-11-25 02:00,0.0,0.0,1,1.0
2024-11-25 03:00,0.0,0.0,1,1.0
2024-11-25 04:00,0.0,0.0,1,1.0
2024-11-25 05:00,0.0,0.0,1,1.0
2024-11-25 06:00,0.0,0.0,1,1.0
2024-11-25 07:00,0.0,0.0,1,1.0
2024-11-25 08:00,0.001,0.001,1,1.0
2024-11-25 09:00,0.0,0.0,1,1.0
2024-11-25 10:00,0.0,0.0,1,1.0
2024-11-25 11:00,0.0,0.0,1,1.0
2024-11-25 12:00,0.0,0.0,1,1.0
2024-11-25 13:00,0.0,0.0,1,1.0
2024-11-25 14:00,0.0,0.0,1,1.0
2024-11-25 15:00,0.0,0.0,1,1.0
2024-11-25 16:00,0.0,0.0,1,1.0
2024-11-25 17:00,0.0,0.0,1,1.0
2024-11-25 18:00,0.0,0.0,1,1.0
2024-11-25 19:00,0.001,0.001,1,1.0
2024-11-25 20:00,0.0,0.0,1,1.0
2024-11-25 21:00,0.002,0.002,1,1.0
2024-11-25 22:00,0.0,0.0,1,1.0
2024-11-25 23:00,0.001,0.001,1,1.0
2024-11-26 00:00,0.003,0.003,1,1.0
2024-11-26 01:00,0.0,0.0,1,1.0
2024-11-26 02:00,0.0,0.0,1,1.0
2024-11-26 03:00,0.002,0.002,1,1.0
2024-11-26 04:00,0.009,0.009,1,1.0
2024-11-26 05:00,0.023,0.023,1,1.0
2024-11-26 06:00,0.045,0.045,1,1.0
2024-11-26 07:00,0.146,0.146,1,1.0
2024-11-26 08:00,0.054,0.054,1,1.0
2024-11-26 09:00,0.064,0.064,1,1.0
2024-11-26 10:00,0.076,0.076,1,1.0
2024-11-26 11:00,0.228,0.228,1,1.0
2024-11-26 12:00,0.3,0.3,1,1.0
2024-11-26 13:00,0.237,0.237,1,1.0
2024-11-26 14:00,0.44,0.44,1,1.0
2024-11-26 15:00,0.192,0.192,1,1.0
2024-11-26 16:00,0.084,0.084,1,1.0
2024-11-26 17:00,0.047,0.047,1,1.0
2024-11-26 18:00,0.027,0.027,1,1.0
2024-11-26 19:00,0.059,0.059,1,1.0
2024-11-26 20:00,0.033,0.033,1,1.0
2024-11-26 21:00,0.027,0.027,1,1.0
2024-11-26 22:00,0.025,0.025,1,1.0
2024-11-26 23:00,0.019,0.019,1,1.0
2024-11-27 00:00,0.022,0.022,1,1.0
2024-11-27 01:00,0.028,0.028,1,1.0
2024-11-27 02:00,0.037,0.037,1,1.0
2024-11-27 03:00,0.033,0.033,1,1.0
2024-11-27 04:00,0.042,0.042,1,1.0
2024-11-27 05:00,0.037,0.037,1,1.0
2024-11-27 06:00,0.036,0.036,1,1.0
2024-11-27 07:00,0.126,0.126,1,1.0
2024-11-27 08:00,0.174,0.174,1,1.0
2024-11-27 09:00,0.314,0.314,1,1.0
2024-11-27 10:00,0.182,0.182,1,1.0
2024-11-27 11:00,0.22,0.22,1,1.0
2024-11-27 12:00,0.191,0.191,1,1.0
2024-11-27 13:00,0.168,0.168,1,1.0
2024-11-27 14:00,0.119,0.119,1,1.0
2024-11-27 15:00,0.029,0.029,1,1.0
2024-11-27 16:00,0.096,0.096,1,1.0
2024-11-27 17:00,0.082,0.082,1,1.0
2024-11-27 18:00,0.05,0.05,1,1.0
2024-11-27 19:00,0.002,0.002,1,1.0
2024-11-27 20:00,0.005,0.005,1,1.0
2024-11-27 21:00,0.004,0.004,1,1.0
2024-11-27 22:00,0.014,0.014,1,1.0
2024-11-27 23:00,0.033,0.033,1,1.0
2024-11-28 00:00,0.037,0.037,1,1.0
2024-11-28 01:00,0.063,0.063,1,1.0
2024-11-28 02:00,0.042,0.042,1,1.0
2024-11-28 03:00,0.057,0.057,1,1.0
2024-11-28 04:00,0.04,0.04,1,1.0
2024-11-28 05:00,0.019,0.019,1,1.0
2024-11-28 06:00,0.014,0.014,1,1.0
2024-11-28 07:00,0.149,0.149,1,1.0
2024-11-28 08:00,0.311,0.311,1,1.0
2024-11-28 09:00,0.365,0.365,1,1.0
2024-11-28 10:00,0.366,0.366,1,1.0
2024-11-28 11:00,0.273,0.273,1,1.0
2024-11-28 12:00,0.7,0.7,1,1.0
2024-11-28 13:00,0.362,0.362,1,1.0
2024-11-28 14:00,0.229,0.229,1,1.0
2024-11-28 15:00,0.401,0.401,1,1.0
2024-11-28 16:00,0.311,0.311,1,1.0
2024-11-28 17:00,0.248,0.248,1,1.0
2024-11-28 18:00,0.219,0.219,1,1.0
2024-11-28 19:00,0.362,0.362,1,1.0
2024-11-28 20:00,0.291,0.291,1,1.0
2024-11-28 21:00,0.296,0.296,1,1.0
2024-11-28 22:00,0.252,0.252,1,1.0
2024-11-28 23:00,0.218,0.218,1,1.0
2024-11-29 00:00,0.192,0.192,1,1.0
2024-11-29 01:00,0.157,0.157,1,1.0
2024-11-29 02:00,0.078,0.078,1,1.0
2024-11-29 03:00,0.055,0.055,1,1.0
2024-11-29 04:00,0.039,0.039,1,1.0
2024-11-29 05:00,0.04,0.04,1,1.0
2024-11-29 06:00,0.024,0.024,1,1.0
2024-11-29 07:00,0.01,0.01,1,1.0
2024-11-29 08:00,0.044,0.044,1,1.0
2024-11-29 09:00,0.136,0.136,1,1.0
2024-11-29 10:00,0.342,0.342,1,1.0
2024-11-29 11:00,0.51,0.51,1,1.0
2024-11-29 12:00,0.632,0.632,1,1.0
2024-11-29 13:00,0.913,0.913,1,1.0
2024-11-29 14:00,0.638,0.638,1,1.0
2024-11-29 15:00,0.323,0.323,1,1.0
2024-11-29 16:00,0.052,0.052,1,1.0
2024-11-29 17:00,0.0,0.0,1,1.0
2024-11-29 18:00,0.0,0.0,1,1.0
2024-11-29 19:00,0.0,0.0,1,1.0
2024-11-29 20:00,0.0,0.0,1,1.0
2024-11-29 21:00,0.0,0.0,1,1.0
2024-11-29 22:00,0.0,0.0,1,1.0
2024-11-29 23:00,0.0,0.0,1,1.0
2024-11-30 00:00,0.0,0.0,1,1.0
2024-11-30 01:00,0.0,0.0,1,1.0
2024-11-30 02:00,0.0,0.0,1,1.0
2024-11-30 03:00,0.0,0.0,1,1.0
2024-11-30 04:00,0.0,0.0,1,1.0
2024-11-30 05:00,0.003,0.003,1,1.0
2024-11-30 06:00,0.007,0.007,1,1.0
2024-11-30 07:00,0.008,0.008,1,1.0
2024-11-30 08:00,0.008,0.008,1,1.0
2024-11-30 09:00,0.01,0.01,1,1.0
2024-11-30 10:00,0.014,0.014,1,1.0
2024-11-30 11:00,0.006,0.006,1,1.0
2024-11-30 12:00,0.009,0.009,1,1.0
2024-11-30 13:00,0.016,0.016,1,1.0
2024-11-30 14:00,0.001,0.001,1,1.0
2024-11-30 15:00,0.008,0.008,1,1.0
2024-11-30 16:00,0.012,0.012,1,1.0
2024-11-30 17:00,0.004,0.004,1,1.0
2024-11-30 18:00,0.007,0.007,1,1.0
2024-11-30 19:00,0.0,0.0,1,1.0
2024-11-30 20:00,0.0,0.0,1,1.0
2024-11-30 21:00,0.0,0.0,1,1.0
2024-11-30 22:00,0.0,0.0,1,1.0
2024-11-30 23:00,0.0,0.0,1,1.0
2024-12-01 00:00,0.0,0.0,1,1.0
2024-12-01 01:00,0.0,0.0,1,1.0
2024-12-01 02:00,0.0,0.0,1,1.0
2024-12-01 03:00,0.0,0.0,1,1.0
2024-12-01 04:00,0.0,0.0,1,1.0
2024-12-01 05:00,0.0,0.0,1,1.0
2024-12-01 06:00,0.0,0.0,1,1.0
2024-12-01 07:00,0.0,0.0,1,1.0
2024-12-01 08:00,0.0,0.0,1,1.0
2024-12-01 09:00,0.0,0.0,1,1.0
2024-12-01 10:00,0.0,0.0,1,1.0
2024-12-01 11:00,0.003,0.003,1,1.0
2024-12-01 12:00,0.007,0.007,1,1.0
2024-12-01 13:00,0.003,0.003,1,1.0
2024-12-01 14:00,0.0,0.0,1,1.0
2024-12-01 15:00,0.0,0.0,1,1.0
2024-12-01 16:00,0.0,0.0,1,1.0
2024-12-01 17:00,0.0,0.0,1,1.0
2024-12-01 18:00,0.0,0.0,1,1.0
2024-12-01 19:00,0.001,0.001,1,1.0
2024-12-01 20:00,0.001,0.001,1,1.0
2024-12-01 21:00,0.0,0.0,1,1.0
2024-12-01 22:00,0.001,0.001,1,1.0
2024-12-01 23:00,0.001,0.001,1,1.0
2024-12-02 00:00,0.0,0.0,1,1.0
2024-12-02 01:00,0.0,0.0,1,1.0
2024-12-02 02:00,0.0,0.0,1,1.0
2024-12-02 03:00,0.0,0.0,1,1.0
2024-12-02 04:00,0.0,0.0,1,1.0
2024-12-02 05:00,0.0,0.0,1,1.0
2024-12-02 06:00,0.001,0.001,1,1.0
2024-12-02 07:00,0.0,0.0,1,1.0
2024-12-02 08:00,0.0,0.0,1,1.0
2024-12-02 09:00,0.0,0.0,1,1.0
2024-12-02 10:00,0.0,0.0,1,1.0
2024-12-02 11:00,0.0,0.0,1,1.0
2024-12-02 12:00,0.0,0.0,1,1.0
2024-12-02 13:00,0.0,0.0,1,1.0
2024-12-02 14:00,0.0,0.0,1,1.0
2024-12-02 15:00,0.0,0.0,1,1.0
2024-12-02 16:00,0.0,0.0,1,1.0
2024-12-02 17:00,0.0,0.0,1,1.0
2024-12-02 18:00,0.0,0.0,1,1.0
2024-12-02 19:00,0.0,0.0,1,1.0
2024-12-02 20:00,0.0,0.0,1,1.0
2024-12-02 21:00,0.0,0.0,1,1.0
2024-12-02 22:00,0.0,0.0,1,1.0
2024-12-02 23:00,0.0,0.0,1,1.0
2024-12-03 00:00,0.0,0.0,1,1.0
2024-12-03 01:00,0.0,0.0,1,1.0
2024-12-03 02:00,0.0,0.0,1,1.0
2024-12-03 03:00,0.0,0.0,1,1.0
2024-12-03 04:00,0.0,0.0,1,1.0
2024-12-03 05:00,0.001,0.001,1,1.0
2024-12-03 06:00,0.001,0.001,1,1.0
2024-12-03 07:00,0.001,0.001,1,1.0
2024-12-03 08:00,0.002,0.002,1,1.0
2024-12-03 09:00,0.003,0.003,1,1.0
2024-12-03 10:00,0.007,0.007,1,1.0
2024-12-03 11:00,0.046,0.046,1,1.0
2024-12-03 12:00,0.112,0.112,1,1.0
2024-12-03 13:00,0.084,0.084,1,1.0
2024-12-03 14:00,0.017,0.017,1,1.0
2024-12-03 15:00,0.019,0.019,1,1.0
2024-12-03 16:00,0.058,0.058,1,1.0
2024-12-03 17:00,0.059,0.059,1,1.0
2024-12-03 18:00,0.478,0.478,1,1.0
2024-12-03 19:00,0.178,0.178,1,1.0
2024-12-03 20:00,0.422,0.422,1,1.0
2024-12-03 21:00,0.086,0.086,1,1.0
2024-12-03 22:00,0.044,0.044,1,1.0
2024-12-03 23:00,0.302,0.302,1,1.0
2024-12-04 00:00,0.131,0.131,1,1.0
2024-12-04 01:00,0.226,0.226,1,1.0
2024-12-04 02:00,0.412,0.412,1,1.0
2024-12-04 03:00,0.814,0.814,1,1.0
2024-12-04 04:00,0.323,0.323,1,1.0
2024-12-04 05:00,0.089,0.089,1,1.0
2024-12-04 06:00,0.068,0.068,1,1.0
2024-12-04 07:00,0.048,0.048,1,1.0
2024-12-04 08:00,0.028,0.028,1,1.0
2024-12-04 09:00,0.133,0.133,1,1.0
2024-12-04 10:00,0.107,0.107,1,1.0
2024-12-04 11:00,0.163,0.163,1,1.0
2024-12-04 12:00,0.362,0.362,1,1.0
2024-12-04 13:00,0.196,0.196,1,1.0
2024-12-04 14:00,0.143,0.143,1,1.0
2024-12-04 15:00,0.177,0.177,1,1.0
2024-12-04 16:00,0.455,0.455,1,1.0
2024-12-04 17:00,0.384,0.384,1,1.0
2024-12-04 18:00,0.403,0.403,1,1.0
2024-12-04 19:00,0.338,0.338,1,1.0
2024-12-04 20:00,0.188,0.188,1,1.0
2024-12-04 21:00,0.162,0.162,1,1.0
2024-12-04 22:00,0.2,0.2,1,1.0
2024-12-04 23:00,0.203,0.203,1,1.0
2024-12-05 00:00,0.222,0.222,1,1.0
2024-12-05 01:00,0.447,0.447,1,1.0
2024-12-05 02:00,0.476,0.476,1,1.0
2024-12-05 03:00,0.318,0.318,1,1.0
2024-12-05 04:00,0.104,0.104,1,1.0
2024-12-05 05:00,0.039,0.039,1,1.0
2024-12-05 06:00,0.029,0.029,1,1.0
2024-12-05 07:00,0.142,0.142,1,1.0
2024-12-05 08:00,0.14,0.14,1,1.0
2024-12-05 09:00,0.144,0.144,1,1.0
2024-12-05 10:00,0.148,0.148,1,1.0
2024-12-05 11:00,0.186,0.186,1,1.0
2024-12-05 12:00,0.2,0.2,1,1.0
2024-12-05 13:00,0.156,0.156,1,1.0
2024-12-05 14:00,0.133,0.133,1,1.0
2024-12-05 15:00,0.154,0.154,1,1.0
2024-12-05 16:00,0.183,0.183,1,1.0
2024-12-05 17:00,0.173,0.173,1,1.0
2024-12-05 18:00,0.114,0.114,1,1.0
2024-12-05 19:00,0.06,0.06,1,1.0
2024-12-05 20:00,0.019,0.019,1,1.0
2024-12-05 21:00,0.003,0.003,1,1.0
2024-12-05 22:00,0.001,0.001,1,1.0
2024-12-05 23:00,0.0,0.0,1,1.0
2024-12-06 00:00,0.0,0.0,1,1.0
2024-12-06 01:00,0.0,0.0,1,1.0
2024-12-06 02:00,0.0,0.0,1,1.0
2024-12-06 03:00,0.0,0.0,1,1.0
2024-12-06 04:00,0.0,0.0,1,1.0
2024-12-06 05:00,0.0,0.0,1,1.0
2024-12-06 06:00,0.0,0.0,1,1.0
2024-12-06 07:00,0.0,0.0,1,1.0
2024-12-06 08:00,0.0,0.0,1,1.0
2024-12-06 09:00,0.0,0.0,1,1.0
2024-12-06 10:00,0.0,0.0,1,1.0
2024-12-06 11:00,0.0,0.0,1,1.0
2024-12-06 12:00,0.0,0.0,1,1.0
2024-12-06 13:00,0.0,0.0,1,1.0
2024-12-06 14:00,0.0,0.0,1,1.0
2024-12-06 15:00,0.001,0.001,1,1.0
2024-12-06 16:00,0.008,0.008,1,1.0
2024-12-06 17:00,0.002,0.002,1,1.0
2024-12-06 18:00,0.001,0.001,1,1.0
2024-12-06 19:00,0.001,0.001,1,1.0
2024-12-06 20:00,0.0,0.0,1,1.0
2024-12-06 21:00,0.0,0.0,1,1.0
2024-12-06 22:00,0.014,0.014,1,1.0
2024-12-06 23:00,0.046,0.046,1,1.0
2024-12-07 00:00,0.158,0.158,1,1.0
2024-12-07 01:00,0.193,0.193,1,1.0
2024-12-07 02:00,0.242,0.242,1,1.0
2024-12-07 03:00,0.356,0.356,1,1.0
2024-12-07 04:00,0.445,0.445,1,1.0
2024-12-07 05:00,0.174,0.174,1,1.0
2024-12-07 06:00,0.066,0.066,1,1.0
2024-12-07 07:00,0.068,0.068,1,1.0
2024-12-07 08:00,0.018,0.018,1,1.0
2024-12-07 09:00,0.001,0.001,1,1.0
2024-12-07 10:00,0.0,0.0,1,1.0
2024-12-07 11:00,0.0,0.0,1,1.0
2024-12-07 12:00,0.0,0.0,1,1.0
2024-12-07 13:00,0.0,0.0,1,1.0
2024-12-07 14:00,0.0,0.0,1,1.0
2024-12-07 15:00,0.0,0.0,1,1.0
2024-12-07 16:00,0.0,0.0,1,1.0
2024-12-07 17:00,0.0,0.0,1,1.0
2024-12-07 18:00,0.0,0.0,1,1.0
2024-12-07 19:00,0.001,0.001,1,1.0
2024-12-07 20:00,0.0,0.0,1,1.0
2024-12-07 21:00,0.0,0.0,1,1.0
2024-12-07 22:00,0.0,0.0,1,1.0
2024-12-07 23:00,0.0,0.0,1,1.0
2024-12-08 00:00,0.005,0.005,1,1.0
2024-12-08 01:00,0.021,0.021,1,1.0
2024-12-08 02:00,0.272,0.272,1,1.0
2024-12-08 03:00,2.32,2.32,1,1.0
2024-12-08 04:00,3.181,3.181,1,1.0
2024-12-08 05:00,4.362,4.362,1,1.0
2024-12-08 06:00,4.572,4.572,1,1.0
2024-12-08 07:00,5.14,5.14,1,1.0
2024-12-08 08:00,2.737,2.737,1,1.0
2024-12-08 09:00,0.91,0.91,1,1.0
2024-12-08 10:00,2.197,2.197,1,1.0
2024-12-08 11:00,1.298,1.298,1,1.0
2024-12-08 12:00,2.188,2.188,1,1.0
2024-12-08 13:00,0.882,0.882,1,1.0
2024-12-08 14:00,3.025,3.025,1,1.0
2024-12-08 15:00,1.191,1.191,1,1.0
2024-12-08 16:00,1.577,1.577,1,1.0
2024-12-08 17:00,1.428,1.428,1,1.0
2024-12-08 18:00,1.874,1.874,1,1.0
2024-12-08 19:00,0.715,0.715,1,1.0
2024-12-08 20:00,1.045,1.045,1,1.0
2024-12-08 21:00,0.75,0.75,1,1.0
2024-12-08 22:00,0.46,0.46,1,1.0
2024-12-08 23:00,0.59,0.59,1,1.0
2024-12-09 00:00,0.668,0.668,1,1.0
2024-12-09 01:00,1.076,1.076,1,1.0
2024-12-09 02:00,0.601,0.601,1,1.0
2024-12-09 03:00,1.158,1.158,1,1.0
2024-12-09 04:00,0.363,0.363,1,1.0
2024-12-09 05:00,0.159,0.159,1,1.0
2024-12-09 06:00,0.094,0.094,1,1.0
2024-12-09 07:00,0.13,0.13,1,1.0
2024-12-09 08:00,0.174,0.174,1,1.0
2024-12-09 09:00,0.311,0.311,1,1.0
2024-12-09 10:00,0.621,0.621,1,1.0
2024-12-09 11:00,0.825,0.825,1,1.0
2024-12-09 12:00,2.061,2.061,1,1.0
2024-12-09 13:00,0.503,0.503,1,1.0
2024-12-09 14:00,0.384,0.384,1,1.0
2024-12-09 15:00,0.421,0.421,1,1.0
2024-12-09 16:00,1.125,1.125,1,1.0
2024-12-09 17:00,0.463,0.463,1,1.0
2024-12-09 18:00,0.57,0.57,1,1.0
2024-12-09 19:00,1.633,1.633,1,1.0
2024-12-09 20:00,0.216,0.216,1,1.0
2024-12-09 21:00,0.222,0.222,1,1.0
2024-12-09 22:00,0.357,0.357,1,1.0
2024-12-09 23:00,0.267,0.267,1,1.0
2024-12-10 00:00,0.225,0.225,1,1.0
2024-12-10 01:00,0.106,0.106,1,1.0
2024-12-10 02:00,0.147,0.147,1,1.0
2024-12-10 03:00,0.178,0.178,1,1.0
2024-12-10 04:00,0.171,0.171,1,1.0
2024-12-10 05:00,0.175,0.175,1,1.0
2024-12-10 06:00,0.304,0.304,1,1.0
2024-12-10 07:00,0.274,0.274,1,1.0
2024-12-10 08:00,0.107,0.107,1,1.0
2024-12-10 09:00,0.116,0.116,1,1.0
2024-12-10 10:00,0.19,0.19,1,1.0
2024-12-10 11:00,0.257,0.257,1,1.0
2024-12-10 12:00,0.107,0.107,1,1.0
2024-12-10 13:00,0.139,0.139,1,1.0
2024-12-10 14:00,0.108,0.108,1,1.0
2024-12-10 15:00,0.069,0.069,1,1.0
2024-12-10 16:00,0.062,0.062,1,1.0
2024-12-10 17:00,0.25,0.25,1,1.0
2024-12-10 18:00,0.417,0.417,1,1.0
2024-12-10 19:00,0.169,0.169,1,1.0
2024-12-10 20:00,0.094,0.094,1,1.0
2024-12-10 21:00,0.143,0.143,1,1.0
2024-12-10 22:00,0.161,0.161,1,1.0
2024-12-10 23:00,0.121,0.121,1,1.0
2024-12-11 00:00,0.099,0.099,1,1.0
2024-12-11 01:00,0.079,0.079,1,1.0
2024-12-11 02:00,0.053,0.053,1,1.0
2024-12-11 03:00,0.052,0.052,1,1.0
2024-12-11 04:00,0.062,0.062,1,1.0
2024-12-11 05:00,0.065,0.065,1,1.0
2024-12-11 06:00,0.072,0.072,1,1.0
2024-12-11 07:00,0.069,0.069,1,1.0
2024-12-11 08:00,0.072,0.072,1,1.0
2024-12-11 09:00,0.093,0.093,1,1.0
2024-12-11 10:00,0.224,0.224,1,1.0
2024-12-11 11:00,0.426,0.426,1,1.0
2024-12-11 12:00,0.415,0.415,1,1.0
2024-12-11 13:00,0.386,0.386,1,1.0
2024-12-11 14:00,0.868,0.868,1,1.0
2024-12-11 15:00,0.458,0.458,1,1.0
2024-12-11 16:00,0.141,0.141,1,1.0
2024-12-11 17:00,0.19,0.19,1,1.0
2024-12-11 18:00,0.12,0.12,1,1.0
2024-12-11 19:00,0.029,0.029,1,1.0
2024-12-11 20:00,0.263,0.263,1,1.0
2024-12-11 21:00,0.173,0.173,1,1.0
2024-12-11 22:00,0.092,0.092,1,1.0
2024-12-11 23:00,0.069,0.069,1,1.0
2024-12-12 00:00,0.072,0.072,1,1.0
2024-12-12 01:00,0.047,0.047,1,1.0
2024-12-12 02:00,0.031,0.031,1,1.0
2024-12-12 03:00,0.017,0.017,1,1.0
2024-12-12 04:00,0.001,0.001,1,1.0
2024-12-12 05:00,0.002,0.002,1,1.0
2024-12-12 06:00,0.0,0.0,1,1.0
2024-12-12 07:00,0.001,0.001,1,1.0
2024-12-12 08:00,0.0,0.0,1,1.0
2024-12-12 09:00,0.0,0.0,1,1.0
2024-12-12 10:00,0.0,0.0,1,1.0
2024-12-12 11:00,0.0,0.0,1,1.0
2024-12-12 12:00,0.0,0.0,1,1.0
2024-12-12 13:00,0.0,0.0,1,1.0
2024-12-12 14:00,0.002,0.002,1,1.0
2024-12-12 15:00,0.0,0.0,1,1.0
2024-12-12 16:00,0.0,0.0,1,1.0
2024-12-12 17:00,0.0,0.0,1,1.0
2024-12-12 18:00,0.001,0.001,1,1.0
2024-12-12 19:00,0.0,0.0,1,1.0
2024-12-12 20:00,0.0,0.0,1,1.0
2024-12-12 21:00,0.0,0.0,1,1.0
2024-12-12 22:00,0.0,0.0,1,1.0
2024-12-12 23:00,0.003,0.003,1,1.0
2024-12-13 00:00,0.266,0.266,1,1.0
2024-12-13 01:00,0.507,0.507,1,1.0
2024-12-13 02:00,0.028,0.028,1,1.0
2024-12-13 03:00,0.001,0.001,1,1.0
2024-12-13 04:00,0.099,0.099,1,1.0
2024-12-13 05:00,0.071,0.071,1,1.0
2024-12-13 06:00,0.146,0.146,1,1.0
2024-12-13 07:00,0.015,0.015,1,1.0
2024-12-13 08:00,0.023,0.023,1,1.0
2024-12-13 09:00,0.031,0.031,1,1.0
2024-12-13 10:00,0.418,0.418,1,1.0
2024-12-13 11:00,0.122,0.122,1,1.0
2024-12-13 12:00,0.627,0.627,1,1.0
2024-12-13 13:00,0.119,0.119,1,1.0
2024-12-13 14:00,0.188,0.188,1,1.0
2024-12-13 15:00,0.235,0.235,1,1.0
2024-12-13 16:00,0.224,0.224,1,1.0
2024-12-13 17:00,0.302,0.302,1,1.0
2024-12-13 18:00,0.482,0.482,1,1.0
2024-12-13 19:00,0.083,0.083,1,1.0
2024-12-13 20:00,0.7,0.7,1,1.0
2024-12-13 21:00,1.181,1.181,1,1.0
2024-12-13 22:00,1.34,1.34,1,1.0
2024-12-13 23:00,1.165,1.165,1,1.0
2024-12-14 00:00,1.15,1.15,1,1.0
2024-12-14 01:00,1.992,1.992,1,1.0
2024-12-14 02:00,2.477,2.477,1,1.0
2024-12-14 03:00,2.359,2.359,1,1.0
2024-12-14 04:00,2.267,2.267,1,1.0
2024-12-14 05:00,1.321,1.321,1,1.0
2024-12-14 06:00,0.817,0.817,1,1.0
2024-12-14 07:00,0.095,0.095,1,1.0
2024-12-14 08:00,0.035,0.035,1,1.0
2024-12-14 09:00,0.007,0.007,1,1.0
2024-12-14 10:00,0.012,0.012,1,1.0
2024-12-14 11:00,0.029,0.029,1,1.0
2024-12-14 12:00,0.147,0.147,1,1.0
2024-12-14 13:00,0.433,0.433,1,1.0
2024-12-14 14:00,0.433,0.433,1,1.0
2024-12-14 15:00,0.154,0.154,1,1.0
2024-12-14 16:00,0.305,0.305,1,1.0
2024-12-14 17:00,0.398,0.398,1,1.0
2024-12-14 18:00,0.399,0.399,1,1.0
2024-12-14 19:00,0.37,0.37,1,1.0
2024-12-14 20:00,0.342,0.342,1,1.0
2024-12-14 21:00,0.145,0.145,1,1.0
2024-12-14 22:00,0.165,0.165,1,1.0
2024-12-14 23:00,0.189,0.189,1,1.0
2024-12-15 00:00,0.081,0.081,1,1.0
2024-12-15 01:00,0.04,0.04,1,1.0
2024-12-15 02:00,0.081,0.081,1,1.0
2024-12-15 03:00,0.134,0.134,1,1.0
2024-12-15 04:00,0.105,0.105,1,1.0
2024-12-15 05:00,0.036,0.036,1,1.0
2024-12-15 06:00,0.004,0.004,1,1.0
2024-12-15 07:00,0.157,0.157,1,1.0
2024-12-15 08:00,0.003,0.003,1,1.0
2024-12-15 09:00,0.002,0.002,1,1.0
2024-12-15 10:00,0.029,0.029,1,1.0
2024-12-15 11:00,0.025,0.025,1,1.0
2024-12-15 12:00,0.024,0.024,1,1.0
2024-12-15 13:00,0.026,0.026,1,1.0
2024-12-15 14:00,0.003,0.003,1,1.0
2024-12-15 15:00,0.001,0.001,1,1.0
2024-12-15 16:00,0.001,0.001,1,1.0
2024-12-15 17:00,0.0,0.0,1,1.0
2024-12-15 18:00,0.0,0.0,1,1.0
2024-12-15 19:00,0.0,0.0,1,1.0
2024-12-15 20:00,0.0,0.0,1,1.0
2024-12-15 21:00,0.001,0.001,1,1.0
2024-12-15 22:00,0.0,0.0,1,1.0
2024-12-15 23:00,0.0,0.0,1,1.0
2024-12-16 00:00,0.0,0.0,1,1.0
2024-12-16 01:00,0.0,0.0,1,1.0
2024-12-16 02:00,0.0,0.0,1,1.0
2024-12-16 03:00,0.0,0.0,1,1.0
2024-12-16 04:00,0.0,0.0,1,1.0
2024-12-16 05:00,0.0,0.0,1,1.0
2024-12-16 06:00,0.0,0.0,1,1.0
2024-12-16 07:00,0.0,0.0,1,1.0
2024-12-16 08:00,0.0,0.0,1,1.0
2024-12-16 09:00,0.0,0.0,1,1.0
2024-12-16 10:00,0.0,0.0,1,1.0
2024-12-16 11:00,0.0,0.0,1,1.0
2024-12-16 12:00,0.0,0.0,1,1.0
2024-12-16 13:00,0.0,0.0,1,1.0
2024-12-16 14:00,0.0,0.0,1,1.0
2024-12-16 15:00,0.0,0.0,1,1.0
2024-12-16 16:00,0.0,0.0,1,1.0
2024-12-16 17:00,0.0,0.0,1,1.0
2024-12-16 18:00,0.0,0.0,1,1.0
2024-12-16 19:00,0.0,0.0,1,1.0
2024-12-16 20:00,0.0,0.0,1,1.0
2024-12-16 21:00,0.0,0.0,1,1.0
2024-12-16 22:00,0.0,0.0,1,1.0
2024-12-16 23:00,0.0,0.0,1,1.0
2024-12-17 00:00,0.0,0.0,1,1.0
2024-12-17 01:00,0.0,0.0,1,1.0
2024-12-17 02:00,0.0,0.0,1,1.0
2024-12-17 03:00,0.0,0.0,1,1.0
2024-12-17 04:00,0.0,0.0,1,1.0
2024-12-17 05:00,0.0,0.0,1,1.0
2024-12-17 06:00,0.0,0.0,1,1.0
2024-12-17 07:00,0.0,0.0,1,1.0
2024-12-17 08:00,0.0,0.0,1,1.0
2024-12-17 09:00,0.0,0.0,1,1.0
2024-12-17 10:00,0.0,0.0,1,1.0
2024-12-17 11:00,0.0,0.0,1,1.0
2024-12-17 12:00,0.0,0.0,1,1.0
2024-12-17 13:00,0.0,0.0,1,1.0
2024-12-17 14:00,0.0,0.0,1,1.0
2024-12-17 15:00,0.0,0.0,1,1.0
2024-12-17 16:00,0.0,0.0,1,1.0
2024-12-17 17:00,0.0,0.0,1,1.0
2024-12-17 18:00,0.0,0.0,1,1.0
2024-12-17 19:00,0.0,0.0,1,1.0
2024-12-17 20:00,0.0,0.0,1,1.0
2024-12-17 21:00,0.0,0.0,1,1.0
2024-12-17 22:00,0.0,0.0,1,1.0
2024-12-17 23:00,0.0,0.0,1,1.0
2024-12-18 00:00,0.0,0.0,1,1.0
2024-12-18 01:00,0.0,0.0,1,1.0
2024-12-18 02:00,0.0,0.0,1,1.0
2024-12-18 03:00,0.0,0.0,1,1.0
2024-12-18 04:00,0.0,0.0,1,1.0
2024-12-18 05:00,0.0,0.0,1,1.0
2024-12-18 06:00,0.0,0.0,1,1.0
2024-12-18 07:00,0.001,0.001,1,1.0
2024-12-18 08:00,0.001,0.001,1,1.0
2024-12-18 09:00,0.003,0.003,1,1.0
2024-12-18 10:00,0.004,0.004,1,1.0
2024-12-18 11:00,0.001,0.001,1,1.0
2024-12-18 12:00,0.002,0.002,1,1.0
2024-12-18 13:00,0.0,0.0,1,1.0
2024-12-18 14:00,0.0,0.0,1,1.0
2024-12-18 15:00,0.0,0.0,1,1.0
2024-12-18 16:00,0.0,0.0,1,1.0
2024-12-18 17:00,0.0,0.0,1,1.0
2024-12-18 18:00,0.0,0.0,1,1.0
2024-12-18 19:00,0.003,0.003,1,1.0
2024-12-18 20:00,0.005,0.005,1,1.0
2024-12-18 21:00,0.001,0.001,1,1.0
2024-12-18 22:00,0.0,0.0,1,1.0
2024-12-18 23:00,0.0,0.0,1,1.0
2024-12-19 00:00,0.001,0.001,1,1.0
2024-12-19 01:00,0.001,0.001,1,1.0
2024-12-19 02:00,0.004,0.004,1,1.0
2024-12-19 03:00,0.002,0.002,1,1.0
2024-12-19 04:00,0.0,0.0,1,1.0
2024-12-19 05:00,0.001,0.001,1,1.0
2024-12-19 06:00,0.001,0.001,1,1.0
2024-12-19 07:00,0.001,0.001,1,1.0
2024-12-19 08:00,0.001,0.001,1,1.0
2024-12-19 09:00,0.014,0.014,1,1.0
2024-12-19 10:00,0.046,0.046,1,1.0
2024-12-19 11:00,0.034,0.034,1,1.0
2024-12-19 12:00,0.05,0.05,1,1.0
2024-12-19 13:00,0.025,0.025,1,1.0
2024-12-19 14:00,0.06,0.06,1,1.0
2024-12-19 15:00,0.026,0.026,1,1.0
2024-12-19 16:00,0.113,0.113,1,1.0
2024-12-19 17:00,0.181,0.181,1,1.0
2024-12-19 18:00,0.131,0.131,1,1.0
2024-12-19 19:00,0.126,0.126,1,1.0
2024-12-19 20:00,0.115,0.115,1,1.0
2024-12-19 21:00,0.224,0.224,1,1.0
2024-12-19 22:00,0.222,0.222,1,1.0
2024-12-19 23:00,0.246,0.246,1,1.0
2024-12-20 00:00,0.315,0.315,1,1.0
2024-12-20 01:00,0.513,0.513,1,1.0
2024-12-20 02:00,0.897,0.897,1,1.0
2024-12-20 03:00,1.333,1.333,1,1.0
2024-12-20 04:00,3.103,3.103,1,1.0
2024-12-20 05:00,2.775,2.775,1,1.0
2024-12-20 06:00,1.667,1.667,1,1.0
2024-12-20 07:00,0.427,0.427,1,1.0
2024-12-20 08:00,0.104,0.104,1,1.0
2024-12-20 09:00,0.016,0.016,1,1.0
2024-12-20 10:00,0.002,0.002,1,1.0
2024-12-20 11:00,0.507,0.507,1,1.0
2024-12-20 12:00,0.749,0.749,1,1.0
2024-12-20 13:00,0.438,0.438,1,1.0
2024-12-20 14:00,1.293,1.293,1,1.0
2024-12-20 15:00,0.782,0.782,1,1.0
2024-12-20 16:00,0.238,0.238,1,1.0
2024-12-20 17:00,0.304,0.304,1,1.0
2024-12-20 18:00,0.246,0.246,1,1.0
2024-12-20 19:00,0.152,0.152,1,1.0
2024-12-20 20:00,0.013,0.013,1,1.0
2024-12-20 21:00,0.018,0.018,1,1.0
2024-12-20 22:00,0.304,0.304,1,1.0
2024-12-20 23:00,0.376,0.376,1,1.0
2024-12-21 00:00,0.355,0.355,1,1.0
2024-12-21 01:00,0.271,0.271,1,1.0
2024-12-21 02:00,0.137,0.137,1,1.0
2024-12-21 03:00,0.052,0.052,1,1.0
2024-12-21 04:00,0.011,0.011,1,1.0
2024-12-21 05:00,0.003,0.003,1,1.0
2024-12-21 06:00,0.0,0.0,1,1.0
2024-12-21 07:00,0.001,0.001,1,1.0
2024-12-21 08:00,0.0,0.0,1,1.0
2024-12-21 09:00,0.0,0.0,1,1.0
2024-12-21 10:00,0.0,0.0,1,1.0
2024-12-21 11:00,0.0,0.0,1,1.0
2024-12-21 12:00,0.0,0.0,1,1.0
2024-12-21 13:00,0.0,0.0,1,1.0
2024-12-21 14:00,0.0,0.0,1,1.0
2024-12-21 15:00,0.0,0.0,1,1.0
2024-12-21 16:00,0.0,0.0,1,1.0
2024-12-21 17:00,0.0,0.0,1,1.0
2024-12-21 18:00,0.0,0.0,1,1.0
2024-12-21 19:00,0.0,0.0,1,1.0
2024-12-21 20:00,0.0,0.0,1,1.0
2024-12-21 21:00,0.0,0.0,1,1.0
2024-12-21 22:00,0.0,0.0,1,1.0
2024-12-21 23:00,0.0,0.0,1,1.0
2024-12-22 00:00,0.0,0.0,1,1.0
2024-12-22 01:00,0.0,0.0,1,1.0
2024-12-22 02:00,0.0,0.0,1,1.0
2024-12-22 03:00,0.0,0.0,1,1.0
2024-12-22 04:00,0.0,0.0,1,1.0
2024-12-22 05:00,0.0,0.0,1,1.0
2024-12-22 06:00,0.0,0.0,1,1.0
2024-12-22 07:00,0.0,0.0,1,1.0
2024-12-22 08:00,0.0,0.0,1,1.0
2024-12-22 09:00,0.0,0.0,1,1.0
2024-12-22 10:00,0.001,0.001,1,1.0
2024-12-22 11:00,0.002,0.002,1,1.0
2024-12-22 12:00,0.0,0.0,1,1.0
2024-12-22 13:00,0.0,0.0,1,1.0
2024-12-22 14:00,0.004,0.004,1,1.0
2024-12-22 15:00,0.021,0.021,1,1.0
2024-12-22 16:00,0.055,0.055,1,1.0
2024-12-22 17:00,0.247,0.247,1,1.0
2024-12-22 18:00,1.177,1.177,1,1.0
2024-12-22 19:00,1.41,1.41,1,1.0
2024-12-22 20:00,2.399,2.399,1,1.0
2024-12-22 21:00,2.814,2.814,1,1.0
2024-12-22 22:00,2.057,2.057,1,1.0
2024-12-22 23:00,1.21,1.21,1,1.0
2024-12-23 00:00,3.142,3.142,1,1.0
2024-12-23 01:00,2.922,2.922,1,1.0
2024-12-23 02:00,2.382,2.382,1,1.0
2024-12-23 03:00,2.442,2.442,1,1.0
2024-12-23 04:00,1.717,1.717,1,1.0
2024-12-23 05:00,1.029,1.029,1,1.0
2024-12-23 06:00,0.955,0.955,1,1.0
2024-12-23 07:00,0.333,0.333,1,1.0
2024-12-23 08:00,0.572,0.572,1,1.0
2024-12-23 09:00,0.893,0.893,1,1.0
2024-12-23 10:00,0.822,0.822,1,1.0
2024-12-23 11:00,1.328,1.328,1,1.0
2024-12-23 12:00,0.448,0.448,1,1.0
2024-12-23 13:00,0.322,0.322,1,1.0
2024-12-23 14:00,0.137,0.137,1,1.0
2024-12-23 15:00,0.186,0.186,1,1.0
2024-12-23 16:00,0.129,0.129,1,1.0
2024-12-23 17:00,0.129,0.129,1,1.0
2024-12-23 18:00,0.146,0.146,1,1.0
2024-12-23 19:00,0.066,0.066,1,1.0
2024-12-23 20:00,0.014,0.014,1,1.0
2024-12-23 21:00,0.01,0.01,1,1.0
2024-12-23 22:00,0.033,0.033,1,1.0
2024-12-23 23:00,0.101,0.101,1,1.0
2024-12-24 00:00,0.207,0.207,1,1.0
2024-12-24 01:00,0.29,0.29,1,1.0
2024-12-24 02:00,0.27,0.27,1,1.0
2024-12-24 03:00,0.236,0.236,1,1.0
2024-12-24 04:00,0.277,0.277,1,1.0
2024-12-24 05:00,0.174,0.174,1,1.0
2024-12-24 06:00,0.181,0.181,1,1.0
2024-12-24 07:00,0.087,0.087,1,1.0
2024-12-24 08:00,0.061,0.061,1,1.0
2024-12-24 09:00,0.05,0.05,1,1.0
2024-12-24 10:00,0.102,0.102,1,1.0
2024-12-24 11:00,0.073,0.073,1,1.0
2024-12-24 12:00,0.079,0.079,1,1.0
2024-12-24 13:00,0.066,0.066,1,1.0
2024-12-24 14:00,0.058,0.058,1,1.0
2024-12-24 15:00,0.055,0.055,1,1.0
2024-12-24 16:00,0.079,0.079,1,1.0
2024-12-24 17:00,0.134,0.134,1,1.0
2024-12-24 18:00,0.213,0.213,1,1.0
2024-12-24 19:00,0.113,0.113,1,1.0
2024-12-24 20:00,0.06,0.06,1,1.0
2024-12-24 21:00,0.051,0.051,1,1.0
2024-12-24 22:00,0.045,0.045,1,1.0
2024-12-24 23:00,0.078,0.078,1,1.0
2024-12-25 00:00,0.068,0.068,1,1.0
2024-12-25 01:00,0.053,0.053,1,1.0
2024-12-25 02:00,0.03,0.03,1,1.0
2024-12-25 03:00,0.028,0.028,1,1.0
2024-12-25 04:00,0.042,0.042,1,1.0
2024-12-25 05:00,0.038,0.038,1,1.0
2024-12-25 06:00,0.019,0.019,1,1.0
2024-12-25 07:00,0.002,0.002,1,1.0
2024-12-25 08:00,0.0,0.0,1,1.0
2024-12-25 09:00,0.0,0.0,1,1.0
2024-12-25 10:00,0.0,0.0,1,1.0
2024-12-25 11:00,0.006,0.006,1,1.0
2024-12-25 12:00,0.024,0.024,1,1.0
2024-12-25 13:00,0.016,0.016,1,1.0
2024-12-25 14:00,0.004,0.004,1,1.0
2024-12-25 15:00,0.001,0.001,1,1.0
2024-12-25 16:00,0.0,0.0,1,1.0
2024-12-25 17:00,0.0,0.0,1,1.0
2024-12-25 18:00,0.0,0.0,1,1.0
2024-12-25 19:00,0.0,0.0,1,1.0
2024-12-25 20:00,0.0,0.0,1,1.0
2024-12-25 21:00,0.003,0.003,1,1.0
2024-12-25 22:00,0.004,0.004,1,1.0
2024-12-25 23:00,0.004,0.004,1,1.0
2024-12-26 00:00,0.003,0.003,1,1.0
2024-12-26 01:00,0.002,0.002,1,1.0
2024-12-26 02:00,0.002,0.002,1,1.0
2024-12-26 03:00,0.001,0.001,1,1.0
2024-12-26 04:00,0.0,0.0,1,1.0
2024-12-26 05:00,0.0,0.0,1,1.0
2024-12-26 06:00,0.004,0.004,1,1.0
2024-12-26 07:00,0.074,0.074,1,1.0
2024-12-26 08:00,0.047,0.047,1,1.0
2024-12-26 09:00,0.0,0.0,1,1.0
2024-12-26 10:00,0.0,0.0,1,1.0
2024-12-26 11:00,0.0,0.0,1,1.0
2024-12-26 12:00,0.0,0.0,1,1.0
2024-12-26 13:00,0.0,0.0,1,1.0
2024-12-26 14:00,0.0,0.0,1,1.0
2024-12-26 15:00,0.0,0.0,1,1.0
2024-12-26 16:00,0.0,0.0,1,1.0
2024-12-26 17:00,0.0,0.0,1,1.0
2024-12-26 18:00,0.0,0.0,1,1.0
2024-12-26 19:00,0.0,0.0,1,1.0
2024-12-26 20:00,0.0,0.0,1,1.0
2024-12-26 21:00,0.0,0.0,1,1.0
2024-12-26 22:00,0.0,0.0,1,1.0
2024-12-26 23:00,0.001,0.001,1,1.0
2024-12-27 00:00,0.0,0.0,1,1.0
2024-12-27 01:00,0.0,0.0,1,1.0
2024-12-27 02:00,0.0,0.0,1,1.0
2024-12-27 03:00,0.0,0.0,1,1.0
2024-12-27 04:00,0.0,0.0,1,1.0
2024-12-27 05:00,0.0,0.0,1,1.0
2024-12-27 06:00,0.0,0.0,1,1.0
2024-12-27 07:00,0.0,0.0,1,1.0
2024-12-27 08:00,0.0,0.0,1,1.0
2024-12-27 09:00,0.0,0.0,1,1.0
2024-12-27 10:00,0.0,0.0,1,1.0
2024-12-27 11:00,0.0,0.0,1,1.0
2024-12-27 12:00,0.0,0.0,1,1.0
2024-12-27 13:00,0.001,0.001,1,1.0
2024-12-27 14:00,0.0,0.0,1,1.0
2024-12-27 15:00,0.0,0.0,1,1.0
2024-12-27 16:00,0.0,0.0,1,1.0
2024-12-27 17:00,0.0,0.0,1,1.0
2024-12-27 18:00,0.0,0.0,1,1.0
2024-12-27 19:00,0.0,0.0,1,1.0
2024-12-27 20:00,0.0,0.0,1,1.0
2024-12-27 21:00,0.0,0.0,1,1.0
2024-12-27 22:00,0.0,0.0,1,1.0
2024-12-27 23:00,0.0,0.0,1,1.0
2024-12-28 00:00,0.0,0.0,1,1.0
2024-12-28 01:00,0.0,0.0,1,1.0
2024-12-28 02:00,0.0,0.0,1,1.0
2024-12-28 03:00,0.0,0.0,1,1.0
2024-12-28 04:00,0.0,0.0,1,1.0
2024-12-28 05:00,0.0,0.0,1,1.0
2024-12-28 06:00,0.0,0.0,1,1.0
2024-12-28 07:00,0.0,0.0,1,1.0
2024-12-28 08:00,0.0,0.0,1,1.0
2024-12-28 09:00,0.0,0.0,1,1.0
2024-12-28 10:00,0.0,0.0,1,1.0
2024-12-28 11:00,0.0,0.0,1,1.0
2024-12-28 12:00,0.0,0.0,1,1.0
2024-12-28 13:00,0.0,0.0,1,1.0
2024-12-28 14:00,0.0,0.0,1,1.0
2024-12-28 15:00,0.0,0.0,1,1.0
2024-12-28 16:00,0.0,0.0,1,1.0
2024-12-28 17:00,0.0,0.0,1,1.0
2024-12-28 18:00,0.0,0.0,1,1.0
2024-12-28 19:00,0.0,0.0,1,1.0
2024-12-28 20:00,0.0,0.0,1,1.0
2024-12-28 21:00,0.0,0.0,1,1.0
2024-12-28 22:00,0.0,0.0,1,1.0
2024-12-28 23:00,0.0,0.0,1,1.0
2024-12-29 00:00,0.0,0.0,1,1.0
2024-12-29 01:00,0.0,0.0,1,1.0
2024-12-29 02:00,0.0,0.0,1,1.0
2024-12-29 03:00,0.0,0.0,1,1.0
2024-12-29 04:00,0.0,0.0,1,1.0
2024-12-29 05:00,0.0,0.0,1,1.0
2024-12-29 06:00,0.0,0.0,1,1.0
2024-12-29 07:00,0.0,0.0,1,1.0
2024-12-29 08:00,0.0,0.0,1,1.0
2024-12-29 09:00,0.0,0.0,1,1.0
2024-12-29 10:00,0.0,0.0,1,1.0
2024-12-29 11:00,0.0,0.0,1,1.0
2024-12-29 12:00,0.0,0.0,1,1.0
2024-12-29 13:00,0.0,0.0,1,1.0
2024-12-29 14:00,0.0,0.0,1,1.0
2024-12-29 15:00,0.0,0.0,1,1.0
2024-12-29 16:00,0.0,0.0,1,1.0
2024-12-29 17:00,0.0,0.0,1,1.0
2024-12-29 18:00,0.0,0.0,1,1.0
2024-12-29 19:00,0.0,0.0,1,1.0
2024-12-29 20:00,0.001,0.001,1,1.0
2024-12-29 21:00,0.0,0.0,1,1.0
2024-12-29 22:00,0.0,0.0,1,1.0
2024-12-29 23:00,0.0,0.0,1,1.0
2024-12-30 00:00,0.0,0.0,1,1.0
2024-12-30 01:00,0.0,0.0,1,1.0
2024-12-30 02:00,0.0,0.0,1,1.0
2024-12-30 03:00,0.0,0.0,1,1.0
2024-12-30 04:00,0.0,0.0,1,1.0
2024-12-30 05:00,0.0,0.0,1,1.0
2024-12-30 06:00,0.0,0.0,1,1.0
2024-12-30 07:00,0.0,0.0,1,1.0
2024-12-30 08:00,0.0,0.0,1,1.0
2024-12-30 09:00,0.0,0.0,1,1.0
2024-12-30 10:00,0.0,0.0,1,1.0
2024-12-30 11:00,0.0,0.0,1,1.0
2024-12-30 12:00,0.0,0.0,1,1.0
2024-12-30 13:00,0.0,0.0,1,1.0
2024-12-30 14:00,0.0,0.0,1,1.0
2024-12-30 15:00,0.0,0.0,1,1.0
2024-12-30 16:00,0.0,0.0,1,1.0
2024-12-30 17:00,0.0,0.0,1,1.0
2024-12-30 18:00,0.0,0.0,1,1.0
2024-12-30 19:00,0.0,0.0,1,1.0
2024-12-30 20:00,0.0,0.0,1,1.0
2024-12-30 21:00,0.0,0.0,1,1.0
2024-12-30 22:00,0.0,0.0,1,1.0
2024-12-30 23:00,0.001,0.001,1,1.0
2024-12-31 00:00,0.0,0.0,1,1.0
2024-12-31 01:00,0.0,0.0,1,1.0
2024-12-31 02:00,0.0,0.0,1,1.0
2024-12-31 03:00,0.0,0.0,1,1.0
2024-12-31 04:00,0.0,0.0,1,1.0
2024-12-31 05:00,0.0,0.0,1,1.0
2024-12-31 06:00,0.0,0.0,1,1.0
2024-12-31 07:00,0.0,0.0,1,1.0
2024-12-31 08:00,0.0,0.0,1,1.0
2024-12-31 09:00,0.0,0.0,1,1.0
2024-12-31 10:00,0.0,0.0,1,1.0
2024-12-31 11:00,0.0,0.0,1,1.0
2024-12-31 12:00,0.0,0.0,1,1.0
2024-12-31 13:00,0.0,0.0,1,1.0
2024-12-31 14:00,0.0,0.0,1,1.0
2024-12-31 15:00,0.0,0.0,1,1.0
2024-12-31 16:00,0.0,0.0,1,1.0
2024-12-31 17:00,0.0,0.0,1,1.0
2024-12-31 18:00,0.0,0.0,1,1.0
2024-12-31 19:00,0.0,0.0,1,1.0
2024-12-31 20:00,0.0,0.0,1,1.0
2024-12-31 21:00,0.0,0.0,1,1.0
2024-12-31 22:00,0.0,0.0,1,1.0
2024-12-31 23:00,0.0,0.0,1,1.0
