time,value,min,max,n,coverage
2025-01-31 14:00,-9.47,-10.6,-7.8,6,0.5
2025-01-31 15:00,-11.73,-12.6,-10.8,12,1.0
2025-01-31 16:00,-13.15,-13.5,-12.7,12,1.0
2025-01-31 17:00,-13.7,-13.8,-13.5,12,1.0
2025-01-31 18:00,-13.9,-14.0,-13.8,12,1.0
2025-01-31 19:00,-14.01,-14.1,-14.0,12,1.0
2025-01-31 20:00,-14.1,-14.1,-14.1,12,1.0
2025-01-31 21:00,-14.1,-14.1,-14.1,12,1.0
2025-01-31 22:00,-14.1,-14.1,-14.1,12,1.0
2025-01-31 23:00,-14.11,-14.2,-14.1,12,1.0
2025-02-01 00:00,-14.13,-14.2,-14.1,12,1.0
2025-02-01 01:00,-14.18,-14.2,-14.1,12,1.0
2025-02-01 02:00,-14.19,-14.2,-14.1,12,1.0
2025-02-01 03:00,-14.2,-14.2,-14.2,12,1.0
2025-02-01 04:00,-14.2,-14.2,-14.2,12,1.0
2025-02-01 05:00,-14.2,-14.2,-14.2,12,1.0
2025-02-01 06:00,-14.2,-14.2,-14.2,12,1.0
2025-02-01 07:00,-14.2,-14.2,-14.2,12,1.0
2025-02-01 08:00,-14.24,-14.3,-14.2,12,1.0
2025-02-01 09:00,-14.28,-14.3,-14.2,12,1.0
2025-02-01 10:00,-14.3,-14.3,-14.3,12,1.0
2025-02-01 11:00,-14.3,-14.3,-14.3,12,1.0
2025-02-01 12:00,-14.3,-14.3,-14.3,12,1.0
2025-02-01 13:00,-14.3,-14.3,-14.3,12,1.0
2025-02-01 14:00,-14.39,-14.4,-14.3,12,1.0
2025-02-01 15:00,-14.4,-14.4,-14.4,12,1.0
2025-02-01 16:00,-14.46,-14.5,-14.4,12,1.0
2025-02-01 17:00,-14.5,-14.5,-14.5,12,1.0
2025-02-01 18:00,-14.51,-14.6,-14.5,12,1.0
2025-02-01 19:00,-14.58,-14.6,-14.5,12,1.0
2025-02-01 20:00,-14.6,-14.6,-14.6,12,1.0
2025-02-01 21:00,-14.61,-14.7,-14.6,12,1.0
2025-02-01 22:00,-14.7,-14.7,-14.7,12,1.0
2025-02-01 23:00,-14.7,-14.7,-14.7,12,1.0
2025-02-02 00:00,-14.72,-14.8,-14.7,12,1.0
2025-02-02 01:00,-14.79,-14.8,-14.7,12,1.0
2025-02-02 02:00,-14.8,-14.8,-14.8,12,1.0
2025-02-02 03:00,-14.8,-14.8,-14.8,12,1.0
2025-02-02 04:00,-14.86,-14.9,-14.8,12,1.0
2025-02-02 05:00,-14.9,-14.9,-14.9,12,1.0
2025-02-02 06:00,-14.9,-14.9,-14.9,12,1.0
2025-02-02 07:00,-14.97,-15.0,-14.9,12,1.0
2025-02-02 08:00,-15.0,-15.0,-15.0,12,1.0
2025-02-02 09:00,-15.0,-15.0,-15.0,12,1.0
2025-02-02 10:00,-15.08,-15.1,-15.0,12,1.0
2025-02-02 11:00,-15.1,-15.1,-15.1,12,1.0
2025-02-02 12:00,-15.13,-15.2,-15.1,12,1.0
2025-02-02 13:00,-15.2,-15.2,-15.2,12,1.0
2025-02-02 14:00,-15.25,-15.3,-15.2,12,1.0
2025-02-02 15:00,-15.3,-15.3,-15.3,12,1.0
2025-02-02 16:00,-15.37,-15.4,-15.3,12,1.0
2025-02-02 17:00,-15.44,-15.5,-15.4,12,1.0
2025-02-02 18:00,-15.5,-15.5,-15.5,12,1.0
2025-02-02 19:00,-15.56,-15.6,-15.5,12,1.0
2025-02-02 20:00,-15.61,-15.7,-15.6,12,1.0
2025-02-02 21:00,-15.69,-15.7,-15.6,12,1.0
2025-02-02 22:00,-15.72,-15.8,-15.7,12,1.0
2025-02-02 23:00,-15.8,-15.8,-15.8,12,1.0
2025-02-03 00:00,-15.81,-15.9,-15.8,12,1.0
2025-02-03 01:00,-15.9,-15.9,-15.9,12,1.0
2025-02-03 02:00,-15.92,-16.0,-15.9,12,1.0
2025-02-03 03:00,-16.0,-16.0,-16.0,12,1.0
2025-02-03 04:00,-16.0,-16.0,-16.0,12,1.0
2025-02-03 05:00,-16.08,-16.1,-16.0,12,1.0
2025-02-03 06:00,-16.1,-16.1,-16.1,12,1.0
2025-02-03 07:00,-16.18,-16.2,-16.1,12,1.0
2025-02-03 08:00,-16.22,-16.3,-16.2,12,1.0
2025-02-03 09:00,-16.3,-16.3,-16.3,12,1.0
2025-02-03 10:00,-16.3,-16.3,-16.3,12,1.0
2025-02-03 11:00,-16.32,-16.4,-16.3,12,1.0
2025-02-03 12:00,-16.39,-16.4,-16.3,12,1.0
2025-02-03 13:00,-16.4,-16.4,-16.4,12,1.0
2025-02-03 14:00,-16.42,-16.5,-16.4,12,1.0
2025-02-03 15:00,-16.48,-16.5,-16.4,12,1.0
2025-02-03 16:00,-16.5,-16.5,-16.5,12,1.0
2025-02-03 17:00,-16.55,-16.6,-16.5,12,1.0
2025-02-03 18:00,-16.6,-16.6,-16.6,12,1.0
2025-02-03 19:00,-16.6,-16.6,-16.6,12,1.0
2025-02-03 20:00,-16.69,-16.7,-16.6,12,1.0
2025-02-03 21:00,-16.7,-16.7,-16.7,12,1.0
2025-02-03 22:00,-16.76,-16.8,-16.7,12,1.0
2025-02-03 23:00,-16.8,-16.8,-16.8,12,1.0
2025-02-04 00:00,-16.82,-16.9,-16.8,12,1.0
2025-02-04 01:00,-16.9,-16.9,-16.9,12,1.0
2025-02-04 02:00,-16.9,-16.9,-16.9,12,1.0
2025-02-04 03:00,-16.98,-17.0,-16.9,12,1.0
2025-02-04 04:00,-17.0,-17.0,-17.0,12,1.0
2025-02-04 05:00,-17.09,-17.1,-17.0,12,1.0
2025-02-04 06:00,-17.12,-17.2,-17.1,12,1.0
2025-02-04 07:00,-17.2,-17.2,-17.2,12,1.0
2025-02-04 08:00,-17.23,-17.3,-17.2,12,1.0
2025-02-04 09:00,-17.3,-17.3,-17.3,12,1.0
2025-02-04 10:00,-17.37,-17.4,-17.3,12,1.0
2025-02-04 11:00,-17.41,-17.5,-17.4,12,1.0
2025-02-04 12:00,-17.5,-17.5,-17.5,12,1.0
2025-02-04 13:00,-17.53,-17.6,-17.5,12,1.0
2025-02-04 14:00,-17.61,-17.7,-17.6,12,1.0
2025-02-04 15:00,-17.68,-17.7,-17.6,12,1.0
2025-02-04 16:00,-17.78,-17.8,-17.7,12,1.0
2025-02-04 17:00,-17.81,-17.9,-17.8,12,1.0
2025-02-04 18:00,-17.9,-17.9,-17.9,12,1.0
2025-02-04 19:00,-17.98,-18.0,-17.9,12,1.0
2025-02-04 20:00,-18.08,-18.1,-18.0,12,1.0
2025-02-04 21:00,-18.17,-18.2,-18.1,12,1.0
2025-02-04 22:00,-18.22,-18.3,-18.2,12,1.0
2025-02-04 23:00,-18.3,-18.3,-18.3,12,1.0
2025-02-05 00:00,-18.4,-18.4,-18.4,12,1.0
2025-02-05 01:00,-18.48,-18.5,-18.4,12,1.0
2025-02-05 02:00,-18.53,-18.6,-18.5,12,1.0
2025-02-05 03:00,-18.58,-18.6,-18.5,12,1.0
2025-02-05 04:00,-18.67,-18.7,-18.6,12,1.0
2025-02-05 05:00,-18.75,-18.8,-18.7,12,1.0
2025-02-05 06:00,-18.82,-18.9,-18.8,12,1.0
2025-02-05 07:00,-18.89,-18.9,-18.8,12,1.0
2025-02-05 08:00,-18.92,-19.0,-18.9,12,1.0
2025-02-05 09:00,-18.99,-19.0,-18.9,12,1.0
2025-02-05 10:00,-19.05,-19.1,-19.0,12,1.0
2025-02-05 11:00,-19.11,-19.2,-19.1,12,1.0
2025-02-05 12:00,-19.2,-19.2,-19.2,12,1.0
2025-02-05 13:00,-19.21,-19.3,-19.2,12,1.0
2025-02-05 14:00,-19.28,-19.3,-19.2,12,1.0
2025-02-05 15:00,-19.35,-19.4,-19.3,12,1.0
2025-02-05 16:00,-19.41,-19.5,-19.4,12,1.0
2025-02-05 17:00,-19.49,-19.5,-19.4,12,1.0
2025-02-05 18:00,-19.58,-19.6,-19.5,12,1.0
2025-02-05 19:00,-19.62,-19.7,-19.6,12,1.0
2025-02-05 20:00,-19.71,-19.8,-19.7,12,1.0
2025-02-05 21:00,-19.8,-19.8,-19.8,12,1.0
2025-02-05 22:00,-19.88,-19.9,-19.8,12,1.0
2025-02-05 23:00,-19.93,-20.0,-19.9,12,1.0
2025-02-06 00:00,-20.0,-20.0,-20.0,12,1.0
2025-02-06 01:00,-20.07,-20.1,-20.0,12,1.0
2025-02-06 02:00,-20.15,-20.2,-20.1,12,1.0
2025-02-06 03:00,-20.22,-20.3,-20.2,12,1.0
2025-02-06 04:00,-20.3,-20.3,-20.3,12,1.0
2025-02-06 05:00,-20.35,-20.4,-20.3,12,1.0
2025-02-06 06:00,-20.39,-20.4,-20.3,12,1.0
2025-02-06 07:00,-20.45,-20.5,-20.4,12,1.0
2025-02-06 08:00,-20.5,-20.5,-20.5,12,1.0
2025-02-06 09:00,-20.57,-20.6,-20.5,12,1.0
2025-02-06 10:00,-20.6,-20.6,-20.6,12,1.0
2025-02-06 11:00,-20.67,-20.7,-20.6,12,1.0
2025-02-06 12:00,-20.7,-20.7,-20.7,12,1.0
2025-02-06 13:00,-20.78,-20.8,-20.7,12,1.0
2025-02-06 14:00,-20.82,-20.9,-20.8,12,1.0
2025-02-06 15:00,-20.9,-20.9,-20.9,12,1.0
2025-02-06 16:00,-20.94,-21.0,-20.9,12,1.0
2025-02-06 17:00,-21.0,-21.0,-21.0,12,1.0
2025-02-06 18:00,-21.1,-21.1,-21.1,12,1.0
2025-02-06 19:00,-21.12,-21.2,-21.1,12,1.0
2025-02-06 20:00,-21.19,-21.2,-21.1,12,1.0
2025-02-06 21:00,-21.28,-21.3,-21.2,12,1.0
2025-02-06 22:00,-21.32,-21.4,-21.3,12,1.0
2025-02-06 23:00,-21.4,-21.4,-21.4,12,1.0
2025-02-07 00:00,-21.45,-21.5,-21.4,12,1.0
2025-02-07 01:00,-21.51,-21.6,-21.5,12,1.0
2025-02-07 02:00,-21.57,-21.6,-21.5,12,1.0
2025-02-07 03:00,-21.6,-21.6,-21.6,12,1.0
2025-02-07 04:00,-21.68,-21.7,-21.6,12,1.0
2025-02-07 05:00,-21.73,-21.8,-21.7,12,1.0
2025-02-07 06:00,-21.8,-21.8,-21.8,12,1.0
2025-02-07 07:00,-21.84,-21.9,-21.8,12,1.0
2025-02-07 08:00,-21.9,-21.9,-21.9,12,1.0
2025-02-07 09:00,-21.98,-22.0,-21.9,12,1.0
2025-02-07 10:00,-22.0,-22.0,-22.0,12,1.0
2025-02-07 11:00,-22.05,-22.1,-22.0,12,1.0
2025-02-07 12:00,-22.1,-22.1,-22.1,12,1.0
2025-02-07 13:00,-22.15,-22.2,-22.1,12,1.0
2025-02-07 14:00,-22.2,-22.2,-22.2,12,1.0
2025-02-07 15:00,-22.25,-22.3,-22.2,12,1.0
2025-02-07 16:00,-22.3,-22.3,-22.3,12,1.0
2025-02-07 17:00,-22.34,-22.4,-22.3,12,1.0
2025-02-07 18:00,-22.41,-22.5,-22.4,12,1.0
2025-02-07 19:00,-22.49,-22.5,-22.4,12,1.0
2025-02-07 20:00,-22.57,-22.6,-22.5,12,1.0
2025-02-07 21:00,-22.62,-22.7,-22.6,12,1.0
2025-02-07 22:00,-22.7,-22.7,-22.7,12,1.0
2025-02-07 23:00,-22.73,-22.8,-22.7,12,1.0
2025-02-08 00:00,-22.83,-22.9,-22.8,12,1.0
2025-02-08 01:00,-22.88,-22.9,-22.8,12,1.0
2025-02-08 02:00,-22.91,-23.0,-22.9,12,1.0
2025-02-08 03:00,-22.99,-23.0,-22.9,12,1.0
2025-02-08 04:00,-23.04,-23.1,-23.0,12,1.0
2025-02-08 05:00,-23.1,-23.1,-23.1,12,1.0
2025-02-08 06:00,-23.15,-23.2,-23.1,12,1.0
2025-02-08 07:00,-23.2,-23.2,-23.2,12,1.0
2025-02-08 08:00,-23.28,-23.3,-23.2,12,1.0
2025-02-08 09:00,-23.3,-23.3,-23.3,12,1.0
2025-02-08 10:00,-23.32,-23.4,-23.3,12,1.0
2025-02-08 11:00,-23.39,-23.4,-23.3,12,1.0
2025-02-08 12:00,-23.4,-23.4,-23.4,12,1.0
2025-02-08 13:00,-23.48,-23.5,-23.4,12,1.0
2025-02-08 14:00,-23.51,-23.6,-23.5,12,1.0
2025-02-08 15:00,-23.58,-23.6,-23.5,12,1.0
2025-02-08 16:00,-23.61,-23.7,-23.6,12,1.0
2025-02-08 17:00,-23.67,-23.7,-23.6,12,1.0
2025-02-08 18:00,-23.7,-23.7,-23.7,12,1.0
2025-02-08 19:00,-23.78,-23.8,-23.7,12,1.0
2025-02-08 20:00,-23.8,-23.8,-23.8,12,1.0
2025-02-08 21:00,-23.82,-23.9,-23.8,12,1.0
2025-02-08 22:00,-23.9,-23.9,-23.9,12,1.0
2025-02-08 23:00,-23.91,-24.0,-23.9,12,1.0
2025-02-09 00:00,-23.98,-24.0,-23.9,12,1.0
2025-02-09 01:00,-24.01,-24.1,-24.0,12,1.0
2025-02-09 02:00,-24.03,-24.1,-24.0,12,1.0
2025-02-09 03:00,-24.1,-24.1,-24.1,12,1.0
2025-02-09 04:00,-24.12,-24.2,-24.1,12,1.0
2025-02-09 05:00,-24.2,-24.2,-24.2,12,1.0
2025-02-09 06:00,-24.22,-24.3,-24.2,12,1.0
2025-02-09 07:00,-24.28,-24.3,-24.2,12,1.0
2025-02-09 08:00,-24.3,-24.3,-24.3,12,1.0
2025-02-09 09:00,-24.33,-24.4,-24.3,12,1.0
2025-02-09 10:00,-24.4,-24.4,-24.4,12,1.0
2025-02-09 11:00,-24.42,-24.5,-24.4,12,1.0
2025-02-09 12:00,-24.48,-24.5,-24.4,12,1.0
2025-02-09 13:00,-24.51,-24.6,-24.5,12,1.0
2025-02-09 14:00,-24.58,-24.6,-24.5,12,1.0
2025-02-09 15:00,-24.6,-24.6,-24.6,12,1.0
2025-02-09 16:00,-24.69,-24.7,-24.6,12,1.0
2025-02-09 17:00,-24.71,-24.8,-24.7,12,1.0
2025-02-09 18:00,-24.76,-24.8,-24.7,12,1.0
2025-02-09 19:00,-24.81,-24.9,-24.8,12,1.0
2025-02-09 20:00,-24.88,-24.9,-24.8,12,1.0
2025-02-09 21:00,-24.96,-25.0,-24.9,12,1.0
2025-02-09 22:00,-25.0,-25.0,-25.0,12,1.0
2025-02-09 23:00,-25.08,-25.1,-25.0,12,1.0
2025-02-10 00:00,-25.13,-25.2,-25.1,12,1.0
2025-02-10 01:00,-25.19,-25.2,-25.1,12,1.0
2025-02-10 02:00,-25.25,-25.3,-25.2,12,1.0
2025-02-10 03:00,-25.3,-25.3,-25.3,12,1.0
2025-02-10 04:00,-25.39,-25.4,-25.3,12,1.0
2025-02-10 05:00,-25.42,-25.5,-25.4,12,1.0
2025-02-10 06:00,-25.49,-25.5,-25.4,12,1.0
2025-02-10 07:00,-25.55,-25.6,-25.5,12,1.0
2025-02-10 08:00,-25.61,-25.7,-25.6,12,1.0
2025-02-10 09:00,-25.68,-25.7,-25.6,12,1.0
2025-02-10 10:00,-25.77,-25.8,-25.7,12,1.0
2025-02-10 11:00,-25.8,-25.8,-25.8,12,1.0
2025-02-10 12:00,-25.84,-25.9,-25.8,12,1.0
2025-02-10 13:00,-25.88,-25.9,-25.8,12,1.0
2025-02-10 14:00,-25.91,-26.0,-25.9,12,1.0
2025-02-10 15:00,-25.96,-26.0,-25.9,12,1.0
2025-02-10 16:00,-26.02,-26.1,-26.0,12,1.0
2025-02-10 17:00,-26.09,-26.1,-26.0,12,1.0
2025-02-10 18:00,-26.12,-26.2,-26.1,12,1.0
2025-02-10 19:00,-26.18,-26.2,-26.1,12,1.0
2025-02-10 20:00,-26.28,-26.3,-26.2,12,1.0
2025-02-10 21:00,-26.31,-26.4,-26.3,12,1.0
2025-02-10 22:00,-26.39,-26.4,-26.3,12,1.0
2025-02-10 23:00,-26.43,-26.5,-26.4,12,1.0
2025-02-11 00:00,-26.5,-26.5,-26.5,12,1.0
2025-02-11 01:00,-26.55,-26.6,-26.5,12,1.0
2025-02-11 02:00,-26.61,-26.7,-26.6,12,1.0
2025-02-11 03:00,-26.69,-26.7,-26.6,12,1.0
2025-02-11 04:00,-26.75,-26.8,-26.7,12,1.0
2025-02-11 05:00,-26.81,-26.9,-26.8,12,1.0
2025-02-11 06:00,-26.88,-26.9,-26.8,12,1.0
2025-02-11 07:00,-26.91,-27.0,-26.9,12,1.0
2025-02-11 08:00,-26.96,-27.0,-26.9,12,1.0
2025-02-11 09:00,-27.0,-27.0,-27.0,12,1.0
2025-02-11 10:00,-27.02,-27.1,-27.0,12,1.0
2025-02-11 11:00,-27.1,-27.1,-27.1,12,1.0
2025-02-11 12:00,-27.13,-27.2,-27.1,12,1.0
2025-02-11 13:00,-27.19,-27.2,-27.1,12,1.0
2025-02-11 14:00,-27.21,-27.3,-27.2,12,1.0
2025-02-11 15:00,-27.25,-27.3,-27.2,12,1.0
2025-02-11 16:00,-27.3,-27.3,-27.3,12,1.0
2025-02-11 17:00,-27.33,-27.4,-27.3,12,1.0
2025-02-11 18:00,-27.4,-27.4,-27.4,12,1.0
2025-02-11 19:00,-27.45,-27.5,-27.4,12,1.0
2025-02-11 20:00,-27.49,-27.5,-27.4,12,1.0
2025-02-11 21:00,-27.52,-27.6,-27.5,12,1.0
2025-02-11 22:00,-27.59,-27.6,-27.5,12,1.0
2025-02-11 23:00,-27.66,-27.7,-27.6,12,1.0
2025-02-12 00:00,-27.71,-27.8,-27.7,12,1.0
2025-02-12 01:00,-27.78,-27.8,-27.7,12,1.0
2025-02-12 02:00,-27.79,-27.8,-27.7,12,1.0
2025-02-12 03:00,-27.81,-27.9,-27.8,12,1.0
2025-02-12 04:00,-27.9,-27.9,-27.9,12,1.0
2025-02-12 05:00,-27.92,-28.0,-27.9,12,1.0
2025-02-12 06:00,-27.99,-28.0,-27.9,12,1.0
2025-02-12 07:00,-28.03,-28.1,-28.0,12,1.0
2025-02-12 08:00,-28.08,-28.1,-28.0,12,1.0
2025-02-12 09:00,-28.1,-28.1,-28.1,12,1.0
2025-02-12 10:00,-28.14,-28.2,-28.1,12,1.0
2025-02-12 11:00,-28.2,-28.2,-28.2,12,1.0
2025-02-12 12:00,-28.2,-28.2,-28.2,12,1.0
2025-02-12 13:00,-28.22,-28.3,-28.2,12,1.0
2025-02-12 14:00,-28.29,-28.3,-28.2,12,1.0
2025-02-12 15:00,-28.31,-28.4,-28.3,12,1.0
2025-02-12 16:00,-28.37,-28.4,-28.3,12,1.0
2025-02-12 17:00,-28.39,-28.4,-28.3,12,1.0
2025-02-12 18:00,-28.42,-28.5,-28.4,12,1.0
2025-02-12 19:00,-28.5,-28.5,-28.5,12,1.0
2025-02-12 20:00,-28.52,-28.6,-28.5,12,1.0
2025-02-12 21:00,-28.58,-28.6,-28.5,12,1.0
2025-02-12 22:00,-28.62,-28.7,-28.6,12,1.0
2025-02-12 23:00,-28.69,-28.7,-28.6,12,1.0
2025-02-13 00:00,-28.72,-28.8,-28.7,12,1.0
2025-02-13 01:00,-28.79,-28.8,-28.7,12,1.0
2025-02-13 02:00,-28.82,-28.9,-28.8,12,1.0
2025-02-13 03:00,-28.86,-28.9,-28.8,12,1.0
2025-02-13 04:00,-28.91,-29.0,-28.9,12,1.0
2025-02-13 05:00,-28.97,-29.0,-28.9,12,1.0
2025-02-13 06:00,-29.01,-29.1,-29.0,12,1.0
2025-02-13 07:00,-29.08,-29.1,-29.0,12,1.0
2025-02-13 08:00,-29.13,-29.2,-29.1,12,1.0
2025-02-13 09:00,-29.19,-29.2,-29.1,12,1.0
2025-02-13 10:00,-29.21,-29.3,-29.2,12,1.0
2025-02-13 11:00,-29.24,-29.3,-29.2,12,1.0
2025-02-13 12:00,-29.29,-29.3,-29.2,12,1.0
2025-02-13 13:00,-29.34,-29.4,-29.3,12,1.0
2025-02-13 14:00,-29.38,-29.4,-29.3,12,1.0
2025-02-13 15:00,-29.4,-29.4,-29.4,12,1.0
2025-02-13 16:00,-29.44,-29.5,-29.4,12,1.0
2025-02-13 17:00,-29.49,-29.5,-29.4,12,1.0
2025-02-13 18:00,-29.52,-29.6,-29.5,12,1.0
2025-02-13 19:00,-29.58,-29.6,-29.5,12,1.0
2025-02-13 20:00,-29.62,-29.7,-29.5,12,1.0
2025-02-13 21:00,-29.69,-29.8,-29.6,12,1.0
2025-02-13 22:00,-29.75,-29.8,-29.7,12,1.0
2025-02-13 23:00,-29.81,-29.9,-29.8,12,1.0
2025-02-14 00:00,-29.86,-29.9,-29.8,12,1.0
2025-02-14 01:00,-29.89,-29.9,-29.8,12,1.0
2025-02-14 02:00,-29.94,-30.0,-29.9,12,1.0
2025-02-14 03:00,-30.0,-30.0,-30.0,12,1.0
2025-02-14 04:00,-30.03,-30.1,-30.0,12,1.0
2025-02-14 05:00,-30.09,-30.1,-30.0,12,1.0
2025-02-14 06:00,-30.14,-30.2,-30.1,12,1.0
2025-02-14 07:00,-30.19,-30.2,-30.1,12,1.0
2025-02-14 08:00,-30.22,-30.3,-30.2,12,1.0
2025-02-14 09:00,-30.3,-30.3,-30.3,12,1.0
2025-02-14 10:00,-30.32,-30.4,-30.3,12,1.0
2025-02-14 11:00,-30.38,-30.4,-30.3,12,1.0
2025-02-14 12:00,-30.4,-30.4,-30.4,12,1.0
2025-02-14 13:00,-30.44,-30.5,-30.4,12,1.0
2025-02-14 14:00,-30.5,-30.5,-30.5,12,1.0
2025-02-14 15:00,-30.5,-30.5,-30.5,12,1.0
2025-02-14 16:00,-30.51,-30.6,-30.5,12,1.0
2025-02-14 17:00,-30.54,-30.6,-30.5,12,1.0
2025-02-14 18:00,-30.57,-30.6,-30.5,12,1.0
2025-02-14 19:00,-30.6,-30.6,-30.6,12,1.0
2025-02-14 20:00,-30.6,-30.6,-30.6,12,1.0
2025-02-14 21:00,-30.62,-30.7,-30.6,12,1.0
2025-02-14 22:00,-30.68,-30.7,-30.6,12,1.0
2025-02-14 23:00,-30.7,-30.7,-30.7,12,1.0
2025-02-15 00:00,-30.74,-30.8,-30.7,12,1.0
2025-02-15 01:00,-30.79,-30.8,-30.7,12,1.0
2025-02-15 02:00,-30.82,-30.9,-30.8,12,1.0
2025-02-15 03:00,-30.85,-30.9,-30.8,12,1.0
2025-02-15 04:00,-30.87,-30.9,-30.8,12,1.0
2025-02-15 05:00,-30.9,-30.9,-30.9,12,1.0
2025-02-15 06:00,-30.92,-31.0,-30.9,12,1.0
2025-02-15 07:00,-30.98,-31.0,-30.9,12,1.0
2025-02-15 08:00,-31.01,-31.1,-31.0,12,1.0
2025-02-15 09:00,-31.04,-31.1,-31.0,12,1.0
2025-02-15 10:00,-31.08,-31.1,-31.0,12,1.0
2025-02-15 11:00,-31.1,-31.1,-31.1,12,1.0
2025-02-15 12:00,-31.03,-31.1,-31.0,12,1.0
2025-02-15 13:00,-30.92,-31.0,-30.8,12,1.0
2025-02-15 14:00,-30.65,-30.8,-30.4,12,1.0
2025-02-15 15:00,-30.06,-30.4,-29.7,12,1.0
2025-02-15 16:00,-29.2,-29.6,-28.7,12,1.0
2025-02-15 17:00,-28.17,-28.6,-27.6,12,1.0
2025-02-15 18:00,-27.07,-27.5,-26.6,12,1.0
2025-02-15 19:00,-25.99,-26.5,-25.5,12,1.0
2025-02-15 20:00,-24.98,-25.4,-24.5,12,1.0
2025-02-15 21:00,-24.03,-24.4,-23.7,12,1.0
2025-02-15 22:00,-23.21,-23.6,-22.9,12,1.0
2025-02-15 23:00,-22.45,-22.8,-22.1,12,1.0
2025-02-16 00:00,-21.79,-22.1,-21.5,12,1.0
2025-02-16 01:00,-21.19,-21.4,-21.0,12,1.0
2025-02-16 02:00,-20.63,-20.9,-20.4,12,1.0
2025-02-16 03:00,-20.16,-20.4,-19.9,12,1.0
2025-02-16 04:00,-19.72,-19.9,-19.5,12,1.0
2025-02-16 05:00,-19.34,-19.5,-19.1,12,1.0
2025-02-16 06:00,-18.99,-19.1,-18.8,12,1.0
2025-02-16 07:00,-18.68,-18.8,-18.5,12,1.0
2025-02-16 08:00,-18.41,-18.5,-18.3,12,1.0
2025-02-16 09:00,-18.16,-18.3,-18.0,12,1.0
2025-02-16 10:00,-17.92,-18.0,-17.8,12,1.0
2025-02-16 11:00,-17.72,-17.8,-17.6,12,1.0
2025-02-16 12:00,-17.54,-17.6,-17.4,12,1.0
2025-02-16 13:00,-17.38,-17.5,-17.3,12,1.0
2025-02-16 14:00,-17.25,-17.3,-17.2,12,1.0
2025-02-16 15:00,-17.09,-17.1,-17.0,12,1.0
2025-02-16 16:00,-16.97,-17.0,-16.9,12,1.0
2025-02-16 17:00,-16.89,-16.9,-16.8,12,1.0
2025-02-16 18:00,-16.79,-16.8,-16.7,12,1.0
2025-02-16 19:00,-16.72,-16.8,-16.7,12,1.0
2025-02-16 20:00,-16.68,-16.7,-16.6,12,1.0
2025-02-16 21:00,-16.62,-16.7,-16.6,12,1.0
2025-02-16 22:00,-16.6,-16.6,-16.6,12,1.0
2025-02-16 23:00,-16.6,-16.6,-16.6,12,1.0
2025-02-17 00:00,-16.6,-16.6,-16.6,12,1.0
2025-02-17 01:00,-16.58,-16.6,-16.5,12,1.0
2025-02-17 02:00,-16.52,-16.6,-16.5,12,1.0
2025-02-17 03:00,-16.5,-16.5,-16.5,12,1.0
2025-02-17 04:00,-16.5,-16.5,-16.5,12,1.0
2025-02-17 05:00,-16.5,-16.5,-16.5,12,1.0
2025-02-17 06:00,-16.5,-16.5,-16.5,12,1.0
2025-02-17 07:00,-16.5,-16.5,-16.5,12,1.0
2025-02-17 08:00,-16.5,-16.5,-16.5,12,1.0
2025-02-17 09:00,-16.5,-16.5,-16.5,12,1.0
2025-02-17 10:00,-16.51,-16.6,-16.5,12,1.0
2025-02-17 11:00,-16.53,-16.6,-16.5,12,1.0
2025-02-17 12:00,-16.58,-16.6,-16.5,12,1.0
2025-02-17 13:00,-16.58,-16.6,-16.5,12,1.0
2025-02-17 14:00,-16.6,-16.6,-16.6,12,1.0
2025-02-17 15:00,-16.6,-16.6,-16.6,12,1.0
2025-02-17 16:00,-16.66,-16.7,-16.6,12,1.0
2025-02-17 17:00,-16.7,-16.7,-16.7,12,1.0
2025-02-17 18:00,-16.7,-16.7,-16.7,12,1.0
2025-02-17 19:00,-16.72,-16.8,-16.7,12,1.0
2025-02-17 20:00,-16.8,-16.8,-16.8,12,1.0
2025-02-17 21:00,-16.82,-16.9,-16.8,12,1.0
2025-02-17 22:00,-16.89,-16.9,-16.8,12,1.0
2025-02-17 23:00,-16.96,-17.0,-16.9,12,1.0
2025-02-18 00:00,-17.0,-17.0,-17.0,12,1.0
2025-02-18 01:00,-17.06,-17.1,-17.0,12,1.0
2025-02-18 02:00,-17.11,-17.2,-17.1,12,1.0
2025-02-18 03:00,-17.2,-17.2,-17.2,12,1.0
2025-02-18 04:00,-17.28,-17.3,-17.2,12,1.0
2025-02-18 05:00,-17.3,-17.3,-17.3,12,1.0
2025-02-18 06:00,-17.38,-17.4,-17.3,12,1.0
2025-02-18 07:00,-17.4,-17.4,-17.4,12,1.0
2025-02-18 08:00,-17.5,-17.5,-17.5,12,1.0
2025-02-18 09:00,-17.58,-17.6,-17.5,12,1.0
2025-02-18 10:00,-17.61,-17.7,-17.6,12,1.0
2025-02-18 11:00,-17.69,-17.7,-17.6,12,1.0
2025-02-18 12:00,-17.72,-17.8,-17.7,12,1.0
2025-02-18 13:00,-17.8,-17.8,-17.8,12,1.0
2025-02-18 14:00,-17.88,-17.9,-17.8,12,1.0
2025-02-18 15:00,-17.93,-18.0,-17.9,12,1.0
2025-02-18 16:00,-18.0,-18.0,-18.0,12,1.0
2025-02-18 17:00,-18.07,-18.1,-18.0,12,1.0
2025-02-18 18:00,-18.13,-18.2,-18.1,12,1.0
2025-02-18 19:00,-18.2,-18.2,-18.2,12,1.0
2025-02-18 20:00,-18.3,-18.3,-18.3,12,1.0
2025-02-18 21:00,-18.38,-18.4,-18.3,12,1.0
2025-02-18 22:00,-18.47,-18.5,-18.4,12,1.0
2025-02-18 23:00,-18.56,-18.6,-18.5,12,1.0
2025-02-19 00:00,-18.62,-18.7,-18.6,12,1.0
2025-02-19 01:00,-18.68,-18.7,-18.6,12,1.0
2025-02-19 02:00,-18.77,-18.8,-18.7,12,1.0
2025-02-19 03:00,-18.84,-18.9,-18.8,12,1.0
2025-02-19 04:00,-18.92,-19.0,-18.9,12,1.0
2025-02-19 05:00,-19.0,-19.0,-19.0,12,1.0
2025-02-19 06:00,-19.03,-19.1,-19.0,12,1.0
2025-02-19 07:00,-19.12,-19.2,-19.1,12,1.0
2025-02-19 08:00,-19.2,-19.2,-19.2,12,1.0
2025-02-19 09:00,-19.29,-19.3,-19.2,12,1.0
2025-02-19 10:00,-19.35,-19.4,-19.3,12,1.0
2025-02-19 11:00,-19.42,-19.5,-19.4,12,1.0
2025-02-19 12:00,-19.5,-19.5,-19.5,12,1.0
2025-02-19 13:00,-19.59,-19.6,-19.5,12,1.0
2025-02-19 14:00,-19.65,-19.7,-19.6,12,1.0
2025-02-19 15:00,-19.71,-19.8,-19.7,12,1.0
2025-02-19 16:00,-19.81,-19.9,-19.8,12,1.0
2025-02-19 17:00,-19.89,-19.9,-19.8,12,1.0
2025-02-19 18:00,-19.99,-20.0,-19.9,12,1.0
2025-02-19 19:00,-20.09,-20.1,-20.0,12,1.0
2025-02-19 20:00,-20.14,-20.2,-20.1,12,1.0
2025-02-19 21:00,-20.22,-20.3,-20.2,12,1.0
2025-02-19 22:00,-20.3,-20.3,-20.3,12,1.0
2025-02-19 23:00,-20.38,-20.4,-20.3,12,1.0
2025-02-20 00:00,-20.48,-20.5,-20.4,12,1.0
2025-02-20 01:00,-20.56,-20.6,-20.5,12,1.0
2025-02-20 02:00,-20.63,-20.7,-20.6,12,1.0
2025-02-20 03:00,-20.72,-20.8,-20.7,12,1.0
2025-02-20 04:00,-20.81,-20.9,-20.8,12,1.0
2025-02-20 05:00,-20.88,-20.9,-20.8,12,1.0
2025-02-20 06:00,-20.94,-21.0,-20.9,12,1.0
2025-02-20 07:00,-21.0,-21.0,-21.0,12,1.0
2025-02-20 08:00,-21.08,-21.1,-21.0,12,1.0
2025-02-20 09:00,-21.13,-21.2,-21.1,12,1.0
2025-02-20 10:00,-21.19,-21.2,-21.1,12,1.0
2025-02-20 11:00,-21.29,-21.3,-21.2,12,1.0
2025-02-20 12:00,-21.33,-21.4,-21.3,12,1.0
2025-02-20 13:00,-21.42,-21.5,-21.4,12,1.0
2025-02-20 14:00,-21.49,-21.5,-21.4,12,1.0
2025-02-20 15:00,-21.52,-21.6,-21.5,12,1.0
2025-02-20 16:00,-21.61,-21.7,-21.6,12,1.0
2025-02-20 17:00,-21.69,-21.7,-21.6,12,1.0
2025-02-20 18:00,-21.76,-21.8,-21.7,12,1.0
2025-02-20 19:00,-21.84,-21.9,-21.8,12,1.0
2025-02-20 20:00,-21.91,-22.0,-21.9,12,1.0
2025-02-20 21:00,-22.0,-22.0,-22.0,12,1.0
2025-02-20 22:00,-22.08,-22.2,-22.0,12,1.0
2025-02-20 23:00,-22.15,-22.2,-22.1,12,1.0
2025-02-21 00:00,-22.22,-22.3,-22.2,12,1.0
2025-02-21 01:00,-22.32,-22.4,-22.3,12,1.0
2025-02-21 02:00,-22.4,-22.4,-22.4,12,1.0
2025-02-21 03:00,-22.46,-22.5,-22.4,12,1.0
2025-02-21 04:00,-22.54,-22.6,-22.5,12,1.0
2025-02-21 05:00,-22.58,-22.6,-22.5,12,1.0
2025-02-21 06:00,-22.67,-22.7,-22.6,12,1.0
2025-02-21 07:00,-22.72,-22.8,-22.7,12,1.0
2025-02-21 08:00,-22.8,-22.8,-22.8,12,1.0
2025-02-21 09:00,-22.88,-22.9,-22.8,12,1.0
2025-02-21 10:00,-22.94,-23.0,-22.9,12,1.0
2025-02-21 11:00,-23.0,-23.0,-23.0,12,1.0
2025-02-21 12:00,-23.05,-23.1,-23.0,12,1.0
2025-02-21 13:00,-23.12,-23.2,-23.1,12,1.0
2025-02-21 14:00,-23.19,-23.2,-23.1,12,1.0
2025-02-21 15:00,-23.28,-23.3,-23.2,12,1.0
2025-02-21 16:00,-23.33,-23.4,-23.3,12,1.0
2025-02-21 17:00,-23.41,-23.5,-23.4,12,1.0
2025-02-21 18:00,-23.48,-23.5,-23.4,12,1.0
2025-02-21 19:00,-23.53,-23.6,-23.5,12,1.0
2025-02-21 20:00,-23.6,-23.6,-23.6,12,1.0
2025-02-21 21:00,-23.69,-23.7,-23.6,12,1.0
2025-02-21 22:00,-23.74,-23.8,-23.7,12,1.0
2025-02-21 23:00,-23.82,-23.9,-23.8,12,1.0
2025-02-22 00:00,-23.89,-23.9,-23.8,12,1.0
2025-02-22 01:00,-23.97,-24.0,-23.9,12,1.0
2025-02-22 02:00,-24.02,-24.1,-24.0,12,1.0
2025-02-22 03:00,-24.1,-24.1,-24.1,12,1.0
2025-02-22 04:00,-24.18,-24.2,-24.1,12,1.0
2025-02-22 05:00,-24.28,-24.3,-24.2,12,1.0
2025-02-22 06:00,-24.35,-24.4,-24.3,12,1.0
2025-02-22 07:00,-24.41,-24.5,-24.4,12,1.0
2025-02-22 08:00,-24.47,-24.5,-24.4,12,1.0
2025-02-22 09:00,-24.52,-24.6,-24.5,12,1.0
2025-02-22 10:00,-24.58,-24.6,-24.5,12,1.0
2025-02-22 11:00,-24.62,-24.7,-24.6,12,1.0
2025-02-22 12:00,-24.7,-24.7,-24.7,12,1.0
2025-02-22 13:00,-24.73,-24.8,-24.7,12,1.0
2025-02-22 14:00,-24.8,-24.8,-24.8,12,1.0
2025-02-22 15:00,-24.82,-24.9,-24.8,12,1.0
2025-02-22 16:00,-24.88,-24.9,-24.8,12,1.0
2025-02-22 17:00,-24.91,-25.0,-24.9,12,1.0
2025-02-22 18:00,-24.98,-25.0,-24.9,12,1.0
2025-02-22 19:00,-25.03,-25.1,-25.0,12,1.0
2025-02-22 20:00,-25.1,-25.1,-25.1,12,1.0
2025-02-22 21:00,-25.19,-25.2,-25.1,12,1.0
2025-02-22 22:00,-25.24,-25.3,-25.2,12,1.0
2025-02-22 23:00,-25.32,-25.4,-25.3,12,1.0
2025-02-23 00:00,-25.39,-25.4,-25.3,12,1.0
2025-02-23 01:00,-25.42,-25.5,-25.4,12,1.0
2025-02-23 02:00,-25.49,-25.5,-25.4,12,1.0
2025-02-23 03:00,-25.53,-25.6,-25.5,12,1.0
2025-02-23 04:00,-25.61,-25.7,-25.6,12,1.0
2025-02-23 05:00,-25.69,-25.7,-25.6,12,1.0
2025-02-23 06:00,-25.74,-25.8,-25.7,12,1.0
2025-02-23 07:00,-25.81,-25.9,-25.8,12,1.0
2025-02-23 08:00,-25.88,-25.9,-25.8,12,1.0
2025-02-23 09:00,-25.92,-26.0,-25.9,12,1.0
2025-02-23 10:00,-25.98,-26.0,-25.9,12,1.0
2025-02-23 11:00,-26.01,-26.1,-26.0,12,1.0
2025-02-23 12:00,-26.05,-26.1,-26.0,12,1.0
2025-02-23 13:00,-26.12,-26.2,-26.1,12,1.0
2025-02-23 14:00,-26.17,-26.2,-26.1,12,1.0
2025-02-23 15:00,-26.2,-26.2,-26.2,12,1.0
2025-02-23 16:00,-26.23,-26.3,-26.2,12,1.0
2025-02-23 17:00,-26.3,-26.3,-26.3,12,1.0
2025-02-23 18:00,-26.37,-26.4,-26.3,12,1.0
2025-02-23 19:00,-26.4,-26.4,-26.4,12,1.0
2025-02-23 20:00,-26.49,-26.5,-26.4,12,1.0
2025-02-23 21:00,-26.52,-26.6,-26.5,12,1.0
2025-02-23 22:00,-26.6,-26.6,-26.6,12,1.0
2025-02-23 23:00,-26.65,-26.7,-26.6,12,1.0
2025-02-24 00:00,-26.71,-26.8,-26.6,12,1.0
2025-02-24 01:00,-26.79,-26.8,-26.7,12,1.0
2025-02-24 02:00,-26.84,-26.9,-26.8,12,1.0
2025-02-24 03:00,-26.9,-26.9,-26.9,12,1.0
2025-02-24 04:00,-26.97,-27.0,-26.9,12,1.0
2025-02-24 05:00,-27.0,-27.0,-27.0,12,1.0
2025-02-24 06:00,-27.06,-27.1,-27.0,12,1.0
2025-02-24 07:00,-27.12,-27.2,-27.1,12,1.0
2025-02-24 08:00,-27.17,-27.2,-27.1,12,1.0
2025-02-24 09:00,-27.24,-27.3,-27.2,12,1.0
2025-02-24 10:00,-27.31,-27.4,-27.3,12,1.0
2025-02-24 11:00,-27.35,-27.4,-27.3,12,1.0
2025-02-24 12:00,-27.4,-27.4,-27.4,12,1.0
2025-02-24 13:00,-27.47,-27.5,-27.4,12,1.0
2025-02-24 14:00,-27.5,-27.5,-27.5,12,1.0
2025-02-24 15:00,-27.55,-27.6,-27.5,12,1.0
2025-02-24 16:00,-27.59,-27.6,-27.5,12,1.0
2025-02-24 17:00,-27.6,-27.6,-27.6,12,1.0
2025-02-24 18:00,-27.62,-27.7,-27.6,12,1.0
2025-02-24 19:00,-27.7,-27.7,-27.7,12,1.0
2025-02-24 20:00,-27.73,-27.8,-27.7,12,1.0
2025-02-24 21:00,-27.8,-27.8,-27.8,12,1.0
2025-02-24 22:00,-27.85,-27.9,-27.8,12,1.0
2025-02-24 23:00,-27.9,-27.9,-27.9,12,1.0
2025-02-25 00:00,-27.93,-28.0,-27.9,12,1.0
2025-02-25 01:00,-28.0,-28.0,-28.0,12,1.0
2025-02-25 02:00,-28.09,-28.1,-28.0,12,1.0
2025-02-25 03:00,-28.1,-28.1,-28.1,12,1.0
2025-02-25 04:00,-28.18,-28.2,-28.1,12,1.0
2025-02-25 05:00,-28.22,-28.3,-28.2,12,1.0
2025-02-25 06:00,-28.3,-28.3,-28.3,12,1.0
2025-02-25 07:00,-28.31,-28.4,-28.3,12,1.0
2025-02-25 08:00,-28.39,-28.4,-28.3,12,1.0
2025-02-25 09:00,-28.43,-28.5,-28.4,12,1.0
2025-02-25 10:00,-28.48,-28.5,-28.4,12,1.0
2025-02-25 11:00,-28.52,-28.6,-28.5,12,1.0
2025-02-25 12:00,-28.59,-28.6,-28.5,12,1.0
2025-02-25 13:00,-28.61,-28.7,-28.6,12,1.0
2025-02-25 14:00,-28.65,-28.7,-28.6,12,1.0
2025-02-25 15:00,-28.69,-28.7,-28.6,12,1.0
2025-02-25 16:00,-28.71,-28.8,-28.7,12,1.0
2025-02-25 17:00,-28.75,-28.8,-28.7,12,1.0
2025-02-25 18:00,-28.8,-28.8,-28.8,12,1.0
2025-02-25 19:00,-28.8,-28.8,-28.8,12,1.0
2025-02-25 20:00,-28.81,-28.9,-28.8,12,1.0
2025-02-25 21:00,-28.83,-28.9,-28.8,12,1.0
2025-02-25 22:00,-28.86,-28.9,-28.8,12,1.0
2025-02-25 23:00,-28.89,-28.9,-28.8,12,1.0
2025-02-26 00:00,-28.9,-28.9,-28.9,12,1.0
2025-02-26 01:00,-28.9,-28.9,-28.9,12,1.0
2025-02-26 02:00,-28.9,-28.9,-28.9,12,1.0
2025-02-26 03:00,-28.9,-28.9,-28.9,12,1.0
2025-02-26 04:00,-28.83,-28.9,-28.8,12,1.0
2025-02-26 05:00,-28.65,-28.8,-28.5,12,1.0
2025-02-26 06:00,-27.88,-28.4,-27.1,12,1.0
2025-02-26 07:00,-24.98,-26.9,-22.6,12,1.0
2025-02-26 08:00,-17.68,-21.9,-13.7,12,1.0
2025-02-26 09:00,-9.77,-13.1,-5.5,12,1.0
2025-02-26 10:00,-2.08,-4.8,-0.9,12,1.0
2025-02-26 11:00,-0.59,-0.8,-0.4,12,1.0
2025-02-26 12:00,-0.4,-0.4,-0.4,12,1.0
2025-02-26 13:00,-0.34,-0.4,-0.3,12,1.0
2025-02-26 14:00,-0.3,-0.3,-0.3,12,1.0
2025-02-26 15:00,-0.3,-0.3,-0.3,12,1.0
2025-02-26 16:00,-0.24,-0.3,-0.2,12,1.0
2025-02-26 17:00,-0.2,-0.2,-0.2,12,1.0
2025-02-26 18:00,-0.2,-0.2,-0.2,12,1.0
2025-02-26 19:00,-0.2,-0.2,-0.2,12,1.0
2025-02-26 20:00,-0.2,-0.2,-0.2,12,1.0
2025-02-26 21:00,-0.2,-0.2,-0.2,12,1.0
2025-02-26 22:00,-0.2,-0.2,-0.2,12,1.0
2025-02-26 23:00,-0.2,-0.2,-0.2,12,1.0
2025-02-27 00:00,-0.2,-0.2,-0.2,12,1.0
2025-02-27 01:00,-0.2,-0.2,-0.2,12,1.0
2025-02-27 02:00,-0.2,-0.2,-0.2,12,1.0
2025-02-27 03:00,-0.2,-0.2,-0.2,12,1.0
2025-02-27 04:00,-0.2,-0.2,-0.2,12,1.0
2025-02-27 05:00,-0.2,-0.2,-0.2,12,1.0
2025-02-27 06:00,-0.2,-0.2,-0.2,12,1.0
2025-02-27 07:00,-0.2,-0.2,-0.2,12,1.0
2025-02-27 08:00,-0.2,-0.2,-0.2,12,1.0
2025-02-27 09:00,-0.25,-0.3,-0.2,12,1.0
2025-02-27 10:00,-0.3,-0.3,-0.3,12,1.0
2025-02-27 11:00,-0.3,-0.3,-0.3,12,1.0
2025-02-27 12:00,-0.3,-0.3,-0.3,12,1.0
2025-02-27 13:00,-0.3,-0.3,-0.3,12,1.0
2025-02-27 14:00,-0.3,-0.3,-0.3,12,1.0
2025-02-27 15:00,-0.32,-0.4,-0.3,12,1.0
2025-02-27 16:00,-0.4,-0.4,-0.4,12,1.0
2025-02-27 17:00,-0.4,-0.4,-0.4,12,1.0
2025-02-27 18:00,-0.4,-0.4,-0.4,12,1.0
2025-02-27 19:00,-0.42,-0.5,-0.4,12,1.0
2025-02-27 20:00,-0.5,-0.5,-0.5,12,1.0
2025-02-27 21:00,-0.5,-0.5,-0.5,12,1.0
2025-02-27 22:00,-0.52,-0.6,-0.5,12,1.0
2025-02-27 23:00,-0.6,-0.6,-0.6,12,1.0
2025-02-28 00:00,-0.6,-0.6,-0.6,12,1.0
2025-02-28 01:00,-0.65,-0.7,-0.6,12,1.0
2025-02-28 02:00,-0.7,-0.7,-0.7,12,1.0
2025-02-28 03:00,-0.72,-0.8,-0.7,12,1.0
2025-02-28 04:00,-0.8,-0.8,-0.8,12,1.0
2025-02-28 05:00,-0.82,-0.9,-0.8,12,1.0
2025-02-28 06:00,-0.9,-0.9,-0.9,12,1.0
2025-02-28 07:00,-0.92,-1.0,-0.9,12,1.0
2025-02-28 08:00,-1.0,-1.0,-1.0,12,1.0
2025-02-28 09:00,-1.07,-1.1,-1.0,12,1.0
2025-02-28 10:00,-1.11,-1.2,-1.1,12,1.0
2025-02-28 11:00,-1.2,-1.2,-1.2,12,1.0
2025-02-28 12:00,-1.28,-1.3,-1.2,12,1.0
2025-02-28 13:00,-1.36,-1.4,-1.3,12,1.0
2025-02-28 14:00,-1.48,-1.5,-1.4,12,1.0
2025-02-28 15:00,-1.57,-1.6,-1.5,12,1.0
2025-02-28 16:00,-1.68,-1.7,-1.6,12,1.0
2025-02-28 17:00,-1.83,-1.9,-1.8,12,1.0
2025-02-28 18:00,-1.95,-2.0,-1.9,12,1.0
2025-02-28 19:00,-2.08,-2.2,-2.0,12,1.0
2025-02-28 20:00,-2.25,-2.3,-2.2,12,1.0
2025-02-28 21:00,-2.4,-2.5,-2.3,12,1.0
2025-02-28 22:00,-2.61,-2.7,-2.5,12,1.0
2025-02-28 23:00,-2.79,-2.9,-2.7,12,1.0
2025-03-01 00:00,-2.99,-3.1,-2.9,12,1.0
2025-03-01 01:00,-3.19,-3.3,-3.1,12,1.0
2025-03-01 02:00,-3.42,-3.5,-3.3,12,1.0
2025-03-01 03:00,-3.67,-3.8,-3.6,12,1.0
2025-03-01 04:00,-3.92,-4.0,-3.8,12,1.0
2025-03-01 05:00,-4.17,-4.3,-4.1,12,1.0
2025-03-01 06:00,-4.42,-4.5,-4.3,12,1.0
2025-03-01 07:00,-4.75,-4.9,-4.6,12,1.0
2025-03-01 08:00,-5.02,-5.1,-4.9,12,1.0
2025-03-01 09:00,-5.16,-5.2,-5.1,12,1.0
2025-03-01 10:00,-5.3,-5.4,-5.2,12,1.0
2025-03-01 11:00,-5.43,-5.5,-5.4,12,1.0
2025-03-01 12:00,-5.57,-5.7,-5.5,12,1.0
2025-03-01 13:00,-5.73,-5.8,-5.7,12,1.0
2025-03-01 14:00,-5.92,-6.0,-5.8,12,1.0
2025-03-01 15:00,-6.09,-6.2,-6.0,12,1.0
2025-03-01 16:00,-6.26,-6.4,-6.2,12,1.0
2025-03-01 17:00,-6.44,-6.5,-6.4,12,1.0
2025-03-01 18:00,-6.61,-6.7,-6.5,12,1.0
2025-03-01 19:00,-6.76,-6.8,-6.7,12,1.0
2025-03-01 20:00,-6.89,-7.0,-6.8,12,1.0
2025-03-01 21:00,-7.08,-7.2,-7.0,12,1.0
2025-03-01 22:00,-7.24,-7.3,-7.1,12,1.0
2025-03-01 23:00,-7.38,-7.5,-7.3,12,1.0
2025-03-02 00:00,-7.57,-7.7,-7.5,12,1.0
2025-03-02 01:00,-7.76,-7.8,-7.7,12,1.0
2025-03-02 02:00,-7.97,-8.1,-7.8,12,1.0
2025-03-02 03:00,-8.2,-8.3,-8.1,12,1.0
2025-03-02 04:00,-8.38,-8.5,-8.3,12,1.0
2025-03-02 05:00,-8.63,-8.7,-8.6,12,1.0
2025-03-02 06:00,-8.88,-9.0,-8.8,12,1.0
2025-03-02 07:00,-9.14,-9.3,-9.0,12,1.0
2025-03-02 08:00,-9.41,-9.5,-9.3,12,1.0
2025-03-02 09:00,-9.7,-9.8,-9.6,12,1.0
2025-03-02 10:00,-9.97,-10.0,-9.9,12,1.0
2025-03-02 11:00,-10.08,-10.1,-10.0,12,1.0
2025-03-02 12:00,-10.15,-10.2,-10.1,12,1.0
2025-03-02 13:00,-10.23,-10.3,-10.2,12,1.0
2025-03-02 14:00,-10.3,-10.3,-10.3,12,1.0
2025-03-02 15:00,-10.39,-10.4,-10.3,12,1.0
2025-03-02 16:00,-10.48,-10.5,-10.4,12,1.0
2025-03-02 17:00,-10.56,-10.6,-10.5,12,1.0
2025-03-02 18:00,-10.64,-10.7,-10.6,12,1.0
2025-03-02 19:00,-10.73,-10.8,-10.7,12,1.0
2025-03-02 20:00,-10.81,-10.9,-10.8,12,1.0
2025-03-02 21:00,-10.9,-10.9,-10.9,12,1.0
2025-03-02 22:00,-10.98,-11.0,-10.9,12,1.0
2025-03-02 23:00,-11.05,-11.1,-11.0,12,1.0
2025-03-03 00:00,-11.12,-11.2,-11.1,12,1.0
2025-03-03 01:00,-11.21,-11.3,-11.2,12,1.0
2025-03-03 02:00,-11.29,-11.3,-11.2,12,1.0
2025-03-03 03:00,-11.37,-11.4,-11.3,12,1.0
2025-03-03 04:00,-11.44,-11.5,-11.4,12,1.0
2025-03-03 05:00,-11.52,-11.6,-11.5,12,1.0
2025-03-03 06:00,-11.6,-11.6,-11.6,12,1.0
2025-03-03 07:00,-11.69,-11.7,-11.6,12,1.0
2025-03-03 08:00,-11.77,-11.8,-11.7,12,1.0
2025-03-03 09:00,-11.83,-11.9,-11.8,12,1.0
2025-03-03 10:00,-11.9,-11.9,-11.9,12,1.0
2025-03-03 11:00,-11.98,-12.0,-11.9,12,1.0
2025-03-03 12:00,-12.07,-12.1,-12.0,12,1.0
2025-03-03 13:00,-12.15,-12.2,-12.1,12,1.0
2025-03-03 14:00,-12.22,-12.3,-12.2,12,1.0
2025-03-03 15:00,-12.32,-12.4,-12.3,12,1.0
2025-03-03 16:00,-12.4,-12.4,-12.4,12,1.0
2025-03-03 17:00,-12.51,-12.6,-12.5,12,1.0
2025-03-03 18:00,-12.6,-12.6,-12.6,12,1.0
2025-03-03 19:00,-12.69,-12.7,-12.6,12,1.0
2025-03-03 20:00,-12.78,-12.8,-12.7,12,1.0
2025-03-03 21:00,-12.86,-12.9,-12.8,12,1.0
2025-03-03 22:00,-12.94,-13.0,-12.9,12,1.0
2025-03-03 23:00,-13.0,-13.0,-13.0,12,1.0
2025-03-04 00:00,-13.09,-13.1,-13.0,12,1.0
2025-03-04 01:00,-13.15,-13.2,-13.1,12,1.0
2025-03-04 02:00,-13.22,-13.3,-13.2,12,1.0
2025-03-04 03:00,-13.3,-13.3,-13.3,12,1.0
2025-03-04 04:00,-13.38,-13.4,-13.3,12,1.0
2025-03-04 05:00,-13.47,-13.5,-13.4,12,1.0
2025-03-04 06:00,-13.52,-13.6,-13.5,12,1.0
2025-03-04 07:00,-13.6,-13.6,-13.6,12,1.0
2025-03-04 08:00,-13.68,-13.7,-13.6,12,1.0
2025-03-04 09:00,-13.71,-13.8,-13.7,12,1.0
2025-03-04 10:00,-13.79,-13.8,-13.7,12,1.0
2025-03-04 11:00,-13.85,-13.9,-13.8,12,1.0
2025-03-04 12:00,-13.9,-13.9,-13.9,12,1.0
2025-03-04 13:00,-13.98,-14.0,-13.9,12,1.0
2025-03-04 14:00,-14.04,-14.1,-14.0,12,1.0
2025-03-04 15:00,-14.12,-14.2,-14.1,12,1.0
2025-03-04 16:00,-14.2,-14.2,-14.2,12,1.0
2025-03-04 17:00,-14.28,-14.3,-14.2,12,1.0
2025-03-04 18:00,-14.35,-14.4,-14.3,12,1.0
2025-03-04 19:00,-14.42,-14.5,-14.4,12,1.0
2025-03-04 20:00,-14.5,-14.5,-14.5,12,1.0
2025-03-04 21:00,-14.59,-14.6,-14.5,12,1.0
2025-03-04 22:00,-14.64,-14.7,-14.6,12,1.0
2025-03-04 23:00,-14.72,-14.8,-14.7,12,1.0
2025-03-05 00:00,-14.8,-14.8,-14.8,12,1.0
2025-03-05 01:00,-14.88,-14.9,-14.8,12,1.0
2025-03-05 02:00,-14.94,-15.0,-14.9,12,1.0
2025-03-05 03:00,-15.0,-15.0,-15.0,12,1.0
2025-03-05 04:00,-15.09,-15.1,-15.0,12,1.0
2025-03-05 05:00,-15.12,-15.2,-15.1,12,1.0
2025-03-05 06:00,-15.2,-15.2,-15.2,12,1.0
2025-03-05 07:00,-15.27,-15.3,-15.2,12,1.0
2025-03-05 08:00,-15.32,-15.4,-15.3,12,1.0
2025-03-05 09:00,-15.4,-15.4,-15.4,12,1.0
2025-03-05 10:00,-15.44,-15.5,-15.4,12,1.0
2025-03-05 11:00,-15.5,-15.5,-15.5,12,1.0
2025-03-05 12:00,-15.58,-15.6,-15.5,12,1.0
2025-03-05 13:00,-15.6,-15.6,-15.6,12,1.0
2025-03-05 14:00,-15.69,-15.7,-15.6,12,1.0
2025-03-05 15:00,-15.77,-15.8,-15.7,12,1.0
2025-03-05 16:00,-15.84,-15.9,-15.8,12,1.0
2025-03-05 17:00,-15.9,-15.9,-15.9,12,1.0
2025-03-05 18:00,-15.98,-16.0,-15.9,12,1.0
2025-03-05 19:00,-16.06,-16.1,-16.0,12,1.0
2025-03-05 20:00,-16.14,-16.2,-16.1,12,1.0
2025-03-05 21:00,-16.21,-16.3,-16.2,12,1.0
2025-03-05 22:00,-16.29,-16.3,-16.2,12,1.0
2025-03-05 23:00,-16.37,-16.4,-16.3,12,1.0
2025-03-06 00:00,-16.4,-16.4,-16.4,12,1.0
2025-03-06 01:00,-16.5,-16.5,-16.5,12,1.0
2025-03-06 02:00,-16.55,-16.6,-16.5,12,1.0
2025-03-06 03:00,-16.6,-16.6,-16.6,12,1.0
2025-03-06 04:00,-16.68,-16.7,-16.6,12,1.0
2025-03-06 05:00,-16.72,-16.8,-16.7,12,1.0
2025-03-06 06:00,-16.8,-16.8,-16.8,12,1.0
2025-03-06 07:00,-16.86,-16.9,-16.8,12,1.0
2025-03-06 08:00,-16.9,-16.9,-16.9,12,1.0
2025-03-06 09:00,-16.99,-17.0,-16.9,12,1.0
2025-03-06 10:00,-17.03,-17.1,-17.0,12,1.0
2025-03-06 11:00,-17.1,-17.1,-17.1,12,1.0
2025-03-06 12:00,-17.14,-17.2,-17.1,12,1.0
2025-03-06 13:00,-17.2,-17.2,-17.2,12,1.0
2025-03-06 14:00,-17.28,-17.3,-17.2,12,1.0
2025-03-06 15:00,-17.31,-17.4,-17.3,12,1.0
2025-03-06 16:00,-17.4,-17.4,-17.4,12,1.0
2025-03-06 17:00,-17.47,-17.5,-17.4,12,1.0
2025-03-06 18:00,-17.56,-17.6,-17.5,12,1.0
2025-03-06 19:00,-17.62,-17.7,-17.6,12,1.0
2025-03-06 20:00,-17.72,-17.8,-17.7,12,1.0
2025-03-06 21:00,-17.79,-17.8,-17.7,12,1.0
2025-03-06 22:00,-17.84,-17.9,-17.8,12,1.0
2025-03-06 23:00,-17.91,-18.0,-17.9,12,1.0
2025-03-07 00:00,-17.98,-18.0,-17.9,12,1.0
2025-03-07 01:00,-18.03,-18.1,-18.0,12,1.0
2025-03-07 02:00,-18.1,-18.1,-18.1,12,1.0
2025-03-07 03:00,-18.19,-18.2,-18.1,12,1.0
2025-03-07 04:00,-18.22,-18.3,-18.2,12,1.0
2025-03-07 05:00,-18.3,-18.3,-18.3,12,1.0
2025-03-07 06:00,-18.34,-18.4,-18.3,12,1.0
2025-03-07 07:00,-18.4,-18.4,-18.4,12,1.0
2025-03-07 08:00,-18.45,-18.5,-18.4,12,1.0
2025-03-07 09:00,-18.5,-18.5,-18.5,12,1.0
2025-03-07 10:00,-18.57,-18.6,-18.5,12,1.0
2025-03-07 11:00,-18.62,-18.7,-18.6,12,1.0
2025-03-07 12:00,-18.7,-18.7,-18.7,12,1.0
2025-03-07 13:00,-18.74,-18.8,-18.7,12,1.0
2025-03-07 14:00,-18.81,-18.9,-18.8,12,1.0
2025-03-07 15:00,-18.88,-18.9,-18.8,12,1.0
2025-03-07 16:00,-18.97,-19.0,-18.9,12,1.0
2025-03-07 17:00,-19.02,-19.1,-19.0,12,1.0
2025-03-07 18:00,-19.09,-19.1,-19.0,12,1.0
2025-03-07 19:00,-19.18,-19.2,-19.1,12,1.0
2025-03-07 20:00,-19.23,-19.3,-19.2,12,1.0
2025-03-07 21:00,-19.31,-19.4,-19.3,12,1.0
2025-03-07 22:00,-19.38,-19.4,-19.3,12,1.0
2025-03-07 23:00,-19.44,-19.5,-19.4,12,1.0
2025-03-08 00:00,-19.5,-19.5,-19.5,12,1.0
2025-03-08 01:00,-19.57,-19.6,-19.5,12,1.0
2025-03-08 02:00,-19.63,-19.7,-19.6,12,1.0
2025-03-08 03:00,-19.7,-19.7,-19.7,12,1.0
2025-03-08 04:00,-19.74,-19.8,-19.7,12,1.0
2025-03-08 05:00,-19.8,-19.8,-19.8,12,1.0
2025-03-08 06:00,-19.84,-19.9,-19.8,12,1.0
2025-03-08 07:00,-19.9,-19.9,-19.9,12,1.0
2025-03-08 08:00,-19.92,-20.0,-19.9,12,1.0
2025-03-08 09:00,-19.99,-20.0,-19.9,12,1.0
2025-03-08 10:00,-20.04,-20.1,-20.0,12,1.0
2025-03-08 11:00,-20.1,-20.1,-20.1,12,1.0
2025-03-08 12:00,-20.19,-20.2,-20.1,12,1.0
2025-03-08 13:00,-20.23,-20.3,-20.2,12,1.0
2025-03-08 14:00,-20.3,-20.3,-20.3,12,1.0
2025-03-08 15:00,-20.38,-20.4,-20.3,12,1.0
2025-03-08 16:00,-20.4,-20.4,-20.4,12,1.0
2025-03-08 17:00,-20.48,-20.5,-20.4,12,1.0
2025-03-08 18:00,-20.53,-20.6,-20.5,12,1.0
2025-03-08 19:00,-20.6,-20.6,-20.6,12,1.0
2025-03-08 20:00,-20.65,-20.7,-20.6,12,1.0
2025-03-08 21:00,-20.69,-20.7,-20.6,12,1.0
2025-03-08 22:00,-20.76,-20.8,-20.7,12,1.0
2025-03-08 23:00,-20.8,-20.8,-20.8,12,1.0
2025-03-09 00:00,-20.85,-20.9,-20.8,12,1.0
2025-03-09 01:00,-20.9,-20.9,-20.9,12,1.0
2025-03-09 02:00,-20.94,-21.0,-20.9,12,1.0
2025-03-09 03:00,-21.0,-21.0,-21.0,12,1.0
2025-03-09 04:00,-21.09,-21.1,-21.0,12,1.0
2025-03-09 05:00,-21.11,-21.2,-21.1,12,1.0
2025-03-09 06:00,-21.2,-21.2,-21.2,12,1.0
2025-03-09 07:00,-21.23,-21.3,-21.2,12,1.0
2025-03-09 08:00,-21.28,-21.3,-21.2,12,1.0
2025-03-09 09:00,-21.3,-21.3,-21.3,12,1.0
2025-03-09 10:00,-21.39,-21.4,-21.3,12,1.0
2025-03-09 11:00,-21.4,-21.4,-21.4,12,1.0
2025-03-09 12:00,-21.48,-21.5,-21.4,12,1.0
2025-03-09 13:00,-21.5,-21.5,-21.5,12,1.0
2025-03-09 14:00,-21.59,-21.6,-21.5,12,1.0
2025-03-09 15:00,-21.64,-21.7,-21.6,12,1.0
2025-03-09 16:00,-21.69,-21.7,-21.6,12,1.0
2025-03-09 17:00,-21.78,-21.8,-21.7,12,1.0
2025-03-09 18:00,-21.83,-21.9,-21.8,12,1.0
2025-03-09 19:00,-21.91,-22.0,-21.9,12,1.0
2025-03-09 20:00,-22.0,-22.0,-22.0,12,1.0
2025-03-09 21:00,-22.06,-22.1,-22.0,12,1.0
2025-03-09 22:00,-22.12,-22.2,-22.1,12,1.0
2025-03-09 23:00,-22.19,-22.2,-22.1,12,1.0
2025-03-10 00:00,-22.26,-22.3,-22.2,12,1.0
2025-03-10 01:00,-22.3,-22.3,-22.3,12,1.0
2025-03-10 02:00,-22.38,-22.4,-22.3,12,1.0
2025-03-10 03:00,-22.42,-22.5,-22.4,12,1.0
2025-03-10 04:00,-22.49,-22.5,-22.4,12,1.0
2025-03-10 05:00,-22.52,-22.6,-22.5,12,1.0
2025-03-10 06:00,-22.59,-22.6,-22.5,12,1.0
2025-03-10 07:00,-22.61,-22.7,-22.6,12,1.0
2025-03-10 08:00,-22.69,-22.7,-22.6,12,1.0
2025-03-10 09:00,-22.72,-22.8,-22.7,12,1.0
2025-03-10 10:00,-22.79,-22.8,-22.7,12,1.0
2025-03-10 11:00,-22.82,-22.9,-22.8,12,1.0
2025-03-10 12:00,-22.89,-22.9,-22.8,12,1.0
2025-03-10 13:00,-22.92,-23.0,-22.9,12,1.0
2025-03-10 14:00,-22.99,-23.0,-22.9,12,1.0
2025-03-10 15:00,-23.0,-23.0,-23.0,12,1.0
2025-03-10 16:00,-23.09,-23.1,-23.0,12,1.0
2025-03-10 17:00,-23.15,-23.2,-23.1,12,1.0
2025-03-10 18:00,-23.2,-23.2,-23.2,12,1.0
2025-03-10 19:00,-23.27,-23.3,-23.2,12,1.0
2025-03-10 20:00,-23.33,-23.4,-23.3,12,1.0
2025-03-10 21:00,-23.4,-23.4,-23.4,12,1.0
2025-03-10 22:00,-23.44,-23.5,-23.4,12,1.0
2025-03-10 23:00,-23.5,-23.5,-23.5,12,1.0
2025-03-11 00:00,-23.55,-23.6,-23.5,12,1.0
2025-03-11 01:00,-23.59,-23.6,-23.5,12,1.0
2025-03-11 02:00,-23.67,-23.7,-23.6,12,1.0
2025-03-11 03:00,-23.7,-23.7,-23.7,12,1.0
2025-03-11 04:00,-23.77,-23.8,-23.7,12,1.0
2025-03-11 05:00,-23.79,-23.8,-23.7,12,1.0
2025-03-11 06:00,-23.78,-23.8,-23.7,12,1.0
2025-03-11 07:00,-23.74,-23.8,-23.7,12,1.0
2025-03-11 08:00,-23.72,-23.8,-23.7,12,1.0
2025-03-11 09:00,-23.7,-23.7,-23.7,12,1.0
2025-03-11 10:00,-23.7,-23.7,-23.7,12,1.0
2025-03-11 11:00,-23.62,-23.7,-23.6,12,1.0
2025-03-11 12:00,-23.6,-23.6,-23.6,12,1.0
2025-03-11 13:00,-23.52,-23.6,-23.5,12,1.0
2025-03-11 14:00,-23.48,-23.5,-23.4,12,1.0
2025-03-11 15:00,-23.4,-23.4,-23.4,12,1.0
2025-03-11 16:00,-23.32,-23.4,-23.3,12,1.0
2025-03-11 17:00,-23.25,-23.3,-23.2,12,1.0
2025-03-11 18:00,-23.19,-23.2,-23.1,12,1.0
2025-03-11 19:00,-23.11,-23.2,-23.1,12,1.0
2025-03-11 20:00,-23.04,-23.1,-23.0,12,1.0
2025-03-11 21:00,-23.01,-23.1,-23.0,12,1.0
2025-03-11 22:00,-22.98,-23.0,-22.9,12,1.0
2025-03-11 23:00,-22.91,-23.0,-22.9,12,1.0
2025-03-12 00:00,-22.83,-22.9,-22.8,12,1.0
2025-03-12 01:00,-22.78,-22.8,-22.7,12,1.0
2025-03-12 02:00,-22.71,-22.8,-22.7,12,1.0
2025-03-12 03:00,-22.62,-22.7,-22.6,12,1.0
2025-03-12 04:00,-22.59,-22.6,-22.5,12,1.0
2025-03-12 05:00,-22.53,-22.6,-22.5,12,1.0
2025-03-12 06:00,-22.49,-22.5,-22.4,12,1.0
2025-03-12 07:00,-22.41,-22.5,-22.4,12,1.0
2025-03-12 08:00,-22.39,-22.4,-22.3,12,1.0
2025-03-12 09:00,-22.3,-22.3,-22.3,12,1.0
2025-03-12 10:00,-22.29,-22.3,-22.2,12,1.0
2025-03-12 11:00,-22.21,-22.3,-22.2,12,1.0
2025-03-12 12:00,-22.2,-22.2,-22.2,12,1.0
2025-03-12 13:00,-22.2,-22.2,-22.2,12,1.0
2025-03-12 14:00,-22.2,-22.2,-22.2,12,1.0
2025-03-12 15:00,-22.2,-22.2,-22.2,12,1.0
2025-03-12 16:00,-22.2,-22.2,-22.2,12,1.0
2025-03-12 17:00,-22.2,-22.2,-22.2,12,1.0
2025-03-12 18:00,-22.2,-22.2,-22.2,12,1.0
2025-03-12 19:00,-22.2,-22.2,-22.2,12,1.0
2025-03-12 20:00,-22.2,-22.2,-22.2,12,1.0
2025-03-12 21:00,-22.2,-22.2,-22.2,12,1.0
2025-03-12 22:00,-22.19,-22.2,-22.1,12,1.0
2025-03-12 23:00,-22.15,-22.2,-22.1,12,1.0
2025-03-13 00:00,-22.1,-22.1,-22.1,12,1.0
2025-03-13 01:00,-22.06,-22.1,-22.0,12,1.0
2025-03-13 02:00,-21.98,-22.0,-21.9,12,1.0
2025-03-13 03:00,-21.88,-21.9,-21.8,12,1.0
2025-03-13 04:00,-21.77,-21.8,-21.7,12,1.0
2025-03-13 05:00,-21.65,-21.7,-21.6,12,1.0
2025-03-13 06:00,-21.51,-21.6,-21.4,12,1.0
2025-03-13 07:00,-21.35,-21.4,-21.3,12,1.0
2025-03-13 08:00,-21.23,-21.3,-21.2,12,1.0
2025-03-13 09:00,-21.03,-21.1,-20.9,12,1.0
2025-03-13 10:00,-20.9,-21.0,-20.8,12,1.0
2025-03-13 11:00,-20.75,-20.8,-20.7,12,1.0
2025-03-13 12:00,-20.62,-20.7,-20.5,12,1.0
2025-03-13 13:00,-20.48,-20.5,-20.4,12,1.0
2025-03-13 14:00,-20.37,-20.4,-20.3,12,1.0
2025-03-13 15:00,-20.24,-20.3,-20.2,12,1.0
2025-03-13 16:00,-20.15,-20.2,-20.1,12,1.0
2025-03-13 17:00,-20.05,-20.1,-20.0,12,1.0
2025-03-13 18:00,-19.96,-20.0,-19.9,12,1.0
2025-03-13 19:00,-19.9,-19.9,-19.9,12,1.0
2025-03-13 20:00,-19.81,-19.9,-19.7,12,1.0
2025-03-13 21:00,-19.7,-19.7,-19.7,12,1.0
2025-03-13 22:00,-19.58,-19.7,-19.5,12,1.0
2025-03-13 23:00,-19.42,-19.5,-19.3,12,1.0
2025-03-14 00:00,-19.28,-19.4,-19.2,12,1.0
2025-03-14 01:00,-19.14,-19.2,-19.1,12,1.0
2025-03-14 02:00,-18.98,-19.1,-18.9,12,1.0
2025-03-14 03:00,-18.8,-18.9,-18.7,12,1.0
2025-03-14 04:00,-18.57,-18.7,-18.4,12,1.0
2025-03-14 05:00,-18.2,-18.4,-18.0,12,1.0
2025-03-14 06:00,-17.76,-18.0,-17.5,12,1.0
2025-03-14 07:00,-17.24,-17.5,-17.0,12,1.0
2025-03-14 08:00,-16.67,-16.9,-16.4,12,1.0
2025-03-14 09:00,-16.12,-16.4,-15.9,12,1.0
2025-03-14 10:00,-15.58,-15.8,-15.4,12,1.0
2025-03-14 11:00,-15.12,-15.3,-14.9,12,1.0
2025-03-14 12:00,-14.72,-14.9,-14.5,12,1.0
2025-03-14 13:00,-14.36,-14.5,-14.2,12,1.0
2025-03-14 14:00,-14.04,-14.2,-13.9,12,1.0
2025-03-14 15:00,-13.8,-13.9,-13.7,12,1.0
2025-03-14 16:00,-13.58,-13.7,-13.5,12,1.0
2025-03-14 17:00,-13.45,-13.5,-13.4,12,1.0
2025-03-14 18:00,-13.33,-13.4,-13.3,12,1.0
2025-03-14 19:00,-13.22,-13.3,-13.2,12,1.0
2025-03-14 20:00,-13.16,-13.2,-13.1,12,1.0
2025-03-14 21:00,-13.1,-13.1,-13.1,12,1.0
2025-03-14 22:00,-13.1,-13.1,-13.1,12,1.0
2025-03-14 23:00,-13.09,-13.1,-13.0,12,1.0
2025-03-15 00:00,-13.09,-13.1,-13.0,12,1.0
2025-03-15 01:00,-13.09,-13.1,-13.0,12,1.0
2025-03-15 02:00,-13.1,-13.1,-13.1,12,1.0
2025-03-15 03:00,-13.1,-13.1,-13.1,12,1.0
2025-03-15 04:00,-13.12,-13.2,-13.1,12,1.0
2025-03-15 05:00,-13.19,-13.2,-13.1,12,1.0
2025-03-15 06:00,-13.2,-13.2,-13.2,12,1.0
2025-03-15 07:00,-13.27,-13.3,-13.2,12,1.0
2025-03-15 08:00,-13.3,-13.3,-13.3,12,1.0
2025-03-15 09:00,-13.35,-13.4,-13.3,12,1.0
2025-03-15 10:00,-13.4,-13.4,-13.4,12,1.0
2025-03-15 11:00,-13.49,-13.5,-13.4,12,1.0
2025-03-15 12:00,-13.56,-13.6,-13.5,12,1.0
2025-03-15 13:00,-13.63,-13.7,-13.6,12,1.0
2025-03-15 14:00,-13.74,-13.8,-13.7,12,1.0
2025-03-15 15:00,-13.82,-13.9,-13.8,12,1.0
2025-03-15 16:00,-13.93,-14.0,-13.9,12,1.0
2025-03-15 17:00,-14.02,-14.1,-14.0,12,1.0
2025-03-15 18:00,-14.14,-14.2,-14.1,12,1.0
2025-03-15 19:00,-14.27,-14.3,-14.2,12,1.0
2025-03-15 20:00,-14.38,-14.4,-14.3,12,1.0
2025-03-15 21:00,-14.49,-14.5,-14.4,12,1.0
2025-03-15 22:00,-14.6,-14.7,-14.5,12,1.0
2025-03-15 23:00,-14.71,-14.8,-14.7,12,1.0
2025-03-16 00:00,-14.81,-14.9,-14.8,12,1.0
2025-03-16 01:00,-14.92,-15.0,-14.9,12,1.0
2025-03-16 02:00,-15.0,-15.0,-15.0,12,1.0
2025-03-16 03:00,-15.1,-15.1,-15.1,12,1.0
2025-03-16 04:00,-15.19,-15.2,-15.1,12,1.0
2025-03-16 05:00,-15.28,-15.3,-15.2,12,1.0
2025-03-16 06:00,-15.32,-15.4,-15.3,12,1.0
2025-03-16 07:00,-15.4,-15.4,-15.4,12,1.0
2025-03-16 08:00,-15.43,-15.5,-15.4,12,1.0
2025-03-16 09:00,-15.5,-15.5,-15.5,12,1.0
2025-03-16 10:00,-15.52,-15.6,-15.5,12,1.0
2025-03-16 11:00,-15.6,-15.6,-15.6,12,1.0
2025-03-16 12:00,-15.67,-15.7,-15.6,12,1.0
2025-03-16 13:00,-15.76,-15.8,-15.7,12,1.0
2025-03-16 14:00,-15.84,-15.9,-15.8,12,1.0
2025-03-16 15:00,-15.93,-16.0,-15.9,12,1.0
2025-03-16 16:00,-16.04,-16.1,-16.0,12,1.0
2025-03-16 17:00,-16.13,-16.2,-16.1,12,1.0
2025-03-16 18:00,-16.25,-16.3,-16.2,12,1.0
2025-03-16 19:00,-16.35,-16.4,-16.3,12,1.0
2025-03-16 20:00,-16.44,-16.5,-16.4,12,1.0
2025-03-16 21:00,-16.54,-16.6,-16.5,12,1.0
2025-03-16 22:00,-16.66,-16.7,-16.6,12,1.0
2025-03-16 23:00,-16.71,-16.8,-16.7,12,1.0
2025-03-17 00:00,-16.8,-16.8,-16.8,12,1.0
2025-03-17 01:00,-16.89,-16.9,-16.8,12,1.0
2025-03-17 02:00,-16.94,-17.0,-16.9,12,1.0
2025-03-17 03:00,-17.0,-17.0,-17.0,12,1.0
2025-03-17 04:00,-17.05,-17.1,-17.0,12,1.0
2025-03-17 05:00,-17.1,-17.1,-17.1,12,1.0
2025-03-17 06:00,-17.11,-17.2,-17.1,12,1.0
2025-03-17 07:00,-17.17,-17.2,-17.1,12,1.0
2025-03-17 08:00,-17.2,-17.2,-17.2,12,1.0
2025-03-17 09:00,-17.2,-17.2,-17.2,12,1.0
2025-03-17 10:00,-17.22,-17.3,-17.2,12,1.0
2025-03-17 11:00,-17.29,-17.3,-17.2,12,1.0
2025-03-17 12:00,-17.3,-17.3,-17.3,12,1.0
2025-03-17 13:00,-17.3,-17.3,-17.3,12,1.0
2025-03-17 14:00,-17.39,-17.4,-17.3,12,1.0
2025-03-17 15:00,-17.41,-17.5,-17.4,12,1.0
2025-03-17 16:00,-17.48,-17.5,-17.4,12,1.0
2025-03-17 17:00,-17.51,-17.6,-17.5,12,1.0
2025-03-17 18:00,-17.6,-17.6,-17.6,12,1.0
2025-03-17 19:00,-17.62,-17.7,-17.6,12,1.0
2025-03-17 20:00,-17.7,-17.7,-17.7,12,1.0
2025-03-17 21:00,-17.72,-17.8,-17.7,12,1.0
2025-03-17 22:00,-17.8,-17.8,-17.8,12,1.0
2025-03-17 23:00,-17.82,-17.9,-17.8,12,1.0
2025-03-18 00:00,-17.9,-17.9,-17.9,12,1.0
2025-03-18 01:00,-17.95,-18.0,-17.9,12,1.0
2025-03-18 02:00,-18.0,-18.0,-18.0,12,1.0
2025-03-18 03:00,-18.01,-18.1,-18.0,12,1.0
2025-03-18 04:00,-18.1,-18.1,-18.1,12,1.0
2025-03-18 05:00,-18.15,-18.2,-18.1,12,1.0
2025-03-18 06:00,-18.22,-18.3,-18.2,12,1.0
2025-03-18 07:00,-18.3,-18.3,-18.3,12,1.0
2025-03-18 08:00,-18.34,-18.4,-18.3,12,1.0
2025-03-18 09:00,-18.4,-18.4,-18.4,12,1.0
2025-03-18 10:00,-18.47,-18.5,-18.4,12,1.0
2025-03-18 11:00,-18.53,-18.6,-18.5,12,1.0
2025-03-18 12:00,-18.59,-18.6,-18.5,12,1.0
2025-03-18 13:00,-18.67,-18.7,-18.6,12,1.0
2025-03-18 14:00,-18.72,-18.8,-18.7,12,1.0
2025-03-18 15:00,-18.82,-18.9,-18.8,12,1.0
2025-03-18 16:00,-18.91,-19.0,-18.9,12,1.0
2025-03-18 17:00,-19.0,-19.0,-19.0,12,1.0
2025-03-18 18:00,-19.1,-19.1,-19.1,12,1.0
2025-03-18 19:00,-19.19,-19.2,-19.1,12,1.0
2025-03-18 20:00,-19.28,-19.3,-19.2,12,1.0
2025-03-18 21:00,-19.37,-19.4,-19.3,12,1.0
2025-03-18 22:00,-19.45,-19.5,-19.4,12,1.0
2025-03-18 23:00,-19.54,-19.6,-19.5,12,1.0
2025-03-19 00:00,-19.66,-19.7,-19.6,12,1.0
2025-03-19 01:00,-19.72,-19.8,-19.7,12,1.0
2025-03-19 02:00,-19.8,-19.8,-19.8,12,1.0
2025-03-19 03:00,-19.88,-19.9,-19.8,12,1.0
2025-03-19 04:00,-19.95,-20.0,-19.9,12,1.0
2025-03-19 05:00,-20.0,-20.0,-20.0,12,1.0
2025-03-19 06:00,-20.09,-20.1,-20.0,12,1.0
2025-03-19 07:00,-20.16,-20.2,-20.1,12,1.0
2025-03-19 08:00,-20.2,-20.2,-20.2,12,1.0
2025-03-19 09:00,-20.29,-20.3,-20.2,12,1.0
2025-03-19 10:00,-20.35,-20.4,-20.3,12,1.0
2025-03-19 11:00,-20.4,-20.4,-20.4,12,1.0
2025-03-19 12:00,-20.47,-20.5,-20.4,12,1.0
2025-03-19 13:00,-20.52,-20.6,-20.5,12,1.0
2025-03-19 14:00,-20.57,-20.6,-20.5,12,1.0
2025-03-19 15:00,-20.62,-20.7,-20.6,12,1.0
2025-03-19 16:00,-20.7,-20.7,-20.7,12,1.0
2025-03-19 17:00,-20.7,-20.7,-20.7,12,1.0
2025-03-19 18:00,-20.78,-20.8,-20.7,12,1.0
2025-03-19 19:00,-20.83,-20.9,-20.8,12,1.0
2025-03-19 20:00,-20.89,-20.9,-20.8,12,1.0
2025-03-19 21:00,-20.95,-21.0,-20.9,12,1.0
2025-03-19 22:00,-21.03,-21.1,-21.0,12,1.0
2025-03-19 23:00,-21.12,-21.2,-21.1,12,1.0
2025-03-20 00:00,-21.19,-21.2,-21.1,12,1.0
2025-03-20 01:00,-21.26,-21.3,-21.2,12,1.0
2025-03-20 02:00,-21.32,-21.4,-21.3,12,1.0
2025-03-20 03:00,-21.38,-21.4,-21.3,12,1.0
2025-03-20 04:00,-21.44,-21.5,-21.4,12,1.0
2025-03-20 05:00,-21.51,-21.6,-21.5,12,1.0
2025-03-20 06:00,-21.58,-21.6,-21.5,12,1.0
2025-03-20 07:00,-21.63,-21.7,-21.6,12,1.0
2025-03-20 08:00,-21.7,-21.7,-21.7,12,1.0
2025-03-20 09:00,-21.77,-21.8,-21.7,12,1.0
2025-03-20 10:00,-21.8,-21.8,-21.8,12,1.0
2025-03-20 11:00,-21.88,-21.9,-21.8,12,1.0
2025-03-20 12:00,-21.92,-22.0,-21.9,12,1.0
2025-03-20 13:00,-21.99,-22.0,-21.9,12,1.0
2025-03-20 14:00,-22.01,-22.1,-22.0,12,1.0
2025-03-20 15:00,-22.09,-22.1,-22.0,12,1.0
2025-03-20 16:00,-22.1,-22.1,-22.1,12,1.0
2025-03-20 17:00,-22.12,-22.2,-22.1,12,1.0
2025-03-20 18:00,-22.2,-22.2,-22.2,12,1.0
2025-03-20 19:00,-22.22,-22.3,-22.2,12,1.0
2025-03-20 20:00,-22.3,-22.3,-22.3,12,1.0
2025-03-20 21:00,-22.38,-22.4,-22.3,12,1.0
2025-03-20 22:00,-22.43,-22.5,-22.4,12,1.0
2025-03-20 23:00,-22.5,-22.5,-22.5,12,1.0
2025-03-21 00:00,-22.56,-22.6,-22.5,12,1.0
2025-03-21 01:00,-22.62,-22.7,-22.6,12,1.0
2025-03-21 02:00,-22.7,-22.7,-22.7,12,1.0
2025-03-21 03:00,-22.78,-22.8,-22.7,12,1.0
2025-03-21 04:00,-22.82,-22.9,-22.8,12,1.0
2025-03-21 05:00,-22.9,-22.9,-22.9,12,1.0
2025-03-21 06:00,-22.96,-23.0,-22.9,12,1.0
2025-03-21 07:00,-23.0,-23.0,-23.0,12,1.0
2025-03-21 08:00,-23.08,-23.1,-23.0,12,1.0
2025-03-21 09:00,-23.1,-23.1,-23.1,12,1.0
2025-03-21 10:00,-23.2,-23.2,-23.2,12,1.0
2025-03-21 11:00,-23.23,-23.3,-23.2,12,1.0
2025-03-21 12:00,-23.29,-23.3,-23.2,12,1.0
2025-03-21 13:00,-23.32,-23.4,-23.3,12,1.0
2025-03-21 14:00,-23.36,-23.4,-23.3,12,1.0
2025-03-21 15:00,-23.4,-23.4,-23.4,12,1.0
2025-03-21 16:00,-23.41,-23.5,-23.4,12,1.0
2025-03-21 17:00,-23.48,-23.5,-23.4,12,1.0
2025-03-21 18:00,-23.51,-23.6,-23.5,12,1.0
2025-03-21 19:00,-23.58,-23.6,-23.5,12,1.0
2025-03-21 20:00,-23.67,-23.7,-23.6,12,1.0
2025-03-21 21:00,-23.72,-23.8,-23.7,12,1.0
2025-03-21 22:00,-23.79,-23.8,-23.7,12,1.0
2025-03-21 23:00,-23.88,-23.9,-23.8,12,1.0
2025-03-22 00:00,-23.96,-24.0,-23.9,12,1.0
2025-03-22 01:00,-24.03,-24.1,-24.0,12,1.0
2025-03-22 02:00,-24.09,-24.1,-24.0,12,1.0
2025-03-22 03:00,-24.17,-24.2,-24.1,12,1.0
2025-03-22 04:00,-24.26,-24.3,-24.2,12,1.0
2025-03-22 05:00,-24.3,-24.3,-24.3,12,1.0
2025-03-22 06:00,-24.38,-24.4,-24.3,12,1.0
2025-03-22 07:00,-24.43,-24.5,-24.4,12,1.0
2025-03-22 08:00,-24.49,-24.5,-24.4,12,1.0
2025-03-22 09:00,-24.57,-24.6,-24.5,12,1.0
2025-03-22 10:00,-24.61,-24.7,-24.6,12,1.0
2025-03-22 11:00,-24.7,-24.7,-24.7,12,1.0
2025-03-22 12:00,-24.77,-24.8,-24.7,12,1.0
2025-03-22 13:00,-24.8,-24.8,-24.8,12,1.0
2025-03-22 14:00,-24.8,-24.8,-24.8,12,1.0
2025-03-22 15:00,-24.87,-24.9,-24.8,12,1.0
2025-03-22 16:00,-24.91,-25.0,-24.9,12,1.0
2025-03-22 17:00,-24.98,-25.0,-24.9,12,1.0
2025-03-22 18:00,-25.03,-25.1,-25.0,12,1.0
2025-03-22 19:00,-25.11,-25.2,-25.1,12,1.0
2025-03-22 20:00,-25.2,-25.2,-25.2,12,1.0
2025-03-22 21:00,-25.28,-25.3,-25.2,12,1.0
2025-03-22 22:00,-25.32,-25.4,-25.3,12,1.0
2025-03-22 23:00,-25.4,-25.4,-25.4,12,1.0
2025-03-23 00:00,-25.48,-25.5,-25.4,12,1.0
2025-03-23 01:00,-25.54,-25.6,-25.5,12,1.0
2025-03-23 02:00,-25.61,-25.7,-25.6,12,1.0
2025-03-23 03:00,-25.68,-25.7,-25.6,12,1.0
2025-03-23 04:00,-25.74,-25.8,-25.7,12,1.0
2025-03-23 05:00,-25.81,-25.9,-25.8,12,1.0
2025-03-23 06:00,-25.88,-25.9,-25.8,12,1.0
2025-03-23 07:00,-25.92,-26.0,-25.9,12,1.0
2025-03-23 08:00,-25.99,-26.0,-25.9,12,1.0
2025-03-23 09:00,-26.08,-26.1,-26.0,12,1.0
2025-03-23 10:00,-26.11,-26.2,-26.1,12,1.0
2025-03-23 11:00,-26.15,-26.2,-26.1,12,1.0
2025-03-23 12:00,-26.2,-26.2,-26.2,12,1.0
2025-03-23 13:00,-26.27,-26.3,-26.2,12,1.0
2025-03-23 14:00,-26.31,-26.4,-26.3,12,1.0
2025-03-23 15:00,-26.38,-26.4,-26.3,12,1.0
2025-03-23 16:00,-26.41,-26.5,-26.4,12,1.0
2025-03-23 17:00,-26.49,-26.5,-26.4,12,1.0
2025-03-23 18:00,-26.54,-26.6,-26.5,12,1.0
2025-03-23 19:00,-26.61,-26.7,-26.6,12,1.0
2025-03-23 20:00,-26.69,-26.7,-26.6,12,1.0
2025-03-23 21:00,-26.78,-26.8,-26.7,12,1.0
2025-03-23 22:00,-26.84,-26.9,-26.8,12,1.0
2025-03-23 23:00,-26.9,-26.9,-26.9,12,1.0
2025-03-24 00:00,-26.94,-27.0,-26.9,12,1.0
2025-03-24 01:00,-27.0,-27.0,-27.0,12,1.0
2025-03-24 02:00,-27.09,-27.1,-27.0,12,1.0
2025-03-24 03:00,-27.14,-27.2,-27.1,12,1.0
2025-03-24 04:00,-27.2,-27.2,-27.2,12,1.0
2025-03-24 05:00,-27.24,-27.3,-27.2,12,1.0
2025-03-24 06:00,-27.3,-27.3,-27.3,12,1.0
2025-03-24 07:00,-27.35,-27.4,-27.3,12,1.0
2025-03-24 08:00,-27.41,-27.5,-27.4,12,1.0
2025-03-24 09:00,-27.47,-27.5,-27.4,12,1.0
2025-03-24 10:00,-27.5,-27.5,-27.5,12,1.0
2025-03-24 11:00,-27.54,-27.6,-27.5,12,1.0
2025-03-24 12:00,-27.6,-27.6,-27.6,12,1.0
2025-03-24 13:00,-27.66,-27.7,-27.6,12,1.0
2025-03-24 14:00,-27.71,-27.8,-27.7,12,1.0
2025-03-24 15:00,-27.78,-27.8,-27.7,12,1.0
2025-03-24 16:00,-27.81,-27.9,-27.8,12,1.0
2025-03-24 17:00,-27.9,-27.9,-27.9,12,1.0
2025-03-24 18:00,-27.97,-28.0,-27.9,12,1.0
2025-03-24 19:00,-28.02,-28.1,-28.0,12,1.0
2025-03-24 20:00,-28.1,-28.1,-28.1,12,1.0
2025-03-24 21:00,-28.18,-28.2,-28.1,12,1.0
2025-03-24 22:00,-28.25,-28.3,-28.2,12,1.0
2025-03-24 23:00,-28.32,-28.4,-28.3,12,1.0
2025-03-25 00:00,-28.41,-28.5,-28.4,12,1.0
2025-03-25 01:00,-28.48,-28.5,-28.4,12,1.0
2025-03-25 02:00,-28.52,-28.6,-28.5,12,1.0
2025-03-25 03:00,-28.6,-28.6,-28.6,12,1.0
2025-03-25 04:00,-28.66,-28.7,-28.6,12,1.0
2025-03-25 05:00,-28.7,-28.7,-28.7,12,1.0
2025-03-25 06:00,-28.77,-28.8,-28.7,12,1.0
2025-03-25 07:00,-28.83,-28.9,-28.8,12,1.0
2025-03-25 08:00,-28.92,-29.0,-28.9,12,1.0
2025-03-25 09:00,-28.98,-29.1,-28.9,12,1.0
2025-03-25 10:00,-29.05,-29.1,-29.0,12,1.0
2025-03-25 11:00,-29.1,-29.1,-29.1,12,1.0
2025-03-25 12:00,-29.15,-29.2,-29.1,12,1.0
2025-03-25 13:00,-29.2,-29.3,-29.1,12,1.0
2025-03-25 14:00,-29.26,-29.3,-29.2,12,1.0
2025-03-25 15:00,-29.32,-29.4,-29.3,12,1.0
2025-03-25 16:00,-29.38,-29.4,-29.3,12,1.0
2025-03-25 17:00,-29.44,-29.5,-29.4,12,1.0
2025-03-25 18:00,-29.51,-29.6,-29.5,12,1.0
2025-03-25 19:00,-29.59,-29.6,-29.5,12,1.0
2025-03-25 20:00,-29.67,-29.7,-29.6,12,1.0
2025-03-25 21:00,-29.77,-29.8,-29.7,12,1.0
2025-03-25 22:00,-29.82,-29.9,-29.8,12,1.0
2025-03-25 23:00,-29.91,-30.0,-29.8,12,1.0
2025-03-26 00:00,-30.0,-30.0,-30.0,12,1.0
2025-03-26 01:00,-30.1,-30.1,-30.1,12,1.0
2025-03-26 02:00,-30.15,-30.2,-30.1,12,1.0
2025-03-26 03:00,-30.21,-30.3,-30.2,12,1.0
2025-03-26 04:00,-30.31,-30.4,-30.3,12,1.0
2025-03-26 05:00,-30.37,-30.4,-30.3,12,1.0
2025-03-26 06:00,-30.42,-30.5,-30.4,12,1.0
2025-03-26 07:00,-30.51,-30.6,-30.5,12,1.0
2025-03-26 08:00,-30.56,-30.6,-30.5,12,1.0
2025-03-26 09:00,-30.61,-30.7,-30.6,12,1.0
2025-03-26 10:00,-30.68,-30.7,-30.6,12,1.0
2025-03-26 11:00,-30.78,-30.8,-30.7,12,1.0
2025-03-26 12:00,-30.82,-30.9,-30.8,12,1.0
2025-03-26 13:00,-30.89,-30.9,-30.8,12,1.0
2025-03-26 14:00,-30.92,-31.0,-30.9,12,1.0
2025-03-26 15:00,-31.05,-31.1,-31.0,12,1.0
2025-03-26 16:00,-31.11,-31.2,-31.1,12,1.0
2025-03-26 17:00,-31.14,-31.2,-31.1,12,1.0
2025-03-26 18:00,-31.22,-31.3,-31.2,12,1.0
2025-03-26 19:00,-31.29,-31.3,-31.2,12,1.0
2025-03-26 20:00,-31.39,-31.4,-31.3,12,1.0
2025-03-26 21:00,-31.46,-31.5,-31.4,12,1.0
2025-03-26 22:00,-31.54,-31.6,-31.5,12,1.0
2025-03-26 23:00,-31.6,-31.6,-31.6,12,1.0
2025-03-27 00:00,-31.71,-31.8,-31.7,12,1.0
2025-03-27 01:00,-31.79,-31.8,-31.7,12,1.0
2025-03-27 02:00,-31.83,-31.9,-31.7,12,1.0
2025-03-27 03:00,-31.92,-32.0,-31.9,12,1.0
2025-03-27 04:00,-31.92,-32.0,-31.9,12,1.0
2025-03-27 05:00,-32.0,-32.0,-32.0,12,1.0
2025-03-27 06:00,-32.02,-32.1,-32.0,12,1.0
2025-03-27 07:00,-32.1,-32.1,-32.1,12,1.0
2025-03-27 08:00,-32.16,-32.2,-32.1,12,1.0
2025-03-27 09:00,-32.21,-32.3,-32.2,12,1.0
2025-03-27 10:00,-32.29,-32.3,-32.2,12,1.0
2025-03-27 11:00,-32.32,-32.4,-32.3,12,1.0
2025-03-27 12:00,-32.35,-32.4,-32.3,12,1.0
2025-03-27 13:00,-32.39,-32.4,-32.3,12,1.0
2025-03-27 14:00,-32.42,-32.5,-32.4,12,1.0
2025-03-27 15:00,-32.5,-32.5,-32.5,12,1.0
2025-03-27 16:00,-32.51,-32.6,-32.5,12,1.0
2025-03-27 17:00,-32.6,-32.6,-32.6,12,1.0
2025-03-27 18:00,-32.62,-32.7,-32.6,12,1.0
2025-03-27 19:00,-32.65,-32.7,-32.6,12,1.0
2025-03-27 20:00,-32.68,-32.7,-32.6,12,1.0
2025-03-27 21:00,-32.71,-32.8,-32.7,12,1.0
2025-03-27 22:00,-32.79,-32.8,-32.7,12,1.0
2025-03-27 23:00,-32.81,-32.9,-32.8,12,1.0
2025-03-28 00:00,-32.87,-32.9,-32.8,12,1.0
2025-03-28 01:00,-32.92,-33.0,-32.9,12,1.0
2025-03-28 02:00,-32.94,-33.0,-32.9,12,1.0
2025-03-28 03:00,-33.01,-33.1,-33.0,12,1.0
2025-03-28 04:00,-33.08,-33.1,-33.0,12,1.0
2025-03-28 05:00,-33.1,-33.1,-33.1,12,1.0
2025-03-28 06:00,-33.11,-33.2,-33.1,12,1.0
2025-03-28 07:00,-33.16,-33.2,-33.1,12,1.0
2025-03-28 08:00,-33.18,-33.2,-33.1,12,1.0
2025-03-28 09:00,-33.18,-33.2,-33.1,12,1.0
2025-03-28 10:00,-33.13,-33.2,-33.1,12,1.0
2025-03-28 11:00,-33.12,-33.2,-33.1,12,1.0
2025-03-28 12:00,-33.1,-33.1,-33.1,12,1.0
2025-03-28 13:00,-33.07,-33.1,-33.0,12,1.0
2025-03-28 14:00,-33.01,-33.1,-33.0,12,1.0
2025-03-28 15:00,-32.97,-33.0,-32.9,12,1.0
2025-03-28 16:00,-32.91,-33.0,-32.9,12,1.0
2025-03-28 17:00,-32.85,-32.9,-32.8,12,1.0
2025-03-28 18:00,-32.82,-32.9,-32.8,12,1.0
2025-03-28 19:00,-32.79,-32.8,-32.7,12,1.0
2025-03-28 20:00,-32.73,-32.8,-32.7,12,1.0
2025-03-28 21:00,-32.7,-32.7,-32.7,12,1.0
2025-03-28 22:00,-32.65,-32.7,-32.6,12,1.0
2025-03-28 23:00,-32.56,-32.6,-32.5,12,1.0
2025-03-29 00:00,-32.44,-32.5,-32.4,12,1.0
2025-03-29 01:00,-32.32,-32.4,-32.2,12,1.0
2025-03-29 02:00,-32.18,-32.2,-32.1,12,1.0
2025-03-29 03:00,-32.1,-32.1,-32.1,12,1.0
2025-03-29 04:00,-31.97,-32.1,-31.9,12,1.0
2025-03-29 05:00,-31.8,-31.9,-31.7,12,1.0
2025-03-29 06:00,-31.62,-31.7,-31.5,12,1.0
2025-03-29 07:00,-31.52,-31.6,-31.5,12,1.0
2025-03-29 08:00,-31.35,-31.4,-31.2,12,1.0
2025-03-29 09:00,-31.2,-31.3,-31.1,12,1.0
2025-03-29 10:00,-31.01,-31.1,-30.9,12,1.0
2025-03-29 11:00,-30.85,-30.9,-30.8,12,1.0
2025-03-29 12:00,-30.63,-30.8,-30.5,12,1.0
2025-03-29 13:00,-30.4,-30.5,-30.3,12,1.0
2025-03-29 14:00,-30.18,-30.3,-30.1,12,1.0
2025-03-29 15:00,-29.89,-30.0,-29.8,12,1.0
2025-03-29 16:00,-29.55,-29.7,-29.4,12,1.0
2025-03-29 17:00,-28.97,-29.3,-28.6,12,1.0
2025-03-29 18:00,-27.76,-28.5,-26.9,12,1.0
2025-03-29 19:00,-25.31,-26.7,-23.7,12,1.0
2025-03-29 20:00,-20.96,-23.3,-18.5,12,1.0
2025-03-29 21:00,-15.96,-18.1,-14.0,12,1.0
2025-03-29 22:00,-12.07,-13.6,-10.7,12,1.0
2025-03-29 23:00,-8.08,-10.5,-5.5,12,1.0
2025-03-30 00:00,-3.18,-5.2,-1.9,12,1.0
2025-03-30 01:00,-1.41,-1.8,-1.1,12,1.0
2025-03-30 02:00,-0.99,-1.1,-0.9,12,1.0
2025-03-30 03:00,-0.82,-0.9,-0.8,12,1.0
2025-03-30 04:00,-0.8,-0.8,-0.8,12,1.0
2025-03-30 05:00,-0.73,-0.8,-0.7,12,1.0
2025-03-30 06:00,-0.7,-0.7,-0.7,12,1.0
2025-03-30 07:00,-0.7,-0.7,-0.7,12,1.0
2025-03-30 08:00,-0.7,-0.7,-0.7,12,1.0
2025-03-30 09:00,-0.7,-0.7,-0.7,12,1.0
2025-03-30 10:00,-0.74,-0.8,-0.7,12,1.0
2025-03-30 11:00,-0.8,-0.8,-0.8,12,1.0
2025-03-30 12:00,-0.8,-0.8,-0.8,12,1.0
2025-03-30 13:00,-0.8,-0.8,-0.8,12,1.0
2025-03-30 14:00,-0.83,-0.9,-0.8,12,1.0
2025-03-30 15:00,-0.9,-0.9,-0.9,12,1.0
2025-03-30 16:00,-0.92,-1.0,-0.9,12,1.0
2025-03-30 17:00,-1.0,-1.0,-1.0,12,1.0
2025-03-30 18:00,-1.05,-1.1,-1.0,12,1.0
2025-03-30 19:00,-1.1,-1.1,-1.1,12,1.0
2025-03-30 20:00,-1.18,-1.2,-1.1,12,1.0
2025-03-30 21:00,-1.27,-1.3,-1.2,12,1.0
2025-03-30 22:00,-1.36,-1.4,-1.3,12,1.0
2025-03-30 23:00,-1.44,-1.5,-1.4,12,1.0
2025-03-31 00:00,-1.57,-1.6,-1.5,12,1.0
2025-03-31 01:00,-1.68,-1.7,-1.6,12,1.0
2025-03-31 02:00,-1.83,-1.9,-1.8,12,1.0
2025-03-31 03:00,-1.98,-2.1,-1.9,12,1.0
2025-03-31 04:00,-2.17,-2.2,-2.1,12,1.0
2025-03-31 05:00,-2.34,-2.4,-2.2,12,1.0
2025-03-31 06:00,-2.57,-2.7,-2.5,12,1.0
2025-03-31 07:00,-2.78,-2.9,-2.7,12,1.0
2025-03-31 08:00,-3.02,-3.1,-2.9,12,1.0
2025-03-31 09:00,-3.19,-3.2,-3.1,12,1.0
2025-03-31 10:00,-3.16,-3.2,-3.1,12,1.0
2025-03-31 11:00,-3.01,-3.1,-2.9,12,1.0
2025-03-31 12:00,-2.89,-2.9,-2.8,12,1.0
2025-03-31 13:00,-2.88,-2.9,-2.8,12,1.0
2025-03-31 14:00,-2.92,-3.0,-2.9,12,1.0
2025-03-31 15:00,-3.0,-3.1,-2.9,12,1.0
2025-03-31 16:00,-3.13,-3.2,-3.1,12,1.0
2025-03-31 17:00,-3.29,-3.4,-3.2,12,1.0
2025-03-31 18:00,-3.48,-3.6,-3.4,12,1.0
2025-03-31 19:00,-3.69,-3.8,-3.6,12,1.0
2025-03-31 20:00,-3.97,-4.1,-3.8,12,1.0
2025-03-31 21:00,-4.36,-4.8,-4.1,12,1.0
2025-03-31 22:00,-5.02,-5.1,-4.8,12,1.0
2025-03-31 23:00,-5.22,-5.3,-5.2,12,1.0
2025-04-01 00:00,-5.41,-5.5,-5.3,12,1.0
2025-04-01 01:00,-5.6,-5.7,-5.5,12,1.0
2025-04-01 02:00,-5.81,-5.9,-5.7,12,1.0
2025-04-01 03:00,-6.04,-6.2,-5.9,12,1.0
2025-04-01 04:00,-6.31,-6.4,-6.2,12,1.0
2025-04-01 05:00,-6.58,-6.7,-6.5,12,1.0
2025-04-01 06:00,-6.88,-7.0,-6.7,12,1.0
2025-04-01 07:00,-7.22,-7.4,-7.1,12,1.0
2025-04-01 08:00,-7.58,-7.8,-7.4,12,1.0
2025-04-01 09:00,-7.99,-8.2,-7.8,12,1.0
2025-04-01 10:00,-8.42,-8.6,-8.2,12,1.0
2025-04-01 11:00,-8.83,-9.0,-8.6,12,1.0
2025-04-01 12:00,-9.29,-9.5,-9.1,12,1.0
2025-04-01 13:00,-9.78,-10.0,-9.5,12,1.0
2025-04-01 14:00,-10.07,-10.1,-10.0,12,1.0
2025-04-01 15:00,-10.17,-10.2,-10.1,12,1.0
2025-04-01 16:00,-10.28,-10.3,-10.2,12,1.0
2025-04-01 17:00,-10.4,-10.4,-10.4,12,1.0
2025-04-01 18:00,-10.52,-10.6,-10.5,12,1.0
2025-04-01 19:00,-10.63,-10.7,-10.6,12,1.0
2025-04-01 20:00,-10.73,-10.8,-10.7,12,1.0
2025-04-01 21:00,-10.85,-10.9,-10.8,12,1.0
2025-04-01 22:00,-10.9,-10.9,-10.9,10,0.833
2025-04-01 23:00,-10.95,-11.0,-10.9,12,1.0
2025-04-02 00:00,-11.06,-11.1,-11.0,12,1.0
2025-04-02 01:00,-11.15,-11.2,-11.1,12,1.0
2025-04-02 02:00,-11.24,-11.3,-11.2,12,1.0
2025-04-02 03:00,-11.35,-11.4,-11.3,12,1.0
2025-04-02 04:00,-11.47,-11.5,-11.4,12,1.0
2025-04-02 05:00,-11.56,-11.6,-11.5,12,1.0
2025-04-02 06:00,-11.67,-11.7,-11.6,12,1.0
2025-04-02 07:00,-11.75,-11.8,-11.7,12,1.0
2025-04-02 08:00,-11.86,-11.9,-11.8,12,1.0
2025-04-02 09:00,-11.95,-12.0,-11.9,12,1.0
2025-04-02 10:00,-12.07,-12.1,-12.0,12,1.0
2025-04-02 11:00,-12.15,-12.2,-12.1,12,1.0
2025-04-02 12:00,-12.25,-12.3,-12.2,12,1.0
2025-04-02 13:00,-12.35,-12.4,-12.3,12,1.0
2025-04-02 14:00,-12.45,-12.5,-12.4,12,1.0
2025-04-02 15:00,-12.56,-12.6,-12.5,12,1.0
2025-04-02 16:00,-12.66,-12.7,-12.6,12,1.0
2025-04-02 17:00,-12.78,-12.8,-12.7,12,1.0
2025-04-02 18:00,-12.91,-13.0,-12.9,12,1.0
2025-04-02 19:00,-13.03,-13.1,-13.0,12,1.0
2025-04-02 20:00,-13.13,-13.2,-13.1,12,1.0
2025-04-02 21:00,-13.26,-13.3,-13.2,12,1.0
2025-04-02 22:00,-13.37,-13.4,-13.3,12,1.0
2025-04-02 23:00,-13.48,-13.5,-13.4,12,1.0
2025-04-03 00:00,-13.58,-13.6,-13.5,12,1.0
2025-04-03 01:00,-13.68,-13.7,-13.6,12,1.0
2025-04-03 02:00,-13.78,-13.8,-13.7,12,1.0
2025-04-03 03:00,-13.9,-14.0,-13.8,12,1.0
2025-04-03 04:00,-14.01,-14.1,-14.0,12,1.0
2025-04-03 05:00,-14.12,-14.2,-14.1,12,1.0
2025-04-03 06:00,-14.21,-14.3,-14.2,12,1.0
2025-04-03 07:00,-14.3,-14.3,-14.3,12,1.0
2025-04-03 08:00,-14.41,-14.5,-14.4,12,1.0
2025-04-03 09:00,-14.52,-14.6,-14.5,12,1.0
2025-04-03 10:00,-14.62,-14.7,-14.6,12,1.0
2025-04-03 11:00,-14.72,-14.8,-14.7,12,1.0
2025-04-03 12:00,-14.82,-14.9,-14.8,12,1.0
2025-04-03 13:00,-14.92,-15.0,-14.9,12,1.0
2025-04-03 14:00,-15.03,-15.1,-15.0,12,1.0
2025-04-03 15:00,-15.14,-15.2,-15.1,12,1.0
2025-04-03 16:00,-15.25,-15.3,-15.2,12,1.0
2025-04-03 17:00,-15.38,-15.4,-15.3,12,1.0
2025-04-03 18:00,-15.51,-15.6,-15.4,12,1.0
2025-04-03 19:00,-15.64,-15.7,-15.6,12,1.0
2025-04-03 20:00,-15.77,-15.8,-15.7,12,1.0
2025-04-03 21:00,-15.9,-16.0,-15.8,12,1.0
2025-04-03 22:00,-16.03,-16.1,-15.9,12,1.0
2025-04-03 23:00,-16.16,-16.2,-16.1,12,1.0
2025-04-04 00:00,-16.26,-16.3,-16.2,12,1.0
2025-04-04 01:00,-16.36,-16.4,-16.3,12,1.0
2025-04-04 02:00,-16.49,-16.6,-16.4,12,1.0
2025-04-04 03:00,-16.62,-16.7,-16.6,12,1.0
2025-04-04 04:00,-16.76,-16.8,-16.7,12,1.0
2025-04-04 05:00,-16.86,-16.9,-16.8,12,1.0
2025-04-04 06:00,-16.96,-17.0,-16.9,12,1.0
2025-04-04 07:00,-17.08,-17.1,-17.0,12,1.0
2025-04-04 08:00,-17.2,-17.2,-17.2,12,1.0
2025-04-04 09:00,-17.3,-17.4,-17.2,12,1.0
2025-04-04 10:00,-17.41,-17.5,-17.4,12,1.0
2025-04-04 11:00,-17.53,-17.6,-17.5,12,1.0
2025-04-04 12:00,-17.63,-17.7,-17.6,12,1.0
2025-04-04 13:00,-17.74,-17.8,-17.7,12,1.0
2025-04-04 14:00,-17.86,-17.9,-17.8,12,1.0
2025-04-04 15:00,-17.99,-18.0,-17.9,12,1.0
2025-04-04 16:00,-18.1,-18.2,-18.0,12,1.0
2025-04-04 17:00,-18.22,-18.3,-18.1,12,1.0
2025-04-04 18:00,-18.36,-18.4,-18.3,12,1.0
2025-04-04 19:00,-18.46,-18.5,-18.4,12,1.0
2025-04-04 20:00,-18.61,-18.7,-18.5,12,1.0
2025-04-04 21:00,-18.73,-18.8,-18.7,12,1.0
2025-04-04 22:00,-18.86,-18.9,-18.8,12,1.0
2025-04-04 23:00,-18.97,-19.0,-18.9,12,1.0
2025-04-05 00:00,-19.11,-19.2,-19.0,12,1.0
2025-04-05 01:00,-19.24,-19.3,-19.2,12,1.0
2025-04-05 02:00,-19.36,-19.4,-19.3,12,1.0
2025-04-05 03:00,-19.48,-19.5,-19.4,12,1.0
2025-04-05 04:00,-19.58,-19.6,-19.5,12,1.0
2025-04-05 05:00,-19.69,-19.7,-19.6,12,1.0
2025-04-05 06:00,-19.79,-19.8,-19.7,12,1.0
2025-04-05 07:00,-19.9,-20.0,-19.8,12,1.0
2025-04-05 08:00,-20.03,-20.1,-20.0,12,1.0
2025-04-05 09:00,-20.13,-20.2,-20.1,12,1.0
2025-04-05 10:00,-20.23,-20.3,-20.2,12,1.0
2025-04-05 11:00,-20.32,-20.4,-20.3,12,1.0
2025-04-05 12:00,-20.44,-20.5,-20.4,12,1.0
2025-04-05 13:00,-20.53,-20.6,-20.5,12,1.0
2025-04-05 14:00,-20.63,-20.7,-20.6,12,1.0
2025-04-05 15:00,-20.73,-20.8,-20.7,12,1.0
2025-04-05 16:00,-20.85,-20.9,-20.8,12,1.0
2025-04-05 17:00,-20.96,-21.0,-20.9,12,1.0
2025-04-05 18:00,-21.06,-21.1,-21.0,12,1.0
2025-04-05 19:00,-21.18,-21.3,-21.1,12,1.0
2025-04-05 20:00,-21.33,-21.4,-21.3,12,1.0
2025-04-05 21:00,-21.43,-21.5,-21.4,12,1.0
2025-04-05 22:00,-21.57,-21.6,-21.5,12,1.0
2025-04-05 23:00,-21.69,-21.8,-21.6,12,1.0
2025-04-06 00:00,-21.79,-21.8,-21.7,12,1.0
2025-04-06 01:00,-21.92,-22.0,-21.9,12,1.0
2025-04-06 02:00,-22.04,-22.1,-22.0,12,1.0
2025-04-06 03:00,-22.16,-22.2,-22.1,12,1.0
2025-04-06 04:00,-22.24,-22.3,-22.2,12,1.0
2025-04-06 05:00,-22.34,-22.4,-22.3,12,1.0
2025-04-06 06:00,-22.45,-22.5,-22.4,12,1.0
2025-04-06 07:00,-22.56,-22.6,-22.5,12,1.0
2025-04-06 08:00,-22.68,-22.7,-22.6,12,1.0
2025-04-06 09:00,-22.77,-22.8,-22.7,12,1.0
2025-04-06 10:00,-22.84,-22.9,-22.8,12,1.0
2025-04-06 11:00,-22.92,-23.0,-22.9,12,1.0
2025-04-06 12:00,-23.0,-23.0,-23.0,12,1.0
2025-04-06 13:00,-23.1,-23.1,-23.1,12,1.0
2025-04-06 14:00,-23.18,-23.2,-23.1,12,1.0
2025-04-06 15:00,-23.22,-23.3,-23.2,12,1.0
2025-04-06 16:00,-23.33,-23.4,-23.3,12,1.0
2025-04-06 17:00,-23.41,-23.5,-23.4,12,1.0
2025-04-06 18:00,-23.51,-23.6,-23.5,12,1.0
2025-04-06 19:00,-23.62,-23.7,-23.6,12,1.0
2025-04-06 20:00,-23.77,-23.8,-23.7,12,1.0
2025-04-06 21:00,-23.88,-23.9,-23.8,12,1.0
2025-04-06 22:00,-24.04,-24.1,-24.0,12,1.0
2025-04-06 23:00,-24.14,-24.2,-24.1,12,1.0
2025-04-07 00:00,-24.28,-24.3,-24.2,12,1.0
2025-04-07 01:00,-24.43,-24.5,-24.3,12,1.0
2025-04-07 02:00,-24.54,-24.7,-24.5,12,1.0
2025-04-07 03:00,-24.67,-24.7,-24.6,12,1.0
2025-04-07 04:00,-24.77,-24.8,-24.7,12,1.0
2025-04-07 05:00,-24.86,-24.9,-24.8,12,1.0
2025-04-07 06:00,-24.96,-25.0,-24.9,12,1.0
2025-04-07 07:00,-25.07,-25.1,-25.0,12,1.0
2025-04-07 08:00,-25.18,-25.2,-25.1,12,1.0
2025-04-07 09:00,-25.28,-25.3,-25.2,12,1.0
2025-04-07 10:00,-25.36,-25.4,-25.3,12,1.0
2025-04-07 11:00,-25.41,-25.5,-25.4,12,1.0
2025-04-07 12:00,-25.48,-25.5,-25.4,12,1.0
2025-04-07 13:00,-25.56,-25.6,-25.5,12,1.0
2025-04-07 14:00,-25.62,-25.7,-25.5,12,1.0
2025-04-07 15:00,-25.69,-25.7,-25.6,12,1.0
2025-04-07 16:00,-25.76,-25.8,-25.7,12,1.0
2025-04-07 17:00,-25.82,-25.9,-25.8,12,1.0
2025-04-07 18:00,-25.88,-25.9,-25.8,12,1.0
2025-04-07 19:00,-25.99,-26.0,-25.9,12,1.0
2025-04-07 20:00,-26.04,-26.1,-26.0,12,1.0
2025-04-07 21:00,-26.12,-26.2,-26.1,12,1.0
2025-04-07 22:00,-26.2,-26.3,-26.1,12,1.0
2025-04-07 23:00,-26.32,-26.4,-26.3,12,1.0
2025-04-08 00:00,-26.39,-26.4,-26.3,12,1.0
2025-04-08 01:00,-26.48,-26.5,-26.4,12,1.0
2025-04-08 02:00,-26.55,-26.6,-26.5,12,1.0
2025-04-08 03:00,-26.63,-26.7,-26.6,12,1.0
2025-04-08 04:00,-26.72,-26.8,-26.7,12,1.0
2025-04-08 05:00,-26.78,-26.8,-26.7,12,1.0
2025-04-08 06:00,-26.86,-26.9,-26.8,12,1.0
2025-04-08 07:00,-26.92,-27.0,-26.9,12,1.0
2025-04-08 08:00,-27.02,-27.1,-27.0,12,1.0
2025-04-08 09:00,-27.08,-27.1,-27.0,12,1.0
2025-04-08 10:00,-27.1,-27.1,-27.1,12,1.0
2025-04-08 11:00,-27.14,-27.2,-27.1,12,1.0
2025-04-08 12:00,-27.2,-27.2,-27.2,12,1.0
2025-04-08 13:00,-27.22,-27.3,-27.2,12,1.0
2025-04-08 14:00,-27.28,-27.3,-27.2,12,1.0
2025-04-08 15:00,-27.29,-27.3,-27.2,12,1.0
2025-04-08 16:00,-27.3,-27.3,-27.3,12,1.0
2025-04-08 17:00,-27.3,-27.3,-27.3,12,1.0
2025-04-08 18:00,-27.34,-27.4,-27.3,12,1.0
2025-04-08 19:00,-27.4,-27.4,-27.4,12,1.0
2025-04-08 20:00,-27.47,-27.5,-27.4,12,1.0
2025-04-08 21:00,-27.5,-27.5,-27.5,12,1.0
2025-04-08 22:00,-27.56,-27.6,-27.5,12,1.0
2025-04-08 23:00,-27.65,-27.7,-27.6,12,1.0
2025-04-09 00:00,-27.71,-27.8,-27.7,12,1.0
2025-04-09 01:00,-27.8,-27.8,-27.8,12,1.0
2025-04-09 02:00,-27.86,-27.9,-27.8,12,1.0
2025-04-09 03:00,-27.92,-28.0,-27.9,12,1.0
2025-04-09 04:00,-27.98,-28.0,-27.9,12,1.0
2025-04-09 05:00,-28.08,-28.1,-28.0,12,1.0
2025-04-09 06:00,-28.12,-28.2,-28.1,12,1.0
2025-04-09 07:00,-28.2,-28.2,-28.2,12,1.0
2025-04-09 08:00,-28.22,-28.3,-28.2,12,1.0
2025-04-09 09:00,-28.29,-28.3,-28.2,12,1.0
2025-04-09 10:00,-28.33,-28.4,-28.3,12,1.0
2025-04-09 11:00,-28.4,-28.4,-28.4,12,1.0
2025-04-09 12:00,-28.41,-28.5,-28.4,12,1.0
2025-04-09 13:00,-28.47,-28.5,-28.4,12,1.0
2025-04-09 14:00,-28.49,-28.5,-28.4,12,1.0
2025-04-09 15:00,-28.5,-28.5,-28.5,12,1.0
2025-04-09 16:00,-28.51,-28.6,-28.5,12,1.0
2025-04-09 17:00,-28.54,-28.6,-28.5,12,1.0
2025-04-09 18:00,-28.55,-28.6,-28.5,12,1.0
2025-04-09 19:00,-28.6,-28.6,-28.6,12,1.0
2025-04-09 20:00,-28.63,-28.7,-28.6,12,1.0
2025-04-09 21:00,-28.7,-28.8,-28.6,12,1.0
2025-04-09 22:00,-28.77,-28.8,-28.7,12,1.0
2025-04-09 23:00,-28.84,-28.9,-28.8,12,1.0
2025-04-10 00:00,-28.91,-29.0,-28.9,12,1.0
2025-04-10 01:00,-29.02,-29.1,-29.0,12,1.0
2025-04-10 02:00,-29.09,-29.1,-29.0,12,1.0
2025-04-10 03:00,-29.16,-29.2,-29.1,12,1.0
2025-04-10 04:00,-29.2,-29.2,-29.2,12,1.0
2025-04-10 05:00,-29.29,-29.3,-29.2,12,1.0
2025-04-10 06:00,-29.32,-29.4,-29.3,12,1.0
2025-04-10 07:00,-29.39,-29.4,-29.3,12,1.0
2025-04-10 08:00,-29.44,-29.5,-29.4,12,1.0
2025-04-10 09:00,-29.51,-29.6,-29.5,12,1.0
2025-04-10 10:00,-29.55,-29.6,-29.5,12,1.0
2025-04-10 11:00,-29.61,-29.7,-29.6,12,1.0
2025-04-10 12:00,-29.65,-29.7,-29.6,12,1.0
2025-04-10 13:00,-29.68,-29.7,-29.6,12,1.0
2025-04-10 14:00,-29.7,-29.7,-29.7,12,1.0
2025-04-10 15:00,-29.7,-29.7,-29.7,12,1.0
2025-04-10 16:00,-29.75,-29.8,-29.7,12,1.0
2025-04-10 17:00,-29.8,-29.8,-29.8,12,1.0
2025-04-10 18:00,-29.8,-29.8,-29.8,12,1.0
2025-04-10 19:00,-29.82,-29.9,-29.8,12,1.0
2025-04-10 20:00,-29.89,-29.9,-29.8,12,1.0
2025-04-10 21:00,-29.97,-30.0,-29.9,12,1.0
2025-04-10 22:00,-30.02,-30.1,-30.0,12,1.0
2025-04-10 23:00,-30.08,-30.1,-30.0,12,1.0
2025-04-11 00:00,-30.17,-30.2,-30.1,12,1.0
2025-04-11 01:00,-30.23,-30.3,-30.2,12,1.0
2025-04-11 02:00,-30.28,-30.3,-30.2,12,1.0
2025-04-11 03:00,-30.33,-30.4,-30.3,12,1.0
2025-04-11 04:00,-30.41,-30.5,-30.4,12,1.0
2025-04-11 05:00,-30.48,-30.5,-30.4,12,1.0
2025-04-11 06:00,-30.51,-30.6,-30.5,12,1.0
2025-04-11 07:00,-30.6,-30.6,-30.6,12,1.0
2025-04-11 08:00,-30.64,-30.7,-30.6,12,1.0
2025-04-11 09:00,-30.72,-30.8,-30.7,12,1.0
2025-04-11 10:00,-30.79,-30.8,-30.7,12,1.0
2025-04-11 11:00,-30.84,-30.9,-30.8,12,1.0
2025-04-11 12:00,-30.88,-30.9,-30.8,12,1.0
2025-04-11 13:00,-30.9,-30.9,-30.9,12,1.0
2025-04-11 14:00,-30.95,-31.0,-30.9,12,1.0
2025-04-11 15:00,-30.99,-31.0,-30.9,12,1.0
2025-04-11 16:00,-30.98,-31.0,-30.9,12,1.0
2025-04-11 17:00,-30.99,-31.0,-30.9,12,1.0
2025-04-11 18:00,-31.01,-31.1,-31.0,12,1.0
2025-04-11 19:00,-31.04,-31.1,-31.0,12,1.0
2025-04-11 20:00,-31.13,-31.2,-31.1,12,1.0
2025-04-11 21:00,-31.25,-31.3,-31.2,12,1.0
2025-04-11 22:00,-31.32,-31.4,-31.3,12,1.0
2025-04-11 23:00,-31.44,-31.5,-31.4,12,1.0
2025-04-12 00:00,-31.55,-31.6,-31.5,12,1.0
2025-04-12 01:00,-31.6,-31.7,-31.5,12,1.0
2025-04-12 02:00,-31.7,-31.8,-31.6,12,1.0
2025-04-12 03:00,-31.77,-31.8,-31.7,12,1.0
2025-04-12 04:00,-31.86,-31.9,-31.8,12,1.0
2025-04-12 05:00,-31.92,-32.0,-31.9,12,1.0
2025-04-12 06:00,-32.02,-32.1,-32.0,12,1.0
2025-04-12 07:00,-32.1,-32.2,-32.0,12,1.0
2025-04-12 08:00,-32.22,-32.3,-32.2,12,1.0
2025-04-12 09:00,-32.28,-32.3,-32.2,12,1.0
2025-04-12 10:00,-32.36,-32.4,-32.3,12,1.0
2025-04-12 11:00,-32.4,-32.4,-32.4,12,1.0
2025-04-12 12:00,-32.42,-32.5,-32.4,12,1.0
2025-04-12 13:00,-32.48,-32.5,-32.4,12,1.0
2025-04-12 14:00,-32.5,-32.6,-32.4,12,1.0
2025-04-12 15:00,-32.52,-32.6,-32.5,12,1.0
2025-04-12 16:00,-32.58,-32.6,-32.5,12,1.0
2025-04-12 17:00,-32.62,-32.7,-32.6,12,1.0
2025-04-12 18:00,-32.71,-32.8,-32.6,12,1.0
2025-04-12 19:00,-32.76,-32.8,-32.7,12,1.0
2025-04-12 20:00,-32.87,-32.9,-32.8,12,1.0
2025-04-12 21:00,-32.96,-33.0,-32.9,12,1.0
2025-04-12 22:00,-33.05,-33.1,-33.0,12,1.0
2025-04-12 23:00,-33.1,-33.2,-33.0,12,1.0
2025-04-13 00:00,-33.18,-33.2,-33.1,12,1.0
2025-04-13 01:00,-33.25,-33.3,-33.2,12,1.0
2025-04-13 02:00,-33.33,-33.4,-33.3,12,1.0
2025-04-13 03:00,-33.43,-33.5,-33.4,12,1.0
2025-04-13 04:00,-33.49,-33.5,-33.4,12,1.0
2025-04-13 05:00,-33.55,-33.6,-33.5,12,1.0
2025-04-13 06:00,-33.61,-33.7,-33.6,12,1.0
2025-04-13 07:00,-33.71,-33.8,-33.7,12,1.0
2025-04-13 08:00,-33.76,-33.8,-33.7,12,1.0
2025-04-13 09:00,-33.79,-33.9,-33.7,12,1.0
2025-04-13 10:00,-33.88,-33.9,-33.8,12,1.0
2025-04-13 11:00,-33.89,-33.9,-33.8,12,1.0
2025-04-13 12:00,-33.92,-34.0,-33.8,12,1.0
2025-04-13 13:00,-33.98,-34.0,-33.9,12,1.0
2025-04-13 14:00,-34.02,-34.1,-34.0,12,1.0
2025-04-13 15:00,-34.08,-34.1,-34.0,12,1.0
2025-04-13 16:00,-34.16,-34.2,-34.1,12,1.0
2025-04-13 17:00,-34.22,-34.3,-34.2,12,1.0
2025-04-13 18:00,-34.29,-34.3,-34.2,12,1.0
2025-04-13 19:00,-34.37,-34.4,-34.3,12,1.0
2025-04-13 20:00,-34.48,-34.5,-34.4,12,1.0
2025-04-13 21:00,-34.52,-34.6,-34.5,12,1.0
2025-04-13 22:00,-34.6,-34.7,-34.5,12,1.0
2025-04-13 23:00,-34.67,-34.7,-34.6,12,1.0
2025-04-14 00:00,-34.71,-34.8,-34.7,12,1.0
2025-04-14 01:00,-34.79,-34.9,-34.7,12,1.0
2025-04-14 02:00,-34.89,-34.9,-34.8,12,1.0
2025-04-14 03:00,-34.93,-35.0,-34.9,12,1.0
2025-04-14 04:00,-35.01,-35.1,-35.0,12,1.0
2025-04-14 05:00,-35.09,-35.2,-35.0,12,1.0
2025-04-14 06:00,-35.15,-35.2,-35.1,12,1.0
2025-04-14 07:00,-35.22,-35.3,-35.2,12,1.0
2025-04-14 08:00,-35.3,-35.3,-35.3,12,1.0
2025-04-14 09:00,-35.38,-35.4,-35.3,12,1.0
2025-04-14 10:00,-35.4,-35.4,-35.4,12,1.0
2025-04-14 11:00,-35.47,-35.5,-35.4,12,1.0
2025-04-14 12:00,-35.51,-35.6,-35.5,12,1.0
2025-04-14 13:00,-35.57,-35.6,-35.5,12,1.0
2025-04-14 14:00,-35.61,-35.7,-35.6,12,1.0
2025-04-14 15:00,-35.7,-35.8,-35.6,12,1.0
2025-04-14 16:00,-35.78,-35.8,-35.7,12,1.0
2025-04-14 17:00,-35.89,-36.0,-35.8,12,1.0
2025-04-14 18:00,-36.02,-36.1,-35.9,12,1.0
2025-04-14 19:00,-36.09,-36.2,-36.0,12,1.0
2025-04-14 20:00,-36.2,-36.2,-36.2,12,1.0
2025-04-14 21:00,-36.3,-36.4,-36.2,12,1.0
2025-04-14 22:00,-36.38,-36.4,-36.3,12,1.0
2025-04-14 23:00,-36.48,-36.5,-36.4,12,1.0
2025-04-15 00:00,-36.55,-36.6,-36.5,12,1.0
2025-04-15 01:00,-36.64,-36.7,-36.6,12,1.0
2025-04-15 02:00,-36.72,-36.8,-36.7,12,1.0
2025-04-15 03:00,-36.78,-36.8,-36.7,12,1.0
2025-04-15 04:00,-36.87,-36.9,-36.8,12,1.0
2025-04-15 05:00,-36.91,-37.0,-36.9,12,1.0
2025-04-15 06:00,-37.0,-37.0,-37.0,12,1.0
2025-04-15 07:00,-37.06,-37.1,-37.0,12,1.0
2025-04-15 08:00,-37.11,-37.2,-37.1,12,1.0
2025-04-15 09:00,-37.17,-37.2,-37.1,12,1.0
2025-04-15 10:00,-37.11,-37.2,-37.1,12,1.0
2025-04-15 11:00,-36.98,-37.1,-36.9,12,1.0
2025-04-15 12:00,-36.78,-36.9,-36.6,12,1.0
2025-04-15 13:00,-36.43,-36.6,-36.2,12,1.0
2025-04-15 14:00,-35.92,-36.2,-35.7,12,1.0
2025-04-15 15:00,-35.36,-35.6,-35.1,12,1.0
2025-04-15 16:00,-34.71,-35.0,-34.4,12,1.0
2025-04-15 17:00,-34.06,-34.3,-33.8,12,1.0
2025-04-15 18:00,-33.48,-33.8,-33.2,12,1.0
2025-04-15 19:00,-32.91,-33.2,-32.6,12,1.0
2025-04-15 20:00,-32.45,-32.6,-32.2,12,1.0
2025-04-15 21:00,-31.94,-32.2,-31.8,12,1.0
2025-04-15 22:00,-31.48,-31.7,-31.3,12,1.0
2025-04-15 23:00,-31.06,-31.3,-30.9,12,1.0
2025-04-16 00:00,-30.68,-30.8,-30.5,12,1.0
2025-04-16 01:00,-30.31,-30.5,-30.1,12,1.0
2025-04-16 02:00,-29.94,-30.1,-29.8,12,1.0
2025-04-16 03:00,-29.61,-29.7,-29.5,12,1.0
2025-04-16 04:00,-29.28,-29.4,-29.2,12,1.0
2025-04-16 05:00,-29.02,-29.2,-28.9,12,1.0
2025-04-16 06:00,-28.73,-28.8,-28.6,12,1.0
2025-04-16 07:00,-28.48,-28.6,-28.4,12,1.0
2025-04-16 08:00,-28.22,-28.3,-28.1,12,1.0
2025-04-16 09:00,-28.01,-28.1,-27.9,12,1.0
2025-04-16 10:00,-27.8,-27.9,-27.7,12,1.0
2025-04-16 11:00,-27.55,-27.7,-27.4,12,1.0
2025-04-16 12:00,-27.37,-27.5,-27.3,12,1.0
2025-04-16 13:00,-27.22,-27.3,-27.2,12,1.0
2025-04-16 14:00,-27.06,-27.1,-27.0,12,1.0
2025-04-16 15:00,-26.93,-27.0,-26.9,12,1.0
2025-04-16 16:00,-26.84,-26.9,-26.8,12,1.0
2025-04-16 17:00,-26.79,-26.8,-26.7,12,1.0
2025-04-16 18:00,-26.71,-26.8,-26.7,12,1.0
2025-04-16 19:00,-26.64,-26.7,-26.6,12,1.0
2025-04-16 20:00,-26.58,-26.6,-26.5,12,1.0
2025-04-16 21:00,-26.5,-26.5,-26.5,12,1.0
2025-04-16 22:00,-26.42,-26.5,-26.4,12,1.0
2025-04-16 23:00,-26.39,-26.4,-26.3,12,1.0
2025-04-17 00:00,-26.31,-26.4,-26.3,12,1.0
2025-04-17 01:00,-26.3,-26.3,-26.3,12,1.0
2025-04-17 02:00,-26.22,-26.3,-26.2,12,1.0
2025-04-17 03:00,-26.19,-26.2,-26.1,12,1.0
2025-04-17 04:00,-26.12,-26.2,-26.1,12,1.0
2025-04-17 05:00,-26.11,-26.2,-26.1,12,1.0
2025-04-17 06:00,-26.1,-26.1,-26.1,12,1.0
2025-04-17 07:00,-26.08,-26.1,-26.0,12,1.0
2025-04-17 08:00,-26.09,-26.1,-26.0,12,1.0
2025-04-17 09:00,-26.07,-26.1,-26.0,12,1.0
2025-04-17 10:00,-26.03,-26.1,-26.0,12,1.0
2025-04-17 11:00,-25.99,-26.0,-25.9,12,1.0
2025-04-17 12:00,-25.93,-26.0,-25.9,12,1.0
2025-04-17 13:00,-25.89,-25.9,-25.8,12,1.0
2025-04-17 14:00,-25.82,-25.9,-25.8,12,1.0
2025-04-17 15:00,-25.79,-25.8,-25.7,12,1.0
2025-04-17 16:00,-25.71,-25.8,-25.7,12,1.0
2025-04-17 17:00,-25.61,-25.7,-25.5,12,1.0
2025-04-17 18:00,-25.46,-25.6,-25.4,12,1.0
2025-04-17 19:00,-25.26,-25.3,-25.2,12,1.0
2025-04-17 20:00,-25.08,-25.2,-25.0,12,1.0
2025-04-17 21:00,-24.89,-25.0,-24.8,12,1.0
2025-04-17 22:00,-24.71,-24.8,-24.6,12,1.0
2025-04-17 23:00,-24.49,-24.6,-24.4,12,1.0
2025-04-18 00:00,-24.3,-24.4,-24.2,12,1.0
2025-04-18 01:00,-24.13,-24.2,-24.1,12,1.0
2025-04-18 02:00,-23.98,-24.1,-23.9,12,1.0
2025-04-18 03:00,-23.82,-23.9,-23.8,12,1.0
2025-04-18 04:00,-23.68,-23.8,-23.6,12,1.0
2025-04-18 05:00,-23.53,-23.6,-23.5,12,1.0
2025-04-18 06:00,-23.37,-23.4,-23.3,12,1.0
2025-04-18 07:00,-23.24,-23.3,-23.2,12,1.0
2025-04-18 08:00,-23.12,-23.2,-23.0,12,1.0
2025-04-18 09:00,-23.0,-23.1,-22.9,12,1.0
2025-04-18 10:00,-22.89,-22.9,-22.8,12,1.0
2025-04-18 11:00,-22.81,-22.9,-22.8,12,1.0
2025-04-18 12:00,-22.69,-22.7,-22.6,12,1.0
2025-04-18 13:00,-22.61,-22.7,-22.6,12,1.0
2025-04-18 14:00,-22.53,-22.6,-22.5,12,1.0
2025-04-18 15:00,-22.5,-22.5,-22.5,12,1.0
2025-04-18 16:00,-22.47,-22.5,-22.4,12,1.0
2025-04-18 17:00,-22.42,-22.5,-22.4,12,1.0
2025-04-18 18:00,-22.42,-22.5,-22.4,12,1.0
2025-04-18 19:00,-22.42,-22.5,-22.4,12,1.0
2025-04-18 20:00,-22.42,-22.5,-22.4,12,1.0
2025-04-18 21:00,-22.45,-22.5,-22.4,12,1.0
2025-04-18 22:00,-22.49,-22.5,-22.4,12,1.0
2025-04-18 23:00,-22.5,-22.5,-22.5,12,1.0
2025-04-19 00:00,-22.5,-22.5,-22.5,12,1.0
2025-04-19 01:00,-22.56,-22.6,-22.5,12,1.0
2025-04-19 02:00,-22.6,-22.6,-22.6,12,1.0
2025-04-19 03:00,-22.6,-22.6,-22.6,12,1.0
2025-04-19 04:00,-22.62,-22.7,-22.6,12,1.0
2025-04-19 05:00,-22.67,-22.7,-22.6,12,1.0
2025-04-19 06:00,-22.7,-22.7,-22.7,12,1.0
2025-04-19 07:00,-22.71,-22.8,-22.7,12,1.0
2025-04-19 08:00,-22.72,-22.8,-22.7,12,1.0
2025-04-19 09:00,-22.79,-22.8,-22.7,12,1.0
2025-04-19 10:00,-22.8,-22.8,-22.8,12,1.0
2025-04-19 11:00,-22.82,-22.9,-22.8,12,1.0
2025-04-19 12:00,-22.86,-22.9,-22.8,12,1.0
2025-04-19 13:00,-22.9,-22.9,-22.9,12,1.0
2025-04-19 14:00,-22.9,-22.9,-22.9,12,1.0
2025-04-19 15:00,-22.9,-22.9,-22.9,12,1.0
2025-04-19 16:00,-22.9,-22.9,-22.9,12,1.0
2025-04-19 17:00,-22.97,-23.0,-22.9,12,1.0
2025-04-19 18:00,-23.01,-23.1,-23.0,12,1.0
2025-04-19 19:00,-23.11,-23.2,-23.1,12,1.0
2025-04-19 20:00,-23.19,-23.2,-23.1,12,1.0
2025-04-19 21:00,-23.3,-23.3,-23.3,12,1.0
2025-04-19 22:00,-23.38,-23.4,-23.3,12,1.0
2025-04-19 23:00,-23.49,-23.6,-23.4,12,1.0
2025-04-20 00:00,-23.59,-23.7,-23.5,12,1.0
2025-04-20 01:00,-23.7,-23.8,-23.6,12,1.0
2025-04-20 02:00,-23.78,-23.8,-23.7,12,1.0
2025-04-20 03:00,-23.87,-23.9,-23.8,12,1.0
2025-04-20 04:00,-23.93,-24.0,-23.9,12,1.0
2025-04-20 05:00,-24.03,-24.1,-24.0,12,1.0
2025-04-20 06:00,-24.1,-24.1,-24.1,12,1.0
2025-04-20 07:00,-24.19,-24.2,-24.1,12,1.0
2025-04-20 08:00,-24.25,-24.3,-24.2,12,1.0
2025-04-20 09:00,-24.3,-24.3,-24.3,12,1.0
2025-04-20 10:00,-24.38,-24.4,-24.3,12,1.0
2025-04-20 11:00,-24.47,-24.5,-24.4,12,1.0
2025-04-20 12:00,-24.52,-24.6,-24.5,12,1.0
2025-04-20 13:00,-24.58,-24.6,-24.5,12,1.0
2025-04-20 14:00,-24.66,-24.7,-24.6,12,1.0
2025-04-20 15:00,-24.7,-24.7,-24.7,12,1.0
2025-04-20 16:00,-24.7,-24.7,-24.7,12,1.0
2025-04-20 17:00,-24.8,-24.8,-24.8,12,1.0
2025-04-20 18:00,-24.89,-24.9,-24.8,12,1.0
2025-04-20 19:00,-24.98,-25.0,-24.9,12,1.0
2025-04-20 20:00,-25.11,-25.2,-25.0,12,1.0
2025-04-20 21:00,-25.22,-25.3,-25.2,12,1.0
2025-04-20 22:00,-25.35,-25.4,-25.3,12,1.0
2025-04-20 23:00,-25.48,-25.6,-25.4,12,1.0
2025-04-21 00:00,-25.6,-25.7,-25.5,12,1.0
2025-04-21 01:00,-25.72,-25.8,-25.7,12,1.0
2025-04-21 02:00,-25.8,-25.9,-25.7,12,1.0
2025-04-21 03:00,-25.91,-26.0,-25.8,12,1.0
2025-04-21 04:00,-26.01,-26.1,-26.0,12,1.0
2025-04-21 05:00,-26.1,-26.2,-26.0,12,1.0
2025-04-21 06:00,-26.21,-26.3,-26.2,12,1.0
2025-04-21 07:00,-26.29,-26.3,-26.2,12,1.0
2025-04-21 08:00,-26.38,-26.4,-26.3,12,1.0
2025-04-21 09:00,-26.48,-26.5,-26.4,12,1.0
2025-04-21 10:00,-26.58,-26.6,-26.5,12,1.0
2025-04-21 11:00,-26.68,-26.7,-26.6,12,1.0
2025-04-21 12:00,-26.74,-26.8,-26.7,12,1.0
2025-04-21 13:00,-26.82,-26.9,-26.8,12,1.0
2025-04-21 14:00,-26.88,-26.9,-26.8,12,1.0
2025-04-21 15:00,-26.95,-27.0,-26.9,12,1.0
2025-04-21 16:00,-27.0,-27.0,-27.0,12,1.0
2025-04-21 17:00,-27.12,-27.2,-27.1,12,1.0
2025-04-21 18:00,-27.22,-27.3,-27.2,12,1.0
2025-04-21 19:00,-27.32,-27.4,-27.3,12,1.0
2025-04-21 20:00,-27.42,-27.5,-27.4,12,1.0
2025-04-21 21:00,-27.55,-27.6,-27.5,12,1.0
2025-04-21 22:00,-27.67,-27.7,-27.6,12,1.0
2025-04-21 23:00,-27.78,-27.8,-27.7,12,1.0
2025-04-22 00:00,-27.9,-28.0,-27.8,12,1.0
2025-04-22 01:00,-28.02,-28.1,-28.0,12,1.0
2025-04-22 02:00,-28.12,-28.2,-28.0,12,1.0
2025-04-22 03:00,-28.24,-28.3,-28.2,12,1.0
2025-04-22 04:00,-28.37,-28.5,-28.3,12,1.0
2025-04-22 05:00,-28.46,-28.5,-28.4,12,1.0
2025-04-22 06:00,-28.57,-28.6,-28.5,12,1.0
2025-04-22 07:00,-28.67,-28.7,-28.6,12,1.0
2025-04-22 08:00,-28.78,-28.8,-28.7,12,1.0
2025-04-22 09:00,-28.88,-28.9,-28.8,12,1.0
2025-04-22 10:00,-29.0,-29.1,-28.9,12,1.0
2025-04-22 11:00,-29.1,-29.1,-29.1,12,1.0
2025-04-22 12:00,-29.17,-29.2,-29.1,12,1.0
2025-04-22 13:00,-29.22,-29.3,-29.2,12,1.0
2025-04-22 14:00,-29.29,-29.3,-29.2,12,1.0
2025-04-22 15:00,-29.36,-29.4,-29.3,12,1.0
2025-04-22 16:00,-29.4,-29.4,-29.4,12,1.0
2025-04-22 17:00,-29.44,-29.5,-29.4,12,1.0
2025-04-22 18:00,-29.55,-29.6,-29.5,12,1.0
2025-04-22 19:00,-29.65,-29.8,-29.6,12,1.0
2025-04-22 20:00,-29.78,-29.8,-29.7,12,1.0
2025-04-22 21:00,-29.89,-29.9,-29.8,12,1.0
2025-04-22 22:00,-30.02,-30.1,-30.0,12,1.0
2025-04-22 23:00,-30.13,-30.2,-30.1,12,1.0
2025-04-23 00:00,-30.25,-30.3,-30.2,12,1.0
2025-04-23 01:00,-30.34,-30.4,-30.3,12,1.0
2025-04-23 02:00,-30.44,-30.5,-30.4,12,1.0
2025-04-23 03:00,-30.57,-30.6,-30.5,12,1.0
2025-04-23 04:00,-30.66,-30.7,-30.6,12,1.0
2025-04-23 05:00,-30.74,-30.8,-30.7,12,1.0
2025-04-23 06:00,-30.86,-30.9,-30.8,12,1.0
2025-04-23 07:00,-30.94,-31.0,-30.9,12,1.0
2025-04-23 08:00,-31.02,-31.1,-31.0,12,1.0
2025-04-23 09:00,-31.07,-31.1,-31.0,12,1.0
2025-04-23 10:00,-31.22,-31.3,-31.1,12,1.0
2025-04-23 11:00,-31.28,-31.3,-31.2,12,1.0
2025-04-23 12:00,-31.34,-31.4,-31.3,12,1.0
2025-04-23 13:00,-31.49,-31.5,-31.4,12,1.0
2025-04-23 14:00,-31.58,-31.6,-31.5,12,1.0
2025-04-23 15:00,-31.61,-31.7,-31.6,12,1.0
2025-04-23 16:00,-31.68,-31.7,-31.6,12,1.0
2025-04-23 17:00,-31.75,-31.8,-31.7,12,1.0
2025-04-23 18:00,-31.85,-31.9,-31.8,12,1.0
2025-04-23 19:00,-31.98,-32.0,-31.9,12,1.0
2025-04-23 20:00,-32.11,-32.2,-32.0,12,1.0
2025-04-23 21:00,-32.24,-32.3,-32.2,12,1.0
2025-04-23 22:00,-32.34,-32.4,-32.3,12,1.0
2025-04-23 23:00,-32.42,-32.5,-32.4,12,1.0
2025-04-24 00:00,-32.48,-32.5,-32.4,12,1.0
2025-04-24 01:00,-32.59,-32.7,-32.5,12,1.0
2025-04-24 02:00,-32.72,-32.8,-32.6,12,1.0
2025-04-24 03:00,-32.78,-32.8,-32.7,12,1.0
2025-04-24 04:00,-32.89,-32.9,-32.8,12,1.0
2025-04-24 05:00,-32.99,-33.1,-32.9,12,1.0
2025-04-24 06:00,-33.08,-33.1,-33.0,12,1.0
2025-04-24 07:00,-33.17,-33.2,-33.1,12,1.0
2025-04-24 08:00,-33.21,-33.3,-33.2,12,1.0
2025-04-24 09:00,-33.28,-33.3,-33.2,12,1.0
2025-04-24 10:00,-33.34,-33.4,-33.3,12,1.0
2025-04-24 11:00,-33.44,-33.5,-33.4,12,1.0
2025-04-24 12:00,-33.48,-33.5,-33.4,12,1.0
2025-04-24 13:00,-33.58,-33.6,-33.5,12,1.0
2025-04-24 14:00,-33.61,-33.7,-33.6,12,1.0
2025-04-24 15:00,-33.68,-33.7,-33.6,12,1.0
2025-04-24 16:00,-33.77,-33.8,-33.7,12,1.0
2025-04-24 17:00,-33.81,-33.9,-33.8,12,1.0
2025-04-24 18:00,-33.9,-33.9,-33.9,12,1.0
2025-04-24 19:00,-33.9,-33.9,-33.9,12,1.0
2025-04-24 20:00,-33.91,-34.0,-33.9,12,1.0
2025-04-24 21:00,-33.88,-33.9,-33.8,12,1.0
2025-04-24 22:00,-33.8,-33.9,-33.7,12,1.0
2025-04-24 23:00,-33.73,-33.8,-33.6,12,1.0
2025-04-25 00:00,-33.6,-33.7,-33.5,12,1.0
2025-04-25 01:00,-33.45,-33.6,-33.4,12,1.0
2025-04-25 02:00,-33.32,-33.4,-33.2,12,1.0
2025-04-25 03:00,-33.16,-33.2,-33.1,12,1.0
2025-04-25 04:00,-32.96,-33.1,-32.9,12,1.0
2025-04-25 05:00,-32.74,-32.8,-32.7,12,1.0
2025-04-25 06:00,-32.58,-32.7,-32.5,12,1.0
2025-04-25 07:00,-32.38,-32.5,-32.2,12,1.0
2025-04-25 08:00,-32.12,-32.2,-32.0,12,1.0
2025-04-25 09:00,-31.93,-32.0,-31.9,12,1.0
2025-04-25 10:00,-31.78,-31.9,-31.7,12,1.0
2025-04-25 11:00,-31.52,-31.6,-31.4,12,1.0
2025-04-25 12:00,-31.31,-31.4,-31.2,12,1.0
2025-04-25 13:00,-31.12,-31.2,-31.0,12,1.0
2025-04-25 14:00,-30.94,-31.0,-30.9,12,1.0
2025-04-25 15:00,-30.72,-30.8,-30.6,12,1.0
2025-04-25 16:00,-30.52,-30.6,-30.5,12,1.0
2025-04-25 17:00,-30.38,-30.5,-30.3,12,1.0
2025-04-25 18:00,-30.23,-30.3,-30.2,12,1.0
2025-04-25 19:00,-30.11,-30.2,-30.0,12,1.0
2025-04-25 20:00,-29.98,-30.0,-29.9,12,1.0
2025-04-25 21:00,-29.88,-29.9,-29.8,12,1.0
2025-04-25 22:00,-29.82,-29.9,-29.8,12,1.0
2025-04-25 23:00,-29.74,-29.8,-29.7,12,1.0
2025-04-26 00:00,-29.63,-29.7,-29.6,12,1.0
2025-04-26 01:00,-29.6,-29.6,-29.6,12,1.0
2025-04-26 02:00,-29.52,-29.6,-29.5,12,1.0
2025-04-26 03:00,-29.48,-29.5,-29.4,12,1.0
2025-04-26 04:00,-29.38,-29.4,-29.3,12,1.0
2025-04-26 05:00,-29.3,-29.3,-29.3,12,1.0
2025-04-26 06:00,-29.28,-29.3,-29.2,12,1.0
2025-04-26 07:00,-29.17,-29.2,-29.1,12,1.0
2025-04-26 08:00,-29.01,-29.1,-28.9,12,1.0
2025-04-26 09:00,-28.81,-28.9,-28.7,12,1.0
2025-04-26 10:00,-28.58,-28.7,-28.5,12,1.0
2025-04-26 11:00,-28.34,-28.5,-28.2,12,1.0
2025-04-26 12:00,-28.08,-28.2,-28.0,12,1.0
2025-04-26 13:00,-27.78,-27.9,-27.6,12,1.0
2025-04-26 14:00,-27.46,-27.6,-27.3,12,1.0
2025-04-26 15:00,-27.18,-27.3,-27.1,12,1.0
2025-04-26 16:00,-26.92,-27.0,-26.8,12,1.0
2025-04-26 17:00,-26.65,-26.8,-26.5,12,1.0
2025-04-26 18:00,-26.38,-26.5,-26.3,12,1.0
2025-04-26 19:00,-26.16,-26.3,-26.0,12,1.0
2025-04-26 20:00,-25.96,-26.0,-25.9,12,1.0
2025-04-26 21:00,-25.77,-25.9,-25.7,12,1.0
2025-04-26 22:00,-25.57,-25.7,-25.5,12,1.0
2025-04-26 23:00,-25.4,-25.5,-25.3,12,1.0
2025-04-27 00:00,-25.27,-25.3,-25.2,12,1.0
2025-04-27 01:00,-25.11,-25.2,-25.0,12,1.0
2025-04-27 02:00,-25.01,-25.1,-24.9,12,1.0
2025-04-27 03:00,-24.87,-24.9,-24.8,12,1.0
2025-04-27 04:00,-24.78,-24.8,-24.7,12,1.0
2025-04-27 05:00,-24.7,-24.7,-24.7,12,1.0
2025-04-27 06:00,-24.62,-24.7,-24.5,12,1.0
2025-04-27 07:00,-24.54,-24.6,-24.5,12,1.0
2025-04-27 08:00,-24.5,-24.5,-24.5,12,1.0
2025-04-27 09:00,-24.42,-24.5,-24.4,12,1.0
2025-04-27 10:00,-24.39,-24.4,-24.3,12,1.0
2025-04-27 11:00,-24.33,-24.4,-24.3,12,1.0
2025-04-27 12:00,-24.3,-24.3,-24.3,12,1.0
2025-04-27 13:00,-24.3,-24.3,-24.3,12,1.0
2025-04-27 14:00,-24.3,-24.3,-24.3,12,1.0
2025-04-27 15:00,-24.3,-24.3,-24.3,12,1.0
2025-04-27 16:00,-24.3,-24.3,-24.3,12,1.0
2025-04-27 17:00,-24.31,-24.4,-24.3,12,1.0
2025-04-27 18:00,-24.38,-24.4,-24.3,12,1.0
2025-04-27 19:00,-24.43,-24.5,-24.4,12,1.0
2025-04-27 20:00,-24.48,-24.5,-24.4,12,1.0
2025-04-27 21:00,-24.58,-24.6,-24.5,12,1.0
2025-04-27 22:00,-24.65,-24.7,-24.6,12,1.0
2025-04-27 23:00,-24.71,-24.8,-24.7,12,1.0
2025-04-28 00:00,-24.79,-24.8,-24.7,12,1.0
2025-04-28 01:00,-24.85,-24.9,-24.8,12,1.0
2025-04-28 02:00,-24.92,-25.0,-24.9,12,1.0
2025-04-28 03:00,-24.99,-25.0,-24.9,12,1.0
2025-04-28 04:00,-25.07,-25.1,-25.0,12,1.0
2025-04-28 05:00,-25.12,-25.2,-25.1,12,1.0
2025-04-28 06:00,-25.19,-25.2,-25.1,12,1.0
2025-04-28 07:00,-25.22,-25.3,-25.2,12,1.0
2025-04-28 08:00,-25.31,-25.4,-25.3,12,1.0
2025-04-28 09:00,-25.38,-25.4,-25.3,12,1.0
2025-04-28 10:00,-25.46,-25.5,-25.4,12,1.0
2025-04-28 11:00,-25.53,-25.6,-25.5,12,1.0
2025-04-28 12:00,-25.61,-25.7,-25.6,12,1.0
2025-04-28 13:00,-25.69,-25.7,-25.6,12,1.0
2025-04-28 14:00,-25.78,-25.8,-25.7,12,1.0
2025-04-28 15:00,-25.87,-25.9,-25.8,12,1.0
2025-04-28 16:00,-25.99,-26.1,-25.9,12,1.0
2025-04-28 17:00,-26.12,-26.2,-26.0,12,1.0
2025-04-28 18:00,-26.21,-26.3,-26.2,12,1.0
2025-04-28 19:00,-26.35,-26.4,-26.3,12,1.0
2025-04-28 20:00,-26.48,-26.5,-26.4,12,1.0
2025-04-28 21:00,-26.62,-26.7,-26.5,12,1.0
2025-04-28 22:00,-26.75,-26.8,-26.7,12,1.0
2025-04-28 23:00,-26.85,-26.9,-26.8,12,1.0
2025-04-29 00:00,-26.93,-27.0,-26.9,12,1.0
2025-04-29 01:00,-27.06,-27.1,-27.0,12,1.0
2025-04-29 02:00,-27.12,-27.2,-27.1,12,1.0
2025-04-29 03:00,-27.22,-27.3,-27.2,12,1.0
2025-04-29 04:00,-27.32,-27.4,-27.3,12,1.0
2025-04-29 05:00,-27.41,-27.5,-27.4,12,1.0
2025-04-29 06:00,-27.51,-27.6,-27.4,12,1.0
2025-04-29 07:00,-27.61,-27.7,-27.6,12,1.0
2025-04-29 08:00,-27.72,-27.8,-27.7,12,1.0
2025-04-29 09:00,-27.82,-27.9,-27.7,12,1.0
2025-04-29 10:00,-27.88,-27.9,-27.8,12,1.0
2025-04-29 11:00,-27.95,-28.0,-27.9,12,1.0
2025-04-29 12:00,-28.02,-28.1,-28.0,12,1.0
2025-04-29 13:00,-28.09,-28.1,-28.0,12,1.0
2025-04-29 14:00,-28.18,-28.2,-28.1,12,1.0
2025-04-29 15:00,-28.26,-28.3,-28.2,12,1.0
2025-04-29 16:00,-28.33,-28.4,-28.3,12,1.0
2025-04-29 17:00,-28.42,-28.5,-28.4,12,1.0
2025-04-29 18:00,-28.51,-28.6,-28.4,12,1.0
2025-04-29 19:00,-28.59,-28.7,-28.5,12,1.0
2025-04-29 20:00,-28.72,-28.8,-28.7,12,1.0
2025-04-29 21:00,-28.88,-29.0,-28.8,12,1.0
2025-04-29 22:00,-28.98,-29.0,-28.9,12,1.0
2025-04-29 23:00,-29.09,-29.2,-29.0,12,1.0
2025-04-30 00:00,-29.23,-29.3,-29.2,12,1.0
2025-04-30 01:00,-29.35,-29.4,-29.3,12,1.0
2025-04-30 02:00,-29.47,-29.6,-29.4,12,1.0
2025-04-30 03:00,-29.61,-29.7,-29.5,12,1.0
2025-04-30 04:00,-29.72,-29.8,-29.6,12,1.0
2025-04-30 05:00,-29.83,-29.9,-29.8,12,1.0
2025-04-30 06:00,-29.97,-30.0,-29.9,12,1.0
2025-04-30 07:00,-30.1,-30.2,-30.0,12,1.0
2025-04-30 08:00,-30.23,-30.3,-30.2,12,1.0
2025-04-30 09:00,-30.31,-30.4,-30.2,12,1.0
2025-04-30 10:00,-30.41,-30.5,-30.4,12,1.0
2025-04-30 11:00,-30.52,-30.6,-30.5,12,1.0
2025-04-30 12:00,-30.62,-30.7,-30.6,12,1.0
2025-04-30 13:00,-30.69,-30.8,-30.6,12,1.0
2025-04-30 14:00,-30.78,-30.8,-30.7,12,1.0
2025-04-30 15:00,-30.85,-30.9,-30.8,12,1.0
2025-04-30 16:00,-30.92,-31.0,-30.9,12,1.0
2025-04-30 17:00,-31.01,-31.1,-31.0,12,1.0
2025-04-30 18:00,-31.14,-31.2,-31.1,12,1.0
2025-04-30 19:00,-31.25,-31.3,-31.2,12,1.0
2025-04-30 20:00,-31.38,-31.5,-31.3,12,1.0
2025-04-30 21:00,-31.51,-31.6,-31.4,12,1.0
2025-04-30 22:00,-31.63,-31.7,-31.6,12,1.0
2025-04-30 23:00,-31.77,-31.8,-31.7,12,1.0
2025-05-01 00:00,-31.9,-32.0,-31.8,12,1.0
2025-05-01 01:00,-32.11,-32.2,-32.0,12,1.0
2025-05-01 02:00,-32.22,-32.3,-32.2,12,1.0
2025-05-01 03:00,-32.31,-32.4,-32.3,12,1.0
2025-05-01 04:00,-32.41,-32.5,-32.3,12,1.0
2025-05-01 05:00,-32.57,-32.7,-32.5,12,1.0
2025-05-01 06:00,-32.66,-32.7,-32.6,12,1.0
2025-05-01 07:00,-32.82,-32.9,-32.7,12,1.0
2025-05-01 08:00,-32.92,-33.0,-32.9,12,1.0
2025-05-01 09:00,-33.04,-33.1,-33.0,12,1.0
2025-05-01 10:00,-33.18,-33.3,-33.1,12,1.0
2025-05-01 11:00,-33.28,-33.3,-33.2,12,1.0
2025-05-01 12:00,-33.4,-33.5,-33.3,12,1.0
2025-05-01 13:00,-33.51,-33.6,-33.5,12,1.0
2025-05-01 14:00,-33.58,-33.6,-33.5,12,1.0
2025-05-01 15:00,-33.68,-33.7,-33.6,12,1.0
2025-05-01 16:00,-33.71,-33.8,-33.7,12,1.0
2025-05-01 17:00,-33.8,-33.8,-33.8,12,1.0
2025-05-01 18:00,-33.87,-33.9,-33.8,12,1.0
2025-05-01 19:00,-34.0,-34.1,-33.9,12,1.0
2025-05-01 20:00,-34.14,-34.2,-34.1,12,1.0
2025-05-01 21:00,-34.28,-34.4,-34.2,12,1.0
2025-05-01 22:00,-34.39,-34.5,-34.3,12,1.0
2025-05-01 23:00,-34.52,-34.6,-34.5,12,1.0
2025-05-02 00:00,-34.63,-34.7,-34.6,12,1.0
2025-05-02 01:00,-34.79,-34.9,-34.7,12,1.0
2025-05-02 02:00,-34.95,-35.0,-34.9,12,1.0
2025-05-02 03:00,-35.07,-35.1,-35.0,12,1.0
2025-05-02 04:00,-35.2,-35.3,-35.1,12,1.0
2025-05-02 05:00,-35.31,-35.4,-35.3,12,1.0
2025-05-02 06:00,-35.42,-35.5,-35.3,12,1.0
2025-05-02 07:00,-35.51,-35.6,-35.4,12,1.0
2025-05-02 08:00,-35.63,-35.7,-35.6,12,1.0
2025-05-02 09:00,-35.76,-35.8,-35.7,12,1.0
2025-05-02 10:00,-35.88,-35.9,-35.8,12,1.0
2025-05-02 11:00,-35.98,-36.0,-35.9,12,1.0
2025-05-02 12:00,-36.07,-36.1,-36.0,12,1.0
2025-05-02 13:00,-36.1,-36.2,-36.0,12,1.0
2025-05-02 14:00,-36.18,-36.2,-36.1,12,1.0
2025-05-02 15:00,-36.26,-36.3,-36.2,12,1.0
2025-05-02 16:00,-36.29,-36.3,-36.2,12,1.0
2025-05-02 17:00,-36.38,-36.4,-36.3,12,1.0
2025-05-02 18:00,-36.43,-36.5,-36.4,12,1.0
2025-05-02 19:00,-36.53,-36.6,-36.5,12,1.0
2025-05-02 20:00,-36.64,-36.7,-36.5,12,1.0
2025-05-02 21:00,-36.77,-36.8,-36.7,12,1.0
2025-05-02 22:00,-36.89,-37.0,-36.8,12,1.0
2025-05-02 23:00,-36.99,-37.1,-36.9,12,1.0
2025-05-03 00:00,-37.16,-37.3,-37.1,12,1.0
2025-05-03 01:00,-37.32,-37.4,-37.2,12,1.0
2025-05-03 02:00,-37.47,-37.5,-37.4,12,1.0
2025-05-03 03:00,-37.63,-37.7,-37.6,12,1.0
2025-05-03 04:00,-37.76,-37.8,-37.7,12,1.0
2025-05-03 05:00,-37.85,-37.9,-37.8,12,1.0
2025-05-03 06:00,-37.96,-38.0,-37.9,12,1.0
2025-05-03 07:00,-38.08,-38.2,-38.0,12,1.0
2025-05-03 08:00,-38.18,-38.2,-38.1,12,1.0
2025-05-03 09:00,-38.3,-38.4,-38.2,12,1.0
2025-05-03 10:00,-38.38,-38.4,-38.3,12,1.0
2025-05-03 11:00,-38.48,-38.5,-38.4,12,1.0
2025-05-03 12:00,-38.57,-38.6,-38.5,12,1.0
2025-05-03 13:00,-38.64,-38.7,-38.6,12,1.0
2025-05-03 14:00,-38.77,-38.9,-38.7,12,1.0
2025-05-03 15:00,-38.83,-38.9,-38.8,12,1.0
2025-05-03 16:00,-38.92,-39.0,-38.8,12,1.0
2025-05-03 17:00,-39.04,-39.1,-39.0,12,1.0
2025-05-03 18:00,-39.13,-39.2,-39.1,12,1.0
2025-05-03 19:00,-39.28,-39.4,-39.2,12,1.0
2025-05-03 20:00,-39.41,-39.5,-39.3,12,1.0
2025-05-03 21:00,-39.53,-39.6,-39.4,12,1.0
2025-05-03 22:00,-39.67,-39.8,-39.6,12,1.0
2025-05-03 23:00,-39.79,-39.9,-39.7,12,1.0
2025-05-04 00:00,-39.98,-40.1,-39.9,12,1.0
2025-05-04 01:00,-40.09,-40.2,-40.0,12,1.0
2025-05-04 02:00,-40.26,-40.4,-40.1,12,1.0
2025-05-04 03:00,-40.37,-40.4,-40.3,12,1.0
2025-05-04 04:00,-40.52,-40.6,-40.5,12,1.0
2025-05-04 05:00,-40.63,-40.7,-40.5,12,1.0
2025-05-04 06:00,-40.74,-40.8,-40.7,12,1.0
2025-05-04 07:00,-40.92,-41.0,-40.8,12,1.0
2025-05-04 08:00,-41.08,-41.2,-41.0,12,1.0
2025-05-04 09:00,-41.24,-41.3,-41.2,12,1.0
2025-05-04 10:00,-41.35,-41.4,-41.3,12,1.0
2025-05-04 11:00,-41.48,-41.5,-41.4,12,1.0
2025-05-04 12:00,-41.56,-41.6,-41.5,12,1.0
2025-05-04 13:00,-41.66,-41.7,-41.5,12,1.0
2025-05-04 14:00,-41.81,-41.9,-41.7,12,1.0
2025-05-04 15:00,-41.88,-41.9,-41.8,12,1.0
2025-05-04 16:00,-41.99,-42.1,-41.9,12,1.0
2025-05-04 17:00,-42.12,-42.2,-42.1,12,1.0
2025-05-04 18:00,-42.26,-42.4,-42.2,12,1.0
2025-05-04 19:00,-42.39,-42.5,-42.3,12,1.0
2025-05-04 20:00,-42.5,-42.6,-42.4,12,1.0
2025-05-04 21:00,-42.6,-42.7,-42.5,12,1.0
2025-05-04 22:00,-42.78,-42.8,-42.7,12,1.0
2025-05-04 23:00,-42.93,-43.0,-42.8,12,1.0
2025-05-05 00:00,-43.08,-43.2,-43.0,12,1.0
2025-05-05 01:00,-43.22,-43.3,-43.1,12,1.0
2025-05-05 02:00,-43.33,-43.4,-43.3,12,1.0
2025-05-05 03:00,-43.44,-43.5,-43.4,12,1.0
2025-05-05 04:00,-43.56,-43.6,-43.5,12,1.0
2025-05-05 05:00,-43.69,-43.8,-43.6,12,1.0
2025-05-05 06:00,-43.82,-43.9,-43.7,12,1.0
2025-05-05 07:00,-43.95,-44.0,-43.9,12,1.0
2025-05-05 08:00,-44.09,-44.2,-44.0,12,1.0
2025-05-05 09:00,-44.22,-44.3,-44.2,12,1.0
2025-05-05 10:00,-44.32,-44.4,-44.2,12,1.0
2025-05-05 11:00,-44.43,-44.5,-44.3,12,1.0
2025-05-05 12:00,-44.55,-44.6,-44.5,12,1.0
2025-05-05 13:00,-44.66,-44.7,-44.6,12,1.0
2025-05-05 14:00,-44.78,-44.9,-44.7,12,1.0
2025-05-05 15:00,-44.93,-45.0,-44.9,12,1.0
2025-05-05 16:00,-45.07,-45.2,-44.9,12,1.0
2025-05-05 17:00,-45.2,-45.3,-45.1,12,1.0
2025-05-05 18:00,-45.35,-45.4,-45.2,12,1.0
2025-05-05 19:00,-45.43,-45.5,-45.4,12,1.0
2025-05-05 20:00,-45.52,-45.6,-45.4,12,1.0
2025-05-05 21:00,-45.65,-45.7,-45.6,12,1.0
2025-05-05 22:00,-45.78,-45.9,-45.7,12,1.0
2025-05-05 23:00,-45.88,-46.0,-45.8,12,1.0
2025-05-06 00:00,-46.02,-46.1,-45.9,12,1.0
2025-05-06 01:00,-46.17,-46.3,-46.1,12,1.0
2025-05-06 02:00,-46.29,-46.4,-46.2,12,1.0
2025-05-06 03:00,-46.41,-46.5,-46.3,12,1.0
2025-05-06 04:00,-46.56,-46.6,-46.5,12,1.0
2025-05-06 05:00,-46.65,-46.8,-46.6,12,1.0
2025-05-06 06:00,-46.78,-46.9,-46.7,12,1.0
2025-05-06 07:00,-46.92,-47.0,-46.8,12,1.0
2025-05-06 08:00,-47.07,-47.2,-47.0,12,1.0
2025-05-06 09:00,-47.2,-47.3,-47.1,12,1.0
2025-05-06 10:00,-47.33,-47.4,-47.3,12,1.0
2025-05-06 11:00,-47.46,-47.6,-47.4,12,1.0
2025-05-06 12:00,-47.6,-47.7,-47.5,12,1.0
2025-05-06 13:00,-47.68,-47.7,-47.6,12,1.0
2025-05-06 14:00,-47.78,-47.8,-47.7,12,1.0
2025-05-06 15:00,-47.83,-47.9,-47.7,12,1.0
2025-05-06 16:00,-47.92,-48.0,-47.9,12,1.0
2025-05-06 17:00,-48.02,-48.1,-48.0,12,1.0
2025-05-06 18:00,-48.13,-48.2,-48.1,12,1.0
2025-05-06 19:00,-48.22,-48.3,-48.2,12,1.0
2025-05-06 20:00,-48.42,-48.5,-48.3,12,1.0
2025-05-06 21:00,-48.57,-48.7,-48.5,12,1.0
2025-05-06 22:00,-48.76,-48.8,-48.7,12,1.0
2025-05-06 23:00,-48.87,-49.0,-48.8,12,1.0
2025-05-07 00:00,-49.1,-49.2,-49.0,12,1.0
2025-05-07 01:00,-49.28,-49.4,-49.1,12,1.0
2025-05-07 02:00,-49.5,-49.6,-49.4,12,1.0
2025-05-07 03:00,-49.71,-49.8,-49.6,12,1.0
2025-05-07 04:00,-49.91,-50.0,-49.8,12,1.0
2025-05-07 05:00,-50.04,-50.1,-49.9,12,1.0
2025-05-07 06:00,-50.24,-50.4,-50.1,12,1.0
2025-05-07 07:00,-50.4,-50.5,-50.3,12,1.0
2025-05-07 08:00,-50.6,-50.7,-50.5,12,1.0
2025-05-07 09:00,-50.78,-50.9,-50.6,12,1.0
2025-05-07 10:00,-50.92,-51.1,-50.8,12,1.0
2025-05-07 11:00,-51.08,-51.2,-51.0,12,1.0
2025-05-07 12:00,-51.15,-51.2,-51.1,12,1.0
2025-05-07 13:00,-51.28,-51.4,-51.2,12,1.0
2025-05-07 14:00,-51.4,-51.5,-51.3,12,1.0
2025-05-07 15:00,-51.51,-51.6,-51.4,12,1.0
2025-05-07 16:00,-51.57,-51.7,-51.5,12,1.0
2025-05-07 17:00,-51.69,-51.8,-51.6,12,1.0
2025-05-07 18:00,-51.88,-52.0,-51.8,12,1.0
2025-05-07 19:00,-52.02,-52.1,-51.9,12,1.0
2025-05-07 20:00,-52.22,-52.3,-52.1,12,1.0
2025-05-07 21:00,-52.4,-52.5,-52.3,12,1.0
2025-05-07 22:00,-52.58,-52.7,-52.5,12,1.0
2025-05-07 23:00,-52.77,-52.9,-52.7,12,1.0
2025-05-08 00:00,-53.02,-53.2,-52.9,12,1.0
2025-05-08 01:00,-53.22,-53.4,-53.1,12,1.0
2025-05-08 02:00,-53.49,-53.6,-53.4,12,1.0
2025-05-08 03:00,-53.72,-53.9,-53.6,12,1.0
2025-05-08 04:00,-53.92,-54.1,-53.8,12,1.0
2025-05-08 05:00,-54.17,-54.3,-54.0,12,1.0
2025-05-08 06:00,-54.44,-54.6,-54.3,12,1.0
2025-05-08 07:00,-54.72,-54.9,-54.5,12,1.0
2025-05-08 08:00,-55.02,-55.1,-54.9,12,1.0
2025-05-08 09:00,-55.22,-55.3,-55.1,12,1.0
2025-05-08 10:00,-55.41,-55.5,-55.3,12,1.0
2025-05-08 11:00,-55.61,-55.7,-55.5,12,1.0
2025-05-08 12:00,-55.87,-56.0,-55.7,12,1.0
2025-05-08 13:00,-56.1,-56.2,-56.0,12,1.0
2025-05-08 14:00,-56.36,-56.5,-56.2,12,1.0
2025-05-08 15:00,-56.52,-56.6,-56.4,12,1.0
2025-05-08 16:00,-56.65,-56.8,-56.6,12,1.0
2025-05-08 17:00,-56.81,-56.9,-56.7,12,1.0
2025-05-08 18:00,-57.0,-57.1,-56.8,12,1.0
2025-05-08 19:00,-57.22,-57.3,-57.1,12,1.0
2025-05-08 20:00,-57.48,-57.6,-57.4,12,1.0
2025-05-08 21:00,-57.69,-57.9,-57.5,12,1.0
2025-05-08 22:00,-58.04,-58.1,-57.9,12,1.0
2025-05-08 23:00,-58.28,-58.4,-58.2,12,1.0
2025-05-09 00:00,-58.54,-58.7,-58.4,12,1.0
2025-05-09 01:00,-58.83,-58.9,-58.7,12,1.0
2025-05-09 02:00,-59.17,-59.4,-59.0,12,1.0
2025-05-09 03:00,-59.45,-59.6,-59.3,12,1.0
2025-05-09 04:00,-59.72,-59.8,-59.6,12,1.0
2025-05-09 05:00,-60.0,-60.1,-59.9,12,1.0
2025-05-09 06:00,-60.22,-60.4,-60.1,12,1.0
2025-05-09 07:00,-60.44,-60.6,-60.3,12,1.0
2025-05-09 08:00,-60.66,-60.7,-60.6,12,1.0
2025-05-09 09:00,-60.82,-60.9,-60.7,12,1.0
2025-05-09 10:00,-60.98,-61.1,-60.9,12,1.0
2025-05-09 11:00,-61.12,-61.2,-61.0,12,1.0
2025-05-09 12:00,-61.28,-61.3,-61.2,12,1.0
2025-05-09 13:00,-61.4,-61.5,-61.3,12,1.0
2025-05-09 14:00,-61.59,-61.7,-61.5,12,1.0
2025-05-09 15:00,-61.74,-61.8,-61.7,12,1.0
2025-05-09 16:00,-61.88,-62.0,-61.8,12,1.0
2025-05-09 17:00,-62.05,-62.2,-62.0,12,1.0
2025-05-09 18:00,-62.2,-62.3,-62.1,12,1.0
2025-05-09 19:00,-62.36,-62.4,-62.3,12,1.0
2025-05-09 20:00,-62.56,-62.6,-62.4,12,1.0
2025-05-09 21:00,-62.76,-62.8,-62.7,12,1.0
2025-05-09 22:00,-62.92,-63.0,-62.8,12,1.0
2025-05-09 23:00,-63.14,-63.3,-63.0,12,1.0
2025-05-10 00:00,-63.38,-63.5,-63.2,12,1.0
2025-05-10 01:00,-63.58,-63.7,-63.5,12,1.0
2025-05-10 02:00,-63.82,-63.9,-63.7,12,1.0
2025-05-10 03:00,-64.02,-64.2,-63.9,12,1.0
2025-05-10 04:00,-64.27,-64.4,-64.2,12,1.0
2025-05-10 05:00,-64.5,-64.6,-64.4,12,1.0
2025-05-10 06:00,-64.77,-64.9,-64.7,12,1.0
2025-05-10 07:00,-64.98,-65.1,-64.8,12,1.0
2025-05-10 08:00,-65.16,-65.3,-65.1,12,1.0
2025-05-10 09:00,-65.37,-65.5,-65.3,12,1.0
2025-05-10 10:00,-65.6,-65.7,-65.5,12,1.0
2025-05-10 11:00,-65.82,-65.9,-65.7,12,1.0
2025-05-10 12:00,-66.01,-66.1,-65.9,12,1.0
2025-05-10 13:00,-66.17,-66.2,-66.1,12,1.0
2025-05-10 14:00,-66.27,-66.3,-66.2,12,1.0
2025-05-10 15:00,-66.37,-66.4,-66.3,12,1.0
2025-05-10 16:00,-66.5,-66.6,-66.4,12,1.0
2025-05-10 17:00,-66.62,-66.7,-66.6,12,1.0
2025-05-10 18:00,-66.75,-66.8,-66.6,12,1.0
2025-05-10 19:00,-66.94,-67.0,-66.8,12,1.0
2025-05-10 20:00,-67.14,-67.3,-67.0,12,1.0
2025-05-10 21:00,-67.35,-67.5,-67.2,12,1.0
2025-05-10 22:00,-67.57,-67.7,-67.5,12,1.0
2025-05-10 23:00,-67.79,-68.0,-67.7,12,1.0
2025-05-11 00:00,-68.05,-68.2,-67.9,12,1.0
2025-05-11 01:00,-68.26,-68.4,-68.1,12,1.0
2025-05-11 02:00,-68.48,-68.6,-68.4,12,1.0
2025-05-11 03:00,-68.73,-68.8,-68.5,12,1.0
2025-05-11 04:00,-68.98,-69.1,-68.8,12,1.0
2025-05-11 05:00,-69.27,-69.4,-69.1,12,1.0
2025-05-11 06:00,-69.56,-69.7,-69.4,12,1.0
2025-05-11 07:00,-69.81,-69.9,-69.6,12,1.0
2025-05-11 08:00,-70.02,-70.2,-69.9,12,1.0
2025-05-11 09:00,-70.27,-70.4,-70.2,12,1.0
2025-05-11 10:00,-70.49,-70.6,-70.4,12,1.0
2025-05-11 11:00,-70.72,-70.8,-70.6,12,1.0
2025-05-11 12:00,-70.99,-71.1,-70.8,12,1.0
2025-05-11 13:00,-71.15,-71.2,-71.0,12,1.0
2025-05-11 14:00,-71.34,-71.4,-71.2,12,1.0
2025-05-11 15:00,-71.53,-71.7,-71.4,12,1.0
2025-05-11 16:00,-71.79,-72.0,-71.7,12,1.0
2025-05-11 17:00,-72.04,-72.2,-71.9,12,1.0
2025-05-11 18:00,-72.25,-72.4,-72.1,12,1.0
2025-05-11 19:00,-72.48,-72.6,-72.4,12,1.0
2025-05-11 20:00,-72.69,-72.8,-72.5,12,1.0
2025-05-11 21:00,-72.92,-73.1,-72.8,12,1.0
2025-05-11 22:00,-73.18,-73.3,-73.1,12,1.0
2025-05-11 23:00,-73.44,-73.6,-73.2,12,1.0
2025-05-12 00:00,-73.72,-73.8,-73.5,12,1.0
2025-05-12 01:00,-73.97,-74.1,-73.8,12,1.0
2025-05-12 02:00,-74.23,-74.4,-74.1,12,1.0
2025-05-12 03:00,-74.54,-74.7,-74.4,12,1.0
2025-05-12 04:00,-74.86,-75.0,-74.7,12,1.0
2025-05-12 05:00,-75.14,-75.3,-75.0,12,1.0
2025-05-12 06:00,-75.39,-75.5,-75.3,12,1.0
2025-05-12 07:00,-75.65,-75.8,-75.5,12,1.0
2025-05-12 08:00,-75.9,-76.0,-75.8,12,1.0
2025-05-12 09:00,-76.19,-76.4,-76.0,12,1.0
2025-05-12 10:00,-76.46,-76.6,-76.3,12,1.0
2025-05-12 11:00,-76.64,-76.7,-76.6,12,1.0
2025-05-12 12:00,-76.77,-76.9,-76.6,12,1.0
2025-05-12 13:00,-76.94,-77.0,-76.9,12,1.0
2025-05-12 14:00,-77.12,-77.2,-77.0,12,1.0
2025-05-12 15:00,-77.21,-77.3,-77.1,12,1.0
2025-05-12 16:00,-77.27,-77.4,-77.2,12,1.0
2025-05-12 17:00,-77.38,-77.5,-77.3,12,1.0
2025-05-12 18:00,-77.52,-77.7,-77.4,12,1.0
2025-05-12 19:00,-77.73,-77.9,-77.6,12,1.0
2025-05-12 20:00,-77.98,-78.1,-77.8,12,1.0
2025-05-12 21:00,-78.23,-78.4,-78.1,12,1.0
2025-05-12 22:00,-78.52,-78.7,-78.4,12,1.0
2025-05-12 23:00,-78.81,-79.0,-78.6,12,1.0
2025-05-13 00:00,-79.08,-79.2,-78.9,12,1.0
2025-05-13 01:00,-79.4,-79.6,-79.2,12,1.0
2025-05-13 02:00,-79.68,-79.8,-79.6,12,1.0
2025-05-13 03:00,-79.92,-80.1,-79.8,12,1.0
2025-05-13 04:00,-80.24,-80.4,-80.1,12,1.0
2025-05-13 05:00,-80.53,-80.7,-80.4,12,1.0
2025-05-13 06:00,-80.88,-81.1,-80.7,12,1.0
2025-05-13 07:00,-81.2,-81.3,-81.1,12,1.0
2025-05-13 08:00,-81.44,-81.6,-81.3,12,1.0
2025-05-13 09:00,-81.67,-81.8,-81.5,12,1.0
2025-05-13 10:00,-81.92,-82.0,-81.8,12,1.0
2025-05-13 11:00,-82.14,-82.3,-82.1,12,1.0
2025-05-13 12:00,-82.32,-82.4,-82.2,12,1.0
2025-05-13 13:00,-82.51,-82.7,-82.4,12,1.0
2025-05-13 14:00,-82.71,-82.8,-82.6,12,1.0
2025-05-13 15:00,-82.92,-83.1,-82.8,12,1.0
2025-05-13 16:00,-83.15,-83.3,-83.0,12,1.0
2025-05-13 17:00,-83.4,-83.6,-83.2,12,1.0
2025-05-13 18:00,-83.65,-83.8,-83.5,12,1.0
2025-05-13 19:00,-83.97,-84.1,-83.8,12,1.0
2025-05-13 20:00,-84.32,-84.4,-84.1,12,1.0
2025-05-13 21:00,-84.65,-84.9,-84.4,12,1.0
2025-05-13 22:00,-84.91,-85.1,-84.7,12,1.0
2025-05-13 23:00,-85.29,-85.5,-85.1,12,1.0
2025-05-14 00:00,-85.6,-85.8,-85.4,12,1.0
2025-05-14 01:00,-85.97,-86.2,-85.8,12,1.0
2025-05-14 02:00,-86.31,-86.5,-86.1,12,1.0
2025-05-14 03:00,-86.56,-86.7,-86.4,12,1.0
2025-05-14 04:00,-86.92,-87.2,-86.8,12,1.0
2025-05-14 05:00,-87.28,-87.5,-87.0,12,1.0
2025-05-14 06:00,-87.68,-87.9,-87.4,12,1.0
2025-05-14 07:00,-88.05,-88.2,-87.8,12,1.0
2025-05-14 08:00,-88.32,-88.5,-88.2,12,1.0
2025-05-14 09:00,-88.57,-88.7,-88.4,12,1.0
2025-05-14 10:00,-88.81,-89.0,-88.6,12,1.0
2025-05-14 11:00,-89.1,-89.2,-89.0,12,1.0
2025-05-14 12:00,-89.32,-89.5,-89.2,12,1.0
2025-05-14 13:00,-89.52,-89.6,-89.4,12,1.0
2025-05-14 14:00,-89.68,-89.8,-89.6,12,1.0
2025-05-14 15:00,-89.82,-89.9,-89.7,12,1.0
2025-05-14 16:00,-89.96,-90.1,-89.8,12,1.0
2025-05-14 17:00,-90.08,-90.2,-90.0,12,1.0
2025-05-14 18:00,-90.25,-90.4,-90.1,12,1.0
2025-05-14 19:00,-90.45,-90.6,-90.4,12,1.0
2025-05-14 20:00,-90.7,-90.8,-90.5,12,1.0
2025-05-14 21:00,-90.99,-91.2,-90.8,12,1.0
2025-05-14 22:00,-91.3,-91.5,-91.1,12,1.0
2025-05-14 23:00,-91.62,-91.8,-91.4,12,1.0
2025-05-15 00:00,-91.96,-92.2,-91.8,12,1.0
2025-05-15 01:00,-92.24,-92.4,-92.1,12,1.0
2025-05-15 02:00,-92.58,-92.7,-92.4,12,1.0
2025-05-15 03:00,-92.93,-93.1,-92.7,12,1.0
2025-05-15 04:00,-93.23,-93.4,-93.1,12,1.0
2025-05-15 05:00,-93.54,-93.7,-93.4,12,1.0
2025-05-15 06:00,-93.88,-94.1,-93.6,12,1.0
2025-05-15 07:00,-94.21,-94.4,-94.1,12,1.0
2025-05-15 08:00,-94.45,-94.6,-94.3,12,1.0
2025-05-15 09:00,-94.78,-95.0,-94.6,12,1.0
2025-05-15 10:00,-95.2,-95.4,-95.1,12,1.0
2025-05-15 11:00,-95.45,-95.7,-95.3,12,1.0
2025-05-15 12:00,-95.84,-96.0,-95.7,12,1.0
2025-05-15 13:00,-96.02,-96.2,-95.9,12,1.0
2025-05-15 14:00,-96.28,-96.5,-96.2,12,1.0
2025-05-15 15:00,-96.49,-96.6,-96.3,12,1.0
2025-05-15 16:00,-96.8,-97.0,-96.7,12,1.0
2025-05-15 17:00,-97.05,-97.2,-96.9,12,1.0
2025-05-15 18:00,-97.35,-97.5,-97.2,12,1.0
2025-05-15 19:00,-97.7,-97.9,-97.5,12,1.0
2025-05-15 20:00,-98.03,-98.2,-97.9,12,1.0
2025-05-15 21:00,-98.32,-98.5,-98.2,12,1.0
2025-05-15 22:00,-98.59,-98.8,-98.4,12,1.0
2025-05-15 23:00,-98.97,-99.2,-98.8,12,1.0
2025-05-16 00:00,-99.3,-99.6,-99.1,12,1.0
2025-05-16 01:00,-99.69,-99.9,-99.5,12,1.0
2025-05-16 02:00,-100.13,-100.4,-99.9,12,1.0
2025-05-16 03:00,-100.54,-100.7,-100.3,12,1.0
2025-05-16 04:00,-100.84,-101.0,-100.7,12,1.0
2025-05-16 05:00,-101.18,-101.4,-100.9,12,1.0
2025-05-16 06:00,-101.58,-101.7,-101.3,12,1.0
2025-05-16 07:00,-101.93,-102.2,-101.7,12,1.0
2025-05-16 08:00,-102.32,-102.6,-102.0,12,1.0
2025-05-16 09:00,-102.72,-102.9,-102.6,12,1.0
2025-05-16 10:00,-102.99,-103.2,-102.8,12,1.0
2025-05-16 11:00,-103.34,-103.6,-103.2,12,1.0
2025-05-16 12:00,-103.79,-104.1,-103.6,12,1.0
2025-05-16 13:00,-104.27,-104.5,-104.0,12,1.0
2025-05-16 14:00,-104.7,-104.9,-104.4,12,1.0
2025-05-16 15:00,-105.02,-105.1,-104.9,12,1.0
2025-05-16 16:00,-105.26,-105.4,-105.0,12,1.0
2025-05-16 17:00,-105.47,-105.6,-105.3,12,1.0
2025-05-16 18:00,-105.75,-105.9,-105.6,12,1.0
2025-05-16 19:00,-106.19,-106.4,-106.0,12,1.0
2025-05-16 20:00,-106.52,-106.7,-106.3,12,1.0
2025-05-16 21:00,-106.94,-107.1,-106.8,12,1.0
2025-05-16 22:00,-107.42,-107.7,-107.2,12,1.0
2025-05-16 23:00,-107.88,-108.1,-107.7,12,1.0
2025-05-17 00:00,-108.38,-108.6,-108.1,12,1.0
2025-05-17 01:00,-108.83,-109.1,-108.6,12,1.0
2025-05-17 02:00,-109.36,-109.6,-109.1,12,1.0
2025-05-17 03:00,-109.83,-110.1,-109.5,12,1.0
2025-05-17 04:00,-110.32,-110.5,-110.2,12,1.0
2025-05-17 05:00,-110.74,-110.9,-110.6,12,1.0
2025-05-17 06:00,-111.15,-111.3,-110.9,12,1.0
2025-05-17 07:00,-111.63,-111.9,-111.4,12,1.0
2025-05-17 08:00,-112.03,-112.4,-111.9,12,1.0
2025-05-17 09:00,-112.55,-112.8,-112.3,12,1.0
2025-05-17 10:00,-113.04,-113.3,-112.8,12,1.0
2025-05-17 11:00,-113.38,-113.6,-113.2,12,1.0
2025-05-17 12:00,-113.62,-113.9,-113.5,12,1.0
2025-05-17 13:00,-113.92,-114.1,-113.8,12,1.0
2025-05-17 14:00,-114.27,-114.5,-114.0,12,1.0
2025-05-17 15:00,-114.43,-114.6,-114.3,12,1.0
2025-05-17 16:00,-114.54,-114.8,-114.3,12,1.0
2025-05-17 17:00,-114.77,-115.0,-114.7,12,1.0
2025-05-17 18:00,-114.97,-115.1,-114.7,12,1.0
2025-05-17 19:00,-115.19,-115.3,-115.0,12,1.0
2025-05-17 20:00,-115.5,-115.7,-115.3,12,1.0
2025-05-17 21:00,-115.79,-116.0,-115.6,12,1.0
2025-05-17 22:00,-116.12,-116.3,-115.8,12,1.0
2025-05-17 23:00,-116.54,-116.8,-116.2,12,1.0
2025-05-18 00:00,-116.98,-117.2,-116.6,12,1.0
2025-05-18 01:00,-117.44,-117.7,-117.2,12,1.0
2025-05-18 02:00,-117.83,-118.1,-117.5,12,1.0
2025-05-18 03:00,-118.39,-118.7,-118.1,12,1.0
2025-05-18 04:00,-118.87,-119.2,-118.5,12,1.0
2025-05-18 05:00,-119.22,-119.5,-118.9,12,1.0
2025-05-18 06:00,-119.69,-120.0,-119.5,12,1.0
2025-05-18 07:00,-120.17,-120.4,-119.9,12,1.0
2025-05-18 08:00,-120.68,-121.0,-120.4,12,1.0
2025-05-18 09:00,-121.1,-121.3,-120.8,12,1.0
2025-05-18 10:00,-121.46,-121.6,-121.2,12,1.0
2025-05-18 11:00,-121.83,-122.2,-121.6,12,1.0
2025-05-18 12:00,-122.12,-122.4,-121.9,12,1.0
2025-05-18 13:00,-122.32,-122.5,-122.2,12,1.0
2025-05-18 14:00,-122.5,-122.8,-122.3,12,1.0
2025-05-18 15:00,-122.7,-122.9,-122.5,12,1.0
2025-05-18 16:00,-122.91,-123.1,-122.7,12,1.0
2025-05-18 17:00,-123.12,-123.3,-122.9,12,1.0
2025-05-18 18:00,-123.38,-123.6,-123.3,12,1.0
2025-05-18 19:00,-123.56,-123.7,-123.4,12,1.0
2025-05-18 20:00,-123.78,-124.0,-123.5,12,1.0
2025-05-18 21:00,-124.13,-124.3,-123.9,12,1.0
2025-05-18 22:00,-124.45,-124.7,-124.1,12,1.0
2025-05-18 23:00,-124.7,-124.9,-124.5,12,1.0
2025-05-19 00:00,-124.94,-125.1,-124.7,12,1.0
2025-05-19 01:00,-125.28,-125.4,-125.1,12,1.0
2025-05-19 02:00,-125.52,-125.7,-125.3,12,1.0
2025-05-19 03:00,-125.92,-126.2,-125.7,12,1.0
2025-05-19 04:00,-126.3,-126.5,-126.1,12,1.0
2025-05-19 05:00,-126.68,-126.9,-126.5,12,1.0
2025-05-19 06:00,-127.11,-127.4,-126.9,12,1.0
2025-05-19 07:00,-127.58,-127.8,-127.4,12,1.0
2025-05-19 08:00,-127.93,-128.2,-127.6,12,1.0
2025-05-19 09:00,-128.33,-128.5,-128.2,12,1.0
2025-05-19 10:00,-128.57,-128.8,-128.3,12,1.0
2025-05-19 11:00,-128.85,-129.2,-128.6,12,1.0
2025-05-19 12:00,-129.04,-129.2,-128.9,12,1.0
2025-05-19 13:00,-129.27,-129.4,-129.1,12,1.0
2025-05-19 14:00,-129.33,-129.5,-129.2,12,1.0
2025-05-19 15:00,-129.48,-129.8,-129.3,12,1.0
2025-05-19 16:00,-129.52,-129.7,-129.4,12,1.0
2025-05-19 17:00,-129.57,-129.7,-129.4,12,1.0
2025-05-19 18:00,-129.68,-129.9,-129.6,12,1.0
2025-05-19 19:00,-129.85,-130.1,-129.7,12,1.0
2025-05-19 20:00,-130.02,-130.2,-129.8,12,1.0
2025-05-19 21:00,-130.31,-130.5,-130.1,12,1.0
2025-05-19 22:00,-130.68,-130.9,-130.5,12,1.0
2025-05-19 23:00,-131.09,-131.3,-130.8,12,1.0
2025-05-20 00:00,-131.46,-131.6,-131.3,12,1.0
2025-05-20 01:00,-131.88,-132.1,-131.6,12,1.0
2025-05-20 02:00,-132.28,-132.5,-132.0,12,1.0
2025-05-20 03:00,-132.68,-133.0,-132.3,12,1.0
2025-05-20 04:00,-133.23,-133.6,-132.9,12,1.0
2025-05-20 05:00,-133.62,-133.8,-133.4,12,1.0
2025-05-20 06:00,-134.11,-134.5,-133.8,12,1.0
2025-05-20 07:00,-134.67,-134.9,-134.4,12,1.0
2025-05-20 08:00,-135.1,-135.5,-134.8,12,1.0
2025-05-20 09:00,-135.5,-135.7,-135.4,12,1.0
2025-05-20 10:00,-135.86,-136.0,-135.6,12,1.0
2025-05-20 11:00,-136.12,-136.4,-135.8,12,1.0
2025-05-20 12:00,-136.42,-136.7,-136.0,12,1.0
2025-05-20 13:00,-136.77,-137.0,-136.6,12,1.0
2025-05-20 14:00,-137.13,-137.3,-136.9,12,1.0
2025-05-20 15:00,-137.28,-137.7,-137.0,12,1.0
2025-05-20 16:00,-137.68,-138.0,-137.4,12,1.0
2025-05-20 17:00,-138.01,-138.2,-137.7,12,1.0
2025-05-20 18:00,-138.42,-138.7,-138.1,12,1.0
2025-05-20 19:00,-138.76,-139.0,-138.5,12,1.0
2025-05-20 20:00,-139.12,-139.3,-138.9,12,1.0
2025-05-20 21:00,-139.58,-139.8,-139.2,12,1.0
2025-05-20 22:00,-139.93,-140.4,-139.7,12,1.0
2025-05-20 23:00,-140.45,-140.7,-140.2,12,1.0
2025-05-21 00:00,-140.93,-141.3,-140.7,12,1.0
2025-05-21 01:00,-141.33,-141.7,-141.0,12,1.0
2025-05-21 02:00,-141.72,-142.0,-141.5,12,1.0
2025-05-21 03:00,-142.19,-142.5,-141.9,12,1.0
2025-05-21 04:00,-142.48,-142.7,-142.3,12,1.0
2025-05-21 05:00,-142.72,-143.0,-142.4,12,1.0
2025-05-21 06:00,-142.94,-143.2,-142.7,12,1.0
2025-05-21 07:00,-143.3,-143.5,-143.1,12,1.0
2025-05-21 08:00,-143.42,-143.7,-143.2,12,1.0
2025-05-21 09:00,-143.71,-144.0,-143.6,12,1.0
2025-05-21 10:00,-143.95,-144.2,-143.7,12,1.0
2025-05-21 11:00,-144.3,-144.5,-144.0,12,1.0
2025-05-21 12:00,-144.51,-144.7,-144.3,12,1.0
2025-05-21 13:00,-144.78,-145.0,-144.6,12,1.0
2025-05-21 14:00,-145.08,-145.3,-144.8,12,1.0
2025-05-21 15:00,-145.52,-145.7,-145.3,12,1.0
2025-05-21 16:00,-145.98,-146.2,-145.7,12,1.0
2025-05-21 17:00,-146.28,-146.6,-146.0,12,1.0
2025-05-21 18:00,-146.78,-147.0,-146.6,12,1.0
2025-05-21 19:00,-147.13,-147.4,-146.8,12,1.0
2025-05-21 20:00,-147.48,-147.8,-147.1,12,1.0
2025-05-21 21:00,-147.78,-148.0,-147.6,12,1.0
2025-05-21 22:00,-148.26,-148.6,-147.8,12,1.0
2025-05-21 23:00,-148.73,-149.0,-148.4,12,1.0
2025-05-22 00:00,-149.26,-149.6,-149.0,12,1.0
2025-05-22 01:00,-149.83,-150.2,-149.6,12,1.0
2025-05-22 02:00,-150.32,-150.6,-149.9,12,1.0
2025-05-22 03:00,-150.91,-151.2,-150.5,12,1.0
2025-05-22 04:00,-151.51,-151.7,-151.3,12,1.0
2025-05-22 05:00,-151.95,-152.3,-151.6,12,1.0
2025-05-22 06:00,-152.48,-152.8,-152.0,12,1.0
2025-05-22 07:00,-153.12,-153.4,-152.8,12,1.0
2025-05-22 08:00,-153.59,-153.8,-153.2,12,1.0
2025-05-22 09:00,-153.98,-154.4,-153.7,12,1.0
2025-05-22 10:00,-154.41,-154.7,-154.0,12,1.0
2025-05-22 11:00,-154.71,-155.0,-154.6,12,1.0
2025-05-22 12:00,-155.16,-155.4,-154.8,12,1.0
2025-05-22 13:00,-155.47,-155.7,-155.1,12,1.0
2025-05-22 14:00,-155.62,-155.9,-155.4,12,1.0
2025-05-22 15:00,-155.83,-156.2,-155.6,12,1.0
2025-05-22 16:00,-155.98,-156.2,-155.5,12,1.0
2025-05-22 17:00,-156.27,-156.6,-155.9,12,1.0
2025-05-22 18:00,-156.48,-156.7,-156.2,12,1.0
2025-05-22 19:00,-156.85,-157.3,-156.6,12,1.0
2025-05-22 20:00,-157.16,-157.4,-156.8,12,1.0
2025-05-22 21:00,-157.72,-158.1,-157.4,12,1.0
2025-05-22 22:00,-158.23,-158.5,-157.8,12,1.0
2025-05-22 23:00,-159.04,-159.3,-158.7,12,1.0
2025-05-23 00:00,-159.77,-160.4,-159.3,12,1.0
2025-05-23 01:00,-160.34,-160.7,-160.1,12,1.0
2025-05-23 02:00,-160.83,-161.2,-160.5,12,1.0
2025-05-23 03:00,-161.29,-161.6,-160.9,12,1.0
2025-05-23 04:00,-161.7,-162.0,-161.5,12,1.0
2025-05-23 05:00,-162.28,-162.5,-162.0,12,1.0
2025-05-23 06:00,-162.72,-163.0,-162.5,12,1.0
2025-05-23 07:00,-163.43,-163.8,-163.2,12,1.0
2025-05-23 08:00,-164.01,-164.3,-163.8,12,1.0
2025-05-23 09:00,-164.5,-164.9,-164.1,12,1.0
2025-05-23 10:00,-164.98,-165.4,-164.7,12,1.0
2025-05-23 11:00,-165.42,-165.6,-165.2,12,1.0
2025-05-23 12:00,-165.61,-165.8,-165.3,12,1.0
2025-05-23 13:00,-165.78,-166.0,-165.5,12,1.0
2025-05-23 14:00,-166.01,-166.3,-165.7,12,1.0
2025-05-23 15:00,-166.38,-166.6,-166.1,12,1.0
2025-05-23 16:00,-166.46,-166.6,-166.2,12,1.0
2025-05-23 17:00,-166.62,-167.0,-166.3,12,1.0
2025-05-23 18:00,-167.0,-167.3,-166.8,12,1.0
2025-05-23 19:00,-167.41,-167.7,-167.1,12,1.0
2025-05-23 20:00,-167.94,-168.4,-167.5,12,1.0
2025-05-23 21:00,-168.53,-169.0,-168.0,12,1.0
2025-05-23 22:00,-169.16,-169.5,-168.6,12,1.0
2025-05-23 23:00,-169.92,-170.3,-169.4,12,1.0
2025-05-24 00:00,-170.56,-170.9,-170.1,12,1.0
2025-05-24 01:00,-171.0,-171.3,-170.4,12,1.0
2025-05-24 02:00,-171.64,-172.1,-171.1,12,1.0
2025-05-24 03:00,-172.48,-173.0,-172.1,12,1.0
2025-05-24 04:00,-173.1,-173.5,-172.6,12,1.0
2025-05-24 05:00,-173.85,-174.5,-173.4,12,1.0
2025-05-24 06:00,-174.59,-175.1,-174.2,12,1.0
2025-05-24 07:00,-175.4,-175.9,-174.7,12,1.0
2025-05-24 08:00,-175.99,-176.4,-175.5,12,1.0
2025-05-24 09:00,-176.59,-176.9,-176.2,12,1.0
2025-05-24 10:00,-177.25,-177.7,-176.9,12,1.0
2025-05-24 11:00,-177.81,-178.2,-177.4,12,1.0
2025-05-24 12:00,-178.32,-178.6,-178.2,12,1.0
2025-05-24 13:00,-178.95,-179.3,-178.6,12,1.0
2025-05-24 14:00,-179.58,-180.1,-179.1,12,1.0
2025-05-24 15:00,-180.08,-180.4,-179.8,12,1.0
2025-05-24 16:00,-180.48,-180.8,-180.2,12,1.0
2025-05-24 17:00,-180.96,-181.2,-180.6,12,1.0
2025-05-24 18:00,-181.36,-181.8,-181.0,12,1.0
2025-05-24 19:00,-181.81,-182.3,-181.4,12,1.0
2025-05-24 20:00,-182.32,-182.8,-181.8,12,1.0
2025-05-24 21:00,-182.78,-183.2,-182.3,12,1.0
2025-05-24 22:00,-183.6,-184.1,-182.8,12,1.0
2025-05-24 23:00,-184.41,-184.9,-183.8,12,1.0
2025-05-25 00:00,-185.02,-185.6,-184.5,12,1.0
2025-05-25 01:00,-185.79,-186.1,-185.4,12,1.0
2025-05-25 02:00,-186.78,-187.3,-186.2,12,1.0
2025-05-25 03:00,-187.62,-187.9,-187.1,12,1.0
2025-05-25 04:00,-188.43,-189.1,-187.8,12,1.0
2025-05-25 05:00,-189.09,-189.7,-188.4,12,1.0
2025-05-25 06:00,-190.1,-190.6,-189.7,12,1.0
2025-05-25 07:00,-190.98,-191.5,-190.4,12,1.0
2025-05-25 08:00,-191.79,-192.3,-191.4,12,1.0
2025-05-25 09:00,-192.73,-193.3,-192.3,12,1.0
2025-05-25 10:00,-193.56,-194.0,-193.1,12,1.0
2025-05-25 11:00,-194.14,-194.5,-193.8,12,1.0
2025-05-25 12:00,-194.56,-195.0,-194.3,12,1.0
2025-05-25 13:00,-194.98,-195.5,-194.6,12,1.0
2025-05-25 14:00,-195.42,-195.8,-195.1,12,1.0
2025-05-25 15:00,-195.71,-195.9,-195.5,12,1.0
2025-05-25 16:00,-195.78,-196.1,-195.5,12,1.0
2025-05-25 17:00,-195.92,-196.3,-195.5,12,1.0
2025-05-25 18:00,-196.1,-196.8,-195.7,12,1.0
2025-05-25 19:00,-196.42,-196.9,-196.0,12,1.0
2025-05-25 20:00,-196.99,-197.4,-196.6,12,1.0
2025-05-25 21:00,-197.36,-197.6,-197.1,12,1.0
2025-05-25 22:00,-198.04,-198.6,-197.4,12,1.0
2025-05-25 23:00,-198.84,-199.4,-198.4,12,1.0
2025-05-26 00:00,-199.67,-200.1,-199.2,12,1.0
2025-05-26 01:00,-200.29,-200.7,-199.8,12,1.0
2025-05-26 02:00,-200.84,-201.4,-200.3,12,1.0
2025-05-26 03:00,-201.62,-202.2,-201.1,12,1.0
2025-05-26 04:00,-202.56,-203.1,-202.0,12,1.0
2025-05-26 05:00,-203.52,-203.9,-203.0,12,1.0
2025-05-26 06:00,-204.55,-205.2,-203.8,12,1.0
2025-05-26 07:00,-205.72,-206.3,-205.1,12,1.0
2025-05-26 08:00,-206.48,-207.1,-205.6,12,1.0
2025-05-26 09:00,-207.19,-207.9,-206.7,12,1.0
2025-05-26 10:00,-207.91,-208.3,-207.6,12,1.0
2025-05-26 11:00,-208.28,-208.7,-207.8,12,1.0
2025-05-26 12:00,-208.63,-208.9,-208.3,12,1.0
2025-05-26 13:00,-209.04,-209.4,-208.6,12,1.0
2025-05-26 14:00,-209.06,-209.4,-208.7,12,1.0
2025-05-26 15:00,-208.97,-209.4,-208.7,12,1.0
2025-05-26 16:00,-208.78,-209.1,-208.4,12,1.0
2025-05-26 17:00,-208.62,-209.1,-208.2,12,1.0
2025-05-26 18:00,-208.75,-209.0,-208.5,12,1.0
2025-05-26 19:00,-208.87,-209.3,-208.4,12,1.0
2025-05-26 20:00,-209.12,-209.4,-209.0,12,1.0
2025-05-26 21:00,-209.43,-209.7,-209.0,12,1.0
2025-05-26 22:00,-209.99,-210.3,-209.6,12,1.0
2025-05-26 23:00,-210.74,-211.2,-210.2,12,1.0
2025-05-27 00:00,-211.29,-211.7,-210.8,12,1.0
2025-05-27 01:00,-211.5,-212.0,-211.2,12,1.0
2025-05-27 02:00,-212.15,-213.0,-211.5,12,1.0
2025-05-27 03:00,-212.92,-213.2,-212.6,12,1.0
2025-05-27 04:00,-213.52,-214.1,-213.1,12,1.0
2025-05-27 05:00,-214.32,-215.0,-213.7,12,1.0
2025-05-27 06:00,-215.06,-215.7,-214.4,12,1.0
2025-05-27 07:00,-215.82,-216.6,-215.4,12,1.0
2025-05-27 08:00,-216.52,-217.0,-215.8,12,1.0
2025-05-27 09:00,-217.14,-218.0,-216.3,12,1.0
2025-05-27 10:00,-217.93,-218.3,-217.5,12,1.0
2025-05-27 11:00,-218.55,-219.2,-218.0,12,1.0
2025-05-27 12:00,-219.18,-219.6,-218.7,12,1.0
2025-05-27 13:00,-219.48,-219.9,-219.0,12,1.0
2025-05-27 14:00,-220.08,-220.6,-219.7,12,1.0
2025-05-27 15:00,-220.27,-220.6,-220.0,12,1.0
2025-05-27 16:00,-220.21,-220.5,-219.5,12,1.0
2025-05-27 17:00,-220.36,-220.8,-219.9,12,1.0
2025-05-27 18:00,-220.46,-221.0,-220.1,12,1.0
2025-05-27 19:00,-220.73,-221.2,-220.2,12,1.0
2025-05-27 20:00,-221.33,-221.6,-221.0,12,1.0
2025-05-27 21:00,-221.72,-222.1,-221.1,12,1.0
2025-05-27 22:00,-222.36,-222.8,-222.0,12,1.0
2025-05-27 23:00,-222.94,-223.5,-222.5,12,1.0
2025-05-28 00:00,-223.55,-224.2,-223.0,12,1.0
2025-05-28 01:00,-224.28,-225.1,-223.7,12,1.0
2025-05-28 02:00,-225.04,-225.7,-224.6,12,1.0
2025-05-28 03:00,-225.99,-226.8,-225.6,12,1.0
2025-05-28 04:00,-226.82,-227.2,-226.4,12,1.0
2025-05-28 05:00,-227.6,-228.2,-226.8,12,1.0
2025-05-28 06:00,-228.39,-228.9,-227.8,12,1.0
2025-05-28 07:00,-229.35,-229.7,-228.8,12,1.0
2025-05-28 08:00,-230.16,-230.6,-229.7,12,1.0
2025-05-28 09:00,-230.97,-231.5,-230.2,12,1.0
2025-05-28 10:00,-231.73,-232.2,-231.3,12,1.0
2025-05-28 11:00,-232.18,-232.6,-231.7,12,1.0
2025-05-28 12:00,-232.41,-232.9,-232.1,12,1.0
2025-05-28 13:00,-232.72,-233.2,-232.2,12,1.0
2025-05-28 14:00,-232.68,-233.2,-232.2,12,1.0
2025-05-28 15:00,-232.74,-233.2,-232.5,12,1.0
2025-05-28 16:00,-232.42,-232.8,-232.1,12,1.0
2025-05-28 17:00,-232.52,-233.1,-232.0,12,1.0
2025-05-28 18:00,-232.86,-233.3,-232.3,12,1.0
2025-05-28 19:00,-233.24,-233.7,-232.6,12,1.0
2025-05-28 20:00,-233.78,-234.3,-233.1,12,1.0
2025-05-28 21:00,-234.22,-235.0,-233.5,12,1.0
2025-05-28 22:00,-235.02,-235.7,-234.3,12,1.0
2025-05-28 23:00,-235.84,-236.6,-235.3,12,1.0
2025-05-29 00:00,-236.62,-237.1,-236.2,12,1.0
2025-05-29 01:00,-237.58,-238.1,-237.2,12,1.0
2025-05-29 02:00,-238.09,-238.9,-237.4,12,1.0
2025-05-29 03:00,-239.03,-239.4,-238.7,12,1.0
2025-05-29 04:00,-239.78,-240.4,-239.1,12,1.0
2025-05-29 05:00,-240.62,-241.1,-240.3,12,1.0
2025-05-29 06:00,-241.29,-241.8,-240.9,12,1.0
2025-05-29 07:00,-242.07,-243.2,-241.3,12,1.0
2025-05-29 08:00,-243.05,-243.7,-242.0,12,1.0
2025-05-29 09:00,-243.91,-244.6,-243.2,12,1.0
2025-05-29 10:00,-244.59,-245.1,-244.0,12,1.0
2025-05-29 11:00,-245.67,-246.3,-245.2,12,1.0
2025-05-29 12:00,-246.45,-247.2,-245.7,12,1.0
2025-05-29 13:00,-246.91,-247.5,-246.3,12,1.0
2025-05-29 14:00,-247.5,-248.1,-247.3,12,1.0
2025-05-29 15:00,-247.62,-248.3,-247.3,12,1.0
2025-05-29 16:00,-247.68,-248.4,-247.2,12,1.0
2025-05-29 17:00,-247.79,-248.4,-247.3,12,1.0
2025-05-29 18:00,-248.07,-248.7,-247.7,12,1.0
2025-05-29 19:00,-248.38,-248.9,-247.7,12,1.0
2025-05-29 20:00,-249.08,-249.6,-248.7,12,1.0
2025-05-29 21:00,-249.58,-250.2,-249.2,12,1.0
2025-05-29 22:00,-250.28,-251.0,-249.6,12,1.0
2025-05-29 23:00,-251.32,-252.1,-250.3,12,1.0
2025-05-30 00:00,-252.24,-253.2,-251.6,12,1.0
2025-05-30 01:00,-253.48,-254.0,-252.6,12,1.0
2025-05-30 02:00,-254.82,-255.8,-254.0,12,1.0
2025-05-30 03:00,-255.85,-256.9,-254.7,12,1.0
2025-05-30 04:00,-257.38,-258.3,-256.6,12,1.0
2025-05-30 05:00,-258.41,-259.1,-257.5,12,1.0
2025-05-30 06:00,-259.38,-259.9,-258.8,12,1.0
2025-05-30 07:00,-260.21,-260.7,-259.7,12,1.0
2025-05-30 08:00,-261.18,-261.8,-260.5,12,1.0
2025-05-30 09:00,-262.42,-263.1,-261.8,12,1.0
2025-05-30 10:00,-263.4,-263.9,-262.8,12,1.0
2025-05-30 11:00,-264.39,-265.3,-263.6,12,1.0
2025-05-30 12:00,-265.18,-266.1,-264.6,12,1.0
2025-05-30 13:00,-265.95,-266.9,-265.2,12,1.0
2025-05-30 14:00,-266.39,-267.2,-265.5,12,1.0
2025-05-30 15:00,-266.47,-267.1,-265.9,12,1.0
2025-05-30 16:00,-266.72,-267.2,-266.1,12,1.0
2025-05-30 17:00,-266.91,-267.7,-266.3,12,1.0
2025-05-30 18:00,-267.23,-267.9,-266.6,12,1.0
2025-05-30 19:00,-267.76,-268.7,-267.1,12,1.0
2025-05-30 20:00,-268.37,-269.0,-267.9,12,1.0
2025-05-30 21:00,-269.39,-270.0,-268.7,12,1.0
2025-05-30 22:00,-269.88,-270.5,-269.3,12,1.0
2025-05-30 23:00,-271.12,-271.8,-270.5,12,1.0
2025-05-31 00:00,-272.2,-273.0,-271.6,12,1.0
2025-05-31 01:00,-273.43,-274.2,-272.6,12,1.0
2025-05-31 02:00,-274.72,-276.1,-273.7,12,1.0
2025-05-31 03:00,-276.02,-276.9,-275.0,12,1.0
2025-05-31 04:00,-277.3,-278.3,-276.7,12,1.0
2025-05-31 05:00,-278.48,-279.4,-277.6,12,1.0
2025-05-31 06:00,-279.78,-280.2,-279.2,12,1.0
2025-05-31 07:00,-280.63,-281.2,-279.8,12,1.0
2025-05-31 08:00,-281.56,-282.4,-280.8,12,1.0
2025-05-31 09:00,-282.35,-282.8,-281.7,12,1.0
2025-05-31 10:00,-283.2,-284.4,-282.3,12,1.0
2025-05-31 11:00,-283.88,-284.8,-283.0,12,1.0
2025-05-31 12:00,-284.57,-285.6,-283.9,12,1.0
2025-05-31 13:00,-284.66,-285.0,-284.4,12,1.0
2025-05-31 14:00,-284.75,-285.2,-284.2,12,1.0
2025-05-31 15:00,-284.46,-285.4,-283.8,12,1.0
2025-05-31 16:00,-283.9,-284.3,-283.3,12,1.0
2025-05-31 17:00,-283.62,-284.2,-282.7,12,1.0
2025-05-31 18:00,-283.33,-283.8,-282.7,12,1.0
2025-05-31 19:00,-283.38,-284.1,-283.0,12,1.0
2025-05-31 20:00,-283.53,-284.0,-282.8,12,1.0
2025-05-31 21:00,-284.46,-285.2,-284.1,12,1.0
2025-05-31 22:00,-285.56,-286.5,-284.2,12,1.0
2025-05-31 23:00,-286.05,-286.7,-285.4,12,1.0
2025-06-01 00:00,-287.19,-288.1,-286.2,12,1.0
2025-06-01 01:00,-288.28,-289.2,-287.3,12,1.0
2025-06-01 02:00,-289.19,-290.1,-288.3,12,1.0
2025-06-01 03:00,-290.52,-291.3,-289.3,12,1.0
2025-06-01 04:00,-291.65,-292.5,-290.9,12,1.0
2025-06-01 05:00,-292.64,-293.4,-291.9,12,1.0
2025-06-01 06:00,-293.63,-294.6,-292.5,12,1.0
2025-06-01 07:00,-294.64,-295.5,-293.6,12,1.0
2025-06-01 08:00,-296.0,-297.1,-295.0,12,1.0
2025-06-01 09:00,-297.56,-298.7,-296.5,12,1.0
2025-06-01 10:00,-298.56,-299.6,-297.6,12,1.0
2025-06-01 11:00,-299.28,-300.2,-298.6,12,1.0
2025-06-01 12:00,-300.44,-301.2,-299.6,12,1.0
2025-06-01 13:00,-301.12,-301.6,-300.2,12,1.0
2025-06-01 14:00,-301.68,-302.5,-300.8,12,1.0
2025-06-01 15:00,-301.83,-302.5,-301.1,12,1.0
2025-06-01 16:00,-301.98,-303.0,-301.4,12,1.0
2025-06-01 17:00,-302.06,-302.8,-301.4,12,1.0
2025-06-01 18:00,-302.37,-303.1,-301.5,12,1.0
2025-06-01 19:00,-302.91,-303.6,-302.1,12,1.0
2025-06-01 20:00,-303.4,-304.4,-302.6,12,1.0
2025-06-01 21:00,-304.44,-305.1,-303.6,12,1.0
2025-06-01 22:00,-305.25,-306.2,-304.4,12,1.0
2025-06-01 23:00,-306.09,-306.8,-305.4,12,1.0
2025-06-02 00:00,-307.45,-308.2,-306.8,12,1.0
2025-06-02 01:00,-308.2,-309.5,-307.3,12,1.0
2025-06-02 02:00,-309.58,-310.8,-308.6,12,1.0
2025-06-02 03:00,-310.62,-311.7,-309.4,12,1.0
2025-06-02 04:00,-311.41,-312.1,-310.7,12,1.0
2025-06-02 05:00,-312.68,-313.6,-312.2,12,1.0
2025-06-02 06:00,-313.58,-314.6,-312.2,12,1.0
2025-06-02 07:00,-314.74,-315.7,-313.8,12,1.0
2025-06-02 08:00,-315.6,-316.8,-314.2,12,1.0
2025-06-02 09:00,-316.79,-317.7,-316.2,12,1.0
2025-06-02 10:00,-317.45,-318.6,-316.2,12,1.0
2025-06-02 11:00,-318.42,-318.9,-317.8,12,1.0
2025-06-02 12:00,-319.18,-320.0,-318.4,12,1.0
2025-06-02 13:00,-319.13,-320.0,-318.5,12,1.0
2025-06-02 14:00,-320.13,-320.6,-319.4,12,1.0
2025-06-02 15:00,-319.71,-320.6,-318.3,12,1.0
2025-06-02 16:00,-319.85,-320.8,-318.8,12,1.0
2025-06-02 17:00,-319.63,-320.3,-319.0,12,1.0
2025-06-02 18:00,-319.68,-320.4,-319.2,12,1.0
2025-06-02 19:00,-320.16,-320.8,-319.8,12,1.0
2025-06-02 20:00,-320.39,-321.3,-319.5,12,1.0
2025-06-02 21:00,-321.22,-322.0,-320.2,12,1.0
2025-06-02 22:00,-322.21,-323.3,-321.4,12,1.0
2025-06-02 23:00,-323.28,-324.0,-322.0,12,1.0
2025-06-03 00:00,-324.93,-326.5,-324.1,12,1.0
2025-06-03 01:00,-326.11,-327.2,-325.5,12,1.0
2025-06-03 02:00,-327.49,-328.5,-326.2,12,1.0
2025-06-03 03:00,-329.27,-330.2,-328.2,12,1.0
2025-06-03 04:00,-330.6,-331.9,-329.4,12,1.0
2025-06-03 05:00,-332.53,-333.5,-331.3,12,1.0
2025-06-03 06:00,-333.69,-334.7,-332.8,12,1.0
2025-06-03 07:00,-334.89,-336.7,-333.2,12,1.0
2025-06-03 08:00,-335.69,-336.4,-335.1,12,1.0
2025-06-03 09:00,-336.35,-337.1,-335.6,12,1.0
2025-06-03 10:00,-337.53,-338.6,-336.3,12,1.0
2025-06-03 11:00,-338.32,-339.4,-337.2,12,1.0
2025-06-03 12:00,-339.09,-340.1,-338.1,12,1.0
2025-06-03 13:00,-339.68,-340.9,-338.9,12,1.0
2025-06-03 14:00,-339.79,-340.7,-339.1,12,1.0
2025-06-03 15:00,-339.84,-340.7,-339.2,12,1.0
2025-06-03 16:00,-339.42,-340.1,-338.5,12,1.0
2025-06-03 17:00,-338.82,-339.3,-337.9,12,1.0
2025-06-03 18:00,-338.73,-339.8,-337.8,12,1.0
2025-06-03 19:00,-339.0,-339.9,-338.1,12,1.0
2025-06-03 20:00,-339.22,-339.9,-338.1,12,1.0
2025-06-03 21:00,-340.06,-341.3,-339.0,12,1.0
2025-06-03 22:00,-341.35,-341.9,-340.8,12,1.0
2025-06-03 23:00,-342.32,-342.9,-341.0,12,1.0
2025-06-04 00:00,-343.72,-345.3,-342.4,12,1.0
2025-06-04 01:00,-344.72,-345.6,-343.3,12,1.0
2025-06-04 02:00,-346.4,-347.9,-344.5,12,1.0
2025-06-04 03:00,-347.68,-348.3,-346.7,12,1.0
2025-06-04 04:00,-349.12,-349.9,-347.9,12,1.0
2025-06-04 05:00,-350.48,-351.6,-348.5,12,1.0
2025-06-04 06:00,-351.78,-352.9,-349.7,12,1.0
2025-06-04 07:00,-352.97,-354.3,-351.5,12,1.0
2025-06-04 08:00,-354.48,-355.7,-353.8,12,1.0
2025-06-04 09:00,-356.28,-358.0,-354.5,12,1.0
2025-06-04 10:00,-357.32,-358.3,-356.4,12,1.0
2025-06-04 11:00,-358.38,-359.3,-357.4,12,1.0
2025-06-04 12:00,-359.22,-360.2,-358.3,12,1.0
2025-06-04 13:00,-359.56,-360.4,-358.8,12,1.0
2025-06-04 14:00,-359.48,-360.0,-359.0,12,1.0
2025-06-04 15:00,-359.63,-360.5,-358.8,12,1.0
2025-06-04 16:00,-358.95,-360.3,-357.8,12,1.0
2025-06-04 17:00,-358.42,-359.3,-357.4,12,1.0
2025-06-04 18:00,-358.05,-359.0,-357.4,12,1.0
2025-06-04 19:00,-358.02,-358.8,-356.8,12,1.0
2025-06-04 20:00,-358.63,-359.4,-357.8,12,1.0
2025-06-04 21:00,-359.67,-361.0,-358.6,12,1.0
2025-06-04 22:00,-360.82,-361.4,-360.2,12,1.0
2025-06-04 23:00,-362.38,-363.9,-361.5,12,1.0
2025-06-05 00:00,-364.02,-365.5,-362.8,12,1.0
2025-06-05 01:00,-365.13,-366.1,-364.3,12,1.0
2025-06-05 02:00,-366.1,-367.0,-365.3,12,1.0
2025-06-05 03:00,-368.04,-369.4,-367.1,12,1.0
2025-06-05 04:00,-369.15,-370.1,-368.1,12,1.0
2025-06-05 05:00,-370.72,-371.6,-369.7,12,1.0
2025-06-05 06:00,-372.47,-374.4,-371.2,12,1.0
2025-06-05 07:00,-374.15,-375.7,-373.0,12,1.0
2025-06-05 08:00,-375.57,-377.9,-373.8,12,1.0
2025-06-05 09:00,-376.92,-378.8,-375.7,12,1.0
2025-06-05 10:00,-378.38,-379.4,-376.8,12,1.0
2025-06-05 11:00,-379.66,-380.5,-378.6,12,1.0
2025-06-05 12:00,-380.24,-381.2,-378.7,12,1.0
2025-06-05 13:00,-381.18,-382.1,-380.0,12,1.0
2025-06-05 14:00,-381.57,-382.8,-380.8,12,1.0
2025-06-05 15:00,-381.54,-383.0,-380.4,12,1.0
2025-06-05 16:00,-380.58,-381.7,-379.6,12,1.0
2025-06-05 17:00,-380.76,-382.0,-379.9,12,1.0
2025-06-05 18:00,-380.13,-381.9,-378.9,12,1.0
2025-06-05 19:00,-380.34,-381.4,-379.0,12,1.0
2025-06-05 20:00,-380.67,-381.8,-379.5,12,1.0
2025-06-05 21:00,-381.79,-383.0,-380.5,12,1.0
2025-06-05 22:00,-383.1,-383.8,-382.5,12,1.0
2025-06-05 23:00,-384.63,-385.9,-383.4,12,1.0
2025-06-06 00:00,-385.75,-387.2,-384.3,12,1.0
2025-06-06 01:00,-387.45,-389.1,-385.7,12,1.0
2025-06-06 02:00,-388.88,-390.2,-387.3,12,1.0
2025-06-06 03:00,-390.82,-392.2,-389.6,12,1.0
2025-06-06 04:00,-392.84,-394.4,-391.6,12,1.0
2025-06-06 05:00,-395.12,-396.5,-393.8,12,1.0
2025-06-06 06:00,-397.18,-398.7,-395.0,12,1.0
2025-06-06 07:00,-399.28,-401.0,-397.9,12,1.0
2025-06-06 08:00,-401.54,-403.4,-399.8,12,1.0
2025-06-06 09:00,-403.19,-404.8,-402.2,12,1.0
2025-06-06 10:00,-404.65,-406.8,-403.1,12,1.0
2025-06-06 11:00,-405.22,-406.6,-404.4,12,1.0
2025-06-06 12:00,-405.98,-407.1,-404.9,12,1.0
2025-06-06 13:00,-406.22,-407.8,-404.6,12,1.0
2025-06-06 14:00,-406.19,-407.8,-405.0,12,1.0
2025-06-06 15:00,-406.17,-407.2,-405.3,12,1.0
2025-06-06 16:00,-406.02,-407.0,-404.6,12,1.0
2025-06-06 17:00,-406.0,-406.9,-405.3,12,1.0
2025-06-06 18:00,-405.91,-407.8,-404.0,12,1.0
2025-06-06 19:00,-406.03,-407.5,-405.3,12,1.0
2025-06-06 20:00,-406.74,-407.9,-405.7,12,1.0
2025-06-06 21:00,-407.77,-409.1,-406.9,12,1.0
2025-06-06 22:00,-408.96,-410.6,-407.7,12,1.0
2025-06-06 23:00,-411.29,-412.6,-409.7,12,1.0
2025-06-07 00:00,-413.16,-414.7,-411.8,12,1.0
2025-06-07 01:00,-415.18,-416.6,-413.6,12,1.0
2025-06-07 02:00,-417.78,-419.8,-416.4,12,1.0
2025-06-07 03:00,-420.18,-421.0,-418.3,12,1.0
2025-06-07 04:00,-422.39,-423.8,-420.4,12,1.0
2025-06-07 05:00,-424.63,-425.9,-423.7,12,1.0
2025-06-07 06:00,-426.39,-428.0,-425.2,12,1.0
2025-06-07 07:00,-428.18,-430.4,-427.0,12,1.0
2025-06-07 08:00,-428.99,-431.5,-426.8,12,1.0
2025-06-07 09:00,-430.76,-432.3,-428.2,12,1.0
2025-06-07 10:00,-432.05,-433.8,-430.8,12,1.0
2025-06-07 11:00,-433.58,-434.1,-432.4,12,1.0
2025-06-07 12:00,-434.77,-436.2,-433.2,12,1.0
2025-06-07 13:00,-435.08,-436.6,-433.9,12,1.0
2025-06-07 14:00,-435.02,-436.2,-433.9,12,1.0
2025-06-07 15:00,-434.32,-435.1,-433.0,12,1.0
2025-06-07 16:00,-433.82,-434.6,-432.5,12,1.0
2025-06-07 17:00,-432.7,-434.2,-431.2,12,1.0
2025-06-07 18:00,-432.34,-433.4,-431.5,12,1.0
2025-06-07 19:00,-432.15,-433.6,-431.2,12,1.0
2025-06-07 20:00,-433.3,-435.1,-432.0,12,1.0
2025-06-07 21:00,-434.86,-436.7,-433.1,12,1.0
2025-06-07 22:00,-436.98,-439.4,-435.2,12,1.0
2025-06-07 23:00,-438.7,-440.6,-436.9,12,1.0
2025-06-08 00:00,-441.68,-443.7,-440.4,12,1.0
2025-06-08 01:00,-443.57,-444.9,-442.1,12,1.0
2025-06-08 02:00,-445.86,-448.2,-443.8,12,1.0
2025-06-08 03:00,-447.55,-449.6,-445.9,12,1.0
2025-06-08 04:00,-449.49,-450.8,-448.0,12,1.0
2025-06-08 05:00,-451.29,-452.5,-450.4,12,1.0
2025-06-08 06:00,-452.98,-454.8,-451.1,12,1.0
2025-06-08 07:00,-454.61,-455.9,-452.0,12,1.0
2025-06-08 08:00,-456.17,-457.3,-455.6,12,1.0
2025-06-08 09:00,-458.28,-459.2,-457.2,12,1.0
2025-06-08 10:00,-460.23,-461.7,-458.6,12,1.0
2025-06-08 11:00,-461.58,-462.8,-460.7,12,1.0
2025-06-08 12:00,-462.31,-463.7,-460.8,12,1.0
2025-06-08 13:00,-462.67,-464.9,-460.7,12,1.0
2025-06-08 14:00,-461.99,-463.1,-461.0,12,1.0
2025-06-08 15:00,-461.68,-463.5,-460.4,12,1.0
2025-06-08 16:00,-460.79,-462.3,-459.5,12,1.0
2025-06-08 17:00,-459.98,-461.1,-457.6,12,1.0
2025-06-08 18:00,-459.11,-461.8,-457.2,12,1.0
2025-06-08 19:00,-459.45,-460.8,-456.7,12,1.0
2025-06-08 20:00,-460.78,-461.8,-460.1,12,1.0
2025-06-08 21:00,-461.79,-463.3,-460.4,12,1.0
2025-06-08 22:00,-463.39,-464.9,-461.8,12,1.0
2025-06-08 23:00,-465.31,-467.1,-463.1,12,1.0
2025-06-09 00:00,-466.93,-469.1,-465.3,12,1.0
2025-06-09 01:00,-468.63,-470.2,-466.4,12,1.0
2025-06-09 02:00,-470.83,-472.1,-469.7,12,1.0
2025-06-09 03:00,-472.58,-474.2,-470.8,12,1.0
2025-06-09 04:00,-473.62,-475.4,-471.3,12,1.0
2025-06-09 05:00,-474.66,-476.3,-473.3,12,1.0
2025-06-09 06:00,-476.78,-478.4,-475.2,12,1.0
2025-06-09 07:00,-478.35,-479.8,-476.1,12,1.0
2025-06-09 08:00,-479.56,-480.7,-478.0,12,1.0
2025-06-09 09:00,-481.31,-482.5,-479.8,12,1.0
2025-06-09 10:00,-482.85,-484.1,-481.1,12,1.0
2025-06-09 11:00,-483.97,-485.6,-482.2,12,1.0
2025-06-09 12:00,-485.55,-487.3,-483.5,12,1.0
2025-06-09 13:00,-484.92,-487.7,-483.7,12,1.0
2025-06-09 14:00,-485.28,-487.0,-484.4,12,1.0
2025-06-09 15:00,-486.18,-488.0,-484.6,12,1.0
2025-06-09 16:00,-484.46,-486.0,-483.4,12,1.0
2025-06-09 17:00,-483.24,-484.8,-481.9,12,1.0
2025-06-09 18:00,-482.12,-484.1,-480.2,12,1.0
2025-06-09 19:00,-482.44,-483.2,-481.4,12,1.0
2025-06-09 20:00,-483.08,-484.2,-481.2,12,1.0
2025-06-09 21:00,-484.52,-486.1,-483.6,12,1.0
2025-06-09 22:00,-486.32,-488.3,-484.4,12,1.0
2025-06-09 23:00,-488.42,-490.3,-486.7,12,1.0
2025-06-10 00:00,-490.08,-492.8,-488.5,12,1.0
2025-06-10 01:00,-492.05,-493.9,-490.7,12,1.0
2025-06-10 02:00,-494.52,-496.6,-491.8,12,1.0
2025-06-10 03:00,-495.91,-497.8,-494.2,12,1.0
2025-06-10 04:00,-497.55,-499.3,-494.9,12,1.0
2025-06-10 05:00,-499.55,-501.6,-497.4,12,1.0
2025-06-10 06:00,-500.69,-502.0,-498.0,12,1.0
2025-06-10 07:00,-502.25,-504.2,-499.9,12,1.0
2025-06-10 08:00,-503.79,-505.6,-502.1,12,1.0
2025-06-10 09:00,-505.3,-507.2,-504.0,12,1.0
2025-06-10 10:00,-506.6,-508.6,-504.8,12,1.0
2025-06-10 11:00,-508.12,-510.5,-507.0,12,1.0
2025-06-10 12:00,-507.98,-510.3,-506.1,12,1.0
2025-06-10 13:00,-508.93,-510.4,-507.3,12,1.0
2025-06-10 14:00,-508.88,-510.7,-506.4,12,1.0
2025-06-10 15:00,-508.34,-511.2,-506.3,12,1.0
2025-06-10 16:00,-506.26,-509.1,-504.8,12,1.0
2025-06-10 17:00,-504.91,-506.2,-503.3,12,1.0
2025-06-10 18:00,-504.0,-505.0,-502.9,12,1.0
2025-06-10 19:00,-505.01,-507.3,-502.5,12,1.0
2025-06-10 20:00,-504.28,-506.2,-502.7,12,1.0
2025-06-10 21:00,-506.32,-507.6,-504.3,12,1.0
2025-06-10 22:00,-507.42,-510.5,-505.6,12,1.0
2025-06-10 23:00,-510.38,-513.2,-507.3,12,1.0
2025-06-11 00:00,-512.75,-515.5,-510.7,12,1.0
2025-06-11 01:00,-515.85,-518.4,-513.9,12,1.0
2025-06-11 02:00,-518.01,-519.9,-515.9,12,1.0
2025-06-11 03:00,-519.68,-521.2,-517.7,12,1.0
2025-06-11 04:00,-522.72,-523.4,-521.3,12,1.0
2025-06-11 05:00,-525.61,-527.7,-523.2,12,1.0
2025-06-11 06:00,-528.2,-530.5,-525.9,12,1.0
2025-06-11 07:00,-529.6,-531.2,-527.7,12,1.0
2025-06-11 08:00,-531.13,-532.7,-529.3,12,1.0
2025-06-11 09:00,-532.47,-533.6,-531.0,12,1.0
2025-06-11 10:00,-533.92,-536.5,-532.2,12,1.0
2025-06-11 11:00,-534.97,-537.1,-533.0,12,1.0
2025-06-11 12:00,-535.62,-536.9,-534.2,12,1.0
2025-06-11 13:00,-535.37,-536.9,-532.1,12,1.0
2025-06-11 14:00,-535.82,-536.9,-534.1,12,1.0
2025-06-11 15:00,-536.02,-537.9,-534.1,12,1.0
2025-06-11 16:00,-535.77,-536.8,-534.8,12,1.0
2025-06-11 17:00,-535.17,-536.9,-534.2,12,1.0
2025-06-11 18:00,-535.33,-536.7,-534.1,12,1.0
2025-06-11 19:00,-535.02,-536.9,-533.6,12,1.0
2025-06-11 20:00,-535.55,-537.0,-533.2,12,1.0
2025-06-11 21:00,-537.49,-538.9,-536.8,12,1.0
2025-06-11 22:00,-539.32,-540.5,-538.0,12,1.0
2025-06-11 23:00,-542.04,-543.5,-540.6,12,1.0
2025-06-12 00:00,-544.25,-546.6,-542.5,12,1.0
2025-06-12 01:00,-546.99,-549.3,-544.0,12,1.0
2025-06-12 02:00,-549.17,-551.2,-547.6,12,1.0
2025-06-12 03:00,-551.93,-553.7,-549.9,12,1.0
2025-06-12 04:00,-554.34,-556.5,-552.2,12,1.0
2025-06-12 05:00,-556.67,-559.4,-554.4,12,1.0
2025-06-12 06:00,-559.46,-561.9,-557.3,12,1.0
2025-06-12 07:00,-562.22,-565.6,-560.1,12,1.0
2025-06-12 08:00,-564.38,-566.2,-563.1,12,1.0
2025-06-12 09:00,-564.77,-566.4,-562.9,12,1.0
2025-06-12 10:00,-566.37,-566.9,-565.5,12,1.0
2025-06-12 11:00,-566.97,-569.9,-565.3,12,1.0
2025-06-12 12:00,-568.45,-569.4,-567.0,12,1.0
2025-06-12 13:00,-567.82,-569.9,-566.2,12,1.0
2025-06-12 14:00,-568.27,-569.8,-566.8,12,1.0
2025-06-12 15:00,-567.47,-568.6,-566.4,12,1.0
2025-06-12 16:00,-565.67,-567.5,-563.2,12,1.0
2025-06-12 17:00,-563.92,-565.7,-561.6,12,1.0
2025-06-12 18:00,-562.84,-564.5,-561.2,12,1.0
2025-06-12 19:00,-562.52,-564.8,-559.9,12,1.0
2025-06-12 20:00,-562.28,-564.0,-560.5,12,1.0
2025-06-12 21:00,-563.05,-564.8,-561.0,12,1.0
2025-06-12 22:00,-564.41,-566.6,-562.3,12,1.0
2025-06-12 23:00,-566.19,-567.9,-564.7,12,1.0
2025-06-13 00:00,-566.93,-569.0,-564.0,12,1.0
2025-06-13 01:00,-569.12,-570.4,-567.4,12,1.0
2025-06-13 02:00,-570.85,-573.6,-567.7,12,1.0
2025-06-13 03:00,-573.35,-576.5,-570.0,12,1.0
2025-06-13 04:00,-575.14,-576.6,-572.9,12,1.0
2025-06-13 05:00,-578.26,-581.2,-575.4,12,1.0
2025-06-13 06:00,-579.96,-581.6,-577.3,12,1.0
2025-06-13 07:00,-582.64,-584.5,-581.2,12,1.0
2025-06-13 08:00,-584.52,-586.4,-581.4,12,1.0
2025-06-13 09:00,-586.5,-588.8,-583.7,12,1.0
2025-06-13 10:00,-588.09,-590.7,-584.9,12,1.0
2025-06-13 11:00,-588.8,-590.7,-586.4,12,1.0
2025-06-13 12:00,-589.56,-591.7,-586.4,12,1.0
2025-06-13 13:00,-589.96,-592.2,-588.3,12,1.0
2025-06-13 14:00,-589.44,-591.4,-587.6,12,1.0
2025-06-13 15:00,-587.72,-589.9,-585.9,12,1.0
2025-06-13 16:00,-586.2,-587.9,-584.4,12,1.0
2025-06-13 17:00,-584.51,-587.2,-581.6,12,1.0
2025-06-13 18:00,-582.83,-585.5,-580.6,12,1.0
2025-06-13 19:00,-582.18,-584.0,-580.5,12,1.0
2025-06-13 20:00,-581.45,-582.9,-579.8,12,1.0
2025-06-13 21:00,-582.3,-584.0,-580.5,12,1.0
2025-06-13 22:00,-583.72,-585.7,-582.2,12,1.0
2025-06-13 23:00,-585.64,-588.0,-582.6,12,1.0
2025-06-14 00:00,-589.52,-590.9,-587.1,12,1.0
2025-06-14 01:00,-591.49,-594.4,-588.7,12,1.0
2025-06-14 02:00,-595.32,-597.7,-592.2,12,1.0
2025-06-14 03:00,-597.85,-599.5,-596.3,12,1.0
2025-06-14 04:00,-600.52,-602.0,-598.7,12,1.0
2025-06-14 05:00,-602.88,-605.3,-600.5,12,1.0
2025-06-14 06:00,-605.89,-608.3,-603.1,12,1.0
2025-06-14 07:00,-609.18,-612.6,-606.5,12,1.0
2025-06-14 08:00,-612.52,-615.0,-610.0,12,1.0
2025-06-14 09:00,-615.77,-618.6,-612.6,12,1.0
2025-06-14 10:00,-618.28,-621.4,-616.3,12,1.0
2025-06-14 11:00,-621.93,-624.0,-620.0,12,1.0
2025-06-14 12:00,-624.21,-627.2,-622.2,12,1.0
2025-06-14 13:00,-623.72,-625.3,-622.4,12,1.0
2025-06-14 14:00,-625.1,-628.1,-620.4,12,1.0
2025-06-14 15:00,-624.24,-625.7,-621.9,12,1.0
2025-06-14 16:00,-623.32,-625.3,-619.3,12,1.0
2025-06-14 17:00,-620.8,-623.9,-618.2,12,1.0
2025-06-14 18:00,-619.27,-621.9,-617.0,12,1.0
2025-06-14 19:00,-618.17,-620.4,-615.3,12,1.0
2025-06-14 20:00,-619.43,-621.4,-616.4,12,1.0
2025-06-14 21:00,-621.07,-624.2,-619.0,12,1.0
2025-06-14 22:00,-623.87,-626.5,-620.9,12,1.0
2025-06-14 23:00,-626.39,-628.6,-623.2,12,1.0
2025-06-15 00:00,-630.48,-633.9,-626.5,12,1.0
2025-06-15 01:00,-634.72,-637.5,-632.4,12,1.0
2025-06-15 02:00,-638.75,-640.8,-636.6,12,1.0
2025-06-15 03:00,-641.49,-644.0,-639.6,12,1.0
2025-06-15 04:00,-644.48,-646.2,-642.8,12,1.0
2025-06-15 05:00,-646.73,-648.3,-643.9,12,1.0
2025-06-15 06:00,-650.17,-653.6,-647.9,12,1.0
2025-06-15 07:00,-652.34,-654.3,-649.5,12,1.0
2025-06-15 08:00,-654.99,-661.0,-653.1,12,1.0
2025-06-15 09:00,-658.31,-660.7,-656.0,12,1.0
2025-06-15 10:00,-660.22,-662.2,-658.9,12,1.0
2025-06-15 11:00,-663.24,-665.7,-660.7,12,1.0
2025-06-15 12:00,-663.74,-666.6,-662.1,12,1.0
2025-06-15 13:00,-664.78,-667.1,-662.5,12,1.0
2025-06-15 14:00,-665.34,-668.6,-661.8,12,1.0
2025-06-15 15:00,-664.38,-667.3,-661.9,12,1.0
2025-06-15 16:00,-661.78,-663.9,-659.2,12,1.0
2025-06-15 17:00,-659.18,-663.3,-656.0,12,1.0
2025-06-15 18:00,-656.84,-659.3,-654.5,12,1.0
2025-06-15 19:00,-656.8,-659.6,-652.8,12,1.0
2025-06-15 20:00,-657.17,-660.7,-654.2,12,1.0
2025-06-15 21:00,-657.67,-659.3,-655.1,12,1.0
2025-06-15 22:00,-661.06,-665.0,-657.3,12,1.0
2025-06-15 23:00,-664.09,-668.6,-661.1,12,1.0
2025-06-16 00:00,-668.06,-672.4,-665.3,12,1.0
2025-06-16 01:00,-670.82,-674.2,-668.3,12,1.0
2025-06-16 02:00,-674.02,-675.6,-672.7,12,1.0
2025-06-16 03:00,-679.17,-681.9,-675.9,12,1.0
2025-06-16 04:00,-682.71,-686.6,-679.7,12,1.0
2025-06-16 05:00,-685.68,-689.0,-683.1,12,1.0
2025-06-16 06:00,-687.96,-690.1,-686.1,12,1.0
2025-06-16 07:00,-691.3,-694.5,-687.4,12,1.0
2025-06-16 08:00,-693.97,-696.8,-692.0,12,1.0
2025-06-16 09:00,-695.68,-698.9,-692.1,12,1.0
2025-06-16 10:00,-696.34,-698.9,-693.4,12,1.0
2025-06-16 11:00,-698.46,-701.1,-695.7,12,1.0
2025-06-16 12:00,-699.57,-701.6,-697.4,12,1.0
2025-06-16 13:00,-700.5,-702.3,-697.6,12,1.0
2025-06-16 14:00,-698.62,-700.2,-696.9,12,1.0
2025-06-16 15:00,-698.76,-701.1,-697.3,12,1.0
2025-06-16 16:00,-696.28,-697.9,-693.9,12,1.0
2025-06-16 17:00,-693.91,-696.8,-691.0,12,1.0
2025-06-16 18:00,-692.89,-695.2,-689.4,12,1.0
2025-06-16 19:00,-693.6,-697.1,-691.3,12,1.0
2025-06-16 20:00,-693.38,-696.0,-691.2,12,1.0
2025-06-16 21:00,-694.68,-696.0,-692.9,12,1.0
2025-06-16 22:00,-697.21,-699.7,-693.1,12,1.0
2025-06-16 23:00,-699.88,-703.2,-695.8,12,1.0
2025-06-17 00:00,-703.3,-706.8,-701.4,12,1.0
2025-06-17 01:00,-705.82,-709.2,-701.9,12,1.0
2025-06-17 02:00,-708.67,-711.9,-706.8,12,1.0
2025-06-17 03:00,-712.63,-714.8,-709.4,12,1.0
2025-06-17 04:00,-715.68,-719.3,-711.9,12,1.0
2025-06-17 05:00,-718.28,-720.9,-715.5,12,1.0
2025-06-17 06:00,-721.38,-724.3,-719.4,12,1.0
2025-06-17 07:00,-723.96,-727.4,-720.9,12,1.0
2025-06-17 08:00,-727.69,-730.8,-722.1,12,1.0
2025-06-17 09:00,-730.22,-734.5,-727.3,12,1.0
2025-06-17 10:00,-734.35,-739.4,-731.6,12,1.0
2025-06-17 11:00,-736.1,-740.3,-733.2,12,1.0
2025-06-17 12:00,-737.32,-740.3,-733.5,12,1.0
2025-06-17 13:00,-738.74,-741.3,-735.7,12,1.0
2025-06-17 14:00,-737.86,-739.9,-735.2,12,1.0
2025-06-17 15:00,-737.1,-739.4,-733.2,12,1.0
2025-06-17 16:00,-734.1,-736.9,-730.3,12,1.0
2025-06-17 17:00,-731.04,-733.2,-726.9,12,1.0
2025-06-17 18:00,-728.68,-732.3,-724.9,12,1.0
2025-06-17 19:00,-727.14,-730.6,-723.9,12,1.0
2025-06-17 20:00,-727.9,-730.8,-723.4,12,1.0
2025-06-17 21:00,-729.62,-732.3,-725.9,12,1.0
2025-06-17 22:00,-732.61,-736.0,-728.6,12,1.0
2025-06-17 23:00,-735.42,-737.7,-732.6,12,1.0
2025-06-18 00:00,-738.74,-743.4,-736.0,12,1.0
2025-06-18 01:00,-742.31,-744.4,-740.1,12,1.0
2025-06-18 02:00,-747.4,-750.8,-744.9,12,1.0
2025-06-18 03:00,-751.08,-754.2,-748.2,12,1.0
2025-06-18 04:00,-754.02,-757.0,-752.1,12,1.0
2025-06-18 05:00,-758.98,-762.1,-754.6,12,1.0
2025-06-18 06:00,-763.21,-766.6,-759.3,12,1.0
2025-06-18 07:00,-766.93,-770.2,-762.1,12,1.0
2025-06-18 08:00,-770.62,-775.9,-767.5,12,1.0
2025-06-18 09:00,-774.11,-778.0,-770.7,12,1.0
2025-06-18 10:00,-777.01,-781.1,-773.0,12,1.0
2025-06-18 11:00,-781.84,-786.5,-777.8,12,1.0
2025-06-18 12:00,-786.08,-791.2,-781.6,12,1.0
2025-06-18 13:00,-790.37,-793.6,-786.1,12,1.0
2025-06-18 14:00,-794.17,-797.8,-791.0,12,1.0
2025-06-18 15:00,-798.78,-801.1,-796.0,12,1.0
2025-06-18 16:00,-800.18,-803.9,-795.2,12,1.0
2025-06-18 17:00,-802.99,-805.6,-799.6,12,1.0
2025-06-18 18:00,-804.72,-810.2,-801.7,12,1.0
2025-06-18 19:00,-809.23,-811.5,-804.6,12,1.0
2025-06-18 20:00,-810.77,-813.8,-807.8,12,1.0
2025-06-18 21:00,-814.97,-818.6,-809.8,12,1.0
2025-06-18 22:00,-819.42,-823.0,-815.4,12,1.0
2025-06-18 23:00,-821.35,-827.2,-817.1,12,1.0
2025-06-19 00:00,-826.89,-831.4,-823.0,12,1.0
2025-06-19 01:00,-829.24,-834.4,-826.0,12,1.0
2025-06-19 02:00,-833.31,-836.0,-829.1,12,1.0
2025-06-19 03:00,-836.13,-840.0,-832.5,12,1.0
2025-06-19 04:00,-841.08,-844.3,-836.4,12,1.0
2025-06-19 05:00,-843.46,-847.4,-840.4,12,1.0
2025-06-19 06:00,-845.73,-847.8,-842.2,12,1.0
2025-06-19 07:00,-849.42,-856.2,-841.2,12,1.0
2025-06-19 08:00,-853.14,-857.2,-850.5,12,1.0
2025-06-19 09:00,-855.47,-861.6,-851.9,12,1.0
2025-06-19 10:00,-858.52,-862.2,-854.7,12,1.0
2025-06-19 11:00,-860.2,-863.4,-856.8,12,1.0
2025-06-19 12:00,-860.55,-863.2,-857.2,12,1.0
2025-06-19 13:00,-862.43,-864.8,-860.2,12,1.0
2025-06-19 14:00,-861.62,-864.6,-855.8,12,1.0
2025-06-19 15:00,-857.79,-861.8,-852.7,12,1.0
2025-06-19 16:00,-855.42,-859.4,-848.6,12,1.0
2025-06-19 17:00,-851.16,-857.6,-847.8,12,1.0
2025-06-19 18:00,-845.07,-850.5,-841.2,12,1.0
2025-06-19 19:00,-842.22,-846.4,-839.5,12,1.0
2025-06-19 20:00,-841.05,-845.5,-836.4,12,1.0
2025-06-19 21:00,-843.6,-849.8,-839.6,12,1.0
2025-06-19 22:00,-846.38,-850.1,-842.7,12,1.0
2025-06-19 23:00,-852.09,-856.2,-847.6,12,1.0
2025-06-20 00:00,-856.35,-866.2,-851.9,12,1.0
2025-06-20 01:00,-862.75,-866.8,-859.0,12,1.0
2025-06-20 02:00,-866.6,-870.0,-863.2,12,1.0
2025-06-20 03:00,-869.93,-874.4,-866.4,12,1.0
2025-06-20 04:00,-872.42,-876.2,-869.4,12,1.0
2025-06-20 05:00,-877.1,-879.8,-873.4,12,1.0
2025-06-20 06:00,-878.58,-883.5,-873.4,12,1.0
2025-06-20 07:00,-881.25,-884.1,-877.2,12,1.0
2025-06-20 08:00,-885.14,-890.4,-881.0,12,1.0
2025-06-20 09:00,-888.7,-892.9,-886.3,12,1.0
2025-06-20 10:00,-891.86,-895.4,-888.8,12,1.0
2025-06-20 11:00,-893.64,-896.8,-890.0,12,1.0
2025-06-20 12:00,-894.83,-901.6,-889.8,12,1.0
2025-06-20 13:00,-897.8,-903.0,-893.9,12,1.0
2025-06-20 14:00,-896.05,-900.7,-890.8,12,1.0
2025-06-20 15:00,-893.72,-896.4,-890.0,12,1.0
2025-06-20 16:00,-891.1,-893.9,-886.9,12,1.0
2025-06-20 17:00,-888.22,-893.5,-882.3,12,1.0
2025-06-20 18:00,-885.57,-889.0,-883.1,12,1.0
2025-06-20 19:00,-882.52,-885.7,-879.4,12,1.0
2025-06-20 20:00,-882.16,-884.1,-877.0,12,1.0
2025-06-20 21:00,-883.0,-888.0,-879.2,12,1.0
2025-06-20 22:00,-886.42,-892.7,-882.5,12,1.0
2025-06-20 23:00,-890.18,-896.8,-884.3,12,1.0
2025-06-21 00:00,-894.02,-900.7,-888.6,12,1.0
2025-06-21 01:00,-900.38,-904.9,-896.8,12,1.0
2025-06-21 02:00,-902.79,-907.2,-897.0,12,1.0
2025-06-21 03:00,-908.91,-918.7,-905.1,12,1.0
2025-06-21 04:00,-911.43,-915.2,-907.0,12,1.0
2025-06-21 05:00,-916.42,-920.2,-913.9,12,1.0
2025-06-21 06:00,-918.53,-923.8,-911.6,12,1.0
2025-06-21 07:00,-923.05,-927.9,-917.9,12,1.0
2025-06-21 08:00,-926.2,-933.0,-923.2,12,1.0
2025-06-21 09:00,-930.45,-936.5,-925.3,12,1.0
2025-06-21 10:00,-930.79,-934.5,-924.9,12,1.0
2025-06-21 11:00,-933.08,-936.3,-930.7,12,1.0
2025-06-21 12:00,-934.64,-937.1,-930.0,12,1.0
2025-06-21 13:00,-934.78,-938.8,-930.0,12,1.0
2025-06-21 14:00,-935.49,-941.2,-930.2,12,1.0
2025-06-21 15:00,-931.0,-934.1,-928.1,12,1.0
2025-06-21 16:00,-926.26,-930.2,-917.7,12,1.0
2025-06-21 17:00,-920.18,-927.5,-915.2,12,1.0
2025-06-21 18:00,-916.98,-923.6,-910.1,12,1.0
2025-06-21 19:00,-911.75,-917.7,-907.6,12,1.0
2025-06-21 20:00,-909.38,-914.9,-905.5,12,1.0
2025-06-21 21:00,-907.87,-912.4,-903.4,12,1.0
2025-06-21 22:00,-909.17,-913.5,-904.5,12,1.0
2025-06-21 23:00,-910.66,-913.9,-907.4,12,1.0
2025-06-22 00:00,-915.77,-923.2,-913.1,12,1.0
2025-06-22 01:00,-919.93,-924.3,-916.4,12,1.0
2025-06-22 02:00,-925.09,-930.0,-920.2,12,1.0
2025-06-22 03:00,-929.07,-933.0,-923.2,12,1.0
2025-06-22 04:00,-933.6,-937.1,-926.8,12,1.0
2025-06-22 05:00,-937.72,-942.1,-932.4,12,1.0
2025-06-22 06:00,-942.69,-945.4,-936.0,12,1.0
2025-06-22 07:00,-945.18,-950.4,-942.1,12,1.0
2025-06-22 08:00,-950.33,-957.0,-944.7,12,1.0
2025-06-22 09:00,-954.68,-958.5,-948.8,12,1.0
2025-06-22 10:00,-957.74,-963.2,-952.8,12,1.0
2025-06-22 11:00,-962.35,-964.9,-958.5,12,1.0
2025-06-22 12:00,-965.27,-968.3,-960.9,12,1.0
2025-06-22 13:00,-967.95,-971.4,-964.7,12,1.0
2025-06-22 14:00,-969.57,-972.7,-965.6,12,1.0
2025-06-22 15:00,-970.11,-977.0,-965.8,12,1.0
2025-06-22 16:00,-968.98,-972.5,-962.0,12,1.0
2025-06-22 17:00,-963.46,-970.1,-958.1,12,1.0
2025-06-22 18:00,-959.77,-968.9,-956.1,12,1.0
2025-06-22 19:00,-956.4,-962.7,-950.8,12,1.0
2025-06-22 20:00,-956.62,-962.3,-951.7,12,1.0
2025-06-22 21:00,-954.85,-959.6,-951.3,12,1.0
2025-06-22 22:00,-958.52,-963.2,-955.6,12,1.0
2025-06-22 23:00,-960.86,-966.5,-953.9,12,1.0
2025-06-23 00:00,-962.18,-966.5,-956.5,12,1.0
2025-06-23 01:00,-968.3,-971.6,-963.8,12,1.0
2025-06-23 02:00,-971.22,-975.7,-966.3,12,1.0
2025-06-23 03:00,-977.81,-981.5,-971.8,12,1.0
2025-06-23 04:00,-983.9,-991.3,-974.3,12,1.0
2025-06-23 05:00,-989.59,-993.6,-983.8,12,1.0
2025-06-23 06:00,-993.64,-998.8,-987.2,12,1.0
2025-06-23 07:00,-998.85,-1003.2,-992.2,12,1.0
2025-06-23 08:00,-1006.25,-1010.6,-1000.5,12,1.0
2025-06-23 09:00,-1009.33,-1016.7,-1002.3,12,1.0
2025-06-23 10:00,-1013.32,-1020.0,-1005.3,12,1.0
2025-06-23 11:00,-1018.45,-1025.4,-1012.3,12,1.0
2025-06-23 12:00,-1020.63,-1025.6,-1016.5,12,1.0
2025-06-23 13:00,-1020.35,-1027.8,-1012.5,12,1.0
2025-06-23 14:00,-1022.19,-1032.3,-1016.9,12,1.0
2025-06-23 15:00,-1022.52,-1025.9,-1018.3,12,1.0
2025-06-23 16:00,-1021.86,-1025.6,-1018.1,12,1.0
2025-06-23 17:00,-1019.83,-1022.8,-1016.2,12,1.0
2025-06-23 18:00,-1018.69,-1022.1,-1016.2,12,1.0
2025-06-23 19:00,-1016.06,-1022.3,-1008.1,12,1.0
2025-06-23 20:00,-1013.52,-1019.8,-1007.6,12,1.0
2025-06-23 21:00,-1012.48,-1018.6,-1006.5,12,1.0
2025-06-23 22:00,-1013.56,-1016.9,-1009.9,12,1.0
2025-06-23 23:00,-1016.96,-1023.3,-1012.0,12,1.0
2025-06-24 00:00,-1019.72,-1024.0,-1018.1,12,1.0
2025-06-24 01:00,-1026.08,-1032.5,-1021.4,12,1.0
2025-06-24 02:00,-1029.42,-1034.2,-1024.5,12,1.0
2025-06-24 03:00,-1036.0,-1044.7,-1027.1,12,1.0
2025-06-24 04:00,-1039.61,-1046.9,-1035.1,12,1.0
2025-06-24 05:00,-1044.93,-1052.9,-1039.7,12,1.0
2025-06-24 06:00,-1049.64,-1053.2,-1042.3,12,1.0
2025-06-24 07:00,-1052.76,-1056.3,-1049.8,12,1.0
2025-06-24 08:00,-1056.03,-1061.7,-1051.2,12,1.0
2025-06-24 09:00,-1059.02,-1062.4,-1050.3,12,1.0
2025-06-24 10:00,-1063.67,-1069.0,-1059.2,12,1.0
2025-06-24 11:00,-1067.19,-1072.5,-1062.9,12,1.0
2025-06-24 12:00,-1070.09,-1074.7,-1064.9,12,1.0
2025-06-24 13:00,-1071.49,-1077.4,-1066.1,12,1.0
2025-06-24 14:00,-1072.66,-1078.7,-1065.4,12,1.0
2025-06-24 15:00,-1073.18,-1080.2,-1065.8,12,1.0
2025-06-24 16:00,-1071.55,-1075.7,-1066.3,12,1.0
2025-06-24 17:00,-1066.52,-1074.5,-1059.7,12,1.0
2025-06-24 18:00,-1062.64,-1069.3,-1058.0,12,1.0
2025-06-24 19:00,-1059.64,-1066.8,-1053.4,12,1.0
2025-06-24 20:00,-1059.71,-1066.3,-1053.6,12,1.0
2025-06-24 21:00,-1059.63,-1063.6,-1054.6,12,1.0
2025-06-24 22:00,-1056.95,-1062.4,-1051.0,12,1.0
2025-06-24 23:00,-1061.35,-1069.0,-1058.3,12,1.0
2025-06-25 00:00,-1065.12,-1069.8,-1059.0,12,1.0
2025-06-25 01:00,-1071.51,-1079.2,-1064.9,12,1.0
2025-06-25 02:00,-1078.23,-1084.9,-1073.5,12,1.0
2025-06-25 03:00,-1082.02,-1087.2,-1075.2,12,1.0
2025-06-25 04:00,-1087.82,-1092.7,-1077.4,12,1.0
2025-06-25 05:00,-1091.58,-1096.0,-1084.2,12,1.0
2025-06-25 06:00,-1097.49,-1101.5,-1091.7,12,1.0
2025-06-25 07:00,-1100.79,-1108.4,-1092.2,12,1.0
2025-06-25 08:00,-1102.89,-1107.1,-1097.0,12,1.0
2025-06-25 09:00,-1108.44,-1114.0,-1098.7,12,1.0
2025-06-25 10:00,-1112.76,-1121.0,-1104.6,12,1.0
2025-06-25 11:00,-1116.56,-1123.0,-1109.4,12,1.0
2025-06-25 12:00,-1118.75,-1123.3,-1111.2,12,1.0
2025-06-25 13:00,-1120.97,-1126.7,-1114.5,12,1.0
2025-06-25 14:00,-1120.82,-1126.9,-1115.1,12,1.0
2025-06-25 15:00,-1120.77,-1127.7,-1114.0,12,1.0
2025-06-25 16:00,-1119.77,-1125.4,-1113.5,12,1.0
2025-06-25 17:00,-1115.64,-1123.8,-1110.2,12,1.0
2025-06-25 18:00,-1112.89,-1119.4,-1103.3,12,1.0
2025-06-25 19:00,-1107.81,-1114.0,-1102.0,12,1.0
2025-06-25 20:00,-1106.86,-1111.5,-1103.6,12,1.0
2025-06-25 21:00,-1104.24,-1109.2,-1100.0,12,1.0
2025-06-25 22:00,-1102.68,-1107.9,-1099.5,12,1.0
2025-06-25 23:00,-1105.24,-1111.5,-1096.7,12,1.0
2025-06-26 00:00,-1108.27,-1117.9,-1103.3,12,1.0
2025-06-26 01:00,-1111.32,-1116.9,-1106.1,12,1.0
2025-06-26 02:00,-1113.45,-1121.0,-1108.7,12,1.0
2025-06-26 03:00,-1119.08,-1124.9,-1112.5,12,1.0
2025-06-26 04:00,-1122.13,-1130.6,-1116.9,12,1.0
2025-06-26 05:00,-1127.32,-1133.4,-1117.9,12,1.0
2025-06-26 06:00,-1133.32,-1138.9,-1121.5,12,1.0
2025-06-26 07:00,-1134.77,-1140.0,-1130.3,12,1.0
2025-06-26 08:00,-1139.63,-1151.3,-1132.6,12,1.0
2025-06-26 09:00,-1141.09,-1150.0,-1132.9,12,1.0
2025-06-26 10:00,-1143.29,-1151.1,-1138.4,12,1.0
2025-06-26 11:00,-1145.72,-1151.6,-1136.0,12,1.0
2025-06-26 12:00,-1150.55,-1152.6,-1147.6,12,1.0
2025-06-26 13:00,-1146.98,-1155.3,-1138.4,12,1.0
2025-06-26 14:00,-1147.99,-1151.8,-1143.4,12,1.0
2025-06-26 15:00,-1146.93,-1152.9,-1136.8,12,1.0
2025-06-26 16:00,-1143.45,-1150.8,-1140.0,12,1.0
2025-06-26 17:00,-1139.2,-1147.9,-1128.0,12,1.0
2025-06-26 18:00,-1135.18,-1141.8,-1131.1,12,1.0
2025-06-26 19:00,-1132.58,-1138.4,-1128.7,12,1.0
2025-06-26 20:00,-1127.53,-1135.3,-1119.4,12,1.0
2025-06-26 21:00,-1124.97,-1130.8,-1119.4,12,1.0
2025-06-26 22:00,-1125.97,-1130.0,-1121.7,12,1.0
2025-06-26 23:00,-1126.48,-1134.2,-1116.6,12,1.0
2025-06-27 00:00,-1129.82,-1136.0,-1116.6,12,1.0
2025-06-27 01:00,-1133.97,-1138.7,-1129.8,12,1.0
2025-06-27 02:00,-1138.26,-1147.6,-1134.0,12,1.0
2025-06-27 03:00,-1142.44,-1146.3,-1136.6,12,1.0
2025-06-27 04:00,-1147.14,-1152.4,-1140.8,12,1.0
2025-06-27 05:00,-1155.33,-1163.3,-1148.9,12,1.0
2025-06-27 06:00,-1160.18,-1165.7,-1155.0,12,1.0
2025-06-27 07:00,-1164.14,-1173.5,-1153.7,12,1.0
2025-06-27 08:00,-1169.41,-1178.4,-1161.4,12,1.0
2025-06-27 09:00,-1173.78,-1179.2,-1167.9,12,1.0
2025-06-27 10:00,-1174.03,-1180.6,-1168.1,12,1.0
2025-06-27 11:00,-1179.02,-1185.5,-1174.1,12,1.0
2025-06-27 12:00,-1180.06,-1185.5,-1175.4,12,1.0
2025-06-27 13:00,-1182.32,-1186.8,-1171.1,12,1.0
2025-06-27 14:00,-1180.58,-1186.3,-1171.1,12,1.0
2025-06-27 15:00,-1182.51,-1189.0,-1173.8,12,1.0
2025-06-27 16:00,-1178.23,-1185.8,-1171.1,12,1.0
2025-06-27 17:00,-1175.27,-1181.7,-1169.5,12,1.0
2025-06-27 18:00,-1171.64,-1176.8,-1167.9,12,1.0
2025-06-27 19:00,-1167.28,-1177.6,-1159.3,12,1.0
2025-06-27 20:00,-1163.72,-1171.9,-1155.6,12,1.0
2025-06-27 21:00,-1162.77,-1168.4,-1156.4,12,1.0
2025-06-27 22:00,-1163.9,-1171.9,-1158.5,12,1.0
2025-06-27 23:00,-1162.73,-1172.7,-1158.2,12,1.0
2025-06-28 00:00,-1165.39,-1169.5,-1159.3,12,1.0
2025-06-28 01:00,-1166.21,-1174.1,-1161.2,12,1.0
2025-06-28 02:00,-1173.97,-1180.0,-1167.3,12,1.0
2025-06-28 03:00,-1176.85,-1187.9,-1168.4,12,1.0
2025-06-28 04:00,-1183.92,-1190.4,-1175.4,12,1.0
2025-06-28 05:00,-1183.31,-1187.7,-1178.7,12,1.0
2025-06-28 06:00,-1188.08,-1194.3,-1182.8,12,1.0
2025-06-28 07:00,-1194.64,-1198.4,-1188.5,12,1.0
2025-06-28 08:00,-1199.84,-1208.6,-1191.5,12,1.0
2025-06-28 09:00,-1208.11,-1214.2,-1199.8,12,1.0
2025-06-28 10:00,-1210.89,-1224.6,-1195.6,12,1.0
2025-06-28 11:00,-1211.98,-1219.0,-1198.7,12,1.0
2025-06-28 12:00,-1218.41,-1223.5,-1210.3,12,1.0
2025-06-28 13:00,-1219.95,-1224.6,-1216.5,12,1.0
2025-06-28 14:00,-1216.39,-1221.2,-1208.6,12,1.0
2025-06-28 15:00,-1213.13,-1220.9,-1205.9,12,1.0
2025-06-28 16:00,-1209.13,-1216.2,-1200.3,12,1.0
2025-06-28 17:00,-1202.92,-1215.3,-1193.4,12,1.0
2025-06-28 18:00,-1194.72,-1201.1,-1189.3,12,1.0
2025-06-28 19:00,-1189.79,-1195.6,-1184.7,12,1.0
2025-06-28 20:00,-1189.13,-1197.6,-1182.8,12,1.0
2025-06-28 21:00,-1187.39,-1195.1,-1179.0,12,1.0
2025-06-28 22:00,-1185.36,-1189.3,-1177.6,12,1.0
2025-06-28 23:00,-1190.67,-1196.5,-1186.0,12,1.0
2025-06-29 00:00,-1195.32,-1202.0,-1186.0,12,1.0
2025-06-29 01:00,-1201.67,-1212.3,-1194.3,12,1.0
2025-06-29 02:00,-1208.59,-1215.6,-1201.1,12,1.0
2025-06-29 03:00,-1215.41,-1219.8,-1208.1,12,1.0
2025-06-29 04:00,-1221.14,-1226.9,-1215.1,12,1.0
2025-06-29 05:00,-1230.63,-1239.6,-1224.3,12,1.0
2025-06-29 06:00,-1237.66,-1243.6,-1232.2,12,1.0
2025-06-29 07:00,-1241.27,-1247.9,-1235.7,12,1.0
2025-06-29 08:00,-1245.77,-1250.2,-1240.5,12,1.0
2025-06-29 09:00,-1248.82,-1252.6,-1245.4,12,1.0
2025-06-29 10:00,-1254.01,-1263.6,-1245.1,12,1.0
2025-06-29 11:00,-1255.51,-1263.0,-1247.9,12,1.0
2025-06-29 12:00,-1258.83,-1267.1,-1253.7,12,1.0
2025-06-29 13:00,-1260.64,-1267.9,-1254.6,12,1.0
2025-06-29 14:00,-1257.82,-1261.5,-1254.3,12,1.0
2025-06-29 15:00,-1255.69,-1265.0,-1247.1,12,1.0
2025-06-29 16:00,-1253.58,-1264.1,-1245.4,12,1.0
2025-06-29 17:00,-1251.07,-1259.8,-1241.6,12,1.0
2025-06-29 18:00,-1247.64,-1254.3,-1235.1,12,1.0
2025-06-29 19:00,-1240.67,-1246.5,-1234.5,12,1.0
2025-06-29 20:00,-1238.19,-1244.2,-1227.4,12,1.0
2025-06-29 21:00,-1239.88,-1244.2,-1235.4,12,1.0
2025-06-29 22:00,-1240.78,-1247.1,-1231.4,12,1.0
2025-06-29 23:00,-1242.01,-1252.0,-1234.2,12,1.0
2025-06-30 00:00,-1244.3,-1247.4,-1239.4,12,1.0
2025-06-30 01:00,-1248.91,-1257.5,-1242.2,12,1.0
2025-06-30 02:00,-1254.23,-1260.1,-1248.2,12,1.0
2025-06-30 03:00,-1260.66,-1266.8,-1253.7,12,1.0
2025-06-30 04:00,-1264.85,-1269.1,-1258.0,12,1.0
2025-06-30 05:00,-1269.68,-1274.7,-1264.1,12,1.0
2025-06-30 06:00,-1272.4,-1278.5,-1266.5,12,1.0
2025-06-30 07:00,-1277.4,-1286.5,-1271.1,12,1.0
2025-06-30 08:00,-1282.92,-1289.7,-1277.9,12,1.0
2025-06-30 09:00,-1287.65,-1292.4,-1284.1,12,1.0
2025-06-30 10:00,-1289.82,-1299.6,-1283.2,12,1.0
2025-06-30 11:00,-1292.64,-1300.5,-1280.8,12,1.0
2025-06-30 12:00,-1291.82,-1297.5,-1284.1,12,1.0
2025-06-30 13:00,-1293.93,-1302.6,-1286.8,12,1.0
2025-06-30 14:00,-1295.3,-1307.7,-1290.3,12,1.0
2025-06-30 15:00,-1295.2,-1299.9,-1289.1,12,1.0
2025-06-30 16:00,-1290.12,-1300.5,-1280.0,12,1.0
2025-06-30 17:00,-1282.59,-1291.2,-1271.7,12,1.0
2025-06-30 18:00,-1277.98,-1289.1,-1260.9,12,1.0
2025-06-30 19:00,-1272.22,-1276.4,-1267.3,12,1.0
2025-06-30 20:00,-1267.3,-1272.9,-1263.0,12,1.0
2025-06-30 21:00,-1268.68,-1279.7,-1261.8,12,1.0
2025-06-30 22:00,-1268.18,-1276.7,-1258.3,12,1.0
2025-06-30 23:00,-1267.76,-1279.7,-1255.1,12,1.0
2025-07-01 00:00,-1269.76,-1278.2,-1262.1,12,1.0
2025-07-01 01:00,-1271.89,-1273.5,-1269.7,12,1.0
2025-07-01 02:00,-1276.36,-1283.8,-1263.3,12,1.0
2025-07-01 03:00,-1279.58,-1286.5,-1275.0,12,1.0
2025-07-01 04:00,-1284.46,-1289.7,-1279.1,12,1.0
2025-07-01 05:00,-1291.22,-1299.6,-1285.0,12,1.0
2025-07-01 06:00,-1298.23,-1305.3,-1292.7,12,1.0
2025-07-01 07:00,-1302.76,-1311.9,-1285.9,12,1.0
2025-07-01 08:00,-1310.81,-1318.9,-1301.1,12,1.0
2025-07-01 09:00,-1316.17,-1325.2,-1308.0,12,1.0
2025-07-01 10:00,-1319.32,-1331.4,-1306.8,12,1.0
2025-07-01 11:00,-1323.58,-1331.4,-1318.5,12,1.0
2025-07-01 12:00,-1325.46,-1332.3,-1320.1,12,1.0
2025-07-01 13:00,-1324.98,-1332.3,-1319.5,12,1.0
2025-07-01 14:00,-1324.32,-1332.6,-1315.8,12,1.0
2025-07-01 15:00,-1324.59,-1330.7,-1315.8,12,1.0
2025-07-01 16:00,-1323.56,-1334.4,-1311.9,12,1.0
2025-07-01 17:00,-1315.79,-1323.7,-1308.6,12,1.0
2025-07-01 18:00,-1314.05,-1319.8,-1301.4,12,1.0
2025-07-01 19:00,-1310.35,-1316.1,-1302.3,12,1.0
2025-07-01 20:00,-1307.92,-1314.0,-1298.1,12,1.0
2025-07-01 21:00,-1307.36,-1320.1,-1298.1,12,1.0
2025-07-01 22:00,-1310.35,-1317.6,-1302.3,12,1.0
2025-07-01 23:00,-1306.38,-1317.3,-1295.4,12,1.0
2025-07-02 00:00,-1310.96,-1320.1,-1301.4,12,1.0
2025-07-02 01:00,-1317.32,-1325.5,-1306.5,12,1.0
2025-07-02 02:00,-1320.85,-1328.6,-1316.1,12,1.0
2025-07-02 03:00,-1326.69,-1332.9,-1321.9,12,1.0
2025-07-02 04:00,-1329.67,-1339.0,-1320.1,12,1.0
2025-07-02 05:00,-1335.9,-1348.0,-1326.8,12,1.0
2025-07-02 06:00,-1340.43,-1352.7,-1332.9,12,1.0
2025-07-02 07:00,-1347.19,-1353.0,-1342.4,12,1.0
2025-07-02 08:00,-1349.66,-1357.4,-1337.5,12,1.0
2025-07-02 09:00,-1356.39,-1363.3,-1350.8,12,1.0
2025-07-02 10:00,-1358.0,-1370.2,-1350.8,12,1.0
2025-07-02 11:00,-1362.88,-1369.0,-1351.7,12,1.0
2025-07-02 12:00,-1366.25,-1376.6,-1354.9,12,1.0
2025-07-02 13:00,-1364.73,-1370.9,-1359.6,12,1.0
2025-07-02 14:00,-1369.37,-1380.1,-1360.2,12,1.0
2025-07-02 15:00,-1365.74,-1376.6,-1356.1,12,1.0
2025-07-02 16:00,-1362.04,-1366.8,-1358.0,12,1.0
2025-07-02 17:00,-1362.54,-1372.4,-1353.3,12,1.0
2025-07-02 18:00,-1357.32,-1363.9,-1348.0,12,1.0
2025-07-02 19:00,-1354.05,-1359.2,-1346.8,12,1.0
2025-07-02 20:00,-1351.22,-1359.6,-1345.2,12,1.0
2025-07-02 21:00,-1348.52,-1355.8,-1340.9,12,1.0
2025-07-02 22:00,-1349.02,-1355.2,-1340.6,12,1.0
2025-07-02 23:00,-1353.11,-1361.1,-1345.5,12,1.0
2025-07-03 00:00,-1355.03,-1364.9,-1345.8,12,1.0
2025-07-03 01:00,-1360.68,-1368.0,-1353.3,12,1.0
2025-07-03 02:00,-1364.91,-1376.2,-1354.9,12,1.0
2025-07-03 03:00,-1370.02,-1380.7,-1359.6,12,1.0
2025-07-03 04:00,-1377.32,-1389.6,-1364.6,12,1.0
2025-07-03 05:00,-1380.8,-1395.1,-1369.6,12,1.0
2025-07-03 06:00,-1383.02,-1393.5,-1371.5,12,1.0
2025-07-03 07:00,-1393.86,-1401.5,-1382.6,12,1.0
2025-07-03 08:00,-1395.83,-1409.3,-1386.7,12,1.0
2025-07-03 09:00,-1401.12,-1414.2,-1391.9,12,1.0
2025-07-03 10:00,-1404.7,-1410.6,-1394.4,12,1.0
2025-07-03 11:00,-1406.94,-1418.1,-1399.3,12,1.0
2025-07-03 12:00,-1409.02,-1418.1,-1398.0,12,1.0
2025-07-03 13:00,-1407.5,-1414.5,-1399.6,12,1.0
2025-07-03 14:00,-1407.99,-1417.1,-1399.9,12,1.0
2025-07-03 15:00,-1407.69,-1414.2,-1402.5,12,1.0
2025-07-03 16:00,-1406.34,-1413.5,-1398.0,12,1.0
2025-07-03 17:00,-1400.7,-1408.3,-1390.3,12,1.0
2025-07-03 18:00,-1399.96,-1407.3,-1385.8,12,1.0
2025-07-03 19:00,-1395.77,-1403.8,-1385.8,12,1.0
2025-07-03 20:00,-1395.71,-1407.7,-1387.7,12,1.0
2025-07-03 21:00,-1396.39,-1406.0,-1384.5,12,1.0
2025-07-03 22:00,-1396.15,-1401.8,-1389.0,12,1.0
2025-07-03 23:00,-1398.77,-1402.8,-1393.1,12,1.0
2025-07-04 00:00,-1403.56,-1412.2,-1397.0,12,1.0
2025-07-04 01:00,-1406.33,-1414.5,-1397.0,12,1.0
2025-07-04 02:00,-1414.31,-1421.3,-1407.3,12,1.0
2025-07-04 03:00,-1419.98,-1427.6,-1408.3,12,1.0
2025-07-04 04:00,-1427.22,-1435.5,-1416.1,12,1.0
2025-07-04 05:00,-1430.66,-1442.8,-1418.7,12,1.0
2025-07-04 06:00,-1436.83,-1443.8,-1424.9,12,1.0
2025-07-04 07:00,-1441.58,-1452.4,-1426.9,12,1.0
2025-07-04 08:00,-1450.63,-1461.5,-1446.1,12,1.0
2025-07-04 09:00,-1451.66,-1465.9,-1440.1,12,1.0
2025-07-04 10:00,-1461.09,-1467.9,-1447.8,12,1.0
2025-07-04 11:00,-1468.38,-1490.0,-1460.5,12,1.0
2025-07-04 12:00,-1470.14,-1478.8,-1459.5,12,1.0
2025-07-04 13:00,-1471.43,-1482.8,-1459.1,12,1.0
2025-07-04 14:00,-1472.32,-1480.1,-1464.9,12,1.0
2025-07-04 15:00,-1471.46,-1482.8,-1462.2,12,1.0
2025-07-04 16:00,-1470.58,-1480.5,-1463.2,12,1.0
2025-07-04 17:00,-1465.93,-1475.4,-1456.1,12,1.0
2025-07-04 18:00,-1462.2,-1474.0,-1455.1,12,1.0
2025-07-04 19:00,-1460.41,-1470.6,-1446.8,12,1.0
2025-07-04 20:00,-1461.34,-1472.6,-1455.4,12,1.0
2025-07-04 21:00,-1462.07,-1470.3,-1452.1,12,1.0
2025-07-04 22:00,-1464.91,-1471.6,-1449.4,12,1.0
2025-07-04 23:00,-1465.23,-1476.4,-1458.1,12,1.0
2025-07-05 00:00,-1471.06,-1476.7,-1466.2,12,1.0
2025-07-05 01:00,-1474.47,-1479.4,-1464.9,12,1.0
2025-07-05 02:00,-1484.6,-1497.6,-1476.7,12,1.0
2025-07-05 03:00,-1491.95,-1500.4,-1485.2,12,1.0
2025-07-05 04:00,-1496.37,-1505.6,-1488.3,12,1.0
2025-07-05 05:00,-1500.97,-1510.4,-1491.7,12,1.0
2025-07-05 06:00,-1511.0,-1519.5,-1501.7,12,1.0
2025-07-05 07:00,-1513.46,-1523.3,-1507.6,12,1.0
2025-07-05 08:00,-1524.26,-1536.7,-1510.8,12,1.0
2025-07-05 09:00,-1524.25,-1533.9,-1511.1,12,1.0
2025-07-05 10:00,-1530.45,-1543.5,-1521.6,12,1.0
2025-07-05 11:00,-1535.07,-1546.7,-1527.6,12,1.0
2025-07-05 12:00,-1533.27,-1544.5,-1526.8,12,1.0
2025-07-05 13:00,-1536.11,-1541.3,-1524.0,12,1.0
2025-07-05 14:00,-1534.74,-1542.0,-1527.6,12,1.0
2025-07-05 15:00,-1534.52,-1543.8,-1527.9,12,1.0
2025-07-05 16:00,-1536.31,-1541.3,-1529.0,12,1.0
2025-07-05 17:00,-1531.45,-1543.1,-1523.3,12,1.0
2025-07-05 18:00,-1531.31,-1546.7,-1525.1,12,1.0
2025-07-05 19:00,-1531.82,-1541.7,-1522.6,12,1.0
2025-07-05 20:00,-1534.88,-1542.0,-1519.5,12,1.0
2025-07-05 21:00,-1535.7,-1548.8,-1523.7,12,1.0
2025-07-05 22:00,-1537.84,-1544.2,-1527.9,12,1.0
2025-07-05 23:00,-1541.4,-1552.7,-1534.6,12,1.0
2025-07-06 00:00,-1542.85,-1551.7,-1531.1,12,1.0
2025-07-06 01:00,-1550.1,-1559.2,-1541.0,12,1.0
2025-07-06 02:00,-1556.93,-1562.4,-1549.5,12,1.0
2025-07-06 03:00,-1565.9,-1574.3,-1558.5,12,1.0
2025-07-06 04:00,-1570.18,-1586.7,-1558.1,12,1.0
2025-07-06 05:00,-1572.04,-1580.5,-1557.7,12,1.0
2025-07-06 06:00,-1582.42,-1599.5,-1573.2,12,1.0
2025-07-06 07:00,-1592.6,-1609.1,-1580.1,12,1.0
2025-07-06 08:00,-1597.12,-1611.4,-1587.4,12,1.0
2025-07-06 09:00,-1605.58,-1617.7,-1596.6,12,1.0
2025-07-06 10:00,-1611.56,-1630.0,-1601.0,12,1.0
2025-07-06 11:00,-1618.62,-1624.8,-1608.0,12,1.0
2025-07-06 12:00,-1617.71,-1625.9,-1595.9,12,1.0
2025-07-06 13:00,-1622.43,-1632.3,-1605.4,12,1.0
2025-07-06 14:00,-1621.49,-1628.9,-1609.9,12,1.0
2025-07-06 15:00,-1623.6,-1630.4,-1612.1,12,1.0
2025-07-06 16:00,-1621.91,-1636.8,-1605.8,12,1.0
2025-07-06 17:00,-1616.52,-1625.2,-1609.5,12,1.0
2025-07-06 18:00,-1613.36,-1622.9,-1597.3,12,1.0
2025-07-06 19:00,-1611.82,-1618.1,-1598.8,12,1.0
2025-07-06 20:00,-1613.18,-1628.9,-1598.8,12,1.0
2025-07-06 21:00,-1616.83,-1624.8,-1597.7,12,1.0
2025-07-06 22:00,-1621.21,-1630.0,-1603.2,12,1.0
2025-07-06 23:00,-1621.68,-1633.0,-1615.8,12,1.0
2025-07-07 00:00,-1635.79,-1645.1,-1625.9,12,1.0
2025-07-07 01:00,-1642.98,-1651.6,-1627.8,12,1.0
2025-07-07 02:00,-1650.31,-1659.6,-1639.4,12,1.0
2025-07-07 03:00,-1654.08,-1667.6,-1647.4,12,1.0
2025-07-07 04:00,-1661.65,-1672.2,-1654.6,12,1.0
2025-07-07 05:00,-1670.51,-1679.2,-1655.0,12,1.0
2025-07-07 06:00,-1677.68,-1688.9,-1668.0,12,1.0
2025-07-07 07:00,-1683.38,-1693.9,-1674.2,12,1.0
2025-07-07 08:00,-1685.78,-1696.7,-1676.1,12,1.0
2025-07-07 09:00,-1692.92,-1709.6,-1678.8,12,1.0
2025-07-07 10:00,-1702.92,-1716.7,-1692.4,12,1.0
2025-07-07 11:00,-1705.55,-1710.0,-1699.4,12,1.0
2025-07-07 12:00,-1708.79,-1718.7,-1695.1,12,1.0
2025-07-07 13:00,-1717.08,-1731.0,-1710.8,12,1.0
2025-07-07 14:00,-1727.63,-1738.6,-1719.5,12,1.0
2025-07-07 15:00,-1730.31,-1742.2,-1720.3,12,1.0
2025-07-07 16:00,-1727.22,-1741.8,-1715.1,12,1.0
2025-07-07 17:00,-1732.0,-1740.6,-1725.4,12,1.0
2025-07-07 18:00,-1731.53,-1747.4,-1722.6,12,1.0
2025-07-07 19:00,-1736.07,-1742.6,-1730.6,12,1.0
2025-07-07 20:00,-1743.48,-1754.7,-1735.4,12,1.0
2025-07-07 21:00,-1749.03,-1761.6,-1741.8,12,1.0
2025-07-07 22:00,-1756.84,-1769.3,-1742.6,12,1.0
2025-07-07 23:00,-1759.28,-1768.5,-1748.6,12,1.0
2025-07-08 00:00,-1768.68,-1783.2,-1758.7,12,1.0
2025-07-08 01:00,-1776.5,-1784.4,-1764.4,12,1.0
2025-07-08 02:00,-1779.88,-1791.4,-1770.5,12,1.0
2025-07-08 03:00,-1790.16,-1800.9,-1770.9,12,1.0
2025-07-08 04:00,-1793.22,-1808.8,-1771.7,12,1.0
2025-07-08 05:00,-1802.52,-1813.0,-1795.1,12,1.0
2025-07-08 06:00,-1803.74,-1811.7,-1796.4,12,1.0
2025-07-08 07:00,-1809.32,-1824.3,-1796.4,12,1.0
2025-07-08 08:00,-1818.91,-1828.5,-1805.9,12,1.0
2025-07-08 09:00,-1823.52,-1829.3,-1814.2,12,1.0
2025-07-08 10:00,-1822.89,-1839.1,-1809.7,12,1.0
2025-07-08 11:00,-1826.88,-1835.7,-1813.4,12,1.0
2025-07-08 12:00,-1834.9,-1853.5,-1819.3,12,1.0
2025-07-08 13:00,-1837.35,-1848.4,-1827.7,12,1.0
2025-07-08 14:00,-1843.42,-1851.4,-1833.6,12,1.0
2025-07-08 15:00,-1843.14,-1854.8,-1834.0,12,1.0
2025-07-08 16:00,-1842.9,-1852.7,-1833.1,12,1.0
2025-07-08 17:00,-1849.4,-1868.9,-1828.9,12,1.0
2025-07-08 18:00,-1851.66,-1867.2,-1831.5,12,1.0
2025-07-08 19:00,-1858.6,-1876.3,-1842.9,12,1.0
2025-07-08 20:00,-1865.81,-1875.8,-1852.7,12,1.0
2025-07-08 21:00,-1877.72,-1889.7,-1862.9,12,1.0
2025-07-08 22:00,-1884.85,-1894.1,-1867.7,12,1.0
2025-07-08 23:00,-1890.71,-1904.1,-1877.6,12,1.0
2025-07-09 00:00,-1901.15,-1913.8,-1884.9,12,1.0
2025-07-09 01:00,-1916.88,-1942.7,-1903.7,12,1.0
2025-07-09 02:00,-1924.76,-1945.3,-1907.6,12,1.0
2025-07-09 03:00,-1932.15,-1942.2,-1920.4,12,1.0
2025-07-09 04:00,-1944.78,-1958.8,-1935.1,12,1.0
2025-07-09 05:00,-1954.5,-1971.5,-1939.5,12,1.0
2025-07-09 06:00,-1962.12,-1985.2,-1940.9,12,1.0
2025-07-09 07:00,-1968.3,-1979.7,-1954.8,12,1.0
2025-07-09 08:00,-1979.62,-2001.2,-1967.9,12,1.0
2025-07-09 09:00,-1989.59,-2003.5,-1975.1,12,1.0
2025-07-09 10:00,-1991.71,-2012.3,-1980.6,12,1.0
2025-07-09 11:00,-2000.4,-2016.0,-1986.1,12,1.0
2025-07-09 12:00,-1997.75,-2014.2,-1984.2,12,1.0
2025-07-09 13:00,-2000.17,-2018.8,-1985.6,12,1.0
2025-07-09 14:00,-2004.46,-2017.0,-1992.9,12,1.0
2025-07-09 15:00,-1992.82,-2006.8,-1984.2,12,1.0
2025-07-09 16:00,-1994.89,-2005.8,-1978.3,12,1.0
2025-07-09 17:00,-1993.59,-2007.2,-1971.5,12,1.0
2025-07-09 18:00,-1992.48,-2009.1,-1976.0,12,1.0
2025-07-09 19:00,-1995.68,-2004.5,-1987.0,12,1.0
2025-07-09 20:00,-2010.26,-2032.3,-1994.8,12,1.0
2025-07-09 21:00,-2016.11,-2038.9,-2004.0,12,1.0
2025-07-09 22:00,-2026.67,-2043.1,-2017.0,12,1.0
2025-07-09 23:00,-2033.71,-2058.7,-2010.5,12,1.0
2025-07-10 00:00,-2047.9,-2066.3,-2034.7,12,1.0
2025-07-10 01:00,-2058.56,-2064.9,-2046.4,12,1.0
2025-07-10 02:00,-2062.79,-2086.9,-2033.3,12,1.0
2025-07-10 03:00,-2063.11,-2084.0,-2045.5,12,1.0
2025-07-10 04:00,-2076.58,-2099.9,-2062.5,12,1.0
2025-07-10 05:00,-2089.57,-2108.1,-2077.3,12,1.0
2025-07-10 06:00,-2096.21,-2109.6,-2079.2,12,1.0
2025-07-10 07:00,-2101.21,-2114.9,-2073.5,12,1.0
2025-07-10 08:00,-2108.07,-2124.2,-2097.5,12,1.0
2025-07-10 09:00,-2111.88,-2130.6,-2089.8,12,1.0
2025-07-10 10:00,-2115.9,-2134.5,-2087.8,12,1.0
2025-07-10 11:00,-2118.63,-2138.9,-2102.8,12,1.0
2025-07-10 12:00,-2118.11,-2135.0,-2109.1,12,1.0
2025-07-10 13:00,-2110.66,-2128.6,-2096.5,12,1.0
2025-07-10 14:00,-2108.53,-2130.1,-2084.0,12,1.0
2025-07-10 15:00,-2093.63,-2119.8,-2080.2,12,1.0
2025-07-10 16:00,-2080.36,-2100.9,-2063.0,12,1.0
2025-07-10 17:00,-2071.41,-2089.3,-2059.7,12,1.0
2025-07-10 18:00,-2072.97,-2084.9,-2057.3,12,1.0
2025-07-10 19:00,-2065.29,-2073.9,-2055.9,12,1.0
2025-07-10 20:00,-2071.23,-2100.4,-2059.2,12,1.0
2025-07-10 21:00,-2074.59,-2088.3,-2060.1,12,1.0
2025-07-10 22:00,-2077.06,-2089.3,-2069.2,12,1.0
2025-07-10 23:00,-2085.17,-2097.0,-2063.0,12,1.0
2025-07-11 00:00,-2100.32,-2120.3,-2084.9,12,1.0
2025-07-11 01:00,-2108.77,-2128.1,-2083.0,12,1.0
2025-07-11 02:00,-2117.23,-2132.0,-2104.7,12,1.0
2025-07-11 03:00,-2127.37,-2141.9,-2109.1,12,1.0
2025-07-11 04:00,-2136.58,-2157.7,-2120.3,12,1.0
2025-07-11 05:00,-2136.08,-2162.2,-2119.3,12,1.0
2025-07-11 06:00,-2146.22,-2162.7,-2133.0,12,1.0
2025-07-11 07:00,-2153.44,-2172.7,-2130.6,12,1.0
2025-07-11 08:00,-2159.94,-2178.7,-2142.9,12,1.0
2025-07-11 09:00,-2161.03,-2175.7,-2131.5,12,1.0
2025-07-11 10:00,-2170.01,-2190.3,-2151.8,12,1.0
2025-07-11 11:00,-2161.01,-2171.7,-2150.3,12,1.0
2025-07-11 12:00,-2162.38,-2181.2,-2150.3,12,1.0
2025-07-11 13:00,-2156.27,-2174.7,-2137.4,12,1.0
2025-07-11 14:00,-2158.33,-2181.7,-2146.3,12,1.0
2025-07-11 15:00,-2139.08,-2159.7,-2120.8,12,1.0
2025-07-11 16:00,-2131.17,-2155.2,-2117.4,12,1.0
2025-07-11 17:00,-2117.28,-2144.3,-2098.0,12,1.0
2025-07-11 18:00,-2109.07,-2122.7,-2093.6,12,1.0
2025-07-11 19:00,-2107.67,-2130.1,-2083.0,12,1.0
2025-07-11 20:00,-2103.29,-2113.0,-2087.8,12,1.0
2025-07-11 21:00,-2106.42,-2125.2,-2091.2,12,1.0
2025-07-11 22:00,-2104.8,-2134.0,-2087.8,12,1.0
2025-07-11 23:00,-2111.99,-2144.8,-2094.1,12,1.0
2025-07-12 00:00,-2117.5,-2127.1,-2098.0,12,1.0
2025-07-12 01:00,-2128.58,-2146.8,-2119.3,12,1.0
2025-07-12 02:00,-2129.88,-2137.9,-2107.6,12,1.0
2025-07-12 03:00,-2128.74,-2140.9,-2116.4,12,1.0
2025-07-12 04:00,-2139.8,-2154.7,-2123.7,12,1.0
2025-07-12 05:00,-2147.12,-2159.7,-2130.1,12,1.0
2025-07-12 06:00,-2156.04,-2174.7,-2137.9,12,1.0
2025-07-12 07:00,-2160.4,-2171.7,-2132.0,12,1.0
2025-07-12 08:00,-2162.07,-2176.7,-2142.4,12,1.0
2025-07-12 09:00,-2175.41,-2185.7,-2163.2,12,1.0
2025-07-12 10:00,-2174.92,-2195.8,-2151.8,12,1.0
2025-07-12 11:00,-2176.92,-2198.3,-2157.2,12,1.0
2025-07-12 12:00,-2167.17,-2180.2,-2149.3,12,1.0
2025-07-12 13:00,-2167.92,-2180.7,-2153.8,12,1.0
2025-07-12 14:00,-2154.28,-2169.2,-2140.4,12,1.0
2025-07-12 15:00,-2143.29,-2157.7,-2128.1,12,1.0
2025-07-12 16:00,-2121.75,-2139.4,-2098.9,12,1.0
2025-07-12 17:00,-2109.36,-2119.8,-2092.2,12,1.0
2025-07-12 18:00,-2095.23,-2108.1,-2075.4,12,1.0
2025-07-12 19:00,-2083.33,-2096.5,-2075.8,12,1.0
2025-07-12 20:00,-2083.8,-2106.7,-2061.1,12,1.0
2025-07-12 21:00,-2080.42,-2101.3,-2066.3,12,1.0
2025-07-12 22:00,-2081.2,-2094.6,-2067.7,12,1.0
2025-07-12 23:00,-2083.5,-2098.0,-2055.4,12,1.0
2025-07-13 00:00,-2094.98,-2103.3,-2083.0,12,1.0
2025-07-13 01:00,-2095.62,-2116.4,-2076.3,12,1.0
2025-07-13 02:00,-2105.2,-2126.2,-2091.2,12,1.0
2025-07-13 03:00,-2112.55,-2122.7,-2097.5,12,1.0
2025-07-13 04:00,-2121.02,-2146.3,-2099.4,12,1.0
2025-07-13 05:00,-2130.23,-2151.8,-2115.4,12,1.0
2025-07-13 06:00,-2129.52,-2151.8,-2116.9,12,1.0
2025-07-13 07:00,-2144.48,-2169.2,-2130.6,12,1.0
2025-07-13 08:00,-2153.85,-2173.2,-2141.9,12,1.0
2025-07-13 09:00,-2149.74,-2176.2,-2129.1,12,1.0
2025-07-13 10:00,-2154.31,-2173.7,-2127.1,12,1.0
2025-07-13 11:00,-2157.13,-2175.7,-2143.9,12,1.0
2025-07-13 12:00,-2153.72,-2174.2,-2138.4,12,1.0
2025-07-13 13:00,-2142.93,-2156.7,-2122.7,12,1.0
2025-07-13 14:00,-2140.05,-2150.3,-2118.3,12,1.0
2025-07-13 15:00,-2121.53,-2134.5,-2106.7,12,1.0
2025-07-13 16:00,-2105.46,-2129.6,-2084.0,12,1.0
2025-07-13 17:00,-2098.38,-2126.2,-2073.9,12,1.0
2025-07-13 18:00,-2087.17,-2106.7,-2070.1,12,1.0
2025-07-13 19:00,-2088.94,-2109.1,-2073.0,12,1.0
2025-07-13 20:00,-2084.84,-2094.6,-2068.2,12,1.0
2025-07-13 21:00,-2087.97,-2099.4,-2075.4,12,1.0
2025-07-13 22:00,-2080.98,-2095.5,-2067.7,12,1.0
2025-07-13 23:00,-2086.31,-2095.1,-2075.4,12,1.0
2025-07-14 00:00,-2094.05,-2114.9,-2074.4,12,1.0
2025-07-14 01:00,-2098.28,-2108.6,-2088.8,12,1.0
2025-07-14 02:00,-2098.59,-2111.0,-2072.5,12,1.0
2025-07-14 03:00,-2103.7,-2124.7,-2091.2,12,1.0
2025-07-14 04:00,-2109.78,-2122.7,-2096.5,12,1.0
2025-07-14 05:00,-2113.62,-2134.5,-2095.5,12,1.0
2025-07-14 06:00,-2117.56,-2136.5,-2094.1,12,1.0
2025-07-14 07:00,-2120.94,-2138.4,-2104.7,12,1.0
2025-07-14 08:00,-2129.29,-2143.9,-2114.0,12,1.0
2025-07-14 09:00,-2126.92,-2151.8,-2101.3,12,1.0
2025-07-14 10:00,-2121.96,-2130.6,-2110.5,12,1.0
2025-07-14 11:00,-2120.97,-2134.5,-2108.6,12,1.0
2025-07-14 12:00,-2119.63,-2144.3,-2103.3,12,1.0
2025-07-14 13:00,-2111.62,-2129.1,-2101.8,12,1.0
2025-07-14 14:00,-2101.88,-2113.5,-2087.4,12,1.0
2025-07-14 15:00,-2089.27,-2112.5,-2078.7,12,1.0
2025-07-14 16:00,-2073.89,-2103.3,-2050.2,12,1.0
2025-07-14 17:00,-2059.83,-2072.5,-2046.4,12,1.0
2025-07-14 18:00,-2044.68,-2058.7,-2028.6,12,1.0
2025-07-14 19:00,-2034.13,-2054.0,-2015.1,12,1.0
2025-07-14 20:00,-2033.67,-2047.8,-2020.2,12,1.0
2025-07-14 21:00,-2027.82,-2040.3,-2011.8,12,1.0
2025-07-14 22:00,-2021.69,-2031.4,-2013.7,12,1.0
2025-07-14 23:00,-2023.86,-2041.2,-2013.7,12,1.0
2025-07-15 00:00,-2019.92,-2038.0,-2000.8,12,1.0
2025-07-15 01:00,-2026.19,-2039.8,-2008.1,12,1.0
2025-07-15 02:00,-2020.02,-2027.7,-2012.3,12,1.0
2025-07-15 03:00,-2029.7,-2044.5,-2009.5,12,1.0
2025-07-15 04:00,-2025.48,-2035.1,-2012.8,12,1.0
2025-07-15 05:00,-2039.23,-2054.4,-2025.8,12,1.0
2025-07-15 06:00,-2039.32,-2058.7,-2023.5,12,1.0
2025-07-15 07:00,-2036.78,-2059.2,-2023.5,12,1.0
2025-07-15 08:00,-2043.62,-2061.1,-2023.5,12,1.0
2025-07-15 09:00,-2043.31,-2062.0,-2026.7,12,1.0
2025-07-15 10:00,-2044.56,-2062.0,-2026.7,12,1.0
2025-07-15 11:00,-2042.32,-2063.9,-2030.9,12,1.0
2025-07-15 12:00,-2034.62,-2051.1,-2012.8,12,1.0
2025-07-15 13:00,-2023.95,-2038.0,-2008.6,12,1.0
2025-07-15 14:00,-2023.11,-2046.9,-2004.0,12,1.0
2025-07-15 15:00,-2018.33,-2033.3,-2001.7,12,1.0
2025-07-15 16:00,-2000.87,-2016.5,-1985.6,12,1.0
2025-07-15 17:00,-1988.38,-2011.4,-1976.9,12,1.0
2025-07-15 18:00,-1983.15,-1995.2,-1969.2,12,1.0
2025-07-15 19:00,-1972.01,-1990.2,-1950.7,12,1.0
2025-07-15 20:00,-1972.51,-1987.9,-1954.8,12,1.0
2025-07-15 21:00,-1968.45,-1976.5,-1956.6,12,1.0
2025-07-15 22:00,-1972.01,-1989.3,-1953.9,12,1.0
2025-07-15 23:00,-1968.56,-1981.5,-1956.6,12,1.0
2025-07-16 00:00,-1971.38,-1988.8,-1951.6,12,1.0
2025-07-16 01:00,-1972.93,-1986.1,-1951.2,12,1.0
2025-07-16 02:00,-1975.0,-1998.0,-1963.8,12,1.0
2025-07-16 03:00,-1971.82,-1986.5,-1958.4,12,1.0
2025-07-16 04:00,-1978.05,-2006.8,-1958.8,12,1.0
2025-07-16 05:00,-1979.56,-1993.4,-1967.0,12,1.0
2025-07-16 06:00,-1992.47,-2001.2,-1981.1,12,1.0
2025-07-16 07:00,-1996.33,-2010.5,-1976.0,12,1.0
2025-07-16 08:00,-1995.51,-2011.8,-1977.9,12,1.0
2025-07-16 09:00,-2000.94,-2019.3,-1978.8,12,1.0
2025-07-16 10:00,-2001.01,-2013.7,-1988.8,12,1.0
2025-07-16 11:00,-2004.42,-2029.1,-1988.8,12,1.0
2025-07-16 12:00,-1997.28,-2016.5,-1987.9,12,1.0
2025-07-16 13:00,-1994.09,-2011.8,-1970.6,12,1.0
2025-07-16 14:00,-1986.11,-2000.8,-1975.6,12,1.0
2025-07-16 15:00,-1978.32,-2002.6,-1951.6,12,1.0
2025-07-16 16:00,-1968.12,-1983.3,-1952.1,12,1.0
2025-07-16 17:00,-1951.44,-1968.3,-1939.5,12,1.0
2025-07-16 18:00,-1947.48,-1963.3,-1928.4,12,1.0
2025-07-16 19:00,-1933.86,-1954.8,-1917.8,12,1.0
2025-07-16 20:00,-1926.71,-1940.0,-1905.0,12,1.0
2025-07-16 21:00,-1926.07,-1937.7,-1916.9,12,1.0
2025-07-16 22:00,-1927.41,-1936.4,-1908.5,12,1.0
2025-07-16 23:00,-1927.58,-1939.5,-1918.2,12,1.0
2025-07-17 00:00,-1932.92,-1948.0,-1922.6,12,1.0
2025-07-17 01:00,-1935.76,-1949.8,-1912.5,12,1.0
2025-07-17 02:00,-1935.92,-1946.7,-1922.2,12,1.0
2025-07-17 03:00,-1949.71,-1961.5,-1932.8,12,1.0
2025-07-17 04:00,-1947.12,-1962.0,-1931.1,12,1.0
2025-07-17 05:00,-1949.58,-1961.1,-1932.4,12,1.0
2025-07-17 06:00,-1954.22,-1967.9,-1942.2,12,1.0
2025-07-17 07:00,-1960.48,-1978.3,-1938.2,12,1.0
2025-07-17 08:00,-1965.3,-1980.6,-1944.0,12,1.0
2025-07-17 09:00,-1968.21,-1984.2,-1957.5,12,1.0
2025-07-17 10:00,-1970.58,-1992.5,-1958.8,12,1.0
2025-07-17 11:00,-1968.12,-1976.9,-1955.2,12,1.0
2025-07-17 12:00,-1962.06,-1971.0,-1948.9,12,1.0
2025-07-17 13:00,-1964.0,-1976.9,-1936.8,12,1.0
2025-07-17 14:00,-1946.17,-1954.3,-1931.9,12,1.0
2025-07-17 15:00,-1935.94,-1954.3,-1912.9,12,1.0
2025-07-17 16:00,-1919.74,-1939.1,-1895.4,12,1.0
2025-07-17 17:00,-1911.58,-1927.1,-1898.0,12,1.0
2025-07-17 18:00,-1902.53,-1918.2,-1890.1,12,1.0
2025-07-17 19:00,-1893.51,-1909.4,-1877.1,12,1.0
2025-07-17 20:00,-1896.77,-1907.6,-1879.7,12,1.0
2025-07-17 21:00,-1901.38,-1912.9,-1885.4,12,1.0
2025-07-17 22:00,-1902.51,-1910.3,-1888.4,12,1.0
2025-07-17 23:00,-1907.5,-1924.4,-1891.9,12,1.0
2025-07-18 00:00,-1914.08,-1925.7,-1898.9,12,1.0
2025-07-18 01:00,-1916.71,-1928.4,-1906.3,12,1.0
2025-07-18 02:00,-1929.41,-1942.7,-1914.2,12,1.0
2025-07-18 03:00,-1936.58,-1953.0,-1920.9,12,1.0
2025-07-18 04:00,-1942.04,-1955.7,-1927.9,12,1.0
2025-07-18 05:00,-1943.98,-1958.8,-1925.3,12,1.0
2025-07-18 06:00,-1951.94,-1971.5,-1935.5,12,1.0
2025-07-18 07:00,-1964.12,-1987.9,-1942.2,12,1.0
2025-07-18 08:00,-1971.73,-1990.7,-1953.0,12,1.0
2025-07-18 09:00,-1976.98,-1990.7,-1960.2,12,1.0
2025-07-18 10:00,-1979.71,-1996.6,-1962.0,12,1.0
2025-07-18 11:00,-1983.63,-1991.1,-1975.1,12,1.0
2025-07-18 12:00,-1985.79,-2004.5,-1966.1,12,1.0
2025-07-18 13:00,-1978.48,-1988.4,-1963.8,12,1.0
2025-07-18 14:00,-1976.18,-1992.0,-1953.9,12,1.0
2025-07-18 15:00,-1968.5,-1987.9,-1948.0,12,1.0
2025-07-18 16:00,-1948.46,-1963.8,-1937.3,12,1.0
2025-07-18 17:00,-1941.55,-1953.4,-1924.4,12,1.0
2025-07-18 18:00,-1924.83,-1940.4,-1910.7,12,1.0
2025-07-18 19:00,-1922.65,-1944.4,-1911.2,12,1.0
2025-07-18 20:00,-1911.63,-1928.8,-1901.5,12,1.0
2025-07-18 21:00,-1911.6,-1925.7,-1891.9,12,1.0
2025-07-18 22:00,-1915.69,-1927.5,-1906.8,12,1.0
2025-07-18 23:00,-1910.94,-1922.2,-1898.4,12,1.0
2025-07-19 00:00,-1914.82,-1929.7,-1904.6,12,1.0
2025-07-19 01:00,-1924.97,-1940.4,-1909.0,12,1.0
2025-07-19 02:00,-1927.12,-1940.0,-1907.2,12,1.0
2025-07-19 03:00,-1929.06,-1937.3,-1918.6,12,1.0
2025-07-19 04:00,-1937.3,-1948.5,-1924.0,12,1.0
2025-07-19 05:00,-1943.9,-1960.2,-1922.6,12,1.0
2025-07-19 06:00,-1949.74,-1971.9,-1934.2,12,1.0
2025-07-19 07:00,-1954.29,-1967.9,-1941.8,12,1.0
2025-07-19 08:00,-1969.6,-1984.2,-1951.2,12,1.0
2025-07-19 09:00,-1973.31,-1985.2,-1956.6,12,1.0
2025-07-19 10:00,-1973.78,-1987.0,-1960.6,12,1.0
2025-07-19 11:00,-1979.0,-1991.1,-1964.7,12,1.0
2025-07-19 12:00,-1971.56,-1988.8,-1957.5,12,1.0
2025-07-19 13:00,-1968.52,-1982.9,-1937.7,12,1.0
2025-07-19 14:00,-1953.48,-1977.9,-1941.3,12,1.0
2025-07-19 15:00,-1943.73,-1958.8,-1924.0,12,1.0
2025-07-19 16:00,-1930.77,-1943.5,-1916.9,12,1.0
2025-07-19 17:00,-1919.25,-1934.6,-1902.8,12,1.0
2025-07-19 18:00,-1910.03,-1919.1,-1897.6,12,1.0
2025-07-19 19:00,-1904.54,-1916.4,-1882.8,12,1.0
2025-07-19 20:00,-1904.81,-1916.0,-1890.6,12,1.0
2025-07-19 21:00,-1899.32,-1909.4,-1881.0,12,1.0
2025-07-19 22:00,-1905.34,-1917.3,-1889.7,12,1.0
2025-07-19 23:00,-1905.46,-1916.9,-1893.6,12,1.0
2025-07-20 00:00,-1906.72,-1925.7,-1884.5,12,1.0
2025-07-20 01:00,-1912.96,-1922.6,-1903.2,12,1.0
2025-07-20 02:00,-1917.6,-1933.7,-1905.0,12,1.0
2025-07-20 03:00,-1921.23,-1939.1,-1905.9,12,1.0
2025-07-20 04:00,-1931.06,-1947.1,-1918.6,12,1.0
2025-07-20 05:00,-1941.08,-1961.1,-1928.8,12,1.0
2025-07-20 06:00,-1948.12,-1963.3,-1938.6,12,1.0
2025-07-20 07:00,-1953.65,-1965.1,-1931.5,12,1.0
2025-07-20 08:00,-1959.28,-1988.8,-1941.3,12,1.0
2025-07-20 09:00,-1965.32,-1981.5,-1952.5,12,1.0
2025-07-20 10:00,-1964.78,-1975.1,-1957.0,12,1.0
2025-07-20 11:00,-1970.58,-1980.6,-1962.9,12,1.0
2025-07-20 12:00,-1965.22,-1981.1,-1950.7,12,1.0
2025-07-20 13:00,-1960.46,-1977.4,-1945.8,12,1.0
2025-07-20 14:00,-1958.05,-1972.4,-1945.8,12,1.0
2025-07-20 15:00,-1939.05,-1950.7,-1928.8,12,1.0
2025-07-20 16:00,-1931.41,-1943.5,-1919.1,12,1.0
2025-07-20 17:00,-1919.55,-1933.3,-1900.2,12,1.0
2025-07-20 18:00,-1906.93,-1921.3,-1890.6,12,1.0
2025-07-20 19:00,-1902.26,-1916.9,-1879.3,12,1.0
2025-07-20 20:00,-1902.26,-1912.9,-1885.4,12,1.0
2025-07-20 21:00,-1902.9,-1916.9,-1888.8,12,1.0
2025-07-20 22:00,-1898.73,-1910.3,-1880.6,12,1.0
2025-07-20 23:00,-1904.03,-1925.3,-1879.3,12,1.0
2025-07-21 00:00,-1909.45,-1924.8,-1901.1,12,1.0
2025-07-21 01:00,-1909.85,-1925.7,-1897.6,12,1.0
2025-07-21 02:00,-1922.19,-1928.4,-1912.0,12,1.0
2025-07-21 03:00,-1923.71,-1939.1,-1909.8,12,1.0
2025-07-21 04:00,-1930.73,-1946.7,-1917.3,12,1.0
2025-07-21 05:00,-1931.95,-1945.3,-1920.0,12,1.0
2025-07-21 06:00,-1939.98,-1952.1,-1927.5,12,1.0
2025-07-21 07:00,-1948.79,-1966.5,-1933.3,12,1.0
2025-07-21 08:00,-1948.44,-1969.7,-1934.2,12,1.0
2025-07-21 09:00,-1954.91,-1972.4,-1938.2,12,1.0
2025-07-21 10:00,-1951.75,-1963.8,-1940.4,12,1.0
2025-07-21 11:00,-1952.95,-1964.7,-1938.2,12,1.0
2025-07-21 12:00,-1951.75,-1972.9,-1933.7,12,1.0
2025-07-21 13:00,-1935.86,-1944.9,-1922.6,12,1.0
2025-07-21 14:00,-1932.78,-1947.6,-1919.1,12,1.0
2025-07-21 15:00,-1918.26,-1931.9,-1908.1,12,1.0
2025-07-21 16:00,-1905.52,-1918.2,-1895.8,12,1.0
2025-07-21 17:00,-1897.86,-1916.4,-1879.3,12,1.0
2025-07-21 18:00,-1890.66,-1904.6,-1881.0,12,1.0
2025-07-21 19:00,-1883.34,-1891.9,-1867.2,12,1.0
2025-07-21 20:00,-1877.31,-1897.6,-1865.5,12,1.0
2025-07-21 21:00,-1878.57,-1896.7,-1862.1,12,1.0
2025-07-21 22:00,-1877.7,-1894.9,-1861.6,12,1.0
2025-07-21 23:00,-1874.87,-1898.4,-1851.8,12,1.0
2025-07-22 00:00,-1883.58,-1898.9,-1871.5,12,1.0
2025-07-22 01:00,-1891.15,-1904.6,-1881.5,12,1.0
2025-07-22 02:00,-1894.32,-1906.3,-1884.9,12,1.0
2025-07-22 03:00,-1895.71,-1906.3,-1878.0,12,1.0
2025-07-22 04:00,-1899.8,-1915.1,-1890.6,12,1.0
2025-07-22 05:00,-1911.27,-1922.2,-1898.4,12,1.0
2025-07-22 06:00,-1914.65,-1922.6,-1903.7,12,1.0
2025-07-22 07:00,-1925.59,-1934.2,-1915.6,12,1.0
2025-07-22 08:00,-1928.33,-1944.4,-1916.9,12,1.0
2025-07-22 09:00,-1934.02,-1957.9,-1921.3,12,1.0
2025-07-22 10:00,-1941.08,-1957.9,-1927.5,12,1.0
2025-07-22 11:00,-1928.81,-1940.4,-1919.1,12,1.0
2025-07-22 12:00,-1931.08,-1940.9,-1913.8,12,1.0
2025-07-22 13:00,-1929.78,-1939.5,-1913.4,12,1.0
2025-07-22 14:00,-1913.52,-1922.6,-1904.6,12,1.0
2025-07-22 15:00,-1905.41,-1922.6,-1889.7,12,1.0
2025-07-22 16:00,-1897.91,-1912.5,-1881.9,12,1.0
2025-07-22 17:00,-1886.68,-1898.9,-1866.4,12,1.0
2025-07-22 18:00,-1886.9,-1894.1,-1872.4,12,1.0
2025-07-22 19:00,-1880.58,-1897.6,-1865.9,12,1.0
2025-07-22 20:00,-1882.99,-1896.2,-1868.5,12,1.0
2025-07-22 21:00,-1883.26,-1902.8,-1871.5,12,1.0
2025-07-22 22:00,-1888.15,-1897.1,-1871.5,12,1.0
2025-07-22 23:00,-1883.76,-1897.6,-1866.4,12,1.0
2025-07-23 00:00,-1889.54,-1903.7,-1876.7,12,1.0
2025-07-23 01:00,-1895.92,-1904.1,-1886.7,12,1.0
2025-07-23 02:00,-1903.7,-1915.6,-1891.0,12,1.0
2025-07-23 03:00,-1906.62,-1918.2,-1894.5,12,1.0
2025-07-23 04:00,-1912.2,-1925.7,-1895.8,12,1.0
2025-07-23 05:00,-1920.0,-1933.3,-1910.3,12,1.0
2025-07-23 06:00,-1926.26,-1937.7,-1905.0,12,1.0
2025-07-23 07:00,-1930.52,-1946.7,-1921.3,12,1.0
2025-07-23 08:00,-1939.38,-1961.1,-1921.3,12,1.0
2025-07-23 09:00,-1947.22,-1961.5,-1934.2,12,1.0
2025-07-23 10:00,-1945.87,-1974.7,-1931.1,12,1.0
2025-07-23 11:00,-1945.52,-1970.1,-1926.6,12,1.0
2025-07-23 12:00,-1946.39,-1960.2,-1932.8,12,1.0
2025-07-23 13:00,-1947.32,-1969.2,-1929.7,12,1.0
2025-07-23 14:00,-1944.74,-1958.8,-1926.2,12,1.0
2025-07-23 15:00,-1939.35,-1955.7,-1929.7,12,1.0
2025-07-23 16:00,-1927.57,-1942.2,-1903.7,12,1.0
2025-07-23 17:00,-1911.77,-1929.3,-1895.8,12,1.0
2025-07-23 18:00,-1909.49,-1924.0,-1894.9,12,1.0
2025-07-23 19:00,-1907.0,-1926.6,-1891.5,12,1.0
2025-07-23 20:00,-1900.55,-1916.4,-1882.3,12,1.0
2025-07-23 21:00,-1898.68,-1915.1,-1881.5,12,1.0
2025-07-23 22:00,-1901.9,-1913.8,-1887.1,12,1.0
2025-07-23 23:00,-1913.65,-1924.0,-1898.4,12,1.0
2025-07-24 00:00,-1914.79,-1927.9,-1898.0,12,1.0
2025-07-24 01:00,-1918.1,-1934.6,-1904.6,12,1.0
2025-07-24 02:00,-1924.68,-1944.9,-1908.1,12,1.0
2025-07-24 03:00,-1938.83,-1955.2,-1926.2,12,1.0
2025-07-24 04:00,-1942.12,-1957.9,-1927.1,12,1.0
2025-07-24 05:00,-1950.77,-1982.4,-1930.2,12,1.0
2025-07-24 06:00,-1956.18,-1970.1,-1939.5,12,1.0
2025-07-24 07:00,-1967.7,-1994.3,-1949.8,12,1.0
2025-07-24 08:00,-1978.78,-1993.9,-1959.7,12,1.0
2025-07-24 09:00,-1986.12,-1992.9,-1971.5,12,1.0
2025-07-24 10:00,-1988.03,-1998.0,-1970.1,12,1.0
2025-07-24 11:00,-1990.08,-2004.5,-1977.4,12,1.0
2025-07-24 12:00,-1985.96,-2006.3,-1972.4,12,1.0
2025-07-24 13:00,-1982.37,-1994.3,-1967.0,12,1.0
2025-07-24 14:00,-1977.38,-1988.4,-1962.9,12,1.0
2025-07-24 15:00,-1965.92,-1978.8,-1956.6,12,1.0
2025-07-24 16:00,-1953.07,-1978.3,-1941.8,12,1.0
2025-07-24 17:00,-1942.57,-1953.4,-1927.5,12,1.0
2025-07-24 18:00,-1932.79,-1950.3,-1919.5,12,1.0
2025-07-24 19:00,-1920.65,-1929.3,-1907.6,12,1.0
2025-07-24 20:00,-1920.04,-1932.8,-1902.4,12,1.0
2025-07-24 21:00,-1918.13,-1930.2,-1903.2,12,1.0
2025-07-24 22:00,-1922.92,-1936.0,-1909.0,12,1.0
2025-07-24 23:00,-1924.41,-1941.3,-1904.6,12,1.0
2025-07-25 00:00,-1932.13,-1944.0,-1921.3,12,1.0
2025-07-25 01:00,-1934.75,-1947.6,-1921.3,12,1.0
2025-07-25 02:00,-1935.68,-1950.7,-1914.7,12,1.0
2025-07-25 03:00,-1945.43,-1971.9,-1920.4,12,1.0
2025-07-25 04:00,-1945.06,-1961.1,-1928.4,12,1.0
2025-07-25 05:00,-1956.06,-1974.7,-1942.2,12,1.0
2025-07-25 06:00,-1960.75,-1970.1,-1947.6,12,1.0
2025-07-25 07:00,-1965.29,-1985.6,-1954.8,12,1.0
2025-07-25 08:00,-1972.68,-1992.9,-1956.1,12,1.0
2025-07-25 09:00,-1979.47,-1997.5,-1966.5,12,1.0
2025-07-25 10:00,-1980.84,-1995.2,-1963.3,12,1.0
2025-07-25 11:00,-1976.59,-1996.6,-1959.3,12,1.0
2025-07-25 12:00,-1965.13,-1982.4,-1947.1,12,1.0
2025-07-25 13:00,-1959.28,-1977.9,-1940.9,12,1.0
2025-07-25 14:00,-1946.8,-1961.1,-1924.0,12,1.0
2025-07-25 15:00,-1934.43,-1952.5,-1908.5,12,1.0
2025-07-25 16:00,-1912.68,-1940.0,-1889.7,12,1.0
2025-07-25 17:00,-1897.3,-1909.0,-1879.3,12,1.0
2025-07-25 18:00,-1885.63,-1900.2,-1873.7,12,1.0
2025-07-25 19:00,-1879.44,-1887.5,-1869.8,12,1.0
2025-07-25 20:00,-1875.26,-1895.8,-1859.9,12,1.0
2025-07-25 21:00,-1869.53,-1881.9,-1852.2,12,1.0
2025-07-25 22:00,-1865.68,-1880.2,-1851.4,12,1.0
2025-07-25 23:00,-1862.26,-1874.5,-1854.4,12,1.0
2025-07-26 00:00,-1863.81,-1873.7,-1853.5,12,1.0
2025-07-26 01:00,-1866.85,-1881.0,-1851.4,12,1.0
2025-07-26 02:00,-1877.6,-1904.6,-1867.7,12,1.0
2025-07-26 03:00,-1876.64,-1894.1,-1868.9,12,1.0
2025-07-26 04:00,-1877.8,-1895.8,-1864.2,12,1.0
2025-07-26 05:00,-1884.85,-1895.8,-1872.4,12,1.0
2025-07-26 06:00,-1889.15,-1900.6,-1875.8,12,1.0
2025-07-26 07:00,-1890.67,-1913.8,-1871.1,12,1.0
2025-07-26 08:00,-1890.76,-1909.0,-1878.9,12,1.0
2025-07-26 09:00,-1895.61,-1906.8,-1886.2,12,1.0
2025-07-26 10:00,-1898.84,-1909.4,-1888.8,12,1.0
2025-07-26 11:00,-1894.49,-1908.1,-1880.6,12,1.0
2025-07-26 12:00,-1896.95,-1914.2,-1885.8,12,1.0
2025-07-26 13:00,-1892.27,-1908.1,-1879.3,12,1.0
2025-07-26 14:00,-1889.68,-1899.7,-1877.6,12,1.0
2025-07-26 15:00,-1890.76,-1898.0,-1875.0,12,1.0
2025-07-26 16:00,-1893.47,-1917.3,-1881.0,12,1.0
2025-07-26 17:00,-1890.52,-1902.4,-1880.6,12,1.0
2025-07-26 18:00,-1891.66,-1906.8,-1872.8,12,1.0
2025-07-26 19:00,-1903.89,-1919.5,-1892.8,12,1.0
2025-07-26 20:00,-1916.46,-1926.2,-1905.9,12,1.0
2025-07-26 21:00,-1926.57,-1938.2,-1909.4,12,1.0
2025-07-26 22:00,-1941.52,-1962.0,-1915.6,12,1.0
2025-07-26 23:00,-1952.55,-1966.5,-1940.9,12,1.0
2025-07-27 00:00,-1971.52,-1985.2,-1951.6,12,1.0
2025-07-27 01:00,-1977.97,-1987.4,-1971.5,12,1.0
2025-07-27 02:00,-1980.55,-2000.8,-1962.0,12,1.0
2025-07-27 03:00,-1998.78,-2015.6,-1990.2,12,1.0
2025-07-27 04:00,-2005.9,-2025.3,-1982.9,12,1.0
2025-07-27 05:00,-2017.69,-2034.7,-1999.4,12,1.0
2025-07-27 06:00,-2024.95,-2048.3,-2004.5,12,1.0
2025-07-27 07:00,-2034.97,-2052.1,-2025.3,12,1.0
2025-07-27 08:00,-2037.19,-2049.7,-2019.3,12,1.0
2025-07-27 09:00,-2046.99,-2060.6,-2029.5,12,1.0
2025-07-27 10:00,-2044.55,-2055.9,-2026.3,12,1.0
2025-07-27 11:00,-2053.05,-2066.8,-2038.9,12,1.0
2025-07-27 12:00,-2052.58,-2067.7,-2038.4,12,1.0
2025-07-27 13:00,-2048.68,-2062.0,-2028.1,12,1.0
2025-07-27 14:00,-2043.85,-2057.3,-2023.5,12,1.0
2025-07-27 15:00,-2036.15,-2056.3,-2021.1,12,1.0
2025-07-27 16:00,-2034.53,-2047.8,-2017.4,12,1.0
2025-07-27 17:00,-2027.68,-2043.6,-2017.0,12,1.0
2025-07-27 18:00,-2013.43,-2028.6,-1996.2,12,1.0
2025-07-27 19:00,-2017.72,-2025.8,-2008.6,12,1.0
2025-07-27 20:00,-2017.84,-2031.4,-1988.8,12,1.0
2025-07-27 21:00,-2020.55,-2030.9,-2012.3,12,1.0
2025-07-27 22:00,-2025.06,-2045.5,-2004.5,12,1.0
2025-07-27 23:00,-2034.12,-2056.3,-2014.6,12,1.0
2025-07-28 00:00,-2033.52,-2067.3,-2009.5,12,1.0
2025-07-28 01:00,-2037.86,-2051.1,-2013.7,12,1.0
2025-07-28 02:00,-2039.92,-2051.1,-2024.9,12,1.0
2025-07-28 03:00,-2046.8,-2063.9,-2030.5,12,1.0
2025-07-28 04:00,-2051.81,-2081.6,-2032.8,12,1.0
2025-07-28 05:00,-2062.72,-2071.6,-2044.5,12,1.0
2025-07-28 06:00,-2065.07,-2087.4,-2046.0,12,1.0
2025-07-28 07:00,-2066.76,-2084.5,-2040.8,12,1.0
2025-07-28 08:00,-2070.67,-2084.5,-2051.6,12,1.0
2025-07-28 09:00,-2081.24,-2091.7,-2071.1,12,1.0
2025-07-28 10:00,-2074.58,-2084.0,-2057.3,12,1.0
2025-07-28 11:00,-2082.3,-2096.0,-2066.3,12,1.0
2025-07-28 12:00,-2077.25,-2085.9,-2069.2,12,1.0
2025-07-28 13:00,-2076.12,-2096.5,-2055.4,12,1.0
2025-07-28 14:00,-2080.53,-2094.1,-2062.5,12,1.0
2025-07-28 15:00,-2078.54,-2087.4,-2071.1,12,1.0
2025-07-28 16:00,-2079.9,-2092.2,-2060.6,12,1.0
2025-07-28 17:00,-2080.63,-2103.8,-2054.9,12,1.0
2025-07-28 18:00,-2087.51,-2102.3,-2063.0,12,1.0
2025-07-28 19:00,-2080.03,-2084.5,-2075.4,3,0.25
2025-07-28 20:00,-2097.32,-2108.1,-2083.0,6,0.5
2025-07-28 21:00,-2095.08,-2120.3,-2075.8,12,1.0
2025-07-28 22:00,-2094.91,-2112.0,-2082.6,12,1.0
2025-07-28 23:00,-2111.43,-2129.1,-2099.9,12,1.0
2025-07-29 00:00,-2112.34,-2136.5,-2088.3,12,1.0
2025-07-29 01:00,-2120.27,-2135.5,-2111.0,12,1.0
2025-07-29 02:00,-2124.05,-2139.4,-2107.2,12,1.0
2025-07-29 03:00,-2123.7,-2143.4,-2114.4,12,1.0
2025-07-29 04:00,-2127.48,-2147.3,-2109.1,12,1.0
2025-07-29 05:00,-2133.77,-2145.3,-2114.4,12,1.0
2025-07-29 06:00,-2142.35,-2158.2,-2125.2,12,1.0
2025-07-29 07:00,-2140.67,-2150.8,-2125.7,12,1.0
2025-07-29 08:00,-2148.78,-2165.7,-2132.5,12,1.0
2025-07-29 09:00,-2144.21,-2160.7,-2132.0,12,1.0
2025-07-29 10:00,-2146.39,-2161.2,-2136.0,12,1.0
2025-07-29 11:00,-2146.32,-2165.2,-2127.6,12,1.0
2025-07-29 12:00,-2147.06,-2169.2,-2122.7,12,1.0
2025-07-29 13:00,-2141.23,-2160.7,-2122.2,12,1.0
2025-07-29 14:00,-2135.37,-2148.3,-2122.7,12,1.0
2025-07-29 15:00,-2133.23,-2156.7,-2107.2,12,1.0
2025-07-29 16:00,-2121.03,-2137.4,-2104.2,12,1.0
2025-07-29 17:00,-2117.09,-2125.7,-2104.7,12,1.0
2025-07-29 18:00,-2121.45,-2145.8,-2105.7,12,1.0
2025-07-29 19:00,-2121.33,-2132.5,-2108.1,12,1.0
2025-07-29 20:00,-2125.85,-2141.4,-2110.1,12,1.0
2025-07-29 21:00,-2126.07,-2147.3,-2112.5,12,1.0
2025-07-29 22:00,-2132.74,-2144.8,-2121.8,12,1.0
2025-07-29 23:00,-2125.32,-2138.4,-2110.5,12,1.0
2025-07-30 00:00,-2129.52,-2138.4,-2114.9,12,1.0
2025-07-30 01:00,-2136.33,-2164.2,-2112.5,12,1.0
2025-07-30 02:00,-2135.99,-2143.4,-2107.6,12,1.0
2025-07-30 03:00,-2144.7,-2157.7,-2127.1,12,1.0
2025-07-30 04:00,-2151.08,-2164.2,-2142.4,12,1.0
2025-07-30 05:00,-2150.33,-2160.7,-2130.6,12,1.0
2025-07-30 06:00,-2158.15,-2172.2,-2143.9,12,1.0
2025-07-30 07:00,-2154.42,-2161.7,-2143.4,12,1.0
2025-07-30 08:00,-2163.97,-2175.7,-2152.3,12,1.0
2025-07-30 09:00,-2174.88,-2185.7,-2151.8,12,1.0
2025-07-30 10:00,-2171.49,-2184.7,-2159.7,12,1.0
2025-07-30 11:00,-2163.78,-2181.2,-2139.4,12,1.0
2025-07-30 12:00,-2162.57,-2177.7,-2133.5,12,1.0
2025-07-30 13:00,-2157.26,-2175.7,-2133.5,12,1.0
2025-07-30 14:00,-2151.8,-2170.7,-2126.2,12,1.0
2025-07-30 15:00,-2145.44,-2165.2,-2131.1,12,1.0
2025-07-30 16:00,-2127.12,-2142.9,-2107.6,12,1.0
2025-07-30 17:00,-2120.19,-2130.6,-2102.8,12,1.0
2025-07-30 18:00,-2118.17,-2126.6,-2104.2,12,1.0
2025-07-30 19:00,-2107.0,-2115.9,-2097.0,12,1.0
2025-07-30 20:00,-2106.22,-2131.1,-2087.8,12,1.0
2025-07-30 21:00,-2103.62,-2123.7,-2086.4,12,1.0
2025-07-30 22:00,-2122.07,-2135.0,-2102.3,12,1.0
2025-07-30 23:00,-2121.26,-2140.4,-2091.7,12,1.0
2025-07-31 00:00,-2128.68,-2152.3,-2098.0,12,1.0
2025-07-31 01:00,-2130.98,-2163.2,-2114.0,12,1.0
2025-07-31 02:00,-2132.49,-2144.3,-2120.8,12,1.0
2025-07-31 03:00,-2137.92,-2157.2,-2123.7,12,1.0
2025-07-31 04:00,-2141.53,-2159.7,-2119.3,12,1.0
2025-07-31 05:00,-2148.38,-2161.7,-2116.4,12,1.0
2025-07-31 06:00,-2154.76,-2171.7,-2137.4,12,1.0
2025-07-31 07:00,-2153.85,-2166.7,-2140.9,12,1.0
2025-07-31 08:00,-2153.75,-2173.7,-2130.6,12,1.0
2025-07-31 09:00,-2156.69,-2185.2,-2141.4,12,1.0
2025-07-31 10:00,-2157.4,-2178.7,-2141.9,12,1.0
2025-07-31 11:00,-2155.34,-2183.2,-2131.5,12,1.0
2025-07-31 12:00,-2153.21,-2173.7,-2137.9,12,1.0
2025-07-31 13:00,-2149.4,-2168.2,-2128.6,12,1.0
2025-07-31 14:00,-2141.91,-2156.2,-2125.2,12,1.0
2025-07-31 15:00,-2130.18,-2150.8,-2120.3,12,1.0
2025-07-31 16:00,-2125.28,-2137.0,-2113.5,12,1.0
2025-07-31 17:00,-2117.47,-2135.5,-2097.5,12,1.0
2025-07-31 18:00,-2107.56,-2133.5,-2089.8,12,1.0
2025-07-31 19:00,-2104.98,-2119.8,-2090.2,12,1.0
2025-07-31 20:00,-2105.86,-2128.1,-2088.8,12,1.0
2025-07-31 21:00,-2111.41,-2137.4,-2098.4,12,1.0
2025-07-31 22:00,-2110.37,-2132.0,-2091.7,12,1.0
2025-07-31 23:00,-2115.52,-2130.6,-2103.3,12,1.0
2025-08-01 00:00,-2119.27,-2137.4,-2097.5,12,1.0
2025-08-01 01:00,-2120.45,-2138.9,-2107.6,12,1.0
2025-08-01 02:00,-2128.21,-2142.4,-2114.4,12,1.0
2025-08-01 03:00,-2132.83,-2145.8,-2122.2,12,1.0
2025-08-01 04:00,-2134.36,-2151.8,-2121.8,12,1.0
2025-08-01 05:00,-2139.59,-2149.3,-2124.7,12,1.0
2025-08-01 06:00,-2148.24,-2166.2,-2124.7,12,1.0
2025-08-01 07:00,-2159.94,-2175.7,-2143.4,12,1.0
2025-08-01 08:00,-2150.8,-2164.2,-2136.0,12,1.0
2025-08-01 09:00,-2163.02,-2179.2,-2143.4,12,1.0
2025-08-01 10:00,-2166.88,-2178.2,-2149.8,12,1.0
2025-08-01 11:00,-2168.27,-2185.2,-2151.3,12,1.0
2025-08-01 12:00,-2160.32,-2179.7,-2133.0,12,1.0
2025-08-01 13:00,-2150.42,-2164.2,-2137.4,12,1.0
2025-08-01 14:00,-2139.42,-2167.2,-2120.3,12,1.0
2025-08-01 15:00,-2134.73,-2155.7,-2118.8,12,1.0
2025-08-01 16:00,-2122.09,-2133.5,-2107.6,12,1.0
2025-08-01 17:00,-2117.83,-2131.1,-2106.7,12,1.0
2025-08-01 18:00,-2106.98,-2128.6,-2082.1,12,1.0
2025-08-01 19:00,-2098.32,-2127.6,-2075.8,12,1.0
2025-08-01 20:00,-2096.61,-2114.0,-2084.5,12,1.0
2025-08-01 21:00,-2099.8,-2117.9,-2078.2,12,1.0
2025-08-01 22:00,-2099.26,-2117.4,-2078.2,12,1.0
2025-08-01 23:00,-2106.48,-2123.2,-2092.6,12,1.0
2025-08-02 00:00,-2112.71,-2130.6,-2102.8,12,1.0
2025-08-02 01:00,-2121.69,-2146.3,-2104.7,12,1.0
2025-08-02 02:00,-2126.41,-2145.8,-2113.0,12,1.0
2025-08-02 03:00,-2122.53,-2153.3,-2105.2,12,1.0
2025-08-02 04:00,-2131.81,-2144.3,-2122.2,12,1.0
2025-08-02 05:00,-2137.28,-2169.7,-2120.3,12,1.0
2025-08-02 06:00,-2145.44,-2161.7,-2127.1,12,1.0
2025-08-02 07:00,-2150.58,-2159.7,-2125.7,12,1.0
2025-08-02 08:00,-2150.71,-2170.2,-2140.9,12,1.0
2025-08-02 09:00,-2159.85,-2186.7,-2140.9,12,1.0
2025-08-02 10:00,-2159.12,-2173.2,-2146.3,12,1.0
2025-08-02 11:00,-2164.52,-2184.7,-2140.4,12,1.0
2025-08-02 12:00,-2153.14,-2166.2,-2136.0,12,1.0
2025-08-02 13:00,-2153.28,-2172.7,-2138.9,12,1.0
2025-08-02 14:00,-2146.86,-2160.7,-2117.4,12,1.0
2025-08-02 15:00,-2132.95,-2154.7,-2102.3,12,1.0
2025-08-02 16:00,-2118.71,-2128.6,-2104.2,12,1.0
2025-08-02 17:00,-2110.1,-2138.9,-2088.3,12,1.0
2025-08-02 18:00,-2103.02,-2115.9,-2091.2,12,1.0
2025-08-02 19:00,-2108.88,-2119.3,-2087.8,12,1.0
2025-08-02 20:00,-2105.44,-2123.2,-2085.4,12,1.0
2025-08-02 21:00,-2102.92,-2115.9,-2093.1,12,1.0
2025-08-02 22:00,-2109.4,-2120.3,-2098.0,12,1.0
2025-08-02 23:00,-2111.47,-2137.9,-2095.1,12,1.0
2025-08-03 00:00,-2122.07,-2147.8,-2105.2,12,1.0
2025-08-03 01:00,-2117.99,-2134.0,-2099.9,12,1.0
2025-08-03 02:00,-2130.1,-2141.4,-2110.1,12,1.0
2025-08-03 03:00,-2128.21,-2143.4,-2112.0,12,1.0
2025-08-03 04:00,-2138.18,-2152.8,-2123.2,12,1.0
2025-08-03 05:00,-2147.83,-2162.2,-2138.4,12,1.0
2025-08-03 06:00,-2144.83,-2174.2,-2117.4,12,1.0
2025-08-03 07:00,-2158.98,-2170.7,-2147.8,12,1.0
2025-08-03 08:00,-2162.81,-2183.2,-2146.8,12,1.0
2025-08-03 09:00,-2166.22,-2182.2,-2151.8,12,1.0
2025-08-03 10:00,-2161.22,-2175.2,-2145.3,12,1.0
2025-08-03 11:00,-2164.76,-2178.7,-2143.4,12,1.0
2025-08-03 12:00,-2160.63,-2177.2,-2131.1,12,1.0
2025-08-03 13:00,-2147.12,-2164.2,-2134.5,12,1.0
2025-08-03 14:00,-2142.11,-2160.7,-2123.2,12,1.0
2025-08-03 15:00,-2139.21,-2153.8,-2120.8,12,1.0
2025-08-03 16:00,-2130.59,-2144.3,-2114.9,12,1.0
2025-08-03 17:00,-2115.32,-2125.7,-2101.8,12,1.0
2025-08-03 18:00,-2110.98,-2130.6,-2098.4,12,1.0
2025-08-03 19:00,-2111.64,-2128.1,-2079.7,12,1.0
2025-08-03 20:00,-2115.28,-2129.6,-2089.8,12,1.0
2025-08-03 21:00,-2114.3,-2132.5,-2097.0,12,1.0
2025-08-03 22:00,-2126.28,-2140.9,-2107.2,12,1.0
2025-08-03 23:00,-2128.02,-2146.3,-2114.0,12,1.0
2025-08-04 00:00,-2138.85,-2152.3,-2123.7,12,1.0
2025-08-04 01:00,-2146.56,-2166.2,-2128.6,12,1.0
2025-08-04 02:00,-2153.99,-2175.2,-2137.0,12,1.0
2025-08-04 03:00,-2162.72,-2177.2,-2144.3,12,1.0
2025-08-04 04:00,-2169.96,-2192.3,-2154.7,12,1.0
2025-08-04 05:00,-2182.57,-2188.2,-2172.2,12,1.0
2025-08-04 06:00,-2183.41,-2219.2,-2153.3,12,1.0
2025-08-04 07:00,-2193.98,-2216.6,-2163.7,12,1.0
2025-08-04 08:00,-2195.9,-2226.9,-2174.2,12,1.0
2025-08-04 09:00,-2202.34,-2222.3,-2191.8,12,1.0
2025-08-04 10:00,-2198.2,-2210.5,-2185.2,12,1.0
2025-08-04 11:00,-2199.16,-2215.1,-2191.3,12,1.0
2025-08-04 12:00,-2202.59,-2220.2,-2185.2,12,1.0
2025-08-04 13:00,-2190.02,-2204.4,-2178.2,12,1.0
2025-08-04 14:00,-2187.17,-2196.8,-2176.2,12,1.0
2025-08-04 15:00,-2179.42,-2206.5,-2165.2,12,1.0
2025-08-04 16:00,-2166.25,-2186.7,-2147.3,12,1.0
2025-08-04 17:00,-2152.4,-2162.2,-2128.1,12,1.0
2025-08-04 18:00,-2155.86,-2174.7,-2133.0,12,1.0
2025-08-04 19:00,-2145.14,-2164.2,-2128.6,12,1.0
2025-08-04 20:00,-2141.08,-2158.7,-2122.7,12,1.0
2025-08-04 21:00,-2144.48,-2168.2,-2118.8,12,1.0
2025-08-04 22:00,-2150.04,-2156.2,-2133.0,12,1.0
2025-08-04 23:00,-2155.48,-2176.2,-2130.1,12,1.0
2025-08-05 00:00,-2161.69,-2183.7,-2143.9,12,1.0
2025-08-05 01:00,-2165.63,-2181.7,-2146.8,12,1.0
2025-08-05 02:00,-2179.51,-2192.3,-2161.7,12,1.0
2025-08-05 03:00,-2182.9,-2204.4,-2157.7,12,1.0
2025-08-05 04:00,-2183.02,-2202.4,-2170.7,12,1.0
2025-08-05 05:00,-2191.08,-2223.8,-2170.7,12,1.0
2025-08-05 06:00,-2195.08,-2221.8,-2172.2,12,1.0
2025-08-05 07:00,-2207.27,-2224.8,-2177.2,12,1.0
2025-08-05 08:00,-2205.23,-2227.4,-2180.7,12,1.0
2025-08-05 09:00,-2208.26,-2227.4,-2194.8,12,1.0
2025-08-05 10:00,-2213.96,-2237.2,-2195.3,12,1.0
2025-08-05 11:00,-2210.28,-2228.9,-2181.2,12,1.0
2025-08-05 12:00,-2204.46,-2233.0,-2189.3,12,1.0
2025-08-05 13:00,-2189.78,-2211.5,-2171.2,12,1.0
2025-08-05 14:00,-2190.36,-2218.7,-2165.2,12,1.0
2025-08-05 15:00,-2179.4,-2202.9,-2156.2,12,1.0
2025-08-05 16:00,-2162.15,-2180.2,-2138.4,12,1.0
2025-08-05 17:00,-2157.19,-2177.7,-2144.3,12,1.0
2025-08-05 18:00,-2143.34,-2164.2,-2119.3,12,1.0
2025-08-05 19:00,-2138.43,-2165.2,-2114.0,12,1.0
2025-08-05 20:00,-2143.91,-2160.7,-2132.0,12,1.0
2025-08-05 21:00,-2143.02,-2165.7,-2129.6,12,1.0
2025-08-05 22:00,-2140.26,-2152.8,-2123.7,12,1.0
2025-08-05 23:00,-2147.06,-2166.2,-2126.2,12,1.0
2025-08-06 00:00,-2159.82,-2183.7,-2138.4,12,1.0
2025-08-06 01:00,-2162.42,-2174.2,-2150.3,12,1.0
2025-08-06 02:00,-2165.17,-2177.7,-2149.8,12,1.0
2025-08-06 03:00,-2177.57,-2196.3,-2147.8,12,1.0
2025-08-06 04:00,-2184.06,-2200.9,-2173.2,12,1.0
2025-08-06 05:00,-2180.97,-2193.8,-2168.2,12,1.0
2025-08-06 06:00,-2184.05,-2210.0,-2169.2,12,1.0
2025-08-06 07:00,-2188.83,-2214.1,-2167.7,12,1.0
2025-08-06 08:00,-2198.2,-2212.1,-2172.2,12,1.0
2025-08-06 09:00,-2203.27,-2215.1,-2188.7,12,1.0
2025-08-06 10:00,-2205.8,-2226.9,-2193.3,12,1.0
2025-08-06 11:00,-2201.13,-2224.8,-2188.7,12,1.0
2025-08-06 12:00,-2206.02,-2238.7,-2192.3,12,1.0
2025-08-06 13:00,-2193.98,-2214.1,-2172.7,12,1.0
2025-08-06 14:00,-2175.66,-2188.7,-2155.7,12,1.0
2025-08-06 15:00,-2170.34,-2191.3,-2153.8,12,1.0
2025-08-06 16:00,-2153.48,-2170.2,-2137.9,12,1.0
2025-08-06 17:00,-2138.15,-2156.7,-2118.3,12,1.0
2025-08-06 18:00,-2126.54,-2141.9,-2110.5,12,1.0
2025-08-06 19:00,-2124.69,-2146.8,-2097.5,12,1.0
2025-08-06 20:00,-2122.31,-2136.5,-2097.0,12,1.0
2025-08-06 21:00,-2127.74,-2156.2,-2116.9,12,1.0
2025-08-06 22:00,-2137.98,-2163.2,-2113.5,12,1.0
2025-08-06 23:00,-2140.08,-2167.7,-2120.3,12,1.0
2025-08-07 00:00,-2143.47,-2156.7,-2123.2,12,1.0
2025-08-07 01:00,-2146.29,-2161.2,-2137.9,12,1.0
2025-08-07 02:00,-2154.39,-2167.7,-2141.4,12,1.0
2025-08-07 03:00,-2163.68,-2176.7,-2149.3,12,1.0
2025-08-07 04:00,-2165.51,-2178.2,-2143.4,12,1.0
2025-08-07 05:00,-2176.04,-2195.3,-2154.2,12,1.0
2025-08-07 06:00,-2171.05,-2189.8,-2152.8,12,1.0
2025-08-07 07:00,-2183.45,-2201.4,-2164.7,12,1.0
2025-08-07 08:00,-2178.68,-2194.3,-2155.2,12,1.0
2025-08-07 09:00,-2182.61,-2202.4,-2173.2,12,1.0
2025-08-07 10:00,-2186.58,-2200.4,-2161.7,12,1.0
2025-08-07 11:00,-2186.58,-2202.4,-2171.7,12,1.0
2025-08-07 12:00,-2174.96,-2189.3,-2157.2,12,1.0
2025-08-07 13:00,-2180.28,-2199.9,-2158.7,12,1.0
2025-08-07 14:00,-2173.74,-2185.2,-2156.7,12,1.0
2025-08-07 15:00,-2159.66,-2177.2,-2131.5,12,1.0
2025-08-07 16:00,-2142.35,-2156.2,-2122.7,12,1.0
2025-08-07 17:00,-2127.65,-2144.3,-2111.0,12,1.0
2025-08-07 18:00,-2121.69,-2144.3,-2107.6,12,1.0
2025-08-07 19:00,-2113.22,-2124.2,-2099.9,12,1.0
2025-08-07 20:00,-2106.74,-2127.1,-2088.8,12,1.0
2025-08-07 21:00,-2111.76,-2125.7,-2082.6,12,1.0
2025-08-07 22:00,-2118.85,-2137.4,-2100.4,12,1.0
2025-08-07 23:00,-2110.7,-2128.6,-2095.1,12,1.0
2025-08-08 00:00,-2119.92,-2143.9,-2104.7,12,1.0
2025-08-08 01:00,-2124.38,-2134.5,-2112.0,12,1.0
2025-08-08 02:00,-2124.78,-2139.9,-2110.1,12,1.0
2025-08-08 03:00,-2128.11,-2150.3,-2112.5,12,1.0
2025-08-08 04:00,-2134.08,-2146.8,-2112.5,12,1.0
2025-08-08 05:00,-2137.84,-2148.3,-2126.2,12,1.0
2025-08-08 06:00,-2144.5,-2168.2,-2129.1,12,1.0
2025-08-08 07:00,-2146.38,-2159.2,-2134.5,12,1.0
2025-08-08 08:00,-2152.78,-2183.7,-2129.1,12,1.0
2025-08-08 09:00,-2153.65,-2171.7,-2138.4,12,1.0
2025-08-08 10:00,-2149.45,-2168.2,-2124.2,12,1.0
2025-08-08 11:00,-2144.98,-2159.7,-2123.2,12,1.0
2025-08-08 12:00,-2148.0,-2160.7,-2130.1,12,1.0
2025-08-08 13:00,-2140.04,-2155.2,-2123.7,12,1.0
2025-08-08 14:00,-2130.33,-2154.2,-2103.8,12,1.0
2025-08-08 15:00,-2120.03,-2141.9,-2105.7,12,1.0
2025-08-08 16:00,-2101.86,-2130.6,-2065.4,12,1.0
2025-08-08 17:00,-2089.43,-2110.1,-2072.5,12,1.0
2025-08-08 18:00,-2073.28,-2094.1,-2060.1,12,1.0
2025-08-08 19:00,-2067.22,-2079.7,-2057.8,12,1.0
2025-08-08 20:00,-2068.17,-2077.8,-2052.6,12,1.0
2025-08-08 21:00,-2071.76,-2091.7,-2052.1,12,1.0
2025-08-08 22:00,-2065.08,-2080.6,-2050.2,12,1.0
2025-08-08 23:00,-2074.69,-2094.6,-2058.2,12,1.0
2025-08-09 00:00,-2078.19,-2094.6,-2060.6,12,1.0
2025-08-09 01:00,-2082.72,-2093.6,-2068.2,12,1.0
2025-08-09 02:00,-2082.74,-2098.0,-2070.6,12,1.0
2025-08-09 03:00,-2090.67,-2106.2,-2065.4,12,1.0
2025-08-09 04:00,-2103.75,-2117.9,-2085.4,12,1.0
2025-08-09 05:00,-2102.21,-2118.3,-2088.3,12,1.0
2025-08-09 06:00,-2108.96,-2125.2,-2088.8,12,1.0
2025-08-09 07:00,-2115.96,-2126.6,-2103.3,12,1.0
2025-08-09 08:00,-2125.36,-2140.4,-2106.7,12,1.0
2025-08-09 09:00,-2122.91,-2146.8,-2108.1,12,1.0
2025-08-09 10:00,-2126.0,-2152.8,-2103.3,12,1.0
2025-08-09 11:00,-2123.21,-2139.9,-2100.4,12,1.0
2025-08-09 12:00,-2119.0,-2133.0,-2099.4,12,1.0
2025-08-09 13:00,-2120.27,-2139.4,-2105.2,12,1.0
2025-08-09 14:00,-2105.33,-2130.1,-2076.8,12,1.0
2025-08-09 15:00,-2095.13,-2110.1,-2070.6,12,1.0
2025-08-09 16:00,-2081.12,-2091.7,-2065.8,12,1.0
2025-08-09 17:00,-2073.92,-2095.5,-2060.6,12,1.0
2025-08-09 18:00,-2064.57,-2084.9,-2044.5,12,1.0
2025-08-09 19:00,-2055.76,-2094.1,-2043.1,12,1.0
2025-08-09 20:00,-2055.13,-2061.6,-2046.9,12,1.0
2025-08-09 21:00,-2058.88,-2068.2,-2034.7,12,1.0
2025-08-09 22:00,-2058.28,-2082.1,-2038.4,12,1.0
2025-08-09 23:00,-2070.39,-2081.6,-2045.0,12,1.0
2025-08-10 00:00,-2073.28,-2104.7,-2059.2,12,1.0
2025-08-10 01:00,-2077.78,-2090.2,-2066.8,12,1.0
2025-08-10 02:00,-2083.74,-2100.4,-2065.4,12,1.0
2025-08-10 03:00,-2082.93,-2104.7,-2071.1,12,1.0
2025-08-10 04:00,-2087.94,-2107.6,-2075.4,12,1.0
2025-08-10 05:00,-2091.78,-2121.8,-2066.3,12,1.0
2025-08-10 06:00,-2103.13,-2113.5,-2090.7,12,1.0
2025-08-10 07:00,-2109.27,-2127.1,-2084.5,12,1.0
2025-08-10 08:00,-2111.07,-2130.6,-2095.1,12,1.0
2025-08-10 09:00,-2113.86,-2129.6,-2088.3,12,1.0
2025-08-10 10:00,-2122.59,-2135.0,-2110.1,12,1.0
2025-08-10 11:00,-2117.43,-2134.0,-2091.7,12,1.0
2025-08-10 12:00,-2113.38,-2145.3,-2098.4,12,1.0
2025-08-10 13:00,-2107.27,-2119.3,-2094.1,12,1.0
2025-08-10 14:00,-2096.17,-2117.9,-2081.1,12,1.0
2025-08-10 15:00,-2084.59,-2098.4,-2052.6,12,1.0
2025-08-10 16:00,-2073.91,-2093.1,-2045.0,12,1.0
2025-08-10 17:00,-2071.46,-2087.8,-2059.7,12,1.0
2025-08-10 18:00,-2056.48,-2080.6,-2037.0,12,1.0
2025-08-10 19:00,-2065.07,-2081.6,-2048.8,12,1.0
2025-08-10 20:00,-2061.9,-2077.3,-2036.6,12,1.0
2025-08-10 21:00,-2063.28,-2078.2,-2041.2,12,1.0
2025-08-10 22:00,-2063.81,-2083.5,-2046.0,12,1.0
2025-08-10 23:00,-2071.11,-2089.8,-2059.2,12,1.0
2025-08-11 00:00,-2081.27,-2103.3,-2064.4,12,1.0
2025-08-11 01:00,-2083.05,-2095.1,-2066.3,12,1.0
2025-08-11 02:00,-2091.27,-2110.5,-2074.4,12,1.0
2025-08-11 03:00,-2094.33,-2114.4,-2075.4,12,1.0
2025-08-11 04:00,-2096.61,-2115.9,-2062.5,12,1.0
2025-08-11 05:00,-2107.27,-2119.3,-2081.6,12,1.0
2025-08-11 06:00,-2113.74,-2137.9,-2091.7,12,1.0
2025-08-11 07:00,-2112.38,-2137.9,-2081.1,12,1.0
2025-08-11 08:00,-2121.62,-2140.4,-2105.7,12,1.0
2025-08-11 09:00,-2128.22,-2149.8,-2112.5,12,1.0
2025-08-11 10:00,-2127.82,-2147.8,-2114.0,12,1.0
2025-08-11 11:00,-2127.25,-2151.8,-2107.6,12,1.0
2025-08-11 12:00,-2124.23,-2135.5,-2111.0,12,1.0
2025-08-11 13:00,-2113.92,-2129.1,-2100.9,12,1.0
2025-08-11 14:00,-2112.89,-2128.1,-2094.1,12,1.0
2025-08-11 15:00,-2097.69,-2114.4,-2085.4,12,1.0
2025-08-11 16:00,-2090.98,-2121.8,-2073.0,12,1.0
2025-08-11 17:00,-2083.33,-2094.1,-2072.0,12,1.0
2025-08-11 18:00,-2068.5,-2084.9,-2037.0,12,1.0
2025-08-11 19:00,-2064.0,-2082.1,-2049.3,12,1.0
2025-08-11 20:00,-2069.53,-2083.0,-2057.3,12,1.0
2025-08-11 21:00,-2069.38,-2076.8,-2048.8,12,1.0
2025-08-11 22:00,-2073.14,-2087.4,-2053.0,12,1.0
2025-08-11 23:00,-2077.65,-2090.2,-2066.8,12,1.0
2025-08-12 00:00,-2084.61,-2100.9,-2072.5,12,1.0
2025-08-12 01:00,-2092.7,-2114.9,-2075.8,12,1.0
2025-08-12 02:00,-2100.4,-2114.0,-2086.4,12,1.0
2025-08-12 03:00,-2104.28,-2120.8,-2082.6,12,1.0
2025-08-12 04:00,-2114.08,-2135.0,-2096.5,12,1.0
2025-08-12 05:00,-2120.29,-2133.0,-2105.2,12,1.0
2025-08-12 06:00,-2121.42,-2131.5,-2110.1,12,1.0
2025-08-12 07:00,-2123.98,-2140.4,-2099.4,12,1.0
2025-08-12 08:00,-2121.45,-2134.0,-2106.7,12,1.0
2025-08-12 09:00,-2132.14,-2143.9,-2120.3,12,1.0
2025-08-12 10:00,-2128.44,-2143.4,-2110.5,12,1.0
2025-08-12 11:00,-2130.02,-2144.8,-2112.5,12,1.0
2025-08-12 12:00,-2118.49,-2132.0,-2097.0,12,1.0
2025-08-12 13:00,-2106.91,-2128.1,-2091.7,12,1.0
2025-08-12 14:00,-2104.52,-2123.2,-2078.2,12,1.0
2025-08-12 15:00,-2094.04,-2105.2,-2078.2,12,1.0
2025-08-12 16:00,-2085.08,-2106.2,-2067.3,12,1.0
2025-08-12 17:00,-2077.55,-2089.8,-2062.0,12,1.0
2025-08-12 18:00,-2074.92,-2092.2,-2059.2,12,1.0
2025-08-12 19:00,-2080.95,-2099.9,-2062.0,12,1.0
2025-08-12 20:00,-2095.96,-2109.1,-2077.8,12,1.0
2025-08-12 21:00,-2093.43,-2114.9,-2073.9,12,1.0
2025-08-12 22:00,-2101.2,-2123.2,-2088.8,12,1.0
2025-08-12 23:00,-2100.41,-2120.8,-2079.7,12,1.0
2025-08-13 00:00,-2102.77,-2117.4,-2091.2,12,1.0
2025-08-13 01:00,-2110.83,-2125.2,-2092.6,12,1.0
2025-08-13 02:00,-2113.56,-2126.6,-2098.9,12,1.0
2025-08-13 03:00,-2114.03,-2130.6,-2099.9,12,1.0
2025-08-13 04:00,-2114.19,-2129.6,-2099.9,12,1.0
2025-08-13 05:00,-2111.85,-2131.1,-2092.6,12,1.0
2025-08-13 06:00,-2112.15,-2132.0,-2095.5,12,1.0
2025-08-13 07:00,-2128.25,-2149.3,-2118.3,12,1.0
2025-08-13 08:00,-2121.38,-2136.0,-2096.5,12,1.0
2025-08-13 09:00,-2121.93,-2142.9,-2100.4,12,1.0
2025-08-13 10:00,-2119.01,-2135.5,-2107.6,12,1.0
2025-08-13 11:00,-2117.55,-2137.9,-2099.9,12,1.0
2025-08-13 12:00,-2110.52,-2120.3,-2093.6,12,1.0
2025-08-13 13:00,-2105.55,-2131.5,-2087.8,12,1.0
2025-08-13 14:00,-2089.66,-2108.1,-2075.4,12,1.0
2025-08-13 15:00,-2079.49,-2092.2,-2070.1,12,1.0
2025-08-13 16:00,-2066.97,-2082.1,-2044.1,12,1.0
2025-08-13 17:00,-2052.77,-2068.7,-2038.9,12,1.0
2025-08-13 18:00,-2049.43,-2066.3,-2039.8,12,1.0
2025-08-13 19:00,-2051.28,-2063.9,-2038.9,12,1.0
2025-08-13 20:00,-2059.4,-2069.2,-2046.0,12,1.0
2025-08-13 21:00,-2059.87,-2080.6,-2047.4,12,1.0
2025-08-13 22:00,-2067.84,-2092.6,-2043.6,12,1.0
2025-08-13 23:00,-2074.94,-2103.3,-2058.7,12,1.0
2025-08-14 00:00,-2075.69,-2086.4,-2062.5,12,1.0
2025-08-14 01:00,-2074.88,-2094.1,-2060.1,12,1.0
2025-08-14 02:00,-2081.43,-2103.3,-2053.5,12,1.0
2025-08-14 03:00,-2084.29,-2099.9,-2063.9,12,1.0
2025-08-14 04:00,-2085.29,-2105.7,-2070.1,12,1.0
2025-08-14 05:00,-2092.4,-2106.7,-2075.4,12,1.0
2025-08-14 06:00,-2085.54,-2102.8,-2069.2,12,1.0
2025-08-14 07:00,-2088.1,-2106.2,-2066.8,12,1.0
2025-08-14 08:00,-2098.12,-2120.8,-2083.0,12,1.0
2025-08-14 09:00,-2098.25,-2120.3,-2078.7,12,1.0
2025-08-14 10:00,-2102.34,-2125.7,-2084.0,12,1.0
2025-08-14 11:00,-2088.1,-2104.2,-2070.1,12,1.0
2025-08-14 12:00,-2095.55,-2111.5,-2085.9,12,1.0
2025-08-14 13:00,-2088.09,-2102.8,-2075.8,12,1.0
2025-08-14 14:00,-2083.13,-2093.6,-2071.6,12,1.0
2025-08-14 15:00,-2074.98,-2103.8,-2054.0,12,1.0
2025-08-14 16:00,-2071.77,-2088.3,-2057.8,12,1.0
2025-08-14 17:00,-2062.38,-2073.0,-2042.2,12,1.0
2025-08-14 18:00,-2059.58,-2081.1,-2031.4,12,1.0
2025-08-14 19:00,-2062.35,-2079.2,-2051.1,12,1.0
2025-08-14 20:00,-2075.64,-2093.1,-2063.5,12,1.0
2025-08-14 21:00,-2081.29,-2090.2,-2070.6,12,1.0
2025-08-14 22:00,-2086.81,-2112.0,-2075.8,12,1.0
2025-08-14 23:00,-2093.43,-2110.5,-2080.2,12,1.0
2025-08-15 00:00,-2110.0,-2117.9,-2098.0,12,1.0
2025-08-15 01:00,-2110.33,-2121.8,-2088.8,12,1.0
2025-08-15 02:00,-2114.17,-2126.2,-2102.8,12,1.0
2025-08-15 03:00,-2120.53,-2129.1,-2108.6,12,1.0
2025-08-15 04:00,-2121.43,-2152.8,-2102.3,12,1.0
2025-08-15 05:00,-2132.28,-2155.2,-2112.0,12,1.0
2025-08-15 06:00,-2136.36,-2155.7,-2116.4,12,1.0
2025-08-15 07:00,-2139.59,-2151.8,-2122.2,12,1.0
2025-08-15 08:00,-2145.48,-2158.2,-2130.6,12,1.0
2025-08-15 09:00,-2144.84,-2164.7,-2114.9,12,1.0
2025-08-15 10:00,-2152.06,-2171.7,-2127.1,12,1.0
2025-08-15 11:00,-2155.28,-2171.2,-2126.2,12,1.0
2025-08-15 12:00,-2148.8,-2178.2,-2133.0,12,1.0
2025-08-15 13:00,-2140.83,-2161.7,-2123.2,12,1.0
2025-08-15 14:00,-2135.14,-2154.7,-2116.4,12,1.0
2025-08-15 15:00,-2125.37,-2141.4,-2108.1,12,1.0
2025-08-15 16:00,-2123.58,-2144.8,-2105.2,12,1.0
2025-08-15 17:00,-2115.0,-2139.4,-2092.6,12,1.0
2025-08-15 18:00,-2117.2,-2135.5,-2096.5,12,1.0
2025-08-15 19:00,-2113.91,-2128.6,-2096.5,12,1.0
2025-08-15 20:00,-2123.62,-2136.0,-2097.5,12,1.0
2025-08-15 21:00,-2137.43,-2159.7,-2115.4,12,1.0
2025-08-15 22:00,-2140.06,-2154.2,-2118.3,12,1.0
2025-08-15 23:00,-2149.05,-2175.2,-2119.8,12,1.0
2025-08-16 00:00,-2163.56,-2183.7,-2152.3,12,1.0
2025-08-16 01:00,-2169.72,-2189.3,-2146.8,12,1.0
2025-08-16 02:00,-2177.47,-2195.8,-2163.7,12,1.0
2025-08-16 03:00,-2176.54,-2197.8,-2162.2,12,1.0
2025-08-16 04:00,-2173.09,-2194.8,-2153.8,12,1.0
2025-08-16 05:00,-2185.16,-2200.9,-2172.2,12,1.0
2025-08-16 06:00,-2191.44,-2210.5,-2174.2,12,1.0
2025-08-16 07:00,-2191.28,-2205.9,-2178.2,12,1.0
2025-08-16 08:00,-2191.69,-2229.4,-2175.2,12,1.0
2025-08-16 09:00,-2192.38,-2208.0,-2181.2,12,1.0
2025-08-16 10:00,-2187.59,-2214.6,-2153.3,12,1.0
2025-08-16 11:00,-2186.84,-2205.9,-2174.2,12,1.0
2025-08-16 12:00,-2173.63,-2193.3,-2153.3,12,1.0
2025-08-16 13:00,-2173.28,-2187.2,-2156.7,12,1.0
2025-08-16 14:00,-2171.34,-2191.3,-2145.8,12,1.0
2025-08-16 15:00,-2163.31,-2179.2,-2144.8,12,1.0
2025-08-16 16:00,-2164.82,-2172.2,-2154.2,12,1.0
2025-08-16 17:00,-2164.06,-2186.2,-2147.3,12,1.0
2025-08-16 18:00,-2160.72,-2175.7,-2147.3,12,1.0
2025-08-16 19:00,-2166.8,-2184.2,-2149.3,12,1.0
2025-08-16 20:00,-2177.35,-2196.3,-2160.2,12,1.0
2025-08-16 21:00,-2183.42,-2199.9,-2162.2,12,1.0
2025-08-16 22:00,-2194.38,-2218.7,-2179.7,12,1.0
2025-08-16 23:00,-2203.42,-2222.3,-2174.7,12,1.0
2025-08-17 00:00,-2210.29,-2223.8,-2186.7,12,1.0
2025-08-17 01:00,-2210.72,-2225.8,-2190.3,12,1.0
2025-08-17 02:00,-2212.52,-2240.8,-2190.8,12,1.0
2025-08-17 03:00,-2220.48,-2251.1,-2196.8,12,1.0
2025-08-17 04:00,-2215.86,-2234.1,-2199.9,12,1.0
2025-08-17 05:00,-2230.51,-2259.4,-2204.4,12,1.0
2025-08-17 06:00,-2233.49,-2249.5,-2214.1,12,1.0
2025-08-17 07:00,-2233.29,-2259.4,-2208.0,12,1.0
2025-08-17 08:00,-2235.62,-2257.3,-2225.3,12,1.0
2025-08-17 09:00,-2235.59,-2251.6,-2220.2,12,1.0
2025-08-17 10:00,-2239.58,-2263.1,-2223.3,12,1.0
2025-08-17 11:00,-2243.57,-2258.4,-2226.9,12,1.0
2025-08-17 12:00,-2237.76,-2248.5,-2221.2,12,1.0
2025-08-17 13:00,-2231.38,-2245.9,-2216.1,12,1.0
2025-08-17 14:00,-2225.74,-2239.2,-2204.4,12,1.0
2025-08-17 15:00,-2214.58,-2230.5,-2198.3,12,1.0
2025-08-17 16:00,-2205.22,-2230.0,-2187.2,12,1.0
2025-08-17 17:00,-2199.88,-2230.5,-2172.2,12,1.0
2025-08-17 18:00,-2195.77,-2210.5,-2176.7,12,1.0
2025-08-17 19:00,-2199.02,-2220.2,-2171.7,12,1.0
2025-08-17 20:00,-2192.47,-2208.5,-2179.2,12,1.0
2025-08-17 21:00,-2192.01,-2208.5,-2174.2,12,1.0
2025-08-17 22:00,-2192.92,-2213.1,-2183.7,12,1.0
2025-08-17 23:00,-2200.55,-2211.5,-2189.8,12,1.0
2025-08-18 00:00,-2203.05,-2224.3,-2183.2,12,1.0
2025-08-18 01:00,-2206.67,-2229.4,-2175.7,12,1.0
2025-08-18 02:00,-2213.61,-2236.6,-2195.8,12,1.0
2025-08-18 03:00,-2210.6,-2231.5,-2194.8,12,1.0
2025-08-18 04:00,-2230.47,-2256.3,-2205.9,12,1.0
2025-08-18 05:00,-2222.79,-2239.7,-2210.0,12,1.0
2025-08-18 06:00,-2223.31,-2236.6,-2199.9,12,1.0
2025-08-18 07:00,-2231.68,-2248.0,-2208.0,12,1.0
2025-08-18 08:00,-2235.45,-2251.6,-2222.8,12,1.0
2025-08-18 09:00,-2238.81,-2253.2,-2218.7,12,1.0
2025-08-18 10:00,-2235.72,-2278.2,-2216.6,12,1.0
2025-08-18 11:00,-2228.63,-2254.7,-2200.9,12,1.0
2025-08-18 12:00,-2224.05,-2238.7,-2207.0,12,1.0
2025-08-18 13:00,-2218.67,-2237.2,-2197.8,12,1.0
2025-08-18 14:00,-2212.39,-2234.6,-2197.3,12,1.0
2025-08-18 15:00,-2199.94,-2221.2,-2175.7,12,1.0
2025-08-18 16:00,-2193.13,-2207.5,-2181.2,12,1.0
2025-08-18 17:00,-2196.51,-2213.6,-2171.7,12,1.0
2025-08-18 18:00,-2202.85,-2218.7,-2184.7,12,1.0
2025-08-18 19:00,-2209.79,-2233.0,-2191.8,12,1.0
2025-08-18 20:00,-2216.62,-2242.3,-2204.9,12,1.0
2025-08-18 21:00,-2222.95,-2255.8,-2204.9,12,1.0
2025-08-18 22:00,-2233.29,-2255.8,-2209.5,12,1.0
2025-08-18 23:00,-2233.82,-2263.1,-2209.0,12,1.0
2025-08-19 00:00,-2240.19,-2268.8,-2225.8,12,1.0
2025-08-19 01:00,-2237.28,-2260.5,-2219.2,12,1.0
2025-08-19 02:00,-2243.9,-2261.5,-2221.8,12,1.0
2025-08-19 03:00,-2246.12,-2264.6,-2226.9,12,1.0
2025-08-19 04:00,-2247.62,-2263.1,-2224.8,12,1.0
2025-08-19 05:00,-2258.23,-2288.2,-2243.9,12,1.0
2025-08-19 06:00,-2259.24,-2272.5,-2240.8,12,1.0
2025-08-19 07:00,-2252.09,-2268.3,-2223.8,12,1.0
2025-08-19 08:00,-2255.29,-2271.4,-2231.5,12,1.0
2025-08-19 09:00,-2257.14,-2277.7,-2240.2,12,1.0
2025-08-19 10:00,-2257.0,-2269.3,-2243.3,12,1.0
2025-08-19 11:00,-2251.08,-2270.4,-2238.7,12,1.0
2025-08-19 12:00,-2250.5,-2264.1,-2232.5,12,1.0
2025-08-19 13:00,-2241.31,-2271.4,-2221.2,12,1.0
2025-08-19 14:00,-2233.18,-2256.3,-2222.8,12,1.0
2025-08-19 15:00,-2216.82,-2232.5,-2206.5,12,1.0
2025-08-19 16:00,-2208.12,-2222.8,-2196.3,12,1.0
2025-08-19 17:00,-2198.67,-2209.0,-2177.2,12,1.0
2025-08-19 18:00,-2194.55,-2221.8,-2178.7,12,1.0
2025-08-19 19:00,-2186.99,-2202.9,-2174.7,12,1.0
2025-08-19 20:00,-2191.97,-2216.1,-2170.2,12,1.0
2025-08-19 21:00,-2190.59,-2208.5,-2167.7,12,1.0
2025-08-19 22:00,-2193.43,-2207.5,-2182.2,12,1.0
2025-08-19 23:00,-2195.44,-2204.9,-2182.7,12,1.0
2025-08-20 00:00,-2198.73,-2217.2,-2169.7,12,1.0
2025-08-20 01:00,-2201.39,-2219.2,-2187.7,12,1.0
2025-08-20 02:00,-2207.97,-2224.3,-2188.2,12,1.0
2025-08-20 03:00,-2214.7,-2230.0,-2201.4,12,1.0
2025-08-20 04:00,-2213.25,-2235.6,-2201.4,12,1.0
2025-08-20 05:00,-2215.94,-2233.0,-2196.8,12,1.0
2025-08-20 06:00,-2221.32,-2248.0,-2205.4,12,1.0
2025-08-20 07:00,-2218.91,-2232.0,-2202.4,12,1.0
2025-08-20 08:00,-2216.08,-2244.9,-2194.3,12,1.0
2025-08-20 09:00,-2220.26,-2238.7,-2201.4,12,1.0
2025-08-20 10:00,-2223.15,-2244.9,-2194.8,12,1.0
2025-08-20 11:00,-2210.25,-2222.8,-2191.8,12,1.0
2025-08-20 12:00,-2206.72,-2225.3,-2196.8,12,1.0
2025-08-20 13:00,-2200.41,-2225.8,-2172.7,12,1.0
2025-08-20 14:00,-2196.39,-2213.6,-2179.2,12,1.0
2025-08-20 15:00,-2189.61,-2232.0,-2172.7,12,1.0
2025-08-20 16:00,-2181.01,-2210.0,-2163.2,12,1.0
2025-08-20 17:00,-2167.5,-2180.2,-2150.3,12,1.0
2025-08-20 18:00,-2167.71,-2186.7,-2148.3,12,1.0
2025-08-20 19:00,-2170.6,-2191.3,-2150.3,12,1.0
2025-08-20 20:00,-2171.38,-2186.7,-2152.3,12,1.0
2025-08-20 21:00,-2170.39,-2195.3,-2150.3,12,1.0
2025-08-20 22:00,-2165.48,-2180.7,-2149.3,12,1.0
2025-08-20 23:00,-2173.53,-2187.2,-2159.2,12,1.0
2025-08-21 00:00,-2175.93,-2191.3,-2152.3,12,1.0
2025-08-21 01:00,-2181.94,-2198.3,-2161.7,12,1.0
2025-08-21 02:00,-2184.53,-2202.9,-2165.7,12,1.0
2025-08-21 03:00,-2202.14,-2231.0,-2186.7,12,1.0
2025-08-21 04:00,-2200.5,-2214.6,-2171.7,12,1.0
2025-08-21 05:00,-2203.52,-2218.7,-2184.7,12,1.0
2025-08-21 06:00,-2205.61,-2219.7,-2182.7,12,1.0
2025-08-21 07:00,-2204.48,-2230.0,-2182.2,12,1.0
2025-08-21 08:00,-2207.98,-2220.2,-2196.8,12,1.0
2025-08-21 09:00,-2206.01,-2230.0,-2182.7,12,1.0
2025-08-21 10:00,-2202.24,-2217.2,-2191.8,12,1.0
2025-08-21 11:00,-2202.53,-2225.8,-2186.7,12,1.0
2025-08-21 12:00,-2197.02,-2209.5,-2180.2,12,1.0
2025-08-21 13:00,-2189.33,-2206.5,-2163.7,12,1.0
2025-08-21 14:00,-2187.72,-2203.4,-2164.7,12,1.0
2025-08-21 15:00,-2179.85,-2191.8,-2170.2,12,1.0
2025-08-21 16:00,-2176.97,-2197.3,-2159.2,12,1.0
2025-08-21 17:00,-2171.71,-2196.3,-2156.2,12,1.0
2025-08-21 18:00,-2170.72,-2192.8,-2145.8,12,1.0
2025-08-21 19:00,-2164.6,-2181.2,-2147.8,12,1.0
2025-08-21 20:00,-2162.52,-2178.7,-2142.4,12,1.0
2025-08-21 21:00,-2172.22,-2185.7,-2139.4,12,1.0
2025-08-21 22:00,-2171.13,-2191.8,-2152.8,12,1.0
2025-08-21 23:00,-2173.17,-2186.2,-2152.8,12,1.0
2025-08-22 00:00,-2182.09,-2211.5,-2160.2,12,1.0
2025-08-22 01:00,-2185.84,-2199.9,-2157.7,12,1.0
2025-08-22 02:00,-2201.52,-2222.3,-2187.2,12,1.0
2025-08-22 03:00,-2199.68,-2218.2,-2188.7,12,1.0
2025-08-22 04:00,-2204.39,-2217.2,-2170.7,12,1.0
2025-08-22 05:00,-2209.58,-2232.0,-2192.8,12,1.0
2025-08-22 06:00,-2216.42,-2235.1,-2203.9,12,1.0
2025-08-22 07:00,-2219.22,-2235.6,-2207.5,12,1.0
2025-08-22 08:00,-2227.08,-2241.3,-2209.5,12,1.0
2025-08-22 09:00,-2226.52,-2238.2,-2214.6,12,1.0
2025-08-22 10:00,-2231.2,-2251.6,-2210.0,12,1.0
2025-08-22 11:00,-2237.78,-2278.2,-2206.5,12,1.0
2025-08-22 12:00,-2238.54,-2252.7,-2224.8,12,1.0
2025-08-22 13:00,-2234.95,-2254.7,-2221.2,12,1.0
2025-08-22 14:00,-2227.88,-2241.8,-2203.9,12,1.0
2025-08-22 15:00,-2226.48,-2251.6,-2204.9,12,1.0
2025-08-22 16:00,-2215.5,-2229.4,-2201.9,12,1.0
2025-08-22 17:00,-2210.05,-2230.5,-2194.3,12,1.0
2025-08-22 18:00,-2207.71,-2224.8,-2184.2,12,1.0
2025-08-22 19:00,-2205.58,-2221.8,-2189.3,12,1.0
2025-08-22 20:00,-2204.66,-2223.8,-2185.2,12,1.0
2025-08-22 21:00,-2215.17,-2231.5,-2198.8,12,1.0
2025-08-22 22:00,-2221.12,-2252.1,-2199.9,12,1.0
2025-08-22 23:00,-2219.17,-2234.1,-2204.4,12,1.0
2025-08-23 00:00,-2222.75,-2250.1,-2199.4,12,1.0
2025-08-23 01:00,-2229.46,-2241.3,-2215.1,12,1.0
2025-08-23 02:00,-2226.16,-2244.9,-2196.8,12,1.0
2025-08-23 03:00,-2235.62,-2250.1,-2214.1,12,1.0
2025-08-23 04:00,-2237.78,-2265.1,-2215.1,12,1.0
2025-08-23 05:00,-2245.38,-2251.6,-2222.8,12,1.0
2025-08-23 06:00,-2247.64,-2261.0,-2231.0,12,1.0
2025-08-23 07:00,-2247.98,-2272.5,-2234.6,12,1.0
2025-08-23 08:00,-2239.83,-2260.5,-2227.4,12,1.0
2025-08-23 09:00,-2251.26,-2267.8,-2233.0,12,1.0
2025-08-23 10:00,-2249.53,-2264.1,-2220.7,12,1.0
2025-08-23 11:00,-2241.8,-2264.6,-2225.3,12,1.0
2025-08-23 12:00,-2237.38,-2256.8,-2211.0,12,1.0
2025-08-23 13:00,-2241.65,-2257.9,-2227.9,12,1.0
2025-08-23 14:00,-2229.09,-2251.6,-2209.0,12,1.0
2025-08-23 15:00,-2223.74,-2238.7,-2203.9,12,1.0
2025-08-23 16:00,-2216.58,-2233.0,-2197.8,12,1.0
2025-08-23 17:00,-2213.27,-2224.3,-2189.8,12,1.0
2025-08-23 18:00,-2215.09,-2242.8,-2203.9,12,1.0
2025-08-23 19:00,-2216.96,-2233.0,-2200.4,12,1.0
2025-08-23 20:00,-2223.3,-2255.8,-2207.0,12,1.0
2025-08-23 21:00,-2233.63,-2255.8,-2210.0,12,1.0
2025-08-23 22:00,-2236.78,-2254.7,-2223.3,12,1.0
2025-08-23 23:00,-2237.95,-2253.2,-2220.7,12,1.0
2025-08-24 00:00,-2249.48,-2270.9,-2238.7,12,1.0
2025-08-24 01:00,-2253.46,-2268.3,-2240.2,12,1.0
2025-08-24 02:00,-2259.05,-2272.5,-2244.4,12,1.0
2025-08-24 03:00,-2263.27,-2280.3,-2230.5,12,1.0
2025-08-24 04:00,-2264.04,-2284.0,-2252.7,12,1.0
2025-08-24 05:00,-2267.22,-2288.2,-2241.8,12,1.0
2025-08-24 06:00,-2268.1,-2280.8,-2253.2,12,1.0
2025-08-24 07:00,-2276.32,-2294.0,-2260.5,12,1.0
2025-08-24 08:00,-2278.61,-2298.2,-2261.0,12,1.0
2025-08-24 09:00,-2277.48,-2306.7,-2257.9,12,1.0
2025-08-24 10:00,-2274.93,-2299.8,-2257.3,12,1.0
2025-08-24 11:00,-2263.01,-2287.2,-2247.5,12,1.0
2025-08-24 12:00,-2256.35,-2273.0,-2241.3,12,1.0
2025-08-24 13:00,-2250.26,-2271.9,-2230.5,12,1.0
2025-08-24 14:00,-2243.84,-2264.1,-2226.9,12,1.0
2025-08-24 15:00,-2229.04,-2244.9,-2214.1,12,1.0
2025-08-24 16:00,-2213.25,-2256.3,-2193.3,12,1.0
2025-08-24 17:00,-2214.52,-2235.6,-2198.3,12,1.0
2025-08-24 18:00,-2208.06,-2236.1,-2194.3,12,1.0
2025-08-24 19:00,-2205.67,-2219.2,-2193.8,12,1.0
2025-08-24 20:00,-2212.62,-2225.8,-2188.7,12,1.0
2025-08-24 21:00,-2217.43,-2233.0,-2203.4,12,1.0
2025-08-24 22:00,-2219.01,-2231.5,-2206.5,12,1.0
2025-08-24 23:00,-2232.98,-2256.8,-2219.7,12,1.0
2025-08-25 00:00,-2233.88,-2252.1,-2206.5,12,1.0
2025-08-25 01:00,-2234.31,-2254.2,-2217.2,12,1.0
2025-08-25 02:00,-2241.91,-2264.6,-2222.3,12,1.0
2025-08-25 03:00,-2238.04,-2252.1,-2217.2,12,1.0
2025-08-25 04:00,-2240.8,-2257.9,-2211.5,12,1.0
2025-08-25 05:00,-2252.02,-2278.2,-2224.8,12,1.0
2025-08-25 06:00,-2253.76,-2274.0,-2240.2,12,1.0
2025-08-25 07:00,-2253.38,-2282.4,-2233.5,12,1.0
2025-08-25 08:00,-2254.62,-2274.0,-2240.2,12,1.0
2025-08-25 09:00,-2259.34,-2274.6,-2247.0,12,1.0
2025-08-25 10:00,-2259.45,-2274.6,-2234.6,12,1.0
2025-08-25 11:00,-2257.65,-2269.8,-2232.0,12,1.0
2025-08-25 12:00,-2245.68,-2258.9,-2231.0,12,1.0
2025-08-25 13:00,-2237.45,-2257.9,-2209.0,12,1.0
2025-08-25 14:00,-2232.46,-2255.3,-2218.7,12,1.0
2025-08-25 15:00,-2212.76,-2230.5,-2187.2,12,1.0
2025-08-25 16:00,-2203.59,-2222.8,-2184.2,12,1.0
2025-08-25 17:00,-2193.12,-2219.7,-2172.7,12,1.0
2025-08-25 18:00,-2179.57,-2199.4,-2158.2,12,1.0
2025-08-25 19:00,-2177.42,-2191.3,-2162.7,12,1.0
2025-08-25 20:00,-2179.83,-2193.8,-2168.2,12,1.0
2025-08-25 21:00,-2181.06,-2200.9,-2163.2,12,1.0
2025-08-25 22:00,-2185.7,-2204.9,-2171.2,12,1.0
2025-08-25 23:00,-2183.83,-2199.9,-2163.7,12,1.0
2025-08-26 00:00,-2191.33,-2221.8,-2165.7,12,1.0
2025-08-26 01:00,-2198.21,-2216.6,-2172.2,12,1.0
2025-08-26 02:00,-2198.43,-2211.5,-2186.2,12,1.0
2025-08-26 03:00,-2201.85,-2219.2,-2186.7,12,1.0
2025-08-26 04:00,-2203.01,-2222.3,-2183.7,12,1.0
2025-08-26 05:00,-2205.58,-2223.8,-2177.7,12,1.0
2025-08-26 06:00,-2203.33,-2216.1,-2187.7,12,1.0
2025-08-26 07:00,-2218.83,-2235.1,-2204.4,12,1.0
2025-08-26 08:00,-2214.17,-2239.2,-2192.3,12,1.0
2025-08-26 09:00,-2219.42,-2233.5,-2208.0,12,1.0
2025-08-26 10:00,-2221.02,-2243.9,-2203.9,12,1.0
2025-08-26 11:00,-2213.03,-2239.2,-2194.8,12,1.0
2025-08-26 12:00,-2209.06,-2224.8,-2192.3,12,1.0
2025-08-26 13:00,-2200.14,-2215.1,-2187.7,12,1.0
2025-08-26 14:00,-2193.67,-2210.0,-2175.7,12,1.0
2025-08-26 15:00,-2179.32,-2188.2,-2168.7,12,1.0
2025-08-26 16:00,-2168.67,-2189.8,-2151.8,12,1.0
2025-08-26 17:00,-2157.16,-2178.7,-2137.9,12,1.0
2025-08-26 18:00,-2153.43,-2185.7,-2143.4,12,1.0
2025-08-26 19:00,-2151.42,-2168.7,-2127.6,12,1.0
2025-08-26 20:00,-2151.22,-2184.2,-2137.4,12,1.0
2025-08-26 21:00,-2157.19,-2167.7,-2145.3,12,1.0
2025-08-26 22:00,-2156.97,-2175.7,-2136.5,12,1.0
2025-08-26 23:00,-2165.7,-2177.2,-2156.2,12,1.0
2025-08-27 00:00,-2161.57,-2180.7,-2137.4,12,1.0
2025-08-27 01:00,-2170.47,-2188.2,-2149.3,12,1.0
2025-08-27 02:00,-2170.31,-2193.8,-2149.3,12,1.0
2025-08-27 03:00,-2176.75,-2189.8,-2164.7,12,1.0
2025-08-27 04:00,-2178.88,-2204.4,-2156.2,12,1.0
2025-08-27 05:00,-2179.22,-2193.8,-2156.2,12,1.0
2025-08-27 06:00,-2183.47,-2208.5,-2165.7,12,1.0
2025-08-27 07:00,-2189.78,-2208.5,-2174.2,12,1.0
2025-08-27 08:00,-2196.83,-2228.4,-2177.2,12,1.0
2025-08-27 09:00,-2196.52,-2212.6,-2182.2,12,1.0
2025-08-27 10:00,-2196.38,-2225.8,-2173.2,12,1.0
2025-08-27 11:00,-2192.0,-2200.4,-2174.7,12,1.0
2025-08-27 12:00,-2186.23,-2207.5,-2157.7,12,1.0
2025-08-27 13:00,-2181.49,-2199.4,-2163.7,12,1.0
2025-08-27 14:00,-2170.97,-2192.3,-2145.8,12,1.0
2025-08-27 15:00,-2157.68,-2187.7,-2137.0,12,1.0
2025-08-27 16:00,-2147.09,-2180.7,-2137.0,12,1.0
2025-08-27 17:00,-2135.46,-2154.7,-2122.7,12,1.0
2025-08-27 18:00,-2118.27,-2139.4,-2103.3,12,1.0
2025-08-27 19:00,-2115.72,-2136.0,-2097.5,12,1.0
2025-08-27 20:00,-2119.1,-2142.9,-2103.3,12,1.0
2025-08-27 21:00,-2115.57,-2136.5,-2094.6,12,1.0
2025-08-27 22:00,-2121.37,-2138.9,-2110.1,12,1.0
2025-08-27 23:00,-2124.76,-2135.5,-2112.5,12,1.0
2025-08-28 00:00,-2135.73,-2158.7,-2119.3,12,1.0
2025-08-28 01:00,-2138.52,-2170.2,-2126.2,12,1.0
2025-08-28 02:00,-2143.44,-2156.2,-2120.3,12,1.0
2025-08-28 03:00,-2149.55,-2171.7,-2123.2,12,1.0
2025-08-28 04:00,-2152.0,-2173.7,-2132.0,12,1.0
2025-08-28 05:00,-2157.33,-2173.2,-2141.4,12,1.0
2025-08-28 06:00,-2160.1,-2174.2,-2122.2,12,1.0
2025-08-28 07:00,-2167.19,-2191.3,-2151.8,12,1.0
2025-08-28 08:00,-2170.47,-2195.3,-2148.3,12,1.0
2025-08-28 09:00,-2163.34,-2176.7,-2139.9,12,1.0
2025-08-28 10:00,-2169.44,-2200.4,-2147.8,12,1.0
2025-08-28 11:00,-2162.19,-2188.7,-2133.0,12,1.0
2025-08-28 12:00,-2156.02,-2178.2,-2133.5,12,1.0
2025-08-28 13:00,-2150.31,-2170.7,-2130.1,12,1.0
2025-08-28 14:00,-2133.21,-2152.3,-2114.4,12,1.0
2025-08-28 15:00,-2121.81,-2144.8,-2106.7,12,1.0
2025-08-28 16:00,-2101.76,-2123.2,-2088.3,12,1.0
2025-08-28 17:00,-2090.32,-2110.1,-2075.8,12,1.0
2025-08-28 18:00,-2076.35,-2090.7,-2052.6,12,1.0
2025-08-28 19:00,-2081.73,-2101.3,-2067.3,12,1.0
2025-08-28 20:00,-2077.61,-2090.2,-2068.2,12,1.0
2025-08-28 21:00,-2074.08,-2094.6,-2049.7,12,1.0
2025-08-28 22:00,-2077.51,-2090.2,-2057.8,12,1.0
2025-08-28 23:00,-2079.31,-2098.0,-2056.8,12,1.0
2025-08-29 00:00,-2088.02,-2110.1,-2077.8,12,1.0
2025-08-29 01:00,-2087.63,-2099.4,-2078.7,12,1.0
2025-08-29 02:00,-2092.06,-2105.7,-2077.3,12,1.0
2025-08-29 03:00,-2087.17,-2104.2,-2069.2,12,1.0
2025-08-29 04:00,-2086.93,-2106.2,-2071.1,12,1.0
2025-08-29 05:00,-2092.27,-2111.0,-2076.3,12,1.0
2025-08-29 06:00,-2097.78,-2111.0,-2087.4,12,1.0
2025-08-29 07:00,-2096.99,-2127.1,-2077.8,12,1.0
2025-08-29 08:00,-2097.73,-2112.5,-2074.9,12,1.0
2025-08-29 09:00,-2091.34,-2106.7,-2074.4,12,1.0
2025-08-29 10:00,-2090.54,-2107.2,-2073.5,12,1.0
2025-08-29 11:00,-2090.06,-2108.1,-2073.0,12,1.0
2025-08-29 12:00,-2084.53,-2109.6,-2063.9,12,1.0
2025-08-29 13:00,-2082.94,-2098.0,-2063.9,12,1.0
2025-08-29 14:00,-2079.04,-2095.5,-2060.6,12,1.0
2025-08-29 15:00,-2072.72,-2082.6,-2062.0,12,1.0
2025-08-29 16:00,-2063.71,-2080.2,-2045.5,12,1.0
2025-08-29 17:00,-2064.91,-2078.7,-2051.1,12,1.0
2025-08-29 18:00,-2058.34,-2073.0,-2038.0,12,1.0
2025-08-29 19:00,-2061.12,-2066.8,-2046.9,12,1.0
2025-08-29 20:00,-2062.14,-2076.3,-2040.8,12,1.0
2025-08-29 21:00,-2062.72,-2079.7,-2046.9,12,1.0
2025-08-29 22:00,-2070.98,-2089.3,-2044.1,12,1.0
2025-08-29 23:00,-2067.12,-2080.2,-2059.2,12,1.0
2025-08-30 00:00,-2066.97,-2089.3,-2049.3,12,1.0
2025-08-30 01:00,-2076.83,-2098.9,-2054.4,12,1.0
2025-08-30 02:00,-2090.52,-2104.2,-2070.6,12,1.0
2025-08-30 03:00,-2100.34,-2116.4,-2087.8,12,1.0
2025-08-30 04:00,-2118.1,-2130.1,-2086.4,12,1.0
2025-08-30 05:00,-2118.29,-2143.4,-2098.9,12,1.0
2025-08-30 06:00,-2132.51,-2145.3,-2118.8,12,1.0
2025-08-30 07:00,-2146.76,-2157.7,-2133.0,12,1.0
2025-08-30 08:00,-2154.82,-2165.7,-2141.4,12,1.0
2025-08-30 09:00,-2169.28,-2183.2,-2156.7,12,1.0
2025-08-30 10:00,-2170.07,-2190.8,-2143.4,12,1.0
2025-08-30 11:00,-2184.23,-2203.9,-2172.7,12,1.0
2025-08-30 12:00,-2186.08,-2199.4,-2167.7,12,1.0
2025-08-30 13:00,-2177.05,-2192.3,-2159.7,12,1.0
2025-08-30 14:00,-2174.38,-2189.8,-2161.2,12,1.0
2025-08-30 15:00,-2168.25,-2186.7,-2151.3,12,1.0
2025-08-30 16:00,-2160.98,-2175.2,-2145.3,12,1.0
2025-08-30 17:00,-2163.56,-2183.2,-2134.0,12,1.0
2025-08-30 18:00,-2156.32,-2178.7,-2124.2,12,1.0
2025-08-30 19:00,-2159.3,-2187.2,-2134.0,12,1.0
2025-08-30 20:00,-2161.74,-2186.2,-2142.9,12,1.0
2025-08-30 21:00,-2169.41,-2187.7,-2158.2,12,1.0
2025-08-30 22:00,-2170.99,-2185.2,-2155.7,12,1.0
2025-08-30 23:00,-2177.05,-2189.8,-2159.2,12,1.0
2025-08-31 00:00,-2188.08,-2206.5,-2169.2,12,1.0
2025-08-31 01:00,-2201.07,-2220.7,-2182.7,12,1.0
2025-08-31 02:00,-2198.41,-2211.5,-2178.2,12,1.0
2025-08-31 03:00,-2206.8,-2230.0,-2180.2,12,1.0
2025-08-31 04:00,-2204.48,-2234.6,-2177.7,12,1.0
2025-08-31 05:00,-2216.16,-2233.5,-2194.3,12,1.0
2025-08-31 06:00,-2222.83,-2238.2,-2206.5,12,1.0
2025-08-31 07:00,-2226.32,-2251.6,-2206.5,12,1.0
2025-08-31 08:00,-2232.86,-2250.6,-2211.5,12,1.0
2025-08-31 09:00,-2234.72,-2246.4,-2222.8,12,1.0
2025-08-31 10:00,-2235.39,-2259.9,-2214.6,12,1.0
2025-08-31 11:00,-2236.07,-2253.2,-2211.0,12,1.0
2025-08-31 12:00,-2225.52,-2241.8,-2204.4,12,1.0
2025-08-31 13:00,-2216.86,-2233.0,-2185.7,12,1.0
2025-08-31 14:00,-2208.92,-2228.4,-2189.3,12,1.0
2025-08-31 15:00,-2189.3,-2204.4,-2160.7,12,1.0
2025-08-31 16:00,-2171.2,-2197.3,-2143.4,12,1.0
2025-08-31 17:00,-2156.33,-2178.2,-2134.0,12,1.0
2025-08-31 18:00,-2159.19,-2171.7,-2144.3,12,1.0
2025-08-31 19:00,-2152.74,-2170.2,-2134.0,12,1.0
2025-08-31 20:00,-2156.17,-2172.7,-2129.1,12,1.0
2025-08-31 21:00,-2159.63,-2178.7,-2127.1,12,1.0
2025-08-31 22:00,-2167.74,-2187.7,-2155.2,12,1.0
2025-08-31 23:00,-2179.21,-2194.3,-2159.7,12,1.0
2025-09-01 00:00,-2185.05,-2208.0,-2171.2,12,1.0
2025-09-01 01:00,-2194.02,-2210.0,-2177.2,12,1.0
2025-09-01 02:00,-2198.36,-2219.7,-2179.7,12,1.0
2025-09-01 03:00,-2210.76,-2227.9,-2198.3,12,1.0
2025-09-01 04:00,-2214.17,-2239.2,-2195.8,12,1.0
2025-09-01 05:00,-2230.44,-2239.7,-2218.7,12,1.0
2025-09-01 06:00,-2237.87,-2259.9,-2221.8,12,1.0
2025-09-01 07:00,-2233.56,-2248.0,-2222.3,12,1.0
2025-09-01 08:00,-2243.4,-2259.4,-2228.4,12,1.0
2025-09-01 09:00,-2241.09,-2259.4,-2224.8,12,1.0
2025-09-01 10:00,-2245.78,-2259.4,-2235.1,12,1.0
2025-09-01 11:00,-2242.67,-2255.3,-2225.8,12,1.0
2025-09-01 12:00,-2228.47,-2248.0,-2205.9,12,1.0
2025-09-01 13:00,-2223.35,-2244.4,-2194.3,12,1.0
2025-09-01 14:00,-2212.63,-2227.9,-2179.7,12,1.0
2025-09-01 15:00,-2186.73,-2209.5,-2167.2,12,1.0
2025-09-01 16:00,-2170.25,-2182.7,-2144.8,12,1.0
2025-09-01 17:00,-2166.85,-2181.7,-2142.4,12,1.0
2025-09-01 18:00,-2156.65,-2169.7,-2144.8,12,1.0
2025-09-01 19:00,-2147.01,-2162.2,-2127.6,12,1.0
2025-09-01 20:00,-2148.42,-2165.2,-2126.2,12,1.0
2025-09-01 21:00,-2163.13,-2199.4,-2140.4,12,1.0
2025-09-01 22:00,-2174.67,-2192.8,-2156.7,12,1.0
2025-09-01 23:00,-2189.57,-2204.9,-2178.7,12,1.0
2025-09-02 00:00,-2191.67,-2202.4,-2177.7,12,1.0
2025-09-02 01:00,-2202.59,-2219.7,-2189.8,12,1.0
2025-09-02 02:00,-2210.02,-2237.2,-2185.7,12,1.0
2025-09-02 03:00,-2223.41,-2237.7,-2196.8,12,1.0
2025-09-02 04:00,-2233.45,-2251.1,-2216.6,12,1.0
2025-09-02 05:00,-2230.46,-2257.3,-2208.0,12,1.0
2025-09-02 06:00,-2239.47,-2257.9,-2219.7,12,1.0
2025-09-02 07:00,-2234.14,-2249.5,-2193.8,12,1.0
2025-09-02 08:00,-2240.14,-2252.7,-2221.2,12,1.0
2025-09-02 09:00,-2234.67,-2244.9,-2218.7,12,1.0
2025-09-02 10:00,-2227.52,-2243.3,-2211.5,12,1.0
2025-09-02 11:00,-2223.05,-2241.3,-2207.0,12,1.0
2025-09-02 12:00,-2219.49,-2236.6,-2190.3,12,1.0
2025-09-02 13:00,-2209.92,-2231.0,-2188.2,12,1.0
2025-09-02 14:00,-2206.29,-2227.9,-2196.3,12,1.0
2025-09-02 15:00,-2186.79,-2207.5,-2174.7,12,1.0
2025-09-02 16:00,-2177.75,-2190.3,-2162.2,12,1.0
2025-09-02 17:00,-2161.72,-2180.2,-2147.8,12,1.0
2025-09-02 18:00,-2155.36,-2170.7,-2136.5,12,1.0
2025-09-02 19:00,-2153.69,-2170.2,-2141.9,12,1.0
2025-09-02 20:00,-2150.95,-2177.2,-2133.0,12,1.0
2025-09-02 21:00,-2149.25,-2158.7,-2138.9,12,1.0
2025-09-02 22:00,-2149.96,-2156.2,-2137.0,12,1.0
2025-09-02 23:00,-2159.54,-2176.2,-2134.5,12,1.0
2025-09-03 00:00,-2161.86,-2176.7,-2138.4,12,1.0
2025-09-03 01:00,-2170.04,-2183.2,-2151.3,12,1.0
2025-09-03 02:00,-2171.95,-2187.2,-2162.2,12,1.0
2025-09-03 03:00,-2171.41,-2184.2,-2154.7,12,1.0
2025-09-03 04:00,-2171.72,-2191.8,-2149.3,12,1.0
2025-09-03 05:00,-2183.78,-2200.4,-2168.2,12,1.0
2025-09-03 06:00,-2185.08,-2209.5,-2167.7,12,1.0
2025-09-03 07:00,-2190.38,-2207.0,-2162.7,12,1.0
2025-09-03 08:00,-2197.42,-2213.6,-2176.2,12,1.0
2025-09-03 09:00,-2196.07,-2214.1,-2184.2,12,1.0
2025-09-03 10:00,-2201.03,-2221.8,-2181.2,12,1.0
2025-09-03 11:00,-2200.46,-2224.3,-2175.2,12,1.0
2025-09-03 12:00,-2199.02,-2223.8,-2183.2,12,1.0
2025-09-03 13:00,-2183.67,-2198.8,-2172.2,12,1.0
2025-09-03 14:00,-2182.37,-2203.4,-2162.2,12,1.0
2025-09-03 15:00,-2164.28,-2190.3,-2139.4,12,1.0
2025-09-03 16:00,-2145.15,-2181.2,-2120.8,12,1.0
2025-09-03 17:00,-2133.18,-2145.3,-2112.5,12,1.0
2025-09-03 18:00,-2116.19,-2131.5,-2090.7,12,1.0
2025-09-03 19:00,-2117.8,-2147.8,-2101.3,12,1.0
2025-09-03 20:00,-2122.05,-2134.5,-2101.8,12,1.0
2025-09-03 21:00,-2123.21,-2138.9,-2106.2,12,1.0
2025-09-03 22:00,-2135.54,-2163.2,-2120.3,12,1.0
2025-09-03 23:00,-2130.17,-2139.4,-2108.6,12,1.0
2025-09-04 00:00,-2140.65,-2157.7,-2117.9,12,1.0
2025-09-04 01:00,-2141.93,-2158.2,-2131.1,12,1.0
2025-09-04 02:00,-2154.36,-2170.7,-2123.7,12,1.0
2025-09-04 03:00,-2163.55,-2175.2,-2145.3,12,1.0
2025-09-04 04:00,-2160.28,-2180.2,-2148.3,12,1.0
2025-09-04 05:00,-2174.41,-2184.2,-2164.7,12,1.0
2025-09-04 06:00,-2175.95,-2185.2,-2159.2,12,1.0
2025-09-04 07:00,-2183.99,-2201.4,-2170.7,12,1.0
2025-09-04 08:00,-2189.24,-2203.9,-2166.7,12,1.0
2025-09-04 09:00,-2189.85,-2201.9,-2174.7,12,1.0
2025-09-04 10:00,-2187.42,-2207.0,-2176.2,12,1.0
2025-09-04 11:00,-2185.98,-2211.5,-2164.7,12,1.0
2025-09-04 12:00,-2178.78,-2193.8,-2147.8,12,1.0
2025-09-04 13:00,-2168.94,-2191.8,-2142.9,12,1.0
2025-09-04 14:00,-2160.94,-2179.2,-2147.3,12,1.0
2025-09-04 15:00,-2150.99,-2176.7,-2134.0,12,1.0
2025-09-04 16:00,-2129.95,-2146.3,-2114.0,12,1.0
2025-09-04 17:00,-2118.71,-2131.5,-2108.1,12,1.0
2025-09-04 18:00,-2106.18,-2116.9,-2095.5,12,1.0
2025-09-04 19:00,-2103.69,-2116.9,-2089.3,12,1.0
2025-09-04 20:00,-2097.58,-2108.6,-2077.8,12,1.0
2025-09-04 21:00,-2101.22,-2125.2,-2082.1,12,1.0
2025-09-04 22:00,-2104.35,-2130.6,-2090.2,12,1.0
2025-09-04 23:00,-2113.42,-2131.1,-2084.5,12,1.0
2025-09-05 00:00,-2116.98,-2134.0,-2098.9,12,1.0
2025-09-05 01:00,-2112.75,-2122.7,-2098.0,12,1.0
2025-09-05 02:00,-2120.41,-2137.0,-2105.7,12,1.0
2025-09-05 03:00,-2126.98,-2140.4,-2115.9,12,1.0
2025-09-05 04:00,-2126.61,-2148.8,-2098.9,12,1.0
2025-09-05 05:00,-2136.25,-2147.3,-2112.0,12,1.0
2025-09-05 06:00,-2138.24,-2155.7,-2120.8,12,1.0
2025-09-05 07:00,-2139.02,-2153.3,-2123.7,12,1.0
2025-09-05 08:00,-2150.25,-2164.2,-2137.9,12,1.0
2025-09-05 09:00,-2152.0,-2173.7,-2135.5,12,1.0
2025-09-05 10:00,-2151.71,-2168.2,-2139.4,12,1.0
2025-09-05 11:00,-2142.91,-2166.7,-2123.7,12,1.0
2025-09-05 12:00,-2140.03,-2167.2,-2124.2,12,1.0
2025-09-05 13:00,-2131.88,-2145.8,-2118.8,12,1.0
2025-09-05 14:00,-2121.49,-2134.5,-2108.6,12,1.0
2025-09-05 15:00,-2096.82,-2107.2,-2081.6,12,1.0
2025-09-05 16:00,-2076.88,-2090.2,-2058.7,12,1.0
2025-09-05 17:00,-2074.75,-2098.0,-2050.2,12,1.0
2025-09-05 18:00,-2063.13,-2077.3,-2038.0,12,1.0
2025-09-05 19:00,-2066.45,-2087.8,-2051.6,12,1.0
2025-09-05 20:00,-2066.47,-2085.9,-2043.6,12,1.0
2025-09-05 21:00,-2064.44,-2082.1,-2045.5,12,1.0
2025-09-05 22:00,-2069.38,-2080.2,-2054.9,12,1.0
2025-09-05 23:00,-2071.66,-2083.5,-2049.7,12,1.0
2025-09-06 00:00,-2071.07,-2086.9,-2052.6,12,1.0
2025-09-06 01:00,-2076.36,-2095.5,-2058.7,12,1.0
2025-09-06 02:00,-2084.94,-2101.8,-2063.5,12,1.0
2025-09-06 03:00,-2088.02,-2102.8,-2071.6,12,1.0
2025-09-06 04:00,-2091.38,-2114.0,-2071.1,12,1.0
2025-09-06 05:00,-2094.15,-2106.2,-2083.0,12,1.0
2025-09-06 06:00,-2104.3,-2116.9,-2083.0,12,1.0
2025-09-06 07:00,-2109.83,-2128.6,-2080.2,12,1.0
2025-09-06 08:00,-2112.85,-2126.6,-2086.9,12,1.0
2025-09-06 09:00,-2108.78,-2119.3,-2097.5,12,1.0
2025-09-06 10:00,-2108.99,-2122.2,-2090.7,12,1.0
2025-09-06 11:00,-2101.29,-2123.7,-2086.9,12,1.0
2025-09-06 12:00,-2093.12,-2107.2,-2077.3,12,1.0
2025-09-06 13:00,-2085.63,-2106.7,-2063.9,12,1.0
2025-09-06 14:00,-2081.52,-2099.9,-2054.0,12,1.0
2025-09-06 15:00,-2069.9,-2086.9,-2057.3,12,1.0
2025-09-06 16:00,-2047.96,-2058.2,-2034.2,12,1.0
2025-09-06 17:00,-2041.3,-2074.4,-2020.7,12,1.0
2025-09-06 18:00,-2034.58,-2042.7,-2013.7,12,1.0
2025-09-06 19:00,-2035.89,-2047.8,-2023.9,12,1.0
2025-09-06 20:00,-2032.03,-2045.5,-2018.8,12,1.0
2025-09-06 21:00,-2036.49,-2050.7,-2019.7,12,1.0
2025-09-06 22:00,-2038.91,-2050.7,-2028.6,12,1.0
2025-09-06 23:00,-2040.24,-2072.0,-2025.3,12,1.0
2025-09-07 00:00,-2044.76,-2063.0,-2025.3,12,1.0
2025-09-07 01:00,-2051.5,-2064.4,-2038.4,12,1.0
2025-09-07 02:00,-2055.07,-2073.0,-2029.1,12,1.0
2025-09-07 03:00,-2056.03,-2069.6,-2046.4,12,1.0
2025-09-07 04:00,-2063.52,-2079.2,-2051.1,12,1.0
2025-09-07 05:00,-2073.34,-2084.5,-2062.5,12,1.0
2025-09-07 06:00,-2073.48,-2092.6,-2058.7,12,1.0
2025-09-07 07:00,-2083.8,-2103.3,-2063.5,12,1.0
2025-09-07 08:00,-2077.4,-2086.9,-2057.8,12,1.0
2025-09-07 09:00,-2084.0,-2098.0,-2070.1,12,1.0
2025-09-07 10:00,-2082.85,-2097.0,-2070.1,12,1.0
2025-09-07 11:00,-2085.02,-2102.3,-2069.2,12,1.0
2025-09-07 12:00,-2086.89,-2105.2,-2071.1,12,1.0
2025-09-07 13:00,-2073.18,-2098.4,-2051.1,12,1.0
2025-09-07 14:00,-2068.16,-2083.0,-2057.8,12,1.0
2025-09-07 15:00,-2063.08,-2076.3,-2042.2,12,1.0
2025-09-07 16:00,-2054.33,-2075.8,-2030.0,12,1.0
2025-09-07 17:00,-2035.98,-2043.6,-2024.9,12,1.0
2025-09-07 18:00,-2034.78,-2056.3,-2023.0,12,1.0
2025-09-07 19:00,-2032.5,-2048.8,-2016.5,12,1.0
2025-09-07 20:00,-2033.72,-2048.8,-2018.8,12,1.0
2025-09-07 21:00,-2038.12,-2054.4,-2024.9,12,1.0
2025-09-07 22:00,-2033.49,-2048.3,-2022.1,12,1.0
2025-09-07 23:00,-2050.2,-2063.9,-2041.7,12,1.0
2025-09-08 00:00,-2048.32,-2067.3,-2030.5,12,1.0
2025-09-08 01:00,-2058.85,-2078.2,-2042.7,12,1.0
2025-09-08 02:00,-2059.05,-2075.4,-2048.3,12,1.0
2025-09-08 03:00,-2066.01,-2081.6,-2048.8,12,1.0
2025-09-08 04:00,-2067.74,-2090.2,-2049.3,12,1.0
2025-09-08 05:00,-2069.42,-2080.2,-2058.7,12,1.0
2025-09-08 06:00,-2073.61,-2096.5,-2054.0,12,1.0
2025-09-08 07:00,-2080.76,-2099.4,-2059.7,12,1.0
2025-09-08 08:00,-2083.86,-2105.2,-2066.3,12,1.0
2025-09-08 09:00,-2089.22,-2104.2,-2061.6,12,1.0
2025-09-08 10:00,-2087.55,-2109.6,-2067.3,12,1.0
2025-09-08 11:00,-2076.66,-2084.9,-2065.4,12,1.0
2025-09-08 12:00,-2083.92,-2103.3,-2075.8,12,1.0
2025-09-08 13:00,-2078.41,-2098.9,-2058.7,12,1.0
2025-09-08 14:00,-2064.88,-2080.2,-2045.0,12,1.0
2025-09-08 15:00,-2052.98,-2068.2,-2034.7,12,1.0
2025-09-08 16:00,-2043.76,-2061.1,-2030.5,12,1.0
2025-09-08 17:00,-2036.17,-2049.3,-2004.5,12,1.0
2025-09-08 18:00,-2032.55,-2054.4,-2021.6,12,1.0
2025-09-08 19:00,-2028.58,-2055.9,-2012.8,12,1.0
2025-09-08 20:00,-2033.98,-2057.8,-2021.6,12,1.0
2025-09-08 21:00,-2028.28,-2047.4,-2005.4,12,1.0
2025-09-08 22:00,-2032.98,-2047.4,-2018.8,12,1.0
2025-09-08 23:00,-2035.22,-2054.9,-2015.1,12,1.0
2025-09-09 00:00,-2036.82,-2057.3,-2022.1,12,1.0
2025-09-09 01:00,-2035.77,-2054.0,-2017.4,12,1.0
2025-09-09 02:00,-2037.78,-2047.4,-2027.7,12,1.0
2025-09-09 03:00,-2044.34,-2064.9,-2024.9,12,1.0
2025-09-09 04:00,-2050.18,-2062.5,-2037.0,12,1.0
2025-09-09 05:00,-2055.06,-2064.9,-2044.5,12,1.0
2025-09-09 06:00,-2053.88,-2070.1,-2042.7,12,1.0
2025-09-09 07:00,-2053.14,-2062.5,-2031.4,12,1.0
2025-09-09 08:00,-2050.99,-2066.3,-2036.1,12,1.0
2025-09-09 09:00,-2056.85,-2076.8,-2036.1,12,1.0
2025-09-09 10:00,-2056.21,-2073.5,-2045.0,12,1.0
2025-09-09 11:00,-2056.08,-2075.8,-2046.4,12,1.0
2025-09-09 12:00,-2059.72,-2083.0,-2041.2,12,1.0
2025-09-09 13:00,-2047.05,-2055.4,-2026.7,12,1.0
2025-09-09 14:00,-2041.36,-2060.1,-2020.7,12,1.0
2025-09-09 15:00,-2037.24,-2062.0,-2024.4,12,1.0
2025-09-09 16:00,-2028.77,-2039.8,-2015.1,12,1.0
2025-09-09 17:00,-2017.15,-2025.8,-2007.7,12,1.0
2025-09-09 18:00,-2019.85,-2038.0,-2003.5,12,1.0
2025-09-09 19:00,-2017.9,-2032.3,-2004.9,12,1.0
2025-09-09 20:00,-2017.96,-2029.5,-2007.2,12,1.0
2025-09-09 21:00,-2018.87,-2031.9,-2004.5,12,1.0
2025-09-09 22:00,-2015.88,-2027.2,-2008.6,12,1.0
2025-09-09 23:00,-2024.58,-2039.8,-2002.6,12,1.0
2025-09-10 00:00,-2030.32,-2046.9,-2019.7,12,1.0
2025-09-10 01:00,-2029.73,-2051.6,-2019.3,12,1.0
2025-09-10 02:00,-2037.89,-2051.6,-2024.4,12,1.0
2025-09-10 03:00,-2040.21,-2052.6,-2027.2,12,1.0
2025-09-10 04:00,-2042.02,-2055.9,-2028.1,12,1.0
2025-09-10 05:00,-2048.78,-2069.2,-2038.0,12,1.0
2025-09-10 06:00,-2045.87,-2063.5,-2025.3,12,1.0
2025-09-10 07:00,-2049.02,-2067.3,-2039.4,12,1.0
2025-09-10 08:00,-2044.6,-2066.3,-2029.5,12,1.0
2025-09-10 09:00,-2047.31,-2062.5,-2035.6,12,1.0
2025-09-10 10:00,-2045.82,-2062.0,-2028.1,12,1.0
2025-09-10 11:00,-2034.66,-2051.1,-2016.5,12,1.0
2025-09-10 12:00,-2033.2,-2049.3,-2017.9,12,1.0
2025-09-10 13:00,-2031.19,-2044.1,-2019.3,12,1.0
2025-09-10 14:00,-2029.18,-2040.3,-2007.2,12,1.0
2025-09-10 15:00,-2018.33,-2030.9,-2006.8,12,1.0
2025-09-10 16:00,-2015.28,-2033.3,-1996.2,12,1.0
2025-09-10 17:00,-2015.34,-2031.9,-1994.3,12,1.0
2025-09-10 18:00,-2011.19,-2023.9,-2003.5,12,1.0
2025-09-10 19:00,-2005.42,-2023.0,-1985.6,12,1.0
2025-09-10 20:00,-2005.82,-2021.6,-1986.5,12,1.0
2025-09-10 21:00,-2002.26,-2016.5,-1986.5,12,1.0
2025-09-10 22:00,-1998.4,-2013.2,-1982.9,12,1.0
2025-09-10 23:00,-2001.8,-2013.2,-1990.2,12,1.0
2025-09-11 00:00,-1994.92,-2010.5,-1984.7,12,1.0
2025-09-11 01:00,-2003.07,-2027.2,-1985.6,12,1.0
2025-09-11 02:00,-1112.99,-2023.9,-268.5,12,1.0
2025-09-11 03:00,-151.62,-234.7,-103.3,12,1.0
2025-09-11 04:00,-82.65,-99.1,-70.0,12,1.0
2025-09-11 05:00,-61.64,-68.5,-55.0,12,1.0
2025-09-11 06:00,-48.51,-53.9,-43.9,12,1.0
2025-09-11 07:00,-40.17,-43.2,-37.5,12,1.0
2025-09-11 08:00,-35.31,-37.1,-33.8,12,1.0
2025-09-11 09:00,-32.46,-33.6,-31.5,12,1.0
2025-09-11 10:00,-30.55,-31.3,-29.9,12,1.0
2025-09-11 11:00,-29.17,-29.7,-28.6,12,1.0
2025-09-11 12:00,-28.1,-28.5,-27.7,12,1.0
2025-09-11 13:00,-27.32,-27.7,-27.1,12,1.0
2025-09-11 14:00,-26.73,-27.0,-26.5,12,1.0
2025-09-11 15:00,-26.36,-26.5,-26.2,12,1.0
2025-09-11 16:00,-26.08,-26.2,-25.9,12,1.0
2025-09-11 17:00,-25.91,-26.0,-25.8,12,1.0
2025-09-11 18:00,-25.81,-25.9,-25.8,12,1.0
2025-09-11 19:00,-25.83,-25.9,-25.8,12,1.0
2025-09-11 20:00,-25.89,-25.9,-25.8,12,1.0
2025-09-11 21:00,-25.96,-26.0,-25.9,12,1.0
2025-09-11 22:00,-26.08,-26.1,-26.0,12,1.0
2025-09-11 23:00,-26.19,-26.3,-26.1,12,1.0
2025-09-12 00:00,-26.34,-26.4,-26.3,12,1.0
2025-09-12 01:00,-26.45,-26.5,-26.4,12,1.0
2025-09-12 02:00,-26.59,-26.7,-26.5,12,1.0
2025-09-12 03:00,-26.74,-26.8,-26.7,12,1.0
2025-09-12 04:00,-26.9,-27.0,-26.8,12,1.0
2025-09-12 05:00,-27.08,-27.2,-27.0,12,1.0
2025-09-12 06:00,-27.26,-27.4,-27.2,12,1.0
2025-09-12 07:00,-27.44,-27.5,-27.4,12,1.0
2025-09-12 08:00,-27.6,-27.7,-27.5,12,1.0
2025-09-12 09:00,-27.77,-27.9,-27.7,12,1.0
2025-09-12 10:00,-27.94,-28.0,-27.9,12,1.0
2025-09-12 11:00,-28.09,-28.1,-28.0,12,1.0
2025-09-12 12:00,-28.23,-28.3,-28.1,12,1.0
2025-09-12 13:00,-28.44,-28.5,-28.4,12,1.0
2025-09-12 14:00,-28.62,-28.7,-28.5,12,1.0
2025-09-12 15:00,-28.79,-28.9,-28.7,12,1.0
2025-09-12 16:00,-28.96,-29.1,-28.8,12,1.0
2025-09-12 17:00,-29.19,-29.3,-29.1,12,1.0
2025-09-12 18:00,-29.41,-29.5,-29.3,12,1.0
2025-09-12 19:00,-29.71,-29.9,-29.6,12,1.0
2025-09-12 20:00,-30.02,-30.1,-29.9,12,1.0
2025-09-12 21:00,-30.28,-30.4,-30.1,12,1.0
2025-09-12 22:00,-30.56,-30.7,-30.4,12,1.0
2025-09-12 23:00,-30.79,-30.9,-30.7,12,1.0
2025-09-13 00:00,-31.03,-31.2,-30.9,12,1.0
2025-09-13 01:00,-31.29,-31.4,-31.2,12,1.0
2025-09-13 02:00,-31.47,-31.6,-31.4,12,1.0
2025-09-13 03:00,-31.7,-31.9,-31.6,12,1.0
2025-09-13 04:00,-31.93,-32.1,-31.8,12,1.0
2025-09-13 05:00,-32.12,-32.2,-32.0,12,1.0
2025-09-13 06:00,-32.29,-32.4,-32.2,12,1.0
2025-09-13 07:00,-32.5,-32.6,-32.4,12,1.0
2025-09-13 08:00,-32.68,-32.8,-32.6,12,1.0
2025-09-13 09:00,-32.85,-32.9,-32.7,12,1.0
2025-09-13 10:00,-33.05,-33.1,-33.0,12,1.0
2025-09-13 11:00,-33.19,-33.3,-33.1,12,1.0
2025-09-13 12:00,-33.31,-33.4,-33.2,12,1.0
2025-09-13 13:00,-33.48,-33.6,-33.4,12,1.0
2025-09-13 14:00,-33.62,-33.7,-33.5,12,1.0
2025-09-13 15:00,-33.76,-33.8,-33.7,12,1.0
2025-09-13 16:00,-33.92,-34.0,-33.8,12,1.0
2025-09-13 17:00,-34.1,-34.2,-34.0,12,1.0
2025-09-13 18:00,-34.28,-34.4,-34.2,12,1.0
2025-09-13 19:00,-34.48,-34.6,-34.3,12,1.0
2025-09-13 20:00,-34.77,-34.9,-34.7,12,1.0
2025-09-13 21:00,-35.02,-35.1,-34.9,12,1.0
2025-09-13 22:00,-35.28,-35.4,-35.2,12,1.0
2025-09-13 23:00,-35.52,-35.7,-35.4,12,1.0
2025-09-14 00:00,-35.78,-35.9,-35.6,12,1.0
2025-09-14 01:00,-35.99,-36.1,-35.9,12,1.0
2025-09-14 02:00,-36.22,-36.3,-36.1,12,1.0
2025-09-14 03:00,-36.42,-36.5,-36.3,12,1.0
2025-09-14 04:00,-36.68,-36.8,-36.6,12,1.0
2025-09-14 05:00,-36.88,-37.0,-36.8,12,1.0
2025-09-14 06:00,-37.09,-37.2,-37.0,12,1.0
2025-09-14 07:00,-37.31,-37.4,-37.2,12,1.0
2025-09-14 08:00,-37.54,-37.7,-37.4,12,1.0
2025-09-14 09:00,-37.69,-37.8,-37.6,12,1.0
2025-09-14 10:00,-37.84,-37.9,-37.8,12,1.0
2025-09-14 11:00,-38.0,-38.1,-37.9,12,1.0
2025-09-14 12:00,-38.15,-38.2,-38.1,12,1.0
2025-09-14 13:00,-38.28,-38.4,-38.2,12,1.0
2025-09-14 14:00,-38.46,-38.6,-38.4,12,1.0
2025-09-14 15:00,-38.59,-38.6,-38.5,12,1.0
2025-09-14 16:00,-38.72,-38.8,-38.6,12,1.0
2025-09-14 17:00,-38.88,-39.0,-38.8,12,1.0
2025-09-14 18:00,-39.07,-39.2,-39.0,12,1.0
2025-09-14 19:00,-39.27,-39.4,-39.2,12,1.0
2025-09-14 20:00,-39.52,-39.6,-39.4,12,1.0
2025-09-14 21:00,-39.76,-39.9,-39.6,12,1.0
2025-09-14 22:00,-39.99,-40.1,-39.9,12,1.0
2025-09-14 23:00,-40.22,-40.3,-40.1,12,1.0
2025-09-15 00:00,-40.41,-40.5,-40.3,12,1.0
2025-09-15 01:00,-40.62,-40.7,-40.5,12,1.0
2025-09-15 02:00,-40.84,-41.0,-40.7,12,1.0
2025-09-15 03:00,-41.08,-41.2,-40.9,12,1.0
2025-09-15 04:00,-41.28,-41.4,-41.2,12,1.0
2025-09-15 05:00,-41.49,-41.6,-41.4,12,1.0
2025-09-15 06:00,-41.71,-41.8,-41.5,12,1.0
2025-09-15 07:00,-41.9,-42.0,-41.8,12,1.0
2025-09-15 08:00,-42.11,-42.3,-42.0,12,1.0
2025-09-15 09:00,-42.32,-42.4,-42.2,12,1.0
2025-09-15 10:00,-42.53,-42.6,-42.4,12,1.0
2025-09-15 11:00,-42.68,-42.8,-42.5,12,1.0
2025-09-15 12:00,-42.87,-43.0,-42.7,12,1.0
2025-09-15 13:00,-43.02,-43.1,-43.0,12,1.0
2025-09-15 14:00,-43.16,-43.2,-43.1,12,1.0
2025-09-15 15:00,-43.24,-43.3,-43.2,12,1.0
2025-09-15 16:00,-43.3,-43.3,-43.3,12,1.0
2025-09-15 17:00,-43.39,-43.5,-43.3,12,1.0
2025-09-15 18:00,-43.58,-43.7,-43.5,12,1.0
2025-09-15 19:00,-43.75,-43.9,-43.6,12,1.0
2025-09-15 20:00,-43.95,-44.1,-43.8,12,1.0
2025-09-15 21:00,-44.22,-44.3,-44.1,12,1.0
2025-09-15 22:00,-44.44,-44.6,-44.3,12,1.0
2025-09-15 23:00,-44.72,-44.9,-44.5,12,1.0
2025-09-16 00:00,-45.04,-45.2,-44.9,12,1.0
2025-09-16 01:00,-45.28,-45.4,-45.2,12,1.0
2025-09-16 02:00,-45.44,-45.5,-45.3,12,1.0
2025-09-16 03:00,-45.72,-45.9,-45.6,12,1.0
2025-09-16 04:00,-45.93,-46.0,-45.8,12,1.0
2025-09-16 05:00,-46.14,-46.2,-46.0,12,1.0
2025-09-16 06:00,-46.38,-46.5,-46.3,12,1.0
2025-09-16 07:00,-46.63,-46.8,-46.5,12,1.0
2025-09-16 08:00,-46.89,-47.0,-46.7,12,1.0
2025-09-16 09:00,-47.12,-47.2,-46.9,12,1.0
2025-09-16 10:00,-47.31,-47.4,-47.2,12,1.0
2025-09-16 11:00,-47.5,-47.6,-47.4,12,1.0
2025-09-16 12:00,-47.64,-47.7,-47.5,12,1.0
2025-09-16 13:00,-47.85,-47.9,-47.8,12,1.0
2025-09-16 14:00,-48.0,-48.1,-47.9,12,1.0
2025-09-16 15:00,-48.18,-48.2,-48.1,12,1.0
2025-09-16 16:00,-48.32,-48.4,-48.2,12,1.0
2025-09-16 17:00,-48.46,-48.5,-48.4,12,1.0
2025-09-16 18:00,-48.67,-48.8,-48.6,12,1.0
2025-09-16 19:00,-48.87,-49.0,-48.7,12,1.0
2025-09-16 20:00,-49.09,-49.2,-48.9,12,1.0
2025-09-16 21:00,-49.38,-49.5,-49.2,12,1.0
2025-09-16 22:00,-49.64,-49.7,-49.5,12,1.0
2025-09-16 23:00,-49.88,-50.0,-49.8,12,1.0
2025-09-17 00:00,-50.08,-50.2,-50.0,12,1.0
2025-09-17 01:00,-50.38,-50.5,-50.3,12,1.0
2025-09-17 02:00,-50.61,-50.7,-50.5,12,1.0
2025-09-17 03:00,-50.91,-51.0,-50.8,12,1.0
2025-09-17 04:00,-51.12,-51.2,-51.0,12,1.0
2025-09-17 05:00,-51.35,-51.5,-51.2,12,1.0
2025-09-17 06:00,-51.62,-51.7,-51.5,12,1.0
2025-09-17 07:00,-51.86,-52.0,-51.7,12,1.0
2025-09-17 08:00,-52.11,-52.2,-51.9,12,1.0
2025-09-17 09:00,-52.35,-52.4,-52.3,12,1.0
2025-09-17 10:00,-52.53,-52.6,-52.4,12,1.0
2025-09-17 11:00,-52.72,-52.8,-52.6,12,1.0
2025-09-17 12:00,-52.92,-53.0,-52.8,12,1.0
2025-09-17 13:00,-53.08,-53.2,-53.0,12,1.0
2025-09-17 14:00,-53.22,-53.3,-53.1,12,1.0
2025-09-17 15:00,-53.32,-53.4,-53.2,12,1.0
2025-09-17 16:00,-53.38,-53.6,-53.3,12,1.0
2025-09-17 17:00,-53.56,-53.6,-53.5,12,1.0
2025-09-17 18:00,-53.73,-53.8,-53.6,12,1.0
2025-09-17 19:00,-53.98,-54.2,-53.8,12,1.0
2025-09-17 20:00,-54.38,-54.6,-54.2,12,1.0
2025-09-17 21:00,-54.78,-55.0,-54.6,12,1.0
2025-09-17 22:00,-55.11,-55.3,-54.9,12,1.0
2025-09-17 23:00,-55.49,-55.7,-55.3,12,1.0
2025-09-18 00:00,-55.83,-56.0,-55.6,12,1.0
2025-09-18 01:00,-56.22,-56.4,-56.0,12,1.0
2025-09-18 02:00,-56.56,-56.7,-56.4,12,1.0
2025-09-18 03:00,-56.88,-57.1,-56.7,12,1.0
2025-09-18 04:00,-57.29,-57.5,-57.1,12,1.0
2025-09-18 05:00,-57.7,-57.9,-57.6,12,1.0
2025-09-18 06:00,-58.06,-58.2,-57.9,12,1.0
2025-09-18 07:00,-58.46,-58.6,-58.3,12,1.0
2025-09-18 08:00,-58.88,-59.1,-58.7,12,1.0
2025-09-18 09:00,-59.28,-59.5,-59.1,12,1.0
2025-09-18 10:00,-59.65,-59.9,-59.4,12,1.0
2025-09-18 11:00,-60.02,-60.1,-59.9,12,1.0
2025-09-18 12:00,-60.28,-60.4,-60.2,12,1.0
2025-09-18 13:00,-60.48,-60.6,-60.4,12,1.0
2025-09-18 14:00,-60.64,-60.8,-60.6,12,1.0
2025-09-18 15:00,-60.75,-60.8,-60.7,12,1.0
2025-09-18 16:00,-60.88,-61.0,-60.8,12,1.0
2025-09-18 17:00,-61.02,-61.1,-60.9,12,1.0
2025-09-18 18:00,-61.19,-61.3,-61.1,12,1.0
2025-09-18 19:00,-61.41,-61.5,-61.3,12,1.0
2025-09-18 20:00,-61.66,-61.8,-61.6,12,1.0
2025-09-18 21:00,-61.93,-62.1,-61.8,12,1.0
2025-09-18 22:00,-62.22,-62.4,-62.1,12,1.0
2025-09-18 23:00,-62.5,-62.7,-62.3,12,1.0
2025-09-19 00:00,-62.76,-62.9,-62.6,12,1.0
2025-09-19 01:00,-63.07,-63.2,-62.9,12,1.0
2025-09-19 02:00,-63.35,-63.5,-63.2,12,1.0
2025-09-19 03:00,-63.62,-63.7,-63.4,12,1.0
2025-09-19 04:00,-63.9,-64.1,-63.7,12,1.0
2025-09-19 05:00,-64.2,-64.3,-64.0,12,1.0
2025-09-19 06:00,-64.51,-64.7,-64.3,12,1.0
2025-09-19 07:00,-64.8,-64.9,-64.6,12,1.0
2025-09-19 08:00,-65.08,-65.2,-65.0,12,1.0
2025-09-19 09:00,-65.38,-65.5,-65.2,12,1.0
2025-09-19 10:00,-65.66,-65.8,-65.5,12,1.0
2025-09-19 11:00,-65.92,-66.1,-65.8,12,1.0
2025-09-19 12:00,-66.03,-66.1,-65.9,12,1.0
2025-09-19 13:00,-66.16,-66.2,-66.1,12,1.0
2025-09-19 14:00,-66.26,-66.3,-66.2,12,1.0
2025-09-19 15:00,-66.31,-66.4,-66.3,12,1.0
2025-09-19 16:00,-66.27,-66.3,-66.2,12,1.0
2025-09-19 17:00,-66.31,-66.4,-66.2,12,1.0
2025-09-19 18:00,-66.42,-66.5,-66.3,12,1.0
2025-09-19 19:00,-66.5,-66.6,-66.4,12,1.0
2025-09-19 20:00,-66.67,-66.8,-66.6,12,1.0
2025-09-19 21:00,-66.93,-67.0,-66.8,12,1.0
2025-09-19 22:00,-67.19,-67.4,-67.0,12,1.0
2025-09-19 23:00,-67.52,-67.7,-67.4,12,1.0
2025-09-20 00:00,-67.82,-67.9,-67.7,12,1.0
2025-09-20 01:00,-68.14,-68.3,-68.0,12,1.0
2025-09-20 02:00,-68.43,-68.6,-68.3,12,1.0
2025-09-20 03:00,-68.72,-68.9,-68.6,12,1.0
2025-09-20 04:00,-69.04,-69.2,-68.9,12,1.0
2025-09-20 05:00,-69.38,-69.5,-69.3,12,1.0
2025-09-20 06:00,-69.64,-69.8,-69.5,12,1.0
2025-09-20 07:00,-69.92,-70.0,-69.8,12,1.0
2025-09-20 08:00,-70.23,-70.4,-70.0,12,1.0
2025-09-20 09:00,-70.54,-70.6,-70.4,12,1.0
2025-09-20 10:00,-70.84,-70.9,-70.7,12,1.0
2025-09-20 11:00,-71.01,-71.1,-70.9,12,1.0
2025-09-20 12:00,-71.22,-71.3,-71.1,12,1.0
2025-09-20 13:00,-71.41,-71.5,-71.3,12,1.0
2025-09-20 14:00,-71.57,-71.7,-71.4,12,1.0
2025-09-20 15:00,-71.69,-71.8,-71.6,12,1.0
2025-09-20 16:00,-71.75,-71.8,-71.7,12,1.0
2025-09-20 17:00,-71.8,-71.9,-71.7,12,1.0
2025-09-20 18:00,-71.96,-72.0,-71.9,12,1.0
2025-09-20 19:00,-72.16,-72.3,-72.0,12,1.0
2025-09-20 20:00,-72.4,-72.6,-72.3,12,1.0
2025-09-20 21:00,-72.81,-73.0,-72.6,12,1.0
2025-09-20 22:00,-73.18,-73.4,-73.0,12,1.0
2025-09-20 23:00,-73.49,-73.7,-73.3,12,1.0
2025-09-21 00:00,-73.85,-74.1,-73.6,12,1.0
2025-09-21 01:00,-74.26,-74.4,-74.0,12,1.0
2025-09-21 02:00,-74.7,-75.0,-74.5,12,1.0
2025-09-21 03:00,-75.05,-75.2,-74.9,12,1.0
2025-09-21 04:00,-75.41,-75.6,-75.2,12,1.0
2025-09-21 05:00,-75.77,-76.0,-75.6,12,1.0
2025-09-21 06:00,-76.18,-76.3,-76.0,12,1.0
2025-09-21 07:00,-76.5,-76.7,-76.3,12,1.0
2025-09-21 08:00,-76.87,-77.0,-76.7,12,1.0
2025-09-21 09:00,-77.26,-77.6,-77.1,12,1.0
2025-09-21 10:00,-77.66,-77.8,-77.5,12,1.0
2025-09-21 11:00,-77.94,-78.1,-77.8,12,1.0
2025-09-21 12:00,-78.27,-78.4,-78.1,12,1.0
2025-09-21 13:00,-78.45,-78.5,-78.3,12,1.0
2025-09-21 14:00,-78.66,-78.8,-78.5,12,1.0
2025-09-21 15:00,-78.77,-78.8,-78.7,12,1.0
2025-09-21 16:00,-78.86,-79.0,-78.8,12,1.0
2025-09-21 17:00,-79.02,-79.1,-78.9,12,1.0
2025-09-21 18:00,-79.18,-79.3,-79.1,12,1.0
2025-09-21 19:00,-79.42,-79.6,-79.3,12,1.0
2025-09-21 20:00,-79.73,-79.9,-79.6,12,1.0
2025-09-21 21:00,-80.13,-80.4,-79.9,12,1.0
2025-09-21 22:00,-80.54,-80.8,-80.4,12,1.0
2025-09-21 23:00,-80.88,-81.1,-80.7,12,1.0
2025-09-22 00:00,-81.23,-81.4,-81.1,12,1.0
2025-09-22 01:00,-81.59,-81.7,-81.4,12,1.0
2025-09-22 02:00,-81.98,-82.1,-81.8,12,1.0
2025-09-22 03:00,-82.37,-82.6,-82.2,12,1.0
2025-09-22 04:00,-82.78,-82.9,-82.6,12,1.0
2025-09-22 05:00,-83.22,-83.4,-82.9,12,1.0
2025-09-22 06:00,-83.65,-83.9,-83.4,12,1.0
2025-09-22 07:00,-84.1,-84.3,-83.8,12,1.0
2025-09-22 08:00,-84.46,-84.6,-84.3,12,1.0
2025-09-22 09:00,-84.86,-85.1,-84.7,12,1.0
2025-09-22 10:00,-85.23,-85.5,-85.0,12,1.0
2025-09-22 11:00,-85.56,-85.7,-85.4,12,1.0
2025-09-22 12:00,-85.88,-86.1,-85.7,12,1.0
2025-09-22 13:00,-86.13,-86.3,-86.0,12,1.0
2025-09-22 14:00,-86.29,-86.4,-86.1,12,1.0
2025-09-22 15:00,-86.5,-86.6,-86.3,12,1.0
2025-09-22 16:00,-86.59,-86.7,-86.5,12,1.0
2025-09-22 17:00,-86.78,-86.9,-86.7,12,1.0
2025-09-22 18:00,-87.02,-87.3,-86.8,12,1.0
2025-09-22 19:00,-87.4,-87.6,-87.2,12,1.0
2025-09-22 20:00,-87.7,-87.9,-87.5,12,1.0
2025-09-22 21:00,-88.04,-88.3,-87.8,12,1.0
2025-09-22 22:00,-88.42,-88.6,-88.1,12,1.0
2025-09-22 23:00,-88.87,-89.1,-88.7,12,1.0
2025-09-23 00:00,-89.29,-89.5,-89.1,12,1.0
2025-09-23 01:00,-89.73,-89.9,-89.4,12,1.0
2025-09-23 02:00,-90.18,-90.3,-89.9,12,1.0
2025-09-23 03:00,-90.58,-90.8,-90.4,12,1.0
2025-09-23 04:00,-91.03,-91.2,-90.8,12,1.0
2025-09-23 05:00,-91.46,-91.7,-91.2,12,1.0
2025-09-23 06:00,-91.82,-92.1,-91.7,12,1.0
2025-09-23 07:00,-92.26,-92.5,-91.9,12,1.0
2025-09-23 08:00,-92.67,-92.9,-92.4,12,1.0
2025-09-23 09:00,-93.12,-93.3,-92.9,12,1.0
2025-09-23 10:00,-93.46,-93.7,-93.3,12,1.0
2025-09-23 11:00,-93.78,-94.0,-93.6,12,1.0
2025-09-23 12:00,-94.16,-94.4,-93.9,12,1.0
2025-09-23 13:00,-94.59,-94.8,-94.3,12,1.0
2025-09-23 14:00,-95.05,-95.3,-94.9,12,1.0
2025-09-23 15:00,-95.48,-95.8,-95.3,12,1.0
2025-09-23 16:00,-95.88,-96.0,-95.6,12,1.0
2025-09-23 17:00,-96.14,-96.2,-96.0,12,1.0
2025-09-23 18:00,-96.54,-96.7,-96.3,12,1.0
2025-09-23 19:00,-96.97,-97.2,-96.8,12,1.0
2025-09-23 20:00,-97.4,-97.6,-97.2,12,1.0
2025-09-23 21:00,-97.82,-98.1,-97.6,12,1.0
2025-09-23 22:00,-98.19,-98.4,-98.0,12,1.0
2025-09-23 23:00,-98.64,-98.9,-98.4,12,1.0
2025-09-24 00:00,-99.11,-99.4,-98.8,12,1.0
2025-09-24 01:00,-99.56,-99.8,-99.3,12,1.0
2025-09-24 02:00,-99.99,-100.3,-99.8,12,1.0
2025-09-24 03:00,-100.41,-100.6,-100.1,12,1.0
2025-09-24 04:00,-100.78,-100.9,-100.6,12,1.0
2025-09-24 05:00,-101.17,-101.3,-100.9,12,1.0
2025-09-24 06:00,-101.55,-101.9,-101.3,12,1.0
2025-09-24 07:00,-101.91,-102.1,-101.7,12,1.0
2025-09-24 08:00,-102.26,-102.5,-102.1,12,1.0
2025-09-24 09:00,-102.62,-102.9,-102.4,12,1.0
2025-09-24 10:00,-102.96,-103.2,-102.8,12,1.0
2025-09-24 11:00,-103.25,-103.4,-103.1,12,1.0
2025-09-24 12:00,-103.57,-103.8,-103.4,12,1.0
2025-09-24 13:00,-103.83,-104.0,-103.6,12,1.0
2025-09-24 14:00,-104.14,-104.4,-103.9,12,1.0
2025-09-24 15:00,-104.44,-104.7,-104.3,12,1.0
2025-09-24 16:00,-104.78,-105.0,-104.6,12,1.0
2025-09-24 17:00,-105.05,-105.2,-104.9,12,1.0
2025-09-24 18:00,-105.46,-105.6,-105.3,12,1.0
2025-09-24 19:00,-105.78,-106.0,-105.6,12,1.0
2025-09-24 20:00,-106.12,-106.3,-105.9,12,1.0
2025-09-24 21:00,-106.54,-106.7,-106.3,12,1.0
2025-09-24 22:00,-106.89,-107.1,-106.7,12,1.0
2025-09-24 23:00,-107.27,-107.5,-107.1,12,1.0
2025-09-25 00:00,-107.66,-107.9,-107.4,12,1.0
2025-09-25 01:00,-108.1,-108.4,-107.9,12,1.0
2025-09-25 02:00,-108.6,-108.9,-108.3,12,1.0
2025-09-25 03:00,-109.1,-109.3,-108.9,12,1.0
2025-09-25 04:00,-109.69,-110.0,-109.4,12,1.0
2025-09-25 05:00,-110.26,-110.6,-110.0,12,1.0
2025-09-25 06:00,-110.76,-111.1,-110.5,12,1.0
2025-09-25 07:00,-111.2,-111.4,-110.9,12,1.0
2025-09-25 08:00,-111.75,-112.0,-111.5,12,1.0
2025-09-25 09:00,-112.24,-112.5,-111.9,12,1.0
2025-09-25 10:00,-112.7,-113.0,-112.4,12,1.0
2025-09-25 11:00,-113.2,-113.4,-112.9,12,1.0
2025-09-25 12:00,-113.55,-113.8,-113.3,12,1.0
2025-09-25 13:00,-113.84,-114.0,-113.7,12,1.0
2025-09-25 14:00,-114.18,-114.4,-114.0,12,1.0
2025-09-25 15:00,-114.35,-114.5,-114.1,12,1.0
2025-09-25 16:00,-114.69,-114.9,-114.5,12,1.0
2025-09-25 17:00,-115.05,-115.3,-114.8,12,1.0
2025-09-25 18:00,-115.5,-115.7,-115.3,12,1.0
2025-09-25 19:00,-116.02,-116.3,-115.5,12,1.0
2025-09-25 20:00,-116.52,-116.7,-116.3,12,1.0
2025-09-25 21:00,-116.93,-117.2,-116.5,12,1.0
2025-09-25 22:00,-117.46,-117.8,-117.2,12,1.0
2025-09-25 23:00,-117.95,-118.2,-117.7,12,1.0
2025-09-26 00:00,-118.58,-118.8,-118.4,12,1.0
2025-09-26 01:00,-119.08,-119.5,-118.7,12,1.0
2025-09-26 02:00,-119.69,-120.0,-119.2,12,1.0
2025-09-26 03:00,-120.2,-120.7,-119.9,12,1.0
2025-09-26 04:00,-120.87,-121.1,-120.7,12,1.0
2025-09-26 05:00,-121.47,-121.8,-121.1,12,1.0
2025-09-26 06:00,-122.05,-122.5,-121.7,12,1.0
2025-09-26 07:00,-122.68,-122.9,-122.5,12,1.0
2025-09-26 08:00,-123.08,-123.3,-122.8,12,1.0
2025-09-26 09:00,-123.6,-123.9,-123.3,12,1.0
2025-09-26 10:00,-124.03,-124.4,-123.7,12,1.0
2025-09-26 11:00,-124.52,-124.8,-124.4,12,1.0
2025-09-26 12:00,-124.8,-125.0,-124.7,12,1.0
2025-09-26 13:00,-125.09,-125.3,-124.9,12,1.0
2025-09-26 14:00,-125.22,-125.4,-125.1,12,1.0
2025-09-26 15:00,-125.27,-125.5,-125.1,12,1.0
2025-09-26 16:00,-125.26,-125.4,-125.1,12,1.0
2025-09-26 17:00,-125.38,-125.6,-125.3,12,1.0
2025-09-26 18:00,-125.48,-125.7,-125.2,12,1.0
2025-09-26 19:00,-125.78,-126.0,-125.4,12,1.0
2025-09-26 20:00,-126.14,-126.5,-125.9,12,1.0
2025-09-26 21:00,-126.65,-127.0,-126.3,12,1.0
2025-09-26 22:00,-127.31,-127.7,-127.0,12,1.0
2025-09-26 23:00,-127.85,-128.1,-127.5,12,1.0
2025-09-27 00:00,-128.49,-128.8,-128.1,12,1.0
2025-09-27 01:00,-128.97,-129.3,-128.5,12,1.0
2025-09-27 02:00,-129.47,-129.8,-129.2,12,1.0
2025-09-27 03:00,-129.99,-130.3,-129.8,12,1.0
2025-09-27 04:00,-130.61,-130.9,-130.4,12,1.0
2025-09-27 05:00,-131.11,-131.3,-130.8,12,1.0
2025-09-27 06:00,-131.72,-132.3,-131.4,12,1.0
2025-09-27 07:00,-132.17,-132.4,-131.9,12,1.0
2025-09-27 08:00,-132.6,-132.9,-132.3,12,1.0
2025-09-27 09:00,-133.11,-133.4,-132.7,12,1.0
2025-09-27 10:00,-133.75,-134.2,-133.5,12,1.0
2025-09-27 11:00,-134.12,-134.3,-133.8,12,1.0
2025-09-27 12:00,-134.38,-134.6,-134.2,12,1.0
2025-09-27 13:00,-134.63,-134.9,-134.5,12,1.0
2025-09-27 14:00,-134.64,-134.8,-134.5,12,1.0
2025-09-27 15:00,-134.62,-134.9,-134.5,12,1.0
2025-09-27 16:00,-134.67,-134.9,-134.6,12,1.0
2025-09-27 17:00,-134.59,-134.7,-134.4,12,1.0
2025-09-27 18:00,-134.58,-134.8,-134.4,12,1.0
2025-09-27 19:00,-134.88,-135.1,-134.6,12,1.0
2025-09-27 20:00,-135.25,-135.6,-134.9,12,1.0
2025-09-27 21:00,-135.56,-135.7,-135.3,12,1.0
2025-09-27 22:00,-135.98,-136.2,-135.6,12,1.0
2025-09-27 23:00,-136.38,-136.8,-136.1,12,1.0
2025-09-28 00:00,-137.02,-137.3,-136.6,12,1.0
2025-09-28 01:00,-137.58,-137.9,-137.2,12,1.0
2025-09-28 02:00,-138.1,-138.4,-137.8,12,1.0
2025-09-28 03:00,-138.68,-139.0,-138.4,12,1.0
2025-09-28 04:00,-139.33,-139.8,-138.9,12,1.0
2025-09-28 05:00,-139.86,-140.2,-139.5,12,1.0
2025-09-28 06:00,-140.48,-140.8,-140.1,12,1.0
2025-09-28 07:00,-141.02,-141.4,-140.7,12,1.0
2025-09-28 08:00,-141.67,-142.1,-141.3,12,1.0
2025-09-28 09:00,-142.26,-142.6,-142.0,12,1.0
2025-09-28 10:00,-142.69,-143.0,-142.4,12,1.0
2025-09-28 11:00,-142.98,-143.3,-142.8,12,1.0
2025-09-28 12:00,-143.03,-143.2,-142.9,12,1.0
2025-09-28 13:00,-143.05,-143.3,-142.9,12,1.0
2025-09-28 14:00,-143.12,-143.3,-143.0,12,1.0
2025-09-28 15:00,-143.12,-143.4,-142.8,12,1.0
2025-09-28 16:00,-143.07,-143.3,-142.9,12,1.0
2025-09-28 17:00,-143.23,-143.4,-143.0,12,1.0
2025-09-28 18:00,-143.62,-144.1,-143.4,12,1.0
2025-09-28 19:00,-144.22,-144.6,-143.8,12,1.0
2025-09-28 20:00,-144.94,-145.4,-144.5,12,1.0
2025-09-28 21:00,-145.54,-146.0,-145.2,12,1.0
2025-09-28 22:00,-146.36,-146.8,-146.1,12,1.0
2025-09-28 23:00,-146.92,-147.2,-146.6,12,1.0
2025-09-29 00:00,-147.48,-147.7,-147.2,12,1.0
2025-09-29 01:00,-148.12,-148.4,-147.7,12,1.0
2025-09-29 02:00,-148.71,-149.1,-148.3,12,1.0
2025-09-29 03:00,-149.49,-149.9,-149.0,12,1.0
2025-09-29 04:00,-150.04,-150.6,-149.6,12,1.0
2025-09-29 05:00,-150.68,-150.9,-150.4,12,1.0
2025-09-29 06:00,-151.33,-151.6,-150.9,12,1.0
2025-09-29 07:00,-151.77,-151.9,-151.6,12,1.0
2025-09-29 08:00,-152.38,-152.8,-151.9,12,1.0
2025-09-29 09:00,-152.83,-153.2,-152.4,12,1.0
2025-09-29 10:00,-153.39,-153.8,-153.1,12,1.0
2025-09-29 11:00,-153.72,-154.1,-153.4,12,1.0
2025-09-29 12:00,-154.09,-154.3,-153.9,12,1.0
2025-09-29 13:00,-154.32,-154.6,-154.1,12,1.0
2025-09-29 14:00,-154.29,-154.6,-153.9,12,1.0
2025-09-29 15:00,-154.13,-154.4,-153.8,12,1.0
2025-09-29 16:00,-153.86,-154.0,-153.7,12,1.0
2025-09-29 17:00,-153.74,-154.0,-153.5,12,1.0
2025-09-29 18:00,-153.82,-154.0,-153.7,12,1.0
2025-09-29 19:00,-153.9,-154.2,-153.6,12,1.0
2025-09-29 20:00,-154.38,-154.7,-154.1,12,1.0
2025-09-29 21:00,-154.78,-155.3,-154.6,12,1.0
2025-09-29 22:00,-155.36,-155.7,-154.9,12,1.0
2025-09-29 23:00,-155.85,-156.1,-155.6,12,1.0
2025-09-30 00:00,-156.28,-156.6,-155.9,12,1.0
2025-09-30 01:00,-156.93,-157.4,-156.6,12,1.0
2025-09-30 02:00,-157.52,-157.9,-157.1,12,1.0
2025-09-30 03:00,-158.12,-158.6,-157.8,12,1.0
2025-09-30 04:00,-158.72,-159.1,-158.3,12,1.0
2025-09-30 05:00,-159.54,-159.9,-159.2,12,1.0
2025-09-30 06:00,-160.17,-160.4,-159.9,12,1.0
2025-09-30 07:00,-160.65,-161.0,-160.1,12,1.0
2025-09-30 08:00,-161.3,-162.0,-160.9,12,1.0
2025-09-30 09:00,-161.93,-162.5,-161.4,12,1.0
2025-09-30 10:00,-162.55,-162.8,-162.3,12,1.0
2025-09-30 11:00,-162.92,-163.2,-162.6,12,1.0
2025-09-30 12:00,-163.22,-163.5,-163.0,12,1.0
2025-09-30 13:00,-163.38,-163.8,-163.0,12,1.0
2025-09-30 14:00,-163.46,-163.7,-163.2,12,1.0
2025-09-30 15:00,-163.39,-163.7,-163.2,12,1.0
2025-09-30 16:00,-163.28,-163.6,-163.0,12,1.0
2025-09-30 17:00,-163.27,-163.5,-163.0,12,1.0
2025-09-30 18:00,-163.44,-163.8,-163.1,12,1.0
2025-09-30 19:00,-163.85,-164.3,-163.5,12,1.0
2025-09-30 20:00,-164.35,-164.8,-164.1,12,1.0
2025-09-30 21:00,-164.83,-165.3,-164.5,12,1.0
2025-09-30 22:00,-165.22,-165.5,-164.9,12,1.0
2025-09-30 23:00,-165.67,-166.0,-165.2,12,1.0
2025-10-01 00:00,-166.18,-166.8,-165.9,12,1.0
2025-10-01 01:00,-166.83,-167.6,-166.5,12,1.0
2025-10-01 02:00,-167.41,-167.9,-167.0,12,1.0
2025-10-01 03:00,-168.12,-168.4,-167.8,12,1.0
2025-10-01 04:00,-168.77,-169.2,-168.3,12,1.0
2025-10-01 05:00,-169.42,-169.9,-168.9,12,1.0
2025-10-01 06:00,-169.97,-170.2,-169.5,12,1.0
2025-10-01 07:00,-170.39,-170.7,-170.1,12,1.0
2025-10-01 08:00,-171.02,-171.5,-170.6,12,1.0
2025-10-01 09:00,-171.51,-171.7,-171.3,12,1.0
2025-10-01 10:00,-171.96,-172.3,-171.5,12,1.0
2025-10-01 11:00,-172.29,-172.5,-172.0,12,1.0
2025-10-01 12:00,-172.41,-172.7,-172.2,12,1.0
2025-10-01 13:00,-172.43,-172.7,-171.8,12,1.0
2025-10-01 14:00,-172.3,-172.5,-172.1,12,1.0
2025-10-01 15:00,-172.43,-172.8,-172.2,12,1.0
2025-10-01 16:00,-172.54,-172.9,-172.3,12,1.0
2025-10-01 17:00,-172.82,-173.3,-172.2,12,1.0
2025-10-01 18:00,-173.43,-174.2,-173.0,12,1.0
2025-10-01 19:00,-174.13,-174.9,-173.4,12,1.0
2025-10-01 20:00,-175.08,-175.7,-174.6,12,1.0
2025-10-01 21:00,-175.93,-176.4,-175.5,12,1.0
2025-10-01 22:00,-176.86,-177.3,-176.3,12,1.0
2025-10-01 23:00,-177.82,-178.4,-177.3,12,1.0
2025-10-02 00:00,-178.93,-179.8,-178.6,12,1.0
2025-10-02 01:00,-179.96,-180.5,-179.2,12,1.0
2025-10-02 02:00,-180.71,-180.9,-180.3,12,1.0
2025-10-02 03:00,-181.58,-182.1,-181.0,12,1.0
2025-10-02 04:00,-182.37,-182.8,-181.8,12,1.0
2025-10-02 05:00,-183.24,-183.7,-182.7,12,1.0
2025-10-02 06:00,-184.17,-184.7,-183.7,12,1.0
2025-10-02 07:00,-185.03,-185.6,-184.3,12,1.0
2025-10-02 08:00,-186.02,-186.6,-185.5,12,1.0
2025-10-02 09:00,-186.94,-187.2,-186.5,12,1.0
2025-10-02 10:00,-187.86,-188.1,-187.4,12,1.0
2025-10-02 11:00,-188.76,-189.5,-188.3,12,1.0
2025-10-02 12:00,-189.58,-190.1,-189.1,12,1.0
2025-10-02 13:00,-190.32,-190.7,-189.8,12,1.0
2025-10-02 14:00,-190.96,-191.5,-190.3,12,1.0
2025-10-02 15:00,-191.32,-191.8,-190.9,12,1.0
2025-10-02 16:00,-191.72,-192.2,-191.3,12,1.0
2025-10-02 17:00,-192.2,-192.8,-191.8,12,1.0
2025-10-02 18:00,-192.76,-193.2,-192.3,12,1.0
2025-10-02 19:00,-193.53,-193.9,-193.2,12,1.0
2025-10-02 20:00,-194.7,-195.4,-193.9,12,1.0
2025-10-02 21:00,-195.85,-196.6,-195.2,12,1.0
2025-10-02 22:00,-197.03,-197.8,-196.4,12,1.0
2025-10-02 23:00,-198.11,-198.9,-197.6,12,1.0
2025-10-03 00:00,-199.32,-199.8,-198.6,12,1.0
2025-10-03 01:00,-200.34,-200.8,-199.8,12,1.0
2025-10-03 02:00,-201.4,-201.8,-200.8,12,1.0
2025-10-03 03:00,-202.75,-203.4,-202.0,12,1.0
2025-10-03 04:00,-204.15,-204.6,-203.6,12,1.0
2025-10-03 05:00,-205.49,-206.4,-204.9,12,1.0
2025-10-03 06:00,-206.49,-206.9,-206.1,12,1.0
2025-10-03 07:00,-207.46,-208.1,-206.7,12,1.0
2025-10-03 08:00,-208.38,-209.3,-207.2,12,1.0
2025-10-03 09:00,-209.43,-210.3,-208.5,12,1.0
2025-10-03 10:00,-210.53,-211.0,-209.9,12,1.0
2025-10-03 11:00,-211.38,-212.1,-210.8,12,1.0
2025-10-03 12:00,-212.21,-212.6,-211.9,12,1.0
2025-10-03 13:00,-212.75,-213.4,-212.1,12,1.0
2025-10-03 14:00,-213.15,-213.6,-212.8,12,1.0
2025-10-03 15:00,-213.66,-214.2,-212.8,12,1.0
2025-10-03 16:00,-213.95,-214.3,-213.5,12,1.0
2025-10-03 17:00,-214.37,-215.4,-213.9,12,1.0
2025-10-03 18:00,-215.11,-215.7,-214.7,12,1.0
2025-10-03 19:00,-215.9,-216.7,-214.9,12,1.0
2025-10-03 20:00,-216.98,-217.7,-216.3,12,1.0
2025-10-03 21:00,-218.1,-218.9,-217.3,12,1.0
2025-10-03 22:00,-219.58,-220.2,-218.6,12,1.0
2025-10-03 23:00,-220.67,-221.4,-220.1,12,1.0
2025-10-04 00:00,-221.78,-222.2,-220.8,12,1.0
2025-10-04 01:00,-222.88,-223.7,-222.3,12,1.0
2025-10-04 02:00,-224.14,-224.9,-223.5,12,1.0
2025-10-04 03:00,-225.25,-226.0,-224.6,12,1.0
2025-10-04 04:00,-226.42,-227.1,-225.8,12,1.0
2025-10-04 05:00,-227.84,-228.7,-227.1,12,1.0
2025-10-04 06:00,-229.01,-229.9,-228.5,12,1.0
2025-10-04 07:00,-229.92,-230.4,-229.2,12,1.0
2025-10-04 08:00,-231.04,-231.8,-230.3,12,1.0
2025-10-04 09:00,-232.39,-233.1,-231.5,12,1.0
2025-10-04 10:00,-233.32,-234.0,-232.8,12,1.0
2025-10-04 11:00,-234.35,-235.1,-233.8,12,1.0
2025-10-04 12:00,-234.95,-235.7,-234.2,12,1.0
2025-10-04 13:00,-235.67,-236.0,-235.3,12,1.0
2025-10-04 14:00,-235.68,-236.5,-235.1,12,1.0
2025-10-04 15:00,-235.57,-235.9,-235.3,12,1.0
2025-10-04 16:00,-235.22,-235.8,-234.8,12,1.0
2025-10-04 17:00,-235.05,-235.6,-234.7,12,1.0
2025-10-04 18:00,-234.94,-235.5,-234.5,12,1.0
2025-10-04 19:00,-235.21,-235.9,-234.7,12,1.0
2025-10-04 20:00,-236.08,-236.6,-235.6,12,1.0
2025-10-04 21:00,-236.98,-237.7,-236.2,12,1.0
2025-10-04 22:00,-237.72,-238.4,-237.1,12,1.0
2025-10-04 23:00,-238.33,-239.0,-237.1,12,1.0
2025-10-05 00:00,-239.08,-239.6,-238.7,12,1.0
2025-10-05 01:00,-240.22,-240.6,-239.8,12,1.0
2025-10-05 02:00,-241.47,-242.0,-240.9,12,1.0
2025-10-05 03:00,-242.52,-243.0,-242.2,12,1.0
2025-10-05 04:00,-243.57,-244.1,-243.0,12,1.0
2025-10-05 05:00,-244.66,-245.2,-243.7,12,1.0
2025-10-05 06:00,-245.58,-246.1,-245.2,12,1.0
2025-10-05 07:00,-246.57,-247.2,-245.7,12,1.0
2025-10-05 08:00,-247.35,-247.7,-246.7,12,1.0
2025-10-05 09:00,-247.67,-248.2,-246.9,12,1.0
2025-10-05 10:00,-248.33,-248.8,-247.6,12,1.0
2025-10-05 11:00,-248.89,-250.0,-248.2,12,1.0
2025-10-05 12:00,-249.81,-250.3,-249.3,12,1.0
2025-10-05 13:00,-250.3,-250.7,-249.9,12,1.0
2025-10-05 14:00,-250.71,-251.2,-250.3,12,1.0
2025-10-05 15:00,-251.12,-251.4,-250.4,12,1.0
2025-10-05 16:00,-251.16,-251.7,-250.4,12,1.0
2025-10-05 17:00,-251.08,-251.6,-250.8,12,1.0
2025-10-05 18:00,-251.28,-252.1,-250.8,12,1.0
2025-10-05 19:00,-251.34,-251.9,-250.6,12,1.0
2025-10-05 20:00,-252.18,-252.5,-251.8,12,1.0
2025-10-05 21:00,-252.95,-253.8,-252.2,12,1.0
2025-10-05 22:00,-253.96,-254.9,-253.6,12,1.0
2025-10-05 23:00,-255.21,-256.2,-254.4,12,1.0
2025-10-06 00:00,-256.65,-257.4,-255.5,12,1.0
2025-10-06 01:00,-258.03,-258.8,-257.1,12,1.0
2025-10-06 02:00,-259.85,-261.0,-259.0,12,1.0
2025-10-06 03:00,-261.42,-262.2,-260.8,12,1.0
2025-10-06 04:00,-262.93,-264.7,-262.1,12,1.0
2025-10-06 05:00,-264.63,-265.5,-263.4,12,1.0
2025-10-06 06:00,-265.95,-266.6,-264.5,12,1.0
2025-10-06 07:00,-267.72,-268.3,-267.0,12,1.0
2025-10-06 08:00,-268.72,-269.3,-268.1,12,1.0
2025-10-06 09:00,-269.98,-270.8,-269.2,12,1.0
2025-10-06 10:00,-271.23,-271.7,-270.1,12,1.0
2025-10-06 11:00,-272.36,-272.8,-271.9,12,1.0
2025-10-06 12:00,-273.31,-274.2,-272.7,12,1.0
2025-10-06 13:00,-274.1,-274.7,-273.1,12,1.0
2025-10-06 14:00,-274.54,-275.0,-273.7,12,1.0
2025-10-06 15:00,-274.79,-275.4,-274.0,12,1.0
2025-10-06 16:00,-275.1,-275.9,-274.3,12,1.0
2025-10-06 17:00,-275.41,-276.2,-274.2,12,1.0
2025-10-06 18:00,-276.11,-276.6,-275.5,12,1.0
2025-10-06 19:00,-277.06,-277.8,-276.0,12,1.0
2025-10-06 20:00,-278.09,-279.1,-277.6,12,1.0
2025-10-06 21:00,-278.92,-280.1,-278.2,12,1.0
2025-10-06 22:00,-280.08,-280.7,-279.4,12,1.0
2025-10-06 23:00,-280.97,-281.9,-279.8,12,1.0
2025-10-07 00:00,-282.47,-283.3,-281.3,12,1.0
2025-10-07 01:00,-284.06,-285.0,-282.9,12,1.0
2025-10-07 02:00,-285.42,-286.3,-284.7,12,1.0
2025-10-07 03:00,-286.75,-288.0,-285.6,12,1.0
2025-10-07 04:00,-288.22,-288.8,-287.4,12,1.0
2025-10-07 05:00,-290.02,-291.0,-289.0,12,1.0
2025-10-07 06:00,-291.34,-292.0,-290.5,12,1.0
2025-10-07 07:00,-292.32,-293.2,-291.3,12,1.0
2025-10-07 08:00,-293.98,-295.0,-293.5,12,1.0
2025-10-07 09:00,-295.67,-297.0,-295.0,12,1.0
2025-10-07 10:00,-296.85,-298.1,-296.1,12,1.0
2025-10-07 11:00,-297.78,-298.8,-296.5,12,1.0
2025-10-07 12:00,-298.42,-299.3,-297.6,12,1.0
2025-10-07 13:00,-298.54,-299.1,-297.9,12,1.0
2025-10-07 14:00,-298.54,-299.6,-297.8,12,1.0
2025-10-07 15:00,-297.92,-298.8,-296.7,12,1.0
2025-10-07 16:00,-297.65,-298.5,-297.0,12,1.0
2025-10-07 17:00,-296.97,-297.5,-296.5,12,1.0
2025-10-07 18:00,-296.93,-298.0,-296.2,12,1.0
2025-10-07 19:00,-297.42,-298.5,-296.3,12,1.0
2025-10-07 20:00,-298.34,-298.8,-297.4,12,1.0
2025-10-07 21:00,-299.04,-300.1,-298.1,12,1.0
2025-10-07 22:00,-300.44,-301.2,-299.6,12,1.0
2025-10-07 23:00,-301.4,-302.1,-300.8,12,1.0
2025-10-08 00:00,-302.37,-303.7,-301.3,12,1.0
2025-10-08 01:00,-303.37,-304.2,-302.7,12,1.0
2025-10-08 02:00,-304.46,-305.3,-303.8,12,1.0
2025-10-08 03:00,-305.41,-306.3,-304.4,12,1.0
2025-10-08 04:00,-306.55,-307.2,-306.1,12,1.0
2025-10-08 05:00,-307.72,-309.2,-306.5,12,1.0
2025-10-08 06:00,-308.8,-309.5,-308.0,12,1.0
2025-10-08 07:00,-309.77,-310.5,-308.9,12,1.0
2025-10-08 08:00,-310.88,-311.9,-310.0,12,1.0
2025-10-08 09:00,-311.86,-312.7,-311.3,12,1.0
2025-10-08 10:00,-313.23,-314.0,-312.3,12,1.0
2025-10-08 11:00,-313.82,-315.1,-313.0,12,1.0
2025-10-08 12:00,-313.92,-314.6,-313.4,12,1.0
2025-10-08 13:00,-313.68,-314.4,-312.8,12,1.0
2025-10-08 14:00,-313.38,-314.1,-312.5,12,1.0
2025-10-08 15:00,-312.72,-313.5,-311.9,12,1.0
2025-10-08 16:00,-312.45,-313.3,-311.4,12,1.0
2025-10-08 17:00,-311.93,-312.6,-310.9,12,1.0
2025-10-08 18:00,-311.71,-312.7,-311.1,12,1.0
2025-10-08 19:00,-311.89,-312.5,-311.2,12,1.0
2025-10-08 20:00,-312.37,-313.0,-311.7,12,1.0
2025-10-08 21:00,-312.84,-313.8,-311.8,12,1.0
2025-10-08 22:00,-313.88,-314.6,-312.7,12,1.0
2025-10-08 23:00,-314.72,-316.1,-313.9,12,1.0
2025-10-09 00:00,-315.7,-316.4,-315.0,12,1.0
2025-10-09 01:00,-316.92,-317.5,-316.0,12,1.0
2025-10-09 02:00,-318.16,-319.0,-317.4,12,1.0
2025-10-09 03:00,-319.48,-320.2,-318.5,12,1.0
2025-10-09 04:00,-320.57,-321.7,-319.7,12,1.0
2025-10-09 05:00,-321.96,-322.8,-320.8,12,1.0
2025-10-09 06:00,-323.38,-324.3,-322.7,12,1.0
2025-10-09 07:00,-324.51,-325.4,-323.3,12,1.0
2025-10-09 08:00,-325.97,-327.0,-324.9,12,1.0
2025-10-09 09:00,-327.35,-328.5,-326.3,12,1.0
2025-10-09 10:00,-328.08,-329.0,-327.3,12,1.0
2025-10-09 11:00,-328.74,-330.1,-328.1,12,1.0
2025-10-09 12:00,-329.03,-329.6,-328.5,12,1.0
2025-10-09 13:00,-328.79,-329.3,-327.9,12,1.0
2025-10-09 14:00,-327.63,-328.4,-326.0,12,1.0
2025-10-09 15:00,-326.83,-327.7,-325.2,12,1.0
2025-10-09 16:00,-325.36,-326.4,-324.0,12,1.0
2025-10-09 17:00,-323.63,-324.6,-322.8,12,1.0
2025-10-09 18:00,-322.16,-322.9,-320.9,12,1.0
2025-10-09 19:00,-322.28,-322.8,-321.3,12,1.0
2025-10-09 20:00,-322.59,-323.0,-322.0,12,1.0
2025-10-09 21:00,-322.95,-323.7,-321.7,12,1.0
2025-10-09 22:00,-323.97,-324.7,-323.0,12,1.0
2025-10-09 23:00,-325.0,-326.1,-324.0,12,1.0
2025-10-10 00:00,-325.89,-327.3,-325.0,12,1.0
2025-10-10 01:00,-327.62,-328.4,-326.7,12,1.0
2025-10-10 02:00,-328.8,-329.5,-328.1,12,1.0
2025-10-10 03:00,-329.8,-330.7,-328.6,12,1.0
2025-10-10 04:00,-331.13,-331.7,-330.4,12,1.0
2025-10-10 05:00,-331.97,-332.8,-331.1,12,1.0
2025-10-10 06:00,-332.8,-334.3,-332.0,12,1.0
2025-10-10 07:00,-334.02,-335.0,-332.8,12,1.0
2025-10-10 08:00,-335.28,-335.9,-334.4,12,1.0
2025-10-10 09:00,-335.82,-336.6,-335.0,12,1.0
2025-10-10 10:00,-336.88,-337.8,-336.4,12,1.0
2025-10-10 11:00,-337.28,-338.5,-336.7,12,1.0
2025-10-10 12:00,-337.46,-338.4,-336.4,12,1.0
2025-10-10 13:00,-337.24,-338.1,-336.6,12,1.0
2025-10-10 14:00,-336.48,-337.2,-335.3,12,1.0
2025-10-10 15:00,-335.66,-336.6,-334.9,12,1.0
2025-10-10 16:00,-334.79,-336.4,-333.9,12,1.0
2025-10-10 17:00,-334.02,-335.3,-333.0,12,1.0
2025-10-10 18:00,-333.39,-334.6,-332.4,12,1.0
2025-10-10 19:00,-332.98,-333.5,-332.0,12,1.0
2025-10-10 20:00,-333.55,-334.4,-332.3,12,1.0
2025-10-10 21:00,-334.38,-335.3,-333.4,12,1.0
2025-10-10 22:00,-334.82,-336.1,-334.0,12,1.0
2025-10-10 23:00,-335.75,-336.6,-334.9,12,1.0
2025-10-11 00:00,-337.07,-338.4,-336.4,12,1.0
2025-10-11 01:00,-338.22,-339.2,-336.8,12,1.0
2025-10-11 02:00,-338.95,-340.6,-337.4,12,1.0
2025-10-11 03:00,-340.11,-341.3,-339.1,12,1.0
2025-10-11 04:00,-341.03,-342.5,-339.1,12,1.0
2025-10-11 05:00,-342.28,-343.0,-341.4,12,1.0
2025-10-11 06:00,-343.17,-344.7,-342.1,12,1.0
2025-10-11 07:00,-344.12,-345.1,-343.2,12,1.0
2025-10-11 08:00,-345.31,-346.5,-344.1,12,1.0
2025-10-11 09:00,-345.93,-347.4,-345.1,12,1.0
2025-10-11 10:00,-346.9,-347.6,-345.8,12,1.0
2025-10-11 11:00,-347.12,-348.4,-346.6,12,1.0
2025-10-11 12:00,-346.91,-347.8,-345.9,12,1.0
2025-10-11 13:00,-346.82,-348.2,-345.9,12,1.0
2025-10-11 14:00,-345.99,-346.7,-344.6,12,1.0
2025-10-11 15:00,-344.93,-346.5,-343.4,12,1.0
2025-10-11 16:00,-343.58,-345.5,-342.8,12,1.0
2025-10-11 17:00,-341.9,-342.4,-341.2,12,1.0
2025-10-11 18:00,-341.59,-342.4,-340.1,12,1.0
2025-10-11 19:00,-341.04,-342.1,-340.2,12,1.0
2025-10-11 20:00,-341.37,-342.1,-340.2,12,1.0
2025-10-11 21:00,-342.0,-343.2,-341.0,12,1.0
2025-10-11 22:00,-343.12,-344.0,-342.1,12,1.0
2025-10-11 23:00,-344.81,-345.9,-344.1,12,1.0
2025-10-12 00:00,-345.32,-346.0,-344.8,12,1.0
2025-10-12 01:00,-346.88,-348.2,-345.5,12,1.0
2025-10-12 02:00,-348.48,-349.7,-347.2,12,1.0
2025-10-12 03:00,-349.82,-351.3,-348.5,12,1.0
2025-10-12 04:00,-351.88,-354.4,-350.6,12,1.0
2025-10-12 05:00,-353.21,-354.6,-352.0,12,1.0
2025-10-12 06:00,-354.87,-356.0,-353.0,12,1.0
2025-10-12 07:00,-356.33,-358.0,-354.5,12,1.0
2025-10-12 08:00,-357.48,-358.4,-356.0,12,1.0
2025-10-12 09:00,-359.07,-360.4,-357.7,12,1.0
2025-10-12 10:00,-360.35,-361.6,-359.7,12,1.0
2025-10-12 11:00,-360.82,-361.7,-360.0,12,1.0
2025-10-12 12:00,-361.14,-362.2,-359.7,12,1.0
2025-10-12 13:00,-360.89,-362.0,-359.7,12,1.0
2025-10-12 14:00,-360.98,-361.7,-360.6,12,1.0
2025-10-12 15:00,-360.15,-361.1,-358.9,12,1.0
2025-10-12 16:00,-359.52,-360.5,-358.9,12,1.0
2025-10-12 17:00,-359.32,-359.8,-358.8,12,1.0
2025-10-12 18:00,-359.09,-359.8,-358.3,12,1.0
2025-10-12 19:00,-359.02,-360.0,-357.9,12,1.0
2025-10-12 20:00,-359.95,-361.2,-359.3,12,1.0
2025-10-12 21:00,-360.76,-361.7,-360.0,12,1.0
2025-10-12 22:00,-361.8,-362.6,-361.0,12,1.0
2025-10-12 23:00,-362.55,-363.2,-361.7,12,1.0
2025-10-13 00:00,-363.98,-365.5,-362.5,12,1.0
2025-10-13 01:00,-365.37,-366.9,-364.6,12,1.0
2025-10-13 02:00,-366.63,-368.0,-365.4,12,1.0
2025-10-13 03:00,-368.28,-369.4,-367.4,12,1.0
2025-10-13 04:00,-369.31,-370.5,-368.0,12,1.0
2025-10-13 05:00,-371.27,-372.6,-370.1,12,1.0
2025-10-13 06:00,-372.37,-373.8,-370.1,12,1.0
2025-10-13 07:00,-373.88,-374.8,-372.7,12,1.0
2025-10-13 08:00,-375.31,-376.7,-374.0,12,1.0
2025-10-13 09:00,-376.45,-377.3,-374.9,12,1.0
2025-10-13 10:00,-377.83,-378.9,-377.0,12,1.0
2025-10-13 11:00,-378.91,-380.4,-377.8,12,1.0
2025-10-13 12:00,-379.28,-380.4,-378.6,12,1.0
2025-10-13 13:00,-378.87,-380.0,-377.7,12,1.0
2025-10-13 14:00,-378.44,-379.8,-377.2,12,1.0
2025-10-13 15:00,-377.38,-378.7,-375.6,12,1.0
2025-10-13 16:00,-376.58,-377.7,-374.8,12,1.0
2025-10-13 17:00,-374.83,-375.5,-373.8,12,1.0
2025-10-13 18:00,-374.42,-375.8,-373.6,12,1.0
2025-10-13 19:00,-374.43,-375.2,-373.9,12,1.0
2025-10-13 20:00,-374.42,-375.1,-373.9,12,1.0
2025-10-13 21:00,-375.46,-376.2,-374.2,12,1.0
2025-10-13 22:00,-376.99,-378.4,-375.1,12,1.0
2025-10-13 23:00,-378.37,-379.7,-376.9,12,1.0
2025-10-14 00:00,-379.71,-381.1,-377.8,12,1.0
2025-10-14 01:00,-380.53,-381.8,-379.1,12,1.0
2025-10-14 02:00,-381.69,-383.1,-380.1,12,1.0
2025-10-14 03:00,-383.5,-385.1,-381.9,12,1.0
2025-10-14 04:00,-384.89,-387.4,-382.9,12,1.0
2025-10-14 05:00,-385.98,-388.1,-384.1,12,1.0
2025-10-14 06:00,-387.76,-389.6,-386.2,12,1.0
2025-10-14 07:00,-389.7,-390.8,-388.9,12,1.0
2025-10-14 08:00,-391.52,-392.5,-390.5,12,1.0
2025-10-14 09:00,-394.05,-395.9,-391.7,12,1.0
2025-10-14 10:00,-395.43,-396.5,-394.5,12,1.0
2025-10-14 11:00,-396.26,-397.0,-395.2,12,1.0
2025-10-14 12:00,-396.25,-397.5,-395.2,12,1.0
2025-10-14 13:00,-396.76,-397.8,-395.6,12,1.0
2025-10-14 14:00,-395.8,-397.5,-394.8,12,1.0
2025-10-14 15:00,-395.03,-396.4,-393.8,12,1.0
2025-10-14 16:00,-393.54,-394.7,-390.5,12,1.0
2025-10-14 17:00,-392.57,-393.6,-391.3,12,1.0
2025-10-14 18:00,-391.23,-392.3,-390.0,12,1.0
2025-10-14 19:00,-391.68,-392.4,-390.8,12,1.0
2025-10-14 20:00,-392.15,-393.7,-391.0,12,1.0
2025-10-14 21:00,-393.51,-394.3,-391.9,12,1.0
2025-10-14 22:00,-394.45,-395.1,-393.3,12,1.0
2025-10-14 23:00,-395.69,-396.8,-394.7,12,1.0
2025-10-15 00:00,-396.94,-397.7,-395.3,12,1.0
2025-10-15 01:00,-398.71,-399.6,-397.6,12,1.0
2025-10-15 02:00,-399.58,-400.9,-398.6,12,1.0
2025-10-15 03:00,-400.99,-401.4,-400.3,12,1.0
2025-10-15 04:00,-401.99,-402.9,-401.0,12,1.0
2025-10-15 05:00,-403.13,-405.0,-401.7,12,1.0
2025-10-15 06:00,-403.9,-405.7,-402.0,12,1.0
2025-10-15 07:00,-406.33,-407.1,-405.0,12,1.0
2025-10-15 08:00,-408.44,-410.3,-406.8,12,1.0
2025-10-15 09:00,-409.94,-411.1,-408.9,12,1.0
2025-10-15 10:00,-411.66,-412.9,-410.1,12,1.0
2025-10-15 11:00,-412.46,-413.3,-411.4,12,1.0
2025-10-15 12:00,-414.08,-416.4,-412.7,12,1.0
2025-10-15 13:00,-415.63,-417.1,-414.3,12,1.0
2025-10-15 14:00,-416.72,-417.7,-415.6,12,1.0
2025-10-15 15:00,-418.05,-419.6,-416.8,12,1.0
2025-10-15 16:00,-418.59,-419.9,-417.4,12,1.0
2025-10-15 17:00,-419.39,-420.4,-417.9,12,1.0
2025-10-15 18:00,-420.93,-421.9,-419.9,12,1.0
2025-10-15 19:00,-421.84,-423.0,-420.0,12,1.0
2025-10-15 20:00,-423.44,-424.4,-422.4,12,1.0
2025-10-15 21:00,-425.04,-426.9,-423.6,12,1.0
2025-10-15 22:00,-427.55,-429.1,-425.0,12,1.0
2025-10-15 23:00,-429.34,-431.4,-428.1,12,1.0
2025-10-16 00:00,-430.92,-432.9,-429.1,12,1.0
2025-10-16 01:00,-432.95,-435.4,-431.4,12,1.0
2025-10-16 02:00,-434.82,-436.6,-433.7,12,1.0
2025-10-16 03:00,-437.31,-439.6,-435.9,12,1.0
2025-10-16 04:00,-438.59,-440.7,-437.5,12,1.0
2025-10-16 05:00,-441.27,-443.3,-438.7,12,1.0
2025-10-16 06:00,-442.57,-445.1,-441.2,12,1.0
2025-10-16 07:00,-444.32,-446.1,-442.5,12,1.0
2025-10-16 08:00,-446.02,-448.2,-444.4,12,1.0
2025-10-16 09:00,-447.84,-448.9,-446.4,12,1.0
2025-10-16 10:00,-450.69,-452.9,-448.9,12,1.0
2025-10-16 11:00,-452.19,-454.7,-450.6,12,1.0
2025-10-16 12:00,-453.78,-455.1,-452.2,12,1.0
2025-10-16 13:00,-456.82,-459.0,-455.1,12,1.0
2025-10-16 14:00,-458.8,-460.3,-457.7,12,1.0
2025-10-16 15:00,-460.18,-462.3,-458.9,12,1.0
2025-10-16 16:00,-462.17,-464.6,-461.3,12,1.0
2025-10-16 17:00,-463.4,-464.5,-461.5,12,1.0
2025-10-16 18:00,-465.65,-467.4,-464.5,12,1.0
2025-10-16 19:00,-467.29,-468.4,-465.6,12,1.0
2025-10-16 20:00,-469.02,-470.4,-467.3,12,1.0
2025-10-16 21:00,-471.4,-473.4,-468.2,12,1.0
2025-10-16 22:00,-472.8,-473.8,-472.1,12,1.0
2025-10-16 23:00,-474.08,-475.8,-471.6,12,1.0
2025-10-17 00:00,-475.61,-477.0,-474.0,12,1.0
2025-10-17 01:00,-477.35,-478.8,-475.8,12,1.0
2025-10-17 02:00,-479.63,-480.9,-478.2,12,1.0
2025-10-17 03:00,-481.66,-484.3,-480.2,12,1.0
2025-10-17 04:00,-483.36,-485.2,-481.9,12,1.0
2025-10-17 05:00,-484.79,-486.1,-483.6,12,1.0
2025-10-17 06:00,-486.93,-488.6,-484.9,12,1.0
2025-10-17 07:00,-488.65,-490.7,-487.0,12,1.0
2025-10-17 08:00,-490.35,-492.5,-488.8,12,1.0
2025-10-17 09:00,-492.4,-493.9,-490.3,12,1.0
2025-10-17 10:00,-494.11,-495.8,-492.3,12,1.0
2025-10-17 11:00,-494.69,-496.1,-493.4,12,1.0
2025-10-17 12:00,-495.47,-496.8,-494.2,12,1.0
2025-10-17 13:00,-496.22,-497.3,-494.4,12,1.0
2025-10-17 14:00,-495.17,-497.4,-493.7,12,1.0
2025-10-17 15:00,-495.77,-497.2,-493.4,12,1.0
2025-10-17 16:00,-496.0,-497.6,-494.6,12,1.0
2025-10-17 17:00,-496.72,-498.4,-494.8,12,1.0
2025-10-17 18:00,-496.88,-498.5,-495.9,12,1.0
2025-10-17 19:00,-497.92,-500.0,-495.2,12,1.0
2025-10-17 20:00,-499.35,-502.0,-496.8,12,1.0
2025-10-17 21:00,-500.33,-501.9,-499.3,12,1.0
2025-10-17 22:00,-502.23,-503.8,-500.8,12,1.0
2025-10-17 23:00,-503.85,-505.4,-501.5,12,1.0
2025-10-18 00:00,-505.21,-507.5,-503.3,12,1.0
2025-10-18 01:00,-507.13,-508.2,-506.3,12,1.0
2025-10-18 02:00,-509.25,-511.3,-507.3,12,1.0
2025-10-18 03:00,-510.42,-512.5,-509.3,12,1.0
2025-10-18 04:00,-511.99,-513.2,-510.1,12,1.0
2025-10-18 05:00,-513.19,-514.9,-511.9,12,1.0
2025-10-18 06:00,-515.12,-516.8,-511.9,12,1.0
2025-10-18 07:00,-516.66,-518.9,-514.9,12,1.0
2025-10-18 08:00,-518.53,-520.5,-516.4,12,1.0
2025-10-18 09:00,-519.94,-521.4,-517.6,12,1.0
2025-10-18 10:00,-520.85,-523.4,-518.9,12,1.0
2025-10-18 11:00,-520.64,-522.8,-518.1,12,1.0
2025-10-18 12:00,-520.28,-522.8,-517.6,12,1.0
2025-10-18 13:00,-519.67,-521.8,-518.1,12,1.0
2025-10-18 14:00,-517.28,-520.2,-515.3,12,1.0
2025-10-18 15:00,-515.68,-517.6,-514.4,12,1.0
2025-10-18 16:00,-513.76,-516.8,-512.3,12,1.0
2025-10-18 17:00,-511.92,-513.7,-509.7,12,1.0
2025-10-18 18:00,-511.36,-513.4,-509.0,12,1.0
2025-10-18 19:00,-511.6,-514.4,-510.3,12,1.0
2025-10-18 20:00,-513.1,-514.5,-511.0,12,1.0
2025-10-18 21:00,-515.13,-518.1,-512.9,12,1.0
2025-10-18 22:00,-516.87,-518.8,-515.3,12,1.0
2025-10-18 23:00,-519.36,-520.8,-517.0,12,1.0
2025-10-19 00:00,-520.82,-522.9,-518.7,12,1.0
2025-10-19 01:00,-523.58,-526.5,-520.6,12,1.0
2025-10-19 02:00,-525.76,-528.6,-523.6,12,1.0
2025-10-19 03:00,-528.12,-532.1,-526.5,12,1.0
2025-10-19 04:00,-529.46,-532.1,-527.8,12,1.0
2025-10-19 05:00,-531.51,-533.2,-528.6,12,1.0
2025-10-19 06:00,-533.24,-536.3,-530.1,12,1.0
2025-10-19 07:00,-535.38,-538.0,-533.7,12,1.0
2025-10-19 08:00,-537.11,-538.1,-535.7,12,1.0
2025-10-19 09:00,-540.53,-542.1,-539.0,12,1.0
2025-10-19 10:00,-543.05,-545.0,-540.5,12,1.0
2025-10-19 11:00,-544.31,-546.1,-543.2,12,1.0
2025-10-19 12:00,-546.18,-548.4,-543.7,12,1.0
2025-10-19 13:00,-546.39,-549.4,-545.1,12,1.0
2025-10-19 14:00,-546.13,-548.7,-544.0,12,1.0
2025-10-19 15:00,-544.87,-546.1,-541.7,12,1.0
2025-10-19 16:00,-542.52,-546.4,-539.4,12,1.0
2025-10-19 17:00,-541.71,-544.5,-539.1,12,1.0
2025-10-19 18:00,-541.28,-544.0,-538.9,12,1.0
2025-10-19 19:00,-541.63,-543.6,-539.3,12,1.0
2025-10-19 20:00,-543.82,-545.6,-541.9,12,1.0
2025-10-19 21:00,-545.06,-548.4,-543.5,12,1.0
2025-10-19 22:00,-547.28,-549.0,-545.1,12,1.0
2025-10-19 23:00,-549.13,-550.7,-547.0,12,1.0
2025-10-20 00:00,-551.95,-554.4,-549.8,12,1.0
2025-10-20 01:00,-554.4,-556.7,-551.7,12,1.0
2025-10-20 02:00,-556.89,-558.9,-555.0,12,1.0
2025-10-20 03:00,-559.98,-563.4,-557.4,12,1.0
2025-10-20 04:00,-562.24,-565.1,-560.3,12,1.0
2025-10-20 05:00,-564.47,-567.0,-562.1,12,1.0
2025-10-20 06:00,-565.77,-568.7,-563.0,12,1.0
2025-10-20 07:00,-567.22,-570.3,-564.5,12,1.0
2025-10-20 08:00,-570.23,-572.8,-567.7,12,1.0
2025-10-20 09:00,-571.22,-574.2,-569.6,12,1.0
2025-10-20 10:00,-573.52,-576.2,-570.7,12,1.0
2025-10-20 11:00,-575.57,-578.1,-573.6,12,1.0
2025-10-20 12:00,-575.94,-578.9,-572.7,12,1.0
2025-10-20 13:00,-576.29,-578.2,-575.2,12,1.0
2025-10-20 14:00,-575.35,-577.7,-574.0,12,1.0
2025-10-20 15:00,-574.01,-576.4,-572.7,12,1.0
2025-10-20 16:00,-572.76,-574.2,-571.5,12,1.0
2025-10-20 17:00,-572.22,-574.6,-570.2,12,1.0
2025-10-20 18:00,-571.81,-573.6,-569.8,12,1.0
2025-10-20 19:00,-573.38,-577.0,-571.1,12,1.0
2025-10-20 20:00,-574.67,-578.2,-571.9,12,1.0
2025-10-20 21:00,-577.48,-580.2,-576.0,12,1.0
2025-10-20 22:00,-578.78,-580.5,-577.2,12,1.0
2025-10-20 23:00,-581.41,-583.0,-579.4,12,1.0
2025-10-21 00:00,-583.78,-587.2,-579.7,12,1.0
2025-10-21 01:00,-586.52,-588.0,-584.0,12,1.0
2025-10-21 02:00,-587.9,-590.5,-585.9,12,1.0
2025-10-21 03:00,-590.02,-592.6,-587.2,12,1.0
2025-10-21 04:00,-592.67,-594.8,-590.3,12,1.0
2025-10-21 05:00,-593.95,-596.1,-591.8,12,1.0
2025-10-21 06:00,-596.82,-598.8,-594.4,12,1.0
2025-10-21 07:00,-598.27,-600.1,-595.9,12,1.0
2025-10-21 08:00,-600.18,-602.6,-597.3,12,1.0
2025-10-21 09:00,-601.08,-603.1,-599.4,12,1.0
2025-10-21 10:00,-601.72,-603.5,-598.5,12,1.0
2025-10-21 11:00,-602.34,-605.1,-599.4,12,1.0
2025-10-21 12:00,-603.31,-605.8,-601.6,12,1.0
2025-10-21 13:00,-602.07,-604.2,-598.5,12,1.0
2025-10-21 14:00,-602.84,-604.8,-599.9,12,1.0
2025-10-21 15:00,-603.97,-605.6,-602.0,12,1.0
2025-10-21 16:00,-604.73,-606.9,-603.4,12,1.0
2025-10-21 17:00,-604.5,-606.9,-601.3,12,1.0
2025-10-21 18:00,-605.93,-608.7,-604.6,12,1.0
2025-10-21 19:00,-606.59,-610.1,-603.4,12,1.0
2025-10-21 20:00,-607.41,-610.8,-603.7,12,1.0
2025-10-21 21:00,-608.1,-610.2,-604.5,12,1.0
2025-10-21 22:00,-608.08,-609.8,-606.6,12,1.0
2025-10-21 23:00,-610.24,-612.2,-608.8,12,1.0
2025-10-22 00:00,-610.85,-614.5,-608.7,12,1.0
2025-10-22 01:00,-612.16,-614.6,-610.0,12,1.0
2025-10-22 02:00,-613.28,-617.3,-610.4,12,1.0
2025-10-22 03:00,-614.82,-616.7,-612.1,12,1.0
2025-10-22 04:00,-615.24,-617.3,-613.5,12,1.0
2025-10-22 05:00,-616.75,-619.6,-613.0,12,1.0
2025-10-22 06:00,-617.82,-620.3,-615.5,12,1.0
2025-10-22 07:00,-617.37,-620.0,-615.3,12,1.0
2025-10-22 08:00,-617.74,-621.4,-615.3,12,1.0
2025-10-22 09:00,-617.36,-620.0,-615.3,12,1.0
2025-10-22 10:00,-617.35,-619.4,-615.6,12,1.0
2025-10-22 11:00,-616.7,-619.9,-613.9,12,1.0
2025-10-22 12:00,-616.28,-619.6,-614.0,12,1.0
2025-10-22 13:00,-614.15,-616.3,-612.2,12,1.0
2025-10-22 14:00,-612.74,-615.3,-611.4,12,1.0
2025-10-22 15:00,-612.07,-615.2,-610.2,12,1.0
2025-10-22 16:00,-610.56,-612.6,-608.1,12,1.0
2025-10-22 17:00,-609.2,-611.4,-603.7,12,1.0
2025-10-22 18:00,-608.51,-610.7,-606.5,12,1.0
2025-10-22 19:00,-608.57,-610.1,-606.9,12,1.0
2025-10-22 20:00,-607.2,-608.5,-606.0,12,1.0
2025-10-22 21:00,-608.01,-610.4,-606.0,12,1.0
2025-10-22 22:00,-607.53,-611.2,-604.9,12,1.0
2025-10-22 23:00,-607.55,-610.2,-604.9,12,1.0
2025-10-23 00:00,-608.55,-610.5,-605.6,12,1.0
2025-10-23 01:00,-607.33,-610.2,-603.7,12,1.0
2025-10-23 02:00,-608.12,-610.8,-604.5,12,1.0
2025-10-23 03:00,-608.73,-611.9,-606.2,12,1.0
2025-10-23 04:00,-607.79,-609.0,-605.8,12,1.0
2025-10-23 05:00,-608.32,-611.4,-605.2,12,1.0
2025-10-23 06:00,-607.78,-611.6,-605.3,12,1.0
2025-10-23 07:00,-608.57,-610.9,-605.8,12,1.0
2025-10-23 08:00,-608.46,-610.7,-606.3,12,1.0
2025-10-23 09:00,-607.38,-611.1,-604.9,12,1.0
2025-10-23 10:00,-606.56,-608.5,-604.6,12,1.0
2025-10-23 11:00,-606.36,-608.5,-603.4,12,1.0
2025-10-23 12:00,-605.47,-607.6,-602.1,12,1.0
2025-10-23 13:00,-605.42,-606.9,-603.4,12,1.0
2025-10-23 14:00,-603.73,-606.6,-602.0,12,1.0
2025-10-23 15:00,-601.82,-603.7,-599.1,12,1.0
2025-10-23 16:00,-600.07,-602.1,-598.4,12,1.0
2025-10-23 17:00,-598.59,-601.2,-594.6,12,1.0
2025-10-23 18:00,-594.91,-597.9,-592.1,12,1.0
2025-10-23 19:00,-592.15,-594.8,-588.8,12,1.0
2025-10-23 20:00,-273.58,-591.1,-19.4,12,1.0
2025-10-23 21:00,-10.58,-16.7,-6.1,12,1.0
2025-10-23 22:00,-3.33,-5.6,-1.9,12,1.0
2025-10-23 23:00,-1.53,-1.8,-1.4,12,1.0
2025-10-24 00:00,-1.32,-1.4,-1.3,12,1.0
2025-10-24 01:00,-1.39,-1.4,-1.3,12,1.0
2025-10-24 02:00,-1.55,-1.6,-1.5,12,1.0
2025-10-24 03:00,-1.76,-1.9,-1.7,12,1.0
2025-10-24 04:00,-2.01,-2.1,-1.9,12,1.0
2025-10-24 05:00,-2.31,-2.5,-2.2,12,1.0
2025-10-24 06:00,-2.67,-2.8,-2.5,12,1.0
2025-10-24 07:00,-3.06,-3.3,-2.9,12,1.0
2025-10-24 08:00,-3.54,-3.8,-3.3,12,1.0
2025-10-24 09:00,-4.08,-4.4,-3.8,12,1.0
2025-10-24 10:00,-4.73,-5.0,-4.5,12,1.0
2025-10-24 11:00,-5.19,-5.3,-5.1,12,1.0
2025-10-24 12:00,-5.52,-5.7,-5.3,12,1.0
2025-10-24 13:00,-5.89,-6.1,-5.7,12,1.0
2025-10-24 14:00,-6.34,-6.6,-6.1,12,1.0
2025-10-24 15:00,-6.87,-7.1,-6.6,12,1.0
2025-10-24 16:00,-7.46,-7.7,-7.2,12,1.0
2025-10-24 17:00,-8.18,-8.5,-7.8,12,1.0
2025-10-24 18:00,-8.92,-9.3,-8.6,12,1.0
2025-10-24 19:00,-9.68,-10.0,-9.3,12,1.0
2025-10-24 20:00,-10.11,-10.2,-10.0,12,1.0
2025-10-24 21:00,-10.27,-10.3,-10.2,12,1.0
2025-10-24 22:00,-10.44,-10.5,-10.4,12,1.0
2025-10-24 23:00,-10.58,-10.7,-10.5,12,1.0
2025-10-25 00:00,-10.73,-10.8,-10.7,12,1.0
2025-10-25 01:00,-10.87,-10.9,-10.8,12,1.0
2025-10-25 02:00,-11.02,-11.1,-11.0,12,1.0
2025-10-25 03:00,-11.16,-11.2,-11.1,12,1.0
2025-10-25 04:00,-11.3,-11.4,-11.2,12,1.0
2025-10-25 05:00,-11.43,-11.5,-11.4,12,1.0
2025-10-25 06:00,-11.57,-11.6,-11.5,12,1.0
2025-10-25 07:00,-11.69,-11.8,-11.6,12,1.0
2025-10-25 08:00,-11.82,-11.9,-11.8,12,1.0
2025-10-25 09:00,-11.94,-12.0,-11.9,12,1.0
2025-10-25 10:00,-12.06,-12.1,-12.0,12,1.0
2025-10-25 11:00,-12.18,-12.2,-12.1,12,1.0
2025-10-25 12:00,-12.3,-12.4,-12.2,12,1.0
2025-10-25 13:00,-12.44,-12.5,-12.4,12,1.0
2025-10-25 14:00,-12.55,-12.6,-12.5,12,1.0
2025-10-25 15:00,-12.7,-12.8,-12.6,12,1.0
2025-10-25 16:00,-12.82,-12.9,-12.8,12,1.0
2025-10-25 17:00,-12.95,-13.0,-12.9,12,1.0
2025-10-25 18:00,-13.08,-13.1,-13.0,12,1.0
2025-10-25 19:00,-13.22,-13.3,-13.2,12,1.0
2025-10-25 20:00,-13.33,-13.4,-13.3,12,1.0
2025-10-25 21:00,-13.44,-13.5,-13.4,12,1.0
2025-10-25 22:00,-13.57,-13.6,-13.5,12,1.0
2025-10-25 23:00,-13.62,-13.7,-13.6,12,1.0
2025-10-26 00:00,-7.11,-13.7,-0.1,12,1.0
2025-10-26 01:00,-0.1,-0.1,-0.1,12,1.0
2025-10-26 02:00,-0.1,-0.1,-0.1,12,1.0
2025-10-26 03:00,-0.16,-0.2,-0.1,12,1.0
2025-10-26 04:00,-0.2,-0.2,-0.2,12,1.0
2025-10-26 05:00,-0.2,-0.2,-0.2,12,1.0
2025-10-26 06:00,-0.2,-0.2,-0.2,12,1.0
2025-10-26 07:00,-0.2,-0.2,-0.2,12,1.0
2025-10-26 08:00,-0.22,-0.3,-0.2,12,1.0
2025-10-26 09:00,-0.3,-0.3,-0.3,12,1.0
2025-10-26 10:00,-0.3,-0.3,-0.3,12,1.0
2025-10-26 11:00,-0.31,-0.4,-0.3,12,1.0
2025-10-26 12:00,-0.4,-0.4,-0.4,12,1.0
2025-10-26 13:00,-0.4,-0.4,-0.4,12,1.0
2025-10-26 14:00,-0.49,-0.5,-0.4,12,1.0
2025-10-26 15:00,-0.55,-0.6,-0.5,12,1.0
2025-10-26 16:00,-0.62,-0.7,-0.6,12,1.0
2025-10-26 17:00,-0.7,-0.7,-0.7,12,1.0
2025-10-26 18:00,-0.79,-0.8,-0.7,12,1.0
2025-10-26 19:00,-0.92,-1.0,-0.9,12,1.0
2025-10-26 20:00,-1.03,-1.1,-1.0,12,1.0
2025-10-26 21:00,-1.19,-1.3,-1.1,12,1.0
2025-10-26 22:00,-1.36,-1.4,-1.3,12,1.0
2025-10-26 23:00,-1.58,-1.7,-1.5,12,1.0
2025-10-27 00:00,-1.81,-1.9,-1.7,12,1.0
2025-10-27 01:00,-2.02,-2.1,-1.9,12,1.0
2025-10-27 02:00,-2.17,-2.2,-2.1,12,1.0
2025-10-27 03:00,-2.33,-2.4,-2.3,12,1.0
2025-10-27 04:00,-2.48,-2.6,-2.4,12,1.0
2025-10-27 05:00,-2.68,-2.8,-2.6,12,1.0
2025-10-27 06:00,-2.88,-3.0,-2.8,12,1.0
2025-10-27 07:00,-3.13,-3.2,-3.0,12,1.0
2025-10-27 08:00,-3.4,-3.5,-3.3,12,1.0
2025-10-27 09:00,-3.7,-3.9,-3.6,12,1.0
2025-10-27 10:00,-4.12,-4.3,-3.9,12,1.0
2025-10-27 11:00,-4.58,-4.8,-4.3,12,1.0
2025-10-27 12:00,-5.02,-5.1,-4.9,12,1.0
2025-10-27 13:00,-5.29,-5.4,-5.2,12,1.0
2025-10-27 14:00,-5.55,-5.7,-5.4,12,1.0
2025-10-27 15:00,-5.86,-6.0,-5.7,12,1.0
2025-10-27 16:00,-6.19,-6.3,-6.0,12,1.0
2025-10-27 17:00,-6.55,-6.7,-6.4,12,1.0
2025-10-27 18:00,-6.91,-7.1,-6.8,12,1.0
2025-10-27 19:00,-7.28,-7.4,-7.1,12,1.0
2025-10-27 20:00,-7.64,-7.8,-7.5,12,1.0
2025-10-27 21:00,-7.98,-8.2,-7.8,12,1.0
2025-10-27 22:00,-8.32,-8.5,-8.2,12,1.0
2025-10-27 23:00,-8.64,-8.8,-8.5,12,1.0
2025-10-28 00:00,-8.87,-8.9,-8.8,12,1.0
2025-10-28 01:00,-8.97,-9.0,-8.9,12,1.0
2025-10-28 02:00,-8.87,-9.0,-8.8,12,1.0
2025-10-28 03:00,-8.69,-8.8,-8.6,12,1.0
2025-10-28 04:00,-8.43,-8.6,-8.3,12,1.0
2025-10-28 05:00,-8.18,-8.3,-8.1,12,1.0
2025-10-28 06:00,-8.04,-8.1,-8.0,12,1.0
2025-10-28 07:00,-7.91,-8.0,-7.9,12,1.0
2025-10-28 08:00,-7.89,-7.9,-7.8,12,1.0
2025-10-28 09:00,-7.88,-7.9,-7.8,12,1.0
2025-10-28 10:00,-7.9,-7.9,-7.9,12,1.0
2025-10-28 11:00,-7.97,-8.0,-7.9,12,1.0
2025-10-28 12:00,-8.07,-8.1,-8.0,12,1.0
2025-10-28 13:00,-8.18,-8.3,-8.1,12,1.0
2025-10-28 14:00,-8.33,-8.4,-8.2,12,1.0
2025-10-28 15:00,-8.47,-8.5,-8.4,12,1.0
2025-10-28 16:00,-8.65,-8.7,-8.6,12,1.0
2025-10-28 17:00,-8.83,-8.9,-8.7,12,1.0
2025-10-28 18:00,-9.03,-9.2,-8.9,12,1.0
2025-10-28 19:00,-9.28,-9.4,-9.1,12,1.0
2025-10-28 20:00,-9.59,-9.7,-9.5,12,1.0
2025-10-28 21:00,-9.9,-10.0,-9.7,12,1.0
2025-10-28 22:00,-10.04,-10.1,-10.0,12,1.0
2025-10-28 23:00,-10.1,-10.1,-10.1,12,1.0
2025-10-29 00:00,-10.2,-10.2,-10.2,12,1.0
2025-10-29 01:00,-10.24,-10.3,-10.2,12,1.0
2025-10-29 02:00,-10.3,-10.3,-10.3,12,1.0
2025-10-29 03:00,-10.39,-10.4,-10.3,12,1.0
2025-10-29 04:00,-10.42,-10.5,-10.4,12,1.0
2025-10-29 05:00,-10.5,-10.5,-10.5,12,1.0
2025-10-29 06:00,-10.56,-10.6,-10.5,12,1.0
2025-10-29 07:00,-10.6,-10.6,-10.6,12,1.0
2025-10-29 08:00,-10.7,-10.7,-10.7,12,1.0
2025-10-29 09:00,-10.72,-10.8,-10.7,12,1.0
2025-10-29 10:00,-10.8,-10.8,-10.8,12,1.0
2025-10-29 11:00,-10.86,-10.9,-10.8,12,1.0
2025-10-29 12:00,-10.92,-11.0,-10.9,12,1.0
2025-10-29 13:00,-11.0,-11.0,-11.0,12,1.0
2025-10-29 14:00,-11.09,-11.1,-11.0,12,1.0
2025-10-29 15:00,-11.16,-11.2,-11.1,12,1.0
2025-10-29 16:00,-11.24,-11.3,-11.2,12,1.0
2025-10-29 17:00,-11.33,-11.4,-11.3,12,1.0
2025-10-29 18:00,-11.43,-11.5,-11.4,12,1.0
2025-10-29 19:00,-11.52,-11.6,-11.5,12,1.0
2025-10-29 20:00,-11.62,-11.7,-11.6,12,1.0
2025-10-29 21:00,-11.72,-11.8,-11.7,12,1.0
2025-10-29 22:00,-11.81,-11.9,-11.8,12,1.0
2025-10-29 23:00,-11.9,-11.9,-11.9,12,1.0
2025-10-30 00:00,-11.99,-12.0,-11.9,12,1.0
2025-10-30 01:00,-12.08,-12.1,-12.0,12,1.0
2025-10-30 02:00,-12.16,-12.2,-12.1,12,1.0
2025-10-30 03:00,-12.21,-12.3,-12.2,12,1.0
2025-10-30 04:00,-12.3,-12.3,-12.3,12,1.0
2025-10-30 05:00,-12.38,-12.4,-12.3,12,1.0
2025-10-30 06:00,-12.46,-12.5,-12.4,12,1.0
2025-10-30 07:00,-12.5,-12.5,-12.5,12,1.0
2025-10-30 08:00,-12.59,-12.6,-12.5,12,1.0
2025-10-30 09:00,-12.64,-12.7,-12.6,12,1.0
2025-10-30 10:00,-12.7,-12.7,-12.7,12,1.0
2025-10-30 11:00,-12.78,-12.8,-12.7,12,1.0
2025-10-30 12:00,-12.85,-12.9,-12.8,12,1.0
2025-10-30 13:00,-12.9,-12.9,-12.9,12,1.0
2025-10-30 14:00,-12.98,-13.0,-12.9,12,1.0
2025-10-30 15:00,-13.04,-13.1,-13.0,12,1.0
2025-10-30 16:00,-13.1,-13.1,-13.1,12,1.0
2025-10-30 17:00,-13.2,-13.2,-13.2,12,1.0
2025-10-30 18:00,-13.27,-13.3,-13.2,12,1.0
2025-10-30 19:00,-13.31,-13.4,-13.3,12,1.0
2025-10-30 20:00,-13.4,-13.4,-13.4,12,1.0
2025-10-30 21:00,-13.48,-13.5,-13.4,12,1.0
2025-10-30 22:00,-13.52,-13.6,-13.5,12,1.0
2025-10-30 23:00,-13.6,-13.6,-13.6,12,1.0
2025-10-31 00:00,-13.69,-13.7,-13.6,12,1.0
2025-10-31 01:00,-13.72,-13.8,-13.7,12,1.0
2025-10-31 02:00,-13.8,-13.8,-13.8,12,1.0
2025-10-31 03:00,-13.88,-13.9,-13.8,12,1.0
2025-10-31 04:00,-13.92,-14.0,-13.9,12,1.0
2025-10-31 05:00,-14.0,-14.0,-14.0,12,1.0
2025-10-31 06:00,-14.08,-14.1,-14.0,12,1.0
2025-10-31 07:00,-14.12,-14.2,-14.1,12,1.0
2025-10-31 08:00,-14.2,-14.2,-14.2,12,1.0
2025-10-31 09:00,-14.27,-14.3,-14.2,12,1.0
2025-10-31 10:00,-14.32,-14.4,-14.3,12,1.0
2025-10-31 11:00,-14.4,-14.4,-14.4,12,1.0
2025-10-31 12:00,-14.44,-14.5,-14.4,12,1.0
2025-10-31 13:00,-14.52,-14.6,-14.5,12,1.0
2025-10-31 14:00,-14.61,-14.7,-14.6,12,1.0
2025-10-31 15:00,-14.69,-14.7,-14.6,12,1.0
2025-10-31 16:00,-14.78,-14.8,-14.7,12,1.0
2025-10-31 17:00,-14.85,-14.9,-14.8,12,1.0
2025-10-31 18:00,-14.92,-15.0,-14.9,12,1.0
2025-10-31 19:00,-15.02,-15.1,-15.0,12,1.0
2025-10-31 20:00,-15.12,-15.2,-15.1,12,1.0
2025-10-31 21:00,-15.2,-15.2,-15.2,12,1.0
2025-10-31 22:00,-15.32,-15.4,-15.3,12,1.0
2025-10-31 23:00,-15.4,-15.4,-15.4,12,1.0
2025-11-01 00:00,-15.49,-15.5,-15.4,12,1.0
2025-11-01 01:00,-15.58,-15.6,-15.5,12,1.0
2025-11-01 02:00,-15.68,-15.7,-15.6,12,1.0
2025-11-01 03:00,-15.73,-15.8,-15.7,12,1.0
2025-11-01 04:00,-15.8,-15.8,-15.8,12,1.0
2025-11-01 05:00,-15.89,-15.9,-15.8,12,1.0
2025-11-01 06:00,-15.99,-16.0,-15.9,12,1.0
2025-11-01 07:00,-16.05,-16.1,-16.0,12,1.0
2025-11-01 08:00,-16.14,-16.2,-16.1,12,1.0
2025-11-01 09:00,-16.21,-16.3,-16.2,12,1.0
2025-11-01 10:00,-16.29,-16.3,-16.2,12,1.0
2025-11-01 11:00,-16.38,-16.4,-16.3,12,1.0
2025-11-01 12:00,-16.43,-16.5,-16.4,12,1.0
2025-11-01 13:00,-16.51,-16.6,-16.5,12,1.0
2025-11-01 14:00,-16.6,-16.6,-16.6,12,1.0
2025-11-01 15:00,-16.7,-16.7,-16.7,12,1.0
2025-11-01 16:00,-16.78,-16.8,-16.7,12,1.0
2025-11-01 17:00,-16.84,-16.9,-16.8,12,1.0
2025-11-01 18:00,-16.94,-17.0,-16.9,12,1.0
2025-11-01 19:00,-17.05,-17.1,-17.0,12,1.0
2025-11-01 20:00,-17.14,-17.2,-17.1,12,1.0
2025-11-01 21:00,-17.25,-17.3,-17.2,12,1.0
2025-11-01 22:00,-17.33,-17.4,-17.3,12,1.0
2025-11-01 23:00,-17.43,-17.5,-17.4,12,1.0
2025-11-02 00:00,-17.54,-17.6,-17.5,12,1.0
2025-11-02 01:00,-17.62,-17.7,-17.6,12,1.0
2025-11-02 02:00,-17.7,-17.7,-17.7,12,1.0
2025-11-02 03:00,-17.8,-17.9,-17.7,12,1.0
2025-11-02 04:00,-17.9,-18.0,-17.8,12,1.0
2025-11-02 05:00,-17.99,-18.0,-17.9,12,1.0
2025-11-02 06:00,-18.07,-18.1,-18.0,12,1.0
2025-11-02 07:00,-18.12,-18.2,-18.1,12,1.0
2025-11-02 08:00,-18.21,-18.3,-18.2,12,1.0
2025-11-02 09:00,-18.3,-18.3,-18.3,12,1.0
2025-11-02 10:00,-18.37,-18.4,-18.3,12,1.0
2025-11-02 11:00,-18.41,-18.5,-18.4,12,1.0
2025-11-02 12:00,-18.49,-18.5,-18.4,12,1.0
2025-11-02 13:00,-18.55,-18.6,-18.5,12,1.0
2025-11-02 14:00,-18.62,-18.7,-18.6,12,1.0
2025-11-02 15:00,-18.7,-18.7,-18.7,12,1.0
2025-11-02 16:00,-18.75,-18.8,-18.7,12,1.0
2025-11-02 17:00,-18.82,-18.9,-18.8,12,1.0
2025-11-02 18:00,-18.9,-18.9,-18.9,12,1.0
2025-11-02 19:00,-18.97,-19.0,-18.9,12,1.0
2025-11-02 20:00,-19.06,-19.1,-19.0,12,1.0
2025-11-02 21:00,-19.12,-19.2,-19.1,12,1.0
2025-11-02 22:00,-19.21,-19.3,-19.2,12,1.0
2025-11-02 23:00,-19.29,-19.3,-19.2,12,1.0
2025-11-03 00:00,-19.35,-19.4,-19.3,12,1.0
2025-11-03 01:00,-19.41,-19.5,-19.4,12,1.0
2025-11-03 02:00,-19.49,-19.5,-19.4,12,1.0
2025-11-03 03:00,-19.54,-19.6,-19.5,12,1.0
2025-11-03 04:00,-19.6,-19.6,-19.6,12,1.0
2025-11-03 05:00,-19.62,-19.7,-19.6,12,1.0
2025-11-03 06:00,-19.6,-19.6,-19.6,12,1.0
2025-11-03 07:00,-19.55,-19.6,-19.5,12,1.0
2025-11-03 08:00,-19.42,-19.5,-19.3,12,1.0
2025-11-03 09:00,-19.1,-19.3,-18.9,12,1.0
2025-11-03 10:00,-18.46,-18.8,-18.1,12,1.0
2025-11-03 11:00,-17.5,-18.0,-16.9,12,1.0
2025-11-03 12:00,-15.7,-16.8,-14.4,12,1.0
2025-11-03 13:00,-12.77,-14.2,-11.4,12,1.0
2025-11-03 14:00,-9.57,-11.2,-7.0,12,1.0
2025-11-03 15:00,-4.49,-6.6,-2.5,12,1.0
2025-11-03 16:00,-1.52,-2.2,-1.0,12,1.0
2025-11-03 17:00,-0.83,-1.0,-0.7,12,1.0
2025-11-03 18:00,-0.64,-0.7,-0.6,12,1.0
2025-11-03 19:00,-0.6,-0.6,-0.6,12,1.0
2025-11-03 20:00,-0.6,-0.6,-0.6,12,1.0
2025-11-03 21:00,-0.6,-0.6,-0.6,12,1.0
2025-11-03 22:00,-0.6,-0.6,-0.6,12,1.0
2025-11-03 23:00,-0.69,-0.7,-0.6,12,1.0
2025-11-04 00:00,-0.7,-0.7,-0.7,12,1.0
2025-11-04 01:00,-0.8,-0.8,-0.8,12,1.0
2025-11-04 02:00,-0.82,-0.9,-0.8,12,1.0
2025-11-04 03:00,-0.92,-1.0,-0.9,12,1.0
2025-11-04 04:00,-1.0,-1.0,-1.0,12,1.0
2025-11-04 05:00,-1.09,-1.1,-1.0,12,1.0
2025-11-04 06:00,-1.21,-1.3,-1.1,12,1.0
2025-11-04 07:00,-1.32,-1.4,-1.3,12,1.0
2025-11-04 08:00,-1.45,-1.5,-1.4,12,1.0
2025-11-04 09:00,-1.62,-1.7,-1.5,12,1.0
2025-11-04 10:00,-1.82,-1.9,-1.7,12,1.0
2025-11-04 11:00,-2.03,-2.1,-1.9,12,1.0
2025-11-04 12:00,-2.3,-2.4,-2.2,12,1.0
2025-11-04 13:00,-2.61,-2.8,-2.5,12,1.0
2025-11-04 14:00,-2.96,-3.1,-2.8,12,1.0
2025-11-04 15:00,-3.39,-3.6,-3.2,12,1.0
2025-11-04 16:00,-3.88,-4.1,-3.6,12,1.0
2025-11-04 17:00,-4.49,-4.8,-4.2,12,1.0
2025-11-04 18:00,-5.04,-5.2,-4.8,12,1.0
2025-11-04 19:00,-5.32,-5.5,-5.2,12,1.0
2025-11-04 20:00,-5.62,-5.8,-5.5,12,1.0
2025-11-04 21:00,-5.92,-6.1,-5.8,12,1.0
2025-11-04 22:00,-6.28,-6.4,-6.1,12,1.0
2025-11-04 23:00,-6.6,-6.8,-6.4,12,1.0
2025-11-05 00:00,-6.98,-7.2,-6.8,12,1.0
2025-11-05 01:00,-7.33,-7.5,-7.2,12,1.0
2025-11-05 02:00,-7.72,-7.9,-7.5,12,1.0
2025-11-05 03:00,-8.1,-8.3,-7.9,12,1.0
2025-11-05 04:00,-8.49,-8.7,-8.3,12,1.0
2025-11-05 05:00,-8.91,-9.1,-8.7,12,1.0
2025-11-05 06:00,-9.31,-9.5,-9.1,12,1.0
2025-11-05 07:00,-9.71,-9.9,-9.5,12,1.0
2025-11-05 08:00,-10.02,-10.1,-9.9,12,1.0
2025-11-05 09:00,-10.14,-10.2,-10.1,12,1.0
2025-11-05 10:00,-10.23,-10.3,-10.2,12,1.0
2025-11-05 11:00,-10.33,-10.4,-10.3,12,1.0
2025-11-05 12:00,-10.44,-10.5,-10.4,12,1.0
2025-11-05 13:00,-10.54,-10.6,-10.5,12,1.0
2025-11-05 14:00,-10.67,-10.7,-10.6,12,1.0
2025-11-05 15:00,-10.78,-10.8,-10.7,12,1.0
2025-11-05 16:00,-10.92,-11.0,-10.9,12,1.0
2025-11-05 17:00,-11.02,-11.1,-11.0,12,1.0
2025-11-05 18:00,-11.13,-11.2,-11.1,12,1.0
2025-11-05 19:00,-11.26,-11.3,-11.2,12,1.0
2025-11-05 20:00,-11.38,-11.4,-11.3,12,1.0
2025-11-05 21:00,-11.5,-11.5,-11.5,12,1.0
2025-11-05 22:00,-11.61,-11.7,-11.6,12,1.0
2025-11-05 23:00,-11.71,-11.8,-11.7,12,1.0
2025-11-06 00:00,-11.81,-11.9,-11.8,12,1.0
2025-11-06 01:00,-11.92,-12.0,-11.9,12,1.0
2025-11-06 02:00,-12.02,-12.1,-12.0,12,1.0
2025-11-06 03:00,-12.12,-12.2,-12.1,12,1.0
2025-11-06 04:00,-12.22,-12.3,-12.2,12,1.0
2025-11-06 05:00,-12.32,-12.4,-12.3,12,1.0
2025-11-06 06:00,-12.43,-12.5,-12.4,12,1.0
2025-11-06 07:00,-12.53,-12.6,-12.5,12,1.0
2025-11-06 08:00,-12.63,-12.7,-12.6,12,1.0
2025-11-06 09:00,-12.72,-12.8,-12.7,12,1.0
2025-11-06 10:00,-12.81,-12.9,-12.8,12,1.0
2025-11-06 11:00,-12.91,-13.0,-12.9,12,1.0
2025-11-06 12:00,-12.98,-13.0,-12.9,12,1.0
2025-11-06 13:00,-13.08,-13.1,-13.0,12,1.0
2025-11-06 14:00,-13.16,-13.2,-13.1,12,1.0
2025-11-06 15:00,-13.25,-13.3,-13.2,12,1.0
2025-11-06 16:00,-13.34,-13.4,-13.3,12,1.0
2025-11-06 17:00,-13.44,-13.5,-13.4,12,1.0
2025-11-06 18:00,-13.55,-13.6,-13.5,12,1.0
2025-11-06 19:00,-13.68,-13.7,-13.6,12,1.0
2025-11-06 20:00,-13.78,-13.8,-13.7,12,1.0
2025-11-06 21:00,-13.88,-13.9,-13.8,12,1.0
2025-11-06 22:00,-13.96,-14.0,-13.9,12,1.0
2025-11-06 23:00,-14.08,-14.1,-14.0,12,1.0
2025-11-07 00:00,-14.17,-14.2,-14.1,12,1.0
2025-11-07 01:00,-14.27,-14.3,-14.2,12,1.0
2025-11-07 02:00,-14.35,-14.4,-14.3,12,1.0
2025-11-07 03:00,-14.42,-14.5,-14.4,12,1.0
2025-11-07 04:00,-14.5,-14.5,-14.5,12,1.0
2025-11-07 05:00,-14.59,-14.6,-14.5,12,1.0
2025-11-07 06:00,-14.65,-14.7,-14.6,12,1.0
2025-11-07 07:00,-14.72,-14.8,-14.7,12,1.0
2025-11-07 08:00,-14.8,-14.8,-14.8,12,1.0
2025-11-07 09:00,-14.87,-14.9,-14.8,12,1.0
2025-11-07 10:00,-14.9,-14.9,-14.9,12,1.0
2025-11-07 11:00,-14.98,-15.0,-14.9,12,1.0
2025-11-07 12:00,-15.03,-15.1,-15.0,12,1.0
2025-11-07 13:00,-15.11,-15.2,-15.1,12,1.0
2025-11-07 14:00,-15.18,-15.2,-15.1,12,1.0
2025-11-07 15:00,-15.25,-15.3,-15.2,12,1.0
2025-11-07 16:00,-15.3,-15.3,-15.3,12,1.0
2025-11-07 17:00,-15.39,-15.4,-15.3,12,1.0
2025-11-07 18:00,-15.47,-15.5,-15.4,12,1.0
2025-11-07 19:00,-15.56,-15.6,-15.5,12,1.0
2025-11-07 20:00,-15.61,-15.7,-15.6,12,1.0
2025-11-07 21:00,-15.7,-15.7,-15.7,12,1.0
2025-11-07 22:00,-15.76,-15.8,-15.7,12,1.0
2025-11-07 23:00,-15.8,-15.8,-15.8,12,1.0
2025-11-08 00:00,-15.89,-15.9,-15.8,12,1.0
2025-11-08 01:00,-15.9,-15.9,-15.9,12,1.0
2025-11-08 02:00,-15.82,-15.9,-15.8,12,1.0
2025-11-08 03:00,-15.78,-15.8,-15.7,12,1.0
2025-11-08 04:00,-15.7,-15.7,-15.7,12,1.0
2025-11-08 05:00,-15.64,-15.7,-15.6,12,1.0
2025-11-08 06:00,-15.54,-15.6,-15.5,12,1.0
2025-11-08 07:00,-15.46,-15.5,-15.4,12,1.0
2025-11-08 08:00,-15.39,-15.4,-15.3,12,1.0
2025-11-08 09:00,-15.3,-15.3,-15.3,12,1.0
2025-11-08 10:00,-15.22,-15.3,-15.2,12,1.0
2025-11-08 11:00,-15.14,-15.2,-15.1,12,1.0
2025-11-08 12:00,-15.09,-15.1,-15.0,12,1.0
2025-11-08 13:00,-15.01,-15.1,-15.0,12,1.0
2025-11-08 14:00,-14.96,-15.0,-14.9,12,1.0
2025-11-08 15:00,-14.9,-14.9,-14.9,12,1.0
2025-11-08 16:00,-14.9,-14.9,-14.9,12,1.0
2025-11-08 17:00,-14.83,-14.9,-14.8,12,1.0
2025-11-08 18:00,-14.8,-14.8,-14.8,12,1.0
2025-11-08 19:00,-14.76,-14.8,-14.7,12,1.0
2025-11-08 20:00,-14.68,-14.7,-14.6,12,1.0
2025-11-08 21:00,-14.51,-14.6,-14.4,12,1.0
2025-11-08 22:00,-14.33,-14.4,-14.2,12,1.0
2025-11-08 23:00,-14.11,-14.2,-14.0,12,1.0
2025-11-09 00:00,-13.83,-14.0,-13.7,12,1.0
2025-11-09 01:00,-13.4,-13.6,-13.2,12,1.0
2025-11-09 02:00,-12.85,-13.1,-12.6,12,1.0
2025-11-09 03:00,-12.25,-12.5,-12.0,12,1.0
2025-11-09 04:00,-11.67,-11.9,-11.4,12,1.0
2025-11-09 05:00,-11.18,-11.4,-11.0,12,1.0
2025-11-09 06:00,-10.72,-10.9,-10.5,12,1.0
2025-11-09 07:00,-10.33,-10.5,-10.2,12,1.0
2025-11-09 08:00,-9.97,-10.2,-9.6,12,1.0
2025-11-09 09:00,-9.06,-9.5,-8.6,12,1.0
2025-11-09 10:00,-8.28,-8.6,-8.0,12,1.0
2025-11-09 11:00,-7.74,-8.0,-7.5,12,1.0
2025-11-09 12:00,-7.39,-7.5,-7.3,12,1.0
2025-11-09 13:00,-7.12,-7.2,-7.1,12,1.0
2025-11-09 14:00,-7.1,-7.1,-7.1,12,1.0
2025-11-09 15:00,-7.1,-7.1,-7.1,12,1.0
2025-11-09 16:00,-7.18,-7.2,-7.1,12,1.0
2025-11-09 17:00,-7.3,-7.4,-7.2,12,1.0
2025-11-09 18:00,-7.44,-7.5,-7.4,12,1.0
2025-11-09 19:00,-7.62,-7.7,-7.5,12,1.0
2025-11-09 20:00,-7.83,-7.9,-7.7,12,1.0
2025-11-09 21:00,-8.02,-8.1,-7.9,12,1.0
2025-11-09 22:00,-8.22,-8.3,-8.1,12,1.0
2025-11-09 23:00,-8.46,-8.6,-8.3,12,1.0
2025-11-10 00:00,-8.71,-8.8,-8.6,12,1.0
2025-11-10 01:00,-8.97,-9.1,-8.8,12,1.0
2025-11-10 02:00,-9.22,-9.4,-9.1,12,1.0
2025-11-10 03:00,-9.51,-9.6,-9.4,12,1.0
2025-11-10 04:00,-9.83,-10.0,-9.7,12,1.0
2025-11-10 05:00,-10.02,-10.1,-10.0,12,1.0
2025-11-10 06:00,-10.1,-10.1,-10.1,12,1.0
2025-11-10 07:00,-10.18,-10.2,-10.1,12,1.0
2025-11-10 08:00,-10.26,-10.3,-10.2,12,1.0
2025-11-10 09:00,-10.34,-10.4,-10.3,12,1.0
2025-11-10 10:00,-10.43,-10.5,-10.4,12,1.0
2025-11-10 11:00,-10.53,-10.6,-10.5,12,1.0
2025-11-10 12:00,-10.62,-10.7,-10.6,12,1.0
2025-11-10 13:00,-10.71,-10.8,-10.7,12,1.0
2025-11-10 14:00,-10.8,-10.8,-10.8,12,1.0
2025-11-10 15:00,-10.89,-10.9,-10.8,12,1.0
2025-11-10 16:00,-10.99,-11.0,-10.9,12,1.0
2025-11-10 17:00,-11.08,-11.1,-11.0,12,1.0
2025-11-10 18:00,-11.18,-11.2,-11.1,12,1.0
2025-11-10 19:00,-11.29,-11.3,-11.2,12,1.0
2025-11-10 20:00,-11.39,-11.4,-11.3,12,1.0
2025-11-10 21:00,-11.48,-11.5,-11.4,12,1.0
2025-11-10 22:00,-11.56,-11.6,-11.5,12,1.0
2025-11-10 23:00,-11.64,-11.7,-11.6,12,1.0
2025-11-11 00:00,-11.72,-11.8,-11.7,12,1.0
2025-11-11 01:00,-11.79,-11.8,-11.7,12,1.0
2025-11-11 02:00,-11.87,-11.9,-11.8,12,1.0
2025-11-11 03:00,-11.94,-12.0,-11.9,12,1.0
2025-11-11 04:00,-12.0,-12.0,-12.0,12,1.0
2025-11-11 05:00,-12.09,-12.1,-12.0,12,1.0
2025-11-11 06:00,-12.12,-12.2,-12.1,12,1.0
2025-11-11 07:00,-12.2,-12.2,-12.2,12,1.0
2025-11-11 08:00,-12.28,-12.3,-12.2,12,1.0
2025-11-11 09:00,-12.33,-12.4,-12.3,12,1.0
2025-11-11 10:00,-12.4,-12.4,-12.4,12,1.0
2025-11-11 11:00,-12.45,-12.5,-12.4,12,1.0
2025-11-11 12:00,-12.5,-12.5,-12.5,12,1.0
2025-11-11 13:00,-12.58,-12.6,-12.5,12,1.0
2025-11-11 14:00,-12.62,-12.7,-12.6,12,1.0
2025-11-11 15:00,-12.71,-12.8,-12.7,12,1.0
2025-11-11 16:00,-12.8,-12.8,-12.8,12,1.0
2025-11-11 17:00,-12.85,-12.9,-12.8,12,1.0
2025-11-11 18:00,-12.93,-13.0,-12.9,12,1.0
2025-11-11 19:00,-13.02,-13.1,-13.0,12,1.0
2025-11-11 20:00,-13.12,-13.2,-13.1,12,1.0
2025-11-11 21:00,-13.2,-13.2,-13.2,12,1.0
2025-11-11 22:00,-13.29,-13.3,-13.2,12,1.0
2025-11-11 23:00,-13.38,-13.4,-13.3,12,1.0
2025-11-12 00:00,-13.44,-13.5,-13.4,12,1.0
2025-11-12 01:00,-13.52,-13.6,-13.5,12,1.0
2025-11-12 02:00,-13.6,-13.6,-13.6,12,1.0
2025-11-12 03:00,-13.68,-13.7,-13.6,12,1.0
2025-11-12 04:00,-13.74,-13.8,-13.7,12,1.0
2025-11-12 05:00,-13.81,-13.9,-13.8,12,1.0
2025-11-12 06:00,-13.9,-13.9,-13.9,12,1.0
2025-11-12 07:00,-13.97,-14.0,-13.9,12,1.0
2025-11-12 08:00,-14.04,-14.1,-14.0,12,1.0
2025-11-12 09:00,-14.11,-14.2,-14.1,12,1.0
2025-11-12 10:00,-14.18,-14.2,-14.1,12,1.0
2025-11-12 11:00,-14.27,-14.3,-14.2,12,1.0
2025-11-12 12:00,-14.33,-14.4,-14.3,12,1.0
2025-11-12 13:00,-14.4,-14.4,-14.4,12,1.0
2025-11-12 14:00,-14.49,-14.5,-14.4,12,1.0
2025-11-12 15:00,-14.56,-14.6,-14.5,12,1.0
2025-11-12 16:00,-14.63,-14.7,-14.6,12,1.0
2025-11-12 17:00,-14.72,-14.8,-14.7,12,1.0
2025-11-12 18:00,-14.83,-14.9,-14.8,12,1.0
2025-11-12 19:00,-14.92,-15.0,-14.9,12,1.0
2025-11-12 20:00,-15.02,-15.1,-15.0,12,1.0
2025-11-12 21:00,-15.11,-15.2,-15.1,12,1.0
2025-11-12 22:00,-15.2,-15.2,-15.2,12,1.0
2025-11-12 23:00,-15.31,-15.4,-15.3,12,1.0
2025-11-13 00:00,-15.39,-15.4,-15.3,12,1.0
2025-11-13 01:00,-15.48,-15.5,-15.4,12,1.0
2025-11-13 02:00,-15.55,-15.6,-15.5,12,1.0
2025-11-13 03:00,-15.61,-15.7,-15.6,12,1.0
2025-11-13 04:00,-15.7,-15.7,-15.7,12,1.0
2025-11-13 05:00,-15.79,-15.8,-15.7,12,1.0
2025-11-13 06:00,-15.82,-15.9,-15.8,12,1.0
2025-11-13 07:00,-15.9,-15.9,-15.9,12,1.0
2025-11-13 08:00,-15.99,-16.0,-15.9,12,1.0
2025-11-13 09:00,-16.05,-16.1,-16.0,12,1.0
2025-11-13 10:00,-16.12,-16.2,-16.1,12,1.0
2025-11-13 11:00,-16.2,-16.2,-16.2,12,1.0
2025-11-13 12:00,-16.22,-16.3,-16.2,12,1.0
2025-11-13 13:00,-16.29,-16.3,-16.2,12,1.0
2025-11-13 14:00,-16.31,-16.4,-16.3,12,1.0
2025-11-13 15:00,-16.39,-16.4,-16.3,12,1.0
2025-11-13 16:00,-16.41,-16.5,-16.4,12,1.0
2025-11-13 17:00,-16.49,-16.5,-16.4,12,1.0
2025-11-13 18:00,-16.56,-16.6,-16.5,12,1.0
2025-11-13 19:00,-16.64,-16.7,-16.6,12,1.0
2025-11-13 20:00,-16.72,-16.8,-16.7,12,1.0
2025-11-13 21:00,-16.8,-16.8,-16.8,12,1.0
2025-11-13 22:00,-16.89,-16.9,-16.8,12,1.0
2025-11-13 23:00,-16.97,-17.0,-16.9,12,1.0
2025-11-14 00:00,-17.05,-17.1,-17.0,12,1.0
2025-11-14 01:00,-17.1,-17.1,-17.1,12,1.0
2025-11-14 02:00,-17.18,-17.2,-17.1,12,1.0
2025-11-14 03:00,-17.28,-17.3,-17.2,12,1.0
2025-11-14 04:00,-17.32,-17.4,-17.3,12,1.0
2025-11-14 05:00,-17.4,-17.4,-17.4,12,1.0
2025-11-14 06:00,-17.47,-17.5,-17.4,12,1.0
2025-11-14 07:00,-17.53,-17.6,-17.5,12,1.0
2025-11-14 08:00,-17.6,-17.6,-17.6,12,1.0
2025-11-14 09:00,-17.68,-17.7,-17.6,12,1.0
2025-11-14 10:00,-17.7,-17.7,-17.7,12,1.0
2025-11-14 11:00,-17.76,-17.8,-17.7,12,1.0
2025-11-14 12:00,-17.8,-17.8,-17.8,12,1.0
2025-11-14 13:00,-17.85,-17.9,-17.8,12,1.0
2025-11-14 14:00,-17.9,-17.9,-17.9,12,1.0
2025-11-14 15:00,-17.94,-18.0,-17.9,12,1.0
2025-11-14 16:00,-18.0,-18.0,-18.0,12,1.0
2025-11-14 17:00,-18.04,-18.1,-18.0,12,1.0
2025-11-14 18:00,-18.1,-18.1,-18.1,12,1.0
2025-11-14 19:00,-18.19,-18.2,-18.1,12,1.0
2025-11-14 20:00,-18.27,-18.3,-18.2,12,1.0
2025-11-14 21:00,-18.31,-18.4,-18.3,12,1.0
2025-11-14 22:00,-18.4,-18.4,-18.4,12,1.0
2025-11-14 23:00,-18.49,-18.5,-18.4,12,1.0
2025-11-15 00:00,-18.56,-18.6,-18.5,12,1.0
2025-11-15 01:00,-18.63,-18.7,-18.6,12,1.0
2025-11-15 02:00,-18.7,-18.7,-18.7,12,1.0
2025-11-15 03:00,-18.8,-18.8,-18.8,12,1.0
2025-11-15 04:00,-18.87,-18.9,-18.8,12,1.0
2025-11-15 05:00,-18.94,-19.0,-18.9,12,1.0
2025-11-15 06:00,-19.01,-19.1,-19.0,12,1.0
2025-11-15 07:00,-19.08,-19.1,-19.0,12,1.0
2025-11-15 08:00,-19.16,-19.2,-19.1,12,1.0
2025-11-15 09:00,-19.24,-19.3,-19.2,12,1.0
2025-11-15 10:00,-19.3,-19.3,-19.3,12,1.0
2025-11-15 11:00,-19.38,-19.4,-19.3,12,1.0
2025-11-15 12:00,-19.4,-19.4,-19.4,12,1.0
2025-11-15 13:00,-19.46,-19.5,-19.4,12,1.0
2025-11-15 14:00,-19.5,-19.5,-19.5,12,1.0
2025-11-15 15:00,-19.58,-19.6,-19.5,12,1.0
2025-11-15 16:00,-19.62,-19.7,-19.6,12,1.0
2025-11-15 17:00,-19.7,-19.7,-19.7,12,1.0
2025-11-15 18:00,-19.78,-19.8,-19.7,12,1.0
2025-11-15 19:00,-19.87,-19.9,-19.8,12,1.0
2025-11-15 20:00,-19.96,-20.0,-19.9,12,1.0
2025-11-15 21:00,-20.06,-20.1,-20.0,12,1.0
2025-11-15 22:00,-20.13,-20.2,-20.1,12,1.0
2025-11-15 23:00,-20.21,-20.3,-20.2,12,1.0
2025-11-16 00:00,-20.31,-20.4,-20.3,12,1.0
2025-11-16 01:00,-20.39,-20.4,-20.3,12,1.0
2025-11-16 02:00,-20.46,-20.5,-20.4,12,1.0
2025-11-16 03:00,-20.5,-20.5,-20.5,12,1.0
2025-11-16 04:00,-20.58,-20.6,-20.5,12,1.0
2025-11-16 05:00,-20.65,-20.7,-20.6,12,1.0
2025-11-16 06:00,-20.72,-20.8,-20.7,12,1.0
2025-11-16 07:00,-20.8,-20.8,-20.8,12,1.0
2025-11-16 08:00,-20.83,-20.9,-20.8,12,1.0
2025-11-16 09:00,-20.89,-20.9,-20.8,12,1.0
2025-11-16 10:00,-20.93,-21.0,-20.9,12,1.0
2025-11-16 11:00,-21.0,-21.0,-21.0,12,1.0
2025-11-16 12:00,-21.02,-21.1,-21.0,12,1.0
2025-11-16 13:00,-21.1,-21.1,-21.1,12,1.0
2025-11-16 14:00,-21.1,-21.1,-21.1,12,1.0
2025-11-16 15:00,-21.11,-21.2,-21.1,12,1.0
2025-11-16 16:00,-21.2,-21.2,-21.2,12,1.0
2025-11-16 17:00,-21.22,-21.3,-21.2,12,1.0
2025-11-16 18:00,-21.3,-21.3,-21.3,12,1.0
2025-11-16 19:00,-21.39,-21.4,-21.3,12,1.0
2025-11-16 20:00,-21.47,-21.5,-21.4,12,1.0
2025-11-16 21:00,-21.55,-21.6,-21.5,12,1.0
2025-11-16 22:00,-21.61,-21.7,-21.6,12,1.0
2025-11-16 23:00,-21.68,-21.7,-21.6,12,1.0
2025-11-17 00:00,-21.74,-21.8,-21.7,12,1.0
2025-11-17 01:00,-21.81,-21.9,-21.8,12,1.0
2025-11-17 02:00,-21.89,-21.9,-21.8,12,1.0
2025-11-17 03:00,-21.94,-22.0,-21.9,12,1.0
2025-11-17 04:00,-22.0,-22.0,-22.0,12,1.0
2025-11-17 05:00,-22.08,-22.1,-22.0,12,1.0
2025-11-17 06:00,-22.1,-22.1,-22.1,12,1.0
2025-11-17 07:00,-22.18,-22.2,-22.1,12,1.0
2025-11-17 08:00,-22.21,-22.3,-22.2,12,1.0
2025-11-17 09:00,-22.29,-22.3,-22.2,12,1.0
2025-11-17 10:00,-22.3,-22.3,-22.3,12,1.0
2025-11-17 11:00,-22.37,-22.4,-22.3,12,1.0
2025-11-17 12:00,-22.4,-22.4,-22.4,12,1.0
2025-11-17 13:00,-22.4,-22.4,-22.4,12,1.0
2025-11-17 14:00,-22.43,-22.5,-22.4,12,1.0
2025-11-17 15:00,-22.49,-22.5,-22.4,12,1.0
2025-11-17 16:00,-22.5,-22.5,-22.5,12,1.0
2025-11-17 17:00,-22.53,-22.6,-22.5,12,1.0
2025-11-17 18:00,-22.6,-22.6,-22.6,12,1.0
2025-11-17 19:00,-22.65,-22.7,-22.6,12,1.0
2025-11-17 20:00,-22.7,-22.8,-22.6,12,1.0
2025-11-17 21:00,-22.73,-22.8,-22.7,12,1.0
2025-11-17 22:00,-22.8,-22.8,-22.8,12,1.0
2025-11-17 23:00,-22.87,-22.9,-22.8,12,1.0
2025-11-18 00:00,-22.9,-22.9,-22.9,12,1.0
2025-11-18 01:00,-22.95,-23.0,-22.9,12,1.0
2025-11-18 02:00,-23.01,-23.1,-23.0,12,1.0
2025-11-18 03:00,-23.09,-23.1,-23.0,12,1.0
2025-11-18 04:00,-23.12,-23.2,-23.1,12,1.0
2025-11-18 05:00,-23.18,-23.2,-23.1,12,1.0
2025-11-18 06:00,-23.2,-23.2,-23.2,12,1.0
2025-11-18 07:00,-23.29,-23.3,-23.2,12,1.0
2025-11-18 08:00,-23.3,-23.3,-23.3,12,1.0
2025-11-18 09:00,-14.88,-23.3,-0.1,12,1.0
2025-11-18 10:00,-0.1,-0.1,-0.1,12,1.0
2025-11-18 11:00,-0.1,-0.1,-0.1,12,1.0
2025-11-18 12:00,-0.12,-0.2,-0.1,12,1.0
2025-11-18 13:00,-0.18,-0.2,-0.1,12,1.0
2025-11-18 14:00,-0.2,-0.2,-0.2,12,1.0
2025-11-18 15:00,-0.2,-0.2,-0.2,12,1.0
2025-11-18 16:00,-0.2,-0.2,-0.2,12,1.0
2025-11-18 17:00,-0.2,-0.2,-0.2,12,1.0
2025-11-18 18:00,-0.2,-0.2,-0.2,12,1.0
2025-11-18 19:00,-0.2,-0.2,-0.2,12,1.0
2025-11-18 20:00,-0.2,-0.2,-0.2,12,1.0
2025-11-18 21:00,-0.2,-0.2,-0.2,12,1.0
2025-11-18 22:00,-0.2,-0.2,-0.2,12,1.0
2025-11-18 23:00,-0.2,-0.2,-0.2,12,1.0
2025-11-19 00:00,-0.2,-0.2,-0.2,12,1.0
2025-11-19 01:00,-0.2,-0.2,-0.2,12,1.0
2025-11-19 02:00,-0.22,-0.3,-0.2,12,1.0
2025-11-19 03:00,-0.3,-0.3,-0.3,12,1.0
2025-11-19 04:00,-0.3,-0.3,-0.3,12,1.0
2025-11-19 05:00,-0.3,-0.3,-0.3,12,1.0
2025-11-19 06:00,-0.3,-0.3,-0.3,12,1.0
2025-11-19 07:00,-0.3,-0.3,-0.3,12,1.0
2025-11-19 08:00,-0.3,-0.3,-0.3,12,1.0
2025-11-19 09:00,-0.31,-0.4,-0.3,12,1.0
2025-11-19 10:00,-0.4,-0.4,-0.4,12,1.0
2025-11-19 11:00,-0.4,-0.4,-0.4,12,1.0
2025-11-19 12:00,-0.4,-0.4,-0.4,12,1.0
2025-11-19 13:00,-0.46,-0.5,-0.4,12,1.0
2025-11-19 14:00,-0.5,-0.5,-0.5,12,1.0
2025-11-19 15:00,-0.5,-0.5,-0.5,12,1.0
2025-11-19 16:00,-0.57,-0.6,-0.5,12,1.0
2025-11-19 17:00,-0.6,-0.6,-0.6,12,1.0
2025-11-19 18:00,-0.6,-0.6,-0.6,12,1.0
2025-11-19 19:00,-0.6,-0.6,-0.6,12,1.0
2025-11-19 20:00,-0.6,-0.6,-0.6,12,1.0
2025-11-19 21:00,-0.6,-0.6,-0.6,12,1.0
2025-11-19 22:00,-0.6,-0.6,-0.6,12,1.0
2025-11-19 23:00,-0.69,-0.7,-0.6,12,1.0
2025-11-20 00:00,-0.7,-0.7,-0.7,12,1.0
2025-11-20 01:00,-0.72,-0.8,-0.7,12,1.0
2025-11-20 02:00,-0.8,-0.8,-0.8,12,1.0
2025-11-20 03:00,-0.82,-0.9,-0.8,12,1.0
2025-11-20 04:00,-0.9,-0.9,-0.9,12,1.0
2025-11-20 05:00,-0.95,-1.0,-0.9,12,1.0
2025-11-20 06:00,-1.01,-1.1,-1.0,12,1.0
2025-11-20 07:00,-1.1,-1.1,-1.1,12,1.0
2025-11-20 08:00,-1.18,-1.2,-1.1,12,1.0
2025-11-20 09:00,-1.24,-1.3,-1.2,12,1.0
2025-11-20 10:00,-1.33,-1.4,-1.3,12,1.0
2025-11-20 11:00,-1.43,-1.5,-1.4,12,1.0
2025-11-20 12:00,-1.54,-1.6,-1.5,12,1.0
2025-11-20 13:00,-1.65,-1.7,-1.6,12,1.0
2025-11-20 14:00,-1.8,-1.9,-1.7,12,1.0
2025-11-20 15:00,-1.96,-2.0,-1.9,12,1.0
2025-11-20 16:00,-2.12,-2.2,-2.0,12,1.0
2025-11-20 17:00,-2.12,-2.2,-2.0,12,1.0
2025-11-20 18:00,-1.79,-1.9,-1.7,12,1.0
2025-11-20 19:00,-1.56,-1.7,-1.5,12,1.0
2025-11-20 20:00,-1.42,-1.5,-1.4,12,1.0
2025-11-20 21:00,-1.27,-1.4,-1.2,12,1.0
2025-11-20 22:00,-1.12,-1.2,-1.1,12,1.0
2025-11-20 23:00,-1.06,-1.1,-1.0,12,1.0
2025-11-21 00:00,-1.0,-1.0,-1.0,12,1.0
2025-11-21 01:00,-1.0,-1.0,-1.0,12,1.0
2025-11-21 02:00,-1.0,-1.0,-1.0,12,1.0
2025-11-21 03:00,-0.84,-1.0,-0.5,12,1.0
2025-11-21 04:00,-0.27,-0.5,-0.2,12,1.0
2025-11-21 05:00,-0.1,-0.1,-0.1,12,1.0
2025-11-21 06:00,-0.1,-0.1,-0.1,12,1.0
2025-11-21 07:00,-0.1,-0.1,-0.1,12,1.0
2025-11-21 08:00,-0.1,-0.1,-0.1,12,1.0
2025-11-21 09:00,-0.1,-0.1,-0.1,12,1.0
2025-11-21 10:00,-0.1,-0.1,-0.1,12,1.0
2025-11-21 11:00,-0.1,-0.1,-0.1,12,1.0
2025-11-21 12:00,-0.1,-0.1,-0.1,12,1.0
2025-11-21 13:00,-0.1,-0.1,-0.1,12,1.0
2025-11-21 14:00,-0.1,-0.1,-0.1,12,1.0
2025-11-21 15:00,-0.1,-0.1,-0.1,12,1.0
2025-11-21 16:00,-0.1,-0.1,-0.1,12,1.0
2025-11-21 17:00,-0.1,-0.1,-0.1,12,1.0
2025-11-21 18:00,-0.1,-0.1,-0.1,12,1.0
2025-11-21 19:00,-0.1,-0.1,-0.1,12,1.0
2025-11-21 20:00,-0.1,-0.1,-0.1,12,1.0
2025-11-21 21:00,-0.1,-0.1,-0.1,12,1.0
2025-11-21 22:00,-0.1,-0.1,-0.1,12,1.0
2025-11-21 23:00,-0.1,-0.1,-0.1,12,1.0
2025-11-22 00:00,-0.1,-0.1,-0.1,12,1.0
2025-11-22 01:00,-0.1,-0.1,-0.1,12,1.0
2025-11-22 02:00,-0.1,-0.1,-0.1,12,1.0
2025-11-22 03:00,-0.1,-0.1,-0.1,12,1.0
2025-11-22 04:00,-0.1,-0.1,-0.1,12,1.0
2025-11-22 05:00,-0.1,-0.1,-0.1,12,1.0
2025-11-22 06:00,-0.1,-0.1,-0.1,12,1.0
2025-11-22 07:00,-0.1,-0.1,-0.1,12,1.0
2025-11-22 08:00,-0.1,-0.1,-0.1,12,1.0
2025-11-22 09:00,-0.1,-0.1,-0.1,12,1.0
2025-11-22 10:00,-0.1,-0.1,-0.1,12,1.0
2025-11-22 11:00,-0.1,-0.1,-0.1,12,1.0
2025-11-22 12:00,-0.1,-0.1,-0.1,12,1.0
2025-11-22 13:00,-0.1,-0.1,-0.1,12,1.0
2025-11-22 14:00,-0.1,-0.1,-0.1,12,1.0
2025-11-22 15:00,-0.1,-0.1,-0.1,12,1.0
2025-11-22 16:00,-0.1,-0.1,-0.1,12,1.0
2025-11-22 17:00,-0.1,-0.1,-0.1,12,1.0
2025-11-22 18:00,-0.1,-0.1,-0.1,12,1.0
2025-11-22 19:00,-0.1,-0.1,-0.1,12,1.0
2025-11-22 20:00,-0.1,-0.1,-0.1,12,1.0
2025-11-22 21:00,-0.1,-0.1,-0.1,12,1.0
2025-11-22 22:00,-0.1,-0.1,-0.1,12,1.0
2025-11-22 23:00,-0.1,-0.1,-0.1,12,1.0
2025-11-23 00:00,-0.1,-0.1,-0.1,12,1.0
2025-11-23 01:00,-0.1,-0.1,-0.1,12,1.0
2025-11-23 02:00,-0.1,-0.1,-0.1,12,1.0
2025-11-23 03:00,-0.1,-0.1,-0.1,12,1.0
2025-11-23 04:00,-0.1,-0.1,-0.1,12,1.0
2025-11-23 05:00,-0.1,-0.1,-0.1,12,1.0
2025-11-23 06:00,-0.1,-0.1,-0.1,12,1.0
2025-11-23 07:00,-0.1,-0.1,-0.1,12,1.0
2025-11-23 08:00,-0.18,-0.2,-0.1,12,1.0
2025-11-23 09:00,-0.2,-0.2,-0.2,12,1.0
2025-11-23 10:00,-0.2,-0.2,-0.2,12,1.0
2025-11-23 11:00,-0.2,-0.2,-0.2,12,1.0
2025-11-23 12:00,-0.2,-0.2,-0.2,12,1.0
2025-11-23 13:00,-0.2,-0.2,-0.2,12,1.0
2025-11-23 14:00,-0.24,-0.3,-0.2,12,1.0
2025-11-23 15:00,-0.3,-0.3,-0.3,12,1.0
2025-11-23 16:00,-0.3,-0.3,-0.3,12,1.0
2025-11-23 17:00,-0.3,-0.3,-0.3,12,1.0
2025-11-23 18:00,-0.35,-0.4,-0.3,12,1.0
2025-11-23 19:00,-0.4,-0.4,-0.4,12,1.0
2025-11-23 20:00,-0.4,-0.4,-0.4,12,1.0
2025-11-23 21:00,-0.43,-0.5,-0.4,12,1.0
2025-11-23 22:00,-0.5,-0.5,-0.5,12,1.0
2025-11-23 23:00,-0.5,-0.5,-0.5,12,1.0
2025-11-24 00:00,-0.57,-0.6,-0.5,12,1.0
2025-11-24 01:00,-0.6,-0.6,-0.6,12,1.0
2025-11-24 02:00,-0.68,-0.7,-0.6,12,1.0
2025-11-24 03:00,-0.7,-0.7,-0.7,12,1.0
2025-11-24 04:00,-0.78,-0.8,-0.7,12,1.0
2025-11-24 05:00,-0.84,-0.9,-0.8,12,1.0
2025-11-24 06:00,-0.9,-0.9,-0.9,12,1.0
2025-11-24 07:00,-0.98,-1.0,-0.9,12,1.0
2025-11-24 08:00,-1.0,-1.0,-1.0,12,1.0
2025-11-24 09:00,-1.08,-1.1,-1.0,12,1.0
2025-11-24 10:00,-1.0,-1.0,-1.0,12,1.0
2025-11-24 11:00,-0.98,-1.0,-0.9,12,1.0
2025-11-24 12:00,-0.83,-0.9,-0.7,12,1.0
2025-11-24 13:00,-0.66,-0.7,-0.6,12,1.0
2025-11-24 14:00,-0.49,-0.6,-0.3,12,1.0
2025-11-24 15:00,-0.18,-0.3,-0.1,12,1.0
2025-11-24 16:00,-0.1,-0.1,-0.1,12,1.0
2025-11-24 17:00,-0.1,-0.1,-0.1,12,1.0
2025-11-24 18:00,-0.1,-0.1,-0.1,12,1.0
2025-11-24 19:00,-0.1,-0.1,-0.1,12,1.0
2025-11-24 20:00,-0.1,-0.1,-0.1,12,1.0
2025-11-24 21:00,-0.1,-0.1,-0.1,12,1.0
2025-11-24 22:00,-0.1,-0.1,-0.1,12,1.0
2025-11-24 23:00,-0.1,-0.1,-0.1,12,1.0
2025-11-25 00:00,-0.1,-0.1,-0.1,12,1.0
2025-11-25 01:00,-0.1,-0.1,-0.1,12,1.0
2025-11-25 02:00,-0.1,-0.1,-0.1,12,1.0
2025-11-25 03:00,-0.1,-0.1,-0.1,12,1.0
2025-11-25 04:00,-0.1,-0.1,-0.1,12,1.0
2025-11-25 05:00,-0.1,-0.1,-0.1,12,1.0
2025-11-25 06:00,-0.1,-0.1,-0.1,12,1.0
2025-11-25 07:00,-0.1,-0.1,-0.1,12,1.0
2025-11-25 08:00,-0.1,-0.1,-0.1,12,1.0
2025-11-25 09:00,-0.1,-0.1,-0.1,12,1.0
2025-11-25 10:00,-0.1,-0.1,-0.1,12,1.0
2025-11-25 11:00,-0.1,-0.1,-0.1,12,1.0
2025-11-25 12:00,-0.1,-0.1,-0.1,12,1.0
2025-11-25 13:00,-0.1,-0.1,-0.1,12,1.0
2025-11-25 14:00,-0.18,-0.2,-0.1,12,1.0
2025-11-25 15:00,-0.2,-0.2,-0.2,12,1.0
2025-11-25 16:00,-0.15,-0.2,-0.1,12,1.0
2025-11-25 17:00,-0.1,-0.1,-0.1,12,1.0
2025-11-25 18:00,-0.1,-0.1,-0.1,12,1.0
2025-11-25 19:00,-0.1,-0.1,-0.1,12,1.0
2025-11-25 20:00,-0.1,-0.1,-0.1,12,1.0
2025-11-25 21:00,-0.1,-0.1,-0.1,12,1.0
2025-11-25 22:00,-0.1,-0.1,-0.1,12,1.0
2025-11-25 23:00,-0.1,-0.1,-0.1,12,1.0
2025-11-26 00:00,-0.1,-0.1,-0.1,12,1.0
2025-11-26 01:00,-0.1,-0.1,-0.1,12,1.0
2025-11-26 02:00,-0.1,-0.1,-0.1,12,1.0
2025-11-26 03:00,-0.1,-0.1,-0.1,12,1.0
2025-11-26 04:00,-0.1,-0.1,-0.1,12,1.0
2025-11-26 05:00,-0.1,-0.1,-0.1,12,1.0
2025-11-26 06:00,-0.1,-0.1,-0.1,12,1.0
2025-11-26 07:00,-0.1,-0.1,-0.1,12,1.0
2025-11-26 08:00,-0.1,-0.1,-0.1,12,1.0
2025-11-26 09:00,-0.1,-0.1,-0.1,12,1.0
2025-11-26 10:00,-0.1,-0.1,-0.1,12,1.0
2025-11-26 11:00,-0.1,-0.1,-0.1,12,1.0
2025-11-26 12:00,-0.1,-0.1,-0.1,12,1.0
2025-11-26 13:00,-0.1,-0.1,-0.1,12,1.0
2025-11-26 14:00,-0.1,-0.1,-0.1,12,1.0
2025-11-26 15:00,-0.1,-0.1,-0.1,12,1.0
2025-11-26 16:00,-0.1,-0.1,-0.1,12,1.0
2025-11-26 17:00,-0.1,-0.1,-0.1,12,1.0
2025-11-26 18:00,-0.1,-0.1,-0.1,12,1.0
2025-11-26 19:00,-0.1,-0.1,-0.1,12,1.0
2025-11-26 20:00,-0.1,-0.1,-0.1,12,1.0
2025-11-26 21:00,-0.1,-0.1,-0.1,12,1.0
2025-11-26 22:00,-0.1,-0.1,-0.1,12,1.0
2025-11-26 23:00,-0.1,-0.1,-0.1,12,1.0
2025-11-27 00:00,-0.1,-0.1,-0.1,12,1.0
2025-11-27 01:00,-0.1,-0.1,-0.1,12,1.0
2025-11-27 02:00,-0.1,-0.1,-0.1,12,1.0
2025-11-27 03:00,-0.1,-0.1,-0.1,12,1.0
2025-11-27 04:00,-0.1,-0.1,-0.1,12,1.0
2025-11-27 05:00,-0.1,-0.1,-0.1,12,1.0
2025-11-27 06:00,-0.1,-0.1,-0.1,12,1.0
2025-11-27 07:00,-0.1,-0.1,-0.1,12,1.0
2025-11-27 08:00,-0.1,-0.1,-0.1,12,1.0
2025-11-27 09:00,-0.1,-0.1,-0.1,12,1.0
2025-11-27 10:00,-0.18,-0.2,-0.1,12,1.0
2025-11-27 11:00,-0.2,-0.2,-0.2,12,1.0
2025-11-27 12:00,-0.2,-0.2,-0.2,12,1.0
2025-11-27 13:00,-0.2,-0.2,-0.2,12,1.0
2025-11-27 14:00,-0.2,-0.2,-0.2,12,1.0
2025-11-27 15:00,-0.2,-0.2,-0.2,12,1.0
2025-11-27 16:00,-0.21,-0.3,-0.2,12,1.0
2025-11-27 17:00,-0.3,-0.3,-0.3,12,1.0
2025-11-27 18:00,-0.3,-0.3,-0.3,12,1.0
2025-11-27 19:00,-0.3,-0.3,-0.3,12,1.0
2025-11-27 20:00,-0.3,-0.3,-0.3,12,1.0
2025-11-27 21:00,-0.34,-0.4,-0.3,12,1.0
2025-11-27 22:00,-0.4,-0.4,-0.4,12,1.0
2025-11-27 23:00,-0.4,-0.4,-0.4,12,1.0
2025-11-28 00:00,-0.43,-0.5,-0.4,12,1.0
2025-11-28 01:00,-0.5,-0.5,-0.5,12,1.0
2025-11-28 02:00,-0.5,-0.5,-0.5,12,1.0
2025-11-28 03:00,-0.59,-0.6,-0.5,12,1.0
2025-11-28 04:00,-0.62,-0.7,-0.6,12,1.0
2025-11-28 05:00,-0.7,-0.7,-0.7,12,1.0
2025-11-28 06:00,-0.73,-0.8,-0.7,12,1.0
2025-11-28 07:00,-0.8,-0.8,-0.8,12,1.0
2025-11-28 08:00,-0.9,-0.9,-0.9,12,1.0
2025-11-28 09:00,-0.98,-1.0,-0.9,12,1.0
2025-11-28 10:00,-1.05,-1.1,-1.0,12,1.0
2025-11-28 11:00,-1.16,-1.2,-1.1,12,1.0
2025-11-28 12:00,-1.27,-1.3,-1.2,12,1.0
2025-11-28 13:00,-1.38,-1.4,-1.3,12,1.0
2025-11-28 14:00,-1.52,-1.6,-1.4,12,1.0
2025-11-28 15:00,-1.67,-1.8,-1.6,12,1.0
2025-11-28 16:00,-1.82,-1.9,-1.8,12,1.0
2025-11-28 17:00,-1.98,-2.1,-1.9,12,1.0
2025-11-28 18:00,-2.16,-2.2,-2.1,12,1.0
2025-11-28 19:00,-2.37,-2.5,-2.3,12,1.0
2025-11-28 20:00,-2.58,-2.7,-2.5,12,1.0
2025-11-28 21:00,-2.82,-2.9,-2.7,12,1.0
2025-11-28 22:00,-3.08,-3.2,-2.9,12,1.0
2025-11-28 23:00,-3.36,-3.5,-3.2,12,1.0
2025-11-29 00:00,-3.7,-3.9,-3.5,12,1.0
2025-11-29 01:00,-4.05,-4.2,-3.9,12,1.0
2025-11-29 02:00,-4.48,-4.7,-4.3,12,1.0
2025-11-29 03:00,-4.85,-5.0,-4.6,12,1.0
2025-11-29 04:00,-5.14,-5.2,-5.1,12,1.0
2025-11-29 05:00,-5.32,-5.4,-5.2,12,1.0
2025-11-29 06:00,-5.51,-5.6,-5.4,12,1.0
2025-11-29 07:00,-5.7,-5.8,-5.6,12,1.0
2025-11-29 08:00,-5.92,-6.0,-5.8,12,1.0
2025-11-29 09:00,-6.1,-6.2,-6.0,12,1.0
2025-11-29 10:00,-6.31,-6.4,-6.2,12,1.0
2025-11-29 11:00,-6.55,-6.7,-6.4,12,1.0
2025-11-29 12:00,-6.79,-6.9,-6.7,12,1.0
2025-11-29 13:00,-7.06,-7.2,-7.0,12,1.0
2025-11-29 14:00,-7.33,-7.5,-7.2,12,1.0
2025-11-29 15:00,-7.6,-7.7,-7.5,12,1.0
2025-11-29 16:00,-7.83,-7.9,-7.7,12,1.0
2025-11-29 17:00,-8.1,-8.2,-8.0,12,1.0
2025-11-29 18:00,-8.38,-8.5,-8.2,12,1.0
2025-11-29 19:00,-8.62,-8.7,-8.5,12,1.0
2025-11-29 20:00,-8.88,-9.0,-8.8,12,1.0
2025-11-29 21:00,-9.1,-9.2,-9.0,12,1.0
2025-11-29 22:00,-9.37,-9.5,-9.2,12,1.0
2025-11-29 23:00,-9.6,-9.7,-9.5,12,1.0
2025-11-30 00:00,-9.84,-10.0,-9.7,12,1.0
2025-11-30 01:00,-10.0,-10.0,-10.0,12,1.0
2025-11-30 02:00,-10.1,-10.1,-10.1,12,1.0
2025-11-30 03:00,-10.11,-10.2,-10.1,12,1.0
2025-11-30 04:00,-10.2,-10.2,-10.2,12,1.0
2025-11-30 05:00,-10.21,-10.3,-10.2,12,1.0
2025-11-30 06:00,-10.3,-10.3,-10.3,12,1.0
2025-11-30 07:00,-10.31,-10.4,-10.3,12,1.0
2025-11-30 08:00,-10.38,-10.4,-10.3,12,1.0
2025-11-30 09:00,-10.4,-10.4,-10.4,12,1.0
2025-11-30 10:00,-10.48,-10.5,-10.4,12,1.0
2025-11-30 11:00,-10.5,-10.5,-10.5,12,1.0
2025-11-30 12:00,-10.55,-10.6,-10.5,12,1.0
2025-11-30 13:00,-10.6,-10.6,-10.6,12,1.0
2025-11-30 14:00,-10.63,-10.7,-10.6,12,1.0
2025-11-30 15:00,-10.7,-10.7,-10.7,12,1.0
2025-11-30 16:00,-10.73,-10.8,-10.7,12,1.0
2025-11-30 17:00,-10.8,-10.8,-10.8,12,1.0
2025-11-30 18:00,-10.84,-10.9,-10.8,12,1.0
2025-11-30 19:00,-10.9,-10.9,-10.9,12,1.0
2025-11-30 20:00,-10.98,-11.0,-10.9,12,1.0
2025-11-30 21:00,-11.0,-11.0,-11.0,12,1.0
2025-11-30 22:00,-11.08,-11.1,-11.0,12,1.0
2025-11-30 23:00,-11.12,-11.2,-11.1,12,1.0
2025-12-01 00:00,-11.19,-11.2,-11.1,12,1.0
2025-12-01 01:00,-11.21,-11.3,-11.2,12,1.0
2025-12-01 02:00,-11.29,-11.3,-11.2,12,1.0
2025-12-01 03:00,-11.3,-11.3,-11.3,12,1.0
2025-12-01 04:00,-11.34,-11.4,-11.3,12,1.0
2025-12-01 05:00,-11.4,-11.4,-11.4,12,1.0
2025-12-01 06:00,-11.42,-11.5,-11.4,12,1.0
2025-12-01 07:00,-11.5,-11.5,-11.5,12,1.0
2025-12-01 08:00,-11.5,-11.5,-11.5,12,1.0
2025-12-01 09:00,-11.55,-11.6,-11.5,12,1.0
2025-12-01 10:00,-11.6,-11.6,-11.6,12,1.0
2025-12-01 11:00,-11.63,-11.7,-11.6,12,1.0
2025-12-01 12:00,-11.7,-11.7,-11.7,12,1.0
2025-12-01 13:00,-11.71,-11.8,-11.7,12,1.0
2025-12-01 14:00,-11.77,-11.8,-11.7,12,1.0
2025-12-01 15:00,-11.8,-11.8,-11.8,12,1.0
2025-12-01 16:00,-11.85,-11.9,-11.8,12,1.0
2025-12-01 17:00,-11.9,-11.9,-11.9,12,1.0
2025-12-01 18:00,-11.92,-12.0,-11.9,12,1.0
2025-12-01 19:00,-12.0,-12.0,-12.0,12,1.0
2025-12-01 20:00,-12.01,-12.1,-12.0,12,1.0
2025-12-01 21:00,-12.09,-12.1,-12.0,12,1.0
2025-12-01 22:00,-12.12,-12.2,-12.1,12,1.0
2025-12-01 23:00,-12.2,-12.2,-12.2,12,1.0
2025-12-02 00:00,-12.2,-12.2,-12.2,12,1.0
2025-12-02 01:00,-12.3,-12.3,-12.3,12,1.0
2025-12-02 02:00,-12.3,-12.3,-12.3,12,1.0
2025-12-02 03:00,-12.37,-12.4,-12.3,12,1.0
2025-12-02 04:00,-12.4,-12.4,-12.4,12,1.0
2025-12-02 05:00,-12.4,-12.4,-12.4,12,1.0
2025-12-02 06:00,-12.49,-12.5,-12.4,12,1.0
2025-12-02 07:00,-12.5,-12.5,-12.5,12,1.0
2025-12-02 08:00,-12.56,-12.6,-12.5,12,1.0
2025-12-02 09:00,-12.6,-12.6,-12.6,12,1.0
2025-12-02 10:00,-12.6,-12.6,-12.6,12,1.0
2025-12-02 11:00,-12.6,-12.6,-12.6,12,1.0
2025-12-02 12:00,-12.55,-12.6,-12.4,12,1.0
2025-12-02 13:00,-11.72,-12.3,-11.1,12,1.0
2025-12-02 14:00,-10.24,-11.0,-9.0,12,1.0
2025-12-02 15:00,-6.67,-8.5,-4.6,12,1.0
2025-12-02 16:00,-1.51,-3.9,-0.4,12,1.0
2025-12-02 17:00,-0.25,-0.4,-0.2,12,1.0
2025-12-02 18:00,-0.11,-0.2,-0.1,12,1.0
2025-12-02 19:00,-0.1,-0.1,-0.1,12,1.0
2025-12-02 20:00,-0.1,-0.1,-0.1,12,1.0
2025-12-02 21:00,-0.1,-0.1,-0.1,12,1.0
2025-12-02 22:00,-0.1,-0.1,-0.1,12,1.0
2025-12-02 23:00,-0.1,-0.1,-0.1,12,1.0
2025-12-03 00:00,-0.1,-0.1,-0.1,12,1.0
2025-12-03 01:00,-0.1,-0.1,-0.1,12,1.0
2025-12-03 02:00,-0.1,-0.1,-0.1,12,1.0
2025-12-03 03:00,-0.1,-0.1,-0.1,12,1.0
2025-12-03 04:00,-0.1,-0.1,-0.1,12,1.0
2025-12-03 05:00,-0.1,-0.1,-0.1,12,1.0
2025-12-03 06:00,-0.1,-0.1,-0.1,12,1.0
2025-12-03 07:00,-0.1,-0.1,-0.1,12,1.0
2025-12-03 08:00,-0.1,-0.1,-0.1,12,1.0
2025-12-03 09:00,-0.1,-0.1,-0.1,12,1.0
2025-12-03 10:00,-0.1,-0.1,-0.1,12,1.0
2025-12-03 11:00,-0.1,-0.1,-0.1,12,1.0
2025-12-03 12:00,-0.13,-0.2,-0.1,12,1.0
2025-12-03 13:00,-0.2,-0.2,-0.2,12,1.0
2025-12-03 14:00,-0.2,-0.2,-0.2,12,1.0
2025-12-03 15:00,-0.2,-0.2,-0.2,12,1.0
2025-12-03 16:00,-0.2,-0.2,-0.2,12,1.0
2025-12-03 17:00,-0.2,-0.2,-0.2,12,1.0
2025-12-03 18:00,-0.2,-0.2,-0.2,12,1.0
2025-12-03 19:00,-0.27,-0.3,-0.2,12,1.0
2025-12-03 20:00,-0.3,-0.3,-0.3,12,1.0
2025-12-03 21:00,-0.3,-0.3,-0.3,12,1.0
2025-12-03 22:00,-0.3,-0.3,-0.3,12,1.0
2025-12-03 23:00,-0.38,-0.4,-0.3,12,1.0
2025-12-04 00:00,-0.4,-0.4,-0.4,12,1.0
2025-12-04 01:00,-0.4,-0.4,-0.4,12,1.0
2025-12-04 02:00,-0.48,-0.5,-0.4,12,1.0
2025-12-04 03:00,-0.5,-0.5,-0.5,12,1.0
2025-12-04 04:00,-0.55,-0.6,-0.5,12,1.0
2025-12-04 05:00,-0.6,-0.6,-0.6,12,1.0
2025-12-04 06:00,-0.67,-0.7,-0.6,12,1.0
2025-12-04 07:00,-0.7,-0.7,-0.7,12,1.0
2025-12-04 08:00,-0.8,-0.8,-0.8,12,1.0
2025-12-04 09:00,-0.88,-0.9,-0.8,12,1.0
2025-12-04 10:00,-0.98,-1.0,-0.9,12,1.0
2025-12-04 11:00,-1.08,-1.1,-1.0,12,1.0
2025-12-04 12:00,-1.2,-1.3,-1.1,12,1.0
2025-12-04 13:00,-1.33,-1.4,-1.3,12,1.0
2025-12-04 14:00,-1.45,-1.5,-1.4,12,1.0
2025-12-04 15:00,-1.62,-1.7,-1.5,12,1.0
2025-12-04 16:00,-1.76,-1.8,-1.7,12,1.0
2025-12-04 17:00,-1.93,-2.0,-1.8,12,1.0
2025-12-04 18:00,-2.13,-2.2,-2.1,12,1.0
2025-12-04 19:00,-2.33,-2.4,-2.2,12,1.0
2025-12-04 20:00,-2.56,-2.7,-2.5,12,1.0
2025-12-04 21:00,-2.8,-2.9,-2.7,12,1.0
2025-12-04 22:00,-3.01,-3.1,-2.9,12,1.0
2025-12-04 23:00,-3.08,-3.1,-3.0,12,1.0
2025-12-05 00:00,-3.11,-3.2,-3.1,12,1.0
2025-12-05 01:00,-3.2,-3.2,-3.2,12,1.0
2025-12-05 02:00,-3.28,-3.3,-3.2,12,1.0
2025-12-05 03:00,-3.03,-3.2,-2.9,12,1.0
2025-12-05 04:00,-2.71,-2.8,-2.6,12,1.0
2025-12-05 05:00,-2.49,-2.6,-2.4,12,1.0
2025-12-05 06:00,-2.38,-2.4,-2.3,12,1.0
2025-12-05 07:00,-2.3,-2.3,-2.3,12,1.0
2025-12-05 08:00,-2.3,-2.3,-2.3,12,1.0
2025-12-05 09:00,-2.3,-2.3,-2.3,12,1.0
2025-12-05 10:00,-2.35,-2.4,-2.3,12,1.0
2025-12-05 11:00,-2.4,-2.4,-2.4,12,1.0
2025-12-05 12:00,-2.48,-2.5,-2.4,12,1.0
2025-12-05 13:00,-2.56,-2.6,-2.5,12,1.0
2025-12-05 14:00,-2.66,-2.7,-2.6,12,1.0
2025-12-05 15:00,-2.78,-2.8,-2.7,12,1.0
2025-12-05 16:00,-2.91,-3.0,-2.8,12,1.0
2025-12-05 17:00,-3.03,-3.1,-3.0,12,1.0
2025-12-05 18:00,-3.18,-3.3,-3.1,12,1.0
2025-12-05 19:00,-3.36,-3.4,-3.3,12,1.0
2025-12-05 20:00,-3.52,-3.6,-3.4,12,1.0
2025-12-05 21:00,-3.81,-3.9,-3.7,12,1.0
2025-12-05 22:00,-4.13,-4.3,-4.0,12,1.0
2025-12-05 23:00,-4.51,-4.7,-4.3,12,1.0
2025-12-06 00:00,-4.92,-5.1,-4.7,12,1.0
2025-12-06 01:00,-5.18,-5.3,-5.1,12,1.0
2025-12-06 02:00,-5.38,-5.5,-5.3,12,1.0
2025-12-06 03:00,-5.59,-5.7,-5.5,12,1.0
2025-12-06 04:00,-5.82,-5.9,-5.7,12,1.0
2025-12-06 05:00,-6.06,-6.2,-6.0,12,1.0
2025-12-06 06:00,-6.31,-6.4,-6.2,12,1.0
2025-12-06 07:00,-6.57,-6.7,-6.4,12,1.0
2025-12-06 08:00,-6.83,-7.0,-6.7,12,1.0
2025-12-06 09:00,-7.12,-7.3,-7.0,12,1.0
2025-12-06 10:00,-7.44,-7.6,-7.3,12,1.0
2025-12-06 11:00,-7.75,-7.9,-7.6,12,1.0
2025-12-06 12:00,-8.09,-8.3,-7.9,12,1.0
2025-12-06 13:00,-8.45,-8.6,-8.3,12,1.0
2025-12-06 14:00,-8.8,-9.0,-8.6,12,1.0
2025-12-06 15:00,-9.17,-9.4,-9.0,12,1.0
2025-12-06 16:00,-9.53,-9.7,-9.4,12,1.0
2025-12-06 17:00,-9.93,-10.0,-9.8,12,1.0
2025-12-06 18:00,-10.07,-10.1,-10.0,12,1.0
2025-12-06 19:00,-10.16,-10.2,-10.1,12,1.0
2025-12-06 20:00,-10.23,-10.3,-10.2,12,1.0
2025-12-06 21:00,-10.3,-10.3,-10.3,12,1.0
2025-12-06 22:00,-10.38,-10.4,-10.3,12,1.0
2025-12-06 23:00,-10.47,-10.5,-10.4,12,1.0
2025-12-07 00:00,-10.52,-10.6,-10.5,12,1.0
2025-12-07 01:00,-10.6,-10.6,-10.6,12,1.0
2025-12-07 02:00,-10.68,-10.7,-10.6,12,1.0
2025-12-07 03:00,-10.72,-10.8,-10.7,12,1.0
2025-12-07 04:00,-10.8,-10.8,-10.8,12,1.0
2025-12-07 05:00,-10.88,-10.9,-10.8,12,1.0
2025-12-07 06:00,-10.94,-11.0,-10.9,12,1.0
2025-12-07 07:00,-11.0,-11.0,-11.0,12,1.0
2025-12-07 08:00,-11.08,-11.1,-11.0,12,1.0
2025-12-07 09:00,-11.12,-11.2,-11.1,12,1.0
2025-12-07 10:00,-11.22,-11.3,-11.2,12,1.0
2025-12-07 11:00,-11.3,-11.3,-11.3,12,1.0
2025-12-07 12:00,-11.35,-11.4,-11.3,12,1.0
2025-12-07 13:00,-11.42,-11.5,-11.4,12,1.0
2025-12-07 14:00,-11.5,-11.5,-11.5,12,1.0
2025-12-07 15:00,-11.58,-11.6,-11.5,12,1.0
2025-12-07 16:00,-11.65,-11.7,-11.6,12,1.0
2025-12-07 17:00,-11.72,-11.8,-11.7,12,1.0
2025-12-07 18:00,-11.81,-11.9,-11.8,12,1.0
2025-12-07 19:00,-11.88,-11.9,-11.8,12,1.0
2025-12-07 20:00,-11.93,-12.0,-11.9,12,1.0
2025-12-07 21:00,-12.01,-12.1,-12.0,12,1.0
2025-12-07 22:00,-12.1,-12.1,-12.1,12,1.0
2025-12-07 23:00,-12.18,-12.2,-12.1,12,1.0
2025-12-08 00:00,-12.25,-12.3,-12.2,12,1.0
2025-12-08 01:00,-12.32,-12.4,-12.3,12,1.0
2025-12-08 02:00,-12.4,-12.4,-12.4,12,1.0
2025-12-08 03:00,-12.47,-12.5,-12.4,12,1.0
2025-12-08 04:00,-12.55,-12.6,-12.5,12,1.0
2025-12-08 05:00,-12.6,-12.6,-12.6,12,1.0
2025-12-08 06:00,-12.7,-12.7,-12.7,12,1.0
2025-12-08 07:00,-12.75,-12.8,-12.7,12,1.0
2025-12-08 08:00,-12.82,-12.9,-12.8,12,1.0
2025-12-08 09:00,-12.9,-12.9,-12.9,12,1.0
2025-12-08 10:00,-12.98,-13.0,-12.9,12,1.0
2025-12-08 11:00,-13.02,-13.1,-13.0,12,1.0
2025-12-08 12:00,-13.1,-13.1,-13.1,12,1.0
2025-12-08 13:00,-13.18,-13.2,-13.1,12,1.0
2025-12-08 14:00,-13.23,-13.3,-13.2,12,1.0
2025-12-08 15:00,-13.3,-13.3,-13.3,12,1.0
2025-12-08 16:00,-13.4,-13.4,-13.4,12,1.0
2025-12-08 17:00,-13.47,-13.5,-13.4,12,1.0
2025-12-08 18:00,-13.55,-13.6,-13.5,12,1.0
2025-12-08 19:00,-13.6,-13.6,-13.6,12,1.0
2025-12-08 20:00,-13.68,-13.7,-13.6,12,1.0
2025-12-08 21:00,-13.76,-13.8,-13.7,12,1.0
2025-12-08 22:00,-13.82,-13.9,-13.8,12,1.0
2025-12-08 23:00,-13.9,-13.9,-13.9,12,1.0
2025-12-09 00:00,-13.99,-14.0,-13.9,12,1.0
2025-12-09 01:00,-14.02,-14.1,-14.0,12,1.0
2025-12-09 02:00,-14.1,-14.1,-14.1,12,1.0
2025-12-09 03:00,-14.18,-14.2,-14.1,12,1.0
2025-12-09 04:00,-14.23,-14.3,-14.2,12,1.0
2025-12-09 05:00,-14.31,-14.4,-14.3,12,1.0
2025-12-09 06:00,-14.39,-14.4,-14.3,12,1.0
2025-12-09 07:00,-14.42,-14.5,-14.4,12,1.0
2025-12-09 08:00,-14.5,-14.5,-14.5,12,1.0
2025-12-09 09:00,-14.58,-14.6,-14.5,12,1.0
2025-12-09 10:00,-14.61,-14.7,-14.6,12,1.0
2025-12-09 11:00,-14.7,-14.7,-14.7,12,1.0
2025-12-09 12:00,-14.72,-14.8,-14.7,12,1.0
2025-12-09 13:00,-14.8,-14.8,-14.8,12,1.0
2025-12-09 14:00,-14.84,-14.9,-14.8,12,1.0
2025-12-09 15:00,-14.9,-14.9,-14.9,12,1.0
2025-12-09 16:00,-14.94,-15.0,-14.9,12,1.0
2025-12-09 17:00,-15.0,-15.0,-15.0,12,1.0
2025-12-09 18:00,-15.06,-15.1,-15.0,12,1.0
2025-12-09 19:00,-15.1,-15.1,-15.1,12,1.0
2025-12-09 20:00,-15.2,-15.2,-15.2,12,1.0
2025-12-09 21:00,-15.26,-15.3,-15.2,12,1.0
2025-12-09 22:00,-15.3,-15.3,-15.3,12,1.0
2025-12-09 23:00,-15.37,-15.4,-15.3,12,1.0
2025-12-10 00:00,-15.4,-15.4,-15.4,12,1.0
2025-12-10 01:00,-15.48,-15.5,-15.4,12,1.0
2025-12-10 02:00,-15.5,-15.5,-15.5,12,1.0
2025-12-10 03:00,-15.57,-15.6,-15.5,12,1.0
2025-12-10 04:00,-15.6,-15.6,-15.6,12,1.0
2025-12-10 05:00,-15.65,-15.7,-15.6,12,1.0
2025-12-10 06:00,-15.7,-15.7,-15.7,12,1.0
2025-12-10 07:00,-15.74,-15.8,-15.7,12,1.0
2025-12-10 08:00,-15.8,-15.8,-15.8,12,1.0
2025-12-10 09:00,-15.83,-15.9,-15.8,12,1.0
2025-12-10 10:00,-15.9,-15.9,-15.9,12,1.0
2025-12-10 11:00,-15.9,-15.9,-15.9,12,1.0
2025-12-10 12:00,-15.98,-16.0,-15.9,12,1.0
2025-12-10 13:00,-16.0,-16.0,-16.0,12,1.0
2025-12-10 14:00,-16.08,-16.1,-16.0,12,1.0
2025-12-10 15:00,-16.1,-16.1,-16.1,12,1.0
2025-12-10 16:00,-16.1,-16.1,-16.1,12,1.0
2025-12-10 17:00,-16.18,-16.2,-16.1,12,1.0
2025-12-10 18:00,-16.21,-16.3,-16.2,12,1.0
2025-12-10 19:00,-16.3,-16.3,-16.3,12,1.0
2025-12-10 20:00,-16.35,-16.4,-16.3,12,1.0
2025-12-10 21:00,-16.4,-16.4,-16.4,12,1.0
2025-12-10 22:00,-16.42,-16.5,-16.4,12,1.0
2025-12-10 23:00,-16.5,-16.5,-16.5,12,1.0
2025-12-11 00:00,-16.54,-16.6,-16.5,12,1.0
2025-12-11 01:00,-16.6,-16.6,-16.6,12,1.0
2025-12-11 02:00,-16.65,-16.7,-16.6,12,1.0
2025-12-11 03:00,-16.7,-16.7,-16.7,12,1.0
2025-12-11 04:00,-16.7,-16.7,-16.7,12,1.0
2025-12-11 05:00,-16.79,-16.8,-16.7,12,1.0
2025-12-11 06:00,-16.8,-16.8,-16.8,12,1.0
2025-12-11 07:00,-16.88,-16.9,-16.8,12,1.0
2025-12-11 08:00,-16.9,-16.9,-16.9,12,1.0
2025-12-11 09:00,-16.92,-17.0,-16.9,12,1.0
2025-12-11 10:00,-17.0,-17.0,-17.0,12,1.0
2025-12-11 11:00,-17.0,-17.0,-17.0,12,1.0
2025-12-11 12:00,-17.03,-17.1,-17.0,12,1.0
2025-12-11 13:00,-17.08,-17.1,-17.0,12,1.0
2025-12-11 14:00,-17.1,-17.1,-17.1,12,1.0
2025-12-11 15:00,-17.14,-17.2,-17.1,12,1.0
2025-12-11 16:00,-17.2,-17.2,-17.2,12,1.0
2025-12-11 17:00,-17.22,-17.3,-17.2,12,1.0
2025-12-11 18:00,-17.29,-17.3,-17.2,12,1.0
2025-12-11 19:00,-17.3,-17.3,-17.3,12,1.0
2025-12-11 20:00,-17.32,-17.4,-17.3,12,1.0
2025-12-11 21:00,-17.4,-17.4,-17.4,12,1.0
2025-12-11 22:00,-17.47,-17.5,-17.4,12,1.0
2025-12-11 23:00,-17.5,-17.5,-17.5,12,1.0
2025-12-12 00:00,-17.58,-17.6,-17.5,12,1.0
2025-12-12 01:00,-17.6,-17.6,-17.6,12,1.0
2025-12-12 02:00,-17.61,-17.7,-17.6,12,1.0
2025-12-12 03:00,-17.67,-17.7,-17.6,12,1.0
2025-12-12 04:00,-17.7,-17.7,-17.7,12,1.0
2025-12-12 05:00,-17.71,-17.8,-17.7,12,1.0
2025-12-12 06:00,-17.78,-17.8,-17.7,12,1.0
2025-12-12 07:00,-17.8,-17.8,-17.8,12,1.0
2025-12-12 08:00,-17.82,-17.9,-17.8,12,1.0
2025-12-12 09:00,-17.89,-17.9,-17.8,12,1.0
2025-12-12 10:00,-17.91,-18.0,-17.9,12,1.0
2025-12-12 11:00,-17.94,-18.0,-17.9,12,1.0
2025-12-12 12:00,-18.0,-18.0,-18.0,12,1.0
2025-12-12 13:00,-18.0,-18.0,-18.0,12,1.0
2025-12-12 14:00,-18.07,-18.1,-18.0,12,1.0
2025-12-12 15:00,-18.1,-18.1,-18.1,12,1.0
2025-12-12 16:00,-18.17,-18.2,-18.1,12,1.0
2025-12-12 17:00,-18.2,-18.2,-18.2,12,1.0
2025-12-12 18:00,-18.29,-18.3,-18.2,12,1.0
2025-12-12 19:00,-18.32,-18.4,-18.3,12,1.0
2025-12-12 20:00,-18.4,-18.4,-18.4,12,1.0
2025-12-12 21:00,-18.46,-18.5,-18.4,12,1.0
2025-12-12 22:00,-18.51,-18.6,-18.5,12,1.0
2025-12-12 23:00,-18.58,-18.6,-18.5,12,1.0
2025-12-13 00:00,-18.6,-18.6,-18.6,12,1.0
2025-12-13 01:00,-18.67,-18.7,-18.6,12,1.0
2025-12-13 02:00,-18.7,-18.7,-18.7,12,1.0
2025-12-13 03:00,-18.78,-18.8,-18.7,12,1.0
2025-12-13 04:00,-18.83,-18.9,-18.8,12,1.0
2025-12-13 05:00,-18.9,-18.9,-18.9,12,1.0
2025-12-13 06:00,-18.93,-19.0,-18.9,12,1.0
2025-12-13 07:00,-19.0,-19.0,-19.0,12,1.0
2025-12-13 08:00,-19.01,-19.1,-19.0,12,1.0
2025-12-13 09:00,-19.08,-19.1,-19.0,12,1.0
2025-12-13 10:00,-19.1,-19.1,-19.1,12,1.0
2025-12-13 11:00,-19.18,-19.2,-19.1,12,1.0
2025-12-13 12:00,-19.2,-19.2,-19.2,12,1.0
2025-12-13 13:00,-19.23,-19.3,-19.2,12,1.0
2025-12-13 14:00,-19.29,-19.3,-19.2,12,1.0
2025-12-13 15:00,-19.31,-19.4,-19.3,12,1.0
2025-12-13 16:00,-19.35,-19.4,-19.3,12,1.0
2025-12-13 17:00,-19.4,-19.4,-19.4,12,1.0
2025-12-13 18:00,-19.43,-19.5,-19.4,12,1.0
2025-12-13 19:00,-19.5,-19.5,-19.5,12,1.0
2025-12-13 20:00,-19.54,-19.6,-19.5,12,1.0
2025-12-13 21:00,-19.6,-19.6,-19.6,12,1.0
2025-12-13 22:00,-19.68,-19.7,-19.6,12,1.0
2025-12-13 23:00,-19.7,-19.7,-19.7,12,1.0
2025-12-14 00:00,-19.72,-19.8,-19.7,12,1.0
2025-12-14 01:00,-19.8,-19.8,-19.8,12,1.0
2025-12-14 02:00,-19.82,-19.9,-19.8,12,1.0
2025-12-14 03:00,-19.9,-19.9,-19.9,12,1.0
2025-12-14 04:00,-19.91,-20.0,-19.9,12,1.0
2025-12-14 05:00,-20.0,-20.0,-20.0,12,1.0
2025-12-14 06:00,-20.0,-20.0,-20.0,12,1.0
2025-12-14 07:00,-20.08,-20.1,-20.0,12,1.0
2025-12-14 08:00,-20.1,-20.1,-20.1,12,1.0
2025-12-14 09:00,-20.12,-20.2,-20.1,12,1.0
2025-12-14 10:00,-20.2,-20.2,-20.2,12,1.0
2025-12-14 11:00,-20.22,-20.3,-20.2,12,1.0
2025-12-14 12:00,-20.3,-20.3,-20.3,12,1.0
2025-12-14 13:00,-20.32,-20.4,-20.3,12,1.0
2025-12-14 14:00,-20.33,-20.4,-20.3,12,1.0
2025-12-14 15:00,-20.4,-20.4,-20.4,12,1.0
2025-12-14 16:00,-20.4,-20.4,-20.4,12,1.0
2025-12-14 17:00,-20.44,-20.5,-20.4,12,1.0
2025-12-14 18:00,-20.5,-20.5,-20.5,12,1.0
2025-12-14 19:00,-20.53,-20.6,-20.5,12,1.0
2025-12-14 20:00,-20.59,-20.6,-20.5,12,1.0
2025-12-14 21:00,-20.61,-20.7,-20.6,12,1.0
2025-12-14 22:00,-20.68,-20.7,-20.6,12,1.0
2025-12-14 23:00,-20.75,-20.8,-20.7,12,1.0
2025-12-15 00:00,-20.8,-20.8,-20.8,12,1.0
2025-12-15 01:00,-20.82,-20.9,-20.8,12,1.0
2025-12-15 02:00,-20.9,-20.9,-20.9,12,1.0
2025-12-15 03:00,-20.94,-21.0,-20.9,12,1.0
2025-12-15 04:00,-20.99,-21.0,-20.9,12,1.0
2025-12-15 05:00,-21.0,-21.0,-21.0,12,1.0
2025-12-15 06:00,-21.09,-21.1,-21.0,12,1.0
2025-12-15 07:00,-21.12,-21.2,-21.1,12,1.0
2025-12-15 08:00,-21.19,-21.2,-21.1,12,1.0
2025-12-15 09:00,-21.2,-21.2,-21.2,12,1.0
2025-12-15 10:00,-21.23,-21.3,-21.2,12,1.0
2025-12-15 11:00,-21.3,-21.3,-21.3,12,1.0
2025-12-15 12:00,-21.3,-21.3,-21.3,12,1.0
2025-12-15 13:00,-21.36,-21.4,-21.3,12,1.0
2025-12-15 14:00,-21.4,-21.4,-21.4,12,1.0
2025-12-15 15:00,-21.41,-21.5,-21.4,12,1.0
2025-12-15 16:00,-21.42,-21.5,-21.4,12,1.0
2025-12-15 17:00,-21.5,-21.5,-21.5,12,1.0
2025-12-15 18:00,-21.52,-21.6,-21.5,12,1.0
2025-12-15 19:00,-21.6,-21.6,-21.6,12,1.0
2025-12-15 20:00,-21.6,-21.6,-21.6,12,1.0
2025-12-15 21:00,-21.69,-21.7,-21.6,12,1.0
2025-12-15 22:00,-21.71,-21.8,-21.7,12,1.0
2025-12-15 23:00,-21.79,-21.8,-21.7,12,1.0
2025-12-16 00:00,-21.82,-21.9,-21.8,12,1.0
2025-12-16 01:00,-21.9,-21.9,-21.9,12,1.0
2025-12-16 02:00,-21.95,-22.0,-21.9,12,1.0
2025-12-16 03:00,-21.99,-22.0,-21.9,12,1.0
2025-12-16 04:00,-22.0,-22.0,-22.0,12,1.0
2025-12-16 05:00,-22.07,-22.1,-22.0,12,1.0
2025-12-16 06:00,-22.1,-22.1,-22.1,12,1.0
2025-12-16 07:00,-22.11,-22.2,-22.1,12,1.0
2025-12-16 08:00,-22.18,-22.2,-22.1,12,1.0
2025-12-16 09:00,-22.2,-22.2,-22.2,12,1.0
2025-12-16 10:00,-22.22,-22.3,-22.2,12,1.0
2025-12-16 11:00,-22.28,-22.3,-22.2,12,1.0
2025-12-16 12:00,-22.3,-22.3,-22.3,12,1.0
2025-12-16 13:00,-22.31,-22.4,-22.3,12,1.0
2025-12-16 14:00,-22.34,-22.4,-22.3,12,1.0
2025-12-16 15:00,-22.4,-22.4,-22.4,12,1.0
2025-12-16 16:00,-22.4,-22.4,-22.4,12,1.0
2025-12-16 17:00,-22.42,-22.5,-22.4,12,1.0
2025-12-16 18:00,-22.5,-22.5,-22.5,12,1.0
2025-12-16 19:00,-22.51,-22.6,-22.5,12,1.0
2025-12-16 20:00,-22.55,-22.6,-22.5,12,1.0
2025-12-16 21:00,-22.6,-22.6,-22.6,12,1.0
2025-12-16 22:00,-22.6,-22.6,-22.6,12,1.0
2025-12-16 23:00,-22.63,-22.7,-22.6,12,1.0
2025-12-17 00:00,-22.7,-22.7,-22.7,12,1.0
2025-12-17 01:00,-22.7,-22.7,-22.7,12,1.0
2025-12-17 02:00,-22.71,-22.8,-22.7,12,1.0
2025-12-17 03:00,-22.72,-22.8,-22.7,12,1.0
2025-12-17 04:00,-22.73,-22.8,-22.7,12,1.0
2025-12-17 05:00,-22.78,-22.8,-22.7,12,1.0
2025-12-17 06:00,-22.8,-22.8,-22.8,12,1.0
2025-12-17 07:00,-22.8,-22.8,-22.8,12,1.0
2025-12-17 08:00,-22.8,-22.8,-22.8,12,1.0
2025-12-17 09:00,-22.8,-22.8,-22.8,12,1.0
2025-12-17 10:00,-22.8,-22.8,-22.8,12,1.0
2025-12-17 11:00,-22.8,-22.8,-22.8,12,1.0
2025-12-17 12:00,-22.79,-22.8,-22.7,12,1.0
2025-12-17 13:00,-22.78,-22.8,-22.7,12,1.0
2025-12-17 14:00,-22.73,-22.8,-22.7,12,1.0
2025-12-17 15:00,-22.7,-22.7,-22.7,12,1.0
2025-12-17 16:00,-22.7,-22.7,-22.7,5,0.417
2025-12-18 17:00,-22.5,-22.5,-22.5,7,0.583
2025-12-18 18:00,-22.48,-22.5,-22.4,12,1.0
2025-12-18 19:00,-22.48,-22.5,-22.4,12,1.0
2025-12-18 20:00,-22.5,-22.5,-22.5,12,1.0
2025-12-18 21:00,-22.5,-22.5,-22.5,12,1.0
2025-12-18 22:00,-22.5,-22.5,-22.5,12,1.0
2025-12-18 23:00,-22.5,-22.5,-22.5,12,1.0
2025-12-19 00:00,-22.51,-22.6,-22.5,12,1.0
2025-12-19 01:00,-22.55,-22.6,-22.5,12,1.0
2025-12-19 02:00,-22.58,-22.6,-22.5,12,1.0
2025-12-19 03:00,-22.6,-22.6,-22.6,12,1.0
2025-12-19 04:00,-22.6,-22.6,-22.6,12,1.0
2025-12-19 05:00,-22.6,-22.6,-22.6,12,1.0
2025-12-19 06:00,-22.6,-22.6,-22.6,12,1.0
2025-12-19 07:00,-22.62,-22.7,-22.6,12,1.0
2025-12-19 08:00,-22.66,-22.7,-22.6,12,1.0
2025-12-19 09:00,-22.69,-22.7,-22.6,12,1.0
2025-12-19 10:00,-22.7,-22.7,-22.7,12,1.0
2025-12-19 11:00,-22.7,-22.7,-22.7,12,1.0
2025-12-19 12:00,-22.7,-22.7,-22.7,12,1.0
2025-12-19 13:00,-22.7,-22.7,-22.7,12,1.0
2025-12-19 14:00,-22.71,-22.8,-22.7,12,1.0
2025-12-19 15:00,-22.7,-22.7,-22.7,12,1.0
2025-12-19 16:00,-22.7,-22.7,-22.7,12,1.0
2025-12-19 17:00,-22.78,-22.8,-22.7,12,1.0
2025-12-19 18:00,-22.78,-22.8,-22.7,12,1.0
2025-12-19 19:00,-22.81,-22.9,-22.8,12,1.0
2025-12-19 20:00,-22.85,-22.9,-22.8,12,1.0
2025-12-19 21:00,-22.9,-22.9,-22.9,12,1.0
2025-12-19 22:00,-22.95,-23.0,-22.9,12,1.0
2025-12-19 23:00,-23.0,-23.0,-23.0,12,1.0
2025-12-20 00:00,-23.02,-23.1,-23.0,12,1.0
2025-12-20 01:00,-23.1,-23.1,-23.1,12,1.0
2025-12-20 02:00,-23.13,-23.2,-23.1,12,1.0
2025-12-20 03:00,-23.2,-23.2,-23.2,12,1.0
2025-12-20 04:00,-23.22,-23.3,-23.2,12,1.0
2025-12-20 05:00,-23.3,-23.3,-23.3,12,1.0
2025-12-20 06:00,-23.36,-23.4,-23.3,12,1.0
2025-12-20 07:00,-23.41,-23.5,-23.4,12,1.0
2025-12-20 08:00,-23.48,-23.5,-23.4,12,1.0
2025-12-20 09:00,-23.5,-23.5,-23.5,12,1.0
2025-12-20 10:00,-23.59,-23.6,-23.5,12,1.0
2025-12-20 11:00,-23.6,-23.6,-23.6,12,1.0
2025-12-20 12:00,-23.65,-23.7,-23.6,12,1.0
2025-12-20 13:00,-23.7,-23.7,-23.7,12,1.0
2025-12-20 14:00,-23.74,-23.8,-23.7,12,1.0
2025-12-20 15:00,-23.79,-23.8,-23.7,12,1.0
2025-12-20 16:00,-23.8,-23.8,-23.8,12,1.0
2025-12-20 17:00,-23.87,-23.9,-23.8,12,1.0
2025-12-20 18:00,-23.9,-23.9,-23.9,12,1.0
2025-12-20 19:00,-23.94,-24.0,-23.9,12,1.0
2025-12-20 20:00,-24.0,-24.0,-24.0,12,1.0
2025-12-20 21:00,-24.03,-24.1,-24.0,12,1.0
2025-12-20 22:00,-24.1,-24.1,-24.1,12,1.0
2025-12-20 23:00,-24.15,-24.2,-24.1,12,1.0
2025-12-21 00:00,-24.21,-24.3,-24.2,12,1.0
2025-12-21 01:00,-24.25,-24.3,-24.2,12,1.0
2025-12-21 02:00,-24.31,-24.4,-24.3,12,1.0
2025-12-21 03:00,-24.33,-24.4,-24.3,12,1.0
2025-12-21 04:00,-24.38,-24.4,-24.3,12,1.0
2025-12-21 05:00,-24.41,-24.5,-24.4,12,1.0
2025-12-21 06:00,-24.47,-24.5,-24.4,12,1.0
2025-12-21 07:00,-24.51,-24.6,-24.5,12,1.0
2025-12-21 08:00,-24.56,-24.6,-24.5,12,1.0
2025-12-21 09:00,-24.61,-24.7,-24.6,12,1.0
2025-12-21 10:00,-24.66,-24.7,-24.6,12,1.0
2025-12-21 11:00,-24.7,-24.7,-24.7,12,1.0
2025-12-21 12:00,-24.74,-24.8,-24.7,12,1.0
2025-12-21 13:00,-24.8,-24.8,-24.8,12,1.0
2025-12-21 14:00,-24.81,-24.9,-24.8,12,1.0
2025-12-21 15:00,-24.86,-24.9,-24.8,12,1.0
2025-12-21 16:00,-24.9,-24.9,-24.9,12,1.0
2025-12-21 17:00,-24.95,-25.0,-24.9,12,1.0
2025-12-21 18:00,-25.01,-25.1,-25.0,12,1.0
2025-12-21 19:00,-25.07,-25.1,-25.0,12,1.0
2025-12-21 20:00,-25.09,-25.1,-25.0,12,1.0
2025-12-21 21:00,-25.18,-25.2,-25.1,12,1.0
2025-12-21 22:00,-25.22,-25.3,-25.2,12,1.0
2025-12-21 23:00,-25.3,-25.3,-25.3,12,1.0
2025-12-22 00:00,-25.31,-25.4,-25.3,12,1.0
2025-12-22 01:00,-25.38,-25.4,-25.3,12,1.0
2025-12-22 02:00,-25.4,-25.4,-25.4,12,1.0
2025-12-22 03:00,-25.48,-25.5,-25.4,12,1.0
2025-12-22 04:00,-25.52,-25.6,-25.5,12,1.0
2025-12-22 05:00,-25.6,-25.6,-25.6,12,1.0
2025-12-22 06:00,-25.62,-25.7,-25.6,12,1.0
2025-12-22 07:00,-25.7,-25.7,-25.7,12,1.0
2025-12-22 08:00,-25.73,-25.8,-25.7,12,1.0
2025-12-22 09:00,-25.78,-25.8,-25.7,12,1.0
2025-12-22 10:00,-25.8,-25.8,-25.8,12,1.0
2025-12-22 11:00,-25.85,-25.9,-25.8,12,1.0
2025-12-22 12:00,-25.9,-25.9,-25.9,12,1.0
2025-12-22 13:00,-25.92,-26.0,-25.9,12,1.0
2025-12-22 14:00,-25.97,-26.0,-25.9,12,1.0
2025-12-22 15:00,-25.99,-26.0,-25.9,12,1.0
2025-12-22 16:00,-26.02,-26.1,-26.0,12,1.0
2025-12-22 17:00,-26.05,-26.1,-26.0,12,1.0
2025-12-22 18:00,-26.1,-26.1,-26.1,12,1.0
2025-12-22 19:00,-26.11,-26.2,-26.1,12,1.0
2025-12-22 20:00,-26.18,-26.2,-26.1,12,1.0
2025-12-22 21:00,-26.2,-26.2,-26.2,12,1.0
2025-12-22 22:00,-26.22,-26.3,-26.2,12,1.0
2025-12-22 23:00,-26.3,-26.3,-26.3,12,1.0
2025-12-23 00:00,-26.33,-26.4,-26.3,12,1.0
2025-12-23 01:00,-26.39,-26.4,-26.3,12,1.0
2025-12-23 02:00,-26.42,-26.5,-26.4,12,1.0
2025-12-23 03:00,-26.5,-26.5,-26.5,12,1.0
2025-12-23 04:00,-26.53,-26.6,-26.5,12,1.0
2025-12-23 05:00,-26.6,-26.6,-26.6,12,1.0
2025-12-23 06:00,-26.62,-26.7,-26.6,12,1.0
2025-12-23 07:00,-26.68,-26.7,-26.6,12,1.0
2025-12-23 08:00,-26.71,-26.8,-26.7,12,1.0
2025-12-23 09:00,-26.79,-26.8,-26.7,12,1.0
2025-12-23 10:00,-26.82,-26.9,-26.8,12,1.0
2025-12-23 11:00,-26.84,-26.9,-26.8,12,1.0
2025-12-23 12:00,-26.88,-26.9,-26.8,12,1.0
2025-12-23 13:00,-26.9,-26.9,-26.9,12,1.0
2025-12-23 14:00,-26.91,-27.0,-26.9,12,1.0
2025-12-23 15:00,-26.97,-27.0,-26.9,12,1.0
2025-12-23 16:00,-26.98,-27.0,-26.9,12,1.0
2025-12-23 17:00,-27.05,-27.1,-27.0,12,1.0
2025-12-23 18:00,-27.08,-27.1,-27.0,12,1.0
2025-12-23 19:00,-27.16,-27.2,-27.1,12,1.0
2025-12-23 20:00,-27.08,-27.2,-26.9,12,1.0
2025-12-23 21:00,-26.53,-26.9,-26.1,12,1.0
2025-12-23 22:00,-24.61,-26.0,-22.1,12,1.0
2025-12-23 23:00,-18.43,-21.5,-15.6,12,1.0
2025-12-24 00:00,-12.38,-15.1,-10.0,12,1.0
2025-12-24 01:00,-3.92,-8.9,-0.6,12,1.0
2025-12-24 02:00,-0.28,-0.5,-0.1,12,1.0
2025-12-24 03:00,-0.1,-0.1,-0.1,12,1.0
2025-12-24 04:00,-0.1,-0.1,-0.1,12,1.0
2025-12-24 05:00,-0.1,-0.1,-0.1,12,1.0
2025-12-24 06:00,-0.1,-0.1,-0.1,12,1.0
2025-12-24 07:00,-0.1,-0.1,-0.1,12,1.0
2025-12-24 08:00,-0.1,-0.1,-0.1,12,1.0
2025-12-24 09:00,-0.1,-0.1,-0.1,12,1.0
2025-12-24 10:00,-0.1,-0.1,-0.1,12,1.0
2025-12-24 11:00,-0.1,-0.1,-0.1,12,1.0
2025-12-24 12:00,-0.1,-0.1,-0.1,12,1.0
2025-12-24 13:00,-0.1,-0.1,-0.1,12,1.0
2025-12-24 14:00,-0.1,-0.1,-0.1,12,1.0
2025-12-24 15:00,-0.1,-0.1,-0.1,12,1.0
2025-12-24 16:00,-0.1,-0.1,-0.1,12,1.0
2025-12-24 17:00,-0.1,-0.1,-0.1,12,1.0
2025-12-24 18:00,-0.1,-0.1,-0.1,12,1.0
2025-12-24 19:00,-0.1,-0.1,-0.1,12,1.0
2025-12-24 20:00,-0.1,-0.1,-0.1,12,1.0
2025-12-24 21:00,-0.1,-0.1,-0.1,12,1.0
2025-12-24 22:00,-0.1,-0.1,-0.1,12,1.0
2025-12-24 23:00,-0.1,-0.1,-0.1,12,1.0
2025-12-25 00:00,-0.1,-0.1,-0.1,12,1.0
2025-12-25 01:00,-0.1,-0.1,-0.1,12,1.0
2025-12-25 02:00,-0.1,-0.1,-0.1,12,1.0
2025-12-25 03:00,-0.1,-0.1,-0.1,12,1.0
2025-12-25 04:00,-0.1,-0.1,-0.1,12,1.0
2025-12-25 05:00,-0.1,-0.1,-0.1,12,1.0
2025-12-25 06:00,-0.1,-0.1,-0.1,12,1.0
2025-12-25 07:00,-0.1,-0.1,-0.1,12,1.0
2025-12-25 08:00,-0.1,-0.1,-0.1,12,1.0
2025-12-25 09:00,-0.1,-0.1,-0.1,12,1.0
2025-12-25 10:00,-0.1,-0.1,-0.1,12,1.0
2025-12-25 11:00,-0.1,-0.1,-0.1,12,1.0
2025-12-25 12:00,-0.12,-0.2,-0.1,12,1.0
2025-12-25 13:00,-0.2,-0.2,-0.2,12,1.0
2025-12-25 14:00,-0.2,-0.2,-0.2,12,1.0
2025-12-25 15:00,-0.2,-0.2,-0.2,12,1.0
2025-12-25 16:00,-0.2,-0.2,-0.2,12,1.0
2025-12-25 17:00,-0.2,-0.2,-0.2,12,1.0
2025-12-25 18:00,-0.2,-0.2,-0.2,12,1.0
2025-12-25 19:00,-0.22,-0.3,-0.2,12,1.0
2025-12-25 20:00,-0.3,-0.3,-0.3,12,1.0
2025-12-25 21:00,-0.3,-0.3,-0.3,12,1.0
2025-12-25 22:00,-0.3,-0.3,-0.3,12,1.0
2025-12-25 23:00,-0.3,-0.3,-0.3,12,1.0
2025-12-26 00:00,-0.36,-0.4,-0.3,12,1.0
2025-12-26 01:00,-0.4,-0.4,-0.4,12,1.0
2025-12-26 02:00,-0.4,-0.4,-0.4,12,1.0
2025-12-26 03:00,-0.43,-0.5,-0.4,12,1.0
2025-12-26 04:00,-0.5,-0.5,-0.5,12,1.0
2025-12-26 05:00,-0.5,-0.5,-0.5,12,1.0
2025-12-26 06:00,-0.57,-0.6,-0.5,12,1.0
2025-12-26 07:00,-0.6,-0.6,-0.6,12,1.0
2025-12-26 08:00,-0.66,-0.7,-0.6,12,1.0
2025-12-26 09:00,-0.7,-0.7,-0.7,12,1.0
2025-12-26 10:00,-0.79,-0.8,-0.7,12,1.0
2025-12-26 11:00,-0.86,-0.9,-0.8,12,1.0
2025-12-26 12:00,-0.93,-1.0,-0.9,12,1.0
2025-12-26 13:00,-1.03,-1.1,-1.0,12,1.0
2025-12-26 14:00,-1.13,-1.2,-1.1,12,1.0
2025-12-26 15:00,-1.23,-1.3,-1.2,12,1.0
2025-12-26 16:00,-1.36,-1.4,-1.3,12,1.0
2025-12-26 17:00,-1.49,-1.6,-1.4,12,1.0
2025-12-26 18:00,-1.64,-1.7,-1.6,12,1.0
2025-12-26 19:00,-1.78,-1.9,-1.7,12,1.0
2025-12-26 20:00,-1.97,-2.0,-1.9,12,1.0
2025-12-26 21:00,-2.14,-2.2,-2.1,12,1.0
2025-12-26 22:00,-2.34,-2.4,-2.3,12,1.0
2025-12-26 23:00,-2.56,-2.7,-2.4,12,1.0
2025-12-27 00:00,-2.82,-3.0,-2.7,12,1.0
2025-12-27 01:00,-3.09,-3.2,-3.0,12,1.0
2025-12-27 02:00,-3.43,-3.6,-3.3,12,1.0
2025-12-27 03:00,-3.78,-3.9,-3.6,12,1.0
2025-12-27 04:00,-4.16,-4.3,-4.0,12,1.0
2025-12-27 05:00,-4.58,-4.8,-4.3,12,1.0
2025-12-27 06:00,-4.98,-5.1,-4.8,12,1.0
2025-12-27 07:00,-5.21,-5.3,-5.1,12,1.0
2025-12-27 08:00,-5.39,-5.5,-5.3,12,1.0
2025-12-27 09:00,-5.62,-5.7,-5.5,12,1.0
2025-12-27 10:00,-5.82,-5.9,-5.7,12,1.0
2025-12-27 11:00,-6.08,-6.2,-5.9,12,1.0
2025-12-27 12:00,-6.32,-6.4,-6.2,12,1.0
2025-12-27 13:00,-6.6,-6.7,-6.5,12,1.0
2025-12-27 14:00,-6.88,-7.0,-6.8,12,1.0
2025-12-27 15:00,-7.21,-7.3,-7.1,12,1.0
2025-12-27 16:00,-7.52,-7.7,-7.4,12,1.0
2025-12-27 17:00,-7.88,-8.0,-7.7,12,1.0
2025-12-27 18:00,-8.21,-8.4,-8.1,12,1.0
2025-12-27 19:00,-8.53,-8.7,-8.4,12,1.0
2025-12-27 20:00,-8.87,-9.0,-8.7,12,1.0
2025-12-27 21:00,-9.2,-9.3,-9.1,12,1.0
2025-12-27 22:00,-9.51,-9.7,-9.4,12,1.0
2025-12-27 23:00,-9.84,-10.0,-9.7,12,1.0
2025-12-28 00:00,-10.03,-10.1,-10.0,12,1.0
2025-12-28 01:00,-10.1,-10.1,-10.1,12,1.0
2025-12-28 02:00,-10.2,-10.2,-10.2,12,1.0
2025-12-28 03:00,-10.26,-10.3,-10.2,12,1.0
2025-12-28 04:00,-10.31,-10.4,-10.3,12,1.0
2025-12-28 05:00,-10.4,-10.4,-10.4,12,1.0
2025-12-28 06:00,-10.47,-10.5,-10.4,12,1.0
2025-12-28 07:00,-10.52,-10.6,-10.5,12,1.0
2025-12-28 08:00,-10.6,-10.6,-10.6,12,1.0
2025-12-28 09:00,-10.67,-10.7,-10.6,12,1.0
2025-12-28 10:00,-10.72,-10.8,-10.7,12,1.0
2025-12-28 11:00,-10.8,-10.8,-10.8,12,1.0
2025-12-28 12:00,-10.84,-10.9,-10.8,12,1.0
2025-12-28 13:00,-10.9,-10.9,-10.9,12,1.0
2025-12-28 14:00,-10.98,-11.0,-10.9,12,1.0
2025-12-28 15:00,-11.02,-11.1,-11.0,12,1.0
2025-12-28 16:00,-11.1,-11.1,-11.1,12,1.0
2025-12-28 17:00,-11.17,-11.2,-11.1,12,1.0
2025-12-28 18:00,-11.2,-11.2,-11.2,12,1.0
2025-12-28 19:00,-11.28,-11.3,-11.2,12,1.0
2025-12-28 20:00,-11.34,-11.4,-11.3,12,1.0
2025-12-28 21:00,-11.4,-11.4,-11.4,12,1.0
2025-12-28 22:00,-11.48,-11.5,-11.4,12,1.0
2025-12-28 23:00,-11.54,-11.6,-11.5,12,1.0
2025-12-29 00:00,-11.6,-11.6,-11.6,12,1.0
2025-12-29 01:00,-11.68,-11.7,-11.6,12,1.0
2025-12-29 02:00,-11.74,-11.8,-11.7,12,1.0
2025-12-29 03:00,-11.8,-11.8,-11.8,12,1.0
2025-12-29 04:00,-11.85,-11.9,-11.8,12,1.0
2025-12-29 05:00,-11.9,-11.9,-11.9,12,1.0
2025-12-29 06:00,-12.0,-12.0,-12.0,12,1.0
2025-12-29 07:00,-12.01,-12.1,-12.0,12,1.0
2025-12-29 08:00,-12.1,-12.1,-12.1,12,1.0
2025-12-29 09:00,-12.16,-12.2,-12.1,12,1.0
2025-12-29 10:00,-12.2,-12.2,-12.2,12,1.0
2025-12-29 11:00,-12.28,-12.3,-12.2,12,1.0
2025-12-29 12:00,-12.3,-12.3,-12.3,12,1.0
2025-12-29 13:00,-12.38,-12.4,-12.3,12,1.0
2025-12-29 14:00,-12.44,-12.5,-12.4,12,1.0
2025-12-29 15:00,-12.5,-12.5,-12.5,12,1.0
2025-12-29 16:00,-12.55,-12.6,-12.5,12,1.0
2025-12-29 17:00,-12.6,-12.6,-12.6,12,1.0
2025-12-29 18:00,-12.67,-12.7,-12.6,12,1.0
2025-12-29 19:00,-12.72,-12.8,-12.7,12,1.0
2025-12-29 20:00,-12.8,-12.8,-12.8,12,1.0
2025-12-29 21:00,-12.88,-12.9,-12.8,12,1.0
2025-12-29 22:00,-12.91,-13.0,-12.9,12,1.0
2025-12-29 23:00,-13.0,-13.0,-13.0,12,1.0
2025-12-30 00:00,-13.03,-13.1,-13.0,12,1.0
2025-12-30 01:00,-13.1,-13.1,-13.1,12,1.0
2025-12-30 02:00,-13.13,-13.2,-13.1,12,1.0
2025-12-30 03:00,-13.2,-13.2,-13.2,12,1.0
2025-12-30 04:00,-13.22,-13.3,-13.2,12,1.0
2025-12-30 05:00,-13.29,-13.3,-13.2,12,1.0
2025-12-30 06:00,-13.32,-13.4,-13.3,12,1.0
2025-12-30 07:00,-13.39,-13.4,-13.3,12,1.0
2025-12-30 08:00,-13.42,-13.5,-13.4,12,1.0
2025-12-30 09:00,-13.5,-13.5,-13.5,12,1.0
2025-12-30 10:00,-13.52,-13.6,-13.5,12,1.0
2025-12-30 11:00,-13.6,-13.6,-13.6,12,1.0
2025-12-30 12:00,-13.62,-13.7,-13.6,12,1.0
2025-12-30 13:00,-13.7,-13.7,-13.7,12,1.0
2025-12-30 14:00,-13.74,-13.8,-13.7,12,1.0
2025-12-30 15:00,-13.8,-13.8,-13.8,12,1.0
2025-12-30 16:00,-13.85,-13.9,-13.8,12,1.0
2025-12-30 17:00,-13.9,-13.9,-13.9,12,1.0
2025-12-30 18:00,-13.99,-14.0,-13.9,12,1.0
2025-12-30 19:00,-14.02,-14.1,-14.0,12,1.0
2025-12-30 20:00,-14.1,-14.1,-14.1,12,1.0
2025-12-30 21:00,-14.17,-14.2,-14.1,12,1.0
2025-12-30 22:00,-14.22,-14.3,-14.2,12,1.0
2025-12-30 23:00,-14.3,-14.3,-14.3,12,1.0
2025-12-31 00:00,-14.32,-14.4,-14.3,12,1.0
2025-12-31 01:00,-14.4,-14.4,-14.4,12,1.0
2025-12-31 02:00,-14.48,-14.5,-14.4,12,1.0
2025-12-31 03:00,-14.5,-14.5,-14.5,12,1.0
2025-12-31 04:00,-14.58,-14.6,-14.5,12,1.0
2025-12-31 05:00,-14.6,-14.6,-14.6,12,1.0
2025-12-31 06:00,-14.7,-14.7,-14.7,12,1.0
2025-12-31 07:00,-14.76,-14.8,-14.7,12,1.0
2025-12-31 08:00,-14.8,-14.8,-14.8,12,1.0
2025-12-31 09:00,-14.89,-14.9,-14.8,12,1.0
2025-12-31 10:00,-14.92,-15.0,-14.9,12,1.0
2025-12-31 11:00,-15.0,-15.0,-15.0,12,1.0
2025-12-31 12:00,-15.1,-15.1,-15.1,12,1.0
2025-12-31 13:00,-15.14,-15.2,-15.1,12,1.0
2025-12-31 14:00,-15.22,-15.3,-15.2,12,1.0
2025-12-31 15:00,-15.3,-15.3,-15.3,12,1.0
2025-12-31 16:00,-15.32,-15.4,-15.3,12,1.0
2025-12-31 17:00,-15.4,-15.4,-15.4,12,1.0
2025-12-31 18:00,-15.46,-15.5,-15.4,12,1.0
2025-12-31 19:00,-15.5,-15.5,-15.5,12,1.0
2025-12-31 20:00,-15.59,-15.6,-15.5,12,1.0
2025-12-31 21:00,-15.61,-15.7,-15.6,12,1.0
2025-12-31 22:00,-15.7,-15.7,-15.7,12,1.0
2025-12-31 23:00,-15.76,-15.8,-15.7,12,1.0
