time,value,min,max,n,coverage
2025-01-31 12:00,-9.57,-10.0,-9.1,4,0.333
2025-01-31 13:00,-10.52,-10.8,-10.1,12,1.0
2025-01-31 14:00,-10.94,-11.0,-10.8,12,1.0
2025-01-31 15:00,-11.1,-11.3,-10.9,12,1.0
2025-01-31 16:00,-11.41,-11.5,-11.3,12,1.0
2025-01-31 17:00,-11.67,-11.8,-11.5,12,1.0
2025-01-31 18:00,-11.92,-12.0,-11.8,12,1.0
2025-01-31 19:00,-12.14,-12.2,-12.0,12,1.0
2025-01-31 20:00,-12.32,-12.4,-12.2,12,1.0
2025-01-31 21:00,-12.47,-12.5,-12.4,12,1.0
2025-01-31 22:00,-12.55,-12.6,-12.5,12,1.0
2025-01-31 23:00,-12.6,-12.6,-12.6,12,1.0
2025-02-01 00:00,-12.69,-12.7,-12.6,12,1.0
2025-02-01 01:00,-12.7,-12.7,-12.7,12,1.0
2025-02-01 02:00,-12.7,-12.7,-12.7,12,1.0
2025-02-01 03:00,-12.7,-12.7,-12.7,12,1.0
2025-02-01 04:00,-12.77,-12.8,-12.7,12,1.0
2025-02-01 05:00,-12.8,-12.8,-12.8,12,1.0
2025-02-01 06:00,-12.8,-12.8,-12.8,12,1.0
2025-02-01 07:00,-12.8,-12.8,-12.8,12,1.0
2025-02-01 08:00,-12.8,-12.8,-12.8,12,1.0
2025-02-01 09:00,-12.77,-12.8,-12.7,12,1.0
2025-02-01 10:00,-12.7,-12.7,-12.7,12,1.0
2025-02-01 11:00,-12.65,-12.7,-12.6,12,1.0
2025-02-01 12:00,-12.6,-12.6,-12.6,12,1.0
2025-02-01 13:00,-12.58,-12.6,-12.5,12,1.0
2025-02-01 14:00,-12.5,-12.5,-12.5,12,1.0
2025-02-01 15:00,-12.5,-12.5,-12.5,12,1.0
2025-02-01 16:00,-12.58,-12.6,-12.5,12,1.0
2025-02-01 17:00,-12.73,-12.8,-12.7,12,1.0
2025-02-01 18:00,-12.85,-12.9,-12.8,12,1.0
2025-02-01 19:00,-13.06,-13.1,-13.0,12,1.0
2025-02-01 20:00,-13.25,-13.3,-13.2,12,1.0
2025-02-01 21:00,-13.4,-13.5,-13.3,12,1.0
2025-02-01 22:00,-13.52,-13.6,-13.5,12,1.0
2025-02-01 23:00,-13.6,-13.6,-13.6,12,1.0
2025-02-02 00:00,-13.69,-13.7,-13.6,12,1.0
2025-02-02 01:00,-13.75,-13.8,-13.7,12,1.0
2025-02-02 02:00,-13.81,-13.9,-13.8,12,1.0
2025-02-02 03:00,-13.87,-13.9,-13.8,12,1.0
2025-02-02 04:00,-13.94,-14.0,-13.9,12,1.0
2025-02-02 05:00,-14.0,-14.0,-14.0,12,1.0
2025-02-02 06:00,-14.05,-14.1,-14.0,12,1.0
2025-02-02 07:00,-14.1,-14.1,-14.1,12,1.0
2025-02-02 08:00,-14.09,-14.1,-14.0,12,1.0
2025-02-02 09:00,-13.98,-14.1,-13.9,12,1.0
2025-02-02 10:00,-13.84,-13.9,-13.8,12,1.0
2025-02-02 11:00,-13.7,-13.7,-13.7,12,1.0
2025-02-02 12:00,-13.6,-13.6,-13.6,12,1.0
2025-02-02 13:00,-13.58,-13.6,-13.5,12,1.0
2025-02-02 14:00,-13.5,-13.5,-13.5,12,1.0
2025-02-02 15:00,-13.5,-13.5,-13.5,12,1.0
2025-02-02 16:00,-13.58,-13.7,-13.5,12,1.0
2025-02-02 17:00,-13.78,-13.9,-13.7,12,1.0
2025-02-02 18:00,-13.98,-14.1,-13.9,12,1.0
2025-02-02 19:00,-14.15,-14.2,-14.1,12,1.0
2025-02-02 20:00,-14.38,-14.5,-14.3,12,1.0
2025-02-02 21:00,-14.55,-14.6,-14.5,12,1.0
2025-02-02 22:00,-14.72,-14.8,-14.7,12,1.0
2025-02-02 23:00,-14.83,-14.9,-14.8,12,1.0
2025-02-03 00:00,-14.94,-15.0,-14.9,12,1.0
2025-02-03 01:00,-15.03,-15.1,-15.0,12,1.0
2025-02-03 02:00,-15.1,-15.1,-15.1,12,1.0
2025-02-03 03:00,-15.2,-15.2,-15.2,12,1.0
2025-02-03 04:00,-15.22,-15.3,-15.2,12,1.0
2025-02-03 05:00,-15.3,-15.3,-15.3,12,1.0
2025-02-03 06:00,-15.36,-15.4,-15.3,12,1.0
2025-02-03 07:00,-15.4,-15.4,-15.4,12,1.0
2025-02-03 08:00,-15.49,-15.5,-15.4,12,1.0
2025-02-03 09:00,-15.5,-15.5,-15.5,12,1.0
2025-02-03 10:00,-15.42,-15.5,-15.3,12,1.0
2025-02-03 11:00,-15.18,-15.3,-15.1,12,1.0
2025-02-03 12:00,-15.0,-15.1,-14.9,12,1.0
2025-02-03 13:00,-14.9,-14.9,-14.9,12,1.0
2025-02-03 14:00,-14.98,-15.0,-14.9,12,1.0
2025-02-03 15:00,-15.07,-15.1,-15.0,12,1.0
2025-02-03 16:00,-15.12,-15.2,-15.1,12,1.0
2025-02-03 17:00,-15.19,-15.2,-15.1,12,1.0
2025-02-03 18:00,-15.23,-15.3,-15.2,12,1.0
2025-02-03 19:00,-15.3,-15.3,-15.3,12,1.0
2025-02-03 20:00,-15.33,-15.4,-15.3,12,1.0
2025-02-03 21:00,-15.4,-15.4,-15.4,12,1.0
2025-02-03 22:00,-15.4,-15.4,-15.4,12,1.0
2025-02-03 23:00,-15.35,-15.4,-15.3,12,1.0
2025-02-04 00:00,-15.3,-15.3,-15.3,12,1.0
2025-02-04 01:00,-15.27,-15.3,-15.2,12,1.0
2025-02-04 02:00,-15.24,-15.3,-15.2,12,1.0
2025-02-04 03:00,-15.28,-15.3,-15.2,12,1.0
2025-02-04 04:00,-15.29,-15.3,-15.2,12,1.0
2025-02-04 05:00,-15.3,-15.3,-15.3,12,1.0
2025-02-04 06:00,-15.28,-15.3,-15.2,12,1.0
2025-02-04 07:00,-15.3,-15.3,-15.3,12,1.0
2025-02-04 08:00,-15.3,-15.3,-15.3,12,1.0
2025-02-04 09:00,-15.3,-15.3,-15.3,12,1.0
2025-02-04 10:00,-15.22,-15.3,-15.2,12,1.0
2025-02-04 11:00,-15.19,-15.2,-15.1,12,1.0
2025-02-04 12:00,-15.12,-15.2,-15.1,12,1.0
2025-02-04 13:00,-15.05,-15.1,-15.0,12,1.0
2025-02-04 14:00,-14.92,-15.0,-14.9,12,1.0
2025-02-04 15:00,-14.9,-14.9,-14.9,12,1.0
2025-02-04 16:00,-15.0,-15.1,-14.9,12,1.0
2025-02-04 17:00,-15.21,-15.3,-15.1,12,1.0
2025-02-04 18:00,-15.48,-15.6,-15.3,12,1.0
2025-02-04 19:00,-15.82,-16.0,-15.7,12,1.0
2025-02-04 20:00,-16.16,-16.3,-16.0,12,1.0
2025-02-04 21:00,-16.4,-16.5,-16.3,12,1.0
2025-02-04 22:00,-16.6,-16.7,-16.5,12,1.0
2025-02-04 23:00,-16.75,-16.8,-16.7,12,1.0
2025-02-05 00:00,-16.85,-16.9,-16.8,12,1.0
2025-02-05 01:00,-16.96,-17.0,-16.9,12,1.0
2025-02-05 02:00,-17.08,-17.1,-17.0,12,1.0
2025-02-05 03:00,-17.12,-17.2,-17.1,12,1.0
2025-02-05 04:00,-17.22,-17.3,-17.2,12,1.0
2025-02-05 05:00,-17.32,-17.4,-17.3,12,1.0
2025-02-05 06:00,-17.4,-17.4,-17.4,12,1.0
2025-02-05 07:00,-17.47,-17.5,-17.4,12,1.0
2025-02-05 08:00,-17.54,-17.6,-17.5,12,1.0
2025-02-05 09:00,-17.6,-17.6,-17.6,12,1.0
2025-02-05 10:00,-17.58,-17.6,-17.5,12,1.0
2025-02-05 11:00,-17.52,-17.6,-17.5,12,1.0
2025-02-05 12:00,-17.38,-17.5,-17.3,12,1.0
2025-02-05 13:00,-17.26,-17.3,-17.2,12,1.0
2025-02-05 14:00,-17.12,-17.2,-17.1,12,1.0
2025-02-05 15:00,-17.0,-17.0,-17.0,12,1.0
2025-02-05 16:00,-17.05,-17.1,-17.0,12,1.0
2025-02-05 17:00,-17.24,-17.4,-17.1,12,1.0
2025-02-05 18:00,-17.53,-17.7,-17.4,12,1.0
2025-02-05 19:00,-17.79,-17.9,-17.7,12,1.0
2025-02-05 20:00,-18.0,-18.1,-17.9,12,1.0
2025-02-05 21:00,-18.26,-18.4,-18.1,12,1.0
2025-02-05 22:00,-18.46,-18.5,-18.4,12,1.0
2025-02-05 23:00,-18.63,-18.7,-18.6,12,1.0
2025-02-06 00:00,-18.77,-18.8,-18.7,12,1.0
2025-02-06 01:00,-18.91,-19.0,-18.9,12,1.0
2025-02-06 02:00,-18.99,-19.0,-18.9,12,1.0
2025-02-06 03:00,-19.12,-19.2,-19.1,12,1.0
2025-02-06 04:00,-19.18,-19.2,-19.1,12,1.0
2025-02-06 05:00,-19.28,-19.3,-19.2,12,1.0
2025-02-06 06:00,-19.35,-19.4,-19.3,12,1.0
2025-02-06 07:00,-19.4,-19.4,-19.4,12,1.0
2025-02-06 08:00,-19.49,-19.5,-19.4,12,1.0
2025-02-06 09:00,-19.57,-19.6,-19.5,12,1.0
2025-02-06 10:00,-19.52,-19.6,-19.5,12,1.0
2025-02-06 11:00,-19.47,-19.5,-19.4,12,1.0
2025-02-06 12:00,-19.4,-19.4,-19.4,12,1.0
2025-02-06 13:00,-19.28,-19.4,-19.2,12,1.0
2025-02-06 14:00,-19.08,-19.2,-19.0,12,1.0
2025-02-06 15:00,-18.97,-19.0,-18.9,12,1.0
2025-02-06 16:00,-18.98,-19.0,-18.9,12,1.0
2025-02-06 17:00,-19.19,-19.3,-19.1,12,1.0
2025-02-06 18:00,-19.47,-19.6,-19.3,12,1.0
2025-02-06 19:00,-19.7,-19.8,-19.6,12,1.0
2025-02-06 20:00,-19.92,-20.0,-19.8,12,1.0
2025-02-06 21:00,-20.13,-20.2,-20.0,12,1.0
2025-02-06 22:00,-20.29,-20.4,-20.2,12,1.0
2025-02-06 23:00,-20.45,-20.5,-20.4,12,1.0
2025-02-07 00:00,-20.6,-20.6,-20.6,12,1.0
2025-02-07 01:00,-20.72,-20.8,-20.7,12,1.0
2025-02-07 02:00,-20.79,-20.8,-20.7,12,1.0
2025-02-07 03:00,-20.88,-20.9,-20.8,12,1.0
2025-02-07 04:00,-20.94,-21.0,-20.9,12,1.0
2025-02-07 05:00,-21.02,-21.1,-21.0,12,1.0
2025-02-07 06:00,-21.1,-21.1,-21.1,12,1.0
2025-02-07 07:00,-21.18,-21.2,-21.1,12,1.0
2025-02-07 08:00,-21.23,-21.3,-21.2,12,1.0
2025-02-07 09:00,-21.28,-21.3,-21.2,12,1.0
2025-02-07 10:00,-21.22,-21.3,-21.2,12,1.0
2025-02-07 11:00,-21.17,-21.2,-21.1,12,1.0
2025-02-07 12:00,-21.08,-21.1,-21.0,12,1.0
2025-02-07 13:00,-20.93,-21.0,-20.8,12,1.0
2025-02-07 14:00,-20.74,-20.8,-20.7,12,1.0
2025-02-07 15:00,-20.62,-20.7,-20.6,12,1.0
2025-02-07 16:00,-20.62,-20.7,-20.6,12,1.0
2025-02-07 17:00,-20.78,-20.9,-20.7,12,1.0
2025-02-07 18:00,-21.03,-21.1,-20.9,12,1.0
2025-02-07 19:00,-21.25,-21.4,-21.1,12,1.0
2025-02-07 20:00,-21.49,-21.6,-21.4,12,1.0
2025-02-07 21:00,-21.7,-21.8,-21.6,12,1.0
2025-02-07 22:00,-21.88,-22.0,-21.8,12,1.0
2025-02-07 23:00,-22.01,-22.1,-21.9,12,1.0
2025-02-08 00:00,-22.15,-22.2,-22.1,12,1.0
2025-02-08 01:00,-22.26,-22.3,-22.2,12,1.0
2025-02-08 02:00,-22.39,-22.5,-22.3,12,1.0
2025-02-08 03:00,-22.47,-22.5,-22.4,12,1.0
2025-02-08 04:00,-22.56,-22.6,-22.5,12,1.0
2025-02-08 05:00,-22.61,-22.7,-22.6,12,1.0
2025-02-08 06:00,-22.69,-22.7,-22.6,12,1.0
2025-02-08 07:00,-22.73,-22.8,-22.7,12,1.0
2025-02-08 08:00,-22.8,-22.8,-22.8,12,1.0
2025-02-08 09:00,-22.86,-22.9,-22.8,12,1.0
2025-02-08 10:00,-22.9,-22.9,-22.9,12,1.0
2025-02-08 11:00,-22.9,-22.9,-22.9,12,1.0
2025-02-08 12:00,-22.9,-22.9,-22.9,12,1.0
2025-02-08 13:00,-22.9,-22.9,-22.9,12,1.0
2025-02-08 14:00,-22.8,-22.8,-22.8,12,1.0
2025-02-08 15:00,-22.73,-22.8,-22.7,12,1.0
2025-02-08 16:00,-22.7,-22.7,-22.7,12,1.0
2025-02-08 17:00,-22.7,-22.7,-22.7,12,1.0
2025-02-08 18:00,-22.7,-22.7,-22.7,12,1.0
2025-02-08 19:00,-22.7,-22.7,-22.7,12,1.0
2025-02-08 20:00,-22.71,-22.8,-22.7,12,1.0
2025-02-08 21:00,-22.78,-22.8,-22.7,12,1.0
2025-02-08 22:00,-22.8,-22.8,-22.8,12,1.0
2025-02-08 23:00,-22.8,-22.8,-22.8,12,1.0
2025-02-09 00:00,-22.8,-22.8,-22.8,12,1.0
2025-02-09 01:00,-22.8,-22.8,-22.8,12,1.0
2025-02-09 02:00,-22.78,-22.8,-22.7,12,1.0
2025-02-09 03:00,-22.73,-22.8,-22.7,12,1.0
2025-02-09 04:00,-22.7,-22.7,-22.7,12,1.0
2025-02-09 05:00,-22.7,-22.7,-22.7,12,1.0
2025-02-09 06:00,-22.7,-22.7,-22.7,12,1.0
2025-02-09 07:00,-22.7,-22.7,-22.7,12,1.0
2025-02-09 08:00,-22.72,-22.8,-22.7,12,1.0
2025-02-09 09:00,-22.71,-22.8,-22.7,12,1.0
2025-02-09 10:00,-22.62,-22.7,-22.6,12,1.0
2025-02-09 11:00,-22.46,-22.5,-22.4,12,1.0
2025-02-09 12:00,-22.31,-22.4,-22.3,12,1.0
2025-02-09 13:00,-22.11,-22.2,-22.0,12,1.0
2025-02-09 14:00,-21.98,-22.1,-21.9,12,1.0
2025-02-09 15:00,-21.84,-21.9,-21.8,12,1.0
2025-02-09 16:00,-21.79,-21.8,-21.7,12,1.0
2025-02-09 17:00,-21.89,-22.0,-21.8,12,1.0
2025-02-09 18:00,-22.08,-22.2,-22.0,12,1.0
2025-02-09 19:00,-22.28,-22.4,-22.2,12,1.0
2025-02-09 20:00,-22.47,-22.5,-22.4,12,1.0
2025-02-09 21:00,-22.6,-22.7,-22.5,12,1.0
2025-02-09 22:00,-22.74,-22.8,-22.7,12,1.0
2025-02-09 23:00,-22.83,-22.9,-22.8,12,1.0
2025-02-10 00:00,-22.96,-23.0,-22.9,12,1.0
2025-02-10 01:00,-23.06,-23.1,-23.0,12,1.0
2025-02-10 02:00,-23.17,-23.2,-23.1,12,1.0
2025-02-10 03:00,-23.25,-23.3,-23.2,12,1.0
2025-02-10 04:00,-23.33,-23.4,-23.3,12,1.0
2025-02-10 05:00,-23.41,-23.5,-23.4,12,1.0
2025-02-10 06:00,-23.5,-23.5,-23.5,12,1.0
2025-02-10 07:00,-23.55,-23.6,-23.5,12,1.0
2025-02-10 08:00,-23.61,-23.7,-23.6,12,1.0
2025-02-10 09:00,-23.64,-23.7,-23.6,12,1.0
2025-02-10 10:00,-23.62,-23.7,-23.6,12,1.0
2025-02-10 11:00,-23.52,-23.6,-23.4,12,1.0
2025-02-10 12:00,-23.42,-23.5,-23.4,12,1.0
2025-02-10 13:00,-23.22,-23.4,-23.1,12,1.0
2025-02-10 14:00,-22.93,-23.1,-22.8,12,1.0
2025-02-10 15:00,-22.72,-22.8,-22.7,12,1.0
2025-02-10 16:00,-22.69,-22.7,-22.6,12,1.0
2025-02-10 17:00,-22.86,-23.0,-22.8,12,1.0
2025-02-10 18:00,-23.1,-23.2,-23.0,12,1.0
2025-02-10 19:00,-23.4,-23.5,-23.3,12,1.0
2025-02-10 20:00,-23.65,-23.7,-23.6,12,1.0
2025-02-10 21:00,-23.82,-23.9,-23.7,12,1.0
2025-02-10 22:00,-23.92,-24.0,-23.9,12,1.0
2025-02-10 23:00,-24.05,-24.1,-24.0,12,1.0
2025-02-11 00:00,-24.2,-24.3,-24.1,12,1.0
2025-02-11 01:00,-24.32,-24.4,-24.3,12,1.0
2025-02-11 02:00,-24.42,-24.5,-24.4,12,1.0
2025-02-11 03:00,-24.5,-24.5,-24.5,12,1.0
2025-02-11 04:00,-24.6,-24.6,-24.6,12,1.0
2025-02-11 05:00,-24.64,-24.7,-24.6,12,1.0
2025-02-11 06:00,-24.71,-24.8,-24.7,12,1.0
2025-02-11 07:00,-24.77,-24.8,-24.7,12,1.0
2025-02-11 08:00,-24.82,-24.9,-24.8,12,1.0
2025-02-11 09:00,-24.88,-24.9,-24.8,12,1.0
2025-02-11 10:00,-24.85,-24.9,-24.8,12,1.0
2025-02-11 11:00,-24.77,-24.8,-24.7,12,1.0
2025-02-11 12:00,-24.68,-24.7,-24.6,12,1.0
2025-02-11 13:00,-24.52,-24.6,-24.4,12,1.0
2025-02-11 14:00,-24.22,-24.4,-24.1,12,1.0
2025-02-11 15:00,-24.0,-24.1,-23.9,12,1.0
2025-02-11 16:00,-23.92,-24.0,-23.9,12,1.0
2025-02-11 17:00,-24.08,-24.2,-24.0,12,1.0
2025-02-11 18:00,-24.32,-24.5,-24.2,12,1.0
2025-02-11 19:00,-24.58,-24.7,-24.5,12,1.0
2025-02-11 20:00,-24.79,-24.9,-24.7,12,1.0
2025-02-11 21:00,-24.97,-25.1,-24.9,12,1.0
2025-02-11 22:00,-25.1,-25.2,-25.0,12,1.0
2025-02-11 23:00,-25.18,-25.3,-25.1,12,1.0
2025-02-12 00:00,-25.32,-25.4,-25.3,12,1.0
2025-02-12 01:00,-25.44,-25.5,-25.4,12,1.0
2025-02-12 02:00,-25.52,-25.6,-25.5,12,1.0
2025-02-12 03:00,-25.62,-25.7,-25.6,12,1.0
2025-02-12 04:00,-25.7,-25.7,-25.7,12,1.0
2025-02-12 05:00,-25.79,-25.8,-25.7,12,1.0
2025-02-12 06:00,-25.85,-25.9,-25.8,12,1.0
2025-02-12 07:00,-25.91,-26.0,-25.9,12,1.0
2025-02-12 08:00,-26.01,-26.1,-26.0,12,1.0
2025-02-12 09:00,-26.04,-26.1,-26.0,12,1.0
2025-02-12 10:00,-26.01,-26.1,-26.0,12,1.0
2025-02-12 11:00,-25.91,-26.0,-25.8,12,1.0
2025-02-12 12:00,-25.76,-25.8,-25.7,12,1.0
2025-02-12 13:00,-25.68,-25.8,-25.6,12,1.0
2025-02-12 14:00,-25.48,-25.6,-25.4,12,1.0
2025-02-12 15:00,-25.31,-25.4,-25.2,12,1.0
2025-02-12 16:00,-25.2,-25.2,-25.2,12,1.0
2025-02-12 17:00,-25.28,-25.4,-25.2,12,1.0
2025-02-12 18:00,-25.49,-25.6,-25.4,12,1.0
2025-02-12 19:00,-25.75,-25.9,-25.6,12,1.0
2025-02-12 20:00,-25.99,-26.1,-25.9,12,1.0
2025-02-12 21:00,-26.16,-26.2,-26.1,12,1.0
2025-02-12 22:00,-26.26,-26.3,-26.2,12,1.0
2025-02-12 23:00,-26.38,-26.4,-26.3,12,1.0
2025-02-13 00:00,-26.5,-26.5,-26.5,12,1.0
2025-02-13 01:00,-26.56,-26.6,-26.5,12,1.0
2025-02-13 02:00,-26.64,-26.7,-26.6,12,1.0
2025-02-13 03:00,-26.75,-26.8,-26.7,12,1.0
2025-02-13 04:00,-26.8,-26.9,-26.7,12,1.0
2025-02-13 05:00,-26.88,-26.9,-26.8,12,1.0
2025-02-13 06:00,-26.96,-27.0,-26.9,12,1.0
2025-02-13 07:00,-27.03,-27.1,-27.0,12,1.0
2025-02-13 08:00,-27.1,-27.1,-27.1,12,1.0
2025-02-13 09:00,-27.14,-27.2,-27.1,12,1.0
2025-02-13 10:00,-27.12,-27.2,-27.1,12,1.0
2025-02-13 11:00,-27.02,-27.1,-26.9,12,1.0
2025-02-13 12:00,-26.84,-26.9,-26.8,12,1.0
2025-02-13 13:00,-26.65,-26.8,-26.5,12,1.0
2025-02-13 14:00,-26.41,-26.5,-26.3,12,1.0
2025-02-13 15:00,-26.14,-26.2,-26.1,12,1.0
2025-02-13 16:00,-26.1,-26.1,-26.1,12,1.0
2025-02-13 17:00,-26.22,-26.3,-26.1,12,1.0
2025-02-13 18:00,-26.46,-26.6,-26.3,12,1.0
2025-02-13 19:00,-26.73,-26.9,-26.6,12,1.0
2025-02-13 20:00,-26.99,-27.1,-26.9,12,1.0
2025-02-13 21:00,-27.17,-27.2,-27.1,12,1.0
2025-02-13 22:00,-27.31,-27.4,-27.3,12,1.0
2025-02-13 23:00,-27.38,-27.4,-27.3,12,1.0
2025-02-14 00:00,-27.51,-27.6,-27.5,12,1.0
2025-02-14 01:00,-27.6,-27.7,-27.5,12,1.0
2025-02-14 02:00,-27.66,-27.7,-27.6,12,1.0
2025-02-14 03:00,-27.72,-27.8,-27.7,12,1.0
2025-02-14 04:00,-27.81,-27.9,-27.8,12,1.0
2025-02-14 05:00,-27.9,-27.9,-27.9,12,1.0
2025-02-14 06:00,-27.98,-28.0,-27.9,12,1.0
2025-02-14 07:00,-28.02,-28.1,-28.0,12,1.0
2025-02-14 08:00,-28.08,-28.1,-28.0,12,1.0
2025-02-14 09:00,-28.12,-28.2,-28.1,12,1.0
2025-02-14 10:00,-28.2,-28.2,-28.2,12,1.0
2025-02-14 11:00,-28.2,-28.2,-28.2,12,1.0
2025-02-14 12:00,-28.2,-28.2,-28.2,12,1.0
2025-02-14 13:00,-28.2,-28.2,-28.2,12,1.0
2025-02-14 14:00,-28.21,-28.3,-28.2,12,1.0
2025-02-14 15:00,-28.27,-28.3,-28.2,12,1.0
2025-02-14 16:00,-28.3,-28.3,-28.3,12,1.0
2025-02-14 17:00,-28.3,-28.3,-28.3,12,1.0
2025-02-14 18:00,-28.22,-28.3,-28.2,12,1.0
2025-02-14 19:00,-28.1,-28.2,-28.0,12,1.0
2025-02-14 20:00,-27.89,-28.0,-27.8,12,1.0
2025-02-14 21:00,-27.68,-27.8,-27.5,12,1.0
2025-02-14 22:00,-27.42,-27.6,-27.3,12,1.0
2025-02-14 23:00,-27.12,-27.3,-26.9,12,1.0
2025-02-15 00:00,-26.28,-26.9,-25.5,12,1.0
2025-02-15 01:00,-24.37,-25.4,-23.3,12,1.0
2025-02-15 02:00,-19.36,-23.0,-15.2,12,1.0
2025-02-15 03:00,-11.79,-14.6,-9.2,12,1.0
2025-02-15 04:00,-6.47,-8.6,-5.1,12,1.0
2025-02-15 05:00,-2.86,-4.9,-1.2,12,1.0
2025-02-15 06:00,-0.52,-1.0,-0.4,12,1.0
2025-02-15 07:00,-0.4,-0.4,-0.4,12,1.0
2025-02-15 08:00,-0.4,-0.4,-0.4,12,1.0
2025-02-15 09:00,-0.4,-0.4,-0.4,12,1.0
2025-02-15 10:00,-0.44,-0.5,-0.4,12,1.0
2025-02-15 11:00,-0.5,-0.5,-0.5,12,1.0
2025-02-15 12:00,-0.5,-0.5,-0.5,12,1.0
2025-02-15 13:00,-0.43,-0.5,-0.4,12,1.0
2025-02-15 14:00,-0.43,-0.5,-0.4,12,1.0
2025-02-15 15:00,-0.47,-0.5,-0.4,12,1.0
2025-02-15 16:00,-0.5,-0.5,-0.5,12,1.0
2025-02-15 17:00,-0.5,-0.5,-0.5,12,1.0
2025-02-15 18:00,-0.5,-0.5,-0.5,12,1.0
2025-02-15 19:00,-0.5,-0.5,-0.5,12,1.0
2025-02-15 20:00,-0.5,-0.5,-0.5,12,1.0
2025-02-15 21:00,-0.5,-0.5,-0.5,12,1.0
2025-02-15 22:00,-0.59,-0.6,-0.5,12,1.0
2025-02-15 23:00,-0.6,-0.6,-0.6,12,1.0
2025-02-16 00:00,-0.6,-0.6,-0.6,12,1.0
2025-02-16 01:00,-0.6,-0.6,-0.6,12,1.0
2025-02-16 02:00,-0.65,-0.7,-0.6,12,1.0
2025-02-16 03:00,-0.7,-0.7,-0.7,12,1.0
2025-02-16 04:00,-0.7,-0.7,-0.7,12,1.0
2025-02-16 05:00,-0.71,-0.8,-0.7,12,1.0
2025-02-16 06:00,-0.8,-0.8,-0.8,12,1.0
2025-02-16 07:00,-0.8,-0.8,-0.8,12,1.0
2025-02-16 08:00,-0.81,-0.9,-0.8,12,1.0
2025-02-16 09:00,-0.9,-0.9,-0.9,12,1.0
2025-02-16 10:00,-0.9,-0.9,-0.9,12,1.0
2025-02-16 11:00,-0.99,-1.0,-0.9,12,1.0
2025-02-16 12:00,-1.13,-1.2,-1.1,12,1.0
2025-02-16 13:00,-1.27,-1.4,-1.2,12,1.0
2025-02-16 14:00,-1.46,-1.6,-1.4,12,1.0
2025-02-16 15:00,-1.7,-1.8,-1.6,12,1.0
2025-02-16 16:00,-1.99,-2.1,-1.9,12,1.0
2025-02-16 17:00,-2.33,-2.5,-2.2,12,1.0
2025-02-16 18:00,-2.64,-2.8,-2.5,12,1.0
2025-02-16 19:00,-2.94,-3.1,-2.8,12,1.0
2025-02-16 20:00,-3.26,-3.4,-3.1,12,1.0
2025-02-16 21:00,-3.54,-3.7,-3.4,12,1.0
2025-02-16 22:00,-3.78,-3.9,-3.7,12,1.0
2025-02-16 23:00,-4.01,-4.1,-3.9,12,1.0
2025-02-17 00:00,-4.21,-4.3,-4.1,12,1.0
2025-02-17 01:00,-4.37,-4.5,-4.3,12,1.0
2025-02-17 02:00,-4.61,-4.7,-4.5,12,1.0
2025-02-17 03:00,-4.82,-4.9,-4.7,12,1.0
2025-02-17 04:00,-4.98,-5.0,-4.9,12,1.0
2025-02-17 05:00,-5.09,-5.1,-5.0,12,1.0
2025-02-17 06:00,-5.18,-5.2,-5.1,12,1.0
2025-02-17 07:00,-5.27,-5.3,-5.2,12,1.0
2025-02-17 08:00,-5.36,-5.4,-5.3,12,1.0
2025-02-17 09:00,-5.43,-5.5,-5.4,12,1.0
2025-02-17 10:00,-5.52,-5.6,-5.5,12,1.0
2025-02-17 11:00,-5.69,-5.8,-5.6,12,1.0
2025-02-17 12:00,-5.98,-6.2,-5.8,12,1.0
2025-02-17 13:00,-6.42,-6.6,-6.2,12,1.0
2025-02-17 14:00,-6.88,-7.1,-6.7,12,1.0
2025-02-17 15:00,-7.33,-7.5,-7.1,12,1.0
2025-02-17 16:00,-7.82,-8.0,-7.6,12,1.0
2025-02-17 17:00,-8.29,-8.5,-8.1,12,1.0
2025-02-17 18:00,-8.71,-8.9,-8.5,12,1.0
2025-02-17 19:00,-9.05,-9.2,-8.9,12,1.0
2025-02-17 20:00,-9.35,-9.5,-9.2,12,1.0
2025-02-17 21:00,-9.62,-9.7,-9.5,12,1.0
2025-02-17 22:00,-9.84,-10.0,-9.7,12,1.0
2025-02-17 23:00,-9.99,-10.0,-9.9,12,1.0
2025-02-18 00:00,-10.1,-10.1,-10.1,12,1.0
2025-02-18 01:00,-10.17,-10.2,-10.1,12,1.0
2025-02-18 02:00,-10.22,-10.3,-10.2,12,1.0
2025-02-18 03:00,-10.3,-10.3,-10.3,12,1.0
2025-02-18 04:00,-10.31,-10.4,-10.3,12,1.0
2025-02-18 05:00,-10.4,-10.4,-10.4,12,1.0
2025-02-18 06:00,-10.44,-10.5,-10.4,12,1.0
2025-02-18 07:00,-10.5,-10.5,-10.5,12,1.0
2025-02-18 08:00,-10.55,-10.6,-10.5,12,1.0
2025-02-18 09:00,-10.6,-10.6,-10.6,12,1.0
2025-02-18 10:00,-10.6,-10.6,-10.6,12,1.0
2025-02-18 11:00,-10.66,-10.7,-10.6,12,1.0
2025-02-18 12:00,-10.72,-10.8,-10.7,12,1.0
2025-02-18 13:00,-10.85,-10.9,-10.8,12,1.0
2025-02-18 14:00,-11.1,-11.2,-11.0,12,1.0
2025-02-18 15:00,-11.38,-11.5,-11.3,12,1.0
2025-02-18 16:00,-11.61,-11.7,-11.5,12,1.0
2025-02-18 17:00,-11.9,-12.1,-11.8,12,1.0
2025-02-18 18:00,-12.26,-12.4,-12.1,12,1.0
2025-02-18 19:00,-12.61,-12.8,-12.4,12,1.0
2025-02-18 20:00,-12.89,-13.0,-12.8,12,1.0
2025-02-18 21:00,-13.13,-13.2,-13.0,12,1.0
2025-02-18 22:00,-13.32,-13.4,-13.2,12,1.0
2025-02-18 23:00,-13.46,-13.5,-13.4,12,1.0
2025-02-19 00:00,-13.58,-13.6,-13.5,12,1.0
2025-02-19 01:00,-13.68,-13.7,-13.6,12,1.0
2025-02-19 02:00,-13.78,-13.8,-13.7,12,1.0
2025-02-19 03:00,-13.89,-13.9,-13.8,12,1.0
2025-02-19 04:00,-13.98,-14.0,-13.9,12,1.0
2025-02-19 05:00,-14.07,-14.1,-14.0,12,1.0
2025-02-19 06:00,-14.17,-14.2,-14.1,12,1.0
2025-02-19 07:00,-14.25,-14.3,-14.2,12,1.0
2025-02-19 08:00,-14.34,-14.4,-14.3,12,1.0
2025-02-19 09:00,-14.4,-14.4,-14.4,12,1.0
2025-02-19 10:00,-14.42,-14.5,-14.4,12,1.0
2025-02-19 11:00,-14.49,-14.5,-14.4,12,1.0
2025-02-19 12:00,-14.5,-14.5,-14.5,12,1.0
2025-02-19 13:00,-14.5,-14.5,-14.5,12,1.0
2025-02-19 14:00,-14.5,-14.5,-14.5,12,1.0
2025-02-19 15:00,-14.55,-14.6,-14.5,12,1.0
2025-02-19 16:00,-14.72,-14.8,-14.6,12,1.0
2025-02-19 17:00,-15.0,-15.1,-14.9,12,1.0
2025-02-19 18:00,-15.33,-15.5,-15.2,12,1.0
2025-02-19 19:00,-15.67,-15.8,-15.5,12,1.0
2025-02-19 20:00,-15.98,-16.1,-15.9,12,1.0
2025-02-19 21:00,-16.21,-16.3,-16.1,12,1.0
2025-02-19 22:00,-16.38,-16.5,-16.3,12,1.0
2025-02-19 23:00,-16.54,-16.6,-16.5,12,1.0
2025-02-20 00:00,-16.68,-16.7,-16.6,12,1.0
2025-02-20 01:00,-16.82,-16.9,-16.8,12,1.0
2025-02-20 02:00,-16.94,-17.0,-16.9,12,1.0
2025-02-20 03:00,-17.05,-17.1,-17.0,12,1.0
2025-02-20 04:00,-17.18,-17.2,-17.1,12,1.0
2025-02-20 05:00,-17.28,-17.3,-17.2,12,1.0
2025-02-20 06:00,-17.38,-17.4,-17.3,12,1.0
2025-02-20 07:00,-17.51,-17.6,-17.5,12,1.0
2025-02-20 08:00,-17.6,-17.6,-17.6,12,1.0
2025-02-20 09:00,-17.67,-17.7,-17.6,12,1.0
2025-02-20 10:00,-17.7,-17.7,-17.7,12,1.0
2025-02-20 11:00,-17.71,-17.8,-17.7,12,1.0
2025-02-20 12:00,-17.72,-17.8,-17.7,12,1.0
2025-02-20 13:00,-17.72,-17.8,-17.7,12,1.0
2025-02-20 14:00,-17.63,-17.7,-17.6,12,1.0
2025-02-20 15:00,-17.6,-17.6,-17.6,12,1.0
2025-02-20 16:00,-17.67,-17.7,-17.6,12,1.0
2025-02-20 17:00,-17.82,-17.9,-17.7,12,1.0
2025-02-20 18:00,-18.07,-18.2,-17.9,12,1.0
2025-02-20 19:00,-18.37,-18.5,-18.2,12,1.0
2025-02-20 20:00,-18.58,-18.7,-18.5,12,1.0
2025-02-20 21:00,-18.75,-18.8,-18.7,12,1.0
2025-02-20 22:00,-18.92,-19.0,-18.8,12,1.0
2025-02-20 23:00,-19.05,-19.1,-19.0,12,1.0
2025-02-21 00:00,-19.15,-19.2,-19.1,12,1.0
2025-02-21 01:00,-19.25,-19.3,-19.2,12,1.0
2025-02-21 02:00,-19.36,-19.4,-19.3,12,1.0
2025-02-21 03:00,-19.45,-19.5,-19.4,12,1.0
2025-02-21 04:00,-19.53,-19.6,-19.5,12,1.0
2025-02-21 05:00,-19.62,-19.7,-19.6,12,1.0
2025-02-21 06:00,-19.7,-19.8,-19.6,12,1.0
2025-02-21 07:00,-19.8,-19.8,-19.8,12,1.0
2025-02-21 08:00,-19.88,-19.9,-19.8,12,1.0
2025-02-21 09:00,-19.9,-19.9,-19.9,12,1.0
2025-02-21 10:00,-19.9,-19.9,-19.9,12,1.0
2025-02-21 11:00,-19.87,-19.9,-19.8,12,1.0
2025-02-21 12:00,-19.8,-19.9,-19.7,12,1.0
2025-02-21 13:00,-19.68,-19.8,-19.6,12,1.0
2025-02-21 14:00,-19.48,-19.6,-19.4,12,1.0
2025-02-21 15:00,-19.4,-19.4,-19.4,12,1.0
2025-02-21 16:00,-19.44,-19.5,-19.4,12,1.0
2025-02-21 17:00,-19.62,-19.7,-19.5,12,1.0
2025-02-21 18:00,-19.88,-20.0,-19.7,12,1.0
2025-02-21 19:00,-20.13,-20.3,-20.0,12,1.0
2025-02-21 20:00,-20.37,-20.5,-20.3,12,1.0
2025-02-21 21:00,-20.61,-20.7,-20.5,12,1.0
2025-02-21 22:00,-20.78,-20.8,-20.7,12,1.0
2025-02-21 23:00,-20.92,-21.0,-20.8,12,1.0
2025-02-22 00:00,-21.07,-21.1,-21.0,12,1.0
2025-02-22 01:00,-21.16,-21.2,-21.1,12,1.0
2025-02-22 02:00,-21.25,-21.3,-21.2,12,1.0
2025-02-22 03:00,-21.35,-21.4,-21.3,12,1.0
2025-02-22 04:00,-21.43,-21.5,-21.4,12,1.0
2025-02-22 05:00,-21.51,-21.6,-21.5,12,1.0
2025-02-22 06:00,-21.59,-21.6,-21.5,12,1.0
2025-02-22 07:00,-21.67,-21.7,-21.6,12,1.0
2025-02-22 08:00,-21.71,-21.8,-21.7,12,1.0
2025-02-22 09:00,-21.78,-21.8,-21.7,12,1.0
2025-02-22 10:00,-21.79,-21.8,-21.7,12,1.0
2025-02-22 11:00,-21.72,-21.8,-21.7,12,1.0
2025-02-22 12:00,-21.59,-21.7,-21.5,12,1.0
2025-02-22 13:00,-21.4,-21.5,-21.3,12,1.0
2025-02-22 14:00,-21.22,-21.3,-21.2,12,1.0
2025-02-22 15:00,-21.1,-21.1,-21.1,12,1.0
2025-02-22 16:00,-21.18,-21.2,-21.1,12,1.0
2025-02-22 17:00,-21.35,-21.4,-21.3,12,1.0
2025-02-22 18:00,-21.58,-21.7,-21.5,12,1.0
2025-02-22 19:00,-21.84,-22.0,-21.7,12,1.0
2025-02-22 20:00,-22.08,-22.2,-22.0,12,1.0
2025-02-22 21:00,-22.27,-22.4,-22.2,12,1.0
2025-02-22 22:00,-22.46,-22.5,-22.4,12,1.0
2025-02-22 23:00,-22.61,-22.7,-22.5,12,1.0
2025-02-23 00:00,-22.73,-22.8,-22.7,12,1.0
2025-02-23 01:00,-22.86,-22.9,-22.8,12,1.0
2025-02-23 02:00,-22.97,-23.0,-22.9,12,1.0
2025-02-23 03:00,-23.08,-23.1,-23.0,12,1.0
2025-02-23 04:00,-23.15,-23.2,-23.1,12,1.0
2025-02-23 05:00,-23.23,-23.3,-23.2,12,1.0
2025-02-23 06:00,-23.32,-23.4,-23.3,12,1.0
2025-02-23 07:00,-23.4,-23.4,-23.4,12,1.0
2025-02-23 08:00,-23.45,-23.5,-23.4,12,1.0
2025-02-23 09:00,-23.51,-23.6,-23.5,12,1.0
2025-02-23 10:00,-23.5,-23.5,-23.5,12,1.0
2025-02-23 11:00,-23.46,-23.5,-23.4,12,1.0
2025-02-23 12:00,-23.31,-23.4,-23.2,12,1.0
2025-02-23 13:00,-23.11,-23.2,-23.0,12,1.0
2025-02-23 14:00,-22.89,-23.0,-22.8,12,1.0
2025-02-23 15:00,-22.73,-22.8,-22.7,12,1.0
2025-02-23 16:00,-22.75,-22.8,-22.7,12,1.0
2025-02-23 17:00,-22.93,-23.1,-22.8,12,1.0
2025-02-23 18:00,-23.18,-23.3,-23.1,12,1.0
2025-02-23 19:00,-23.47,-23.6,-23.3,12,1.0
2025-02-23 20:00,-23.68,-23.8,-23.6,12,1.0
2025-02-23 21:00,-23.85,-23.9,-23.8,12,1.0
2025-02-23 22:00,-24.02,-24.1,-23.9,12,1.0
2025-02-23 23:00,-24.18,-24.3,-24.1,12,1.0
2025-02-24 00:00,-24.35,-24.4,-24.3,12,1.0
2025-02-24 01:00,-24.48,-24.5,-24.4,12,1.0
2025-02-24 02:00,-24.56,-24.6,-24.5,12,1.0
2025-02-24 03:00,-24.66,-24.7,-24.6,12,1.0
2025-02-24 04:00,-24.75,-24.8,-24.7,12,1.0
2025-02-24 05:00,-24.83,-24.9,-24.8,12,1.0
2025-02-24 06:00,-24.91,-25.0,-24.9,12,1.0
2025-02-24 07:00,-24.98,-25.0,-24.9,12,1.0
2025-02-24 08:00,-25.01,-25.1,-25.0,12,1.0
2025-02-24 09:00,-25.02,-25.1,-25.0,12,1.0
2025-02-24 10:00,-25.07,-25.1,-25.0,12,1.0
2025-02-24 11:00,-24.99,-25.0,-24.9,12,1.0
2025-02-24 12:00,-24.88,-24.9,-24.8,12,1.0
2025-02-24 13:00,-24.67,-24.8,-24.5,12,1.0
2025-02-24 14:00,-24.43,-24.6,-24.3,12,1.0
2025-02-24 15:00,-24.39,-24.4,-24.3,12,1.0
2025-02-24 16:00,-24.44,-24.5,-24.4,12,1.0
2025-02-24 17:00,-24.66,-24.8,-24.6,12,1.0
2025-02-24 18:00,-24.88,-25.0,-24.8,12,1.0
2025-02-24 19:00,-25.08,-25.2,-25.0,12,1.0
2025-02-24 20:00,-25.25,-25.3,-25.2,12,1.0
2025-02-24 21:00,-25.39,-25.5,-25.3,12,1.0
2025-02-24 22:00,-25.53,-25.6,-25.5,12,1.0
2025-02-24 23:00,-25.66,-25.7,-25.6,12,1.0
2025-02-25 00:00,-25.79,-25.8,-25.7,12,1.0
2025-02-25 01:00,-25.88,-25.9,-25.8,12,1.0
2025-02-25 02:00,-25.98,-26.0,-25.9,12,1.0
2025-02-25 03:00,-26.07,-26.1,-26.0,12,1.0
2025-02-25 04:00,-26.15,-26.2,-26.1,12,1.0
2025-02-25 05:00,-26.24,-26.3,-26.2,12,1.0
2025-02-25 06:00,-26.32,-26.4,-26.3,12,1.0
2025-02-25 07:00,-26.41,-26.5,-26.4,12,1.0
2025-02-25 08:00,-26.45,-26.5,-26.4,12,1.0
2025-02-25 09:00,-26.32,-26.4,-26.2,12,1.0
2025-02-25 10:00,-25.81,-26.2,-25.3,12,1.0
2025-02-25 11:00,-24.56,-25.2,-23.9,12,1.0
2025-02-25 12:00,-22.95,-23.7,-22.2,12,1.0
2025-02-25 13:00,-21.53,-22.1,-21.0,12,1.0
2025-02-25 14:00,-20.43,-20.9,-20.0,12,1.0
2025-02-25 15:00,-19.65,-20.0,-19.4,12,1.0
2025-02-25 16:00,-19.06,-19.3,-18.8,12,1.0
2025-02-25 17:00,-18.59,-18.8,-18.4,12,1.0
2025-02-25 18:00,-18.23,-18.4,-18.1,12,1.0
2025-02-25 19:00,-18.04,-18.1,-18.0,12,1.0
2025-02-25 20:00,-17.98,-18.0,-17.9,12,1.0
2025-02-25 21:00,-17.9,-17.9,-17.9,12,1.0
2025-02-25 22:00,-17.82,-17.9,-17.6,12,1.0
2025-02-25 23:00,-16.47,-17.6,-14.3,12,1.0
2025-02-26 00:00,-9.67,-13.5,-4.8,12,1.0
2025-02-26 01:00,-1.35,-3.4,-0.6,12,1.0
2025-02-26 02:00,-0.59,-0.6,-0.5,12,1.0
2025-02-26 03:00,-0.48,-0.5,-0.4,12,1.0
2025-02-26 04:00,-0.4,-0.4,-0.4,12,1.0
2025-02-26 05:00,-0.4,-0.4,-0.4,12,1.0
2025-02-26 06:00,-0.4,-0.4,-0.4,12,1.0
2025-02-26 07:00,-0.4,-0.4,-0.4,12,1.0
2025-02-26 08:00,-0.42,-0.5,-0.4,12,1.0
2025-02-26 09:00,-0.5,-0.5,-0.5,12,1.0
2025-02-26 10:00,-0.5,-0.5,-0.5,12,1.0
2025-02-26 11:00,-0.43,-0.5,-0.4,12,1.0
2025-02-26 12:00,-0.48,-0.5,-0.4,12,1.0
2025-02-26 13:00,-0.5,-0.5,-0.5,12,1.0
2025-02-26 14:00,-0.48,-0.5,-0.4,12,1.0
2025-02-26 15:00,-0.41,-0.5,-0.4,12,1.0
2025-02-26 16:00,-0.4,-0.4,-0.4,12,1.0
2025-02-26 17:00,-0.4,-0.4,-0.4,12,1.0
2025-02-26 18:00,-0.4,-0.4,-0.4,12,1.0
2025-02-26 19:00,-0.4,-0.4,-0.4,12,1.0
2025-02-26 20:00,-0.4,-0.4,-0.4,12,1.0
2025-02-26 21:00,-0.4,-0.4,-0.4,12,1.0
2025-02-26 22:00,-0.4,-0.4,-0.4,12,1.0
2025-02-26 23:00,-0.4,-0.4,-0.4,12,1.0
2025-02-27 00:00,-0.4,-0.4,-0.4,12,1.0
2025-02-27 01:00,-0.4,-0.4,-0.4,12,1.0
2025-02-27 02:00,-0.4,-0.4,-0.4,12,1.0
2025-02-27 03:00,-0.4,-0.4,-0.4,12,1.0
2025-02-27 04:00,-0.4,-0.4,-0.4,12,1.0
2025-02-27 05:00,-0.4,-0.4,-0.4,12,1.0
2025-02-27 06:00,-0.4,-0.4,-0.4,12,1.0
2025-02-27 07:00,-0.48,-0.5,-0.4,12,1.0
2025-02-27 08:00,-0.5,-0.5,-0.5,12,1.0
2025-02-27 09:00,-0.5,-0.5,-0.5,12,1.0
2025-02-27 10:00,-0.5,-0.5,-0.5,12,1.0
2025-02-27 11:00,-0.57,-0.6,-0.5,12,1.0
2025-02-27 12:00,-0.6,-0.6,-0.6,12,1.0
2025-02-27 13:00,-0.68,-0.7,-0.6,12,1.0
2025-02-27 14:00,-0.77,-0.8,-0.7,12,1.0
2025-02-27 15:00,-0.88,-0.9,-0.8,12,1.0
2025-02-27 16:00,-0.97,-1.0,-0.9,12,1.0
2025-02-27 17:00,-1.02,-1.1,-1.0,12,1.0
2025-02-27 18:00,-1.1,-1.1,-1.1,12,1.0
2025-02-27 19:00,-1.15,-1.2,-1.1,12,1.0
2025-02-27 20:00,-1.2,-1.2,-1.2,12,1.0
2025-02-27 21:00,-1.28,-1.3,-1.2,12,1.0
2025-02-27 22:00,-1.3,-1.3,-1.3,12,1.0
2025-02-27 23:00,-1.32,-1.4,-1.3,12,1.0
2025-02-28 00:00,-1.4,-1.4,-1.4,12,1.0
2025-02-28 01:00,-1.4,-1.4,-1.4,12,1.0
2025-02-28 02:00,-1.47,-1.5,-1.4,12,1.0
2025-02-28 03:00,-1.5,-1.5,-1.5,12,1.0
2025-02-28 04:00,-1.55,-1.6,-1.5,12,1.0
2025-02-28 05:00,-1.6,-1.6,-1.6,12,1.0
2025-02-28 06:00,-1.68,-1.7,-1.6,12,1.0
2025-02-28 07:00,-1.71,-1.8,-1.7,12,1.0
2025-02-28 08:00,-1.8,-1.8,-1.8,12,1.0
2025-02-28 09:00,-1.83,-1.9,-1.8,12,1.0
2025-02-28 10:00,-1.92,-2.0,-1.9,12,1.0
2025-02-28 11:00,-2.05,-2.1,-2.0,12,1.0
2025-02-28 12:00,-2.22,-2.3,-2.1,12,1.0
2025-02-28 13:00,-2.43,-2.6,-2.3,12,1.0
2025-02-28 14:00,-2.76,-3.0,-2.6,12,1.0
2025-02-28 15:00,-3.18,-3.4,-3.0,12,1.0
2025-02-28 16:00,-3.68,-4.0,-3.4,12,1.0
2025-02-28 17:00,-4.3,-4.6,-4.0,12,1.0
2025-02-28 18:00,-4.91,-5.1,-4.6,12,1.0
2025-02-28 19:00,-5.22,-5.3,-5.1,12,1.0
2025-02-28 20:00,-5.43,-5.5,-5.3,12,1.0
2025-02-28 21:00,-5.62,-5.7,-5.5,12,1.0
2025-02-28 22:00,-5.78,-5.8,-5.7,12,1.0
2025-02-28 23:00,-5.88,-5.9,-5.8,12,1.0
2025-03-01 00:00,-5.98,-6.0,-5.9,12,1.0
2025-03-01 01:00,-6.07,-6.1,-6.0,12,1.0
2025-03-01 02:00,-6.1,-6.1,-6.1,12,1.0
2025-03-01 03:00,-6.17,-6.2,-6.1,12,1.0
2025-03-01 04:00,-6.2,-6.2,-6.2,12,1.0
2025-03-01 05:00,-6.2,-6.2,-6.2,12,1.0
2025-03-01 06:00,-6.28,-6.3,-6.2,12,1.0
2025-03-01 07:00,-6.3,-6.3,-6.3,12,1.0
2025-03-01 08:00,-6.3,-6.3,-6.3,12,1.0
2025-03-01 09:00,-6.3,-6.3,-6.3,12,1.0
2025-03-01 10:00,-6.31,-6.4,-6.3,12,1.0
2025-03-01 11:00,-6.45,-6.5,-6.4,12,1.0
2025-03-01 12:00,-6.68,-6.8,-6.6,12,1.0
2025-03-01 13:00,-6.97,-7.1,-6.8,12,1.0
2025-03-01 14:00,-7.4,-7.6,-7.2,12,1.0
2025-03-01 15:00,-7.84,-8.0,-7.7,12,1.0
2025-03-01 16:00,-8.12,-8.2,-8.0,12,1.0
2025-03-01 17:00,-8.39,-8.5,-8.3,12,1.0
2025-03-01 18:00,-8.36,-8.5,-8.2,12,1.0
2025-03-01 19:00,-8.01,-8.1,-7.9,12,1.0
2025-03-01 20:00,-7.86,-7.9,-7.8,12,1.0
2025-03-01 21:00,-7.8,-7.8,-7.8,12,1.0
2025-03-01 22:00,-7.88,-7.9,-7.8,12,1.0
2025-03-01 23:00,-7.89,-7.9,-7.8,12,1.0
2025-03-02 00:00,-7.91,-8.0,-7.9,12,1.0
2025-03-02 01:00,-7.98,-8.0,-7.9,12,1.0
2025-03-02 02:00,-8.01,-8.1,-8.0,12,1.0
2025-03-02 03:00,-8.1,-8.1,-8.1,12,1.0
2025-03-02 04:00,-8.12,-8.2,-8.1,12,1.0
2025-03-02 05:00,-8.2,-8.2,-8.2,12,1.0
2025-03-02 06:00,-8.22,-8.3,-8.2,12,1.0
2025-03-02 07:00,-8.28,-8.3,-8.2,12,1.0
2025-03-02 08:00,-8.3,-8.3,-8.3,12,1.0
2025-03-02 09:00,-8.34,-8.4,-8.3,12,1.0
2025-03-02 10:00,-8.41,-8.5,-8.4,12,1.0
2025-03-02 11:00,-8.57,-8.7,-8.5,12,1.0
2025-03-02 12:00,-9.02,-9.3,-8.8,12,1.0
2025-03-02 13:00,-9.52,-9.7,-9.3,12,1.0
2025-03-02 14:00,-9.97,-10.1,-9.8,12,1.0
2025-03-02 15:00,-10.16,-10.2,-10.1,12,1.0
2025-03-02 16:00,-10.33,-10.4,-10.2,12,1.0
2025-03-02 17:00,-10.58,-10.7,-10.4,12,1.0
2025-03-02 18:00,-10.88,-11.0,-10.7,12,1.0
2025-03-02 19:00,-11.19,-11.3,-11.1,12,1.0
2025-03-02 20:00,-11.4,-11.5,-11.3,12,1.0
2025-03-02 21:00,-11.59,-11.7,-11.5,12,1.0
2025-03-02 22:00,-11.73,-11.8,-11.7,12,1.0
2025-03-02 23:00,-11.87,-11.9,-11.8,12,1.0
2025-03-03 00:00,-11.96,-12.0,-11.9,12,1.0
2025-03-03 01:00,-12.02,-12.1,-12.0,12,1.0
2025-03-03 02:00,-12.1,-12.1,-12.1,12,1.0
2025-03-03 03:00,-12.17,-12.2,-12.1,12,1.0
2025-03-03 04:00,-12.22,-12.3,-12.2,12,1.0
2025-03-03 05:00,-12.3,-12.3,-12.3,12,1.0
2025-03-03 06:00,-12.3,-12.3,-12.3,12,1.0
2025-03-03 07:00,-12.38,-12.4,-12.3,12,1.0
2025-03-03 08:00,-12.4,-12.4,-12.4,12,1.0
2025-03-03 09:00,-12.42,-12.5,-12.4,12,1.0
2025-03-03 10:00,-12.44,-12.5,-12.4,12,1.0
2025-03-03 11:00,-12.48,-12.5,-12.4,12,1.0
2025-03-03 12:00,-12.5,-12.5,-12.5,12,1.0
2025-03-03 13:00,-12.5,-12.5,-12.5,12,1.0
2025-03-03 14:00,-12.57,-12.6,-12.5,12,1.0
2025-03-03 15:00,-12.62,-12.7,-12.6,12,1.0
2025-03-03 16:00,-12.78,-12.9,-12.7,12,1.0
2025-03-03 17:00,-13.04,-13.2,-12.9,12,1.0
2025-03-03 18:00,-13.42,-13.6,-13.3,12,1.0
2025-03-03 19:00,-13.76,-13.9,-13.6,12,1.0
2025-03-03 20:00,-14.04,-14.2,-13.9,12,1.0
2025-03-03 21:00,-14.28,-14.4,-14.2,12,1.0
2025-03-03 22:00,-14.47,-14.6,-14.4,12,1.0
2025-03-03 23:00,-14.63,-14.7,-14.6,12,1.0
2025-03-04 00:00,-14.76,-14.8,-14.7,12,1.0
2025-03-04 01:00,-14.88,-14.9,-14.8,12,1.0
2025-03-04 02:00,-14.98,-15.0,-14.9,12,1.0
2025-03-04 03:00,-15.1,-15.1,-15.1,12,1.0
2025-03-04 04:00,-15.15,-15.2,-15.1,12,1.0
2025-03-04 05:00,-15.24,-15.3,-15.2,12,1.0
2025-03-04 06:00,-15.32,-15.4,-15.3,12,1.0
2025-03-04 07:00,-15.4,-15.4,-15.4,12,1.0
2025-03-04 08:00,-15.49,-15.5,-15.4,12,1.0
2025-03-04 09:00,-15.5,-15.5,-15.5,12,1.0
2025-03-04 10:00,-15.5,-15.5,-15.5,12,1.0
2025-03-04 11:00,-15.5,-15.5,-15.5,12,1.0
2025-03-04 12:00,-15.43,-15.5,-15.4,12,1.0
2025-03-04 13:00,-15.33,-15.4,-15.3,12,1.0
2025-03-04 14:00,-15.3,-15.3,-15.3,12,1.0
2025-03-04 15:00,-15.31,-15.4,-15.3,12,1.0
2025-03-04 16:00,-15.42,-15.5,-15.4,12,1.0
2025-03-04 17:00,-15.59,-15.7,-15.5,12,1.0
2025-03-04 18:00,-15.81,-15.9,-15.7,12,1.0
2025-03-04 19:00,-16.04,-16.2,-15.9,12,1.0
2025-03-04 20:00,-16.31,-16.4,-16.2,12,1.0
2025-03-04 21:00,-16.52,-16.6,-16.4,12,1.0
2025-03-04 22:00,-16.72,-16.8,-16.6,12,1.0
2025-03-04 23:00,-16.87,-16.9,-16.8,12,1.0
2025-03-05 00:00,-16.98,-17.0,-16.9,12,1.0
2025-03-05 01:00,-17.12,-17.2,-17.1,12,1.0
2025-03-05 02:00,-17.23,-17.3,-17.2,12,1.0
2025-03-05 03:00,-17.32,-17.4,-17.3,12,1.0
2025-03-05 04:00,-17.4,-17.4,-17.4,12,1.0
2025-03-05 05:00,-17.45,-17.5,-17.4,12,1.0
2025-03-05 06:00,-17.55,-17.6,-17.5,12,1.0
2025-03-05 07:00,-17.6,-17.6,-17.6,12,1.0
2025-03-05 08:00,-17.7,-17.7,-17.7,12,1.0
2025-03-05 09:00,-17.75,-17.8,-17.7,12,1.0
2025-03-05 10:00,-17.72,-17.8,-17.7,12,1.0
2025-03-05 11:00,-17.67,-17.7,-17.6,12,1.0
2025-03-05 12:00,-17.52,-17.6,-17.4,12,1.0
2025-03-05 13:00,-17.34,-17.4,-17.3,12,1.0
2025-03-05 14:00,-17.22,-17.3,-17.2,12,1.0
2025-03-05 15:00,-17.22,-17.3,-17.2,12,1.0
2025-03-05 16:00,-17.34,-17.4,-17.3,12,1.0
2025-03-05 17:00,-17.54,-17.7,-17.4,12,1.0
2025-03-05 18:00,-17.8,-17.9,-17.7,12,1.0
2025-03-05 19:00,-18.01,-18.1,-17.9,12,1.0
2025-03-05 20:00,-18.23,-18.3,-18.1,12,1.0
2025-03-05 21:00,-18.45,-18.5,-18.4,12,1.0
2025-03-05 22:00,-18.64,-18.7,-18.6,12,1.0
2025-03-05 23:00,-18.79,-18.9,-18.7,12,1.0
2025-03-06 00:00,-18.93,-19.0,-18.9,12,1.0
2025-03-06 01:00,-19.04,-19.1,-19.0,12,1.0
2025-03-06 02:00,-19.14,-19.2,-19.1,12,1.0
2025-03-06 03:00,-19.25,-19.3,-19.2,12,1.0
2025-03-06 04:00,-19.33,-19.4,-19.3,12,1.0
2025-03-06 05:00,-19.43,-19.5,-19.4,12,1.0
2025-03-06 06:00,-19.5,-19.5,-19.5,12,1.0
2025-03-06 07:00,-19.6,-19.6,-19.6,12,1.0
2025-03-06 08:00,-19.62,-19.7,-19.6,12,1.0
2025-03-06 09:00,-19.69,-19.7,-19.6,12,1.0
2025-03-06 10:00,-19.69,-19.7,-19.6,12,1.0
2025-03-06 11:00,-19.61,-19.7,-19.6,12,1.0
2025-03-06 12:00,-19.43,-19.5,-19.3,12,1.0
2025-03-06 13:00,-19.23,-19.3,-19.2,12,1.0
2025-03-06 14:00,-19.11,-19.2,-19.1,12,1.0
2025-03-06 15:00,-19.09,-19.1,-19.0,12,1.0
2025-03-06 16:00,-19.17,-19.2,-19.1,12,1.0
2025-03-06 17:00,-19.37,-19.5,-19.3,12,1.0
2025-03-06 18:00,-19.6,-19.7,-19.5,12,1.0
2025-03-06 19:00,-19.88,-20.0,-19.8,12,1.0
2025-03-06 20:00,-20.06,-20.1,-20.0,12,1.0
2025-03-06 21:00,-20.26,-20.4,-20.2,12,1.0
2025-03-06 22:00,-20.45,-20.5,-20.4,12,1.0
2025-03-06 23:00,-20.59,-20.7,-20.5,12,1.0
2025-03-07 00:00,-20.72,-20.8,-20.7,12,1.0
2025-03-07 01:00,-20.85,-20.9,-20.8,12,1.0
2025-03-07 02:00,-20.93,-21.0,-20.9,12,1.0
2025-03-07 03:00,-21.04,-21.1,-21.0,12,1.0
2025-03-07 04:00,-21.13,-21.2,-21.1,12,1.0
2025-03-07 05:00,-21.2,-21.2,-21.2,12,1.0
2025-03-07 06:00,-21.29,-21.3,-21.2,12,1.0
2025-03-07 07:00,-21.38,-21.4,-21.3,12,1.0
2025-03-07 08:00,-21.4,-21.4,-21.4,12,1.0
2025-03-07 09:00,-21.43,-21.5,-21.4,12,1.0
2025-03-07 10:00,-21.4,-21.4,-21.4,12,1.0
2025-03-07 11:00,-21.3,-21.4,-21.2,12,1.0
2025-03-07 12:00,-21.14,-21.2,-21.1,12,1.0
2025-03-07 13:00,-21.02,-21.1,-21.0,12,1.0
2025-03-07 14:00,-20.9,-20.9,-20.9,12,1.0
2025-03-07 15:00,-20.95,-21.0,-20.9,12,1.0
2025-03-07 16:00,-21.05,-21.1,-21.0,12,1.0
2025-03-07 17:00,-21.22,-21.3,-21.1,12,1.0
2025-03-07 18:00,-21.42,-21.5,-21.3,12,1.0
2025-03-07 19:00,-21.62,-21.7,-21.5,12,1.0
2025-03-07 20:00,-21.78,-21.9,-21.7,12,1.0
2025-03-07 21:00,-21.96,-22.0,-21.9,12,1.0
2025-03-07 22:00,-22.08,-22.2,-22.0,12,1.0
2025-03-07 23:00,-22.23,-22.3,-22.2,12,1.0
2025-03-08 00:00,-22.35,-22.4,-22.3,12,1.0
2025-03-08 01:00,-22.47,-22.5,-22.4,12,1.0
2025-03-08 02:00,-22.57,-22.6,-22.5,12,1.0
2025-03-08 03:00,-22.65,-22.7,-22.6,12,1.0
2025-03-08 04:00,-22.74,-22.8,-22.7,12,1.0
2025-03-08 05:00,-22.83,-22.9,-22.8,12,1.0
2025-03-08 06:00,-22.92,-23.0,-22.9,12,1.0
2025-03-08 07:00,-22.98,-23.0,-22.9,12,1.0
2025-03-08 08:00,-23.08,-23.1,-23.0,12,1.0
2025-03-08 09:00,-23.11,-23.2,-23.1,12,1.0
2025-03-08 10:00,-23.1,-23.1,-23.1,12,1.0
2025-03-08 11:00,-23.02,-23.1,-23.0,12,1.0
2025-03-08 12:00,-22.86,-23.0,-22.8,12,1.0
2025-03-08 13:00,-22.8,-22.8,-22.8,12,1.0
2025-03-08 14:00,-22.86,-22.9,-22.8,12,1.0
2025-03-08 15:00,-22.97,-23.0,-22.9,12,1.0
2025-03-08 16:00,-23.08,-23.1,-23.0,12,1.0
2025-03-08 17:00,-23.2,-23.3,-23.1,12,1.0
2025-03-08 18:00,-23.32,-23.4,-23.3,12,1.0
2025-03-08 19:00,-23.47,-23.5,-23.4,12,1.0
2025-03-08 20:00,-23.62,-23.7,-23.6,12,1.0
2025-03-08 21:00,-23.74,-23.8,-23.7,12,1.0
2025-03-08 22:00,-23.87,-23.9,-23.8,12,1.0
2025-03-08 23:00,-23.97,-24.0,-23.9,12,1.0
2025-03-09 00:00,-24.07,-24.1,-24.0,12,1.0
2025-03-09 01:00,-24.18,-24.2,-24.1,12,1.0
2025-03-09 02:00,-24.23,-24.3,-24.2,12,1.0
2025-03-09 03:00,-24.33,-24.4,-24.3,12,1.0
2025-03-09 04:00,-24.41,-24.5,-24.4,12,1.0
2025-03-09 05:00,-24.47,-24.5,-24.4,12,1.0
2025-03-09 06:00,-24.53,-24.6,-24.5,12,1.0
2025-03-09 07:00,-24.6,-24.6,-24.6,12,1.0
2025-03-09 08:00,-24.68,-24.7,-24.6,12,1.0
2025-03-09 09:00,-24.7,-24.7,-24.7,12,1.0
2025-03-09 10:00,-24.67,-24.7,-24.6,12,1.0
2025-03-09 11:00,-24.5,-24.6,-24.4,12,1.0
2025-03-09 12:00,-24.22,-24.4,-24.1,12,1.0
2025-03-09 13:00,-23.99,-24.1,-23.9,12,1.0
2025-03-09 14:00,-23.78,-23.9,-23.7,12,1.0
2025-03-09 15:00,-23.7,-23.8,-23.6,12,1.0
2025-03-09 16:00,-23.72,-23.8,-23.7,12,1.0
2025-03-09 17:00,-23.91,-24.0,-23.8,12,1.0
2025-03-09 18:00,-24.18,-24.3,-24.0,12,1.0
2025-03-09 19:00,-24.43,-24.5,-24.4,12,1.0
2025-03-09 20:00,-24.66,-24.7,-24.6,12,1.0
2025-03-09 21:00,-24.82,-24.9,-24.7,12,1.0
2025-03-09 22:00,-24.97,-25.0,-24.9,12,1.0
2025-03-09 23:00,-25.07,-25.1,-25.0,12,1.0
2025-03-10 00:00,-25.17,-25.2,-25.1,12,1.0
2025-03-10 01:00,-25.29,-25.4,-25.2,12,1.0
2025-03-10 02:00,-25.42,-25.5,-25.4,12,1.0
2025-03-10 03:00,-25.51,-25.6,-25.5,12,1.0
2025-03-10 04:00,-25.59,-25.7,-25.5,12,1.0
2025-03-10 05:00,-25.65,-25.7,-25.6,12,1.0
2025-03-10 06:00,-25.71,-25.8,-25.7,12,1.0
2025-03-10 07:00,-25.79,-25.8,-25.7,12,1.0
2025-03-10 08:00,-25.86,-25.9,-25.8,12,1.0
2025-03-10 09:00,-25.9,-25.9,-25.9,12,1.0
2025-03-10 10:00,-25.83,-25.9,-25.8,12,1.0
2025-03-10 11:00,-25.71,-25.8,-25.6,12,1.0
2025-03-10 12:00,-25.52,-25.6,-25.5,12,1.0
2025-03-10 13:00,-25.38,-25.4,-25.3,12,1.0
2025-03-10 14:00,-25.19,-25.3,-25.1,12,1.0
2025-03-10 15:00,-25.12,-25.2,-25.1,12,1.0
2025-03-10 16:00,-25.3,-25.4,-25.2,12,1.0
2025-03-10 17:00,-25.49,-25.6,-25.4,12,1.0
2025-03-10 18:00,-25.69,-25.8,-25.6,12,1.0
2025-03-10 19:00,-25.88,-26.0,-25.8,12,1.0
2025-03-10 20:00,-26.04,-26.1,-26.0,12,1.0
2025-03-10 21:00,-26.16,-26.3,-26.1,12,1.0
2025-03-10 22:00,-26.31,-26.4,-26.3,12,1.0
2025-03-10 23:00,-26.4,-26.4,-26.4,12,1.0
2025-03-11 00:00,-26.51,-26.6,-26.5,12,1.0
2025-03-11 01:00,-26.5,-26.5,-26.5,12,1.0
2025-03-11 02:00,-26.48,-26.5,-26.4,12,1.0
2025-03-11 03:00,-26.37,-26.4,-26.3,12,1.0
2025-03-11 04:00,-23.35,-26.3,-15.4,12,1.0
2025-03-11 05:00,-9.98,-14.1,-6.7,12,1.0
2025-03-11 06:00,-4.8,-6.4,-3.0,12,1.0
2025-03-11 07:00,-2.5,-2.8,-2.4,12,1.0
2025-03-11 08:00,-2.31,-2.4,-2.3,12,1.0
2025-03-11 09:00,-2.36,-2.4,-2.3,12,1.0
2025-03-11 10:00,-2.47,-2.6,-2.4,12,1.0
2025-03-11 11:00,-2.72,-2.9,-2.6,12,1.0
2025-03-11 12:00,-3.13,-3.4,-2.9,12,1.0
2025-03-11 13:00,-3.81,-4.2,-3.4,12,1.0
2025-03-11 14:00,-4.82,-5.2,-4.3,12,1.0
2025-03-11 15:00,-5.62,-6.0,-5.3,12,1.0
2025-03-11 16:00,-6.58,-7.1,-6.1,12,1.0
2025-03-11 17:00,-7.77,-8.3,-7.2,12,1.0
2025-03-11 18:00,-9.16,-9.8,-8.5,12,1.0
2025-03-11 19:00,-10.17,-10.4,-9.9,12,1.0
2025-03-11 20:00,-10.57,-10.7,-10.4,12,1.0
2025-03-11 21:00,-10.88,-11.0,-10.7,12,1.0
2025-03-11 22:00,-11.13,-11.2,-11.0,12,1.0
2025-03-11 23:00,-11.32,-11.4,-11.2,12,1.0
2025-03-12 00:00,-11.47,-11.5,-11.4,12,1.0
2025-03-12 01:00,-11.59,-11.7,-11.5,12,1.0
2025-03-12 02:00,-11.73,-11.8,-11.7,12,1.0
2025-03-12 03:00,-11.83,-11.9,-11.8,12,1.0
2025-03-12 04:00,-11.94,-12.0,-11.9,12,1.0
2025-03-12 05:00,-12.05,-12.1,-12.0,12,1.0
2025-03-12 06:00,-12.15,-12.2,-12.1,12,1.0
2025-03-12 07:00,-12.26,-12.3,-12.2,12,1.0
2025-03-12 08:00,-12.35,-12.4,-12.3,12,1.0
2025-03-12 09:00,-12.4,-12.4,-12.4,12,1.0
2025-03-12 10:00,-12.5,-12.5,-12.5,12,1.0
2025-03-12 11:00,-12.6,-12.6,-12.6,12,1.0
2025-03-12 12:00,-12.74,-12.8,-12.7,12,1.0
2025-03-12 13:00,-12.92,-13.0,-12.8,12,1.0
2025-03-12 14:00,-13.18,-13.3,-13.1,12,1.0
2025-03-12 15:00,-13.5,-13.6,-13.4,12,1.0
2025-03-12 16:00,-13.84,-14.0,-13.7,12,1.0
2025-03-12 17:00,-14.14,-14.3,-14.0,12,1.0
2025-03-12 18:00,-14.41,-14.5,-14.3,12,1.0
2025-03-12 19:00,-14.65,-14.7,-14.6,12,1.0
2025-03-12 20:00,-14.22,-14.7,-13.5,12,1.0
2025-03-12 21:00,-12.5,-13.3,-11.8,12,1.0
2025-03-12 22:00,-11.17,-11.7,-10.5,12,1.0
2025-03-12 23:00,-7.88,-10.3,-5.8,12,1.0
2025-03-13 00:00,-4.42,-5.6,-3.4,12,1.0
2025-03-13 01:00,-3.11,-3.4,-2.9,12,1.0
2025-03-13 02:00,-2.47,-2.9,-1.8,12,1.0
2025-03-13 03:00,-1.48,-1.7,-1.3,12,1.0
2025-03-13 04:00,-1.25,-1.3,-1.2,12,1.0
2025-03-13 05:00,-1.11,-1.2,-1.1,12,1.0
2025-03-13 06:00,-1.1,-1.1,-1.1,12,1.0
2025-03-13 07:00,-1.1,-1.1,-1.1,12,1.0
2025-03-13 08:00,-1.18,-1.2,-1.1,12,1.0
2025-03-13 09:00,-1.2,-1.2,-1.2,12,1.0
2025-03-13 10:00,-1.3,-1.3,-1.3,12,1.0
2025-03-13 11:00,-1.19,-1.3,-1.1,12,1.0
2025-03-13 12:00,-1.11,-1.2,-1.1,12,1.0
2025-03-13 13:00,-1.22,-1.3,-1.2,12,1.0
2025-03-13 14:00,-1.34,-1.4,-1.3,12,1.0
2025-03-13 15:00,-1.49,-1.6,-1.4,12,1.0
2025-03-13 16:00,-1.64,-1.7,-1.6,12,1.0
2025-03-13 17:00,-1.8,-1.9,-1.7,12,1.0
2025-03-13 18:00,-1.77,-1.9,-1.5,12,1.0
2025-03-13 19:00,-1.37,-1.5,-1.3,12,1.0
2025-03-13 20:00,-1.26,-1.3,-1.2,12,1.0
2025-03-13 21:00,-1.11,-1.2,-1.1,12,1.0
2025-03-13 22:00,-1.1,-1.1,-1.1,12,1.0
2025-03-13 23:00,-1.1,-1.1,-1.1,12,1.0
2025-03-14 00:00,-1.2,-1.2,-1.2,12,1.0
2025-03-14 01:00,-1.17,-1.2,-1.1,12,1.0
2025-03-14 02:00,-0.82,-1.1,-0.5,12,1.0
2025-03-14 03:00,-0.42,-0.5,-0.4,12,1.0
2025-03-14 04:00,-0.31,-0.4,-0.3,12,1.0
2025-03-14 05:00,-0.34,-0.4,-0.3,12,1.0
2025-03-14 06:00,-0.34,-0.4,-0.3,12,1.0
2025-03-14 07:00,-0.3,-0.3,-0.3,12,1.0
2025-03-14 08:00,-0.34,-0.4,-0.3,12,1.0
2025-03-14 09:00,-0.4,-0.4,-0.4,12,1.0
2025-03-14 10:00,-0.4,-0.4,-0.4,12,1.0
2025-03-14 11:00,-0.4,-0.4,-0.4,12,1.0
2025-03-14 12:00,-0.48,-0.5,-0.4,12,1.0
2025-03-14 13:00,-0.5,-0.5,-0.5,12,1.0
2025-03-14 14:00,-0.54,-0.6,-0.5,12,1.0
2025-03-14 15:00,-0.6,-0.6,-0.6,12,1.0
2025-03-14 16:00,-0.68,-0.7,-0.6,12,1.0
2025-03-14 17:00,-0.7,-0.7,-0.7,12,1.0
2025-03-14 18:00,-0.8,-0.8,-0.8,12,1.0
2025-03-14 19:00,-0.83,-0.9,-0.8,12,1.0
2025-03-14 20:00,-0.9,-0.9,-0.9,12,1.0
2025-03-14 21:00,-0.95,-1.0,-0.9,12,1.0
2025-03-14 22:00,-1.0,-1.0,-1.0,12,1.0
2025-03-14 23:00,-1.08,-1.1,-1.0,12,1.0
2025-03-15 00:00,-1.12,-1.2,-1.1,12,1.0
2025-03-15 01:00,-1.2,-1.2,-1.2,12,1.0
2025-03-15 02:00,-1.28,-1.3,-1.2,12,1.0
2025-03-15 03:00,-1.35,-1.4,-1.3,12,1.0
2025-03-15 04:00,-1.42,-1.5,-1.4,12,1.0
2025-03-15 05:00,-1.5,-1.5,-1.5,12,1.0
2025-03-15 06:00,-1.58,-1.6,-1.5,12,1.0
2025-03-15 07:00,-1.65,-1.7,-1.6,12,1.0
2025-03-15 08:00,-1.73,-1.8,-1.7,12,1.0
2025-03-15 09:00,-1.82,-1.9,-1.8,12,1.0
2025-03-15 10:00,-1.94,-2.0,-1.9,12,1.0
2025-03-15 11:00,-2.08,-2.2,-2.0,12,1.0
2025-03-15 12:00,-2.26,-2.3,-2.2,12,1.0
2025-03-15 13:00,-2.48,-2.6,-2.4,12,1.0
2025-03-15 14:00,-2.75,-2.9,-2.6,12,1.0
2025-03-15 15:00,-3.08,-3.3,-2.9,12,1.0
2025-03-15 16:00,-3.58,-3.9,-3.3,12,1.0
2025-03-15 17:00,-4.27,-4.6,-3.9,12,1.0
2025-03-15 18:00,-5.02,-5.2,-4.7,12,1.0
2025-03-15 19:00,-5.48,-5.7,-5.3,12,1.0
2025-03-15 20:00,-5.91,-6.1,-5.7,12,1.0
2025-03-15 21:00,-6.33,-6.5,-6.2,12,1.0
2025-03-15 22:00,-6.68,-6.8,-6.5,12,1.0
2025-03-15 23:00,-7.01,-7.1,-6.9,12,1.0
2025-03-16 00:00,-7.28,-7.4,-7.2,12,1.0
2025-03-16 01:00,-7.52,-7.6,-7.4,12,1.0
2025-03-16 02:00,-7.66,-7.7,-7.6,12,1.0
2025-03-16 03:00,-7.79,-7.8,-7.7,12,1.0
2025-03-16 04:00,-7.42,-7.8,-6.8,12,1.0
2025-03-16 05:00,-5.99,-6.7,-5.4,12,1.0
2025-03-16 06:00,-5.12,-5.4,-4.9,12,1.0
2025-03-16 07:00,-4.69,-4.9,-4.6,12,1.0
2025-03-16 08:00,-4.6,-4.6,-4.6,12,1.0
2025-03-16 09:00,-4.68,-4.7,-4.6,12,1.0
2025-03-16 10:00,-4.85,-5.0,-4.7,12,1.0
2025-03-16 11:00,-5.1,-5.2,-5.0,12,1.0
2025-03-16 12:00,-5.35,-5.5,-5.2,12,1.0
2025-03-16 13:00,-5.67,-5.8,-5.5,12,1.0
2025-03-16 14:00,-6.08,-6.3,-5.9,12,1.0
2025-03-16 15:00,-6.68,-7.0,-6.4,12,1.0
2025-03-16 16:00,-7.44,-7.8,-7.1,12,1.0
2025-03-16 17:00,-8.17,-8.5,-7.8,12,1.0
2025-03-16 18:00,-9.02,-9.4,-8.6,12,1.0
2025-03-16 19:00,-9.84,-10.1,-9.5,12,1.0
2025-03-16 20:00,-10.0,-10.1,-9.9,12,1.0
2025-03-16 21:00,-9.67,-9.9,-9.4,12,1.0
2025-03-16 22:00,-9.14,-9.4,-8.9,12,1.0
2025-03-16 23:00,-8.83,-8.9,-8.8,12,1.0
2025-03-17 00:00,-8.76,-8.8,-8.7,12,1.0
2025-03-17 01:00,-8.71,-8.8,-8.7,12,1.0
2025-03-17 02:00,-8.4,-8.7,-7.9,12,1.0
2025-03-17 03:00,-7.33,-7.8,-6.9,12,1.0
2025-03-17 04:00,-6.45,-6.9,-6.1,12,1.0
2025-03-17 05:00,-5.93,-6.1,-5.8,12,1.0
2025-03-17 06:00,-5.8,-5.8,-5.8,12,1.0
2025-03-17 07:00,-5.83,-5.9,-5.8,12,1.0
2025-03-17 08:00,-5.9,-5.9,-5.9,12,1.0
2025-03-17 09:00,-5.95,-6.0,-5.9,12,1.0
2025-03-17 10:00,-6.03,-6.1,-6.0,12,1.0
2025-03-17 11:00,-6.3,-6.5,-6.1,12,1.0
2025-03-17 12:00,-6.78,-7.0,-6.6,12,1.0
2025-03-17 13:00,-7.35,-7.7,-7.1,12,1.0
2025-03-17 14:00,-8.07,-8.4,-7.7,12,1.0
2025-03-17 15:00,-8.79,-9.1,-8.5,12,1.0
2025-03-17 16:00,-9.26,-9.4,-9.1,12,1.0
2025-03-17 17:00,-9.6,-9.8,-9.4,12,1.0
2025-03-17 18:00,-9.97,-10.1,-9.8,12,1.0
2025-03-17 19:00,-10.14,-10.2,-10.1,12,1.0
2025-03-17 20:00,-10.27,-10.3,-10.2,12,1.0
2025-03-17 21:00,-10.4,-10.4,-10.4,12,1.0
2025-03-17 22:00,-10.5,-10.5,-10.5,12,1.0
2025-03-17 23:00,-10.59,-10.6,-10.5,12,1.0
2025-03-18 00:00,-10.65,-10.7,-10.6,12,1.0
2025-03-18 01:00,-10.7,-10.7,-10.7,12,1.0
2025-03-18 02:00,-10.77,-10.8,-10.7,12,1.0
2025-03-18 03:00,-10.81,-10.9,-10.8,12,1.0
2025-03-18 04:00,-10.9,-10.9,-10.9,12,1.0
2025-03-18 05:00,-10.99,-11.0,-10.9,12,1.0
2025-03-18 06:00,-11.08,-11.1,-11.0,12,1.0
2025-03-18 07:00,-11.2,-11.2,-11.2,12,1.0
2025-03-18 08:00,-11.28,-11.3,-11.2,12,1.0
2025-03-18 09:00,-11.37,-11.4,-11.3,12,1.0
2025-03-18 10:00,-11.4,-11.4,-11.4,12,1.0
2025-03-18 11:00,-11.42,-11.5,-11.4,12,1.0
2025-03-18 12:00,-11.5,-11.5,-11.5,12,1.0
2025-03-18 13:00,-11.58,-11.7,-11.5,12,1.0
2025-03-18 14:00,-11.78,-11.9,-11.7,12,1.0
2025-03-18 15:00,-12.05,-12.2,-11.9,12,1.0
2025-03-18 16:00,-12.41,-12.6,-12.2,12,1.0
2025-03-18 17:00,-12.88,-13.1,-12.6,12,1.0
2025-03-18 18:00,-13.38,-13.6,-13.2,12,1.0
2025-03-18 19:00,-13.78,-13.9,-13.6,12,1.0
2025-03-18 20:00,-14.12,-14.3,-14.0,12,1.0
2025-03-18 21:00,-14.41,-14.5,-14.3,12,1.0
2025-03-18 22:00,-14.64,-14.7,-14.5,12,1.0
2025-03-18 23:00,-14.86,-14.9,-14.8,12,1.0
2025-03-19 00:00,-15.02,-15.1,-14.9,12,1.0
2025-03-19 01:00,-15.22,-15.3,-15.1,12,1.0
2025-03-19 02:00,-15.36,-15.4,-15.3,12,1.0
2025-03-19 03:00,-15.5,-15.6,-15.4,12,1.0
2025-03-19 04:00,-15.64,-15.7,-15.6,12,1.0
2025-03-19 05:00,-15.78,-15.8,-15.7,12,1.0
2025-03-19 06:00,-15.92,-16.0,-15.8,12,1.0
2025-03-19 07:00,-16.03,-16.1,-16.0,12,1.0
2025-03-19 08:00,-16.12,-16.2,-16.1,12,1.0
2025-03-19 09:00,-16.2,-16.2,-16.2,12,1.0
2025-03-19 10:00,-16.2,-16.2,-16.2,12,1.0
2025-03-19 11:00,-16.11,-16.2,-16.1,12,1.0
2025-03-19 12:00,-16.03,-16.1,-16.0,12,1.0
2025-03-19 13:00,-16.0,-16.0,-16.0,12,1.0
2025-03-19 14:00,-16.0,-16.0,-16.0,12,1.0
2025-03-19 15:00,-16.08,-16.2,-16.0,12,1.0
2025-03-19 16:00,-16.28,-16.4,-16.2,12,1.0
2025-03-19 17:00,-16.53,-16.7,-16.4,12,1.0
2025-03-19 18:00,-16.85,-17.0,-16.7,12,1.0
2025-03-19 19:00,-17.21,-17.4,-17.0,12,1.0
2025-03-19 20:00,-17.53,-17.7,-17.4,12,1.0
2025-03-19 21:00,-17.8,-17.9,-17.7,12,1.0
2025-03-19 22:00,-18.03,-18.1,-17.9,12,1.0
2025-03-19 23:00,-18.22,-18.3,-18.2,12,1.0
2025-03-20 00:00,-18.37,-18.5,-18.3,11,0.917
2025-03-20 01:00,-18.53,-18.6,-18.5,12,1.0
2025-03-20 02:00,-18.69,-18.8,-18.6,12,1.0
2025-03-20 03:00,-18.82,-18.9,-18.8,12,1.0
2025-03-20 04:00,-18.95,-19.0,-18.9,12,1.0
2025-03-20 05:00,-19.1,-19.2,-19.0,12,1.0
2025-03-20 06:00,-19.22,-19.3,-19.2,12,1.0
2025-03-20 07:00,-19.32,-19.4,-19.3,12,1.0
2025-03-20 08:00,-19.42,-19.5,-19.4,12,1.0
2025-03-20 09:00,-19.5,-19.5,-19.5,12,1.0
2025-03-20 10:00,-19.47,-19.5,-19.4,12,1.0
2025-03-20 11:00,-19.4,-19.5,-19.3,12,1.0
2025-03-20 12:00,-19.24,-19.3,-19.2,12,1.0
2025-03-20 13:00,-19.08,-19.2,-19.0,12,1.0
2025-03-20 14:00,-19.0,-19.0,-19.0,12,1.0
2025-03-20 15:00,-19.04,-19.1,-19.0,12,1.0
2025-03-20 16:00,-19.19,-19.3,-19.1,12,1.0
2025-03-20 17:00,-19.48,-19.6,-19.3,12,1.0
2025-03-20 18:00,-19.76,-19.8,-19.7,12,1.0
2025-03-20 19:00,-20.01,-20.1,-19.9,12,1.0
2025-03-20 20:00,-20.27,-20.4,-20.1,12,1.0
2025-03-20 21:00,-20.51,-20.6,-20.4,12,1.0
2025-03-20 22:00,-20.7,-20.8,-20.6,12,1.0
2025-03-20 23:00,-20.89,-21.0,-20.8,12,1.0
2025-03-21 00:00,-21.06,-21.1,-21.0,12,1.0
2025-03-21 01:00,-21.21,-21.3,-21.1,12,1.0
2025-03-21 02:00,-21.32,-21.4,-21.3,12,1.0
2025-03-21 03:00,-21.45,-21.5,-21.4,12,1.0
2025-03-21 04:00,-21.56,-21.6,-21.5,12,1.0
2025-03-21 05:00,-21.68,-21.7,-21.6,12,1.0
2025-03-21 06:00,-21.79,-21.8,-21.7,12,1.0
2025-03-21 07:00,-21.91,-22.0,-21.9,12,1.0
2025-03-21 08:00,-21.99,-22.0,-21.9,12,1.0
2025-03-21 09:00,-22.07,-22.1,-22.0,12,1.0
2025-03-21 10:00,-22.02,-22.1,-22.0,12,1.0
2025-03-21 11:00,-21.93,-22.0,-21.8,12,1.0
2025-03-21 12:00,-21.71,-21.8,-21.6,12,1.0
2025-03-21 13:00,-21.5,-21.6,-21.4,12,1.0
2025-03-21 14:00,-21.39,-21.4,-21.3,12,1.0
2025-03-21 15:00,-21.39,-21.5,-21.3,12,1.0
2025-03-21 16:00,-21.55,-21.7,-21.4,12,1.0
2025-03-21 17:00,-21.82,-21.9,-21.7,12,1.0
2025-03-21 18:00,-22.12,-22.2,-22.0,12,1.0
2025-03-21 19:00,-22.35,-22.4,-22.3,12,1.0
2025-03-21 20:00,-22.58,-22.7,-22.5,12,1.0
2025-03-21 21:00,-22.77,-22.9,-22.7,12,1.0
2025-03-21 22:00,-23.02,-23.1,-22.9,12,1.0
2025-03-21 23:00,-23.19,-23.3,-23.1,12,1.0
2025-03-22 00:00,-23.37,-23.4,-23.3,12,1.0
2025-03-22 01:00,-23.48,-23.6,-23.4,12,1.0
2025-03-22 02:00,-23.62,-23.7,-23.5,12,1.0
2025-03-22 03:00,-23.76,-23.8,-23.7,12,1.0
2025-03-22 04:00,-23.88,-24.0,-23.8,12,1.0
2025-03-22 05:00,-24.01,-24.1,-24.0,12,1.0
2025-03-22 06:00,-24.09,-24.1,-24.0,12,1.0
2025-03-22 07:00,-24.2,-24.2,-24.2,12,1.0
2025-03-22 08:00,-24.27,-24.3,-24.2,12,1.0
2025-03-22 09:00,-24.3,-24.3,-24.3,12,1.0
2025-03-22 10:00,-24.3,-24.3,-24.3,12,1.0
2025-03-22 11:00,-24.28,-24.3,-24.2,12,1.0
2025-03-22 12:00,-24.08,-24.2,-24.0,12,1.0
2025-03-22 13:00,-23.86,-24.0,-23.8,12,1.0
2025-03-22 14:00,-23.75,-23.8,-23.7,12,1.0
2025-03-22 15:00,-23.79,-23.8,-23.7,12,1.0
2025-03-22 16:00,-23.92,-24.0,-23.8,12,1.0
2025-03-22 17:00,-24.13,-24.2,-24.0,12,1.0
2025-03-22 18:00,-24.38,-24.5,-24.3,12,1.0
2025-03-22 19:00,-24.58,-24.7,-24.5,12,1.0
2025-03-22 20:00,-24.8,-24.9,-24.7,12,1.0
2025-03-22 21:00,-25.04,-25.1,-24.9,12,1.0
2025-03-22 22:00,-25.22,-25.3,-25.1,12,1.0
2025-03-22 23:00,-25.4,-25.5,-25.3,12,1.0
2025-03-23 00:00,-25.56,-25.6,-25.5,12,1.0
2025-03-23 01:00,-25.68,-25.8,-25.6,12,1.0
2025-03-23 02:00,-25.78,-25.8,-25.7,12,1.0
2025-03-23 03:00,-25.78,-25.8,-25.7,12,1.0
2025-03-23 04:00,-25.65,-25.7,-25.6,12,1.0
2025-03-23 05:00,-25.42,-25.6,-25.2,12,1.0
2025-03-23 06:00,-24.71,-25.1,-24.2,12,1.0
2025-03-23 07:00,-23.66,-24.1,-23.2,12,1.0
2025-03-23 08:00,-22.66,-23.1,-22.2,12,1.0
2025-03-23 09:00,-21.79,-22.2,-21.4,12,1.0
2025-03-23 10:00,-21.08,-21.3,-20.8,12,1.0
2025-03-23 11:00,-20.62,-20.8,-20.5,12,1.0
2025-03-23 12:00,-20.44,-20.5,-20.4,12,1.0
2025-03-23 13:00,-20.54,-20.6,-20.5,12,1.0
2025-03-23 14:00,-20.71,-20.8,-20.6,12,1.0
2025-03-23 15:00,-21.02,-21.2,-20.9,12,1.0
2025-03-23 16:00,-21.31,-21.4,-21.2,12,1.0
2025-03-23 17:00,-21.59,-21.8,-21.5,12,1.0
2025-03-23 18:00,-21.93,-22.1,-21.8,12,1.0
2025-03-23 19:00,-22.25,-22.4,-22.1,12,1.0
2025-03-23 20:00,-22.57,-22.7,-22.4,12,1.0
2025-03-23 21:00,-22.79,-22.9,-22.7,12,1.0
2025-03-23 22:00,-23.02,-23.1,-22.9,12,1.0
2025-03-23 23:00,-23.21,-23.3,-23.1,12,1.0
2025-03-24 00:00,-23.37,-23.4,-23.3,12,1.0
2025-03-24 01:00,-23.52,-23.6,-23.4,12,1.0
2025-03-24 02:00,-23.63,-23.7,-23.6,12,1.0
2025-03-24 03:00,-23.78,-23.8,-23.7,12,1.0
2025-03-24 04:00,-23.84,-23.9,-23.8,12,1.0
2025-03-24 05:00,-23.91,-24.0,-23.9,12,1.0
2025-03-24 06:00,-24.0,-24.1,-23.9,12,1.0
2025-03-24 07:00,-24.08,-24.1,-24.0,12,1.0
2025-03-24 08:00,-24.1,-24.1,-24.1,12,1.0
2025-03-24 09:00,-24.1,-24.1,-24.1,12,1.0
2025-03-24 10:00,-24.05,-24.1,-24.0,12,1.0
2025-03-24 11:00,-23.86,-24.0,-23.7,12,1.0
2025-03-24 12:00,-23.59,-23.7,-23.5,12,1.0
2025-03-24 13:00,-23.33,-23.4,-23.2,12,1.0
2025-03-24 14:00,-23.27,-23.4,-23.2,12,1.0
2025-03-24 15:00,-23.42,-23.5,-23.4,12,1.0
2025-03-24 16:00,-23.59,-23.7,-23.5,12,1.0
2025-03-24 17:00,-23.88,-24.0,-23.8,12,1.0
2025-03-24 18:00,-24.13,-24.2,-24.0,12,1.0
2025-03-24 19:00,-24.34,-24.4,-24.2,12,1.0
2025-03-24 20:00,-24.56,-24.6,-24.5,12,1.0
2025-03-24 21:00,-24.74,-24.8,-24.7,12,1.0
2025-03-24 22:00,-24.94,-25.0,-24.8,12,1.0
2025-03-24 23:00,-25.09,-25.2,-25.0,12,1.0
2025-03-25 00:00,-25.24,-25.3,-25.2,12,1.0
2025-03-25 01:00,-25.38,-25.4,-25.3,12,1.0
2025-03-25 02:00,-25.46,-25.5,-25.4,12,1.0
2025-03-25 03:00,-25.58,-25.6,-25.5,12,1.0
2025-03-25 04:00,-25.67,-25.7,-25.6,12,1.0
2025-03-25 05:00,-25.76,-25.8,-25.7,12,1.0
2025-03-25 06:00,-25.85,-25.9,-25.8,12,1.0
2025-03-25 07:00,-25.98,-26.0,-25.9,12,1.0
2025-03-25 08:00,-26.01,-26.1,-26.0,12,1.0
2025-03-25 09:00,-26.01,-26.1,-26.0,12,1.0
2025-03-25 10:00,-25.92,-26.0,-25.8,12,1.0
2025-03-25 11:00,-25.7,-25.8,-25.6,12,1.0
2025-03-25 12:00,-25.51,-25.6,-25.4,12,1.0
2025-03-25 13:00,-25.39,-25.5,-25.3,12,1.0
2025-03-25 14:00,-25.41,-25.5,-25.4,12,1.0
2025-03-25 15:00,-25.55,-25.7,-25.5,12,1.0
2025-03-25 16:00,-25.76,-25.9,-25.7,12,1.0
2025-03-25 17:00,-25.97,-26.1,-25.9,12,1.0
2025-03-25 18:00,-26.21,-26.3,-26.1,12,1.0
2025-03-25 19:00,-26.46,-26.6,-26.3,12,1.0
2025-03-25 20:00,-26.72,-26.8,-26.6,12,1.0
2025-03-25 21:00,-26.93,-27.0,-26.8,12,1.0
2025-03-25 22:00,-27.14,-27.2,-27.0,12,1.0
2025-03-25 23:00,-27.34,-27.4,-27.3,12,1.0
2025-03-26 00:00,-27.48,-27.5,-27.4,12,1.0
2025-03-26 01:00,-27.61,-27.7,-27.5,12,1.0
2025-03-26 02:00,-27.76,-27.8,-27.7,12,1.0
2025-03-26 03:00,-27.89,-28.0,-27.8,12,1.0
2025-03-26 04:00,-28.03,-28.1,-28.0,12,1.0
2025-03-26 05:00,-28.12,-28.2,-28.1,12,1.0
2025-03-26 06:00,-28.24,-28.3,-28.2,12,1.0
2025-03-26 07:00,-28.35,-28.4,-28.3,12,1.0
2025-03-26 08:00,-28.42,-28.5,-28.4,12,1.0
2025-03-26 09:00,-28.44,-28.5,-28.4,12,1.0
2025-03-26 10:00,-28.36,-28.4,-28.3,12,1.0
2025-03-26 11:00,-28.25,-28.3,-28.2,12,1.0
2025-03-26 12:00,-28.22,-28.3,-28.2,12,1.0
2025-03-26 13:00,-28.37,-28.4,-28.3,12,1.0
2025-03-26 14:00,-28.49,-28.5,-28.4,12,1.0
2025-03-26 15:00,-28.65,-28.7,-28.6,12,1.0
2025-03-26 16:00,-28.82,-28.9,-28.7,12,1.0
2025-03-26 17:00,-28.88,-28.9,-28.8,12,1.0
2025-03-26 18:00,-28.42,-28.8,-28.1,12,1.0
2025-03-26 19:00,-27.48,-28.0,-27.0,12,1.0
2025-03-26 20:00,-26.48,-27.0,-26.1,12,1.0
2025-03-26 21:00,-25.6,-26.0,-25.2,12,1.0
2025-03-26 22:00,-24.83,-25.2,-24.5,12,1.0
2025-03-26 23:00,-24.12,-24.4,-23.9,12,1.0
2025-03-27 00:00,-23.53,-23.8,-23.3,12,1.0
2025-03-27 01:00,-23.04,-23.3,-22.9,12,1.0
2025-03-27 02:00,-22.63,-22.8,-22.5,12,1.0
2025-03-27 03:00,-22.27,-22.4,-22.1,12,1.0
2025-03-27 04:00,-21.82,-22.0,-21.6,12,1.0
2025-03-27 05:00,-21.37,-21.6,-21.2,12,1.0
2025-03-27 06:00,-20.97,-21.1,-20.8,12,1.0
2025-03-27 07:00,-20.65,-20.8,-20.5,12,1.0
2025-03-27 08:00,-20.39,-20.5,-20.3,12,1.0
2025-03-27 09:00,-20.12,-20.2,-20.0,12,1.0
2025-03-27 10:00,-19.94,-20.0,-19.9,12,1.0
2025-03-27 11:00,-20.01,-20.1,-20.0,12,1.0
2025-03-27 12:00,-20.13,-20.2,-20.0,12,1.0
2025-03-27 13:00,-20.2,-20.2,-20.2,12,1.0
2025-03-27 14:00,-20.03,-20.2,-19.9,12,1.0
2025-03-27 15:00,-19.86,-19.9,-19.8,12,1.0
2025-03-27 16:00,-19.59,-19.8,-19.3,12,1.0
2025-03-27 17:00,-18.48,-19.2,-17.7,12,1.0
2025-03-27 18:00,-16.72,-17.5,-16.0,12,1.0
2025-03-27 19:00,-15.28,-15.8,-14.7,12,1.0
2025-03-27 20:00,-13.02,-14.5,-11.4,12,1.0
2025-03-27 21:00,-9.35,-11.1,-7.1,12,1.0
2025-03-27 22:00,-4.67,-6.7,-2.0,12,1.0
2025-03-27 23:00,-1.09,-1.7,-0.9,12,1.0
2025-03-28 00:00,-0.8,-0.8,-0.8,12,1.0
2025-03-28 01:00,-0.8,-0.8,-0.8,12,1.0
2025-03-28 02:00,-0.8,-0.8,-0.8,12,1.0
2025-03-28 03:00,-0.8,-0.8,-0.8,12,1.0
2025-03-28 04:00,-0.8,-0.8,-0.8,12,1.0
2025-03-28 05:00,-0.88,-0.9,-0.8,12,1.0
2025-03-28 06:00,-0.9,-0.9,-0.9,12,1.0
2025-03-28 07:00,-0.9,-0.9,-0.9,12,1.0
2025-03-28 08:00,-0.95,-1.0,-0.9,12,1.0
2025-03-28 09:00,-1.0,-1.0,-1.0,12,1.0
2025-03-28 10:00,-1.09,-1.1,-1.0,12,1.0
2025-03-28 11:00,-1.22,-1.3,-1.2,12,1.0
2025-03-28 12:00,-1.33,-1.4,-1.3,12,1.0
2025-03-28 13:00,-1.51,-1.6,-1.4,12,1.0
2025-03-28 14:00,-1.78,-1.9,-1.6,12,1.0
2025-03-28 15:00,-2.15,-2.3,-2.0,12,1.0
2025-03-28 16:00,-2.12,-2.2,-1.9,12,1.0
2025-03-28 17:00,-1.45,-1.9,-1.1,12,1.0
2025-03-28 18:00,-0.88,-1.0,-0.8,12,1.0
2025-03-28 19:00,-0.8,-0.8,-0.8,12,1.0
2025-03-28 20:00,-0.72,-0.8,-0.7,12,1.0
2025-03-28 21:00,-0.7,-0.7,-0.7,12,1.0
2025-03-28 22:00,-0.75,-0.8,-0.7,12,1.0
2025-03-28 23:00,-0.8,-0.8,-0.8,12,1.0
2025-03-29 00:00,-0.8,-0.8,-0.8,12,1.0
2025-03-29 01:00,-0.8,-0.8,-0.8,12,1.0
2025-03-29 02:00,-0.85,-0.9,-0.8,12,1.0
2025-03-29 03:00,-0.9,-0.9,-0.9,12,1.0
2025-03-29 04:00,-0.9,-0.9,-0.9,12,1.0
2025-03-29 05:00,-0.94,-1.0,-0.9,12,1.0
2025-03-29 06:00,-1.0,-1.0,-1.0,12,1.0
2025-03-29 07:00,-1.0,-1.0,-1.0,12,1.0
2025-03-29 08:00,-0.91,-1.0,-0.8,12,1.0
2025-03-29 09:00,-0.76,-0.8,-0.7,12,1.0
2025-03-29 10:00,-0.65,-0.7,-0.6,12,1.0
2025-03-29 11:00,-0.53,-0.6,-0.4,12,1.0
2025-03-29 12:00,-0.4,-0.4,-0.4,12,1.0
2025-03-29 13:00,-0.37,-0.4,-0.3,12,1.0
2025-03-29 14:00,-0.38,-0.4,-0.3,12,1.0
2025-03-29 15:00,-0.22,-0.3,-0.2,12,1.0
2025-03-29 16:00,-0.2,-0.2,-0.2,12,1.0
2025-03-29 17:00,-0.2,-0.2,-0.2,12,1.0
2025-03-29 18:00,-0.2,-0.2,-0.2,12,1.0
2025-03-29 19:00,-0.2,-0.2,-0.2,12,1.0
2025-03-29 20:00,-0.2,-0.2,-0.2,12,1.0
2025-03-29 21:00,-0.2,-0.2,-0.2,12,1.0
2025-03-29 22:00,-0.2,-0.2,-0.2,12,1.0
2025-03-29 23:00,-0.2,-0.2,-0.2,12,1.0
2025-03-30 00:00,-0.2,-0.2,-0.2,12,1.0
2025-03-30 01:00,-0.24,-0.3,-0.2,12,1.0
2025-03-30 02:00,-0.3,-0.3,-0.3,12,1.0
2025-03-30 03:00,-0.3,-0.3,-0.3,12,1.0
2025-03-30 04:00,-0.3,-0.3,-0.3,12,1.0
2025-03-30 05:00,-0.3,-0.3,-0.3,12,1.0
2025-03-30 06:00,-0.3,-0.3,-0.3,12,1.0
2025-03-30 07:00,-0.3,-0.3,-0.3,12,1.0
2025-03-30 08:00,-0.32,-0.4,-0.3,12,1.0
2025-03-30 09:00,-0.4,-0.4,-0.4,12,1.0
2025-03-30 10:00,-0.4,-0.4,-0.4,12,1.0
2025-03-30 11:00,-0.41,-0.5,-0.4,12,1.0
2025-03-30 12:00,-0.5,-0.5,-0.5,12,1.0
2025-03-30 13:00,-0.5,-0.5,-0.5,12,1.0
2025-03-30 14:00,-0.58,-0.6,-0.5,12,1.0
2025-03-30 15:00,-0.62,-0.7,-0.6,12,1.0
2025-03-30 16:00,-0.7,-0.7,-0.7,12,1.0
2025-03-30 17:00,-0.78,-0.8,-0.7,12,1.0
2025-03-30 18:00,-0.82,-0.9,-0.8,12,1.0
2025-03-30 19:00,-0.9,-0.9,-0.9,12,1.0
2025-03-30 20:00,-0.95,-1.0,-0.9,12,1.0
2025-03-30 21:00,-1.0,-1.0,-1.0,12,1.0
2025-03-30 22:00,-1.05,-1.1,-1.0,12,1.0
2025-03-30 23:00,-1.1,-1.1,-1.1,12,1.0
2025-03-31 00:00,-1.15,-1.2,-1.1,12,1.0
2025-03-31 01:00,-1.2,-1.2,-1.2,12,1.0
2025-03-31 02:00,-1.28,-1.3,-1.2,12,1.0
2025-03-31 03:00,-1.3,-1.3,-1.3,12,1.0
2025-03-31 04:00,-1.38,-1.4,-1.3,12,1.0
2025-03-31 05:00,-1.4,-1.4,-1.4,12,1.0
2025-03-31 06:00,-1.49,-1.5,-1.4,12,1.0
2025-03-31 07:00,-1.5,-1.5,-1.5,12,1.0
2025-03-31 08:00,-1.23,-1.4,-1.0,12,1.0
2025-03-31 09:00,-0.69,-0.9,-0.5,12,1.0
2025-03-31 10:00,-0.41,-0.5,-0.4,12,1.0
2025-03-31 11:00,-0.4,-0.4,-0.4,12,1.0
2025-03-31 12:00,-0.48,-0.5,-0.4,12,1.0
2025-03-31 13:00,-0.54,-0.6,-0.5,12,1.0
2025-03-31 14:00,-0.66,-0.7,-0.6,12,1.0
2025-03-31 15:00,-0.82,-0.9,-0.7,12,1.0
2025-03-31 16:00,-0.99,-1.1,-0.9,12,1.0
2025-03-31 17:00,-1.15,-1.2,-1.1,12,1.0
2025-03-31 18:00,-1.28,-1.3,-1.2,12,1.0
2025-03-31 19:00,-1.4,-1.5,-1.3,12,1.0
2025-03-31 20:00,-1.52,-1.6,-1.5,12,1.0
2025-03-31 21:00,-1.63,-1.7,-1.6,12,1.0
2025-03-31 22:00,-1.87,-1.9,-1.8,12,1.0
2025-03-31 23:00,-1.98,-2.0,-1.9,12,1.0
2025-04-01 00:00,-2.12,-2.2,-2.1,12,1.0
2025-04-01 01:00,-2.27,-2.4,-2.2,12,1.0
2025-04-01 02:00,-2.44,-2.5,-2.4,12,1.0
2025-04-01 03:00,-2.58,-2.6,-2.5,12,1.0
2025-04-01 04:00,-2.61,-2.7,-2.6,12,1.0
2025-04-01 05:00,-2.75,-2.8,-2.7,12,1.0
2025-04-01 06:00,-2.92,-3.0,-2.9,12,1.0
2025-04-01 07:00,-3.11,-3.2,-3.0,12,1.0
2025-04-01 08:00,-3.29,-3.4,-3.2,12,1.0
2025-04-01 09:00,-3.56,-3.7,-3.4,12,1.0
2025-04-01 10:00,-3.87,-4.1,-3.7,12,1.0
2025-04-01 11:00,-4.38,-4.7,-4.1,12,1.0
2025-04-01 12:00,-4.96,-5.1,-4.7,12,1.0
2025-04-01 13:00,-5.3,-5.5,-5.1,12,1.0
2025-04-01 14:00,-5.74,-6.0,-5.5,12,1.0
2025-04-01 15:00,-6.24,-6.5,-6.0,12,1.0
2025-04-01 16:00,-6.83,-7.2,-6.5,12,1.0
2025-04-01 17:00,-7.55,-7.8,-7.2,12,1.0
2025-04-01 18:00,-8.17,-8.4,-7.9,12,1.0
2025-04-01 19:00,-8.7,-8.9,-8.5,12,1.0
2025-04-01 20:00,-9.11,-9.3,-9.0,12,1.0
2025-04-01 21:00,-9.39,-9.5,-9.3,12,1.0
2025-04-01 22:00,-9.5,-9.5,-9.5,10,0.833
2025-04-01 23:00,-9.64,-9.8,-9.5,12,1.0
2025-04-02 00:00,-9.88,-10.0,-9.8,12,1.0
2025-04-02 01:00,-10.0,-10.0,-10.0,12,1.0
2025-04-02 02:00,-10.08,-10.1,-10.0,12,1.0
2025-04-02 03:00,-10.1,-10.1,-10.1,12,1.0
2025-04-02 04:00,-10.16,-10.2,-10.1,12,1.0
2025-04-02 05:00,-10.2,-10.2,-10.2,12,1.0
2025-04-02 06:00,-10.26,-10.3,-10.2,12,1.0
2025-04-02 07:00,-10.28,-10.3,-10.2,12,1.0
2025-04-02 08:00,-10.15,-10.2,-10.1,12,1.0
2025-04-02 09:00,-10.02,-10.1,-10.0,12,1.0
2025-04-02 10:00,-10.0,-10.0,-10.0,12,1.0
2025-04-02 11:00,-10.11,-10.2,-10.1,12,1.0
2025-04-02 12:00,-10.22,-10.3,-10.2,12,1.0
2025-04-02 13:00,-10.4,-10.5,-10.3,12,1.0
2025-04-02 14:00,-10.62,-10.7,-10.5,12,1.0
2025-04-02 15:00,-10.89,-11.0,-10.8,12,1.0
2025-04-02 16:00,-11.16,-11.3,-11.0,12,1.0
2025-04-02 17:00,-11.45,-11.6,-11.3,12,1.0
2025-04-02 18:00,-11.75,-11.9,-11.6,12,1.0
2025-04-02 19:00,-12.01,-12.1,-11.9,12,1.0
2025-04-02 20:00,-12.22,-12.3,-12.1,12,1.0
2025-04-02 21:00,-12.35,-12.4,-12.3,12,1.0
2025-04-02 22:00,-12.48,-12.5,-12.4,12,1.0
2025-04-02 23:00,-12.58,-12.6,-12.5,12,1.0
2025-04-03 00:00,-12.67,-12.7,-12.6,12,1.0
2025-04-03 01:00,-12.72,-12.8,-12.7,12,1.0
2025-04-03 02:00,-12.8,-12.8,-12.8,12,1.0
2025-04-03 03:00,-12.88,-12.9,-12.8,12,1.0
2025-04-03 04:00,-12.9,-12.9,-12.9,12,1.0
2025-04-03 05:00,-12.95,-13.0,-12.9,12,1.0
2025-04-03 06:00,-13.0,-13.0,-13.0,12,1.0
2025-04-03 07:00,-13.0,-13.0,-13.0,12,1.0
2025-04-03 08:00,-13.09,-13.1,-13.0,12,1.0
2025-04-03 09:00,-13.1,-13.1,-13.1,12,1.0
2025-04-03 10:00,-13.03,-13.1,-13.0,12,1.0
2025-04-03 11:00,-13.02,-13.1,-13.0,12,1.0
2025-04-03 12:00,-13.1,-13.1,-13.1,12,1.0
2025-04-03 13:00,-13.14,-13.2,-13.1,12,1.0
2025-04-03 14:00,-13.27,-13.4,-13.2,12,1.0
2025-04-03 15:00,-13.51,-13.6,-13.4,12,1.0
2025-04-03 16:00,-13.78,-13.9,-13.6,12,1.0
2025-04-03 17:00,-14.15,-14.3,-14.0,12,1.0
2025-04-03 18:00,-14.55,-14.7,-14.4,12,1.0
2025-04-03 19:00,-14.89,-15.0,-14.7,12,1.0
2025-04-03 20:00,-15.18,-15.3,-15.0,12,1.0
2025-04-03 21:00,-15.43,-15.5,-15.3,12,1.0
2025-04-03 22:00,-15.64,-15.8,-15.5,12,1.0
2025-04-03 23:00,-15.85,-15.9,-15.8,12,1.0
2025-04-04 00:00,-16.03,-16.1,-15.9,12,1.0
2025-04-04 01:00,-16.2,-16.3,-16.1,12,1.0
2025-04-04 02:00,-16.34,-16.4,-16.3,12,1.0
2025-04-04 03:00,-16.51,-16.6,-16.4,12,1.0
2025-04-04 04:00,-16.64,-16.7,-16.6,12,1.0
2025-04-04 05:00,-16.79,-16.9,-16.7,12,1.0
2025-04-04 06:00,-16.94,-17.0,-16.9,12,1.0
2025-04-04 07:00,-17.05,-17.1,-17.0,12,1.0
2025-04-04 08:00,-17.18,-17.2,-17.1,12,1.0
2025-04-04 09:00,-17.29,-17.3,-17.2,12,1.0
2025-04-04 10:00,-17.27,-17.3,-17.2,12,1.0
2025-04-04 11:00,-17.14,-17.2,-17.0,12,1.0
2025-04-04 12:00,-17.01,-17.1,-17.0,12,1.0
2025-04-04 13:00,-16.9,-16.9,-16.9,12,1.0
2025-04-04 14:00,-16.92,-17.0,-16.9,12,1.0
2025-04-04 15:00,-17.05,-17.1,-17.0,12,1.0
2025-04-04 16:00,-17.24,-17.4,-17.1,12,1.0
2025-04-04 17:00,-17.51,-17.6,-17.4,12,1.0
2025-04-04 18:00,-17.82,-18.0,-17.6,12,1.0
2025-04-04 19:00,-18.17,-18.3,-18.0,12,1.0
2025-04-04 20:00,-18.5,-18.6,-18.4,12,1.0
2025-04-04 21:00,-18.74,-18.9,-18.6,12,1.0
2025-04-04 22:00,-18.97,-19.1,-18.9,12,1.0
2025-04-04 23:00,-19.18,-19.3,-19.1,12,1.0
2025-04-05 00:00,-19.36,-19.4,-19.3,12,1.0
2025-04-05 01:00,-19.52,-19.6,-19.4,12,1.0
2025-04-05 02:00,-19.66,-19.7,-19.6,12,1.0
2025-04-05 03:00,-19.83,-19.9,-19.8,12,1.0
2025-04-05 04:00,-19.95,-20.0,-19.9,12,1.0
2025-04-05 05:00,-20.08,-20.2,-20.0,12,1.0
2025-04-05 06:00,-20.21,-20.3,-20.1,12,1.0
2025-04-05 07:00,-20.3,-20.3,-20.3,12,1.0
2025-04-05 08:00,-20.39,-20.4,-20.3,12,1.0
2025-04-05 09:00,-20.46,-20.5,-20.4,12,1.0
2025-04-05 10:00,-20.42,-20.5,-20.3,12,1.0
2025-04-05 11:00,-20.26,-20.4,-20.2,12,1.0
2025-04-05 12:00,-20.06,-20.1,-20.0,12,1.0
2025-04-05 13:00,-19.94,-20.0,-19.9,12,1.0
2025-04-05 14:00,-19.91,-20.0,-19.9,12,1.0
2025-04-05 15:00,-20.02,-20.1,-20.0,12,1.0
2025-04-05 16:00,-20.22,-20.4,-20.1,12,1.0
2025-04-05 17:00,-20.53,-20.7,-20.4,12,1.0
2025-04-05 18:00,-20.82,-20.9,-20.7,12,1.0
2025-04-05 19:00,-21.12,-21.3,-21.0,12,1.0
2025-04-05 20:00,-21.42,-21.6,-21.3,12,1.0
2025-04-05 21:00,-21.69,-21.8,-21.6,12,1.0
2025-04-05 22:00,-21.91,-22.0,-21.8,12,1.0
2025-04-05 23:00,-22.08,-22.2,-22.0,12,1.0
2025-04-06 00:00,-22.26,-22.3,-22.2,12,1.0
2025-04-06 01:00,-22.45,-22.5,-22.3,12,1.0
2025-04-06 02:00,-22.59,-22.7,-22.5,12,1.0
2025-04-06 03:00,-22.71,-22.8,-22.6,12,1.0
2025-04-06 04:00,-22.86,-22.9,-22.8,12,1.0
2025-04-06 05:00,-22.99,-23.1,-22.9,12,1.0
2025-04-06 06:00,-23.12,-23.2,-23.1,12,1.0
2025-04-06 07:00,-23.22,-23.3,-23.2,12,1.0
2025-04-06 08:00,-23.3,-23.3,-23.3,12,1.0
2025-04-06 09:00,-23.32,-23.4,-23.3,12,1.0
2025-04-06 10:00,-23.34,-23.4,-23.3,12,1.0
2025-04-06 11:00,-23.26,-23.3,-23.2,12,1.0
2025-04-06 12:00,-23.08,-23.1,-23.0,12,1.0
2025-04-06 13:00,-22.97,-23.0,-22.9,12,1.0
2025-04-06 14:00,-22.82,-22.9,-22.8,12,1.0
2025-04-06 15:00,-22.73,-22.8,-22.7,12,1.0
2025-04-06 16:00,-22.68,-22.9,-21.9,12,1.0
2025-04-06 17:00,-19.21,-21.5,-16.7,12,1.0
2025-04-06 18:00,-13.83,-16.2,-11.9,12,1.0
2025-04-06 19:00,-10.75,-11.7,-10.0,12,1.0
2025-04-06 20:00,-8.94,-9.8,-8.3,12,1.0
2025-04-06 21:00,-8.0,-8.2,-7.9,12,1.0
2025-04-06 22:00,-7.88,-7.9,-7.8,12,1.0
2025-04-06 23:00,-8.07,-8.2,-7.9,12,1.0
2025-04-07 00:00,-8.33,-8.5,-8.2,12,1.0
2025-04-07 01:00,-8.67,-8.8,-8.5,12,1.0
2025-04-07 02:00,-8.98,-9.1,-8.8,12,1.0
2025-04-07 03:00,-9.26,-9.4,-9.1,12,1.0
2025-04-07 04:00,-9.52,-9.7,-9.4,12,1.0
2025-04-07 05:00,-9.83,-10.0,-9.7,12,1.0
2025-04-07 06:00,-10.07,-10.1,-10.0,12,1.0
2025-04-07 07:00,-10.17,-10.2,-10.1,12,1.0
2025-04-07 08:00,-10.29,-10.3,-10.2,12,1.0
2025-04-07 09:00,-10.4,-10.4,-10.4,12,1.0
2025-04-07 10:00,-10.48,-10.5,-10.4,12,1.0
2025-04-07 11:00,-10.6,-10.7,-10.5,12,1.0
2025-04-07 12:00,-10.84,-11.0,-10.7,12,1.0
2025-04-07 13:00,-11.22,-11.4,-11.0,12,1.0
2025-04-07 14:00,-11.66,-11.9,-11.5,12,1.0
2025-04-07 15:00,-12.13,-12.4,-11.9,12,1.0
2025-04-07 16:00,-12.67,-13.0,-12.4,12,1.0
2025-04-07 17:00,-13.31,-13.6,-13.0,12,1.0
2025-04-07 18:00,-13.92,-14.2,-13.7,12,1.0
2025-04-07 19:00,-14.48,-14.7,-14.2,12,1.0
2025-04-07 20:00,-14.94,-15.1,-14.7,12,1.0
2025-04-07 21:00,-15.33,-15.5,-15.1,12,1.0
2025-04-07 22:00,-15.68,-15.8,-15.5,12,1.0
2025-04-07 23:00,-15.98,-16.1,-15.8,12,1.0
2025-04-08 00:00,-16.28,-16.4,-16.2,12,1.0
2025-04-08 01:00,-16.53,-16.6,-16.4,12,1.0
2025-04-08 02:00,-16.78,-16.9,-16.7,12,1.0
2025-04-08 03:00,-17.02,-17.1,-16.9,12,1.0
2025-04-08 04:00,-17.23,-17.3,-17.2,12,1.0
2025-04-08 05:00,-17.43,-17.5,-17.3,12,1.0
2025-04-08 06:00,-17.62,-17.7,-17.5,12,1.0
2025-04-08 07:00,-17.81,-17.9,-17.7,12,1.0
2025-04-08 08:00,-17.95,-18.0,-17.9,12,1.0
2025-04-08 09:00,-18.08,-18.1,-18.0,12,1.0
2025-04-08 10:00,-18.1,-18.1,-18.1,12,1.0
2025-04-08 11:00,-18.05,-18.1,-18.0,12,1.0
2025-04-08 12:00,-17.95,-18.0,-17.9,12,1.0
2025-04-08 13:00,-17.87,-17.9,-17.8,12,1.0
2025-04-08 14:00,-17.9,-17.9,-17.9,12,1.0
2025-04-08 15:00,-18.01,-18.1,-17.9,12,1.0
2025-04-08 16:00,-18.24,-18.4,-18.1,12,1.0
2025-04-08 17:00,-18.58,-18.8,-18.4,12,1.0
2025-04-08 18:00,-18.98,-19.2,-18.8,12,1.0
2025-04-08 19:00,-19.36,-19.5,-19.2,12,1.0
2025-04-08 20:00,-19.72,-19.9,-19.5,12,1.0
2025-04-08 21:00,-20.04,-20.2,-19.9,12,1.0
2025-04-08 22:00,-20.29,-20.4,-20.2,12,1.0
2025-04-08 23:00,-20.55,-20.7,-20.4,12,1.0
2025-04-09 00:00,-20.78,-20.9,-20.7,12,1.0
2025-04-09 01:00,-20.99,-21.1,-20.9,12,1.0
2025-04-09 02:00,-21.18,-21.3,-21.1,12,1.0
2025-04-09 03:00,-21.37,-21.5,-21.3,12,1.0
2025-04-09 04:00,-21.52,-21.6,-21.5,12,1.0
2025-04-09 05:00,-21.68,-21.7,-21.6,12,1.0
2025-04-09 06:00,-21.8,-21.9,-21.7,12,1.0
2025-04-09 07:00,-21.97,-22.1,-21.9,12,1.0
2025-04-09 08:00,-22.12,-22.2,-22.1,12,1.0
2025-04-09 09:00,-22.2,-22.2,-22.2,12,1.0
2025-04-09 10:00,-22.19,-22.2,-22.1,12,1.0
2025-04-09 11:00,-22.04,-22.1,-21.9,12,1.0
2025-04-09 12:00,-21.8,-21.9,-21.7,12,1.0
2025-04-09 13:00,-21.64,-21.7,-21.6,12,1.0
2025-04-09 14:00,-21.6,-21.6,-21.6,12,1.0
2025-04-09 15:00,-21.66,-21.7,-21.6,12,1.0
2025-04-09 16:00,-21.86,-22.0,-21.7,12,1.0
2025-04-09 17:00,-22.21,-22.4,-22.1,12,1.0
2025-04-09 18:00,-22.5,-22.6,-22.4,12,1.0
2025-04-09 19:00,-22.78,-23.0,-22.6,12,1.0
2025-04-09 20:00,-23.12,-23.3,-22.9,12,1.0
2025-04-09 21:00,-23.4,-23.5,-23.3,12,1.0
2025-04-09 22:00,-23.66,-23.8,-23.5,12,1.0
2025-04-09 23:00,-23.92,-24.0,-23.8,12,1.0
2025-04-10 00:00,-24.12,-24.2,-24.0,12,1.0
2025-04-10 01:00,-24.31,-24.4,-24.2,12,1.0
2025-04-10 02:00,-24.52,-24.6,-24.4,12,1.0
2025-04-10 03:00,-24.68,-24.8,-24.6,12,1.0
2025-04-10 04:00,-24.84,-24.9,-24.8,12,1.0
2025-04-10 05:00,-24.96,-25.0,-24.9,12,1.0
2025-04-10 06:00,-25.12,-25.2,-25.0,12,1.0
2025-04-10 07:00,-25.23,-25.3,-25.2,12,1.0
2025-04-10 08:00,-25.33,-25.4,-25.3,12,1.0
2025-04-10 09:00,-25.4,-25.4,-25.4,12,1.0
2025-04-10 10:00,-25.39,-25.4,-25.3,12,1.0
2025-04-10 11:00,-25.22,-25.3,-25.1,12,1.0
2025-04-10 12:00,-25.05,-25.1,-25.0,12,1.0
2025-04-10 13:00,-25.0,-25.0,-25.0,12,1.0
2025-04-10 14:00,-24.92,-25.0,-24.9,12,1.0
2025-04-10 15:00,-25.08,-25.2,-24.9,12,1.0
2025-04-10 16:00,-25.36,-25.5,-25.2,12,1.0
2025-04-10 17:00,-25.59,-25.7,-25.5,12,1.0
2025-04-10 18:00,-25.82,-26.0,-25.7,12,1.0
2025-04-10 19:00,-26.11,-26.3,-26.0,12,1.0
2025-04-10 20:00,-26.38,-26.5,-26.2,12,1.0
2025-04-10 21:00,-26.6,-26.7,-26.5,12,1.0
2025-04-10 22:00,-26.79,-26.9,-26.7,12,1.0
2025-04-10 23:00,-26.96,-27.1,-26.8,12,1.0
2025-04-11 00:00,-27.15,-27.2,-27.1,12,1.0
2025-04-11 01:00,-27.32,-27.4,-27.2,12,1.0
2025-04-11 02:00,-27.46,-27.5,-27.4,12,1.0
2025-04-11 03:00,-27.58,-27.7,-27.5,12,1.0
2025-04-11 04:00,-27.68,-27.7,-27.6,12,1.0
2025-04-11 05:00,-27.83,-27.9,-27.8,12,1.0
2025-04-11 06:00,-27.96,-28.0,-27.9,12,1.0
2025-04-11 07:00,-28.04,-28.1,-28.0,12,1.0
2025-04-11 08:00,-28.19,-28.3,-28.1,12,1.0
2025-04-11 09:00,-28.3,-28.3,-28.3,12,1.0
2025-04-11 10:00,-28.26,-28.3,-28.2,12,1.0
2025-04-11 11:00,-28.07,-28.2,-27.9,12,1.0
2025-04-11 12:00,-27.78,-27.9,-27.6,12,1.0
2025-04-11 13:00,-27.54,-27.6,-27.4,12,1.0
2025-04-11 14:00,-27.33,-27.4,-27.3,12,1.0
2025-04-11 15:00,-27.3,-27.3,-27.3,12,1.0
2025-04-11 16:00,-27.43,-27.6,-27.3,12,1.0
2025-04-11 17:00,-27.83,-28.0,-27.6,12,1.0
2025-04-11 18:00,-28.19,-28.3,-28.1,12,1.0
2025-04-11 19:00,-28.48,-28.6,-28.3,12,1.0
2025-04-11 20:00,-28.68,-28.8,-28.5,12,1.0
2025-04-11 21:00,-28.88,-29.0,-28.8,12,1.0
2025-04-11 22:00,-29.12,-29.2,-29.0,12,1.0
2025-04-11 23:00,-29.32,-29.5,-29.2,12,1.0
2025-04-12 00:00,-29.52,-29.6,-29.5,12,1.0
2025-04-12 01:00,-29.66,-29.7,-29.6,12,1.0
2025-04-12 02:00,-29.79,-29.9,-29.7,12,1.0
2025-04-12 03:00,-29.92,-30.0,-29.8,12,1.0
2025-04-12 04:00,-30.03,-30.1,-30.0,12,1.0
2025-04-12 05:00,-30.17,-30.3,-30.1,12,1.0
2025-04-12 06:00,-30.26,-30.3,-30.2,12,1.0
2025-04-12 07:00,-30.35,-30.4,-30.3,12,1.0
2025-04-12 08:00,-30.47,-30.5,-30.4,12,1.0
2025-04-12 09:00,-30.48,-30.5,-30.4,12,1.0
2025-04-12 10:00,-30.42,-30.5,-30.3,12,1.0
2025-04-12 11:00,-30.21,-30.3,-30.1,12,1.0
2025-04-12 12:00,-29.97,-30.1,-29.9,12,1.0
2025-04-12 13:00,-29.9,-29.9,-29.9,12,1.0
2025-04-12 14:00,-30.01,-30.1,-30.0,12,1.0
2025-04-12 15:00,-30.14,-30.2,-30.1,12,1.0
2025-04-12 16:00,-30.33,-30.4,-30.2,12,1.0
2025-04-12 17:00,-30.57,-30.7,-30.4,12,1.0
2025-04-12 18:00,-30.79,-30.9,-30.7,12,1.0
2025-04-12 19:00,-31.08,-31.2,-30.9,12,1.0
2025-04-12 20:00,-31.32,-31.4,-31.2,12,1.0
2025-04-12 21:00,-31.51,-31.6,-31.4,12,1.0
2025-04-12 22:00,-31.66,-31.8,-31.6,12,1.0
2025-04-12 23:00,-31.78,-31.9,-31.7,12,1.0
2025-04-13 00:00,-31.9,-32.0,-31.8,12,1.0
2025-04-13 01:00,-32.04,-32.1,-32.0,12,1.0
2025-04-13 02:00,-32.15,-32.2,-32.1,12,1.0
2025-04-13 03:00,-32.21,-32.3,-32.2,12,1.0
2025-04-13 04:00,-32.28,-32.4,-32.2,12,1.0
2025-04-13 05:00,-32.38,-32.4,-32.3,12,1.0
2025-04-13 06:00,-32.51,-32.6,-32.5,12,1.0
2025-04-13 07:00,-32.6,-32.6,-32.6,12,1.0
2025-04-13 08:00,-32.65,-32.7,-32.6,12,1.0
2025-04-13 09:00,-32.72,-32.8,-32.7,12,1.0
2025-04-13 10:00,-32.73,-32.8,-32.7,12,1.0
2025-04-13 11:00,-32.64,-32.7,-32.6,12,1.0
2025-04-13 12:00,-32.47,-32.6,-32.4,12,1.0
2025-04-13 13:00,-32.3,-32.3,-32.3,12,1.0
2025-04-13 14:00,-32.4,-32.5,-32.3,12,1.0
2025-04-13 15:00,-32.6,-32.7,-32.5,12,1.0
2025-04-13 16:00,-32.8,-32.9,-32.7,12,1.0
2025-04-13 17:00,-32.99,-33.1,-32.9,12,1.0
2025-04-13 18:00,-33.22,-33.3,-33.1,12,1.0
2025-04-13 19:00,-33.48,-33.6,-33.4,12,1.0
2025-04-13 20:00,-33.67,-33.8,-33.6,12,1.0
2025-04-13 21:00,-33.88,-34.0,-33.8,12,1.0
2025-04-13 22:00,-34.04,-34.1,-33.9,12,1.0
2025-04-13 23:00,-34.19,-34.3,-34.1,12,1.0
2025-04-14 00:00,-34.34,-34.4,-34.3,12,1.0
2025-04-14 01:00,-34.48,-34.6,-34.4,12,1.0
2025-04-14 02:00,-34.62,-34.7,-34.6,12,1.0
2025-04-14 03:00,-34.73,-34.8,-34.7,12,1.0
2025-04-14 04:00,-34.83,-34.9,-34.8,12,1.0
2025-04-14 05:00,-34.94,-35.0,-34.9,12,1.0
2025-04-14 06:00,-35.05,-35.1,-35.0,12,1.0
2025-04-14 07:00,-35.16,-35.2,-35.1,12,1.0
2025-04-14 08:00,-35.23,-35.3,-35.2,12,1.0
2025-04-14 09:00,-35.32,-35.4,-35.3,12,1.0
2025-04-14 10:00,-35.4,-35.4,-35.4,12,1.0
2025-04-14 11:00,-35.43,-35.5,-35.4,12,1.0
2025-04-14 12:00,-35.39,-35.4,-35.3,12,1.0
2025-04-14 13:00,-35.46,-35.5,-35.4,12,1.0
2025-04-14 14:00,-35.57,-35.7,-35.5,12,1.0
2025-04-14 15:00,-35.78,-35.9,-35.6,12,1.0
2025-04-14 16:00,-36.04,-36.2,-35.9,12,1.0
2025-04-14 17:00,-36.25,-36.3,-36.2,12,1.0
2025-04-14 18:00,-36.42,-36.5,-36.3,12,1.0
2025-04-14 19:00,-36.53,-36.6,-36.5,12,1.0
2025-04-14 20:00,-36.6,-36.7,-36.5,12,1.0
2025-04-14 21:00,-36.44,-36.6,-36.2,12,1.0
2025-04-14 22:00,-34.14,-36.2,-30.2,12,1.0
2025-04-14 23:00,-25.28,-29.4,-21.6,12,1.0
2025-04-15 00:00,-18.2,-21.0,-15.7,12,1.0
2025-04-15 01:00,-13.84,-15.4,-12.5,12,1.0
2025-04-15 02:00,-11.18,-12.4,-9.6,12,1.0
2025-04-15 03:00,-3.88,-8.9,-0.4,12,1.0
2025-04-15 04:00,-0.4,-0.4,-0.4,12,1.0
2025-04-15 05:00,-0.41,-0.5,-0.4,12,1.0
2025-04-15 06:00,-0.41,-0.5,-0.4,12,1.0
2025-04-15 07:00,-0.47,-0.5,-0.4,12,1.0
2025-04-15 08:00,-0.43,-0.5,-0.4,12,1.0
2025-04-15 09:00,-0.43,-0.5,-0.4,12,1.0
2025-04-15 10:00,-0.5,-0.5,-0.5,12,1.0
2025-04-15 11:00,-0.5,-0.5,-0.5,12,1.0
2025-04-15 12:00,-0.57,-0.6,-0.5,12,1.0
2025-04-15 13:00,-0.62,-0.7,-0.6,12,1.0
2025-04-15 14:00,-0.74,-0.8,-0.7,12,1.0
2025-04-15 15:00,-0.92,-1.0,-0.8,12,1.0
2025-04-15 16:00,-1.12,-1.2,-1.0,12,1.0
2025-04-15 17:00,-1.33,-1.4,-1.2,12,1.0
2025-04-15 18:00,-1.51,-1.6,-1.4,12,1.0
2025-04-15 19:00,-1.65,-1.7,-1.6,12,1.0
2025-04-15 20:00,-1.78,-1.8,-1.7,12,1.0
2025-04-15 21:00,-1.92,-2.0,-1.9,12,1.0
2025-04-15 22:00,-2.05,-2.1,-2.0,12,1.0
2025-04-15 23:00,-2.19,-2.3,-2.1,12,1.0
2025-04-16 00:00,-2.34,-2.4,-2.3,12,1.0
2025-04-16 01:00,-2.49,-2.6,-2.4,12,1.0
2025-04-16 02:00,-2.65,-2.7,-2.6,12,1.0
2025-04-16 03:00,-2.83,-2.9,-2.7,12,1.0
2025-04-16 04:00,-3.02,-3.1,-2.9,12,1.0
2025-04-16 05:00,-3.22,-3.3,-3.1,12,1.0
2025-04-16 06:00,-3.42,-3.5,-3.3,12,1.0
2025-04-16 07:00,-3.6,-3.7,-3.5,12,1.0
2025-04-16 08:00,-3.82,-3.9,-3.7,12,1.0
2025-04-16 09:00,-4.09,-4.2,-3.9,12,1.0
2025-04-16 10:00,-4.43,-4.7,-4.3,12,1.0
2025-04-16 11:00,-5.01,-5.2,-4.7,12,1.0
2025-04-16 12:00,-5.48,-5.7,-5.2,12,1.0
2025-04-16 13:00,-6.17,-6.5,-5.8,12,1.0
2025-04-16 14:00,-7.07,-7.6,-6.6,12,1.0
2025-04-16 15:00,-8.24,-8.7,-7.7,12,1.0
2025-04-16 16:00,-9.22,-9.6,-8.8,12,1.0
2025-04-16 17:00,-9.89,-10.1,-9.6,12,1.0
2025-04-16 18:00,-10.18,-10.3,-10.1,12,1.0
2025-04-16 19:00,-10.3,-10.3,-10.3,12,1.0
2025-04-16 20:00,-9.74,-10.3,-9.0,12,1.0
2025-04-16 21:00,-8.31,-8.8,-7.9,12,1.0
2025-04-16 22:00,-7.74,-7.9,-7.7,12,1.0
2025-04-16 23:00,-7.72,-7.8,-7.7,12,1.0
2025-04-17 00:00,-7.88,-8.0,-7.8,12,1.0
2025-04-17 01:00,-8.13,-8.3,-8.0,12,1.0
2025-04-17 02:00,-8.36,-8.5,-8.3,12,1.0
2025-04-17 03:00,-8.55,-8.6,-8.5,12,1.0
2025-04-17 04:00,-8.74,-8.8,-8.7,12,1.0
2025-04-17 05:00,-8.94,-9.0,-8.9,12,1.0
2025-04-17 06:00,-8.87,-9.0,-8.6,12,1.0
2025-04-17 07:00,-7.72,-8.5,-6.7,12,1.0
2025-04-17 08:00,-5.19,-6.5,-3.6,12,1.0
2025-04-17 09:00,-2.45,-3.3,-1.9,12,1.0
2025-04-17 10:00,-1.72,-1.8,-1.7,12,1.0
2025-04-17 11:00,-1.65,-1.7,-1.5,12,1.0
2025-04-17 12:00,-1.4,-1.4,-1.4,12,1.0
2025-04-17 13:00,-1.43,-1.5,-1.4,12,1.0
2025-04-17 14:00,-1.4,-1.4,-1.4,12,1.0
2025-04-17 15:00,-1.21,-1.4,-0.8,12,1.0
2025-04-17 16:00,-0.49,-0.7,-0.4,12,1.0
2025-04-17 17:00,-0.4,-0.4,-0.4,12,1.0
2025-04-17 18:00,-0.46,-0.5,-0.4,12,1.0
2025-04-17 19:00,-0.5,-0.5,-0.5,12,1.0
2025-04-17 20:00,-0.5,-0.5,-0.5,12,1.0
2025-04-17 21:00,-0.52,-0.6,-0.5,12,1.0
2025-04-17 22:00,-0.6,-0.6,-0.6,12,1.0
2025-04-17 23:00,-0.6,-0.6,-0.6,12,1.0
2025-04-18 00:00,-0.6,-0.6,-0.6,12,1.0
2025-04-18 01:00,-0.6,-0.6,-0.6,12,1.0
2025-04-18 02:00,-0.62,-0.7,-0.6,12,1.0
2025-04-18 03:00,-0.7,-0.7,-0.7,12,1.0
2025-04-18 04:00,-0.7,-0.7,-0.7,12,1.0
2025-04-18 05:00,-0.7,-0.7,-0.7,12,1.0
2025-04-18 06:00,-0.77,-0.8,-0.7,12,1.0
2025-04-18 07:00,-0.8,-0.8,-0.8,12,1.0
2025-04-18 08:00,-0.7,-0.7,-0.7,12,1.0
2025-04-18 09:00,-0.7,-0.7,-0.7,12,1.0
2025-04-18 10:00,-0.78,-0.8,-0.7,12,1.0
2025-04-18 11:00,-0.85,-0.9,-0.8,12,1.0
2025-04-18 12:00,-1.0,-1.1,-0.9,12,1.0
2025-04-18 13:00,-1.14,-1.2,-1.1,12,1.0
2025-04-18 14:00,-1.29,-1.4,-1.2,12,1.0
2025-04-18 15:00,-1.42,-1.5,-1.4,12,1.0
2025-04-18 16:00,-1.6,-1.7,-1.5,12,1.0
2025-04-18 17:00,-1.82,-1.9,-1.7,12,1.0
2025-04-18 18:00,-2.06,-2.2,-1.9,12,1.0
2025-04-18 19:00,-2.29,-2.4,-2.2,12,1.0
2025-04-18 20:00,-2.52,-2.6,-2.4,12,1.0
2025-04-18 21:00,-2.77,-2.9,-2.7,12,1.0
2025-04-18 22:00,-2.97,-3.0,-2.9,12,1.0
2025-04-18 23:00,-3.21,-3.3,-3.1,12,1.0
2025-04-19 00:00,-3.42,-3.5,-3.3,12,1.0
2025-04-19 01:00,-3.68,-3.8,-3.6,12,1.0
2025-04-19 02:00,-3.92,-4.1,-3.8,12,1.0
2025-04-19 03:00,-4.2,-4.3,-4.1,12,1.0
2025-04-19 04:00,-4.45,-4.6,-4.3,12,1.0
2025-04-19 05:00,-4.73,-4.8,-4.6,12,1.0
2025-04-19 06:00,-4.98,-5.1,-4.9,12,1.0
2025-04-19 07:00,-5.11,-5.2,-5.1,12,1.0
2025-04-19 08:00,-5.21,-5.3,-5.2,12,1.0
2025-04-19 09:00,-5.29,-5.3,-5.2,12,1.0
2025-04-19 10:00,-5.35,-5.4,-5.3,12,1.0
2025-04-19 11:00,-5.53,-5.7,-5.4,12,1.0
2025-04-19 12:00,-5.92,-6.2,-5.7,12,1.0
2025-04-19 13:00,-6.59,-7.0,-6.2,12,1.0
2025-04-19 14:00,-7.57,-8.1,-7.1,12,1.0
2025-04-19 15:00,-8.72,-9.3,-8.1,12,1.0
2025-04-19 16:00,-9.95,-10.3,-9.4,12,1.0
2025-04-19 17:00,-10.6,-10.9,-10.3,12,1.0
2025-04-19 18:00,-11.12,-11.3,-10.9,12,1.0
2025-04-19 19:00,-11.58,-11.8,-11.4,12,1.0
2025-04-19 20:00,-11.94,-12.1,-11.8,12,1.0
2025-04-19 21:00,-12.25,-12.4,-12.1,12,1.0
2025-04-19 22:00,-12.52,-12.6,-12.4,12,1.0
2025-04-19 23:00,-12.75,-12.9,-12.6,12,1.0
2025-04-20 00:00,-12.96,-13.0,-12.9,12,1.0
2025-04-20 01:00,-13.14,-13.2,-13.1,12,1.0
2025-04-20 02:00,-13.28,-13.4,-13.2,12,1.0
2025-04-20 03:00,-13.42,-13.5,-13.4,12,1.0
2025-04-20 04:00,-13.54,-13.6,-13.5,12,1.0
2025-04-20 05:00,-13.66,-13.7,-13.6,12,1.0
2025-04-20 06:00,-13.74,-13.8,-13.7,12,1.0
2025-04-20 07:00,-13.8,-13.8,-13.8,12,1.0
2025-04-20 08:00,-13.88,-13.9,-13.8,12,1.0
2025-04-20 09:00,-13.9,-13.9,-13.9,12,1.0
2025-04-20 10:00,-13.9,-13.9,-13.9,12,1.0
2025-04-20 11:00,-13.82,-13.9,-13.8,12,1.0
2025-04-20 12:00,-13.86,-13.9,-13.8,12,1.0
2025-04-20 13:00,-13.91,-14.0,-13.9,12,1.0
2025-04-20 14:00,-14.02,-14.1,-14.0,12,1.0
2025-04-20 15:00,-14.15,-14.2,-14.1,12,1.0
2025-04-20 16:00,-14.44,-14.6,-14.3,12,1.0
2025-04-20 17:00,-14.91,-15.1,-14.7,12,1.0
2025-04-20 18:00,-15.4,-15.6,-15.2,12,1.0
2025-04-20 19:00,-15.82,-16.0,-15.6,12,1.0
2025-04-20 20:00,-16.16,-16.3,-16.0,12,1.0
2025-04-20 21:00,-16.47,-16.6,-16.3,12,1.0
2025-04-20 22:00,-16.73,-16.9,-16.6,12,1.0
2025-04-20 23:00,-17.0,-17.1,-16.9,12,1.0
2025-04-21 00:00,-17.22,-17.3,-17.1,12,1.0
2025-04-21 01:00,-17.41,-17.5,-17.3,12,1.0
2025-04-21 02:00,-17.64,-17.7,-17.6,12,1.0
2025-04-21 03:00,-17.81,-17.9,-17.7,12,1.0
2025-04-21 04:00,-17.97,-18.0,-17.9,12,1.0
2025-04-21 05:00,-18.14,-18.2,-18.1,12,1.0
2025-04-21 06:00,-18.31,-18.4,-18.2,12,1.0
2025-04-21 07:00,-18.46,-18.5,-18.4,12,1.0
2025-04-21 08:00,-18.58,-18.6,-18.5,12,1.0
2025-04-21 09:00,-18.7,-18.7,-18.7,12,1.0
2025-04-21 10:00,-18.72,-18.8,-18.7,12,1.0
2025-04-21 11:00,-18.64,-18.7,-18.6,12,1.0
2025-04-21 12:00,-18.51,-18.6,-18.4,12,1.0
2025-04-21 13:00,-18.42,-18.5,-18.4,12,1.0
2025-04-21 14:00,-18.43,-18.5,-18.4,12,1.0
2025-04-21 15:00,-18.68,-18.8,-18.6,12,1.0
2025-04-21 16:00,-18.91,-19.0,-18.8,12,1.0
2025-04-21 17:00,-19.22,-19.4,-19.1,12,1.0
2025-04-21 18:00,-19.53,-19.7,-19.4,12,1.0
2025-04-21 19:00,-19.84,-20.0,-19.7,12,1.0
2025-04-21 20:00,-20.1,-20.2,-20.0,12,1.0
2025-04-21 21:00,-20.33,-20.5,-20.2,12,1.0
2025-04-21 22:00,-20.56,-20.6,-20.5,12,1.0
2025-04-21 23:00,-20.76,-20.8,-20.7,12,1.0
2025-04-22 00:00,-20.98,-21.1,-20.9,12,1.0
2025-04-22 01:00,-21.14,-21.2,-21.1,12,1.0
2025-04-22 02:00,-21.32,-21.4,-21.2,12,1.0
2025-04-22 03:00,-21.5,-21.6,-21.4,12,1.0
2025-04-22 04:00,-21.65,-21.7,-21.6,12,1.0
2025-04-22 05:00,-21.79,-21.9,-21.7,12,1.0
2025-04-22 06:00,-21.96,-22.0,-21.9,12,1.0
2025-04-22 07:00,-22.1,-22.2,-22.0,12,1.0
2025-04-22 08:00,-22.24,-22.3,-22.2,12,1.0
2025-04-22 09:00,-22.38,-22.5,-22.3,12,1.0
2025-04-22 10:00,-22.5,-22.5,-22.5,12,1.0
2025-04-22 11:00,-22.36,-22.4,-22.3,12,1.0
2025-04-22 12:00,-22.14,-22.2,-22.0,12,1.0
2025-04-22 13:00,-21.98,-22.0,-21.9,12,1.0
2025-04-22 14:00,-21.9,-21.9,-21.9,12,1.0
2025-04-22 15:00,-21.97,-22.0,-21.9,12,1.0
2025-04-22 16:00,-22.16,-22.3,-22.1,12,1.0
2025-04-22 17:00,-22.44,-22.6,-22.3,12,1.0
2025-04-22 18:00,-22.71,-22.8,-22.6,12,1.0
2025-04-22 19:00,-22.96,-23.1,-22.8,12,1.0
2025-04-22 20:00,-23.23,-23.4,-23.1,12,1.0
2025-04-22 21:00,-23.51,-23.6,-23.4,12,1.0
2025-04-22 22:00,-23.76,-23.9,-23.6,12,1.0
2025-04-22 23:00,-24.02,-24.1,-23.9,12,1.0
2025-04-23 00:00,-24.16,-24.2,-24.1,12,1.0
2025-04-23 01:00,-24.35,-24.4,-24.3,12,1.0
2025-04-23 02:00,-24.52,-24.6,-24.4,12,1.0
2025-04-23 03:00,-24.66,-24.7,-24.6,12,1.0
2025-04-23 04:00,-24.78,-24.9,-24.7,12,1.0
2025-04-23 05:00,-24.93,-25.0,-24.9,12,1.0
2025-04-23 06:00,-25.1,-25.2,-25.0,12,1.0
2025-04-23 07:00,-25.23,-25.3,-25.2,12,1.0
2025-04-23 08:00,-25.33,-25.4,-25.3,12,1.0
2025-04-23 09:00,-25.46,-25.5,-25.4,12,1.0
2025-04-23 10:00,-25.52,-25.6,-25.5,12,1.0
2025-04-23 11:00,-25.6,-25.6,-25.6,12,1.0
2025-04-23 12:00,-25.6,-25.6,-25.6,12,1.0
2025-04-23 13:00,-25.58,-25.6,-25.5,12,1.0
2025-04-23 14:00,-25.51,-25.6,-25.5,12,1.0
2025-04-23 15:00,-25.52,-25.6,-25.5,12,1.0
2025-04-23 16:00,-25.73,-25.9,-25.6,12,1.0
2025-04-23 17:00,-25.99,-26.1,-25.9,12,1.0
2025-04-23 18:00,-25.36,-26.0,-24.5,12,1.0
2025-04-23 19:00,-23.44,-24.4,-22.5,12,1.0
2025-04-23 20:00,-21.54,-22.3,-20.8,12,1.0
2025-04-23 21:00,-20.14,-20.7,-19.6,12,1.0
2025-04-23 22:00,-19.09,-19.5,-18.7,12,1.0
2025-04-23 23:00,-18.37,-18.6,-18.1,12,1.0
2025-04-24 00:00,-17.9,-18.1,-17.7,12,1.0
2025-04-24 01:00,-17.59,-17.7,-17.5,12,1.0
2025-04-24 02:00,-17.37,-17.5,-17.3,12,1.0
2025-04-24 03:00,-17.22,-17.3,-17.2,12,1.0
2025-04-24 04:00,-17.17,-17.2,-17.1,12,1.0
2025-04-24 05:00,-17.18,-17.2,-17.1,12,1.0
2025-04-24 06:00,-17.2,-17.2,-17.2,12,1.0
2025-04-24 07:00,-17.2,-17.2,-17.2,12,1.0
2025-04-24 08:00,-17.19,-17.2,-17.1,12,1.0
2025-04-24 09:00,-17.19,-17.2,-17.1,12,1.0
2025-04-24 10:00,-17.26,-17.3,-17.2,12,1.0
2025-04-24 11:00,-17.47,-17.6,-17.4,12,1.0
2025-04-24 12:00,-17.66,-17.7,-17.4,12,1.0
2025-04-24 13:00,-14.95,-17.3,-11.3,12,1.0
2025-04-24 14:00,-5.53,-10.6,-1.8,12,1.0
2025-04-24 15:00,-1.06,-1.6,-0.7,12,1.0
2025-04-24 16:00,-0.7,-0.7,-0.7,12,1.0
2025-04-24 17:00,-0.7,-0.7,-0.7,12,1.0
2025-04-24 18:00,-0.75,-0.8,-0.7,12,1.0
2025-04-24 19:00,-0.8,-0.8,-0.8,12,1.0
2025-04-24 20:00,-0.8,-0.8,-0.8,12,1.0
2025-04-24 21:00,-0.9,-0.9,-0.9,12,1.0
2025-04-24 22:00,-0.9,-0.9,-0.9,12,1.0
2025-04-24 23:00,-0.96,-1.0,-0.9,12,1.0
2025-04-25 00:00,-1.0,-1.0,-1.0,12,1.0
2025-04-25 01:00,-1.02,-1.1,-1.0,12,1.0
2025-04-25 02:00,-1.1,-1.1,-1.1,12,1.0
2025-04-25 03:00,-1.12,-1.2,-1.1,12,1.0
2025-04-25 04:00,-1.2,-1.2,-1.2,12,1.0
2025-04-25 05:00,-1.23,-1.3,-1.2,12,1.0
2025-04-25 06:00,-1.3,-1.3,-1.3,12,1.0
2025-04-25 07:00,-1.38,-1.4,-1.3,12,1.0
2025-04-25 08:00,-1.42,-1.5,-1.4,12,1.0
2025-04-25 09:00,-1.51,-1.6,-1.5,12,1.0
2025-04-25 10:00,-1.61,-1.7,-1.6,12,1.0
2025-04-25 11:00,-1.77,-1.9,-1.7,12,1.0
2025-04-25 12:00,-2.1,-2.3,-1.9,12,1.0
2025-04-25 13:00,-2.72,-3.1,-2.4,12,1.0
2025-04-25 14:00,-3.88,-4.6,-3.2,12,1.0
2025-04-25 15:00,-5.4,-5.9,-4.9,12,1.0
2025-04-25 16:00,-6.66,-7.3,-6.0,12,1.0
2025-04-25 17:00,-8.19,-8.9,-7.5,12,1.0
2025-04-25 18:00,-9.59,-10.1,-8.9,12,1.0
2025-04-25 19:00,-10.32,-10.5,-10.1,12,1.0
2025-04-25 20:00,-10.68,-10.8,-10.5,12,1.0
2025-04-25 21:00,-10.98,-11.1,-10.9,12,1.0
2025-04-25 22:00,-11.22,-11.3,-11.1,12,1.0
2025-04-25 23:00,-11.42,-11.5,-11.3,12,1.0
2025-04-26 00:00,-11.59,-11.7,-11.5,12,1.0
2025-04-26 01:00,-11.73,-11.8,-11.7,12,1.0
2025-04-26 02:00,-11.85,-11.9,-11.8,12,1.0
2025-04-26 03:00,-11.93,-12.0,-11.9,12,1.0
2025-04-26 04:00,-12.0,-12.0,-12.0,12,1.0
2025-04-26 05:00,-10.94,-12.0,-9.1,12,1.0
2025-04-26 06:00,-6.45,-8.6,-4.9,12,1.0
2025-04-26 07:00,-3.27,-4.5,-2.5,12,1.0
2025-04-26 08:00,-2.24,-2.5,-2.1,12,1.0
2025-04-26 09:00,-2.1,-2.1,-2.1,12,1.0
2025-04-26 10:00,-2.12,-2.2,-2.1,12,1.0
2025-04-26 11:00,-2.31,-2.4,-2.2,12,1.0
2025-04-26 12:00,-2.58,-2.7,-2.5,12,1.0
2025-04-26 13:00,-2.52,-2.7,-2.4,12,1.0
2025-04-26 14:00,-2.43,-2.5,-2.4,12,1.0
2025-04-26 15:00,-2.62,-2.8,-2.5,12,1.0
2025-04-26 16:00,-3.11,-3.4,-2.8,12,1.0
2025-04-26 17:00,-3.84,-4.2,-3.5,12,1.0
2025-04-26 18:00,-4.53,-4.8,-4.2,12,1.0
2025-04-26 19:00,-5.08,-5.2,-4.9,12,1.0
2025-04-26 20:00,-5.34,-5.4,-5.2,12,1.0
2025-04-26 21:00,-5.53,-5.6,-5.4,12,1.0
2025-04-26 22:00,-5.75,-5.8,-5.7,12,1.0
2025-04-26 23:00,-5.93,-6.0,-5.8,12,1.0
2025-04-27 00:00,-6.06,-6.1,-6.0,12,1.0
2025-04-27 01:00,-6.23,-6.3,-6.2,12,1.0
2025-04-27 02:00,-6.37,-6.4,-6.3,12,1.0
2025-04-27 03:00,-6.52,-6.6,-6.5,12,1.0
2025-04-27 04:00,-6.67,-6.7,-6.6,12,1.0
2025-04-27 05:00,-6.81,-6.9,-6.7,12,1.0
2025-04-27 06:00,-6.93,-7.0,-6.9,12,1.0
2025-04-27 07:00,-7.07,-7.1,-7.0,12,1.0
2025-04-27 08:00,-7.18,-7.2,-7.1,12,1.0
2025-04-27 09:00,-7.29,-7.3,-7.2,12,1.0
2025-04-27 10:00,-7.34,-7.4,-7.3,12,1.0
2025-04-27 11:00,-7.52,-7.7,-7.4,12,1.0
2025-04-27 12:00,-7.98,-8.3,-7.7,12,1.0
2025-04-27 13:00,-8.67,-9.0,-8.3,12,1.0
2025-04-27 14:00,-9.45,-9.9,-9.0,12,1.0
2025-04-27 15:00,-10.18,-10.4,-9.9,12,1.0
2025-04-27 16:00,-10.73,-11.0,-10.5,12,1.0
2025-04-27 17:00,-11.32,-11.6,-11.1,12,1.0
2025-04-27 18:00,-11.89,-12.1,-11.7,12,1.0
2025-04-27 19:00,-12.39,-12.6,-12.2,12,1.0
2025-04-27 20:00,-12.84,-13.0,-12.6,12,1.0
2025-04-27 21:00,-13.24,-13.4,-13.1,12,1.0
2025-04-27 22:00,-13.57,-13.7,-13.4,12,1.0
2025-04-27 23:00,-13.86,-14.0,-13.7,12,1.0
2025-04-28 00:00,-14.12,-14.3,-14.0,12,1.0
2025-04-28 01:00,-14.38,-14.5,-14.3,12,1.0
2025-04-28 02:00,-14.6,-14.7,-14.5,12,1.0
2025-04-28 03:00,-14.82,-14.9,-14.7,12,1.0
2025-04-28 04:00,-15.01,-15.1,-14.9,12,1.0
2025-04-28 05:00,-15.16,-15.2,-15.1,12,1.0
2025-04-28 06:00,-15.34,-15.4,-15.3,12,1.0
2025-04-28 07:00,-15.48,-15.5,-15.4,12,1.0
2025-04-28 08:00,-15.58,-15.6,-15.5,12,1.0
2025-04-28 09:00,-15.7,-15.7,-15.7,12,1.0
2025-04-28 10:00,-15.76,-15.8,-15.7,12,1.0
2025-04-28 11:00,-15.78,-15.8,-15.7,12,1.0
2025-04-28 12:00,-15.73,-15.8,-15.7,12,1.0
2025-04-28 13:00,-15.84,-15.9,-15.8,12,1.0
2025-04-28 14:00,-16.11,-16.3,-16.0,12,1.0
2025-04-28 15:00,-16.53,-16.7,-16.4,12,1.0
2025-04-28 16:00,-16.85,-17.0,-16.7,12,1.0
2025-04-28 17:00,-17.22,-17.4,-17.1,12,1.0
2025-04-28 18:00,-17.58,-17.7,-17.4,12,1.0
2025-04-28 19:00,-17.92,-18.0,-17.8,12,1.0
2025-04-28 20:00,-17.93,-18.0,-17.8,12,1.0
2025-04-28 21:00,-17.64,-17.8,-17.5,12,1.0
2025-04-28 22:00,-17.35,-17.5,-17.2,12,1.0
2025-04-28 23:00,-17.13,-17.2,-17.1,12,1.0
2025-04-29 00:00,-16.94,-17.0,-16.9,12,1.0
2025-04-29 01:00,-16.84,-16.9,-16.8,12,1.0
2025-04-29 02:00,-16.74,-16.8,-16.7,12,1.0
2025-04-29 03:00,-16.68,-16.7,-16.6,12,1.0
2025-04-29 04:00,-16.6,-16.6,-16.6,12,1.0
2025-04-29 05:00,-16.6,-16.6,-16.6,12,1.0
2025-04-29 06:00,-16.6,-16.6,-16.6,12,1.0
2025-04-29 07:00,-16.65,-16.7,-16.6,12,1.0
2025-04-29 08:00,-16.67,-16.7,-16.6,12,1.0
2025-04-29 09:00,-16.68,-16.7,-16.6,12,1.0
2025-04-29 10:00,-16.61,-16.7,-16.6,12,1.0
2025-04-29 11:00,-16.53,-16.6,-16.5,12,1.0
2025-04-29 12:00,-16.61,-16.7,-16.5,12,1.0
2025-04-29 13:00,-16.85,-17.0,-16.7,12,1.0
2025-04-29 14:00,-17.08,-17.1,-17.0,12,1.0
2025-04-29 15:00,-17.18,-17.3,-17.1,12,1.0
2025-04-29 16:00,-17.4,-17.5,-17.3,12,1.0
2025-04-29 17:00,-17.75,-17.9,-17.6,12,1.0
2025-04-29 18:00,-18.12,-18.3,-18.0,12,1.0
2025-04-29 19:00,-18.56,-18.8,-18.4,12,1.0
2025-04-29 20:00,-18.99,-19.2,-18.8,12,1.0
2025-04-29 21:00,-19.38,-19.5,-19.2,12,1.0
2025-04-29 22:00,-19.74,-19.9,-19.6,12,1.0
2025-04-29 23:00,-20.08,-20.2,-19.9,12,1.0
2025-04-30 00:00,-20.36,-20.5,-20.2,12,1.0
2025-04-30 01:00,-20.68,-20.8,-20.5,12,1.0
2025-04-30 02:00,-20.91,-21.0,-20.8,12,1.0
2025-04-30 03:00,-21.18,-21.3,-21.1,12,1.0
2025-04-30 04:00,-21.38,-21.5,-21.3,12,1.0
2025-04-30 05:00,-21.6,-21.7,-21.5,12,1.0
2025-04-30 06:00,-21.81,-21.9,-21.7,12,1.0
2025-04-30 07:00,-22.0,-22.1,-21.9,12,1.0
2025-04-30 08:00,-22.21,-22.3,-22.1,12,1.0
2025-04-30 09:00,-22.42,-22.5,-22.3,12,1.0
2025-04-30 10:00,-22.61,-22.7,-22.6,12,1.0
2025-04-30 11:00,-22.65,-22.7,-22.6,12,1.0
2025-04-30 12:00,-22.47,-22.6,-22.3,12,1.0
2025-04-30 13:00,-22.24,-22.3,-22.2,12,1.0
2025-04-30 14:00,-22.12,-22.2,-22.1,12,1.0
2025-04-30 15:00,-22.12,-22.2,-22.1,12,1.0
2025-04-30 16:00,-22.29,-22.4,-22.2,12,1.0
2025-04-30 17:00,-22.64,-22.8,-22.5,12,1.0
2025-04-30 18:00,-22.98,-23.1,-22.8,12,1.0
2025-04-30 19:00,-23.31,-23.5,-23.2,12,1.0
2025-04-30 20:00,-23.72,-23.9,-23.5,12,1.0
2025-04-30 21:00,-24.09,-24.2,-23.9,12,1.0
2025-04-30 22:00,-24.4,-24.5,-24.3,12,1.0
2025-04-30 23:00,-24.7,-24.8,-24.5,12,1.0
2025-05-01 00:00,-25.01,-25.2,-24.9,12,1.0
2025-05-01 01:00,-25.28,-25.4,-25.2,12,1.0
2025-05-01 02:00,-25.5,-25.6,-25.4,12,1.0
2025-05-01 03:00,-25.75,-25.9,-25.6,12,1.0
2025-05-01 04:00,-25.97,-26.1,-25.9,12,1.0
2025-05-01 05:00,-26.17,-26.3,-26.1,12,1.0
2025-05-01 06:00,-26.36,-26.5,-26.2,12,1.0
2025-05-01 07:00,-26.57,-26.6,-26.5,12,1.0
2025-05-01 08:00,-26.75,-26.8,-26.7,12,1.0
2025-05-01 09:00,-26.93,-27.0,-26.8,12,1.0
2025-05-01 10:00,-27.17,-27.2,-27.1,12,1.0
2025-05-01 11:00,-27.19,-27.2,-27.1,12,1.0
2025-05-01 12:00,-26.99,-27.1,-26.9,12,1.0
2025-05-01 13:00,-26.76,-26.9,-26.7,12,1.0
2025-05-01 14:00,-26.62,-26.7,-26.6,12,1.0
2025-05-01 15:00,-26.64,-26.7,-26.6,12,1.0
2025-05-01 16:00,-26.78,-26.9,-26.7,12,1.0
2025-05-01 17:00,-27.13,-27.3,-26.9,12,1.0
2025-05-01 18:00,-27.48,-27.6,-27.3,12,1.0
2025-05-01 19:00,-27.82,-28.0,-27.7,12,1.0
2025-05-01 20:00,-28.16,-28.4,-28.0,12,1.0
2025-05-01 21:00,-28.5,-28.6,-28.4,12,1.0
2025-05-01 22:00,-28.78,-28.9,-28.6,12,1.0
2025-05-01 23:00,-29.05,-29.1,-28.9,12,1.0
2025-05-02 00:00,-29.29,-29.4,-29.2,12,1.0
2025-05-02 01:00,-29.48,-29.6,-29.4,12,1.0
2025-05-02 02:00,-29.69,-29.8,-29.6,12,1.0
2025-05-02 03:00,-29.9,-30.0,-29.8,12,1.0
2025-05-02 04:00,-30.07,-30.2,-30.0,12,1.0
2025-05-02 05:00,-30.24,-30.3,-30.2,12,1.0
2025-05-02 06:00,-30.42,-30.5,-30.3,12,1.0
2025-05-02 07:00,-30.56,-30.6,-30.5,12,1.0
2025-05-02 08:00,-30.75,-30.8,-30.6,12,1.0
2025-05-02 09:00,-30.93,-31.1,-30.8,12,1.0
2025-05-02 10:00,-31.12,-31.2,-31.0,12,1.0
2025-05-02 11:00,-31.21,-31.3,-31.2,12,1.0
2025-05-02 12:00,-31.04,-31.2,-30.9,12,1.0
2025-05-02 13:00,-30.82,-30.9,-30.8,12,1.0
2025-05-02 14:00,-30.72,-30.8,-30.7,12,1.0
2025-05-02 15:00,-30.75,-30.8,-30.7,12,1.0
2025-05-02 16:00,-30.92,-31.1,-30.8,12,1.0
2025-05-02 17:00,-31.25,-31.4,-31.1,12,1.0
2025-05-02 18:00,-31.58,-31.7,-31.4,12,1.0
2025-05-02 19:00,-31.92,-32.1,-31.8,12,1.0
2025-05-02 20:00,-32.27,-32.4,-32.1,12,1.0
2025-05-02 21:00,-32.57,-32.7,-32.4,12,1.0
2025-05-02 22:00,-32.84,-33.0,-32.7,12,1.0
2025-05-02 23:00,-33.09,-33.2,-33.0,12,1.0
2025-05-03 00:00,-33.32,-33.4,-33.2,12,1.0
2025-05-03 01:00,-33.54,-33.6,-33.4,12,1.0
2025-05-03 02:00,-33.74,-33.8,-33.7,12,1.0
2025-05-03 03:00,-33.92,-34.0,-33.8,12,1.0
2025-05-03 04:00,-34.16,-34.3,-34.0,12,1.0
2025-05-03 05:00,-34.35,-34.5,-34.2,12,1.0
2025-05-03 06:00,-34.5,-34.6,-34.4,12,1.0
2025-05-03 07:00,-34.65,-34.7,-34.6,12,1.0
2025-05-03 08:00,-34.78,-34.9,-34.7,12,1.0
2025-05-03 09:00,-34.99,-35.1,-34.9,12,1.0
2025-05-03 10:00,-35.19,-35.3,-35.1,12,1.0
2025-05-03 11:00,-35.32,-35.4,-35.3,12,1.0
2025-05-03 12:00,-35.22,-35.3,-35.1,12,1.0
2025-05-03 13:00,-35.06,-35.1,-35.0,12,1.0
2025-05-03 14:00,-35.02,-35.1,-35.0,12,1.0
2025-05-03 15:00,-35.26,-35.4,-35.1,12,1.0
2025-05-03 16:00,-35.55,-35.7,-35.4,12,1.0
2025-05-03 17:00,-35.86,-36.1,-35.7,12,1.0
2025-05-03 18:00,-36.22,-36.4,-36.1,12,1.0
2025-05-03 19:00,-36.55,-36.7,-36.4,12,1.0
2025-05-03 20:00,-36.92,-37.1,-36.7,12,1.0
2025-05-03 21:00,-37.19,-37.3,-37.1,12,1.0
2025-05-03 22:00,-37.43,-37.6,-37.3,12,1.0
2025-05-03 23:00,-37.62,-37.7,-37.5,12,1.0
2025-05-04 00:00,-37.79,-37.9,-37.7,12,1.0
2025-05-04 01:00,-37.98,-38.1,-37.9,12,1.0
2025-05-04 02:00,-38.12,-38.2,-38.0,12,1.0
2025-05-04 03:00,-38.29,-38.4,-38.2,12,1.0
2025-05-04 04:00,-38.43,-38.5,-38.4,12,1.0
2025-05-04 05:00,-38.58,-38.7,-38.5,12,1.0
2025-05-04 06:00,-38.75,-38.8,-38.7,12,1.0
2025-05-04 07:00,-38.85,-39.0,-38.7,12,1.0
2025-05-04 08:00,-39.01,-39.1,-38.9,12,1.0
2025-05-04 09:00,-39.25,-39.4,-39.1,12,1.0
2025-05-04 10:00,-39.45,-39.6,-39.3,12,1.0
2025-05-04 11:00,-39.68,-39.8,-39.6,12,1.0
2025-05-04 12:00,-39.84,-39.9,-39.8,12,1.0
2025-05-04 13:00,-39.92,-40.0,-39.8,12,1.0
2025-05-04 14:00,-40.07,-40.2,-39.9,12,1.0
2025-05-04 15:00,-40.33,-40.5,-40.2,12,1.0
2025-05-04 16:00,-40.67,-40.9,-40.5,12,1.0
2025-05-04 17:00,-40.98,-41.1,-40.8,12,1.0
2025-05-04 18:00,-41.24,-41.4,-41.1,12,1.0
2025-05-04 19:00,-41.46,-41.6,-41.3,12,1.0
2025-05-04 20:00,-41.64,-41.8,-41.5,12,1.0
2025-05-04 21:00,-41.82,-41.9,-41.7,12,1.0
2025-05-04 22:00,-41.98,-42.1,-41.9,12,1.0
2025-05-04 23:00,-42.15,-42.3,-42.0,12,1.0
2025-05-05 00:00,-42.34,-42.4,-42.3,12,1.0
2025-05-05 01:00,-42.49,-42.6,-42.4,12,1.0
2025-05-05 02:00,-42.64,-42.7,-42.5,12,1.0
2025-05-05 03:00,-42.73,-42.8,-42.7,12,1.0
2025-05-05 04:00,-42.85,-42.9,-42.8,12,1.0
2025-05-05 05:00,-42.95,-43.0,-42.9,12,1.0
2025-05-05 06:00,-43.11,-43.3,-43.0,12,1.0
2025-05-05 07:00,-43.25,-43.4,-43.2,12,1.0
2025-05-05 08:00,-43.42,-43.5,-43.3,12,1.0
2025-05-05 09:00,-43.64,-43.7,-43.6,12,1.0
2025-05-05 10:00,-43.85,-44.0,-43.7,12,1.0
2025-05-05 11:00,-44.1,-44.3,-44.0,12,1.0
2025-05-05 12:00,-44.23,-44.3,-44.2,12,1.0
2025-05-05 13:00,-44.52,-44.7,-44.3,12,1.0
2025-05-05 14:00,-44.88,-45.0,-44.7,12,1.0
2025-05-05 15:00,-45.2,-45.3,-45.1,12,1.0
2025-05-05 16:00,-45.44,-45.5,-45.3,12,1.0
2025-05-05 17:00,-45.62,-45.7,-45.5,12,1.0
2025-05-05 18:00,-45.81,-45.9,-45.7,12,1.0
2025-05-05 19:00,-45.95,-46.0,-45.9,12,1.0
2025-05-05 20:00,-46.08,-46.2,-46.0,12,1.0
2025-05-05 21:00,-46.24,-46.3,-46.2,12,1.0
2025-05-05 22:00,-46.34,-46.4,-46.3,12,1.0
2025-05-05 23:00,-46.46,-46.5,-46.4,12,1.0
2025-05-06 00:00,-46.56,-46.6,-46.5,12,1.0
2025-05-06 01:00,-46.66,-46.7,-46.6,12,1.0
2025-05-06 02:00,-46.78,-46.8,-46.7,12,1.0
2025-05-06 03:00,-46.83,-46.9,-46.8,12,1.0
2025-05-06 04:00,-46.89,-46.9,-46.8,12,1.0
2025-05-06 05:00,-47.03,-47.1,-46.9,12,1.0
2025-05-06 06:00,-47.13,-47.2,-47.1,12,1.0
2025-05-06 07:00,-47.31,-47.5,-47.2,12,1.0
2025-05-06 08:00,-47.52,-47.7,-47.4,12,1.0
2025-05-06 09:00,-47.82,-47.9,-47.7,12,1.0
2025-05-06 10:00,-48.02,-48.1,-47.9,12,1.0
2025-05-06 11:00,-48.22,-48.3,-48.1,12,1.0
2025-05-06 12:00,-48.43,-48.5,-48.4,12,1.0
2025-05-06 13:00,-48.46,-48.5,-48.4,12,1.0
2025-05-06 14:00,-48.5,-48.6,-48.4,12,1.0
2025-05-06 15:00,-48.64,-48.7,-48.5,12,1.0
2025-05-06 16:00,-48.78,-48.9,-48.7,12,1.0
2025-05-06 17:00,-49.01,-49.2,-48.9,12,1.0
2025-05-06 18:00,-49.26,-49.4,-49.1,12,1.0
2025-05-06 19:00,-49.52,-49.7,-49.4,12,1.0
2025-05-06 20:00,-49.72,-49.9,-49.6,12,1.0
2025-05-06 21:00,-49.92,-50.0,-49.8,12,1.0
2025-05-06 22:00,-50.11,-50.2,-50.0,12,1.0
2025-05-06 23:00,-50.27,-50.4,-50.2,12,1.0
2025-05-07 00:00,-50.43,-50.5,-50.3,12,1.0
2025-05-07 01:00,-50.58,-50.7,-50.5,12,1.0
2025-05-07 02:00,-50.72,-50.8,-50.6,12,1.0
2025-05-07 03:00,-50.89,-51.0,-50.8,12,1.0
2025-05-07 04:00,-51.02,-51.2,-50.9,12,1.0
2025-05-07 05:00,-51.16,-51.3,-51.1,12,1.0
2025-05-07 06:00,-51.29,-51.3,-51.2,12,1.0
2025-05-07 07:00,-51.43,-51.5,-51.4,12,1.0
2025-05-07 08:00,-51.6,-51.8,-51.5,12,1.0
2025-05-07 09:00,-51.88,-52.1,-51.7,12,1.0
2025-05-07 10:00,-52.29,-52.6,-52.0,12,1.0
2025-05-07 11:00,-52.78,-53.0,-52.6,12,1.0
2025-05-07 12:00,-53.09,-53.2,-53.0,12,1.0
2025-05-07 13:00,-53.34,-53.4,-53.2,12,1.0
2025-05-07 14:00,-53.6,-53.7,-53.5,12,1.0
2025-05-07 15:00,-54.02,-54.3,-53.8,12,1.0
2025-05-07 16:00,-54.47,-54.6,-54.3,12,1.0
2025-05-07 17:00,-54.94,-55.1,-54.7,12,1.0
2025-05-07 18:00,-55.39,-55.5,-55.2,12,1.0
2025-05-07 19:00,-55.68,-55.8,-55.6,12,1.0
2025-05-07 20:00,-55.98,-56.2,-55.8,12,1.0
2025-05-07 21:00,-56.3,-56.5,-56.1,12,1.0
2025-05-07 22:00,-56.53,-56.7,-56.4,12,1.0
2025-05-07 23:00,-56.8,-56.9,-56.7,12,1.0
2025-05-08 00:00,-57.05,-57.2,-56.9,12,1.0
2025-05-08 01:00,-57.34,-57.4,-57.1,12,1.0
2025-05-08 02:00,-57.56,-57.7,-57.4,12,1.0
2025-05-08 03:00,-57.81,-57.9,-57.7,12,1.0
2025-05-08 04:00,-58.02,-58.2,-57.9,12,1.0
2025-05-08 05:00,-58.22,-58.3,-58.1,12,1.0
2025-05-08 06:00,-58.41,-58.5,-58.3,12,1.0
2025-05-08 07:00,-58.61,-58.7,-58.5,12,1.0
2025-05-08 08:00,-58.88,-59.1,-58.7,12,1.0
2025-05-08 09:00,-59.28,-59.5,-59.1,12,1.0
2025-05-08 10:00,-59.8,-60.0,-59.6,12,1.0
2025-05-08 11:00,-60.31,-60.5,-60.1,12,1.0
2025-05-08 12:00,-60.7,-60.9,-60.5,12,1.0
2025-05-08 13:00,-61.12,-61.4,-60.9,12,1.0
2025-05-08 14:00,-61.69,-61.9,-61.5,12,1.0
2025-05-08 15:00,-62.24,-62.5,-62.0,12,1.0
2025-05-08 16:00,-62.85,-63.2,-62.5,12,1.0
2025-05-08 17:00,-63.44,-63.6,-63.2,12,1.0
2025-05-08 18:00,-63.83,-64.0,-63.6,12,1.0
2025-05-08 19:00,-64.12,-64.2,-64.0,12,1.0
2025-05-08 20:00,-64.36,-64.5,-64.2,12,1.0
2025-05-08 21:00,-64.48,-64.6,-64.4,12,1.0
2025-05-08 22:00,-64.65,-64.8,-64.6,12,1.0
2025-05-08 23:00,-64.75,-64.8,-64.7,12,1.0
2025-05-09 00:00,-64.87,-65.0,-64.8,12,1.0
2025-05-09 01:00,-64.98,-65.1,-64.9,12,1.0
2025-05-09 02:00,-65.12,-65.2,-65.0,12,1.0
2025-05-09 03:00,-65.21,-65.3,-65.1,12,1.0
2025-05-09 04:00,-65.32,-65.4,-65.2,12,1.0
2025-05-09 05:00,-65.46,-65.6,-65.4,12,1.0
2025-05-09 06:00,-65.6,-65.7,-65.5,12,1.0
2025-05-09 07:00,-65.74,-65.9,-65.7,12,1.0
2025-05-09 08:00,-65.92,-66.0,-65.8,12,1.0
2025-05-09 09:00,-66.23,-66.4,-66.1,12,1.0
2025-05-09 10:00,-66.64,-66.8,-66.4,12,1.0
2025-05-09 11:00,-67.17,-67.3,-66.9,12,1.0
2025-05-09 12:00,-67.74,-68.0,-67.5,12,1.0
2025-05-09 13:00,-68.34,-68.6,-68.0,12,1.0
2025-05-09 14:00,-69.0,-69.3,-68.7,12,1.0
2025-05-09 15:00,-69.7,-70.1,-69.3,12,1.0
2025-05-09 16:00,-70.54,-70.8,-70.2,12,1.0
2025-05-09 17:00,-71.25,-71.5,-70.9,12,1.0
2025-05-09 18:00,-71.84,-72.1,-71.6,12,1.0
2025-05-09 19:00,-72.2,-72.3,-72.0,12,1.0
2025-05-09 20:00,-72.42,-72.5,-72.3,12,1.0
2025-05-09 21:00,-72.56,-72.7,-72.5,12,1.0
2025-05-09 22:00,-72.68,-72.7,-72.6,12,1.0
2025-05-09 23:00,-72.77,-72.8,-72.7,12,1.0
2025-05-10 00:00,-72.82,-72.9,-72.8,12,1.0
2025-05-10 01:00,-72.86,-72.9,-72.8,12,1.0
2025-05-10 02:00,-72.89,-72.9,-72.8,12,1.0
2025-05-10 03:00,-72.98,-73.0,-72.8,12,1.0
2025-05-10 04:00,-73.03,-73.1,-73.0,12,1.0
2025-05-10 05:00,-73.08,-73.2,-73.0,12,1.0
2025-05-10 06:00,-73.22,-73.3,-73.1,12,1.0
2025-05-10 07:00,-73.31,-73.4,-73.2,12,1.0
2025-05-10 08:00,-73.48,-73.6,-73.4,12,1.0
2025-05-10 09:00,-73.7,-73.9,-73.6,12,1.0
2025-05-10 10:00,-74.09,-74.4,-73.9,12,1.0
2025-05-10 11:00,-74.72,-75.1,-74.4,12,1.0
2025-05-10 12:00,-75.41,-75.7,-75.1,12,1.0
2025-05-10 13:00,-76.37,-76.9,-75.9,12,1.0
2025-05-10 14:00,-77.62,-78.1,-77.0,12,1.0
2025-05-10 15:00,-78.88,-79.6,-78.3,12,1.0
2025-05-10 16:00,-80.1,-80.6,-79.6,12,1.0
2025-05-10 17:00,-81.17,-81.5,-80.8,12,1.0
2025-05-10 18:00,-81.82,-82.0,-81.6,12,1.0
2025-05-10 19:00,-82.17,-82.3,-82.0,12,1.0
2025-05-10 20:00,-82.39,-82.5,-82.3,12,1.0
2025-05-10 21:00,-82.54,-82.7,-82.4,12,1.0
2025-05-10 22:00,-82.63,-82.7,-82.5,12,1.0
2025-05-10 23:00,-82.78,-82.9,-82.6,12,1.0
2025-05-11 00:00,-82.8,-82.9,-82.7,12,1.0
2025-05-11 01:00,-82.82,-82.9,-82.8,12,1.0
2025-05-11 02:00,-82.85,-83.0,-82.7,12,1.0
2025-05-11 03:00,-82.9,-83.0,-82.8,12,1.0
2025-05-11 04:00,-82.97,-83.1,-82.9,12,1.0
2025-05-11 05:00,-83.04,-83.1,-82.9,12,1.0
2025-05-11 06:00,-83.08,-83.2,-83.0,12,1.0
2025-05-11 07:00,-83.12,-83.2,-83.0,12,1.0
2025-05-11 08:00,-83.33,-83.5,-83.2,12,1.0
2025-05-11 09:00,-83.64,-83.8,-83.4,12,1.0
2025-05-11 10:00,-84.03,-84.3,-83.9,12,1.0
2025-05-11 11:00,-84.58,-84.9,-84.3,12,1.0
2025-05-11 12:00,-85.18,-85.5,-84.9,12,1.0
2025-05-11 13:00,-85.59,-85.9,-85.4,12,1.0
2025-05-11 14:00,-85.98,-86.2,-85.8,12,1.0
2025-05-11 15:00,-86.29,-86.5,-86.1,12,1.0
2025-05-11 16:00,-86.58,-86.8,-86.4,12,1.0
2025-05-11 17:00,-86.76,-86.9,-86.6,12,1.0
2025-05-11 18:00,-86.96,-87.1,-86.8,12,1.0
2025-05-11 19:00,-87.21,-87.3,-87.0,12,1.0
2025-05-11 20:00,-87.34,-87.4,-87.3,12,1.0
2025-05-11 21:00,-87.34,-87.5,-87.2,12,1.0
2025-05-11 22:00,-87.28,-87.4,-87.2,12,1.0
2025-05-11 23:00,-87.15,-87.2,-87.1,12,1.0
2025-05-12 00:00,-87.06,-87.1,-87.0,12,1.0
2025-05-12 01:00,-86.96,-87.1,-86.8,12,1.0
2025-05-12 02:00,-86.91,-87.0,-86.8,12,1.0
2025-05-12 03:00,-86.81,-86.9,-86.7,12,1.0
2025-05-12 04:00,-86.7,-86.8,-86.6,12,1.0
2025-05-12 05:00,-86.6,-86.7,-86.5,12,1.0
2025-05-12 06:00,-86.42,-86.5,-86.3,12,1.0
2025-05-12 07:00,-86.29,-86.4,-86.2,12,1.0
2025-05-12 08:00,-86.26,-86.4,-86.2,12,1.0
2025-05-12 09:00,-86.2,-86.3,-86.1,12,1.0
2025-05-12 10:00,-86.46,-86.6,-86.2,12,1.0
2025-05-12 11:00,-86.84,-87.0,-86.5,12,1.0
2025-05-12 12:00,-87.37,-87.8,-87.1,12,1.0
2025-05-12 13:00,-88.24,-88.7,-87.9,12,1.0
2025-05-12 14:00,-89.52,-90.1,-88.9,12,1.0
2025-05-12 15:00,-91.16,-91.8,-90.4,12,1.0
2025-05-12 16:00,-92.64,-93.3,-91.9,12,1.0
2025-05-12 17:00,-93.84,-94.2,-93.4,12,1.0
2025-05-12 18:00,-94.38,-94.5,-94.2,12,1.0
2025-05-12 19:00,-94.45,-94.6,-94.3,12,1.0
2025-05-12 20:00,-94.32,-94.5,-94.1,12,1.0
2025-05-12 21:00,-94.22,-94.4,-94.1,12,1.0
2025-05-12 22:00,-94.05,-94.1,-93.9,12,1.0
2025-05-12 23:00,-93.9,-94.0,-93.8,12,1.0
2025-05-13 00:00,-93.78,-93.9,-93.6,12,1.0
2025-05-13 01:00,-93.61,-93.7,-93.5,12,1.0
2025-05-13 02:00,-93.52,-93.6,-93.4,12,1.0
2025-05-13 03:00,-93.48,-93.6,-93.4,12,1.0
2025-05-13 04:00,-93.46,-93.5,-93.4,12,1.0
2025-05-13 05:00,-93.38,-93.5,-93.3,12,1.0
2025-05-13 06:00,-93.37,-93.5,-93.3,12,1.0
2025-05-13 07:00,-93.32,-93.4,-93.2,12,1.0
2025-05-13 08:00,-93.32,-93.5,-93.3,12,1.0
2025-05-13 09:00,-93.44,-93.6,-93.3,12,1.0
2025-05-13 10:00,-93.72,-94.0,-93.5,12,1.0
2025-05-13 11:00,-94.24,-94.5,-94.0,12,1.0
2025-05-13 12:00,-94.74,-95.0,-94.5,12,1.0
2025-05-13 13:00,-95.2,-95.5,-95.0,12,1.0
2025-05-13 14:00,-95.99,-96.3,-95.7,12,1.0
2025-05-13 15:00,-96.61,-96.8,-96.4,12,1.0
2025-05-13 16:00,-97.0,-97.2,-96.8,12,1.0
2025-05-13 17:00,-97.26,-97.4,-97.1,12,1.0
2025-05-13 18:00,-97.36,-97.4,-97.3,12,1.0
2025-05-13 19:00,-97.38,-97.5,-97.2,12,1.0
2025-05-13 20:00,-97.38,-97.4,-97.3,12,1.0
2025-05-13 21:00,-97.25,-97.4,-97.1,12,1.0
2025-05-13 22:00,-97.03,-97.1,-96.9,12,1.0
2025-05-13 23:00,-96.9,-97.0,-96.8,12,1.0
2025-05-14 00:00,-96.76,-96.9,-96.6,12,1.0
2025-05-14 01:00,-96.63,-96.8,-96.5,12,1.0
2025-05-14 02:00,-96.53,-96.6,-96.4,12,1.0
2025-05-14 03:00,-96.41,-96.5,-96.3,12,1.0
2025-05-14 04:00,-96.38,-96.4,-96.3,12,1.0
2025-05-14 05:00,-96.35,-96.4,-96.3,12,1.0
2025-05-14 06:00,-96.31,-96.4,-96.2,12,1.0
2025-05-14 07:00,-96.2,-96.3,-96.1,12,1.0
2025-05-14 08:00,-96.2,-96.3,-96.0,12,1.0
2025-05-14 09:00,-96.22,-96.3,-96.1,12,1.0
2025-05-14 10:00,-96.42,-96.6,-96.2,12,1.0
2025-05-14 11:00,-96.92,-97.2,-96.6,12,1.0
2025-05-14 12:00,-97.5,-98.0,-97.2,12,1.0
2025-05-14 13:00,-98.54,-99.2,-98.0,12,1.0
2025-05-14 14:00,-100.14,-100.9,-99.3,12,1.0
2025-05-14 15:00,-101.98,-102.8,-101.2,12,1.0
2025-05-14 16:00,-103.72,-104.3,-103.1,12,1.0
2025-05-14 17:00,-104.73,-105.0,-104.3,12,1.0
2025-05-14 18:00,-105.22,-105.4,-105.1,12,1.0
2025-05-14 19:00,-105.51,-105.7,-105.3,12,1.0
2025-05-14 20:00,-105.55,-105.7,-105.4,12,1.0
2025-05-14 21:00,-105.38,-105.6,-105.2,12,1.0
2025-05-14 22:00,-105.15,-105.4,-104.9,12,1.0
2025-05-14 23:00,-104.94,-105.0,-104.8,12,1.0
2025-05-15 00:00,-104.8,-105.0,-104.7,12,1.0
2025-05-15 01:00,-104.69,-104.9,-104.6,12,1.0
2025-05-15 02:00,-104.61,-104.7,-104.5,12,1.0
2025-05-15 03:00,-104.55,-104.7,-104.4,12,1.0
2025-05-15 04:00,-104.49,-104.7,-104.4,12,1.0
2025-05-15 05:00,-104.46,-104.7,-104.4,12,1.0
2025-05-15 06:00,-104.48,-104.6,-104.4,12,1.0
2025-05-15 07:00,-104.46,-104.6,-104.4,12,1.0
2025-05-15 08:00,-104.5,-104.6,-104.4,12,1.0
2025-05-15 09:00,-104.7,-105.0,-104.5,12,1.0
2025-05-15 10:00,-104.95,-105.2,-104.7,12,1.0
2025-05-15 11:00,-105.55,-105.9,-105.3,12,1.0
2025-05-15 12:00,-106.15,-106.4,-105.9,12,1.0
2025-05-15 13:00,-106.66,-106.8,-106.4,12,1.0
2025-05-15 14:00,-106.96,-107.2,-106.7,12,1.0
2025-05-15 15:00,-107.29,-107.4,-107.2,12,1.0
2025-05-15 16:00,-107.58,-107.7,-107.4,12,1.0
2025-05-15 17:00,-107.78,-107.9,-107.6,12,1.0
2025-05-15 18:00,-107.8,-108.0,-107.6,12,1.0
2025-05-15 19:00,-107.77,-107.9,-107.7,12,1.0
2025-05-15 20:00,-107.68,-107.9,-107.5,12,1.0
2025-05-15 21:00,-107.55,-107.7,-107.4,12,1.0
2025-05-15 22:00,-107.45,-107.6,-107.3,12,1.0
2025-05-15 23:00,-107.38,-107.6,-107.3,12,1.0
2025-05-16 00:00,-107.19,-107.3,-107.1,12,1.0
2025-05-16 01:00,-106.98,-107.2,-106.8,12,1.0
2025-05-16 02:00,-106.72,-106.9,-106.6,12,1.0
2025-05-16 03:00,-106.41,-106.6,-106.2,12,1.0
2025-05-16 04:00,-106.1,-106.3,-105.9,12,1.0
2025-05-16 05:00,-105.87,-106.0,-105.7,12,1.0
2025-05-16 06:00,-105.61,-105.7,-105.5,12,1.0
2025-05-16 07:00,-105.4,-105.5,-105.3,12,1.0
2025-05-16 08:00,-105.28,-105.4,-105.2,12,1.0
2025-05-16 09:00,-105.3,-105.4,-105.2,12,1.0
2025-05-16 10:00,-105.44,-105.6,-105.3,12,1.0
2025-05-16 11:00,-105.72,-105.8,-105.6,12,1.0
2025-05-16 12:00,-106.07,-106.3,-105.9,12,1.0
2025-05-16 13:00,-106.48,-106.7,-106.2,12,1.0
2025-05-16 14:00,-107.25,-107.6,-106.9,12,1.0
2025-05-16 15:00,-108.58,-109.6,-107.7,12,1.0
2025-05-16 16:00,-110.38,-111.1,-109.5,12,1.0
2025-05-16 17:00,-111.98,-112.5,-111.4,12,1.0
2025-05-16 18:00,-112.78,-113.0,-112.6,12,1.0
2025-05-16 19:00,-112.92,-113.1,-112.8,12,1.0
2025-05-16 20:00,-112.64,-113.0,-112.2,12,1.0
2025-05-16 21:00,-112.05,-112.4,-111.7,12,1.0
2025-05-16 22:00,-111.67,-111.8,-111.4,12,1.0
2025-05-16 23:00,-111.28,-111.5,-111.1,12,1.0
2025-05-17 00:00,-110.93,-111.1,-110.8,12,1.0
2025-05-17 01:00,-110.62,-110.8,-110.4,12,1.0
2025-05-17 02:00,-110.25,-110.4,-110.0,12,1.0
2025-05-17 03:00,-109.96,-110.1,-109.7,12,1.0
2025-05-17 04:00,-109.67,-109.9,-109.5,12,1.0
2025-05-17 05:00,-109.36,-109.6,-109.1,12,1.0
2025-05-17 06:00,-109.06,-109.3,-108.8,12,1.0
2025-05-17 07:00,-108.84,-109.1,-108.7,12,1.0
2025-05-17 08:00,-108.72,-108.9,-108.6,12,1.0
2025-05-17 09:00,-108.74,-108.9,-108.6,12,1.0
2025-05-17 10:00,-108.99,-109.3,-108.8,12,1.0
2025-05-17 11:00,-109.54,-110.0,-109.3,12,1.0
2025-05-17 12:00,-110.26,-110.8,-109.8,12,1.0
2025-05-17 13:00,-111.63,-112.5,-110.9,12,1.0
2025-05-17 14:00,-113.44,-114.6,-112.5,12,1.0
2025-05-17 15:00,-115.86,-116.8,-114.7,12,1.0
2025-05-17 16:00,-118.18,-119.2,-117.2,12,1.0
2025-05-17 17:00,-120.16,-120.8,-119.3,12,1.0
2025-05-17 18:00,-121.02,-121.2,-120.7,12,1.0
2025-05-17 19:00,-121.12,-121.3,-120.9,12,1.0
2025-05-17 20:00,-120.98,-121.2,-120.8,12,1.0
2025-05-17 21:00,-120.52,-120.8,-120.3,12,1.0
2025-05-17 22:00,-120.15,-120.4,-119.9,12,1.0
2025-05-17 23:00,-119.78,-120.1,-119.6,12,1.0
2025-05-18 00:00,-119.48,-119.6,-119.3,12,1.0
2025-05-18 01:00,-119.12,-119.4,-118.8,12,1.0
2025-05-18 02:00,-118.79,-119.0,-118.7,12,1.0
2025-05-18 03:00,-118.39,-118.6,-118.2,12,1.0
2025-05-18 04:00,-118.09,-118.3,-117.9,12,1.0
2025-05-18 05:00,-117.89,-118.1,-117.6,12,1.0
2025-05-18 06:00,-117.64,-117.8,-117.5,12,1.0
2025-05-18 07:00,-117.53,-117.8,-117.4,12,1.0
2025-05-18 08:00,-117.53,-117.6,-117.3,12,1.0
2025-05-18 09:00,-117.56,-117.7,-117.3,12,1.0
2025-05-18 10:00,-117.93,-118.4,-117.5,12,1.0
2025-05-18 11:00,-118.88,-119.3,-118.4,12,1.0
2025-05-18 12:00,-119.96,-120.5,-119.4,12,1.0
2025-05-18 13:00,-121.29,-121.9,-120.7,12,1.0
2025-05-18 14:00,-122.5,-123.1,-122.0,12,1.0
2025-05-18 15:00,-123.74,-124.4,-122.9,12,1.0
2025-05-18 16:00,-124.92,-125.5,-124.3,12,1.0
2025-05-18 17:00,-125.93,-126.3,-125.5,12,1.0
2025-05-18 18:00,-126.49,-126.7,-126.2,12,1.0
2025-05-18 19:00,-126.75,-126.9,-126.5,12,1.0
2025-05-18 20:00,-126.63,-126.8,-126.5,12,1.0
2025-05-18 21:00,-126.5,-126.7,-126.2,12,1.0
2025-05-18 22:00,-126.27,-126.4,-126.1,12,1.0
2025-05-18 23:00,-126.18,-126.3,-126.0,12,1.0
2025-05-19 00:00,-126.05,-126.2,-125.9,12,1.0
2025-05-19 01:00,-125.92,-126.1,-125.7,12,1.0
2025-05-19 02:00,-125.88,-126.1,-125.7,12,1.0
2025-05-19 03:00,-125.72,-125.9,-125.5,12,1.0
2025-05-19 04:00,-125.62,-125.8,-125.5,12,1.0
2025-05-19 05:00,-125.35,-125.5,-125.1,12,1.0
2025-05-19 06:00,-125.11,-125.3,-125.0,12,1.0
2025-05-19 07:00,-124.92,-125.1,-124.7,12,1.0
2025-05-19 08:00,-124.78,-124.9,-124.7,12,1.0
2025-05-19 09:00,-124.9,-125.2,-124.7,12,1.0
2025-05-19 10:00,-125.39,-125.7,-125.0,12,1.0
2025-05-19 11:00,-126.19,-126.6,-125.9,12,1.0
2025-05-19 12:00,-127.0,-127.4,-126.7,12,1.0
2025-05-19 13:00,-128.6,-129.7,-127.5,12,1.0
2025-05-19 14:00,-131.55,-133.4,-129.9,12,1.0
2025-05-19 15:00,-135.46,-137.2,-133.6,12,1.0
2025-05-19 16:00,-139.45,-141.2,-137.4,12,1.0
2025-05-19 17:00,-143.09,-144.4,-141.7,12,1.0
2025-05-19 18:00,-145.01,-145.5,-144.2,12,1.0
2025-05-19 19:00,-145.73,-145.9,-145.6,12,1.0
2025-05-19 20:00,-145.55,-145.9,-145.3,12,1.0
2025-05-19 21:00,-145.1,-145.4,-144.9,12,1.0
2025-05-19 22:00,-144.55,-144.8,-144.1,12,1.0
2025-05-19 23:00,-144.08,-144.6,-143.6,12,1.0
2025-05-20 00:00,-143.7,-144.1,-143.4,12,1.0
2025-05-20 01:00,-143.42,-143.7,-143.2,12,1.0
2025-05-20 02:00,-143.03,-143.2,-142.8,12,1.0
2025-05-20 03:00,-142.69,-142.9,-142.3,12,1.0
2025-05-20 04:00,-142.35,-142.6,-142.1,12,1.0
2025-05-20 05:00,-142.12,-142.4,-141.8,12,1.0
2025-05-20 06:00,-141.79,-141.9,-141.6,12,1.0
2025-05-20 07:00,-141.81,-142.0,-141.6,12,1.0
2025-05-20 08:00,-141.88,-142.0,-141.8,12,1.0
2025-05-20 09:00,-142.13,-142.5,-141.8,12,1.0
2025-05-20 10:00,-142.99,-143.4,-142.3,12,1.0
2025-05-20 11:00,-143.93,-144.6,-143.4,12,1.0
2025-05-20 12:00,-145.37,-146.2,-144.7,12,1.0
2025-05-20 13:00,-146.95,-147.7,-146.3,12,1.0
2025-05-20 14:00,-148.43,-149.0,-147.6,12,1.0
2025-05-20 15:00,-149.87,-150.4,-149.1,12,1.0
2025-05-20 16:00,-150.81,-151.3,-150.4,12,1.0
2025-05-20 17:00,-151.87,-152.3,-151.4,12,1.0
2025-05-20 18:00,-152.72,-153.0,-152.3,12,1.0
2025-05-20 19:00,-153.15,-153.4,-152.9,12,1.0
2025-05-20 20:00,-153.14,-153.5,-153.0,12,1.0
2025-05-20 21:00,-152.97,-153.2,-152.8,12,1.0
2025-05-20 22:00,-152.77,-153.0,-152.4,12,1.0
2025-05-20 23:00,-152.61,-152.8,-152.4,12,1.0
2025-05-21 00:00,-152.52,-152.8,-152.4,12,1.0
2025-05-21 01:00,-152.34,-152.6,-152.2,12,1.0
2025-05-21 02:00,-152.22,-152.4,-152.0,12,1.0
2025-05-21 03:00,-152.23,-152.4,-152.0,12,1.0
2025-05-21 04:00,-152.26,-152.6,-152.1,12,1.0
2025-05-21 05:00,-152.27,-152.5,-152.0,12,1.0
2025-05-21 06:00,-152.33,-152.5,-152.1,12,1.0
2025-05-21 07:00,-152.42,-152.6,-152.2,12,1.0
2025-05-21 08:00,-152.52,-152.7,-152.2,12,1.0
2025-05-21 09:00,-153.03,-153.5,-152.6,12,1.0
2025-05-21 10:00,-153.97,-154.5,-153.4,12,1.0
2025-05-21 11:00,-155.41,-156.1,-154.7,12,1.0
2025-05-21 12:00,-156.96,-157.9,-156.0,12,1.0
2025-05-21 13:00,-159.01,-159.8,-157.8,12,1.0
2025-05-21 14:00,-160.78,-161.6,-160.0,12,1.0
2025-05-21 15:00,-162.4,-163.0,-161.7,12,1.0
2025-05-21 16:00,-163.6,-163.9,-163.3,12,1.0
2025-05-21 17:00,-164.42,-164.9,-163.9,12,1.0
2025-05-21 18:00,-164.9,-165.3,-164.5,12,1.0
2025-05-21 19:00,-165.3,-165.7,-164.9,12,1.0
2025-05-21 20:00,-165.34,-165.5,-165.0,12,1.0
2025-05-21 21:00,-165.11,-165.4,-164.9,12,1.0
2025-05-21 22:00,-164.69,-165.0,-164.4,12,1.0
2025-05-21 23:00,-164.3,-164.5,-164.0,12,1.0
2025-05-22 00:00,-163.68,-164.1,-163.3,12,1.0
2025-05-22 01:00,-163.27,-163.6,-163.0,12,1.0
2025-05-22 02:00,-162.96,-163.3,-162.5,12,1.0
2025-05-22 03:00,-162.44,-162.7,-162.1,12,1.0
2025-05-22 04:00,-162.04,-162.3,-161.7,12,1.0
2025-05-22 05:00,-161.67,-161.9,-161.5,12,1.0
2025-05-22 06:00,-161.31,-161.6,-161.0,12,1.0
2025-05-22 07:00,-161.12,-161.4,-160.7,12,1.0
2025-05-22 08:00,-161.12,-161.4,-160.8,12,1.0
2025-05-22 09:00,-161.34,-161.6,-161.1,12,1.0
2025-05-22 10:00,-162.19,-162.8,-161.6,12,1.0
2025-05-22 11:00,-163.38,-164.4,-162.4,12,1.0
2025-05-22 12:00,-165.19,-165.9,-164.2,12,1.0
2025-05-22 13:00,-167.08,-168.6,-165.8,12,1.0
2025-05-22 14:00,-170.12,-172.1,-168.7,12,1.0
2025-05-22 15:00,-173.75,-175.1,-172.1,12,1.0
2025-05-22 16:00,-177.16,-178.7,-175.4,12,1.0
2025-05-22 17:00,-180.03,-181.5,-178.9,12,1.0
2025-05-22 18:00,-182.56,-183.3,-181.3,12,1.0
2025-05-22 19:00,-183.81,-184.2,-183.6,12,1.0
2025-05-22 20:00,-184.11,-184.4,-183.7,12,1.0
2025-05-22 21:00,-183.66,-184.3,-183.3,12,1.0
2025-05-22 22:00,-183.26,-183.7,-182.7,12,1.0
2025-05-22 23:00,-182.66,-183.1,-182.2,12,1.0
2025-05-23 00:00,-181.98,-182.5,-181.5,12,1.0
2025-05-23 01:00,-181.43,-181.9,-180.8,12,1.0
2025-05-23 02:00,-180.79,-181.2,-180.3,12,1.0
2025-05-23 03:00,-180.44,-180.8,-180.0,12,1.0
2025-05-23 04:00,-180.17,-180.4,-179.8,12,1.0
2025-05-23 05:00,-179.92,-180.1,-179.7,12,1.0
2025-05-23 06:00,-179.84,-180.1,-179.6,12,1.0
2025-05-23 07:00,-179.78,-180.2,-179.4,12,1.0
2025-05-23 08:00,-179.78,-180.2,-179.4,12,1.0
2025-05-23 09:00,-179.68,-179.9,-179.2,12,1.0
2025-05-23 10:00,-179.35,-179.8,-179.1,12,1.0
2025-05-23 11:00,-179.72,-180.1,-179.3,12,1.0
2025-05-23 12:00,-181.13,-182.2,-180.3,12,1.0
2025-05-23 13:00,-183.77,-185.1,-182.6,12,1.0
2025-05-23 14:00,-187.21,-189.3,-185.3,12,1.0
2025-05-23 15:00,-191.65,-193.7,-189.7,12,1.0
2025-05-23 16:00,-195.65,-197.6,-194.0,12,1.0
2025-05-23 17:00,-200.18,-202.1,-198.2,12,1.0
2025-05-23 18:00,-203.24,-204.0,-202.2,12,1.0
2025-05-23 19:00,-204.31,-204.8,-203.8,12,1.0
2025-05-23 20:00,-204.15,-204.5,-203.3,12,1.0
2025-05-23 21:00,-203.26,-203.9,-202.7,12,1.0
2025-05-23 22:00,-202.22,-203.1,-201.5,12,1.0
2025-05-23 23:00,-201.01,-201.4,-200.6,12,1.0
2025-05-24 00:00,-199.35,-200.2,-198.4,12,1.0
2025-05-24 01:00,-197.88,-198.8,-196.8,12,1.0
2025-05-24 02:00,-196.6,-197.1,-195.7,12,1.0
2025-05-24 03:00,-195.49,-196.2,-194.8,12,1.0
2025-05-24 04:00,-194.44,-195.0,-194.0,12,1.0
2025-05-24 05:00,-193.57,-194.3,-193.1,12,1.0
2025-05-24 06:00,-192.54,-193.0,-191.9,12,1.0
2025-05-24 07:00,-191.65,-192.1,-191.1,12,1.0
2025-05-24 08:00,-191.03,-191.4,-190.7,12,1.0
2025-05-24 09:00,-190.73,-191.1,-190.5,12,1.0
2025-05-24 10:00,-191.08,-192.0,-190.5,12,1.0
2025-05-24 11:00,-193.09,-194.5,-192.0,12,1.0
2025-05-24 12:00,-196.81,-198.7,-194.9,12,1.0
2025-05-24 13:00,-199.85,-201.2,-198.3,12,1.0
2025-05-24 14:00,-203.32,-205.4,-201.6,12,1.0
2025-05-24 15:00,-207.11,-208.5,-205.4,12,1.0
2025-05-24 16:00,-210.09,-211.5,-209.0,12,1.0
2025-05-24 17:00,-213.21,-214.2,-211.6,12,1.0
2025-05-24 18:00,-215.68,-216.9,-214.9,12,1.0
2025-05-24 19:00,-216.87,-217.4,-216.2,12,1.0
2025-05-24 20:00,-217.05,-217.3,-216.7,12,1.0
2025-05-24 21:00,-216.22,-216.8,-215.6,12,1.0
2025-05-24 22:00,-215.3,-216.0,-214.7,12,1.0
2025-05-24 23:00,-213.83,-214.6,-212.7,12,1.0
2025-05-25 00:00,-212.12,-213.0,-211.2,12,1.0
2025-05-25 01:00,-210.4,-211.2,-209.8,12,1.0
2025-05-25 02:00,-208.79,-209.6,-207.9,12,1.0
2025-05-25 03:00,-207.67,-208.5,-206.8,12,1.0
2025-05-25 04:00,-206.58,-207.7,-206.0,12,1.0
2025-05-25 05:00,-205.43,-206.3,-205.0,12,1.0
2025-05-25 06:00,-204.37,-205.1,-204.0,12,1.0
2025-05-25 07:00,-203.62,-204.1,-202.9,12,1.0
2025-05-25 08:00,-202.89,-203.7,-202.2,12,1.0
2025-05-25 09:00,-202.28,-202.8,-201.7,12,1.0
2025-05-25 10:00,-202.58,-203.4,-202.0,12,1.0
2025-05-25 11:00,-204.39,-206.0,-203.0,12,1.0
2025-05-25 12:00,-208.83,-211.0,-206.2,12,1.0
2025-05-25 13:00,-214.23,-216.6,-211.6,12,1.0
2025-05-25 14:00,-219.38,-221.7,-216.9,12,1.0
2025-05-25 15:00,-224.54,-227.4,-222.0,12,1.0
2025-05-25 16:00,-230.48,-233.4,-228.0,12,1.0
2025-05-25 17:00,-236.32,-238.8,-233.5,12,1.0
2025-05-25 18:00,-240.52,-242.0,-239.1,12,1.0
2025-05-25 19:00,-242.47,-242.9,-241.9,12,1.0
2025-05-25 20:00,-242.82,-243.4,-242.3,12,1.0
2025-05-25 21:00,-241.2,-242.2,-240.0,12,1.0
2025-05-25 22:00,-239.27,-240.4,-238.5,12,1.0
2025-05-25 23:00,-237.04,-238.2,-235.7,12,1.0
2025-05-26 00:00,-235.24,-236.0,-234.5,12,1.0
2025-05-26 01:00,-233.44,-234.3,-232.6,12,1.0
2025-05-26 02:00,-232.05,-232.7,-231.0,12,1.0
2025-05-26 03:00,-230.36,-230.9,-229.7,12,1.0
2025-05-26 04:00,-228.68,-229.6,-227.4,12,1.0
2025-05-26 05:00,-226.82,-227.9,-226.3,12,1.0
2025-05-26 06:00,-225.4,-226.1,-224.9,12,1.0
2025-05-26 07:00,-223.92,-225.1,-223.1,12,1.0
2025-05-26 08:00,-222.68,-223.3,-221.7,12,1.0
2025-05-26 09:00,-222.02,-222.5,-221.8,12,1.0
2025-05-26 10:00,-222.4,-223.0,-221.5,12,1.0
2025-05-26 11:00,-225.36,-226.9,-223.0,12,1.0
2025-05-26 12:00,-229.86,-232.2,-227.8,12,1.0
2025-05-26 13:00,-235.85,-238.7,-233.1,12,1.0
2025-05-26 14:00,-242.19,-244.7,-239.3,12,1.0
2025-05-26 15:00,-248.38,-251.8,-245.1,12,1.0
2025-05-26 16:00,-254.76,-258.0,-252.1,12,1.0
2025-05-26 17:00,-261.51,-264.1,-258.2,12,1.0
2025-05-26 18:00,-266.64,-268.5,-264.8,12,1.0
2025-05-26 19:00,-269.28,-270.3,-268.3,12,1.0
2025-05-26 20:00,-269.98,-270.8,-269.3,12,1.0
2025-05-26 21:00,-269.07,-270.0,-268.4,12,1.0
2025-05-26 22:00,-267.53,-268.2,-266.8,12,1.0
2025-05-26 23:00,-266.32,-266.9,-265.5,12,1.0
2025-05-27 00:00,-264.97,-265.9,-264.2,12,1.0
2025-05-27 01:00,-263.21,-264.2,-262.3,12,1.0
2025-05-27 02:00,-261.84,-262.9,-261.0,12,1.0
2025-05-27 03:00,-260.42,-261.5,-259.5,12,1.0
2025-05-27 04:00,-259.1,-259.8,-258.2,12,1.0
2025-05-27 05:00,-257.88,-258.9,-257.0,12,1.0
2025-05-27 06:00,-256.2,-257.2,-255.5,12,1.0
2025-05-27 07:00,-254.79,-255.3,-253.9,12,1.0
2025-05-27 08:00,-254.02,-254.6,-253.4,12,1.0
2025-05-27 09:00,-253.54,-254.3,-253.1,12,1.0
2025-05-27 10:00,-253.91,-255.0,-253.0,12,1.0
2025-05-27 11:00,-256.58,-258.4,-254.9,12,1.0
2025-05-27 12:00,-261.03,-263.1,-259.2,12,1.0
2025-05-27 13:00,-265.73,-267.9,-262.8,12,1.0
2025-05-27 14:00,-270.58,-273.7,-268.0,12,1.0
2025-05-27 15:00,-276.6,-279.3,-273.6,12,1.0
2025-05-27 16:00,-282.93,-286.8,-280.0,12,1.0
2025-05-27 17:00,-289.86,-292.6,-287.0,12,1.0
2025-05-27 18:00,-295.92,-298.0,-293.8,12,1.0
2025-05-27 19:00,-299.26,-300.9,-297.7,12,1.0
2025-05-27 20:00,-300.38,-301.3,-299.9,12,1.0
2025-05-27 21:00,-300.05,-300.5,-299.0,12,1.0
2025-05-27 22:00,-299.1,-300.4,-297.7,12,1.0
2025-05-27 23:00,-297.22,-298.7,-296.1,12,1.0
2025-05-28 00:00,-295.41,-296.6,-294.4,12,1.0
2025-05-28 01:00,-292.84,-294.4,-291.3,12,1.0
2025-05-28 02:00,-291.0,-292.5,-289.5,12,1.0
2025-05-28 03:00,-288.7,-290.9,-287.0,12,1.0
2025-05-28 04:00,-286.33,-287.5,-284.6,12,1.0
2025-05-28 05:00,-283.88,-285.0,-282.9,12,1.0
2025-05-28 06:00,-282.34,-283.1,-281.1,12,1.0
2025-05-28 07:00,-280.54,-281.5,-279.5,12,1.0
2025-05-28 08:00,-278.98,-280.0,-278.3,12,1.0
2025-05-28 09:00,-277.82,-278.2,-277.2,12,1.0
2025-05-28 10:00,-278.35,-279.1,-277.3,12,1.0
2025-05-28 11:00,-281.31,-284.5,-278.9,12,1.0
2025-05-28 12:00,-287.29,-290.3,-284.4,12,1.0
2025-05-28 13:00,-294.45,-298.7,-290.7,12,1.0
2025-05-28 14:00,-302.61,-306.1,-299.6,12,1.0
2025-05-28 15:00,-310.79,-314.4,-307.0,12,1.0
2025-05-28 16:00,-318.6,-322.8,-314.0,12,1.0
2025-05-28 17:00,-327.03,-330.8,-323.2,12,1.0
2025-05-28 18:00,-334.02,-336.1,-331.3,12,1.0
2025-05-28 19:00,-338.82,-340.2,-336.1,12,1.0
2025-05-28 20:00,-341.37,-342.8,-340.2,12,1.0
2025-05-28 21:00,-342.39,-342.8,-341.6,12,1.0
2025-05-28 22:00,-342.25,-343.1,-341.4,12,1.0
2025-05-28 23:00,-340.86,-342.0,-338.9,12,1.0
2025-05-29 00:00,-339.1,-340.9,-338.2,12,1.0
2025-05-29 01:00,-336.92,-338.0,-335.8,12,1.0
2025-05-29 02:00,-334.56,-335.8,-333.7,12,1.0
2025-05-29 03:00,-332.93,-334.4,-332.1,12,1.0
2025-05-29 04:00,-331.05,-332.3,-329.8,12,1.0
2025-05-29 05:00,-328.28,-329.9,-326.4,12,1.0
2025-05-29 06:00,-325.64,-327.4,-324.3,12,1.0
2025-05-29 07:00,-323.24,-324.6,-321.9,12,1.0
2025-05-29 08:00,-321.88,-322.8,-320.5,12,1.0
2025-05-29 09:00,-321.07,-322.4,-320.3,12,1.0
2025-05-29 10:00,-321.6,-322.9,-320.3,12,1.0
2025-05-29 11:00,-325.26,-327.8,-323.1,12,1.0
2025-05-29 12:00,-331.08,-334.3,-327.9,12,1.0
2025-05-29 13:00,-338.62,-342.8,-334.5,12,1.0
2025-05-29 14:00,-346.98,-350.6,-343.5,12,1.0
2025-05-29 15:00,-355.01,-357.8,-351.1,12,1.0
2025-05-29 16:00,-362.61,-367.1,-358.2,12,1.0
2025-05-29 17:00,-372.68,-377.5,-367.8,12,1.0
2025-05-29 18:00,-382.68,-385.8,-378.4,12,1.0
2025-05-29 19:00,-389.08,-391.7,-385.9,12,1.0
2025-05-29 20:00,-392.85,-393.7,-391.4,12,1.0
2025-05-29 21:00,-395.31,-397.3,-394.4,12,1.0
2025-05-29 22:00,-395.7,-396.6,-395.0,12,1.0
2025-05-29 23:00,-395.03,-396.6,-394.3,12,1.0
2025-05-30 00:00,-391.37,-393.5,-388.7,12,1.0
2025-05-30 01:00,-388.53,-390.0,-386.7,12,1.0
2025-05-30 02:00,-385.5,-387.3,-383.4,12,1.0
2025-05-30 03:00,-380.66,-383.0,-378.1,12,1.0
2025-05-30 04:00,-376.36,-378.5,-374.5,12,1.0
2025-05-30 05:00,-372.11,-374.5,-370.2,12,1.0
2025-05-30 06:00,-367.97,-369.8,-365.5,12,1.0
2025-05-30 07:00,-363.99,-366.3,-362.2,12,1.0
2025-05-30 08:00,-360.6,-363.0,-358.1,12,1.0
2025-05-30 09:00,-357.64,-359.3,-356.4,12,1.0
2025-05-30 10:00,-357.9,-359.7,-356.5,12,1.0
2025-05-30 11:00,-361.33,-365.9,-358.2,12,1.0
2025-05-30 12:00,-369.92,-374.7,-365.2,12,1.0
2025-05-30 13:00,-380.33,-384.4,-374.8,12,1.0
2025-05-30 14:00,-389.09,-393.9,-384.3,12,1.0
2025-05-30 15:00,-398.35,-402.8,-394.4,12,1.0
2025-05-30 16:00,-406.25,-411.1,-401.8,12,1.0
2025-05-30 17:00,-417.2,-423.7,-411.0,12,1.0
2025-05-30 18:00,-429.04,-434.1,-424.3,12,1.0
2025-05-30 19:00,-439.66,-443.7,-435.2,12,1.0
2025-05-30 20:00,-447.18,-450.9,-442.7,12,1.0
2025-05-30 21:00,-451.09,-453.2,-447.8,12,1.0
2025-05-30 22:00,-453.17,-453.8,-452.6,12,1.0
2025-05-30 23:00,-453.45,-454.5,-452.6,12,1.0
2025-05-31 00:00,-453.28,-454.4,-452.3,12,1.0
2025-05-31 01:00,-452.28,-454.3,-450.6,12,1.0
2025-05-31 02:00,-449.98,-452.2,-448.2,12,1.0
2025-05-31 03:00,-446.15,-448.2,-442.9,12,1.0
2025-05-31 04:00,-442.08,-444.2,-440.3,12,1.0
2025-05-31 05:00,-437.72,-440.1,-436.2,12,1.0
2025-05-31 06:00,-433.61,-435.7,-431.1,12,1.0
2025-05-31 07:00,-428.81,-431.3,-426.3,12,1.0
2025-05-31 08:00,-424.17,-427.1,-422.2,12,1.0
2025-05-31 09:00,-420.55,-421.9,-419.4,12,1.0
2025-05-31 10:00,-420.02,-422.0,-418.2,12,1.0
2025-05-31 11:00,-424.65,-428.0,-421.3,12,1.0
2025-05-31 12:00,-432.89,-436.8,-428.1,12,1.0
2025-05-31 13:00,-443.33,-447.9,-438.6,12,1.0
2025-05-31 14:00,-451.77,-455.8,-448.4,12,1.0
2025-05-31 15:00,-458.49,-462.2,-454.5,12,1.0
2025-05-31 16:00,-467.37,-474.0,-461.7,12,1.0
2025-05-31 17:00,-480.32,-486.5,-475.2,12,1.0
2025-05-31 18:00,-497.86,-504.0,-490.3,12,1.0
2025-05-31 19:00,-513.33,-520.5,-505.5,12,1.0
2025-05-31 20:00,-527.06,-532.1,-521.5,12,1.0
2025-05-31 21:00,-538.47,-542.4,-533.3,12,1.0
2025-05-31 22:00,-544.68,-547.6,-541.2,12,1.0
2025-05-31 23:00,-548.76,-550.9,-546.8,12,1.0
2025-06-01 00:00,-550.62,-551.9,-549.2,12,1.0
2025-06-01 01:00,-550.18,-551.4,-549.0,12,1.0
2025-06-01 02:00,-549.5,-551.8,-546.0,12,1.0
2025-06-01 03:00,-547.51,-548.9,-545.0,12,1.0
2025-06-01 04:00,-544.92,-546.5,-543.1,12,1.0
2025-06-01 05:00,-539.23,-543.2,-535.3,12,1.0
2025-06-01 06:00,-531.87,-536.9,-526.9,12,1.0
2025-06-01 07:00,-523.63,-528.2,-519.0,12,1.0
2025-06-01 08:00,-517.08,-520.9,-513.1,12,1.0
2025-06-01 09:00,-509.64,-513.1,-507.5,12,1.0
2025-06-01 10:00,-508.13,-510.5,-505.1,12,1.0
2025-06-01 11:00,-512.94,-516.8,-507.7,12,1.0
2025-06-01 12:00,-521.75,-526.4,-516.5,12,1.0
2025-06-01 13:00,-531.83,-535.7,-526.6,12,1.0
2025-06-01 14:00,-540.98,-544.9,-536.7,12,1.0
2025-06-01 15:00,-551.79,-557.6,-547.5,12,1.0
2025-06-01 16:00,-562.46,-570.0,-558.0,12,1.0
2025-06-01 17:00,-576.7,-584.2,-569.2,12,1.0
2025-06-01 18:00,-596.19,-605.2,-587.2,12,1.0
2025-06-01 19:00,-616.46,-625.5,-604.6,12,1.0
2025-06-01 20:00,-635.28,-644.5,-627.2,12,1.0
2025-06-01 21:00,-651.21,-660.2,-643.4,12,1.0
2025-06-01 22:00,-664.32,-669.0,-657.7,12,1.0
2025-06-01 23:00,-672.56,-675.5,-668.3,12,1.0
2025-06-02 00:00,-676.78,-681.1,-673.0,12,1.0
2025-06-02 01:00,-680.89,-682.3,-677.0,12,1.0
2025-06-02 02:00,-682.2,-683.9,-680.1,12,1.0
2025-06-02 03:00,-681.81,-684.7,-678.6,12,1.0
2025-06-02 04:00,-679.38,-681.2,-675.9,12,1.0
2025-06-02 05:00,-676.87,-680.1,-675.0,12,1.0
2025-06-02 06:00,-674.71,-677.6,-673.3,12,1.0
2025-06-02 07:00,-671.11,-675.6,-666.2,12,1.0
2025-06-02 08:00,-665.39,-667.6,-662.5,12,1.0
2025-06-02 09:00,-661.95,-665.0,-657.3,12,1.0
2025-06-02 10:00,-660.66,-662.8,-658.9,12,1.0
2025-06-02 11:00,-669.45,-676.7,-662.4,12,1.0
2025-06-02 12:00,-680.03,-684.1,-673.4,12,1.0
2025-06-02 13:00,-691.59,-697.3,-687.5,12,1.0
2025-06-02 14:00,-701.16,-705.8,-696.6,12,1.0
2025-06-02 15:00,-712.26,-717.1,-705.5,12,1.0
2025-06-02 16:00,-725.6,-731.5,-720.1,12,1.0
2025-06-02 17:00,-738.74,-748.2,-729.8,12,1.0
2025-06-02 18:00,-757.91,-767.2,-747.8,12,1.0
2025-06-02 19:00,-779.02,-787.8,-770.2,12,1.0
2025-06-02 20:00,-799.78,-810.4,-790.7,12,1.0
2025-06-02 21:00,-818.34,-826.0,-807.0,12,1.0
2025-06-02 22:00,-835.94,-842.0,-826.4,12,1.0
2025-06-02 23:00,-848.9,-854.5,-842.9,12,1.0
2025-06-03 00:00,-859.2,-863.8,-851.7,12,1.0
2025-06-03 01:00,-866.4,-871.6,-864.4,12,1.0
2025-06-03 02:00,-870.1,-873.2,-866.4,12,1.0
2025-06-03 03:00,-871.25,-875.4,-867.0,12,1.0
2025-06-03 04:00,-869.8,-875.8,-865.0,12,1.0
2025-06-03 05:00,-865.03,-867.0,-861.6,12,1.0
2025-06-03 06:00,-859.23,-863.2,-852.7,12,1.0
2025-06-03 07:00,-850.26,-858.2,-844.5,12,1.0
2025-06-03 08:00,-836.4,-843.7,-826.0,12,1.0
2025-06-03 09:00,-818.96,-827.2,-809.1,12,1.0
2025-06-03 10:00,-807.67,-811.9,-803.1,12,1.0
2025-06-03 11:00,-810.83,-813.9,-805.4,12,1.0
2025-06-03 12:00,-822.71,-835.2,-812.8,12,1.0
2025-06-03 13:00,-837.78,-845.7,-830.6,12,1.0
2025-06-03 14:00,-856.92,-867.0,-848.2,12,1.0
2025-06-03 15:00,-874.03,-882.3,-862.8,12,1.0
2025-06-03 16:00,-890.99,-898.0,-881.2,12,1.0
2025-06-03 17:00,-908.08,-917.7,-896.6,12,1.0
2025-06-03 18:00,-928.68,-939.3,-916.6,12,1.0
2025-06-03 19:00,-952.72,-965.2,-937.6,12,1.0
2025-06-03 20:00,-974.92,-987.2,-963.8,12,1.0
2025-06-03 21:00,-996.92,-1006.9,-986.5,12,1.0
2025-06-03 22:00,-1015.22,-1021.4,-1005.8,12,1.0
2025-06-03 23:00,-1031.75,-1041.1,-1016.7,12,1.0
2025-06-04 00:00,-1047.88,-1055.8,-1033.2,12,1.0
2025-06-04 01:00,-1060.33,-1071.0,-1054.9,12,1.0
2025-06-04 02:00,-1069.62,-1076.5,-1063.2,12,1.0
2025-06-04 03:00,-1078.03,-1084.9,-1072.7,12,1.0
2025-06-04 04:00,-1083.52,-1088.9,-1077.9,12,1.0
2025-06-04 05:00,-1089.23,-1093.9,-1083.4,12,1.0
2025-06-04 06:00,-1089.52,-1097.5,-1084.9,12,1.0
2025-06-04 07:00,-1087.72,-1093.7,-1083.2,12,1.0
2025-06-04 08:00,-1083.02,-1090.7,-1079.4,12,1.0
2025-06-04 09:00,-1075.09,-1083.4,-1066.1,12,1.0
2025-06-04 10:00,-1064.99,-1071.0,-1060.7,12,1.0
2025-06-04 11:00,-1061.48,-1066.8,-1055.6,12,1.0
2025-06-04 12:00,-1072.11,-1079.7,-1065.6,12,1.0
2025-06-04 13:00,-1079.83,-1086.7,-1075.2,12,1.0
2025-06-04 14:00,-1095.95,-1103.3,-1085.9,12,1.0
2025-06-04 15:00,-1108.55,-1115.8,-1102.0,12,1.0
2025-06-04 16:00,-1115.1,-1118.4,-1110.4,12,1.0
2025-06-04 17:00,-1128.82,-1137.4,-1119.2,12,1.0
2025-06-04 18:00,-1154.19,-1168.1,-1140.0,12,1.0
2025-06-04 19:00,-1180.37,-1193.7,-1167.3,12,1.0
2025-06-04 20:00,-1207.45,-1228.3,-1195.1,12,1.0
2025-06-04 21:00,-1234.4,-1247.9,-1217.3,12,1.0
2025-06-04 22:00,-1259.79,-1275.5,-1246.8,12,1.0
2025-06-04 23:00,-1283.41,-1295.1,-1266.2,12,1.0
2025-06-05 00:00,-1299.32,-1314.0,-1284.7,12,1.0
2025-06-05 01:00,-1315.81,-1325.9,-1308.0,12,1.0
2025-06-05 02:00,-1333.91,-1346.2,-1321.0,12,1.0
2025-06-05 03:00,-1348.28,-1356.1,-1337.8,12,1.0
2025-06-05 04:00,-1362.63,-1368.0,-1357.7,12,1.0
2025-06-05 05:00,-1374.0,-1383.2,-1364.6,12,1.0
2025-06-05 06:00,-1384.52,-1396.4,-1376.2,12,1.0
2025-06-05 07:00,-1394.47,-1403.4,-1381.6,12,1.0
2025-06-05 08:00,-1397.66,-1405.4,-1387.4,12,1.0
2025-06-05 09:00,-1398.45,-1406.4,-1391.5,12,1.0
2025-06-05 10:00,-1393.37,-1410.2,-1385.5,12,1.0
2025-06-05 11:00,-1391.94,-1397.3,-1383.2,12,1.0
2025-06-05 12:00,-1390.32,-1398.9,-1377.5,12,1.0
2025-06-05 13:00,-1390.59,-1401.5,-1379.7,12,1.0
2025-06-05 14:00,-1385.29,-1398.3,-1379.1,12,1.0
2025-06-05 15:00,-1376.51,-1387.1,-1369.6,12,1.0
2025-06-05 16:00,-1370.74,-1378.5,-1362.7,12,1.0
2025-06-05 17:00,-1373.64,-1385.8,-1362.4,12,1.0
2025-06-05 18:00,-1396.82,-1411.2,-1382.3,12,1.0
2025-06-05 19:00,-1421.65,-1435.5,-1406.0,12,1.0
2025-06-05 20:00,-1455.62,-1470.9,-1436.5,12,1.0
2025-06-05 21:00,-1495.64,-1537.4,-1472.0,12,1.0
2025-06-05 22:00,-1532.81,-1554.9,-1508.7,12,1.0
2025-06-05 23:00,-1569.38,-1598.4,-1549.2,12,1.0
2025-06-06 00:00,-1602.82,-1617.3,-1577.6,12,1.0
2025-06-06 01:00,-1631.0,-1645.5,-1612.1,12,1.0
2025-06-06 02:00,-1657.88,-1673.0,-1637.9,12,1.0
2025-06-06 03:00,-1677.79,-1693.5,-1660.0,12,1.0
2025-06-06 04:00,-1701.15,-1710.8,-1685.4,12,1.0
2025-06-06 05:00,-1717.39,-1727.8,-1706.5,12,1.0
2025-06-06 06:00,-1731.47,-1752.7,-1718.7,12,1.0
2025-06-06 07:00,-1747.62,-1754.7,-1739.0,12,1.0
2025-06-06 08:00,-1752.52,-1762.8,-1742.6,12,1.0
2025-06-06 09:00,-1759.43,-1769.7,-1748.6,12,1.0
2025-06-06 10:00,-1764.17,-1782.8,-1746.2,12,1.0
2025-06-06 11:00,-1756.39,-1766.8,-1747.4,12,1.0
2025-06-06 12:00,-1743.28,-1758.7,-1727.8,12,1.0
2025-06-06 13:00,-1729.72,-1742.6,-1712.4,12,1.0
2025-06-06 14:00,-1710.31,-1718.3,-1697.1,12,1.0
2025-06-06 15:00,-1687.4,-1704.9,-1666.8,12,1.0
2025-06-06 16:00,-1673.02,-1690.8,-1662.2,12,1.0
2025-06-06 17:00,-1669.2,-1681.5,-1656.1,12,1.0
2025-06-06 18:00,-1695.51,-1707.2,-1676.1,12,1.0
2025-06-06 19:00,-1726.58,-1750.2,-1701.4,12,1.0
2025-06-06 20:00,-1770.22,-1798.4,-1746.6,12,1.0
2025-06-06 21:00,-1819.73,-1842.4,-1792.6,12,1.0
2025-06-06 22:00,-1858.69,-1876.7,-1836.5,12,1.0
2025-06-06 23:00,-1889.73,-1908.5,-1872.4,12,1.0
2025-06-07 00:00,-1915.99,-1933.7,-1897.6,12,1.0
2025-06-07 01:00,-1935.39,-1961.5,-1899.7,12,1.0
2025-06-07 02:00,-1962.92,-1975.6,-1936.8,12,1.0
2025-06-07 03:00,-1980.08,-1994.3,-1966.5,12,1.0
2025-06-07 04:00,-2000.45,-2020.7,-1984.2,12,1.0
2025-06-07 05:00,-2010.02,-2031.9,-1987.4,12,1.0
2025-06-07 06:00,-2030.33,-2043.1,-2015.6,12,1.0
2025-06-07 07:00,-2037.67,-2046.9,-2025.8,12,1.0
2025-06-07 08:00,-2050.55,-2065.8,-2026.3,12,1.0
2025-06-07 09:00,-2045.93,-2063.0,-2030.9,12,1.0
2025-06-07 10:00,-2038.12,-2069.2,-2018.8,12,1.0
2025-06-07 11:00,-2017.09,-2032.8,-2002.1,12,1.0
2025-06-07 12:00,-1990.08,-2013.2,-1977.9,12,1.0
2025-06-07 13:00,-1967.16,-1983.3,-1946.2,12,1.0
2025-06-07 14:00,-1939.8,-1956.6,-1926.6,12,1.0
2025-06-07 15:00,-1902.44,-1918.2,-1877.1,12,1.0
2025-06-07 16:00,-1872.38,-1887.1,-1854.8,12,1.0
2025-06-07 17:00,-1871.12,-1879.7,-1859.5,12,1.0
2025-06-07 18:00,-1888.45,-1906.8,-1871.1,12,1.0
2025-06-07 19:00,-1925.73,-1943.5,-1904.6,12,1.0
2025-06-07 20:00,-1955.31,-1969.7,-1936.0,12,1.0
2025-06-07 21:00,-1987.21,-2006.8,-1962.4,12,1.0
2025-06-07 22:00,-2012.56,-2031.4,-1987.4,12,1.0
2025-06-07 23:00,-2034.38,-2051.1,-2008.1,12,1.0
2025-06-08 00:00,-2061.37,-2072.5,-2045.0,12,1.0
2025-06-08 01:00,-2079.07,-2094.1,-2061.6,12,1.0
2025-06-08 02:00,-2086.41,-2105.7,-2058.2,12,1.0
2025-06-08 03:00,-2111.95,-2131.1,-2093.1,12,1.0
2025-06-08 04:00,-2123.88,-2134.0,-2110.1,12,1.0
2025-06-08 05:00,-2144.92,-2157.7,-2127.6,12,1.0
2025-06-08 06:00,-2151.57,-2168.2,-2134.5,12,1.0
2025-06-08 07:00,-2164.95,-2190.8,-2146.3,12,1.0
2025-06-08 08:00,-2172.88,-2190.8,-2153.3,12,1.0
2025-06-08 09:00,-2172.99,-2186.7,-2159.2,12,1.0
2025-06-08 10:00,-2156.13,-2170.7,-2141.9,12,1.0
2025-06-08 11:00,-2139.34,-2167.7,-2117.9,12,1.0
2025-06-08 12:00,-2098.11,-2133.5,-2077.3,12,1.0
2025-06-08 13:00,-2049.02,-2077.3,-2026.7,12,1.0
2025-06-08 14:00,-2014.86,-2034.7,-1998.5,12,1.0
2025-06-08 15:00,-1982.94,-1998.0,-1962.4,12,1.0
2025-06-08 16:00,-1964.9,-1987.9,-1948.5,12,1.0
2025-06-08 17:00,-1962.85,-1988.4,-1945.8,12,1.0
2025-06-08 18:00,-1981.82,-2000.8,-1961.1,12,1.0
2025-06-08 19:00,-2017.42,-2046.9,-1997.1,12,1.0
2025-06-08 20:00,-2035.01,-2050.2,-2021.1,12,1.0
2025-06-08 21:00,-2055.97,-2066.8,-2036.1,12,1.0
2025-06-08 22:00,-2085.33,-2109.6,-2057.3,12,1.0
2025-06-08 23:00,-2106.31,-2138.9,-2090.7,12,1.0
2025-06-09 00:00,-2124.26,-2137.0,-2104.2,12,1.0
2025-06-09 01:00,-2140.72,-2160.2,-2116.9,12,1.0
2025-06-09 02:00,-2157.46,-2173.7,-2140.4,12,1.0
2025-06-09 03:00,-2164.26,-2185.7,-2151.8,12,1.0
2025-06-09 04:00,-2185.58,-2196.3,-2174.7,12,1.0
2025-06-09 05:00,-2192.93,-2211.5,-2174.7,12,1.0
2025-06-09 06:00,-2204.02,-2228.9,-2185.2,12,1.0
2025-06-09 07:00,-2225.32,-2242.8,-2210.0,12,1.0
2025-06-09 08:00,-2232.38,-2249.5,-2212.6,12,1.0
2025-06-09 09:00,-2227.38,-2248.5,-2215.6,12,1.0
2025-06-09 10:00,-2215.96,-2239.2,-2188.2,12,1.0
2025-06-09 11:00,-2189.05,-2208.5,-2158.2,12,1.0
2025-06-09 12:00,-2140.33,-2166.7,-2117.9,12,1.0
2025-06-09 13:00,-2105.33,-2129.1,-2077.3,12,1.0
2025-06-09 14:00,-2065.4,-2083.5,-2041.7,12,1.0
2025-06-09 15:00,-2021.4,-2039.8,-2001.2,12,1.0
2025-06-09 16:00,-2000.18,-2027.2,-1988.4,12,1.0
2025-06-09 17:00,-1993.54,-2007.7,-1974.2,12,1.0
2025-06-09 18:00,-2005.71,-2017.9,-1988.8,12,1.0
2025-06-09 19:00,-2034.08,-2055.9,-2004.0,12,1.0
2025-06-09 20:00,-2060.12,-2068.7,-2041.7,12,1.0
2025-06-09 21:00,-2083.27,-2116.9,-2062.5,12,1.0
2025-06-09 22:00,-2107.47,-2123.2,-2090.2,12,1.0
2025-06-09 23:00,-2130.18,-2151.3,-2115.4,12,1.0
2025-06-10 00:00,-2152.74,-2181.2,-2127.6,12,1.0
2025-06-10 01:00,-2170.97,-2191.8,-2149.8,12,1.0
2025-06-10 02:00,-2193.11,-2210.0,-2174.2,12,1.0
2025-06-10 03:00,-2202.81,-2221.2,-2184.7,12,1.0
2025-06-10 04:00,-2214.94,-2236.6,-2183.2,12,1.0
2025-06-10 05:00,-2234.05,-2256.3,-2213.6,12,1.0
2025-06-10 06:00,-2245.6,-2257.3,-2219.7,12,1.0
2025-06-10 07:00,-2258.31,-2278.2,-2242.8,12,1.0
2025-06-10 08:00,-2269.18,-2294.5,-2250.6,12,1.0
2025-06-10 09:00,-2267.93,-2278.7,-2255.3,12,1.0
2025-06-10 10:00,-2250.87,-2270.4,-2219.7,12,1.0
2025-06-10 11:00,-2212.16,-2234.6,-2180.7,12,1.0
2025-06-10 12:00,-2171.63,-2197.8,-2142.9,12,1.0
2025-06-10 13:00,-2122.01,-2153.8,-2096.5,12,1.0
2025-06-10 14:00,-2082.58,-2102.8,-2051.1,12,1.0
2025-06-10 15:00,-2040.12,-2061.1,-2016.0,12,1.0
2025-06-10 16:00,-2014.76,-2029.5,-1999.4,12,1.0
2025-06-10 17:00,-2015.0,-2030.0,-1994.3,12,1.0
2025-06-10 18:00,-2027.67,-2057.8,-2010.9,12,1.0
2025-06-10 19:00,-2051.71,-2075.4,-2034.7,12,1.0
2025-06-10 20:00,-2077.79,-2099.4,-2044.1,12,1.0
2025-06-10 21:00,-2113.83,-2124.7,-2098.0,12,1.0
2025-06-10 22:00,-2135.77,-2152.8,-2111.0,12,1.0
2025-06-10 23:00,-2156.97,-2173.7,-2129.1,12,1.0
2025-06-11 00:00,-2185.83,-2203.4,-2169.2,12,1.0
2025-06-11 01:00,-2210.4,-2242.8,-2186.2,12,1.0
2025-06-11 02:00,-2222.6,-2244.9,-2205.9,12,1.0
2025-06-11 03:00,-2244.88,-2257.3,-2221.8,12,1.0
2025-06-11 04:00,-2256.98,-2276.1,-2235.1,12,1.0
2025-06-11 05:00,-2275.4,-2303.5,-2253.7,12,1.0
2025-06-11 06:00,-2287.06,-2306.7,-2257.9,12,1.0
2025-06-11 07:00,-2303.84,-2327.0,-2274.6,12,1.0
2025-06-11 08:00,-2304.42,-2330.2,-2285.0,12,1.0
2025-06-11 09:00,-2312.17,-2322.2,-2295.1,12,1.0
2025-06-11 10:00,-2285.68,-2312.6,-2258.9,12,1.0
2025-06-11 11:00,-2246.9,-2289.3,-2214.1,12,1.0
2025-06-11 12:00,-2201.71,-2237.7,-2179.7,12,1.0
2025-06-11 13:00,-2147.18,-2171.7,-2116.9,12,1.0
2025-06-11 14:00,-2097.87,-2125.2,-2063.0,12,1.0
2025-06-11 15:00,-2069.68,-2085.4,-2039.8,12,1.0
2025-06-11 16:00,-2059.21,-2081.1,-2041.2,12,1.0
2025-06-11 17:00,-2048.52,-2064.9,-2035.6,12,1.0
2025-06-11 18:00,-2068.0,-2079.2,-2046.0,12,1.0
2025-06-11 19:00,-2082.05,-2112.0,-2061.6,12,1.0
2025-06-11 20:00,-2121.74,-2148.3,-2098.4,12,1.0
2025-06-11 21:00,-2146.97,-2175.7,-2123.2,12,1.0
2025-06-11 22:00,-2168.41,-2185.7,-2154.7,12,1.0
2025-06-11 23:00,-2201.33,-2215.6,-2178.2,12,1.0
2025-06-12 00:00,-2218.12,-2232.0,-2181.2,12,1.0
2025-06-12 01:00,-2240.88,-2257.9,-2222.3,12,1.0
2025-06-12 02:00,-2251.56,-2276.1,-2233.5,12,1.0
2025-06-12 03:00,-2274.24,-2295.6,-2255.8,12,1.0
2025-06-12 04:00,-2284.98,-2300.9,-2270.9,12,1.0
2025-06-12 05:00,-2304.65,-2327.0,-2283.5,12,1.0
2025-06-12 06:00,-2319.31,-2339.9,-2301.9,12,1.0
2025-06-12 07:00,-2327.52,-2359.9,-2297.2,12,1.0
2025-06-12 08:00,-2331.38,-2344.7,-2319.5,12,1.0
2025-06-12 09:00,-2335.72,-2358.3,-2304.6,12,1.0
2025-06-12 10:00,-2308.12,-2355.6,-2284.5,12,1.0
2025-06-12 11:00,-2263.49,-2285.6,-2237.2,12,1.0
2025-06-12 12:00,-2216.17,-2240.2,-2194.8,12,1.0
2025-06-12 13:00,-2168.71,-2195.8,-2137.0,12,1.0
2025-06-12 14:00,-2116.75,-2155.7,-2092.6,12,1.0
2025-06-12 15:00,-2081.9,-2101.8,-2065.8,12,1.0
2025-06-12 16:00,-2051.08,-2068.7,-2038.0,12,1.0
2025-06-12 17:00,-2049.95,-2072.0,-2031.9,12,1.0
2025-06-12 18:00,-2056.67,-2070.1,-2036.6,12,1.0
2025-06-12 19:00,-2079.87,-2096.5,-2061.6,12,1.0
2025-06-12 20:00,-2107.98,-2134.0,-2085.4,12,1.0
2025-06-12 21:00,-2143.64,-2153.8,-2121.3,12,1.0
2025-06-12 22:00,-2173.4,-2205.4,-2151.3,12,1.0
2025-06-12 23:00,-2194.76,-2226.9,-2177.7,12,1.0
2025-06-13 00:00,-2219.12,-2236.1,-2203.9,12,1.0
2025-06-13 01:00,-2244.07,-2273.5,-2220.7,12,1.0
2025-06-13 02:00,-2258.48,-2276.1,-2238.2,12,1.0
2025-06-13 03:00,-2276.15,-2304.1,-2253.2,12,1.0
2025-06-13 04:00,-2290.08,-2315.8,-2274.0,12,1.0
2025-06-13 05:00,-2305.67,-2322.2,-2287.2,12,1.0
2025-06-13 06:00,-2323.83,-2355.6,-2305.7,12,1.0
2025-06-13 07:00,-2325.55,-2338.3,-2304.6,12,1.0
2025-06-13 08:00,-2331.67,-2354.5,-2310.4,12,1.0
2025-06-13 09:00,-2330.73,-2362.1,-2314.7,12,1.0
2025-06-13 10:00,-2309.23,-2337.7,-2293.0,12,1.0
2025-06-13 11:00,-2266.19,-2300.9,-2231.0,12,1.0
2025-06-13 12:00,-2215.33,-2243.3,-2187.2,12,1.0
2025-06-13 13:00,-2164.22,-2192.3,-2137.9,12,1.0
2025-06-13 14:00,-2119.42,-2150.3,-2091.7,12,1.0
2025-06-13 15:00,-2071.0,-2096.5,-2049.3,12,1.0
2025-06-13 16:00,-2048.38,-2059.7,-2036.6,12,1.0
2025-06-13 17:00,-2050.64,-2060.1,-2033.3,12,1.0
2025-06-13 18:00,-2058.13,-2084.9,-2036.1,12,1.0
2025-06-13 19:00,-2085.65,-2109.6,-2072.0,12,1.0
2025-06-13 20:00,-2123.07,-2161.2,-2083.0,12,1.0
2025-06-13 21:00,-2150.21,-2175.2,-2126.2,12,1.0
2025-06-13 22:00,-2186.75,-2213.1,-2155.7,12,1.0
2025-06-13 23:00,-2214.57,-2231.0,-2197.3,12,1.0
2025-06-14 00:00,-2243.46,-2267.2,-2221.8,12,1.0
2025-06-14 01:00,-2254.2,-2272.5,-2233.0,12,1.0
2025-06-14 02:00,-2280.97,-2297.2,-2259.9,12,1.0
2025-06-14 03:00,-2305.72,-2323.2,-2285.0,12,1.0
2025-06-14 04:00,-2321.67,-2348.0,-2307.8,12,1.0
2025-06-14 05:00,-2338.07,-2364.3,-2315.2,12,1.0
2025-06-14 06:00,-2352.88,-2370.8,-2331.3,12,1.0
2025-06-14 07:00,-2365.52,-2391.6,-2346.4,12,1.0
2025-06-14 08:00,-2375.16,-2397.2,-2348.5,12,1.0
2025-06-14 09:00,-2366.8,-2387.8,-2335.0,12,1.0
2025-06-14 10:00,-2341.81,-2368.6,-2308.3,12,1.0
2025-06-14 11:00,-2294.46,-2322.7,-2270.9,12,1.0
2025-06-14 12:00,-2248.55,-2277.2,-2224.8,12,1.0
2025-06-14 13:00,-2188.99,-2229.4,-2148.8,12,1.0
2025-06-14 14:00,-2133.04,-2165.2,-2111.0,12,1.0
2025-06-14 15:00,-2089.56,-2114.4,-2062.5,12,1.0
2025-06-14 16:00,-2063.59,-2078.2,-2039.4,12,1.0
2025-06-14 17:00,-2063.97,-2083.5,-2045.5,12,1.0
2025-06-14 18:00,-2083.12,-2105.7,-2057.3,12,1.0
2025-06-14 19:00,-2111.75,-2125.7,-2099.4,12,1.0
2025-06-14 20:00,-2139.49,-2159.2,-2125.2,12,1.0
2025-06-14 21:00,-2163.93,-2182.7,-2148.8,12,1.0
2025-06-14 22:00,-2202.48,-2230.5,-2181.2,12,1.0
2025-06-14 23:00,-2227.59,-2256.3,-2201.9,12,1.0
2025-06-15 00:00,-2258.36,-2296.7,-2225.3,12,1.0
2025-06-15 01:00,-2282.43,-2316.3,-2261.5,12,1.0
2025-06-15 02:00,-2304.16,-2329.1,-2277.2,12,1.0
2025-06-15 03:00,-2326.92,-2343.7,-2308.8,12,1.0
2025-06-15 04:00,-2347.89,-2379.0,-2320.0,12,1.0
2025-06-15 05:00,-2359.59,-2374.6,-2335.6,12,1.0
2025-06-15 06:00,-2372.53,-2398.3,-2344.2,12,1.0
2025-06-15 07:00,-2388.71,-2426.6,-2370.3,12,1.0
2025-06-15 08:00,-2390.85,-2416.5,-2370.3,12,1.0
2025-06-15 09:00,-2384.58,-2402.7,-2354.5,12,1.0
2025-06-15 10:00,-2354.42,-2382.8,-2340.4,12,1.0
2025-06-15 11:00,-2305.6,-2363.2,-2276.1,12,1.0
2025-06-15 12:00,-2255.12,-2284.0,-2225.3,12,1.0
2025-06-15 13:00,-2197.8,-2232.5,-2173.2,12,1.0
2025-06-15 14:00,-2144.76,-2172.2,-2113.0,12,1.0
2025-06-15 15:00,-2107.33,-2127.6,-2087.4,12,1.0
2025-06-15 16:00,-2085.65,-2114.4,-2063.0,12,1.0
2025-06-15 17:00,-2081.17,-2097.0,-2062.0,12,1.0
2025-06-15 18:00,-2104.47,-2131.5,-2069.2,12,1.0
2025-06-15 19:00,-2129.55,-2152.3,-2106.7,12,1.0
2025-06-15 20:00,-2155.8,-2170.7,-2137.9,12,1.0
2025-06-15 21:00,-2189.78,-2213.6,-2177.7,12,1.0
2025-06-15 22:00,-2216.12,-2230.5,-2201.9,12,1.0
2025-06-15 23:00,-2238.3,-2282.4,-2215.1,12,1.0
2025-06-16 00:00,-2272.06,-2294.5,-2251.1,12,1.0
2025-06-16 01:00,-2299.77,-2316.8,-2280.8,12,1.0
2025-06-16 02:00,-2322.48,-2355.0,-2307.8,12,1.0
2025-06-16 03:00,-2341.38,-2359.4,-2323.2,12,1.0
2025-06-16 04:00,-2356.11,-2379.6,-2338.3,12,1.0
2025-06-16 05:00,-2378.03,-2397.2,-2357.2,12,1.0
2025-06-16 06:00,-2396.33,-2408.2,-2381.2,12,1.0
2025-06-16 07:00,-2396.58,-2413.8,-2373.5,12,1.0
2025-06-16 08:00,-2398.35,-2427.1,-2369.7,12,1.0
2025-06-16 09:00,-2383.33,-2412.1,-2360.5,12,1.0
2025-06-16 10:00,-2367.63,-2388.3,-2331.3,12,1.0
2025-06-16 11:00,-2325.3,-2357.7,-2292.4,12,1.0
2025-06-16 12:00,-2279.91,-2307.8,-2245.4,12,1.0
2025-06-16 13:00,-2214.47,-2250.1,-2176.2,12,1.0
2025-06-16 14:00,-2161.15,-2183.7,-2144.3,12,1.0
2025-06-16 15:00,-2123.39,-2134.5,-2111.5,12,1.0
2025-06-16 16:00,-2099.67,-2129.6,-2073.9,12,1.0
2025-06-16 17:00,-2103.61,-2115.9,-2084.5,12,1.0
2025-06-16 18:00,-2128.19,-2155.2,-2111.5,12,1.0
2025-06-16 19:00,-2159.66,-2176.7,-2143.4,12,1.0
2025-06-16 20:00,-2181.99,-2197.8,-2160.2,12,1.0
2025-06-16 21:00,-2224.24,-2250.6,-2194.3,12,1.0
2025-06-16 22:00,-2255.59,-2280.8,-2230.5,12,1.0
2025-06-16 23:00,-2282.81,-2313.6,-2247.0,12,1.0
2025-06-17 00:00,-2307.2,-2329.7,-2286.1,12,1.0
2025-06-17 01:00,-2333.4,-2353.4,-2324.3,12,1.0
2025-06-17 02:00,-2363.72,-2379.0,-2343.7,12,1.0
2025-06-17 03:00,-2381.94,-2401.6,-2368.6,12,1.0
2025-06-17 04:00,-2404.1,-2429.4,-2382.8,12,1.0
2025-06-17 05:00,-2409.64,-2432.2,-2385.6,12,1.0
2025-06-17 06:00,-2421.2,-2445.7,-2399.9,12,1.0
2025-06-17 07:00,-2426.85,-2449.6,-2409.3,12,1.0
2025-06-17 08:00,-2433.89,-2463.7,-2413.8,12,1.0
2025-06-17 09:00,-2428.2,-2451.3,-2399.9,12,1.0
2025-06-17 10:00,-2405.88,-2457.5,-2377.4,12,1.0
2025-06-17 11:00,-2373.88,-2408.8,-2339.4,12,1.0
2025-06-17 12:00,-2306.58,-2339.4,-2262.5,12,1.0
2025-06-17 13:00,-2245.88,-2276.6,-2214.6,12,1.0
2025-06-17 14:00,-2185.29,-2224.8,-2148.3,12,1.0
2025-06-17 15:00,-2137.63,-2175.2,-2107.2,12,1.0
2025-06-17 16:00,-2119.28,-2145.8,-2102.8,12,1.0
2025-06-17 17:00,-2116.38,-2137.9,-2093.6,12,1.0
2025-06-17 18:00,-2141.29,-2169.7,-2106.2,12,1.0
2025-06-17 19:00,-2170.12,-2185.7,-2151.3,12,1.0
2025-06-17 20:00,-2206.08,-2226.9,-2173.2,12,1.0
2025-06-17 21:00,-2242.95,-2284.5,-2214.6,12,1.0
2025-06-17 22:00,-2273.64,-2298.2,-2242.3,12,1.0
2025-06-17 23:00,-2298.48,-2318.4,-2267.8,12,1.0
2025-06-18 00:00,-2324.27,-2358.8,-2297.2,12,1.0
2025-06-18 01:00,-2348.0,-2367.5,-2321.1,12,1.0
2025-06-18 02:00,-2370.95,-2396.0,-2349.6,12,1.0
2025-06-18 03:00,-2388.72,-2419.9,-2371.9,12,1.0
2025-06-18 04:00,-2417.08,-2438.3,-2393.3,12,1.0
2025-06-18 05:00,-2432.79,-2459.8,-2405.4,12,1.0
2025-06-18 06:00,-2442.82,-2465.4,-2421.0,12,1.0
2025-06-18 07:00,-2460.76,-2481.4,-2439.5,12,1.0
2025-06-18 08:00,-2459.52,-2477.4,-2437.8,12,1.0
2025-06-18 09:00,-2461.62,-2493.4,-2432.7,12,1.0
2025-06-18 10:00,-2479.63,-2503.8,-2453.6,12,1.0
2025-06-18 11:00,-2485.12,-2510.7,-2449.6,12,1.0
2025-06-18 12:00,-2481.66,-2512.4,-2468.3,12,1.0
2025-06-18 13:00,-2456.3,-2480.8,-2440.0,12,1.0
2025-06-18 14:00,-2430.72,-2447.3,-2406.0,12,1.0
2025-06-18 15:00,-2414.27,-2437.2,-2396.0,12,1.0
2025-06-18 16:00,-2422.15,-2439.5,-2408.2,12,1.0
2025-06-18 17:00,-2423.83,-2447.3,-2396.6,12,1.0
2025-06-18 18:00,-2442.69,-2459.8,-2417.1,12,1.0
2025-06-18 19:00,-2454.92,-2475.1,-2440.0,12,1.0
2025-06-18 20:00,-2479.24,-2501.5,-2456.4,12,1.0
2025-06-18 21:00,-2499.08,-2526.9,-2466.0,12,1.0
2025-06-18 22:00,-2519.95,-2552.7,-2495.1,12,1.0
2025-06-18 23:00,-2527.78,-2552.7,-2511.9,12,1.0
2025-06-19 00:00,-2546.22,-2573.9,-2520.6,12,1.0
2025-06-19 01:00,-2564.48,-2591.2,-2538.0,12,1.0
2025-06-19 02:00,-2578.42,-2607.9,-2549.7,12,1.0
2025-06-19 03:00,-2583.69,-2613.3,-2559.1,12,1.0
2025-06-19 04:00,-2592.73,-2629.0,-2569.8,12,1.0
2025-06-19 05:00,-2610.66,-2624.2,-2581.0,12,1.0
2025-06-19 06:00,-2620.15,-2652.1,-2588.2,12,1.0
2025-06-19 07:00,-2616.92,-2643.6,-2597.1,12,1.0
2025-06-19 08:00,-2616.06,-2637.5,-2595.9,12,1.0
2025-06-19 09:00,-2586.34,-2607.9,-2551.5,12,1.0
2025-06-19 10:00,-2556.42,-2595.3,-2515.9,12,1.0
2025-06-19 11:00,-2484.28,-2532.8,-2426.0,12,1.0
2025-06-19 12:00,-2409.49,-2480.3,-2371.9,12,1.0
2025-06-19 13:00,-2324.78,-2361.0,-2298.8,12,1.0
2025-06-19 14:00,-2251.27,-2285.6,-2225.3,12,1.0
2025-06-19 15:00,-2195.21,-2227.4,-2171.7,12,1.0
2025-06-19 16:00,-2172.72,-2189.8,-2153.3,12,1.0
2025-06-19 17:00,-2171.72,-2198.3,-2149.3,12,1.0
2025-06-19 18:00,-2173.22,-2198.3,-2155.2,12,1.0
2025-06-19 19:00,-2198.8,-2235.1,-2177.2,12,1.0
2025-06-19 20:00,-2227.17,-2250.1,-2202.9,12,1.0
2025-06-19 21:00,-2263.67,-2293.5,-2245.9,12,1.0
2025-06-19 22:00,-2281.93,-2317.9,-2261.0,12,1.0
2025-06-19 23:00,-2307.04,-2322.7,-2277.7,12,1.0
2025-06-20 00:00,-2332.98,-2344.2,-2312.6,12,1.0
2025-06-20 01:00,-2347.17,-2375.2,-2332.4,12,1.0
2025-06-20 02:00,-2370.67,-2400.5,-2348.5,12,1.0
2025-06-20 03:00,-2386.33,-2402.1,-2371.9,12,1.0
2025-06-20 04:00,-2396.53,-2420.4,-2378.5,12,1.0
2025-06-20 05:00,-2412.34,-2424.4,-2403.8,12,1.0
2025-06-20 06:00,-2421.52,-2449.0,-2395.5,12,1.0
2025-06-20 07:00,-2439.42,-2472.8,-2399.9,12,1.0
2025-06-20 08:00,-2432.84,-2468.9,-2412.7,12,1.0
2025-06-20 09:00,-2426.24,-2454.1,-2406.6,12,1.0
2025-06-20 10:00,-2384.03,-2421.0,-2350.7,12,1.0
2025-06-20 11:00,-2337.91,-2384.5,-2313.6,12,1.0
2025-06-20 12:00,-2270.47,-2332.4,-2229.4,12,1.0
2025-06-20 13:00,-2202.95,-2234.1,-2171.7,12,1.0
2025-06-20 14:00,-2149.87,-2164.7,-2129.1,12,1.0
2025-06-20 15:00,-2116.49,-2139.9,-2098.4,12,1.0
2025-06-20 16:00,-2099.64,-2120.8,-2079.7,12,1.0
2025-06-20 17:00,-2093.64,-2116.4,-2074.9,12,1.0
2025-06-20 18:00,-2107.63,-2134.0,-2083.0,12,1.0
2025-06-20 19:00,-2129.39,-2153.8,-2102.3,12,1.0
2025-06-20 20:00,-2146.66,-2167.2,-2125.2,12,1.0
2025-06-20 21:00,-2166.73,-2183.7,-2140.9,12,1.0
2025-06-20 22:00,-2188.74,-2206.5,-2161.2,12,1.0
2025-06-20 23:00,-2210.38,-2226.4,-2186.7,12,1.0
2025-06-21 00:00,-2235.5,-2250.1,-2219.7,12,1.0
2025-06-21 01:00,-2254.32,-2264.6,-2235.6,12,1.0
2025-06-21 02:00,-2273.53,-2291.9,-2253.2,12,1.0
2025-06-21 03:00,-2284.48,-2312.6,-2269.8,12,1.0
2025-06-21 04:00,-2302.94,-2317.9,-2276.1,12,1.0
2025-06-21 05:00,-2313.63,-2341.0,-2288.7,12,1.0
2025-06-21 06:00,-2332.44,-2355.0,-2306.2,12,1.0
2025-06-21 07:00,-2337.94,-2349.1,-2319.0,12,1.0
2025-06-21 08:00,-2351.43,-2365.4,-2338.8,12,1.0
2025-06-21 09:00,-2342.69,-2357.7,-2325.4,12,1.0
2025-06-21 10:00,-2322.52,-2345.8,-2304.1,12,1.0
2025-06-21 11:00,-2261.67,-2298.2,-2225.3,12,1.0
2025-06-21 12:00,-2211.81,-2246.4,-2179.7,12,1.0
2025-06-21 13:00,-2151.8,-2182.7,-2120.8,12,1.0
2025-06-21 14:00,-2089.03,-2122.2,-2064.9,12,1.0
2025-06-21 15:00,-2043.77,-2063.0,-2011.8,12,1.0
2025-06-21 16:00,-2008.24,-2019.7,-1985.2,12,1.0
2025-06-21 17:00,-2006.23,-2019.7,-1984.2,12,1.0
2025-06-21 18:00,-2020.78,-2040.8,-2008.1,12,1.0
2025-06-21 19:00,-2045.92,-2063.5,-2017.0,12,1.0
2025-06-21 20:00,-2076.73,-2086.9,-2062.5,12,1.0
2025-06-21 21:00,-2103.09,-2132.5,-2079.7,12,1.0
2025-06-21 22:00,-2121.37,-2138.9,-2105.2,12,1.0
2025-06-21 23:00,-2154.26,-2172.2,-2126.2,12,1.0
2025-06-22 00:00,-2182.18,-2195.8,-2161.7,12,1.0
2025-06-22 01:00,-2203.28,-2218.7,-2189.8,12,1.0
2025-06-22 02:00,-2229.18,-2250.6,-2208.5,12,1.0
2025-06-22 03:00,-2264.47,-2289.3,-2243.9,12,1.0
2025-06-22 04:00,-2273.13,-2293.0,-2256.8,12,1.0
2025-06-22 05:00,-2293.47,-2311.5,-2272.5,12,1.0
2025-06-22 06:00,-2311.42,-2337.2,-2291.9,12,1.0
2025-06-22 07:00,-2325.68,-2352.3,-2300.4,12,1.0
2025-06-22 08:00,-2333.06,-2348.0,-2314.2,12,1.0
2025-06-22 09:00,-2334.75,-2346.9,-2326.5,12,1.0
2025-06-22 10:00,-2317.42,-2346.4,-2274.6,12,1.0
2025-06-22 11:00,-2266.4,-2289.8,-2243.3,12,1.0
2025-06-22 12:00,-2220.01,-2242.3,-2191.8,12,1.0
2025-06-22 13:00,-2175.17,-2210.0,-2146.8,12,1.0
2025-06-22 14:00,-2126.13,-2158.2,-2094.1,12,1.0
2025-06-22 15:00,-2074.63,-2096.0,-2052.1,12,1.0
2025-06-22 16:00,-2048.42,-2071.6,-2037.0,12,1.0
2025-06-22 17:00,-2049.56,-2063.5,-2030.9,12,1.0
2025-06-22 18:00,-2064.42,-2083.5,-2050.7,12,1.0
2025-06-22 19:00,-2083.55,-2114.4,-2064.4,12,1.0
2025-06-22 20:00,-2120.07,-2146.3,-2098.9,12,1.0
2025-06-22 21:00,-2152.17,-2184.2,-2120.8,12,1.0
2025-06-22 22:00,-2186.16,-2217.7,-2153.8,12,1.0
2025-06-22 23:00,-2224.34,-2253.2,-2205.4,12,1.0
2025-06-23 00:00,-2252.56,-2275.6,-2236.1,12,1.0
2025-06-23 01:00,-2281.77,-2301.9,-2257.9,12,1.0
2025-06-23 02:00,-2308.98,-2322.7,-2294.5,12,1.0
2025-06-23 03:00,-2331.98,-2359.9,-2300.9,12,1.0
2025-06-23 04:00,-2359.08,-2385.6,-2336.7,12,1.0
2025-06-23 05:00,-2382.11,-2401.6,-2362.1,12,1.0
2025-06-23 06:00,-2400.95,-2426.6,-2384.5,12,1.0
2025-06-23 07:00,-2417.28,-2435.5,-2392.7,12,1.0
2025-06-23 08:00,-2424.77,-2450.2,-2404.3,12,1.0
2025-06-23 09:00,-2422.31,-2452.4,-2402.7,12,1.0
2025-06-23 10:00,-2388.04,-2432.7,-2369.2,12,1.0
2025-06-23 11:00,-2345.62,-2387.8,-2311.0,12,1.0
2025-06-23 12:00,-2286.52,-2312.6,-2257.9,12,1.0
2025-06-23 13:00,-2223.29,-2251.6,-2187.2,12,1.0
2025-06-23 14:00,-2172.7,-2209.0,-2144.3,12,1.0
2025-06-23 15:00,-2130.55,-2154.7,-2110.5,12,1.0
2025-06-23 16:00,-2099.88,-2117.9,-2067.7,12,1.0
2025-06-23 17:00,-2093.67,-2116.9,-2071.6,12,1.0
2025-06-23 18:00,-2121.69,-2135.0,-2102.3,12,1.0
2025-06-23 19:00,-2156.81,-2179.7,-2140.4,12,1.0
2025-06-23 20:00,-2180.69,-2196.3,-2157.2,12,1.0
2025-06-23 21:00,-2212.56,-2231.5,-2184.7,12,1.0
2025-06-23 22:00,-2244.16,-2276.1,-2217.2,12,1.0
2025-06-23 23:00,-2276.6,-2311.0,-2255.3,12,1.0
2025-06-24 00:00,-2305.15,-2314.7,-2286.6,12,1.0
2025-06-24 01:00,-2329.96,-2362.1,-2303.0,12,1.0
2025-06-24 02:00,-2362.28,-2401.6,-2341.0,12,1.0
2025-06-24 03:00,-2384.75,-2405.4,-2355.6,12,1.0
2025-06-24 04:00,-2405.67,-2427.7,-2375.2,12,1.0
2025-06-24 05:00,-2429.58,-2463.2,-2403.2,12,1.0
2025-06-24 06:00,-2443.92,-2460.9,-2418.8,12,1.0
2025-06-24 07:00,-2452.98,-2466.6,-2426.0,12,1.0
2025-06-24 08:00,-2454.37,-2474.5,-2440.6,12,1.0
2025-06-24 09:00,-2444.23,-2464.3,-2424.4,12,1.0
2025-06-24 10:00,-2426.55,-2467.1,-2393.8,12,1.0
2025-06-24 11:00,-2378.37,-2416.0,-2345.3,12,1.0
2025-06-24 12:00,-2316.25,-2351.2,-2285.6,12,1.0
2025-06-24 13:00,-2244.92,-2281.4,-2213.6,12,1.0
2025-06-24 14:00,-2207.64,-2237.2,-2182.2,12,1.0
2025-06-24 15:00,-2160.53,-2185.2,-2130.6,12,1.0
2025-06-24 16:00,-2132.41,-2146.8,-2113.5,12,1.0
2025-06-24 17:00,-2125.33,-2143.9,-2102.3,12,1.0
2025-06-24 18:00,-2149.05,-2183.2,-2122.2,12,1.0
2025-06-24 19:00,-2178.86,-2199.9,-2144.3,12,1.0
2025-06-24 20:00,-2217.02,-2236.1,-2182.7,12,1.0
2025-06-24 21:00,-2248.28,-2270.9,-2225.8,12,1.0
2025-06-24 22:00,-2281.04,-2298.8,-2250.6,12,1.0
2025-06-24 23:00,-2311.25,-2339.4,-2287.7,12,1.0
2025-06-25 00:00,-2331.41,-2365.4,-2306.2,12,1.0
2025-06-25 01:00,-2356.87,-2380.1,-2337.7,12,1.0
2025-06-25 02:00,-2378.95,-2406.0,-2361.5,12,1.0
2025-06-25 03:00,-2397.75,-2422.7,-2375.2,12,1.0
2025-06-25 04:00,-2425.67,-2442.8,-2404.9,12,1.0
2025-06-25 05:00,-2437.48,-2483.1,-2414.9,12,1.0
2025-06-25 06:00,-2464.33,-2488.8,-2434.4,12,1.0
2025-06-25 07:00,-2472.69,-2508.4,-2451.9,12,1.0
2025-06-25 08:00,-2476.08,-2489.4,-2461.5,12,1.0
2025-06-25 09:00,-2480.95,-2496.9,-2462.6,12,1.0
2025-06-25 10:00,-2441.46,-2471.1,-2416.0,12,1.0
2025-06-25 11:00,-2411.98,-2453.0,-2393.3,12,1.0
2025-06-25 12:00,-2337.29,-2373.0,-2302.5,12,1.0
2025-06-25 13:00,-2276.44,-2310.4,-2228.4,12,1.0
2025-06-25 14:00,-2219.59,-2250.1,-2189.8,12,1.0
2025-06-25 15:00,-2186.26,-2207.5,-2152.3,12,1.0
2025-06-25 16:00,-2156.22,-2175.7,-2129.6,12,1.0
2025-06-25 17:00,-2145.2,-2158.7,-2108.1,12,1.0
2025-06-25 18:00,-2167.22,-2192.8,-2147.3,12,1.0
2025-06-25 19:00,-2205.72,-2222.3,-2180.2,12,1.0
2025-06-25 20:00,-2236.54,-2258.4,-2219.2,12,1.0
2025-06-25 21:00,-2260.33,-2283.5,-2231.0,12,1.0
2025-06-25 22:00,-2295.52,-2316.3,-2274.6,12,1.0
2025-06-25 23:00,-2328.22,-2365.9,-2303.5,12,1.0
2025-06-26 00:00,-2347.95,-2377.4,-2321.6,12,1.0
2025-06-26 01:00,-2374.48,-2418.2,-2346.9,12,1.0
2025-06-26 02:00,-2395.53,-2418.8,-2363.2,12,1.0
2025-06-26 03:00,-2414.03,-2436.1,-2393.3,12,1.0
2025-06-26 04:00,-2427.45,-2450.7,-2412.1,12,1.0
2025-06-26 05:00,-2453.54,-2475.1,-2426.6,12,1.0
2025-06-26 06:00,-2464.13,-2481.4,-2454.1,12,1.0
2025-06-26 07:00,-2473.76,-2496.3,-2456.4,12,1.0
2025-06-26 08:00,-2488.88,-2522.9,-2458.1,12,1.0
2025-06-26 09:00,-2475.48,-2505.5,-2452.4,12,1.0
2025-06-26 10:00,-2452.5,-2491.7,-2422.7,12,1.0
2025-06-26 11:00,-2407.48,-2428.8,-2380.1,12,1.0
2025-06-26 12:00,-2341.64,-2388.9,-2309.4,12,1.0
2025-06-26 13:00,-2278.54,-2322.2,-2245.4,12,1.0
2025-06-26 14:00,-2230.01,-2255.3,-2197.8,12,1.0
2025-06-26 15:00,-2191.95,-2216.1,-2163.7,12,1.0
2025-06-26 16:00,-2167.41,-2193.3,-2140.9,12,1.0
2025-06-26 17:00,-2163.98,-2188.2,-2131.5,12,1.0
2025-06-26 18:00,-2177.86,-2200.4,-2164.7,12,1.0
2025-06-26 19:00,-2212.5,-2230.5,-2198.3,12,1.0
2025-06-26 20:00,-2251.32,-2267.8,-2226.4,12,1.0
2025-06-26 21:00,-2281.8,-2297.2,-2251.1,12,1.0
2025-06-26 22:00,-2313.26,-2332.9,-2296.7,12,1.0
2025-06-26 23:00,-2337.49,-2352.3,-2315.8,12,1.0
2025-06-27 00:00,-2363.37,-2375.7,-2349.6,12,1.0
2025-06-27 01:00,-2391.9,-2411.5,-2368.6,12,1.0
2025-06-27 02:00,-2415.43,-2433.9,-2386.7,12,1.0
2025-06-27 03:00,-2430.72,-2453.0,-2405.4,12,1.0
2025-06-27 04:00,-2451.23,-2470.0,-2419.3,12,1.0
2025-06-27 05:00,-2473.57,-2494.0,-2455.2,12,1.0
2025-06-27 06:00,-2497.43,-2517.1,-2469.4,12,1.0
2025-06-27 07:00,-2512.04,-2543.9,-2495.1,12,1.0
2025-06-27 08:00,-2517.0,-2536.3,-2498.0,12,1.0
2025-06-27 09:00,-2513.61,-2528.7,-2495.7,12,1.0
2025-06-27 10:00,-2484.76,-2509.0,-2456.9,12,1.0
2025-06-27 11:00,-2432.35,-2464.3,-2408.2,12,1.0
2025-06-27 12:00,-2366.52,-2398.8,-2333.4,12,1.0
2025-06-27 13:00,-2311.15,-2334.5,-2294.5,12,1.0
2025-06-27 14:00,-2259.83,-2282.4,-2229.4,12,1.0
2025-06-27 15:00,-2217.57,-2235.1,-2196.8,12,1.0
2025-06-27 16:00,-2193.57,-2219.7,-2176.7,12,1.0
2025-06-27 17:00,-2184.73,-2200.9,-2168.7,12,1.0
2025-06-27 18:00,-2205.93,-2226.9,-2187.2,12,1.0
2025-06-27 19:00,-2228.31,-2254.2,-2208.0,12,1.0
2025-06-27 20:00,-2272.78,-2304.1,-2251.1,12,1.0
2025-06-27 21:00,-2300.98,-2330.7,-2265.7,12,1.0
2025-06-27 22:00,-2333.27,-2350.7,-2316.8,12,1.0
2025-06-27 23:00,-2348.15,-2367.0,-2321.6,12,1.0
2025-06-28 00:00,-2370.24,-2396.0,-2351.2,12,1.0
2025-06-28 01:00,-2388.01,-2418.2,-2360.5,12,1.0
2025-06-28 02:00,-2416.38,-2428.8,-2402.1,12,1.0
2025-06-28 03:00,-2425.22,-2446.8,-2408.8,12,1.0
2025-06-28 04:00,-2447.94,-2463.2,-2431.1,12,1.0
2025-06-28 05:00,-2459.11,-2493.4,-2440.0,12,1.0
2025-06-28 06:00,-2488.03,-2510.1,-2476.3,12,1.0
2025-06-28 07:00,-2499.17,-2510.1,-2488.3,12,1.0
2025-06-28 08:00,-2498.86,-2515.9,-2479.1,12,1.0
2025-06-28 09:00,-2505.92,-2523.5,-2492.3,12,1.0
2025-06-28 10:00,-2478.21,-2511.9,-2430.5,12,1.0
2025-06-28 11:00,-2417.7,-2468.3,-2378.5,12,1.0
2025-06-28 12:00,-2356.82,-2398.3,-2311.5,12,1.0
2025-06-28 13:00,-2299.55,-2339.9,-2277.2,12,1.0
2025-06-28 14:00,-2249.32,-2290.8,-2216.1,12,1.0
2025-06-28 15:00,-2208.33,-2230.5,-2186.7,12,1.0
2025-06-28 16:00,-2177.44,-2210.5,-2158.7,12,1.0
2025-06-28 17:00,-2179.88,-2198.8,-2163.7,12,1.0
2025-06-28 18:00,-2200.5,-2223.3,-2169.7,12,1.0
2025-06-28 19:00,-2231.17,-2244.4,-2216.1,12,1.0
2025-06-28 20:00,-2272.41,-2309.9,-2246.4,12,1.0
2025-06-28 21:00,-2311.96,-2334.0,-2291.4,12,1.0
2025-06-28 22:00,-2336.5,-2357.7,-2315.2,12,1.0
2025-06-28 23:00,-2368.67,-2396.0,-2343.1,12,1.0
2025-06-29 00:00,-2387.58,-2400.5,-2369.7,12,1.0
2025-06-29 01:00,-2423.42,-2458.1,-2406.0,12,1.0
2025-06-29 02:00,-2440.34,-2456.4,-2426.6,12,1.0
2025-06-29 03:00,-2472.18,-2501.5,-2438.3,12,1.0
2025-06-29 04:00,-2486.37,-2522.3,-2459.8,12,1.0
2025-06-29 05:00,-2500.51,-2520.6,-2472.3,12,1.0
2025-06-29 06:00,-2518.72,-2558.6,-2496.3,12,1.0
2025-06-29 07:00,-2541.24,-2565.0,-2518.2,12,1.0
2025-06-29 08:00,-2547.15,-2575.7,-2516.5,12,1.0
2025-06-29 09:00,-2549.51,-2566.8,-2532.8,12,1.0
2025-06-29 10:00,-2523.98,-2573.3,-2486.0,12,1.0
2025-06-29 11:00,-2462.38,-2504.4,-2426.6,12,1.0
2025-06-29 12:00,-2410.9,-2444.5,-2376.3,12,1.0
2025-06-29 13:00,-2346.14,-2396.0,-2315.8,12,1.0
2025-06-29 14:00,-2286.48,-2320.0,-2256.8,12,1.0
2025-06-29 15:00,-2235.42,-2269.8,-2210.0,12,1.0
2025-06-29 16:00,-2200.52,-2229.4,-2183.7,12,1.0
2025-06-29 17:00,-2208.92,-2227.9,-2190.8,12,1.0
2025-06-29 18:00,-2236.24,-2266.2,-2222.8,12,1.0
2025-06-29 19:00,-2274.64,-2297.7,-2243.9,12,1.0
2025-06-29 20:00,-2296.43,-2321.1,-2278.2,12,1.0
2025-06-29 21:00,-2330.86,-2355.6,-2305.7,12,1.0
2025-06-29 22:00,-2370.6,-2413.2,-2348.0,12,1.0
2025-06-29 23:00,-2403.86,-2422.7,-2381.7,12,1.0
2025-06-30 00:00,-2432.42,-2464.3,-2409.9,12,1.0
2025-06-30 01:00,-2459.83,-2500.3,-2428.3,12,1.0
2025-06-30 02:00,-2486.08,-2502.0,-2460.3,12,1.0
2025-06-30 03:00,-2499.01,-2522.3,-2482.0,12,1.0
2025-06-30 04:00,-2515.81,-2535.7,-2491.7,12,1.0
2025-06-30 05:00,-2542.66,-2578.7,-2521.1,12,1.0
2025-06-30 06:00,-2547.93,-2576.9,-2524.6,12,1.0
2025-06-30 07:00,-2565.33,-2591.8,-2545.6,12,1.0
2025-06-30 08:00,-2588.87,-2626.6,-2548.6,12,1.0
2025-06-30 09:00,-2577.52,-2598.9,-2543.3,12,1.0
2025-06-30 10:00,-2540.17,-2567.4,-2506.1,12,1.0
2025-06-30 11:00,-2491.57,-2518.8,-2471.7,12,1.0
2025-06-30 12:00,-2433.92,-2477.4,-2398.8,12,1.0
2025-06-30 13:00,-2384.87,-2433.9,-2346.4,12,1.0
2025-06-30 14:00,-2319.62,-2368.6,-2292.4,12,1.0
2025-06-30 15:00,-2277.58,-2328.6,-2249.0,12,1.0
2025-06-30 16:00,-2238.34,-2261.5,-2223.8,12,1.0
2025-06-30 17:00,-2245.08,-2276.1,-2225.8,12,1.0
2025-06-30 18:00,-2277.36,-2290.3,-2258.4,12,1.0
2025-06-30 19:00,-2310.69,-2329.7,-2296.1,12,1.0
2025-06-30 20:00,-2338.92,-2355.6,-2320.0,12,1.0
2025-06-30 21:00,-2361.85,-2378.5,-2342.0,12,1.0
2025-06-30 22:00,-2390.76,-2401.0,-2371.3,12,1.0
2025-06-30 23:00,-2417.76,-2434.4,-2395.5,12,1.0
2025-07-01 00:00,-2451.07,-2490.0,-2423.2,12,1.0
2025-07-01 01:00,-2483.18,-2503.8,-2462.0,12,1.0
2025-07-01 02:00,-2486.76,-2513.0,-2467.1,12,1.0
2025-07-01 03:00,-2519.8,-2533.4,-2506.1,12,1.0
2025-07-01 04:00,-2529.98,-2548.6,-2509.5,12,1.0
2025-07-01 05:00,-2559.29,-2577.5,-2522.3,12,1.0
2025-07-01 06:00,-2579.28,-2605.5,-2567.4,12,1.0
2025-07-01 07:00,-2594.73,-2616.3,-2564.5,12,1.0
2025-07-01 08:00,-2606.8,-2628.4,-2589.4,12,1.0
2025-07-01 09:00,-2607.26,-2635.1,-2587.6,12,1.0
2025-07-01 10:00,-2566.1,-2597.7,-2545.6,12,1.0
2025-07-01 11:00,-2513.46,-2560.9,-2474.5,12,1.0
2025-07-01 12:00,-2462.37,-2502.0,-2428.8,12,1.0
2025-07-01 13:00,-2392.79,-2431.6,-2350.1,12,1.0
2025-07-01 14:00,-2340.48,-2385.6,-2313.6,12,1.0
2025-07-01 15:00,-2285.62,-2323.2,-2260.5,12,1.0
2025-07-01 16:00,-2253.67,-2277.2,-2229.4,12,1.0
2025-07-01 17:00,-2265.78,-2286.1,-2243.3,12,1.0
2025-07-01 18:00,-2298.86,-2320.6,-2272.5,12,1.0
2025-07-01 19:00,-2327.89,-2356.7,-2311.5,12,1.0
2025-07-01 20:00,-2359.3,-2381.7,-2327.5,12,1.0
2025-07-01 21:00,-2386.39,-2422.7,-2365.4,12,1.0
2025-07-01 22:00,-2415.01,-2452.4,-2391.6,12,1.0
2025-07-01 23:00,-2444.24,-2479.7,-2417.1,12,1.0
2025-07-02 00:00,-2477.66,-2498.6,-2460.9,12,1.0
2025-07-02 01:00,-2492.99,-2522.9,-2466.6,12,1.0
2025-07-02 02:00,-2531.27,-2557.4,-2505.5,12,1.0
2025-07-02 03:00,-2544.59,-2584.0,-2498.0,12,1.0
2025-07-02 04:00,-2564.33,-2581.0,-2533.9,12,1.0
2025-07-02 05:00,-2582.66,-2609.1,-2564.5,12,1.0
2025-07-02 06:00,-2588.67,-2617.0,-2576.3,12,1.0
2025-07-02 07:00,-2611.92,-2647.9,-2592.4,12,1.0
2025-07-02 08:00,-2610.32,-2637.5,-2589.4,12,1.0
2025-07-02 09:00,-2620.51,-2660.1,-2595.9,12,1.0
2025-07-02 10:00,-2578.91,-2613.9,-2542.1,12,1.0
2025-07-02 11:00,-2531.67,-2566.2,-2506.1,12,1.0
2025-07-02 12:00,-2477.32,-2513.0,-2449.0,12,1.0
2025-07-02 13:00,-2413.33,-2453.6,-2373.0,12,1.0
2025-07-02 14:00,-2345.48,-2375.2,-2314.2,12,1.0
2025-07-02 15:00,-2302.61,-2342.0,-2278.7,12,1.0
2025-07-02 16:00,-2266.93,-2299.3,-2243.9,12,1.0
2025-07-02 17:00,-2270.88,-2287.2,-2250.6,12,1.0
2025-07-02 18:00,-2309.15,-2323.8,-2293.0,12,1.0
2025-07-02 19:00,-2346.83,-2375.2,-2324.9,12,1.0
2025-07-02 20:00,-2378.17,-2412.1,-2355.6,12,1.0
2025-07-02 21:00,-2408.36,-2436.1,-2376.8,12,1.0
2025-07-02 22:00,-2424.06,-2442.3,-2396.0,12,1.0
2025-07-02 23:00,-2458.63,-2481.4,-2429.9,12,1.0
2025-07-03 00:00,-2481.56,-2505.5,-2460.3,12,1.0
2025-07-03 01:00,-2508.01,-2533.4,-2481.4,12,1.0
2025-07-03 02:00,-2533.82,-2550.3,-2513.6,12,1.0
2025-07-03 03:00,-2558.37,-2594.2,-2539.2,12,1.0
2025-07-03 04:00,-2565.72,-2602.5,-2539.2,12,1.0
2025-07-03 05:00,-2593.12,-2614.5,-2576.9,12,1.0
2025-07-03 06:00,-2612.04,-2636.3,-2571.0,12,1.0
2025-07-03 07:00,-2624.69,-2652.1,-2593.6,12,1.0
2025-07-03 08:00,-2625.73,-2654.6,-2591.2,12,1.0
2025-07-03 09:00,-2620.75,-2652.7,-2596.5,12,1.0
2025-07-03 10:00,-2583.22,-2610.3,-2564.5,12,1.0
2025-07-03 11:00,-2539.88,-2569.8,-2520.6,12,1.0
2025-07-03 12:00,-2491.64,-2517.7,-2463.7,12,1.0
2025-07-03 13:00,-2413.98,-2472.3,-2374.6,12,1.0
2025-07-03 14:00,-2353.41,-2378.5,-2320.0,12,1.0
2025-07-03 15:00,-2304.04,-2334.0,-2284.0,12,1.0
2025-07-03 16:00,-2285.77,-2301.9,-2266.7,12,1.0
2025-07-03 17:00,-2289.07,-2320.6,-2265.7,12,1.0
2025-07-03 18:00,-2315.93,-2350.7,-2281.4,12,1.0
2025-07-03 19:00,-2356.58,-2377.9,-2326.5,12,1.0
2025-07-03 20:00,-2392.78,-2413.8,-2374.6,12,1.0
2025-07-03 21:00,-2414.09,-2441.7,-2380.6,12,1.0
2025-07-03 22:00,-2442.54,-2487.1,-2422.7,12,1.0
2025-07-03 23:00,-2470.7,-2496.9,-2447.3,12,1.0
2025-07-04 00:00,-2497.24,-2521.1,-2475.7,12,1.0
2025-07-04 01:00,-2527.1,-2542.7,-2513.0,12,1.0
2025-07-04 02:00,-2548.14,-2580.5,-2525.8,12,1.0
2025-07-04 03:00,-2568.7,-2591.2,-2538.0,12,1.0
2025-07-04 04:00,-2587.32,-2605.5,-2559.1,12,1.0
2025-07-04 05:00,-2612.24,-2654.6,-2585.2,12,1.0
2025-07-04 06:00,-2626.9,-2646.0,-2600.7,12,1.0
2025-07-04 07:00,-2638.12,-2661.9,-2617.0,12,1.0
2025-07-04 08:00,-2642.45,-2659.5,-2627.2,12,1.0
2025-07-04 09:00,-2632.36,-2656.4,-2598.9,12,1.0
2025-07-04 10:00,-2600.87,-2629.0,-2577.5,12,1.0
2025-07-04 11:00,-2562.88,-2606.1,-2500.9,12,1.0
2025-07-04 12:00,-2508.98,-2543.3,-2471.7,12,1.0
2025-07-04 13:00,-2438.24,-2482.5,-2410.4,12,1.0
2025-07-04 14:00,-2379.99,-2414.3,-2338.3,12,1.0
2025-07-04 15:00,-2329.61,-2370.8,-2301.4,12,1.0
2025-07-04 16:00,-2298.44,-2317.9,-2282.4,12,1.0
2025-07-04 17:00,-2306.84,-2326.5,-2284.5,12,1.0
2025-07-04 18:00,-2337.12,-2381.2,-2299.8,12,1.0
2025-07-04 19:00,-2370.53,-2397.7,-2354.5,12,1.0
2025-07-04 20:00,-2419.85,-2450.2,-2398.8,12,1.0
2025-07-04 21:00,-2441.17,-2481.4,-2421.6,12,1.0
2025-07-04 22:00,-2468.21,-2500.3,-2445.7,12,1.0
2025-07-04 23:00,-2490.39,-2510.7,-2471.1,12,1.0
2025-07-05 00:00,-2520.67,-2546.2,-2509.5,12,1.0
2025-07-05 01:00,-2550.62,-2577.5,-2522.3,12,1.0
2025-07-05 02:00,-2570.62,-2607.3,-2543.3,12,1.0
2025-07-05 03:00,-2590.89,-2626.0,-2555.0,12,1.0
2025-07-05 04:00,-2619.88,-2638.1,-2578.1,12,1.0
2025-07-05 05:00,-2639.32,-2660.1,-2624.8,12,1.0
2025-07-05 06:00,-2650.81,-2673.0,-2629.0,12,1.0
2025-07-05 07:00,-2669.68,-2698.3,-2638.1,12,1.0
2025-07-05 08:00,-2666.84,-2700.2,-2644.2,12,1.0
2025-07-05 09:00,-2657.2,-2690.9,-2632.1,12,1.0
2025-07-05 10:00,-2617.92,-2661.9,-2580.5,12,1.0
2025-07-05 11:00,-2584.24,-2607.3,-2555.0,12,1.0
2025-07-05 12:00,-2525.33,-2552.7,-2494.0,12,1.0
2025-07-05 13:00,-2457.32,-2489.4,-2420.4,12,1.0
2025-07-05 14:00,-2408.66,-2426.0,-2391.6,12,1.0
2025-07-05 15:00,-2390.72,-2415.4,-2378.5,12,1.0
2025-07-05 16:00,-2368.84,-2386.1,-2325.9,12,1.0
2025-07-05 17:00,-2373.46,-2391.6,-2359.9,12,1.0
2025-07-05 18:00,-2410.62,-2439.5,-2382.8,12,1.0
2025-07-05 19:00,-2441.7,-2459.2,-2420.4,12,1.0
2025-07-05 20:00,-2459.73,-2471.1,-2449.6,12,1.0
2025-07-05 21:00,-2485.52,-2501.5,-2474.5,12,1.0
2025-07-05 22:00,-2506.41,-2545.0,-2464.9,12,1.0
2025-07-05 23:00,-2530.28,-2550.9,-2492.3,12,1.0
2025-07-06 00:00,-2555.16,-2578.1,-2523.5,12,1.0
2025-07-06 01:00,-2589.24,-2611.5,-2550.9,12,1.0
2025-07-06 02:00,-2614.74,-2659.5,-2589.4,12,1.0
2025-07-06 03:00,-2629.82,-2651.5,-2601.3,12,1.0
2025-07-06 04:00,-2653.4,-2708.9,-2615.7,12,1.0
2025-07-06 05:00,-2672.03,-2694.6,-2642.4,12,1.0
2025-07-06 06:00,-2685.87,-2711.4,-2660.7,12,1.0
2025-07-06 07:00,-2709.97,-2744.1,-2687.8,12,1.0
2025-07-06 08:00,-2707.64,-2732.7,-2684.1,12,1.0
2025-07-06 09:00,-2695.99,-2729.6,-2674.2,12,1.0
2025-07-06 10:00,-2663.23,-2682.2,-2630.8,12,1.0
2025-07-06 11:00,-2617.03,-2661.3,-2589.4,12,1.0
2025-07-06 12:00,-2565.41,-2621.8,-2526.9,12,1.0
2025-07-06 13:00,-2489.11,-2526.9,-2444.5,12,1.0
2025-07-06 14:00,-2419.6,-2454.1,-2386.7,12,1.0
2025-07-06 15:00,-2369.88,-2395.5,-2344.7,12,1.0
2025-07-06 16:00,-2334.42,-2365.4,-2315.8,12,1.0
2025-07-06 17:00,-2339.56,-2363.2,-2315.2,12,1.0
2025-07-06 18:00,-2382.07,-2401.6,-2362.1,12,1.0
2025-07-06 19:00,-2429.31,-2467.7,-2391.1,12,1.0
2025-07-06 20:00,-2467.37,-2490.6,-2451.9,12,1.0
2025-07-06 21:00,-2491.15,-2508.4,-2471.1,12,1.0
2025-07-06 22:00,-2522.24,-2555.6,-2501.5,12,1.0
2025-07-06 23:00,-2546.2,-2568.0,-2515.3,12,1.0
2025-07-07 00:00,-2568.35,-2591.8,-2547.4,12,1.0
2025-07-07 01:00,-2598.59,-2618.8,-2581.0,12,1.0
2025-07-07 02:00,-2625.32,-2652.1,-2590.6,12,1.0
2025-07-07 03:00,-2642.88,-2673.0,-2613.9,12,1.0
2025-07-07 04:00,-2657.93,-2681.6,-2631.5,12,1.0
2025-07-07 05:00,-2677.62,-2694.0,-2654.6,12,1.0
2025-07-07 06:00,-2674.69,-2702.7,-2636.9,12,1.0
2025-07-07 07:00,-2695.09,-2728.9,-2663.1,12,1.0
2025-07-07 08:00,-2694.7,-2714.5,-2673.0,12,1.0
2025-07-07 09:00,-2680.6,-2695.8,-2657.6,12,1.0
2025-07-07 10:00,-2688.58,-2713.3,-2669.9,12,1.0
2025-07-07 11:00,-2693.04,-2739.7,-2663.1,12,1.0
2025-07-07 12:00,-2704.22,-2735.2,-2673.0,12,1.0
2025-07-07 13:00,-2662.45,-2703.3,-2643.0,12,1.0
2025-07-07 14:00,-2618.71,-2663.1,-2589.4,12,1.0
2025-07-07 15:00,-2559.87,-2601.9,-2525.2,12,1.0
2025-07-07 16:00,-2524.28,-2555.0,-2488.8,12,1.0
2025-07-07 17:00,-2508.9,-2527.5,-2493.4,12,1.0
2025-07-07 18:00,-2525.38,-2545.0,-2503.8,12,1.0
2025-07-07 19:00,-2568.06,-2593.6,-2538.6,12,1.0
2025-07-07 20:00,-2586.56,-2613.3,-2551.5,12,1.0
2025-07-07 21:00,-2616.52,-2628.4,-2591.8,12,1.0
2025-07-07 22:00,-2637.32,-2674.8,-2616.3,12,1.0
2025-07-07 23:00,-2659.22,-2692.7,-2623.6,12,1.0
2025-07-08 00:00,-2675.35,-2719.5,-2641.8,12,1.0
2025-07-08 01:00,-2697.37,-2709.5,-2671.7,12,1.0
2025-07-08 02:00,-2705.72,-2722.0,-2689.0,12,1.0
2025-07-08 03:00,-2714.09,-2732.7,-2690.9,12,1.0
2025-07-08 04:00,-2714.78,-2731.5,-2699.0,12,1.0
2025-07-08 05:00,-2721.9,-2734.6,-2705.2,12,1.0
2025-07-08 06:00,-2734.48,-2751.0,-2713.9,12,1.0
2025-07-08 07:00,-2737.32,-2758.6,-2711.4,12,1.0
2025-07-08 08:00,-2753.24,-2774.6,-2731.5,12,1.0
2025-07-08 09:00,-2740.98,-2772.7,-2710.8,12,1.0
2025-07-08 10:00,-2720.16,-2754.8,-2695.2,12,1.0
2025-07-08 11:00,-2664.38,-2684.7,-2638.1,12,1.0
2025-07-08 12:00,-2628.37,-2659.5,-2602.5,12,1.0
2025-07-08 13:00,-2563.03,-2592.4,-2535.1,12,1.0
2025-07-08 14:00,-2509.43,-2532.8,-2471.1,12,1.0
2025-07-08 15:00,-2444.73,-2468.9,-2411.0,12,1.0
2025-07-08 16:00,-2404.38,-2437.2,-2368.6,12,1.0
2025-07-08 17:00,-2393.89,-2417.1,-2365.4,12,1.0
2025-07-08 18:00,-2416.48,-2446.2,-2387.2,12,1.0
2025-07-08 19:00,-2446.32,-2473.4,-2424.4,12,1.0
2025-07-08 20:00,-2485.51,-2518.2,-2450.7,12,1.0
2025-07-08 21:00,-2513.51,-2533.4,-2480.8,12,1.0
2025-07-08 22:00,-2545.62,-2568.0,-2529.3,12,1.0
2025-07-08 23:00,-2580.42,-2603.1,-2561.5,12,1.0
2025-07-09 00:00,-2595.22,-2615.7,-2569.2,12,1.0
2025-07-09 01:00,-2621.17,-2642.4,-2591.8,12,1.0
2025-07-09 02:00,-2644.38,-2679.1,-2613.9,12,1.0
2025-07-09 03:00,-2671.91,-2700.2,-2644.8,12,1.0
2025-07-09 04:00,-2686.48,-2703.3,-2670.5,12,1.0
2025-07-09 05:00,-2698.81,-2712.7,-2684.7,12,1.0
2025-07-09 06:00,-2718.38,-2747.2,-2696.5,12,1.0
2025-07-09 07:00,-2737.28,-2761.2,-2708.9,12,1.0
2025-07-09 08:00,-2733.05,-2746.0,-2712.0,12,1.0
2025-07-09 09:00,-2706.78,-2739.0,-2671.7,12,1.0
2025-07-09 10:00,-2657.28,-2690.3,-2614.5,12,1.0
2025-07-09 11:00,-2574.33,-2627.2,-2526.4,12,1.0
2025-07-09 12:00,-2484.34,-2519.4,-2451.3,12,1.0
2025-07-09 13:00,-2405.12,-2456.4,-2369.7,12,1.0
2025-07-09 14:00,-2331.62,-2364.3,-2294.0,12,1.0
2025-07-09 15:00,-2268.57,-2298.8,-2241.8,12,1.0
2025-07-09 16:00,-2217.52,-2252.7,-2185.2,12,1.0
2025-07-09 17:00,-2209.17,-2228.4,-2178.7,12,1.0
2025-07-09 18:00,-2223.91,-2251.6,-2194.8,12,1.0
2025-07-09 19:00,-2246.54,-2280.3,-2227.4,12,1.0
2025-07-09 20:00,-2285.61,-2307.3,-2263.6,12,1.0
2025-07-09 21:00,-2327.17,-2362.6,-2307.8,12,1.0
2025-07-09 22:00,-2345.82,-2359.9,-2325.4,12,1.0
2025-07-09 23:00,-2378.32,-2398.3,-2348.0,12,1.0
2025-07-10 00:00,-2403.05,-2433.3,-2381.7,12,1.0
2025-07-10 01:00,-2429.22,-2445.7,-2416.0,12,1.0
2025-07-10 02:00,-2460.03,-2483.1,-2443.4,12,1.0
2025-07-10 03:00,-2486.56,-2509.0,-2466.6,12,1.0
2025-07-10 04:00,-2501.56,-2544.5,-2477.4,12,1.0
2025-07-10 05:00,-2528.28,-2557.4,-2493.4,12,1.0
2025-07-10 06:00,-2547.08,-2563.3,-2525.2,12,1.0
2025-07-10 07:00,-2572.97,-2597.7,-2553.3,12,1.0
2025-07-10 08:00,-2584.83,-2625.4,-2559.1,12,1.0
2025-07-10 09:00,-2576.46,-2611.5,-2550.3,12,1.0
2025-07-10 10:00,-2531.24,-2572.1,-2498.0,12,1.0
2025-07-10 11:00,-2470.37,-2500.3,-2403.2,12,1.0
2025-07-10 12:00,-2388.23,-2429.4,-2351.2,12,1.0
2025-07-10 13:00,-2305.92,-2345.3,-2266.7,12,1.0
2025-07-10 14:00,-2227.42,-2268.8,-2179.2,12,1.0
2025-07-10 15:00,-2162.2,-2179.7,-2139.9,12,1.0
2025-07-10 16:00,-2126.56,-2136.5,-2099.9,12,1.0
2025-07-10 17:00,-2106.44,-2119.3,-2087.8,12,1.0
2025-07-10 18:00,-2116.28,-2129.1,-2094.6,12,1.0
2025-07-10 19:00,-2138.9,-2158.2,-2106.7,12,1.0
2025-07-10 20:00,-2153.98,-2170.2,-2137.4,12,1.0
2025-07-10 21:00,-2181.12,-2199.4,-2156.7,12,1.0
2025-07-10 22:00,-2200.02,-2223.3,-2172.7,12,1.0
2025-07-10 23:00,-2233.01,-2256.3,-2205.9,12,1.0
2025-07-11 00:00,-2253.02,-2276.1,-2223.3,12,1.0
2025-07-11 01:00,-2278.9,-2298.2,-2255.8,12,1.0
2025-07-11 02:00,-2305.1,-2331.3,-2278.7,12,1.0
2025-07-11 03:00,-2319.88,-2347.4,-2299.3,12,1.0
2025-07-11 04:00,-2346.48,-2371.9,-2320.6,12,1.0
2025-07-11 05:00,-2366.55,-2405.4,-2340.4,12,1.0
2025-07-11 06:00,-2383.05,-2403.2,-2364.3,12,1.0
2025-07-11 07:00,-2408.21,-2445.7,-2387.2,12,1.0
2025-07-11 08:00,-2412.35,-2435.5,-2392.7,12,1.0
2025-07-11 09:00,-2426.2,-2443.4,-2408.8,12,1.0
2025-07-11 10:00,-2407.88,-2428.3,-2387.2,12,1.0
2025-07-11 11:00,-2349.93,-2392.2,-2309.4,12,1.0
2025-07-11 12:00,-2273.72,-2311.0,-2219.2,12,1.0
2025-07-11 13:00,-2205.24,-2228.4,-2155.7,12,1.0
2025-07-11 14:00,-2140.95,-2170.7,-2102.3,12,1.0
2025-07-11 15:00,-2090.62,-2115.4,-2062.5,12,1.0
2025-07-11 16:00,-2042.68,-2060.6,-2020.7,12,1.0
2025-07-11 17:00,-2020.27,-2042.7,-2006.3,12,1.0
2025-07-11 18:00,-2007.94,-2025.8,-1993.4,12,1.0
2025-07-11 19:00,-2009.48,-2022.1,-1998.5,12,1.0
2025-07-11 20:00,-2032.87,-2055.9,-2019.7,12,1.0
2025-07-11 21:00,-2055.36,-2084.0,-2039.4,12,1.0
2025-07-11 22:00,-2076.93,-2098.0,-2063.0,12,1.0
2025-07-11 23:00,-2100.29,-2123.7,-2082.6,12,1.0
2025-07-12 00:00,-2116.88,-2129.6,-2102.8,12,1.0
2025-07-12 01:00,-2134.98,-2156.7,-2114.9,12,1.0
2025-07-12 02:00,-2155.99,-2188.7,-2129.6,12,1.0
2025-07-12 03:00,-2177.5,-2192.3,-2163.2,12,1.0
2025-07-12 04:00,-2190.39,-2208.0,-2171.7,12,1.0
2025-07-12 05:00,-2202.55,-2216.1,-2176.2,12,1.0
2025-07-12 06:00,-2226.87,-2243.3,-2210.5,12,1.0
2025-07-12 07:00,-2239.25,-2258.9,-2217.2,12,1.0
2025-07-12 08:00,-2255.12,-2286.6,-2238.7,12,1.0
2025-07-12 09:00,-2262.99,-2282.4,-2242.3,12,1.0
2025-07-12 10:00,-2252.43,-2265.1,-2236.1,12,1.0
2025-07-12 11:00,-2226.24,-2251.1,-2205.4,12,1.0
2025-07-12 12:00,-2176.82,-2201.4,-2122.2,12,1.0
2025-07-12 13:00,-2106.08,-2138.9,-2068.2,12,1.0
2025-07-12 14:00,-2032.12,-2069.6,-1987.9,12,1.0
2025-07-12 15:00,-1966.89,-2025.3,-1930.2,12,1.0
2025-07-12 16:00,-1883.72,-1936.4,-1825.6,12,1.0
2025-07-12 17:00,-1789.58,-1836.1,-1755.1,12,1.0
2025-07-12 18:00,-1737.65,-1748.2,-1712.8,12,1.0
2025-07-12 19:00,-1726.18,-1738.6,-1711.6,12,1.0
2025-07-12 20:00,-1745.32,-1763.6,-1724.2,12,1.0
2025-07-12 21:00,-1774.11,-1788.1,-1751.8,12,1.0
2025-07-12 22:00,-1807.65,-1832.3,-1788.1,12,1.0
2025-07-12 23:00,-1833.24,-1859.1,-1809.7,12,1.0
2025-07-13 00:00,-1865.95,-1878.9,-1847.1,12,1.0
2025-07-13 01:00,-1892.12,-1903.2,-1878.4,12,1.0
2025-07-13 02:00,-1911.42,-1925.7,-1899.7,12,1.0
2025-07-13 03:00,-1936.77,-1953.9,-1920.4,12,1.0
2025-07-13 04:00,-1961.4,-1975.6,-1948.9,12,1.0
2025-07-13 05:00,-1972.98,-1987.0,-1964.7,12,1.0
2025-07-13 06:00,-1988.58,-2013.7,-1971.0,12,1.0
2025-07-13 07:00,-2007.25,-2021.6,-1989.7,12,1.0
2025-07-13 08:00,-2011.02,-2023.5,-1988.8,12,1.0
2025-07-13 09:00,-2009.74,-2020.7,-1988.8,12,1.0
2025-07-13 10:00,-1992.75,-2011.8,-1972.9,12,1.0
2025-07-13 11:00,-1980.95,-1992.9,-1962.0,12,1.0
2025-07-13 12:00,-1948.43,-1968.8,-1931.5,12,1.0
2025-07-13 13:00,-1915.42,-1936.8,-1898.0,12,1.0
2025-07-13 14:00,-1865.35,-1900.2,-1832.3,12,1.0
2025-07-13 15:00,-1805.56,-1836.9,-1777.9,12,1.0
2025-07-13 16:00,-1741.38,-1779.1,-1706.1,12,1.0
2025-07-13 17:00,-1679.14,-1699.4,-1658.8,12,1.0
2025-07-13 18:00,-1655.64,-1669.5,-1640.6,12,1.0
2025-07-13 19:00,-1644.71,-1658.0,-1637.2,12,1.0
2025-07-13 20:00,-1654.52,-1670.7,-1644.7,12,1.0
2025-07-13 21:00,-1674.44,-1692.8,-1660.0,12,1.0
2025-07-13 22:00,-1701.78,-1714.7,-1692.8,12,1.0
2025-07-13 23:00,-1729.52,-1745.0,-1708.4,12,1.0
2025-07-14 00:00,-1754.78,-1768.9,-1741.4,12,1.0
2025-07-14 01:00,-1776.22,-1785.6,-1765.2,12,1.0
2025-07-14 02:00,-1795.16,-1813.4,-1773.4,12,1.0
2025-07-14 03:00,-1814.94,-1829.8,-1789.8,12,1.0
2025-07-14 04:00,-1832.82,-1848.0,-1809.2,12,1.0
2025-07-14 05:00,-1853.4,-1869.8,-1839.9,12,1.0
2025-07-14 06:00,-1862.31,-1881.9,-1842.9,12,1.0
2025-07-14 07:00,-1876.4,-1888.0,-1860.4,12,1.0
2025-07-14 08:00,-1884.53,-1894.5,-1875.0,12,1.0
2025-07-14 09:00,-1894.19,-1913.4,-1879.7,12,1.0
2025-07-14 10:00,-1885.97,-1905.9,-1865.5,12,1.0
2025-07-14 11:00,-1864.19,-1875.8,-1853.5,12,1.0
2025-07-14 12:00,-1848.96,-1877.1,-1834.4,12,1.0
2025-07-14 13:00,-1816.94,-1845.0,-1798.4,12,1.0
2025-07-14 14:00,-1774.74,-1809.7,-1749.4,12,1.0
2025-07-14 15:00,-1717.71,-1754.7,-1681.5,12,1.0
2025-07-14 16:00,-1656.18,-1694.3,-1630.4,12,1.0
2025-07-14 17:00,-1610.66,-1625.5,-1594.4,12,1.0
2025-07-14 18:00,-1607.22,-1616.6,-1597.0,12,1.0
2025-07-14 19:00,-1612.57,-1626.3,-1604.0,12,1.0
2025-07-14 20:00,-1637.39,-1654.2,-1625.9,12,1.0
2025-07-14 21:00,-1667.38,-1698.6,-1650.8,12,1.0
2025-07-14 22:00,-1703.73,-1721.5,-1681.5,12,1.0
2025-07-14 23:00,-1735.57,-1755.9,-1711.2,12,1.0
2025-07-15 00:00,-1768.68,-1787.7,-1744.2,12,1.0
2025-07-15 01:00,-1803.87,-1826.0,-1784.0,12,1.0
2025-07-15 02:00,-1830.74,-1846.7,-1816.8,12,1.0
2025-07-15 03:00,-1862.47,-1885.8,-1846.7,12,1.0
2025-07-15 04:00,-1881.53,-1909.4,-1864.2,12,1.0
2025-07-15 05:00,-1901.68,-1914.7,-1886.7,12,1.0
2025-07-15 06:00,-1921.02,-1931.9,-1906.3,12,1.0
2025-07-15 07:00,-1931.72,-1949.4,-1916.4,12,1.0
2025-07-15 08:00,-1947.42,-1974.2,-1932.4,12,1.0
2025-07-15 09:00,-1948.79,-1980.1,-1923.1,12,1.0
2025-07-15 10:00,-1944.88,-1958.8,-1931.1,12,1.0
2025-07-15 11:00,-1941.5,-1950.3,-1925.7,12,1.0
2025-07-15 12:00,-1935.89,-1948.5,-1920.4,12,1.0
2025-07-15 13:00,-1934.31,-1945.8,-1918.6,12,1.0
2025-07-15 14:00,-1922.76,-1946.2,-1897.6,12,1.0
2025-07-15 15:00,-1889.61,-1914.7,-1863.8,12,1.0
2025-07-15 16:00,-1866.55,-1886.7,-1846.3,12,1.0
2025-07-15 17:00,-1860.86,-1876.7,-1851.8,12,1.0
2025-07-15 18:00,-1868.18,-1888.0,-1854.4,12,1.0
2025-07-15 19:00,-1903.9,-1927.1,-1883.6,12,1.0
2025-07-15 20:00,-1935.08,-1951.2,-1919.5,12,1.0
2025-07-15 21:00,-1963.93,-1975.1,-1947.6,12,1.0
2025-07-15 22:00,-1987.7,-2005.8,-1964.7,12,1.0
2025-07-15 23:00,-2018.28,-2034.2,-1995.2,12,1.0
2025-07-16 00:00,-2033.78,-2064.4,-2015.6,12,1.0
2025-07-16 01:00,-2053.12,-2075.8,-2030.0,12,1.0
2025-07-16 02:00,-2076.28,-2102.8,-2054.9,12,1.0
2025-07-16 03:00,-2086.6,-2109.1,-2062.5,12,1.0
2025-07-16 04:00,-2117.14,-2136.0,-2098.4,12,1.0
2025-07-16 05:00,-2132.89,-2150.8,-2115.9,12,1.0
2025-07-16 06:00,-2140.2,-2164.2,-2119.8,12,1.0
2025-07-16 07:00,-2169.93,-2191.3,-2148.8,12,1.0
2025-07-16 08:00,-2174.59,-2196.3,-2155.7,12,1.0
2025-07-16 09:00,-2182.73,-2201.4,-2164.2,12,1.0
2025-07-16 10:00,-2172.62,-2186.2,-2155.7,12,1.0
2025-07-16 11:00,-2156.7,-2175.7,-2140.9,12,1.0
2025-07-16 12:00,-2118.69,-2142.9,-2102.3,12,1.0
2025-07-16 13:00,-2072.97,-2097.0,-2044.1,12,1.0
2025-07-16 14:00,-2041.92,-2059.2,-2014.2,12,1.0
2025-07-16 15:00,-2009.5,-2030.9,-1990.7,12,1.0
2025-07-16 16:00,-1990.16,-2011.8,-1967.4,12,1.0
2025-07-16 17:00,-1976.8,-2000.8,-1957.9,12,1.0
2025-07-16 18:00,-1998.04,-2030.5,-1987.4,12,1.0
2025-07-16 19:00,-2019.38,-2039.4,-1995.2,12,1.0
2025-07-16 20:00,-2044.21,-2057.8,-2030.9,12,1.0
2025-07-16 21:00,-2070.3,-2092.6,-2038.9,12,1.0
2025-07-16 22:00,-2095.08,-2106.2,-2082.1,12,1.0
2025-07-16 23:00,-2114.88,-2144.3,-2092.6,12,1.0
2025-07-17 00:00,-2135.38,-2152.3,-2116.9,12,1.0
2025-07-17 01:00,-2151.42,-2178.7,-2137.4,12,1.0
2025-07-17 02:00,-2169.01,-2194.8,-2152.3,12,1.0
2025-07-17 03:00,-2189.91,-2209.5,-2175.7,12,1.0
2025-07-17 04:00,-2207.96,-2225.3,-2192.3,12,1.0
2025-07-17 05:00,-2216.38,-2224.8,-2200.9,12,1.0
2025-07-17 06:00,-2226.29,-2238.2,-2207.5,12,1.0
2025-07-17 07:00,-2233.85,-2255.8,-2213.1,12,1.0
2025-07-17 08:00,-2242.61,-2267.8,-2225.3,12,1.0
2025-07-17 09:00,-2238.75,-2263.6,-2219.7,12,1.0
2025-07-17 10:00,-2223.18,-2237.2,-2207.5,12,1.0
2025-07-17 11:00,-2184.27,-2215.6,-2163.7,12,1.0
2025-07-17 12:00,-2139.33,-2175.2,-2101.3,12,1.0
2025-07-17 13:00,-2086.6,-2116.9,-2059.2,12,1.0
2025-07-17 14:00,-2045.76,-2064.4,-2025.8,12,1.0
2025-07-17 15:00,-2009.03,-2040.3,-1993.9,12,1.0
2025-07-17 16:00,-1983.36,-1996.6,-1963.8,12,1.0
2025-07-17 17:00,-1988.98,-2013.7,-1972.4,12,1.0
2025-07-17 18:00,-2009.73,-2032.8,-1985.6,12,1.0
2025-07-17 19:00,-2041.49,-2054.0,-2017.0,12,1.0
2025-07-17 20:00,-2076.58,-2084.9,-2069.2,12,1.0
2025-07-17 21:00,-2108.5,-2138.9,-2091.7,12,1.0
2025-07-17 22:00,-2140.25,-2171.7,-2117.9,12,1.0
2025-07-17 23:00,-2160.52,-2177.2,-2134.5,12,1.0
2025-07-18 00:00,-2192.17,-2209.0,-2177.7,12,1.0
2025-07-18 01:00,-2217.57,-2243.9,-2198.8,12,1.0
2025-07-18 02:00,-2232.77,-2252.1,-2212.6,12,1.0
2025-07-18 03:00,-2261.12,-2285.6,-2236.1,12,1.0
2025-07-18 04:00,-2282.6,-2301.9,-2258.9,12,1.0
2025-07-18 05:00,-2303.66,-2322.7,-2284.0,12,1.0
2025-07-18 06:00,-2309.51,-2327.5,-2281.4,12,1.0
2025-07-18 07:00,-2328.05,-2339.4,-2307.8,12,1.0
2025-07-18 08:00,-2353.98,-2377.9,-2333.4,12,1.0
2025-07-18 09:00,-2344.47,-2364.3,-2322.2,12,1.0
2025-07-18 10:00,-2316.87,-2340.4,-2297.7,12,1.0
2025-07-18 11:00,-2271.26,-2288.2,-2249.0,12,1.0
2025-07-18 12:00,-2222.03,-2252.7,-2194.8,12,1.0
2025-07-18 13:00,-2155.85,-2200.9,-2120.3,12,1.0
2025-07-18 14:00,-2098.73,-2131.1,-2083.5,12,1.0
2025-07-18 15:00,-2054.52,-2075.8,-2031.4,12,1.0
2025-07-18 16:00,-2028.48,-2050.7,-2004.0,12,1.0
2025-07-18 17:00,-2031.49,-2058.2,-2010.9,12,1.0
2025-07-18 18:00,-2066.23,-2091.2,-2039.4,12,1.0
2025-07-18 19:00,-2102.22,-2134.0,-2081.6,12,1.0
2025-07-18 20:00,-2142.79,-2165.7,-2122.7,12,1.0
2025-07-18 21:00,-2164.07,-2188.2,-2142.9,12,1.0
2025-07-18 22:00,-2197.38,-2222.3,-2173.2,12,1.0
2025-07-18 23:00,-2238.82,-2253.2,-2208.5,12,1.0
2025-07-19 00:00,-2261.51,-2293.0,-2239.2,12,1.0
2025-07-19 01:00,-2292.39,-2325.9,-2268.8,12,1.0
2025-07-19 02:00,-2315.98,-2338.8,-2281.9,12,1.0
2025-07-19 03:00,-2341.22,-2362.6,-2323.8,12,1.0
2025-07-19 04:00,-2365.73,-2382.3,-2344.2,12,1.0
2025-07-19 05:00,-2382.54,-2411.0,-2362.6,12,1.0
2025-07-19 06:00,-2403.08,-2421.6,-2382.3,12,1.0
2025-07-19 07:00,-2419.22,-2436.1,-2393.3,12,1.0
2025-07-19 08:00,-2425.67,-2441.2,-2409.9,12,1.0
2025-07-19 09:00,-2419.24,-2444.5,-2394.9,12,1.0
2025-07-19 10:00,-2396.0,-2438.9,-2357.2,12,1.0
2025-07-19 11:00,-2340.16,-2376.3,-2281.9,12,1.0
2025-07-19 12:00,-2273.4,-2314.7,-2220.2,12,1.0
2025-07-19 13:00,-2205.18,-2236.1,-2161.7,12,1.0
2025-07-19 14:00,-2152.67,-2186.7,-2123.7,12,1.0
2025-07-19 15:00,-2124.42,-2149.8,-2091.2,12,1.0
2025-07-19 16:00,-2089.86,-2110.5,-2073.5,12,1.0
2025-07-19 17:00,-2082.99,-2104.7,-2063.5,12,1.0
2025-07-19 18:00,-2130.18,-2163.2,-2109.6,12,1.0
2025-07-19 19:00,-2162.19,-2188.2,-2149.3,12,1.0
2025-07-19 20:00,-2198.41,-2218.2,-2176.2,12,1.0
2025-07-19 21:00,-2231.34,-2248.0,-2204.9,12,1.0
2025-07-19 22:00,-2271.02,-2305.1,-2243.3,12,1.0
2025-07-19 23:00,-2293.49,-2317.9,-2266.7,12,1.0
2025-07-20 00:00,-2311.98,-2336.1,-2292.4,12,1.0
2025-07-20 01:00,-2338.18,-2367.0,-2320.0,12,1.0
2025-07-20 02:00,-2366.16,-2386.1,-2335.6,12,1.0
2025-07-20 03:00,-2387.76,-2408.2,-2360.5,12,1.0
2025-07-20 04:00,-2410.52,-2431.6,-2392.7,12,1.0
2025-07-20 05:00,-2434.55,-2468.9,-2398.8,12,1.0
2025-07-20 06:00,-2440.64,-2466.6,-2409.3,12,1.0
2025-07-20 07:00,-2453.09,-2468.9,-2437.2,12,1.0
2025-07-20 08:00,-2461.29,-2483.7,-2431.6,12,1.0
2025-07-20 09:00,-2462.02,-2481.4,-2435.5,12,1.0
2025-07-20 10:00,-2428.1,-2480.8,-2393.3,12,1.0
2025-07-20 11:00,-2371.62,-2392.2,-2348.0,12,1.0
2025-07-20 12:00,-2301.48,-2338.3,-2277.2,12,1.0
2025-07-20 13:00,-2243.77,-2276.6,-2216.1,12,1.0
2025-07-20 14:00,-2197.79,-2223.8,-2166.2,12,1.0
2025-07-20 15:00,-2152.26,-2171.2,-2121.3,12,1.0
2025-07-20 16:00,-2117.57,-2129.6,-2105.7,12,1.0
2025-07-20 17:00,-2114.18,-2139.9,-2098.9,12,1.0
2025-07-20 18:00,-2153.92,-2181.2,-2116.4,12,1.0
2025-07-20 19:00,-2193.92,-2210.5,-2167.2,12,1.0
2025-07-20 20:00,-2232.23,-2248.5,-2221.8,12,1.0
2025-07-20 21:00,-2269.14,-2292.4,-2247.5,12,1.0
2025-07-20 22:00,-2303.98,-2328.1,-2282.4,12,1.0
2025-07-20 23:00,-2329.78,-2363.7,-2302.5,12,1.0
2025-07-21 00:00,-2353.7,-2375.2,-2315.8,12,1.0
2025-07-21 01:00,-2386.9,-2407.7,-2369.7,12,1.0
2025-07-21 02:00,-2409.77,-2442.3,-2372.4,12,1.0
2025-07-21 03:00,-2427.03,-2450.7,-2405.4,12,1.0
2025-07-21 04:00,-2454.23,-2475.1,-2437.2,12,1.0
2025-07-21 05:00,-2461.25,-2483.1,-2441.2,12,1.0
2025-07-21 06:00,-2477.99,-2494.0,-2459.8,12,1.0
2025-07-21 07:00,-2490.42,-2520.6,-2470.0,12,1.0
2025-07-21 08:00,-2488.69,-2525.8,-2466.0,12,1.0
2025-07-21 09:00,-2476.31,-2512.4,-2453.6,12,1.0
2025-07-21 10:00,-2456.5,-2479.1,-2420.4,12,1.0
2025-07-21 11:00,-2386.75,-2425.5,-2344.7,12,1.0
2025-07-21 12:00,-2333.57,-2373.0,-2294.5,12,1.0
2025-07-21 13:00,-2281.72,-2307.8,-2252.7,12,1.0
2025-07-21 14:00,-2221.15,-2250.1,-2192.8,12,1.0
2025-07-21 15:00,-2175.12,-2193.3,-2137.4,12,1.0
2025-07-21 16:00,-2144.01,-2154.2,-2121.3,12,1.0
2025-07-21 17:00,-2144.36,-2165.2,-2106.7,12,1.0
2025-07-21 18:00,-2168.85,-2192.8,-2133.0,12,1.0
2025-07-21 19:00,-2211.84,-2245.4,-2189.3,12,1.0
2025-07-21 20:00,-2256.22,-2271.9,-2238.2,12,1.0
2025-07-21 21:00,-2285.52,-2314.7,-2260.5,12,1.0
2025-07-21 22:00,-2326.81,-2351.8,-2309.4,12,1.0
2025-07-21 23:00,-2347.73,-2371.3,-2316.8,12,1.0
2025-07-22 00:00,-2380.62,-2399.4,-2362.6,12,1.0
2025-07-22 01:00,-2408.46,-2446.8,-2385.0,12,1.0
2025-07-22 02:00,-2429.98,-2459.2,-2409.3,12,1.0
2025-07-22 03:00,-2446.31,-2482.5,-2406.0,12,1.0
2025-07-22 04:00,-2472.77,-2487.7,-2456.4,12,1.0
2025-07-22 05:00,-2484.66,-2513.6,-2459.2,12,1.0
2025-07-22 06:00,-2507.01,-2524.6,-2486.5,12,1.0
2025-07-22 07:00,-2515.32,-2542.7,-2500.3,12,1.0
2025-07-22 08:00,-2526.24,-2539.8,-2502.6,12,1.0
2025-07-22 09:00,-2521.98,-2534.5,-2504.9,12,1.0
2025-07-22 10:00,-2485.28,-2504.9,-2442.3,12,1.0
2025-07-22 11:00,-2431.03,-2469.4,-2390.5,12,1.0
2025-07-22 12:00,-2369.26,-2399.9,-2339.4,12,1.0
2025-07-22 13:00,-2314.67,-2341.5,-2278.7,12,1.0
2025-07-22 14:00,-2259.75,-2288.2,-2224.3,12,1.0
2025-07-22 15:00,-2223.58,-2267.8,-2184.2,12,1.0
2025-07-22 16:00,-2214.37,-2227.4,-2190.3,12,1.0
2025-07-22 17:00,-2221.5,-2239.2,-2200.4,12,1.0
2025-07-22 18:00,-2244.37,-2267.2,-2222.3,12,1.0
2025-07-22 19:00,-2279.13,-2300.9,-2255.8,12,1.0
2025-07-22 20:00,-2318.75,-2341.0,-2298.8,12,1.0
2025-07-22 21:00,-2355.11,-2373.0,-2336.1,12,1.0
2025-07-22 22:00,-2385.48,-2407.7,-2359.9,12,1.0
2025-07-22 23:00,-2410.62,-2435.0,-2369.2,12,1.0
2025-07-23 00:00,-2426.54,-2451.9,-2400.5,12,1.0
2025-07-23 01:00,-2458.07,-2480.3,-2435.0,12,1.0
2025-07-23 02:00,-2486.19,-2510.1,-2455.2,12,1.0
2025-07-23 03:00,-2507.75,-2529.9,-2495.1,12,1.0
2025-07-23 04:00,-2521.86,-2555.0,-2501.5,12,1.0
2025-07-23 05:00,-2535.65,-2561.5,-2509.5,12,1.0
2025-07-23 06:00,-2554.33,-2577.5,-2531.0,12,1.0
2025-07-23 07:00,-2572.14,-2612.1,-2553.3,12,1.0
2025-07-23 08:00,-2574.45,-2595.9,-2554.4,12,1.0
2025-07-23 09:00,-2569.42,-2595.9,-2539.8,12,1.0
2025-07-23 10:00,-2524.58,-2568.6,-2459.8,12,1.0
2025-07-23 11:00,-2463.01,-2520.6,-2422.1,12,1.0
2025-07-23 12:00,-2394.51,-2434.4,-2367.5,12,1.0
2025-07-23 13:00,-2327.76,-2350.1,-2300.9,12,1.0
2025-07-23 14:00,-2274.68,-2310.4,-2231.5,12,1.0
2025-07-23 15:00,-2216.75,-2258.4,-2181.7,12,1.0
2025-07-23 16:00,-2184.74,-2209.5,-2172.2,12,1.0
2025-07-23 17:00,-2189.73,-2207.0,-2164.7,12,1.0
2025-07-23 18:00,-2214.78,-2237.2,-2194.8,12,1.0
2025-07-23 19:00,-2255.92,-2278.2,-2228.9,12,1.0
2025-07-23 20:00,-2299.71,-2332.4,-2277.2,12,1.0
2025-07-23 21:00,-2342.78,-2374.6,-2307.8,12,1.0
2025-07-23 22:00,-2384.72,-2405.4,-2351.8,12,1.0
2025-07-23 23:00,-2420.47,-2440.0,-2403.8,12,1.0
2025-07-24 00:00,-2456.08,-2488.8,-2434.4,12,1.0
2025-07-24 01:00,-2479.9,-2520.0,-2451.9,12,1.0
2025-07-24 02:00,-2503.67,-2521.7,-2467.7,12,1.0
2025-07-24 03:00,-2515.68,-2536.9,-2491.1,12,1.0
2025-07-24 04:00,-2542.34,-2561.5,-2515.9,12,1.0
2025-07-24 05:00,-2554.7,-2591.2,-2518.8,12,1.0
2025-07-24 06:00,-2581.2,-2607.3,-2571.6,12,1.0
2025-07-24 07:00,-2584.58,-2614.5,-2560.9,12,1.0
2025-07-24 08:00,-2612.02,-2649.1,-2588.2,12,1.0
2025-07-24 09:00,-2597.98,-2645.4,-2578.1,12,1.0
2025-07-24 10:00,-2551.8,-2593.0,-2520.6,12,1.0
2025-07-24 11:00,-2494.18,-2527.5,-2445.1,12,1.0
2025-07-24 12:00,-2424.64,-2476.3,-2393.8,12,1.0
2025-07-24 13:00,-2359.3,-2401.6,-2323.8,12,1.0
2025-07-24 14:00,-2292.38,-2334.0,-2262.5,12,1.0
2025-07-24 15:00,-2233.89,-2259.4,-2194.3,12,1.0
2025-07-24 16:00,-2206.31,-2220.2,-2191.8,12,1.0
2025-07-24 17:00,-2216.38,-2240.2,-2191.8,12,1.0
2025-07-24 18:00,-2249.08,-2263.1,-2226.9,12,1.0
2025-07-24 19:00,-2274.16,-2292.4,-2252.7,12,1.0
2025-07-24 20:00,-2315.77,-2356.7,-2290.8,12,1.0
2025-07-24 21:00,-2356.37,-2382.8,-2330.2,12,1.0
2025-07-24 22:00,-2394.48,-2418.2,-2375.7,12,1.0
2025-07-24 23:00,-2433.23,-2454.1,-2410.4,12,1.0
2025-07-25 00:00,-2461.18,-2476.8,-2431.6,12,1.0
2025-07-25 01:00,-2487.37,-2517.1,-2449.6,12,1.0
2025-07-25 02:00,-2512.18,-2555.6,-2482.0,12,1.0
2025-07-25 03:00,-2538.25,-2550.9,-2520.6,12,1.0
2025-07-25 04:00,-2547.27,-2567.4,-2533.4,12,1.0
2025-07-25 05:00,-2577.58,-2605.5,-2548.6,12,1.0
2025-07-25 06:00,-2595.61,-2614.5,-2581.0,12,1.0
2025-07-25 07:00,-2609.4,-2630.8,-2585.2,12,1.0
2025-07-25 08:00,-2609.07,-2638.7,-2588.8,12,1.0
2025-07-25 09:00,-2597.98,-2621.8,-2572.1,12,1.0
2025-07-25 10:00,-2551.62,-2606.1,-2505.5,12,1.0
2025-07-25 11:00,-2511.19,-2536.9,-2482.0,12,1.0
2025-07-25 12:00,-2461.38,-2502.0,-2438.3,12,1.0
2025-07-25 13:00,-2399.6,-2435.0,-2377.9,12,1.0
2025-07-25 14:00,-2319.13,-2364.8,-2294.0,12,1.0
2025-07-25 15:00,-2257.99,-2297.2,-2210.5,12,1.0
2025-07-25 16:00,-2226.88,-2249.5,-2208.0,12,1.0
2025-07-25 17:00,-2240.25,-2252.1,-2227.4,12,1.0
2025-07-25 18:00,-2268.7,-2296.1,-2248.5,12,1.0
2025-07-25 19:00,-2296.97,-2327.5,-2273.0,12,1.0
2025-07-25 20:00,-2334.33,-2358.3,-2304.6,12,1.0
2025-07-25 21:00,-2369.6,-2394.4,-2353.9,12,1.0
2025-07-25 22:00,-2399.48,-2418.2,-2381.7,12,1.0
2025-07-25 23:00,-2431.83,-2453.0,-2413.2,12,1.0
2025-07-26 00:00,-2462.2,-2515.3,-2436.1,12,1.0
2025-07-26 01:00,-2484.42,-2509.5,-2458.1,12,1.0
2025-07-26 02:00,-2510.66,-2536.9,-2489.4,12,1.0
2025-07-26 03:00,-2536.13,-2554.4,-2516.5,12,1.0
2025-07-26 04:00,-2552.85,-2583.4,-2520.6,12,1.0
2025-07-26 05:00,-2561.28,-2598.9,-2528.1,12,1.0
2025-07-26 06:00,-2570.53,-2583.4,-2550.3,12,1.0
2025-07-26 07:00,-2580.12,-2595.9,-2567.4,12,1.0
2025-07-26 08:00,-2583.89,-2596.5,-2557.4,12,1.0
2025-07-26 09:00,-2564.51,-2594.7,-2545.0,12,1.0
2025-07-26 10:00,-2543.02,-2559.7,-2519.4,12,1.0
2025-07-26 11:00,-2524.21,-2538.0,-2508.4,12,1.0
2025-07-26 12:00,-2509.61,-2548.0,-2458.6,12,1.0
2025-07-26 13:00,-2497.96,-2515.9,-2474.0,12,1.0
2025-07-26 14:00,-2487.6,-2522.9,-2463.7,12,1.0
2025-07-26 15:00,-2457.88,-2490.0,-2435.0,12,1.0
2025-07-26 16:00,-2447.78,-2467.7,-2427.1,12,1.0
2025-07-26 17:00,-2470.92,-2488.3,-2449.6,12,1.0
2025-07-26 18:00,-2509.3,-2533.9,-2486.0,12,1.0
2025-07-26 19:00,-2534.35,-2556.8,-2518.2,12,1.0
2025-07-26 20:00,-2558.01,-2585.2,-2533.4,12,1.0
2025-07-26 21:00,-2594.18,-2615.1,-2568.6,12,1.0
2025-07-26 22:00,-2608.43,-2629.6,-2592.4,12,1.0
2025-07-26 23:00,-2649.08,-2674.2,-2615.7,12,1.0
2025-07-27 00:00,-2648.22,-2672.4,-2620.0,12,1.0
2025-07-27 01:00,-2677.53,-2696.5,-2645.4,12,1.0
2025-07-27 02:00,-2686.08,-2713.9,-2668.1,12,1.0
2025-07-27 03:00,-2700.35,-2722.7,-2673.0,12,1.0
2025-07-27 04:00,-2716.98,-2744.1,-2659.5,12,1.0
2025-07-27 05:00,-2725.28,-2752.3,-2701.4,12,1.0
2025-07-27 06:00,-2746.31,-2770.1,-2726.4,12,1.0
2025-07-27 07:00,-2751.72,-2789.9,-2727.1,12,1.0
2025-07-27 08:00,-2749.82,-2777.8,-2720.2,12,1.0
2025-07-27 09:00,-2740.35,-2754.2,-2689.6,12,1.0
2025-07-27 10:00,-2697.01,-2742.8,-2657.6,12,1.0
2025-07-27 11:00,-2642.48,-2698.3,-2591.8,12,1.0
2025-07-27 12:00,-2592.2,-2628.4,-2552.7,12,1.0
2025-07-27 13:00,-2521.79,-2565.6,-2476.8,12,1.0
2025-07-27 14:00,-2434.34,-2476.3,-2397.7,12,1.0
2025-07-27 15:00,-2358.99,-2386.7,-2316.8,12,1.0
2025-07-27 16:00,-2307.38,-2335.0,-2287.7,12,1.0
2025-07-27 17:00,-2280.42,-2300.9,-2250.6,12,1.0
2025-07-27 18:00,-2291.5,-2310.4,-2273.0,12,1.0
2025-07-27 19:00,-2333.1,-2353.9,-2310.4,12,1.0
2025-07-27 20:00,-2367.12,-2395.5,-2324.9,12,1.0
2025-07-27 21:00,-2414.28,-2455.2,-2376.8,12,1.0
2025-07-27 22:00,-2442.7,-2474.5,-2410.4,12,1.0
2025-07-27 23:00,-2484.16,-2503.2,-2457.5,12,1.0
2025-07-28 00:00,-2506.43,-2527.5,-2467.1,12,1.0
2025-07-28 01:00,-2533.94,-2556.2,-2514.2,12,1.0
2025-07-28 02:00,-2556.88,-2578.1,-2529.3,12,1.0
2025-07-28 03:00,-2583.17,-2612.1,-2549.7,12,1.0
2025-07-28 04:00,-2596.52,-2617.6,-2570.4,12,1.0
2025-07-28 05:00,-2616.75,-2639.3,-2587.0,12,1.0
2025-07-28 06:00,-2630.68,-2661.3,-2604.9,12,1.0
2025-07-28 07:00,-2636.01,-2649.7,-2617.6,12,1.0
2025-07-28 08:00,-2632.28,-2656.4,-2600.1,12,1.0
2025-07-28 09:00,-2638.82,-2667.4,-2615.7,12,1.0
2025-07-28 10:00,-2594.13,-2629.6,-2568.0,12,1.0
2025-07-28 11:00,-2558.33,-2604.9,-2508.4,12,1.0
2025-07-28 12:00,-2517.33,-2556.2,-2482.5,12,1.0
2025-07-28 13:00,-2505.44,-2523.5,-2492.8,12,1.0
2025-07-28 14:00,-2513.13,-2530.4,-2494.6,12,1.0
2025-07-28 15:00,-2524.28,-2556.8,-2494.6,12,1.0
2025-07-28 16:00,-2523.67,-2540.4,-2504.9,12,1.0
2025-07-28 17:00,-2532.56,-2554.4,-2510.1,12,1.0
2025-07-28 18:00,-2547.67,-2569.8,-2513.6,12,1.0
2025-07-28 19:00,-2569.07,-2594.7,-2545.6,12,1.0
2025-07-28 20:00,-2592.39,-2615.1,-2562.7,12,1.0
2025-07-28 21:00,-2606.31,-2642.4,-2569.8,12,1.0
2025-07-28 22:00,-2633.89,-2664.4,-2606.1,12,1.0
2025-07-28 23:00,-2662.83,-2690.3,-2622.4,12,1.0
2025-07-29 00:00,-2681.86,-2700.8,-2656.4,12,1.0
2025-07-29 01:00,-2697.75,-2723.3,-2676.7,12,1.0
2025-07-29 02:00,-2705.82,-2726.4,-2682.8,12,1.0
2025-07-29 03:00,-2711.43,-2744.1,-2679.1,12,1.0
2025-07-29 04:00,-2728.5,-2759.9,-2695.8,12,1.0
2025-07-29 05:00,-2750.67,-2781.0,-2728.3,12,1.0
2025-07-29 06:00,-2770.16,-2794.4,-2740.3,12,1.0
2025-07-29 07:00,-2765.43,-2788.7,-2730.8,12,1.0
2025-07-29 08:00,-2766.71,-2799.0,-2734.6,12,1.0
2025-07-29 09:00,-2761.7,-2788.0,-2742.8,12,1.0
2025-07-29 10:00,-2720.2,-2747.9,-2695.2,12,1.0
2025-07-29 11:00,-2658.85,-2711.4,-2616.3,12,1.0
2025-07-29 12:00,-2574.8,-2629.6,-2528.1,12,1.0
2025-07-29 13:00,-2483.86,-2507.2,-2455.8,12,1.0
2025-07-29 14:00,-2436.9,-2459.8,-2408.8,12,1.0
2025-07-29 15:00,-2383.78,-2404.9,-2345.3,12,1.0
2025-07-29 16:00,-2353.33,-2373.0,-2331.8,12,1.0
2025-07-29 17:00,-2351.12,-2373.0,-2330.2,12,1.0
2025-07-29 18:00,-2369.56,-2389.4,-2348.5,12,1.0
2025-07-29 19:00,-2387.44,-2403.2,-2367.5,12,1.0
2025-07-29 20:00,-2425.85,-2468.9,-2410.4,12,1.0
2025-07-29 21:00,-2459.02,-2484.3,-2431.6,12,1.0
2025-07-29 22:00,-2485.38,-2507.2,-2461.5,12,1.0
2025-07-29 23:00,-2515.38,-2549.2,-2492.3,12,1.0
2025-07-30 00:00,-2538.41,-2581.0,-2513.6,12,1.0
2025-07-30 01:00,-2564.46,-2601.9,-2532.8,12,1.0
2025-07-30 02:00,-2589.02,-2617.0,-2568.0,12,1.0
2025-07-30 03:00,-2612.15,-2640.6,-2572.7,12,1.0
2025-07-30 04:00,-2617.09,-2647.9,-2592.4,12,1.0
2025-07-30 05:00,-2632.48,-2669.3,-2594.2,12,1.0
2025-07-30 06:00,-2655.46,-2671.7,-2633.9,12,1.0
2025-07-30 07:00,-2662.42,-2685.3,-2629.6,12,1.0
2025-07-30 08:00,-2680.52,-2707.7,-2653.4,12,1.0
2025-07-30 09:00,-2666.98,-2692.1,-2642.4,12,1.0
2025-07-30 10:00,-2640.0,-2671.1,-2623.0,12,1.0
2025-07-30 11:00,-2567.99,-2630.2,-2515.3,12,1.0
2025-07-30 12:00,-2480.67,-2519.4,-2445.1,12,1.0
2025-07-30 13:00,-2388.85,-2427.7,-2349.6,12,1.0
2025-07-30 14:00,-2318.65,-2340.4,-2274.6,12,1.0
2025-07-30 15:00,-2272.92,-2312.6,-2245.4,12,1.0
2025-07-30 16:00,-2237.99,-2268.8,-2213.1,12,1.0
2025-07-30 17:00,-2228.82,-2247.0,-2212.1,12,1.0
2025-07-30 18:00,-2249.93,-2265.7,-2225.3,12,1.0
2025-07-30 19:00,-2292.96,-2314.7,-2271.4,12,1.0
2025-07-30 20:00,-2329.08,-2357.2,-2297.2,12,1.0
2025-07-30 21:00,-2377.42,-2399.9,-2343.1,12,1.0
2025-07-30 22:00,-2404.61,-2431.1,-2381.2,12,1.0
2025-07-30 23:00,-2445.72,-2475.1,-2408.2,12,1.0
2025-07-31 00:00,-2468.6,-2486.0,-2441.7,12,1.0
2025-07-31 01:00,-2498.24,-2517.1,-2475.1,12,1.0
2025-07-31 02:00,-2527.88,-2555.0,-2507.2,12,1.0
2025-07-31 03:00,-2565.28,-2589.4,-2538.6,12,1.0
2025-07-31 04:00,-2577.5,-2608.5,-2553.3,12,1.0
2025-07-31 05:00,-2591.77,-2617.0,-2564.5,12,1.0
2025-07-31 06:00,-2605.78,-2639.9,-2580.5,12,1.0
2025-07-31 07:00,-2625.4,-2679.1,-2592.4,12,1.0
2025-07-31 08:00,-2640.99,-2660.7,-2618.2,12,1.0
2025-07-31 09:00,-2638.65,-2654.6,-2621.2,12,1.0
2025-07-31 10:00,-2598.66,-2649.1,-2566.8,12,1.0
2025-07-31 11:00,-2531.31,-2576.9,-2484.8,12,1.0
2025-07-31 12:00,-2470.17,-2515.9,-2415.4,12,1.0
2025-07-31 13:00,-2402.47,-2450.2,-2352.3,12,1.0
2025-07-31 14:00,-2339.7,-2367.5,-2307.3,12,1.0
2025-07-31 15:00,-2301.59,-2326.5,-2279.8,12,1.0
2025-07-31 16:00,-2276.98,-2292.4,-2246.4,12,1.0
2025-07-31 17:00,-2278.17,-2301.9,-2257.9,12,1.0
2025-07-31 18:00,-2291.78,-2331.3,-2265.1,12,1.0
2025-07-31 19:00,-2325.92,-2345.8,-2294.0,12,1.0
2025-07-31 20:00,-2369.97,-2403.2,-2330.2,12,1.0
2025-07-31 21:00,-2414.42,-2444.5,-2384.5,12,1.0
2025-07-31 22:00,-2447.32,-2480.3,-2421.6,12,1.0
2025-07-31 23:00,-2487.78,-2506.7,-2468.9,12,1.0
2025-08-01 00:00,-2506.31,-2531.6,-2482.0,12,1.0
2025-08-01 01:00,-2541.18,-2576.3,-2511.3,12,1.0
2025-08-01 02:00,-2566.44,-2594.2,-2536.3,12,1.0
2025-08-01 03:00,-2580.92,-2608.5,-2552.1,12,1.0
2025-08-01 04:00,-2613.03,-2642.4,-2591.8,12,1.0
2025-08-01 05:00,-2629.16,-2646.6,-2606.1,12,1.0
2025-08-01 06:00,-2660.61,-2677.3,-2641.2,12,1.0
2025-08-01 07:00,-2670.42,-2697.1,-2649.7,12,1.0
2025-08-01 08:00,-2677.27,-2700.2,-2646.0,12,1.0
2025-08-01 09:00,-2672.76,-2694.0,-2641.2,12,1.0
2025-08-01 10:00,-2629.62,-2681.0,-2588.8,12,1.0
2025-08-01 11:00,-2593.04,-2621.2,-2552.1,12,1.0
2025-08-01 12:00,-2525.34,-2560.3,-2489.4,12,1.0
2025-08-01 13:00,-2450.26,-2521.1,-2383.9,12,1.0
2025-08-01 14:00,-2374.89,-2418.2,-2351.8,12,1.0
2025-08-01 15:00,-2321.78,-2359.9,-2289.3,12,1.0
2025-08-01 16:00,-2285.54,-2298.2,-2274.6,12,1.0
2025-08-01 17:00,-2296.42,-2317.9,-2276.6,12,1.0
2025-08-01 18:00,-2322.36,-2346.9,-2295.6,12,1.0
2025-08-01 19:00,-2348.18,-2387.2,-2307.3,12,1.0
2025-08-01 20:00,-2394.02,-2410.4,-2370.3,12,1.0
2025-08-01 21:00,-2443.4,-2472.8,-2404.9,12,1.0
2025-08-01 22:00,-2482.62,-2521.1,-2445.7,12,1.0
2025-08-01 23:00,-2514.79,-2538.6,-2486.5,12,1.0
2025-08-02 00:00,-2547.91,-2566.8,-2522.9,12,1.0
2025-08-02 01:00,-2573.79,-2593.6,-2553.9,12,1.0
2025-08-02 02:00,-2596.84,-2626.0,-2559.7,12,1.0
2025-08-02 03:00,-2625.92,-2652.1,-2606.7,12,1.0
2025-08-02 04:00,-2655.78,-2677.9,-2636.9,12,1.0
2025-08-02 05:00,-2677.08,-2707.0,-2653.4,12,1.0
2025-08-02 06:00,-2681.62,-2694.0,-2666.2,12,1.0
2025-08-02 07:00,-2706.86,-2725.2,-2684.1,12,1.0
2025-08-02 08:00,-2712.1,-2741.5,-2684.7,12,1.0
2025-08-02 09:00,-2708.93,-2744.1,-2674.2,12,1.0
2025-08-02 10:00,-2669.17,-2700.8,-2615.1,12,1.0
2025-08-02 11:00,-2622.81,-2649.1,-2575.1,12,1.0
2025-08-02 12:00,-2559.69,-2605.5,-2513.0,12,1.0
2025-08-02 13:00,-2469.19,-2512.4,-2419.9,12,1.0
2025-08-02 14:00,-2396.03,-2425.5,-2349.6,12,1.0
2025-08-02 15:00,-2341.87,-2379.6,-2305.1,12,1.0
2025-08-02 16:00,-2301.92,-2316.3,-2281.4,12,1.0
2025-08-02 17:00,-2313.16,-2339.9,-2284.5,12,1.0
2025-08-02 18:00,-2353.91,-2376.3,-2328.1,12,1.0
2025-08-02 19:00,-2390.53,-2431.1,-2362.1,12,1.0
2025-08-02 20:00,-2427.96,-2466.0,-2396.0,12,1.0
2025-08-02 21:00,-2467.65,-2502.0,-2439.5,12,1.0
2025-08-02 22:00,-2501.48,-2539.8,-2471.1,12,1.0
2025-08-02 23:00,-2544.02,-2579.9,-2511.9,12,1.0
2025-08-03 00:00,-2570.51,-2594.2,-2538.6,12,1.0
2025-08-03 01:00,-2600.81,-2623.0,-2584.0,12,1.0
2025-08-03 02:00,-2625.73,-2643.0,-2597.7,12,1.0
2025-08-03 03:00,-2655.69,-2680.4,-2615.1,12,1.0
2025-08-03 04:00,-2675.62,-2707.7,-2653.4,12,1.0
2025-08-03 05:00,-2698.72,-2722.0,-2679.1,12,1.0
2025-08-03 06:00,-2715.94,-2749.8,-2676.7,12,1.0
2025-08-03 07:00,-2736.91,-2769.5,-2716.4,12,1.0
2025-08-03 08:00,-2747.2,-2775.8,-2728.3,12,1.0
2025-08-03 09:00,-2710.71,-2738.4,-2681.6,12,1.0
2025-08-03 10:00,-2685.38,-2705.2,-2661.9,12,1.0
2025-08-03 11:00,-2650.6,-2665.0,-2618.2,12,1.0
2025-08-03 12:00,-2616.62,-2638.1,-2591.8,12,1.0
2025-08-03 13:00,-2579.37,-2607.3,-2545.0,12,1.0
2025-08-03 14:00,-2517.03,-2562.7,-2466.0,12,1.0
2025-08-03 15:00,-2442.5,-2479.7,-2416.0,12,1.0
2025-08-03 16:00,-2393.62,-2411.5,-2376.3,12,1.0
2025-08-03 17:00,-2402.08,-2432.2,-2374.6,12,1.0
2025-08-03 18:00,-2419.87,-2446.8,-2397.7,12,1.0
2025-08-03 19:00,-2458.55,-2491.7,-2431.1,12,1.0
2025-08-03 20:00,-2491.13,-2514.2,-2462.0,12,1.0
2025-08-03 21:00,-2533.32,-2572.7,-2489.4,12,1.0
2025-08-03 22:00,-2574.49,-2613.9,-2546.8,12,1.0
2025-08-03 23:00,-2615.15,-2658.2,-2563.3,12,1.0
2025-08-04 00:00,-2645.95,-2674.2,-2617.6,12,1.0
2025-08-04 01:00,-2681.95,-2705.2,-2646.0,12,1.0
2025-08-04 02:00,-2704.81,-2732.1,-2677.9,12,1.0
2025-08-04 03:00,-2723.98,-2740.9,-2687.8,12,1.0
2025-08-04 04:00,-2750.01,-2777.8,-2732.7,12,1.0
2025-08-04 05:00,-2772.12,-2799.6,-2749.8,12,1.0
2025-08-04 06:00,-2785.36,-2803.5,-2754.2,12,1.0
2025-08-04 07:00,-2810.12,-2843.8,-2777.1,12,1.0
2025-08-04 08:00,-2807.11,-2828.1,-2782.2,12,1.0
2025-08-04 09:00,-2794.82,-2820.3,-2765.0,12,1.0
2025-08-04 10:00,-2756.75,-2784.2,-2732.7,12,1.0
2025-08-04 11:00,-2714.3,-2750.4,-2666.2,12,1.0
2025-08-04 12:00,-2633.89,-2702.7,-2588.2,12,1.0
2025-08-04 13:00,-2529.33,-2569.8,-2473.4,12,1.0
2025-08-04 14:00,-2451.74,-2491.1,-2415.4,12,1.0
2025-08-04 15:00,-2397.09,-2423.8,-2374.6,12,1.0
2025-08-04 16:00,-2358.83,-2386.7,-2324.9,12,1.0
2025-08-04 17:00,-2365.71,-2388.3,-2329.1,12,1.0
2025-08-04 18:00,-2414.38,-2447.9,-2388.9,12,1.0
2025-08-04 19:00,-2453.56,-2482.5,-2430.5,12,1.0
2025-08-04 20:00,-2494.99,-2529.3,-2466.0,12,1.0
2025-08-04 21:00,-2524.27,-2540.4,-2500.9,12,1.0
2025-08-04 22:00,-2559.72,-2585.2,-2539.8,12,1.0
2025-08-04 23:00,-2591.48,-2621.2,-2568.6,12,1.0
2025-08-05 00:00,-2624.42,-2642.4,-2599.5,12,1.0
2025-08-05 01:00,-2658.88,-2674.8,-2646.6,12,1.0
2025-08-05 02:00,-2682.46,-2700.8,-2658.2,12,1.0
2025-08-05 03:00,-2710.55,-2757.4,-2682.2,12,1.0
2025-08-05 04:00,-2733.77,-2754.8,-2699.6,12,1.0
2025-08-05 05:00,-2762.22,-2787.4,-2742.8,12,1.0
2025-08-05 06:00,-2785.43,-2824.2,-2767.6,12,1.0
2025-08-05 07:00,-2797.58,-2816.4,-2770.1,12,1.0
2025-08-05 08:00,-2786.16,-2807.3,-2756.1,12,1.0
2025-08-05 09:00,-2782.74,-2804.8,-2747.9,12,1.0
2025-08-05 10:00,-2751.84,-2772.0,-2728.3,12,1.0
2025-08-05 11:00,-2706.29,-2733.4,-2679.1,12,1.0
2025-08-05 12:00,-2626.2,-2688.4,-2573.9,12,1.0
2025-08-05 13:00,-2538.96,-2568.6,-2501.5,12,1.0
2025-08-05 14:00,-2489.48,-2518.8,-2468.3,12,1.0
2025-08-05 15:00,-2449.62,-2492.3,-2426.6,12,1.0
2025-08-05 16:00,-2426.1,-2447.3,-2413.8,12,1.0
2025-08-05 17:00,-2441.8,-2463.7,-2418.2,12,1.0
2025-08-05 18:00,-2486.93,-2514.2,-2454.1,12,1.0
2025-08-05 19:00,-2512.94,-2542.7,-2486.0,12,1.0
2025-08-05 20:00,-2561.36,-2580.5,-2531.6,12,1.0
2025-08-05 21:00,-2588.03,-2606.7,-2550.3,12,1.0
2025-08-05 22:00,-2613.41,-2629.6,-2588.8,12,1.0
2025-08-05 23:00,-2654.64,-2688.4,-2627.2,12,1.0
2025-08-06 00:00,-2689.67,-2709.5,-2676.1,12,1.0
2025-08-06 01:00,-2718.76,-2756.7,-2695.2,12,1.0
2025-08-06 02:00,-2748.95,-2783.5,-2728.9,12,1.0
2025-08-06 03:00,-2770.22,-2806.1,-2730.8,12,1.0
2025-08-06 04:00,-2785.4,-2816.4,-2752.9,12,1.0
2025-08-06 05:00,-2811.86,-2828.1,-2786.7,12,1.0
2025-08-06 06:00,-2834.66,-2862.2,-2800.2,12,1.0
2025-08-06 07:00,-2856.07,-2889.3,-2807.3,12,1.0
2025-08-06 08:00,-2860.31,-2890.0,-2830.1,12,1.0
2025-08-06 09:00,-2857.03,-2887.3,-2800.9,12,1.0
2025-08-06 10:00,-2826.57,-2856.9,-2781.0,12,1.0
2025-08-06 11:00,-2773.33,-2815.8,-2720.2,12,1.0
2025-08-06 12:00,-2679.62,-2730.2,-2641.2,12,1.0
2025-08-06 13:00,-2596.09,-2641.8,-2552.1,12,1.0
2025-08-06 14:00,-2538.01,-2594.7,-2491.1,12,1.0
2025-08-06 15:00,-2480.78,-2507.8,-2455.8,12,1.0
2025-08-06 16:00,-2442.67,-2473.4,-2411.0,12,1.0
2025-08-06 17:00,-2426.98,-2444.5,-2411.0,12,1.0
2025-08-06 18:00,-2474.3,-2500.9,-2446.2,12,1.0
2025-08-06 19:00,-2526.75,-2561.5,-2487.1,12,1.0
2025-08-06 20:00,-2560.06,-2587.6,-2516.5,12,1.0
2025-08-06 21:00,-2601.72,-2636.9,-2560.9,12,1.0
2025-08-06 22:00,-2629.78,-2649.1,-2598.3,12,1.0
2025-08-06 23:00,-2653.01,-2685.3,-2626.6,12,1.0
2025-08-07 00:00,-2684.32,-2710.2,-2656.4,12,1.0
2025-08-07 01:00,-2702.7,-2732.1,-2666.2,12,1.0
2025-08-07 02:00,-2744.99,-2768.2,-2725.2,12,1.0
2025-08-07 03:00,-2764.71,-2794.4,-2738.4,12,1.0
2025-08-07 04:00,-2798.9,-2839.9,-2748.5,12,1.0
2025-08-07 05:00,-2819.08,-2850.3,-2779.0,12,1.0
2025-08-07 06:00,-2832.19,-2877.4,-2809.9,12,1.0
2025-08-07 07:00,-2862.99,-2894.0,-2834.6,12,1.0
2025-08-07 08:00,-2864.12,-2882.7,-2841.2,12,1.0
2025-08-07 09:00,-2859.22,-2879.4,-2839.2,12,1.0
2025-08-07 10:00,-2841.36,-2882.7,-2810.6,12,1.0
2025-08-07 11:00,-2777.71,-2843.1,-2702.7,12,1.0
2025-08-07 12:00,-2682.12,-2747.9,-2626.6,12,1.0
2025-08-07 13:00,-2615.07,-2654.6,-2571.6,12,1.0
2025-08-07 14:00,-2545.47,-2576.3,-2510.1,12,1.0
2025-08-07 15:00,-2487.83,-2511.3,-2451.3,12,1.0
2025-08-07 16:00,-2449.3,-2469.4,-2415.4,12,1.0
2025-08-07 17:00,-2444.14,-2459.2,-2413.8,12,1.0
2025-08-07 18:00,-2464.16,-2487.7,-2448.5,12,1.0
2025-08-07 19:00,-2525.34,-2583.4,-2496.3,12,1.0
2025-08-07 20:00,-2577.93,-2623.6,-2540.9,12,1.0
2025-08-07 21:00,-2610.21,-2626.6,-2582.8,12,1.0
2025-08-07 22:00,-2633.32,-2657.6,-2601.9,12,1.0
2025-08-07 23:00,-2668.58,-2701.4,-2639.3,12,1.0
2025-08-08 00:00,-2695.67,-2717.0,-2671.1,12,1.0
2025-08-08 01:00,-2730.55,-2758.0,-2690.9,12,1.0
2025-08-08 02:00,-2757.22,-2781.6,-2727.7,12,1.0
2025-08-08 03:00,-2771.02,-2804.1,-2727.1,12,1.0
2025-08-08 04:00,-2784.95,-2816.4,-2757.4,12,1.0
2025-08-08 05:00,-2814.2,-2844.4,-2788.0,12,1.0
2025-08-08 06:00,-2833.87,-2859.5,-2811.9,12,1.0
2025-08-08 07:00,-2856.01,-2873.4,-2835.3,12,1.0
2025-08-08 08:00,-2868.72,-2894.6,-2829.4,12,1.0
2025-08-08 09:00,-2877.09,-2911.4,-2855.6,12,1.0
2025-08-08 10:00,-2850.01,-2868.8,-2811.2,12,1.0
2025-08-08 11:00,-2771.58,-2823.6,-2732.1,12,1.0
2025-08-08 12:00,-2693.49,-2739.7,-2666.2,12,1.0
2025-08-08 13:00,-2617.51,-2662.5,-2582.8,12,1.0
2025-08-08 14:00,-2558.52,-2594.7,-2531.6,12,1.0
2025-08-08 15:00,-2482.6,-2520.0,-2450.7,12,1.0
2025-08-08 16:00,-2466.27,-2480.3,-2451.9,12,1.0
2025-08-08 17:00,-2471.28,-2494.6,-2447.3,12,1.0
2025-08-08 18:00,-2485.49,-2510.1,-2459.8,12,1.0
2025-08-08 19:00,-2527.47,-2564.5,-2465.4,12,1.0
2025-08-08 20:00,-2584.67,-2615.7,-2555.6,12,1.0
2025-08-08 21:00,-2634.78,-2667.4,-2603.7,12,1.0
2025-08-08 22:00,-2666.35,-2694.6,-2650.9,12,1.0
2025-08-08 23:00,-2697.39,-2733.4,-2678.5,12,1.0
2025-08-09 00:00,-2718.81,-2752.3,-2689.0,12,1.0
2025-08-09 01:00,-2746.42,-2783.5,-2712.0,12,1.0
2025-08-09 02:00,-2779.85,-2822.3,-2749.1,12,1.0
2025-08-09 03:00,-2799.59,-2819.7,-2775.2,12,1.0
2025-08-09 04:00,-2822.69,-2854.3,-2772.7,12,1.0
2025-08-09 05:00,-2844.05,-2874.1,-2824.9,12,1.0
2025-08-09 06:00,-2855.62,-2892.0,-2819.7,12,1.0
2025-08-09 07:00,-2871.1,-2891.3,-2851.6,12,1.0
2025-08-09 08:00,-2895.37,-2919.4,-2861.5,12,1.0
2025-08-09 09:00,-2899.77,-2942.4,-2870.1,12,1.0
2025-08-09 10:00,-2871.38,-2941.0,-2816.4,12,1.0
2025-08-09 11:00,-2786.22,-2822.9,-2751.7,12,1.0
2025-08-09 12:00,-2715.82,-2751.7,-2685.9,12,1.0
2025-08-09 13:00,-2652.28,-2689.0,-2611.5,12,1.0
2025-08-09 14:00,-2576.21,-2617.0,-2546.2,12,1.0
2025-08-09 15:00,-2512.7,-2534.5,-2474.0,12,1.0
2025-08-09 16:00,-2494.05,-2524.6,-2460.9,12,1.0
2025-08-09 17:00,-2504.51,-2533.9,-2487.1,12,1.0
2025-08-09 18:00,-2516.24,-2533.9,-2494.6,12,1.0
2025-08-09 19:00,-2568.3,-2602.5,-2521.1,12,1.0
2025-08-09 20:00,-2601.03,-2610.9,-2579.9,12,1.0
2025-08-09 21:00,-2647.19,-2688.4,-2612.7,12,1.0
2025-08-09 22:00,-2691.2,-2719.5,-2657.6,12,1.0
2025-08-09 23:00,-2732.02,-2754.2,-2703.3,12,1.0
2025-08-10 00:00,-2749.68,-2780.3,-2715.2,12,1.0
2025-08-10 01:00,-2774.73,-2789.9,-2761.8,12,1.0
2025-08-10 02:00,-2797.08,-2826.2,-2774.6,12,1.0
2025-08-10 03:00,-2812.03,-2842.5,-2783.5,12,1.0
2025-08-10 04:00,-2853.23,-2882.7,-2824.2,12,1.0
2025-08-10 05:00,-2884.17,-2914.7,-2849.7,12,1.0
2025-08-10 06:00,-2897.89,-2940.3,-2865.5,12,1.0
2025-08-10 07:00,-2918.15,-2961.4,-2888.7,12,1.0
2025-08-10 08:00,-2942.28,-2985.4,-2902.0,12,1.0
2025-08-10 09:00,-2936.59,-2953.9,-2908.7,12,1.0
2025-08-10 10:00,-2901.03,-2942.4,-2870.8,12,1.0
2025-08-10 11:00,-2827.11,-2876.7,-2798.3,12,1.0
2025-08-10 12:00,-2750.94,-2790.6,-2714.5,12,1.0
2025-08-10 13:00,-2692.08,-2727.1,-2655.2,12,1.0
2025-08-10 14:00,-2608.17,-2657.6,-2555.0,12,1.0
2025-08-10 15:00,-2549.98,-2592.4,-2514.2,12,1.0
2025-08-10 16:00,-2524.07,-2546.2,-2507.2,12,1.0
2025-08-10 17:00,-2536.33,-2561.5,-2521.1,12,1.0
2025-08-10 18:00,-2549.67,-2578.7,-2514.8,12,1.0
2025-08-10 19:00,-2592.55,-2621.8,-2571.0,12,1.0
2025-08-10 20:00,-2634.55,-2664.4,-2612.7,12,1.0
2025-08-10 21:00,-2688.4,-2720.8,-2662.5,12,1.0
2025-08-10 22:00,-2732.58,-2763.1,-2704.6,12,1.0
2025-08-10 23:00,-2766.49,-2790.6,-2728.9,12,1.0
2025-08-11 00:00,-2800.99,-2837.9,-2777.8,12,1.0
2025-08-11 01:00,-2828.08,-2855.6,-2786.1,12,1.0
2025-08-11 02:00,-2853.76,-2888.0,-2823.6,12,1.0
2025-08-11 03:00,-2870.18,-2914.0,-2848.4,12,1.0
2025-08-11 04:00,-2891.91,-2920.8,-2871.4,12,1.0
2025-08-11 05:00,-2928.37,-2955.3,-2880.7,12,1.0
2025-08-11 06:00,-2925.64,-2956.6,-2900.0,12,1.0
2025-08-11 07:00,-2947.02,-2977.8,-2928.8,12,1.0
2025-08-11 08:00,-2974.65,-3027.6,-2936.3,12,1.0
2025-08-11 09:00,-2964.32,-2979.9,-2942.4,12,1.0
2025-08-11 10:00,-2924.44,-2962.1,-2860.9,12,1.0
2025-08-11 11:00,-2853.09,-2894.0,-2816.4,12,1.0
2025-08-11 12:00,-2782.73,-2819.7,-2755.5,12,1.0
2025-08-11 13:00,-2715.24,-2764.4,-2665.6,12,1.0
2025-08-11 14:00,-2632.73,-2669.9,-2578.7,12,1.0
2025-08-11 15:00,-2567.64,-2587.6,-2548.0,12,1.0
2025-08-11 16:00,-2549.34,-2578.1,-2526.9,12,1.0
2025-08-11 17:00,-2568.62,-2587.0,-2545.0,12,1.0
2025-08-11 18:00,-2584.08,-2609.7,-2545.0,12,1.0
2025-08-11 19:00,-2619.82,-2642.4,-2589.4,12,1.0
2025-08-11 20:00,-2663.53,-2697.7,-2622.4,12,1.0
2025-08-11 21:00,-2706.86,-2755.5,-2676.1,12,1.0
2025-08-11 22:00,-2759.73,-2789.9,-2746.6,12,1.0
2025-08-11 23:00,-2781.39,-2810.6,-2747.2,12,1.0
2025-08-12 00:00,-2828.52,-2856.2,-2811.9,12,1.0
2025-08-12 01:00,-2856.18,-2920.1,-2826.8,12,1.0
2025-08-12 02:00,-2883.98,-2912.0,-2855.6,12,1.0
2025-08-12 03:00,-2894.48,-2924.1,-2859.5,12,1.0
2025-08-12 04:00,-2922.68,-2966.8,-2886.7,12,1.0
2025-08-12 05:00,-2947.42,-2995.7,-2890.6,12,1.0
2025-08-12 06:00,-2953.21,-2971.0,-2931.5,12,1.0
2025-08-12 07:00,-2974.72,-3003.3,-2942.4,12,1.0
2025-08-12 08:00,-2978.5,-2999.8,-2949.1,12,1.0
2025-08-12 09:00,-2986.98,-3017.8,-2947.1,12,1.0
2025-08-12 10:00,-2931.08,-2988.1,-2881.3,12,1.0
2025-08-12 11:00,-2852.71,-2891.3,-2804.1,12,1.0
2025-08-12 12:00,-2784.87,-2828.1,-2752.3,12,1.0
2025-08-12 13:00,-2718.47,-2752.9,-2669.9,12,1.0
2025-08-12 14:00,-2646.97,-2679.1,-2610.9,12,1.0
2025-08-12 15:00,-2592.35,-2618.8,-2575.1,12,1.0
2025-08-12 16:00,-2592.22,-2610.3,-2573.9,12,1.0
2025-08-12 17:00,-2625.09,-2660.1,-2590.0,12,1.0
2025-08-12 18:00,-2673.48,-2699.0,-2632.7,12,1.0
2025-08-12 19:00,-2740.4,-2785.5,-2702.1,12,1.0
2025-08-12 20:00,-2783.0,-2812.5,-2752.9,12,1.0
2025-08-12 21:00,-2816.09,-2872.1,-2784.8,12,1.0
2025-08-12 22:00,-2845.78,-2873.4,-2813.8,12,1.0
2025-08-12 23:00,-2879.41,-2903.3,-2849.0,12,1.0
2025-08-13 00:00,-2906.3,-2942.4,-2854.9,12,1.0
2025-08-13 01:00,-2919.82,-2958.7,-2861.5,12,1.0
2025-08-13 02:00,-2936.68,-2970.3,-2924.8,12,1.0
2025-08-13 03:00,-2954.93,-2986.0,-2916.1,12,1.0
2025-08-13 04:00,-2978.82,-3011.6,-2945.7,12,1.0
2025-08-13 05:00,-3001.22,-3029.7,-2973.0,12,1.0
2025-08-13 06:00,-3027.76,-3061.9,-3001.9,12,1.0
2025-08-13 07:00,-3024.96,-3067.6,-2995.7,12,1.0
2025-08-13 08:00,-3030.51,-3073.2,-2996.4,12,1.0
2025-08-13 09:00,-3015.96,-3052.1,-2971.0,12,1.0
2025-08-13 10:00,-2968.3,-3019.2,-2910.0,12,1.0
2025-08-13 11:00,-2866.22,-2920.8,-2824.9,12,1.0
2025-08-13 12:00,-2801.7,-2845.1,-2739.7,12,1.0
2025-08-13 13:00,-2719.81,-2746.6,-2663.1,12,1.0
2025-08-13 14:00,-2638.11,-2674.2,-2596.5,12,1.0
2025-08-13 15:00,-2565.54,-2591.8,-2538.6,12,1.0
2025-08-13 16:00,-2543.7,-2568.0,-2524.6,12,1.0
2025-08-13 17:00,-2564.17,-2595.3,-2520.0,12,1.0
2025-08-13 18:00,-2601.92,-2624.2,-2576.3,12,1.0
2025-08-13 19:00,-2630.14,-2658.2,-2603.7,12,1.0
2025-08-13 20:00,-2671.55,-2697.7,-2643.6,12,1.0
2025-08-13 21:00,-2723.44,-2749.8,-2695.8,12,1.0
2025-08-13 22:00,-2777.82,-2825.5,-2750.4,12,1.0
2025-08-13 23:00,-2818.3,-2834.6,-2791.2,12,1.0
2025-08-14 00:00,-2859.84,-2892.0,-2835.9,12,1.0
2025-08-14 01:00,-2868.11,-2908.7,-2843.1,12,1.0
2025-08-14 02:00,-2894.32,-2926.8,-2859.5,12,1.0
2025-08-14 03:00,-2913.08,-2936.3,-2888.0,12,1.0
2025-08-14 04:00,-2937.38,-2966.2,-2913.4,12,1.0
2025-08-14 05:00,-2957.88,-2999.1,-2926.8,12,1.0
2025-08-14 06:00,-2985.82,-3017.8,-2949.1,12,1.0
2025-08-14 07:00,-2994.32,-3013.0,-2976.4,12,1.0
2025-08-14 08:00,-3015.88,-3048.6,-2986.0,12,1.0
2025-08-14 09:00,-3000.19,-3032.5,-2975.1,12,1.0
2025-08-14 10:00,-2948.4,-2977.8,-2925.5,12,1.0
2025-08-14 11:00,-2903.46,-2930.2,-2853.6,12,1.0
2025-08-14 12:00,-2852.48,-2886.7,-2824.9,12,1.0
2025-08-14 13:00,-2808.22,-2839.9,-2774.6,12,1.0
2025-08-14 14:00,-2738.73,-2777.8,-2701.4,12,1.0
2025-08-14 15:00,-2693.65,-2720.8,-2668.7,12,1.0
2025-08-14 16:00,-2703.31,-2724.6,-2676.7,12,1.0
2025-08-14 17:00,-2702.46,-2727.7,-2684.1,12,1.0
2025-08-14 18:00,-2720.77,-2768.2,-2693.4,12,1.0
2025-08-14 19:00,-2748.15,-2787.4,-2712.7,12,1.0
2025-08-14 20:00,-2789.28,-2819.0,-2770.7,12,1.0
2025-08-14 21:00,-2856.98,-2887.3,-2835.3,12,1.0
2025-08-14 22:00,-2887.03,-2906.7,-2837.2,12,1.0
2025-08-14 23:00,-2923.99,-2947.8,-2902.0,12,1.0
2025-08-15 00:00,-2955.82,-2990.2,-2927.5,12,1.0
2025-08-15 01:00,-2978.43,-3006.0,-2951.9,12,1.0
2025-08-15 02:00,-2994.72,-3025.5,-2966.8,12,1.0
2025-08-15 03:00,-3026.02,-3061.2,-3001.9,12,1.0
2025-08-15 04:00,-3047.5,-3082.4,-3005.4,12,1.0
2025-08-15 05:00,-3072.9,-3103.1,-3025.5,12,1.0
2025-08-15 06:00,-3088.16,-3121.0,-3039.5,12,1.0
2025-08-15 07:00,-3103.84,-3123.9,-3079.6,12,1.0
2025-08-15 08:00,-3112.47,-3145.5,-3075.4,12,1.0
2025-08-15 09:00,-3099.67,-3125.3,-3055.6,12,1.0
2025-08-15 10:00,-3036.67,-3077.5,-2995.7,12,1.0
2025-08-15 11:00,-2969.27,-3003.3,-2929.5,12,1.0
2025-08-15 12:00,-2911.27,-2955.9,-2880.7,12,1.0
2025-08-15 13:00,-2811.58,-2849.0,-2743.4,12,1.0
2025-08-15 14:00,-2729.88,-2761.2,-2709.5,12,1.0
2025-08-15 15:00,-2677.59,-2712.0,-2663.1,12,1.0
2025-08-15 16:00,-2699.68,-2732.7,-2653.4,12,1.0
2025-08-15 17:00,-2739.54,-2763.1,-2697.1,12,1.0
2025-08-15 18:00,-2756.96,-2788.7,-2734.0,12,1.0
2025-08-15 19:00,-2793.02,-2812.5,-2768.2,12,1.0
2025-08-15 20:00,-2827.53,-2866.8,-2791.2,12,1.0
2025-08-15 21:00,-2885.87,-2935.6,-2835.3,12,1.0
2025-08-15 22:00,-2931.93,-2966.8,-2870.8,12,1.0
2025-08-15 23:00,-2979.16,-2997.8,-2955.9,12,1.0
2025-08-16 00:00,-3012.02,-3041.6,-2987.4,12,1.0
2025-08-16 01:00,-3019.79,-3052.8,-2979.2,12,1.0
2025-08-16 02:00,-3065.08,-3087.4,-3040.2,12,1.0
2025-08-16 03:00,-3086.82,-3120.3,-3047.9,12,1.0
2025-08-16 04:00,-3107.67,-3144.8,-3069.0,12,1.0
2025-08-16 05:00,-3139.08,-3168.1,-3108.8,12,1.0
2025-08-16 06:00,-3147.15,-3175.4,-3111.0,12,1.0
2025-08-16 07:00,-3185.42,-3204.8,-3159.3,12,1.0
2025-08-16 08:00,-3182.58,-3209.9,-3147.7,12,1.0
2025-08-16 09:00,-3186.28,-3208.5,-3148.4,12,1.0
2025-08-16 10:00,-3151.01,-3208.5,-3093.1,12,1.0
2025-08-16 11:00,-3068.83,-3121.0,-2998.4,12,1.0
2025-08-16 12:00,-2987.32,-3044.4,-2934.2,12,1.0
2025-08-16 13:00,-2920.06,-2959.3,-2880.7,12,1.0
2025-08-16 14:00,-2863.59,-2907.3,-2825.5,12,1.0
2025-08-16 15:00,-2841.62,-2862.2,-2823.6,12,1.0
2025-08-16 16:00,-2864.91,-2911.4,-2834.0,12,1.0
2025-08-16 17:00,-2906.79,-2951.2,-2867.4,12,1.0
2025-08-16 18:00,-2951.17,-2978.5,-2923.4,12,1.0
2025-08-16 19:00,-2974.85,-2993.6,-2955.3,12,1.0
2025-08-16 20:00,-3004.03,-3035.3,-2973.0,12,1.0
2025-08-16 21:00,-3053.6,-3095.2,-3012.3,12,1.0
2025-08-16 22:00,-3066.04,-3099.5,-3024.8,12,1.0
2025-08-16 23:00,-3099.7,-3130.4,-3069.0,12,1.0
2025-08-17 00:00,-3113.17,-3157.2,-3076.8,12,1.0
2025-08-17 01:00,-3125.61,-3148.4,-3089.6,12,1.0
2025-08-17 02:00,-3147.88,-3201.8,-3115.3,12,1.0
2025-08-17 03:00,-3155.27,-3198.1,-3110.3,12,1.0
2025-08-17 04:00,-3181.36,-3212.1,-3157.2,12,1.0
2025-08-17 05:00,-3191.73,-3241.9,-3128.9,12,1.0
2025-08-17 06:00,-3214.24,-3247.8,-3184.9,12,1.0
2025-08-17 07:00,-3225.27,-3262.1,-3186.4,12,1.0
2025-08-17 08:00,-3223.73,-3254.6,-3201.1,12,1.0
2025-08-17 09:00,-3229.82,-3291.5,-3171.0,12,1.0
2025-08-17 10:00,-3184.38,-3213.6,-3146.3,12,1.0
2025-08-17 11:00,-3110.66,-3166.6,-3047.2,12,1.0
2025-08-17 12:00,-3003.91,-3052.1,-2946.4,12,1.0
2025-08-17 13:00,-2912.83,-2978.5,-2851.6,12,1.0
2025-08-17 14:00,-2819.03,-2882.7,-2788.7,12,1.0
2025-08-17 15:00,-2749.38,-2781.6,-2717.0,12,1.0
2025-08-17 16:00,-2690.85,-2725.2,-2666.8,12,1.0
2025-08-17 17:00,-2671.82,-2707.7,-2643.0,12,1.0
2025-08-17 18:00,-2702.03,-2751.7,-2670.5,12,1.0
2025-08-17 19:00,-2744.02,-2778.4,-2712.0,12,1.0
2025-08-17 20:00,-2768.22,-2802.8,-2723.9,12,1.0
2025-08-17 21:00,-2788.16,-2837.9,-2752.3,12,1.0
2025-08-17 22:00,-2828.26,-2870.8,-2787.4,12,1.0
2025-08-17 23:00,-2855.07,-2899.3,-2824.2,12,1.0
2025-08-18 00:00,-2891.76,-2924.8,-2862.2,12,1.0
2025-08-18 01:00,-2916.93,-2949.8,-2891.3,12,1.0
2025-08-18 02:00,-2943.06,-2961.4,-2925.5,12,1.0
2025-08-18 03:00,-2974.72,-3011.6,-2951.9,12,1.0
2025-08-18 04:00,-2988.43,-3012.3,-2963.4,12,1.0
2025-08-18 05:00,-3020.47,-3059.1,-2978.5,12,1.0
2025-08-18 06:00,-3033.98,-3064.8,-3001.2,12,1.0
2025-08-18 07:00,-3048.86,-3084.6,-3032.5,12,1.0
2025-08-18 08:00,-3053.64,-3074.6,-3019.2,12,1.0
2025-08-18 09:00,-3052.95,-3078.9,-3031.8,12,1.0
2025-08-18 10:00,-3016.6,-3069.0,-2982.6,12,1.0
2025-08-18 11:00,-2930.12,-2991.5,-2852.3,12,1.0
2025-08-18 12:00,-2822.58,-2882.7,-2784.8,12,1.0
2025-08-18 13:00,-2741.25,-2784.8,-2711.4,12,1.0
2025-08-18 14:00,-2658.98,-2703.3,-2616.3,12,1.0
2025-08-18 15:00,-2601.87,-2644.8,-2583.4,12,1.0
2025-08-18 16:00,-2641.24,-2678.5,-2583.4,12,1.0
2025-08-18 17:00,-2690.81,-2732.7,-2650.9,12,1.0
2025-08-18 18:00,-2746.73,-2771.4,-2712.0,12,1.0
2025-08-18 19:00,-2782.28,-2803.5,-2768.2,12,1.0
2025-08-18 20:00,-2842.49,-2895.3,-2800.2,12,1.0
2025-08-18 21:00,-2871.89,-2924.1,-2825.5,12,1.0
2025-08-18 22:00,-2913.99,-2966.2,-2885.3,12,1.0
2025-08-18 23:00,-2955.9,-2991.5,-2908.7,12,1.0
2025-08-19 00:00,-2976.28,-3001.9,-2959.3,12,1.0
2025-08-19 01:00,-3005.31,-3040.2,-2981.2,12,1.0
2025-08-19 02:00,-3041.96,-3063.3,-3006.0,12,1.0
2025-08-19 03:00,-3056.01,-3083.2,-3029.0,12,1.0
2025-08-19 04:00,-3074.99,-3118.9,-3036.0,12,1.0
2025-08-19 05:00,-3100.17,-3128.9,-3077.5,12,1.0
2025-08-19 06:00,-3118.71,-3144.1,-3094.5,12,1.0
2025-08-19 07:00,-3123.43,-3140.5,-3100.2,12,1.0
2025-08-19 08:00,-3129.54,-3151.3,-3078.9,12,1.0
2025-08-19 09:00,-3129.05,-3171.7,-3086.7,12,1.0
2025-08-19 10:00,-3091.85,-3135.4,-3048.6,12,1.0
2025-08-19 11:00,-3032.38,-3073.2,-2975.1,12,1.0
2025-08-19 12:00,-2925.86,-2981.2,-2856.9,12,1.0
2025-08-19 13:00,-2815.1,-2862.8,-2774.6,12,1.0
2025-08-19 14:00,-2726.82,-2760.5,-2694.0,12,1.0
2025-08-19 15:00,-2656.84,-2683.5,-2618.8,12,1.0
2025-08-19 16:00,-2603.71,-2643.6,-2581.6,12,1.0
2025-08-19 17:00,-2590.25,-2614.5,-2570.4,12,1.0
2025-08-19 18:00,-2614.97,-2635.7,-2595.3,12,1.0
2025-08-19 19:00,-2621.83,-2639.3,-2596.5,12,1.0
2025-08-19 20:00,-2663.91,-2689.0,-2630.8,12,1.0
2025-08-19 21:00,-2675.04,-2702.1,-2644.8,12,1.0
2025-08-19 22:00,-2715.92,-2749.1,-2687.2,12,1.0
2025-08-19 23:00,-2754.42,-2789.3,-2730.8,12,1.0
2025-08-20 00:00,-2776.74,-2797.7,-2754.2,12,1.0
2025-08-20 01:00,-2816.18,-2838.5,-2788.7,12,1.0
2025-08-20 02:00,-2842.26,-2866.8,-2804.8,12,1.0
2025-08-20 03:00,-2863.3,-2903.3,-2833.3,12,1.0
2025-08-20 04:00,-2875.57,-2910.7,-2841.2,12,1.0
2025-08-20 05:00,-2904.28,-2942.4,-2872.7,12,1.0
2025-08-20 06:00,-2911.76,-2934.2,-2896.0,12,1.0
2025-08-20 07:00,-2914.05,-2932.2,-2890.6,12,1.0
2025-08-20 08:00,-2909.9,-2937.6,-2880.7,12,1.0
2025-08-20 09:00,-2895.33,-2928.8,-2867.4,12,1.0
2025-08-20 10:00,-2867.57,-2897.3,-2837.9,12,1.0
2025-08-20 11:00,-2804.95,-2850.3,-2764.4,12,1.0
2025-08-20 12:00,-2711.02,-2761.2,-2654.6,12,1.0
2025-08-20 13:00,-2626.12,-2668.1,-2571.6,12,1.0
2025-08-20 14:00,-2550.85,-2584.0,-2512.4,12,1.0
2025-08-20 15:00,-2503.08,-2526.9,-2470.0,12,1.0
2025-08-20 16:00,-2469.88,-2488.3,-2443.4,12,1.0
2025-08-20 17:00,-2486.14,-2514.8,-2466.0,12,1.0
2025-08-20 18:00,-2501.57,-2534.5,-2486.0,12,1.0
2025-08-20 19:00,-2527.12,-2566.2,-2504.4,12,1.0
2025-08-20 20:00,-2565.39,-2591.2,-2538.0,12,1.0
2025-08-20 21:00,-2601.46,-2630.8,-2571.0,12,1.0
2025-08-20 22:00,-2648.08,-2661.9,-2636.3,12,1.0
2025-08-20 23:00,-2703.45,-2720.2,-2676.7,12,1.0
2025-08-21 00:00,-2718.65,-2746.6,-2685.3,12,1.0
2025-08-21 01:00,-2753.37,-2787.4,-2715.8,12,1.0
2025-08-21 02:00,-2796.98,-2821.6,-2775.8,12,1.0
2025-08-21 03:00,-2817.3,-2846.4,-2791.9,12,1.0
2025-08-21 04:00,-2840.32,-2885.3,-2811.2,12,1.0
2025-08-21 05:00,-2857.58,-2900.0,-2828.1,12,1.0
2025-08-21 06:00,-2878.22,-2912.0,-2842.5,12,1.0
2025-08-21 07:00,-2876.47,-2936.3,-2847.1,12,1.0
2025-08-21 08:00,-2874.08,-2911.4,-2830.7,12,1.0
2025-08-21 09:00,-2877.92,-2918.1,-2838.5,12,1.0
2025-08-21 10:00,-2874.57,-2900.0,-2843.8,12,1.0
2025-08-21 11:00,-2861.78,-2896.6,-2837.2,12,1.0
2025-08-21 12:00,-2850.82,-2881.3,-2824.9,12,1.0
2025-08-21 13:00,-2829.03,-2866.1,-2801.5,12,1.0
2025-08-21 14:00,-2787.36,-2829.4,-2756.1,12,1.0
2025-08-21 15:00,-2776.41,-2804.1,-2764.4,12,1.0
2025-08-21 16:00,-2768.3,-2798.3,-2747.2,12,1.0
2025-08-21 17:00,-2763.33,-2792.5,-2747.2,12,1.0
2025-08-21 18:00,-2773.92,-2800.2,-2757.4,12,1.0
2025-08-21 19:00,-2768.56,-2793.2,-2729.6,12,1.0
2025-08-21 20:00,-2794.32,-2847.7,-2759.9,12,1.0
2025-08-21 21:00,-2817.75,-2849.0,-2794.4,12,1.0
2025-08-21 22:00,-2843.72,-2868.1,-2817.1,12,1.0
2025-08-21 23:00,-2862.96,-2890.6,-2826.8,12,1.0
2025-08-22 00:00,-2879.7,-2907.3,-2840.5,12,1.0
2025-08-22 01:00,-2913.02,-2946.4,-2894.6,12,1.0
2025-08-22 02:00,-2931.94,-2953.9,-2902.0,12,1.0
2025-08-22 03:00,-2958.16,-3003.3,-2926.8,12,1.0
2025-08-22 04:00,-2976.75,-3005.4,-2956.6,12,1.0
2025-08-22 05:00,-2994.77,-3028.3,-2949.8,12,1.0
2025-08-22 06:00,-3008.6,-3046.5,-2984.0,12,1.0
2025-08-22 07:00,-3008.88,-3045.1,-2982.6,12,1.0
2025-08-22 08:00,-3029.07,-3066.9,-2996.4,12,1.0
2025-08-22 09:00,-3024.53,-3050.7,-3006.7,12,1.0
2025-08-22 10:00,-2988.44,-3038.1,-2962.1,12,1.0
2025-08-22 11:00,-2943.08,-2980.5,-2921.4,12,1.0
2025-08-22 12:00,-2883.05,-2904.7,-2860.9,12,1.0
2025-08-22 13:00,-2834.49,-2872.1,-2799.0,12,1.0
2025-08-22 14:00,-2773.28,-2812.5,-2731.5,12,1.0
2025-08-22 15:00,-2721.47,-2749.8,-2695.8,12,1.0
2025-08-22 16:00,-2676.55,-2712.0,-2650.9,12,1.0
2025-08-22 17:00,-2663.63,-2688.4,-2627.8,12,1.0
2025-08-22 18:00,-2661.9,-2689.6,-2642.4,12,1.0
2025-08-22 19:00,-2690.58,-2713.3,-2661.9,12,1.0
2025-08-22 20:00,-2729.72,-2773.9,-2684.1,12,1.0
2025-08-22 21:00,-2759.82,-2795.7,-2719.5,12,1.0
2025-08-22 22:00,-2787.46,-2833.3,-2765.6,12,1.0
2025-08-22 23:00,-2819.87,-2851.0,-2803.5,12,1.0
2025-08-23 00:00,-2838.42,-2871.4,-2817.7,12,1.0
2025-08-23 01:00,-2851.98,-2884.7,-2819.7,12,1.0
2025-08-23 02:00,-2876.12,-2904.0,-2832.7,12,1.0
2025-08-23 03:00,-2893.15,-2924.1,-2856.2,12,1.0
2025-08-23 04:00,-2902.76,-2933.6,-2864.1,12,1.0
2025-08-23 05:00,-2917.99,-2955.9,-2894.6,12,1.0
2025-08-23 06:00,-2932.58,-2973.0,-2900.0,12,1.0
2025-08-23 07:00,-2954.87,-2981.2,-2912.0,12,1.0
2025-08-23 08:00,-2936.32,-2963.4,-2902.7,12,1.0
2025-08-23 09:00,-2919.01,-2955.3,-2893.3,12,1.0
2025-08-23 10:00,-2885.56,-2920.8,-2855.6,12,1.0
2025-08-23 11:00,-2827.24,-2867.4,-2784.2,12,1.0
2025-08-23 12:00,-2742.9,-2802.2,-2687.8,12,1.0
2025-08-23 13:00,-2653.82,-2701.4,-2620.6,12,1.0
2025-08-23 14:00,-2589.96,-2613.3,-2563.3,12,1.0
2025-08-23 15:00,-2552.92,-2588.8,-2529.3,12,1.0
2025-08-23 16:00,-2537.0,-2562.1,-2507.2,12,1.0
2025-08-23 17:00,-2541.33,-2568.6,-2520.0,12,1.0
2025-08-23 18:00,-2590.78,-2609.7,-2562.1,12,1.0
2025-08-23 19:00,-2635.37,-2675.4,-2604.9,12,1.0
2025-08-23 20:00,-2678.82,-2716.4,-2650.9,12,1.0
2025-08-23 21:00,-2709.32,-2727.1,-2681.0,12,1.0
2025-08-23 22:00,-2742.8,-2766.9,-2713.3,12,1.0
2025-08-23 23:00,-2771.28,-2809.9,-2744.1,12,1.0
2025-08-24 00:00,-2790.18,-2816.4,-2760.5,12,1.0
2025-08-24 01:00,-2825.42,-2860.2,-2786.7,12,1.0
2025-08-24 02:00,-2841.08,-2868.8,-2811.9,12,1.0
2025-08-24 03:00,-2865.38,-2895.3,-2819.7,12,1.0
2025-08-24 04:00,-2881.72,-2901.3,-2853.6,12,1.0
2025-08-24 05:00,-2911.41,-2944.4,-2878.0,12,1.0
2025-08-24 06:00,-2920.54,-2960.0,-2882.7,12,1.0
2025-08-24 07:00,-2931.02,-2950.5,-2886.7,12,1.0
2025-08-24 08:00,-2925.08,-2949.1,-2905.3,12,1.0
2025-08-24 09:00,-2889.04,-2936.9,-2849.7,12,1.0
2025-08-24 10:00,-2822.47,-2869.4,-2766.3,12,1.0
2025-08-24 11:00,-2735.27,-2797.7,-2687.2,12,1.0
2025-08-24 12:00,-2670.17,-2727.1,-2629.0,12,1.0
2025-08-24 13:00,-2573.73,-2613.9,-2526.4,12,1.0
2025-08-24 14:00,-2491.63,-2545.6,-2464.3,12,1.0
2025-08-24 15:00,-2425.3,-2464.9,-2391.1,12,1.0
2025-08-24 16:00,-2369.81,-2399.4,-2331.8,12,1.0
2025-08-24 17:00,-2354.51,-2377.9,-2331.8,12,1.0
2025-08-24 18:00,-2368.22,-2401.0,-2350.7,12,1.0
2025-08-24 19:00,-2390.18,-2411.0,-2371.3,12,1.0
2025-08-24 20:00,-2427.62,-2466.6,-2392.2,12,1.0
2025-08-24 21:00,-2469.76,-2512.4,-2449.0,12,1.0
2025-08-24 22:00,-2495.06,-2514.2,-2461.5,12,1.0
2025-08-24 23:00,-2521.41,-2552.1,-2501.5,12,1.0
2025-08-25 00:00,-2552.89,-2572.7,-2535.1,12,1.0
2025-08-25 01:00,-2583.94,-2606.7,-2563.9,12,1.0
2025-08-25 02:00,-2608.62,-2627.8,-2577.5,12,1.0
2025-08-25 03:00,-2635.55,-2668.1,-2614.5,12,1.0
2025-08-25 04:00,-2652.93,-2676.1,-2630.2,12,1.0
2025-08-25 05:00,-2669.45,-2682.2,-2651.5,12,1.0
2025-08-25 06:00,-2704.46,-2735.2,-2677.9,12,1.0
2025-08-25 07:00,-2712.95,-2730.8,-2687.8,12,1.0
2025-08-25 08:00,-2723.02,-2750.4,-2698.3,12,1.0
2025-08-25 09:00,-2693.42,-2739.7,-2644.2,12,1.0
2025-08-25 10:00,-2634.56,-2701.4,-2588.2,12,1.0
2025-08-25 11:00,-2523.83,-2580.5,-2479.1,12,1.0
2025-08-25 12:00,-2408.49,-2464.3,-2353.9,12,1.0
2025-08-25 13:00,-2285.36,-2337.2,-2219.7,12,1.0
2025-08-25 14:00,-2096.17,-2198.8,-1973.3,12,1.0
2025-08-25 15:00,-1760.38,-1933.3,-1580.1,12,1.0
2025-08-25 16:00,-1421.25,-1548.8,-1307.7,12,1.0
2025-08-25 17:00,-1221.04,-1286.8,-1166.5,12,1.0
2025-08-25 18:00,-1138.27,-1158.5,-1120.2,12,1.0
2025-08-25 19:00,-1123.62,-1131.9,-1118.9,12,1.0
2025-08-25 20:00,-1140.12,-1150.5,-1130.6,12,1.0
2025-08-25 21:00,-1169.21,-1179.5,-1157.4,12,1.0
2025-08-25 22:00,-1199.95,-1214.8,-1187.4,12,1.0
2025-08-25 23:00,-1237.23,-1258.6,-1215.9,12,1.0
2025-08-26 00:00,-1280.74,-1302.9,-1261.5,12,1.0
2025-08-26 01:00,-1323.18,-1351.1,-1301.7,12,1.0
2025-08-26 02:00,-1366.81,-1384.2,-1347.7,12,1.0
2025-08-26 03:00,-1403.13,-1418.1,-1372.4,12,1.0
2025-08-26 04:00,-1439.22,-1458.5,-1414.2,12,1.0
2025-08-26 05:00,-1481.87,-1502.4,-1455.8,12,1.0
2025-08-26 06:00,-1531.13,-1547.0,-1509.7,12,1.0
2025-08-26 07:00,-1570.23,-1585.6,-1553.4,12,1.0
2025-08-26 08:00,-1595.51,-1615.8,-1570.7,12,1.0
2025-08-26 09:00,-1617.89,-1630.0,-1609.9,12,1.0
2025-08-26 10:00,-1618.26,-1632.7,-1603.6,12,1.0
2025-08-26 11:00,-1584.32,-1608.4,-1566.4,12,1.0
2025-08-26 12:00,-1496.83,-1549.5,-1437.1,12,1.0
2025-08-26 13:00,-1332.61,-1424.6,-1232.8,12,1.0
2025-08-26 14:00,-1113.87,-1216.5,-1022.3,12,1.0
2025-08-26 15:00,-934.45,-1013.4,-874.2,12,1.0
2025-08-26 16:00,-819.24,-867.4,-782.3,12,1.0
2025-08-26 17:00,-750.64,-774.3,-729.4,12,1.0
2025-08-26 18:00,-725.51,-731.0,-721.9,12,1.0
2025-08-26 19:00,-729.28,-735.2,-722.3,12,1.0
2025-08-26 20:00,-742.0,-749.5,-735.0,12,1.0
2025-08-26 21:00,-759.68,-769.5,-752.7,12,1.0
2025-08-26 22:00,-779.11,-787.8,-769.5,12,1.0
2025-08-26 23:00,-795.74,-803.7,-787.6,12,1.0
2025-08-27 00:00,-815.48,-823.8,-808.0,12,1.0
2025-08-27 01:00,-836.39,-846.0,-825.6,12,1.0
2025-08-27 02:00,-857.03,-867.2,-845.5,12,1.0
2025-08-27 03:00,-877.12,-885.3,-865.6,12,1.0
2025-08-27 04:00,-894.9,-901.4,-888.2,12,1.0
2025-08-27 05:00,-913.3,-922.1,-900.5,12,1.0
2025-08-27 06:00,-931.8,-940.4,-920.9,12,1.0
2025-08-27 07:00,-951.27,-960.5,-938.8,12,1.0
2025-08-27 08:00,-968.83,-974.3,-960.1,12,1.0
2025-08-27 09:00,-979.02,-985.4,-968.9,12,1.0
2025-08-27 10:00,-982.0,-992.0,-975.7,12,1.0
2025-08-27 11:00,-965.35,-978.6,-948.8,12,1.0
2025-08-27 12:00,-922.56,-953.2,-893.5,12,1.0
2025-08-27 13:00,-846.59,-890.0,-804.4,12,1.0
2025-08-27 14:00,-744.68,-795.2,-698.2,12,1.0
2025-08-27 15:00,-652.52,-692.8,-616.4,12,1.0
2025-08-27 16:00,-589.3,-611.9,-570.0,12,1.0
2025-08-27 17:00,-560.76,-566.9,-554.5,12,1.0
2025-08-27 18:00,-558.57,-561.3,-556.2,12,1.0
2025-08-27 19:00,-566.1,-572.0,-560.9,12,1.0
2025-08-27 20:00,-576.14,-580.4,-570.3,12,1.0
2025-08-27 21:00,-586.82,-592.1,-580.8,12,1.0
2025-08-27 22:00,-596.01,-599.4,-592.5,12,1.0
2025-08-27 23:00,-604.3,-608.3,-601.0,12,1.0
2025-08-28 00:00,-610.92,-616.0,-605.3,12,1.0
2025-08-28 01:00,-617.45,-621.9,-613.5,12,1.0
2025-08-28 02:00,-625.45,-631.7,-621.9,12,1.0
2025-08-28 03:00,-634.21,-637.7,-629.8,12,1.0
2025-08-28 04:00,-643.22,-649.8,-638.6,12,1.0
2025-08-28 05:00,-652.99,-657.8,-648.6,12,1.0
2025-08-28 06:00,-662.78,-666.8,-657.8,12,1.0
2025-08-28 07:00,-670.72,-674.2,-666.8,12,1.0
2025-08-28 08:00,-678.38,-683.0,-673.9,12,1.0
2025-08-28 09:00,-682.86,-686.3,-679.8,12,1.0
2025-08-28 10:00,-681.34,-684.7,-677.8,12,1.0
2025-08-28 11:00,-671.03,-676.7,-664.8,12,1.0
2025-08-28 12:00,-648.96,-660.8,-635.3,12,1.0
2025-08-28 13:00,-617.26,-632.0,-602.4,12,1.0
2025-08-28 14:00,-582.27,-598.0,-566.1,12,1.0
2025-08-28 15:00,-547.57,-560.1,-531.4,12,1.0
2025-08-28 16:00,-519.92,-528.9,-510.3,12,1.0
2025-08-28 17:00,-505.48,-510.0,-502.0,12,1.0
2025-08-28 18:00,-503.46,-505.9,-502.0,12,1.0
2025-08-28 19:00,-507.14,-510.3,-505.0,12,1.0
2025-08-28 20:00,-512.15,-514.0,-508.7,12,1.0
2025-08-28 21:00,-515.37,-518.3,-513.2,12,1.0
2025-08-28 22:00,-519.08,-520.7,-517.2,12,1.0
2025-08-28 23:00,-522.38,-524.9,-520.2,12,1.0
2025-08-29 00:00,-525.48,-528.3,-523.5,12,1.0
2025-08-29 01:00,-529.01,-531.7,-527.1,12,1.0
2025-08-29 02:00,-533.28,-535.9,-528.4,12,1.0
2025-08-29 03:00,-537.33,-539.4,-533.8,12,1.0
2025-08-29 04:00,-541.78,-543.9,-539.5,12,1.0
2025-08-29 05:00,-546.29,-549.4,-543.5,12,1.0
2025-08-29 06:00,-549.93,-553.3,-546.9,12,1.0
2025-08-29 07:00,-553.78,-555.8,-551.3,12,1.0
2025-08-29 08:00,-557.33,-558.7,-555.6,12,1.0
2025-08-29 09:00,-560.97,-563.8,-558.5,12,1.0
2025-08-29 10:00,-562.25,-565.2,-559.9,12,1.0
2025-08-29 11:00,-558.65,-561.7,-555.1,12,1.0
2025-08-29 12:00,-554.88,-557.1,-552.6,12,1.0
2025-08-29 13:00,-550.04,-553.3,-547.4,12,1.0
2025-08-29 14:00,-546.91,-549.7,-544.2,12,1.0
2025-08-29 15:00,-545.04,-547.1,-543.0,12,1.0
2025-08-29 16:00,-548.04,-550.8,-545.2,12,1.0
2025-08-29 17:00,-549.48,-553.0,-546.0,12,1.0
2025-08-29 18:00,-553.41,-556.7,-550.9,12,1.0
2025-08-29 19:00,-558.64,-561.0,-555.9,12,1.0
2025-08-29 20:00,-563.33,-568.1,-560.1,12,1.0
2025-08-29 21:00,-567.44,-571.7,-565.3,12,1.0
2025-08-29 22:00,-572.79,-575.4,-570.4,12,1.0
2025-08-29 23:00,-578.03,-580.6,-574.1,12,1.0
2025-08-30 00:00,-584.93,-589.1,-581.3,12,1.0
2025-08-30 01:00,-590.68,-595.0,-587.8,12,1.0
2025-08-30 02:00,-595.58,-600.1,-591.6,12,1.0
2025-08-30 03:00,-600.82,-604.8,-597.9,12,1.0
2025-08-30 04:00,-601.93,-605.6,-598.5,12,1.0
2025-08-30 05:00,-582.67,-599.4,-461.3,12,1.0
2025-08-30 06:00,-50.94,-185.9,-13.6,12,1.0
2025-08-30 07:00,-8.43,-12.7,-3.7,12,1.0
2025-08-30 08:00,-1.69,-3.0,-1.1,12,1.0
2025-08-30 09:00,-1.02,-1.1,-1.0,12,1.0
2025-08-30 10:00,-1.0,-1.0,-1.0,12,1.0
2025-08-30 11:00,-1.05,-1.1,-1.0,12,1.0
2025-08-30 12:00,-1.2,-1.3,-1.1,12,1.0
2025-08-30 13:00,-1.52,-1.7,-1.3,12,1.0
2025-08-30 14:00,-2.02,-2.3,-1.8,12,1.0
2025-08-30 15:00,-2.82,-3.2,-2.4,12,1.0
2025-08-30 16:00,-3.35,-3.7,-3.2,12,1.0
2025-08-30 17:00,-4.43,-5.1,-3.8,12,1.0
2025-08-30 18:00,-5.4,-5.7,-5.1,12,1.0
2025-08-30 19:00,-6.04,-6.3,-5.8,12,1.0
2025-08-30 20:00,-6.57,-6.8,-6.3,12,1.0
2025-08-30 21:00,-7.09,-7.3,-6.9,12,1.0
2025-08-30 22:00,-7.51,-7.7,-7.3,12,1.0
2025-08-30 23:00,-7.88,-8.1,-7.7,12,1.0
2025-08-31 00:00,-8.29,-8.5,-8.1,12,1.0
2025-08-31 01:00,-8.65,-8.8,-8.5,12,1.0
2025-08-31 02:00,-9.01,-9.2,-8.8,12,1.0
2025-08-31 03:00,-9.38,-9.5,-9.2,12,1.0
2025-08-31 04:00,-9.75,-9.9,-9.5,12,1.0
2025-08-31 05:00,-10.05,-10.1,-10.0,12,1.0
2025-08-31 06:00,-10.15,-10.2,-10.1,12,1.0
2025-08-31 07:00,-10.23,-10.3,-10.2,12,1.0
2025-08-31 08:00,-10.28,-10.3,-10.2,12,1.0
2025-08-31 09:00,-10.2,-10.2,-10.2,12,1.0
2025-08-31 10:00,-10.24,-10.3,-10.2,12,1.0
2025-08-31 11:00,-10.49,-10.7,-10.3,12,1.0
2025-08-31 12:00,-11.05,-11.4,-10.8,12,1.0
2025-08-31 13:00,-11.78,-12.1,-11.4,12,1.0
2025-08-31 14:00,-12.54,-12.9,-12.2,12,1.0
2025-08-31 15:00,-13.51,-13.9,-13.0,12,1.0
2025-08-31 16:00,-14.38,-14.8,-14.0,12,1.0
2025-08-31 17:00,-15.36,-15.8,-14.9,12,1.0
2025-08-31 18:00,-16.27,-16.6,-15.9,12,1.0
2025-08-31 19:00,-17.01,-17.3,-16.7,12,1.0
2025-08-31 20:00,-17.64,-17.9,-17.4,12,1.0
2025-08-31 21:00,-18.18,-18.4,-18.0,12,1.0
2025-08-31 22:00,-18.67,-18.9,-18.5,12,1.0
2025-08-31 23:00,-19.08,-19.2,-18.9,12,1.0
2025-09-01 00:00,-19.45,-19.6,-19.3,12,1.0
2025-09-01 01:00,-19.8,-20.0,-19.6,12,1.0
2025-09-01 02:00,-20.15,-20.3,-20.0,12,1.0
2025-09-01 03:00,-20.42,-20.6,-20.3,12,1.0
2025-09-01 04:00,-20.7,-20.8,-20.6,12,1.0
2025-09-01 05:00,-21.0,-21.1,-20.9,12,1.0
2025-09-01 06:00,-21.22,-21.4,-21.1,12,1.0
2025-09-01 07:00,-21.46,-21.5,-21.4,12,1.0
2025-09-01 08:00,-21.64,-21.7,-21.6,12,1.0
2025-09-01 09:00,-21.58,-21.6,-21.5,12,1.0
2025-09-01 10:00,-21.37,-21.5,-21.2,12,1.0
2025-09-01 11:00,-21.07,-21.2,-20.9,12,1.0
2025-09-01 12:00,-20.79,-20.9,-20.7,12,1.0
2025-09-01 13:00,-20.61,-20.7,-20.5,12,1.0
2025-09-01 14:00,-20.6,-20.6,-20.6,12,1.0
2025-09-01 15:00,-20.68,-20.8,-20.6,12,1.0
2025-09-01 16:00,-20.97,-21.2,-20.8,12,1.0
2025-09-01 17:00,-21.54,-21.9,-21.2,12,1.0
2025-09-01 18:00,-22.24,-22.5,-21.9,12,1.0
2025-09-01 19:00,-22.92,-23.2,-22.6,12,1.0
2025-09-01 20:00,-23.46,-23.7,-23.2,12,1.0
2025-09-01 21:00,-23.92,-24.1,-23.7,12,1.0
2025-09-01 22:00,-24.32,-24.5,-24.2,12,1.0
2025-09-01 23:00,-24.69,-24.9,-24.5,12,1.0
2025-09-02 00:00,-25.01,-25.2,-24.8,12,1.0
2025-09-02 01:00,-25.29,-25.4,-25.1,12,1.0
2025-09-02 02:00,-25.58,-25.7,-25.4,12,1.0
2025-09-02 03:00,-25.87,-26.0,-25.7,12,1.0
2025-09-02 04:00,-26.1,-26.2,-26.0,12,1.0
2025-09-02 05:00,-26.36,-26.5,-26.2,12,1.0
2025-09-02 06:00,-26.59,-26.7,-26.5,12,1.0
2025-09-02 07:00,-26.75,-26.8,-26.7,12,1.0
2025-09-02 08:00,-26.91,-27.0,-26.8,12,1.0
2025-09-02 09:00,-27.01,-27.1,-26.9,12,1.0
2025-09-02 10:00,-27.11,-27.2,-27.0,12,1.0
2025-09-02 11:00,-27.26,-27.3,-27.2,12,1.0
2025-09-02 12:00,-27.3,-27.3,-27.3,12,1.0
2025-09-02 13:00,-27.22,-27.3,-27.1,12,1.0
2025-09-02 14:00,-26.92,-27.0,-26.9,12,1.0
2025-09-02 15:00,-26.96,-27.0,-26.9,12,1.0
2025-09-02 16:00,-27.05,-27.2,-27.0,12,1.0
2025-09-02 17:00,-27.31,-27.4,-27.2,12,1.0
2025-09-02 18:00,-27.6,-27.7,-27.5,12,1.0
2025-09-02 19:00,-27.92,-28.1,-27.8,12,1.0
2025-09-02 20:00,-28.22,-28.3,-28.1,12,1.0
2025-09-02 21:00,-28.49,-28.6,-28.4,12,1.0
2025-09-02 22:00,-28.76,-28.9,-28.7,12,1.0
2025-09-02 23:00,-29.02,-29.1,-28.9,12,1.0
2025-09-03 00:00,-29.28,-29.4,-29.2,12,1.0
2025-09-03 01:00,-29.5,-29.6,-29.4,12,1.0
2025-09-03 02:00,-29.71,-29.8,-29.6,12,1.0
2025-09-03 03:00,-29.91,-30.0,-29.8,12,1.0
2025-09-03 04:00,-30.12,-30.2,-30.0,12,1.0
2025-09-03 05:00,-30.32,-30.4,-30.2,12,1.0
2025-09-03 06:00,-30.51,-30.6,-30.4,12,1.0
2025-09-03 07:00,-30.73,-30.8,-30.6,12,1.0
2025-09-03 08:00,-30.88,-30.9,-30.8,12,1.0
2025-09-03 09:00,-30.88,-31.0,-30.8,12,1.0
2025-09-03 10:00,-30.64,-30.8,-30.5,12,1.0
2025-09-03 11:00,-30.29,-30.5,-30.1,12,1.0
2025-09-03 12:00,-29.86,-30.1,-29.7,12,1.0
2025-09-03 13:00,-29.54,-29.7,-29.4,12,1.0
2025-09-03 14:00,-29.33,-29.4,-29.2,12,1.0
2025-09-03 15:00,-29.22,-29.3,-29.2,12,1.0
2025-09-03 16:00,-29.38,-29.6,-29.2,12,1.0
2025-09-03 17:00,-29.79,-30.0,-29.6,12,1.0
2025-09-03 18:00,-30.22,-30.4,-30.0,12,1.0
2025-09-03 19:00,-30.69,-30.9,-30.5,12,1.0
2025-09-03 20:00,-31.06,-31.2,-30.9,12,1.0
2025-09-03 21:00,-31.36,-31.5,-31.2,12,1.0
2025-09-03 22:00,-31.7,-31.9,-31.5,12,1.0
2025-09-03 23:00,-31.97,-32.1,-31.8,12,1.0
2025-09-04 00:00,-32.27,-32.4,-32.1,12,1.0
2025-09-04 01:00,-32.56,-32.7,-32.4,12,1.0
2025-09-04 02:00,-32.84,-33.0,-32.7,12,1.0
2025-09-04 03:00,-33.11,-33.2,-33.0,12,1.0
2025-09-04 04:00,-33.35,-33.5,-33.2,12,1.0
2025-09-04 05:00,-33.61,-33.7,-33.5,12,1.0
2025-09-04 06:00,-33.83,-33.9,-33.7,12,1.0
2025-09-04 07:00,-34.07,-34.2,-33.9,12,1.0
2025-09-04 08:00,-34.27,-34.3,-34.2,12,1.0
2025-09-04 09:00,-34.32,-34.4,-34.2,12,1.0
2025-09-04 10:00,-34.12,-34.3,-34.0,12,1.0
2025-09-04 11:00,-33.79,-33.9,-33.6,12,1.0
2025-09-04 12:00,-33.43,-33.6,-33.2,12,1.0
2025-09-04 13:00,-33.25,-33.3,-33.2,12,1.0
2025-09-04 14:00,-33.4,-33.5,-33.3,12,1.0
2025-09-04 15:00,-33.57,-33.6,-33.5,12,1.0
2025-09-04 16:00,-33.64,-33.7,-33.6,12,1.0
2025-09-04 17:00,-33.96,-34.2,-33.7,12,1.0
2025-09-04 18:00,-34.46,-34.7,-34.2,12,1.0
2025-09-04 19:00,-34.92,-35.1,-34.8,12,1.0
2025-09-04 20:00,-35.22,-35.4,-35.1,12,1.0
2025-09-04 21:00,-35.58,-35.7,-35.4,12,1.0
2025-09-04 22:00,-35.86,-36.0,-35.7,12,1.0
2025-09-04 23:00,-36.2,-36.3,-36.1,12,1.0
2025-09-05 00:00,-36.5,-36.7,-36.3,12,1.0
2025-09-05 01:00,-36.82,-37.0,-36.7,12,1.0
2025-09-05 02:00,-37.08,-37.2,-36.9,12,1.0
2025-09-05 03:00,-37.38,-37.5,-37.2,12,1.0
2025-09-05 04:00,-37.67,-37.8,-37.6,12,1.0
2025-09-05 05:00,-37.98,-38.1,-37.9,12,1.0
2025-09-05 06:00,-38.21,-38.3,-38.1,12,1.0
2025-09-05 07:00,-38.42,-38.5,-38.3,12,1.0
2025-09-05 08:00,-38.62,-38.7,-38.6,12,1.0
2025-09-05 09:00,-38.65,-38.7,-38.5,12,1.0
2025-09-05 10:00,-38.52,-38.6,-38.4,12,1.0
2025-09-05 11:00,-38.18,-38.4,-38.0,12,1.0
2025-09-05 12:00,-37.87,-38.0,-37.8,12,1.0
2025-09-05 13:00,-37.61,-37.8,-37.4,12,1.0
2025-09-05 14:00,-37.35,-37.5,-37.3,12,1.0
2025-09-05 15:00,-37.32,-37.4,-37.3,12,1.0
2025-09-05 16:00,-37.52,-37.6,-37.4,12,1.0
2025-09-05 17:00,-37.91,-38.1,-37.7,12,1.0
2025-09-05 18:00,-38.4,-38.7,-38.2,12,1.0
2025-09-05 19:00,-38.91,-39.1,-38.7,12,1.0
2025-09-05 20:00,-39.34,-39.5,-39.1,12,1.0
2025-09-05 21:00,-39.75,-39.9,-39.6,12,1.0
2025-09-05 22:00,-40.07,-40.2,-39.9,12,1.0
2025-09-05 23:00,-40.38,-40.5,-40.2,12,1.0
2025-09-06 00:00,-40.68,-40.8,-40.5,12,1.0
2025-09-06 01:00,-41.0,-41.2,-40.9,12,1.0
2025-09-06 02:00,-41.28,-41.4,-41.1,12,1.0
2025-09-06 03:00,-41.62,-41.8,-41.5,12,1.0
2025-09-06 04:00,-41.94,-42.1,-41.8,12,1.0
2025-09-06 05:00,-42.19,-42.3,-42.1,12,1.0
2025-09-06 06:00,-42.5,-42.6,-42.3,12,1.0
2025-09-06 07:00,-42.74,-42.9,-42.6,12,1.0
2025-09-06 08:00,-42.98,-43.1,-42.9,12,1.0
2025-09-06 09:00,-43.16,-43.2,-43.1,12,1.0
2025-09-06 10:00,-43.12,-43.2,-43.0,12,1.0
2025-09-06 11:00,-42.97,-43.1,-42.9,12,1.0
2025-09-06 12:00,-42.79,-42.9,-42.7,12,1.0
2025-09-06 13:00,-42.56,-42.7,-42.5,12,1.0
2025-09-06 14:00,-42.46,-42.5,-42.4,12,1.0
2025-09-06 15:00,-42.46,-42.5,-42.4,12,1.0
2025-09-06 16:00,-42.65,-42.8,-42.5,12,1.0
2025-09-06 17:00,-43.14,-43.4,-42.9,12,1.0
2025-09-06 18:00,-43.77,-44.0,-43.5,12,1.0
2025-09-06 19:00,-44.22,-44.4,-44.1,12,1.0
2025-09-06 20:00,-44.6,-44.8,-44.4,12,1.0
2025-09-06 21:00,-44.88,-45.0,-44.7,12,1.0
2025-09-06 22:00,-45.23,-45.4,-45.1,12,1.0
2025-09-06 23:00,-45.6,-45.8,-45.4,12,1.0
2025-09-07 00:00,-45.98,-46.1,-45.8,12,1.0
2025-09-07 01:00,-46.31,-46.5,-46.1,12,1.0
2025-09-07 02:00,-46.62,-46.8,-46.5,12,1.0
2025-09-07 03:00,-46.98,-47.1,-46.8,12,1.0
2025-09-07 04:00,-47.3,-47.5,-47.1,12,1.0
2025-09-07 05:00,-47.65,-47.8,-47.5,12,1.0
2025-09-07 06:00,-47.98,-48.1,-47.8,12,1.0
2025-09-07 07:00,-48.36,-48.5,-48.2,12,1.0
2025-09-07 08:00,-48.7,-48.8,-48.5,12,1.0
2025-09-07 09:00,-48.88,-48.9,-48.8,12,1.0
2025-09-07 10:00,-48.96,-49.1,-48.8,12,1.0
2025-09-07 11:00,-48.97,-49.0,-48.9,12,1.0
2025-09-07 12:00,-48.92,-49.0,-48.9,12,1.0
2025-09-07 13:00,-49.0,-49.2,-48.9,12,1.0
2025-09-07 14:00,-49.2,-49.3,-49.1,12,1.0
2025-09-07 15:00,-49.37,-49.5,-49.2,12,1.0
2025-09-07 16:00,-49.73,-50.0,-49.5,12,1.0
2025-09-07 17:00,-50.54,-51.0,-50.1,12,1.0
2025-09-07 18:00,-51.24,-51.5,-51.0,12,1.0
2025-09-07 19:00,-51.69,-51.9,-51.5,12,1.0
2025-09-07 20:00,-52.11,-52.3,-51.9,12,1.0
2025-09-07 21:00,-52.43,-52.6,-52.3,12,1.0
2025-09-07 22:00,-52.77,-53.0,-52.6,12,1.0
2025-09-07 23:00,-53.12,-53.3,-53.0,12,1.0
2025-09-08 00:00,-53.48,-53.6,-53.3,12,1.0
2025-09-08 01:00,-53.82,-54.0,-53.6,12,1.0
2025-09-08 02:00,-54.19,-54.4,-54.0,12,1.0
2025-09-08 03:00,-54.59,-54.8,-54.3,12,1.0
2025-09-08 04:00,-54.97,-55.2,-54.8,12,1.0
2025-09-08 05:00,-55.35,-55.5,-55.2,12,1.0
2025-09-08 06:00,-55.72,-55.9,-55.5,12,1.0
2025-09-08 07:00,-56.11,-56.3,-55.9,12,1.0
2025-09-08 08:00,-56.5,-56.7,-56.3,12,1.0
2025-09-08 09:00,-56.68,-56.7,-56.6,12,1.0
2025-09-08 10:00,-56.78,-56.8,-56.7,12,1.0
2025-09-08 11:00,-56.89,-57.1,-56.8,12,1.0
2025-09-08 12:00,-57.23,-57.4,-57.0,12,1.0
2025-09-08 13:00,-57.65,-57.9,-57.4,12,1.0
2025-09-08 14:00,-58.18,-58.4,-57.8,12,1.0
2025-09-08 15:00,-58.82,-59.3,-58.5,12,1.0
2025-09-08 16:00,-59.81,-60.2,-59.3,12,1.0
2025-09-08 17:00,-60.58,-60.8,-60.3,12,1.0
2025-09-08 18:00,-61.08,-61.2,-60.9,12,1.0
2025-09-08 19:00,-61.47,-61.7,-61.3,12,1.0
2025-09-08 20:00,-61.73,-61.9,-61.6,12,1.0
2025-09-08 21:00,-61.94,-62.0,-61.8,12,1.0
2025-09-08 22:00,-62.18,-62.3,-62.1,12,1.0
2025-09-08 23:00,-62.43,-62.5,-62.3,12,1.0
2025-09-09 00:00,-62.68,-62.8,-62.5,12,1.0
2025-09-09 01:00,-62.92,-63.0,-62.8,12,1.0
2025-09-09 02:00,-63.18,-63.3,-63.1,12,1.0
2025-09-09 03:00,-63.42,-63.5,-63.3,12,1.0
2025-09-09 04:00,-63.62,-63.8,-63.5,12,1.0
2025-09-09 05:00,-63.95,-64.1,-63.8,12,1.0
2025-09-09 06:00,-64.19,-64.4,-64.1,12,1.0
2025-09-09 07:00,-64.48,-64.6,-64.3,12,1.0
2025-09-09 08:00,-64.68,-64.8,-64.5,12,1.0
2025-09-09 09:00,-64.96,-65.1,-64.8,12,1.0
2025-09-09 10:00,-65.3,-65.4,-65.1,12,1.0
2025-09-09 11:00,-65.55,-65.8,-65.3,12,1.0
2025-09-09 12:00,-66.13,-66.4,-65.8,12,1.0
2025-09-09 13:00,-66.65,-66.8,-66.4,12,1.0
2025-09-09 14:00,-66.98,-67.1,-66.8,12,1.0
2025-09-09 15:00,-67.52,-67.8,-67.2,12,1.0
2025-09-09 16:00,-68.43,-68.8,-67.9,12,1.0
2025-09-09 17:00,-69.4,-69.8,-68.9,12,1.0
2025-09-09 18:00,-70.13,-70.3,-69.9,12,1.0
2025-09-09 19:00,-70.51,-70.6,-70.3,12,1.0
2025-09-09 20:00,-70.77,-70.9,-70.6,12,1.0
2025-09-09 21:00,-71.0,-71.1,-70.9,12,1.0
2025-09-09 22:00,-71.17,-71.3,-71.0,12,1.0
2025-09-09 23:00,-71.31,-71.4,-71.2,12,1.0
2025-09-10 00:00,-71.48,-71.6,-71.4,12,1.0
2025-09-10 01:00,-71.6,-71.7,-71.5,12,1.0
2025-09-10 02:00,-71.79,-71.9,-71.7,12,1.0
2025-09-10 03:00,-71.96,-72.1,-71.8,12,1.0
2025-09-10 04:00,-72.19,-72.3,-72.1,12,1.0
2025-09-10 05:00,-72.45,-72.6,-72.3,12,1.0
2025-09-10 06:00,-72.68,-72.8,-72.6,12,1.0
2025-09-10 07:00,-72.91,-73.0,-72.8,12,1.0
2025-09-10 08:00,-73.08,-73.2,-72.9,12,1.0
2025-09-10 09:00,-73.32,-73.4,-73.2,12,1.0
2025-09-10 10:00,-73.63,-73.8,-73.4,12,1.0
2025-09-10 11:00,-74.1,-74.5,-73.8,12,1.0
2025-09-10 12:00,-74.82,-75.2,-74.5,12,1.0
2025-09-10 13:00,-75.52,-75.8,-75.3,12,1.0
2025-09-10 14:00,-76.28,-76.7,-75.9,12,1.0
2025-09-10 15:00,-77.08,-77.4,-76.7,12,1.0
2025-09-10 16:00,-77.68,-77.9,-77.4,12,1.0
2025-09-10 17:00,-78.06,-78.3,-77.9,12,1.0
2025-09-10 18:00,-78.37,-78.5,-78.3,12,1.0
2025-09-10 19:00,-78.57,-78.7,-78.5,12,1.0
2025-09-10 20:00,-78.77,-78.9,-78.6,12,1.0
2025-09-10 21:00,-78.95,-79.1,-78.9,12,1.0
2025-09-10 22:00,-79.13,-79.2,-79.0,12,1.0
2025-09-10 23:00,-79.26,-79.4,-78.9,12,1.0
2025-09-11 00:00,-59.6,-78.3,-22.5,12,1.0
2025-09-11 01:00,-6.58,-17.8,-0.1,12,1.0
2025-09-11 02:00,-0.2,-0.2,-0.2,12,1.0
2025-09-11 03:00,-0.3,-0.4,-0.2,12,1.0
2025-09-11 04:00,-0.4,-0.4,-0.4,12,1.0
2025-09-11 05:00,-0.48,-0.5,-0.4,12,1.0
2025-09-11 06:00,-0.5,-0.5,-0.5,12,1.0
2025-09-11 07:00,-0.5,-0.5,-0.5,12,1.0
2025-09-11 08:00,-0.5,-0.5,-0.5,12,1.0
2025-09-11 09:00,-0.5,-0.5,-0.5,12,1.0
2025-09-11 10:00,-0.5,-0.5,-0.5,12,1.0
2025-09-11 11:00,-0.59,-0.6,-0.5,12,1.0
2025-09-11 12:00,-0.71,-0.8,-0.6,12,1.0
2025-09-11 13:00,-0.86,-0.9,-0.8,12,1.0
2025-09-11 14:00,-1.07,-1.2,-1.0,12,1.0
2025-09-11 15:00,-1.33,-1.5,-1.2,12,1.0
2025-09-11 16:00,-1.68,-1.9,-1.5,12,1.0
2025-09-11 17:00,-2.17,-2.4,-1.9,12,1.0
2025-09-11 18:00,-2.78,-3.1,-2.5,12,1.0
2025-09-11 19:00,-3.47,-3.8,-3.2,12,1.0
2025-09-11 20:00,-4.22,-4.6,-3.9,12,1.0
2025-09-11 21:00,-4.97,-5.2,-4.7,12,1.0
2025-09-11 22:00,-5.29,-5.4,-5.2,12,1.0
2025-09-11 23:00,-5.55,-5.6,-5.4,12,1.0
2025-09-12 00:00,-5.76,-5.9,-5.7,12,1.0
2025-09-12 01:00,-5.98,-6.1,-5.9,12,1.0
2025-09-12 02:00,-6.18,-6.3,-6.1,12,1.0
2025-09-12 03:00,-6.35,-6.4,-6.3,12,1.0
2025-09-12 04:00,-6.53,-6.6,-6.4,12,1.0
2025-09-12 05:00,-6.7,-6.8,-6.6,12,1.0
2025-09-12 06:00,-6.87,-6.9,-6.8,12,1.0
2025-09-12 07:00,-6.98,-7.0,-6.9,12,1.0
2025-09-12 08:00,-7.01,-7.1,-7.0,12,1.0
2025-09-12 09:00,-7.06,-7.1,-7.0,12,1.0
2025-09-12 10:00,-7.38,-7.7,-7.1,12,1.0
2025-09-12 11:00,-8.45,-9.2,-7.8,12,1.0
2025-09-12 12:00,-10.03,-10.5,-9.3,12,1.0
2025-09-12 13:00,-10.92,-11.3,-10.6,12,1.0
2025-09-12 14:00,-11.71,-12.1,-11.3,12,1.0
2025-09-12 15:00,-12.52,-12.9,-12.2,12,1.0
2025-09-12 16:00,-13.34,-13.7,-13.0,12,1.0
2025-09-12 17:00,-13.99,-14.2,-13.7,12,1.0
2025-09-12 18:00,-14.47,-14.7,-14.2,12,1.0
2025-09-12 19:00,-14.86,-15.0,-14.7,12,1.0
2025-09-12 20:00,-15.14,-15.3,-15.0,12,1.0
2025-09-12 21:00,-15.38,-15.5,-15.3,12,1.0
2025-09-12 22:00,-15.58,-15.7,-15.5,12,1.0
2025-09-12 23:00,-15.74,-15.8,-15.7,12,1.0
2025-09-13 00:00,-15.88,-15.9,-15.8,12,1.0
2025-09-13 01:00,-16.0,-16.1,-15.9,12,1.0
2025-09-13 02:00,-16.12,-16.2,-16.1,12,1.0
2025-09-13 03:00,-16.2,-16.2,-16.2,12,1.0
2025-09-13 04:00,-16.31,-16.4,-16.3,12,1.0
2025-09-13 05:00,-16.4,-16.4,-16.4,12,1.0
2025-09-13 06:00,-16.48,-16.5,-16.4,12,1.0
2025-09-13 07:00,-16.5,-16.5,-16.5,12,1.0
2025-09-13 08:00,-16.48,-16.5,-16.4,12,1.0
2025-09-13 09:00,-16.32,-16.4,-16.2,12,1.0
2025-09-13 10:00,-16.2,-16.2,-16.2,12,1.0
2025-09-13 11:00,-16.26,-16.3,-16.2,12,1.0
2025-09-13 12:00,-16.39,-16.5,-16.3,12,1.0
2025-09-13 13:00,-16.58,-16.7,-16.5,12,1.0
2025-09-13 14:00,-16.85,-17.0,-16.7,12,1.0
2025-09-13 15:00,-17.23,-17.5,-17.0,12,1.0
2025-09-13 16:00,-17.92,-18.2,-17.5,12,1.0
2025-09-13 17:00,-18.54,-18.8,-18.3,12,1.0
2025-09-13 18:00,-19.03,-19.2,-18.8,12,1.0
2025-09-13 19:00,-19.4,-19.5,-19.2,12,1.0
2025-09-13 20:00,-19.7,-19.8,-19.6,12,1.0
2025-09-13 21:00,-19.94,-20.1,-19.8,12,1.0
2025-09-13 22:00,-20.18,-20.3,-20.1,12,1.0
2025-09-13 23:00,-20.37,-20.4,-20.3,12,1.0
2025-09-14 00:00,-20.55,-20.6,-20.5,12,1.0
2025-09-14 01:00,-20.71,-20.8,-20.6,12,1.0
2025-09-14 02:00,-20.88,-20.9,-20.8,12,1.0
2025-09-14 03:00,-21.01,-21.1,-20.9,12,1.0
2025-09-14 04:00,-21.15,-21.2,-21.1,12,1.0
2025-09-14 05:00,-21.27,-21.3,-21.2,12,1.0
2025-09-14 06:00,-21.36,-21.4,-21.3,12,1.0
2025-09-14 07:00,-21.4,-21.4,-21.4,12,1.0
2025-09-14 08:00,-21.4,-21.4,-21.4,12,1.0
2025-09-14 09:00,-21.29,-21.4,-21.2,12,1.0
2025-09-14 10:00,-21.02,-21.1,-20.9,12,1.0
2025-09-14 11:00,-20.85,-20.9,-20.8,12,1.0
2025-09-14 12:00,-20.88,-21.0,-20.8,12,1.0
2025-09-14 13:00,-21.14,-21.2,-21.0,12,1.0
2025-09-14 14:00,-21.35,-21.5,-21.2,12,1.0
2025-09-14 15:00,-21.5,-21.6,-21.4,12,1.0
2025-09-14 16:00,-21.89,-22.1,-21.7,12,1.0
2025-09-14 17:00,-22.32,-22.5,-22.1,12,1.0
2025-09-14 18:00,-22.72,-22.9,-22.6,12,1.0
2025-09-14 19:00,-23.03,-23.2,-22.9,12,1.0
2025-09-14 20:00,-23.28,-23.4,-23.2,12,1.0
2025-09-14 21:00,-23.55,-23.7,-23.4,12,1.0
2025-09-14 22:00,-23.71,-23.8,-23.6,12,1.0
2025-09-14 23:00,-23.92,-24.0,-23.8,12,1.0
2025-09-15 00:00,-24.09,-24.2,-24.0,12,1.0
2025-09-15 01:00,-24.22,-24.3,-24.1,12,1.0
2025-09-15 02:00,-24.37,-24.4,-24.3,12,1.0
2025-09-15 03:00,-24.52,-24.6,-24.4,12,1.0
2025-09-15 04:00,-24.63,-24.7,-24.6,12,1.0
2025-09-15 05:00,-24.77,-24.8,-24.7,12,1.0
2025-09-15 06:00,-24.88,-24.9,-24.8,12,1.0
2025-09-15 07:00,-24.98,-25.0,-24.9,12,1.0
2025-09-15 08:00,-25.04,-25.1,-25.0,12,1.0
2025-09-15 09:00,-24.96,-25.1,-24.8,12,1.0
2025-09-15 10:00,-24.65,-24.8,-24.5,12,1.0
2025-09-15 11:00,-24.36,-24.5,-24.2,12,1.0
2025-09-15 12:00,-24.14,-24.2,-24.1,12,1.0
2025-09-15 13:00,-24.07,-24.1,-24.0,12,1.0
2025-09-15 14:00,-24.1,-24.1,-24.1,12,1.0
2025-09-15 15:00,-24.22,-24.4,-24.1,12,1.0
2025-09-15 16:00,-24.62,-24.8,-24.4,12,1.0
2025-09-15 17:00,-25.04,-25.2,-24.9,12,1.0
2025-09-15 18:00,-25.46,-25.6,-25.3,12,1.0
2025-09-15 19:00,-25.79,-26.0,-25.6,12,1.0
2025-09-15 20:00,-26.15,-26.3,-26.0,12,1.0
2025-09-15 21:00,-26.41,-26.5,-26.3,12,1.0
2025-09-15 22:00,-26.67,-26.8,-26.6,12,1.0
2025-09-15 23:00,-26.88,-27.0,-26.8,12,1.0
2025-09-16 00:00,-27.06,-27.1,-27.0,12,1.0
2025-09-16 01:00,-27.26,-27.3,-27.2,12,1.0
2025-09-16 02:00,-27.41,-27.5,-27.3,12,1.0
2025-09-16 03:00,-27.61,-27.7,-27.5,12,1.0
2025-09-16 04:00,-27.74,-27.8,-27.7,12,1.0
2025-09-16 05:00,-27.89,-27.9,-27.8,12,1.0
2025-09-16 06:00,-27.98,-28.1,-27.9,12,1.0
2025-09-16 07:00,-28.1,-28.1,-28.1,12,1.0
2025-09-16 08:00,-28.1,-28.1,-28.1,12,1.0
2025-09-16 09:00,-28.08,-28.1,-28.0,12,1.0
2025-09-16 10:00,-27.94,-28.0,-27.9,12,1.0
2025-09-16 11:00,-27.81,-27.9,-27.8,12,1.0
2025-09-16 12:00,-27.66,-27.7,-27.5,12,1.0
2025-09-16 13:00,-27.57,-27.6,-27.5,12,1.0
2025-09-16 14:00,-27.77,-27.9,-27.6,12,1.0
2025-09-16 15:00,-28.01,-28.1,-27.9,12,1.0
2025-09-16 16:00,-28.22,-28.3,-28.1,12,1.0
2025-09-16 17:00,-28.51,-28.6,-28.4,12,1.0
2025-09-16 18:00,-28.85,-29.0,-28.7,12,1.0
2025-09-16 19:00,-29.1,-29.2,-29.0,12,1.0
2025-09-16 20:00,-29.38,-29.5,-29.3,12,1.0
2025-09-16 21:00,-29.6,-29.7,-29.5,12,1.0
2025-09-16 22:00,-29.78,-29.9,-29.7,12,1.0
2025-09-16 23:00,-29.97,-30.1,-29.9,12,1.0
2025-09-17 00:00,-30.18,-30.3,-30.1,12,1.0
2025-09-17 01:00,-30.33,-30.4,-30.2,12,1.0
2025-09-17 02:00,-30.51,-30.6,-30.4,12,1.0
2025-09-17 03:00,-30.67,-30.7,-30.6,12,1.0
2025-09-17 04:00,-30.81,-30.9,-30.7,12,1.0
2025-09-17 05:00,-30.93,-31.0,-30.9,12,1.0
2025-09-17 06:00,-30.98,-31.0,-30.9,12,1.0
2025-09-17 07:00,-31.08,-31.1,-31.0,12,1.0
2025-09-17 08:00,-31.14,-31.2,-31.1,12,1.0
2025-09-17 09:00,-31.15,-31.2,-31.1,12,1.0
2025-09-17 10:00,-30.98,-31.1,-30.9,12,1.0
2025-09-17 11:00,-30.71,-30.8,-30.6,12,1.0
2025-09-17 12:00,-30.47,-30.6,-30.4,12,1.0
2025-09-17 13:00,-30.23,-30.3,-30.2,12,1.0
2025-09-17 14:00,-30.14,-30.2,-30.1,12,1.0
2025-09-17 15:00,-30.23,-30.4,-30.1,12,1.0
2025-09-17 16:00,-30.52,-30.7,-30.3,12,1.0
2025-09-17 17:00,-30.88,-31.0,-30.7,12,1.0
2025-09-17 18:00,-31.19,-31.3,-31.0,12,1.0
2025-09-17 19:00,-31.48,-31.6,-31.4,12,1.0
2025-09-17 20:00,-31.76,-31.9,-31.6,12,1.0
2025-09-17 21:00,-32.02,-32.1,-31.9,12,1.0
2025-09-17 22:00,-32.28,-32.4,-32.1,12,1.0
2025-09-17 23:00,-32.51,-32.6,-32.4,12,1.0
2025-09-18 00:00,-32.72,-32.8,-32.6,12,1.0
2025-09-18 01:00,-32.93,-33.1,-32.8,12,1.0
2025-09-18 02:00,-33.12,-33.2,-33.0,12,1.0
2025-09-18 03:00,-33.31,-33.4,-33.2,12,1.0
2025-09-18 04:00,-33.49,-33.6,-33.4,12,1.0
2025-09-18 05:00,-33.65,-33.8,-33.6,12,1.0
2025-09-18 06:00,-33.82,-33.9,-33.7,12,1.0
2025-09-18 07:00,-33.96,-34.0,-33.9,12,1.0
2025-09-18 08:00,-34.07,-34.1,-34.0,12,1.0
2025-09-18 09:00,-34.08,-34.2,-34.0,12,1.0
2025-09-18 10:00,-33.89,-34.0,-33.7,12,1.0
2025-09-18 11:00,-33.59,-33.7,-33.5,12,1.0
2025-09-18 12:00,-33.33,-33.4,-33.2,12,1.0
2025-09-18 13:00,-33.14,-33.2,-33.1,12,1.0
2025-09-18 14:00,-33.03,-33.1,-33.0,12,1.0
2025-09-18 15:00,-33.11,-33.2,-33.0,12,1.0
2025-09-18 16:00,-33.49,-33.7,-33.3,12,1.0
2025-09-18 17:00,-33.97,-34.2,-33.8,12,1.0
2025-09-18 18:00,-34.34,-34.5,-34.1,12,1.0
2025-09-18 19:00,-34.68,-34.8,-34.5,12,1.0
2025-09-18 20:00,-34.96,-35.1,-34.8,12,1.0
2025-09-18 21:00,-35.24,-35.4,-35.1,12,1.0
2025-09-18 22:00,-35.48,-35.6,-35.4,12,1.0
2025-09-18 23:00,-35.71,-35.8,-35.6,12,1.0
2025-09-19 00:00,-35.98,-36.1,-35.9,12,1.0
2025-09-19 01:00,-36.23,-36.4,-36.1,12,1.0
2025-09-19 02:00,-36.43,-36.5,-36.3,12,1.0
2025-09-19 03:00,-36.65,-36.8,-36.5,12,1.0
2025-09-19 04:00,-36.78,-36.8,-36.7,12,1.0
2025-09-19 05:00,-36.92,-37.0,-36.8,12,1.0
2025-09-19 06:00,-37.11,-37.2,-37.0,12,1.0
2025-09-19 07:00,-37.28,-37.4,-37.2,12,1.0
2025-09-19 08:00,-37.48,-37.6,-37.4,12,1.0
2025-09-19 09:00,-37.57,-37.6,-37.5,12,1.0
2025-09-19 10:00,-37.38,-37.5,-37.2,12,1.0
2025-09-19 11:00,-37.12,-37.3,-37.0,12,1.0
2025-09-19 12:00,-36.92,-37.0,-36.8,12,1.0
2025-09-19 13:00,-36.77,-36.9,-36.7,12,1.0
2025-09-19 14:00,-36.78,-36.8,-36.7,12,1.0
2025-09-19 15:00,-36.92,-37.1,-36.8,12,1.0
2025-09-19 16:00,-37.44,-37.7,-37.1,12,1.0
2025-09-19 17:00,-38.05,-38.3,-37.8,12,1.0
2025-09-19 18:00,-38.46,-38.6,-38.3,12,1.0
2025-09-19 19:00,-38.81,-39.0,-38.7,12,1.0
2025-09-19 20:00,-39.08,-39.2,-38.9,12,1.0
2025-09-19 21:00,-39.43,-39.6,-39.3,12,1.0
2025-09-19 22:00,-39.79,-40.0,-39.6,12,1.0
2025-09-19 23:00,-40.01,-40.1,-39.9,12,1.0
2025-09-20 00:00,-40.26,-40.4,-40.2,12,1.0
2025-09-20 01:00,-40.46,-40.5,-40.3,12,1.0
2025-09-20 02:00,-40.69,-40.8,-40.6,12,1.0
2025-09-20 03:00,-40.88,-41.0,-40.8,12,1.0
2025-09-20 04:00,-41.11,-41.2,-41.0,12,1.0
2025-09-20 05:00,-41.32,-41.4,-41.2,12,1.0
2025-09-20 06:00,-41.54,-41.7,-41.4,12,1.0
2025-09-20 07:00,-41.72,-41.8,-41.6,12,1.0
2025-09-20 08:00,-41.88,-42.0,-41.8,12,1.0
2025-09-20 09:00,-41.92,-42.0,-41.9,12,1.0
2025-09-20 10:00,-41.82,-41.9,-41.7,12,1.0
2025-09-20 11:00,-41.68,-41.7,-41.6,12,1.0
2025-09-20 12:00,-41.62,-41.7,-41.6,12,1.0
2025-09-20 13:00,-41.68,-41.8,-41.6,12,1.0
2025-09-20 14:00,-41.94,-42.1,-41.8,12,1.0
2025-09-20 15:00,-42.36,-42.6,-42.1,12,1.0
2025-09-20 16:00,-42.99,-43.3,-42.6,12,1.0
2025-09-20 17:00,-43.64,-43.9,-43.4,12,1.0
2025-09-20 18:00,-44.12,-44.3,-43.9,12,1.0
2025-09-20 19:00,-44.44,-44.6,-44.3,12,1.0
2025-09-20 20:00,-44.75,-44.9,-44.6,12,1.0
2025-09-20 21:00,-45.05,-45.3,-44.9,12,1.0
2025-09-20 22:00,-45.33,-45.5,-45.2,12,1.0
2025-09-20 23:00,-45.58,-45.7,-45.5,12,1.0
2025-09-21 00:00,-45.86,-46.0,-45.7,12,1.0
2025-09-21 01:00,-46.12,-46.2,-46.0,12,1.0
2025-09-21 02:00,-46.39,-46.5,-46.3,12,1.0
2025-09-21 03:00,-46.59,-46.7,-46.5,12,1.0
2025-09-21 04:00,-46.8,-46.9,-46.7,12,1.0
2025-09-21 05:00,-47.01,-47.1,-46.9,12,1.0
2025-09-21 06:00,-47.22,-47.3,-47.0,12,1.0
2025-09-21 07:00,-47.43,-47.5,-47.3,12,1.0
2025-09-21 08:00,-47.66,-47.7,-47.6,12,1.0
2025-09-21 09:00,-47.72,-47.8,-47.7,12,1.0
2025-09-21 10:00,-47.69,-47.8,-47.6,12,1.0
2025-09-21 11:00,-47.64,-47.7,-47.6,12,1.0
2025-09-21 12:00,-47.64,-47.7,-47.5,12,1.0
2025-09-21 13:00,-47.81,-47.9,-47.7,12,1.0
2025-09-21 14:00,-48.24,-48.5,-48.0,12,1.0
2025-09-21 15:00,-48.86,-49.2,-48.5,12,1.0
2025-09-21 16:00,-49.85,-50.3,-49.4,12,1.0
2025-09-21 17:00,-50.73,-51.1,-50.4,12,1.0
2025-09-21 18:00,-51.26,-51.4,-51.0,12,1.0
2025-09-21 19:00,-51.59,-51.7,-51.4,12,1.0
2025-09-21 20:00,-51.93,-52.1,-51.8,12,1.0
2025-09-21 21:00,-52.23,-52.4,-52.1,12,1.0
2025-09-21 22:00,-52.53,-52.7,-52.4,12,1.0
2025-09-21 23:00,-52.83,-53.0,-52.6,12,1.0
2025-09-22 00:00,-53.15,-53.3,-53.0,12,1.0
2025-09-22 01:00,-53.44,-53.6,-53.3,12,1.0
2025-09-22 02:00,-53.78,-53.9,-53.6,12,1.0
2025-09-22 03:00,-54.02,-54.2,-53.9,12,1.0
2025-09-22 04:00,-54.31,-54.5,-54.2,12,1.0
2025-09-22 05:00,-54.55,-54.7,-54.4,12,1.0
2025-09-22 06:00,-54.71,-54.8,-54.6,12,1.0
2025-09-22 07:00,-54.88,-55.0,-54.7,12,1.0
2025-09-22 08:00,-55.02,-55.2,-54.9,12,1.0
2025-09-22 09:00,-55.15,-55.2,-55.1,12,1.0
2025-09-22 10:00,-55.2,-55.3,-55.1,12,1.0
2025-09-22 11:00,-55.35,-55.5,-55.2,12,1.0
2025-09-22 12:00,-55.66,-55.8,-55.5,12,1.0
2025-09-22 13:00,-55.96,-56.3,-55.6,12,1.0
2025-09-22 14:00,-56.52,-56.9,-56.1,12,1.0
2025-09-22 15:00,-57.47,-58.0,-57.0,12,1.0
2025-09-22 16:00,-58.8,-59.4,-58.1,12,1.0
2025-09-22 17:00,-59.95,-60.3,-59.6,12,1.0
2025-09-22 18:00,-60.39,-60.5,-60.2,12,1.0
2025-09-22 19:00,-60.67,-60.8,-60.6,12,1.0
2025-09-22 20:00,-60.87,-60.9,-60.8,12,1.0
2025-09-22 21:00,-61.07,-61.1,-61.0,12,1.0
2025-09-22 22:00,-61.25,-61.4,-61.1,12,1.0
2025-09-22 23:00,-61.49,-61.6,-61.4,12,1.0
2025-09-23 00:00,-61.66,-61.7,-61.6,12,1.0
2025-09-23 01:00,-61.83,-62.0,-61.7,12,1.0
2025-09-23 02:00,-62.0,-62.1,-61.9,12,1.0
2025-09-23 03:00,-62.2,-62.3,-62.1,12,1.0
2025-09-23 04:00,-62.42,-62.5,-62.3,12,1.0
2025-09-23 05:00,-62.62,-62.7,-62.5,12,1.0
2025-09-23 06:00,-62.77,-62.8,-62.7,12,1.0
2025-09-23 07:00,-62.93,-63.1,-62.8,12,1.0
2025-09-23 08:00,-63.15,-63.3,-63.1,12,1.0
2025-09-23 09:00,-63.31,-63.4,-63.2,12,1.0
2025-09-23 10:00,-63.43,-63.6,-63.3,12,1.0
2025-09-23 11:00,-63.67,-63.9,-63.5,12,1.0
2025-09-23 12:00,-64.0,-64.1,-63.9,12,1.0
2025-09-23 13:00,-64.21,-64.3,-64.1,12,1.0
2025-09-23 14:00,-64.18,-64.3,-64.0,12,1.0
2025-09-23 15:00,-63.48,-64.0,-62.8,12,1.0
2025-09-23 16:00,-61.76,-62.7,-60.6,12,1.0
2025-09-23 17:00,-58.63,-60.4,-56.6,12,1.0
2025-09-23 18:00,-54.07,-56.3,-52.0,12,1.0
2025-09-23 19:00,-49.51,-51.5,-47.5,12,1.0
2025-09-23 20:00,-45.28,-47.1,-43.5,12,1.0
2025-09-23 21:00,-41.53,-43.2,-39.9,12,1.0
2025-09-23 22:00,-37.99,-39.6,-36.4,12,1.0
2025-09-23 23:00,-34.88,-36.2,-33.5,12,1.0
2025-09-24 00:00,-31.04,-33.4,-26.5,12,1.0
2025-09-24 01:00,-9.25,-24.4,-0.3,12,1.0
2025-09-24 02:00,-0.3,-0.3,-0.3,12,1.0
2025-09-24 03:00,-0.3,-0.3,-0.3,12,1.0
2025-09-24 04:00,-0.24,-0.3,-0.2,12,1.0
2025-09-24 05:00,-0.22,-0.3,-0.2,12,1.0
2025-09-24 06:00,-0.3,-0.3,-0.3,12,1.0
2025-09-24 07:00,-0.3,-0.3,-0.3,12,1.0
2025-09-24 08:00,-0.3,-0.3,-0.3,12,1.0
2025-09-24 09:00,-0.3,-0.3,-0.3,12,1.0
2025-09-24 10:00,-0.3,-0.3,-0.3,12,1.0
2025-09-24 11:00,-0.3,-0.3,-0.3,12,1.0
2025-09-24 12:00,-0.3,-0.3,-0.3,12,1.0
2025-09-24 13:00,-0.29,-0.3,-0.2,12,1.0
2025-09-24 14:00,-0.13,-0.2,-0.1,12,1.0
2025-09-24 15:00,-0.1,-0.1,-0.1,12,1.0
2025-09-24 16:00,-0.1,-0.1,-0.1,12,1.0
2025-09-24 17:00,-0.1,-0.1,-0.1,12,1.0
2025-09-24 18:00,-0.18,-0.2,-0.1,12,1.0
2025-09-24 19:00,-0.2,-0.2,-0.2,12,1.0
2025-09-24 20:00,-0.2,-0.2,-0.2,12,1.0
2025-09-24 21:00,-0.2,-0.2,-0.2,12,1.0
2025-09-24 22:00,-0.2,-0.2,-0.2,12,1.0
2025-09-24 23:00,-0.2,-0.2,-0.2,12,1.0
2025-09-25 00:00,-0.2,-0.2,-0.2,12,1.0
2025-09-25 01:00,-0.2,-0.2,-0.2,12,1.0
2025-09-25 02:00,-0.21,-0.3,-0.2,12,1.0
2025-09-25 03:00,-0.3,-0.3,-0.3,12,1.0
2025-09-25 04:00,-0.3,-0.3,-0.3,12,1.0
2025-09-25 05:00,-0.3,-0.3,-0.3,12,1.0
2025-09-25 06:00,-0.3,-0.3,-0.3,12,1.0
2025-09-25 07:00,-0.3,-0.3,-0.3,12,1.0
2025-09-25 08:00,-0.3,-0.3,-0.3,12,1.0
2025-09-25 09:00,-0.38,-0.4,-0.3,12,1.0
2025-09-25 10:00,-0.4,-0.4,-0.4,12,1.0
2025-09-25 11:00,-0.4,-0.4,-0.4,12,1.0
2025-09-25 12:00,-0.5,-0.5,-0.5,12,1.0
2025-09-25 13:00,-0.57,-0.6,-0.5,12,1.0
2025-09-25 14:00,-0.7,-0.8,-0.6,12,1.0
2025-09-25 15:00,-0.87,-1.0,-0.8,12,1.0
2025-09-25 16:00,-1.11,-1.2,-1.0,12,1.0
2025-09-25 17:00,-1.35,-1.5,-1.2,12,1.0
2025-09-25 18:00,-1.62,-1.8,-1.5,12,1.0
2025-09-25 19:00,-1.93,-2.1,-1.8,12,1.0
2025-09-25 20:00,-2.26,-2.4,-2.1,12,1.0
2025-09-25 21:00,-2.62,-2.8,-2.5,12,1.0
2025-09-25 22:00,-3.02,-3.2,-2.8,12,1.0
2025-09-25 23:00,-3.46,-3.7,-3.3,12,1.0
2025-09-26 00:00,-3.89,-4.1,-3.7,12,1.0
2025-09-26 01:00,-4.35,-4.5,-4.2,12,1.0
2025-09-26 02:00,-4.77,-4.9,-4.6,12,1.0
2025-09-26 03:00,-5.08,-5.2,-5.0,12,1.0
2025-09-26 04:00,-5.26,-5.3,-5.2,12,1.0
2025-09-26 05:00,-5.44,-5.5,-5.4,12,1.0
2025-09-26 06:00,-5.58,-5.7,-5.5,12,1.0
2025-09-26 07:00,-5.7,-5.7,-5.7,12,1.0
2025-09-26 08:00,-5.77,-5.8,-5.7,12,1.0
2025-09-26 09:00,-5.83,-5.9,-5.8,12,1.0
2025-09-26 10:00,-6.12,-6.4,-5.9,12,1.0
2025-09-26 11:00,-6.81,-7.2,-6.5,12,1.0
2025-09-26 12:00,-7.87,-8.5,-7.3,12,1.0
2025-09-26 13:00,-9.44,-10.2,-8.6,12,1.0
2025-09-26 14:00,-10.57,-10.9,-10.2,12,1.0
2025-09-26 15:00,-11.38,-11.8,-11.0,12,1.0
2025-09-26 16:00,-12.23,-12.6,-11.9,12,1.0
2025-09-26 17:00,-12.84,-13.0,-12.6,12,1.0
2025-09-26 18:00,-13.26,-13.4,-13.1,12,1.0
2025-09-26 19:00,-13.53,-13.6,-13.4,12,1.0
2025-09-26 20:00,-13.74,-13.8,-13.6,12,1.0
2025-09-26 21:00,-13.93,-14.0,-13.8,12,1.0
2025-09-26 22:00,-14.08,-14.1,-14.0,12,1.0
2025-09-26 23:00,-14.19,-14.2,-14.1,12,1.0
2025-09-27 00:00,-14.31,-14.4,-14.3,12,1.0
2025-09-27 01:00,-14.4,-14.4,-14.4,12,1.0
2025-09-27 02:00,-14.48,-14.5,-14.4,12,1.0
2025-09-27 03:00,-14.57,-14.6,-14.5,12,1.0
2025-09-27 04:00,-14.65,-14.7,-14.6,12,1.0
2025-09-27 05:00,-14.73,-14.8,-14.7,12,1.0
2025-09-27 06:00,-14.83,-14.9,-14.8,12,1.0
2025-09-27 07:00,-14.9,-14.9,-14.9,12,1.0
2025-09-27 08:00,-14.9,-14.9,-14.9,12,1.0
2025-09-27 09:00,-14.94,-15.0,-14.9,12,1.0
2025-09-27 10:00,-15.03,-15.1,-15.0,12,1.0
2025-09-27 11:00,-15.21,-15.3,-15.1,12,1.0
2025-09-27 12:00,-15.45,-15.6,-15.3,12,1.0
2025-09-27 13:00,-15.81,-16.0,-15.6,12,1.0
2025-09-27 14:00,-16.28,-16.5,-16.1,12,1.0
2025-09-27 15:00,-16.87,-17.1,-16.6,12,1.0
2025-09-27 16:00,-17.38,-17.6,-17.1,12,1.0
2025-09-27 17:00,-17.93,-18.2,-17.7,12,1.0
2025-09-27 18:00,-18.39,-18.6,-18.2,12,1.0
2025-09-27 19:00,-18.8,-19.0,-18.6,12,1.0
2025-09-27 20:00,-19.12,-19.2,-19.0,12,1.0
2025-09-27 21:00,-19.38,-19.5,-19.2,12,1.0
2025-09-27 22:00,-19.62,-19.7,-19.5,12,1.0
2025-09-27 23:00,-19.84,-19.9,-19.7,12,1.0
2025-09-28 00:00,-20.03,-20.1,-19.9,12,1.0
2025-09-28 01:00,-20.22,-20.3,-20.1,12,1.0
2025-09-28 02:00,-20.37,-20.4,-20.3,12,1.0
2025-09-28 03:00,-20.53,-20.6,-20.5,12,1.0
2025-09-28 04:00,-20.66,-20.7,-20.6,12,1.0
2025-09-28 05:00,-20.82,-20.9,-20.7,12,1.0
2025-09-28 06:00,-20.95,-21.0,-20.9,12,1.0
2025-09-28 07:00,-21.08,-21.1,-21.0,12,1.0
2025-09-28 08:00,-21.18,-21.2,-21.1,12,1.0
2025-09-28 09:00,-21.14,-21.2,-21.1,12,1.0
2025-09-28 10:00,-21.01,-21.1,-21.0,12,1.0
2025-09-28 11:00,-21.0,-21.0,-21.0,12,1.0
2025-09-28 12:00,-20.92,-21.0,-20.9,12,1.0
2025-09-28 13:00,-21.0,-21.1,-20.9,12,1.0
2025-09-28 14:00,-21.11,-21.2,-21.1,12,1.0
2025-09-28 15:00,-21.34,-21.5,-21.2,12,1.0
2025-09-28 16:00,-21.78,-22.0,-21.6,12,1.0
2025-09-28 17:00,-22.28,-22.5,-22.0,12,1.0
2025-09-28 18:00,-22.68,-22.8,-22.5,12,1.0
2025-09-28 19:00,-23.03,-23.2,-22.9,12,1.0
2025-09-28 20:00,-23.34,-23.5,-23.2,12,1.0
2025-09-28 21:00,-23.61,-23.7,-23.5,12,1.0
2025-09-28 22:00,-23.88,-24.0,-23.7,12,1.0
2025-09-28 23:00,-24.09,-24.2,-24.0,12,1.0
2025-09-29 00:00,-24.34,-24.5,-24.2,12,1.0
2025-09-29 01:00,-24.56,-24.6,-24.5,12,1.0
2025-09-29 02:00,-24.75,-24.8,-24.7,12,1.0
2025-09-29 03:00,-24.95,-25.0,-24.8,12,1.0
2025-09-29 04:00,-25.12,-25.2,-25.0,12,1.0
2025-09-29 05:00,-25.26,-25.3,-25.2,12,1.0
2025-09-29 06:00,-25.43,-25.5,-25.4,12,1.0
2025-09-29 07:00,-25.55,-25.6,-25.5,12,1.0
2025-09-29 08:00,-25.67,-25.7,-25.6,12,1.0
2025-09-29 09:00,-25.7,-25.7,-25.7,12,1.0
2025-09-29 10:00,-25.61,-25.7,-25.6,12,1.0
2025-09-29 11:00,-25.51,-25.6,-25.4,12,1.0
2025-09-29 12:00,-25.35,-25.4,-25.3,12,1.0
2025-09-29 13:00,-25.25,-25.3,-25.1,12,1.0
2025-09-29 14:00,-25.1,-25.1,-25.1,12,1.0
2025-09-29 15:00,-25.13,-25.2,-25.1,12,1.0
2025-09-29 16:00,-25.48,-25.7,-25.2,12,1.0
2025-09-29 17:00,-25.91,-26.1,-25.7,12,1.0
2025-09-29 18:00,-26.33,-26.5,-26.2,12,1.0
2025-09-29 19:00,-26.67,-26.8,-26.5,12,1.0
2025-09-29 20:00,-26.97,-27.1,-26.8,12,1.0
2025-09-29 21:00,-27.22,-27.3,-27.1,12,1.0
2025-09-29 22:00,-27.52,-27.6,-27.4,12,1.0
2025-09-29 23:00,-27.74,-27.9,-27.6,12,1.0
2025-09-30 00:00,-27.95,-28.1,-27.8,12,1.0
2025-09-30 01:00,-28.18,-28.3,-28.1,12,1.0
2025-09-30 02:00,-28.4,-28.5,-28.3,12,1.0
2025-09-30 03:00,-28.61,-28.7,-28.5,12,1.0
2025-09-30 04:00,-28.82,-28.9,-28.7,12,1.0
2025-09-30 05:00,-28.96,-29.1,-28.9,12,1.0
2025-09-30 06:00,-29.12,-29.2,-29.0,12,1.0
2025-09-30 07:00,-29.29,-29.4,-29.2,12,1.0
2025-09-30 08:00,-29.42,-29.5,-29.4,12,1.0
2025-09-30 09:00,-29.48,-29.5,-29.4,12,1.0
2025-09-30 10:00,-29.33,-29.4,-29.3,12,1.0
2025-09-30 11:00,-29.19,-29.3,-29.1,12,1.0
2025-09-30 12:00,-29.02,-29.1,-29.0,12,1.0
2025-09-30 13:00,-29.05,-29.1,-29.0,12,1.0
2025-09-30 14:00,-29.02,-29.1,-29.0,12,1.0
2025-09-30 15:00,-29.12,-29.3,-29.0,12,1.0
2025-09-30 16:00,-29.48,-29.6,-29.3,12,1.0
2025-09-30 17:00,-29.82,-30.0,-29.7,12,1.0
2025-09-30 18:00,-30.17,-30.3,-30.0,12,1.0
2025-09-30 19:00,-30.49,-30.6,-30.3,12,1.0
2025-09-30 20:00,-30.75,-30.8,-30.6,12,1.0
2025-09-30 21:00,-30.98,-31.1,-30.8,12,1.0
2025-09-30 22:00,-31.24,-31.4,-31.1,12,1.0
2025-09-30 23:00,-31.48,-31.6,-31.4,12,1.0
2025-10-01 00:00,-31.69,-31.8,-31.6,12,1.0
2025-10-01 01:00,-31.89,-32.0,-31.8,12,1.0
2025-10-01 02:00,-32.13,-32.2,-32.0,12,1.0
2025-10-01 03:00,-32.32,-32.4,-32.2,12,1.0
2025-10-01 04:00,-32.52,-32.6,-32.4,12,1.0
2025-10-01 05:00,-32.73,-32.8,-32.6,12,1.0
2025-10-01 06:00,-32.88,-33.0,-32.8,12,1.0
2025-10-01 07:00,-33.04,-33.1,-32.9,12,1.0
2025-10-01 08:00,-33.18,-33.3,-33.1,12,1.0
2025-10-01 09:00,-33.25,-33.3,-33.2,12,1.0
2025-10-01 10:00,-33.1,-33.2,-33.0,12,1.0
2025-10-01 11:00,-33.02,-33.1,-33.0,12,1.0
2025-10-01 12:00,-32.88,-33.0,-32.8,12,1.0
2025-10-01 13:00,-32.82,-32.9,-32.8,12,1.0
2025-10-01 14:00,-32.95,-33.1,-32.8,12,1.0
2025-10-01 15:00,-33.18,-33.3,-33.1,12,1.0
2025-10-01 16:00,-33.42,-33.6,-33.3,12,1.0
2025-10-01 17:00,-33.73,-33.9,-33.6,12,1.0
2025-10-01 18:00,-34.06,-34.2,-33.9,12,1.0
2025-10-01 19:00,-34.3,-34.4,-34.2,12,1.0
2025-10-01 20:00,-34.45,-34.5,-34.4,12,1.0
2025-10-01 21:00,-34.45,-34.5,-34.4,12,1.0
2025-10-01 22:00,-34.28,-34.4,-34.2,12,1.0
2025-10-01 23:00,-34.06,-34.2,-33.9,12,1.0
2025-10-02 00:00,-33.81,-33.9,-33.7,12,1.0
2025-10-02 01:00,-33.62,-33.8,-33.5,12,1.0
2025-10-02 02:00,-33.43,-33.5,-33.4,12,1.0
2025-10-02 03:00,-33.32,-33.4,-33.2,12,1.0
2025-10-02 04:00,-33.05,-33.2,-32.9,12,1.0
2025-10-02 05:00,-32.62,-32.8,-32.4,12,1.0
2025-10-02 06:00,-32.12,-32.4,-31.9,12,1.0
2025-10-02 07:00,-31.62,-31.9,-31.4,12,1.0
2025-10-02 08:00,-31.23,-31.4,-31.1,12,1.0
2025-10-02 09:00,-30.86,-31.0,-30.7,12,1.0
2025-10-02 10:00,-30.53,-30.7,-30.4,12,1.0
2025-10-02 11:00,-30.22,-30.3,-30.1,12,1.0
2025-10-02 12:00,-30.0,-30.1,-29.9,12,1.0
2025-10-02 13:00,-29.82,-29.9,-29.8,12,1.0
2025-10-02 14:00,-29.83,-29.9,-29.8,12,1.0
2025-10-02 15:00,-30.06,-30.2,-29.9,12,1.0
2025-10-02 16:00,-30.58,-30.8,-30.3,12,1.0
2025-10-02 17:00,-31.12,-31.4,-30.9,12,1.0
2025-10-02 18:00,-31.56,-31.7,-31.4,12,1.0
2025-10-02 19:00,-31.89,-32.1,-31.7,12,1.0
2025-10-02 20:00,-32.2,-32.3,-32.1,12,1.0
2025-10-02 21:00,-32.5,-32.6,-32.3,12,1.0
2025-10-02 22:00,-32.73,-32.9,-32.6,12,1.0
2025-10-02 23:00,-33.0,-33.1,-32.8,12,1.0
2025-10-03 00:00,-33.18,-33.3,-33.1,12,1.0
2025-10-03 01:00,-33.35,-33.4,-33.3,12,1.0
2025-10-03 02:00,-33.54,-33.6,-33.5,12,1.0
2025-10-03 03:00,-33.71,-33.8,-33.6,12,1.0
2025-10-03 04:00,-33.84,-33.9,-33.8,12,1.0
2025-10-03 05:00,-33.99,-34.1,-33.9,12,1.0
2025-10-03 06:00,-34.12,-34.2,-34.0,12,1.0
2025-10-03 07:00,-34.27,-34.3,-34.2,12,1.0
2025-10-03 08:00,-34.4,-34.5,-34.3,12,1.0
2025-10-03 09:00,-34.4,-34.4,-34.4,12,1.0
2025-10-03 10:00,-34.35,-34.4,-34.3,12,1.0
2025-10-03 11:00,-34.28,-34.3,-34.2,12,1.0
2025-10-03 12:00,-34.18,-34.3,-34.1,12,1.0
2025-10-03 13:00,-34.0,-34.1,-33.9,12,1.0
2025-10-03 14:00,-33.93,-34.0,-33.9,12,1.0
2025-10-03 15:00,-33.99,-34.1,-33.9,12,1.0
2025-10-03 16:00,-34.31,-34.5,-34.1,12,1.0
2025-10-03 17:00,-34.69,-34.8,-34.5,12,1.0
2025-10-03 18:00,-34.98,-35.1,-34.8,12,1.0
2025-10-03 19:00,-35.22,-35.3,-35.1,12,1.0
2025-10-03 20:00,-35.45,-35.6,-35.3,12,1.0
2025-10-03 21:00,-35.66,-35.7,-35.6,12,1.0
2025-10-03 22:00,-35.86,-36.0,-35.7,12,1.0
2025-10-03 23:00,-36.12,-36.2,-36.0,12,1.0
2025-10-04 00:00,-36.42,-36.5,-36.3,12,1.0
2025-10-04 01:00,-36.67,-36.8,-36.5,12,1.0
2025-10-04 02:00,-36.87,-37.0,-36.8,12,1.0
2025-10-04 03:00,-37.09,-37.2,-37.0,12,1.0
2025-10-04 04:00,-37.3,-37.4,-37.2,12,1.0
2025-10-04 05:00,-37.52,-37.6,-37.4,12,1.0
2025-10-04 06:00,-37.67,-37.7,-37.6,12,1.0
2025-10-04 07:00,-37.82,-37.9,-37.7,12,1.0
2025-10-04 08:00,-38.02,-38.2,-37.9,12,1.0
2025-10-04 09:00,-38.17,-38.2,-38.1,12,1.0
2025-10-04 10:00,-38.13,-38.2,-38.1,12,1.0
2025-10-04 11:00,-38.1,-38.2,-38.0,12,1.0
2025-10-04 12:00,-38.04,-38.1,-38.0,12,1.0
2025-10-04 13:00,-37.82,-37.9,-37.7,12,1.0
2025-10-04 14:00,-37.74,-37.8,-37.7,12,1.0
2025-10-04 15:00,-37.78,-37.9,-37.7,12,1.0
2025-10-04 16:00,-38.0,-38.2,-37.8,12,1.0
2025-10-04 17:00,-38.42,-38.6,-38.2,12,1.0
2025-10-04 18:00,-38.83,-39.0,-38.7,12,1.0
2025-10-04 19:00,-39.06,-39.2,-38.9,12,1.0
2025-10-04 20:00,-39.28,-39.4,-39.2,12,1.0
2025-10-04 21:00,-39.58,-39.7,-39.4,12,1.0
2025-10-04 22:00,-39.88,-40.0,-39.7,12,1.0
2025-10-04 23:00,-40.17,-40.3,-40.1,12,1.0
2025-10-05 00:00,-40.35,-40.4,-40.3,12,1.0
2025-10-05 01:00,-40.58,-40.7,-40.4,12,1.0
2025-10-05 02:00,-40.8,-40.9,-40.7,12,1.0
2025-10-05 03:00,-41.02,-41.1,-40.9,12,1.0
2025-10-05 04:00,-41.27,-41.4,-41.2,12,1.0
2025-10-05 05:00,-41.52,-41.7,-41.4,12,1.0
2025-10-05 06:00,-41.75,-41.9,-41.6,12,1.0
2025-10-05 07:00,-42.01,-42.1,-41.9,12,1.0
2025-10-05 08:00,-42.27,-42.4,-42.1,12,1.0
2025-10-05 09:00,-42.07,-42.5,-41.0,12,1.0
2025-10-05 10:00,-33.81,-40.5,-25.6,12,1.0
2025-10-05 11:00,-18.05,-24.0,-13.7,12,1.0
2025-10-05 12:00,-11.34,-13.2,-9.9,12,1.0
2025-10-05 13:00,-4.43,-9.1,-1.0,12,1.0
2025-10-05 14:00,-0.74,-0.9,-0.7,12,1.0
2025-10-05 15:00,-0.7,-0.7,-0.7,12,1.0
2025-10-05 16:00,-0.63,-0.7,-0.6,12,1.0
2025-10-05 17:00,-0.6,-0.6,-0.6,12,1.0
2025-10-05 18:00,-0.6,-0.6,-0.6,12,1.0
2025-10-05 19:00,-0.62,-0.7,-0.6,12,1.0
2025-10-05 20:00,-0.7,-0.7,-0.7,12,1.0
2025-10-05 21:00,-0.7,-0.7,-0.7,12,1.0
2025-10-05 22:00,-0.78,-0.8,-0.7,12,1.0
2025-10-05 23:00,-0.82,-0.9,-0.8,12,1.0
2025-10-06 00:00,-0.9,-0.9,-0.9,12,1.0
2025-10-06 01:00,-0.97,-1.0,-0.9,12,1.0
2025-10-06 02:00,-1.06,-1.1,-1.0,12,1.0
2025-10-06 03:00,-1.14,-1.2,-1.1,12,1.0
2025-10-06 04:00,-1.25,-1.3,-1.2,12,1.0
2025-10-06 05:00,-1.36,-1.4,-1.3,12,1.0
2025-10-06 06:00,-1.48,-1.5,-1.4,12,1.0
2025-10-06 07:00,-1.62,-1.7,-1.6,12,1.0
2025-10-06 08:00,-1.76,-1.8,-1.7,12,1.0
2025-10-06 09:00,-1.92,-2.0,-1.9,12,1.0
2025-10-06 10:00,-2.17,-2.3,-2.0,12,1.0
2025-10-06 11:00,-2.59,-2.9,-2.4,12,1.0
2025-10-06 12:00,-3.39,-3.9,-3.0,12,1.0
2025-10-06 13:00,-4.93,-5.6,-4.1,12,1.0
2025-10-06 14:00,-6.42,-7.3,-5.7,12,1.0
2025-10-06 15:00,-8.55,-9.8,-7.4,12,1.0
2025-10-06 16:00,-10.46,-10.9,-10.0,12,1.0
2025-10-06 17:00,-11.26,-11.5,-11.0,12,1.0
2025-10-06 18:00,-11.76,-11.9,-11.6,12,1.0
2025-10-06 19:00,-12.12,-12.2,-12.0,12,1.0
2025-10-06 20:00,-12.38,-12.5,-12.3,12,1.0
2025-10-06 21:00,-12.62,-12.7,-12.5,12,1.0
2025-10-06 22:00,-12.84,-12.9,-12.7,12,1.0
2025-10-06 23:00,-13.02,-13.1,-12.9,12,1.0
2025-10-07 00:00,-13.18,-13.3,-13.1,12,1.0
2025-10-07 01:00,-13.35,-13.4,-13.3,12,1.0
2025-10-07 02:00,-13.52,-13.6,-13.4,12,1.0
2025-10-07 03:00,-13.65,-13.7,-13.6,12,1.0
2025-10-07 04:00,-13.8,-13.9,-13.7,12,1.0
2025-10-07 05:00,-13.96,-14.0,-13.9,12,1.0
2025-10-07 06:00,-14.1,-14.2,-14.0,12,1.0
2025-10-07 07:00,-14.24,-14.3,-14.2,12,1.0
2025-10-07 08:00,-14.36,-14.4,-14.3,12,1.0
2025-10-07 09:00,-14.4,-14.4,-14.4,12,1.0
2025-10-07 10:00,-14.41,-14.5,-14.4,12,1.0
2025-10-07 11:00,-14.59,-14.7,-14.5,12,1.0
2025-10-07 12:00,-14.99,-15.2,-14.8,12,1.0
2025-10-07 13:00,-15.42,-15.7,-15.2,12,1.0
2025-10-07 14:00,-16.01,-16.3,-15.7,12,1.0
2025-10-07 15:00,-16.69,-17.0,-16.3,12,1.0
2025-10-07 16:00,-17.51,-17.9,-17.1,12,1.0
2025-10-07 17:00,-18.36,-18.7,-18.0,12,1.0
2025-10-07 18:00,-19.02,-19.3,-18.8,12,1.0
2025-10-07 19:00,-19.53,-19.7,-19.3,12,1.0
2025-10-07 20:00,-19.97,-20.2,-19.8,12,1.0
2025-10-07 21:00,-20.34,-20.5,-20.2,12,1.0
2025-10-07 22:00,-20.68,-20.8,-20.5,12,1.0
2025-10-07 23:00,-20.99,-21.1,-20.8,12,1.0
2025-10-08 00:00,-21.28,-21.4,-21.1,12,1.0
2025-10-08 01:00,-21.57,-21.7,-21.4,12,1.0
2025-10-08 02:00,-21.83,-22.0,-21.7,12,1.0
2025-10-08 03:00,-22.07,-22.2,-22.0,12,1.0
2025-10-08 04:00,-22.28,-22.4,-22.2,12,1.0
2025-10-08 05:00,-22.49,-22.6,-22.4,12,1.0
2025-10-08 06:00,-22.68,-22.8,-22.6,12,1.0
2025-10-08 07:00,-22.86,-22.9,-22.8,12,1.0
2025-10-08 08:00,-23.03,-23.1,-22.9,12,1.0
2025-10-08 09:00,-23.11,-23.2,-23.1,12,1.0
2025-10-08 10:00,-23.11,-23.2,-23.1,12,1.0
2025-10-08 11:00,-23.12,-23.2,-23.1,12,1.0
2025-10-08 12:00,-23.22,-23.3,-23.1,12,1.0
2025-10-08 13:00,-23.41,-23.5,-23.4,12,1.0
2025-10-08 14:00,-23.61,-23.8,-23.5,12,1.0
2025-10-08 15:00,-24.08,-24.3,-23.9,12,1.0
2025-10-08 16:00,-24.41,-24.6,-24.3,12,1.0
2025-10-08 17:00,-24.81,-25.0,-24.6,12,1.0
2025-10-08 18:00,-25.2,-25.4,-25.0,12,1.0
2025-10-08 19:00,-25.54,-25.7,-25.4,12,1.0
2025-10-08 20:00,-25.86,-26.0,-25.7,12,1.0
2025-10-08 21:00,-26.12,-26.2,-26.0,12,1.0
2025-10-08 22:00,-26.43,-26.6,-26.3,12,1.0
2025-10-08 23:00,-26.68,-26.8,-26.6,12,1.0
2025-10-09 00:00,-26.92,-27.0,-26.8,12,1.0
2025-10-09 01:00,-27.15,-27.3,-27.1,12,1.0
2025-10-09 02:00,-27.42,-27.5,-27.3,12,1.0
2025-10-09 03:00,-27.63,-27.7,-27.5,12,1.0
2025-10-09 04:00,-27.83,-27.9,-27.8,12,1.0
2025-10-09 05:00,-28.03,-28.1,-27.9,12,1.0
2025-10-09 06:00,-28.23,-28.3,-28.1,12,1.0
2025-10-09 07:00,-28.38,-28.5,-28.3,12,1.0
2025-10-09 08:00,-28.58,-28.7,-28.5,12,1.0
2025-10-09 09:00,-28.72,-28.8,-28.7,12,1.0
2025-10-09 10:00,-28.7,-28.7,-28.7,12,1.0
2025-10-09 11:00,-28.72,-28.8,-28.7,12,1.0
2025-10-09 12:00,-28.78,-28.8,-28.7,12,1.0
2025-10-09 13:00,-28.63,-28.7,-28.6,12,1.0
2025-10-09 14:00,-28.62,-28.7,-28.6,12,1.0
2025-10-09 15:00,-28.75,-28.9,-28.7,12,1.0
2025-10-09 16:00,-29.08,-29.3,-28.9,12,1.0
2025-10-09 17:00,-29.57,-29.8,-29.4,12,1.0
2025-10-09 18:00,-29.97,-30.1,-29.8,12,1.0
2025-10-09 19:00,-30.3,-30.4,-30.1,12,1.0
2025-10-09 20:00,-30.6,-30.7,-30.5,12,1.0
2025-10-09 21:00,-30.91,-31.1,-30.8,12,1.0
2025-10-09 22:00,-31.22,-31.3,-31.1,12,1.0
2025-10-09 23:00,-31.48,-31.6,-31.4,12,1.0
2025-10-10 00:00,-31.72,-31.8,-31.6,12,1.0
2025-10-10 01:00,-31.99,-32.1,-31.9,12,1.0
2025-10-10 02:00,-32.22,-32.3,-32.1,12,1.0
2025-10-10 03:00,-32.42,-32.6,-32.3,12,1.0
2025-10-10 04:00,-32.65,-32.8,-32.5,12,1.0
2025-10-10 05:00,-32.86,-33.0,-32.8,12,1.0
2025-10-10 06:00,-33.06,-33.1,-33.0,12,1.0
2025-10-10 07:00,-33.24,-33.3,-33.2,12,1.0
2025-10-10 08:00,-33.44,-33.5,-33.3,12,1.0
2025-10-10 09:00,-33.58,-33.7,-33.5,12,1.0
2025-10-10 10:00,-33.78,-33.8,-33.7,12,1.0
2025-10-10 11:00,-33.79,-33.8,-33.7,12,1.0
2025-10-10 12:00,-33.78,-33.9,-33.7,12,1.0
2025-10-10 13:00,-33.71,-33.8,-33.6,12,1.0
2025-10-10 14:00,-33.83,-33.9,-33.8,12,1.0
2025-10-10 15:00,-33.95,-34.0,-33.9,12,1.0
2025-10-10 16:00,-34.18,-34.4,-34.0,12,1.0
2025-10-10 17:00,-34.59,-34.8,-34.4,12,1.0
2025-10-10 18:00,-35.01,-35.2,-34.8,12,1.0
2025-10-10 19:00,-35.35,-35.5,-35.2,12,1.0
2025-10-10 20:00,-35.67,-35.8,-35.5,12,1.0
2025-10-10 21:00,-35.92,-36.1,-35.8,12,1.0
2025-10-10 22:00,-36.16,-36.3,-36.1,12,1.0
2025-10-10 23:00,-36.42,-36.6,-36.3,12,1.0
2025-10-11 00:00,-36.66,-36.8,-36.5,12,1.0
2025-10-11 01:00,-36.88,-37.0,-36.8,12,1.0
2025-10-11 02:00,-37.18,-37.3,-37.0,12,1.0
2025-10-11 03:00,-37.45,-37.6,-37.3,12,1.0
2025-10-11 04:00,-37.68,-37.8,-37.6,12,1.0
2025-10-11 05:00,-37.91,-38.0,-37.8,12,1.0
2025-10-11 06:00,-38.14,-38.3,-38.0,12,1.0
2025-10-11 07:00,-38.36,-38.5,-38.2,12,1.0
2025-10-11 08:00,-38.59,-38.7,-38.5,12,1.0
2025-10-11 09:00,-38.82,-38.9,-38.7,12,1.0
2025-10-11 10:00,-38.9,-38.9,-38.9,12,1.0
2025-10-11 11:00,-38.94,-39.0,-38.9,12,1.0
2025-10-11 12:00,-39.04,-39.1,-39.0,12,1.0
2025-10-11 13:00,-39.02,-39.1,-39.0,12,1.0
2025-10-11 14:00,-38.99,-39.0,-38.9,12,1.0
2025-10-11 15:00,-39.13,-39.3,-39.0,12,1.0
2025-10-11 16:00,-39.45,-39.7,-39.3,12,1.0
2025-10-11 17:00,-39.97,-40.2,-39.7,12,1.0
2025-10-11 18:00,-40.35,-40.5,-40.2,12,1.0
2025-10-11 19:00,-40.63,-40.8,-40.5,12,1.0
2025-10-11 20:00,-40.82,-40.9,-40.7,12,1.0
2025-10-11 21:00,-41.07,-41.2,-40.9,12,1.0
2025-10-11 22:00,-41.35,-41.5,-41.2,12,1.0
2025-10-11 23:00,-41.59,-41.7,-41.4,12,1.0
2025-10-12 00:00,-41.86,-42.0,-41.8,12,1.0
2025-10-12 01:00,-42.09,-42.2,-42.0,12,1.0
2025-10-12 02:00,-42.38,-42.5,-42.2,12,1.0
2025-10-12 03:00,-42.67,-42.8,-42.6,12,1.0
2025-10-12 04:00,-42.88,-43.0,-42.8,12,1.0
2025-10-12 05:00,-43.08,-43.2,-43.0,12,1.0
2025-10-12 06:00,-43.32,-43.5,-43.2,12,1.0
2025-10-12 07:00,-43.53,-43.7,-43.4,12,1.0
2025-10-12 08:00,-43.79,-43.9,-43.7,12,1.0
2025-10-12 09:00,-44.02,-44.2,-43.9,12,1.0
2025-10-12 10:00,-44.2,-44.3,-44.1,12,1.0
2025-10-12 11:00,-44.4,-44.5,-44.3,12,1.0
2025-10-12 12:00,-44.68,-44.8,-44.5,12,1.0
2025-10-12 13:00,-44.98,-45.2,-44.8,12,1.0
2025-10-12 14:00,-45.42,-45.6,-45.2,12,1.0
2025-10-12 15:00,-45.75,-45.9,-45.6,12,1.0
2025-10-12 16:00,-46.12,-46.3,-46.0,12,1.0
2025-10-12 17:00,-46.51,-46.7,-46.3,12,1.0
2025-10-12 18:00,-46.85,-47.0,-46.7,12,1.0
2025-10-12 19:00,-47.14,-47.3,-47.0,12,1.0
2025-10-12 20:00,-47.38,-47.5,-47.3,12,1.0
2025-10-12 21:00,-47.57,-47.7,-47.5,12,1.0
2025-10-12 22:00,-47.78,-47.9,-47.7,12,1.0
2025-10-12 23:00,-48.03,-48.2,-47.9,12,1.0
2025-10-13 00:00,-48.3,-48.4,-48.2,12,1.0
2025-10-13 01:00,-48.52,-48.7,-48.4,12,1.0
2025-10-13 02:00,-48.75,-48.9,-48.6,12,1.0
2025-10-13 03:00,-48.97,-49.2,-48.8,12,1.0
2025-10-13 04:00,-49.22,-49.3,-49.1,12,1.0
2025-10-13 05:00,-49.41,-49.5,-49.3,12,1.0
2025-10-13 06:00,-49.67,-49.8,-49.5,12,1.0
2025-10-13 07:00,-49.9,-50.1,-49.8,12,1.0
2025-10-13 08:00,-50.19,-50.4,-50.0,12,1.0
2025-10-13 09:00,-50.51,-50.6,-50.4,12,1.0
2025-10-13 10:00,-50.68,-50.8,-50.6,12,1.0
2025-10-13 11:00,-50.98,-51.1,-50.9,12,1.0
2025-10-13 12:00,-51.32,-51.5,-51.1,12,1.0
2025-10-13 13:00,-51.7,-51.8,-51.6,12,1.0
2025-10-13 14:00,-51.91,-52.1,-51.8,12,1.0
2025-10-13 15:00,-52.31,-52.5,-52.1,12,1.0
2025-10-13 16:00,-52.88,-53.2,-52.5,12,1.0
2025-10-13 17:00,-53.56,-53.8,-53.3,12,1.0
2025-10-13 18:00,-53.95,-54.1,-53.8,12,1.0
2025-10-13 19:00,-54.22,-54.4,-54.1,12,1.0
2025-10-13 20:00,-54.42,-54.6,-54.3,12,1.0
2025-10-13 21:00,-54.62,-54.7,-54.5,12,1.0
2025-10-13 22:00,-54.78,-54.9,-54.7,12,1.0
2025-10-13 23:00,-54.99,-55.1,-54.8,12,1.0
2025-10-14 00:00,-55.2,-55.3,-55.1,12,1.0
2025-10-14 01:00,-55.46,-55.6,-55.3,12,1.0
2025-10-14 02:00,-55.68,-55.8,-55.5,12,1.0
2025-10-14 03:00,-55.95,-56.0,-55.8,12,1.0
2025-10-14 04:00,-56.1,-56.3,-56.0,12,1.0
2025-10-14 05:00,-56.32,-56.5,-56.2,12,1.0
2025-10-14 06:00,-56.52,-56.6,-56.4,12,1.0
2025-10-14 07:00,-56.74,-56.8,-56.6,12,1.0
2025-10-14 08:00,-56.94,-57.1,-56.8,12,1.0
2025-10-14 09:00,-57.21,-57.4,-57.1,12,1.0
2025-10-14 10:00,-57.53,-57.7,-57.4,12,1.0
2025-10-14 11:00,-57.95,-58.2,-57.6,12,1.0
2025-10-14 12:00,-58.55,-58.8,-58.2,12,1.0
2025-10-14 13:00,-59.02,-59.3,-58.8,12,1.0
2025-10-14 14:00,-59.65,-60.0,-59.4,12,1.0
2025-10-14 15:00,-60.22,-60.5,-60.0,12,1.0
2025-10-14 16:00,-60.8,-61.1,-60.6,12,1.0
2025-10-14 17:00,-61.35,-61.6,-61.1,12,1.0
2025-10-14 18:00,-61.72,-61.8,-61.6,12,1.0
2025-10-14 19:00,-61.9,-62.0,-61.8,12,1.0
2025-10-14 20:00,-62.02,-62.1,-61.9,12,1.0
2025-10-14 21:00,-62.16,-62.2,-62.1,12,1.0
2025-10-14 22:00,-62.3,-62.4,-62.2,12,1.0
2025-10-14 23:00,-62.45,-62.5,-62.4,12,1.0
2025-10-15 00:00,-62.6,-62.7,-62.5,12,1.0
2025-10-15 01:00,-62.73,-62.8,-62.7,12,1.0
2025-10-15 02:00,-62.86,-63.0,-62.8,12,1.0
2025-10-15 03:00,-63.05,-63.2,-62.9,12,1.0
2025-10-15 04:00,-63.25,-63.4,-63.2,12,1.0
2025-10-15 05:00,-63.44,-63.5,-63.3,12,1.0
2025-10-15 06:00,-63.68,-63.8,-63.6,12,1.0
2025-10-15 07:00,-63.89,-64.0,-63.8,12,1.0
2025-10-15 08:00,-64.12,-64.3,-64.0,12,1.0
2025-10-15 09:00,-64.42,-64.5,-64.3,12,1.0
2025-10-15 10:00,-64.68,-64.9,-64.6,12,1.0
2025-10-15 11:00,-64.98,-65.1,-64.8,12,1.0
2025-10-15 12:00,-65.33,-65.5,-65.2,12,1.0
2025-10-15 13:00,-65.65,-65.8,-65.5,12,1.0
2025-10-15 14:00,-66.05,-66.2,-65.9,12,1.0
2025-10-15 15:00,-66.41,-66.5,-66.3,12,1.0
2025-10-15 16:00,-66.71,-66.8,-66.6,12,1.0
2025-10-15 17:00,-66.96,-67.0,-66.9,12,1.0
2025-10-15 18:00,-67.12,-67.2,-67.0,12,1.0
2025-10-15 19:00,-67.32,-67.4,-67.2,12,1.0
2025-10-15 20:00,-67.43,-67.5,-67.4,12,1.0
2025-10-15 21:00,-67.55,-67.6,-67.5,12,1.0
2025-10-15 22:00,-67.6,-67.6,-67.6,12,1.0
2025-10-15 23:00,-67.69,-67.8,-67.6,12,1.0
2025-10-16 00:00,-67.76,-67.8,-67.7,12,1.0
2025-10-16 01:00,-67.86,-68.0,-67.8,12,1.0
2025-10-16 02:00,-67.99,-68.1,-67.9,12,1.0
2025-10-16 03:00,-68.02,-68.1,-68.0,12,1.0
2025-10-16 04:00,-68.01,-68.1,-68.0,12,1.0
2025-10-16 05:00,-67.94,-68.0,-67.9,12,1.0
2025-10-16 06:00,-67.83,-67.9,-67.7,12,1.0
2025-10-16 07:00,-67.53,-67.7,-67.2,12,1.0
2025-10-16 08:00,-62.06,-67.0,-48.2,12,1.0
2025-10-16 09:00,-23.35,-43.0,-11.5,12,1.0
2025-10-16 10:00,-5.03,-10.6,-1.6,12,1.0
2025-10-16 11:00,-1.21,-1.5,-1.1,12,1.0
2025-10-16 12:00,-0.76,-1.1,-0.6,12,1.0
2025-10-16 13:00,-0.58,-0.6,-0.5,12,1.0
2025-10-16 14:00,-0.47,-0.5,-0.4,12,1.0
2025-10-16 15:00,-0.27,-0.3,-0.2,12,1.0
2025-10-16 16:00,-0.2,-0.2,-0.2,12,1.0
2025-10-16 17:00,-0.2,-0.2,-0.2,12,1.0
2025-10-16 18:00,-0.2,-0.2,-0.2,12,1.0
2025-10-16 19:00,-0.2,-0.2,-0.2,12,1.0
2025-10-16 20:00,-0.2,-0.2,-0.2,12,1.0
2025-10-16 21:00,-0.2,-0.2,-0.2,12,1.0
2025-10-16 22:00,-0.2,-0.2,-0.2,12,1.0
2025-10-16 23:00,-0.2,-0.2,-0.2,12,1.0
2025-10-17 00:00,-0.2,-0.2,-0.2,12,1.0
2025-10-17 01:00,-0.2,-0.2,-0.2,12,1.0
2025-10-17 02:00,-0.2,-0.2,-0.2,12,1.0
2025-10-17 03:00,-0.2,-0.2,-0.2,12,1.0
2025-10-17 04:00,-0.2,-0.2,-0.2,12,1.0
2025-10-17 05:00,-0.2,-0.2,-0.2,12,1.0
2025-10-17 06:00,-0.2,-0.2,-0.2,12,1.0
2025-10-17 07:00,-0.2,-0.2,-0.2,12,1.0
2025-10-17 08:00,-0.2,-0.2,-0.2,12,1.0
2025-10-17 09:00,-0.2,-0.2,-0.2,12,1.0
2025-10-17 10:00,-0.2,-0.2,-0.2,12,1.0
2025-10-17 11:00,-0.2,-0.2,-0.2,12,1.0
2025-10-17 12:00,-0.2,-0.2,-0.2,12,1.0
2025-10-17 13:00,-0.2,-0.2,-0.2,12,1.0
2025-10-17 14:00,-0.22,-0.3,-0.2,12,1.0
2025-10-17 15:00,-0.3,-0.3,-0.3,12,1.0
2025-10-17 16:00,-0.3,-0.3,-0.3,12,1.0
2025-10-17 17:00,-0.31,-0.4,-0.3,12,1.0
2025-10-17 18:00,-0.4,-0.4,-0.4,12,1.0
2025-10-17 19:00,-0.4,-0.4,-0.4,12,1.0
2025-10-17 20:00,-0.35,-0.4,-0.3,12,1.0
2025-10-17 21:00,-0.3,-0.3,-0.3,12,1.0
2025-10-17 22:00,-0.38,-0.4,-0.3,12,1.0
2025-10-17 23:00,-0.4,-0.4,-0.4,12,1.0
2025-10-18 00:00,-0.4,-0.4,-0.4,12,1.0
2025-10-18 01:00,-0.42,-0.5,-0.4,12,1.0
2025-10-18 02:00,-0.5,-0.5,-0.5,12,1.0
2025-10-18 03:00,-0.5,-0.5,-0.5,12,1.0
2025-10-18 04:00,-0.52,-0.6,-0.5,12,1.0
2025-10-18 05:00,-0.6,-0.6,-0.6,12,1.0
2025-10-18 06:00,-0.6,-0.6,-0.6,12,1.0
2025-10-18 07:00,-0.68,-0.7,-0.6,12,1.0
2025-10-18 08:00,-0.7,-0.7,-0.7,12,1.0
2025-10-18 09:00,-0.7,-0.7,-0.7,12,1.0
2025-10-18 10:00,-0.78,-0.8,-0.7,12,1.0
2025-10-18 11:00,-0.87,-0.9,-0.8,12,1.0
2025-10-18 12:00,-1.03,-1.1,-0.9,12,1.0
2025-10-18 13:00,-1.34,-1.6,-1.2,12,1.0
2025-10-18 14:00,-2.02,-2.6,-1.6,12,1.0
2025-10-18 15:00,-3.84,-5.1,-2.7,12,1.0
2025-10-18 16:00,-5.82,-6.5,-5.2,12,1.0
2025-10-18 17:00,-7.2,-7.7,-6.7,12,1.0
2025-10-18 18:00,-8.04,-8.3,-7.7,12,1.0
2025-10-18 19:00,-8.55,-8.7,-8.4,12,1.0
2025-10-18 20:00,-8.83,-8.9,-8.7,12,1.0
2025-10-18 21:00,-9.08,-9.2,-9.0,12,1.0
2025-10-18 22:00,-9.38,-9.5,-9.2,12,1.0
2025-10-18 23:00,-9.76,-9.9,-9.6,12,1.0
2025-10-19 00:00,-10.06,-10.1,-10.0,12,1.0
2025-10-19 01:00,-10.21,-10.3,-10.1,12,1.0
2025-10-19 02:00,-10.34,-10.4,-10.3,12,1.0
2025-10-19 03:00,-10.47,-10.5,-10.4,12,1.0
2025-10-19 04:00,-10.6,-10.7,-10.5,12,1.0
2025-10-19 05:00,-10.72,-10.8,-10.7,12,1.0
2025-10-19 06:00,-10.84,-10.9,-10.8,12,1.0
2025-10-19 07:00,-10.94,-11.0,-10.9,12,1.0
2025-10-19 08:00,-11.0,-11.0,-11.0,12,1.0
2025-10-19 09:00,-11.0,-11.0,-11.0,12,1.0
2025-10-19 10:00,-11.03,-11.1,-11.0,12,1.0
2025-10-19 11:00,-11.32,-11.5,-11.2,12,1.0
2025-10-19 12:00,-11.73,-11.9,-11.5,12,1.0
2025-10-19 13:00,-12.11,-12.3,-11.9,12,1.0
2025-10-19 14:00,-12.67,-13.0,-12.4,12,1.0
2025-10-19 15:00,-13.36,-13.7,-13.0,12,1.0
2025-10-19 16:00,-14.11,-14.5,-13.7,12,1.0
2025-10-19 17:00,-14.92,-15.2,-14.6,12,1.0
2025-10-19 18:00,-15.54,-15.8,-15.3,12,1.0
2025-10-19 19:00,-15.99,-16.2,-15.8,12,1.0
2025-10-19 20:00,-16.36,-16.5,-16.2,12,1.0
2025-10-19 21:00,-16.67,-16.8,-16.5,12,1.0
2025-10-19 22:00,-16.94,-17.1,-16.8,12,1.0
2025-10-19 23:00,-17.17,-17.3,-17.1,12,1.0
2025-10-20 00:00,-17.38,-17.5,-17.3,12,1.0
2025-10-20 01:00,-17.57,-17.7,-17.5,12,1.0
2025-10-20 02:00,-17.73,-17.8,-17.7,12,1.0
2025-10-20 03:00,-17.9,-18.0,-17.8,12,1.0
2025-10-20 04:00,-18.05,-18.1,-18.0,12,1.0
2025-10-20 05:00,-18.17,-18.2,-18.1,12,1.0
2025-10-20 06:00,-18.29,-18.3,-18.2,12,1.0
2025-10-20 07:00,-18.39,-18.4,-18.3,12,1.0
2025-10-20 08:00,-18.42,-18.5,-18.4,12,1.0
2025-10-20 09:00,-18.38,-18.4,-18.3,12,1.0
2025-10-20 10:00,-18.22,-18.3,-18.2,12,1.0
2025-10-20 11:00,-18.21,-18.3,-18.2,12,1.0
2025-10-20 12:00,-18.36,-18.4,-18.3,12,1.0
2025-10-20 13:00,-18.47,-18.6,-18.4,12,1.0
2025-10-20 14:00,-18.84,-19.1,-18.6,12,1.0
2025-10-20 15:00,-19.3,-19.5,-19.1,12,1.0
2025-10-20 16:00,-19.78,-20.0,-19.6,12,1.0
2025-10-20 17:00,-20.26,-20.5,-20.1,12,1.0
2025-10-20 18:00,-20.71,-20.9,-20.5,12,1.0
2025-10-20 19:00,-21.08,-21.2,-20.9,12,1.0
2025-10-20 20:00,-21.4,-21.5,-21.3,12,1.0
2025-10-20 21:00,-21.69,-21.8,-21.6,12,1.0
2025-10-20 22:00,-21.98,-22.1,-21.9,12,1.0
2025-10-20 23:00,-22.2,-22.3,-22.1,12,1.0
2025-10-21 00:00,-22.46,-22.6,-22.3,12,1.0
2025-10-21 01:00,-22.67,-22.8,-22.6,12,1.0
2025-10-21 02:00,-22.88,-23.0,-22.8,12,1.0
2025-10-21 03:00,-23.08,-23.2,-23.0,12,1.0
2025-10-21 04:00,-23.26,-23.4,-23.1,12,1.0
2025-10-21 05:00,-23.41,-23.5,-23.3,12,1.0
2025-10-21 06:00,-23.53,-23.6,-23.5,12,1.0
2025-10-21 07:00,-23.68,-23.7,-23.6,12,1.0
2025-10-21 08:00,-23.76,-23.8,-23.7,12,1.0
2025-10-21 09:00,-23.8,-23.8,-23.8,12,1.0
2025-10-21 10:00,-23.87,-23.9,-23.8,12,1.0
2025-10-21 11:00,-23.02,-24.0,-19.3,12,1.0
2025-10-21 12:00,-7.39,-17.5,-0.3,12,1.0
2025-10-21 13:00,-0.24,-0.3,-0.2,12,1.0
2025-10-21 14:00,-0.2,-0.2,-0.2,12,1.0
2025-10-21 15:00,-0.2,-0.2,-0.2,12,1.0
2025-10-21 16:00,-0.28,-0.3,-0.2,12,1.0
2025-10-21 17:00,-0.3,-0.3,-0.3,12,1.0
2025-10-21 18:00,-0.3,-0.3,-0.3,12,1.0
2025-10-21 19:00,-0.3,-0.3,-0.3,12,1.0
2025-10-21 20:00,-0.3,-0.3,-0.3,12,1.0
2025-10-21 21:00,-0.3,-0.3,-0.3,12,1.0
2025-10-21 22:00,-0.3,-0.3,-0.3,12,1.0
2025-10-21 23:00,-0.3,-0.3,-0.3,12,1.0
2025-10-22 00:00,-0.3,-0.3,-0.3,12,1.0
2025-10-22 01:00,-0.3,-0.3,-0.3,12,1.0
2025-10-22 02:00,-0.3,-0.3,-0.3,12,1.0
2025-10-22 03:00,-0.3,-0.3,-0.3,12,1.0
2025-10-22 04:00,-0.3,-0.3,-0.3,12,1.0
2025-10-22 05:00,-0.35,-0.4,-0.3,12,1.0
2025-10-22 06:00,-0.4,-0.4,-0.4,12,1.0
2025-10-22 07:00,-0.4,-0.4,-0.4,12,1.0
2025-10-22 08:00,-0.4,-0.4,-0.4,12,1.0
2025-10-22 09:00,-0.4,-0.4,-0.4,12,1.0
2025-10-22 10:00,-0.4,-0.4,-0.4,12,1.0
2025-10-22 11:00,-0.4,-0.4,-0.4,12,1.0
2025-10-22 12:00,-0.4,-0.4,-0.4,12,1.0
2025-10-22 13:00,-0.4,-0.4,-0.4,12,1.0
2025-10-22 14:00,-0.4,-0.4,-0.4,12,1.0
2025-10-22 15:00,-0.45,-0.5,-0.4,12,1.0
2025-10-22 16:00,-0.5,-0.5,-0.5,12,1.0
2025-10-22 17:00,-0.5,-0.5,-0.5,12,1.0
2025-10-22 18:00,-0.5,-0.5,-0.5,12,1.0
2025-10-22 19:00,-0.58,-0.6,-0.5,12,1.0
2025-10-22 20:00,-0.6,-0.6,-0.6,12,1.0
2025-10-22 21:00,-0.6,-0.6,-0.6,12,1.0
2025-10-22 22:00,-0.66,-0.7,-0.6,12,1.0
2025-10-22 23:00,-0.7,-0.7,-0.7,12,1.0
2025-10-23 00:00,-0.7,-0.7,-0.7,12,1.0
2025-10-23 01:00,-0.78,-0.8,-0.7,12,1.0
2025-10-23 02:00,-0.8,-0.8,-0.8,12,1.0
2025-10-23 03:00,-0.83,-0.9,-0.8,12,1.0
2025-10-23 04:00,-0.9,-0.9,-0.9,12,1.0
2025-10-23 05:00,-0.92,-1.0,-0.9,12,1.0
2025-10-23 06:00,-1.0,-1.0,-1.0,12,1.0
2025-10-23 07:00,-1.01,-1.1,-1.0,12,1.0
2025-10-23 08:00,-1.08,-1.1,-1.0,12,1.0
2025-10-23 09:00,-1.1,-1.1,-1.1,12,1.0
2025-10-23 10:00,-1.13,-1.2,-1.1,12,1.0
2025-10-23 11:00,-0.94,-1.1,-0.9,12,1.0
2025-10-23 12:00,-0.9,-0.9,-0.9,12,1.0
2025-10-23 13:00,-0.93,-1.0,-0.9,12,1.0
2025-10-23 14:00,-0.67,-0.9,-0.5,12,1.0
2025-10-23 15:00,-0.36,-0.5,-0.3,12,1.0
2025-10-23 16:00,-0.3,-0.3,-0.3,12,1.0
2025-10-23 17:00,-0.3,-0.3,-0.3,12,1.0
2025-10-23 18:00,-0.29,-0.3,-0.2,12,1.0
2025-10-23 19:00,-0.2,-0.2,-0.2,12,1.0
2025-10-23 20:00,-0.2,-0.2,-0.2,12,1.0
2025-10-23 21:00,-0.23,-0.3,-0.2,12,1.0
2025-10-23 22:00,-0.3,-0.3,-0.3,12,1.0
2025-10-23 23:00,-0.3,-0.3,-0.3,12,1.0
2025-10-24 00:00,-0.3,-0.3,-0.3,12,1.0
2025-10-24 01:00,-0.39,-0.4,-0.3,12,1.0
2025-10-24 02:00,-0.4,-0.4,-0.4,12,1.0
2025-10-24 03:00,-0.4,-0.4,-0.4,12,1.0
2025-10-24 04:00,-0.4,-0.4,-0.4,12,1.0
2025-10-24 05:00,-0.4,-0.4,-0.4,12,1.0
2025-10-24 06:00,-0.43,-0.5,-0.4,12,1.0
2025-10-24 07:00,-0.5,-0.5,-0.5,12,1.0
2025-10-24 08:00,-0.5,-0.5,-0.5,12,1.0
2025-10-24 09:00,-0.5,-0.5,-0.5,12,1.0
2025-10-24 10:00,-0.54,-0.6,-0.5,12,1.0
2025-10-24 11:00,-0.6,-0.6,-0.6,12,1.0
2025-10-24 12:00,-0.65,-0.7,-0.6,12,1.0
2025-10-24 13:00,-0.71,-0.8,-0.7,12,1.0
2025-10-24 14:00,-0.83,-0.9,-0.8,12,1.0
2025-10-24 15:00,-0.97,-1.0,-0.9,12,1.0
2025-10-24 16:00,-1.08,-1.1,-1.0,12,1.0
2025-10-24 17:00,-1.16,-1.2,-1.1,12,1.0
2025-10-24 18:00,-1.2,-1.2,-1.2,12,1.0
2025-10-24 19:00,-1.3,-1.3,-1.3,12,1.0
2025-10-24 20:00,-1.35,-1.4,-1.3,12,1.0
2025-10-24 21:00,-1.42,-1.5,-1.4,12,1.0
2025-10-24 22:00,-1.5,-1.5,-1.5,12,1.0
2025-10-24 23:00,-1.56,-1.6,-1.5,12,1.0
2025-10-25 00:00,-1.62,-1.7,-1.6,12,1.0
2025-10-25 01:00,-1.7,-1.7,-1.7,12,1.0
2025-10-25 02:00,-1.78,-1.8,-1.7,12,1.0
2025-10-25 03:00,-1.86,-1.9,-1.8,12,1.0
2025-10-25 04:00,-1.97,-2.0,-1.9,12,1.0
2025-10-25 05:00,-2.06,-2.1,-2.0,12,1.0
2025-10-25 06:00,-2.16,-2.2,-2.1,12,1.0
2025-10-25 07:00,-2.25,-2.3,-2.2,12,1.0
2025-10-25 08:00,-2.35,-2.4,-2.3,12,1.0
2025-10-25 09:00,-2.46,-2.5,-2.4,12,1.0
2025-10-25 10:00,-2.64,-2.7,-2.6,12,1.0
2025-10-25 11:00,-2.87,-3.0,-2.7,12,1.0
2025-10-25 12:00,-3.15,-3.3,-3.0,12,1.0
2025-10-25 13:00,-3.53,-3.8,-3.4,12,1.0
2025-10-25 14:00,-4.1,-4.4,-3.8,12,1.0
2025-10-25 15:00,-4.73,-5.0,-4.5,12,1.0
2025-10-25 16:00,-5.12,-5.2,-5.0,12,1.0
2025-10-25 17:00,-5.28,-5.4,-5.2,12,1.0
2025-10-25 18:00,-5.47,-5.6,-5.4,12,1.0
2025-10-25 19:00,-5.57,-5.6,-5.5,12,1.0
2025-10-25 20:00,-4.92,-5.4,-3.2,12,1.0
2025-10-25 21:00,-1.06,-2.3,-0.7,12,1.0
2025-10-25 22:00,-0.52,-0.6,-0.5,12,1.0
2025-10-25 23:00,-0.41,-0.5,-0.3,12,1.0
2025-10-26 00:00,-0.3,-0.3,-0.3,12,1.0
2025-10-26 01:00,-0.3,-0.3,-0.3,12,1.0
2025-10-26 02:00,-0.39,-0.4,-0.3,12,1.0
2025-10-26 03:00,-0.4,-0.4,-0.4,12,1.0
2025-10-26 04:00,-0.48,-0.5,-0.4,12,1.0
2025-10-26 05:00,-0.5,-0.5,-0.5,12,1.0
2025-10-26 06:00,-0.5,-0.5,-0.5,12,1.0
2025-10-26 07:00,-0.54,-0.6,-0.5,12,1.0
2025-10-26 08:00,-0.6,-0.6,-0.6,12,1.0
2025-10-26 09:00,-0.6,-0.6,-0.6,12,1.0
2025-10-26 10:00,-0.6,-0.6,-0.6,12,1.0
2025-10-26 11:00,-0.68,-0.7,-0.6,12,1.0
2025-10-26 12:00,-0.7,-0.7,-0.7,12,1.0
2025-10-26 13:00,-0.78,-0.8,-0.7,12,1.0
2025-10-26 14:00,-0.84,-0.9,-0.8,12,1.0
2025-10-26 15:00,-0.93,-1.0,-0.9,12,1.0
2025-10-26 16:00,-1.0,-1.0,-1.0,12,1.0
2025-10-26 17:00,-1.08,-1.1,-1.0,12,1.0
2025-10-26 18:00,-1.1,-1.1,-1.1,12,1.0
2025-10-26 19:00,-1.17,-1.2,-1.1,12,1.0
2025-10-26 20:00,-1.2,-1.2,-1.2,12,1.0
2025-10-26 21:00,-1.28,-1.3,-1.2,12,1.0
2025-10-26 22:00,-1.3,-1.3,-1.3,12,1.0
2025-10-26 23:00,-1.39,-1.4,-1.3,12,1.0
2025-10-27 00:00,-1.07,-1.4,-0.8,12,1.0
2025-10-27 01:00,-0.8,-0.8,-0.8,12,1.0
2025-10-27 02:00,-0.8,-0.8,-0.8,12,1.0
2025-10-27 03:00,-0.87,-0.9,-0.8,12,1.0
2025-10-27 04:00,-0.9,-0.9,-0.9,12,1.0
2025-10-27 05:00,-0.92,-1.0,-0.9,12,1.0
2025-10-27 06:00,-1.0,-1.0,-1.0,12,1.0
2025-10-27 07:00,-1.03,-1.1,-1.0,12,1.0
2025-10-27 08:00,-1.1,-1.1,-1.1,12,1.0
2025-10-27 09:00,-1.13,-1.2,-1.1,12,1.0
2025-10-27 10:00,-1.23,-1.3,-1.2,12,1.0
2025-10-27 11:00,-1.35,-1.4,-1.3,12,1.0
2025-10-27 12:00,-1.53,-1.7,-1.4,12,1.0
2025-10-27 13:00,-1.8,-1.9,-1.7,12,1.0
2025-10-27 14:00,-2.07,-2.2,-1.9,12,1.0
2025-10-27 15:00,-2.5,-2.7,-2.3,12,1.0
2025-10-27 16:00,-3.09,-3.4,-2.8,12,1.0
2025-10-27 17:00,-3.6,-3.8,-3.4,12,1.0
2025-10-27 18:00,-3.96,-4.1,-3.8,12,1.0
2025-10-27 19:00,-4.3,-4.4,-4.2,12,1.0
2025-10-27 20:00,-3.94,-4.4,-3.8,12,1.0
2025-10-27 21:00,-3.75,-3.8,-3.5,12,1.0
2025-10-27 22:00,-2.98,-3.5,-2.2,12,1.0
2025-10-27 23:00,-1.69,-2.1,-1.3,12,1.0
2025-10-28 00:00,-1.21,-1.3,-1.2,12,1.0
2025-10-28 01:00,-0.85,-1.2,-0.7,12,1.0
2025-10-28 02:00,-0.7,-0.7,-0.7,12,1.0
2025-10-28 03:00,-0.7,-0.7,-0.7,12,1.0
2025-10-28 04:00,-0.74,-0.8,-0.7,12,1.0
2025-10-28 05:00,-0.8,-0.8,-0.8,12,1.0
2025-10-28 06:00,-0.82,-0.9,-0.8,12,1.0
2025-10-28 07:00,-0.9,-0.9,-0.9,12,1.0
2025-10-28 08:00,-0.9,-0.9,-0.9,12,1.0
2025-10-28 09:00,-1.0,-1.0,-1.0,12,1.0
2025-10-28 10:00,-1.07,-1.1,-1.0,12,1.0
2025-10-28 11:00,-1.17,-1.2,-1.1,12,1.0
2025-10-28 12:00,-1.34,-1.4,-1.3,12,1.0
2025-10-28 13:00,-1.6,-1.8,-1.5,12,1.0
2025-10-28 14:00,-2.03,-2.3,-1.8,12,1.0
2025-10-28 15:00,-2.55,-2.8,-2.3,12,1.0
2025-10-28 16:00,-3.24,-3.6,-2.9,12,1.0
2025-10-28 17:00,-3.83,-4.1,-3.6,12,1.0
2025-10-28 18:00,-4.32,-4.5,-4.1,12,1.0
2025-10-28 19:00,-4.74,-4.9,-4.6,12,1.0
2025-10-28 20:00,-5.06,-5.1,-5.0,12,1.0
2025-10-28 21:00,-5.22,-5.3,-5.2,12,1.0
2025-10-28 22:00,-5.35,-5.4,-5.3,12,1.0
2025-10-28 23:00,-5.48,-5.6,-5.4,12,1.0
2025-10-29 00:00,-5.64,-5.7,-5.6,12,1.0
2025-10-29 01:00,-5.77,-5.8,-5.7,12,1.0
2025-10-29 02:00,-5.87,-5.9,-5.8,12,1.0
2025-10-29 03:00,-5.97,-6.0,-5.9,12,1.0
2025-10-29 04:00,-6.09,-6.1,-6.0,12,1.0
2025-10-29 05:00,-6.22,-6.3,-6.2,12,1.0
2025-10-29 06:00,-6.32,-6.4,-6.3,12,1.0
2025-10-29 07:00,-6.4,-6.4,-6.4,12,1.0
2025-10-29 08:00,-6.47,-6.5,-6.4,12,1.0
2025-10-29 09:00,-6.52,-6.6,-6.5,12,1.0
2025-10-29 10:00,-6.71,-6.9,-6.6,12,1.0
2025-10-29 11:00,-7.2,-7.5,-6.9,12,1.0
2025-10-29 12:00,-7.89,-8.3,-7.6,12,1.0
2025-10-29 13:00,-8.7,-9.1,-8.3,12,1.0
2025-10-29 14:00,-9.77,-10.1,-9.2,12,1.0
2025-10-29 15:00,-10.38,-10.6,-10.2,12,1.0
2025-10-29 16:00,-10.81,-11.0,-10.6,12,1.0
2025-10-29 17:00,-11.14,-11.3,-11.0,12,1.0
2025-10-29 18:00,-11.35,-11.4,-11.3,12,1.0
2025-10-29 19:00,-11.47,-11.5,-11.4,12,1.0
2025-10-29 20:00,-11.52,-11.6,-11.5,12,1.0
2025-10-29 21:00,-11.6,-11.6,-11.6,12,1.0
2025-10-29 22:00,-11.6,-11.6,-11.6,12,1.0
2025-10-29 23:00,-11.61,-11.7,-11.6,12,1.0
2025-10-30 00:00,-11.62,-11.7,-11.6,12,1.0
2025-10-30 01:00,-11.6,-11.6,-11.6,12,1.0
2025-10-30 02:00,-11.6,-11.6,-11.6,12,1.0
2025-10-30 03:00,-11.6,-11.6,-11.6,12,1.0
2025-10-30 04:00,-11.6,-11.6,-11.6,12,1.0
2025-10-30 05:00,-11.6,-11.6,-11.6,12,1.0
2025-10-30 06:00,-11.64,-11.7,-11.6,12,1.0
2025-10-30 07:00,-11.65,-11.7,-11.6,12,1.0
2025-10-30 08:00,-11.63,-11.7,-11.6,12,1.0
2025-10-30 09:00,-11.6,-11.6,-11.6,12,1.0
2025-10-30 10:00,-11.68,-11.7,-11.6,12,1.0
2025-10-30 11:00,-11.73,-11.8,-11.7,12,1.0
2025-10-30 12:00,-11.88,-12.0,-11.8,12,1.0
2025-10-30 13:00,-12.05,-12.1,-12.0,12,1.0
2025-10-30 14:00,-12.25,-12.3,-12.2,12,1.0
2025-10-30 15:00,-12.42,-12.5,-12.3,12,1.0
2025-10-30 16:00,-12.56,-12.6,-12.5,12,1.0
2025-10-30 17:00,-12.71,-12.8,-12.6,12,1.0
2025-10-30 18:00,-12.82,-12.9,-12.8,12,1.0
2025-10-30 19:00,-12.9,-12.9,-12.9,12,1.0
2025-10-30 20:00,-13.0,-13.0,-13.0,12,1.0
2025-10-30 21:00,-13.02,-13.1,-13.0,12,1.0
2025-10-30 22:00,-13.1,-13.1,-13.1,12,1.0
2025-10-30 23:00,-13.14,-13.2,-13.1,12,1.0
2025-10-31 00:00,-13.2,-13.2,-13.2,12,1.0
2025-10-31 01:00,-13.2,-13.2,-13.2,12,1.0
2025-10-31 02:00,-13.21,-13.3,-13.2,12,1.0
2025-10-31 03:00,-13.19,-13.3,-13.1,12,1.0
2025-10-31 04:00,-12.94,-13.0,-12.9,12,1.0
2025-10-31 05:00,-12.89,-12.9,-12.8,12,1.0
2025-10-31 06:00,-12.8,-12.8,-12.8,12,1.0
2025-10-31 07:00,-12.8,-12.8,-12.8,12,1.0
2025-10-31 08:00,-12.78,-12.8,-12.7,12,1.0
2025-10-31 09:00,-12.7,-12.7,-12.7,12,1.0
2025-10-31 10:00,-12.73,-12.8,-12.7,12,1.0
2025-10-31 11:00,-12.92,-13.0,-12.8,12,1.0
2025-10-31 12:00,-13.14,-13.2,-13.1,12,1.0
2025-10-31 13:00,-13.37,-13.5,-13.2,12,1.0
2025-10-31 14:00,-13.79,-14.1,-13.5,12,1.0
2025-10-31 15:00,-14.37,-14.7,-14.1,12,1.0
2025-10-31 16:00,-15.0,-15.2,-14.7,12,1.0
2025-10-31 17:00,-15.48,-15.7,-15.3,12,1.0
2025-10-31 18:00,-15.82,-15.9,-15.7,12,1.0
2025-10-31 19:00,-16.06,-16.1,-16.0,12,1.0
2025-10-31 20:00,-16.25,-16.3,-16.2,12,1.0
2025-10-31 21:00,-16.38,-16.4,-16.3,12,1.0
2025-10-31 22:00,-16.54,-16.6,-16.5,12,1.0
2025-10-31 23:00,-16.61,-16.7,-16.6,12,1.0
2025-11-01 00:00,-16.68,-16.7,-16.6,12,1.0
2025-11-01 01:00,-16.75,-16.8,-16.7,12,1.0
2025-11-01 02:00,-16.8,-16.8,-16.8,12,1.0
2025-11-01 03:00,-16.85,-16.9,-16.8,12,1.0
2025-11-01 04:00,-16.9,-16.9,-16.9,12,1.0
2025-11-01 05:00,-16.9,-16.9,-16.9,12,1.0
2025-11-01 06:00,-16.91,-17.0,-16.9,12,1.0
2025-11-01 07:00,-16.99,-17.0,-16.9,12,1.0
2025-11-01 08:00,-16.97,-17.0,-16.9,12,1.0
2025-11-01 09:00,-16.9,-16.9,-16.9,12,1.0
2025-11-01 10:00,-16.84,-16.9,-16.8,12,1.0
2025-11-01 11:00,-16.93,-17.0,-16.9,12,1.0
2025-11-01 12:00,-17.13,-17.2,-17.1,12,1.0
2025-11-01 13:00,-17.33,-17.4,-17.2,12,1.0
2025-11-01 14:00,-17.61,-17.8,-17.4,12,1.0
2025-11-01 15:00,-18.06,-18.3,-17.8,12,1.0
2025-11-01 16:00,-18.59,-18.8,-18.3,12,1.0
2025-11-01 17:00,-19.12,-19.3,-18.9,12,1.0
2025-11-01 18:00,-19.54,-19.7,-19.4,12,1.0
2025-11-01 19:00,-19.84,-20.0,-19.7,12,1.0
2025-11-01 20:00,-20.09,-20.2,-20.0,12,1.0
2025-11-01 21:00,-20.31,-20.4,-20.2,12,1.0
2025-11-01 22:00,-20.5,-20.6,-20.4,12,1.0
2025-11-01 23:00,-20.65,-20.7,-20.6,12,1.0
2025-11-02 00:00,-20.78,-20.9,-20.7,12,1.0
2025-11-02 01:00,-20.92,-21.0,-20.9,12,1.0
2025-11-02 02:00,-21.0,-21.0,-21.0,12,1.0
2025-11-02 03:00,-21.07,-21.1,-21.0,12,1.0
2025-11-02 04:00,-21.11,-21.2,-21.1,12,1.0
2025-11-02 05:00,-21.2,-21.2,-21.2,12,1.0
2025-11-02 06:00,-21.21,-21.3,-21.2,12,1.0
2025-11-02 07:00,-21.29,-21.3,-21.2,12,1.0
2025-11-02 08:00,-21.3,-21.3,-21.3,12,1.0
2025-11-02 09:00,-21.29,-21.3,-21.2,12,1.0
2025-11-02 10:00,-21.19,-21.2,-21.1,12,1.0
2025-11-02 11:00,-21.13,-21.2,-21.1,12,1.0
2025-11-02 12:00,-21.19,-21.2,-21.1,12,1.0
2025-11-02 13:00,-21.24,-21.3,-21.2,12,1.0
2025-11-02 14:00,-21.37,-21.5,-21.3,12,1.0
2025-11-02 15:00,-21.62,-21.8,-21.5,12,1.0
2025-11-02 16:00,-21.94,-22.1,-21.8,12,1.0
2025-11-02 17:00,-22.27,-22.4,-22.1,12,1.0
2025-11-02 18:00,-22.52,-22.6,-22.4,12,1.0
2025-11-02 19:00,-22.72,-22.8,-22.6,12,1.0
2025-11-02 20:00,-22.92,-23.0,-22.8,12,1.0
2025-11-02 21:00,-23.07,-23.1,-23.0,12,1.0
2025-11-02 22:00,-23.12,-23.2,-23.1,12,1.0
2025-11-02 23:00,-23.1,-23.1,-23.1,12,1.0
2025-11-03 00:00,-23.09,-23.1,-23.0,12,1.0
2025-11-03 01:00,-22.98,-23.1,-22.9,12,1.0
2025-11-03 02:00,-22.73,-22.8,-22.6,12,1.0
2025-11-03 03:00,-21.63,-22.7,-12.9,12,1.0
2025-11-03 04:00,-0.91,-3.9,-0.6,12,1.0
2025-11-03 05:00,-0.6,-0.6,-0.6,12,1.0
2025-11-03 06:00,-0.7,-0.7,-0.7,12,1.0
2025-11-03 07:00,-0.7,-0.7,-0.7,12,1.0
2025-11-03 08:00,-0.37,-0.7,-0.2,12,1.0
2025-11-03 09:00,-0.27,-0.3,-0.2,12,1.0
2025-11-03 10:00,-0.3,-0.3,-0.3,12,1.0
2025-11-03 11:00,-0.3,-0.3,-0.3,12,1.0
2025-11-03 12:00,-0.3,-0.3,-0.3,12,1.0
2025-11-03 13:00,-0.38,-0.4,-0.3,12,1.0
2025-11-03 14:00,-0.4,-0.4,-0.4,12,1.0
2025-11-03 15:00,-0.4,-0.4,-0.4,12,1.0
2025-11-03 16:00,-0.48,-0.5,-0.4,12,1.0
2025-11-03 17:00,-0.5,-0.5,-0.5,12,1.0
2025-11-03 18:00,-0.5,-0.5,-0.5,12,1.0
2025-11-03 19:00,-0.5,-0.5,-0.5,12,1.0
2025-11-03 20:00,-0.5,-0.5,-0.5,12,1.0
2025-11-03 21:00,-0.5,-0.5,-0.5,12,1.0
2025-11-03 22:00,-0.52,-0.6,-0.5,12,1.0
2025-11-03 23:00,-0.6,-0.6,-0.6,12,1.0
2025-11-04 00:00,-0.6,-0.6,-0.6,12,1.0
2025-11-04 01:00,-0.6,-0.6,-0.6,12,1.0
2025-11-04 02:00,-0.61,-0.7,-0.6,12,1.0
2025-11-04 03:00,-0.7,-0.7,-0.7,12,1.0
2025-11-04 04:00,-0.7,-0.7,-0.7,12,1.0
2025-11-04 05:00,-0.75,-0.8,-0.7,12,1.0
2025-11-04 06:00,-0.8,-0.8,-0.8,12,1.0
2025-11-04 07:00,-0.81,-0.9,-0.8,12,1.0
2025-11-04 08:00,-0.9,-0.9,-0.9,12,1.0
2025-11-04 09:00,-0.93,-1.0,-0.9,12,1.0
2025-11-04 10:00,-1.0,-1.0,-1.0,12,1.0
2025-11-04 11:00,-1.12,-1.2,-1.1,12,1.0
2025-11-04 12:00,-1.25,-1.3,-1.2,12,1.0
2025-11-04 13:00,-1.46,-1.6,-1.3,12,1.0
2025-11-04 14:00,-1.78,-2.0,-1.6,12,1.0
2025-11-04 15:00,-2.23,-2.5,-2.0,12,1.0
2025-11-04 16:00,-2.74,-3.0,-2.5,12,1.0
2025-11-04 17:00,-3.26,-3.5,-3.0,12,1.0
2025-11-04 18:00,-3.69,-3.9,-3.5,12,1.0
2025-11-04 19:00,-4.18,-4.4,-4.0,12,1.0
2025-11-04 20:00,-4.71,-5.0,-4.5,12,1.0
2025-11-04 21:00,-5.09,-5.2,-5.0,12,1.0
2025-11-04 22:00,-5.33,-5.4,-5.2,12,1.0
2025-11-04 23:00,-5.54,-5.6,-5.4,12,1.0
2025-11-05 00:00,-5.76,-5.8,-5.7,12,1.0
2025-11-05 01:00,-5.93,-6.0,-5.8,12,1.0
2025-11-05 02:00,-6.1,-6.2,-6.0,12,1.0
2025-11-05 03:00,-6.27,-6.3,-6.2,12,1.0
2025-11-05 04:00,-6.44,-6.5,-6.4,12,1.0
2025-11-05 05:00,-6.59,-6.7,-6.5,12,1.0
2025-11-05 06:00,-6.73,-6.8,-6.7,12,1.0
2025-11-05 07:00,-6.88,-6.9,-6.8,12,1.0
2025-11-05 08:00,-6.98,-7.0,-6.9,12,1.0
2025-11-05 09:00,-7.05,-7.1,-7.0,12,1.0
2025-11-05 10:00,-7.11,-7.2,-7.1,12,1.0
2025-11-05 11:00,-7.37,-7.6,-7.2,12,1.0
2025-11-05 12:00,-7.82,-8.0,-7.6,12,1.0
2025-11-05 13:00,-8.36,-8.7,-8.1,12,1.0
2025-11-05 14:00,-9.41,-10.0,-8.8,12,1.0
2025-11-05 15:00,-10.34,-10.6,-10.1,12,1.0
2025-11-05 16:00,-10.88,-11.1,-10.6,12,1.0
2025-11-05 17:00,-11.3,-11.4,-11.1,12,1.0
2025-11-05 18:00,-11.54,-11.6,-11.5,12,1.0
2025-11-05 19:00,-11.68,-11.7,-11.6,12,1.0
2025-11-05 20:00,-11.76,-11.8,-11.7,12,1.0
2025-11-05 21:00,-11.82,-11.9,-11.8,12,1.0
2025-11-05 22:00,-11.9,-11.9,-11.9,12,1.0
2025-11-05 23:00,-11.94,-12.0,-11.9,12,1.0
2025-11-06 00:00,-12.0,-12.0,-12.0,12,1.0
2025-11-06 01:00,-12.04,-12.1,-12.0,12,1.0
2025-11-06 02:00,-12.1,-12.1,-12.1,12,1.0
2025-11-06 03:00,-12.17,-12.2,-12.1,12,1.0
2025-11-06 04:00,-12.23,-12.3,-12.2,12,1.0
2025-11-06 05:00,-12.3,-12.3,-12.3,12,1.0
2025-11-06 06:00,-12.33,-12.4,-12.3,12,1.0
2025-11-06 07:00,-12.4,-12.4,-12.4,12,1.0
2025-11-06 08:00,-12.4,-12.4,-12.4,12,1.0
2025-11-06 09:00,-12.4,-12.4,-12.4,12,1.0
2025-11-06 10:00,-12.33,-12.4,-12.3,12,1.0
2025-11-06 11:00,-12.37,-12.5,-12.3,12,1.0
2025-11-06 12:00,-12.57,-12.6,-12.5,12,1.0
2025-11-06 13:00,-12.72,-12.8,-12.6,12,1.0
2025-11-06 14:00,-13.07,-13.3,-12.9,12,1.0
2025-11-06 15:00,-13.58,-13.8,-13.3,12,1.0
2025-11-06 16:00,-14.11,-14.3,-13.9,12,1.0
2025-11-06 17:00,-14.59,-14.8,-14.4,12,1.0
2025-11-06 18:00,-14.9,-15.0,-14.8,12,1.0
2025-11-06 19:00,-15.12,-15.2,-15.0,12,1.0
2025-11-06 20:00,-15.25,-15.3,-15.2,12,1.0
2025-11-06 21:00,-15.38,-15.4,-15.3,12,1.0
2025-11-06 22:00,-15.46,-15.5,-15.4,12,1.0
2025-11-06 23:00,-15.5,-15.5,-15.5,12,1.0
2025-11-07 00:00,-15.54,-15.6,-15.5,12,1.0
2025-11-07 01:00,-15.6,-15.6,-15.6,12,1.0
2025-11-07 02:00,-15.6,-15.6,-15.6,12,1.0
2025-11-07 03:00,-15.6,-15.6,-15.6,12,1.0
2025-11-07 04:00,-15.6,-15.6,-15.6,12,1.0
2025-11-07 05:00,-15.59,-15.6,-15.5,12,1.0
2025-11-07 06:00,-15.59,-15.6,-15.5,12,1.0
2025-11-07 07:00,-15.55,-15.6,-15.5,12,1.0
2025-11-07 08:00,-15.5,-15.5,-15.5,12,1.0
2025-11-07 09:00,-15.48,-15.5,-15.4,12,1.0
2025-11-07 10:00,-15.42,-15.5,-15.4,12,1.0
2025-11-07 11:00,-15.41,-15.5,-15.3,12,1.0
2025-11-07 12:00,-15.56,-15.6,-15.5,12,1.0
2025-11-07 13:00,-15.72,-15.9,-15.6,12,1.0
2025-11-07 14:00,-16.01,-16.1,-15.9,12,1.0
2025-11-07 15:00,-16.19,-16.2,-16.1,12,1.0
2025-11-07 16:00,-16.25,-16.3,-16.2,12,1.0
2025-11-07 17:00,-16.3,-16.3,-16.3,12,1.0
2025-11-07 18:00,-16.33,-16.4,-16.3,12,1.0
2025-11-07 19:00,-16.39,-16.4,-16.3,12,1.0
2025-11-07 20:00,-16.4,-16.4,-16.4,12,1.0
2025-11-07 21:00,-16.38,-16.4,-16.2,12,1.0
2025-11-07 22:00,-12.13,-15.9,-6.1,12,1.0
2025-11-07 23:00,-1.77,-4.7,-1.0,12,1.0
2025-11-08 00:00,-0.94,-1.0,-0.9,12,1.0
2025-11-08 01:00,-0.9,-0.9,-0.9,12,1.0
2025-11-08 02:00,-0.92,-1.0,-0.9,12,1.0
2025-11-08 03:00,-1.0,-1.0,-1.0,12,1.0
2025-11-08 04:00,-1.06,-1.1,-1.0,12,1.0
2025-11-08 05:00,-1.1,-1.1,-1.1,12,1.0
2025-11-08 06:00,-1.2,-1.2,-1.2,12,1.0
2025-11-08 07:00,-1.23,-1.3,-1.2,12,1.0
2025-11-08 08:00,-1.3,-1.3,-1.3,12,1.0
2025-11-08 09:00,-1.37,-1.4,-1.3,12,1.0
2025-11-08 10:00,-1.43,-1.5,-1.4,12,1.0
2025-11-08 11:00,-1.53,-1.6,-1.5,12,1.0
2025-11-08 12:00,-1.68,-1.8,-1.6,12,1.0
2025-11-08 13:00,-1.95,-2.1,-1.8,12,1.0
2025-11-08 14:00,-2.38,-2.6,-2.2,12,1.0
2025-11-08 15:00,-2.76,-2.9,-2.6,12,1.0
2025-11-08 16:00,-2.82,-3.0,-2.4,12,1.0
2025-11-08 17:00,-1.91,-2.3,-1.4,12,1.0
2025-11-08 18:00,-1.16,-1.3,-1.0,12,1.0
2025-11-08 19:00,-0.66,-0.9,-0.5,12,1.0
2025-11-08 20:00,-0.5,-0.5,-0.5,12,1.0
2025-11-08 21:00,-0.5,-0.5,-0.5,12,1.0
2025-11-08 22:00,-0.44,-0.5,-0.4,12,1.0
2025-11-08 23:00,-0.34,-0.4,-0.3,12,1.0
2025-11-09 00:00,-0.28,-0.3,-0.2,12,1.0
2025-11-09 01:00,-0.2,-0.2,-0.2,12,1.0
2025-11-09 02:00,-0.23,-0.3,-0.2,12,1.0
2025-11-09 03:00,-0.3,-0.3,-0.3,12,1.0
2025-11-09 04:00,-0.3,-0.3,-0.3,12,1.0
2025-11-09 05:00,-0.3,-0.3,-0.3,12,1.0
2025-11-09 06:00,-0.33,-0.4,-0.3,12,1.0
2025-11-09 07:00,-0.4,-0.4,-0.4,12,1.0
2025-11-09 08:00,-0.4,-0.4,-0.4,12,1.0
2025-11-09 09:00,-0.4,-0.4,-0.4,12,1.0
2025-11-09 10:00,-0.4,-0.4,-0.4,12,1.0
2025-11-09 11:00,-0.45,-0.5,-0.4,12,1.0
2025-11-09 12:00,-0.5,-0.5,-0.5,12,1.0
2025-11-09 13:00,-0.5,-0.5,-0.5,12,1.0
2025-11-09 14:00,-0.59,-0.6,-0.5,12,1.0
2025-11-09 15:00,-0.6,-0.6,-0.6,12,1.0
2025-11-09 16:00,-0.62,-0.7,-0.6,12,1.0
2025-11-09 17:00,-0.7,-0.7,-0.7,12,1.0
2025-11-09 18:00,-0.73,-0.8,-0.7,12,1.0
2025-11-09 19:00,-0.8,-0.8,-0.8,12,1.0
2025-11-09 20:00,-0.84,-0.9,-0.8,12,1.0
2025-11-09 21:00,-0.9,-0.9,-0.9,12,1.0
2025-11-09 22:00,-0.96,-1.0,-0.9,12,1.0
2025-11-09 23:00,-1.01,-1.1,-1.0,12,1.0
2025-11-10 00:00,-1.1,-1.1,-1.1,12,1.0
2025-11-10 01:00,-1.18,-1.2,-1.1,12,1.0
2025-11-10 02:00,-1.24,-1.3,-1.2,12,1.0
2025-11-10 03:00,-1.32,-1.4,-1.3,12,1.0
2025-11-10 04:00,-1.41,-1.5,-1.4,12,1.0
2025-11-10 05:00,-1.52,-1.6,-1.5,12,1.0
2025-11-10 06:00,-1.62,-1.7,-1.6,12,1.0
2025-11-10 07:00,-1.72,-1.8,-1.7,12,1.0
2025-11-10 08:00,-1.84,-1.9,-1.8,12,1.0
2025-11-10 09:00,-1.95,-2.0,-1.9,12,1.0
2025-11-10 10:00,-2.1,-2.2,-2.0,12,1.0
2025-11-10 11:00,-2.32,-2.5,-2.2,12,1.0
2025-11-10 12:00,-2.62,-2.8,-2.5,12,1.0
2025-11-10 13:00,-3.02,-3.3,-2.8,12,1.0
2025-11-10 14:00,-3.72,-4.2,-3.3,12,1.0
2025-11-10 15:00,-4.82,-5.2,-4.3,12,1.0
2025-11-10 16:00,-5.58,-5.9,-5.3,12,1.0
2025-11-10 17:00,-6.24,-6.5,-5.9,12,1.0
2025-11-10 18:00,-6.74,-6.9,-6.5,12,1.0
2025-11-10 19:00,-7.12,-7.3,-7.0,12,1.0
2025-11-10 20:00,-7.38,-7.5,-7.3,12,1.0
2025-11-10 21:00,-7.62,-7.7,-7.5,12,1.0
2025-11-10 22:00,-7.81,-7.9,-7.7,12,1.0
2025-11-10 23:00,-7.98,-8.1,-7.9,12,1.0
2025-11-11 00:00,-8.14,-8.2,-8.1,12,1.0
2025-11-11 01:00,-8.27,-8.3,-8.2,12,1.0
2025-11-11 02:00,-8.39,-8.5,-8.3,12,1.0
2025-11-11 03:00,-8.52,-8.6,-8.5,12,1.0
2025-11-11 04:00,-8.63,-8.7,-8.6,12,1.0
2025-11-11 05:00,-8.75,-8.8,-8.7,12,1.0
2025-11-11 06:00,-8.84,-8.9,-8.8,12,1.0
2025-11-11 07:00,-8.94,-9.0,-8.9,12,1.0
2025-11-11 08:00,-9.0,-9.0,-9.0,12,1.0
2025-11-11 09:00,-8.98,-9.0,-8.9,12,1.0
2025-11-11 10:00,-8.91,-9.0,-8.9,12,1.0
2025-11-11 11:00,-8.96,-9.1,-8.9,12,1.0
2025-11-11 12:00,-9.26,-9.4,-9.1,12,1.0
2025-11-11 13:00,-9.72,-10.0,-9.5,12,1.0
2025-11-11 14:00,-10.2,-10.4,-10.0,12,1.0
2025-11-11 15:00,-10.57,-10.8,-10.4,12,1.0
2025-11-11 16:00,-11.0,-11.2,-10.8,12,1.0
2025-11-11 17:00,-11.36,-11.5,-11.2,12,1.0
2025-11-11 18:00,-11.58,-11.7,-11.5,12,1.0
2025-11-11 19:00,-11.72,-11.8,-11.7,12,1.0
2025-11-11 20:00,-11.81,-11.9,-11.8,12,1.0
2025-11-11 21:00,-11.9,-11.9,-11.9,12,1.0
2025-11-11 22:00,-11.96,-12.0,-11.9,12,1.0
2025-11-11 23:00,-12.0,-12.0,-12.0,12,1.0
2025-11-12 00:00,-12.02,-12.1,-12.0,12,1.0
2025-11-12 01:00,-12.1,-12.1,-12.1,12,1.0
2025-11-12 02:00,-12.1,-12.1,-12.1,12,1.0
2025-11-12 03:00,-12.18,-12.2,-12.1,12,1.0
2025-11-12 04:00,-12.2,-12.2,-12.2,12,1.0
2025-11-12 05:00,-12.23,-12.3,-12.2,12,1.0
2025-11-12 06:00,-12.3,-12.3,-12.3,12,1.0
2025-11-12 07:00,-12.3,-12.3,-12.3,12,1.0
2025-11-12 08:00,-12.38,-12.4,-12.3,12,1.0
2025-11-12 09:00,-12.4,-12.4,-12.4,12,1.0
2025-11-12 10:00,-12.35,-12.4,-12.3,12,1.0
2025-11-12 11:00,-12.35,-12.4,-12.3,12,1.0
2025-11-12 12:00,-12.47,-12.5,-12.4,12,1.0
2025-11-12 13:00,-12.63,-12.8,-12.5,12,1.0
2025-11-12 14:00,-13.05,-13.3,-12.8,12,1.0
2025-11-12 15:00,-13.56,-13.8,-13.3,12,1.0
2025-11-12 16:00,-14.12,-14.4,-13.9,12,1.0
2025-11-12 17:00,-14.62,-14.8,-14.4,12,1.0
2025-11-12 18:00,-14.95,-15.1,-14.8,12,1.0
2025-11-12 19:00,-15.19,-15.3,-15.1,12,1.0
2025-11-12 20:00,-15.37,-15.4,-15.3,12,1.0
2025-11-12 21:00,-15.51,-15.6,-15.5,12,1.0
2025-11-12 22:00,-15.59,-15.6,-15.5,12,1.0
2025-11-12 23:00,-15.69,-15.7,-15.6,12,1.0
2025-11-13 00:00,-15.76,-15.8,-15.7,12,1.0
2025-11-13 01:00,-15.8,-15.8,-15.8,12,1.0
2025-11-13 02:00,-15.88,-15.9,-15.8,12,1.0
2025-11-13 03:00,-15.9,-15.9,-15.9,12,1.0
2025-11-13 04:00,-15.9,-15.9,-15.9,12,1.0
2025-11-13 05:00,-15.91,-16.0,-15.9,12,1.0
2025-11-13 06:00,-15.91,-16.0,-15.9,12,1.0
2025-11-13 07:00,-15.91,-16.0,-15.9,12,1.0
2025-11-13 08:00,-15.9,-15.9,-15.9,12,1.0
2025-11-13 09:00,-15.9,-15.9,-15.9,12,1.0
2025-11-13 10:00,-15.82,-15.9,-15.8,12,1.0
2025-11-13 11:00,-15.71,-15.8,-15.7,12,1.0
2025-11-13 12:00,-15.79,-15.8,-15.7,12,1.0
2025-11-13 13:00,-15.84,-16.0,-15.8,12,1.0
2025-11-13 14:00,-16.13,-16.3,-16.0,12,1.0
2025-11-13 15:00,-16.47,-16.6,-16.3,12,1.0
2025-11-13 16:00,-16.9,-17.1,-16.7,12,1.0
2025-11-13 17:00,-17.32,-17.5,-17.2,12,1.0
2025-11-13 18:00,-17.62,-17.7,-17.5,12,1.0
2025-11-13 19:00,-17.86,-17.9,-17.8,12,1.0
2025-11-13 20:00,-18.03,-18.1,-18.0,12,1.0
2025-11-13 21:00,-18.2,-18.3,-18.1,12,1.0
2025-11-13 22:00,-18.34,-18.4,-18.3,12,1.0
2025-11-13 23:00,-18.42,-18.5,-18.4,12,1.0
2025-11-14 00:00,-18.5,-18.5,-18.5,12,1.0
2025-11-14 01:00,-18.59,-18.6,-18.5,12,1.0
2025-11-14 02:00,-18.63,-18.7,-18.6,12,1.0
2025-11-14 03:00,-18.69,-18.7,-18.6,12,1.0
2025-11-14 04:00,-18.7,-18.7,-18.7,12,1.0
2025-11-14 05:00,-18.7,-18.7,-18.7,12,1.0
2025-11-14 06:00,-18.72,-18.8,-18.7,12,1.0
2025-11-14 07:00,-18.71,-18.8,-18.7,12,1.0
2025-11-14 08:00,-18.7,-18.7,-18.7,12,1.0
2025-11-14 09:00,-18.69,-18.7,-18.6,12,1.0
2025-11-14 10:00,-18.59,-18.6,-18.5,12,1.0
2025-11-14 11:00,-18.5,-18.5,-18.5,12,1.0
2025-11-14 12:00,-18.47,-18.5,-18.4,12,1.0
2025-11-14 13:00,-18.48,-18.6,-18.4,12,1.0
2025-11-14 14:00,-18.7,-18.8,-18.6,12,1.0
2025-11-14 15:00,-18.89,-19.0,-18.8,12,1.0
2025-11-14 16:00,-19.18,-19.3,-19.0,12,1.0
2025-11-14 17:00,-19.47,-19.6,-19.3,12,1.0
2025-11-14 18:00,-19.66,-19.7,-19.6,12,1.0
2025-11-14 19:00,-19.85,-19.9,-19.8,12,1.0
2025-11-14 20:00,-20.03,-20.1,-20.0,12,1.0
2025-11-14 21:00,-20.14,-20.2,-20.1,12,1.0
2025-11-14 22:00,-20.28,-20.4,-20.2,12,1.0
2025-11-14 23:00,-20.42,-20.5,-20.3,12,1.0
2025-11-15 00:00,-20.53,-20.6,-20.5,12,1.0
2025-11-15 01:00,-20.62,-20.7,-20.6,12,1.0
2025-11-15 02:00,-20.7,-20.7,-20.7,12,1.0
2025-11-15 03:00,-20.78,-20.8,-20.7,12,1.0
2025-11-15 04:00,-20.87,-20.9,-20.8,12,1.0
2025-11-15 05:00,-20.93,-21.0,-20.9,12,1.0
2025-11-15 06:00,-21.01,-21.1,-21.0,12,1.0
2025-11-15 07:00,-21.07,-21.1,-21.0,12,1.0
2025-11-15 08:00,-21.1,-21.1,-21.1,12,1.0
2025-11-15 09:00,-21.1,-21.1,-21.1,12,1.0
2025-11-15 10:00,-21.09,-21.1,-21.0,12,1.0
2025-11-15 11:00,-21.01,-21.1,-21.0,12,1.0
2025-11-15 12:00,-20.92,-21.0,-20.9,12,1.0
2025-11-15 13:00,-20.78,-20.9,-20.7,12,1.0
2025-11-15 14:00,-20.58,-20.7,-20.5,12,1.0
2025-11-15 15:00,-20.5,-20.5,-20.5,12,1.0
2025-11-15 16:00,-20.58,-20.6,-20.5,12,1.0
2025-11-15 17:00,-20.76,-20.8,-20.7,12,1.0
2025-11-15 18:00,-20.93,-21.0,-20.8,12,1.0
2025-11-15 19:00,-21.1,-21.2,-21.0,12,1.0
2025-11-15 20:00,-21.24,-21.3,-21.2,12,1.0
2025-11-15 21:00,-21.38,-21.4,-21.3,12,1.0
2025-11-15 22:00,-21.5,-21.6,-21.4,12,1.0
2025-11-15 23:00,-21.64,-21.7,-21.6,12,1.0
2025-11-16 00:00,-21.78,-21.8,-21.7,12,1.0
2025-11-16 01:00,-21.88,-21.9,-21.8,12,1.0
2025-11-16 02:00,-21.97,-22.0,-21.9,12,1.0
2025-11-16 03:00,-22.08,-22.1,-22.0,12,1.0
2025-11-16 04:00,-22.18,-22.3,-22.1,12,1.0
2025-11-16 05:00,-22.28,-22.3,-22.2,12,1.0
2025-11-16 06:00,-22.38,-22.4,-22.3,12,1.0
2025-11-16 07:00,-22.46,-22.5,-22.4,12,1.0
2025-11-16 08:00,-22.53,-22.6,-22.5,12,1.0
2025-11-16 09:00,-22.6,-22.6,-22.6,12,1.0
2025-11-16 10:00,-22.6,-22.6,-22.6,12,1.0
2025-11-16 11:00,-22.54,-22.6,-22.5,12,1.0
2025-11-16 12:00,-22.48,-22.5,-22.4,12,1.0
2025-11-16 13:00,-22.36,-22.4,-22.3,12,1.0
2025-11-16 14:00,-22.23,-22.3,-22.2,12,1.0
2025-11-16 15:00,-22.22,-22.3,-22.2,12,1.0
2025-11-16 16:00,-22.32,-22.4,-22.3,12,1.0
2025-11-16 17:00,-22.46,-22.5,-22.4,12,1.0
2025-11-16 18:00,-22.62,-22.7,-22.5,12,1.0
2025-11-16 19:00,-22.75,-22.8,-22.7,12,1.0
2025-11-16 20:00,-22.9,-23.0,-22.8,12,1.0
2025-11-16 21:00,-23.04,-23.1,-23.0,12,1.0
2025-11-16 22:00,-23.18,-23.3,-23.1,12,1.0
2025-11-16 23:00,-23.32,-23.4,-23.2,12,1.0
2025-11-17 00:00,-23.44,-23.5,-23.4,12,1.0
2025-11-17 01:00,-23.54,-23.6,-23.5,12,1.0
2025-11-17 02:00,-23.67,-23.7,-23.6,12,1.0
2025-11-17 03:00,-23.76,-23.8,-23.7,12,1.0
2025-11-17 04:00,-23.89,-23.9,-23.8,12,1.0
2025-11-17 05:00,-23.98,-24.0,-23.9,12,1.0
2025-11-17 06:00,-24.08,-24.1,-24.0,12,1.0
2025-11-17 07:00,-24.11,-24.2,-24.1,12,1.0
2025-11-17 08:00,-24.2,-24.2,-24.2,12,1.0
2025-11-17 09:00,-24.2,-24.2,-24.2,12,1.0
2025-11-17 10:00,-24.2,-24.2,-24.2,12,1.0
2025-11-17 11:00,-24.15,-24.2,-24.1,12,1.0
2025-11-17 12:00,-24.2,-24.2,-24.2,12,1.0
2025-11-17 13:00,-24.18,-24.2,-24.1,12,1.0
2025-11-17 14:00,-24.2,-24.2,-24.2,12,1.0
2025-11-17 15:00,-24.18,-24.2,-24.1,12,1.0
2025-11-17 16:00,-24.22,-24.3,-24.2,12,1.0
2025-11-17 17:00,-24.3,-24.3,-24.3,12,1.0
2025-11-17 18:00,-24.38,-24.4,-24.3,12,1.0
2025-11-17 19:00,-24.48,-24.5,-24.4,12,1.0
2025-11-17 20:00,-24.58,-24.6,-24.5,12,1.0
2025-11-17 21:00,-24.68,-24.8,-24.6,12,1.0
2025-11-17 22:00,-24.77,-24.8,-24.7,12,1.0
2025-11-17 23:00,-24.87,-24.9,-24.8,12,1.0
2025-11-18 00:00,-24.97,-25.0,-24.9,12,1.0
2025-11-18 01:00,-25.03,-25.1,-25.0,12,1.0
2025-11-18 02:00,-25.1,-25.1,-25.1,12,1.0
2025-11-18 03:00,-25.19,-25.3,-25.1,12,1.0
2025-11-18 04:00,-25.28,-25.3,-25.2,12,1.0
2025-11-18 05:00,-25.32,-25.4,-25.3,12,1.0
2025-11-18 06:00,-25.36,-25.4,-25.3,12,1.0
2025-11-18 07:00,-25.32,-25.4,-25.3,12,1.0
2025-11-18 08:00,-25.28,-25.3,-25.2,12,1.0
2025-11-18 09:00,-9.4,-25.3,-0.3,12,1.0
2025-11-18 10:00,-0.36,-0.4,-0.3,12,1.0
2025-11-18 11:00,-0.4,-0.4,-0.4,12,1.0
2025-11-18 12:00,-0.46,-0.5,-0.4,12,1.0
2025-11-18 13:00,-0.5,-0.5,-0.5,12,1.0
2025-11-18 14:00,-0.56,-0.6,-0.5,12,1.0
2025-11-18 15:00,-0.62,-0.7,-0.6,12,1.0
2025-11-18 16:00,-0.7,-0.7,-0.7,12,1.0
2025-11-18 17:00,-0.7,-0.7,-0.7,12,1.0
2025-11-18 18:00,-0.7,-0.7,-0.7,12,1.0
2025-11-18 19:00,-0.7,-0.7,-0.7,12,1.0
2025-11-18 20:00,-0.7,-0.7,-0.7,12,1.0
2025-11-18 21:00,-0.65,-0.7,-0.6,12,1.0
2025-11-18 22:00,-0.6,-0.6,-0.6,12,1.0
2025-11-18 23:00,-0.6,-0.6,-0.6,12,1.0
2025-11-19 00:00,-0.6,-0.6,-0.6,12,1.0
2025-11-19 01:00,-0.6,-0.6,-0.6,12,1.0
2025-11-19 02:00,-0.6,-0.6,-0.6,12,1.0
2025-11-19 03:00,-0.6,-0.6,-0.6,12,1.0
2025-11-19 04:00,-0.6,-0.6,-0.6,12,1.0
2025-11-19 05:00,-0.6,-0.6,-0.6,12,1.0
2025-11-19 06:00,-0.6,-0.6,-0.6,12,1.0
2025-11-19 07:00,-0.6,-0.6,-0.6,12,1.0
2025-11-19 08:00,-0.6,-0.6,-0.6,12,1.0
2025-11-19 09:00,-0.62,-0.7,-0.6,12,1.0
2025-11-19 10:00,-0.7,-0.7,-0.7,12,1.0
2025-11-19 11:00,-0.7,-0.7,-0.7,12,1.0
2025-11-19 12:00,-0.79,-0.8,-0.7,12,1.0
2025-11-19 13:00,-0.86,-0.9,-0.8,12,1.0
2025-11-19 14:00,-0.98,-1.0,-0.9,12,1.0
2025-11-19 15:00,-1.09,-1.1,-1.0,12,1.0
2025-11-19 16:00,-1.18,-1.2,-1.1,12,1.0
2025-11-19 17:00,-1.2,-1.2,-1.2,12,1.0
2025-11-19 18:00,-0.89,-1.1,-0.7,12,1.0
2025-11-19 19:00,-0.7,-0.7,-0.7,12,1.0
2025-11-19 20:00,-0.72,-0.8,-0.7,12,1.0
2025-11-19 21:00,-0.8,-0.8,-0.8,12,1.0
2025-11-19 22:00,-0.8,-0.8,-0.8,12,1.0
2025-11-19 23:00,-0.89,-0.9,-0.8,12,1.0
2025-11-20 00:00,-0.9,-0.9,-0.9,12,1.0
2025-11-20 01:00,-0.96,-1.0,-0.9,12,1.0
2025-11-20 02:00,-1.0,-1.0,-1.0,12,1.0
2025-11-20 03:00,-1.05,-1.1,-1.0,12,1.0
2025-11-20 04:00,-1.1,-1.1,-1.1,12,1.0
2025-11-20 05:00,-1.12,-1.2,-1.1,12,1.0
2025-11-20 06:00,-1.2,-1.2,-1.2,12,1.0
2025-11-20 07:00,-1.22,-1.3,-1.2,12,1.0
2025-11-20 08:00,-1.3,-1.3,-1.3,12,1.0
2025-11-20 09:00,-1.34,-1.4,-1.3,12,1.0
2025-11-20 10:00,-1.42,-1.5,-1.4,12,1.0
2025-11-20 11:00,-1.53,-1.6,-1.5,12,1.0
2025-11-20 12:00,-1.68,-1.8,-1.6,12,1.0
2025-11-20 13:00,-1.88,-2.0,-1.8,12,1.0
2025-11-20 14:00,-2.11,-2.2,-2.0,12,1.0
2025-11-20 15:00,-2.31,-2.4,-2.2,12,1.0
2025-11-20 16:00,-2.38,-2.5,-1.5,12,1.0
2025-11-20 17:00,-0.62,-1.1,-0.5,12,1.0
2025-11-20 18:00,-0.5,-0.5,-0.5,12,1.0
2025-11-20 19:00,-0.5,-0.5,-0.5,12,1.0
2025-11-20 20:00,-0.52,-0.6,-0.5,12,1.0
2025-11-20 21:00,-0.41,-0.5,-0.4,12,1.0
2025-11-20 22:00,-0.47,-0.5,-0.4,12,1.0
2025-11-20 23:00,-0.5,-0.5,-0.5,12,1.0
2025-11-21 00:00,-0.5,-0.5,-0.5,12,1.0
2025-11-21 01:00,-0.5,-0.5,-0.5,12,1.0
2025-11-21 02:00,-0.5,-0.5,-0.5,12,1.0
2025-11-21 03:00,-0.28,-0.4,-0.2,12,1.0
2025-11-21 04:00,-0.2,-0.2,-0.2,12,1.0
2025-11-21 05:00,-0.23,-0.3,-0.2,12,1.0
2025-11-21 06:00,-0.3,-0.3,-0.3,12,1.0
2025-11-21 07:00,-0.3,-0.3,-0.3,12,1.0
2025-11-21 08:00,-0.3,-0.3,-0.3,12,1.0
2025-11-21 09:00,-0.3,-0.3,-0.3,12,1.0
2025-11-21 10:00,-0.21,-0.3,-0.2,12,1.0
2025-11-21 11:00,-0.29,-0.3,-0.2,12,1.0
2025-11-21 12:00,-0.3,-0.3,-0.3,12,1.0
2025-11-21 13:00,-0.3,-0.3,-0.3,12,1.0
2025-11-21 14:00,-0.3,-0.3,-0.3,12,1.0
2025-11-21 15:00,-0.3,-0.3,-0.3,12,1.0
2025-11-21 16:00,-0.3,-0.3,-0.3,12,1.0
2025-11-21 17:00,-0.32,-0.4,-0.3,12,1.0
2025-11-21 18:00,-0.3,-0.3,-0.3,12,1.0
2025-11-21 19:00,-0.3,-0.3,-0.3,12,1.0
2025-11-21 20:00,-0.3,-0.3,-0.3,12,1.0
2025-11-21 21:00,-0.3,-0.3,-0.3,12,1.0
2025-11-21 22:00,-0.29,-0.3,-0.2,12,1.0
2025-11-21 23:00,-0.2,-0.2,-0.2,12,1.0
2025-11-22 00:00,-0.27,-0.3,-0.2,12,1.0
2025-11-22 01:00,-0.3,-0.3,-0.3,12,1.0
2025-11-22 02:00,-0.24,-0.3,-0.2,12,1.0
2025-11-22 03:00,-0.2,-0.2,-0.2,12,1.0
2025-11-22 04:00,-0.2,-0.2,-0.2,12,1.0
2025-11-22 05:00,-0.2,-0.2,-0.2,12,1.0
2025-11-22 06:00,-0.2,-0.2,-0.2,12,1.0
2025-11-22 07:00,-0.26,-0.3,-0.2,12,1.0
2025-11-22 08:00,-0.27,-0.3,-0.2,12,1.0
2025-11-22 09:00,-0.3,-0.3,-0.3,12,1.0
2025-11-22 10:00,-0.29,-0.3,-0.2,12,1.0
2025-11-22 11:00,-0.3,-0.3,-0.3,12,1.0
2025-11-22 12:00,-0.3,-0.3,-0.3,12,1.0
2025-11-22 13:00,-0.3,-0.3,-0.3,12,1.0
2025-11-22 14:00,-0.23,-0.3,-0.2,12,1.0
2025-11-22 15:00,-0.2,-0.2,-0.2,12,1.0
2025-11-22 16:00,-0.2,-0.2,-0.2,12,1.0
2025-11-22 17:00,-0.2,-0.2,-0.2,12,1.0
2025-11-22 18:00,-0.26,-0.3,-0.2,12,1.0
2025-11-22 19:00,-0.3,-0.3,-0.3,12,1.0
2025-11-22 20:00,-0.3,-0.3,-0.3,12,1.0
2025-11-22 21:00,-0.3,-0.3,-0.3,12,1.0
2025-11-22 22:00,-0.3,-0.3,-0.3,12,1.0
2025-11-22 23:00,-0.3,-0.3,-0.3,12,1.0
2025-11-23 00:00,-0.3,-0.3,-0.3,12,1.0
2025-11-23 01:00,-0.3,-0.3,-0.3,12,1.0
2025-11-23 02:00,-0.3,-0.3,-0.3,12,1.0
2025-11-23 03:00,-0.38,-0.4,-0.3,12,1.0
2025-11-23 04:00,-0.4,-0.4,-0.4,12,1.0
2025-11-23 05:00,-0.4,-0.4,-0.4,12,1.0
2025-11-23 06:00,-0.4,-0.4,-0.4,12,1.0
2025-11-23 07:00,-0.4,-0.4,-0.4,12,1.0
2025-11-23 08:00,-0.4,-0.4,-0.4,12,1.0
2025-11-23 09:00,-0.48,-0.5,-0.4,12,1.0
2025-11-23 10:00,-0.5,-0.5,-0.5,12,1.0
2025-11-23 11:00,-0.52,-0.6,-0.5,12,1.0
2025-11-23 12:00,-0.6,-0.6,-0.6,12,1.0
2025-11-23 13:00,-0.67,-0.7,-0.6,12,1.0
2025-11-23 14:00,-0.77,-0.8,-0.7,12,1.0
2025-11-23 15:00,-0.89,-1.0,-0.8,12,1.0
2025-11-23 16:00,-1.03,-1.1,-1.0,12,1.0
2025-11-23 17:00,-1.1,-1.1,-1.1,12,1.0
2025-11-23 18:00,-1.16,-1.2,-1.1,12,1.0
2025-11-23 19:00,-1.21,-1.3,-1.2,12,1.0
2025-11-23 20:00,-1.29,-1.3,-1.2,12,1.0
2025-11-23 21:00,-1.35,-1.4,-1.3,12,1.0
2025-11-23 22:00,-1.4,-1.4,-1.4,12,1.0
2025-11-23 23:00,-1.49,-1.5,-1.4,12,1.0
2025-11-24 00:00,-1.56,-1.6,-1.5,12,1.0
2025-11-24 01:00,-1.61,-1.7,-1.6,12,1.0
2025-11-24 02:00,-1.7,-1.7,-1.7,12,1.0
2025-11-24 03:00,-1.8,-1.8,-1.8,12,1.0
2025-11-24 04:00,-1.88,-1.9,-1.8,12,1.0
2025-11-24 05:00,-1.98,-2.0,-1.9,12,1.0
2025-11-24 06:00,-2.0,-2.0,-2.0,12,1.0
2025-11-24 07:00,-1.63,-1.9,-1.5,12,1.0
2025-11-24 08:00,-1.36,-1.5,-1.2,12,1.0
2025-11-24 09:00,-0.94,-1.1,-0.8,12,1.0
2025-11-24 10:00,-0.69,-0.8,-0.6,12,1.0
2025-11-24 11:00,-0.6,-0.6,-0.6,12,1.0
2025-11-24 12:00,-0.42,-0.5,-0.4,12,1.0
2025-11-24 13:00,-0.4,-0.4,-0.4,12,1.0
2025-11-24 14:00,-0.27,-0.4,-0.2,12,1.0
2025-11-24 15:00,-0.2,-0.2,-0.2,12,1.0
2025-11-24 16:00,-0.2,-0.2,-0.2,12,1.0
2025-11-24 17:00,-0.2,-0.2,-0.2,12,1.0
2025-11-24 18:00,-0.2,-0.2,-0.2,12,1.0
2025-11-24 19:00,-0.25,-0.3,-0.2,12,1.0
2025-11-24 20:00,-0.3,-0.3,-0.3,12,1.0
2025-11-24 21:00,-0.3,-0.3,-0.3,12,1.0
2025-11-24 22:00,-0.3,-0.3,-0.3,12,1.0
2025-11-24 23:00,-0.3,-0.3,-0.3,12,1.0
2025-11-25 00:00,-0.36,-0.4,-0.3,12,1.0
2025-11-25 01:00,-0.34,-0.4,-0.3,12,1.0
2025-11-25 02:00,-0.3,-0.3,-0.3,12,1.0
2025-11-25 03:00,-0.32,-0.4,-0.3,12,1.0
2025-11-25 04:00,-0.3,-0.3,-0.3,12,1.0
2025-11-25 05:00,-0.3,-0.3,-0.3,12,1.0
2025-11-25 06:00,-0.25,-0.3,-0.2,12,1.0
2025-11-25 07:00,-0.28,-0.3,-0.2,12,1.0
2025-11-25 08:00,-0.3,-0.3,-0.3,12,1.0
2025-11-25 09:00,-0.3,-0.3,-0.3,12,1.0
2025-11-25 10:00,-0.3,-0.3,-0.3,12,1.0
2025-11-25 11:00,-0.3,-0.3,-0.3,12,1.0
2025-11-25 12:00,-0.3,-0.3,-0.3,12,1.0
2025-11-25 13:00,-0.3,-0.3,-0.3,12,1.0
2025-11-25 14:00,-0.32,-0.4,-0.3,12,1.0
2025-11-25 15:00,-0.35,-0.4,-0.3,12,1.0
2025-11-25 16:00,-0.2,-0.2,-0.2,12,1.0
2025-11-25 17:00,-0.2,-0.2,-0.2,12,1.0
2025-11-25 18:00,-0.2,-0.2,-0.2,12,1.0
2025-11-25 19:00,-0.2,-0.2,-0.2,12,1.0
2025-11-25 20:00,-0.2,-0.2,-0.2,12,1.0
2025-11-25 21:00,-0.2,-0.2,-0.2,12,1.0
2025-11-25 22:00,-0.2,-0.2,-0.2,12,1.0
2025-11-25 23:00,-0.2,-0.2,-0.2,12,1.0
2025-11-26 00:00,-0.2,-0.2,-0.2,12,1.0
2025-11-26 01:00,-0.28,-0.3,-0.2,12,1.0
2025-11-26 02:00,-0.3,-0.3,-0.3,12,1.0
2025-11-26 03:00,-0.3,-0.3,-0.3,12,1.0
2025-11-26 04:00,-0.3,-0.3,-0.3,12,1.0
2025-11-26 05:00,-0.3,-0.3,-0.3,12,1.0
2025-11-26 06:00,-0.3,-0.3,-0.3,12,1.0
2025-11-26 07:00,-0.3,-0.3,-0.3,12,1.0
2025-11-26 08:00,-0.3,-0.3,-0.3,12,1.0
2025-11-26 09:00,-0.3,-0.3,-0.3,12,1.0
2025-11-26 10:00,-0.37,-0.4,-0.3,12,1.0
2025-11-26 11:00,-0.4,-0.4,-0.4,12,1.0
2025-11-26 12:00,-0.4,-0.4,-0.4,12,1.0
2025-11-26 13:00,-0.43,-0.5,-0.4,12,1.0
2025-11-26 14:00,-0.5,-0.5,-0.5,12,1.0
2025-11-26 15:00,-0.41,-0.5,-0.2,12,1.0
2025-11-26 16:00,-0.2,-0.2,-0.2,12,1.0
2025-11-26 17:00,-0.2,-0.2,-0.2,12,1.0
2025-11-26 18:00,-0.3,-0.3,-0.3,12,1.0
2025-11-26 19:00,-0.3,-0.3,-0.3,12,1.0
2025-11-26 20:00,-0.3,-0.3,-0.3,12,1.0
2025-11-26 21:00,-0.27,-0.3,-0.2,12,1.0
2025-11-26 22:00,-0.2,-0.2,-0.2,12,1.0
2025-11-26 23:00,-0.2,-0.2,-0.2,12,1.0
2025-11-27 00:00,-0.26,-0.3,-0.2,12,1.0
2025-11-27 01:00,-0.3,-0.3,-0.3,12,1.0
2025-11-27 02:00,-0.3,-0.3,-0.3,12,1.0
2025-11-27 03:00,-0.3,-0.3,-0.3,12,1.0
2025-11-27 04:00,-0.3,-0.3,-0.3,12,1.0
2025-11-27 05:00,-0.3,-0.3,-0.3,12,1.0
2025-11-27 06:00,-0.34,-0.4,-0.3,12,1.0
2025-11-27 07:00,-0.4,-0.4,-0.4,12,1.0
2025-11-27 08:00,-0.4,-0.4,-0.4,12,1.0
2025-11-27 09:00,-0.4,-0.4,-0.4,12,1.0
2025-11-27 10:00,-0.4,-0.4,-0.4,12,1.0
2025-11-27 11:00,-0.47,-0.5,-0.4,12,1.0
2025-11-27 12:00,-0.5,-0.5,-0.5,12,1.0
2025-11-27 13:00,-0.5,-0.5,-0.5,12,1.0
2025-11-27 14:00,-0.57,-0.6,-0.5,12,1.0
2025-11-27 15:00,-0.6,-0.6,-0.6,12,1.0
2025-11-27 16:00,-0.6,-0.6,-0.6,12,1.0
2025-11-27 17:00,-0.6,-0.6,-0.6,12,1.0
2025-11-27 18:00,-0.6,-0.6,-0.6,12,1.0
2025-11-27 19:00,-0.61,-0.7,-0.6,12,1.0
2025-11-27 20:00,-0.69,-0.7,-0.6,12,1.0
2025-11-27 21:00,-0.7,-0.7,-0.7,12,1.0
2025-11-27 22:00,-0.73,-0.8,-0.7,12,1.0
2025-11-27 23:00,-0.8,-0.8,-0.8,12,1.0
2025-11-28 00:00,-0.8,-0.8,-0.8,12,1.0
2025-11-28 01:00,-0.85,-0.9,-0.8,12,1.0
2025-11-28 02:00,-0.9,-0.9,-0.9,12,1.0
2025-11-28 03:00,-0.92,-1.0,-0.9,12,1.0
2025-11-28 04:00,-1.0,-1.0,-1.0,12,1.0
2025-11-28 05:00,-1.02,-1.1,-1.0,12,1.0
2025-11-28 06:00,-1.1,-1.1,-1.1,12,1.0
2025-11-28 07:00,-1.11,-1.2,-1.1,12,1.0
2025-11-28 08:00,-1.2,-1.2,-1.2,12,1.0
2025-11-28 09:00,-1.2,-1.2,-1.2,12,1.0
2025-11-28 10:00,-1.3,-1.3,-1.3,12,1.0
2025-11-28 11:00,-1.36,-1.4,-1.3,12,1.0
2025-11-28 12:00,-1.47,-1.5,-1.4,12,1.0
2025-11-28 13:00,-1.62,-1.7,-1.5,12,1.0
2025-11-28 14:00,-1.77,-1.8,-1.7,12,1.0
2025-11-28 15:00,-1.93,-2.0,-1.9,12,1.0
2025-11-28 16:00,-2.07,-2.1,-2.0,12,1.0
2025-11-28 17:00,-2.24,-2.3,-2.2,12,1.0
2025-11-28 18:00,-2.3,-2.3,-2.3,12,1.0
2025-11-28 19:00,-2.38,-2.4,-2.3,12,1.0
2025-11-28 20:00,-2.5,-2.5,-2.5,12,1.0
2025-11-28 21:00,-2.64,-2.7,-2.6,12,1.0
2025-11-28 22:00,-2.77,-2.8,-2.7,12,1.0
2025-11-28 23:00,-2.92,-3.0,-2.8,12,1.0
2025-11-29 00:00,-3.08,-3.2,-3.0,12,1.0
2025-11-29 01:00,-3.24,-3.3,-3.2,12,1.0
2025-11-29 02:00,-3.42,-3.5,-3.3,12,1.0
2025-11-29 03:00,-3.58,-3.7,-3.5,12,1.0
2025-11-29 04:00,-3.79,-3.9,-3.7,12,1.0
2025-11-29 05:00,-3.99,-4.1,-3.9,12,1.0
2025-11-29 06:00,-4.23,-4.3,-4.1,12,1.0
2025-11-29 07:00,-4.44,-4.6,-4.3,12,1.0
2025-11-29 08:00,-4.67,-4.7,-4.6,12,1.0
2025-11-29 09:00,-4.88,-5.0,-4.8,12,1.0
2025-11-29 10:00,-5.05,-5.1,-5.0,12,1.0
2025-11-29 11:00,-5.17,-5.2,-5.1,12,1.0
2025-11-29 12:00,-5.34,-5.4,-5.2,12,1.0
2025-11-29 13:00,-5.61,-5.8,-5.5,12,1.0
2025-11-29 14:00,-6.0,-6.2,-5.8,12,1.0
2025-11-29 15:00,-6.43,-6.7,-6.2,12,1.0
2025-11-29 16:00,-7.04,-7.3,-6.8,12,1.0
2025-11-29 17:00,-7.68,-7.9,-7.4,12,1.0
2025-11-29 18:00,-8.11,-8.3,-8.0,12,1.0
2025-11-29 19:00,-8.42,-8.5,-8.3,12,1.0
2025-11-29 20:00,-8.59,-8.7,-8.5,12,1.0
2025-11-29 21:00,-8.72,-8.8,-8.7,12,1.0
2025-11-29 22:00,-8.82,-8.9,-8.8,12,1.0
2025-11-29 23:00,-8.92,-9.0,-8.9,12,1.0
2025-11-30 00:00,-9.0,-9.0,-9.0,12,1.0
2025-11-30 01:00,-9.06,-9.1,-9.0,12,1.0
2025-11-30 02:00,-9.1,-9.1,-9.1,12,1.0
2025-11-30 03:00,-9.19,-9.2,-9.1,12,1.0
2025-11-30 04:00,-9.2,-9.2,-9.2,12,1.0
2025-11-30 05:00,-9.22,-9.3,-9.2,12,1.0
2025-11-30 06:00,-9.26,-9.3,-9.2,12,1.0
2025-11-30 07:00,-9.3,-9.3,-9.3,12,1.0
2025-11-30 08:00,-9.3,-9.3,-9.3,12,1.0
2025-11-30 09:00,-9.28,-9.3,-9.2,12,1.0
2025-11-30 10:00,-9.21,-9.3,-9.1,12,1.0
2025-11-30 11:00,-9.24,-9.3,-9.2,12,1.0
2025-11-30 12:00,-9.38,-9.5,-9.3,12,1.0
2025-11-30 13:00,-9.68,-9.9,-9.5,12,1.0
2025-11-30 14:00,-10.1,-10.2,-10.0,12,1.0
2025-11-30 15:00,-10.42,-10.6,-10.3,12,1.0
2025-11-30 16:00,-10.78,-11.0,-10.6,12,1.0
2025-11-30 17:00,-11.1,-11.2,-11.0,12,1.0
2025-11-30 18:00,-11.32,-11.4,-11.2,12,1.0
2025-11-30 19:00,-11.44,-11.5,-11.4,12,1.0
2025-11-30 20:00,-11.5,-11.5,-11.5,12,1.0
2025-11-30 21:00,-11.52,-11.6,-11.5,12,1.0
2025-11-30 22:00,-11.6,-11.6,-11.6,12,1.0
2025-11-30 23:00,-11.6,-11.6,-11.6,12,1.0
2025-12-01 00:00,-11.6,-11.6,-11.6,12,1.0
2025-12-01 01:00,-11.6,-11.6,-11.6,12,1.0
2025-12-01 02:00,-11.6,-11.6,-11.6,12,1.0
2025-12-01 03:00,-11.6,-11.6,-11.6,12,1.0
2025-12-01 04:00,-11.6,-11.6,-11.6,12,1.0
2025-12-01 05:00,-11.6,-11.6,-11.6,12,1.0
2025-12-01 06:00,-11.6,-11.6,-11.6,12,1.0
2025-12-01 07:00,-11.6,-11.6,-11.6,12,1.0
2025-12-01 08:00,-11.58,-11.6,-11.5,12,1.0
2025-12-01 09:00,-11.51,-11.6,-11.5,12,1.0
2025-12-01 10:00,-11.5,-11.5,-11.5,12,1.0
2025-12-01 11:00,-11.5,-11.5,-11.5,12,1.0
2025-12-01 12:00,-11.5,-11.5,-11.5,12,1.0
2025-12-01 13:00,-11.57,-11.6,-11.5,12,1.0
2025-12-01 14:00,-11.72,-11.8,-11.6,12,1.0
2025-12-01 15:00,-12.0,-12.1,-11.9,12,1.0
2025-12-01 16:00,-12.29,-12.4,-12.1,12,1.0
2025-12-01 17:00,-12.57,-12.7,-12.5,12,1.0
2025-12-01 18:00,-12.76,-12.8,-12.7,12,1.0
2025-12-01 19:00,-12.88,-12.9,-12.8,12,1.0
2025-12-01 20:00,-12.97,-13.0,-12.9,12,1.0
2025-12-01 21:00,-13.0,-13.0,-13.0,12,1.0
2025-12-01 22:00,-13.08,-13.1,-13.0,12,1.0
2025-12-01 23:00,-13.1,-13.1,-13.1,12,1.0
2025-12-02 00:00,-13.03,-13.1,-13.0,12,1.0
2025-12-02 01:00,-13.0,-13.0,-13.0,12,1.0
2025-12-02 02:00,-12.91,-13.0,-12.9,12,1.0
2025-12-02 03:00,-12.83,-12.9,-12.8,12,1.0
2025-12-02 04:00,-12.72,-12.8,-12.6,12,1.0
2025-12-02 05:00,-12.42,-12.6,-12.3,12,1.0
2025-12-02 06:00,-12.16,-12.3,-12.0,12,1.0
2025-12-02 07:00,-11.79,-12.0,-11.6,12,1.0
2025-12-02 08:00,-11.53,-11.6,-11.5,12,1.0
2025-12-02 09:00,-11.32,-11.5,-11.0,12,1.0
2025-12-02 10:00,-10.54,-10.9,-10.2,12,1.0
2025-12-02 11:00,-5.51,-10.1,-0.7,12,1.0
2025-12-02 12:00,-0.38,-0.6,-0.3,12,1.0
2025-12-02 13:00,-0.3,-0.3,-0.3,12,1.0
2025-12-02 14:00,-0.36,-0.4,-0.3,12,1.0
2025-12-02 15:00,-0.38,-0.4,-0.3,12,1.0
2025-12-02 16:00,-0.3,-0.3,-0.3,12,1.0
2025-12-02 17:00,-0.3,-0.3,-0.3,12,1.0
2025-12-02 18:00,-0.32,-0.4,-0.3,12,1.0
2025-12-02 19:00,-0.4,-0.4,-0.4,12,1.0
2025-12-02 20:00,-0.4,-0.4,-0.4,12,1.0
2025-12-02 21:00,-0.35,-0.4,-0.3,12,1.0
2025-12-02 22:00,-0.36,-0.4,-0.3,12,1.0
2025-12-02 23:00,-0.4,-0.4,-0.4,12,1.0
2025-12-03 00:00,-0.4,-0.4,-0.4,12,1.0
2025-12-03 01:00,-0.4,-0.4,-0.4,12,1.0
2025-12-03 02:00,-0.4,-0.4,-0.4,12,1.0
2025-12-03 03:00,-0.4,-0.4,-0.4,12,1.0
2025-12-03 04:00,-0.45,-0.5,-0.4,12,1.0
2025-12-03 05:00,-0.5,-0.5,-0.5,12,1.0
2025-12-03 06:00,-0.5,-0.5,-0.5,12,1.0
2025-12-03 07:00,-0.5,-0.5,-0.5,12,1.0
2025-12-03 08:00,-0.5,-0.5,-0.5,12,1.0
2025-12-03 09:00,-0.5,-0.5,-0.5,12,1.0
2025-12-03 10:00,-0.5,-0.5,-0.5,12,1.0
2025-12-03 11:00,-0.59,-0.6,-0.5,12,1.0
2025-12-03 12:00,-0.6,-0.6,-0.6,12,1.0
2025-12-03 13:00,-0.65,-0.7,-0.6,12,1.0
2025-12-03 14:00,-0.73,-0.8,-0.7,12,1.0
2025-12-03 15:00,-0.84,-0.9,-0.8,12,1.0
2025-12-03 16:00,-0.92,-1.0,-0.9,12,1.0
2025-12-03 17:00,-1.0,-1.0,-1.0,12,1.0
2025-12-03 18:00,-1.04,-1.1,-1.0,12,1.0
2025-12-03 19:00,-1.1,-1.1,-1.1,12,1.0
2025-12-03 20:00,-1.17,-1.2,-1.1,12,1.0
2025-12-03 21:00,-1.21,-1.3,-1.2,12,1.0
2025-12-03 22:00,-1.3,-1.3,-1.3,12,1.0
2025-12-03 23:00,-1.34,-1.4,-1.3,12,1.0
2025-12-04 00:00,-1.41,-1.5,-1.4,12,1.0
2025-12-04 01:00,-1.5,-1.5,-1.5,12,1.0
2025-12-04 02:00,-1.58,-1.6,-1.5,12,1.0
2025-12-04 03:00,-1.65,-1.7,-1.6,12,1.0
2025-12-04 04:00,-1.75,-1.8,-1.7,12,1.0
2025-12-04 05:00,-1.84,-1.9,-1.8,12,1.0
2025-12-04 06:00,-1.9,-1.9,-1.9,12,1.0
2025-12-04 07:00,-1.92,-2.0,-1.9,12,1.0
2025-12-04 08:00,-1.86,-1.9,-1.8,12,1.0
2025-12-04 09:00,-1.9,-1.9,-1.9,12,1.0
2025-12-04 10:00,-1.98,-2.0,-1.9,12,1.0
2025-12-04 11:00,-2.07,-2.1,-2.0,12,1.0
2025-12-04 12:00,-2.23,-2.3,-2.1,12,1.0
2025-12-04 13:00,-2.5,-2.7,-2.4,12,1.0
2025-12-04 14:00,-2.83,-3.0,-2.7,12,1.0
2025-12-04 15:00,-3.12,-3.2,-3.0,12,1.0
2025-12-04 16:00,-3.43,-3.6,-3.3,12,1.0
2025-12-04 17:00,-3.74,-3.9,-3.6,12,1.0
2025-12-04 18:00,-4.07,-4.2,-3.9,12,1.0
2025-12-04 19:00,-4.32,-4.5,-4.2,12,1.0
2025-12-04 20:00,-4.62,-4.8,-4.5,12,1.0
2025-12-04 21:00,-4.57,-4.9,-3.5,12,1.0
2025-12-04 22:00,-2.4,-3.2,-2.0,12,1.0
2025-12-04 23:00,-1.97,-2.0,-1.9,12,1.0
2025-12-05 00:00,-1.92,-2.0,-1.9,12,1.0
2025-12-05 01:00,-2.0,-2.0,-2.0,12,1.0
2025-12-05 02:00,-1.47,-2.0,-0.9,12,1.0
2025-12-05 03:00,-0.82,-0.9,-0.8,12,1.0
2025-12-05 04:00,-0.8,-0.8,-0.8,12,1.0
2025-12-05 05:00,-0.8,-0.8,-0.8,12,1.0
2025-12-05 06:00,-0.8,-0.8,-0.8,12,1.0
2025-12-05 07:00,-0.8,-0.8,-0.8,12,1.0
2025-12-05 08:00,-0.87,-0.9,-0.8,12,1.0
2025-12-05 09:00,-0.9,-0.9,-0.9,12,1.0
2025-12-05 10:00,-0.93,-1.0,-0.9,12,1.0
2025-12-05 11:00,-1.0,-1.0,-1.0,12,1.0
2025-12-05 12:00,-1.09,-1.1,-1.0,12,1.0
2025-12-05 13:00,-1.22,-1.3,-1.1,12,1.0
2025-12-05 14:00,-1.38,-1.5,-1.3,12,1.0
2025-12-05 15:00,-1.6,-1.7,-1.5,12,1.0
2025-12-05 16:00,-1.86,-2.0,-1.7,12,1.0
2025-12-05 17:00,-2.1,-2.2,-2.0,12,1.0
2025-12-05 18:00,-2.28,-2.4,-2.2,12,1.0
2025-12-05 19:00,-2.44,-2.5,-2.4,12,1.0
2025-12-05 20:00,-2.58,-2.7,-2.5,12,1.0
2025-12-05 21:00,-2.77,-2.8,-2.7,12,1.0
2025-12-05 22:00,-2.96,-3.1,-2.9,12,1.0
2025-12-05 23:00,-3.14,-3.2,-3.1,12,1.0
2025-12-06 00:00,-3.34,-3.4,-3.3,12,1.0
2025-12-06 01:00,-3.56,-3.7,-3.5,12,1.0
2025-12-06 02:00,-3.78,-3.9,-3.7,12,1.0
2025-12-06 03:00,-4.01,-4.1,-3.9,12,1.0
2025-12-06 04:00,-4.22,-4.3,-4.1,12,1.0
2025-12-06 05:00,-4.47,-4.6,-4.4,12,1.0
2025-12-06 06:00,-4.72,-4.9,-4.6,12,1.0
2025-12-06 07:00,-4.96,-5.0,-4.9,12,1.0
2025-12-06 08:00,-5.08,-5.1,-5.0,12,1.0
2025-12-06 09:00,-5.19,-5.2,-5.1,12,1.0
2025-12-06 10:00,-5.27,-5.3,-5.2,12,1.0
2025-12-06 11:00,-5.38,-5.5,-5.3,12,1.0
2025-12-06 12:00,-5.56,-5.6,-5.5,12,1.0
2025-12-06 13:00,-5.83,-6.0,-5.7,12,1.0
2025-12-06 14:00,-6.26,-6.5,-6.0,12,1.0
2025-12-06 15:00,-6.91,-7.2,-6.6,12,1.0
2025-12-06 16:00,-7.69,-8.1,-7.3,12,1.0
2025-12-06 17:00,-8.46,-8.8,-8.1,12,1.0
2025-12-06 18:00,-9.02,-9.2,-8.8,12,1.0
2025-12-06 19:00,-9.38,-9.5,-9.2,12,1.0
2025-12-06 20:00,-9.61,-9.7,-9.5,12,1.0
2025-12-06 21:00,-9.79,-9.9,-9.7,12,1.0
2025-12-06 22:00,-9.94,-10.0,-9.9,12,1.0
2025-12-06 23:00,-10.0,-10.0,-10.0,12,1.0
2025-12-07 00:00,-10.03,-10.1,-10.0,12,1.0
2025-12-07 01:00,-10.1,-10.1,-10.1,12,1.0
2025-12-07 02:00,-10.1,-10.1,-10.1,12,1.0
2025-12-07 03:00,-10.1,-10.1,-10.1,12,1.0
2025-12-07 04:00,-10.17,-10.2,-10.1,12,1.0
2025-12-07 05:00,-10.2,-10.2,-10.2,12,1.0
2025-12-07 06:00,-10.2,-10.2,-10.2,12,1.0
2025-12-07 07:00,-10.23,-10.3,-10.2,12,1.0
2025-12-07 08:00,-10.3,-10.3,-10.3,12,1.0
2025-12-07 09:00,-10.3,-10.3,-10.3,12,1.0
2025-12-07 10:00,-10.3,-10.3,-10.3,12,1.0
2025-12-07 11:00,-10.3,-10.3,-10.3,12,1.0
2025-12-07 12:00,-10.36,-10.4,-10.3,12,1.0
2025-12-07 13:00,-10.46,-10.5,-10.4,12,1.0
2025-12-07 14:00,-10.62,-10.7,-10.5,12,1.0
2025-12-07 15:00,-10.93,-11.1,-10.8,12,1.0
2025-12-07 16:00,-11.27,-11.4,-11.1,12,1.0
2025-12-07 17:00,-11.58,-11.7,-11.5,12,1.0
2025-12-07 18:00,-11.77,-11.9,-11.7,12,1.0
2025-12-07 19:00,-11.92,-12.0,-11.9,12,1.0
2025-12-07 20:00,-12.01,-12.1,-12.0,12,1.0
2025-12-07 21:00,-12.11,-12.2,-12.1,12,1.0
2025-12-07 22:00,-12.19,-12.2,-12.1,12,1.0
2025-12-07 23:00,-12.25,-12.3,-12.2,12,1.0
2025-12-08 00:00,-12.3,-12.3,-12.3,12,1.0
2025-12-08 01:00,-12.32,-12.4,-12.3,12,1.0
2025-12-08 02:00,-12.4,-12.4,-12.4,12,1.0
2025-12-08 03:00,-12.4,-12.4,-12.4,12,1.0
2025-12-08 04:00,-12.48,-12.5,-12.4,12,1.0
2025-12-08 05:00,-12.5,-12.5,-12.5,12,1.0
2025-12-08 06:00,-12.51,-12.6,-12.5,12,1.0
2025-12-08 07:00,-12.6,-12.6,-12.6,12,1.0
2025-12-08 08:00,-12.6,-12.6,-12.6,12,1.0
2025-12-08 09:00,-12.6,-12.6,-12.6,12,1.0
2025-12-08 10:00,-12.6,-12.6,-12.6,12,1.0
2025-12-08 11:00,-12.6,-12.6,-12.6,12,1.0
2025-12-08 12:00,-12.62,-12.7,-12.6,12,1.0
2025-12-08 13:00,-12.69,-12.7,-12.6,12,1.0
2025-12-08 14:00,-12.78,-12.9,-12.7,12,1.0
2025-12-08 15:00,-13.03,-13.2,-12.9,12,1.0
2025-12-08 16:00,-13.38,-13.5,-13.2,12,1.0
2025-12-08 17:00,-13.77,-13.9,-13.6,12,1.0
2025-12-08 18:00,-14.04,-14.1,-13.9,12,1.0
2025-12-08 19:00,-14.26,-14.3,-14.2,12,1.0
2025-12-08 20:00,-14.42,-14.5,-14.3,12,1.0
2025-12-08 21:00,-14.56,-14.6,-14.5,12,1.0
2025-12-08 22:00,-14.67,-14.7,-14.6,12,1.0
2025-12-08 23:00,-14.76,-14.8,-14.7,12,1.0
2025-12-09 00:00,-14.8,-14.8,-14.8,12,1.0
2025-12-09 01:00,-14.88,-14.9,-14.8,12,1.0
2025-12-09 02:00,-14.93,-15.0,-14.9,12,1.0
2025-12-09 03:00,-15.0,-15.0,-15.0,12,1.0
2025-12-09 04:00,-15.0,-15.0,-15.0,12,1.0
2025-12-09 05:00,-15.05,-15.1,-15.0,12,1.0
2025-12-09 06:00,-15.1,-15.1,-15.1,12,1.0
2025-12-09 07:00,-15.1,-15.1,-15.1,12,1.0
2025-12-09 08:00,-15.1,-15.1,-15.1,12,1.0
2025-12-09 09:00,-15.1,-15.1,-15.1,12,1.0
2025-12-09 10:00,-15.05,-15.1,-15.0,12,1.0
2025-12-09 11:00,-15.0,-15.0,-15.0,12,1.0
2025-12-09 12:00,-14.98,-15.0,-14.9,12,1.0
2025-12-09 13:00,-14.91,-15.0,-14.9,12,1.0
2025-12-09 14:00,-14.99,-15.0,-14.9,12,1.0
2025-12-09 15:00,-15.14,-15.2,-15.1,12,1.0
2025-12-09 16:00,-15.3,-15.4,-15.2,12,1.0
2025-12-09 17:00,-15.59,-15.7,-15.5,12,1.0
2025-12-09 18:00,-15.87,-16.0,-15.7,12,1.0
2025-12-09 19:00,-16.05,-16.1,-16.0,12,1.0
2025-12-09 20:00,-16.24,-16.3,-16.2,12,1.0
2025-12-09 21:00,-16.38,-16.4,-16.3,12,1.0
2025-12-09 22:00,-16.48,-16.5,-16.4,12,1.0
2025-12-09 23:00,-16.53,-16.6,-16.5,12,1.0
2025-12-10 00:00,-16.6,-16.6,-16.6,12,1.0
2025-12-10 01:00,-16.65,-16.7,-16.6,12,1.0
2025-12-10 02:00,-16.7,-16.7,-16.7,12,1.0
2025-12-10 03:00,-16.71,-16.8,-16.7,12,1.0
2025-12-10 04:00,-16.73,-16.8,-16.7,12,1.0
2025-12-10 05:00,-16.8,-16.8,-16.8,12,1.0
2025-12-10 06:00,-16.8,-16.8,-16.8,12,1.0
2025-12-10 07:00,-16.8,-16.8,-16.8,12,1.0
2025-12-10 08:00,-16.8,-16.8,-16.8,12,1.0
2025-12-10 09:00,-16.78,-16.8,-16.7,12,1.0
2025-12-10 10:00,-16.7,-16.7,-16.7,12,1.0
2025-12-10 11:00,-16.62,-16.7,-16.6,12,1.0
2025-12-10 12:00,-16.55,-16.6,-16.5,12,1.0
2025-12-10 13:00,-16.47,-16.5,-16.4,12,1.0
2025-12-10 14:00,-16.43,-16.5,-16.4,12,1.0
2025-12-10 15:00,-16.55,-16.6,-16.5,12,1.0
2025-12-10 16:00,-16.76,-16.9,-16.7,12,1.0
2025-12-10 17:00,-16.96,-17.1,-16.9,12,1.0
2025-12-10 18:00,-17.18,-17.3,-17.1,12,1.0
2025-12-10 19:00,-17.35,-17.4,-17.3,12,1.0
2025-12-10 20:00,-17.49,-17.6,-17.4,12,1.0
2025-12-10 21:00,-17.65,-17.7,-17.6,12,1.0
2025-12-10 22:00,-17.75,-17.8,-17.7,12,1.0
2025-12-10 23:00,-17.87,-17.9,-17.8,12,1.0
2025-12-11 00:00,-17.97,-18.0,-17.9,12,1.0
2025-12-11 01:00,-18.03,-18.1,-18.0,12,1.0
2025-12-11 02:00,-18.1,-18.1,-18.1,12,1.0
2025-12-11 03:00,-18.15,-18.2,-18.1,12,1.0
2025-12-11 04:00,-18.2,-18.2,-18.2,12,1.0
2025-12-11 05:00,-18.2,-18.2,-18.2,12,1.0
2025-12-11 06:00,-18.21,-18.3,-18.2,12,1.0
2025-12-11 07:00,-18.22,-18.3,-18.2,12,1.0
2025-12-11 08:00,-18.28,-18.3,-18.2,12,1.0
2025-12-11 09:00,-18.24,-18.3,-18.2,12,1.0
2025-12-11 10:00,-18.2,-18.2,-18.2,12,1.0
2025-12-11 11:00,-18.13,-18.2,-18.1,12,1.0
2025-12-11 12:00,-18.03,-18.1,-18.0,12,1.0
2025-12-11 13:00,-17.92,-18.0,-17.9,12,1.0
2025-12-11 14:00,-17.85,-17.9,-17.8,12,1.0
2025-12-11 15:00,-17.92,-18.0,-17.9,12,1.0
2025-12-11 16:00,-18.08,-18.2,-18.0,12,1.0
2025-12-11 17:00,-18.27,-18.3,-18.2,12,1.0
2025-12-11 18:00,-18.39,-18.5,-18.3,12,1.0
2025-12-11 19:00,-18.53,-18.6,-18.5,12,1.0
2025-12-11 20:00,-18.68,-18.7,-18.6,12,1.0
2025-12-11 21:00,-18.78,-18.8,-18.7,12,1.0
2025-12-11 22:00,-18.89,-18.9,-18.8,12,1.0
2025-12-11 23:00,-18.99,-19.0,-18.9,12,1.0
2025-12-12 00:00,-19.08,-19.1,-19.0,12,1.0
2025-12-12 01:00,-19.11,-19.2,-19.1,12,1.0
2025-12-12 02:00,-19.18,-19.2,-19.1,12,1.0
2025-12-12 03:00,-19.2,-19.2,-19.2,12,1.0
2025-12-12 04:00,-19.24,-19.3,-19.2,12,1.0
2025-12-12 05:00,-19.29,-19.3,-19.2,12,1.0
2025-12-12 06:00,-19.3,-19.3,-19.3,12,1.0
2025-12-12 07:00,-19.3,-19.3,-19.3,12,1.0
2025-12-12 08:00,-19.32,-19.4,-19.3,12,1.0
2025-12-12 09:00,-19.3,-19.3,-19.3,12,1.0
2025-12-12 10:00,-19.3,-19.3,-19.3,12,1.0
2025-12-12 11:00,-19.28,-19.3,-19.2,12,1.0
2025-12-12 12:00,-19.22,-19.3,-19.2,12,1.0
2025-12-12 13:00,-19.16,-19.2,-19.1,12,1.0
2025-12-12 14:00,-19.1,-19.1,-19.1,12,1.0
2025-12-12 15:00,-19.15,-19.2,-19.1,12,1.0
2025-12-12 16:00,-19.3,-19.4,-19.2,12,1.0
2025-12-12 17:00,-19.43,-19.5,-19.4,12,1.0
2025-12-12 18:00,-19.55,-19.6,-19.5,12,1.0
2025-12-12 19:00,-19.69,-19.7,-19.6,12,1.0
2025-12-12 20:00,-19.82,-19.9,-19.7,12,1.0
2025-12-12 21:00,-19.95,-20.0,-19.9,12,1.0
2025-12-12 22:00,-20.03,-20.1,-20.0,12,1.0
2025-12-12 23:00,-20.12,-20.2,-20.1,12,1.0
2025-12-13 00:00,-20.2,-20.3,-20.1,12,1.0
2025-12-13 01:00,-20.3,-20.4,-20.2,12,1.0
2025-12-13 02:00,-20.37,-20.4,-20.3,12,1.0
2025-12-13 03:00,-20.45,-20.5,-20.4,12,1.0
2025-12-13 04:00,-20.5,-20.5,-20.5,12,1.0
2025-12-13 05:00,-20.53,-20.6,-20.5,12,1.0
2025-12-13 06:00,-20.6,-20.6,-20.6,12,1.0
2025-12-13 07:00,-20.62,-20.7,-20.6,12,1.0
2025-12-13 08:00,-20.7,-20.7,-20.7,12,1.0
2025-12-13 09:00,-20.7,-20.7,-20.7,12,1.0
2025-12-13 10:00,-20.7,-20.7,-20.7,12,1.0
2025-12-13 11:00,-20.7,-20.7,-20.7,12,1.0
2025-12-13 12:00,-20.65,-20.7,-20.6,12,1.0
2025-12-13 13:00,-20.54,-20.6,-20.5,12,1.0
2025-12-13 14:00,-20.42,-20.5,-20.4,12,1.0
2025-12-13 15:00,-20.4,-20.4,-20.4,12,1.0
2025-12-13 16:00,-20.49,-20.6,-20.4,12,1.0
2025-12-13 17:00,-20.64,-20.7,-20.6,12,1.0
2025-12-13 18:00,-20.78,-20.8,-20.7,12,1.0
2025-12-13 19:00,-20.87,-20.9,-20.8,12,1.0
2025-12-13 20:00,-20.96,-21.0,-20.9,12,1.0
2025-12-13 21:00,-21.08,-21.1,-21.0,12,1.0
2025-12-13 22:00,-21.17,-21.2,-21.1,12,1.0
2025-12-13 23:00,-21.28,-21.3,-21.2,12,1.0
2025-12-14 00:00,-21.33,-21.4,-21.3,12,1.0
2025-12-14 01:00,-21.42,-21.5,-21.4,12,1.0
2025-12-14 02:00,-21.5,-21.5,-21.5,12,1.0
2025-12-14 03:00,-21.56,-21.6,-21.5,12,1.0
2025-12-14 04:00,-21.62,-21.7,-21.6,12,1.0
2025-12-14 05:00,-21.7,-21.7,-21.7,12,1.0
2025-12-14 06:00,-21.77,-21.8,-21.7,12,1.0
2025-12-14 07:00,-21.8,-21.8,-21.8,12,1.0
2025-12-14 08:00,-21.82,-21.9,-21.8,12,1.0
2025-12-14 09:00,-21.88,-21.9,-21.8,12,1.0
2025-12-14 10:00,-21.9,-21.9,-21.9,12,1.0
2025-12-14 11:00,-21.9,-21.9,-21.9,12,1.0
2025-12-14 12:00,-21.88,-21.9,-21.8,12,1.0
2025-12-14 13:00,-21.76,-21.8,-21.7,12,1.0
2025-12-14 14:00,-21.66,-21.7,-21.6,12,1.0
2025-12-14 15:00,-21.64,-21.7,-21.6,12,1.0
2025-12-14 16:00,-21.73,-21.8,-21.7,12,1.0
2025-12-14 17:00,-21.87,-21.9,-21.8,12,1.0
2025-12-14 18:00,-21.96,-22.0,-21.9,12,1.0
2025-12-14 19:00,-22.07,-22.1,-22.0,12,1.0
2025-12-14 20:00,-22.15,-22.2,-22.1,12,1.0
2025-12-14 21:00,-22.25,-22.3,-22.2,12,1.0
2025-12-14 22:00,-22.33,-22.4,-22.3,12,1.0
2025-12-14 23:00,-22.41,-22.5,-22.4,12,1.0
2025-12-15 00:00,-22.5,-22.5,-22.5,12,1.0
2025-12-15 01:00,-22.58,-22.6,-22.5,12,1.0
2025-12-15 02:00,-22.62,-22.7,-22.6,12,1.0
2025-12-15 03:00,-22.69,-22.7,-22.6,12,1.0
2025-12-15 04:00,-22.73,-22.8,-22.7,12,1.0
2025-12-15 05:00,-22.8,-22.8,-22.8,12,1.0
2025-12-15 06:00,-22.87,-22.9,-22.8,12,1.0
2025-12-15 07:00,-22.91,-23.0,-22.9,12,1.0
2025-12-15 08:00,-22.98,-23.0,-22.9,12,1.0
2025-12-15 09:00,-23.0,-23.0,-23.0,12,1.0
2025-12-15 10:00,-23.04,-23.1,-23.0,12,1.0
2025-12-15 11:00,-23.01,-23.1,-23.0,12,1.0
2025-12-15 12:00,-22.97,-23.0,-22.9,12,1.0
2025-12-15 13:00,-22.88,-22.9,-22.8,12,1.0
2025-12-15 14:00,-22.72,-22.8,-22.7,12,1.0
2025-12-15 15:00,-22.68,-22.7,-22.6,12,1.0
2025-12-15 16:00,-22.72,-22.8,-22.7,12,1.0
2025-12-15 17:00,-22.82,-22.9,-22.8,12,1.0
2025-12-15 18:00,-22.91,-23.0,-22.9,12,1.0
2025-12-15 19:00,-23.02,-23.1,-23.0,12,1.0
2025-12-15 20:00,-23.09,-23.1,-23.0,12,1.0
2025-12-15 21:00,-23.15,-23.2,-23.1,12,1.0
2025-12-15 22:00,-23.24,-23.3,-23.2,12,1.0
2025-12-15 23:00,-23.32,-23.4,-23.3,12,1.0
2025-12-16 00:00,-23.4,-23.4,-23.4,12,1.0
2025-12-16 01:00,-23.47,-23.5,-23.4,12,1.0
2025-12-16 02:00,-23.51,-23.6,-23.5,12,1.0
2025-12-16 03:00,-23.59,-23.6,-23.5,12,1.0
2025-12-16 04:00,-23.6,-23.6,-23.6,12,1.0
2025-12-16 05:00,-23.69,-23.7,-23.6,12,1.0
2025-12-16 06:00,-23.71,-23.8,-23.7,12,1.0
2025-12-16 07:00,-23.77,-23.8,-23.7,12,1.0
2025-12-16 08:00,-23.8,-23.8,-23.8,12,1.0
2025-12-16 09:00,-23.83,-23.9,-23.8,12,1.0
2025-12-16 10:00,-23.9,-23.9,-23.9,12,1.0
2025-12-16 11:00,-23.9,-23.9,-23.9,12,1.0
2025-12-16 12:00,-23.9,-23.9,-23.9,12,1.0
2025-12-16 13:00,-23.89,-23.9,-23.8,12,1.0
2025-12-16 14:00,-23.88,-23.9,-23.8,12,1.0
2025-12-16 15:00,-23.86,-23.9,-23.8,12,1.0
2025-12-16 16:00,-23.88,-23.9,-23.8,12,1.0
2025-12-16 17:00,-23.9,-23.9,-23.9,12,1.0
2025-12-16 18:00,-23.9,-23.9,-23.9,12,1.0
2025-12-16 19:00,-23.9,-23.9,-23.9,12,1.0
2025-12-16 20:00,-23.88,-23.9,-23.8,12,1.0
2025-12-16 21:00,-23.79,-23.8,-23.7,12,1.0
2025-12-16 22:00,-23.74,-23.8,-23.7,12,1.0
2025-12-16 23:00,-23.63,-23.7,-23.6,12,1.0
2025-12-17 00:00,-23.53,-23.6,-23.5,12,1.0
2025-12-17 01:00,-23.4,-23.5,-23.3,12,1.0
2025-12-17 02:00,-16.46,-22.9,-10.7,12,1.0
2025-12-17 03:00,-6.42,-10.2,-4.0,12,1.0
2025-12-17 04:00,-3.04,-3.7,-2.7,12,1.0
2025-12-17 05:00,-2.63,-2.7,-2.6,12,1.0
2025-12-17 06:00,-2.68,-2.7,-2.6,12,1.0
2025-12-17 07:00,-2.64,-2.8,-2.6,12,1.0
2025-12-17 08:00,-2.4,-2.6,-1.7,12,1.0
2025-12-17 09:00,-1.15,-1.5,-1.0,12,1.0
2025-12-17 10:00,-1.03,-1.1,-1.0,12,1.0
2025-12-17 11:00,-1.16,-1.2,-1.1,12,1.0
2025-12-17 12:00,-1.37,-1.5,-1.3,12,1.0
2025-12-17 13:00,-1.58,-1.7,-1.5,12,1.0
2025-12-17 14:00,-1.83,-2.0,-1.7,12,1.0
2025-12-17 15:00,-2.21,-2.4,-2.0,12,1.0
2025-12-17 16:00,-2.4,-2.4,-2.4,1,0.083
2025-12-18 02:00,-6.02,-6.1,-6.0,4,0.333
2025-12-18 03:00,-6.18,-6.3,-6.1,12,1.0
2025-12-18 04:00,-6.39,-6.5,-6.3,12,1.0
2025-12-18 05:00,-6.6,-6.7,-6.5,12,1.0
2025-12-18 06:00,-6.82,-6.9,-6.7,12,1.0
2025-12-18 07:00,-7.02,-7.1,-6.9,12,1.0
2025-12-18 08:00,-7.21,-7.3,-7.1,12,1.0
2025-12-18 09:00,-7.32,-7.4,-7.3,12,1.0
2025-12-18 10:00,-7.4,-7.4,-7.4,12,1.0
2025-12-18 11:00,-7.46,-7.5,-7.4,12,1.0
2025-12-18 12:00,-7.59,-7.7,-7.5,12,1.0
2025-12-18 13:00,-7.83,-8.0,-7.7,12,1.0
2025-12-18 14:00,-8.35,-8.6,-8.1,12,1.0
2025-12-18 15:00,-8.95,-9.2,-8.7,12,1.0
2025-12-18 16:00,-9.55,-9.8,-9.3,12,1.0
2025-12-18 17:00,-10.03,-10.1,-9.9,12,1.0
2025-12-18 18:00,-10.24,-10.3,-10.2,12,1.0
2025-12-18 19:00,-10.39,-10.5,-10.3,12,1.0
2025-12-18 20:00,-10.52,-10.6,-10.5,12,1.0
2025-12-18 21:00,-10.66,-10.7,-10.6,12,1.0
2025-12-18 22:00,-10.76,-10.8,-10.7,12,1.0
2025-12-18 23:00,-10.86,-10.9,-10.8,12,1.0
2025-12-19 00:00,-10.95,-11.0,-10.9,12,1.0
2025-12-19 01:00,-11.03,-11.1,-11.0,12,1.0
2025-12-19 02:00,-11.1,-11.1,-11.1,12,1.0
2025-12-19 03:00,-11.2,-11.2,-11.2,12,1.0
2025-12-19 04:00,-11.26,-11.3,-11.2,12,1.0
2025-12-19 05:00,-11.32,-11.4,-11.3,12,1.0
2025-12-19 06:00,-11.4,-11.4,-11.4,12,1.0
2025-12-19 07:00,-11.47,-11.5,-11.4,12,1.0
2025-12-19 08:00,-11.5,-11.5,-11.5,12,1.0
2025-12-19 09:00,-11.6,-11.6,-11.6,12,1.0
2025-12-19 10:00,-11.6,-11.6,-11.6,12,1.0
2025-12-19 11:00,-11.6,-11.6,-11.6,12,1.0
2025-12-19 12:00,-11.6,-11.6,-11.6,12,1.0
2025-12-19 13:00,-11.65,-11.7,-11.6,12,1.0
2025-12-19 14:00,-11.81,-11.9,-11.7,12,1.0
2025-12-19 15:00,-12.14,-12.3,-12.0,12,1.0
2025-12-19 16:00,-12.58,-12.8,-12.4,12,1.0
2025-12-19 17:00,-12.97,-13.1,-12.8,12,1.0
2025-12-19 18:00,-13.3,-13.4,-13.2,12,1.0
2025-12-19 19:00,-13.54,-13.6,-13.4,12,1.0
2025-12-19 20:00,-13.74,-13.8,-13.7,12,1.0
2025-12-19 21:00,-13.9,-14.0,-13.8,12,1.0
2025-12-19 22:00,-14.04,-14.1,-14.0,12,1.0
2025-12-19 23:00,-14.16,-14.2,-14.1,12,1.0
2025-12-20 00:00,-14.28,-14.3,-14.2,12,1.0
2025-12-20 01:00,-14.37,-14.4,-14.3,12,1.0
2025-12-20 02:00,-14.46,-14.5,-14.4,12,1.0
2025-12-20 03:00,-14.54,-14.6,-14.5,12,1.0
2025-12-20 04:00,-14.62,-14.7,-14.6,12,1.0
2025-12-20 05:00,-14.7,-14.7,-14.7,12,1.0
2025-12-20 06:00,-14.78,-14.8,-14.7,12,1.0
2025-12-20 07:00,-14.83,-14.9,-14.8,12,1.0
2025-12-20 08:00,-14.9,-14.9,-14.9,12,1.0
2025-12-20 09:00,-14.93,-15.0,-14.9,12,1.0
2025-12-20 10:00,-14.99,-15.0,-14.9,12,1.0
2025-12-20 11:00,-14.98,-15.0,-14.9,12,1.0
2025-12-20 12:00,-14.98,-15.0,-14.9,12,1.0
2025-12-20 13:00,-14.94,-15.0,-14.9,12,1.0
2025-12-20 14:00,-15.01,-15.1,-14.9,12,1.0
2025-12-20 15:00,-15.25,-15.4,-15.1,12,1.0
2025-12-20 16:00,-15.53,-15.7,-15.4,12,1.0
2025-12-20 17:00,-15.87,-16.0,-15.7,12,1.0
2025-12-20 18:00,-16.13,-16.3,-16.0,12,1.0
2025-12-20 19:00,-16.41,-16.5,-16.3,12,1.0
2025-12-20 20:00,-16.58,-16.7,-16.5,12,1.0
2025-12-20 21:00,-16.8,-16.9,-16.7,12,1.0
2025-12-20 22:00,-16.97,-17.1,-16.9,12,1.0
2025-12-20 23:00,-17.09,-17.2,-17.0,12,1.0
2025-12-21 00:00,-17.22,-17.3,-17.2,12,1.0
2025-12-21 01:00,-17.35,-17.4,-17.3,12,1.0
2025-12-21 02:00,-17.44,-17.5,-17.4,12,1.0
2025-12-21 03:00,-17.51,-17.6,-17.5,12,1.0
2025-12-21 04:00,-17.6,-17.6,-17.6,12,1.0
2025-12-21 05:00,-17.65,-17.7,-17.6,12,1.0
2025-12-21 06:00,-17.7,-17.7,-17.7,12,1.0
2025-12-21 07:00,-17.78,-17.8,-17.7,12,1.0
2025-12-21 08:00,-17.8,-17.8,-17.8,12,1.0
2025-12-21 09:00,-17.88,-17.9,-17.8,12,1.0
2025-12-21 10:00,-17.9,-17.9,-17.9,12,1.0
2025-12-21 11:00,-17.81,-17.9,-17.8,12,1.0
2025-12-21 12:00,-17.79,-17.8,-17.7,12,1.0
2025-12-21 13:00,-17.72,-17.8,-17.7,12,1.0
2025-12-21 14:00,-17.77,-17.8,-17.7,12,1.0
2025-12-21 15:00,-17.85,-17.9,-17.8,12,1.0
2025-12-21 16:00,-18.04,-18.1,-18.0,12,1.0
2025-12-21 17:00,-18.27,-18.4,-18.2,12,1.0
2025-12-21 18:00,-18.5,-18.6,-18.4,12,1.0
2025-12-21 19:00,-18.72,-18.8,-18.6,12,1.0
2025-12-21 20:00,-18.89,-19.0,-18.8,12,1.0
2025-12-21 21:00,-19.05,-19.1,-19.0,12,1.0
2025-12-21 22:00,-19.22,-19.3,-19.2,12,1.0
2025-12-21 23:00,-19.35,-19.4,-19.3,12,1.0
2025-12-22 00:00,-19.47,-19.6,-19.4,12,1.0
2025-12-22 01:00,-19.62,-19.7,-19.6,12,1.0
2025-12-22 02:00,-19.72,-19.8,-19.7,12,1.0
2025-12-22 03:00,-19.82,-19.9,-19.8,12,1.0
2025-12-22 04:00,-19.92,-20.0,-19.9,12,1.0
2025-12-22 05:00,-20.01,-20.1,-20.0,12,1.0
2025-12-22 06:00,-20.1,-20.2,-20.0,12,1.0
2025-12-22 07:00,-20.18,-20.2,-20.1,12,1.0
2025-12-22 08:00,-20.26,-20.3,-20.2,12,1.0
2025-12-22 09:00,-20.3,-20.3,-20.3,12,1.0
2025-12-22 10:00,-20.37,-20.4,-20.3,12,1.0
2025-12-22 11:00,-20.38,-20.4,-20.3,12,1.0
2025-12-22 12:00,-20.39,-20.4,-20.3,12,1.0
2025-12-22 13:00,-20.39,-20.4,-20.3,12,1.0
2025-12-22 14:00,-20.5,-20.5,-20.5,12,1.0
2025-12-22 15:00,-20.57,-20.6,-20.5,12,1.0
2025-12-22 16:00,-20.68,-20.7,-20.6,12,1.0
2025-12-22 17:00,-20.78,-20.8,-20.7,12,1.0
2025-12-22 18:00,-20.93,-21.0,-20.9,12,1.0
2025-12-22 19:00,-21.04,-21.1,-21.0,12,1.0
2025-12-22 20:00,-21.15,-21.2,-21.1,12,1.0
2025-12-22 21:00,-21.27,-21.3,-21.2,12,1.0
2025-12-22 22:00,-21.38,-21.4,-21.3,12,1.0
2025-12-22 23:00,-21.47,-21.5,-21.4,12,1.0
2025-12-23 00:00,-21.56,-21.6,-21.5,12,1.0
2025-12-23 01:00,-21.62,-21.7,-21.6,12,1.0
2025-12-23 02:00,-21.71,-21.8,-21.7,12,1.0
2025-12-23 03:00,-21.81,-21.9,-21.8,12,1.0
2025-12-23 04:00,-21.89,-21.9,-21.8,12,1.0
2025-12-23 05:00,-21.97,-22.0,-21.9,12,1.0
2025-12-23 06:00,-22.0,-22.0,-22.0,12,1.0
2025-12-23 07:00,-22.09,-22.1,-22.0,12,1.0
2025-12-23 08:00,-22.12,-22.2,-22.1,12,1.0
2025-12-23 09:00,-22.2,-22.2,-22.2,12,1.0
2025-12-23 10:00,-22.22,-22.3,-22.2,12,1.0
2025-12-23 11:00,-22.27,-22.3,-22.2,12,1.0
2025-12-23 12:00,-22.29,-22.3,-22.2,12,1.0
2025-12-23 13:00,-22.28,-22.3,-22.2,12,1.0
2025-12-23 14:00,-22.29,-22.3,-22.2,12,1.0
2025-12-23 15:00,-22.31,-22.4,-22.3,12,1.0
2025-12-23 16:00,-22.16,-22.4,-21.7,12,1.0
2025-12-23 17:00,-15.75,-21.5,-3.8,12,1.0
2025-12-23 18:00,-0.46,-1.3,-0.3,12,1.0
2025-12-23 19:00,-0.3,-0.3,-0.3,12,1.0
2025-12-23 20:00,-0.38,-0.4,-0.3,12,1.0
2025-12-23 21:00,-0.4,-0.4,-0.4,12,1.0
2025-12-23 22:00,-0.3,-0.3,-0.3,12,1.0
2025-12-23 23:00,-0.3,-0.3,-0.3,12,1.0
2025-12-24 00:00,-0.32,-0.4,-0.3,12,1.0
2025-12-24 01:00,-0.33,-0.4,-0.3,12,1.0
2025-12-24 02:00,-0.3,-0.3,-0.3,12,1.0
2025-12-24 03:00,-0.3,-0.3,-0.3,12,1.0
2025-12-24 04:00,-0.3,-0.3,-0.3,12,1.0
2025-12-24 05:00,-0.3,-0.3,-0.3,12,1.0
2025-12-24 06:00,-0.35,-0.4,-0.3,12,1.0
2025-12-24 07:00,-0.4,-0.4,-0.4,12,1.0
2025-12-24 08:00,-0.4,-0.4,-0.4,12,1.0
2025-12-24 09:00,-0.32,-0.4,-0.3,12,1.0
2025-12-24 10:00,-0.36,-0.4,-0.3,12,1.0
2025-12-24 11:00,-0.4,-0.4,-0.4,12,1.0
2025-12-24 12:00,-0.35,-0.4,-0.3,12,1.0
2025-12-24 13:00,-0.3,-0.3,-0.3,12,1.0
2025-12-24 14:00,-0.3,-0.3,-0.3,12,1.0
2025-12-24 15:00,-0.3,-0.3,-0.3,12,1.0
2025-12-24 16:00,-0.3,-0.3,-0.3,12,1.0
2025-12-24 17:00,-0.3,-0.3,-0.3,12,1.0
2025-12-24 18:00,-0.3,-0.3,-0.3,12,1.0
2025-12-24 19:00,-0.3,-0.3,-0.3,12,1.0
2025-12-24 20:00,-0.3,-0.3,-0.3,12,1.0
2025-12-24 21:00,-0.3,-0.3,-0.3,12,1.0
2025-12-24 22:00,-0.3,-0.3,-0.3,12,1.0
2025-12-24 23:00,-0.3,-0.3,-0.3,12,1.0
2025-12-25 00:00,-0.3,-0.3,-0.3,12,1.0
2025-12-25 01:00,-0.3,-0.3,-0.3,12,1.0
2025-12-25 02:00,-0.34,-0.4,-0.3,12,1.0
2025-12-25 03:00,-0.4,-0.4,-0.4,12,1.0
2025-12-25 04:00,-0.4,-0.4,-0.4,12,1.0
2025-12-25 05:00,-0.4,-0.4,-0.4,12,1.0
2025-12-25 06:00,-0.4,-0.4,-0.4,12,1.0
2025-12-25 07:00,-0.4,-0.4,-0.4,12,1.0
2025-12-25 08:00,-0.4,-0.4,-0.4,12,1.0
2025-12-25 09:00,-0.4,-0.4,-0.4,12,1.0
2025-12-25 10:00,-0.43,-0.5,-0.4,12,1.0
2025-12-25 11:00,-0.5,-0.5,-0.5,12,1.0
2025-12-25 12:00,-0.5,-0.5,-0.5,12,1.0
2025-12-25 13:00,-0.52,-0.6,-0.5,12,1.0
2025-12-25 14:00,-0.6,-0.6,-0.6,12,1.0
2025-12-25 15:00,-0.68,-0.7,-0.6,12,1.0
2025-12-25 16:00,-0.73,-0.8,-0.7,12,1.0
2025-12-25 17:00,-0.8,-0.8,-0.8,12,1.0
2025-12-25 18:00,-0.8,-0.8,-0.8,12,1.0
2025-12-25 19:00,-0.89,-0.9,-0.8,12,1.0
2025-12-25 20:00,-0.9,-0.9,-0.9,12,1.0
2025-12-25 21:00,-0.92,-1.0,-0.9,12,1.0
2025-12-25 22:00,-1.0,-1.0,-1.0,12,1.0
2025-12-25 23:00,-1.0,-1.0,-1.0,12,1.0
2025-12-26 00:00,-1.08,-1.1,-1.0,12,1.0
2025-12-26 01:00,-1.1,-1.1,-1.1,12,1.0
2025-12-26 02:00,-1.16,-1.2,-1.1,12,1.0
2025-12-26 03:00,-1.2,-1.2,-1.2,12,1.0
2025-12-26 04:00,-1.26,-1.3,-1.2,12,1.0
2025-12-26 05:00,-1.3,-1.3,-1.3,12,1.0
2025-12-26 06:00,-1.38,-1.4,-1.3,12,1.0
2025-12-26 07:00,-1.41,-1.5,-1.4,12,1.0
2025-12-26 08:00,-1.5,-1.5,-1.5,12,1.0
2025-12-26 09:00,-1.51,-1.6,-1.5,12,1.0
2025-12-26 10:00,-1.6,-1.6,-1.6,12,1.0
2025-12-26 11:00,-1.68,-1.7,-1.6,12,1.0
2025-12-26 12:00,-1.78,-1.9,-1.7,12,1.0
2025-12-26 13:00,-1.95,-2.0,-1.9,12,1.0
2025-12-26 14:00,-2.22,-2.4,-2.1,12,1.0
2025-12-26 15:00,-2.52,-2.7,-2.4,12,1.0
2025-12-26 16:00,-2.79,-2.9,-2.7,12,1.0
2025-12-26 17:00,-3.05,-3.2,-2.9,12,1.0
2025-12-26 18:00,-3.33,-3.4,-3.2,12,1.0
2025-12-26 19:00,-3.58,-3.7,-3.5,12,1.0
2025-12-26 20:00,-3.78,-3.9,-3.7,12,1.0
2025-12-26 21:00,-4.02,-4.1,-3.9,12,1.0
2025-12-26 22:00,-4.22,-4.3,-4.1,12,1.0
2025-12-26 23:00,-4.47,-4.6,-4.4,12,1.0
2025-12-27 00:00,-4.69,-4.8,-4.6,12,1.0
2025-12-27 01:00,-4.91,-5.0,-4.8,12,1.0
2025-12-27 02:00,-5.07,-5.1,-5.0,12,1.0
2025-12-27 03:00,-5.18,-5.2,-5.1,12,1.0
2025-12-27 04:00,-5.26,-5.3,-5.2,12,1.0
2025-12-27 05:00,-5.34,-5.4,-5.3,12,1.0
2025-12-27 06:00,-5.43,-5.5,-5.4,12,1.0
2025-12-27 07:00,-5.52,-5.6,-5.5,12,1.0
2025-12-27 08:00,-5.6,-5.6,-5.6,12,1.0
2025-12-27 09:00,-5.67,-5.7,-5.6,12,1.0
2025-12-27 10:00,-5.72,-5.8,-5.7,12,1.0
2025-12-27 11:00,-5.78,-5.8,-5.7,12,1.0
2025-12-27 12:00,-5.91,-6.0,-5.8,12,1.0
2025-12-27 13:00,-6.12,-6.3,-6.0,12,1.0
2025-12-27 14:00,-6.49,-6.7,-6.3,12,1.0
2025-12-27 15:00,-7.02,-7.3,-6.8,12,1.0
2025-12-27 16:00,-7.73,-8.1,-7.4,12,1.0
2025-12-27 17:00,-8.43,-8.7,-8.1,12,1.0
2025-12-27 18:00,-8.98,-9.2,-8.7,12,1.0
2025-12-27 19:00,-9.36,-9.5,-9.2,12,1.0
2025-12-27 20:00,-9.62,-9.7,-9.5,12,1.0
2025-12-27 21:00,-9.81,-9.9,-9.7,12,1.0
2025-12-27 22:00,-9.95,-10.0,-9.9,12,1.0
2025-12-27 23:00,-10.02,-10.1,-10.0,12,1.0
2025-12-28 00:00,-10.1,-10.1,-10.1,12,1.0
2025-12-28 01:00,-10.11,-10.2,-10.1,12,1.0
2025-12-28 02:00,-10.2,-10.2,-10.2,12,1.0
2025-12-28 03:00,-10.2,-10.2,-10.2,12,1.0
2025-12-28 04:00,-10.2,-10.2,-10.2,12,1.0
2025-12-28 05:00,-10.28,-10.3,-10.2,12,1.0
2025-12-28 06:00,-10.3,-10.3,-10.3,12,1.0
2025-12-28 07:00,-10.3,-10.3,-10.3,12,1.0
2025-12-28 08:00,-10.33,-10.4,-10.3,12,1.0
2025-12-28 09:00,-10.38,-10.4,-10.3,12,1.0
2025-12-28 10:00,-10.32,-10.4,-10.3,12,1.0
2025-12-28 11:00,-10.3,-10.3,-10.3,12,1.0
2025-12-28 12:00,-10.33,-10.4,-10.3,12,1.0
2025-12-28 13:00,-10.4,-10.4,-10.4,12,1.0
2025-12-28 14:00,-10.52,-10.6,-10.4,12,1.0
2025-12-28 15:00,-10.77,-10.9,-10.6,12,1.0
2025-12-28 16:00,-11.08,-11.3,-10.9,12,1.0
2025-12-28 17:00,-11.42,-11.5,-11.3,12,1.0
2025-12-28 18:00,-11.65,-11.7,-11.6,12,1.0
2025-12-28 19:00,-11.82,-11.9,-11.8,12,1.0
2025-12-28 20:00,-11.92,-12.0,-11.9,12,1.0
2025-12-28 21:00,-12.0,-12.0,-12.0,12,1.0
2025-12-28 22:00,-12.09,-12.1,-12.0,12,1.0
2025-12-28 23:00,-12.12,-12.2,-12.1,12,1.0
2025-12-29 00:00,-12.2,-12.2,-12.2,12,1.0
2025-12-29 01:00,-12.2,-12.2,-12.2,12,1.0
2025-12-29 02:00,-12.3,-12.3,-12.3,12,1.0
2025-12-29 03:00,-12.3,-12.3,-12.3,12,1.0
2025-12-29 04:00,-12.3,-12.3,-12.3,12,1.0
2025-12-29 05:00,-12.38,-12.4,-12.3,12,1.0
2025-12-29 06:00,-12.4,-12.4,-12.4,12,1.0
2025-12-29 07:00,-12.4,-12.4,-12.4,12,1.0
2025-12-29 08:00,-12.4,-12.4,-12.4,12,1.0
2025-12-29 09:00,-12.4,-12.4,-12.4,12,1.0
2025-12-29 10:00,-12.4,-12.4,-12.4,12,1.0
2025-12-29 11:00,-12.4,-12.4,-12.4,12,1.0
2025-12-29 12:00,-12.4,-12.4,-12.4,12,1.0
2025-12-29 13:00,-12.41,-12.5,-12.4,12,1.0
2025-12-29 14:00,-12.51,-12.6,-12.5,12,1.0
2025-12-29 15:00,-12.69,-12.8,-12.6,12,1.0
2025-12-29 16:00,-12.98,-13.1,-12.8,12,1.0
2025-12-29 17:00,-13.35,-13.5,-13.2,12,1.0
2025-12-29 18:00,-13.6,-13.7,-13.5,12,1.0
2025-12-29 19:00,-13.78,-13.9,-13.7,12,1.0
2025-12-29 20:00,-13.95,-14.0,-13.9,12,1.0
2025-12-29 21:00,-14.04,-14.1,-14.0,12,1.0
2025-12-29 22:00,-14.11,-14.2,-14.1,12,1.0
2025-12-29 23:00,-14.2,-14.2,-14.2,12,1.0
2025-12-30 00:00,-14.21,-14.3,-14.2,12,1.0
2025-12-30 01:00,-14.22,-14.3,-14.2,12,1.0
2025-12-30 02:00,-14.2,-14.2,-14.2,12,1.0
2025-12-30 03:00,-14.21,-14.3,-14.2,12,1.0
2025-12-30 04:00,-14.21,-14.3,-14.2,12,1.0
2025-12-30 05:00,-14.22,-14.3,-14.2,12,1.0
2025-12-30 06:00,-14.27,-14.3,-14.2,12,1.0
2025-12-30 07:00,-14.27,-14.3,-14.2,12,1.0
2025-12-30 08:00,-14.3,-14.3,-14.3,12,1.0
2025-12-30 09:00,-14.26,-14.3,-14.2,12,1.0
2025-12-30 10:00,-14.2,-14.2,-14.2,12,1.0
2025-12-30 11:00,-14.12,-14.2,-14.1,12,1.0
2025-12-30 12:00,-14.1,-14.1,-14.1,12,1.0
2025-12-30 13:00,-14.1,-14.1,-14.1,12,1.0
2025-12-30 14:00,-14.19,-14.3,-14.1,12,1.0
2025-12-30 15:00,-14.35,-14.4,-14.3,12,1.0
2025-12-30 16:00,-14.61,-14.8,-14.5,12,1.0
2025-12-30 17:00,-14.91,-15.0,-14.8,12,1.0
2025-12-30 18:00,-15.15,-15.2,-15.1,12,1.0
2025-12-30 19:00,-15.35,-15.4,-15.3,12,1.0
2025-12-30 20:00,-15.52,-15.6,-15.4,12,1.0
2025-12-30 21:00,-15.64,-15.7,-15.6,12,1.0
2025-12-30 22:00,-15.76,-15.8,-15.7,12,1.0
2025-12-30 23:00,-15.84,-15.9,-15.8,12,1.0
2025-12-31 00:00,-15.95,-16.0,-15.9,12,1.0
2025-12-31 01:00,-16.0,-16.0,-16.0,12,1.0
2025-12-31 02:00,-16.07,-16.1,-16.0,12,1.0
2025-12-31 03:00,-16.1,-16.1,-16.1,12,1.0
2025-12-31 04:00,-16.18,-16.2,-16.1,12,1.0
2025-12-31 05:00,-16.2,-16.2,-16.2,12,1.0
2025-12-31 06:00,-16.28,-16.3,-16.2,12,1.0
2025-12-31 07:00,-16.3,-16.3,-16.3,12,1.0
2025-12-31 08:00,-16.37,-16.4,-16.3,12,1.0
2025-12-31 09:00,-16.4,-16.4,-16.4,12,1.0
2025-12-31 10:00,-16.46,-16.5,-16.4,12,1.0
2025-12-31 11:00,-16.49,-16.5,-16.4,12,1.0
2025-12-31 12:00,-16.5,-16.5,-16.5,12,1.0
2025-12-31 13:00,-16.5,-16.5,-16.5,12,1.0
2025-12-31 14:00,-16.5,-16.5,-16.5,12,1.0
2025-12-31 15:00,-16.54,-16.6,-16.5,12,1.0
2025-12-31 16:00,-16.68,-16.8,-16.6,12,1.0
2025-12-31 17:00,-16.88,-17.0,-16.8,12,1.0
2025-12-31 18:00,-17.08,-17.1,-17.0,12,1.0
2025-12-31 19:00,-17.23,-17.3,-17.2,12,1.0
2025-12-31 20:00,-17.35,-17.4,-17.3,12,1.0
2025-12-31 21:00,-17.48,-17.5,-17.4,12,1.0
2025-12-31 22:00,-17.6,-17.7,-17.5,12,1.0
2025-12-31 23:00,-17.7,-17.8,-17.6,12,1.0
