time,value,min,max,n,coverage
2024-01-01 02:00,0.3178,0.3178,0.3178,1,1.0
2024-01-01 05:00,0.3167,0.3167,0.3167,1,1.0
2024-01-01 08:00,0.3155,0.3155,0.3155,1,1.0
2024-01-01 11:00,0.3138,0.3138,0.3138,1,1.0
2024-01-01 14:00,0.3132,0.3132,0.3132,1,1.0
2024-01-01 17:00,0.3137,0.3137,0.3137,1,1.0
2024-01-01 20:00,0.3119,0.3119,0.3119,1,1.0
2024-01-01 23:00,0.3108,0.3108,0.3108,1,1.0
2024-01-02 02:00,0.3098,0.3098,0.3098,1,1.0
2024-01-02 05:00,0.3086,0.3086,0.3086,1,1.0
2024-01-02 08:00,0.3069,0.3069,0.3069,1,1.0
2024-01-02 11:00,0.3047,0.3047,0.3047,1,1.0
2024-01-02 14:00,0.3,0.3,0.3,1,1.0
2024-01-02 17:00,0.2978,0.2978,0.2978,1,1.0
2024-01-02 20:00,0.2973,0.2973,0.2973,1,1.0
2024-01-02 23:00,0.2969,0.2969,0.2969,1,1.0
2024-01-03 02:00,0.2973,0.2973,0.2973,1,1.0
2024-01-03 05:00,0.3021,0.3021,0.3021,1,1.0
2024-01-03 08:00,0.304,0.304,0.304,1,1.0
2024-01-03 11:00,0.3061,0.3061,0.3061,1,1.0
2024-01-03 14:00,0.3066,0.3066,0.3066,1,1.0
2024-01-03 17:00,0.308,0.308,0.308,1,1.0
2024-01-03 20:00,0.3079,0.3079,0.3079,1,1.0
2024-01-03 23:00,0.3075,0.3075,0.3075,1,1.0
2024-01-04 02:00,0.3065,0.3065,0.3065,1,1.0
2024-01-04 05:00,0.3053,0.3053,0.3053,1,1.0
2024-01-04 08:00,0.3041,0.3041,0.3041,1,1.0
2024-01-04 11:00,0.3031,0.3031,0.3031,1,1.0
2024-01-04 14:00,0.301,0.301,0.301,1,1.0
2024-01-04 17:00,0.2996,0.2996,0.2996,1,1.0
2024-01-04 20:00,0.2989,0.2989,0.2989,1,1.0
2024-01-04 23:00,0.2988,0.2988,0.2988,1,1.0
2024-01-05 02:00,0.2986,0.2986,0.2986,1,1.0
2024-01-05 05:00,0.2986,0.2986,0.2986,1,1.0
2024-01-05 08:00,0.2948,0.2948,0.2948,1,1.0
2024-01-05 11:00,0.2956,0.2956,0.2956,1,1.0
2024-01-05 14:00,0.295,0.295,0.295,1,1.0
2024-01-05 17:00,0.2949,0.2949,0.2949,1,1.0
2024-01-05 20:00,0.2958,0.2958,0.2958,1,1.0
2024-01-05 23:00,0.2965,0.2965,0.2965,1,1.0
2024-01-06 02:00,0.3077,0.3077,0.3077,1,1.0
2024-01-06 05:00,0.3217,0.3217,0.3217,1,1.0
2024-01-06 08:00,0.327,0.327,0.327,1,1.0
2024-01-06 11:00,0.3316,0.3316,0.3316,1,1.0
2024-01-06 14:00,0.3638,0.3638,0.3638,1,1.0
2024-01-06 17:00,0.3502,0.3502,0.3502,1,1.0
2024-01-06 20:00,0.3399,0.3399,0.3399,1,1.0
2024-01-06 23:00,0.3306,0.3306,0.3306,1,1.0
2024-01-07 02:00,0.3275,0.3275,0.3275,1,1.0
2024-01-07 05:00,0.3265,0.3265,0.3265,1,1.0
2024-01-07 08:00,0.3449,0.3449,0.3449,1,1.0
2024-01-07 11:00,0.3728,0.3728,0.3728,1,1.0
2024-01-07 14:00,0.3505,0.3505,0.3505,1,1.0
2024-01-07 17:00,0.357,0.357,0.357,1,1.0
2024-01-07 20:00,0.3627,0.3627,0.3627,1,1.0
2024-01-07 23:00,0.3518,0.3518,0.3518,1,1.0
2024-01-08 02:00,0.3492,0.3492,0.3492,1,1.0
2024-01-08 05:00,0.3552,0.3552,0.3552,1,1.0
2024-01-08 08:00,0.3518,0.3518,0.3518,1,1.0
2024-01-08 11:00,0.3481,0.3481,0.3481,1,1.0
2024-01-08 14:00,0.3437,0.3437,0.3437,1,1.0
2024-01-08 17:00,0.34,0.34,0.34,1,1.0
2024-01-08 20:00,0.3369,0.3369,0.3369,1,1.0
2024-01-08 23:00,0.3345,0.3345,0.3345,1,1.0
2024-01-09 02:00,0.3329,0.3329,0.3329,1,1.0
2024-01-09 05:00,0.332,0.332,0.332,1,1.0
2024-01-09 08:00,0.3306,0.3306,0.3306,1,1.0
2024-01-09 11:00,0.3261,0.3261,0.3261,1,1.0
2024-01-09 14:00,0.32,0.32,0.32,1,1.0
2024-01-09 17:00,0.3191,0.3191,0.3191,1,1.0
2024-01-09 20:00,0.3196,0.3196,0.3196,1,1.0
2024-01-09 23:00,0.32,0.32,0.32,1,1.0
2024-01-10 02:00,0.3202,0.3202,0.3202,1,1.0
2024-01-10 05:00,0.3208,0.3208,0.3208,1,1.0
2024-01-10 08:00,0.3216,0.3216,0.3216,1,1.0
2024-01-10 11:00,0.3191,0.3191,0.3191,1,1.0
2024-01-10 14:00,0.3165,0.3165,0.3165,1,1.0
2024-01-10 17:00,0.3194,0.3194,0.3194,1,1.0
2024-01-10 20:00,0.32,0.32,0.32,1,1.0
2024-01-10 23:00,0.3233,0.3233,0.3233,1,1.0
2024-01-11 02:00,0.3319,0.3319,0.3319,1,1.0
2024-01-11 05:00,0.3349,0.3349,0.3349,1,1.0
2024-01-11 08:00,0.3346,0.3346,0.3346,1,1.0
2024-01-11 11:00,0.3337,0.3337,0.3337,1,1.0
2024-01-11 14:00,0.3372,0.3372,0.3372,1,1.0
2024-01-11 17:00,0.3356,0.3356,0.3356,1,1.0
2024-01-11 20:00,0.3335,0.3335,0.3335,1,1.0
2024-01-11 23:00,0.3322,0.3322,0.3322,1,1.0
2024-01-12 02:00,0.3315,0.3315,0.3315,1,1.0
2024-01-12 05:00,0.3318,0.3318,0.3318,1,1.0
2024-01-12 08:00,0.3311,0.3311,0.3311,1,1.0
2024-01-12 11:00,0.3257,0.3257,0.3257,1,1.0
2024-01-12 14:00,0.3169,0.3169,0.3169,1,1.0
2024-01-12 17:00,0.314,0.314,0.314,1,1.0
2024-01-12 20:00,0.3146,0.3146,0.3146,1,1.0
2024-01-12 23:00,0.3155,0.3155,0.3155,1,1.0
2024-01-13 02:00,0.3163,0.3163,0.3163,1,1.0
2024-01-13 05:00,0.3171,0.3171,0.3171,1,1.0
2024-01-13 08:00,0.3173,0.3173,0.3173,1,1.0
2024-01-13 11:00,0.313,0.313,0.313,1,1.0
2024-01-13 14:00,0.3069,0.3069,0.3069,1,1.0
2024-01-13 17:00,0.3106,0.3106,0.3106,1,1.0
2024-01-13 20:00,0.3127,0.3127,0.3127,1,1.0
2024-01-13 23:00,0.3141,0.3141,0.3141,1,1.0
2024-01-14 02:00,0.3158,0.3158,0.3158,1,1.0
2024-01-14 05:00,0.3172,0.3172,0.3172,1,1.0
2024-01-14 08:00,0.3187,0.3187,0.3187,1,1.0
2024-01-14 11:00,0.3201,0.3201,0.3201,1,1.0
2024-01-14 14:00,0.3181,0.3181,0.3181,1,1.0
2024-01-14 17:00,0.3167,0.3167,0.3167,1,1.0
2024-01-14 20:00,0.3169,0.3169,0.3169,1,1.0
2024-01-14 23:00,0.3185,0.3185,0.3185,1,1.0
2024-01-15 02:00,0.3342,0.3342,0.3342,1,1.0
2024-01-15 05:00,0.3442,0.3442,0.3442,1,1.0
2024-01-15 08:00,0.3419,0.3419,0.3419,1,1.0
2024-01-15 11:00,0.3388,0.3388,0.3388,1,1.0
2024-01-15 14:00,0.3351,0.3351,0.3351,1,1.0
2024-01-15 17:00,0.3338,0.3338,0.3338,1,1.0
2024-01-15 20:00,0.3329,0.3329,0.3329,1,1.0
2024-01-15 23:00,0.3328,0.3328,0.3328,1,1.0
2024-01-16 02:00,0.3326,0.3326,0.3326,1,1.0
2024-01-16 05:00,0.3315,0.3315,0.3315,1,1.0
2024-01-16 08:00,0.3277,0.3277,0.3277,1,1.0
2024-01-16 11:00,0.326,0.326,0.326,1,1.0
2024-01-16 14:00,0.3237,0.3237,0.3237,1,1.0
2024-01-16 17:00,0.3232,0.3232,0.3232,1,1.0
2024-01-16 20:00,0.3222,0.3222,0.3222,1,1.0
2024-01-16 23:00,0.323,0.323,0.323,1,1.0
2024-01-17 02:00,0.3238,0.3238,0.3238,1,1.0
2024-01-17 05:00,0.3252,0.3252,0.3252,1,1.0
2024-01-17 08:00,0.3304,0.3304,0.3304,1,1.0
2024-01-17 11:00,0.3339,0.3339,0.3339,1,1.0
2024-01-17 14:00,0.334,0.334,0.334,1,1.0
2024-01-17 17:00,0.3337,0.3337,0.3337,1,1.0
2024-01-17 20:00,0.3337,0.3337,0.3337,1,1.0
2024-01-17 23:00,0.3319,0.3319,0.3319,1,1.0
2024-01-18 02:00,0.3298,0.3298,0.3298,1,1.0
2024-01-18 05:00,0.3285,0.3285,0.3285,1,1.0
2024-01-18 08:00,0.3269,0.3269,0.3269,1,1.0
2024-01-18 11:00,0.3253,0.3253,0.3253,1,1.0
2024-01-18 14:00,0.3216,0.3216,0.3216,1,1.0
2024-01-18 17:00,0.3215,0.3215,0.3215,1,1.0
2024-01-18 20:00,0.3217,0.3217,0.3217,1,1.0
2024-01-18 23:00,0.3219,0.3219,0.3219,1,1.0
2024-01-19 02:00,0.3236,0.3236,0.3236,1,1.0
2024-01-19 05:00,0.3261,0.3261,0.3261,1,1.0
2024-01-19 08:00,0.3265,0.3265,0.3265,1,1.0
2024-01-19 11:00,0.3277,0.3277,0.3277,1,1.0
2024-01-19 14:00,0.3277,0.3277,0.3277,1,1.0
2024-01-19 17:00,0.3313,0.3313,0.3313,1,1.0
2024-01-19 20:00,0.3371,0.3371,0.3371,1,1.0
2024-01-19 23:00,0.3491,0.3491,0.3491,1,1.0
2024-01-20 02:00,0.3753,0.3753,0.3753,1,1.0
2024-01-20 05:00,0.3813,0.3813,0.3813,1,1.0
2024-01-20 08:00,0.3886,0.3886,0.3886,1,1.0
2024-01-20 11:00,0.3685,0.3685,0.3685,1,1.0
2024-01-20 14:00,0.3566,0.3566,0.3566,1,1.0
2024-01-20 17:00,0.3485,0.3485,0.3485,1,1.0
2024-01-20 20:00,0.3452,0.3452,0.3452,1,1.0
2024-01-20 23:00,0.3426,0.3426,0.3426,1,1.0
2024-01-21 02:00,0.3402,0.3402,0.3402,1,1.0
2024-01-21 05:00,0.339,0.339,0.339,1,1.0
2024-01-21 08:00,0.338,0.338,0.338,1,1.0
2024-01-21 11:00,0.3339,0.3339,0.3339,1,1.0
2024-01-21 14:00,0.3288,0.3288,0.3288,1,1.0
2024-01-21 17:00,0.3266,0.3266,0.3266,1,1.0
2024-01-21 20:00,0.3264,0.3264,0.3264,1,1.0
2024-01-21 23:00,0.3267,0.3267,0.3267,1,1.0
2024-01-22 02:00,0.3263,0.3263,0.3263,1,1.0
2024-01-22 05:00,0.3261,0.3261,0.3261,1,1.0
2024-01-22 08:00,0.3261,0.3261,0.3261,1,1.0
2024-01-22 11:00,0.3246,0.3246,0.3246,1,1.0
2024-01-22 14:00,0.3216,0.3216,0.3216,1,1.0
2024-01-22 17:00,0.3216,0.3216,0.3216,1,1.0
2024-01-22 20:00,0.3232,0.3232,0.3232,1,1.0
2024-01-22 23:00,0.3242,0.3242,0.3242,1,1.0
2024-01-23 02:00,0.3373,0.3373,0.3373,1,1.0
2024-01-23 05:00,0.3431,0.3431,0.3431,1,1.0
2024-01-23 08:00,0.3439,0.3439,0.3439,1,1.0
2024-01-23 11:00,0.3437,0.3437,0.3437,1,1.0
2024-01-23 14:00,0.3402,0.3402,0.3402,1,1.0
2024-01-23 17:00,0.338,0.338,0.338,1,1.0
2024-01-23 20:00,0.3364,0.3364,0.3364,1,1.0
2024-01-23 23:00,0.3353,0.3353,0.3353,1,1.0
2024-01-24 02:00,0.3363,0.3363,0.3363,1,1.0
2024-01-24 05:00,0.3361,0.3361,0.3361,1,1.0
2024-01-24 08:00,0.3356,0.3356,0.3356,1,1.0
2024-01-24 11:00,0.3337,0.3337,0.3337,1,1.0
2024-01-24 14:00,0.3299,0.3299,0.3299,1,1.0
2024-01-24 17:00,0.3291,0.3291,0.3291,1,1.0
2024-01-24 20:00,0.33,0.33,0.33,1,1.0
2024-01-24 23:00,0.3311,0.3311,0.3311,1,1.0
2024-01-25 02:00,0.3322,0.3322,0.3322,1,1.0
2024-01-25 05:00,0.3333,0.3333,0.3333,1,1.0
2024-01-25 08:00,0.3328,0.3328,0.3328,1,1.0
2024-01-25 11:00,0.3314,0.3314,0.3314,1,1.0
2024-01-25 14:00,0.3298,0.3298,0.3298,1,1.0
2024-01-25 17:00,0.3292,0.3292,0.3292,1,1.0
2024-01-25 20:00,0.3296,0.3296,0.3296,1,1.0
2024-01-25 23:00,0.3302,0.3302,0.3302,1,1.0
2024-01-26 02:00,0.3303,0.3303,0.3303,1,1.0
2024-01-26 05:00,0.3303,0.3303,0.3303,1,1.0
2024-01-26 08:00,0.3307,0.3307,0.3307,1,1.0
2024-01-26 11:00,0.3286,0.3286,0.3286,1,1.0
2024-01-26 14:00,0.3248,0.3248,0.3248,1,1.0
2024-01-26 17:00,0.3271,0.3271,0.3271,1,1.0
2024-01-26 20:00,0.3275,0.3275,0.3275,1,1.0
2024-01-26 23:00,0.3278,0.3278,0.3278,1,1.0
2024-01-27 02:00,0.3282,0.3282,0.3282,1,1.0
2024-01-27 05:00,0.3284,0.3284,0.3284,1,1.0
2024-01-27 08:00,0.3242,0.3242,0.3242,1,1.0
2024-01-27 11:00,0.3226,0.3226,0.3226,1,1.0
2024-01-27 14:00,0.3187,0.3187,0.3187,1,1.0
2024-01-27 17:00,0.3183,0.3183,0.3183,1,1.0
2024-01-27 20:00,0.3149,0.3149,0.3149,1,1.0
2024-01-27 23:00,0.3176,0.3176,0.3176,1,1.0
2024-01-28 02:00,0.3194,0.3194,0.3194,1,1.0
2024-01-28 05:00,0.3209,0.3209,0.3209,1,1.0
2024-01-28 08:00,0.3216,0.3216,0.3216,1,1.0
2024-01-28 11:00,0.3169,0.3169,0.3169,1,1.0
2024-01-28 14:00,0.3102,0.3102,0.3102,1,1.0
2024-01-28 17:00,0.308,0.308,0.308,1,1.0
2024-01-28 20:00,0.3089,0.3089,0.3089,1,1.0
2024-01-28 23:00,0.3103,0.3103,0.3103,1,1.0
2024-01-29 02:00,0.3123,0.3123,0.3123,1,1.0
2024-01-29 05:00,0.3144,0.3144,0.3144,1,1.0
2024-01-29 08:00,0.3157,0.3157,0.3157,1,1.0
2024-01-29 11:00,0.3127,0.3127,0.3127,1,1.0
2024-01-29 14:00,0.3064,0.3064,0.3064,1,1.0
2024-01-29 17:00,0.3091,0.3091,0.3091,1,1.0
2024-01-29 20:00,0.3106,0.3106,0.3106,1,1.0
2024-01-29 23:00,0.3129,0.3129,0.3129,1,1.0
2024-01-30 02:00,0.3143,0.3143,0.3143,1,1.0
2024-01-30 05:00,0.3156,0.3156,0.3156,1,1.0
2024-01-30 08:00,0.3174,0.3174,0.3174,1,1.0
2024-01-30 11:00,0.3152,0.3152,0.3152,1,1.0
2024-01-30 14:00,0.3094,0.3094,0.3094,1,1.0
2024-01-30 17:00,0.3086,0.3086,0.3086,1,1.0
2024-01-30 20:00,0.3106,0.3106,0.3106,1,1.0
2024-01-30 23:00,0.3126,0.3126,0.3126,1,1.0
2024-01-31 02:00,0.3143,0.3143,0.3143,1,1.0
2024-01-31 05:00,0.3156,0.3156,0.3156,1,1.0
2024-01-31 08:00,0.3165,0.3165,0.3165,1,1.0
2024-01-31 11:00,0.3132,0.3132,0.3132,1,1.0
2024-01-31 14:00,0.307,0.307,0.307,1,1.0
2024-01-31 17:00,0.3066,0.3066,0.3066,1,1.0
2024-01-31 20:00,0.3095,0.3095,0.3095,1,1.0
2024-01-31 23:00,0.3124,0.3124,0.3124,1,1.0
2024-02-01 02:00,0.3151,0.3151,0.3151,1,1.0
2024-02-01 05:00,0.3171,0.3171,0.3171,1,1.0
2024-02-01 08:00,0.3185,0.3185,0.3185,1,1.0
2024-02-01 11:00,0.3156,0.3156,0.3156,1,1.0
2024-02-01 14:00,0.3088,0.3088,0.3088,1,1.0
2024-02-01 17:00,0.3082,0.3082,0.3082,1,1.0
2024-02-01 20:00,0.3052,0.3052,0.3052,1,1.0
2024-02-01 23:00,0.3076,0.3076,0.3076,1,1.0
2024-02-02 02:00,0.3095,0.3095,0.3095,1,1.0
2024-02-02 05:00,0.3108,0.3108,0.3108,1,1.0
2024-02-02 08:00,0.3119,0.3119,0.3119,1,1.0
2024-02-02 11:00,0.3086,0.3086,0.3086,1,1.0
2024-02-02 14:00,0.3011,0.3011,0.3011,1,1.0
2024-02-02 17:00,0.2989,0.2989,0.2989,1,1.0
2024-02-02 20:00,0.3002,0.3002,0.3002,1,1.0
2024-02-02 23:00,0.303,0.303,0.303,1,1.0
2024-02-03 02:00,0.3055,0.3055,0.3055,1,1.0
2024-02-03 05:00,0.3077,0.3077,0.3077,1,1.0
2024-02-03 08:00,0.309,0.309,0.309,1,1.0
2024-02-03 11:00,0.3042,0.3042,0.3042,1,1.0
2024-02-03 14:00,0.2952,0.2952,0.2952,1,1.0
2024-02-03 17:00,0.3035,0.3035,0.3035,1,1.0
2024-02-03 20:00,0.3061,0.3061,0.3061,1,1.0
2024-02-03 23:00,0.3086,0.3086,0.3086,1,1.0
2024-02-04 02:00,0.311,0.311,0.311,1,1.0
2024-02-04 05:00,0.3131,0.3131,0.3131,1,1.0
2024-02-04 08:00,0.3092,0.3092,0.3092,1,1.0
2024-02-04 11:00,0.3097,0.3097,0.3097,1,1.0
2024-02-04 14:00,0.3069,0.3069,0.3069,1,1.0
2024-02-04 17:00,0.3068,0.3068,0.3068,1,1.0
2024-02-04 20:00,0.3044,0.3044,0.3044,1,1.0
2024-02-04 23:00,0.3075,0.3075,0.3075,1,1.0
2024-02-05 02:00,0.3102,0.3102,0.3102,1,1.0
2024-02-05 05:00,0.3124,0.3124,0.3124,1,1.0
2024-02-05 08:00,0.3139,0.3139,0.3139,1,1.0
2024-02-05 11:00,0.3136,0.3136,0.3136,1,1.0
2024-02-05 14:00,0.3115,0.3115,0.3115,1,1.0
2024-02-05 17:00,0.311,0.311,0.311,1,1.0
2024-02-05 20:00,0.3126,0.3126,0.3126,1,1.0
2024-02-05 23:00,0.3138,0.3138,0.3138,1,1.0
2024-02-06 02:00,0.3147,0.3147,0.3147,1,1.0
2024-02-06 05:00,0.315,0.315,0.315,1,1.0
2024-02-06 08:00,0.309,0.309,0.309,1,1.0
2024-02-06 11:00,0.3083,0.3083,0.3083,1,1.0
2024-02-06 14:00,0.3052,0.3052,0.3052,1,1.0
2024-02-06 17:00,0.3003,0.3003,0.3003,1,1.0
2024-02-06 20:00,0.3033,0.3033,0.3033,1,1.0
2024-02-06 23:00,0.306,0.306,0.306,1,1.0
2024-02-07 02:00,0.3081,0.3081,0.3081,1,1.0
2024-02-07 05:00,0.3091,0.3091,0.3091,1,1.0
2024-02-07 08:00,0.3099,0.3099,0.3099,1,1.0
2024-02-07 11:00,0.3082,0.3082,0.3082,1,1.0
2024-02-07 14:00,0.3023,0.3023,0.3023,1,1.0
2024-02-07 17:00,0.3007,0.3007,0.3007,1,1.0
2024-02-07 20:00,0.303,0.303,0.303,1,1.0
2024-02-07 23:00,0.305,0.305,0.305,1,1.0
2024-02-08 02:00,0.3067,0.3067,0.3067,1,1.0
2024-02-08 05:00,0.3081,0.3081,0.3081,1,1.0
2024-02-08 08:00,0.3092,0.3092,0.3092,1,1.0
2024-02-08 11:00,0.3085,0.3085,0.3085,1,1.0
2024-02-08 14:00,0.3045,0.3045,0.3045,1,1.0
2024-02-08 17:00,0.3038,0.3038,0.3038,1,1.0
2024-02-08 20:00,0.3052,0.3052,0.3052,1,1.0
2024-02-08 23:00,0.3066,0.3066,0.3066,1,1.0
2024-02-09 02:00,0.3084,0.3084,0.3084,1,1.0
2024-02-09 05:00,0.3106,0.3106,0.3106,1,1.0
2024-02-09 08:00,0.308,0.308,0.308,1,1.0
2024-02-09 11:00,0.3084,0.3084,0.3084,1,1.0
2024-02-09 14:00,0.3046,0.3046,0.3046,1,1.0
2024-02-09 17:00,0.3042,0.3042,0.3042,1,1.0
2024-02-09 20:00,0.3017,0.3017,0.3017,1,1.0
2024-02-09 23:00,0.3023,0.3023,0.3023,1,1.0
2024-02-10 02:00,0.3033,0.3033,0.3033,1,1.0
2024-02-10 05:00,0.307,0.307,0.307,1,1.0
2024-02-10 08:00,0.3118,0.3118,0.3118,1,1.0
2024-02-10 11:00,0.3168,0.3168,0.3168,1,1.0
2024-02-10 14:00,0.3236,0.3236,0.3236,1,1.0
2024-02-10 17:00,0.3536,0.3536,0.3536,1,1.0
2024-02-10 20:00,0.3743,0.3743,0.3743,1,1.0
2024-02-10 23:00,0.3936,0.3936,0.3936,1,1.0
2024-02-11 02:00,0.3844,0.3844,0.3844,1,1.0
2024-02-11 05:00,0.3717,0.3717,0.3717,1,1.0
2024-02-11 08:00,0.3649,0.3649,0.3649,1,1.0
2024-02-11 11:00,0.3602,0.3602,0.3602,1,1.0
2024-02-11 14:00,0.3539,0.3539,0.3539,1,1.0
2024-02-11 17:00,0.3535,0.3535,0.3535,1,1.0
2024-02-11 20:00,0.3538,0.3538,0.3538,1,1.0
2024-02-11 23:00,0.3546,0.3546,0.3546,1,1.0
2024-02-12 02:00,0.3539,0.3539,0.3539,1,1.0
2024-02-12 05:00,0.3524,0.3524,0.3524,1,1.0
2024-02-12 08:00,0.3494,0.3494,0.3494,1,1.0
2024-02-12 11:00,0.3446,0.3446,0.3446,1,1.0
2024-02-12 14:00,0.3401,0.3401,0.3401,1,1.0
2024-02-12 17:00,0.3392,0.3392,0.3392,1,1.0
2024-02-12 20:00,0.34,0.34,0.34,1,1.0
2024-02-12 23:00,0.339,0.339,0.339,1,1.0
2024-02-13 02:00,0.3383,0.3383,0.3383,1,1.0
2024-02-13 05:00,0.3384,0.3384,0.3384,1,1.0
2024-02-13 08:00,0.3384,0.3384,0.3384,1,1.0
2024-02-13 11:00,0.3353,0.3353,0.3353,1,1.0
2024-02-13 14:00,0.3316,0.3316,0.3316,1,1.0
2024-02-13 17:00,0.3316,0.3316,0.3316,1,1.0
2024-02-13 20:00,0.3317,0.3317,0.3317,1,1.0
2024-02-13 23:00,0.3316,0.3316,0.3316,1,1.0
2024-02-14 02:00,0.3314,0.3314,0.3314,1,1.0
2024-02-14 05:00,0.3319,0.3319,0.3319,1,1.0
2024-02-14 08:00,0.3329,0.3329,0.3329,1,1.0
2024-02-14 11:00,0.3289,0.3289,0.3289,1,1.0
2024-02-14 14:00,0.3219,0.3219,0.3219,1,1.0
2024-02-14 17:00,0.3195,0.3195,0.3195,1,1.0
2024-02-14 20:00,0.3207,0.3207,0.3207,1,1.0
2024-02-14 23:00,0.3221,0.3221,0.3221,1,1.0
2024-02-15 02:00,0.3232,0.3232,0.3232,1,1.0
2024-02-15 05:00,0.3248,0.3248,0.3248,1,1.0
2024-02-15 08:00,0.3256,0.3256,0.3256,1,1.0
2024-02-15 11:00,0.3211,0.3211,0.3211,1,1.0
2024-02-15 14:00,0.3144,0.3144,0.3144,1,1.0
2024-02-15 17:00,0.3125,0.3125,0.3125,1,1.0
2024-02-15 20:00,0.3133,0.3133,0.3133,1,1.0
2024-02-15 23:00,0.315,0.315,0.315,1,1.0
2024-02-16 02:00,0.3168,0.3168,0.3168,1,1.0
2024-02-16 05:00,0.3175,0.3175,0.3175,1,1.0
2024-02-16 08:00,0.3178,0.3178,0.3178,1,1.0
2024-02-16 11:00,0.3143,0.3143,0.3143,1,1.0
2024-02-16 14:00,0.3078,0.3078,0.3078,1,1.0
2024-02-16 17:00,0.3072,0.3072,0.3072,1,1.0
2024-02-16 20:00,0.3099,0.3099,0.3099,1,1.0
2024-02-16 23:00,0.3116,0.3116,0.3116,1,1.0
2024-02-17 02:00,0.3133,0.3133,0.3133,1,1.0
2024-02-17 05:00,0.3151,0.3151,0.3151,1,1.0
2024-02-17 08:00,0.3126,0.3126,0.3126,1,1.0
2024-02-17 11:00,0.3097,0.3097,0.3097,1,1.0
2024-02-17 14:00,0.302,0.302,0.302,1,1.0
2024-02-17 17:00,0.301,0.301,0.301,1,1.0
2024-02-17 20:00,0.3059,0.3059,0.3059,1,1.0
2024-02-17 23:00,0.3087,0.3087,0.3087,1,1.0
2024-02-18 02:00,0.311,0.311,0.311,1,1.0
2024-02-18 05:00,0.3126,0.3126,0.3126,1,1.0
2024-02-18 08:00,0.3144,0.3144,0.3144,1,1.0
2024-02-18 11:00,0.3099,0.3099,0.3099,1,1.0
2024-02-18 14:00,0.3008,0.3008,0.3008,1,1.0
2024-02-18 17:00,0.2993,0.2993,0.2993,1,1.0
2024-02-18 20:00,0.3027,0.3027,0.3027,1,1.0
2024-02-18 23:00,0.3061,0.3061,0.3061,1,1.0
2024-02-19 02:00,0.309,0.309,0.309,1,1.0
2024-02-19 05:00,0.3121,0.3121,0.3121,1,1.0
2024-02-19 08:00,0.3122,0.3122,0.3122,1,1.0
2024-02-19 11:00,0.3113,0.3113,0.3113,1,1.0
2024-02-19 14:00,0.3097,0.3097,0.3097,1,1.0
2024-02-19 17:00,0.309,0.309,0.309,1,1.0
2024-02-19 20:00,0.312,0.312,0.312,1,1.0
2024-02-19 23:00,0.3148,0.3148,0.3148,1,1.0
2024-02-20 02:00,0.3168,0.3168,0.3168,1,1.0
2024-02-20 05:00,0.3184,0.3184,0.3184,1,1.0
2024-02-20 08:00,0.3103,0.3103,0.3103,1,1.0
2024-02-20 11:00,0.3077,0.3077,0.3077,1,1.0
2024-02-20 14:00,0.2996,0.2996,0.2996,1,1.0
2024-02-20 17:00,0.2971,0.2971,0.2971,1,1.0
2024-02-20 20:00,0.2973,0.2973,0.2973,1,1.0
2024-02-20 23:00,0.3012,0.3012,0.3012,1,1.0
2024-02-21 02:00,0.3049,0.3049,0.3049,1,1.0
2024-02-21 05:00,0.3084,0.3084,0.3084,1,1.0
2024-02-21 08:00,0.3107,0.3107,0.3107,1,1.0
2024-02-21 11:00,0.3045,0.3045,0.3045,1,1.0
2024-02-21 14:00,0.2938,0.2938,0.2938,1,1.0
2024-02-21 17:00,0.2914,0.2914,0.2914,1,1.0
2024-02-21 20:00,0.2944,0.2944,0.2944,1,1.0
2024-02-21 23:00,0.2977,0.2977,0.2977,1,1.0
2024-02-22 02:00,0.3007,0.3007,0.3007,1,1.0
2024-02-22 05:00,0.3037,0.3037,0.3037,1,1.0
2024-02-22 08:00,0.3064,0.3064,0.3064,1,1.0
2024-02-22 11:00,0.3022,0.3022,0.3022,1,1.0
2024-02-22 14:00,0.2918,0.2918,0.2918,1,1.0
2024-02-22 17:00,0.2929,0.2929,0.2929,1,1.0
2024-02-22 20:00,0.2963,0.2963,0.2963,1,1.0
2024-02-22 23:00,0.2998,0.2998,0.2998,1,1.0
2024-02-23 02:00,0.303,0.303,0.303,1,1.0
2024-02-23 05:00,0.3055,0.3055,0.3055,1,1.0
2024-02-23 08:00,0.3066,0.3066,0.3066,1,1.0
2024-02-23 11:00,0.303,0.303,0.303,1,1.0
2024-02-23 14:00,0.2948,0.2948,0.2948,1,1.0
2024-02-23 17:00,0.293,0.293,0.293,1,1.0
2024-02-23 20:00,0.2964,0.2964,0.2964,1,1.0
2024-02-23 23:00,0.3189,0.3189,0.3189,1,1.0
2024-02-24 02:00,0.3558,0.3558,0.3558,1,1.0
2024-02-24 05:00,0.3464,0.3464,0.3464,1,1.0
2024-02-24 08:00,0.3464,0.3464,0.3464,1,1.0
2024-02-24 11:00,0.3501,0.3501,0.3501,1,1.0
2024-02-24 14:00,0.3469,0.3469,0.3469,1,1.0
2024-02-24 17:00,0.343,0.343,0.343,1,1.0
2024-02-24 20:00,0.3406,0.3406,0.3406,1,1.0
2024-02-24 23:00,0.3385,0.3385,0.3385,1,1.0
2024-02-25 02:00,0.3439,0.3439,0.3439,1,1.0
2024-02-25 05:00,0.3567,0.3567,0.3567,1,1.0
2024-02-25 08:00,0.3489,0.3489,0.3489,1,1.0
2024-02-25 11:00,0.3446,0.3446,0.3446,1,1.0
2024-02-25 14:00,0.3369,0.3369,0.3369,1,1.0
2024-02-25 17:00,0.3316,0.3316,0.3316,1,1.0
2024-02-25 20:00,0.3305,0.3305,0.3305,1,1.0
2024-02-25 23:00,0.3307,0.3307,0.3307,1,1.0
2024-02-26 02:00,0.3328,0.3328,0.3328,1,1.0
2024-02-26 05:00,0.3338,0.3338,0.3338,1,1.0
2024-02-26 08:00,0.3324,0.3324,0.3324,1,1.0
2024-02-26 11:00,0.3259,0.3259,0.3259,1,1.0
2024-02-26 14:00,0.3173,0.3173,0.3173,1,1.0
2024-02-26 17:00,0.3132,0.3132,0.3132,1,1.0
2024-02-26 20:00,0.3139,0.3139,0.3139,1,1.0
2024-02-26 23:00,0.315,0.315,0.315,1,1.0
2024-02-27 02:00,0.3163,0.3163,0.3163,1,1.0
2024-02-27 05:00,0.3174,0.3174,0.3174,1,1.0
2024-02-27 08:00,0.3138,0.3138,0.3138,1,1.0
2024-02-27 11:00,0.306,0.306,0.306,1,1.0
2024-02-27 14:00,0.2947,0.2947,0.2947,1,1.0
2024-02-27 17:00,0.2989,0.2989,0.2989,1,1.0
2024-02-27 20:00,0.3021,0.3021,0.3021,1,1.0
2024-02-27 23:00,0.3079,0.3079,0.3079,1,1.0
2024-02-28 02:00,0.3099,0.3099,0.3099,1,1.0
2024-02-28 05:00,0.3111,0.3111,0.3111,1,1.0
2024-02-28 08:00,0.3046,0.3046,0.3046,1,1.0
2024-02-28 11:00,0.3016,0.3016,0.3016,1,1.0
2024-02-28 14:00,0.3011,0.3011,0.3011,1,1.0
2024-02-28 17:00,0.3052,0.3052,0.3052,1,1.0
2024-02-28 20:00,0.3041,0.3041,0.3041,1,1.0
2024-02-28 23:00,0.3152,0.3152,0.3152,1,1.0
2024-02-29 02:00,0.3427,0.3427,0.3427,1,1.0
2024-02-29 05:00,0.381,0.381,0.381,1,1.0
2024-02-29 08:00,0.357,0.357,0.357,1,1.0
2024-02-29 11:00,0.3463,0.3463,0.3463,1,1.0
2024-02-29 14:00,0.3429,0.3429,0.3429,1,1.0
2024-02-29 17:00,0.3451,0.3451,0.3451,1,1.0
2024-02-29 20:00,0.3447,0.3447,0.3447,1,1.0
2024-02-29 23:00,0.3472,0.3472,0.3472,1,1.0
2024-03-01 02:00,0.3538,0.3538,0.3538,1,1.0
2024-03-01 05:00,0.3527,0.3527,0.3527,1,1.0
2024-03-01 08:00,0.353,0.353,0.353,1,1.0
2024-03-01 11:00,0.3528,0.3528,0.3528,1,1.0
2024-03-01 14:00,0.3526,0.3526,0.3526,1,1.0
2024-03-01 17:00,0.3528,0.3528,0.3528,1,1.0
2024-03-01 20:00,0.3477,0.3477,0.3477,1,1.0
2024-03-01 23:00,0.3454,0.3454,0.3454,1,1.0
2024-03-02 02:00,0.344,0.344,0.344,1,1.0
2024-03-02 05:00,0.3432,0.3432,0.3432,1,1.0
2024-03-02 08:00,0.3425,0.3425,0.3425,1,1.0
2024-03-02 11:00,0.3425,0.3425,0.3425,1,1.0
2024-03-02 14:00,0.3412,0.3412,0.3412,1,1.0
2024-03-02 17:00,0.3389,0.3389,0.3389,1,1.0
2024-03-02 20:00,0.3382,0.3382,0.3382,1,1.0
2024-03-02 23:00,0.3375,0.3375,0.3375,1,1.0
2024-03-03 02:00,0.3372,0.3372,0.3372,1,1.0
2024-03-03 05:00,0.3368,0.3368,0.3368,1,1.0
2024-03-03 08:00,0.3361,0.3361,0.3361,1,1.0
2024-03-03 11:00,0.3323,0.3323,0.3323,1,1.0
2024-03-03 14:00,0.3241,0.3241,0.3241,1,1.0
2024-03-03 17:00,0.3214,0.3214,0.3214,1,1.0
2024-03-03 20:00,0.3235,0.3235,0.3235,1,1.0
2024-03-03 23:00,0.329,0.329,0.329,1,1.0
2024-03-04 02:00,0.3526,0.3526,0.3526,1,1.0
2024-03-04 05:00,0.3648,0.3648,0.3648,1,1.0
2024-03-04 08:00,0.3554,0.3554,0.3554,1,1.0
2024-03-04 11:00,0.351,0.351,0.351,1,1.0
2024-03-04 14:00,0.3442,0.3442,0.3442,1,1.0
2024-03-04 17:00,0.3408,0.3408,0.3408,1,1.0
2024-03-04 20:00,0.3395,0.3395,0.3395,1,1.0
2024-03-04 23:00,0.3398,0.3398,0.3398,1,1.0
2024-03-05 02:00,0.3428,0.3428,0.3428,1,1.0
2024-03-05 05:00,0.3429,0.3429,0.3429,1,1.0
2024-03-05 08:00,0.3407,0.3407,0.3407,1,1.0
2024-03-05 11:00,0.3337,0.3337,0.3337,1,1.0
2024-03-05 14:00,0.3255,0.3255,0.3255,1,1.0
2024-03-05 17:00,0.3233,0.3233,0.3233,1,1.0
2024-03-05 20:00,0.3245,0.3245,0.3245,1,1.0
2024-03-05 23:00,0.3262,0.3262,0.3262,1,1.0
2024-03-06 02:00,0.3274,0.3274,0.3274,1,1.0
2024-03-06 05:00,0.3282,0.3282,0.3282,1,1.0
2024-03-06 08:00,0.3245,0.3245,0.3245,1,1.0
2024-03-06 11:00,0.3244,0.3244,0.3244,1,1.0
2024-03-06 14:00,0.3201,0.3201,0.3201,1,1.0
2024-03-06 17:00,0.3173,0.3173,0.3173,1,1.0
2024-03-06 20:00,0.3183,0.3183,0.3183,1,1.0
2024-03-06 23:00,0.3197,0.3197,0.3197,1,1.0
2024-03-07 02:00,0.3212,0.3212,0.3212,1,1.0
2024-03-07 05:00,0.3232,0.3232,0.3232,1,1.0
2024-03-07 08:00,0.3249,0.3249,0.3249,1,1.0
2024-03-07 11:00,0.3196,0.3196,0.3196,1,1.0
2024-03-07 14:00,0.3115,0.3115,0.3115,1,1.0
2024-03-07 17:00,0.3088,0.3088,0.3088,1,1.0
2024-03-07 20:00,0.3114,0.3114,0.3114,1,1.0
2024-03-07 23:00,0.3129,0.3129,0.3129,1,1.0
2024-03-08 02:00,0.3149,0.3149,0.3149,1,1.0
2024-03-08 05:00,0.317,0.317,0.317,1,1.0
2024-03-08 08:00,0.318,0.318,0.318,1,1.0
2024-03-08 11:00,0.3115,0.3115,0.3115,1,1.0
2024-03-08 14:00,0.3011,0.3011,0.3011,1,1.0
2024-03-08 17:00,0.2993,0.2993,0.2993,1,1.0
2024-03-08 20:00,0.3016,0.3016,0.3016,1,1.0
2024-03-08 23:00,0.3097,0.3097,0.3097,1,1.0
2024-03-09 02:00,0.3226,0.3226,0.3226,1,1.0
2024-03-09 05:00,0.3288,0.3288,0.3288,1,1.0
2024-03-09 08:00,0.3508,0.3508,0.3508,1,1.0
2024-03-09 11:00,0.3637,0.3637,0.3637,1,1.0
2024-03-09 14:00,0.3523,0.3523,0.3523,1,1.0
2024-03-09 17:00,0.347,0.347,0.347,1,1.0
2024-03-09 20:00,0.3442,0.3442,0.3442,1,1.0
2024-03-09 23:00,0.341,0.341,0.341,1,1.0
2024-03-10 02:00,0.3383,0.3383,0.3383,1,1.0
2024-03-10 05:00,0.337,0.337,0.337,1,1.0
2024-03-10 08:00,0.3343,0.3343,0.3343,1,1.0
2024-03-10 11:00,0.3267,0.3267,0.3267,1,1.0
2024-03-10 14:00,0.3196,0.3196,0.3196,1,1.0
2024-03-10 17:00,0.3207,0.3207,0.3207,1,1.0
2024-03-10 20:00,0.3289,0.3289,0.3289,1,1.0
2024-03-10 23:00,0.3541,0.3541,0.3541,1,1.0
2024-03-11 02:00,0.3874,0.3874,0.3874,1,1.0
2024-03-11 05:00,0.3643,0.3643,0.3643,1,1.0
2024-03-11 08:00,0.3553,0.3553,0.3553,1,1.0
2024-03-11 11:00,0.3556,0.3556,0.3556,1,1.0
2024-03-11 14:00,0.3583,0.3583,0.3583,1,1.0
2024-03-11 17:00,0.3621,0.3621,0.3621,1,1.0
2024-03-11 20:00,0.3578,0.3578,0.3578,1,1.0
2024-03-11 23:00,0.3542,0.3542,0.3542,1,1.0
2024-03-12 02:00,0.3508,0.3508,0.3508,1,1.0
2024-03-12 05:00,0.348,0.348,0.348,1,1.0
2024-03-12 08:00,0.3472,0.3472,0.3472,1,1.0
2024-03-12 11:00,0.348,0.348,0.348,1,1.0
2024-03-12 14:00,0.3473,0.3473,0.3473,1,1.0
2024-03-12 17:00,0.3478,0.3478,0.3478,1,1.0
2024-03-12 20:00,0.3472,0.3472,0.3472,1,1.0
2024-03-12 23:00,0.3444,0.3444,0.3444,1,1.0
2024-03-13 02:00,0.3424,0.3424,0.3424,1,1.0
2024-03-13 05:00,0.3406,0.3406,0.3406,1,1.0
2024-03-13 08:00,0.3385,0.3385,0.3385,1,1.0
2024-03-13 11:00,0.3336,0.3336,0.3336,1,1.0
2024-03-13 14:00,0.3282,0.3282,0.3282,1,1.0
2024-03-13 17:00,0.327,0.327,0.327,1,1.0
2024-03-13 20:00,0.3279,0.3279,0.3279,1,1.0
2024-03-13 23:00,0.3291,0.3291,0.3291,1,1.0
2024-03-14 02:00,0.3301,0.3301,0.3301,1,1.0
2024-03-14 05:00,0.3311,0.3311,0.3311,1,1.0
2024-03-14 08:00,0.3291,0.3291,0.3291,1,1.0
2024-03-14 11:00,0.3243,0.3243,0.3243,1,1.0
2024-03-14 14:00,0.319,0.319,0.319,1,1.0
2024-03-14 17:00,0.3216,0.3216,0.3216,1,1.0
2024-03-14 20:00,0.3231,0.3231,0.3231,1,1.0
2024-03-14 23:00,0.3244,0.3244,0.3244,1,1.0
2024-03-15 02:00,0.3253,0.3253,0.3253,1,1.0
2024-03-15 05:00,0.3268,0.3268,0.3268,1,1.0
2024-03-15 08:00,0.3259,0.3259,0.3259,1,1.0
2024-03-15 11:00,0.3219,0.3219,0.3219,1,1.0
2024-03-15 14:00,0.3137,0.3137,0.3137,1,1.0
2024-03-15 17:00,0.3107,0.3107,0.3107,1,1.0
2024-03-15 20:00,0.3066,0.3066,0.3066,1,1.0
2024-03-15 23:00,0.3101,0.3101,0.3101,1,1.0
2024-03-16 02:00,0.3133,0.3133,0.3133,1,1.0
2024-03-16 05:00,0.3159,0.3159,0.3159,1,1.0
2024-03-16 08:00,0.3169,0.3169,0.3169,1,1.0
2024-03-16 11:00,0.3145,0.3145,0.3145,1,1.0
2024-03-16 14:00,0.3116,0.3116,0.3116,1,1.0
2024-03-16 17:00,0.3111,0.3111,0.3111,1,1.0
2024-03-16 20:00,0.3138,0.3138,0.3138,1,1.0
2024-03-16 23:00,0.3159,0.3159,0.3159,1,1.0
2024-03-17 02:00,0.3182,0.3182,0.3182,1,1.0
2024-03-17 05:00,0.3208,0.3208,0.3208,1,1.0
2024-03-17 08:00,0.3229,0.3229,0.3229,1,1.0
2024-03-17 11:00,0.3138,0.3138,0.3138,1,1.0
2024-03-17 14:00,0.303,0.303,0.303,1,1.0
2024-03-17 17:00,0.3022,0.3022,0.3022,1,1.0
2024-03-17 20:00,0.3052,0.3052,0.3052,1,1.0
2024-03-17 23:00,0.3089,0.3089,0.3089,1,1.0
2024-03-18 02:00,0.3114,0.3114,0.3114,1,1.0
2024-03-18 05:00,0.314,0.314,0.314,1,1.0
2024-03-18 08:00,0.3164,0.3164,0.3164,1,1.0
2024-03-18 11:00,0.3174,0.3174,0.3174,1,1.0
2024-03-18 14:00,0.3183,0.3183,0.3183,1,1.0
2024-03-18 17:00,0.3225,0.3225,0.3225,1,1.0
2024-03-18 20:00,0.328,0.328,0.328,1,1.0
2024-03-18 23:00,0.3305,0.3305,0.3305,1,1.0
2024-03-19 02:00,0.3315,0.3315,0.3315,1,1.0
2024-03-19 05:00,0.3321,0.3321,0.3321,1,1.0
2024-03-19 08:00,0.3315,0.3315,0.3315,1,1.0
2024-03-19 11:00,0.3206,0.3206,0.3206,1,1.0
2024-03-19 14:00,0.3055,0.3055,0.3055,1,1.0
2024-03-19 17:00,0.2993,0.2993,0.2993,1,1.0
2024-03-19 20:00,0.3015,0.3015,0.3015,1,1.0
2024-03-19 23:00,0.3046,0.3046,0.3046,1,1.0
2024-03-20 02:00,0.3078,0.3078,0.3078,1,1.0
2024-03-20 05:00,0.3109,0.3109,0.3109,1,1.0
2024-03-20 08:00,0.3099,0.3099,0.3099,1,1.0
2024-03-20 11:00,0.299,0.299,0.299,1,1.0
2024-03-20 14:00,0.2845,0.2845,0.2845,1,1.0
2024-03-20 17:00,0.2795,0.2795,0.2795,1,1.0
2024-03-20 20:00,0.2825,0.2825,0.2825,1,1.0
2024-03-20 23:00,0.287,0.287,0.287,1,1.0
2024-03-21 02:00,0.2911,0.2911,0.2911,1,1.0
2024-03-21 05:00,0.2951,0.2951,0.2951,1,1.0
2024-03-21 08:00,0.2973,0.2973,0.2973,1,1.0
2024-03-21 11:00,0.2906,0.2906,0.2906,1,1.0
2024-03-21 14:00,0.2812,0.2812,0.2812,1,1.0
2024-03-21 17:00,0.2793,0.2793,0.2793,1,1.0
2024-03-21 20:00,0.284,0.284,0.284,1,1.0
2024-03-21 23:00,0.2888,0.2888,0.2888,1,1.0
2024-03-22 02:00,0.293,0.293,0.293,1,1.0
2024-03-22 05:00,0.2971,0.2971,0.2971,1,1.0
2024-03-22 08:00,0.288,0.288,0.288,1,1.0
2024-03-22 11:00,0.2858,0.2858,0.2858,1,1.0
2024-03-22 14:00,0.2796,0.2796,0.2796,1,1.0
2024-03-22 17:00,0.2817,0.2817,0.2817,1,1.0
2024-03-22 20:00,0.2857,0.2857,0.2857,1,1.0
2024-03-22 23:00,0.29,0.29,0.29,1,1.0
2024-03-23 02:00,0.2942,0.2942,0.2942,1,1.0
2024-03-23 05:00,0.2982,0.2982,0.2982,1,1.0
2024-03-23 08:00,0.2997,0.2997,0.2997,1,1.0
2024-03-23 11:00,0.2913,0.2913,0.2913,1,1.0
2024-03-23 14:00,0.2842,0.2842,0.2842,1,1.0
2024-03-23 17:00,0.2835,0.2835,0.2835,1,1.0
2024-03-23 20:00,0.2863,0.2863,0.2863,1,1.0
2024-03-23 23:00,0.2907,0.2907,0.2907,1,1.0
2024-03-24 02:00,0.2948,0.2948,0.2948,1,1.0
2024-03-24 05:00,0.2986,0.2986,0.2986,1,1.0
2024-03-24 08:00,0.3014,0.3014,0.3014,1,1.0
2024-03-24 11:00,0.2941,0.2941,0.2941,1,1.0
2024-03-24 14:00,0.2819,0.2819,0.2819,1,1.0
2024-03-24 17:00,0.278,0.278,0.278,1,1.0
2024-03-24 20:00,0.2815,0.2815,0.2815,1,1.0
2024-03-24 23:00,0.2856,0.2856,0.2856,1,1.0
2024-03-25 02:00,0.2899,0.2899,0.2899,1,1.0
2024-03-25 05:00,0.2936,0.2936,0.2936,1,1.0
2024-03-25 08:00,0.2936,0.2936,0.2936,1,1.0
2024-03-25 11:00,0.2821,0.2821,0.2821,1,1.0
2024-03-25 14:00,0.2692,0.2692,0.2692,1,1.0
2024-03-25 17:00,0.2601,0.2601,0.2601,1,1.0
2024-03-25 20:00,0.2652,0.2652,0.2652,1,1.0
2024-03-25 23:00,0.2757,0.2757,0.2757,1,1.0
2024-03-26 02:00,0.2798,0.2798,0.2798,1,1.0
2024-03-26 05:00,0.2824,0.2824,0.2824,1,1.0
2024-03-26 08:00,0.2907,0.2907,0.2907,1,1.0
2024-03-26 11:00,0.3104,0.3104,0.3104,1,1.0
2024-03-26 14:00,0.3438,0.3438,0.3438,1,1.0
2024-03-26 17:00,0.3337,0.3337,0.3337,1,1.0
2024-03-26 20:00,0.3307,0.3307,0.3307,1,1.0
2024-03-26 23:00,0.3293,0.3293,0.3293,1,1.0
2024-03-27 02:00,0.3352,0.3352,0.3352,1,1.0
2024-03-27 05:00,0.3365,0.3365,0.3365,1,1.0
2024-03-27 08:00,0.3335,0.3335,0.3335,1,1.0
2024-03-27 11:00,0.33,0.33,0.33,1,1.0
2024-03-27 14:00,0.3699,0.3699,0.3699,1,1.0
2024-03-27 17:00,0.3632,0.3632,0.3632,1,1.0
2024-03-27 20:00,0.3447,0.3447,0.3447,1,1.0
2024-03-27 23:00,0.3445,0.3445,0.3445,1,1.0
2024-03-28 02:00,0.3414,0.3414,0.3414,1,1.0
2024-03-28 05:00,0.3386,0.3386,0.3386,1,1.0
2024-03-28 08:00,0.3352,0.3352,0.3352,1,1.0
2024-03-28 11:00,0.3262,0.3262,0.3262,1,1.0
2024-03-28 14:00,0.3185,0.3185,0.3185,1,1.0
2024-03-28 17:00,0.314,0.314,0.314,1,1.0
2024-03-28 20:00,0.3181,0.3181,0.3181,1,1.0
2024-03-28 23:00,0.3199,0.3199,0.3199,1,1.0
2024-03-29 02:00,0.3211,0.3211,0.3211,1,1.0
2024-03-29 05:00,0.3222,0.3222,0.3222,1,1.0
2024-03-29 08:00,0.3199,0.3199,0.3199,1,1.0
2024-03-29 11:00,0.3056,0.3056,0.3056,1,1.0
2024-03-29 14:00,0.2881,0.2881,0.2881,1,1.0
2024-03-29 17:00,0.2834,0.2834,0.2834,1,1.0
2024-03-29 20:00,0.2867,0.2867,0.2867,1,1.0
2024-03-29 23:00,0.2897,0.2897,0.2897,1,1.0
2024-03-30 02:00,0.2948,0.2948,0.2948,1,1.0
2024-03-30 05:00,0.2986,0.2986,0.2986,1,1.0
2024-03-30 08:00,0.2974,0.2974,0.2974,1,1.0
2024-03-30 11:00,0.2845,0.2845,0.2845,1,1.0
2024-03-30 14:00,0.2702,0.2702,0.2702,1,1.0
2024-03-30 17:00,0.2708,0.2708,0.2708,1,1.0
2024-03-30 20:00,0.2716,0.2716,0.2716,1,1.0
2024-03-30 23:00,0.2721,0.2721,0.2721,1,1.0
2024-03-31 02:00,0.2745,0.2745,0.2745,1,1.0
2024-03-31 05:00,0.278,0.278,0.278,1,1.0
2024-03-31 08:00,0.2805,0.2805,0.2805,1,1.0
2024-03-31 11:00,0.2739,0.2739,0.2739,1,1.0
2024-03-31 14:00,0.2661,0.2661,0.2661,1,1.0
2024-03-31 17:00,0.2663,0.2663,0.2663,1,1.0
2024-03-31 20:00,0.2687,0.2687,0.2687,1,1.0
2024-03-31 23:00,0.2733,0.2733,0.2733,1,1.0
2024-04-01 02:00,0.2769,0.2769,0.2769,1,1.0
2024-04-01 05:00,0.2793,0.2793,0.2793,1,1.0
2024-04-01 08:00,0.279,0.279,0.279,1,1.0
2024-04-01 11:00,0.2686,0.2686,0.2686,1,1.0
2024-04-01 14:00,0.2598,0.2598,0.2598,1,1.0
2024-04-01 17:00,0.2604,0.2604,0.2604,1,1.0
2024-04-01 20:00,0.3038,0.3038,0.3038,1,1.0
2024-04-01 23:00,0.3261,0.3261,0.3261,1,1.0
2024-04-02 02:00,0.3248,0.3248,0.3248,1,1.0
2024-04-02 05:00,0.3243,0.3243,0.3243,1,1.0
2024-04-02 08:00,0.3148,0.3148,0.3148,1,1.0
2024-04-02 11:00,0.3002,0.3002,0.3002,1,1.0
2024-04-02 14:00,0.284,0.284,0.284,1,1.0
2024-04-02 17:00,0.2773,0.2773,0.2773,1,1.0
2024-04-02 20:00,0.2808,0.2808,0.2808,1,1.0
2024-04-02 23:00,0.2851,0.2851,0.2851,1,1.0
2024-04-03 02:00,0.289,0.289,0.289,1,1.0
2024-04-03 05:00,0.2926,0.2926,0.2926,1,1.0
2024-04-03 08:00,0.2947,0.2947,0.2947,1,1.0
2024-04-03 11:00,0.2907,0.2907,0.2907,1,1.0
2024-04-03 14:00,0.2841,0.2841,0.2841,1,1.0
2024-04-03 17:00,0.2794,0.2794,0.2794,1,1.0
2024-04-03 20:00,0.2825,0.2825,0.2825,1,1.0
2024-04-03 23:00,0.2868,0.2868,0.2868,1,1.0
2024-04-04 02:00,0.2904,0.2904,0.2904,1,1.0
2024-04-04 05:00,0.2936,0.2936,0.2936,1,1.0
2024-04-04 08:00,0.2941,0.2941,0.2941,1,1.0
2024-04-04 11:00,0.2821,0.2821,0.2821,1,1.0
2024-04-04 14:00,0.2684,0.2684,0.2684,1,1.0
2024-04-04 17:00,0.2647,0.2647,0.2647,1,1.0
2024-04-04 20:00,0.2687,0.2687,0.2687,1,1.0
2024-04-04 23:00,0.2732,0.2732,0.2732,1,1.0
2024-04-05 02:00,0.2772,0.2772,0.2772,1,1.0
2024-04-05 05:00,0.2812,0.2812,0.2812,1,1.0
2024-04-05 08:00,0.2791,0.2791,0.2791,1,1.0
2024-04-05 11:00,0.2709,0.2709,0.2709,1,1.0
2024-04-05 14:00,0.2599,0.2599,0.2599,1,1.0
2024-04-05 17:00,0.2575,0.2575,0.2575,1,1.0
2024-04-05 20:00,0.2611,0.2611,0.2611,1,1.0
2024-04-05 23:00,0.2662,0.2662,0.2662,1,1.0
2024-04-06 02:00,0.2711,0.2711,0.2711,1,1.0
2024-04-06 05:00,0.2757,0.2757,0.2757,1,1.0
2024-04-06 08:00,0.2779,0.2779,0.2779,1,1.0
2024-04-06 11:00,0.2693,0.2693,0.2693,1,1.0
2024-04-06 14:00,0.2575,0.2575,0.2575,1,1.0
2024-04-06 17:00,0.2543,0.2543,0.2543,1,1.0
2024-04-06 20:00,0.2585,0.2585,0.2585,1,1.0
2024-04-06 23:00,0.2634,0.2634,0.2634,1,1.0
2024-04-07 02:00,0.268,0.268,0.268,1,1.0
2024-04-07 05:00,0.2717,0.2717,0.2717,1,1.0
2024-04-07 08:00,0.2734,0.2734,0.2734,1,1.0
2024-04-07 11:00,0.2643,0.2643,0.2643,1,1.0
2024-04-07 14:00,0.2518,0.2518,0.2518,1,1.0
2024-04-07 17:00,0.2525,0.2525,0.2525,1,1.0
2024-04-07 20:00,0.2565,0.2565,0.2565,1,1.0
2024-04-07 23:00,0.2613,0.2613,0.2613,1,1.0
2024-04-08 02:00,0.2658,0.2658,0.2658,1,1.0
2024-04-08 05:00,0.2699,0.2699,0.2699,1,1.0
2024-04-08 08:00,0.2547,0.2547,0.2547,1,1.0
2024-04-08 11:00,0.2464,0.2464,0.2464,1,1.0
2024-04-08 14:00,0.2352,0.2352,0.2352,1,1.0
2024-04-08 17:00,0.2321,0.2321,0.2321,1,1.0
2024-04-08 20:00,0.2321,0.2321,0.2321,1,1.0
2024-04-08 23:00,0.2367,0.2367,0.2367,1,1.0
2024-04-09 02:00,0.2412,0.2412,0.2412,1,1.0
2024-04-09 05:00,0.2457,0.2457,0.2457,1,1.0
2024-04-09 08:00,0.2475,0.2475,0.2475,1,1.0
2024-04-09 11:00,0.2394,0.2394,0.2394,1,1.0
2024-04-09 14:00,0.2294,0.2294,0.2294,1,1.0
2024-04-09 17:00,0.2269,0.2269,0.2269,1,1.0
2024-04-09 20:00,0.2311,0.2311,0.2311,1,1.0
2024-04-09 23:00,0.236,0.236,0.236,1,1.0
2024-04-10 02:00,0.2411,0.2411,0.2411,1,1.0
2024-04-10 05:00,0.2465,0.2465,0.2465,1,1.0
2024-04-10 08:00,0.2505,0.2505,0.2505,1,1.0
2024-04-10 11:00,0.2472,0.2472,0.2472,1,1.0
2024-04-10 14:00,0.2402,0.2402,0.2402,1,1.0
2024-04-10 17:00,0.233,0.233,0.233,1,1.0
2024-04-10 20:00,0.2369,0.2369,0.2369,1,1.0
2024-04-10 23:00,0.2418,0.2418,0.2418,1,1.0
2024-04-11 02:00,0.2494,0.2494,0.2494,1,1.0
2024-04-11 05:00,0.2563,0.2563,0.2563,1,1.0
2024-04-11 08:00,0.2579,0.2579,0.2579,1,1.0
2024-04-11 11:00,0.2542,0.2542,0.2542,1,1.0
2024-04-11 14:00,0.2484,0.2484,0.2484,1,1.0
2024-04-11 17:00,0.2479,0.2479,0.2479,1,1.0
2024-04-11 20:00,0.2503,0.2503,0.2503,1,1.0
2024-04-11 23:00,0.2532,0.2532,0.2532,1,1.0
2024-04-12 02:00,0.2562,0.2562,0.2562,1,1.0
2024-04-12 05:00,0.2591,0.2591,0.2591,1,1.0
2024-04-12 08:00,0.2588,0.2588,0.2588,1,1.0
2024-04-12 11:00,0.2492,0.2492,0.2492,1,1.0
2024-04-12 14:00,0.238,0.238,0.238,1,1.0
2024-04-12 17:00,0.2341,0.2341,0.2341,1,1.0
2024-04-12 20:00,0.2356,0.2356,0.2356,1,1.0
2024-04-12 23:00,0.2383,0.2383,0.2383,1,1.0
2024-04-13 02:00,0.2415,0.2415,0.2415,1,1.0
2024-04-13 05:00,0.2447,0.2447,0.2447,1,1.0
2024-04-13 08:00,0.2429,0.2429,0.2429,1,1.0
2024-04-13 11:00,0.2356,0.2356,0.2356,1,1.0
2024-04-13 14:00,0.2259,0.2259,0.2259,1,1.0
2024-04-13 17:00,0.223,0.223,0.223,1,1.0
2024-04-13 20:00,0.2253,0.2253,0.2253,1,1.0
2024-04-13 23:00,0.2291,0.2291,0.2291,1,1.0
2024-04-14 02:00,0.2326,0.2326,0.2326,1,1.0
2024-04-14 05:00,0.2359,0.2359,0.2359,1,1.0
2024-04-14 08:00,0.2368,0.2368,0.2368,1,1.0
2024-04-14 11:00,0.229,0.229,0.229,1,1.0
2024-04-14 14:00,0.2188,0.2188,0.2188,1,1.0
2024-04-14 17:00,0.2164,0.2164,0.2164,1,1.0
2024-04-14 20:00,0.2202,0.2202,0.2202,1,1.0
2024-04-14 23:00,0.2247,0.2247,0.2247,1,1.0
2024-04-15 02:00,0.2384,0.2384,0.2384,1,1.0
2024-04-15 05:00,0.2502,0.2502,0.2502,1,1.0
2024-04-15 08:00,0.2314,0.2314,0.2314,1,1.0
2024-04-15 11:00,0.23,0.23,0.23,1,1.0
2024-04-15 14:00,0.223,0.223,0.223,1,1.0
2024-04-15 17:00,0.2216,0.2216,0.2216,1,1.0
2024-04-15 20:00,0.2245,0.2245,0.2245,1,1.0
2024-04-15 23:00,0.2277,0.2277,0.2277,1,1.0
2024-04-16 02:00,0.2306,0.2306,0.2306,1,1.0
2024-04-16 05:00,0.233,0.233,0.233,1,1.0
2024-04-16 08:00,0.2253,0.2253,0.2253,1,1.0
2024-04-16 11:00,0.2226,0.2226,0.2226,1,1.0
2024-04-16 14:00,0.2214,0.2214,0.2214,1,1.0
2024-04-16 17:00,0.2239,0.2239,0.2239,1,1.0
2024-04-16 20:00,0.229,0.229,0.229,1,1.0
2024-04-16 23:00,0.2454,0.2454,0.2454,1,1.0
2024-04-17 02:00,0.2519,0.2519,0.2519,1,1.0
2024-04-17 05:00,0.2554,0.2554,0.2554,1,1.0
2024-04-17 08:00,0.2575,0.2575,0.2575,1,1.0
2024-04-17 11:00,0.2579,0.2579,0.2579,1,1.0
2024-04-17 14:00,0.2505,0.2505,0.2505,1,1.0
2024-04-17 17:00,0.2486,0.2486,0.2486,1,1.0
2024-04-17 20:00,0.2507,0.2507,0.2507,1,1.0
2024-04-17 23:00,0.2525,0.2525,0.2525,1,1.0
2024-04-18 02:00,0.2545,0.2545,0.2545,1,1.0
2024-04-18 05:00,0.2565,0.2565,0.2565,1,1.0
2024-04-18 08:00,0.2532,0.2532,0.2532,1,1.0
2024-04-18 11:00,0.265,0.265,0.265,1,1.0
2024-04-18 14:00,0.2657,0.2657,0.2657,1,1.0
2024-04-18 17:00,0.2655,0.2655,0.2655,1,1.0
2024-04-18 20:00,0.2773,0.2773,0.2773,1,1.0
2024-04-18 23:00,0.2935,0.2935,0.2935,1,1.0
2024-04-19 02:00,0.3259,0.3259,0.3259,1,1.0
2024-04-19 05:00,0.3535,0.3535,0.3535,1,1.0
2024-04-19 08:00,0.3317,0.3317,0.3317,1,1.0
2024-04-19 11:00,0.3096,0.3096,0.3096,1,1.0
2024-04-19 14:00,0.2947,0.2947,0.2947,1,1.0
2024-04-19 17:00,0.2834,0.2834,0.2834,1,1.0
2024-04-19 20:00,0.2818,0.2818,0.2818,1,1.0
2024-04-19 23:00,0.2826,0.2826,0.2826,1,1.0
2024-04-20 02:00,0.2834,0.2834,0.2834,1,1.0
2024-04-20 05:00,0.2841,0.2841,0.2841,1,1.0
2024-04-20 08:00,0.2814,0.2814,0.2814,1,1.0
2024-04-20 11:00,0.2802,0.2802,0.2802,1,1.0
2024-04-20 14:00,0.2776,0.2776,0.2776,1,1.0
2024-04-20 17:00,0.275,0.275,0.275,1,1.0
2024-04-20 20:00,0.2788,0.2788,0.2788,1,1.0
2024-04-20 23:00,0.2836,0.2836,0.2836,1,1.0
2024-04-21 02:00,0.2855,0.2855,0.2855,1,1.0
2024-04-21 05:00,0.286,0.286,0.286,1,1.0
2024-04-21 08:00,0.2863,0.2863,0.2863,1,1.0
2024-04-21 11:00,0.2734,0.2734,0.2734,1,1.0
2024-04-21 14:00,0.2614,0.2614,0.2614,1,1.0
2024-04-21 17:00,0.2552,0.2552,0.2552,1,1.0
2024-04-21 20:00,0.2566,0.2566,0.2566,1,1.0
2024-04-21 23:00,0.2589,0.2589,0.2589,1,1.0
2024-04-22 02:00,0.2611,0.2611,0.2611,1,1.0
2024-04-22 05:00,0.263,0.263,0.263,1,1.0
2024-04-22 08:00,0.2622,0.2622,0.2622,1,1.0
2024-04-22 11:00,0.2533,0.2533,0.2533,1,1.0
2024-04-22 14:00,0.2438,0.2438,0.2438,1,1.0
2024-04-22 17:00,0.2403,0.2403,0.2403,1,1.0
2024-04-22 20:00,0.2428,0.2428,0.2428,1,1.0
2024-04-22 23:00,0.2462,0.2462,0.2462,1,1.0
2024-04-23 02:00,0.2498,0.2498,0.2498,1,1.0
2024-04-23 05:00,0.2532,0.2532,0.2532,1,1.0
2024-04-23 08:00,0.2529,0.2529,0.2529,1,1.0
2024-04-23 11:00,0.248,0.248,0.248,1,1.0
2024-04-23 14:00,0.2391,0.2391,0.2391,1,1.0
2024-04-23 17:00,0.2303,0.2303,0.2303,1,1.0
2024-04-23 20:00,0.2327,0.2327,0.2327,1,1.0
2024-04-23 23:00,0.2362,0.2362,0.2362,1,1.0
2024-04-24 02:00,0.2433,0.2433,0.2433,1,1.0
2024-04-24 05:00,0.2813,0.2813,0.2813,1,1.0
2024-04-24 08:00,0.3056,0.3056,0.3056,1,1.0
2024-04-24 11:00,0.295,0.295,0.295,1,1.0
2024-04-24 14:00,0.2861,0.2861,0.2861,1,1.0
2024-04-24 17:00,0.2821,0.2821,0.2821,1,1.0
2024-04-24 20:00,0.2805,0.2805,0.2805,1,1.0
2024-04-24 23:00,0.2805,0.2805,0.2805,1,1.0
2024-04-25 02:00,0.2799,0.2799,0.2799,1,1.0
2024-04-25 05:00,0.2797,0.2797,0.2797,1,1.0
2024-04-25 08:00,0.2777,0.2777,0.2777,1,1.0
2024-04-25 11:00,0.2679,0.2679,0.2679,1,1.0
2024-04-25 14:00,0.2613,0.2613,0.2613,1,1.0
2024-04-25 17:00,0.2597,0.2597,0.2597,1,1.0
2024-04-25 20:00,0.2605,0.2605,0.2605,1,1.0
2024-04-25 23:00,0.2624,0.2624,0.2624,1,1.0
2024-04-26 02:00,0.2641,0.2641,0.2641,1,1.0
2024-04-26 05:00,0.2663,0.2663,0.2663,1,1.0
2024-04-26 08:00,0.2641,0.2641,0.2641,1,1.0
2024-04-26 11:00,0.2705,0.2705,0.2705,1,1.0
2024-04-26 14:00,0.2686,0.2686,0.2686,1,1.0
2024-04-26 17:00,0.2566,0.2566,0.2566,1,1.0
2024-04-26 20:00,0.2584,0.2584,0.2584,1,1.0
2024-04-26 23:00,0.2609,0.2609,0.2609,1,1.0
2024-04-27 02:00,0.263,0.263,0.263,1,1.0
2024-04-27 05:00,0.2646,0.2646,0.2646,1,1.0
2024-04-27 08:00,0.2628,0.2628,0.2628,1,1.0
2024-04-27 11:00,0.2521,0.2521,0.2521,1,1.0
2024-04-27 14:00,0.2406,0.2406,0.2406,1,1.0
2024-04-27 17:00,0.2356,0.2356,0.2356,1,1.0
2024-04-27 20:00,0.2374,0.2374,0.2374,1,1.0
2024-04-27 23:00,0.2399,0.2399,0.2399,1,1.0
2024-04-28 02:00,0.2425,0.2425,0.2425,1,1.0
2024-04-28 05:00,0.2446,0.2446,0.2446,1,1.0
2024-04-28 08:00,0.2431,0.2431,0.2431,1,1.0
2024-04-28 11:00,0.2333,0.2333,0.2333,1,1.0
2024-04-28 14:00,0.2221,0.2221,0.2221,1,1.0
2024-04-28 17:00,0.2179,0.2179,0.2179,1,1.0
2024-04-28 20:00,0.2201,0.2201,0.2201,1,1.0
2024-04-28 23:00,0.2224,0.2224,0.2224,1,1.0
2024-04-29 02:00,0.2243,0.2243,0.2243,1,1.0
2024-04-29 05:00,0.2259,0.2259,0.2259,1,1.0
2024-04-29 08:00,0.2227,0.2227,0.2227,1,1.0
2024-04-29 11:00,0.2157,0.2157,0.2157,1,1.0
2024-04-29 14:00,0.2069,0.2069,0.2069,1,1.0
2024-04-29 17:00,0.2042,0.2042,0.2042,1,1.0
2024-04-29 20:00,0.2103,0.2103,0.2103,1,1.0
2024-04-29 23:00,0.2132,0.2132,0.2132,1,1.0
2024-04-30 02:00,0.2162,0.2162,0.2162,1,1.0
2024-04-30 05:00,0.219,0.219,0.219,1,1.0
2024-04-30 08:00,0.2188,0.2188,0.2188,1,1.0
2024-04-30 11:00,0.2106,0.2106,0.2106,1,1.0
2024-04-30 14:00,0.2006,0.2006,0.2006,1,1.0
2024-04-30 17:00,0.1977,0.1977,0.1977,1,1.0
2024-04-30 20:00,0.1995,0.1995,0.1995,1,1.0
2024-04-30 23:00,0.202,0.202,0.202,1,1.0
2024-05-01 02:00,0.204,0.204,0.204,1,1.0
2024-05-01 05:00,0.2063,0.2063,0.2063,1,1.0
2024-05-01 08:00,0.2077,0.2077,0.2077,1,1.0
2024-05-01 11:00,0.2123,0.2123,0.2123,1,1.0
2024-05-01 14:00,0.2217,0.2217,0.2217,1,1.0
2024-05-01 17:00,0.2324,0.2324,0.2324,1,1.0
2024-05-01 20:00,0.2343,0.2343,0.2343,1,1.0
2024-05-01 23:00,0.2366,0.2366,0.2366,1,1.0
2024-05-02 02:00,0.239,0.239,0.239,1,1.0
2024-05-02 05:00,0.2425,0.2425,0.2425,1,1.0
2024-05-02 08:00,0.2445,0.2445,0.2445,1,1.0
2024-05-02 11:00,0.2668,0.2668,0.2668,1,1.0
2024-05-02 14:00,0.2977,0.2977,0.2977,1,1.0
2024-05-02 17:00,0.2881,0.2881,0.2881,1,1.0
2024-05-02 20:00,0.2727,0.2727,0.2727,1,1.0
2024-05-02 23:00,0.2755,0.2755,0.2755,1,1.0
2024-05-03 02:00,0.2758,0.2758,0.2758,1,1.0
2024-05-03 05:00,0.2752,0.2752,0.2752,1,1.0
2024-05-03 08:00,0.272,0.272,0.272,1,1.0
2024-05-03 11:00,0.2637,0.2637,0.2637,1,1.0
2024-05-03 14:00,0.2572,0.2572,0.2572,1,1.0
2024-05-03 17:00,0.2547,0.2547,0.2547,1,1.0
2024-05-03 20:00,0.2552,0.2552,0.2552,1,1.0
2024-05-03 23:00,0.2563,0.2563,0.2563,1,1.0
2024-05-04 02:00,0.2575,0.2575,0.2575,1,1.0
2024-05-04 05:00,0.2582,0.2582,0.2582,1,1.0
2024-05-04 08:00,0.2572,0.2572,0.2572,1,1.0
2024-05-04 11:00,0.2474,0.2474,0.2474,1,1.0
2024-05-04 14:00,0.2353,0.2353,0.2353,1,1.0
2024-05-04 17:00,0.2307,0.2307,0.2307,1,1.0
2024-05-04 20:00,0.2317,0.2317,0.2317,1,1.0
2024-05-04 23:00,0.2342,0.2342,0.2342,1,1.0
2024-05-05 02:00,0.2368,0.2368,0.2368,1,1.0
2024-05-05 05:00,0.2391,0.2391,0.2391,1,1.0
2024-05-05 08:00,0.2386,0.2386,0.2386,1,1.0
2024-05-05 11:00,0.2316,0.2316,0.2316,1,1.0
2024-05-05 14:00,0.2236,0.2236,0.2236,1,1.0
2024-05-05 17:00,0.2203,0.2203,0.2203,1,1.0
2024-05-05 20:00,0.2221,0.2221,0.2221,1,1.0
2024-05-05 23:00,0.2252,0.2252,0.2252,1,1.0
2024-05-06 02:00,0.2281,0.2281,0.2281,1,1.0
2024-05-06 05:00,0.2307,0.2307,0.2307,1,1.0
2024-05-06 08:00,0.2305,0.2305,0.2305,1,1.0
2024-05-06 11:00,0.2231,0.2231,0.2231,1,1.0
2024-05-06 14:00,0.2147,0.2147,0.2147,1,1.0
2024-05-06 17:00,0.2108,0.2108,0.2108,1,1.0
2024-05-06 20:00,0.2125,0.2125,0.2125,1,1.0
2024-05-06 23:00,0.215,0.215,0.215,1,1.0
2024-05-07 02:00,0.2173,0.2173,0.2173,1,1.0
2024-05-07 05:00,0.2193,0.2193,0.2193,1,1.0
2024-05-07 08:00,0.2083,0.2083,0.2083,1,1.0
2024-05-07 11:00,0.2054,0.2054,0.2054,1,1.0
2024-05-07 14:00,0.2001,0.2001,0.2001,1,1.0
2024-05-07 17:00,0.1994,0.1994,0.1994,1,1.0
2024-05-07 20:00,0.2082,0.2082,0.2082,1,1.0
2024-05-07 23:00,0.2105,0.2105,0.2105,1,1.0
2024-05-08 02:00,0.2131,0.2131,0.2131,1,1.0
2024-05-08 05:00,0.2154,0.2154,0.2154,1,1.0
2024-05-08 08:00,0.2153,0.2153,0.2153,1,1.0
2024-05-08 11:00,0.2264,0.2264,0.2264,1,1.0
2024-05-08 14:00,0.2429,0.2429,0.2429,1,1.0
2024-05-08 17:00,0.2594,0.2594,0.2594,1,1.0
2024-05-08 20:00,0.2765,0.2765,0.2765,1,1.0
2024-05-08 23:00,0.2806,0.2806,0.2806,1,1.0
2024-05-09 02:00,0.2752,0.2752,0.2752,1,1.0
2024-05-09 05:00,0.2716,0.2716,0.2716,1,1.0
2024-05-09 08:00,0.2665,0.2665,0.2665,1,1.0
2024-05-09 11:00,0.2607,0.2607,0.2607,1,1.0
2024-05-09 14:00,0.2565,0.2565,0.2565,1,1.0
2024-05-09 17:00,0.249,0.249,0.249,1,1.0
2024-05-09 20:00,0.2515,0.2515,0.2515,1,1.0
2024-05-09 23:00,0.2505,0.2505,0.2505,1,1.0
2024-05-10 02:00,0.2498,0.2498,0.2498,1,1.0
2024-05-10 05:00,0.2489,0.2489,0.2489,1,1.0
2024-05-10 08:00,0.2428,0.2428,0.2428,1,1.0
2024-05-10 11:00,0.2322,0.2322,0.2322,1,1.0
2024-05-10 14:00,0.2222,0.2222,0.2222,1,1.0
2024-05-10 17:00,0.218,0.218,0.218,1,1.0
2024-05-10 20:00,0.2183,0.2183,0.2183,1,1.0
2024-05-10 23:00,0.2188,0.2188,0.2188,1,1.0
2024-05-11 02:00,0.2198,0.2198,0.2198,1,1.0
2024-05-11 05:00,0.2208,0.2208,0.2208,1,1.0
2024-05-11 08:00,0.2185,0.2185,0.2185,1,1.0
2024-05-11 11:00,0.2098,0.2098,0.2098,1,1.0
2024-05-11 14:00,0.2003,0.2003,0.2003,1,1.0
2024-05-11 17:00,0.1961,0.1961,0.1961,1,1.0
2024-05-11 20:00,0.1972,0.1972,0.1972,1,1.0
2024-05-11 23:00,0.1996,0.1996,0.1996,1,1.0
2024-05-12 02:00,0.2018,0.2018,0.2018,1,1.0
2024-05-12 05:00,0.204,0.204,0.204,1,1.0
2024-05-12 08:00,0.2155,0.2155,0.2155,1,1.0
2024-05-12 11:00,0.208,0.208,0.208,1,1.0
2024-05-12 14:00,0.2003,0.2003,0.2003,1,1.0
2024-05-12 17:00,0.197,0.197,0.197,1,1.0
2024-05-12 20:00,0.1985,0.1985,0.1985,1,1.0
2024-05-12 23:00,0.2009,0.2009,0.2009,1,1.0
2024-05-13 02:00,0.2034,0.2034,0.2034,1,1.0
2024-05-13 05:00,0.2058,0.2058,0.2058,1,1.0
2024-05-13 08:00,0.2061,0.2061,0.2061,1,1.0
2024-05-13 11:00,0.2006,0.2006,0.2006,1,1.0
2024-05-13 14:00,0.1921,0.1921,0.1921,1,1.0
2024-05-13 17:00,0.1882,0.1882,0.1882,1,1.0
2024-05-13 20:00,0.1895,0.1895,0.1895,1,1.0
2024-05-13 23:00,0.1918,0.1918,0.1918,1,1.0
2024-05-14 02:00,0.194,0.194,0.194,1,1.0
2024-05-14 05:00,0.1959,0.1959,0.1959,1,1.0
2024-05-14 08:00,0.1954,0.1954,0.1954,1,1.0
2024-05-14 11:00,0.1881,0.1881,0.1881,1,1.0
2024-05-14 14:00,0.179,0.179,0.179,1,1.0
2024-05-14 17:00,0.1747,0.1747,0.1747,1,1.0
2024-05-14 20:00,0.176,0.176,0.176,1,1.0
2024-05-14 23:00,0.1784,0.1784,0.1784,1,1.0
2024-05-15 02:00,0.181,0.181,0.181,1,1.0
2024-05-15 05:00,0.1832,0.1832,0.1832,1,1.0
2024-05-15 08:00,0.1628,0.1628,0.1628,1,1.0
2024-05-15 11:00,0.1588,0.1588,0.1588,1,1.0
2024-05-15 14:00,0.1535,0.1535,0.1535,1,1.0
2024-05-15 17:00,0.1518,0.1518,0.1518,1,1.0
2024-05-15 20:00,0.1486,0.1486,0.1486,1,1.0
2024-05-15 23:00,0.1562,0.1562,0.1562,1,1.0
2024-05-16 02:00,0.16,0.16,0.16,1,1.0
2024-05-16 05:00,0.1623,0.1623,0.1623,1,1.0
2024-05-16 08:00,0.1631,0.1631,0.1631,1,1.0
2024-05-16 11:00,0.1594,0.1594,0.1594,1,1.0
2024-05-16 14:00,0.1534,0.1534,0.1534,1,1.0
2024-05-16 17:00,0.1513,0.1513,0.1513,1,1.0
2024-05-16 20:00,0.1535,0.1535,0.1535,1,1.0
2024-05-16 23:00,0.1562,0.1562,0.1562,1,1.0
2024-05-17 02:00,0.1591,0.1591,0.1591,1,1.0
2024-05-17 05:00,0.1617,0.1617,0.1617,1,1.0
2024-05-17 08:00,0.1546,0.1546,0.1546,1,1.0
2024-05-17 11:00,0.1505,0.1505,0.1505,1,1.0
2024-05-17 14:00,0.145,0.145,0.145,1,1.0
2024-05-17 17:00,0.1416,0.1416,0.1416,1,1.0
2024-05-17 20:00,0.1431,0.1431,0.1431,1,1.0
2024-05-17 23:00,0.1457,0.1457,0.1457,1,1.0
2024-05-18 02:00,0.1612,0.1612,0.1612,1,1.0
2024-05-18 05:00,0.1751,0.1751,0.1751,1,1.0
2024-05-18 08:00,0.1623,0.1623,0.1623,1,1.0
2024-05-18 11:00,0.1623,0.1623,0.1623,1,1.0
2024-05-18 14:00,0.2499,0.2499,0.2499,1,1.0
2024-05-18 17:00,0.2881,0.2881,0.2881,1,1.0
2024-05-18 20:00,0.2622,0.2622,0.2622,1,1.0
2024-05-18 23:00,0.2554,0.2554,0.2554,1,1.0
2024-05-19 02:00,0.252,0.252,0.252,1,1.0
2024-05-19 05:00,0.2497,0.2497,0.2497,1,1.0
2024-05-19 08:00,0.2456,0.2456,0.2456,1,1.0
2024-05-19 11:00,0.2364,0.2364,0.2364,1,1.0
2024-05-19 14:00,0.2299,0.2299,0.2299,1,1.0
2024-05-19 17:00,0.2264,0.2264,0.2264,1,1.0
2024-05-19 20:00,0.2259,0.2259,0.2259,1,1.0
2024-05-19 23:00,0.2264,0.2264,0.2264,1,1.0
2024-05-20 02:00,0.2268,0.2268,0.2268,1,1.0
2024-05-20 05:00,0.2269,0.2269,0.2269,1,1.0
2024-05-20 08:00,0.22,0.22,0.22,1,1.0
2024-05-20 11:00,0.2125,0.2125,0.2125,1,1.0
2024-05-20 14:00,0.2005,0.2005,0.2005,1,1.0
2024-05-20 17:00,0.1958,0.1958,0.1958,1,1.0
2024-05-20 20:00,0.1962,0.1962,0.1962,1,1.0
2024-05-20 23:00,0.1977,0.1977,0.1977,1,1.0
2024-05-21 02:00,0.1993,0.1993,0.1993,1,1.0
2024-05-21 05:00,0.2008,0.2008,0.2008,1,1.0
2024-05-21 08:00,0.2015,0.2015,0.2015,1,1.0
2024-05-21 11:00,0.1982,0.1982,0.1982,1,1.0
2024-05-21 14:00,0.1913,0.1913,0.1913,1,1.0
2024-05-21 17:00,0.1887,0.1887,0.1887,1,1.0
2024-05-21 20:00,0.1898,0.1898,0.1898,1,1.0
2024-05-21 23:00,0.1917,0.1917,0.1917,1,1.0
2024-05-22 02:00,0.1932,0.1932,0.1932,1,1.0
2024-05-22 05:00,0.1947,0.1947,0.1947,1,1.0
2024-05-22 08:00,0.194,0.194,0.194,1,1.0
2024-05-22 11:00,0.1878,0.1878,0.1878,1,1.0
2024-05-22 14:00,0.1811,0.1811,0.1811,1,1.0
2024-05-22 17:00,0.1777,0.1777,0.1777,1,1.0
2024-05-22 20:00,0.1787,0.1787,0.1787,1,1.0
2024-05-22 23:00,0.1805,0.1805,0.1805,1,1.0
2024-05-23 02:00,0.182,0.182,0.182,1,1.0
2024-05-23 05:00,0.1835,0.1835,0.1835,1,1.0
2024-05-23 08:00,0.1788,0.1788,0.1788,1,1.0
2024-05-23 11:00,0.1733,0.1733,0.1733,1,1.0
2024-05-23 14:00,0.1667,0.1667,0.1667,1,1.0
2024-05-23 17:00,0.1629,0.1629,0.1629,1,1.0
2024-05-23 20:00,0.1657,0.1657,0.1657,1,1.0
2024-05-23 23:00,0.1677,0.1677,0.1677,1,1.0
2024-05-24 02:00,0.1732,0.1732,0.1732,1,1.0
2024-05-24 05:00,0.1782,0.1782,0.1782,1,1.0
2024-05-24 08:00,0.1772,0.1772,0.1772,1,1.0
2024-05-24 11:00,0.1702,0.1702,0.1702,1,1.0
2024-05-24 14:00,0.1614,0.1614,0.1614,1,1.0
2024-05-24 17:00,0.1572,0.1572,0.1572,1,1.0
2024-05-24 20:00,0.1578,0.1578,0.1578,1,1.0
2024-05-24 23:00,0.159,0.159,0.159,1,1.0
2024-05-25 02:00,0.1601,0.1601,0.1601,1,1.0
2024-05-25 05:00,0.1615,0.1615,0.1615,1,1.0
2024-05-25 08:00,0.1702,0.1702,0.1702,1,1.0
2024-05-25 11:00,0.1639,0.1639,0.1639,1,1.0
2024-05-25 14:00,0.1874,0.1874,0.1874,1,1.0
2024-05-25 17:00,0.2135,0.2135,0.2135,1,1.0
2024-05-25 20:00,0.214,0.214,0.214,1,1.0
2024-05-25 23:00,0.2147,0.2147,0.2147,1,1.0
2024-05-26 02:00,0.213,0.213,0.213,1,1.0
2024-05-26 05:00,0.2118,0.2118,0.2118,1,1.0
2024-05-26 08:00,0.1961,0.1961,0.1961,1,1.0
2024-05-26 11:00,0.1863,0.1863,0.1863,1,1.0
2024-05-26 14:00,0.1753,0.1753,0.1753,1,1.0
2024-05-26 17:00,0.1699,0.1699,0.1699,1,1.0
2024-05-26 20:00,0.167,0.167,0.167,1,1.0
2024-05-26 23:00,0.1686,0.1686,0.1686,1,1.0
2024-05-27 02:00,0.1702,0.1702,0.1702,1,1.0
2024-05-27 05:00,0.1718,0.1718,0.1718,1,1.0
2024-05-27 08:00,0.1709,0.1709,0.1709,1,1.0
2024-05-27 11:00,0.1644,0.1644,0.1644,1,1.0
2024-05-27 14:00,0.1596,0.1596,0.1596,1,1.0
2024-05-27 17:00,0.1584,0.1584,0.1584,1,1.0
2024-05-27 20:00,0.1602,0.1602,0.1602,1,1.0
2024-05-27 23:00,0.162,0.162,0.162,1,1.0
2024-05-28 02:00,0.1638,0.1638,0.1638,1,1.0
2024-05-28 05:00,0.1659,0.1659,0.1659,1,1.0
2024-05-28 08:00,0.167,0.167,0.167,1,1.0
2024-05-28 11:00,0.1646,0.1646,0.1646,1,1.0
2024-05-28 14:00,0.1649,0.1649,0.1649,1,1.0
2024-05-28 17:00,0.165,0.165,0.165,1,1.0
2024-05-28 20:00,0.166,0.166,0.166,1,1.0
2024-05-28 23:00,0.1675,0.1675,0.1675,1,1.0
2024-05-29 02:00,0.169,0.169,0.169,1,1.0
2024-05-29 05:00,0.1703,0.1703,0.1703,1,1.0
2024-05-29 08:00,0.1691,0.1691,0.1691,1,1.0
2024-05-29 11:00,0.162,0.162,0.162,1,1.0
2024-05-29 14:00,0.1569,0.1569,0.1569,1,1.0
2024-05-29 17:00,0.1589,0.1589,0.1589,1,1.0
2024-05-29 20:00,0.1617,0.1617,0.1617,1,1.0
2024-05-29 23:00,0.1627,0.1627,0.1627,1,1.0
2024-05-30 02:00,0.1637,0.1637,0.1637,1,1.0
2024-05-30 05:00,0.1649,0.1649,0.1649,1,1.0
2024-05-30 08:00,0.1644,0.1644,0.1644,1,1.0
2024-05-30 11:00,0.1588,0.1588,0.1588,1,1.0
2024-05-30 14:00,0.1527,0.1527,0.1527,1,1.0
2024-05-30 17:00,0.1508,0.1508,0.1508,1,1.0
2024-05-30 20:00,0.1521,0.1521,0.1521,1,1.0
2024-05-30 23:00,0.1544,0.1544,0.1544,1,1.0
2024-05-31 02:00,0.1567,0.1567,0.1567,1,1.0
2024-05-31 05:00,0.1579,0.1579,0.1579,1,1.0
2024-05-31 08:00,0.157,0.157,0.157,1,1.0
2024-05-31 11:00,0.1567,0.1567,0.1567,1,1.0
2024-05-31 14:00,0.159,0.159,0.159,1,1.0
2024-05-31 17:00,0.1616,0.1616,0.1616,1,1.0
2024-05-31 20:00,0.1633,0.1633,0.1633,1,1.0
2024-05-31 23:00,0.1649,0.1649,0.1649,1,1.0
2024-06-01 02:00,0.1665,0.1665,0.1665,1,1.0
2024-06-01 05:00,0.1678,0.1678,0.1678,1,1.0
2024-06-01 08:00,0.1694,0.1694,0.1694,1,1.0
2024-06-01 11:00,0.1701,0.1701,0.1701,1,1.0
2024-06-01 14:00,0.1743,0.1743,0.1743,1,1.0
2024-06-01 17:00,0.176,0.176,0.176,1,1.0
2024-06-01 20:00,0.1764,0.1764,0.1764,1,1.0
2024-06-01 23:00,0.1776,0.1776,0.1776,1,1.0
2024-06-02 02:00,0.1775,0.1775,0.1775,1,1.0
2024-06-02 05:00,0.1773,0.1773,0.1773,1,1.0
2024-06-02 08:00,0.1745,0.1745,0.1745,1,1.0
2024-06-02 11:00,0.1671,0.1671,0.1671,1,1.0
2024-06-02 14:00,0.1597,0.1597,0.1597,1,1.0
2024-06-02 17:00,0.1571,0.1571,0.1571,1,1.0
2024-06-02 20:00,0.1568,0.1568,0.1568,1,1.0
2024-06-02 23:00,0.1583,0.1583,0.1583,1,1.0
2024-06-03 02:00,0.1611,0.1611,0.1611,1,1.0
2024-06-03 05:00,0.1622,0.1622,0.1622,1,1.0
2024-06-03 08:00,0.1575,0.1575,0.1575,1,1.0
2024-06-03 11:00,0.152,0.152,0.152,1,1.0
2024-06-03 14:00,0.1452,0.1452,0.1452,1,1.0
2024-06-03 17:00,0.1421,0.1421,0.1421,1,1.0
2024-06-03 20:00,0.1432,0.1432,0.1432,1,1.0
2024-06-03 23:00,0.145,0.145,0.145,1,1.0
2024-06-04 02:00,0.1464,0.1464,0.1464,1,1.0
2024-06-04 05:00,0.1485,0.1485,0.1485,1,1.0
2024-06-04 08:00,0.1486,0.1486,0.1486,1,1.0
2024-06-04 11:00,0.1435,0.1435,0.1435,1,1.0
2024-06-04 14:00,0.137,0.137,0.137,1,1.0
2024-06-04 17:00,0.1339,0.1339,0.1339,1,1.0
2024-06-04 20:00,0.135,0.135,0.135,1,1.0
2024-06-04 23:00,0.1374,0.1374,0.1374,1,1.0
2024-06-05 02:00,0.1431,0.1431,0.1431,1,1.0
2024-06-05 05:00,0.1453,0.1453,0.1453,1,1.0
2024-06-05 08:00,0.1319,0.1319,0.1319,1,1.0
2024-06-05 11:00,0.1273,0.1273,0.1273,1,1.0
2024-06-05 14:00,0.1218,0.1218,0.1218,1,1.0
2024-06-05 17:00,0.1288,0.1288,0.1288,1,1.0
2024-06-05 20:00,0.1298,0.1298,0.1298,1,1.0
2024-06-05 23:00,0.1321,0.1321,0.1321,1,1.0
2024-06-06 02:00,0.1343,0.1343,0.1343,1,1.0
2024-06-06 05:00,0.1361,0.1361,0.1361,1,1.0
2024-06-06 08:00,0.1359,0.1359,0.1359,1,1.0
2024-06-06 11:00,0.1316,0.1316,0.1316,1,1.0
2024-06-06 14:00,0.1261,0.1261,0.1261,1,1.0
2024-06-06 17:00,0.1236,0.1236,0.1236,1,1.0
2024-06-06 20:00,0.124,0.124,0.124,1,1.0
2024-06-06 23:00,0.1249,0.1249,0.1249,1,1.0
2024-06-07 02:00,0.1258,0.1258,0.1258,1,1.0
2024-06-07 05:00,0.1269,0.1269,0.1269,1,1.0
2024-06-07 08:00,0.1273,0.1273,0.1273,1,1.0
2024-06-07 11:00,0.123,0.123,0.123,1,1.0
2024-06-07 14:00,0.1183,0.1183,0.1183,1,1.0
2024-06-07 17:00,0.116,0.116,0.116,1,1.0
2024-06-07 20:00,0.117,0.117,0.117,1,1.0
2024-06-07 23:00,0.1189,0.1189,0.1189,1,1.0
2024-06-08 02:00,0.1202,0.1202,0.1202,1,1.0
2024-06-08 05:00,0.1215,0.1215,0.1215,1,1.0
2024-06-08 08:00,0.1215,0.1215,0.1215,1,1.0
2024-06-08 11:00,0.1171,0.1171,0.1171,1,1.0
2024-06-08 14:00,0.1111,0.1111,0.1111,1,1.0
2024-06-08 17:00,0.1086,0.1086,0.1086,1,1.0
2024-06-08 20:00,0.1145,0.1145,0.1145,1,1.0
2024-06-08 23:00,0.1158,0.1158,0.1158,1,1.0
2024-06-09 02:00,0.1171,0.1171,0.1171,1,1.0
2024-06-09 05:00,0.1185,0.1185,0.1185,1,1.0
2024-06-09 08:00,0.1198,0.1198,0.1198,1,1.0
2024-06-09 11:00,0.1188,0.1188,0.1188,1,1.0
2024-06-09 14:00,0.1163,0.1163,0.1163,1,1.0
2024-06-09 17:00,0.114,0.114,0.114,1,1.0
2024-06-09 20:00,0.1149,0.1149,0.1149,1,1.0
2024-06-09 23:00,0.1163,0.1163,0.1163,1,1.0
2024-06-10 02:00,0.1182,0.1182,0.1182,1,1.0
2024-06-10 05:00,0.1196,0.1196,0.1196,1,1.0
2024-06-10 08:00,0.1219,0.1219,0.1219,1,1.0
2024-06-10 11:00,0.1215,0.1215,0.1215,1,1.0
2024-06-10 14:00,0.1185,0.1185,0.1185,1,1.0
2024-06-10 17:00,0.1195,0.1195,0.1195,1,1.0
2024-06-10 20:00,0.1205,0.1205,0.1205,1,1.0
2024-06-10 23:00,0.1222,0.1222,0.1222,1,1.0
2024-06-11 02:00,0.1243,0.1243,0.1243,1,1.0
2024-06-11 05:00,0.1267,0.1267,0.1267,1,1.0
2024-06-11 08:00,0.1073,0.1073,0.1073,1,1.0
2024-06-11 11:00,0.1082,0.1082,0.1082,1,1.0
2024-06-11 14:00,0.1059,0.1059,0.1059,1,1.0
2024-06-11 17:00,0.1047,0.1047,0.1047,1,1.0
2024-06-11 20:00,0.1009,0.1009,0.1009,1,1.0
2024-06-11 23:00,0.1028,0.1028,0.1028,1,1.0
2024-06-12 02:00,0.1061,0.1061,0.1061,1,1.0
2024-06-12 05:00,0.1097,0.1097,0.1097,1,1.0
2024-06-12 08:00,0.1104,0.1104,0.1104,1,1.0
2024-06-12 11:00,0.1062,0.1062,0.1062,1,1.0
2024-06-12 14:00,0.1011,0.1011,0.1011,1,1.0
2024-06-12 17:00,0.098,0.098,0.098,1,1.0
2024-06-12 20:00,0.0985,0.0985,0.0985,1,1.0
2024-06-12 23:00,0.0999,0.0999,0.0999,1,1.0
2024-06-13 02:00,0.1017,0.1017,0.1017,1,1.0
2024-06-13 05:00,0.104,0.104,0.104,1,1.0
2024-06-13 08:00,0.1087,0.1087,0.1087,1,1.0
2024-06-13 11:00,0.1051,0.1051,0.1051,1,1.0
2024-06-13 14:00,0.1012,0.1012,0.1012,1,1.0
2024-06-13 17:00,0.0983,0.0983,0.0983,1,1.0
2024-06-13 20:00,0.0989,0.0989,0.0989,1,1.0
2024-06-13 23:00,0.1007,0.1007,0.1007,1,1.0
2024-06-14 02:00,0.1027,0.1027,0.1027,1,1.0
2024-06-14 05:00,0.1045,0.1045,0.1045,1,1.0
2024-06-14 08:00,0.1055,0.1055,0.1055,1,1.0
2024-06-14 11:00,0.1024,0.1024,0.1024,1,1.0
2024-06-14 14:00,0.0985,0.0985,0.0985,1,1.0
2024-06-14 17:00,0.0963,0.0963,0.0963,1,1.0
2024-06-14 20:00,0.0964,0.0964,0.0964,1,1.0
2024-06-14 23:00,0.0982,0.0982,0.0982,1,1.0
2024-06-15 02:00,0.0999,0.0999,0.0999,1,1.0
2024-06-15 05:00,0.1012,0.1012,0.1012,1,1.0
2024-06-15 08:00,0.1017,0.1017,0.1017,1,1.0
2024-06-15 11:00,0.099,0.099,0.099,1,1.0
2024-06-15 14:00,0.0947,0.0947,0.0947,1,1.0
2024-06-15 17:00,0.0916,0.0916,0.0916,1,1.0
2024-06-15 20:00,0.0918,0.0918,0.0918,1,1.0
2024-06-15 23:00,0.0932,0.0932,0.0932,1,1.0
2024-06-16 02:00,0.111,0.111,0.111,1,1.0
2024-06-16 05:00,0.1265,0.1265,0.1265,1,1.0
2024-06-16 08:00,0.1315,0.1315,0.1315,1,1.0
2024-06-16 11:00,0.1229,0.1229,0.1229,1,1.0
2024-06-16 14:00,0.1138,0.1138,0.1138,1,1.0
2024-06-16 17:00,0.1107,0.1107,0.1107,1,1.0
2024-06-16 20:00,0.1126,0.1126,0.1126,1,1.0
2024-06-16 23:00,0.1136,0.1136,0.1136,1,1.0
2024-06-17 02:00,0.1144,0.1144,0.1144,1,1.0
2024-06-17 05:00,0.1154,0.1154,0.1154,1,1.0
2024-06-17 08:00,0.1147,0.1147,0.1147,1,1.0
2024-06-17 11:00,0.1093,0.1093,0.1093,1,1.0
2024-06-17 14:00,0.1034,0.1034,0.1034,1,1.0
2024-06-17 17:00,0.0998,0.0998,0.0998,1,1.0
2024-06-17 20:00,0.1002,0.1002,0.1002,1,1.0
2024-06-17 23:00,0.1019,0.1019,0.1019,1,1.0
2024-06-18 02:00,0.1031,0.1031,0.1031,1,1.0
2024-06-18 05:00,0.1045,0.1045,0.1045,1,1.0
2024-06-18 08:00,0.1049,0.1049,0.1049,1,1.0
2024-06-18 11:00,0.1003,0.1003,0.1003,1,1.0
2024-06-18 14:00,0.0943,0.0943,0.0943,1,1.0
2024-06-18 17:00,0.0951,0.0951,0.0951,1,1.0
2024-06-18 20:00,0.0952,0.0952,0.0952,1,1.0
2024-06-18 23:00,0.0961,0.0961,0.0961,1,1.0
2024-06-19 02:00,0.0987,0.0987,0.0987,1,1.0
2024-06-19 05:00,0.1048,0.1048,0.1048,1,1.0
2024-06-19 08:00,0.0895,0.0895,0.0895,1,1.0
2024-06-19 11:00,0.0861,0.0861,0.0861,1,1.0
2024-06-19 14:00,0.0822,0.0822,0.0822,1,1.0
2024-06-19 17:00,0.0811,0.0811,0.0811,1,1.0
2024-06-19 20:00,0.082,0.082,0.082,1,1.0
2024-06-19 23:00,0.0819,0.0819,0.0819,1,1.0
2024-06-20 02:00,0.0819,0.0819,0.0819,1,1.0
2024-06-20 05:00,0.0821,0.0821,0.0821,1,1.0
2024-06-20 08:00,0.0812,0.0812,0.0812,1,1.0
2024-06-20 11:00,0.0785,0.0785,0.0785,1,1.0
2024-06-20 14:00,0.0743,0.0743,0.0743,1,1.0
2024-06-20 17:00,0.0718,0.0718,0.0718,1,1.0
2024-06-20 20:00,0.0721,0.0721,0.0721,1,1.0
2024-06-20 23:00,0.0736,0.0736,0.0736,1,1.0
2024-06-21 02:00,0.0759,0.0759,0.0759,1,1.0
2024-06-21 05:00,0.0786,0.0786,0.0786,1,1.0
2024-06-21 08:00,0.0824,0.0824,0.0824,1,1.0
2024-06-21 11:00,0.0782,0.0782,0.0782,1,1.0
2024-06-21 14:00,0.0725,0.0725,0.0725,1,1.0
2024-06-21 17:00,0.0719,0.0719,0.0719,1,1.0
2024-06-21 20:00,0.0733,0.0733,0.0733,1,1.0
2024-06-21 23:00,0.0757,0.0757,0.0757,1,1.0
2024-06-22 02:00,0.0779,0.0779,0.0779,1,1.0
2024-06-22 05:00,0.0798,0.0798,0.0798,1,1.0
2024-06-22 08:00,0.08,0.08,0.08,1,1.0
2024-06-22 11:00,0.0781,0.0781,0.0781,1,1.0
2024-06-22 14:00,0.0755,0.0755,0.0755,1,1.0
2024-06-22 17:00,0.0743,0.0743,0.0743,1,1.0
2024-06-22 20:00,0.0757,0.0757,0.0757,1,1.0
2024-06-22 23:00,0.0781,0.0781,0.0781,1,1.0
2024-06-23 02:00,0.0798,0.0798,0.0798,1,1.0
2024-06-23 05:00,0.0812,0.0812,0.0812,1,1.0
2024-06-23 08:00,0.0814,0.0814,0.0814,1,1.0
2024-06-23 11:00,0.0795,0.0795,0.0795,1,1.0
2024-06-23 14:00,0.0775,0.0775,0.0775,1,1.0
2024-06-23 17:00,0.0779,0.0779,0.0779,1,1.0
2024-06-23 20:00,0.0789,0.0789,0.0789,1,1.0
2024-06-23 23:00,0.08,0.08,0.08,1,1.0
2024-06-24 02:00,0.0814,0.0814,0.0814,1,1.0
2024-06-24 05:00,0.083,0.083,0.083,1,1.0
2024-06-24 08:00,0.0672,0.0672,0.0672,1,1.0
2024-06-24 11:00,0.0664,0.0664,0.0664,1,1.0
2024-06-24 14:00,0.0649,0.0649,0.0649,1,1.0
2024-06-24 17:00,0.0661,0.0661,0.0661,1,1.0
2024-06-24 20:00,0.0663,0.0663,0.0663,1,1.0
2024-06-24 23:00,0.0682,0.0682,0.0682,1,1.0
2024-06-25 02:00,0.0701,0.0701,0.0701,1,1.0
2024-06-25 05:00,0.0727,0.0727,0.0727,1,1.0
2024-06-25 08:00,0.0744,0.0744,0.0744,1,1.0
2024-06-25 11:00,0.1143,0.1143,0.1143,1,1.0
2024-06-25 14:00,0.1944,0.1944,0.1944,1,1.0
2024-06-25 17:00,0.177,0.177,0.177,1,1.0
2024-06-25 20:00,0.1836,0.1836,0.1836,1,1.0
2024-06-25 23:00,0.1854,0.1854,0.1854,1,1.0
2024-06-26 02:00,0.1838,0.1838,0.1838,1,1.0
2024-06-26 05:00,0.1753,0.1753,0.1753,1,1.0
2024-06-26 08:00,0.1681,0.1681,0.1681,1,1.0
2024-06-26 11:00,0.1578,0.1578,0.1578,1,1.0
2024-06-26 14:00,0.1476,0.1476,0.1476,1,1.0
2024-06-26 17:00,0.1404,0.1404,0.1404,1,1.0
2024-06-26 20:00,0.1392,0.1392,0.1392,1,1.0
2024-06-26 23:00,0.1393,0.1393,0.1393,1,1.0
2024-06-27 02:00,0.1394,0.1394,0.1394,1,1.0
2024-06-27 05:00,0.1389,0.1389,0.1389,1,1.0
2024-06-27 08:00,0.1246,0.1246,0.1246,1,1.0
2024-06-27 11:00,0.1205,0.1205,0.1205,1,1.0
2024-06-27 14:00,0.1156,0.1156,0.1156,1,1.0
2024-06-27 17:00,0.1131,0.1131,0.1131,1,1.0
2024-06-27 20:00,0.1174,0.1174,0.1174,1,1.0
2024-06-27 23:00,0.1182,0.1182,0.1182,1,1.0
2024-06-28 02:00,0.1183,0.1183,0.1183,1,1.0
2024-06-28 05:00,0.1185,0.1185,0.1185,1,1.0
2024-06-28 08:00,0.1173,0.1173,0.1173,1,1.0
2024-06-28 11:00,0.111,0.111,0.111,1,1.0
2024-06-28 14:00,0.1022,0.1022,0.1022,1,1.0
2024-06-28 17:00,0.0976,0.0976,0.0976,1,1.0
2024-06-28 20:00,0.0974,0.0974,0.0974,1,1.0
2024-06-28 23:00,0.0977,0.0977,0.0977,1,1.0
2024-06-29 02:00,0.098,0.098,0.098,1,1.0
2024-06-29 05:00,0.0988,0.0988,0.0988,1,1.0
2024-06-29 08:00,0.105,0.105,0.105,1,1.0
2024-06-29 11:00,0.0986,0.0986,0.0986,1,1.0
2024-06-29 14:00,0.0916,0.0916,0.0916,1,1.0
2024-06-29 17:00,0.0877,0.0877,0.0877,1,1.0
2024-06-29 20:00,0.0883,0.0883,0.0883,1,1.0
2024-06-29 23:00,0.0896,0.0896,0.0896,1,1.0
2024-06-30 02:00,0.0908,0.0908,0.0908,1,1.0
2024-06-30 05:00,0.0914,0.0914,0.0914,1,1.0
2024-06-30 08:00,0.0903,0.0903,0.0903,1,1.0
2024-06-30 11:00,0.0864,0.0864,0.0864,1,1.0
2024-06-30 14:00,0.082,0.082,0.082,1,1.0
2024-06-30 17:00,0.0799,0.0799,0.0799,1,1.0
2024-06-30 20:00,0.0807,0.0807,0.0807,1,1.0
2024-06-30 23:00,0.0822,0.0822,0.0822,1,1.0
2024-07-01 02:00,0.0832,0.0832,0.0832,1,1.0
2024-07-01 05:00,0.0849,0.0849,0.0849,1,1.0
2024-07-01 08:00,0.0854,0.0854,0.0854,1,1.0
2024-07-01 11:00,0.0825,0.0825,0.0825,1,1.0
2024-07-01 14:00,0.0822,0.0822,0.0822,1,1.0
2024-07-01 17:00,0.0839,0.0839,0.0839,1,1.0
2024-07-01 20:00,0.0849,0.0849,0.0849,1,1.0
2024-07-01 23:00,0.0863,0.0863,0.0863,1,1.0
2024-07-02 02:00,0.0878,0.0878,0.0878,1,1.0
2024-07-02 05:00,0.0891,0.0891,0.0891,1,1.0
2024-07-02 08:00,0.0903,0.0903,0.0903,1,1.0
2024-07-02 11:00,0.0883,0.0883,0.0883,1,1.0
2024-07-02 14:00,0.085,0.085,0.085,1,1.0
2024-07-02 17:00,0.083,0.083,0.083,1,1.0
2024-07-02 20:00,0.0927,0.0927,0.0927,1,1.0
2024-07-02 23:00,0.0939,0.0939,0.0939,1,1.0
2024-07-03 02:00,0.0958,0.0958,0.0958,1,1.0
2024-07-03 05:00,0.0974,0.0974,0.0974,1,1.0
2024-07-03 08:00,0.0975,0.0975,0.0975,1,1.0
2024-07-03 11:00,0.096,0.096,0.096,1,1.0
2024-07-03 14:00,0.0996,0.0996,0.0996,1,1.0
2024-07-03 17:00,0.1089,0.1089,0.1089,1,1.0
2024-07-03 20:00,0.1197,0.1197,0.1197,1,1.0
2024-07-03 23:00,0.1227,0.1227,0.1227,1,1.0
2024-07-04 02:00,0.1221,0.1221,0.1221,1,1.0
2024-07-04 05:00,0.1217,0.1217,0.1217,1,1.0
2024-07-04 08:00,0.1237,0.1237,0.1237,1,1.0
2024-07-04 11:00,0.119,0.119,0.119,1,1.0
2024-07-04 14:00,0.1146,0.1146,0.1146,1,1.0
2024-07-04 17:00,0.1127,0.1127,0.1127,1,1.0
2024-07-04 20:00,0.1126,0.1126,0.1126,1,1.0
2024-07-04 23:00,0.1128,0.1128,0.1128,1,1.0
2024-07-05 02:00,0.1128,0.1128,0.1128,1,1.0
2024-07-05 05:00,0.1128,0.1128,0.1128,1,1.0
2024-07-05 08:00,0.1073,0.1073,0.1073,1,1.0
2024-07-05 11:00,0.1026,0.1026,0.1026,1,1.0
2024-07-05 14:00,0.0977,0.0977,0.0977,1,1.0
2024-07-05 17:00,0.0954,0.0954,0.0954,1,1.0
2024-07-05 20:00,0.0938,0.0938,0.0938,1,1.0
2024-07-05 23:00,0.0946,0.0946,0.0946,1,1.0
2024-07-06 02:00,0.0953,0.0953,0.0953,1,1.0
2024-07-06 05:00,0.0963,0.0963,0.0963,1,1.0
2024-07-06 08:00,0.0962,0.0962,0.0962,1,1.0
2024-07-06 11:00,0.0932,0.0932,0.0932,1,1.0
2024-07-06 14:00,0.0886,0.0886,0.0886,1,1.0
2024-07-06 17:00,0.0854,0.0854,0.0854,1,1.0
2024-07-06 20:00,0.0852,0.0852,0.0852,1,1.0
2024-07-06 23:00,0.0857,0.0857,0.0857,1,1.0
2024-07-07 02:00,0.0867,0.0867,0.0867,1,1.0
2024-07-07 05:00,0.0877,0.0877,0.0877,1,1.0
2024-07-07 08:00,0.0892,0.0892,0.0892,1,1.0
2024-07-07 11:00,0.0861,0.0861,0.0861,1,1.0
2024-07-07 14:00,0.0823,0.0823,0.0823,1,1.0
2024-07-07 17:00,0.0804,0.0804,0.0804,1,1.0
2024-07-07 20:00,0.0805,0.0805,0.0805,1,1.0
2024-07-07 23:00,0.0818,0.0818,0.0818,1,1.0
2024-07-08 02:00,0.0834,0.0834,0.0834,1,1.0
2024-07-08 05:00,0.0847,0.0847,0.0847,1,1.0
2024-07-08 08:00,0.0849,0.0849,0.0849,1,1.0
2024-07-08 11:00,0.0823,0.0823,0.0823,1,1.0
2024-07-08 14:00,0.0784,0.0784,0.0784,1,1.0
2024-07-08 17:00,0.0761,0.0761,0.0761,1,1.0
2024-07-08 20:00,0.0764,0.0764,0.0764,1,1.0
2024-07-08 23:00,0.0777,0.0777,0.0777,1,1.0
2024-07-09 02:00,0.0791,0.0791,0.0791,1,1.0
2024-07-09 05:00,0.0806,0.0806,0.0806,1,1.0
2024-07-09 08:00,0.0802,0.0802,0.0802,1,1.0
2024-07-09 11:00,0.0768,0.0768,0.0768,1,1.0
2024-07-09 14:00,0.0733,0.0733,0.0733,1,1.0
2024-07-09 17:00,0.0715,0.0715,0.0715,1,1.0
2024-07-09 20:00,0.0718,0.0718,0.0718,1,1.0
2024-07-09 23:00,0.0725,0.0725,0.0725,1,1.0
2024-07-10 02:00,0.0739,0.0739,0.0739,1,1.0
2024-07-10 05:00,0.0752,0.0752,0.0752,1,1.0
2024-07-10 08:00,0.0633,0.0633,0.0633,1,1.0
2024-07-10 11:00,0.0619,0.0619,0.0619,1,1.0
2024-07-10 14:00,0.0589,0.0589,0.0589,1,1.0
2024-07-10 17:00,0.0581,0.0581,0.0581,1,1.0
2024-07-10 20:00,0.0544,0.0544,0.0544,1,1.0
2024-07-10 23:00,0.0558,0.0558,0.0558,1,1.0
2024-07-11 02:00,0.0575,0.0575,0.0575,1,1.0
2024-07-11 05:00,0.0583,0.0583,0.0583,1,1.0
2024-07-11 08:00,0.0579,0.0579,0.0579,1,1.0
2024-07-11 11:00,0.0561,0.0561,0.0561,1,1.0
2024-07-11 14:00,0.054,0.054,0.054,1,1.0
2024-07-11 17:00,0.0531,0.0531,0.0531,1,1.0
2024-07-11 20:00,0.0539,0.0539,0.0539,1,1.0
2024-07-11 23:00,0.0551,0.0551,0.0551,1,1.0
2024-07-12 02:00,0.056,0.056,0.056,1,1.0
2024-07-12 05:00,0.0576,0.0576,0.0576,1,1.0
2024-07-12 08:00,0.0565,0.0565,0.0565,1,1.0
2024-07-12 11:00,0.0557,0.0557,0.0557,1,1.0
2024-07-12 14:00,0.0548,0.0548,0.0548,1,1.0
2024-07-12 17:00,0.0608,0.0608,0.0608,1,1.0
2024-07-12 20:00,0.0609,0.0609,0.0609,1,1.0
2024-07-12 23:00,0.0623,0.0623,0.0623,1,1.0
2024-07-13 02:00,0.0639,0.0639,0.0639,1,1.0
2024-07-13 05:00,0.0656,0.0656,0.0656,1,1.0
2024-07-13 08:00,0.0632,0.0632,0.0632,1,1.0
2024-07-13 11:00,0.0609,0.0609,0.0609,1,1.0
2024-07-13 14:00,0.0581,0.0581,0.0581,1,1.0
2024-07-13 17:00,0.0569,0.0569,0.0569,1,1.0
2024-07-13 20:00,0.059,0.059,0.059,1,1.0
2024-07-13 23:00,0.0601,0.0601,0.0601,1,1.0
2024-07-14 02:00,0.0614,0.0614,0.0614,1,1.0
2024-07-14 05:00,0.062,0.062,0.062,1,1.0
2024-07-14 08:00,0.0622,0.0622,0.0622,1,1.0
2024-07-14 11:00,0.0598,0.0598,0.0598,1,1.0
2024-07-14 14:00,0.0577,0.0577,0.0577,1,1.0
2024-07-14 17:00,0.0571,0.0571,0.0571,1,1.0
2024-07-14 20:00,0.0582,0.0582,0.0582,1,1.0
2024-07-14 23:00,0.0594,0.0594,0.0594,1,1.0
2024-07-15 02:00,0.0601,0.0601,0.0601,1,1.0
2024-07-15 05:00,0.0619,0.0619,0.0619,1,1.0
2024-07-15 08:00,0.0637,0.0637,0.0637,1,1.0
2024-07-15 11:00,0.0608,0.0608,0.0608,1,1.0
2024-07-15 14:00,0.0566,0.0566,0.0566,1,1.0
2024-07-15 17:00,0.0553,0.0553,0.0553,1,1.0
2024-07-15 20:00,0.0556,0.0556,0.0556,1,1.0
2024-07-15 23:00,0.0565,0.0565,0.0565,1,1.0
2024-07-16 02:00,0.0576,0.0576,0.0576,1,1.0
2024-07-16 05:00,0.0588,0.0588,0.0588,1,1.0
2024-07-16 08:00,0.0601,0.0601,0.0601,1,1.0
2024-07-16 11:00,0.0591,0.0591,0.0591,1,1.0
2024-07-16 14:00,0.0568,0.0568,0.0568,1,1.0
2024-07-16 17:00,0.0544,0.0544,0.0544,1,1.0
2024-07-16 20:00,0.0547,0.0547,0.0547,1,1.0
2024-07-16 23:00,0.0565,0.0565,0.0565,1,1.0
2024-07-17 02:00,0.0579,0.0579,0.0579,1,1.0
2024-07-17 05:00,0.0591,0.0591,0.0591,1,1.0
2024-07-17 08:00,0.059,0.059,0.059,1,1.0
2024-07-17 11:00,0.0567,0.0567,0.0567,1,1.0
2024-07-17 14:00,0.0541,0.0541,0.0541,1,1.0
2024-07-17 17:00,0.0531,0.0531,0.0531,1,1.0
2024-07-17 20:00,0.0542,0.0542,0.0542,1,1.0
2024-07-17 23:00,0.0563,0.0563,0.0563,1,1.0
2024-07-18 02:00,0.058,0.058,0.058,1,1.0
2024-07-18 05:00,0.0589,0.0589,0.0589,1,1.0
2024-07-18 08:00,0.0654,0.0654,0.0654,1,1.0
2024-07-18 11:00,0.0631,0.0631,0.0631,1,1.0
2024-07-18 14:00,0.0594,0.0594,0.0594,1,1.0
2024-07-18 17:00,0.0581,0.0581,0.0581,1,1.0
2024-07-18 20:00,0.0583,0.0583,0.0583,1,1.0
2024-07-18 23:00,0.0595,0.0595,0.0595,1,1.0
2024-07-19 02:00,0.0612,0.0612,0.0612,1,1.0
2024-07-19 05:00,0.0629,0.0629,0.0629,1,1.0
2024-07-19 08:00,0.0637,0.0637,0.0637,1,1.0
2024-07-19 11:00,0.0616,0.0616,0.0616,1,1.0
2024-07-19 14:00,0.0588,0.0588,0.0588,1,1.0
2024-07-19 17:00,0.0575,0.0575,0.0575,1,1.0
2024-07-19 20:00,0.0574,0.0574,0.0574,1,1.0
2024-07-19 23:00,0.0588,0.0588,0.0588,1,1.0
2024-07-20 02:00,0.0608,0.0608,0.0608,1,1.0
2024-07-20 05:00,0.0624,0.0624,0.0624,1,1.0
2024-07-20 08:00,0.0615,0.0615,0.0615,1,1.0
2024-07-20 11:00,0.0608,0.0608,0.0608,1,1.0
2024-07-20 14:00,0.058,0.058,0.058,1,1.0
2024-07-20 17:00,0.0594,0.0594,0.0594,1,1.0
2024-07-20 20:00,0.0598,0.0598,0.0598,1,1.0
2024-07-20 23:00,0.0613,0.0613,0.0613,1,1.0
2024-07-21 02:00,0.0625,0.0625,0.0625,1,1.0
2024-07-21 05:00,0.0638,0.0638,0.0638,1,1.0
2024-07-21 08:00,0.0607,0.0607,0.0607,1,1.0
2024-07-21 11:00,0.0595,0.0595,0.0595,1,1.0
2024-07-21 14:00,0.0577,0.0577,0.0577,1,1.0
2024-07-21 17:00,0.0574,0.0574,0.0574,1,1.0
2024-07-21 20:00,0.0588,0.0588,0.0588,1,1.0
2024-07-21 23:00,0.0598,0.0598,0.0598,1,1.0
2024-07-22 02:00,0.0769,0.0769,0.0769,1,1.0
2024-07-22 05:00,0.0906,0.0906,0.0906,1,1.0
2024-07-22 08:00,0.1151,0.1151,0.1151,1,1.0
2024-07-22 11:00,0.1269,0.1269,0.1269,1,1.0
2024-07-22 14:00,0.1258,0.1258,0.1258,1,1.0
2024-07-22 17:00,0.1511,0.1511,0.1511,1,1.0
2024-07-22 20:00,0.184,0.184,0.184,1,1.0
2024-07-22 23:00,0.1727,0.1727,0.1727,1,1.0
2024-07-23 02:00,0.1608,0.1608,0.1608,1,1.0
2024-07-23 05:00,0.1529,0.1529,0.1529,1,1.0
2024-07-23 08:00,0.1449,0.1449,0.1449,1,1.0
2024-07-23 11:00,0.1345,0.1345,0.1345,1,1.0
2024-07-23 14:00,0.1232,0.1232,0.1232,1,1.0
2024-07-23 17:00,0.1154,0.1154,0.1154,1,1.0
2024-07-23 20:00,0.1128,0.1128,0.1128,1,1.0
2024-07-23 23:00,0.112,0.112,0.112,1,1.0
2024-07-24 02:00,0.1113,0.1113,0.1113,1,1.0
2024-07-24 05:00,0.1104,0.1104,0.1104,1,1.0
2024-07-24 08:00,0.1081,0.1081,0.1081,1,1.0
2024-07-24 11:00,0.1035,0.1035,0.1035,1,1.0
2024-07-24 14:00,0.0994,0.0994,0.0994,1,1.0
2024-07-24 17:00,0.0969,0.0969,0.0969,1,1.0
2024-07-24 20:00,0.0965,0.0965,0.0965,1,1.0
2024-07-24 23:00,0.0966,0.0966,0.0966,1,1.0
2024-07-25 02:00,0.097,0.097,0.097,1,1.0
2024-07-25 05:00,0.0975,0.0975,0.0975,1,1.0
2024-07-25 08:00,0.0968,0.0968,0.0968,1,1.0
2024-07-25 11:00,0.0919,0.0919,0.0919,1,1.0
2024-07-25 14:00,0.0858,0.0858,0.0858,1,1.0
2024-07-25 17:00,0.0816,0.0816,0.0816,1,1.0
2024-07-25 20:00,0.0813,0.0813,0.0813,1,1.0
2024-07-25 23:00,0.0822,0.0822,0.0822,1,1.0
2024-07-26 02:00,0.0823,0.0823,0.0823,1,1.0
2024-07-26 05:00,0.083,0.083,0.083,1,1.0
2024-07-26 08:00,0.0794,0.0794,0.0794,1,1.0
2024-07-26 11:00,0.0765,0.0765,0.0765,1,1.0
2024-07-26 14:00,0.0723,0.0723,0.0723,1,1.0
2024-07-26 17:00,0.0698,0.0698,0.0698,1,1.0
2024-07-26 20:00,0.0735,0.0735,0.0735,1,1.0
2024-07-26 23:00,0.0738,0.0738,0.0738,1,1.0
2024-07-27 02:00,0.0745,0.0745,0.0745,1,1.0
2024-07-27 05:00,0.0749,0.0749,0.0749,1,1.0
2024-07-27 08:00,0.0742,0.0742,0.0742,1,1.0
2024-07-27 11:00,0.0702,0.0702,0.0702,1,1.0
2024-07-27 14:00,0.0662,0.0662,0.0662,1,1.0
2024-07-27 17:00,0.0648,0.0648,0.0648,1,1.0
2024-07-27 20:00,0.0653,0.0653,0.0653,1,1.0
2024-07-27 23:00,0.0664,0.0664,0.0664,1,1.0
2024-07-28 02:00,0.0676,0.0676,0.0676,1,1.0
2024-07-28 05:00,0.0684,0.0684,0.0684,1,1.0
2024-07-28 08:00,0.0764,0.0764,0.0764,1,1.0
2024-07-28 11:00,0.0727,0.0727,0.0727,1,1.0
2024-07-28 14:00,0.0686,0.0686,0.0686,1,1.0
2024-07-28 17:00,0.0717,0.0717,0.0717,1,1.0
2024-07-28 20:00,0.0718,0.0718,0.0718,1,1.0
2024-07-28 23:00,0.0722,0.0722,0.0722,1,1.0
2024-07-29 02:00,0.0726,0.0726,0.0726,1,1.0
2024-07-29 05:00,0.0735,0.0735,0.0735,1,1.0
2024-07-29 08:00,0.0705,0.0705,0.0705,1,1.0
2024-07-29 11:00,0.0675,0.0675,0.0675,1,1.0
2024-07-29 14:00,0.064,0.064,0.064,1,1.0
2024-07-29 17:00,0.0627,0.0627,0.0627,1,1.0
2024-07-29 20:00,0.0563,0.0563,0.0563,1,1.0
2024-07-29 23:00,0.0578,0.0578,0.0578,1,1.0
2024-07-30 02:00,0.0594,0.0594,0.0594,1,1.0
2024-07-30 05:00,0.0608,0.0608,0.0608,1,1.0
2024-07-30 08:00,0.0607,0.0607,0.0607,1,1.0
2024-07-30 11:00,0.0595,0.0595,0.0595,1,1.0
2024-07-30 14:00,0.0567,0.0567,0.0567,1,1.0
2024-07-30 17:00,0.0547,0.0547,0.0547,1,1.0
2024-07-30 20:00,0.0545,0.0545,0.0545,1,1.0
2024-07-30 23:00,0.0554,0.0554,0.0554,1,1.0
2024-07-31 02:00,0.0559,0.0559,0.0559,1,1.0
2024-07-31 05:00,0.0562,0.0562,0.0562,1,1.0
2024-07-31 08:00,0.0632,0.0632,0.0632,1,1.0
2024-07-31 11:00,0.0601,0.0601,0.0601,1,1.0
2024-07-31 14:00,0.0561,0.0561,0.0561,1,1.0
2024-07-31 17:00,0.0535,0.0535,0.0535,1,1.0
2024-07-31 20:00,0.0539,0.0539,0.0539,1,1.0
2024-07-31 23:00,0.0552,0.0552,0.0552,1,1.0
2024-08-01 02:00,0.0569,0.0569,0.0569,1,1.0
2024-08-01 05:00,0.0593,0.0593,0.0593,1,1.0
2024-08-01 08:00,0.0603,0.0603,0.0603,1,1.0
2024-08-01 11:00,0.0589,0.0589,0.0589,1,1.0
2024-08-01 14:00,0.0568,0.0568,0.0568,1,1.0
2024-08-01 17:00,0.0567,0.0567,0.0567,1,1.0
2024-08-01 20:00,0.0583,0.0583,0.0583,1,1.0
2024-08-01 23:00,0.0593,0.0593,0.0593,1,1.0
2024-08-02 02:00,0.0603,0.0603,0.0603,1,1.0
2024-08-02 05:00,0.0615,0.0615,0.0615,1,1.0
2024-08-02 08:00,0.062,0.062,0.062,1,1.0
2024-08-02 11:00,0.0612,0.0612,0.0612,1,1.0
2024-08-02 14:00,0.06,0.06,0.06,1,1.0
2024-08-02 17:00,0.0602,0.0602,0.0602,1,1.0
2024-08-02 20:00,0.0616,0.0616,0.0616,1,1.0
2024-08-02 23:00,0.063,0.063,0.063,1,1.0
2024-08-03 02:00,0.0638,0.0638,0.0638,1,1.0
2024-08-03 05:00,0.0642,0.0642,0.0642,1,1.0
2024-08-03 08:00,0.0629,0.0629,0.0629,1,1.0
2024-08-03 11:00,0.0615,0.0615,0.0615,1,1.0
2024-08-03 14:00,0.0614,0.0614,0.0614,1,1.0
2024-08-03 17:00,0.0616,0.0616,0.0616,1,1.0
2024-08-03 20:00,0.0641,0.0641,0.0641,1,1.0
2024-08-03 23:00,0.0651,0.0651,0.0651,1,1.0
2024-08-04 02:00,0.0659,0.0659,0.0659,1,1.0
2024-08-04 05:00,0.0665,0.0665,0.0665,1,1.0
2024-08-04 08:00,0.0667,0.0667,0.0667,1,1.0
2024-08-04 11:00,0.0647,0.0647,0.0647,1,1.0
2024-08-04 14:00,0.0623,0.0623,0.0623,1,1.0
2024-08-04 17:00,0.0613,0.0613,0.0613,1,1.0
2024-08-04 20:00,0.0621,0.0621,0.0621,1,1.0
2024-08-04 23:00,0.0635,0.0635,0.0635,1,1.0
2024-08-05 02:00,0.0647,0.0647,0.0647,1,1.0
2024-08-05 05:00,0.0661,0.0661,0.0661,1,1.0
2024-08-05 08:00,0.0723,0.0723,0.0723,1,1.0
2024-08-05 11:00,0.0705,0.0705,0.0705,1,1.0
2024-08-05 14:00,0.0685,0.0685,0.0685,1,1.0
2024-08-05 17:00,0.0746,0.0746,0.0746,1,1.0
2024-08-05 20:00,0.0751,0.0751,0.0751,1,1.0
2024-08-05 23:00,0.076,0.076,0.076,1,1.0
2024-08-06 02:00,0.0771,0.0771,0.0771,1,1.0
2024-08-06 05:00,0.0779,0.0779,0.0779,1,1.0
2024-08-06 08:00,0.068,0.068,0.068,1,1.0
2024-08-06 11:00,0.0667,0.0667,0.0667,1,1.0
2024-08-06 14:00,0.0651,0.0651,0.0651,1,1.0
2024-08-06 17:00,0.064,0.064,0.064,1,1.0
2024-08-06 20:00,0.0667,0.0667,0.0667,1,1.0
2024-08-06 23:00,0.067,0.067,0.067,1,1.0
2024-08-07 02:00,0.0678,0.0678,0.0678,1,1.0
2024-08-07 05:00,0.0684,0.0684,0.0684,1,1.0
2024-08-07 08:00,0.0681,0.0681,0.0681,1,1.0
2024-08-07 11:00,0.0663,0.0663,0.0663,1,1.0
2024-08-07 14:00,0.0641,0.0641,0.0641,1,1.0
2024-08-07 17:00,0.0627,0.0627,0.0627,1,1.0
2024-08-07 20:00,0.0625,0.0625,0.0625,1,1.0
2024-08-07 23:00,0.0629,0.0629,0.0629,1,1.0
2024-08-08 02:00,0.0635,0.0635,0.0635,1,1.0
2024-08-08 05:00,0.0645,0.0645,0.0645,1,1.0
2024-08-08 08:00,0.0712,0.0712,0.0712,1,1.0
2024-08-08 11:00,0.0696,0.0696,0.0696,1,1.0
2024-08-08 14:00,0.068,0.068,0.068,1,1.0
2024-08-08 17:00,0.0629,0.0629,0.0629,1,1.0
2024-08-08 20:00,0.0636,0.0636,0.0636,1,1.0
2024-08-08 23:00,0.0648,0.0648,0.0648,1,1.0
2024-08-09 02:00,0.0661,0.0661,0.0661,1,1.0
2024-08-09 05:00,0.0676,0.0676,0.0676,1,1.0
2024-08-09 08:00,0.0676,0.0676,0.0676,1,1.0
2024-08-09 11:00,0.0657,0.0657,0.0657,1,1.0
2024-08-09 14:00,0.064,0.064,0.064,1,1.0
2024-08-09 17:00,0.0653,0.0653,0.0653,1,1.0
2024-08-09 20:00,0.0727,0.0727,0.0727,1,1.0
2024-08-09 23:00,0.075,0.075,0.075,1,1.0
2024-08-10 02:00,0.0752,0.0752,0.0752,1,1.0
2024-08-10 05:00,0.0751,0.0751,0.0751,1,1.0
2024-08-10 08:00,0.0741,0.0741,0.0741,1,1.0
2024-08-10 11:00,0.0708,0.0708,0.0708,1,1.0
2024-08-10 14:00,0.0666,0.0666,0.0666,1,1.0
2024-08-10 17:00,0.064,0.064,0.064,1,1.0
2024-08-10 20:00,0.0637,0.0637,0.0637,1,1.0
2024-08-10 23:00,0.0646,0.0646,0.0646,1,1.0
2024-08-11 02:00,0.0653,0.0653,0.0653,1,1.0
2024-08-11 05:00,0.0661,0.0661,0.0661,1,1.0
2024-08-11 08:00,0.0659,0.0659,0.0659,1,1.0
2024-08-11 11:00,0.0647,0.0647,0.0647,1,1.0
2024-08-11 14:00,0.0626,0.0626,0.0626,1,1.0
2024-08-11 17:00,0.0607,0.0607,0.0607,1,1.0
2024-08-11 20:00,0.0597,0.0597,0.0597,1,1.0
2024-08-11 23:00,0.0603,0.0603,0.0603,1,1.0
2024-08-12 02:00,0.0618,0.0618,0.0618,1,1.0
2024-08-12 05:00,0.0629,0.0629,0.0629,1,1.0
2024-08-12 08:00,0.0639,0.0639,0.0639,1,1.0
2024-08-12 11:00,0.0637,0.0637,0.0637,1,1.0
2024-08-12 14:00,0.063,0.063,0.063,1,1.0
2024-08-12 17:00,0.0621,0.0621,0.0621,1,1.0
2024-08-12 20:00,0.0631,0.0631,0.0631,1,1.0
2024-08-12 23:00,0.0642,0.0642,0.0642,1,1.0
2024-08-13 02:00,0.0646,0.0646,0.0646,1,1.0
2024-08-13 05:00,0.0649,0.0649,0.0649,1,1.0
2024-08-13 08:00,0.0741,0.0741,0.0741,1,1.0
2024-08-13 11:00,0.0712,0.0712,0.0712,1,1.0
2024-08-13 14:00,0.0685,0.0685,0.0685,1,1.0
2024-08-13 17:00,0.0689,0.0689,0.0689,1,1.0
2024-08-13 20:00,0.0702,0.0702,0.0702,1,1.0
2024-08-13 23:00,0.0718,0.0718,0.0718,1,1.0
2024-08-14 02:00,0.0725,0.0725,0.0725,1,1.0
2024-08-14 05:00,0.0728,0.0728,0.0728,1,1.0
2024-08-14 08:00,0.067,0.067,0.067,1,1.0
2024-08-14 11:00,0.0649,0.0649,0.0649,1,1.0
2024-08-14 14:00,0.0622,0.0622,0.0622,1,1.0
2024-08-14 17:00,0.0605,0.0605,0.0605,1,1.0
2024-08-14 20:00,0.0632,0.0632,0.0632,1,1.0
2024-08-14 23:00,0.0642,0.0642,0.0642,1,1.0
2024-08-15 02:00,0.0651,0.0651,0.0651,1,1.0
2024-08-15 05:00,0.0668,0.0668,0.0668,1,1.0
2024-08-15 08:00,0.0678,0.0678,0.0678,1,1.0
2024-08-15 11:00,0.0672,0.0672,0.0672,1,1.0
2024-08-15 14:00,0.0654,0.0654,0.0654,1,1.0
2024-08-15 17:00,0.0642,0.0642,0.0642,1,1.0
2024-08-15 20:00,0.0652,0.0652,0.0652,1,1.0
2024-08-15 23:00,0.0666,0.0666,0.0666,1,1.0
2024-08-16 02:00,0.068,0.068,0.068,1,1.0
2024-08-16 05:00,0.0691,0.0691,0.0691,1,1.0
2024-08-16 08:00,0.0759,0.0759,0.0759,1,1.0
2024-08-16 11:00,0.0738,0.0738,0.0738,1,1.0
2024-08-16 14:00,0.0714,0.0714,0.0714,1,1.0
2024-08-16 17:00,0.073,0.073,0.073,1,1.0
2024-08-16 20:00,0.0726,0.0726,0.0726,1,1.0
2024-08-16 23:00,0.0733,0.0733,0.0733,1,1.0
2024-08-17 02:00,0.0745,0.0745,0.0745,1,1.0
2024-08-17 05:00,0.0751,0.0751,0.0751,1,1.0
2024-08-17 08:00,0.0751,0.0751,0.0751,1,1.0
2024-08-17 11:00,0.073,0.073,0.073,1,1.0
2024-08-17 14:00,0.0702,0.0702,0.0702,1,1.0
2024-08-17 17:00,0.0696,0.0696,0.0696,1,1.0
2024-08-17 20:00,0.0699,0.0699,0.0699,1,1.0
2024-08-17 23:00,0.0705,0.0705,0.0705,1,1.0
2024-08-18 02:00,0.0727,0.0727,0.0727,1,1.0
2024-08-18 05:00,0.0759,0.0759,0.0759,1,1.0
2024-08-18 08:00,0.0767,0.0767,0.0767,1,1.0
2024-08-18 11:00,0.0823,0.0823,0.0823,1,1.0
2024-08-18 14:00,0.1042,0.1042,0.1042,1,1.0
2024-08-18 17:00,0.1231,0.1231,0.1231,1,1.0
2024-08-18 20:00,0.1371,0.1371,0.1371,1,1.0
2024-08-18 23:00,0.1647,0.1647,0.1647,1,1.0
2024-08-19 02:00,0.2043,0.2043,0.2043,1,1.0
2024-08-19 05:00,0.211,0.211,0.211,1,1.0
2024-08-19 08:00,0.1907,0.1907,0.1907,1,1.0
2024-08-19 11:00,0.1705,0.1705,0.1705,1,1.0
2024-08-19 14:00,0.1625,0.1625,0.1625,1,1.0
2024-08-19 17:00,0.1666,0.1666,0.1666,1,1.0
2024-08-19 20:00,0.1604,0.1604,0.1604,1,1.0
2024-08-19 23:00,0.1572,0.1572,0.1572,1,1.0
2024-08-20 02:00,0.1602,0.1602,0.1602,1,1.0
2024-08-20 05:00,0.1552,0.1552,0.1552,1,1.0
2024-08-20 08:00,0.1483,0.1483,0.1483,1,1.0
2024-08-20 11:00,0.1392,0.1392,0.1392,1,1.0
2024-08-20 14:00,0.1473,0.1473,0.1473,1,1.0
2024-08-20 17:00,0.1499,0.1499,0.1499,1,1.0
2024-08-20 20:00,0.1438,0.1438,0.1438,1,1.0
2024-08-20 23:00,0.1404,0.1404,0.1404,1,1.0
2024-08-21 02:00,0.1379,0.1379,0.1379,1,1.0
2024-08-21 05:00,0.1365,0.1365,0.1365,1,1.0
2024-08-21 08:00,0.133,0.133,0.133,1,1.0
2024-08-21 11:00,0.1336,0.1336,0.1336,1,1.0
2024-08-21 14:00,0.1384,0.1384,0.1384,1,1.0
2024-08-21 17:00,0.1396,0.1396,0.1396,1,1.0
2024-08-21 20:00,0.1371,0.1371,0.1371,1,1.0
2024-08-21 23:00,0.1353,0.1353,0.1353,1,1.0
2024-08-22 02:00,0.1335,0.1335,0.1335,1,1.0
2024-08-22 05:00,0.1316,0.1316,0.1316,1,1.0
2024-08-22 08:00,0.1228,0.1228,0.1228,1,1.0
2024-08-22 11:00,0.1171,0.1171,0.1171,1,1.0
2024-08-22 14:00,0.1102,0.1102,0.1102,1,1.0
2024-08-22 17:00,0.107,0.107,0.107,1,1.0
2024-08-22 20:00,0.1056,0.1056,0.1056,1,1.0
2024-08-22 23:00,0.1059,0.1059,0.1059,1,1.0
2024-08-23 02:00,0.1056,0.1056,0.1056,1,1.0
2024-08-23 05:00,0.105,0.105,0.105,1,1.0
2024-08-23 08:00,0.1037,0.1037,0.1037,1,1.0
2024-08-23 11:00,0.0997,0.0997,0.0997,1,1.0
2024-08-23 14:00,0.0955,0.0955,0.0955,1,1.0
2024-08-23 17:00,0.0935,0.0935,0.0935,1,1.0
2024-08-23 20:00,0.0934,0.0934,0.0934,1,1.0
2024-08-23 23:00,0.0934,0.0934,0.0934,1,1.0
2024-08-24 02:00,0.0933,0.0933,0.0933,1,1.0
2024-08-24 05:00,0.0932,0.0932,0.0932,1,1.0
2024-08-24 08:00,0.0952,0.0952,0.0952,1,1.0
2024-08-24 11:00,0.0935,0.0935,0.0935,1,1.0
2024-08-24 14:00,0.0909,0.0909,0.0909,1,1.0
2024-08-24 17:00,0.085,0.085,0.085,1,1.0
2024-08-24 20:00,0.0852,0.0852,0.0852,1,1.0
2024-08-24 23:00,0.0857,0.0857,0.0857,1,1.0
2024-08-25 02:00,0.0863,0.0863,0.0863,1,1.0
2024-08-25 05:00,0.087,0.087,0.087,1,1.0
2024-08-25 08:00,0.0869,0.0869,0.0869,1,1.0
2024-08-25 11:00,0.0833,0.0833,0.0833,1,1.0
2024-08-25 14:00,0.0799,0.0799,0.0799,1,1.0
2024-08-25 17:00,0.0816,0.0816,0.0816,1,1.0
2024-08-25 20:00,0.0824,0.0824,0.0824,1,1.0
2024-08-25 23:00,0.0831,0.0831,0.0831,1,1.0
2024-08-26 02:00,0.0838,0.0838,0.0838,1,1.0
2024-08-26 05:00,0.0842,0.0842,0.0842,1,1.0
2024-08-26 08:00,0.0839,0.0839,0.0839,1,1.0
2024-08-26 11:00,0.0809,0.0809,0.0809,1,1.0
2024-08-26 14:00,0.0776,0.0776,0.0776,1,1.0
2024-08-26 17:00,0.0824,0.0824,0.0824,1,1.0
2024-08-26 20:00,0.0909,0.0909,0.0909,1,1.0
2024-08-26 23:00,0.0939,0.0939,0.0939,1,1.0
2024-08-27 02:00,0.094,0.094,0.094,1,1.0
2024-08-27 05:00,0.0935,0.0935,0.0935,1,1.0
2024-08-27 08:00,0.0896,0.0896,0.0896,1,1.0
2024-08-27 11:00,0.0868,0.0868,0.0868,1,1.0
2024-08-27 14:00,0.0861,0.0861,0.0861,1,1.0
2024-08-27 17:00,0.0924,0.0924,0.0924,1,1.0
2024-08-27 20:00,0.1001,0.1001,0.1001,1,1.0
2024-08-27 23:00,0.1002,0.1002,0.1002,1,1.0
2024-08-28 02:00,0.1023,0.1023,0.1023,1,1.0
2024-08-28 05:00,0.1063,0.1063,0.1063,1,1.0
2024-08-28 08:00,0.1058,0.1058,0.1058,1,1.0
2024-08-28 11:00,0.1017,0.1017,0.1017,1,1.0
2024-08-28 14:00,0.097,0.097,0.097,1,1.0
2024-08-28 17:00,0.1012,0.1012,0.1012,1,1.0
2024-08-28 20:00,0.1095,0.1095,0.1095,1,1.0
2024-08-28 23:00,0.1096,0.1096,0.1096,1,1.0
2024-08-29 02:00,0.1153,0.1153,0.1153,1,1.0
2024-08-29 05:00,0.1222,0.1222,0.1222,1,1.0
2024-08-29 08:00,0.128,0.128,0.128,1,1.0
2024-08-29 11:00,0.1245,0.1245,0.1245,1,1.0
2024-08-29 14:00,0.1573,0.1573,0.1573,1,1.0
2024-08-29 17:00,0.191,0.191,0.191,1,1.0
2024-08-29 20:00,0.1899,0.1899,0.1899,1,1.0
2024-08-29 23:00,0.1752,0.1752,0.1752,1,1.0
2024-08-30 02:00,0.1635,0.1635,0.1635,1,1.0
2024-08-30 05:00,0.1561,0.1561,0.1561,1,1.0
2024-08-30 08:00,0.1499,0.1499,0.1499,1,1.0
2024-08-30 11:00,0.1391,0.1391,0.1391,1,1.0
2024-08-30 14:00,0.1288,0.1288,0.1288,1,1.0
2024-08-30 17:00,0.1238,0.1238,0.1238,1,1.0
2024-08-30 20:00,0.1257,0.1257,0.1257,1,1.0
2024-08-30 23:00,0.1248,0.1248,0.1248,1,1.0
2024-08-31 02:00,0.1234,0.1234,0.1234,1,1.0
2024-08-31 05:00,0.1219,0.1219,0.1219,1,1.0
2024-08-31 08:00,0.1195,0.1195,0.1195,1,1.0
2024-08-31 11:00,0.1132,0.1132,0.1132,1,1.0
2024-08-31 14:00,0.1058,0.1058,0.1058,1,1.0
2024-08-31 17:00,0.1015,0.1015,0.1015,1,1.0
2024-08-31 20:00,0.1004,0.1004,0.1004,1,1.0
2024-08-31 23:00,0.0999,0.0999,0.0999,1,1.0
2024-09-01 02:00,0.0993,0.0993,0.0993,1,1.0
2024-09-01 05:00,0.0987,0.0987,0.0987,1,1.0
2024-09-01 08:00,0.103,0.103,0.103,1,1.0
2024-09-01 11:00,0.0979,0.0979,0.0979,1,1.0
2024-09-01 14:00,0.0949,0.0949,0.0949,1,1.0
2024-09-01 17:00,0.0999,0.0999,0.0999,1,1.0
2024-09-01 20:00,0.1018,0.1018,0.1018,1,1.0
2024-09-01 23:00,0.1029,0.1029,0.1029,1,1.0
2024-09-02 02:00,0.1023,0.1023,0.1023,1,1.0
2024-09-02 05:00,0.1018,0.1018,0.1018,1,1.0
2024-09-02 08:00,0.1008,0.1008,0.1008,1,1.0
2024-09-02 11:00,0.0995,0.0995,0.0995,1,1.0
2024-09-02 14:00,0.0992,0.0992,0.0992,1,1.0
2024-09-02 17:00,0.0994,0.0994,0.0994,1,1.0
2024-09-02 20:00,0.1026,0.1026,0.1026,1,1.0
2024-09-02 23:00,0.1044,0.1044,0.1044,1,1.0
2024-09-03 02:00,0.1366,0.1366,0.1366,1,1.0
2024-09-03 05:00,0.1491,0.1491,0.1491,1,1.0
2024-09-03 08:00,0.1423,0.1423,0.1423,1,1.0
2024-09-03 11:00,0.134,0.134,0.134,1,1.0
2024-09-03 14:00,0.1286,0.1286,0.1286,1,1.0
2024-09-03 17:00,0.1265,0.1265,0.1265,1,1.0
2024-09-03 20:00,0.1267,0.1267,0.1267,1,1.0
2024-09-03 23:00,0.1254,0.1254,0.1254,1,1.0
2024-09-04 02:00,0.1244,0.1244,0.1244,1,1.0
2024-09-04 05:00,0.1234,0.1234,0.1234,1,1.0
2024-09-04 08:00,0.12,0.12,0.12,1,1.0
2024-09-04 11:00,0.1152,0.1152,0.1152,1,1.0
2024-09-04 14:00,0.1102,0.1102,0.1102,1,1.0
2024-09-04 17:00,0.1082,0.1082,0.1082,1,1.0
2024-09-04 20:00,0.1034,0.1034,0.1034,1,1.0
2024-09-04 23:00,0.1033,0.1033,0.1033,1,1.0
2024-09-05 02:00,0.1053,0.1053,0.1053,1,1.0
2024-09-05 05:00,0.1182,0.1182,0.1182,1,1.0
2024-09-05 08:00,0.1208,0.1208,0.1208,1,1.0
2024-09-05 11:00,0.1287,0.1287,0.1287,1,1.0
2024-09-05 14:00,0.1333,0.1333,0.1333,1,1.0
2024-09-05 17:00,0.1481,0.1481,0.1481,1,1.0
2024-09-05 20:00,0.1936,0.1936,0.1936,1,1.0
2024-09-05 23:00,0.2142,0.2142,0.2142,1,1.0
2024-09-06 02:00,0.1899,0.1899,0.1899,1,1.0
2024-09-06 05:00,0.1733,0.1733,0.1733,1,1.0
2024-09-06 08:00,0.1599,0.1599,0.1599,1,1.0
2024-09-06 11:00,0.1499,0.1499,0.1499,1,1.0
2024-09-06 14:00,0.1404,0.1404,0.1404,1,1.0
2024-09-06 17:00,0.1349,0.1349,0.1349,1,1.0
2024-09-06 20:00,0.1336,0.1336,0.1336,1,1.0
2024-09-06 23:00,0.1326,0.1326,0.1326,1,1.0
2024-09-07 02:00,0.131,0.131,0.131,1,1.0
2024-09-07 05:00,0.1291,0.1291,0.1291,1,1.0
2024-09-07 08:00,0.122,0.122,0.122,1,1.0
2024-09-07 11:00,0.116,0.116,0.116,1,1.0
2024-09-07 14:00,0.1084,0.1084,0.1084,1,1.0
2024-09-07 17:00,0.1054,0.1054,0.1054,1,1.0
2024-09-07 20:00,0.1107,0.1107,0.1107,1,1.0
2024-09-07 23:00,0.1107,0.1107,0.1107,1,1.0
2024-09-08 02:00,0.1106,0.1106,0.1106,1,1.0
2024-09-08 05:00,0.1102,0.1102,0.1102,1,1.0
2024-09-08 08:00,0.1089,0.1089,0.1089,1,1.0
2024-09-08 11:00,0.1041,0.1041,0.1041,1,1.0
2024-09-08 14:00,0.0988,0.0988,0.0988,1,1.0
2024-09-08 17:00,0.096,0.096,0.096,1,1.0
2024-09-08 20:00,0.0958,0.0958,0.0958,1,1.0
2024-09-08 23:00,0.0954,0.0954,0.0954,1,1.0
2024-09-09 02:00,0.1022,0.1022,0.1022,1,1.0
2024-09-09 05:00,0.1894,0.1894,0.1894,1,1.0
2024-09-09 08:00,0.233,0.233,0.233,1,1.0
2024-09-09 11:00,0.2453,0.2453,0.2453,1,1.0
2024-09-09 14:00,0.2104,0.2104,0.2104,1,1.0
2024-09-09 17:00,0.1915,0.1915,0.1915,1,1.0
2024-09-09 20:00,0.1778,0.1778,0.1778,1,1.0
2024-09-09 23:00,0.1706,0.1706,0.1706,1,1.0
2024-09-10 02:00,0.1657,0.1657,0.1657,1,1.0
2024-09-10 05:00,0.162,0.162,0.162,1,1.0
2024-09-10 08:00,0.1576,0.1576,0.1576,1,1.0
2024-09-10 11:00,0.1488,0.1488,0.1488,1,1.0
2024-09-10 14:00,0.1395,0.1395,0.1395,1,1.0
2024-09-10 17:00,0.1336,0.1336,0.1336,1,1.0
2024-09-10 20:00,0.1321,0.1321,0.1321,1,1.0
2024-09-10 23:00,0.1312,0.1312,0.1312,1,1.0
2024-09-11 02:00,0.1304,0.1304,0.1304,1,1.0
2024-09-11 05:00,0.13,0.13,0.13,1,1.0
2024-09-11 08:00,0.1287,0.1287,0.1287,1,1.0
2024-09-11 11:00,0.1229,0.1229,0.1229,1,1.0
2024-09-11 14:00,0.1156,0.1156,0.1156,1,1.0
2024-09-11 17:00,0.1126,0.1126,0.1126,1,1.0
2024-09-11 20:00,0.1126,0.1126,0.1126,1,1.0
2024-09-11 23:00,0.1129,0.1129,0.1129,1,1.0
2024-09-12 02:00,0.1134,0.1134,0.1134,1,1.0
2024-09-12 05:00,0.1143,0.1143,0.1143,1,1.0
2024-09-12 08:00,0.1202,0.1202,0.1202,1,1.0
2024-09-12 11:00,0.1186,0.1186,0.1186,1,1.0
2024-09-12 14:00,0.1149,0.1149,0.1149,1,1.0
2024-09-12 17:00,0.1302,0.1302,0.1302,1,1.0
2024-09-12 20:00,0.2009,0.2009,0.2009,1,1.0
2024-09-12 23:00,0.3005,0.3005,0.3005,1,1.0
2024-09-13 02:00,0.2311,0.2311,0.2311,1,1.0
2024-09-13 05:00,0.2002,0.2002,0.2002,1,1.0
2024-09-13 08:00,0.1847,0.1847,0.1847,1,1.0
2024-09-13 11:00,0.1722,0.1722,0.1722,1,1.0
2024-09-13 14:00,0.1644,0.1644,0.1644,1,1.0
2024-09-13 17:00,0.1599,0.1599,0.1599,1,1.0
2024-09-13 20:00,0.1587,0.1587,0.1587,1,1.0
2024-09-13 23:00,0.1581,0.1581,0.1581,1,1.0
2024-09-14 02:00,0.1576,0.1576,0.1576,1,1.0
2024-09-14 05:00,0.1564,0.1564,0.1564,1,1.0
2024-09-14 08:00,0.1574,0.1574,0.1574,1,1.0
2024-09-14 11:00,0.1498,0.1498,0.1498,1,1.0
2024-09-14 14:00,0.1412,0.1412,0.1412,1,1.0
2024-09-14 17:00,0.1383,0.1383,0.1383,1,1.0
2024-09-14 20:00,0.1375,0.1375,0.1375,1,1.0
2024-09-14 23:00,0.1372,0.1372,0.1372,1,1.0
2024-09-15 02:00,0.1368,0.1368,0.1368,1,1.0
2024-09-15 05:00,0.1362,0.1362,0.1362,1,1.0
2024-09-15 08:00,0.1359,0.1359,0.1359,1,1.0
2024-09-15 11:00,0.1298,0.1298,0.1298,1,1.0
2024-09-15 14:00,0.1227,0.1227,0.1227,1,1.0
2024-09-15 17:00,0.1192,0.1192,0.1192,1,1.0
2024-09-15 20:00,0.1254,0.1254,0.1254,1,1.0
2024-09-15 23:00,0.1252,0.1252,0.1252,1,1.0
2024-09-16 02:00,0.1248,0.1248,0.1248,1,1.0
2024-09-16 05:00,0.1249,0.1249,0.1249,1,1.0
2024-09-16 08:00,0.1248,0.1248,0.1248,1,1.0
2024-09-16 11:00,0.1232,0.1232,0.1232,1,1.0
2024-09-16 14:00,0.1221,0.1221,0.1221,1,1.0
2024-09-16 17:00,0.1237,0.1237,0.1237,1,1.0
2024-09-16 20:00,0.1256,0.1256,0.1256,1,1.0
2024-09-16 23:00,0.1262,0.1262,0.1262,1,1.0
2024-09-17 02:00,0.1271,0.1271,0.1271,1,1.0
2024-09-17 05:00,0.1584,0.1584,0.1584,1,1.0
2024-09-17 08:00,0.2008,0.2008,0.2008,1,1.0
2024-09-17 11:00,0.205,0.205,0.205,1,1.0
2024-09-17 14:00,0.2005,0.2005,0.2005,1,1.0
2024-09-17 17:00,0.1946,0.1946,0.1946,1,1.0
2024-09-17 20:00,0.1995,0.1995,0.1995,1,1.0
2024-09-17 23:00,0.195,0.195,0.195,1,1.0
2024-09-18 02:00,0.1884,0.1884,0.1884,1,1.0
2024-09-18 05:00,0.184,0.184,0.184,1,1.0
2024-09-18 08:00,0.1793,0.1793,0.1793,1,1.0
2024-09-18 11:00,0.1732,0.1732,0.1732,1,1.0
2024-09-18 14:00,0.1786,0.1786,0.1786,1,1.0
2024-09-18 17:00,0.1876,0.1876,0.1876,1,1.0
2024-09-18 20:00,0.1887,0.1887,0.1887,1,1.0
2024-09-18 23:00,0.1879,0.1879,0.1879,1,1.0
2024-09-19 02:00,0.1922,0.1922,0.1922,1,1.0
2024-09-19 05:00,0.2053,0.2053,0.2053,1,1.0
2024-09-19 08:00,0.2088,0.2088,0.2088,1,1.0
2024-09-19 11:00,0.2353,0.2353,0.2353,1,1.0
2024-09-19 14:00,0.238,0.238,0.238,1,1.0
2024-09-19 17:00,0.2378,0.2378,0.2378,1,1.0
2024-09-19 20:00,0.2347,0.2347,0.2347,1,1.0
2024-09-19 23:00,0.2145,0.2145,0.2145,1,1.0
2024-09-20 02:00,0.2023,0.2023,0.2023,1,1.0
2024-09-20 05:00,0.1958,0.1958,0.1958,1,1.0
2024-09-20 08:00,0.191,0.191,0.191,1,1.0
2024-09-20 11:00,0.1822,0.1822,0.1822,1,1.0
2024-09-20 14:00,0.172,0.172,0.172,1,1.0
2024-09-20 17:00,0.1696,0.1696,0.1696,1,1.0
2024-09-20 20:00,0.1683,0.1683,0.1683,1,1.0
2024-09-20 23:00,0.1677,0.1677,0.1677,1,1.0
2024-09-21 02:00,0.1669,0.1669,0.1669,1,1.0
2024-09-21 05:00,0.1663,0.1663,0.1663,1,1.0
2024-09-21 08:00,0.1649,0.1649,0.1649,1,1.0
2024-09-21 11:00,0.1587,0.1587,0.1587,1,1.0
2024-09-21 14:00,0.1503,0.1503,0.1503,1,1.0
2024-09-21 17:00,0.1478,0.1478,0.1478,1,1.0
2024-09-21 20:00,0.1479,0.1479,0.1479,1,1.0
2024-09-21 23:00,0.1483,0.1483,0.1483,1,1.0
2024-09-22 02:00,0.1484,0.1484,0.1484,1,1.0
2024-09-22 05:00,0.1478,0.1478,0.1478,1,1.0
2024-09-22 08:00,0.1454,0.1454,0.1454,1,1.0
2024-09-22 11:00,0.1434,0.1434,0.1434,1,1.0
2024-09-22 14:00,0.1395,0.1395,0.1395,1,1.0
2024-09-22 17:00,0.1411,0.1411,0.1411,1,1.0
2024-09-22 20:00,0.1449,0.1449,0.1449,1,1.0
2024-09-22 23:00,0.1454,0.1454,0.1454,1,1.0
2024-09-23 02:00,0.1458,0.1458,0.1458,1,1.0
2024-09-23 05:00,0.147,0.147,0.147,1,1.0
2024-09-23 08:00,0.1424,0.1424,0.1424,1,1.0
2024-09-23 11:00,0.144,0.144,0.144,1,1.0
2024-09-23 14:00,0.1519,0.1519,0.1519,1,1.0
2024-09-23 17:00,0.1553,0.1553,0.1553,1,1.0
2024-09-23 20:00,0.1583,0.1583,0.1583,1,1.0
2024-09-23 23:00,0.1824,0.1824,0.1824,1,1.0
2024-09-24 02:00,0.231,0.231,0.231,1,1.0
2024-09-24 05:00,0.2506,0.2506,0.2506,1,1.0
2024-09-24 08:00,0.2263,0.2263,0.2263,1,1.0
2024-09-24 11:00,0.2089,0.2089,0.2089,1,1.0
2024-09-24 14:00,0.1935,0.1935,0.1935,1,1.0
2024-09-24 17:00,0.186,0.186,0.186,1,1.0
2024-09-24 20:00,0.1837,0.1837,0.1837,1,1.0
2024-09-24 23:00,0.1813,0.1813,0.1813,1,1.0
2024-09-25 02:00,0.179,0.179,0.179,1,1.0
2024-09-25 05:00,0.1817,0.1817,0.1817,1,1.0
2024-09-25 08:00,0.1832,0.1832,0.1832,1,1.0
2024-09-25 11:00,0.1834,0.1834,0.1834,1,1.0
2024-09-25 14:00,0.1865,0.1865,0.1865,1,1.0
2024-09-25 17:00,0.187,0.187,0.187,1,1.0
2024-09-25 20:00,0.1862,0.1862,0.1862,1,1.0
2024-09-25 23:00,0.1844,0.1844,0.1844,1,1.0
2024-09-26 02:00,0.1823,0.1823,0.1823,1,1.0
2024-09-26 05:00,0.1806,0.1806,0.1806,1,1.0
2024-09-26 08:00,0.1791,0.1791,0.1791,1,1.0
2024-09-26 11:00,0.1761,0.1761,0.1761,1,1.0
2024-09-26 14:00,0.1715,0.1715,0.1715,1,1.0
2024-09-26 17:00,0.169,0.169,0.169,1,1.0
2024-09-26 20:00,0.1689,0.1689,0.1689,1,1.0
2024-09-26 23:00,0.1689,0.1689,0.1689,1,1.0
2024-09-27 02:00,0.1687,0.1687,0.1687,1,1.0
2024-09-27 05:00,0.1688,0.1688,0.1688,1,1.0
2024-09-27 08:00,0.168,0.168,0.168,1,1.0
2024-09-27 11:00,0.1657,0.1657,0.1657,1,1.0
2024-09-27 14:00,0.1606,0.1606,0.1606,1,1.0
2024-09-27 17:00,0.1583,0.1583,0.1583,1,1.0
2024-09-27 20:00,0.1581,0.1581,0.1581,1,1.0
2024-09-27 23:00,0.1583,0.1583,0.1583,1,1.0
2024-09-28 02:00,0.1582,0.1582,0.1582,1,1.0
2024-09-28 05:00,0.1581,0.1581,0.1581,1,1.0
2024-09-28 08:00,0.1542,0.1542,0.1542,1,1.0
2024-09-28 11:00,0.1551,0.1551,0.1551,1,1.0
2024-09-28 14:00,0.1551,0.1551,0.1551,1,1.0
2024-09-28 17:00,0.1522,0.1522,0.1522,1,1.0
2024-09-28 20:00,0.156,0.156,0.156,1,1.0
2024-09-28 23:00,0.1558,0.1558,0.1558,1,1.0
2024-09-29 02:00,0.1558,0.1558,0.1558,1,1.0
2024-09-29 05:00,0.1561,0.1561,0.1561,1,1.0
2024-09-29 08:00,0.1555,0.1555,0.1555,1,1.0
2024-09-29 11:00,0.1504,0.1504,0.1504,1,1.0
2024-09-29 14:00,0.1437,0.1437,0.1437,1,1.0
2024-09-29 17:00,0.141,0.141,0.141,1,1.0
2024-09-29 20:00,0.1412,0.1412,0.1412,1,1.0
2024-09-29 23:00,0.142,0.142,0.142,1,1.0
2024-09-30 02:00,0.1431,0.1431,0.1431,1,1.0
2024-09-30 05:00,0.1443,0.1443,0.1443,1,1.0
2024-09-30 08:00,0.1331,0.1331,0.1331,1,1.0
2024-09-30 11:00,0.1311,0.1311,0.1311,1,1.0
2024-09-30 14:00,0.1274,0.1274,0.1274,1,1.0
2024-09-30 17:00,0.1252,0.1252,0.1252,1,1.0
2024-09-30 20:00,0.1267,0.1267,0.1267,1,1.0
2024-09-30 23:00,0.1282,0.1282,0.1282,1,1.0
2024-10-01 02:00,0.1297,0.1297,0.1297,1,1.0
2024-10-01 05:00,0.1309,0.1309,0.1309,1,1.0
2024-10-01 08:00,0.1244,0.1244,0.1244,1,1.0
2024-10-01 11:00,0.1218,0.1218,0.1218,1,1.0
2024-10-01 14:00,0.1188,0.1188,0.1188,1,1.0
2024-10-01 17:00,0.1181,0.1181,0.1181,1,1.0
2024-10-01 20:00,0.1163,0.1163,0.1163,1,1.0
2024-10-01 23:00,0.1179,0.1179,0.1179,1,1.0
2024-10-02 02:00,0.1195,0.1195,0.1195,1,1.0
2024-10-02 05:00,0.1209,0.1209,0.1209,1,1.0
2024-10-02 08:00,0.1214,0.1214,0.1214,1,1.0
2024-10-02 11:00,0.12,0.12,0.12,1,1.0
2024-10-02 14:00,0.1187,0.1187,0.1187,1,1.0
2024-10-02 17:00,0.1196,0.1196,0.1196,1,1.0
2024-10-02 20:00,0.12,0.12,0.12,1,1.0
2024-10-02 23:00,0.1212,0.1212,0.1212,1,1.0
2024-10-03 02:00,0.123,0.123,0.123,1,1.0
2024-10-03 05:00,0.1247,0.1247,0.1247,1,1.0
2024-10-03 08:00,0.1249,0.1249,0.1249,1,1.0
2024-10-03 11:00,0.1291,0.1291,0.1291,1,1.0
2024-10-03 14:00,0.1311,0.1311,0.1311,1,1.0
2024-10-03 17:00,0.1504,0.1504,0.1504,1,1.0
2024-10-03 20:00,0.1801,0.1801,0.1801,1,1.0
2024-10-03 23:00,0.2036,0.2036,0.2036,1,1.0
2024-10-04 02:00,0.2034,0.2034,0.2034,1,1.0
2024-10-04 05:00,0.193,0.193,0.193,1,1.0
2024-10-04 08:00,0.1881,0.1881,0.1881,1,1.0
2024-10-04 11:00,0.1802,0.1802,0.1802,1,1.0
2024-10-04 14:00,0.1724,0.1724,0.1724,1,1.0
2024-10-04 17:00,0.1691,0.1691,0.1691,1,1.0
2024-10-04 20:00,0.1686,0.1686,0.1686,1,1.0
2024-10-04 23:00,0.1732,0.1732,0.1732,1,1.0
2024-10-05 02:00,0.1789,0.1789,0.1789,1,1.0
2024-10-05 05:00,0.1827,0.1827,0.1827,1,1.0
2024-10-05 08:00,0.1821,0.1821,0.1821,1,1.0
2024-10-05 11:00,0.1759,0.1759,0.1759,1,1.0
2024-10-05 14:00,0.1707,0.1707,0.1707,1,1.0
2024-10-05 17:00,0.171,0.171,0.171,1,1.0
2024-10-05 20:00,0.1708,0.1708,0.1708,1,1.0
2024-10-05 23:00,0.171,0.171,0.171,1,1.0
2024-10-06 02:00,0.1705,0.1705,0.1705,1,1.0
2024-10-06 05:00,0.1699,0.1699,0.1699,1,1.0
2024-10-06 08:00,0.1746,0.1746,0.1746,1,1.0
2024-10-06 11:00,0.1689,0.1689,0.1689,1,1.0
2024-10-06 14:00,0.1617,0.1617,0.1617,1,1.0
2024-10-06 17:00,0.1594,0.1594,0.1594,1,1.0
2024-10-06 20:00,0.1623,0.1623,0.1623,1,1.0
2024-10-06 23:00,0.1623,0.1623,0.1623,1,1.0
2024-10-07 02:00,0.1623,0.1623,0.1623,1,1.0
2024-10-07 05:00,0.1621,0.1621,0.1621,1,1.0
2024-10-07 08:00,0.1614,0.1614,0.1614,1,1.0
2024-10-07 11:00,0.1574,0.1574,0.1574,1,1.0
2024-10-07 14:00,0.1523,0.1523,0.1523,1,1.0
2024-10-07 17:00,0.1503,0.1503,0.1503,1,1.0
2024-10-07 20:00,0.15,0.15,0.15,1,1.0
2024-10-07 23:00,0.1496,0.1496,0.1496,1,1.0
2024-10-08 02:00,0.1488,0.1488,0.1488,1,1.0
2024-10-08 05:00,0.1478,0.1478,0.1478,1,1.0
2024-10-08 08:00,0.1471,0.1471,0.1471,1,1.0
2024-10-08 11:00,0.1429,0.1429,0.1429,1,1.0
2024-10-08 14:00,0.1386,0.1386,0.1386,1,1.0
2024-10-08 17:00,0.1498,0.1498,0.1498,1,1.0
2024-10-08 20:00,0.2431,0.2431,0.2431,1,1.0
2024-10-08 23:00,0.2774,0.2774,0.2774,1,1.0
2024-10-09 02:00,0.2548,0.2548,0.2548,1,1.0
2024-10-09 05:00,0.2303,0.2303,0.2303,1,1.0
2024-10-09 08:00,0.2182,0.2182,0.2182,1,1.0
2024-10-09 11:00,0.2079,0.2079,0.2079,1,1.0
2024-10-09 14:00,0.1973,0.1973,0.1973,1,1.0
2024-10-09 17:00,0.1934,0.1934,0.1934,1,1.0
2024-10-09 20:00,0.1924,0.1924,0.1924,1,1.0
2024-10-09 23:00,0.1913,0.1913,0.1913,1,1.0
2024-10-10 02:00,0.1904,0.1904,0.1904,1,1.0
2024-10-10 05:00,0.1895,0.1895,0.1895,1,1.0
2024-10-10 08:00,0.1879,0.1879,0.1879,1,1.0
2024-10-10 11:00,0.184,0.184,0.184,1,1.0
2024-10-10 14:00,0.1789,0.1789,0.1789,1,1.0
2024-10-10 17:00,0.1772,0.1772,0.1772,1,1.0
2024-10-10 20:00,0.177,0.177,0.177,1,1.0
2024-10-10 23:00,0.1766,0.1766,0.1766,1,1.0
2024-10-11 02:00,0.1761,0.1761,0.1761,1,1.0
2024-10-11 05:00,0.1756,0.1756,0.1756,1,1.0
2024-10-11 08:00,0.1692,0.1692,0.1692,1,1.0
2024-10-11 11:00,0.165,0.165,0.165,1,1.0
2024-10-11 14:00,0.1596,0.1596,0.1596,1,1.0
2024-10-11 17:00,0.1589,0.1589,0.1589,1,1.0
2024-10-11 20:00,0.1588,0.1588,0.1588,1,1.0
2024-10-11 23:00,0.1591,0.1591,0.1591,1,1.0
2024-10-12 02:00,0.1595,0.1595,0.1595,1,1.0
2024-10-12 05:00,0.1604,0.1604,0.1604,1,1.0
2024-10-12 08:00,0.1605,0.1605,0.1605,1,1.0
2024-10-12 11:00,0.1568,0.1568,0.1568,1,1.0
2024-10-12 14:00,0.1515,0.1515,0.1515,1,1.0
2024-10-12 17:00,0.1501,0.1501,0.1501,1,1.0
2024-10-12 20:00,0.1511,0.1511,0.1511,1,1.0
2024-10-12 23:00,0.1522,0.1522,0.1522,1,1.0
2024-10-13 02:00,0.1531,0.1531,0.1531,1,1.0
2024-10-13 05:00,0.1538,0.1538,0.1538,1,1.0
2024-10-13 08:00,0.1537,0.1537,0.1537,1,1.0
2024-10-13 11:00,0.1508,0.1508,0.1508,1,1.0
2024-10-13 14:00,0.1471,0.1471,0.1471,1,1.0
2024-10-13 17:00,0.1464,0.1464,0.1464,1,1.0
2024-10-13 20:00,0.1464,0.1464,0.1464,1,1.0
2024-10-13 23:00,0.1464,0.1464,0.1464,1,1.0
2024-10-14 02:00,0.1468,0.1468,0.1468,1,1.0
2024-10-14 05:00,0.1475,0.1475,0.1475,1,1.0
2024-10-14 08:00,0.1178,0.1178,0.1178,1,1.0
2024-10-14 11:00,0.1161,0.1161,0.1161,1,1.0
2024-10-14 14:00,0.1137,0.1137,0.1137,1,1.0
2024-10-14 17:00,0.1138,0.1138,0.1138,1,1.0
2024-10-14 20:00,0.119,0.119,0.119,1,1.0
2024-10-14 23:00,0.1213,0.1213,0.1213,1,1.0
2024-10-15 02:00,0.1226,0.1226,0.1226,1,1.0
2024-10-15 05:00,0.1232,0.1232,0.1232,1,1.0
2024-10-15 08:00,0.1243,0.1243,0.1243,1,1.0
2024-10-15 11:00,0.1236,0.1236,0.1236,1,1.0
2024-10-15 14:00,0.1214,0.1214,0.1214,1,1.0
2024-10-15 17:00,0.1213,0.1213,0.1213,1,1.0
2024-10-15 20:00,0.1225,0.1225,0.1225,1,1.0
2024-10-15 23:00,0.1239,0.1239,0.1239,1,1.0
2024-10-16 02:00,0.1254,0.1254,0.1254,1,1.0
2024-10-16 05:00,0.1274,0.1274,0.1274,1,1.0
2024-10-16 08:00,0.1276,0.1276,0.1276,1,1.0
2024-10-16 11:00,0.1267,0.1267,0.1267,1,1.0
2024-10-16 14:00,0.1248,0.1248,0.1248,1,1.0
2024-10-16 17:00,0.1315,0.1315,0.1315,1,1.0
2024-10-16 20:00,0.1323,0.1323,0.1323,1,1.0
2024-10-16 23:00,0.1361,0.1361,0.1361,1,1.0
2024-10-17 02:00,0.1526,0.1526,0.1526,1,1.0
2024-10-17 05:00,0.1557,0.1557,0.1557,1,1.0
2024-10-17 08:00,0.1541,0.1541,0.1541,1,1.0
2024-10-17 11:00,0.1501,0.1501,0.1501,1,1.0
2024-10-17 14:00,0.1466,0.1466,0.1466,1,1.0
2024-10-17 17:00,0.1506,0.1506,0.1506,1,1.0
2024-10-17 20:00,0.1519,0.1519,0.1519,1,1.0
2024-10-17 23:00,0.1521,0.1521,0.1521,1,1.0
2024-10-18 02:00,0.1545,0.1545,0.1545,1,1.0
2024-10-18 05:00,0.1704,0.1704,0.1704,1,1.0
2024-10-18 08:00,0.1859,0.1859,0.1859,1,1.0
2024-10-18 11:00,0.2663,0.2663,0.2663,1,1.0
2024-10-18 14:00,0.2819,0.2819,0.2819,1,1.0
2024-10-18 17:00,0.2443,0.2443,0.2443,1,1.0
2024-10-18 20:00,0.2281,0.2281,0.2281,1,1.0
2024-10-18 23:00,0.2236,0.2236,0.2236,1,1.0
2024-10-19 02:00,0.2308,0.2308,0.2308,1,1.0
2024-10-19 05:00,0.3499,0.3499,0.3499,1,1.0
2024-10-19 08:00,0.2814,0.2814,0.2814,1,1.0
2024-10-19 11:00,0.2563,0.2563,0.2563,1,1.0
2024-10-19 14:00,0.293,0.293,0.293,1,1.0
2024-10-19 17:00,0.2828,0.2828,0.2828,1,1.0
2024-10-19 20:00,0.2673,0.2673,0.2673,1,1.0
2024-10-19 23:00,0.256,0.256,0.256,1,1.0
2024-10-20 02:00,0.2579,0.2579,0.2579,1,1.0
2024-10-20 05:00,0.2643,0.2643,0.2643,1,1.0
2024-10-20 08:00,0.2603,0.2603,0.2603,1,1.0
2024-10-20 11:00,0.2456,0.2456,0.2456,1,1.0
2024-10-20 14:00,0.2349,0.2349,0.2349,1,1.0
2024-10-20 17:00,0.2313,0.2313,0.2313,1,1.0
2024-10-20 20:00,0.2294,0.2294,0.2294,1,1.0
2024-10-20 23:00,0.2273,0.2273,0.2273,1,1.0
2024-10-21 02:00,0.2255,0.2255,0.2255,1,1.0
2024-10-21 05:00,0.2248,0.2248,0.2248,1,1.0
2024-10-21 08:00,0.2237,0.2237,0.2237,1,1.0
2024-10-21 11:00,0.2194,0.2194,0.2194,1,1.0
2024-10-21 14:00,0.2143,0.2143,0.2143,1,1.0
2024-10-21 17:00,0.2129,0.2129,0.2129,1,1.0
2024-10-21 20:00,0.2126,0.2126,0.2126,1,1.0
2024-10-21 23:00,0.2127,0.2127,0.2127,1,1.0
2024-10-22 02:00,0.2126,0.2126,0.2126,1,1.0
2024-10-22 05:00,0.2125,0.2125,0.2125,1,1.0
2024-10-22 08:00,0.2074,0.2074,0.2074,1,1.0
2024-10-22 11:00,0.2039,0.2039,0.2039,1,1.0
2024-10-22 14:00,0.2034,0.2034,0.2034,1,1.0
2024-10-22 17:00,0.2039,0.2039,0.2039,1,1.0
2024-10-22 20:00,0.1988,0.1988,0.1988,1,1.0
2024-10-22 23:00,0.1995,0.1995,0.1995,1,1.0
2024-10-23 02:00,0.2003,0.2003,0.2003,1,1.0
2024-10-23 05:00,0.2007,0.2007,0.2007,1,1.0
2024-10-23 08:00,0.2016,0.2016,0.2016,1,1.0
2024-10-23 11:00,0.1993,0.1993,0.1993,1,1.0
2024-10-23 14:00,0.199,0.199,0.199,1,1.0
2024-10-23 17:00,0.2077,0.2077,0.2077,1,1.0
2024-10-23 20:00,0.2132,0.2132,0.2132,1,1.0
2024-10-23 23:00,0.2118,0.2118,0.2118,1,1.0
2024-10-24 02:00,0.211,0.211,0.211,1,1.0
2024-10-24 05:00,0.2106,0.2106,0.2106,1,1.0
2024-10-24 08:00,0.2019,0.2019,0.2019,1,1.0
2024-10-24 11:00,0.199,0.199,0.199,1,1.0
2024-10-24 14:00,0.1939,0.1939,0.1939,1,1.0
2024-10-24 17:00,0.1955,0.1955,0.1955,1,1.0
2024-10-24 20:00,0.1981,0.1981,0.1981,1,1.0
2024-10-24 23:00,0.1986,0.1986,0.1986,1,1.0
2024-10-25 02:00,0.1993,0.1993,0.1993,1,1.0
2024-10-25 05:00,0.1999,0.1999,0.1999,1,1.0
2024-10-25 08:00,0.1855,0.1855,0.1855,1,1.0
2024-10-25 11:00,0.1849,0.1849,0.1849,1,1.0
2024-10-25 14:00,0.1837,0.1837,0.1837,1,1.0
2024-10-25 17:00,0.1842,0.1842,0.1842,1,1.0
2024-10-25 20:00,0.1818,0.1818,0.1818,1,1.0
2024-10-25 23:00,0.1831,0.1831,0.1831,1,1.0
2024-10-26 02:00,0.1844,0.1844,0.1844,1,1.0
2024-10-26 05:00,0.1858,0.1858,0.1858,1,1.0
2024-10-26 08:00,0.1867,0.1867,0.1867,1,1.0
2024-10-26 11:00,0.184,0.184,0.184,1,1.0
2024-10-26 14:00,0.1791,0.1791,0.1791,1,1.0
2024-10-26 17:00,0.1786,0.1786,0.1786,1,1.0
2024-10-26 20:00,0.1799,0.1799,0.1799,1,1.0
2024-10-26 23:00,0.1812,0.1812,0.1812,1,1.0
2024-10-27 02:00,0.1823,0.1823,0.1823,1,1.0
2024-10-27 05:00,0.183,0.183,0.183,1,1.0
2024-10-27 08:00,0.186,0.186,0.186,1,1.0
2024-10-27 11:00,0.1827,0.1827,0.1827,1,1.0
2024-10-27 14:00,0.1778,0.1778,0.1778,1,1.0
2024-10-27 17:00,0.176,0.176,0.176,1,1.0
2024-10-27 20:00,0.1773,0.1773,0.1773,1,1.0
2024-10-27 23:00,0.1787,0.1787,0.1787,1,1.0
2024-10-28 02:00,0.1802,0.1802,0.1802,1,1.0
2024-10-28 05:00,0.181,0.181,0.181,1,1.0
2024-10-28 08:00,0.1812,0.1812,0.1812,1,1.0
2024-10-28 11:00,0.1784,0.1784,0.1784,1,1.0
2024-10-28 14:00,0.1733,0.1733,0.1733,1,1.0
2024-10-28 17:00,0.1722,0.1722,0.1722,1,1.0
2024-10-28 20:00,0.1731,0.1731,0.1731,1,1.0
2024-10-28 23:00,0.1744,0.1744,0.1744,1,1.0
2024-10-29 02:00,0.1758,0.1758,0.1758,1,1.0
2024-10-29 05:00,0.1773,0.1773,0.1773,1,1.0
2024-10-29 08:00,0.1784,0.1784,0.1784,1,1.0
2024-10-29 11:00,0.1762,0.1762,0.1762,1,1.0
2024-10-29 14:00,0.1717,0.1717,0.1717,1,1.0
2024-10-29 17:00,0.1711,0.1711,0.1711,1,1.0
2024-10-29 20:00,0.173,0.173,0.173,1,1.0
2024-10-29 23:00,0.1745,0.1745,0.1745,1,1.0
2024-10-30 02:00,0.1759,0.1759,0.1759,1,1.0
2024-10-30 05:00,0.1772,0.1772,0.1772,1,1.0
2024-10-30 08:00,0.1474,0.1474,0.1474,1,1.0
2024-10-30 11:00,0.1479,0.1479,0.1479,1,1.0
2024-10-30 14:00,0.1465,0.1465,0.1465,1,1.0
2024-10-30 17:00,0.1466,0.1466,0.1466,1,1.0
2024-10-30 20:00,0.148,0.148,0.148,1,1.0
2024-10-30 23:00,0.1496,0.1496,0.1496,1,1.0
2024-10-31 02:00,0.1516,0.1516,0.1516,1,1.0
2024-10-31 05:00,0.1539,0.1539,0.1539,1,1.0
2024-10-31 08:00,0.1556,0.1556,0.1556,1,1.0
2024-10-31 11:00,0.1542,0.1542,0.1542,1,1.0
2024-10-31 14:00,0.1514,0.1514,0.1514,1,1.0
2024-10-31 17:00,0.1513,0.1513,0.1513,1,1.0
2024-10-31 20:00,0.1532,0.1532,0.1532,1,1.0
2024-10-31 23:00,0.1549,0.1549,0.1549,1,1.0
2024-11-01 02:00,0.1567,0.1567,0.1567,1,1.0
2024-11-01 05:00,0.1589,0.1589,0.1589,1,1.0
2024-11-01 08:00,0.1575,0.1575,0.1575,1,1.0
2024-11-01 11:00,0.1552,0.1552,0.1552,1,1.0
2024-11-01 14:00,0.1509,0.1509,0.1509,1,1.0
2024-11-01 17:00,0.1506,0.1506,0.1506,1,1.0
2024-11-01 20:00,0.1523,0.1523,0.1523,1,1.0
2024-11-01 23:00,0.1543,0.1543,0.1543,1,1.0
2024-11-02 02:00,0.1556,0.1556,0.1556,1,1.0
2024-11-02 05:00,0.1571,0.1571,0.1571,1,1.0
2024-11-02 08:00,0.1515,0.1515,0.1515,1,1.0
2024-11-02 11:00,0.1502,0.1502,0.1502,1,1.0
2024-11-02 14:00,0.1473,0.1473,0.1473,1,1.0
2024-11-02 17:00,0.147,0.147,0.147,1,1.0
2024-11-02 20:00,0.1492,0.1492,0.1492,1,1.0
2024-11-02 23:00,0.1513,0.1513,0.1513,1,1.0
2024-11-03 02:00,0.1537,0.1537,0.1537,1,1.0
2024-11-03 05:00,0.1556,0.1556,0.1556,1,1.0
2024-11-03 08:00,0.1566,0.1566,0.1566,1,1.0
2024-11-03 11:00,0.1548,0.1548,0.1548,1,1.0
2024-11-03 14:00,0.1514,0.1514,0.1514,1,1.0
2024-11-03 17:00,0.1514,0.1514,0.1514,1,1.0
2024-11-03 20:00,0.1529,0.1529,0.1529,1,1.0
2024-11-03 23:00,0.1542,0.1542,0.1542,1,1.0
2024-11-04 02:00,0.1556,0.1556,0.1556,1,1.0
2024-11-04 05:00,0.1569,0.1569,0.1569,1,1.0
2024-11-04 08:00,0.1497,0.1497,0.1497,1,1.0
2024-11-04 11:00,0.1496,0.1496,0.1496,1,1.0
2024-11-04 14:00,0.1484,0.1484,0.1484,1,1.0
2024-11-04 17:00,0.1492,0.1492,0.1492,1,1.0
2024-11-04 20:00,0.1507,0.1507,0.1507,1,1.0
2024-11-04 23:00,0.1526,0.1526,0.1526,1,1.0
2024-11-05 02:00,0.1542,0.1542,0.1542,1,1.0
2024-11-05 05:00,0.1556,0.1556,0.1556,1,1.0
2024-11-05 08:00,0.1572,0.1572,0.1572,1,1.0
2024-11-05 11:00,0.1558,0.1558,0.1558,1,1.0
2024-11-05 14:00,0.1522,0.1522,0.1522,1,1.0
2024-11-05 17:00,0.1521,0.1521,0.1521,1,1.0
2024-11-05 20:00,0.1535,0.1535,0.1535,1,1.0
2024-11-05 23:00,0.155,0.155,0.155,1,1.0
2024-11-06 02:00,0.1561,0.1561,0.1561,1,1.0
2024-11-06 05:00,0.157,0.157,0.157,1,1.0
2024-11-06 08:00,0.1572,0.1572,0.1572,1,1.0
2024-11-06 11:00,0.1551,0.1551,0.1551,1,1.0
2024-11-06 14:00,0.1515,0.1515,0.1515,1,1.0
2024-11-06 17:00,0.151,0.151,0.151,1,1.0
2024-11-06 20:00,0.152,0.152,0.152,1,1.0
2024-11-06 23:00,0.1527,0.1527,0.1527,1,1.0
2024-11-07 02:00,0.1535,0.1535,0.1535,1,1.0
2024-11-07 05:00,0.1548,0.1548,0.1548,1,1.0
2024-11-07 08:00,0.1458,0.1458,0.1458,1,1.0
2024-11-07 11:00,0.1453,0.1453,0.1453,1,1.0
2024-11-07 14:00,0.1431,0.1431,0.1431,1,1.0
2024-11-07 17:00,0.143,0.143,0.143,1,1.0
2024-11-07 20:00,0.1458,0.1458,0.1458,1,1.0
2024-11-07 23:00,0.1473,0.1473,0.1473,1,1.0
2024-11-08 02:00,0.1498,0.1498,0.1498,1,1.0
2024-11-08 05:00,0.1531,0.1531,0.1531,1,1.0
2024-11-08 08:00,0.1548,0.1548,0.1548,1,1.0
2024-11-08 11:00,0.1551,0.1551,0.1551,1,1.0
2024-11-08 14:00,0.1534,0.1534,0.1534,1,1.0
2024-11-08 17:00,0.1545,0.1545,0.1545,1,1.0
2024-11-08 20:00,0.1555,0.1555,0.1555,1,1.0
2024-11-08 23:00,0.1562,0.1562,0.1562,1,1.0
2024-11-09 02:00,0.1572,0.1572,0.1572,1,1.0
2024-11-09 05:00,0.1582,0.1582,0.1582,1,1.0
2024-11-09 08:00,0.1568,0.1568,0.1568,1,1.0
2024-11-09 11:00,0.1557,0.1557,0.1557,1,1.0
2024-11-09 14:00,0.1528,0.1528,0.1528,1,1.0
2024-11-09 17:00,0.1534,0.1534,0.1534,1,1.0
2024-11-09 20:00,0.1541,0.1541,0.1541,1,1.0
2024-11-09 23:00,0.1556,0.1556,0.1556,1,1.0
2024-11-10 02:00,0.1569,0.1569,0.1569,1,1.0
2024-11-10 05:00,0.1582,0.1582,0.1582,1,1.0
2024-11-10 08:00,0.1577,0.1577,0.1577,1,1.0
2024-11-10 11:00,0.1561,0.1561,0.1561,1,1.0
2024-11-10 14:00,0.1533,0.1533,0.1533,1,1.0
2024-11-10 17:00,0.1533,0.1533,0.1533,1,1.0
2024-11-10 20:00,0.1564,0.1564,0.1564,1,1.0
2024-11-10 23:00,0.1572,0.1572,0.1572,1,1.0
2024-11-11 02:00,0.1585,0.1585,0.1585,1,1.0
2024-11-11 05:00,0.1597,0.1597,0.1597,1,1.0
2024-11-11 08:00,0.1607,0.1607,0.1607,1,1.0
2024-11-11 11:00,0.159,0.159,0.159,1,1.0
2024-11-11 14:00,0.1558,0.1558,0.1558,1,1.0
2024-11-11 17:00,0.1553,0.1553,0.1553,1,1.0
2024-11-11 20:00,0.1563,0.1563,0.1563,1,1.0
2024-11-11 23:00,0.1573,0.1573,0.1573,1,1.0
2024-11-12 02:00,0.1582,0.1582,0.1582,1,1.0
2024-11-12 05:00,0.1591,0.1591,0.1591,1,1.0
2024-11-12 08:00,0.1591,0.1591,0.1591,1,1.0
2024-11-12 11:00,0.1574,0.1574,0.1574,1,1.0
2024-11-12 14:00,0.1546,0.1546,0.1546,1,1.0
2024-11-12 17:00,0.1562,0.1562,0.1562,1,1.0
2024-11-12 20:00,0.157,0.157,0.157,1,1.0
2024-11-12 23:00,0.1628,0.1628,0.1628,1,1.0
2024-11-13 02:00,0.1925,0.1925,0.1925,1,1.0
2024-11-13 05:00,0.1949,0.1949,0.1949,1,1.0
2024-11-13 08:00,0.2309,0.2309,0.2309,1,1.0
2024-11-13 11:00,0.2935,0.2935,0.2935,1,1.0
2024-11-13 14:00,0.2932,0.2932,0.2932,1,1.0
2024-11-13 17:00,0.2565,0.2565,0.2565,1,1.0
2024-11-13 20:00,0.2446,0.2446,0.2446,1,1.0
2024-11-13 23:00,0.2417,0.2417,0.2417,1,1.0
2024-11-14 02:00,0.2392,0.2392,0.2392,1,1.0
2024-11-14 05:00,0.2348,0.2348,0.2348,1,1.0
2024-11-14 08:00,0.2309,0.2309,0.2309,1,1.0
2024-11-14 11:00,0.2247,0.2247,0.2247,1,1.0
2024-11-14 14:00,0.2173,0.2173,0.2173,1,1.0
2024-11-14 17:00,0.2162,0.2162,0.2162,1,1.0
2024-11-14 20:00,0.2191,0.2191,0.2191,1,1.0
2024-11-14 23:00,0.2178,0.2178,0.2178,1,1.0
2024-11-15 02:00,0.2163,0.2163,0.2163,1,1.0
2024-11-15 05:00,0.2151,0.2151,0.2151,1,1.0
2024-11-15 08:00,0.2124,0.2124,0.2124,1,1.0
2024-11-15 11:00,0.2074,0.2074,0.2074,1,1.0
2024-11-15 14:00,0.2017,0.2017,0.2017,1,1.0
2024-11-15 17:00,0.1995,0.1995,0.1995,1,1.0
2024-11-15 20:00,0.1963,0.1963,0.1963,1,1.0
2024-11-15 23:00,0.1964,0.1964,0.1964,1,1.0
2024-11-16 02:00,0.1966,0.1966,0.1966,1,1.0
2024-11-16 05:00,0.1969,0.1969,0.1969,1,1.0
2024-11-16 08:00,0.1966,0.1966,0.1966,1,1.0
2024-11-16 11:00,0.1936,0.1936,0.1936,1,1.0
2024-11-16 14:00,0.1894,0.1894,0.1894,1,1.0
2024-11-16 17:00,0.1885,0.1885,0.1885,1,1.0
2024-11-16 20:00,0.1891,0.1891,0.1891,1,1.0
2024-11-16 23:00,0.1896,0.1896,0.1896,1,1.0
2024-11-17 02:00,0.1898,0.1898,0.1898,1,1.0
2024-11-17 05:00,0.1902,0.1902,0.1902,1,1.0
2024-11-17 08:00,0.1924,0.1924,0.1924,1,1.0
2024-11-17 11:00,0.1914,0.1914,0.1914,1,1.0
2024-11-17 14:00,0.189,0.189,0.189,1,1.0
2024-11-17 17:00,0.1887,0.1887,0.1887,1,1.0
2024-11-17 20:00,0.1896,0.1896,0.1896,1,1.0
2024-11-17 23:00,0.1905,0.1905,0.1905,1,1.0
2024-11-18 02:00,0.1911,0.1911,0.1911,1,1.0
2024-11-18 05:00,0.1917,0.1917,0.1917,1,1.0
2024-11-18 08:00,0.1881,0.1881,0.1881,1,1.0
2024-11-18 11:00,0.1869,0.1869,0.1869,1,1.0
2024-11-18 14:00,0.1848,0.1848,0.1848,1,1.0
2024-11-18 17:00,0.1847,0.1847,0.1847,1,1.0
2024-11-18 20:00,0.1853,0.1853,0.1853,1,1.0
2024-11-18 23:00,0.1856,0.1856,0.1856,1,1.0
2024-11-19 02:00,0.1861,0.1861,0.1861,1,1.0
2024-11-19 05:00,0.1866,0.1866,0.1866,1,1.0
2024-11-19 08:00,0.187,0.187,0.187,1,1.0
2024-11-19 11:00,0.1854,0.1854,0.1854,1,1.0
2024-11-19 14:00,0.1834,0.1834,0.1834,1,1.0
2024-11-19 17:00,0.1833,0.1833,0.1833,1,1.0
2024-11-19 20:00,0.1831,0.1831,0.1831,1,1.0
2024-11-19 23:00,0.1833,0.1833,0.1833,1,1.0
2024-11-20 02:00,0.1841,0.1841,0.1841,1,1.0
2024-11-20 05:00,0.185,0.185,0.185,1,1.0
2024-11-20 08:00,0.1865,0.1865,0.1865,1,1.0
2024-11-20 11:00,0.1951,0.1951,0.1951,1,1.0
2024-11-20 14:00,0.207,0.207,0.207,1,1.0
2024-11-20 17:00,0.2169,0.2169,0.2169,1,1.0
2024-11-20 20:00,0.2145,0.2145,0.2145,1,1.0
2024-11-20 23:00,0.2096,0.2096,0.2096,1,1.0
2024-11-21 02:00,0.2072,0.2072,0.2072,1,1.0
2024-11-21 05:00,0.2062,0.2062,0.2062,1,1.0
2024-11-21 08:00,0.2046,0.2046,0.2046,1,1.0
2024-11-21 11:00,0.2002,0.2002,0.2002,1,1.0
2024-11-21 14:00,0.1944,0.1944,0.1944,1,1.0
2024-11-21 17:00,0.1923,0.1923,0.1923,1,1.0
2024-11-21 20:00,0.1916,0.1916,0.1916,1,1.0
2024-11-21 23:00,0.1953,0.1953,0.1953,1,1.0
2024-11-22 02:00,0.1998,0.1998,0.1998,1,1.0
2024-11-22 05:00,0.2014,0.2014,0.2014,1,1.0
2024-11-22 08:00,0.2085,0.2085,0.2085,1,1.0
2024-11-22 11:00,0.2554,0.2554,0.2554,1,1.0
2024-11-22 14:00,0.2606,0.2606,0.2606,1,1.0
2024-11-22 17:00,0.2399,0.2399,0.2399,1,1.0
2024-11-22 20:00,0.2335,0.2335,0.2335,1,1.0
2024-11-22 23:00,0.2295,0.2295,0.2295,1,1.0
2024-11-23 02:00,0.2265,0.2265,0.2265,1,1.0
2024-11-23 05:00,0.2239,0.2239,0.2239,1,1.0
2024-11-23 08:00,0.2239,0.2239,0.2239,1,1.0
2024-11-23 11:00,0.217,0.217,0.217,1,1.0
2024-11-23 14:00,0.2096,0.2096,0.2096,1,1.0
2024-11-23 17:00,0.207,0.207,0.207,1,1.0
2024-11-23 20:00,0.2088,0.2088,0.2088,1,1.0
2024-11-23 23:00,0.2081,0.2081,0.2081,1,1.0
2024-11-24 02:00,0.2076,0.2076,0.2076,1,1.0
2024-11-24 05:00,0.2071,0.2071,0.2071,1,1.0
2024-11-24 08:00,0.2066,0.2066,0.2066,1,1.0
2024-11-24 11:00,0.2029,0.2029,0.2029,1,1.0
2024-11-24 14:00,0.1981,0.1981,0.1981,1,1.0
2024-11-24 17:00,0.1975,0.1975,0.1975,1,1.0
2024-11-24 20:00,0.1982,0.1982,0.1982,1,1.0
2024-11-24 23:00,0.1988,0.1988,0.1988,1,1.0
2024-11-25 02:00,0.199,0.199,0.199,1,1.0
2024-11-25 05:00,0.1988,0.1988,0.1988,1,1.0
2024-11-25 08:00,0.1984,0.1984,0.1984,1,1.0
2024-11-25 11:00,0.1963,0.1963,0.1963,1,1.0
2024-11-25 14:00,0.1941,0.1941,0.1941,1,1.0
2024-11-25 17:00,0.1943,0.1943,0.1943,1,1.0
2024-11-25 20:00,0.1951,0.1951,0.1951,1,1.0
2024-11-25 23:00,0.1962,0.1962,0.1962,1,1.0
2024-11-26 02:00,0.1971,0.1971,0.1971,1,1.0
2024-11-26 05:00,0.1973,0.1973,0.1973,1,1.0
2024-11-26 08:00,0.1958,0.1958,0.1958,1,1.0
2024-11-26 11:00,0.195,0.195,0.195,1,1.0
2024-11-26 14:00,0.1943,0.1943,0.1943,1,1.0
2024-11-26 17:00,0.1948,0.1948,0.1948,1,1.0
2024-11-26 20:00,0.191,0.191,0.191,1,1.0
2024-11-26 23:00,0.1924,0.1924,0.1924,1,1.0
2024-11-27 02:00,0.1942,0.1942,0.1942,1,1.0
2024-11-27 05:00,0.1956,0.1956,0.1956,1,1.0
2024-11-27 08:00,0.1967,0.1967,0.1967,1,1.0
2024-11-27 11:00,0.197,0.197,0.197,1,1.0
2024-11-27 14:00,0.1955,0.1955,0.1955,1,1.0
2024-11-27 17:00,0.1952,0.1952,0.1952,1,1.0
2024-11-27 20:00,0.1958,0.1958,0.1958,1,1.0
2024-11-27 23:00,0.1962,0.1962,0.1962,1,1.0
2024-11-28 02:00,0.1965,0.1965,0.1965,1,1.0
2024-11-28 05:00,0.1971,0.1971,0.1971,1,1.0
2024-11-28 08:00,0.1976,0.1976,0.1976,1,1.0
2024-11-28 11:00,0.1974,0.1974,0.1974,1,1.0
2024-11-28 14:00,0.1972,0.1972,0.1972,1,1.0
2024-11-28 17:00,0.1999,0.1999,0.1999,1,1.0
2024-11-28 20:00,0.1999,0.1999,0.1999,1,1.0
2024-11-28 23:00,0.2002,0.2002,0.2002,1,1.0
2024-11-29 02:00,0.2005,0.2005,0.2005,1,1.0
2024-11-29 05:00,0.2008,0.2008,0.2008,1,1.0
2024-11-29 08:00,0.2006,0.2006,0.2006,1,1.0
2024-11-29 11:00,0.2045,0.2045,0.2045,1,1.0
2024-11-29 14:00,0.2292,0.2292,0.2292,1,1.0
2024-11-29 17:00,0.2369,0.2369,0.2369,1,1.0
2024-11-29 20:00,0.2287,0.2287,0.2287,1,1.0
2024-11-29 23:00,0.2244,0.2244,0.2244,1,1.0
2024-11-30 02:00,0.2223,0.2223,0.2223,1,1.0
2024-11-30 05:00,0.2207,0.2207,0.2207,1,1.0
2024-11-30 08:00,0.2191,0.2191,0.2191,1,1.0
2024-11-30 11:00,0.2155,0.2155,0.2155,1,1.0
2024-11-30 14:00,0.2112,0.2112,0.2112,1,1.0
2024-11-30 17:00,0.2088,0.2088,0.2088,1,1.0
2024-11-30 20:00,0.2081,0.2081,0.2081,1,1.0
2024-11-30 23:00,0.2079,0.2079,0.2079,1,1.0
2024-12-01 02:00,0.2077,0.2077,0.2077,1,1.0
2024-12-01 05:00,0.2075,0.2075,0.2075,1,1.0
2024-12-01 08:00,0.2114,0.2114,0.2114,1,1.0
2024-12-01 11:00,0.21,0.21,0.21,1,1.0
2024-12-01 14:00,0.2077,0.2077,0.2077,1,1.0
2024-12-01 17:00,0.2067,0.2067,0.2067,1,1.0
2024-12-01 20:00,0.209,0.209,0.209,1,1.0
2024-12-01 23:00,0.209,0.209,0.209,1,1.0
2024-12-02 02:00,0.2095,0.2095,0.2095,1,1.0
2024-12-02 05:00,0.2098,0.2098,0.2098,1,1.0
2024-12-02 08:00,0.2092,0.2092,0.2092,1,1.0
2024-12-02 11:00,0.2067,0.2067,0.2067,1,1.0
2024-12-02 14:00,0.2034,0.2034,0.2034,1,1.0
2024-12-02 17:00,0.2028,0.2028,0.2028,1,1.0
2024-12-02 20:00,0.2028,0.2028,0.2028,1,1.0
2024-12-02 23:00,0.2028,0.2028,0.2028,1,1.0
2024-12-03 02:00,0.203,0.203,0.203,1,1.0
2024-12-03 05:00,0.2034,0.2034,0.2034,1,1.0
2024-12-03 08:00,0.203,0.203,0.203,1,1.0
2024-12-03 11:00,0.2039,0.2039,0.2039,1,1.0
2024-12-03 14:00,0.2046,0.2046,0.2046,1,1.0
2024-12-03 17:00,0.2173,0.2173,0.2173,1,1.0
2024-12-03 20:00,0.2652,0.2652,0.2652,1,1.0
2024-12-03 23:00,0.249,0.249,0.249,1,1.0
2024-12-04 02:00,0.255,0.255,0.255,1,1.0
2024-12-04 05:00,0.267,0.267,0.267,1,1.0
2024-12-04 08:00,0.2547,0.2547,0.2547,1,1.0
2024-12-04 11:00,0.2541,0.2541,0.2541,1,1.0
2024-12-04 14:00,0.2494,0.2494,0.2494,1,1.0
2024-12-04 17:00,0.245,0.245,0.245,1,1.0
2024-12-04 20:00,0.2432,0.2432,0.2432,1,1.0
2024-12-04 23:00,0.2474,0.2474,0.2474,1,1.0
2024-12-05 02:00,0.2588,0.2588,0.2588,1,1.0
2024-12-05 05:00,0.2562,0.2562,0.2562,1,1.0
2024-12-05 08:00,0.2482,0.2482,0.2482,1,1.0
2024-12-05 11:00,0.2432,0.2432,0.2432,1,1.0
2024-12-05 14:00,0.2377,0.2377,0.2377,1,1.0
2024-12-05 17:00,0.2349,0.2349,0.2349,1,1.0
2024-12-05 20:00,0.2337,0.2337,0.2337,1,1.0
2024-12-05 23:00,0.2322,0.2322,0.2322,1,1.0
2024-12-06 02:00,0.2379,0.2379,0.2379,1,1.0
2024-12-06 05:00,0.2405,0.2405,0.2405,1,1.0
2024-12-06 08:00,0.2369,0.2369,0.2369,1,1.0
2024-12-06 11:00,0.2326,0.2326,0.2326,1,1.0
2024-12-06 14:00,0.2269,0.2269,0.2269,1,1.0
2024-12-06 17:00,0.227,0.227,0.227,1,1.0
2024-12-06 20:00,0.2265,0.2265,0.2265,1,1.0
2024-12-06 23:00,0.226,0.226,0.226,1,1.0
2024-12-07 02:00,0.2257,0.2257,0.2257,1,1.0
2024-12-07 05:00,0.2265,0.2265,0.2265,1,1.0
2024-12-07 08:00,0.2256,0.2256,0.2256,1,1.0
2024-12-07 11:00,0.2218,0.2218,0.2218,1,1.0
2024-12-07 14:00,0.2168,0.2168,0.2168,1,1.0
2024-12-07 17:00,0.2157,0.2157,0.2157,1,1.0
2024-12-07 20:00,0.2163,0.2163,0.2163,1,1.0
2024-12-07 23:00,0.2169,0.2169,0.2169,1,1.0
2024-12-08 02:00,0.2176,0.2176,0.2176,1,1.0
2024-12-08 05:00,0.3146,0.3146,0.3146,1,1.0
2024-12-08 08:00,0.3092,0.3092,0.3092,1,1.0
2024-12-08 11:00,0.29,0.29,0.29,1,1.0
2024-12-08 14:00,0.2975,0.2975,0.2975,1,1.0
2024-12-08 17:00,0.3286,0.3286,0.3286,1,1.0
2024-12-08 20:00,0.3252,0.3252,0.3252,1,1.0
2024-12-08 23:00,0.3046,0.3046,0.3046,1,1.0
2024-12-09 02:00,0.2951,0.2951,0.2951,1,1.0
2024-12-09 05:00,0.2901,0.2901,0.2901,1,1.0
2024-12-09 08:00,0.3008,0.3008,0.3008,1,1.0
2024-12-09 11:00,0.3055,0.3055,0.3055,1,1.0
2024-12-09 14:00,0.3067,0.3067,0.3067,1,1.0
2024-12-09 17:00,0.3038,0.3038,0.3038,1,1.0
2024-12-09 20:00,0.3005,0.3005,0.3005,1,1.0
2024-12-09 23:00,0.3261,0.3261,0.3261,1,1.0
2024-12-10 02:00,0.3829,0.3829,0.3829,1,1.0
2024-12-10 05:00,0.3376,0.3376,0.3376,1,1.0
2024-12-10 08:00,0.3278,0.3278,0.3278,1,1.0
2024-12-10 11:00,0.3205,0.3205,0.3205,1,1.0
2024-12-10 14:00,0.3232,0.3232,0.3232,1,1.0
2024-12-10 17:00,0.3147,0.3147,0.3147,1,1.0
2024-12-10 20:00,0.3119,0.3119,0.3119,1,1.0
2024-12-10 23:00,0.311,0.311,0.311,1,1.0
2024-12-11 02:00,0.3107,0.3107,0.3107,1,1.0
2024-12-11 05:00,0.3111,0.3111,0.3111,1,1.0
2024-12-11 08:00,0.309,0.309,0.309,1,1.0
2024-12-11 11:00,0.3063,0.3063,0.3063,1,1.0
2024-12-11 14:00,0.3031,0.3031,0.3031,1,1.0
2024-12-11 17:00,0.3025,0.3025,0.3025,1,1.0
2024-12-11 20:00,0.3012,0.3012,0.3012,1,1.0
2024-12-11 23:00,0.2992,0.2992,0.2992,1,1.0
2024-12-12 02:00,0.3064,0.3064,0.3064,1,1.0
2024-12-12 05:00,0.3086,0.3086,0.3086,1,1.0
2024-12-12 08:00,0.3035,0.3035,0.3035,1,1.0
2024-12-12 11:00,0.298,0.298,0.298,1,1.0
2024-12-12 14:00,0.2901,0.2901,0.2901,1,1.0
2024-12-12 17:00,0.2872,0.2872,0.2872,1,1.0
2024-12-12 20:00,0.2835,0.2835,0.2835,1,1.0
2024-12-12 23:00,0.2835,0.2835,0.2835,1,1.0
2024-12-13 02:00,0.2949,0.2949,0.2949,1,1.0
2024-12-13 05:00,0.3001,0.3001,0.3001,1,1.0
2024-12-13 08:00,0.297,0.297,0.297,1,1.0
2024-12-13 11:00,0.2924,0.2924,0.2924,1,1.0
2024-12-13 14:00,0.2861,0.2861,0.2861,1,1.0
2024-12-13 17:00,0.284,0.284,0.284,1,1.0
2024-12-13 20:00,0.2839,0.2839,0.2839,1,1.0
2024-12-13 23:00,0.3079,0.3079,0.3079,1,1.0
2024-12-14 02:00,0.3319,0.3319,0.3319,1,1.0
2024-12-14 05:00,0.3196,0.3196,0.3196,1,1.0
2024-12-14 08:00,0.3149,0.3149,0.3149,1,1.0
2024-12-14 11:00,0.3203,0.3203,0.3203,1,1.0
2024-12-14 14:00,0.3334,0.3334,0.3334,1,1.0
2024-12-14 17:00,0.3368,0.3368,0.3368,1,1.0
2024-12-14 20:00,0.3271,0.3271,0.3271,1,1.0
2024-12-14 23:00,0.3199,0.3199,0.3199,1,1.0
2024-12-15 02:00,0.3163,0.3163,0.3163,1,1.0
2024-12-15 05:00,0.3133,0.3133,0.3133,1,1.0
2024-12-15 08:00,0.3112,0.3112,0.3112,1,1.0
2024-12-15 11:00,0.3112,0.3112,0.3112,1,1.0
2024-12-15 14:00,0.3138,0.3138,0.3138,1,1.0
2024-12-15 17:00,0.3099,0.3099,0.3099,1,1.0
2024-12-15 20:00,0.308,0.308,0.308,1,1.0
2024-12-15 23:00,0.3062,0.3062,0.3062,1,1.0
2024-12-16 02:00,0.3056,0.3056,0.3056,1,1.0
2024-12-16 05:00,0.3048,0.3048,0.3048,1,1.0
2024-12-16 08:00,0.3038,0.3038,0.3038,1,1.0
2024-12-16 11:00,0.2995,0.2995,0.2995,1,1.0
2024-12-16 14:00,0.2923,0.2923,0.2923,1,1.0
2024-12-16 17:00,0.2907,0.2907,0.2907,1,1.0
2024-12-16 20:00,0.2908,0.2908,0.2908,1,1.0
2024-12-16 23:00,0.2909,0.2909,0.2909,1,1.0
2024-12-17 02:00,0.2915,0.2915,0.2915,1,1.0
2024-12-17 05:00,0.2923,0.2923,0.2923,1,1.0
2024-12-17 08:00,0.2928,0.2928,0.2928,1,1.0
2024-12-17 11:00,0.2895,0.2895,0.2895,1,1.0
2024-12-17 14:00,0.2831,0.2831,0.2831,1,1.0
2024-12-17 17:00,0.2827,0.2827,0.2827,1,1.0
2024-12-17 20:00,0.2849,0.2849,0.2849,1,1.0
2024-12-17 23:00,0.2864,0.2864,0.2864,1,1.0
2024-12-18 02:00,0.2879,0.2879,0.2879,1,1.0
2024-12-18 05:00,0.2888,0.2888,0.2888,1,1.0
2024-12-18 08:00,0.2893,0.2893,0.2893,1,1.0
2024-12-18 11:00,0.288,0.288,0.288,1,1.0
2024-12-18 14:00,0.2858,0.2858,0.2858,1,1.0
2024-12-18 17:00,0.2862,0.2862,0.2862,1,1.0
2024-12-18 20:00,0.2869,0.2869,0.2869,1,1.0
2024-12-18 23:00,0.2878,0.2878,0.2878,1,1.0
2024-12-19 02:00,0.2886,0.2886,0.2886,1,1.0
2024-12-19 05:00,0.2891,0.2891,0.2891,1,1.0
2024-12-19 08:00,0.2897,0.2897,0.2897,1,1.0
2024-12-19 11:00,0.2872,0.2872,0.2872,1,1.0
2024-12-19 14:00,0.2822,0.2822,0.2822,1,1.0
2024-12-19 17:00,0.2864,0.2864,0.2864,1,1.0
2024-12-19 20:00,0.2873,0.2873,0.2873,1,1.0
2024-12-19 23:00,0.2896,0.2896,0.2896,1,1.0
2024-12-20 02:00,0.2991,0.2991,0.2991,1,1.0
2024-12-20 05:00,0.3094,0.3094,0.3094,1,1.0
2024-12-20 08:00,0.3091,0.3091,0.3091,1,1.0
2024-12-20 11:00,0.3067,0.3067,0.3067,1,1.0
2024-12-20 14:00,0.3128,0.3128,0.3128,1,1.0
2024-12-20 17:00,0.3163,0.3163,0.3163,1,1.0
2024-12-20 20:00,0.3137,0.3137,0.3137,1,1.0
2024-12-20 23:00,0.3099,0.3099,0.3099,1,1.0
2024-12-21 02:00,0.3076,0.3076,0.3076,1,1.0
2024-12-21 05:00,0.3057,0.3057,0.3057,1,1.0
2024-12-21 08:00,0.304,0.304,0.304,1,1.0
2024-12-21 11:00,0.2977,0.2977,0.2977,1,1.0
2024-12-21 14:00,0.2894,0.2894,0.2894,1,1.0
2024-12-21 17:00,0.2879,0.2879,0.2879,1,1.0
2024-12-21 20:00,0.2887,0.2887,0.2887,1,1.0
2024-12-21 23:00,0.2898,0.2898,0.2898,1,1.0
2024-12-22 02:00,0.291,0.291,0.291,1,1.0
2024-12-22 05:00,0.2918,0.2918,0.2918,1,1.0
2024-12-22 08:00,0.2917,0.2917,0.2917,1,1.0
2024-12-22 11:00,0.2878,0.2878,0.2878,1,1.0
2024-12-22 14:00,0.2823,0.2823,0.2823,1,1.0
2024-12-22 17:00,0.2851,0.2851,0.2851,1,1.0
2024-12-22 20:00,0.3086,0.3086,0.3086,1,1.0
2024-12-22 23:00,0.3548,0.3548,0.3548,1,1.0
2024-12-23 02:00,0.3597,0.3597,0.3597,1,1.0
2024-12-23 05:00,0.3451,0.3451,0.3451,1,1.0
2024-12-23 08:00,0.3437,0.3437,0.3437,1,1.0
2024-12-23 11:00,0.3392,0.3392,0.3392,1,1.0
2024-12-23 14:00,0.338,0.338,0.338,1,1.0
2024-12-23 17:00,0.3333,0.3333,0.3333,1,1.0
2024-12-23 20:00,0.3268,0.3268,0.3268,1,1.0
2024-12-23 23:00,0.3315,0.3315,0.3315,1,1.0
2024-12-24 02:00,0.3299,0.3299,0.3299,1,1.0
2024-12-24 05:00,0.3262,0.3262,0.3262,1,1.0
2024-12-24 08:00,0.3222,0.3222,0.3222,1,1.0
2024-12-24 11:00,0.3169,0.3169,0.3169,1,1.0
2024-12-24 14:00,0.3106,0.3106,0.3106,1,1.0
2024-12-24 17:00,0.3077,0.3077,0.3077,1,1.0
2024-12-24 20:00,0.3107,0.3107,0.3107,1,1.0
2024-12-24 23:00,0.3133,0.3133,0.3133,1,1.0
2024-12-25 02:00,0.3132,0.3132,0.3132,1,1.0
2024-12-25 05:00,0.3124,0.3124,0.3124,1,1.0
2024-12-25 08:00,0.3106,0.3106,0.3106,1,1.0
2024-12-25 11:00,0.3041,0.3041,0.3041,1,1.0
2024-12-25 14:00,0.2969,0.2969,0.2969,1,1.0
2024-12-25 17:00,0.2959,0.2959,0.2959,1,1.0
2024-12-25 20:00,0.3003,0.3003,0.3003,1,1.0
2024-12-25 23:00,0.3012,0.3012,0.3012,1,1.0
2024-12-26 02:00,0.3033,0.3033,0.3033,1,1.0
2024-12-26 05:00,0.3046,0.3046,0.3046,1,1.0
2024-12-26 08:00,0.3044,0.3044,0.3044,1,1.0
2024-12-26 11:00,0.2988,0.2988,0.2988,1,1.0
2024-12-26 14:00,0.2907,0.2907,0.2907,1,1.0
2024-12-26 17:00,0.2902,0.2902,0.2902,1,1.0
2024-12-26 20:00,0.2924,0.2924,0.2924,1,1.0
2024-12-26 23:00,0.2943,0.2943,0.2943,1,1.0
2024-12-27 02:00,0.2975,0.2975,0.2975,1,1.0
2024-12-27 05:00,0.3005,0.3005,0.3005,1,1.0
2024-12-27 08:00,0.3034,0.3034,0.3034,1,1.0
2024-12-27 11:00,0.3003,0.3003,0.3003,1,1.0
2024-12-27 14:00,0.2937,0.2937,0.2937,1,1.0
2024-12-27 17:00,0.2958,0.2958,0.2958,1,1.0
2024-12-27 20:00,0.2974,0.2974,0.2974,1,1.0
2024-12-27 23:00,0.2994,0.2994,0.2994,1,1.0
2024-12-28 02:00,0.3012,0.3012,0.3012,1,1.0
2024-12-28 05:00,0.3028,0.3028,0.3028,1,1.0
2024-12-28 08:00,0.3037,0.3037,0.3037,1,1.0
2024-12-28 11:00,0.3001,0.3001,0.3001,1,1.0
2024-12-28 14:00,0.2941,0.2941,0.2941,1,1.0
2024-12-28 17:00,0.2938,0.2938,0.2938,1,1.0
2024-12-28 20:00,0.295,0.295,0.295,1,1.0
2024-12-28 23:00,0.2966,0.2966,0.2966,1,1.0
2024-12-29 02:00,0.2984,0.2984,0.2984,1,1.0
2024-12-29 05:00,0.2998,0.2998,0.2998,1,1.0
2024-12-29 08:00,0.3006,0.3006,0.3006,1,1.0
2024-12-29 11:00,0.2974,0.2974,0.2974,1,1.0
2024-12-29 14:00,0.292,0.292,0.292,1,1.0
2024-12-29 17:00,0.2922,0.2922,0.2922,1,1.0
2024-12-29 20:00,0.2941,0.2941,0.2941,1,1.0
2024-12-29 23:00,0.2959,0.2959,0.2959,1,1.0
2024-12-30 02:00,0.2972,0.2972,0.2972,1,1.0
2024-12-30 05:00,0.2987,0.2987,0.2987,1,1.0
2024-12-30 08:00,0.3004,0.3004,0.3004,1,1.0
2024-12-30 11:00,0.2981,0.2981,0.2981,1,1.0
2024-12-30 14:00,0.2924,0.2924,0.2924,1,1.0
2024-12-30 17:00,0.2927,0.2927,0.2927,1,1.0
2024-12-30 20:00,0.2947,0.2947,0.2947,1,1.0
2024-12-30 23:00,0.2968,0.2968,0.2968,1,1.0
2024-12-31 02:00,0.298,0.298,0.298,1,1.0
2024-12-31 05:00,0.2989,0.2989,0.2989,1,1.0
2024-12-31 08:00,0.2998,0.2998,0.2998,1,1.0
2024-12-31 11:00,0.2984,0.2984,0.2984,1,1.0
2024-12-31 14:00,0.2938,0.2938,0.2938,1,1.0
2024-12-31 17:00,0.2943,0.2943,0.2943,1,1.0
2024-12-31 20:00,0.2962,0.2962,0.2962,1,1.0
2024-12-31 23:00,0.2974,0.2974,0.2974,1,1.0
