time,value,min,max,n,coverage
2024-01-01 02:00,0.3178,0.3178,0.3178,1,1.0
2024-01-01 05:00,0.3167,0.3167,0.3167,1,1.0
2024-01-01 08:00,0.3155,0.3155,0.3155,1,1.0
2024-01-01 11:00,0.3138,0.3138,0.3138,1,1.0
2024-01-01 14:00,0.3132,0.3132,0.3132,1,1.0
2024-01-01 17:00,0.3137,0.3137,0.3137,1,1.0
2024-01-01 20:00,0.3119,0.3119,0.3119,1,1.0
2024-01-01 23:00,0.3108,0.3108,0.3108,1,1.0
2024-01-02 02:00,0.3098,0.3098,0.3098,1,1.0
2024-01-02 05:00,0.3086,0.3086,0.3086,1,1.0
2024-01-02 08:00,0.3069,0.3069,0.3069,1,1.0
2024-01-02 11:00,0.3047,0.3047,0.3047,1,1.0
2024-01-02 14:00,0.3,0.3,0.3,1,1.0
2024-01-02 17:00,0.2978,0.2978,0.2978,1,1.0
2024-01-02 20:00,0.2973,0.2973,0.2973,1,1.0
2024-01-02 23:00,0.2969,0.2969,0.2969,1,1.0
2024-01-03 02:00,0.2973,0.2973,0.2973,1,1.0
2024-01-03 05:00,0.3021,0.3021,0.3021,1,1.0
2024-01-03 08:00,0.304,0.304,0.304,1,1.0
2024-01-03 11:00,0.3061,0.3061,0.3061,1,1.0
2024-01-03 14:00,0.3066,0.3066,0.3066,1,1.0
2024-01-03 17:00,0.308,0.308,0.308,1,1.0
2024-01-03 20:00,0.3079,0.3079,0.3079,1,1.0
2024-01-03 23:00,0.3075,0.3075,0.3075,1,1.0
2024-01-04 02:00,0.3065,0.3065,0.3065,1,1.0
2024-01-04 05:00,0.3053,0.3053,0.3053,1,1.0
2024-01-04 08:00,0.3041,0.3041,0.3041,1,1.0
2024-01-04 11:00,0.3031,0.3031,0.3031,1,1.0
2024-01-04 14:00,0.301,0.301,0.301,1,1.0
2024-01-04 17:00,0.2996,0.2996,0.2996,1,1.0
2024-01-04 20:00,0.2989,0.2989,0.2989,1,1.0
2024-01-04 23:00,0.2988,0.2988,0.2988,1,1.0
2024-01-05 02:00,0.2986,0.2986,0.2986,1,1.0
2024-01-05 05:00,0.2986,0.2986,0.2986,1,1.0
2024-01-05 08:00,0.2948,0.2948,0.2948,1,1.0
2024-01-05 11:00,0.2956,0.2956,0.2956,1,1.0
2024-01-05 14:00,0.295,0.295,0.295,1,1.0
2024-01-05 17:00,0.2949,0.2949,0.2949,1,1.0
2024-01-05 20:00,0.2958,0.2958,0.2958,1,1.0
2024-01-05 23:00,0.2965,0.2965,0.2965,1,1.0
2024-01-06 02:00,0.3077,0.3077,0.3077,1,1.0
2024-01-06 05:00,0.3217,0.3217,0.3217,1,1.0
2024-01-06 08:00,0.327,0.327,0.327,1,1.0
2024-01-06 11:00,0.3316,0.3316,0.3316,1,1.0
2024-01-06 14:00,0.3638,0.3638,0.3638,1,1.0
2024-01-06 17:00,0.3502,0.3502,0.3502,1,1.0
2024-01-06 20:00,0.3399,0.3399,0.3399,1,1.0
2024-01-06 23:00,0.3306,0.3306,0.3306,1,1.0
2024-01-07 02:00,0.3275,0.3275,0.3275,1,1.0
2024-01-07 05:00,0.3265,0.3265,0.3265,1,1.0
2024-01-07 08:00,0.3449,0.3449,0.3449,1,1.0
2024-01-07 11:00,0.3728,0.3728,0.3728,1,1.0
2024-01-07 14:00,0.3505,0.3505,0.3505,1,1.0
2024-01-07 17:00,0.357,0.357,0.357,1,1.0
2024-01-07 20:00,0.3627,0.3627,0.3627,1,1.0
2024-01-07 23:00,0.3518,0.3518,0.3518,1,1.0
2024-01-08 02:00,0.3492,0.3492,0.3492,1,1.0
2024-01-08 05:00,0.3552,0.3552,0.3552,1,1.0
2024-01-08 08:00,0.3518,0.3518,0.3518,1,1.0
2024-01-08 11:00,0.3481,0.3481,0.3481,1,1.0
2024-01-08 14:00,0.3437,0.3437,0.3437,1,1.0
2024-01-08 17:00,0.34,0.34,0.34,1,1.0
2024-01-08 20:00,0.3369,0.3369,0.3369,1,1.0
2024-01-08 23:00,0.3345,0.3345,0.3345,1,1.0
2024-01-09 02:00,0.3329,0.3329,0.3329,1,1.0
2024-01-09 05:00,0.332,0.332,0.332,1,1.0
2024-01-09 08:00,0.3306,0.3306,0.3306,1,1.0
2024-01-09 11:00,0.3261,0.3261,0.3261,1,1.0
2024-01-09 14:00,0.32,0.32,0.32,1,1.0
2024-01-09 17:00,0.3191,0.3191,0.3191,1,1.0
2024-01-09 20:00,0.3196,0.3196,0.3196,1,1.0
2024-01-09 23:00,0.32,0.32,0.32,1,1.0
2024-01-10 02:00,0.3202,0.3202,0.3202,1,1.0
2024-01-10 05:00,0.3208,0.3208,0.3208,1,1.0
2024-01-10 08:00,0.3216,0.3216,0.3216,1,1.0
2024-01-10 11:00,0.3191,0.3191,0.3191,1,1.0
2024-01-10 14:00,0.3165,0.3165,0.3165,1,1.0
2024-01-10 17:00,0.3194,0.3194,0.3194,1,1.0
2024-01-10 20:00,0.32,0.32,0.32,1,1.0
2024-01-10 23:00,0.3233,0.3233,0.3233,1,1.0
2024-01-11 02:00,0.3319,0.3319,0.3319,1,1.0
2024-01-11 05:00,0.3349,0.3349,0.3349,1,1.0
2024-01-11 08:00,0.3346,0.3346,0.3346,1,1.0
2024-01-11 11:00,0.3337,0.3337,0.3337,1,1.0
2024-01-11 14:00,0.3372,0.3372,0.3372,1,1.0
2024-01-11 17:00,0.3356,0.3356,0.3356,1,1.0
2024-01-11 20:00,0.3335,0.3335,0.3335,1,1.0
2024-01-11 23:00,0.3322,0.3322,0.3322,1,1.0
2024-01-12 02:00,0.3315,0.3315,0.3315,1,1.0
2024-01-12 05:00,0.3318,0.3318,0.3318,1,1.0
2024-01-12 08:00,0.3311,0.3311,0.3311,1,1.0
2024-01-12 11:00,0.3257,0.3257,0.3257,1,1.0
2024-01-12 14:00,0.3169,0.3169,0.3169,1,1.0
2024-01-12 17:00,0.314,0.314,0.314,1,1.0
2024-01-12 20:00,0.3146,0.3146,0.3146,1,1.0
2024-01-12 23:00,0.3155,0.3155,0.3155,1,1.0
2024-01-13 02:00,0.3163,0.3163,0.3163,1,1.0
2024-01-13 05:00,0.3171,0.3171,0.3171,1,1.0
2024-01-13 08:00,0.3173,0.3173,0.3173,1,1.0
2024-01-13 11:00,0.313,0.313,0.313,1,1.0
2024-01-13 14:00,0.3069,0.3069,0.3069,1,1.0
2024-01-13 17:00,0.3106,0.3106,0.3106,1,1.0
2024-01-13 20:00,0.3127,0.3127,0.3127,1,1.0
2024-01-13 23:00,0.3141,0.3141,0.3141,1,1.0
2024-01-14 02:00,0.3158,0.3158,0.3158,1,1.0
2024-01-14 05:00,0.3172,0.3172,0.3172,1,1.0
2024-01-14 08:00,0.3187,0.3187,0.3187,1,1.0
2024-01-14 11:00,0.3201,0.3201,0.3201,1,1.0
2024-01-14 14:00,0.3181,0.3181,0.3181,1,1.0
2024-01-14 17:00,0.3167,0.3167,0.3167,1,1.0
2024-01-14 20:00,0.3169,0.3169,0.3169,1,1.0
2024-01-14 23:00,0.3185,0.3185,0.3185,1,1.0
2024-01-15 02:00,0.3342,0.3342,0.3342,1,1.0
2024-01-15 05:00,0.3442,0.3442,0.3442,1,1.0
2024-01-15 08:00,0.3419,0.3419,0.3419,1,1.0
2024-01-15 11:00,0.3388,0.3388,0.3388,1,1.0
2024-01-15 14:00,0.3351,0.3351,0.3351,1,1.0
2024-01-15 17:00,0.3338,0.3338,0.3338,1,1.0
2024-01-15 20:00,0.3329,0.3329,0.3329,1,1.0
2024-01-15 23:00,0.3328,0.3328,0.3328,1,1.0
2024-01-16 02:00,0.3326,0.3326,0.3326,1,1.0
2024-01-16 05:00,0.3315,0.3315,0.3315,1,1.0
2024-01-16 08:00,0.3277,0.3277,0.3277,1,1.0
2024-01-16 11:00,0.326,0.326,0.326,1,1.0
2024-01-16 14:00,0.3237,0.3237,0.3237,1,1.0
2024-01-16 17:00,0.3232,0.3232,0.3232,1,1.0
2024-01-16 20:00,0.3222,0.3222,0.3222,1,1.0
2024-01-16 23:00,0.323,0.323,0.323,1,1.0
2024-01-17 02:00,0.3238,0.3238,0.3238,1,1.0
2024-01-17 05:00,0.3252,0.3252,0.3252,1,1.0
2024-01-17 08:00,0.3304,0.3304,0.3304,1,1.0
2024-01-17 11:00,0.3339,0.3339,0.3339,1,1.0
2024-01-17 14:00,0.334,0.334,0.334,1,1.0
2024-01-17 17:00,0.3337,0.3337,0.3337,1,1.0
2024-01-17 20:00,0.3337,0.3337,0.3337,1,1.0
2024-01-17 23:00,0.3319,0.3319,0.3319,1,1.0
2024-01-18 02:00,0.3298,0.3298,0.3298,1,1.0
2024-01-18 05:00,0.3285,0.3285,0.3285,1,1.0
2024-01-18 08:00,0.3269,0.3269,0.3269,1,1.0
2024-01-18 11:00,0.3253,0.3253,0.3253,1,1.0
2024-01-18 14:00,0.3216,0.3216,0.3216,1,1.0
2024-01-18 17:00,0.3215,0.3215,0.3215,1,1.0
2024-01-18 20:00,0.3217,0.3217,0.3217,1,1.0
2024-01-18 23:00,0.3219,0.3219,0.3219,1,1.0
2024-01-19 02:00,0.3236,0.3236,0.3236,1,1.0
2024-01-19 05:00,0.3261,0.3261,0.3261,1,1.0
2024-01-19 08:00,0.3265,0.3265,0.3265,1,1.0
2024-01-19 11:00,0.3277,0.3277,0.3277,1,1.0
2024-01-19 14:00,0.3277,0.3277,0.3277,1,1.0
2024-01-19 17:00,0.3313,0.3313,0.3313,1,1.0
2024-01-19 20:00,0.3371,0.3371,0.3371,1,1.0
2024-01-19 23:00,0.3491,0.3491,0.3491,1,1.0
2024-01-20 02:00,0.3753,0.3753,0.3753,1,1.0
2024-01-20 05:00,0.3813,0.3813,0.3813,1,1.0
2024-01-20 08:00,0.3886,0.3886,0.3886,1,1.0
2024-01-20 11:00,0.3685,0.3685,0.3685,1,1.0
2024-01-20 14:00,0.3566,0.3566,0.3566,1,1.0
2024-01-20 17:00,0.3485,0.3485,0.3485,1,1.0
2024-01-20 20:00,0.3452,0.3452,0.3452,1,1.0
2024-01-20 23:00,0.3426,0.3426,0.3426,1,1.0
2024-01-21 02:00,0.3402,0.3402,0.3402,1,1.0
2024-01-21 05:00,0.339,0.339,0.339,1,1.0
2024-01-21 08:00,0.338,0.338,0.338,1,1.0
2024-01-21 11:00,0.3339,0.3339,0.3339,1,1.0
2024-01-21 14:00,0.3288,0.3288,0.3288,1,1.0
2024-01-21 17:00,0.3266,0.3266,0.3266,1,1.0
2024-01-21 20:00,0.3264,0.3264,0.3264,1,1.0
2024-01-21 23:00,0.3267,0.3267,0.3267,1,1.0
2024-01-22 02:00,0.3263,0.3263,0.3263,1,1.0
2024-01-22 05:00,0.3261,0.3261,0.3261,1,1.0
2024-01-22 08:00,0.3261,0.3261,0.3261,1,1.0
2024-01-22 11:00,0.3246,0.3246,0.3246,1,1.0
2024-01-22 14:00,0.3216,0.3216,0.3216,1,1.0
2024-01-22 17:00,0.3216,0.3216,0.3216,1,1.0
2024-01-22 20:00,0.3232,0.3232,0.3232,1,1.0
2024-01-22 23:00,0.3242,0.3242,0.3242,1,1.0
2024-01-23 02:00,0.3373,0.3373,0.3373,1,1.0
2024-01-23 05:00,0.3431,0.3431,0.3431,1,1.0
2024-01-23 08:00,0.3439,0.3439,0.3439,1,1.0
2024-01-23 11:00,0.3437,0.3437,0.3437,1,1.0
2024-01-23 14:00,0.3402,0.3402,0.3402,1,1.0
2024-01-23 17:00,0.338,0.338,0.338,1,1.0
2024-01-23 20:00,0.3364,0.3364,0.3364,1,1.0
2024-01-23 23:00,0.3353,0.3353,0.3353,1,1.0
2024-01-24 02:00,0.3363,0.3363,0.3363,1,1.0
2024-01-24 05:00,0.3361,0.3361,0.3361,1,1.0
2024-01-24 08:00,0.3356,0.3356,0.3356,1,1.0
2024-01-24 11:00,0.3337,0.3337,0.3337,1,1.0
2024-01-24 14:00,0.3299,0.3299,0.3299,1,1.0
2024-01-24 17:00,0.3291,0.3291,0.3291,1,1.0
2024-01-24 20:00,0.33,0.33,0.33,1,1.0
2024-01-24 23:00,0.3311,0.3311,0.3311,1,1.0
2024-01-25 02:00,0.3322,0.3322,0.3322,1,1.0
2024-01-25 05:00,0.3333,0.3333,0.3333,1,1.0
2024-01-25 08:00,0.3328,0.3328,0.3328,1,1.0
2024-01-25 11:00,0.3314,0.3314,0.3314,1,1.0
2024-01-25 14:00,0.3298,0.3298,0.3298,1,1.0
2024-01-25 17:00,0.3292,0.3292,0.3292,1,1.0
2024-01-25 20:00,0.3296,0.3296,0.3296,1,1.0
2024-01-25 23:00,0.3302,0.3302,0.3302,1,1.0
2024-01-26 02:00,0.3303,0.3303,0.3303,1,1.0
2024-01-26 05:00,0.3303,0.3303,0.3303,1,1.0
2024-01-26 08:00,0.3307,0.3307,0.3307,1,1.0
2024-01-26 11:00,0.3286,0.3286,0.3286,1,1.0
2024-01-26 14:00,0.3248,0.3248,0.3248,1,1.0
2024-01-26 17:00,0.3271,0.3271,0.3271,1,1.0
2024-01-26 20:00,0.3275,0.3275,0.3275,1,1.0
2024-01-26 23:00,0.3278,0.3278,0.3278,1,1.0
2024-01-27 02:00,0.3282,0.3282,0.3282,1,1.0
2024-01-27 05:00,0.3284,0.3284,0.3284,1,1.0
2024-01-27 08:00,0.3242,0.3242,0.3242,1,1.0
2024-01-27 11:00,0.3226,0.3226,0.3226,1,1.0
2024-01-27 14:00,0.3187,0.3187,0.3187,1,1.0
2024-01-27 17:00,0.3183,0.3183,0.3183,1,1.0
2024-01-27 20:00,0.3149,0.3149,0.3149,1,1.0
2024-01-27 23:00,0.3176,0.3176,0.3176,1,1.0
2024-01-28 02:00,0.3194,0.3194,0.3194,1,1.0
2024-01-28 05:00,0.3209,0.3209,0.3209,1,1.0
2024-01-28 08:00,0.3216,0.3216,0.3216,1,1.0
2024-01-28 11:00,0.3169,0.3169,0.3169,1,1.0
2024-01-28 14:00,0.3102,0.3102,0.3102,1,1.0
2024-01-28 17:00,0.308,0.308,0.308,1,1.0
2024-01-28 20:00,0.3089,0.3089,0.3089,1,1.0
2024-01-28 23:00,0.3103,0.3103,0.3103,1,1.0
2024-01-29 02:00,0.3123,0.3123,0.3123,1,1.0
2024-01-29 05:00,0.3144,0.3144,0.3144,1,1.0
2024-01-29 08:00,0.3157,0.3157,0.3157,1,1.0
2024-01-29 11:00,0.3127,0.3127,0.3127,1,1.0
2024-01-29 14:00,0.3064,0.3064,0.3064,1,1.0
2024-01-29 17:00,0.3091,0.3091,0.3091,1,1.0
2024-01-29 20:00,0.3106,0.3106,0.3106,1,1.0
2024-01-29 23:00,0.3129,0.3129,0.3129,1,1.0
2024-01-30 02:00,0.3143,0.3143,0.3143,1,1.0
2024-01-30 05:00,0.3156,0.3156,0.3156,1,1.0
2024-01-30 08:00,0.3174,0.3174,0.3174,1,1.0
2024-01-30 11:00,0.3152,0.3152,0.3152,1,1.0
2024-01-30 14:00,0.3094,0.3094,0.3094,1,1.0
2024-01-30 17:00,0.3086,0.3086,0.3086,1,1.0
2024-01-30 20:00,0.3106,0.3106,0.3106,1,1.0
2024-01-30 23:00,0.3126,0.3126,0.3126,1,1.0
2024-01-31 02:00,0.3143,0.3143,0.3143,1,1.0
2024-01-31 05:00,0.3156,0.3156,0.3156,1,1.0
2024-01-31 08:00,0.3165,0.3165,0.3165,1,1.0
2024-01-31 11:00,0.3132,0.3132,0.3132,1,1.0
2024-01-31 14:00,0.307,0.307,0.307,1,1.0
2024-01-31 17:00,0.3066,0.3066,0.3066,1,1.0
2024-01-31 20:00,0.3095,0.3095,0.3095,1,1.0
2024-01-31 23:00,0.3124,0.3124,0.3124,1,1.0
2024-02-01 02:00,0.3151,0.3151,0.3151,1,1.0
2024-02-01 05:00,0.3171,0.3171,0.3171,1,1.0
2024-02-01 08:00,0.3185,0.3185,0.3185,1,1.0
2024-02-01 11:00,0.3156,0.3156,0.3156,1,1.0
2024-02-01 14:00,0.3088,0.3088,0.3088,1,1.0
2024-02-01 17:00,0.3082,0.3082,0.3082,1,1.0
2024-02-01 20:00,0.3052,0.3052,0.3052,1,1.0
2024-02-01 23:00,0.3076,0.3076,0.3076,1,1.0
2024-02-02 02:00,0.3095,0.3095,0.3095,1,1.0
2024-02-02 05:00,0.3108,0.3108,0.3108,1,1.0
2024-02-02 08:00,0.3119,0.3119,0.3119,1,1.0
2024-02-02 11:00,0.3086,0.3086,0.3086,1,1.0
2024-02-02 14:00,0.3011,0.3011,0.3011,1,1.0
2024-02-02 17:00,0.2989,0.2989,0.2989,1,1.0
2024-02-02 20:00,0.3002,0.3002,0.3002,1,1.0
2024-02-02 23:00,0.303,0.303,0.303,1,1.0
2024-02-03 02:00,0.3055,0.3055,0.3055,1,1.0
2024-02-03 05:00,0.3077,0.3077,0.3077,1,1.0
2024-02-03 08:00,0.309,0.309,0.309,1,1.0
2024-02-03 11:00,0.3042,0.3042,0.3042,1,1.0
2024-02-03 14:00,0.2952,0.2952,0.2952,1,1.0
2024-02-03 17:00,0.3035,0.3035,0.3035,1,1.0
2024-02-03 20:00,0.3061,0.3061,0.3061,1,1.0
2024-02-03 23:00,0.3086,0.3086,0.3086,1,1.0
2024-02-04 02:00,0.311,0.311,0.311,1,1.0
2024-02-04 05:00,0.3131,0.3131,0.3131,1,1.0
2024-02-04 08:00,0.3092,0.3092,0.3092,1,1.0
2024-02-04 11:00,0.3097,0.3097,0.3097,1,1.0
2024-02-04 14:00,0.3069,0.3069,0.3069,1,1.0
2024-02-04 17:00,0.3068,0.3068,0.3068,1,1.0
2024-02-04 20:00,0.3044,0.3044,0.3044,1,1.0
2024-02-04 23:00,0.3075,0.3075,0.3075,1,1.0
2024-02-05 02:00,0.3102,0.3102,0.3102,1,1.0
2024-02-05 05:00,0.3124,0.3124,0.3124,1,1.0
2024-02-05 08:00,0.3139,0.3139,0.3139,1,1.0
2024-02-05 11:00,0.3136,0.3136,0.3136,1,1.0
2024-02-05 14:00,0.3115,0.3115,0.3115,1,1.0
2024-02-05 17:00,0.311,0.311,0.311,1,1.0
2024-02-05 20:00,0.3126,0.3126,0.3126,1,1.0
2024-02-05 23:00,0.3138,0.3138,0.3138,1,1.0
2024-02-06 02:00,0.3147,0.3147,0.3147,1,1.0
2024-02-06 05:00,0.315,0.315,0.315,1,1.0
2024-02-06 08:00,0.309,0.309,0.309,1,1.0
2024-02-06 11:00,0.3083,0.3083,0.3083,1,1.0
2024-02-06 14:00,0.3052,0.3052,0.3052,1,1.0
2024-02-06 17:00,0.3003,0.3003,0.3003,1,1.0
2024-02-06 20:00,0.3033,0.3033,0.3033,1,1.0
2024-02-06 23:00,0.306,0.306,0.306,1,1.0
2024-02-07 02:00,0.3081,0.3081,0.3081,1,1.0
2024-02-07 05:00,0.3091,0.3091,0.3091,1,1.0
2024-02-07 08:00,0.3099,0.3099,0.3099,1,1.0
2024-02-07 11:00,0.3082,0.3082,0.3082,1,1.0
2024-02-07 14:00,0.3023,0.3023,0.3023,1,1.0
2024-02-07 17:00,0.3007,0.3007,0.3007,1,1.0
2024-02-07 20:00,0.303,0.303,0.303,1,1.0
2024-02-07 23:00,0.305,0.305,0.305,1,1.0
2024-02-08 02:00,0.3067,0.3067,0.3067,1,1.0
2024-02-08 05:00,0.3081,0.3081,0.3081,1,1.0
2024-02-08 08:00,0.3092,0.3092,0.3092,1,1.0
2024-02-08 11:00,0.3085,0.3085,0.3085,1,1.0
2024-02-08 14:00,0.3045,0.3045,0.3045,1,1.0
2024-02-08 17:00,0.3038,0.3038,0.3038,1,1.0
2024-02-08 20:00,0.3052,0.3052,0.3052,1,1.0
2024-02-08 23:00,0.3066,0.3066,0.3066,1,1.0
2024-02-09 02:00,0.3084,0.3084,0.3084,1,1.0
2024-02-09 05:00,0.3106,0.3106,0.3106,1,1.0
2024-02-09 08:00,0.308,0.308,0.308,1,1.0
2024-02-09 11:00,0.3084,0.3084,0.3084,1,1.0
2024-02-09 14:00,0.3046,0.3046,0.3046,1,1.0
2024-02-09 17:00,0.3042,0.3042,0.3042,1,1.0
2024-02-09 20:00,0.3017,0.3017,0.3017,1,1.0
2024-02-09 23:00,0.3023,0.3023,0.3023,1,1.0
2024-02-10 02:00,0.3033,0.3033,0.3033,1,1.0
2024-02-10 05:00,0.307,0.307,0.307,1,1.0
2024-02-10 08:00,0.3118,0.3118,0.3118,1,1.0
2024-02-10 11:00,0.3168,0.3168,0.3168,1,1.0
2024-02-10 14:00,0.3236,0.3236,0.3236,1,1.0
2024-02-10 17:00,0.3536,0.3536,0.3536,1,1.0
2024-02-10 20:00,0.3743,0.3743,0.3743,1,1.0
2024-02-10 23:00,0.3936,0.3936,0.3936,1,1.0
2024-02-11 02:00,0.3844,0.3844,0.3844,1,1.0
2024-02-11 05:00,0.3717,0.3717,0.3717,1,1.0
2024-02-11 08:00,0.3649,0.3649,0.3649,1,1.0
2024-02-11 11:00,0.3602,0.3602,0.3602,1,1.0
2024-02-11 14:00,0.3539,0.3539,0.3539,1,1.0
2024-02-11 17:00,0.3535,0.3535,0.3535,1,1.0
2024-02-11 20:00,0.3538,0.3538,0.3538,1,1.0
2024-02-11 23:00,0.3546,0.3546,0.3546,1,1.0
2024-02-12 02:00,0.3539,0.3539,0.3539,1,1.0
2024-02-12 05:00,0.3524,0.3524,0.3524,1,1.0
2024-02-12 08:00,0.3494,0.3494,0.3494,1,1.0
2024-02-12 11:00,0.3446,0.3446,0.3446,1,1.0
2024-02-12 14:00,0.3401,0.3401,0.3401,1,1.0
2024-02-12 17:00,0.3392,0.3392,0.3392,1,1.0
2024-02-12 20:00,0.34,0.34,0.34,1,1.0
2024-02-12 23:00,0.339,0.339,0.339,1,1.0
2024-02-13 02:00,0.3383,0.3383,0.3383,1,1.0
2024-02-13 05:00,0.3384,0.3384,0.3384,1,1.0
2024-02-13 08:00,0.3384,0.3384,0.3384,1,1.0
2024-02-13 11:00,0.3353,0.3353,0.3353,1,1.0
2024-02-13 14:00,0.3316,0.3316,0.3316,1,1.0
2024-02-13 17:00,0.3316,0.3316,0.3316,1,1.0
2024-02-13 20:00,0.3317,0.3317,0.3317,1,1.0
2024-02-13 23:00,0.3316,0.3316,0.3316,1,1.0
2024-02-14 02:00,0.3314,0.3314,0.3314,1,1.0
2024-02-14 05:00,0.3319,0.3319,0.3319,1,1.0
2024-02-14 08:00,0.3329,0.3329,0.3329,1,1.0
2024-02-14 11:00,0.3289,0.3289,0.3289,1,1.0
2024-02-14 14:00,0.3219,0.3219,0.3219,1,1.0
2024-02-14 17:00,0.3195,0.3195,0.3195,1,1.0
2024-02-14 20:00,0.3207,0.3207,0.3207,1,1.0
2024-02-14 23:00,0.3221,0.3221,0.3221,1,1.0
2024-02-15 02:00,0.3232,0.3232,0.3232,1,1.0
2024-02-15 05:00,0.3248,0.3248,0.3248,1,1.0
2024-02-15 08:00,0.3256,0.3256,0.3256,1,1.0
2024-02-15 11:00,0.3211,0.3211,0.3211,1,1.0
2024-02-15 14:00,0.3144,0.3144,0.3144,1,1.0
2024-02-15 17:00,0.3125,0.3125,0.3125,1,1.0
2024-02-15 20:00,0.3133,0.3133,0.3133,1,1.0
2024-02-15 23:00,0.315,0.315,0.315,1,1.0
2024-02-16 02:00,0.3168,0.3168,0.3168,1,1.0
2024-02-16 05:00,0.3175,0.3175,0.3175,1,1.0
2024-02-16 08:00,0.3178,0.3178,0.3178,1,1.0
2024-02-16 11:00,0.3143,0.3143,0.3143,1,1.0
2024-02-16 14:00,0.3078,0.3078,0.3078,1,1.0
2024-02-16 17:00,0.3072,0.3072,0.3072,1,1.0
2024-02-16 20:00,0.3099,0.3099,0.3099,1,1.0
2024-02-16 23:00,0.3116,0.3116,0.3116,1,1.0
2024-02-17 02:00,0.3133,0.3133,0.3133,1,1.0
2024-02-17 05:00,0.3151,0.3151,0.3151,1,1.0
2024-02-17 08:00,0.3126,0.3126,0.3126,1,1.0
2024-02-17 11:00,0.3097,0.3097,0.3097,1,1.0
2024-02-17 14:00,0.302,0.302,0.302,1,1.0
2024-02-17 17:00,0.301,0.301,0.301,1,1.0
2024-02-17 20:00,0.3059,0.3059,0.3059,1,1.0
2024-02-17 23:00,0.3087,0.3087,0.3087,1,1.0
2024-02-18 02:00,0.311,0.311,0.311,1,1.0
2024-02-18 05:00,0.3126,0.3126,0.3126,1,1.0
2024-02-18 08:00,0.3144,0.3144,0.3144,1,1.0
2024-02-18 11:00,0.3099,0.3099,0.3099,1,1.0
2024-02-18 14:00,0.3008,0.3008,0.3008,1,1.0
2024-02-18 17:00,0.2993,0.2993,0.2993,1,1.0
2024-02-18 20:00,0.3027,0.3027,0.3027,1,1.0
2024-02-18 23:00,0.3061,0.3061,0.3061,1,1.0
2024-02-19 02:00,0.309,0.309,0.309,1,1.0
2024-02-19 05:00,0.3121,0.3121,0.3121,1,1.0
2024-02-19 08:00,0.3122,0.3122,0.3122,1,1.0
2024-02-19 11:00,0.3113,0.3113,0.3113,1,1.0
2024-02-19 14:00,0.3097,0.3097,0.3097,1,1.0
2024-02-19 17:00,0.309,0.309,0.309,1,1.0
2024-02-19 20:00,0.312,0.312,0.312,1,1.0
2024-02-19 23:00,0.3148,0.3148,0.3148,1,1.0
2024-02-20 02:00,0.3168,0.3168,0.3168,1,1.0
2024-02-20 05:00,0.3184,0.3184,0.3184,1,1.0
2024-02-20 08:00,0.3103,0.3103,0.3103,1,1.0
2024-02-20 11:00,0.3077,0.3077,0.3077,1,1.0
2024-02-20 14:00,0.2996,0.2996,0.2996,1,1.0
2024-02-20 17:00,0.2971,0.2971,0.2971,1,1.0
2024-02-20 20:00,0.2973,0.2973,0.2973,1,1.0
2024-02-20 23:00,0.3012,0.3012,0.3012,1,1.0
2024-02-21 02:00,0.3049,0.3049,0.3049,1,1.0
2024-02-21 05:00,0.3084,0.3084,0.3084,1,1.0
2024-02-21 08:00,0.3107,0.3107,0.3107,1,1.0
2024-02-21 11:00,0.3045,0.3045,0.3045,1,1.0
2024-02-21 14:00,0.2938,0.2938,0.2938,1,1.0
2024-02-21 17:00,0.2914,0.2914,0.2914,1,1.0
2024-02-21 20:00,0.2944,0.2944,0.2944,1,1.0
2024-02-21 23:00,0.2977,0.2977,0.2977,1,1.0
2024-02-22 02:00,0.3007,0.3007,0.3007,1,1.0
2024-02-22 05:00,0.3037,0.3037,0.3037,1,1.0
2024-02-22 08:00,0.3064,0.3064,0.3064,1,1.0
2024-02-22 11:00,0.3022,0.3022,0.3022,1,1.0
2024-02-22 14:00,0.2918,0.2918,0.2918,1,1.0
2024-02-22 17:00,0.2929,0.2929,0.2929,1,1.0
2024-02-22 20:00,0.2963,0.2963,0.2963,1,1.0
2024-02-22 23:00,0.2998,0.2998,0.2998,1,1.0
2024-02-23 02:00,0.303,0.303,0.303,1,1.0
2024-02-23 05:00,0.3055,0.3055,0.3055,1,1.0
2024-02-23 08:00,0.3066,0.3066,0.3066,1,1.0
2024-02-23 11:00,0.303,0.303,0.303,1,1.0
2024-02-23 14:00,0.2948,0.2948,0.2948,1,1.0
2024-02-23 17:00,0.293,0.293,0.293,1,1.0
2024-02-23 20:00,0.2964,0.2964,0.2964,1,1.0
2024-02-23 23:00,0.3189,0.3189,0.3189,1,1.0
2024-02-24 02:00,0.3558,0.3558,0.3558,1,1.0
2024-02-24 05:00,0.3464,0.3464,0.3464,1,1.0
2024-02-24 08:00,0.3464,0.3464,0.3464,1,1.0
2024-02-24 11:00,0.3501,0.3501,0.3501,1,1.0
2024-02-24 14:00,0.3469,0.3469,0.3469,1,1.0
2024-02-24 17:00,0.343,0.343,0.343,1,1.0
2024-02-24 20:00,0.3406,0.3406,0.3406,1,1.0
2024-02-24 23:00,0.3385,0.3385,0.3385,1,1.0
2024-02-25 02:00,0.3439,0.3439,0.3439,1,1.0
2024-02-25 05:00,0.3567,0.3567,0.3567,1,1.0
2024-02-25 08:00,0.3489,0.3489,0.3489,1,1.0
2024-02-25 11:00,0.3446,0.3446,0.3446,1,1.0
2024-02-25 14:00,0.3369,0.3369,0.3369,1,1.0
2024-02-25 17:00,0.3316,0.3316,0.3316,1,1.0
2024-02-25 20:00,0.3305,0.3305,0.3305,1,1.0
2024-02-25 23:00,0.3307,0.3307,0.3307,1,1.0
2024-02-26 02:00,0.3328,0.3328,0.3328,1,1.0
2024-02-26 05:00,0.3338,0.3338,0.3338,1,1.0
2024-02-26 08:00,0.3324,0.3324,0.3324,1,1.0
2024-02-26 11:00,0.3259,0.3259,0.3259,1,1.0
2024-02-26 14:00,0.3173,0.3173,0.3173,1,1.0
2024-02-26 17:00,0.3132,0.3132,0.3132,1,1.0
2024-02-26 20:00,0.3139,0.3139,0.3139,1,1.0
2024-02-26 23:00,0.315,0.315,0.315,1,1.0
2024-02-27 02:00,0.3163,0.3163,0.3163,1,1.0
2024-02-27 05:00,0.3174,0.3174,0.3174,1,1.0
2024-02-27 08:00,0.3138,0.3138,0.3138,1,1.0
2024-02-27 11:00,0.306,0.306,0.306,1,1.0
2024-02-27 14:00,0.2947,0.2947,0.2947,1,1.0
2024-02-27 17:00,0.2989,0.2989,0.2989,1,1.0
2024-02-27 20:00,0.3021,0.3021,0.3021,1,1.0
2024-02-27 23:00,0.3079,0.3079,0.3079,1,1.0
2024-02-28 02:00,0.3099,0.3099,0.3099,1,1.0
2024-02-28 05:00,0.3111,0.3111,0.3111,1,1.0
2024-02-28 08:00,0.3046,0.3046,0.3046,1,1.0
2024-02-28 11:00,0.3016,0.3016,0.3016,1,1.0
2024-02-28 14:00,0.3011,0.3011,0.3011,1,1.0
2024-02-28 17:00,0.3052,0.3052,0.3052,1,1.0
2024-02-28 20:00,0.3041,0.3041,0.3041,1,1.0
2024-02-28 23:00,0.3152,0.3152,0.3152,1,1.0
2024-02-29 02:00,0.3427,0.3427,0.3427,1,1.0
2024-02-29 05:00,0.381,0.381,0.381,1,1.0
2024-02-29 08:00,0.357,0.357,0.357,1,1.0
2024-02-29 11:00,0.3463,0.3463,0.3463,1,1.0
2024-02-29 14:00,0.3429,0.3429,0.3429,1,1.0
2024-02-29 17:00,0.3451,0.3451,0.3451,1,1.0
2024-02-29 20:00,0.3447,0.3447,0.3447,1,1.0
2024-02-29 23:00,0.3472,0.3472,0.3472,1,1.0
2024-03-01 02:00,0.3538,0.3538,0.3538,1,1.0
2024-03-01 05:00,0.3527,0.3527,0.3527,1,1.0
2024-03-01 08:00,0.353,0.353,0.353,1,1.0
2024-03-01 11:00,0.3528,0.3528,0.3528,1,1.0
2024-03-01 14:00,0.3526,0.3526,0.3526,1,1.0
2024-03-01 17:00,0.3528,0.3528,0.3528,1,1.0
2024-03-01 20:00,0.3477,0.3477,0.3477,1,1.0
2024-03-01 23:00,0.3454,0.3454,0.3454,1,1.0
2024-03-02 02:00,0.344,0.344,0.344,1,1.0
2024-03-02 05:00,0.3432,0.3432,0.3432,1,1.0
2024-03-02 08:00,0.3425,0.3425,0.3425,1,1.0
2024-03-02 11:00,0.3425,0.3425,0.3425,1,1.0
2024-03-02 14:00,0.3412,0.3412,0.3412,1,1.0
2024-03-02 17:00,0.3389,0.3389,0.3389,1,1.0
2024-03-02 20:00,0.3382,0.3382,0.3382,1,1.0
2024-03-02 23:00,0.3375,0.3375,0.3375,1,1.0
2024-03-03 02:00,0.3372,0.3372,0.3372,1,1.0
2024-03-03 05:00,0.3368,0.3368,0.3368,1,1.0
2024-03-03 08:00,0.3361,0.3361,0.3361,1,1.0
2024-03-03 11:00,0.3323,0.3323,0.3323,1,1.0
2024-03-03 14:00,0.3241,0.3241,0.3241,1,1.0
2024-03-03 17:00,0.3214,0.3214,0.3214,1,1.0
2024-03-03 20:00,0.3235,0.3235,0.3235,1,1.0
2024-03-03 23:00,0.329,0.329,0.329,1,1.0
2024-03-04 02:00,0.3526,0.3526,0.3526,1,1.0
2024-03-04 05:00,0.3648,0.3648,0.3648,1,1.0
2024-03-04 08:00,0.3554,0.3554,0.3554,1,1.0
2024-03-04 11:00,0.351,0.351,0.351,1,1.0
2024-03-04 14:00,0.3442,0.3442,0.3442,1,1.0
2024-03-04 17:00,0.3408,0.3408,0.3408,1,1.0
2024-03-04 20:00,0.3395,0.3395,0.3395,1,1.0
2024-03-04 23:00,0.3398,0.3398,0.3398,1,1.0
2024-03-05 02:00,0.3428,0.3428,0.3428,1,1.0
2024-03-05 05:00,0.3429,0.3429,0.3429,1,1.0
2024-03-05 08:00,0.3407,0.3407,0.3407,1,1.0
2024-03-05 11:00,0.3337,0.3337,0.3337,1,1.0
2024-03-05 14:00,0.3255,0.3255,0.3255,1,1.0
2024-03-05 17:00,0.3233,0.3233,0.3233,1,1.0
2024-03-05 20:00,0.3245,0.3245,0.3245,1,1.0
2024-03-05 23:00,0.3262,0.3262,0.3262,1,1.0
2024-03-06 02:00,0.3274,0.3274,0.3274,1,1.0
2024-03-06 05:00,0.3282,0.3282,0.3282,1,1.0
2024-03-06 08:00,0.3245,0.3245,0.3245,1,1.0
2024-03-06 11:00,0.3244,0.3244,0.3244,1,1.0
2024-03-06 14:00,0.3201,0.3201,0.3201,1,1.0
2024-03-06 17:00,0.3173,0.3173,0.3173,1,1.0
2024-03-06 20:00,0.3183,0.3183,0.3183,1,1.0
2024-03-06 23:00,0.3197,0.3197,0.3197,1,1.0
2024-03-07 02:00,0.3212,0.3212,0.3212,1,1.0
2024-03-07 05:00,0.3232,0.3232,0.3232,1,1.0
2024-03-07 08:00,0.3249,0.3249,0.3249,1,1.0
2024-03-07 11:00,0.3196,0.3196,0.3196,1,1.0
2024-03-07 14:00,0.3115,0.3115,0.3115,1,1.0
2024-03-07 17:00,0.3088,0.3088,0.3088,1,1.0
2024-03-07 20:00,0.3114,0.3114,0.3114,1,1.0
2024-03-07 23:00,0.3129,0.3129,0.3129,1,1.0
2024-03-08 02:00,0.3149,0.3149,0.3149,1,1.0
2024-03-08 05:00,0.317,0.317,0.317,1,1.0
2024-03-08 08:00,0.318,0.318,0.318,1,1.0
2024-03-08 11:00,0.3115,0.3115,0.3115,1,1.0
2024-03-08 14:00,0.3011,0.3011,0.3011,1,1.0
2024-03-08 17:00,0.2993,0.2993,0.2993,1,1.0
2024-03-08 20:00,0.3016,0.3016,0.3016,1,1.0
2024-03-08 23:00,0.3097,0.3097,0.3097,1,1.0
2024-03-09 02:00,0.3226,0.3226,0.3226,1,1.0
2024-03-09 05:00,0.3288,0.3288,0.3288,1,1.0
2024-03-09 08:00,0.3508,0.3508,0.3508,1,1.0
2024-03-09 11:00,0.3637,0.3637,0.3637,1,1.0
2024-03-09 14:00,0.3523,0.3523,0.3523,1,1.0
2024-03-09 17:00,0.347,0.347,0.347,1,1.0
2024-03-09 20:00,0.3442,0.3442,0.3442,1,1.0
2024-03-09 23:00,0.341,0.341,0.341,1,1.0
2024-03-10 02:00,0.3383,0.3383,0.3383,1,1.0
2024-03-10 05:00,0.337,0.337,0.337,1,1.0
2024-03-10 08:00,0.3343,0.3343,0.3343,1,1.0
2024-03-10 11:00,0.3267,0.3267,0.3267,1,1.0
2024-03-10 14:00,0.3196,0.3196,0.3196,1,1.0
2024-03-10 17:00,0.3207,0.3207,0.3207,1,1.0
2024-03-10 20:00,0.3289,0.3289,0.3289,1,1.0
2024-03-10 23:00,0.3541,0.3541,0.3541,1,1.0
2024-03-11 02:00,0.3874,0.3874,0.3874,1,1.0
2024-03-11 05:00,0.3643,0.3643,0.3643,1,1.0
2024-03-11 08:00,0.3553,0.3553,0.3553,1,1.0
2024-03-11 11:00,0.3556,0.3556,0.3556,1,1.0
2024-03-11 14:00,0.3583,0.3583,0.3583,1,1.0
2024-03-11 17:00,0.3621,0.3621,0.3621,1,1.0
2024-03-11 20:00,0.3578,0.3578,0.3578,1,1.0
2024-03-11 23:00,0.3542,0.3542,0.3542,1,1.0
2024-03-12 02:00,0.3508,0.3508,0.3508,1,1.0
2024-03-12 05:00,0.348,0.348,0.348,1,1.0
2024-03-12 08:00,0.3472,0.3472,0.3472,1,1.0
2024-03-12 11:00,0.348,0.348,0.348,1,1.0
2024-03-12 14:00,0.3473,0.3473,0.3473,1,1.0
2024-03-12 17:00,0.3478,0.3478,0.3478,1,1.0
2024-03-12 20:00,0.3472,0.3472,0.3472,1,1.0
2024-03-12 23:00,0.3444,0.3444,0.3444,1,1.0
2024-03-13 02:00,0.3424,0.3424,0.3424,1,1.0
2024-03-13 05:00,0.3406,0.3406,0.3406,1,1.0
2024-03-13 08:00,0.3385,0.3385,0.3385,1,1.0
2024-03-13 11:00,0.3336,0.3336,0.3336,1,1.0
2024-03-13 14:00,0.3282,0.3282,0.3282,1,1.0
2024-03-13 17:00,0.327,0.327,0.327,1,1.0
2024-03-13 20:00,0.3279,0.3279,0.3279,1,1.0
2024-03-13 23:00,0.3291,0.3291,0.3291,1,1.0
2024-03-14 02:00,0.3301,0.3301,0.3301,1,1.0
2024-03-14 05:00,0.3311,0.3311,0.3311,1,1.0
2024-03-14 08:00,0.3291,0.3291,0.3291,1,1.0
2024-03-14 11:00,0.3243,0.3243,0.3243,1,1.0
2024-03-14 14:00,0.319,0.319,0.319,1,1.0
2024-03-14 17:00,0.3216,0.3216,0.3216,1,1.0
2024-03-14 20:00,0.3231,0.3231,0.3231,1,1.0
2024-03-14 23:00,0.3244,0.3244,0.3244,1,1.0
2024-03-15 02:00,0.3253,0.3253,0.3253,1,1.0
2024-03-15 05:00,0.3268,0.3268,0.3268,1,1.0
2024-03-15 08:00,0.3259,0.3259,0.3259,1,1.0
2024-03-15 11:00,0.3219,0.3219,0.3219,1,1.0
2024-03-15 14:00,0.3137,0.3137,0.3137,1,1.0
2024-03-15 17:00,0.3107,0.3107,0.3107,1,1.0
2024-03-15 20:00,0.3066,0.3066,0.3066,1,1.0
2024-03-15 23:00,0.3101,0.3101,0.3101,1,1.0
2024-03-16 02:00,0.3133,0.3133,0.3133,1,1.0
2024-03-16 05:00,0.3159,0.3159,0.3159,1,1.0
2024-03-16 08:00,0.3169,0.3169,0.3169,1,1.0
2024-03-16 11:00,0.3145,0.3145,0.3145,1,1.0
2024-03-16 14:00,0.3116,0.3116,0.3116,1,1.0
2024-03-16 17:00,0.3111,0.3111,0.3111,1,1.0
2024-03-16 20:00,0.3138,0.3138,0.3138,1,1.0
2024-03-16 23:00,0.3159,0.3159,0.3159,1,1.0
2024-03-17 02:00,0.3182,0.3182,0.3182,1,1.0
2024-03-17 05:00,0.3208,0.3208,0.3208,1,1.0
2024-03-17 08:00,0.3229,0.3229,0.3229,1,1.0
2024-03-17 11:00,0.3138,0.3138,0.3138,1,1.0
2024-03-17 14:00,0.303,0.303,0.303,1,1.0
2024-03-17 17:00,0.3022,0.3022,0.3022,1,1.0
2024-03-17 20:00,0.3052,0.3052,0.3052,1,1.0
2024-03-17 23:00,0.3089,0.3089,0.3089,1,1.0
2024-03-18 02:00,0.3114,0.3114,0.3114,1,1.0
2024-03-18 05:00,0.314,0.314,0.314,1,1.0
2024-03-18 08:00,0.3164,0.3164,0.3164,1,1.0
2024-03-18 11:00,0.3174,0.3174,0.3174,1,1.0
2024-03-18 14:00,0.3183,0.3183,0.3183,1,1.0
2024-03-18 17:00,0.3225,0.3225,0.3225,1,1.0
2024-03-18 20:00,0.328,0.328,0.328,1,1.0
2024-03-18 23:00,0.3305,0.3305,0.3305,1,1.0
2024-03-19 02:00,0.3315,0.3315,0.3315,1,1.0
2024-03-19 05:00,0.3321,0.3321,0.3321,1,1.0
2024-03-19 08:00,0.3315,0.3315,0.3315,1,1.0
2024-03-19 11:00,0.3206,0.3206,0.3206,1,1.0
2024-03-19 14:00,0.3055,0.3055,0.3055,1,1.0
2024-03-19 17:00,0.2993,0.2993,0.2993,1,1.0
2024-03-19 20:00,0.3015,0.3015,0.3015,1,1.0
2024-03-19 23:00,0.3046,0.3046,0.3046,1,1.0
2024-03-20 02:00,0.3078,0.3078,0.3078,1,1.0
2024-03-20 05:00,0.3109,0.3109,0.3109,1,1.0
2024-03-20 08:00,0.3099,0.3099,0.3099,1,1.0
2024-03-20 11:00,0.299,0.299,0.299,1,1.0
2024-03-20 14:00,0.2845,0.2845,0.2845,1,1.0
2024-03-20 17:00,0.2795,0.2795,0.2795,1,1.0
2024-03-20 20:00,0.2825,0.2825,0.2825,1,1.0
2024-03-20 23:00,0.287,0.287,0.287,1,1.0
2024-03-21 02:00,0.2911,0.2911,0.2911,1,1.0
2024-03-21 05:00,0.2951,0.2951,0.2951,1,1.0
2024-03-21 08:00,0.2973,0.2973,0.2973,1,1.0
2024-03-21 11:00,0.2906,0.2906,0.2906,1,1.0
2024-03-21 14:00,0.2812,0.2812,0.2812,1,1.0
2024-03-21 17:00,0.2793,0.2793,0.2793,1,1.0
2024-03-21 20:00,0.284,0.284,0.284,1,1.0
2024-03-21 23:00,0.2888,0.2888,0.2888,1,1.0
2024-03-22 02:00,0.293,0.293,0.293,1,1.0
2024-03-22 05:00,0.2971,0.2971,0.2971,1,1.0
2024-03-22 08:00,0.288,0.288,0.288,1,1.0
2024-03-22 11:00,0.2858,0.2858,0.2858,1,1.0
2024-03-22 14:00,0.2796,0.2796,0.2796,1,1.0
2024-03-22 17:00,0.2817,0.2817,0.2817,1,1.0
2024-03-22 20:00,0.2857,0.2857,0.2857,1,1.0
2024-03-22 23:00,0.29,0.29,0.29,1,1.0
2024-03-23 02:00,0.2942,0.2942,0.2942,1,1.0
2024-03-23 05:00,0.2982,0.2982,0.2982,1,1.0
2024-03-23 08:00,0.2997,0.2997,0.2997,1,1.0
2024-03-23 11:00,0.2913,0.2913,0.2913,1,1.0
2024-03-23 14:00,0.2842,0.2842,0.2842,1,1.0
2024-03-23 17:00,0.2835,0.2835,0.2835,1,1.0
2024-03-23 20:00,0.2863,0.2863,0.2863,1,1.0
2024-03-23 23:00,0.2907,0.2907,0.2907,1,1.0
2024-03-24 02:00,0.2948,0.2948,0.2948,1,1.0
2024-03-24 05:00,0.2986,0.2986,0.2986,1,1.0
2024-03-24 08:00,0.3014,0.3014,0.3014,1,1.0
2024-03-24 11:00,0.2941,0.2941,0.2941,1,1.0
2024-03-24 14:00,0.2819,0.2819,0.2819,1,1.0
2024-03-24 17:00,0.278,0.278,0.278,1,1.0
2024-03-24 20:00,0.2815,0.2815,0.2815,1,1.0
2024-03-24 23:00,0.2856,0.2856,0.2856,1,1.0
2024-03-25 02:00,0.2899,0.2899,0.2899,1,1.0
2024-03-25 05:00,0.2936,0.2936,0.2936,1,1.0
2024-03-25 08:00,0.2936,0.2936,0.2936,1,1.0
2024-03-25 11:00,0.2821,0.2821,0.2821,1,1.0
2024-03-25 14:00,0.2692,0.2692,0.2692,1,1.0
2024-03-25 17:00,0.2601,0.2601,0.2601,1,1.0
2024-03-25 20:00,0.2652,0.2652,0.2652,1,1.0
2024-03-25 23:00,0.2757,0.2757,0.2757,1,1.0
2024-03-26 02:00,0.2798,0.2798,0.2798,1,1.0
2024-03-26 05:00,0.2824,0.2824,0.2824,1,1.0
2024-03-26 08:00,0.2907,0.2907,0.2907,1,1.0
2024-03-26 11:00,0.3104,0.3104,0.3104,1,1.0
2024-03-26 14:00,0.3438,0.3438,0.3438,1,1.0
2024-03-26 17:00,0.3337,0.3337,0.3337,1,1.0
2024-03-26 20:00,0.3307,0.3307,0.3307,1,1.0
2024-03-26 23:00,0.3293,0.3293,0.3293,1,1.0
2024-03-27 02:00,0.3352,0.3352,0.3352,1,1.0
2024-03-27 05:00,0.3365,0.3365,0.3365,1,1.0
2024-03-27 08:00,0.3335,0.3335,0.3335,1,1.0
2024-03-27 11:00,0.33,0.33,0.33,1,1.0
2024-03-27 14:00,0.3699,0.3699,0.3699,1,1.0
2024-03-27 17:00,0.3632,0.3632,0.3632,1,1.0
2024-03-27 20:00,0.3447,0.3447,0.3447,1,1.0
2024-03-27 23:00,0.3445,0.3445,0.3445,1,1.0
2024-03-28 02:00,0.3414,0.3414,0.3414,1,1.0
2024-03-28 05:00,0.3386,0.3386,0.3386,1,1.0
2024-03-28 08:00,0.3352,0.3352,0.3352,1,1.0
2024-03-28 11:00,0.3262,0.3262,0.3262,1,1.0
2024-03-28 14:00,0.3185,0.3185,0.3185,1,1.0
2024-03-28 17:00,0.314,0.314,0.314,1,1.0
2024-03-28 20:00,0.3181,0.3181,0.3181,1,1.0
2024-03-28 23:00,0.3199,0.3199,0.3199,1,1.0
2024-03-29 02:00,0.3211,0.3211,0.3211,1,1.0
2024-03-29 05:00,0.3222,0.3222,0.3222,1,1.0
2024-03-29 08:00,0.3199,0.3199,0.3199,1,1.0
2024-03-29 11:00,0.3056,0.3056,0.3056,1,1.0
2024-03-29 14:00,0.2881,0.2881,0.2881,1,1.0
2024-03-29 17:00,0.2834,0.2834,0.2834,1,1.0
2024-03-29 20:00,0.2867,0.2867,0.2867,1,1.0
2024-03-29 23:00,0.2897,0.2897,0.2897,1,1.0
2024-03-30 02:00,0.2948,0.2948,0.2948,1,1.0
2024-03-30 05:00,0.2986,0.2986,0.2986,1,1.0
2024-03-30 08:00,0.2974,0.2974,0.2974,1,1.0
2024-03-30 11:00,0.2845,0.2845,0.2845,1,1.0
2024-03-30 14:00,0.2702,0.2702,0.2702,1,1.0
2024-03-30 17:00,0.2708,0.2708,0.2708,1,1.0
2024-03-30 20:00,0.2716,0.2716,0.2716,1,1.0
2024-03-30 23:00,0.2721,0.2721,0.2721,1,1.0
2024-03-31 02:00,0.2745,0.2745,0.2745,1,1.0
2024-03-31 05:00,0.278,0.278,0.278,1,1.0
2024-03-31 08:00,0.2805,0.2805,0.2805,1,1.0
2024-03-31 11:00,0.2739,0.2739,0.2739,1,1.0
2024-03-31 14:00,0.2661,0.2661,0.2661,1,1.0
2024-03-31 17:00,0.2663,0.2663,0.2663,1,1.0
2024-03-31 20:00,0.2687,0.2687,0.2687,1,1.0
2024-03-31 23:00,0.2733,0.2733,0.2733,1,1.0
2024-04-01 02:00,0.2769,0.2769,0.2769,1,1.0
2024-04-01 05:00,0.2793,0.2793,0.2793,1,1.0
2024-04-01 08:00,0.279,0.279,0.279,1,1.0
2024-04-01 11:00,0.2686,0.2686,0.2686,1,1.0
2024-04-01 14:00,0.2598,0.2598,0.2598,1,1.0
2024-04-01 17:00,0.2604,0.2604,0.2604,1,1.0
2024-04-01 20:00,0.3038,0.3038,0.3038,1,1.0
2024-04-01 23:00,0.3261,0.3261,0.3261,1,1.0
2024-04-02 02:00,0.3248,0.3248,0.3248,1,1.0
2024-04-02 05:00,0.3243,0.3243,0.3243,1,1.0
2024-04-02 08:00,0.3148,0.3148,0.3148,1,1.0
2024-04-02 11:00,0.3002,0.3002,0.3002,1,1.0
2024-04-02 14:00,0.284,0.284,0.284,1,1.0
2024-04-02 17:00,0.2773,0.2773,0.2773,1,1.0
2024-04-02 20:00,0.2808,0.2808,0.2808,1,1.0
2024-04-02 23:00,0.2851,0.2851,0.2851,1,1.0
2024-04-03 02:00,0.289,0.289,0.289,1,1.0
2024-04-03 05:00,0.2926,0.2926,0.2926,1,1.0
2024-04-03 08:00,0.2947,0.2947,0.2947,1,1.0
2024-04-03 11:00,0.2907,0.2907,0.2907,1,1.0
2024-04-03 14:00,0.2841,0.2841,0.2841,1,1.0
2024-04-03 17:00,0.2794,0.2794,0.2794,1,1.0
2024-04-03 20:00,0.2825,0.2825,0.2825,1,1.0
2024-04-03 23:00,0.2868,0.2868,0.2868,1,1.0
2024-04-04 02:00,0.2904,0.2904,0.2904,1,1.0
2024-04-04 05:00,0.2936,0.2936,0.2936,1,1.0
2024-04-04 08:00,0.2941,0.2941,0.2941,1,1.0
2024-04-04 11:00,0.2821,0.2821,0.2821,1,1.0
2024-04-04 14:00,0.2684,0.2684,0.2684,1,1.0
2024-04-04 17:00,0.2647,0.2647,0.2647,1,1.0
2024-04-04 20:00,0.2687,0.2687,0.2687,1,1.0
2024-04-04 23:00,0.2732,0.2732,0.2732,1,1.0
2024-04-05 02:00,0.2772,0.2772,0.2772,1,1.0
2024-04-05 05:00,0.2812,0.2812,0.2812,1,1.0
2024-04-05 08:00,0.2791,0.2791,0.2791,1,1.0
2024-04-05 11:00,0.2709,0.2709,0.2709,1,1.0
2024-04-05 14:00,0.2599,0.2599,0.2599,1,1.0
2024-04-05 17:00,0.2575,0.2575,0.2575,1,1.0
2024-04-05 20:00,0.2611,0.2611,0.2611,1,1.0
2024-04-05 23:00,0.2662,0.2662,0.2662,1,1.0
2024-04-06 02:00,0.2711,0.2711,0.2711,1,1.0
2024-04-06 05:00,0.2757,0.2757,0.2757,1,1.0
2024-04-06 08:00,0.2779,0.2779,0.2779,1,1.0
2024-04-06 11:00,0.2693,0.2693,0.2693,1,1.0
2024-04-06 14:00,0.2575,0.2575,0.2575,1,1.0
2024-04-06 17:00,0.2543,0.2543,0.2543,1,1.0
2024-04-06 20:00,0.2585,0.2585,0.2585,1,1.0
2024-04-06 23:00,0.2634,0.2634,0.2634,1,1.0
2024-04-07 02:00,0.268,0.268,0.268,1,1.0
2024-04-07 05:00,0.2717,0.2717,0.2717,1,1.0
2024-04-07 08:00,0.2734,0.2734,0.2734,1,1.0
2024-04-07 11:00,0.2643,0.2643,0.2643,1,1.0
2024-04-07 14:00,0.2518,0.2518,0.2518,1,1.0
2024-04-07 17:00,0.2525,0.2525,0.2525,1,1.0
2024-04-07 20:00,0.2565,0.2565,0.2565,1,1.0
2024-04-07 23:00,0.2613,0.2613,0.2613,1,1.0
2024-04-08 02:00,0.2658,0.2658,0.2658,1,1.0
2024-04-08 05:00,0.2699,0.2699,0.2699,1,1.0
2024-04-08 08:00,0.2547,0.2547,0.2547,1,1.0
2024-04-08 11:00,0.2464,0.2464,0.2464,1,1.0
2024-04-08 14:00,0.2352,0.2352,0.2352,1,1.0
2024-04-08 17:00,0.2321,0.2321,0.2321,1,1.0
2024-04-08 20:00,0.2321,0.2321,0.2321,1,1.0
2024-04-08 23:00,0.2367,0.2367,0.2367,1,1.0
2024-04-09 02:00,0.2412,0.2412,0.2412,1,1.0
2024-04-09 05:00,0.2457,0.2457,0.2457,1,1.0
2024-04-09 08:00,0.2475,0.2475,0.2475,1,1.0
2024-04-09 11:00,0.2394,0.2394,0.2394,1,1.0
2024-04-09 14:00,0.2294,0.2294,0.2294,1,1.0
2024-04-09 17:00,0.2269,0.2269,0.2269,1,1.0
2024-04-09 20:00,0.2311,0.2311,0.2311,1,1.0
2024-04-09 23:00,0.236,0.236,0.236,1,1.0
2024-04-10 02:00,0.2411,0.2411,0.2411,1,1.0
2024-04-10 05:00,0.2465,0.2465,0.2465,1,1.0
2024-04-10 08:00,0.2505,0.2505,0.2505,1,1.0
2024-04-10 11:00,0.2472,0.2472,0.2472,1,1.0
2024-04-10 14:00,0.2402,0.2402,0.2402,1,1.0
2024-04-10 17:00,0.233,0.233,0.233,1,1.0
2024-04-10 20:00,0.2369,0.2369,0.2369,1,1.0
2024-04-10 23:00,0.2418,0.2418,0.2418,1,1.0
2024-04-11 02:00,0.2494,0.2494,0.2494,1,1.0
2024-04-11 05:00,0.2563,0.2563,0.2563,1,1.0
2024-04-11 08:00,0.2579,0.2579,0.2579,1,1.0
2024-04-11 11:00,0.2542,0.2542,0.2542,1,1.0
2024-04-11 14:00,0.2484,0.2484,0.2484,1,1.0
2024-04-11 17:00,0.2479,0.2479,0.2479,1,1.0
2024-04-11 20:00,0.2503,0.2503,0.2503,1,1.0
2024-04-11 23:00,0.2532,0.2532,0.2532,1,1.0
2024-04-12 02:00,0.2562,0.2562,0.2562,1,1.0
2024-04-12 05:00,0.2591,0.2591,0.2591,1,1.0
2024-04-12 08:00,0.2588,0.2588,0.2588,1,1.0
2024-04-12 11:00,0.2492,0.2492,0.2492,1,1.0
2024-04-12 14:00,0.238,0.238,0.238,1,1.0
2024-04-12 17:00,0.2341,0.2341,0.2341,1,1.0
2024-04-12 20:00,0.2356,0.2356,0.2356,1,1.0
2024-04-12 23:00,0.2383,0.2383,0.2383,1,1.0
2024-04-13 02:00,0.2415,0.2415,0.2415,1,1.0
2024-04-13 05:00,0.2447,0.2447,0.2447,1,1.0
2024-04-13 08:00,0.2429,0.2429,0.2429,1,1.0
2024-04-13 11:00,0.2356,0.2356,0.2356,1,1.0
2024-04-13 14:00,0.2259,0.2259,0.2259,1,1.0
2024-04-13 17:00,0.223,0.223,0.223,1,1.0
2024-04-13 20:00,0.2253,0.2253,0.2253,1,1.0
2024-04-13 23:00,0.2291,0.2291,0.2291,1,1.0
2024-04-14 02:00,0.2326,0.2326,0.2326,1,1.0
2024-04-14 05:00,0.2359,0.2359,0.2359,1,1.0
2024-04-14 08:00,0.2368,0.2368,0.2368,1,1.0
2024-04-14 11:00,0.229,0.229,0.229,1,1.0
2024-04-14 14:00,0.2188,0.2188,0.2188,1,1.0
2024-04-14 17:00,0.2164,0.2164,0.2164,1,1.0
2024-04-14 20:00,0.2202,0.2202,0.2202,1,1.0
2024-04-14 23:00,0.2247,0.2247,0.2247,1,1.0
2024-04-15 02:00,0.2384,0.2384,0.2384,1,1.0
2024-04-15 05:00,0.2502,0.2502,0.2502,1,1.0
2024-04-15 08:00,0.2314,0.2314,0.2314,1,1.0
2024-04-15 11:00,0.23,0.23,0.23,1,1.0
2024-04-15 14:00,0.223,0.223,0.223,1,1.0
2024-04-15 17:00,0.2216,0.2216,0.2216,1,1.0
2024-04-15 20:00,0.2245,0.2245,0.2245,1,1.0
2024-04-15 23:00,0.2277,0.2277,0.2277,1,1.0
2024-04-16 02:00,0.2306,0.2306,0.2306,1,1.0
2024-04-16 05:00,0.233,0.233,0.233,1,1.0
2024-04-16 08:00,0.2253,0.2253,0.2253,1,1.0
2024-04-16 11:00,0.2226,0.2226,0.2226,1,1.0
2024-04-16 14:00,0.2214,0.2214,0.2214,1,1.0
2024-04-16 17:00,0.2239,0.2239,0.2239,1,1.0
2024-04-16 20:00,0.229,0.229,0.229,1,1.0
2024-04-16 23:00,0.2454,0.2454,0.2454,1,1.0
2024-04-17 02:00,0.2519,0.2519,0.2519,1,1.0
2024-04-17 05:00,0.2554,0.2554,0.2554,1,1.0
2024-04-17 08:00,0.2575,0.2575,0.2575,1,1.0
2024-04-17 11:00,0.2579,0.2579,0.2579,1,1.0
2024-04-17 14:00,0.2505,0.2505,0.2505,1,1.0
2024-04-17 17:00,0.2486,0.2486,0.2486,1,1.0
2024-04-17 20:00,0.2507,0.2507,0.2507,1,1.0
2024-04-17 23:00,0.2525,0.2525,0.2525,1,1.0
2024-04-18 02:00,0.2545,0.2545,0.2545,1,1.0
2024-04-18 05:00,0.2565,0.2565,0.2565,1,1.0
2024-04-18 08:00,0.2532,0.2532,0.2532,1,1.0
2024-04-18 11:00,0.265,0.265,0.265,1,1.0
2024-04-18 14:00,0.2657,0.2657,0.2657,1,1.0
2024-04-18 17:00,0.2655,0.2655,0.2655,1,1.0
2024-04-18 20:00,0.2773,0.2773,0.2773,1,1.0
2024-04-18 23:00,0.2935,0.2935,0.2935,1,1.0
2024-04-19 02:00,0.3259,0.3259,0.3259,1,1.0
2024-04-19 05:00,0.3535,0.3535,0.3535,1,1.0
2024-04-19 08:00,0.3317,0.3317,0.3317,1,1.0
2024-04-19 11:00,0.3096,0.3096,0.3096,1,1.0
2024-04-19 14:00,0.2947,0.2947,0.2947,1,1.0
2024-04-19 17:00,0.2834,0.2834,0.2834,1,1.0
2024-04-19 20:00,0.2818,0.2818,0.2818,1,1.0
2024-04-19 23:00,0.2826,0.2826,0.2826,1,1.0
2024-04-20 02:00,0.2834,0.2834,0.2834,1,1.0
2024-04-20 05:00,0.2841,0.2841,0.2841,1,1.0
2024-04-20 08:00,0.2814,0.2814,0.2814,1,1.0
2024-04-20 11:00,0.2802,0.2802,0.2802,1,1.0
2024-04-20 14:00,0.2776,0.2776,0.2776,1,1.0
2024-04-20 17:00,0.275,0.275,0.275,1,1.0
2024-04-20 20:00,0.2788,0.2788,0.2788,1,1.0
2024-04-20 23:00,0.2836,0.2836,0.2836,1,1.0
2024-04-21 02:00,0.2855,0.2855,0.2855,1,1.0
2024-04-21 05:00,0.286,0.286,0.286,1,1.0
2024-04-21 08:00,0.2863,0.2863,0.2863,1,1.0
2024-04-21 11:00,0.2734,0.2734,0.2734,1,1.0
2024-04-21 14:00,0.2614,0.2614,0.2614,1,1.0
2024-04-21 17:00,0.2552,0.2552,0.2552,1,1.0
2024-04-21 20:00,0.2566,0.2566,0.2566,1,1.0
2024-04-21 23:00,0.2589,0.2589,0.2589,1,1.0
2024-04-22 02:00,0.2611,0.2611,0.2611,1,1.0
2024-04-22 05:00,0.263,0.263,0.263,1,1.0
2024-04-22 08:00,0.2622,0.2622,0.2622,1,1.0
2024-04-22 11:00,0.2533,0.2533,0.2533,1,1.0
2024-04-22 14:00,0.2438,0.2438,0.2438,1,1.0
2024-04-22 17:00,0.2403,0.2403,0.2403,1,1.0
2024-04-22 20:00,0.2428,0.2428,0.2428,1,1.0
2024-04-22 23:00,0.2462,0.2462,0.2462,1,1.0
2024-04-23 02:00,0.2498,0.2498,0.2498,1,1.0
2024-04-23 05:00,0.2532,0.2532,0.2532,1,1.0
2024-04-23 08:00,0.2529,0.2529,0.2529,1,1.0
2024-04-23 11:00,0.248,0.248,0.248,1,1.0
2024-04-23 14:00,0.2391,0.2391,0.2391,1,1.0
2024-04-23 17:00,0.2303,0.2303,0.2303,1,1.0
2024-04-23 20:00,0.2327,0.2327,0.2327,1,1.0
2024-04-23 23:00,0.2362,0.2362,0.2362,1,1.0
2024-04-24 02:00,0.2433,0.2433,0.2433,1,1.0
2024-04-24 05:00,0.2813,0.2813,0.2813,1,1.0
2024-04-24 08:00,0.3056,0.3056,0.3056,1,1.0
2024-04-24 11:00,0.295,0.295,0.295,1,1.0
2024-04-24 14:00,0.2861,0.2861,0.2861,1,1.0
2024-04-24 17:00,0.2821,0.2821,0.2821,1,1.0
2024-04-24 20:00,0.2805,0.2805,0.2805,1,1.0
2024-04-24 23:00,0.2805,0.2805,0.2805,1,1.0
2024-04-25 02:00,0.2799,0.2799,0.2799,1,1.0
2024-04-25 05:00,0.2797,0.2797,0.2797,1,1.0
2024-04-25 08:00,0.2777,0.2777,0.2777,1,1.0
2024-04-25 11:00,0.2679,0.2679,0.2679,1,1.0
2024-04-25 14:00,0.2613,0.2613,0.2613,1,1.0
2024-04-25 17:00,0.2597,0.2597,0.2597,1,1.0
2024-04-25 20:00,0.2605,0.2605,0.2605,1,1.0
2024-04-25 23:00,0.2624,0.2624,0.2624,1,1.0
2024-04-26 02:00,0.2641,0.2641,0.2641,1,1.0
2024-04-26 05:00,0.2663,0.2663,0.2663,1,1.0
2024-04-26 08:00,0.2641,0.2641,0.2641,1,1.0
2024-04-26 11:00,0.2705,0.2705,0.2705,1,1.0
2024-04-26 14:00,0.2686,0.2686,0.2686,1,1.0
2024-04-26 17:00,0.2566,0.2566,0.2566,1,1.0
2024-04-26 20:00,0.2584,0.2584,0.2584,1,1.0
2024-04-26 23:00,0.2609,0.2609,0.2609,1,1.0
2024-04-27 02:00,0.263,0.263,0.263,1,1.0
2024-04-27 05:00,0.2646,0.2646,0.2646,1,1.0
2024-04-27 08:00,0.2628,0.2628,0.2628,1,1.0
2024-04-27 11:00,0.2521,0.2521,0.2521,1,1.0
2024-04-27 14:00,0.2406,0.2406,0.2406,1,1.0
2024-04-27 17:00,0.2356,0.2356,0.2356,1,1.0
2024-04-27 20:00,0.2374,0.2374,0.2374,1,1.0
2024-04-27 23:00,0.2399,0.2399,0.2399,1,1.0
2024-04-28 02:00,0.2425,0.2425,0.2425,1,1.0
2024-04-28 05:00,0.2446,0.2446,0.2446,1,1.0
2024-04-28 08:00,0.2431,0.2431,0.2431,1,1.0
2024-04-28 11:00,0.2333,0.2333,0.2333,1,1.0
2024-04-28 14:00,0.2221,0.2221,0.2221,1,1.0
2024-04-28 17:00,0.2179,0.2179,0.2179,1,1.0
2024-04-28 20:00,0.2201,0.2201,0.2201,1,1.0
2024-04-28 23:00,0.2224,0.2224,0.2224,1,1.0
2024-04-29 02:00,0.2243,0.2243,0.2243,1,1.0
2024-04-29 05:00,0.2259,0.2259,0.2259,1,1.0
2024-04-29 08:00,0.2227,0.2227,0.2227,1,1.0
2024-04-29 11:00,0.2157,0.2157,0.2157,1,1.0
2024-04-29 14:00,0.2069,0.2069,0.2069,1,1.0
2024-04-29 17:00,0.2042,0.2042,0.2042,1,1.0
2024-04-29 20:00,0.2103,0.2103,0.2103,1,1.0
2024-04-29 23:00,0.2132,0.2132,0.2132,1,1.0
2024-04-30 02:00,0.2162,0.2162,0.2162,1,1.0
2024-04-30 05:00,0.219,0.219,0.219,1,1.0
2024-04-30 08:00,0.2188,0.2188,0.2188,1,1.0
2024-04-30 11:00,0.2106,0.2106,0.2106,1,1.0
2024-04-30 14:00,0.2006,0.2006,0.2006,1,1.0
2024-04-30 17:00,0.1977,0.1977,0.1977,1,1.0
2024-04-30 20:00,0.1995,0.1995,0.1995,1,1.0
2024-04-30 23:00,0.202,0.202,0.202,1,1.0
2024-05-01 02:00,0.204,0.204,0.204,1,1.0
2024-05-01 05:00,0.2063,0.2063,0.2063,1,1.0
2024-05-01 08:00,0.2077,0.2077,0.2077,1,1.0
2024-05-01 11:00,0.2123,0.2123,0.2123,1,1.0
2024-05-01 14:00,0.2217,0.2217,0.2217,1,1.0
2024-05-01 17:00,0.2324,0.2324,0.2324,1,1.0
2024-05-01 20:00,0.2343,0.2343,0.2343,1,1.0
2024-05-01 23:00,0.2366,0.2366,0.2366,1,1.0
2024-05-02 02:00,0.239,0.239,0.239,1,1.0
2024-05-02 05:00,0.2425,0.2425,0.2425,1,1.0
2024-05-02 08:00,0.2445,0.2445,0.2445,1,1.0
2024-05-02 11:00,0.2668,0.2668,0.2668,1,1.0
2024-05-02 14:00,0.2977,0.2977,0.2977,1,1.0
2024-05-02 17:00,0.2881,0.2881,0.2881,1,1.0
2024-05-02 20:00,0.2727,0.2727,0.2727,1,1.0
2024-05-02 23:00,0.2755,0.2755,0.2755,1,1.0
2024-05-03 02:00,0.2758,0.2758,0.2758,1,1.0
2024-05-03 05:00,0.2752,0.2752,0.2752,1,1.0
2024-05-03 08:00,0.272,0.272,0.272,1,1.0
2024-05-03 11:00,0.2637,0.2637,0.2637,1,1.0
2024-05-03 14:00,0.2572,0.2572,0.2572,1,1.0
2024-05-03 17:00,0.2547,0.2547,0.2547,1,1.0
2024-05-03 20:00,0.2552,0.2552,0.2552,1,1.0
2024-05-03 23:00,0.2563,0.2563,0.2563,1,1.0
2024-05-04 02:00,0.2575,0.2575,0.2575,1,1.0
2024-05-04 05:00,0.2582,0.2582,0.2582,1,1.0
2024-05-04 08:00,0.2572,0.2572,0.2572,1,1.0
2024-05-04 11:00,0.2474,0.2474,0.2474,1,1.0
2024-05-04 14:00,0.2353,0.2353,0.2353,1,1.0
2024-05-04 17:00,0.2307,0.2307,0.2307,1,1.0
2024-05-04 20:00,0.2317,0.2317,0.2317,1,1.0
2024-05-04 23:00,0.2342,0.2342,0.2342,1,1.0
2024-05-05 02:00,0.2368,0.2368,0.2368,1,1.0
2024-05-05 05:00,0.2391,0.2391,0.2391,1,1.0
2024-05-05 08:00,0.2386,0.2386,0.2386,1,1.0
2024-05-05 11:00,0.2316,0.2316,0.2316,1,1.0
2024-05-05 14:00,0.2236,0.2236,0.2236,1,1.0
2024-05-05 17:00,0.2203,0.2203,0.2203,1,1.0
2024-05-05 20:00,0.2221,0.2221,0.2221,1,1.0
2024-05-05 23:00,0.2252,0.2252,0.2252,1,1.0
2024-05-06 02:00,0.2281,0.2281,0.2281,1,1.0
2024-05-06 05:00,0.2307,0.2307,0.2307,1,1.0
2024-05-06 08:00,0.2305,0.2305,0.2305,1,1.0
2024-05-06 11:00,0.2231,0.2231,0.2231,1,1.0
2024-05-06 14:00,0.2147,0.2147,0.2147,1,1.0
2024-05-06 17:00,0.2108,0.2108,0.2108,1,1.0
2024-05-06 20:00,0.2125,0.2125,0.2125,1,1.0
2024-05-06 23:00,0.215,0.215,0.215,1,1.0
2024-05-07 02:00,0.2173,0.2173,0.2173,1,1.0
2024-05-07 05:00,0.2193,0.2193,0.2193,1,1.0
2024-05-07 08:00,0.2083,0.2083,0.2083,1,1.0
2024-05-07 11:00,0.2054,0.2054,0.2054,1,1.0
2024-05-07 14:00,0.2001,0.2001,0.2001,1,1.0
2024-05-07 17:00,0.1994,0.1994,0.1994,1,1.0
2024-05-07 20:00,0.2082,0.2082,0.2082,1,1.0
2024-05-07 23:00,0.2105,0.2105,0.2105,1,1.0
2024-05-08 02:00,0.2131,0.2131,0.2131,1,1.0
2024-05-08 05:00,0.2154,0.2154,0.2154,1,1.0
2024-05-08 08:00,0.2153,0.2153,0.2153,1,1.0
2024-05-08 11:00,0.2264,0.2264,0.2264,1,1.0
2024-05-08 14:00,0.2429,0.2429,0.2429,1,1.0
2024-05-08 17:00,0.2594,0.2594,0.2594,1,1.0
2024-05-08 20:00,0.2765,0.2765,0.2765,1,1.0
2024-05-08 23:00,0.2806,0.2806,0.2806,1,1.0
2024-05-09 02:00,0.2752,0.2752,0.2752,1,1.0
2024-05-09 05:00,0.2716,0.2716,0.2716,1,1.0
2024-05-09 08:00,0.2665,0.2665,0.2665,1,1.0
2024-05-09 11:00,0.2607,0.2607,0.2607,1,1.0
2024-05-09 14:00,0.2565,0.2565,0.2565,1,1.0
2024-05-09 17:00,0.249,0.249,0.249,1,1.0
2024-05-09 20:00,0.2515,0.2515,0.2515,1,1.0
2024-05-09 23:00,0.2505,0.2505,0.2505,1,1.0
2024-05-10 02:00,0.2498,0.2498,0.2498,1,1.0
2024-05-10 05:00,0.2489,0.2489,0.2489,1,1.0
2024-05-10 08:00,0.2428,0.2428,0.2428,1,1.0
2024-05-10 11:00,0.2322,0.2322,0.2322,1,1.0
2024-05-10 14:00,0.2222,0.2222,0.2222,1,1.0
2024-05-10 17:00,0.218,0.218,0.218,1,1.0
2024-05-10 20:00,0.2183,0.2183,0.2183,1,1.0
2024-05-10 23:00,0.2188,0.2188,0.2188,1,1.0
2024-05-11 02:00,0.2198,0.2198,0.2198,1,1.0
2024-05-11 05:00,0.2208,0.2208,0.2208,1,1.0
2024-05-11 08:00,0.2185,0.2185,0.2185,1,1.0
2024-05-11 11:00,0.2098,0.2098,0.2098,1,1.0
2024-05-11 14:00,0.2003,0.2003,0.2003,1,1.0
2024-05-11 17:00,0.1961,0.1961,0.1961,1,1.0
2024-05-11 20:00,0.1972,0.1972,0.1972,1,1.0
2024-05-11 23:00,0.1996,0.1996,0.1996,1,1.0
2024-05-12 02:00,0.2018,0.2018,0.2018,1,1.0
2024-05-12 05:00,0.204,0.204,0.204,1,1.0
2024-05-12 08:00,0.2155,0.2155,0.2155,1,1.0
2024-05-12 11:00,0.208,0.208,0.208,1,1.0
2024-05-12 14:00,0.2003,0.2003,0.2003,1,1.0
2024-05-12 17:00,0.197,0.197,0.197,1,1.0
2024-05-12 20:00,0.1985,0.1985,0.1985,1,1.0
2024-05-12 23:00,0.2009,0.2009,0.2009,1,1.0
2024-05-13 02:00,0.2034,0.2034,0.2034,1,1.0
2024-05-13 05:00,0.2058,0.2058,0.2058,1,1.0
2024-05-13 08:00,0.2061,0.2061,0.2061,1,1.0
2024-05-13 11:00,0.2006,0.2006,0.2006,1,1.0
2024-05-13 14:00,0.1921,0.1921,0.1921,1,1.0
2024-05-13 17:00,0.1882,0.1882,0.1882,1,1.0
2024-05-13 20:00,0.1895,0.1895,0.1895,1,1.0
2024-05-13 23:00,0.1918,0.1918,0.1918,1,1.0
2024-05-14 02:00,0.194,0.194,0.194,1,1.0
2024-05-14 05:00,0.1959,0.1959,0.1959,1,1.0
2024-05-14 08:00,0.1954,0.1954,0.1954,1,1.0
2024-05-14 11:00,0.1881,0.1881,0.1881,1,1.0
2024-05-14 14:00,0.179,0.179,0.179,1,1.0
2024-05-14 17:00,0.1747,0.1747,0.1747,1,1.0
2024-05-14 20:00,0.176,0.176,0.176,1,1.0
2024-05-14 23:00,0.1784,0.1784,0.1784,1,1.0
2024-05-15 02:00,0.181,0.181,0.181,1,1.0
2024-05-15 05:00,0.1832,0.1832,0.1832,1,1.0
2024-05-15 08:00,0.1628,0.1628,0.1628,1,1.0
2024-05-15 11:00,0.1588,0.1588,0.1588,1,1.0
2024-05-15 14:00,0.1535,0.1535,0.1535,1,1.0
2024-05-15 17:00,0.1518,0.1518,0.1518,1,1.0
2024-05-15 20:00,0.1486,0.1486,0.1486,1,1.0
2024-05-15 23:00,0.1562,0.1562,0.1562,1,1.0
2024-05-16 02:00,0.16,0.16,0.16,1,1.0
2024-05-16 05:00,0.1623,0.1623,0.1623,1,1.0
2024-05-16 08:00,0.1631,0.1631,0.1631,1,1.0
2024-05-16 11:00,0.1594,0.1594,0.1594,1,1.0
2024-05-16 14:00,0.1534,0.1534,0.1534,1,1.0
2024-05-16 17:00,0.1513,0.1513,0.1513,1,1.0
2024-05-16 20:00,0.1535,0.1535,0.1535,1,1.0
2024-05-16 23:00,0.1562,0.1562,0.1562,1,1.0
2024-05-17 02:00,0.1591,0.1591,0.1591,1,1.0
2024-05-17 05:00,0.1617,0.1617,0.1617,1,1.0
2024-05-17 08:00,0.1546,0.1546,0.1546,1,1.0
2024-05-17 11:00,0.1505,0.1505,0.1505,1,1.0
2024-05-17 14:00,0.145,0.145,0.145,1,1.0
2024-05-17 17:00,0.1416,0.1416,0.1416,1,1.0
2024-05-17 20:00,0.1431,0.1431,0.1431,1,1.0
2024-05-17 23:00,0.1457,0.1457,0.1457,1,1.0
2024-05-18 02:00,0.1612,0.1612,0.1612,1,1.0
2024-05-18 05:00,0.1751,0.1751,0.1751,1,1.0
2024-05-18 08:00,0.1623,0.1623,0.1623,1,1.0
2024-05-18 11:00,0.1623,0.1623,0.1623,1,1.0
2024-05-18 14:00,0.2499,0.2499,0.2499,1,1.0
2024-05-18 17:00,0.2881,0.2881,0.2881,1,1.0
2024-05-18 20:00,0.2622,0.2622,0.2622,1,1.0
2024-05-18 23:00,0.2554,0.2554,0.2554,1,1.0
2024-05-19 02:00,0.252,0.252,0.252,1,1.0
2024-05-19 05:00,0.2497,0.2497,0.2497,1,1.0
2024-05-19 08:00,0.2456,0.2456,0.2456,1,1.0
2024-05-19 11:00,0.2364,0.2364,0.2364,1,1.0
2024-05-19 14:00,0.2299,0.2299,0.2299,1,1.0
2024-05-19 17:00,0.2264,0.2264,0.2264,1,1.0
2024-05-19 20:00,0.2259,0.2259,0.2259,1,1.0
2024-05-19 23:00,0.2264,0.2264,0.2264,1,1.0
2024-05-20 02:00,0.2268,0.2268,0.2268,1,1.0
2024-05-20 05:00,0.2269,0.2269,0.2269,1,1.0
2024-05-20 08:00,0.22,0.22,0.22,1,1.0
2024-05-20 11:00,0.2125,0.2125,0.2125,1,1.0
2024-05-20 14:00,0.2005,0.2005,0.2005,1,1.0
2024-05-20 17:00,0.1958,0.1958,0.1958,1,1.0
2024-05-20 20:00,0.1962,0.1962,0.1962,1,1.0
2024-05-20 23:00,0.1977,0.1977,0.1977,1,1.0
2024-05-21 02:00,0.1993,0.1993,0.1993,1,1.0
2024-05-21 05:00,0.2008,0.2008,0.2008,1,1.0
2024-05-21 08:00,0.2015,0.2015,0.2015,1,1.0
2024-05-21 11:00,0.1982,0.1982,0.1982,1,1.0
2024-05-21 14:00,0.1913,0.1913,0.1913,1,1.0
2024-05-21 17:00,0.1887,0.1887,0.1887,1,1.0
2024-05-21 20:00,0.1898,0.1898,0.1898,1,1.0
2024-05-21 23:00,0.1917,0.1917,0.1917,1,1.0
2024-05-22 02:00,0.1932,0.1932,0.1932,1,1.0
2024-05-22 05:00,0.1947,0.1947,0.1947,1,1.0
2024-05-22 08:00,0.194,0.194,0.194,1,1.0
2024-05-22 11:00,0.1878,0.1878,0.1878,1,1.0
2024-05-22 14:00,0.1811,0.1811,0.1811,1,1.0
2024-05-22 17:00,0.1777,0.1777,0.1777,1,1.0
2024-05-22 20:00,0.1787,0.1787,0.1787,1,1.0
2024-05-22 23:00,0.1805,0.1805,0.1805,1,1.0
2024-05-23 02:00,0.182,0.182,0.182,1,1.0
2024-05-23 05:00,0.1835,0.1835,0.1835,1,1.0
2024-05-23 08:00,0.1788,0.1788,0.1788,1,1.0
2024-05-23 11:00,0.1733,0.1733,0.1733,1,1.0
2024-05-23 14:00,0.1667,0.1667,0.1667,1,1.0
2024-05-23 17:00,0.1629,0.1629,0.1629,1,1.0
2024-05-23 20:00,0.1657,0.1657,0.1657,1,1.0
2024-05-23 23:00,0.1677,0.1677,0.1677,1,1.0
2024-05-24 02:00,0.1732,0.1732,0.1732,1,1.0
2024-05-24 05:00,0.1782,0.1782,0.1782,1,1.0
2024-05-24 08:00,0.1772,0.1772,0.1772,1,1.0
2024-05-24 11:00,0.1702,0.1702,0.1702,1,1.0
2024-05-24 14:00,0.1614,0.1614,0.1614,1,1.0
2024-05-24 17:00,0.1572,0.1572,0.1572,1,1.0
2024-05-24 20:00,0.1578,0.1578,0.1578,1,1.0
2024-05-24 23:00,0.159,0.159,0.159,1,1.0
2024-05-25 02:00,0.1601,0.1601,0.1601,1,1.0
2024-05-25 05:00,0.1615,0.1615,0.1615,1,1.0
2024-05-25 08:00,0.1702,0.1702,0.1702,1,1.0
2024-05-25 11:00,0.1639,0.1639,0.1639,1,1.0
2024-05-25 14:00,0.1874,0.1874,0.1874,1,1.0
2024-05-25 17:00,0.2135,0.2135,0.2135,1,1.0
2024-05-25 20:00,0.214,0.214,0.214,1,1.0
2024-05-25 23:00,0.2147,0.2147,0.2147,1,1.0
2024-05-26 02:00,0.213,0.213,0.213,1,1.0
2024-05-26 05:00,0.2118,0.2118,0.2118,1,1.0
2024-05-26 08:00,0.1961,0.1961,0.1961,1,1.0
2024-05-26 11:00,0.1863,0.1863,0.1863,1,1.0
2024-05-26 14:00,0.1753,0.1753,0.1753,1,1.0
2024-05-26 17:00,0.1699,0.1699,0.1699,1,1.0
2024-05-26 20:00,0.167,0.167,0.167,1,1.0
2024-05-26 23:00,0.1686,0.1686,0.1686,1,1.0
2024-05-27 02:00,0.1702,0.1702,0.1702,1,1.0
2024-05-27 05:00,0.1718,0.1718,0.1718,1,1.0
2024-05-27 08:00,0.1709,0.1709,0.1709,1,1.0
2024-05-27 11:00,0.1644,0.1644,0.1644,1,1.0
2024-05-27 14:00,0.1596,0.1596,0.1596,1,1.0
2024-05-27 17:00,0.1584,0.1584,0.1584,1,1.0
2024-05-27 20:00,0.1602,0.1602,0.1602,1,1.0
2024-05-27 23:00,0.162,0.162,0.162,1,1.0
2024-05-28 02:00,0.1638,0.1638,0.1638,1,1.0
2024-05-28 05:00,0.1659,0.1659,0.1659,1,1.0
2024-05-28 08:00,0.167,0.167,0.167,1,1.0
2024-05-28 11:00,0.1646,0.1646,0.1646,1,1.0
2024-05-28 14:00,0.1649,0.1649,0.1649,1,1.0
2024-05-28 17:00,0.165,0.165,0.165,1,1.0
2024-05-28 20:00,0.166,0.166,0.166,1,1.0
2024-05-28 23:00,0.1675,0.1675,0.1675,1,1.0
2024-05-29 02:00,0.169,0.169,0.169,1,1.0
2024-05-29 05:00,0.1703,0.1703,0.1703,1,1.0
2024-05-29 08:00,0.1691,0.1691,0.1691,1,1.0
2024-05-29 11:00,0.162,0.162,0.162,1,1.0
2024-05-29 14:00,0.1569,0.1569,0.1569,1,1.0
2024-05-29 17:00,0.1589,0.1589,0.1589,1,1.0
2024-05-29 20:00,0.1617,0.1617,0.1617,1,1.0
2024-05-29 23:00,0.1627,0.1627,0.1627,1,1.0
2024-05-30 02:00,0.1637,0.1637,0.1637,1,1.0
2024-05-30 05:00,0.1649,0.1649,0.1649,1,1.0
2024-05-30 08:00,0.1644,0.1644,0.1644,1,1.0
2024-05-30 11:00,0.1588,0.1588,0.1588,1,1.0
2024-05-30 14:00,0.1527,0.1527,0.1527,1,1.0
2024-05-30 17:00,0.1508,0.1508,0.1508,1,1.0
2024-05-30 20:00,0.1521,0.1521,0.1521,1,1.0
2024-05-30 23:00,0.1544,0.1544,0.1544,1,1.0
2024-05-31 02:00,0.1567,0.1567,0.1567,1,1.0
2024-05-31 05:00,0.1579,0.1579,0.1579,1,1.0
2024-05-31 08:00,0.157,0.157,0.157,1,1.0
2024-05-31 11:00,0.1567,0.1567,0.1567,1,1.0
2024-05-31 14:00,0.159,0.159,0.159,1,1.0
2024-05-31 17:00,0.1616,0.1616,0.1616,1,1.0
2024-05-31 20:00,0.1633,0.1633,0.1633,1,1.0
2024-05-31 23:00,0.1649,0.1649,0.1649,1,1.0
2024-06-01 02:00,0.1665,0.1665,0.1665,1,1.0
2024-06-01 05:00,0.1678,0.1678,0.1678,1,1.0
2024-06-01 08:00,0.1694,0.1694,0.1694,1,1.0
2024-06-01 11:00,0.1701,0.1701,0.1701,1,1.0
2024-06-01 14:00,0.1743,0.1743,0.1743,1,1.0
2024-06-01 17:00,0.176,0.176,0.176,1,1.0
2024-06-01 20:00,0.1764,0.1764,0.1764,1,1.0
2024-06-01 23:00,0.1776,0.1776,0.1776,1,1.0
2024-06-02 02:00,0.1775,0.1775,0.1775,1,1.0
2024-06-02 05:00,0.1773,0.1773,0.1773,1,1.0
2024-06-02 08:00,0.1745,0.1745,0.1745,1,1.0
2024-06-02 11:00,0.1671,0.1671,0.1671,1,1.0
2024-06-02 14:00,0.1597,0.1597,0.1597,1,1.0
2024-06-02 17:00,0.1571,0.1571,0.1571,1,1.0
2024-06-02 20:00,0.1568,0.1568,0.1568,1,1.0
2024-06-02 23:00,0.1583,0.1583,0.1583,1,1.0
2024-06-03 02:00,0.1611,0.1611,0.1611,1,1.0
2024-06-03 05:00,0.1622,0.1622,0.1622,1,1.0
2024-06-03 08:00,0.1575,0.1575,0.1575,1,1.0
2024-06-03 11:00,0.152,0.152,0.152,1,1.0
2024-06-03 14:00,0.1452,0.1452,0.1452,1,1.0
2024-06-03 17:00,0.1421,0.1421,0.1421,1,1.0
2024-06-03 20:00,0.1432,0.1432,0.1432,1,1.0
2024-06-03 23:00,0.145,0.145,0.145,1,1.0
2024-06-04 02:00,0.1464,0.1464,0.1464,1,1.0
2024-06-04 05:00,0.1485,0.1485,0.1485,1,1.0
2024-06-04 08:00,0.1486,0.1486,0.1486,1,1.0
2024-06-04 11:00,0.1435,0.1435,0.1435,1,1.0
2024-06-04 14:00,0.137,0.137,0.137,1,1.0
2024-06-04 17:00,0.1339,0.1339,0.1339,1,1.0
2024-06-04 20:00,0.135,0.135,0.135,1,1.0
2024-06-04 23:00,0.1374,0.1374,0.1374,1,1.0
2024-06-05 02:00,0.1431,0.1431,0.1431,1,1.0
2024-06-05 05:00,0.1453,0.1453,0.1453,1,1.0
2024-06-05 08:00,0.1319,0.1319,0.1319,1,1.0
2024-06-05 11:00,0.1273,0.1273,0.1273,1,1.0
2024-06-05 14:00,0.1218,0.1218,0.1218,1,1.0
2024-06-05 17:00,0.1288,0.1288,0.1288,1,1.0
2024-06-05 20:00,0.1298,0.1298,0.1298,1,1.0
2024-06-05 23:00,0.1321,0.1321,0.1321,1,1.0
2024-06-06 02:00,0.1343,0.1343,0.1343,1,1.0
2024-06-06 05:00,0.1361,0.1361,0.1361,1,1.0
2024-06-06 08:00,0.1359,0.1359,0.1359,1,1.0
2024-06-06 11:00,0.1316,0.1316,0.1316,1,1.0
2024-06-06 14:00,0.1261,0.1261,0.1261,1,1.0
2024-06-06 17:00,0.1236,0.1236,0.1236,1,1.0
2024-06-06 20:00,0.124,0.124,0.124,1,1.0
2024-06-06 23:00,0.1249,0.1249,0.1249,1,1.0
2024-06-07 02:00,0.1258,0.1258,0.1258,1,1.0
2024-06-07 05:00,0.1269,0.1269,0.1269,1,1.0
2024-06-07 08:00,0.1273,0.1273,0.1273,1,1.0
2024-06-07 11:00,0.123,0.123,0.123,1,1.0
2024-06-07 14:00,0.1183,0.1183,0.1183,1,1.0
2024-06-07 17:00,0.116,0.116,0.116,1,1.0
2024-06-07 20:00,0.117,0.117,0.117,1,1.0
2024-06-07 23:00,0.1189,0.1189,0.1189,1,1.0
2024-06-08 02:00,0.1202,0.1202,0.1202,1,1.0
2024-06-08 05:00,0.1215,0.1215,0.1215,1,1.0
2024-06-08 08:00,0.1215,0.1215,0.1215,1,1.0
2024-06-08 11:00,0.1171,0.1171,0.1171,1,1.0
2024-06-08 14:00,0.1111,0.1111,0.1111,1,1.0
2024-06-08 17:00,0.1086,0.1086,0.1086,1,1.0
2024-06-08 20:00,0.1145,0.1145,0.1145,1,1.0
2024-06-08 23:00,0.1158,0.1158,0.1158,1,1.0
2024-06-09 02:00,0.1171,0.1171,0.1171,1,1.0
2024-06-09 05:00,0.1185,0.1185,0.1185,1,1.0
2024-06-09 08:00,0.1198,0.1198,0.1198,1,1.0
2024-06-09 11:00,0.1188,0.1188,0.1188,1,1.0
2024-06-09 14:00,0.1163,0.1163,0.1163,1,1.0
2024-06-09 17:00,0.114,0.114,0.114,1,1.0
2024-06-09 20:00,0.1149,0.1149,0.1149,1,1.0
2024-06-09 23:00,0.1163,0.1163,0.1163,1,1.0
2024-06-10 02:00,0.1182,0.1182,0.1182,1,1.0
2024-06-10 05:00,0.1196,0.1196,0.1196,1,1.0
2024-06-10 08:00,0.1219,0.1219,0.1219,1,1.0
2024-06-10 11:00,0.1215,0.1215,0.1215,1,1.0
2024-06-10 14:00,0.1185,0.1185,0.1185,1,1.0
2024-06-10 17:00,0.1195,0.1195,0.1195,1,1.0
2024-06-10 20:00,0.1205,0.1205,0.1205,1,1.0
2024-06-10 23:00,0.1222,0.1222,0.1222,1,1.0
2024-06-11 02:00,0.1243,0.1243,0.1243,1,1.0
2024-06-11 05:00,0.1267,0.1267,0.1267,1,1.0
2024-06-11 08:00,0.1073,0.1073,0.1073,1,1.0
2024-06-11 11:00,0.1082,0.1082,0.1082,1,1.0
2024-06-11 14:00,0.1059,0.1059,0.1059,1,1.0
2024-06-11 17:00,0.1047,0.1047,0.1047,1,1.0
2024-06-11 20:00,0.1009,0.1009,0.1009,1,1.0
2024-06-11 23:00,0.1028,0.1028,0.1028,1,1.0
2024-06-12 02:00,0.1061,0.1061,0.1061,1,1.0
2024-06-12 05:00,0.1097,0.1097,0.1097,1,1.0
2024-06-12 08:00,0.1104,0.1104,0.1104,1,1.0
2024-06-12 11:00,0.1062,0.1062,0.1062,1,1.0
2024-06-12 14:00,0.1011,0.1011,0.1011,1,1.0
2024-06-12 17:00,0.098,0.098,0.098,1,1.0
2024-06-12 20:00,0.0985,0.0985,0.0985,1,1.0
2024-06-12 23:00,0.0999,0.0999,0.0999,1,1.0
2024-06-13 02:00,0.1017,0.1017,0.1017,1,1.0
2024-06-13 05:00,0.104,0.104,0.104,1,1.0
2024-06-13 08:00,0.1087,0.1087,0.1087,1,1.0
2024-06-13 11:00,0.1051,0.1051,0.1051,1,1.0
2024-06-13 14:00,0.1012,0.1012,0.1012,1,1.0
2024-06-13 17:00,0.0983,0.0983,0.0983,1,1.0
2024-06-13 20:00,0.0989,0.0989,0.0989,1,1.0
2024-06-13 23:00,0.1007,0.1007,0.1007,1,1.0
2024-06-14 02:00,0.1027,0.1027,0.1027,1,1.0
2024-06-14 05:00,0.1045,0.1045,0.1045,1,1.0
2024-06-14 08:00,0.1055,0.1055,0.1055,1,1.0
2024-06-14 11:00,0.1024,0.1024,0.1024,1,1.0
2024-06-14 14:00,0.0985,0.0985,0.0985,1,1.0
2024-06-14 17:00,0.0963,0.0963,0.0963,1,1.0
2024-06-14 20:00,0.0964,0.0964,0.0964,1,1.0
2024-06-14 23:00,0.0982,0.0982,0.0982,1,1.0
2024-06-15 02:00,0.0999,0.0999,0.0999,1,1.0
2024-06-15 05:00,0.1012,0.1012,0.1012,1,1.0
2024-06-15 08:00,0.1017,0.1017,0.1017,1,1.0
2024-06-15 11:00,0.099,0.099,0.099,1,1.0
2024-06-15 14:00,0.0947,0.0947,0.0947,1,1.0
2024-06-15 17:00,0.0916,0.0916,0.0916,1,1.0
2024-06-15 20:00,0.0918,0.0918,0.0918,1,1.0
2024-06-15 23:00,0.0932,0.0932,0.0932,1,1.0
2024-06-16 02:00,0.111,0.111,0.111,1,1.0
2024-06-16 05:00,0.1265,0.1265,0.1265,1,1.0
2024-06-16 08:00,0.1315,0.1315,0.1315,1,1.0
2024-06-16 11:00,0.1229,0.1229,0.1229,1,1.0
2024-06-16 14:00,0.1138,0.1138,0.1138,1,1.0
2024-06-16 17:00,0.1107,0.1107,0.1107,1,1.0
2024-06-16 20:00,0.1126,0.1126,0.1126,1,1.0
2024-06-16 23:00,0.1136,0.1136,0.1136,1,1.0
2024-06-17 02:00,0.1144,0.1144,0.1144,1,1.0
2024-06-17 05:00,0.1154,0.1154,0.1154,1,1.0
2024-06-17 08:00,0.1147,0.1147,0.1147,1,1.0
2024-06-17 11:00,0.1093,0.1093,0.1093,1,1.0
2024-06-17 14:00,0.1034,0.1034,0.1034,1,1.0
2024-06-17 17:00,0.0998,0.0998,0.0998,1,1.0
2024-06-17 20:00,0.1002,0.1002,0.1002,1,1.0
2024-06-17 23:00,0.1019,0.1019,0.1019,1,1.0
2024-06-18 02:00,0.1031,0.1031,0.1031,1,1.0
2024-06-18 05:00,0.1045,0.1045,0.1045,1,1.0
2024-06-18 08:00,0.1049,0.1049,0.1049,1,1.0
2024-06-18 11:00,0.1003,0.1003,0.1003,1,1.0
2024-06-18 14:00,0.0943,0.0943,0.0943,1,1.0
2024-06-18 17:00,0.0951,0.0951,0.0951,1,1.0
2024-06-18 20:00,0.0952,0.0952,0.0952,1,1.0
2024-06-18 23:00,0.0961,0.0961,0.0961,1,1.0
2024-06-19 02:00,0.0987,0.0987,0.0987,1,1.0
2024-06-19 05:00,0.1048,0.1048,0.1048,1,1.0
2024-06-19 08:00,0.0895,0.0895,0.0895,1,1.0
2024-06-19 11:00,0.0861,0.0861,0.0861,1,1.0
2024-06-19 14:00,0.0822,0.0822,0.0822,1,1.0
2024-06-19 17:00,0.0811,0.0811,0.0811,1,1.0
2024-06-19 20:00,0.082,0.082,0.082,1,1.0
2024-06-19 23:00,0.0819,0.0819,0.0819,1,1.0
2024-06-20 02:00,0.0819,0.0819,0.0819,1,1.0
2024-06-20 05:00,0.0821,0.0821,0.0821,1,1.0
2024-06-20 08:00,0.0812,0.0812,0.0812,1,1.0
2024-06-20 11:00,0.0785,0.0785,0.0785,1,1.0
2024-06-20 14:00,0.0743,0.0743,0.0743,1,1.0
2024-06-20 17:00,0.0718,0.0718,0.0718,1,1.0
2024-06-20 20:00,0.0721,0.0721,0.0721,1,1.0
2024-06-20 23:00,0.0736,0.0736,0.0736,1,1.0
2024-06-21 02:00,0.0759,0.0759,0.0759,1,1.0
2024-06-21 05:00,0.0786,0.0786,0.0786,1,1.0
2024-06-21 08:00,0.0824,0.0824,0.0824,1,1.0
2024-06-21 11:00,0.0782,0.0782,0.0782,1,1.0
2024-06-21 14:00,0.0725,0.0725,0.0725,1,1.0
2024-06-21 17:00,0.0719,0.0719,0.0719,1,1.0
2024-06-21 20:00,0.0733,0.0733,0.0733,1,1.0
2024-06-21 23:00,0.0757,0.0757,0.0757,1,1.0
2024-06-22 02:00,0.0779,0.0779,0.0779,1,1.0
2024-06-22 05:00,0.0798,0.0798,0.0798,1,1.0
2024-06-22 08:00,0.08,0.08,0.08,1,1.0
2024-06-22 11:00,0.0781,0.0781,0.0781,1,1.0
2024-06-22 14:00,0.0755,0.0755,0.0755,1,1.0
2024-06-22 17:00,0.0743,0.0743,0.0743,1,1.0
2024-06-22 20:00,0.0757,0.0757,0.0757,1,1.0
2024-06-22 23:00,0.0781,0.0781,0.0781,1,1.0
2024-06-23 02:00,0.0798,0.0798,0.0798,1,1.0
2024-06-23 05:00,0.0812,0.0812,0.0812,1,1.0
2024-06-23 08:00,0.0814,0.0814,0.0814,1,1.0
2024-06-23 11:00,0.0795,0.0795,0.0795,1,1.0
2024-06-23 14:00,0.0775,0.0775,0.0775,1,1.0
2024-06-23 17:00,0.0779,0.0779,0.0779,1,1.0
2024-06-23 20:00,0.0789,0.0789,0.0789,1,1.0
2024-06-23 23:00,0.08,0.08,0.08,1,1.0
2024-06-24 02:00,0.0814,0.0814,0.0814,1,1.0
2024-06-24 05:00,0.083,0.083,0.083,1,1.0
2024-06-24 08:00,0.0672,0.0672,0.0672,1,1.0
2024-06-24 11:00,0.0664,0.0664,0.0664,1,1.0
2024-06-24 14:00,0.0649,0.0649,0.0649,1,1.0
2024-06-24 17:00,0.0661,0.0661,0.0661,1,1.0
2024-06-24 20:00,0.0663,0.0663,0.0663,1,1.0
2024-06-24 23:00,0.0682,0.0682,0.0682,1,1.0
2024-06-25 02:00,0.0701,0.0701,0.0701,1,1.0
2024-06-25 05:00,0.0727,0.0727,0.0727,1,1.0
2024-06-25 08:00,0.0744,0.0744,0.0744,1,1.0
2024-06-25 11:00,0.1143,0.1143,0.1143,1,1.0
2024-06-25 14:00,0.1944,0.1944,0.1944,1,1.0
2024-06-25 17:00,0.177,0.177,0.177,1,1.0
2024-06-25 20:00,0.1836,0.1836,0.1836,1,1.0
2024-06-25 23:00,0.1854,0.1854,0.1854,1,1.0
2024-06-26 02:00,0.1838,0.1838,0.1838,1,1.0
2024-06-26 05:00,0.1753,0.1753,0.1753,1,1.0
2024-06-26 08:00,0.1681,0.1681,0.1681,1,1.0
2024-06-26 11:00,0.1578,0.1578,0.1578,1,1.0
2024-06-26 14:00,0.1476,0.1476,0.1476,1,1.0
2024-06-26 17:00,0.1404,0.1404,0.1404,1,1.0
2024-06-26 20:00,0.1392,0.1392,0.1392,1,1.0
2024-06-26 23:00,0.1393,0.1393,0.1393,1,1.0
2024-06-27 02:00,0.1394,0.1394,0.1394,1,1.0
2024-06-27 05:00,0.1389,0.1389,0.1389,1,1.0
2024-06-27 08:00,0.1246,0.1246,0.1246,1,1.0
2024-06-27 11:00,0.1205,0.1205,0.1205,1,1.0
2024-06-27 14:00,0.1156,0.1156,0.1156,1,1.0
2024-06-27 17:00,0.1131,0.1131,0.1131,1,1.0
2024-06-27 20:00,0.1174,0.1174,0.1174,1,1.0
2024-06-27 23:00,0.1182,0.1182,0.1182,1,1.0
2024-06-28 02:00,0.1183,0.1183,0.1183,1,1.0
2024-06-28 05:00,0.1185,0.1185,0.1185,1,1.0
2024-06-28 08:00,0.1173,0.1173,0.1173,1,1.0
2024-06-28 11:00,0.111,0.111,0.111,1,1.0
2024-06-28 14:00,0.1022,0.1022,0.1022,1,1.0
2024-06-28 17:00,0.0976,0.0976,0.0976,1,1.0
2024-06-28 20:00,0.0974,0.0974,0.0974,1,1.0
2024-06-28 23:00,0.0977,0.0977,0.0977,1,1.0
2024-06-29 02:00,0.098,0.098,0.098,1,1.0
2024-06-29 05:00,0.0988,0.0988,0.0988,1,1.0
2024-06-29 08:00,0.105,0.105,0.105,1,1.0
2024-06-29 11:00,0.0986,0.0986,0.0986,1,1.0
2024-06-29 14:00,0.0916,0.0916,0.0916,1,1.0
2024-06-29 17:00,0.0877,0.0877,0.0877,1,1.0
2024-06-29 20:00,0.0883,0.0883,0.0883,1,1.0
2024-06-29 23:00,0.0896,0.0896,0.0896,1,1.0
2024-06-30 02:00,0.0908,0.0908,0.0908,1,1.0
2024-06-30 05:00,0.0914,0.0914,0.0914,1,1.0
2024-06-30 08:00,0.0903,0.0903,0.0903,1,1.0
2024-06-30 11:00,0.0864,0.0864,0.0864,1,1.0
2024-06-30 14:00,0.082,0.082,0.082,1,1.0
2024-06-30 17:00,0.0799,0.0799,0.0799,1,1.0
2024-06-30 20:00,0.0807,0.0807,0.0807,1,1.0
2024-06-30 23:00,0.0822,0.0822,0.0822,1,1.0
2024-07-01 02:00,0.0832,0.0832,0.0832,1,1.0
2024-07-01 05:00,0.0849,0.0849,0.0849,1,1.0
2024-07-01 08:00,0.0854,0.0854,0.0854,1,1.0
2024-07-01 11:00,0.0825,0.0825,0.0825,1,1.0
2024-07-01 14:00,0.0822,0.0822,0.0822,1,1.0
2024-07-01 17:00,0.0839,0.0839,0.0839,1,1.0
2024-07-01 20:00,0.0849,0.0849,0.0849,1,1.0
2024-07-01 23:00,0.0863,0.0863,0.0863,1,1.0
2024-07-02 02:00,0.0878,0.0878,0.0878,1,1.0
2024-07-02 05:00,0.0891,0.0891,0.0891,1,1.0
2024-07-02 08:00,0.0903,0.0903,0.0903,1,1.0
2024-07-02 11:00,0.0883,0.0883,0.0883,1,1.0
2024-07-02 14:00,0.085,0.085,0.085,1,1.0
2024-07-02 17:00,0.083,0.083,0.083,1,1.0
2024-07-02 20:00,0.0927,0.0927,0.0927,1,1.0
2024-07-02 23:00,0.0939,0.0939,0.0939,1,1.0
2024-07-03 02:00,0.0958,0.0958,0.0958,1,1.0
2024-07-03 05:00,0.0974,0.0974,0.0974,1,1.0
2024-07-03 08:00,0.0975,0.0975,0.0975,1,1.0
2024-07-03 11:00,0.096,0.096,0.096,1,1.0
2024-07-03 14:00,0.0996,0.0996,0.0996,1,1.0
2024-07-03 17:00,0.1089,0.1089,0.1089,1,1.0
2024-07-03 20:00,0.1197,0.1197,0.1197,1,1.0
2024-07-03 23:00,0.1227,0.1227,0.1227,1,1.0
2024-07-04 02:00,0.1221,0.1221,0.1221,1,1.0
2024-07-04 05:00,0.1217,0.1217,0.1217,1,1.0
2024-07-04 08:00,0.1237,0.1237,0.1237,1,1.0
2024-07-04 11:00,0.119,0.119,0.119,1,1.0
2024-07-04 14:00,0.1146,0.1146,0.1146,1,1.0
2024-07-04 17:00,0.1127,0.1127,0.1127,1,1.0
2024-07-04 20:00,0.1126,0.1126,0.1126,1,1.0
2024-07-04 23:00,0.1128,0.1128,0.1128,1,1.0
2024-07-05 02:00,0.1128,0.1128,0.1128,1,1.0
2024-07-05 05:00,0.1128,0.1128,0.1128,1,1.0
2024-07-05 08:00,0.1073,0.1073,0.1073,1,1.0
2024-07-05 11:00,0.1026,0.1026,0.1026,1,1.0
2024-07-05 14:00,0.0977,0.0977,0.0977,1,1.0
2024-07-05 17:00,0.0954,0.0954,0.0954,1,1.0
2024-07-05 20:00,0.0938,0.0938,0.0938,1,1.0
2024-07-05 23:00,0.0946,0.0946,0.0946,1,1.0
2024-07-06 02:00,0.0953,0.0953,0.0953,1,1.0
2024-07-06 05:00,0.0963,0.0963,0.0963,1,1.0
2024-07-06 08:00,0.0962,0.0962,0.0962,1,1.0
2024-07-06 11:00,0.0932,0.0932,0.0932,1,1.0
2024-07-06 14:00,0.0886,0.0886,0.0886,1,1.0
2024-07-06 17:00,0.0854,0.0854,0.0854,1,1.0
2024-07-06 20:00,0.0852,0.0852,0.0852,1,1.0
2024-07-06 23:00,0.0857,0.0857,0.0857,1,1.0
2024-07-07 02:00,0.0867,0.0867,0.0867,1,1.0
2024-07-07 05:00,0.0877,0.0877,0.0877,1,1.0
2024-07-07 08:00,0.0892,0.0892,0.0892,1,1.0
2024-07-07 11:00,0.0861,0.0861,0.0861,1,1.0
2024-07-07 14:00,0.0823,0.0823,0.0823,1,1.0
2024-07-07 17:00,0.0804,0.0804,0.0804,1,1.0
2024-07-07 20:00,0.0805,0.0805,0.0805,1,1.0
2024-07-07 23:00,0.0818,0.0818,0.0818,1,1.0
2024-07-08 02:00,0.0834,0.0834,0.0834,1,1.0
2024-07-08 05:00,0.0847,0.0847,0.0847,1,1.0
2024-07-08 08:00,0.0849,0.0849,0.0849,1,1.0
2024-07-08 11:00,0.0823,0.0823,0.0823,1,1.0
2024-07-08 14:00,0.0784,0.0784,0.0784,1,1.0
2024-07-08 17:00,0.0761,0.0761,0.0761,1,1.0
2024-07-08 20:00,0.0764,0.0764,0.0764,1,1.0
2024-07-08 23:00,0.0777,0.0777,0.0777,1,1.0
2024-07-09 02:00,0.0791,0.0791,0.0791,1,1.0
2024-07-09 05:00,0.0806,0.0806,0.0806,1,1.0
2024-07-09 08:00,0.0802,0.0802,0.0802,1,1.0
2024-07-09 11:00,0.0768,0.0768,0.0768,1,1.0
2024-07-09 14:00,0.0733,0.0733,0.0733,1,1.0
2024-07-09 17:00,0.0715,0.0715,0.0715,1,1.0
2024-07-09 20:00,0.0718,0.0718,0.0718,1,1.0
2024-07-09 23:00,0.0725,0.0725,0.0725,1,1.0
2024-07-10 02:00,0.0739,0.0739,0.0739,1,1.0
2024-07-10 05:00,0.0752,0.0752,0.0752,1,1.0
2024-07-10 08:00,0.0633,0.0633,0.0633,1,1.0
2024-07-10 11:00,0.0619,0.0619,0.0619,1,1.0
2024-07-10 14:00,0.0589,0.0589,0.0589,1,1.0
2024-07-10 17:00,0.0581,0.0581,0.0581,1,1.0
2024-07-10 20:00,0.0544,0.0544,0.0544,1,1.0
2024-07-10 23:00,0.0558,0.0558,0.0558,1,1.0
2024-07-11 02:00,0.0575,0.0575,0.0575,1,1.0
2024-07-11 05:00,0.0583,0.0583,0.0583,1,1.0
2024-07-11 08:00,0.0579,0.0579,0.0579,1,1.0
2024-07-11 11:00,0.0561,0.0561,0.0561,1,1.0
2024-07-11 14:00,0.054,0.054,0.054,1,1.0
2024-07-11 17:00,0.0531,0.0531,0.0531,1,1.0
2024-07-11 20:00,0.0539,0.0539,0.0539,1,1.0
2024-07-11 23:00,0.0551,0.0551,0.0551,1,1.0
2024-07-12 02:00,0.056,0.056,0.056,1,1.0
2024-07-12 05:00,0.0576,0.0576,0.0576,1,1.0
2024-07-12 08:00,0.0565,0.0565,0.0565,1,1.0
2024-07-12 11:00,0.0557,0.0557,0.0557,1,1.0
2024-07-12 14:00,0.0548,0.0548,0.0548,1,1.0
2024-07-12 17:00,0.0608,0.0608,0.0608,1,1.0
2024-07-12 20:00,0.0609,0.0609,0.0609,1,1.0
2024-07-12 23:00,0.0623,0.0623,0.0623,1,1.0
2024-07-13 02:00,0.0639,0.0639,0.0639,1,1.0
2024-07-13 05:00,0.0656,0.0656,0.0656,1,1.0
2024-07-13 08:00,0.0632,0.0632,0.0632,1,1.0
2024-07-13 11:00,0.0609,0.0609,0.0609,1,1.0
2024-07-13 14:00,0.0581,0.0581,0.0581,1,1.0
2024-07-13 17:00,0.0569,0.0569,0.0569,1,1.0
2024-07-13 20:00,0.059,0.059,0.059,1,1.0
2024-07-13 23:00,0.0601,0.0601,0.0601,1,1.0
2024-07-14 02:00,0.0614,0.0614,0.0614,1,1.0
2024-07-14 05:00,0.062,0.062,0.062,1,1.0
2024-07-14 08:00,0.0622,0.0622,0.0622,1,1.0
2024-07-14 11:00,0.0598,0.0598,0.0598,1,1.0
2024-07-14 14:00,0.0577,0.0577,0.0577,1,1.0
2024-07-14 17:00,0.0571,0.0571,0.0571,1,1.0
2024-07-14 20:00,0.0582,0.0582,0.0582,1,1.0
2024-07-14 23:00,0.0594,0.0594,0.0594,1,1.0
2024-07-15 02:00,0.0601,0.0601,0.0601,1,1.0
2024-07-15 05:00,0.0619,0.0619,0.0619,1,1.0
2024-07-15 08:00,0.0637,0.0637,0.0637,1,1.0
2024-07-15 11:00,0.0608,0.0608,0.0608,1,1.0
2024-07-15 14:00,0.0566,0.0566,0.0566,1,1.0
2024-07-15 17:00,0.0553,0.0553,0.0553,1,1.0
2024-07-15 20:00,0.0556,0.0556,0.0556,1,1.0
2024-07-15 23:00,0.0565,0.0565,0.0565,1,1.0
2024-07-16 02:00,0.0576,0.0576,0.0576,1,1.0
2024-07-16 05:00,0.0588,0.0588,0.0588,1,1.0
2024-07-16 08:00,0.0601,0.0601,0.0601,1,1.0
2024-07-16 11:00,0.0591,0.0591,0.0591,1,1.0
2024-07-16 14:00,0.0568,0.0568,0.0568,1,1.0
2024-07-16 17:00,0.0544,0.0544,0.0544,1,1.0
2024-07-16 20:00,0.0547,0.0547,0.0547,1,1.0
2024-07-16 23:00,0.0565,0.0565,0.0565,1,1.0
2024-07-17 02:00,0.0579,0.0579,0.0579,1,1.0
2024-07-17 05:00,0.0591,0.0591,0.0591,1,1.0
2024-07-17 08:00,0.059,0.059,0.059,1,1.0
2024-07-17 11:00,0.0567,0.0567,0.0567,1,1.0
2024-07-17 14:00,0.0541,0.0541,0.0541,1,1.0
2024-07-17 17:00,0.0531,0.0531,0.0531,1,1.0
2024-07-17 20:00,0.0542,0.0542,0.0542,1,1.0
2024-07-17 23:00,0.0563,0.0563,0.0563,1,1.0
2024-07-18 02:00,0.058,0.058,0.058,1,1.0
2024-07-18 05:00,0.0589,0.0589,0.0589,1,1.0
2024-07-18 08:00,0.0654,0.0654,0.0654,1,1.0
2024-07-18 11:00,0.0631,0.0631,0.0631,1,1.0
2024-07-18 14:00,0.0594,0.0594,0.0594,1,1.0
2024-07-18 17:00,0.0581,0.0581,0.0581,1,1.0
2024-07-18 20:00,0.0583,0.0583,0.0583,1,1.0
2024-07-18 23:00,0.0595,0.0595,0.0595,1,1.0
2024-07-19 02:00,0.0612,0.0612,0.0612,1,1.0
2024-07-19 05:00,0.0629,0.0629,0.0629,1,1.0
2024-07-19 08:00,0.0637,0.0637,0.0637,1,1.0
2024-07-19 11:00,0.0616,0.0616,0.0616,1,1.0
2024-07-19 14:00,0.0588,0.0588,0.0588,1,1.0
2024-07-19 17:00,0.0575,0.0575,0.0575,1,1.0
2024-07-19 20:00,0.0574,0.0574,0.0574,1,1.0
2024-07-19 23:00,0.0588,0.0588,0.0588,1,1.0
2024-07-20 02:00,0.0608,0.0608,0.0608,1,1.0
2024-07-20 05:00,0.0624,0.0624,0.0624,1,1.0
2024-07-20 08:00,0.0615,0.0615,0.0615,1,1.0
2024-07-20 11:00,0.0608,0.0608,0.0608,1,1.0
2024-07-20 14:00,0.058,0.058,0.058,1,1.0
2024-07-20 17:00,0.0594,0.0594,0.0594,1,1.0
2024-07-20 20:00,0.0598,0.0598,0.0598,1,1.0
2024-07-20 23:00,0.0613,0.0613,0.0613,1,1.0
2024-07-21 02:00,0.0625,0.0625,0.0625,1,1.0
2024-07-21 05:00,0.0638,0.0638,0.0638,1,1.0
2024-07-21 08:00,0.0607,0.0607,0.0607,1,1.0
2024-07-21 11:00,0.0595,0.0595,0.0595,1,1.0
2024-07-21 14:00,0.0577,0.0577,0.0577,1,1.0
2024-07-21 17:00,0.0574,0.0574,0.0574,1,1.0
2024-07-21 20:00,0.0588,0.0588,0.0588,1,1.0
2024-07-21 23:00,0.0598,0.0598,0.0598,1,1.0
2024-07-22 02:00,0.0769,0.0769,0.0769,1,1.0
2024-07-22 05:00,0.0906,0.0906,0.0906,1,1.0
2024-07-22 08:00,0.1151,0.1151,0.1151,1,1.0
2024-07-22 11:00,0.1269,0.1269,0.1269,1,1.0
2024-07-22 14:00,0.1258,0.1258,0.1258,1,1.0
2024-07-22 17:00,0.1511,0.1511,0.1511,1,1.0
2024-07-22 20:00,0.184,0.184,0.184,1,1.0
2024-07-22 23:00,0.1727,0.1727,0.1727,1,1.0
2024-07-23 02:00,0.1608,0.1608,0.1608,1,1.0
2024-07-23 05:00,0.1529,0.1529,0.1529,1,1.0
2024-07-23 08:00,0.1449,0.1449,0.1449,1,1.0
2024-07-23 11:00,0.1345,0.1345,0.1345,1,1.0
2024-07-23 14:00,0.1232,0.1232,0.1232,1,1.0
2024-07-23 17:00,0.1154,0.1154,0.1154,1,1.0
2024-07-23 20:00,0.1128,0.1128,0.1128,1,1.0
2024-07-23 23:00,0.112,0.112,0.112,1,1.0
2024-07-24 02:00,0.1113,0.1113,0.1113,1,1.0
2024-07-24 05:00,0.1104,0.1104,0.1104,1,1.0
2024-07-24 08:00,0.1081,0.1081,0.1081,1,1.0
2024-07-24 11:00,0.1035,0.1035,0.1035,1,1.0
2024-07-24 14:00,0.0994,0.0994,0.0994,1,1.0
2024-07-24 17:00,0.0969,0.0969,0.0969,1,1.0
2024-07-24 20:00,0.0965,0.0965,0.0965,1,1.0
2024-07-24 23:00,0.0966,0.0966,0.0966,1,1.0
2024-07-25 02:00,0.097,0.097,0.097,1,1.0
2024-07-25 05:00,0.0975,0.0975,0.0975,1,1.0
2024-07-25 08:00,0.0968,0.0968,0.0968,1,1.0
2024-07-25 11:00,0.0919,0.0919,0.0919,1,1.0
2024-07-25 14:00,0.0858,0.0858,0.0858,1,1.0
2024-07-25 17:00,0.0816,0.0816,0.0816,1,1.0
2024-07-25 20:00,0.0813,0.0813,0.0813,1,1.0
2024-07-25 23:00,0.0822,0.0822,0.0822,1,1.0
2024-07-26 02:00,0.0823,0.0823,0.0823,1,1.0
2024-07-26 05:00,0.083,0.083,0.083,1,1.0
2024-07-26 08:00,0.0794,0.0794,0.0794,1,1.0
2024-07-26 11:00,0.0765,0.0765,0.0765,1,1.0
2024-07-26 14:00,0.0723,0.0723,0.0723,1,1.0
2024-07-26 17:00,0.0698,0.0698,0.0698,1,1.0
2024-07-26 20:00,0.0735,0.0735,0.0735,1,1.0
2024-07-26 23:00,0.0738,0.0738,0.0738,1,1.0
2024-07-27 02:00,0.0745,0.0745,0.0745,1,1.0
2024-07-27 05:00,0.0749,0.0749,0.0749,1,1.0
2024-07-27 08:00,0.0742,0.0742,0.0742,1,1.0
2024-07-27 11:00,0.0702,0.0702,0.0702,1,1.0
2024-07-27 14:00,0.0662,0.0662,0.0662,1,1.0
2024-07-27 17:00,0.0648,0.0648,0.0648,1,1.0
2024-07-27 20:00,0.0653,0.0653,0.0653,1,1.0
2024-07-27 23:00,0.0664,0.0664,0.0664,1,1.0
2024-07-28 02:00,0.0676,0.0676,0.0676,1,1.0
2024-07-28 05:00,0.0684,0.0684,0.0684,1,1.0
2024-07-28 08:00,0.0764,0.0764,0.0764,1,1.0
2024-07-28 11:00,0.0727,0.0727,0.0727,1,1.0
2024-07-28 14:00,0.0686,0.0686,0.0686,1,1.0
2024-07-28 17:00,0.0717,0.0717,0.0717,1,1.0
2024-07-28 20:00,0.0718,0.0718,0.0718,1,1.0
2024-07-28 23:00,0.0722,0.0722,0.0722,1,1.0
2024-07-29 02:00,0.0726,0.0726,0.0726,1,1.0
2024-07-29 05:00,0.0735,0.0735,0.0735,1,1.0
2024-07-29 08:00,0.0705,0.0705,0.0705,1,1.0
2024-07-29 11:00,0.0675,0.0675,0.0675,1,1.0
2024-07-29 14:00,0.064,0.064,0.064,1,1.0
2024-07-29 17:00,0.0627,0.0627,0.0627,1,1.0
2024-07-29 20:00,0.0563,0.0563,0.0563,1,1.0
2024-07-29 23:00,0.0578,0.0578,0.0578,1,1.0
2024-07-30 02:00,0.0594,0.0594,0.0594,1,1.0
2024-07-30 05:00,0.0608,0.0608,0.0608,1,1.0
2024-07-30 08:00,0.0607,0.0607,0.0607,1,1.0
2024-07-30 11:00,0.0595,0.0595,0.0595,1,1.0
2024-07-30 14:00,0.0567,0.0567,0.0567,1,1.0
2024-07-30 17:00,0.0547,0.0547,0.0547,1,1.0
2024-07-30 20:00,0.0545,0.0545,0.0545,1,1.0
2024-07-30 23:00,0.0554,0.0554,0.0554,1,1.0
2024-07-31 02:00,0.0559,0.0559,0.0559,1,1.0
2024-07-31 05:00,0.0562,0.0562,0.0562,1,1.0
2024-07-31 08:00,0.0632,0.0632,0.0632,1,1.0
2024-07-31 11:00,0.0601,0.0601,0.0601,1,1.0
2024-07-31 14:00,0.0561,0.0561,0.0561,1,1.0
2024-07-31 17:00,0.0535,0.0535,0.0535,1,1.0
2024-07-31 20:00,0.0539,0.0539,0.0539,1,1.0
2024-07-31 23:00,0.0552,0.0552,0.0552,1,1.0
2024-08-01 02:00,0.0569,0.0569,0.0569,1,1.0
2024-08-01 05:00,0.0593,0.0593,0.0593,1,1.0
2024-08-01 08:00,0.0603,0.0603,0.0603,1,1.0
2024-08-01 11:00,0.0589,0.0589,0.0589,1,1.0
2024-08-01 14:00,0.0568,0.0568,0.0568,1,1.0
2024-08-01 17:00,0.0567,0.0567,0.0567,1,1.0
2024-08-01 20:00,0.0583,0.0583,0.0583,1,1.0
2024-08-01 23:00,0.0593,0.0593,0.0593,1,1.0
2024-08-02 02:00,0.0603,0.0603,0.0603,1,1.0
2024-08-02 05:00,0.0615,0.0615,0.0615,1,1.0
2024-08-02 08:00,0.062,0.062,0.062,1,1.0
2024-08-02 11:00,0.0612,0.0612,0.0612,1,1.0
2024-08-02 14:00,0.06,0.06,0.06,1,1.0
2024-08-02 17:00,0.0602,0.0602,0.0602,1,1.0
2024-08-02 20:00,0.0616,0.0616,0.0616,1,1.0
2024-08-02 23:00,0.063,0.063,0.063,1,1.0
2024-08-03 02:00,0.0638,0.0638,0.0638,1,1.0
2024-08-03 05:00,0.0642,0.0642,0.0642,1,1.0
2024-08-03 08:00,0.0629,0.0629,0.0629,1,1.0
2024-08-03 11:00,0.0615,0.0615,0.0615,1,1.0
2024-08-03 14:00,0.0614,0.0614,0.0614,1,1.0
2024-08-03 17:00,0.0616,0.0616,0.0616,1,1.0
2024-08-03 20:00,0.0641,0.0641,0.0641,1,1.0
2024-08-03 23:00,0.0651,0.0651,0.0651,1,1.0
2024-08-04 02:00,0.0659,0.0659,0.0659,1,1.0
2024-08-04 05:00,0.0665,0.0665,0.0665,1,1.0
2024-08-04 08:00,0.0667,0.0667,0.0667,1,1.0
2024-08-04 11:00,0.0647,0.0647,0.0647,1,1.0
2024-08-04 14:00,0.0623,0.0623,0.0623,1,1.0
2024-08-04 17:00,0.0613,0.0613,0.0613,1,1.0
2024-08-04 20:00,0.0621,0.0621,0.0621,1,1.0
2024-08-04 23:00,0.0635,0.0635,0.0635,1,1.0
2024-08-05 02:00,0.0647,0.0647,0.0647,1,1.0
2024-08-05 05:00,0.0661,0.0661,0.0661,1,1.0
2024-08-05 08:00,0.0723,0.0723,0.0723,1,1.0
2024-08-05 11:00,0.0705,0.0705,0.0705,1,1.0
2024-08-05 14:00,0.0685,0.0685,0.0685,1,1.0
2024-08-05 17:00,0.0746,0.0746,0.0746,1,1.0
2024-08-05 20:00,0.0751,0.0751,0.0751,1,1.0
2024-08-05 23:00,0.076,0.076,0.076,1,1.0
2024-08-06 02:00,0.0771,0.0771,0.0771,1,1.0
2024-08-06 05:00,0.0779,0.0779,0.0779,1,1.0
2024-08-06 08:00,0.068,0.068,0.068,1,1.0
2024-08-06 11:00,0.0667,0.0667,0.0667,1,1.0
2024-08-06 14:00,0.0651,0.0651,0.0651,1,1.0
2024-08-06 17:00,0.064,0.064,0.064,1,1.0
2024-08-06 20:00,0.0667,0.0667,0.0667,1,1.0
2024-08-06 23:00,0.067,0.067,0.067,1,1.0
2024-08-07 02:00,0.0678,0.0678,0.0678,1,1.0
2024-08-07 05:00,0.0684,0.0684,0.0684,1,1.0
2024-08-07 08:00,0.0681,0.0681,0.0681,1,1.0
2024-08-07 11:00,0.0663,0.0663,0.0663,1,1.0
2024-08-07 14:00,0.0641,0.0641,0.0641,1,1.0
2024-08-07 17:00,0.0627,0.0627,0.0627,1,1.0
2024-08-07 20:00,0.0625,0.0625,0.0625,1,1.0
2024-08-07 23:00,0.0629,0.0629,0.0629,1,1.0
2024-08-08 02:00,0.0635,0.0635,0.0635,1,1.0
2024-08-08 05:00,0.0645,0.0645,0.0645,1,1.0
2024-08-08 08:00,0.0712,0.0712,0.0712,1,1.0
2024-08-08 11:00,0.0696,0.0696,0.0696,1,1.0
2024-08-08 14:00,0.068,0.068,0.068,1,1.0
2024-08-08 17:00,0.0629,0.0629,0.0629,1,1.0
2024-08-08 20:00,0.0636,0.0636,0.0636,1,1.0
2024-08-08 23:00,0.0648,0.0648,0.0648,1,1.0
2024-08-09 02:00,0.0661,0.0661,0.0661,1,1.0
2024-08-09 05:00,0.0676,0.0676,0.0676,1,1.0
2024-08-09 08:00,0.0676,0.0676,0.0676,1,1.0
2024-08-09 11:00,0.0657,0.0657,0.0657,1,1.0
2024-08-09 14:00,0.064,0.064,0.064,1,1.0
2024-08-09 17:00,0.0653,0.0653,0.0653,1,1.0
2024-08-09 20:00,0.0727,0.0727,0.0727,1,1.0
2024-08-09 23:00,0.075,0.075,0.075,1,1.0
2024-08-10 02:00,0.0752,0.0752,0.0752,1,1.0
2024-08-10 05:00,0.0751,0.0751,0.0751,1,1.0
2024-08-10 08:00,0.0741,0.0741,0.0741,1,1.0
2024-08-10 11:00,0.0708,0.0708,0.0708,1,1.0
2024-08-10 14:00,0.0666,0.0666,0.0666,1,1.0
2024-08-10 17:00,0.064,0.064,0.064,1,1.0
2024-08-10 20:00,0.0637,0.0637,0.0637,1,1.0
2024-08-10 23:00,0.0646,0.0646,0.0646,1,1.0
2024-08-11 02:00,0.0653,0.0653,0.0653,1,1.0
2024-08-11 05:00,0.0661,0.0661,0.0661,1,1.0
2024-08-11 08:00,0.0659,0.0659,0.0659,1,1.0
2024-08-11 11:00,0.0647,0.0647,0.0647,1,1.0
2024-08-11 14:00,0.0626,0.0626,0.0626,1,1.0
2024-08-11 17:00,0.0607,0.0607,0.0607,1,1.0
2024-08-11 20:00,0.0597,0.0597,0.0597,1,1.0
2024-08-11 23:00,0.0603,0.0603,0.0603,1,1.0
2024-08-12 02:00,0.0618,0.0618,0.0618,1,1.0
2024-08-12 05:00,0.0629,0.0629,0.0629,1,1.0
2024-08-12 08:00,0.0639,0.0639,0.0639,1,1.0
2024-08-12 11:00,0.0637,0.0637,0.0637,1,1.0
2024-08-12 14:00,0.063,0.063,0.063,1,1.0
2024-08-12 17:00,0.0621,0.0621,0.0621,1,1.0
2024-08-12 20:00,0.0631,0.0631,0.0631,1,1.0
2024-08-12 23:00,0.0642,0.0642,0.0642,1,1.0
2024-08-13 02:00,0.0646,0.0646,0.0646,1,1.0
2024-08-13 05:00,0.0649,0.0649,0.0649,1,1.0
2024-08-13 08:00,0.0741,0.0741,0.0741,1,1.0
2024-08-13 11:00,0.0712,0.0712,0.0712,1,1.0
2024-08-13 14:00,0.0685,0.0685,0.0685,1,1.0
2024-08-13 17:00,0.0689,0.0689,0.0689,1,1.0
2024-08-13 20:00,0.0702,0.0702,0.0702,1,1.0
2024-08-13 23:00,0.0718,0.0718,0.0718,1,1.0
2024-08-14 02:00,0.0725,0.0725,0.0725,1,1.0
2024-08-14 05:00,0.0728,0.0728,0.0728,1,1.0
2024-08-14 08:00,0.067,0.067,0.067,1,1.0
2024-08-14 11:00,0.0649,0.0649,0.0649,1,1.0
2024-08-14 14:00,0.0622,0.0622,0.0622,1,1.0
2024-08-14 17:00,0.0605,0.0605,0.0605,1,1.0
2024-08-14 20:00,0.0632,0.0632,0.0632,1,1.0
2024-08-14 23:00,0.0642,0.0642,0.0642,1,1.0
2024-08-15 02:00,0.0651,0.0651,0.0651,1,1.0
2024-08-15 05:00,0.0668,0.0668,0.0668,1,1.0
2024-08-15 08:00,0.0678,0.0678,0.0678,1,1.0
2024-08-15 11:00,0.0672,0.0672,0.0672,1,1.0
2024-08-15 14:00,0.0654,0.0654,0.0654,1,1.0
2024-08-15 17:00,0.0642,0.0642,0.0642,1,1.0
2024-08-15 20:00,0.0652,0.0652,0.0652,1,1.0
2024-08-15 23:00,0.0666,0.0666,0.0666,1,1.0
2024-08-16 02:00,0.068,0.068,0.068,1,1.0
2024-08-16 05:00,0.0691,0.0691,0.0691,1,1.0
2024-08-16 08:00,0.0759,0.0759,0.0759,1,1.0
2024-08-16 11:00,0.0738,0.0738,0.0738,1,1.0
2024-08-16 14:00,0.0714,0.0714,0.0714,1,1.0
2024-08-16 17:00,0.073,0.073,0.073,1,1.0
2024-08-16 20:00,0.0726,0.0726,0.0726,1,1.0
2024-08-16 23:00,0.0733,0.0733,0.0733,1,1.0
2024-08-17 02:00,0.0745,0.0745,0.0745,1,1.0
2024-08-17 05:00,0.0751,0.0751,0.0751,1,1.0
2024-08-17 08:00,0.0751,0.0751,0.0751,1,1.0
2024-08-17 11:00,0.073,0.073,0.073,1,1.0
2024-08-17 14:00,0.0702,0.0702,0.0702,1,1.0
2024-08-17 17:00,0.0696,0.0696,0.0696,1,1.0
2024-08-17 20:00,0.0699,0.0699,0.0699,1,1.0
2024-08-17 23:00,0.0705,0.0705,0.0705,1,1.0
2024-08-18 02:00,0.0727,0.0727,0.0727,1,1.0
2024-08-18 05:00,0.0759,0.0759,0.0759,1,1.0
2024-08-18 08:00,0.0767,0.0767,0.0767,1,1.0
2024-08-18 11:00,0.0823,0.0823,0.0823,1,1.0
2024-08-18 14:00,0.1042,0.1042,0.1042,1,1.0
2024-08-18 17:00,0.1231,0.1231,0.1231,1,1.0
2024-08-18 20:00,0.1371,0.1371,0.1371,1,1.0
2024-08-18 23:00,0.1647,0.1647,0.1647,1,1.0
2024-08-19 02:00,0.2043,0.2043,0.2043,1,1.0
2024-08-19 05:00,0.211,0.211,0.211,1,1.0
2024-08-19 08:00,0.1907,0.1907,0.1907,1,1.0
2024-08-19 11:00,0.1705,0.1705,0.1705,1,1.0
2024-08-19 14:00,0.1625,0.1625,0.1625,1,1.0
2024-08-19 17:00,0.1666,0.1666,0.1666,1,1.0
2024-08-19 20:00,0.1604,0.1604,0.1604,1,1.0
2024-08-19 23:00,0.1572,0.1572,0.1572,1,1.0
2024-08-20 02:00,0.1602,0.1602,0.1602,1,1.0
2024-08-20 05:00,0.1552,0.1552,0.1552,1,1.0
2024-08-20 08:00,0.1483,0.1483,0.1483,1,1.0
2024-08-20 11:00,0.1392,0.1392,0.1392,1,1.0
2024-08-20 14:00,0.1473,0.1473,0.1473,1,1.0
2024-08-20 17:00,0.1499,0.1499,0.1499,1,1.0
2024-08-20 20:00,0.1438,0.1438,0.1438,1,1.0
2024-08-20 23:00,0.1404,0.1404,0.1404,1,1.0
2024-08-21 02:00,0.1379,0.1379,0.1379,1,1.0
2024-08-21 05:00,0.1365,0.1365,0.1365,1,1.0
2024-08-21 08:00,0.133,0.133,0.133,1,1.0
2024-08-21 11:00,0.1336,0.1336,0.1336,1,1.0
2024-08-21 14:00,0.1384,0.1384,0.1384,1,1.0
2024-08-21 17:00,0.1396,0.1396,0.1396,1,1.0
2024-08-21 20:00,0.1371,0.1371,0.1371,1,1.0
2024-08-21 23:00,0.1353,0.1353,0.1353,1,1.0
2024-08-22 02:00,0.1335,0.1335,0.1335,1,1.0
2024-08-22 05:00,0.1316,0.1316,0.1316,1,1.0
2024-08-22 08:00,0.1228,0.1228,0.1228,1,1.0
2024-08-22 11:00,0.1171,0.1171,0.1171,1,1.0
2024-08-22 14:00,0.1102,0.1102,0.1102,1,1.0
2024-08-22 17:00,0.107,0.107,0.107,1,1.0
2024-08-22 20:00,0.1056,0.1056,0.1056,1,1.0
2024-08-22 23:00,0.1059,0.1059,0.1059,1,1.0
2024-08-23 02:00,0.1056,0.1056,0.1056,1,1.0
2024-08-23 05:00,0.105,0.105,0.105,1,1.0
2024-08-23 08:00,0.1037,0.1037,0.1037,1,1.0
2024-08-23 11:00,0.0997,0.0997,0.0997,1,1.0
2024-08-23 14:00,0.0955,0.0955,0.0955,1,1.0
2024-08-23 17:00,0.0935,0.0935,0.0935,1,1.0
2024-08-23 20:00,0.0934,0.0934,0.0934,1,1.0
2024-08-23 23:00,0.0934,0.0934,0.0934,1,1.0
2024-08-24 02:00,0.0933,0.0933,0.0933,1,1.0
2024-08-24 05:00,0.0932,0.0932,0.0932,1,1.0
2024-08-24 08:00,0.0952,0.0952,0.0952,1,1.0
2024-08-24 11:00,0.0935,0.0935,0.0935,1,1.0
2024-08-24 14:00,0.0909,0.0909,0.0909,1,1.0
2024-08-24 17:00,0.085,0.085,0.085,1,1.0
2024-08-24 20:00,0.0852,0.0852,0.0852,1,1.0
2024-08-24 23:00,0.0857,0.0857,0.0857,1,1.0
2024-08-25 02:00,0.0863,0.0863,0.0863,1,1.0
2024-08-25 05:00,0.087,0.087,0.087,1,1.0
2024-08-25 08:00,0.0869,0.0869,0.0869,1,1.0
2024-08-25 11:00,0.0833,0.0833,0.0833,1,1.0
2024-08-25 14:00,0.0799,0.0799,0.0799,1,1.0
2024-08-25 17:00,0.0816,0.0816,0.0816,1,1.0
2024-08-25 20:00,0.0824,0.0824,0.0824,1,1.0
2024-08-25 23:00,0.0831,0.0831,0.0831,1,1.0
2024-08-26 02:00,0.0838,0.0838,0.0838,1,1.0
2024-08-26 05:00,0.0842,0.0842,0.0842,1,1.0
2024-08-26 08:00,0.0839,0.0839,0.0839,1,1.0
2024-08-26 11:00,0.0809,0.0809,0.0809,1,1.0
2024-08-26 14:00,0.0776,0.0776,0.0776,1,1.0
2024-08-26 17:00,0.0824,0.0824,0.0824,1,1.0
2024-08-26 20:00,0.0909,0.0909,0.0909,1,1.0
2024-08-26 23:00,0.0939,0.0939,0.0939,1,1.0
2024-08-27 02:00,0.094,0.094,0.094,1,1.0
2024-08-27 05:00,0.0935,0.0935,0.0935,1,1.0
2024-08-27 08:00,0.0896,0.0896,0.0896,1,1.0
2024-08-27 11:00,0.0868,0.0868,0.0868,1,1.0
2024-08-27 14:00,0.0861,0.0861,0.0861,1,1.0
2024-08-27 17:00,0.0924,0.0924,0.0924,1,1.0
2024-08-27 20:00,0.1001,0.1001,0.1001,1,1.0
2024-08-27 23:00,0.1002,0.1002,0.1002,1,1.0
2024-08-28 02:00,0.1023,0.1023,0.1023,1,1.0
2024-08-28 05:00,0.1063,0.1063,0.1063,1,1.0
2024-08-28 08:00,0.1058,0.1058,0.1058,1,1.0
2024-08-28 11:00,0.1017,0.1017,0.1017,1,1.0
2024-08-28 14:00,0.097,0.097,0.097,1,1.0
2024-08-28 17:00,0.1012,0.1012,0.1012,1,1.0
2024-08-28 20:00,0.1095,0.1095,0.1095,1,1.0
2024-08-28 23:00,0.1096,0.1096,0.1096,1,1.0
2024-08-29 02:00,0.1153,0.1153,0.1153,1,1.0
2024-08-29 05:00,0.1222,0.1222,0.1222,1,1.0
2024-08-29 08:00,0.128,0.128,0.128,1,1.0
2024-08-29 11:00,0.1245,0.1245,0.1245,1,1.0
2024-08-29 14:00,0.1573,0.1573,0.1573,1,1.0
2024-08-29 17:00,0.191,0.191,0.191,1,1.0
2024-08-29 20:00,0.1899,0.1899,0.1899,1,1.0
2024-08-29 23:00,0.1752,0.1752,0.1752,1,1.0
2024-08-30 02:00,0.1635,0.1635,0.1635,1,1.0
2024-08-30 05:00,0.1561,0.1561,0.1561,1,1.0
2024-08-30 08:00,0.1499,0.1499,0.1499,1,1.0
2024-08-30 11:00,0.1391,0.1391,0.1391,1,1.0
2024-08-30 14:00,0.1288,0.1288,0.1288,1,1.0
2024-08-30 17:00,0.1238,0.1238,0.1238,1,1.0
2024-08-30 20:00,0.1257,0.1257,0.1257,1,1.0
2024-08-30 23:00,0.1248,0.1248,0.1248,1,1.0
2024-08-31 02:00,0.1234,0.1234,0.1234,1,1.0
2024-08-31 05:00,0.1219,0.1219,0.1219,1,1.0
2024-08-31 08:00,0.1195,0.1195,0.1195,1,1.0
2024-08-31 11:00,0.1132,0.1132,0.1132,1,1.0
2024-08-31 14:00,0.1058,0.1058,0.1058,1,1.0
2024-08-31 17:00,0.1015,0.1015,0.1015,1,1.0
2024-08-31 20:00,0.1004,0.1004,0.1004,1,1.0
2024-08-31 23:00,0.0999,0.0999,0.0999,1,1.0
2024-09-01 02:00,0.0993,0.0993,0.0993,1,1.0
2024-09-01 05:00,0.0987,0.0987,0.0987,1,1.0
2024-09-01 08:00,0.103,0.103,0.103,1,1.0
2024-09-01 11:00,0.0979,0.0979,0.0979,1,1.0
2024-09-01 14:00,0.0949,0.0949,0.0949,1,1.0
2024-09-01 17:00,0.0999,0.0999,0.0999,1,1.0
2024-09-01 20:00,0.1018,0.1018,0.1018,1,1.0
2024-09-01 23:00,0.1029,0.1029,0.1029,1,1.0
2024-09-02 02:00,0.1023,0.1023,0.1023,1,1.0
2024-09-02 05:00,0.1018,0.1018,0.1018,1,1.0
2024-09-02 08:00,0.1008,0.1008,0.1008,1,1.0
2024-09-02 11:00,0.0995,0.0995,0.0995,1,1.0
2024-09-02 14:00,0.0992,0.0992,0.0992,1,1.0
2024-09-02 17:00,0.0994,0.0994,0.0994,1,1.0
2024-09-02 20:00,0.1026,0.1026,0.1026,1,1.0
2024-09-02 23:00,0.1044,0.1044,0.1044,1,1.0
2024-09-03 02:00,0.1366,0.1366,0.1366,1,1.0
2024-09-03 05:00,0.1491,0.1491,0.1491,1,1.0
2024-09-03 08:00,0.1423,0.1423,0.1423,1,1.0
2024-09-03 11:00,0.134,0.134,0.134,1,1.0
2024-09-03 14:00,0.1286,0.1286,0.1286,1,1.0
2024-09-03 17:00,0.1265,0.1265,0.1265,1,1.0
2024-09-03 20:00,0.1267,0.1267,0.1267,1,1.0
2024-09-03 23:00,0.1254,0.1254,0.1254,1,1.0
2024-09-04 02:00,0.1244,0.1244,0.1244,1,1.0
2024-09-04 05:00,0.1234,0.1234,0.1234,1,1.0
2024-09-04 08:00,0.12,0.12,0.12,1,1.0
2024-09-04 11:00,0.1152,0.1152,0.1152,1,1.0
2024-09-04 14:00,0.1102,0.1102,0.1102,1,1.0
2024-09-04 17:00,0.1082,0.1082,0.1082,1,1.0
2024-09-04 20:00,0.1034,0.1034,0.1034,1,1.0
2024-09-04 23:00,0.1033,0.1033,0.1033,1,1.0
2024-09-05 02:00,0.1053,0.1053,0.1053,1,1.0
2024-09-05 05:00,0.1182,0.1182,0.1182,1,1.0
2024-09-05 08:00,0.1208,0.1208,0.1208,1,1.0
2024-09-05 11:00,0.1287,0.1287,0.1287,1,1.0
2024-09-05 14:00,0.1333,0.1333,0.1333,1,1.0
2024-09-05 17:00,0.1481,0.1481,0.1481,1,1.0
2024-09-05 20:00,0.1936,0.1936,0.1936,1,1.0
2024-09-05 23:00,0.2142,0.2142,0.2142,1,1.0
2024-09-06 02:00,0.1899,0.1899,0.1899,1,1.0
2024-09-06 05:00,0.1733,0.1733,0.1733,1,1.0
2024-09-06 08:00,0.1599,0.1599,0.1599,1,1.0
2024-09-06 11:00,0.1499,0.1499,0.1499,1,1.0
2024-09-06 14:00,0.1404,0.1404,0.1404,1,1.0
2024-09-06 17:00,0.1349,0.1349,0.1349,1,1.0
2024-09-06 20:00,0.1336,0.1336,0.1336,1,1.0
2024-09-06 23:00,0.1326,0.1326,0.1326,1,1.0
2024-09-07 02:00,0.131,0.131,0.131,1,1.0
2024-09-07 05:00,0.1291,0.1291,0.1291,1,1.0
2024-09-07 08:00,0.122,0.122,0.122,1,1.0
2024-09-07 11:00,0.116,0.116,0.116,1,1.0
2024-09-07 14:00,0.1084,0.1084,0.1084,1,1.0
2024-09-07 17:00,0.1054,0.1054,0.1054,1,1.0
2024-09-07 20:00,0.1107,0.1107,0.1107,1,1.0
2024-09-07 23:00,0.1107,0.1107,0.1107,1,1.0
2024-09-08 02:00,0.1106,0.1106,0.1106,1,1.0
2024-09-08 05:00,0.1102,0.1102,0.1102,1,1.0
2024-09-08 08:00,0.1089,0.1089,0.1089,1,1.0
2024-09-08 11:00,0.1041,0.1041,0.1041,1,1.0
2024-09-08 14:00,0.0988,0.0988,0.0988,1,1.0
2024-09-08 17:00,0.096,0.096,0.096,1,1.0
2024-09-08 20:00,0.0958,0.0958,0.0958,1,1.0
2024-09-08 23:00,0.0954,0.0954,0.0954,1,1.0
2024-09-09 02:00,0.1022,0.1022,0.1022,1,1.0
2024-09-09 05:00,0.1894,0.1894,0.1894,1,1.0
2024-09-09 08:00,0.233,0.233,0.233,1,1.0
2024-09-09 11:00,0.2453,0.2453,0.2453,1,1.0
2024-09-09 14:00,0.2104,0.2104,0.2104,1,1.0
2024-09-09 17:00,0.1915,0.1915,0.1915,1,1.0
2024-09-09 20:00,0.1778,0.1778,0.1778,1,1.0
2024-09-09 23:00,0.1706,0.1706,0.1706,1,1.0
2024-09-10 02:00,0.1657,0.1657,0.1657,1,1.0
2024-09-10 05:00,0.162,0.162,0.162,1,1.0
2024-09-10 08:00,0.1576,0.1576,0.1576,1,1.0
2024-09-10 11:00,0.1488,0.1488,0.1488,1,1.0
2024-09-10 14:00,0.1395,0.1395,0.1395,1,1.0
2024-09-10 17:00,0.1336,0.1336,0.1336,1,1.0
2024-09-10 20:00,0.1321,0.1321,0.1321,1,1.0
2024-09-10 23:00,0.1312,0.1312,0.1312,1,1.0
2024-09-11 02:00,0.1304,0.1304,0.1304,1,1.0
2024-09-11 05:00,0.13,0.13,0.13,1,1.0
2024-09-11 08:00,0.1287,0.1287,0.1287,1,1.0
2024-09-11 11:00,0.1229,0.1229,0.1229,1,1.0
2024-09-11 14:00,0.1156,0.1156,0.1156,1,1.0
2024-09-11 17:00,0.1126,0.1126,0.1126,1,1.0
2024-09-11 20:00,0.1126,0.1126,0.1126,1,1.0
2024-09-11 23:00,0.1129,0.1129,0.1129,1,1.0
2024-09-12 02:00,0.1134,0.1134,0.1134,1,1.0
2024-09-12 05:00,0.1143,0.1143,0.1143,1,1.0
2024-09-12 08:00,0.1202,0.1202,0.1202,1,1.0
2024-09-12 11:00,0.1186,0.1186,0.1186,1,1.0
2024-09-12 14:00,0.1149,0.1149,0.1149,1,1.0
2024-09-12 17:00,0.1302,0.1302,0.1302,1,1.0
2024-09-12 20:00,0.2009,0.2009,0.2009,1,1.0
2024-09-12 23:00,0.3005,0.3005,0.3005,1,1.0
2024-09-13 02:00,0.2311,0.2311,0.2311,1,1.0
2024-09-13 05:00,0.2002,0.2002,0.2002,1,1.0
2024-09-13 08:00,0.1847,0.1847,0.1847,1,1.0
2024-09-13 11:00,0.1722,0.1722,0.1722,1,1.0
2024-09-13 14:00,0.1644,0.1644,0.1644,1,1.0
2024-09-13 17:00,0.1599,0.1599,0.1599,1,1.0
2024-09-13 20:00,0.1587,0.1587,0.1587,1,1.0
2024-09-13 23:00,0.1581,0.1581,0.1581,1,1.0
2024-09-14 02:00,0.1576,0.1576,0.1576,1,1.0
2024-09-14 05:00,0.1564,0.1564,0.1564,1,1.0
2024-09-14 08:00,0.1574,0.1574,0.1574,1,1.0
2024-09-14 11:00,0.1498,0.1498,0.1498,1,1.0
2024-09-14 14:00,0.1412,0.1412,0.1412,1,1.0
2024-09-14 17:00,0.1383,0.1383,0.1383,1,1.0
2024-09-14 20:00,0.1375,0.1375,0.1375,1,1.0
2024-09-14 23:00,0.1372,0.1372,0.1372,1,1.0
2024-09-15 02:00,0.1368,0.1368,0.1368,1,1.0
2024-09-15 05:00,0.1362,0.1362,0.1362,1,1.0
2024-09-15 08:00,0.1359,0.1359,0.1359,1,1.0
2024-09-15 11:00,0.1298,0.1298,0.1298,1,1.0
2024-09-15 14:00,0.1227,0.1227,0.1227,1,1.0
2024-09-15 17:00,0.1192,0.1192,0.1192,1,1.0
2024-09-15 20:00,0.1254,0.1254,0.1254,1,1.0
2024-09-15 23:00,0.1252,0.1252,0.1252,1,1.0
2024-09-16 02:00,0.1248,0.1248,0.1248,1,1.0
2024-09-16 05:00,0.1249,0.1249,0.1249,1,1.0
2024-09-16 08:00,0.1248,0.1248,0.1248,1,1.0
2024-09-16 11:00,0.1232,0.1232,0.1232,1,1.0
2024-09-16 14:00,0.1221,0.1221,0.1221,1,1.0
2024-09-16 17:00,0.1237,0.1237,0.1237,1,1.0
2024-09-16 20:00,0.1256,0.1256,0.1256,1,1.0
2024-09-16 23:00,0.1262,0.1262,0.1262,1,1.0
2024-09-17 02:00,0.1271,0.1271,0.1271,1,1.0
2024-09-17 05:00,0.1584,0.1584,0.1584,1,1.0
2024-09-17 08:00,0.2008,0.2008,0.2008,1,1.0
2024-09-17 11:00,0.205,0.205,0.205,1,1.0
2024-09-17 14:00,0.2005,0.2005,0.2005,1,1.0
2024-09-17 17:00,0.1946,0.1946,0.1946,1,1.0
2024-09-17 20:00,0.1995,0.1995,0.1995,1,1.0
2024-09-17 23:00,0.195,0.195,0.195,1,1.0
2024-09-18 02:00,0.1884,0.1884,0.1884,1,1.0
2024-09-18 05:00,0.184,0.184,0.184,1,1.0
2024-09-18 08:00,0.1793,0.1793,0.1793,1,1.0
2024-09-18 11:00,0.1732,0.1732,0.1732,1,1.0
2024-09-18 14:00,0.1786,0.1786,0.1786,1,1.0
2024-09-18 17:00,0.1876,0.1876,0.1876,1,1.0
2024-09-18 20:00,0.1887,0.1887,0.1887,1,1.0
2024-09-18 23:00,0.1879,0.1879,0.1879,1,1.0
2024-09-19 02:00,0.1922,0.1922,0.1922,1,1.0
2024-09-19 05:00,0.2053,0.2053,0.2053,1,1.0
2024-09-19 08:00,0.2088,0.2088,0.2088,1,1.0
2024-09-19 11:00,0.2353,0.2353,0.2353,1,1.0
2024-09-19 14:00,0.238,0.238,0.238,1,1.0
2024-09-19 17:00,0.2378,0.2378,0.2378,1,1.0
2024-09-19 20:00,0.2347,0.2347,0.2347,1,1.0
2024-09-19 23:00,0.2145,0.2145,0.2145,1,1.0
2024-09-20 02:00,0.2023,0.2023,0.2023,1,1.0
2024-09-20 05:00,0.1958,0.1958,0.1958,1,1.0
2024-09-20 08:00,0.191,0.191,0.191,1,1.0
2024-09-20 11:00,0.1822,0.1822,0.1822,1,1.0
2024-09-20 14:00,0.172,0.172,0.172,1,1.0
2024-09-20 17:00,0.1696,0.1696,0.1696,1,1.0
2024-09-20 20:00,0.1683,0.1683,0.1683,1,1.0
2024-09-20 23:00,0.1677,0.1677,0.1677,1,1.0
2024-09-21 02:00,0.1669,0.1669,0.1669,1,1.0
2024-09-21 05:00,0.1663,0.1663,0.1663,1,1.0
2024-09-21 08:00,0.1649,0.1649,0.1649,1,1.0
2024-09-21 11:00,0.1587,0.1587,0.1587,1,1.0
2024-09-21 14:00,0.1503,0.1503,0.1503,1,1.0
2024-09-21 17:00,0.1478,0.1478,0.1478,1,1.0
2024-09-21 20:00,0.1479,0.1479,0.1479,1,1.0
2024-09-21 23:00,0.1483,0.1483,0.1483,1,1.0
2024-09-22 02:00,0.1484,0.1484,0.1484,1,1.0
2024-09-22 05:00,0.1478,0.1478,0.1478,1,1.0
2024-09-22 08:00,0.1454,0.1454,0.1454,1,1.0
2024-09-22 11:00,0.1434,0.1434,0.1434,1,1.0
2024-09-22 14:00,0.1395,0.1395,0.1395,1,1.0
2024-09-22 17:00,0.1411,0.1411,0.1411,1,1.0
2024-09-22 20:00,0.1449,0.1449,0.1449,1,1.0
2024-09-22 23:00,0.1454,0.1454,0.1454,1,1.0
2024-09-23 02:00,0.1458,0.1458,0.1458,1,1.0
2024-09-23 05:00,0.147,0.147,0.147,1,1.0
2024-09-23 08:00,0.1424,0.1424,0.1424,1,1.0
2024-09-23 11:00,0.144,0.144,0.144,1,1.0
2024-09-23 14:00,0.1519,0.1519,0.1519,1,1.0
2024-09-23 17:00,0.1553,0.1553,0.1553,1,1.0
2024-09-23 20:00,0.1583,0.1583,0.1583,1,1.0
2024-09-23 23:00,0.1824,0.1824,0.1824,1,1.0
2024-09-24 02:00,0.231,0.231,0.231,1,1.0
2024-09-24 05:00,0.2506,0.2506,0.2506,1,1.0
2024-09-24 08:00,0.2263,0.2263,0.2263,1,1.0
2024-09-24 11:00,0.2089,0.2089,0.2089,1,1.0
2024-09-24 14:00,0.1935,0.1935,0.1935,1,1.0
2024-09-24 17:00,0.186,0.186,0.186,1,1.0
2024-09-24 20:00,0.1837,0.1837,0.1837,1,1.0
2024-09-24 23:00,0.1813,0.1813,0.1813,1,1.0
2024-09-25 02:00,0.179,0.179,0.179,1,1.0
2024-09-25 05:00,0.1817,0.1817,0.1817,1,1.0
2024-09-25 08:00,0.1832,0.1832,0.1832,1,1.0
2024-09-25 11:00,0.1834,0.1834,0.1834,1,1.0
2024-09-25 14:00,0.1865,0.1865,0.1865,1,1.0
2024-09-25 17:00,0.187,0.187,0.187,1,1.0
2024-09-25 20:00,0.1862,0.1862,0.1862,1,1.0
2024-09-25 23:00,0.1844,0.1844,0.1844,1,1.0
2024-09-26 02:00,0.1823,0.1823,0.1823,1,1.0
2024-09-26 05:00,0.1806,0.1806,0.1806,1,1.0
2024-09-26 08:00,0.1791,0.1791,0.1791,1,1.0
2024-09-26 11:00,0.1761,0.1761,0.1761,1,1.0
2024-09-26 14:00,0.1715,0.1715,0.1715,1,1.0
2024-09-26 17:00,0.169,0.169,0.169,1,1.0
2024-09-26 20:00,0.1689,0.1689,0.1689,1,1.0
2024-09-26 23:00,0.1689,0.1689,0.1689,1,1.0
2024-09-27 02:00,0.1687,0.1687,0.1687,1,1.0
2024-09-27 05:00,0.1688,0.1688,0.1688,1,1.0
2024-09-27 08:00,0.168,0.168,0.168,1,1.0
2024-09-27 11:00,0.1657,0.1657,0.1657,1,1.0
2024-09-27 14:00,0.1606,0.1606,0.1606,1,1.0
2024-09-27 17:00,0.1583,0.1583,0.1583,1,1.0
2024-09-27 20:00,0.1581,0.1581,0.1581,1,1.0
2024-09-27 23:00,0.1583,0.1583,0.1583,1,1.0
2024-09-28 02:00,0.1582,0.1582,0.1582,1,1.0
2024-09-28 05:00,0.1581,0.1581,0.1581,1,1.0
2024-09-28 08:00,0.1542,0.1542,0.1542,1,1.0
2024-09-28 11:00,0.1551,0.1551,0.1551,1,1.0
2024-09-28 14:00,0.1551,0.1551,0.1551,1,1.0
2024-09-28 17:00,0.1522,0.1522,0.1522,1,1.0
2024-09-28 20:00,0.156,0.156,0.156,1,1.0
2024-09-28 23:00,0.1558,0.1558,0.1558,1,1.0
2024-09-29 02:00,0.1558,0.1558,0.1558,1,1.0
2024-09-29 05:00,0.1561,0.1561,0.1561,1,1.0
2024-09-29 08:00,0.1555,0.1555,0.1555,1,1.0
2024-09-29 11:00,0.1504,0.1504,0.1504,1,1.0
2024-09-29 14:00,0.1437,0.1437,0.1437,1,1.0
2024-09-29 17:00,0.141,0.141,0.141,1,1.0
2024-09-29 20:00,0.1412,0.1412,0.1412,1,1.0
2024-09-29 23:00,0.142,0.142,0.142,1,1.0
2024-09-30 02:00,0.1431,0.1431,0.1431,1,1.0
2024-09-30 05:00,0.1443,0.1443,0.1443,1,1.0
2024-09-30 08:00,0.1331,0.1331,0.1331,1,1.0
2024-09-30 11:00,0.1311,0.1311,0.1311,1,1.0
2024-09-30 14:00,0.1274,0.1274,0.1274,1,1.0
2024-09-30 17:00,0.1252,0.1252,0.1252,1,1.0
2024-09-30 20:00,0.1267,0.1267,0.1267,1,1.0
2024-09-30 23:00,0.1282,0.1282,0.1282,1,1.0
2024-10-01 02:00,0.1297,0.1297,0.1297,1,1.0
2024-10-01 05:00,0.1309,0.1309,0.1309,1,1.0
2024-10-01 08:00,0.1244,0.1244,0.1244,1,1.0
2024-10-01 11:00,0.1218,0.1218,0.1218,1,1.0
2024-10-01 14:00,0.1188,0.1188,0.1188,1,1.0
2024-10-01 17:00,0.1181,0.1181,0.1181,1,1.0
2024-10-01 20:00,0.1163,0.1163,0.1163,1,1.0
2024-10-01 23:00,0.1179,0.1179,0.1179,1,1.0
2024-10-02 02:00,0.1195,0.1195,0.1195,1,1.0
2024-10-02 05:00,0.1209,0.1209,0.1209,1,1.0
2024-10-02 08:00,0.1214,0.1214,0.1214,1,1.0
2024-10-02 11:00,0.12,0.12,0.12,1,1.0
2024-10-02 14:00,0.1187,0.1187,0.1187,1,1.0
2024-10-02 17:00,0.1196,0.1196,0.1196,1,1.0
2024-10-02 20:00,0.12,0.12,0.12,1,1.0
2024-10-02 23:00,0.1212,0.1212,0.1212,1,1.0
2024-10-03 02:00,0.123,0.123,0.123,1,1.0
2024-10-03 05:00,0.1247,0.1247,0.1247,1,1.0
2024-10-03 08:00,0.1249,0.1249,0.1249,1,1.0
2024-10-03 11:00,0.1291,0.1291,0.1291,1,1.0
2024-10-03 14:00,0.1311,0.1311,0.1311,1,1.0
2024-10-03 17:00,0.1504,0.1504,0.1504,1,1.0
2024-10-03 20:00,0.1801,0.1801,0.1801,1,1.0
2024-10-03 23:00,0.2036,0.2036,0.2036,1,1.0
2024-10-04 02:00,0.2034,0.2034,0.2034,1,1.0
2024-10-04 05:00,0.193,0.193,0.193,1,1.0
2024-10-04 08:00,0.1881,0.1881,0.1881,1,1.0
2024-10-04 11:00,0.1802,0.1802,0.1802,1,1.0
2024-10-04 14:00,0.1724,0.1724,0.1724,1,1.0
2024-10-04 17:00,0.1691,0.1691,0.1691,1,1.0
2024-10-04 20:00,0.1686,0.1686,0.1686,1,1.0
2024-10-04 23:00,0.1732,0.1732,0.1732,1,1.0
2024-10-05 02:00,0.1789,0.1789,0.1789,1,1.0
2024-10-05 05:00,0.1827,0.1827,0.1827,1,1.0
2024-10-05 08:00,0.1821,0.1821,0.1821,1,1.0
2024-10-05 11:00,0.1759,0.1759,0.1759,1,1.0
2024-10-05 14:00,0.1707,0.1707,0.1707,1,1.0
2024-10-05 17:00,0.171,0.171,0.171,1,1.0
2024-10-05 20:00,0.1708,0.1708,0.1708,1,1.0
2024-10-05 23:00,0.171,0.171,0.171,1,1.0
2024-10-06 02:00,0.1705,0.1705,0.1705,1,1.0
2024-10-06 05:00,0.1699,0.1699,0.1699,1,1.0
2024-10-06 08:00,0.1746,0.1746,0.1746,1,1.0
2024-10-06 11:00,0.1689,0.1689,0.1689,1,1.0
2024-10-06 14:00,0.1617,0.1617,0.1617,1,1.0
2024-10-06 17:00,0.1594,0.1594,0.1594,1,1.0
2024-10-06 20:00,0.1623,0.1623,0.1623,1,1.0
2024-10-06 23:00,0.1623,0.1623,0.1623,1,1.0
2024-10-07 02:00,0.1623,0.1623,0.1623,1,1.0
2024-10-07 05:00,0.1621,0.1621,0.1621,1,1.0
2024-10-07 08:00,0.1614,0.1614,0.1614,1,1.0
2024-10-07 11:00,0.1574,0.1574,0.1574,1,1.0
2024-10-07 14:00,0.1523,0.1523,0.1523,1,1.0
2024-10-07 17:00,0.1503,0.1503,0.1503,1,1.0
2024-10-07 20:00,0.15,0.15,0.15,1,1.0
2024-10-07 23:00,0.1496,0.1496,0.1496,1,1.0
2024-10-08 02:00,0.1488,0.1488,0.1488,1,1.0
2024-10-08 05:00,0.1478,0.1478,0.1478,1,1.0
2024-10-08 08:00,0.1471,0.1471,0.1471,1,1.0
2024-10-08 11:00,0.1429,0.1429,0.1429,1,1.0
2024-10-08 14:00,0.1386,0.1386,0.1386,1,1.0
2024-10-08 17:00,0.1498,0.1498,0.1498,1,1.0
2024-10-08 20:00,0.2431,0.2431,0.2431,1,1.0
2024-10-08 23:00,0.2774,0.2774,0.2774,1,1.0
2024-10-09 02:00,0.2548,0.2548,0.2548,1,1.0
2024-10-09 05:00,0.2303,0.2303,0.2303,1,1.0
2024-10-09 08:00,0.2182,0.2182,0.2182,1,1.0
2024-10-09 11:00,0.2079,0.2079,0.2079,1,1.0
2024-10-09 14:00,0.1973,0.1973,0.1973,1,1.0
2024-10-09 17:00,0.1934,0.1934,0.1934,1,1.0
2024-10-09 20:00,0.1924,0.1924,0.1924,1,1.0
2024-10-09 23:00,0.1913,0.1913,0.1913,1,1.0
2024-10-10 02:00,0.1904,0.1904,0.1904,1,1.0
2024-10-10 05:00,0.1895,0.1895,0.1895,1,1.0
2024-10-10 08:00,0.1879,0.1879,0.1879,1,1.0
2024-10-10 11:00,0.184,0.184,0.184,1,1.0
2024-10-10 14:00,0.1789,0.1789,0.1789,1,1.0
2024-10-10 17:00,0.1772,0.1772,0.1772,1,1.0
2024-10-10 20:00,0.177,0.177,0.177,1,1.0
2024-10-10 23:00,0.1766,0.1766,0.1766,1,1.0
2024-10-11 02:00,0.1761,0.1761,0.1761,1,1.0
2024-10-11 05:00,0.1756,0.1756,0.1756,1,1.0
2024-10-11 08:00,0.1692,0.1692,0.1692,1,1.0
2024-10-11 11:00,0.165,0.165,0.165,1,1.0
2024-10-11 14:00,0.1596,0.1596,0.1596,1,1.0
2024-10-11 17:00,0.1589,0.1589,0.1589,1,1.0
2024-10-11 20:00,0.1588,0.1588,0.1588,1,1.0
2024-10-11 23:00,0.1591,0.1591,0.1591,1,1.0
2024-10-12 02:00,0.1595,0.1595,0.1595,1,1.0
2024-10-12 05:00,0.1604,0.1604,0.1604,1,1.0
2024-10-12 08:00,0.1605,0.1605,0.1605,1,1.0
2024-10-12 11:00,0.1568,0.1568,0.1568,1,1.0
2024-10-12 14:00,0.1515,0.1515,0.1515,1,1.0
2024-10-12 17:00,0.1501,0.1501,0.1501,1,1.0
2024-10-12 20:00,0.1511,0.1511,0.1511,1,1.0
2024-10-12 23:00,0.1522,0.1522,0.1522,1,1.0
2024-10-13 02:00,0.1531,0.1531,0.1531,1,1.0
2024-10-13 05:00,0.1538,0.1538,0.1538,1,1.0
2024-10-13 08:00,0.1537,0.1537,0.1537,1,1.0
2024-10-13 11:00,0.1508,0.1508,0.1508,1,1.0
2024-10-13 14:00,0.1471,0.1471,0.1471,1,1.0
2024-10-13 17:00,0.1464,0.1464,0.1464,1,1.0
2024-10-13 20:00,0.1464,0.1464,0.1464,1,1.0
2024-10-13 23:00,0.1464,0.1464,0.1464,1,1.0
2024-10-14 02:00,0.1468,0.1468,0.1468,1,1.0
2024-10-14 05:00,0.1475,0.1475,0.1475,1,1.0
2024-10-14 08:00,0.1178,0.1178,0.1178,1,1.0
2024-10-14 11:00,0.1161,0.1161,0.1161,1,1.0
2024-10-14 14:00,0.1137,0.1137,0.1137,1,1.0
2024-10-14 17:00,0.1138,0.1138,0.1138,1,1.0
2024-10-14 20:00,0.119,0.119,0.119,1,1.0
2024-10-14 23:00,0.1213,0.1213,0.1213,1,1.0
2024-10-15 02:00,0.1226,0.1226,0.1226,1,1.0
2024-10-15 05:00,0.1232,0.1232,0.1232,1,1.0
2024-10-15 08:00,0.1243,0.1243,0.1243,1,1.0
2024-10-15 11:00,0.1236,0.1236,0.1236,1,1.0
2024-10-15 14:00,0.1214,0.1214,0.1214,1,1.0
2024-10-15 17:00,0.1213,0.1213,0.1213,1,1.0
2024-10-15 20:00,0.1225,0.1225,0.1225,1,1.0
2024-10-15 23:00,0.1239,0.1239,0.1239,1,1.0
2024-10-16 02:00,0.1254,0.1254,0.1254,1,1.0
2024-10-16 05:00,0.1274,0.1274,0.1274,1,1.0
2024-10-16 08:00,0.1276,0.1276,0.1276,1,1.0
2024-10-16 11:00,0.1267,0.1267,0.1267,1,1.0
2024-10-16 14:00,0.1248,0.1248,0.1248,1,1.0
2024-10-16 17:00,0.1315,0.1315,0.1315,1,1.0
2024-10-16 20:00,0.1323,0.1323,0.1323,1,1.0
2024-10-16 23:00,0.1361,0.1361,0.1361,1,1.0
2024-10-17 02:00,0.1526,0.1526,0.1526,1,1.0
2024-10-17 05:00,0.1557,0.1557,0.1557,1,1.0
2024-10-17 08:00,0.1541,0.1541,0.1541,1,1.0
2024-10-17 11:00,0.1501,0.1501,0.1501,1,1.0
2024-10-17 14:00,0.1466,0.1466,0.1466,1,1.0
2024-10-17 17:00,0.1506,0.1506,0.1506,1,1.0
2024-10-17 20:00,0.1519,0.1519,0.1519,1,1.0
2024-10-17 23:00,0.1521,0.1521,0.1521,1,1.0
2024-10-18 02:00,0.1545,0.1545,0.1545,1,1.0
2024-10-18 05:00,0.1704,0.1704,0.1704,1,1.0
2024-10-18 08:00,0.1859,0.1859,0.1859,1,1.0
2024-10-18 11:00,0.2663,0.2663,0.2663,1,1.0
2024-10-18 14:00,0.2819,0.2819,0.2819,1,1.0
2024-10-18 17:00,0.2443,0.2443,0.2443,1,1.0
2024-10-18 20:00,0.2281,0.2281,0.2281,1,1.0
2024-10-18 23:00,0.2236,0.2236,0.2236,1,1.0
2024-10-19 02:00,0.2308,0.2308,0.2308,1,1.0
2024-10-19 05:00,0.3499,0.3499,0.3499,1,1.0
2024-10-19 08:00,0.2814,0.2814,0.2814,1,1.0
2024-10-19 11:00,0.2563,0.2563,0.2563,1,1.0
2024-10-19 14:00,0.293,0.293,0.293,1,1.0
2024-10-19 17:00,0.2828,0.2828,0.2828,1,1.0
2024-10-19 20:00,0.2673,0.2673,0.2673,1,1.0
2024-10-19 23:00,0.256,0.256,0.256,1,1.0
2024-10-20 02:00,0.2579,0.2579,0.2579,1,1.0
2024-10-20 05:00,0.2643,0.2643,0.2643,1,1.0
2024-10-20 08:00,0.2603,0.2603,0.2603,1,1.0
2024-10-20 11:00,0.2456,0.2456,0.2456,1,1.0
2024-10-20 14:00,0.2349,0.2349,0.2349,1,1.0
2024-10-20 17:00,0.2313,0.2313,0.2313,1,1.0
2024-10-20 20:00,0.2294,0.2294,0.2294,1,1.0
2024-10-20 23:00,0.2273,0.2273,0.2273,1,1.0
2024-10-21 02:00,0.2255,0.2255,0.2255,1,1.0
2024-10-21 05:00,0.2248,0.2248,0.2248,1,1.0
2024-10-21 08:00,0.2237,0.2237,0.2237,1,1.0
2024-10-21 11:00,0.2194,0.2194,0.2194,1,1.0
2024-10-21 14:00,0.2143,0.2143,0.2143,1,1.0
2024-10-21 17:00,0.2129,0.2129,0.2129,1,1.0
2024-10-21 20:00,0.2126,0.2126,0.2126,1,1.0
2024-10-21 23:00,0.2127,0.2127,0.2127,1,1.0
2024-10-22 02:00,0.2126,0.2126,0.2126,1,1.0
2024-10-22 05:00,0.2125,0.2125,0.2125,1,1.0
2024-10-22 08:00,0.2074,0.2074,0.2074,1,1.0
2024-10-22 11:00,0.2039,0.2039,0.2039,1,1.0
2024-10-22 14:00,0.2034,0.2034,0.2034,1,1.0
2024-10-22 17:00,0.2039,0.2039,0.2039,1,1.0
2024-10-22 20:00,0.1988,0.1988,0.1988,1,1.0
2024-10-22 23:00,0.1995,0.1995,0.1995,1,1.0
2024-10-23 02:00,0.2003,0.2003,0.2003,1,1.0
2024-10-23 05:00,0.2007,0.2007,0.2007,1,1.0
2024-10-23 08:00,0.2016,0.2016,0.2016,1,1.0
2024-10-23 11:00,0.1993,0.1993,0.1993,1,1.0
2024-10-23 14:00,0.199,0.199,0.199,1,1.0
2024-10-23 17:00,0.2077,0.2077,0.2077,1,1.0
2024-10-23 20:00,0.2132,0.2132,0.2132,1,1.0
2024-10-23 23:00,0.2118,0.2118,0.2118,1,1.0
2024-10-24 02:00,0.211,0.211,0.211,1,1.0
2024-10-24 05:00,0.2106,0.2106,0.2106,1,1.0
2024-10-24 08:00,0.2019,0.2019,0.2019,1,1.0
2024-10-24 11:00,0.199,0.199,0.199,1,1.0
2024-10-24 14:00,0.1939,0.1939,0.1939,1,1.0
2024-10-24 17:00,0.1955,0.1955,0.1955,1,1.0
2024-10-24 20:00,0.1981,0.1981,0.1981,1,1.0
2024-10-24 23:00,0.1986,0.1986,0.1986,1,1.0
2024-10-25 02:00,0.1993,0.1993,0.1993,1,1.0
2024-10-25 05:00,0.1999,0.1999,0.1999,1,1.0
2024-10-25 08:00,0.1855,0.1855,0.1855,1,1.0
2024-10-25 11:00,0.1849,0.1849,0.1849,1,1.0
2024-10-25 14:00,0.1837,0.1837,0.1837,1,1.0
2024-10-25 17:00,0.1842,0.1842,0.1842,1,1.0
2024-10-25 20:00,0.1818,0.1818,0.1818,1,1.0
2024-10-25 23:00,0.1831,0.1831,0.1831,1,1.0
2024-10-26 02:00,0.1844,0.1844,0.1844,1,1.0
2024-10-26 05:00,0.1858,0.1858,0.1858,1,1.0
2024-10-26 08:00,0.1867,0.1867,0.1867,1,1.0
2024-10-26 11:00,0.184,0.184,0.184,1,1.0
2024-10-26 14:00,0.1791,0.1791,0.1791,1,1.0
2024-10-26 17:00,0.1786,0.1786,0.1786,1,1.0
2024-10-26 20:00,0.1799,0.1799,0.1799,1,1.0
2024-10-26 23:00,0.1812,0.1812,0.1812,1,1.0
2024-10-27 02:00,0.1823,0.1823,0.1823,1,1.0
2024-10-27 05:00,0.183,0.183,0.183,1,1.0
2024-10-27 08:00,0.186,0.186,0.186,1,1.0
2024-10-27 11:00,0.1827,0.1827,0.1827,1,1.0
2024-10-27 14:00,0.1778,0.1778,0.1778,1,1.0
2024-10-27 17:00,0.176,0.176,0.176,1,1.0
2024-10-27 20:00,0.1773,0.1773,0.1773,1,1.0
2024-10-27 23:00,0.1787,0.1787,0.1787,1,1.0
2024-10-28 02:00,0.1802,0.1802,0.1802,1,1.0
2024-10-28 05:00,0.181,0.181,0.181,1,1.0
2024-10-28 08:00,0.1812,0.1812,0.1812,1,1.0
2024-10-28 11:00,0.1784,0.1784,0.1784,1,1.0
2024-10-28 14:00,0.1733,0.1733,0.1733,1,1.0
2024-10-28 17:00,0.1722,0.1722,0.1722,1,1.0
2024-10-28 20:00,0.1731,0.1731,0.1731,1,1.0
2024-10-28 23:00,0.1744,0.1744,0.1744,1,1.0
2024-10-29 02:00,0.1758,0.1758,0.1758,1,1.0
2024-10-29 05:00,0.1773,0.1773,0.1773,1,1.0
2024-10-29 08:00,0.1784,0.1784,0.1784,1,1.0
2024-10-29 11:00,0.1762,0.1762,0.1762,1,1.0
2024-10-29 14:00,0.1717,0.1717,0.1717,1,1.0
2024-10-29 17:00,0.1711,0.1711,0.1711,1,1.0
2024-10-29 20:00,0.173,0.173,0.173,1,1.0
2024-10-29 23:00,0.1745,0.1745,0.1745,1,1.0
2024-10-30 02:00,0.1759,0.1759,0.1759,1,1.0
2024-10-30 05:00,0.1772,0.1772,0.1772,1,1.0
2024-10-30 08:00,0.1474,0.1474,0.1474,1,1.0
2024-10-30 11:00,0.1479,0.1479,0.1479,1,1.0
2024-10-30 14:00,0.1465,0.1465,0.1465,1,1.0
2024-10-30 17:00,0.1466,0.1466,0.1466,1,1.0
2024-10-30 20:00,0.148,0.148,0.148,1,1.0
2024-10-30 23:00,0.1496,0.1496,0.1496,1,1.0
2024-10-31 02:00,0.1516,0.1516,0.1516,1,1.0
2024-10-31 05:00,0.1539,0.1539,0.1539,1,1.0
2024-10-31 08:00,0.1556,0.1556,0.1556,1,1.0
2024-10-31 11:00,0.1542,0.1542,0.1542,1,1.0
2024-10-31 14:00,0.1514,0.1514,0.1514,1,1.0
2024-10-31 17:00,0.1513,0.1513,0.1513,1,1.0
2024-10-31 20:00,0.1532,0.1532,0.1532,1,1.0
2024-10-31 23:00,0.1549,0.1549,0.1549,1,1.0
2024-11-01 02:00,0.1567,0.1567,0.1567,1,1.0
2024-11-01 05:00,0.1589,0.1589,0.1589,1,1.0
2024-11-01 08:00,0.1575,0.1575,0.1575,1,1.0
2024-11-01 11:00,0.1552,0.1552,0.1552,1,1.0
2024-11-01 14:00,0.1509,0.1509,0.1509,1,1.0
2024-11-01 17:00,0.1506,0.1506,0.1506,1,1.0
2024-11-01 20:00,0.1523,0.1523,0.1523,1,1.0
2024-11-01 23:00,0.1543,0.1543,0.1543,1,1.0
2024-11-02 02:00,0.1556,0.1556,0.1556,1,1.0
2024-11-02 05:00,0.1571,0.1571,0.1571,1,1.0
2024-11-02 08:00,0.1515,0.1515,0.1515,1,1.0
2024-11-02 11:00,0.1502,0.1502,0.1502,1,1.0
2024-11-02 14:00,0.1473,0.1473,0.1473,1,1.0
2024-11-02 17:00,0.147,0.147,0.147,1,1.0
2024-11-02 20:00,0.1492,0.1492,0.1492,1,1.0
2024-11-02 23:00,0.1513,0.1513,0.1513,1,1.0
2024-11-03 02:00,0.1537,0.1537,0.1537,1,1.0
2024-11-03 05:00,0.1556,0.1556,0.1556,1,1.0
2024-11-03 08:00,0.1566,0.1566,0.1566,1,1.0
2024-11-03 11:00,0.1548,0.1548,0.1548,1,1.0
2024-11-03 14:00,0.1514,0.1514,0.1514,1,1.0
2024-11-03 17:00,0.1514,0.1514,0.1514,1,1.0
2024-11-03 20:00,0.1529,0.1529,0.1529,1,1.0
2024-11-03 23:00,0.1542,0.1542,0.1542,1,1.0
2024-11-04 02:00,0.1556,0.1556,0.1556,1,1.0
2024-11-04 05:00,0.1569,0.1569,0.1569,1,1.0
2024-11-04 08:00,0.1497,0.1497,0.1497,1,1.0
2024-11-04 11:00,0.1496,0.1496,0.1496,1,1.0
2024-11-04 14:00,0.1484,0.1484,0.1484,1,1.0
2024-11-04 17:00,0.1492,0.1492,0.1492,1,1.0
2024-11-04 20:00,0.1507,0.1507,0.1507,1,1.0
2024-11-04 23:00,0.1526,0.1526,0.1526,1,1.0
2024-11-05 02:00,0.1542,0.1542,0.1542,1,1.0
2024-11-05 05:00,0.1556,0.1556,0.1556,1,1.0
2024-11-05 08:00,0.1572,0.1572,0.1572,1,1.0
2024-11-05 11:00,0.1558,0.1558,0.1558,1,1.0
2024-11-05 14:00,0.1522,0.1522,0.1522,1,1.0
2024-11-05 17:00,0.1521,0.1521,0.1521,1,1.0
2024-11-05 20:00,0.1535,0.1535,0.1535,1,1.0
2024-11-05 23:00,0.155,0.155,0.155,1,1.0
2024-11-06 02:00,0.1561,0.1561,0.1561,1,1.0
2024-11-06 05:00,0.157,0.157,0.157,1,1.0
2024-11-06 08:00,0.1572,0.1572,0.1572,1,1.0
2024-11-06 11:00,0.1551,0.1551,0.1551,1,1.0
2024-11-06 14:00,0.1515,0.1515,0.1515,1,1.0
2024-11-06 17:00,0.151,0.151,0.151,1,1.0
2024-11-06 20:00,0.152,0.152,0.152,1,1.0
2024-11-06 23:00,0.1527,0.1527,0.1527,1,1.0
2024-11-07 02:00,0.1535,0.1535,0.1535,1,1.0
2024-11-07 05:00,0.1548,0.1548,0.1548,1,1.0
2024-11-07 08:00,0.1458,0.1458,0.1458,1,1.0
2024-11-07 11:00,0.1453,0.1453,0.1453,1,1.0
2024-11-07 14:00,0.1431,0.1431,0.1431,1,1.0
2024-11-07 17:00,0.143,0.143,0.143,1,1.0
2024-11-07 20:00,0.1458,0.1458,0.1458,1,1.0
2024-11-07 23:00,0.1473,0.1473,0.1473,1,1.0
2024-11-08 02:00,0.1498,0.1498,0.1498,1,1.0
2024-11-08 05:00,0.1531,0.1531,0.1531,1,1.0
2024-11-08 08:00,0.1548,0.1548,0.1548,1,1.0
2024-11-08 11:00,0.1551,0.1551,0.1551,1,1.0
2024-11-08 14:00,0.1534,0.1534,0.1534,1,1.0
2024-11-08 17:00,0.1545,0.1545,0.1545,1,1.0
2024-11-08 20:00,0.1555,0.1555,0.1555,1,1.0
2024-11-08 23:00,0.1562,0.1562,0.1562,1,1.0
2024-11-09 02:00,0.1572,0.1572,0.1572,1,1.0
2024-11-09 05:00,0.1582,0.1582,0.1582,1,1.0
2024-11-09 08:00,0.1568,0.1568,0.1568,1,1.0
2024-11-09 11:00,0.1557,0.1557,0.1557,1,1.0
2024-11-09 14:00,0.1528,0.1528,0.1528,1,1.0
2024-11-09 17:00,0.1534,0.1534,0.1534,1,1.0
2024-11-09 20:00,0.1541,0.1541,0.1541,1,1.0
2024-11-09 23:00,0.1556,0.1556,0.1556,1,1.0
2024-11-10 02:00,0.1569,0.1569,0.1569,1,1.0
2024-11-10 05:00,0.1582,0.1582,0.1582,1,1.0
2024-11-10 08:00,0.1577,0.1577,0.1577,1,1.0
2024-11-10 11:00,0.1561,0.1561,0.1561,1,1.0
2024-11-10 14:00,0.1533,0.1533,0.1533,1,1.0
2024-11-10 17:00,0.1533,0.1533,0.1533,1,1.0
2024-11-10 20:00,0.1564,0.1564,0.1564,1,1.0
2024-11-10 23:00,0.1572,0.1572,0.1572,1,1.0
2024-11-11 02:00,0.1585,0.1585,0.1585,1,1.0
2024-11-11 05:00,0.1597,0.1597,0.1597,1,1.0
2024-11-11 08:00,0.1607,0.1607,0.1607,1,1.0
2024-11-11 11:00,0.159,0.159,0.159,1,1.0
2024-11-11 14:00,0.1558,0.1558,0.1558,1,1.0
2024-11-11 17:00,0.1553,0.1553,0.1553,1,1.0
2024-11-11 20:00,0.1563,0.1563,0.1563,1,1.0
2024-11-11 23:00,0.1573,0.1573,0.1573,1,1.0
2024-11-12 02:00,0.1582,0.1582,0.1582,1,1.0
2024-11-12 05:00,0.1591,0.1591,0.1591,1,1.0
2024-11-12 08:00,0.1591,0.1591,0.1591,1,1.0
2024-11-12 11:00,0.1574,0.1574,0.1574,1,1.0
2024-11-12 14:00,0.1546,0.1546,0.1546,1,1.0
2024-11-12 17:00,0.1562,0.1562,0.1562,1,1.0
2024-11-12 20:00,0.157,0.157,0.157,1,1.0
2024-11-12 23:00,0.1628,0.1628,0.1628,1,1.0
2024-11-13 02:00,0.1925,0.1925,0.1925,1,1.0
2024-11-13 05:00,0.1949,0.1949,0.1949,1,1.0
2024-11-13 08:00,0.2309,0.2309,0.2309,1,1.0
2024-11-13 11:00,0.2935,0.2935,0.2935,1,1.0
2024-11-13 14:00,0.2932,0.2932,0.2932,1,1.0
2024-11-13 17:00,0.2565,0.2565,0.2565,1,1.0
2024-11-13 20:00,0.2446,0.2446,0.2446,1,1.0
2024-11-13 23:00,0.2417,0.2417,0.2417,1,1.0
2024-11-14 02:00,0.2392,0.2392,0.2392,1,1.0
2024-11-14 05:00,0.2348,0.2348,0.2348,1,1.0
2024-11-14 08:00,0.2309,0.2309,0.2309,1,1.0
2024-11-14 11:00,0.2247,0.2247,0.2247,1,1.0
2024-11-14 14:00,0.2173,0.2173,0.2173,1,1.0
2024-11-14 17:00,0.2162,0.2162,0.2162,1,1.0
2024-11-14 20:00,0.2191,0.2191,0.2191,1,1.0
2024-11-14 23:00,0.2178,0.2178,0.2178,1,1.0
2024-11-15 02:00,0.2163,0.2163,0.2163,1,1.0
2024-11-15 05:00,0.2151,0.2151,0.2151,1,1.0
2024-11-15 08:00,0.2124,0.2124,0.2124,1,1.0
2024-11-15 11:00,0.2074,0.2074,0.2074,1,1.0
2024-11-15 14:00,0.2017,0.2017,0.2017,1,1.0
2024-11-15 17:00,0.1995,0.1995,0.1995,1,1.0
2024-11-15 20:00,0.1963,0.1963,0.1963,1,1.0
2024-11-15 23:00,0.1964,0.1964,0.1964,1,1.0
2024-11-16 02:00,0.1966,0.1966,0.1966,1,1.0
2024-11-16 05:00,0.1969,0.1969,0.1969,1,1.0
2024-11-16 08:00,0.1966,0.1966,0.1966,1,1.0
2024-11-16 11:00,0.1936,0.1936,0.1936,1,1.0
2024-11-16 14:00,0.1894,0.1894,0.1894,1,1.0
2024-11-16 17:00,0.1885,0.1885,0.1885,1,1.0
2024-11-16 20:00,0.1891,0.1891,0.1891,1,1.0
2024-11-16 23:00,0.1896,0.1896,0.1896,1,1.0
2024-11-17 02:00,0.1898,0.1898,0.1898,1,1.0
2024-11-17 05:00,0.1902,0.1902,0.1902,1,1.0
2024-11-17 08:00,0.1924,0.1924,0.1924,1,1.0
2024-11-17 11:00,0.1914,0.1914,0.1914,1,1.0
2024-11-17 14:00,0.189,0.189,0.189,1,1.0
2024-11-17 17:00,0.1887,0.1887,0.1887,1,1.0
2024-11-17 20:00,0.1896,0.1896,0.1896,1,1.0
2024-11-17 23:00,0.1905,0.1905,0.1905,1,1.0
2024-11-18 02:00,0.1911,0.1911,0.1911,1,1.0
2024-11-18 05:00,0.1917,0.1917,0.1917,1,1.0
2024-11-18 08:00,0.1881,0.1881,0.1881,1,1.0
2024-11-18 11:00,0.1869,0.1869,0.1869,1,1.0
2024-11-18 14:00,0.1848,0.1848,0.1848,1,1.0
2024-11-18 17:00,0.1847,0.1847,0.1847,1,1.0
2024-11-18 20:00,0.1853,0.1853,0.1853,1,1.0
2024-11-18 23:00,0.1856,0.1856,0.1856,1,1.0
2024-11-19 02:00,0.1861,0.1861,0.1861,1,1.0
2024-11-19 05:00,0.1866,0.1866,0.1866,1,1.0
2024-11-19 08:00,0.187,0.187,0.187,1,1.0
2024-11-19 11:00,0.1854,0.1854,0.1854,1,1.0
2024-11-19 14:00,0.1834,0.1834,0.1834,1,1.0
2024-11-19 17:00,0.1833,0.1833,0.1833,1,1.0
2024-11-19 20:00,0.1831,0.1831,0.1831,1,1.0
2024-11-19 23:00,0.1833,0.1833,0.1833,1,1.0
2024-11-20 02:00,0.1841,0.1841,0.1841,1,1.0
2024-11-20 05:00,0.185,0.185,0.185,1,1.0
2024-11-20 08:00,0.1865,0.1865,0.1865,1,1.0
2024-11-20 11:00,0.1951,0.1951,0.1951,1,1.0
2024-11-20 14:00,0.207,0.207,0.207,1,1.0
2024-11-20 17:00,0.2169,0.2169,0.2169,1,1.0
2024-11-20 20:00,0.2145,0.2145,0.2145,1,1.0
2024-11-20 23:00,0.2096,0.2096,0.2096,1,1.0
2024-11-21 02:00,0.2072,0.2072,0.2072,1,1.0
2024-11-21 05:00,0.2062,0.2062,0.2062,1,1.0
2024-11-21 08:00,0.2046,0.2046,0.2046,1,1.0
2024-11-21 11:00,0.2002,0.2002,0.2002,1,1.0
2024-11-21 14:00,0.1944,0.1944,0.1944,1,1.0
2024-11-21 17:00,0.1923,0.1923,0.1923,1,1.0
2024-11-21 20:00,0.1916,0.1916,0.1916,1,1.0
2024-11-21 23:00,0.1953,0.1953,0.1953,1,1.0
2024-11-22 02:00,0.1998,0.1998,0.1998,1,1.0
2024-11-22 05:00,0.2014,0.2014,0.2014,1,1.0
2024-11-22 08:00,0.2085,0.2085,0.2085,1,1.0
2024-11-22 11:00,0.2554,0.2554,0.2554,1,1.0
2024-11-22 14:00,0.2606,0.2606,0.2606,1,1.0
2024-11-22 17:00,0.2399,0.2399,0.2399,1,1.0
2024-11-22 20:00,0.2335,0.2335,0.2335,1,1.0
2024-11-22 23:00,0.2295,0.2295,0.2295,1,1.0
2024-11-23 02:00,0.2265,0.2265,0.2265,1,1.0
2024-11-23 05:00,0.2239,0.2239,0.2239,1,1.0
2024-11-23 08:00,0.2239,0.2239,0.2239,1,1.0
2024-11-23 11:00,0.217,0.217,0.217,1,1.0
2024-11-23 14:00,0.2096,0.2096,0.2096,1,1.0
2024-11-23 17:00,0.207,0.207,0.207,1,1.0
2024-11-23 20:00,0.2088,0.2088,0.2088,1,1.0
2024-11-23 23:00,0.2081,0.2081,0.2081,1,1.0
2024-11-24 02:00,0.2076,0.2076,0.2076,1,1.0
2024-11-24 05:00,0.2071,0.2071,0.2071,1,1.0
2024-11-24 08:00,0.2066,0.2066,0.2066,1,1.0
2024-11-24 11:00,0.2029,0.2029,0.2029,1,1.0
2024-11-24 14:00,0.1981,0.1981,0.1981,1,1.0
2024-11-24 17:00,0.1975,0.1975,0.1975,1,1.0
2024-11-24 20:00,0.1982,0.1982,0.1982,1,1.0
2024-11-24 23:00,0.1988,0.1988,0.1988,1,1.0
2024-11-25 02:00,0.199,0.199,0.199,1,1.0
2024-11-25 05:00,0.1988,0.1988,0.1988,1,1.0
2024-11-25 08:00,0.1984,0.1984,0.1984,1,1.0
2024-11-25 11:00,0.1963,0.1963,0.1963,1,1.0
2024-11-25 14:00,0.1941,0.1941,0.1941,1,1.0
2024-11-25 17:00,0.1943,0.1943,0.1943,1,1.0
2024-11-25 20:00,0.1951,0.1951,0.1951,1,1.0
2024-11-25 23:00,0.1962,0.1962,0.1962,1,1.0
2024-11-26 02:00,0.1971,0.1971,0.1971,1,1.0
2024-11-26 05:00,0.1973,0.1973,0.1973,1,1.0
2024-11-26 08:00,0.1958,0.1958,0.1958,1,1.0
2024-11-26 11:00,0.195,0.195,0.195,1,1.0
2024-11-26 14:00,0.1943,0.1943,0.1943,1,1.0
2024-11-26 17:00,0.1948,0.1948,0.1948,1,1.0
2024-11-26 20:00,0.191,0.191,0.191,1,1.0
2024-11-26 23:00,0.1924,0.1924,0.1924,1,1.0
2024-11-27 02:00,0.1942,0.1942,0.1942,1,1.0
2024-11-27 05:00,0.1956,0.1956,0.1956,1,1.0
2024-11-27 08:00,0.1967,0.1967,0.1967,1,1.0
2024-11-27 11:00,0.197,0.197,0.197,1,1.0
2024-11-27 14:00,0.1955,0.1955,0.1955,1,1.0
2024-11-27 17:00,0.1952,0.1952,0.1952,1,1.0
2024-11-27 20:00,0.1958,0.1958,0.1958,1,1.0
2024-11-27 23:00,0.1962,0.1962,0.1962,1,1.0
2024-11-28 02:00,0.1965,0.1965,0.1965,1,1.0
2024-11-28 05:00,0.1971,0.1971,0.1971,1,1.0
2024-11-28 08:00,0.1976,0.1976,0.1976,1,1.0
2024-11-28 11:00,0.1974,0.1974,0.1974,1,1.0
2024-11-28 14:00,0.1972,0.1972,0.1972,1,1.0
2024-11-28 17:00,0.1999,0.1999,0.1999,1,1.0
2024-11-28 20:00,0.1999,0.1999,0.1999,1,1.0
2024-11-28 23:00,0.2002,0.2002,0.2002,1,1.0
2024-11-29 02:00,0.2005,0.2005,0.2005,1,1.0
2024-11-29 05:00,0.2008,0.2008,0.2008,1,1.0
2024-11-29 08:00,0.2006,0.2006,0.2006,1,1.0
2024-11-29 11:00,0.2045,0.2045,0.2045,1,1.0
2024-11-29 14:00,0.2292,0.2292,0.2292,1,1.0
2024-11-29 17:00,0.2369,0.2369,0.2369,1,1.0
2024-11-29 20:00,0.2287,0.2287,0.2287,1,1.0
2024-11-29 23:00,0.2244,0.2244,0.2244,1,1.0
2024-11-30 02:00,0.2223,0.2223,0.2223,1,1.0
2024-11-30 05:00,0.2207,0.2207,0.2207,1,1.0
2024-11-30 08:00,0.2191,0.2191,0.2191,1,1.0
2024-11-30 11:00,0.2155,0.2155,0.2155,1,1.0
2024-11-30 14:00,0.2112,0.2112,0.2112,1,1.0
2024-11-30 17:00,0.2088,0.2088,0.2088,1,1.0
2024-11-30 20:00,0.2081,0.2081,0.2081,1,1.0
2024-11-30 23:00,0.2079,0.2079,0.2079,1,1.0
2024-12-01 02:00,0.2077,0.2077,0.2077,1,1.0
2024-12-01 05:00,0.2075,0.2075,0.2075,1,1.0
2024-12-01 08:00,0.2114,0.2114,0.2114,1,1.0
2024-12-01 11:00,0.21,0.21,0.21,1,1.0
2024-12-01 14:00,0.2077,0.2077,0.2077,1,1.0
2024-12-01 17:00,0.2067,0.2067,0.2067,1,1.0
2024-12-01 20:00,0.209,0.209,0.209,1,1.0
2024-12-01 23:00,0.209,0.209,0.209,1,1.0
2024-12-02 02:00,0.2095,0.2095,0.2095,1,1.0
2024-12-02 05:00,0.2098,0.2098,0.2098,1,1.0
2024-12-02 08:00,0.2092,0.2092,0.2092,1,1.0
2024-12-02 11:00,0.2067,0.2067,0.2067,1,1.0
2024-12-02 14:00,0.2034,0.2034,0.2034,1,1.0
2024-12-02 17:00,0.2028,0.2028,0.2028,1,1.0
2024-12-02 20:00,0.2028,0.2028,0.2028,1,1.0
2024-12-02 23:00,0.2028,0.2028,0.2028,1,1.0
2024-12-03 02:00,0.203,0.203,0.203,1,1.0
2024-12-03 05:00,0.2034,0.2034,0.2034,1,1.0
2024-12-03 08:00,0.203,0.203,0.203,1,1.0
2024-12-03 11:00,0.2039,0.2039,0.2039,1,1.0
2024-12-03 14:00,0.2046,0.2046,0.2046,1,1.0
2024-12-03 17:00,0.2173,0.2173,0.2173,1,1.0
2024-12-03 20:00,0.2652,0.2652,0.2652,1,1.0
2024-12-03 23:00,0.249,0.249,0.249,1,1.0
2024-12-04 02:00,0.255,0.255,0.255,1,1.0
2024-12-04 05:00,0.267,0.267,0.267,1,1.0
2024-12-04 08:00,0.2547,0.2547,0.2547,1,1.0
2024-12-04 11:00,0.2541,0.2541,0.2541,1,1.0
2024-12-04 14:00,0.2494,0.2494,0.2494,1,1.0
2024-12-04 17:00,0.245,0.245,0.245,1,1.0
2024-12-04 20:00,0.2432,0.2432,0.2432,1,1.0
2024-12-04 23:00,0.2474,0.2474,0.2474,1,1.0
2024-12-05 02:00,0.2588,0.2588,0.2588,1,1.0
2024-12-05 05:00,0.2562,0.2562,0.2562,1,1.0
2024-12-05 08:00,0.2482,0.2482,0.2482,1,1.0
2024-12-05 11:00,0.2432,0.2432,0.2432,1,1.0
2024-12-05 14:00,0.2377,0.2377,0.2377,1,1.0
2024-12-05 17:00,0.2349,0.2349,0.2349,1,1.0
2024-12-05 20:00,0.2337,0.2337,0.2337,1,1.0
2024-12-05 23:00,0.2322,0.2322,0.2322,1,1.0
2024-12-06 02:00,0.2379,0.2379,0.2379,1,1.0
2024-12-06 05:00,0.2405,0.2405,0.2405,1,1.0
2024-12-06 08:00,0.2369,0.2369,0.2369,1,1.0
2024-12-06 11:00,0.2326,0.2326,0.2326,1,1.0
2024-12-06 14:00,0.2269,0.2269,0.2269,1,1.0
2024-12-06 17:00,0.227,0.227,0.227,1,1.0
2024-12-06 20:00,0.2265,0.2265,0.2265,1,1.0
2024-12-06 23:00,0.226,0.226,0.226,1,1.0
2024-12-07 02:00,0.2257,0.2257,0.2257,1,1.0
2024-12-07 05:00,0.2265,0.2265,0.2265,1,1.0
2024-12-07 08:00,0.2256,0.2256,0.2256,1,1.0
2024-12-07 11:00,0.2218,0.2218,0.2218,1,1.0
2024-12-07 14:00,0.2168,0.2168,0.2168,1,1.0
2024-12-07 17:00,0.2157,0.2157,0.2157,1,1.0
2024-12-07 20:00,0.2163,0.2163,0.2163,1,1.0
2024-12-07 23:00,0.2169,0.2169,0.2169,1,1.0
2024-12-08 02:00,0.2176,0.2176,0.2176,1,1.0
2024-12-08 05:00,0.3146,0.3146,0.3146,1,1.0
2024-12-08 08:00,0.3092,0.3092,0.3092,1,1.0
2024-12-08 11:00,0.29,0.29,0.29,1,1.0
2024-12-08 14:00,0.2975,0.2975,0.2975,1,1.0
2024-12-08 17:00,0.3286,0.3286,0.3286,1,1.0
2024-12-08 20:00,0.3252,0.3252,0.3252,1,1.0
2024-12-08 23:00,0.3046,0.3046,0.3046,1,1.0
2024-12-09 02:00,0.2951,0.2951,0.2951,1,1.0
2024-12-09 05:00,0.2901,0.2901,0.2901,1,1.0
2024-12-09 08:00,0.3008,0.3008,0.3008,1,1.0
2024-12-09 11:00,0.3055,0.3055,0.3055,1,1.0
2024-12-09 14:00,0.3067,0.3067,0.3067,1,1.0
2024-12-09 17:00,0.3038,0.3038,0.3038,1,1.0
2024-12-09 20:00,0.3005,0.3005,0.3005,1,1.0
2024-12-09 23:00,0.3261,0.3261,0.3261,1,1.0
2024-12-10 02:00,0.3829,0.3829,0.3829,1,1.0
2024-12-10 05:00,0.3376,0.3376,0.3376,1,1.0
2024-12-10 08:00,0.3278,0.3278,0.3278,1,1.0
2024-12-10 11:00,0.3205,0.3205,0.3205,1,1.0
2024-12-10 14:00,0.3232,0.3232,0.3232,1,1.0
2024-12-10 17:00,0.3147,0.3147,0.3147,1,1.0
2024-12-10 20:00,0.3119,0.3119,0.3119,1,1.0
2024-12-10 23:00,0.311,0.311,0.311,1,1.0
2024-12-11 02:00,0.3107,0.3107,0.3107,1,1.0
2024-12-11 05:00,0.3111,0.3111,0.3111,1,1.0
2024-12-11 08:00,0.309,0.309,0.309,1,1.0
2024-12-11 11:00,0.3063,0.3063,0.3063,1,1.0
2024-12-11 14:00,0.3031,0.3031,0.3031,1,1.0
2024-12-11 17:00,0.3025,0.3025,0.3025,1,1.0
2024-12-11 20:00,0.3012,0.3012,0.3012,1,1.0
2024-12-11 23:00,0.2992,0.2992,0.2992,1,1.0
2024-12-12 02:00,0.3064,0.3064,0.3064,1,1.0
2024-12-12 05:00,0.3086,0.3086,0.3086,1,1.0
2024-12-12 08:00,0.3035,0.3035,0.3035,1,1.0
2024-12-12 11:00,0.298,0.298,0.298,1,1.0
2024-12-12 14:00,0.2901,0.2901,0.2901,1,1.0
2024-12-12 17:00,0.2872,0.2872,0.2872,1,1.0
2024-12-12 20:00,0.2835,0.2835,0.2835,1,1.0
2024-12-12 23:00,0.2835,0.2835,0.2835,1,1.0
2024-12-13 02:00,0.2949,0.2949,0.2949,1,1.0
2024-12-13 05:00,0.3001,0.3001,0.3001,1,1.0
2024-12-13 08:00,0.297,0.297,0.297,1,1.0
2024-12-13 11:00,0.2924,0.2924,0.2924,1,1.0
2024-12-13 14:00,0.2861,0.2861,0.2861,1,1.0
2024-12-13 17:00,0.284,0.284,0.284,1,1.0
2024-12-13 20:00,0.2839,0.2839,0.2839,1,1.0
2024-12-13 23:00,0.3079,0.3079,0.3079,1,1.0
2024-12-14 02:00,0.3319,0.3319,0.3319,1,1.0
2024-12-14 05:00,0.3196,0.3196,0.3196,1,1.0
2024-12-14 08:00,0.3149,0.3149,0.3149,1,1.0
2024-12-14 11:00,0.3203,0.3203,0.3203,1,1.0
2024-12-14 14:00,0.3334,0.3334,0.3334,1,1.0
2024-12-14 17:00,0.3368,0.3368,0.3368,1,1.0
2024-12-14 20:00,0.3271,0.3271,0.3271,1,1.0
2024-12-14 23:00,0.3199,0.3199,0.3199,1,1.0
2024-12-15 02:00,0.3163,0.3163,0.3163,1,1.0
2024-12-15 05:00,0.3133,0.3133,0.3133,1,1.0
2024-12-15 08:00,0.3112,0.3112,0.3112,1,1.0
2024-12-15 11:00,0.3112,0.3112,0.3112,1,1.0
2024-12-15 14:00,0.3138,0.3138,0.3138,1,1.0
2024-12-15 17:00,0.3099,0.3099,0.3099,1,1.0
2024-12-15 20:00,0.308,0.308,0.308,1,1.0
2024-12-15 23:00,0.3062,0.3062,0.3062,1,1.0
2024-12-16 02:00,0.3056,0.3056,0.3056,1,1.0
2024-12-16 05:00,0.3048,0.3048,0.3048,1,1.0
2024-12-16 08:00,0.3038,0.3038,0.3038,1,1.0
2024-12-16 11:00,0.2995,0.2995,0.2995,1,1.0
2024-12-16 14:00,0.2923,0.2923,0.2923,1,1.0
2024-12-16 17:00,0.2907,0.2907,0.2907,1,1.0
2024-12-16 20:00,0.2908,0.2908,0.2908,1,1.0
2024-12-16 23:00,0.2909,0.2909,0.2909,1,1.0
2024-12-17 02:00,0.2915,0.2915,0.2915,1,1.0
2024-12-17 05:00,0.2923,0.2923,0.2923,1,1.0
2024-12-17 08:00,0.2928,0.2928,0.2928,1,1.0
2024-12-17 11:00,0.2895,0.2895,0.2895,1,1.0
2024-12-17 14:00,0.2831,0.2831,0.2831,1,1.0
2024-12-17 17:00,0.2827,0.2827,0.2827,1,1.0
2024-12-17 20:00,0.2849,0.2849,0.2849,1,1.0
2024-12-17 23:00,0.2864,0.2864,0.2864,1,1.0
2024-12-18 02:00,0.2879,0.2879,0.2879,1,1.0
2024-12-18 05:00,0.2888,0.2888,0.2888,1,1.0
2024-12-18 08:00,0.2893,0.2893,0.2893,1,1.0
2024-12-18 11:00,0.288,0.288,0.288,1,1.0
2024-12-18 14:00,0.2858,0.2858,0.2858,1,1.0
2024-12-18 17:00,0.2862,0.2862,0.2862,1,1.0
2024-12-18 20:00,0.2869,0.2869,0.2869,1,1.0
2024-12-18 23:00,0.2878,0.2878,0.2878,1,1.0
2024-12-19 02:00,0.2886,0.2886,0.2886,1,1.0
2024-12-19 05:00,0.2891,0.2891,0.2891,1,1.0
2024-12-19 08:00,0.2897,0.2897,0.2897,1,1.0
2024-12-19 11:00,0.2872,0.2872,0.2872,1,1.0
2024-12-19 14:00,0.2822,0.2822,0.2822,1,1.0
2024-12-19 17:00,0.2864,0.2864,0.2864,1,1.0
2024-12-19 20:00,0.2873,0.2873,0.2873,1,1.0
2024-12-19 23:00,0.2896,0.2896,0.2896,1,1.0
2024-12-20 02:00,0.2991,0.2991,0.2991,1,1.0
2024-12-20 05:00,0.3094,0.3094,0.3094,1,1.0
2024-12-20 08:00,0.3091,0.3091,0.3091,1,1.0
2024-12-20 11:00,0.3067,0.3067,0.3067,1,1.0
2024-12-20 14:00,0.3128,0.3128,0.3128,1,1.0
2024-12-20 17:00,0.3163,0.3163,0.3163,1,1.0
2024-12-20 20:00,0.3137,0.3137,0.3137,1,1.0
2024-12-20 23:00,0.3099,0.3099,0.3099,1,1.0
2024-12-21 02:00,0.3076,0.3076,0.3076,1,1.0
2024-12-21 05:00,0.3057,0.3057,0.3057,1,1.0
2024-12-21 08:00,0.304,0.304,0.304,1,1.0
2024-12-21 11:00,0.2977,0.2977,0.2977,1,1.0
2024-12-21 14:00,0.2894,0.2894,0.2894,1,1.0
2024-12-21 17:00,0.2879,0.2879,0.2879,1,1.0
2024-12-21 20:00,0.2887,0.2887,0.2887,1,1.0
2024-12-21 23:00,0.2898,0.2898,0.2898,1,1.0
2024-12-22 02:00,0.291,0.291,0.291,1,1.0
2024-12-22 05:00,0.2918,0.2918,0.2918,1,1.0
2024-12-22 08:00,0.2917,0.2917,0.2917,1,1.0
2024-12-22 11:00,0.2878,0.2878,0.2878,1,1.0
2024-12-22 14:00,0.2823,0.2823,0.2823,1,1.0
2024-12-22 17:00,0.2851,0.2851,0.2851,1,1.0
2024-12-22 20:00,0.3086,0.3086,0.3086,1,1.0
2024-12-22 23:00,0.3548,0.3548,0.3548,1,1.0
2024-12-23 02:00,0.3597,0.3597,0.3597,1,1.0
2024-12-23 05:00,0.3451,0.3451,0.3451,1,1.0
2024-12-23 08:00,0.3437,0.3437,0.3437,1,1.0
2024-12-23 11:00,0.3392,0.3392,0.3392,1,1.0
2024-12-23 14:00,0.338,0.338,0.338,1,1.0
2024-12-23 17:00,0.3333,0.3333,0.3333,1,1.0
2024-12-23 20:00,0.3268,0.3268,0.3268,1,1.0
2024-12-23 23:00,0.3315,0.3315,0.3315,1,1.0
2024-12-24 02:00,0.3299,0.3299,0.3299,1,1.0
2024-12-24 05:00,0.3262,0.3262,0.3262,1,1.0
2024-12-24 08:00,0.3222,0.3222,0.3222,1,1.0
2024-12-24 11:00,0.3169,0.3169,0.3169,1,1.0
2024-12-24 14:00,0.3106,0.3106,0.3106,1,1.0
2024-12-24 17:00,0.3077,0.3077,0.3077,1,1.0
2024-12-24 20:00,0.3107,0.3107,0.3107,1,1.0
2024-12-24 23:00,0.3133,0.3133,0.3133,1,1.0
2024-12-25 02:00,0.3132,0.3132,0.3132,1,1.0
2024-12-25 05:00,0.3124,0.3124,0.3124,1,1.0
2024-12-25 08:00,0.3106,0.3106,0.3106,1,1.0
2024-12-25 11:00,0.3041,0.3041,0.3041,1,1.0
2024-12-25 14:00,0.2969,0.2969,0.2969,1,1.0
2024-12-25 17:00,0.2959,0.2959,0.2959,1,1.0
2024-12-25 20:00,0.3003,0.3003,0.3003,1,1.0
2024-12-25 23:00,0.3012,0.3012,0.3012,1,1.0
2024-12-26 02:00,0.3033,0.3033,0.3033,1,1.0
2024-12-26 05:00,0.3046,0.3046,0.3046,1,1.0
2024-12-26 08:00,0.3044,0.3044,0.3044,1,1.0
2024-12-26 11:00,0.2988,0.2988,0.2988,1,1.0
2024-12-26 14:00,0.2907,0.2907,0.2907,1,1.0
2024-12-26 17:00,0.2902,0.2902,0.2902,1,1.0
2024-12-26 20:00,0.2924,0.2924,0.2924,1,1.0
2024-12-26 23:00,0.2943,0.2943,0.2943,1,1.0
2024-12-27 02:00,0.2975,0.2975,0.2975,1,1.0
2024-12-27 05:00,0.3005,0.3005,0.3005,1,1.0
2024-12-27 08:00,0.3034,0.3034,0.3034,1,1.0
2024-12-27 11:00,0.3003,0.3003,0.3003,1,1.0
2024-12-27 14:00,0.2937,0.2937,0.2937,1,1.0
2024-12-27 17:00,0.2958,0.2958,0.2958,1,1.0
2024-12-27 20:00,0.2974,0.2974,0.2974,1,1.0
2024-12-27 23:00,0.2994,0.2994,0.2994,1,1.0
2024-12-28 02:00,0.3012,0.3012,0.3012,1,1.0
2024-12-28 05:00,0.3028,0.3028,0.3028,1,1.0
2024-12-28 08:00,0.3037,0.3037,0.3037,1,1.0
2024-12-28 11:00,0.3001,0.3001,0.3001,1,1.0
2024-12-28 14:00,0.2941,0.2941,0.2941,1,1.0
2024-12-28 17:00,0.2938,0.2938,0.2938,1,1.0
2024-12-28 20:00,0.295,0.295,0.295,1,1.0
2024-12-28 23:00,0.2966,0.2966,0.2966,1,1.0
2024-12-29 02:00,0.2984,0.2984,0.2984,1,1.0
2024-12-29 05:00,0.2998,0.2998,0.2998,1,1.0
2024-12-29 08:00,0.3006,0.3006,0.3006,1,1.0
2024-12-29 11:00,0.2974,0.2974,0.2974,1,1.0
2024-12-29 14:00,0.292,0.292,0.292,1,1.0
2024-12-29 17:00,0.2922,0.2922,0.2922,1,1.0
2024-12-29 20:00,0.2941,0.2941,0.2941,1,1.0
2024-12-29 23:00,0.2959,0.2959,0.2959,1,1.0
2024-12-30 02:00,0.2972,0.2972,0.2972,1,1.0
2024-12-30 05:00,0.2987,0.2987,0.2987,1,1.0
2024-12-30 08:00,0.3004,0.3004,0.3004,1,1.0
2024-12-30 11:00,0.2981,0.2981,0.2981,1,1.0
2024-12-30 14:00,0.2924,0.2924,0.2924,1,1.0
2024-12-30 17:00,0.2927,0.2927,0.2927,1,1.0
2024-12-30 20:00,0.2947,0.2947,0.2947,1,1.0
2024-12-30 23:00,0.2968,0.2968,0.2968,1,1.0
2024-12-31 02:00,0.298,0.298,0.298,1,1.0
2024-12-31 05:00,0.2989,0.2989,0.2989,1,1.0
2024-12-31 08:00,0.2998,0.2998,0.2998,1,1.0
2024-12-31 11:00,0.2984,0.2984,0.2984,1,1.0
2024-12-31 14:00,0.2938,0.2938,0.2938,1,1.0
2024-12-31 17:00,0.2943,0.2943,0.2943,1,1.0
2024-12-31 20:00,0.2962,0.2962,0.2962,1,1.0
2024-12-31 23:00,0.2974,0.2974,0.2974,1,1.0
2025-01-01 02:00,0.2981,0.2981,0.2981,1,1.0
2025-01-01 05:00,0.2979,0.2979,0.2979,1,1.0
2025-01-01 08:00,0.2984,0.2984,0.2984,1,1.0
2025-01-01 11:00,0.297,0.297,0.297,1,1.0
2025-01-01 14:00,0.2918,0.2918,0.2918,1,1.0
2025-01-01 17:00,0.2918,0.2918,0.2918,1,1.0
2025-01-01 20:00,0.2938,0.2938,0.2938,1,1.0
2025-01-01 23:00,0.2955,0.2955,0.2955,1,1.0
2025-01-02 02:00,0.2971,0.2971,0.2971,1,1.0
2025-01-02 05:00,0.2984,0.2984,0.2984,1,1.0
2025-01-02 08:00,0.2997,0.2997,0.2997,1,1.0
2025-01-02 11:00,0.2989,0.2989,0.2989,1,1.0
2025-01-02 14:00,0.297,0.297,0.297,1,1.0
2025-01-02 17:00,0.2973,0.2973,0.2973,1,1.0
2025-01-02 20:00,0.2975,0.2975,0.2975,1,1.0
2025-01-02 23:00,0.2987,0.2987,0.2987,1,1.0
2025-01-03 02:00,0.2997,0.2997,0.2997,1,1.0
2025-01-03 05:00,0.3013,0.3013,0.3013,1,1.0
2025-01-03 08:00,0.3039,0.3039,0.3039,1,1.0
2025-01-03 11:00,0.3207,0.3207,0.3207,1,1.0
2025-01-03 14:00,0.3265,0.3265,0.3265,1,1.0
2025-01-03 17:00,0.3249,0.3249,0.3249,1,1.0
2025-01-03 20:00,0.3298,0.3298,0.3298,1,1.0
2025-01-03 23:00,0.3343,0.3343,0.3343,1,1.0
2025-01-04 02:00,0.3338,0.3338,0.3338,1,1.0
2025-01-04 05:00,0.3264,0.3264,0.3264,1,1.0
2025-01-04 08:00,0.323,0.323,0.323,1,1.0
2025-01-04 11:00,0.3167,0.3167,0.3167,1,1.0
2025-01-04 14:00,0.3091,0.3091,0.3091,1,1.0
2025-01-04 17:00,0.3119,0.3119,0.3119,1,1.0
2025-01-04 20:00,0.3103,0.3103,0.3103,1,1.0
2025-01-04 23:00,0.3091,0.3091,0.3091,1,1.0
2025-01-05 02:00,0.3087,0.3087,0.3087,1,1.0
2025-01-05 05:00,0.3089,0.3089,0.3089,1,1.0
2025-01-05 08:00,0.3087,0.3087,0.3087,1,1.0
2025-01-05 11:00,0.3069,0.3069,0.3069,1,1.0
2025-01-05 14:00,0.3014,0.3014,0.3014,1,1.0
2025-01-05 17:00,0.3002,0.3002,0.3002,1,1.0
2025-01-05 20:00,0.3007,0.3007,0.3007,1,1.0
2025-01-05 23:00,0.3015,0.3015,0.3015,1,1.0
2025-01-06 02:00,0.303,0.303,0.303,1,1.0
2025-01-06 05:00,0.305,0.305,0.305,1,1.0
2025-01-06 08:00,0.3056,0.3056,0.3056,1,1.0
2025-01-06 11:00,0.3033,0.3033,0.3033,1,1.0
2025-01-06 14:00,0.2991,0.2991,0.2991,1,1.0
2025-01-06 17:00,0.2987,0.2987,0.2987,1,1.0
2025-01-06 20:00,0.3004,0.3004,0.3004,1,1.0
2025-01-06 23:00,0.3018,0.3018,0.3018,1,1.0
2025-01-07 02:00,0.3027,0.3027,0.3027,1,1.0
2025-01-07 05:00,0.3034,0.3034,0.3034,1,1.0
2025-01-07 08:00,0.2974,0.2974,0.2974,1,1.0
2025-01-07 11:00,0.3018,0.3018,0.3018,1,1.0
2025-01-07 14:00,0.3047,0.3047,0.3047,1,1.0
2025-01-07 17:00,0.3065,0.3065,0.3065,1,1.0
2025-01-07 20:00,0.3074,0.3074,0.3074,1,1.0
2025-01-07 23:00,0.3076,0.3076,0.3076,1,1.0
2025-01-08 02:00,0.3084,0.3084,0.3084,1,1.0
2025-01-08 05:00,0.3087,0.3087,0.3087,1,1.0
2025-01-08 08:00,0.3086,0.3086,0.3086,1,1.0
2025-01-08 11:00,0.3066,0.3066,0.3066,1,1.0
2025-01-08 14:00,0.3022,0.3022,0.3022,1,1.0
2025-01-08 17:00,0.3007,0.3007,0.3007,1,1.0
2025-01-08 20:00,0.3004,0.3004,0.3004,1,1.0
2025-01-08 23:00,0.3008,0.3008,0.3008,1,1.0
2025-01-09 02:00,0.3015,0.3015,0.3015,1,1.0
2025-01-09 05:00,0.3021,0.3021,0.3021,1,1.0
2025-01-09 08:00,0.3029,0.3029,0.3029,1,1.0
2025-01-09 11:00,0.3034,0.3034,0.3034,1,1.0
2025-01-09 14:00,0.3026,0.3026,0.3026,1,1.0
2025-01-09 17:00,0.3023,0.3023,0.3023,1,1.0
2025-01-09 20:00,0.3029,0.3029,0.3029,1,1.0
2025-01-09 23:00,0.3037,0.3037,0.3037,1,1.0
2025-01-10 02:00,0.3047,0.3047,0.3047,1,1.0
2025-01-10 05:00,0.3054,0.3054,0.3054,1,1.0
2025-01-10 08:00,0.308,0.308,0.308,1,1.0
2025-01-10 11:00,0.3064,0.3064,0.3064,1,1.0
2025-01-10 14:00,0.299,0.299,0.299,1,1.0
2025-01-10 17:00,0.2976,0.2976,0.2976,1,1.0
2025-01-10 20:00,0.3,0.3,0.3,1,1.0
2025-01-10 23:00,0.3015,0.3015,0.3015,1,1.0
2025-01-11 02:00,0.3024,0.3024,0.3024,1,1.0
2025-01-11 05:00,0.3028,0.3028,0.3028,1,1.0
2025-01-11 08:00,0.3038,0.3038,0.3038,1,1.0
2025-01-11 11:00,0.3047,0.3047,0.3047,1,1.0
2025-01-11 14:00,0.3151,0.3151,0.3151,1,1.0
2025-01-11 17:00,0.3726,0.3726,0.3726,1,1.0
2025-01-11 20:00,0.3825,0.3825,0.3825,1,1.0
2025-01-11 23:00,0.3665,0.3665,0.3665,1,1.0
2025-01-12 02:00,0.3596,0.3596,0.3596,1,1.0
2025-01-12 05:00,0.3658,0.3658,0.3658,1,1.0
2025-01-12 08:00,0.3822,0.3822,0.3822,1,1.0
2025-01-12 11:00,0.3684,0.3684,0.3684,1,1.0
2025-01-12 14:00,0.361,0.361,0.361,1,1.0
2025-01-12 17:00,0.3475,0.3475,0.3475,1,1.0
2025-01-12 20:00,0.3412,0.3412,0.3412,1,1.0
2025-01-12 23:00,0.336,0.336,0.336,1,1.0
2025-01-13 02:00,0.3324,0.3324,0.3324,1,1.0
2025-01-13 05:00,0.3308,0.3308,0.3308,1,1.0
2025-01-13 08:00,0.3292,0.3292,0.3292,1,1.0
2025-01-13 11:00,0.3271,0.3271,0.3271,1,1.0
2025-01-13 14:00,0.3245,0.3245,0.3245,1,1.0
2025-01-13 17:00,0.3228,0.3228,0.3228,1,1.0
2025-01-13 20:00,0.3226,0.3226,0.3226,1,1.0
2025-01-13 23:00,0.3217,0.3217,0.3217,1,1.0
2025-01-14 02:00,0.3201,0.3201,0.3201,1,1.0
2025-01-14 05:00,0.3192,0.3192,0.3192,1,1.0
2025-01-14 08:00,0.3178,0.3178,0.3178,1,1.0
2025-01-14 11:00,0.3132,0.3132,0.3132,1,1.0
2025-01-14 14:00,0.3078,0.3078,0.3078,1,1.0
2025-01-14 17:00,0.3072,0.3072,0.3072,1,1.0
2025-01-14 20:00,0.3089,0.3089,0.3089,1,1.0
2025-01-14 23:00,0.3111,0.3111,0.3111,1,1.0
2025-01-15 02:00,0.3128,0.3128,0.3128,1,1.0
2025-01-15 05:00,0.3147,0.3147,0.3147,1,1.0
2025-01-15 08:00,0.3165,0.3165,0.3165,1,1.0
2025-01-15 11:00,0.3143,0.3143,0.3143,1,1.0
2025-01-15 14:00,0.3108,0.3108,0.3108,1,1.0
2025-01-15 17:00,0.3105,0.3105,0.3105,1,1.0
2025-01-15 20:00,0.3111,0.3111,0.3111,1,1.0
2025-01-15 23:00,0.3122,0.3122,0.3122,1,1.0
2025-01-16 02:00,0.3126,0.3126,0.3126,1,1.0
2025-01-16 05:00,0.3132,0.3132,0.3132,1,1.0
2025-01-16 08:00,0.3145,0.3145,0.3145,1,1.0
2025-01-16 11:00,0.3134,0.3134,0.3134,1,1.0
2025-01-16 14:00,0.3116,0.3116,0.3116,1,1.0
2025-01-16 17:00,0.3118,0.3118,0.3118,1,1.0
2025-01-16 20:00,0.3135,0.3135,0.3135,1,1.0
2025-01-16 23:00,0.3151,0.3151,0.3151,1,1.0
2025-01-17 02:00,0.3159,0.3159,0.3159,1,1.0
2025-01-17 05:00,0.3164,0.3164,0.3164,1,1.0
2025-01-17 08:00,0.3161,0.3161,0.3161,1,1.0
2025-01-17 11:00,0.3144,0.3144,0.3144,1,1.0
2025-01-17 14:00,0.3123,0.3123,0.3123,1,1.0
2025-01-17 17:00,0.311,0.311,0.311,1,1.0
2025-01-17 20:00,0.3118,0.3118,0.3118,1,1.0
2025-01-17 23:00,0.3142,0.3142,0.3142,1,1.0
2025-01-18 02:00,0.3313,0.3313,0.3313,1,1.0
2025-01-18 05:00,0.3752,0.3752,0.3752,1,1.0
2025-01-18 08:00,0.3591,0.3591,0.3591,1,1.0
2025-01-18 11:00,0.3454,0.3454,0.3454,1,1.0
2025-01-18 14:00,0.3388,0.3388,0.3388,1,1.0
2025-01-18 17:00,0.3361,0.3361,0.3361,1,1.0
2025-01-18 20:00,0.3359,0.3359,0.3359,1,1.0
2025-01-18 23:00,0.3351,0.3351,0.3351,1,1.0
2025-01-19 02:00,0.3343,0.3343,0.3343,1,1.0
2025-01-19 05:00,0.3338,0.3338,0.3338,1,1.0
2025-01-19 08:00,0.3337,0.3337,0.3337,1,1.0
2025-01-19 11:00,0.3317,0.3317,0.3317,1,1.0
2025-01-19 14:00,0.327,0.327,0.327,1,1.0
2025-01-19 17:00,0.3264,0.3264,0.3264,1,1.0
2025-01-19 20:00,0.3276,0.3276,0.3276,1,1.0
2025-01-19 23:00,0.3289,0.3289,0.3289,1,1.0
2025-01-20 02:00,0.3295,0.3295,0.3295,1,1.0
2025-01-20 05:00,0.3294,0.3294,0.3294,1,1.0
2025-01-20 08:00,0.3292,0.3292,0.3292,1,1.0
2025-01-20 11:00,0.3259,0.3259,0.3259,1,1.0
2025-01-20 14:00,0.32,0.32,0.32,1,1.0
2025-01-20 17:00,0.3197,0.3197,0.3197,1,1.0
2025-01-20 20:00,0.3225,0.3225,0.3225,1,1.0
2025-01-20 23:00,0.3248,0.3248,0.3248,1,1.0
2025-01-21 02:00,0.3262,0.3262,0.3262,1,1.0
2025-01-21 05:00,0.3275,0.3275,0.3275,1,1.0
2025-01-21 08:00,0.3292,0.3292,0.3292,1,1.0
2025-01-21 11:00,0.3323,0.3323,0.3323,1,1.0
2025-01-21 14:00,0.3393,0.3393,0.3393,1,1.0
2025-01-21 17:00,0.3399,0.3399,0.3399,1,1.0
2025-01-21 20:00,0.3384,0.3384,0.3384,1,1.0
2025-01-21 23:00,0.3376,0.3376,0.3376,1,1.0
2025-01-22 02:00,0.3362,0.3362,0.3362,1,1.0
2025-01-22 05:00,0.3345,0.3345,0.3345,1,1.0
2025-01-22 08:00,0.3349,0.3349,0.3349,1,1.0
2025-01-22 11:00,0.3345,0.3345,0.3345,1,1.0
2025-01-22 14:00,0.3349,0.3349,0.3349,1,1.0
2025-01-22 17:00,0.3347,0.3347,0.3347,1,1.0
2025-01-22 20:00,0.3345,0.3345,0.3345,1,1.0
2025-01-22 23:00,0.3342,0.3342,0.3342,1,1.0
2025-01-23 02:00,0.3343,0.3343,0.3343,1,1.0
2025-01-23 05:00,0.3338,0.3338,0.3338,1,1.0
2025-01-23 08:00,0.3331,0.3331,0.3331,1,1.0
2025-01-23 11:00,0.328,0.328,0.328,1,1.0
2025-01-23 14:00,0.3204,0.3204,0.3204,1,1.0
2025-01-23 17:00,0.3152,0.3152,0.3152,1,1.0
2025-01-23 20:00,0.3166,0.3166,0.3166,1,1.0
2025-01-23 23:00,0.3179,0.3179,0.3179,1,1.0
2025-01-24 02:00,0.3192,0.3192,0.3192,1,1.0
2025-01-24 05:00,0.3208,0.3208,0.3208,1,1.0
2025-01-24 08:00,0.3226,0.3226,0.3226,1,1.0
2025-01-24 11:00,0.3216,0.3216,0.3216,1,1.0
2025-01-24 14:00,0.317,0.317,0.317,1,1.0
2025-01-24 17:00,0.3165,0.3165,0.3165,1,1.0
2025-01-24 20:00,0.3186,0.3186,0.3186,1,1.0
2025-01-24 23:00,0.3197,0.3197,0.3197,1,1.0
2025-01-25 02:00,0.32,0.32,0.32,1,1.0
2025-01-25 05:00,0.3202,0.3202,0.3202,1,1.0
2025-01-25 08:00,0.321,0.321,0.321,1,1.0
2025-01-25 11:00,0.3204,0.3204,0.3204,1,1.0
2025-01-25 14:00,0.3176,0.3176,0.3176,1,1.0
2025-01-25 17:00,0.317,0.317,0.317,1,1.0
2025-01-25 20:00,0.3187,0.3187,0.3187,1,1.0
2025-01-25 23:00,0.3204,0.3204,0.3204,1,1.0
2025-01-26 02:00,0.3223,0.3223,0.3223,1,1.0
2025-01-26 05:00,0.3237,0.3237,0.3237,1,1.0
2025-01-26 08:00,0.3258,0.3258,0.3258,1,1.0
2025-01-26 11:00,0.3245,0.3245,0.3245,1,1.0
2025-01-26 14:00,0.3215,0.3215,0.3215,1,1.0
2025-01-26 17:00,0.3214,0.3214,0.3214,1,1.0
2025-01-26 20:00,0.3235,0.3235,0.3235,1,1.0
2025-01-26 23:00,0.3242,0.3242,0.3242,1,1.0
2025-01-27 02:00,0.3241,0.3241,0.3241,1,1.0
2025-01-27 05:00,0.3243,0.3243,0.3243,1,1.0
2025-01-27 08:00,0.326,0.326,0.326,1,1.0
2025-01-27 11:00,0.3264,0.3264,0.3264,1,1.0
2025-01-27 14:00,0.3238,0.3238,0.3238,1,1.0
2025-01-27 17:00,0.3234,0.3234,0.3234,1,1.0
2025-01-27 20:00,0.3244,0.3244,0.3244,1,1.0
2025-01-27 23:00,0.3248,0.3248,0.3248,1,1.0
2025-01-28 02:00,0.3249,0.3249,0.3249,1,1.0
2025-01-28 05:00,0.3243,0.3243,0.3243,1,1.0
2025-01-28 08:00,0.327,0.327,0.327,1,1.0
2025-01-28 11:00,0.3246,0.3246,0.3246,1,1.0
2025-01-28 14:00,0.3428,0.3428,0.3428,1,1.0
2025-01-28 17:00,0.3423,0.3423,0.3423,1,1.0
2025-01-28 20:00,0.3391,0.3391,0.3391,1,1.0
2025-01-28 23:00,0.3371,0.3371,0.3371,1,1.0
2025-01-29 02:00,0.3356,0.3356,0.3356,1,1.0
2025-01-29 05:00,0.3343,0.3343,0.3343,1,1.0
2025-01-29 08:00,0.3338,0.3338,0.3338,1,1.0
2025-01-29 11:00,0.3747,0.3747,0.3747,1,1.0
2025-01-29 14:00,0.3544,0.3544,0.3544,1,1.0
2025-01-29 17:00,0.3458,0.3458,0.3458,1,1.0
2025-01-29 20:00,0.3426,0.3426,0.3426,1,1.0
2025-01-29 23:00,0.3409,0.3409,0.3409,1,1.0
2025-01-30 02:00,0.3392,0.3392,0.3392,1,1.0
2025-01-30 05:00,0.3376,0.3376,0.3376,1,1.0
2025-01-30 08:00,0.3361,0.3361,0.3361,1,1.0
2025-01-30 11:00,0.3323,0.3323,0.3323,1,1.0
2025-01-30 14:00,0.3244,0.3244,0.3244,1,1.0
2025-01-30 17:00,0.3224,0.3224,0.3224,1,1.0
2025-01-30 20:00,0.3236,0.3236,0.3236,1,1.0
2025-01-30 23:00,0.3243,0.3243,0.3243,1,1.0
2025-01-31 02:00,0.3248,0.3248,0.3248,1,1.0
2025-01-31 05:00,0.3253,0.3253,0.3253,1,1.0
2025-01-31 08:00,0.3268,0.3268,0.3268,1,1.0
2025-01-31 11:00,0.3254,0.3254,0.3254,1,1.0
2025-01-31 14:00,0.3205,0.3205,0.3205,1,1.0
2025-01-31 17:00,0.3123,0.3123,0.3123,1,1.0
2025-01-31 20:00,0.3145,0.3145,0.3145,1,1.0
2025-01-31 23:00,0.3167,0.3167,0.3167,1,1.0
2025-02-01 02:00,0.3185,0.3185,0.3185,1,1.0
2025-02-01 05:00,0.3195,0.3195,0.3195,1,1.0
2025-02-01 08:00,0.3205,0.3205,0.3205,1,1.0
2025-02-01 11:00,0.3192,0.3192,0.3192,1,1.0
2025-02-01 14:00,0.3143,0.3143,0.3143,1,1.0
2025-02-01 17:00,0.3137,0.3137,0.3137,1,1.0
2025-02-01 20:00,0.3153,0.3153,0.3153,1,1.0
2025-02-01 23:00,0.3167,0.3167,0.3167,1,1.0
2025-02-02 02:00,0.3181,0.3181,0.3181,1,1.0
2025-02-02 05:00,0.3201,0.3201,0.3201,1,1.0
2025-02-02 08:00,0.3215,0.3215,0.3215,1,1.0
2025-02-02 11:00,0.3185,0.3185,0.3185,1,1.0
2025-02-02 14:00,0.3121,0.3121,0.3121,1,1.0
2025-02-02 17:00,0.3115,0.3115,0.3115,1,1.0
2025-02-02 20:00,0.3135,0.3135,0.3135,1,1.0
2025-02-02 23:00,0.3159,0.3159,0.3159,1,1.0
2025-02-03 02:00,0.3187,0.3187,0.3187,1,1.0
2025-02-03 05:00,0.3209,0.3209,0.3209,1,1.0
2025-02-03 08:00,0.3212,0.3212,0.3212,1,1.0
2025-02-03 11:00,0.3207,0.3207,0.3207,1,1.0
2025-02-03 14:00,0.3202,0.3202,0.3202,1,1.0
2025-02-03 17:00,0.321,0.321,0.321,1,1.0
2025-02-03 20:00,0.316,0.316,0.316,1,1.0
2025-02-03 23:00,0.317,0.317,0.317,1,1.0
2025-02-04 02:00,0.3172,0.3172,0.3172,1,1.0
2025-02-04 05:00,0.3172,0.3172,0.3172,1,1.0
2025-02-04 08:00,0.3168,0.3168,0.3168,1,1.0
2025-02-04 11:00,0.3105,0.3105,0.3105,1,1.0
2025-02-04 14:00,0.301,0.301,0.301,1,1.0
2025-02-04 17:00,0.2983,0.2983,0.2983,1,1.0
2025-02-04 20:00,0.3002,0.3002,0.3002,1,1.0
2025-02-04 23:00,0.3028,0.3028,0.3028,1,1.0
2025-02-05 02:00,0.3052,0.3052,0.3052,1,1.0
2025-02-05 05:00,0.3077,0.3077,0.3077,1,1.0
2025-02-05 08:00,0.3091,0.3091,0.3091,1,1.0
2025-02-05 11:00,0.304,0.304,0.304,1,1.0
2025-02-05 14:00,0.2968,0.2968,0.2968,1,1.0
2025-02-05 17:00,0.2969,0.2969,0.2969,1,1.0
2025-02-05 20:00,0.2989,0.2989,0.2989,1,1.0
2025-02-05 23:00,0.3015,0.3015,0.3015,1,1.0
2025-02-06 02:00,0.3045,0.3045,0.3045,1,1.0
2025-02-06 05:00,0.3067,0.3067,0.3067,1,1.0
2025-02-06 08:00,0.3082,0.3082,0.3082,1,1.0
2025-02-06 11:00,0.3032,0.3032,0.3032,1,1.0
2025-02-06 14:00,0.2948,0.2948,0.2948,1,1.0
2025-02-06 17:00,0.2941,0.2941,0.2941,1,1.0
2025-02-06 20:00,0.286,0.286,0.286,1,1.0
2025-02-06 23:00,0.2899,0.2899,0.2899,1,1.0
2025-02-07 02:00,0.2937,0.2937,0.2937,1,1.0
2025-02-07 05:00,0.297,0.297,0.297,1,1.0
2025-02-07 08:00,0.2994,0.2994,0.2994,1,1.0
2025-02-07 11:00,0.2963,0.2963,0.2963,1,1.0
2025-02-07 14:00,0.2892,0.2892,0.2892,1,1.0
2025-02-07 17:00,0.2887,0.2887,0.2887,1,1.0
2025-02-07 20:00,0.2917,0.2917,0.2917,1,1.0
2025-02-07 23:00,0.2948,0.2948,0.2948,1,1.0
2025-02-08 02:00,0.2979,0.2979,0.2979,1,1.0
2025-02-08 05:00,0.3009,0.3009,0.3009,1,1.0
2025-02-08 08:00,0.2944,0.2944,0.2944,1,1.0
2025-02-08 11:00,0.3028,0.3028,0.3028,1,1.0
2025-02-08 14:00,0.3053,0.3053,0.3053,1,1.0
2025-02-08 17:00,0.3021,0.3021,0.3021,1,1.0
2025-02-08 20:00,0.3039,0.3039,0.3039,1,1.0
2025-02-08 23:00,0.3052,0.3052,0.3052,1,1.0
2025-02-09 02:00,0.3065,0.3065,0.3065,1,1.0
2025-02-09 05:00,0.3081,0.3081,0.3081,1,1.0
2025-02-09 08:00,0.3093,0.3093,0.3093,1,1.0
2025-02-09 11:00,0.3048,0.3048,0.3048,1,1.0
2025-02-09 14:00,0.2952,0.2952,0.2952,1,1.0
2025-02-09 17:00,0.2942,0.2942,0.2942,1,1.0
2025-02-09 20:00,0.297,0.297,0.297,1,1.0
2025-02-09 23:00,0.2996,0.2996,0.2996,1,1.0
2025-02-10 02:00,0.3014,0.3014,0.3014,1,1.0
2025-02-10 05:00,0.3029,0.3029,0.3029,1,1.0
2025-02-10 08:00,0.3037,0.3037,0.3037,1,1.0
2025-02-10 11:00,0.2981,0.2981,0.2981,1,1.0
2025-02-10 14:00,0.2883,0.2883,0.2883,1,1.0
2025-02-10 17:00,0.2864,0.2864,0.2864,1,1.0
2025-02-10 20:00,0.2891,0.2891,0.2891,1,1.0
2025-02-10 23:00,0.2918,0.2918,0.2918,1,1.0
2025-02-11 02:00,0.2955,0.2955,0.2955,1,1.0
2025-02-11 05:00,0.2992,0.2992,0.2992,1,1.0
2025-02-11 08:00,0.3015,0.3015,0.3015,1,1.0
2025-02-11 11:00,0.298,0.298,0.298,1,1.0
2025-02-11 14:00,0.29,0.29,0.29,1,1.0
2025-02-11 17:00,0.2888,0.2888,0.2888,1,1.0
2025-02-11 20:00,0.2869,0.2869,0.2869,1,1.0
2025-02-11 23:00,0.2894,0.2894,0.2894,1,1.0
2025-02-12 02:00,0.3002,0.3002,0.3002,1,1.0
2025-02-12 05:00,0.3087,0.3087,0.3087,1,1.0
2025-02-12 08:00,0.3093,0.3093,0.3093,1,1.0
2025-02-12 11:00,0.3062,0.3062,0.3062,1,1.0
2025-02-12 14:00,0.2999,0.2999,0.2999,1,1.0
2025-02-12 17:00,0.2979,0.2979,0.2979,1,1.0
2025-02-12 20:00,0.2999,0.2999,0.2999,1,1.0
2025-02-12 23:00,0.3023,0.3023,0.3023,1,1.0
2025-02-13 02:00,0.3053,0.3053,0.3053,1,1.0
2025-02-13 05:00,0.3072,0.3072,0.3072,1,1.0
2025-02-13 08:00,0.3056,0.3056,0.3056,1,1.0
2025-02-13 11:00,0.3008,0.3008,0.3008,1,1.0
2025-02-13 14:00,0.2919,0.2919,0.2919,1,1.0
2025-02-13 17:00,0.2902,0.2902,0.2902,1,1.0
2025-02-13 20:00,0.2933,0.2933,0.2933,1,1.0
2025-02-13 23:00,0.2964,0.2964,0.2964,1,1.0
2025-02-14 02:00,0.2993,0.2993,0.2993,1,1.0
2025-02-14 05:00,0.3091,0.3091,0.3091,1,1.0
2025-02-14 08:00,0.3013,0.3013,0.3013,1,1.0
2025-02-14 11:00,0.302,0.302,0.302,1,1.0
2025-02-14 14:00,0.3129,0.3129,0.3129,1,1.0
2025-02-14 17:00,0.3314,0.3314,0.3314,1,1.0
2025-02-14 20:00,0.334,0.334,0.334,1,1.0
2025-02-14 23:00,0.3338,0.3338,0.3338,1,1.0
2025-02-15 02:00,0.335,0.335,0.335,1,1.0
2025-02-15 05:00,0.3445,0.3445,0.3445,1,1.0
2025-02-15 08:00,0.3465,0.3465,0.3465,1,1.0
2025-02-15 11:00,0.3574,0.3574,0.3574,1,1.0
2025-02-15 14:00,0.3445,0.3445,0.3445,1,1.0
2025-02-15 17:00,0.3382,0.3382,0.3382,1,1.0
2025-02-15 20:00,0.3358,0.3358,0.3358,1,1.0
2025-02-15 23:00,0.3335,0.3335,0.3335,1,1.0
2025-02-16 02:00,0.3317,0.3317,0.3317,1,1.0
2025-02-16 05:00,0.3303,0.3303,0.3303,1,1.0
2025-02-16 08:00,0.327,0.327,0.327,1,1.0
2025-02-16 11:00,0.3212,0.3212,0.3212,1,1.0
2025-02-16 14:00,0.3108,0.3108,0.3108,1,1.0
2025-02-16 17:00,0.3055,0.3055,0.3055,1,1.0
2025-02-16 20:00,0.3081,0.3081,0.3081,1,1.0
2025-02-16 23:00,0.3109,0.3109,0.3109,1,1.0
2025-02-17 02:00,0.3133,0.3133,0.3133,1,1.0
2025-02-17 05:00,0.3151,0.3151,0.3151,1,1.0
2025-02-17 08:00,0.3152,0.3152,0.3152,1,1.0
2025-02-17 11:00,0.3106,0.3106,0.3106,1,1.0
2025-02-17 14:00,0.3028,0.3028,0.3028,1,1.0
2025-02-17 17:00,0.3027,0.3027,0.3027,1,1.0
2025-02-17 20:00,0.304,0.304,0.304,1,1.0
2025-02-17 23:00,0.3052,0.3052,0.3052,1,1.0
2025-02-18 02:00,0.3059,0.3059,0.3059,1,1.0
2025-02-18 05:00,0.3066,0.3066,0.3066,1,1.0
2025-02-18 08:00,0.3066,0.3066,0.3066,1,1.0
2025-02-18 11:00,0.3013,0.3013,0.3013,1,1.0
2025-02-18 14:00,0.2936,0.2936,0.2936,1,1.0
2025-02-18 17:00,0.2937,0.2937,0.2937,1,1.0
2025-02-18 20:00,0.2969,0.2969,0.2969,1,1.0
2025-02-18 23:00,0.2995,0.2995,0.2995,1,1.0
2025-02-19 02:00,0.3023,0.3023,0.3023,1,1.0
2025-02-19 05:00,0.3041,0.3041,0.3041,1,1.0
2025-02-19 08:00,0.2886,0.2886,0.2886,1,1.0
2025-02-19 11:00,0.2868,0.2868,0.2868,1,1.0
2025-02-19 14:00,0.2806,0.2806,0.2806,1,1.0
2025-02-19 17:00,0.2806,0.2806,0.2806,1,1.0
2025-02-19 20:00,0.2787,0.2787,0.2787,1,1.0
2025-02-19 23:00,0.2824,0.2824,0.2824,1,1.0
2025-02-20 02:00,0.2857,0.2857,0.2857,1,1.0
2025-02-20 05:00,0.2881,0.2881,0.2881,1,1.0
2025-02-20 08:00,0.2894,0.2894,0.2894,1,1.0
2025-02-20 11:00,0.2869,0.2869,0.2869,1,1.0
2025-02-20 14:00,0.2822,0.2822,0.2822,1,1.0
2025-02-20 17:00,0.2857,0.2857,0.2857,1,1.0
2025-02-20 20:00,0.2894,0.2894,0.2894,1,1.0
2025-02-20 23:00,0.2923,0.2923,0.2923,1,1.0
2025-02-21 02:00,0.2952,0.2952,0.2952,1,1.0
2025-02-21 05:00,0.2977,0.2977,0.2977,1,1.0
2025-02-21 08:00,0.2997,0.2997,0.2997,1,1.0
2025-02-21 11:00,0.2938,0.2938,0.2938,1,1.0
2025-02-21 14:00,0.2826,0.2826,0.2826,1,1.0
2025-02-21 17:00,0.2838,0.2838,0.2838,1,1.0
2025-02-21 20:00,0.2863,0.2863,0.2863,1,1.0
2025-02-21 23:00,0.2893,0.2893,0.2893,1,1.0
2025-02-22 02:00,0.2923,0.2923,0.2923,1,1.0
2025-02-22 05:00,0.2953,0.2953,0.2953,1,1.0
2025-02-22 08:00,0.2972,0.2972,0.2972,1,1.0
2025-02-22 11:00,0.2916,0.2916,0.2916,1,1.0
2025-02-22 14:00,0.2821,0.2821,0.2821,1,1.0
2025-02-22 17:00,0.2806,0.2806,0.2806,1,1.0
2025-02-22 20:00,0.2833,0.2833,0.2833,1,1.0
2025-02-22 23:00,0.287,0.287,0.287,1,1.0
2025-02-23 02:00,0.2905,0.2905,0.2905,1,1.0
2025-02-23 05:00,0.2937,0.2937,0.2937,1,1.0
2025-02-23 08:00,0.296,0.296,0.296,1,1.0
2025-02-23 11:00,0.2907,0.2907,0.2907,1,1.0
2025-02-23 14:00,0.2802,0.2802,0.2802,1,1.0
2025-02-23 17:00,0.2783,0.2783,0.2783,1,1.0
2025-02-23 20:00,0.282,0.282,0.282,1,1.0
2025-02-23 23:00,0.2854,0.2854,0.2854,1,1.0
2025-02-24 02:00,0.2884,0.2884,0.2884,1,1.0
2025-02-24 05:00,0.2911,0.2911,0.2911,1,1.0
2025-02-24 08:00,0.29,0.29,0.29,1,1.0
2025-02-24 11:00,0.2902,0.2902,0.2902,1,1.0
2025-02-24 14:00,0.2854,0.2854,0.2854,1,1.0
2025-02-24 17:00,0.2895,0.2895,0.2895,1,1.0
2025-02-24 20:00,0.3006,0.3006,0.3006,1,1.0
2025-02-24 23:00,0.3091,0.3091,0.3091,1,1.0
2025-02-25 02:00,0.3104,0.3104,0.3104,1,1.0
2025-02-25 05:00,0.3112,0.3112,0.3112,1,1.0
2025-02-25 08:00,0.3234,0.3234,0.3234,1,1.0
2025-02-25 11:00,0.3319,0.3319,0.3319,1,1.0
2025-02-25 14:00,0.3307,0.3307,0.3307,1,1.0
2025-02-25 17:00,0.329,0.329,0.329,1,1.0
2025-02-25 20:00,0.3339,0.3339,0.3339,1,1.0
2025-02-25 23:00,0.3412,0.3412,0.3412,1,1.0
2025-02-26 02:00,0.3477,0.3477,0.3477,1,1.0
2025-02-26 05:00,0.3511,0.3511,0.3511,1,1.0
2025-02-26 08:00,0.3489,0.3489,0.3489,1,1.0
2025-02-26 11:00,0.3552,0.3552,0.3552,1,1.0
2025-02-26 14:00,0.3726,0.3726,0.3726,1,1.0
2025-02-26 17:00,0.3999,0.3999,0.3999,1,1.0
2025-02-26 20:00,0.3918,0.3918,0.3918,1,1.0
2025-02-26 23:00,0.3574,0.3574,0.3574,1,1.0
2025-02-27 02:00,0.3523,0.3523,0.3523,1,1.0
2025-02-27 05:00,0.3501,0.3501,0.3501,1,1.0
2025-02-27 08:00,0.346,0.346,0.346,1,1.0
2025-02-27 11:00,0.3383,0.3383,0.3383,1,1.0
2025-02-27 14:00,0.3303,0.3303,0.3303,1,1.0
2025-02-27 17:00,0.3285,0.3285,0.3285,1,1.0
2025-02-27 20:00,0.3254,0.3254,0.3254,1,1.0
2025-02-27 23:00,0.3268,0.3268,0.3268,1,1.0
2025-02-28 02:00,0.3278,0.3278,0.3278,1,1.0
2025-02-28 05:00,0.3284,0.3284,0.3284,1,1.0
2025-02-28 08:00,0.3286,0.3286,0.3286,1,1.0
2025-02-28 11:00,0.3258,0.3258,0.3258,1,1.0
2025-02-28 14:00,0.3205,0.3205,0.3205,1,1.0
2025-02-28 17:00,0.3189,0.3189,0.3189,1,1.0
2025-02-28 20:00,0.3207,0.3207,0.3207,1,1.0
2025-02-28 23:00,0.3226,0.3226,0.3226,1,1.0
2025-03-01 02:00,0.3245,0.3245,0.3245,1,1.0
2025-03-01 05:00,0.3263,0.3263,0.3263,1,1.0
2025-03-01 08:00,0.3264,0.3264,0.3264,1,1.0
2025-03-01 11:00,0.3335,0.3335,0.3335,1,1.0
2025-03-01 14:00,0.3471,0.3471,0.3471,1,1.0
2025-03-01 17:00,0.3462,0.3462,0.3462,1,1.0
2025-03-01 20:00,0.3423,0.3423,0.3423,1,1.0
2025-03-01 23:00,0.3399,0.3399,0.3399,1,1.0
2025-03-02 02:00,0.339,0.339,0.339,1,1.0
2025-03-02 05:00,0.3429,0.3429,0.3429,1,1.0
2025-03-02 08:00,0.3421,0.3421,0.3421,1,1.0
2025-03-02 11:00,0.3374,0.3374,0.3374,1,1.0
2025-03-02 14:00,0.3328,0.3328,0.3328,1,1.0
2025-03-02 17:00,0.3309,0.3309,0.3309,1,1.0
2025-03-02 20:00,0.3283,0.3283,0.3283,1,1.0
2025-03-02 23:00,0.3292,0.3292,0.3292,1,1.0
2025-03-03 02:00,0.3299,0.3299,0.3299,1,1.0
2025-03-03 05:00,0.3304,0.3304,0.3304,1,1.0
2025-03-03 08:00,0.3299,0.3299,0.3299,1,1.0
2025-03-03 11:00,0.3214,0.3214,0.3214,1,1.0
2025-03-03 14:00,0.3099,0.3099,0.3099,1,1.0
2025-03-03 17:00,0.3056,0.3056,0.3056,1,1.0
2025-03-03 20:00,0.3075,0.3075,0.3075,1,1.0
2025-03-03 23:00,0.3098,0.3098,0.3098,1,1.0
2025-03-04 02:00,0.3117,0.3117,0.3117,1,1.0
2025-03-04 05:00,0.3132,0.3132,0.3132,1,1.0
2025-03-04 08:00,0.314,0.314,0.314,1,1.0
2025-03-04 11:00,0.3084,0.3084,0.3084,1,1.0
2025-03-04 14:00,0.2995,0.2995,0.2995,1,1.0
2025-03-04 17:00,0.2865,0.2865,0.2865,1,1.0
2025-03-04 20:00,0.2899,0.2899,0.2899,1,1.0
2025-03-04 23:00,0.2939,0.2939,0.2939,1,1.0
2025-03-05 02:00,0.2982,0.2982,0.2982,1,1.0
2025-03-05 05:00,0.3023,0.3023,0.3023,1,1.0
2025-03-05 08:00,0.3046,0.3046,0.3046,1,1.0
2025-03-05 11:00,0.2976,0.2976,0.2976,1,1.0
2025-03-05 14:00,0.2855,0.2855,0.2855,1,1.0
2025-03-05 17:00,0.2823,0.2823,0.2823,1,1.0
2025-03-05 20:00,0.286,0.286,0.286,1,1.0
2025-03-05 23:00,0.2902,0.2902,0.2902,1,1.0
2025-03-06 02:00,0.2938,0.2938,0.2938,1,1.0
2025-03-06 05:00,0.2966,0.2966,0.2966,1,1.0
2025-03-06 08:00,0.2987,0.2987,0.2987,1,1.0
2025-03-06 11:00,0.2923,0.2923,0.2923,1,1.0
2025-03-06 14:00,0.2821,0.2821,0.2821,1,1.0
2025-03-06 17:00,0.2805,0.2805,0.2805,1,1.0
2025-03-06 20:00,0.2845,0.2845,0.2845,1,1.0
2025-03-06 23:00,0.2885,0.2885,0.2885,1,1.0
2025-03-07 02:00,0.2927,0.2927,0.2927,1,1.0
2025-03-07 05:00,0.2964,0.2964,0.2964,1,1.0
2025-03-07 08:00,0.2582,0.2582,0.2582,1,1.0
2025-03-07 11:00,0.2593,0.2593,0.2593,1,1.0
2025-03-07 14:00,0.2559,0.2559,0.2559,1,1.0
2025-03-07 17:00,0.2579,0.2579,0.2579,1,1.0
2025-03-07 20:00,0.2663,0.2663,0.2663,1,1.0
2025-03-07 23:00,0.2716,0.2716,0.2716,1,1.0
2025-03-08 02:00,0.283,0.283,0.283,1,1.0
2025-03-08 05:00,0.2928,0.2928,0.2928,1,1.0
2025-03-08 08:00,0.2958,0.2958,0.2958,1,1.0
2025-03-08 11:00,0.2978,0.2978,0.2978,1,1.0
2025-03-08 14:00,0.2991,0.2991,0.2991,1,1.0
2025-03-08 17:00,0.3007,0.3007,0.3007,1,1.0
2025-03-08 20:00,0.3022,0.3022,0.3022,1,1.0
2025-03-08 23:00,0.3044,0.3044,0.3044,1,1.0
2025-03-09 02:00,0.3062,0.3062,0.3062,1,1.0
2025-03-09 05:00,0.3078,0.3078,0.3078,1,1.0
2025-03-09 08:00,0.3064,0.3064,0.3064,1,1.0
2025-03-09 11:00,0.2976,0.2976,0.2976,1,1.0
2025-03-09 14:00,0.2858,0.2858,0.2858,1,1.0
2025-03-09 17:00,0.2825,0.2825,0.2825,1,1.0
2025-03-09 20:00,0.2863,0.2863,0.2863,1,1.0
2025-03-09 23:00,0.2894,0.2894,0.2894,1,1.0
2025-03-10 02:00,0.2922,0.2922,0.2922,1,1.0
2025-03-10 05:00,0.2953,0.2953,0.2953,1,1.0
2025-03-10 08:00,0.2968,0.2968,0.2968,1,1.0
2025-03-10 11:00,0.2915,0.2915,0.2915,1,1.0
2025-03-10 14:00,0.2897,0.2897,0.2897,1,1.0
2025-03-10 17:00,0.2958,0.2958,0.2958,1,1.0
2025-03-10 20:00,0.3008,0.3008,0.3008,1,1.0
2025-03-10 23:00,0.3297,0.3297,0.3297,1,1.0
2025-03-11 02:00,0.3391,0.3391,0.3391,1,1.0
2025-03-11 05:00,0.3982,0.3982,0.3982,1,1.0
2025-03-11 08:00,0.3593,0.3593,0.3593,1,1.0
2025-03-11 11:00,0.3401,0.3401,0.3401,1,1.0
2025-03-11 14:00,0.3246,0.3246,0.3246,1,1.0
2025-03-11 17:00,0.319,0.319,0.319,1,1.0
2025-03-11 20:00,0.3206,0.3206,0.3206,1,1.0
2025-03-11 23:00,0.322,0.322,0.322,1,1.0
2025-03-12 02:00,0.3235,0.3235,0.3235,1,1.0
2025-03-12 05:00,0.3255,0.3255,0.3255,1,1.0
2025-03-12 08:00,0.3245,0.3245,0.3245,1,1.0
2025-03-12 11:00,0.3188,0.3188,0.3188,1,1.0
2025-03-12 14:00,0.3116,0.3116,0.3116,1,1.0
2025-03-12 17:00,0.3179,0.3179,0.3179,1,1.0
2025-03-12 20:00,0.3762,0.3762,0.3762,1,1.0
2025-03-12 23:00,0.3604,0.3604,0.3604,1,1.0
2025-03-13 02:00,0.3594,0.3594,0.3594,1,1.0
2025-03-13 05:00,0.3536,0.3536,0.3536,1,1.0
2025-03-13 08:00,0.3675,0.3675,0.3675,1,1.0
2025-03-13 11:00,0.3818,0.3818,0.3818,1,1.0
2025-03-13 14:00,0.3622,0.3622,0.3622,1,1.0
2025-03-13 17:00,0.3553,0.3553,0.3553,1,1.0
2025-03-13 20:00,0.3513,0.3513,0.3513,1,1.0
2025-03-13 23:00,0.3532,0.3532,0.3532,1,1.0
2025-03-14 02:00,0.3789,0.3789,0.3789,1,1.0
2025-03-14 05:00,0.3601,0.3601,0.3601,1,1.0
2025-03-14 08:00,0.354,0.354,0.354,1,1.0
2025-03-14 11:00,0.3462,0.3462,0.3462,1,1.0
2025-03-14 14:00,0.3412,0.3412,0.3412,1,1.0
2025-03-14 17:00,0.3377,0.3377,0.3377,1,1.0
2025-03-14 20:00,0.3366,0.3366,0.3366,1,1.0
2025-03-14 23:00,0.3361,0.3361,0.3361,1,1.0
2025-03-15 02:00,0.371,0.371,0.371,1,1.0
2025-03-15 05:00,0.3624,0.3624,0.3624,1,1.0
2025-03-15 08:00,0.3548,0.3548,0.3548,1,1.0
2025-03-15 11:00,0.3497,0.3497,0.3497,1,1.0
2025-03-15 14:00,0.344,0.344,0.344,1,1.0
2025-03-15 17:00,0.3434,0.3434,0.3434,1,1.0
2025-03-15 20:00,0.3375,0.3375,0.3375,1,1.0
2025-03-15 23:00,0.3385,0.3385,0.3385,1,1.0
2025-03-16 02:00,0.3397,0.3397,0.3397,1,1.0
2025-03-16 05:00,0.3417,0.3417,0.3417,1,1.0
2025-03-16 08:00,0.3408,0.3408,0.3408,1,1.0
2025-03-16 11:00,0.3353,0.3353,0.3353,1,1.0
2025-03-16 14:00,0.3282,0.3282,0.3282,1,1.0
2025-03-16 17:00,0.3252,0.3252,0.3252,1,1.0
2025-03-16 20:00,0.3258,0.3258,0.3258,1,1.0
2025-03-16 23:00,0.3262,0.3262,0.3262,1,1.0
2025-03-17 02:00,0.3279,0.3279,0.3279,1,1.0
2025-03-17 05:00,0.3298,0.3298,0.3298,1,1.0
2025-03-17 08:00,0.3263,0.3263,0.3263,1,1.0
2025-03-17 11:00,0.3216,0.3216,0.3216,1,1.0
2025-03-17 14:00,0.3167,0.3167,0.3167,1,1.0
2025-03-17 17:00,0.3154,0.3154,0.3154,1,1.0
2025-03-17 20:00,0.3178,0.3178,0.3178,1,1.0
2025-03-17 23:00,0.3198,0.3198,0.3198,1,1.0
2025-03-18 02:00,0.3208,0.3208,0.3208,1,1.0
2025-03-18 05:00,0.3221,0.3221,0.3221,1,1.0
2025-03-18 08:00,0.3212,0.3212,0.3212,1,1.0
2025-03-18 11:00,0.3127,0.3127,0.3127,1,1.0
2025-03-18 14:00,0.3031,0.3031,0.3031,1,1.0
2025-03-18 17:00,0.299,0.299,0.299,1,1.0
2025-03-18 20:00,0.3007,0.3007,0.3007,1,1.0
2025-03-18 23:00,0.3035,0.3035,0.3035,1,1.0
2025-03-19 02:00,0.3064,0.3064,0.3064,1,1.0
2025-03-19 05:00,0.3093,0.3093,0.3093,1,1.0
2025-03-19 08:00,0.3108,0.3108,0.3108,1,1.0
2025-03-19 11:00,0.3055,0.3055,0.3055,1,1.0
2025-03-19 14:00,0.2982,0.2982,0.2982,1,1.0
2025-03-19 17:00,0.2962,0.2962,0.2962,1,1.0
2025-03-19 20:00,0.2994,0.2994,0.2994,1,1.0
2025-03-19 23:00,0.303,0.303,0.303,1,1.0
2025-03-20 02:00,0.3062,0.3062,0.3062,1,1.0
2025-03-20 05:00,0.3091,0.3091,0.3091,1,1.0
2025-03-20 08:00,0.3102,0.3102,0.3102,1,1.0
2025-03-20 11:00,0.3033,0.3033,0.3033,1,1.0
2025-03-20 14:00,0.2936,0.2936,0.2936,1,1.0
2025-03-20 17:00,0.2871,0.2871,0.2871,1,1.0
2025-03-20 20:00,0.2909,0.2909,0.2909,1,1.0
2025-03-20 23:00,0.2953,0.2953,0.2953,1,1.0
2025-03-21 02:00,0.2993,0.2993,0.2993,1,1.0
2025-03-21 05:00,0.3032,0.3032,0.3032,1,1.0
2025-03-21 08:00,0.3051,0.3051,0.3051,1,1.0
2025-03-21 11:00,0.2972,0.2972,0.2972,1,1.0
2025-03-21 14:00,0.2873,0.2873,0.2873,1,1.0
2025-03-21 17:00,0.2849,0.2849,0.2849,1,1.0
2025-03-21 20:00,0.2888,0.2888,0.2888,1,1.0
2025-03-21 23:00,0.2932,0.2932,0.2932,1,1.0
2025-03-22 02:00,0.2969,0.2969,0.2969,1,1.0
2025-03-22 05:00,0.3003,0.3003,0.3003,1,1.0
2025-03-22 08:00,0.3035,0.3035,0.3035,1,1.0
2025-03-22 11:00,0.3016,0.3016,0.3016,1,1.0
2025-03-22 14:00,0.2929,0.2929,0.2929,1,1.0
2025-03-22 17:00,0.2903,0.2903,0.2903,1,1.0
2025-03-22 20:00,0.2937,0.2937,0.2937,1,1.0
2025-03-22 23:00,0.2981,0.2981,0.2981,1,1.0
2025-03-23 02:00,0.3926,0.3926,0.3926,1,1.0
2025-03-23 05:00,0.3698,0.3698,0.3698,1,1.0
2025-03-23 08:00,0.3559,0.3559,0.3559,1,1.0
2025-03-23 11:00,0.3407,0.3407,0.3407,1,1.0
2025-03-23 14:00,0.3273,0.3273,0.3273,1,1.0
2025-03-23 17:00,0.3234,0.3234,0.3234,1,1.0
2025-03-23 20:00,0.3183,0.3183,0.3183,1,1.0
2025-03-23 23:00,0.3209,0.3209,0.3209,1,1.0
2025-03-24 02:00,0.3233,0.3233,0.3233,1,1.0
2025-03-24 05:00,0.3255,0.3255,0.3255,1,1.0
2025-03-24 08:00,0.3269,0.3269,0.3269,1,1.0
2025-03-24 11:00,0.3243,0.3243,0.3243,1,1.0
2025-03-24 14:00,0.3166,0.3166,0.3166,1,1.0
2025-03-24 17:00,0.3135,0.3135,0.3135,1,1.0
2025-03-24 20:00,0.3157,0.3157,0.3157,1,1.0
2025-03-24 23:00,0.318,0.318,0.318,1,1.0
2025-03-25 02:00,0.3197,0.3197,0.3197,1,1.0
2025-03-25 05:00,0.3211,0.3211,0.3211,1,1.0
2025-03-25 08:00,0.3143,0.3143,0.3143,1,1.0
2025-03-25 11:00,0.3107,0.3107,0.3107,1,1.0
2025-03-25 14:00,0.3008,0.3008,0.3008,1,1.0
2025-03-25 17:00,0.2925,0.2925,0.2925,1,1.0
2025-03-25 20:00,0.2961,0.2961,0.2961,1,1.0
2025-03-25 23:00,0.3004,0.3004,0.3004,1,1.0
2025-03-26 02:00,0.3042,0.3042,0.3042,1,1.0
2025-03-26 05:00,0.3077,0.3077,0.3077,1,1.0
2025-03-26 08:00,0.3089,0.3089,0.3089,1,1.0
2025-03-26 11:00,0.3117,0.3117,0.3117,1,1.0
2025-03-26 14:00,0.3685,0.3685,0.3685,1,1.0
2025-03-26 17:00,0.3571,0.3571,0.3571,1,1.0
2025-03-26 20:00,0.3515,0.3515,0.3515,1,1.0
2025-03-26 23:00,0.3472,0.3472,0.3472,1,1.0
2025-03-27 02:00,0.3453,0.3453,0.3453,1,1.0
2025-03-27 05:00,0.3437,0.3437,0.3437,1,1.0
2025-03-27 08:00,0.3416,0.3416,0.3416,1,1.0
2025-03-27 11:00,0.3398,0.3398,0.3398,1,1.0
2025-03-27 14:00,0.3376,0.3376,0.3376,1,1.0
2025-03-27 17:00,0.3371,0.3371,0.3371,1,1.0
2025-03-27 20:00,0.3392,0.3392,0.3392,1,1.0
2025-03-27 23:00,0.3397,0.3397,0.3397,1,1.0
2025-03-28 02:00,0.3427,0.3427,0.3427,1,1.0
2025-03-28 05:00,0.3502,0.3502,0.3502,1,1.0
2025-03-28 08:00,0.3638,0.3638,0.3638,1,1.0
2025-03-28 11:00,0.3491,0.3491,0.3491,1,1.0
2025-03-28 14:00,0.3409,0.3409,0.3409,1,1.0
2025-03-28 17:00,0.3402,0.3402,0.3402,1,1.0
2025-03-28 20:00,0.3424,0.3424,0.3424,1,1.0
2025-03-28 23:00,0.341,0.341,0.341,1,1.0
2025-03-29 02:00,0.3398,0.3398,0.3398,1,1.0
2025-03-29 05:00,0.343,0.343,0.343,1,1.0
2025-03-29 08:00,0.3715,0.3715,0.3715,1,1.0
2025-03-29 11:00,0.3606,0.3606,0.3606,1,1.0
2025-03-29 14:00,0.3715,0.3715,0.3715,1,1.0
2025-03-29 17:00,0.3637,0.3637,0.3637,1,1.0
2025-03-29 20:00,0.3571,0.3571,0.3571,1,1.0
2025-03-29 23:00,0.357,0.357,0.357,1,1.0
2025-03-30 02:00,0.355,0.355,0.355,1,1.0
2025-03-30 05:00,0.3522,0.3522,0.3522,1,1.0
2025-03-30 08:00,0.3487,0.3487,0.3487,1,1.0
2025-03-30 11:00,0.341,0.341,0.341,1,1.0
2025-03-30 14:00,0.3364,0.3364,0.3364,1,1.0
2025-03-30 17:00,0.3377,0.3377,0.3377,1,1.0
2025-03-30 20:00,0.3373,0.3373,0.3373,1,1.0
2025-03-30 23:00,0.3371,0.3371,0.3371,1,1.0
2025-03-31 02:00,0.3359,0.3359,0.3359,1,1.0
2025-03-31 05:00,0.3348,0.3348,0.3348,1,1.0
2025-03-31 08:00,0.3357,0.3357,0.3357,1,1.0
2025-03-31 11:00,0.3334,0.3334,0.3334,1,1.0
2025-03-31 14:00,0.3291,0.3291,0.3291,1,1.0
2025-03-31 17:00,0.3254,0.3254,0.3254,1,1.0
2025-03-31 20:00,0.3176,0.3176,0.3176,1,1.0
2025-03-31 23:00,0.3301,0.3301,0.3301,1,1.0
2025-04-01 02:00,0.3725,0.3725,0.3725,1,1.0
2025-04-01 05:00,0.3658,0.3658,0.3658,1,1.0
2025-04-01 08:00,0.3552,0.3552,0.3552,1,1.0
2025-04-01 11:00,0.3481,0.3481,0.3481,1,1.0
2025-04-01 14:00,0.3464,0.3464,0.3464,1,1.0
2025-04-01 17:00,0.3442,0.3442,0.3442,1,1.0
2025-04-01 20:00,0.3428,0.3428,0.3428,1,1.0
2025-04-01 23:00,0.3422,0.3422,0.3422,1,1.0
2025-04-02 02:00,0.3423,0.3423,0.3423,1,1.0
2025-04-02 05:00,0.3427,0.3427,0.3427,1,1.0
2025-04-02 08:00,0.3374,0.3374,0.3374,1,1.0
2025-04-02 11:00,0.3321,0.3321,0.3321,1,1.0
2025-04-02 14:00,0.3272,0.3272,0.3272,1,1.0
2025-04-02 17:00,0.3266,0.3266,0.3266,1,1.0
2025-04-02 20:00,0.3284,0.3284,0.3284,1,1.0
2025-04-02 23:00,0.3301,0.3301,0.3301,1,1.0
2025-04-03 02:00,0.331,0.331,0.331,1,1.0
2025-04-03 05:00,0.3315,0.3315,0.3315,1,1.0
2025-04-03 08:00,0.3245,0.3245,0.3245,1,1.0
2025-04-03 11:00,0.3193,0.3193,0.3193,1,1.0
2025-04-03 14:00,0.3125,0.3125,0.3125,1,1.0
2025-04-03 17:00,0.3106,0.3106,0.3106,1,1.0
2025-04-03 20:00,0.313,0.313,0.313,1,1.0
2025-04-03 23:00,0.3147,0.3147,0.3147,1,1.0
2025-04-04 02:00,0.3167,0.3167,0.3167,1,1.0
2025-04-04 05:00,0.319,0.319,0.319,1,1.0
2025-04-04 08:00,0.3192,0.3192,0.3192,1,1.0
2025-04-04 11:00,0.3105,0.3105,0.3105,1,1.0
2025-04-04 14:00,0.3005,0.3005,0.3005,1,1.0
2025-04-04 17:00,0.2979,0.2979,0.2979,1,1.0
2025-04-04 20:00,0.3009,0.3009,0.3009,1,1.0
2025-04-04 23:00,0.3034,0.3034,0.3034,1,1.0
2025-04-05 02:00,0.3058,0.3058,0.3058,1,1.0
2025-04-05 05:00,0.3079,0.3079,0.3079,1,1.0
2025-04-05 08:00,0.2953,0.2953,0.2953,1,1.0
2025-04-05 11:00,0.2909,0.2909,0.2909,1,1.0
2025-04-05 14:00,0.2828,0.2828,0.2828,1,1.0
2025-04-05 17:00,0.2784,0.2784,0.2784,1,1.0
2025-04-05 20:00,0.283,0.283,0.283,1,1.0
2025-04-05 23:00,0.2879,0.2879,0.2879,1,1.0
2025-04-06 02:00,0.2924,0.2924,0.2924,1,1.0
2025-04-06 05:00,0.2967,0.2967,0.2967,1,1.0
2025-04-06 08:00,0.3001,0.3001,0.3001,1,1.0
2025-04-06 11:00,0.2969,0.2969,0.2969,1,1.0
2025-04-06 14:00,0.2927,0.2927,0.2927,1,1.0
2025-04-06 17:00,0.3348,0.3348,0.3348,1,1.0
2025-04-06 20:00,0.3323,0.3323,0.3323,1,1.0
2025-04-06 23:00,0.329,0.329,0.329,1,1.0
2025-04-07 02:00,0.3276,0.3276,0.3276,1,1.0
2025-04-07 05:00,0.3261,0.3261,0.3261,1,1.0
2025-04-07 08:00,0.3203,0.3203,0.3203,1,1.0
2025-04-07 11:00,0.3046,0.3046,0.3046,1,1.0
2025-04-07 14:00,0.2864,0.2864,0.2864,1,1.0
2025-04-07 17:00,0.2781,0.2781,0.2781,1,1.0
2025-04-07 20:00,0.2801,0.2801,0.2801,1,1.0
2025-04-07 23:00,0.2833,0.2833,0.2833,1,1.0
2025-04-08 02:00,0.287,0.287,0.287,1,1.0
2025-04-08 05:00,0.291,0.291,0.291,1,1.0
2025-04-08 08:00,0.2793,0.2793,0.2793,1,1.0
2025-04-08 11:00,0.2706,0.2706,0.2706,1,1.0
2025-04-08 14:00,0.2603,0.2603,0.2603,1,1.0
2025-04-08 17:00,0.2596,0.2596,0.2596,1,1.0
2025-04-08 20:00,0.2649,0.2649,0.2649,1,1.0
2025-04-08 23:00,0.2693,0.2693,0.2693,1,1.0
2025-04-09 02:00,0.2743,0.2743,0.2743,1,1.0
2025-04-09 05:00,0.2795,0.2795,0.2795,1,1.0
2025-04-09 08:00,0.2814,0.2814,0.2814,1,1.0
2025-04-09 11:00,0.2736,0.2736,0.2736,1,1.0
2025-04-09 14:00,0.2624,0.2624,0.2624,1,1.0
2025-04-09 17:00,0.2599,0.2599,0.2599,1,1.0
2025-04-09 20:00,0.2648,0.2648,0.2648,1,1.0
2025-04-09 23:00,0.2705,0.2705,0.2705,1,1.0
2025-04-10 02:00,0.2765,0.2765,0.2765,1,1.0
2025-04-10 05:00,0.2821,0.2821,0.2821,1,1.0
2025-04-10 08:00,0.2833,0.2833,0.2833,1,1.0
2025-04-10 11:00,0.2756,0.2756,0.2756,1,1.0
2025-04-10 14:00,0.2672,0.2672,0.2672,1,1.0
2025-04-10 17:00,0.2634,0.2634,0.2634,1,1.0
2025-04-10 20:00,0.2679,0.2679,0.2679,1,1.0
2025-04-10 23:00,0.273,0.273,0.273,1,1.0
2025-04-11 02:00,0.2779,0.2779,0.2779,1,1.0
2025-04-11 05:00,0.2825,0.2825,0.2825,1,1.0
2025-04-11 08:00,0.2782,0.2782,0.2782,1,1.0
2025-04-11 11:00,0.2677,0.2677,0.2677,1,1.0
2025-04-11 14:00,0.2558,0.2558,0.2558,1,1.0
2025-04-11 17:00,0.2531,0.2531,0.2531,1,1.0
2025-04-11 20:00,0.2414,0.2414,0.2414,1,1.0
2025-04-11 23:00,0.2481,0.2481,0.2481,1,1.0
2025-04-12 02:00,0.2544,0.2544,0.2544,1,1.0
2025-04-12 05:00,0.2603,0.2603,0.2603,1,1.0
2025-04-12 08:00,0.2653,0.2653,0.2653,1,1.0
2025-04-12 11:00,0.2607,0.2607,0.2607,1,1.0
2025-04-12 14:00,0.2526,0.2526,0.2526,1,1.0
2025-04-12 17:00,0.2517,0.2517,0.2517,1,1.0
2025-04-12 20:00,0.2568,0.2568,0.2568,1,1.0
2025-04-12 23:00,0.2624,0.2624,0.2624,1,1.0
2025-04-13 02:00,0.2725,0.2725,0.2725,1,1.0
2025-04-13 05:00,0.2813,0.2813,0.2813,1,1.0
2025-04-13 08:00,0.2833,0.2833,0.2833,1,1.0
2025-04-13 11:00,0.2791,0.2791,0.2791,1,1.0
2025-04-13 14:00,0.271,0.271,0.271,1,1.0
2025-04-13 17:00,0.2618,0.2618,0.2618,1,1.0
2025-04-13 20:00,0.264,0.264,0.264,1,1.0
2025-04-13 23:00,0.2659,0.2659,0.2659,1,1.0
2025-04-14 02:00,0.2898,0.2898,0.2898,1,1.0
2025-04-14 05:00,0.3044,0.3044,0.3044,1,1.0
2025-04-14 08:00,0.3007,0.3007,0.3007,1,1.0
2025-04-14 11:00,0.2902,0.2902,0.2902,1,1.0
2025-04-14 14:00,0.2754,0.2754,0.2754,1,1.0
2025-04-14 17:00,0.2757,0.2757,0.2757,1,1.0
2025-04-14 20:00,0.2756,0.2756,0.2756,1,1.0
2025-04-14 23:00,0.2799,0.2799,0.2799,1,1.0
2025-04-15 02:00,0.319,0.319,0.319,1,1.0
2025-04-15 05:00,0.3797,0.3797,0.3797,1,1.0
2025-04-15 08:00,0.3502,0.3502,0.3502,1,1.0
2025-04-15 11:00,0.3225,0.3225,0.3225,1,1.0
2025-04-15 14:00,0.3007,0.3007,0.3007,1,1.0
2025-04-15 17:00,0.2923,0.2923,0.2923,1,1.0
2025-04-15 20:00,0.2943,0.2943,0.2943,1,1.0
2025-04-15 23:00,0.2977,0.2977,0.2977,1,1.0
2025-04-16 02:00,0.3023,0.3023,0.3023,1,1.0
2025-04-16 05:00,0.3063,0.3063,0.3063,1,1.0
2025-04-16 08:00,0.3048,0.3048,0.3048,1,1.0
2025-04-16 11:00,0.2883,0.2883,0.2883,1,1.0
2025-04-16 14:00,0.2764,0.2764,0.2764,1,1.0
2025-04-16 17:00,0.2781,0.2781,0.2781,1,1.0
2025-04-16 20:00,0.296,0.296,0.296,1,1.0
2025-04-16 23:00,0.2966,0.2966,0.2966,1,1.0
2025-04-17 02:00,0.2974,0.2974,0.2974,1,1.0
2025-04-17 05:00,0.3438,0.3438,0.3438,1,1.0
2025-04-17 08:00,0.3459,0.3459,0.3459,1,1.0
2025-04-17 11:00,0.3331,0.3331,0.3331,1,1.0
2025-04-17 14:00,0.3241,0.3241,0.3241,1,1.0
2025-04-17 17:00,0.3231,0.3231,0.3231,1,1.0
2025-04-17 20:00,0.3235,0.3235,0.3235,1,1.0
2025-04-17 23:00,0.3231,0.3231,0.3231,1,1.0
2025-04-18 02:00,0.3232,0.3232,0.3232,1,1.0
2025-04-18 05:00,0.3234,0.3234,0.3234,1,1.0
2025-04-18 08:00,0.3221,0.3221,0.3221,1,1.0
2025-04-18 11:00,0.3091,0.3091,0.3091,1,1.0
2025-04-18 14:00,0.292,0.292,0.292,1,1.0
2025-04-18 17:00,0.2813,0.2813,0.2813,1,1.0
2025-04-18 20:00,0.2847,0.2847,0.2847,1,1.0
2025-04-18 23:00,0.289,0.289,0.289,1,1.0
2025-04-19 02:00,0.2931,0.2931,0.2931,1,1.0
2025-04-19 05:00,0.2967,0.2967,0.2967,1,1.0
2025-04-19 08:00,0.289,0.289,0.289,1,1.0
2025-04-19 11:00,0.2794,0.2794,0.2794,1,1.0
2025-04-19 14:00,0.268,0.268,0.268,1,1.0
2025-04-19 17:00,0.2645,0.2645,0.2645,1,1.0
2025-04-19 20:00,0.2694,0.2694,0.2694,1,1.0
2025-04-19 23:00,0.2744,0.2744,0.2744,1,1.0
2025-04-20 02:00,0.2794,0.2794,0.2794,1,1.0
2025-04-20 05:00,0.2839,0.2839,0.2839,1,1.0
2025-04-20 08:00,0.285,0.285,0.285,1,1.0
2025-04-20 11:00,0.274,0.274,0.274,1,1.0
2025-04-20 14:00,0.2608,0.2608,0.2608,1,1.0
2025-04-20 17:00,0.2568,0.2568,0.2568,1,1.0
2025-04-20 20:00,0.2601,0.2601,0.2601,1,1.0
2025-04-20 23:00,0.2645,0.2645,0.2645,1,1.0
2025-04-21 02:00,0.2689,0.2689,0.2689,1,1.0
2025-04-21 05:00,0.2732,0.2732,0.2732,1,1.0
2025-04-21 08:00,0.2787,0.2787,0.2787,1,1.0
2025-04-21 11:00,0.2692,0.2692,0.2692,1,1.0
2025-04-21 14:00,0.2591,0.2591,0.2591,1,1.0
2025-04-21 17:00,0.2564,0.2564,0.2564,1,1.0
2025-04-21 20:00,0.2602,0.2602,0.2602,1,1.0
2025-04-21 23:00,0.263,0.263,0.263,1,1.0
2025-04-22 02:00,0.2655,0.2655,0.2655,1,1.0
2025-04-22 05:00,0.2684,0.2684,0.2684,1,1.0
2025-04-22 08:00,0.2678,0.2678,0.2678,1,1.0
2025-04-22 11:00,0.2584,0.2584,0.2584,1,1.0
2025-04-22 14:00,0.2469,0.2469,0.2469,1,1.0
2025-04-22 17:00,0.2439,0.2439,0.2439,1,1.0
2025-04-22 20:00,0.2481,0.2481,0.2481,1,1.0
2025-04-22 23:00,0.2533,0.2533,0.2533,1,1.0
2025-04-23 02:00,0.2579,0.2579,0.2579,1,1.0
2025-04-23 05:00,0.2622,0.2622,0.2622,1,1.0
2025-04-23 08:00,0.2641,0.2641,0.2641,1,1.0
2025-04-23 11:00,0.2764,0.2764,0.2764,1,1.0
2025-04-23 14:00,0.3255,0.3255,0.3255,1,1.0
2025-04-23 17:00,0.3213,0.3213,0.3213,1,1.0
2025-04-23 20:00,0.3192,0.3192,0.3192,1,1.0
2025-04-23 23:00,0.3212,0.3212,0.3212,1,1.0
2025-04-24 02:00,0.3236,0.3236,0.3236,1,1.0
2025-04-24 05:00,0.3242,0.3242,0.3242,1,1.0
2025-04-24 08:00,0.3302,0.3302,0.3302,1,1.0
2025-04-24 11:00,0.3428,0.3428,0.3428,1,1.0
2025-04-24 14:00,0.3727,0.3727,0.3727,1,1.0
2025-04-24 17:00,0.3372,0.3372,0.3372,1,1.0
2025-04-24 20:00,0.3276,0.3276,0.3276,1,1.0
2025-04-24 23:00,0.3253,0.3253,0.3253,1,1.0
2025-04-25 02:00,0.3229,0.3229,0.3229,1,1.0
2025-04-25 05:00,0.3213,0.3213,0.3213,1,1.0
2025-04-25 08:00,0.3171,0.3171,0.3171,1,1.0
2025-04-25 11:00,0.3022,0.3022,0.3022,1,1.0
2025-04-25 14:00,0.2889,0.2889,0.2889,1,1.0
2025-04-25 17:00,0.2855,0.2855,0.2855,1,1.0
2025-04-25 20:00,0.2885,0.2885,0.2885,1,1.0
2025-04-25 23:00,0.2921,0.2921,0.2921,1,1.0
2025-04-26 02:00,0.2954,0.2954,0.2954,1,1.0
2025-04-26 05:00,0.298,0.298,0.298,1,1.0
2025-04-26 08:00,0.2968,0.2968,0.2968,1,1.0
2025-04-26 11:00,0.2882,0.2882,0.2882,1,1.0
2025-04-26 14:00,0.2806,0.2806,0.2806,1,1.0
2025-04-26 17:00,0.2788,0.2788,0.2788,1,1.0
2025-04-26 20:00,0.2821,0.2821,0.2821,1,1.0
2025-04-26 23:00,0.2858,0.2858,0.2858,1,1.0
2025-04-27 02:00,0.2891,0.2891,0.2891,1,1.0
2025-04-27 05:00,0.2923,0.2923,0.2923,1,1.0
2025-04-27 08:00,0.2843,0.2843,0.2843,1,1.0
2025-04-27 11:00,0.2755,0.2755,0.2755,1,1.0
2025-04-27 14:00,0.2682,0.2682,0.2682,1,1.0
2025-04-27 17:00,0.2664,0.2664,0.2664,1,1.0
2025-04-27 20:00,0.2645,0.2645,0.2645,1,1.0
2025-04-27 23:00,0.2692,0.2692,0.2692,1,1.0
2025-04-28 02:00,0.2735,0.2735,0.2735,1,1.0
2025-04-28 05:00,0.2773,0.2773,0.2773,1,1.0
2025-04-28 08:00,0.2778,0.2778,0.2778,1,1.0
2025-04-28 11:00,0.2696,0.2696,0.2696,1,1.0
2025-04-28 14:00,0.2732,0.2732,0.2732,1,1.0
2025-04-28 17:00,0.3044,0.3044,0.3044,1,1.0
2025-04-28 20:00,0.3189,0.3189,0.3189,1,1.0
2025-04-28 23:00,0.3159,0.3159,0.3159,1,1.0
2025-04-29 02:00,0.3138,0.3138,0.3138,1,1.0
2025-04-29 05:00,0.3122,0.3122,0.3122,1,1.0
2025-04-29 08:00,0.3032,0.3032,0.3032,1,1.0
2025-04-29 11:00,0.2886,0.2886,0.2886,1,1.0
2025-04-29 14:00,0.2741,0.2741,0.2741,1,1.0
2025-04-29 17:00,0.2604,0.2604,0.2604,1,1.0
2025-04-29 20:00,0.2629,0.2629,0.2629,1,1.0
2025-04-29 23:00,0.2661,0.2661,0.2661,1,1.0
2025-04-30 02:00,0.269,0.269,0.269,1,1.0
2025-04-30 05:00,0.2714,0.2714,0.2714,1,1.0
2025-04-30 08:00,0.2696,0.2696,0.2696,1,1.0
2025-04-30 11:00,0.2591,0.2591,0.2591,1,1.0
2025-04-30 14:00,0.246,0.246,0.246,1,1.0
2025-04-30 17:00,0.2405,0.2405,0.2405,1,1.0
2025-04-30 20:00,0.2432,0.2432,0.2432,1,1.0
2025-04-30 23:00,0.247,0.247,0.247,1,1.0
2025-05-01 02:00,0.2505,0.2505,0.2505,1,1.0
2025-05-01 05:00,0.2531,0.2531,0.2531,1,1.0
2025-05-01 08:00,0.2516,0.2516,0.2516,1,1.0
2025-05-01 11:00,0.2406,0.2406,0.2406,1,1.0
2025-05-01 14:00,0.229,0.229,0.229,1,1.0
2025-05-01 17:00,0.2246,0.2246,0.2246,1,1.0
2025-05-01 20:00,0.2284,0.2284,0.2284,1,1.0
2025-05-01 23:00,0.2334,0.2334,0.2334,1,1.0
2025-05-02 02:00,0.238,0.238,0.238,1,1.0
2025-05-02 05:00,0.2421,0.2421,0.2421,1,1.0
2025-05-02 08:00,0.2392,0.2392,0.2392,1,1.0
2025-05-02 11:00,0.2325,0.2325,0.2325,1,1.0
2025-05-02 14:00,0.2232,0.2232,0.2232,1,1.0
2025-05-02 17:00,0.2207,0.2207,0.2207,1,1.0
2025-05-02 20:00,0.2233,0.2233,0.2233,1,1.0
2025-05-02 23:00,0.2286,0.2286,0.2286,1,1.0
2025-05-03 02:00,0.2338,0.2338,0.2338,1,1.0
2025-05-03 05:00,0.2386,0.2386,0.2386,1,1.0
2025-05-03 08:00,0.2402,0.2402,0.2402,1,1.0
2025-05-03 11:00,0.2326,0.2326,0.2326,1,1.0
2025-05-03 14:00,0.2238,0.2238,0.2238,1,1.0
2025-05-03 17:00,0.2216,0.2216,0.2216,1,1.0
2025-05-03 20:00,0.2253,0.2253,0.2253,1,1.0
2025-05-03 23:00,0.23,0.23,0.23,1,1.0
2025-05-04 02:00,0.2346,0.2346,0.2346,1,1.0
2025-05-04 05:00,0.239,0.239,0.239,1,1.0
2025-05-04 08:00,0.24,0.24,0.24,1,1.0
2025-05-04 11:00,0.2323,0.2323,0.2323,1,1.0
2025-05-04 14:00,0.2235,0.2235,0.2235,1,1.0
2025-05-04 17:00,0.2235,0.2235,0.2235,1,1.0
2025-05-04 20:00,0.2306,0.2306,0.2306,1,1.0
2025-05-04 23:00,0.2358,0.2358,0.2358,1,1.0
2025-05-05 02:00,0.255,0.255,0.255,1,1.0
2025-05-05 05:00,0.2732,0.2732,0.2732,1,1.0
2025-05-05 08:00,0.2522,0.2522,0.2522,1,1.0
2025-05-05 11:00,0.2481,0.2481,0.2481,1,1.0
2025-05-05 14:00,0.2445,0.2445,0.2445,1,1.0
2025-05-05 17:00,0.2446,0.2446,0.2446,1,1.0
2025-05-05 20:00,0.2478,0.2478,0.2478,1,1.0
2025-05-05 23:00,0.2512,0.2512,0.2512,1,1.0
2025-05-06 02:00,0.2544,0.2544,0.2544,1,1.0
2025-05-06 05:00,0.2573,0.2573,0.2573,1,1.0
2025-05-06 08:00,0.2581,0.2581,0.2581,1,1.0
2025-05-06 11:00,0.2527,0.2527,0.2527,1,1.0
2025-05-06 14:00,0.2426,0.2426,0.2426,1,1.0
2025-05-06 17:00,0.2382,0.2382,0.2382,1,1.0
2025-05-06 20:00,0.2408,0.2408,0.2408,1,1.0
2025-05-06 23:00,0.2446,0.2446,0.2446,1,1.0
2025-05-07 02:00,0.2479,0.2479,0.2479,1,1.0
2025-05-07 05:00,0.2507,0.2507,0.2507,1,1.0
2025-05-07 08:00,0.2441,0.2441,0.2441,1,1.0
2025-05-07 11:00,0.2388,0.2388,0.2388,1,1.0
2025-05-07 14:00,0.2316,0.2316,0.2316,1,1.0
2025-05-07 17:00,0.2199,0.2199,0.2199,1,1.0
2025-05-07 20:00,0.2236,0.2236,0.2236,1,1.0
2025-05-07 23:00,0.2277,0.2277,0.2277,1,1.0
2025-05-08 02:00,0.2312,0.2312,0.2312,1,1.0
2025-05-08 05:00,0.2345,0.2345,0.2345,1,1.0
2025-05-08 08:00,0.235,0.235,0.235,1,1.0
2025-05-08 11:00,0.2297,0.2297,0.2297,1,1.0
2025-05-08 14:00,0.2213,0.2213,0.2213,1,1.0
2025-05-08 17:00,0.2175,0.2175,0.2175,1,1.0
2025-05-08 20:00,0.2198,0.2198,0.2198,1,1.0
2025-05-08 23:00,0.2233,0.2233,0.2233,1,1.0
2025-05-09 02:00,0.2267,0.2267,0.2267,1,1.0
2025-05-09 05:00,0.2297,0.2297,0.2297,1,1.0
2025-05-09 08:00,0.2305,0.2305,0.2305,1,1.0
2025-05-09 11:00,0.2244,0.2244,0.2244,1,1.0
2025-05-09 14:00,0.2156,0.2156,0.2156,1,1.0
2025-05-09 17:00,0.2114,0.2114,0.2114,1,1.0
2025-05-09 20:00,0.2135,0.2135,0.2135,1,1.0
2025-05-09 23:00,0.2169,0.2169,0.2169,1,1.0
2025-05-10 02:00,0.2203,0.2203,0.2203,1,1.0
2025-05-10 05:00,0.2235,0.2235,0.2235,1,1.0
2025-05-10 08:00,0.2211,0.2211,0.2211,1,1.0
2025-05-10 11:00,0.2155,0.2155,0.2155,1,1.0
2025-05-10 14:00,0.2093,0.2093,0.2093,1,1.0
2025-05-10 17:00,0.2097,0.2097,0.2097,1,1.0
2025-05-10 20:00,0.2046,0.2046,0.2046,1,1.0
2025-05-10 23:00,0.2087,0.2087,0.2087,1,1.0
2025-05-11 02:00,0.2127,0.2127,0.2127,1,1.0
2025-05-11 05:00,0.2165,0.2165,0.2165,1,1.0
2025-05-11 08:00,0.2204,0.2204,0.2204,1,1.0
2025-05-11 11:00,0.2942,0.2942,0.2942,1,1.0
2025-05-11 14:00,0.3173,0.3173,0.3173,1,1.0
2025-05-11 17:00,0.3039,0.3039,0.3039,1,1.0
2025-05-11 20:00,0.2985,0.2985,0.2985,1,1.0
2025-05-11 23:00,0.296,0.296,0.296,1,1.0
2025-05-12 02:00,0.2939,0.2939,0.2939,1,1.0
2025-05-12 05:00,0.2923,0.2923,0.2923,1,1.0
2025-05-12 08:00,0.2882,0.2882,0.2882,1,1.0
2025-05-12 11:00,0.2753,0.2753,0.2753,1,1.0
2025-05-12 14:00,0.2645,0.2645,0.2645,1,1.0
2025-05-12 17:00,0.2645,0.2645,0.2645,1,1.0
2025-05-12 20:00,0.2707,0.2707,0.2707,1,1.0
2025-05-12 23:00,0.2728,0.2728,0.2728,1,1.0
2025-05-13 02:00,0.2729,0.2729,0.2729,1,1.0
2025-05-13 05:00,0.2732,0.2732,0.2732,1,1.0
2025-05-13 08:00,0.2686,0.2686,0.2686,1,1.0
2025-05-13 11:00,0.2588,0.2588,0.2588,1,1.0
2025-05-13 14:00,0.2589,0.2589,0.2589,1,1.0
2025-05-13 17:00,0.2661,0.2661,0.2661,1,1.0
2025-05-13 20:00,0.2705,0.2705,0.2705,1,1.0
2025-05-13 23:00,0.271,0.271,0.271,1,1.0
2025-05-14 02:00,0.2711,0.2711,0.2711,1,1.0
2025-05-14 05:00,0.2715,0.2715,0.2715,1,1.0
2025-05-14 08:00,0.2697,0.2697,0.2697,1,1.0
2025-05-14 11:00,0.2602,0.2602,0.2602,1,1.0
2025-05-14 14:00,0.252,0.252,0.252,1,1.0
2025-05-14 17:00,0.2501,0.2501,0.2501,1,1.0
2025-05-14 20:00,0.2567,0.2567,0.2567,1,1.0
2025-05-14 23:00,0.2607,0.2607,0.2607,1,1.0
2025-05-15 02:00,0.2624,0.2624,0.2624,1,1.0
2025-05-15 05:00,0.2633,0.2633,0.2633,1,1.0
2025-05-15 08:00,0.2519,0.2519,0.2519,1,1.0
2025-05-15 11:00,0.2466,0.2466,0.2466,1,1.0
2025-05-15 14:00,0.269,0.269,0.269,1,1.0
2025-05-15 17:00,0.2968,0.2968,0.2968,1,1.0
2025-05-15 20:00,0.3014,0.3014,0.3014,1,1.0
2025-05-15 23:00,0.2983,0.2983,0.2983,1,1.0
2025-05-16 02:00,0.295,0.295,0.295,1,1.0
2025-05-16 05:00,0.2916,0.2916,0.2916,1,1.0
2025-05-16 08:00,0.2885,0.2885,0.2885,1,1.0
2025-05-16 11:00,0.2771,0.2771,0.2771,1,1.0
2025-05-16 14:00,0.2622,0.2622,0.2622,1,1.0
2025-05-16 17:00,0.2536,0.2536,0.2536,1,1.0
2025-05-16 20:00,0.2509,0.2509,0.2509,1,1.0
2025-05-16 23:00,0.2499,0.2499,0.2499,1,1.0
2025-05-17 02:00,0.2495,0.2495,0.2495,1,1.0
2025-05-17 05:00,0.2493,0.2493,0.2493,1,1.0
2025-05-17 08:00,0.2456,0.2456,0.2456,1,1.0
2025-05-17 11:00,0.2354,0.2354,0.2354,1,1.0
2025-05-17 14:00,0.2255,0.2255,0.2255,1,1.0
2025-05-17 17:00,0.2206,0.2206,0.2206,1,1.0
2025-05-17 20:00,0.2218,0.2218,0.2218,1,1.0
2025-05-17 23:00,0.2245,0.2245,0.2245,1,1.0
2025-05-18 02:00,0.2274,0.2274,0.2274,1,1.0
2025-05-18 05:00,0.2302,0.2302,0.2302,1,1.0
2025-05-18 08:00,0.2239,0.2239,0.2239,1,1.0
2025-05-18 11:00,0.2191,0.2191,0.2191,1,1.0
2025-05-18 14:00,0.2136,0.2136,0.2136,1,1.0
2025-05-18 17:00,0.2123,0.2123,0.2123,1,1.0
2025-05-18 20:00,0.2128,0.2128,0.2128,1,1.0
2025-05-18 23:00,0.2159,0.2159,0.2159,1,1.0
2025-05-19 02:00,0.219,0.219,0.219,1,1.0
2025-05-19 05:00,0.2219,0.2219,0.2219,1,1.0
2025-05-19 08:00,0.2224,0.2224,0.2224,1,1.0
2025-05-19 11:00,0.2152,0.2152,0.2152,1,1.0
2025-05-19 14:00,0.206,0.206,0.206,1,1.0
2025-05-19 17:00,0.2019,0.2019,0.2019,1,1.0
2025-05-19 20:00,0.204,0.204,0.204,1,1.0
2025-05-19 23:00,0.2072,0.2072,0.2072,1,1.0
2025-05-20 02:00,0.2108,0.2108,0.2108,1,1.0
2025-05-20 05:00,0.2142,0.2142,0.2142,1,1.0
2025-05-20 08:00,0.2146,0.2146,0.2146,1,1.0
2025-05-20 11:00,0.2089,0.2089,0.2089,1,1.0
2025-05-20 14:00,0.2049,0.2049,0.2049,1,1.0
2025-05-20 17:00,0.2021,0.2021,0.2021,1,1.0
2025-05-20 20:00,0.2037,0.2037,0.2037,1,1.0
2025-05-20 23:00,0.2056,0.2056,0.2056,1,1.0
2025-05-21 02:00,0.2169,0.2169,0.2169,1,1.0
2025-05-21 05:00,0.2453,0.2453,0.2453,1,1.0
2025-05-21 08:00,0.2424,0.2424,0.2424,1,1.0
2025-05-21 11:00,0.2348,0.2348,0.2348,1,1.0
2025-05-21 14:00,0.2249,0.2249,0.2249,1,1.0
2025-05-21 17:00,0.2206,0.2206,0.2206,1,1.0
2025-05-21 20:00,0.2218,0.2218,0.2218,1,1.0
2025-05-21 23:00,0.2239,0.2239,0.2239,1,1.0
2025-05-22 02:00,0.2261,0.2261,0.2261,1,1.0
2025-05-22 05:00,0.2281,0.2281,0.2281,1,1.0
2025-05-22 08:00,0.2277,0.2277,0.2277,1,1.0
2025-05-22 11:00,0.2208,0.2208,0.2208,1,1.0
2025-05-22 14:00,0.212,0.212,0.212,1,1.0
2025-05-22 17:00,0.2083,0.2083,0.2083,1,1.0
2025-05-22 20:00,0.2099,0.2099,0.2099,1,1.0
2025-05-22 23:00,0.2124,0.2124,0.2124,1,1.0
2025-05-23 02:00,0.215,0.215,0.215,1,1.0
2025-05-23 05:00,0.2173,0.2173,0.2173,1,1.0
2025-05-23 08:00,0.2078,0.2078,0.2078,1,1.0
2025-05-23 11:00,0.2077,0.2077,0.2077,1,1.0
2025-05-23 14:00,0.2003,0.2003,0.2003,1,1.0
2025-05-23 17:00,0.1985,0.1985,0.1985,1,1.0
2025-05-23 20:00,0.2001,0.2001,0.2001,1,1.0
2025-05-23 23:00,0.2029,0.2029,0.2029,1,1.0
2025-05-24 02:00,0.206,0.206,0.206,1,1.0
2025-05-24 05:00,0.2086,0.2086,0.2086,1,1.0
2025-05-24 08:00,0.208,0.208,0.208,1,1.0
2025-05-24 11:00,0.2033,0.2033,0.2033,1,1.0
2025-05-24 14:00,0.1983,0.1983,0.1983,1,1.0
2025-05-24 17:00,0.1949,0.1949,0.1949,1,1.0
2025-05-24 20:00,0.1941,0.1941,0.1941,1,1.0
2025-05-24 23:00,0.194,0.194,0.194,1,1.0
2025-05-25 02:00,0.1944,0.1944,0.1944,1,1.0
2025-05-25 05:00,0.1957,0.1957,0.1957,1,1.0
2025-05-25 08:00,0.194,0.194,0.194,1,1.0
2025-05-25 11:00,0.1867,0.1867,0.1867,1,1.0
2025-05-25 14:00,0.178,0.178,0.178,1,1.0
2025-05-25 17:00,0.1734,0.1734,0.1734,1,1.0
2025-05-25 20:00,0.1742,0.1742,0.1742,1,1.0
2025-05-25 23:00,0.1757,0.1757,0.1757,1,1.0
2025-05-26 02:00,0.1775,0.1775,0.1775,1,1.0
2025-05-26 05:00,0.1798,0.1798,0.1798,1,1.0
2025-05-26 08:00,0.1537,0.1537,0.1537,1,1.0
2025-05-26 11:00,0.1496,0.1496,0.1496,1,1.0
2025-05-26 14:00,0.1447,0.1447,0.1447,1,1.0
2025-05-26 17:00,0.1429,0.1429,0.1429,1,1.0
2025-05-26 20:00,0.1416,0.1416,0.1416,1,1.0
2025-05-26 23:00,0.1448,0.1448,0.1448,1,1.0
2025-05-27 02:00,0.1477,0.1477,0.1477,1,1.0
2025-05-27 05:00,0.1506,0.1506,0.1506,1,1.0
2025-05-27 08:00,0.1521,0.1521,0.1521,1,1.0
2025-05-27 11:00,0.1498,0.1498,0.1498,1,1.0
2025-05-27 14:00,0.1471,0.1471,0.1471,1,1.0
2025-05-27 17:00,0.1462,0.1462,0.1462,1,1.0
2025-05-27 20:00,0.1488,0.1488,0.1488,1,1.0
2025-05-27 23:00,0.152,0.152,0.152,1,1.0
2025-05-28 02:00,0.1551,0.1551,0.1551,1,1.0
2025-05-28 05:00,0.1585,0.1585,0.1585,1,1.0
2025-05-28 08:00,0.1578,0.1578,0.1578,1,1.0
2025-05-28 11:00,0.154,0.154,0.154,1,1.0
2025-05-28 14:00,0.1514,0.1514,0.1514,1,1.0
2025-05-28 17:00,0.149,0.149,0.149,1,1.0
2025-05-28 20:00,0.1514,0.1514,0.1514,1,1.0
2025-05-28 23:00,0.1548,0.1548,0.1548,1,1.0
2025-05-29 02:00,0.1583,0.1583,0.1583,1,1.0
2025-05-29 05:00,0.166,0.166,0.166,1,1.0
2025-05-29 08:00,0.181,0.181,0.181,1,1.0
2025-05-29 11:00,0.1765,0.1765,0.1765,1,1.0
2025-05-29 14:00,0.1681,0.1681,0.1681,1,1.0
2025-05-29 17:00,0.1624,0.1624,0.1624,1,1.0
2025-05-29 20:00,0.1588,0.1588,0.1588,1,1.0
2025-05-29 23:00,0.1602,0.1602,0.1602,1,1.0
2025-05-30 02:00,0.1619,0.1619,0.1619,1,1.0
2025-05-30 05:00,0.1637,0.1637,0.1637,1,1.0
2025-05-30 08:00,0.1628,0.1628,0.1628,1,1.0
2025-05-30 11:00,0.1557,0.1557,0.1557,1,1.0
2025-05-30 14:00,0.1472,0.1472,0.1472,1,1.0
2025-05-30 17:00,0.1426,0.1426,0.1426,1,1.0
2025-05-30 20:00,0.1427,0.1427,0.1427,1,1.0
2025-05-30 23:00,0.1437,0.1437,0.1437,1,1.0
2025-05-31 02:00,0.1451,0.1451,0.1451,1,1.0
2025-05-31 05:00,0.1469,0.1469,0.1469,1,1.0
2025-05-31 08:00,0.1454,0.1454,0.1454,1,1.0
2025-05-31 11:00,0.1407,0.1407,0.1407,1,1.0
2025-05-31 14:00,0.135,0.135,0.135,1,1.0
2025-05-31 17:00,0.1301,0.1301,0.1301,1,1.0
2025-05-31 20:00,0.1312,0.1312,0.1312,1,1.0
2025-05-31 23:00,0.1331,0.1331,0.1331,1,1.0
2025-06-01 02:00,0.135,0.135,0.135,1,1.0
2025-06-01 05:00,0.1371,0.1371,0.1371,1,1.0
2025-06-01 08:00,0.1377,0.1377,0.1377,1,1.0
2025-06-01 11:00,0.1338,0.1338,0.1338,1,1.0
2025-06-01 14:00,0.1283,0.1283,0.1283,1,1.0
2025-06-01 17:00,0.126,0.126,0.126,1,1.0
2025-06-01 20:00,0.1273,0.1273,0.1273,1,1.0
2025-06-01 23:00,0.1293,0.1293,0.1293,1,1.0
2025-06-02 02:00,0.1315,0.1315,0.1315,1,1.0
2025-06-02 05:00,0.1336,0.1336,0.1336,1,1.0
2025-06-02 08:00,0.1343,0.1343,0.1343,1,1.0
2025-06-02 11:00,0.1309,0.1309,0.1309,1,1.0
2025-06-02 14:00,0.1271,0.1271,0.1271,1,1.0
2025-06-02 17:00,0.1268,0.1268,0.1268,1,1.0
2025-06-02 20:00,0.1294,0.1294,0.1294,1,1.0
2025-06-02 23:00,0.1316,0.1316,0.1316,1,1.0
2025-06-03 02:00,0.1341,0.1341,0.1341,1,1.0
2025-06-03 05:00,0.1365,0.1365,0.1365,1,1.0
2025-06-03 08:00,0.1357,0.1357,0.1357,1,1.0
2025-06-03 11:00,0.1305,0.1305,0.1305,1,1.0
2025-06-03 14:00,0.1249,0.1249,0.1249,1,1.0
2025-06-03 17:00,0.1225,0.1225,0.1225,1,1.0
2025-06-03 20:00,0.123,0.123,0.123,1,1.0
2025-06-03 23:00,0.1246,0.1246,0.1246,1,1.0
2025-06-04 02:00,0.1261,0.1261,0.1261,1,1.0
2025-06-04 05:00,0.1279,0.1279,0.1279,1,1.0
2025-06-04 08:00,0.128,0.128,0.128,1,1.0
2025-06-04 11:00,0.123,0.123,0.123,1,1.0
2025-06-04 14:00,0.1167,0.1167,0.1167,1,1.0
2025-06-04 17:00,0.1145,0.1145,0.1145,1,1.0
2025-06-04 20:00,0.1161,0.1161,0.1161,1,1.0
2025-06-04 23:00,0.1179,0.1179,0.1179,1,1.0
2025-06-05 02:00,0.1202,0.1202,0.1202,1,1.0
2025-06-05 05:00,0.1228,0.1228,0.1228,1,1.0
2025-06-05 08:00,0.123,0.123,0.123,1,1.0
2025-06-05 11:00,0.1182,0.1182,0.1182,1,1.0
2025-06-05 14:00,0.1132,0.1132,0.1132,1,1.0
2025-06-05 17:00,0.1086,0.1086,0.1086,1,1.0
2025-06-05 20:00,0.1097,0.1097,0.1097,1,1.0
2025-06-05 23:00,0.1118,0.1118,0.1118,1,1.0
2025-06-06 02:00,0.1143,0.1143,0.1143,1,1.0
2025-06-06 05:00,0.1163,0.1163,0.1163,1,1.0
2025-06-06 08:00,0.1114,0.1114,0.1114,1,1.0
2025-06-06 11:00,0.107,0.107,0.107,1,1.0
2025-06-06 14:00,0.1023,0.1023,0.1023,1,1.0
2025-06-06 17:00,0.1005,0.1005,0.1005,1,1.0
2025-06-06 20:00,0.1028,0.1028,0.1028,1,1.0
2025-06-06 23:00,0.1047,0.1047,0.1047,1,1.0
2025-06-07 02:00,0.1061,0.1061,0.1061,1,1.0
2025-06-07 05:00,0.1073,0.1073,0.1073,1,1.0
2025-06-07 08:00,0.1069,0.1069,0.1069,1,1.0
2025-06-07 11:00,0.1033,0.1033,0.1033,1,1.0
2025-06-07 14:00,0.0986,0.0986,0.0986,1,1.0
2025-06-07 17:00,0.0959,0.0959,0.0959,1,1.0
2025-06-07 20:00,0.096,0.096,0.096,1,1.0
2025-06-07 23:00,0.0979,0.0979,0.0979,1,1.0
2025-06-08 02:00,0.0997,0.0997,0.0997,1,1.0
2025-06-08 05:00,0.1017,0.1017,0.1017,1,1.0
2025-06-08 08:00,0.108,0.108,0.108,1,1.0
2025-06-08 11:00,0.1057,0.1057,0.1057,1,1.0
2025-06-08 14:00,0.1037,0.1037,0.1037,1,1.0
2025-06-08 17:00,0.1042,0.1042,0.1042,1,1.0
2025-06-08 20:00,0.1062,0.1062,0.1062,1,1.0
2025-06-08 23:00,0.1085,0.1085,0.1085,1,1.0
2025-06-09 02:00,0.1111,0.1111,0.1111,1,1.0
2025-06-09 05:00,0.1132,0.1132,0.1132,1,1.0
2025-06-09 08:00,0.1137,0.1137,0.1137,1,1.0
2025-06-09 11:00,0.1106,0.1106,0.1106,1,1.0
2025-06-09 14:00,0.1065,0.1065,0.1065,1,1.0
2025-06-09 17:00,0.1052,0.1052,0.1052,1,1.0
2025-06-09 20:00,0.1071,0.1071,0.1071,1,1.0
2025-06-09 23:00,0.109,0.109,0.109,1,1.0
2025-06-10 02:00,0.1111,0.1111,0.1111,1,1.0
2025-06-10 05:00,0.113,0.113,0.113,1,1.0
2025-06-10 08:00,0.113,0.113,0.113,1,1.0
2025-06-10 11:00,0.1079,0.1079,0.1079,1,1.0
2025-06-10 14:00,0.1024,0.1024,0.1024,1,1.0
2025-06-10 17:00,0.0999,0.0999,0.0999,1,1.0
2025-06-10 20:00,0.101,0.101,0.101,1,1.0
2025-06-10 23:00,0.104,0.104,0.104,1,1.0
2025-06-11 02:00,0.1065,0.1065,0.1065,1,1.0
2025-06-11 05:00,0.1078,0.1078,0.1078,1,1.0
2025-06-11 08:00,0.1,0.1,0.1,1,1.0
2025-06-11 11:00,0.096,0.096,0.096,1,1.0
2025-06-11 14:00,0.0906,0.0906,0.0906,1,1.0
2025-06-11 17:00,0.0885,0.0885,0.0885,1,1.0
2025-06-11 20:00,0.0878,0.0878,0.0878,1,1.0
2025-06-11 23:00,0.0897,0.0897,0.0897,1,1.0
2025-06-12 02:00,0.0911,0.0911,0.0911,1,1.0
2025-06-12 05:00,0.0923,0.0923,0.0923,1,1.0
2025-06-12 08:00,0.093,0.093,0.093,1,1.0
2025-06-12 11:00,0.0909,0.0909,0.0909,1,1.0
2025-06-12 14:00,0.0873,0.0873,0.0873,1,1.0
2025-06-12 17:00,0.0862,0.0862,0.0862,1,1.0
2025-06-12 20:00,0.0875,0.0875,0.0875,1,1.0
2025-06-12 23:00,0.0888,0.0888,0.0888,1,1.0
2025-06-13 02:00,0.0899,0.0899,0.0899,1,1.0
2025-06-13 05:00,0.0911,0.0911,0.0911,1,1.0
2025-06-13 08:00,0.0912,0.0912,0.0912,1,1.0
2025-06-13 11:00,0.0882,0.0882,0.0882,1,1.0
2025-06-13 14:00,0.0853,0.0853,0.0853,1,1.0
2025-06-13 17:00,0.0836,0.0836,0.0836,1,1.0
2025-06-13 20:00,0.0841,0.0841,0.0841,1,1.0
2025-06-13 23:00,0.0857,0.0857,0.0857,1,1.0
2025-06-14 02:00,0.0878,0.0878,0.0878,1,1.0
2025-06-14 05:00,0.0901,0.0901,0.0901,1,1.0
2025-06-14 08:00,0.0858,0.0858,0.0858,1,1.0
2025-06-14 11:00,0.0822,0.0822,0.0822,1,1.0
2025-06-14 14:00,0.0789,0.0789,0.0789,1,1.0
2025-06-14 17:00,0.0774,0.0774,0.0774,1,1.0
2025-06-14 20:00,0.0771,0.0771,0.0771,1,1.0
2025-06-14 23:00,0.0782,0.0782,0.0782,1,1.0
2025-06-15 02:00,0.0799,0.0799,0.0799,1,1.0
2025-06-15 05:00,0.0817,0.0817,0.0817,1,1.0
2025-06-15 08:00,0.0829,0.0829,0.0829,1,1.0
2025-06-15 11:00,0.0806,0.0806,0.0806,1,1.0
2025-06-15 14:00,0.0782,0.0782,0.0782,1,1.0
2025-06-15 17:00,0.0781,0.0781,0.0781,1,1.0
2025-06-15 20:00,0.0794,0.0794,0.0794,1,1.0
2025-06-15 23:00,0.0813,0.0813,0.0813,1,1.0
2025-06-16 02:00,0.0832,0.0832,0.0832,1,1.0
2025-06-16 05:00,0.0847,0.0847,0.0847,1,1.0
2025-06-16 08:00,0.0849,0.0849,0.0849,1,1.0
2025-06-16 11:00,0.0832,0.0832,0.0832,1,1.0
2025-06-16 14:00,0.0802,0.0802,0.0802,1,1.0
2025-06-16 17:00,0.0744,0.0744,0.0744,1,1.0
2025-06-16 20:00,0.0757,0.0757,0.0757,1,1.0
2025-06-16 23:00,0.0775,0.0775,0.0775,1,1.0
2025-06-17 02:00,0.0795,0.0795,0.0795,1,1.0
2025-06-17 05:00,0.0823,0.0823,0.0823,1,1.0
2025-06-17 08:00,0.0842,0.0842,0.0842,1,1.0
2025-06-17 11:00,0.083,0.083,0.083,1,1.0
2025-06-17 14:00,0.0806,0.0806,0.0806,1,1.0
2025-06-17 17:00,0.0805,0.0805,0.0805,1,1.0
2025-06-17 20:00,0.0902,0.0902,0.0902,1,1.0
2025-06-17 23:00,0.104,0.104,0.104,1,1.0
2025-06-18 02:00,0.1188,0.1188,0.1188,1,1.0
2025-06-18 05:00,0.1294,0.1294,0.1294,1,1.0
2025-06-18 08:00,0.1442,0.1442,0.1442,1,1.0
2025-06-18 11:00,0.1431,0.1431,0.1431,1,1.0
2025-06-18 14:00,0.1865,0.1865,0.1865,1,1.0
2025-06-18 17:00,0.1832,0.1832,0.1832,1,1.0
2025-06-18 20:00,0.181,0.181,0.181,1,1.0
2025-06-18 23:00,0.1762,0.1762,0.1762,1,1.0
2025-06-19 02:00,0.1737,0.1737,0.1737,1,1.0
2025-06-19 05:00,0.1708,0.1708,0.1708,1,1.0
2025-06-19 08:00,0.1595,0.1595,0.1595,1,1.0
2025-06-19 11:00,0.1488,0.1488,0.1488,1,1.0
2025-06-19 14:00,0.1539,0.1539,0.1539,1,1.0
2025-06-19 17:00,0.2018,0.2018,0.2018,1,1.0
2025-06-19 20:00,0.2475,0.2475,0.2475,1,1.0
2025-06-19 23:00,0.2234,0.2234,0.2234,1,1.0
2025-06-20 02:00,0.2018,0.2018,0.2018,1,1.0
2025-06-20 05:00,0.1937,0.1937,0.1937,1,1.0
2025-06-20 08:00,0.1865,0.1865,0.1865,1,1.0
2025-06-20 11:00,0.1702,0.1702,0.1702,1,1.0
2025-06-20 14:00,0.1554,0.1554,0.1554,1,1.0
2025-06-20 17:00,0.1476,0.1476,0.1476,1,1.0
2025-06-20 20:00,0.1461,0.1461,0.1461,1,1.0
2025-06-20 23:00,0.1458,0.1458,0.1458,1,1.0
2025-06-21 02:00,0.1453,0.1453,0.1453,1,1.0
2025-06-21 05:00,0.1445,0.1445,0.1445,1,1.0
2025-06-21 08:00,0.1456,0.1456,0.1456,1,1.0
2025-06-21 11:00,0.135,0.135,0.135,1,1.0
2025-06-21 14:00,0.1231,0.1231,0.1231,1,1.0
2025-06-21 17:00,0.1209,0.1209,0.1209,1,1.0
2025-06-21 20:00,0.1196,0.1196,0.1196,1,1.0
2025-06-21 23:00,0.1191,0.1191,0.1191,1,1.0
2025-06-22 02:00,0.1188,0.1188,0.1188,1,1.0
2025-06-22 05:00,0.119,0.119,0.119,1,1.0
2025-06-22 08:00,0.1161,0.1161,0.1161,1,1.0
2025-06-22 11:00,0.109,0.109,0.109,1,1.0
2025-06-22 14:00,0.1013,0.1013,0.1013,1,1.0
2025-06-22 17:00,0.0983,0.0983,0.0983,1,1.0
2025-06-22 20:00,0.0981,0.0981,0.0981,1,1.0
2025-06-22 23:00,0.099,0.099,0.099,1,1.0
2025-06-23 02:00,0.0996,0.0996,0.0996,1,1.0
2025-06-23 05:00,0.1001,0.1001,0.1001,1,1.0
2025-06-23 08:00,0.0988,0.0988,0.0988,1,1.0
2025-06-23 11:00,0.0926,0.0926,0.0926,1,1.0
2025-06-23 14:00,0.0873,0.0873,0.0873,1,1.0
2025-06-23 17:00,0.0849,0.0849,0.0849,1,1.0
2025-06-23 20:00,0.0858,0.0858,0.0858,1,1.0
2025-06-23 23:00,0.0885,0.0885,0.0885,1,1.0
2025-06-24 02:00,0.0911,0.0911,0.0911,1,1.0
2025-06-24 05:00,0.0935,0.0935,0.0935,1,1.0
2025-06-24 08:00,0.0939,0.0939,0.0939,1,1.0
2025-06-24 11:00,0.0906,0.0906,0.0906,1,1.0
2025-06-24 14:00,0.0862,0.0862,0.0862,1,1.0
2025-06-24 17:00,0.0837,0.0837,0.0837,1,1.0
2025-06-24 20:00,0.0834,0.0834,0.0834,1,1.0
2025-06-24 23:00,0.0842,0.0842,0.0842,1,1.0
2025-06-25 02:00,0.0859,0.0859,0.0859,1,1.0
2025-06-25 05:00,0.0876,0.0876,0.0876,1,1.0
2025-06-25 08:00,0.0866,0.0866,0.0866,1,1.0
2025-06-25 11:00,0.0829,0.0829,0.0829,1,1.0
2025-06-25 14:00,0.0795,0.0795,0.0795,1,1.0
2025-06-25 17:00,0.0785,0.0785,0.0785,1,1.0
2025-06-25 20:00,0.0795,0.0795,0.0795,1,1.0
2025-06-25 23:00,0.0812,0.0812,0.0812,1,1.0
2025-06-26 02:00,0.0825,0.0825,0.0825,1,1.0
2025-06-26 05:00,0.0836,0.0836,0.0836,1,1.0
2025-06-26 08:00,0.0834,0.0834,0.0834,1,1.0
2025-06-26 11:00,0.0788,0.0788,0.0788,1,1.0
2025-06-26 14:00,0.0734,0.0734,0.0734,1,1.0
2025-06-26 17:00,0.0707,0.0707,0.0707,1,1.0
2025-06-26 20:00,0.071,0.071,0.071,1,1.0
2025-06-26 23:00,0.0729,0.0729,0.0729,1,1.0
2025-06-27 02:00,0.0743,0.0743,0.0743,1,1.0
2025-06-27 05:00,0.0754,0.0754,0.0754,1,1.0
2025-06-27 08:00,0.0706,0.0706,0.0706,1,1.0
2025-06-27 11:00,0.0693,0.0693,0.0693,1,1.0
2025-06-27 14:00,0.0668,0.0668,0.0668,1,1.0
2025-06-27 17:00,0.066,0.066,0.066,1,1.0
2025-06-27 20:00,0.0664,0.0664,0.0664,1,1.0
2025-06-27 23:00,0.0675,0.0675,0.0675,1,1.0
2025-06-28 02:00,0.069,0.069,0.069,1,1.0
2025-06-28 05:00,0.0703,0.0703,0.0703,1,1.0
2025-06-28 08:00,0.0702,0.0702,0.0702,1,1.0
2025-06-28 11:00,0.0687,0.0687,0.0687,1,1.0
2025-06-28 14:00,0.0661,0.0661,0.0661,1,1.0
2025-06-28 17:00,0.0654,0.0654,0.0654,1,1.0
2025-06-28 20:00,0.0674,0.0674,0.0674,1,1.0
2025-06-28 23:00,0.0692,0.0692,0.0692,1,1.0
2025-06-29 02:00,0.0706,0.0706,0.0706,1,1.0
2025-06-29 05:00,0.0712,0.0712,0.0712,1,1.0
2025-06-29 08:00,0.0713,0.0713,0.0713,1,1.0
2025-06-29 11:00,0.0689,0.0689,0.0689,1,1.0
2025-06-29 14:00,0.065,0.065,0.065,1,1.0
2025-06-29 17:00,0.0657,0.0657,0.0657,1,1.0
2025-06-29 20:00,0.0669,0.0669,0.0669,1,1.0
2025-06-29 23:00,0.0687,0.0687,0.0687,1,1.0
2025-06-30 02:00,0.0709,0.0709,0.0709,1,1.0
2025-06-30 05:00,0.0723,0.0723,0.0723,1,1.0
2025-06-30 08:00,0.0674,0.0674,0.0674,1,1.0
2025-06-30 11:00,0.0654,0.0654,0.0654,1,1.0
2025-06-30 14:00,0.0623,0.0623,0.0623,1,1.0
2025-06-30 17:00,0.061,0.061,0.061,1,1.0
2025-06-30 20:00,0.06,0.06,0.06,1,1.0
2025-06-30 23:00,0.0621,0.0621,0.0621,1,1.0
2025-07-01 02:00,0.0635,0.0635,0.0635,1,1.0
2025-07-01 05:00,0.0659,0.0659,0.0659,1,1.0
2025-07-01 08:00,0.0667,0.0667,0.0667,1,1.0
2025-07-01 11:00,0.0642,0.0642,0.0642,1,1.0
2025-07-01 14:00,0.0614,0.0614,0.0614,1,1.0
2025-07-01 17:00,0.0605,0.0605,0.0605,1,1.0
2025-07-01 20:00,0.0613,0.0613,0.0613,1,1.0
2025-07-01 23:00,0.0628,0.0628,0.0628,1,1.0
2025-07-02 02:00,0.0642,0.0642,0.0642,1,1.0
2025-07-02 05:00,0.0649,0.0649,0.0649,1,1.0
2025-07-02 08:00,0.0645,0.0645,0.0645,1,1.0
2025-07-02 11:00,0.0611,0.0611,0.0611,1,1.0
2025-07-02 14:00,0.0574,0.0574,0.0574,1,1.0
2025-07-02 17:00,0.0564,0.0564,0.0564,1,1.0
2025-07-02 20:00,0.0583,0.0583,0.0583,1,1.0
2025-07-02 23:00,0.0607,0.0607,0.0607,1,1.0
2025-07-03 02:00,0.0624,0.0624,0.0624,1,1.0
2025-07-03 05:00,0.064,0.064,0.064,1,1.0
2025-07-03 08:00,0.0645,0.0645,0.0645,1,1.0
2025-07-03 11:00,0.0627,0.0627,0.0627,1,1.0
2025-07-03 14:00,0.0605,0.0605,0.0605,1,1.0
2025-07-03 17:00,0.06,0.06,0.06,1,1.0
2025-07-03 20:00,0.0607,0.0607,0.0607,1,1.0
2025-07-03 23:00,0.0613,0.0613,0.0613,1,1.0
2025-07-04 02:00,0.0629,0.0629,0.0629,1,1.0
2025-07-04 05:00,0.0646,0.0646,0.0646,1,1.0
2025-07-04 08:00,0.0644,0.0644,0.0644,1,1.0
2025-07-04 11:00,0.0619,0.0619,0.0619,1,1.0
2025-07-04 14:00,0.06,0.06,0.06,1,1.0
2025-07-04 17:00,0.0594,0.0594,0.0594,1,1.0
2025-07-04 20:00,0.0603,0.0603,0.0603,1,1.0
2025-07-04 23:00,0.0613,0.0613,0.0613,1,1.0
2025-07-05 02:00,0.0626,0.0626,0.0626,1,1.0
2025-07-05 05:00,0.0638,0.0638,0.0638,1,1.0
2025-07-05 08:00,0.0673,0.0673,0.0673,1,1.0
2025-07-05 11:00,0.0648,0.0648,0.0648,1,1.0
2025-07-05 14:00,0.0615,0.0615,0.0615,1,1.0
2025-07-05 17:00,0.0602,0.0602,0.0602,1,1.0
2025-07-05 20:00,0.0596,0.0596,0.0596,1,1.0
2025-07-05 23:00,0.0606,0.0606,0.0606,1,1.0
2025-07-06 02:00,0.0621,0.0621,0.0621,1,1.0
2025-07-06 05:00,0.0654,0.0654,0.0654,1,1.0
2025-07-06 08:00,0.0673,0.0673,0.0673,1,1.0
2025-07-06 11:00,0.0656,0.0656,0.0656,1,1.0
2025-07-06 14:00,0.0628,0.0628,0.0628,1,1.0
2025-07-06 17:00,0.0622,0.0622,0.0622,1,1.0
2025-07-06 20:00,0.0636,0.0636,0.0636,1,1.0
2025-07-06 23:00,0.0653,0.0653,0.0653,1,1.0
2025-07-07 02:00,0.0671,0.0671,0.0671,1,1.0
2025-07-07 05:00,0.0684,0.0684,0.0684,1,1.0
2025-07-07 08:00,0.068,0.068,0.068,1,1.0
2025-07-07 11:00,0.0746,0.0746,0.0746,1,1.0
2025-07-07 14:00,0.0903,0.0903,0.0903,1,1.0
2025-07-07 17:00,0.1148,0.1148,0.1148,1,1.0
2025-07-07 20:00,0.1188,0.1188,0.1188,1,1.0
2025-07-07 23:00,0.1193,0.1193,0.1193,1,1.0
2025-07-08 02:00,0.1216,0.1216,0.1216,1,1.0
2025-07-08 05:00,0.1474,0.1474,0.1474,1,1.0
2025-07-08 08:00,0.174,0.174,0.174,1,1.0
2025-07-08 11:00,0.1552,0.1552,0.1552,1,1.0
2025-07-08 14:00,0.1425,0.1425,0.1425,1,1.0
2025-07-08 17:00,0.1355,0.1355,0.1355,1,1.0
2025-07-08 20:00,0.133,0.133,0.133,1,1.0
2025-07-08 23:00,0.1317,0.1317,0.1317,1,1.0
2025-07-09 02:00,0.1306,0.1306,0.1306,1,1.0
2025-07-09 05:00,0.1295,0.1295,0.1295,1,1.0
2025-07-09 08:00,0.1269,0.1269,0.1269,1,1.0
2025-07-09 11:00,0.12,0.12,0.12,1,1.0
2025-07-09 14:00,0.1117,0.1117,0.1117,1,1.0
2025-07-09 17:00,0.1057,0.1057,0.1057,1,1.0
2025-07-09 20:00,0.1037,0.1037,0.1037,1,1.0
2025-07-09 23:00,0.1031,0.1031,0.1031,1,1.0
2025-07-10 02:00,0.1029,0.1029,0.1029,1,1.0
2025-07-10 05:00,0.1032,0.1032,0.1032,1,1.0
2025-07-10 08:00,0.0909,0.0909,0.0909,1,1.0
2025-07-10 11:00,0.0883,0.0883,0.0883,1,1.0
2025-07-10 14:00,0.0843,0.0843,0.0843,1,1.0
2025-07-10 17:00,0.0884,0.0884,0.0884,1,1.0
2025-07-10 20:00,0.0876,0.0876,0.0876,1,1.0
2025-07-10 23:00,0.0878,0.0878,0.0878,1,1.0
2025-07-11 02:00,0.0885,0.0885,0.0885,1,1.0
2025-07-11 05:00,0.0893,0.0893,0.0893,1,1.0
2025-07-11 08:00,0.0886,0.0886,0.0886,1,1.0
2025-07-11 11:00,0.0846,0.0846,0.0846,1,1.0
2025-07-11 14:00,0.0798,0.0798,0.0798,1,1.0
2025-07-11 17:00,0.0772,0.0772,0.0772,1,1.0
2025-07-11 20:00,0.0776,0.0776,0.0776,1,1.0
2025-07-11 23:00,0.0788,0.0788,0.0788,1,1.0
2025-07-12 02:00,0.0801,0.0801,0.0801,1,1.0
2025-07-12 05:00,0.0807,0.0807,0.0807,1,1.0
2025-07-12 08:00,0.0803,0.0803,0.0803,1,1.0
2025-07-12 11:00,0.0777,0.0777,0.0777,1,1.0
2025-07-12 14:00,0.0748,0.0748,0.0748,1,1.0
2025-07-12 17:00,0.0729,0.0729,0.0729,1,1.0
2025-07-12 20:00,0.0727,0.0727,0.0727,1,1.0
2025-07-12 23:00,0.0732,0.0732,0.0732,1,1.0
2025-07-13 02:00,0.074,0.074,0.074,1,1.0
2025-07-13 05:00,0.0747,0.0747,0.0747,1,1.0
2025-07-13 08:00,0.0852,0.0852,0.0852,1,1.0
2025-07-13 11:00,0.0813,0.0813,0.0813,1,1.0
2025-07-13 14:00,0.0762,0.0762,0.0762,1,1.0
2025-07-13 17:00,0.0744,0.0744,0.0744,1,1.0
2025-07-13 20:00,0.0737,0.0737,0.0737,1,1.0
2025-07-13 23:00,0.0752,0.0752,0.0752,1,1.0
2025-07-14 02:00,0.0766,0.0766,0.0766,1,1.0
2025-07-14 05:00,0.0772,0.0772,0.0772,1,1.0
2025-07-14 08:00,0.0773,0.0773,0.0773,1,1.0
2025-07-14 11:00,0.0758,0.0758,0.0758,1,1.0
2025-07-14 14:00,0.075,0.075,0.075,1,1.0
2025-07-14 17:00,0.0754,0.0754,0.0754,1,1.0
2025-07-14 20:00,0.0765,0.0765,0.0765,1,1.0
2025-07-14 23:00,0.077,0.077,0.077,1,1.0
2025-07-15 02:00,0.0781,0.0781,0.0781,1,1.0
2025-07-15 05:00,0.0791,0.0791,0.0791,1,1.0
2025-07-15 08:00,0.0677,0.0677,0.0677,1,1.0
2025-07-15 11:00,0.0658,0.0658,0.0658,1,1.0
2025-07-15 14:00,0.0625,0.0625,0.0625,1,1.0
2025-07-15 17:00,0.0607,0.0607,0.0607,1,1.0
2025-07-15 20:00,0.0609,0.0609,0.0609,1,1.0
2025-07-15 23:00,0.0619,0.0619,0.0619,1,1.0
2025-07-16 02:00,0.0636,0.0636,0.0636,1,1.0
2025-07-16 05:00,0.0644,0.0644,0.0644,1,1.0
2025-07-16 08:00,0.0629,0.0629,0.0629,1,1.0
2025-07-16 11:00,0.0608,0.0608,0.0608,1,1.0
2025-07-16 14:00,0.0586,0.0586,0.0586,1,1.0
2025-07-16 17:00,0.0584,0.0584,0.0584,1,1.0
2025-07-16 20:00,0.0591,0.0591,0.0591,1,1.0
2025-07-16 23:00,0.0608,0.0608,0.0608,1,1.0
2025-07-17 02:00,0.0623,0.0623,0.0623,1,1.0
2025-07-17 05:00,0.0629,0.0629,0.0629,1,1.0
2025-07-17 08:00,0.0634,0.0634,0.0634,1,1.0
2025-07-17 11:00,0.0625,0.0625,0.0625,1,1.0
2025-07-17 14:00,0.0613,0.0613,0.0613,1,1.0
2025-07-17 17:00,0.0633,0.0633,0.0633,1,1.0
2025-07-17 20:00,0.0728,0.0728,0.0728,1,1.0
2025-07-17 23:00,0.0751,0.0751,0.0751,1,1.0
2025-07-18 02:00,0.0758,0.0758,0.0758,1,1.0
2025-07-18 05:00,0.0764,0.0764,0.0764,1,1.0
2025-07-18 08:00,0.0786,0.0786,0.0786,1,1.0
2025-07-18 11:00,0.076,0.076,0.076,1,1.0
2025-07-18 14:00,0.0717,0.0717,0.0717,1,1.0
2025-07-18 17:00,0.0591,0.0591,0.0591,1,1.0
2025-07-18 20:00,0.0591,0.0591,0.0591,1,1.0
2025-07-18 23:00,0.0596,0.0596,0.0596,1,1.0
2025-07-19 02:00,0.0607,0.0607,0.0607,1,1.0
2025-07-19 05:00,0.0616,0.0616,0.0616,1,1.0
2025-07-19 08:00,0.0618,0.0618,0.0618,1,1.0
2025-07-19 11:00,0.0599,0.0599,0.0599,1,1.0
2025-07-19 14:00,0.058,0.058,0.058,1,1.0
2025-07-19 17:00,0.0574,0.0574,0.0574,1,1.0
2025-07-19 20:00,0.0581,0.0581,0.0581,1,1.0
2025-07-19 23:00,0.0592,0.0592,0.0592,1,1.0
2025-07-20 02:00,0.0604,0.0604,0.0604,1,1.0
2025-07-20 05:00,0.0616,0.0616,0.0616,1,1.0
2025-07-20 08:00,0.0616,0.0616,0.0616,1,1.0
2025-07-20 11:00,0.0602,0.0602,0.0602,1,1.0
2025-07-20 14:00,0.0589,0.0589,0.0589,1,1.0
2025-07-20 17:00,0.0582,0.0582,0.0582,1,1.0
2025-07-20 20:00,0.0584,0.0584,0.0584,1,1.0
2025-07-20 23:00,0.0588,0.0588,0.0588,1,1.0
2025-07-21 02:00,0.0596,0.0596,0.0596,1,1.0
2025-07-21 05:00,0.061,0.061,0.061,1,1.0
2025-07-21 08:00,0.055,0.055,0.055,1,1.0
2025-07-21 11:00,0.0545,0.0545,0.0545,1,1.0
2025-07-21 14:00,0.0523,0.0523,0.0523,1,1.0
2025-07-21 17:00,0.0517,0.0517,0.0517,1,1.0
2025-07-21 20:00,0.0533,0.0533,0.0533,1,1.0
2025-07-21 23:00,0.0544,0.0544,0.0544,1,1.0
2025-07-22 02:00,0.0556,0.0556,0.0556,1,1.0
2025-07-22 05:00,0.0564,0.0564,0.0564,1,1.0
2025-07-22 08:00,0.0572,0.0572,0.0572,1,1.0
2025-07-22 11:00,0.0569,0.0569,0.0569,1,1.0
2025-07-22 14:00,0.056,0.056,0.056,1,1.0
2025-07-22 17:00,0.0555,0.0555,0.0555,1,1.0
2025-07-22 20:00,0.0567,0.0567,0.0567,1,1.0
2025-07-22 23:00,0.0584,0.0584,0.0584,1,1.0
2025-07-23 02:00,0.0596,0.0596,0.0596,1,1.0
2025-07-23 05:00,0.0608,0.0608,0.0608,1,1.0
2025-07-23 08:00,0.0448,0.0448,0.0448,1,1.0
2025-07-23 11:00,0.0462,0.0462,0.0462,1,1.0
2025-07-23 14:00,0.0464,0.0464,0.0464,1,1.0
2025-07-23 17:00,0.0468,0.0468,0.0468,1,1.0
2025-07-23 20:00,0.0484,0.0484,0.0484,1,1.0
2025-07-23 23:00,0.0501,0.0501,0.0501,1,1.0
2025-07-24 02:00,0.0517,0.0517,0.0517,1,1.0
2025-07-24 05:00,0.0534,0.0534,0.0534,1,1.0
2025-07-24 08:00,0.0542,0.0542,0.0542,1,1.0
2025-07-24 11:00,0.0531,0.0531,0.0531,1,1.0
2025-07-24 14:00,0.0515,0.0515,0.0515,1,1.0
2025-07-24 17:00,0.0517,0.0517,0.0517,1,1.0
2025-07-24 20:00,0.0525,0.0525,0.0525,1,1.0
2025-07-24 23:00,0.0536,0.0536,0.0536,1,1.0
2025-07-25 02:00,0.0551,0.0551,0.0551,1,1.0
2025-07-25 05:00,0.0558,0.0558,0.0558,1,1.0
2025-07-25 08:00,0.0553,0.0553,0.0553,1,1.0
2025-07-25 11:00,0.0614,0.0614,0.0614,1,1.0
2025-07-25 14:00,0.0608,0.0608,0.0608,1,1.0
2025-07-25 17:00,0.06,0.06,0.06,1,1.0
2025-07-25 20:00,0.0603,0.0603,0.0603,1,1.0
2025-07-25 23:00,0.0615,0.0615,0.0615,1,1.0
2025-07-26 02:00,0.0634,0.0634,0.0634,1,1.0
2025-07-26 05:00,0.0681,0.0681,0.0681,1,1.0
2025-07-26 08:00,0.0758,0.0758,0.0758,1,1.0
2025-07-26 11:00,0.0914,0.0914,0.0914,1,1.0
2025-07-26 14:00,0.1119,0.1119,0.1119,1,1.0
2025-07-26 17:00,0.1303,0.1303,0.1303,1,1.0
2025-07-26 20:00,0.1406,0.1406,0.1406,1,1.0
2025-07-26 23:00,0.1343,0.1343,0.1343,1,1.0
2025-07-27 02:00,0.1324,0.1324,0.1324,1,1.0
2025-07-27 05:00,0.1306,0.1306,0.1306,1,1.0
2025-07-27 08:00,0.1268,0.1268,0.1268,1,1.0
2025-07-27 11:00,0.1207,0.1207,0.1207,1,1.0
2025-07-27 14:00,0.1146,0.1146,0.1146,1,1.0
2025-07-27 17:00,0.1109,0.1109,0.1109,1,1.0
2025-07-27 20:00,0.1101,0.1101,0.1101,1,1.0
2025-07-27 23:00,0.11,0.11,0.11,1,1.0
2025-07-28 02:00,0.1097,0.1097,0.1097,1,1.0
2025-07-28 05:00,0.1095,0.1095,0.1095,1,1.0
2025-07-28 08:00,0.1095,0.1095,0.1095,1,1.0
2025-07-28 11:00,0.1073,0.1073,0.1073,1,1.0
2025-07-28 14:00,0.1055,0.1055,0.1055,1,1.0
2025-07-28 17:00,0.105,0.105,0.105,1,1.0
2025-07-28 20:00,0.1047,0.1047,0.1047,1,1.0
2025-07-28 23:00,0.1045,0.1045,0.1045,1,1.0
2025-07-29 02:00,0.1045,0.1045,0.1045,1,1.0
2025-07-29 05:00,0.1045,0.1045,0.1045,1,1.0
2025-07-29 08:00,0.1131,0.1131,0.1131,1,1.0
2025-07-29 11:00,0.1098,0.1098,0.1098,1,1.0
2025-07-29 14:00,0.1063,0.1063,0.1063,1,1.0
2025-07-29 17:00,0.1038,0.1038,0.1038,1,1.0
2025-07-29 20:00,0.0949,0.0949,0.0949,1,1.0
2025-07-29 23:00,0.095,0.095,0.095,1,1.0
2025-07-30 02:00,0.0953,0.0953,0.0953,1,1.0
2025-07-30 05:00,0.0958,0.0958,0.0958,1,1.0
2025-07-30 08:00,0.0952,0.0952,0.0952,1,1.0
2025-07-30 11:00,0.0922,0.0922,0.0922,1,1.0
2025-07-30 14:00,0.0879,0.0879,0.0879,1,1.0
2025-07-30 17:00,0.0862,0.0862,0.0862,1,1.0
2025-07-30 20:00,0.0864,0.0864,0.0864,1,1.0
2025-07-30 23:00,0.0865,0.0865,0.0865,1,1.0
2025-07-31 02:00,0.0865,0.0865,0.0865,1,1.0
2025-07-31 05:00,0.0865,0.0865,0.0865,1,1.0
2025-07-31 08:00,0.0724,0.0724,0.0724,1,1.0
2025-07-31 11:00,0.0704,0.0704,0.0704,1,1.0
2025-07-31 14:00,0.0688,0.0688,0.0688,1,1.0
2025-07-31 17:00,0.0683,0.0683,0.0683,1,1.0
2025-07-31 20:00,0.0685,0.0685,0.0685,1,1.0
2025-07-31 23:00,0.0691,0.0691,0.0691,1,1.0
2025-08-01 02:00,0.0701,0.0701,0.0701,1,1.0
2025-08-01 05:00,0.0713,0.0713,0.0713,1,1.0
2025-08-01 08:00,0.0703,0.0703,0.0703,1,1.0
2025-08-01 11:00,0.0697,0.0697,0.0697,1,1.0
2025-08-01 14:00,0.0681,0.0681,0.0681,1,1.0
2025-08-01 17:00,0.0676,0.0676,0.0676,1,1.0
2025-08-01 20:00,0.0446,0.0446,0.0446,1,1.0
2025-08-01 23:00,0.0456,0.0456,0.0456,1,1.0
2025-08-02 02:00,0.0467,0.0467,0.0467,1,1.0
2025-08-02 05:00,0.048,0.048,0.048,1,1.0
2025-08-02 08:00,0.0484,0.0484,0.0484,1,1.0
2025-08-02 11:00,0.0482,0.0482,0.0482,1,1.0
2025-08-02 14:00,0.0479,0.0479,0.0479,1,1.0
2025-08-02 17:00,0.0489,0.0489,0.0489,1,1.0
2025-08-02 20:00,0.0498,0.0498,0.0498,1,1.0
2025-08-02 23:00,0.0511,0.0511,0.0511,1,1.0
2025-08-03 02:00,0.0522,0.0522,0.0522,1,1.0
2025-08-03 05:00,0.0532,0.0532,0.0532,1,1.0
2025-08-03 08:00,0.0534,0.0534,0.0534,1,1.0
2025-08-03 11:00,0.0534,0.0534,0.0534,1,1.0
2025-08-03 14:00,0.0531,0.0531,0.0531,1,1.0
2025-08-03 17:00,0.0501,0.0501,0.0501,1,1.0
2025-08-03 20:00,0.0509,0.0509,0.0509,1,1.0
2025-08-03 23:00,0.0519,0.0519,0.0519,1,1.0
2025-08-04 02:00,0.0535,0.0535,0.0535,1,1.0
2025-08-04 05:00,0.0554,0.0554,0.0554,1,1.0
2025-08-04 08:00,0.0571,0.0571,0.0571,1,1.0
2025-08-04 11:00,0.0574,0.0574,0.0574,1,1.0
2025-08-04 14:00,0.0575,0.0575,0.0575,1,1.0
2025-08-04 17:00,0.0578,0.0578,0.0578,1,1.0
2025-08-04 20:00,0.0584,0.0584,0.0584,1,1.0
2025-08-04 23:00,0.0594,0.0594,0.0594,1,1.0
2025-08-05 02:00,0.0611,0.0611,0.0611,1,1.0
2025-08-05 05:00,0.0624,0.0624,0.0624,1,1.0
2025-08-05 08:00,0.0631,0.0631,0.0631,1,1.0
2025-08-05 11:00,0.0624,0.0624,0.0624,1,1.0
2025-08-05 14:00,0.0612,0.0612,0.0612,1,1.0
2025-08-05 17:00,0.0603,0.0603,0.0603,1,1.0
2025-08-05 20:00,0.06,0.06,0.06,1,1.0
2025-08-05 23:00,0.0599,0.0599,0.0599,1,1.0
2025-08-06 02:00,0.06,0.06,0.06,1,1.0
2025-08-06 05:00,0.0603,0.0603,0.0603,1,1.0
2025-08-06 08:00,0.0612,0.0612,0.0612,1,1.0
2025-08-06 11:00,0.0597,0.0597,0.0597,1,1.0
2025-08-06 14:00,0.058,0.058,0.058,1,1.0
2025-08-06 17:00,0.0569,0.0569,0.0569,1,1.0
2025-08-06 20:00,0.0491,0.0491,0.0491,1,1.0
2025-08-06 23:00,0.0496,0.0496,0.0496,1,1.0
2025-08-07 02:00,0.0501,0.0501,0.0501,1,1.0
2025-08-07 05:00,0.0515,0.0515,0.0515,1,1.0
2025-08-07 08:00,0.0527,0.0527,0.0527,1,1.0
2025-08-07 11:00,0.0529,0.0529,0.0529,1,1.0
2025-08-07 14:00,0.0519,0.0519,0.0519,1,1.0
2025-08-07 17:00,0.0516,0.0516,0.0516,1,1.0
2025-08-07 20:00,0.0527,0.0527,0.0527,1,1.0
2025-08-07 23:00,0.0541,0.0541,0.0541,1,1.0
2025-08-08 02:00,0.0555,0.0555,0.0555,1,1.0
2025-08-08 05:00,0.0567,0.0567,0.0567,1,1.0
2025-08-08 08:00,0.0674,0.0674,0.0674,1,1.0
2025-08-08 11:00,0.0646,0.0646,0.0646,1,1.0
2025-08-08 14:00,0.0613,0.0613,0.0613,1,1.0
2025-08-08 17:00,0.054,0.054,0.054,1,1.0
2025-08-08 20:00,0.0546,0.0546,0.0546,1,1.0
2025-08-08 23:00,0.0559,0.0559,0.0559,1,1.0
2025-08-09 02:00,0.0574,0.0574,0.0574,1,1.0
2025-08-09 05:00,0.0595,0.0595,0.0595,1,1.0
2025-08-09 08:00,0.0633,0.0633,0.0633,1,1.0
2025-08-09 11:00,0.0619,0.0619,0.0619,1,1.0
2025-08-09 14:00,0.0597,0.0597,0.0597,1,1.0
2025-08-09 17:00,0.059,0.059,0.059,1,1.0
2025-08-09 20:00,0.0534,0.0534,0.0534,1,1.0
2025-08-09 23:00,0.0546,0.0546,0.0546,1,1.0
2025-08-10 02:00,0.0562,0.0562,0.0562,1,1.0
2025-08-10 05:00,0.058,0.058,0.058,1,1.0
2025-08-10 08:00,0.0591,0.0591,0.0591,1,1.0
2025-08-10 11:00,0.0576,0.0576,0.0576,1,1.0
2025-08-10 14:00,0.0556,0.0556,0.0556,1,1.0
2025-08-10 17:00,0.0552,0.0552,0.0552,1,1.0
2025-08-10 20:00,0.0559,0.0559,0.0559,1,1.0
2025-08-10 23:00,0.0572,0.0572,0.0572,1,1.0
2025-08-11 02:00,0.0587,0.0587,0.0587,1,1.0
2025-08-11 05:00,0.0596,0.0596,0.0596,1,1.0
2025-08-11 08:00,0.0562,0.0562,0.0562,1,1.0
2025-08-11 11:00,0.0547,0.0547,0.0547,1,1.0
2025-08-11 14:00,0.0528,0.0528,0.0528,1,1.0
2025-08-11 17:00,0.0564,0.0564,0.0564,1,1.0
2025-08-11 20:00,0.0572,0.0572,0.0572,1,1.0
2025-08-11 23:00,0.0579,0.0579,0.0579,1,1.0
2025-08-12 02:00,0.0583,0.0583,0.0583,1,1.0
2025-08-12 05:00,0.0594,0.0594,0.0594,1,1.0
2025-08-12 08:00,0.0592,0.0592,0.0592,1,1.0
2025-08-12 11:00,0.0574,0.0574,0.0574,1,1.0
2025-08-12 14:00,0.0561,0.0561,0.0561,1,1.0
2025-08-12 17:00,0.0674,0.0674,0.0674,1,1.0
2025-08-12 20:00,0.0695,0.0695,0.0695,1,1.0
2025-08-12 23:00,0.0705,0.0705,0.0705,1,1.0
2025-08-13 02:00,0.0713,0.0713,0.0713,1,1.0
2025-08-13 05:00,0.0723,0.0723,0.0723,1,1.0
2025-08-13 08:00,0.0725,0.0725,0.0725,1,1.0
2025-08-13 11:00,0.0698,0.0698,0.0698,1,1.0
2025-08-13 14:00,0.0675,0.0675,0.0675,1,1.0
2025-08-13 17:00,0.0689,0.0689,0.0689,1,1.0
2025-08-13 20:00,0.0742,0.0742,0.0742,1,1.0
2025-08-13 23:00,0.0784,0.0784,0.0784,1,1.0
2025-08-14 02:00,0.0816,0.0816,0.0816,1,1.0
2025-08-14 05:00,0.0842,0.0842,0.0842,1,1.0
2025-08-14 08:00,0.0886,0.0886,0.0886,1,1.0
2025-08-14 11:00,0.0891,0.0891,0.0891,1,1.0
2025-08-14 14:00,0.0905,0.0905,0.0905,1,1.0
2025-08-14 17:00,0.1103,0.1103,0.1103,1,1.0
2025-08-14 20:00,0.1241,0.1241,0.1241,1,1.0
2025-08-14 23:00,0.1284,0.1284,0.1284,1,1.0
2025-08-15 02:00,0.1352,0.1352,0.1352,1,1.0
2025-08-15 05:00,0.142,0.142,0.142,1,1.0
2025-08-15 08:00,0.1387,0.1387,0.1387,1,1.0
2025-08-15 11:00,0.1293,0.1293,0.1293,1,1.0
2025-08-15 14:00,0.1228,0.1228,0.1228,1,1.0
2025-08-15 17:00,0.1218,0.1218,0.1218,1,1.0
2025-08-15 20:00,0.1248,0.1248,0.1248,1,1.0
2025-08-15 23:00,0.1244,0.1244,0.1244,1,1.0
2025-08-16 02:00,0.1233,0.1233,0.1233,1,1.0
2025-08-16 05:00,0.1219,0.1219,0.1219,1,1.0
2025-08-16 08:00,0.1186,0.1186,0.1186,1,1.0
2025-08-16 11:00,0.1129,0.1129,0.1129,1,1.0
2025-08-16 14:00,0.1177,0.1177,0.1177,1,1.0
2025-08-16 17:00,0.1873,0.1873,0.1873,1,1.0
2025-08-16 20:00,0.1877,0.1877,0.1877,1,1.0
2025-08-16 23:00,0.1724,0.1724,0.1724,1,1.0
2025-08-17 02:00,0.1618,0.1618,0.1618,1,1.0
2025-08-17 05:00,0.1543,0.1543,0.1543,1,1.0
2025-08-17 08:00,0.1465,0.1465,0.1465,1,1.0
2025-08-17 11:00,0.1368,0.1368,0.1368,1,1.0
2025-08-17 14:00,0.1316,0.1316,0.1316,1,1.0
2025-08-17 17:00,0.1389,0.1389,0.1389,1,1.0
2025-08-17 20:00,0.1442,0.1442,0.1442,1,1.0
2025-08-17 23:00,0.1443,0.1443,0.1443,1,1.0
2025-08-18 02:00,0.1407,0.1407,0.1407,1,1.0
2025-08-18 05:00,0.1376,0.1376,0.1376,1,1.0
2025-08-18 08:00,0.1339,0.1339,0.1339,1,1.0
2025-08-18 11:00,0.1265,0.1265,0.1265,1,1.0
2025-08-18 14:00,0.1399,0.1399,0.1399,1,1.0
2025-08-18 17:00,0.1676,0.1676,0.1676,1,1.0
2025-08-18 20:00,0.1807,0.1807,0.1807,1,1.0
2025-08-18 23:00,0.1681,0.1681,0.1681,1,1.0
2025-08-19 02:00,0.1569,0.1569,0.1569,1,1.0
2025-08-19 05:00,0.1499,0.1499,0.1499,1,1.0
2025-08-19 08:00,0.1525,0.1525,0.1525,1,1.0
2025-08-19 11:00,0.1409,0.1409,0.1409,1,1.0
2025-08-19 14:00,0.1321,0.1321,0.1321,1,1.0
2025-08-19 17:00,0.1353,0.1353,0.1353,1,1.0
2025-08-19 20:00,0.1333,0.1333,0.1333,1,1.0
2025-08-19 23:00,0.1318,0.1318,0.1318,1,1.0
2025-08-20 02:00,0.1303,0.1303,0.1303,1,1.0
2025-08-20 05:00,0.129,0.129,0.129,1,1.0
2025-08-20 08:00,0.1276,0.1276,0.1276,1,1.0
2025-08-20 11:00,0.1237,0.1237,0.1237,1,1.0
2025-08-20 14:00,0.1185,0.1185,0.1185,1,1.0
2025-08-20 17:00,0.1154,0.1154,0.1154,1,1.0
2025-08-20 20:00,0.1145,0.1145,0.1145,1,1.0
2025-08-20 23:00,0.114,0.114,0.114,1,1.0
2025-08-21 02:00,0.1135,0.1135,0.1135,1,1.0
2025-08-21 05:00,0.1129,0.1129,0.1129,1,1.0
2025-08-21 08:00,0.112,0.112,0.112,1,1.0
2025-08-21 11:00,0.1112,0.1112,0.1112,1,1.0
2025-08-21 14:00,0.1083,0.1083,0.1083,1,1.0
2025-08-21 17:00,0.1062,0.1062,0.1062,1,1.0
2025-08-21 20:00,0.1059,0.1059,0.1059,1,1.0
2025-08-21 23:00,0.1059,0.1059,0.1059,1,1.0
2025-08-22 02:00,0.1061,0.1061,0.1061,1,1.0
2025-08-22 05:00,0.1058,0.1058,0.1058,1,1.0
2025-08-22 08:00,0.0994,0.0994,0.0994,1,1.0
2025-08-22 11:00,0.0999,0.0999,0.0999,1,1.0
2025-08-22 14:00,0.0968,0.0968,0.0968,1,1.0
2025-08-22 17:00,0.0951,0.0951,0.0951,1,1.0
2025-08-22 20:00,0.0891,0.0891,0.0891,1,1.0
2025-08-22 23:00,0.0908,0.0908,0.0908,1,1.0
2025-08-23 02:00,0.0935,0.0935,0.0935,1,1.0
2025-08-23 05:00,0.0972,0.0972,0.0972,1,1.0
2025-08-23 08:00,0.0986,0.0986,0.0986,1,1.0
2025-08-23 11:00,0.1022,0.1022,0.1022,1,1.0
2025-08-23 14:00,0.1057,0.1057,0.1057,1,1.0
2025-08-23 17:00,0.1087,0.1087,0.1087,1,1.0
2025-08-23 20:00,0.1119,0.1119,0.1119,1,1.0
2025-08-23 23:00,0.1108,0.1108,0.1108,1,1.0
2025-08-24 02:00,0.1098,0.1098,0.1098,1,1.0
2025-08-24 05:00,0.1091,0.1091,0.1091,1,1.0
2025-08-24 08:00,0.1096,0.1096,0.1096,1,1.0
2025-08-24 11:00,0.1062,0.1062,0.1062,1,1.0
2025-08-24 14:00,0.1023,0.1023,0.1023,1,1.0
2025-08-24 17:00,0.101,0.101,0.101,1,1.0
2025-08-24 20:00,0.1005,0.1005,0.1005,1,1.0
2025-08-24 23:00,0.1003,0.1003,0.1003,1,1.0
2025-08-25 02:00,0.0999,0.0999,0.0999,1,1.0
2025-08-25 05:00,0.1001,0.1001,0.1001,1,1.0
2025-08-25 08:00,0.0926,0.0926,0.0926,1,1.0
2025-08-25 11:00,0.0896,0.0896,0.0896,1,1.0
2025-08-25 14:00,0.0858,0.0858,0.0858,1,1.0
2025-08-25 17:00,0.0845,0.0845,0.0845,1,1.0
2025-08-25 20:00,0.0842,0.0842,0.0842,1,1.0
2025-08-25 23:00,0.0849,0.0849,0.0849,1,1.0
2025-08-26 02:00,0.0954,0.0954,0.0954,1,1.0
2025-08-26 05:00,0.105,0.105,0.105,1,1.0
2025-08-26 08:00,0.1046,0.1046,0.1046,1,1.0
2025-08-26 11:00,0.1019,0.1019,0.1019,1,1.0
2025-08-26 14:00,0.0986,0.0986,0.0986,1,1.0
2025-08-26 17:00,0.0969,0.0969,0.0969,1,1.0
2025-08-26 20:00,0.0968,0.0968,0.0968,1,1.0
2025-08-26 23:00,0.0965,0.0965,0.0965,1,1.0
2025-08-27 02:00,0.0967,0.0967,0.0967,1,1.0
2025-08-27 05:00,0.0963,0.0963,0.0963,1,1.0
2025-08-27 08:00,0.0929,0.0929,0.0929,1,1.0
2025-08-27 11:00,0.0892,0.0892,0.0892,1,1.0
2025-08-27 14:00,0.0852,0.0852,0.0852,1,1.0
2025-08-27 17:00,0.0829,0.0829,0.0829,1,1.0
2025-08-27 20:00,0.0827,0.0827,0.0827,1,1.0
2025-08-27 23:00,0.0824,0.0824,0.0824,1,1.0
2025-08-28 02:00,0.0825,0.0825,0.0825,1,1.0
2025-08-28 05:00,0.0828,0.0828,0.0828,1,1.0
2025-08-28 08:00,0.0828,0.0828,0.0828,1,1.0
2025-08-28 11:00,0.0806,0.0806,0.0806,1,1.0
2025-08-28 14:00,0.0789,0.0789,0.0789,1,1.0
2025-08-28 17:00,0.0779,0.0779,0.0779,1,1.0
2025-08-28 20:00,0.0784,0.0784,0.0784,1,1.0
2025-08-28 23:00,0.0787,0.0787,0.0787,1,1.0
2025-08-29 02:00,0.0792,0.0792,0.0792,1,1.0
2025-08-29 05:00,0.0796,0.0796,0.0796,1,1.0
2025-08-29 08:00,0.0807,0.0807,0.0807,1,1.0
2025-08-29 11:00,0.0978,0.0978,0.0978,1,1.0
2025-08-29 14:00,0.1854,0.1854,0.1854,1,1.0
2025-08-29 17:00,0.2095,0.2095,0.2095,1,1.0
2025-08-29 20:00,0.2541,0.2541,0.2541,1,1.0
2025-08-29 23:00,0.2921,0.2921,0.2921,1,1.0
2025-08-30 02:00,0.2631,0.2631,0.2631,1,1.0
2025-08-30 05:00,0.2926,0.2926,0.2926,1,1.0
2025-08-30 08:00,0.2456,0.2456,0.2456,1,1.0
2025-08-30 11:00,0.1993,0.1993,0.1993,1,1.0
2025-08-30 14:00,0.1846,0.1846,0.1846,1,1.0
2025-08-30 17:00,0.1777,0.1777,0.1777,1,1.0
2025-08-30 20:00,0.1734,0.1734,0.1734,1,1.0
2025-08-30 23:00,0.1694,0.1694,0.1694,1,1.0
2025-08-31 02:00,0.1665,0.1665,0.1665,1,1.0
2025-08-31 05:00,0.164,0.164,0.164,1,1.0
2025-08-31 08:00,0.1604,0.1604,0.1604,1,1.0
2025-08-31 11:00,0.1508,0.1508,0.1508,1,1.0
2025-08-31 14:00,0.1405,0.1405,0.1405,1,1.0
2025-08-31 17:00,0.1348,0.1348,0.1348,1,1.0
2025-08-31 20:00,0.1335,0.1335,0.1335,1,1.0
2025-08-31 23:00,0.1329,0.1329,0.1329,1,1.0
2025-09-01 02:00,0.1327,0.1327,0.1327,1,1.0
2025-09-01 05:00,0.1326,0.1326,0.1326,1,1.0
2025-09-01 08:00,0.1287,0.1287,0.1287,1,1.0
2025-09-01 11:00,0.123,0.123,0.123,1,1.0
2025-09-01 14:00,0.1162,0.1162,0.1162,1,1.0
2025-09-01 17:00,0.1127,0.1127,0.1127,1,1.0
2025-09-01 20:00,0.113,0.113,0.113,1,1.0
2025-09-01 23:00,0.1138,0.1138,0.1138,1,1.0
2025-09-02 02:00,0.1146,0.1146,0.1146,1,1.0
2025-09-02 05:00,0.1159,0.1159,0.1159,1,1.0
2025-09-02 08:00,0.1162,0.1162,0.1162,1,1.0
2025-09-02 11:00,0.116,0.116,0.116,1,1.0
2025-09-02 14:00,0.1268,0.1268,0.1268,1,1.0
2025-09-02 17:00,0.1413,0.1413,0.1413,1,1.0
2025-09-02 20:00,0.1449,0.1449,0.1449,1,1.0
2025-09-02 23:00,0.1425,0.1425,0.1425,1,1.0
2025-09-03 02:00,0.1406,0.1406,0.1406,1,1.0
2025-09-03 05:00,0.1393,0.1393,0.1393,1,1.0
2025-09-03 08:00,0.137,0.137,0.137,1,1.0
2025-09-03 11:00,0.13,0.13,0.13,1,1.0
2025-09-03 14:00,0.1226,0.1226,0.1226,1,1.0
2025-09-03 17:00,0.1187,0.1187,0.1187,1,1.0
2025-09-03 20:00,0.118,0.118,0.118,1,1.0
2025-09-03 23:00,0.1179,0.1179,0.1179,1,1.0
2025-09-04 02:00,0.118,0.118,0.118,1,1.0
2025-09-04 05:00,0.1181,0.1181,0.1181,1,1.0
2025-09-04 08:00,0.1167,0.1167,0.1167,1,1.0
2025-09-04 11:00,0.1117,0.1117,0.1117,1,1.0
2025-09-04 14:00,0.1057,0.1057,0.1057,1,1.0
2025-09-04 17:00,0.1083,0.1083,0.1083,1,1.0
2025-09-04 20:00,0.1085,0.1085,0.1085,1,1.0
2025-09-04 23:00,0.1092,0.1092,0.1092,1,1.0
2025-09-05 02:00,0.11,0.11,0.11,1,1.0
2025-09-05 05:00,0.1103,0.1103,0.1103,1,1.0
2025-09-05 08:00,0.1095,0.1095,0.1095,1,1.0
2025-09-05 11:00,0.1051,0.1051,0.1051,1,1.0
2025-09-05 14:00,0.1001,0.1001,0.1001,1,1.0
2025-09-05 17:00,0.0978,0.0978,0.0978,1,1.0
2025-09-05 20:00,0.0983,0.0983,0.0983,1,1.0
2025-09-05 23:00,0.0995,0.0995,0.0995,1,1.0
2025-09-06 02:00,0.1006,0.1006,0.1006,1,1.0
2025-09-06 05:00,0.1013,0.1013,0.1013,1,1.0
2025-09-06 08:00,0.1014,0.1014,0.1014,1,1.0
2025-09-06 11:00,0.0976,0.0976,0.0976,1,1.0
2025-09-06 14:00,0.0929,0.0929,0.0929,1,1.0
2025-09-06 17:00,0.092,0.092,0.092,1,1.0
2025-09-06 20:00,0.0931,0.0931,0.0931,1,1.0
2025-09-06 23:00,0.0935,0.0935,0.0935,1,1.0
2025-09-07 02:00,0.0945,0.0945,0.0945,1,1.0
2025-09-07 05:00,0.0955,0.0955,0.0955,1,1.0
2025-09-07 08:00,0.087,0.087,0.087,1,1.0
2025-09-07 11:00,0.0858,0.0858,0.0858,1,1.0
2025-09-07 14:00,0.0836,0.0836,0.0836,1,1.0
2025-09-07 17:00,0.0827,0.0827,0.0827,1,1.0
2025-09-07 20:00,0.0833,0.0833,0.0833,1,1.0
2025-09-07 23:00,0.0837,0.0837,0.0837,1,1.0
2025-09-08 02:00,0.0851,0.0851,0.0851,1,1.0
2025-09-08 05:00,0.0865,0.0865,0.0865,1,1.0
2025-09-08 08:00,0.0871,0.0871,0.0871,1,1.0
2025-09-08 11:00,0.0854,0.0854,0.0854,1,1.0
2025-09-08 14:00,0.0842,0.0842,0.0842,1,1.0
2025-09-08 17:00,0.0889,0.0889,0.0889,1,1.0
2025-09-08 20:00,0.0904,0.0904,0.0904,1,1.0
2025-09-08 23:00,0.0919,0.0919,0.0919,1,1.0
2025-09-09 02:00,0.0928,0.0928,0.0928,1,1.0
2025-09-09 05:00,0.093,0.093,0.093,1,1.0
2025-09-09 08:00,0.0897,0.0897,0.0897,1,1.0
2025-09-09 11:00,0.0868,0.0868,0.0868,1,1.0
2025-09-09 14:00,0.0828,0.0828,0.0828,1,1.0
2025-09-09 17:00,0.069,0.069,0.069,1,1.0
2025-09-09 20:00,0.0704,0.0704,0.0704,1,1.0
2025-09-09 23:00,0.0725,0.0725,0.0725,1,1.0
2025-09-10 02:00,0.0802,0.0802,0.0802,1,1.0
2025-09-10 05:00,0.0827,0.0827,0.0827,1,1.0
2025-09-10 08:00,0.0752,0.0752,0.0752,1,1.0
2025-09-10 11:00,0.0817,0.0817,0.0817,1,1.0
2025-09-10 14:00,0.1224,0.1224,0.1224,1,1.0
2025-09-10 17:00,0.176,0.176,0.176,1,1.0
2025-09-10 20:00,0.2333,0.2333,0.2333,1,1.0
2025-09-10 23:00,0.2769,0.2769,0.2769,1,1.0
2025-09-11 02:00,0.2933,0.2933,0.2933,1,1.0
2025-09-11 05:00,0.2696,0.2696,0.2696,1,1.0
2025-09-11 08:00,0.2189,0.2189,0.2189,1,1.0
2025-09-11 11:00,0.1938,0.1938,0.1938,1,1.0
2025-09-11 14:00,0.1776,0.1776,0.1776,1,1.0
2025-09-11 17:00,0.1704,0.1704,0.1704,1,1.0
2025-09-11 20:00,0.1687,0.1687,0.1687,1,1.0
2025-09-11 23:00,0.1675,0.1675,0.1675,1,1.0
2025-09-12 02:00,0.1664,0.1664,0.1664,1,1.0
2025-09-12 05:00,0.1653,0.1653,0.1653,1,1.0
2025-09-12 08:00,0.1624,0.1624,0.1624,1,1.0
2025-09-12 11:00,0.1564,0.1564,0.1564,1,1.0
2025-09-12 14:00,0.149,0.149,0.149,1,1.0
2025-09-12 17:00,0.1446,0.1446,0.1446,1,1.0
2025-09-12 20:00,0.1439,0.1439,0.1439,1,1.0
2025-09-12 23:00,0.1435,0.1435,0.1435,1,1.0
2025-09-13 02:00,0.1435,0.1435,0.1435,1,1.0
2025-09-13 05:00,0.144,0.144,0.144,1,1.0
2025-09-13 08:00,0.1437,0.1437,0.1437,1,1.0
2025-09-13 11:00,0.1382,0.1382,0.1382,1,1.0
2025-09-13 14:00,0.1316,0.1316,0.1316,1,1.0
2025-09-13 17:00,0.1294,0.1294,0.1294,1,1.0
2025-09-13 20:00,0.1294,0.1294,0.1294,1,1.0
2025-09-13 23:00,0.1298,0.1298,0.1298,1,1.0
2025-09-14 02:00,0.1455,0.1455,0.1455,1,1.0
2025-09-14 05:00,0.1582,0.1582,0.1582,1,1.0
2025-09-14 08:00,0.1561,0.1561,0.1561,1,1.0
2025-09-14 11:00,0.1487,0.1487,0.1487,1,1.0
2025-09-14 14:00,0.1402,0.1402,0.1402,1,1.0
2025-09-14 17:00,0.1367,0.1367,0.1367,1,1.0
2025-09-14 20:00,0.1366,0.1366,0.1366,1,1.0
2025-09-14 23:00,0.1369,0.1369,0.1369,1,1.0
2025-09-15 02:00,0.137,0.137,0.137,1,1.0
2025-09-15 05:00,0.1371,0.1371,0.1371,1,1.0
2025-09-15 08:00,0.1359,0.1359,0.1359,1,1.0
2025-09-15 11:00,0.131,0.131,0.131,1,1.0
2025-09-15 14:00,0.1242,0.1242,0.1242,1,1.0
2025-09-15 17:00,0.1212,0.1212,0.1212,1,1.0
2025-09-15 20:00,0.1123,0.1123,0.1123,1,1.0
2025-09-15 23:00,0.1134,0.1134,0.1134,1,1.0
2025-09-16 02:00,0.1142,0.1142,0.1142,1,1.0
2025-09-16 05:00,0.1151,0.1151,0.1151,1,1.0
2025-09-16 08:00,0.1154,0.1154,0.1154,1,1.0
2025-09-16 11:00,0.1129,0.1129,0.1129,1,1.0
2025-09-16 14:00,0.1143,0.1143,0.1143,1,1.0
2025-09-16 17:00,0.1157,0.1157,0.1157,1,1.0
2025-09-16 20:00,0.1158,0.1158,0.1158,1,1.0
2025-09-16 23:00,0.1168,0.1168,0.1168,1,1.0
2025-09-17 02:00,0.1199,0.1199,0.1199,1,1.0
2025-09-17 05:00,0.124,0.124,0.124,1,1.0
2025-09-17 08:00,0.1267,0.1267,0.1267,1,1.0
2025-09-17 11:00,0.1246,0.1246,0.1246,1,1.0
2025-09-17 14:00,0.1209,0.1209,0.1209,1,1.0
2025-09-17 17:00,0.1187,0.1187,0.1187,1,1.0
2025-09-17 20:00,0.1195,0.1195,0.1195,1,1.0
2025-09-17 23:00,0.1204,0.1204,0.1204,1,1.0
2025-09-18 02:00,0.1211,0.1211,0.1211,1,1.0
2025-09-18 05:00,0.121,0.121,0.121,1,1.0
2025-09-18 08:00,0.119,0.119,0.119,1,1.0
2025-09-18 11:00,0.1144,0.1144,0.1144,1,1.0
2025-09-18 14:00,0.1084,0.1084,0.1084,1,1.0
2025-09-18 17:00,0.1061,0.1061,0.1061,1,1.0
2025-09-18 20:00,0.1065,0.1065,0.1065,1,1.0
2025-09-18 23:00,0.1074,0.1074,0.1074,1,1.0
2025-09-19 02:00,0.1079,0.1079,0.1079,1,1.0
2025-09-19 05:00,0.1087,0.1087,0.1087,1,1.0
2025-09-19 08:00,0.109,0.109,0.109,1,1.0
2025-09-19 11:00,0.1058,0.1058,0.1058,1,1.0
2025-09-19 14:00,0.1016,0.1016,0.1016,1,1.0
2025-09-19 17:00,0.1004,0.1004,0.1004,1,1.0
2025-09-19 20:00,0.1007,0.1007,0.1007,1,1.0
2025-09-19 23:00,0.1019,0.1019,0.1019,1,1.0
2025-09-20 02:00,0.1034,0.1034,0.1034,1,1.0
2025-09-20 05:00,0.1042,0.1042,0.1042,1,1.0
2025-09-20 08:00,0.103,0.103,0.103,1,1.0
2025-09-20 11:00,0.0993,0.0993,0.0993,1,1.0
2025-09-20 14:00,0.0938,0.0938,0.0938,1,1.0
2025-09-20 17:00,0.089,0.089,0.089,1,1.0
2025-09-20 20:00,0.0904,0.0904,0.0904,1,1.0
2025-09-20 23:00,0.0925,0.0925,0.0925,1,1.0
2025-09-21 02:00,0.0941,0.0941,0.0941,1,1.0
2025-09-21 05:00,0.0951,0.0951,0.0951,1,1.0
2025-09-21 08:00,0.0957,0.0957,0.0957,1,1.0
2025-09-21 11:00,0.0933,0.0933,0.0933,1,1.0
2025-09-21 14:00,0.0904,0.0904,0.0904,1,1.0
2025-09-21 17:00,0.09,0.09,0.09,1,1.0
2025-09-21 20:00,0.091,0.091,0.091,1,1.0
2025-09-21 23:00,0.0916,0.0916,0.0916,1,1.0
2025-09-22 02:00,0.0932,0.0932,0.0932,1,1.0
2025-09-22 05:00,0.0942,0.0942,0.0942,1,1.0
2025-09-22 08:00,0.0944,0.0944,0.0944,1,1.0
2025-09-22 11:00,0.0926,0.0926,0.0926,1,1.0
2025-09-22 14:00,0.09,0.09,0.09,1,1.0
2025-09-22 17:00,0.0891,0.0891,0.0891,1,1.0
2025-09-22 20:00,0.0904,0.0904,0.0904,1,1.0
2025-09-22 23:00,0.0913,0.0913,0.0913,1,1.0
2025-09-23 02:00,0.1295,0.1295,0.1295,1,1.0
2025-09-23 05:00,0.1586,0.1586,0.1586,1,1.0
2025-09-23 08:00,0.1522,0.1522,0.1522,1,1.0
2025-09-23 11:00,0.1471,0.1471,0.1471,1,1.0
2025-09-23 14:00,0.1619,0.1619,0.1619,1,1.0
2025-09-23 17:00,0.1941,0.1941,0.1941,1,1.0
2025-09-23 20:00,0.1827,0.1827,0.1827,1,1.0
2025-09-23 23:00,0.1749,0.1749,0.1749,1,1.0
2025-09-24 02:00,0.1788,0.1788,0.1788,1,1.0
2025-09-24 05:00,0.3311,0.3311,0.3311,1,1.0
2025-09-24 08:00,0.338,0.338,0.338,1,1.0
2025-09-24 11:00,0.2584,0.2584,0.2584,1,1.0
2025-09-24 14:00,0.2299,0.2299,0.2299,1,1.0
2025-09-24 17:00,0.2193,0.2193,0.2193,1,1.0
2025-09-24 20:00,0.2134,0.2134,0.2134,1,1.0
2025-09-24 23:00,0.2086,0.2086,0.2086,1,1.0
2025-09-25 02:00,0.2049,0.2049,0.2049,1,1.0
2025-09-25 05:00,0.202,0.202,0.202,1,1.0
2025-09-25 08:00,0.1955,0.1955,0.1955,1,1.0
2025-09-25 11:00,0.1863,0.1863,0.1863,1,1.0
2025-09-25 14:00,0.177,0.177,0.177,1,1.0
2025-09-25 17:00,0.1731,0.1731,0.1731,1,1.0
2025-09-25 20:00,0.1723,0.1723,0.1723,1,1.0
2025-09-25 23:00,0.1718,0.1718,0.1718,1,1.0
2025-09-26 02:00,0.1715,0.1715,0.1715,1,1.0
2025-09-26 05:00,0.1717,0.1717,0.1717,1,1.0
2025-09-26 08:00,0.1722,0.1722,0.1722,1,1.0
2025-09-26 11:00,0.166,0.166,0.166,1,1.0
2025-09-26 14:00,0.1572,0.1572,0.1572,1,1.0
2025-09-26 17:00,0.1539,0.1539,0.1539,1,1.0
2025-09-26 20:00,0.1524,0.1524,0.1524,1,1.0
2025-09-26 23:00,0.1533,0.1533,0.1533,1,1.0
2025-09-27 02:00,0.1542,0.1542,0.1542,1,1.0
2025-09-27 05:00,0.1558,0.1558,0.1558,1,1.0
2025-09-27 08:00,0.1566,0.1566,0.1566,1,1.0
2025-09-27 11:00,0.1527,0.1527,0.1527,1,1.0
2025-09-27 14:00,0.1452,0.1452,0.1452,1,1.0
2025-09-27 17:00,0.1422,0.1422,0.1422,1,1.0
2025-09-27 20:00,0.1431,0.1431,0.1431,1,1.0
2025-09-27 23:00,0.1444,0.1444,0.1444,1,1.0
2025-09-28 02:00,0.1457,0.1457,0.1457,1,1.0
2025-09-28 05:00,0.1467,0.1467,0.1467,1,1.0
2025-09-28 08:00,0.1385,0.1385,0.1385,1,1.0
2025-09-28 11:00,0.1355,0.1355,0.1355,1,1.0
2025-09-28 14:00,0.1312,0.1312,0.1312,1,1.0
2025-09-28 17:00,0.1304,0.1304,0.1304,1,1.0
2025-09-28 20:00,0.1314,0.1314,0.1314,1,1.0
2025-09-28 23:00,0.1321,0.1321,0.1321,1,1.0
2025-09-29 02:00,0.1325,0.1325,0.1325,1,1.0
2025-09-29 05:00,0.1331,0.1331,0.1331,1,1.0
2025-09-29 08:00,0.1334,0.1334,0.1334,1,1.0
2025-09-29 11:00,0.1307,0.1307,0.1307,1,1.0
2025-09-29 14:00,0.1264,0.1264,0.1264,1,1.0
2025-09-29 17:00,0.1247,0.1247,0.1247,1,1.0
2025-09-29 20:00,0.1251,0.1251,0.1251,1,1.0
2025-09-29 23:00,0.1261,0.1261,0.1261,1,1.0
2025-09-30 02:00,0.1273,0.1273,0.1273,1,1.0
2025-09-30 05:00,0.1281,0.1281,0.1281,1,1.0
2025-09-30 08:00,0.1278,0.1278,0.1278,1,1.0
2025-09-30 11:00,0.125,0.125,0.125,1,1.0
2025-09-30 14:00,0.1224,0.1224,0.1224,1,1.0
2025-09-30 17:00,0.1228,0.1228,0.1228,1,1.0
2025-09-30 20:00,0.1244,0.1244,0.1244,1,1.0
2025-09-30 23:00,0.1249,0.1249,0.1249,1,1.0
2025-10-01 02:00,0.1252,0.1252,0.1252,1,1.0
2025-10-01 05:00,0.1264,0.1264,0.1264,1,1.0
2025-10-01 08:00,0.1328,0.1328,0.1328,1,1.0
2025-10-01 11:00,0.1303,0.1303,0.1303,1,1.0
2025-10-01 14:00,0.1365,0.1365,0.1365,1,1.0
2025-10-01 17:00,0.17,0.17,0.17,1,1.0
2025-10-01 20:00,0.1814,0.1814,0.1814,1,1.0
2025-10-01 23:00,0.1766,0.1766,0.1766,1,1.0
2025-10-02 02:00,0.1734,0.1734,0.1734,1,1.0
2025-10-02 05:00,0.1709,0.1709,0.1709,1,1.0
2025-10-02 08:00,0.167,0.167,0.167,1,1.0
2025-10-02 11:00,0.1598,0.1598,0.1598,1,1.0
2025-10-02 14:00,0.1523,0.1523,0.1523,1,1.0
2025-10-02 17:00,0.1486,0.1486,0.1486,1,1.0
2025-10-02 20:00,0.1477,0.1477,0.1477,1,1.0
2025-10-02 23:00,0.1472,0.1472,0.1472,1,1.0
2025-10-03 02:00,0.1468,0.1468,0.1468,1,1.0
2025-10-03 05:00,0.146,0.146,0.146,1,1.0
2025-10-03 08:00,0.1429,0.1429,0.1429,1,1.0
2025-10-03 11:00,0.1388,0.1388,0.1388,1,1.0
2025-10-03 14:00,0.1341,0.1341,0.1341,1,1.0
2025-10-03 17:00,0.1255,0.1255,0.1255,1,1.0
2025-10-03 20:00,0.1268,0.1268,0.1268,1,1.0
2025-10-03 23:00,0.1279,0.1279,0.1279,1,1.0
2025-10-04 02:00,0.1288,0.1288,0.1288,1,1.0
2025-10-04 05:00,0.1296,0.1296,0.1296,1,1.0
2025-10-04 08:00,0.1199,0.1199,0.1199,1,1.0
2025-10-04 11:00,0.1189,0.1189,0.1189,1,1.0
2025-10-04 14:00,0.1163,0.1163,0.1163,1,1.0
2025-10-04 17:00,0.1155,0.1155,0.1155,1,1.0
2025-10-04 20:00,0.1175,0.1175,0.1175,1,1.0
2025-10-04 23:00,0.1181,0.1181,0.1181,1,1.0
2025-10-05 02:00,0.1211,0.1211,0.1211,1,1.0
2025-10-05 05:00,0.1262,0.1262,0.1262,1,1.0
2025-10-05 08:00,0.1456,0.1456,0.1456,1,1.0
2025-10-05 11:00,0.2035,0.2035,0.2035,1,1.0
2025-10-05 14:00,0.2239,0.2239,0.2239,1,1.0
2025-10-05 17:00,0.2041,0.2041,0.2041,1,1.0
2025-10-05 20:00,0.1955,0.1955,0.1955,1,1.0
2025-10-05 23:00,0.1911,0.1911,0.1911,1,1.0
2025-10-06 02:00,0.1861,0.1861,0.1861,1,1.0
2025-10-06 05:00,0.183,0.183,0.183,1,1.0
2025-10-06 08:00,0.1736,0.1736,0.1736,1,1.0
2025-10-06 11:00,0.1673,0.1673,0.1673,1,1.0
2025-10-06 14:00,0.1593,0.1593,0.1593,1,1.0
2025-10-06 17:00,0.1557,0.1557,0.1557,1,1.0
2025-10-06 20:00,0.1546,0.1546,0.1546,1,1.0
2025-10-06 23:00,0.1547,0.1547,0.1547,1,1.0
2025-10-07 02:00,0.1551,0.1551,0.1551,1,1.0
2025-10-07 05:00,0.1556,0.1556,0.1556,1,1.0
2025-10-07 08:00,0.1553,0.1553,0.1553,1,1.0
2025-10-07 11:00,0.151,0.151,0.151,1,1.0
2025-10-07 14:00,0.1446,0.1446,0.1446,1,1.0
2025-10-07 17:00,0.1415,0.1415,0.1415,1,1.0
2025-10-07 20:00,0.1413,0.1413,0.1413,1,1.0
2025-10-07 23:00,0.1416,0.1416,0.1416,1,1.0
2025-10-08 02:00,0.1425,0.1425,0.1425,1,1.0
2025-10-08 05:00,0.1434,0.1434,0.1434,1,1.0
2025-10-08 08:00,0.1432,0.1432,0.1432,1,1.0
2025-10-08 11:00,0.1395,0.1395,0.1395,1,1.0
2025-10-08 14:00,0.1345,0.1345,0.1345,1,1.0
2025-10-08 17:00,0.1326,0.1326,0.1326,1,1.0
2025-10-08 20:00,0.1328,0.1328,0.1328,1,1.0
2025-10-08 23:00,0.1337,0.1337,0.1337,1,1.0
2025-10-09 02:00,0.1351,0.1351,0.1351,1,1.0
2025-10-09 05:00,0.1361,0.1361,0.1361,1,1.0
2025-10-09 08:00,0.1276,0.1276,0.1276,1,1.0
2025-10-09 11:00,0.125,0.125,0.125,1,1.0
2025-10-09 14:00,0.1213,0.1213,0.1213,1,1.0
2025-10-09 17:00,0.1208,0.1208,0.1208,1,1.0
2025-10-09 20:00,0.1221,0.1221,0.1221,1,1.0
2025-10-09 23:00,0.1229,0.1229,0.1229,1,1.0
2025-10-10 02:00,0.1237,0.1237,0.1237,1,1.0
2025-10-10 05:00,0.1246,0.1246,0.1246,1,1.0
2025-10-10 08:00,0.1248,0.1248,0.1248,1,1.0
2025-10-10 11:00,0.1221,0.1221,0.1221,1,1.0
2025-10-10 14:00,0.119,0.119,0.119,1,1.0
2025-10-10 17:00,0.1186,0.1186,0.1186,1,1.0
2025-10-10 20:00,0.1191,0.1191,0.1191,1,1.0
2025-10-10 23:00,0.12,0.12,0.12,1,1.0
2025-10-11 02:00,0.1213,0.1213,0.1213,1,1.0
2025-10-11 05:00,0.1224,0.1224,0.1224,1,1.0
2025-10-11 08:00,0.1342,0.1342,0.1342,1,1.0
2025-10-11 11:00,0.1302,0.1302,0.1302,1,1.0
2025-10-11 14:00,0.1252,0.1252,0.1252,1,1.0
2025-10-11 17:00,0.1127,0.1127,0.1127,1,1.0
2025-10-11 20:00,0.1131,0.1131,0.1131,1,1.0
2025-10-11 23:00,0.1139,0.1139,0.1139,1,1.0
2025-10-12 02:00,0.115,0.115,0.115,1,1.0
2025-10-12 05:00,0.1161,0.1161,0.1161,1,1.0
2025-10-12 08:00,0.1168,0.1168,0.1168,1,1.0
2025-10-12 11:00,0.1157,0.1157,0.1157,1,1.0
2025-10-12 14:00,0.1141,0.1141,0.1141,1,1.0
2025-10-12 17:00,0.114,0.114,0.114,1,1.0
2025-10-12 20:00,0.1151,0.1151,0.1151,1,1.0
2025-10-12 23:00,0.1161,0.1161,0.1161,1,1.0
2025-10-13 02:00,0.1235,0.1235,0.1235,1,1.0
2025-10-13 05:00,0.1303,0.1303,0.1303,1,1.0
2025-10-13 08:00,0.1312,0.1312,0.1312,1,1.0
2025-10-13 11:00,0.13,0.13,0.13,1,1.0
2025-10-13 14:00,0.1263,0.1263,0.1263,1,1.0
2025-10-13 17:00,0.1255,0.1255,0.1255,1,1.0
2025-10-13 20:00,0.1265,0.1265,0.1265,1,1.0
2025-10-13 23:00,0.1272,0.1272,0.1272,1,1.0
2025-10-14 02:00,0.1275,0.1275,0.1275,1,1.0
2025-10-14 05:00,0.1277,0.1277,0.1277,1,1.0
2025-10-14 08:00,0.1043,0.1043,0.1043,1,1.0
2025-10-14 11:00,0.1048,0.1048,0.1048,1,1.0
2025-10-14 14:00,0.1051,0.1051,0.1051,1,1.0
2025-10-14 17:00,0.1063,0.1063,0.1063,1,1.0
2025-10-14 20:00,0.1119,0.1119,0.1119,1,1.0
2025-10-14 23:00,0.1147,0.1147,0.1147,1,1.0
2025-10-15 02:00,0.1171,0.1171,0.1171,1,1.0
2025-10-15 05:00,0.1189,0.1189,0.1189,1,1.0
2025-10-15 08:00,0.1198,0.1198,0.1198,1,1.0
2025-10-15 11:00,0.1202,0.1202,0.1202,1,1.0
2025-10-15 14:00,0.1488,0.1488,0.1488,1,1.0
2025-10-15 17:00,0.2112,0.2112,0.2112,1,1.0
2025-10-15 20:00,0.2649,0.2649,0.2649,1,1.0
2025-10-15 23:00,0.2521,0.2521,0.2521,1,1.0
2025-10-16 02:00,0.2346,0.2346,0.2346,1,1.0
2025-10-16 05:00,0.2209,0.2209,0.2209,1,1.0
2025-10-16 08:00,0.2114,0.2114,0.2114,1,1.0
2025-10-16 11:00,0.2179,0.2179,0.2179,1,1.0
2025-10-16 14:00,0.2621,0.2621,0.2621,1,1.0
2025-10-16 17:00,0.287,0.287,0.287,1,1.0
2025-10-16 20:00,0.2547,0.2547,0.2547,1,1.0
2025-10-16 23:00,0.2383,0.2383,0.2383,1,1.0
2025-10-17 02:00,0.2266,0.2266,0.2266,1,1.0
2025-10-17 05:00,0.2335,0.2335,0.2335,1,1.0
2025-10-17 08:00,0.23,0.23,0.23,1,1.0
2025-10-17 11:00,0.2178,0.2178,0.2178,1,1.0
2025-10-17 14:00,0.2087,0.2087,0.2087,1,1.0
2025-10-17 17:00,0.205,0.205,0.205,1,1.0
2025-10-17 20:00,0.1998,0.1998,0.1998,1,1.0
2025-10-17 23:00,0.1986,0.1986,0.1986,1,1.0
2025-10-18 02:00,0.1974,0.1974,0.1974,1,1.0
2025-10-18 05:00,0.196,0.196,0.196,1,1.0
2025-10-18 08:00,0.1939,0.1939,0.1939,1,1.0
2025-10-18 11:00,0.1875,0.1875,0.1875,1,1.0
2025-10-18 14:00,0.1799,0.1799,0.1799,1,1.0
2025-10-18 17:00,0.1771,0.1771,0.1771,1,1.0
2025-10-18 20:00,0.1766,0.1766,0.1766,1,1.0
2025-10-18 23:00,0.1758,0.1758,0.1758,1,1.0
2025-10-19 02:00,0.1752,0.1752,0.1752,1,1.0
2025-10-19 05:00,0.175,0.175,0.175,1,1.0
2025-10-19 08:00,0.1597,0.1597,0.1597,1,1.0
2025-10-19 11:00,0.1573,0.1573,0.1573,1,1.0
2025-10-19 14:00,0.1531,0.1531,0.1531,1,1.0
2025-10-19 17:00,0.1516,0.1516,0.1516,1,1.0
2025-10-19 20:00,0.1526,0.1526,0.1526,1,1.0
2025-10-19 23:00,0.1537,0.1537,0.1537,1,1.0
2025-10-20 02:00,0.1546,0.1546,0.1546,1,1.0
2025-10-20 05:00,0.1555,0.1555,0.1555,1,1.0
2025-10-20 08:00,0.156,0.156,0.156,1,1.0
2025-10-20 11:00,0.1586,0.1586,0.1586,1,1.0
2025-10-20 14:00,0.1616,0.1616,0.1616,1,1.0
2025-10-20 17:00,0.163,0.163,0.163,1,1.0
2025-10-20 20:00,0.1535,0.1535,0.1535,1,1.0
2025-10-20 23:00,0.1543,0.1543,0.1543,1,1.0
2025-10-21 02:00,0.1548,0.1548,0.1548,1,1.0
2025-10-21 05:00,0.1559,0.1559,0.1559,1,1.0
2025-10-21 08:00,0.1581,0.1581,0.1581,1,1.0
2025-10-21 11:00,0.1706,0.1706,0.1706,1,1.0
2025-10-21 14:00,0.2083,0.2083,0.2083,1,1.0
2025-10-21 17:00,0.2451,0.2451,0.2451,1,1.0
2025-10-21 20:00,0.2502,0.2502,0.2502,1,1.0
2025-10-21 23:00,0.2399,0.2399,0.2399,1,1.0
2025-10-22 02:00,0.2316,0.2316,0.2316,1,1.0
2025-10-22 05:00,0.2264,0.2264,0.2264,1,1.0
2025-10-22 08:00,0.2227,0.2227,0.2227,1,1.0
2025-10-22 11:00,0.2176,0.2176,0.2176,1,1.0
2025-10-22 14:00,0.217,0.217,0.217,1,1.0
2025-10-22 17:00,0.2206,0.2206,0.2206,1,1.0
2025-10-22 20:00,0.2175,0.2175,0.2175,1,1.0
2025-10-22 23:00,0.2148,0.2148,0.2148,1,1.0
2025-10-23 02:00,0.2123,0.2123,0.2123,1,1.0
2025-10-23 05:00,0.2093,0.2093,0.2093,1,1.0
2025-10-23 08:00,0.2066,0.2066,0.2066,1,1.0
2025-10-23 11:00,0.205,0.205,0.205,1,1.0
2025-10-23 14:00,0.204,0.204,0.204,1,1.0
2025-10-23 17:00,0.2048,0.2048,0.2048,1,1.0
2025-10-23 20:00,0.2121,0.2121,0.2121,1,1.0
2025-10-23 23:00,0.2114,0.2114,0.2114,1,1.0
2025-10-24 02:00,0.2071,0.2071,0.2071,1,1.0
2025-10-24 05:00,0.2047,0.2047,0.2047,1,1.0
2025-10-24 08:00,0.2026,0.2026,0.2026,1,1.0
2025-10-24 11:00,0.1965,0.1965,0.1965,1,1.0
2025-10-24 14:00,0.189,0.189,0.189,1,1.0
2025-10-24 17:00,0.1861,0.1861,0.1861,1,1.0
2025-10-24 20:00,0.1859,0.1859,0.1859,1,1.0
2025-10-24 23:00,0.1863,0.1863,0.1863,1,1.0
2025-10-25 02:00,0.1867,0.1867,0.1867,1,1.0
2025-10-25 05:00,0.1863,0.1863,0.1863,1,1.0
2025-10-25 08:00,0.18,0.18,0.18,1,1.0
2025-10-25 11:00,0.1771,0.1771,0.1771,1,1.0
2025-10-25 14:00,0.1723,0.1723,0.1723,1,1.0
2025-10-25 17:00,0.1714,0.1714,0.1714,1,1.0
2025-10-25 20:00,0.1669,0.1669,0.1669,1,1.0
2025-10-25 23:00,0.17,0.17,0.17,1,1.0
2025-10-26 05:00,0.1844,0.1844,0.1844,1,1.0
2025-10-26 08:00,0.206,0.206,0.206,1,1.0
2025-10-27 02:00,0.2007,0.2007,0.2007,1,1.0
2025-10-27 05:00,0.1998,0.1998,0.1998,1,1.0
2025-10-27 08:00,0.1981,0.1981,0.1981,1,1.0
2025-10-27 11:00,0.1931,0.1931,0.1931,1,1.0
2025-10-27 14:00,0.186,0.186,0.186,1,1.0
2025-10-27 17:00,0.1828,0.1828,0.1828,1,1.0
2025-10-27 23:00,0.1831,0.1831,0.1831,1,1.0
2025-10-28 02:00,0.1833,0.1833,0.1833,1,1.0
2025-10-28 05:00,0.1838,0.1838,0.1838,1,1.0
2025-10-28 08:00,0.1849,0.1849,0.1849,1,1.0
2025-10-28 11:00,0.1812,0.1812,0.1812,1,1.0
2025-10-28 14:00,0.1758,0.1758,0.1758,1,1.0
2025-10-28 17:00,0.1746,0.1746,0.1746,1,1.0
2025-10-28 20:00,0.1744,0.1744,0.1744,1,1.0
2025-10-28 23:00,0.1755,0.1755,0.1755,1,1.0
2025-10-29 02:00,0.177,0.177,0.177,1,1.0
2025-10-29 05:00,0.1784,0.1784,0.1784,1,1.0
2025-10-29 08:00,0.179,0.179,0.179,1,1.0
2025-10-29 11:00,0.1776,0.1776,0.1776,1,1.0
2025-10-29 14:00,0.1757,0.1757,0.1757,1,1.0
2025-10-29 17:00,0.1755,0.1755,0.1755,1,1.0
2025-10-29 20:00,0.1764,0.1764,0.1764,1,1.0
2025-10-29 23:00,0.1769,0.1769,0.1769,1,1.0
2025-10-30 02:00,0.1773,0.1773,0.1773,1,1.0
2025-10-30 05:00,0.1778,0.1778,0.1778,1,1.0
2025-10-30 08:00,0.1939,0.1939,0.1939,1,1.0
2025-10-30 11:00,0.2261,0.2261,0.2261,1,1.0
2025-10-30 14:00,0.2536,0.2536,0.2536,1,1.0
2025-10-30 17:00,0.2378,0.2378,0.2378,1,1.0
2025-10-30 20:00,0.2285,0.2285,0.2285,1,1.0
2025-10-30 23:00,0.232,0.232,0.232,1,1.0
2025-10-31 02:00,0.2269,0.2269,0.2269,1,1.0
2025-10-31 05:00,0.2222,0.2222,0.2222,1,1.0
2025-10-31 08:00,0.2193,0.2193,0.2193,1,1.0
2025-10-31 11:00,0.2139,0.2139,0.2139,1,1.0
2025-10-31 14:00,0.2069,0.2069,0.2069,1,1.0
2025-10-31 17:00,0.2045,0.2045,0.2045,1,1.0
2025-10-31 20:00,0.2032,0.2032,0.2032,1,1.0
2025-10-31 23:00,0.202,0.202,0.202,1,1.0
2025-11-01 02:00,0.2015,0.2015,0.2015,1,1.0
2025-11-01 05:00,0.2009,0.2009,0.2009,1,1.0
2025-11-01 08:00,0.1997,0.1997,0.1997,1,1.0
2025-11-01 11:00,0.1947,0.1947,0.1947,1,1.0
2025-11-01 14:00,0.1879,0.1879,0.1879,1,1.0
2025-11-01 17:00,0.1862,0.1862,0.1862,1,1.0
2025-11-01 20:00,0.1866,0.1866,0.1866,1,1.0
2025-11-01 23:00,0.1869,0.1869,0.1869,1,1.0
2025-11-02 02:00,0.1904,0.1904,0.1904,1,1.0
2025-11-02 05:00,0.1932,0.1932,0.1932,1,1.0
2025-11-02 08:00,0.1919,0.1919,0.1919,1,1.0
2025-11-02 11:00,0.189,0.189,0.189,1,1.0
2025-11-02 14:00,0.1849,0.1849,0.1849,1,1.0
2025-11-02 17:00,0.1841,0.1841,0.1841,1,1.0
2025-11-02 20:00,0.1824,0.1824,0.1824,1,1.0
2025-11-02 23:00,0.1845,0.1845,0.1845,1,1.0
2025-11-03 02:00,0.1902,0.1902,0.1902,1,1.0
2025-11-03 05:00,0.1934,0.1934,0.1934,1,1.0
2025-11-03 08:00,0.1956,0.1956,0.1956,1,1.0
2025-11-03 11:00,0.2037,0.2037,0.2037,1,1.0
2025-11-03 14:00,0.2307,0.2307,0.2307,1,1.0
2025-11-03 17:00,0.2318,0.2318,0.2318,1,1.0
2025-11-03 20:00,0.2373,0.2373,0.2373,1,1.0
2025-11-03 23:00,0.2307,0.2307,0.2307,1,1.0
2025-11-04 02:00,0.2249,0.2249,0.2249,1,1.0
2025-11-04 05:00,0.2213,0.2213,0.2213,1,1.0
2025-11-04 08:00,0.2169,0.2169,0.2169,1,1.0
2025-11-04 11:00,0.2087,0.2087,0.2087,1,1.0
2025-11-04 14:00,0.1993,0.1993,0.1993,1,1.0
2025-11-04 17:00,0.1953,0.1953,0.1953,1,1.0
2025-11-04 20:00,0.1938,0.1938,0.1938,1,1.0
2025-11-04 23:00,0.1933,0.1933,0.1933,1,1.0
2025-11-05 02:00,0.1932,0.1932,0.1932,1,1.0
2025-11-05 05:00,0.1933,0.1933,0.1933,1,1.0
2025-11-05 08:00,0.1917,0.1917,0.1917,1,1.0
2025-11-05 11:00,0.1875,0.1875,0.1875,1,1.0
2025-11-05 14:00,0.1815,0.1815,0.1815,1,1.0
2025-11-05 17:00,0.1798,0.1798,0.1798,1,1.0
2025-11-05 20:00,0.1813,0.1813,0.1813,1,1.0
2025-11-05 23:00,0.1818,0.1818,0.1818,1,1.0
2025-11-06 02:00,0.1823,0.1823,0.1823,1,1.0
2025-11-06 05:00,0.1829,0.1829,0.1829,1,1.0
2025-11-06 08:00,0.1824,0.1824,0.1824,1,1.0
2025-11-06 11:00,0.1784,0.1784,0.1784,1,1.0
2025-11-06 14:00,0.1729,0.1729,0.1729,1,1.0
2025-11-06 17:00,0.1715,0.1715,0.1715,1,1.0
2025-11-06 20:00,0.1716,0.1716,0.1716,1,1.0
2025-11-06 23:00,0.1719,0.1719,0.1719,1,1.0
2025-11-07 02:00,0.1723,0.1723,0.1723,1,1.0
2025-11-07 05:00,0.1728,0.1728,0.1728,1,1.0
2025-11-07 08:00,0.1672,0.1672,0.1672,1,1.0
2025-11-07 11:00,0.1663,0.1663,0.1663,1,1.0
2025-11-07 14:00,0.1755,0.1755,0.1755,1,1.0
2025-11-07 17:00,0.2189,0.2189,0.2189,1,1.0
2025-11-07 20:00,0.2165,0.2165,0.2165,1,1.0
2025-11-07 23:00,0.2797,0.2797,0.2797,1,1.0
2025-11-08 02:00,0.2828,0.2828,0.2828,1,1.0
2025-11-08 05:00,0.2617,0.2617,0.2617,1,1.0
2025-11-08 08:00,0.245,0.245,0.245,1,1.0
2025-11-08 11:00,0.2351,0.2351,0.2351,1,1.0
2025-11-08 14:00,0.2301,0.2301,0.2301,1,1.0
2025-11-08 17:00,0.2317,0.2317,0.2317,1,1.0
2025-11-08 20:00,0.2337,0.2337,0.2337,1,1.0
2025-11-08 23:00,0.2577,0.2577,0.2577,1,1.0
2025-11-09 02:00,0.2559,0.2559,0.2559,1,1.0
2025-11-09 05:00,0.246,0.246,0.246,1,1.0
2025-11-09 08:00,0.2404,0.2404,0.2404,1,1.0
2025-11-09 11:00,0.2331,0.2331,0.2331,1,1.0
2025-11-09 14:00,0.2314,0.2314,0.2314,1,1.0
2025-11-09 17:00,0.2361,0.2361,0.2361,1,1.0
2025-11-09 20:00,0.235,0.235,0.235,1,1.0
2025-11-09 23:00,0.2338,0.2338,0.2338,1,1.0
2025-11-10 02:00,0.2509,0.2509,0.2509,1,1.0
2025-11-10 05:00,0.252,0.252,0.252,1,1.0
2025-11-10 08:00,0.24,0.24,0.24,1,1.0
2025-11-10 11:00,0.2319,0.2319,0.2319,1,1.0
2025-11-10 14:00,0.2236,0.2236,0.2236,1,1.0
2025-11-10 17:00,0.2212,0.2212,0.2212,1,1.0
2025-11-10 20:00,0.2198,0.2198,0.2198,1,1.0
2025-11-10 23:00,0.2198,0.2198,0.2198,1,1.0
2025-11-11 02:00,0.2195,0.2195,0.2195,1,1.0
2025-11-11 05:00,0.2192,0.2192,0.2192,1,1.0
2025-11-11 08:00,0.2188,0.2188,0.2188,1,1.0
2025-11-11 11:00,0.2147,0.2147,0.2147,1,1.0
2025-11-11 14:00,0.209,0.209,0.209,1,1.0
2025-11-11 17:00,0.2075,0.2075,0.2075,1,1.0
2025-11-11 20:00,0.208,0.208,0.208,1,1.0
2025-11-11 23:00,0.2081,0.2081,0.2081,1,1.0
2025-11-12 02:00,0.2078,0.2078,0.2078,1,1.0
2025-11-12 05:00,0.2075,0.2075,0.2075,1,1.0
2025-11-12 08:00,0.2026,0.2026,0.2026,1,1.0
2025-11-12 11:00,0.1984,0.1984,0.1984,1,1.0
2025-11-12 14:00,0.1924,0.1924,0.1924,1,1.0
2025-11-12 17:00,0.1914,0.1914,0.1914,1,1.0
2025-11-12 20:00,0.1926,0.1926,0.1926,1,1.0
2025-11-12 23:00,0.1942,0.1942,0.1942,1,1.0
2025-11-13 02:00,0.1951,0.1951,0.1951,1,1.0
2025-11-13 05:00,0.1957,0.1957,0.1957,1,1.0
2025-11-13 08:00,0.1943,0.1943,0.1943,1,1.0
2025-11-13 11:00,0.1919,0.1919,0.1919,1,1.0
2025-11-13 14:00,0.1884,0.1884,0.1884,1,1.0
2025-11-13 17:00,0.1882,0.1882,0.1882,1,1.0
2025-11-13 20:00,0.1857,0.1857,0.1857,1,1.0
2025-11-13 23:00,0.1868,0.1868,0.1868,1,1.0
2025-11-14 02:00,0.1877,0.1877,0.1877,1,1.0
2025-11-14 05:00,0.1885,0.1885,0.1885,1,1.0
2025-11-14 08:00,0.1897,0.1897,0.1897,1,1.0
2025-11-14 11:00,0.1885,0.1885,0.1885,1,1.0
2025-11-14 14:00,0.1857,0.1857,0.1857,1,1.0
2025-11-14 17:00,0.1858,0.1858,0.1858,1,1.0
2025-11-14 20:00,0.1869,0.1869,0.1869,1,1.0
2025-11-14 23:00,0.1884,0.1884,0.1884,1,1.0
2025-11-15 02:00,0.1895,0.1895,0.1895,1,1.0
2025-11-15 05:00,0.1905,0.1905,0.1905,1,1.0
2025-11-15 08:00,0.1908,0.1908,0.1908,1,1.0
2025-11-15 11:00,0.1894,0.1894,0.1894,1,1.0
2025-11-15 14:00,0.1857,0.1857,0.1857,1,1.0
2025-11-15 17:00,0.1839,0.1839,0.1839,1,1.0
2025-11-15 20:00,0.1849,0.1849,0.1849,1,1.0
2025-11-15 23:00,0.1858,0.1858,0.1858,1,1.0
2025-11-16 02:00,0.1896,0.1896,0.1896,1,1.0
2025-11-16 05:00,0.1924,0.1924,0.1924,1,1.0
2025-11-16 08:00,0.1922,0.1922,0.1922,1,1.0
2025-11-16 11:00,0.1898,0.1898,0.1898,1,1.0
2025-11-16 14:00,0.1862,0.1862,0.1862,1,1.0
2025-11-16 17:00,0.1856,0.1856,0.1856,1,1.0
2025-11-16 20:00,0.186,0.186,0.186,1,1.0
2025-11-16 23:00,0.1864,0.1864,0.1864,1,1.0
2025-11-17 02:00,0.1869,0.1869,0.1869,1,1.0
2025-11-17 05:00,0.1876,0.1876,0.1876,1,1.0
2025-11-17 08:00,0.1956,0.1956,0.1956,1,1.0
2025-11-17 11:00,0.215,0.215,0.215,1,1.0
2025-11-17 14:00,0.2249,0.2249,0.2249,1,1.0
2025-11-17 17:00,0.2233,0.2233,0.2233,1,1.0
2025-11-17 20:00,0.2227,0.2227,0.2227,1,1.0
2025-11-17 23:00,0.2225,0.2225,0.2225,1,1.0
2025-11-18 02:00,0.2228,0.2228,0.2228,1,1.0
2025-11-18 05:00,0.2263,0.2263,0.2263,1,1.0
2025-11-18 08:00,0.243,0.243,0.243,1,1.0
2025-11-18 11:00,0.3023,0.3023,0.3023,1,1.0
2025-11-18 14:00,0.3252,0.3252,0.3252,1,1.0
2025-11-18 17:00,0.2867,0.2867,0.2867,1,1.0
2025-11-18 20:00,0.275,0.275,0.275,1,1.0
2025-11-18 23:00,0.3073,0.3073,0.3073,1,1.0
2025-11-19 02:00,0.3106,0.3106,0.3106,1,1.0
2025-11-19 05:00,0.307,0.307,0.307,1,1.0
2025-11-19 08:00,0.29,0.29,0.29,1,1.0
2025-11-19 11:00,0.2741,0.2741,0.2741,1,1.0
2025-11-19 14:00,0.2653,0.2653,0.2653,1,1.0
2025-11-19 17:00,0.261,0.261,0.261,1,1.0
2025-11-19 20:00,0.2589,0.2589,0.2589,1,1.0
2025-11-19 23:00,0.2572,0.2572,0.2572,1,1.0
2025-11-20 02:00,0.2561,0.2561,0.2561,1,1.0
2025-11-20 05:00,0.2549,0.2549,0.2549,1,1.0
2025-11-20 08:00,0.2499,0.2499,0.2499,1,1.0
2025-11-20 11:00,0.2498,0.2498,0.2498,1,1.0
2025-11-20 14:00,0.2624,0.2624,0.2624,1,1.0
2025-11-20 17:00,0.3043,0.3043,0.3043,1,1.0
2025-11-20 20:00,0.3398,0.3398,0.3398,1,1.0
2025-11-20 23:00,0.3175,0.3175,0.3175,1,1.0
2025-11-21 02:00,0.3287,0.3287,0.3287,1,1.0
2025-11-21 05:00,0.3046,0.3046,0.3046,1,1.0
2025-11-21 08:00,0.3215,0.3215,0.3215,1,1.0
2025-11-21 11:00,0.3255,0.3255,0.3255,1,1.0
2025-11-21 14:00,0.3143,0.3143,0.3143,1,1.0
2025-11-21 17:00,0.3108,0.3108,0.3108,1,1.0
2025-11-21 20:00,0.3106,0.3106,0.3106,1,1.0
2025-11-21 23:00,0.357,0.357,0.357,1,1.0
2025-11-22 02:00,0.3545,0.3545,0.3545,1,1.0
2025-11-22 05:00,0.3325,0.3325,0.3325,1,1.0
2025-11-22 08:00,0.3228,0.3228,0.3228,1,1.0
2025-11-22 11:00,0.319,0.319,0.319,1,1.0
2025-11-22 14:00,0.322,0.322,0.322,1,1.0
2025-11-22 17:00,0.3183,0.3183,0.3183,1,1.0
2025-11-22 20:00,0.3242,0.3242,0.3242,1,1.0
2025-11-22 23:00,0.3174,0.3174,0.3174,1,1.0
2025-11-23 02:00,0.3115,0.3115,0.3115,1,1.0
2025-11-23 05:00,0.3085,0.3085,0.3085,1,1.0
2025-11-23 08:00,0.3052,0.3052,0.3052,1,1.0
2025-11-23 11:00,0.2986,0.2986,0.2986,1,1.0
2025-11-23 14:00,0.2883,0.2883,0.2883,1,1.0
2025-11-23 17:00,0.2857,0.2857,0.2857,1,1.0
2025-11-23 20:00,0.2859,0.2859,0.2859,1,1.0
2025-11-23 23:00,0.2861,0.2861,0.2861,1,1.0
2025-11-24 02:00,0.2859,0.2859,0.2859,1,1.0
2025-11-24 05:00,0.2862,0.2862,0.2862,1,1.0
2025-11-24 08:00,0.3014,0.3014,0.3014,1,1.0
2025-11-24 11:00,0.3088,0.3088,0.3088,1,1.0
2025-11-24 14:00,0.3501,0.3501,0.3501,1,1.0
2025-11-24 17:00,0.3458,0.3458,0.3458,1,1.0
2025-11-24 20:00,0.3247,0.3247,0.3247,1,1.0
2025-11-24 23:00,0.3212,0.3212,0.3212,1,1.0
2025-11-25 02:00,0.3225,0.3225,0.3225,1,1.0
2025-11-25 05:00,0.3296,0.3296,0.3296,1,1.0
2025-11-25 08:00,0.3352,0.3352,0.3352,1,1.0
2025-11-25 11:00,0.3369,0.3369,0.3369,1,1.0
2025-11-25 14:00,0.3495,0.3495,0.3495,1,1.0
2025-11-25 17:00,0.3724,0.3724,0.3724,1,1.0
2025-11-25 20:00,0.3521,0.3521,0.3521,1,1.0
2025-11-25 23:00,0.3347,0.3347,0.3347,1,1.0
2025-11-26 02:00,0.3295,0.3295,0.3295,1,1.0
2025-11-26 05:00,0.3256,0.3256,0.3256,1,1.0
2025-11-26 08:00,0.322,0.322,0.322,1,1.0
2025-11-26 11:00,0.3154,0.3154,0.3154,1,1.0
2025-11-26 14:00,0.3082,0.3082,0.3082,1,1.0
2025-11-26 17:00,0.3109,0.3109,0.3109,1,1.0
2025-11-26 20:00,0.3582,0.3582,0.3582,1,1.0
2025-11-26 23:00,0.3476,0.3476,0.3476,1,1.0
2025-11-27 02:00,0.3346,0.3346,0.3346,1,1.0
2025-11-27 08:00,0.329,0.329,0.329,1,1.0
2025-11-27 11:00,0.3237,0.3237,0.3237,1,1.0
2025-11-27 14:00,0.3194,0.3194,0.3194,1,1.0
2025-11-27 17:00,0.3219,0.3219,0.3219,1,1.0
2025-11-28 02:00,0.3233,0.3233,0.3233,1,1.0
2025-11-28 05:00,0.3225,0.3225,0.3225,1,1.0
2025-11-28 08:00,0.3216,0.3216,0.3216,1,1.0
2025-11-28 11:00,0.3169,0.3169,0.3169,1,1.0
2025-11-28 14:00,0.3105,0.3105,0.3105,1,1.0
2025-11-28 17:00,0.3069,0.3069,0.3069,1,1.0
2025-11-28 20:00,0.3081,0.3081,0.3081,1,1.0
2025-11-28 23:00,0.3092,0.3092,0.3092,1,1.0
2025-11-29 02:00,0.3208,0.3208,0.3208,1,1.0
2025-11-29 05:00,0.3243,0.3243,0.3243,1,1.0
2025-11-29 08:00,0.3169,0.3169,0.3169,1,1.0
2025-11-29 11:00,0.3117,0.3117,0.3117,1,1.0
2025-11-29 14:00,0.3055,0.3055,0.3055,1,1.0
2025-11-29 17:00,0.305,0.305,0.305,1,1.0
2025-11-29 20:00,0.3065,0.3065,0.3065,1,1.0
2025-11-29 23:00,0.3076,0.3076,0.3076,1,1.0
2025-11-30 02:00,0.3085,0.3085,0.3085,1,1.0
2025-11-30 05:00,0.309,0.309,0.309,1,1.0
2025-11-30 08:00,0.3088,0.3088,0.3088,1,1.0
2025-11-30 11:00,0.3051,0.3051,0.3051,1,1.0
2025-11-30 14:00,0.2989,0.2989,0.2989,1,1.0
2025-11-30 17:00,0.2979,0.2979,0.2979,1,1.0
2025-11-30 20:00,0.2987,0.2987,0.2987,1,1.0
2025-11-30 23:00,0.3001,0.3001,0.3001,1,1.0
2025-12-01 02:00,0.3014,0.3014,0.3014,1,1.0
2025-12-01 05:00,0.3028,0.3028,0.3028,1,1.0
2025-12-01 08:00,0.3039,0.3039,0.3039,1,1.0
2025-12-01 11:00,0.3015,0.3015,0.3015,1,1.0
2025-12-01 14:00,0.3049,0.3049,0.3049,1,1.0
2025-12-01 17:00,0.3104,0.3104,0.3104,1,1.0
2025-12-01 20:00,0.311,0.311,0.311,1,1.0
2025-12-01 23:00,0.3114,0.3114,0.3114,1,1.0
2025-12-02 02:00,0.3118,0.3118,0.3118,1,1.0
2025-12-02 05:00,0.3138,0.3138,0.3138,1,1.0
2025-12-02 08:00,0.3167,0.3167,0.3167,1,1.0
2025-12-02 11:00,0.3184,0.3184,0.3184,1,1.0
2025-12-02 14:00,0.3232,0.3232,0.3232,1,1.0
2025-12-02 17:00,0.3595,0.3595,0.3595,1,1.0
2025-12-02 20:00,0.3879,0.3879,0.3879,1,1.0
2025-12-02 23:00,0.3551,0.3551,0.3551,1,1.0
2025-12-03 02:00,0.3435,0.3435,0.3435,1,1.0
2025-12-03 05:00,0.3405,0.3405,0.3405,1,1.0
2025-12-03 08:00,0.338,0.338,0.338,1,1.0
2025-12-03 11:00,0.3332,0.3332,0.3332,1,1.0
2025-12-03 14:00,0.3264,0.3264,0.3264,1,1.0
2025-12-03 17:00,0.3251,0.3251,0.3251,1,1.0
2025-12-03 20:00,0.3241,0.3241,0.3241,1,1.0
2025-12-03 23:00,0.3234,0.3234,0.3234,1,1.0
2025-12-04 02:00,0.3265,0.3265,0.3265,1,1.0
2025-12-04 05:00,0.3438,0.3438,0.3438,1,1.0
2025-12-04 08:00,0.3384,0.3384,0.3384,1,1.0
2025-12-04 11:00,0.3332,0.3332,0.3332,1,1.0
2025-12-04 14:00,0.3262,0.3262,0.3262,1,1.0
2025-12-04 17:00,0.3307,0.3307,0.3307,1,1.0
2025-12-04 20:00,0.3339,0.3339,0.3339,1,1.0
2025-12-04 23:00,0.3702,0.3702,0.3702,1,1.0
2025-12-05 02:00,0.3975,0.3975,0.3975,1,1.0
2025-12-05 05:00,0.3746,0.3746,0.3746,1,1.0
2025-12-05 08:00,0.3584,0.3584,0.3584,1,1.0
2025-12-05 11:00,0.3502,0.3502,0.3502,1,1.0
2025-12-05 14:00,0.3456,0.3456,0.3456,1,1.0
2025-12-05 17:00,0.3434,0.3434,0.3434,1,1.0
2025-12-05 20:00,0.3417,0.3417,0.3417,1,1.0
2025-12-05 23:00,0.3406,0.3406,0.3406,1,1.0
2025-12-06 02:00,0.3394,0.3394,0.3394,1,1.0
2025-12-06 05:00,0.3378,0.3378,0.3378,1,1.0
2025-12-06 08:00,0.3233,0.3233,0.3233,1,1.0
2025-12-06 11:00,0.3226,0.3226,0.3226,1,1.0
2025-12-06 14:00,0.32,0.32,0.32,1,1.0
2025-12-06 17:00,0.3249,0.3249,0.3249,1,1.0
2025-12-06 20:00,0.3267,0.3267,0.3267,1,1.0
2025-12-06 23:00,0.3278,0.3278,0.3278,1,1.0
2025-12-07 02:00,0.3304,0.3304,0.3304,1,1.0
2025-12-07 05:00,0.3321,0.3321,0.3321,1,1.0
2025-12-07 08:00,0.3283,0.3283,0.3283,1,1.0
2025-12-07 11:00,0.3276,0.3276,0.3276,1,1.0
2025-12-07 14:00,0.3246,0.3246,0.3246,1,1.0
2025-12-07 17:00,0.3243,0.3243,0.3243,1,1.0
2025-12-07 20:00,0.323,0.323,0.323,1,1.0
2025-12-07 23:00,0.3248,0.3248,0.3248,1,1.0
2025-12-08 02:00,0.3302,0.3302,0.3302,1,1.0
2025-12-08 05:00,0.3344,0.3344,0.3344,1,1.0
2025-12-08 08:00,0.3344,0.3344,0.3344,1,1.0
2025-12-08 11:00,0.3316,0.3316,0.3316,1,1.0
2025-12-08 14:00,0.3277,0.3277,0.3277,1,1.0
2025-12-08 17:00,0.3277,0.3277,0.3277,1,1.0
2025-12-08 20:00,0.328,0.328,0.328,1,1.0
2025-12-08 23:00,0.3279,0.3279,0.3279,1,1.0
2025-12-09 02:00,0.3287,0.3287,0.3287,1,1.0
2025-12-09 05:00,0.3294,0.3294,0.3294,1,1.0
2025-12-09 08:00,0.3235,0.3235,0.3235,1,1.0
2025-12-09 11:00,0.3212,0.3212,0.3212,1,1.0
2025-12-09 14:00,0.3171,0.3171,0.3171,1,1.0
2025-12-09 17:00,0.318,0.318,0.318,1,1.0
2025-12-09 20:00,0.319,0.319,0.319,1,1.0
2025-12-09 23:00,0.3193,0.3193,0.3193,1,1.0
2025-12-10 02:00,0.32,0.32,0.32,1,1.0
2025-12-10 05:00,0.3207,0.3207,0.3207,1,1.0
2025-12-10 08:00,0.3214,0.3214,0.3214,1,1.0
2025-12-10 11:00,0.3199,0.3199,0.3199,1,1.0
2025-12-10 14:00,0.3169,0.3169,0.3169,1,1.0
2025-12-10 17:00,0.3176,0.3176,0.3176,1,1.0
2025-12-10 20:00,0.3194,0.3194,0.3194,1,1.0
2025-12-10 23:00,0.3208,0.3208,0.3208,1,1.0
2025-12-11 02:00,0.3216,0.3216,0.3216,1,1.0
2025-12-11 05:00,0.3224,0.3224,0.3224,1,1.0
2025-12-11 08:00,0.3219,0.3219,0.3219,1,1.0
2025-12-11 11:00,0.3192,0.3192,0.3192,1,1.0
2025-12-11 14:00,0.3149,0.3149,0.3149,1,1.0
2025-12-11 17:00,0.3149,0.3149,0.3149,1,1.0
2025-12-11 20:00,0.3166,0.3166,0.3166,1,1.0
2025-12-11 23:00,0.3177,0.3177,0.3177,1,1.0
2025-12-12 02:00,0.3184,0.3184,0.3184,1,1.0
2025-12-12 05:00,0.32,0.32,0.32,1,1.0
2025-12-12 08:00,0.3221,0.3221,0.3221,1,1.0
2025-12-12 11:00,0.321,0.321,0.321,1,1.0
2025-12-12 14:00,0.318,0.318,0.318,1,1.0
2025-12-12 17:00,0.3186,0.3186,0.3186,1,1.0
2025-12-12 20:00,0.3192,0.3192,0.3192,1,1.0
2025-12-12 23:00,0.3205,0.3205,0.3205,1,1.0
2025-12-13 02:00,0.3216,0.3216,0.3216,1,1.0
2025-12-13 05:00,0.3222,0.3222,0.3222,1,1.0
2025-12-13 08:00,0.3228,0.3228,0.3228,1,1.0
2025-12-13 11:00,0.3208,0.3208,0.3208,1,1.0
2025-12-13 14:00,0.3171,0.3171,0.3171,1,1.0
2025-12-13 17:00,0.3176,0.3176,0.3176,1,1.0
2025-12-13 20:00,0.3197,0.3197,0.3197,1,1.0
2025-12-13 23:00,0.3214,0.3214,0.3214,1,1.0
2025-12-14 02:00,0.3225,0.3225,0.3225,1,1.0
2025-12-14 05:00,0.3234,0.3234,0.3234,1,1.0
2025-12-14 08:00,0.3166,0.3166,0.3166,1,1.0
2025-12-14 11:00,0.3153,0.3153,0.3153,1,1.0
2025-12-14 14:00,0.3119,0.3119,0.3119,1,1.0
2025-12-14 17:00,0.308,0.308,0.308,1,1.0
2025-12-14 20:00,0.3107,0.3107,0.3107,1,1.0
2025-12-14 23:00,0.3132,0.3132,0.3132,1,1.0
2025-12-15 02:00,0.3153,0.3153,0.3153,1,1.0
2025-12-15 05:00,0.317,0.317,0.317,1,1.0
2025-12-15 08:00,0.3178,0.3178,0.3178,1,1.0
2025-12-15 11:00,0.3154,0.3154,0.3154,1,1.0
2025-12-15 14:00,0.3107,0.3107,0.3107,1,1.0
2025-12-15 17:00,0.3108,0.3108,0.3108,1,1.0
2025-12-15 20:00,0.3129,0.3129,0.3129,1,1.0
2025-12-15 23:00,0.3143,0.3143,0.3143,1,1.0
2025-12-16 02:00,0.3317,0.3317,0.3317,1,1.0
2025-12-16 05:00,0.3371,0.3371,0.3371,1,1.0
2025-12-16 08:00,0.3337,0.3337,0.3337,1,1.0
2025-12-16 11:00,0.3318,0.3318,0.3318,1,1.0
2025-12-16 14:00,0.3298,0.3298,0.3298,1,1.0
2025-12-16 17:00,0.3289,0.3289,0.3289,1,1.0
2025-12-16 20:00,0.3306,0.3306,0.3306,1,1.0
2025-12-16 23:00,0.342,0.342,0.342,1,1.0
2025-12-17 02:00,0.3521,0.3521,0.3521,1,1.0
2025-12-17 05:00,0.3461,0.3461,0.3461,1,1.0
2025-12-17 08:00,0.3427,0.3427,0.3427,1,1.0
2025-12-17 11:00,0.3392,0.3392,0.3392,1,1.0
2025-12-17 14:00,0.3335,0.3335,0.3335,1,1.0
2025-12-17 17:00,0.3301,0.3301,0.3301,1,1.0
2025-12-17 20:00,0.3297,0.3297,0.3297,1,1.0
2025-12-17 23:00,0.3299,0.3299,0.3299,1,1.0
2025-12-18 02:00,0.3302,0.3302,0.3302,1,1.0
2025-12-18 05:00,0.3304,0.3304,0.3304,1,1.0
2025-12-18 08:00,0.33,0.33,0.33,1,1.0
2025-12-18 11:00,0.3267,0.3267,0.3267,1,1.0
2025-12-18 14:00,0.3224,0.3224,0.3224,1,1.0
2025-12-18 17:00,0.3226,0.3226,0.3226,1,1.0
2025-12-18 20:00,0.3237,0.3237,0.3237,1,1.0
2025-12-18 23:00,0.3244,0.3244,0.3244,1,1.0
2025-12-19 02:00,0.3247,0.3247,0.3247,1,1.0
2025-12-19 05:00,0.3248,0.3248,0.3248,1,1.0
2025-12-19 08:00,0.3241,0.3241,0.3241,1,1.0
2025-12-19 11:00,0.3202,0.3202,0.3202,1,1.0
2025-12-19 14:00,0.3145,0.3145,0.3145,1,1.0
2025-12-19 17:00,0.3145,0.3145,0.3145,1,1.0
2025-12-19 20:00,0.3154,0.3154,0.3154,1,1.0
2025-12-19 23:00,0.3158,0.3158,0.3158,1,1.0
2025-12-20 02:00,0.3188,0.3188,0.3188,1,1.0
2025-12-20 05:00,0.321,0.321,0.321,1,1.0
2025-12-20 08:00,0.3192,0.3192,0.3192,1,1.0
2025-12-20 11:00,0.3173,0.3173,0.3173,1,1.0
2025-12-20 14:00,0.3125,0.3125,0.3125,1,1.0
2025-12-20 17:00,0.312,0.312,0.312,1,1.0
2025-12-20 20:00,0.3101,0.3101,0.3101,1,1.0
2025-12-20 23:00,0.3123,0.3123,0.3123,1,1.0
2025-12-21 02:00,0.3142,0.3142,0.3142,1,1.0
2025-12-21 05:00,0.3157,0.3157,0.3157,1,1.0
2025-12-21 08:00,0.3168,0.3168,0.3168,1,1.0
2025-12-21 11:00,0.3142,0.3142,0.3142,1,1.0
2025-12-21 14:00,0.3093,0.3093,0.3093,1,1.0
2025-12-21 17:00,0.3097,0.3097,0.3097,1,1.0
2025-12-21 20:00,0.3111,0.3111,0.3111,1,1.0
2025-12-21 23:00,0.312,0.312,0.312,1,1.0
2025-12-22 02:00,0.3137,0.3137,0.3137,1,1.0
2025-12-22 05:00,0.3157,0.3157,0.3157,1,1.0
2025-12-22 08:00,0.3163,0.3163,0.3163,1,1.0
2025-12-22 11:00,0.3151,0.3151,0.3151,1,1.0
2025-12-22 14:00,0.3111,0.3111,0.3111,1,1.0
2025-12-22 17:00,0.31,0.31,0.31,1,1.0
2025-12-22 20:00,0.3122,0.3122,0.3122,1,1.0
2025-12-22 23:00,0.3132,0.3132,0.3132,1,1.0
2025-12-23 02:00,0.3141,0.3141,0.3141,1,1.0
2025-12-23 05:00,0.3154,0.3154,0.3154,1,1.0
2025-12-23 08:00,0.3159,0.3159,0.3159,1,1.0
2025-12-23 11:00,0.3138,0.3138,0.3138,1,1.0
2025-12-23 14:00,0.3113,0.3113,0.3113,1,1.0
2025-12-23 17:00,0.316,0.316,0.316,1,1.0
2025-12-23 20:00,0.3224,0.3224,0.3224,1,1.0
2025-12-23 23:00,0.3304,0.3304,0.3304,1,1.0
2025-12-24 02:00,0.3396,0.3396,0.3396,1,1.0
2025-12-24 05:00,0.3374,0.3374,0.3374,1,1.0
2025-12-24 08:00,0.3516,0.3516,0.3516,1,1.0
2025-12-24 11:00,0.3643,0.3643,0.3643,1,1.0
2025-12-24 14:00,0.3547,0.3547,0.3547,1,1.0
2025-12-24 17:00,0.348,0.348,0.348,1,1.0
2025-12-24 20:00,0.3441,0.3441,0.3441,1,1.0
2025-12-24 23:00,0.3409,0.3409,0.3409,1,1.0
2025-12-25 02:00,0.3386,0.3386,0.3386,1,1.0
2025-12-25 05:00,0.3366,0.3366,0.3366,1,1.0
2025-12-25 08:00,0.3324,0.3324,0.3324,1,1.0
2025-12-25 11:00,0.3281,0.3281,0.3281,1,1.0
2025-12-25 14:00,0.3211,0.3211,0.3211,1,1.0
2025-12-25 17:00,0.3196,0.3196,0.3196,1,1.0
2025-12-25 20:00,0.3216,0.3216,0.3216,1,1.0
2025-12-25 23:00,0.3231,0.3231,0.3231,1,1.0
2025-12-26 02:00,0.3244,0.3244,0.3244,1,1.0
2025-12-26 05:00,0.3249,0.3249,0.3249,1,1.0
2025-12-26 08:00,0.3251,0.3251,0.3251,1,1.0
2025-12-26 11:00,0.3233,0.3233,0.3233,1,1.0
2025-12-26 14:00,0.3182,0.3182,0.3182,1,1.0
2025-12-26 17:00,0.3176,0.3176,0.3176,1,1.0
2025-12-26 20:00,0.319,0.319,0.319,1,1.0
2025-12-26 23:00,0.3203,0.3203,0.3203,1,1.0
2025-12-27 02:00,0.3207,0.3207,0.3207,1,1.0
2025-12-27 05:00,0.3199,0.3199,0.3199,1,1.0
2025-12-27 08:00,0.3191,0.3191,0.3191,1,1.0
2025-12-27 11:00,0.3152,0.3152,0.3152,1,1.0
2025-12-27 14:00,0.3093,0.3093,0.3093,1,1.0
2025-12-27 17:00,0.3082,0.3082,0.3082,1,1.0
2025-12-27 20:00,0.3101,0.3101,0.3101,1,1.0
2025-12-27 23:00,0.3128,0.3128,0.3128,1,1.0
2025-12-28 02:00,0.3147,0.3147,0.3147,1,1.0
2025-12-28 05:00,0.3162,0.3162,0.3162,1,1.0
2025-12-28 08:00,0.3177,0.3177,0.3177,1,1.0
2025-12-28 11:00,0.3155,0.3155,0.3155,1,1.0
2025-12-28 14:00,0.3099,0.3099,0.3099,1,1.0
2025-12-28 17:00,0.3093,0.3093,0.3093,1,1.0
2025-12-28 20:00,0.3107,0.3107,0.3107,1,1.0
2025-12-28 23:00,0.3122,0.3122,0.3122,1,1.0
2025-12-29 02:00,0.3136,0.3136,0.3136,1,1.0
2025-12-29 05:00,0.3146,0.3146,0.3146,1,1.0
2025-12-29 08:00,0.3148,0.3148,0.3148,1,1.0
2025-12-29 11:00,0.3113,0.3113,0.3113,1,1.0
2025-12-29 14:00,0.3052,0.3052,0.3052,1,1.0
2025-12-29 17:00,0.3049,0.3049,0.3049,1,1.0
2025-12-29 20:00,0.3066,0.3066,0.3066,1,1.0
2025-12-29 23:00,0.3084,0.3084,0.3084,1,1.0
2025-12-30 02:00,0.3098,0.3098,0.3098,1,1.0
2025-12-30 05:00,0.311,0.311,0.311,1,1.0
2025-12-30 08:00,0.3118,0.3118,0.3118,1,1.0
2025-12-30 11:00,0.3094,0.3094,0.3094,1,1.0
2025-12-30 14:00,0.304,0.304,0.304,1,1.0
2025-12-30 17:00,0.3058,0.3058,0.3058,1,1.0
2025-12-30 20:00,0.3082,0.3082,0.3082,1,1.0
2025-12-30 23:00,0.3104,0.3104,0.3104,1,1.0
2025-12-31 02:00,0.3123,0.3123,0.3123,1,1.0
2025-12-31 05:00,0.3126,0.3126,0.3126,1,1.0
2025-12-31 08:00,0.3069,0.3069,0.3069,1,1.0
2025-12-31 11:00,0.3014,0.3014,0.3014,1,1.0
2025-12-31 14:00,0.2946,0.2946,0.2946,1,1.0
2025-12-31 17:00,0.2939,0.2939,0.2939,1,1.0
2025-12-31 20:00,0.2857,0.2857,0.2857,1,1.0
2025-12-31 23:00,0.2889,0.2889,0.2889,1,1.0
2026-01-01 02:00,0.2921,0.2921,0.2921,1,1.0
2026-01-01 05:00,0.2948,0.2948,0.2948,1,1.0
2026-01-01 08:00,0.2972,0.2972,0.2972,1,1.0
2026-01-01 11:00,0.2962,0.2962,0.2962,1,1.0
2026-01-01 14:00,0.2923,0.2923,0.2923,1,1.0
2026-01-01 17:00,0.2932,0.2932,0.2932,1,1.0
2026-01-01 20:00,0.2961,0.2961,0.2961,1,1.0
2026-01-01 23:00,0.2993,0.2993,0.2993,1,1.0
2026-01-02 02:00,0.3056,0.3056,0.3056,1,1.0
2026-01-02 05:00,0.3095,0.3095,0.3095,1,1.0
2026-01-02 08:00,0.3118,0.3118,0.3118,1,1.0
2026-01-02 11:00,0.3116,0.3116,0.3116,1,1.0
2026-01-02 14:00,0.309,0.309,0.309,1,1.0
2026-01-02 17:00,0.3054,0.3054,0.3054,1,1.0
2026-01-02 20:00,0.31,0.31,0.31,1,1.0
2026-01-02 23:00,0.311,0.311,0.311,1,1.0
2026-01-03 02:00,0.3123,0.3123,0.3123,1,1.0
2026-01-03 05:00,0.3139,0.3139,0.3139,1,1.0
2026-01-03 08:00,0.3152,0.3152,0.3152,1,1.0
2026-01-03 11:00,0.3157,0.3157,0.3157,1,1.0
2026-01-03 14:00,0.3157,0.3157,0.3157,1,1.0
2026-01-03 17:00,0.3164,0.3164,0.3164,1,1.0
2026-01-03 20:00,0.3168,0.3168,0.3168,1,1.0
2026-01-03 23:00,0.3169,0.3169,0.3169,1,1.0
2026-01-04 02:00,0.3173,0.3173,0.3173,1,1.0
2026-01-04 05:00,0.3188,0.3188,0.3188,1,1.0
2026-01-04 08:00,0.3254,0.3254,0.3254,1,1.0
2026-01-04 11:00,0.3289,0.3289,0.3289,1,1.0
2026-01-04 14:00,0.332,0.332,0.332,1,1.0
2026-01-04 17:00,0.3334,0.3334,0.3334,1,1.0
2026-01-04 20:00,0.3365,0.3365,0.3365,1,1.0
2026-01-04 23:00,0.3417,0.3417,0.3417,1,1.0
2026-01-05 02:00,0.3408,0.3408,0.3408,1,1.0
2026-01-05 05:00,0.3503,0.3503,0.3503,1,1.0
2026-01-05 08:00,0.3467,0.3467,0.3467,1,1.0
2026-01-05 11:00,0.3401,0.3401,0.3401,1,1.0
2026-01-05 14:00,0.3339,0.3339,0.3339,1,1.0
2026-01-05 17:00,0.333,0.333,0.333,1,1.0
2026-01-05 20:00,0.3313,0.3313,0.3313,1,1.0
2026-01-05 23:00,0.3318,0.3318,0.3318,1,1.0
2026-01-06 02:00,0.3395,0.3395,0.3395,1,1.0
2026-01-06 05:00,0.346,0.346,0.346,1,1.0
2026-01-06 08:00,0.3438,0.3438,0.3438,1,1.0
2026-01-06 11:00,0.3376,0.3376,0.3376,1,1.0
2026-01-06 14:00,0.3382,0.3382,0.3382,1,1.0
2026-01-06 17:00,0.3425,0.3425,0.3425,1,1.0
2026-01-06 20:00,0.3432,0.3432,0.3432,1,1.0
2026-01-06 23:00,0.3389,0.3389,0.3389,1,1.0
2026-01-07 02:00,0.3362,0.3362,0.3362,1,1.0
2026-01-07 05:00,0.3344,0.3344,0.3344,1,1.0
2026-01-07 08:00,0.3408,0.3408,0.3408,1,1.0
2026-01-07 11:00,0.3466,0.3466,0.3466,1,1.0
2026-01-07 14:00,0.3454,0.3454,0.3454,1,1.0
2026-01-07 17:00,0.3466,0.3466,0.3466,1,1.0
2026-01-07 20:00,0.343,0.343,0.343,1,1.0
2026-01-07 23:00,0.34,0.34,0.34,1,1.0
2026-01-08 02:00,0.3367,0.3367,0.3367,1,1.0
2026-01-08 05:00,0.335,0.335,0.335,1,1.0
2026-01-08 08:00,0.3339,0.3339,0.3339,1,1.0
2026-01-08 11:00,0.3288,0.3288,0.3288,1,1.0
2026-01-08 14:00,0.3201,0.3201,0.3201,1,1.0
2026-01-08 17:00,0.319,0.319,0.319,1,1.0
2026-01-08 20:00,0.3205,0.3205,0.3205,1,1.0
2026-01-08 23:00,0.3219,0.3219,0.3219,1,1.0
2026-01-09 02:00,0.3246,0.3246,0.3246,1,1.0
2026-01-09 05:00,0.3266,0.3266,0.3266,1,1.0
2026-01-09 08:00,0.3316,0.3316,0.3316,1,1.0
2026-01-09 11:00,0.3366,0.3366,0.3366,1,1.0
2026-01-09 14:00,0.3392,0.3392,0.3392,1,1.0
2026-01-09 17:00,0.3562,0.3562,0.3562,1,1.0
2026-01-09 20:00,0.3476,0.3476,0.3476,1,1.0
2026-01-09 23:00,0.3504,0.3504,0.3504,1,1.0
2026-01-10 02:00,0.3684,0.3684,0.3684,1,1.0
2026-01-10 05:00,0.364,0.364,0.364,1,1.0
2026-01-10 08:00,0.3575,0.3575,0.3575,1,1.0
2026-01-10 11:00,0.3597,0.3597,0.3597,1,1.0
2026-01-10 14:00,0.3603,0.3603,0.3603,1,1.0
2026-01-10 17:00,0.3526,0.3526,0.3526,1,1.0
2026-01-10 20:00,0.349,0.349,0.349,1,1.0
2026-01-10 23:00,0.3465,0.3465,0.3465,1,1.0
2026-01-11 02:00,0.3447,0.3447,0.3447,1,1.0
2026-01-11 05:00,0.3436,0.3436,0.3436,1,1.0
2026-01-11 08:00,0.3423,0.3423,0.3423,1,1.0
2026-01-11 11:00,0.3384,0.3384,0.3384,1,1.0
2026-01-11 14:00,0.3326,0.3326,0.3326,1,1.0
2026-01-11 17:00,0.3305,0.3305,0.3305,1,1.0
2026-01-11 20:00,0.3298,0.3298,0.3298,1,1.0
2026-01-11 23:00,0.3296,0.3296,0.3296,1,1.0
2026-01-12 02:00,0.3296,0.3296,0.3296,1,1.0
2026-01-12 05:00,0.33,0.33,0.33,1,1.0
2026-01-12 08:00,0.3304,0.3304,0.3304,1,1.0
2026-01-12 11:00,0.3279,0.3279,0.3279,1,1.0
2026-01-12 14:00,0.3227,0.3227,0.3227,1,1.0
2026-01-12 17:00,0.322,0.322,0.322,1,1.0
2026-01-12 20:00,0.3236,0.3236,0.3236,1,1.0
2026-01-12 23:00,0.3248,0.3248,0.3248,1,1.0
2026-01-13 02:00,0.3263,0.3263,0.3263,1,1.0
2026-01-13 05:00,0.3269,0.3269,0.3269,1,1.0
2026-01-13 08:00,0.3271,0.3271,0.3271,1,1.0
2026-01-13 11:00,0.3256,0.3256,0.3256,1,1.0
2026-01-13 14:00,0.3237,0.3237,0.3237,1,1.0
2026-01-13 17:00,0.3248,0.3248,0.3248,1,1.0
2026-01-13 20:00,0.3261,0.3261,0.3261,1,1.0
2026-01-13 23:00,0.3274,0.3274,0.3274,1,1.0
2026-01-14 02:00,0.3286,0.3286,0.3286,1,1.0
2026-01-14 05:00,0.3288,0.3288,0.3288,1,1.0
2026-01-14 08:00,0.3289,0.3289,0.3289,1,1.0
2026-01-14 11:00,0.3279,0.3279,0.3279,1,1.0
2026-01-14 14:00,0.3251,0.3251,0.3251,1,1.0
2026-01-14 17:00,0.3242,0.3242,0.3242,1,1.0
2026-01-14 20:00,0.3246,0.3246,0.3246,1,1.0
2026-01-14 23:00,0.3252,0.3252,0.3252,1,1.0
2026-01-15 02:00,0.3256,0.3256,0.3256,1,1.0
2026-01-15 05:00,0.3263,0.3263,0.3263,1,1.0
2026-01-15 08:00,0.3274,0.3274,0.3274,1,1.0
2026-01-15 11:00,0.3257,0.3257,0.3257,1,1.0
2026-01-15 14:00,0.3211,0.3211,0.3211,1,1.0
2026-01-15 17:00,0.3205,0.3205,0.3205,1,1.0
2026-01-15 20:00,0.3217,0.3217,0.3217,1,1.0
2026-01-15 23:00,0.3229,0.3229,0.3229,1,1.0
2026-01-16 02:00,0.3237,0.3237,0.3237,1,1.0
2026-01-16 05:00,0.3246,0.3246,0.3246,1,1.0
2026-01-16 08:00,0.326,0.326,0.326,1,1.0
2026-01-16 11:00,0.3245,0.3245,0.3245,1,1.0
2026-01-16 14:00,0.3194,0.3194,0.3194,1,1.0
2026-01-16 17:00,0.3182,0.3182,0.3182,1,1.0
2026-01-16 20:00,0.3177,0.3177,0.3177,1,1.0
2026-01-16 23:00,0.3186,0.3186,0.3186,1,1.0
2026-01-17 02:00,0.3203,0.3203,0.3203,1,1.0
2026-01-17 05:00,0.322,0.322,0.322,1,1.0
2026-01-17 08:00,0.3234,0.3234,0.3234,1,1.0
2026-01-17 11:00,0.3223,0.3223,0.3223,1,1.0
2026-01-17 14:00,0.3173,0.3173,0.3173,1,1.0
2026-01-17 17:00,0.3176,0.3176,0.3176,1,1.0
2026-01-17 20:00,0.319,0.319,0.319,1,1.0
2026-01-17 23:00,0.3205,0.3205,0.3205,1,1.0
2026-01-18 02:00,0.3223,0.3223,0.3223,1,1.0
2026-01-18 05:00,0.3237,0.3237,0.3237,1,1.0
2026-01-18 08:00,0.3245,0.3245,0.3245,1,1.0
2026-01-18 11:00,0.3249,0.3249,0.3249,1,1.0
2026-01-18 14:00,0.3249,0.3249,0.3249,1,1.0
2026-01-18 17:00,0.3245,0.3245,0.3245,1,1.0
2026-01-18 20:00,0.3237,0.3237,0.3237,1,1.0
2026-01-18 23:00,0.3328,0.3328,0.3328,1,1.0
2026-01-19 02:00,0.3409,0.3409,0.3409,1,1.0
2026-01-19 05:00,0.3718,0.3718,0.3718,1,1.0
2026-01-19 08:00,0.3693,0.3693,0.3693,1,1.0
2026-01-19 11:00,0.36,0.36,0.36,1,1.0
2026-01-19 14:00,0.3561,0.3561,0.3561,1,1.0
2026-01-19 17:00,0.3514,0.3514,0.3514,1,1.0
2026-01-19 20:00,0.3483,0.3483,0.3483,1,1.0
2026-01-19 23:00,0.346,0.346,0.346,1,1.0
2026-01-20 02:00,0.344,0.344,0.344,1,1.0
2026-01-20 05:00,0.3429,0.3429,0.3429,1,1.0
2026-01-20 08:00,0.3414,0.3414,0.3414,1,1.0
2026-01-20 11:00,0.338,0.338,0.338,1,1.0
2026-01-20 14:00,0.3344,0.3344,0.3344,1,1.0
2026-01-20 17:00,0.3365,0.3365,0.3365,1,1.0
2026-01-20 20:00,0.3479,0.3479,0.3479,1,1.0
2026-01-20 23:00,0.3606,0.3606,0.3606,1,1.0
2026-01-21 02:00,0.3622,0.3622,0.3622,1,1.0
2026-01-21 05:00,0.3546,0.3546,0.3546,1,1.0
2026-01-21 08:00,0.3501,0.3501,0.3501,1,1.0
2026-01-21 11:00,0.3469,0.3469,0.3469,1,1.0
2026-01-21 14:00,0.343,0.343,0.343,1,1.0
2026-01-21 17:00,0.3411,0.3411,0.3411,1,1.0
2026-01-21 20:00,0.3405,0.3405,0.3405,1,1.0
2026-01-21 23:00,0.3407,0.3407,0.3407,1,1.0
2026-01-22 02:00,0.3475,0.3475,0.3475,1,1.0
2026-01-22 05:00,0.348,0.348,0.348,1,1.0
2026-01-22 08:00,0.3458,0.3458,0.3458,1,1.0
2026-01-22 11:00,0.3424,0.3424,0.3424,1,1.0
2026-01-22 14:00,0.3389,0.3389,0.3389,1,1.0
2026-01-22 17:00,0.3379,0.3379,0.3379,1,1.0
2026-01-22 20:00,0.3382,0.3382,0.3382,1,1.0
2026-01-22 23:00,0.3386,0.3386,0.3386,1,1.0
2026-01-23 02:00,0.338,0.338,0.338,1,1.0
2026-01-23 05:00,0.3373,0.3373,0.3373,1,1.0
2026-01-23 08:00,0.337,0.337,0.337,1,1.0
2026-01-23 11:00,0.3352,0.3352,0.3352,1,1.0
2026-01-23 14:00,0.331,0.331,0.331,1,1.0
2026-01-23 17:00,0.3298,0.3298,0.3298,1,1.0
2026-01-23 20:00,0.331,0.331,0.331,1,1.0
2026-01-23 23:00,0.3324,0.3324,0.3324,1,1.0
2026-01-24 02:00,0.3369,0.3369,0.3369,1,1.0
2026-01-24 05:00,0.347,0.347,0.347,1,1.0
2026-01-24 08:00,0.3597,0.3597,0.3597,1,1.0
2026-01-24 11:00,0.3603,0.3603,0.3603,1,1.0
2026-01-24 14:00,0.3561,0.3561,0.3561,1,1.0
2026-01-24 17:00,0.3525,0.3525,0.3525,1,1.0
2026-01-24 20:00,0.3495,0.3495,0.3495,1,1.0
2026-01-24 23:00,0.3488,0.3488,0.3488,1,1.0
2026-01-25 02:00,0.3494,0.3494,0.3494,1,1.0
2026-01-25 05:00,0.3612,0.3612,0.3612,1,1.0
2026-01-25 08:00,0.3798,0.3798,0.3798,1,1.0
2026-01-25 11:00,0.3708,0.3708,0.3708,1,1.0
2026-01-25 14:00,0.3587,0.3587,0.3587,1,1.0
2026-01-25 17:00,0.3544,0.3544,0.3544,1,1.0
2026-01-25 20:00,0.3628,0.3628,0.3628,1,1.0
2026-01-25 23:00,0.3598,0.3598,0.3598,1,1.0
2026-01-26 02:00,0.3562,0.3562,0.3562,1,1.0
2026-01-26 05:00,0.3537,0.3537,0.3537,1,1.0
2026-01-26 08:00,0.3525,0.3525,0.3525,1,1.0
2026-01-26 11:00,0.3517,0.3517,0.3517,1,1.0
2026-01-26 14:00,0.3545,0.3545,0.3545,1,1.0
2026-01-26 17:00,0.3711,0.3711,0.3711,1,1.0
2026-01-26 20:00,0.3623,0.3623,0.3623,1,1.0
2026-01-26 23:00,0.3578,0.3578,0.3578,1,1.0
2026-01-27 02:00,0.3551,0.3551,0.3551,1,1.0
2026-01-27 05:00,0.3528,0.3528,0.3528,1,1.0
2026-01-27 08:00,0.3505,0.3505,0.3505,1,1.0
2026-01-27 11:00,0.3478,0.3478,0.3478,1,1.0
2026-01-27 14:00,0.3456,0.3456,0.3456,1,1.0
2026-01-27 17:00,0.3451,0.3451,0.3451,1,1.0
2026-01-27 20:00,0.3453,0.3453,0.3453,1,1.0
2026-01-27 23:00,0.3454,0.3454,0.3454,1,1.0
2026-01-28 02:00,0.3456,0.3456,0.3456,1,1.0
2026-01-28 05:00,0.3485,0.3485,0.3485,1,1.0
2026-01-28 08:00,0.3822,0.3822,0.3822,1,1.0
2026-01-28 11:00,0.3978,0.3978,0.3978,1,1.0
2026-01-28 14:00,0.3733,0.3733,0.3733,1,1.0
2026-01-28 17:00,0.3663,0.3663,0.3663,1,1.0
2026-01-28 20:00,0.3637,0.3637,0.3637,1,1.0
2026-01-28 23:00,0.362,0.362,0.362,1,1.0
2026-01-29 02:00,0.37,0.37,0.37,1,1.0
2026-01-29 05:00,0.3784,0.3784,0.3784,1,1.0
2026-01-29 08:00,0.3704,0.3704,0.3704,1,1.0
2026-01-29 11:00,0.3649,0.3649,0.3649,1,1.0
2026-01-29 14:00,0.3627,0.3627,0.3627,1,1.0
2026-01-29 17:00,0.3611,0.3611,0.3611,1,1.0
2026-01-29 20:00,0.3594,0.3594,0.3594,1,1.0
2026-01-29 23:00,0.3586,0.3586,0.3586,1,1.0
2026-01-30 02:00,0.3577,0.3577,0.3577,1,1.0
2026-01-30 05:00,0.3565,0.3565,0.3565,1,1.0
2026-01-30 08:00,0.3549,0.3549,0.3549,1,1.0
2026-01-30 11:00,0.3534,0.3534,0.3534,1,1.0
2026-01-30 14:00,0.3533,0.3533,0.3533,1,1.0
2026-01-30 17:00,0.3564,0.3564,0.3564,1,1.0
2026-01-30 20:00,0.3559,0.3559,0.3559,1,1.0
2026-01-30 23:00,0.3559,0.3559,0.3559,1,1.0
2026-01-31 02:00,0.355,0.355,0.355,1,1.0
2026-01-31 05:00,0.3543,0.3543,0.3543,1,1.0
2026-01-31 08:00,0.3522,0.3522,0.3522,1,1.0
2026-01-31 11:00,0.3514,0.3514,0.3514,1,1.0
2026-01-31 14:00,0.3503,0.3503,0.3503,1,1.0
2026-01-31 17:00,0.3514,0.3514,0.3514,1,1.0
2026-01-31 20:00,0.3509,0.3509,0.3509,1,1.0
2026-01-31 23:00,0.3497,0.3497,0.3497,1,1.0
2026-02-01 02:00,0.3489,0.3489,0.3489,1,1.0
2026-02-01 05:00,0.3487,0.3487,0.3487,1,1.0
2026-02-01 08:00,0.3456,0.3456,0.3456,1,1.0
2026-02-01 11:00,0.3453,0.3453,0.3453,1,1.0
2026-02-01 14:00,0.3442,0.3442,0.3442,1,1.0
2026-02-01 17:00,0.3443,0.3443,0.3443,1,1.0
2026-02-01 20:00,0.345,0.345,0.345,1,1.0
2026-02-01 23:00,0.345,0.345,0.345,1,1.0
2026-02-02 02:00,0.3455,0.3455,0.3455,1,1.0
2026-02-02 05:00,0.3456,0.3456,0.3456,1,1.0
2026-02-02 08:00,0.3451,0.3451,0.3451,1,1.0
2026-02-02 11:00,0.3425,0.3425,0.3425,1,1.0
2026-02-02 14:00,0.3404,0.3404,0.3404,1,1.0
2026-02-02 17:00,0.3402,0.3402,0.3402,1,1.0
2026-02-02 20:00,0.3451,0.3451,0.3451,1,1.0
2026-02-02 23:00,0.3479,0.3479,0.3479,1,1.0
2026-02-03 02:00,0.3549,0.3549,0.3549,1,1.0
2026-02-03 05:00,0.3554,0.3554,0.3554,1,1.0
2026-02-03 08:00,0.3532,0.3532,0.3532,1,1.0
2026-02-03 11:00,0.3508,0.3508,0.3508,1,1.0
2026-02-03 14:00,0.3483,0.3483,0.3483,1,1.0
2026-02-03 17:00,0.3476,0.3476,0.3476,1,1.0
2026-02-03 20:00,0.3475,0.3475,0.3475,1,1.0
2026-02-03 23:00,0.3468,0.3468,0.3468,1,1.0
2026-02-04 02:00,0.3529,0.3529,0.3529,1,1.0
2026-02-04 05:00,0.3537,0.3537,0.3537,1,1.0
2026-02-04 08:00,0.3515,0.3515,0.3515,1,1.0
2026-02-04 11:00,0.3777,0.3777,0.3777,1,1.0
2026-02-04 14:00,0.3998,0.3998,0.3998,1,1.0
2026-02-04 17:00,0.3888,0.3888,0.3888,1,1.0
2026-02-04 20:00,0.3795,0.3795,0.3795,1,1.0
2026-02-04 23:00,0.382,0.382,0.382,1,1.0
2026-02-05 02:00,0.387,0.387,0.387,1,1.0
2026-02-05 05:00,0.3784,0.3784,0.3784,1,1.0
2026-02-05 08:00,0.3719,0.3719,0.3719,1,1.0
2026-02-05 11:00,0.3697,0.3697,0.3697,1,1.0
2026-02-05 14:00,0.3687,0.3687,0.3687,1,1.0
2026-02-05 17:00,0.3663,0.3663,0.3663,1,1.0
2026-02-05 20:00,0.3641,0.3641,0.3641,1,1.0
2026-02-05 23:00,0.3646,0.3646,0.3646,1,1.0
2026-02-06 02:00,0.3839,0.3839,0.3839,1,1.0
2026-02-06 05:00,0.3804,0.3804,0.3804,1,1.0
2026-02-06 08:00,0.373,0.373,0.373,1,1.0
2026-02-06 11:00,0.3724,0.3724,0.3724,1,1.0
2026-02-06 14:00,0.37,0.37,0.37,1,1.0
2026-02-06 17:00,0.3693,0.3693,0.3693,1,1.0
2026-02-06 20:00,0.3653,0.3653,0.3653,1,1.0
2026-02-06 23:00,0.3633,0.3633,0.3633,1,1.0
2026-02-07 02:00,0.3621,0.3621,0.3621,1,1.0
2026-02-07 05:00,0.361,0.361,0.361,1,1.0
2026-02-07 08:00,0.3597,0.3597,0.3597,1,1.0
2026-02-07 11:00,0.3629,0.3629,0.3629,1,1.0
2026-02-07 14:00,0.3818,0.3818,0.3818,1,1.0
2026-02-07 17:00,0.3877,0.3877,0.3877,1,1.0
2026-02-07 20:00,0.381,0.381,0.381,1,1.0
2026-02-07 23:00,0.3752,0.3752,0.3752,1,1.0
2026-02-08 02:00,0.3724,0.3724,0.3724,1,1.0
2026-02-08 05:00,0.3701,0.3701,0.3701,1,1.0
2026-02-08 08:00,0.3702,0.3702,0.3702,1,1.0
2026-02-08 11:00,0.373,0.373,0.373,1,1.0
2026-02-08 14:00,0.374,0.374,0.374,1,1.0
2026-02-08 17:00,0.3719,0.3719,0.3719,1,1.0
2026-02-08 20:00,0.3702,0.3702,0.3702,1,1.0
2026-02-08 23:00,0.371,0.371,0.371,1,1.0
2026-02-09 02:00,0.3825,0.3825,0.3825,1,1.0
2026-02-09 05:00,0.3846,0.3846,0.3846,1,1.0
2026-02-09 08:00,0.377,0.377,0.377,1,1.0
2026-02-09 11:00,0.3727,0.3727,0.3727,1,1.0
2026-02-09 14:00,0.3719,0.3719,0.3719,1,1.0
2026-02-09 17:00,0.3707,0.3707,0.3707,1,1.0
2026-02-09 20:00,0.3688,0.3688,0.3688,1,1.0
2026-02-09 23:00,0.3684,0.3684,0.3684,1,1.0
2026-02-10 02:00,0.3697,0.3697,0.3697,1,1.0
2026-02-10 05:00,0.3695,0.3695,0.3695,1,1.0
2026-02-10 08:00,0.3689,0.3689,0.3689,1,1.0
2026-02-10 11:00,0.3676,0.3676,0.3676,1,1.0
2026-02-10 14:00,0.3666,0.3666,0.3666,1,1.0
2026-02-10 17:00,0.366,0.366,0.366,1,1.0
2026-02-10 20:00,0.3653,0.3653,0.3653,1,1.0
2026-02-10 23:00,0.364,0.364,0.364,1,1.0
2026-02-11 02:00,0.3637,0.3637,0.3637,1,1.0
2026-02-11 05:00,0.3653,0.3653,0.3653,1,1.0
2026-02-11 08:00,0.3808,0.3808,0.3808,1,1.0
2026-02-11 11:00,0.3966,0.3966,0.3966,1,1.0
2026-02-11 14:00,0.3886,0.3886,0.3886,1,1.0
2026-02-11 17:00,0.3778,0.3778,0.3778,1,1.0
2026-02-11 20:00,0.3751,0.3751,0.3751,1,1.0
2026-02-11 23:00,0.3734,0.3734,0.3734,1,1.0
2026-02-12 02:00,0.3721,0.3721,0.3721,1,1.0
2026-02-12 05:00,0.3743,0.3743,0.3743,1,1.0
2026-02-12 08:00,0.3798,0.3798,0.3798,1,1.0
2026-02-12 11:00,0.3918,0.3918,0.3918,1,1.0
2026-02-12 14:00,0.3867,0.3867,0.3867,1,1.0
2026-02-12 17:00,0.3824,0.3824,0.3824,1,1.0
2026-02-12 20:00,0.3804,0.3804,0.3804,1,1.0
2026-02-12 23:00,0.3791,0.3791,0.3791,1,1.0
2026-02-13 02:00,0.3766,0.3766,0.3766,1,1.0
2026-02-13 05:00,0.3752,0.3752,0.3752,1,1.0
2026-02-13 08:00,0.3733,0.3733,0.3733,1,1.0
2026-02-13 11:00,0.3711,0.3711,0.3711,1,1.0
2026-02-13 14:00,0.3694,0.3694,0.3694,1,1.0
2026-02-13 17:00,0.368,0.368,0.368,1,1.0
2026-02-13 20:00,0.3669,0.3669,0.3669,1,1.0
2026-02-13 23:00,0.3664,0.3664,0.3664,1,1.0
2026-02-14 02:00,0.3664,0.3664,0.3664,1,1.0
2026-02-14 05:00,0.3677,0.3677,0.3677,1,1.0
2026-02-14 08:00,0.3677,0.3677,0.3677,1,1.0
2026-02-14 11:00,0.3702,0.3702,0.3702,1,1.0
2026-02-14 14:00,0.3772,0.3772,0.3772,1,1.0
2026-02-14 17:00,0.3753,0.3753,0.3753,1,1.0
2026-02-14 20:00,0.375,0.375,0.375,1,1.0
2026-02-14 23:00,0.3922,0.3922,0.3922,1,1.0
2026-02-15 02:00,0.3871,0.3871,0.3871,1,1.0
2026-02-15 05:00,0.3769,0.3769,0.3769,1,1.0
2026-02-15 08:00,0.3738,0.3738,0.3738,1,1.0
2026-02-15 11:00,0.3722,0.3722,0.3722,1,1.0
2026-02-15 14:00,0.375,0.375,0.375,1,1.0
2026-02-15 17:00,0.3744,0.3744,0.3744,1,1.0
2026-02-15 20:00,0.3721,0.3721,0.3721,1,1.0
2026-02-15 23:00,0.3711,0.3711,0.3711,1,1.0
2026-02-16 02:00,0.3699,0.3699,0.3699,1,1.0
2026-02-16 05:00,0.3683,0.3683,0.3683,1,1.0
2026-02-16 08:00,0.3664,0.3664,0.3664,1,1.0
2026-02-16 11:00,0.3656,0.3656,0.3656,1,1.0
2026-02-16 14:00,0.3687,0.3687,0.3687,1,1.0
2026-02-16 17:00,0.3746,0.3746,0.3746,1,1.0
2026-02-16 20:00,0.3804,0.3804,0.3804,1,1.0
2026-02-16 23:00,0.3815,0.3815,0.3815,1,1.0
2026-02-17 02:00,0.3775,0.3775,0.3775,1,1.0
2026-02-17 05:00,0.3751,0.3751,0.3751,1,1.0
2026-02-17 08:00,0.3727,0.3727,0.3727,1,1.0
2026-02-17 11:00,0.3713,0.3713,0.3713,1,1.0
2026-02-17 14:00,0.3688,0.3688,0.3688,1,1.0
2026-02-17 17:00,0.3689,0.3689,0.3689,1,1.0
2026-02-17 20:00,0.3686,0.3686,0.3686,1,1.0
2026-02-17 23:00,0.367,0.367,0.367,1,1.0
2026-02-18 02:00,0.3662,0.3662,0.3662,1,1.0
2026-02-18 05:00,0.366,0.366,0.366,1,1.0
2026-02-18 08:00,0.3659,0.3659,0.3659,1,1.0
2026-02-18 11:00,0.3645,0.3645,0.3645,1,1.0
2026-02-18 14:00,0.362,0.362,0.362,1,1.0
2026-02-18 17:00,0.3607,0.3607,0.3607,1,1.0
2026-02-18 20:00,0.3599,0.3599,0.3599,1,1.0
2026-02-18 23:00,0.3595,0.3595,0.3595,1,1.0
2026-02-19 02:00,0.3593,0.3593,0.3593,1,1.0
2026-02-19 05:00,0.3588,0.3588,0.3588,1,1.0
2026-02-19 08:00,0.3596,0.3596,0.3596,1,1.0
2026-02-19 11:00,0.3591,0.3591,0.3591,1,1.0
2026-02-19 14:00,0.3583,0.3583,0.3583,1,1.0
2026-02-19 17:00,0.3687,0.3687,0.3687,1,1.0
2026-02-19 20:00,0.3779,0.3779,0.3779,1,1.0
2026-02-19 23:00,0.3748,0.3748,0.3748,1,1.0
2026-02-20 02:00,0.3714,0.3714,0.3714,1,1.0
2026-02-20 05:00,0.3687,0.3687,0.3687,1,1.0
2026-02-20 08:00,0.3666,0.3666,0.3666,1,1.0
2026-02-20 11:00,0.366,0.366,0.366,1,1.0
2026-02-20 14:00,0.3656,0.3656,0.3656,1,1.0
2026-02-20 17:00,0.3686,0.3686,0.3686,1,1.0
2026-02-20 20:00,0.3692,0.3692,0.3692,1,1.0
2026-02-20 23:00,0.3672,0.3672,0.3672,1,1.0
2026-02-21 02:00,0.3654,0.3654,0.3654,1,1.0
2026-02-21 05:00,0.364,0.364,0.364,1,1.0
2026-02-21 08:00,0.3624,0.3624,0.3624,1,1.0
2026-02-21 11:00,0.3602,0.3602,0.3602,1,1.0
2026-02-21 14:00,0.3583,0.3583,0.3583,1,1.0
2026-02-21 17:00,0.3572,0.3572,0.3572,1,1.0
2026-02-21 20:00,0.3563,0.3563,0.3563,1,1.0
2026-02-21 23:00,0.3559,0.3559,0.3559,1,1.0
2026-02-22 02:00,0.3559,0.3559,0.3559,1,1.0
2026-02-22 05:00,0.3557,0.3557,0.3557,1,1.0
2026-02-22 08:00,0.3562,0.3562,0.3562,1,1.0
2026-02-22 11:00,0.3549,0.3549,0.3549,1,1.0
2026-02-22 14:00,0.3531,0.3531,0.3531,1,1.0
2026-02-22 17:00,0.3528,0.3528,0.3528,1,1.0
2026-02-22 20:00,0.3527,0.3527,0.3527,1,1.0
2026-02-22 23:00,0.3526,0.3526,0.3526,1,1.0
2026-02-23 02:00,0.352,0.352,0.352,1,1.0
2026-02-23 05:00,0.3516,0.3516,0.3516,1,1.0
2026-02-23 08:00,0.3511,0.3511,0.3511,1,1.0
2026-02-23 11:00,0.3495,0.3495,0.3495,1,1.0
2026-02-23 14:00,0.3482,0.3482,0.3482,1,1.0
2026-02-23 17:00,0.3485,0.3485,0.3485,1,1.0
2026-02-23 20:00,0.3499,0.3499,0.3499,1,1.0
2026-02-23 23:00,0.3506,0.3506,0.3506,1,1.0
2026-02-24 02:00,0.3499,0.3499,0.3499,1,1.0
2026-02-24 05:00,0.3494,0.3494,0.3494,1,1.0
2026-02-24 08:00,0.3457,0.3457,0.3457,1,1.0
2026-02-24 11:00,0.3446,0.3446,0.3446,1,1.0
2026-02-24 14:00,0.344,0.344,0.344,1,1.0
2026-02-24 17:00,0.3441,0.3441,0.3441,1,1.0
2026-02-24 20:00,0.3447,0.3447,0.3447,1,1.0
2026-02-24 23:00,0.3449,0.3449,0.3449,1,1.0
2026-02-25 02:00,0.3451,0.3451,0.3451,1,1.0
2026-02-25 05:00,0.3456,0.3456,0.3456,1,1.0
2026-02-25 08:00,0.3448,0.3448,0.3448,1,1.0
2026-02-25 11:00,0.3434,0.3434,0.3434,1,1.0
2026-02-25 14:00,0.341,0.341,0.341,1,1.0
2026-02-25 17:00,0.3411,0.3411,0.3411,1,1.0
2026-02-25 20:00,0.3421,0.3421,0.3421,1,1.0
2026-02-25 23:00,0.3427,0.3427,0.3427,1,1.0
2026-02-26 02:00,0.343,0.343,0.343,1,1.0
2026-02-26 05:00,0.3433,0.3433,0.3433,1,1.0
2026-02-26 08:00,0.3432,0.3432,0.3432,1,1.0
2026-02-26 11:00,0.3412,0.3412,0.3412,1,1.0
2026-02-26 14:00,0.3389,0.3389,0.3389,1,1.0
2026-02-26 17:00,0.3388,0.3388,0.3388,1,1.0
2026-02-26 20:00,0.3401,0.3401,0.3401,1,1.0
2026-02-26 23:00,0.3408,0.3408,0.3408,1,1.0
2026-02-27 02:00,0.341,0.341,0.341,1,1.0
2026-02-27 05:00,0.3403,0.3403,0.3403,1,1.0
2026-02-27 08:00,0.3177,0.3177,0.3177,1,1.0
2026-02-27 11:00,0.3195,0.3195,0.3195,1,1.0
2026-02-27 14:00,0.3206,0.3206,0.3206,1,1.0
2026-02-27 17:00,0.3223,0.3223,0.3223,1,1.0
2026-02-27 20:00,0.325,0.325,0.325,1,1.0
2026-02-27 23:00,0.3264,0.3264,0.3264,1,1.0
2026-02-28 02:00,0.3273,0.3273,0.3273,1,1.0
2026-02-28 05:00,0.3274,0.3274,0.3274,1,1.0
2026-02-28 08:00,0.328,0.328,0.328,1,1.0
2026-02-28 11:00,0.3276,0.3276,0.3276,1,1.0
2026-02-28 14:00,0.3263,0.3263,0.3263,1,1.0
2026-02-28 17:00,0.3268,0.3268,0.3268,1,1.0
2026-02-28 20:00,0.3291,0.3291,0.3291,1,1.0
2026-02-28 23:00,0.3302,0.3302,0.3302,1,1.0
2026-03-01 02:00,0.3307,0.3307,0.3307,1,1.0
2026-03-01 05:00,0.3311,0.3311,0.3311,1,1.0
2026-03-01 08:00,0.3313,0.3313,0.3313,1,1.0
2026-03-01 11:00,0.3311,0.3311,0.3311,1,1.0
2026-03-01 14:00,0.3284,0.3284,0.3284,1,1.0
2026-03-01 17:00,0.3266,0.3266,0.3266,1,1.0
2026-03-01 20:00,0.3289,0.3289,0.3289,1,1.0
2026-03-01 23:00,0.3307,0.3307,0.3307,1,1.0
2026-03-02 02:00,0.3317,0.3317,0.3317,1,1.0
2026-03-02 05:00,0.3325,0.3325,0.3325,1,1.0
2026-03-02 08:00,0.3214,0.3214,0.3214,1,1.0
2026-03-02 11:00,0.3213,0.3213,0.3213,1,1.0
2026-03-02 14:00,0.3177,0.3177,0.3177,1,1.0
2026-03-02 17:00,0.3174,0.3174,0.3174,1,1.0
2026-03-02 20:00,0.3168,0.3168,0.3168,1,1.0
2026-03-02 23:00,0.32,0.32,0.32,1,1.0
2026-03-03 02:00,0.3274,0.3274,0.3274,1,1.0
2026-03-03 05:00,0.3325,0.3325,0.3325,1,1.0
2026-03-03 08:00,0.3332,0.3332,0.3332,1,1.0
2026-03-03 11:00,0.3281,0.3281,0.3281,1,1.0
2026-03-03 14:00,0.3188,0.3188,0.3188,1,1.0
2026-03-03 17:00,0.317,0.317,0.317,1,1.0
2026-03-03 20:00,0.3195,0.3195,0.3195,1,1.0
2026-03-03 23:00,0.3211,0.3211,0.3211,1,1.0
2026-03-04 02:00,0.3237,0.3237,0.3237,1,1.0
2026-03-04 05:00,0.3263,0.3263,0.3263,1,1.0
2026-03-04 08:00,0.328,0.328,0.328,1,1.0
2026-03-04 11:00,0.3223,0.3223,0.3223,1,1.0
2026-03-04 14:00,0.3168,0.3168,0.3168,1,1.0
2026-03-04 17:00,0.3184,0.3184,0.3184,1,1.0
2026-03-04 20:00,0.3206,0.3206,0.3206,1,1.0
2026-03-04 23:00,0.3224,0.3224,0.3224,1,1.0
2026-03-05 02:00,0.3241,0.3241,0.3241,1,1.0
2026-03-05 05:00,0.3256,0.3256,0.3256,1,1.0
2026-03-05 08:00,0.3238,0.3238,0.3238,1,1.0
2026-03-05 11:00,0.3184,0.3184,0.3184,1,1.0
2026-03-05 14:00,0.3095,0.3095,0.3095,1,1.0
2026-03-05 17:00,0.3075,0.3075,0.3075,1,1.0
2026-03-05 20:00,0.297,0.297,0.297,1,1.0
2026-03-05 23:00,0.3014,0.3014,0.3014,1,1.0
2026-03-06 02:00,0.3073,0.3073,0.3073,1,1.0
2026-03-06 05:00,0.3119,0.3119,0.3119,1,1.0
2026-03-06 08:00,0.3138,0.3138,0.3138,1,1.0
2026-03-06 11:00,0.3109,0.3109,0.3109,1,1.0
2026-03-06 14:00,0.3056,0.3056,0.3056,1,1.0
2026-03-06 17:00,0.3047,0.3047,0.3047,1,1.0
2026-03-06 20:00,0.3073,0.3073,0.3073,1,1.0
2026-03-06 23:00,0.3102,0.3102,0.3102,1,1.0
2026-03-07 02:00,0.3128,0.3128,0.3128,1,1.0
2026-03-07 05:00,0.3147,0.3147,0.3147,1,1.0
2026-03-07 08:00,0.3166,0.3166,0.3166,1,1.0
2026-03-07 11:00,0.3096,0.3096,0.3096,1,1.0
2026-03-07 14:00,0.301,0.301,0.301,1,1.0
2026-03-07 17:00,0.3065,0.3065,0.3065,1,1.0
2026-03-07 20:00,0.2975,0.2975,0.2975,1,1.0
2026-03-07 23:00,0.3014,0.3014,0.3014,1,1.0
2026-03-08 02:00,0.3046,0.3046,0.3046,1,1.0
2026-03-08 05:00,0.3078,0.3078,0.3078,1,1.0
2026-03-08 08:00,0.3098,0.3098,0.3098,1,1.0
2026-03-08 11:00,0.3053,0.3053,0.3053,1,1.0
2026-03-08 14:00,0.3095,0.3095,0.3095,1,1.0
2026-03-08 17:00,0.316,0.316,0.316,1,1.0
2026-03-08 20:00,0.3218,0.3218,0.3218,1,1.0
2026-03-08 23:00,0.3232,0.3232,0.3232,1,1.0
2026-03-09 02:00,0.3241,0.3241,0.3241,1,1.0
2026-03-09 05:00,0.3247,0.3247,0.3247,1,1.0
2026-03-09 08:00,0.3242,0.3242,0.3242,1,1.0
2026-03-09 11:00,0.3159,0.3159,0.3159,1,1.0
2026-03-09 14:00,0.3196,0.3196,0.3196,1,1.0
2026-03-09 17:00,0.3386,0.3386,0.3386,1,1.0
2026-03-09 20:00,0.3378,0.3378,0.3378,1,1.0
2026-03-09 23:00,0.3365,0.3365,0.3365,1,1.0
2026-03-10 02:00,0.3364,0.3364,0.3364,1,1.0
2026-03-10 05:00,0.3352,0.3352,0.3352,1,1.0
2026-03-10 08:00,0.3331,0.3331,0.3331,1,1.0
2026-03-10 11:00,0.3227,0.3227,0.3227,1,1.0
2026-03-10 14:00,0.3118,0.3118,0.3118,1,1.0
2026-03-10 17:00,0.3124,0.3124,0.3124,1,1.0
2026-03-10 20:00,0.3164,0.3164,0.3164,1,1.0
2026-03-10 23:00,0.3182,0.3182,0.3182,1,1.0
2026-03-11 02:00,0.3199,0.3199,0.3199,1,1.0
2026-03-11 05:00,0.3204,0.3204,0.3204,1,1.0
2026-03-11 08:00,0.3199,0.3199,0.3199,1,1.0
2026-03-11 11:00,0.3116,0.3116,0.3116,1,1.0
2026-03-11 14:00,0.3006,0.3006,0.3006,1,1.0
2026-03-11 17:00,0.2988,0.2988,0.2988,1,1.0
2026-03-11 20:00,0.3021,0.3021,0.3021,1,1.0
2026-03-11 23:00,0.3046,0.3046,0.3046,1,1.0
2026-03-12 02:00,0.3066,0.3066,0.3066,1,1.0
2026-03-12 05:00,0.3088,0.3088,0.3088,1,1.0
2026-03-12 08:00,0.3089,0.3089,0.3089,1,1.0
2026-03-12 11:00,0.3051,0.3051,0.3051,1,1.0
2026-03-12 14:00,0.3185,0.3185,0.3185,1,1.0
2026-03-12 17:00,0.3193,0.3193,0.3193,1,1.0
2026-03-12 20:00,0.3216,0.3216,0.3216,1,1.0
2026-03-12 23:00,0.3245,0.3245,0.3245,1,1.0
2026-03-13 02:00,0.3275,0.3275,0.3275,1,1.0
2026-03-13 05:00,0.3298,0.3298,0.3298,1,1.0
2026-03-13 08:00,0.329,0.329,0.329,1,1.0
2026-03-13 11:00,0.3173,0.3173,0.3173,1,1.0
2026-03-13 14:00,0.3025,0.3025,0.3025,1,1.0
2026-03-13 17:00,0.3028,0.3028,0.3028,1,1.0
2026-03-13 20:00,0.3095,0.3095,0.3095,1,1.0
2026-03-13 23:00,0.3175,0.3175,0.3175,1,1.0
2026-03-14 02:00,0.3234,0.3234,0.3234,1,1.0
2026-03-14 05:00,0.3252,0.3252,0.3252,1,1.0
2026-03-14 08:00,0.3245,0.3245,0.3245,1,1.0
2026-03-14 11:00,0.3157,0.3157,0.3157,1,1.0
2026-03-14 14:00,0.3044,0.3044,0.3044,1,1.0
2026-03-14 17:00,0.3002,0.3002,0.3002,1,1.0
2026-03-14 20:00,0.3026,0.3026,0.3026,1,1.0
2026-03-14 23:00,0.3053,0.3053,0.3053,1,1.0
2026-03-15 02:00,0.308,0.308,0.308,1,1.0
2026-03-15 05:00,0.31,0.31,0.31,1,1.0
2026-03-15 08:00,0.2878,0.2878,0.2878,1,1.0
2026-03-15 11:00,0.2837,0.2837,0.2837,1,1.0
2026-03-15 14:00,0.2765,0.2765,0.2765,1,1.0
2026-03-15 17:00,0.2726,0.2726,0.2726,1,1.0
2026-03-15 20:00,0.2786,0.2786,0.2786,1,1.0
2026-03-15 23:00,0.2896,0.2896,0.2896,1,1.0
2026-03-16 02:00,0.3067,0.3067,0.3067,1,1.0
2026-03-16 05:00,0.3197,0.3197,0.3197,1,1.0
2026-03-16 08:00,0.3243,0.3243,0.3243,1,1.0
2026-03-16 11:00,0.3162,0.3162,0.3162,1,1.0
2026-03-16 14:00,0.3035,0.3035,0.3035,1,1.0
2026-03-16 17:00,0.2979,0.2979,0.2979,1,1.0
2026-03-16 20:00,0.3008,0.3008,0.3008,1,1.0
2026-03-16 23:00,0.3043,0.3043,0.3043,1,1.0
2026-03-17 02:00,0.3182,0.3182,0.3182,1,1.0
2026-03-17 05:00,0.3486,0.3486,0.3486,1,1.0
2026-03-17 08:00,0.3935,0.3935,0.3935,1,1.0
2026-03-17 11:00,0.3567,0.3567,0.3567,1,1.0
2026-03-17 14:00,0.3393,0.3393,0.3393,1,1.0
2026-03-17 17:00,0.3294,0.3294,0.3294,1,1.0
2026-03-17 20:00,0.3514,0.3514,0.3514,1,1.0
2026-03-17 23:00,0.3527,0.3527,0.3527,1,1.0
2026-03-18 02:00,0.3457,0.3457,0.3457,1,1.0
2026-03-18 05:00,0.3434,0.3434,0.3434,1,1.0
2026-03-18 08:00,0.3484,0.3484,0.3484,1,1.0
2026-03-18 11:00,0.3479,0.3479,0.3479,1,1.0
2026-03-18 14:00,0.353,0.353,0.353,1,1.0
2026-03-18 17:00,0.3531,0.3531,0.3531,1,1.0
2026-03-18 20:00,0.3501,0.3501,0.3501,1,1.0
2026-03-18 23:00,0.3456,0.3456,0.3456,1,1.0
2026-03-19 02:00,0.3428,0.3428,0.3428,1,1.0
2026-03-19 05:00,0.3449,0.3449,0.3449,1,1.0
2026-03-19 08:00,0.3551,0.3551,0.3551,1,1.0
2026-03-19 11:00,0.3449,0.3449,0.3449,1,1.0
2026-03-19 14:00,0.3354,0.3354,0.3354,1,1.0
2026-03-19 17:00,0.3305,0.3305,0.3305,1,1.0
2026-03-19 20:00,0.3306,0.3306,0.3306,1,1.0
2026-03-19 23:00,0.331,0.331,0.331,1,1.0
2026-03-20 02:00,0.3329,0.3329,0.3329,1,1.0
2026-03-20 05:00,0.3331,0.3331,0.3331,1,1.0
2026-03-20 08:00,0.3316,0.3316,0.3316,1,1.0
2026-03-20 11:00,0.3242,0.3242,0.3242,1,1.0
2026-03-20 14:00,0.3135,0.3135,0.3135,1,1.0
2026-03-20 17:00,0.3098,0.3098,0.3098,1,1.0
2026-03-20 20:00,0.3106,0.3106,0.3106,1,1.0
2026-03-20 23:00,0.3124,0.3124,0.3124,1,1.0
2026-03-21 02:00,0.3143,0.3143,0.3143,1,1.0
2026-03-21 05:00,0.3167,0.3167,0.3167,1,1.0
2026-03-21 08:00,0.3174,0.3174,0.3174,1,1.0
2026-03-21 11:00,0.3102,0.3102,0.3102,1,1.0
2026-03-21 14:00,0.303,0.303,0.303,1,1.0
2026-03-21 17:00,0.3009,0.3009,0.3009,1,1.0
2026-03-21 20:00,0.2993,0.2993,0.2993,1,1.0
2026-03-21 23:00,0.3026,0.3026,0.3026,1,1.0
2026-03-22 02:00,0.3057,0.3057,0.3057,1,1.0
2026-03-22 05:00,0.3081,0.3081,0.3081,1,1.0
2026-03-22 08:00,0.3088,0.3088,0.3088,1,1.0
2026-03-22 11:00,0.3033,0.3033,0.3033,1,1.0
2026-03-22 14:00,0.296,0.296,0.296,1,1.0
2026-03-22 17:00,0.2956,0.2956,0.2956,1,1.0
2026-03-22 20:00,0.3,0.3,0.3,1,1.0
2026-03-22 23:00,0.3056,0.3056,0.3056,1,1.0
2026-03-23 02:00,0.3144,0.3144,0.3144,1,1.0
2026-03-23 05:00,0.3201,0.3201,0.3201,1,1.0
2026-03-23 08:00,0.3187,0.3187,0.3187,1,1.0
2026-03-23 11:00,0.3091,0.3091,0.3091,1,1.0
2026-03-23 14:00,0.2986,0.2986,0.2986,1,1.0
2026-03-23 17:00,0.3042,0.3042,0.3042,1,1.0
2026-03-23 20:00,0.3234,0.3234,0.3234,1,1.0
2026-03-23 23:00,0.3389,0.3389,0.3389,1,1.0
2026-03-24 02:00,0.3366,0.3366,0.3366,1,1.0
2026-03-24 05:00,0.3354,0.3354,0.3354,1,1.0
2026-03-24 08:00,0.3327,0.3327,0.3327,1,1.0
2026-03-24 11:00,0.3199,0.3199,0.3199,1,1.0
2026-03-24 14:00,0.307,0.307,0.307,1,1.0
2026-03-24 17:00,0.302,0.302,0.302,1,1.0
2026-03-24 20:00,0.3031,0.3031,0.3031,1,1.0
2026-03-24 23:00,0.305,0.305,0.305,1,1.0
2026-03-25 02:00,0.3072,0.3072,0.3072,1,1.0
2026-03-25 05:00,0.3097,0.3097,0.3097,1,1.0
2026-03-25 08:00,0.3102,0.3102,0.3102,1,1.0
2026-03-25 11:00,0.3,0.3,0.3,1,1.0
2026-03-25 14:00,0.2863,0.2863,0.2863,1,1.0
2026-03-25 17:00,0.282,0.282,0.282,1,1.0
2026-03-25 20:00,0.2857,0.2857,0.2857,1,1.0
2026-03-25 23:00,0.2899,0.2899,0.2899,1,1.0
2026-03-26 02:00,0.2938,0.2938,0.2938,1,1.0
2026-03-26 05:00,0.3054,0.3054,0.3054,1,1.0
2026-03-26 08:00,0.3093,0.3093,0.3093,1,1.0
2026-03-26 11:00,0.3026,0.3026,0.3026,1,1.0
2026-03-26 14:00,0.3002,0.3002,0.3002,1,1.0
2026-03-26 17:00,0.3491,0.3491,0.3491,1,1.0
2026-03-26 20:00,0.3463,0.3463,0.3463,1,1.0
2026-03-26 23:00,0.3451,0.3451,0.3451,1,1.0
2026-03-27 02:00,0.342,0.342,0.342,1,1.0
2026-03-27 05:00,0.3399,0.3399,0.3399,1,1.0
2026-03-27 08:00,0.3366,0.3366,0.3366,1,1.0
2026-03-27 11:00,0.3238,0.3238,0.3238,1,1.0
2026-03-27 14:00,0.3133,0.3133,0.3133,1,1.0
2026-03-27 17:00,0.3086,0.3086,0.3086,1,1.0
2026-03-27 20:00,0.3093,0.3093,0.3093,1,1.0
2026-03-27 23:00,0.3106,0.3106,0.3106,1,1.0
2026-03-28 02:00,0.3125,0.3125,0.3125,1,1.0
2026-03-28 05:00,0.314,0.314,0.314,1,1.0
2026-03-28 08:00,0.3134,0.3134,0.3134,1,1.0
2026-03-28 11:00,0.3036,0.3036,0.3036,1,1.0
2026-03-28 14:00,0.2966,0.2966,0.2966,1,1.0
2026-03-28 17:00,0.2922,0.2922,0.2922,1,1.0
2026-03-28 20:00,0.2953,0.2953,0.2953,1,1.0
2026-03-28 23:00,0.2983,0.2983,0.2983,1,1.0
2026-03-29 02:00,0.3011,0.3011,0.3011,1,1.0
2026-03-29 05:00,0.3033,0.3033,0.3033,1,1.0
2026-03-29 08:00,0.3033,0.3033,0.3033,1,1.0
2026-03-29 11:00,0.2938,0.2938,0.2938,1,1.0
2026-03-29 14:00,0.2843,0.2843,0.2843,1,1.0
2026-03-29 17:00,0.2824,0.2824,0.2824,1,1.0
2026-03-29 20:00,0.2851,0.2851,0.2851,1,1.0
2026-03-29 23:00,0.2887,0.2887,0.2887,1,1.0
2026-03-30 02:00,0.2928,0.2928,0.2928,1,1.0
2026-03-30 05:00,0.2968,0.2968,0.2968,1,1.0
2026-03-30 08:00,0.2983,0.2983,0.2983,1,1.0
2026-03-30 11:00,0.289,0.289,0.289,1,1.0
2026-03-30 14:00,0.2769,0.2769,0.2769,1,1.0
2026-03-30 17:00,0.2799,0.2799,0.2799,1,1.0
2026-03-30 20:00,0.3244,0.3244,0.3244,1,1.0
2026-03-30 23:00,0.3772,0.3772,0.3772,1,1.0
2026-03-31 02:00,0.3751,0.3751,0.3751,1,1.0
2026-03-31 05:00,0.3888,0.3888,0.3888,1,1.0
2026-03-31 08:00,0.3627,0.3627,0.3627,1,1.0
2026-03-31 11:00,0.3616,0.3616,0.3616,1,1.0
2026-03-31 14:00,0.3576,0.3576,0.3576,1,1.0
2026-03-31 17:00,0.3502,0.3502,0.3502,1,1.0
2026-03-31 20:00,0.3473,0.3473,0.3473,1,1.0
2026-03-31 23:00,0.3647,0.3647,0.3647,1,1.0
2026-04-01 02:00,0.3556,0.3556,0.3556,1,1.0
2026-04-01 05:00,0.3637,0.3637,0.3637,1,1.0
2026-04-01 08:00,0.3533,0.3533,0.3533,1,1.0
2026-04-01 11:00,0.3483,0.3483,0.3483,1,1.0
2026-04-01 14:00,0.3557,0.3557,0.3557,1,1.0
2026-04-01 17:00,0.3506,0.3506,0.3506,1,1.0
2026-04-01 20:00,0.3476,0.3476,0.3476,1,1.0
2026-04-01 23:00,0.3458,0.3458,0.3458,1,1.0
2026-04-02 02:00,0.3495,0.3495,0.3495,1,1.0
2026-04-02 05:00,0.3651,0.3651,0.3651,1,1.0
2026-04-02 08:00,0.3666,0.3666,0.3666,1,1.0
2026-04-02 11:00,0.3569,0.3569,0.3569,1,1.0
2026-04-02 14:00,0.3567,0.3567,0.3567,1,1.0
2026-04-02 17:00,0.3569,0.3569,0.3569,1,1.0
2026-04-02 20:00,0.3575,0.3575,0.3575,1,1.0
2026-04-02 23:00,0.3567,0.3567,0.3567,1,1.0
2026-04-03 02:00,0.3542,0.3542,0.3542,1,1.0
2026-04-03 05:00,0.3529,0.3529,0.3529,1,1.0
2026-04-03 08:00,0.351,0.351,0.351,1,1.0
2026-04-03 11:00,0.3471,0.3471,0.3471,1,1.0
2026-04-03 14:00,0.343,0.343,0.343,1,1.0
2026-04-03 17:00,0.3393,0.3393,0.3393,1,1.0
2026-04-03 20:00,0.3349,0.3349,0.3349,1,1.0
2026-04-03 23:00,0.3338,0.3338,0.3338,1,1.0
2026-04-04 02:00,0.3331,0.3331,0.3331,1,1.0
2026-04-04 05:00,0.3334,0.3334,0.3334,1,1.0
2026-04-04 08:00,0.3329,0.3329,0.3329,1,1.0
2026-04-04 11:00,0.327,0.327,0.327,1,1.0
2026-04-04 14:00,0.3196,0.3196,0.3196,1,1.0
2026-04-04 17:00,0.3149,0.3149,0.3149,1,1.0
2026-04-04 20:00,0.315,0.315,0.315,1,1.0
2026-04-04 23:00,0.3159,0.3159,0.3159,1,1.0
2026-04-05 02:00,0.3167,0.3167,0.3167,1,1.0
2026-04-05 05:00,0.3174,0.3174,0.3174,1,1.0
2026-04-05 08:00,0.312,0.312,0.312,1,1.0
2026-04-05 11:00,0.3051,0.3051,0.3051,1,1.0
2026-04-05 14:00,0.2969,0.2969,0.2969,1,1.0
2026-04-05 17:00,0.2847,0.2847,0.2847,1,1.0
2026-04-05 20:00,0.2887,0.2887,0.2887,1,1.0
2026-04-05 23:00,0.2933,0.2933,0.2933,1,1.0
2026-04-06 02:00,0.2976,0.2976,0.2976,1,1.0
2026-04-06 05:00,0.3018,0.3018,0.3018,1,1.0
2026-04-06 08:00,0.2956,0.2956,0.2956,1,1.0
2026-04-06 11:00,0.2928,0.2928,0.2928,1,1.0
2026-04-06 14:00,0.2866,0.2866,0.2866,1,1.0
2026-04-06 17:00,0.285,0.285,0.285,1,1.0
2026-04-06 20:00,0.2676,0.2676,0.2676,1,1.0
2026-04-06 23:00,0.2734,0.2734,0.2734,1,1.0
2026-04-07 02:00,0.279,0.279,0.279,1,1.0
2026-04-07 05:00,0.2845,0.2845,0.2845,1,1.0
2026-04-07 08:00,0.2881,0.2881,0.2881,1,1.0
2026-04-07 11:00,0.2854,0.2854,0.2854,1,1.0
2026-04-07 14:00,0.2766,0.2766,0.2766,1,1.0
2026-04-07 17:00,0.2737,0.2737,0.2737,1,1.0
2026-04-07 20:00,0.2784,0.2784,0.2784,1,1.0
2026-04-07 23:00,0.2836,0.2836,0.2836,1,1.0
2026-04-08 02:00,0.2882,0.2882,0.2882,1,1.0
2026-04-08 05:00,0.292,0.292,0.292,1,1.0
2026-04-08 08:00,0.2923,0.2923,0.2923,1,1.0
2026-04-08 11:00,0.2825,0.2825,0.2825,1,1.0
2026-04-08 14:00,0.2694,0.2694,0.2694,1,1.0
2026-04-08 17:00,0.2658,0.2658,0.2658,1,1.0
2026-04-08 20:00,0.2707,0.2707,0.2707,1,1.0
2026-04-08 23:00,0.2764,0.2764,0.2764,1,1.0
2026-04-09 02:00,0.2819,0.2819,0.2819,1,1.0
2026-04-09 05:00,0.2869,0.2869,0.2869,1,1.0
2026-04-09 08:00,0.289,0.289,0.289,1,1.0
2026-04-09 11:00,0.2794,0.2794,0.2794,1,1.0
2026-04-09 14:00,0.2677,0.2677,0.2677,1,1.0
2026-04-09 17:00,0.2648,0.2648,0.2648,1,1.0
2026-04-09 20:00,0.2697,0.2697,0.2697,1,1.0
2026-04-09 23:00,0.2752,0.2752,0.2752,1,1.0
2026-04-10 02:00,0.2802,0.2802,0.2802,1,1.0
2026-04-10 05:00,0.2849,0.2849,0.2849,1,1.0
2026-04-10 08:00,0.2871,0.2871,0.2871,1,1.0
2026-04-10 11:00,0.2778,0.2778,0.2778,1,1.0
2026-04-10 14:00,0.2643,0.2643,0.2643,1,1.0
2026-04-10 17:00,0.2599,0.2599,0.2599,1,1.0
2026-04-10 20:00,0.2645,0.2645,0.2645,1,1.0
2026-04-10 23:00,0.2702,0.2702,0.2702,1,1.0
2026-04-11 02:00,0.2752,0.2752,0.2752,1,1.0
2026-04-11 05:00,0.2799,0.2799,0.2799,1,1.0
2026-04-11 08:00,0.2316,0.2316,0.2316,1,1.0
2026-04-11 11:00,0.2286,0.2286,0.2286,1,1.0
2026-04-11 14:00,0.2229,0.2229,0.2229,1,1.0
2026-04-11 17:00,0.2233,0.2233,0.2233,1,1.0
2026-04-11 20:00,0.2326,0.2326,0.2326,1,1.0
2026-04-11 23:00,0.239,0.239,0.239,1,1.0
2026-04-12 02:00,0.2533,0.2533,0.2533,1,1.0
2026-04-12 05:00,0.266,0.266,0.266,1,1.0
2026-04-12 08:00,0.268,0.268,0.268,1,1.0
2026-04-12 11:00,0.2589,0.2589,0.2589,1,1.0
2026-04-12 14:00,0.2487,0.2487,0.2487,1,1.0
2026-04-12 17:00,0.2481,0.2481,0.2481,1,1.0
2026-04-12 20:00,0.2516,0.2516,0.2516,1,1.0
2026-04-12 23:00,0.2551,0.2551,0.2551,1,1.0
2026-04-13 02:00,0.26,0.26,0.26,1,1.0
2026-04-13 05:00,0.2652,0.2652,0.2652,1,1.0
2026-04-13 08:00,0.2664,0.2664,0.2664,1,1.0
2026-04-13 11:00,0.2584,0.2584,0.2584,1,1.0
2026-04-13 14:00,0.251,0.251,0.251,1,1.0
2026-04-13 17:00,0.2484,0.2484,0.2484,1,1.0
2026-04-13 20:00,0.2536,0.2536,0.2536,1,1.0
2026-04-13 23:00,0.2589,0.2589,0.2589,1,1.0
2026-04-14 02:00,0.2639,0.2639,0.2639,1,1.0
2026-04-14 05:00,0.2684,0.2684,0.2684,1,1.0
2026-04-14 08:00,0.2685,0.2685,0.2685,1,1.0
2026-04-14 11:00,0.2662,0.2662,0.2662,1,1.0
2026-04-14 14:00,0.256,0.256,0.256,1,1.0
2026-04-14 17:00,0.2563,0.2563,0.2563,1,1.0
2026-04-14 20:00,0.2607,0.2607,0.2607,1,1.0
2026-04-14 23:00,0.3195,0.3195,0.3195,1,1.0
2026-04-15 02:00,0.3544,0.3544,0.3544,1,1.0
2026-04-15 05:00,0.3379,0.3379,0.3379,1,1.0
2026-04-15 08:00,0.3301,0.3301,0.3301,1,1.0
2026-04-15 11:00,0.3192,0.3192,0.3192,1,1.0
2026-04-15 14:00,0.3268,0.3268,0.3268,1,1.0
2026-04-15 17:00,0.3227,0.3227,0.3227,1,1.0
2026-04-15 20:00,0.3215,0.3215,0.3215,1,1.0
2026-04-15 23:00,0.3199,0.3199,0.3199,1,1.0
2026-04-16 02:00,0.319,0.319,0.319,1,1.0
2026-04-16 05:00,0.3178,0.3178,0.3178,1,1.0
2026-04-16 08:00,0.3112,0.3112,0.3112,1,1.0
2026-04-16 11:00,0.2957,0.2957,0.2957,1,1.0
2026-04-16 14:00,0.2809,0.2809,0.2809,1,1.0
2026-04-16 17:00,0.274,0.274,0.274,1,1.0
2026-04-16 20:00,0.2787,0.2787,0.2787,1,1.0
2026-04-16 23:00,0.2824,0.2824,0.2824,1,1.0
2026-04-17 02:00,0.2856,0.2856,0.2856,1,1.0
2026-04-17 05:00,0.2884,0.2884,0.2884,1,1.0
2026-04-17 08:00,0.287,0.287,0.287,1,1.0
2026-04-17 11:00,0.2742,0.2742,0.2742,1,1.0
2026-04-17 14:00,0.2603,0.2603,0.2603,1,1.0
2026-04-17 17:00,0.2553,0.2553,0.2553,1,1.0
2026-04-17 20:00,0.2572,0.2572,0.2572,1,1.0
2026-04-17 23:00,0.2607,0.2607,0.2607,1,1.0
2026-04-18 02:00,0.2642,0.2642,0.2642,1,1.0
2026-04-18 05:00,0.2673,0.2673,0.2673,1,1.0
2026-04-18 08:00,0.2657,0.2657,0.2657,1,1.0
2026-04-18 11:00,0.255,0.255,0.255,1,1.0
2026-04-18 14:00,0.2428,0.2428,0.2428,1,1.0
2026-04-18 17:00,0.238,0.238,0.238,1,1.0
2026-04-18 20:00,0.2402,0.2402,0.2402,1,1.0
2026-04-18 23:00,0.2441,0.2441,0.2441,1,1.0
2026-04-19 02:00,0.248,0.248,0.248,1,1.0
2026-04-19 05:00,0.2518,0.2518,0.2518,1,1.0
2026-04-19 08:00,0.2369,0.2369,0.2369,1,1.0
2026-04-19 11:00,0.2301,0.2301,0.2301,1,1.0
2026-04-19 14:00,0.2222,0.2222,0.2222,1,1.0
2026-04-19 17:00,0.2211,0.2211,0.2211,1,1.0
2026-04-19 20:00,0.2092,0.2092,0.2092,1,1.0
2026-04-19 23:00,0.2155,0.2155,0.2155,1,1.0
2026-04-20 02:00,0.2219,0.2219,0.2219,1,1.0
2026-04-20 05:00,0.2293,0.2293,0.2293,1,1.0
2026-04-20 08:00,0.2344,0.2344,0.2344,1,1.0
2026-04-20 11:00,0.2306,0.2306,0.2306,1,1.0
2026-04-20 14:00,0.2242,0.2242,0.2242,1,1.0
2026-04-20 17:00,0.2235,0.2235,0.2235,1,1.0
2026-04-20 20:00,0.2285,0.2285,0.2285,1,1.0
2026-04-20 23:00,0.2339,0.2339,0.2339,1,1.0
2026-04-21 02:00,0.2505,0.2505,0.2505,1,1.0
2026-04-21 05:00,0.2651,0.2651,0.2651,1,1.0
2026-04-21 08:00,0.2646,0.2646,0.2646,1,1.0
2026-04-21 11:00,0.2552,0.2552,0.2552,1,1.0
2026-04-21 14:00,0.2439,0.2439,0.2439,1,1.0
2026-04-21 17:00,0.2372,0.2372,0.2372,1,1.0
2026-04-21 20:00,0.2405,0.2405,0.2405,1,1.0
2026-04-21 23:00,0.2449,0.2449,0.2449,1,1.0
2026-04-22 02:00,0.2492,0.2492,0.2492,1,1.0
2026-04-22 05:00,0.2531,0.2531,0.2531,1,1.0
2026-04-22 08:00,0.2415,0.2415,0.2415,1,1.0
2026-04-22 11:00,0.2387,0.2387,0.2387,1,1.0
2026-04-22 14:00,0.2381,0.2381,0.2381,1,1.0
2026-04-22 17:00,0.2368,0.2368,0.2368,1,1.0
2026-04-22 20:00,0.2329,0.2329,0.2329,1,1.0
2026-04-22 23:00,0.2352,0.2352,0.2352,1,1.0
2026-04-23 02:00,0.2379,0.2379,0.2379,1,1.0
2026-04-23 05:00,0.2412,0.2412,0.2412,1,1.0
2026-04-23 08:00,0.2405,0.2405,0.2405,1,1.0
2026-04-23 11:00,0.2319,0.2319,0.2319,1,1.0
2026-04-23 14:00,0.2226,0.2226,0.2226,1,1.0
2026-04-23 17:00,0.2192,0.2192,0.2192,1,1.0
2026-04-23 20:00,0.2214,0.2214,0.2214,1,1.0
2026-04-23 23:00,0.2249,0.2249,0.2249,1,1.0
2026-04-24 02:00,0.2287,0.2287,0.2287,1,1.0
2026-04-24 05:00,0.232,0.232,0.232,1,1.0
2026-04-24 08:00,0.2319,0.2319,0.2319,1,1.0
2026-04-24 11:00,0.2252,0.2252,0.2252,1,1.0
2026-04-24 14:00,0.2172,0.2172,0.2172,1,1.0
2026-04-24 17:00,0.2052,0.2052,0.2052,1,1.0
2026-04-24 20:00,0.2082,0.2082,0.2082,1,1.0
2026-04-24 23:00,0.2126,0.2126,0.2126,1,1.0
2026-04-25 02:00,0.2173,0.2173,0.2173,1,1.0
2026-04-25 05:00,0.2218,0.2218,0.2218,1,1.0
2026-04-25 08:00,0.2237,0.2237,0.2237,1,1.0
2026-04-25 11:00,0.2184,0.2184,0.2184,1,1.0
2026-04-25 14:00,0.2116,0.2116,0.2116,1,1.0
2026-04-25 17:00,0.2104,0.2104,0.2104,1,1.0
2026-04-25 20:00,0.2146,0.2146,0.2146,1,1.0
2026-04-25 23:00,0.2194,0.2194,0.2194,1,1.0
2026-04-26 02:00,0.2241,0.2241,0.2241,1,1.0
2026-04-26 05:00,0.2283,0.2283,0.2283,1,1.0
2026-04-26 08:00,0.231,0.231,0.231,1,1.0
2026-04-26 11:00,0.2277,0.2277,0.2277,1,1.0
2026-04-26 14:00,0.2211,0.2211,0.2211,1,1.0
2026-04-26 17:00,0.2191,0.2191,0.2191,1,1.0
2026-04-26 20:00,0.2225,0.2225,0.2225,1,1.0
2026-04-26 23:00,0.2266,0.2266,0.2266,1,1.0
2026-04-27 02:00,0.2307,0.2307,0.2307,1,1.0
2026-04-27 05:00,0.2346,0.2346,0.2346,1,1.0
2026-04-27 08:00,0.2141,0.2141,0.2141,1,1.0
2026-04-27 11:00,0.2108,0.2108,0.2108,1,1.0
2026-04-27 14:00,0.2049,0.2049,0.2049,1,1.0
2026-04-27 17:00,0.2036,0.2036,0.2036,1,1.0
2026-04-27 20:00,0.2011,0.2011,0.2011,1,1.0
2026-04-27 23:00,0.2055,0.2055,0.2055,1,1.0
2026-04-28 02:00,0.2099,0.2099,0.2099,1,1.0
2026-04-28 05:00,0.2141,0.2141,0.2141,1,1.0
2026-04-28 08:00,0.2161,0.2161,0.2161,1,1.0
2026-04-28 11:00,0.2101,0.2101,0.2101,1,1.0
2026-04-28 14:00,0.2019,0.2019,0.2019,1,1.0
2026-04-28 17:00,0.1993,0.1993,0.1993,1,1.0
2026-04-28 20:00,0.2025,0.2025,0.2025,1,1.0
2026-04-28 23:00,0.2065,0.2065,0.2065,1,1.0
2026-04-29 02:00,0.2103,0.2103,0.2103,1,1.0
2026-04-29 05:00,0.2141,0.2141,0.2141,1,1.0
2026-04-29 08:00,0.2131,0.2131,0.2131,1,1.0
2026-04-29 11:00,0.2053,0.2053,0.2053,1,1.0
2026-04-29 14:00,0.1961,0.1961,0.1961,1,1.0
2026-04-29 17:00,0.1905,0.1905,0.1905,1,1.0
2026-04-29 20:00,0.194,0.194,0.194,1,1.0
2026-04-29 23:00,0.204,0.204,0.204,1,1.0
2026-04-30 02:00,0.2312,0.2312,0.2312,1,1.0
2026-04-30 05:00,0.2654,0.2654,0.2654,1,1.0
2026-04-30 08:00,0.3021,0.3021,0.3021,1,1.0
2026-04-30 11:00,0.2998,0.2998,0.2998,1,1.0
2026-04-30 14:00,0.2812,0.2812,0.2812,1,1.0
2026-04-30 17:00,0.2692,0.2692,0.2692,1,1.0
2026-04-30 20:00,0.2652,0.2652,0.2652,1,1.0
2026-04-30 23:00,0.2628,0.2628,0.2628,1,1.0
2026-05-01 02:00,0.2622,0.2622,0.2622,1,1.0
2026-05-01 05:00,0.2622,0.2622,0.2622,1,1.0
2026-05-01 08:00,0.2576,0.2576,0.2576,1,1.0
2026-05-01 11:00,0.245,0.245,0.245,1,1.0
2026-05-01 14:00,0.2321,0.2321,0.2321,1,1.0
2026-05-01 17:00,0.2245,0.2245,0.2245,1,1.0
2026-05-01 20:00,0.2235,0.2235,0.2235,1,1.0
2026-05-01 23:00,0.2249,0.2249,0.2249,1,1.0
2026-05-02 02:00,0.2268,0.2268,0.2268,1,1.0
2026-05-02 05:00,0.229,0.229,0.229,1,1.0
2026-05-02 08:00,0.2256,0.2256,0.2256,1,1.0
2026-05-02 11:00,0.218,0.218,0.218,1,1.0
2026-05-02 14:00,0.2103,0.2103,0.2103,1,1.0
2026-05-02 17:00,0.1948,0.1948,0.1948,1,1.0
2026-05-02 20:00,0.1969,0.1969,0.1969,1,1.0
2026-05-02 23:00,0.1999,0.1999,0.1999,1,1.0
2026-05-03 02:00,0.2032,0.2032,0.2032,1,1.0
2026-05-03 05:00,0.2064,0.2064,0.2064,1,1.0
2026-05-03 08:00,0.2073,0.2073,0.2073,1,1.0
2026-05-03 11:00,0.2015,0.2015,0.2015,1,1.0
2026-05-03 14:00,0.194,0.194,0.194,1,1.0
2026-05-03 17:00,0.1913,0.1913,0.1913,1,1.0
2026-05-03 20:00,0.1941,0.1941,0.1941,1,1.0
2026-05-03 23:00,0.1979,0.1979,0.1979,1,1.0
2026-05-04 02:00,0.2018,0.2018,0.2018,1,1.0
2026-05-04 05:00,0.2052,0.2052,0.2052,1,1.0
2026-05-04 08:00,0.2075,0.2075,0.2075,1,1.0
2026-05-04 11:00,0.2052,0.2052,0.2052,1,1.0
2026-05-04 14:00,0.1999,0.1999,0.1999,1,1.0
2026-05-04 17:00,0.1986,0.1986,0.1986,1,1.0
2026-05-04 20:00,0.201,0.201,0.201,1,1.0
2026-05-04 23:00,0.2042,0.2042,0.2042,1,1.0
2026-05-05 02:00,0.2074,0.2074,0.2074,1,1.0
2026-05-05 05:00,0.2102,0.2102,0.2102,1,1.0
2026-05-05 08:00,0.1487,0.1487,0.1487,1,1.0
2026-05-05 11:00,0.1546,0.1546,0.1546,1,1.0
2026-05-05 14:00,0.1559,0.1559,0.1559,1,1.0
2026-05-05 17:00,0.1582,0.1582,0.1582,1,1.0
2026-05-05 20:00,0.1567,0.1567,0.1567,1,1.0
2026-05-05 23:00,0.1605,0.1605,0.1605,1,1.0
2026-05-06 02:00,0.1642,0.1642,0.1642,1,1.0
2026-05-06 05:00,0.1678,0.1678,0.1678,1,1.0
2026-05-06 08:00,0.1707,0.1707,0.1707,1,1.0
2026-05-06 11:00,0.1707,0.1707,0.1707,1,1.0
2026-05-06 14:00,0.1694,0.1694,0.1694,1,1.0
2026-05-06 17:00,0.1698,0.1698,0.1698,1,1.0
2026-05-06 20:00,0.1873,0.1873,0.1873,1,1.0
2026-05-06 23:00,0.2712,0.2712,0.2712,1,1.0
2026-05-07 02:00,0.2972,0.2972,0.2972,1,1.0
2026-05-07 05:00,0.3018,0.3018,0.3018,1,1.0
2026-05-07 08:00,0.2913,0.2913,0.2913,1,1.0
2026-05-07 11:00,0.2796,0.2796,0.2796,1,1.0
2026-05-07 14:00,0.2642,0.2642,0.2642,1,1.0
2026-05-07 17:00,0.25,0.25,0.25,1,1.0
2026-05-07 20:00,0.2486,0.2486,0.2486,1,1.0
2026-05-07 23:00,0.2489,0.2489,0.2489,1,1.0
2026-05-08 02:00,0.2498,0.2498,0.2498,1,1.0
2026-05-08 05:00,0.251,0.251,0.251,1,1.0
2026-05-08 08:00,0.2538,0.2538,0.2538,1,1.0
2026-05-08 11:00,0.2503,0.2503,0.2503,1,1.0
2026-05-08 14:00,0.2421,0.2421,0.2421,1,1.0
2026-05-08 17:00,0.2389,0.2389,0.2389,1,1.0
2026-05-08 20:00,0.2331,0.2331,0.2331,1,1.0
2026-05-08 23:00,0.2347,0.2347,0.2347,1,1.0
2026-05-09 02:00,0.2361,0.2361,0.2361,1,1.0
2026-05-09 05:00,0.2374,0.2374,0.2374,1,1.0
2026-05-09 08:00,0.2352,0.2352,0.2352,1,1.0
2026-05-09 11:00,0.2253,0.2253,0.2253,1,1.0
2026-05-09 14:00,0.2136,0.2136,0.2136,1,1.0
2026-05-09 17:00,0.2086,0.2086,0.2086,1,1.0
2026-05-09 20:00,0.21,0.21,0.21,1,1.0
2026-05-09 23:00,0.2244,0.2244,0.2244,1,1.0
2026-05-10 02:00,0.2703,0.2703,0.2703,1,1.0
2026-05-10 05:00,0.2668,0.2668,0.2668,1,1.0
2026-05-10 08:00,0.2542,0.2542,0.2542,1,1.0
2026-05-10 11:00,0.2452,0.2452,0.2452,1,1.0
2026-05-10 14:00,0.2335,0.2335,0.2335,1,1.0
2026-05-10 17:00,0.2224,0.2224,0.2224,1,1.0
2026-05-10 20:00,0.2239,0.2239,0.2239,1,1.0
2026-05-10 23:00,0.227,0.227,0.227,1,1.0
2026-05-11 02:00,0.232,0.232,0.232,1,1.0
2026-05-11 05:00,0.2365,0.2365,0.2365,1,1.0
2026-05-11 08:00,0.2374,0.2374,0.2374,1,1.0
2026-05-11 11:00,0.2303,0.2303,0.2303,1,1.0
2026-05-11 14:00,0.2201,0.2201,0.2201,1,1.0
2026-05-11 17:00,0.2147,0.2147,0.2147,1,1.0
2026-05-11 20:00,0.2156,0.2156,0.2156,1,1.0
2026-05-11 23:00,0.2176,0.2176,0.2176,1,1.0
2026-05-12 02:00,0.2194,0.2194,0.2194,1,1.0
2026-05-12 05:00,0.2212,0.2212,0.2212,1,1.0
2026-05-12 08:00,0.2197,0.2197,0.2197,1,1.0
2026-05-12 11:00,0.2112,0.2112,0.2112,1,1.0
2026-05-12 14:00,0.2025,0.2025,0.2025,1,1.0
2026-05-12 17:00,0.1981,0.1981,0.1981,1,1.0
2026-05-12 20:00,0.1987,0.1987,0.1987,1,1.0
2026-05-12 23:00,0.2009,0.2009,0.2009,1,1.0
2026-05-13 02:00,0.203,0.203,0.203,1,1.0
2026-05-13 05:00,0.2055,0.2055,0.2055,1,1.0
2026-05-13 08:00,0.1661,0.1661,0.1661,1,1.0
2026-05-13 11:00,0.1736,0.1736,0.1736,1,1.0
2026-05-13 14:00,0.2008,0.2008,0.2008,1,1.0
2026-05-13 17:00,0.2427,0.2427,0.2427,1,1.0
2026-05-13 20:00,0.2567,0.2567,0.2567,1,1.0
2026-05-13 23:00,0.2521,0.2521,0.2521,1,1.0
2026-05-14 02:00,0.2503,0.2503,0.2503,1,1.0
2026-05-14 05:00,0.2498,0.2498,0.2498,1,1.0
2026-05-14 08:00,0.2456,0.2456,0.2456,1,1.0
2026-05-14 11:00,0.2416,0.2416,0.2416,1,1.0
2026-05-14 14:00,0.2568,0.2568,0.2568,1,1.0
2026-05-14 17:00,0.2552,0.2552,0.2552,1,1.0
2026-05-14 20:00,0.2541,0.2541,0.2541,1,1.0
2026-05-14 23:00,0.2549,0.2549,0.2549,1,1.0
2026-05-15 02:00,0.255,0.255,0.255,1,1.0
2026-05-15 05:00,0.2608,0.2608,0.2608,1,1.0
2026-05-15 08:00,0.267,0.267,0.267,1,1.0
2026-05-15 11:00,0.2746,0.2746,0.2746,1,1.0
2026-05-15 14:00,0.265,0.265,0.265,1,1.0
2026-05-15 17:00,0.2562,0.2562,0.2562,1,1.0
2026-05-15 20:00,0.2543,0.2543,0.2543,1,1.0
2026-05-15 23:00,0.2568,0.2568,0.2568,1,1.0
2026-05-16 02:00,0.2597,0.2597,0.2597,1,1.0
2026-05-16 05:00,0.3036,0.3036,0.3036,1,1.0
2026-05-16 08:00,0.3216,0.3216,0.3216,1,1.0
2026-05-16 11:00,0.2828,0.2828,0.2828,1,1.0
2026-05-16 14:00,0.2612,0.2612,0.2612,1,1.0
2026-05-16 17:00,0.2496,0.2496,0.2496,1,1.0
2026-05-16 20:00,0.2475,0.2475,0.2475,1,1.0
2026-05-16 23:00,0.2478,0.2478,0.2478,1,1.0
2026-05-17 02:00,0.2487,0.2487,0.2487,1,1.0
2026-05-17 05:00,0.2492,0.2492,0.2492,1,1.0
2026-05-17 08:00,0.2455,0.2455,0.2455,1,1.0
2026-05-17 11:00,0.2355,0.2355,0.2355,1,1.0
2026-05-17 14:00,0.2258,0.2258,0.2258,1,1.0
2026-05-17 17:00,0.2214,0.2214,0.2214,1,1.0
2026-05-17 20:00,0.2216,0.2216,0.2216,1,1.0
2026-05-17 23:00,0.2232,0.2232,0.2232,1,1.0
2026-05-18 02:00,0.2249,0.2249,0.2249,1,1.0
2026-05-18 05:00,0.2265,0.2265,0.2265,1,1.0
2026-05-18 08:00,0.2235,0.2235,0.2235,1,1.0
2026-05-18 11:00,0.2169,0.2169,0.2169,1,1.0
2026-05-18 14:00,0.2104,0.2104,0.2104,1,1.0
2026-05-18 17:00,0.2056,0.2056,0.2056,1,1.0
2026-05-18 20:00,0.2063,0.2063,0.2063,1,1.0
2026-05-18 23:00,0.2085,0.2085,0.2085,1,1.0
2026-05-19 02:00,0.2108,0.2108,0.2108,1,1.0
2026-05-19 05:00,0.2129,0.2129,0.2129,1,1.0
2026-05-19 08:00,0.2128,0.2128,0.2128,1,1.0
2026-05-19 11:00,0.2072,0.2072,0.2072,1,1.0
2026-05-19 14:00,0.1998,0.1998,0.1998,1,1.0
2026-05-19 17:00,0.1966,0.1966,0.1966,1,1.0
2026-05-19 20:00,0.1982,0.1982,0.1982,1,1.0
2026-05-19 23:00,0.2005,0.2005,0.2005,1,1.0
2026-05-20 02:00,0.2025,0.2025,0.2025,1,1.0
2026-05-20 05:00,0.2045,0.2045,0.2045,1,1.0
2026-05-20 08:00,0.2043,0.2043,0.2043,1,1.0
2026-05-20 11:00,0.1974,0.1974,0.1974,1,1.0
2026-05-20 14:00,0.1896,0.1896,0.1896,1,1.0
2026-05-20 17:00,0.1902,0.1902,0.1902,1,1.0
2026-05-20 20:00,0.1935,0.1935,0.1935,1,1.0
2026-05-20 23:00,0.1958,0.1958,0.1958,1,1.0
2026-05-21 02:00,0.1979,0.1979,0.1979,1,1.0
2026-05-21 05:00,0.199,0.199,0.199,1,1.0
2026-05-21 08:00,0.1761,0.1761,0.1761,1,1.0
2026-05-21 11:00,0.1713,0.1713,0.1713,1,1.0
2026-05-21 14:00,0.1646,0.1646,0.1646,1,1.0
2026-05-21 17:00,0.1617,0.1617,0.1617,1,1.0
2026-05-21 20:00,0.1592,0.1592,0.1592,1,1.0
2026-05-21 23:00,0.1616,0.1616,0.1616,1,1.0
2026-05-22 02:00,0.1638,0.1638,0.1638,1,1.0
2026-05-22 05:00,0.1659,0.1659,0.1659,1,1.0
2026-05-22 08:00,0.1652,0.1652,0.1652,1,1.0
2026-05-22 11:00,0.1593,0.1593,0.1593,1,1.0
2026-05-22 14:00,0.1522,0.1522,0.1522,1,1.0
2026-05-22 17:00,0.148,0.148,0.148,1,1.0
2026-05-22 20:00,0.1486,0.1486,0.1486,1,1.0
2026-05-22 23:00,0.1505,0.1505,0.1505,1,1.0
2026-05-23 02:00,0.1524,0.1524,0.1524,1,1.0
2026-05-23 05:00,0.1544,0.1544,0.1544,1,1.0
2026-05-23 08:00,0.1449,0.1449,0.1449,1,1.0
2026-05-23 11:00,0.1407,0.1407,0.1407,1,1.0
2026-05-23 14:00,0.1346,0.1346,0.1346,1,1.0
2026-05-23 17:00,0.1349,0.1349,0.1349,1,1.0
2026-05-23 20:00,0.1357,0.1357,0.1357,1,1.0
2026-05-23 23:00,0.1373,0.1373,0.1373,1,1.0
2026-05-24 02:00,0.139,0.139,0.139,1,1.0
2026-05-24 05:00,0.1405,0.1405,0.1405,1,1.0
2026-05-24 08:00,0.1349,0.1349,0.1349,1,1.0
2026-05-24 11:00,0.1307,0.1307,0.1307,1,1.0
2026-05-24 14:00,0.1261,0.1261,0.1261,1,1.0
2026-05-24 17:00,0.1235,0.1235,0.1235,1,1.0
2026-05-24 20:00,0.1203,0.1203,0.1203,1,1.0
2026-05-24 23:00,0.1226,0.1226,0.1226,1,1.0
2026-05-25 02:00,0.1249,0.1249,0.1249,1,1.0
2026-05-25 05:00,0.1272,0.1272,0.1272,1,1.0
2026-05-25 08:00,0.1277,0.1277,0.1277,1,1.0
2026-05-25 11:00,0.1244,0.1244,0.1244,1,1.0
2026-05-25 14:00,0.1188,0.1188,0.1188,1,1.0
2026-05-25 17:00,0.1162,0.1162,0.1162,1,1.0
2026-05-25 20:00,0.1181,0.1181,0.1181,1,1.0
2026-05-25 23:00,0.1212,0.1212,0.1212,1,1.0
2026-05-26 02:00,0.1238,0.1238,0.1238,1,1.0
2026-05-26 05:00,0.1261,0.1261,0.1261,1,1.0
2026-05-26 08:00,0.1147,0.1147,0.1147,1,1.0
2026-05-26 11:00,0.113,0.113,0.113,1,1.0
2026-05-26 14:00,0.1102,0.1102,0.1102,1,1.0
2026-05-26 17:00,0.1109,0.1109,0.1109,1,1.0
2026-05-26 20:00,0.1134,0.1134,0.1134,1,1.0
2026-05-26 23:00,0.1157,0.1157,0.1157,1,1.0
2026-05-27 02:00,0.118,0.118,0.118,1,1.0
2026-05-27 05:00,0.1207,0.1207,0.1207,1,1.0
2026-05-27 08:00,0.1212,0.1212,0.1212,1,1.0
2026-05-27 11:00,0.117,0.117,0.117,1,1.0
2026-05-27 14:00,0.1131,0.1131,0.1131,1,1.0
2026-05-27 17:00,0.112,0.112,0.112,1,1.0
2026-05-27 20:00,0.1144,0.1144,0.1144,1,1.0
2026-05-27 23:00,0.1176,0.1176,0.1176,1,1.0
2026-05-28 02:00,0.1206,0.1206,0.1206,1,1.0
2026-05-28 05:00,0.1231,0.1231,0.1231,1,1.0
2026-05-28 08:00,0.1239,0.1239,0.1239,1,1.0
2026-05-28 11:00,0.1206,0.1206,0.1206,1,1.0
2026-05-28 14:00,0.1164,0.1164,0.1164,1,1.0
2026-05-28 17:00,0.1164,0.1164,0.1164,1,1.0
2026-05-28 20:00,0.1187,0.1187,0.1187,1,1.0
2026-05-28 23:00,0.1214,0.1214,0.1214,1,1.0
2026-05-29 02:00,0.1238,0.1238,0.1238,1,1.0
2026-05-29 05:00,0.1254,0.1254,0.1254,1,1.0
2026-05-29 08:00,0.121,0.121,0.121,1,1.0
2026-05-29 11:00,0.1166,0.1166,0.1166,1,1.0
2026-05-29 14:00,0.111,0.111,0.111,1,1.0
2026-05-29 17:00,0.108,0.108,0.108,1,1.0
2026-05-29 20:00,0.109,0.109,0.109,1,1.0
2026-05-29 23:00,0.1107,0.1107,0.1107,1,1.0
2026-05-30 02:00,0.1125,0.1125,0.1125,1,1.0
2026-05-30 05:00,0.1139,0.1139,0.1139,1,1.0
2026-05-30 08:00,0.1134,0.1134,0.1134,1,1.0
2026-05-30 11:00,0.109,0.109,0.109,1,1.0
2026-05-30 14:00,0.1041,0.1041,0.1041,1,1.0
2026-05-30 17:00,0.1023,0.1023,0.1023,1,1.0
2026-05-30 20:00,0.1039,0.1039,0.1039,1,1.0
2026-05-30 23:00,0.1057,0.1057,0.1057,1,1.0
2026-05-31 02:00,0.1075,0.1075,0.1075,1,1.0
2026-05-31 05:00,0.1092,0.1092,0.1092,1,1.0
2026-05-31 08:00,0.1092,0.1092,0.1092,1,1.0
2026-05-31 11:00,0.1052,0.1052,0.1052,1,1.0
2026-05-31 14:00,0.1009,0.1009,0.1009,1,1.0
2026-05-31 17:00,0.0995,0.0995,0.0995,1,1.0
2026-05-31 20:00,0.1008,0.1008,0.1008,1,1.0
2026-05-31 23:00,0.1032,0.1032,0.1032,1,1.0
2026-06-01 02:00,0.1053,0.1053,0.1053,1,1.0
2026-06-01 05:00,0.107,0.107,0.107,1,1.0
2026-06-01 08:00,0.1073,0.1073,0.1073,1,1.0
2026-06-01 11:00,0.1051,0.1051,0.1051,1,1.0
2026-06-01 14:00,0.1026,0.1026,0.1026,1,1.0
2026-06-01 17:00,0.1018,0.1018,0.1018,1,1.0
2026-06-01 20:00,0.103,0.103,0.103,1,1.0
2026-06-01 23:00,0.1043,0.1043,0.1043,1,1.0
2026-06-02 02:00,0.1056,0.1056,0.1056,1,1.0
2026-06-02 05:00,0.1074,0.1074,0.1074,1,1.0
2026-06-02 08:00,0.1079,0.1079,0.1079,1,1.0
2026-06-02 11:00,0.1053,0.1053,0.1053,1,1.0
2026-06-02 14:00,0.103,0.103,0.103,1,1.0
2026-06-02 17:00,0.1023,0.1023,0.1023,1,1.0
2026-06-02 20:00,0.1036,0.1036,0.1036,1,1.0
2026-06-02 23:00,0.1056,0.1056,0.1056,1,1.0
2026-06-03 02:00,0.1077,0.1077,0.1077,1,1.0
2026-06-03 05:00,0.1097,0.1097,0.1097,1,1.0
2026-06-03 08:00,0.1052,0.1052,0.1052,1,1.0
2026-06-03 11:00,0.1047,0.1047,0.1047,1,1.0
2026-06-03 14:00,0.1043,0.1043,0.1043,1,1.0
2026-06-03 17:00,0.1076,0.1076,0.1076,1,1.0
2026-06-03 20:00,0.1091,0.1091,0.1091,1,1.0
2026-06-03 23:00,0.1107,0.1107,0.1107,1,1.0
2026-06-04 02:00,0.112,0.112,0.112,1,1.0
2026-06-04 05:00,0.1139,0.1139,0.1139,1,1.0
2026-06-04 08:00,0.1146,0.1146,0.1146,1,1.0
2026-06-04 11:00,0.1109,0.1109,0.1109,1,1.0
2026-06-04 14:00,0.1072,0.1072,0.1072,1,1.0
2026-06-04 17:00,0.1061,0.1061,0.1061,1,1.0
2026-06-04 20:00,0.107,0.107,0.107,1,1.0
2026-06-04 23:00,0.1086,0.1086,0.1086,1,1.0
2026-06-05 02:00,0.1103,0.1103,0.1103,1,1.0
2026-06-05 05:00,0.1118,0.1118,0.1118,1,1.0
2026-06-05 08:00,0.1123,0.1123,0.1123,1,1.0
2026-06-05 11:00,0.1087,0.1087,0.1087,1,1.0
2026-06-05 14:00,0.1042,0.1042,0.1042,1,1.0
2026-06-05 17:00,0.1025,0.1025,0.1025,1,1.0
2026-06-05 20:00,0.1032,0.1032,0.1032,1,1.0
2026-06-05 23:00,0.1043,0.1043,0.1043,1,1.0
2026-06-06 02:00,0.1057,0.1057,0.1057,1,1.0
2026-06-06 05:00,0.1068,0.1068,0.1068,1,1.0
2026-06-06 08:00,0.1036,0.1036,0.1036,1,1.0
2026-06-06 11:00,0.1002,0.1002,0.1002,1,1.0
2026-06-06 14:00,0.0961,0.0961,0.0961,1,1.0
2026-06-06 17:00,0.0942,0.0942,0.0942,1,1.0
2026-06-06 20:00,0.0949,0.0949,0.0949,1,1.0
2026-06-06 23:00,0.0964,0.0964,0.0964,1,1.0
2026-06-07 02:00,0.0983,0.0983,0.0983,1,1.0
2026-06-07 05:00,0.1005,0.1005,0.1005,1,1.0
2026-06-07 08:00,0.1008,0.1008,0.1008,1,1.0
2026-06-07 11:00,0.0974,0.0974,0.0974,1,1.0
2026-06-07 14:00,0.0937,0.0937,0.0937,1,1.0
2026-06-07 17:00,0.0918,0.0918,0.0918,1,1.0
2026-06-07 20:00,0.0925,0.0925,0.0925,1,1.0
2026-06-07 23:00,0.0941,0.0941,0.0941,1,1.0
2026-06-08 02:00,0.0959,0.0959,0.0959,1,1.0
2026-06-08 05:00,0.0978,0.0978,0.0978,1,1.0
2026-06-08 08:00,0.0982,0.0982,0.0982,1,1.0
2026-06-08 11:00,0.0952,0.0952,0.0952,1,1.0
2026-06-08 14:00,0.0914,0.0914,0.0914,1,1.0
2026-06-08 17:00,0.1022,0.1022,0.1022,1,1.0
2026-06-08 20:00,0.1029,0.1029,0.1029,1,1.0
2026-06-08 23:00,0.1048,0.1048,0.1048,1,1.0
2026-06-09 02:00,0.1058,0.1058,0.1058,1,1.0
2026-06-09 05:00,0.1066,0.1066,0.1066,1,1.0
2026-06-09 08:00,0.0994,0.0994,0.0994,1,1.0
2026-06-09 11:00,0.0958,0.0958,0.0958,1,1.0
2026-06-09 14:00,0.0918,0.0918,0.0918,1,1.0
2026-06-09 17:00,0.0907,0.0907,0.0907,1,1.0
2026-06-09 20:00,0.0902,0.0902,0.0902,1,1.0
2026-06-09 23:00,0.092,0.092,0.092,1,1.0
2026-06-10 02:00,0.094,0.094,0.094,1,1.0
2026-06-10 05:00,0.0956,0.0956,0.0956,1,1.0
2026-06-10 08:00,0.0964,0.0964,0.0964,1,1.0
2026-06-10 11:00,0.0931,0.0931,0.0931,1,1.0
2026-06-10 14:00,0.0897,0.0897,0.0897,1,1.0
2026-06-10 17:00,0.0885,0.0885,0.0885,1,1.0
2026-06-10 20:00,0.0891,0.0891,0.0891,1,1.0
2026-06-10 23:00,0.0904,0.0904,0.0904,1,1.0
2026-06-11 02:00,0.0918,0.0918,0.0918,1,1.0
2026-06-11 05:00,0.0937,0.0937,0.0937,1,1.0
2026-06-11 08:00,0.0868,0.0868,0.0868,1,1.0
2026-06-11 11:00,0.0853,0.0853,0.0853,1,1.0
2026-06-11 14:00,0.0833,0.0833,0.0833,1,1.0
2026-06-11 17:00,0.0892,0.0892,0.0892,1,1.0
2026-06-11 20:00,0.0902,0.0902,0.0902,1,1.0
2026-06-11 23:00,0.0914,0.0914,0.0914,1,1.0
2026-06-12 02:00,0.0922,0.0922,0.0922,1,1.0
2026-06-12 05:00,0.0928,0.0928,0.0928,1,1.0
2026-06-12 08:00,0.0927,0.0927,0.0927,1,1.0
2026-06-12 11:00,0.0895,0.0895,0.0895,1,1.0
2026-06-12 14:00,0.0851,0.0851,0.0851,1,1.0
2026-06-12 17:00,0.0828,0.0828,0.0828,1,1.0
2026-06-12 20:00,0.084,0.084,0.084,1,1.0
2026-06-12 23:00,0.0858,0.0858,0.0858,1,1.0
2026-06-13 02:00,0.0874,0.0874,0.0874,1,1.0
2026-06-13 05:00,0.0889,0.0889,0.0889,1,1.0
2026-06-13 08:00,0.0888,0.0888,0.0888,1,1.0
2026-06-13 11:00,0.0854,0.0854,0.0854,1,1.0
2026-06-13 14:00,0.0807,0.0807,0.0807,1,1.0
2026-06-13 17:00,0.0782,0.0782,0.0782,1,1.0
2026-06-13 20:00,0.0789,0.0789,0.0789,1,1.0
2026-06-13 23:00,0.0798,0.0798,0.0798,1,1.0
2026-06-14 02:00,0.0806,0.0806,0.0806,1,1.0
2026-06-14 05:00,0.0821,0.0821,0.0821,1,1.0
2026-06-14 08:00,0.0847,0.0847,0.0847,1,1.0
2026-06-14 11:00,0.0823,0.0823,0.0823,1,1.0
2026-06-14 14:00,0.0786,0.0786,0.0786,1,1.0
2026-06-14 17:00,0.0767,0.0767,0.0767,1,1.0
2026-06-14 20:00,0.077,0.077,0.077,1,1.0
2026-06-14 23:00,0.0797,0.0797,0.0797,1,1.0
2026-06-15 02:00,0.082,0.082,0.082,1,1.0
2026-06-15 05:00,0.0833,0.0833,0.0833,1,1.0
2026-06-15 08:00,0.0833,0.0833,0.0833,1,1.0
2026-06-15 11:00,0.0821,0.0821,0.0821,1,1.0
2026-06-15 14:00,0.0805,0.0805,0.0805,1,1.0
2026-06-15 17:00,0.0801,0.0801,0.0801,1,1.0
2026-06-15 20:00,0.0817,0.0817,0.0817,1,1.0
2026-06-15 23:00,0.0832,0.0832,0.0832,1,1.0
2026-06-16 02:00,0.1003,0.1003,0.1003,1,1.0
2026-06-16 05:00,0.1171,0.1171,0.1171,1,1.0
2026-06-16 08:00,0.1124,0.1124,0.1124,1,1.0
2026-06-16 11:00,0.1061,0.1061,0.1061,1,1.0
2026-06-16 14:00,0.0993,0.0993,0.0993,1,1.0
2026-06-16 17:00,0.1082,0.1082,0.1082,1,1.0
2026-06-16 20:00,0.117,0.117,0.117,1,1.0
2026-06-16 23:00,0.1213,0.1213,0.1213,1,1.0
2026-06-17 02:00,0.1216,0.1216,0.1216,1,1.0
2026-06-17 05:00,0.122,0.122,0.122,1,1.0
2026-06-17 08:00,0.1172,0.1172,0.1172,1,1.0
2026-06-17 11:00,0.1102,0.1102,0.1102,1,1.0
2026-06-17 14:00,0.1049,0.1049,0.1049,1,1.0
2026-06-17 17:00,0.1034,0.1034,0.1034,1,1.0
2026-06-17 20:00,0.1068,0.1068,0.1068,1,1.0
2026-06-17 23:00,0.1074,0.1074,0.1074,1,1.0
2026-06-18 02:00,0.108,0.108,0.108,1,1.0
2026-06-18 05:00,0.1086,0.1086,0.1086,1,1.0
2026-06-18 08:00,0.1074,0.1074,0.1074,1,1.0
2026-06-18 11:00,0.1011,0.1011,0.1011,1,1.0
2026-06-18 14:00,0.0934,0.0934,0.0934,1,1.0
2026-06-18 17:00,0.0888,0.0888,0.0888,1,1.0
2026-06-18 20:00,0.0888,0.0888,0.0888,1,1.0
2026-06-18 23:00,0.0907,0.0907,0.0907,1,1.0
2026-06-19 02:00,0.0923,0.0923,0.0923,1,1.0
2026-06-19 05:00,0.0926,0.0926,0.0926,1,1.0
2026-06-19 08:00,0.0914,0.0914,0.0914,1,1.0
2026-06-19 11:00,0.0862,0.0862,0.0862,1,1.0
2026-06-19 14:00,0.0806,0.0806,0.0806,1,1.0
2026-06-19 17:00,0.084,0.084,0.084,1,1.0
2026-06-19 20:00,0.0854,0.0854,0.0854,1,1.0
2026-06-19 23:00,0.0874,0.0874,0.0874,1,1.0
2026-06-20 02:00,0.0887,0.0887,0.0887,1,1.0
2026-06-20 05:00,0.0904,0.0904,0.0904,1,1.0
2026-06-20 08:00,0.0901,0.0901,0.0901,1,1.0
2026-06-20 11:00,0.0857,0.0857,0.0857,1,1.0
2026-06-20 14:00,0.0812,0.0812,0.0812,1,1.0
2026-06-20 17:00,0.0794,0.0794,0.0794,1,1.0
2026-06-20 20:00,0.0797,0.0797,0.0797,1,1.0
2026-06-20 23:00,0.0802,0.0802,0.0802,1,1.0
2026-06-21 02:00,0.0813,0.0813,0.0813,1,1.0
2026-06-21 05:00,0.0822,0.0822,0.0822,1,1.0
2026-06-21 08:00,0.082,0.082,0.082,1,1.0
2026-06-21 11:00,0.0779,0.0779,0.0779,1,1.0
2026-06-21 14:00,0.0735,0.0735,0.0735,1,1.0
2026-06-21 17:00,0.0721,0.0721,0.0721,1,1.0
2026-06-21 20:00,0.0725,0.0725,0.0725,1,1.0
2026-06-21 23:00,0.0733,0.0733,0.0733,1,1.0
2026-06-22 02:00,0.0744,0.0744,0.0744,1,1.0
2026-06-22 05:00,0.0754,0.0754,0.0754,1,1.0
2026-06-22 08:00,0.0658,0.0658,0.0658,1,1.0
2026-06-22 11:00,0.0642,0.0642,0.0642,1,1.0
2026-06-22 14:00,0.0628,0.0628,0.0628,1,1.0
2026-06-22 17:00,0.0635,0.0635,0.0635,1,1.0
2026-06-22 20:00,0.0673,0.0673,0.0673,1,1.0
2026-06-22 23:00,0.0696,0.0696,0.0696,1,1.0
2026-06-23 02:00,0.0713,0.0713,0.0713,1,1.0
2026-06-23 05:00,0.0726,0.0726,0.0726,1,1.0
2026-06-23 08:00,0.0729,0.0729,0.0729,1,1.0
2026-06-23 11:00,0.0703,0.0703,0.0703,1,1.0
2026-06-23 14:00,0.0858,0.0858,0.0858,1,1.0
2026-06-23 17:00,0.1178,0.1178,0.1178,1,1.0
2026-06-23 20:00,0.1307,0.1307,0.1307,1,1.0
2026-06-23 23:00,0.1281,0.1281,0.1281,1,1.0
2026-06-24 02:00,0.1262,0.1262,0.1262,1,1.0
2026-06-24 05:00,0.1249,0.1249,0.1249,1,1.0
2026-06-24 08:00,0.1129,0.1129,0.1129,1,1.0
2026-06-24 11:00,0.1058,0.1058,0.1058,1,1.0
2026-06-24 14:00,0.0992,0.0992,0.0992,1,1.0
2026-06-24 17:00,0.0958,0.0958,0.0958,1,1.0
2026-06-24 20:00,0.0962,0.0962,0.0962,1,1.0
2026-06-24 23:00,0.0975,0.0975,0.0975,1,1.0
2026-06-25 02:00,0.0988,0.0988,0.0988,1,1.0
2026-06-25 05:00,0.0996,0.0996,0.0996,1,1.0
2026-06-25 08:00,0.0965,0.0965,0.0965,1,1.0
2026-06-25 11:00,0.0951,0.0951,0.0951,1,1.0
2026-06-25 14:00,0.1327,0.1327,0.1327,1,1.0
2026-06-25 17:00,0.1737,0.1737,0.1737,1,1.0
2026-06-25 20:00,0.2289,0.2289,0.2289,1,1.0
2026-06-25 23:00,0.2043,0.2043,0.2043,1,1.0
2026-06-26 02:00,0.1853,0.1853,0.1853,1,1.0
2026-06-26 05:00,0.1753,0.1753,0.1753,1,1.0
2026-06-26 08:00,0.166,0.166,0.166,1,1.0
2026-06-26 11:00,0.1513,0.1513,0.1513,1,1.0
2026-06-26 14:00,0.1371,0.1371,0.1371,1,1.0
2026-06-26 17:00,0.1296,0.1296,0.1296,1,1.0
2026-06-26 20:00,0.1272,0.1272,0.1272,1,1.0
2026-06-26 23:00,0.1266,0.1266,0.1266,1,1.0
2026-06-27 02:00,0.1261,0.1261,0.1261,1,1.0
2026-06-27 05:00,0.1254,0.1254,0.1254,1,1.0
2026-06-27 08:00,0.1186,0.1186,0.1186,1,1.0
2026-06-27 11:00,0.1096,0.1096,0.1096,1,1.0
2026-06-27 14:00,0.1006,0.1006,0.1006,1,1.0
2026-06-27 17:00,0.1026,0.1026,0.1026,1,1.0
2026-06-27 20:00,0.1052,0.1052,0.1052,1,1.0
2026-06-27 23:00,0.1053,0.1053,0.1053,1,1.0
2026-06-28 02:00,0.1052,0.1052,0.1052,1,1.0
2026-06-28 05:00,0.1052,0.1052,0.1052,1,1.0
2026-06-28 08:00,0.1033,0.1033,0.1033,1,1.0
2026-06-28 11:00,0.096,0.096,0.096,1,1.0
2026-06-28 14:00,0.088,0.088,0.088,1,1.0
2026-06-28 17:00,0.0852,0.0852,0.0852,1,1.0
2026-06-28 20:00,0.0863,0.0863,0.0863,1,1.0
2026-06-28 23:00,0.0882,0.0882,0.0882,1,1.0
2026-06-29 02:00,0.0897,0.0897,0.0897,1,1.0
2026-06-29 05:00,0.0905,0.0905,0.0905,1,1.0
2026-06-29 08:00,0.0892,0.0892,0.0892,1,1.0
2026-06-29 11:00,0.0835,0.0835,0.0835,1,1.0
2026-06-29 14:00,0.0832,0.0832,0.0832,1,1.0
2026-06-29 17:00,0.1178,0.1178,0.1178,1,1.0
2026-06-29 20:00,0.1574,0.1574,0.1574,1,1.0
2026-06-29 23:00,0.1708,0.1708,0.1708,1,1.0
2026-06-30 02:00,0.1758,0.1758,0.1758,1,1.0
2026-06-30 05:00,0.1793,0.1793,0.1793,1,1.0
2026-06-30 08:00,0.1539,0.1539,0.1539,1,1.0
2026-06-30 11:00,0.1396,0.1396,0.1396,1,1.0
2026-06-30 14:00,0.1296,0.1296,0.1296,1,1.0
2026-06-30 17:00,0.1643,0.1643,0.1643,1,1.0
2026-06-30 20:00,0.1731,0.1731,0.1731,1,1.0
2026-06-30 23:00,0.1659,0.1659,0.1659,1,1.0
2026-07-01 02:00,0.161,0.161,0.161,1,1.0
2026-07-01 05:00,0.1592,0.1592,0.1592,1,1.0
2026-07-01 08:00,0.1534,0.1534,0.1534,1,1.0
2026-07-01 11:00,0.1413,0.1413,0.1413,1,1.0
2026-07-01 14:00,0.1313,0.1313,0.1313,1,1.0
2026-07-01 17:00,0.1288,0.1288,0.1288,1,1.0
2026-07-01 20:00,0.1287,0.1287,0.1287,1,1.0
2026-07-01 23:00,0.1287,0.1287,0.1287,1,1.0
2026-07-02 02:00,0.1286,0.1286,0.1286,1,1.0
2026-07-02 05:00,0.1283,0.1283,0.1283,1,1.0
2026-07-02 08:00,0.125,0.125,0.125,1,1.0
2026-07-02 11:00,0.1303,0.1303,0.1303,1,1.0
2026-07-02 14:00,0.1399,0.1399,0.1399,1,1.0
2026-07-02 17:00,0.1518,0.1518,0.1518,1,1.0
2026-07-02 20:00,0.1941,0.1941,0.1941,1,1.0
2026-07-02 23:00,0.1807,0.1807,0.1807,1,1.0
2026-07-03 02:00,0.1781,0.1781,0.1781,1,1.0
2026-07-03 05:00,0.173,0.173,0.173,1,1.0
2026-07-03 08:00,0.1666,0.1666,0.1666,1,1.0
2026-07-03 11:00,0.1539,0.1539,0.1539,1,1.0
2026-07-03 14:00,0.1435,0.1435,0.1435,1,1.0
2026-07-03 17:00,0.1388,0.1388,0.1388,1,1.0
2026-07-03 20:00,0.1359,0.1359,0.1359,1,1.0
2026-07-03 23:00,0.1345,0.1345,0.1345,1,1.0
2026-07-04 02:00,0.1335,0.1335,0.1335,1,1.0
2026-07-04 05:00,0.1325,0.1325,0.1325,1,1.0
2026-07-04 08:00,0.1297,0.1297,0.1297,1,1.0
2026-07-04 11:00,0.122,0.122,0.122,1,1.0
2026-07-04 14:00,0.1123,0.1123,0.1123,1,1.0
2026-07-04 17:00,0.104,0.104,0.104,1,1.0
2026-07-04 20:00,0.1011,0.1011,0.1011,1,1.0
2026-07-04 23:00,0.1004,0.1004,0.1004,1,1.0
2026-07-05 02:00,0.1002,0.1002,0.1002,1,1.0
2026-07-05 05:00,0.1006,0.1006,0.1006,1,1.0
2026-07-05 08:00,0.1016,0.1016,0.1016,1,1.0
2026-07-05 11:00,0.0957,0.0957,0.0957,1,1.0
2026-07-05 14:00,0.0878,0.0878,0.0878,1,1.0
2026-07-05 17:00,0.0802,0.0802,0.0802,1,1.0
2026-07-05 20:00,0.0788,0.0788,0.0788,1,1.0
2026-07-05 23:00,0.0798,0.0798,0.0798,1,1.0
2026-07-06 02:00,0.0814,0.0814,0.0814,1,1.0
2026-07-06 05:00,0.0827,0.0827,0.0827,1,1.0
2026-07-06 08:00,0.0825,0.0825,0.0825,1,1.0
2026-07-06 11:00,0.0808,0.0808,0.0808,1,1.0
2026-07-06 14:00,0.0821,0.0821,0.0821,1,1.0
2026-07-06 17:00,0.0861,0.0861,0.0861,1,1.0
2026-07-06 20:00,0.0903,0.0903,0.0903,1,1.0
2026-07-06 23:00,0.093,0.093,0.093,1,1.0
2026-07-07 02:00,0.0942,0.0942,0.0942,1,1.0
2026-07-07 05:00,0.0957,0.0957,0.0957,1,1.0
2026-07-07 08:00,0.0953,0.0953,0.0953,1,1.0
2026-07-07 11:00,0.0912,0.0912,0.0912,1,1.0
2026-07-07 14:00,0.0883,0.0883,0.0883,1,1.0
2026-07-07 17:00,0.088,0.088,0.088,1,1.0
2026-07-07 20:00,0.0908,0.0908,0.0908,1,1.0
2026-07-07 23:00,0.0927,0.0927,0.0927,1,1.0
2026-07-08 02:00,0.0941,0.0941,0.0941,1,1.0
2026-07-08 05:00,0.0959,0.0959,0.0959,1,1.0
2026-07-08 08:00,0.09,0.09,0.09,1,1.0
2026-07-08 11:00,0.0875,0.0875,0.0875,1,1.0
2026-07-08 14:00,0.0836,0.0836,0.0836,1,1.0
2026-07-08 17:00,0.0809,0.0809,0.0809,1,1.0
2026-07-08 20:00,0.0868,0.0868,0.0868,1,1.0
2026-07-08 23:00,0.0881,0.0881,0.0881,1,1.0
2026-07-09 02:00,0.0892,0.0892,0.0892,1,1.0
2026-07-09 05:00,0.0898,0.0898,0.0898,1,1.0
2026-07-09 08:00,0.0902,0.0902,0.0902,1,1.0
2026-07-09 11:00,0.0872,0.0872,0.0872,1,1.0
2026-07-09 14:00,0.1003,0.1003,0.1003,1,1.0
2026-07-09 17:00,0.113,0.113,0.113,1,1.0
2026-07-09 20:00,0.1175,0.1175,0.1175,1,1.0
2026-07-09 23:00,0.1172,0.1172,0.1172,1,1.0
2026-07-10 02:00,0.1169,0.1169,0.1169,1,1.0
2026-07-10 05:00,0.1167,0.1167,0.1167,1,1.0
2026-07-10 08:00,0.099,0.099,0.099,1,1.0
2026-07-10 11:00,0.093,0.093,0.093,1,1.0
2026-07-10 14:00,0.0856,0.0856,0.0856,1,1.0
2026-07-10 17:00,0.0899,0.0899,0.0899,1,1.0
2026-07-10 20:00,0.0899,0.0899,0.0899,1,1.0
2026-07-10 23:00,0.0916,0.0916,0.0916,1,1.0
2026-07-11 02:00,0.0933,0.0933,0.0933,1,1.0
2026-07-11 05:00,0.0946,0.0946,0.0946,1,1.0
2026-07-11 08:00,0.0818,0.0818,0.0818,1,1.0
2026-07-11 11:00,0.0775,0.0775,0.0775,1,1.0
2026-07-11 14:00,0.0736,0.0736,0.0736,1,1.0
2026-07-11 17:00,0.0714,0.0714,0.0714,1,1.0
2026-07-11 20:00,0.0741,0.0741,0.0741,1,1.0
2026-07-11 23:00,0.0751,0.0751,0.0751,1,1.0
2026-07-12 02:00,0.0762,0.0762,0.0762,1,1.0
2026-07-12 05:00,0.0774,0.0774,0.0774,1,1.0
2026-07-12 08:00,0.0771,0.0771,0.0771,1,1.0
2026-07-12 11:00,0.0733,0.0733,0.0733,1,1.0
2026-07-12 14:00,0.0691,0.0691,0.0691,1,1.0
2026-07-12 17:00,0.0675,0.0675,0.0675,1,1.0
2026-07-12 20:00,0.0686,0.0686,0.0686,1,1.0
2026-07-12 23:00,0.07,0.07,0.07,1,1.0
2026-07-13 02:00,0.0717,0.0717,0.0717,1,1.0
2026-07-13 05:00,0.0723,0.0723,0.0723,1,1.0
2026-07-13 08:00,0.0682,0.0682,0.0682,1,1.0
2026-07-13 11:00,0.0655,0.0655,0.0655,1,1.0
2026-07-13 14:00,0.0617,0.0617,0.0617,1,1.0
2026-07-13 17:00,0.0679,0.0679,0.0679,1,1.0
2026-07-13 20:00,0.0683,0.0683,0.0683,1,1.0
2026-07-13 23:00,0.0691,0.0691,0.0691,1,1.0
2026-07-14 02:00,0.07,0.07,0.07,1,1.0
2026-07-14 05:00,0.0719,0.0719,0.0719,1,1.0
2026-07-14 08:00,0.0725,0.0725,0.0725,1,1.0
2026-07-14 11:00,0.0695,0.0695,0.0695,1,1.0
2026-07-14 14:00,0.0664,0.0664,0.0664,1,1.0
2026-07-14 17:00,0.064,0.064,0.064,1,1.0
2026-07-14 20:00,0.065,0.065,0.065,1,1.0
2026-07-14 23:00,0.0672,0.0672,0.0672,1,1.0
2026-07-15 02:00,0.0688,0.0688,0.0688,1,1.0
2026-07-15 05:00,0.071,0.071,0.071,1,1.0
2026-07-15 08:00,0.0722,0.0722,0.0722,1,1.0
2026-07-15 11:00,0.069,0.069,0.069,1,1.0
2026-07-15 14:00,0.0648,0.0648,0.0648,1,1.0
2026-07-15 17:00,0.0623,0.0623,0.0623,1,1.0
2026-07-15 20:00,0.0622,0.0622,0.0622,1,1.0
2026-07-15 23:00,0.0631,0.0631,0.0631,1,1.0
2026-07-16 02:00,0.0644,0.0644,0.0644,1,1.0
2026-07-16 05:00,0.0662,0.0662,0.0662,1,1.0
2026-07-16 08:00,0.0596,0.0596,0.0596,1,1.0
2026-07-16 11:00,0.0586,0.0586,0.0586,1,1.0
2026-07-16 14:00,0.0559,0.0559,0.0559,1,1.0
2026-07-16 17:00,0.0557,0.0557,0.0557,1,1.0
2026-07-16 20:00,0.0575,0.0575,0.0575,1,1.0
2026-07-16 23:00,0.0599,0.0599,0.0599,1,1.0
2026-07-17 02:00,0.0622,0.0622,0.0622,1,1.0
2026-07-17 05:00,0.0648,0.0648,0.0648,1,1.0
2026-07-17 08:00,0.0658,0.0658,0.0658,1,1.0
2026-07-17 11:00,0.0634,0.0634,0.0634,1,1.0
2026-07-17 14:00,0.061,0.061,0.061,1,1.0
2026-07-17 17:00,0.0599,0.0599,0.0599,1,1.0
2026-07-17 20:00,0.0602,0.0602,0.0602,1,1.0
2026-07-17 23:00,0.0611,0.0611,0.0611,1,1.0
2026-07-18 02:00,0.0623,0.0623,0.0623,1,1.0
2026-07-18 05:00,0.0639,0.0639,0.0639,1,1.0
2026-07-18 08:00,0.0412,0.0412,0.0412,1,1.0
2026-07-18 11:00,0.0409,0.0409,0.0409,1,1.0
2026-07-18 14:00,0.0407,0.0407,0.0407,1,1.0
2026-07-18 17:00,0.0412,0.0412,0.0412,1,1.0
2026-07-18 20:00,0.0431,0.0431,0.0431,1,1.0
2026-07-18 23:00,0.0453,0.0453,0.0453,1,1.0
2026-07-19 02:00,0.0473,0.0473,0.0473,1,1.0
2026-07-19 05:00,0.0494,0.0494,0.0494,1,1.0
2026-07-19 08:00,0.0489,0.0489,0.0489,1,1.0
2026-07-19 11:00,0.0492,0.0492,0.0492,1,1.0
2026-07-19 14:00,0.0494,0.0494,0.0494,1,1.0
2026-07-19 17:00,0.0498,0.0498,0.0498,1,1.0
2026-07-19 20:00,0.056,0.056,0.056,1,1.0
2026-07-19 23:00,0.0576,0.0576,0.0576,1,1.0
2026-07-20 02:00,0.0588,0.0588,0.0588,1,1.0
2026-07-20 05:00,0.0598,0.0598,0.0598,1,1.0
2026-07-20 08:00,0.0596,0.0596,0.0596,1,1.0
2026-07-20 11:00,0.057,0.057,0.057,1,1.0
2026-07-20 14:00,0.0545,0.0545,0.0545,1,1.0
2026-07-20 17:00,0.0534,0.0534,0.0534,1,1.0
2026-07-20 20:00,0.0547,0.0547,0.0547,1,1.0
2026-07-20 23:00,0.057,0.057,0.057,1,1.0
2026-07-21 02:00,0.0594,0.0594,0.0594,1,1.0
2026-07-21 05:00,0.0611,0.0611,0.0611,1,1.0
2026-07-21 08:00,0.0472,0.0472,0.0472,1,1.0
2026-07-21 11:00,0.0468,0.0468,0.0468,1,1.0
2026-07-21 14:00,0.0451,0.0451,0.0451,1,1.0
2026-07-21 17:00,0.0452,0.0452,0.0452,1,1.0
2026-07-21 20:00,0.0471,0.0471,0.0471,1,1.0
2026-07-21 23:00,0.0493,0.0493,0.0493,1,1.0
2026-07-22 02:00,0.051,0.051,0.051,1,1.0
2026-07-22 05:00,0.0522,0.0522,0.0522,1,1.0
2026-07-22 08:00,0.0527,0.0527,0.0527,1,1.0
2026-07-22 11:00,0.0516,0.0516,0.0516,1,1.0
2026-07-22 14:00,0.0502,0.0502,0.0502,1,1.0
2026-07-22 17:00,0.0496,0.0496,0.0496,1,1.0
2026-07-22 20:00,0.0504,0.0504,0.0504,1,1.0
2026-07-22 23:00,0.0516,0.0516,0.0516,1,1.0
2026-07-23 02:00,0.0527,0.0527,0.0527,1,1.0
2026-07-23 05:00,0.0534,0.0534,0.0534,1,1.0
2026-07-23 08:00,0.0538,0.0538,0.0538,1,1.0
2026-07-23 11:00,0.0526,0.0526,0.0526,1,1.0
2026-07-23 14:00,0.0507,0.0507,0.0507,1,1.0
2026-07-23 17:00,0.0503,0.0503,0.0503,1,1.0
2026-07-23 20:00,0.0518,0.0518,0.0518,1,1.0
2026-07-23 23:00,0.0536,0.0536,0.0536,1,1.0
2026-07-24 02:00,0.0552,0.0552,0.0552,1,1.0
2026-07-24 05:00,0.056,0.056,0.056,1,1.0
2026-07-24 08:00,0.0561,0.0561,0.0561,1,1.0
2026-07-24 11:00,0.0549,0.0549,0.0549,1,1.0
2026-07-24 14:00,0.0542,0.0542,0.0542,1,1.0
2026-07-24 17:00,0.0537,0.0537,0.0537,1,1.0
2026-07-24 20:00,0.0493,0.0493,0.0493,1,1.0
2026-07-24 23:00,0.0515,0.0515,0.0515,1,1.0
2026-07-25 02:00,0.0536,0.0536,0.0536,1,1.0
2026-07-25 05:00,0.0558,0.0558,0.0558,1,1.0
2026-07-25 08:00,0.0571,0.0571,0.0571,1,1.0
2026-07-25 11:00,0.0563,0.0563,0.0563,1,1.0
2026-07-25 14:00,0.0544,0.0544,0.0544,1,1.0
2026-07-25 17:00,0.0539,0.0539,0.0539,1,1.0
2026-07-25 20:00,0.0551,0.0551,0.0551,1,1.0
2026-07-25 23:00,0.056,0.056,0.056,1,1.0
2026-07-26 02:00,0.0565,0.0565,0.0565,1,1.0
2026-07-26 05:00,0.0571,0.0571,0.0571,1,1.0
2026-07-26 08:00,0.0594,0.0594,0.0594,1,1.0
2026-07-26 11:00,0.0628,0.0628,0.0628,1,1.0
2026-07-26 14:00,0.0628,0.0628,0.0628,1,1.0
2026-07-26 17:00,0.0702,0.0702,0.0702,1,1.0
2026-07-26 20:00,0.0737,0.0737,0.0737,1,1.0
2026-07-26 23:00,0.1038,0.1038,0.1038,1,1.0
2026-07-27 02:00,0.1261,0.1261,0.1261,1,1.0
2026-07-27 05:00,0.141,0.141,0.141,1,1.0
2026-07-27 08:00,0.1442,0.1442,0.1442,1,1.0
2026-07-27 11:00,0.1351,0.1351,0.1351,1,1.0
2026-07-27 14:00,0.1269,0.1269,0.1269,1,1.0
2026-07-27 17:00,0.1224,0.1224,0.1224,1,1.0
2026-07-27 20:00,0.1193,0.1193,0.1193,1,1.0
2026-07-27 23:00,0.1181,0.1181,0.1181,1,1.0
2026-07-28 02:00,0.1192,0.1192,0.1192,1,1.0
2026-07-28 05:00,0.1204,0.1204,0.1204,1,1.0
2026-07-28 08:00,0.1185,0.1185,0.1185,1,1.0
2026-07-28 11:00,0.1127,0.1127,0.1127,1,1.0
2026-07-28 14:00,0.1064,0.1064,0.1064,1,1.0
2026-07-28 17:00,0.1074,0.1074,0.1074,1,1.0
2026-07-28 20:00,0.1078,0.1078,0.1078,1,1.0
2026-07-28 23:00,0.1071,0.1071,0.1071,1,1.0
2026-07-29 02:00,0.1062,0.1062,0.1062,1,1.0
2026-07-29 05:00,0.105,0.105,0.105,1,1.0
2026-07-29 08:00,0.1036,0.1036,0.1036,1,1.0
2026-07-29 11:00,0.0976,0.0976,0.0976,1,1.0
2026-07-29 14:00,0.0907,0.0907,0.0907,1,1.0
2026-07-29 17:00,0.0891,0.0891,0.0891,1,1.0
2026-07-29 20:00,0.0884,0.0884,0.0884,1,1.0
2026-07-29 23:00,0.0884,0.0884,0.0884,1,1.0
2026-07-30 02:00,0.0882,0.0882,0.0882,1,1.0
2026-07-30 05:00,0.0881,0.0881,0.0881,1,1.0
2026-07-30 08:00,0.0869,0.0869,0.0869,1,1.0
2026-07-30 11:00,0.0821,0.0821,0.0821,1,1.0
2026-07-30 14:00,0.0767,0.0767,0.0767,1,1.0
2026-07-30 17:00,0.074,0.074,0.074,1,1.0
2026-07-30 20:00,0.0733,0.0733,0.0733,1,1.0
2026-07-30 23:00,0.0729,0.0729,0.0729,1,1.0
2026-07-31 02:00,0.073,0.073,0.073,1,1.0
2026-07-31 05:00,0.0728,0.0728,0.0728,1,1.0
2026-07-31 08:00,0.0717,0.0717,0.0717,1,1.0
2026-07-31 11:00,0.0684,0.0684,0.0684,1,1.0
2026-07-31 14:00,0.0645,0.0645,0.0645,1,1.0
2026-07-31 17:00,0.0631,0.0631,0.0631,1,1.0
2026-07-31 20:00,0.064,0.064,0.064,1,1.0
2026-07-31 23:00,0.0652,0.0652,0.0652,1,1.0
2026-08-01 02:00,0.0665,0.0665,0.0665,1,1.0
2026-08-01 05:00,0.0683,0.0683,0.0683,1,1.0
2026-08-01 08:00,0.0623,0.0623,0.0623,1,1.0
2026-08-01 11:00,0.0609,0.0609,0.0609,1,1.0
2026-08-01 14:00,0.0584,0.0584,0.0584,1,1.0
2026-08-01 17:00,0.0573,0.0573,0.0573,1,1.0
2026-08-01 20:00,0.055,0.055,0.055,1,1.0
2026-08-01 23:00,0.056,0.056,0.056,1,1.0
2026-08-02 02:00,0.0571,0.0571,0.0571,1,1.0
2026-08-02 05:00,0.0578,0.0578,0.0578,1,1.0
2026-08-02 08:00,0.0581,0.0581,0.0581,1,1.0
2026-08-02 11:00,0.0584,0.0584,0.0584,1,1.0
2026-08-02 14:00,0.0689,0.0689,0.0689,1,1.0
2026-08-02 17:00,0.0994,0.0994,0.0994,1,1.0
2026-08-02 20:00,0.1432,0.1432,0.1432,1,1.0
2026-08-02 23:00,0.1693,0.1693,0.1693,1,1.0
2026-08-03 02:00,0.1874,0.1874,0.1874,1,1.0
2026-08-03 05:00,0.1743,0.1743,0.1743,1,1.0
2026-08-03 08:00,0.1615,0.1615,0.1615,1,1.0
2026-08-03 11:00,0.1448,0.1448,0.1448,1,1.0
2026-08-03 14:00,0.1341,0.1341,0.1341,1,1.0
2026-08-03 17:00,0.1338,0.1338,0.1338,1,1.0
2026-08-03 20:00,0.1413,0.1413,0.1413,1,1.0
2026-08-03 23:00,0.1418,0.1418,0.1418,1,1.0
2026-08-04 02:00,0.1394,0.1394,0.1394,1,1.0
2026-08-04 05:00,0.1368,0.1368,0.1368,1,1.0
2026-08-04 08:00,0.1288,0.1288,0.1288,1,1.0
2026-08-04 11:00,0.1199,0.1199,0.1199,1,1.0
2026-08-04 14:00,0.1119,0.1119,0.1119,1,1.0
2026-08-04 17:00,0.1122,0.1122,0.1122,1,1.0
2026-08-04 20:00,0.1174,0.1174,0.1174,1,1.0
2026-08-04 23:00,0.1178,0.1178,0.1178,1,1.0
2026-08-05 02:00,0.1193,0.1193,0.1193,1,1.0
2026-08-05 05:00,0.1191,0.1191,0.1191,1,1.0
2026-08-05 08:00,0.1163,0.1163,0.1163,1,1.0
2026-08-05 11:00,0.1088,0.1088,0.1088,1,1.0
2026-08-05 14:00,0.1014,0.1014,0.1014,1,1.0
2026-08-05 17:00,0.0973,0.0973,0.0973,1,1.0
2026-08-05 20:00,0.0966,0.0966,0.0966,1,1.0
2026-08-05 23:00,0.0964,0.0964,0.0964,1,1.0
2026-08-06 02:00,0.0961,0.0961,0.0961,1,1.0
2026-08-06 05:00,0.0957,0.0957,0.0957,1,1.0
2026-08-06 08:00,0.0929,0.0929,0.0929,1,1.0
2026-08-06 11:00,0.0879,0.0879,0.0879,1,1.0
2026-08-06 14:00,0.0836,0.0836,0.0836,1,1.0
2026-08-06 17:00,0.0793,0.0793,0.0793,1,1.0
2026-08-06 20:00,0.08,0.08,0.08,1,1.0
2026-08-06 23:00,0.0812,0.0812,0.0812,1,1.0
2026-08-07 02:00,0.0817,0.0817,0.0817,1,1.0
2026-08-07 05:00,0.0819,0.0819,0.0819,1,1.0
2026-08-07 08:00,0.0816,0.0816,0.0816,1,1.0
2026-08-07 11:00,0.0788,0.0788,0.0788,1,1.0
2026-08-07 14:00,0.0756,0.0756,0.0756,1,1.0
2026-08-07 17:00,0.0739,0.0739,0.0739,1,1.0
2026-08-07 20:00,0.0747,0.0747,0.0747,1,1.0
2026-08-07 23:00,0.0757,0.0757,0.0757,1,1.0
2026-08-08 02:00,0.0765,0.0765,0.0765,1,1.0
2026-08-08 05:00,0.0776,0.0776,0.0776,1,1.0
2026-08-08 08:00,0.077,0.077,0.077,1,1.0
2026-08-08 11:00,0.0739,0.0739,0.0739,1,1.0
2026-08-08 14:00,0.0721,0.0721,0.0721,1,1.0
2026-08-08 17:00,0.0726,0.0726,0.0726,1,1.0
2026-08-08 20:00,0.0754,0.0754,0.0754,1,1.0
2026-08-08 23:00,0.0765,0.0765,0.0765,1,1.0
2026-08-09 02:00,0.0762,0.0762,0.0762,1,1.0
2026-08-09 05:00,0.0766,0.0766,0.0766,1,1.0
2026-08-09 08:00,0.0912,0.0912,0.0912,1,1.0
2026-08-09 11:00,0.0862,0.0862,0.0862,1,1.0
2026-08-09 14:00,0.0805,0.0805,0.0805,1,1.0
2026-08-09 17:00,0.0781,0.0781,0.0781,1,1.0
2026-08-09 20:00,0.0737,0.0737,0.0737,1,1.0
2026-08-09 23:00,0.0741,0.0741,0.0741,1,1.0
2026-08-10 02:00,0.0746,0.0746,0.0746,1,1.0
2026-08-10 05:00,0.0748,0.0748,0.0748,1,1.0
2026-08-10 08:00,0.0744,0.0744,0.0744,1,1.0
2026-08-10 11:00,0.0712,0.0712,0.0712,1,1.0
2026-08-10 14:00,0.0671,0.0671,0.0671,1,1.0
2026-08-10 17:00,0.0658,0.0658,0.0658,1,1.0
2026-08-10 20:00,0.066,0.066,0.066,1,1.0
2026-08-10 23:00,0.0663,0.0663,0.0663,1,1.0
2026-08-11 02:00,0.0665,0.0665,0.0665,1,1.0
2026-08-11 05:00,0.0669,0.0669,0.0669,1,1.0
2026-08-11 08:00,0.0668,0.0668,0.0668,1,1.0
2026-08-11 11:00,0.0644,0.0644,0.0644,1,1.0
2026-08-11 14:00,0.0629,0.0629,0.0629,1,1.0
2026-08-11 17:00,0.0613,0.0613,0.0613,1,1.0
2026-08-11 20:00,0.0639,0.0639,0.0639,1,1.0
2026-08-11 23:00,0.0652,0.0652,0.0652,1,1.0
2026-08-12 02:00,0.0667,0.0667,0.0667,1,1.0
2026-08-12 05:00,0.068,0.068,0.068,1,1.0
2026-08-12 08:00,0.0662,0.0662,0.0662,1,1.0
2026-08-12 11:00,0.0654,0.0654,0.0654,1,1.0
2026-08-12 14:00,0.0835,0.0835,0.0835,1,1.0
2026-08-12 17:00,0.1167,0.1167,0.1167,1,1.0
2026-08-12 20:00,0.1541,0.1541,0.1541,1,1.0
2026-08-12 23:00,0.1585,0.1585,0.1585,1,1.0
2026-08-13 02:00,0.1532,0.1532,0.1532,1,1.0
2026-08-13 05:00,0.1464,0.1464,0.1464,1,1.0
2026-08-13 08:00,0.1396,0.1396,0.1396,1,1.0
2026-08-13 11:00,0.1289,0.1289,0.1289,1,1.0
2026-08-13 14:00,0.1261,0.1261,0.1261,1,1.0
2026-08-13 17:00,0.144,0.144,0.144,1,1.0
2026-08-13 20:00,0.1518,0.1518,0.1518,1,1.0
2026-08-13 23:00,0.1519,0.1519,0.1519,1,1.0
2026-08-14 02:00,0.1463,0.1463,0.1463,1,1.0
2026-08-14 05:00,0.1417,0.1417,0.1417,1,1.0
2026-08-14 08:00,0.1376,0.1376,0.1376,1,1.0
2026-08-14 11:00,0.1273,0.1273,0.1273,1,1.0
2026-08-14 14:00,0.117,0.117,0.117,1,1.0
2026-08-14 17:00,0.1167,0.1167,0.1167,1,1.0
2026-08-14 20:00,0.1146,0.1146,0.1146,1,1.0
2026-08-14 23:00,0.1132,0.1132,0.1132,1,1.0
2026-08-15 02:00,0.1117,0.1117,0.1117,1,1.0
2026-08-15 05:00,0.1102,0.1102,0.1102,1,1.0
2026-08-15 08:00,0.1071,0.1071,0.1071,1,1.0
2026-08-15 11:00,0.1005,0.1005,0.1005,1,1.0
2026-08-15 14:00,0.0939,0.0939,0.0939,1,1.0
2026-08-15 17:00,0.091,0.091,0.091,1,1.0
2026-08-15 20:00,0.0911,0.0911,0.0911,1,1.0
2026-08-15 23:00,0.0915,0.0915,0.0915,1,1.0
2026-08-16 02:00,0.0918,0.0918,0.0918,1,1.0
2026-08-16 05:00,0.0921,0.0921,0.0921,1,1.0
2026-08-16 08:00,0.0912,0.0912,0.0912,1,1.0
2026-08-16 11:00,0.0885,0.0885,0.0885,1,1.0
2026-08-16 14:00,0.0855,0.0855,0.0855,1,1.0
2026-08-16 17:00,0.0841,0.0841,0.0841,1,1.0
2026-08-16 20:00,0.0846,0.0846,0.0846,1,1.0
2026-08-16 23:00,0.0851,0.0851,0.0851,1,1.0
2026-08-17 02:00,0.0861,0.0861,0.0861,1,1.0
2026-08-17 05:00,0.0869,0.0869,0.0869,1,1.0
2026-08-17 08:00,0.0847,0.0847,0.0847,1,1.0
2026-08-17 11:00,0.0962,0.0962,0.0962,1,1.0
2026-08-17 14:00,0.169,0.169,0.169,1,1.0
2026-08-17 17:00,0.2234,0.2234,0.2234,1,1.0
2026-08-17 20:00,0.2357,0.2357,0.2357,1,1.0
2026-08-17 23:00,0.2194,0.2194,0.2194,1,1.0
2026-08-18 02:00,0.2861,0.2861,0.2861,1,1.0
2026-08-18 05:00,0.2627,0.2627,0.2627,1,1.0
2026-08-18 08:00,0.2085,0.2085,0.2085,1,1.0
2026-08-18 11:00,0.1782,0.1782,0.1782,1,1.0
2026-08-18 14:00,0.1589,0.1589,0.1589,1,1.0
2026-08-18 17:00,0.1502,0.1502,0.1502,1,1.0
2026-08-18 20:00,0.1477,0.1477,0.1477,1,1.0
2026-08-18 23:00,0.1465,0.1465,0.1465,1,1.0
2026-08-19 02:00,0.1449,0.1449,0.1449,1,1.0
2026-08-19 05:00,0.1432,0.1432,0.1432,1,1.0
2026-08-19 08:00,0.1428,0.1428,0.1428,1,1.0
2026-08-19 11:00,0.1333,0.1333,0.1333,1,1.0
2026-08-19 14:00,0.1233,0.1233,0.1233,1,1.0
2026-08-19 17:00,0.1132,0.1132,0.1132,1,1.0
2026-08-19 20:00,0.1125,0.1125,0.1125,1,1.0
2026-08-19 23:00,0.1128,0.1128,0.1128,1,1.0
2026-08-20 02:00,0.1131,0.1131,0.1131,1,1.0
2026-08-20 05:00,0.1132,0.1132,0.1132,1,1.0
2026-08-20 08:00,0.1082,0.1082,0.1082,1,1.0
2026-08-20 11:00,0.1041,0.1041,0.1041,1,1.0
2026-08-20 14:00,0.0989,0.0989,0.0989,1,1.0
2026-08-20 17:00,0.096,0.096,0.096,1,1.0
2026-08-20 20:00,0.0933,0.0933,0.0933,1,1.0
2026-08-20 23:00,0.0936,0.0936,0.0936,1,1.0
2026-08-21 02:00,0.0939,0.0939,0.0939,1,1.0
2026-08-21 05:00,0.0941,0.0941,0.0941,1,1.0
2026-08-21 08:00,0.0943,0.0943,0.0943,1,1.0
2026-08-21 11:00,0.092,0.092,0.092,1,1.0
2026-08-21 14:00,0.0883,0.0883,0.0883,1,1.0
2026-08-21 17:00,0.0886,0.0886,0.0886,1,1.0
2026-08-21 20:00,0.0904,0.0904,0.0904,1,1.0
2026-08-21 23:00,0.0922,0.0922,0.0922,1,1.0
2026-08-22 02:00,0.0937,0.0937,0.0937,1,1.0
2026-08-22 05:00,0.0943,0.0943,0.0943,1,1.0
2026-08-22 08:00,0.0952,0.0952,0.0952,1,1.0
2026-08-22 11:00,0.0943,0.0943,0.0943,1,1.0
2026-08-22 14:00,0.0905,0.0905,0.0905,1,1.0
2026-08-22 17:00,0.089,0.089,0.089,1,1.0
2026-08-22 20:00,0.0896,0.0896,0.0896,1,1.0
2026-08-22 23:00,0.0904,0.0904,0.0904,1,1.0
2026-08-23 02:00,0.0962,0.0962,0.0962,1,1.0
2026-08-23 05:00,0.1015,0.1015,0.1015,1,1.0
2026-08-23 08:00,0.1014,0.1014,0.1014,1,1.0
2026-08-23 11:00,0.0958,0.0958,0.0958,1,1.0
2026-08-23 14:00,0.089,0.089,0.089,1,1.0
2026-08-23 17:00,0.0858,0.0858,0.0858,1,1.0
2026-08-23 20:00,0.0853,0.0853,0.0853,1,1.0
2026-08-23 23:00,0.0862,0.0862,0.0862,1,1.0
2026-08-24 02:00,0.0868,0.0868,0.0868,1,1.0
2026-08-24 05:00,0.0877,0.0877,0.0877,1,1.0
2026-08-24 08:00,0.0882,0.0882,0.0882,1,1.0
2026-08-24 11:00,0.0846,0.0846,0.0846,1,1.0
2026-08-24 14:00,0.0797,0.0797,0.0797,1,1.0
2026-08-24 17:00,0.0779,0.0779,0.0779,1,1.0
2026-08-24 20:00,0.078,0.078,0.078,1,1.0
2026-08-24 23:00,0.0795,0.0795,0.0795,1,1.0
2026-08-25 02:00,0.081,0.081,0.081,1,1.0
2026-08-25 05:00,0.0824,0.0824,0.0824,1,1.0
2026-08-25 08:00,0.0758,0.0758,0.0758,1,1.0
2026-08-25 11:00,0.0757,0.0757,0.0757,1,1.0
2026-08-25 14:00,0.0755,0.0755,0.0755,1,1.0
2026-08-25 17:00,0.0753,0.0753,0.0753,1,1.0
2026-08-25 20:00,0.077,0.077,0.077,1,1.0
2026-08-25 23:00,0.0785,0.0785,0.0785,1,1.0
2026-08-26 02:00,0.0804,0.0804,0.0804,1,1.0
2026-08-26 05:00,0.0821,0.0821,0.0821,1,1.0
2026-08-26 08:00,0.0828,0.0828,0.0828,1,1.0
2026-08-26 11:00,0.0791,0.0791,0.0791,1,1.0
2026-08-26 14:00,0.0749,0.0749,0.0749,1,1.0
2026-08-26 17:00,0.074,0.074,0.074,1,1.0
2026-08-26 20:00,0.0753,0.0753,0.0753,1,1.0
2026-08-26 23:00,0.0764,0.0764,0.0764,1,1.0
2026-08-27 02:00,0.078,0.078,0.078,1,1.0
2026-08-27 05:00,0.0794,0.0794,0.0794,1,1.0
2026-08-27 08:00,0.0762,0.0762,0.0762,1,1.0
2026-08-27 11:00,0.0735,0.0735,0.0735,1,1.0
2026-08-27 14:00,0.0697,0.0697,0.0697,1,1.0
2026-08-27 17:00,0.0691,0.0691,0.0691,1,1.0
2026-08-27 20:00,0.07,0.07,0.07,1,1.0
2026-08-27 23:00,0.0702,0.0702,0.0702,1,1.0
2026-08-28 02:00,0.0708,0.0708,0.0708,1,1.0
2026-08-28 05:00,0.0721,0.0721,0.0721,1,1.0
2026-08-28 08:00,0.0588,0.0588,0.0588,1,1.0
2026-08-28 11:00,0.0568,0.0568,0.0568,1,1.0
2026-08-28 14:00,0.0541,0.0541,0.0541,1,1.0
2026-08-28 17:00,0.0539,0.0539,0.0539,1,1.0
2026-08-28 20:00,0.0558,0.0558,0.0558,1,1.0
2026-08-28 23:00,0.0569,0.0569,0.0569,1,1.0
2026-08-29 02:00,0.0588,0.0588,0.0588,1,1.0
2026-08-29 05:00,0.0608,0.0608,0.0608,1,1.0
2026-08-29 08:00,0.0615,0.0615,0.0615,1,1.0
2026-08-29 11:00,0.0598,0.0598,0.0598,1,1.0
2026-08-29 14:00,0.0567,0.0567,0.0567,1,1.0
2026-08-29 17:00,0.0556,0.0556,0.0556,1,1.0
2026-08-29 20:00,0.0571,0.0571,0.0571,1,1.0
2026-08-29 23:00,0.0586,0.0586,0.0586,1,1.0
2026-08-30 02:00,0.0602,0.0602,0.0602,1,1.0
2026-08-30 05:00,0.0617,0.0617,0.0617,1,1.0
2026-08-30 08:00,0.0616,0.0616,0.0616,1,1.0
2026-08-30 11:00,0.0607,0.0607,0.0607,1,1.0
2026-08-30 14:00,0.0603,0.0603,0.0603,1,1.0
2026-08-30 17:00,0.0606,0.0606,0.0606,1,1.0
2026-08-30 20:00,0.0619,0.0619,0.0619,1,1.0
2026-08-30 23:00,0.065,0.065,0.065,1,1.0
2026-08-31 02:00,0.0669,0.0669,0.0669,1,1.0
2026-08-31 05:00,0.0692,0.0692,0.0692,1,1.0
2026-08-31 08:00,0.0713,0.0713,0.0713,1,1.0
2026-08-31 11:00,0.071,0.071,0.071,1,1.0
2026-08-31 14:00,0.0702,0.0702,0.0702,1,1.0
2026-08-31 17:00,0.0704,0.0704,0.0704,1,1.0
2026-08-31 20:00,0.0719,0.0719,0.0719,1,1.0
2026-08-31 23:00,0.0738,0.0738,0.0738,1,1.0
2026-09-01 02:00,0.0752,0.0752,0.0752,1,1.0
2026-09-01 05:00,0.076,0.076,0.076,1,1.0
2026-09-01 08:00,0.0764,0.0764,0.0764,1,1.0
2026-09-01 11:00,0.0741,0.0741,0.0741,1,1.0
2026-09-01 14:00,0.0709,0.0709,0.0709,1,1.0
2026-09-01 17:00,0.0699,0.0699,0.0699,1,1.0
2026-09-01 20:00,0.0704,0.0704,0.0704,1,1.0
2026-09-01 23:00,0.0711,0.0711,0.0711,1,1.0
2026-09-02 02:00,0.0725,0.0725,0.0725,1,1.0
2026-09-02 05:00,0.0735,0.0735,0.0735,1,1.0
2026-09-02 08:00,0.0676,0.0676,0.0676,1,1.0
2026-09-02 11:00,0.0663,0.0663,0.0663,1,1.0
2026-09-02 14:00,0.0653,0.0653,0.0653,1,1.0
2026-09-02 17:00,0.0646,0.0646,0.0646,1,1.0
2026-09-02 20:00,0.0632,0.0632,0.0632,1,1.0
2026-09-02 23:00,0.0643,0.0643,0.0643,1,1.0
2026-09-03 02:00,0.0649,0.0649,0.0649,1,1.0
2026-09-03 05:00,0.0659,0.0659,0.0659,1,1.0
2026-09-03 08:00,0.067,0.067,0.067,1,1.0
2026-09-03 11:00,0.0654,0.0654,0.0654,1,1.0
2026-09-03 14:00,0.063,0.063,0.063,1,1.0
2026-09-03 17:00,0.0626,0.0626,0.0626,1,1.0
2026-09-03 20:00,0.0631,0.0631,0.0631,1,1.0
2026-09-03 23:00,0.0635,0.0635,0.0635,1,1.0
2026-09-04 02:00,0.065,0.065,0.065,1,1.0
2026-09-04 05:00,0.066,0.066,0.066,1,1.0
2026-09-04 08:00,0.0679,0.0679,0.0679,1,1.0
2026-09-04 11:00,0.0654,0.0654,0.0654,1,1.0
2026-09-04 14:00,0.0614,0.0614,0.0614,1,1.0
2026-09-04 17:00,0.0581,0.0581,0.0581,1,1.0
2026-09-04 20:00,0.0589,0.0589,0.0589,1,1.0
2026-09-04 23:00,0.0604,0.0604,0.0604,1,1.0
2026-09-05 02:00,0.0608,0.0608,0.0608,1,1.0
2026-09-05 05:00,0.062,0.062,0.062,1,1.0
2026-09-05 08:00,0.0532,0.0532,0.0532,1,1.0
2026-09-05 11:00,0.0535,0.0535,0.0535,1,1.0
2026-09-05 14:00,0.0524,0.0524,0.0524,1,1.0
2026-09-05 17:00,0.0527,0.0527,0.0527,1,1.0
2026-09-05 20:00,0.051,0.051,0.051,1,1.0
2026-09-05 23:00,0.0525,0.0525,0.0525,1,1.0
2026-09-06 02:00,0.0538,0.0538,0.0538,1,1.0
2026-09-06 05:00,0.0548,0.0548,0.0548,1,1.0
2026-09-06 08:00,0.056,0.056,0.056,1,1.0
2026-09-06 11:00,0.0555,0.0555,0.0555,1,1.0
2026-09-06 14:00,0.0541,0.0541,0.0541,1,1.0
2026-09-06 17:00,0.0543,0.0543,0.0543,1,1.0
2026-09-06 20:00,0.0552,0.0552,0.0552,1,1.0
2026-09-06 23:00,0.0564,0.0564,0.0564,1,1.0
2026-09-07 02:00,0.0579,0.0579,0.0579,1,1.0
2026-09-07 05:00,0.0595,0.0595,0.0595,1,1.0
2026-09-07 08:00,0.0552,0.0552,0.0552,1,1.0
2026-09-07 11:00,0.054,0.054,0.054,1,1.0
2026-09-07 14:00,0.0519,0.0519,0.0519,1,1.0
2026-09-07 17:00,0.051,0.051,0.051,1,1.0
2026-09-07 20:00,0.0517,0.0517,0.0517,1,1.0
2026-09-07 23:00,0.0534,0.0534,0.0534,1,1.0
2026-09-08 02:00,0.0558,0.0558,0.0558,1,1.0
2026-09-08 05:00,0.0579,0.0579,0.0579,1,1.0
2026-09-08 08:00,0.0592,0.0592,0.0592,1,1.0
2026-09-08 11:00,0.0607,0.0607,0.0607,1,1.0
2026-09-08 14:00,0.0747,0.0747,0.0747,1,1.0
2026-09-08 17:00,0.1076,0.1076,0.1076,1,1.0
2026-09-08 20:00,0.1561,0.1561,0.1561,1,1.0
2026-09-08 23:00,0.1822,0.1822,0.1822,1,1.0
2026-09-09 02:00,0.1709,0.1709,0.1709,1,1.0
2026-09-09 05:00,0.1607,0.1607,0.1607,1,1.0
2026-09-09 08:00,0.1534,0.1534,0.1534,1,1.0
2026-09-09 11:00,0.1443,0.1443,0.1443,1,1.0
2026-09-09 14:00,0.1361,0.1361,0.1361,1,1.0
2026-09-09 17:00,0.1315,0.1315,0.1315,1,1.0
2026-09-09 20:00,0.1303,0.1303,0.1303,1,1.0
2026-09-09 23:00,0.1293,0.1293,0.1293,1,1.0
2026-09-10 02:00,0.1283,0.1283,0.1283,1,1.0
2026-09-10 05:00,0.1274,0.1274,0.1274,1,1.0
2026-09-10 08:00,0.1257,0.1257,0.1257,1,1.0
2026-09-10 11:00,0.1197,0.1197,0.1197,1,1.0
2026-09-10 14:00,0.1127,0.1127,0.1127,1,1.0
2026-09-10 17:00,0.1217,0.1217,0.1217,1,1.0
2026-09-10 20:00,0.1031,0.1031,0.1031,1,1.0
2026-09-10 23:00,0.1036,0.1036,0.1036,1,1.0
2026-09-11 02:00,0.1219,0.1219,0.1219,1,1.0
2026-09-11 05:00,0.1708,0.1708,0.1708,1,1.0
2026-09-11 08:00,0.172,0.172,0.172,1,1.0
2026-09-11 11:00,0.1582,0.1582,0.1582,1,1.0
2026-09-11 14:00,0.1516,0.1516,0.1516,1,1.0
2026-09-11 17:00,0.1585,0.1585,0.1585,1,1.0
2026-09-11 20:00,0.162,0.162,0.162,1,1.0
2026-09-11 23:00,0.1609,0.1609,0.1609,1,1.0
2026-09-12 02:00,0.1561,0.1561,0.1561,1,1.0
2026-09-12 05:00,0.1511,0.1511,0.1511,1,1.0
2026-09-12 08:00,0.1412,0.1412,0.1412,1,1.0
2026-09-12 11:00,0.1344,0.1344,0.1344,1,1.0
2026-09-12 14:00,0.1306,0.1306,0.1306,1,1.0
2026-09-12 17:00,0.1276,0.1276,0.1276,1,1.0
2026-09-12 20:00,0.1294,0.1294,0.1294,1,1.0
2026-09-12 23:00,0.1292,0.1292,0.1292,1,1.0
2026-09-13 02:00,0.1282,0.1282,0.1282,1,1.0
2026-09-13 05:00,0.1273,0.1273,0.1273,1,1.0
2026-09-13 08:00,0.1147,0.1147,0.1147,1,1.0
2026-09-13 11:00,0.1103,0.1103,0.1103,1,1.0
2026-09-13 14:00,0.1042,0.1042,0.1042,1,1.0
2026-09-13 17:00,0.1008,0.1008,0.1008,1,1.0
2026-09-13 20:00,0.0942,0.0942,0.0942,1,1.0
2026-09-13 23:00,0.0941,0.0941,0.0941,1,1.0
2026-09-14 02:00,0.0942,0.0942,0.0942,1,1.0
2026-09-14 05:00,0.0944,0.0944,0.0944,1,1.0
2026-09-14 08:00,0.094,0.094,0.094,1,1.0
2026-09-14 11:00,0.091,0.091,0.091,1,1.0
2026-09-14 14:00,0.0878,0.0878,0.0878,1,1.0
2026-09-14 17:00,0.0889,0.0889,0.0889,1,1.0
2026-09-14 20:00,0.0897,0.0897,0.0897,1,1.0
2026-09-14 23:00,0.0898,0.0898,0.0898,1,1.0
2026-09-15 02:00,0.0904,0.0904,0.0904,1,1.0
2026-09-15 05:00,0.0903,0.0903,0.0903,1,1.0
2026-09-15 08:00,0.0878,0.0878,0.0878,1,1.0
2026-09-15 11:00,0.0853,0.0853,0.0853,1,1.0
2026-09-15 14:00,0.0816,0.0816,0.0816,1,1.0
2026-09-15 17:00,0.08,0.08,0.08,1,1.0
2026-09-15 20:00,0.0741,0.0741,0.0741,1,1.0
2026-09-15 23:00,0.0748,0.0748,0.0748,1,1.0
2026-09-16 02:00,0.0755,0.0755,0.0755,1,1.0
2026-09-16 05:00,0.0762,0.0762,0.0762,1,1.0
2026-09-16 08:00,0.0765,0.0765,0.0765,1,1.0
2026-09-16 11:00,0.0742,0.0742,0.0742,1,1.0
2026-09-16 14:00,0.0725,0.0725,0.0725,1,1.0
2026-09-16 17:00,0.0727,0.0727,0.0727,1,1.0
2026-09-16 20:00,0.0738,0.0738,0.0738,1,1.0
2026-09-16 23:00,0.0752,0.0752,0.0752,1,1.0
2026-09-17 02:00,0.0763,0.0763,0.0763,1,1.0
2026-09-17 05:00,0.077,0.077,0.077,1,1.0
2026-09-17 08:00,0.0775,0.0775,0.0775,1,1.0
2026-09-17 11:00,0.077,0.077,0.077,1,1.0
2026-09-17 14:00,0.0776,0.0776,0.0776,1,1.0
2026-09-17 17:00,0.0807,0.0807,0.0807,1,1.0
2026-09-17 20:00,0.082,0.082,0.082,1,1.0
2026-09-17 23:00,0.0824,0.0824,0.0824,1,1.0
2026-09-18 02:00,0.0851,0.0851,0.0851,1,1.0
2026-09-18 05:00,0.0876,0.0876,0.0876,1,1.0
2026-09-18 08:00,0.0854,0.0854,0.0854,1,1.0
2026-09-18 11:00,0.1112,0.1112,0.1112,1,1.0
2026-09-18 14:00,0.1459,0.1459,0.1459,1,1.0
2026-09-18 17:00,0.1845,0.1845,0.1845,1,1.0
2026-09-18 20:00,0.1633,0.1633,0.1633,1,1.0
2026-09-18 23:00,0.1579,0.1579,0.1579,1,1.0
2026-09-19 02:00,0.1554,0.1554,0.1554,1,1.0
2026-09-19 05:00,0.1533,0.1533,0.1533,1,1.0
2026-09-19 08:00,0.1493,0.1493,0.1493,1,1.0
2026-09-19 11:00,0.1413,0.1413,0.1413,1,1.0
2026-09-19 14:00,0.135,0.135,0.135,1,1.0
2026-09-19 17:00,0.136,0.136,0.136,1,1.0
2026-09-19 20:00,0.1392,0.1392,0.1392,1,1.0
2026-09-19 23:00,0.1383,0.1383,0.1383,1,1.0
2026-09-20 02:00,0.1369,0.1369,0.1369,1,1.0
2026-09-20 05:00,0.1353,0.1353,0.1353,1,1.0
2026-09-20 08:00,0.1341,0.1341,0.1341,1,1.0
2026-09-20 11:00,0.1281,0.1281,0.1281,1,1.0
2026-09-20 14:00,0.1246,0.1246,0.1246,1,1.0
2026-09-20 17:00,0.127,0.127,0.127,1,1.0
2026-09-20 20:00,0.1274,0.1274,0.1274,1,1.0
2026-09-20 23:00,0.1272,0.1272,0.1272,1,1.0
2026-09-21 02:00,0.1261,0.1261,0.1261,1,1.0
2026-09-21 05:00,0.1249,0.1249,0.1249,1,1.0
2026-09-21 08:00,0.1178,0.1178,0.1178,1,1.0
2026-09-21 11:00,0.1137,0.1137,0.1137,1,1.0
2026-09-21 14:00,0.1081,0.1081,0.1081,1,1.0
2026-09-21 17:00,0.1058,0.1058,0.1058,1,1.0
2026-09-21 20:00,0.0986,0.0986,0.0986,1,1.0
2026-09-21 23:00,0.0988,0.0988,0.0988,1,1.0
2026-09-22 02:00,0.0993,0.0993,0.0993,1,1.0
2026-09-22 05:00,0.0993,0.0993,0.0993,1,1.0
2026-09-22 08:00,0.0986,0.0986,0.0986,1,1.0
2026-09-22 11:00,0.0957,0.0957,0.0957,1,1.0
2026-09-22 14:00,0.0916,0.0916,0.0916,1,1.0
2026-09-22 17:00,0.0892,0.0892,0.0892,1,1.0
2026-09-22 20:00,0.0884,0.0884,0.0884,1,1.0
2026-09-22 23:00,0.0884,0.0884,0.0884,1,1.0
2026-09-23 02:00,0.0883,0.0883,0.0883,1,1.0
2026-09-23 05:00,0.0889,0.0889,0.0889,1,1.0
2026-09-23 08:00,0.0879,0.0879,0.0879,1,1.0
2026-09-23 11:00,0.0865,0.0865,0.0865,1,1.0
2026-09-23 14:00,0.0842,0.0842,0.0842,1,1.0
2026-09-23 17:00,0.0829,0.0829,0.0829,1,1.0
2026-09-23 20:00,0.0827,0.0827,0.0827,1,1.0
2026-09-23 23:00,0.0835,0.0835,0.0835,1,1.0
2026-09-24 02:00,0.0843,0.0843,0.0843,1,1.0
2026-09-24 05:00,0.0849,0.0849,0.0849,1,1.0
2026-09-24 08:00,0.0847,0.0847,0.0847,1,1.0
2026-09-24 11:00,0.0832,0.0832,0.0832,1,1.0
2026-09-24 14:00,0.081,0.081,0.081,1,1.0
2026-09-24 17:00,0.0822,0.0822,0.0822,1,1.0
2026-09-24 20:00,0.084,0.084,0.084,1,1.0
2026-09-24 23:00,0.0852,0.0852,0.0852,1,1.0
2026-09-25 02:00,0.0916,0.0916,0.0916,1,1.0
2026-09-25 05:00,0.2164,0.2164,0.2164,1,1.0
2026-09-25 08:00,0.2637,0.2637,0.2637,1,1.0
2026-09-25 11:00,0.2014,0.2014,0.2014,1,1.0
2026-09-25 14:00,0.1725,0.1725,0.1725,1,1.0
2026-09-25 17:00,0.1595,0.1595,0.1595,1,1.0
2026-09-25 20:00,0.154,0.154,0.154,1,1.0
2026-09-25 23:00,0.1509,0.1509,0.1509,1,1.0
2026-09-26 02:00,0.1484,0.1484,0.1484,1,1.0
2026-09-26 05:00,0.1459,0.1459,0.1459,1,1.0
2026-09-26 08:00,0.1409,0.1409,0.1409,1,1.0
2026-09-26 11:00,0.1349,0.1349,0.1349,1,1.0
2026-09-26 14:00,0.1286,0.1286,0.1286,1,1.0
2026-09-26 17:00,0.1248,0.1248,0.1248,1,1.0
2026-09-26 20:00,0.1238,0.1238,0.1238,1,1.0
2026-09-26 23:00,0.1236,0.1236,0.1236,1,1.0
2026-09-27 02:00,0.1233,0.1233,0.1233,1,1.0
2026-09-27 05:00,0.123,0.123,0.123,1,1.0
2026-09-27 08:00,0.1225,0.1225,0.1225,1,1.0
2026-09-27 11:00,0.1197,0.1197,0.1197,1,1.0
2026-09-27 14:00,0.115,0.115,0.115,1,1.0
2026-09-27 17:00,0.1123,0.1123,0.1123,1,1.0
2026-09-27 20:00,0.1117,0.1117,0.1117,1,1.0
2026-09-27 23:00,0.1115,0.1115,0.1115,1,1.0
2026-09-28 02:00,0.1113,0.1113,0.1113,1,1.0
2026-09-28 05:00,0.111,0.111,0.111,1,1.0
2026-09-28 08:00,0.096,0.096,0.096,1,1.0
2026-09-28 11:00,0.0935,0.0935,0.0935,1,1.0
2026-09-28 14:00,0.0896,0.0896,0.0896,1,1.0
2026-09-28 17:00,0.0885,0.0885,0.0885,1,1.0
2026-09-28 20:00,0.0894,0.0894,0.0894,1,1.0
2026-09-28 23:00,0.0906,0.0906,0.0906,1,1.0
2026-09-29 02:00,0.0914,0.0914,0.0914,1,1.0
2026-09-29 05:00,0.0927,0.0927,0.0927,1,1.0
2026-09-29 20:00,0.08,0.08,0.08,1,1.0
