time,value,min,max,n,coverage
2024-01-01 02:00,0.2761,0.2761,0.2761,1,1.0
2024-01-01 05:00,0.2765,0.2765,0.2765,1,1.0
2024-01-01 08:00,0.2747,0.2747,0.2747,1,1.0
2024-01-01 11:00,0.2721,0.2721,0.2721,1,1.0
2024-01-01 14:00,0.2722,0.2722,0.2722,1,1.0
2024-01-01 17:00,0.2735,0.2735,0.2735,1,1.0
2024-01-01 20:00,0.2717,0.2717,0.2717,1,1.0
2024-01-01 23:00,0.2705,0.2705,0.2705,1,1.0
2024-01-02 02:00,0.2691,0.2691,0.2691,1,1.0
2024-01-02 05:00,0.2674,0.2674,0.2674,1,1.0
2024-01-02 08:00,0.2654,0.2654,0.2654,1,1.0
2024-01-02 11:00,0.2632,0.2632,0.2632,1,1.0
2024-01-02 14:00,0.2594,0.2594,0.2594,1,1.0
2024-01-02 17:00,0.2575,0.2575,0.2575,1,1.0
2024-01-02 20:00,0.2579,0.2579,0.2579,1,1.0
2024-01-02 23:00,0.2581,0.2581,0.2581,1,1.0
2024-01-03 02:00,0.2582,0.2582,0.2582,1,1.0
2024-01-03 05:00,0.2612,0.2612,0.2612,1,1.0
2024-01-03 08:00,0.2617,0.2617,0.2617,1,1.0
2024-01-03 11:00,0.261,0.261,0.261,1,1.0
2024-01-03 14:00,0.2601,0.2601,0.2601,1,1.0
2024-01-03 17:00,0.2606,0.2606,0.2606,1,1.0
2024-01-03 20:00,0.2596,0.2596,0.2596,1,1.0
2024-01-03 23:00,0.2595,0.2595,0.2595,1,1.0
2024-01-04 02:00,0.2593,0.2593,0.2593,1,1.0
2024-01-04 05:00,0.259,0.259,0.259,1,1.0
2024-01-04 08:00,0.2585,0.2585,0.2585,1,1.0
2024-01-04 11:00,0.2574,0.2574,0.2574,1,1.0
2024-01-04 14:00,0.2554,0.2554,0.2554,1,1.0
2024-01-04 17:00,0.2544,0.2544,0.2544,1,1.0
2024-01-04 20:00,0.2543,0.2543,0.2543,1,1.0
2024-01-04 23:00,0.2542,0.2542,0.2542,1,1.0
2024-01-05 02:00,0.2542,0.2542,0.2542,1,1.0
2024-01-05 05:00,0.2543,0.2543,0.2543,1,1.0
2024-01-05 08:00,0.2526,0.2526,0.2526,1,1.0
2024-01-05 11:00,0.2525,0.2525,0.2525,1,1.0
2024-01-05 14:00,0.2519,0.2519,0.2519,1,1.0
2024-01-05 17:00,0.2522,0.2522,0.2522,1,1.0
2024-01-05 20:00,0.2528,0.2528,0.2528,1,1.0
2024-01-05 23:00,0.2534,0.2534,0.2534,1,1.0
2024-01-06 02:00,0.2626,0.2626,0.2626,1,1.0
2024-01-06 05:00,0.2791,0.2791,0.2791,1,1.0
2024-01-06 08:00,0.2925,0.2925,0.2925,1,1.0
2024-01-06 11:00,0.3071,0.3071,0.3071,1,1.0
2024-01-06 14:00,0.3365,0.3365,0.3365,1,1.0
2024-01-06 17:00,0.3271,0.3271,0.3271,1,1.0
2024-01-06 20:00,0.3096,0.3096,0.3096,1,1.0
2024-01-06 23:00,0.2998,0.2998,0.2998,1,1.0
2024-01-07 02:00,0.297,0.297,0.297,1,1.0
2024-01-07 05:00,0.2997,0.2997,0.2997,1,1.0
2024-01-07 08:00,0.3255,0.3255,0.3255,1,1.0
2024-01-07 11:00,0.3496,0.3496,0.3496,1,1.0
2024-01-07 14:00,0.3233,0.3233,0.3233,1,1.0
2024-01-07 17:00,0.3286,0.3286,0.3286,1,1.0
2024-01-07 20:00,0.3397,0.3397,0.3397,1,1.0
2024-01-07 23:00,0.3293,0.3293,0.3293,1,1.0
2024-01-08 02:00,0.3279,0.3279,0.3279,1,1.0
2024-01-08 05:00,0.3351,0.3351,0.3351,1,1.0
2024-01-08 08:00,0.3319,0.3319,0.3319,1,1.0
2024-01-08 11:00,0.3233,0.3233,0.3233,1,1.0
2024-01-08 14:00,0.318,0.318,0.318,1,1.0
2024-01-08 17:00,0.3141,0.3141,0.3141,1,1.0
2024-01-08 20:00,0.3093,0.3093,0.3093,1,1.0
2024-01-08 23:00,0.3054,0.3054,0.3054,1,1.0
2024-01-09 02:00,0.303,0.303,0.303,1,1.0
2024-01-09 05:00,0.3012,0.3012,0.3012,1,1.0
2024-01-09 08:00,0.2987,0.2987,0.2987,1,1.0
2024-01-09 11:00,0.2943,0.2943,0.2943,1,1.0
2024-01-09 14:00,0.2891,0.2891,0.2891,1,1.0
2024-01-09 17:00,0.287,0.287,0.287,1,1.0
2024-01-09 20:00,0.286,0.286,0.286,1,1.0
2024-01-09 23:00,0.2854,0.2854,0.2854,1,1.0
2024-01-10 02:00,0.2851,0.2851,0.2851,1,1.0
2024-01-10 05:00,0.2849,0.2849,0.2849,1,1.0
2024-01-10 08:00,0.2851,0.2851,0.2851,1,1.0
2024-01-10 11:00,0.2831,0.2831,0.2831,1,1.0
2024-01-10 14:00,0.2809,0.2809,0.2809,1,1.0
2024-01-10 17:00,0.2824,0.2824,0.2824,1,1.0
2024-01-10 20:00,0.2816,0.2816,0.2816,1,1.0
2024-01-10 23:00,0.289,0.289,0.289,1,1.0
2024-01-11 02:00,0.3011,0.3011,0.3011,1,1.0
2024-01-11 05:00,0.3065,0.3065,0.3065,1,1.0
2024-01-11 08:00,0.3071,0.3071,0.3071,1,1.0
2024-01-11 11:00,0.307,0.307,0.307,1,1.0
2024-01-11 14:00,0.3124,0.3124,0.3124,1,1.0
2024-01-11 17:00,0.3081,0.3081,0.3081,1,1.0
2024-01-11 20:00,0.3041,0.3041,0.3041,1,1.0
2024-01-11 23:00,0.3011,0.3011,0.3011,1,1.0
2024-01-12 02:00,0.2991,0.2991,0.2991,1,1.0
2024-01-12 05:00,0.2979,0.2979,0.2979,1,1.0
2024-01-12 08:00,0.2967,0.2967,0.2967,1,1.0
2024-01-12 11:00,0.2918,0.2918,0.2918,1,1.0
2024-01-12 14:00,0.2843,0.2843,0.2843,1,1.0
2024-01-12 17:00,0.28,0.28,0.28,1,1.0
2024-01-12 20:00,0.2792,0.2792,0.2792,1,1.0
2024-01-12 23:00,0.2787,0.2787,0.2787,1,1.0
2024-01-13 02:00,0.2784,0.2784,0.2784,1,1.0
2024-01-13 05:00,0.2782,0.2782,0.2782,1,1.0
2024-01-13 08:00,0.2781,0.2781,0.2781,1,1.0
2024-01-13 11:00,0.2759,0.2759,0.2759,1,1.0
2024-01-13 14:00,0.2738,0.2738,0.2738,1,1.0
2024-01-13 17:00,0.2762,0.2762,0.2762,1,1.0
2024-01-13 20:00,0.2773,0.2773,0.2773,1,1.0
2024-01-13 23:00,0.2786,0.2786,0.2786,1,1.0
2024-01-14 02:00,0.2799,0.2799,0.2799,1,1.0
2024-01-14 05:00,0.281,0.281,0.281,1,1.0
2024-01-14 08:00,0.2834,0.2834,0.2834,1,1.0
2024-01-14 11:00,0.2853,0.2853,0.2853,1,1.0
2024-01-14 14:00,0.2841,0.2841,0.2841,1,1.0
2024-01-14 17:00,0.2828,0.2828,0.2828,1,1.0
2024-01-14 20:00,0.2823,0.2823,0.2823,1,1.0
2024-01-14 23:00,0.2835,0.2835,0.2835,1,1.0
2024-01-15 02:00,0.3027,0.3027,0.3027,1,1.0
2024-01-15 05:00,0.322,0.322,0.322,1,1.0
2024-01-15 08:00,0.3199,0.3199,0.3199,1,1.0
2024-01-15 11:00,0.3126,0.3126,0.3126,1,1.0
2024-01-15 14:00,0.3077,0.3077,0.3077,1,1.0
2024-01-15 17:00,0.306,0.306,0.306,1,1.0
2024-01-15 20:00,0.3044,0.3044,0.3044,1,1.0
2024-01-15 23:00,0.3038,0.3038,0.3038,1,1.0
2024-01-16 02:00,0.3035,0.3035,0.3035,1,1.0
2024-01-16 05:00,0.302,0.302,0.302,1,1.0
2024-01-16 08:00,0.2981,0.2981,0.2981,1,1.0
2024-01-16 11:00,0.2966,0.2966,0.2966,1,1.0
2024-01-16 14:00,0.2939,0.2939,0.2939,1,1.0
2024-01-16 17:00,0.2924,0.2924,0.2924,1,1.0
2024-01-16 20:00,0.2886,0.2886,0.2886,1,1.0
2024-01-16 23:00,0.2889,0.2889,0.2889,1,1.0
2024-01-17 02:00,0.2942,0.2942,0.2942,1,1.0
2024-01-17 05:00,0.2978,0.2978,0.2978,1,1.0
2024-01-17 08:00,0.3039,0.3039,0.3039,1,1.0
2024-01-17 11:00,0.3053,0.3053,0.3053,1,1.0
2024-01-17 14:00,0.3044,0.3044,0.3044,1,1.0
2024-01-17 17:00,0.3046,0.3046,0.3046,1,1.0
2024-01-17 20:00,0.3044,0.3044,0.3044,1,1.0
2024-01-17 23:00,0.3027,0.3027,0.3027,1,1.0
2024-01-18 02:00,0.3004,0.3004,0.3004,1,1.0
2024-01-18 05:00,0.2986,0.2986,0.2986,1,1.0
2024-01-18 08:00,0.2968,0.2968,0.2968,1,1.0
2024-01-18 11:00,0.2934,0.2934,0.2934,1,1.0
2024-01-18 14:00,0.289,0.289,0.289,1,1.0
2024-01-18 17:00,0.2888,0.2888,0.2888,1,1.0
2024-01-18 20:00,0.2893,0.2893,0.2893,1,1.0
2024-01-18 23:00,0.2897,0.2897,0.2897,1,1.0
2024-01-19 02:00,0.2949,0.2949,0.2949,1,1.0
2024-01-19 05:00,0.2981,0.2981,0.2981,1,1.0
2024-01-19 08:00,0.2997,0.2997,0.2997,1,1.0
2024-01-19 11:00,0.3,0.3,0.3,1,1.0
2024-01-19 14:00,0.299,0.299,0.299,1,1.0
2024-01-19 17:00,0.3005,0.3005,0.3005,1,1.0
2024-01-19 20:00,0.3044,0.3044,0.3044,1,1.0
2024-01-19 23:00,0.3175,0.3175,0.3175,1,1.0
2024-01-20 02:00,0.3524,0.3524,0.3524,1,1.0
2024-01-20 05:00,0.3622,0.3622,0.3622,1,1.0
2024-01-20 08:00,0.3708,0.3708,0.3708,1,1.0
2024-01-20 11:00,0.3482,0.3482,0.3482,1,1.0
2024-01-20 14:00,0.3326,0.3326,0.3326,1,1.0
2024-01-20 17:00,0.3204,0.3204,0.3204,1,1.0
2024-01-20 20:00,0.3133,0.3133,0.3133,1,1.0
2024-01-20 23:00,0.3086,0.3086,0.3086,1,1.0
2024-01-21 02:00,0.3058,0.3058,0.3058,1,1.0
2024-01-21 05:00,0.3041,0.3041,0.3041,1,1.0
2024-01-21 08:00,0.3025,0.3025,0.3025,1,1.0
2024-01-21 11:00,0.2968,0.2968,0.2968,1,1.0
2024-01-21 14:00,0.2895,0.2895,0.2895,1,1.0
2024-01-21 17:00,0.2861,0.2861,0.2861,1,1.0
2024-01-21 20:00,0.2859,0.2859,0.2859,1,1.0
2024-01-21 23:00,0.286,0.286,0.286,1,1.0
2024-01-22 02:00,0.2861,0.2861,0.2861,1,1.0
2024-01-22 05:00,0.2866,0.2866,0.2866,1,1.0
2024-01-22 08:00,0.2874,0.2874,0.2874,1,1.0
2024-01-22 11:00,0.2864,0.2864,0.2864,1,1.0
2024-01-22 14:00,0.2846,0.2846,0.2846,1,1.0
2024-01-22 17:00,0.2838,0.2838,0.2838,1,1.0
2024-01-22 20:00,0.2851,0.2851,0.2851,1,1.0
2024-01-22 23:00,0.2861,0.2861,0.2861,1,1.0
2024-01-23 02:00,0.3059,0.3059,0.3059,1,1.0
2024-01-23 05:00,0.3164,0.3164,0.3164,1,1.0
2024-01-23 08:00,0.3222,0.3222,0.3222,1,1.0
2024-01-23 11:00,0.3193,0.3193,0.3193,1,1.0
2024-01-23 14:00,0.3133,0.3133,0.3133,1,1.0
2024-01-23 17:00,0.3096,0.3096,0.3096,1,1.0
2024-01-23 20:00,0.3079,0.3079,0.3079,1,1.0
2024-01-23 23:00,0.3076,0.3076,0.3076,1,1.0
2024-01-24 02:00,0.3085,0.3085,0.3085,1,1.0
2024-01-24 05:00,0.3093,0.3093,0.3093,1,1.0
2024-01-24 08:00,0.3091,0.3091,0.3091,1,1.0
2024-01-24 11:00,0.3051,0.3051,0.3051,1,1.0
2024-01-24 14:00,0.2984,0.2984,0.2984,1,1.0
2024-01-24 17:00,0.2967,0.2967,0.2967,1,1.0
2024-01-24 20:00,0.2983,0.2983,0.2983,1,1.0
2024-01-24 23:00,0.2999,0.2999,0.2999,1,1.0
2024-01-25 02:00,0.3018,0.3018,0.3018,1,1.0
2024-01-25 05:00,0.3033,0.3033,0.3033,1,1.0
2024-01-25 08:00,0.3041,0.3041,0.3041,1,1.0
2024-01-25 11:00,0.3036,0.3036,0.3036,1,1.0
2024-01-25 14:00,0.3022,0.3022,0.3022,1,1.0
2024-01-25 17:00,0.3018,0.3018,0.3018,1,1.0
2024-01-25 20:00,0.3022,0.3022,0.3022,1,1.0
2024-01-25 23:00,0.3026,0.3026,0.3026,1,1.0
2024-01-26 02:00,0.3032,0.3032,0.3032,1,1.0
2024-01-26 05:00,0.3034,0.3034,0.3034,1,1.0
2024-01-26 08:00,0.3037,0.3037,0.3037,1,1.0
2024-01-26 11:00,0.3021,0.3021,0.3021,1,1.0
2024-01-26 14:00,0.2987,0.2987,0.2987,1,1.0
2024-01-26 17:00,0.2993,0.2993,0.2993,1,1.0
2024-01-26 20:00,0.2998,0.2998,0.2998,1,1.0
2024-01-26 23:00,0.3001,0.3001,0.3001,1,1.0
2024-01-27 02:00,0.3005,0.3005,0.3005,1,1.0
2024-01-27 05:00,0.301,0.301,0.301,1,1.0
2024-01-27 08:00,0.2994,0.2994,0.2994,1,1.0
2024-01-27 11:00,0.2976,0.2976,0.2976,1,1.0
2024-01-27 14:00,0.2938,0.2938,0.2938,1,1.0
2024-01-27 17:00,0.2923,0.2923,0.2923,1,1.0
2024-01-27 20:00,0.2908,0.2908,0.2908,1,1.0
2024-01-27 23:00,0.2921,0.2921,0.2921,1,1.0
2024-01-28 02:00,0.2932,0.2932,0.2932,1,1.0
2024-01-28 05:00,0.294,0.294,0.294,1,1.0
2024-01-28 08:00,0.2934,0.2934,0.2934,1,1.0
2024-01-28 11:00,0.2874,0.2874,0.2874,1,1.0
2024-01-28 14:00,0.2798,0.2798,0.2798,1,1.0
2024-01-28 17:00,0.2762,0.2762,0.2762,1,1.0
2024-01-28 20:00,0.2756,0.2756,0.2756,1,1.0
2024-01-28 23:00,0.2769,0.2769,0.2769,1,1.0
2024-01-29 02:00,0.279,0.279,0.279,1,1.0
2024-01-29 05:00,0.2812,0.2812,0.2812,1,1.0
2024-01-29 08:00,0.2833,0.2833,0.2833,1,1.0
2024-01-29 11:00,0.2815,0.2815,0.2815,1,1.0
2024-01-29 14:00,0.278,0.278,0.278,1,1.0
2024-01-29 17:00,0.2801,0.2801,0.2801,1,1.0
2024-01-29 20:00,0.281,0.281,0.281,1,1.0
2024-01-29 23:00,0.2825,0.2825,0.2825,1,1.0
2024-01-30 02:00,0.2846,0.2846,0.2846,1,1.0
2024-01-30 05:00,0.2868,0.2868,0.2868,1,1.0
2024-01-30 08:00,0.2884,0.2884,0.2884,1,1.0
2024-01-30 11:00,0.2867,0.2867,0.2867,1,1.0
2024-01-30 14:00,0.2836,0.2836,0.2836,1,1.0
2024-01-30 17:00,0.2826,0.2826,0.2826,1,1.0
2024-01-30 20:00,0.2839,0.2839,0.2839,1,1.0
2024-01-30 23:00,0.285,0.285,0.285,1,1.0
2024-01-31 02:00,0.2857,0.2857,0.2857,1,1.0
2024-01-31 05:00,0.2862,0.2862,0.2862,1,1.0
2024-01-31 08:00,0.2865,0.2865,0.2865,1,1.0
2024-01-31 11:00,0.2842,0.2842,0.2842,1,1.0
2024-01-31 14:00,0.2804,0.2804,0.2804,1,1.0
2024-01-31 17:00,0.2793,0.2793,0.2793,1,1.0
2024-01-31 20:00,0.2814,0.2814,0.2814,1,1.0
2024-01-31 23:00,0.2837,0.2837,0.2837,1,1.0
2024-02-01 02:00,0.2858,0.2858,0.2858,1,1.0
2024-02-01 05:00,0.2878,0.2878,0.2878,1,1.0
2024-02-01 08:00,0.2894,0.2894,0.2894,1,1.0
2024-02-01 11:00,0.2883,0.2883,0.2883,1,1.0
2024-02-01 14:00,0.2861,0.2861,0.2861,1,1.0
2024-02-01 17:00,0.2865,0.2865,0.2865,1,1.0
2024-02-01 20:00,0.2851,0.2851,0.2851,1,1.0
2024-02-01 23:00,0.2868,0.2868,0.2868,1,1.0
2024-02-02 02:00,0.288,0.288,0.288,1,1.0
2024-02-02 05:00,0.2888,0.2888,0.2888,1,1.0
2024-02-02 08:00,0.2887,0.2887,0.2887,1,1.0
2024-02-02 11:00,0.2855,0.2855,0.2855,1,1.0
2024-02-02 14:00,0.2801,0.2801,0.2801,1,1.0
2024-02-02 17:00,0.2776,0.2776,0.2776,1,1.0
2024-02-02 20:00,0.277,0.277,0.277,1,1.0
2024-02-02 23:00,0.2783,0.2783,0.2783,1,1.0
2024-02-03 02:00,0.2803,0.2803,0.2803,1,1.0
2024-02-03 05:00,0.2825,0.2825,0.2825,1,1.0
2024-02-03 08:00,0.2838,0.2838,0.2838,1,1.0
2024-02-03 11:00,0.2814,0.2814,0.2814,1,1.0
2024-02-03 14:00,0.2766,0.2766,0.2766,1,1.0
2024-02-03 17:00,0.2831,0.2831,0.2831,1,1.0
2024-02-03 20:00,0.2845,0.2845,0.2845,1,1.0
2024-02-03 23:00,0.2863,0.2863,0.2863,1,1.0
2024-02-04 02:00,0.2881,0.2881,0.2881,1,1.0
2024-02-04 05:00,0.2895,0.2895,0.2895,1,1.0
2024-02-04 08:00,0.2855,0.2855,0.2855,1,1.0
2024-02-04 11:00,0.2858,0.2858,0.2858,1,1.0
2024-02-04 14:00,0.2848,0.2848,0.2848,1,1.0
2024-02-04 17:00,0.2846,0.2846,0.2846,1,1.0
2024-02-04 20:00,0.2823,0.2823,0.2823,1,1.0
2024-02-04 23:00,0.2846,0.2846,0.2846,1,1.0
2024-02-05 02:00,0.2868,0.2868,0.2868,1,1.0
2024-02-05 05:00,0.2883,0.2883,0.2883,1,1.0
2024-02-05 08:00,0.289,0.289,0.289,1,1.0
2024-02-05 11:00,0.2887,0.2887,0.2887,1,1.0
2024-02-05 14:00,0.2863,0.2863,0.2863,1,1.0
2024-02-05 17:00,0.2847,0.2847,0.2847,1,1.0
2024-02-05 20:00,0.2851,0.2851,0.2851,1,1.0
2024-02-05 23:00,0.2858,0.2858,0.2858,1,1.0
2024-02-06 02:00,0.2867,0.2867,0.2867,1,1.0
2024-02-06 05:00,0.2876,0.2876,0.2876,1,1.0
2024-02-06 08:00,0.2841,0.2841,0.2841,1,1.0
2024-02-06 11:00,0.2841,0.2841,0.2841,1,1.0
2024-02-06 14:00,0.2828,0.2828,0.2828,1,1.0
2024-02-06 17:00,0.2785,0.2785,0.2785,1,1.0
2024-02-06 20:00,0.2805,0.2805,0.2805,1,1.0
2024-02-06 23:00,0.2819,0.2819,0.2819,1,1.0
2024-02-07 02:00,0.2829,0.2829,0.2829,1,1.0
2024-02-07 05:00,0.2837,0.2837,0.2837,1,1.0
2024-02-07 08:00,0.284,0.284,0.284,1,1.0
2024-02-07 11:00,0.283,0.283,0.283,1,1.0
2024-02-07 14:00,0.2808,0.2808,0.2808,1,1.0
2024-02-07 17:00,0.2805,0.2805,0.2805,1,1.0
2024-02-07 20:00,0.2819,0.2819,0.2819,1,1.0
2024-02-07 23:00,0.2822,0.2822,0.2822,1,1.0
2024-02-08 02:00,0.2826,0.2826,0.2826,1,1.0
2024-02-08 05:00,0.2832,0.2832,0.2832,1,1.0
2024-02-08 08:00,0.2832,0.2832,0.2832,1,1.0
2024-02-08 11:00,0.2807,0.2807,0.2807,1,1.0
2024-02-08 14:00,0.2763,0.2763,0.2763,1,1.0
2024-02-08 17:00,0.2756,0.2756,0.2756,1,1.0
2024-02-08 20:00,0.2774,0.2774,0.2774,1,1.0
2024-02-08 23:00,0.2786,0.2786,0.2786,1,1.0
2024-02-09 02:00,0.2801,0.2801,0.2801,1,1.0
2024-02-09 05:00,0.2817,0.2817,0.2817,1,1.0
2024-02-09 08:00,0.2786,0.2786,0.2786,1,1.0
2024-02-09 11:00,0.2776,0.2776,0.2776,1,1.0
2024-02-09 14:00,0.2749,0.2749,0.2749,1,1.0
2024-02-09 17:00,0.2741,0.2741,0.2741,1,1.0
2024-02-09 20:00,0.2713,0.2713,0.2713,1,1.0
2024-02-09 23:00,0.2712,0.2712,0.2712,1,1.0
2024-02-10 02:00,0.2721,0.2721,0.2721,1,1.0
2024-02-10 05:00,0.2741,0.2741,0.2741,1,1.0
2024-02-10 08:00,0.276,0.276,0.276,1,1.0
2024-02-10 11:00,0.2894,0.2894,0.2894,1,1.0
2024-02-10 14:00,0.3047,0.3047,0.3047,1,1.0
2024-02-10 17:00,0.343,0.343,0.343,1,1.0
2024-02-10 20:00,0.3759,0.3759,0.3759,1,1.0
2024-02-10 23:00,0.3847,0.3847,0.3847,1,1.0
2024-02-11 02:00,0.369,0.369,0.369,1,1.0
2024-02-11 05:00,0.3559,0.3559,0.3559,1,1.0
2024-02-11 08:00,0.3484,0.3484,0.3484,1,1.0
2024-02-11 11:00,0.3417,0.3417,0.3417,1,1.0
2024-02-11 14:00,0.3343,0.3343,0.3343,1,1.0
2024-02-11 17:00,0.3323,0.3323,0.3323,1,1.0
2024-02-11 20:00,0.3364,0.3364,0.3364,1,1.0
2024-02-11 23:00,0.3394,0.3394,0.3394,1,1.0
2024-02-12 02:00,0.3411,0.3411,0.3411,1,1.0
2024-02-12 05:00,0.3404,0.3404,0.3404,1,1.0
2024-02-12 08:00,0.3351,0.3351,0.3351,1,1.0
2024-02-12 11:00,0.3293,0.3293,0.3293,1,1.0
2024-02-12 14:00,0.323,0.323,0.323,1,1.0
2024-02-12 17:00,0.32,0.32,0.32,1,1.0
2024-02-12 20:00,0.3212,0.3212,0.3212,1,1.0
2024-02-12 23:00,0.3217,0.3217,0.3217,1,1.0
2024-02-13 02:00,0.3217,0.3217,0.3217,1,1.0
2024-02-13 05:00,0.3224,0.3224,0.3224,1,1.0
2024-02-13 08:00,0.3222,0.3222,0.3222,1,1.0
2024-02-13 11:00,0.3197,0.3197,0.3197,1,1.0
2024-02-13 14:00,0.3166,0.3166,0.3166,1,1.0
2024-02-13 17:00,0.3174,0.3174,0.3174,1,1.0
2024-02-13 20:00,0.3156,0.3156,0.3156,1,1.0
2024-02-13 23:00,0.3144,0.3144,0.3144,1,1.0
2024-02-14 02:00,0.3133,0.3133,0.3133,1,1.0
2024-02-14 05:00,0.3127,0.3127,0.3127,1,1.0
2024-02-14 08:00,0.3117,0.3117,0.3117,1,1.0
2024-02-14 11:00,0.3067,0.3067,0.3067,1,1.0
2024-02-14 14:00,0.2982,0.2982,0.2982,1,1.0
2024-02-14 17:00,0.2934,0.2934,0.2934,1,1.0
2024-02-14 20:00,0.2932,0.2932,0.2932,1,1.0
2024-02-14 23:00,0.2944,0.2944,0.2944,1,1.0
2024-02-15 02:00,0.2957,0.2957,0.2957,1,1.0
2024-02-15 05:00,0.297,0.297,0.297,1,1.0
2024-02-15 08:00,0.2973,0.2973,0.2973,1,1.0
2024-02-15 11:00,0.2932,0.2932,0.2932,1,1.0
2024-02-15 14:00,0.2865,0.2865,0.2865,1,1.0
2024-02-15 17:00,0.2837,0.2837,0.2837,1,1.0
2024-02-15 20:00,0.2847,0.2847,0.2847,1,1.0
2024-02-15 23:00,0.2864,0.2864,0.2864,1,1.0
2024-02-16 02:00,0.2889,0.2889,0.2889,1,1.0
2024-02-16 05:00,0.2914,0.2914,0.2914,1,1.0
2024-02-16 08:00,0.2927,0.2927,0.2927,1,1.0
2024-02-16 11:00,0.2905,0.2905,0.2905,1,1.0
2024-02-16 14:00,0.286,0.286,0.286,1,1.0
2024-02-16 17:00,0.2854,0.2854,0.2854,1,1.0
2024-02-16 20:00,0.2877,0.2877,0.2877,1,1.0
2024-02-16 23:00,0.2896,0.2896,0.2896,1,1.0
2024-02-17 02:00,0.2916,0.2916,0.2916,1,1.0
2024-02-17 05:00,0.2933,0.2933,0.2933,1,1.0
2024-02-17 08:00,0.2966,0.2966,0.2966,1,1.0
2024-02-17 11:00,0.2946,0.2946,0.2946,1,1.0
2024-02-17 14:00,0.2899,0.2899,0.2899,1,1.0
2024-02-17 17:00,0.2879,0.2879,0.2879,1,1.0
2024-02-17 20:00,0.2907,0.2907,0.2907,1,1.0
2024-02-17 23:00,0.293,0.293,0.293,1,1.0
2024-02-18 02:00,0.2949,0.2949,0.2949,1,1.0
2024-02-18 05:00,0.2964,0.2964,0.2964,1,1.0
2024-02-18 08:00,0.2974,0.2974,0.2974,1,1.0
2024-02-18 11:00,0.2955,0.2955,0.2955,1,1.0
2024-02-18 14:00,0.2901,0.2901,0.2901,1,1.0
2024-02-18 17:00,0.2883,0.2883,0.2883,1,1.0
2024-02-18 20:00,0.2908,0.2908,0.2908,1,1.0
2024-02-18 23:00,0.2936,0.2936,0.2936,1,1.0
2024-02-19 02:00,0.2978,0.2978,0.2978,1,1.0
2024-02-19 05:00,0.302,0.302,0.302,1,1.0
2024-02-19 08:00,0.3023,0.3023,0.3023,1,1.0
2024-02-19 11:00,0.3016,0.3016,0.3016,1,1.0
2024-02-19 14:00,0.2994,0.2994,0.2994,1,1.0
2024-02-19 17:00,0.2988,0.2988,0.2988,1,1.0
2024-02-19 20:00,0.3008,0.3008,0.3008,1,1.0
2024-02-19 23:00,0.3026,0.3026,0.3026,1,1.0
2024-02-20 02:00,0.3041,0.3041,0.3041,1,1.0
2024-02-20 05:00,0.3051,0.3051,0.3051,1,1.0
2024-02-20 08:00,0.3021,0.3021,0.3021,1,1.0
2024-02-20 11:00,0.298,0.298,0.298,1,1.0
2024-02-20 14:00,0.2908,0.2908,0.2908,1,1.0
2024-02-20 17:00,0.2871,0.2871,0.2871,1,1.0
2024-02-20 20:00,0.2879,0.2879,0.2879,1,1.0
2024-02-20 23:00,0.2897,0.2897,0.2897,1,1.0
2024-02-21 02:00,0.2919,0.2919,0.2919,1,1.0
2024-02-21 05:00,0.2944,0.2944,0.2944,1,1.0
2024-02-21 08:00,0.2954,0.2954,0.2954,1,1.0
2024-02-21 11:00,0.2915,0.2915,0.2915,1,1.0
2024-02-21 14:00,0.2856,0.2856,0.2856,1,1.0
2024-02-21 17:00,0.2825,0.2825,0.2825,1,1.0
2024-02-21 20:00,0.2837,0.2837,0.2837,1,1.0
2024-02-21 23:00,0.2852,0.2852,0.2852,1,1.0
2024-02-22 02:00,0.2868,0.2868,0.2868,1,1.0
2024-02-22 05:00,0.2886,0.2886,0.2886,1,1.0
2024-02-22 08:00,0.2904,0.2904,0.2904,1,1.0
2024-02-22 11:00,0.2878,0.2878,0.2878,1,1.0
2024-02-22 14:00,0.2813,0.2813,0.2813,1,1.0
2024-02-22 17:00,0.281,0.281,0.281,1,1.0
2024-02-22 20:00,0.283,0.283,0.283,1,1.0
2024-02-22 23:00,0.2848,0.2848,0.2848,1,1.0
2024-02-23 02:00,0.2858,0.2858,0.2858,1,1.0
2024-02-23 05:00,0.2859,0.2859,0.2859,1,1.0
2024-02-23 08:00,0.2845,0.2845,0.2845,1,1.0
2024-02-23 11:00,0.2793,0.2793,0.2793,1,1.0
2024-02-23 14:00,0.2724,0.2724,0.2724,1,1.0
2024-02-23 17:00,0.2708,0.2708,0.2708,1,1.0
2024-02-23 20:00,0.2749,0.2749,0.2749,1,1.0
2024-02-23 23:00,0.3018,0.3018,0.3018,1,1.0
2024-02-24 02:00,0.3436,0.3436,0.3436,1,1.0
2024-02-24 05:00,0.334,0.334,0.334,1,1.0
2024-02-24 08:00,0.3345,0.3345,0.3345,1,1.0
2024-02-24 11:00,0.3357,0.3357,0.3357,1,1.0
2024-02-24 14:00,0.3306,0.3306,0.3306,1,1.0
2024-02-24 17:00,0.3268,0.3268,0.3268,1,1.0
2024-02-24 20:00,0.3245,0.3245,0.3245,1,1.0
2024-02-24 23:00,0.3225,0.3225,0.3225,1,1.0
2024-02-25 02:00,0.3278,0.3278,0.3278,1,1.0
2024-02-25 05:00,0.3434,0.3434,0.3434,1,1.0
2024-02-25 08:00,0.334,0.334,0.334,1,1.0
2024-02-25 11:00,0.3288,0.3288,0.3288,1,1.0
2024-02-25 14:00,0.3211,0.3211,0.3211,1,1.0
2024-02-25 17:00,0.315,0.315,0.315,1,1.0
2024-02-25 20:00,0.3133,0.3133,0.3133,1,1.0
2024-02-25 23:00,0.3131,0.3131,0.3131,1,1.0
2024-02-26 02:00,0.3148,0.3148,0.3148,1,1.0
2024-02-26 05:00,0.3159,0.3159,0.3159,1,1.0
2024-02-26 08:00,0.3153,0.3153,0.3153,1,1.0
2024-02-26 11:00,0.3117,0.3117,0.3117,1,1.0
2024-02-26 14:00,0.3051,0.3051,0.3051,1,1.0
2024-02-26 17:00,0.3016,0.3016,0.3016,1,1.0
2024-02-26 20:00,0.3012,0.3012,0.3012,1,1.0
2024-02-26 23:00,0.301,0.301,0.301,1,1.0
2024-02-27 02:00,0.3009,0.3009,0.3009,1,1.0
2024-02-27 05:00,0.301,0.301,0.301,1,1.0
2024-02-27 08:00,0.2976,0.2976,0.2976,1,1.0
2024-02-27 11:00,0.2905,0.2905,0.2905,1,1.0
2024-02-27 14:00,0.2802,0.2802,0.2802,1,1.0
2024-02-27 17:00,0.2793,0.2793,0.2793,1,1.0
2024-02-27 20:00,0.2816,0.2816,0.2816,1,1.0
2024-02-27 23:00,0.2858,0.2858,0.2858,1,1.0
2024-02-28 02:00,0.2879,0.2879,0.2879,1,1.0
2024-02-28 05:00,0.2896,0.2896,0.2896,1,1.0
2024-02-28 08:00,0.2851,0.2851,0.2851,1,1.0
2024-02-28 11:00,0.2807,0.2807,0.2807,1,1.0
2024-02-28 14:00,0.2792,0.2792,0.2792,1,1.0
2024-02-28 17:00,0.2803,0.2803,0.2803,1,1.0
2024-02-28 20:00,0.2808,0.2808,0.2808,1,1.0
2024-02-28 23:00,0.3068,0.3068,0.3068,1,1.0
2024-02-29 02:00,0.3534,0.3534,0.3534,1,1.0
2024-02-29 05:00,0.3715,0.3715,0.3715,1,1.0
2024-02-29 08:00,0.3448,0.3448,0.3448,1,1.0
2024-02-29 11:00,0.3333,0.3333,0.3333,1,1.0
2024-02-29 14:00,0.3277,0.3277,0.3277,1,1.0
2024-02-29 17:00,0.3281,0.3281,0.3281,1,1.0
2024-02-29 20:00,0.3293,0.3293,0.3293,1,1.0
2024-02-29 23:00,0.333,0.333,0.333,1,1.0
2024-03-01 02:00,0.3425,0.3425,0.3425,1,1.0
2024-03-01 05:00,0.3436,0.3436,0.3436,1,1.0
2024-03-01 08:00,0.3441,0.3441,0.3441,1,1.0
2024-03-01 11:00,0.3411,0.3411,0.3411,1,1.0
2024-03-01 14:00,0.3377,0.3377,0.3377,1,1.0
2024-03-01 17:00,0.3363,0.3363,0.3363,1,1.0
2024-03-01 20:00,0.3331,0.3331,0.3331,1,1.0
2024-03-01 23:00,0.3327,0.3327,0.3327,1,1.0
2024-03-02 02:00,0.3316,0.3316,0.3316,1,1.0
2024-03-02 05:00,0.3302,0.3302,0.3302,1,1.0
2024-03-02 08:00,0.3326,0.3326,0.3326,1,1.0
2024-03-02 11:00,0.3318,0.3318,0.3318,1,1.0
2024-03-02 14:00,0.3271,0.3271,0.3271,1,1.0
2024-03-02 17:00,0.3229,0.3229,0.3229,1,1.0
2024-03-02 20:00,0.322,0.322,0.322,1,1.0
2024-03-02 23:00,0.3216,0.3216,0.3216,1,1.0
2024-03-03 02:00,0.3211,0.3211,0.3211,1,1.0
2024-03-03 05:00,0.3205,0.3205,0.3205,1,1.0
2024-03-03 08:00,0.3193,0.3193,0.3193,1,1.0
2024-03-03 11:00,0.3146,0.3146,0.3146,1,1.0
2024-03-03 14:00,0.3081,0.3081,0.3081,1,1.0
2024-03-03 17:00,0.305,0.305,0.305,1,1.0
2024-03-03 20:00,0.3063,0.3063,0.3063,1,1.0
2024-03-03 23:00,0.3122,0.3122,0.3122,1,1.0
2024-03-04 02:00,0.3416,0.3416,0.3416,1,1.0
2024-03-04 05:00,0.3537,0.3537,0.3537,1,1.0
2024-03-04 08:00,0.3444,0.3444,0.3444,1,1.0
2024-03-04 11:00,0.3404,0.3404,0.3404,1,1.0
2024-03-04 14:00,0.3337,0.3337,0.3337,1,1.0
2024-03-04 17:00,0.3299,0.3299,0.3299,1,1.0
2024-03-04 20:00,0.3293,0.3293,0.3293,1,1.0
2024-03-04 23:00,0.3299,0.3299,0.3299,1,1.0
2024-03-05 02:00,0.3328,0.3328,0.3328,1,1.0
2024-03-05 05:00,0.3316,0.3316,0.3316,1,1.0
2024-03-05 08:00,0.3293,0.3293,0.3293,1,1.0
2024-03-05 11:00,0.3234,0.3234,0.3234,1,1.0
2024-03-05 14:00,0.316,0.316,0.316,1,1.0
2024-03-05 17:00,0.3125,0.3125,0.3125,1,1.0
2024-03-05 20:00,0.3133,0.3133,0.3133,1,1.0
2024-03-05 23:00,0.3144,0.3144,0.3144,1,1.0
2024-03-06 02:00,0.3156,0.3156,0.3156,1,1.0
2024-03-06 05:00,0.3156,0.3156,0.3156,1,1.0
2024-03-06 08:00,0.3146,0.3146,0.3146,1,1.0
2024-03-06 11:00,0.3137,0.3137,0.3137,1,1.0
2024-03-06 14:00,0.3074,0.3074,0.3074,1,1.0
2024-03-06 17:00,0.3025,0.3025,0.3025,1,1.0
2024-03-06 20:00,0.3028,0.3028,0.3028,1,1.0
2024-03-06 23:00,0.3036,0.3036,0.3036,1,1.0
2024-03-07 02:00,0.3037,0.3037,0.3037,1,1.0
2024-03-07 05:00,0.3048,0.3048,0.3048,1,1.0
2024-03-07 08:00,0.3062,0.3062,0.3062,1,1.0
2024-03-07 11:00,0.303,0.303,0.303,1,1.0
2024-03-07 14:00,0.298,0.298,0.298,1,1.0
2024-03-07 17:00,0.2961,0.2961,0.2961,1,1.0
2024-03-07 20:00,0.2979,0.2979,0.2979,1,1.0
2024-03-07 23:00,0.2993,0.2993,0.2993,1,1.0
2024-03-08 02:00,0.3014,0.3014,0.3014,1,1.0
2024-03-08 05:00,0.3037,0.3037,0.3037,1,1.0
2024-03-08 08:00,0.3044,0.3044,0.3044,1,1.0
2024-03-08 11:00,0.3012,0.3012,0.3012,1,1.0
2024-03-08 14:00,0.2966,0.2966,0.2966,1,1.0
2024-03-08 17:00,0.2952,0.2952,0.2952,1,1.0
2024-03-08 20:00,0.2964,0.2964,0.2964,1,1.0
2024-03-08 23:00,0.3031,0.3031,0.3031,1,1.0
2024-03-09 02:00,0.3125,0.3125,0.3125,1,1.0
2024-03-09 05:00,0.3212,0.3212,0.3212,1,1.0
2024-03-09 08:00,0.3468,0.3468,0.3468,1,1.0
2024-03-09 11:00,0.357,0.357,0.357,1,1.0
2024-03-09 14:00,0.3431,0.3431,0.3431,1,1.0
2024-03-09 17:00,0.3393,0.3393,0.3393,1,1.0
2024-03-09 20:00,0.3359,0.3359,0.3359,1,1.0
2024-03-09 23:00,0.332,0.332,0.332,1,1.0
2024-03-10 02:00,0.3276,0.3276,0.3276,1,1.0
2024-03-10 05:00,0.3238,0.3238,0.3238,1,1.0
2024-03-10 08:00,0.3187,0.3187,0.3187,1,1.0
2024-03-10 11:00,0.3107,0.3107,0.3107,1,1.0
2024-03-10 14:00,0.3051,0.3051,0.3051,1,1.0
2024-03-10 17:00,0.3068,0.3068,0.3068,1,1.0
2024-03-10 20:00,0.3157,0.3157,0.3157,1,1.0
2024-03-10 23:00,0.3375,0.3375,0.3375,1,1.0
2024-03-11 02:00,0.3648,0.3648,0.3648,1,1.0
2024-03-11 05:00,0.3483,0.3483,0.3483,1,1.0
2024-03-11 08:00,0.3426,0.3426,0.3426,1,1.0
2024-03-11 11:00,0.3432,0.3432,0.3432,1,1.0
2024-03-11 14:00,0.3458,0.3458,0.3458,1,1.0
2024-03-11 17:00,0.3489,0.3489,0.3489,1,1.0
2024-03-11 20:00,0.3456,0.3456,0.3456,1,1.0
2024-03-11 23:00,0.3444,0.3444,0.3444,1,1.0
2024-03-12 02:00,0.3433,0.3433,0.3433,1,1.0
2024-03-12 05:00,0.3423,0.3423,0.3423,1,1.0
2024-03-12 08:00,0.3439,0.3439,0.3439,1,1.0
2024-03-12 11:00,0.3433,0.3433,0.3433,1,1.0
2024-03-12 14:00,0.3389,0.3389,0.3389,1,1.0
2024-03-12 17:00,0.3362,0.3362,0.3362,1,1.0
2024-03-12 20:00,0.335,0.335,0.335,1,1.0
2024-03-12 23:00,0.3326,0.3326,0.3326,1,1.0
2024-03-13 02:00,0.3307,0.3307,0.3307,1,1.0
2024-03-13 05:00,0.3292,0.3292,0.3292,1,1.0
2024-03-13 08:00,0.3272,0.3272,0.3272,1,1.0
2024-03-13 11:00,0.3234,0.3234,0.3234,1,1.0
2024-03-13 14:00,0.3183,0.3183,0.3183,1,1.0
2024-03-13 17:00,0.3165,0.3165,0.3165,1,1.0
2024-03-13 20:00,0.3168,0.3168,0.3168,1,1.0
2024-03-13 23:00,0.3175,0.3175,0.3175,1,1.0
2024-03-14 02:00,0.3183,0.3183,0.3183,1,1.0
2024-03-14 05:00,0.3188,0.3188,0.3188,1,1.0
2024-03-14 08:00,0.3179,0.3179,0.3179,1,1.0
2024-03-14 11:00,0.3149,0.3149,0.3149,1,1.0
2024-03-14 14:00,0.3096,0.3096,0.3096,1,1.0
2024-03-14 17:00,0.309,0.309,0.309,1,1.0
2024-03-14 20:00,0.3109,0.3109,0.3109,1,1.0
2024-03-14 23:00,0.3128,0.3128,0.3128,1,1.0
2024-03-15 02:00,0.3144,0.3144,0.3144,1,1.0
2024-03-15 05:00,0.3163,0.3163,0.3163,1,1.0
2024-03-15 08:00,0.3163,0.3163,0.3163,1,1.0
2024-03-15 11:00,0.3142,0.3142,0.3142,1,1.0
2024-03-15 14:00,0.3092,0.3092,0.3092,1,1.0
2024-03-15 17:00,0.3062,0.3062,0.3062,1,1.0
2024-03-15 20:00,0.3044,0.3044,0.3044,1,1.0
2024-03-15 23:00,0.3064,0.3064,0.3064,1,1.0
2024-03-16 02:00,0.3086,0.3086,0.3086,1,1.0
2024-03-16 05:00,0.3105,0.3105,0.3105,1,1.0
2024-03-16 08:00,0.3122,0.3122,0.3122,1,1.0
2024-03-16 11:00,0.3111,0.3111,0.3111,1,1.0
2024-03-16 14:00,0.3079,0.3079,0.3079,1,1.0
2024-03-16 17:00,0.3061,0.3061,0.3061,1,1.0
2024-03-16 20:00,0.3077,0.3077,0.3077,1,1.0
2024-03-16 23:00,0.3087,0.3087,0.3087,1,1.0
2024-03-17 02:00,0.3099,0.3099,0.3099,1,1.0
2024-03-17 05:00,0.3113,0.3113,0.3113,1,1.0
2024-03-17 08:00,0.3122,0.3122,0.3122,1,1.0
2024-03-17 11:00,0.308,0.308,0.308,1,1.0
2024-03-17 14:00,0.3008,0.3008,0.3008,1,1.0
2024-03-17 17:00,0.2978,0.2978,0.2978,1,1.0
2024-03-17 20:00,0.2997,0.2997,0.2997,1,1.0
2024-03-17 23:00,0.3022,0.3022,0.3022,1,1.0
2024-03-18 02:00,0.3041,0.3041,0.3041,1,1.0
2024-03-18 05:00,0.3059,0.3059,0.3059,1,1.0
2024-03-18 08:00,0.3078,0.3078,0.3078,1,1.0
2024-03-18 11:00,0.3087,0.3087,0.3087,1,1.0
2024-03-18 14:00,0.3098,0.3098,0.3098,1,1.0
2024-03-18 17:00,0.3117,0.3117,0.3117,1,1.0
2024-03-18 20:00,0.3153,0.3153,0.3153,1,1.0
2024-03-18 23:00,0.3177,0.3177,0.3177,1,1.0
2024-03-19 02:00,0.3189,0.3189,0.3189,1,1.0
2024-03-19 05:00,0.3197,0.3197,0.3197,1,1.0
2024-03-19 08:00,0.3194,0.3194,0.3194,1,1.0
2024-03-19 11:00,0.3141,0.3141,0.3141,1,1.0
2024-03-19 14:00,0.3052,0.3052,0.3052,1,1.0
2024-03-19 17:00,0.2986,0.2986,0.2986,1,1.0
2024-03-19 20:00,0.2982,0.2982,0.2982,1,1.0
2024-03-19 23:00,0.2995,0.2995,0.2995,1,1.0
2024-03-20 02:00,0.3011,0.3011,0.3011,1,1.0
2024-03-20 05:00,0.3029,0.3029,0.3029,1,1.0
2024-03-20 08:00,0.3003,0.3003,0.3003,1,1.0
2024-03-20 11:00,0.2944,0.2944,0.2944,1,1.0
2024-03-20 14:00,0.2869,0.2869,0.2869,1,1.0
2024-03-20 17:00,0.2823,0.2823,0.2823,1,1.0
2024-03-20 20:00,0.2831,0.2831,0.2831,1,1.0
2024-03-20 23:00,0.2861,0.2861,0.2861,1,1.0
2024-03-21 02:00,0.2885,0.2885,0.2885,1,1.0
2024-03-21 05:00,0.2912,0.2912,0.2912,1,1.0
2024-03-21 08:00,0.2932,0.2932,0.2932,1,1.0
2024-03-21 11:00,0.291,0.291,0.291,1,1.0
2024-03-21 14:00,0.2874,0.2874,0.2874,1,1.0
2024-03-21 17:00,0.2864,0.2864,0.2864,1,1.0
2024-03-21 20:00,0.2894,0.2894,0.2894,1,1.0
2024-03-21 23:00,0.292,0.292,0.292,1,1.0
2024-03-22 02:00,0.294,0.294,0.294,1,1.0
2024-03-22 05:00,0.296,0.296,0.296,1,1.0
2024-03-22 08:00,0.2936,0.2936,0.2936,1,1.0
2024-03-22 11:00,0.2929,0.2929,0.2929,1,1.0
2024-03-22 14:00,0.2883,0.2883,0.2883,1,1.0
2024-03-22 17:00,0.2882,0.2882,0.2882,1,1.0
2024-03-22 20:00,0.2908,0.2908,0.2908,1,1.0
2024-03-22 23:00,0.2938,0.2938,0.2938,1,1.0
2024-03-23 02:00,0.2965,0.2965,0.2965,1,1.0
2024-03-23 05:00,0.299,0.299,0.299,1,1.0
2024-03-23 08:00,0.2999,0.2999,0.2999,1,1.0
2024-03-23 11:00,0.2957,0.2957,0.2957,1,1.0
2024-03-23 14:00,0.2911,0.2911,0.2911,1,1.0
2024-03-23 17:00,0.2889,0.2889,0.2889,1,1.0
2024-03-23 20:00,0.2908,0.2908,0.2908,1,1.0
2024-03-23 23:00,0.2936,0.2936,0.2936,1,1.0
2024-03-24 02:00,0.2959,0.2959,0.2959,1,1.0
2024-03-24 05:00,0.2979,0.2979,0.2979,1,1.0
2024-03-24 08:00,0.2992,0.2992,0.2992,1,1.0
2024-03-24 11:00,0.294,0.294,0.294,1,1.0
2024-03-24 14:00,0.2859,0.2859,0.2859,1,1.0
2024-03-24 17:00,0.2814,0.2814,0.2814,1,1.0
2024-03-24 20:00,0.2825,0.2825,0.2825,1,1.0
2024-03-24 23:00,0.2845,0.2845,0.2845,1,1.0
2024-03-25 02:00,0.2882,0.2882,0.2882,1,1.0
2024-03-25 05:00,0.2919,0.2919,0.2919,1,1.0
2024-03-25 08:00,0.293,0.293,0.293,1,1.0
2024-03-25 11:00,0.2873,0.2873,0.2873,1,1.0
2024-03-25 14:00,0.2804,0.2804,0.2804,1,1.0
2024-03-25 17:00,0.2767,0.2767,0.2767,1,1.0
2024-03-25 20:00,0.2793,0.2793,0.2793,1,1.0
2024-03-25 23:00,0.2853,0.2853,0.2853,1,1.0
2024-03-26 02:00,0.2865,0.2865,0.2865,1,1.0
2024-03-26 05:00,0.2861,0.2861,0.2861,1,1.0
2024-03-26 08:00,0.2906,0.2906,0.2906,1,1.0
2024-03-26 11:00,0.3076,0.3076,0.3076,1,1.0
2024-03-26 14:00,0.3397,0.3397,0.3397,1,1.0
2024-03-26 17:00,0.3284,0.3284,0.3284,1,1.0
2024-03-26 20:00,0.3252,0.3252,0.3252,1,1.0
2024-03-26 23:00,0.3233,0.3233,0.3233,1,1.0
2024-03-27 02:00,0.325,0.325,0.325,1,1.0
2024-03-27 05:00,0.3249,0.3249,0.3249,1,1.0
2024-03-27 08:00,0.323,0.323,0.323,1,1.0
2024-03-27 11:00,0.3241,0.3241,0.3241,1,1.0
2024-03-27 14:00,0.3606,0.3606,0.3606,1,1.0
2024-03-27 17:00,0.3504,0.3504,0.3504,1,1.0
2024-03-27 20:00,0.3363,0.3363,0.3363,1,1.0
2024-03-27 23:00,0.3399,0.3399,0.3399,1,1.0
2024-03-28 02:00,0.3344,0.3344,0.3344,1,1.0
2024-03-28 05:00,0.3303,0.3303,0.3303,1,1.0
2024-03-28 08:00,0.3256,0.3256,0.3256,1,1.0
2024-03-28 11:00,0.3175,0.3175,0.3175,1,1.0
2024-03-28 14:00,0.3108,0.3108,0.3108,1,1.0
2024-03-28 17:00,0.3071,0.3071,0.3071,1,1.0
2024-03-28 20:00,0.3089,0.3089,0.3089,1,1.0
2024-03-28 23:00,0.3088,0.3088,0.3088,1,1.0
2024-03-29 02:00,0.309,0.309,0.309,1,1.0
2024-03-29 05:00,0.3096,0.3096,0.3096,1,1.0
2024-03-29 08:00,0.3072,0.3072,0.3072,1,1.0
2024-03-29 11:00,0.2986,0.2986,0.2986,1,1.0
2024-03-29 14:00,0.2892,0.2892,0.2892,1,1.0
2024-03-29 17:00,0.2856,0.2856,0.2856,1,1.0
2024-03-29 20:00,0.2865,0.2865,0.2865,1,1.0
2024-03-29 23:00,0.2873,0.2873,0.2873,1,1.0
2024-03-30 02:00,0.2883,0.2883,0.2883,1,1.0
2024-03-30 05:00,0.2881,0.2881,0.2881,1,1.0
2024-03-30 08:00,0.283,0.283,0.283,1,1.0
2024-03-30 11:00,0.2705,0.2705,0.2705,1,1.0
2024-03-30 14:00,0.2582,0.2582,0.2582,1,1.0
2024-03-30 17:00,0.2568,0.2568,0.2568,1,1.0
2024-03-30 20:00,0.2543,0.2543,0.2543,1,1.0
2024-03-30 23:00,0.2526,0.2526,0.2526,1,1.0
2024-03-31 02:00,0.2547,0.2547,0.2547,1,1.0
2024-03-31 05:00,0.2578,0.2578,0.2578,1,1.0
2024-03-31 08:00,0.2583,0.2583,0.2583,1,1.0
2024-03-31 11:00,0.2552,0.2552,0.2552,1,1.0
2024-03-31 14:00,0.2522,0.2522,0.2522,1,1.0
2024-03-31 17:00,0.2536,0.2536,0.2536,1,1.0
2024-03-31 20:00,0.2554,0.2554,0.2554,1,1.0
2024-03-31 23:00,0.259,0.259,0.259,1,1.0
2024-04-01 02:00,0.2617,0.2617,0.2617,1,1.0
2024-04-01 05:00,0.2634,0.2634,0.2634,1,1.0
2024-04-01 08:00,0.2625,0.2625,0.2625,1,1.0
2024-04-01 11:00,0.2572,0.2572,0.2572,1,1.0
2024-04-01 14:00,0.2556,0.2556,0.2556,1,1.0
2024-04-01 17:00,0.2577,0.2577,0.2577,1,1.0
2024-04-01 20:00,0.2976,0.2976,0.2976,1,1.0
2024-04-01 23:00,0.3159,0.3159,0.3159,1,1.0
2024-04-02 02:00,0.3144,0.3144,0.3144,1,1.0
2024-04-02 05:00,0.3141,0.3141,0.3141,1,1.0
2024-04-02 08:00,0.3084,0.3084,0.3084,1,1.0
2024-04-02 11:00,0.3006,0.3006,0.3006,1,1.0
2024-04-02 14:00,0.2906,0.2906,0.2906,1,1.0
2024-04-02 17:00,0.2852,0.2852,0.2852,1,1.0
2024-04-02 20:00,0.2863,0.2863,0.2863,1,1.0
2024-04-02 23:00,0.2886,0.2886,0.2886,1,1.0
2024-04-03 02:00,0.2911,0.2911,0.2911,1,1.0
2024-04-03 05:00,0.2932,0.2932,0.2932,1,1.0
2024-04-03 08:00,0.2939,0.2939,0.2939,1,1.0
2024-04-03 11:00,0.2916,0.2916,0.2916,1,1.0
2024-04-03 14:00,0.2879,0.2879,0.2879,1,1.0
2024-04-03 17:00,0.2848,0.2848,0.2848,1,1.0
2024-04-03 20:00,0.2862,0.2862,0.2862,1,1.0
2024-04-03 23:00,0.2886,0.2886,0.2886,1,1.0
2024-04-04 02:00,0.291,0.291,0.291,1,1.0
2024-04-04 05:00,0.293,0.293,0.293,1,1.0
2024-04-04 08:00,0.2936,0.2936,0.2936,1,1.0
2024-04-04 11:00,0.2888,0.2888,0.2888,1,1.0
2024-04-04 14:00,0.2815,0.2815,0.2815,1,1.0
2024-04-04 17:00,0.2785,0.2785,0.2785,1,1.0
2024-04-04 20:00,0.2804,0.2804,0.2804,1,1.0
2024-04-04 23:00,0.2828,0.2828,0.2828,1,1.0
2024-04-05 02:00,0.2852,0.2852,0.2852,1,1.0
2024-04-05 05:00,0.2876,0.2876,0.2876,1,1.0
2024-04-05 08:00,0.2874,0.2874,0.2874,1,1.0
2024-04-05 11:00,0.2845,0.2845,0.2845,1,1.0
2024-04-05 14:00,0.2783,0.2783,0.2783,1,1.0
2024-04-05 17:00,0.2755,0.2755,0.2755,1,1.0
2024-04-05 20:00,0.2783,0.2783,0.2783,1,1.0
2024-04-05 23:00,0.2815,0.2815,0.2815,1,1.0
2024-04-06 02:00,0.2847,0.2847,0.2847,1,1.0
2024-04-06 05:00,0.2878,0.2878,0.2878,1,1.0
2024-04-06 08:00,0.2895,0.2895,0.2895,1,1.0
2024-04-06 11:00,0.286,0.286,0.286,1,1.0
2024-04-06 14:00,0.2791,0.2791,0.2791,1,1.0
2024-04-06 17:00,0.2755,0.2755,0.2755,1,1.0
2024-04-06 20:00,0.2777,0.2777,0.2777,1,1.0
2024-04-06 23:00,0.2803,0.2803,0.2803,1,1.0
2024-04-07 02:00,0.2824,0.2824,0.2824,1,1.0
2024-04-07 05:00,0.2838,0.2838,0.2838,1,1.0
2024-04-07 08:00,0.2865,0.2865,0.2865,1,1.0
2024-04-07 11:00,0.2825,0.2825,0.2825,1,1.0
2024-04-07 14:00,0.2747,0.2747,0.2747,1,1.0
2024-04-07 17:00,0.2726,0.2726,0.2726,1,1.0
2024-04-07 20:00,0.2744,0.2744,0.2744,1,1.0
2024-04-07 23:00,0.2769,0.2769,0.2769,1,1.0
2024-04-08 02:00,0.2797,0.2797,0.2797,1,1.0
2024-04-08 05:00,0.2822,0.2822,0.2822,1,1.0
2024-04-08 08:00,0.2745,0.2745,0.2745,1,1.0
2024-04-08 11:00,0.2707,0.2707,0.2707,1,1.0
2024-04-08 14:00,0.2636,0.2636,0.2636,1,1.0
2024-04-08 17:00,0.2598,0.2598,0.2598,1,1.0
2024-04-08 20:00,0.2583,0.2583,0.2583,1,1.0
2024-04-08 23:00,0.2605,0.2605,0.2605,1,1.0
2024-04-09 02:00,0.2628,0.2628,0.2628,1,1.0
2024-04-09 05:00,0.2648,0.2648,0.2648,1,1.0
2024-04-09 08:00,0.2649,0.2649,0.2649,1,1.0
2024-04-09 11:00,0.2593,0.2593,0.2593,1,1.0
2024-04-09 14:00,0.2528,0.2528,0.2528,1,1.0
2024-04-09 17:00,0.2505,0.2505,0.2505,1,1.0
2024-04-09 20:00,0.2535,0.2535,0.2535,1,1.0
2024-04-09 23:00,0.257,0.257,0.257,1,1.0
2024-04-10 02:00,0.2608,0.2608,0.2608,1,1.0
2024-04-10 05:00,0.2674,0.2674,0.2674,1,1.0
2024-04-10 08:00,0.2705,0.2705,0.2705,1,1.0
2024-04-10 11:00,0.2657,0.2657,0.2657,1,1.0
2024-04-10 14:00,0.2587,0.2587,0.2587,1,1.0
2024-04-10 17:00,0.2522,0.2522,0.2522,1,1.0
2024-04-10 20:00,0.2538,0.2538,0.2538,1,1.0
2024-04-10 23:00,0.2569,0.2569,0.2569,1,1.0
2024-04-11 02:00,0.2608,0.2608,0.2608,1,1.0
2024-04-11 05:00,0.2646,0.2646,0.2646,1,1.0
2024-04-11 08:00,0.2653,0.2653,0.2653,1,1.0
2024-04-11 11:00,0.2627,0.2627,0.2627,1,1.0
2024-04-11 14:00,0.2583,0.2583,0.2583,1,1.0
2024-04-11 17:00,0.2564,0.2564,0.2564,1,1.0
2024-04-11 20:00,0.2578,0.2578,0.2578,1,1.0
2024-04-11 23:00,0.2594,0.2594,0.2594,1,1.0
2024-04-12 02:00,0.2607,0.2607,0.2607,1,1.0
2024-04-12 05:00,0.2622,0.2622,0.2622,1,1.0
2024-04-12 08:00,0.2613,0.2613,0.2613,1,1.0
2024-04-12 11:00,0.2563,0.2563,0.2563,1,1.0
2024-04-12 14:00,0.2483,0.2483,0.2483,1,1.0
2024-04-12 17:00,0.2431,0.2431,0.2431,1,1.0
2024-04-12 20:00,0.2433,0.2433,0.2433,1,1.0
2024-04-12 23:00,0.244,0.244,0.244,1,1.0
2024-04-13 02:00,0.2453,0.2453,0.2453,1,1.0
2024-04-13 05:00,0.2471,0.2471,0.2471,1,1.0
2024-04-13 08:00,0.2463,0.2463,0.2463,1,1.0
2024-04-13 11:00,0.2432,0.2432,0.2432,1,1.0
2024-04-13 14:00,0.2374,0.2374,0.2374,1,1.0
2024-04-13 17:00,0.233,0.233,0.233,1,1.0
2024-04-13 20:00,0.2344,0.2344,0.2344,1,1.0
2024-04-13 23:00,0.2371,0.2371,0.2371,1,1.0
2024-04-14 02:00,0.2396,0.2396,0.2396,1,1.0
2024-04-14 05:00,0.2414,0.2414,0.2414,1,1.0
2024-04-14 08:00,0.2415,0.2415,0.2415,1,1.0
2024-04-14 11:00,0.2368,0.2368,0.2368,1,1.0
2024-04-14 14:00,0.2301,0.2301,0.2301,1,1.0
2024-04-14 17:00,0.2288,0.2288,0.2288,1,1.0
2024-04-14 20:00,0.2317,0.2317,0.2317,1,1.0
2024-04-14 23:00,0.2349,0.2349,0.2349,1,1.0
2024-04-15 02:00,0.2435,0.2435,0.2435,1,1.0
2024-04-15 05:00,0.2509,0.2509,0.2509,1,1.0
2024-04-15 08:00,0.2417,0.2417,0.2417,1,1.0
2024-04-15 11:00,0.2406,0.2406,0.2406,1,1.0
2024-04-15 14:00,0.2359,0.2359,0.2359,1,1.0
2024-04-15 17:00,0.2352,0.2352,0.2352,1,1.0
2024-04-15 20:00,0.2366,0.2366,0.2366,1,1.0
2024-04-15 23:00,0.2386,0.2386,0.2386,1,1.0
2024-04-16 02:00,0.2406,0.2406,0.2406,1,1.0
2024-04-16 05:00,0.2415,0.2415,0.2415,1,1.0
2024-04-16 08:00,0.238,0.238,0.238,1,1.0
2024-04-16 11:00,0.2365,0.2365,0.2365,1,1.0
2024-04-16 14:00,0.2364,0.2364,0.2364,1,1.0
2024-04-16 17:00,0.2385,0.2385,0.2385,1,1.0
2024-04-16 20:00,0.2445,0.2445,0.2445,1,1.0
2024-04-16 23:00,0.2578,0.2578,0.2578,1,1.0
2024-04-17 02:00,0.2607,0.2607,0.2607,1,1.0
2024-04-17 05:00,0.2625,0.2625,0.2625,1,1.0
2024-04-17 08:00,0.2644,0.2644,0.2644,1,1.0
2024-04-17 11:00,0.2623,0.2623,0.2623,1,1.0
2024-04-17 14:00,0.2559,0.2559,0.2559,1,1.0
2024-04-17 17:00,0.2521,0.2521,0.2521,1,1.0
2024-04-17 20:00,0.253,0.253,0.253,1,1.0
2024-04-17 23:00,0.254,0.254,0.254,1,1.0
2024-04-18 02:00,0.2552,0.2552,0.2552,1,1.0
2024-04-18 05:00,0.2565,0.2565,0.2565,1,1.0
2024-04-18 08:00,0.2615,0.2615,0.2615,1,1.0
2024-04-18 11:00,0.282,0.282,0.282,1,1.0
2024-04-18 14:00,0.2801,0.2801,0.2801,1,1.0
2024-04-18 17:00,0.2801,0.2801,0.2801,1,1.0
2024-04-18 20:00,0.2939,0.2939,0.2939,1,1.0
2024-04-18 23:00,0.3126,0.3126,0.3126,1,1.0
2024-04-19 02:00,0.3391,0.3391,0.3391,1,1.0
2024-04-19 05:00,0.3524,0.3524,0.3524,1,1.0
2024-04-19 08:00,0.3241,0.3241,0.3241,1,1.0
2024-04-19 11:00,0.3074,0.3074,0.3074,1,1.0
2024-04-19 14:00,0.2951,0.2951,0.2951,1,1.0
2024-04-19 17:00,0.2848,0.2848,0.2848,1,1.0
2024-04-19 20:00,0.2824,0.2824,0.2824,1,1.0
2024-04-19 23:00,0.2825,0.2825,0.2825,1,1.0
2024-04-20 02:00,0.2818,0.2818,0.2818,1,1.0
2024-04-20 05:00,0.2817,0.2817,0.2817,1,1.0
2024-04-20 08:00,0.2793,0.2793,0.2793,1,1.0
2024-04-20 11:00,0.2765,0.2765,0.2765,1,1.0
2024-04-20 14:00,0.2724,0.2724,0.2724,1,1.0
2024-04-20 17:00,0.2694,0.2694,0.2694,1,1.0
2024-04-20 20:00,0.2725,0.2725,0.2725,1,1.0
2024-04-20 23:00,0.2768,0.2768,0.2768,1,1.0
2024-04-21 02:00,0.2792,0.2792,0.2792,1,1.0
2024-04-21 05:00,0.2805,0.2805,0.2805,1,1.0
2024-04-21 08:00,0.2818,0.2818,0.2818,1,1.0
2024-04-21 11:00,0.2756,0.2756,0.2756,1,1.0
2024-04-21 14:00,0.2682,0.2682,0.2682,1,1.0
2024-04-21 17:00,0.2635,0.2635,0.2635,1,1.0
2024-04-21 20:00,0.2636,0.2636,0.2636,1,1.0
2024-04-21 23:00,0.2645,0.2645,0.2645,1,1.0
2024-04-22 02:00,0.2657,0.2657,0.2657,1,1.0
2024-04-22 05:00,0.2666,0.2666,0.2666,1,1.0
2024-04-22 08:00,0.2655,0.2655,0.2655,1,1.0
2024-04-22 11:00,0.2604,0.2604,0.2604,1,1.0
2024-04-22 14:00,0.2548,0.2548,0.2548,1,1.0
2024-04-22 17:00,0.2526,0.2526,0.2526,1,1.0
2024-04-22 20:00,0.2543,0.2543,0.2543,1,1.0
2024-04-22 23:00,0.2568,0.2568,0.2568,1,1.0
2024-04-23 02:00,0.2592,0.2592,0.2592,1,1.0
2024-04-23 05:00,0.2616,0.2616,0.2616,1,1.0
2024-04-23 08:00,0.2621,0.2621,0.2621,1,1.0
2024-04-23 11:00,0.2586,0.2586,0.2586,1,1.0
2024-04-23 14:00,0.2514,0.2514,0.2514,1,1.0
2024-04-23 17:00,0.2451,0.2451,0.2451,1,1.0
2024-04-23 20:00,0.2454,0.2454,0.2454,1,1.0
2024-04-23 23:00,0.2473,0.2473,0.2473,1,1.0
2024-04-24 02:00,0.2541,0.2541,0.2541,1,1.0
2024-04-24 05:00,0.2835,0.2835,0.2835,1,1.0
2024-04-24 08:00,0.2973,0.2973,0.2973,1,1.0
2024-04-24 11:00,0.2903,0.2903,0.2903,1,1.0
2024-04-24 14:00,0.2848,0.2848,0.2848,1,1.0
2024-04-24 17:00,0.2821,0.2821,0.2821,1,1.0
2024-04-24 20:00,0.2806,0.2806,0.2806,1,1.0
2024-04-24 23:00,0.2806,0.2806,0.2806,1,1.0
2024-04-25 02:00,0.2797,0.2797,0.2797,1,1.0
2024-04-25 05:00,0.2797,0.2797,0.2797,1,1.0
2024-04-25 08:00,0.2796,0.2796,0.2796,1,1.0
2024-04-25 11:00,0.2752,0.2752,0.2752,1,1.0
2024-04-25 14:00,0.2717,0.2717,0.2717,1,1.0
2024-04-25 17:00,0.2691,0.2691,0.2691,1,1.0
2024-04-25 20:00,0.2682,0.2682,0.2682,1,1.0
2024-04-25 23:00,0.2693,0.2693,0.2693,1,1.0
2024-04-26 02:00,0.2706,0.2706,0.2706,1,1.0
2024-04-26 05:00,0.2723,0.2723,0.2723,1,1.0
2024-04-26 08:00,0.2738,0.2738,0.2738,1,1.0
2024-04-26 11:00,0.2799,0.2799,0.2799,1,1.0
2024-04-26 14:00,0.2777,0.2777,0.2777,1,1.0
2024-04-26 17:00,0.271,0.271,0.271,1,1.0
2024-04-26 20:00,0.2711,0.2711,0.2711,1,1.0
2024-04-26 23:00,0.272,0.272,0.272,1,1.0
2024-04-27 02:00,0.2723,0.2723,0.2723,1,1.0
2024-04-27 05:00,0.2722,0.2722,0.2722,1,1.0
2024-04-27 08:00,0.2697,0.2697,0.2697,1,1.0
2024-04-27 11:00,0.2639,0.2639,0.2639,1,1.0
2024-04-27 14:00,0.2573,0.2573,0.2573,1,1.0
2024-04-27 17:00,0.2536,0.2536,0.2536,1,1.0
2024-04-27 20:00,0.2543,0.2543,0.2543,1,1.0
2024-04-27 23:00,0.255,0.255,0.255,1,1.0
2024-04-28 02:00,0.2557,0.2557,0.2557,1,1.0
2024-04-28 05:00,0.2559,0.2559,0.2559,1,1.0
2024-04-28 08:00,0.2539,0.2539,0.2539,1,1.0
2024-04-28 11:00,0.2483,0.2483,0.2483,1,1.0
2024-04-28 14:00,0.241,0.241,0.241,1,1.0
2024-04-28 17:00,0.2376,0.2376,0.2376,1,1.0
2024-04-28 20:00,0.2387,0.2387,0.2387,1,1.0
2024-04-28 23:00,0.2402,0.2402,0.2402,1,1.0
2024-04-29 02:00,0.2406,0.2406,0.2406,1,1.0
2024-04-29 05:00,0.2404,0.2404,0.2404,1,1.0
2024-04-29 08:00,0.2369,0.2369,0.2369,1,1.0
2024-04-29 11:00,0.2322,0.2322,0.2322,1,1.0
2024-04-29 14:00,0.2271,0.2271,0.2271,1,1.0
2024-04-29 17:00,0.225,0.225,0.225,1,1.0
2024-04-29 20:00,0.2274,0.2274,0.2274,1,1.0
2024-04-29 23:00,0.229,0.229,0.229,1,1.0
2024-04-30 02:00,0.2303,0.2303,0.2303,1,1.0
2024-04-30 05:00,0.2308,0.2308,0.2308,1,1.0
2024-04-30 08:00,0.2298,0.2298,0.2298,1,1.0
2024-04-30 11:00,0.2255,0.2255,0.2255,1,1.0
2024-04-30 14:00,0.2196,0.2196,0.2196,1,1.0
2024-04-30 17:00,0.2169,0.2169,0.2169,1,1.0
2024-04-30 20:00,0.2181,0.2181,0.2181,1,1.0
2024-04-30 23:00,0.2194,0.2194,0.2194,1,1.0
2024-05-01 02:00,0.2203,0.2203,0.2203,1,1.0
2024-05-01 05:00,0.2216,0.2216,0.2216,1,1.0
2024-05-01 08:00,0.2249,0.2249,0.2249,1,1.0
2024-05-01 11:00,0.2337,0.2337,0.2337,1,1.0
2024-05-01 14:00,0.2428,0.2428,0.2428,1,1.0
2024-05-01 17:00,0.248,0.248,0.248,1,1.0
2024-05-01 20:00,0.2485,0.2485,0.2485,1,1.0
2024-05-01 23:00,0.2501,0.2501,0.2501,1,1.0
2024-05-02 02:00,0.2515,0.2515,0.2515,1,1.0
2024-05-02 05:00,0.2532,0.2532,0.2532,1,1.0
2024-05-02 08:00,0.2588,0.2588,0.2588,1,1.0
2024-05-02 11:00,0.28,0.28,0.28,1,1.0
2024-05-02 14:00,0.3006,0.3006,0.3006,1,1.0
2024-05-02 17:00,0.2872,0.2872,0.2872,1,1.0
2024-05-02 20:00,0.2744,0.2744,0.2744,1,1.0
2024-05-02 23:00,0.2779,0.2779,0.2779,1,1.0
2024-05-03 02:00,0.2773,0.2773,0.2773,1,1.0
2024-05-03 05:00,0.2753,0.2753,0.2753,1,1.0
2024-05-03 08:00,0.272,0.272,0.272,1,1.0
2024-05-03 11:00,0.2656,0.2656,0.2656,1,1.0
2024-05-03 14:00,0.2602,0.2602,0.2602,1,1.0
2024-05-03 17:00,0.2568,0.2568,0.2568,1,1.0
2024-05-03 20:00,0.2558,0.2558,0.2558,1,1.0
2024-05-03 23:00,0.2558,0.2558,0.2558,1,1.0
2024-05-04 02:00,0.2564,0.2564,0.2564,1,1.0
2024-05-04 05:00,0.2574,0.2574,0.2574,1,1.0
2024-05-04 08:00,0.2577,0.2577,0.2577,1,1.0
2024-05-04 11:00,0.2534,0.2534,0.2534,1,1.0
2024-05-04 14:00,0.2464,0.2464,0.2464,1,1.0
2024-05-04 17:00,0.2419,0.2419,0.2419,1,1.0
2024-05-04 20:00,0.2418,0.2418,0.2418,1,1.0
2024-05-04 23:00,0.2434,0.2434,0.2434,1,1.0
2024-05-05 02:00,0.2452,0.2452,0.2452,1,1.0
2024-05-05 05:00,0.2468,0.2468,0.2468,1,1.0
2024-05-05 08:00,0.2465,0.2465,0.2465,1,1.0
2024-05-05 11:00,0.2438,0.2438,0.2438,1,1.0
2024-05-05 14:00,0.2403,0.2403,0.2403,1,1.0
2024-05-05 17:00,0.2384,0.2384,0.2384,1,1.0
2024-05-05 20:00,0.2395,0.2395,0.2395,1,1.0
2024-05-05 23:00,0.2414,0.2414,0.2414,1,1.0
2024-05-06 02:00,0.2434,0.2434,0.2434,1,1.0
2024-05-06 05:00,0.2448,0.2448,0.2448,1,1.0
2024-05-06 08:00,0.2446,0.2446,0.2446,1,1.0
2024-05-06 11:00,0.241,0.241,0.241,1,1.0
2024-05-06 14:00,0.2365,0.2365,0.2365,1,1.0
2024-05-06 17:00,0.2339,0.2339,0.2339,1,1.0
2024-05-06 20:00,0.2344,0.2344,0.2344,1,1.0
2024-05-06 23:00,0.2355,0.2355,0.2355,1,1.0
2024-05-07 02:00,0.2366,0.2366,0.2366,1,1.0
2024-05-07 05:00,0.2375,0.2375,0.2375,1,1.0
2024-05-07 08:00,0.2316,0.2316,0.2316,1,1.0
2024-05-07 11:00,0.2296,0.2296,0.2296,1,1.0
2024-05-07 14:00,0.2267,0.2267,0.2267,1,1.0
2024-05-07 17:00,0.2263,0.2263,0.2263,1,1.0
2024-05-07 20:00,0.2318,0.2318,0.2318,1,1.0
2024-05-07 23:00,0.2329,0.2329,0.2329,1,1.0
2024-05-08 02:00,0.2345,0.2345,0.2345,1,1.0
2024-05-08 05:00,0.2356,0.2356,0.2356,1,1.0
2024-05-08 08:00,0.2349,0.2349,0.2349,1,1.0
2024-05-08 11:00,0.2415,0.2415,0.2415,1,1.0
2024-05-08 14:00,0.2532,0.2532,0.2532,1,1.0
2024-05-08 17:00,0.2685,0.2685,0.2685,1,1.0
2024-05-08 20:00,0.2821,0.2821,0.2821,1,1.0
2024-05-08 23:00,0.284,0.284,0.284,1,1.0
2024-05-09 02:00,0.2799,0.2799,0.2799,1,1.0
2024-05-09 05:00,0.2756,0.2756,0.2756,1,1.0
2024-05-09 08:00,0.2712,0.2712,0.2712,1,1.0
2024-05-09 11:00,0.2679,0.2679,0.2679,1,1.0
2024-05-09 14:00,0.266,0.266,0.266,1,1.0
2024-05-09 17:00,0.2618,0.2618,0.2618,1,1.0
2024-05-09 20:00,0.2619,0.2619,0.2619,1,1.0
2024-05-09 23:00,0.2594,0.2594,0.2594,1,1.0
2024-05-10 02:00,0.2576,0.2576,0.2576,1,1.0
2024-05-10 05:00,0.2559,0.2559,0.2559,1,1.0
2024-05-10 08:00,0.2508,0.2508,0.2508,1,1.0
2024-05-10 11:00,0.245,0.245,0.245,1,1.0
2024-05-10 14:00,0.2381,0.2381,0.2381,1,1.0
2024-05-10 17:00,0.2332,0.2332,0.2332,1,1.0
2024-05-10 20:00,0.2306,0.2306,0.2306,1,1.0
2024-05-10 23:00,0.2308,0.2308,0.2308,1,1.0
2024-05-11 02:00,0.2311,0.2311,0.2311,1,1.0
2024-05-11 05:00,0.2317,0.2317,0.2317,1,1.0
2024-05-11 08:00,0.2301,0.2301,0.2301,1,1.0
2024-05-11 11:00,0.2253,0.2253,0.2253,1,1.0
2024-05-11 14:00,0.2184,0.2184,0.2184,1,1.0
2024-05-11 17:00,0.2137,0.2137,0.2137,1,1.0
2024-05-11 20:00,0.2137,0.2137,0.2137,1,1.0
2024-05-11 23:00,0.2155,0.2155,0.2155,1,1.0
2024-05-12 02:00,0.2175,0.2175,0.2175,1,1.0
2024-05-12 05:00,0.2195,0.2195,0.2195,1,1.0
2024-05-12 08:00,0.2276,0.2276,0.2276,1,1.0
2024-05-12 11:00,0.2248,0.2248,0.2248,1,1.0
2024-05-12 14:00,0.2215,0.2215,0.2215,1,1.0
2024-05-12 17:00,0.2192,0.2192,0.2192,1,1.0
2024-05-12 20:00,0.22,0.22,0.22,1,1.0
2024-05-12 23:00,0.2213,0.2213,0.2213,1,1.0
2024-05-13 02:00,0.2226,0.2226,0.2226,1,1.0
2024-05-13 05:00,0.224,0.224,0.224,1,1.0
2024-05-13 08:00,0.2237,0.2237,0.2237,1,1.0
2024-05-13 11:00,0.2208,0.2208,0.2208,1,1.0
2024-05-13 14:00,0.2163,0.2163,0.2163,1,1.0
2024-05-13 17:00,0.2136,0.2136,0.2136,1,1.0
2024-05-13 20:00,0.2141,0.2141,0.2141,1,1.0
2024-05-13 23:00,0.2154,0.2154,0.2154,1,1.0
2024-05-14 02:00,0.2165,0.2165,0.2165,1,1.0
2024-05-14 05:00,0.2175,0.2175,0.2175,1,1.0
2024-05-14 08:00,0.2173,0.2173,0.2173,1,1.0
2024-05-14 11:00,0.2138,0.2138,0.2138,1,1.0
2024-05-14 14:00,0.2083,0.2083,0.2083,1,1.0
2024-05-14 17:00,0.205,0.205,0.205,1,1.0
2024-05-14 20:00,0.2054,0.2054,0.2054,1,1.0
2024-05-14 23:00,0.2067,0.2067,0.2067,1,1.0
2024-05-15 02:00,0.2076,0.2076,0.2076,1,1.0
2024-05-15 05:00,0.2078,0.2078,0.2078,1,1.0
2024-05-15 08:00,0.1961,0.1961,0.1961,1,1.0
2024-05-15 11:00,0.1935,0.1935,0.1935,1,1.0
2024-05-15 14:00,0.1901,0.1901,0.1901,1,1.0
2024-05-15 17:00,0.1887,0.1887,0.1887,1,1.0
2024-05-15 20:00,0.1822,0.1822,0.1822,1,1.0
2024-05-15 23:00,0.1874,0.1874,0.1874,1,1.0
2024-05-16 02:00,0.1904,0.1904,0.1904,1,1.0
2024-05-16 05:00,0.1917,0.1917,0.1917,1,1.0
2024-05-16 08:00,0.1916,0.1916,0.1916,1,1.0
2024-05-16 11:00,0.1895,0.1895,0.1895,1,1.0
2024-05-16 14:00,0.1859,0.1859,0.1859,1,1.0
2024-05-16 17:00,0.1848,0.1848,0.1848,1,1.0
2024-05-16 20:00,0.1862,0.1862,0.1862,1,1.0
2024-05-16 23:00,0.188,0.188,0.188,1,1.0
2024-05-17 02:00,0.1896,0.1896,0.1896,1,1.0
2024-05-17 05:00,0.1912,0.1912,0.1912,1,1.0
2024-05-17 08:00,0.1878,0.1878,0.1878,1,1.0
2024-05-17 11:00,0.1858,0.1858,0.1858,1,1.0
2024-05-17 14:00,0.1824,0.1824,0.1824,1,1.0
2024-05-17 17:00,0.1797,0.1797,0.1797,1,1.0
2024-05-17 20:00,0.1806,0.1806,0.1806,1,1.0
2024-05-17 23:00,0.1819,0.1819,0.1819,1,1.0
2024-05-18 02:00,0.209,0.209,0.209,1,1.0
2024-05-18 05:00,0.2304,0.2304,0.2304,1,1.0
2024-05-18 08:00,0.2244,0.2244,0.2244,1,1.0
2024-05-18 11:00,0.2219,0.2219,0.2219,1,1.0
2024-05-18 14:00,0.2875,0.2875,0.2875,1,1.0
2024-05-18 17:00,0.2964,0.2964,0.2964,1,1.0
2024-05-18 20:00,0.2728,0.2728,0.2728,1,1.0
2024-05-18 23:00,0.2637,0.2637,0.2637,1,1.0
2024-05-19 02:00,0.26,0.26,0.26,1,1.0
2024-05-19 05:00,0.2574,0.2574,0.2574,1,1.0
2024-05-19 08:00,0.2541,0.2541,0.2541,1,1.0
2024-05-19 11:00,0.2485,0.2485,0.2485,1,1.0
2024-05-19 14:00,0.2443,0.2443,0.2443,1,1.0
2024-05-19 17:00,0.2417,0.2417,0.2417,1,1.0
2024-05-19 20:00,0.2407,0.2407,0.2407,1,1.0
2024-05-19 23:00,0.2399,0.2399,0.2399,1,1.0
2024-05-20 02:00,0.2394,0.2394,0.2394,1,1.0
2024-05-20 05:00,0.2388,0.2388,0.2388,1,1.0
2024-05-20 08:00,0.2348,0.2348,0.2348,1,1.0
2024-05-20 11:00,0.23,0.23,0.23,1,1.0
2024-05-20 14:00,0.2224,0.2224,0.2224,1,1.0
2024-05-20 17:00,0.2171,0.2171,0.2171,1,1.0
2024-05-20 20:00,0.2164,0.2164,0.2164,1,1.0
2024-05-20 23:00,0.2167,0.2167,0.2167,1,1.0
2024-05-21 02:00,0.2172,0.2172,0.2172,1,1.0
2024-05-21 05:00,0.2179,0.2179,0.2179,1,1.0
2024-05-21 08:00,0.2178,0.2178,0.2178,1,1.0
2024-05-21 11:00,0.2149,0.2149,0.2149,1,1.0
2024-05-21 14:00,0.2104,0.2104,0.2104,1,1.0
2024-05-21 17:00,0.2076,0.2076,0.2076,1,1.0
2024-05-21 20:00,0.2075,0.2075,0.2075,1,1.0
2024-05-21 23:00,0.2084,0.2084,0.2084,1,1.0
2024-05-22 02:00,0.2094,0.2094,0.2094,1,1.0
2024-05-22 05:00,0.2103,0.2103,0.2103,1,1.0
2024-05-22 08:00,0.2097,0.2097,0.2097,1,1.0
2024-05-22 11:00,0.206,0.206,0.206,1,1.0
2024-05-22 14:00,0.2018,0.2018,0.2018,1,1.0
2024-05-22 17:00,0.1997,0.1997,0.1997,1,1.0
2024-05-22 20:00,0.2003,0.2003,0.2003,1,1.0
2024-05-22 23:00,0.2016,0.2016,0.2016,1,1.0
2024-05-23 02:00,0.2027,0.2027,0.2027,1,1.0
2024-05-23 05:00,0.2039,0.2039,0.2039,1,1.0
2024-05-23 08:00,0.2029,0.2029,0.2029,1,1.0
2024-05-23 11:00,0.1992,0.1992,0.1992,1,1.0
2024-05-23 14:00,0.1946,0.1946,0.1946,1,1.0
2024-05-23 17:00,0.1912,0.1912,0.1912,1,1.0
2024-05-23 20:00,0.1915,0.1915,0.1915,1,1.0
2024-05-23 23:00,0.1927,0.1927,0.1927,1,1.0
2024-05-24 02:00,0.1959,0.1959,0.1959,1,1.0
2024-05-24 05:00,0.1991,0.1991,0.1991,1,1.0
2024-05-24 08:00,0.1986,0.1986,0.1986,1,1.0
2024-05-24 11:00,0.1942,0.1942,0.1942,1,1.0
2024-05-24 14:00,0.1882,0.1882,0.1882,1,1.0
2024-05-24 17:00,0.1845,0.1845,0.1845,1,1.0
2024-05-24 20:00,0.1844,0.1844,0.1844,1,1.0
2024-05-24 23:00,0.185,0.185,0.185,1,1.0
2024-05-25 02:00,0.1854,0.1854,0.1854,1,1.0
2024-05-25 05:00,0.186,0.186,0.186,1,1.0
2024-05-25 08:00,0.1898,0.1898,0.1898,1,1.0
2024-05-25 11:00,0.1851,0.1851,0.1851,1,1.0
2024-05-25 14:00,0.2004,0.2004,0.2004,1,1.0
2024-05-25 17:00,0.2141,0.2141,0.2141,1,1.0
2024-05-25 20:00,0.2201,0.2201,0.2201,1,1.0
2024-05-25 23:00,0.2252,0.2252,0.2252,1,1.0
2024-05-26 02:00,0.2205,0.2205,0.2205,1,1.0
2024-05-26 05:00,0.2181,0.2181,0.2181,1,1.0
2024-05-26 08:00,0.2064,0.2064,0.2064,1,1.0
2024-05-26 11:00,0.2005,0.2005,0.2005,1,1.0
2024-05-26 14:00,0.1928,0.1928,0.1928,1,1.0
2024-05-26 17:00,0.1881,0.1881,0.1881,1,1.0
2024-05-26 20:00,0.1798,0.1798,0.1798,1,1.0
2024-05-26 23:00,0.1808,0.1808,0.1808,1,1.0
2024-05-27 02:00,0.1822,0.1822,0.1822,1,1.0
2024-05-27 05:00,0.1838,0.1838,0.1838,1,1.0
2024-05-27 08:00,0.1834,0.1834,0.1834,1,1.0
2024-05-27 11:00,0.1799,0.1799,0.1799,1,1.0
2024-05-27 14:00,0.1767,0.1767,0.1767,1,1.0
2024-05-27 17:00,0.1755,0.1755,0.1755,1,1.0
2024-05-27 20:00,0.1767,0.1767,0.1767,1,1.0
2024-05-27 23:00,0.1782,0.1782,0.1782,1,1.0
2024-05-28 02:00,0.1804,0.1804,0.1804,1,1.0
2024-05-28 05:00,0.1822,0.1822,0.1822,1,1.0
2024-05-28 08:00,0.1824,0.1824,0.1824,1,1.0
2024-05-28 11:00,0.1813,0.1813,0.1813,1,1.0
2024-05-28 14:00,0.1808,0.1808,0.1808,1,1.0
2024-05-28 17:00,0.1802,0.1802,0.1802,1,1.0
2024-05-28 20:00,0.1804,0.1804,0.1804,1,1.0
2024-05-28 23:00,0.1814,0.1814,0.1814,1,1.0
2024-05-29 02:00,0.1822,0.1822,0.1822,1,1.0
2024-05-29 05:00,0.183,0.183,0.183,1,1.0
2024-05-29 08:00,0.182,0.182,0.182,1,1.0
2024-05-29 11:00,0.178,0.178,0.178,1,1.0
2024-05-29 14:00,0.1742,0.1742,0.1742,1,1.0
2024-05-29 17:00,0.1741,0.1741,0.1741,1,1.0
2024-05-29 20:00,0.1755,0.1755,0.1755,1,1.0
2024-05-29 23:00,0.1764,0.1764,0.1764,1,1.0
2024-05-30 02:00,0.1771,0.1771,0.1771,1,1.0
2024-05-30 05:00,0.1782,0.1782,0.1782,1,1.0
2024-05-30 08:00,0.1779,0.1779,0.1779,1,1.0
2024-05-30 11:00,0.1751,0.1751,0.1751,1,1.0
2024-05-30 14:00,0.172,0.172,0.172,1,1.0
2024-05-30 17:00,0.1711,0.1711,0.1711,1,1.0
2024-05-30 20:00,0.172,0.172,0.172,1,1.0
2024-05-30 23:00,0.1732,0.1732,0.1732,1,1.0
2024-05-31 02:00,0.1743,0.1743,0.1743,1,1.0
2024-05-31 05:00,0.175,0.175,0.175,1,1.0
2024-05-31 08:00,0.1742,0.1742,0.1742,1,1.0
2024-05-31 11:00,0.1738,0.1738,0.1738,1,1.0
2024-05-31 14:00,0.1751,0.1751,0.1751,1,1.0
2024-05-31 17:00,0.1772,0.1772,0.1772,1,1.0
2024-05-31 20:00,0.179,0.179,0.179,1,1.0
2024-05-31 23:00,0.1803,0.1803,0.1803,1,1.0
2024-06-01 02:00,0.1809,0.1809,0.1809,1,1.0
2024-06-01 05:00,0.1809,0.1809,0.1809,1,1.0
2024-06-01 08:00,0.1814,0.1814,0.1814,1,1.0
2024-06-01 11:00,0.186,0.186,0.186,1,1.0
2024-06-01 14:00,0.1939,0.1939,0.1939,1,1.0
2024-06-01 17:00,0.1928,0.1928,0.1928,1,1.0
2024-06-01 20:00,0.1923,0.1923,0.1923,1,1.0
2024-06-01 23:00,0.193,0.193,0.193,1,1.0
2024-06-02 02:00,0.1919,0.1919,0.1919,1,1.0
2024-06-02 05:00,0.1908,0.1908,0.1908,1,1.0
2024-06-02 08:00,0.191,0.191,0.191,1,1.0
2024-06-02 11:00,0.1858,0.1858,0.1858,1,1.0
2024-06-02 14:00,0.1801,0.1801,0.1801,1,1.0
2024-06-02 17:00,0.1762,0.1762,0.1762,1,1.0
2024-06-02 20:00,0.1753,0.1753,0.1753,1,1.0
2024-06-02 23:00,0.1761,0.1761,0.1761,1,1.0
2024-06-03 02:00,0.1779,0.1779,0.1779,1,1.0
2024-06-03 05:00,0.178,0.178,0.178,1,1.0
2024-06-03 08:00,0.1755,0.1755,0.1755,1,1.0
2024-06-03 11:00,0.1716,0.1716,0.1716,1,1.0
2024-06-03 14:00,0.167,0.167,0.167,1,1.0
2024-06-03 17:00,0.1644,0.1644,0.1644,1,1.0
2024-06-03 20:00,0.1637,0.1637,0.1637,1,1.0
2024-06-03 23:00,0.165,0.165,0.165,1,1.0
2024-06-04 02:00,0.1659,0.1659,0.1659,1,1.0
2024-06-04 05:00,0.1669,0.1669,0.1669,1,1.0
2024-06-04 08:00,0.1668,0.1668,0.1668,1,1.0
2024-06-04 11:00,0.1637,0.1637,0.1637,1,1.0
2024-06-04 14:00,0.1593,0.1593,0.1593,1,1.0
2024-06-04 17:00,0.1569,0.1569,0.1569,1,1.0
2024-06-04 20:00,0.1578,0.1578,0.1578,1,1.0
2024-06-04 23:00,0.1601,0.1601,0.1601,1,1.0
2024-06-05 02:00,0.164,0.164,0.164,1,1.0
2024-06-05 05:00,0.1651,0.1651,0.1651,1,1.0
2024-06-05 08:00,0.1556,0.1556,0.1556,1,1.0
2024-06-05 11:00,0.1519,0.1519,0.1519,1,1.0
2024-06-05 14:00,0.1467,0.1467,0.1467,1,1.0
2024-06-05 17:00,0.1484,0.1484,0.1484,1,1.0
2024-06-05 20:00,0.1481,0.1481,0.1481,1,1.0
2024-06-05 23:00,0.1489,0.1489,0.1489,1,1.0
2024-06-06 02:00,0.1497,0.1497,0.1497,1,1.0
2024-06-06 05:00,0.1506,0.1506,0.1506,1,1.0
2024-06-06 08:00,0.1497,0.1497,0.1497,1,1.0
2024-06-06 11:00,0.1465,0.1465,0.1465,1,1.0
2024-06-06 14:00,0.1428,0.1428,0.1428,1,1.0
2024-06-06 17:00,0.1406,0.1406,0.1406,1,1.0
2024-06-06 20:00,0.1407,0.1407,0.1407,1,1.0
2024-06-06 23:00,0.1415,0.1415,0.1415,1,1.0
2024-06-07 02:00,0.1426,0.1426,0.1426,1,1.0
2024-06-07 05:00,0.1437,0.1437,0.1437,1,1.0
2024-06-07 08:00,0.144,0.144,0.144,1,1.0
2024-06-07 11:00,0.1419,0.1419,0.1419,1,1.0
2024-06-07 14:00,0.1394,0.1394,0.1394,1,1.0
2024-06-07 17:00,0.1378,0.1378,0.1378,1,1.0
2024-06-07 20:00,0.1383,0.1383,0.1383,1,1.0
2024-06-07 23:00,0.1394,0.1394,0.1394,1,1.0
2024-06-08 02:00,0.1403,0.1403,0.1403,1,1.0
2024-06-08 05:00,0.1414,0.1414,0.1414,1,1.0
2024-06-08 08:00,0.1412,0.1412,0.1412,1,1.0
2024-06-08 11:00,0.1387,0.1387,0.1387,1,1.0
2024-06-08 14:00,0.1345,0.1345,0.1345,1,1.0
2024-06-08 17:00,0.1326,0.1326,0.1326,1,1.0
2024-06-08 20:00,0.1342,0.1342,0.1342,1,1.0
2024-06-08 23:00,0.1356,0.1356,0.1356,1,1.0
2024-06-09 02:00,0.1365,0.1365,0.1365,1,1.0
2024-06-09 05:00,0.138,0.138,0.138,1,1.0
2024-06-09 08:00,0.1391,0.1391,0.1391,1,1.0
2024-06-09 11:00,0.1381,0.1381,0.1381,1,1.0
2024-06-09 14:00,0.1353,0.1353,0.1353,1,1.0
2024-06-09 17:00,0.1334,0.1334,0.1334,1,1.0
2024-06-09 20:00,0.134,0.134,0.134,1,1.0
2024-06-09 23:00,0.1349,0.1349,0.1349,1,1.0
2024-06-10 02:00,0.1358,0.1358,0.1358,1,1.0
2024-06-10 05:00,0.1368,0.1368,0.1368,1,1.0
2024-06-10 08:00,0.1384,0.1384,0.1384,1,1.0
2024-06-10 11:00,0.1389,0.1389,0.1389,1,1.0
2024-06-10 14:00,0.1379,0.1379,0.1379,1,1.0
2024-06-10 17:00,0.1379,0.1379,0.1379,1,1.0
2024-06-10 20:00,0.138,0.138,0.138,1,1.0
2024-06-10 23:00,0.1387,0.1387,0.1387,1,1.0
2024-06-11 02:00,0.139,0.139,0.139,1,1.0
2024-06-11 05:00,0.1396,0.1396,0.1396,1,1.0
2024-06-11 08:00,0.1261,0.1261,0.1261,1,1.0
2024-06-11 11:00,0.1267,0.1267,0.1267,1,1.0
2024-06-11 14:00,0.1252,0.1252,0.1252,1,1.0
2024-06-11 17:00,0.1247,0.1247,0.1247,1,1.0
2024-06-11 20:00,0.1216,0.1216,0.1216,1,1.0
2024-06-11 23:00,0.1233,0.1233,0.1233,1,1.0
2024-06-12 02:00,0.1251,0.1251,0.1251,1,1.0
2024-06-12 05:00,0.1274,0.1274,0.1274,1,1.0
2024-06-12 08:00,0.1279,0.1279,0.1279,1,1.0
2024-06-12 11:00,0.1244,0.1244,0.1244,1,1.0
2024-06-12 14:00,0.1198,0.1198,0.1198,1,1.0
2024-06-12 17:00,0.1168,0.1168,0.1168,1,1.0
2024-06-12 20:00,0.1171,0.1171,0.1171,1,1.0
2024-06-12 23:00,0.1185,0.1185,0.1185,1,1.0
2024-06-13 02:00,0.1198,0.1198,0.1198,1,1.0
2024-06-13 05:00,0.1212,0.1212,0.1212,1,1.0
2024-06-13 08:00,0.1238,0.1238,0.1238,1,1.0
2024-06-13 11:00,0.1212,0.1212,0.1212,1,1.0
2024-06-13 14:00,0.1184,0.1184,0.1184,1,1.0
2024-06-13 17:00,0.1157,0.1157,0.1157,1,1.0
2024-06-13 20:00,0.1164,0.1164,0.1164,1,1.0
2024-06-13 23:00,0.118,0.118,0.118,1,1.0
2024-06-14 02:00,0.1196,0.1196,0.1196,1,1.0
2024-06-14 05:00,0.1204,0.1204,0.1204,1,1.0
2024-06-14 08:00,0.1204,0.1204,0.1204,1,1.0
2024-06-14 11:00,0.1177,0.1177,0.1177,1,1.0
2024-06-14 14:00,0.1142,0.1142,0.1142,1,1.0
2024-06-14 17:00,0.1118,0.1118,0.1118,1,1.0
2024-06-14 20:00,0.1119,0.1119,0.1119,1,1.0
2024-06-14 23:00,0.1131,0.1131,0.1131,1,1.0
2024-06-15 02:00,0.1144,0.1144,0.1144,1,1.0
2024-06-15 05:00,0.1157,0.1157,0.1157,1,1.0
2024-06-15 08:00,0.1167,0.1167,0.1167,1,1.0
2024-06-15 11:00,0.1156,0.1156,0.1156,1,1.0
2024-06-15 14:00,0.1126,0.1126,0.1126,1,1.0
2024-06-15 17:00,0.1106,0.1106,0.1106,1,1.0
2024-06-15 20:00,0.1111,0.1111,0.1111,1,1.0
2024-06-15 23:00,0.1128,0.1128,0.1128,1,1.0
2024-06-16 02:00,0.1275,0.1275,0.1275,1,1.0
2024-06-16 05:00,0.1395,0.1395,0.1395,1,1.0
2024-06-16 08:00,0.1409,0.1409,0.1409,1,1.0
2024-06-16 11:00,0.1345,0.1345,0.1345,1,1.0
2024-06-16 14:00,0.1278,0.1278,0.1278,1,1.0
2024-06-16 17:00,0.1255,0.1255,0.1255,1,1.0
2024-06-16 20:00,0.1258,0.1258,0.1258,1,1.0
2024-06-16 23:00,0.1268,0.1268,0.1268,1,1.0
2024-06-17 02:00,0.1276,0.1276,0.1276,1,1.0
2024-06-17 05:00,0.1281,0.1281,0.1281,1,1.0
2024-06-17 08:00,0.1276,0.1276,0.1276,1,1.0
2024-06-17 11:00,0.1243,0.1243,0.1243,1,1.0
2024-06-17 14:00,0.1203,0.1203,0.1203,1,1.0
2024-06-17 17:00,0.1179,0.1179,0.1179,1,1.0
2024-06-17 20:00,0.1186,0.1186,0.1186,1,1.0
2024-06-17 23:00,0.1193,0.1193,0.1193,1,1.0
2024-06-18 02:00,0.1198,0.1198,0.1198,1,1.0
2024-06-18 05:00,0.1207,0.1207,0.1207,1,1.0
2024-06-18 08:00,0.1206,0.1206,0.1206,1,1.0
2024-06-18 11:00,0.1173,0.1173,0.1173,1,1.0
2024-06-18 14:00,0.1128,0.1128,0.1128,1,1.0
2024-06-18 17:00,0.1121,0.1121,0.1121,1,1.0
2024-06-18 20:00,0.1126,0.1126,0.1126,1,1.0
2024-06-18 23:00,0.1134,0.1134,0.1134,1,1.0
2024-06-19 02:00,0.1148,0.1148,0.1148,1,1.0
2024-06-19 05:00,0.1178,0.1178,0.1178,1,1.0
2024-06-19 08:00,0.1072,0.1072,0.1072,1,1.0
2024-06-19 11:00,0.1036,0.1036,0.1036,1,1.0
2024-06-19 14:00,0.0998,0.0998,0.0998,1,1.0
2024-06-19 17:00,0.0985,0.0985,0.0985,1,1.0
2024-06-19 20:00,0.0992,0.0992,0.0992,1,1.0
2024-06-19 23:00,0.0995,0.0995,0.0995,1,1.0
2024-06-20 02:00,0.0991,0.0991,0.0991,1,1.0
2024-06-20 05:00,0.0988,0.0988,0.0988,1,1.0
2024-06-20 08:00,0.097,0.097,0.097,1,1.0
2024-06-20 11:00,0.0932,0.0932,0.0932,1,1.0
2024-06-20 14:00,0.0886,0.0886,0.0886,1,1.0
2024-06-20 17:00,0.0862,0.0862,0.0862,1,1.0
2024-06-20 20:00,0.0867,0.0867,0.0867,1,1.0
2024-06-20 23:00,0.088,0.088,0.088,1,1.0
2024-06-21 02:00,0.0894,0.0894,0.0894,1,1.0
2024-06-21 05:00,0.0904,0.0904,0.0904,1,1.0
2024-06-21 08:00,0.0919,0.0919,0.0919,1,1.0
2024-06-21 11:00,0.0887,0.0887,0.0887,1,1.0
2024-06-21 14:00,0.0852,0.0852,0.0852,1,1.0
2024-06-21 17:00,0.0813,0.0813,0.0813,1,1.0
2024-06-21 20:00,0.0825,0.0825,0.0825,1,1.0
2024-06-21 23:00,0.0844,0.0844,0.0844,1,1.0
2024-06-22 02:00,0.0866,0.0866,0.0866,1,1.0
2024-06-22 05:00,0.0888,0.0888,0.0888,1,1.0
2024-06-22 08:00,0.0901,0.0901,0.0901,1,1.0
2024-06-22 11:00,0.0901,0.0901,0.0901,1,1.0
2024-06-22 14:00,0.0891,0.0891,0.0891,1,1.0
2024-06-22 17:00,0.0881,0.0881,0.0881,1,1.0
2024-06-22 20:00,0.0888,0.0888,0.0888,1,1.0
2024-06-22 23:00,0.0905,0.0905,0.0905,1,1.0
2024-06-23 02:00,0.0918,0.0918,0.0918,1,1.0
2024-06-23 05:00,0.0927,0.0927,0.0927,1,1.0
2024-06-23 08:00,0.0928,0.0928,0.0928,1,1.0
2024-06-23 11:00,0.091,0.091,0.091,1,1.0
2024-06-23 14:00,0.0891,0.0891,0.0891,1,1.0
2024-06-23 17:00,0.0893,0.0893,0.0893,1,1.0
2024-06-23 20:00,0.0905,0.0905,0.0905,1,1.0
2024-06-23 23:00,0.0907,0.0907,0.0907,1,1.0
2024-06-24 02:00,0.0911,0.0911,0.0911,1,1.0
2024-06-24 05:00,0.0921,0.0921,0.0921,1,1.0
2024-06-24 08:00,0.0839,0.0839,0.0839,1,1.0
2024-06-24 11:00,0.0826,0.0826,0.0826,1,1.0
2024-06-24 14:00,0.081,0.081,0.081,1,1.0
2024-06-24 17:00,0.0805,0.0805,0.0805,1,1.0
2024-06-24 20:00,0.0791,0.0791,0.0791,1,1.0
2024-06-24 23:00,0.0807,0.0807,0.0807,1,1.0
2024-06-25 02:00,0.1056,0.1056,0.1056,1,1.0
2024-06-25 05:00,0.1277,0.1277,0.1277,1,1.0
2024-06-25 08:00,0.1248,0.1248,0.1248,1,1.0
2024-06-25 11:00,0.1496,0.1496,0.1496,1,1.0
2024-06-25 14:00,0.194,0.194,0.194,1,1.0
2024-06-25 17:00,0.1845,0.1845,0.1845,1,1.0
2024-06-25 20:00,0.2008,0.2008,0.2008,1,1.0
2024-06-25 23:00,0.2025,0.2025,0.2025,1,1.0
2024-06-26 02:00,0.1947,0.1947,0.1947,1,1.0
2024-06-26 05:00,0.1843,0.1843,0.1843,1,1.0
2024-06-26 08:00,0.1774,0.1774,0.1774,1,1.0
2024-06-26 11:00,0.1696,0.1696,0.1696,1,1.0
2024-06-26 14:00,0.1618,0.1618,0.1618,1,1.0
2024-06-26 17:00,0.1568,0.1568,0.1568,1,1.0
2024-06-26 20:00,0.1551,0.1551,0.1551,1,1.0
2024-06-26 23:00,0.1544,0.1544,0.1544,1,1.0
2024-06-27 02:00,0.1536,0.1536,0.1536,1,1.0
2024-06-27 05:00,0.1527,0.1527,0.1527,1,1.0
2024-06-27 08:00,0.1467,0.1467,0.1467,1,1.0
2024-06-27 11:00,0.1431,0.1431,0.1431,1,1.0
2024-06-27 14:00,0.1392,0.1392,0.1392,1,1.0
2024-06-27 17:00,0.1364,0.1364,0.1364,1,1.0
2024-06-27 20:00,0.1374,0.1374,0.1374,1,1.0
2024-06-27 23:00,0.1376,0.1376,0.1376,1,1.0
2024-06-28 02:00,0.1373,0.1373,0.1373,1,1.0
2024-06-28 05:00,0.1368,0.1368,0.1368,1,1.0
2024-06-28 08:00,0.1351,0.1351,0.1351,1,1.0
2024-06-28 11:00,0.1299,0.1299,0.1299,1,1.0
2024-06-28 14:00,0.1235,0.1235,0.1235,1,1.0
2024-06-28 17:00,0.1194,0.1194,0.1194,1,1.0
2024-06-28 20:00,0.1184,0.1184,0.1184,1,1.0
2024-06-28 23:00,0.118,0.118,0.118,1,1.0
2024-06-29 02:00,0.1179,0.1179,0.1179,1,1.0
2024-06-29 05:00,0.1186,0.1186,0.1186,1,1.0
2024-06-29 08:00,0.1242,0.1242,0.1242,1,1.0
2024-06-29 11:00,0.1186,0.1186,0.1186,1,1.0
2024-06-29 14:00,0.1109,0.1109,0.1109,1,1.0
2024-06-29 17:00,0.1055,0.1055,0.1055,1,1.0
2024-06-29 20:00,0.105,0.105,0.105,1,1.0
2024-06-29 23:00,0.1051,0.1051,0.1051,1,1.0
2024-06-30 02:00,0.1057,0.1057,0.1057,1,1.0
2024-06-30 05:00,0.1058,0.1058,0.1058,1,1.0
2024-06-30 08:00,0.1044,0.1044,0.1044,1,1.0
2024-06-30 11:00,0.1018,0.1018,0.1018,1,1.0
2024-06-30 14:00,0.0993,0.0993,0.0993,1,1.0
2024-06-30 17:00,0.0981,0.0981,0.0981,1,1.0
2024-06-30 20:00,0.0982,0.0982,0.0982,1,1.0
2024-06-30 23:00,0.0992,0.0992,0.0992,1,1.0
2024-07-01 02:00,0.1067,0.1067,0.1067,1,1.0
2024-07-01 05:00,0.117,0.117,0.117,1,1.0
2024-07-01 08:00,0.1166,0.1166,0.1166,1,1.0
2024-07-01 11:00,0.1137,0.1137,0.1137,1,1.0
2024-07-01 14:00,0.1118,0.1118,0.1118,1,1.0
2024-07-01 17:00,0.1115,0.1115,0.1115,1,1.0
2024-07-01 20:00,0.1118,0.1118,0.1118,1,1.0
2024-07-01 23:00,0.1127,0.1127,0.1127,1,1.0
2024-07-02 02:00,0.1131,0.1131,0.1131,1,1.0
2024-07-02 05:00,0.1133,0.1133,0.1133,1,1.0
2024-07-02 08:00,0.1129,0.1129,0.1129,1,1.0
2024-07-02 11:00,0.1104,0.1104,0.1104,1,1.0
2024-07-02 14:00,0.1072,0.1072,0.1072,1,1.0
2024-07-02 17:00,0.1054,0.1054,0.1054,1,1.0
2024-07-02 20:00,0.1087,0.1087,0.1087,1,1.0
2024-07-02 23:00,0.1095,0.1095,0.1095,1,1.0
2024-07-03 02:00,0.1106,0.1106,0.1106,1,1.0
2024-07-03 05:00,0.1118,0.1118,0.1118,1,1.0
2024-07-03 08:00,0.1115,0.1115,0.1115,1,1.0
2024-07-03 11:00,0.1098,0.1098,0.1098,1,1.0
2024-07-03 14:00,0.1105,0.1105,0.1105,1,1.0
2024-07-03 17:00,0.1141,0.1141,0.1141,1,1.0
2024-07-03 20:00,0.1185,0.1185,0.1185,1,1.0
2024-07-03 23:00,0.1194,0.1194,0.1194,1,1.0
2024-07-04 02:00,0.1191,0.1191,0.1191,1,1.0
2024-07-04 05:00,0.1186,0.1186,0.1186,1,1.0
2024-07-04 08:00,0.1253,0.1253,0.1253,1,1.0
2024-07-04 11:00,0.121,0.121,0.121,1,1.0
2024-07-04 14:00,0.1171,0.1171,0.1171,1,1.0
2024-07-04 17:00,0.1164,0.1164,0.1164,1,1.0
2024-07-04 20:00,0.116,0.116,0.116,1,1.0
2024-07-04 23:00,0.1162,0.1162,0.1162,1,1.0
2024-07-05 02:00,0.1164,0.1164,0.1164,1,1.0
2024-07-05 05:00,0.1165,0.1165,0.1165,1,1.0
2024-07-05 08:00,0.114,0.114,0.114,1,1.0
2024-07-05 11:00,0.1108,0.1108,0.1108,1,1.0
2024-07-05 14:00,0.1074,0.1074,0.1074,1,1.0
2024-07-05 17:00,0.1055,0.1055,0.1055,1,1.0
2024-07-05 20:00,0.1037,0.1037,0.1037,1,1.0
2024-07-05 23:00,0.1045,0.1045,0.1045,1,1.0
2024-07-06 02:00,0.1049,0.1049,0.1049,1,1.0
2024-07-06 05:00,0.1055,0.1055,0.1055,1,1.0
2024-07-06 08:00,0.1053,0.1053,0.1053,1,1.0
2024-07-06 11:00,0.103,0.103,0.103,1,1.0
2024-07-06 14:00,0.0995,0.0995,0.0995,1,1.0
2024-07-06 17:00,0.0973,0.0973,0.0973,1,1.0
2024-07-06 20:00,0.0972,0.0972,0.0972,1,1.0
2024-07-06 23:00,0.0977,0.0977,0.0977,1,1.0
2024-07-07 02:00,0.0985,0.0985,0.0985,1,1.0
2024-07-07 05:00,0.0997,0.0997,0.0997,1,1.0
2024-07-07 08:00,0.1015,0.1015,0.1015,1,1.0
2024-07-07 11:00,0.0992,0.0992,0.0992,1,1.0
2024-07-07 14:00,0.0967,0.0967,0.0967,1,1.0
2024-07-07 17:00,0.0965,0.0965,0.0965,1,1.0
2024-07-07 20:00,0.0963,0.0963,0.0963,1,1.0
2024-07-07 23:00,0.0966,0.0966,0.0966,1,1.0
2024-07-08 02:00,0.0975,0.0975,0.0975,1,1.0
2024-07-08 05:00,0.0988,0.0988,0.0988,1,1.0
2024-07-08 08:00,0.0997,0.0997,0.0997,1,1.0
2024-07-08 11:00,0.0986,0.0986,0.0986,1,1.0
2024-07-08 14:00,0.0963,0.0963,0.0963,1,1.0
2024-07-08 17:00,0.0948,0.0948,0.0948,1,1.0
2024-07-08 20:00,0.0951,0.0951,0.0951,1,1.0
2024-07-08 23:00,0.0959,0.0959,0.0959,1,1.0
2024-07-09 02:00,0.0968,0.0968,0.0968,1,1.0
2024-07-09 05:00,0.0979,0.0979,0.0979,1,1.0
2024-07-09 08:00,0.0972,0.0972,0.0972,1,1.0
2024-07-09 11:00,0.0937,0.0937,0.0937,1,1.0
2024-07-09 14:00,0.0898,0.0898,0.0898,1,1.0
2024-07-09 17:00,0.0874,0.0874,0.0874,1,1.0
2024-07-09 20:00,0.0874,0.0874,0.0874,1,1.0
2024-07-09 23:00,0.0878,0.0878,0.0878,1,1.0
2024-07-10 02:00,0.0887,0.0887,0.0887,1,1.0
2024-07-10 05:00,0.0895,0.0895,0.0895,1,1.0
2024-07-10 08:00,0.0819,0.0819,0.0819,1,1.0
2024-07-10 11:00,0.08,0.08,0.08,1,1.0
2024-07-10 14:00,0.077,0.077,0.077,1,1.0
2024-07-10 17:00,0.0747,0.0747,0.0747,1,1.0
2024-07-10 20:00,0.0727,0.0727,0.0727,1,1.0
2024-07-10 23:00,0.0737,0.0737,0.0737,1,1.0
2024-07-11 02:00,0.0752,0.0752,0.0752,1,1.0
2024-07-11 05:00,0.0762,0.0762,0.0762,1,1.0
2024-07-11 08:00,0.0762,0.0762,0.0762,1,1.0
2024-07-11 11:00,0.075,0.075,0.075,1,1.0
2024-07-11 14:00,0.074,0.074,0.074,1,1.0
2024-07-11 17:00,0.0734,0.0734,0.0734,1,1.0
2024-07-11 20:00,0.0737,0.0737,0.0737,1,1.0
2024-07-11 23:00,0.075,0.075,0.075,1,1.0
2024-07-12 02:00,0.0759,0.0759,0.0759,1,1.0
2024-07-12 05:00,0.077,0.077,0.077,1,1.0
2024-07-12 08:00,0.0769,0.0769,0.0769,1,1.0
2024-07-12 11:00,0.0761,0.0761,0.0761,1,1.0
2024-07-12 14:00,0.075,0.075,0.075,1,1.0
2024-07-12 17:00,0.08,0.08,0.08,1,1.0
2024-07-12 20:00,0.0805,0.0805,0.0805,1,1.0
2024-07-12 23:00,0.0822,0.0822,0.0822,1,1.0
2024-07-13 02:00,0.0841,0.0841,0.0841,1,1.0
2024-07-13 05:00,0.0855,0.0855,0.0855,1,1.0
2024-07-13 08:00,0.081,0.081,0.081,1,1.0
2024-07-13 11:00,0.0793,0.0793,0.0793,1,1.0
2024-07-13 14:00,0.0764,0.0764,0.0764,1,1.0
2024-07-13 17:00,0.074,0.074,0.074,1,1.0
2024-07-13 20:00,0.0746,0.0746,0.0746,1,1.0
2024-07-13 23:00,0.0758,0.0758,0.0758,1,1.0
2024-07-14 02:00,0.0767,0.0767,0.0767,1,1.0
2024-07-14 05:00,0.0767,0.0767,0.0767,1,1.0
2024-07-14 08:00,0.0766,0.0766,0.0766,1,1.0
2024-07-14 11:00,0.0754,0.0754,0.0754,1,1.0
2024-07-14 14:00,0.0739,0.0739,0.0739,1,1.0
2024-07-14 17:00,0.0736,0.0736,0.0736,1,1.0
2024-07-14 20:00,0.0753,0.0753,0.0753,1,1.0
2024-07-14 23:00,0.0764,0.0764,0.0764,1,1.0
2024-07-15 02:00,0.0762,0.0762,0.0762,1,1.0
2024-07-15 05:00,0.0762,0.0762,0.0762,1,1.0
2024-07-15 08:00,0.0765,0.0765,0.0765,1,1.0
2024-07-15 11:00,0.0738,0.0738,0.0738,1,1.0
2024-07-15 14:00,0.0709,0.0709,0.0709,1,1.0
2024-07-15 17:00,0.0695,0.0695,0.0695,1,1.0
2024-07-15 20:00,0.0695,0.0695,0.0695,1,1.0
2024-07-15 23:00,0.0699,0.0699,0.0699,1,1.0
2024-07-16 02:00,0.0705,0.0705,0.0705,1,1.0
2024-07-16 05:00,0.0717,0.0717,0.0717,1,1.0
2024-07-16 08:00,0.0726,0.0726,0.0726,1,1.0
2024-07-16 11:00,0.0726,0.0726,0.0726,1,1.0
2024-07-16 14:00,0.0712,0.0712,0.0712,1,1.0
2024-07-16 17:00,0.0694,0.0694,0.0694,1,1.0
2024-07-16 20:00,0.0702,0.0702,0.0702,1,1.0
2024-07-16 23:00,0.0724,0.0724,0.0724,1,1.0
2024-07-17 02:00,0.0736,0.0736,0.0736,1,1.0
2024-07-17 05:00,0.0745,0.0745,0.0745,1,1.0
2024-07-17 08:00,0.0743,0.0743,0.0743,1,1.0
2024-07-17 11:00,0.0729,0.0729,0.0729,1,1.0
2024-07-17 14:00,0.0716,0.0716,0.0716,1,1.0
2024-07-17 17:00,0.0711,0.0711,0.0711,1,1.0
2024-07-17 20:00,0.0721,0.0721,0.0721,1,1.0
2024-07-17 23:00,0.0738,0.0738,0.0738,1,1.0
2024-07-18 02:00,0.0752,0.0752,0.0752,1,1.0
2024-07-18 05:00,0.076,0.076,0.076,1,1.0
2024-07-18 08:00,0.0782,0.0782,0.0782,1,1.0
2024-07-18 11:00,0.0767,0.0767,0.0767,1,1.0
2024-07-18 14:00,0.0741,0.0741,0.0741,1,1.0
2024-07-18 17:00,0.0731,0.0731,0.0731,1,1.0
2024-07-18 20:00,0.0741,0.0741,0.0741,1,1.0
2024-07-18 23:00,0.0748,0.0748,0.0748,1,1.0
2024-07-19 02:00,0.0761,0.0761,0.0761,1,1.0
2024-07-19 05:00,0.0776,0.0776,0.0776,1,1.0
2024-07-19 08:00,0.0785,0.0785,0.0785,1,1.0
2024-07-19 11:00,0.0769,0.0769,0.0769,1,1.0
2024-07-19 14:00,0.0744,0.0744,0.0744,1,1.0
2024-07-19 17:00,0.0736,0.0736,0.0736,1,1.0
2024-07-19 20:00,0.0741,0.0741,0.0741,1,1.0
2024-07-19 23:00,0.0756,0.0756,0.0756,1,1.0
2024-07-20 02:00,0.0771,0.0771,0.0771,1,1.0
2024-07-20 05:00,0.0785,0.0785,0.0785,1,1.0
2024-07-20 08:00,0.0783,0.0783,0.0783,1,1.0
2024-07-20 11:00,0.0775,0.0775,0.0775,1,1.0
2024-07-20 14:00,0.0753,0.0753,0.0753,1,1.0
2024-07-20 17:00,0.0768,0.0768,0.0768,1,1.0
2024-07-20 20:00,0.0771,0.0771,0.0771,1,1.0
2024-07-20 23:00,0.0785,0.0785,0.0785,1,1.0
2024-07-21 02:00,0.0797,0.0797,0.0797,1,1.0
2024-07-21 05:00,0.0808,0.0808,0.0808,1,1.0
2024-07-21 08:00,0.0797,0.0797,0.0797,1,1.0
2024-07-21 11:00,0.0793,0.0793,0.0793,1,1.0
2024-07-21 14:00,0.0781,0.0781,0.0781,1,1.0
2024-07-21 17:00,0.0773,0.0773,0.0773,1,1.0
2024-07-21 20:00,0.0781,0.0781,0.0781,1,1.0
2024-07-21 23:00,0.0793,0.0793,0.0793,1,1.0
2024-07-22 02:00,0.0863,0.0863,0.0863,1,1.0
2024-07-22 05:00,0.0927,0.0927,0.0927,1,1.0
2024-07-22 08:00,0.1135,0.1135,0.1135,1,1.0
2024-07-22 11:00,0.1265,0.1265,0.1265,1,1.0
2024-07-22 14:00,0.1326,0.1326,0.1326,1,1.0
2024-07-22 17:00,0.1496,0.1496,0.1496,1,1.0
2024-07-22 20:00,0.1711,0.1711,0.1711,1,1.0
2024-07-22 23:00,0.1646,0.1646,0.1646,1,1.0
2024-07-23 02:00,0.1559,0.1559,0.1559,1,1.0
2024-07-23 05:00,0.1495,0.1495,0.1495,1,1.0
2024-07-23 08:00,0.1444,0.1444,0.1444,1,1.0
2024-07-23 11:00,0.1356,0.1356,0.1356,1,1.0
2024-07-23 14:00,0.1261,0.1261,0.1261,1,1.0
2024-07-23 17:00,0.1195,0.1195,0.1195,1,1.0
2024-07-23 20:00,0.1175,0.1175,0.1175,1,1.0
2024-07-23 23:00,0.1167,0.1167,0.1167,1,1.0
2024-07-24 02:00,0.1158,0.1158,0.1158,1,1.0
2024-07-24 05:00,0.1149,0.1149,0.1149,1,1.0
2024-07-24 08:00,0.113,0.113,0.113,1,1.0
2024-07-24 11:00,0.1099,0.1099,0.1099,1,1.0
2024-07-24 14:00,0.1074,0.1074,0.1074,1,1.0
2024-07-24 17:00,0.1057,0.1057,0.1057,1,1.0
2024-07-24 20:00,0.1055,0.1055,0.1055,1,1.0
2024-07-24 23:00,0.1055,0.1055,0.1055,1,1.0
2024-07-25 02:00,0.1061,0.1061,0.1061,1,1.0
2024-07-25 05:00,0.1063,0.1063,0.1063,1,1.0
2024-07-25 08:00,0.1054,0.1054,0.1054,1,1.0
2024-07-25 11:00,0.1015,0.1015,0.1015,1,1.0
2024-07-25 14:00,0.0967,0.0967,0.0967,1,1.0
2024-07-25 17:00,0.0934,0.0934,0.0934,1,1.0
2024-07-25 20:00,0.0929,0.0929,0.0929,1,1.0
2024-07-25 23:00,0.0933,0.0933,0.0933,1,1.0
2024-07-26 02:00,0.0928,0.0928,0.0928,1,1.0
2024-07-26 05:00,0.0925,0.0925,0.0925,1,1.0
2024-07-26 08:00,0.0909,0.0909,0.0909,1,1.0
2024-07-26 11:00,0.0877,0.0877,0.0877,1,1.0
2024-07-26 14:00,0.0839,0.0839,0.0839,1,1.0
2024-07-26 17:00,0.082,0.082,0.082,1,1.0
2024-07-26 20:00,0.086,0.086,0.086,1,1.0
2024-07-26 23:00,0.086,0.086,0.086,1,1.0
2024-07-27 02:00,0.0866,0.0866,0.0866,1,1.0
2024-07-27 05:00,0.0869,0.0869,0.0869,1,1.0
2024-07-27 08:00,0.0861,0.0861,0.0861,1,1.0
2024-07-27 11:00,0.0832,0.0832,0.0832,1,1.0
2024-07-27 14:00,0.0803,0.0803,0.0803,1,1.0
2024-07-27 17:00,0.0791,0.0791,0.0791,1,1.0
2024-07-27 20:00,0.0792,0.0792,0.0792,1,1.0
2024-07-27 23:00,0.0798,0.0798,0.0798,1,1.0
2024-07-28 02:00,0.0804,0.0804,0.0804,1,1.0
2024-07-28 05:00,0.0807,0.0807,0.0807,1,1.0
2024-07-28 08:00,0.085,0.085,0.085,1,1.0
2024-07-28 11:00,0.0825,0.0825,0.0825,1,1.0
2024-07-28 14:00,0.0796,0.0796,0.0796,1,1.0
2024-07-28 17:00,0.0794,0.0794,0.0794,1,1.0
2024-07-28 20:00,0.079,0.079,0.079,1,1.0
2024-07-28 23:00,0.0792,0.0792,0.0792,1,1.0
2024-07-29 02:00,0.0802,0.0802,0.0802,1,1.0
2024-07-29 05:00,0.0813,0.0813,0.0813,1,1.0
2024-07-29 08:00,0.0774,0.0774,0.0774,1,1.0
2024-07-29 11:00,0.0754,0.0754,0.0754,1,1.0
2024-07-29 14:00,0.0736,0.0736,0.0736,1,1.0
2024-07-29 17:00,0.0728,0.0728,0.0728,1,1.0
2024-07-29 20:00,0.0678,0.0678,0.0678,1,1.0
2024-07-29 23:00,0.0688,0.0688,0.0688,1,1.0
2024-07-30 02:00,0.069,0.069,0.069,1,1.0
2024-07-30 05:00,0.0694,0.0694,0.0694,1,1.0
2024-07-30 08:00,0.0695,0.0695,0.0695,1,1.0
2024-07-30 11:00,0.068,0.068,0.068,1,1.0
2024-07-30 14:00,0.0651,0.0651,0.0651,1,1.0
2024-07-30 17:00,0.063,0.063,0.063,1,1.0
2024-07-30 20:00,0.0631,0.0631,0.0631,1,1.0
2024-07-30 23:00,0.0637,0.0637,0.0637,1,1.0
2024-07-31 02:00,0.0638,0.0638,0.0638,1,1.0
2024-07-31 05:00,0.0638,0.0638,0.0638,1,1.0
2024-07-31 08:00,0.0656,0.0656,0.0656,1,1.0
2024-07-31 11:00,0.0633,0.0633,0.0633,1,1.0
2024-07-31 14:00,0.0612,0.0612,0.0612,1,1.0
2024-07-31 17:00,0.0596,0.0596,0.0596,1,1.0
2024-07-31 20:00,0.0603,0.0603,0.0603,1,1.0
2024-07-31 23:00,0.0614,0.0614,0.0614,1,1.0
2024-08-01 02:00,0.0632,0.0632,0.0632,1,1.0
2024-08-01 05:00,0.0654,0.0654,0.0654,1,1.0
2024-08-01 08:00,0.0665,0.0665,0.0665,1,1.0
2024-08-01 11:00,0.0654,0.0654,0.0654,1,1.0
2024-08-01 14:00,0.064,0.064,0.064,1,1.0
2024-08-01 17:00,0.0637,0.0637,0.0637,1,1.0
2024-08-01 20:00,0.0653,0.0653,0.0653,1,1.0
2024-08-01 23:00,0.0671,0.0671,0.0671,1,1.0
2024-08-02 02:00,0.069,0.069,0.069,1,1.0
2024-08-02 05:00,0.071,0.071,0.071,1,1.0
2024-08-02 08:00,0.0717,0.0717,0.0717,1,1.0
2024-08-02 11:00,0.0716,0.0716,0.0716,1,1.0
2024-08-02 14:00,0.071,0.071,0.071,1,1.0
2024-08-02 17:00,0.071,0.071,0.071,1,1.0
2024-08-02 20:00,0.0719,0.0719,0.0719,1,1.0
2024-08-02 23:00,0.0731,0.0731,0.0731,1,1.0
2024-08-03 02:00,0.0737,0.0737,0.0737,1,1.0
2024-08-03 05:00,0.0738,0.0738,0.0738,1,1.0
2024-08-03 08:00,0.073,0.073,0.073,1,1.0
2024-08-03 11:00,0.072,0.072,0.072,1,1.0
2024-08-03 14:00,0.0715,0.0715,0.0715,1,1.0
2024-08-03 17:00,0.0716,0.0716,0.0716,1,1.0
2024-08-03 20:00,0.0741,0.0741,0.0741,1,1.0
2024-08-03 23:00,0.0758,0.0758,0.0758,1,1.0
2024-08-04 02:00,0.077,0.077,0.077,1,1.0
2024-08-04 05:00,0.0775,0.0775,0.0775,1,1.0
2024-08-04 08:00,0.0775,0.0775,0.0775,1,1.0
2024-08-04 11:00,0.0764,0.0764,0.0764,1,1.0
2024-08-04 14:00,0.0746,0.0746,0.0746,1,1.0
2024-08-04 17:00,0.0736,0.0736,0.0736,1,1.0
2024-08-04 20:00,0.0746,0.0746,0.0746,1,1.0
2024-08-04 23:00,0.0763,0.0763,0.0763,1,1.0
2024-08-05 02:00,0.0777,0.0777,0.0777,1,1.0
2024-08-05 05:00,0.0786,0.0786,0.0786,1,1.0
2024-08-05 08:00,0.0801,0.0801,0.0801,1,1.0
2024-08-05 11:00,0.079,0.079,0.079,1,1.0
2024-08-05 14:00,0.0776,0.0776,0.0776,1,1.0
2024-08-05 17:00,0.0819,0.0819,0.0819,1,1.0
2024-08-05 20:00,0.0823,0.0823,0.0823,1,1.0
2024-08-05 23:00,0.0827,0.0827,0.0827,1,1.0
2024-08-06 02:00,0.0836,0.0836,0.0836,1,1.0
2024-08-06 05:00,0.0844,0.0844,0.0844,1,1.0
2024-08-06 08:00,0.079,0.079,0.079,1,1.0
2024-08-06 11:00,0.0785,0.0785,0.0785,1,1.0
2024-08-06 14:00,0.0776,0.0776,0.0776,1,1.0
2024-08-06 17:00,0.077,0.077,0.077,1,1.0
2024-08-06 20:00,0.0772,0.0772,0.0772,1,1.0
2024-08-06 23:00,0.078,0.078,0.078,1,1.0
2024-08-07 02:00,0.079,0.079,0.079,1,1.0
2024-08-07 05:00,0.0794,0.0794,0.0794,1,1.0
2024-08-07 08:00,0.0789,0.0789,0.0789,1,1.0
2024-08-07 11:00,0.077,0.077,0.077,1,1.0
2024-08-07 14:00,0.0755,0.0755,0.0755,1,1.0
2024-08-07 17:00,0.0747,0.0747,0.0747,1,1.0
2024-08-07 20:00,0.0744,0.0744,0.0744,1,1.0
2024-08-07 23:00,0.0747,0.0747,0.0747,1,1.0
2024-08-08 02:00,0.0752,0.0752,0.0752,1,1.0
2024-08-08 05:00,0.0758,0.0758,0.0758,1,1.0
2024-08-08 08:00,0.08,0.08,0.08,1,1.0
2024-08-08 11:00,0.0791,0.0791,0.0791,1,1.0
2024-08-08 14:00,0.0782,0.0782,0.0782,1,1.0
2024-08-08 17:00,0.0721,0.0721,0.0721,1,1.0
2024-08-08 20:00,0.0725,0.0725,0.0725,1,1.0
2024-08-08 23:00,0.0731,0.0731,0.0731,1,1.0
2024-08-09 02:00,0.0738,0.0738,0.0738,1,1.0
2024-08-09 05:00,0.0751,0.0751,0.0751,1,1.0
2024-08-09 08:00,0.0756,0.0756,0.0756,1,1.0
2024-08-09 11:00,0.0746,0.0746,0.0746,1,1.0
2024-08-09 14:00,0.0735,0.0735,0.0735,1,1.0
2024-08-09 17:00,0.0736,0.0736,0.0736,1,1.0
2024-08-09 20:00,0.0771,0.0771,0.0771,1,1.0
2024-08-09 23:00,0.0787,0.0787,0.0787,1,1.0
2024-08-10 02:00,0.079,0.079,0.079,1,1.0
2024-08-10 05:00,0.0793,0.0793,0.0793,1,1.0
2024-08-10 08:00,0.0794,0.0794,0.0794,1,1.0
2024-08-10 11:00,0.0773,0.0773,0.0773,1,1.0
2024-08-10 14:00,0.0743,0.0743,0.0743,1,1.0
2024-08-10 17:00,0.0724,0.0724,0.0724,1,1.0
2024-08-10 20:00,0.0721,0.0721,0.0721,1,1.0
2024-08-10 23:00,0.0724,0.0724,0.0724,1,1.0
2024-08-11 02:00,0.0731,0.0731,0.0731,1,1.0
2024-08-11 05:00,0.0742,0.0742,0.0742,1,1.0
2024-08-11 08:00,0.0727,0.0727,0.0727,1,1.0
2024-08-11 11:00,0.0719,0.0719,0.0719,1,1.0
2024-08-11 14:00,0.0704,0.0704,0.0704,1,1.0
2024-08-11 17:00,0.0685,0.0685,0.0685,1,1.0
2024-08-11 20:00,0.0674,0.0674,0.0674,1,1.0
2024-08-11 23:00,0.0685,0.0685,0.0685,1,1.0
2024-08-12 02:00,0.0701,0.0701,0.0701,1,1.0
2024-08-12 05:00,0.0713,0.0713,0.0713,1,1.0
2024-08-12 08:00,0.0723,0.0723,0.0723,1,1.0
2024-08-12 11:00,0.073,0.073,0.073,1,1.0
2024-08-12 14:00,0.073,0.073,0.073,1,1.0
2024-08-12 17:00,0.0729,0.0729,0.0729,1,1.0
2024-08-12 20:00,0.0743,0.0743,0.0743,1,1.0
2024-08-12 23:00,0.0748,0.0748,0.0748,1,1.0
2024-08-13 02:00,0.0747,0.0747,0.0747,1,1.0
2024-08-13 05:00,0.0749,0.0749,0.0749,1,1.0
2024-08-13 08:00,0.0806,0.0806,0.0806,1,1.0
2024-08-13 11:00,0.0787,0.0787,0.0787,1,1.0
2024-08-13 14:00,0.0761,0.0761,0.0761,1,1.0
2024-08-13 17:00,0.0757,0.0757,0.0757,1,1.0
2024-08-13 20:00,0.0766,0.0766,0.0766,1,1.0
2024-08-13 23:00,0.0778,0.0778,0.0778,1,1.0
2024-08-14 02:00,0.0783,0.0783,0.0783,1,1.0
2024-08-14 05:00,0.0784,0.0784,0.0784,1,1.0
2024-08-14 08:00,0.0759,0.0759,0.0759,1,1.0
2024-08-14 11:00,0.0745,0.0745,0.0745,1,1.0
2024-08-14 14:00,0.0724,0.0724,0.0724,1,1.0
2024-08-14 17:00,0.0712,0.0712,0.0712,1,1.0
2024-08-14 20:00,0.0757,0.0757,0.0757,1,1.0
2024-08-14 23:00,0.0761,0.0761,0.0761,1,1.0
2024-08-15 02:00,0.0765,0.0765,0.0765,1,1.0
2024-08-15 05:00,0.0769,0.0769,0.0769,1,1.0
2024-08-15 08:00,0.0769,0.0769,0.0769,1,1.0
2024-08-15 11:00,0.0756,0.0756,0.0756,1,1.0
2024-08-15 14:00,0.0732,0.0732,0.0732,1,1.0
2024-08-15 17:00,0.0718,0.0718,0.0718,1,1.0
2024-08-15 20:00,0.0732,0.0732,0.0732,1,1.0
2024-08-15 23:00,0.0742,0.0742,0.0742,1,1.0
2024-08-16 02:00,0.0753,0.0753,0.0753,1,1.0
2024-08-16 05:00,0.0767,0.0767,0.0767,1,1.0
2024-08-16 08:00,0.077,0.077,0.077,1,1.0
2024-08-16 11:00,0.0757,0.0757,0.0757,1,1.0
2024-08-16 14:00,0.0741,0.0741,0.0741,1,1.0
2024-08-16 17:00,0.0747,0.0747,0.0747,1,1.0
2024-08-16 20:00,0.075,0.075,0.075,1,1.0
2024-08-16 23:00,0.0758,0.0758,0.0758,1,1.0
2024-08-17 02:00,0.0767,0.0767,0.0767,1,1.0
2024-08-17 05:00,0.0771,0.0771,0.0771,1,1.0
2024-08-17 08:00,0.0775,0.0775,0.0775,1,1.0
2024-08-17 11:00,0.0767,0.0767,0.0767,1,1.0
2024-08-17 14:00,0.0755,0.0755,0.0755,1,1.0
2024-08-17 17:00,0.0752,0.0752,0.0752,1,1.0
2024-08-17 20:00,0.0753,0.0753,0.0753,1,1.0
2024-08-17 23:00,0.0758,0.0758,0.0758,1,1.0
2024-08-18 02:00,0.0833,0.0833,0.0833,1,1.0
2024-08-18 05:00,0.0894,0.0894,0.0894,1,1.0
2024-08-18 08:00,0.091,0.091,0.091,1,1.0
2024-08-18 11:00,0.0963,0.0963,0.0963,1,1.0
2024-08-18 14:00,0.108,0.108,0.108,1,1.0
2024-08-18 17:00,0.1214,0.1214,0.1214,1,1.0
2024-08-18 20:00,0.1407,0.1407,0.1407,1,1.0
2024-08-18 23:00,0.1801,0.1801,0.1801,1,1.0
2024-08-19 02:00,0.2096,0.2096,0.2096,1,1.0
2024-08-19 05:00,0.2122,0.2122,0.2122,1,1.0
2024-08-19 08:00,0.2015,0.2015,0.2015,1,1.0
2024-08-19 11:00,0.1797,0.1797,0.1797,1,1.0
2024-08-19 14:00,0.17,0.17,0.17,1,1.0
2024-08-19 17:00,0.1722,0.1722,0.1722,1,1.0
2024-08-19 20:00,0.1715,0.1715,0.1715,1,1.0
2024-08-19 23:00,0.1746,0.1746,0.1746,1,1.0
2024-08-20 02:00,0.187,0.187,0.187,1,1.0
2024-08-20 05:00,0.1798,0.1798,0.1798,1,1.0
2024-08-20 08:00,0.1686,0.1686,0.1686,1,1.0
2024-08-20 11:00,0.1563,0.1563,0.1563,1,1.0
2024-08-20 14:00,0.1536,0.1536,0.1536,1,1.0
2024-08-20 17:00,0.1509,0.1509,0.1509,1,1.0
2024-08-20 20:00,0.1484,0.1484,0.1484,1,1.0
2024-08-20 23:00,0.1462,0.1462,0.1462,1,1.0
2024-08-21 02:00,0.1437,0.1437,0.1437,1,1.0
2024-08-21 05:00,0.142,0.142,0.142,1,1.0
2024-08-21 08:00,0.1422,0.1422,0.1422,1,1.0
2024-08-21 11:00,0.1385,0.1385,0.1385,1,1.0
2024-08-21 14:00,0.1359,0.1359,0.1359,1,1.0
2024-08-21 17:00,0.1341,0.1341,0.1341,1,1.0
2024-08-21 20:00,0.1336,0.1336,0.1336,1,1.0
2024-08-21 23:00,0.133,0.133,0.133,1,1.0
2024-08-22 02:00,0.1321,0.1321,0.1321,1,1.0
2024-08-22 05:00,0.1301,0.1301,0.1301,1,1.0
2024-08-22 08:00,0.1217,0.1217,0.1217,1,1.0
2024-08-22 11:00,0.1172,0.1172,0.1172,1,1.0
2024-08-22 14:00,0.1127,0.1127,0.1127,1,1.0
2024-08-22 17:00,0.111,0.111,0.111,1,1.0
2024-08-22 20:00,0.1087,0.1087,0.1087,1,1.0
2024-08-22 23:00,0.1088,0.1088,0.1088,1,1.0
2024-08-23 02:00,0.1081,0.1081,0.1081,1,1.0
2024-08-23 05:00,0.1071,0.1071,0.1071,1,1.0
2024-08-23 08:00,0.1056,0.1056,0.1056,1,1.0
2024-08-23 11:00,0.1023,0.1023,0.1023,1,1.0
2024-08-23 14:00,0.0989,0.0989,0.0989,1,1.0
2024-08-23 17:00,0.097,0.097,0.097,1,1.0
2024-08-23 20:00,0.0961,0.0961,0.0961,1,1.0
2024-08-23 23:00,0.0956,0.0956,0.0956,1,1.0
2024-08-24 02:00,0.0954,0.0954,0.0954,1,1.0
2024-08-24 05:00,0.0951,0.0951,0.0951,1,1.0
2024-08-24 08:00,0.0992,0.0992,0.0992,1,1.0
2024-08-24 11:00,0.0973,0.0973,0.0973,1,1.0
2024-08-24 14:00,0.0951,0.0951,0.0951,1,1.0
2024-08-24 17:00,0.0873,0.0873,0.0873,1,1.0
2024-08-24 20:00,0.0875,0.0875,0.0875,1,1.0
2024-08-24 23:00,0.0881,0.0881,0.0881,1,1.0
2024-08-25 02:00,0.089,0.089,0.089,1,1.0
2024-08-25 05:00,0.0898,0.0898,0.0898,1,1.0
2024-08-25 08:00,0.0892,0.0892,0.0892,1,1.0
2024-08-25 11:00,0.0859,0.0859,0.0859,1,1.0
2024-08-25 14:00,0.0819,0.0819,0.0819,1,1.0
2024-08-25 17:00,0.0803,0.0803,0.0803,1,1.0
2024-08-25 20:00,0.0803,0.0803,0.0803,1,1.0
2024-08-25 23:00,0.0807,0.0807,0.0807,1,1.0
2024-08-26 02:00,0.0815,0.0815,0.0815,1,1.0
2024-08-26 05:00,0.0825,0.0825,0.0825,1,1.0
2024-08-26 08:00,0.0828,0.0828,0.0828,1,1.0
2024-08-26 11:00,0.0811,0.0811,0.0811,1,1.0
2024-08-26 14:00,0.0789,0.0789,0.0789,1,1.0
2024-08-26 17:00,0.0801,0.0801,0.0801,1,1.0
2024-08-26 20:00,0.0832,0.0832,0.0832,1,1.0
2024-08-26 23:00,0.0852,0.0852,0.0852,1,1.0
2024-08-27 02:00,0.0859,0.0859,0.0859,1,1.0
2024-08-27 05:00,0.086,0.086,0.086,1,1.0
2024-08-27 08:00,0.0793,0.0793,0.0793,1,1.0
2024-08-27 11:00,0.0781,0.0781,0.0781,1,1.0
2024-08-27 14:00,0.0774,0.0774,0.0774,1,1.0
2024-08-27 17:00,0.0802,0.0802,0.0802,1,1.0
2024-08-27 20:00,0.0837,0.0837,0.0837,1,1.0
2024-08-27 23:00,0.0845,0.0845,0.0845,1,1.0
2024-08-28 02:00,0.0859,0.0859,0.0859,1,1.0
2024-08-28 05:00,0.0876,0.0876,0.0876,1,1.0
2024-08-28 08:00,0.0878,0.0878,0.0878,1,1.0
2024-08-28 11:00,0.0864,0.0864,0.0864,1,1.0
2024-08-28 14:00,0.0847,0.0847,0.0847,1,1.0
2024-08-28 17:00,0.0867,0.0867,0.0867,1,1.0
2024-08-28 20:00,0.0913,0.0913,0.0913,1,1.0
2024-08-28 23:00,0.0925,0.0925,0.0925,1,1.0
2024-08-29 02:00,0.0958,0.0958,0.0958,1,1.0
2024-08-29 05:00,0.1006,0.1006,0.1006,1,1.0
2024-08-29 08:00,0.1041,0.1041,0.1041,1,1.0
2024-08-29 11:00,0.1033,0.1033,0.1033,1,1.0
2024-08-29 14:00,0.1179,0.1179,0.1179,1,1.0
2024-08-29 17:00,0.1322,0.1322,0.1322,1,1.0
2024-08-29 20:00,0.1434,0.1434,0.1434,1,1.0
2024-08-29 23:00,0.1428,0.1428,0.1428,1,1.0
2024-08-30 02:00,0.1392,0.1392,0.1392,1,1.0
2024-08-30 05:00,0.1362,0.1362,0.1362,1,1.0
2024-08-30 08:00,0.1321,0.1321,0.1321,1,1.0
2024-08-30 11:00,0.1259,0.1259,0.1259,1,1.0
2024-08-30 14:00,0.1197,0.1197,0.1197,1,1.0
2024-08-30 17:00,0.1166,0.1166,0.1166,1,1.0
2024-08-30 20:00,0.1156,0.1156,0.1156,1,1.0
2024-08-30 23:00,0.1148,0.1148,0.1148,1,1.0
2024-08-31 02:00,0.1136,0.1136,0.1136,1,1.0
2024-08-31 05:00,0.1123,0.1123,0.1123,1,1.0
2024-08-31 08:00,0.1104,0.1104,0.1104,1,1.0
2024-08-31 11:00,0.1059,0.1059,0.1059,1,1.0
2024-08-31 14:00,0.1009,0.1009,0.1009,1,1.0
2024-08-31 17:00,0.098,0.098,0.098,1,1.0
2024-08-31 20:00,0.0972,0.0972,0.0972,1,1.0
2024-08-31 23:00,0.0969,0.0969,0.0969,1,1.0
2024-09-01 02:00,0.0962,0.0962,0.0962,1,1.0
2024-09-01 05:00,0.0952,0.0952,0.0952,1,1.0
2024-09-01 08:00,0.0917,0.0917,0.0917,1,1.0
2024-09-01 11:00,0.0883,0.0883,0.0883,1,1.0
2024-09-01 14:00,0.0865,0.0865,0.0865,1,1.0
2024-09-01 17:00,0.088,0.088,0.088,1,1.0
2024-09-01 20:00,0.0901,0.0901,0.0901,1,1.0
2024-09-01 23:00,0.0919,0.0919,0.0919,1,1.0
2024-09-02 02:00,0.0924,0.0924,0.0924,1,1.0
2024-09-02 05:00,0.0926,0.0926,0.0926,1,1.0
2024-09-02 08:00,0.0926,0.0926,0.0926,1,1.0
2024-09-02 11:00,0.0924,0.0924,0.0924,1,1.0
2024-09-02 14:00,0.0917,0.0917,0.0917,1,1.0
2024-09-02 17:00,0.091,0.091,0.091,1,1.0
2024-09-02 20:00,0.0924,0.0924,0.0924,1,1.0
2024-09-02 23:00,0.0935,0.0935,0.0935,1,1.0
2024-09-03 02:00,0.1145,0.1145,0.1145,1,1.0
2024-09-03 05:00,0.1276,0.1276,0.1276,1,1.0
2024-09-03 08:00,0.1254,0.1254,0.1254,1,1.0
2024-09-03 11:00,0.1257,0.1257,0.1257,1,1.0
2024-09-03 14:00,0.1283,0.1283,0.1283,1,1.0
2024-09-03 17:00,0.1255,0.1255,0.1255,1,1.0
2024-09-03 20:00,0.1235,0.1235,0.1235,1,1.0
2024-09-03 23:00,0.1216,0.1216,0.1216,1,1.0
2024-09-04 02:00,0.1202,0.1202,0.1202,1,1.0
2024-09-04 05:00,0.119,0.119,0.119,1,1.0
2024-09-04 08:00,0.1172,0.1172,0.1172,1,1.0
2024-09-04 11:00,0.114,0.114,0.114,1,1.0
2024-09-04 14:00,0.1103,0.1103,0.1103,1,1.0
2024-09-04 17:00,0.1091,0.1091,0.1091,1,1.0
2024-09-04 20:00,0.1073,0.1073,0.1073,1,1.0
2024-09-04 23:00,0.1068,0.1068,0.1068,1,1.0
2024-09-05 02:00,0.1164,0.1164,0.1164,1,1.0
2024-09-05 05:00,0.1429,0.1429,0.1429,1,1.0
2024-09-05 08:00,0.1528,0.1528,0.1528,1,1.0
2024-09-05 11:00,0.1591,0.1591,0.1591,1,1.0
2024-09-05 14:00,0.1586,0.1586,0.1586,1,1.0
2024-09-05 17:00,0.1745,0.1745,0.1745,1,1.0
2024-09-05 20:00,0.2211,0.2211,0.2211,1,1.0
2024-09-05 23:00,0.2325,0.2325,0.2325,1,1.0
2024-09-06 02:00,0.2021,0.2021,0.2021,1,1.0
2024-09-06 05:00,0.1809,0.1809,0.1809,1,1.0
2024-09-06 08:00,0.1684,0.1684,0.1684,1,1.0
2024-09-06 11:00,0.1579,0.1579,0.1579,1,1.0
2024-09-06 14:00,0.1494,0.1494,0.1494,1,1.0
2024-09-06 17:00,0.1448,0.1448,0.1448,1,1.0
2024-09-06 20:00,0.1429,0.1429,0.1429,1,1.0
2024-09-06 23:00,0.141,0.141,0.141,1,1.0
2024-09-07 02:00,0.1387,0.1387,0.1387,1,1.0
2024-09-07 05:00,0.1363,0.1363,0.1363,1,1.0
2024-09-07 08:00,0.1321,0.1321,0.1321,1,1.0
2024-09-07 11:00,0.1262,0.1262,0.1262,1,1.0
2024-09-07 14:00,0.1193,0.1193,0.1193,1,1.0
2024-09-07 17:00,0.1177,0.1177,0.1177,1,1.0
2024-09-07 20:00,0.1198,0.1198,0.1198,1,1.0
2024-09-07 23:00,0.1195,0.1195,0.1195,1,1.0
2024-09-08 02:00,0.1191,0.1191,0.1191,1,1.0
2024-09-08 05:00,0.1185,0.1185,0.1185,1,1.0
2024-09-08 08:00,0.117,0.117,0.117,1,1.0
2024-09-08 11:00,0.1133,0.1133,0.1133,1,1.0
2024-09-08 14:00,0.1098,0.1098,0.1098,1,1.0
2024-09-08 17:00,0.108,0.108,0.108,1,1.0
2024-09-08 20:00,0.1073,0.1073,0.1073,1,1.0
2024-09-08 23:00,0.1065,0.1065,0.1065,1,1.0
2024-09-09 02:00,0.1204,0.1204,0.1204,1,1.0
2024-09-09 05:00,0.2074,0.2074,0.2074,1,1.0
2024-09-09 08:00,0.243,0.243,0.243,1,1.0
2024-09-09 11:00,0.2464,0.2464,0.2464,1,1.0
2024-09-09 14:00,0.2134,0.2134,0.2134,1,1.0
2024-09-09 17:00,0.1901,0.1901,0.1901,1,1.0
2024-09-09 20:00,0.1769,0.1769,0.1769,1,1.0
2024-09-09 23:00,0.1701,0.1701,0.1701,1,1.0
2024-09-10 02:00,0.1655,0.1655,0.1655,1,1.0
2024-09-10 05:00,0.1619,0.1619,0.1619,1,1.0
2024-09-10 08:00,0.1574,0.1574,0.1574,1,1.0
2024-09-10 11:00,0.1499,0.1499,0.1499,1,1.0
2024-09-10 14:00,0.1418,0.1418,0.1418,1,1.0
2024-09-10 17:00,0.1367,0.1367,0.1367,1,1.0
2024-09-10 20:00,0.1352,0.1352,0.1352,1,1.0
2024-09-10 23:00,0.1341,0.1341,0.1341,1,1.0
2024-09-11 02:00,0.133,0.133,0.133,1,1.0
2024-09-11 05:00,0.1322,0.1322,0.1322,1,1.0
2024-09-11 08:00,0.1303,0.1303,0.1303,1,1.0
2024-09-11 11:00,0.1249,0.1249,0.1249,1,1.0
2024-09-11 14:00,0.1186,0.1186,0.1186,1,1.0
2024-09-11 17:00,0.116,0.116,0.116,1,1.0
2024-09-11 20:00,0.1159,0.1159,0.1159,1,1.0
2024-09-11 23:00,0.1164,0.1164,0.1164,1,1.0
2024-09-12 02:00,0.1172,0.1172,0.1172,1,1.0
2024-09-12 05:00,0.1212,0.1212,0.1212,1,1.0
2024-09-12 08:00,0.1264,0.1264,0.1264,1,1.0
2024-09-12 11:00,0.127,0.127,0.127,1,1.0
2024-09-12 14:00,0.1242,0.1242,0.1242,1,1.0
2024-09-12 17:00,0.1439,0.1439,0.1439,1,1.0
2024-09-12 20:00,0.2141,0.2141,0.2141,1,1.0
2024-09-12 23:00,0.2856,0.2856,0.2856,1,1.0
2024-09-13 02:00,0.2232,0.2232,0.2232,1,1.0
2024-09-13 05:00,0.195,0.195,0.195,1,1.0
2024-09-13 08:00,0.1806,0.1806,0.1806,1,1.0
2024-09-13 11:00,0.1697,0.1697,0.1697,1,1.0
2024-09-13 14:00,0.1622,0.1622,0.1622,1,1.0
2024-09-13 17:00,0.1574,0.1574,0.1574,1,1.0
2024-09-13 20:00,0.1559,0.1559,0.1559,1,1.0
2024-09-13 23:00,0.1554,0.1554,0.1554,1,1.0
2024-09-14 02:00,0.1548,0.1548,0.1548,1,1.0
2024-09-14 05:00,0.1537,0.1537,0.1537,1,1.0
2024-09-14 08:00,0.1537,0.1537,0.1537,1,1.0
2024-09-14 11:00,0.1474,0.1474,0.1474,1,1.0
2024-09-14 14:00,0.1399,0.1399,0.1399,1,1.0
2024-09-14 17:00,0.1357,0.1357,0.1357,1,1.0
2024-09-14 20:00,0.1342,0.1342,0.1342,1,1.0
2024-09-14 23:00,0.1331,0.1331,0.1331,1,1.0
2024-09-15 02:00,0.1322,0.1322,0.1322,1,1.0
2024-09-15 05:00,0.1315,0.1315,0.1315,1,1.0
2024-09-15 08:00,0.1302,0.1302,0.1302,1,1.0
2024-09-15 11:00,0.125,0.125,0.125,1,1.0
2024-09-15 14:00,0.1191,0.1191,0.1191,1,1.0
2024-09-15 17:00,0.1159,0.1159,0.1159,1,1.0
2024-09-15 20:00,0.1194,0.1194,0.1194,1,1.0
2024-09-15 23:00,0.1199,0.1199,0.1199,1,1.0
2024-09-16 02:00,0.1199,0.1199,0.1199,1,1.0
2024-09-16 05:00,0.1198,0.1198,0.1198,1,1.0
2024-09-16 08:00,0.1196,0.1196,0.1196,1,1.0
2024-09-16 11:00,0.1182,0.1182,0.1182,1,1.0
2024-09-16 14:00,0.1169,0.1169,0.1169,1,1.0
2024-09-16 17:00,0.1173,0.1173,0.1173,1,1.0
2024-09-16 20:00,0.1183,0.1183,0.1183,1,1.0
2024-09-16 23:00,0.1194,0.1194,0.1194,1,1.0
2024-09-17 02:00,0.1216,0.1216,0.1216,1,1.0
2024-09-17 05:00,0.1518,0.1518,0.1518,1,1.0
2024-09-17 08:00,0.1912,0.1912,0.1912,1,1.0
2024-09-17 11:00,0.196,0.196,0.196,1,1.0
2024-09-17 14:00,0.1896,0.1896,0.1896,1,1.0
2024-09-17 17:00,0.183,0.183,0.183,1,1.0
2024-09-17 20:00,0.1887,0.1887,0.1887,1,1.0
2024-09-17 23:00,0.1858,0.1858,0.1858,1,1.0
2024-09-18 02:00,0.1898,0.1898,0.1898,1,1.0
2024-09-18 05:00,0.1946,0.1946,0.1946,1,1.0
2024-09-18 08:00,0.1895,0.1895,0.1895,1,1.0
2024-09-18 11:00,0.1837,0.1837,0.1837,1,1.0
2024-09-18 14:00,0.1828,0.1828,0.1828,1,1.0
2024-09-18 17:00,0.1839,0.1839,0.1839,1,1.0
2024-09-18 20:00,0.1846,0.1846,0.1846,1,1.0
2024-09-18 23:00,0.1897,0.1897,0.1897,1,1.0
2024-09-19 02:00,0.2004,0.2004,0.2004,1,1.0
2024-09-19 05:00,0.2129,0.2129,0.2129,1,1.0
2024-09-19 08:00,0.2177,0.2177,0.2177,1,1.0
2024-09-19 11:00,0.2262,0.2262,0.2262,1,1.0
2024-09-19 14:00,0.2183,0.2183,0.2183,1,1.0
2024-09-19 17:00,0.2235,0.2235,0.2235,1,1.0
2024-09-19 20:00,0.2285,0.2285,0.2285,1,1.0
2024-09-19 23:00,0.2129,0.2129,0.2129,1,1.0
2024-09-20 02:00,0.2023,0.2023,0.2023,1,1.0
2024-09-20 05:00,0.195,0.195,0.195,1,1.0
2024-09-20 08:00,0.1901,0.1901,0.1901,1,1.0
2024-09-20 11:00,0.183,0.183,0.183,1,1.0
2024-09-20 14:00,0.1753,0.1753,0.1753,1,1.0
2024-09-20 17:00,0.1721,0.1721,0.1721,1,1.0
2024-09-20 20:00,0.1715,0.1715,0.1715,1,1.0
2024-09-20 23:00,0.1707,0.1707,0.1707,1,1.0
2024-09-21 02:00,0.1695,0.1695,0.1695,1,1.0
2024-09-21 05:00,0.1686,0.1686,0.1686,1,1.0
2024-09-21 08:00,0.1667,0.1667,0.1667,1,1.0
2024-09-21 11:00,0.1617,0.1617,0.1617,1,1.0
2024-09-21 14:00,0.1554,0.1554,0.1554,1,1.0
2024-09-21 17:00,0.1527,0.1527,0.1527,1,1.0
2024-09-21 20:00,0.1527,0.1527,0.1527,1,1.0
2024-09-21 23:00,0.1527,0.1527,0.1527,1,1.0
2024-09-22 02:00,0.1525,0.1525,0.1525,1,1.0
2024-09-22 05:00,0.1517,0.1517,0.1517,1,1.0
2024-09-22 08:00,0.1503,0.1503,0.1503,1,1.0
2024-09-22 11:00,0.1478,0.1478,0.1478,1,1.0
2024-09-22 14:00,0.1442,0.1442,0.1442,1,1.0
2024-09-22 17:00,0.146,0.146,0.146,1,1.0
2024-09-22 20:00,0.1472,0.1472,0.1472,1,1.0
2024-09-22 23:00,0.1476,0.1476,0.1476,1,1.0
2024-09-23 02:00,0.1485,0.1485,0.1485,1,1.0
2024-09-23 05:00,0.1506,0.1506,0.1506,1,1.0
2024-09-23 08:00,0.1497,0.1497,0.1497,1,1.0
2024-09-23 11:00,0.1501,0.1501,0.1501,1,1.0
2024-09-23 14:00,0.1523,0.1523,0.1523,1,1.0
2024-09-23 17:00,0.1549,0.1549,0.1549,1,1.0
2024-09-23 20:00,0.1602,0.1602,0.1602,1,1.0
2024-09-23 23:00,0.1801,0.1801,0.1801,1,1.0
2024-09-24 02:00,0.2168,0.2168,0.2168,1,1.0
2024-09-24 05:00,0.2285,0.2285,0.2285,1,1.0
2024-09-24 08:00,0.213,0.213,0.213,1,1.0
2024-09-24 11:00,0.2005,0.2005,0.2005,1,1.0
2024-09-24 14:00,0.1898,0.1898,0.1898,1,1.0
2024-09-24 17:00,0.1837,0.1837,0.1837,1,1.0
2024-09-24 20:00,0.1808,0.1808,0.1808,1,1.0
2024-09-24 23:00,0.1781,0.1781,0.1781,1,1.0
2024-09-25 02:00,0.1759,0.1759,0.1759,1,1.0
2024-09-25 05:00,0.179,0.179,0.179,1,1.0
2024-09-25 08:00,0.1827,0.1827,0.1827,1,1.0
2024-09-25 11:00,0.1821,0.1821,0.1821,1,1.0
2024-09-25 14:00,0.1824,0.1824,0.1824,1,1.0
2024-09-25 17:00,0.1819,0.1819,0.1819,1,1.0
2024-09-25 20:00,0.1822,0.1822,0.1822,1,1.0
2024-09-25 23:00,0.1813,0.1813,0.1813,1,1.0
2024-09-26 02:00,0.1797,0.1797,0.1797,1,1.0
2024-09-26 05:00,0.1783,0.1783,0.1783,1,1.0
2024-09-26 08:00,0.1766,0.1766,0.1766,1,1.0
2024-09-26 11:00,0.1731,0.1731,0.1731,1,1.0
2024-09-26 14:00,0.1693,0.1693,0.1693,1,1.0
2024-09-26 17:00,0.1671,0.1671,0.1671,1,1.0
2024-09-26 20:00,0.1664,0.1664,0.1664,1,1.0
2024-09-26 23:00,0.1658,0.1658,0.1658,1,1.0
2024-09-27 02:00,0.1652,0.1652,0.1652,1,1.0
2024-09-27 05:00,0.1648,0.1648,0.1648,1,1.0
2024-09-27 08:00,0.1637,0.1637,0.1637,1,1.0
2024-09-27 11:00,0.1614,0.1614,0.1614,1,1.0
2024-09-27 14:00,0.1584,0.1584,0.1584,1,1.0
2024-09-27 17:00,0.157,0.157,0.157,1,1.0
2024-09-27 20:00,0.1567,0.1567,0.1567,1,1.0
2024-09-27 23:00,0.1563,0.1563,0.1563,1,1.0
2024-09-28 02:00,0.1558,0.1558,0.1558,1,1.0
2024-09-28 05:00,0.1553,0.1553,0.1553,1,1.0
2024-09-28 08:00,0.15,0.15,0.15,1,1.0
2024-09-28 11:00,0.1501,0.1501,0.1501,1,1.0
2024-09-28 14:00,0.1485,0.1485,0.1485,1,1.0
2024-09-28 17:00,0.146,0.146,0.146,1,1.0
2024-09-28 20:00,0.147,0.147,0.147,1,1.0
2024-09-28 23:00,0.1463,0.1463,0.1463,1,1.0
2024-09-29 02:00,0.1463,0.1463,0.1463,1,1.0
2024-09-29 05:00,0.1462,0.1462,0.1462,1,1.0
2024-09-29 08:00,0.1455,0.1455,0.1455,1,1.0
2024-09-29 11:00,0.1419,0.1419,0.1419,1,1.0
2024-09-29 14:00,0.1374,0.1374,0.1374,1,1.0
2024-09-29 17:00,0.1355,0.1355,0.1355,1,1.0
2024-09-29 20:00,0.1349,0.1349,0.1349,1,1.0
2024-09-29 23:00,0.1345,0.1345,0.1345,1,1.0
2024-09-30 02:00,0.1349,0.1349,0.1349,1,1.0
2024-09-30 05:00,0.1358,0.1358,0.1358,1,1.0
2024-09-30 08:00,0.1309,0.1309,0.1309,1,1.0
2024-09-30 11:00,0.1289,0.1289,0.1289,1,1.0
2024-09-30 14:00,0.1259,0.1259,0.1259,1,1.0
2024-09-30 17:00,0.1243,0.1243,0.1243,1,1.0
2024-09-30 20:00,0.1254,0.1254,0.1254,1,1.0
2024-09-30 23:00,0.1267,0.1267,0.1267,1,1.0
2024-10-01 02:00,0.1281,0.1281,0.1281,1,1.0
2024-10-01 05:00,0.1293,0.1293,0.1293,1,1.0
2024-10-01 08:00,0.1292,0.1292,0.1292,1,1.0
2024-10-01 11:00,0.1271,0.1271,0.1271,1,1.0
2024-10-01 14:00,0.1247,0.1247,0.1247,1,1.0
2024-10-01 17:00,0.1237,0.1237,0.1237,1,1.0
2024-10-01 20:00,0.1225,0.1225,0.1225,1,1.0
2024-10-01 23:00,0.1234,0.1234,0.1234,1,1.0
2024-10-02 02:00,0.1247,0.1247,0.1247,1,1.0
2024-10-02 05:00,0.1261,0.1261,0.1261,1,1.0
2024-10-02 08:00,0.1264,0.1264,0.1264,1,1.0
2024-10-02 11:00,0.1253,0.1253,0.1253,1,1.0
2024-10-02 14:00,0.1242,0.1242,0.1242,1,1.0
2024-10-02 17:00,0.1236,0.1236,0.1236,1,1.0
2024-10-02 20:00,0.1236,0.1236,0.1236,1,1.0
2024-10-02 23:00,0.1239,0.1239,0.1239,1,1.0
2024-10-03 02:00,0.125,0.125,0.125,1,1.0
2024-10-03 05:00,0.1258,0.1258,0.1258,1,1.0
2024-10-03 08:00,0.1258,0.1258,0.1258,1,1.0
2024-10-03 11:00,0.1272,0.1272,0.1272,1,1.0
2024-10-03 14:00,0.1319,0.1319,0.1319,1,1.0
2024-10-03 17:00,0.152,0.152,0.152,1,1.0
2024-10-03 20:00,0.1697,0.1697,0.1697,1,1.0
2024-10-03 23:00,0.1871,0.1871,0.1871,1,1.0
2024-10-04 02:00,0.1864,0.1864,0.1864,1,1.0
2024-10-04 05:00,0.1795,0.1795,0.1795,1,1.0
2024-10-04 08:00,0.1749,0.1749,0.1749,1,1.0
2024-10-04 11:00,0.168,0.168,0.168,1,1.0
2024-10-04 14:00,0.1621,0.1621,0.1621,1,1.0
2024-10-04 17:00,0.1592,0.1592,0.1592,1,1.0
2024-10-04 20:00,0.1603,0.1603,0.1603,1,1.0
2024-10-04 23:00,0.1773,0.1773,0.1773,1,1.0
2024-10-05 02:00,0.1926,0.1926,0.1926,1,1.0
2024-10-05 05:00,0.1982,0.1982,0.1982,1,1.0
2024-10-05 08:00,0.1928,0.1928,0.1928,1,1.0
2024-10-05 11:00,0.1833,0.1833,0.1833,1,1.0
2024-10-05 14:00,0.1762,0.1762,0.1762,1,1.0
2024-10-05 17:00,0.1744,0.1744,0.1744,1,1.0
2024-10-05 20:00,0.1736,0.1736,0.1736,1,1.0
2024-10-05 23:00,0.173,0.173,0.173,1,1.0
2024-10-06 02:00,0.1722,0.1722,0.1722,1,1.0
2024-10-06 05:00,0.1712,0.1712,0.1712,1,1.0
2024-10-06 08:00,0.1729,0.1729,0.1729,1,1.0
2024-10-06 11:00,0.1684,0.1684,0.1684,1,1.0
2024-10-06 14:00,0.163,0.163,0.163,1,1.0
2024-10-06 17:00,0.1607,0.1607,0.1607,1,1.0
2024-10-06 20:00,0.1624,0.1624,0.1624,1,1.0
2024-10-06 23:00,0.1622,0.1622,0.1622,1,1.0
2024-10-07 02:00,0.1618,0.1618,0.1618,1,1.0
2024-10-07 05:00,0.1614,0.1614,0.1614,1,1.0
2024-10-07 08:00,0.1606,0.1606,0.1606,1,1.0
2024-10-07 11:00,0.1578,0.1578,0.1578,1,1.0
2024-10-07 14:00,0.1546,0.1546,0.1546,1,1.0
2024-10-07 17:00,0.1529,0.1529,0.1529,1,1.0
2024-10-07 20:00,0.1525,0.1525,0.1525,1,1.0
2024-10-07 23:00,0.1518,0.1518,0.1518,1,1.0
2024-10-08 02:00,0.1508,0.1508,0.1508,1,1.0
2024-10-08 05:00,0.1495,0.1495,0.1495,1,1.0
2024-10-08 08:00,0.1481,0.1481,0.1481,1,1.0
2024-10-08 11:00,0.1443,0.1443,0.1443,1,1.0
2024-10-08 14:00,0.1412,0.1412,0.1412,1,1.0
2024-10-08 17:00,0.1541,0.1541,0.1541,1,1.0
2024-10-08 20:00,0.2467,0.2467,0.2467,1,1.0
2024-10-08 23:00,0.2699,0.2699,0.2699,1,1.0
2024-10-09 02:00,0.2468,0.2468,0.2468,1,1.0
2024-10-09 05:00,0.2274,0.2274,0.2274,1,1.0
2024-10-09 08:00,0.2131,0.2131,0.2131,1,1.0
2024-10-09 11:00,0.2042,0.2042,0.2042,1,1.0
2024-10-09 14:00,0.1968,0.1968,0.1968,1,1.0
2024-10-09 17:00,0.1932,0.1932,0.1932,1,1.0
2024-10-09 20:00,0.1916,0.1916,0.1916,1,1.0
2024-10-09 23:00,0.1898,0.1898,0.1898,1,1.0
2024-10-10 02:00,0.1882,0.1882,0.1882,1,1.0
2024-10-10 05:00,0.1866,0.1866,0.1866,1,1.0
2024-10-10 08:00,0.1849,0.1849,0.1849,1,1.0
2024-10-10 11:00,0.1814,0.1814,0.1814,1,1.0
2024-10-10 14:00,0.1775,0.1775,0.1775,1,1.0
2024-10-10 17:00,0.1757,0.1757,0.1757,1,1.0
2024-10-10 20:00,0.1755,0.1755,0.1755,1,1.0
2024-10-10 23:00,0.1752,0.1752,0.1752,1,1.0
2024-10-11 02:00,0.1738,0.1738,0.1738,1,1.0
2024-10-11 05:00,0.1722,0.1722,0.1722,1,1.0
2024-10-11 08:00,0.1684,0.1684,0.1684,1,1.0
2024-10-11 11:00,0.1646,0.1646,0.1646,1,1.0
2024-10-11 14:00,0.1602,0.1602,0.1602,1,1.0
2024-10-11 17:00,0.1576,0.1576,0.1576,1,1.0
2024-10-11 20:00,0.1572,0.1572,0.1572,1,1.0
2024-10-11 23:00,0.1572,0.1572,0.1572,1,1.0
2024-10-12 02:00,0.1573,0.1573,0.1573,1,1.0
2024-10-12 05:00,0.1577,0.1577,0.1577,1,1.0
2024-10-12 08:00,0.1577,0.1577,0.1577,1,1.0
2024-10-12 11:00,0.1555,0.1555,0.1555,1,1.0
2024-10-12 14:00,0.1522,0.1522,0.1522,1,1.0
2024-10-12 17:00,0.1514,0.1514,0.1514,1,1.0
2024-10-12 20:00,0.1519,0.1519,0.1519,1,1.0
2024-10-12 23:00,0.1525,0.1525,0.1525,1,1.0
2024-10-13 02:00,0.1529,0.1529,0.1529,1,1.0
2024-10-13 05:00,0.153,0.153,0.153,1,1.0
2024-10-13 08:00,0.1523,0.1523,0.1523,1,1.0
2024-10-13 11:00,0.1499,0.1499,0.1499,1,1.0
2024-10-13 14:00,0.147,0.147,0.147,1,1.0
2024-10-13 17:00,0.1459,0.1459,0.1459,1,1.0
2024-10-13 20:00,0.146,0.146,0.146,1,1.0
2024-10-13 23:00,0.1461,0.1461,0.1461,1,1.0
2024-10-14 02:00,0.1465,0.1465,0.1465,1,1.0
2024-10-14 05:00,0.1472,0.1472,0.1472,1,1.0
2024-10-14 08:00,0.1286,0.1286,0.1286,1,1.0
2024-10-14 11:00,0.127,0.127,0.127,1,1.0
2024-10-14 14:00,0.1246,0.1246,0.1246,1,1.0
2024-10-14 17:00,0.1243,0.1243,0.1243,1,1.0
2024-10-14 20:00,0.1284,0.1284,0.1284,1,1.0
2024-10-14 23:00,0.129,0.129,0.129,1,1.0
2024-10-15 02:00,0.1297,0.1297,0.1297,1,1.0
2024-10-15 05:00,0.1304,0.1304,0.1304,1,1.0
2024-10-15 08:00,0.1312,0.1312,0.1312,1,1.0
2024-10-15 11:00,0.13,0.13,0.13,1,1.0
2024-10-15 14:00,0.1279,0.1279,0.1279,1,1.0
2024-10-15 17:00,0.1274,0.1274,0.1274,1,1.0
2024-10-15 20:00,0.128,0.128,0.128,1,1.0
2024-10-15 23:00,0.1286,0.1286,0.1286,1,1.0
2024-10-16 02:00,0.1291,0.1291,0.1291,1,1.0
2024-10-16 05:00,0.1305,0.1305,0.1305,1,1.0
2024-10-16 08:00,0.1316,0.1316,0.1316,1,1.0
2024-10-16 11:00,0.1307,0.1307,0.1307,1,1.0
2024-10-16 14:00,0.1295,0.1295,0.1295,1,1.0
2024-10-16 17:00,0.1346,0.1346,0.1346,1,1.0
2024-10-16 20:00,0.1351,0.1351,0.1351,1,1.0
2024-10-16 23:00,0.1371,0.1371,0.1371,1,1.0
2024-10-17 02:00,0.1468,0.1468,0.1468,1,1.0
2024-10-17 05:00,0.1504,0.1504,0.1504,1,1.0
2024-10-17 08:00,0.1537,0.1537,0.1537,1,1.0
2024-10-17 11:00,0.1511,0.1511,0.1511,1,1.0
2024-10-17 14:00,0.1489,0.1489,0.1489,1,1.0
2024-10-17 17:00,0.1497,0.1497,0.1497,1,1.0
2024-10-17 20:00,0.1504,0.1504,0.1504,1,1.0
2024-10-17 23:00,0.15,0.15,0.15,1,1.0
2024-10-18 02:00,0.1527,0.1527,0.1527,1,1.0
2024-10-18 05:00,0.1677,0.1677,0.1677,1,1.0
2024-10-18 08:00,0.1884,0.1884,0.1884,1,1.0
2024-10-18 11:00,0.2537,0.2537,0.2537,1,1.0
2024-10-18 14:00,0.2707,0.2707,0.2707,1,1.0
2024-10-18 17:00,0.2426,0.2426,0.2426,1,1.0
2024-10-18 20:00,0.2238,0.2238,0.2238,1,1.0
2024-10-18 23:00,0.2178,0.2178,0.2178,1,1.0
2024-10-19 02:00,0.2467,0.2467,0.2467,1,1.0
2024-10-19 05:00,0.3606,0.3606,0.3606,1,1.0
2024-10-19 08:00,0.2858,0.2858,0.2858,1,1.0
2024-10-19 11:00,0.2758,0.2758,0.2758,1,1.0
2024-10-19 14:00,0.3099,0.3099,0.3099,1,1.0
2024-10-19 17:00,0.2963,0.2963,0.2963,1,1.0
2024-10-19 20:00,0.2745,0.2745,0.2745,1,1.0
2024-10-19 23:00,0.2678,0.2678,0.2678,1,1.0
2024-10-20 02:00,0.2783,0.2783,0.2783,1,1.0
2024-10-20 05:00,0.2786,0.2786,0.2786,1,1.0
2024-10-20 08:00,0.2657,0.2657,0.2657,1,1.0
2024-10-20 11:00,0.2551,0.2551,0.2551,1,1.0
2024-10-20 14:00,0.2479,0.2479,0.2479,1,1.0
2024-10-20 17:00,0.2442,0.2442,0.2442,1,1.0
2024-10-20 20:00,0.2415,0.2415,0.2415,1,1.0
2024-10-20 23:00,0.2387,0.2387,0.2387,1,1.0
2024-10-21 02:00,0.2365,0.2365,0.2365,1,1.0
2024-10-21 05:00,0.2351,0.2351,0.2351,1,1.0
2024-10-21 08:00,0.233,0.233,0.233,1,1.0
2024-10-21 11:00,0.2294,0.2294,0.2294,1,1.0
2024-10-21 14:00,0.226,0.226,0.226,1,1.0
2024-10-21 17:00,0.2245,0.2245,0.2245,1,1.0
2024-10-21 20:00,0.2242,0.2242,0.2242,1,1.0
2024-10-21 23:00,0.2242,0.2242,0.2242,1,1.0
2024-10-22 02:00,0.2241,0.2241,0.2241,1,1.0
2024-10-22 05:00,0.2232,0.2232,0.2232,1,1.0
2024-10-22 08:00,0.2195,0.2195,0.2195,1,1.0
2024-10-22 11:00,0.2164,0.2164,0.2164,1,1.0
2024-10-22 14:00,0.2155,0.2155,0.2155,1,1.0
2024-10-22 17:00,0.2151,0.2151,0.2151,1,1.0
2024-10-22 20:00,0.209,0.209,0.209,1,1.0
2024-10-22 23:00,0.2097,0.2097,0.2097,1,1.0
2024-10-23 02:00,0.2102,0.2102,0.2102,1,1.0
2024-10-23 05:00,0.2105,0.2105,0.2105,1,1.0
2024-10-23 08:00,0.2106,0.2106,0.2106,1,1.0
2024-10-23 11:00,0.2088,0.2088,0.2088,1,1.0
2024-10-23 14:00,0.2078,0.2078,0.2078,1,1.0
2024-10-23 17:00,0.2116,0.2116,0.2116,1,1.0
2024-10-23 20:00,0.214,0.214,0.214,1,1.0
2024-10-23 23:00,0.2128,0.2128,0.2128,1,1.0
2024-10-24 02:00,0.213,0.213,0.213,1,1.0
2024-10-24 05:00,0.2131,0.2131,0.2131,1,1.0
2024-10-24 08:00,0.2073,0.2073,0.2073,1,1.0
2024-10-24 11:00,0.2063,0.2063,0.2063,1,1.0
2024-10-24 14:00,0.2037,0.2037,0.2037,1,1.0
2024-10-24 17:00,0.2013,0.2013,0.2013,1,1.0
2024-10-24 20:00,0.2025,0.2025,0.2025,1,1.0
2024-10-24 23:00,0.203,0.203,0.203,1,1.0
2024-10-25 02:00,0.2037,0.2037,0.2037,1,1.0
2024-10-25 05:00,0.2042,0.2042,0.2042,1,1.0
2024-10-25 08:00,0.197,0.197,0.197,1,1.0
2024-10-25 11:00,0.1966,0.1966,0.1966,1,1.0
2024-10-25 14:00,0.1956,0.1956,0.1956,1,1.0
2024-10-25 17:00,0.1958,0.1958,0.1958,1,1.0
2024-10-25 20:00,0.1953,0.1953,0.1953,1,1.0
2024-10-25 23:00,0.1963,0.1963,0.1963,1,1.0
2024-10-26 02:00,0.1974,0.1974,0.1974,1,1.0
2024-10-26 05:00,0.1982,0.1982,0.1982,1,1.0
2024-10-26 08:00,0.1983,0.1983,0.1983,1,1.0
2024-10-26 11:00,0.1957,0.1957,0.1957,1,1.0
2024-10-26 14:00,0.192,0.192,0.192,1,1.0
2024-10-26 17:00,0.1909,0.1909,0.1909,1,1.0
2024-10-26 20:00,0.1908,0.1908,0.1908,1,1.0
2024-10-26 23:00,0.191,0.191,0.191,1,1.0
2024-10-27 02:00,0.1914,0.1914,0.1914,1,1.0
2024-10-27 05:00,0.1911,0.1911,0.1911,1,1.0
2024-10-27 08:00,0.1904,0.1904,0.1904,1,1.0
2024-10-27 11:00,0.1876,0.1876,0.1876,1,1.0
2024-10-27 14:00,0.1841,0.1841,0.1841,1,1.0
2024-10-27 17:00,0.1826,0.1826,0.1826,1,1.0
2024-10-27 20:00,0.1841,0.1841,0.1841,1,1.0
2024-10-27 23:00,0.1856,0.1856,0.1856,1,1.0
2024-10-28 02:00,0.187,0.187,0.187,1,1.0
2024-10-28 05:00,0.1878,0.1878,0.1878,1,1.0
2024-10-28 08:00,0.1883,0.1883,0.1883,1,1.0
2024-10-28 11:00,0.1866,0.1866,0.1866,1,1.0
2024-10-28 14:00,0.1835,0.1835,0.1835,1,1.0
2024-10-28 17:00,0.1825,0.1825,0.1825,1,1.0
2024-10-28 20:00,0.183,0.183,0.183,1,1.0
2024-10-28 23:00,0.1838,0.1838,0.1838,1,1.0
2024-10-29 02:00,0.1847,0.1847,0.1847,1,1.0
2024-10-29 05:00,0.1858,0.1858,0.1858,1,1.0
2024-10-29 08:00,0.1866,0.1866,0.1866,1,1.0
2024-10-29 11:00,0.1853,0.1853,0.1853,1,1.0
2024-10-29 14:00,0.1824,0.1824,0.1824,1,1.0
2024-10-29 17:00,0.1815,0.1815,0.1815,1,1.0
2024-10-29 20:00,0.1824,0.1824,0.1824,1,1.0
2024-10-29 23:00,0.1833,0.1833,0.1833,1,1.0
2024-10-30 02:00,0.1841,0.1841,0.1841,1,1.0
2024-10-30 05:00,0.1849,0.1849,0.1849,1,1.0
2024-10-30 08:00,0.1624,0.1624,0.1624,1,1.0
2024-10-30 11:00,0.1626,0.1626,0.1626,1,1.0
2024-10-30 14:00,0.1616,0.1616,0.1616,1,1.0
2024-10-30 17:00,0.1616,0.1616,0.1616,1,1.0
2024-10-30 20:00,0.1617,0.1617,0.1617,1,1.0
2024-10-30 23:00,0.163,0.163,0.163,1,1.0
2024-10-31 02:00,0.1646,0.1646,0.1646,1,1.0
2024-10-31 05:00,0.1663,0.1663,0.1663,1,1.0
2024-10-31 08:00,0.1672,0.1672,0.1672,1,1.0
2024-10-31 11:00,0.1661,0.1661,0.1661,1,1.0
2024-10-31 14:00,0.1641,0.1641,0.1641,1,1.0
2024-10-31 17:00,0.164,0.164,0.164,1,1.0
2024-10-31 20:00,0.1654,0.1654,0.1654,1,1.0
2024-10-31 23:00,0.1663,0.1663,0.1663,1,1.0
2024-11-01 02:00,0.1675,0.1675,0.1675,1,1.0
2024-11-01 05:00,0.169,0.169,0.169,1,1.0
2024-11-01 08:00,0.1684,0.1684,0.1684,1,1.0
2024-11-01 11:00,0.1665,0.1665,0.1665,1,1.0
2024-11-01 14:00,0.1632,0.1632,0.1632,1,1.0
2024-11-01 17:00,0.162,0.162,0.162,1,1.0
2024-11-01 20:00,0.1628,0.1628,0.1628,1,1.0
2024-11-01 23:00,0.164,0.164,0.164,1,1.0
2024-11-02 02:00,0.1648,0.1648,0.1648,1,1.0
2024-11-02 05:00,0.1667,0.1667,0.1667,1,1.0
2024-11-02 08:00,0.1607,0.1607,0.1607,1,1.0
2024-11-02 11:00,0.1601,0.1601,0.1601,1,1.0
2024-11-02 14:00,0.1582,0.1582,0.1582,1,1.0
2024-11-02 17:00,0.1579,0.1579,0.1579,1,1.0
2024-11-02 20:00,0.1581,0.1581,0.1581,1,1.0
2024-11-02 23:00,0.1597,0.1597,0.1597,1,1.0
2024-11-03 02:00,0.161,0.161,0.161,1,1.0
2024-11-03 05:00,0.1622,0.1622,0.1622,1,1.0
2024-11-03 08:00,0.1624,0.1624,0.1624,1,1.0
2024-11-03 11:00,0.1605,0.1605,0.1605,1,1.0
2024-11-03 14:00,0.1581,0.1581,0.1581,1,1.0
2024-11-03 17:00,0.1578,0.1578,0.1578,1,1.0
2024-11-03 20:00,0.1589,0.1589,0.1589,1,1.0
2024-11-03 23:00,0.16,0.16,0.16,1,1.0
2024-11-04 02:00,0.1612,0.1612,0.1612,1,1.0
2024-11-04 05:00,0.1625,0.1625,0.1625,1,1.0
2024-11-04 08:00,0.1571,0.1571,0.1571,1,1.0
2024-11-04 11:00,0.157,0.157,0.157,1,1.0
2024-11-04 14:00,0.1564,0.1564,0.1564,1,1.0
2024-11-04 17:00,0.1568,0.1568,0.1568,1,1.0
2024-11-04 20:00,0.1581,0.1581,0.1581,1,1.0
2024-11-04 23:00,0.1596,0.1596,0.1596,1,1.0
2024-11-05 02:00,0.1608,0.1608,0.1608,1,1.0
2024-11-05 05:00,0.1614,0.1614,0.1614,1,1.0
2024-11-05 08:00,0.1623,0.1623,0.1623,1,1.0
2024-11-05 11:00,0.1608,0.1608,0.1608,1,1.0
2024-11-05 14:00,0.1588,0.1588,0.1588,1,1.0
2024-11-05 17:00,0.1592,0.1592,0.1592,1,1.0
2024-11-05 20:00,0.1602,0.1602,0.1602,1,1.0
2024-11-05 23:00,0.1609,0.1609,0.1609,1,1.0
2024-11-06 02:00,0.1619,0.1619,0.1619,1,1.0
2024-11-06 05:00,0.1626,0.1626,0.1626,1,1.0
2024-11-06 08:00,0.1628,0.1628,0.1628,1,1.0
2024-11-06 11:00,0.1612,0.1612,0.1612,1,1.0
2024-11-06 14:00,0.1588,0.1588,0.1588,1,1.0
2024-11-06 17:00,0.1585,0.1585,0.1585,1,1.0
2024-11-06 20:00,0.159,0.159,0.159,1,1.0
2024-11-06 23:00,0.1593,0.1593,0.1593,1,1.0
2024-11-07 02:00,0.1598,0.1598,0.1598,1,1.0
2024-11-07 05:00,0.1609,0.1609,0.1609,1,1.0
2024-11-07 08:00,0.1555,0.1555,0.1555,1,1.0
2024-11-07 11:00,0.1538,0.1538,0.1538,1,1.0
2024-11-07 14:00,0.1515,0.1515,0.1515,1,1.0
2024-11-07 17:00,0.1516,0.1516,0.1516,1,1.0
2024-11-07 20:00,0.154,0.154,0.154,1,1.0
2024-11-07 23:00,0.1553,0.1553,0.1553,1,1.0
2024-11-08 02:00,0.1588,0.1588,0.1588,1,1.0
2024-11-08 05:00,0.1643,0.1643,0.1643,1,1.0
2024-11-08 08:00,0.1664,0.1664,0.1664,1,1.0
2024-11-08 11:00,0.1662,0.1662,0.1662,1,1.0
2024-11-08 14:00,0.1651,0.1651,0.1651,1,1.0
2024-11-08 17:00,0.1659,0.1659,0.1659,1,1.0
2024-11-08 20:00,0.1673,0.1673,0.1673,1,1.0
2024-11-08 23:00,0.1682,0.1682,0.1682,1,1.0
2024-11-09 02:00,0.169,0.169,0.169,1,1.0
2024-11-09 05:00,0.17,0.17,0.17,1,1.0
2024-11-09 08:00,0.1696,0.1696,0.1696,1,1.0
2024-11-09 11:00,0.1678,0.1678,0.1678,1,1.0
2024-11-09 14:00,0.1651,0.1651,0.1651,1,1.0
2024-11-09 17:00,0.1646,0.1646,0.1646,1,1.0
2024-11-09 20:00,0.1648,0.1648,0.1648,1,1.0
2024-11-09 23:00,0.1653,0.1653,0.1653,1,1.0
2024-11-10 02:00,0.1658,0.1658,0.1658,1,1.0
2024-11-10 05:00,0.1665,0.1665,0.1665,1,1.0
2024-11-10 08:00,0.166,0.166,0.166,1,1.0
2024-11-10 11:00,0.1642,0.1642,0.1642,1,1.0
2024-11-10 14:00,0.1623,0.1623,0.1623,1,1.0
2024-11-10 17:00,0.1621,0.1621,0.1621,1,1.0
2024-11-10 20:00,0.1669,0.1669,0.1669,1,1.0
2024-11-10 23:00,0.1671,0.1671,0.1671,1,1.0
2024-11-11 02:00,0.1675,0.1675,0.1675,1,1.0
2024-11-11 05:00,0.1682,0.1682,0.1682,1,1.0
2024-11-11 08:00,0.1683,0.1683,0.1683,1,1.0
2024-11-11 11:00,0.1661,0.1661,0.1661,1,1.0
2024-11-11 14:00,0.1628,0.1628,0.1628,1,1.0
2024-11-11 17:00,0.1614,0.1614,0.1614,1,1.0
2024-11-11 20:00,0.1614,0.1614,0.1614,1,1.0
2024-11-11 23:00,0.1616,0.1616,0.1616,1,1.0
2024-11-12 02:00,0.1618,0.1618,0.1618,1,1.0
2024-11-12 05:00,0.1623,0.1623,0.1623,1,1.0
2024-11-12 08:00,0.1616,0.1616,0.1616,1,1.0
2024-11-12 11:00,0.1593,0.1593,0.1593,1,1.0
2024-11-12 14:00,0.1564,0.1564,0.1564,1,1.0
2024-11-12 17:00,0.1557,0.1557,0.1557,1,1.0
2024-11-12 20:00,0.1551,0.1551,0.1551,1,1.0
2024-11-12 23:00,0.174,0.174,0.174,1,1.0
2024-11-13 02:00,0.2099,0.2099,0.2099,1,1.0
2024-11-13 05:00,0.2106,0.2106,0.2106,1,1.0
2024-11-13 08:00,0.2504,0.2504,0.2504,1,1.0
2024-11-13 11:00,0.3137,0.3137,0.3137,1,1.0
2024-11-13 14:00,0.3071,0.3071,0.3071,1,1.0
2024-11-13 17:00,0.2632,0.2632,0.2632,1,1.0
2024-11-13 20:00,0.2592,0.2592,0.2592,1,1.0
2024-11-13 23:00,0.2638,0.2638,0.2638,1,1.0
2024-11-14 02:00,0.2594,0.2594,0.2594,1,1.0
2024-11-14 05:00,0.2482,0.2482,0.2482,1,1.0
2024-11-14 08:00,0.2423,0.2423,0.2423,1,1.0
2024-11-14 11:00,0.2364,0.2364,0.2364,1,1.0
2024-11-14 14:00,0.23,0.23,0.23,1,1.0
2024-11-14 17:00,0.2292,0.2292,0.2292,1,1.0
2024-11-14 20:00,0.2347,0.2347,0.2347,1,1.0
2024-11-14 23:00,0.233,0.233,0.233,1,1.0
2024-11-15 02:00,0.2294,0.2294,0.2294,1,1.0
2024-11-15 05:00,0.2269,0.2269,0.2269,1,1.0
2024-11-15 08:00,0.2233,0.2233,0.2233,1,1.0
2024-11-15 11:00,0.2186,0.2186,0.2186,1,1.0
2024-11-15 14:00,0.2132,0.2132,0.2132,1,1.0
2024-11-15 17:00,0.2101,0.2101,0.2101,1,1.0
2024-11-15 20:00,0.2073,0.2073,0.2073,1,1.0
2024-11-15 23:00,0.2066,0.2066,0.2066,1,1.0
2024-11-16 02:00,0.2065,0.2065,0.2065,1,1.0
2024-11-16 05:00,0.2065,0.2065,0.2065,1,1.0
2024-11-16 08:00,0.2059,0.2059,0.2059,1,1.0
2024-11-16 11:00,0.2034,0.2034,0.2034,1,1.0
2024-11-16 14:00,0.2003,0.2003,0.2003,1,1.0
2024-11-16 17:00,0.1989,0.1989,0.1989,1,1.0
2024-11-16 20:00,0.1988,0.1988,0.1988,1,1.0
2024-11-16 23:00,0.1988,0.1988,0.1988,1,1.0
2024-11-17 02:00,0.199,0.199,0.199,1,1.0
2024-11-17 05:00,0.1996,0.1996,0.1996,1,1.0
2024-11-17 08:00,0.202,0.202,0.202,1,1.0
2024-11-17 11:00,0.2013,0.2013,0.2013,1,1.0
2024-11-17 14:00,0.1994,0.1994,0.1994,1,1.0
2024-11-17 17:00,0.1995,0.1995,0.1995,1,1.0
2024-11-17 20:00,0.2002,0.2002,0.2002,1,1.0
2024-11-17 23:00,0.2011,0.2011,0.2011,1,1.0
2024-11-18 02:00,0.2019,0.2019,0.2019,1,1.0
2024-11-18 05:00,0.2032,0.2032,0.2032,1,1.0
2024-11-18 08:00,0.2031,0.2031,0.2031,1,1.0
2024-11-18 11:00,0.2018,0.2018,0.2018,1,1.0
2024-11-18 14:00,0.1993,0.1993,0.1993,1,1.0
2024-11-18 17:00,0.1986,0.1986,0.1986,1,1.0
2024-11-18 20:00,0.1989,0.1989,0.1989,1,1.0
2024-11-18 23:00,0.1992,0.1992,0.1992,1,1.0
2024-11-19 02:00,0.2,0.2,0.2,1,1.0
2024-11-19 05:00,0.201,0.201,0.201,1,1.0
2024-11-19 08:00,0.2011,0.2011,0.2011,1,1.0
2024-11-19 11:00,0.1986,0.1986,0.1986,1,1.0
2024-11-19 14:00,0.1958,0.1958,0.1958,1,1.0
2024-11-19 17:00,0.195,0.195,0.195,1,1.0
2024-11-19 20:00,0.1944,0.1944,0.1944,1,1.0
2024-11-19 23:00,0.1945,0.1945,0.1945,1,1.0
2024-11-20 02:00,0.195,0.195,0.195,1,1.0
2024-11-20 05:00,0.1947,0.1947,0.1947,1,1.0
2024-11-20 08:00,0.1944,0.1944,0.1944,1,1.0
2024-11-20 11:00,0.1988,0.1988,0.1988,1,1.0
2024-11-20 14:00,0.2059,0.2059,0.2059,1,1.0
2024-11-20 17:00,0.2124,0.2124,0.2124,1,1.0
2024-11-20 20:00,0.2085,0.2085,0.2085,1,1.0
2024-11-20 23:00,0.2018,0.2018,0.2018,1,1.0
2024-11-21 02:00,0.1988,0.1988,0.1988,1,1.0
2024-11-21 05:00,0.1971,0.1971,0.1971,1,1.0
2024-11-21 08:00,0.1958,0.1958,0.1958,1,1.0
2024-11-21 11:00,0.193,0.193,0.193,1,1.0
2024-11-21 14:00,0.1893,0.1893,0.1893,1,1.0
2024-11-21 17:00,0.1883,0.1883,0.1883,1,1.0
2024-11-21 20:00,0.1884,0.1884,0.1884,1,1.0
2024-11-21 23:00,0.19,0.19,0.19,1,1.0
2024-11-22 02:00,0.1912,0.1912,0.1912,1,1.0
2024-11-22 05:00,0.1919,0.1919,0.1919,1,1.0
2024-11-22 08:00,0.2003,0.2003,0.2003,1,1.0
2024-11-22 11:00,0.2348,0.2348,0.2348,1,1.0
2024-11-22 14:00,0.2423,0.2423,0.2423,1,1.0
2024-11-22 17:00,0.2265,0.2265,0.2265,1,1.0
2024-11-22 20:00,0.2198,0.2198,0.2198,1,1.0
2024-11-22 23:00,0.2159,0.2159,0.2159,1,1.0
2024-11-23 02:00,0.213,0.213,0.213,1,1.0
2024-11-23 05:00,0.2106,0.2106,0.2106,1,1.0
2024-11-23 08:00,0.212,0.212,0.212,1,1.0
2024-11-23 11:00,0.2072,0.2072,0.2072,1,1.0
2024-11-23 14:00,0.2027,0.2027,0.2027,1,1.0
2024-11-23 17:00,0.2005,0.2005,0.2005,1,1.0
2024-11-23 20:00,0.2019,0.2019,0.2019,1,1.0
2024-11-23 23:00,0.2007,0.2007,0.2007,1,1.0
2024-11-24 02:00,0.1996,0.1996,0.1996,1,1.0
2024-11-24 05:00,0.1985,0.1985,0.1985,1,1.0
2024-11-24 08:00,0.1978,0.1978,0.1978,1,1.0
2024-11-24 11:00,0.1957,0.1957,0.1957,1,1.0
2024-11-24 14:00,0.193,0.193,0.193,1,1.0
2024-11-24 17:00,0.1924,0.1924,0.1924,1,1.0
2024-11-24 20:00,0.1925,0.1925,0.1925,1,1.0
2024-11-24 23:00,0.1925,0.1925,0.1925,1,1.0
2024-11-25 02:00,0.1923,0.1923,0.1923,1,1.0
2024-11-25 05:00,0.192,0.192,0.192,1,1.0
2024-11-25 08:00,0.1918,0.1918,0.1918,1,1.0
2024-11-25 11:00,0.1905,0.1905,0.1905,1,1.0
2024-11-25 14:00,0.1893,0.1893,0.1893,1,1.0
2024-11-25 17:00,0.1895,0.1895,0.1895,1,1.0
2024-11-25 20:00,0.1899,0.1899,0.1899,1,1.0
2024-11-25 23:00,0.1908,0.1908,0.1908,1,1.0
2024-11-26 02:00,0.192,0.192,0.192,1,1.0
2024-11-26 05:00,0.1931,0.1931,0.1931,1,1.0
2024-11-26 08:00,0.1934,0.1934,0.1934,1,1.0
2024-11-26 11:00,0.1931,0.1931,0.1931,1,1.0
2024-11-26 14:00,0.1926,0.1926,0.1926,1,1.0
2024-11-26 17:00,0.1931,0.1931,0.1931,1,1.0
2024-11-26 20:00,0.1913,0.1913,0.1913,1,1.0
2024-11-26 23:00,0.1923,0.1923,0.1923,1,1.0
2024-11-27 02:00,0.1933,0.1933,0.1933,1,1.0
2024-11-27 05:00,0.1944,0.1944,0.1944,1,1.0
2024-11-27 08:00,0.1954,0.1954,0.1954,1,1.0
2024-11-27 11:00,0.1953,0.1953,0.1953,1,1.0
2024-11-27 14:00,0.194,0.194,0.194,1,1.0
2024-11-27 17:00,0.1941,0.1941,0.1941,1,1.0
2024-11-27 20:00,0.1948,0.1948,0.1948,1,1.0
2024-11-27 23:00,0.1953,0.1953,0.1953,1,1.0
2024-11-28 02:00,0.1957,0.1957,0.1957,1,1.0
2024-11-28 05:00,0.1963,0.1963,0.1963,1,1.0
2024-11-28 08:00,0.1974,0.1974,0.1974,1,1.0
2024-11-28 11:00,0.1971,0.1971,0.1971,1,1.0
2024-11-28 14:00,0.1964,0.1964,0.1964,1,1.0
2024-11-28 17:00,0.1973,0.1973,0.1973,1,1.0
2024-11-28 20:00,0.1973,0.1973,0.1973,1,1.0
2024-11-28 23:00,0.1974,0.1974,0.1974,1,1.0
2024-11-29 02:00,0.1974,0.1974,0.1974,1,1.0
2024-11-29 05:00,0.1974,0.1974,0.1974,1,1.0
2024-11-29 08:00,0.1972,0.1972,0.1972,1,1.0
2024-11-29 11:00,0.203,0.203,0.203,1,1.0
2024-11-29 14:00,0.2423,0.2423,0.2423,1,1.0
2024-11-29 17:00,0.2577,0.2577,0.2577,1,1.0
2024-11-29 20:00,0.2414,0.2414,0.2414,1,1.0
2024-11-29 23:00,0.2328,0.2328,0.2328,1,1.0
2024-11-30 02:00,0.2282,0.2282,0.2282,1,1.0
2024-11-30 05:00,0.2246,0.2246,0.2246,1,1.0
2024-11-30 08:00,0.2233,0.2233,0.2233,1,1.0
2024-11-30 11:00,0.2204,0.2204,0.2204,1,1.0
2024-11-30 14:00,0.2155,0.2155,0.2155,1,1.0
2024-11-30 17:00,0.2121,0.2121,0.2121,1,1.0
2024-11-30 20:00,0.2109,0.2109,0.2109,1,1.0
2024-11-30 23:00,0.2102,0.2102,0.2102,1,1.0
2024-12-01 02:00,0.2096,0.2096,0.2096,1,1.0
2024-12-01 05:00,0.2094,0.2094,0.2094,1,1.0
2024-12-01 08:00,0.2118,0.2118,0.2118,1,1.0
2024-12-01 11:00,0.2096,0.2096,0.2096,1,1.0
2024-12-01 14:00,0.2066,0.2066,0.2066,1,1.0
2024-12-01 17:00,0.2046,0.2046,0.2046,1,1.0
2024-12-01 20:00,0.2046,0.2046,0.2046,1,1.0
2024-12-01 23:00,0.2047,0.2047,0.2047,1,1.0
2024-12-02 02:00,0.2063,0.2063,0.2063,1,1.0
2024-12-02 05:00,0.2071,0.2071,0.2071,1,1.0
2024-12-02 08:00,0.2063,0.2063,0.2063,1,1.0
2024-12-02 11:00,0.2038,0.2038,0.2038,1,1.0
2024-12-02 14:00,0.2012,0.2012,0.2012,1,1.0
2024-12-02 17:00,0.2002,0.2002,0.2002,1,1.0
2024-12-02 20:00,0.1998,0.1998,0.1998,1,1.0
2024-12-02 23:00,0.1996,0.1996,0.1996,1,1.0
2024-12-03 02:00,0.1996,0.1996,0.1996,1,1.0
2024-12-03 05:00,0.1998,0.1998,0.1998,1,1.0
2024-12-03 08:00,0.2013,0.2013,0.2013,1,1.0
2024-12-03 11:00,0.2044,0.2044,0.2044,1,1.0
2024-12-03 14:00,0.2055,0.2055,0.2055,1,1.0
2024-12-03 17:00,0.2161,0.2161,0.2161,1,1.0
2024-12-03 20:00,0.2527,0.2527,0.2527,1,1.0
2024-12-03 23:00,0.2439,0.2439,0.2439,1,1.0
2024-12-04 02:00,0.2658,0.2658,0.2658,1,1.0
2024-12-04 05:00,0.2854,0.2854,0.2854,1,1.0
2024-12-04 08:00,0.2689,0.2689,0.2689,1,1.0
2024-12-04 11:00,0.2589,0.2589,0.2589,1,1.0
2024-12-04 14:00,0.251,0.251,0.251,1,1.0
2024-12-04 17:00,0.2465,0.2465,0.2465,1,1.0
2024-12-04 20:00,0.2448,0.2448,0.2448,1,1.0
2024-12-04 23:00,0.2507,0.2507,0.2507,1,1.0
2024-12-05 02:00,0.2661,0.2661,0.2661,1,1.0
2024-12-05 05:00,0.2593,0.2593,0.2593,1,1.0
2024-12-05 08:00,0.2503,0.2503,0.2503,1,1.0
2024-12-05 11:00,0.2443,0.2443,0.2443,1,1.0
2024-12-05 14:00,0.2378,0.2378,0.2378,1,1.0
2024-12-05 17:00,0.2334,0.2334,0.2334,1,1.0
2024-12-05 20:00,0.231,0.231,0.231,1,1.0
2024-12-05 23:00,0.2292,0.2292,0.2292,1,1.0
2024-12-06 02:00,0.2347,0.2347,0.2347,1,1.0
2024-12-06 05:00,0.2379,0.2379,0.2379,1,1.0
2024-12-06 08:00,0.2352,0.2352,0.2352,1,1.0
2024-12-06 11:00,0.2317,0.2317,0.2317,1,1.0
2024-12-06 14:00,0.2269,0.2269,0.2269,1,1.0
2024-12-06 17:00,0.2252,0.2252,0.2252,1,1.0
2024-12-06 20:00,0.2243,0.2243,0.2243,1,1.0
2024-12-06 23:00,0.2238,0.2238,0.2238,1,1.0
2024-12-07 02:00,0.2276,0.2276,0.2276,1,1.0
2024-12-07 05:00,0.2362,0.2362,0.2362,1,1.0
2024-12-07 08:00,0.2355,0.2355,0.2355,1,1.0
2024-12-07 11:00,0.2309,0.2309,0.2309,1,1.0
2024-12-07 14:00,0.2262,0.2262,0.2262,1,1.0
2024-12-07 17:00,0.224,0.224,0.224,1,1.0
2024-12-07 20:00,0.2232,0.2232,0.2232,1,1.0
2024-12-07 23:00,0.2228,0.2228,0.2228,1,1.0
2024-12-08 02:00,0.2265,0.2265,0.2265,1,1.0
2024-12-08 05:00,0.3317,0.3317,0.3317,1,1.0
2024-12-08 08:00,0.3002,0.3002,0.3002,1,1.0
2024-12-08 11:00,0.2813,0.2813,0.2813,1,1.0
2024-12-08 14:00,0.2896,0.2896,0.2896,1,1.0
2024-12-08 17:00,0.3183,0.3183,0.3183,1,1.0
2024-12-08 20:00,0.3231,0.3231,0.3231,1,1.0
2024-12-08 23:00,0.3081,0.3081,0.3081,1,1.0
2024-12-09 02:00,0.2986,0.2986,0.2986,1,1.0
2024-12-09 05:00,0.2939,0.2939,0.2939,1,1.0
2024-12-09 08:00,0.3134,0.3134,0.3134,1,1.0
2024-12-09 11:00,0.3179,0.3179,0.3179,1,1.0
2024-12-09 14:00,0.3111,0.3111,0.3111,1,1.0
2024-12-09 17:00,0.3088,0.3088,0.3088,1,1.0
2024-12-09 20:00,0.309,0.309,0.309,1,1.0
2024-12-09 23:00,0.3375,0.3375,0.3375,1,1.0
2024-12-10 02:00,0.3786,0.3786,0.3786,1,1.0
2024-12-10 05:00,0.35,0.35,0.35,1,1.0
2024-12-10 08:00,0.3364,0.3364,0.3364,1,1.0
2024-12-10 11:00,0.3246,0.3246,0.3246,1,1.0
2024-12-10 14:00,0.3245,0.3245,0.3245,1,1.0
2024-12-10 17:00,0.3193,0.3193,0.3193,1,1.0
2024-12-10 20:00,0.3214,0.3214,0.3214,1,1.0
2024-12-10 23:00,0.3241,0.3241,0.3241,1,1.0
2024-12-11 02:00,0.3246,0.3246,0.3246,1,1.0
2024-12-11 05:00,0.3246,0.3246,0.3246,1,1.0
2024-12-11 08:00,0.319,0.319,0.319,1,1.0
2024-12-11 11:00,0.318,0.318,0.318,1,1.0
2024-12-11 14:00,0.3131,0.3131,0.3131,1,1.0
2024-12-11 17:00,0.3101,0.3101,0.3101,1,1.0
2024-12-11 20:00,0.3075,0.3075,0.3075,1,1.0
2024-12-11 23:00,0.3059,0.3059,0.3059,1,1.0
2024-12-12 02:00,0.3107,0.3107,0.3107,1,1.0
2024-12-12 05:00,0.3115,0.3115,0.3115,1,1.0
2024-12-12 08:00,0.3072,0.3072,0.3072,1,1.0
2024-12-12 11:00,0.3017,0.3017,0.3017,1,1.0
2024-12-12 14:00,0.2949,0.2949,0.2949,1,1.0
2024-12-12 17:00,0.292,0.292,0.292,1,1.0
2024-12-12 20:00,0.2886,0.2886,0.2886,1,1.0
2024-12-12 23:00,0.2874,0.2874,0.2874,1,1.0
2024-12-13 02:00,0.2969,0.2969,0.2969,1,1.0
2024-12-13 05:00,0.3021,0.3021,0.3021,1,1.0
2024-12-13 08:00,0.2991,0.2991,0.2991,1,1.0
2024-12-13 11:00,0.2943,0.2943,0.2943,1,1.0
2024-12-13 14:00,0.2888,0.2888,0.2888,1,1.0
2024-12-13 17:00,0.2864,0.2864,0.2864,1,1.0
2024-12-13 20:00,0.2878,0.2878,0.2878,1,1.0
2024-12-13 23:00,0.3108,0.3108,0.3108,1,1.0
2024-12-14 02:00,0.3326,0.3326,0.3326,1,1.0
2024-12-14 05:00,0.3216,0.3216,0.3216,1,1.0
2024-12-14 08:00,0.3159,0.3159,0.3159,1,1.0
2024-12-14 11:00,0.3171,0.3171,0.3171,1,1.0
2024-12-14 14:00,0.3234,0.3234,0.3234,1,1.0
2024-12-14 17:00,0.3277,0.3277,0.3277,1,1.0
2024-12-14 20:00,0.3231,0.3231,0.3231,1,1.0
2024-12-14 23:00,0.3194,0.3194,0.3194,1,1.0
2024-12-15 02:00,0.3164,0.3164,0.3164,1,1.0
2024-12-15 05:00,0.3133,0.3133,0.3133,1,1.0
2024-12-15 08:00,0.3144,0.3144,0.3144,1,1.0
2024-12-15 11:00,0.3169,0.3169,0.3169,1,1.0
2024-12-15 14:00,0.3166,0.3166,0.3166,1,1.0
2024-12-15 17:00,0.3132,0.3132,0.3132,1,1.0
2024-12-15 20:00,0.3092,0.3092,0.3092,1,1.0
2024-12-15 23:00,0.3064,0.3064,0.3064,1,1.0
2024-12-16 02:00,0.3056,0.3056,0.3056,1,1.0
2024-12-16 05:00,0.3052,0.3052,0.3052,1,1.0
2024-12-16 08:00,0.3041,0.3041,0.3041,1,1.0
2024-12-16 11:00,0.3,0.3,0.3,1,1.0
2024-12-16 14:00,0.294,0.294,0.294,1,1.0
2024-12-16 17:00,0.2919,0.2919,0.2919,1,1.0
2024-12-16 20:00,0.2912,0.2912,0.2912,1,1.0
2024-12-16 23:00,0.2907,0.2907,0.2907,1,1.0
2024-12-17 02:00,0.2908,0.2908,0.2908,1,1.0
2024-12-17 05:00,0.2913,0.2913,0.2913,1,1.0
2024-12-17 08:00,0.2916,0.2916,0.2916,1,1.0
2024-12-17 11:00,0.2898,0.2898,0.2898,1,1.0
2024-12-17 14:00,0.2858,0.2858,0.2858,1,1.0
2024-12-17 17:00,0.2853,0.2853,0.2853,1,1.0
2024-12-17 20:00,0.2863,0.2863,0.2863,1,1.0
2024-12-17 23:00,0.2872,0.2872,0.2872,1,1.0
2024-12-18 02:00,0.2883,0.2883,0.2883,1,1.0
2024-12-18 05:00,0.2892,0.2892,0.2892,1,1.0
2024-12-18 08:00,0.2901,0.2901,0.2901,1,1.0
2024-12-18 11:00,0.2892,0.2892,0.2892,1,1.0
2024-12-18 14:00,0.2872,0.2872,0.2872,1,1.0
2024-12-18 17:00,0.2868,0.2868,0.2868,1,1.0
2024-12-18 20:00,0.2868,0.2868,0.2868,1,1.0
2024-12-18 23:00,0.2878,0.2878,0.2878,1,1.0
2024-12-19 02:00,0.2928,0.2928,0.2928,1,1.0
2024-12-19 05:00,0.2951,0.2951,0.2951,1,1.0
2024-12-19 08:00,0.2969,0.2969,0.2969,1,1.0
2024-12-19 11:00,0.2956,0.2956,0.2956,1,1.0
2024-12-19 14:00,0.2917,0.2917,0.2917,1,1.0
2024-12-19 17:00,0.2925,0.2925,0.2925,1,1.0
2024-12-19 20:00,0.2918,0.2918,0.2918,1,1.0
2024-12-19 23:00,0.2932,0.2932,0.2932,1,1.0
2024-12-20 02:00,0.3002,0.3002,0.3002,1,1.0
2024-12-20 05:00,0.3119,0.3119,0.3119,1,1.0
2024-12-20 08:00,0.3083,0.3083,0.3083,1,1.0
2024-12-20 11:00,0.3005,0.3005,0.3005,1,1.0
2024-12-20 14:00,0.2993,0.2993,0.2993,1,1.0
2024-12-20 17:00,0.3104,0.3104,0.3104,1,1.0
2024-12-20 20:00,0.3116,0.3116,0.3116,1,1.0
2024-12-20 23:00,0.3064,0.3064,0.3064,1,1.0
2024-12-21 02:00,0.3035,0.3035,0.3035,1,1.0
2024-12-21 05:00,0.301,0.301,0.301,1,1.0
2024-12-21 08:00,0.299,0.299,0.299,1,1.0
2024-12-21 11:00,0.2943,0.2943,0.2943,1,1.0
2024-12-21 14:00,0.2897,0.2897,0.2897,1,1.0
2024-12-21 17:00,0.2886,0.2886,0.2886,1,1.0
2024-12-21 20:00,0.2881,0.2881,0.2881,1,1.0
2024-12-21 23:00,0.2873,0.2873,0.2873,1,1.0
2024-12-22 02:00,0.2868,0.2868,0.2868,1,1.0
2024-12-22 05:00,0.287,0.287,0.287,1,1.0
2024-12-22 08:00,0.2872,0.2872,0.2872,1,1.0
2024-12-22 11:00,0.2845,0.2845,0.2845,1,1.0
2024-12-22 14:00,0.2806,0.2806,0.2806,1,1.0
2024-12-22 17:00,0.2811,0.2811,0.2811,1,1.0
2024-12-22 20:00,0.3097,0.3097,0.3097,1,1.0
2024-12-22 23:00,0.3589,0.3589,0.3589,1,1.0
2024-12-23 02:00,0.3626,0.3626,0.3626,1,1.0
2024-12-23 05:00,0.3415,0.3415,0.3415,1,1.0
2024-12-23 08:00,0.3396,0.3396,0.3396,1,1.0
2024-12-23 11:00,0.3349,0.3349,0.3349,1,1.0
2024-12-23 14:00,0.333,0.333,0.333,1,1.0
2024-12-23 17:00,0.3347,0.3347,0.3347,1,1.0
2024-12-23 20:00,0.326,0.326,0.326,1,1.0
2024-12-23 23:00,0.3258,0.3258,0.3258,1,1.0
2024-12-24 02:00,0.3241,0.3241,0.3241,1,1.0
2024-12-24 05:00,0.3187,0.3187,0.3187,1,1.0
2024-12-24 08:00,0.3137,0.3137,0.3137,1,1.0
2024-12-24 11:00,0.3082,0.3082,0.3082,1,1.0
2024-12-24 14:00,0.3023,0.3023,0.3023,1,1.0
2024-12-24 17:00,0.2984,0.2984,0.2984,1,1.0
2024-12-24 20:00,0.3004,0.3004,0.3004,1,1.0
2024-12-24 23:00,0.3034,0.3034,0.3034,1,1.0
2024-12-25 02:00,0.3033,0.3033,0.3033,1,1.0
2024-12-25 05:00,0.3043,0.3043,0.3043,1,1.0
2024-12-25 08:00,0.3025,0.3025,0.3025,1,1.0
2024-12-25 11:00,0.2978,0.2978,0.2978,1,1.0
2024-12-25 14:00,0.2925,0.2925,0.2925,1,1.0
2024-12-25 17:00,0.2902,0.2902,0.2902,1,1.0
2024-12-25 20:00,0.2917,0.2917,0.2917,1,1.0
2024-12-25 23:00,0.2911,0.2911,0.2911,1,1.0
2024-12-26 02:00,0.2922,0.2922,0.2922,1,1.0
2024-12-26 05:00,0.2935,0.2935,0.2935,1,1.0
2024-12-26 08:00,0.2923,0.2923,0.2923,1,1.0
2024-12-26 11:00,0.2875,0.2875,0.2875,1,1.0
2024-12-26 14:00,0.2822,0.2822,0.2822,1,1.0
2024-12-26 17:00,0.2816,0.2816,0.2816,1,1.0
2024-12-26 20:00,0.2829,0.2829,0.2829,1,1.0
2024-12-26 23:00,0.2844,0.2844,0.2844,1,1.0
2024-12-27 02:00,0.2864,0.2864,0.2864,1,1.0
2024-12-27 05:00,0.2884,0.2884,0.2884,1,1.0
2024-12-27 08:00,0.2918,0.2918,0.2918,1,1.0
2024-12-27 11:00,0.2902,0.2902,0.2902,1,1.0
2024-12-27 14:00,0.286,0.286,0.286,1,1.0
2024-12-27 17:00,0.2874,0.2874,0.2874,1,1.0
2024-12-27 20:00,0.288,0.288,0.288,1,1.0
2024-12-27 23:00,0.2894,0.2894,0.2894,1,1.0
2024-12-28 02:00,0.2913,0.2913,0.2913,1,1.0
2024-12-28 05:00,0.2928,0.2928,0.2928,1,1.0
2024-12-28 08:00,0.2938,0.2938,0.2938,1,1.0
2024-12-28 11:00,0.2917,0.2917,0.2917,1,1.0
2024-12-28 14:00,0.289,0.289,0.289,1,1.0
2024-12-28 17:00,0.2895,0.2895,0.2895,1,1.0
2024-12-28 20:00,0.2895,0.2895,0.2895,1,1.0
2024-12-28 23:00,0.2903,0.2903,0.2903,1,1.0
2024-12-29 02:00,0.2912,0.2912,0.2912,1,1.0
2024-12-29 05:00,0.2923,0.2923,0.2923,1,1.0
2024-12-29 08:00,0.293,0.293,0.293,1,1.0
2024-12-29 11:00,0.291,0.291,0.291,1,1.0
2024-12-29 14:00,0.2885,0.2885,0.2885,1,1.0
2024-12-29 17:00,0.2887,0.2887,0.2887,1,1.0
2024-12-29 20:00,0.2897,0.2897,0.2897,1,1.0
2024-12-29 23:00,0.291,0.291,0.291,1,1.0
2024-12-30 02:00,0.2925,0.2925,0.2925,1,1.0
2024-12-30 05:00,0.2936,0.2936,0.2936,1,1.0
2024-12-30 08:00,0.2949,0.2949,0.2949,1,1.0
2024-12-30 11:00,0.2938,0.2938,0.2938,1,1.0
2024-12-30 14:00,0.2914,0.2914,0.2914,1,1.0
2024-12-30 17:00,0.2903,0.2903,0.2903,1,1.0
2024-12-30 20:00,0.2915,0.2915,0.2915,1,1.0
2024-12-30 23:00,0.2929,0.2929,0.2929,1,1.0
2024-12-31 02:00,0.2937,0.2937,0.2937,1,1.0
2024-12-31 05:00,0.2945,0.2945,0.2945,1,1.0
2024-12-31 08:00,0.2953,0.2953,0.2953,1,1.0
2024-12-31 11:00,0.2947,0.2947,0.2947,1,1.0
2024-12-31 14:00,0.2928,0.2928,0.2928,1,1.0
2024-12-31 17:00,0.293,0.293,0.293,1,1.0
2024-12-31 20:00,0.2946,0.2946,0.2946,1,1.0
2024-12-31 23:00,0.2959,0.2959,0.2959,1,1.0
