time,value,flag
2026-01-01 00:00,1190.68,0
2026-01-01 01:00,0.0,0
2026-01-01 02:00,0.0,0
2026-01-01 03:00,0.0,0
2026-01-01 04:00,0.0,0
2026-01-01 05:00,0.0,0
2026-01-01 06:00,0.0,0
2026-01-01 07:00,0.0,0
2026-01-01 08:00,0.0,0
2026-01-01 09:00,0.0,0
2026-01-01 10:00,0.0,0
2026-01-01 11:00,0.0,0
2026-01-01 12:00,0.0,0
2026-01-01 13:00,0.0,0
2026-01-01 14:00,0.0,0
2026-01-01 15:00,0.0,0
2026-01-01 16:00,0.0,0
2026-01-01 17:00,0.0,0
2026-01-01 18:00,0.0,0
2026-01-01 19:00,0.0,0
2026-01-01 20:00,0.0,0
2026-01-01 21:00,0.0,0
2026-01-01 22:00,0.0,0
2026-01-01 23:00,0.07,0
2026-01-02 00:00,0.65,0
2026-01-02 01:00,1.68,0
2026-01-02 02:00,3.38,0
2026-01-02 03:00,4.76,0
2026-01-02 04:00,6.22,0
2026-01-02 05:00,7.53,0
2026-01-02 06:00,9.14,0
2026-01-02 07:00,10.12,0
2026-01-02 08:00,10.78,0
2026-01-02 09:00,11.34,0
2026-01-02 10:00,11.67,0
2026-01-02 11:00,12.06,0
2026-01-02 12:00,12.31,0
2026-01-02 13:00,12.42,0
2026-01-02 14:00,12.57,0
2026-01-02 15:00,12.69,0
2026-01-02 16:00,12.8,0
2026-01-02 17:00,13.01,0
2026-01-02 18:00,13.34,0
2026-01-02 19:00,13.73,0
2026-01-02 20:00,14.36,0
2026-01-02 21:00,14.69,0
2026-01-02 22:00,14.99,0
2026-01-02 23:00,15.16,0
2026-01-03 00:00,15.36,0
2026-01-03 01:00,15.57,0
2026-01-03 02:00,16.04,0
2026-01-03 03:00,16.44,0
2026-01-03 04:00,16.84,0
2026-01-03 05:00,17.24,0
2026-01-03 06:00,17.51,0
2026-01-03 07:00,17.8,0
2026-01-03 08:00,18.2,0
2026-01-03 09:00,19.13,0
2026-01-03 10:00,20.37,0
2026-01-03 11:00,21.95,0
2026-01-03 12:00,23.71,0
2026-01-03 13:00,25.61,0
2026-01-03 14:00,27.31,0
2026-01-03 15:00,28.52,0
2026-01-03 16:00,29.74,0
2026-01-03 17:00,30.43,0
2026-01-03 18:00,30.75,0
2026-01-03 19:00,31.07,0
2026-01-03 20:00,31.42,0
2026-01-03 21:00,31.72,0
2026-01-03 22:00,31.98,0
2026-01-03 23:00,32.59,0
2026-01-04 00:00,33.14,0
2026-01-04 01:00,33.63,0
2026-01-04 02:00,34.09,0
2026-01-04 03:00,34.51,0
2026-01-04 04:00,34.93,0
2026-01-04 05:00,35.28,0
2026-01-04 06:00,35.52,0
2026-01-04 07:00,35.71,0
2026-01-04 08:00,36.69,0
2026-01-04 09:00,37.83,0
2026-01-04 10:00,38.26,0
2026-01-04 11:00,38.43,0
2026-01-04 12:00,38.64,0
2026-01-04 13:00,38.88,0
2026-01-04 14:00,39.21,0
2026-01-04 15:00,39.84,0
2026-01-04 16:00,40.79,0
2026-01-04 17:00,41.88,0
2026-01-04 18:00,42.81,0
2026-01-04 19:00,43.67,0
2026-01-04 20:00,44.16,0
2026-01-04 21:00,44.79,0
2026-01-04 22:00,45.4,0
2026-01-04 23:00,46.02,0
2026-01-05 00:00,46.71,0
2026-01-05 01:00,48.29,0
2026-01-05 02:00,49.86,0
2026-01-05 03:00,51.14,0
2026-01-05 04:00,52.23,0
2026-01-05 05:00,53.38,0
2026-01-05 06:00,53.91,0
2026-01-05 07:00,54.23,0
2026-01-05 08:00,54.6,0
2026-01-05 09:00,54.92,0
2026-01-05 10:00,55.03,0
2026-01-05 11:00,55.16,0
2026-01-05 12:00,55.22,0
2026-01-05 13:00,55.26,0
2026-01-05 14:00,55.45,0
2026-01-05 15:00,55.54,0
2026-01-05 16:00,55.58,0
2026-01-05 17:00,55.61,0
2026-01-05 18:00,55.63,0
2026-01-05 19:00,55.68,0
2026-01-05 20:00,55.85,0
2026-01-05 21:00,55.94,0
2026-01-05 22:00,55.98,0
2026-01-05 23:00,56.04,0
2026-01-06 00:00,56.07,0
2026-01-06 01:00,56.12,0
2026-01-06 02:00,56.31,0
2026-01-06 03:00,56.66,0
2026-01-06 04:00,57.48,0
2026-01-06 05:00,58.68,0
2026-01-06 06:00,59.75,0
2026-01-06 07:00,60.57,0
2026-01-06 08:00,61.79,0
2026-01-06 09:00,62.64,0
2026-01-06 10:00,62.71,0
2026-01-06 11:00,62.77,0
2026-01-06 12:00,62.96,0
2026-01-06 13:00,65.49,0
2026-01-06 14:00,67.19,0
2026-01-06 15:00,69.19,0
2026-01-06 16:00,72.03,0
2026-01-06 17:00,74.57,0
2026-01-06 18:00,77.94,0
2026-01-06 19:00,81.66,0
2026-01-06 20:00,85.0,0
2026-01-06 21:00,86.1,0
2026-01-06 22:00,86.84,0
2026-01-06 23:00,87.29,0
2026-01-07 00:00,87.51,0
2026-01-07 01:00,87.67,0
2026-01-07 02:00,87.78,0
2026-01-07 03:00,87.86,0
2026-01-07 04:00,87.91,0
2026-01-07 05:00,87.99,0
2026-01-07 06:00,88.09,0
2026-01-07 07:00,88.29,0
2026-01-07 08:00,88.69,0
2026-01-07 09:00,89.17,0
2026-01-07 10:00,90.02,0
2026-01-07 11:00,90.97,0
2026-01-07 12:00,91.82,0
2026-01-07 13:00,92.57,0
2026-01-07 14:00,93.35,0
2026-01-07 15:00,94.03,0
2026-01-07 16:00,94.72,0
2026-01-07 17:00,95.78,0
2026-01-07 18:00,96.98,0
2026-01-07 19:00,97.89,0
2026-01-07 20:00,98.67,0
2026-01-07 21:00,99.14,0
2026-01-07 22:00,100.2,0
2026-01-07 23:00,100.97,0
2026-01-08 00:00,101.59,0
2026-01-08 01:00,101.83,0
2026-01-08 02:00,101.93,0
2026-01-08 03:00,102.05,0
2026-01-08 04:00,102.12,0
2026-01-08 05:00,102.13,0
2026-01-08 06:00,102.14,0
2026-01-08 07:00,102.14,0
2026-01-08 08:00,102.14,0
2026-01-08 09:00,102.14,0
2026-01-08 10:00,102.14,0
2026-01-08 11:00,102.14,0
2026-01-08 12:00,102.14,0
2026-01-08 13:00,102.14,0
2026-01-08 14:00,102.14,0
2026-01-08 15:00,102.14,0
2026-01-08 16:00,102.14,0
2026-01-08 17:00,102.14,0
2026-01-08 18:00,102.14,0
2026-01-08 19:00,102.14,0
2026-01-08 20:00,102.14,0
2026-01-08 21:00,102.14,0
2026-01-08 22:00,102.15,0
2026-01-08 23:00,102.24,0
2026-01-09 00:00,102.55,0
2026-01-09 01:00,103.12,0
2026-01-09 02:00,103.74,0
2026-01-09 03:00,104.94,0
2026-01-09 04:00,106.0,0
2026-01-09 05:00,106.93,0
2026-01-09 06:00,107.65,0
2026-01-09 07:00,108.03,0
2026-01-09 08:00,108.26,0
2026-01-09 09:00,108.4,0
2026-01-09 10:00,108.98,0
2026-01-09 11:00,109.68,0
2026-01-09 12:00,110.13,0
2026-01-09 13:00,110.39,0
2026-01-09 14:00,110.78,0
2026-01-09 15:00,111.33,0
2026-01-09 16:00,112.08,0
2026-01-09 17:00,113.25,0
2026-01-09 18:00,114.24,0
2026-01-09 19:00,114.78,0
2026-01-09 20:00,115.15,0
2026-01-09 21:00,115.5,0
2026-01-09 22:00,116.28,0
2026-01-09 23:00,117.54,0
2026-01-10 00:00,119.97,0
2026-01-10 01:00,122.0,0
2026-01-10 02:00,123.81,0
2026-01-10 03:00,125.14,0
2026-01-10 04:00,126.91,0
2026-01-10 05:00,128.23,0
2026-01-10 06:00,129.63,0
2026-01-10 07:00,131.94,0
2026-01-10 08:00,134.32,0
2026-01-10 09:00,136.56,0
2026-01-10 10:00,138.48,0
2026-01-10 11:00,140.06,0
2026-01-10 12:00,141.65,0
2026-01-10 13:00,143.06,0
2026-01-10 14:00,144.25,0
2026-01-10 15:00,145.5,0
2026-01-10 16:00,146.72,0
2026-01-10 17:00,147.77,0
2026-01-10 18:00,148.59,0
2026-01-10 19:00,148.86,0
2026-01-10 20:00,148.87,0
2026-01-10 21:00,148.87,0
2026-01-10 22:00,148.87,0
2026-01-10 23:00,148.87,0
2026-01-11 00:00,148.87,0
2026-01-11 01:00,148.87,0
2026-01-11 02:00,148.87,0
2026-01-11 03:00,148.87,0
2026-01-11 04:00,148.87,0
2026-01-11 05:00,148.87,0
2026-01-11 06:00,148.87,0
2026-01-11 07:00,148.87,0
2026-01-11 08:00,148.87,0
2026-01-11 09:00,148.87,0
2026-01-11 10:00,148.87,0
2026-01-11 11:00,148.87,0
2026-01-11 12:00,148.87,0
2026-01-11 13:00,148.87,0
2026-01-11 14:00,148.87,0
2026-01-11 15:00,148.87,0
2026-01-11 16:00,148.87,0
2026-01-11 17:00,148.87,0
2026-01-11 18:00,148.87,0
2026-01-11 19:00,148.87,0
2026-01-11 20:00,148.87,0
2026-01-11 21:00,148.87,0
2026-01-11 22:00,148.87,0
2026-01-11 23:00,148.87,0
2026-01-12 00:00,148.87,0
2026-01-12 01:00,148.87,0
2026-01-12 02:00,148.87,0
2026-01-12 03:00,148.87,0
2026-01-12 04:00,148.87,0
2026-01-12 05:00,148.87,0
2026-01-12 06:00,148.87,0
2026-01-12 07:00,148.87,0
2026-01-12 08:00,148.87,0
2026-01-12 09:00,148.87,0
2026-01-12 10:00,148.87,0
2026-01-12 11:00,148.87,0
2026-01-12 12:00,148.87,0
2026-01-12 13:00,148.87,0
2026-01-12 14:00,148.87,0
2026-01-12 15:00,148.87,0
2026-01-12 16:00,148.87,0
2026-01-12 17:00,148.87,0
2026-01-12 18:00,148.87,0
2026-01-12 19:00,148.87,0
2026-01-12 20:00,148.87,0
2026-01-12 21:00,148.87,0
2026-01-12 22:00,148.87,0
2026-01-12 23:00,148.87,0
2026-01-13 00:00,148.87,0
2026-01-13 01:00,148.87,0
2026-01-13 02:00,148.87,0
2026-01-13 03:00,148.87,0
2026-01-13 04:00,148.87,0
2026-01-13 05:00,148.89,0
2026-01-13 06:00,148.89,0
2026-01-13 07:00,148.9,0
2026-01-13 08:00,148.91,0
2026-01-13 09:00,148.91,0
2026-01-13 10:00,148.91,0
2026-01-13 11:00,148.92,0
2026-01-13 12:00,148.93,0
2026-01-13 13:00,148.93,0
2026-01-13 14:00,148.93,0
2026-01-13 15:00,148.93,0
2026-01-13 16:00,148.94,0
2026-01-13 17:00,148.94,0
2026-01-13 18:00,148.94,0
2026-01-13 19:00,148.94,0
2026-01-13 20:00,148.94,0
2026-01-13 21:00,148.94,0
2026-01-13 22:00,148.95,0
2026-01-13 23:00,148.95,0
2026-01-14 00:00,148.95,0
2026-01-14 01:00,148.96,0
2026-01-14 02:00,148.96,0
2026-01-14 03:00,148.96,0
2026-01-14 04:00,148.96,0
2026-01-14 05:00,148.96,0
2026-01-14 06:00,148.96,0
2026-01-14 07:00,148.96,0
2026-01-14 08:00,148.96,0
2026-01-14 09:00,148.96,0
2026-01-14 10:00,148.96,0
2026-01-14 11:00,148.96,0
2026-01-14 12:00,148.96,0
2026-01-14 13:00,148.96,0
2026-01-14 14:00,148.96,0
2026-01-14 15:00,148.96,0
2026-01-14 16:00,148.96,0
2026-01-14 17:00,148.96,0
2026-01-14 18:00,148.96,0
2026-01-14 19:00,148.96,0
2026-01-14 20:00,148.96,0
2026-01-14 21:00,148.96,0
2026-01-14 22:00,148.96,0
2026-01-14 23:00,148.96,0
2026-01-15 00:00,148.96,0
2026-01-15 01:00,148.96,0
2026-01-15 02:00,148.96,0
2026-01-15 03:00,148.96,0
2026-01-15 04:00,148.96,0
2026-01-15 05:00,148.96,0
2026-01-15 06:00,148.96,0
2026-01-15 07:00,148.96,0
2026-01-15 08:00,148.96,0
2026-01-15 09:00,148.96,0
2026-01-15 10:00,148.96,0
2026-01-15 11:00,148.96,0
2026-01-15 12:00,148.96,0
2026-01-15 13:00,148.96,0
2026-01-15 14:00,148.96,0
2026-01-15 15:00,148.96,0
2026-01-15 16:00,148.96,0
2026-01-15 17:00,148.96,0
2026-01-15 18:00,148.96,0
2026-01-15 19:00,148.96,0
2026-01-15 20:00,148.96,0
2026-01-15 21:00,148.96,0
2026-01-15 22:00,148.96,0
2026-01-15 23:00,148.96,0
2026-01-16 00:00,148.96,0
2026-01-16 01:00,148.96,0
2026-01-16 02:00,148.96,0
2026-01-16 03:00,148.96,0
2026-01-16 04:00,148.96,0
2026-01-16 05:00,148.96,0
2026-01-16 06:00,148.96,0
2026-01-16 07:00,148.96,0
2026-01-16 08:00,148.96,0
2026-01-16 09:00,148.96,0
2026-01-16 10:00,148.96,0
2026-01-16 11:00,148.96,0
2026-01-16 12:00,148.96,0
2026-01-16 13:00,148.96,0
2026-01-16 14:00,148.96,0
2026-01-16 15:00,148.96,0
2026-01-16 16:00,148.96,0
2026-01-16 17:00,148.96,0
2026-01-16 18:00,148.96,0
2026-01-16 19:00,148.96,0
2026-01-16 20:00,148.96,0
2026-01-16 21:00,148.96,0
2026-01-16 22:00,148.96,0
2026-01-16 23:00,148.96,0
2026-01-17 00:00,148.96,0
2026-01-17 01:00,148.96,0
2026-01-17 02:00,148.96,0
2026-01-17 03:00,148.96,0
2026-01-17 04:00,148.96,0
2026-01-17 05:00,148.96,0
2026-01-17 06:00,148.96,0
2026-01-17 07:00,148.96,0
2026-01-17 08:00,148.96,0
2026-01-17 09:00,148.96,0
2026-01-17 10:00,148.96,0
2026-01-17 11:00,148.96,0
2026-01-17 12:00,148.96,0
2026-01-17 13:00,148.96,0
2026-01-17 14:00,148.96,0
2026-01-17 15:00,148.96,0
2026-01-17 16:00,148.96,0
2026-01-17 17:00,148.96,0
2026-01-17 18:00,148.97,0
2026-01-17 19:00,148.97,0
2026-01-17 20:00,148.97,0
2026-01-17 21:00,148.97,0
2026-01-17 22:00,148.97,0
2026-01-17 23:00,148.97,0
2026-01-18 00:00,148.97,0
2026-01-18 01:00,148.97,0
2026-01-18 02:00,148.97,0
2026-01-18 03:00,148.97,0
2026-01-18 04:00,148.97,0
2026-01-18 05:00,148.97,0
2026-01-18 06:00,148.97,0
2026-01-18 07:00,148.97,0
2026-01-18 08:00,148.97,0
2026-01-18 09:00,148.97,0
2026-01-18 10:00,148.97,0
2026-01-18 11:00,148.97,0
2026-01-18 12:00,148.97,0
2026-01-18 13:00,148.97,0
2026-01-18 14:00,148.97,0
2026-01-18 15:00,148.97,0
2026-01-18 16:00,148.97,0
2026-01-18 17:00,148.97,0
2026-01-18 18:00,148.97,0
2026-01-18 19:00,148.98,0
2026-01-18 20:00,149.32,0
2026-01-18 21:00,149.82,0
2026-01-18 22:00,150.5,0
2026-01-18 23:00,151.1,0
2026-01-19 00:00,151.7,0
2026-01-19 01:00,152.13,0
2026-01-19 02:00,152.59,0
2026-01-19 03:00,153.18,0
2026-01-19 04:00,153.91,0
2026-01-19 05:00,154.67,0
2026-01-19 06:00,155.22,0
2026-01-19 07:00,155.57,0
2026-01-19 08:00,156.0,0
2026-01-19 09:00,156.31,0
2026-01-19 10:00,156.63,0
2026-01-19 11:00,157.25,0
2026-01-19 12:00,158.14,0
2026-01-19 13:00,158.9,0
2026-01-19 14:00,159.43,0
2026-01-19 15:00,159.68,0
2026-01-19 16:00,159.76,0
2026-01-19 17:00,159.77,0
2026-01-19 18:00,159.77,0
2026-01-19 19:00,159.77,0
2026-01-19 20:00,159.77,0
2026-01-19 21:00,159.77,0
2026-01-19 22:00,159.77,0
2026-01-19 23:00,159.77,0
2026-01-20 00:00,159.77,0
2026-01-20 01:00,159.77,0
2026-01-20 02:00,159.77,0
2026-01-20 03:00,159.77,0
2026-01-20 04:00,159.77,0
2026-01-20 05:00,159.77,0
2026-01-20 06:00,159.77,0
2026-01-20 07:00,159.77,0
2026-01-20 08:00,159.77,0
2026-01-20 09:00,159.78,0
2026-01-20 10:00,159.78,0
2026-01-20 11:00,159.78,0
2026-01-20 12:00,159.78,0
2026-01-20 13:00,159.78,0
2026-01-20 14:00,159.78,0
2026-01-20 15:00,159.9,0
2026-01-20 16:00,160.13,0
2026-01-20 17:00,160.39,0
2026-01-20 18:00,160.78,0
2026-01-20 19:00,161.34,0
2026-01-20 20:00,161.77,0
2026-01-20 21:00,162.28,0
2026-01-20 22:00,162.89,0
2026-01-20 23:00,163.44,0
2026-01-21 00:00,163.82,0
2026-01-21 01:00,164.03,0
2026-01-21 02:00,164.12,0
2026-01-21 03:00,164.18,0
2026-01-21 04:00,165.0,0
2026-01-21 05:00,165.55,0
2026-01-21 06:00,165.63,0
2026-01-21 07:00,165.74,0
2026-01-21 08:00,165.86,0
2026-01-21 09:00,165.92,0
2026-01-21 10:00,165.94,0
2026-01-21 11:00,166.06,0
2026-01-21 12:00,166.12,0
2026-01-21 13:00,166.29,0
2026-01-21 14:00,166.44,0
2026-01-21 15:00,166.55,0
2026-01-21 16:00,166.79,0
2026-01-21 17:00,166.88,0
2026-01-21 18:00,166.94,0
2026-01-21 19:00,166.96,0
2026-01-21 20:00,166.96,0
2026-01-21 21:00,166.96,0
2026-01-21 22:00,166.96,0
2026-01-21 23:00,166.96,0
2026-01-22 00:00,166.97,0
2026-01-22 01:00,166.99,0
2026-01-22 02:00,167.01,0
2026-01-22 03:00,167.02,0
2026-01-22 04:00,167.02,0
2026-01-22 05:00,167.02,0
2026-01-22 06:00,167.02,0
2026-01-22 07:00,167.02,0
2026-01-22 08:00,167.03,0
2026-01-22 09:00,167.03,0
2026-01-22 10:00,167.04,0
2026-01-22 11:00,167.04,0
2026-01-22 12:00,167.04,0
2026-01-22 13:00,167.04,0
2026-01-22 14:00,167.04,0
2026-01-22 15:00,167.04,0
2026-01-22 16:00,167.04,0
2026-01-22 17:00,167.04,0
2026-01-22 18:00,167.04,0
2026-01-22 19:00,167.04,0
2026-01-22 20:00,167.15,0
2026-01-22 21:00,167.33,0
2026-01-22 22:00,167.58,0
2026-01-22 23:00,167.72,0
2026-01-23 00:00,167.76,0
2026-01-23 01:00,167.85,0
2026-01-23 02:00,167.9,0
2026-01-23 03:00,168.03,0
2026-01-23 04:00,168.13,0
2026-01-23 05:00,168.21,0
2026-01-23 06:00,168.25,0
2026-01-23 07:00,168.26,0
2026-01-23 08:00,168.27,0
2026-01-23 09:00,168.27,0
2026-01-23 10:00,168.27,0
2026-01-23 11:00,168.27,0
2026-01-23 12:00,168.27,0
2026-01-23 13:00,168.27,0
2026-01-23 14:00,168.27,0
2026-01-23 15:00,168.27,0
2026-01-23 16:00,168.27,0
2026-01-23 17:00,168.27,0
2026-01-23 18:00,168.27,0
2026-01-23 19:00,168.27,0
2026-01-23 20:00,168.28,0
2026-01-23 21:00,168.28,0
2026-01-23 22:00,168.28,0
2026-01-23 23:00,168.28,0
2026-01-24 00:00,168.28,0
2026-01-24 01:00,168.35,0
2026-01-24 02:00,168.43,0
2026-01-24 03:00,168.95,0
2026-01-24 04:00,169.94,0
2026-01-24 05:00,170.87,0
2026-01-24 06:00,171.49,0
2026-01-24 07:00,172.36,0
2026-01-24 08:00,173.63,0
2026-01-24 09:00,174.73,0
2026-01-24 10:00,176.47,0
2026-01-24 11:00,177.49,0
2026-01-24 12:00,178.26,0
2026-01-24 13:00,180.24,0
2026-01-24 14:00,182.16,0
2026-01-24 15:00,183.96,0
2026-01-24 16:00,185.2,0
2026-01-24 17:00,185.54,0
2026-01-24 18:00,185.74,0
2026-01-24 19:00,185.84,0
2026-01-24 20:00,185.85,0
2026-01-24 21:00,185.85,0
2026-01-24 22:00,185.85,0
2026-01-24 23:00,185.95,0
2026-01-25 00:00,185.96,0
2026-01-25 01:00,186.0,0
2026-01-25 02:00,186.06,0
2026-01-25 03:00,186.74,0
2026-01-25 04:00,187.11,0
2026-01-25 05:00,187.36,0
2026-01-25 06:00,187.9,0
2026-01-25 07:00,188.6,0
2026-01-25 08:00,191.05,0
2026-01-25 09:00,193.66,0
2026-01-25 10:00,196.06,0
2026-01-25 11:00,197.71,0
2026-01-25 12:00,198.9,0
2026-01-25 13:00,199.73,0
2026-01-25 14:00,200.21,0
2026-01-25 15:00,200.43,0
2026-01-25 16:00,200.89,0
2026-01-25 17:00,201.34,0
2026-01-25 18:00,201.69,0
2026-01-25 19:00,202.31,0
2026-01-25 20:00,202.64,0
2026-01-25 21:00,204.45,0
2026-01-25 22:00,207.42,0
2026-01-25 23:00,209.53,0
2026-01-26 00:00,211.3,0
2026-01-26 01:00,211.77,0
2026-01-26 02:00,212.09,0
2026-01-26 03:00,212.46,0
2026-01-26 04:00,212.96,0
2026-01-26 05:00,213.28,0
2026-01-26 06:00,214.31,0
2026-01-26 07:00,215.28,0
2026-01-26 08:00,215.35,0
2026-01-26 09:00,215.36,0
2026-01-26 10:00,215.36,0
2026-01-26 11:00,215.37,0
2026-01-26 12:00,215.38,0
2026-01-26 13:00,215.4,0
2026-01-26 14:00,215.43,0
2026-01-26 15:00,215.46,0
2026-01-26 16:00,215.54,0
2026-01-26 17:00,215.54,0
2026-01-26 18:00,215.54,0
2026-01-26 19:00,215.54,0
2026-01-26 20:00,215.63,0
2026-01-26 21:00,215.72,0
2026-01-26 22:00,215.76,0
2026-01-26 23:00,215.76,0
2026-01-27 00:00,215.76,0
2026-01-27 01:00,215.76,0
2026-01-27 02:00,215.76,0
2026-01-27 03:00,215.76,0
2026-01-27 04:00,215.76,0
2026-01-27 05:00,215.76,0
2026-01-27 06:00,215.76,0
2026-01-27 07:00,215.76,0
2026-01-27 08:00,215.76,0
2026-01-27 09:00,215.76,0
2026-01-27 10:00,215.76,0
2026-01-27 11:00,215.76,0
2026-01-27 12:00,215.76,0
2026-01-27 13:00,215.76,0
2026-01-27 14:00,215.76,0
2026-01-27 15:00,215.76,0
2026-01-27 16:00,215.76,0
2026-01-27 17:00,215.77,0
2026-01-27 18:00,215.77,0
2026-01-27 19:00,215.78,0
2026-01-27 20:00,215.8,0
2026-01-27 21:00,215.81,0
2026-01-27 22:00,215.82,0
2026-01-27 23:00,215.84,0
2026-01-28 00:00,215.84,0
2026-01-28 01:00,215.85,0
2026-01-28 02:00,215.86,0
2026-01-28 03:00,216.51,0
2026-01-28 04:00,216.64,0
2026-01-28 05:00,216.86,0
2026-01-28 06:00,217.2,0
2026-01-28 07:00,217.92,0
2026-01-28 08:00,218.85,0
2026-01-28 09:00,220.72,0
2026-01-28 10:00,223.2,0
2026-01-28 11:00,226.94,0
2026-01-28 12:00,230.19,0
2026-01-28 13:00,232.21,0
2026-01-28 14:00,234.39,0
2026-01-28 15:00,236.55,0
2026-01-28 16:00,238.22,0
2026-01-28 17:00,239.19,0
2026-01-28 18:00,239.94,0
2026-01-28 19:00,240.1,0
2026-01-28 20:00,240.34,0
2026-01-28 21:00,240.52,0
2026-01-28 22:00,240.82,0
2026-01-28 23:00,240.95,0
2026-01-29 00:00,241.18,0
2026-01-29 01:00,241.63,0
2026-01-29 02:00,242.08,0
2026-01-29 03:00,242.6,0
2026-01-29 04:00,243.13,0
2026-01-29 05:00,244.52,0
2026-01-29 06:00,246.21,0
2026-01-29 07:00,247.32,0
2026-01-29 08:00,248.25,0
2026-01-29 09:00,248.77,0
2026-01-29 10:00,249.68,0
2026-01-29 11:00,250.68,0
2026-01-29 12:00,250.78,0
2026-01-29 13:00,250.8,0
2026-01-29 14:00,250.88,0
2026-01-29 15:00,251.44,0
2026-01-29 16:00,252.25,0
2026-01-29 17:00,252.92,0
2026-01-29 18:00,253.53,0
2026-01-29 19:00,254.1,0
2026-01-29 20:00,254.5,0
2026-01-29 21:00,254.6,0
2026-01-29 22:00,254.68,0
2026-01-29 23:00,254.76,0
2026-01-30 00:00,254.78,0
2026-01-30 01:00,254.81,0
2026-01-30 02:00,254.82,0
2026-01-30 03:00,254.82,0
2026-01-30 04:00,254.83,0
2026-01-30 05:00,254.83,0
2026-01-30 06:00,254.84,0
2026-01-30 07:00,254.84,0
2026-01-30 08:00,254.85,0
2026-01-30 09:00,254.85,0
2026-01-30 10:00,254.85,0
2026-01-30 11:00,254.85,0
2026-01-30 12:00,254.87,0
2026-01-30 13:00,254.9,0
2026-01-30 14:00,255.0,0
2026-01-30 15:00,255.19,0
2026-01-30 16:00,255.41,0
2026-01-30 17:00,256.06,0
2026-01-30 18:00,257.14,0
2026-01-30 19:00,258.14,0
2026-01-30 20:00,258.27,0
2026-01-30 21:00,258.43,0
2026-01-30 22:00,258.83,0
2026-01-30 23:00,259.62,0
2026-01-31 00:00,259.91,0
2026-01-31 01:00,259.97,0
2026-01-31 02:00,259.98,0
2026-01-31 03:00,259.98,0
2026-01-31 04:00,259.99,0
2026-01-31 05:00,260.0,0
2026-01-31 06:00,260.03,0
2026-01-31 07:00,260.05,0
2026-01-31 08:00,260.35,0
2026-01-31 09:00,260.5,0
2026-01-31 10:00,260.65,0
2026-01-31 11:00,260.75,0
2026-01-31 12:00,260.85,0
2026-01-31 13:00,260.9,0
2026-01-31 14:00,260.92,0
2026-01-31 15:00,260.97,0
2026-01-31 16:00,261.01,0
2026-01-31 17:00,261.24,0
2026-01-31 18:00,261.26,0
2026-01-31 19:00,261.27,0
2026-01-31 20:00,261.27,0
2026-01-31 21:00,261.28,0
2026-01-31 22:00,261.28,0
2026-01-31 23:00,261.28,0
2026-02-01 00:00,261.29,0
2026-02-01 01:00,261.3,0
2026-02-01 02:00,261.3,0
2026-02-01 03:00,261.31,0
2026-02-01 04:00,261.32,0
2026-02-01 05:00,261.33,0
2026-02-01 06:00,261.34,0
2026-02-01 07:00,261.35,0
2026-02-01 08:00,261.35,0
2026-02-01 09:00,261.35,0
2026-02-01 10:00,261.35,0
2026-02-01 11:00,261.35,0
2026-02-01 12:00,261.35,0
2026-02-01 13:00,261.35,0
2026-02-01 14:00,261.35,0
2026-02-01 15:00,261.35,0
2026-02-01 16:00,261.35,0
2026-02-01 17:00,261.35,0
2026-02-01 18:00,261.35,0
2026-02-01 19:00,261.35,0
2026-02-01 20:00,261.35,0
2026-02-01 21:00,261.35,0
2026-02-01 22:00,261.35,0
2026-02-01 23:00,261.35,0
2026-02-02 00:00,261.35,0
2026-02-02 01:00,261.35,0
2026-02-02 02:00,261.35,0
2026-02-02 03:00,261.36,0
2026-02-02 04:00,261.36,0
2026-02-02 05:00,261.36,0
2026-02-02 06:00,261.36,0
2026-02-02 07:00,261.36,0
2026-02-02 08:00,261.37,0
2026-02-02 09:00,261.37,0
2026-02-02 10:00,261.37,0
2026-02-02 11:00,261.37,0
2026-02-02 12:00,261.37,0
2026-02-02 13:00,261.37,0
2026-02-02 14:00,261.37,0
2026-02-02 15:00,261.37,0
2026-02-02 16:00,261.37,0
2026-02-02 17:00,261.37,0
2026-02-02 18:00,261.37,0
2026-02-02 19:00,261.37,0
2026-02-02 20:00,261.38,0
2026-02-02 21:00,261.38,0
2026-02-02 22:00,261.43,0
2026-02-02 23:00,261.47,0
2026-02-03 00:00,261.47,0
2026-02-03 01:00,261.51,0
2026-02-03 02:00,261.55,0
2026-02-03 03:00,261.56,0
2026-02-03 04:00,261.57,0
2026-02-03 05:00,261.57,0
2026-02-03 06:00,261.57,0
2026-02-03 07:00,261.57,0
2026-02-03 08:00,261.57,0
2026-02-03 09:00,261.57,0
2026-02-03 10:00,261.57,0
2026-02-03 11:00,261.57,0
2026-02-03 12:00,261.57,0
2026-02-03 13:00,261.57,0
2026-02-03 14:00,261.57,0
2026-02-03 15:00,261.57,0
2026-02-03 16:00,261.57,0
2026-02-03 17:00,261.57,0
2026-02-03 18:00,261.57,0
2026-02-03 19:00,261.58,0
2026-02-03 20:00,261.59,0
2026-02-03 21:00,261.61,0
2026-02-03 22:00,261.62,0
2026-02-03 23:00,261.7,0
2026-02-04 00:00,261.77,0
2026-02-04 01:00,261.8,0
2026-02-04 02:00,261.82,0
2026-02-04 03:00,261.82,0
2026-02-04 04:00,261.82,0
2026-02-04 05:00,261.82,0
2026-02-04 06:00,261.82,0
2026-02-04 07:00,261.82,0
2026-02-04 08:00,261.82,0
2026-02-04 09:00,261.82,0
2026-02-04 10:00,261.9,0
2026-02-04 11:00,262.05,0
2026-02-04 12:00,262.55,0
2026-02-04 13:00,263.97,0
2026-02-04 14:00,265.26,0
2026-02-04 15:00,267.49,0
2026-02-04 16:00,273.25,0
2026-02-04 17:00,277.01,0
2026-02-04 18:00,279.64,0
2026-02-04 19:00,281.68,0
2026-02-04 20:00,283.12,0
2026-02-04 21:00,284.95,0
2026-02-04 22:00,287.39,0
2026-02-04 23:00,290.04,0
2026-02-05 00:00,292.54,0
2026-02-05 01:00,294.46,0
2026-02-05 02:00,295.87,0
2026-02-05 03:00,297.04,0
2026-02-05 04:00,298.13,0
2026-02-05 05:00,298.88,0
2026-02-05 06:00,299.31,0
2026-02-05 07:00,299.57,0
2026-02-05 08:00,300.11,0
2026-02-05 09:00,300.41,0
2026-02-05 10:00,300.56,0
2026-02-05 11:00,300.65,0
2026-02-05 12:00,300.89,0
2026-02-05 13:00,301.33,0
2026-02-05 14:00,301.84,0
2026-02-05 15:00,302.13,0
2026-02-05 16:00,302.29,0
2026-02-05 17:00,302.32,0
2026-02-05 18:00,302.32,0
2026-02-05 19:00,302.34,0
2026-02-05 20:00,302.36,0
2026-02-05 21:00,302.39,0
2026-02-05 22:00,302.48,0
2026-02-05 23:00,302.74,0
2026-02-06 00:00,303.66,0
2026-02-06 01:00,304.42,0
2026-02-06 02:00,305.7,0
2026-02-06 03:00,308.26,0
2026-02-06 04:00,313.95,0
2026-02-06 05:00,320.9,0
2026-02-06 06:00,325.78,0
2026-02-06 07:00,329.07,0
2026-02-06 08:00,330.84,0
2026-02-06 09:00,332.98,0
2026-02-06 10:00,335.35,0
2026-02-06 11:00,338.34,0
2026-02-06 12:00,339.37,0
2026-02-06 13:00,339.54,0
2026-02-06 14:00,340.27,0
2026-02-06 15:00,340.66,0
2026-02-06 16:00,340.89,0
2026-02-06 17:00,341.08,0
2026-02-06 18:00,341.26,0
2026-02-06 19:00,341.46,0
2026-02-06 20:00,341.7,0
2026-02-06 21:00,341.9,0
2026-02-06 22:00,342.13,0
2026-02-06 23:00,342.38,0
2026-02-07 00:00,342.63,0
2026-02-07 01:00,342.87,0
2026-02-07 02:00,343.27,0
2026-02-07 03:00,343.76,0
2026-02-07 04:00,344.0,0
2026-02-07 05:00,344.51,0
2026-02-07 06:00,344.77,0
2026-02-07 07:00,344.91,0
2026-02-07 08:00,344.91,0
2026-02-07 09:00,344.96,0
2026-02-07 10:00,345.04,0
2026-02-07 11:00,345.16,0
2026-02-07 12:00,345.21,0
2026-02-07 13:00,345.28,0
2026-02-07 14:00,345.33,0
2026-02-07 15:00,345.54,0
2026-02-07 16:00,347.06,0
2026-02-07 17:00,348.41,0
2026-02-07 18:00,350.54,0
2026-02-07 19:00,352.45,0
2026-02-07 20:00,353.85,0
2026-02-07 21:00,354.39,0
2026-02-07 22:00,354.62,0
2026-02-07 23:00,354.87,0
2026-02-08 00:00,355.04,0
2026-02-08 01:00,355.25,0
2026-02-08 02:00,355.91,0
2026-02-08 03:00,356.98,0
2026-02-08 04:00,358.12,0
2026-02-08 05:00,359.01,0
2026-02-08 06:00,359.49,0
2026-02-08 07:00,359.82,0
2026-02-08 08:00,359.93,0
2026-02-08 09:00,360.0,0
2026-02-08 10:00,360.06,0
2026-02-08 11:00,360.15,0
2026-02-08 12:00,360.34,0
2026-02-08 13:00,360.48,0
2026-02-08 14:00,360.74,0
2026-02-08 15:00,360.99,0
2026-02-08 16:00,361.25,0
2026-02-08 17:00,361.5,0
2026-02-08 18:00,361.81,0
2026-02-08 19:00,362.07,0
2026-02-08 20:00,362.16,0
2026-02-08 21:00,362.36,0
2026-02-08 22:00,362.56,0
2026-02-08 23:00,362.83,0
2026-02-09 00:00,363.21,0
2026-02-09 01:00,363.77,0
2026-02-09 02:00,364.57,0
2026-02-09 03:00,365.35,0
2026-02-09 04:00,366.2,0
2026-02-09 05:00,367.1,0
2026-02-09 06:00,367.97,0
2026-02-09 07:00,368.56,0
2026-02-09 08:00,369.24,0
2026-02-09 09:00,369.6,0
2026-02-09 10:00,369.73,0
2026-02-09 11:00,369.82,0
2026-02-09 12:00,369.93,0
2026-02-09 13:00,369.99,0
2026-02-09 14:00,370.1,0
2026-02-09 15:00,370.14,0
2026-02-09 16:00,370.16,0
2026-02-09 17:00,370.16,0
2026-02-09 18:00,370.16,0
2026-02-09 19:00,370.19,0
2026-02-09 20:00,370.21,0
2026-02-09 21:00,370.24,0
2026-02-09 22:00,370.36,0
2026-02-09 23:00,370.39,0
2026-02-10 00:00,370.43,0
2026-02-10 01:00,370.46,0
2026-02-10 02:00,370.53,0
2026-02-10 03:00,370.67,0
2026-02-10 04:00,370.76,0
2026-02-10 05:00,370.96,0
2026-02-10 06:00,371.19,0
2026-02-10 07:00,371.38,0
2026-02-10 08:00,371.44,0
2026-02-10 09:00,371.58,0
2026-02-10 10:00,371.92,0
2026-02-10 11:00,372.56,0
2026-02-10 12:00,373.4,0
2026-02-10 13:00,374.48,0
2026-02-10 14:00,375.52,0
2026-02-10 15:00,375.92,0
2026-02-10 16:00,376.46,0
2026-02-10 17:00,376.65,0
2026-02-10 18:00,376.93,0
2026-02-10 19:00,377.33,0
2026-02-10 20:00,377.65,0
2026-02-10 21:00,378.05,0
2026-02-10 22:00,378.41,0
2026-02-10 23:00,378.75,0
2026-02-11 00:00,379.18,0
2026-02-11 01:00,379.63,0
2026-02-11 02:00,380.07,0
2026-02-11 03:00,380.61,0
2026-02-11 04:00,381.12,0
2026-02-11 05:00,381.44,0
2026-02-11 06:00,381.6,0
2026-02-11 07:00,381.8,0
2026-02-11 08:00,382.54,0
2026-02-11 09:00,383.57,0
2026-02-11 10:00,385.04,0
2026-02-11 11:00,386.3,0
2026-02-11 12:00,387.56,0
2026-02-11 13:00,388.52,0
2026-02-11 14:00,389.91,0
2026-02-11 15:00,390.48,0
2026-02-11 16:00,390.91,0
2026-02-11 17:00,391.37,0
2026-02-11 18:00,391.66,0
2026-02-11 19:00,391.8,0
2026-02-11 20:00,391.87,0
2026-02-11 21:00,391.92,0
2026-02-11 22:00,391.99,0
2026-02-11 23:00,392.04,0
2026-02-12 00:00,392.09,0
2026-02-12 01:00,392.12,0
2026-02-12 02:00,392.19,0
2026-02-12 03:00,392.33,0
2026-02-12 04:00,392.47,0
2026-02-12 05:00,392.64,0
2026-02-12 06:00,392.82,0
2026-02-12 07:00,392.99,0
2026-02-12 08:00,394.17,0
2026-02-12 09:00,395.02,0
2026-02-12 10:00,395.86,0
2026-02-12 11:00,397.36,0
2026-02-12 12:00,400.3,0
2026-02-12 13:00,402.36,0
2026-02-12 14:00,402.79,0
2026-02-12 15:00,403.88,0
2026-02-12 16:00,405.68,0
2026-02-12 17:00,408.2,0
2026-02-12 18:00,409.22,0
2026-02-12 19:00,409.44,0
2026-02-12 20:00,409.46,0
2026-02-12 21:00,409.51,0
2026-02-12 22:00,409.62,0
2026-02-12 23:00,409.77,0
2026-02-13 00:00,409.86,0
2026-02-13 01:00,409.93,0
2026-02-13 02:00,410.0,0
2026-02-13 03:00,410.06,0
2026-02-13 04:00,410.09,0
2026-02-13 05:00,410.1,0
2026-02-13 06:00,410.14,0
2026-02-13 07:00,410.22,0
2026-02-13 08:00,410.23,0
2026-02-13 09:00,410.24,0
2026-02-13 10:00,410.24,0
2026-02-13 11:00,410.25,0
2026-02-13 12:00,410.26,0
2026-02-13 13:00,410.26,0
2026-02-13 14:00,410.27,0
2026-02-13 15:00,410.27,0
2026-02-13 16:00,410.27,0
2026-02-13 17:00,410.27,0
2026-02-13 18:00,410.27,0
2026-02-13 19:00,410.27,0
2026-02-13 20:00,410.27,0
2026-02-13 21:00,410.3,0
2026-02-13 22:00,410.47,0
2026-02-13 23:00,410.62,0
2026-02-14 00:00,410.68,0
2026-02-14 01:00,410.73,0
2026-02-14 02:00,411.01,0
2026-02-14 03:00,411.4,0
2026-02-14 04:00,411.72,0
2026-02-14 05:00,412.24,0
2026-02-14 06:00,413.2,0
2026-02-14 07:00,413.81,0
2026-02-14 08:00,413.86,0
2026-02-14 09:00,413.89,0
2026-02-14 10:00,413.9,0
2026-02-14 11:00,413.91,0
2026-02-14 12:00,413.92,0
2026-02-14 13:00,414.08,0
2026-02-14 14:00,414.99,0
2026-02-14 15:00,415.9,0
2026-02-14 16:00,416.78,0
2026-02-14 17:00,417.35,0
2026-02-14 18:00,417.71,0
2026-02-14 19:00,418.03,0
2026-02-14 20:00,418.12,0
2026-02-14 21:00,418.23,0
2026-02-14 22:00,418.67,0
2026-02-14 23:00,420.18,0
2026-02-15 00:00,421.41,0
2026-02-15 01:00,422.17,0
2026-02-15 02:00,423.06,0
2026-02-15 03:00,424.06,0
2026-02-15 04:00,424.6,0
2026-02-15 05:00,424.77,0
2026-02-15 06:00,424.82,0
2026-02-15 07:00,424.85,0
2026-02-15 08:00,425.56,0
2026-02-15 09:00,426.47,0
2026-02-15 10:00,426.94,0
2026-02-15 11:00,427.15,0
2026-02-15 12:00,427.47,0
2026-02-15 13:00,427.62,0
2026-02-15 14:00,427.66,0
2026-02-15 15:00,427.68,0
2026-02-15 16:00,427.68,0
2026-02-15 17:00,427.68,0
2026-02-15 18:00,427.68,0
2026-02-15 19:00,427.68,0
2026-02-15 20:00,427.68,0
2026-02-15 21:00,427.68,0
2026-02-15 22:00,427.68,0
2026-02-15 23:00,427.68,0
2026-02-16 00:00,427.68,0
2026-02-16 01:00,427.68,0
2026-02-16 02:00,427.68,0
2026-02-16 03:00,427.68,0
2026-02-16 04:00,427.68,0
2026-02-16 05:00,427.68,0
2026-02-16 06:00,427.68,0
2026-02-16 07:00,427.68,0
2026-02-16 08:00,427.69,0
2026-02-16 09:00,427.69,0
2026-02-16 10:00,427.69,0
2026-02-16 11:00,427.69,0
2026-02-16 12:00,427.72,0
2026-02-16 13:00,427.88,0
2026-02-16 14:00,428.14,0
2026-02-16 15:00,428.48,0
2026-02-16 16:00,428.83,0
2026-02-16 17:00,429.33,0
2026-02-16 18:00,430.02,0
2026-02-16 19:00,431.76,0
2026-02-16 20:00,434.64,0
2026-02-16 21:00,438.06,0
2026-02-16 22:00,441.37,0
2026-02-16 23:00,445.18,0
2026-02-17 00:00,447.53,0
2026-02-17 01:00,448.16,0
2026-02-17 02:00,448.28,0
2026-02-17 03:00,448.67,0
2026-02-17 04:00,448.83,0
2026-02-17 05:00,448.86,0
2026-02-17 06:00,448.9,0
2026-02-17 07:00,448.97,0
2026-02-17 08:00,448.97,0
2026-02-17 09:00,448.98,0
2026-02-17 10:00,449.0,0
2026-02-17 11:00,449.28,0
2026-02-17 12:00,449.38,0
2026-02-17 13:00,449.38,0
2026-02-17 14:00,449.38,0
2026-02-17 15:00,449.39,0
2026-02-17 16:00,449.4,0
2026-02-17 17:00,449.66,0
2026-02-17 18:00,449.67,0
2026-02-17 19:00,449.67,0
2026-02-17 20:00,449.67,0
2026-02-17 21:00,449.67,0
2026-02-17 22:00,449.67,0
2026-02-17 23:00,449.67,0
2026-02-18 00:00,449.67,0
2026-02-18 01:00,449.67,0
2026-02-18 02:00,449.67,0
2026-02-18 03:00,449.67,0
2026-02-18 04:00,449.67,0
2026-02-18 05:00,449.67,0
2026-02-18 06:00,449.67,0
2026-02-18 07:00,449.67,0
2026-02-18 08:00,449.67,0
2026-02-18 09:00,449.67,0
2026-02-18 10:00,449.67,0
2026-02-18 11:00,449.67,0
2026-02-18 12:00,449.67,0
2026-02-18 13:00,449.67,0
2026-02-18 14:00,449.67,0
2026-02-18 15:00,449.67,0
2026-02-18 16:00,449.67,0
2026-02-18 17:00,449.68,0
2026-02-18 18:00,449.68,0
2026-02-18 19:00,449.68,0
2026-02-18 20:00,449.77,0
2026-02-18 21:00,449.86,0
2026-02-18 22:00,449.98,0
2026-02-18 23:00,450.07,0
2026-02-19 00:00,450.12,0
2026-02-19 01:00,450.16,0
2026-02-19 02:00,450.19,0
2026-02-19 03:00,450.22,0
2026-02-19 04:00,450.24,0
2026-02-19 05:00,450.34,0
2026-02-19 06:00,450.58,0
2026-02-19 07:00,450.8,0
2026-02-19 08:00,450.97,0
2026-02-19 09:00,451.05,0
2026-02-19 10:00,451.08,0
2026-02-19 11:00,451.1,0
2026-02-19 12:00,451.16,0
2026-02-19 13:00,451.19,0
2026-02-19 14:00,451.21,0
2026-02-19 15:00,451.3,0
2026-02-19 16:00,451.89,0
2026-02-19 17:00,455.57,0
2026-02-19 18:00,460.6,0
2026-02-19 19:00,464.89,0
2026-02-19 20:00,469.2,0
2026-02-19 21:00,471.81,0
2026-02-19 22:00,472.8,0
2026-02-19 23:00,473.3,0
2026-02-20 00:00,474.84,0
2026-02-20 01:00,476.45,0
2026-02-20 02:00,477.17,0
2026-02-20 03:00,477.38,0
2026-02-20 04:00,477.45,0
2026-02-20 05:00,477.5,0
2026-02-20 06:00,477.55,0
2026-02-20 07:00,477.6,0
2026-02-20 08:00,477.66,0
2026-02-20 09:00,477.74,0
2026-02-20 10:00,477.78,0
2026-02-20 11:00,477.85,0
2026-02-20 12:00,478.0,0
2026-02-20 13:00,478.02,0
2026-02-20 14:00,478.05,0
2026-02-20 15:00,478.09,0
2026-02-20 16:00,478.1,0
2026-02-20 17:00,478.82,0
2026-02-20 18:00,479.45,0
2026-02-20 19:00,480.07,0
2026-02-20 20:00,480.14,0
2026-02-20 21:00,480.17,0
2026-02-20 22:00,480.21,0
2026-02-20 23:00,480.23,0
2026-02-21 00:00,480.24,0
2026-02-21 01:00,480.24,0
2026-02-21 02:00,480.24,0
2026-02-21 03:00,480.24,0
2026-02-21 04:00,480.24,0
2026-02-21 05:00,480.24,0
2026-02-21 06:00,480.24,0
2026-02-21 07:00,480.24,0
2026-02-21 08:00,480.24,0
2026-02-21 09:00,480.24,0
2026-02-21 10:00,480.24,0
2026-02-21 11:00,480.24,0
2026-02-21 12:00,480.24,0
2026-02-21 13:00,480.24,0
2026-02-21 14:00,480.24,0
2026-02-21 15:00,480.24,0
2026-02-21 16:00,480.24,0
2026-02-21 17:00,480.24,0
2026-02-21 18:00,480.24,0
2026-02-21 19:00,480.24,0
2026-02-21 20:00,480.24,0
2026-02-21 21:00,480.24,0
2026-02-21 22:00,480.24,0
2026-02-21 23:00,480.24,0
2026-02-22 00:00,480.24,0
2026-02-22 01:00,480.24,0
2026-02-22 02:00,480.24,0
2026-02-22 03:00,480.24,0
2026-02-22 04:00,480.24,0
2026-02-22 05:00,480.24,0
2026-02-22 06:00,480.24,0
2026-02-22 07:00,480.24,0
2026-02-22 08:00,480.24,0
2026-02-22 09:00,480.24,0
2026-02-22 10:00,480.24,0
2026-02-22 11:00,480.24,0
2026-02-22 12:00,480.24,0
2026-02-22 13:00,480.24,0
2026-02-22 14:00,480.24,0
2026-02-22 15:00,480.24,0
2026-02-22 16:00,480.24,0
2026-02-22 17:00,480.24,0
2026-02-22 18:00,480.24,0
2026-02-22 19:00,480.24,0
2026-02-22 20:00,480.24,0
2026-02-22 21:00,480.24,0
2026-02-22 22:00,480.24,0
2026-02-22 23:00,480.24,0
2026-02-23 00:00,480.24,0
2026-02-23 01:00,480.24,0
2026-02-23 02:00,480.24,0
2026-02-23 03:00,480.24,0
2026-02-23 04:00,480.24,0
2026-02-23 05:00,480.24,0
2026-02-23 06:00,480.24,0
2026-02-23 07:00,480.24,0
2026-02-23 08:00,480.24,0
2026-02-23 09:00,480.25,0
2026-02-23 10:00,480.26,0
2026-02-23 11:00,480.29,0
2026-02-23 12:00,480.32,0
2026-02-23 13:00,480.33,0
2026-02-23 14:00,480.34,0
2026-02-23 15:00,480.36,0
2026-02-23 16:00,480.38,0
2026-02-23 17:00,480.4,0
2026-02-23 18:00,480.42,0
2026-02-23 19:00,480.45,0
2026-02-23 20:00,480.48,0
2026-02-23 21:00,480.5,0
2026-02-23 22:00,480.5,0
2026-02-23 23:00,480.54,0
2026-02-24 00:00,480.6,0
2026-02-24 01:00,480.65,0
2026-02-24 02:00,480.69,0
2026-02-24 03:00,480.74,0
2026-02-24 04:00,480.82,0
2026-02-24 05:00,480.91,0
2026-02-24 06:00,480.97,0
2026-02-24 07:00,481.01,0
2026-02-24 08:00,481.02,0
2026-02-24 09:00,481.05,0
2026-02-24 10:00,481.09,0
2026-02-24 11:00,481.13,0
2026-02-24 12:00,481.13,0
2026-02-24 13:00,481.13,0
2026-02-24 14:00,481.13,0
2026-02-24 15:00,481.13,0
2026-02-24 16:00,481.13,0
2026-02-24 17:00,481.13,0
2026-02-24 18:00,481.13,0
2026-02-24 19:00,481.13,0
2026-02-24 20:00,481.14,0
2026-02-24 21:00,481.14,0
2026-02-24 22:00,481.14,0
2026-02-24 23:00,481.14,0
2026-02-25 00:00,481.14,0
2026-02-25 01:00,481.14,0
2026-02-25 02:00,481.14,0
2026-02-25 03:00,481.14,0
2026-02-25 04:00,481.14,0
2026-02-25 05:00,481.14,0
2026-02-25 06:00,481.14,0
2026-02-25 07:00,481.14,0
2026-02-25 08:00,481.14,0
2026-02-25 09:00,481.14,0
2026-02-25 10:00,481.14,0
2026-02-25 11:00,481.14,0
2026-02-25 12:00,481.14,0
2026-02-25 13:00,481.14,0
2026-02-25 14:00,481.14,0
2026-02-25 15:00,481.14,0
2026-02-25 16:00,481.14,0
2026-02-25 17:00,481.14,0
2026-02-25 18:00,481.14,0
2026-02-25 19:00,481.14,0
2026-02-25 20:00,481.14,0
2026-02-25 21:00,481.14,0
2026-02-25 22:00,481.14,0
2026-02-25 23:00,481.14,0
2026-02-26 00:00,481.14,0
2026-02-26 01:00,481.14,0
2026-02-26 02:00,481.14,0
2026-02-26 03:00,481.14,0
2026-02-26 04:00,481.14,0
2026-02-26 05:00,481.14,0
2026-02-26 06:00,481.14,0
2026-02-26 07:00,481.14,0
2026-02-26 08:00,481.14,0
2026-02-26 09:00,481.14,0
2026-02-26 10:00,481.14,0
2026-02-26 11:00,481.14,0
2026-02-26 12:00,481.14,0
2026-02-26 13:00,481.14,0
2026-02-26 14:00,481.14,0
2026-02-26 15:00,481.14,0
2026-02-26 16:00,481.14,0
2026-02-26 17:00,481.14,0
2026-02-26 18:00,481.14,0
2026-02-26 19:00,481.14,0
2026-02-26 20:00,481.14,0
2026-02-26 21:00,481.14,0
2026-02-26 22:00,481.14,0
2026-02-26 23:00,481.14,0
2026-02-27 00:00,481.14,0
2026-02-27 01:00,481.14,0
2026-02-27 02:00,481.14,0
2026-02-27 03:00,481.14,0
2026-02-27 04:00,481.16,0
2026-02-27 05:00,481.18,0
2026-02-27 06:00,481.2,0
2026-02-27 07:00,481.22,0
2026-02-27 08:00,481.24,0
2026-02-27 09:00,481.24,0
2026-02-27 10:00,481.24,0
2026-02-27 11:00,481.24,0
2026-02-27 12:00,481.24,0
2026-02-27 13:00,481.24,0
2026-02-27 14:00,481.24,0
2026-02-27 15:00,481.24,0
2026-02-27 16:00,481.24,0
2026-02-27 17:00,481.24,0
2026-02-27 18:00,481.24,0
2026-02-27 19:00,481.24,0
2026-02-27 20:00,481.24,0
2026-02-27 21:00,481.24,0
2026-02-27 22:00,481.24,0
2026-02-27 23:00,481.24,0
2026-02-28 00:00,481.24,0
2026-02-28 01:00,481.24,0
2026-02-28 02:00,481.24,0
2026-02-28 03:00,481.25,0
2026-02-28 04:00,481.25,0
2026-02-28 05:00,481.28,0
2026-02-28 06:00,481.29,0
2026-02-28 07:00,481.3,0
2026-02-28 08:00,481.32,0
2026-02-28 09:00,481.32,0
2026-02-28 10:00,481.33,0
2026-02-28 11:00,481.33,0
2026-02-28 12:00,481.33,0
2026-02-28 13:00,481.33,0
2026-02-28 14:00,481.33,0
2026-02-28 15:00,481.33,0
2026-02-28 16:00,481.33,0
2026-02-28 17:00,481.33,0
2026-02-28 18:00,481.33,0
2026-02-28 19:00,481.33,0
2026-02-28 20:00,481.33,0
2026-02-28 21:00,481.33,0
2026-02-28 22:00,481.33,0
2026-02-28 23:00,481.33,0
2026-03-01 00:00,481.33,0
2026-03-01 01:00,481.33,0
2026-03-01 02:00,481.33,0
2026-03-01 03:00,481.33,0
2026-03-01 04:00,481.33,0
2026-03-01 05:00,481.33,0
2026-03-01 06:00,481.33,0
2026-03-01 07:00,481.33,0
2026-03-01 08:00,481.33,0
2026-03-01 09:00,481.33,0
2026-03-01 10:00,481.33,0
2026-03-01 11:00,481.34,0
2026-03-01 12:00,481.34,0
2026-03-01 13:00,481.34,0
2026-03-01 14:00,481.34,0
2026-03-01 15:00,481.34,0
2026-03-01 16:00,481.34,0
2026-03-01 17:00,481.34,0
2026-03-01 18:00,481.34,0
2026-03-01 19:00,481.34,0
2026-03-01 20:00,481.34,0
2026-03-01 21:00,481.34,0
2026-03-01 22:00,481.34,0
2026-03-01 23:00,481.34,0
2026-03-02 00:00,481.34,0
2026-03-02 01:00,481.34,0
2026-03-02 02:00,481.34,0
2026-03-02 03:00,481.34,0
2026-03-02 04:00,481.34,0
2026-03-02 05:00,481.34,0
2026-03-02 06:00,481.34,0
2026-03-02 07:00,481.34,0
2026-03-02 08:00,481.35,0
2026-03-02 09:00,481.36,0
2026-03-02 10:00,481.36,0
2026-03-02 11:00,481.36,0
2026-03-02 12:00,481.36,0
2026-03-02 13:00,481.36,0
2026-03-02 14:00,481.36,0
2026-03-02 15:00,481.36,0
2026-03-02 16:00,481.36,0
2026-03-02 17:00,481.36,0
2026-03-02 18:00,481.36,0
2026-03-02 19:00,481.36,0
2026-03-02 20:00,481.36,0
2026-03-02 21:00,481.36,0
2026-03-02 22:00,481.36,0
2026-03-02 23:00,481.36,0
2026-03-03 00:00,481.36,0
2026-03-03 01:00,481.36,0
2026-03-03 02:00,481.36,0
2026-03-03 03:00,481.36,0
2026-03-03 04:00,481.36,0
2026-03-03 05:00,481.36,0
2026-03-03 06:00,481.36,0
2026-03-03 07:00,481.36,0
2026-03-03 08:00,481.36,0
2026-03-03 09:00,481.36,0
2026-03-03 10:00,481.36,0
2026-03-03 11:00,481.36,0
2026-03-03 12:00,481.36,0
2026-03-03 13:00,481.36,0
2026-03-03 14:00,481.38,0
2026-03-03 15:00,481.39,0
2026-03-03 16:00,481.39,0
2026-03-03 17:00,481.39,0
2026-03-03 18:00,481.39,0
2026-03-03 19:00,481.39,0
2026-03-03 20:00,481.39,0
2026-03-03 21:00,481.39,0
2026-03-03 22:00,481.39,0
2026-03-03 23:00,481.39,0
2026-03-04 00:00,481.39,0
2026-03-04 01:00,481.39,0
2026-03-04 02:00,481.39,0
2026-03-04 03:00,481.39,0
2026-03-04 04:00,481.39,0
2026-03-04 05:00,481.39,0
2026-03-04 06:00,481.39,0
2026-03-04 07:00,481.39,0
2026-03-04 08:00,481.39,0
2026-03-04 09:00,481.39,0
2026-03-04 10:00,481.39,0
2026-03-04 11:00,481.39,0
2026-03-04 12:00,481.39,0
2026-03-04 13:00,481.39,0
2026-03-04 14:00,481.39,0
2026-03-04 15:00,481.39,0
2026-03-04 16:00,481.74,0
2026-03-04 17:00,481.74,0
2026-03-04 18:00,481.74,0
2026-03-04 19:00,481.74,0
2026-03-04 20:00,481.84,0
2026-03-04 21:00,481.84,0
2026-03-04 22:00,481.84,0
2026-03-04 23:00,481.84,0
2026-03-05 00:00,481.84,0
2026-03-05 01:00,481.84,0
2026-03-05 02:00,481.84,0
2026-03-05 03:00,481.84,0
2026-03-05 04:00,481.85,0
2026-03-05 05:00,481.85,0
2026-03-05 06:00,481.85,0
2026-03-05 07:00,481.85,0
2026-03-05 08:00,481.85,0
2026-03-05 09:00,481.85,0
2026-03-05 10:00,481.85,0
2026-03-05 11:00,481.85,0
2026-03-05 12:00,481.85,0
2026-03-05 13:00,481.85,0
2026-03-05 14:00,481.85,0
2026-03-05 15:00,481.85,0
2026-03-05 16:00,481.85,0
2026-03-05 17:00,481.85,0
2026-03-05 18:00,481.85,0
2026-03-05 19:00,481.85,0
2026-03-05 20:00,481.85,0
2026-03-05 21:00,481.85,0
2026-03-05 22:00,481.85,0
2026-03-05 23:00,481.85,0
2026-03-06 00:00,481.85,0
2026-03-06 01:00,481.85,0
2026-03-06 02:00,481.85,0
2026-03-06 03:00,481.85,0
2026-03-06 04:00,481.85,0
2026-03-06 05:00,481.85,0
2026-03-06 06:00,481.85,0
2026-03-06 07:00,481.85,0
2026-03-06 08:00,481.85,0
2026-03-06 09:00,481.85,0
2026-03-06 10:00,481.85,0
2026-03-06 11:00,481.85,0
2026-03-06 12:00,481.85,0
2026-03-06 13:00,481.85,0
2026-03-06 14:00,481.85,0
2026-03-06 15:00,481.85,0
2026-03-06 16:00,481.85,0
2026-03-06 17:00,481.85,0
2026-03-06 18:00,481.85,0
2026-03-06 19:00,481.85,0
2026-03-06 20:00,481.85,0
2026-03-06 21:00,481.85,0
2026-03-06 22:00,481.85,0
2026-03-06 23:00,481.85,0
2026-03-07 00:00,481.85,0
2026-03-07 01:00,481.85,0
2026-03-07 02:00,481.85,0
2026-03-07 03:00,481.85,0
2026-03-07 04:00,481.97,0
2026-03-07 05:00,482.08,0
2026-03-07 06:00,482.11,0
2026-03-07 07:00,482.11,0
2026-03-07 08:00,482.12,0
2026-03-07 09:00,482.12,0
2026-03-07 10:00,482.12,0
2026-03-07 11:00,482.12,0
2026-03-07 12:00,482.21,0
2026-03-07 13:00,482.28,0
2026-03-07 14:00,482.28,0
2026-03-07 15:00,482.35,0
2026-03-07 16:00,482.35,0
2026-03-07 17:00,482.39,0
2026-03-07 18:00,482.39,0
2026-03-07 19:00,482.39,0
2026-03-07 20:00,482.39,0
2026-03-07 21:00,482.39,0
2026-03-07 22:00,482.39,0
2026-03-07 23:00,482.39,0
2026-03-08 00:00,482.39,0
2026-03-08 01:00,482.39,0
2026-03-08 02:00,482.39,0
2026-03-08 03:00,482.39,0
2026-03-08 04:00,482.39,0
2026-03-08 05:00,482.39,0
2026-03-08 06:00,482.39,0
2026-03-08 07:00,482.39,0
2026-03-08 08:00,482.39,0
2026-03-08 09:00,482.39,0
2026-03-08 10:00,482.39,0
2026-03-08 11:00,482.4,0
2026-03-08 12:00,482.42,0
2026-03-08 13:00,482.45,0
2026-03-08 14:00,482.5,0
2026-03-08 15:00,482.6,0
2026-03-08 16:00,482.98,0
2026-03-08 17:00,484.65,0
2026-03-08 18:00,484.81,0
2026-03-08 19:00,484.82,0
2026-03-08 20:00,484.82,0
2026-03-08 21:00,484.82,0
2026-03-08 22:00,484.82,0
2026-03-08 23:00,484.82,0
2026-03-09 00:00,484.82,0
2026-03-09 01:00,484.82,0
2026-03-09 02:00,484.82,0
2026-03-09 03:00,484.82,0
2026-03-09 04:00,484.82,0
2026-03-09 05:00,484.82,0
2026-03-09 06:00,484.82,0
2026-03-09 07:00,484.82,0
2026-03-09 08:00,484.82,0
2026-03-09 09:00,484.82,0
2026-03-09 10:00,484.82,0
2026-03-09 11:00,484.82,0
2026-03-09 12:00,484.82,0
2026-03-09 13:00,484.84,0
2026-03-09 14:00,484.87,0
2026-03-09 15:00,484.89,0
2026-03-09 16:00,484.9,0
2026-03-09 17:00,484.9,0
2026-03-09 18:00,484.9,0
2026-03-09 19:00,484.9,0
2026-03-09 20:00,484.9,0
2026-03-09 21:00,484.9,0
2026-03-09 22:00,484.9,0
2026-03-09 23:00,484.9,0
2026-03-10 00:00,484.9,0
2026-03-10 01:00,484.9,0
2026-03-10 02:00,484.9,0
2026-03-10 03:00,484.9,0
2026-03-10 04:00,484.9,0
2026-03-10 05:00,484.9,0
2026-03-10 06:00,484.9,0
2026-03-10 07:00,484.9,0
2026-03-10 08:00,484.9,0
2026-03-10 09:00,484.9,0
2026-03-10 10:00,484.91,0
2026-03-10 11:00,484.93,0
2026-03-10 12:00,484.96,0
2026-03-10 13:00,484.99,0
2026-03-10 14:00,485.01,0
2026-03-10 15:00,485.02,0
2026-03-10 16:00,485.02,0
2026-03-10 17:00,485.03,0
2026-03-10 18:00,485.35,0
2026-03-10 19:00,485.35,0
2026-03-10 20:00,485.35,0
2026-03-10 21:00,485.35,0
2026-03-10 22:00,485.35,0
2026-03-10 23:00,485.35,0
2026-03-11 00:00,485.35,0
2026-03-11 01:00,485.35,0
2026-03-11 02:00,485.35,0
2026-03-11 03:00,485.35,0
2026-03-11 04:00,485.35,0
2026-03-11 05:00,485.35,0
2026-03-11 06:00,485.35,0
2026-03-11 07:00,485.35,0
2026-03-11 08:00,485.35,0
2026-03-11 09:00,485.35,0
2026-03-11 10:00,485.35,0
2026-03-11 11:00,485.37,0
2026-03-11 12:00,485.4,0
2026-03-11 13:00,485.42,0
2026-03-11 14:00,485.44,0
2026-03-11 15:00,485.46,0
2026-03-11 16:00,485.48,0
2026-03-11 17:00,485.52,0
2026-03-11 18:00,485.52,0
2026-03-11 19:00,485.52,0
2026-03-11 20:00,485.52,0
2026-03-11 21:00,485.52,0
2026-03-11 22:00,485.52,0
2026-03-11 23:00,485.52,0
2026-03-12 00:00,485.52,0
2026-03-12 01:00,485.52,0
2026-03-12 02:00,485.52,0
2026-03-12 03:00,485.53,0
2026-03-12 04:00,485.57,0
2026-03-12 05:00,485.59,0
2026-03-12 06:00,485.61,0
2026-03-12 07:00,485.61,0
2026-03-12 08:00,485.62,0
2026-03-12 09:00,485.62,0
2026-03-12 10:00,485.62,0
2026-03-12 11:00,485.63,0
2026-03-12 12:00,485.63,0
2026-03-12 13:00,485.64,0
2026-03-12 14:00,485.67,0
2026-03-12 15:00,486.01,0
2026-03-12 16:00,486.03,0
2026-03-12 17:00,486.04,0
2026-03-12 18:00,486.04,0
2026-03-12 19:00,486.04,0
2026-03-12 20:00,486.05,0
2026-03-12 21:00,486.05,0
2026-03-12 22:00,486.05,0
2026-03-12 23:00,486.05,0
2026-03-13 00:00,486.05,0
2026-03-13 01:00,486.05,0
2026-03-13 02:00,486.05,0
2026-03-13 03:00,486.05,0
2026-03-13 04:00,486.06,0
2026-03-13 05:00,486.06,0
2026-03-13 06:00,486.07,0
2026-03-13 07:00,486.07,0
2026-03-13 08:00,486.07,0
2026-03-13 09:00,486.07,0
2026-03-13 10:00,486.07,0
2026-03-13 11:00,486.07,0
2026-03-13 12:00,486.07,0
2026-03-13 13:00,486.07,0
2026-03-13 14:00,486.23,0
2026-03-13 15:00,486.82,0
2026-03-13 16:00,486.87,0
2026-03-13 17:00,486.87,0
2026-03-13 18:00,486.87,0
2026-03-13 19:00,486.87,0
2026-03-13 20:00,486.88,0
2026-03-13 21:00,486.88,0
2026-03-13 22:00,486.88,0
2026-03-13 23:00,486.88,0
2026-03-14 00:00,486.88,0
2026-03-14 01:00,486.88,0
2026-03-14 02:00,486.88,0
2026-03-14 03:00,486.88,0
2026-03-14 04:00,486.88,0
2026-03-14 05:00,486.88,0
2026-03-14 06:00,486.88,0
2026-03-14 07:00,486.88,0
2026-03-14 08:00,486.88,0
2026-03-14 09:00,486.88,0
2026-03-14 10:00,486.89,0
2026-03-14 11:00,486.93,0
2026-03-14 12:00,487.02,0
2026-03-14 13:00,487.16,0
2026-03-14 14:00,487.55,0
2026-03-14 15:00,488.04,0
2026-03-14 16:00,488.4,0
2026-03-14 17:00,488.9,0
2026-03-14 18:00,489.12,0
2026-03-14 19:00,489.25,0
2026-03-14 20:00,489.35,0
2026-03-14 21:00,489.43,0
2026-03-14 22:00,489.48,0
2026-03-14 23:00,489.51,0
2026-03-15 00:00,489.55,0
2026-03-15 01:00,489.6,0
2026-03-15 02:00,489.62,0
2026-03-15 03:00,489.64,0
2026-03-15 04:00,489.66,0
2026-03-15 05:00,489.67,0
2026-03-15 06:00,489.68,0
2026-03-15 07:00,489.7,0
2026-03-15 08:00,489.7,0
2026-03-15 09:00,489.7,0
2026-03-15 10:00,489.7,0
2026-03-15 11:00,489.73,0
2026-03-15 12:00,489.8,0
2026-03-15 13:00,489.8,0
2026-03-15 14:00,489.8,0
2026-03-15 15:00,489.83,0
2026-03-15 16:00,489.84,0
2026-03-15 17:00,489.84,0
2026-03-15 18:00,489.84,0
2026-03-15 19:00,489.84,0
2026-03-15 20:00,489.84,0
2026-03-15 21:00,489.84,0
2026-03-15 22:00,489.84,0
2026-03-15 23:00,489.84,0
2026-03-16 00:00,489.84,0
2026-03-16 01:00,489.84,0
2026-03-16 02:00,489.85,0
2026-03-16 03:00,489.89,0
2026-03-16 04:00,490.07,0
2026-03-16 05:00,490.14,0
2026-03-16 06:00,490.36,0
2026-03-16 07:00,490.43,0
2026-03-16 08:00,490.76,0
2026-03-16 09:00,490.79,0
2026-03-16 10:00,490.81,0
2026-03-16 11:00,490.84,0
2026-03-16 12:00,490.87,0
2026-03-16 13:00,490.88,0
2026-03-16 14:00,490.96,0
2026-03-16 15:00,491.0,0
2026-03-16 16:00,491.01,0
2026-03-16 17:00,491.01,0
2026-03-16 18:00,491.01,0
2026-03-16 19:00,491.01,0
2026-03-16 20:00,491.01,0
2026-03-16 21:00,491.02,0
2026-03-16 22:00,491.02,0
2026-03-16 23:00,491.07,0
2026-03-17 00:00,491.3,0
2026-03-17 01:00,491.66,0
2026-03-17 02:00,492.14,0
2026-03-17 03:00,492.65,0
2026-03-17 04:00,493.33,0
2026-03-17 05:00,494.24,0
2026-03-17 06:00,495.4,0
2026-03-17 07:00,496.78,0
2026-03-17 08:00,497.5,0
2026-03-17 09:00,498.32,0
2026-03-17 10:00,499.3,0
2026-03-17 11:00,500.26,0
2026-03-17 12:00,500.92,0
2026-03-17 13:00,501.31,0
2026-03-17 14:00,501.5,0
2026-03-17 15:00,501.55,0
2026-03-17 16:00,501.59,0
2026-03-17 17:00,501.6,0
2026-03-17 18:00,501.6,0
2026-03-17 19:00,501.6,0
2026-03-17 20:00,501.78,0
2026-03-17 21:00,501.99,0
2026-03-17 22:00,502.05,0
2026-03-17 23:00,502.07,0
2026-03-18 00:00,502.07,0
2026-03-18 01:00,502.07,0
2026-03-18 02:00,502.07,0
2026-03-18 03:00,502.07,0
2026-03-18 04:00,502.07,0
2026-03-18 05:00,502.07,0
2026-03-18 06:00,502.07,0
2026-03-18 07:00,502.07,0
2026-03-18 08:00,502.09,0
2026-03-18 09:00,502.17,0
2026-03-18 10:00,502.28,0
2026-03-18 11:00,502.33,0
2026-03-18 12:00,502.39,0
2026-03-18 13:00,502.46,0
2026-03-18 14:00,502.56,0
2026-03-18 15:00,502.96,0
2026-03-18 16:00,503.87,0
2026-03-18 17:00,504.32,0
2026-03-18 18:00,505.07,0
2026-03-18 19:00,505.32,0
2026-03-18 20:00,505.36,0
2026-03-18 21:00,505.38,0
2026-03-18 22:00,505.38,0
2026-03-18 23:00,505.39,0
2026-03-19 00:00,505.39,0
2026-03-19 01:00,505.39,0
2026-03-19 02:00,505.39,0
2026-03-19 03:00,505.4,0
2026-03-19 04:00,505.4,0
2026-03-19 05:00,505.4,0
2026-03-19 06:00,505.41,0
2026-03-19 07:00,505.41,0
2026-03-19 08:00,505.45,0
2026-03-19 09:00,505.49,0
2026-03-19 10:00,505.54,0
2026-03-19 11:00,505.58,0
2026-03-19 12:00,505.72,0
2026-03-19 13:00,505.78,0
2026-03-19 14:00,505.88,0
2026-03-19 15:00,505.93,0
2026-03-19 16:00,505.94,0
2026-03-19 17:00,505.95,0
2026-03-19 18:00,505.95,0
2026-03-19 19:00,505.95,0
2026-03-19 20:00,505.95,0
2026-03-19 21:00,505.95,0
2026-03-19 22:00,505.95,0
2026-03-19 23:00,505.95,0
2026-03-20 00:00,505.95,0
2026-03-20 01:00,505.95,0
2026-03-20 02:00,505.95,0
2026-03-20 03:00,505.95,0
2026-03-20 04:00,505.95,0
2026-03-20 05:00,505.95,0
2026-03-20 06:00,505.95,0
2026-03-20 07:00,505.95,0
2026-03-20 08:00,505.95,0
2026-03-20 09:00,505.95,0
2026-03-20 10:00,505.96,0
2026-03-20 11:00,505.99,0
2026-03-20 12:00,506.03,0
2026-03-20 13:00,506.05,0
2026-03-20 14:00,506.07,0
2026-03-20 15:00,506.07,0
2026-03-20 16:00,506.07,0
2026-03-20 17:00,506.07,0
2026-03-20 18:00,506.07,0
2026-03-20 19:00,506.07,0
2026-03-20 20:00,506.07,0
2026-03-20 21:00,506.07,0
2026-03-20 22:00,506.07,0
2026-03-20 23:00,506.07,0
2026-03-21 00:00,506.07,0
2026-03-21 01:00,506.07,0
2026-03-21 02:00,506.07,0
2026-03-21 03:00,506.07,0
2026-03-21 04:00,506.07,0
2026-03-21 05:00,506.07,0
2026-03-21 06:00,506.07,0
2026-03-21 07:00,506.07,0
2026-03-21 08:00,506.07,0
2026-03-21 09:00,506.07,0
2026-03-21 10:00,506.07,0
2026-03-21 11:00,506.07,0
2026-03-21 12:00,506.07,0
2026-03-21 13:00,506.07,0
2026-03-21 14:00,506.09,0
2026-03-21 15:00,506.12,0
2026-03-21 16:00,506.15,0
2026-03-21 17:00,506.18,0
2026-03-21 18:00,506.18,0
2026-03-21 19:00,506.18,0
2026-03-21 20:00,506.18,0
2026-03-21 21:00,506.18,0
2026-03-21 22:00,506.18,0
2026-03-21 23:00,506.18,0
2026-03-22 00:00,506.18,0
2026-03-22 01:00,506.18,0
2026-03-22 02:00,506.18,0
2026-03-22 03:00,506.18,0
2026-03-22 04:00,506.18,0
2026-03-22 05:00,506.18,0
2026-03-22 06:00,506.18,0
2026-03-22 07:00,506.18,0
2026-03-22 08:00,506.18,0
2026-03-22 09:00,506.22,0
2026-03-22 10:00,506.34,0
2026-03-22 11:00,506.49,0
2026-03-22 12:00,506.56,0
2026-03-22 13:00,506.61,0
2026-03-22 14:00,506.67,0
2026-03-22 15:00,506.71,0
2026-03-22 16:00,506.98,0
2026-03-22 17:00,507.87,0
2026-03-22 18:00,507.88,0
2026-03-22 19:00,507.9,0
2026-03-22 20:00,507.9,0
2026-03-22 21:00,507.9,0
2026-03-22 22:00,507.9,0
2026-03-22 23:00,507.9,0
2026-03-23 00:00,507.9,0
2026-03-23 01:00,507.9,0
2026-03-23 02:00,507.9,0
2026-03-23 03:00,507.9,0
2026-03-23 04:00,507.9,0
2026-03-23 05:00,507.9,0
2026-03-23 06:00,507.9,0
2026-03-23 07:00,507.9,0
2026-03-23 08:00,507.9,0
2026-03-23 09:00,507.9,0
2026-03-23 10:00,507.91,0
2026-03-23 11:00,507.93,0
2026-03-23 12:00,507.96,0
2026-03-23 13:00,508.03,0
2026-03-23 14:00,508.15,0
2026-03-23 15:00,508.36,0
2026-03-23 16:00,510.08,0
2026-03-23 17:00,510.52,0
2026-03-23 18:00,510.81,0
2026-03-23 19:00,510.86,0
2026-03-23 20:00,510.94,0
2026-03-23 21:00,511.15,0
2026-03-23 22:00,511.34,0
2026-03-23 23:00,511.55,0
2026-03-24 00:00,511.55,0
2026-03-24 01:00,511.55,0
2026-03-24 02:00,511.55,0
2026-03-24 03:00,511.56,0
2026-03-24 04:00,511.56,0
2026-03-24 05:00,511.56,0
2026-03-24 06:00,511.56,0
2026-03-24 07:00,511.56,0
2026-03-24 08:00,511.56,0
2026-03-24 09:00,511.56,0
2026-03-24 10:00,511.56,0
2026-03-24 11:00,511.56,0
2026-03-24 12:00,511.56,0
2026-03-24 13:00,511.56,0
2026-03-24 14:00,511.6,0
2026-03-24 15:00,511.65,0
2026-03-24 16:00,511.69,0
2026-03-24 17:00,511.72,0
2026-03-24 18:00,511.72,0
2026-03-24 19:00,511.72,0
2026-03-24 20:00,511.72,0
2026-03-24 21:00,511.72,0
2026-03-24 22:00,511.72,0
2026-03-24 23:00,511.72,0
2026-03-25 00:00,511.72,0
2026-03-25 01:00,511.72,0
2026-03-25 02:00,511.72,0
2026-03-25 03:00,511.72,0
2026-03-25 04:00,511.72,0
2026-03-25 05:00,511.72,0
2026-03-25 06:00,511.72,0
2026-03-25 07:00,511.72,0
2026-03-25 08:00,511.72,0
2026-03-25 09:00,511.72,0
2026-03-25 10:00,511.72,0
2026-03-25 11:00,511.72,0
2026-03-25 12:00,511.72,0
2026-03-25 13:00,511.72,0
2026-03-25 14:00,511.72,0
2026-03-25 15:00,511.72,0
2026-03-25 16:00,511.72,0
2026-03-25 17:00,511.72,0
2026-03-25 18:00,511.73,0
2026-03-25 19:00,511.77,0
2026-03-25 20:00,511.81,0
2026-03-25 21:00,511.81,0
2026-03-25 22:00,511.82,0
2026-03-25 23:00,511.82,0
2026-03-26 00:00,511.82,0
2026-03-26 01:00,511.93,0
2026-03-26 02:00,512.33,0
2026-03-26 03:00,512.71,0
2026-03-26 04:00,513.25,0
2026-03-26 05:00,514.02,0
2026-03-26 06:00,514.76,0
2026-03-26 07:00,515.52,0
2026-03-26 08:00,515.85,0
2026-03-26 09:00,516.04,0
2026-03-26 10:00,516.12,0
2026-03-26 11:00,516.68,0
2026-03-26 12:00,517.71,0
2026-03-26 13:00,518.87,0
2026-03-26 14:00,519.48,0
2026-03-26 15:00,520.03,0
2026-03-26 16:00,520.19,0
2026-03-26 17:00,520.48,0
2026-03-26 18:00,521.23,0
2026-03-26 19:00,521.91,0
2026-03-26 20:00,522.96,0
2026-03-26 21:00,524.2,0
2026-03-26 22:00,525.46,0
2026-03-26 23:00,527.01,0
2026-03-27 00:00,528.22,0
2026-03-27 01:00,528.75,0
2026-03-27 02:00,529.02,0
2026-03-27 03:00,529.38,0
2026-03-27 04:00,529.53,0
2026-03-27 05:00,529.55,0
2026-03-27 06:00,529.55,0
2026-03-27 07:00,529.56,0
2026-03-27 08:00,529.57,0
2026-03-27 09:00,529.57,0
2026-03-27 10:00,529.57,0
2026-03-27 11:00,529.57,0
2026-03-27 12:00,529.58,0
2026-03-27 13:00,529.59,0
2026-03-27 14:00,529.6,0
2026-03-27 15:00,529.6,0
2026-03-27 16:00,529.61,0
2026-03-27 17:00,529.79,0
2026-03-27 18:00,529.97,0
2026-03-27 19:00,530.09,0
2026-03-27 20:00,530.1,0
2026-03-27 21:00,530.1,0
2026-03-27 22:00,530.11,0
2026-03-27 23:00,530.11,0
2026-03-28 00:00,530.11,0
2026-03-28 01:00,530.11,0
2026-03-28 02:00,530.11,0
2026-03-28 03:00,530.11,0
2026-03-28 04:00,530.12,0
2026-03-28 05:00,530.13,0
2026-03-28 06:00,530.14,0
2026-03-28 07:00,530.16,0
2026-03-28 08:00,530.17,0
2026-03-28 09:00,530.18,0
2026-03-28 10:00,530.18,0
2026-03-28 11:00,530.19,0
2026-03-28 12:00,530.32,0
2026-03-28 13:00,530.32,0
2026-03-28 14:00,530.32,0
2026-03-28 15:00,530.32,0
2026-03-28 16:00,530.32,0
2026-03-28 17:00,530.32,0
2026-03-28 18:00,530.32,0
2026-03-28 19:00,530.32,0
2026-03-28 20:00,530.32,0
2026-03-28 21:00,530.32,0
2026-03-28 22:00,530.32,0
2026-03-28 23:00,530.32,0
2026-03-29 00:00,530.32,0
2026-03-29 01:00,530.32,0
2026-03-29 02:00,530.32,0
2026-03-29 03:00,530.32,0
2026-03-29 04:00,530.32,0
2026-03-29 05:00,530.32,0
2026-03-29 06:00,530.32,0
2026-03-29 07:00,530.32,0
2026-03-29 08:00,530.32,0
2026-03-29 09:00,530.32,0
2026-03-29 10:00,530.32,0
2026-03-29 11:00,530.32,0
2026-03-29 12:00,530.32,0
2026-03-29 13:00,530.32,0
2026-03-29 14:00,530.32,0
2026-03-29 15:00,530.32,0
2026-03-29 16:00,530.32,0
2026-03-29 17:00,530.32,0
2026-03-29 18:00,530.32,0
2026-03-29 19:00,530.32,0
2026-03-29 20:00,530.32,0
2026-03-29 21:00,530.32,0
2026-03-29 22:00,530.32,0
2026-03-29 23:00,530.32,0
2026-03-30 00:00,530.32,0
2026-03-30 01:00,530.32,0
2026-03-30 02:00,530.32,0
2026-03-30 03:00,530.32,0
2026-03-30 04:00,530.32,0
2026-03-30 05:00,530.32,0
2026-03-30 06:00,530.32,0
2026-03-30 07:00,530.32,0
2026-03-30 08:00,530.32,0
2026-03-30 09:00,530.32,0
2026-03-30 10:00,530.32,0
2026-03-30 11:00,530.32,0
2026-03-30 12:00,530.32,0
2026-03-30 13:00,530.32,0
2026-03-30 14:00,530.33,0
2026-03-30 15:00,530.33,0
2026-03-30 16:00,530.33,0
2026-03-30 17:00,530.33,0
2026-03-30 18:00,530.34,0
2026-03-30 19:00,530.35,0
2026-03-30 20:00,531.5,0
2026-03-30 21:00,533.13,0
2026-03-30 22:00,534.65,0
2026-03-30 23:00,536.63,0
2026-03-31 00:00,538.46,0
2026-03-31 01:00,539.76,0
2026-03-31 02:00,540.68,0
2026-03-31 03:00,541.27,0
2026-03-31 04:00,541.92,0
2026-03-31 05:00,542.44,0
2026-03-31 06:00,542.8,0
2026-03-31 07:00,543.45,0
2026-03-31 08:00,544.24,0
2026-03-31 09:00,544.85,0
2026-03-31 10:00,545.51,0
2026-03-31 11:00,546.17,0
2026-03-31 12:00,546.52,0
2026-03-31 13:00,546.87,0
2026-03-31 14:00,547.22,0
2026-03-31 15:00,547.43,0
2026-03-31 16:00,547.58,0
2026-03-31 17:00,547.72,0
2026-03-31 18:00,547.95,0
2026-03-31 19:00,548.37,0
2026-03-31 20:00,548.58,0
2026-03-31 21:00,549.42,0
2026-03-31 22:00,550.43,0
2026-03-31 23:00,551.09,0
2026-04-01 00:00,552.13,0
2026-04-01 01:00,553.55,0
2026-04-01 02:00,554.73,0
2026-04-01 03:00,556.05,0
2026-04-01 04:00,557.41,0
2026-04-01 05:00,558.77,0
2026-04-01 06:00,560.05,0
2026-04-01 07:00,561.22,0
2026-04-01 08:00,563.01,0
2026-04-01 09:00,564.72,0
2026-04-01 10:00,565.76,0
2026-04-01 11:00,565.93,0
2026-04-01 12:00,565.96,0
2026-04-01 13:00,565.97,0
2026-04-01 14:00,566.0,0
2026-04-01 15:00,566.42,0
2026-04-01 16:00,566.43,0
2026-04-01 17:00,566.45,0
2026-04-01 18:00,566.47,0
2026-04-01 19:00,566.49,0
2026-04-01 20:00,566.56,0
2026-04-01 21:00,566.59,0
2026-04-01 22:00,566.64,0
2026-04-01 23:00,566.75,0
2026-04-02 00:00,566.93,0
2026-04-02 01:00,567.24,0
2026-04-02 02:00,567.73,0
2026-04-02 03:00,568.41,0
2026-04-02 04:00,569.14,0
2026-04-02 05:00,569.88,0
2026-04-02 06:00,570.62,0
2026-04-02 07:00,571.34,0
2026-04-02 08:00,571.7,0
2026-04-02 09:00,572.03,0
2026-04-02 10:00,572.29,0
2026-04-02 11:00,572.48,0
2026-04-02 12:00,572.59,0
2026-04-02 13:00,572.66,0
2026-04-02 14:00,572.71,0
2026-04-02 15:00,572.76,0
2026-04-02 16:00,572.81,0
2026-04-02 17:00,572.88,0
2026-04-02 18:00,572.94,0
2026-04-02 19:00,572.99,0
2026-04-02 20:00,573.1,0
2026-04-02 21:00,573.2,0
2026-04-02 22:00,573.32,0
2026-04-02 23:00,573.48,0
2026-04-03 00:00,573.62,0
2026-04-03 01:00,573.74,0
2026-04-03 02:00,573.82,0
2026-04-03 03:00,573.88,0
2026-04-03 04:00,573.91,0
2026-04-03 05:00,573.94,0
2026-04-03 06:00,573.96,0
2026-04-03 07:00,573.97,0
2026-04-03 08:00,574.09,0
2026-04-03 09:00,574.18,0
2026-04-03 10:00,574.25,0
2026-04-03 11:00,574.32,0
2026-04-03 12:00,574.35,0
2026-04-03 13:00,574.39,0
2026-04-03 14:00,574.43,0
2026-04-03 15:00,574.43,0
2026-04-03 16:00,574.44,0
2026-04-03 17:00,574.44,0
2026-04-03 18:00,574.44,0
2026-04-03 19:00,574.44,0
2026-04-03 20:00,574.44,0
2026-04-03 21:00,574.44,0
2026-04-03 22:00,574.44,0
2026-04-03 23:00,574.44,0
2026-04-04 00:00,574.44,0
2026-04-04 01:00,574.44,0
2026-04-04 02:00,574.44,0
2026-04-04 03:00,574.44,0
2026-04-04 04:00,574.44,0
2026-04-04 05:00,574.44,0
2026-04-04 06:00,574.44,0
2026-04-04 07:00,574.44,0
2026-04-04 08:00,574.44,0
2026-04-04 09:00,574.44,0
2026-04-04 10:00,574.44,0
2026-04-04 11:00,574.44,0
2026-04-04 12:00,574.44,0
2026-04-04 13:00,574.44,0
2026-04-04 14:00,574.44,0
2026-04-04 15:00,574.44,0
2026-04-04 16:00,574.44,0
2026-04-04 17:00,574.44,0
2026-04-04 18:00,574.44,0
2026-04-04 19:00,574.44,0
2026-04-04 20:00,574.44,0
2026-04-04 21:00,574.44,0
2026-04-04 22:00,574.44,0
2026-04-04 23:00,574.44,0
2026-04-05 00:00,574.44,0
2026-04-05 01:00,574.44,0
2026-04-05 02:00,574.44,0
2026-04-05 03:00,574.44,0
2026-04-05 04:00,574.44,0
2026-04-05 05:00,574.44,0
2026-04-05 06:00,574.44,0
2026-04-05 07:00,574.44,0
2026-04-05 08:00,574.44,0
2026-04-05 09:00,574.44,0
2026-04-05 10:00,574.44,0
2026-04-05 11:00,574.44,0
2026-04-05 12:00,574.44,0
2026-04-05 13:00,574.44,0
2026-04-05 14:00,574.44,0
2026-04-05 15:00,574.44,0
2026-04-05 16:00,574.44,0
2026-04-05 17:00,574.44,0
2026-04-05 18:00,574.44,0
2026-04-05 19:00,574.44,0
2026-04-05 20:00,574.44,0
2026-04-05 21:00,574.44,0
2026-04-05 22:00,574.44,0
2026-04-05 23:00,574.44,0
2026-04-06 00:00,574.44,0
2026-04-06 01:00,574.44,0
2026-04-06 02:00,574.44,0
2026-04-06 03:00,574.44,0
2026-04-06 04:00,574.44,0
2026-04-06 05:00,574.44,0
2026-04-06 06:00,574.44,0
2026-04-06 07:00,574.44,0
2026-04-06 08:00,574.44,0
2026-04-06 09:00,574.44,0
2026-04-06 10:00,574.44,0
2026-04-06 11:00,574.44,0
2026-04-06 12:00,574.44,0
2026-04-06 13:00,574.44,0
2026-04-06 14:00,574.44,0
2026-04-06 15:00,574.44,0
2026-04-06 16:00,574.44,0
2026-04-06 17:00,574.44,0
2026-04-06 18:00,574.44,0
2026-04-06 19:00,574.44,0
2026-04-06 20:00,574.44,0
2026-04-06 21:00,574.44,0
2026-04-06 22:00,574.44,0
2026-04-06 23:00,574.44,0
2026-04-07 00:00,574.44,0
2026-04-07 01:00,574.44,0
2026-04-07 02:00,574.44,0
2026-04-07 03:00,574.44,0
2026-04-07 04:00,574.46,0
2026-04-07 05:00,574.47,0
2026-04-07 06:00,574.48,0
2026-04-07 07:00,574.5,0
2026-04-07 08:00,574.55,0
2026-04-07 09:00,574.57,0
2026-04-07 10:00,574.58,0
2026-04-07 11:00,574.58,0
2026-04-07 12:00,574.58,0
2026-04-07 13:00,574.58,0
2026-04-07 14:00,574.58,0
2026-04-07 15:00,574.58,0
2026-04-07 16:00,574.58,0
2026-04-07 17:00,574.58,0
2026-04-07 18:00,574.58,0
2026-04-07 19:00,574.58,0
2026-04-07 20:00,574.58,0
2026-04-07 21:00,574.58,0
2026-04-07 22:00,574.58,0
2026-04-07 23:00,574.58,0
2026-04-08 00:00,574.58,0
2026-04-08 01:00,574.58,0
2026-04-08 02:00,574.58,0
2026-04-08 03:00,574.59,0
2026-04-08 04:00,574.59,0
2026-04-08 05:00,574.6,0
2026-04-08 06:00,574.6,0
2026-04-08 07:00,574.61,0
2026-04-08 08:00,574.62,0
2026-04-08 09:00,574.62,0
2026-04-08 10:00,574.62,0
2026-04-08 11:00,574.62,0
2026-04-08 12:00,574.62,0
2026-04-08 13:00,574.62,0
2026-04-08 14:00,574.62,0
2026-04-08 15:00,574.62,0
2026-04-08 16:00,574.62,0
2026-04-08 17:00,574.62,0
2026-04-08 18:00,574.62,0
2026-04-08 19:00,574.62,0
2026-04-08 20:00,574.62,0
2026-04-08 21:00,574.62,0
2026-04-08 22:00,574.62,0
2026-04-08 23:00,574.62,0
2026-04-09 00:00,574.62,0
2026-04-09 01:00,574.62,0
2026-04-09 02:00,574.62,0
2026-04-09 03:00,574.62,0
2026-04-09 04:00,574.62,0
2026-04-09 05:00,574.62,0
2026-04-09 06:00,574.62,0
2026-04-09 07:00,574.62,0
2026-04-09 08:00,574.62,0
2026-04-09 09:00,574.62,0
2026-04-09 10:00,574.62,0
2026-04-09 11:00,574.62,0
2026-04-09 12:00,574.62,0
2026-04-09 13:00,574.62,0
2026-04-09 14:00,574.62,0
2026-04-09 15:00,574.62,0
2026-04-09 16:00,574.62,0
2026-04-09 17:00,574.62,0
2026-04-09 18:00,574.62,0
2026-04-09 19:00,574.62,0
2026-04-09 20:00,574.62,0
2026-04-09 21:00,574.63,0
2026-04-09 22:00,574.63,0
2026-04-09 23:00,574.65,0
2026-04-10 00:00,574.67,0
2026-04-10 01:00,574.69,0
2026-04-10 02:00,574.71,0
2026-04-10 03:00,574.73,0
2026-04-10 04:00,574.76,0
2026-04-10 05:00,574.8,0
2026-04-10 06:00,574.84,0
2026-04-10 07:00,574.88,0
2026-04-10 08:00,574.94,0
2026-04-10 09:00,574.97,0
2026-04-10 10:00,574.98,0
2026-04-10 11:00,574.99,0
2026-04-10 12:00,575.0,0
2026-04-10 13:00,575.0,0
2026-04-10 14:00,575.0,0
2026-04-10 15:00,575.0,0
2026-04-10 16:00,575.0,0
2026-04-10 17:00,575.0,0
2026-04-10 18:00,575.0,0
2026-04-10 19:00,575.0,0
2026-04-10 20:00,575.0,0
2026-04-10 21:00,575.0,0
2026-04-10 22:00,575.0,0
2026-04-10 23:00,575.0,0
2026-04-11 00:00,575.0,0
2026-04-11 01:00,575.0,0
2026-04-11 02:00,575.0,0
2026-04-11 03:00,575.0,0
2026-04-11 04:00,575.0,0
2026-04-11 05:00,575.0,0
2026-04-11 06:00,575.0,0
2026-04-11 07:00,575.0,0
2026-04-11 08:00,575.0,0
2026-04-11 09:00,575.0,0
2026-04-11 10:00,575.0,0
2026-04-11 11:00,575.0,0
2026-04-11 12:00,575.0,0
2026-04-11 13:00,575.0,0
2026-04-11 14:00,575.0,0
2026-04-11 15:00,575.0,0
2026-04-11 16:00,575.0,0
2026-04-11 17:00,575.0,0
2026-04-11 18:00,575.0,0
2026-04-11 19:00,575.0,0
2026-04-11 20:00,575.0,0
2026-04-11 21:00,575.0,0
2026-04-11 22:00,575.0,0
2026-04-11 23:00,575.0,0
2026-04-12 00:00,575.0,0
2026-04-12 01:00,575.0,0
2026-04-12 02:00,575.0,0
2026-04-12 03:00,575.0,0
2026-04-12 04:00,575.0,0
2026-04-12 05:00,575.0,0
2026-04-12 06:00,575.0,0
2026-04-12 07:00,575.0,0
2026-04-12 08:00,575.0,0
2026-04-12 09:00,575.0,0
2026-04-12 10:00,575.0,0
2026-04-12 11:00,575.0,0
2026-04-12 12:00,575.0,0
2026-04-12 13:00,575.0,0
2026-04-12 14:00,575.0,0
2026-04-12 15:00,575.0,0
2026-04-12 16:00,575.0,0
2026-04-12 17:00,575.0,0
2026-04-12 18:00,575.0,0
2026-04-12 19:00,575.0,0
2026-04-12 20:00,575.0,0
2026-04-12 21:00,575.01,0
2026-04-12 22:00,575.03,0
2026-04-12 23:00,575.04,0
2026-04-13 00:00,575.04,0
2026-04-13 01:00,575.04,0
2026-04-13 02:00,575.04,0
2026-04-13 03:00,575.04,0
2026-04-13 04:00,575.04,0
2026-04-13 05:00,575.04,0
2026-04-13 06:00,575.04,0
2026-04-13 07:00,575.04,0
2026-04-13 08:00,575.04,0
2026-04-13 09:00,575.04,0
2026-04-13 10:00,575.04,0
2026-04-13 11:00,575.04,0
2026-04-13 12:00,575.04,0
2026-04-13 13:00,575.04,0
2026-04-13 14:00,575.04,0
2026-04-13 15:00,575.04,0
2026-04-13 16:00,575.14,0
2026-04-13 17:00,575.14,0
2026-04-13 18:00,575.14,0
2026-04-13 19:00,575.19,0
2026-04-13 20:00,575.28,0
2026-04-13 21:00,575.39,0
2026-04-13 22:00,575.45,0
2026-04-13 23:00,575.51,0
2026-04-14 00:00,575.55,0
2026-04-14 01:00,575.55,0
2026-04-14 02:00,575.55,0
2026-04-14 03:00,575.55,0
2026-04-14 04:00,575.55,0
2026-04-14 05:00,575.56,0
2026-04-14 06:00,575.56,0
2026-04-14 07:00,575.56,0
2026-04-14 08:00,575.61,0
2026-04-14 09:00,575.63,0
2026-04-14 10:00,575.63,0
2026-04-14 11:00,575.64,0
2026-04-14 12:00,575.64,0
2026-04-14 13:00,575.64,0
2026-04-14 14:00,575.64,0
2026-04-14 15:00,575.64,0
2026-04-14 16:00,575.64,0
2026-04-14 17:00,575.64,0
2026-04-14 18:00,575.64,0
2026-04-14 19:00,575.64,0
2026-04-14 20:00,575.64,0
2026-04-14 21:00,575.64,0
2026-04-14 22:00,575.64,0
2026-04-14 23:00,575.89,0
2026-04-15 00:00,578.26,0
2026-04-15 01:00,580.38,0
2026-04-15 02:00,581.09,0
2026-04-15 03:00,581.58,0
2026-04-15 04:00,581.97,0
2026-04-15 05:00,581.97,0
2026-04-15 06:00,581.97,0
2026-04-15 07:00,581.97,0
2026-04-15 08:00,581.97,0
2026-04-15 09:00,581.98,0
2026-04-15 10:00,581.98,0
2026-04-15 11:00,581.98,0
2026-04-15 12:00,581.98,0
2026-04-15 13:00,581.99,0
2026-04-15 14:00,582.0,0
2026-04-15 15:00,582.01,0
2026-04-15 16:00,582.04,0
2026-04-15 17:00,582.38,0
2026-04-15 18:00,582.39,0
2026-04-15 19:00,582.39,0
2026-04-15 20:00,582.39,0
2026-04-15 21:00,582.39,0
2026-04-15 22:00,582.39,0
2026-04-15 23:00,582.39,0
2026-04-16 00:00,582.39,0
2026-04-16 01:00,582.39,0
2026-04-16 02:00,582.39,0
2026-04-16 03:00,582.39,0
2026-04-16 04:00,582.39,0
2026-04-16 05:00,582.39,0
2026-04-16 06:00,582.39,0
2026-04-16 07:00,582.39,0
2026-04-16 08:00,582.39,0
2026-04-16 09:00,582.4,0
2026-04-16 10:00,582.48,0
2026-04-16 11:00,582.72,0
2026-04-16 12:00,582.72,0
2026-04-16 13:00,582.73,0
2026-04-16 14:00,582.75,0
2026-04-16 15:00,582.76,0
2026-04-16 16:00,582.92,0
2026-04-16 17:00,582.95,0
2026-04-16 18:00,582.97,0
2026-04-16 19:00,582.98,0
2026-04-16 20:00,583.0,0
2026-04-16 21:00,583.0,0
2026-04-16 22:00,583.0,0
2026-04-16 23:00,583.0,0
2026-04-17 00:00,583.0,0
2026-04-17 01:00,583.0,0
2026-04-17 02:00,583.0,0
2026-04-17 03:00,583.0,0
2026-04-17 04:00,583.0,0
2026-04-17 05:00,583.0,0
2026-04-17 06:00,583.0,0
2026-04-17 07:00,583.0,0
2026-04-17 08:00,583.0,0
2026-04-17 09:00,583.0,0
2026-04-17 10:00,583.0,0
2026-04-17 11:00,583.0,0
2026-04-17 12:00,583.02,0
2026-04-17 13:00,583.05,0
2026-04-17 14:00,583.06,0
2026-04-17 15:00,583.07,0
2026-04-17 16:00,583.09,0
2026-04-17 17:00,583.09,0
2026-04-17 18:00,583.09,0
2026-04-17 19:00,583.09,0
2026-04-17 20:00,583.09,0
2026-04-17 21:00,583.09,0
2026-04-17 22:00,583.09,0
2026-04-17 23:00,583.09,0
2026-04-18 00:00,583.09,0
2026-04-18 01:00,583.09,0
2026-04-18 02:00,583.09,0
2026-04-18 03:00,583.09,0
2026-04-18 04:00,583.09,0
2026-04-18 05:00,583.09,0
2026-04-18 06:00,583.09,0
2026-04-18 07:00,583.09,0
2026-04-18 08:00,583.09,0
2026-04-18 09:00,583.09,0
2026-04-18 10:00,583.09,0
2026-04-18 11:00,583.09,0
2026-04-18 12:00,583.09,0
2026-04-18 13:00,583.09,0
2026-04-18 14:00,583.09,0
2026-04-18 15:00,583.09,0
2026-04-18 16:00,583.09,0
2026-04-18 17:00,583.09,0
2026-04-18 18:00,583.09,0
2026-04-18 19:00,583.09,0
2026-04-18 20:00,583.09,0
2026-04-18 21:00,583.09,0
2026-04-18 22:00,583.09,0
2026-04-18 23:00,583.09,0
2026-04-19 00:00,583.09,0
2026-04-19 01:00,583.09,0
2026-04-19 02:00,583.09,0
2026-04-19 03:00,583.09,0
2026-04-19 04:00,583.09,0
2026-04-19 05:00,583.09,0
2026-04-19 06:00,583.09,0
2026-04-19 07:00,583.09,0
2026-04-19 08:00,583.09,0
2026-04-19 09:00,583.09,0
2026-04-19 10:00,583.09,0
2026-04-19 11:00,583.09,0
2026-04-19 12:00,583.09,0
2026-04-19 13:00,583.09,0
2026-04-19 14:00,583.09,0
2026-04-19 15:00,583.09,0
2026-04-19 16:00,583.09,0
2026-04-19 17:00,583.09,0
2026-04-19 18:00,583.09,0
2026-04-19 19:00,583.09,0
2026-04-19 20:00,583.09,0
2026-04-19 21:00,583.09,0
2026-04-19 22:00,583.09,0
2026-04-19 23:00,583.09,0
2026-04-20 00:00,583.09,0
2026-04-20 01:00,583.09,0
2026-04-20 02:00,583.09,0
2026-04-20 03:00,583.1,0
2026-04-20 04:00,583.11,0
2026-04-20 05:00,583.12,0
2026-04-20 06:00,583.15,0
2026-04-20 07:00,583.18,0
2026-04-20 08:00,583.19,0
2026-04-20 09:00,583.2,0
2026-04-20 10:00,583.2,0
2026-04-20 11:00,583.21,0
2026-04-20 12:00,583.21,0
2026-04-20 13:00,583.21,0
2026-04-20 14:00,583.21,0
2026-04-20 15:00,583.21,0
2026-04-20 16:00,583.21,0
2026-04-20 17:00,583.21,0
2026-04-20 18:00,583.21,0
2026-04-20 19:00,583.21,0
2026-04-20 20:00,583.21,0
2026-04-20 21:00,583.21,0
2026-04-20 22:00,583.21,0
2026-04-20 23:00,583.21,0
2026-04-21 00:00,583.21,0
2026-04-21 01:00,583.21,0
2026-04-21 02:00,583.21,0
2026-04-21 03:00,583.22,0
2026-04-21 04:00,583.22,0
2026-04-21 05:00,583.23,0
2026-04-21 06:00,583.24,0
2026-04-21 07:00,583.25,0
2026-04-21 08:00,583.26,0
2026-04-21 09:00,583.26,0
2026-04-21 10:00,583.26,0
2026-04-21 11:00,583.26,0
2026-04-21 12:00,583.26,0
2026-04-21 13:00,583.26,0
2026-04-21 14:00,583.26,0
2026-04-21 15:00,583.26,0
2026-04-21 16:00,583.26,0
2026-04-21 17:00,583.26,0
2026-04-21 18:00,583.26,0
2026-04-21 19:00,583.26,0
2026-04-21 20:00,583.26,0
2026-04-21 21:00,583.26,0
2026-04-21 22:00,583.26,0
2026-04-21 23:00,583.26,0
2026-04-22 00:00,583.26,0
2026-04-22 01:00,583.26,0
2026-04-22 02:00,583.26,0
2026-04-22 03:00,583.26,0
2026-04-22 04:00,583.26,0
2026-04-22 05:00,583.26,0
2026-04-22 06:00,583.26,0
2026-04-22 07:00,583.26,0
2026-04-22 08:00,583.27,0
2026-04-22 09:00,583.28,0
2026-04-22 10:00,583.29,0
2026-04-22 11:00,583.33,0
2026-04-22 12:00,583.38,0
2026-04-22 13:00,583.41,0
2026-04-22 14:00,583.42,0
2026-04-22 15:00,583.42,0
2026-04-22 16:00,583.42,0
2026-04-22 17:00,583.42,0
2026-04-22 18:00,583.42,0
2026-04-22 19:00,583.42,0
2026-04-22 20:00,583.42,0
2026-04-22 21:00,583.42,0
2026-04-22 22:00,583.42,0
2026-04-22 23:00,583.42,0
2026-04-23 00:00,583.42,0
2026-04-23 01:00,583.42,0
2026-04-23 02:00,583.42,0
2026-04-23 03:00,583.42,0
2026-04-23 04:00,583.42,0
2026-04-23 05:00,583.42,0
2026-04-23 06:00,583.42,0
2026-04-23 07:00,583.42,0
2026-04-23 08:00,583.42,0
2026-04-23 09:00,583.42,0
2026-04-23 10:00,583.42,0
2026-04-23 11:00,583.42,0
2026-04-23 12:00,583.42,0
2026-04-23 13:00,583.42,0
2026-04-23 14:00,583.42,0
2026-04-23 15:00,583.42,0
2026-04-23 16:00,583.42,0
2026-04-23 17:00,583.42,0
2026-04-23 18:00,583.42,0
2026-04-23 19:00,583.42,0
2026-04-23 20:00,583.42,0
2026-04-23 21:00,583.42,0
2026-04-23 22:00,583.42,0
2026-04-23 23:00,583.42,0
2026-04-24 00:00,583.42,0
2026-04-24 01:00,583.42,0
2026-04-24 02:00,583.42,0
2026-04-24 03:00,583.42,0
2026-04-24 04:00,583.42,0
2026-04-24 05:00,583.42,0
2026-04-24 06:00,583.42,0
2026-04-24 07:00,583.42,0
2026-04-24 08:00,583.42,0
2026-04-24 09:00,583.42,0
2026-04-24 10:00,583.42,0
2026-04-24 11:00,583.42,0
2026-04-24 12:00,583.42,0
2026-04-24 13:00,583.42,0
2026-04-24 14:00,583.42,0
2026-04-24 15:00,583.42,0
2026-04-24 16:00,583.42,0
2026-04-24 17:00,583.42,0
2026-04-24 18:00,583.42,0
2026-04-24 19:00,583.42,0
2026-04-24 20:00,583.42,0
2026-04-24 21:00,583.42,0
2026-04-24 22:00,583.42,0
2026-04-24 23:00,583.42,0
2026-04-25 00:00,583.42,0
2026-04-25 01:00,583.42,0
2026-04-25 02:00,583.42,0
2026-04-25 03:00,583.42,0
2026-04-25 04:00,583.42,0
2026-04-25 05:00,583.42,0
2026-04-25 06:00,583.42,0
2026-04-25 07:00,583.42,0
2026-04-25 08:00,583.42,0
2026-04-25 09:00,583.42,0
2026-04-25 10:00,583.42,0
2026-04-25 11:00,583.42,0
2026-04-25 12:00,583.42,0
2026-04-25 13:00,583.42,0
2026-04-25 14:00,583.42,0
2026-04-25 15:00,583.42,0
2026-04-25 16:00,583.42,0
2026-04-25 17:00,583.42,0
2026-04-25 18:00,583.42,0
2026-04-25 19:00,583.42,0
2026-04-25 20:00,583.42,0
2026-04-25 21:00,583.42,0
2026-04-25 22:00,583.42,0
2026-04-25 23:00,583.42,0
2026-04-26 00:00,583.42,0
2026-04-26 01:00,583.42,0
2026-04-26 02:00,583.42,0
2026-04-26 03:00,583.42,0
2026-04-26 04:00,583.43,0
2026-04-26 05:00,583.46,0
2026-04-26 06:00,583.47,0
2026-04-26 07:00,583.48,0
2026-04-26 08:00,583.49,0
2026-04-26 09:00,583.49,0
2026-04-26 10:00,583.49,0
2026-04-26 11:00,583.49,0
2026-04-26 12:00,583.49,0
2026-04-26 13:00,583.49,0
2026-04-26 14:00,583.49,0
2026-04-26 15:00,583.49,0
2026-04-26 16:00,583.49,0
2026-04-26 17:00,583.49,0
2026-04-26 18:00,583.49,0
2026-04-26 19:00,583.49,0
2026-04-26 20:00,583.49,0
2026-04-26 21:00,583.49,0
2026-04-26 22:00,583.49,0
2026-04-26 23:00,583.49,0
2026-04-27 00:00,583.49,0
2026-04-27 01:00,583.49,0
2026-04-27 02:00,583.49,0
2026-04-27 03:00,583.49,0
2026-04-27 04:00,583.49,0
2026-04-27 05:00,583.49,0
2026-04-27 06:00,583.49,0
2026-04-27 07:00,583.49,0
2026-04-27 08:00,583.49,0
2026-04-27 09:00,583.49,0
2026-04-27 10:00,583.49,0
2026-04-27 11:00,583.49,0
2026-04-27 12:00,583.49,0
2026-04-27 13:00,583.49,0
2026-04-27 14:00,583.49,0
2026-04-27 15:00,583.49,0
2026-04-27 16:00,583.49,0
2026-04-27 17:00,583.49,0
2026-04-27 18:00,583.49,0
2026-04-27 19:00,583.49,0
2026-04-27 20:00,583.49,0
2026-04-27 21:00,583.49,0
2026-04-27 22:00,583.49,0
2026-04-27 23:00,583.49,0
2026-04-28 00:00,583.49,0
2026-04-28 01:00,583.49,0
2026-04-28 02:00,583.49,0
2026-04-28 03:00,583.49,0
2026-04-28 04:00,583.49,0
2026-04-28 05:00,583.49,0
2026-04-28 06:00,583.49,0
2026-04-28 07:00,583.49,0
2026-04-28 08:00,583.49,0
2026-04-28 09:00,583.49,0
2026-04-28 10:00,583.49,0
2026-04-28 11:00,583.49,0
2026-04-28 12:00,583.49,0
2026-04-28 13:00,583.49,0
2026-04-28 14:00,583.49,0
2026-04-28 15:00,583.49,0
2026-04-28 16:00,583.49,0
2026-04-28 17:00,583.49,0
2026-04-28 18:00,583.49,0
2026-04-28 19:00,583.49,0
2026-04-28 20:00,583.49,0
2026-04-28 21:00,583.49,0
2026-04-28 22:00,583.49,0
2026-04-28 23:00,583.49,0
2026-04-29 00:00,583.49,0
2026-04-29 01:00,583.49,0
2026-04-29 02:00,583.49,0
2026-04-29 03:00,583.49,0
2026-04-29 04:00,583.49,0
2026-04-29 05:00,583.49,0
2026-04-29 06:00,583.49,0
2026-04-29 07:00,583.49,0
2026-04-29 08:00,583.49,0
2026-04-29 09:00,583.49,0
2026-04-29 10:00,583.49,0
2026-04-29 11:00,583.49,0
2026-04-29 12:00,583.49,0
2026-04-29 13:00,583.49,0
2026-04-29 14:00,583.49,0
2026-04-29 15:00,583.49,0
2026-04-29 16:00,583.49,0
2026-04-29 17:00,583.49,0
2026-04-29 18:00,583.49,0
2026-04-29 19:00,583.49,0
2026-04-29 20:00,583.49,0
2026-04-29 21:00,583.49,0
2026-04-29 22:00,583.49,0
2026-04-29 23:00,583.53,0
2026-04-30 00:00,583.7,0
2026-04-30 01:00,583.81,0
2026-04-30 02:00,583.84,0
2026-04-30 03:00,583.85,0
2026-04-30 04:00,583.9,0
2026-04-30 05:00,584.05,0
2026-04-30 06:00,584.46,0
2026-04-30 07:00,584.95,0
2026-04-30 08:00,585.44,0
2026-04-30 09:00,585.9,0
2026-04-30 10:00,586.4,0
2026-04-30 11:00,586.62,0
2026-04-30 12:00,586.69,0
2026-04-30 13:00,586.7,0
2026-04-30 14:00,586.7,0
2026-04-30 15:00,586.7,0
2026-04-30 16:00,586.7,0
2026-04-30 17:00,586.7,0
2026-04-30 18:00,586.7,0
2026-04-30 19:00,586.7,0
2026-04-30 20:00,586.7,0
2026-04-30 21:00,586.7,0
2026-04-30 22:00,586.7,0
2026-04-30 23:00,586.7,0
2026-05-01 00:00,586.7,0
2026-05-01 01:00,586.7,0
2026-05-01 02:00,586.7,0
2026-05-01 03:00,586.7,0
2026-05-01 04:00,586.7,0
2026-05-01 05:00,586.7,0
2026-05-01 06:00,586.7,0
2026-05-01 07:00,586.7,0
2026-05-01 08:00,586.7,0
2026-05-01 09:00,586.7,0
2026-05-01 10:00,586.7,0
2026-05-01 11:00,586.7,0
2026-05-01 12:00,586.7,0
2026-05-01 13:00,586.7,0
2026-05-01 14:00,586.7,0
2026-05-01 15:00,586.7,0
2026-05-01 16:00,586.7,0
2026-05-01 17:00,586.7,0
2026-05-01 18:00,586.7,0
2026-05-01 19:00,586.7,0
2026-05-01 20:00,586.7,0
2026-05-01 21:00,586.7,0
2026-05-01 22:00,586.7,0
2026-05-01 23:00,586.7,0
2026-05-02 00:00,586.7,0
2026-05-02 01:00,586.7,0
2026-05-02 02:00,586.7,0
2026-05-02 03:00,586.7,0
2026-05-02 04:00,586.7,0
2026-05-02 05:00,586.7,0
2026-05-02 06:00,586.7,0
2026-05-02 07:00,586.7,0
2026-05-02 08:00,586.7,0
2026-05-02 09:00,586.7,0
2026-05-02 10:00,586.7,0
2026-05-02 11:00,586.7,0
2026-05-02 12:00,586.7,0
2026-05-02 13:00,586.7,0
2026-05-02 14:00,586.7,0
2026-05-02 15:00,586.7,0
2026-05-02 16:00,586.7,0
2026-05-02 17:00,586.7,0
2026-05-02 18:00,586.7,0
2026-05-02 19:00,586.7,0
2026-05-02 20:00,586.7,0
2026-05-02 21:00,586.7,0
2026-05-02 22:00,586.7,0
2026-05-02 23:00,586.7,0
2026-05-03 00:00,586.7,0
2026-05-03 01:00,586.7,0
2026-05-03 02:00,586.7,0
2026-05-03 03:00,586.7,0
2026-05-03 04:00,586.7,0
2026-05-03 05:00,586.7,0
2026-05-03 06:00,586.7,0
2026-05-03 07:00,586.7,0
2026-05-03 08:00,586.7,0
2026-05-03 09:00,586.7,0
2026-05-03 10:00,586.7,0
2026-05-03 11:00,586.7,0
2026-05-03 12:00,586.7,0
2026-05-03 13:00,586.7,0
2026-05-03 14:00,586.7,0
2026-05-03 15:00,586.7,0
2026-05-03 16:00,586.7,0
2026-05-03 17:00,586.7,0
2026-05-03 18:00,586.7,0
2026-05-03 19:00,586.7,0
2026-05-03 20:00,586.7,0
2026-05-03 21:00,586.7,0
2026-05-03 22:00,586.7,0
2026-05-03 23:00,586.7,0
2026-05-04 00:00,586.7,0
2026-05-04 01:00,586.7,0
2026-05-04 02:00,586.7,0
2026-05-04 03:00,586.7,0
2026-05-04 04:00,586.7,0
2026-05-04 05:00,586.7,0
2026-05-04 06:00,586.7,0
2026-05-04 07:00,586.7,0
2026-05-04 08:00,586.7,0
2026-05-04 09:00,586.7,0
2026-05-04 10:00,586.7,0
2026-05-04 11:00,586.7,0
2026-05-04 12:00,586.7,0
2026-05-04 13:00,586.7,0
2026-05-04 14:00,586.7,0
2026-05-04 15:00,586.7,0
2026-05-04 16:00,586.7,0
2026-05-04 17:00,586.7,0
2026-05-04 18:00,586.7,0
2026-05-04 19:00,586.7,0
2026-05-04 20:00,586.7,0
2026-05-04 21:00,586.7,0
2026-05-04 22:00,586.7,0
2026-05-04 23:00,586.7,0
2026-05-05 00:00,586.7,0
2026-05-05 01:00,586.7,0
2026-05-05 02:00,586.7,0
2026-05-05 03:00,586.7,0
2026-05-05 04:00,586.7,0
2026-05-05 05:00,586.7,0
2026-05-05 06:00,587.52,0
2026-05-05 07:00,588.16,0
2026-05-05 08:00,588.77,0
2026-05-05 09:00,588.82,0
2026-05-05 10:00,588.84,0
2026-05-05 11:00,588.84,0
2026-05-05 12:00,588.84,0
2026-05-05 13:00,588.84,0
2026-05-05 14:00,588.84,0
2026-05-05 15:00,589.13,0
2026-05-05 16:00,589.41,0
2026-05-05 17:00,589.57,0
2026-05-05 18:00,589.58,0
2026-05-05 19:00,589.58,0
2026-05-05 20:00,589.59,0
2026-05-05 21:00,589.59,0
2026-05-05 22:00,589.59,0
2026-05-05 23:00,589.59,0
2026-05-06 00:00,589.59,0
2026-05-06 01:00,589.59,0
2026-05-06 02:00,589.59,0
2026-05-06 03:00,589.59,0
2026-05-06 04:00,589.59,0
2026-05-06 05:00,589.59,0
2026-05-06 06:00,589.66,0
2026-05-06 07:00,589.66,0
2026-05-06 08:00,589.72,0
2026-05-06 09:00,589.75,0
2026-05-06 10:00,589.78,0
2026-05-06 11:00,589.78,0
2026-05-06 12:00,589.8,0
2026-05-06 13:00,589.85,0
2026-05-06 14:00,589.87,0
2026-05-06 15:00,589.88,0
2026-05-06 16:00,589.88,0
2026-05-06 17:00,589.88,0
2026-05-06 18:00,589.88,0
2026-05-06 19:00,589.88,0
2026-05-06 20:00,589.9,0
2026-05-06 21:00,589.94,0
2026-05-06 22:00,590.1,0
2026-05-06 23:00,590.11,0
2026-05-07 00:00,590.11,0
2026-05-07 01:00,590.11,0
2026-05-07 02:00,590.11,0
2026-05-07 03:00,590.14,0
2026-05-07 04:00,590.28,0
2026-05-07 05:00,590.37,0
2026-05-07 06:00,590.37,0
2026-05-07 07:00,590.37,0
2026-05-07 08:00,590.37,0
2026-05-07 09:00,590.37,0
2026-05-07 10:00,590.37,0
2026-05-07 11:00,590.37,0
2026-05-07 12:00,590.37,0
2026-05-07 13:00,590.37,0
2026-05-07 14:00,590.37,0
2026-05-07 15:00,590.37,0
2026-05-07 16:00,590.37,0
2026-05-07 17:00,590.37,0
2026-05-07 18:00,590.37,0
2026-05-07 19:00,590.37,0
2026-05-07 20:00,590.37,0
2026-05-07 21:00,590.37,0
2026-05-07 22:00,590.37,0
2026-05-07 23:00,590.37,0
2026-05-08 00:00,590.37,0
2026-05-08 01:00,590.37,0
2026-05-08 02:00,590.37,0
2026-05-08 03:00,590.37,0
2026-05-08 04:00,590.37,0
2026-05-08 05:00,590.37,0
2026-05-08 06:00,590.38,0
2026-05-08 07:00,590.66,0
2026-05-08 08:00,590.71,0
2026-05-08 09:00,590.74,0
2026-05-08 10:00,590.76,0
2026-05-08 11:00,590.81,0
2026-05-08 12:00,590.89,0
2026-05-08 13:00,590.94,0
2026-05-08 14:00,590.94,0
2026-05-08 15:00,590.99,0
2026-05-08 16:00,590.99,0
2026-05-08 17:00,590.99,0
2026-05-08 18:00,590.99,0
2026-05-08 19:00,590.99,0
2026-05-08 20:00,590.99,0
2026-05-08 21:00,590.99,0
2026-05-08 22:00,590.99,0
2026-05-08 23:00,590.99,0
2026-05-09 00:00,590.99,0
2026-05-09 01:00,590.99,0
2026-05-09 02:00,590.99,0
2026-05-09 03:00,590.99,0
2026-05-09 04:00,590.99,0
2026-05-09 05:00,590.99,0
2026-05-09 06:00,590.99,0
2026-05-09 07:00,590.99,0
2026-05-09 08:00,590.99,0
2026-05-09 09:00,590.99,0
2026-05-09 10:00,590.99,0
2026-05-09 11:00,590.99,0
2026-05-09 12:00,590.99,0
2026-05-09 13:00,590.99,0
2026-05-09 14:00,590.99,0
2026-05-09 15:00,590.99,0
2026-05-09 16:00,590.99,0
2026-05-09 17:00,590.99,0
2026-05-09 18:00,590.99,0
2026-05-09 19:00,590.99,0
2026-05-09 20:00,590.99,0
2026-05-09 21:00,590.99,0
2026-05-09 22:00,591.08,0
2026-05-09 23:00,591.14,0
2026-05-10 00:00,591.25,0
2026-05-10 01:00,591.79,0
2026-05-10 02:00,591.93,0
2026-05-10 03:00,591.93,0
2026-05-10 04:00,592.1,0
2026-05-10 05:00,592.52,0
2026-05-10 06:00,592.57,0
2026-05-10 07:00,592.57,0
2026-05-10 08:00,592.57,0
2026-05-10 09:00,592.57,0
2026-05-10 10:00,592.57,0
2026-05-10 11:00,592.58,0
2026-05-10 12:00,592.59,0
2026-05-10 13:00,592.59,0
2026-05-10 14:00,592.6,0
2026-05-10 15:00,592.61,0
2026-05-10 16:00,592.61,0
2026-05-10 17:00,592.62,0
2026-05-10 18:00,592.68,0
2026-05-10 19:00,592.86,0
2026-05-10 20:00,593.13,0
2026-05-10 21:00,593.38,0
2026-05-10 22:00,593.64,0
2026-05-10 23:00,594.09,0
2026-05-11 00:00,594.66,0
2026-05-11 01:00,595.02,0
2026-05-11 02:00,595.43,0
2026-05-11 03:00,596.04,0
2026-05-11 04:00,596.63,0
2026-05-11 05:00,597.3,0
2026-05-11 06:00,597.95,0
2026-05-11 07:00,598.6,0
2026-05-11 08:00,599.0,0
2026-05-11 09:00,599.46,0
2026-05-11 10:00,599.81,0
2026-05-11 11:00,600.09,0
2026-05-11 12:00,600.19,0
2026-05-11 13:00,600.21,0
2026-05-11 14:00,600.21,0
2026-05-11 15:00,600.21,0
2026-05-11 16:00,600.21,0
2026-05-11 17:00,600.21,0
2026-05-11 18:00,600.21,0
2026-05-11 19:00,600.21,0
2026-05-11 20:00,600.23,0
2026-05-11 21:00,600.28,0
2026-05-11 22:00,600.36,0
2026-05-11 23:00,600.43,0
2026-05-12 00:00,600.53,0
2026-05-12 01:00,600.65,0
2026-05-12 02:00,600.75,0
2026-05-12 03:00,600.83,0
2026-05-12 04:00,600.95,0
2026-05-12 05:00,601.11,0
2026-05-12 06:00,601.39,0
2026-05-12 07:00,601.73,0
2026-05-12 08:00,602.13,0
2026-05-12 09:00,602.29,0
2026-05-12 10:00,602.31,0
2026-05-12 11:00,602.31,0
2026-05-12 12:00,602.31,0
2026-05-12 13:00,602.32,0
2026-05-12 14:00,602.33,0
2026-05-12 15:00,602.34,0
2026-05-12 16:00,602.35,0
2026-05-12 17:00,602.36,0
2026-05-12 18:00,602.38,0
2026-05-12 19:00,602.42,0
2026-05-12 20:00,602.44,0
2026-05-12 21:00,602.47,0
2026-05-12 22:00,602.48,0
2026-05-12 23:00,602.56,0
2026-05-13 00:00,602.67,0
2026-05-13 01:00,602.68,0
2026-05-13 02:00,602.69,0
2026-05-13 03:00,602.7,0
2026-05-13 04:00,602.83,0
2026-05-13 05:00,603.16,0
2026-05-13 06:00,603.22,0
2026-05-13 07:00,603.28,0
2026-05-13 08:00,604.01,0
2026-05-13 09:00,605.31,0
2026-05-13 10:00,607.68,0
2026-05-13 11:00,608.83,0
2026-05-13 12:00,609.86,0
2026-05-13 13:00,610.34,0
2026-05-13 14:00,612.48,0
2026-05-13 15:00,613.94,0
2026-05-13 16:00,614.79,0
2026-05-13 17:00,616.83,0
2026-05-13 18:00,618.28,0
2026-05-13 19:00,619.72,0
2026-05-13 20:00,619.77,0
2026-05-13 21:00,619.77,0
2026-05-13 22:00,619.83,0
2026-05-13 23:00,619.96,0
2026-05-14 00:00,620.11,0
2026-05-14 01:00,620.16,0
2026-05-14 02:00,620.25,0
2026-05-14 03:00,620.33,0
2026-05-14 04:00,620.38,0
2026-05-14 05:00,620.41,0
2026-05-14 06:00,620.42,0
2026-05-14 07:00,620.43,0
2026-05-14 08:00,620.43,0
2026-05-14 09:00,620.54,0
2026-05-14 10:00,620.79,0
2026-05-14 11:00,620.96,0
2026-05-14 12:00,621.27,0
2026-05-14 13:00,621.67,0
2026-05-14 14:00,621.79,0
2026-05-14 15:00,621.97,0
2026-05-14 16:00,622.4,0
2026-05-14 17:00,622.52,0
2026-05-14 18:00,622.66,0
2026-05-14 19:00,622.78,0
2026-05-14 20:00,622.87,0
2026-05-14 21:00,622.9,0
2026-05-14 22:00,622.92,0
2026-05-14 23:00,622.99,0
2026-05-15 00:00,623.08,0
2026-05-15 01:00,623.18,0
2026-05-15 02:00,623.39,0
2026-05-15 03:00,623.98,0
2026-05-15 04:00,625.26,0
2026-05-15 05:00,626.99,0
2026-05-15 06:00,628.83,0
2026-05-15 07:00,630.21,0
2026-05-15 08:00,632.36,0
2026-05-15 09:00,634.24,0
2026-05-15 10:00,636.93,0
2026-05-15 11:00,640.16,0
2026-05-15 12:00,642.55,0
2026-05-15 13:00,643.6,0
2026-05-15 14:00,644.34,0
2026-05-15 15:00,644.64,0
2026-05-15 16:00,644.75,0
2026-05-15 17:00,644.76,0
2026-05-15 18:00,644.76,0
2026-05-15 19:00,644.76,0
2026-05-15 20:00,645.22,0
2026-05-15 21:00,646.07,0
2026-05-15 22:00,646.76,0
2026-05-15 23:00,647.12,0
2026-05-16 00:00,647.53,0
2026-05-16 01:00,648.32,0
2026-05-16 02:00,649.15,0
2026-05-16 03:00,650.14,0
2026-05-16 04:00,652.26,0
2026-05-16 05:00,654.58,0
2026-05-16 06:00,658.25,0
2026-05-16 07:00,661.15,0
2026-05-16 08:00,665.4,0
2026-05-16 09:00,667.48,0
2026-05-16 10:00,667.74,0
2026-05-16 11:00,667.8,0
2026-05-16 12:00,667.88,0
2026-05-16 13:00,667.94,0
2026-05-16 14:00,668.05,0
2026-05-16 15:00,668.13,0
2026-05-16 16:00,668.16,0
2026-05-16 17:00,668.2,0
2026-05-16 18:00,668.3,0
2026-05-16 19:00,668.39,0
2026-05-16 20:00,668.4,0
2026-05-16 21:00,668.41,0
2026-05-16 22:00,668.41,0
2026-05-16 23:00,668.41,0
2026-05-17 00:00,668.41,0
2026-05-17 01:00,668.41,0
2026-05-17 02:00,668.41,0
2026-05-17 03:00,668.41,0
2026-05-17 04:00,668.41,0
2026-05-17 05:00,668.41,0
2026-05-17 06:00,668.41,0
2026-05-17 07:00,668.41,0
2026-05-17 08:00,668.41,0
2026-05-17 09:00,668.41,0
2026-05-17 10:00,668.41,0
2026-05-17 11:00,668.41,0
2026-05-17 12:00,668.41,0
2026-05-17 13:00,668.41,0
2026-05-17 14:00,668.42,0
2026-05-17 15:00,668.44,0
2026-05-17 16:00,668.44,0
2026-05-17 17:00,668.47,0
2026-05-17 18:00,668.47,0
2026-05-17 19:00,668.47,0
2026-05-17 20:00,668.47,0
2026-05-17 21:00,668.47,0
2026-05-17 22:00,668.47,0
2026-05-17 23:00,668.47,0
2026-05-18 00:00,668.47,0
2026-05-18 01:00,668.47,0
2026-05-18 02:00,668.47,0
2026-05-18 03:00,668.47,0
2026-05-18 04:00,668.47,0
2026-05-18 05:00,668.47,0
2026-05-18 06:00,668.47,0
2026-05-18 07:00,668.47,0
2026-05-18 08:00,668.47,0
2026-05-18 09:00,668.48,0
2026-05-18 10:00,668.55,0
2026-05-18 11:00,668.56,0
2026-05-18 12:00,668.63,0
2026-05-18 13:00,668.73,0
2026-05-18 14:00,668.81,0
2026-05-18 15:00,668.82,0
2026-05-18 16:00,668.82,0
2026-05-18 17:00,668.82,0
2026-05-18 18:00,668.82,0
2026-05-18 19:00,668.82,0
2026-05-18 20:00,668.82,0
2026-05-18 21:00,668.82,0
2026-05-18 22:00,668.82,0
2026-05-18 23:00,668.82,0
2026-05-19 00:00,668.82,0
2026-05-19 01:00,668.82,0
2026-05-19 02:00,668.82,0
2026-05-19 03:00,668.82,0
2026-05-19 04:00,668.82,0
2026-05-19 05:00,668.82,0
2026-05-19 06:00,668.83,0
2026-05-19 07:00,668.83,0
2026-05-19 08:00,668.88,0
2026-05-19 09:00,668.9,0
2026-05-19 10:00,668.92,0
2026-05-19 11:00,668.96,0
2026-05-19 12:00,669.0,0
2026-05-19 13:00,669.02,0
2026-05-19 14:00,669.08,0
2026-05-19 15:00,669.12,0
2026-05-19 16:00,669.17,0
2026-05-19 17:00,669.17,0
2026-05-19 18:00,669.17,0
2026-05-19 19:00,669.17,0
2026-05-19 20:00,669.17,0
2026-05-19 21:00,669.17,0
2026-05-19 22:00,669.17,0
2026-05-19 23:00,669.17,0
2026-05-20 00:00,669.17,0
2026-05-20 01:00,669.17,0
2026-05-20 02:00,669.17,0
2026-05-20 03:00,669.17,0
2026-05-20 04:00,669.17,0
2026-05-20 05:00,669.17,0
2026-05-20 06:00,669.17,0
2026-05-20 07:00,669.17,0
2026-05-20 08:00,669.17,0
2026-05-20 09:00,669.17,0
2026-05-20 10:00,669.17,0
2026-05-20 11:00,669.18,0
2026-05-20 12:00,669.18,0
2026-05-20 13:00,669.19,0
2026-05-20 14:00,669.21,0
2026-05-20 15:00,669.22,0
2026-05-20 16:00,669.26,0
2026-05-20 17:00,669.26,0
2026-05-20 18:00,669.26,0
2026-05-20 19:00,669.26,0
2026-05-20 20:00,669.26,0
2026-05-20 21:00,669.26,0
2026-05-20 22:00,669.26,0
2026-05-20 23:00,669.26,0
2026-05-21 00:00,669.26,0
2026-05-21 01:00,669.26,0
2026-05-21 02:00,669.26,0
2026-05-21 03:00,669.26,0
2026-05-21 04:00,669.26,0
2026-05-21 05:00,669.26,0
2026-05-21 06:00,669.26,0
2026-05-21 07:00,669.26,0
2026-05-21 08:00,669.26,0
2026-05-21 09:00,669.26,0
2026-05-21 10:00,669.26,0
2026-05-21 11:00,669.26,0
2026-05-21 12:00,669.26,0
2026-05-21 13:00,669.26,0
2026-05-21 14:00,669.26,0
2026-05-21 15:00,669.26,0
2026-05-21 16:00,669.26,0
2026-05-21 17:00,669.26,0
2026-05-21 18:00,669.26,0
2026-05-21 19:00,669.26,0
2026-05-21 20:00,669.26,0
2026-05-21 21:00,669.26,0
2026-05-21 22:00,669.26,0
2026-05-21 23:00,669.26,0
2026-05-22 00:00,669.26,0
2026-05-22 01:00,669.26,0
2026-05-22 02:00,669.26,0
2026-05-22 03:00,669.26,0
2026-05-22 04:00,669.26,0
2026-05-22 05:00,669.26,0
2026-05-22 06:00,669.26,0
2026-05-22 07:00,669.26,0
2026-05-22 08:00,669.26,0
2026-05-22 09:00,669.26,0
2026-05-22 10:00,669.26,0
2026-05-22 11:00,669.26,0
2026-05-22 12:00,669.26,0
2026-05-22 13:00,669.26,0
2026-05-22 14:00,669.26,0
2026-05-22 15:00,669.26,0
2026-05-22 16:00,669.26,0
2026-05-22 17:00,669.26,0
2026-05-22 18:00,669.26,0
2026-05-22 19:00,669.26,0
2026-05-22 20:00,669.26,0
2026-05-22 21:00,669.26,0
2026-05-22 22:00,669.26,0
2026-05-22 23:00,669.26,0
2026-05-23 00:00,669.26,0
2026-05-23 01:00,669.26,0
2026-05-23 02:00,669.26,0
2026-05-23 03:00,669.26,0
2026-05-23 04:00,669.26,0
2026-05-23 05:00,669.26,0
2026-05-23 06:00,669.26,0
2026-05-23 07:00,669.26,0
2026-05-23 08:00,669.26,0
2026-05-23 09:00,669.26,0
2026-05-23 10:00,669.26,0
2026-05-23 11:00,669.26,0
2026-05-23 12:00,669.26,0
2026-05-23 13:00,669.26,0
2026-05-23 14:00,669.26,0
2026-05-23 15:00,669.26,0
2026-05-23 16:00,669.26,0
2026-05-23 17:00,669.26,0
2026-05-23 18:00,669.26,0
2026-05-23 19:00,669.26,0
2026-05-23 20:00,669.26,0
2026-05-23 21:00,669.26,0
2026-05-23 22:00,669.26,0
2026-05-23 23:00,669.26,0
2026-05-24 00:00,669.26,0
2026-05-24 01:00,669.26,0
2026-05-24 02:00,669.26,0
2026-05-24 03:00,669.26,0
2026-05-24 04:00,669.26,0
2026-05-24 05:00,669.26,0
2026-05-24 06:00,669.26,0
2026-05-24 07:00,669.26,0
2026-05-24 08:00,669.26,0
2026-05-24 09:00,669.26,0
2026-05-24 10:00,669.26,0
2026-05-24 11:00,669.26,0
2026-05-24 12:00,669.26,0
2026-05-24 13:00,669.26,0
2026-05-24 14:00,669.26,0
2026-05-24 15:00,669.26,0
2026-05-24 16:00,669.26,0
2026-05-24 17:00,669.26,0
2026-05-24 18:00,669.26,0
2026-05-24 19:00,669.26,0
2026-05-24 20:00,669.26,0
2026-05-24 21:00,669.26,0
2026-05-24 22:00,669.26,0
2026-05-24 23:00,669.26,0
2026-05-25 00:00,669.26,0
2026-05-25 01:00,669.26,0
2026-05-25 02:00,669.26,0
2026-05-25 03:00,669.26,0
2026-05-25 04:00,669.26,0
2026-05-25 05:00,669.26,0
2026-05-25 06:00,669.26,0
2026-05-25 07:00,669.26,0
2026-05-25 08:00,669.26,0
2026-05-25 09:00,669.26,0
2026-05-25 10:00,669.27,0
2026-05-25 11:00,669.29,0
2026-05-25 12:00,669.31,0
2026-05-25 13:00,669.31,0
2026-05-25 14:00,669.31,0
2026-05-25 15:00,669.31,0
2026-05-25 16:00,669.31,0
2026-05-25 17:00,669.31,0
2026-05-25 18:00,669.31,0
2026-05-25 19:00,669.31,0
2026-05-25 20:00,669.31,0
2026-05-25 21:00,669.31,0
2026-05-25 22:00,669.31,0
2026-05-25 23:00,669.31,0
2026-05-26 00:00,669.31,0
2026-05-26 01:00,669.31,0
2026-05-26 02:00,669.31,0
2026-05-26 03:00,669.31,0
2026-05-26 04:00,669.31,0
2026-05-26 05:00,669.31,0
2026-05-26 06:00,669.31,0
2026-05-26 07:00,669.31,0
2026-05-26 08:00,669.31,0
2026-05-26 09:00,669.31,0
2026-05-26 10:00,669.31,0
2026-05-26 11:00,669.31,0
2026-05-26 12:00,669.31,0
2026-05-26 13:00,669.31,0
2026-05-26 14:00,669.31,0
2026-05-26 15:00,669.31,0
2026-05-26 16:00,669.31,0
2026-05-26 17:00,669.31,0
2026-05-26 18:00,669.31,0
2026-05-26 19:00,669.31,0
2026-05-26 20:00,669.31,0
2026-05-26 21:00,669.31,0
2026-05-26 22:00,669.31,0
2026-05-26 23:00,669.31,0
2026-05-27 00:00,669.31,0
2026-05-27 01:00,669.31,0
2026-05-27 02:00,669.31,0
2026-05-27 03:00,669.31,0
2026-05-27 04:00,669.31,0
2026-05-27 05:00,669.31,0
2026-05-27 06:00,669.31,0
2026-05-27 07:00,669.31,0
2026-05-27 08:00,669.31,0
2026-05-27 09:00,669.31,0
2026-05-27 10:00,669.31,0
2026-05-27 11:00,669.31,0
2026-05-27 12:00,669.31,0
2026-05-27 13:00,669.31,0
2026-05-27 14:00,669.31,0
2026-05-27 15:00,669.31,0
2026-05-27 16:00,669.31,0
2026-05-27 17:00,669.31,0
2026-05-27 18:00,669.31,0
2026-05-27 19:00,669.31,0
2026-05-27 20:00,669.31,0
2026-05-27 21:00,669.31,0
2026-05-27 22:00,669.31,0
2026-05-27 23:00,669.31,0
2026-05-28 00:00,669.31,0
2026-05-28 01:00,669.31,0
2026-05-28 02:00,669.31,0
2026-05-28 03:00,669.31,0
2026-05-28 04:00,669.31,0
2026-05-28 05:00,669.31,0
2026-05-28 06:00,669.31,0
2026-05-28 07:00,669.31,0
2026-05-28 08:00,669.34,0
2026-05-28 09:00,669.34,0
2026-05-28 10:00,669.34,0
2026-05-28 11:00,669.34,0
2026-05-28 12:00,669.34,0
2026-05-28 13:00,669.36,0
2026-05-28 14:00,669.62,0
2026-05-28 15:00,669.62,0
2026-05-28 16:00,669.62,0
2026-05-28 17:00,669.62,0
2026-05-28 18:00,669.62,0
2026-05-28 19:00,669.62,0
2026-05-28 20:00,669.62,0
2026-05-28 21:00,669.62,0
2026-05-28 22:00,669.62,0
2026-05-28 23:00,669.62,0
2026-05-29 00:00,669.62,0
2026-05-29 01:00,669.62,0
2026-05-29 02:00,669.62,0
2026-05-29 03:00,669.62,0
2026-05-29 04:00,669.62,0
2026-05-29 05:00,669.62,0
2026-05-29 06:00,669.62,0
2026-05-29 07:00,669.62,0
2026-05-29 08:00,669.62,0
2026-05-29 09:00,669.62,0
2026-05-29 10:00,669.62,0
2026-05-29 11:00,669.62,0
2026-05-29 12:00,669.62,0
2026-05-29 13:00,669.62,0
2026-05-29 14:00,669.62,0
2026-05-29 15:00,669.62,0
2026-05-29 16:00,669.62,0
2026-05-29 17:00,669.62,0
2026-05-29 18:00,669.62,0
2026-05-29 19:00,669.62,0
2026-05-29 20:00,669.62,0
2026-05-29 21:00,669.62,0
2026-05-29 22:00,669.62,0
2026-05-29 23:00,669.62,0
2026-05-30 00:00,669.62,0
2026-05-30 01:00,669.62,0
2026-05-30 02:00,669.62,0
2026-05-30 03:00,669.62,0
2026-05-30 04:00,669.62,0
2026-05-30 05:00,669.62,0
2026-05-30 06:00,669.62,0
2026-05-30 07:00,669.62,0
2026-05-30 08:00,669.62,0
2026-05-30 09:00,669.62,0
2026-05-30 10:00,669.62,0
2026-05-30 11:00,669.62,0
2026-05-30 12:00,669.62,0
2026-05-30 13:00,669.62,0
2026-05-30 14:00,669.62,0
2026-05-30 15:00,669.62,0
2026-05-30 16:00,669.62,0
2026-05-30 17:00,669.62,0
2026-05-30 18:00,669.62,0
2026-05-30 19:00,669.62,0
2026-05-30 20:00,669.62,0
2026-05-30 21:00,669.62,0
2026-05-30 22:00,669.62,0
2026-05-30 23:00,669.62,0
2026-05-31 00:00,669.62,0
2026-05-31 01:00,669.62,0
2026-05-31 02:00,669.62,0
2026-05-31 03:00,669.62,0
2026-05-31 04:00,669.62,0
2026-05-31 05:00,669.62,0
2026-05-31 06:00,669.62,0
2026-05-31 07:00,669.62,0
2026-05-31 08:00,669.62,0
2026-05-31 09:00,669.62,0
2026-05-31 10:00,669.62,0
2026-05-31 11:00,669.62,0
2026-05-31 12:00,669.62,0
2026-05-31 13:00,669.62,0
2026-05-31 14:00,669.62,0
2026-05-31 15:00,669.62,0
2026-05-31 16:00,669.62,0
2026-05-31 17:00,669.62,0
2026-05-31 18:00,669.62,0
2026-05-31 19:00,669.62,0
2026-05-31 20:00,669.62,0
2026-05-31 21:00,669.62,0
2026-05-31 22:00,669.62,0
2026-05-31 23:00,669.62,0
2026-06-01 00:00,669.62,0
2026-06-01 01:00,669.62,0
2026-06-01 02:00,669.62,0
2026-06-01 03:00,669.62,0
2026-06-01 04:00,669.62,0
2026-06-01 05:00,669.62,0
2026-06-01 06:00,669.62,0
2026-06-01 07:00,669.62,0
2026-06-01 08:00,669.63,0
2026-06-01 09:00,669.63,0
2026-06-01 10:00,669.63,0
2026-06-01 11:00,669.63,0
2026-06-01 12:00,669.63,0
2026-06-01 13:00,669.63,0
2026-06-01 14:00,669.63,0
2026-06-01 15:00,669.63,0
2026-06-01 16:00,669.63,0
2026-06-01 17:00,669.63,0
2026-06-01 18:00,669.63,0
2026-06-01 19:00,669.63,0
2026-06-01 20:00,669.63,0
2026-06-01 21:00,669.63,0
2026-06-01 22:00,669.63,0
2026-06-01 23:00,669.63,0
2026-06-02 00:00,669.63,0
2026-06-02 01:00,669.63,0
2026-06-02 02:00,669.64,0
2026-06-02 03:00,669.64,0
2026-06-02 04:00,669.66,0
2026-06-02 05:00,669.67,0
2026-06-02 06:00,669.71,0
2026-06-02 07:00,669.74,0
2026-06-02 08:00,669.74,0
2026-06-02 09:00,669.75,0
2026-06-02 10:00,669.75,0
2026-06-02 11:00,669.75,0
2026-06-02 12:00,669.75,0
2026-06-02 13:00,669.75,0
2026-06-02 14:00,669.75,0
2026-06-02 15:00,669.75,0
2026-06-02 16:00,669.75,0
2026-06-02 17:00,669.75,0
2026-06-02 18:00,669.75,0
2026-06-02 19:00,669.75,0
2026-06-02 20:00,669.76,0
2026-06-02 21:00,669.77,0
2026-06-02 22:00,669.79,0
2026-06-02 23:00,669.89,0
2026-06-03 00:00,670.02,0
2026-06-03 01:00,670.13,0
2026-06-03 02:00,670.26,0
2026-06-03 03:00,670.45,0
2026-06-03 04:00,670.68,0
2026-06-03 05:00,670.92,0
2026-06-03 06:00,671.28,0
2026-06-03 07:00,671.51,0
2026-06-03 08:00,671.75,0
2026-06-03 09:00,671.85,0
2026-06-03 10:00,672.02,0
2026-06-03 11:00,672.66,0
2026-06-03 12:00,672.9,0
2026-06-03 13:00,674.03,0
2026-06-03 14:00,674.3,0
2026-06-03 15:00,674.36,0
2026-06-03 16:00,674.45,0
2026-06-03 17:00,674.53,0
2026-06-03 18:00,674.56,0
2026-06-03 19:00,674.57,0
2026-06-03 20:00,674.58,0
2026-06-03 21:00,674.58,0
2026-06-03 22:00,674.58,0
2026-06-03 23:00,674.58,0
2026-06-04 00:00,674.58,0
2026-06-04 01:00,674.58,0
2026-06-04 02:00,674.58,0
2026-06-04 03:00,674.58,0
2026-06-04 04:00,674.58,0
2026-06-04 05:00,674.58,0
2026-06-04 06:00,674.58,0
2026-06-04 07:00,674.58,0
2026-06-04 08:00,674.58,0
2026-06-04 09:00,674.58,0
2026-06-04 10:00,674.58,0
2026-06-04 11:00,674.58,0
2026-06-04 12:00,674.58,0
2026-06-04 13:00,674.58,0
2026-06-04 14:00,674.58,0
2026-06-04 15:00,674.58,0
2026-06-04 16:00,674.58,0
2026-06-04 17:00,674.58,0
2026-06-04 18:00,674.58,0
2026-06-04 19:00,674.58,0
2026-06-04 20:00,674.58,0
2026-06-04 21:00,674.58,0
2026-06-04 22:00,674.58,0
2026-06-04 23:00,674.58,0
2026-06-05 00:00,674.58,0
2026-06-05 01:00,674.58,0
2026-06-05 02:00,674.58,0
2026-06-05 03:00,674.59,0
2026-06-05 04:00,674.59,0
2026-06-05 05:00,674.62,0
2026-06-05 06:00,674.66,0
2026-06-05 07:00,674.68,0
2026-06-05 08:00,674.69,0
2026-06-05 09:00,674.69,0
2026-06-05 10:00,674.69,0
2026-06-05 11:00,674.69,0
2026-06-05 12:00,674.69,0
2026-06-05 13:00,674.69,0
2026-06-05 14:00,674.69,0
2026-06-05 15:00,674.69,0
2026-06-05 16:00,674.69,0
2026-06-05 17:00,674.69,0
2026-06-05 18:00,674.69,0
2026-06-05 19:00,674.69,0
2026-06-05 20:00,674.69,0
2026-06-05 21:00,674.69,0
2026-06-05 22:00,674.69,0
2026-06-05 23:00,674.69,0
2026-06-06 00:00,674.69,0
2026-06-06 01:00,674.69,0
2026-06-06 02:00,674.69,0
2026-06-06 03:00,674.69,0
2026-06-06 04:00,674.69,0
2026-06-06 05:00,674.69,0
2026-06-06 06:00,674.69,0
2026-06-06 07:00,674.69,0
2026-06-06 08:00,674.69,0
2026-06-06 09:00,674.69,0
2026-06-06 10:00,674.69,0
2026-06-06 11:00,674.69,0
2026-06-06 12:00,674.69,0
2026-06-06 13:00,674.69,0
2026-06-06 14:00,674.69,0
2026-06-06 15:00,674.69,0
2026-06-06 16:00,674.69,0
2026-06-06 17:00,674.69,0
2026-06-06 18:00,674.69,0
2026-06-06 19:00,674.69,0
2026-06-06 20:00,674.69,0
2026-06-06 21:00,674.69,0
2026-06-06 22:00,674.69,0
2026-06-06 23:00,674.69,0
2026-06-07 00:00,674.69,0
2026-06-07 01:00,674.69,0
2026-06-07 02:00,674.69,0
2026-06-07 03:00,674.69,0
2026-06-07 04:00,674.69,0
2026-06-07 05:00,674.69,0
2026-06-07 06:00,674.69,0
2026-06-07 07:00,674.69,0
2026-06-07 08:00,674.69,0
2026-06-07 09:00,674.69,0
2026-06-07 10:00,674.69,0
2026-06-07 11:00,674.69,0
2026-06-07 12:00,674.69,0
2026-06-07 13:00,674.69,0
2026-06-07 14:00,674.69,0
2026-06-07 15:00,674.69,0
2026-06-07 16:00,674.69,0
2026-06-07 17:00,674.69,0
2026-06-07 18:00,674.69,0
2026-06-07 19:00,674.69,0
2026-06-07 20:00,674.69,0
2026-06-07 21:00,674.69,0
2026-06-07 22:00,674.69,0
2026-06-07 23:00,674.69,0
2026-06-08 00:00,674.69,0
2026-06-08 01:00,674.69,0
2026-06-08 02:00,674.69,0
2026-06-08 03:00,674.69,0
2026-06-08 04:00,674.69,0
2026-06-08 05:00,674.69,0
2026-06-08 06:00,674.69,0
2026-06-08 07:00,674.69,0
2026-06-08 08:00,674.69,0
2026-06-08 09:00,674.69,0
2026-06-08 10:00,674.69,0
2026-06-08 11:00,674.7,0
2026-06-08 12:00,674.7,0
2026-06-08 13:00,674.7,0
2026-06-08 14:00,674.7,0
2026-06-08 15:00,674.7,0
2026-06-08 16:00,674.7,0
2026-06-08 17:00,674.7,0
2026-06-08 18:00,674.7,0
2026-06-08 19:00,674.7,0
2026-06-08 20:00,674.7,0
2026-06-08 21:00,674.7,0
2026-06-08 22:00,674.7,0
2026-06-08 23:00,674.7,0
2026-06-09 00:00,674.7,0
2026-06-09 01:00,674.7,0
2026-06-09 02:00,674.7,0
2026-06-09 03:00,674.7,0
2026-06-09 04:00,674.7,0
2026-06-09 05:00,674.7,0
2026-06-09 06:00,674.7,0
2026-06-09 07:00,674.7,0
2026-06-09 08:00,674.7,0
2026-06-09 09:00,674.7,0
2026-06-09 10:00,674.7,0
2026-06-09 11:00,674.7,0
2026-06-09 12:00,674.7,0
2026-06-09 13:00,674.7,0
2026-06-09 14:00,674.7,0
2026-06-09 15:00,674.7,0
2026-06-09 16:00,674.7,0
2026-06-09 17:00,674.7,0
2026-06-09 18:00,674.7,0
2026-06-09 19:00,674.7,0
2026-06-09 20:00,674.7,0
2026-06-09 21:00,674.7,0
2026-06-09 22:00,674.7,0
2026-06-09 23:00,674.7,0
2026-06-10 00:00,674.7,0
2026-06-10 01:00,674.7,0
2026-06-10 02:00,674.7,0
2026-06-10 03:00,674.7,0
2026-06-10 04:00,674.7,0
2026-06-10 05:00,674.7,0
2026-06-10 06:00,674.7,0
2026-06-10 07:00,674.7,0
2026-06-10 08:00,674.7,0
2026-06-10 09:00,674.71,0
2026-06-10 10:00,674.71,0
2026-06-10 11:00,674.71,0
2026-06-10 12:00,674.71,0
2026-06-10 13:00,674.71,0
2026-06-10 14:00,674.71,0
2026-06-10 15:00,674.71,0
2026-06-10 16:00,674.71,0
2026-06-10 17:00,674.71,0
2026-06-10 18:00,674.71,0
2026-06-10 19:00,674.71,0
2026-06-10 20:00,674.71,0
2026-06-10 21:00,674.71,0
2026-06-10 22:00,674.71,0
2026-06-10 23:00,674.71,0
2026-06-11 00:00,674.71,0
2026-06-11 01:00,674.71,0
2026-06-11 02:00,674.71,0
2026-06-11 03:00,674.71,0
2026-06-11 04:00,674.71,0
2026-06-11 05:00,674.71,0
2026-06-11 06:00,674.71,0
2026-06-11 07:00,674.71,0
2026-06-11 08:00,674.71,0
2026-06-11 09:00,674.71,0
2026-06-11 10:00,674.71,0
2026-06-11 11:00,674.71,0
2026-06-11 12:00,674.71,0
2026-06-11 13:00,674.71,0
2026-06-11 14:00,674.71,0
2026-06-11 15:00,674.71,0
2026-06-11 16:00,674.71,0
2026-06-11 17:00,674.71,0
2026-06-11 18:00,674.71,0
2026-06-11 19:00,674.71,0
2026-06-11 20:00,674.71,0
2026-06-11 21:00,674.71,0
2026-06-11 22:00,674.71,0
2026-06-11 23:00,674.71,0
2026-06-12 00:00,674.71,0
2026-06-12 01:00,674.71,0
2026-06-12 02:00,674.71,0
2026-06-12 03:00,674.71,0
2026-06-12 04:00,674.71,0
2026-06-12 05:00,674.71,0
2026-06-12 06:00,674.71,0
2026-06-12 07:00,674.71,0
2026-06-12 08:00,674.71,0
2026-06-12 09:00,674.71,0
2026-06-12 10:00,674.71,0
2026-06-12 11:00,674.71,0
2026-06-12 12:00,674.71,0
2026-06-12 13:00,674.71,0
2026-06-12 14:00,674.71,0
2026-06-12 15:00,674.71,0
2026-06-12 16:00,674.71,0
2026-06-12 17:00,674.71,0
2026-06-12 18:00,674.71,0
2026-06-12 19:00,674.71,0
2026-06-12 20:00,674.71,0
2026-06-12 21:00,674.71,0
2026-06-12 22:00,674.71,0
2026-06-12 23:00,674.71,0
2026-06-13 00:00,674.71,0
2026-06-13 01:00,674.71,0
2026-06-13 02:00,674.71,0
2026-06-13 03:00,674.71,0
2026-06-13 04:00,674.71,0
2026-06-13 05:00,674.71,0
2026-06-13 06:00,674.71,0
2026-06-13 07:00,674.71,0
2026-06-13 08:00,674.71,0
2026-06-13 09:00,674.71,0
2026-06-13 10:00,674.71,0
2026-06-13 11:00,674.71,0
2026-06-13 12:00,674.71,0
2026-06-13 13:00,674.71,0
2026-06-13 14:00,674.71,0
2026-06-13 15:00,674.71,0
2026-06-13 16:00,674.71,0
2026-06-13 17:00,674.71,0
2026-06-13 18:00,674.71,0
2026-06-13 19:00,674.71,0
2026-06-13 20:00,674.71,0
2026-06-13 21:00,674.71,0
2026-06-13 22:00,674.71,0
2026-06-13 23:00,674.71,0
2026-06-14 00:00,674.71,0
2026-06-14 01:00,674.71,0
2026-06-14 02:00,674.71,0
2026-06-14 03:00,674.71,0
2026-06-14 04:00,674.71,0
2026-06-14 05:00,674.71,0
2026-06-14 06:00,674.71,0
2026-06-14 07:00,674.71,0
2026-06-14 08:00,674.71,0
2026-06-14 09:00,674.71,0
2026-06-14 10:00,674.71,0
2026-06-14 11:00,674.71,0
2026-06-14 12:00,674.71,0
2026-06-14 13:00,674.71,0
2026-06-14 14:00,674.71,0
2026-06-14 15:00,674.71,0
2026-06-14 16:00,674.71,0
2026-06-14 17:00,674.71,0
2026-06-14 18:00,674.71,0
2026-06-14 19:00,674.71,0
2026-06-14 20:00,674.71,0
2026-06-14 21:00,674.71,0
2026-06-14 22:00,674.71,0
2026-06-14 23:00,674.71,0
2026-06-15 00:00,674.71,0
2026-06-15 01:00,674.71,0
2026-06-15 02:00,674.71,0
2026-06-15 03:00,674.71,0
2026-06-15 04:00,674.71,0
2026-06-15 05:00,674.71,0
2026-06-15 06:00,674.71,0
2026-06-15 07:00,674.71,0
2026-06-15 08:00,674.71,0
2026-06-15 09:00,674.71,0
2026-06-15 10:00,674.71,0
2026-06-15 11:00,674.71,0
2026-06-15 12:00,674.71,0
2026-06-15 13:00,674.71,0
2026-06-15 14:00,674.71,0
2026-06-15 15:00,674.71,0
2026-06-15 16:00,674.71,0
2026-06-15 17:00,674.75,0
2026-06-15 18:00,674.82,0
2026-06-15 19:00,675.03,0
2026-06-15 20:00,675.03,0
2026-06-15 21:00,675.03,0
2026-06-15 22:00,675.03,0
2026-06-15 23:00,675.03,0
2026-06-16 00:00,675.03,0
2026-06-16 01:00,675.03,0
2026-06-16 02:00,675.03,0
2026-06-16 03:00,675.03,0
2026-06-16 04:00,675.03,0
2026-06-16 05:00,675.03,0
2026-06-16 06:00,675.03,0
2026-06-16 07:00,675.03,0
2026-06-16 08:00,675.03,0
2026-06-16 09:00,675.03,0
2026-06-16 10:00,675.03,0
2026-06-16 11:00,675.03,0
2026-06-16 12:00,675.03,0
2026-06-16 13:00,675.03,0
2026-06-16 14:00,675.03,0
2026-06-16 15:00,675.03,0
2026-06-16 16:00,675.03,0
2026-06-16 17:00,675.03,0
2026-06-16 18:00,675.25,0
2026-06-16 19:00,675.25,0
2026-06-16 20:00,675.25,0
2026-06-16 21:00,675.25,0
2026-06-16 22:00,675.25,0
2026-06-16 23:00,675.25,0
2026-06-17 00:00,675.25,0
2026-06-17 01:00,675.25,0
2026-06-17 02:00,675.25,0
2026-06-17 03:00,675.25,0
2026-06-17 04:00,675.25,0
2026-06-17 05:00,675.25,0
2026-06-17 06:00,675.25,0
2026-06-17 07:00,675.25,0
2026-06-17 08:00,675.25,0
2026-06-17 09:00,675.25,0
2026-06-17 10:00,675.25,0
2026-06-17 11:00,675.25,0
2026-06-17 12:00,675.25,0
2026-06-17 13:00,675.25,0
2026-06-17 14:00,675.39,0
2026-06-17 15:00,675.39,0
2026-06-17 16:00,675.42,0
2026-06-17 17:00,675.42,0
2026-06-17 18:00,675.42,0
2026-06-17 19:00,675.42,0
2026-06-17 20:00,675.42,0
2026-06-17 21:00,675.42,0
2026-06-17 22:00,675.42,0
2026-06-17 23:00,675.42,0
2026-06-18 00:00,675.42,0
2026-06-18 01:00,675.42,0
2026-06-18 02:00,675.42,0
2026-06-18 03:00,675.42,0
2026-06-18 04:00,675.42,0
2026-06-18 05:00,675.42,0
2026-06-18 06:00,675.42,0
2026-06-18 07:00,675.42,0
2026-06-18 08:00,675.42,0
2026-06-18 09:00,675.42,0
2026-06-18 10:00,675.42,0
2026-06-18 11:00,675.42,0
2026-06-18 12:00,675.42,0
2026-06-18 13:00,675.42,0
2026-06-18 14:00,675.42,0
2026-06-18 15:00,675.42,0
2026-06-18 16:00,675.42,0
2026-06-18 17:00,675.42,0
2026-06-18 18:00,675.42,0
2026-06-18 19:00,675.42,0
2026-06-18 20:00,675.42,0
2026-06-18 21:00,675.42,0
2026-06-18 22:00,675.42,0
2026-06-18 23:00,675.42,0
2026-06-19 00:00,675.42,0
2026-06-19 01:00,675.42,0
2026-06-19 02:00,675.42,0
2026-06-19 03:00,675.42,0
2026-06-19 04:00,675.42,0
2026-06-19 05:00,675.42,0
2026-06-19 06:00,675.42,0
2026-06-19 07:00,675.42,0
2026-06-19 08:00,675.42,0
2026-06-19 09:00,675.42,0
2026-06-19 10:00,675.42,0
2026-06-19 11:00,675.42,0
2026-06-19 12:00,675.42,0
2026-06-19 13:00,675.42,0
2026-06-19 14:00,675.42,0
2026-06-19 15:00,675.42,0
2026-06-19 16:00,675.42,0
2026-06-19 17:00,675.42,0
2026-06-19 18:00,675.42,0
2026-06-19 19:00,675.42,0
2026-06-19 20:00,675.42,0
2026-06-19 21:00,675.42,0
2026-06-19 22:00,675.42,0
2026-06-19 23:00,675.42,0
2026-06-20 00:00,675.42,0
2026-06-20 01:00,675.42,0
2026-06-20 02:00,675.42,0
2026-06-20 03:00,675.42,0
2026-06-20 04:00,675.42,0
2026-06-20 05:00,675.42,0
2026-06-20 06:00,675.42,0
2026-06-20 07:00,675.42,0
2026-06-20 08:00,675.42,0
2026-06-20 09:00,675.42,0
2026-06-20 10:00,675.42,0
2026-06-20 11:00,675.42,0
2026-06-20 12:00,675.42,0
2026-06-20 13:00,675.42,0
2026-06-20 14:00,675.42,0
2026-06-20 15:00,675.42,0
2026-06-20 16:00,675.42,0
2026-06-20 17:00,675.42,0
2026-06-20 18:00,675.42,0
2026-06-20 19:00,675.42,0
2026-06-20 20:00,675.42,0
2026-06-20 21:00,675.42,0
2026-06-20 22:00,675.42,0
2026-06-20 23:00,675.42,0
2026-06-21 00:00,675.42,0
2026-06-21 01:00,675.42,0
2026-06-21 02:00,675.42,0
2026-06-21 03:00,675.42,0
2026-06-21 04:00,675.42,0
2026-06-21 05:00,675.42,0
2026-06-21 06:00,675.42,0
2026-06-21 07:00,675.42,0
2026-06-21 08:00,675.42,0
2026-06-21 09:00,675.42,0
2026-06-21 10:00,675.42,0
2026-06-21 11:00,675.42,0
2026-06-21 12:00,675.42,0
2026-06-21 13:00,675.42,0
2026-06-21 14:00,675.42,0
2026-06-21 15:00,675.45,0
2026-06-21 16:00,675.45,0
2026-06-21 17:00,675.45,0
2026-06-21 18:00,675.45,0
2026-06-21 19:00,675.45,0
2026-06-21 20:00,675.45,0
2026-06-21 21:00,675.45,0
2026-06-21 22:00,675.45,0
2026-06-21 23:00,675.45,0
2026-06-22 00:00,675.45,0
2026-06-22 01:00,675.45,0
2026-06-22 02:00,675.45,0
2026-06-22 03:00,675.45,0
2026-06-22 04:00,675.45,0
2026-06-22 05:00,675.45,0
2026-06-22 06:00,675.45,0
2026-06-22 07:00,675.45,0
2026-06-22 08:00,675.45,0
2026-06-22 09:00,675.45,0
2026-06-22 10:00,675.45,0
2026-06-22 11:00,675.46,0
2026-06-22 12:00,675.46,0
2026-06-22 13:00,675.46,0
2026-06-22 14:00,675.46,0
2026-06-22 15:00,676.03,0
2026-06-22 16:00,676.03,0
2026-06-22 17:00,676.03,0
2026-06-22 18:00,676.03,0
2026-06-22 19:00,676.03,0
2026-06-22 20:00,676.03,0
2026-06-22 21:00,676.03,0
2026-06-22 22:00,676.03,0
2026-06-22 23:00,676.03,0
2026-06-23 00:00,676.03,0
2026-06-23 01:00,676.03,0
2026-06-23 02:00,676.03,0
2026-06-23 03:00,676.03,0
2026-06-23 04:00,676.03,0
2026-06-23 05:00,676.03,0
2026-06-23 06:00,676.03,0
2026-06-23 07:00,676.03,0
2026-06-23 08:00,676.03,0
2026-06-23 09:00,676.03,0
2026-06-23 10:00,676.03,0
2026-06-23 11:00,676.03,0
2026-06-23 12:00,676.03,0
2026-06-23 13:00,676.03,0
2026-06-23 14:00,676.03,0
2026-06-23 15:00,676.45,0
2026-06-23 16:00,676.45,0
2026-06-23 17:00,676.45,0
2026-06-23 18:00,676.64,0
2026-06-23 19:00,676.64,0
2026-06-23 20:00,676.64,0
2026-06-23 21:00,676.64,0
2026-06-23 22:00,676.64,0
2026-06-23 23:00,676.64,0
2026-06-24 00:00,676.64,0
2026-06-24 01:00,676.64,0
2026-06-24 02:00,676.64,0
2026-06-24 03:00,676.64,0
2026-06-24 04:00,676.64,0
2026-06-24 05:00,676.64,0
2026-06-24 06:00,676.64,0
2026-06-24 07:00,676.64,0
2026-06-24 08:00,676.64,0
2026-06-24 09:00,676.64,0
2026-06-24 10:00,676.64,0
2026-06-24 11:00,676.64,0
2026-06-24 12:00,676.64,0
2026-06-24 13:00,676.64,0
2026-06-24 14:00,676.64,0
2026-06-24 15:00,676.64,0
2026-06-24 16:00,676.64,0
2026-06-24 17:00,676.64,0
2026-06-24 18:00,676.64,0
2026-06-24 19:00,676.64,0
2026-06-24 20:00,676.64,0
2026-06-24 21:00,676.64,0
2026-06-24 22:00,676.64,0
2026-06-24 23:00,676.64,0
2026-06-25 00:00,676.64,0
2026-06-25 01:00,676.64,0
2026-06-25 02:00,676.64,0
2026-06-25 03:00,676.64,0
2026-06-25 04:00,676.64,0
2026-06-25 05:00,676.64,0
2026-06-25 06:00,676.64,0
2026-06-25 07:00,676.64,0
2026-06-25 08:00,676.64,0
2026-06-25 09:00,676.64,0
2026-06-25 10:00,676.64,0
2026-06-25 11:00,676.64,0
2026-06-25 12:00,676.64,0
2026-06-25 13:00,676.64,0
2026-06-25 14:00,676.64,0
2026-06-25 15:00,677.33,0
2026-06-25 16:00,677.44,0
2026-06-25 17:00,677.46,0
2026-06-25 18:00,677.46,0
2026-06-25 19:00,677.46,0
2026-06-25 20:00,677.46,0
2026-06-25 21:00,677.46,0
2026-06-25 22:00,677.46,0
2026-06-25 23:00,677.46,0
2026-06-26 00:00,677.46,0
2026-06-26 01:00,677.46,0
2026-06-26 02:00,677.46,0
2026-06-26 03:00,677.46,0
2026-06-26 04:00,677.46,0
2026-06-26 05:00,677.46,0
2026-06-26 06:00,677.46,0
2026-06-26 07:00,677.46,0
2026-06-26 08:00,677.46,0
2026-06-26 09:00,677.46,0
2026-06-26 10:00,677.46,0
2026-06-26 11:00,677.46,0
2026-06-26 12:00,677.46,0
2026-06-26 13:00,677.46,0
2026-06-26 14:00,677.46,0
2026-06-26 15:00,677.46,0
2026-06-26 16:00,677.46,0
2026-06-26 17:00,677.52,0
2026-06-26 18:00,677.52,0
2026-06-26 19:00,677.52,0
2026-06-26 20:00,677.52,0
2026-06-26 21:00,677.52,0
2026-06-26 22:00,677.52,0
2026-06-26 23:00,677.52,0
2026-06-27 00:00,677.52,0
2026-06-27 01:00,677.52,0
2026-06-27 02:00,677.52,0
2026-06-27 03:00,677.52,0
2026-06-27 04:00,677.52,0
2026-06-27 05:00,677.52,0
2026-06-27 06:00,677.52,0
2026-06-27 07:00,677.52,0
2026-06-27 08:00,677.52,0
2026-06-27 09:00,677.52,0
2026-06-27 10:00,677.52,0
2026-06-27 11:00,677.52,0
2026-06-27 12:00,677.52,0
2026-06-27 13:00,677.52,0
2026-06-27 14:00,677.52,0
2026-06-27 15:00,677.52,0
2026-06-27 16:00,677.52,0
2026-06-27 17:00,677.53,0
2026-06-27 18:00,677.53,0
2026-06-27 19:00,677.53,0
2026-06-27 20:00,677.53,0
2026-06-27 21:00,677.53,0
2026-06-27 22:00,677.53,0
2026-06-27 23:00,677.53,0
2026-06-28 00:00,677.53,0
2026-06-28 01:00,677.53,0
2026-06-28 02:00,677.53,0
2026-06-28 03:00,677.53,0
2026-06-28 04:00,677.53,0
2026-06-28 05:00,677.53,0
2026-06-28 06:00,677.53,0
2026-06-28 07:00,677.53,0
2026-06-28 08:00,677.53,0
2026-06-28 09:00,677.53,0
2026-06-28 10:00,677.53,0
2026-06-28 11:00,677.53,0
2026-06-28 12:00,677.53,0
2026-06-28 13:00,677.53,0
2026-06-28 14:00,677.53,0
2026-06-28 15:00,677.53,0
2026-06-28 16:00,677.53,0
2026-06-28 17:00,677.53,0
2026-06-28 18:00,677.53,0
2026-06-28 19:00,677.53,0
2026-06-28 20:00,677.53,0
2026-06-28 21:00,677.53,0
2026-06-28 22:00,677.53,0
2026-06-28 23:00,677.53,0
2026-06-29 00:00,677.53,0
2026-06-29 01:00,677.53,0
2026-06-29 02:00,677.53,0
2026-06-29 03:00,677.53,0
2026-06-29 04:00,677.53,0
2026-06-29 05:00,677.53,0
2026-06-29 06:00,677.53,0
2026-06-29 07:00,677.53,0
2026-06-29 08:00,677.53,0
2026-06-29 09:00,677.53,0
2026-06-29 10:00,677.53,0
2026-06-29 11:00,677.53,0
2026-06-29 12:00,677.53,0
2026-06-29 13:00,677.53,0
2026-06-29 14:00,677.53,0
2026-06-29 15:00,677.7,0
2026-06-29 16:00,678.2,0
2026-06-29 17:00,678.2,0
2026-06-29 18:00,678.2,0
2026-06-29 19:00,678.2,0
2026-06-29 20:00,678.2,0
2026-06-29 21:00,678.2,0
2026-06-29 22:00,678.21,0
2026-06-29 23:00,678.21,0
2026-06-30 00:00,678.21,0
2026-06-30 01:00,678.21,0
2026-06-30 02:00,678.21,0
2026-06-30 03:00,678.21,0
2026-06-30 04:00,678.21,0
2026-06-30 05:00,678.21,0
2026-06-30 06:00,678.21,0
2026-06-30 07:00,678.21,0
2026-06-30 08:00,678.21,0
2026-06-30 09:00,678.21,0
2026-06-30 10:00,678.21,0
2026-06-30 11:00,678.22,0
2026-06-30 12:00,678.24,0
2026-06-30 13:00,678.25,0
2026-06-30 14:00,678.26,0
2026-06-30 15:00,678.6,0
2026-06-30 16:00,678.87,0
2026-06-30 17:00,678.87,0
2026-06-30 18:00,678.87,0
2026-06-30 19:00,678.87,0
2026-06-30 20:00,678.87,0
2026-06-30 21:00,678.87,0
2026-06-30 22:00,678.87,0
2026-06-30 23:00,678.87,0
2026-07-01 00:00,678.87,0
2026-07-01 01:00,678.87,0
2026-07-01 02:00,678.87,0
2026-07-01 03:00,678.87,0
2026-07-01 04:00,678.87,0
2026-07-01 05:00,678.87,0
2026-07-01 06:00,678.87,0
2026-07-01 07:00,678.87,0
2026-07-01 08:00,678.87,0
2026-07-01 09:00,678.87,0
2026-07-01 10:00,678.87,0
2026-07-01 11:00,678.87,0
2026-07-01 12:00,678.87,0
2026-07-01 13:00,678.88,0
2026-07-01 14:00,679.03,0
2026-07-01 15:00,679.04,0
2026-07-01 16:00,679.04,0
2026-07-01 17:00,679.04,0
2026-07-01 18:00,679.04,0
2026-07-01 19:00,679.04,0
2026-07-01 20:00,679.04,0
2026-07-01 21:00,679.04,0
2026-07-01 22:00,679.04,0
2026-07-01 23:00,679.05,0
2026-07-02 00:00,679.07,0
2026-07-02 01:00,679.17,0
2026-07-02 02:00,679.26,0
2026-07-02 03:00,679.49,0
2026-07-02 04:00,679.5,0
2026-07-02 05:00,679.51,0
2026-07-02 06:00,679.51,0
2026-07-02 07:00,679.53,0
2026-07-02 08:00,679.54,0
2026-07-02 09:00,679.6,0
2026-07-02 10:00,679.93,0
2026-07-02 11:00,679.96,0
2026-07-02 12:00,680.18,0
2026-07-02 13:00,680.66,0
2026-07-02 14:00,680.76,0
2026-07-02 15:00,682.28,0
2026-07-02 16:00,682.7,0
2026-07-02 17:00,682.7,0
2026-07-02 18:00,682.95,0
2026-07-02 19:00,682.95,0
2026-07-02 20:00,683.01,0
2026-07-02 21:00,683.11,0
2026-07-02 22:00,683.15,0
2026-07-02 23:00,683.15,0
2026-07-03 00:00,683.15,0
2026-07-03 01:00,683.15,0
2026-07-03 02:00,683.15,0
2026-07-03 03:00,683.15,0
2026-07-03 04:00,683.15,0
2026-07-03 05:00,683.15,0
2026-07-03 06:00,683.15,0
2026-07-03 07:00,683.15,0
2026-07-03 08:00,683.15,0
2026-07-03 09:00,683.15,0
2026-07-03 10:00,683.16,0
2026-07-03 11:00,683.18,0
2026-07-03 12:00,683.18,0
2026-07-03 13:00,683.18,0
2026-07-03 14:00,683.19,0
2026-07-03 15:00,683.45,0
2026-07-03 16:00,683.54,0
2026-07-03 17:00,683.54,0
2026-07-03 18:00,683.54,0
2026-07-03 19:00,683.54,0
2026-07-03 20:00,683.54,0
2026-07-03 21:00,683.54,0
2026-07-03 22:00,683.54,0
2026-07-03 23:00,683.54,0
2026-07-04 00:00,683.54,0
2026-07-04 01:00,683.54,0
2026-07-04 02:00,683.54,0
2026-07-04 03:00,683.54,0
2026-07-04 04:00,683.54,0
2026-07-04 05:00,683.54,0
2026-07-04 06:00,683.54,0
2026-07-04 07:00,683.54,0
2026-07-04 08:00,683.54,0
2026-07-04 09:00,683.54,0
2026-07-04 10:00,683.55,0
2026-07-04 11:00,683.55,0
2026-07-04 12:00,683.55,0
2026-07-04 13:00,683.55,0
2026-07-04 14:00,683.55,0
2026-07-04 15:00,683.55,0
2026-07-04 16:00,683.55,0
2026-07-04 17:00,683.55,0
2026-07-04 18:00,683.55,0
2026-07-04 19:00,683.55,0
2026-07-04 20:00,683.55,0
2026-07-04 21:00,683.55,0
2026-07-04 22:00,683.55,0
2026-07-04 23:00,683.55,0
2026-07-05 00:00,683.55,0
2026-07-05 01:00,683.55,0
2026-07-05 02:00,683.55,0
2026-07-05 03:00,683.55,0
2026-07-05 04:00,683.55,0
2026-07-05 05:00,683.55,0
2026-07-05 06:00,683.55,0
2026-07-05 07:00,683.55,0
2026-07-05 08:00,683.55,0
2026-07-05 09:00,683.55,0
2026-07-05 10:00,683.55,0
2026-07-05 11:00,683.55,0
2026-07-05 12:00,683.55,0
2026-07-05 13:00,683.55,0
2026-07-05 14:00,683.55,0
2026-07-05 15:00,683.55,0
2026-07-05 16:00,683.55,0
2026-07-05 17:00,683.55,0
2026-07-05 18:00,683.55,0
2026-07-05 19:00,683.55,0
2026-07-05 20:00,683.55,0
2026-07-05 21:00,683.55,0
2026-07-05 22:00,683.55,0
2026-07-05 23:00,683.55,0
2026-07-06 00:00,683.55,0
2026-07-06 01:00,683.55,0
2026-07-06 02:00,683.55,0
2026-07-06 03:00,683.55,0
2026-07-06 04:00,683.55,0
2026-07-06 05:00,683.55,0
2026-07-06 06:00,683.55,0
2026-07-06 07:00,683.55,0
2026-07-06 08:00,683.55,0
2026-07-06 09:00,683.55,0
2026-07-06 10:00,683.55,0
2026-07-06 11:00,683.55,0
2026-07-06 12:00,683.55,0
2026-07-06 13:00,683.55,0
2026-07-06 14:00,683.55,0
2026-07-06 15:00,683.55,0
2026-07-06 16:00,683.55,0
2026-07-06 17:00,683.55,0
2026-07-06 18:00,683.55,0
2026-07-06 19:00,683.55,0
2026-07-06 20:00,683.55,0
2026-07-06 21:00,683.55,0
2026-07-06 22:00,683.55,0
2026-07-06 23:00,683.55,0
2026-07-07 00:00,683.55,0
2026-07-07 01:00,683.55,0
2026-07-07 02:00,683.55,0
2026-07-07 03:00,683.55,0
2026-07-07 04:00,683.55,0
2026-07-07 05:00,683.55,0
2026-07-07 06:00,683.55,0
2026-07-07 07:00,683.55,0
2026-07-07 08:00,683.55,0
2026-07-07 09:00,683.55,0
2026-07-07 10:00,683.56,0
2026-07-07 11:00,683.57,0
2026-07-07 12:00,683.57,0
2026-07-07 13:00,683.57,0
2026-07-07 14:00,683.57,0
2026-07-07 15:00,683.58,0
2026-07-07 16:00,684.52,0
2026-07-07 17:00,684.54,0
2026-07-07 18:00,684.54,0
2026-07-07 19:00,684.54,0
2026-07-07 20:00,684.54,0
2026-07-07 21:00,684.54,0
2026-07-07 22:00,684.54,0
2026-07-07 23:00,684.54,0
2026-07-08 00:00,684.55,0
2026-07-08 01:00,684.55,0
2026-07-08 02:00,684.56,0
2026-07-08 03:00,684.56,0
2026-07-08 04:00,684.56,0
2026-07-08 05:00,684.57,0
2026-07-08 06:00,684.57,0
2026-07-08 07:00,684.58,0
2026-07-08 08:00,684.58,0
2026-07-08 09:00,684.58,0
2026-07-08 10:00,684.58,0
2026-07-08 11:00,684.58,0
2026-07-08 12:00,684.58,0
2026-07-08 13:00,684.58,0
2026-07-08 14:00,684.58,0
2026-07-08 15:00,684.58,0
2026-07-08 16:00,684.58,0
2026-07-08 17:00,684.58,0
2026-07-08 18:00,684.59,0
2026-07-08 19:00,684.59,0
2026-07-08 20:00,684.59,0
2026-07-08 21:00,684.59,0
2026-07-08 22:00,684.59,0
2026-07-08 23:00,684.6,0
2026-07-09 00:00,684.6,0
2026-07-09 01:00,684.6,0
2026-07-09 02:00,684.61,0
2026-07-09 03:00,684.61,0
2026-07-09 04:00,684.62,0
2026-07-09 05:00,684.62,0
2026-07-09 06:00,684.62,0
2026-07-09 07:00,684.62,0
2026-07-09 08:00,684.62,0
2026-07-09 09:00,684.62,0
2026-07-09 10:00,684.62,0
2026-07-09 11:00,684.63,0
2026-07-09 12:00,684.63,0
2026-07-09 13:00,684.63,0
2026-07-09 14:00,684.64,0
2026-07-09 15:00,684.65,0
2026-07-09 16:00,684.79,0
2026-07-09 17:00,684.79,0
2026-07-09 18:00,684.79,0
2026-07-09 19:00,684.79,0
2026-07-09 20:00,684.79,0
2026-07-09 21:00,684.79,0
2026-07-09 22:00,684.79,0
2026-07-09 23:00,684.79,0
2026-07-10 00:00,684.79,0
2026-07-10 01:00,684.79,0
2026-07-10 02:00,684.79,0
2026-07-10 03:00,684.79,0
2026-07-10 04:00,684.79,0
2026-07-10 05:00,684.79,0
2026-07-10 06:00,684.79,0
2026-07-10 07:00,684.79,0
2026-07-10 08:00,684.79,0
2026-07-10 09:00,684.79,0
2026-07-10 10:00,684.79,0
2026-07-10 11:00,684.79,0
2026-07-10 12:00,684.79,0
2026-07-10 13:00,684.79,0
2026-07-10 14:00,684.79,0
2026-07-10 15:00,684.79,0
2026-07-10 16:00,684.79,0
2026-07-10 17:00,684.79,0
2026-07-10 18:00,684.79,0
2026-07-10 19:00,684.79,0
2026-07-10 20:00,684.79,0
2026-07-10 21:00,684.79,0
2026-07-10 22:00,684.79,0
2026-07-10 23:00,684.79,0
2026-07-11 00:00,684.79,0
2026-07-11 01:00,684.79,0
2026-07-11 02:00,684.79,0
2026-07-11 03:00,684.79,0
2026-07-11 04:00,684.79,0
2026-07-11 05:00,684.79,0
2026-07-11 06:00,684.79,0
2026-07-11 07:00,684.79,0
2026-07-11 08:00,684.79,0
2026-07-11 09:00,684.79,0
2026-07-11 10:00,684.79,0
2026-07-11 11:00,684.79,0
2026-07-11 12:00,684.79,0
2026-07-11 13:00,684.79,0
2026-07-11 14:00,684.79,0
2026-07-11 15:00,684.79,0
2026-07-11 16:00,684.79,0
2026-07-11 17:00,684.79,0
2026-07-11 18:00,684.79,0
2026-07-11 19:00,684.79,0
2026-07-11 20:00,684.79,0
2026-07-11 21:00,684.79,0
2026-07-11 22:00,684.79,0
2026-07-11 23:00,684.79,0
2026-07-12 00:00,684.79,0
2026-07-12 01:00,684.79,0
2026-07-12 02:00,684.79,0
2026-07-12 03:00,684.79,0
2026-07-12 04:00,684.79,0
2026-07-12 05:00,684.79,0
2026-07-12 06:00,684.79,0
2026-07-12 07:00,684.79,0
2026-07-12 08:00,684.79,0
2026-07-12 09:00,684.79,0
2026-07-12 10:00,684.79,0
2026-07-12 11:00,684.79,0
2026-07-12 12:00,684.8,0
2026-07-12 13:00,684.8,0
2026-07-12 14:00,684.8,0
2026-07-12 15:00,684.8,0
2026-07-12 16:00,684.85,0
2026-07-12 17:00,684.85,0
2026-07-12 18:00,684.85,0
2026-07-12 19:00,684.85,0
2026-07-12 20:00,684.85,0
2026-07-12 21:00,684.85,0
2026-07-12 22:00,684.85,0
2026-07-12 23:00,684.85,0
2026-07-13 00:00,684.85,0
2026-07-13 01:00,684.85,0
2026-07-13 02:00,684.85,0
2026-07-13 03:00,684.85,0
2026-07-13 04:00,684.85,0
2026-07-13 05:00,684.85,0
2026-07-13 06:00,684.85,0
2026-07-13 07:00,684.85,0
2026-07-13 08:00,684.85,0
2026-07-13 09:00,684.85,0
2026-07-13 10:00,684.85,0
2026-07-13 11:00,684.85,0
2026-07-13 12:00,684.85,0
2026-07-13 13:00,684.85,0
2026-07-13 14:00,684.85,0
2026-07-13 15:00,684.85,0
2026-07-13 16:00,684.85,0
2026-07-13 17:00,684.85,0
2026-07-13 18:00,684.85,0
2026-07-13 19:00,684.85,0
2026-07-13 20:00,684.85,0
2026-07-13 21:00,684.85,0
2026-07-13 22:00,684.85,0
2026-07-13 23:00,684.85,0
2026-07-14 00:00,684.85,0
2026-07-14 01:00,684.85,0
2026-07-14 02:00,684.85,0
2026-07-14 03:00,684.85,0
2026-07-14 04:00,684.85,0
2026-07-14 05:00,684.85,0
2026-07-14 06:00,684.85,0
2026-07-14 07:00,684.85,0
2026-07-14 08:00,684.85,0
2026-07-14 09:00,684.85,0
2026-07-14 10:00,684.85,0
2026-07-14 11:00,684.85,0
2026-07-14 12:00,684.85,0
2026-07-14 13:00,684.85,0
2026-07-14 14:00,684.85,0
2026-07-14 15:00,684.85,0
2026-07-14 16:00,684.85,0
2026-07-14 17:00,684.85,0
2026-07-14 18:00,684.85,0
2026-07-14 19:00,684.85,0
2026-07-14 20:00,684.85,0
2026-07-14 21:00,684.85,0
2026-07-14 22:00,684.85,0
2026-07-14 23:00,684.85,0
2026-07-15 00:00,684.85,0
2026-07-15 01:00,684.85,0
2026-07-15 02:00,684.85,0
2026-07-15 03:00,684.85,0
2026-07-15 04:00,684.85,0
2026-07-15 05:00,684.85,0
2026-07-15 06:00,684.85,0
2026-07-15 07:00,684.85,0
2026-07-15 08:00,684.85,0
2026-07-15 09:00,684.85,0
2026-07-15 10:00,684.85,0
2026-07-15 11:00,684.85,0
2026-07-15 12:00,684.85,0
2026-07-15 13:00,684.85,0
2026-07-15 14:00,684.85,0
2026-07-15 15:00,684.85,0
2026-07-15 16:00,684.85,0
2026-07-15 17:00,684.85,0
2026-07-15 18:00,684.85,0
2026-07-15 19:00,684.85,0
2026-07-15 20:00,684.85,0
2026-07-15 21:00,684.85,0
2026-07-15 22:00,684.85,0
2026-07-15 23:00,684.85,0
2026-07-16 00:00,684.85,0
2026-07-16 01:00,684.85,0
2026-07-16 02:00,684.85,0
2026-07-16 03:00,684.85,0
2026-07-16 04:00,684.85,0
2026-07-16 05:00,684.85,0
2026-07-16 06:00,684.85,0
2026-07-16 07:00,684.85,0
2026-07-16 08:00,684.85,0
2026-07-16 09:00,684.85,0
2026-07-16 10:00,684.85,0
2026-07-16 11:00,684.85,0
2026-07-16 12:00,684.85,0
2026-07-16 13:00,684.85,0
2026-07-16 14:00,684.85,0
2026-07-16 15:00,684.85,0
2026-07-16 16:00,684.85,0
2026-07-16 17:00,684.85,0
2026-07-16 18:00,684.85,0
2026-07-16 19:00,684.85,0
2026-07-16 20:00,684.85,0
2026-07-16 21:00,684.85,0
2026-07-16 22:00,684.85,0
2026-07-16 23:00,684.85,0
2026-07-17 00:00,684.85,0
2026-07-17 01:00,684.85,0
2026-07-17 02:00,684.85,0
2026-07-17 03:00,684.85,0
2026-07-17 04:00,684.85,0
2026-07-17 05:00,684.86,0
2026-07-17 06:00,684.88,0
2026-07-17 07:00,684.89,0
2026-07-17 08:00,684.9,0
2026-07-17 09:00,684.9,0
2026-07-17 10:00,684.9,0
2026-07-17 11:00,684.9,0
2026-07-17 12:00,684.9,0
2026-07-17 13:00,684.9,0
2026-07-17 14:00,684.9,0
2026-07-17 15:00,684.9,0
2026-07-17 16:00,684.9,0
2026-07-17 17:00,684.9,0
2026-07-17 18:00,684.9,0
2026-07-17 19:00,684.9,0
2026-07-17 20:00,684.9,0
2026-07-17 21:00,684.9,0
2026-07-17 22:00,684.9,0
2026-07-17 23:00,684.9,0
2026-07-18 00:00,684.9,0
2026-07-18 01:00,684.9,0
2026-07-18 02:00,684.9,0
2026-07-18 03:00,684.9,0
2026-07-18 04:00,684.9,0
2026-07-18 05:00,684.9,0
2026-07-18 06:00,684.9,0
2026-07-18 07:00,684.9,0
2026-07-18 08:00,684.9,0
2026-07-18 09:00,684.9,0
2026-07-18 10:00,684.9,0
2026-07-18 11:00,684.9,0
2026-07-18 12:00,684.9,0
2026-07-18 13:00,684.9,0
2026-07-18 14:00,684.9,0
2026-07-18 15:00,684.9,0
2026-07-18 16:00,684.9,0
2026-07-18 17:00,684.9,0
2026-07-18 18:00,684.9,0
2026-07-18 19:00,684.9,0
2026-07-18 20:00,684.9,0
2026-07-18 21:00,684.9,0
2026-07-18 22:00,684.9,0
2026-07-18 23:00,684.9,0
2026-07-19 00:00,684.9,0
2026-07-19 01:00,684.9,0
2026-07-19 02:00,684.9,0
2026-07-19 03:00,684.9,0
2026-07-19 04:00,684.92,0
2026-07-19 05:00,684.93,0
2026-07-19 06:00,684.94,0
2026-07-19 07:00,684.94,0
2026-07-19 08:00,684.94,0
2026-07-19 09:00,684.94,0
2026-07-19 10:00,684.94,0
2026-07-19 11:00,684.94,0
2026-07-19 12:00,684.94,0
2026-07-19 13:00,684.94,0
2026-07-19 14:00,684.94,0
2026-07-19 15:00,684.94,0
2026-07-19 16:00,684.94,0
2026-07-19 17:00,684.94,0
2026-07-19 18:00,684.94,0
2026-07-19 19:00,684.94,0
2026-07-19 20:00,684.94,0
2026-07-19 21:00,684.94,0
2026-07-19 22:00,684.94,0
2026-07-19 23:00,684.94,0
2026-07-20 00:00,684.94,0
2026-07-20 01:00,684.94,0
2026-07-20 02:00,684.94,0
2026-07-20 03:00,684.94,0
2026-07-20 04:00,684.94,0
2026-07-20 05:00,684.94,0
2026-07-20 06:00,684.94,0
2026-07-20 07:00,684.94,0
2026-07-20 08:00,684.94,0
2026-07-20 09:00,684.94,0
2026-07-20 10:00,684.94,0
2026-07-20 11:00,684.94,0
2026-07-20 12:00,684.94,0
2026-07-20 13:00,684.94,0
2026-07-20 14:00,684.94,0
2026-07-20 15:00,684.94,0
2026-07-20 16:00,684.94,0
2026-07-20 17:00,684.94,0
2026-07-20 18:00,684.94,0
2026-07-20 19:00,684.94,0
2026-07-20 20:00,684.94,0
2026-07-20 21:00,684.94,0
2026-07-20 22:00,684.94,0
2026-07-20 23:00,684.94,0
2026-07-21 00:00,684.94,0
2026-07-21 01:00,684.94,0
2026-07-21 02:00,684.94,0
2026-07-21 03:00,684.94,0
2026-07-21 04:00,684.94,0
2026-07-21 05:00,684.94,0
2026-07-21 06:00,684.94,0
2026-07-21 07:00,684.94,0
2026-07-21 08:00,684.94,0
2026-07-21 09:00,684.94,0
2026-07-21 10:00,684.94,0
2026-07-21 11:00,684.94,0
2026-07-21 12:00,684.94,0
2026-07-21 13:00,684.94,0
2026-07-21 14:00,684.94,0
2026-07-21 15:00,684.94,0
2026-07-21 16:00,684.94,0
2026-07-21 17:00,684.94,0
2026-07-21 18:00,684.94,0
2026-07-21 19:00,684.94,0
2026-07-21 20:00,684.94,0
2026-07-21 21:00,684.94,0
2026-07-21 22:00,684.94,0
2026-07-21 23:00,684.94,0
2026-07-22 00:00,684.94,0
2026-07-22 01:00,684.94,0
2026-07-22 02:00,684.94,0
2026-07-22 03:00,684.95,0
2026-07-22 04:00,684.98,0
2026-07-22 05:00,684.99,0
2026-07-22 06:00,684.99,0
2026-07-22 07:00,684.99,0
2026-07-22 08:00,684.99,0
2026-07-22 09:00,684.99,0
2026-07-22 10:00,684.99,0
2026-07-22 11:00,684.99,0
2026-07-22 12:00,684.99,0
2026-07-22 13:00,684.99,0
2026-07-22 14:00,685.0,0
2026-07-22 15:00,685.0,0
2026-07-22 16:00,685.0,0
2026-07-22 17:00,685.0,0
2026-07-22 18:00,685.0,0
2026-07-22 19:00,685.0,0
2026-07-22 20:00,685.0,0
2026-07-22 21:00,685.0,0
2026-07-22 22:00,685.0,0
2026-07-22 23:00,685.0,0
2026-07-23 00:00,685.0,0
2026-07-23 01:00,685.0,0
2026-07-23 02:00,685.0,0
2026-07-23 03:00,685.0,0
2026-07-23 04:00,685.0,0
2026-07-23 05:00,685.0,0
2026-07-23 06:00,685.0,0
2026-07-23 07:00,685.0,0
2026-07-23 08:00,685.0,0
2026-07-23 09:00,685.0,0
2026-07-23 10:00,685.0,0
2026-07-23 11:00,685.0,0
2026-07-23 12:00,685.0,0
2026-07-23 13:00,685.0,0
2026-07-23 14:00,685.0,0
2026-07-23 15:00,685.0,0
2026-07-23 16:00,685.0,0
2026-07-23 17:00,685.0,0
2026-07-23 18:00,685.0,0
2026-07-23 19:00,685.0,0
2026-07-23 20:00,685.0,0
2026-07-23 21:00,685.02,0
2026-07-23 22:00,685.11,0
2026-07-23 23:00,685.22,0
2026-07-24 00:00,685.35,0
2026-07-24 01:00,685.57,0
2026-07-24 02:00,685.57,0
2026-07-24 03:00,685.57,0
2026-07-24 04:00,685.57,0
2026-07-24 05:00,685.57,0
2026-07-24 06:00,685.57,0
2026-07-24 07:00,685.57,0
2026-07-24 08:00,685.57,0
2026-07-24 09:00,685.57,0
2026-07-24 10:00,685.57,0
2026-07-24 11:00,685.57,0
2026-07-24 12:00,685.57,0
2026-07-24 13:00,685.57,0
2026-07-24 14:00,685.57,0
2026-07-24 15:00,685.57,0
2026-07-24 16:00,685.57,0
2026-07-24 17:00,685.57,0
2026-07-24 18:00,685.57,0
2026-07-24 19:00,685.57,0
2026-07-24 20:00,685.57,0
2026-07-24 21:00,685.57,0
2026-07-24 22:00,685.57,0
2026-07-24 23:00,685.57,0
2026-07-25 00:00,685.57,0
2026-07-25 01:00,685.57,0
2026-07-25 02:00,685.57,0
2026-07-25 03:00,685.57,0
2026-07-25 04:00,685.57,0
2026-07-25 05:00,685.57,0
2026-07-25 06:00,685.57,0
2026-07-25 07:00,685.57,0
2026-07-25 08:00,685.57,0
2026-07-25 09:00,685.57,0
2026-07-25 10:00,685.57,0
2026-07-25 11:00,685.57,0
2026-07-25 12:00,685.57,0
2026-07-25 13:00,685.57,0
2026-07-25 14:00,685.57,0
2026-07-25 15:00,685.58,0
2026-07-25 16:00,685.58,0
2026-07-25 17:00,685.58,0
2026-07-25 18:00,685.58,0
2026-07-25 19:00,685.58,0
2026-07-25 20:00,685.58,0
2026-07-25 21:00,685.58,0
2026-07-25 22:00,685.58,0
2026-07-25 23:00,685.58,0
2026-07-26 00:00,685.58,0
2026-07-26 01:00,685.58,0
2026-07-26 02:00,685.58,0
2026-07-26 03:00,685.58,0
2026-07-26 04:00,685.58,0
2026-07-26 05:00,685.58,0
2026-07-26 06:00,685.58,0
2026-07-26 07:00,685.58,0
2026-07-26 08:00,685.58,0
2026-07-26 09:00,685.58,0
2026-07-26 10:00,685.58,0
2026-07-26 11:00,685.58,0
2026-07-26 12:00,685.58,0
2026-07-26 13:00,685.58,0
2026-07-26 14:00,685.59,0
2026-07-26 15:00,685.61,0
2026-07-26 16:00,685.63,0
2026-07-26 17:00,685.68,0
2026-07-26 18:00,685.7,0
2026-07-26 19:00,685.74,0
2026-07-26 20:00,685.91,0
2026-07-26 21:00,686.11,0
2026-07-26 22:00,686.27,0
2026-07-26 23:00,686.74,0
2026-07-27 00:00,687.53,0
2026-07-27 01:00,687.63,0
2026-07-27 02:00,687.88,0
2026-07-27 03:00,693.02,0
2026-07-27 04:00,694.93,0
2026-07-27 05:00,694.94,0
2026-07-27 06:00,694.94,0
2026-07-27 07:00,694.94,0
2026-07-27 08:00,700.58,0
2026-07-27 09:00,700.64,0
2026-07-27 10:00,700.65,0
2026-07-27 11:00,700.66,0
2026-07-27 12:00,700.84,0
2026-07-27 13:00,700.88,0
2026-07-27 14:00,700.92,0
2026-07-27 15:00,700.95,0
2026-07-27 16:00,700.96,0
2026-07-27 17:00,700.96,0
2026-07-27 18:00,700.96,0
2026-07-27 19:00,700.96,0
2026-07-27 20:00,700.96,0
2026-07-27 21:00,700.96,0
2026-07-27 22:00,700.96,0
2026-07-27 23:00,700.96,0
2026-07-28 00:00,700.96,0
2026-07-28 01:00,700.96,0
2026-07-28 02:00,700.96,0
2026-07-28 03:00,700.96,0
2026-07-28 04:00,700.96,0
2026-07-28 05:00,700.96,0
2026-07-28 06:00,700.96,0
2026-07-28 07:00,700.96,0
2026-07-28 08:00,700.96,0
2026-07-28 09:00,700.96,0
2026-07-28 10:00,700.96,0
2026-07-28 11:00,700.97,0
2026-07-28 12:00,700.98,0
2026-07-28 13:00,700.98,0
2026-07-28 14:00,700.99,0
2026-07-28 15:00,701.0,0
2026-07-28 16:00,701.0,0
2026-07-28 17:00,701.0,0
2026-07-28 18:00,701.0,0
2026-07-28 19:00,701.0,0
2026-07-28 20:00,701.0,0
2026-07-28 21:00,701.0,0
2026-07-28 22:00,701.0,0
2026-07-28 23:00,701.0,0
2026-07-29 00:00,701.0,0
2026-07-29 01:00,701.0,0
2026-07-29 02:00,701.0,0
2026-07-29 03:00,701.0,0
2026-07-29 04:00,701.0,0
2026-07-29 05:00,701.0,0
2026-07-29 06:00,701.0,0
2026-07-29 07:00,701.0,0
2026-07-29 08:00,701.0,0
2026-07-29 09:00,701.0,0
2026-07-29 10:00,701.0,0
2026-07-29 11:00,701.0,0
2026-07-29 12:00,701.0,0
2026-07-29 13:00,701.0,0
2026-07-29 14:00,701.0,0
2026-07-29 15:00,701.0,0
2026-07-29 16:00,701.0,0
2026-07-29 17:00,701.0,0
2026-07-29 18:00,701.0,0
2026-07-29 19:00,701.0,0
2026-07-29 20:00,701.0,0
2026-07-29 21:00,701.0,0
2026-07-29 22:00,701.0,0
2026-07-29 23:00,701.0,0
2026-07-30 00:00,701.0,0
2026-07-30 01:00,701.0,0
2026-07-30 02:00,701.0,0
2026-07-30 03:00,701.0,0
2026-07-30 04:00,701.0,0
2026-07-30 05:00,701.0,0
2026-07-30 06:00,701.0,0
2026-07-30 07:00,701.0,0
2026-07-30 08:00,701.0,0
2026-07-30 09:00,701.0,0
2026-07-30 10:00,701.0,0
2026-07-30 11:00,701.0,0
2026-07-30 12:00,701.0,0
2026-07-30 13:00,701.0,0
2026-07-30 14:00,701.0,0
2026-07-30 15:00,701.0,0
2026-07-30 16:00,701.15,0
2026-07-30 17:00,701.15,0
2026-07-30 18:00,701.15,0
2026-07-30 19:00,701.15,0
2026-07-30 20:00,701.15,0
2026-07-30 21:00,701.15,0
2026-07-30 22:00,701.15,0
2026-07-30 23:00,701.15,0
2026-07-31 00:00,701.15,0
2026-07-31 01:00,701.15,0
2026-07-31 02:00,701.15,0
2026-07-31 03:00,701.15,0
2026-07-31 04:00,701.15,0
2026-07-31 05:00,701.15,0
2026-07-31 06:00,701.15,0
2026-07-31 07:00,701.15,0
2026-07-31 08:00,701.15,0
2026-07-31 09:00,701.15,0
2026-07-31 10:00,701.15,0
2026-07-31 11:00,701.15,0
2026-07-31 12:00,701.15,0
2026-07-31 13:00,701.15,0
2026-07-31 14:00,701.15,0
2026-07-31 15:00,701.15,0
2026-07-31 16:00,701.15,0
2026-07-31 17:00,701.15,0
2026-07-31 18:00,701.15,0
2026-07-31 19:00,701.15,0
2026-07-31 20:00,701.15,0
2026-07-31 21:00,701.15,0
2026-07-31 22:00,701.15,0
2026-07-31 23:00,701.15,0
2026-08-01 00:00,701.15,0
2026-08-01 01:00,701.15,0
2026-08-01 02:00,701.15,0
2026-08-01 03:00,701.15,0
2026-08-01 04:00,701.15,0
2026-08-01 05:00,701.15,0
2026-08-01 06:00,701.15,0
2026-08-01 07:00,701.15,0
2026-08-01 08:00,701.15,0
2026-08-01 09:00,701.15,0
2026-08-01 10:00,701.15,0
2026-08-01 11:00,701.15,0
2026-08-01 12:00,701.15,0
2026-08-01 13:00,701.15,0
2026-08-01 14:00,701.15,0
2026-08-01 15:00,701.15,0
2026-08-01 16:00,701.15,0
2026-08-01 17:00,701.15,0
2026-08-01 18:00,701.15,0
2026-08-01 19:00,701.15,0
2026-08-01 20:00,701.15,0
2026-08-01 21:00,701.15,0
2026-08-01 22:00,701.15,0
2026-08-01 23:00,701.15,0
2026-08-02 00:00,701.15,0
2026-08-02 01:00,701.15,0
2026-08-02 02:00,701.16,0
2026-08-02 03:00,701.16,0
2026-08-02 04:00,701.16,0
2026-08-02 05:00,701.16,0
2026-08-02 06:00,701.16,0
2026-08-02 07:00,701.16,0
2026-08-02 08:00,701.16,0
2026-08-02 09:00,701.16,0
2026-08-02 10:00,701.16,0
2026-08-02 11:00,701.16,0
2026-08-02 12:00,701.17,0
2026-08-02 13:00,701.32,0
2026-08-02 14:00,702.35,0
2026-08-02 15:00,702.35,0
2026-08-02 16:00,702.35,0
2026-08-02 17:00,702.35,0
2026-08-02 18:00,702.35,0
2026-08-02 19:00,702.35,0
2026-08-02 20:00,702.35,0
2026-08-02 21:00,702.35,0
2026-08-02 22:00,702.35,0
2026-08-02 23:00,702.35,0
2026-08-03 00:00,702.35,0
2026-08-03 01:00,702.35,0
2026-08-03 02:00,702.35,0
2026-08-03 03:00,702.35,0
2026-08-03 04:00,702.35,0
2026-08-03 05:00,702.35,0
2026-08-03 06:00,702.35,0
2026-08-03 07:00,702.35,0
2026-08-03 08:00,702.35,0
2026-08-03 09:00,702.35,0
2026-08-03 10:00,702.35,0
2026-08-03 11:00,702.35,0
2026-08-03 12:00,702.35,0
2026-08-03 13:00,702.35,0
2026-08-03 14:00,702.36,0
2026-08-03 15:00,702.56,0
2026-08-03 16:00,702.89,0
2026-08-03 17:00,702.89,0
2026-08-03 18:00,702.89,0
2026-08-03 19:00,702.89,0
2026-08-03 20:00,702.89,0
2026-08-03 21:00,702.89,0
2026-08-03 22:00,702.89,0
2026-08-03 23:00,702.89,0
2026-08-04 00:00,702.89,0
2026-08-04 01:00,702.89,0
2026-08-04 02:00,702.89,0
2026-08-04 03:00,702.89,0
2026-08-04 04:00,702.89,0
2026-08-04 05:00,702.89,0
2026-08-04 06:00,702.89,0
2026-08-04 07:00,702.89,0
2026-08-04 08:00,702.89,0
2026-08-04 09:00,702.89,0
2026-08-04 10:00,702.89,0
2026-08-04 11:00,702.89,0
2026-08-04 12:00,702.89,0
2026-08-04 13:00,702.89,0
2026-08-04 14:00,703.04,0
2026-08-04 15:00,703.04,0
2026-08-04 16:00,703.05,0
2026-08-04 17:00,703.05,0
2026-08-04 18:00,703.05,0
2026-08-04 19:00,703.05,0
2026-08-04 20:00,703.05,0
2026-08-04 21:00,703.05,0
2026-08-04 22:00,703.05,0
2026-08-04 23:00,703.05,0
2026-08-05 00:00,703.05,0
2026-08-05 01:00,703.05,0
2026-08-05 02:00,703.05,0
2026-08-05 03:00,703.05,0
2026-08-05 04:00,703.05,0
2026-08-05 05:00,703.05,0
2026-08-05 06:00,703.05,0
2026-08-05 07:00,703.05,0
2026-08-05 08:00,703.05,0
2026-08-05 09:00,703.05,0
2026-08-05 10:00,703.05,0
2026-08-05 11:00,703.05,0
2026-08-05 12:00,703.05,0
2026-08-05 13:00,703.06,0
2026-08-05 14:00,703.79,0
2026-08-05 15:00,703.79,0
2026-08-05 16:00,703.79,0
2026-08-05 17:00,703.79,0
2026-08-05 18:00,703.79,0
2026-08-05 19:00,703.79,0
2026-08-05 20:00,703.79,0
2026-08-05 21:00,703.79,0
2026-08-05 22:00,703.79,0
2026-08-05 23:00,703.79,0
2026-08-06 00:00,703.79,0
2026-08-06 01:00,703.79,0
2026-08-06 02:00,703.79,0
2026-08-06 03:00,703.79,0
2026-08-06 04:00,703.79,0
2026-08-06 05:00,703.79,0
2026-08-06 06:00,703.79,0
2026-08-06 07:00,703.79,0
2026-08-06 08:00,703.79,0
2026-08-06 09:00,703.79,0
2026-08-06 10:00,703.79,0
2026-08-06 11:00,703.79,0
2026-08-06 12:00,703.79,0
2026-08-06 13:00,703.79,0
2026-08-06 14:00,703.79,0
2026-08-06 15:00,703.79,0
2026-08-06 16:00,703.8,0
2026-08-06 17:00,703.8,0
2026-08-06 18:00,703.8,0
2026-08-06 19:00,703.8,0
2026-08-06 20:00,703.8,0
2026-08-06 21:00,703.8,0
2026-08-06 22:00,703.8,0
2026-08-06 23:00,703.8,0
2026-08-07 00:00,703.8,0
2026-08-07 01:00,703.8,0
2026-08-07 02:00,703.8,0
2026-08-07 03:00,703.8,0
2026-08-07 04:00,703.8,0
2026-08-07 05:00,703.8,0
2026-08-07 06:00,703.8,0
2026-08-07 07:00,703.8,0
2026-08-07 08:00,703.8,0
2026-08-07 09:00,703.8,0
2026-08-07 10:00,703.8,0
2026-08-07 11:00,703.8,0
2026-08-07 12:00,703.8,0
2026-08-07 13:00,703.8,0
2026-08-07 14:00,703.8,0
2026-08-07 15:00,703.8,0
2026-08-07 16:00,703.8,0
2026-08-07 17:00,704.46,0
2026-08-07 18:00,704.46,0
2026-08-07 19:00,704.46,0
2026-08-07 20:00,704.46,0
2026-08-07 21:00,704.46,0
2026-08-07 22:00,704.46,0
2026-08-07 23:00,704.46,0
2026-08-08 00:00,704.46,0
2026-08-08 01:00,704.47,0
2026-08-08 02:00,704.48,0
2026-08-08 03:00,704.49,0
2026-08-08 04:00,704.5,0
2026-08-08 05:00,704.5,0
2026-08-08 06:00,704.5,0
2026-08-08 07:00,704.5,0
2026-08-08 08:00,704.5,0
2026-08-08 09:00,704.5,0
2026-08-08 10:00,704.5,0
2026-08-08 11:00,704.5,0
2026-08-08 12:00,704.5,0
2026-08-08 13:00,704.51,0
2026-08-08 14:00,704.52,0
2026-08-08 15:00,704.52,0
2026-08-08 16:00,705.09,0
2026-08-08 17:00,705.16,0
2026-08-08 18:00,705.16,0
2026-08-08 19:00,705.16,0
2026-08-08 20:00,705.16,0
2026-08-08 21:00,705.16,0
2026-08-08 22:00,705.16,0
2026-08-08 23:00,705.16,0
2026-08-09 00:00,705.16,0
2026-08-09 01:00,705.16,0
2026-08-09 02:00,705.16,0
2026-08-09 03:00,705.16,0
2026-08-09 04:00,705.16,0
2026-08-09 05:00,705.16,0
2026-08-09 06:00,705.16,0
2026-08-09 07:00,705.16,0
2026-08-09 08:00,705.16,0
2026-08-09 09:00,705.16,0
2026-08-09 10:00,705.16,0
2026-08-09 11:00,705.16,0
2026-08-09 12:00,705.16,0
2026-08-09 13:00,705.16,0
2026-08-09 14:00,705.16,0
2026-08-09 15:00,705.16,0
2026-08-09 16:00,705.16,0
2026-08-09 17:00,705.16,0
2026-08-09 18:00,705.16,0
2026-08-09 19:00,705.16,0
2026-08-09 20:00,705.16,0
2026-08-09 21:00,705.16,0
2026-08-09 22:00,705.16,0
2026-08-09 23:00,705.16,0
2026-08-10 00:00,705.16,0
2026-08-10 01:00,705.16,0
2026-08-10 02:00,705.16,0
2026-08-10 03:00,705.16,0
2026-08-10 04:00,705.16,0
2026-08-10 05:00,705.16,0
2026-08-10 06:00,705.16,0
2026-08-10 07:00,705.16,0
2026-08-10 08:00,705.16,0
2026-08-10 09:00,705.16,0
2026-08-10 10:00,705.16,0
2026-08-10 11:00,705.16,0
2026-08-10 12:00,705.16,0
2026-08-10 13:00,705.16,0
2026-08-10 14:00,705.16,0
2026-08-10 15:00,705.16,0
2026-08-10 16:00,705.16,0
2026-08-10 17:00,705.16,0
2026-08-10 18:00,705.16,0
2026-08-10 19:00,705.16,0
2026-08-10 20:00,705.16,0
2026-08-10 21:00,705.16,0
2026-08-10 22:00,705.16,0
2026-08-10 23:00,705.16,0
2026-08-11 00:00,705.16,0
2026-08-11 01:00,705.16,0
2026-08-11 02:00,705.16,0
2026-08-11 03:00,705.16,0
2026-08-11 04:00,705.16,0
2026-08-11 05:00,705.16,0
2026-08-11 06:00,705.16,0
2026-08-11 07:00,705.16,0
2026-08-11 08:00,705.16,0
2026-08-11 09:00,705.16,0
2026-08-11 10:00,705.16,0
2026-08-11 11:00,705.16,0
2026-08-11 12:00,705.16,0
2026-08-11 13:00,705.16,0
2026-08-11 14:00,705.16,0
2026-08-11 15:00,706.11,0
2026-08-11 16:00,706.11,0
2026-08-11 17:00,706.11,0
2026-08-11 18:00,706.11,0
2026-08-11 19:00,706.11,0
2026-08-11 20:00,706.11,0
2026-08-11 21:00,706.11,0
2026-08-11 22:00,706.11,0
2026-08-11 23:00,706.11,0
2026-08-12 00:00,706.11,0
2026-08-12 01:00,706.11,0
2026-08-12 02:00,706.11,0
2026-08-12 03:00,706.11,0
2026-08-12 04:00,706.11,0
2026-08-12 05:00,706.11,0
2026-08-12 06:00,706.11,0
2026-08-12 07:00,706.11,0
2026-08-12 08:00,706.11,0
2026-08-12 09:00,706.11,0
2026-08-12 10:00,706.11,0
2026-08-12 11:00,706.11,0
2026-08-12 12:00,706.11,0
2026-08-12 13:00,706.11,0
2026-08-12 14:00,706.11,0
2026-08-12 15:00,706.11,0
2026-08-12 16:00,706.11,0
2026-08-12 17:00,706.14,0
2026-08-12 18:00,706.29,0
2026-08-12 19:00,706.29,0
2026-08-12 20:00,706.29,0
2026-08-12 21:00,706.29,0
2026-08-12 22:00,706.29,0
2026-08-12 23:00,706.29,0
2026-08-13 00:00,706.29,0
2026-08-13 01:00,706.29,0
2026-08-13 02:00,706.29,0
2026-08-13 03:00,706.29,0
2026-08-13 04:00,706.29,0
2026-08-13 05:00,706.29,0
2026-08-13 06:00,706.29,0
2026-08-13 07:00,706.29,0
2026-08-13 08:00,706.29,0
2026-08-13 09:00,706.29,0
2026-08-13 10:00,706.29,0
2026-08-13 11:00,706.29,0
2026-08-13 12:00,706.29,0
2026-08-13 13:00,706.29,0
2026-08-13 14:00,706.29,0
2026-08-13 15:00,707.32,0
2026-08-13 16:00,707.66,0
2026-08-13 17:00,707.66,0
2026-08-13 18:00,707.66,0
2026-08-13 19:00,707.66,0
2026-08-13 20:00,707.66,0
2026-08-13 21:00,707.66,0
2026-08-13 22:00,707.66,0
2026-08-13 23:00,707.66,0
2026-08-14 00:00,707.66,0
2026-08-14 01:00,707.66,0
2026-08-14 02:00,707.66,0
2026-08-14 03:00,707.66,0
2026-08-14 04:00,707.66,0
2026-08-14 05:00,707.66,0
2026-08-14 06:00,707.66,0
2026-08-14 07:00,707.66,0
2026-08-14 08:00,707.66,0
2026-08-14 09:00,707.66,0
2026-08-14 10:00,707.66,0
2026-08-14 11:00,707.66,0
2026-08-14 12:00,707.66,0
2026-08-14 13:00,707.66,0
2026-08-14 14:00,707.66,0
2026-08-14 15:00,707.66,0
2026-08-14 16:00,707.66,0
2026-08-14 17:00,707.66,0
2026-08-14 18:00,707.66,0
2026-08-14 19:00,707.66,0
2026-08-14 20:00,707.66,0
2026-08-14 21:00,707.66,0
2026-08-14 22:00,707.66,0
2026-08-14 23:00,707.66,0
2026-08-15 00:00,707.66,0
2026-08-15 01:00,707.66,0
2026-08-15 02:00,707.66,0
2026-08-15 03:00,707.66,0
2026-08-15 04:00,707.66,0
2026-08-15 05:00,707.66,0
2026-08-15 06:00,707.66,0
2026-08-15 07:00,707.66,0
2026-08-15 08:00,707.66,0
2026-08-15 09:00,707.66,0
2026-08-15 10:00,707.66,0
2026-08-15 11:00,707.66,0
2026-08-15 12:00,707.66,0
2026-08-15 13:00,707.66,0
2026-08-15 14:00,707.66,0
2026-08-15 15:00,707.66,0
2026-08-15 16:00,707.66,0
2026-08-15 17:00,707.66,0
2026-08-15 18:00,707.66,0
2026-08-15 19:00,707.66,0
2026-08-15 20:00,707.66,0
2026-08-15 21:00,707.66,0
2026-08-15 22:00,707.66,0
2026-08-15 23:00,707.66,0
2026-08-16 00:00,707.66,0
2026-08-16 01:00,707.66,0
2026-08-16 02:00,707.66,0
2026-08-16 03:00,707.66,0
2026-08-16 04:00,707.66,0
2026-08-16 05:00,707.66,0
2026-08-16 06:00,707.66,0
2026-08-16 07:00,707.66,0
2026-08-16 08:00,707.66,0
2026-08-16 09:00,707.66,0
2026-08-16 10:00,707.66,0
2026-08-16 11:00,707.66,0
2026-08-16 12:00,707.67,0
2026-08-16 13:00,707.67,0
2026-08-16 14:00,707.67,0
2026-08-16 15:00,707.67,0
2026-08-16 16:00,707.68,0
2026-08-16 17:00,708.07,0
2026-08-16 18:00,708.07,0
2026-08-16 19:00,708.07,0
2026-08-16 20:00,708.07,0
2026-08-16 21:00,708.07,0
2026-08-16 22:00,708.07,0
2026-08-16 23:00,708.07,0
2026-08-17 00:00,708.08,0
2026-08-17 01:00,708.09,0
2026-08-17 02:00,708.1,0
2026-08-17 03:00,708.12,0
2026-08-17 04:00,708.13,0
2026-08-17 05:00,708.13,0
2026-08-17 06:00,708.13,0
2026-08-17 07:00,708.13,0
2026-08-17 08:00,708.13,0
2026-08-17 09:00,708.14,0
2026-08-17 10:00,708.14,0
2026-08-17 11:00,708.18,0
2026-08-17 12:00,708.2,0
2026-08-17 13:00,708.23,0
2026-08-17 14:00,708.25,0
2026-08-17 15:00,708.28,0
2026-08-17 16:00,709.05,0
2026-08-17 17:00,709.08,0
2026-08-17 18:00,709.1,0
2026-08-17 19:00,709.34,0
2026-08-17 20:00,709.34,0
2026-08-17 21:00,709.34,0
2026-08-17 22:00,709.35,0
2026-08-17 23:00,709.7,0
2026-08-18 00:00,709.73,0
2026-08-18 01:00,710.44,0
2026-08-18 02:00,710.55,0
2026-08-18 03:00,710.67,0
2026-08-18 04:00,711.24,0
2026-08-18 05:00,712.4,0
2026-08-18 06:00,712.91,0
2026-08-18 07:00,712.91,0
2026-08-18 08:00,712.91,0
2026-08-18 09:00,712.91,0
2026-08-18 10:00,712.92,0
2026-08-18 11:00,712.97,0
2026-08-18 12:00,712.98,0
2026-08-18 13:00,712.98,0
2026-08-18 14:00,712.98,0
2026-08-18 15:00,712.98,0
2026-08-18 16:00,712.99,0
2026-08-18 17:00,712.99,0
2026-08-18 18:00,712.99,0
2026-08-18 19:00,712.99,0
2026-08-18 20:00,712.99,0
2026-08-18 21:00,712.99,0
2026-08-18 22:00,712.99,0
2026-08-18 23:00,712.99,0
2026-08-19 00:00,712.99,0
2026-08-19 01:00,712.99,0
2026-08-19 02:00,712.99,0
2026-08-19 03:00,712.99,0
2026-08-19 04:00,712.99,0
2026-08-19 05:00,712.99,0
2026-08-19 06:00,712.99,0
2026-08-19 07:00,712.99,0
2026-08-19 08:00,712.99,0
2026-08-19 09:00,712.99,0
2026-08-19 10:00,712.99,0
2026-08-19 11:00,712.99,0
2026-08-19 12:00,712.99,0
2026-08-19 13:00,713.0,0
2026-08-19 14:00,713.01,0
2026-08-19 15:00,713.01,0
2026-08-19 16:00,713.01,0
2026-08-19 17:00,713.01,0
2026-08-19 18:00,713.01,0
2026-08-19 19:00,713.01,0
2026-08-19 20:00,713.01,0
2026-08-19 21:00,713.01,0
2026-08-19 22:00,713.01,0
2026-08-19 23:00,713.01,0
2026-08-20 00:00,713.01,0
2026-08-20 01:00,713.01,0
2026-08-20 02:00,713.01,0
2026-08-20 03:00,713.01,0
2026-08-20 04:00,713.01,0
2026-08-20 05:00,713.01,0
2026-08-20 06:00,713.01,0
2026-08-20 07:00,713.03,0
2026-08-20 08:00,713.03,0
2026-08-20 09:00,713.03,0
2026-08-20 10:00,713.03,0
2026-08-20 11:00,713.03,0
2026-08-20 12:00,713.03,0
2026-08-20 13:00,713.03,0
2026-08-20 14:00,713.03,0
2026-08-20 15:00,713.03,0
2026-08-20 16:00,713.03,0
2026-08-20 17:00,713.03,0
2026-08-20 18:00,713.03,0
2026-08-20 19:00,713.03,0
2026-08-20 20:00,713.03,0
2026-08-20 21:00,713.03,0
2026-08-20 22:00,713.03,0
2026-08-20 23:00,713.03,0
2026-08-21 00:00,713.03,0
2026-08-21 01:00,713.03,0
2026-08-21 02:00,713.03,0
2026-08-21 03:00,713.03,0
2026-08-21 04:00,713.03,0
2026-08-21 05:00,713.03,0
2026-08-21 06:00,713.04,0
2026-08-21 07:00,713.06,0
2026-08-21 08:00,713.08,0
2026-08-21 09:00,713.1,0
2026-08-21 10:00,713.12,0
2026-08-21 11:00,713.12,0
2026-08-21 12:00,713.12,0
2026-08-21 13:00,713.12,0
2026-08-21 14:00,713.12,0
2026-08-21 15:00,713.12,0
2026-08-21 16:00,713.22,0
2026-08-21 17:00,713.22,0
2026-08-21 18:00,713.22,0
2026-08-21 19:00,713.22,0
2026-08-21 20:00,713.22,0
2026-08-21 21:00,713.22,0
2026-08-21 22:00,713.22,0
2026-08-21 23:00,713.22,0
2026-08-22 00:00,713.22,0
2026-08-22 01:00,713.22,0
2026-08-22 02:00,713.22,0
2026-08-22 03:00,713.22,0
2026-08-22 04:00,713.22,0
2026-08-22 05:00,713.24,0
2026-08-22 06:00,713.29,0
2026-08-22 07:00,713.44,0
2026-08-22 08:00,713.69,0
2026-08-22 09:00,713.89,0
2026-08-22 10:00,714.13,0
2026-08-22 11:00,714.41,0
2026-08-22 12:00,714.55,0
2026-08-22 13:00,714.63,0
2026-08-22 14:00,714.77,0
2026-08-22 15:00,715.08,0
2026-08-22 16:00,715.16,0
2026-08-22 17:00,715.35,0
2026-08-22 18:00,715.43,0
2026-08-22 19:00,715.48,0
2026-08-22 20:00,715.48,0
2026-08-22 21:00,715.48,0
2026-08-22 22:00,715.48,0
2026-08-22 23:00,715.48,0
2026-08-23 00:00,715.49,0
2026-08-23 01:00,715.49,0
2026-08-23 02:00,715.49,0
2026-08-23 03:00,715.49,0
2026-08-23 04:00,715.49,0
2026-08-23 05:00,715.49,0
2026-08-23 06:00,715.49,0
2026-08-23 07:00,715.49,0
2026-08-23 08:00,715.49,0
2026-08-23 09:00,715.49,0
2026-08-23 10:00,715.49,0
2026-08-23 11:00,715.49,0
2026-08-23 12:00,715.49,0
2026-08-23 13:00,715.49,0
2026-08-23 14:00,715.49,0
2026-08-23 15:00,715.49,0
2026-08-23 16:00,715.49,0
2026-08-23 17:00,715.49,0
2026-08-23 18:00,715.49,0
2026-08-23 19:00,715.49,0
2026-08-23 20:00,715.49,0
2026-08-23 21:00,715.49,0
2026-08-23 22:00,715.49,0
2026-08-23 23:00,715.49,0
2026-08-24 00:00,715.49,0
2026-08-24 01:00,715.49,0
2026-08-24 02:00,715.49,0
2026-08-24 03:00,715.49,0
2026-08-24 04:00,715.49,0
2026-08-24 05:00,715.49,0
2026-08-24 06:00,715.49,0
2026-08-24 07:00,715.49,0
2026-08-24 08:00,715.49,0
2026-08-24 09:00,715.49,0
2026-08-24 10:00,715.49,0
2026-08-24 11:00,715.49,0
2026-08-24 12:00,715.49,0
2026-08-24 13:00,715.49,0
2026-08-24 14:00,715.49,0
2026-08-24 15:00,715.49,0
2026-08-24 16:00,715.49,0
2026-08-24 17:00,715.49,0
2026-08-24 18:00,715.49,0
2026-08-24 19:00,715.49,0
2026-08-24 20:00,715.49,0
2026-08-24 21:00,715.49,0
2026-08-24 22:00,715.49,0
2026-08-24 23:00,715.49,0
2026-08-25 00:00,715.49,0
2026-08-25 01:00,715.49,0
2026-08-25 02:00,715.49,0
2026-08-25 03:00,715.49,0
2026-08-25 04:00,715.49,0
2026-08-25 05:00,715.49,0
2026-08-25 06:00,715.49,0
2026-08-25 07:00,715.49,0
2026-08-25 08:00,715.49,0
2026-08-25 09:00,715.49,0
2026-08-25 10:00,715.49,0
2026-08-25 11:00,715.49,0
2026-08-25 12:00,715.49,0
2026-08-25 13:00,715.49,0
2026-08-25 14:00,715.5,0
2026-08-25 15:00,715.58,0
2026-08-25 16:00,715.72,0
2026-08-25 17:00,716.02,0
2026-08-25 18:00,716.55,0
2026-08-25 19:00,716.74,0
2026-08-25 20:00,716.82,0
2026-08-25 21:00,717.0,0
2026-08-25 22:00,717.08,0
2026-08-25 23:00,717.12,0
2026-08-26 00:00,717.17,0
2026-08-26 01:00,717.21,0
2026-08-26 02:00,717.24,0
2026-08-26 03:00,717.26,0
2026-08-26 04:00,717.28,0
2026-08-26 05:00,717.28,0
2026-08-26 06:00,717.29,0
2026-08-26 07:00,717.29,0
2026-08-26 08:00,717.29,0
2026-08-26 09:00,717.29,0
2026-08-26 10:00,717.29,0
2026-08-26 11:00,717.29,0
2026-08-26 12:00,717.29,0
2026-08-26 13:00,717.29,0
2026-08-26 14:00,717.29,0
2026-08-26 15:00,717.29,0
2026-08-26 16:00,717.29,0
2026-08-26 17:00,717.29,0
2026-08-26 18:00,717.29,0
2026-08-26 19:00,717.29,0
2026-08-26 20:00,717.29,0
2026-08-26 21:00,717.29,0
2026-08-26 22:00,717.29,0
2026-08-26 23:00,717.29,0
2026-08-27 00:00,717.29,0
2026-08-27 01:00,717.29,0
2026-08-27 02:00,717.29,0
2026-08-27 03:00,717.29,0
2026-08-27 04:00,717.29,0
2026-08-27 05:00,717.29,0
2026-08-27 06:00,717.29,0
2026-08-27 07:00,717.29,0
2026-08-27 08:00,717.29,0
2026-08-27 09:00,717.29,0
2026-08-27 10:00,717.29,0
2026-08-27 11:00,717.29,0
2026-08-27 12:00,717.29,0
2026-08-27 13:00,717.29,0
2026-08-27 14:00,717.29,0
2026-08-27 15:00,717.29,0
2026-08-27 16:00,717.29,0
2026-08-27 17:00,717.29,0
2026-08-27 18:00,717.29,0
2026-08-27 19:00,717.29,0
2026-08-27 20:00,717.29,0
2026-08-27 21:00,717.29,0
2026-08-27 22:00,717.29,0
2026-08-27 23:00,717.29,0
2026-08-28 00:00,717.29,0
2026-08-28 01:00,717.29,0
2026-08-28 02:00,717.29,0
2026-08-28 03:00,717.29,0
2026-08-28 04:00,717.29,0
2026-08-28 05:00,717.29,0
2026-08-28 06:00,717.29,0
2026-08-28 07:00,717.29,0
2026-08-28 08:00,717.29,0
2026-08-28 09:00,717.29,0
2026-08-28 10:00,717.29,0
2026-08-28 11:00,717.29,0
2026-08-28 12:00,717.29,0
2026-08-28 13:00,717.29,0
2026-08-28 14:00,717.29,0
2026-08-28 15:00,717.29,0
2026-08-28 16:00,717.29,0
2026-08-28 17:00,717.29,0
2026-08-28 18:00,717.29,0
2026-08-28 19:00,717.29,0
2026-08-28 20:00,717.29,0
2026-08-28 21:00,717.29,0
2026-08-28 22:00,717.29,0
2026-08-28 23:00,717.29,0
2026-08-29 00:00,717.29,0
2026-08-29 01:00,717.29,0
2026-08-29 02:00,717.29,0
2026-08-29 03:00,717.29,0
2026-08-29 04:00,717.29,0
2026-08-29 05:00,717.29,0
2026-08-29 06:00,717.29,0
2026-08-29 07:00,717.29,0
2026-08-29 08:00,717.29,0
2026-08-29 09:00,717.29,0
2026-08-29 10:00,717.29,0
2026-08-29 11:00,717.29,0
2026-08-29 12:00,717.29,0
2026-08-29 13:00,717.29,0
2026-08-29 14:00,717.29,0
2026-08-29 15:00,717.29,0
2026-08-29 16:00,717.29,0
2026-08-29 17:00,717.29,0
2026-08-29 18:00,717.29,0
2026-08-29 19:00,717.29,0
2026-08-29 20:00,717.29,0
2026-08-29 21:00,717.29,0
2026-08-29 22:00,717.29,0
2026-08-29 23:00,717.29,0
2026-08-30 00:00,717.29,0
2026-08-30 01:00,717.29,0
2026-08-30 02:00,717.29,0
2026-08-30 03:00,717.29,0
2026-08-30 04:00,717.29,0
2026-08-30 05:00,717.29,0
2026-08-30 06:00,717.29,0
2026-08-30 07:00,717.29,0
2026-08-30 08:00,717.29,0
2026-08-30 09:00,717.29,0
2026-08-30 10:00,717.29,0
2026-08-30 11:00,717.29,0
2026-08-30 12:00,717.29,0
2026-08-30 13:00,717.32,0
2026-08-30 14:00,717.41,0
2026-08-30 15:00,717.46,0
2026-08-30 16:00,717.49,0
2026-08-30 17:00,717.58,0
2026-08-30 18:00,717.99,0
2026-08-30 19:00,718.24,0
2026-08-30 20:00,718.41,0
2026-08-30 21:00,718.54,0
2026-08-30 22:00,718.65,0
2026-08-30 23:00,718.7,0
2026-08-31 00:00,718.82,0
2026-08-31 01:00,719.02,0
2026-08-31 02:00,719.1,0
2026-08-31 03:00,719.2,0
2026-08-31 04:00,719.24,0
2026-08-31 05:00,719.27,0
2026-08-31 06:00,719.27,0
2026-08-31 07:00,719.28,0
2026-08-31 08:00,719.28,0
2026-08-31 09:00,719.28,0
2026-08-31 10:00,719.29,0
2026-08-31 11:00,719.34,0
2026-08-31 12:00,719.36,0
2026-08-31 13:00,719.49,0
2026-08-31 14:00,719.61,0
2026-08-31 15:00,719.79,0
2026-08-31 16:00,719.79,0
2026-08-31 17:00,719.79,0
2026-08-31 18:00,719.79,0
2026-08-31 19:00,719.79,0
2026-08-31 20:00,719.79,0
2026-08-31 21:00,719.79,0
2026-08-31 22:00,719.79,0
2026-08-31 23:00,719.79,0
2026-09-01 00:00,719.79,0
2026-09-01 01:00,719.79,0
2026-09-01 02:00,719.79,0
2026-09-01 03:00,719.79,0
2026-09-01 04:00,719.79,0
2026-09-01 05:00,719.79,0
2026-09-01 06:00,719.79,0
2026-09-01 07:00,719.79,0
2026-09-01 08:00,719.79,0
2026-09-01 09:00,719.79,0
2026-09-01 10:00,719.79,0
2026-09-01 11:00,719.79,0
2026-09-01 12:00,719.79,0
2026-09-01 13:00,719.79,0
2026-09-01 14:00,719.79,0
2026-09-01 15:00,719.79,0
2026-09-01 16:00,719.79,0
2026-09-01 17:00,719.79,0
2026-09-01 18:00,719.79,0
2026-09-01 19:00,719.79,0
2026-09-01 20:00,719.79,0
2026-09-01 21:00,719.79,0
2026-09-01 22:00,719.79,0
2026-09-01 23:00,719.79,0
2026-09-02 00:00,719.79,0
2026-09-02 01:00,719.79,0
2026-09-02 02:00,719.79,0
2026-09-02 03:00,719.79,0
2026-09-02 04:00,719.79,0
2026-09-02 05:00,719.79,0
2026-09-02 06:00,719.79,0
2026-09-02 07:00,719.79,0
2026-09-02 08:00,719.79,0
2026-09-02 09:00,719.79,0
2026-09-02 10:00,719.79,0
2026-09-02 11:00,719.79,0
2026-09-02 12:00,719.79,0
2026-09-02 13:00,719.79,0
2026-09-02 14:00,719.79,0
2026-09-02 15:00,719.91,0
2026-09-02 16:00,719.91,0
2026-09-02 17:00,719.91,0
2026-09-02 18:00,719.91,0
2026-09-02 19:00,719.91,0
2026-09-02 20:00,719.91,0
2026-09-02 21:00,719.91,0
2026-09-02 22:00,719.91,0
2026-09-02 23:00,719.91,0
2026-09-03 00:00,719.91,0
2026-09-03 01:00,719.91,0
2026-09-03 02:00,719.91,0
2026-09-03 03:00,719.91,0
2026-09-03 04:00,719.92,0
2026-09-03 05:00,719.92,0
2026-09-03 06:00,719.92,0
2026-09-03 07:00,719.92,0
2026-09-03 08:00,719.92,0
2026-09-03 09:00,719.92,0
2026-09-03 10:00,719.92,0
2026-09-03 11:00,719.92,0
2026-09-03 12:00,719.92,0
2026-09-03 13:00,719.92,0
2026-09-03 14:00,719.92,0
2026-09-03 15:00,719.92,0
2026-09-03 16:00,719.92,0
2026-09-03 17:00,719.92,0
2026-09-03 18:00,719.92,0
2026-09-03 19:00,719.92,0
2026-09-03 20:00,719.92,0
2026-09-03 21:00,719.92,0
2026-09-03 22:00,719.92,0
2026-09-03 23:00,719.92,0
2026-09-04 00:00,719.92,0
2026-09-04 01:00,719.92,0
2026-09-04 02:00,719.92,0
2026-09-04 03:00,719.92,0
2026-09-04 04:00,719.92,0
2026-09-04 05:00,719.92,0
2026-09-04 06:00,719.92,0
2026-09-04 07:00,719.92,0
2026-09-04 08:00,719.92,0
2026-09-04 09:00,719.92,0
2026-09-04 10:00,719.92,0
2026-09-04 11:00,719.92,0
2026-09-04 12:00,719.92,0
2026-09-04 13:00,719.92,0
2026-09-04 14:00,719.92,0
2026-09-04 15:00,719.92,0
2026-09-04 16:00,719.92,0
2026-09-04 17:00,719.92,0
2026-09-04 18:00,719.92,0
2026-09-04 19:00,719.92,0
2026-09-04 20:00,719.92,0
2026-09-04 21:00,719.92,0
2026-09-04 22:00,719.92,0
2026-09-04 23:00,719.92,0
2026-09-05 00:00,719.92,0
2026-09-05 01:00,719.92,0
2026-09-05 02:00,719.92,0
2026-09-05 03:00,719.92,0
2026-09-05 04:00,719.92,0
2026-09-05 05:00,719.92,0
2026-09-05 06:00,719.92,0
2026-09-05 07:00,719.92,0
2026-09-05 08:00,719.92,0
2026-09-05 09:00,719.92,0
2026-09-05 10:00,719.92,0
2026-09-05 11:00,719.92,0
2026-09-05 12:00,719.92,0
2026-09-05 13:00,719.92,0
2026-09-05 14:00,719.92,0
2026-09-05 15:00,719.92,0
2026-09-05 16:00,719.92,0
2026-09-05 17:00,719.92,0
2026-09-05 18:00,719.92,0
2026-09-05 19:00,719.92,0
2026-09-05 20:00,719.92,0
2026-09-05 21:00,719.92,0
2026-09-05 22:00,719.92,0
2026-09-05 23:00,719.92,0
2026-09-06 00:00,719.92,0
2026-09-06 01:00,719.92,0
2026-09-06 02:00,719.92,0
2026-09-06 03:00,719.92,0
2026-09-06 04:00,719.92,0
2026-09-06 05:00,719.92,0
2026-09-06 06:00,719.92,0
2026-09-06 07:00,719.92,0
2026-09-06 08:00,719.92,0
2026-09-06 09:00,719.92,0
2026-09-06 10:00,719.92,0
2026-09-06 11:00,719.92,0
2026-09-06 12:00,719.92,0
2026-09-06 13:00,719.92,0
2026-09-06 14:00,719.92,0
2026-09-06 15:00,719.92,0
2026-09-06 16:00,719.92,0
2026-09-06 17:00,719.92,0
2026-09-06 18:00,719.92,0
2026-09-06 19:00,719.92,0
2026-09-06 20:00,719.92,0
2026-09-06 21:00,719.92,0
2026-09-06 22:00,719.92,0
2026-09-06 23:00,719.92,0
2026-09-07 00:00,719.92,0
2026-09-07 01:00,719.92,0
2026-09-07 02:00,719.92,0
2026-09-07 03:00,719.92,0
2026-09-07 04:00,719.92,0
2026-09-07 05:00,719.92,0
2026-09-07 06:00,719.92,0
2026-09-07 07:00,719.92,0
2026-09-07 08:00,719.92,0
2026-09-07 09:00,719.92,0
2026-09-07 10:00,719.92,0
2026-09-07 11:00,719.92,0
2026-09-07 12:00,719.92,0
2026-09-07 13:00,719.92,0
2026-09-07 14:00,719.92,0
2026-09-07 15:00,719.92,0
2026-09-07 16:00,719.92,0
2026-09-07 17:00,719.92,0
2026-09-07 18:00,719.92,0
2026-09-07 19:00,719.92,0
2026-09-07 20:00,719.92,0
2026-09-07 21:00,719.92,0
2026-09-07 22:00,719.92,0
2026-09-07 23:00,719.92,0
2026-09-08 00:00,719.92,0
2026-09-08 01:00,719.92,0
2026-09-08 02:00,719.92,0
2026-09-08 03:00,719.92,0
2026-09-08 04:00,719.92,0
2026-09-08 05:00,719.92,0
2026-09-08 06:00,719.92,0
2026-09-08 07:00,719.92,0
2026-09-08 08:00,719.92,0
2026-09-08 09:00,719.92,0
2026-09-08 10:00,719.92,0
2026-09-08 11:00,719.92,0
2026-09-08 12:00,719.92,0
2026-09-08 13:00,719.92,0
2026-09-08 14:00,720.05,0
2026-09-08 15:00,720.05,0
2026-09-08 16:00,720.05,0
2026-09-08 17:00,720.05,0
2026-09-08 18:00,720.05,0
2026-09-08 19:00,720.05,0
2026-09-08 20:00,720.05,0
2026-09-08 21:00,720.05,0
2026-09-08 22:00,720.05,0
2026-09-08 23:00,720.05,0
2026-09-09 00:00,720.05,0
2026-09-09 01:00,720.05,0
2026-09-09 02:00,720.05,0
2026-09-09 03:00,720.05,0
2026-09-09 04:00,720.05,0
2026-09-09 05:00,720.05,0
2026-09-09 06:00,720.05,0
2026-09-09 07:00,720.05,0
2026-09-09 08:00,720.05,0
2026-09-09 09:00,720.05,0
2026-09-09 10:00,720.05,0
2026-09-09 11:00,720.05,0
2026-09-09 12:00,720.05,0
2026-09-09 13:00,720.05,0
2026-09-09 14:00,720.05,0
2026-09-09 15:00,720.05,0
2026-09-09 16:00,720.05,0
2026-09-09 17:00,720.05,0
2026-09-09 18:00,720.05,0
2026-09-09 19:00,720.05,0
2026-09-09 20:00,720.05,0
2026-09-09 21:00,720.05,0
2026-09-09 22:00,720.05,0
2026-09-09 23:00,720.05,0
2026-09-10 00:00,720.05,0
2026-09-10 01:00,720.05,0
2026-09-10 02:00,720.05,0
2026-09-10 03:00,720.05,0
2026-09-10 04:00,720.05,0
2026-09-10 05:00,720.05,0
2026-09-10 06:00,720.05,0
2026-09-10 07:00,720.05,0
2026-09-10 08:00,720.05,0
2026-09-10 09:00,720.05,0
2026-09-10 10:00,720.05,0
2026-09-10 11:00,720.05,0
2026-09-10 12:00,720.05,0
2026-09-10 13:00,720.05,0
2026-09-10 14:00,720.05,0
2026-09-10 15:00,720.05,0
2026-09-10 16:00,720.05,0
2026-09-10 17:00,720.05,0
2026-09-10 18:00,720.05,0
2026-09-10 19:00,720.05,0
2026-09-10 20:00,720.05,0
2026-09-10 21:00,720.05,0
2026-09-10 22:00,720.05,0
2026-09-10 23:00,720.05,0
2026-09-11 00:00,720.05,0
2026-09-11 01:00,721.41,0
2026-09-11 02:00,724.98,0
2026-09-11 03:00,724.99,0
2026-09-11 04:00,724.99,0
2026-09-11 05:00,725.0,0
2026-09-11 06:00,725.01,0
2026-09-11 07:00,725.12,0
2026-09-11 08:00,725.12,0
2026-09-11 09:00,725.16,0
2026-09-11 10:00,725.36,0
2026-09-11 11:00,725.92,0
2026-09-11 12:00,726.33,0
2026-09-11 13:00,726.62,0
2026-09-11 14:00,726.81,0
2026-09-11 15:00,726.82,0
2026-09-11 16:00,726.82,0
2026-09-11 17:00,726.82,0
2026-09-11 18:00,726.82,0
2026-09-11 19:00,726.82,0
2026-09-11 20:00,726.91,0
2026-09-11 21:00,726.98,0
2026-09-11 22:00,727.02,0
2026-09-11 23:00,727.04,0
2026-09-12 00:00,727.04,0
2026-09-12 01:00,727.04,0
2026-09-12 02:00,727.05,0
2026-09-12 03:00,727.07,0
2026-09-12 04:00,727.08,0
2026-09-12 05:00,727.11,0
2026-09-12 06:00,727.17,0
2026-09-12 07:00,727.19,0
2026-09-12 08:00,727.19,0
2026-09-12 09:00,727.19,0
2026-09-12 10:00,727.19,0
2026-09-12 11:00,727.22,0
2026-09-12 12:00,727.22,0
2026-09-12 13:00,727.25,0
2026-09-12 14:00,727.33,0
2026-09-12 15:00,727.62,0
2026-09-12 16:00,727.63,0
2026-09-12 17:00,727.9,0
2026-09-12 18:00,727.9,0
2026-09-12 19:00,727.9,0
2026-09-12 20:00,727.9,0
2026-09-12 21:00,727.99,0
2026-09-12 22:00,728.0,0
2026-09-12 23:00,728.0,0
2026-09-13 00:00,728.0,0
2026-09-13 01:00,728.0,0
2026-09-13 02:00,728.0,0
2026-09-13 03:00,728.0,0
2026-09-13 04:00,728.0,0
2026-09-13 05:00,728.0,0
2026-09-13 06:00,728.0,0
2026-09-13 07:00,728.0,0
2026-09-13 08:00,728.0,0
2026-09-13 09:00,728.0,0
2026-09-13 10:00,728.0,0
2026-09-13 11:00,728.0,0
2026-09-13 12:00,728.0,0
2026-09-13 13:00,728.0,0
2026-09-13 14:00,728.0,0
2026-09-13 15:00,728.0,0
2026-09-13 16:00,728.0,0
2026-09-13 17:00,728.0,0
2026-09-13 18:00,728.0,0
2026-09-13 19:00,728.0,0
2026-09-13 20:00,728.0,0
2026-09-13 21:00,728.0,0
2026-09-13 22:00,728.0,0
2026-09-13 23:00,728.0,0
2026-09-14 00:00,728.0,0
2026-09-14 01:00,728.0,0
2026-09-14 02:00,728.0,0
2026-09-14 03:00,728.0,0
2026-09-14 04:00,728.0,0
2026-09-14 05:00,728.0,0
2026-09-14 06:00,728.0,0
2026-09-14 07:00,728.0,0
2026-09-14 08:00,728.0,0
2026-09-14 09:00,728.0,0
2026-09-14 10:00,728.0,0
2026-09-14 11:00,728.0,0
2026-09-14 12:00,728.0,0
2026-09-14 13:00,728.0,0
2026-09-14 14:00,728.0,0
2026-09-14 15:00,728.0,0
2026-09-14 16:00,728.0,0
2026-09-14 17:00,728.0,0
2026-09-14 18:00,728.0,0
2026-09-14 19:00,728.0,0
2026-09-14 20:00,728.0,0
2026-09-14 21:00,728.0,0
2026-09-14 22:00,728.0,0
2026-09-14 23:00,728.0,0
2026-09-15 00:00,728.0,0
2026-09-15 01:00,728.0,0
2026-09-15 02:00,728.0,0
2026-09-15 03:00,728.0,0
2026-09-15 04:00,728.0,0
2026-09-15 05:00,728.0,0
2026-09-15 06:00,728.0,0
2026-09-15 07:00,728.0,0
2026-09-15 08:00,728.0,0
2026-09-15 09:00,728.0,0
2026-09-15 10:00,728.0,0
2026-09-15 11:00,728.0,0
2026-09-15 12:00,728.0,0
2026-09-15 13:00,728.0,0
2026-09-15 14:00,728.02,0
2026-09-15 15:00,728.02,0
2026-09-15 16:00,728.02,0
2026-09-15 17:00,728.02,0
2026-09-15 18:00,728.02,0
2026-09-15 19:00,728.02,0
2026-09-15 20:00,728.02,0
2026-09-15 21:00,728.02,0
2026-09-15 22:00,728.02,0
2026-09-15 23:00,728.02,0
2026-09-16 00:00,728.02,0
2026-09-16 01:00,728.02,0
2026-09-16 02:00,728.02,0
2026-09-16 03:00,728.02,0
2026-09-16 04:00,728.02,0
2026-09-16 05:00,728.02,0
2026-09-16 06:00,728.02,0
2026-09-16 07:00,728.02,0
2026-09-16 08:00,728.02,0
2026-09-16 09:00,728.02,0
2026-09-16 10:00,728.02,0
2026-09-16 11:00,728.02,0
2026-09-16 12:00,728.02,0
2026-09-16 13:00,728.02,0
2026-09-16 14:00,728.02,0
2026-09-16 15:00,728.02,0
2026-09-16 16:00,728.02,0
2026-09-16 17:00,728.02,0
2026-09-16 18:00,728.02,0
2026-09-16 19:00,728.02,0
2026-09-16 20:00,728.02,0
2026-09-16 21:00,728.02,0
2026-09-16 22:00,728.02,0
2026-09-16 23:00,728.02,0
2026-09-17 00:00,728.04,0
2026-09-17 01:00,728.07,0
2026-09-17 02:00,728.11,0
2026-09-17 03:00,728.15,0
2026-09-17 04:00,728.18,0
2026-09-17 05:00,728.2,0
2026-09-17 06:00,728.21,0
2026-09-17 07:00,728.25,0
2026-09-17 08:00,728.25,0
2026-09-17 09:00,728.27,0
2026-09-17 10:00,728.3,0
2026-09-17 11:00,728.35,0
2026-09-17 12:00,728.36,0
2026-09-17 13:00,728.39,0
2026-09-17 14:00,728.4,0
2026-09-17 15:00,728.4,0
2026-09-17 16:00,728.4,0
2026-09-17 17:00,728.4,0
2026-09-17 18:00,728.4,0
2026-09-17 19:00,728.4,0
2026-09-17 20:00,728.4,0
2026-09-17 21:00,728.4,0
2026-09-17 22:00,728.4,0
2026-09-17 23:00,728.4,0
2026-09-18 00:00,728.42,0
2026-09-18 01:00,728.42,0
2026-09-18 02:00,728.42,0
2026-09-18 03:00,728.42,0
2026-09-18 04:00,728.42,0
2026-09-18 05:00,728.51,0
2026-09-18 06:00,728.51,0
2026-09-18 07:00,728.51,0
2026-09-18 08:00,728.51,0
2026-09-18 09:00,728.53,0
2026-09-18 10:00,728.57,0
2026-09-18 11:00,728.74,0
2026-09-18 12:00,729.6,0
2026-09-18 13:00,729.62,0
2026-09-18 14:00,729.67,0
2026-09-18 15:00,729.71,0
2026-09-18 16:00,730.02,0
2026-09-18 17:00,730.08,0
2026-09-18 18:00,730.19,0
2026-09-18 19:00,730.21,0
2026-09-18 20:00,730.21,0
2026-09-18 21:00,730.21,0
2026-09-18 22:00,730.21,0
2026-09-18 23:00,730.21,0
2026-09-19 00:00,730.21,0
2026-09-19 01:00,730.21,0
2026-09-19 02:00,730.21,0
2026-09-19 03:00,730.21,0
2026-09-19 04:00,730.21,0
2026-09-19 05:00,730.21,0
2026-09-19 06:00,730.21,0
2026-09-19 07:00,730.21,0
2026-09-19 08:00,730.21,0
2026-09-19 09:00,730.21,0
2026-09-19 10:00,730.22,0
2026-09-19 11:00,730.22,0
2026-09-19 12:00,730.22,0
2026-09-19 13:00,730.66,0
2026-09-19 14:00,730.67,0
2026-09-19 15:00,730.67,0
2026-09-19 16:00,730.67,0
2026-09-19 17:00,730.67,0
2026-09-19 18:00,730.67,0
2026-09-19 19:00,730.67,0
2026-09-19 20:00,730.84,0
2026-09-19 21:00,731.08,0
2026-09-19 22:00,731.13,0
2026-09-19 23:00,731.13,0
2026-09-20 00:00,731.13,0
2026-09-20 01:00,731.13,0
2026-09-20 02:00,731.13,0
2026-09-20 03:00,731.13,0
2026-09-20 04:00,731.13,0
2026-09-20 05:00,731.13,0
2026-09-20 06:00,731.13,0
2026-09-20 07:00,731.13,0
2026-09-20 08:00,731.13,0
2026-09-20 09:00,731.13,0
2026-09-20 10:00,731.13,0
2026-09-20 11:00,731.15,0
2026-09-20 12:00,731.16,0
2026-09-20 13:00,731.16,0
2026-09-20 14:00,731.16,0
2026-09-20 15:00,731.17,0
2026-09-20 16:00,731.17,0
2026-09-20 17:00,731.17,0
2026-09-20 18:00,731.17,0
2026-09-20 19:00,731.17,0
2026-09-20 20:00,731.17,0
2026-09-20 21:00,731.17,0
2026-09-20 22:00,731.17,0
2026-09-20 23:00,731.17,0
2026-09-21 00:00,731.17,0
2026-09-21 01:00,731.17,0
2026-09-21 02:00,731.17,0
2026-09-21 03:00,731.17,0
2026-09-21 04:00,731.17,0
2026-09-21 05:00,731.17,0
2026-09-21 06:00,731.17,0
2026-09-21 07:00,731.17,0
2026-09-21 08:00,731.17,0
2026-09-21 09:00,731.17,0
2026-09-21 10:00,731.17,0
2026-09-21 11:00,731.17,0
2026-09-21 12:00,731.17,0
2026-09-21 13:00,731.17,0
2026-09-21 14:00,731.17,0
2026-09-21 15:00,731.17,0
2026-09-21 16:00,731.17,0
2026-09-21 17:00,731.17,0
2026-09-21 18:00,731.17,0
2026-09-21 19:00,731.17,0
2026-09-21 20:00,731.17,0
2026-09-21 21:00,731.17,0
2026-09-21 22:00,731.17,0
2026-09-21 23:00,731.17,0
2026-09-22 00:00,731.17,0
2026-09-22 01:00,731.17,0
2026-09-22 02:00,731.17,0
2026-09-22 03:00,731.17,0
2026-09-22 04:00,731.18,0
2026-09-22 05:00,731.18,0
2026-09-22 06:00,731.18,0
2026-09-22 07:00,731.18,0
2026-09-22 08:00,731.18,0
2026-09-22 09:00,731.18,0
2026-09-22 10:00,731.18,0
2026-09-22 11:00,731.18,0
2026-09-22 12:00,731.18,0
2026-09-22 13:00,731.18,0
2026-09-22 14:00,731.18,0
2026-09-22 15:00,731.18,0
2026-09-22 16:00,731.18,0
2026-09-22 17:00,731.18,0
2026-09-22 18:00,731.18,0
2026-09-22 19:00,731.18,0
2026-09-22 20:00,731.18,0
2026-09-22 21:00,731.18,0
2026-09-22 22:00,731.18,0
2026-09-22 23:00,731.18,0
2026-09-23 00:00,731.18,0
2026-09-23 01:00,731.18,0
2026-09-23 02:00,731.18,0
2026-09-23 03:00,731.18,0
2026-09-23 04:00,731.18,0
2026-09-23 05:00,731.18,0
2026-09-23 06:00,731.18,0
2026-09-23 07:00,731.18,0
2026-09-23 08:00,731.18,0
2026-09-23 09:00,731.18,0
2026-09-23 10:00,731.18,0
2026-09-23 11:00,731.18,0
2026-09-23 12:00,731.18,0
2026-09-23 13:00,731.18,0
2026-09-23 14:00,731.18,0
2026-09-23 15:00,731.18,0
2026-09-23 16:00,731.18,0
2026-09-23 17:00,731.18,0
2026-09-23 18:00,731.18,0
2026-09-23 19:00,731.18,0
2026-09-23 20:00,731.18,0
2026-09-23 21:00,731.18,0
2026-09-23 22:00,731.18,0
2026-09-23 23:00,731.18,0
2026-09-24 00:00,731.18,0
2026-09-24 01:00,731.18,0
2026-09-24 02:00,731.18,0
2026-09-24 03:00,731.18,0
2026-09-24 04:00,731.18,0
2026-09-24 05:00,731.18,0
2026-09-24 06:00,731.18,0
2026-09-24 07:00,731.18,0
2026-09-24 08:00,731.18,0
2026-09-24 09:00,731.18,0
2026-09-24 10:00,731.18,0
2026-09-24 11:00,731.18,0
2026-09-24 12:00,731.18,0
2026-09-24 13:00,731.18,0
2026-09-24 14:00,731.18,0
2026-09-24 15:00,731.18,0
2026-09-24 16:00,731.18,0
2026-09-24 17:00,731.18,0
2026-09-24 18:00,731.18,0
2026-09-24 19:00,731.18,0
2026-09-24 20:00,731.18,0
2026-09-24 21:00,731.18,0
2026-09-24 22:00,731.18,0
2026-09-24 23:00,731.18,0
2026-09-25 00:00,731.18,0
2026-09-25 01:00,731.23,0
2026-09-25 02:00,731.45,0
2026-09-25 04:00,733.09,0
2026-09-25 05:00,736.12,0
2026-09-25 06:00,739.1,0
2026-09-25 07:00,742.31,0
2026-09-25 08:00,746.33,0
2026-09-25 09:00,749.18,0
2026-09-25 10:00,750.02,0
2026-09-25 11:00,750.04,0
2026-09-25 12:00,750.04,0
2026-09-25 13:00,750.04,0
2026-09-25 15:00,750.04,0
2026-09-25 16:00,750.04,0
2026-09-25 17:00,750.04,0
2026-09-25 18:00,750.04,0
2026-09-25 19:00,750.04,0
2026-09-25 20:00,750.04,0
2026-09-25 21:00,750.04,0
2026-09-25 22:00,750.04,0
2026-09-25 23:00,750.04,0
2026-09-26 00:00,750.04,0
2026-09-26 02:00,750.04,0
2026-09-26 03:00,750.04,0
2026-09-26 06:00,750.04,0
2026-09-26 07:00,750.04,0
2026-09-26 08:00,750.04,0
2026-09-26 11:00,750.04,0
2026-09-26 14:00,750.04,0
2026-09-26 15:00,750.04,0
2026-09-26 16:00,750.04,0
2026-09-26 17:00,750.04,0
2026-09-26 20:00,750.04,0
2026-09-26 21:00,750.04,0
2026-09-26 22:00,750.04,0
2026-09-26 23:00,750.04,0
2026-09-27 00:00,750.04,0
2026-09-27 10:00,750.04,0
2026-09-27 13:00,750.04,0
2026-09-27 15:00,750.04,0
2026-09-27 18:00,750.04,1
2026-09-28 00:00,750.04,1
